competition_edition,league,player_id,player_name,player_short_name,player_birthdate,minutes,minutes_tip,minutes_otip,performance_count,performance_included_count,performance_failed_count,onballengagement_count_total,onballengagement_count,onballengagement_count_directregain,onballengagement_pct_directregain,onballengagement_count_indirectregain,onballengagement_pct_indirectregain,onballengagement_count_directdisruption,onballengagement_pct_directdisruption,onballengagement_count_indirectdisruption,onballengagement_pct_indirectdisruption,onballengagement_count_abovehsr,onballengagement_count_forcedbackward,onballengagement_pct_forcedbackward,onballengagement_count_beatenbymovement,onballengagement_pct_beatenbymovement,onballengagement_count_beatenbypossession,onballengagement_pct_beatenbypossession,onballengagement_count_pressingchain,onballengagement_count_consecutive,onballengagement_count_forwardtrajectory,onballengagement_count_dangeroussituation,onballengagement_count_dangeroussituation_dangermitigated,onballengagement_pct_dangermitigated,onballengagement_count_linebreakaffected,onballengagement_pct_linebreakaffected
1191,Czech Liga (CZ),574,Alexis Alégué Elandi,A. Alégué,1996-12-23,64.64,15.82,16.81,29,26,3,657.0,25.27,0.46,1.83,2.81,11.11,0.35,1.37,0.96,3.81,5.23,1.69,6.7,0.0,0.0,0.31,1.22,8.19,4.0,7.19,3.77,0.35,1.43,2.54,10.05
1191,Czech Liga (CZ),5690,Kamil Vacek,K. Vacek,1987-05-18,54.51,13.17,16.35,4,3,1,73.0,24.33,0.33,1.37,5.67,23.29,0.33,1.37,1.33,5.48,2.33,1.33,5.48,0.0,0.0,0.33,1.37,5.0,2.67,5.67,10.0,0.67,2.89,2.0,8.22
1191,Czech Liga (CZ),6467,Lukáš Haraslín,L. Haraslín,1996-05-26,72.12,24.46,12.79,27,26,1,479.0,18.42,0.65,3.55,2.88,15.66,0.23,1.25,0.92,5.01,4.23,1.08,5.85,0.04,0.21,0.12,0.63,7.65,2.58,6.23,2.54,0.15,0.91,1.23,6.68
1191,Czech Liga (CZ),6472,Lukáš Mareček,L. Mareček,1990-04-17,79.09,16.13,22.87,16,15,1,446.0,29.73,1.13,3.81,4.93,16.59,0.2,0.67,1.07,3.59,2.73,0.87,2.91,0.2,0.67,1.13,3.81,7.6,3.4,8.33,11.6,1.07,3.98,3.2,10.76
1191,Czech Liga (CZ),7118,Matěj Vydra,M. Vydra,1992-05-01,57.3,14.56,13.49,23,22,1,491.0,22.32,0.5,2.24,3.77,16.9,0.18,0.81,1.18,5.3,4.32,1.59,7.13,0.09,0.41,0.18,0.81,9.59,3.18,6.36,2.0,0.32,2.43,1.36,6.11
1191,Czech Liga (CZ),7534,Mick van Buren,M. van Buren,1992-08-24,70.74,16.93,19.95,23,23,0,872.0,37.91,0.83,2.18,4.48,11.81,0.39,1.03,1.35,3.55,7.04,2.7,7.11,0.04,0.11,0.17,0.46,17.61,6.09,12.96,4.96,0.48,2.22,3.91,10.32
1191,Czech Liga (CZ),8523,Pavel Kadeřábek,P. Kadeřábek,1992-04-25,69.52,21.44,13.1,22,21,1,326.0,15.52,0.38,2.45,3.48,22.39,0.19,1.23,0.43,2.76,2.52,0.86,5.52,0.05,0.31,0.24,1.53,4.67,1.76,4.57,4.43,0.67,4.95,1.05,6.75
1191,Czech Liga (CZ),10603,Václav Pilař,V. Pilař,1988-10-13,54.94,14.09,15.17,24,24,0,498.0,20.75,0.75,3.61,2.88,13.86,0.17,0.8,0.92,4.42,3.33,1.25,6.02,0.08,0.4,0.08,0.4,6.96,1.96,7.17,3.0,0.25,1.29,1.88,9.04
1191,Czech Liga (CZ),10762,Vladimír Darida,V. Darida,1990-08-08,92.69,21.89,26.34,32,32,0,1835.0,57.34,1.97,3.43,8.59,14.99,0.66,1.14,2.03,3.54,7.59,3.84,6.7,0.12,0.22,0.88,1.53,17.16,8.84,17.47,17.66,2.69,5.01,6.03,10.52
1191,Czech Liga (CZ),11273,Tomáš Koubek,T. Koubek,1992-08-26,98.41,21.95,22.89,33,32,1,0.0,0.0,0.0,,0.0,,0.0,,0.0,,0.0,0.0,,0.0,,0.0,,0.0,0.0,0.0,0.0,0.0,,0.0,
1191,Czech Liga (CZ),12651,Michal Sadílek,M. Sadílek,1999-05-31,79.06,19.21,15.77,29,28,1,923.0,32.96,1.18,3.58,5.89,17.88,0.43,1.3,1.07,3.25,6.0,1.71,5.2,0.04,0.11,0.18,0.54,9.14,5.39,9.32,10.11,1.39,6.24,2.04,6.18
1191,Czech Liga (CZ),12704,Giannis-Fivos Botos,G. Botos,2000-12-20,54.99,12.84,13.85,20,20,0,544.0,27.2,0.35,1.29,4.5,16.54,0.15,0.55,1.7,6.25,5.5,1.9,6.99,0.05,0.18,0.3,1.1,8.1,4.45,8.8,5.05,0.25,1.14,1.85,6.8
1191,Czech Liga (CZ),12710,Jan Hanuš,J. Hanuš,1988-04-28,98.66,24.01,24.67,26,23,3,0.0,0.0,0.0,,0.0,,0.0,,0.0,,0.0,0.0,,0.0,,0.0,,0.0,0.0,0.0,0.0,0.0,,0.0,
1191,Czech Liga (CZ),12715,David Lischka,D. Lischka,1997-08-15,93.15,23.35,24.29,22,21,1,340.0,16.19,1.05,6.47,3.0,18.53,0.1,0.59,0.57,3.53,2.33,0.29,1.77,0.67,4.12,0.9,5.59,2.95,1.14,3.48,8.62,1.29,8.41,0.29,1.76
1191,Czech Liga (CZ),12716,Eduard Sobol,E. Sobol,1995-04-20,77.23,17.82,20.65,12,10,2,229.0,22.9,0.4,1.75,2.8,12.23,0.2,0.87,1.3,5.68,3.0,1.3,5.68,0.2,0.87,0.4,1.75,5.6,2.6,9.6,7.1,1.0,5.22,1.1,4.8
1191,Czech Liga (CZ),12719,Tomáš Holeš,T. Holeš,1993-03-31,92.51,23.03,18.02,25,24,1,471.0,19.62,1.33,6.79,4.0,20.38,0.46,2.34,1.04,5.31,2.67,0.96,4.88,0.21,1.06,0.88,4.46,4.0,2.25,4.79,7.08,1.29,7.48,0.71,3.61
1191,Czech Liga (CZ),12723,Lukáš Masopust,L. Masopust,1993-02-12,64.81,15.44,15.92,26,25,1,561.0,22.44,0.72,3.21,4.52,20.14,0.08,0.36,0.76,3.39,4.28,0.8,3.57,0.28,1.25,0.4,1.78,6.6,2.8,6.72,6.12,0.76,4.69,2.08,9.27
1191,Czech Liga (CZ),12724,Michal Trávník,M. Trávník,1994-05-17,90.18,21.3,22.68,26,26,0,970.0,37.31,1.15,3.09,5.54,14.84,0.23,0.62,1.54,4.12,4.54,2.35,6.29,0.38,1.03,0.62,1.65,8.77,5.19,11.08,9.54,1.92,5.84,3.12,8.35
1191,Czech Liga (CZ),12726,Dominik Pleštil,D. Pleštil,1999-08-09,32.33,8.08,7.81,13,13,0,142.0,10.92,0.0,0.0,1.46,13.38,0.08,0.7,0.31,2.82,2.85,1.08,9.86,0.0,0.0,0.15,1.41,3.69,1.31,3.62,1.38,0.15,1.91,0.69,6.34
1191,Czech Liga (CZ),12730,Jan Chramosta,J. Chramosta,1990-10-12,55.66,14.18,13.76,30,27,3,638.0,23.63,0.56,2.35,2.7,11.44,0.15,0.63,0.96,4.08,3.7,1.93,8.15,0.04,0.16,0.26,1.1,10.33,3.19,8.59,2.59,0.22,1.24,2.78,11.76
1191,Czech Liga (CZ),12792,Ondřej Kolář,O. Kolář,1994-10-17,32.88,5.1,10.76,1,1,0,0.0,0.0,0.0,,0.0,,0.0,,0.0,,0.0,0.0,,0.0,,0.0,,0.0,0.0,0.0,0.0,0.0,,0.0,
1191,Czech Liga (CZ),12797,Jan Bořil,J. Bořil,1991-01-11,86.52,21.81,17.49,22,22,0,386.0,17.55,0.5,2.85,3.64,20.73,0.36,2.07,0.91,5.18,1.55,0.41,2.33,0.23,1.29,0.41,2.33,3.64,2.5,6.09,5.91,1.5,11.6,0.73,4.15
1191,Czech Liga (CZ),12804,Michal Frydrych,M. Frydrych,1990-02-27,90.57,24.25,20.72,20,19,1,287.0,15.11,0.63,4.18,3.74,24.74,0.16,1.04,0.79,5.23,1.74,0.11,0.7,0.68,4.53,0.58,3.83,1.95,1.26,3.74,7.89,1.68,11.27,0.16,1.05
1191,Czech Liga (CZ),12806,Jaroslav Zelený,J. Zelený,1992-08-20,78.73,25.04,15.62,25,24,1,301.0,12.54,0.21,1.66,2.0,15.95,0.12,1.0,0.83,6.64,2.29,0.25,1.99,0.17,1.33,0.42,3.32,2.92,1.33,3.62,4.92,0.83,8.41,0.38,2.99
1191,Czech Liga (CZ),12807,Jan Matoušek,J. Matoušek,1998-05-09,60.81,15.22,16.02,15,14,1,374.0,26.71,0.57,2.14,4.0,14.97,0.21,0.8,1.5,5.62,5.79,1.36,5.08,0.14,0.53,0.21,0.8,10.14,4.5,9.36,2.86,0.43,2.65,2.64,9.89
1191,Czech Liga (CZ),12808,Matěj Valenta,M. Valenta,2000-02-09,41.67,11.67,8.01,22,20,2,362.0,18.1,0.6,3.31,3.8,20.99,0.4,2.21,0.75,4.14,3.65,1.2,6.63,0.1,0.55,0.15,0.83,6.3,3.05,5.7,3.15,0.55,4.09,1.05,5.8
1191,Czech Liga (CZ),13222,Lukáš Hejda,L. Hejda,1990-03-09,11.95,3.62,3.1,1,1,0,4.0,4.0,0.0,0.0,0.0,0.0,1.0,25.0,0.0,0.0,1.0,1.0,25.0,0.0,0.0,0.0,0.0,0.0,0.0,1.0,1.0,0.0,0.0,0.0,0.0
1191,Czech Liga (CZ),13228,Michael Krmenčík,M. Krmenčík,1993-03-15,33.78,8.58,7.26,28,28,0,294.0,10.5,0.11,1.02,1.46,13.95,0.0,0.0,0.68,6.46,2.86,0.57,5.44,0.04,0.34,0.0,0.0,4.61,1.86,3.25,1.0,0.04,0.32,0.64,6.12
1191,Czech Liga (CZ),13229,Patrik Hrošovský,P. Hrošovský,1992-04-22,96.26,27.52,21.33,16,16,0,676.0,42.25,1.69,4.0,6.44,15.24,0.25,0.59,1.38,3.25,5.62,2.75,6.51,0.62,1.48,0.56,1.33,14.44,7.31,13.19,10.44,1.88,5.27,3.25,7.69
1191,Czech Liga (CZ),13230,Jan Kovařík,J. Kovařík,1988-06-19,46.15,12.08,10.91,24,23,1,339.0,14.74,0.26,1.77,2.7,18.29,0.17,1.18,0.87,5.9,1.87,0.65,4.43,0.09,0.59,0.3,2.07,4.13,2.0,4.83,3.17,0.43,4.83,1.17,7.97
1191,Czech Liga (CZ),13232,Tomáš Chorý,T. Chorý,1995-01-26,86.07,19.9,17.32,24,24,0,494.0,20.58,0.42,2.02,4.25,20.65,0.12,0.61,1.08,5.26,6.0,0.96,4.66,0.0,0.0,0.17,0.81,7.92,2.17,6.75,1.46,0.08,0.81,1.08,5.26
1191,Czech Liga (CZ),13233,Milan Havel,M. Havel,1994-08-07,65.25,16.28,16.37,26,23,3,498.0,21.65,0.65,3.01,3.65,16.87,0.26,1.21,1.0,4.62,2.83,1.26,5.82,0.3,1.41,0.48,2.21,6.35,3.35,9.17,4.61,0.39,2.32,1.0,4.62
1191,Czech Liga (CZ),13253,Milan Petržela,M. Petržela,1983-06-19,41.76,10.52,9.21,18,18,0,330.0,18.33,0.33,1.82,3.56,19.39,0.11,0.61,0.72,3.94,3.39,0.83,4.55,0.06,0.3,0.28,1.51,5.67,3.39,5.39,2.5,0.11,0.61,1.5,8.18
1191,Czech Liga (CZ),13254,Aleš Čermák,A. Čermák,1994-10-01,92.84,22.31,24.5,29,28,1,1347.0,48.11,1.75,3.64,6.61,13.74,0.18,0.37,2.07,4.31,4.96,3.25,6.76,0.25,0.52,0.32,0.67,15.89,6.96,14.93,9.39,1.25,3.23,5.43,11.29
1191,Czech Liga (CZ),13514,Jan Suchan,J. Suchan,1996-01-18,42.14,10.86,10.54,28,27,1,636.0,23.56,0.37,1.57,2.78,11.79,0.22,0.94,1.15,4.87,4.48,1.19,5.03,0.04,0.16,0.19,0.79,9.11,4.26,7.78,3.26,0.15,1.08,1.63,6.92
1191,Czech Liga (CZ),13530,Igoh Ogbu,I. Ogbu,2000-02-08,64.89,17.52,12.41,17,16,1,242.0,15.12,0.81,5.37,3.0,19.83,0.25,1.65,0.62,4.13,2.62,0.94,6.2,0.12,0.83,0.19,1.24,3.0,2.12,3.5,5.31,1.0,8.31,0.31,2.07
1191,Czech Liga (CZ),13541,Alexander Munksgaard Nielsen,A. Munksgaard,1997-12-13,74.31,21.95,17.43,12,12,0,283.0,23.58,0.83,3.53,5.0,21.2,0.25,1.06,0.83,3.53,3.0,0.5,2.12,0.25,1.06,0.33,1.41,5.0,3.42,7.33,6.25,1.42,8.53,0.92,3.89
1191,Czech Liga (CZ),13615,Jakub Jugas,J. Jugas,1992-05-05,94.28,17.57,27.35,8,7,1,133.0,19.0,0.57,3.01,3.0,15.79,0.14,0.75,1.29,6.77,2.71,0.14,0.75,0.86,4.51,1.0,5.26,2.43,2.43,5.71,11.0,2.29,13.01,0.29,1.5
1191,Czech Liga (CZ),13620,Lukas Cerv,L. Cerv,2001-04-10,90.82,24.33,19.65,32,30,2,996.0,33.2,1.33,4.02,5.4,16.27,0.63,1.91,1.1,3.31,4.1,2.03,6.12,0.4,1.2,0.63,1.91,9.2,5.1,8.67,9.27,1.5,5.23,2.33,7.03
1191,Czech Liga (CZ),13685,Vakhtang Chanturishvili,V. Tchanturishvili,1993-08-05,95.03,23.57,24.12,32,29,3,943.0,32.52,1.38,4.24,5.07,15.59,0.45,1.38,2.03,6.26,4.21,1.79,5.51,0.55,1.7,0.93,2.86,6.59,5.1,10.97,11.1,1.79,6.33,2.24,6.89
1191,Czech Liga (CZ),13799,Vlasiy Sinyavskiy,V. Sinyavskiy,1996-11-27,84.62,20.75,20.28,27,27,0,650.0,24.07,1.22,5.08,4.52,18.77,0.33,1.39,1.0,4.15,3.3,0.78,3.23,0.33,1.38,0.78,3.23,5.37,3.07,7.26,7.63,0.96,4.32,0.93,3.85
1191,Czech Liga (CZ),14050,Ladislav Krejčí,L. Krejčí,1992-07-05,47.91,10.39,13.24,15,14,1,370.0,26.43,0.21,0.81,3.71,14.05,0.14,0.54,2.07,7.84,6.14,0.86,3.24,0.07,0.27,0.36,1.35,9.29,5.07,8.0,3.5,0.5,2.68,2.07,7.84
1191,Czech Liga (CZ),14326,Ondřej Mihálik,O. Mihálik,1997-04-02,53.65,11.99,15.51,24,24,0,680.0,28.33,0.29,1.03,3.5,12.35,0.0,0.0,0.92,3.23,7.42,1.92,6.76,0.04,0.15,0.29,1.03,13.29,4.25,10.04,2.5,0.17,1.84,3.5,12.35
1191,Czech Liga (CZ),14532,Elias Cobbaut,E. Cobbaut,1997-11-24,99.0,25.99,20.98,1,1,0,10.0,10.0,0.0,0.0,2.0,20.0,0.0,0.0,0.0,0.0,0.0,0.0,0.0,0.0,0.0,1.0,10.0,2.0,1.0,3.0,5.0,0.0,0.0,1.0,10.0
1191,Czech Liga (CZ),14810,Filip Novák,F. Novák,1990-06-26,92.46,22.7,23.28,27,26,1,368.0,14.15,0.65,4.62,2.81,19.84,0.31,2.17,0.54,3.8,1.46,0.65,4.62,0.54,3.8,0.5,3.53,2.0,1.42,4.0,7.54,1.54,12.77,0.31,2.17
1191,Czech Liga (CZ),16461,Magnus Kofod Andersen,M. Kofod Andersen,1999-05-10,65.19,24.59,9.02,4,4,0,74.0,18.5,0.5,2.7,4.0,21.62,0.0,0.0,0.75,4.05,2.25,1.75,9.46,0.25,1.35,0.25,1.35,5.5,2.75,5.5,5.0,1.0,6.83,1.75,9.46
1191,Czech Liga (CZ),16476,Peter Vindahl Jensen,P. Vindahl,1998-02-16,94.96,31.47,16.99,22,22,0,0.0,0.0,0.0,,0.0,,0.0,,0.0,,0.0,0.0,,0.0,,0.0,,0.0,0.0,0.0,0.0,0.0,,0.0,
1191,Czech Liga (CZ),16677,Michal Reichl,M. Reichl,1992-09-14,95.0,23.01,24.18,23,23,0,0.0,0.0,0.0,,0.0,,0.0,,0.0,,0.0,0.0,,0.0,,0.0,,0.0,0.0,0.0,0.0,0.0,,0.0,
1191,Czech Liga (CZ),16678,Václav Jemelka,V. Jemelka,1995-06-23,93.29,24.26,20.65,21,20,1,394.0,19.7,0.55,2.79,4.15,21.07,0.25,1.27,0.8,4.06,3.05,0.65,3.3,0.8,4.06,0.5,2.54,4.45,1.8,5.15,8.45,1.3,6.87,0.55,2.79
1191,Czech Liga (CZ),16680,Michal Surzyn,M. Surzyn,1997-09-10,66.92,14.33,16.08,8,8,0,147.0,18.38,0.62,3.4,2.88,15.64,0.38,2.04,1.25,6.8,3.25,1.25,6.8,0.62,3.4,0.5,2.72,3.5,1.88,6.88,4.75,0.38,2.1,1.12,6.12
1191,Czech Liga (CZ),16683,Jiří Sláma,J. Sláma,1999-01-08,86.92,20.24,20.9,20,19,1,434.0,22.84,1.16,5.07,3.84,16.82,0.32,1.38,1.16,5.07,3.26,0.89,3.92,0.47,2.07,0.32,1.38,4.42,3.37,5.42,8.26,1.89,9.35,0.74,3.23
1191,Czech Liga (CZ),16690,Ondřej Zmrzlý,O. Zmrzlý,1999-04-22,51.56,12.69,9.85,11,11,0,150.0,13.64,1.18,8.67,2.91,21.33,0.36,2.67,0.36,2.67,2.09,0.36,2.67,0.09,0.67,0.36,2.67,3.18,2.0,4.27,3.55,0.45,3.47,0.55,4.0
1191,Czech Liga (CZ),16691,Jiří Spáčil,J. Spáčil,1999-02-11,53.69,11.77,13.26,8,8,0,155.0,19.38,0.62,3.23,3.12,16.13,0.25,1.29,1.0,5.16,3.62,0.62,3.23,0.12,0.65,0.38,1.94,4.5,3.75,4.12,7.12,0.75,4.53,1.38,7.1
1191,Czech Liga (CZ),16692,Tomáš Zlatohlávek,T. Zlatohlávek,2000-05-22,51.38,11.87,13.64,26,25,1,691.0,27.64,0.36,1.3,3.76,13.6,0.2,0.72,0.8,2.89,4.64,1.48,5.36,0.16,0.58,0.12,0.43,12.76,4.2,9.28,2.12,0.32,2.92,2.68,9.7
1191,Czech Liga (CZ),16694,Juraj Chvátal,J. Chvátal,1996-07-13,62.42,13.43,18.12,7,7,0,143.0,20.43,0.71,3.5,3.0,14.68,0.57,2.8,1.86,9.09,2.71,1.71,8.39,0.43,2.1,1.0,4.9,4.86,2.0,6.71,7.0,0.86,5.56,1.57,7.69
1191,Czech Liga (CZ),16699,Aleš Mandous,A. Mandous,1992-04-21,98.14,26.0,21.78,13,12,1,0.0,0.0,0.0,,0.0,,0.0,,0.0,,0.0,0.0,,0.0,,0.0,,0.0,0.0,0.0,0.0,0.0,,0.0,
1191,Czech Liga (CZ),16707,Matěj Pulkrab,M. Pulkrab,1997-05-23,52.34,10.49,14.38,25,24,1,541.0,22.54,0.25,1.11,2.71,12.02,0.08,0.37,1.04,4.62,3.29,1.58,7.02,0.0,0.0,0.12,0.55,9.29,2.92,6.71,1.96,0.29,3.28,1.54,6.84
1191,Czech Liga (CZ),16717,Srdjan Plavšić,S. Plavšić,1995-12-03,59.9,15.25,14.86,15,15,0,361.0,24.07,0.4,1.66,3.2,13.3,0.27,1.11,1.07,4.43,4.6,1.87,7.76,0.13,0.55,0.33,1.38,8.4,4.27,8.0,3.67,0.47,2.77,2.13,8.87
1191,Czech Liga (CZ),16726,Václav Drchal,V. Drchal,1999-07-25,63.43,14.45,16.48,29,29,0,745.0,25.69,0.69,2.68,4.34,16.91,0.28,1.07,1.07,4.16,6.1,1.14,4.43,0.03,0.13,0.17,0.67,10.0,4.03,8.34,2.72,0.28,2.24,2.59,10.07
1191,Czech Liga (CZ),16835,Jakub Kadák,J. Kadák,2000-12-14,61.55,14.55,15.62,15,15,0,521.0,34.73,0.6,1.73,5.27,15.16,0.4,1.15,1.33,3.84,6.93,2.53,7.3,0.07,0.19,0.27,0.77,11.13,6.73,10.87,6.27,0.8,2.98,2.87,8.25
1191,Czech Liga (CZ),16841,Marián Pišoja,M. Pišoja,2000-06-16,78.34,14.76,22.68,28,27,1,1003.0,37.15,0.52,1.4,5.19,13.96,0.44,1.2,1.89,5.08,5.89,1.67,4.49,0.37,1.0,0.59,1.6,10.89,6.48,9.7,10.0,1.59,6.75,3.7,9.97
1191,Czech Liga (CZ),16842,Lukáš Letenay,L. Letenay,2001-04-19,27.66,6.14,6.06,28,27,1,322.0,11.93,0.26,2.17,1.63,13.66,0.0,0.0,0.41,3.42,2.59,0.52,4.35,0.07,0.62,0.0,0.0,5.37,1.81,4.59,1.26,0.07,1.44,0.85,7.14
1191,Czech Liga (CZ),16850,Milan Rundić,M. Rundić,1992-03-29,75.54,19.21,18.9,21,21,0,254.0,12.1,0.43,3.54,3.0,24.8,0.1,0.79,0.33,2.76,1.62,0.14,1.18,0.43,3.54,0.57,4.72,1.48,1.24,2.1,7.19,0.9,9.05,0.14,1.18
1191,Czech Liga (CZ),16901,Klemen Mihelak,K. Mihelak,2001-12-31,88.7,21.59,24.63,10,9,1,0.0,0.0,0.0,,0.0,,0.0,,0.0,,0.0,0.0,,0.0,,0.0,,0.0,0.0,0.0,0.0,0.0,,0.0,
1191,Czech Liga (CZ),17203,Svetozar Marković,S. Marković,2000-03-23,70.31,16.57,14.35,11,10,1,135.0,13.5,0.5,3.7,3.0,22.22,0.4,2.96,0.5,3.7,2.3,0.5,3.7,0.4,2.96,0.3,2.22,2.9,1.3,2.6,5.5,1.1,8.55,0.1,0.74
1191,Czech Liga (CZ),17205,Zlatan Šehović,Z. Šehović,2000-08-08,67.96,14.02,18.07,26,26,0,613.0,23.58,1.04,4.4,3.85,16.31,0.31,1.3,1.19,5.06,3.08,1.31,5.55,0.15,0.65,0.15,0.65,5.88,3.35,8.69,6.62,1.15,5.28,1.27,5.38
1191,Czech Liga (CZ),17296,Tomáš Huk,T. Huk,1994-12-22,73.93,17.39,15.93,17,16,1,208.0,13.0,0.19,1.44,2.88,22.11,0.19,1.44,0.38,2.88,1.06,0.5,3.85,0.56,4.33,0.56,4.33,1.88,1.0,3.25,5.94,1.06,8.67,0.19,1.44
1191,Czech Liga (CZ),17300,Ladislav Almási,L. Almási,1999-03-06,41.47,11.59,8.58,12,11,1,111.0,10.09,0.18,1.8,1.73,17.12,0.0,0.0,0.82,8.11,2.18,0.55,5.41,0.09,0.9,0.0,0.0,3.36,0.64,2.55,0.91,0.0,0.0,1.18,11.71
1191,Czech Liga (CZ),17312,Martin Jedlička,M. Jedlička,1998-01-24,96.01,23.53,21.96,31,29,2,0.0,0.0,0.0,,0.0,,0.0,,0.0,,0.0,0.0,,0.0,,0.0,,0.0,0.0,0.0,0.0,0.0,,0.0,
1191,Czech Liga (CZ),17354,Nemanja Tekijaški,N. Tekijaški,1997-03-02,98.84,24.24,25.14,33,30,3,477.0,15.9,1.13,7.13,3.03,19.08,0.1,0.63,0.9,5.66,2.2,0.43,2.73,0.77,4.82,0.37,2.31,2.97,1.47,3.87,8.67,2.27,15.86,0.33,2.1
1191,Czech Liga (CZ),18370,Christ Joël Tiéhi,C. Tiéhi,1998-06-16,64.91,19.15,15.69,5,5,0,130.0,26.0,1.8,6.92,5.4,20.77,0.2,0.77,0.6,2.31,3.4,1.0,3.85,0.8,3.08,0.2,0.77,7.0,2.2,7.4,5.8,1.0,3.15,1.2,4.62
1191,Czech Liga (CZ),19066,Jan Kliment,J. Kliment,1993-09-01,53.7,13.62,11.7,12,11,1,228.0,20.73,0.45,2.19,3.91,18.86,0.0,0.0,1.0,4.82,5.91,0.91,4.39,0.09,0.44,0.0,0.0,8.73,3.18,6.09,1.55,0.18,1.13,1.45,7.02
1191,Czech Liga (CZ),19339,Asger Sørensen,A. Sørensen,1996-06-05,93.15,30.08,17.05,23,22,1,293.0,13.32,0.68,5.12,2.82,21.16,0.18,1.36,0.77,5.8,2.05,0.45,3.41,0.41,3.07,0.68,5.12,1.86,1.41,3.0,7.41,1.86,15.75,0.09,0.68
1191,Czech Liga (CZ),19399,Vasil Kušej,V. Kušej,2000-05-24,59.67,15.75,11.51,29,28,1,670.0,23.93,0.61,2.54,4.86,20.3,0.29,1.19,0.96,4.03,5.54,1.32,5.52,0.07,0.3,0.29,1.19,7.68,3.96,7.18,3.07,0.14,0.81,0.82,3.43
1191,Czech Liga (CZ),22888,Marko Kvasina,M. Kvasina,1996-12-20,53.35,12.8,12.04,14,14,0,206.0,14.71,0.14,0.97,3.29,22.33,0.07,0.49,1.0,6.8,3.14,0.43,2.91,0.07,0.49,0.14,0.97,4.79,1.57,3.07,1.0,0.07,2.43,0.71,4.85
1191,Czech Liga (CZ),23188,Abdulla Yusuf Helal,Abdulla Yusuf Helal,1993-06-12,74.5,17.82,19.16,26,26,0,733.0,28.19,0.31,1.09,5.31,18.83,0.04,0.14,1.69,6.0,6.04,1.73,6.14,0.04,0.14,0.04,0.14,12.96,3.77,8.31,1.88,0.15,0.87,2.73,9.69
1191,Czech Liga (CZ),23831,Jakub Markovič,J. Markovič,2001-07-13,97.49,23.03,19.44,16,15,1,0.0,0.0,0.0,,0.0,,0.0,,0.0,,0.0,0.0,,0.0,,0.0,,0.0,0.0,0.0,0.0,0.0,,0.0,
1191,Czech Liga (CZ),23832,Lukáš Provod,L. Provod,1996-10-23,91.38,22.61,17.77,30,29,1,930.0,32.07,1.0,3.12,6.0,18.71,0.21,0.64,1.79,5.59,5.86,1.72,5.38,0.07,0.21,0.24,0.75,10.9,5.07,9.76,5.24,0.28,1.12,1.93,6.02
1191,Czech Liga (CZ),24323,Ladislav Takács,L. Takács,1996-07-15,41.99,9.19,12.86,8,8,0,59.0,7.38,0.0,0.0,2.0,27.12,0.12,1.69,0.38,5.08,0.75,0.25,3.39,0.88,11.86,0.12,1.69,0.88,0.25,0.88,5.12,1.0,15.25,0.0,0.0
1191,Czech Liga (CZ),24401,Tihomir Kostadinov,T. Kostadinov,1996-03-04,59.57,14.63,14.4,23,23,0,731.0,31.78,0.83,2.6,5.61,17.65,0.09,0.27,1.04,3.28,3.57,1.7,5.34,0.09,0.27,0.39,1.23,9.65,5.22,9.52,7.39,0.87,3.43,3.13,9.85
1191,Czech Liga (CZ),24415,Dominik Holec,D. Holec,1994-07-28,98.81,26.66,23.52,15,14,1,0.0,0.0,0.0,,0.0,,0.0,,0.0,,0.0,0.0,,0.0,,0.0,,0.0,0.0,0.0,0.0,0.0,,0.0,
1191,Czech Liga (CZ),24975,Andy Irving,A. Irving,2000-05-13,57.24,18.68,11.97,14,13,1,349.0,26.85,0.85,3.15,4.23,15.76,0.23,0.86,0.69,2.58,3.69,1.38,5.16,0.0,0.0,0.54,2.0,7.69,4.0,7.62,7.08,0.92,3.79,1.85,6.88
1191,Czech Liga (CZ),25111,Tomáš Petrášek,T. Petrášek,1992-03-02,95.95,21.63,28.42,22,22,0,319.0,14.5,0.68,4.7,3.59,24.77,0.14,0.94,0.59,4.07,2.18,0.18,1.25,0.64,4.39,0.64,4.39,2.14,0.95,3.41,9.68,1.27,8.77,0.18,1.25
1191,Czech Liga (CZ),26100,Victor Oluyemi Olatunji,V. Olatunji,1999-09-05,14.68,4.63,1.02,1,1,0,2.0,2.0,0.0,0.0,0.0,0.0,0.0,0.0,0.0,0.0,2.0,0.0,0.0,0.0,0.0,0.0,0.0,2.0,0.0,0.0,0.0,0.0,,1.0,50.0
1191,Czech Liga (CZ),26482,Alan Nicolás Marinelli,A. Marinelli,1999-04-07,40.94,10.37,10.22,22,22,0,469.0,21.32,0.27,1.28,2.27,10.66,0.18,0.85,1.41,6.61,3.86,1.68,7.89,0.09,0.43,0.27,1.28,8.32,4.32,6.86,2.64,0.23,2.02,2.32,10.87
1191,Czech Liga (CZ),27005,Daiki Hashioka,D. Hashioka,1999-05-17,25.8,6.98,4.64,8,8,0,60.0,7.5,0.25,3.33,1.62,21.67,0.12,1.67,0.0,0.0,1.38,0.12,1.67,0.12,1.67,0.12,1.67,1.88,1.62,2.25,2.38,0.5,7.63,0.38,5.0
1191,Czech Liga (CZ),27757,Muhammed Cham Saracevic,M. Cham,2000-09-26,40.1,10.91,7.42,16,15,1,286.0,19.07,0.73,3.85,3.6,18.88,0.13,0.7,0.73,3.85,3.6,1.07,5.59,0.0,0.0,0.07,0.35,6.33,3.8,5.0,2.8,0.33,2.14,0.87,4.55
1191,Czech Liga (CZ),29635,Tomáš Pekhart,T. Pekhart,1989-05-26,40.83,8.18,11.79,11,11,0,236.0,21.45,0.45,2.12,2.09,9.74,0.18,0.85,1.45,6.78,5.27,1.0,4.66,0.0,0.0,0.18,0.85,9.27,2.45,7.45,2.36,0.27,1.98,1.82,8.47
1191,Czech Liga (CZ),29769,Louis Lurvink,L. Lurvink,2002-01-24,94.05,21.19,24.28,26,24,2,408.0,17.0,0.75,4.41,4.25,25.0,0.17,0.98,1.0,5.88,3.46,0.33,1.96,1.08,6.37,0.54,3.19,2.04,1.67,3.75,9.83,2.29,14.72,0.5,2.94
1191,Czech Liga (CZ),30083,Georgios Kornezos,G. Kornezos,1998-02-23,58.0,16.87,14.0,3,3,0,45.0,15.0,0.33,2.22,3.0,20.0,0.33,2.22,0.67,4.45,3.0,0.0,0.0,0.0,0.0,0.33,2.22,5.0,2.0,3.67,6.33,1.0,6.7,0.33,2.22
1191,Czech Liga (CZ),30524,Roman Macek,R. Macek,1997-04-18,83.54,22.65,19.35,29,29,0,1034.0,35.66,1.41,3.97,5.79,16.25,0.34,0.97,1.38,3.87,3.24,2.0,5.61,0.31,0.87,0.52,1.45,7.24,5.9,8.34,12.66,1.59,5.04,1.97,5.51
1191,Czech Liga (CZ),31029,Martin Koscelník,M. Koscelník,1995-03-02,49.77,11.53,12.83,19,19,0,271.0,14.26,0.79,5.53,2.42,16.97,0.21,1.48,0.74,5.17,1.53,0.37,2.58,0.32,2.21,0.37,2.58,2.89,1.47,4.32,4.16,0.74,5.84,0.37,2.58
1191,Czech Liga (CZ),31030,Ivan Schranz,I. Schranz,1993-09-13,43.32,10.03,8.44,17,17,0,238.0,14.0,0.59,4.2,2.76,19.75,0.12,0.84,0.59,4.2,3.65,0.82,5.88,0.06,0.42,0.18,1.26,4.18,2.35,3.53,2.65,0.71,6.29,0.76,5.46
1191,Czech Liga (CZ),31105,Jakub Pešek,J. Pešek,1993-06-24,42.26,7.71,10.53,11,10,1,238.0,23.8,0.5,2.1,3.4,14.29,0.2,0.84,0.3,1.26,2.8,1.9,7.98,0.2,0.84,0.1,0.42,8.5,4.9,7.8,5.5,0.4,1.77,1.9,7.98
1191,Czech Liga (CZ),31107,Marek Havlík,M. Havlík,1995-07-08,83.6,20.99,20.2,34,34,0,1197.0,35.21,0.68,1.92,5.59,15.87,0.32,0.92,2.03,5.76,4.29,3.03,8.6,0.15,0.42,0.44,1.25,12.26,5.09,11.29,6.06,0.68,2.41,3.09,8.77
1191,Czech Liga (CZ),31110,Ondřej Karafiát,O. Karafiát,1994-12-01,87.95,26.11,21.41,15,15,0,289.0,19.27,0.87,4.5,3.8,19.72,0.33,1.73,0.8,4.15,3.13,1.0,5.19,0.73,3.81,0.67,3.46,3.67,2.27,4.8,8.8,1.8,10.25,0.93,4.84
1191,Czech Liga (CZ),31111,Šimon Gabriel,Š. Gabriel,2001-05-28,97.98,23.17,22.39,12,12,0,134.0,11.17,0.67,5.97,2.33,20.9,0.42,3.73,0.58,5.22,1.92,0.08,0.75,0.75,6.72,0.58,5.22,0.92,0.67,1.33,7.42,1.83,18.17,0.17,1.49
1191,Czech Liga (CZ),31113,Radim Breite,R. Breite,1989-08-10,77.53,16.71,20.66,14,13,1,463.0,35.62,0.77,2.16,5.92,16.63,0.62,1.73,1.38,3.89,3.92,1.54,4.32,0.08,0.22,0.54,1.51,11.54,5.31,11.92,9.69,1.31,5.13,3.15,8.85
1191,Czech Liga (CZ),31115,Daniel Holzer,D. Holzer,1995-08-18,67.97,17.67,17.51,23,23,0,629.0,27.35,0.87,3.18,4.91,17.97,0.26,0.95,1.57,5.72,3.57,1.35,4.93,0.3,1.11,0.57,2.07,7.96,4.43,8.57,6.57,1.0,4.85,2.22,8.11
1191,Czech Liga (CZ),31116,Tomáš Solil,T. Solil,2000-02-01,54.6,12.12,14.0,12,12,0,285.0,23.75,0.83,3.51,3.5,14.74,0.08,0.35,1.25,5.26,3.42,1.08,4.56,0.08,0.35,0.5,2.11,6.83,3.33,7.75,6.75,0.75,3.61,1.5,6.32
1191,Czech Liga (CZ),31117,Jáchym Šíp,J. Šíp,2003-01-22,47.81,10.82,11.41,26,23,3,515.0,22.39,0.39,1.75,4.09,18.25,0.22,0.97,1.13,5.05,3.83,1.13,5.05,0.09,0.39,0.22,0.97,5.43,3.26,7.96,4.26,0.3,1.95,1.7,7.57
1191,Czech Liga (CZ),31118,Antonín Růsek,A. Růsek,1999-03-22,44.27,10.43,10.78,27,24,3,434.0,18.08,0.38,2.07,2.67,14.75,0.08,0.46,0.88,4.84,2.42,0.88,4.84,0.08,0.46,0.12,0.69,6.42,2.88,5.67,2.79,0.46,3.85,1.0,5.53
1191,Czech Liga (CZ),31459,Patrick Kpozo,P. Kpozo,1997-07-15,84.03,24.7,17.81,5,5,0,92.0,18.4,0.8,4.35,4.4,23.92,0.2,1.09,0.8,4.35,2.8,1.8,9.78,0.2,1.09,0.2,1.09,5.0,2.2,6.8,3.2,0.6,5.12,1.0,5.44
1191,Czech Liga (CZ),31982,Nassim Innocenti,N. Innocenti,2002-02-19,27.47,5.86,7.65,15,14,1,105.0,7.5,0.14,1.9,1.43,19.05,0.21,2.86,0.64,8.57,1.36,0.29,3.81,0.5,6.67,0.29,3.81,1.07,0.43,1.71,3.5,0.79,13.0,0.21,2.86
1191,Czech Liga (CZ),32418,Ángelo Smit Preciado Quiñónez,Á. Preciado,1998-02-18,75.94,24.88,13.03,14,14,0,223.0,15.93,1.07,6.73,3.21,20.18,0.21,1.35,0.71,4.48,3.64,0.5,3.14,0.21,1.34,0.29,1.79,3.93,1.64,4.57,3.64,0.93,6.95,1.0,6.28
1191,Czech Liga (CZ),32549,Matěj Polidar,M. Polidar,1999-12-20,58.13,15.79,13.57,17,14,3,259.0,18.5,0.36,1.93,2.71,14.67,0.21,1.16,1.36,7.34,1.57,0.93,5.02,0.29,1.54,0.36,1.93,4.5,2.29,5.93,4.86,0.5,3.45,1.21,6.56
1191,Czech Liga (CZ),32551,Vojtěch Patrák,V. Patrák,2000-03-18,77.08,17.07,20.17,26,25,1,984.0,39.36,0.68,1.73,5.32,13.52,0.12,0.31,2.48,6.3,9.56,2.56,6.5,0.08,0.2,0.16,0.41,17.16,6.48,13.52,4.48,0.24,1.04,4.16,10.57
1191,Czech Liga (CZ),32571,Milan Heča,M. Heča,1991-03-21,97.81,23.96,24.42,25,25,0,0.0,0.0,0.0,,0.0,,0.0,,0.0,,0.0,0.0,,0.0,,0.0,,0.0,0.0,0.0,0.0,0.0,,0.0,
1191,Czech Liga (CZ),32572,Dominik Plechatý,D. Plechatý,1999-04-18,82.36,17.31,19.71,13,13,0,172.0,13.23,0.38,2.91,3.23,24.42,0.15,1.16,0.46,3.49,2.54,0.31,2.33,0.31,2.33,0.46,3.49,2.77,1.62,1.46,7.46,1.08,9.19,0.15,1.16
1191,Czech Liga (CZ),32575,Robert Hrubý,R. Hrubý,1994-04-27,20.71,4.28,4.66,19,19,0,213.0,11.21,0.21,1.88,2.16,19.25,0.11,0.94,0.79,7.04,2.32,0.32,2.82,0.0,0.0,0.11,0.94,3.68,2.58,2.95,2.32,0.11,2.53,1.05,9.39
1191,Czech Liga (CZ),32577,Tomáš Ladra,T. Ladra,1997-04-24,68.59,18.99,14.47,32,30,2,811.0,27.03,1.03,3.82,4.57,16.89,0.1,0.37,1.13,4.19,3.8,1.4,5.18,0.13,0.49,0.3,1.11,10.3,4.4,7.23,4.03,0.4,2.1,2.03,7.52
1191,Czech Liga (CZ),32578,David Štěpánek,D. Štěpánek,1997-03-30,15.4,2.99,3.75,8,7,1,29.0,4.14,0.0,0.0,0.86,20.69,0.0,0.0,0.29,6.9,0.43,0.0,0.0,0.0,0.0,0.14,3.45,0.0,0.43,1.0,1.71,0.14,2.78,0.14,3.45
1191,Czech Liga (CZ),32580,Jakub Martinec,J. Martinec,1998-03-13,67.44,18.42,13.87,23,22,1,232.0,10.55,0.36,3.45,1.91,18.1,0.23,2.16,0.55,5.17,2.14,0.18,1.72,0.5,4.74,0.59,5.6,1.77,0.68,1.95,5.36,1.09,12.35,0.05,0.43
1191,Czech Liga (CZ),32583,Jan Fortelný,J. Fortelný,1999-01-19,38.01,7.61,10.66,12,11,1,284.0,25.82,1.18,4.58,3.73,14.43,0.27,1.05,1.45,5.63,3.91,1.45,5.63,0.09,0.35,0.45,1.76,7.18,4.73,5.73,5.64,0.64,2.3,2.36,9.15
1191,Czech Liga (CZ),32585,Stanislav Dostál,S. Dostál,1991-06-20,97.71,18.65,26.69,30,30,0,0.0,0.0,0.0,,0.0,,0.0,,0.0,,0.0,0.0,,0.0,,0.0,,0.0,0.0,0.0,0.0,0.0,,0.0,
1191,Czech Liga (CZ),32588,Lamin Jawo,L. Jawo,1995-03-15,71.97,18.13,18.23,32,28,4,1034.0,36.93,0.57,1.55,4.86,13.15,0.14,0.39,1.54,4.16,7.57,2.14,5.8,0.07,0.19,0.11,0.29,15.71,4.96,9.89,3.25,0.25,0.81,3.25,8.8
1191,Czech Liga (CZ),32591,Tomáš Poznar,T. Poznar,1988-09-27,47.82,9.65,12.95,32,31,1,751.0,24.23,0.39,1.6,2.42,9.99,0.1,0.4,0.97,3.99,3.74,1.65,6.79,0.0,0.0,0.0,0.0,13.1,2.97,6.87,1.23,0.1,1.04,2.45,10.12
1191,Czech Liga (CZ),32594,Martin Cedidla,M. Cedidla,2001-11-22,91.85,22.75,22.85,32,28,4,676.0,24.14,1.04,4.29,4.46,18.49,0.43,1.77,1.29,5.33,2.61,1.61,6.66,0.46,1.92,0.64,2.66,4.21,2.5,6.64,10.11,1.68,8.12,1.07,4.44
1191,Czech Liga (CZ),32608,Lukáš  Hůlka,L. Hůlka,1995-03-31,97.99,23.23,25.34,31,30,1,605.0,20.17,0.83,4.13,3.93,19.5,0.37,1.82,0.6,2.98,1.8,0.8,3.97,0.63,3.14,0.77,3.8,3.23,2.77,4.73,10.77,2.43,13.36,1.1,5.45
1191,Czech Liga (CZ),32633,Jakub Fulnek,J. Fulnek,1994-04-26,36.56,8.99,10.62,6,6,0,75.0,12.5,0.17,1.33,2.17,17.33,0.17,1.33,0.5,4.0,1.67,0.83,6.67,0.33,2.67,0.5,4.0,2.83,1.67,4.83,3.33,0.5,6.25,0.33,2.67
1191,Czech Liga (CZ),32637,Jan Stejskal,J. Stejskal,1997-02-14,96.43,22.14,27.39,2,2,0,0.0,0.0,0.0,,0.0,,0.0,,0.0,,0.0,0.0,,0.0,,0.0,,0.0,0.0,0.0,0.0,0.0,,0.0,
1191,Czech Liga (CZ),32644,David Pech,D. Pech,2002-02-22,65.98,18.22,14.22,17,17,0,477.0,28.06,0.94,3.35,4.12,14.67,0.06,0.21,1.06,3.77,4.0,0.65,2.31,0.29,1.05,0.71,2.52,3.71,6.12,5.29,11.94,1.71,6.71,2.53,9.02
1191,Czech Liga (CZ),32645,Ewerton Paixão Da Silva,Ewerton,1996-12-28,76.82,26.48,13.87,1,1,0,23.0,23.0,2.0,8.7,6.0,26.09,0.0,0.0,1.0,4.35,5.0,1.0,4.35,0.0,0.0,1.0,4.35,2.0,3.0,8.0,3.0,0.0,0.0,0.0,0.0
1191,Czech Liga (CZ),32647,Dominik Hašek,D. Hašek,1998-07-19,71.58,15.78,19.0,19,19,0,314.0,16.53,0.63,3.82,3.16,19.11,0.26,1.59,1.16,7.01,2.21,0.47,2.87,0.42,2.55,0.63,3.82,2.42,1.84,3.95,8.42,1.68,11.67,0.68,4.14
1191,Czech Liga (CZ),32648,Jiří Klíma,J. Klíma,1997-01-05,37.45,10.53,8.96,20,20,0,274.0,13.7,0.25,1.82,1.85,13.5,0.05,0.37,0.9,6.57,3.8,0.8,5.84,0.0,0.0,0.15,1.1,5.7,1.75,3.4,0.75,0.15,3.11,0.55,4.02
1191,Czech Liga (CZ),32649,Antonín Křapka,A. Křapka,1994-01-22,75.39,14.5,20.22,29,28,1,450.0,16.07,0.68,4.22,3.0,18.67,0.32,2.0,0.89,5.55,2.39,0.29,1.78,0.79,4.89,0.5,3.11,2.07,1.54,2.96,9.07,1.71,11.37,0.5,3.11
1191,Czech Liga (CZ),32651,Jan Kuchta,J. Kuchta,1997-01-08,62.53,20.24,11.86,30,29,1,797.0,27.48,0.17,0.63,4.38,15.93,0.1,0.38,1.38,5.02,8.97,1.97,7.15,0.0,0.0,0.24,0.88,15.34,6.72,9.97,2.07,0.21,1.1,1.97,7.15
1191,Czech Liga (CZ),32652,Matěj Chaluš,M. Chaluš,1998-02-02,93.78,23.95,22.7,25,25,0,383.0,15.32,0.88,5.74,3.08,20.1,0.24,1.57,1.12,7.31,3.24,0.24,1.57,0.48,3.13,0.84,5.48,2.36,1.56,2.76,8.04,1.68,12.4,0.08,0.52
1191,Czech Liga (CZ),32653,Matěj Hybš,M. Hybš,1993-01-03,81.24,22.33,19.79,21,21,0,432.0,20.57,0.57,2.78,4.33,21.06,0.43,2.08,1.33,6.48,2.14,0.48,2.32,0.24,1.16,0.86,4.17,3.52,2.95,4.14,8.62,1.14,6.45,0.67,3.24
1191,Czech Liga (CZ),32655,Jan Mikula,J. Mikula,1992-01-05,81.46,17.46,19.99,17,16,1,301.0,18.81,0.94,4.98,3.31,17.61,0.38,1.99,0.94,4.98,2.69,0.44,2.33,0.5,2.66,0.56,2.99,4.56,2.12,4.31,8.06,1.62,9.47,0.56,2.99
1191,Czech Liga (CZ),32656,Michal Beran,M. Beran,2000-08-22,92.1,21.18,23.03,32,29,3,1389.0,47.9,2.0,4.18,7.76,16.2,0.59,1.22,1.83,3.82,3.21,2.83,5.9,0.24,0.5,0.79,1.66,10.86,8.72,12.55,14.83,2.21,5.1,3.97,8.28
1191,Czech Liga (CZ),32657,Milan Knobloch,M. Knobloch,1992-08-23,96.08,20.71,24.06,3,2,1,0.0,0.0,0.0,,0.0,,0.0,,0.0,,0.0,0.0,,0.0,,0.0,,0.0,0.0,0.0,0.0,0.0,,0.0,
1191,Czech Liga (CZ),32659,Michal Fukala,M. Fukala,2000-10-22,92.46,17.99,25.12,25,25,0,696.0,27.84,1.36,4.88,4.96,17.82,0.56,2.01,1.76,6.32,3.72,1.12,4.02,0.76,2.73,0.76,2.73,5.6,3.6,8.6,10.84,2.04,8.37,1.28,4.6
1191,Czech Liga (CZ),32660,Lukáš Bartošák,L. Bartošák,1990-07-03,67.47,12.92,17.81,22,22,0,614.0,27.91,0.59,2.12,3.18,11.4,0.45,1.63,1.36,4.89,3.45,1.36,4.89,0.36,1.3,0.36,1.3,7.32,4.73,8.73,8.14,0.91,3.04,2.27,8.14
1191,Czech Liga (CZ),32672,Jan Řezníček,J. Řezníček,1992-11-22,74.87,18.11,17.94,10,10,0,358.0,35.8,1.3,3.63,6.8,18.99,0.3,0.84,1.0,2.79,3.4,1.7,4.75,0.3,0.84,0.3,0.84,6.7,7.9,9.4,13.4,1.6,5.0,1.8,5.03
1191,Czech Liga (CZ),32682,Jindřich Staněk,J. Staněk,1996-04-27,99.14,25.25,19.25,19,19,0,0.0,0.0,0.0,,0.0,,0.0,,0.0,,0.0,0.0,,0.0,,0.0,,0.0,0.0,0.0,0.0,0.0,,0.0,
1191,Czech Liga (CZ),32685,Daniel Horák,D. Horák,2000-05-10,90.88,21.34,25.51,33,33,0,872.0,26.42,0.73,2.75,4.18,15.83,0.45,1.72,1.39,5.28,2.76,1.12,4.24,0.21,0.8,0.73,2.75,6.3,3.18,9.97,8.52,1.18,5.22,2.45,9.29
1191,Czech Liga (CZ),32687,Michal Černák,M. Černák,2003-09-01,52.14,11.37,14.51,16,16,0,486.0,30.38,0.5,1.65,4.31,14.2,0.25,0.82,1.94,6.38,4.75,2.44,8.02,0.12,0.41,0.25,0.82,8.44,5.25,10.31,6.19,0.75,3.78,2.69,8.85
1191,Czech Liga (CZ),32690,Lukáš Sadílek,L. Sadílek,1996-05-23,44.22,15.06,6.26,8,8,0,142.0,17.75,0.88,4.93,3.25,18.31,0.12,0.7,0.5,2.82,3.12,1.0,5.63,0.0,0.0,0.38,2.11,7.25,4.12,4.75,4.0,0.75,4.08,1.75,9.86
1191,Czech Liga (CZ),32691,Jan Navrátil,J. Navrátil,1990-04-13,50.33,10.45,14.0,13,12,1,336.0,28.0,1.0,3.57,3.0,10.72,0.42,1.49,1.5,5.36,5.92,2.0,7.14,0.17,0.6,0.42,1.49,9.75,5.33,8.5,5.08,0.42,1.51,3.08,11.01
1191,Czech Liga (CZ),32695,Jan Kalabiška,J. Kalabiška,1986-12-22,41.73,8.75,10.95,22,21,1,356.0,16.95,0.48,2.81,2.19,12.92,0.48,2.81,0.86,5.06,1.48,1.0,5.9,0.14,0.84,0.29,1.69,5.19,2.62,5.86,4.14,0.71,6.63,1.43,8.43
1191,Czech Liga (CZ),32697,Vlastimil Daníček,V. Daníček,1991-07-15,81.36,18.94,21.24,23,23,0,628.0,27.3,1.0,3.66,5.13,18.79,0.26,0.95,1.61,5.89,5.17,0.96,3.5,0.43,1.59,0.65,2.39,6.39,4.65,6.91,10.17,2.3,11.43,1.78,6.53
1191,Czech Liga (CZ),32700,Petr Reinberk,P. Reinberk,1989-05-23,58.96,14.18,14.66,20,20,0,394.0,19.7,0.55,2.79,3.0,15.23,0.15,0.76,1.2,6.09,2.65,1.3,6.6,0.45,2.28,0.95,4.82,4.6,2.75,5.75,6.5,0.75,3.9,1.35,6.85
1191,Czech Liga (CZ),32701,Václav Jurečka,V. Jurečka,1994-06-26,85.39,20.4,21.31,16,16,0,573.0,35.81,0.31,0.87,4.75,13.26,0.0,0.0,1.38,3.84,7.06,1.69,4.71,0.0,0.0,0.06,0.17,17.31,4.38,11.81,2.12,0.06,1.1,2.88,8.03
1191,Czech Liga (CZ),32702,Daniel Mareček,D. Mareček,1998-05-30,64.86,14.46,18.11,32,31,1,1091.0,35.19,0.81,2.29,5.52,15.67,0.45,1.28,1.26,3.57,5.52,2.0,5.68,0.06,0.18,0.26,0.73,11.45,6.1,9.16,6.84,1.0,4.13,3.77,10.72
1191,Czech Liga (CZ),32703,Michal Kohút,M. Kohút,2000-06-04,72.44,18.46,17.55,13,13,0,465.0,35.77,1.46,4.09,5.69,15.91,0.46,1.29,1.54,4.3,5.08,2.23,6.24,0.08,0.22,0.46,1.29,11.08,5.54,11.69,6.54,0.62,2.01,3.31,9.25
1191,Czech Liga (CZ),32708,Samson Tijani,S. Tijani,2002-05-17,70.91,15.23,19.38,25,25,0,791.0,31.64,1.68,5.31,4.4,13.91,0.36,1.14,1.32,4.17,4.2,2.0,6.32,0.16,0.51,0.52,1.64,7.96,4.92,7.76,11.32,1.88,6.48,2.84,8.97
1191,Czech Liga (CZ),33623,Matouš Trmal,M. Trmal,1998-10-02,98.09,20.46,27.15,33,31,2,0.0,0.0,0.0,,0.0,,0.0,,0.0,,0.0,0.0,,0.0,,0.0,,0.0,0.0,0.0,0.0,0.0,,0.0,
1191,Czech Liga (CZ),34071,David Zima,D. Zima,2000-11-08,86.24,20.1,17.3,24,24,0,339.0,14.12,0.67,4.72,3.0,21.24,0.0,0.0,0.5,3.54,1.62,0.46,3.24,0.33,2.36,0.42,2.95,3.75,1.42,3.54,5.12,0.92,7.27,0.58,4.13
1191,Czech Liga (CZ),34072,Oscar Murphy Dorley,O. Dorley,1998-07-19,66.89,16.51,13.13,22,22,0,511.0,23.23,1.09,4.7,4.14,17.81,0.23,0.98,1.05,4.5,3.77,0.91,3.91,0.18,0.78,0.45,1.96,5.45,3.73,5.95,8.5,0.95,4.79,1.36,5.87
1191,Czech Liga (CZ),34106,Jakub Křišťan,J. Křišťan,2002-07-05,59.03,16.46,12.33,21,18,3,296.0,16.44,0.39,2.37,3.5,21.28,0.06,0.34,0.5,3.04,1.17,0.67,4.05,0.22,1.35,0.17,1.01,3.72,2.0,4.28,6.33,1.0,6.92,0.33,2.03
1191,Czech Liga (CZ),34107,Tomáš Rigo,T. Rigo,2002-07-03,60.15,18.66,13.24,4,4,0,81.0,20.25,0.25,1.24,2.25,11.11,0.25,1.23,0.75,3.7,2.75,0.5,2.47,0.25,1.23,0.25,1.23,6.5,3.75,5.0,3.5,0.5,4.65,1.75,8.64
1191,Czech Liga (CZ),34109,Denis Visinsky,D. Visinsky,2003-03-21,68.86,19.23,15.06,27,26,1,775.0,29.81,0.81,2.71,4.62,15.48,0.35,1.16,1.5,5.03,5.58,2.0,6.71,0.27,0.9,0.42,1.42,10.62,4.88,10.73,5.35,0.5,2.46,2.12,7.1
1191,Czech Liga (CZ),34135,Marios Pourzitidis,M. Pourzitidis,1999-05-08,86.78,18.27,23.75,26,26,0,558.0,21.46,1.19,5.56,4.27,19.89,0.31,1.43,1.46,6.81,3.58,0.69,3.23,0.73,3.41,1.12,5.2,3.54,2.27,4.96,10.46,1.81,9.39,0.81,3.76
1191,Czech Liga (CZ),34626,Jonathan Mulder,J. Mulder,2002-01-02,68.95,17.3,16.1,16,16,0,286.0,17.88,0.81,4.55,3.31,18.53,0.44,2.45,1.06,5.94,2.75,0.06,0.35,0.38,2.1,0.56,3.15,2.06,2.19,3.62,8.25,2.44,15.9,0.44,2.45
1191,Czech Liga (CZ),35675,Pablo Antonio Ortíz Cabezas,P. Ortíz,2000-06-08,71.96,21.21,15.98,1,1,0,8.0,8.0,1.0,12.5,2.0,25.0,0.0,0.0,0.0,0.0,1.0,0.0,0.0,0.0,0.0,0.0,0.0,0.0,2.0,1.0,4.0,1.0,12.5,0.0,0.0
1191,Czech Liga (CZ),37021,Milan Ristovski,M. Ristovski,1998-04-08,59.14,13.76,15.23,31,30,1,860.0,28.67,0.5,1.74,4.37,15.23,0.03,0.12,1.27,4.42,4.1,1.83,6.39,0.03,0.12,0.4,1.39,10.63,3.7,9.93,3.7,0.27,1.6,2.43,8.49
1191,Czech Liga (CZ),37086,Cheick Oumar Souaré,C. Souaré,2002-09-03,70.46,18.78,14.79,29,27,2,565.0,20.93,0.7,3.36,3.67,17.52,0.11,0.53,1.19,5.66,2.89,1.33,6.37,0.07,0.35,0.07,0.35,7.0,2.81,7.07,2.85,0.11,1.02,1.52,7.26
1191,Czech Liga (CZ),37275,Dominik Janošek,D. Janošek,1998-06-13,45.58,11.61,9.76,20,17,3,308.0,18.12,0.65,3.57,2.76,15.26,0.12,0.65,0.94,5.19,1.47,1.06,5.85,0.06,0.32,0.24,1.3,7.0,3.12,5.18,3.0,0.47,3.63,1.47,8.12
1191,Czech Liga (CZ),37277,Jan Král,J. Král,1999-04-05,85.99,19.47,21.77,23,21,2,321.0,15.29,0.76,4.99,3.0,19.63,0.29,1.87,0.86,5.61,2.86,0.52,3.43,1.14,7.48,0.43,2.8,2.57,1.38,3.05,9.0,2.19,15.48,0.38,2.49
1191,Czech Liga (CZ),37278,Daniel Souček,D. Souček,1998-07-18,56.22,13.35,16.02,27,24,3,477.0,19.88,0.71,3.56,3.0,15.09,0.21,1.05,0.75,3.77,2.62,0.96,4.82,0.46,2.31,0.88,4.4,4.58,2.92,5.96,8.29,1.42,8.11,1.58,7.97
1191,Czech Liga (CZ),37284,Michal Hlavatý,M. Hlavatý,1998-06-17,79.54,18.93,18.83,29,28,1,1190.0,42.5,1.11,2.6,7.04,16.56,0.21,0.5,1.25,2.94,5.86,2.32,5.46,0.04,0.08,0.89,2.1,13.93,8.07,11.64,11.71,1.61,4.97,3.75,8.82
1191,Czech Liga (CZ),37401,Jakub Kolář,J. Kolář,2000-01-16,77.03,14.65,21.69,23,23,0,305.0,13.26,0.57,4.26,2.3,17.38,0.09,0.66,0.78,5.9,2.22,0.13,0.98,0.7,5.25,0.35,2.62,1.78,1.48,3.3,8.0,1.7,13.42,0.26,1.97
1191,Czech Liga (CZ),37414,Hugo Jan Bačkovský,H. Bačkovský,1999-10-10,97.8,21.62,25.65,13,13,0,0.0,0.0,0.0,,0.0,,0.0,,0.0,,0.0,0.0,,0.0,,0.0,,0.0,0.0,0.0,0.0,0.0,,0.0,
1191,Czech Liga (CZ),37416,David Puškáč,D. Puškáč,1993-05-14,32.43,7.46,8.34,34,30,4,423.0,14.1,0.2,1.42,1.83,13.0,0.03,0.24,0.33,2.36,2.77,0.8,5.67,0.0,0.0,0.13,0.95,6.13,1.87,3.67,1.37,0.13,2.89,1.33,9.46
1191,Czech Liga (CZ),37423,Joss Didiba Moudoumbou,J. Didiba,1997-11-07,75.81,14.77,20.81,32,31,1,897.0,28.94,0.74,2.56,4.94,17.06,0.26,0.89,1.19,4.12,2.74,1.39,4.79,0.32,1.12,0.26,0.89,7.23,4.65,7.61,9.06,1.1,5.33,2.39,8.25
1191,Czech Liga (CZ),37430,Dalibor Večerka,D. Večerka,2003-03-12,90.21,18.77,25.78,29,27,2,489.0,18.11,0.56,3.07,3.93,21.68,0.26,1.43,0.93,5.11,2.26,0.48,2.66,0.85,4.7,0.67,3.68,3.52,1.7,4.56,8.93,1.59,9.57,0.59,3.27
1191,Czech Liga (CZ),37432,David Douděra,D. Douděra,1998-05-31,73.7,18.9,15.1,22,22,0,430.0,19.55,0.77,3.95,3.95,20.23,0.27,1.4,1.05,5.35,2.86,0.95,4.88,0.23,1.16,0.23,1.16,5.05,2.32,7.45,5.68,0.91,6.8,0.77,3.95
1191,Czech Liga (CZ),37434,David Šimek,D. Šimek,1998-02-15,59.12,15.68,14.39,6,6,0,58.0,9.67,1.17,12.07,2.5,25.86,0.17,1.72,0.17,1.73,1.33,0.0,0.0,0.17,1.73,0.67,6.9,1.0,0.83,2.33,6.33,1.67,18.95,0.17,1.73
1191,Czech Liga (CZ),37435,Lukáš Mašek,L. Mašek,2004-05-08,59.58,13.96,13.89,33,32,1,846.0,26.44,0.38,1.42,3.78,14.3,0.06,0.24,1.16,4.37,5.75,1.91,7.21,0.03,0.12,0.03,0.12,11.94,3.62,10.12,2.44,0.31,2.17,2.31,8.75
1191,Czech Liga (CZ),37437,Pavel Šulc,P. Šulc,2000-12-29,85.33,23.21,19.75,2,2,0,61.0,30.5,1.0,3.28,4.5,14.75,0.5,1.64,0.5,1.64,3.0,3.5,11.48,0.0,0.0,0.0,0.0,10.0,3.5,11.5,5.0,1.5,5.31,2.5,8.2
1191,Czech Liga (CZ),37440,Josef Koželuh,J. Koželuh,2002-02-15,65.88,14.37,15.21,17,17,0,287.0,16.88,0.41,2.44,2.53,14.98,0.65,3.83,0.71,4.18,2.88,0.65,3.83,0.12,0.7,0.41,2.44,3.18,2.47,5.0,6.0,1.12,7.33,0.53,3.14
1191,Czech Liga (CZ),37448,Dominik Kostka,D. Kostka,1996-05-04,80.06,21.92,19.3,31,31,0,779.0,25.13,1.06,4.24,3.87,15.4,0.35,1.41,1.32,5.26,4.87,1.03,4.11,0.23,0.9,0.52,2.05,6.52,3.77,7.35,7.97,0.9,4.34,1.39,5.52
1191,Czech Liga (CZ),37456,Samuel Šimek,S. Šimek,2002-04-12,71.94,15.84,19.6,25,25,0,929.0,37.16,1.68,4.52,5.8,15.61,0.28,0.75,1.32,3.55,5.48,1.32,3.55,0.32,0.86,0.44,1.18,10.16,7.16,9.56,11.04,1.44,4.74,2.64,7.1
1191,Czech Liga (CZ),37474,Filip Zorvan,F. Zorvan,1996-04-07,65.07,16.03,16.64,27,24,3,1079.0,44.96,0.67,1.48,6.42,14.27,0.38,0.83,1.75,3.89,5.0,3.75,8.34,0.12,0.28,0.21,0.46,16.17,10.0,13.67,8.67,1.42,3.4,4.92,10.94
1191,Czech Liga (CZ),37483,Rajmund  Mikuš,R. Mikuš,1995-11-29,52.21,11.88,12.76,9,9,0,221.0,24.56,0.56,2.26,3.44,14.03,0.11,0.45,2.0,8.14,3.33,1.56,6.34,0.11,0.45,0.22,0.9,6.67,4.11,8.33,3.33,0.22,1.35,2.11,8.6
1191,Czech Liga (CZ),37484,Vojtěch Smrž,V. Smrž,1997-01-20,58.7,13.77,15.61,19,18,1,523.0,29.06,1.44,4.97,4.17,14.34,0.28,0.96,1.5,5.16,3.39,1.61,5.54,0.28,0.96,0.28,0.96,7.72,5.0,7.78,7.83,1.22,4.92,2.83,9.75
1191,Czech Liga (CZ),37492,Lukáš Čmelík,L. Čmelík,1996-04-13,28.68,5.42,5.61,2,2,0,14.0,7.0,1.0,14.29,1.0,14.29,0.0,0.0,0.5,7.14,1.5,0.0,0.0,0.5,7.14,0.5,7.14,1.0,1.5,1.5,2.0,0.5,12.5,1.0,14.28
1191,Czech Liga (CZ),37497,Jan Vondra,J. Vondra,1995-09-13,97.84,23.13,25.05,20,19,1,296.0,15.58,0.79,5.07,3.37,21.62,0.47,3.04,0.53,3.38,1.63,0.37,2.37,0.79,5.07,0.79,5.07,1.89,1.26,3.05,9.84,2.26,15.49,0.16,1.01
1191,Czech Liga (CZ),37501,Filip Kubala,F. Kubala,1999-09-02,27.52,8.36,4.84,1,1,0,8.0,8.0,0.0,0.0,2.0,25.0,0.0,0.0,0.0,0.0,0.0,0.0,0.0,0.0,0.0,0.0,0.0,3.0,1.0,4.0,0.0,0.0,,1.0,12.5
1191,Czech Liga (CZ),37504,Mojmír Chytil,M. Chytil,1999-04-29,55.76,14.34,11.35,29,28,1,417.0,14.89,0.29,1.92,2.89,19.42,0.14,0.96,0.96,6.47,3.36,1.04,6.95,0.0,0.0,0.07,0.48,5.71,1.96,5.86,2.25,0.21,3.04,1.21,8.15
1191,Czech Liga (CZ),37515,Jiří Floder,J. Floder,1997-01-03,97.25,26.75,23.7,25,25,0,0.0,0.0,0.0,,0.0,,0.0,,0.0,,0.0,0.0,,0.0,,0.0,,0.0,0.0,0.0,0.0,0.0,,0.0,
1191,Czech Liga (CZ),37524,Martin Králik,M. Králik,1995-04-03,94.84,26.25,22.46,33,33,0,480.0,14.55,0.67,4.58,3.36,23.13,0.15,1.04,0.97,6.67,3.03,0.24,1.67,0.82,5.62,0.45,3.12,1.94,0.97,2.45,9.45,1.91,13.86,0.18,1.25
1191,Czech Liga (CZ),37526,Vojtěch Vorel,V. Vorel,1996-06-18,94.65,31.7,25.25,2,2,0,0.0,0.0,0.0,,0.0,,0.0,,0.0,,0.0,0.0,,0.0,,0.0,,0.0,0.0,0.0,0.0,0.0,,0.0,
1191,Czech Liga (CZ),37535,Filip Čihák,F. Čihák,1999-07-10,89.21,19.71,26.01,25,25,0,518.0,20.72,1.08,5.21,4.0,19.31,0.32,1.54,1.08,5.21,2.92,0.56,2.7,1.12,5.41,0.76,3.67,3.08,2.4,4.32,11.56,2.48,12.48,0.76,3.67
1191,Czech Liga (CZ),37540,Vladimír Neuman,V. Neuman,2000-02-10,96.79,26.73,20.46,8,5,3,0.0,0.0,0.0,,0.0,,0.0,,0.0,,0.0,0.0,,0.0,,0.0,,0.0,0.0,0.0,0.0,0.0,,0.0,
1191,Czech Liga (CZ),37545,Samuel Dancák,S. Dancák,1998-03-06,78.23,18.85,21.76,29,29,0,1153.0,39.76,1.21,3.03,6.07,15.26,0.41,1.04,1.41,3.55,4.79,3.14,7.89,0.48,1.21,0.86,2.17,11.52,6.14,10.55,12.66,1.45,3.78,4.76,11.97
1191,Czech Liga (CZ),37562,Daniel Langhamer,D. Langhamer,2003-03-20,49.59,14.48,11.27,28,28,0,724.0,25.86,0.5,1.93,3.57,13.81,0.14,0.55,1.18,4.56,4.57,1.71,6.63,0.07,0.28,0.11,0.41,9.04,4.14,6.82,3.93,0.43,1.33,2.32,8.98
1191,Czech Liga (CZ),37564,Daniel Trubač,D. Trubač,1997-07-17,68.61,15.04,19.21,31,29,2,1063.0,36.66,1.07,2.92,5.21,14.21,0.21,0.56,1.83,4.99,5.59,2.07,5.65,0.07,0.19,0.31,0.85,11.66,6.21,10.9,6.69,0.69,2.36,4.03,11.01
1191,Czech Liga (CZ),37568,Robert Jukl,R. Jukl,1998-10-28,58.62,12.26,15.45,22,20,2,517.0,25.85,0.8,3.09,4.65,17.99,0.3,1.16,0.9,3.48,3.75,0.8,3.09,0.2,0.77,0.5,1.93,4.8,4.25,6.05,8.6,1.25,7.05,2.0,7.74
1191,Czech Liga (CZ),37572,Matěj Radosta,M. Radosta,2001-05-10,85.97,18.01,24.14,31,30,1,948.0,31.6,0.97,3.06,4.3,13.61,0.3,0.95,1.8,5.7,4.97,1.6,5.06,0.37,1.16,0.43,1.37,9.07,4.27,11.43,6.77,1.1,4.28,2.7,8.54
1191,Czech Liga (CZ),37574,Gigli Ndefe,Gigli Ndefe,1994-03-02,84.53,20.31,21.75,33,33,0,766.0,23.21,0.64,2.74,3.97,17.1,0.27,1.18,1.42,6.14,4.03,1.15,4.96,0.42,1.83,0.64,2.74,4.73,2.79,6.27,8.55,1.61,8.73,0.94,4.05
1191,Czech Liga (CZ),37578,Tadeáš Stoppen,T. Stoppen,2003-12-30,95.73,23.27,24.7,2,2,0,0.0,0.0,0.0,,0.0,,0.0,,0.0,,0.0,0.0,,0.0,,0.0,,0.0,0.0,0.0,0.0,0.0,,0.0,
1191,Czech Liga (CZ),37595,Štěpán Harazim,Š. Harazim,2000-07-13,73.65,14.47,22.24,7,7,0,162.0,23.14,1.14,4.94,3.86,16.67,0.14,0.62,2.43,10.49,3.43,1.71,7.41,1.14,4.94,0.86,3.7,5.0,3.57,7.71,12.86,1.43,6.23,1.86,8.03
1191,Czech Liga (CZ),37603,Matyáš Kozák,M. Kozák,2001-05-04,50.1,11.48,13.81,24,23,1,592.0,25.74,0.35,1.35,4.17,16.22,0.13,0.51,1.13,4.39,4.65,1.43,5.57,0.04,0.17,0.13,0.51,9.74,3.48,6.3,2.91,0.3,1.61,2.65,10.3
1191,Czech Liga (CZ),37610,Daniel Tetour,D. Tetour,1994-07-17,72.55,19.52,16.9,18,18,0,649.0,36.06,1.0,2.77,6.17,17.1,0.17,0.46,1.28,3.54,4.72,1.33,3.7,0.61,1.69,0.67,1.85,11.22,5.78,8.89,9.06,1.89,6.5,2.39,6.63
1191,Czech Liga (CZ),37612,Jiří Fleišman,J. Fleišman,1984-10-02,76.82,20.64,17.55,30,27,3,615.0,22.78,1.04,4.55,4.07,17.89,0.37,1.63,1.19,5.2,3.7,0.93,4.06,0.37,1.63,0.81,3.58,5.0,3.7,5.96,9.52,1.78,8.38,0.93,4.06
1191,Czech Liga (CZ),37613,Jaroslav Svozil,J. Svozil,1993-09-09,88.96,18.81,24.16,22,22,0,311.0,14.14,0.55,3.86,3.18,22.51,0.27,1.93,0.55,3.86,1.86,0.18,1.29,0.73,5.14,0.77,5.47,2.45,0.95,2.55,8.18,2.18,16.14,0.32,2.25
1191,Czech Liga (CZ),37615,Viktor Budinský,V. Budinský,1993-05-09,98.4,31.29,21.2,4,4,0,0.0,0.0,0.0,,0.0,,0.0,,0.0,,0.0,0.0,,0.0,,0.0,,0.0,0.0,0.0,0.0,0.0,,0.0,
1191,Czech Liga (CZ),37616,David Buchta,D. Buchta,1999-06-27,60.39,17.02,14.74,20,19,1,380.0,20.0,0.42,2.1,3.37,16.84,0.26,1.32,0.47,2.37,1.84,1.58,7.89,0.0,0.0,0.26,1.32,6.16,2.32,6.37,3.32,0.42,3.89,2.0,10.0
1191,Czech Liga (CZ),37618,Muhamed Tijani,M. Tijani,2000-07-26,40.52,8.68,9.77,13,12,1,178.0,14.83,0.42,2.81,2.75,18.54,0.17,1.12,0.5,3.37,4.33,0.58,3.93,0.0,0.0,0.0,0.0,6.58,1.92,4.42,1.17,0.17,0.63,1.17,7.87
1191,Czech Liga (CZ),37626,Marek Hanousek,M. Hanousek,1991-08-06,63.16,14.0,15.88,10,10,0,394.0,39.4,1.3,3.3,5.5,13.96,0.7,1.78,1.8,4.57,3.4,0.9,2.28,0.3,0.76,0.6,1.52,8.9,8.0,10.2,12.8,2.6,7.16,3.1,7.87
1191,Czech Liga (CZ),37643,Jiří Borek,J. Borek,2002-09-23,96.66,22.57,27.68,6,6,0,0.0,0.0,0.0,,0.0,,0.0,,0.0,,0.0,0.0,,0.0,,0.0,,0.0,0.0,0.0,0.0,0.0,,0.0,
1191,Czech Liga (CZ),37646,Denis Darmovzal,D. Darmovzal,2000-07-17,34.56,5.46,13.83,2,2,0,47.0,23.5,0.5,2.13,3.0,12.76,0.5,2.13,0.5,2.13,2.5,2.5,10.63,0.0,0.0,0.5,2.13,11.5,4.0,7.5,3.5,0.0,0.0,4.5,19.15
1191,Czech Liga (CZ),37650,Petr Kodeš,P. Kodeš,1996-01-31,75.02,15.41,20.78,16,16,0,538.0,33.62,0.69,2.04,5.75,17.1,0.31,0.93,1.31,3.9,3.19,2.12,6.32,0.5,1.49,0.44,1.3,11.06,5.06,9.38,9.69,1.44,4.26,3.06,9.11
1191,Czech Liga (CZ),37652,Michal Ševčík,M. Ševčík,2002-08-13,68.71,19.53,15.67,31,31,0,1047.0,33.77,0.68,2.01,4.94,14.61,0.23,0.67,1.65,4.87,4.42,2.52,7.45,0.03,0.1,0.19,0.57,10.29,6.16,9.45,6.42,0.52,2.49,3.0,8.88
1191,Czech Liga (CZ),37653,Jakub Černín,J. Černín,1999-02-08,83.39,16.15,22.87,26,26,0,374.0,14.38,0.81,5.62,2.58,17.91,0.12,0.8,0.73,5.08,2.35,0.19,1.34,0.77,5.35,0.62,4.28,2.42,1.77,2.46,8.15,1.54,11.81,0.38,2.67
1191,Czech Liga (CZ),37662,Vojtěch Stránský,V. Stránský,2003-03-13,81.52,17.48,19.53,35,34,1,1057.0,31.09,1.38,4.45,5.59,17.98,0.41,1.32,1.41,4.54,4.44,1.38,4.45,0.15,0.47,0.47,1.51,8.88,4.41,8.74,9.29,1.62,5.49,2.56,8.23
1191,Czech Liga (CZ),37669,Vojtěch  Sychra,V. Sychra,2001-11-30,48.15,10.55,12.4,24,23,1,581.0,25.26,0.78,3.1,3.43,13.6,0.22,0.86,1.09,4.3,4.7,1.74,6.88,0.39,1.55,0.52,2.06,7.87,5.22,8.78,5.91,0.83,3.69,2.09,8.26
1191,Czech Liga (CZ),37857,Žan Medved,Ž. Medved,1999-06-14,80.83,17.87,23.78,7,7,0,285.0,40.71,0.43,1.05,4.43,10.88,0.0,0.0,1.86,4.56,10.0,2.71,6.67,0.0,0.0,0.43,1.05,21.0,5.0,14.86,2.43,0.57,1.92,4.43,10.88
1191,Czech Liga (CZ),40114,Abdoulaye Sylla,A. Sylla,2000-04-10,90.83,21.3,21.81,27,25,2,355.0,14.2,1.32,9.3,2.76,19.44,0.16,1.13,0.76,5.35,3.8,0.36,2.54,0.8,5.63,0.36,2.54,2.32,1.08,2.24,7.48,2.12,15.94,0.24,1.69
1191,Czech Liga (CZ),40624,Kristián Vallo,K. Vallo,1998-06-02,37.97,11.2,7.5,4,4,0,48.0,12.0,0.5,4.17,3.0,25.0,0.5,4.17,1.25,10.42,2.0,0.25,2.08,0.0,0.0,0.25,2.08,3.25,2.5,2.75,3.75,0.5,3.7,1.25,10.42
1191,Czech Liga (CZ),41135,Ivan Varfolomeev,Ivan Varfolomeev,2004-03-24,18.6,2.62,3.33,3,3,0,20.0,6.67,0.33,5.0,1.67,25.0,0.0,0.0,0.33,5.0,2.0,0.33,5.0,0.0,0.0,0.33,5.0,0.33,1.33,0.33,2.33,0.67,11.43,0.67,10.0
1191,Czech Liga (CZ),42252,Ondřej Kukučka,O. Kukučka,2004-03-23,58.81,12.74,16.73,6,6,0,85.0,14.17,0.33,2.35,3.5,24.71,0.17,1.18,0.5,3.53,2.33,0.0,0.0,0.33,2.35,0.17,1.18,3.33,1.5,3.83,6.5,2.0,15.06,0.83,5.88
1191,Czech Liga (CZ),42254,Matěj Ryneš,M. Ryneš,2001-05-30,77.51,23.61,14.43,27,27,0,553.0,20.48,0.89,4.34,3.59,17.54,0.37,1.81,1.81,8.86,2.74,0.96,4.7,0.11,0.54,0.52,2.53,5.48,3.22,5.41,5.26,0.74,5.76,1.19,5.79
1191,Czech Liga (CZ),42317,Raimonds Krollis,R. Krollis,2001-10-28,69.63,15.4,16.95,28,28,0,1040.0,37.14,0.5,1.35,5.39,14.52,0.18,0.48,1.71,4.61,7.57,1.79,4.81,0.04,0.1,0.11,0.29,18.86,5.96,12.46,2.18,0.18,0.69,3.18,8.56
1191,Czech Liga (CZ),42941,Ivan Anokye Mensah,I. Mensah,2004-04-22,23.92,8.5,5.7,1,1,0,5.0,5.0,0.0,0.0,2.0,40.0,0.0,0.0,0.0,0.0,0.0,0.0,0.0,0.0,0.0,0.0,0.0,1.0,1.0,2.0,1.0,0.0,0.0,0.0,0.0
1191,Czech Liga (CZ),43023,Abdul Azizi Kayondo,A. Kayondo,2002-10-06,79.81,17.63,19.24,27,27,0,681.0,25.22,1.33,5.29,4.59,18.21,0.56,2.2,1.48,5.87,5.96,1.41,5.58,0.37,1.47,0.67,2.64,5.37,4.04,7.19,7.81,2.04,8.89,1.3,5.14
1191,Czech Liga (CZ),43085,Adam Griger,A. Griger,2004-03-16,32.23,7.72,9.49,19,19,0,376.0,19.79,0.26,1.33,3.11,15.69,0.05,0.27,0.79,3.99,4.32,1.32,6.65,0.11,0.53,0.11,0.53,9.74,2.79,6.21,2.79,0.11,0.23,2.32,11.7
1191,Czech Liga (CZ),43330,Adam Kadlec,A. Kadlec,2003-07-06,51.83,12.76,12.6,29,29,0,376.0,12.97,0.69,5.32,2.38,18.35,0.14,1.06,0.62,4.79,2.07,0.45,3.46,0.14,1.06,0.62,4.79,2.52,1.9,3.48,5.03,0.76,7.91,0.55,4.25
1191,Czech Liga (CZ),43746,Joao Alberto Grimaldo Ubidia,J. Grimaldo,2003-02-20,37.31,13.43,7.37,11,10,1,150.0,15.0,0.8,5.33,1.8,12.0,0.2,1.33,0.4,2.67,3.7,1.7,11.33,0.0,0.0,0.1,0.67,5.9,3.0,5.9,3.0,0.2,1.89,1.0,6.67
1191,Czech Liga (CZ),45924,Bogdan Slyubyk,B. Slyubyk,2004-02-11,29.03,5.29,6.83,1,1,0,11.0,11.0,0.0,0.0,2.0,18.18,0.0,0.0,1.0,9.09,1.0,1.0,9.09,0.0,0.0,0.0,0.0,1.0,3.0,2.0,3.0,2.0,18.18,0.0,0.0
1191,Czech Liga (CZ),46175,Eric Kleybel Ramírez Matheus,E. Ramírez,1998-11-20,71.82,18.65,17.42,8,8,0,189.0,23.62,0.25,1.06,3.25,13.75,0.12,0.53,1.12,4.76,5.88,1.62,6.88,0.12,0.53,0.25,1.06,10.62,3.62,6.38,2.75,0.0,0.0,2.88,12.17
1191,Czech Liga (CZ),46179,Matúš Malý,M. Malý,2001-07-11,79.38,20.14,19.53,10,10,0,159.0,15.9,0.2,1.26,3.5,22.01,0.4,2.52,0.8,5.03,2.9,0.4,2.52,0.9,5.66,0.6,3.77,2.1,2.0,3.1,9.1,1.9,12.56,0.4,2.52
1191,Czech Liga (CZ),47194,Jan Fiala,J. Fiala,2001-05-04,41.67,10.88,8.79,15,14,1,261.0,18.64,0.64,3.45,2.21,11.88,0.21,1.15,0.57,3.07,3.43,0.93,4.98,0.07,0.38,0.43,2.3,5.5,3.86,5.43,4.5,0.79,6.89,1.36,7.28
1191,Czech Liga (CZ),47296,David Tkáč,D. Tkáč,2002-07-06,67.03,15.18,16.08,9,8,1,311.0,38.88,0.75,1.93,5.75,14.79,0.25,0.64,1.62,4.18,6.62,2.75,7.07,0.25,0.64,0.0,0.0,14.38,7.12,11.88,5.88,0.62,1.47,3.38,8.68
1191,Czech Liga (CZ),47400,Ladislav Krobot,L. Krobot,2001-04-01,42.62,9.6,11.23,18,18,0,333.0,18.5,0.28,1.5,3.0,16.22,0.06,0.3,1.0,5.41,3.78,1.44,7.81,0.11,0.6,0.28,1.5,6.67,2.44,5.89,2.11,0.22,1.11,1.11,6.01
1191,Czech Liga (CZ),48535,Chinonso Emeka,C. Emeka,2001-08-30,17.63,3.89,3.64,1,1,0,2.0,2.0,0.0,0.0,0.0,0.0,0.0,0.0,0.0,0.0,1.0,0.0,0.0,0.0,0.0,0.0,0.0,0.0,0.0,1.0,1.0,0.0,0.0,0.0,0.0
1191,Czech Liga (CZ),49239,Ivan Krajčírik,I. Krajčírik,2000-06-15,95.39,21.84,26.39,2,2,0,0.0,0.0,0.0,,0.0,,0.0,,0.0,,0.0,0.0,,0.0,,0.0,,0.0,0.0,0.0,0.0,0.0,,0.0,
1191,Czech Liga (CZ),49253,Dominik Javorček,D. Javorček,2002-11-02,13.58,2.64,4.92,1,1,0,4.0,4.0,0.0,0.0,0.0,0.0,0.0,0.0,1.0,25.0,1.0,0.0,0.0,0.0,0.0,1.0,25.0,0.0,2.0,0.0,4.0,1.0,25.0,0.0,0.0
1191,Czech Liga (CZ),49255,Matúš Rusnák,M. Rusnák,1999-12-19,51.29,12.38,12.61,14,14,0,267.0,19.07,0.57,3.0,3.21,16.85,0.29,1.5,0.93,4.87,3.5,1.14,5.99,0.43,2.25,0.64,3.37,5.0,2.86,5.36,5.43,0.93,5.85,1.07,5.62
1191,Czech Liga (CZ),50533,Matěj Hadaš,M. Hadaš,2003-11-25,87.32,19.78,21.55,22,21,1,511.0,24.33,1.0,4.11,3.48,14.29,0.05,0.2,1.62,6.65,3.19,0.81,3.33,0.33,1.37,0.57,2.35,5.76,2.67,7.1,8.1,1.24,5.77,0.95,3.91
1191,Czech Liga (CZ),57209,Eldar Šehić,E. Šehić,2000-04-28,38.22,10.52,8.97,7,6,1,78.0,13.0,0.33,2.56,1.67,12.82,0.33,2.56,1.0,7.69,1.67,0.0,0.0,0.0,0.0,0.67,5.13,1.5,2.67,1.5,5.17,0.67,4.78,0.33,2.56
1191,Czech Liga (CZ),60160,Josef Svanda,J. Svanda,2001-12-03,53.26,11.04,15.03,24,23,1,535.0,23.26,1.0,4.3,3.87,16.64,0.09,0.37,1.39,5.98,2.91,1.09,4.67,0.22,0.93,0.83,3.55,5.96,3.35,8.22,6.65,1.13,5.93,0.83,3.55
1191,Czech Liga (CZ),60165,Filip Panák,F. Panák,1995-11-02,75.36,23.11,14.62,14,13,1,102.0,7.85,0.23,2.94,2.31,29.41,0.15,1.96,0.23,2.94,1.38,0.15,1.96,0.69,8.82,0.23,2.94,1.23,0.46,1.38,4.85,0.69,9.36,0.31,3.92
1191,Czech Liga (CZ),60166,Erik Prekop,E. Prekop,1997-10-08,39.89,11.48,7.54,24,23,1,217.0,9.43,0.22,2.3,1.74,18.43,0.13,1.38,0.57,5.99,2.39,0.48,5.07,0.09,0.92,0.0,0.0,3.74,1.26,2.91,0.87,0.04,1.67,0.65,6.91
1191,Czech Liga (CZ),60167,Daniel Vašulín,D. Vašulín,1998-06-11,66.3,16.03,15.12,20,19,1,444.0,23.37,0.63,2.7,3.58,15.32,0.16,0.68,1.26,5.4,6.42,1.37,5.86,0.0,0.0,0.0,0.0,10.68,2.89,7.32,0.89,0.05,0.74,1.68,7.21
1191,Czech Liga (CZ),60168,Denis Donát,D. Donát,2001-09-14,59.44,15.94,15.01,17,17,0,350.0,20.59,0.94,4.57,4.59,22.29,0.24,1.14,1.06,5.14,3.29,0.53,2.57,0.47,2.29,0.41,2.0,3.82,3.0,3.71,9.24,1.53,8.15,0.59,2.86
1191,Czech Liga (CZ),60169,Adam Vlkanova,A. Vlkanova,1994-09-04,76.97,17.6,22.01,30,30,0,1372.0,45.73,1.47,3.21,6.37,13.92,0.37,0.8,1.7,3.72,9.7,3.03,6.63,0.13,0.29,0.2,0.44,16.13,8.53,16.37,8.63,0.93,2.94,5.7,12.46
1191,Czech Liga (CZ),60173,Patrik Vízek,P. Vízek,1993-02-26,97.35,11.76,36.18,1,1,0,0.0,0.0,0.0,,0.0,,0.0,,0.0,,0.0,0.0,,0.0,,0.0,,0.0,0.0,0.0,0.0,0.0,,0.0,
1191,Czech Liga (CZ),60175,Matěj Koubek,M. Koubek,2000-01-10,36.85,6.62,10.57,27,26,1,469.0,18.04,0.31,1.7,2.0,11.09,0.12,0.64,0.85,4.69,2.81,1.15,6.4,0.04,0.21,0.12,0.64,6.19,2.5,6.12,3.88,0.27,2.15,1.62,8.96
1191,Czech Liga (CZ),60533,Oliver Sonne,O. Sonne,2000-11-10,76.51,25.38,15.48,15,14,1,278.0,19.86,0.5,2.52,3.07,15.47,0.29,1.44,1.21,6.12,4.64,0.86,4.32,0.21,1.08,0.57,2.88,4.43,2.71,4.36,6.14,0.71,3.82,1.0,5.04
1191,Czech Liga (CZ),60678,Veljko Birmančević,V. Birmančević,1998-03-05,86.47,28.9,14.96,16,16,0,492.0,30.75,1.06,3.45,6.38,20.73,0.25,0.81,1.56,5.08,6.94,1.81,5.9,0.0,0.0,0.12,0.41,10.81,4.38,12.56,3.31,0.38,1.57,1.62,5.29
1191,Czech Liga (CZ),60954,Filip Vecheta,F. Vecheta,2003-02-15,38.48,9.47,9.2,26,24,2,420.0,17.5,0.08,0.48,3.08,17.62,0.12,0.71,0.83,4.76,4.42,0.88,5.0,0.0,0.0,0.08,0.48,8.5,3.17,5.33,1.96,0.21,3.88,1.12,6.43
1191,Czech Liga (CZ),61055,Nelson  Okeke,N. Okeke,2002-03-25,72.69,17.57,17.94,28,26,2,859.0,33.04,2.27,6.87,5.42,16.42,0.38,1.17,0.85,2.56,5.15,1.31,3.96,0.58,1.75,0.62,1.86,7.42,4.85,7.38,11.77,2.54,8.36,2.85,8.61
1191,Czech Liga (CZ),61193,Jetmir Haliti,J. Haliti,1996-09-14,8.05,1.37,3.54,1,1,0,7.0,7.0,0.0,0.0,0.0,0.0,0.0,0.0,0.0,0.0,0.0,0.0,0.0,0.0,0.0,0.0,0.0,0.0,2.0,1.0,5.0,1.0,14.29,0.0,0.0
1191,Czech Liga (CZ),61389,Christián Frýdek,C. Frýdek,1999-02-01,52.1,14.26,12.47,14,13,1,412.0,31.69,0.92,2.91,4.85,15.29,0.31,0.97,2.0,6.31,3.69,1.92,6.07,0.08,0.24,0.31,0.97,10.92,6.46,8.69,5.31,0.62,2.2,2.77,8.74
1191,Czech Liga (CZ),61837,Richard Sedláček,R. Sedláček,1999-06-21,74.61,18.05,20.28,28,25,3,957.0,38.28,1.36,3.55,6.0,15.67,0.44,1.15,1.4,3.66,5.72,2.48,6.48,0.2,0.52,0.76,1.99,9.56,7.36,10.8,12.24,1.52,5.11,2.6,6.79
1191,Czech Liga (CZ),62126,Štěpán Chaloupek,Š. Chaloupek,2003-03-08,73.14,17.12,15.0,28,27,1,410.0,15.19,1.07,7.07,3.11,20.49,0.19,1.22,0.81,5.37,2.19,0.52,3.41,0.44,2.93,0.3,1.95,3.04,1.93,4.04,6.52,1.59,11.99,0.44,2.93
1191,Czech Liga (CZ),63192,David Jurásek,D. Jurásek,2000-08-07,91.26,20.98,18.54,16,15,1,348.0,23.2,1.2,5.17,4.73,20.4,0.6,2.59,1.07,4.6,3.73,0.93,4.02,0.27,1.15,0.27,1.15,6.67,2.67,8.47,6.73,1.2,6.97,1.07,4.6
1191,Czech Liga (CZ),64317,Luka Kharatishvili,L. Kharatishvili,2003-01-11,99.79,20.81,27.06,11,11,0,0.0,0.0,0.0,,0.0,,0.0,,0.0,,0.0,0.0,,0.0,,0.0,,0.0,0.0,0.0,0.0,0.0,,0.0,
1191,Czech Liga (CZ),64370,Marko Regža,M. Regža,1999-01-20,36.64,8.16,10.5,16,16,0,395.0,24.69,0.12,0.51,3.25,13.17,0.06,0.25,1.06,4.3,5.81,0.94,3.8,0.0,0.0,0.25,1.01,13.5,4.5,5.5,1.81,0.12,0.93,3.0,12.15
1191,Czech Liga (CZ),64399,Sivert Heggheim Mannsverk,S. Mannsverk,2002-05-08,57.96,17.06,11.03,19,19,0,370.0,19.47,0.47,2.43,3.16,16.22,0.16,0.81,1.11,5.68,2.53,1.32,6.76,0.26,1.35,0.42,2.16,5.21,2.63,5.74,5.11,0.68,4.67,1.58,8.11
1191,Czech Liga (CZ),64472,Sebastian Nebyla,S. Nebyla,2002-01-25,85.78,20.57,22.54,27,24,3,1039.0,43.29,1.04,2.41,7.12,16.46,0.21,0.48,0.83,1.92,6.5,2.67,6.16,0.25,0.58,0.75,1.73,13.33,7.0,11.75,12.67,1.62,4.83,5.08,11.74
1191,Czech Liga (CZ),65024,Ryan Mahuta,R. Mahuta,2002-07-07,86.48,20.29,21.11,25,24,1,592.0,24.67,0.92,3.72,3.71,15.03,0.54,2.2,1.88,7.6,3.62,1.25,5.07,0.29,1.18,0.46,1.86,5.38,3.25,8.54,8.83,1.42,6.35,0.83,3.38
1191,Czech Liga (CZ),66238,Danijel Šturm,D. Šturm,1999-01-04,82.42,20.17,19.4,13,11,2,356.0,32.36,1.0,3.09,7.09,21.91,0.18,0.56,2.27,7.02,5.27,1.73,5.34,0.27,0.84,1.0,3.09,9.18,4.73,8.91,6.0,0.64,1.96,2.45,7.58
1191,Czech Liga (CZ),67584,Martin Šviderský,M. Šviderský,2002-10-04,61.23,14.11,17.0,20,20,0,624.0,31.2,0.7,2.24,5.0,16.03,0.15,0.48,1.6,5.13,3.45,1.95,6.25,0.35,1.12,0.45,1.44,7.15,4.55,8.15,10.7,1.75,6.53,2.15,6.89
1191,Czech Liga (CZ),67656,Rihards Matrevics,R. Matrevics,1999-03-18,98.42,20.42,26.93,18,18,0,0.0,0.0,0.0,,0.0,,0.0,,0.0,,0.0,0.0,,0.0,,0.0,,0.0,0.0,0.0,0.0,0.0,,0.0,
1191,Czech Liga (CZ),68029,Jáchym Šerák,J. Serak,2001-02-14,97.75,22.39,25.13,14,14,0,0.0,0.0,0.0,,0.0,,0.0,,0.0,,0.0,0.0,,0.0,,0.0,,0.0,0.0,0.0,0.0,0.0,,0.0,
1191,Czech Liga (CZ),68243,František Čech,F. Čech,1998-06-12,96.81,23.36,27.68,26,26,0,585.0,22.5,0.85,3.76,5.38,23.93,0.27,1.2,1.08,4.79,2.69,0.81,3.59,0.81,3.59,0.96,4.27,3.38,2.0,6.42,12.69,2.96,14.07,1.0,4.45
1191,Czech Liga (CZ),70271,Denis Vala,D. Vala,2000-10-11,12.43,2.41,2.82,5,4,1,14.0,3.5,0.0,0.0,0.5,14.29,0.25,7.14,0.25,7.14,0.75,0.5,14.29,0.0,0.0,0.0,0.0,1.0,0.25,0.5,1.0,0.25,10.72,0.25,7.14
1191,Czech Liga (CZ),70274,Rafiu Durosinmi,R. Durosinmi,2003-01-01,76.87,20.19,15.74,18,16,2,499.0,31.19,0.69,2.2,5.31,17.03,0.31,1.0,1.31,4.21,8.0,1.81,5.81,0.0,0.0,0.19,0.6,12.94,5.56,10.06,1.75,0.19,0.93,1.81,5.81
1191,Czech Liga (CZ),72173,Kaan Kairinen,K. Kairinen,1998-12-22,94.69,30.16,17.54,32,31,1,948.0,30.58,0.94,3.06,5.97,19.52,0.23,0.74,1.29,4.22,5.13,1.55,5.06,0.19,0.63,0.29,0.95,8.39,5.39,7.39,9.29,1.65,6.19,2.16,7.07
1191,Czech Liga (CZ),81744,Nicolas Penner,N. Penner,2001-06-19,32.29,9.08,7.1,18,18,0,234.0,13.0,0.56,4.27,1.67,12.82,0.06,0.43,0.78,5.98,1.78,0.56,4.27,0.0,0.0,0.0,0.0,4.11,2.17,4.22,2.94,0.17,2.74,0.5,3.85
1191,Czech Liga (CZ),90618,Petr Jaroň,P. Jaroň,2001-08-30,39.87,13.01,7.5,4,3,1,44.0,14.67,0.0,0.0,2.67,18.18,0.33,2.27,1.0,6.82,2.0,0.33,2.27,0.0,0.0,0.0,0.0,5.0,2.0,3.67,1.67,0.0,0.0,1.0,6.82
1191,Czech Liga (CZ),91219,Sampson Kazorla Dweh Jr.,S. Dweh,2001-10-10,90.16,24.86,18.69,27,25,2,452.0,18.08,1.24,6.86,4.12,22.79,0.44,2.43,0.72,3.98,3.04,0.68,3.76,0.56,3.1,0.4,2.21,4.12,2.2,4.08,8.0,2.24,12.95,0.56,3.1
1191,Czech Liga (CZ),91230,Divine Roosevelt Teah,D. Teah,2006-04-19,45.17,12.13,10.71,8,8,0,148.0,18.5,0.38,2.03,2.25,12.16,0.0,0.0,0.75,4.06,3.38,1.38,7.43,0.12,0.68,0.25,1.35,5.62,3.0,4.0,5.0,1.0,6.12,1.5,8.11
1191,Czech Liga (CZ),101504,Namory Noel Cissé,N. Cissé,2003-01-05,73.86,15.04,18.67,13,13,0,372.0,28.62,0.38,1.34,3.23,11.29,0.15,0.54,1.31,4.57,5.62,1.62,5.64,0.08,0.27,0.08,0.27,11.77,4.69,7.38,2.38,0.38,1.71,1.85,6.45
1191,Czech Liga (CZ),105880,Matěj Náprstek,M. Náprstek,2003-07-27,53.62,11.26,13.87,23,22,1,661.0,30.05,0.95,3.18,3.77,12.56,0.14,0.45,1.41,4.69,4.45,1.68,5.6,0.14,0.45,0.27,0.91,8.59,5.73,8.73,7.32,0.68,2.53,2.36,7.87
1191,Czech Liga (CZ),113270,Martin Suchomel,M. Suchomel,2002-09-11,73.12,16.82,19.6,14,14,0,358.0,25.57,1.21,4.75,3.71,14.53,0.21,0.84,1.57,6.15,3.43,1.29,5.03,0.21,0.84,0.5,1.96,5.79,3.79,7.21,6.93,1.07,5.85,1.93,7.54
1191,Czech Liga (CZ),113272,David Nykrín,D. Nykrín,2004-06-28,17.38,3.63,7.02,2,1,1,4.0,4.0,1.0,25.0,0.0,0.0,1.0,25.0,0.0,0.0,0.0,1.0,25.0,0.0,0.0,0.0,0.0,0.0,0.0,1.0,1.0,0.0,0.0,1.0,25.0
1191,Czech Liga (CZ),113720,Jakub Kučera,J. Kučera,1997-01-28,73.59,18.01,20.63,21,21,0,652.0,31.05,0.67,2.15,5.38,17.33,0.05,0.15,1.71,5.52,4.14,1.86,5.98,0.52,1.69,0.76,2.45,8.71,4.1,10.24,9.67,1.1,5.1,3.0,9.66
1191,Czech Liga (CZ),113723,Jiří Boula,J. Boula,1999-04-08,83.11,21.82,19.84,33,32,1,1243.0,38.84,1.5,3.86,6.97,17.94,0.31,0.8,1.41,3.62,5.16,2.22,5.71,0.34,0.88,0.66,1.69,11.03,6.75,9.59,10.19,1.66,4.81,3.03,7.8
1191,Czech Liga (CZ),113724,Matěj Šín,M. Šín,2004-06-02,54.41,16.85,11.94,5,5,0,94.0,18.8,0.0,0.0,3.6,19.15,0.2,1.07,1.4,7.44,2.4,1.8,9.57,0.2,1.06,0.0,0.0,5.2,1.0,5.2,2.0,0.4,4.51,1.4,7.45
1191,Czech Liga (CZ),116314,Dario Kreiker,D. Kreiker,2003-01-07,52.45,10.77,14.81,13,13,0,415.0,31.92,1.0,3.13,3.62,11.32,0.38,1.2,2.15,6.75,5.85,1.69,5.3,0.31,0.96,0.31,0.96,11.69,6.08,9.15,6.15,0.92,5.39,3.69,11.57
1191,Czech Liga (CZ),116942,Václav Sejk,V. Sejk,2002-05-18,67.1,16.02,17.06,12,10,2,342.0,34.2,0.3,0.88,6.5,19.01,0.3,0.88,2.2,6.43,6.5,2.3,6.72,0.0,0.0,0.3,0.88,13.1,6.0,9.9,4.3,0.4,1.32,4.5,13.16
1191,Czech Liga (CZ),117266,Pavel Juroška,P. Juroška,2001-07-07,41.6,10.38,10.36,20,20,0,289.0,14.45,0.1,0.69,2.1,14.53,0.1,0.69,0.6,4.15,2.3,1.05,7.27,0.05,0.35,0.25,1.73,4.15,1.8,4.7,1.85,0.15,4.21,1.35,9.34
1191,Czech Liga (CZ),120300,Karel Pojezný,K. Pojezný,2001-09-23,89.24,22.57,21.5,29,28,1,542.0,19.36,0.61,3.14,4.14,21.4,0.25,1.29,0.93,4.8,2.68,0.64,3.32,0.64,3.32,1.0,5.17,4.25,1.71,5.5,7.93,1.82,10.29,0.79,4.06
1191,Czech Liga (CZ),132652,Ahmad Ghali,A. Ghali,2000-06-23,75.76,17.52,17.96,27,26,1,907.0,34.88,0.69,1.98,6.12,17.53,0.58,1.65,2.04,5.84,6.62,1.88,5.4,0.15,0.44,0.19,0.55,11.19,6.38,11.19,7.77,1.04,4.11,3.15,9.04
1191,Czech Liga (CZ),141054,Fabijan Krivak,F. Krivak,2005-02-24,53.32,15.32,12.62,9,7,2,164.0,23.43,0.57,2.44,4.14,17.68,0.14,0.61,0.57,2.44,4.29,1.43,6.1,0.0,0.0,0.0,0.0,8.86,4.0,8.29,2.71,0.0,0.0,2.0,8.54
1191,Czech Liga (CZ),141362,Christos Zafeiris,C. Zafeiris,2003-02-23,72.38,17.62,13.44,17,17,0,401.0,23.59,1.18,4.99,4.0,16.96,0.24,1.0,1.0,4.24,3.53,1.24,5.24,0.12,0.5,0.41,1.75,6.35,4.65,5.35,5.0,0.53,2.97,1.18,4.99
1191,Czech Liga (CZ),141743,John Anthony Mercado Cuero,J. Mercado,2002-06-03,72.61,23.26,12.97,26,25,1,556.0,22.24,0.92,4.14,3.48,15.65,0.32,1.44,1.08,4.86,5.56,1.24,5.58,0.12,0.54,0.24,1.08,6.36,3.36,8.0,3.48,0.48,2.86,1.6,7.19
1191,Czech Liga (CZ),142841,Jan Trédl,J. Trédl,2004-07-06,62.93,12.01,19.46,14,13,1,239.0,18.38,0.69,3.77,3.08,16.74,0.31,1.67,0.85,4.6,1.38,1.0,5.44,0.54,2.93,0.62,3.35,4.85,2.31,6.46,6.62,0.85,5.35,1.46,7.95
1191,Czech Liga (CZ),142842,Matěj Žitný,M. Žitný,2005-01-06,53.22,10.55,14.43,19,19,0,467.0,24.58,0.74,3.0,4.16,16.92,0.21,0.86,0.95,3.85,3.11,1.26,5.14,0.26,1.07,0.47,1.93,5.32,3.95,6.05,8.63,0.47,2.45,2.0,8.14
1191,Czech Liga (CZ),145090,Dominik Mareš,D. Mareš,2003-02-03,55.11,15.45,14.99,6,6,0,115.0,19.17,0.83,4.35,2.17,11.3,0.17,0.87,1.17,6.09,2.17,1.67,8.69,0.33,1.74,0.33,1.74,4.67,3.67,6.33,6.17,0.83,5.09,0.5,2.61
1191,Czech Liga (CZ),150001,Daniel Smékal,D. Smékal,2001-12-08,54.84,12.01,14.51,23,22,1,554.0,25.18,0.27,1.08,3.86,15.34,0.18,0.72,0.64,2.53,4.95,2.09,8.3,0.0,0.0,0.14,0.54,9.59,2.77,8.32,3.77,0.32,2.22,2.45,9.75
1191,Czech Liga (CZ),150002,Filip Slavicek,F. Slavicek,2002-09-25,78.12,17.97,18.96,24,21,3,422.0,20.1,0.76,3.79,3.62,18.01,0.33,1.66,1.29,6.4,3.14,0.52,2.61,0.38,1.9,0.52,2.61,3.9,2.43,5.67,7.24,1.33,8.77,1.24,6.16
1191,Czech Liga (CZ),150003,Filip Prebsl,F. Prebsl,2003-03-04,88.41,23.96,19.97,29,28,1,472.0,16.86,0.54,3.18,3.25,19.28,0.32,1.91,0.96,5.72,3.29,0.46,2.75,0.79,4.66,0.64,3.81,2.64,1.61,3.39,9.14,2.04,12.29,0.21,1.27
1191,Czech Liga (CZ),152233,Patrik Vydra,P. Vydra,2003-06-20,73.26,22.84,13.93,21,21,0,453.0,21.57,0.81,3.75,3.48,16.11,0.33,1.55,0.81,3.75,3.0,0.67,3.09,0.05,0.22,0.52,2.43,6.48,3.1,5.24,6.48,0.76,3.97,1.43,6.62
1191,Czech Liga (CZ),152944,Augustin Drakpe,A. Drakpe,2001-12-08,87.58,18.41,19.31,9,9,0,124.0,13.78,0.89,6.45,3.11,22.58,0.22,1.61,0.56,4.03,5.0,0.33,2.42,1.0,7.26,0.0,0.0,2.11,1.33,1.56,7.67,2.56,19.35,0.11,0.81
1191,Czech Liga (CZ),155718,Štěpán Langer,Š. Langer,2000-08-16,53.99,11.72,13.91,16,16,0,457.0,28.56,0.56,1.97,4.19,14.66,0.25,0.88,0.94,3.28,4.38,1.81,6.35,0.06,0.22,0.06,0.22,10.94,4.5,9.44,4.88,0.56,2.61,2.81,9.85
1191,Czech Liga (CZ),156910,Renato Pantalon,R. Pantalon,1997-10-27,70.53,15.49,20.65,14,12,2,219.0,18.25,0.67,3.65,4.5,24.66,0.75,4.11,0.67,3.65,2.75,0.75,4.11,0.75,4.11,0.75,4.11,2.75,1.92,3.83,9.75,2.42,13.65,0.92,5.02
1191,Czech Liga (CZ),161001,Andres Dumitrescu,A. Dumitrescu,2001-03-11,50.09,9.1,15.99,2,2,0,37.0,18.5,0.0,0.0,3.5,18.92,0.5,2.71,1.0,5.4,3.0,0.0,0.0,0.0,0.0,0.5,2.71,2.5,4.5,3.5,8.0,0.5,2.86,0.0,0.0
1191,Czech Liga (CZ),162444,Sebastian Boháč,S. Boháč,2002-07-27,64.55,17.36,13.87,19,16,3,297.0,18.56,0.94,5.05,3.44,18.52,0.31,1.68,0.25,1.35,2.38,0.81,4.38,0.44,2.36,0.69,3.7,3.88,2.38,4.75,7.69,1.62,10.34,0.94,5.05
1191,Czech Liga (CZ),163283,Artūr Dolžnikov,A. Dolžnikov,2000-06-06,52.18,12.0,13.29,11,11,0,345.0,31.36,0.82,2.61,4.55,14.49,0.27,0.87,1.27,4.06,6.27,1.73,5.51,0.0,0.0,0.45,1.45,11.18,6.18,9.82,5.09,0.82,3.87,4.27,13.62
1191,Czech Liga (CZ),163715,Peter Baráth,P. Baráth,2002-02-21,89.16,21.47,21.41,14,12,2,483.0,40.25,1.67,4.14,7.33,18.22,0.5,1.24,2.25,5.59,4.83,1.92,4.76,0.58,1.45,0.67,1.66,12.08,6.5,14.33,13.17,2.42,5.87,4.83,12.01
1191,Czech Liga (CZ),164680,Benson Sakala,B. Sakala,1996-09-12,86.17,20.32,22.49,23,23,0,922.0,40.09,1.52,3.8,7.7,19.2,0.52,1.3,1.52,3.8,5.3,2.09,5.21,0.3,0.76,1.0,2.49,7.96,7.22,9.57,16.09,2.7,7.2,3.57,8.89
1191,Czech Liga (CZ),166042,Filip Vaško,F. Vaško,1999-08-11,88.67,20.68,22.46,24,24,0,385.0,16.04,0.62,3.9,2.75,17.14,0.21,1.3,0.62,3.9,2.21,0.58,3.64,0.54,3.38,0.71,4.42,1.79,2.17,3.71,9.0,1.83,11.91,0.25,1.56
1191,Czech Liga (CZ),167211,Dario Grgić,D. Grgić,2003-03-16,34.58,10.16,8.69,5,5,0,124.0,24.8,0.2,0.81,2.6,10.48,0.0,0.0,1.0,4.03,3.6,2.0,8.07,0.0,0.0,0.0,0.0,9.2,7.8,7.8,3.4,0.4,1.76,2.0,8.06
1191,Czech Liga (CZ),170803,Dominique Simon,D. Simon,2000-07-29,16.52,4.9,3.96,1,1,0,8.0,8.0,0.0,0.0,2.0,25.0,0.0,0.0,0.0,0.0,1.0,0.0,0.0,0.0,0.0,0.0,0.0,1.0,1.0,1.0,1.0,0.0,0.0,0.0,0.0
1191,Czech Liga (CZ),170807,Robi Saarma,R. Saarma,2001-05-20,59.34,13.66,16.35,21,20,1,449.0,22.45,0.7,3.12,3.25,14.48,0.2,0.89,1.4,6.24,3.7,1.25,5.57,0.3,1.34,0.95,4.23,5.15,3.3,7.35,8.25,1.25,7.62,1.35,6.01
1191,Czech Liga (CZ),170808,Ebrima Singhateh,E. Singhateh,2003-09-10,60.18,16.22,13.16,21,19,2,480.0,25.26,0.89,3.54,3.84,15.21,0.32,1.25,1.42,5.62,3.21,1.32,5.21,0.05,0.21,0.0,0.0,7.95,4.79,9.05,3.95,0.68,3.89,1.42,5.62
1191,Czech Liga (CZ),170815,Tomáš Frühwald,T. Frühwald,2002-09-23,94.32,21.22,25.24,10,9,1,0.0,0.0,0.0,,0.0,,0.0,,0.0,,0.0,0.0,,0.0,,0.0,,0.0,0.0,0.0,0.0,0.0,,0.0,
1191,Czech Liga (CZ),174368,Dominik Ťapaj,D. Ťapaj,2004-05-10,93.2,26.29,19.79,1,1,0,0.0,0.0,0.0,,0.0,,0.0,,0.0,,0.0,0.0,,0.0,,0.0,,0.0,0.0,0.0,0.0,0.0,,0.0,
1191,Czech Liga (CZ),176468,Abdallah  Gning,A. Gning,1998-09-29,79.15,20.39,18.62,34,33,1,1134.0,34.36,0.55,1.59,5.39,15.7,0.09,0.26,1.45,4.23,9.15,2.58,7.49,0.03,0.09,0.18,0.53,15.48,5.21,12.27,3.12,0.18,0.62,3.03,8.82
1191,Czech Liga (CZ),176476,Merchas Doski,Merchas Doski,1999-12-07,72.99,20.6,15.42,30,28,2,522.0,18.64,0.79,4.21,3.82,20.5,0.39,2.11,0.82,4.41,3.18,0.79,4.21,0.5,2.68,0.21,1.15,4.68,2.61,5.36,5.36,1.07,8.05,0.79,4.21
1191,Czech Liga (CZ),176792,Tomáš Vlček,T. Vlček,2001-02-28,60.17,13.05,12.31,16,15,1,198.0,13.2,0.93,7.07,2.53,19.19,0.27,2.02,0.33,2.53,2.67,0.47,3.54,0.33,2.53,0.6,4.55,2.67,1.4,3.73,5.67,0.6,4.78,0.33,2.53
1191,Czech Liga (CZ),176799,Marek Icha,M. Icha,2002-03-14,78.3,17.02,18.42,34,33,1,679.0,20.58,0.79,3.83,3.94,19.15,0.42,2.06,0.82,3.98,3.12,0.82,3.98,0.39,1.91,0.73,3.54,4.52,2.3,5.94,7.91,1.33,7.33,0.91,4.42
1191,Czech Liga (CZ),176800,Jakub Surovčík,J. Surovčík,2002-06-28,97.91,29.48,19.34,14,13,1,0.0,0.0,0.0,,0.0,,0.0,,0.0,,0.0,0.0,,0.0,,0.0,,0.0,0.0,0.0,0.0,0.0,,0.0,
1191,Czech Liga (CZ),182530,Ondřej Kričfaluši,O. Kričfaluši,2004-03-29,92.4,23.87,22.25,27,26,1,790.0,30.38,1.58,5.19,5.35,17.59,0.19,0.63,0.81,2.66,4.46,1.31,4.3,0.58,1.9,0.46,1.52,8.31,4.42,7.42,9.31,2.08,7.89,2.46,8.1
1191,Czech Liga (CZ),184878,Lucas Kubr,L. Kubr,2004-02-25,19.32,3.46,5.62,8,8,0,113.0,14.12,0.12,0.88,0.62,4.43,0.0,0.0,0.75,5.31,2.12,1.62,11.5,0.12,0.88,0.38,2.65,5.5,3.62,4.12,3.5,0.38,5.8,2.25,15.93
1191,Czech Liga (CZ),184951,Kristers Penkevics,K. Penkevics,2003-01-28,48.91,9.19,15.03,9,8,1,183.0,22.88,0.12,0.55,3.38,14.75,0.25,1.09,0.38,1.64,2.25,0.88,3.83,0.12,0.55,0.5,2.19,4.25,3.0,5.62,11.12,1.0,4.08,1.88,8.2
1191,Czech Liga (CZ),231512,Cletus Daho Nombil,C. Nombil,2000-08-23,83.01,15.75,23.21,32,31,1,1228.0,39.61,2.06,5.21,6.45,16.29,0.35,0.9,1.45,3.66,6.23,1.94,4.88,0.13,0.33,0.58,1.47,10.52,6.42,11.71,13.35,2.42,6.66,2.32,5.86
1191,Czech Liga (CZ),238141,Elione Fernandes-Neto,E. Fernandes-Neto,2005-08-23,26.7,5.0,8.62,11,11,0,209.0,19.0,0.27,1.43,1.82,9.57,0.18,0.96,0.82,4.31,2.91,1.36,7.18,0.18,0.96,0.45,2.39,4.82,3.27,4.73,8.73,0.82,4.53,1.82,9.57
1191,Czech Liga (CZ),257440,Ermal Krasniqi,E. Krasniqi,1998-09-07,48.38,12.7,11.31,1,1,0,30.0,30.0,0.0,0.0,6.0,20.0,0.0,0.0,0.0,0.0,10.0,1.0,3.33,0.0,0.0,0.0,0.0,15.0,4.0,5.0,1.0,0.0,0.0,6.0,20.0
1191,Czech Liga (CZ),257449,Albion Rrahmani,A. Rrahmani,2000-08-31,60.37,19.36,10.69,34,34,0,723.0,21.26,0.38,1.8,3.82,17.98,0.12,0.55,0.82,3.87,5.29,1.74,8.16,0.03,0.14,0.18,0.83,8.97,3.32,8.03,1.85,0.26,2.51,1.85,8.71
1191,Czech Liga (CZ),280434,Martin Šubert,M. Šubert,2002-08-13,59.26,16.5,14.62,25,25,0,772.0,30.88,1.04,3.37,4.88,15.8,0.2,0.65,1.52,4.92,5.76,2.4,7.77,0.16,0.52,0.32,1.04,7.72,6.12,10.24,7.48,0.92,3.94,2.88,9.33
1191,Czech Liga (CZ),280446,Albert Labík,A. Labík,2004-05-13,91.41,24.53,20.48,24,20,4,767.0,38.35,1.15,3.0,5.9,15.38,0.3,0.78,1.8,4.69,5.45,1.7,4.43,0.15,0.39,0.55,1.43,10.35,7.45,10.5,11.5,1.5,4.7,1.9,4.95
1191,Czech Liga (CZ),285157,Garang Kuol,G. Kuol,2004-09-15,38.73,11.73,8.02,20,20,0,373.0,18.65,0.15,0.8,2.25,12.06,0.2,1.07,0.85,4.56,3.95,1.1,5.9,0.05,0.27,0.15,0.8,8.75,4.0,7.35,2.35,0.3,2.53,2.2,11.8
1191,Czech Liga (CZ),324429,Mikuláš Konečný,M. Konečný,2006-06-02,92.18,20.27,24.94,21,20,1,401.0,20.05,0.8,3.99,3.7,18.45,0.35,1.75,1.4,6.98,2.75,1.15,5.74,0.5,2.49,0.75,3.74,3.85,2.05,5.8,9.35,1.4,7.58,0.55,2.74
1191,Czech Liga (CZ),334261,Laurent Kissiedou,L. Kissiedou,1998-12-22,79.66,16.75,24.65,1,1,0,41.0,41.0,1.0,2.44,4.0,9.76,0.0,0.0,1.0,2.44,3.0,3.0,7.32,0.0,0.0,1.0,2.44,10.0,5.0,12.0,8.0,0.0,0.0,2.0,4.88
1191,Czech Liga (CZ),384682,Pavel Gaszczyk,P. Gaszczyk,2005-02-17,47.36,10.12,11.2,14,14,0,383.0,27.36,0.64,2.35,5.79,21.15,0.07,0.26,1.43,5.22,3.07,1.29,4.7,0.14,0.52,0.36,1.31,7.0,5.93,8.79,7.21,0.57,2.75,2.64,9.66
1191,Czech Liga (CZ),406682,Lukas Vorlický,L. Vorlický,2002-01-18,33.93,9.05,5.97,8,8,0,79.0,9.88,0.25,2.53,1.62,16.46,0.12,1.27,0.38,3.8,1.62,0.12,1.27,0.12,1.27,0.12,1.27,1.5,1.75,3.12,3.88,0.25,5.47,0.38,3.8
1191,Czech Liga (CZ),416105,Ange Caumenan N''Guessan,A. N''Guessan,2003-09-01,95.48,21.71,22.44,28,28,0,344.0,12.29,0.71,5.81,3.0,24.42,0.25,2.03,0.39,3.2,2.71,0.14,1.16,0.43,3.49,0.36,2.91,1.54,1.32,2.18,7.36,1.86,15.75,0.14,1.16
1191,Czech Liga (CZ),483530,Stanley Guzorochi Kanu,S. Kanu,1999-01-17,47.73,9.3,13.0,31,30,1,594.0,19.8,0.27,1.35,2.67,13.47,0.0,0.0,0.83,4.21,5.67,0.73,3.7,0.0,0.0,0.1,0.51,7.9,2.63,5.87,1.7,0.1,0.81,0.7,3.54
1191,Czech Liga (CZ),529803,Adam Zadražil,A. Zadražil,2000-08-06,97.68,22.96,27.7,34,34,0,0.0,0.0,0.0,,0.0,,0.0,,0.0,,0.0,0.0,,0.0,,0.0,,0.0,0.0,0.0,0.0,0.0,,0.0,
1191,Czech Liga (CZ),530006,Seung-Bin Kim,Kim Seung-Bin,2000-12-28,57.84,16.11,13.81,4,4,0,96.0,24.0,0.5,2.09,1.75,7.29,0.25,1.04,2.25,9.38,4.25,1.25,5.21,0.0,0.0,0.75,3.13,9.25,3.0,9.25,3.0,0.5,3.03,3.75,15.62
1191,Czech Liga (CZ),530007,Marcel Čermák,M. Čermák,1998-11-25,86.44,18.85,23.55,33,33,0,1629.0,49.36,0.91,1.84,7.73,15.65,0.27,0.55,2.18,4.42,5.48,2.82,5.71,0.12,0.25,0.52,1.04,15.15,9.21,13.79,9.67,0.85,2.04,3.82,7.73
1191,Czech Liga (CZ),531469,Tom Slončík,T. Slončík,2004-12-21,59.06,16.13,15.57,20,20,0,711.0,35.55,0.95,2.67,4.65,13.08,0.05,0.14,1.35,3.8,5.85,2.2,6.19,0.1,0.28,0.25,0.7,15.3,6.55,12.2,4.2,0.4,1.14,3.65,10.27
1191,Czech Liga (CZ),541072,Matyáš Vojta,M. Vojta,2004-02-26,66.23,18.35,14.41,27,26,1,654.0,25.15,0.19,0.76,3.58,14.22,0.0,0.0,0.96,3.82,7.69,1.54,6.12,0.0,0.0,0.12,0.46,11.96,3.88,8.5,2.42,0.19,3.17,1.19,4.74
1191,Czech Liga (CZ),564789,Boubou Diallo,B. Diallo,2003-11-04,45.81,9.52,12.2,10,10,0,170.0,17.0,0.3,1.76,2.2,12.94,0.0,0.0,0.8,4.71,4.7,0.6,3.53,0.0,0.0,0.2,1.18,6.7,2.5,4.2,1.0,0.2,1.46,1.3,7.65
1191,Czech Liga (CZ),584984,Simion Michez,S. Michez,2002-02-09,52.39,12.9,11.89,11,10,1,245.0,24.5,0.7,2.86,4.6,18.77,0.3,1.22,0.7,2.86,3.4,1.5,6.12,0.1,0.41,0.2,0.82,7.8,4.4,10.6,3.9,0.6,5.71,1.5,6.12
1191,Czech Liga (CZ),584986,Christophe Kabongo,C. Kabongo,2003-08-27,48.8,13.48,11.99,24,23,1,463.0,20.13,0.3,1.51,2.96,14.69,0.13,0.65,0.83,4.1,5.26,1.0,4.97,0.0,0.0,0.17,0.86,8.83,2.65,7.26,1.57,0.04,0.62,1.39,6.91
1191,Czech Liga (CZ),599364,MIlan Lexa,M. Lexa,2004-08-21,39.63,8.52,9.8,20,19,1,476.0,25.05,0.79,3.15,4.32,17.23,0.26,1.05,1.74,6.93,4.79,1.05,4.2,0.05,0.21,0.05,0.21,9.32,4.42,8.21,4.16,0.58,4.11,2.95,11.76
1191,Czech Liga (CZ),625763,Vojtěch Hora,V. Hora,2004-05-05,4.23,1.2,1.17,1,1,0,0.0,0.0,0.0,,0.0,,0.0,,0.0,,0.0,0.0,,0.0,,0.0,,0.0,0.0,0.0,0.0,0.0,,0.0,
1191,Czech Liga (CZ),627203,Mohamed Yasser,Mohamed Yasser,2001-05-01,7.47,2.56,1.2,3,3,0,3.0,1.0,0.0,0.0,0.67,66.67,0.0,0.0,0.0,0.0,0.0,0.0,0.0,0.0,0.0,0.0,0.0,0.0,0.0,0.33,0.0,0.0,,0.0,0.0
1191,Czech Liga (CZ),637204,Alexandr Sojka,A. Sojka,2003-04-02,65.31,17.22,16.87,33,33,0,1125.0,34.09,1.09,3.2,4.94,14.49,0.18,0.53,1.45,4.27,5.24,2.27,6.67,0.18,0.53,0.33,0.98,11.18,7.09,9.94,9.12,1.03,4.3,2.85,8.35
1191,Czech Liga (CZ),637205,Jan Paluska,J. Paluska,2005-06-23,96.5,24.13,20.42,13,12,1,261.0,21.75,0.92,4.22,3.67,16.86,0.58,2.68,1.5,6.9,3.17,1.0,4.6,0.83,3.83,0.92,4.22,4.25,2.25,6.0,9.0,1.5,7.33,0.75,3.45
1191,Czech Liga (CZ),646655,Tomas Schanelec,T. Schanelec,2002-06-20,17.22,4.16,3.28,1,1,0,10.0,10.0,0.0,0.0,1.0,10.0,0.0,0.0,0.0,0.0,4.0,0.0,0.0,0.0,0.0,0.0,0.0,4.0,1.0,3.0,0.0,0.0,,1.0,10.0
1191,Czech Liga (CZ),659717,Alexandr Bužek,A. Bužek,2004-08-02,65.1,17.11,15.12,20,18,2,572.0,31.78,1.28,4.02,6.06,19.06,0.22,0.7,1.22,3.85,5.17,1.61,5.07,0.28,0.87,0.28,0.87,10.83,6.39,8.94,9.22,1.83,7.75,2.28,7.17
1191,Czech Liga (CZ),666212,Santiago Eneme Bokari,Santiago Eneme,2000-09-29,39.65,12.94,7.8,19,18,1,274.0,15.22,0.61,4.01,2.17,14.23,0.22,1.46,0.67,4.38,3.44,0.94,6.2,0.0,0.0,0.44,2.92,3.44,2.61,4.17,4.06,0.78,7.99,1.5,9.85
1191,Czech Liga (CZ),687654,Nino Milić,N. Milić,2004-05-01,65.04,16.66,14.54,10,8,2,153.0,19.12,0.5,2.61,3.62,18.95,0.25,1.31,1.5,7.84,3.75,0.5,2.61,1.0,5.23,0.88,4.57,3.75,2.5,4.12,8.88,1.62,9.88,0.5,2.61
1191,Czech Liga (CZ),698157,Salim Fago Lawal,S. Lawal,2003-01-15,47.05,13.54,9.02,7,7,0,129.0,18.43,0.14,0.78,3.57,19.38,0.14,0.78,1.14,6.2,6.43,1.14,6.2,0.14,0.78,0.14,0.78,8.29,2.57,6.43,1.0,0.0,0.0,1.29,6.98
1191,Czech Liga (CZ),698192,Samuel Kopásek,S. Kopásek,2003-05-22,48.77,11.4,12.41,4,4,0,68.0,17.0,0.75,4.41,3.5,20.59,0.0,0.0,0.25,1.47,1.75,0.75,4.41,0.0,0.0,0.5,2.94,6.5,2.25,4.25,3.0,0.5,5.33,1.5,8.83
1191,Czech Liga (CZ),704810,Andrej Stojcevski,A. Stojcevski,2003-05-26,84.37,20.4,21.91,28,28,0,587.0,20.96,0.86,4.09,3.18,15.16,0.21,1.02,1.07,5.11,3.11,0.82,3.92,0.96,4.6,0.61,2.9,3.39,3.25,4.5,10.79,2.18,11.8,0.54,2.55
1191,Czech Liga (CZ),714161,Petr Juliš,P. Juliš,2003-04-17,34.09,7.95,7.88,18,17,1,236.0,13.88,0.29,2.12,2.35,16.95,0.24,1.69,0.71,5.08,3.06,1.06,7.63,0.18,1.27,0.06,0.42,4.65,2.24,4.82,3.06,0.24,2.83,1.35,9.75
1191,Czech Liga (CZ),714162,Denis Halinský,D. Halinský,2003-07-13,98.2,20.46,27.07,30,28,2,447.0,15.96,1.0,6.26,3.14,19.69,0.32,2.01,1.21,7.61,3.32,0.14,0.89,0.68,4.25,0.46,2.91,2.21,1.64,2.75,8.96,2.14,14.03,0.21,1.34
1191,Czech Liga (CZ),715110,Abdoull Tanko,A. Tanko,1998-05-12,71.35,15.84,18.31,30,29,1,890.0,30.69,0.66,2.13,4.97,16.18,0.21,0.67,1.45,4.72,5.38,1.93,6.29,0.07,0.22,0.21,0.67,9.17,4.38,10.1,5.69,0.55,3.21,3.0,9.77
1191,Czech Liga (CZ),715786,David  Moses,D. Moses,2004-01-20,70.47,17.71,13.34,26,25,1,802.0,32.08,1.32,4.11,6.16,19.2,0.32,1.0,1.56,4.86,5.56,1.2,3.74,0.16,0.5,0.44,1.37,8.48,6.2,8.04,8.28,1.04,4.08,2.08,6.48
1191,Czech Liga (CZ),715825,Amar Memić,A. Memić,2001-01-20,84.06,22.64,18.21,30,28,2,747.0,26.68,1.43,5.35,4.11,15.4,0.61,2.28,1.25,4.69,3.96,1.29,4.82,0.21,0.8,0.54,2.01,7.46,4.75,8.71,5.11,0.82,3.5,1.64,6.16
1191,Czech Liga (CZ),715826,Lucky Ezeh,L. Ezeh,2004-01-23,41.78,11.37,9.56,28,25,3,422.0,16.88,0.2,1.19,2.88,17.06,0.28,1.66,0.96,5.69,5.28,0.8,4.74,0.04,0.24,0.0,0.0,6.68,2.52,5.64,2.68,0.16,3.39,1.0,5.92
1191,Czech Liga (CZ),715828,Dávid Krčík,D. Krčík,1999-06-28,97.91,26.93,22.03,34,33,1,619.0,18.76,0.67,3.55,3.82,20.36,0.36,1.94,0.82,4.36,2.7,0.55,2.91,0.79,4.2,0.52,2.75,3.67,2.12,4.61,9.0,1.64,10.19,0.52,2.75
1191,Czech Liga (CZ),715829,Jakub  Lapeš,J. Lapeš,1999-07-04,98.67,26.63,21.96,26,25,1,0.0,0.0,0.0,,0.0,,0.0,,0.0,,0.0,0.0,,0.0,,0.0,,0.0,0.0,0.0,0.0,0.0,,0.0,
1191,Czech Liga (CZ),716310,Michal Bílek,M. Bílek,1997-10-13,79.8,17.07,22.07,29,27,2,964.0,35.7,0.93,2.59,5.78,16.18,0.22,0.62,1.78,4.98,4.22,1.78,4.98,0.15,0.41,0.59,1.66,9.26,6.15,8.7,11.56,1.59,5.33,3.0,8.4
1191,Czech Liga (CZ),719355,Jason Noslin,J. Noslin,2000-02-09,97.47,21.17,26.47,18,18,0,380.0,21.11,1.22,5.79,4.67,22.11,0.17,0.79,0.67,3.16,2.56,0.28,1.32,0.56,2.63,0.78,3.68,2.94,2.67,4.83,10.5,1.94,10.58,0.39,1.84
1191,Czech Liga (CZ),719414,Adrian Zeljković,A. Zeljković,2002-08-19,34.89,8.69,7.32,13,12,1,170.0,14.17,0.83,5.88,2.17,15.29,0.0,0.0,0.5,3.53,1.25,1.17,8.23,0.17,1.18,0.25,1.76,3.5,3.33,3.83,3.5,0.58,7.07,1.0,7.06
1191,Czech Liga (CZ),720717,Aboubacar  Traoré,A. Traoré,2004-08-20,76.22,21.14,16.86,25,23,2,427.0,18.57,0.78,4.22,3.35,18.03,0.22,1.17,1.57,8.43,2.48,1.04,5.62,0.43,2.34,0.52,2.81,3.39,2.17,4.17,7.78,1.52,8.51,0.61,3.28
1191,Czech Liga (CZ),726060,Štěpán Míšek,S. Míšek,2005-07-20,65.83,13.9,18.67,15,14,1,420.0,30.0,0.57,1.9,4.5,15.0,0.14,0.48,1.57,5.24,3.0,2.0,6.67,0.57,1.9,1.0,3.33,7.0,4.29,7.71,10.36,1.43,5.06,2.64,8.81
1191,Czech Liga (CZ),726631,Sahmkou Camara,S. Camara,2003-06-10,92.69,25.04,20.9,31,27,4,613.0,22.7,1.7,7.5,4.07,17.95,0.26,1.14,0.74,3.26,4.59,0.59,2.61,0.85,3.75,0.96,4.24,3.93,2.85,4.26,12.11,3.11,14.02,0.67,2.94
1191,Czech Liga (CZ),726797,Yegor Tsykalo,Y. Tsykalo,2001-09-07,22.71,4.56,6.49,8,7,1,77.0,11.0,0.0,0.0,1.43,12.99,0.29,2.6,1.0,9.09,2.29,0.57,5.2,0.14,1.3,0.0,0.0,3.71,1.57,3.71,2.57,0.14,5.56,0.71,6.49
1191,Czech Liga (CZ),729818,Florian Wiegele,F. Wiegele,2001-03-21,97.58,27.92,21.19,20,20,0,0.0,0.0,0.0,,0.0,,0.0,,0.0,,0.0,0.0,,0.0,,0.0,,0.0,0.0,0.0,0.0,0.0,,0.0,
1191,Czech Liga (CZ),731829,Solomon John ,S. John,2001-08-08,56.72,15.4,13.39,30,30,0,733.0,24.43,0.43,1.77,3.93,16.1,0.2,0.82,1.37,5.59,5.53,1.13,4.64,0.13,0.55,0.17,0.68,8.63,3.77,7.33,4.43,0.5,2.45,2.5,10.23
1191,Czech Liga (CZ),733206,Patrik Blahút,P. Blahút,1997-10-07,81.13,19.62,21.41,32,32,0,1110.0,34.69,0.69,1.98,5.22,15.04,0.25,0.72,1.53,4.41,5.81,2.66,7.66,0.12,0.36,0.69,1.98,10.31,5.72,12.22,6.97,0.75,2.9,2.44,7.03
1191,Czech Liga (CZ),735217,Benjamin Nyarko,B. Nyarko,2004-01-29,36.37,7.59,9.93,15,13,2,261.0,20.08,0.54,2.68,2.92,14.56,0.0,0.0,0.85,4.21,3.77,0.85,4.22,0.08,0.38,0.23,1.15,7.38,2.92,6.31,1.54,0.31,3.94,1.15,5.75
1191,Czech Liga (CZ),736622,Ermin Mahmic,E. Mahmic,2005-03-14,59.71,13.95,13.65,28,28,0,817.0,29.18,1.07,3.67,4.61,15.79,0.14,0.49,1.18,4.04,5.93,1.79,6.12,0.11,0.37,0.11,0.37,11.21,4.61,9.64,4.29,0.46,2.05,2.57,8.81
1191,Czech Liga (CZ),736847,Matouš Krulich,M. Krulich,2005-04-19,17.2,5.17,3.53,7,7,0,43.0,6.14,0.29,4.65,1.29,20.93,0.0,0.0,0.71,11.63,2.14,0.29,4.65,0.0,0.0,0.0,0.0,3.43,1.0,1.0,0.43,0.0,0.0,0.14,2.32
1191,Czech Liga (CZ),737080,Tomáš Král,T. Král,2004-10-26,24.82,6.48,4.99,4,4,0,36.0,9.0,0.25,2.78,1.25,13.89,0.0,0.0,0.75,8.33,1.5,0.5,5.56,0.0,0.0,0.5,5.55,1.25,0.75,0.75,4.25,0.25,3.21,0.25,2.78
1191,Czech Liga (CZ),749977,Viktor Zentrich,V. Zentrich,2003-06-13,18.9,2.82,2.88,1,1,0,6.0,6.0,0.0,0.0,1.0,16.67,0.0,0.0,0.0,0.0,3.0,1.0,16.67,0.0,0.0,0.0,0.0,1.0,0.0,2.0,3.0,0.0,0.0,1.0,16.67
1191,Czech Liga (CZ),758675,Dantaye Michael Lee Gilbert,D. Gilbert,2004-12-03,64.47,14.42,18.01,15,15,0,428.0,28.53,0.53,1.87,3.73,13.09,0.27,0.94,1.0,3.51,5.67,2.33,8.18,0.07,0.23,0.13,0.47,10.47,4.0,9.67,3.27,0.2,2.02,2.6,9.11
1191,Czech Liga (CZ),758853,Samuel Šigut,S. Šigut,2002-10-31,77.25,21.57,17.08,18,17,1,603.0,35.47,1.41,3.98,6.06,17.08,0.35,1.0,2.18,6.14,8.47,1.76,4.98,0.18,0.5,0.47,1.33,10.41,8.0,10.24,7.71,1.18,4.09,2.12,5.97
1191,Czech Liga (CZ),759389,Štěpán  Bachůrek,Š. Bachůrek,2002-08-24,95.07,18.36,31.66,2,2,0,0.0,0.0,0.0,,0.0,,0.0,,0.0,,0.0,0.0,,0.0,,0.0,,0.0,0.0,0.0,0.0,0.0,,0.0,
1191,Czech Liga (CZ),776997,Jakub Uhrinčať,J. Uhrinčať,2001-02-07,79.86,17.17,22.8,24,24,0,430.0,17.92,0.92,5.12,3.46,19.3,0.33,1.86,0.71,3.95,2.29,0.54,3.02,0.46,2.56,0.67,3.72,3.21,2.0,4.38,9.25,2.0,11.91,0.79,4.42
1191,Czech Liga (CZ),776999,Matúš Hruška,M. Hruška,1994-09-17,80.02,16.25,20.33,2,2,0,0.0,0.0,0.0,,0.0,,0.0,,0.0,,0.0,0.0,,0.0,,0.0,,0.0,0.0,0.0,0.0,0.0,,0.0,
1191,Czech Liga (CZ),777039,Artúr Musák,A. Musák,2005-10-17,43.58,11.75,9.43,19,19,0,438.0,23.05,1.0,4.34,3.26,14.16,0.26,1.14,0.79,3.42,3.0,1.53,6.62,0.11,0.46,0.42,1.83,6.89,4.05,5.68,4.42,0.42,2.01,2.11,9.13
1191,Czech Liga (CZ),777047,Jakub Jakubko,J. Jakubko,2004-08-24,77.07,16.63,21.47,8,7,1,104.0,14.86,1.0,6.73,2.29,15.39,0.14,0.96,0.86,5.77,1.0,0.14,0.96,0.57,3.85,0.29,1.92,2.86,1.86,4.14,7.29,1.29,9.11,0.29,1.92
1191,Czech Liga (CZ),777056,Samuel Lavrinčík,S. Lavrinčík,2001-07-10,24.58,5.45,6.2,9,8,1,108.0,13.5,0.62,4.63,2.25,16.67,0.0,0.0,0.38,2.77,1.38,0.75,5.55,0.0,0.0,0.25,1.85,3.12,2.5,3.0,4.12,0.62,6.91,1.38,10.18
1191,Czech Liga (CZ),777062,Dominik Hollý,D. Hollý,2003-11-11,43.68,10.9,10.94,12,10,2,186.0,18.6,0.3,1.61,2.3,12.37,0.2,1.08,1.0,5.38,4.0,0.9,4.84,0.0,0.0,0.3,1.61,6.5,2.9,5.8,3.7,0.7,6.13,1.8,9.68
1191,Czech Liga (CZ),777064,Patrik Dulay,P. Dulay,2005-03-03,51.2,11.72,12.55,18,17,1,559.0,32.88,0.59,1.79,5.24,15.92,0.41,1.25,1.59,4.83,6.59,2.59,7.87,0.12,0.36,0.29,0.89,11.24,6.71,10.82,6.59,1.06,6.18,3.12,9.48
1191,Czech Liga (CZ),785423,Prince Kwabena Adu,P. Adu,2003-09-23,58.37,16.31,12.3,29,27,2,618.0,22.89,0.41,1.78,3.7,16.18,0.19,0.81,1.11,4.85,4.04,1.52,6.63,0.04,0.16,0.07,0.32,9.0,3.81,7.04,1.74,0.07,0.47,1.59,6.96
1191,Czech Liga (CZ),797318,Emmanuel Ayaosi,E. Ayaosi,2004-10-28,72.98,19.78,16.11,32,29,3,768.0,26.48,0.97,3.65,4.52,17.06,0.1,0.39,1.72,6.51,5.41,1.21,4.56,0.24,0.91,0.31,1.17,7.31,4.17,9.0,5.76,0.52,3.22,1.86,7.03
1191,Czech Liga (CZ),799103,Kevin Prince Milla,K. Milla,2003-12-25,67.94,15.84,16.9,19,19,0,552.0,29.05,0.42,1.45,4.05,13.95,0.11,0.36,1.47,5.07,7.47,1.42,4.89,0.05,0.18,0.05,0.18,13.84,4.37,9.68,1.26,0.21,0.73,2.47,8.51
1191,Czech Liga (CZ),799116,Pavel  Kacor,P. Kacor,2006-09-12,56.47,16.24,11.59,16,12,4,312.0,26.0,1.33,5.13,5.33,20.51,0.25,0.96,1.0,3.85,5.08,1.33,5.13,0.08,0.32,0.17,0.64,9.58,5.33,7.42,4.75,1.0,7.05,1.92,7.37
1191,Czech Liga (CZ),800688,Jan Buryán,J. Buryán,2005-10-11,45.05,13.54,10.27,8,8,0,203.0,25.38,0.38,1.48,3.0,11.82,0.0,0.0,1.25,4.93,10.38,1.5,5.91,0.0,0.0,0.12,0.49,11.5,6.0,6.75,2.0,0.0,0.0,1.62,6.4
1191,Czech Liga (CZ),801609,Dennis Owusu,D. Owusu,2001-01-05,37.27,10.09,7.93,21,20,1,253.0,12.65,0.35,2.77,2.0,15.81,0.1,0.79,0.35,2.77,2.95,0.45,3.56,0.0,0.0,0.0,0.0,5.25,2.25,4.05,0.8,0.1,6.25,1.1,8.7
1191,Czech Liga (CZ),801742,Šimon Polášek,Š. Polášek,2004-06-18,10.62,1.84,3.26,1,1,0,7.0,7.0,0.0,0.0,2.0,28.57,0.0,0.0,1.0,14.29,2.0,0.0,0.0,0.0,0.0,0.0,0.0,1.0,0.0,3.0,1.0,0.0,0.0,0.0,0.0
1191,Czech Liga (CZ),808858,Jiří Hamza,J. Hamza,2005-07-08,56.34,12.77,15.28,14,13,1,236.0,18.15,0.62,3.39,3.46,19.07,0.31,1.7,1.23,6.78,2.77,0.77,4.24,0.46,2.54,0.46,2.54,4.38,2.62,4.08,8.15,2.31,15.33,0.46,2.54
1191,Czech Liga (CZ),808860,Matej Mikulenka,M. Mikulenka,2004-02-05,43.62,9.55,10.88,28,25,3,579.0,23.16,0.6,2.59,3.48,15.03,0.0,0.0,0.92,3.97,3.32,1.8,7.77,0.08,0.35,0.0,0.0,8.64,4.04,6.0,4.4,0.44,3.05,2.44,10.54
1191,Czech Liga (CZ),808869,David Machalík,D. Machalík,1996-06-21,54.05,10.46,15.12,22,21,1,700.0,33.33,0.95,2.86,5.19,15.57,0.29,0.86,1.33,4.0,3.48,2.38,7.14,0.24,0.71,0.19,0.57,9.43,7.67,12.71,8.48,1.05,4.04,3.24,9.71
1191,Czech Liga (CZ),810418,Kahuan Vinicius Guimarães da Silva,Kahuan Vinicius,2004-03-15,43.47,12.27,7.53,11,8,3,100.0,12.5,0.12,1.0,1.75,14.0,0.0,0.0,1.12,9.0,4.12,0.25,2.0,0.0,0.0,0.0,0.0,5.0,1.75,4.38,0.75,0.0,0.0,1.38,11.0
1191,Czech Liga (CZ),810419,Jakub Elbel,J. Elbel,2000-07-06,76.66,19.4,20.13,18,17,1,306.0,18.0,0.94,5.23,3.06,16.99,0.29,1.63,1.12,6.21,2.24,0.53,2.94,0.82,4.58,0.82,4.57,3.24,2.65,3.94,9.06,1.35,7.53,0.47,2.61
1191,Czech Liga (CZ),810495,Karel Spáčil,K. Spáčil,2003-05-18,60.69,16.24,13.37,24,22,2,341.0,15.5,0.73,4.69,3.09,19.94,0.18,1.17,0.82,5.28,2.09,0.59,3.81,0.41,2.64,0.45,2.93,3.68,1.91,4.14,5.64,0.73,4.71,0.55,3.52
1191,Czech Liga (CZ),810496,Matej Kadlec,M. Kadlec,2002-04-04,70.44,16.93,19.13,12,11,1,234.0,21.27,1.09,5.13,3.55,16.67,0.09,0.43,1.73,8.12,1.82,0.73,3.42,0.91,4.27,0.64,2.99,4.09,3.36,5.45,8.55,1.45,7.86,1.0,4.7
1191,Czech Liga (CZ),811003,Adam Ševínský,A. Ševínský,2004-06-19,89.2,28.22,17.0,19,19,0,243.0,12.79,0.26,2.06,2.84,22.22,0.05,0.41,0.74,5.76,1.84,0.26,2.06,0.37,2.88,0.26,2.06,2.21,1.0,2.68,6.26,1.42,12.45,0.11,0.82
1191,Czech Liga (CZ),811206,Zviad Natchkebia,Z. Natchkebia,1999-08-19,44.89,10.42,10.64,10,10,0,264.0,26.4,0.7,2.65,4.0,15.15,0.1,0.38,1.5,5.68,4.5,1.5,5.68,0.1,0.38,0.3,1.14,8.4,6.7,7.3,5.3,0.7,3.52,2.3,8.71
1191,Czech Liga (CZ),811207,Alexandr Urban,A. Urban,2004-04-20,98.99,25.72,20.11,4,4,0,0.0,0.0,0.0,,0.0,,0.0,,0.0,,0.0,0.0,,0.0,,0.0,,0.0,0.0,0.0,0.0,0.0,,0.0,
1191,Czech Liga (CZ),812130,Samuel Obinaya,S. Obinaya,2005-08-28,49.1,11.61,14.2,7,5,2,77.0,15.4,1.2,7.79,1.2,7.79,0.4,2.6,0.4,2.6,2.6,0.2,1.3,0.0,0.0,0.6,3.9,5.0,2.6,3.2,7.8,1.2,7.32,1.0,6.49
1191,Czech Liga (CZ),812136,Yevgeniy  Skyba,Y. Skyba,2003-03-25,81.91,23.8,15.04,9,6,3,112.0,18.67,1.0,5.36,4.83,25.89,0.0,0.0,1.83,9.82,3.17,0.5,2.68,0.5,2.68,0.83,4.47,2.67,2.17,3.5,8.33,1.33,7.88,0.17,0.89
1191,Czech Liga (CZ),816764,Jakub Jezierski,J. Jezierski,2004-07-09,33.92,8.57,7.41,8,7,1,124.0,17.71,0.86,4.84,2.86,16.13,0.43,2.42,0.43,2.42,1.71,1.57,8.87,0.14,0.81,0.29,1.61,4.14,3.57,5.57,4.0,0.86,8.63,2.0,11.29
1191,Czech Liga (CZ),816915,Nojus Audinis,N. Audinis,2006-02-15,68.74,14.12,19.3,24,22,2,283.0,12.86,0.32,2.47,1.95,15.2,0.36,2.83,1.0,7.77,1.45,0.45,3.53,0.59,4.59,0.27,2.12,2.41,1.32,3.32,5.77,1.0,8.9,0.82,6.36
1191,Czech Liga (CZ),818434,Martin Rýzek,M. Rýzek,2005-05-23,,,,1,0,1,,,,,,,,,,,,,,,,,,,,,,,,,
1191,Czech Liga (CZ),827016,Emmanuel Uchenna Aririerisim,E. Aririerisim,2003-12-04,82.89,27.36,14.92,14,14,0,179.0,12.79,0.86,6.7,2.57,20.11,0.14,1.12,0.57,4.47,1.86,0.14,1.12,0.43,3.35,0.57,4.47,1.64,1.07,2.36,6.29,0.86,7.26,0.14,1.12
1191,Czech Liga (CZ),838616,Pavel Svatek,P. Svatek,2004-06-26,53.72,10.71,15.26,7,7,0,229.0,32.71,0.43,1.31,3.43,10.48,0.29,0.87,1.0,3.06,6.43,1.86,5.68,0.0,0.0,0.0,0.0,13.71,5.29,8.86,7.71,0.43,1.72,2.57,7.86
1191,Czech Liga (CZ),838622,Vladimir  Zeman,V. Zeman,2000-09-13,57.44,14.26,15.1,12,11,1,324.0,29.45,0.45,1.54,5.45,18.52,0.36,1.23,1.09,3.7,4.36,2.64,8.95,0.09,0.31,0.27,0.93,8.45,3.91,10.45,4.18,0.45,2.12,2.27,7.72
1191,Czech Liga (CZ),839312,Bruno Unušić,B. Unušić,2002-02-09,47.42,10.6,12.61,11,11,0,210.0,19.09,0.55,2.86,2.82,14.76,0.27,1.43,1.18,6.19,3.45,0.82,4.29,0.09,0.48,1.0,5.24,4.91,4.64,6.0,6.36,0.91,5.59,0.64,3.33
1191,Czech Liga (CZ),841132,Štěpán Šebrle,Š. Sebrle,2002-09-04,24.78,4.66,6.87,13,13,0,164.0,12.62,0.15,1.22,1.38,10.98,0.23,1.83,0.85,6.71,1.77,1.23,9.76,0.0,0.0,0.15,1.22,4.38,2.15,3.77,2.92,0.08,1.48,1.38,10.98
1191,Czech Liga (CZ),841133,Daniel Kozma,D. Kozma,1995-08-26,72.51,15.68,18.82,23,23,0,440.0,19.13,0.7,3.64,3.78,19.77,0.48,2.5,0.87,4.54,2.7,0.7,3.64,0.61,3.18,0.57,2.95,3.78,2.7,4.91,8.7,1.61,10.53,0.3,1.59
1191,Czech Liga (CZ),841134,David  Ludvicek,D. Ludvicek,2001-08-24,43.82,9.09,12.72,15,15,0,187.0,12.47,0.27,2.14,2.47,19.79,0.27,2.14,0.67,5.35,2.13,0.4,3.21,0.13,1.07,0.4,3.21,2.07,1.47,3.33,5.47,0.8,8.56,0.87,6.95
1191,Czech Liga (CZ),841135,Jan Peterka,J. Peterka,1990-04-22,83.1,16.8,22.68,12,12,0,396.0,33.0,1.25,3.79,5.75,17.42,0.5,1.52,1.58,4.8,2.08,1.0,3.03,0.17,0.51,0.75,2.27,6.92,4.92,8.58,11.92,1.58,5.88,2.42,7.32
1191,Czech Liga (CZ),841139,Filip Matousek,F. Matousek,2001-07-12,82.99,23.77,19.51,26,26,0,518.0,19.92,0.92,4.63,3.92,19.69,0.38,1.93,1.04,5.21,2.77,0.58,2.9,0.54,2.7,0.58,2.9,3.04,2.04,4.65,8.15,1.58,9.04,0.35,1.74
1191,Czech Liga (CZ),841140,Filip Špatenka,F. Špatenka,2004-02-22,46.13,11.12,10.71,14,13,1,349.0,26.85,0.85,3.15,4.08,15.19,0.46,1.72,1.31,4.87,7.0,1.62,6.02,0.0,0.0,0.15,0.57,9.69,5.92,7.69,4.08,0.38,1.67,2.54,9.45
1191,Czech Liga (CZ),841279,Jiří Panoš,J. Panoš,2007-11-15,31.69,9.05,6.88,11,11,0,201.0,18.27,0.55,2.98,2.73,14.93,0.09,0.5,0.55,2.99,1.91,0.91,4.98,0.0,0.0,0.36,1.99,8.0,4.09,5.73,2.09,0.09,0.45,1.64,8.95
1191,Czech Liga (CZ),841396,Jan Koutny,J. Koutny,2004-10-14,96.26,22.37,23.18,31,28,3,0.0,0.0,0.0,,0.0,,0.0,,0.0,,0.0,0.0,,0.0,,0.0,,0.0,0.0,0.0,0.0,0.0,,0.0,
1191,Czech Liga (CZ),841514,James  Bello,J. Bello,2005-05-01,16.62,3.2,3.73,2,2,0,19.0,9.5,1.0,10.53,2.0,21.05,0.0,0.0,0.0,0.0,2.0,0.0,0.0,0.0,0.0,0.0,0.0,1.0,1.5,2.5,1.5,0.5,12.5,0.5,5.26
1191,Czech Liga (CZ),841758,Adrian Fiala,A. Fiala,2005-05-02,21.25,5.43,6.77,3,3,0,62.0,20.67,0.33,1.61,2.0,9.67,0.67,3.23,0.67,3.23,5.0,1.33,6.45,0.0,0.0,0.33,1.61,13.67,6.33,7.0,1.0,0.33,9.53,2.33,11.29
1191,Czech Liga (CZ),842067,Matej Malenšek,M. Malenšek,2005-05-27,25.42,6.24,5.94,15,12,3,147.0,12.25,0.17,1.36,1.67,13.61,0.08,0.68,1.0,8.16,2.08,1.0,8.16,0.08,0.68,0.17,1.36,4.08,2.08,3.75,2.0,0.17,2.08,1.25,10.21
1191,Czech Liga (CZ),842068,Rok Štorman,R. Štorman,2004-09-04,61.17,16.42,13.82,27,24,3,792.0,33.0,1.29,3.91,6.0,18.18,0.21,0.63,1.29,3.91,6.25,1.71,5.18,0.29,0.88,0.5,1.51,8.58,6.21,7.58,11.71,2.08,7.67,2.88,8.71
1191,Czech Liga (CZ),842594,Filip Šancl,F. Šancl,2005-06-23,43.22,10.05,11.08,22,22,0,571.0,25.95,0.5,1.93,3.41,13.13,0.09,0.35,1.27,4.9,4.14,1.73,6.65,0.18,0.7,0.18,0.7,7.91,4.77,8.23,4.82,0.18,0.84,2.68,10.33
1191,Czech Liga (CZ),842599,Adam Jágrik,A. Jágrik,2000-04-12,95.18,21.45,24.38,3,3,0,0.0,0.0,0.0,,0.0,,0.0,,0.0,,0.0,0.0,,0.0,,0.0,,0.0,0.0,0.0,0.0,0.0,,0.0,
1191,Czech Liga (CZ),842604,Jan Chytry,J. Chytry,2004-05-13,59.75,15.77,13.32,20,17,3,324.0,19.06,0.47,2.47,3.0,15.74,0.18,0.93,1.06,5.56,3.24,0.71,3.7,0.18,0.93,0.47,2.47,5.06,3.0,5.71,4.94,0.47,2.89,0.65,3.4
1191,Czech Liga (CZ),842609,Tomáš  Ulbrich,T. Ulbrich,1998-05-11,31.66,6.2,8.49,29,29,0,535.0,18.45,0.17,0.94,2.93,15.89,0.14,0.75,0.79,4.3,2.55,1.03,5.61,0.03,0.19,0.07,0.37,6.45,2.76,6.1,2.93,0.38,2.65,1.86,10.09
1191,Czech Liga (CZ),842610,Ousmane Condé,O. Condé,2004-08-21,33.25,8.36,7.61,23,20,3,222.0,11.1,0.25,2.25,1.5,13.51,0.15,1.35,0.7,6.31,2.5,0.75,6.76,0.0,0.0,0.1,0.9,2.95,2.15,3.55,2.5,0.25,2.67,0.75,6.76
1191,Czech Liga (CZ),842642,Radek Ovesny,R. Ovesny,2004-07-15,33.3,4.77,5.28,1,1,0,14.0,14.0,0.0,0.0,5.0,35.71,0.0,0.0,2.0,14.29,3.0,0.0,0.0,0.0,0.0,0.0,0.0,4.0,2.0,6.0,2.0,0.0,0.0,0.0,0.0
1191,Czech Liga (CZ),842643,David Látal,D. Látal,2003-01-21,22.73,5.71,4.62,3,3,0,25.0,8.33,0.0,0.0,0.33,4.0,0.0,0.0,0.0,0.0,2.67,1.33,16.0,0.0,0.0,0.0,0.0,4.67,2.0,3.33,0.0,0.0,,0.33,4.0
1191,Czech Liga (CZ),842644,Jiri Hrubes,J. Hrubes,2001-02-03,19.22,3.75,3.58,3,3,0,27.0,9.0,1.0,11.11,1.0,11.11,0.0,0.0,0.67,7.41,1.33,0.0,0.0,0.0,0.0,0.0,0.0,0.67,1.0,3.67,1.67,0.33,2.86,1.0,11.11
1191,Czech Liga (CZ),842677,Filip Lehky,F. Lehky,2002-06-20,50.78,14.77,11.33,28,28,0,842.0,30.07,0.79,2.61,3.29,10.93,0.07,0.24,1.75,5.82,5.0,2.04,6.77,0.0,0.0,0.43,1.42,10.0,5.82,8.29,5.86,0.5,2.75,3.36,11.16
1191,Czech Liga (CZ),842679,Peter Kareem,P. Kareem,2003-08-10,67.22,15.35,17.89,28,28,0,636.0,22.71,1.04,4.56,3.0,13.21,0.36,1.57,1.25,5.5,3.36,1.14,5.03,0.36,1.57,0.61,2.67,4.75,2.89,7.11,8.57,1.5,7.66,1.36,5.97
1191,Czech Liga (CZ),842680,Jakub  Hodek,J. Hodek,2001-09-04,23.05,5.01,6.79,16,16,0,179.0,11.19,0.06,0.56,1.19,10.61,0.06,0.56,0.44,3.91,3.19,0.44,3.91,0.0,0.0,0.25,2.23,4.69,2.25,3.31,2.12,0.12,2.6,1.0,8.94
1191,Czech Liga (CZ),845073,David Planka,D. Planka,2005-07-28,79.04,19.74,19.51,32,30,2,1194.0,39.8,0.93,2.35,5.73,14.41,0.07,0.17,2.13,5.36,4.73,2.5,6.28,0.23,0.59,0.47,1.17,12.3,7.07,10.83,8.97,0.97,3.0,3.27,8.21
1191,Czech Liga (CZ),845074,Denny Samko,D. Samko,2000-07-23,75.28,20.85,15.91,32,28,4,768.0,27.43,0.89,3.26,4.79,17.45,0.14,0.52,1.0,3.65,4.25,1.79,6.51,0.04,0.13,0.18,0.65,9.04,4.25,8.79,5.54,0.61,3.96,1.71,6.25
1191,Czech Liga (CZ),845865,Miloš Kopečný,M. Kopečný,1993-12-26,90.51,16.86,25.63,30,29,1,906.0,31.24,1.52,4.86,4.83,15.45,0.31,0.99,1.41,4.53,4.0,1.69,5.41,0.41,1.32,0.93,2.98,6.69,4.45,9.97,11.07,1.9,8.07,1.41,4.53
1191,Czech Liga (CZ),846546,Daniel Rus,D. Rus,2006-02-02,19.3,5.1,3.9,11,11,0,85.0,7.73,0.09,1.18,2.0,25.88,0.09,1.18,0.09,1.18,1.64,0.27,3.53,0.0,0.0,0.18,2.35,2.0,1.18,2.09,1.64,0.18,9.26,0.27,3.53
1191,Czech Liga (CZ),846548,Lukas Penxa,L. Penxa,2004-06-06,57.17,13.02,15.01,16,16,0,408.0,25.5,0.94,3.68,4.5,17.65,0.5,1.96,1.25,4.9,3.44,1.25,4.9,0.31,1.23,0.5,1.96,7.06,4.44,6.62,6.19,0.81,5.79,2.0,7.84
1191,Czech Liga (CZ),846552,Petr Hodouš,P. Hodouš,2003-12-19,63.57,13.82,14.28,28,27,1,788.0,29.19,0.59,2.03,4.07,13.96,0.26,0.89,1.85,6.35,5.44,1.89,6.47,0.11,0.38,0.41,1.4,8.56,5.15,7.44,6.3,0.56,3.12,3.3,11.29
1191,Czech Liga (CZ),849003,Martin Ambler,M. Ambler,2000-07-08,49.96,11.13,13.41,11,11,0,207.0,18.82,0.36,1.93,3.45,18.36,0.18,0.97,0.91,4.83,3.36,0.45,2.42,0.45,2.42,0.36,1.93,4.73,2.82,5.82,5.09,0.82,4.45,1.45,7.73
1191,Czech Liga (CZ),849007,Kryštof  Lichtenberg,K. Lichtenberg,2002-11-30,94.83,22.66,32.46,1,1,0,0.0,0.0,0.0,,0.0,,0.0,,0.0,,0.0,0.0,,0.0,,0.0,,0.0,0.0,0.0,0.0,0.0,,0.0,
1191,Czech Liga (CZ),852315,Eric Hunál,E. Hunál,2005-01-21,93.1,19.97,25.04,22,22,0,372.0,16.91,1.18,6.99,3.77,22.31,0.23,1.34,0.64,3.76,2.41,0.23,1.34,0.68,4.03,0.73,4.3,2.14,1.55,3.64,10.86,3.05,18.92,0.14,0.81
1191,Czech Liga (CZ),852318,Eliáš Piták,E. Piták,2006-03-28,93.2,19.79,26.29,1,1,0,32.0,32.0,0.0,0.0,5.0,15.62,1.0,3.12,0.0,0.0,2.0,2.0,6.25,0.0,0.0,2.0,6.25,8.0,6.0,15.0,12.0,1.0,3.12,1.0,3.12
1191,Czech Liga (CZ),852320,Tobias Boledovič,T. Boledovič,2006-09-16,54.42,10.9,15.6,7,6,1,117.0,19.5,0.67,3.42,3.83,19.66,0.33,1.71,0.83,4.27,2.83,1.83,9.4,0.67,3.42,0.67,3.42,5.17,1.67,6.67,5.17,0.67,3.18,0.67,3.42
1191,Czech Liga (CZ),852321,Tomáš Jelínek,T. Jelínek,2005-12-27,58.88,12.55,15.03,12,11,1,321.0,29.18,1.0,3.43,3.82,13.08,0.18,0.62,1.45,4.98,2.64,1.73,5.92,0.09,0.31,0.45,1.56,7.64,5.73,8.73,10.18,1.82,6.48,2.55,8.72
1191,Czech Liga (CZ),852331,Tomáš Jedlička,T. Jedlička,2003-07-05,50.88,10.52,13.95,16,16,0,510.0,31.88,0.25,0.78,5.06,15.88,0.38,1.18,1.94,6.08,6.06,1.56,4.9,0.06,0.2,0.25,0.78,11.75,6.62,8.56,5.5,0.62,2.92,3.31,10.39
1191,Czech Liga (CZ),852364,Šimon Slončík,Š. Slončík,2007-05-15,8.82,2.57,1.34,1,1,0,3.0,3.0,0.0,0.0,1.0,33.33,0.0,0.0,0.0,0.0,0.0,0.0,0.0,0.0,0.0,1.0,33.33,0.0,0.0,1.0,2.0,1.0,33.33,0.0,0.0
1191,Czech Liga (CZ),852369,Soliu Afolabi,S. Afolabi,2005-08-08,51.27,11.72,11.14,31,30,1,638.0,21.27,0.67,3.14,3.87,18.18,0.13,0.63,1.2,5.64,5.57,1.2,5.64,0.03,0.16,0.17,0.78,6.63,3.57,7.0,3.03,0.3,1.94,1.97,9.25
1191,Czech Liga (CZ),852377,Lukáš Branecký,L. Branecký,2006-04-12,24.64,5.12,5.97,11,11,0,144.0,13.09,0.27,2.08,2.0,15.28,0.0,0.0,0.64,4.86,2.0,0.91,6.95,0.0,0.0,0.0,0.0,5.36,2.36,3.82,1.64,0.27,2.42,1.36,10.42
1191,Czech Liga (CZ),852378,Elmedin  Rama,E. Rama,2005-03-25,11.32,1.44,2.42,2,2,0,8.0,4.0,0.0,0.0,0.5,12.5,0.0,0.0,0.5,12.5,2.5,0.0,0.0,0.0,0.0,0.0,0.0,2.5,0.5,1.5,0.5,0.0,0.0,0.0,0.0
1191,Czech Liga (CZ),865088,Simon Bammens,S. Bammens,1998-05-16,80.51,17.17,21.76,29,28,1,619.0,22.11,1.14,5.17,4.14,18.74,0.21,0.97,1.07,4.85,3.43,1.07,4.85,0.5,2.26,0.46,2.1,4.36,2.61,5.32,8.75,2.04,13.11,0.82,3.72
1191,Czech Liga (CZ),904348,Jakub Pira,J. Pira,2007-11-24,42.9,11.38,9.74,26,25,1,434.0,17.36,0.16,0.92,2.84,16.36,0.04,0.23,0.72,4.15,3.44,1.16,6.68,0.0,0.0,0.0,0.0,7.52,2.08,4.96,0.72,0.12,2.12,1.0,5.76
1191,Czech Liga (CZ),905870,Jan Kolar,J. Kolar,1999-01-08,95.36,15.29,32.04,1,1,0,11.0,11.0,0.0,0.0,3.0,27.27,0.0,0.0,2.0,18.18,3.0,0.0,0.0,2.0,18.18,1.0,9.09,1.0,0.0,1.0,9.0,2.0,18.18,0.0,0.0
1191,Czech Liga (CZ),926439,Ondřej  Penxa,O. Penxa,2007-03-23,19.58,4.68,5.27,1,1,0,17.0,17.0,0.0,0.0,2.0,11.76,0.0,0.0,0.0,0.0,5.0,0.0,0.0,0.0,0.0,0.0,0.0,7.0,4.0,5.0,7.0,1.0,5.88,1.0,5.88
1191,Czech Liga (CZ),926440,Roman Horák,R. Horák,2005-02-25,55.65,13.77,14.09,11,11,0,340.0,30.91,0.73,2.35,4.36,14.12,0.09,0.29,1.55,5.0,4.64,2.09,6.77,0.0,0.0,0.36,1.18,9.36,6.18,9.27,9.64,1.36,4.86,2.82,9.12
1191,Czech Liga (CZ),926589,Daniel Danihel,D. Danihel,2005-08-01,67.85,13.73,19.43,9,8,1,217.0,27.12,1.0,3.69,4.38,16.13,0.25,0.92,2.12,7.83,2.62,1.12,4.15,0.25,0.92,1.25,4.61,4.75,3.88,7.25,11.25,1.75,7.13,1.88,6.91
1191,Czech Liga (CZ),927907,Youssoupha Sanyang,Y. Sanyang,2005-08-31,53.97,12.53,10.73,13,13,0,302.0,23.23,1.31,5.63,4.23,18.21,0.46,1.99,1.62,6.95,4.92,0.62,2.65,0.0,0.0,0.38,1.66,6.54,4.15,8.69,4.92,0.85,4.8,0.69,2.98
1191,Czech Liga (CZ),959106,Lewis Azaka,L. Azaka,2009-02-12,2.03,0.0,0.16,1,1,0,0.0,0.0,0.0,,0.0,,0.0,,0.0,,0.0,0.0,,0.0,,0.0,,0.0,0.0,0.0,0.0,0.0,,0.0,
1191,Czech Liga (CZ),959154,Lukáš Moudrý,L. Moudrý,2007-01-19,17.33,4.16,3.28,1,1,0,8.0,8.0,0.0,0.0,0.0,0.0,0.0,0.0,0.0,0.0,0.0,0.0,0.0,0.0,0.0,0.0,0.0,3.0,3.0,3.0,2.0,0.0,0.0,2.0,25.0
1191,Czech Liga (CZ),961346,Jakub Kolísek,J. Kolísek,2007-08-14,44.07,12.63,9.36,2,2,0,45.0,22.5,0.5,2.22,4.5,20.0,0.0,0.0,1.0,4.45,4.0,0.0,0.0,0.5,2.22,0.0,0.0,7.5,4.5,7.0,3.5,0.5,2.78,2.0,8.89
1191,Czech Liga (CZ),969829,Dominik Mašek,D. Masek,2002-08-01,76.06,13.12,25.3,3,3,0,66.0,22.0,1.33,6.06,1.67,7.58,0.33,1.52,1.0,4.54,3.0,0.33,1.51,0.0,0.0,0.33,1.52,3.0,3.67,8.67,6.67,1.67,8.44,2.0,9.09
1191,Czech Liga (CZ),970599,Šimon Černý,Š. Černý,2006-07-23,14.45,3.06,3.38,7,7,0,77.0,11.0,0.29,2.6,2.57,23.38,0.14,1.3,0.29,2.6,0.71,0.57,5.2,0.14,1.3,0.0,0.0,2.43,2.86,2.14,3.14,0.86,10.13,0.86,7.79
1191,Czech Liga (CZ),977102,Mathews Banda,M. Banda,2005-08-06,15.56,4.85,1.63,1,1,0,7.0,7.0,0.0,0.0,3.0,42.86,0.0,0.0,1.0,14.29,2.0,1.0,14.29,0.0,0.0,0.0,0.0,1.0,0.0,1.0,0.0,0.0,,1.0,14.29
1191,Czech Liga (CZ),978891,David Kozel,D. Kozel,2001-11-28,69.03,20.07,17.27,18,18,0,552.0,30.67,1.0,3.26,5.17,16.85,0.33,1.09,1.61,5.25,4.72,1.11,3.62,0.17,0.54,0.56,1.81,8.44,5.11,7.22,9.06,1.56,5.98,2.17,7.07
1191,Czech Liga (CZ),979085,Mouhamed Tidjane Traore,M. Tidjane,2003-03-21,87.41,19.03,23.13,14,14,0,205.0,14.64,0.64,4.39,3.0,20.49,0.0,0.0,0.71,4.88,2.36,0.5,3.41,0.79,5.37,0.29,1.95,2.21,2.0,3.57,8.5,1.64,12.49,0.36,2.44
1191,Czech Liga (CZ),979090,Adonija Ouanda,A. Ouanda,2005-04-30,72.45,19.26,16.39,15,15,0,468.0,31.2,0.53,1.71,6.13,19.66,0.13,0.43,1.93,6.2,7.67,1.93,6.2,0.0,0.0,0.07,0.21,11.8,5.2,9.4,2.53,0.27,1.51,2.4,7.69
1191,Czech Liga (CZ),987739,Emmanuel Favor Fully,E. Favor Fully,2006-03-20,53.04,13.35,12.58,11,11,0,137.0,12.45,0.64,5.11,2.18,17.52,0.18,1.46,0.64,5.11,1.73,0.36,2.92,0.27,2.19,0.27,2.19,2.27,2.09,2.82,4.18,0.55,7.11,0.64,5.11
1191,Czech Liga (CZ),988547,Radek Büchner,R. Büchner,2007-01-03,4.0,1.4,0.88,1,1,0,4.0,4.0,0.0,0.0,0.0,0.0,0.0,0.0,0.0,0.0,0.0,0.0,0.0,0.0,0.0,0.0,0.0,0.0,2.0,1.0,0.0,0.0,,0.0,0.0
1191,Czech Liga (CZ),988555,Zbyněk Paidar,Z. Paidar,2006-10-26,4.0,1.4,0.88,1,1,0,1.0,1.0,0.0,0.0,0.0,0.0,0.0,0.0,0.0,0.0,0.0,0.0,0.0,0.0,0.0,0.0,0.0,0.0,0.0,0.0,0.0,0.0,,0.0,0.0
1191,Czech Liga (CZ),988568,Jakub  Chalupa ,J. Chalupa,2006-01-14,29.18,9.95,4.31,1,1,0,13.0,13.0,2.0,15.38,1.0,7.69,0.0,0.0,2.0,15.38,1.0,1.0,7.69,0.0,0.0,0.0,0.0,8.0,1.0,3.0,1.0,0.0,0.0,0.0,0.0
1191,Czech Liga (CZ),989147,Matej Riznič,M. Riznič,2004-06-04,80.28,16.45,22.51,30,28,2,750.0,26.79,1.25,4.67,3.82,14.27,0.43,1.6,1.57,5.87,3.71,1.25,4.67,0.54,2.0,0.96,3.6,4.57,4.11,7.25,9.75,1.61,6.7,1.04,3.87
1191,Czech Liga (CZ),992860,Abdullahi Ibrahim Bewene,A. Bewene,2004-11-29,77.0,19.61,18.31,23,22,1,569.0,25.86,1.45,5.62,4.55,17.57,0.32,1.23,1.36,5.27,4.86,1.23,4.75,0.82,3.16,1.23,4.75,6.27,3.73,7.55,7.77,1.45,6.49,1.05,4.04
1191,Czech Liga (CZ),998150,Hugo Sochurek,H. Sochurek,2008-06-07,63.63,23.15,11.63,8,7,1,168.0,24.0,1.14,4.76,3.71,15.48,0.0,0.0,0.71,2.98,2.43,1.29,5.36,0.14,0.6,0.14,0.6,6.71,4.14,5.14,6.71,0.86,4.26,2.14,8.93
1191,Czech Liga (CZ),998157,Vit Škrkoň,Vit Škrkoň,2008-04-09,17.48,4.33,3.35,2,2,0,13.0,6.5,0.5,7.69,0.5,7.69,0.0,0.0,0.5,7.69,0.5,0.0,0.0,0.0,0.0,0.0,0.0,2.5,0.5,1.5,0.5,0.0,0.0,0.0,0.0
1191,Czech Liga (CZ),998913,Velasquez Diego,V. Diego,2006-08-04,42.23,9.74,11.4,17,17,0,439.0,25.82,0.76,2.96,4.06,15.72,0.18,0.68,0.65,2.51,4.59,1.47,5.69,0.0,0.0,0.71,2.73,7.47,5.18,6.53,8.24,1.47,6.79,1.47,5.7
1191,Czech Liga (CZ),999140,Matej Kvaček,M. Kvaček,2007-05-22,7.46,2.1,1.32,2,2,0,7.0,3.5,0.0,0.0,0.5,14.29,0.0,0.0,0.0,0.0,1.0,0.0,0.0,0.0,0.0,0.0,0.0,0.5,0.0,1.0,0.5,0.0,0.0,0.5,14.29
1191,Czech Liga (CZ),999146,Josef Kolářík,J. Kolářík,2007-01-16,47.92,13.93,10.67,27,27,0,602.0,22.3,0.81,3.65,2.7,12.13,0.15,0.66,0.93,4.15,2.85,1.44,6.48,0.0,0.0,0.15,0.66,7.81,4.22,6.26,3.37,0.15,1.46,1.63,7.31
1191,Czech Liga (CZ),1001678,Dan Kohout ,D. Kohout,2006-08-14,20.12,4.09,5.67,2,2,0,21.0,10.5,0.0,0.0,1.0,9.52,0.5,4.76,0.0,0.0,2.5,0.5,4.76,0.0,0.0,0.0,0.0,3.0,2.5,3.0,2.5,0.0,0.0,2.0,19.05
1191,Czech Liga (CZ),1001707,Marek Havran,M. Havran,2006-10-07,46.57,12.86,11.41,14,13,1,291.0,22.38,0.54,2.41,3.0,13.4,0.08,0.34,1.38,6.19,3.38,1.62,7.22,0.15,0.69,0.08,0.34,6.69,3.85,6.77,3.46,0.54,3.41,1.85,8.25
1191,Czech Liga (CZ),1001820,Jan Harustak,J. Harustak,2005-04-16,86.02,29.14,20.34,2,2,0,34.0,17.0,0.0,0.0,4.5,26.47,0.0,0.0,2.0,11.77,5.0,0.0,0.0,3.5,20.59,1.5,8.82,2.0,2.5,2.5,10.0,2.5,14.27,0.0,0.0
1191,Czech Liga (CZ),1001821,Stanislav Petruta,S. Petruta,2005-10-16,56.58,10.69,15.38,20,19,1,665.0,35.0,0.95,2.71,4.47,12.78,0.42,1.2,2.26,6.47,4.95,1.58,4.51,0.26,0.75,0.74,2.1,10.58,7.05,11.11,6.89,0.68,3.18,3.89,11.13
1191,Czech Liga (CZ),1002146,Hamidou Kante,H. Kante,2004-12-18,46.23,9.69,11.29,5,5,0,67.0,13.4,1.0,7.46,2.6,19.4,0.0,0.0,0.8,5.97,1.2,0.8,5.97,0.4,2.98,0.0,0.0,3.8,2.0,4.0,3.6,1.0,8.93,0.8,5.97
1191,Czech Liga (CZ),1002286,Toumani Diakite,T. Diakite,2006-01-19,82.48,17.53,19.59,21,20,1,597.0,29.85,1.0,3.35,6.0,20.1,0.25,0.84,1.3,4.36,4.65,1.3,4.36,0.55,1.84,0.2,0.67,6.85,3.8,7.55,10.75,2.25,8.89,2.15,7.2
1191,Czech Liga (CZ),1002465,Samuel Isife,S. Isife,2004-07-13,71.44,15.21,17.34,30,29,1,723.0,24.93,1.17,4.7,3.41,13.69,0.59,2.35,1.38,5.53,3.9,1.31,5.26,0.31,1.24,0.52,2.07,4.24,3.69,7.72,7.79,1.38,7.09,1.55,6.22
1191,Czech Liga (CZ),1005802,Tomáš  Hellebrand ,T. Hellebrand,2007-08-31,31.35,6.5,8.11,10,10,0,217.0,21.7,0.8,3.68,4.2,19.35,0.1,0.46,0.8,3.69,1.9,1.1,5.07,0.2,0.92,0.3,1.38,5.8,3.7,5.1,6.2,1.1,7.05,2.6,11.98
1191,Czech Liga (CZ),1008473,Kamal Abdullahi,K. Abdullahi,2007-01-16,19.2,2.82,2.88,1,1,0,3.0,3.0,2.0,66.67,0.0,0.0,0.0,0.0,0.0,0.0,1.0,0.0,0.0,0.0,0.0,0.0,0.0,0.0,1.0,2.0,0.0,0.0,,0.0,0.0
1191,Czech Liga (CZ),1008906,John Auta,J. Auta,2006-04-28,57.82,11.93,15.69,26,24,2,745.0,31.04,0.38,1.21,4.17,13.42,0.29,0.94,1.75,5.64,7.12,1.62,5.23,0.08,0.27,0.25,0.81,11.0,5.33,9.42,4.5,0.5,1.94,2.46,7.92
1191,Czech Liga (CZ),1008918,Jan Zíka,J. Zíka,2006-02-02,60.03,15.83,15.0,23,23,0,720.0,31.3,0.74,2.36,5.04,16.11,0.26,0.83,1.48,4.72,3.09,2.09,6.67,0.35,1.11,0.61,1.94,7.39,5.0,7.61,10.65,0.96,3.35,2.57,8.19
1191,Czech Liga (CZ),1009080,Faycal Konate,F. Konate,2006-08-15,19.66,4.67,4.04,3,2,1,14.0,7.0,0.0,0.0,1.0,14.29,0.0,0.0,0.0,0.0,3.0,0.5,7.14,0.0,0.0,0.0,0.0,5.0,2.0,2.5,1.0,0.0,0.0,0.0,0.0
1191,Czech Liga (CZ),1013441,Mohamed Bennour,M. Bennour,,42.73,10.36,9.6,5,5,0,90.0,18.0,0.4,2.22,3.6,20.0,0.2,1.11,0.8,4.45,3.8,0.8,4.44,0.0,0.0,0.0,0.0,7.8,1.8,4.2,1.4,0.4,2.96,1.0,5.56
1191,Czech Liga (CZ),1018016,Mohamed Toure,M. Toure,2005-11-03,64.97,19.13,14.28,11,11,0,330.0,30.0,0.82,2.73,5.91,19.7,0.0,0.0,1.36,4.55,7.82,1.64,5.46,0.0,0.0,0.27,0.91,14.27,4.73,9.27,2.09,0.36,2.48,2.0,6.67
1191,Czech Liga (CZ),1018347,Oliver Mikuda,O. Mikuda,2005-06-01,16.77,3.15,4.16,4,3,1,40.0,13.33,0.67,5.0,2.0,15.0,0.0,0.0,0.33,2.5,1.33,1.0,7.5,0.0,0.0,0.0,0.0,4.67,3.67,3.33,2.67,0.67,5.0,0.33,2.5
1191,Czech Liga (CZ),1018348,Jacques Fokam Sandeu ,J. Sandeu,2001-10-16,32.9,6.49,8.93,12,12,0,245.0,20.42,0.08,0.41,1.92,9.39,0.08,0.41,1.08,5.31,5.5,0.92,4.49,0.0,0.0,0.0,0.0,7.25,3.67,5.17,2.92,0.33,4.67,2.42,11.84
1191,Czech Liga (CZ),1018354,Michal Cupák,M. Cupák,1998-09-26,88.54,16.98,24.32,34,33,1,1899.0,57.55,1.27,2.21,7.52,13.06,0.45,0.79,2.67,4.63,7.39,3.52,6.11,0.3,0.53,0.58,1.0,19.58,10.27,16.67,13.73,1.48,3.22,5.7,9.9
1191,Czech Liga (CZ),1018367,Petr Mirvald,P. Mirvald,2002-10-16,10.39,2.6,1.57,4,3,1,14.0,4.67,0.0,0.0,0.0,0.0,0.0,0.0,0.33,7.14,1.0,0.67,14.29,0.0,0.0,0.0,0.0,2.33,1.67,2.67,0.33,0.0,0.0,0.67,14.29
1191,Czech Liga (CZ),1018419,Daniel Barát,D. Barát,2006-08-16,31.3,7.5,8.34,19,19,0,265.0,13.95,0.42,3.02,2.21,15.85,0.0,0.0,0.58,4.15,2.0,1.0,7.17,0.0,0.0,0.11,0.75,4.11,2.58,4.95,2.21,0.21,3.13,1.05,7.55
1191,Czech Liga (CZ),1018497,Youssoupha Mbodji,Y. Mbodji,2004-01-09,44.44,10.97,7.16,10,9,1,86.0,9.56,0.33,3.49,2.56,26.74,0.11,1.16,0.33,3.49,2.67,0.33,3.49,0.22,2.32,0.0,0.0,1.67,1.0,2.33,3.78,0.78,8.25,0.44,4.65
1191,Czech Liga (CZ),1019191,Emmanuel Godwin,E. Godwin,2005-06-12,68.01,16.39,16.65,11,11,0,214.0,19.45,1.0,5.14,3.27,16.82,0.45,2.34,1.27,6.54,3.91,1.36,7.01,0.36,1.87,0.09,0.47,3.64,2.27,6.36,4.27,1.18,8.51,1.09,5.61
1191,Czech Liga (CZ),1019217,Gibril Sosseh,G. Sosseh,2007-02-04,35.98,9.13,8.62,8,7,1,154.0,22.0,0.71,3.25,4.0,18.18,0.14,0.65,1.0,4.55,3.43,1.0,4.54,0.0,0.0,0.57,2.6,8.29,4.14,6.71,4.43,0.71,6.52,2.43,11.04
1191,Czech Liga (CZ),1019253,Seif  Ali Hindi,S. Ali Hindi,2005-04-26,20.07,4.57,5.3,3,3,0,29.0,9.67,0.0,0.0,1.33,13.79,0.0,0.0,1.0,10.34,2.0,0.67,6.9,0.0,0.0,0.67,6.9,3.0,2.33,2.0,2.0,0.0,0.0,0.67,6.9
1191,Czech Liga (CZ),1020903,Yahaya Danjuma Lawali,Y. Lawali,2006-06-05,55.4,15.98,11.33,6,5,1,122.0,24.4,0.2,0.82,4.4,18.03,0.0,0.0,0.8,3.28,4.4,1.2,4.92,0.6,2.46,0.8,3.28,5.4,3.8,6.0,7.0,0.6,3.42,1.0,4.1
1191,Czech Liga (CZ),1028119,Mubarak  Emmanuel Suleiman,M. Emmanuel Suleiman,2007-04-13,42.76,11.01,8.11,8,8,0,212.0,26.5,1.75,6.6,4.38,16.51,0.38,1.42,1.12,4.24,4.62,1.75,6.6,0.12,0.47,0.12,0.47,8.75,6.38,7.0,4.38,0.5,1.11,1.88,7.07
1191,Czech Liga (CZ),1028953,Vit Valošek,V. Valošek,2007-01-01,16.18,3.44,3.26,3,3,0,24.0,8.0,0.33,4.17,2.0,25.0,0.0,0.0,1.0,12.5,0.33,0.0,0.0,0.33,4.17,0.0,0.0,2.33,1.0,3.0,1.33,0.0,0.0,1.33,16.67
1191,Czech Liga (CZ),1029636,Michal Kroupa,M. Kroupa,2007-01-15,41.23,9.96,10.54,9,9,0,164.0,18.22,0.56,3.05,3.22,17.68,0.0,0.0,0.89,4.88,3.78,0.89,4.88,0.0,0.0,0.22,1.22,5.67,2.0,5.11,1.11,0.11,3.07,1.0,5.49
1191,Czech Liga (CZ),1030799,Ousman Ceesay,O. Ceesay,2005-07-08,11.45,1.2,3.12,2,2,0,15.0,7.5,0.0,0.0,0.5,6.67,0.0,0.0,0.5,6.67,2.0,0.0,0.0,0.0,0.0,0.0,0.0,1.0,1.0,2.5,2.0,0.0,0.0,0.0,0.0
1191,Czech Liga (CZ),1031160,Šimon Drozd,Š. Drozd,2007-05-16,15.98,3.98,0.9,1,1,0,0.0,0.0,0.0,,0.0,,0.0,,0.0,,0.0,0.0,,0.0,,0.0,,0.0,0.0,0.0,0.0,0.0,,0.0,
1191,Czech Liga (CZ),1032358,Denis  Pomahač,D. Pomahač,2004-01-13,103.25,17.57,31.76,1,1,0,52.0,52.0,2.0,3.85,10.0,19.23,0.0,0.0,4.0,7.69,8.0,0.0,0.0,1.0,1.92,2.0,3.85,9.0,8.0,14.0,20.0,3.0,5.77,1.0,1.92
1191,Czech Liga (CZ),1034659,Samuel Victor Elem,S. Elem,2006-06-29,24.16,4.53,6.93,9,8,1,110.0,13.75,0.12,0.91,1.5,10.91,0.12,0.91,0.62,4.54,3.0,1.0,7.27,0.0,0.0,0.25,1.82,4.38,2.0,5.38,2.88,0.12,0.89,0.88,6.36
1191,Czech Liga (CZ),1035551,Jásir Núr,J. Núr,,66.8,15.99,15.63,1,1,0,23.0,23.0,0.0,0.0,2.0,8.7,0.0,0.0,2.0,8.7,7.0,1.0,4.35,0.0,0.0,0.0,0.0,12.0,4.0,7.0,0.0,0.0,,1.0,4.35
1191,Czech Liga (CZ),1044193,Adam Binar,A. Binar,2006-03-22,22.57,4.15,9.0,6,6,0,121.0,20.17,0.0,0.0,1.5,7.44,0.0,0.0,1.17,5.79,2.83,2.0,9.92,0.33,1.65,0.0,0.0,8.33,5.0,8.0,3.67,0.0,1.14,2.33,11.57
1191,Czech Liga (CZ),1044291,Paul Chiemela Ndubuisi,P. Ndubuisi,2005-10-26,36.16,9.63,7.72,8,8,0,101.0,12.62,0.38,2.97,2.38,18.81,0.25,1.98,0.88,6.93,2.12,0.12,0.99,0.12,0.99,0.25,1.98,1.5,2.62,2.5,4.75,0.38,4.19,1.12,8.91
1191,Czech Liga (CZ),1047822,Yusuf Adil Mohamed,Y. Adil Mohamed,,31.72,5.44,8.02,3,3,0,30.0,10.0,0.67,6.67,1.67,16.67,0.0,0.0,0.0,0.0,1.33,0.33,3.33,0.0,0.0,0.0,0.0,2.33,1.0,3.33,1.33,0.0,0.0,1.0,10.0
1191,Czech Liga (CZ),1058843,Filip Podhorny,F. Podhorny,2005-01-03,26.35,4.22,8.82,1,1,0,25.0,25.0,0.0,0.0,1.0,4.0,0.0,0.0,0.0,0.0,2.0,3.0,12.0,0.0,0.0,0.0,0.0,12.0,7.0,13.0,3.0,0.0,0.0,4.0,16.0
1191,Czech Liga (CZ),1059892,Jakub Tichý,J. Tichý,,,,,1,0,1,,,,,,,,,,,,,,,,,,,,,,,,,
1191,Czech Liga (CZ),1064752,Lukas Hruska,L. Hruska,2004-02-28,0.46,0.07,0.09,1,1,0,0.0,0.0,0.0,,0.0,,0.0,,0.0,,0.0,0.0,,0.0,,0.0,,0.0,0.0,0.0,0.0,0.0,,0.0,
1191,Czech Liga (CZ),1065160,Denis Zamazal,D. Zamazal,2006-11-16,6.28,0.77,1.57,1,1,0,4.0,4.0,0.0,0.0,0.0,0.0,0.0,0.0,1.0,25.0,1.0,0.0,0.0,0.0,0.0,0.0,0.0,1.0,1.0,1.0,2.0,0.0,0.0,0.0,0.0
1191,Czech Liga (CZ),1065161,Lukas Kostka,L. Kostka,2007-07-26,6.26,0.77,1.57,1,1,0,6.0,6.0,0.0,0.0,0.0,0.0,0.0,0.0,0.0,0.0,1.0,0.0,0.0,0.0,0.0,0.0,0.0,0.0,2.0,2.0,5.0,1.0,16.67,0.0,0.0
1191,Czech Liga (CZ),1067316,Stepan Ponikelsky,S. Ponikelsky,2007-06-25,39.21,5.58,14.65,3,3,0,105.0,35.0,0.0,0.0,4.33,12.38,0.33,0.95,0.0,0.0,2.67,2.0,5.71,0.33,0.95,0.67,1.9,13.33,6.33,15.67,5.33,1.0,3.25,4.67,13.33
1191,Czech Liga (CZ),1067317,Jiri Zima,J. Zima,2007-12-21,17.86,4.26,5.19,1,1,0,10.0,10.0,0.0,0.0,1.0,10.0,0.0,0.0,0.0,0.0,2.0,1.0,10.0,0.0,0.0,0.0,0.0,3.0,1.0,0.0,0.0,0.0,,2.0,20.0
1191,Czech Liga (CZ),1067910,Idris Hopi,I. Hopi,2008-05-12,42.52,9.6,11.77,2,2,0,47.0,23.5,1.0,4.26,2.0,8.51,0.0,0.0,0.0,0.0,4.0,1.5,6.38,0.0,0.0,1.0,4.26,7.5,3.0,7.5,6.0,0.0,0.0,3.0,12.77
1191,Czech Liga (CZ),1067912,Radek Palan,R. Palan,2007-03-22,15.56,2.61,3.32,2,2,0,28.0,14.0,0.0,0.0,1.5,10.71,0.0,0.0,0.0,0.0,1.0,1.0,7.14,0.0,0.0,0.0,0.0,7.5,3.0,4.5,0.5,0.0,0.0,2.0,14.29
