competition_edition,league,player_id,player_name,player_short_name,player_birthdate,minutes,minutes_tip,minutes_otip,performance_count,performance_included_count,performance_failed_count,possession_count_total,possession_count,possession_count_retained,possession_pct_retained,possession_count_shotwithin10s,possession_count_goalwithin10s,possession_avgdistance,possession_avgduration,reception_count_total,reception_count,reception_count_retained,reception_pct_retained,reception_count_intensepressure_tightspace,reception_count_intensepressure_tightspace_retained,reception_pct_intensepressure_tightspace_retained,reception_count_inspace,longcarry_count_total,longcarry_count,longcarry_count_retained,longcarry_count_forwardtrajectory,longcarry_count_forwardtrajectory_retained,longcarry_count_abovehsr,longcarry_count_forwardtrajectory_abovehsr,longcarry_count_forwardtrajectory_abovehsr_retained,longcarry_pct_forwardtrajectory_abovehsr_retained,longcarry_pct_retained,longcarry_pct_forwardtrajectory_retained,possession_count_forwardmomentum,giveandgo_count,possession_count_beatbymovement,possession_count_beatbypossession,possession_count_drawnpressure,possession_count_drawnpressure_retained,possession_pct_drawnpressure_retained,reception_count_intensepressure_constrainedspace,possession_count_escapedpressure,possession_pct_escapedpressure,reception_count_intensepressure,possession_count_intensepressure_progressed,possession_pct_intensepressure_progressed,possession_count_intensepressure_dangercreated,possession_pct_intensepressure_dangercreated
1209,Niké Liga (SK),1445,Branislav Ňinaj,B. Ňinaj,1994-05-17,77.72,19.4,19.87,16,14,2,467.0,33.36,26.07,78.16,0.86,0.0,3.84,1.52,293.0,20.93,18.43,88.05,0.5,0.29,57.14,19.29,66.0,4.71,4.0,2.86,2.57,0.36,0.07,0.07,100.0,84.85,90.0,0.0,0.43,0.07,0.07,0.21,0.07,33.33,0.5,0.07,14.29,1.0,0.36,35.71,0.07,7.14
1209,Niké Liga (SK),4147,Guram Kashia,G. Kashia,1987-07-04,81.47,24.8,18.56,15,14,1,746.0,53.29,46.79,87.8,0.79,0.07,4.31,1.68,519.0,37.07,34.14,92.1,0.36,0.14,40.0,35.57,130.0,9.29,8.36,5.57,5.0,0.71,0.14,0.07,50.0,90.0,89.74,0.21,0.21,0.0,0.0,0.21,0.14,66.67,0.57,0.07,12.5,1.0,0.21,21.43,0.07,7.14
1209,Niké Liga (SK),5882,Kevin Wimmer,K. Wimmer,1992-11-15,68.24,23.24,14.96,15,15,0,733.0,48.87,38.87,79.54,1.47,0.27,4.11,1.39,528.0,35.2,28.53,81.06,0.87,0.47,53.85,33.07,104.0,6.93,5.6,4.47,3.47,1.47,1.2,0.8,66.67,80.77,77.61,0.0,1.47,0.0,0.4,1.0,0.67,66.67,1.6,0.13,8.34,1.93,0.67,34.48,0.13,6.9
1209,Niké Liga (SK),9107,Róbert Mak,R. Mak,1991-03-08,44.82,15.31,9.56,30,29,1,451.0,15.55,10.83,69.62,2.24,0.31,5.41,1.59,356.0,12.28,8.76,71.35,1.69,1.0,59.18,7.55,106.0,3.66,2.1,2.07,0.9,0.69,0.52,0.14,26.67,57.55,43.33,0.66,1.21,0.52,0.41,0.28,0.28,100.0,2.79,0.48,17.28,4.52,0.79,17.56,1.0,22.14
1209,Niké Liga (SK),9522,Samuel  Štefánik,S. Štefánik,1991-11-16,80.12,21.61,21.76,32,28,4,1013.0,36.18,26.0,71.87,3.43,0.46,5.54,1.77,637.0,22.75,16.5,72.53,1.64,0.93,56.52,18.32,236.0,8.43,5.82,3.75,2.36,1.5,0.93,0.43,46.15,69.07,62.86,1.32,1.43,0.18,0.39,0.57,0.25,43.75,2.29,0.39,17.19,4.36,1.0,22.95,0.68,15.57
1209,Niké Liga (SK),10767,Vladimír Weiss,V. Weiss,1989-11-30,54.54,17.79,11.82,27,26,1,853.0,32.81,24.42,74.44,2.12,0.23,6.9,2.31,671.0,25.81,19.96,77.35,1.73,0.81,46.67,21.46,235.0,9.04,6.58,4.12,2.88,1.12,0.77,0.54,70.0,72.77,70.1,0.27,2.69,0.38,0.54,1.04,0.65,62.96,2.5,0.58,23.08,4.08,0.54,13.21,0.27,6.6
1209,Niké Liga (SK),12281,Adam Jakubech,A. Jakubech,1997-01-02,90.74,24.37,22.18,9,8,1,204.0,25.5,14.5,56.86,0.0,0.0,3.93,3.01,110.0,13.75,9.12,66.36,0.0,0.0,,13.62,31.0,3.88,2.25,2.0,1.0,0.0,0.0,0.0,,58.06,50.0,0.0,0.0,0.0,0.0,0.12,0.0,0.0,0.25,0.12,50.0,0.25,0.0,0.0,0.0,0.0
1209,Niké Liga (SK),12567,Erik Sabo,E. Sabo,1991-11-22,89.09,24.69,20.17,28,26,2,1299.0,49.96,41.96,83.99,2.04,0.27,5.11,1.67,893.0,34.35,30.54,88.91,0.31,0.15,50.0,31.46,275.0,10.58,8.12,5.42,4.04,1.54,0.77,0.46,60.0,76.73,74.47,0.31,1.0,0.15,0.19,0.58,0.35,60.0,0.42,0.12,27.27,1.08,0.23,21.43,0.19,17.86
1209,Niké Liga (SK),12570,Michal Ďuriš,M. Ďuriš,1988-06-01,37.23,9.44,8.15,24,21,3,176.0,8.38,4.71,56.25,1.81,0.33,5.06,1.44,111.0,5.29,3.1,58.56,1.24,0.33,26.92,2.9,39.0,1.86,1.05,1.19,0.48,0.24,0.24,0.05,20.0,56.41,40.0,0.62,1.1,0.43,0.33,0.05,0.0,0.0,1.86,0.29,15.39,2.48,0.43,17.31,0.71,28.85
1209,Niké Liga (SK),12721,Miloš Kratochvíl,M. Kratochvíl,1996-04-26,84.94,23.54,19.21,22,20,2,846.0,42.3,31.9,75.41,3.45,0.25,3.43,1.22,565.0,28.25,23.0,81.42,1.35,0.95,70.37,22.3,102.0,5.1,3.75,2.05,1.35,0.65,0.4,0.3,75.0,73.53,65.85,1.0,0.7,0.25,0.05,0.35,0.15,42.86,2.6,0.45,17.31,4.1,0.55,13.41,0.75,18.29
1209,Niké Liga (SK),13037,Andraž Šporar,A. Šporar,1994-02-27,78.68,24.24,18.07,13,12,1,253.0,21.08,13.08,62.06,4.92,1.17,6.26,1.52,171.0,14.25,9.25,64.91,3.25,1.58,48.72,7.0,66.0,5.5,2.83,3.33,1.5,2.25,2.0,0.92,45.83,51.51,45.0,1.25,1.67,1.58,0.92,0.33,0.17,50.0,4.5,0.67,14.81,7.08,1.33,18.82,2.25,31.76
1209,Niké Liga (SK),13224,Roman Procházka,R. Procházka,1989-03-14,63.34,17.5,13.43,20,18,2,490.0,27.22,20.17,74.08,2.56,0.33,4.02,1.45,312.0,17.33,13.5,77.88,0.72,0.39,53.85,14.06,85.0,4.72,3.94,2.11,1.78,0.22,0.17,0.11,66.67,83.53,84.21,0.17,0.89,0.11,0.06,0.22,0.11,50.0,1.39,0.22,16.0,2.39,0.56,23.26,0.56,23.26
1209,Niké Liga (SK),13517,Dominik Sváček,D. Sváček,1997-02-24,82.8,23.51,21.45,4,4,0,114.0,28.5,20.75,72.8,0.25,0.0,4.06,2.72,77.0,19.25,13.5,70.13,0.25,0.25,100.0,18.25,16.0,4.0,3.5,2.75,2.25,0.25,0.0,0.0,,87.5,81.82,0.0,0.0,0.0,0.0,0.25,0.25,100.0,0.25,0.0,0.0,0.25,0.25,100.0,0.0,0.0
1209,Niké Liga (SK),13627,Martin Vantruba,M. Vantruba,1998-02-07,98.45,26.04,22.44,10,7,3,159.0,22.71,16.0,70.44,0.14,0.0,3.86,2.7,108.0,15.43,12.0,77.78,0.29,0.14,50.0,15.43,28.0,4.0,2.14,2.14,1.14,0.0,0.0,0.0,,53.57,53.33,0.0,0.0,0.0,0.0,0.14,0.14,100.0,0.43,0.14,33.33,0.57,0.29,50.0,0.0,0.0
1209,Niké Liga (SK),13707,Ivan Rehák,I. Rehák,2001-04-27,97.51,27.43,22.31,6,5,1,199.0,39.8,29.0,72.86,0.2,0.0,3.81,2.72,134.0,26.8,20.8,77.61,0.2,0.0,0.0,27.2,24.0,4.8,2.6,3.2,2.0,0.0,0.0,0.0,,54.17,62.5,0.0,0.0,0.0,0.0,0.2,0.2,100.0,0.2,0.0,0.0,0.8,0.0,0.0,0.0,0.0
1209,Niké Liga (SK),13708,Dominik Takáč,D. Takáč,1999-01-12,97.74,29.04,22.8,22,21,1,482.0,22.95,13.81,60.17,0.05,0.05,4.05,2.75,294.0,14.0,9.38,67.01,0.24,0.1,40.0,13.71,77.0,3.67,1.86,2.43,1.1,0.0,0.0,0.0,,50.65,45.1,0.0,0.0,0.0,0.0,0.14,0.1,66.67,0.48,0.14,30.0,0.62,0.19,30.77,0.0,0.0
1209,Niké Liga (SK),13805,Markus Poom,M. Poom,1999-02-27,90.83,25.34,21.72,13,13,0,493.0,37.92,29.0,76.47,3.0,0.08,3.25,1.14,309.0,23.77,19.08,80.26,1.46,0.92,63.16,19.0,55.0,4.23,3.46,2.15,1.62,0.38,0.23,0.23,100.0,81.82,75.0,0.85,0.54,0.23,0.0,0.15,0.0,0.0,2.23,0.23,10.35,3.31,0.92,27.91,0.38,11.63
1209,Niké Liga (SK),14380,Hilary Gong Chukwah,H. Gong,1998-10-10,60.3,16.65,13.19,17,14,3,290.0,20.71,10.43,50.35,4.07,0.79,6.84,1.88,195.0,13.93,7.07,50.77,2.14,0.86,40.0,9.57,88.0,6.29,3.29,3.93,1.79,1.86,1.43,0.5,35.0,52.27,45.45,0.79,1.5,0.64,1.07,0.36,0.21,60.0,2.71,0.29,10.53,5.21,1.93,36.99,0.86,16.44
1209,Niké Liga (SK),14578,Philip Azango Elayo,P. Azango,1997-05-21,57.49,15.67,12.85,24,23,1,527.0,22.91,14.7,64.14,3.83,0.3,7.34,2.15,361.0,15.7,10.3,65.65,3.26,1.61,49.33,9.35,178.0,7.74,4.43,4.52,2.35,1.48,1.09,0.35,32.0,57.3,51.92,0.83,1.35,0.78,1.04,0.43,0.22,50.0,4.48,0.91,20.39,6.96,1.78,25.62,1.26,18.12
1209,Niké Liga (SK),14672,Kingsley Madu,K. Madu,1995-12-12,39.47,10.13,9.85,5,5,0,93.0,18.6,11.8,63.44,0.8,0.0,4.98,1.57,59.0,11.8,7.8,66.11,0.2,0.0,0.0,11.4,16.0,3.2,1.6,1.4,0.6,0.6,0.4,0.2,50.0,50.0,42.86,0.2,1.0,0.0,0.0,0.4,0.0,0.0,0.4,0.2,50.0,0.8,0.2,25.0,0.2,25.0
1209,Niké Liga (SK),15520,Danylo Ignatenko,D. Ignatenko,1997-03-13,59.38,20.14,12.13,25,25,0,984.0,39.36,33.84,85.98,2.08,0.24,3.35,1.25,715.0,28.6,25.96,90.77,0.6,0.36,60.0,24.48,118.0,4.72,4.0,1.76,1.52,0.56,0.2,0.2,100.0,84.75,86.36,0.56,0.6,0.0,0.2,0.2,0.16,80.0,1.2,0.28,23.33,2.04,0.24,11.76,0.32,15.69
1209,Niké Liga (SK),16129,Martin Chrien,M. Chrien,1995-09-08,58.34,13.78,16.52,20,19,1,355.0,18.68,10.26,54.93,3.0,0.21,5.09,1.38,187.0,9.84,5.68,57.75,2.58,1.05,40.82,5.74,70.0,3.68,2.21,2.0,1.11,0.84,0.47,0.21,44.44,60.0,55.26,0.74,1.53,0.37,0.26,0.16,0.11,66.67,3.42,0.26,7.69,4.84,0.89,18.48,1.0,20.65
1209,Niké Liga (SK),16450,Filip Blažek,F. Blažek,1998-03-11,67.39,17.23,16.4,21,19,2,603.0,31.74,24.95,78.61,1.0,0.05,4.66,1.66,397.0,20.89,18.37,87.91,0.37,0.11,28.57,20.32,116.0,6.11,4.89,3.47,2.79,0.79,0.26,0.21,80.0,80.17,80.3,0.05,0.63,0.05,0.05,0.26,0.05,20.0,0.58,0.0,0.0,1.05,0.37,35.0,0.05,5.0
1209,Niké Liga (SK),16785,Maciej Kevin Dąbrowski,K. Dąbrowski,1998-06-09,96.05,23.54,27.26,13,13,0,214.0,16.46,7.92,48.13,0.08,0.0,5.31,3.75,106.0,8.15,4.0,49.06,0.15,0.0,0.0,7.85,51.0,3.92,1.62,2.0,0.85,0.0,0.0,0.0,,41.18,42.31,0.0,0.0,0.0,0.0,0.08,0.08,100.0,0.15,0.0,0.0,0.46,0.15,33.33,0.0,0.0
1209,Niké Liga (SK),16822,Lukáš Skovajsa,L. Skovajsa,1994-03-27,66.1,17.02,14.98,18,18,0,521.0,28.94,22.44,77.54,1.17,0.22,3.71,1.24,317.0,17.61,14.33,81.39,0.83,0.39,46.67,15.5,62.0,3.44,2.5,2.0,1.33,0.78,0.39,0.22,57.14,72.58,66.67,0.0,0.61,0.17,0.11,0.28,0.17,60.0,1.39,0.11,8.0,1.89,0.06,2.94,0.17,8.82
1209,Niké Liga (SK),16827,Abdul Musa Zubairu,A. Zubairu,1998-10-03,73.03,20.42,18.52,28,27,1,1196.0,44.3,36.22,81.77,2.7,0.19,4.86,1.63,796.0,29.48,25.15,85.3,1.41,0.78,55.26,24.07,238.0,8.81,7.07,3.78,2.93,0.52,0.26,0.19,71.43,80.25,77.45,1.19,1.48,0.26,0.37,0.56,0.48,86.67,2.41,0.48,20.0,3.89,0.74,19.05,0.44,11.43
1209,Niké Liga (SK),16830,Jakub Paur,J. Paur,1992-07-04,53.95,14.33,11.94,23,22,1,415.0,18.86,12.91,68.43,2.41,0.23,3.79,1.19,268.0,12.18,8.91,73.14,2.23,1.05,46.94,8.14,63.0,2.86,2.05,1.36,0.82,0.64,0.41,0.18,44.44,71.43,60.0,0.23,1.14,0.32,0.23,0.14,0.05,33.33,3.0,0.5,16.67,4.32,0.59,13.68,0.68,15.79
1209,Niké Liga (SK),16838,Adrián Slávik,A. Slávik,1999-04-12,29.97,6.16,8.05,11,11,0,56.0,5.09,1.82,35.71,0.64,0.0,8.87,2.25,27.0,2.45,0.73,29.63,0.64,0.09,14.29,1.73,19.0,1.73,0.55,1.36,0.36,0.64,0.45,0.18,40.0,31.58,26.67,0.0,0.18,0.09,0.45,0.18,0.0,0.0,0.64,0.09,14.29,1.0,0.36,36.36,0.18,18.18
1209,Niké Liga (SK),16861,Dávid Strelec,D. Strelec,2001-04-04,51.86,15.63,11.53,3,3,0,36.0,12.0,6.0,50.0,2.0,0.33,5.86,1.4,25.0,8.33,4.33,52.0,1.67,0.67,40.0,5.67,9.0,3.0,1.33,1.67,0.33,0.67,0.33,0.0,0.0,44.44,20.0,0.33,2.33,0.67,1.33,0.0,0.0,,2.0,0.67,33.33,4.33,1.33,30.77,1.33,30.77
1209,Niké Liga (SK),16863,Kenan Bajrič,K. Bajrič,1994-12-20,98.3,29.7,22.38,27,26,1,1453.0,55.88,48.19,86.24,1.5,0.19,3.84,1.32,1043.0,40.12,36.58,91.18,0.46,0.23,50.0,38.54,211.0,8.12,6.38,4.19,3.27,1.5,0.5,0.38,76.92,78.67,77.98,0.15,0.77,0.04,0.23,0.65,0.27,41.18,0.85,0.23,27.27,1.73,0.73,42.22,0.08,4.44
1209,Niké Liga (SK),17002,Łukasz Wolsztyński,Ł. Wolsztyński,1994-12-08,41.32,10.01,12.2,8,8,0,99.0,12.38,6.38,51.52,1.75,0.12,3.63,1.17,56.0,7.0,2.75,39.29,2.12,0.62,29.41,2.88,15.0,1.88,1.12,0.88,0.5,0.38,0.25,0.0,0.0,60.0,57.14,0.88,1.25,0.0,0.12,0.12,0.12,100.0,2.5,0.12,5.0,4.0,1.0,25.0,0.88,21.87
1209,Niké Liga (SK),17170,Nikita Mihhailov,N. Mihhailov,2002-06-20,38.19,8.56,9.5,3,3,0,44.0,14.67,8.67,59.09,1.67,0.0,5.72,1.78,22.0,7.33,6.33,86.37,0.33,0.0,0.0,6.67,11.0,3.67,2.0,1.0,0.67,0.33,0.0,0.0,,54.55,66.67,0.33,1.67,0.0,0.0,0.0,0.0,,0.33,0.0,0.0,0.67,0.0,0.0,0.0,0.0
1209,Niké Liga (SK),17203,Svetozar Marković,S. Marković,2000-03-23,97.79,27.64,22.61,13,12,1,593.0,49.42,43.5,88.03,0.92,0.25,3.77,1.32,409.0,34.08,32.25,94.62,0.25,0.08,33.33,33.08,85.0,7.08,5.83,2.42,2.25,1.33,0.08,0.0,0.0,82.35,93.1,0.08,1.0,0.0,0.17,0.08,0.08,100.0,0.42,0.08,20.0,0.83,0.0,0.0,0.0,0.0
1209,Niké Liga (SK),17213,Aleksandar Popović,A. Popović,1999-09-27,96.22,27.08,22.9,23,21,2,542.0,25.81,18.71,72.51,0.14,0.0,4.45,3.01,338.0,16.1,12.81,79.59,0.1,0.0,0.0,15.52,107.0,5.1,3.19,3.38,2.1,0.0,0.0,0.0,,62.62,61.97,0.0,0.0,0.0,0.0,0.1,0.1,100.0,0.24,0.1,40.0,0.52,0.29,54.55,0.0,0.0
1209,Niké Liga (SK),17294,Benjamín Szaráz,B. Száraz,1998-03-09,93.8,21.5,28.64,16,15,1,341.0,22.73,12.07,53.08,0.2,0.0,4.15,3.22,187.0,12.47,7.4,59.36,0.2,0.07,33.33,11.53,63.0,4.2,2.07,2.87,1.6,0.0,0.0,0.0,,49.21,55.82,0.0,0.0,0.0,0.0,0.07,0.0,0.0,0.2,0.0,0.0,0.27,0.07,25.0,0.0,0.0
1209,Niké Liga (SK),17307,Kristóf Domonkos,K. Domonkos,1998-08-17,46.38,9.28,12.62,10,10,0,157.0,15.7,9.2,58.6,1.7,0.3,3.56,1.08,89.0,8.9,5.7,64.04,1.4,0.3,21.43,6.0,20.0,2.0,1.1,1.2,0.4,0.7,0.4,0.1,25.0,55.0,33.33,0.4,0.7,0.5,0.4,0.1,0.0,0.0,2.0,0.4,20.0,2.9,0.7,24.14,0.3,10.35
1209,Niké Liga (SK),17308,Christián Herc,C. Herc,1998-09-30,32.15,9.68,7.2,8,7,1,65.0,9.29,4.86,52.31,2.14,0.29,3.03,0.86,36.0,5.14,2.43,47.22,1.14,0.29,25.0,3.29,8.0,1.14,0.86,1.0,0.71,0.29,0.29,0.29,100.0,75.0,71.43,0.57,0.43,0.29,0.14,0.29,0.14,50.0,1.43,0.0,0.0,2.43,0.43,17.65,0.86,35.29
1209,Niké Liga (SK),17309,Kristián Koštrna,K. Koštrna,1993-12-15,82.09,22.76,18.41,20,19,1,923.0,48.58,40.05,82.45,1.68,0.16,4.19,1.57,605.0,31.84,27.68,86.94,0.42,0.32,75.0,30.11,155.0,8.16,6.26,4.0,3.16,1.21,0.68,0.47,69.23,76.77,78.95,0.11,0.79,0.05,0.0,0.11,0.0,0.0,0.58,0.16,27.27,1.68,0.42,25.0,0.21,12.5
1209,Niké Liga (SK),17314,Martin Bednár,M. Bednár,1999-04-22,92.09,25.22,23.81,31,30,1,1348.0,44.93,35.8,79.67,1.7,0.2,4.36,1.55,816.0,27.2,23.33,85.79,0.43,0.2,46.15,24.77,219.0,7.3,5.8,3.17,2.57,1.23,0.4,0.3,75.0,79.45,81.05,0.1,0.87,0.13,0.17,0.43,0.2,46.15,0.53,0.03,6.25,1.17,0.3,25.71,0.2,17.14
1209,Niké Liga (SK),17316,César Rodolfo Blackman Camarena ,C. Blackman,1998-04-02,87.47,26.36,19.46,27,26,1,1254.0,48.23,36.73,76.16,3.85,0.58,5.87,1.81,902.0,34.69,28.0,80.71,2.23,1.23,55.17,30.23,301.0,11.58,7.35,6.69,3.92,2.23,1.73,0.92,53.33,63.45,58.62,0.19,3.58,0.27,1.96,1.0,0.54,53.85,3.85,0.88,23.0,5.38,1.42,26.43,0.62,11.43
1209,Niké Liga (SK),17328,Taras Bondarenko,T. Bondarenko,1992-09-23,87.97,21.98,23.96,27,27,0,1172.0,43.41,36.37,83.79,1.22,0.11,5.5,1.68,738.0,27.33,24.52,89.7,0.15,0.04,25.0,25.59,290.0,10.74,9.07,4.41,3.63,1.96,0.78,0.67,85.71,84.48,82.35,0.07,0.52,0.07,0.19,1.04,0.44,42.86,0.3,0.11,37.5,0.63,0.11,17.65,0.04,5.88
1209,Niké Liga (SK),17859,Tigran Barseghyan,T. Barseghyan,1993-09-22,68.83,19.46,15.51,25,24,1,684.0,28.5,16.96,59.5,4.92,0.75,5.98,1.62,524.0,21.83,13.33,61.07,3.5,1.62,46.43,14.38,181.0,7.54,3.42,4.67,1.71,2.21,1.79,0.46,25.58,45.3,36.61,1.0,1.29,0.75,1.33,0.62,0.38,60.0,5.25,0.75,14.29,7.88,1.54,19.58,1.38,17.46
1209,Niké Liga (SK),18683,Sean Goss,S. Goss,1995-10-01,68.93,18.14,14.87,7,7,0,276.0,39.43,32.86,83.33,3.43,0.29,4.35,1.65,184.0,26.29,22.71,86.41,0.43,0.0,0.0,24.29,48.0,6.86,6.57,3.29,3.14,0.43,0.29,0.29,100.0,95.83,95.65,0.0,1.14,0.0,0.14,0.29,0.29,100.0,0.57,0.0,0.0,1.14,0.43,37.5,0.0,0.0
1209,Niké Liga (SK),18693,Osman Kakay,O. Kakay,1997-08-25,62.01,16.19,15.9,29,28,1,769.0,27.46,18.86,68.66,2.68,0.21,5.55,1.77,498.0,17.79,13.18,74.1,1.14,0.68,59.38,15.07,169.0,6.04,3.61,3.93,2.25,1.14,0.93,0.5,53.85,59.76,57.27,0.25,1.68,0.39,0.68,0.21,0.07,33.33,1.39,0.25,17.95,3.0,1.11,36.9,0.39,13.1
1209,Niké Liga (SK),19307,Jan-Christoph Bartels,J. Bartels,1999-01-13,98.5,26.87,24.16,6,6,0,175.0,29.17,21.17,72.57,0.17,0.0,4.9,3.59,105.0,17.5,14.5,82.86,0.0,0.0,,16.83,43.0,7.17,4.0,2.5,1.0,0.17,0.0,0.0,,55.81,40.0,0.0,0.0,0.0,0.0,0.17,0.17,100.0,0.33,0.33,100.0,0.5,0.0,0.0,0.0,0.0
1209,Niké Liga (SK),20060,Michal Sipľak,M. Sipľak,1996-02-02,93.05,22.45,26.11,27,27,0,1028.0,38.07,27.63,72.57,1.78,0.07,3.7,1.25,690.0,25.56,20.15,78.84,0.93,0.41,44.0,24.0,153.0,5.67,4.15,3.44,2.74,1.3,0.67,0.44,66.67,73.2,79.57,0.11,1.19,0.07,0.19,0.48,0.26,53.85,1.22,0.04,3.03,2.37,0.48,20.31,0.19,7.81
1209,Niké Liga (SK),20064,Milan Dimun,M. Dimun,1996-09-19,72.84,18.17,21.68,15,14,1,512.0,36.57,26.43,72.27,2.0,0.21,4.41,1.43,314.0,22.43,17.57,78.34,1.07,0.43,40.0,18.36,98.0,7.0,4.86,3.79,2.86,1.07,0.5,0.21,42.86,69.39,75.47,0.43,0.71,0.14,0.21,0.36,0.36,100.0,1.93,0.21,11.11,3.14,0.86,27.27,0.5,15.91
1209,Niké Liga (SK),22117,Loïc Bessilé,L. Bessilé,1999-02-19,94.9,26.07,22.63,21,21,0,988.0,47.05,39.29,83.5,1.0,0.1,3.9,1.44,657.0,31.29,28.1,89.8,0.19,0.05,25.0,28.86,134.0,6.38,4.9,3.62,2.81,0.43,0.1,0.1,100.0,76.87,77.63,0.19,0.0,0.05,0.05,0.43,0.29,66.67,0.33,0.05,14.29,0.52,0.19,36.36,0.14,27.27
1209,Niké Liga (SK),23737,Kelvin Ofori,K. Ofori,2001-07-27,50.3,18.33,10.05,14,14,0,393.0,28.07,19.64,69.98,4.07,0.57,6.89,2.04,287.0,20.5,14.71,71.78,3.71,1.79,48.08,14.71,119.0,8.5,6.29,3.36,2.14,0.79,0.5,0.14,28.57,73.95,63.83,0.93,2.36,0.21,1.5,0.36,0.14,40.0,4.79,1.29,26.87,6.5,0.71,10.99,0.86,13.19
1209,Niké Liga (SK),24017,Erik Daniel,E. Daniel,1992-02-04,85.64,19.55,24.3,29,28,1,948.0,33.86,18.46,54.53,5.21,0.46,8.0,2.13,593.0,21.18,11.89,56.16,3.04,1.18,38.82,15.79,343.0,12.25,6.86,5.96,2.64,2.36,1.46,0.46,31.71,55.98,44.31,0.71,3.46,0.71,2.04,0.82,0.29,34.78,3.75,1.07,28.57,6.93,1.54,22.16,1.5,21.65
1209,Niké Liga (SK),24096,Martin Trnovský,M. Trnovský,2000-06-07,99.43,33.66,18.96,6,6,0,152.0,25.33,17.17,67.76,0.0,0.0,3.25,2.26,98.0,16.33,12.83,78.57,0.17,0.17,100.0,16.67,12.0,2.0,1.33,0.83,0.67,0.0,0.0,0.0,,66.67,80.0,0.0,0.0,0.0,0.0,0.17,0.0,0.0,0.33,0.17,50.0,0.83,0.17,20.0,0.0,0.0
1209,Niké Liga (SK),24104,Michal Škvarka,M. Škvarka,1992-08-19,44.55,13.01,13.68,2,2,0,60.0,30.0,24.5,81.66,2.0,0.0,3.48,1.54,42.0,21.0,17.0,80.95,1.0,1.0,100.0,17.0,6.0,3.0,2.0,1.5,1.0,0.0,0.0,0.0,,66.67,66.67,0.5,1.0,0.0,0.0,0.0,0.0,,1.0,0.0,0.0,3.0,1.5,50.0,0.5,16.67
1209,Niké Liga (SK),24209,Peter Pokorný,P. Pokorný,2001-08-08,62.89,18.87,13.94,20,19,1,625.0,32.89,27.05,82.24,1.42,0.05,4.97,1.81,437.0,23.0,20.37,88.56,0.32,0.11,33.33,19.63,138.0,7.26,6.26,3.16,2.79,0.21,0.05,0.05,100.0,86.23,88.33,0.58,0.21,0.16,0.16,0.32,0.16,50.0,1.05,0.16,15.0,1.63,0.26,16.13,0.26,16.13
1209,Niké Liga (SK),24210,Martin Šulek,M. Šulek,1998-01-15,47.17,10.88,12.78,10,10,0,183.0,18.3,11.3,61.75,2.0,0.2,4.12,1.31,108.0,10.8,6.5,60.18,1.0,0.4,40.0,9.1,31.0,3.1,1.5,2.0,1.1,0.5,0.4,0.2,50.0,48.39,55.0,0.1,1.0,0.3,0.1,0.1,0.0,0.0,1.5,0.1,6.67,2.2,1.1,50.0,0.4,18.18
1209,Niké Liga (SK),24211,Michal Tomič,M. Tomič,1999-03-30,36.62,9.28,8.2,12,11,1,163.0,14.82,9.64,65.03,1.09,0.09,4.23,1.27,99.0,9.0,6.64,73.74,0.45,0.18,40.0,7.73,29.0,2.64,1.45,1.55,0.82,1.0,0.64,0.18,28.57,55.17,52.94,0.0,0.82,0.09,0.18,0.09,0.0,0.0,0.73,0.09,12.5,1.73,0.27,15.79,0.27,15.79
1209,Niké Liga (SK),24212,Ján Bernát,J. Bernát,2001-01-10,43.29,12.13,8.2,10,10,0,190.0,19.0,12.8,67.37,1.9,0.2,5.52,1.67,124.0,12.4,8.6,69.36,1.2,0.4,33.33,9.0,53.0,5.3,3.8,2.5,1.6,0.3,0.3,0.0,0.0,71.7,64.0,0.3,1.4,0.3,0.0,0.2,0.1,50.0,1.8,0.6,33.33,3.0,0.4,13.33,0.3,10.0
1209,Niké Liga (SK),24215,Dávid Šipoš,D. Šipoš,1998-08-14,93.23,24.71,24.72,6,5,1,163.0,32.6,21.2,65.03,0.2,0.0,5.32,3.23,85.0,17.0,11.2,65.88,0.0,0.0,,16.2,32.0,6.4,4.4,4.4,3.4,0.0,0.0,0.0,,68.75,77.27,0.0,0.0,0.0,0.0,0.0,0.0,,0.6,0.2,33.33,0.6,0.2,33.33,0.0,0.0
1209,Niké Liga (SK),24216,Dominik Špiriak,D. Špiriak,1999-03-22,96.02,21.9,27.11,26,25,1,821.0,32.84,24.52,74.66,0.84,0.0,4.39,1.47,453.0,18.12,14.92,82.34,0.44,0.24,54.55,16.68,142.0,5.68,3.72,2.4,1.64,1.72,0.48,0.24,50.0,65.49,68.33,0.12,0.44,0.0,0.0,0.52,0.24,46.15,0.64,0.04,6.25,0.96,0.32,33.33,0.04,4.17
1209,Niké Liga (SK),24217,Alexander Mojžiš,A. Mojžiš,1999-01-02,86.74,20.14,22.88,22,21,1,738.0,35.14,23.76,67.61,1.1,0.0,5.49,1.7,395.0,18.81,14.81,78.73,0.38,0.14,37.5,17.43,162.0,7.71,5.33,3.52,2.76,1.57,0.57,0.38,66.67,69.14,78.38,0.0,0.57,0.0,0.0,1.14,0.67,58.33,0.43,0.0,0.0,0.71,0.19,26.67,0.1,13.33
1209,Niké Liga (SK),24218,Martin Gamboš,M. Gamboš,1998-01-23,49.18,11.4,14.0,20,19,1,311.0,16.37,11.21,68.49,1.68,0.16,3.39,1.1,165.0,8.68,6.47,74.55,0.74,0.26,35.72,6.11,37.0,1.95,1.32,0.84,0.58,0.53,0.21,0.05,25.0,67.57,68.75,0.32,0.74,0.11,0.0,0.05,0.0,0.0,1.11,0.21,19.05,2.21,0.16,7.14,0.11,4.76
1209,Niké Liga (SK),24389,Luka Silagadze,L. Silagadze,1999-04-21,58.93,14.81,17.59,14,11,3,200.0,18.18,9.91,54.5,3.0,0.45,7.78,2.08,123.0,11.18,6.55,58.54,1.82,0.45,25.0,7.82,67.0,6.09,3.27,4.09,2.18,1.73,1.36,0.73,53.33,53.73,53.33,0.82,1.45,0.36,0.64,0.09,0.0,0.0,2.09,0.27,13.04,3.82,0.82,21.43,0.73,19.05
1209,Niké Liga (SK),26093,Andreas Gruber,A. Gruber,1995-06-29,69.87,19.71,15.96,29,27,2,482.0,17.85,11.63,65.15,3.41,0.37,3.52,1.09,310.0,11.48,7.78,67.74,2.0,1.04,51.85,8.22,59.0,2.19,1.52,1.59,0.96,0.59,0.44,0.19,41.67,69.49,60.47,0.56,1.48,0.56,0.15,0.11,0.04,33.33,2.44,0.15,6.06,3.81,0.52,13.59,0.93,24.27
1209,Niké Liga (SK),26946,Daiki Matsuoka,D. Matsuoka,2001-06-01,37.87,11.34,8.94,8,7,1,109.0,15.57,12.57,80.73,0.71,0.14,4.27,1.38,76.0,10.86,8.86,81.58,0.57,0.43,75.0,9.29,15.0,2.14,1.86,0.43,0.43,0.43,0.0,0.0,,86.67,100.0,0.29,1.14,0.0,0.0,0.0,0.0,,0.71,0.29,40.0,1.14,0.43,37.5,0.0,0.0
1209,Niké Liga (SK),27754,Leonardo Lukačević,L. Lukačević,1999-01-21,51.28,13.44,13.33,12,12,0,271.0,22.58,14.25,63.1,1.92,0.0,4.69,1.44,171.0,14.25,9.75,68.42,1.25,0.58,46.67,11.92,50.0,4.17,2.25,2.83,1.42,0.83,0.58,0.25,42.86,54.0,50.0,0.08,1.25,0.17,0.5,0.17,0.0,0.0,1.58,0.25,15.79,2.83,0.67,23.53,0.33,11.76
1209,Niké Liga (SK),29610,Denys Taraduda,D. Taraduda,2000-08-17,94.13,25.94,21.52,11,11,0,550.0,50.0,41.64,83.27,1.73,0.09,4.61,1.68,343.0,31.18,28.0,89.8,0.18,0.0,0.0,30.27,105.0,9.55,8.09,3.36,2.64,1.45,0.27,0.18,66.67,84.76,78.38,0.18,0.36,0.09,0.09,0.18,0.0,0.0,0.36,0.09,25.0,0.91,0.18,20.0,0.09,10.0
1209,Niké Liga (SK),29645,Jakub  Holúbek,J. Holúbek,1991-01-12,72.06,19.25,16.24,17,17,0,544.0,32.0,23.71,74.08,1.71,0.24,5.0,1.65,367.0,21.59,17.0,78.75,0.94,0.35,37.5,20.53,108.0,6.35,4.76,3.82,3.0,0.94,0.65,0.59,90.91,75.0,78.46,0.06,1.94,0.12,0.12,0.24,0.12,50.0,1.41,0.24,16.67,2.12,0.35,16.67,0.12,5.56
1209,Niké Liga (SK),30010,Moritz Römling,M. Römling,2001-04-30,34.84,9.29,8.31,11,11,0,167.0,15.18,8.73,57.49,1.09,0.0,4.93,1.37,97.0,8.82,5.64,63.92,0.91,0.18,20.0,6.91,33.0,3.0,1.64,2.0,1.0,0.73,0.55,0.09,16.67,54.55,50.0,0.0,1.09,0.27,0.27,0.27,0.09,33.33,1.0,0.0,0.0,2.0,0.36,18.18,0.18,9.09
1209,Niké Liga (SK),31119,Roman Potočný,R. Potočný,1991-04-25,57.2,12.03,17.56,17,16,1,168.0,10.5,5.5,52.38,1.62,0.12,2.79,0.85,103.0,6.44,3.31,51.46,2.31,0.75,32.43,2.88,14.0,0.88,0.38,0.38,0.19,0.25,0.19,0.06,33.33,42.86,50.0,0.12,0.88,0.5,0.19,0.06,0.0,0.0,2.88,0.25,8.7,3.69,0.06,1.69,0.69,18.64
1209,Niké Liga (SK),32033,Daniels Balodis,D. Balodis,1998-06-10,73.92,16.29,21.95,16,16,0,438.0,27.38,22.25,81.28,0.62,0.06,4.08,1.53,298.0,18.62,16.38,87.92,0.44,0.25,57.14,17.75,68.0,4.25,3.69,2.19,2.0,0.44,0.06,0.06,100.0,86.77,91.43,0.06,0.44,0.0,0.0,0.12,0.06,50.0,0.56,0.06,11.11,1.0,0.44,43.75,0.0,0.0
1209,Niké Liga (SK),32171,Marko Tolić,M. Tolić,1996-07-05,71.49,22.2,15.56,10,10,0,407.0,40.7,27.0,66.34,5.3,0.6,4.72,1.6,309.0,30.9,20.1,65.05,2.3,0.9,39.13,24.0,83.0,8.3,4.1,4.6,2.1,0.7,0.5,0.0,0.0,49.4,45.65,1.4,1.8,0.6,0.7,1.2,0.3,25.0,3.6,0.3,8.33,6.1,0.6,9.84,1.1,18.03
1209,Niké Liga (SK),32187,Edin Julardžija,E. Julardžija,2001-01-21,33.87,9.08,8.9,9,9,0,110.0,12.22,8.11,66.36,2.44,0.11,5.47,1.46,74.0,8.22,5.89,71.62,1.44,0.56,38.46,5.78,25.0,2.78,2.0,1.56,1.11,0.44,0.44,0.22,50.0,72.0,71.43,1.11,1.67,0.22,0.11,0.0,0.0,,1.89,0.11,5.88,2.56,0.56,21.74,0.67,26.09
1209,Niké Liga (SK),32323,Lukáš Pauschek,L. Pauschek,1992-12-09,97.97,26.43,26.62,18,18,0,812.0,45.11,36.11,80.05,1.94,0.22,5.13,1.72,567.0,31.5,26.5,84.13,1.67,1.06,63.33,27.89,184.0,10.22,7.78,4.67,3.5,1.44,0.89,0.5,56.25,76.09,75.0,0.11,2.72,0.28,0.39,0.72,0.39,53.85,2.33,0.28,11.9,3.44,1.11,32.26,0.44,12.9
1209,Niké Liga (SK),32369,Gytis Paulauskas,G. Paulauskas,1999-09-27,86.96,23.69,24.25,15,15,0,248.0,16.53,8.47,51.21,3.13,0.4,5.06,1.48,129.0,8.6,4.6,53.49,2.33,1.4,60.0,3.0,51.0,3.4,1.93,1.87,0.73,0.67,0.53,0.2,37.5,56.86,39.29,0.47,1.33,0.67,0.27,0.0,0.0,,2.8,0.73,26.19,5.47,0.87,15.85,1.2,21.95
1209,Niké Liga (SK),32547,Lukáš  Juliš,L. Juliš,1994-12-02,28.93,8.0,7.8,15,15,0,102.0,6.8,4.47,65.69,0.47,0.0,4.3,1.13,64.0,4.27,2.87,67.19,1.4,0.67,47.62,2.33,19.0,1.27,0.73,0.67,0.27,0.33,0.27,0.07,25.0,57.9,40.0,0.33,0.67,0.07,0.0,0.0,0.0,,1.67,0.33,20.0,2.47,0.33,13.51,0.33,13.51
1209,Niké Liga (SK),32574,Filip Souček,F. Souček,2000-09-18,67.84,17.03,17.92,19,19,0,528.0,27.79,17.79,64.02,3.11,0.37,4.98,1.54,332.0,17.47,11.63,66.57,1.84,0.89,48.57,13.05,115.0,6.05,3.63,3.11,1.63,1.0,0.84,0.37,43.75,60.0,52.54,0.68,1.26,0.21,0.32,0.58,0.21,36.36,2.68,0.68,25.49,4.16,0.79,18.99,0.63,15.19
1209,Niké Liga (SK),32614,Daniel Köstl,D. Köstl,1998-05-23,94.02,21.08,26.7,21,21,0,781.0,37.19,27.52,74.01,1.05,0.05,4.27,1.55,416.0,19.81,16.76,84.62,0.19,0.0,0.0,18.0,139.0,6.62,5.33,2.71,2.14,0.81,0.19,0.05,25.0,80.58,78.95,0.0,0.24,0.0,0.1,0.43,0.29,66.67,0.33,0.0,0.0,0.76,0.05,6.25,0.1,12.5
1209,Niké Liga (SK),32699,Patrik Šimko,P. Šimko,1991-07-08,86.47,19.89,25.72,19,19,0,692.0,36.42,27.0,74.13,2.21,0.05,3.31,1.15,402.0,21.16,17.11,80.85,0.42,0.26,62.5,17.21,84.0,4.42,3.37,1.95,1.63,0.42,0.0,0.0,,76.19,83.78,0.42,0.63,0.0,0.0,0.11,0.05,50.0,0.89,0.0,0.0,2.16,0.53,24.39,0.26,12.19
1209,Niké Liga (SK),33588,Marko Roginić ,M. Roginić,1995-09-05,75.27,18.2,20.51,30,29,1,570.0,19.66,10.21,51.93,3.48,0.66,6.42,1.65,347.0,11.97,6.07,50.72,2.76,0.9,32.5,7.28,153.0,5.28,2.55,3.41,1.48,1.9,1.62,0.52,31.91,48.37,43.43,1.38,1.17,1.34,1.1,0.14,0.1,75.0,3.41,0.55,16.16,6.55,1.62,24.74,1.66,25.26
1209,Niké Liga (SK),34134,Taras Kacharaba,T. Kacharaba,1995-01-07,95.81,28.42,21.95,25,23,2,1532.0,66.61,56.96,85.51,2.57,0.13,4.72,1.72,1070.0,46.52,42.0,90.28,0.3,0.22,71.43,44.04,281.0,12.22,10.0,6.26,5.13,1.74,0.48,0.3,63.64,81.85,81.94,0.04,0.04,0.04,0.09,0.83,0.48,57.9,0.52,0.09,16.67,0.91,0.26,28.57,0.13,14.29
1209,Niké Liga (SK),34195,Emilian  Metu,E. Metu,2003-04-18,42.08,10.19,12.11,15,15,0,235.0,15.67,11.6,74.04,0.93,0.07,3.38,1.19,130.0,8.67,6.87,79.23,0.8,0.33,41.67,6.07,24.0,1.6,1.2,0.93,0.73,0.2,0.2,0.2,100.0,75.0,78.57,0.53,1.07,0.2,0.0,0.13,0.07,50.0,0.93,0.0,0.0,1.67,0.13,8.0,0.33,20.0
1209,Niké Liga (SK),34742,Ben Cottrell,B. Cottrell,2001-10-31,83.85,23.21,21.43,26,25,1,934.0,37.36,27.4,73.34,4.04,0.6,4.51,1.5,636.0,25.44,19.36,76.1,3.6,1.92,53.33,18.96,168.0,6.72,4.64,3.2,1.96,1.0,0.76,0.36,47.37,69.05,61.25,0.88,3.28,0.4,0.48,0.16,0.04,25.0,5.4,0.6,11.11,7.76,1.24,15.98,1.48,19.07
1209,Niké Liga (SK),35194,Nándor Tamás,N. Tamás,2000-10-24,62.02,14.37,18.09,28,27,1,463.0,17.15,9.37,54.64,2.67,0.15,8.52,2.0,277.0,10.26,5.67,55.24,1.63,0.59,36.36,6.89,167.0,6.19,3.26,4.15,1.96,2.26,1.56,0.56,35.71,52.7,47.32,0.33,1.74,0.56,0.59,0.37,0.11,30.0,1.85,0.33,18.0,4.07,0.85,20.91,0.93,22.73
1209,Niké Liga (SK),36932,Niko Janković,N. Janković,2001-08-25,38.72,11.11,8.45,14,13,1,221.0,17.0,12.31,72.4,1.92,0.0,6.12,1.83,163.0,12.54,9.54,76.07,1.15,0.69,60.0,10.46,59.0,4.54,3.23,2.0,1.38,0.69,0.46,0.23,50.0,71.19,69.23,0.46,1.46,0.0,0.54,0.69,0.54,77.78,1.92,0.23,12.0,2.54,0.23,9.09,0.38,15.15
1209,Niké Liga (SK),37273,Libor Holík,L. Holík,1998-05-12,86.53,23.64,18.89,19,18,1,612.0,34.0,20.22,59.48,3.78,0.5,4.61,1.57,464.0,25.78,16.0,62.07,1.56,0.5,32.14,23.44,120.0,6.67,3.83,4.22,2.61,1.44,1.22,0.61,50.0,57.5,61.84,0.0,2.33,0.44,0.61,0.83,0.06,6.67,1.89,0.22,11.76,3.72,0.61,16.42,1.17,31.34
1209,Niké Liga (SK),37274,Ondřej Šašinka,O. Šašinka,1998-03-21,48.57,10.15,14.68,18,18,0,173.0,9.61,4.89,50.87,1.5,0.06,6.55,1.72,89.0,4.94,2.39,48.32,1.56,0.67,42.86,2.22,51.0,2.83,1.78,1.33,0.78,0.44,0.22,0.0,0.0,62.75,58.33,0.39,0.72,0.33,0.17,0.06,0.0,0.0,1.89,0.28,14.71,3.22,0.56,17.24,0.56,17.24
1209,Niké Liga (SK),37276,Tomáš Smejkal,T. Smejkal,1998-07-07,67.97,14.79,19.57,25,24,1,588.0,24.5,14.92,60.88,2.54,0.17,7.39,2.03,349.0,14.54,9.0,61.89,2.29,1.33,58.18,10.54,191.0,7.96,4.92,4.04,2.29,1.88,1.29,0.58,45.16,61.78,56.7,0.88,2.96,0.17,0.96,0.46,0.17,36.36,3.04,0.75,24.66,5.12,1.17,22.76,0.92,17.89
1209,Niké Liga (SK),37420,Vojtěch Novák,V. Novák,2002-01-20,55.78,20.67,12.72,1,1,0,15.0,15.0,5.0,33.33,1.0,0.0,3.02,1.16,5.0,5.0,2.0,40.0,1.0,1.0,100.0,3.0,0.0,0.0,0.0,0.0,0.0,0.0,0.0,0.0,,,,0.0,2.0,0.0,0.0,0.0,0.0,,3.0,2.0,66.67,3.0,0.0,0.0,0.0,0.0
1209,Niké Liga (SK),37438,Filip Kaša,F. Kaša,1994-01-01,89.09,22.16,24.25,27,27,0,1185.0,43.89,36.67,83.54,0.74,0.07,5.01,1.99,757.0,28.04,25.37,90.49,0.0,0.0,,26.52,269.0,9.96,8.37,3.93,3.3,0.93,0.19,0.11,60.0,84.01,83.96,0.04,0.41,0.0,0.07,0.33,0.22,66.67,0.11,0.0,0.0,0.48,0.07,15.38,0.04,7.69
1209,Niké Liga (SK),37441,Václav Míka,V. Míka,2000-06-01,89.73,19.15,28.18,6,6,0,184.0,30.67,23.5,76.63,1.0,0.0,3.72,1.26,90.0,15.0,12.83,85.56,0.0,0.0,,14.17,24.0,4.0,3.33,1.5,1.0,1.0,0.0,0.0,,83.33,66.67,0.0,0.0,0.0,0.0,0.0,0.0,,0.0,0.0,,0.5,0.0,0.0,0.0,0.0
1209,Niké Liga (SK),37445,David Huf,D. Huf,1999-01-23,52.03,11.78,11.81,2,2,0,17.0,8.5,3.0,35.29,1.0,0.0,6.72,1.67,8.0,4.0,2.0,50.0,1.0,0.5,50.0,2.0,8.0,4.0,1.5,2.0,0.5,0.5,0.5,0.5,100.0,37.5,25.0,0.5,0.5,0.0,0.0,0.5,0.0,0.0,1.0,0.0,0.0,2.5,0.0,0.0,0.0,0.0
1209,Niké Liga (SK),37485,Filip Twardzik,F. Twardzik,1993-02-10,81.6,21.47,19.44,17,16,1,690.0,43.12,33.5,77.68,2.0,0.06,4.17,1.55,442.0,27.62,22.38,80.99,0.25,0.12,50.0,25.94,107.0,6.69,5.12,3.94,3.06,0.88,0.19,0.0,0.0,76.64,77.78,0.06,0.88,0.12,0.06,0.44,0.25,57.14,0.5,0.0,0.0,1.19,0.12,10.53,0.12,10.53
1209,Niké Liga (SK),37498,Pavol Bajza,P. Bajza,1991-09-04,99.13,24.39,27.1,30,30,0,796.0,26.53,16.03,60.43,0.2,0.0,4.63,3.26,447.0,14.9,10.03,67.34,0.13,0.07,50.0,14.43,158.0,5.27,2.97,3.7,2.27,0.0,0.0,0.0,,56.33,61.26,0.0,0.0,0.0,0.0,0.1,0.07,66.67,0.27,0.03,12.5,0.63,0.17,26.32,0.0,0.0
1209,Niké Liga (SK),37506,Matúš Macík,M. Macík,1993-05-19,98.07,36.47,19.08,4,4,0,115.0,28.75,22.75,79.13,0.25,0.0,3.45,2.21,77.0,19.25,15.5,80.52,0.5,0.0,0.0,18.75,14.0,3.5,2.25,2.0,1.0,0.0,0.0,0.0,,64.29,50.0,0.0,0.0,0.0,0.0,0.0,0.0,,1.0,0.25,25.0,1.5,0.75,50.0,0.0,0.0
1209,Niké Liga (SK),37513,Jan Hladík,J. Hladík,1993-09-21,83.48,18.94,22.98,25,24,1,633.0,26.38,14.83,56.24,3.62,0.54,7.78,2.2,394.0,16.42,9.75,59.39,3.46,1.83,53.01,11.46,218.0,9.08,5.12,5.25,2.46,1.58,1.33,0.42,31.25,56.42,46.83,0.67,1.88,0.46,1.71,0.42,0.17,40.0,3.96,0.58,14.74,6.42,1.83,28.57,1.12,17.53
1209,Niké Liga (SK),37519,Damián Bariš,D. Bariš,1994-12-09,84.94,18.34,25.04,30,29,1,829.0,28.59,18.66,65.26,2.31,0.17,4.48,1.31,394.0,13.59,9.76,71.83,1.03,0.66,63.33,9.03,154.0,5.31,3.59,2.52,1.59,0.93,0.59,0.38,64.71,67.53,63.01,0.59,1.0,0.1,0.41,0.28,0.1,37.5,1.79,0.28,15.38,3.41,0.69,20.2,0.45,13.13
1209,Niké Liga (SK),37521,Michal Faško,M. Faško,1994-08-24,79.71,19.81,21.77,32,31,1,797.0,25.71,15.81,61.48,4.29,0.9,3.8,1.14,511.0,16.48,10.13,61.45,2.32,0.97,41.67,11.45,110.0,3.55,1.94,1.97,0.9,1.1,0.81,0.35,44.0,54.55,45.9,1.1,2.16,0.94,0.29,0.06,0.03,50.0,3.19,0.42,13.13,5.55,0.68,12.21,1.35,24.42
1209,Niké Liga (SK),37548,Miroslav Káčer,M. Káčer,1996-02-02,76.03,18.84,20.83,30,29,1,907.0,31.28,23.17,74.09,2.45,0.62,4.16,1.31,539.0,18.59,14.38,77.37,1.17,0.66,55.88,14.03,141.0,4.86,3.66,2.41,1.55,0.97,0.66,0.38,57.9,75.18,64.29,0.62,0.69,0.38,0.34,0.14,0.1,75.0,1.93,0.14,7.14,3.07,0.48,15.73,0.48,15.73
1209,Niké Liga (SK),37581,Juraj Kotula,J. Kotula,1995-09-30,84.31,19.59,24.85,25,25,0,710.0,28.4,17.36,61.13,1.88,0.12,4.67,1.41,456.0,18.24,12.28,67.32,1.2,0.48,40.0,15.96,131.0,5.24,3.0,2.48,1.32,1.48,0.88,0.28,31.82,57.25,53.23,0.08,1.12,0.24,0.2,0.6,0.44,73.33,1.52,0.04,2.63,2.84,0.84,29.58,0.16,5.63
1209,Niké Liga (SK),37656,Lukáš Endl,L. Endl,2003-06-17,81.76,18.85,23.57,16,15,1,514.0,34.27,25.6,74.71,0.93,0.13,4.47,1.58,278.0,18.53,15.87,85.61,0.27,0.13,50.0,17.13,90.0,6.0,4.27,2.53,2.0,0.47,0.0,0.0,,71.11,78.95,0.0,0.2,0.2,0.0,0.27,0.13,50.0,0.53,0.0,0.0,0.73,0.13,18.18,0.2,27.27
1209,Niké Liga (SK),37680,Mykola Kukharevych,M. Kukharevych,2001-07-01,52.15,16.39,11.09,14,14,0,199.0,14.21,9.0,63.32,2.21,0.43,4.93,1.39,139.0,9.93,6.86,69.06,2.64,1.36,51.35,4.71,39.0,2.79,1.79,1.29,0.64,0.86,0.64,0.21,33.33,64.1,50.0,0.43,0.64,0.64,0.21,0.07,0.0,0.0,4.0,0.79,19.64,5.57,0.5,8.97,0.93,16.67
1209,Niké Liga (SK),41669,Mario Šuver,M. Šuver,1999-09-23,87.89,19.13,26.16,28,27,1,833.0,30.85,23.7,76.83,1.26,0.11,3.8,1.26,429.0,15.89,14.07,88.58,0.15,0.15,100.0,14.52,122.0,4.52,3.59,2.26,1.85,1.04,0.19,0.19,100.0,79.51,81.97,0.0,0.11,0.04,0.04,0.07,0.0,0.0,0.22,0.07,33.33,0.59,0.15,25.0,0.04,6.25
1209,Niké Liga (SK),42309,Žiga Frelih,Ž. Frelih,1998-02-06,98.83,27.33,22.13,22,22,0,619.0,28.14,16.59,58.97,0.23,0.0,5.44,3.11,379.0,17.23,10.73,62.27,0.14,0.05,33.33,16.55,146.0,6.64,3.95,4.41,2.55,0.0,0.0,0.0,,59.59,57.73,0.0,0.0,0.0,0.0,0.27,0.05,16.67,0.41,0.05,11.11,0.82,0.23,27.78,0.0,0.0
1209,Niké Liga (SK),43085,Adam Griger,A. Griger,2004-03-16,43.9,13.75,9.01,7,7,0,47.0,6.71,3.43,51.06,1.14,0.0,5.02,1.37,26.0,3.71,2.0,53.85,1.14,0.43,37.5,1.0,8.0,1.14,0.57,0.29,0.14,0.29,0.29,0.14,50.0,50.0,50.0,0.14,0.57,0.14,0.0,0.0,0.0,,1.57,0.14,9.09,2.43,0.0,0.0,0.43,17.65
1209,Niké Liga (SK),46173,Kristo Hussar,K. Hussar,2002-06-28,95.12,24.14,25.52,2,2,0,85.0,42.5,23.5,55.29,0.0,0.0,4.65,1.5,54.0,27.0,15.0,55.56,1.5,0.0,0.0,25.0,18.0,9.0,5.0,7.0,4.0,1.5,1.5,0.5,33.33,55.55,57.15,0.0,1.0,0.0,0.0,0.5,0.5,100.0,2.0,0.0,0.0,3.0,1.0,33.33,0.5,16.66
1209,Niké Liga (SK),46176,Dominik Kružliak,D. Kružliak,1996-07-10,83.82,21.25,24.06,26,25,1,938.0,37.52,29.12,77.61,1.76,0.16,3.45,1.37,613.0,24.52,21.28,86.79,0.64,0.32,50.0,23.12,101.0,4.04,3.4,1.84,1.68,0.76,0.16,0.16,100.0,84.16,91.3,0.04,0.32,0.12,0.12,0.32,0.2,62.5,0.84,0.24,28.57,1.24,0.16,12.9,0.2,16.13
1209,Niké Liga (SK),46187,Ján Krivák,J. Krivák,1993-11-10,92.58,24.19,26.14,18,17,1,680.0,40.0,32.71,81.76,1.12,0.29,3.86,1.55,366.0,21.53,20.0,92.9,0.06,0.06,100.0,20.35,103.0,6.06,4.88,1.41,1.24,0.94,0.0,0.0,,80.58,87.5,0.12,0.06,0.0,0.0,0.18,0.18,100.0,0.12,0.0,0.0,0.24,0.06,25.0,0.06,25.0
1209,Niké Liga (SK),49229,Timotej Múdry,T. Múdry,2000-04-04,85.25,19.0,23.8,29,28,1,596.0,21.29,14.57,68.46,1.57,0.07,4.24,1.3,311.0,11.11,8.39,75.56,1.25,0.71,57.14,7.96,103.0,3.68,3.04,1.0,0.68,0.5,0.11,0.04,33.33,82.52,67.86,0.36,1.25,0.07,0.04,0.21,0.14,66.67,1.75,0.29,16.33,3.07,0.36,11.63,0.29,9.3
1209,Niké Liga (SK),49230,Matej Madleňák,M. Madleňák,1999-02-07,69.21,17.02,20.17,23,22,1,636.0,28.91,19.59,67.77,3.32,0.41,4.99,1.52,370.0,16.82,12.27,72.97,2.64,1.32,50.0,12.14,119.0,5.41,3.36,3.5,2.23,1.36,1.09,0.68,62.5,62.19,63.64,0.36,2.09,0.36,0.64,0.32,0.14,42.86,3.14,0.5,15.94,5.0,0.95,19.09,0.73,14.55
1209,Niké Liga (SK),49231,Matej Čurma,M. Čurma,1996-03-27,94.58,26.24,23.4,29,28,1,776.0,27.71,19.0,68.56,1.64,0.25,5.77,1.6,496.0,17.71,13.0,73.39,1.21,0.5,41.18,15.57,180.0,6.43,4.11,3.71,2.39,1.43,0.75,0.43,57.14,63.89,64.42,0.11,1.89,0.04,0.29,0.57,0.39,68.75,1.68,0.25,14.89,2.68,0.68,25.33,0.21,8.0
1209,Niké Liga (SK),49235,Marek Zsigmund,M. Zsigmund,1997-04-20,66.67,17.34,18.96,22,22,0,571.0,25.95,20.23,77.93,1.77,0.09,3.61,1.26,374.0,17.0,14.27,83.96,1.05,0.68,65.22,13.36,81.0,3.68,3.05,1.18,0.82,0.45,0.14,0.05,33.33,82.72,69.23,0.32,0.41,0.05,0.05,0.09,0.0,0.0,1.55,0.32,20.59,2.68,0.59,22.03,0.32,11.86
1209,Niké Liga (SK),49236,Matúš Kmet,M. Kmet,2000-06-27,60.96,16.61,14.95,13,12,1,319.0,26.58,18.5,69.59,3.17,0.25,6.7,1.91,228.0,19.0,14.17,74.56,1.67,1.0,60.0,15.67,88.0,7.33,4.83,4.17,2.67,1.67,1.58,1.17,73.69,65.91,64.0,0.33,2.08,0.08,0.92,1.08,0.5,46.15,2.25,0.33,14.82,3.92,0.5,12.77,0.42,10.64
1209,Niké Liga (SK),49238,Martin Boďa,M. Boďa,1997-02-02,44.01,10.36,11.58,25,25,0,237.0,9.48,5.08,53.59,1.24,0.04,3.33,1.15,127.0,5.08,2.88,56.69,1.6,0.88,55.0,2.08,24.0,0.96,0.4,0.36,0.12,0.16,0.16,0.0,0.0,41.67,33.33,0.16,0.28,0.28,0.12,0.04,0.04,100.0,1.96,0.28,14.29,3.04,0.2,6.58,0.28,9.21
1209,Niké Liga (SK),49248,Ján Minárik,J. Minárik,1997-07-25,89.85,22.6,23.97,21,21,0,924.0,44.0,35.0,79.55,1.38,0.19,3.52,1.55,593.0,28.24,24.0,84.99,0.43,0.14,33.33,26.38,114.0,5.43,4.48,3.0,2.57,0.48,0.0,0.0,,82.46,85.71,0.1,0.05,0.05,0.0,0.29,0.14,50.0,0.62,0.1,15.38,1.24,0.1,7.69,0.05,3.85
1209,Niké Liga (SK),49251,Patrik Iľko,P. Iľko,2001-02-16,52.01,12.69,13.6,28,27,1,424.0,15.7,8.0,50.94,2.67,0.48,7.58,1.83,261.0,9.67,5.04,52.11,2.33,0.78,33.33,5.81,148.0,5.48,2.67,3.48,1.63,1.74,1.44,0.56,38.46,48.65,46.81,1.41,1.44,0.63,0.81,0.22,0.11,50.0,2.89,0.33,11.54,4.63,1.07,23.2,1.04,22.4
1209,Niké Liga (SK),49252,Dávid Ďuriš,D. Ďuriš,1999-03-22,66.89,20.25,13.95,2,2,0,32.0,16.0,7.0,43.75,1.5,0.0,4.76,1.31,22.0,11.0,5.0,45.45,4.5,1.5,33.33,5.0,6.0,3.0,0.5,1.5,0.5,1.0,0.5,0.0,0.0,16.67,33.33,0.5,0.5,1.0,0.5,0.0,0.0,,6.0,1.5,25.0,7.5,0.0,0.0,1.5,20.0
1209,Niké Liga (SK),49254,Ľubomír Belko,L. Belko,2002-02-04,97.72,23.65,27.04,18,18,0,531.0,29.5,20.0,67.8,0.17,0.06,5.59,3.04,306.0,17.0,12.56,73.86,0.22,0.06,25.0,15.5,128.0,7.11,5.17,3.89,3.0,0.0,0.0,0.0,,72.66,77.14,0.0,0.0,0.0,0.0,0.22,0.06,25.0,0.28,0.11,40.0,0.56,0.11,20.0,0.0,0.0
1209,Niké Liga (SK),49257,Adrián Kaprálik,A. Kaprálik,2002-06-10,54.38,12.12,14.62,4,4,0,56.0,14.0,5.0,35.71,2.75,0.75,7.67,1.67,34.0,8.5,2.75,32.35,0.75,0.0,0.0,5.75,17.0,4.25,2.0,3.0,1.5,1.5,1.25,0.5,40.0,47.06,50.0,1.5,1.25,1.25,1.75,0.0,0.0,,1.0,0.0,0.0,4.0,1.5,37.5,1.0,25.0
1209,Niké Liga (SK),58999,Marin Laušić,M. Laušić,2001-06-26,80.89,21.27,18.72,12,9,3,370.0,41.11,34.11,82.97,2.78,0.22,4.57,1.53,234.0,26.0,22.22,85.47,0.56,0.56,100.0,22.11,64.0,7.11,6.11,2.89,2.33,1.11,0.78,0.67,85.71,85.94,80.77,1.0,1.11,0.11,0.22,0.33,0.22,66.67,1.0,0.11,11.11,2.22,0.33,15.0,0.22,10.0
1209,Niké Liga (SK),60009,Bleron Krasniqi,B. Krasniqi,2002-05-18,28.57,6.86,8.77,8,8,0,68.0,8.5,4.5,52.94,1.38,0.12,8.28,2.03,25.0,3.12,1.75,56.0,0.75,0.25,33.33,2.62,26.0,3.25,1.25,2.12,0.75,0.5,0.5,0.12,25.0,38.46,35.29,0.12,0.88,0.25,0.38,0.12,0.0,0.0,0.75,0.12,16.67,0.88,0.12,14.29,0.25,28.57
1209,Niké Liga (SK),60106,Stefan   Škrbo,S. Škrbo,2001-01-23,62.73,17.46,13.97,28,26,2,670.0,25.77,15.88,61.64,3.12,0.38,7.94,2.14,452.0,17.38,11.0,63.27,2.85,1.62,56.76,12.0,237.0,9.12,5.38,4.96,2.5,2.04,1.69,0.69,40.91,59.07,50.39,1.04,2.81,0.42,1.35,0.5,0.15,30.77,3.69,0.58,15.62,6.15,1.42,23.13,0.96,15.62
1209,Niké Liga (SK),60621,Filip Lichy,F. Lichy,2001-01-25,76.68,22.63,18.54,21,21,0,920.0,43.81,36.19,82.61,3.71,0.48,3.43,1.16,646.0,30.76,27.0,87.77,0.81,0.57,70.59,26.52,112.0,5.33,4.38,2.71,2.29,0.86,0.38,0.33,87.5,82.14,84.21,0.52,1.14,0.14,0.48,0.24,0.1,40.0,1.76,0.24,13.51,3.0,0.48,15.87,0.62,20.64
1209,Niké Liga (SK),60688,Regő Szánthó,R. Szánthó,2000-11-22,35.02,9.29,9.53,19,18,1,229.0,12.72,8.11,63.76,1.11,0.17,6.71,1.81,151.0,8.39,5.22,62.25,1.39,0.56,40.0,5.78,75.0,4.17,2.28,2.22,1.06,1.17,0.83,0.44,53.33,54.67,47.5,0.33,1.06,0.28,0.44,0.17,0.17,100.0,1.94,0.33,17.14,2.72,0.67,24.49,0.39,14.29
1209,Niké Liga (SK),60733,Alen Mustafić,A. Mustafić,1999-07-05,79.26,22.86,18.88,18,18,0,662.0,36.78,25.67,69.79,3.39,0.17,5.76,1.64,411.0,22.83,17.0,74.45,2.22,0.89,40.0,18.83,170.0,9.44,6.56,4.61,2.83,1.94,1.22,0.78,63.64,69.41,61.45,0.5,2.72,0.44,0.72,0.28,0.11,40.0,3.0,0.5,16.67,4.78,1.5,31.39,0.78,16.28
1209,Niké Liga (SK),60739,Viktor Djukanović,V. Djukanović,2004-01-29,69.96,22.0,14.94,19,18,1,376.0,20.89,12.67,60.64,5.06,0.78,7.42,2.07,266.0,14.78,8.94,60.53,1.94,1.0,51.43,10.94,129.0,7.17,4.33,2.5,1.0,1.39,0.89,0.17,18.75,60.47,40.0,0.78,1.44,0.44,0.78,0.94,0.33,35.29,2.94,0.67,22.64,4.56,0.83,18.29,1.61,35.37
1209,Niké Liga (SK),60767,Damir Redzic,D. Redzic,2003-03-23,88.67,29.25,18.3,14,13,1,541.0,41.62,26.23,63.03,8.0,1.08,8.81,2.19,399.0,30.69,20.23,65.92,3.31,1.38,41.86,24.69,198.0,15.23,8.38,8.46,3.77,4.69,3.38,0.92,27.27,55.05,44.54,0.85,2.54,1.08,3.92,1.77,0.92,52.17,4.54,1.0,22.04,8.15,2.0,24.53,1.69,20.75
1209,Niké Liga (SK),60880,Justen Kranthove,J. Kranthove,2000-09-19,59.96,13.68,15.32,8,8,0,175.0,21.88,17.0,77.71,0.5,0.12,5.53,1.78,109.0,13.62,11.38,83.49,0.12,0.12,100.0,12.38,46.0,5.75,4.5,4.12,3.0,0.75,0.62,0.62,100.0,78.26,72.73,0.0,0.62,0.0,0.5,0.38,0.0,0.0,0.25,0.0,0.0,0.5,0.38,75.0,0.0,0.0
1209,Niké Liga (SK),61107,Patrick Nwadike,P. Nwadike,1998-08-29,99.99,28.38,21.14,10,10,0,590.0,59.0,50.7,85.93,1.3,0.1,4.19,1.51,390.0,39.0,36.1,92.56,0.0,0.0,,37.4,91.0,9.1,7.7,2.9,2.4,1.1,0.1,0.1,100.0,84.61,82.76,0.1,0.3,0.1,0.2,0.3,0.2,66.67,0.0,0.0,,0.3,0.1,33.33,0.0,0.0
1209,Niké Liga (SK),61975,Richie Musaba,R. Musaba,2000-12-06,53.68,13.15,17.3,6,6,0,55.0,9.17,5.5,60.0,1.17,0.17,4.01,1.23,34.0,5.67,3.67,64.71,0.67,0.33,50.0,3.83,9.0,1.5,0.5,0.83,0.33,0.33,0.33,0.0,0.0,33.33,40.0,0.33,0.5,0.0,0.0,0.33,0.17,50.0,1.17,0.0,0.0,2.0,0.33,16.67,0.67,33.33
1209,Niké Liga (SK),62972,Richard Križan,R. Križan,1997-09-23,86.74,23.64,21.11,21,21,0,900.0,42.86,33.29,77.67,0.81,0.0,4.34,1.76,569.0,27.1,23.71,87.52,0.14,0.0,0.0,26.0,149.0,7.1,5.71,4.81,3.95,0.24,0.05,0.0,0.0,80.54,82.18,0.0,0.14,0.05,0.0,0.62,0.38,61.54,0.24,0.0,0.0,0.67,0.33,50.0,0.05,7.14
1209,Niké Liga (SK),63171,Abdulrahman Taiwo,A. Taiwo,1998-08-05,69.34,20.18,16.17,15,14,1,239.0,17.07,8.0,46.86,3.64,0.71,4.4,1.4,165.0,11.79,5.71,48.48,4.07,1.29,31.58,3.5,48.0,3.43,1.86,2.07,0.86,0.79,0.71,0.14,20.0,54.17,41.38,1.36,1.64,1.36,0.29,0.0,0.0,,4.86,0.5,10.3,7.79,1.14,14.68,1.71,22.02
1209,Niké Liga (SK),63259,José Ángel López López,J. López,1999-08-25,49.21,14.02,11.02,17,17,0,176.0,10.35,5.71,55.11,1.24,0.18,5.65,1.69,112.0,6.59,4.06,61.61,1.82,0.94,51.61,2.35,45.0,2.65,1.71,1.29,0.53,0.53,0.47,0.18,37.5,64.44,40.91,0.47,0.59,0.29,0.53,0.06,0.06,100.0,2.35,0.29,12.5,4.24,0.71,16.67,0.88,20.83
1209,Niké Liga (SK),63515,Juraj Teplan,J. Teplan,2002-07-07,68.96,19.19,17.92,10,10,0,382.0,38.2,29.2,76.44,0.9,0.0,4.48,1.59,255.0,25.5,21.1,82.75,0.6,0.2,33.33,24.6,78.0,7.8,6.2,3.8,3.3,1.0,0.3,0.3,100.0,79.49,86.84,0.0,0.5,0.0,0.0,0.2,0.2,100.0,1.1,0.2,18.18,1.6,0.8,50.0,0.0,0.0
1209,Niké Liga (SK),64258,Lazar Stojsavljević,L. Stojsavljević,1998-05-05,85.45,23.3,19.86,19,16,3,695.0,43.44,36.5,84.03,0.56,0.06,4.3,1.42,476.0,29.75,26.62,89.5,0.19,0.06,33.33,28.0,109.0,6.81,5.44,3.31,2.56,1.25,0.5,0.38,75.0,79.82,77.36,0.19,0.06,0.12,0.06,0.69,0.44,63.64,0.19,0.0,0.0,0.56,0.06,11.11,0.06,11.11
1209,Niké Liga (SK),64473,Sharani Zuberu,S. Zuberu,2000-01-07,61.79,20.1,14.25,8,8,0,197.0,24.62,18.88,76.65,1.62,0.12,5.41,1.68,146.0,18.25,14.75,80.82,0.75,0.38,50.0,16.75,42.0,5.25,3.25,3.12,1.75,1.38,0.88,0.25,28.57,61.9,56.0,0.0,0.75,0.5,1.0,0.5,0.38,75.0,1.0,0.25,25.0,2.75,0.75,27.27,0.5,18.18
1209,Niké Liga (SK),64656,Ioan-Călin Revenco,I. Revenco,2000-06-26,62.55,15.27,18.14,22,22,0,490.0,22.27,16.14,72.45,1.77,0.18,3.9,1.3,315.0,14.32,11.5,80.32,1.14,0.95,84.0,12.36,85.0,3.86,3.0,1.82,1.32,0.73,0.27,0.23,83.33,77.65,72.5,0.0,1.14,0.0,0.05,0.14,0.05,33.33,1.77,0.18,10.26,2.45,0.41,16.67,0.18,7.41
1209,Niké Liga (SK),64678,Samuel Suľa,S. Suľa,2000-04-12,67.33,14.49,19.68,24,23,1,534.0,23.22,13.04,56.18,1.04,0.09,4.86,1.29,295.0,12.83,8.39,65.42,0.87,0.35,40.0,11.35,117.0,5.09,3.04,2.17,1.39,1.87,0.87,0.48,55.0,59.83,64.0,0.17,2.17,0.17,0.13,0.48,0.13,27.27,1.04,0.09,8.33,2.09,0.43,20.83,0.13,6.25
1209,Niké Liga (SK),64681,Adam Goljan,A. Goljan,2001-04-15,52.63,15.34,12.99,5,4,1,82.0,20.5,15.25,74.39,3.5,0.0,6.51,1.79,53.0,13.25,10.25,77.36,1.75,1.25,71.43,9.75,25.0,6.25,4.0,3.75,2.0,1.5,1.0,0.5,50.0,64.0,53.33,0.5,2.0,0.5,0.5,0.25,0.0,0.0,2.25,0.75,33.33,3.5,0.75,21.43,0.5,14.28
1209,Niké Liga (SK),64896,Kevor Palumets,K. Palumets,2002-11-21,68.37,17.5,18.95,31,27,4,745.0,27.59,21.22,76.91,2.48,0.48,2.64,0.99,504.0,18.67,14.96,80.16,1.19,0.52,43.75,15.41,64.0,2.37,1.74,1.15,0.7,0.22,0.11,0.07,66.67,73.44,61.29,0.48,1.04,0.33,0.11,0.3,0.15,50.0,2.04,0.33,16.36,3.15,0.41,12.94,0.41,12.94
1209,Niké Liga (SK),65350,Johnson Nsumoh,J. Nsumoh,2001-06-14,64.37,15.95,14.46,4,4,0,80.0,20.0,12.0,60.0,2.25,0.0,10.23,2.88,53.0,13.25,8.0,60.38,1.5,0.75,50.0,11.0,41.0,10.25,5.75,6.75,3.25,1.0,0.75,0.25,33.33,56.1,48.15,0.25,0.5,0.0,1.25,1.25,0.5,40.0,2.5,1.0,40.0,4.0,0.5,12.5,0.25,6.25
1209,Niké Liga (SK),65370,Kyriakos Savvidis,K. Savvidis,1995-06-20,74.25,23.36,17.07,14,14,0,621.0,44.36,39.93,90.02,2.79,0.36,3.99,1.46,459.0,32.79,30.5,93.03,0.64,0.5,77.78,28.5,95.0,6.79,6.07,3.36,3.0,0.57,0.14,0.14,100.0,89.47,89.36,0.64,2.57,0.07,0.14,0.0,0.0,,2.0,0.57,28.57,3.21,0.64,20.0,0.29,8.89
1209,Niké Liga (SK),65371,Martin Mikovič,M. Mikovič,1990-09-12,74.46,20.58,17.14,22,20,2,653.0,32.65,21.75,66.62,3.95,0.55,4.19,1.37,429.0,21.45,15.15,70.63,1.35,0.95,70.37,18.95,112.0,5.6,3.7,3.15,1.95,1.3,1.05,0.55,52.38,66.07,61.9,0.05,2.45,0.45,0.7,0.4,0.15,37.5,1.9,0.25,13.16,3.45,0.6,17.39,0.8,23.19
1209,Niké Liga (SK),65374,Sebastián Kóša,S. Kóša,2003-09-13,89.57,22.39,25.73,11,11,0,459.0,41.73,32.82,78.65,1.73,0.27,3.85,1.36,275.0,25.0,22.0,88.0,0.27,0.18,66.67,23.45,56.0,5.09,4.64,2.82,2.64,0.91,0.45,0.45,100.0,91.07,93.55,0.0,0.27,0.0,0.18,0.36,0.27,75.0,0.45,0.0,0.0,1.18,0.45,38.46,0.0,0.0
1209,Niké Liga (SK),65375,Stanislav Olejník,S. Olejník,2002-03-31,80.95,19.24,24.02,23,23,0,527.0,22.91,13.0,56.74,3.65,0.35,6.0,1.48,324.0,14.09,8.48,60.19,3.43,1.57,45.57,8.35,131.0,5.7,3.22,3.26,1.78,1.87,1.3,0.7,53.33,56.49,54.67,0.87,2.35,0.57,0.52,0.26,0.13,50.0,4.39,0.83,18.81,6.26,1.04,16.67,1.43,22.92
1209,Niké Liga (SK),68857,Tomasz Walczak,T. Walczak,2005-08-17,41.49,11.64,9.03,11,10,1,93.0,9.3,5.1,54.84,1.7,0.2,4.73,1.69,47.0,4.7,2.7,57.45,2.0,0.9,45.0,1.9,20.0,2.0,0.9,1.2,0.4,0.2,0.2,0.1,50.0,45.0,33.33,0.5,0.7,0.5,0.4,0.0,0.0,,2.3,0.2,8.7,3.0,0.4,13.33,0.9,30.0
1209,Niké Liga (SK),68876,Roshaun Mathurin,R. Mathurin,2004-01-23,54.79,15.57,13.25,13,13,0,244.0,18.77,8.77,46.72,2.46,0.08,8.56,2.44,170.0,13.08,6.62,50.59,2.08,0.77,37.04,9.0,104.0,8.0,3.54,4.0,1.54,1.31,0.77,0.15,20.0,44.23,38.46,0.15,0.38,0.46,1.54,0.62,0.23,37.5,3.38,0.54,15.91,5.08,1.08,21.21,0.69,13.64
1209,Niké Liga (SK),69205,Samsondin Ouro,S. Ouro,2000-03-02,79.12,22.87,19.89,24,22,2,570.0,25.91,17.32,66.84,3.32,0.36,5.63,1.6,366.0,16.64,12.18,73.22,2.5,1.0,40.0,11.41,142.0,6.45,4.14,2.59,1.45,0.86,0.45,0.09,20.0,64.08,56.14,1.27,1.45,0.36,0.64,0.14,0.0,0.0,3.32,0.45,13.7,5.09,1.0,19.64,1.05,20.54
1209,Niké Liga (SK),70510,Kyrylo Sigeev,K. Sigeev,2004-05-16,26.98,5.69,7.48,5,5,0,50.0,10.0,9.0,90.0,0.4,0.0,3.59,1.07,30.0,6.0,5.6,93.33,0.0,0.0,,5.0,6.0,1.2,1.2,0.6,0.6,0.0,0.0,0.0,,100.0,100.0,0.0,0.6,0.2,0.0,0.2,0.2,100.0,0.4,0.2,50.0,0.8,0.0,0.0,0.0,0.0
1209,Niké Liga (SK),70714,Davit Hakobyan,D. Hakobyan,2005-08-09,22.83,5.67,6.12,15,12,3,94.0,7.83,6.08,77.66,0.75,0.0,4.44,1.55,62.0,5.17,4.42,85.48,0.42,0.25,60.0,4.08,16.0,1.33,1.08,0.42,0.42,0.17,0.08,0.08,100.0,81.25,100.0,0.17,0.5,0.0,0.0,0.08,0.08,100.0,0.67,0.17,25.0,1.08,0.08,7.69,0.0,0.0
1209,Niké Liga (SK),70742,Jakub Badžgoň,J. Badžgoň,2005-06-02,91.42,22.83,24.51,11,10,1,255.0,25.5,17.0,66.67,0.0,0.0,3.8,2.7,148.0,14.8,10.1,68.24,0.1,0.0,0.0,14.2,36.0,3.6,2.2,1.2,0.6,0.1,0.0,0.0,,61.11,50.0,0.0,0.0,0.0,0.0,0.2,0.0,0.0,0.2,0.0,0.0,0.4,0.1,25.0,0.0,0.0
1209,Niké Liga (SK),70743,Michal Svoboda,M. Svoboda,2005-02-15,59.93,15.79,17.25,6,6,0,143.0,23.83,19.83,83.22,1.0,0.33,4.64,1.55,98.0,16.33,14.17,86.73,0.5,0.0,0.0,15.17,28.0,4.67,4.0,1.33,1.0,0.67,0.17,0.17,100.0,85.72,75.0,0.0,0.5,0.0,0.0,0.33,0.33,100.0,0.83,0.17,20.0,0.83,0.0,0.0,0.0,0.0
1209,Niké Liga (SK),70744,Filip Mielke,F. Mielke,2005-04-09,96.77,25.99,26.61,28,25,3,1086.0,43.44,33.32,76.7,1.28,0.16,4.71,1.59,716.0,28.64,23.68,82.68,0.44,0.24,54.55,27.28,214.0,8.56,6.2,3.96,3.12,1.4,0.56,0.4,71.43,72.43,78.79,0.08,0.72,0.0,0.48,0.64,0.24,37.5,0.84,0.12,14.29,1.4,0.48,34.29,0.08,5.71
1209,Niké Liga (SK),70748,Milan Rehuš,M. Rehuš,2005-08-04,56.88,15.26,15.81,22,22,0,491.0,22.32,13.5,60.49,4.27,0.82,6.03,1.71,340.0,15.45,9.73,62.94,3.14,1.5,47.83,11.77,124.0,5.64,3.27,3.55,1.91,1.27,1.14,0.45,40.0,58.06,53.85,0.68,1.23,0.64,0.27,0.27,0.18,66.67,4.05,0.64,15.73,6.45,1.18,18.31,1.64,25.35
1209,Niké Liga (SK),70754,Tadeáš Hájovský,T. Hájovský,2005-09-30,83.25,22.23,20.3,27,27,0,845.0,31.3,23.63,75.5,2.33,0.33,4.2,1.39,566.0,20.96,16.63,79.33,1.11,0.33,30.0,16.89,135.0,5.0,3.56,2.15,1.44,0.96,0.48,0.22,46.15,71.11,67.24,0.56,0.63,0.07,0.3,0.07,0.0,0.0,1.78,0.3,16.67,2.7,0.26,9.59,0.3,10.96
1209,Niké Liga (SK),70756,Andy Masaryk,A. Masaryk,2005-04-07,43.02,10.97,12.05,28,28,0,354.0,12.64,6.54,51.69,1.36,0.07,9.21,2.48,228.0,8.14,4.11,50.44,1.5,0.86,57.14,4.93,133.0,4.75,2.68,2.79,1.29,0.79,0.68,0.25,36.84,56.39,46.15,0.39,0.96,0.29,0.68,0.29,0.11,37.5,2.04,0.29,14.03,3.79,0.68,17.92,0.57,15.1
1209,Niké Liga (SK),113261,Oluwakorede Michael Adedoyin David,Cody David,2000-11-14,86.95,23.76,21.46,14,14,0,308.0,22.0,10.07,45.78,4.64,0.71,7.01,1.96,166.0,11.86,5.21,43.98,4.29,1.5,35.0,3.64,86.0,6.14,2.79,3.07,1.07,1.79,1.43,0.36,25.0,45.35,34.88,0.86,1.79,1.07,1.29,0.0,0.0,,5.21,0.79,15.07,8.36,1.5,17.95,1.64,19.66
1209,Niké Liga (SK),120015,Matej Trusa,M. Trusa,2000-11-29,45.08,14.8,8.83,4,4,0,63.0,15.75,12.5,79.37,1.5,0.0,7.01,1.83,48.0,12.0,10.25,85.42,1.25,1.0,80.0,8.5,17.0,4.25,3.0,2.0,1.25,0.75,0.75,0.5,66.67,70.59,62.5,0.75,2.5,0.25,0.0,0.5,0.5,100.0,1.75,0.75,42.86,2.75,0.0,0.0,0.5,18.18
1209,Niké Liga (SK),125463,Pepijn Doesburg,P. Doesburg,2001-01-17,26.3,7.32,6.04,25,25,0,159.0,6.36,3.96,62.27,1.12,0.08,4.46,1.31,92.0,3.68,2.2,59.78,0.92,0.52,56.52,1.8,29.0,1.16,0.72,0.68,0.36,0.04,0.0,0.0,,62.07,52.94,0.24,0.6,0.24,0.04,0.04,0.04,100.0,1.16,0.44,37.93,2.0,0.32,16.0,0.52,26.0
1209,Niké Liga (SK),150001,Daniel Smékal,D. Smékal,2001-12-08,93.31,25.4,22.28,6,5,1,109.0,21.8,11.2,51.38,5.4,0.8,6.82,1.54,62.0,12.4,7.4,59.68,3.4,1.4,41.18,6.8,27.0,5.4,3.0,4.4,2.2,2.4,2.4,1.0,41.67,55.56,50.0,1.4,2.2,0.8,0.2,0.0,0.0,,4.0,0.6,15.0,6.4,1.4,21.88,2.4,37.5
1209,Niké Liga (SK),156120,Sandro Plínio Rosa da Cruz,Sandro Cruz,2001-05-12,84.62,25.99,18.53,28,27,1,1130.0,41.85,30.81,73.63,1.96,0.22,4.68,1.63,821.0,30.41,24.0,78.93,1.3,0.78,60.0,27.81,211.0,7.81,4.96,4.41,2.74,1.59,0.93,0.59,64.0,63.51,62.18,0.04,3.11,0.22,0.67,0.93,0.26,28.0,2.11,0.37,17.54,3.63,1.0,27.55,0.48,13.27
1209,Niké Liga (SK),160560,Zyen Jones,Z. Jones,2000-08-25,38.88,9.48,9.43,20,19,1,241.0,12.68,6.32,49.79,2.21,0.37,8.46,2.23,167.0,8.79,4.16,47.31,1.58,0.58,36.67,5.68,83.0,4.37,2.11,2.53,1.26,1.21,1.0,0.32,31.58,48.19,50.0,0.89,0.79,0.16,0.79,0.21,0.11,50.0,2.26,0.16,6.98,3.74,0.89,23.94,0.74,19.72
1209,Niké Liga (SK),162391,Giorgi Gagua,G. Gagua,2001-10-10,49.28,13.35,11.33,26,24,2,309.0,12.88,6.21,48.22,2.5,0.29,5.59,1.52,172.0,7.17,3.58,50.0,1.58,0.5,31.58,3.88,74.0,3.08,1.67,1.96,0.75,0.62,0.58,0.17,28.57,54.05,38.3,0.88,1.42,0.54,0.54,0.04,0.04,100.0,2.33,0.33,14.29,3.79,0.75,19.78,0.75,19.78
1209,Niké Liga (SK),163230,Molik Jesse Khan,M. Khan,2004-04-08,77.0,20.77,16.72,13,13,0,363.0,27.92,18.62,66.67,3.62,0.23,5.33,1.77,223.0,17.15,11.92,69.51,2.08,0.54,25.93,11.23,84.0,6.46,3.92,2.54,1.31,1.0,0.69,0.38,55.56,60.71,51.51,1.0,1.15,0.23,1.0,0.31,0.15,50.0,3.31,0.77,23.26,5.46,0.92,16.9,0.85,15.49
1209,Niké Liga (SK),163257,Marselino Ferdinan,M. Ferdinan,2004-09-09,27.74,8.93,5.35,3,3,0,41.0,13.67,8.67,63.41,2.0,0.0,4.01,1.37,33.0,11.0,6.67,60.6,1.0,0.67,66.67,8.67,7.0,2.33,1.67,1.67,1.0,0.67,0.67,0.33,50.0,71.43,60.0,0.0,1.0,0.0,0.33,0.33,0.33,100.0,2.33,0.33,14.29,3.33,0.33,10.0,0.0,0.0
1209,Niké Liga (SK),163498,Cédric Badolo,C. Badolo,1998-11-04,29.3,7.98,5.2,4,4,0,52.0,13.0,9.5,73.08,1.75,0.0,6.84,2.02,42.0,10.5,7.5,71.43,2.25,1.25,55.55,6.25,14.0,3.5,2.25,2.0,1.25,1.0,1.0,0.5,50.0,64.29,62.5,0.25,1.5,0.25,1.25,0.0,0.0,,2.75,0.25,9.09,4.0,0.75,18.75,1.0,25.0
1209,Niké Liga (SK),163529,Peter Guinari,P. Guinari,2001-06-02,81.26,16.95,29.8,2,2,0,59.0,29.5,21.5,72.88,1.5,0.0,7.46,1.83,26.0,13.0,10.0,76.93,0.5,0.0,0.0,11.0,18.0,9.0,6.0,2.0,2.0,2.5,0.5,0.5,100.0,66.67,100.0,0.0,0.0,0.5,0.0,0.5,0.0,0.0,0.5,0.0,0.0,0.5,0.0,0.0,0.5,100.0
1209,Niké Liga (SK),164198,Martin Regáli,M. Regáli,1993-10-12,87.87,21.89,23.48,30,30,0,839.0,27.97,16.9,60.43,4.53,0.43,7.58,2.03,555.0,18.5,11.53,62.34,3.43,1.6,46.6,12.67,276.0,9.2,5.37,4.8,2.43,2.13,1.67,0.63,38.0,58.33,50.69,0.73,3.0,0.83,2.1,0.8,0.3,37.5,4.53,0.6,13.24,7.23,1.43,19.82,1.53,21.2
1209,Niké Liga (SK),167715,Kido Taylor-Hart,K. Taylor-Hart,2002-09-30,70.35,19.16,18.45,27,26,1,629.0,24.19,14.35,59.3,3.46,0.27,9.93,2.78,427.0,16.42,10.38,63.23,2.27,1.04,45.76,11.42,256.0,9.85,5.69,5.31,2.35,1.38,1.08,0.35,32.14,57.81,44.2,1.19,1.96,0.54,1.62,0.62,0.19,31.25,3.19,0.77,24.1,6.12,1.42,23.27,1.23,20.13
1209,Niké Liga (SK),170494,Franko Sabljić,F. Sabljić,2003-09-17,75.07,20.09,16.96,18,18,0,254.0,14.11,6.89,48.82,2.17,0.17,5.35,1.43,144.0,8.0,3.89,48.61,2.83,1.22,43.14,2.72,56.0,3.11,1.5,1.94,0.78,0.83,0.67,0.17,25.0,48.21,40.0,0.28,0.94,0.83,0.28,0.0,0.0,,3.56,0.44,12.5,5.5,1.0,18.18,0.83,15.15
1209,Niké Liga (SK),170714,Vladimir Perišić,V. Perišić,2004-08-26,58.38,15.04,16.5,23,22,1,374.0,17.0,7.91,46.52,3.64,0.41,6.11,1.66,237.0,10.77,5.05,46.84,2.73,1.23,45.0,5.18,104.0,4.73,2.14,2.59,0.86,1.23,1.14,0.32,28.0,45.19,33.33,0.73,1.55,0.68,0.36,0.23,0.05,20.0,3.82,0.55,14.29,6.09,1.36,22.39,1.45,23.88
1209,Niké Liga (SK),170801,Giorgi Moistsrapishvili,G. Moistsrapishvili,2001-09-29,70.45,19.5,15.19,20,18,2,715.0,39.72,32.0,80.56,3.56,0.28,4.9,1.59,492.0,27.33,22.67,82.93,1.67,0.83,50.0,21.83,134.0,7.44,5.83,3.44,2.5,0.89,0.56,0.28,50.0,78.36,72.58,1.56,1.67,0.5,0.39,0.33,0.22,66.67,3.06,0.67,21.82,4.22,0.78,18.42,0.67,15.79
1209,Niké Liga (SK),170803,Dominique Simon,D. Simon,2000-07-29,53.59,14.0,13.15,20,20,0,529.0,26.45,19.05,72.02,2.75,0.3,5.96,1.78,346.0,17.3,13.2,76.3,1.95,0.75,38.46,12.95,134.0,6.7,4.55,3.45,2.35,0.9,0.75,0.5,66.67,67.91,68.12,1.15,2.55,0.1,0.4,0.25,0.2,80.0,2.8,0.45,16.07,3.9,0.75,19.23,0.65,16.67
1209,Niké Liga (SK),170809,Lukáš Fabiš,L. Fabiš,1998-05-05,76.95,15.65,21.42,4,4,0,107.0,26.75,18.0,67.29,1.75,0.5,3.34,1.05,65.0,16.25,12.5,76.93,2.0,1.25,62.5,14.75,15.0,3.75,3.25,2.0,1.75,1.25,1.0,0.75,75.0,86.67,87.5,0.0,1.0,0.25,0.0,0.0,0.0,,2.0,0.25,12.5,3.25,0.75,23.08,0.0,0.0
1209,Niké Liga (SK),170810,Oliver Luterán,O. Luterán,2001-09-06,73.17,16.72,19.89,28,27,1,700.0,25.93,16.3,62.86,1.22,0.04,3.74,1.29,364.0,13.48,10.22,75.82,0.59,0.26,43.75,11.85,102.0,3.78,2.44,1.52,1.15,1.0,0.3,0.22,75.0,64.71,75.61,0.11,0.26,0.11,0.22,0.07,0.04,50.0,0.93,0.15,16.0,1.56,0.41,26.19,0.3,19.05
1209,Niké Liga (SK),170812,Alexander Selecký,A. Selecký,2002-10-08,89.93,20.98,25.36,27,26,1,632.0,24.31,13.69,56.33,2.08,0.23,4.75,1.4,358.0,13.77,8.35,60.61,1.58,0.62,39.02,11.69,124.0,4.77,2.31,2.12,0.85,1.15,0.42,0.04,9.09,48.39,40.0,0.08,1.69,0.27,0.38,0.27,0.12,42.86,2.04,0.38,18.87,3.92,0.92,23.53,0.58,14.71
1209,Niké Liga (SK),170817,Adam Morong,A. Morong,1993-06-16,71.98,16.03,21.91,22,21,1,431.0,20.52,10.52,51.28,2.43,0.33,6.06,1.84,272.0,12.95,6.38,49.26,1.76,0.48,27.03,10.24,105.0,5.0,2.43,3.29,1.52,0.9,0.62,0.19,30.77,48.57,46.38,0.38,1.14,0.24,0.57,0.57,0.19,33.33,2.19,0.14,6.52,4.1,0.95,23.25,0.52,12.79
1209,Niké Liga (SK),170818,Marko Kelemen,M. Kelemen,2000-04-29,36.57,7.64,8.78,11,10,1,84.0,8.4,3.1,36.9,0.5,0.1,5.15,1.59,43.0,4.3,1.5,34.88,1.2,0.5,41.67,2.4,18.0,1.8,0.6,1.1,0.4,0.5,0.4,0.1,25.0,33.33,36.36,0.5,0.4,0.3,0.3,0.0,0.0,,1.4,0.2,14.29,2.5,0.7,28.0,0.4,16.0
1209,Niké Liga (SK),170819,Adam Tučný,А. Tučný,2002-05-21,56.4,12.18,16.56,27,26,1,374.0,14.38,7.5,52.14,2.04,0.23,7.67,2.03,212.0,8.15,4.42,54.25,1.65,0.69,41.86,5.65,123.0,4.73,2.35,2.46,1.0,0.96,0.69,0.23,33.33,49.59,40.63,0.42,0.92,0.12,0.81,0.38,0.12,30.0,2.15,0.27,12.5,3.23,0.35,10.71,0.42,13.1
1209,Niké Liga (SK),170860,Tornike Dzotsenidze,T. Dzotsenidze,1999-11-07,91.45,24.48,23.74,24,24,0,1302.0,54.25,45.08,83.1,1.38,0.12,4.66,2.31,828.0,34.5,30.33,87.92,0.46,0.25,54.55,31.92,243.0,10.12,8.42,4.46,3.92,0.67,0.08,0.08,100.0,83.13,87.85,0.21,0.21,0.0,0.25,0.38,0.17,44.45,1.0,0.17,16.67,1.5,0.33,22.22,0.12,8.33
1209,Niké Liga (SK),174283,Elvis Mashike Sukisa,E. Mashike,1994-06-06,57.08,13.33,15.85,29,28,1,385.0,13.75,6.71,48.83,2.04,0.29,4.82,1.49,221.0,7.89,4.0,50.68,2.68,1.14,42.67,3.36,82.0,2.93,1.46,1.5,0.68,0.39,0.36,0.14,40.0,50.0,45.24,0.39,0.86,0.46,0.61,0.18,0.07,40.0,3.18,0.39,12.36,4.75,0.61,12.78,0.82,17.29
1209,Niké Liga (SK),174368,Dominik Ťapaj,D. Ťapaj,2004-05-10,94.76,20.71,28.4,17,17,0,430.0,25.29,12.18,48.14,0.06,0.0,5.88,3.74,213.0,12.53,7.94,63.38,0.12,0.06,50.0,12.18,117.0,6.88,2.82,3.18,1.18,0.0,0.0,0.0,,41.03,37.04,0.0,0.0,0.0,0.0,0.18,0.12,66.67,0.12,0.06,50.0,0.41,0.18,42.86,0.0,0.0
1209,Niké Liga (SK),175983,Jakub Luka,J. Luka,2003-08-18,93.0,24.97,25.76,23,21,2,1115.0,53.1,44.05,82.96,0.95,0.1,5.27,1.96,709.0,33.76,29.71,88.01,0.1,0.05,50.0,31.71,262.0,12.48,10.76,4.95,4.57,1.05,0.05,0.05,100.0,86.26,92.31,0.0,0.19,0.0,0.05,0.76,0.38,50.0,0.19,0.05,25.0,0.62,0.19,30.77,0.0,0.0
1209,Niké Liga (SK),176471,Roman Čerepkai,R. Čerepkai,2002-04-06,83.73,21.69,23.32,30,29,1,914.0,31.52,18.31,58.1,5.86,0.62,6.2,1.69,604.0,20.83,12.48,59.93,4.83,2.24,46.43,11.48,243.0,8.38,4.34,5.59,2.69,1.79,1.38,0.55,40.0,51.85,48.15,1.72,2.69,1.34,1.41,0.45,0.21,46.15,6.14,0.79,12.92,10.31,1.97,19.06,2.59,25.08
1209,Niké Liga (SK),178580,Ammar Ramadan,A. Ramadan,2001-01-05,83.78,25.09,18.82,26,25,1,923.0,36.92,22.28,60.35,5.76,0.72,7.3,2.21,678.0,27.12,17.56,64.75,2.28,0.96,42.11,21.0,303.0,12.12,6.8,5.24,2.28,1.72,1.16,0.52,44.83,56.11,43.51,1.12,2.2,0.52,2.2,1.04,0.36,34.62,3.4,0.76,22.35,5.92,1.52,25.68,1.2,20.27
1209,Niké Liga (SK),179110,Marek Ujlaky,M. Ujlaky,2003-12-03,91.17,20.47,24.0,17,16,1,469.0,29.31,20.94,71.43,0.94,0.12,4.57,1.53,262.0,16.38,13.5,82.44,0.19,0.12,66.67,15.38,86.0,5.38,3.62,2.44,1.81,0.88,0.25,0.25,100.0,67.44,74.36,0.0,0.31,0.0,0.12,0.38,0.06,16.67,0.25,0.06,25.0,0.56,0.19,33.33,0.12,22.22
1209,Niké Liga (SK),179111,Patrick Karhan,P. Karhan,2003-06-19,72.33,20.06,16.69,12,10,2,371.0,37.1,29.1,78.44,0.8,0.1,3.87,1.24,230.0,23.0,19.6,85.22,0.2,0.1,50.0,22.0,62.0,6.2,4.9,3.4,2.7,0.6,0.2,0.2,100.0,79.03,79.41,0.1,0.1,0.0,0.1,0.6,0.4,66.67,0.4,0.1,25.0,0.6,0.3,50.0,0.2,33.33
1209,Niké Liga (SK),180054,Hélder  Gomes Morim,Hélder Morim,2001-05-14,34.6,9.3,8.41,20,20,0,311.0,15.55,10.05,64.63,1.7,0.15,4.58,1.67,199.0,9.95,7.25,72.86,1.4,0.85,60.72,7.55,60.0,3.0,1.75,0.95,0.35,0.2,0.1,0.0,0.0,58.33,36.84,0.45,0.8,0.05,0.3,0.2,0.15,75.0,1.75,0.35,20.0,2.7,0.2,7.41,0.4,14.81
1209,Niké Liga (SK),183595,Roko Jureškin,R. Jureškin,2000-09-29,62.42,17.12,13.76,25,22,3,576.0,26.18,17.82,68.06,2.09,0.05,4.58,1.37,398.0,18.09,12.77,70.6,1.14,0.45,40.0,15.91,103.0,4.68,2.86,2.68,1.5,1.55,1.09,0.5,45.83,61.17,55.93,0.05,2.23,0.32,0.27,0.68,0.27,40.0,1.82,0.41,22.5,2.77,0.55,19.67,0.27,9.84
1209,Niké Liga (SK),188250,Gabriel Barbosa Avelino,Gabriel Barbosa,1999-03-17,71.15,20.39,15.66,11,11,0,186.0,16.91,9.45,55.91,3.73,0.27,4.42,1.29,111.0,10.09,5.91,58.56,2.45,1.36,55.56,5.64,30.0,2.73,1.73,1.55,0.73,0.73,0.55,0.27,50.0,63.33,47.06,0.82,1.09,0.36,0.18,0.09,0.0,0.0,3.18,0.36,11.43,4.91,0.45,9.26,1.45,29.63
1209,Niké Liga (SK),264072,Sean Seitz,S. Seitz,2002-03-30,35.3,7.47,10.86,7,7,0,64.0,9.14,4.71,51.56,1.0,0.0,8.46,2.07,41.0,5.86,3.29,56.1,0.86,0.43,50.0,3.29,20.0,2.86,1.86,1.57,0.57,0.43,0.29,0.14,50.0,65.0,36.36,0.43,0.43,0.14,0.14,0.14,0.0,0.0,1.43,0.14,10.0,3.0,0.57,19.05,0.29,9.52
1209,Niké Liga (SK),507868,Mario Pejazic,M. Pejazic,2005-01-21,10.96,1.91,3.9,1,1,0,4.0,4.0,2.0,50.0,0.0,0.0,4.37,0.92,1.0,1.0,0.0,0.0,0.0,0.0,,1.0,1.0,1.0,0.0,1.0,0.0,1.0,1.0,0.0,0.0,0.0,0.0,0.0,1.0,0.0,0.0,0.0,0.0,,0.0,0.0,,0.0,0.0,,0.0,
1209,Niké Liga (SK),529804,Petr Pudhorocký,P. Pudhorocký,2001-06-13,75.51,15.98,22.75,28,27,1,751.0,27.81,18.85,67.78,3.0,0.44,5.06,1.48,434.0,16.07,11.3,70.28,1.93,1.07,55.77,11.63,152.0,5.63,3.89,3.0,1.96,1.37,0.96,0.48,50.0,69.08,65.43,1.26,1.41,0.33,0.22,0.26,0.11,42.86,2.93,0.33,11.39,4.37,0.81,18.64,0.48,11.02
1209,Niké Liga (SK),584913,Andrija Katić,A. Katić,2002-02-17,96.84,26.3,23.44,26,26,0,833.0,32.04,22.5,70.23,0.0,0.0,4.74,2.79,482.0,18.54,14.62,78.84,0.15,0.08,50.0,18.23,172.0,6.62,3.69,4.5,2.65,0.0,0.0,0.0,,55.81,58.97,0.0,0.0,0.0,0.0,0.12,0.0,0.0,0.23,0.04,16.67,0.35,0.12,33.33,0.0,0.0
1209,Niké Liga (SK),586191,Nino Marcelli,N. Marcelli,2005-05-29,63.29,20.15,13.54,27,26,1,616.0,23.69,15.38,64.94,4.08,0.62,6.94,1.82,438.0,16.85,11.38,67.58,2.27,1.12,49.15,12.23,193.0,7.42,4.62,3.19,1.38,2.08,1.35,0.5,37.14,62.18,43.37,1.08,2.77,0.73,0.88,0.38,0.15,40.0,3.35,0.92,27.59,5.38,0.96,17.86,0.92,17.14
1209,Niké Liga (SK),618270,Ján Murgaš,J. Murgaš,2004-03-27,62.53,14.39,15.5,10,10,0,246.0,24.6,16.6,67.48,1.6,0.0,5.12,1.66,129.0,12.9,9.2,71.32,1.6,0.9,56.25,9.9,52.0,5.2,4.0,1.7,1.3,0.7,0.5,0.5,100.0,76.92,76.47,0.5,1.5,0.3,0.2,0.3,0.1,33.33,2.3,0.4,17.39,3.3,0.4,12.12,0.4,12.12
1209,Niké Liga (SK),637215,Ondřej Deml,O. Deml,2005-01-20,70.68,21.92,16.94,19,18,1,528.0,29.33,18.22,62.12,3.72,0.33,8.85,2.54,342.0,19.0,12.0,63.16,2.22,1.0,45.0,14.33,209.0,11.61,6.56,6.78,3.28,2.28,1.5,0.61,40.74,56.46,48.36,0.94,0.89,0.39,1.06,0.89,0.39,43.75,3.06,0.5,16.36,5.44,1.5,27.55,0.67,12.25
1209,Niké Liga (SK),644286,Samuel Grygar,S. Grygar,2004-08-09,82.42,19.28,23.38,25,24,1,602.0,25.08,18.17,72.42,2.25,0.12,3.22,1.09,297.0,12.38,10.04,81.14,1.5,1.0,66.67,8.96,79.0,3.29,2.71,1.21,0.96,0.42,0.21,0.12,60.0,82.28,79.31,0.29,1.71,0.04,0.17,0.17,0.12,75.0,2.25,0.29,12.96,3.17,0.67,21.05,0.62,19.74
1209,Niké Liga (SK),644296,Andrei Gabriele Florea,Andrei,2005-05-30,34.28,9.06,10.38,12,11,1,153.0,13.91,9.55,68.62,0.91,0.0,7.29,2.28,90.0,8.18,6.18,75.56,0.73,0.36,50.0,6.0,50.0,4.55,3.18,2.0,1.18,0.82,0.45,0.27,60.0,70.0,59.09,0.45,1.27,0.18,0.45,0.36,0.27,75.0,1.27,0.09,7.14,2.09,0.18,8.7,0.27,13.04
1209,Niké Liga (SK),687071,Máté Tuboly,M. Tuboly,2004-09-15,82.29,23.81,19.49,31,29,2,1096.0,37.79,29.59,78.28,2.31,0.34,3.97,1.3,686.0,23.66,20.34,86.01,0.62,0.28,44.44,20.17,171.0,5.9,4.9,1.93,1.45,0.69,0.31,0.24,77.78,83.04,75.0,1.1,0.93,0.07,0.14,0.28,0.1,37.5,1.07,0.1,9.68,2.0,0.24,12.07,0.03,1.72
1209,Niké Liga (SK),687652,Klemen Nemanič,K. Nemanič,1996-11-07,97.09,27.85,22.57,32,30,2,1914.0,63.8,55.57,87.1,3.07,0.23,4.62,1.76,1377.0,45.9,42.2,91.94,0.4,0.13,33.33,43.9,362.0,12.07,10.2,7.27,6.13,1.77,0.93,0.73,78.57,84.53,84.4,0.0,1.4,0.07,0.3,0.73,0.47,63.64,0.6,0.07,11.11,0.73,0.2,27.27,0.07,9.09
1209,Niké Liga (SK),689055,Tsotne Kapanadze,T. Kapanadze,2001-08-30,86.45,24.17,20.85,28,26,2,1103.0,42.42,31.42,74.07,3.92,0.31,5.13,1.67,814.0,31.31,24.27,77.52,1.27,0.54,42.42,29.35,237.0,9.12,6.54,5.46,3.73,2.08,1.65,0.92,55.81,71.73,68.31,0.08,2.81,0.27,0.42,0.77,0.38,50.0,1.69,0.27,15.91,2.73,0.85,30.99,0.31,11.27
1209,Niké Liga (SK),698050,Mahmudu Bajo,M. Bajo,2004-08-15,100.0,35.3,21.79,1,1,0,64.0,64.0,57.0,89.06,2.0,0.0,4.62,1.68,43.0,43.0,38.0,88.37,3.0,1.0,33.33,40.0,15.0,15.0,14.0,3.0,3.0,0.0,0.0,0.0,,93.33,100.0,1.0,1.0,2.0,0.0,0.0,0.0,,3.0,0.0,0.0,4.0,0.0,0.0,1.0,25.0
1209,Niké Liga (SK),698166,Sunday Jude,S. Jude,2004-10-04,36.23,8.48,8.64,3,3,0,46.0,15.33,7.33,47.83,2.0,0.0,11.75,2.93,30.0,10.0,4.33,43.33,0.33,0.0,0.0,8.33,24.0,8.0,3.33,4.33,1.33,2.0,1.67,0.33,20.0,41.67,30.77,0.0,1.0,0.0,2.0,0.0,0.0,,1.33,0.0,0.0,3.33,1.0,30.0,0.33,10.0
1209,Niké Liga (SK),698189,Samuel Bagín,S. Bagín,2004-02-08,66.01,19.07,11.98,6,6,0,206.0,34.33,30.17,87.87,0.33,0.0,4.47,1.65,137.0,22.83,20.17,88.32,0.0,0.0,,21.67,38.0,6.33,4.83,4.0,2.83,0.17,0.0,0.0,,76.31,70.83,0.0,0.17,0.0,0.0,0.17,0.17,100.0,0.17,0.0,0.0,0.33,0.0,0.0,0.0,0.0
1209,Niké Liga (SK),698192,Samuel Kopásek,S. Kopásek,2003-05-22,85.18,20.6,23.99,17,17,0,466.0,27.41,17.12,62.45,2.59,0.35,4.66,1.42,278.0,16.35,10.82,66.19,2.29,1.47,64.1,13.53,92.0,5.41,3.65,3.12,2.06,1.82,1.29,0.76,59.09,67.39,66.04,0.35,1.59,0.41,0.59,0.18,0.18,100.0,2.76,0.18,6.38,4.35,1.06,24.32,0.71,16.22
1209,Niké Liga (SK),698193,Bálint Csóka,B. Csóka,2003-03-20,21.33,5.94,4.26,1,1,0,5.0,5.0,2.0,40.0,2.0,0.0,4.64,1.32,4.0,4.0,2.0,50.0,0.0,0.0,,4.0,2.0,2.0,1.0,1.0,0.0,0.0,0.0,0.0,,50.0,0.0,1.0,0.0,0.0,0.0,0.0,0.0,,0.0,0.0,,0.0,0.0,,0.0,
1209,Niké Liga (SK),698194,Artur Gajdoš,A. Gajdoš,2004-01-20,70.79,22.43,15.5,21,20,1,744.0,37.2,29.65,79.7,3.05,0.35,5.26,1.58,529.0,26.45,22.2,83.93,1.9,1.1,57.9,20.1,166.0,8.3,6.65,3.65,2.65,1.25,0.75,0.45,60.0,80.12,72.6,1.0,2.35,0.35,0.45,0.55,0.4,72.73,3.55,0.95,26.76,5.05,1.05,20.79,1.1,21.78
1209,Niké Liga (SK),698195,Adam Gaži,A. Gaži,2003-03-01,89.92,19.75,26.19,23,23,0,750.0,32.61,22.22,68.13,1.87,0.13,5.24,1.55,442.0,19.22,14.3,74.43,1.3,0.74,56.67,16.96,166.0,7.22,4.65,3.7,2.26,1.78,0.87,0.39,45.0,64.46,61.18,0.13,2.09,0.04,0.26,0.52,0.17,33.33,1.96,0.3,15.55,3.17,0.83,26.03,0.35,10.96
1209,Niké Liga (SK),704807,Xavier  Rodrigue Adang Mveng,X. Adang,2004-06-07,69.41,16.78,19.36,30,30,0,728.0,24.27,15.83,65.25,2.43,0.43,5.5,1.66,424.0,14.13,9.67,68.4,1.4,0.73,52.38,9.67,177.0,5.9,3.63,3.23,1.7,0.63,0.4,0.03,8.33,61.58,52.58,1.9,0.73,0.23,0.93,0.4,0.17,41.67,2.0,0.37,18.33,4.1,0.8,19.51,0.8,19.51
1209,Niké Liga (SK),704808,Kristián Bari,K. Bari,2001-02-06,83.66,20.88,22.76,31,30,1,954.0,31.8,21.17,66.56,2.7,0.33,6.72,1.82,596.0,19.87,14.4,72.48,1.47,0.77,52.27,17.47,259.0,8.63,5.03,5.27,2.9,2.93,2.37,1.2,50.7,58.3,55.06,0.53,2.03,0.4,1.23,0.5,0.2,40.0,2.17,0.23,10.77,3.8,0.87,22.81,0.73,19.3
1209,Niké Liga (SK),704809,Samuel Mawuena Gidi,S. Gidi,2004-04-15,97.62,27.37,20.79,2,2,0,119.0,59.5,46.5,78.15,3.0,0.5,4.6,1.74,72.0,36.0,30.0,83.33,2.0,1.0,50.0,28.5,27.0,13.5,11.0,3.0,2.0,2.0,0.0,0.0,,81.48,66.67,3.0,1.5,1.0,0.0,0.5,0.0,0.0,2.0,0.0,0.0,5.5,2.0,36.36,0.5,9.09
1209,Niké Liga (SK),705091,Alejandro  Méndez García,Alex Méndez,2001-07-28,88.27,25.54,20.22,24,22,2,901.0,40.95,31.86,77.8,3.09,0.18,6.18,1.89,644.0,29.27,24.45,83.54,1.23,0.5,40.74,26.18,246.0,11.18,8.55,5.64,4.0,2.64,1.91,1.18,61.9,76.42,70.97,0.14,4.36,0.5,0.5,0.23,0.14,60.0,1.68,0.41,24.32,3.05,1.0,32.83,0.36,11.94
1209,Niké Liga (SK),705092,Erik Zoltán Gyurákovics,E. Gyurákovics,1999-07-21,97.2,27.84,18.17,1,1,0,28.0,28.0,17.0,60.71,0.0,0.0,4.14,3.7,20.0,20.0,13.0,65.0,0.0,0.0,,20.0,5.0,5.0,3.0,2.0,1.0,0.0,0.0,0.0,,60.0,50.0,0.0,0.0,0.0,0.0,0.0,0.0,,0.0,0.0,,1.0,0.0,0.0,0.0,0.0
1209,Niké Liga (SK),705174,Alex Marković,A. Marković,2002-06-20,84.12,25.03,20.92,17,16,1,746.0,46.62,36.88,79.09,2.06,0.19,7.23,2.46,520.0,32.5,27.12,83.46,0.25,0.12,50.0,31.0,252.0,15.75,12.62,6.62,5.25,0.88,0.12,0.12,100.0,80.16,79.25,0.12,1.38,0.0,0.25,0.94,0.56,60.0,0.31,0.06,20.0,0.62,0.12,20.0,0.19,30.0
1209,Niké Liga (SK),715831,Dominik Žák,D. Žák,2000-04-30,94.74,22.27,25.75,27,26,1,962.0,37.0,23.19,62.68,4.27,0.31,4.59,1.38,547.0,21.04,13.62,64.72,2.92,1.42,48.68,14.96,190.0,7.31,4.23,4.38,2.35,0.92,0.73,0.31,42.11,57.9,53.51,0.65,2.38,0.35,0.62,0.23,0.15,66.67,4.27,0.62,14.42,6.96,1.46,20.99,1.0,14.36
1209,Niké Liga (SK),725018,Martin Gomola,M. Gomola,2002-01-08,62.07,12.48,18.57,12,12,0,192.0,16.0,7.75,48.44,1.33,0.0,5.09,1.65,102.0,8.5,4.08,48.04,1.08,0.25,23.08,6.92,45.0,3.75,1.42,2.17,0.75,0.58,0.33,0.08,25.0,37.78,34.61,0.0,1.0,0.08,0.08,0.17,0.0,0.0,1.33,0.0,0.0,2.0,0.42,20.83,0.08,4.17
1209,Niké Liga (SK),733195,Roland Galčík,R. Galčík,2001-07-30,72.75,19.77,19.9,27,24,3,608.0,25.33,14.67,57.9,4.38,0.79,7.22,2.1,394.0,16.42,9.88,60.15,1.75,0.67,38.09,12.04,179.0,7.46,4.17,3.79,1.79,1.67,1.46,0.54,37.14,55.87,47.25,0.88,1.5,0.79,0.62,0.42,0.21,50.0,2.42,0.54,22.41,5.04,0.75,14.88,0.88,17.36
1209,Niké Liga (SK),733199,Lukas Leginus,L. Leginus,2000-04-24,46.25,10.01,13.13,15,14,1,123.0,8.79,3.71,42.28,1.5,0.14,7.19,1.72,62.0,4.43,1.86,41.94,1.29,0.5,38.89,2.93,39.0,2.79,1.21,1.93,0.71,1.0,0.86,0.29,33.33,43.59,37.04,0.29,0.5,0.21,0.14,0.0,0.0,,1.36,0.21,15.79,2.21,0.64,29.03,0.14,6.45
1209,Niké Liga (SK),733201,Peter Kováčik,P. Kováčik,2000-12-01,80.8,22.31,22.91,22,19,3,639.0,33.63,23.11,68.7,4.11,0.79,5.06,1.66,407.0,21.42,16.0,74.69,2.11,1.42,67.5,16.84,140.0,7.37,5.37,3.32,2.05,1.53,1.0,0.63,63.16,72.86,61.9,0.74,1.79,0.53,0.53,0.21,0.11,50.0,2.53,0.47,18.75,5.16,0.89,17.35,0.74,14.29
1209,Niké Liga (SK),733202,Šimon Faško,Š. Faško,2006-04-09,36.48,7.25,12.22,5,3,2,42.0,14.0,11.33,80.95,1.33,0.0,2.73,0.98,20.0,6.67,5.67,85.0,0.0,0.0,,6.33,2.0,0.67,0.33,0.67,0.33,0.0,0.0,0.0,,50.0,50.0,0.0,0.0,0.0,0.0,0.0,0.0,,0.0,0.0,,0.33,0.0,0.0,0.0,0.0
1209,Niké Liga (SK),733203,Samuel Ďatko,S. Ďatko,2001-06-24,57.42,14.51,16.17,28,27,1,679.0,25.15,16.7,66.42,3.41,0.63,5.28,1.76,467.0,17.3,12.19,70.45,1.81,0.63,34.69,13.56,144.0,5.33,3.59,2.26,1.44,1.04,0.67,0.15,22.22,67.36,63.93,0.93,2.07,0.74,0.37,0.3,0.19,62.5,2.48,0.48,19.4,4.22,0.67,15.79,0.78,18.42
1209,Niké Liga (SK),733214,René Paraj,R. Paraj,1992-08-14,53.35,14.65,13.35,26,22,4,441.0,20.05,15.45,77.1,1.5,0.23,4.64,1.43,263.0,11.95,9.59,80.23,0.77,0.36,47.06,9.41,83.0,3.77,2.73,1.95,1.45,1.09,0.82,0.5,61.11,72.29,74.42,0.64,0.59,0.09,0.32,0.14,0.05,33.33,1.18,0.27,23.08,1.91,0.23,11.9,0.14,7.14
1209,Niké Liga (SK),737080,Tomáš Král,T. Král,2004-10-26,81.53,18.87,22.9,25,24,1,848.0,35.33,23.75,67.22,1.33,0.17,5.09,1.66,472.0,19.67,14.92,75.85,0.58,0.08,14.29,17.83,178.0,7.42,5.0,3.83,2.79,1.21,0.58,0.21,35.71,67.42,72.83,0.0,0.17,0.33,0.29,0.38,0.17,44.44,0.62,0.0,0.0,1.33,0.21,15.62,0.25,18.75
1209,Niké Liga (SK),738961,Filip Kiss,F. Kiss,1990-10-13,65.48,16.19,17.68,24,23,1,551.0,23.96,16.61,69.33,2.17,0.22,3.25,1.19,289.0,12.57,9.22,73.36,1.09,0.48,44.0,9.39,66.0,2.87,1.91,1.39,0.83,0.39,0.17,0.09,50.0,66.67,59.37,0.13,0.3,0.3,0.09,0.22,0.13,60.0,1.57,0.09,5.56,2.13,0.43,20.41,0.57,26.53
1209,Niké Liga (SK),769344,Matúš Begala,M. Begala,2001-04-07,22.94,6.13,6.18,8,7,1,56.0,8.0,5.29,66.07,0.0,0.0,4.41,1.38,32.0,4.57,3.29,71.88,0.43,0.14,33.33,3.57,9.0,1.29,0.71,0.57,0.29,0.14,0.0,0.0,,55.55,50.0,0.14,0.57,0.0,0.14,0.14,0.14,100.0,0.43,0.14,33.33,0.86,0.0,0.0,0.14,16.67
1209,Niké Liga (SK),777009,Ridwan Sanusi,R. Sanusi,2002-09-21,72.38,19.13,20.41,26,23,3,519.0,22.57,14.3,63.39,2.91,0.13,7.51,2.22,322.0,14.0,9.48,67.7,1.43,0.57,39.39,10.7,172.0,7.48,4.83,3.83,2.3,1.43,0.87,0.39,45.0,64.54,60.23,0.48,1.39,0.52,0.78,0.52,0.3,58.33,1.83,0.43,23.81,3.52,0.91,25.93,0.78,22.22
1209,Niké Liga (SK),777010,Martin Mášik,M. Mášik,1999-01-08,62.59,13.32,18.32,28,27,1,450.0,16.67,11.48,68.89,1.37,0.15,2.2,0.78,213.0,7.89,6.15,77.94,0.63,0.26,41.18,6.19,31.0,1.15,0.74,0.56,0.37,0.26,0.07,0.0,0.0,64.52,66.67,0.15,0.3,0.07,0.0,0.07,0.07,100.0,0.78,0.04,4.76,1.11,0.11,10.0,0.15,13.33
1209,Niké Liga (SK),777011,Adam Krčík,A. Krčík,1996-03-16,81.41,18.45,23.12,21,21,0,575.0,27.38,18.05,65.91,2.0,0.1,5.74,1.58,354.0,16.86,11.33,67.23,1.52,0.71,46.87,15.1,135.0,6.43,4.19,3.33,2.1,2.48,1.33,0.71,53.57,65.19,62.86,0.05,2.48,0.24,0.19,0.33,0.24,71.43,1.95,0.33,17.07,3.19,0.95,29.85,0.1,2.98
1209,Niké Liga (SK),777012,Martin Nagy,M. Nagy,1990-09-05,35.88,8.67,10.4,23,22,1,305.0,13.86,10.77,77.71,0.95,0.05,5.61,1.75,160.0,7.27,5.91,81.25,0.05,0.0,0.0,6.27,72.0,3.27,2.77,1.82,1.36,0.27,0.14,0.14,100.0,84.72,75.0,0.36,0.36,0.05,0.09,0.23,0.14,60.0,0.18,0.05,25.0,0.41,0.09,22.22,0.05,11.11
1209,Niké Liga (SK),777014,Oliver Podhorin,O. Podhorin,1992-07-06,76.16,18.16,21.53,12,12,0,357.0,29.75,23.17,77.87,0.92,0.0,3.92,1.42,207.0,17.25,15.75,91.3,0.33,0.17,50.0,15.83,61.0,5.08,4.58,2.75,2.75,0.5,0.25,0.25,100.0,90.16,100.0,0.0,0.0,0.08,0.0,0.08,0.08,100.0,0.33,0.0,0.0,0.67,0.17,25.0,0.17,25.0
1209,Niké Liga (SK),777016,Martin Černek,M. Černek,1994-12-30,66.57,14.32,19.26,26,26,0,609.0,23.42,14.19,60.59,1.38,0.08,4.75,1.49,321.0,12.35,8.08,65.42,0.77,0.38,50.0,10.42,133.0,5.12,3.15,2.38,1.5,0.77,0.46,0.15,33.33,61.66,62.9,0.15,0.81,0.23,0.19,0.19,0.04,20.0,1.0,0.15,15.38,1.5,0.46,30.77,0.38,25.64
1209,Niké Liga (SK),777017,Martin Junas,M. Junas,1996-03-09,97.47,21.31,28.43,31,30,1,571.0,19.03,9.07,47.64,0.17,0.0,5.64,3.8,276.0,9.2,5.53,60.15,0.2,0.0,0.0,8.93,157.0,5.23,1.5,3.4,1.13,0.0,0.0,0.0,,28.66,33.33,0.0,0.0,0.0,0.0,0.07,0.03,50.0,0.23,0.0,0.0,0.23,0.03,14.29,0.0,0.0
1209,Niké Liga (SK),777019,Ondřej Rudzan,O. Rudzan,1998-08-25,88.51,19.71,25.25,28,27,1,905.0,33.52,21.41,63.87,2.74,0.15,3.76,1.13,516.0,19.11,13.04,68.22,1.67,0.67,40.0,17.07,143.0,5.3,3.48,2.37,1.52,0.96,0.59,0.33,56.25,65.73,64.06,0.04,0.81,0.19,0.19,0.15,0.04,25.0,1.81,0.19,10.2,2.74,0.85,31.08,0.63,22.97
1209,Niké Liga (SK),777030,Stanislav Danko,S. Danko,1994-03-17,24.93,6.62,5.7,17,17,0,159.0,9.35,6.59,70.44,1.29,0.06,4.85,1.53,119.0,7.0,5.24,74.79,1.06,0.59,55.56,5.65,34.0,2.0,1.35,0.94,0.59,0.35,0.29,0.12,40.0,67.65,62.5,0.24,1.29,0.12,0.0,0.0,0.0,,1.35,0.29,21.74,1.76,0.47,26.67,0.35,20.0
1209,Niké Liga (SK),777031,Daniel Magda,D. Magda,1997-11-25,73.46,18.38,21.1,22,21,1,671.0,31.95,22.67,70.94,2.19,0.24,3.68,1.33,440.0,20.95,16.0,76.36,0.62,0.14,23.08,18.86,94.0,4.48,2.86,2.33,1.43,0.81,0.48,0.24,50.0,63.83,61.23,0.19,0.67,0.29,0.19,0.29,0.1,33.33,1.14,0.14,12.5,2.24,0.38,17.02,0.38,17.02
1209,Niké Liga (SK),777032,Matúš Marcin,M. Marcin,1994-04-06,66.89,19.45,17.06,5,5,0,98.0,19.6,13.0,66.33,2.6,0.4,5.42,1.48,68.0,13.6,9.6,70.59,0.8,0.2,25.0,11.0,25.0,5.0,3.0,3.6,2.0,1.0,0.6,0.2,33.33,60.0,55.55,1.4,0.8,0.4,0.4,0.4,0.2,50.0,1.2,0.2,16.67,3.8,0.8,21.05,0.6,15.79
1209,Niké Liga (SK),777033,Polydefkis Volanakis,P. Volanakis,2003-04-25,89.12,22.83,21.91,11,10,1,374.0,37.4,23.5,62.84,2.0,0.2,4.83,1.78,226.0,22.6,15.8,69.91,0.3,0.1,33.33,21.1,78.0,7.8,4.8,2.8,1.7,0.6,0.1,0.1,100.0,61.54,60.72,0.0,0.0,0.1,0.3,1.1,0.6,54.55,0.4,0.1,25.0,0.8,0.1,12.5,0.0,0.0
1209,Niké Liga (SK),777034,Yushi Shimamura,Y. Shimamura,1999-12-20,53.87,12.58,16.77,10,10,0,163.0,16.3,11.2,68.71,0.9,0.0,5.69,1.57,88.0,8.8,6.8,77.27,0.9,0.5,55.56,5.9,40.0,4.0,2.3,1.9,0.7,1.3,0.8,0.2,25.0,57.5,36.84,0.3,1.2,0.1,0.1,0.1,0.0,0.0,1.5,0.0,0.0,2.9,0.4,13.79,0.5,17.24
1209,Niké Liga (SK),777035,Igor Žofčák,I. Žofčák,1983-04-10,13.66,2.69,4.3,1,1,0,4.0,4.0,2.0,50.0,0.0,0.0,7.48,1.7,3.0,3.0,2.0,66.67,0.0,0.0,,2.0,1.0,1.0,1.0,1.0,1.0,1.0,1.0,1.0,100.0,100.0,100.0,1.0,0.0,0.0,0.0,1.0,1.0,100.0,0.0,0.0,,1.0,0.0,0.0,0.0,0.0
1209,Niké Liga (SK),777039,Artúr Musák,A. Musák,2005-10-17,86.89,22.53,24.55,6,6,0,227.0,37.83,26.67,70.48,5.83,0.67,8.11,2.2,166.0,27.67,20.17,72.89,1.17,0.67,57.14,21.5,88.0,14.67,10.17,5.67,4.0,2.5,1.67,1.17,70.0,69.32,70.59,1.83,4.5,0.17,1.67,1.17,0.5,42.86,2.5,0.83,33.33,4.0,1.33,33.33,1.0,25.0
1209,Niké Liga (SK),777045,Matúš Kira,M. Kira,1994-10-10,88.99,24.26,24.63,11,11,0,317.0,28.82,17.73,61.51,0.18,0.0,5.02,2.92,184.0,16.73,11.91,71.2,0.09,0.0,0.0,16.18,65.0,5.91,2.64,3.45,1.91,0.0,0.0,0.0,,44.62,55.26,0.0,0.0,0.0,0.0,0.27,0.0,0.0,0.18,0.09,50.0,0.45,0.18,40.0,0.0,0.0
1209,Niké Liga (SK),777047,Jakub Jakubko,J. Jakubko,2004-08-24,98.15,24.84,24.86,2,1,1,43.0,43.0,35.0,81.4,8.0,0.0,3.67,1.24,25.0,25.0,21.0,84.0,0.0,0.0,,21.0,4.0,4.0,4.0,0.0,0.0,1.0,0.0,0.0,,100.0,,0.0,1.0,0.0,0.0,0.0,0.0,,1.0,0.0,0.0,3.0,2.0,66.67,0.0,0.0
1209,Niké Liga (SK),777049,Dávid Gallovič,D. Gallovič,1996-04-23,82.23,21.46,23.04,28,27,1,907.0,33.59,25.63,76.3,3.93,0.3,5.8,1.76,614.0,22.74,18.15,79.8,1.89,0.96,50.98,16.63,228.0,8.44,6.63,4.19,3.15,1.04,0.89,0.74,83.33,78.51,75.22,1.04,1.52,0.37,0.67,0.63,0.3,47.06,2.96,0.56,18.75,5.0,0.78,15.56,0.85,17.04
1209,Niké Liga (SK),777050,Landing Sagna,L. Sagna,1999-12-22,45.3,10.4,11.06,24,24,0,188.0,7.83,4.21,53.72,1.25,0.08,7.07,1.64,108.0,4.5,2.62,58.33,1.25,0.46,36.67,1.79,58.0,2.42,1.25,1.5,0.67,0.96,0.71,0.12,17.65,51.72,44.44,0.38,0.58,0.38,0.33,0.0,0.0,,1.42,0.12,8.82,2.75,0.75,27.27,0.67,24.24
1209,Niké Liga (SK),777051,Miroslav Sovič,M. Sovič,2004-05-12,46.61,11.24,13.28,21,20,1,365.0,18.25,11.25,61.64,3.1,0.4,4.77,1.36,240.0,12.0,7.6,63.33,2.55,1.3,50.98,7.35,75.0,3.75,2.3,2.2,1.5,0.4,0.35,0.25,71.43,61.33,68.18,0.75,1.45,0.6,0.55,0.2,0.05,25.0,3.55,0.35,9.86,4.85,1.1,22.68,1.35,27.83
1209,Niké Liga (SK),777053,Marián Chobot,M. Chobot,1999-08-31,39.47,9.51,10.23,19,19,0,221.0,11.63,6.16,52.94,1.42,0.21,9.5,2.54,124.0,6.53,3.63,55.65,0.84,0.58,68.75,5.11,88.0,4.63,2.63,2.68,1.42,0.79,0.63,0.47,75.0,56.82,52.94,0.11,0.53,0.16,0.53,0.21,0.05,25.0,1.05,0.21,20.0,2.05,0.53,25.64,0.37,17.95
1209,Niké Liga (SK),777055,David Jackuliak,D. Jackuliak,2003-08-02,37.59,8.8,9.45,8,8,0,59.0,7.38,3.25,44.07,0.88,0.0,4.72,1.4,31.0,3.88,2.0,51.61,1.75,0.75,42.86,1.12,11.0,1.38,0.5,0.62,0.25,0.38,0.25,0.0,0.0,36.36,40.0,0.38,0.75,0.12,0.12,0.0,0.0,,1.88,0.38,20.0,2.62,0.38,14.29,0.62,23.81
1209,Niké Liga (SK),777057,Rahim  Ibrahim,R. Ibrahim,2001-06-10,57.05,17.6,12.94,28,27,1,697.0,25.81,19.52,75.61,1.89,0.3,4.99,1.61,471.0,17.44,14.07,80.68,1.44,0.81,56.41,12.59,131.0,4.85,3.22,2.33,1.3,0.59,0.48,0.04,7.69,66.41,55.55,0.89,1.3,0.19,0.59,0.26,0.07,28.57,2.56,0.63,24.64,3.7,0.59,16.0,0.63,17.0
1209,Niké Liga (SK),777058,Eynel Domingos Lima Soares,Eynel Soares,1998-10-25,94.52,25.74,23.48,14,14,0,442.0,31.57,15.21,48.19,5.07,0.43,12.45,3.02,290.0,20.71,10.29,49.65,3.36,1.57,46.81,14.29,206.0,14.71,5.93,8.29,3.07,4.43,3.0,1.07,35.72,40.29,37.07,0.43,2.14,0.5,4.43,1.86,0.36,19.23,4.79,0.86,17.91,7.71,2.14,27.78,1.5,19.44
1209,Niké Liga (SK),778450,Franck Bahi,F. Bahi,1999-12-20,58.39,15.48,15.62,14,14,0,278.0,19.86,13.29,66.91,1.64,0.07,4.12,1.37,183.0,13.07,9.21,70.49,0.64,0.43,66.67,12.07,45.0,3.21,2.0,1.86,1.36,0.93,0.64,0.43,66.67,62.22,73.08,0.21,1.0,0.14,0.14,0.21,0.07,33.33,0.93,0.14,15.39,1.5,0.29,19.05,0.14,9.52
1209,Niké Liga (SK),778451,Lukáš Šimko,L. Šimko,1999-06-30,67.77,15.06,19.51,21,20,1,375.0,18.75,10.75,57.33,1.4,0.2,5.51,1.56,213.0,10.65,6.45,60.56,1.0,0.15,15.0,8.85,89.0,4.45,2.5,2.1,0.75,1.05,0.75,0.25,33.33,56.18,35.71,0.1,1.45,0.1,0.25,0.25,0.0,0.0,1.25,0.25,20.0,2.2,0.5,22.73,0.3,13.64
1209,Niké Liga (SK),778458,Lukáš Mikulaj,L. Mikulaj,2005-04-11,92.12,25.81,21.08,9,9,0,241.0,26.78,17.78,66.39,4.0,0.44,4.45,1.2,128.0,14.22,9.89,69.53,2.78,1.56,56.0,6.33,43.0,4.78,3.44,2.0,1.11,1.0,0.56,0.33,60.0,72.09,55.56,0.67,1.67,0.33,0.33,0.0,0.0,,5.0,1.22,24.45,7.33,1.0,13.64,0.67,9.09
1209,Niké Liga (SK),778460,Mário Hollý,M. Hollý,2000-04-25,42.09,8.59,11.97,14,14,0,169.0,12.07,8.07,66.86,1.14,0.0,4.98,1.25,90.0,6.43,4.36,67.78,0.93,0.57,61.54,4.14,31.0,2.21,1.21,1.5,0.71,0.71,0.5,0.07,14.29,54.84,47.62,0.71,0.93,0.29,0.36,0.21,0.0,0.0,1.36,0.29,21.05,2.79,0.57,20.51,0.57,20.51
1209,Niké Liga (SK),792343,Christos Makrygiannis,C. Makrygiannis,2006-11-13,25.97,7.11,6.31,4,3,1,23.0,7.67,5.33,69.56,0.33,0.0,3.93,1.62,15.0,5.0,3.33,66.67,0.33,0.0,0.0,4.67,4.0,1.33,0.33,0.33,0.0,0.33,0.33,0.0,0.0,25.0,0.0,0.0,0.33,0.0,0.0,0.0,0.0,,0.33,0.0,0.0,0.33,0.0,0.0,0.0,0.0
1209,Niké Liga (SK),793296,Adam Mustapha Yakubu Hassan,Adam Yakubu,2005-02-01,83.84,23.15,19.36,17,17,0,766.0,45.06,36.18,80.29,2.94,0.12,6.57,1.91,476.0,28.0,23.35,83.4,0.59,0.29,50.0,22.24,202.0,11.88,9.18,4.29,2.94,2.18,1.47,1.0,68.0,77.23,68.49,1.12,1.47,0.0,0.53,0.41,0.35,85.71,1.18,0.06,5.0,3.0,0.71,23.53,0.18,5.88
1209,Niké Liga (SK),796518,Dominík Veselý,D. Veselý,2005-01-16,18.0,4.98,2.56,1,1,0,6.0,6.0,5.0,83.33,1.0,0.0,0.7,0.48,4.0,4.0,4.0,100.0,0.0,0.0,,3.0,0.0,0.0,0.0,0.0,0.0,0.0,0.0,0.0,,,,0.0,0.0,0.0,0.0,0.0,0.0,,0.0,0.0,,0.0,0.0,,0.0,
1209,Niké Liga (SK),797362,Giuliano Antonio Marek,G. Marek,2005-03-05,24.52,3.5,7.53,2,2,0,12.0,6.0,2.0,33.34,0.5,0.0,16.53,3.43,7.0,3.5,1.0,28.57,0.0,0.0,,3.5,6.0,3.0,0.5,2.0,0.0,1.0,0.5,0.0,0.0,16.66,0.0,0.0,0.0,0.0,0.0,1.0,0.0,0.0,0.0,0.0,,1.0,1.0,100.0,0.0,0.0
1209,Niké Liga (SK),798000,Mátyás Kovács,M. Kovács,2003-07-07,65.98,17.14,19.28,31,31,0,849.0,27.39,18.16,66.31,3.19,0.55,6.07,1.64,580.0,18.71,13.06,69.83,1.87,0.81,43.1,15.23,220.0,7.1,4.77,3.52,2.26,1.81,1.35,0.87,64.29,67.27,64.22,0.23,2.29,0.48,0.71,0.61,0.32,52.63,2.71,0.35,13.1,4.45,0.68,15.22,0.81,18.12
1209,Niké Liga (SK),798010,Róbert Pillár,R. Pillár,1991-05-27,82.97,18.27,24.44,23,23,0,624.0,27.13,20.87,76.92,0.78,0.0,2.69,1.14,343.0,14.91,13.22,88.63,0.17,0.09,50.0,14.13,60.0,2.61,2.17,1.09,0.91,0.48,0.04,0.04,100.0,83.33,84.0,0.04,0.0,0.13,0.0,0.04,0.04,100.0,0.17,0.0,0.0,0.52,0.09,16.67,0.09,16.67
1209,Niké Liga (SK),809055,Antonio Baždarić,A. Baždarić,2006-01-08,53.12,14.92,12.83,20,20,0,396.0,19.8,12.95,65.4,1.25,0.0,4.84,1.62,238.0,11.9,8.25,69.33,1.35,0.45,33.33,8.4,84.0,4.2,3.05,1.65,1.0,0.25,0.15,0.1,66.67,72.62,60.61,0.9,0.6,0.2,0.05,0.3,0.2,66.67,1.8,0.25,13.89,2.75,0.5,18.18,0.4,14.55
1209,Niké Liga (SK),810389,Timotej Hranica,T. Hranica,2005-05-28,53.47,13.42,14.66,26,25,1,413.0,16.52,10.16,61.5,1.24,0.16,5.54,1.62,245.0,9.8,6.64,67.76,0.84,0.44,52.38,8.36,105.0,4.2,2.36,2.16,1.12,1.36,0.96,0.44,45.83,56.19,51.85,0.08,1.08,0.2,0.48,0.12,0.04,33.33,1.08,0.08,7.41,2.24,0.56,25.0,0.36,16.07
1209,Niké Liga (SK),810425,Fabian Bzdyl,F. Bzdyl,2007-12-02,59.53,15.65,15.18,17,16,1,524.0,32.75,26.31,80.34,3.19,0.25,4.76,1.62,340.0,21.25,17.94,84.41,1.25,0.62,50.0,17.5,94.0,5.88,4.75,2.69,2.19,0.69,0.44,0.31,71.43,80.85,81.4,1.0,1.19,0.19,0.56,0.5,0.19,37.5,2.06,0.38,18.18,3.44,0.56,16.36,0.62,18.18
1209,Niké Liga (SK),810436,Patrik Lukáč,P. Lukáč,1994-12-05,95.64,25.84,25.06,24,24,0,465.0,19.38,9.75,50.32,0.08,0.04,4.21,2.8,260.0,10.83,6.46,59.62,0.08,0.0,0.0,10.46,80.0,3.33,1.17,2.17,0.75,0.0,0.0,0.0,,35.0,34.62,0.0,0.0,0.0,0.0,0.21,0.04,20.0,0.17,0.0,0.0,0.33,0.08,25.0,0.0,0.0
1209,Niké Liga (SK),810439,Vincent Chyla,V. Chyla,2004-01-08,56.94,15.39,15.56,32,28,4,658.0,23.5,16.46,70.06,1.57,0.14,5.62,1.78,405.0,14.46,10.86,75.06,0.61,0.25,41.18,11.36,154.0,5.5,3.64,1.96,1.07,0.79,0.36,0.07,20.0,66.23,54.55,0.86,0.75,0.18,0.18,0.25,0.04,14.29,1.07,0.11,10.0,2.11,0.32,15.25,0.25,11.86
1209,Niké Liga (SK),810440,Samuel Antonio Ramos Linares,Samuel Ramos,2000-08-18,63.98,18.08,15.65,29,28,1,868.0,31.0,19.61,63.25,3.61,0.5,4.73,1.48,560.0,20.0,13.39,66.96,1.96,0.82,41.82,15.57,174.0,6.21,3.68,3.32,1.86,0.82,0.54,0.25,46.67,59.2,55.91,1.14,2.46,0.18,0.64,0.54,0.29,53.33,3.07,0.43,13.95,4.57,0.96,21.09,1.0,21.88
1209,Niké Liga (SK),811990,Idjessi Metsoko,I. Metsoko,2002-03-14,58.12,15.98,13.48,16,13,3,196.0,15.08,8.15,54.08,2.85,0.54,6.27,1.49,129.0,9.92,5.69,57.36,2.23,1.0,44.83,5.69,50.0,3.85,2.15,2.69,1.15,1.54,1.38,0.46,33.33,56.0,42.86,0.77,1.62,0.46,0.62,0.15,0.08,50.0,3.08,0.31,10.0,4.62,1.38,30.0,1.08,23.33
1209,Niké Liga (SK),811991,Lukas Fila,L. Fila,2004-01-07,70.67,16.66,20.84,21,20,1,381.0,19.05,10.75,56.43,2.3,0.35,4.74,1.34,225.0,11.25,6.45,57.33,2.2,0.8,36.36,7.85,73.0,3.65,1.75,2.0,1.1,0.7,0.45,0.25,55.56,47.95,55.0,0.4,1.3,0.3,0.45,0.15,0.1,66.67,2.85,0.15,5.26,4.65,0.8,17.2,0.5,10.75
1209,Niké Liga (SK),812866,Marek Švec,M. Švec,2003-12-31,45.52,11.57,12.65,14,14,0,151.0,10.79,5.93,54.97,1.86,0.36,3.85,1.24,73.0,5.21,2.64,50.68,1.64,0.79,47.83,2.21,21.0,1.5,0.64,0.86,0.29,0.36,0.29,0.07,25.0,42.86,33.33,0.36,1.07,0.29,0.14,0.0,0.0,,1.71,0.36,20.83,3.0,0.21,7.14,0.64,21.43
1209,Niké Liga (SK),812868,Leandro Filipe de Almeida Dornelles,Leandro,2003-01-26,79.61,27.0,13.95,4,4,0,108.0,27.0,23.25,86.11,0.0,0.0,3.61,2.29,77.0,19.25,17.0,88.31,0.0,0.0,,18.5,15.0,3.75,2.25,2.0,1.25,0.0,0.0,0.0,,60.0,62.5,0.0,0.0,0.0,0.0,0.25,0.25,100.0,0.0,0.0,,0.0,0.0,,0.0,
1209,Niké Liga (SK),812951,Alasana Yirajang,A. Yirajang,2004-11-12,40.82,14.34,7.85,20,20,0,412.0,20.6,14.0,67.96,2.9,0.1,8.23,2.47,323.0,16.15,11.4,70.59,1.65,1.0,60.61,13.2,151.0,7.55,5.0,4.05,2.25,1.5,1.25,0.3,24.0,66.23,55.55,0.35,1.15,0.65,0.8,0.5,0.05,10.0,2.35,0.6,25.53,3.75,0.75,20.0,0.65,17.33
1209,Niké Liga (SK),812958,Luka Lemishko,L. Lemishko,2006-08-20,49.51,12.18,12.96,13,12,1,169.0,14.08,7.83,55.62,1.92,0.5,7.64,2.11,99.0,8.25,5.25,63.63,1.0,0.58,58.34,6.42,54.0,4.5,2.58,2.67,1.5,0.75,0.58,0.25,42.86,57.41,56.25,0.17,0.58,0.33,0.92,0.33,0.08,25.0,1.58,0.08,5.26,2.67,0.75,28.13,0.5,18.75
1209,Niké Liga (SK),813200,Maksym Khyminets,M. Khyminets,2006-05-15,39.49,9.26,11.56,11,9,2,119.0,13.22,7.56,57.14,1.89,0.11,7.06,1.86,75.0,8.33,4.89,58.67,1.11,0.33,30.0,5.78,40.0,4.44,2.22,2.33,0.67,1.11,0.89,0.33,37.5,50.0,28.57,0.22,0.78,0.56,0.44,0.33,0.11,33.33,1.44,0.44,30.77,2.44,0.67,27.27,0.78,31.82
1209,Niké Liga (SK),814421,Lukas Domaniský,Lukas Domanisky,2004-08-09,95.6,20.77,29.61,4,4,0,95.0,23.75,13.0,54.74,0.0,0.0,4.5,2.98,59.0,14.75,9.5,64.41,0.5,0.25,50.0,14.0,11.0,2.75,1.5,1.75,0.75,0.0,0.0,0.0,,54.55,42.86,0.0,0.0,0.0,0.0,0.25,0.0,0.0,0.75,0.25,33.33,0.75,0.25,33.33,0.0,0.0
1209,Niké Liga (SK),814598,Martin Mišovič,M. Mišovič,2004-01-22,31.86,7.86,6.61,6,6,0,41.0,6.83,3.0,43.9,2.0,0.17,10.54,2.4,26.0,4.33,2.0,46.15,0.67,0.17,25.0,2.67,13.0,2.17,0.83,1.83,0.67,0.67,0.67,0.0,0.0,38.46,36.36,0.33,0.17,0.33,0.33,0.33,0.17,50.0,0.83,0.17,20.0,1.67,0.33,20.0,0.17,10.0
1209,Niké Liga (SK),818233,Alex  Lajciak,A. Lajciak,2007-12-17,38.17,9.57,10.5,3,3,0,48.0,16.0,11.0,68.75,1.0,0.0,3.58,1.34,28.0,9.33,7.33,78.57,0.0,0.0,,9.33,6.0,2.0,1.67,1.33,1.33,0.0,0.0,0.0,,83.33,100.0,0.0,0.0,0.0,0.33,0.33,0.0,0.0,0.0,0.0,,0.0,0.0,,0.0,
1209,Niké Liga (SK),818939,Matúš Sláviček,M. Sláviček,2003-07-11,105.36,26.25,23.33,3,3,0,66.0,22.0,16.67,75.76,0.0,0.0,4.31,2.12,29.0,9.67,7.67,79.31,0.0,0.0,,9.33,13.0,4.33,3.67,3.33,3.0,0.0,0.0,0.0,,84.62,90.0,0.0,0.0,0.0,0.0,0.0,0.0,,0.0,0.0,,0.0,0.0,,0.0,
1209,Niké Liga (SK),819536,Clement  Ansah,C. Ansah,2005-01-02,5.55,2.04,1.64,1,1,0,7.0,7.0,7.0,100.0,0.0,0.0,2.83,1.36,5.0,5.0,5.0,100.0,0.0,0.0,,5.0,0.0,0.0,0.0,0.0,0.0,0.0,0.0,0.0,,,,0.0,0.0,0.0,0.0,0.0,0.0,,0.0,0.0,,1.0,0.0,0.0,0.0,0.0
1209,Niké Liga (SK),826562,Levente Bősze,L. Bősze,2009-02-18,6.22,1.94,0.66,1,1,0,1.0,1.0,1.0,100.0,0.0,0.0,8.04,3.2,1.0,1.0,1.0,100.0,0.0,0.0,,2.0,1.0,1.0,1.0,0.0,0.0,0.0,0.0,0.0,,100.0,,0.0,0.0,0.0,0.0,0.0,0.0,,0.0,0.0,,0.0,0.0,,0.0,
1209,Niké Liga (SK),826769,Nikolas Brandis,N. Brandis,2005-05-06,77.87,21.91,19.23,22,22,0,771.0,35.05,26.95,76.91,1.91,0.09,5.72,1.76,514.0,23.36,19.23,82.3,1.14,0.41,36.0,21.23,199.0,9.05,6.41,4.73,3.18,1.73,1.05,0.64,60.87,70.85,67.31,0.18,2.36,0.14,0.86,0.5,0.23,45.45,1.55,0.36,23.53,2.09,0.36,17.39,0.18,8.7
1209,Niké Liga (SK),829351,Ganbold Ganbayar,G. Ganbayar,2000-09-03,51.16,11.81,13.89,28,27,1,517.0,19.15,11.15,58.22,2.41,0.22,4.6,1.45,292.0,10.81,6.85,63.36,1.63,0.89,54.55,7.3,96.0,3.56,1.85,2.04,0.89,0.59,0.44,0.11,25.0,52.08,43.64,0.15,0.67,0.3,0.3,0.22,0.11,50.0,2.07,0.22,10.71,3.37,0.74,21.98,0.52,15.38
1209,Niké Liga (SK),839813,Dimitri Jepihhin,D. Jepihhin,2005-10-28,38.95,9.68,9.62,4,4,0,41.0,10.25,5.75,56.1,2.0,0.5,10.36,2.68,28.0,7.0,4.25,60.71,1.25,0.75,60.0,5.75,18.0,4.5,2.0,2.75,1.25,0.75,0.75,0.75,100.0,44.44,45.45,0.0,0.25,0.75,0.5,0.25,0.0,0.0,1.5,0.25,16.67,1.75,0.25,14.29,0.75,42.86
1209,Niké Liga (SK),839839,Rene Rantuša  Lampreht,R. Lampreht,2002-02-22,96.46,21.24,30.89,12,9,3,287.0,31.89,23.33,73.17,2.11,0.44,3.97,1.33,169.0,18.78,15.33,81.66,0.67,0.33,50.0,16.11,39.0,4.33,2.78,2.22,1.67,1.11,0.44,0.44,100.0,64.1,75.0,0.33,0.44,0.0,0.33,0.44,0.33,75.0,1.56,0.0,0.0,2.22,0.44,20.0,0.22,10.0
1209,Niké Liga (SK),840172,Hugo Ahl,H. Ahl,2001-10-16,72.11,18.88,18.8,31,30,1,698.0,23.27,13.53,58.17,3.7,0.5,8.41,2.08,450.0,15.0,9.63,64.22,2.13,0.9,42.19,11.53,261.0,8.7,4.67,4.5,2.0,2.53,1.83,0.7,38.18,53.64,44.44,0.37,2.2,0.37,1.0,0.47,0.1,21.43,2.9,0.57,19.54,4.67,1.27,27.14,0.7,15.0
1209,Niké Liga (SK),840431,Aleksandre Narimanidze,A. Narimanidze,2005-07-03,78.86,18.54,22.39,27,26,1,881.0,33.88,24.77,73.1,1.19,0.15,3.96,1.48,568.0,21.85,17.81,81.52,0.77,0.27,35.0,20.0,134.0,5.15,3.69,2.65,2.08,0.65,0.23,0.15,66.67,71.64,78.26,0.08,0.54,0.04,0.04,0.5,0.31,61.54,1.15,0.12,10.0,1.5,0.27,17.95,0.04,2.56
1209,Niké Liga (SK),841301,Marek Fábry,M. Fábry,1998-08-07,29.0,6.52,8.37,8,8,0,35.0,4.38,2.25,51.43,0.5,0.12,3.45,0.98,24.0,3.0,1.75,58.33,0.88,0.5,57.14,1.0,3.0,0.38,0.12,0.12,0.0,0.12,0.0,0.0,,33.33,0.0,0.12,0.38,0.12,0.25,0.0,0.0,,0.88,0.12,14.29,1.5,0.0,0.0,0.38,25.0
1209,Niké Liga (SK),841302,Peter Juritka,P. Juritka,2004-07-31,27.31,6.77,5.62,6,6,0,52.0,8.67,4.5,51.92,1.5,0.0,7.33,2.02,23.0,3.83,2.17,56.52,1.0,0.17,16.67,2.17,17.0,2.83,2.17,0.67,0.33,0.5,0.17,0.17,100.0,76.47,50.0,0.17,0.33,0.17,0.0,0.0,0.0,,1.0,0.17,16.67,1.83,0.17,9.09,0.17,9.09
1209,Niké Liga (SK),841304,František Kóša,F. Kóša,2006-03-02,19.79,4.71,4.85,13,12,1,93.0,7.75,3.83,49.46,2.42,0.25,12.06,2.74,65.0,5.42,2.83,52.31,0.17,0.0,0.0,4.92,43.0,3.58,1.5,2.42,0.67,1.25,1.17,0.25,21.43,41.86,27.59,0.25,0.75,0.33,1.75,0.92,0.25,27.27,0.25,0.0,0.0,1.0,0.25,25.0,0.33,33.33
1209,Niké Liga (SK),841757,Karlo Miljanić,K. Miljanić,2002-01-02,41.75,10.4,12.18,22,22,0,195.0,8.86,4.41,49.74,2.45,0.18,7.25,1.6,121.0,5.5,2.64,47.93,1.36,0.55,40.0,2.86,67.0,3.05,1.55,2.0,0.68,1.41,1.27,0.32,25.0,50.75,34.09,0.59,0.68,0.59,0.32,0.05,0.0,0.0,1.73,0.27,15.79,2.95,0.95,32.31,1.0,33.85
1209,Niké Liga (SK),841758,Adrian Fiala,A. Fiala,2005-05-02,49.86,13.24,11.56,10,10,0,179.0,17.9,9.0,50.28,3.4,0.0,7.31,1.93,115.0,11.5,6.1,53.05,1.4,0.8,57.14,8.4,64.0,6.4,2.5,4.5,1.6,0.8,0.8,0.4,50.0,39.06,35.55,0.3,1.1,0.2,1.2,0.8,0.1,12.5,2.0,0.2,10.0,3.4,0.8,23.53,0.4,11.77
1209,Niké Liga (SK),841759,Alex Húdok,A. Húdok,2006-05-06,96.33,28.73,21.35,3,3,0,73.0,24.33,20.67,84.93,0.0,0.0,3.86,2.15,47.0,15.67,15.0,95.74,0.0,0.0,,15.67,11.0,3.67,2.67,1.33,1.33,0.0,0.0,0.0,,72.73,100.0,0.0,0.0,0.0,0.0,0.33,0.33,100.0,0.0,0.0,,0.33,0.33,100.0,0.0,0.0
1209,Niké Liga (SK),841760,Hugo Pávek,H. Pávek,2005-06-02,89.24,24.69,21.75,26,26,0,1066.0,41.0,29.31,71.48,2.12,0.23,5.21,1.74,733.0,28.19,21.54,76.4,1.12,0.65,58.62,25.35,237.0,9.12,5.73,4.54,2.73,1.23,0.58,0.27,46.67,62.87,60.17,0.31,1.62,0.08,0.58,1.08,0.5,46.43,1.85,0.31,16.67,2.88,1.0,34.67,0.23,8.0
1209,Niké Liga (SK),842072,Nino Kukovec,N. Kukovec,2001-05-06,34.96,7.71,7.66,11,10,1,62.0,6.2,2.3,37.09,1.4,0.1,6.46,1.48,37.0,3.7,1.7,45.95,0.9,0.6,66.67,1.5,14.0,1.4,0.6,0.9,0.3,0.5,0.4,0.1,25.0,42.86,33.33,0.3,0.4,0.1,0.2,0.0,0.0,,1.2,0.3,25.0,2.7,0.6,22.22,0.8,29.63
1209,Niké Liga (SK),846562,Radek Siler,R. Siler,2004-09-10,76.81,20.22,21.48,31,27,4,403.0,14.93,6.89,46.15,4.15,0.85,6.11,1.57,244.0,9.04,4.15,45.9,2.7,0.85,31.51,4.11,101.0,3.74,1.63,2.3,0.93,1.04,0.89,0.33,37.5,43.56,40.32,0.93,1.78,0.96,0.48,0.15,0.04,25.0,3.33,0.33,10.0,5.89,1.19,20.13,1.78,30.19
1209,Niké Liga (SK),852502,Dan Ožvolda,D. Ožvolda,1996-10-11,71.36,17.01,19.24,25,24,1,564.0,23.5,17.25,73.41,1.5,0.0,4.04,1.15,292.0,12.17,8.75,71.92,0.96,0.33,34.78,9.25,93.0,3.88,2.96,1.46,0.88,0.88,0.29,0.04,14.28,76.34,60.0,0.46,1.67,0.17,0.29,0.21,0.08,40.0,1.38,0.33,24.24,2.67,0.79,29.69,0.38,14.06
1209,Niké Liga (SK),852503,Martin Šimko,M. Šimko,1998-05-24,98.46,22.9,27.04,31,31,0,1138.0,36.71,28.65,78.03,1.97,0.13,3.78,1.24,583.0,18.81,16.65,88.51,0.61,0.29,47.37,17.03,155.0,5.0,3.94,2.84,2.13,0.9,0.52,0.42,81.25,78.71,75.0,0.13,0.39,0.03,0.03,0.26,0.1,37.5,0.71,0.0,0.0,1.03,0.26,25.0,0.19,18.75
1209,Niké Liga (SK),852504,Šimon Šmehyl,S. Šmehyl,1994-02-09,93.76,22.23,25.8,27,26,1,938.0,36.08,23.27,64.5,3.0,0.19,3.48,1.23,577.0,22.19,15.5,69.84,1.0,0.58,57.69,19.65,138.0,5.31,3.73,2.73,1.85,0.96,0.58,0.38,66.67,70.29,67.61,0.04,1.0,0.04,0.15,0.23,0.12,50.0,1.5,0.15,10.26,2.85,0.88,31.08,0.27,9.46
1209,Niké Liga (SK),852507,Filip Dlubáč,F. Dlubáč,2001-02-15,93.83,21.66,23.83,16,16,0,330.0,20.62,9.69,46.97,0.25,0.06,4.99,3.45,203.0,12.69,6.44,50.74,0.25,0.0,0.0,11.81,70.0,4.38,1.69,2.25,0.94,0.0,0.0,0.0,,38.57,41.67,0.0,0.0,0.0,0.0,0.06,0.0,0.0,0.31,0.12,40.0,0.44,0.06,14.29,0.0,0.0
1209,Niké Liga (SK),852508,Jozef Pastorek,J. Pastorek,1998-09-26,17.0,3.32,3.97,8,8,0,36.0,4.5,2.38,52.78,0.62,0.0,4.77,1.39,16.0,2.0,1.62,81.25,0.62,0.62,100.0,1.38,7.0,0.88,0.62,0.5,0.38,0.0,0.0,0.0,,71.43,75.0,0.0,0.5,0.0,0.25,0.0,0.0,,0.75,0.12,16.67,0.88,0.25,28.57,0.25,28.57
1209,Niké Liga (SK),852509,Christian Emmanuel Nguidjol Bayemi,C. Nguidjol Bayemi,1998-12-25,52.29,12.52,13.9,27,26,1,408.0,15.69,8.42,53.68,2.69,0.27,6.73,1.74,255.0,9.81,5.12,52.16,2.77,1.27,45.83,4.58,118.0,4.54,2.5,2.69,1.27,1.31,1.08,0.42,39.29,55.08,47.14,0.5,1.31,1.0,0.38,0.04,0.0,0.0,3.35,0.38,11.49,5.42,1.38,25.53,1.0,18.44
1209,Niké Liga (SK),852511,Tamás Németh,T. Németh,1999-02-13,30.03,5.88,7.27,5,4,1,37.0,9.25,4.75,51.35,0.5,0.0,1.98,0.74,14.0,3.5,1.5,42.86,0.75,0.0,0.0,2.25,1.0,0.25,0.0,0.25,0.0,0.0,0.0,0.0,,0.0,0.0,0.0,0.0,0.0,0.0,0.0,0.0,,0.75,0.0,0.0,1.0,0.25,25.0,0.0,0.0
1209,Niké Liga (SK),899066,Erlantz  Palacín Alfonso,Erlantz Palacín,2003-02-10,20.01,5.88,5.4,4,3,1,20.0,6.67,4.33,65.0,0.67,0.33,4.27,1.16,13.0,4.33,2.67,61.54,0.33,0.33,100.0,4.0,5.0,1.67,1.0,1.0,0.67,0.67,0.67,0.33,50.0,60.0,66.67,0.0,0.67,0.0,0.33,0.33,0.33,100.0,0.33,0.0,0.0,0.67,0.0,0.0,0.33,50.0
1209,Niké Liga (SK),904468,Tobias Paliscak,T. Paliscak,2007-10-25,84.53,20.92,23.09,19,18,1,643.0,35.72,26.83,75.12,1.11,0.11,4.85,1.7,430.0,23.89,18.56,77.67,0.61,0.11,18.18,21.89,136.0,7.56,5.83,3.94,3.06,1.06,0.56,0.33,60.0,77.21,77.47,0.0,0.78,0.11,0.11,1.06,0.33,31.58,1.06,0.17,15.79,1.67,0.33,20.0,0.11,6.67
1209,Niké Liga (SK),908256,Sebastian Jung,S. Jung,2005-05-04,46.56,13.1,9.36,1,1,0,10.0,10.0,8.0,80.0,0.0,0.0,5.97,3.04,6.0,6.0,5.0,83.33,0.0,0.0,,6.0,3.0,3.0,2.0,1.0,1.0,0.0,0.0,0.0,,66.67,100.0,0.0,0.0,0.0,0.0,0.0,0.0,,0.0,0.0,,0.0,0.0,,0.0,
1209,Niké Liga (SK),919560,Dylann Kam,D. Kam,2004-10-21,54.79,16.16,12.57,24,24,0,500.0,20.83,11.62,55.8,2.42,0.08,8.85,2.3,344.0,14.33,7.79,54.36,2.21,0.88,39.62,10.38,201.0,8.38,4.17,5.38,2.25,1.79,1.46,0.5,34.29,49.75,41.86,0.17,2.29,0.5,1.71,0.79,0.29,36.84,3.0,0.54,18.06,5.08,1.33,26.23,0.62,12.29
1209,Niké Liga (SK),919578,Adam Ravas,A. Ravas,2007-11-27,29.29,7.75,7.93,10,10,0,94.0,9.4,5.6,59.58,1.4,0.3,4.53,1.47,57.0,5.7,3.7,64.91,2.0,1.0,50.0,3.5,16.0,1.6,1.1,0.9,0.5,0.4,0.2,0.1,50.0,68.75,55.56,0.4,0.8,0.0,0.3,0.1,0.1,100.0,2.8,0.6,21.43,3.5,0.6,17.14,0.6,17.14
1209,Niké Liga (SK),920279,Suleman Sani,S. Sani,2006-09-01,76.46,21.34,17.05,12,12,0,381.0,31.75,15.83,49.87,4.42,0.5,11.33,3.07,261.0,21.75,10.75,49.42,3.5,1.75,50.0,13.92,185.0,15.42,6.17,10.08,3.33,2.92,2.5,1.0,40.0,40.0,33.06,0.17,1.0,0.42,4.25,2.08,0.83,40.0,4.92,0.42,8.47,7.67,1.75,22.83,1.25,16.3
1209,Niké Liga (SK),924856,Alexej Maroš,A. Maroš,2008-01-03,26.96,6.9,6.95,1,1,0,8.0,8.0,2.0,25.0,0.0,0.0,11.33,2.46,6.0,6.0,2.0,33.33,3.0,0.0,0.0,3.0,4.0,4.0,1.0,2.0,0.0,0.0,0.0,0.0,,25.0,0.0,0.0,0.0,1.0,0.0,0.0,0.0,,4.0,1.0,25.0,4.0,1.0,25.0,0.0,0.0
1209,Niké Liga (SK),935855,Adam Žulevič,A. Žulevič,2007-09-14,18.76,2.66,7.5,1,1,0,4.0,4.0,3.0,75.0,1.0,0.0,2.79,0.75,4.0,4.0,3.0,75.0,0.0,0.0,,3.0,1.0,1.0,0.0,1.0,0.0,1.0,1.0,0.0,0.0,0.0,0.0,0.0,1.0,0.0,0.0,0.0,0.0,,1.0,0.0,0.0,2.0,1.0,50.0,0.0,0.0
1209,Niké Liga (SK),966910,Tae-rang Park,T. Park,2002-09-04,75.31,18.79,20.18,17,17,0,485.0,28.53,21.41,75.05,0.47,0.0,3.44,1.2,274.0,16.12,13.41,83.21,0.35,0.18,50.0,15.24,62.0,3.65,2.88,1.35,0.88,0.35,0.12,0.06,50.0,79.03,65.22,0.06,0.35,0.0,0.06,0.24,0.06,25.0,0.53,0.0,0.0,0.82,0.18,21.43,0.0,0.0
1209,Niké Liga (SK),968334,Lukáš Prokop ,L. Prokop,2004-10-12,26.82,7.01,6.43,19,18,1,117.0,6.5,2.67,41.02,1.5,0.17,8.13,2.01,69.0,3.83,1.28,33.33,1.22,0.22,18.18,2.11,40.0,2.22,1.0,1.22,0.39,0.61,0.44,0.11,25.0,45.0,31.82,0.94,0.33,0.33,0.5,0.0,0.0,,1.33,0.17,12.5,2.28,0.44,19.51,0.5,21.95
1209,Niké Liga (SK),968387,Martin Jenčuš,M. Jenčuš,2008-01-03,21.35,3.57,5.62,2,2,0,15.0,7.5,5.0,66.67,0.0,0.0,2.94,0.9,10.0,5.0,3.5,70.0,0.0,0.0,,3.5,2.0,1.0,0.5,0.5,0.0,0.5,0.5,0.0,0.0,50.0,0.0,0.0,0.5,0.0,0.0,0.0,0.0,,0.0,0.0,,0.5,0.5,100.0,0.0,0.0
1209,Niké Liga (SK),969722,Karol Blasko,K. Blasko,2007-03-31,27.75,8.74,5.62,9,9,0,68.0,7.56,4.67,61.76,1.11,0.11,8.66,2.21,47.0,5.22,3.22,61.7,0.56,0.11,20.0,4.0,26.0,2.89,1.78,0.89,0.56,0.56,0.33,0.22,66.67,61.54,62.5,0.44,0.56,0.44,0.22,0.33,0.22,66.67,0.56,0.0,0.0,1.22,0.11,9.09,0.11,9.09
1209,Niké Liga (SK),969829,Dominik Mašek,D. Masek,2002-08-01,60.19,12.66,14.25,7,6,1,78.0,13.0,5.33,41.03,0.33,0.0,7.59,1.87,48.0,8.0,3.17,39.58,0.33,0.0,0.0,7.0,25.0,4.17,1.0,3.33,0.83,2.17,1.5,0.0,0.0,24.0,25.0,0.0,0.5,0.0,0.5,0.67,0.17,25.0,0.33,0.0,0.0,0.83,0.33,40.0,0.0,0.0
1209,Niké Liga (SK),970131,Denis Adamkovič,D. Adamkovič,2006-10-25,30.87,7.07,8.95,13,13,0,146.0,11.23,6.31,56.16,0.92,0.0,7.17,1.93,86.0,6.62,4.23,63.95,0.69,0.54,77.78,5.0,46.0,3.54,1.85,1.92,0.77,0.92,0.85,0.31,36.36,52.17,40.0,0.15,0.92,0.08,0.23,0.23,0.08,33.33,1.15,0.15,13.33,1.85,0.46,25.0,0.38,20.83
1209,Niké Liga (SK),970264,Nicholas Theodore Dmitrović,N. Dmitrović,2006-01-09,12.77,3.46,1.45,2,2,0,6.0,3.0,2.0,66.67,1.0,0.0,3.0,1.03,2.0,1.0,0.5,50.0,0.0,0.0,,0.0,1.0,0.5,0.5,0.0,0.0,0.0,0.0,0.0,,100.0,,0.0,1.0,0.0,0.5,0.0,0.0,,0.5,0.0,0.0,1.0,0.0,0.0,0.0,0.0
1209,Niké Liga (SK),971042,Balša Mrvaljević,B. Mrvaljević,2005-09-03,32.56,6.98,9.23,12,9,3,74.0,8.22,3.0,36.49,2.56,0.33,5.17,1.19,45.0,5.0,1.89,37.78,0.67,0.11,16.66,3.22,15.0,1.67,0.44,1.33,0.33,0.78,0.67,0.22,33.33,26.67,25.0,0.56,0.67,0.78,0.0,0.0,0.0,,0.89,0.0,0.0,2.44,0.78,31.82,0.44,18.18
1209,Niké Liga (SK),973262,Zoran Ivanics,Z. Ivanics,2005-09-06,12.95,3.07,3.14,4,3,1,5.0,1.67,1.0,60.0,0.33,0.0,5.57,1.48,1.0,0.33,0.33,100.0,0.0,0.0,,0.0,1.0,0.33,0.0,0.33,0.0,0.0,0.0,0.0,,0.0,0.0,0.0,0.0,0.0,0.0,0.0,0.0,,0.0,0.0,,0.0,0.0,,0.0,
1209,Niké Liga (SK),976065,Orestis Kalemi,O. Kalemi,2006-03-09,39.92,10.88,8.34,9,8,1,150.0,18.75,12.75,68.0,1.25,0.0,4.55,1.45,97.0,12.12,9.0,74.23,0.38,0.38,100.0,9.62,25.0,3.12,1.75,0.62,0.12,0.25,0.12,0.0,0.0,56.0,20.0,0.5,0.88,0.12,0.12,0.38,0.12,33.33,1.25,0.12,10.0,2.62,0.25,9.52,0.62,23.81
1209,Niké Liga (SK),977304,William Francois,W. Francois,2004-12-02,21.9,6.02,5.51,5,5,0,41.0,8.2,6.0,73.17,0.6,0.0,4.78,1.5,24.0,4.8,4.0,83.34,0.0,0.0,,3.8,7.0,1.4,1.0,0.6,0.4,0.0,0.0,0.0,,71.43,66.67,0.2,0.4,0.0,0.2,0.2,0.0,0.0,0.0,0.0,,0.8,0.2,25.0,0.2,25.0
1209,Niké Liga (SK),977611,Severin Tatolna,S. Tatolna,2002-02-10,55.45,14.39,13.55,17,16,1,283.0,17.69,10.25,57.95,1.19,0.19,6.94,1.82,180.0,11.25,7.38,65.56,0.94,0.44,46.67,9.25,84.0,5.25,2.69,3.0,1.31,1.44,1.0,0.19,18.75,51.19,43.75,0.38,1.06,0.44,0.62,0.25,0.12,50.0,1.12,0.06,5.56,2.38,1.25,52.63,0.38,15.79
1209,Niké Liga (SK),979659,Dávid Húska,D. Húska,2003-09-30,93.71,22.12,23.68,15,14,1,331.0,23.64,12.93,54.68,0.07,0.0,4.86,3.62,184.0,13.14,8.86,67.39,0.07,0.0,0.0,12.71,64.0,4.57,1.79,2.21,0.86,0.0,0.0,0.0,,39.06,38.71,0.0,0.0,0.0,0.0,0.07,0.0,0.0,0.14,0.0,0.0,0.14,0.07,50.0,0.0,0.0
1209,Niké Liga (SK),981309,Gia Nadareishvili,G. Nadareishvili,2005-03-03,42.76,11.48,10.9,2,2,0,33.0,16.5,10.0,60.61,1.0,0.0,2.83,1.25,17.0,8.5,7.0,82.35,1.0,1.0,100.0,7.0,2.0,1.0,1.0,1.0,1.0,0.0,0.0,0.0,,100.0,100.0,0.0,1.0,0.0,0.0,0.0,0.0,,1.0,0.5,50.0,1.5,0.0,0.0,0.0,0.0
1209,Niké Liga (SK),982431,Richard Grexa,R. Grexa,2008-02-23,,,,1,0,1,,,,,,,,,,,,,,,,,,,,,,,,,,,,,,,,,,,,,,,,,,
1209,Niké Liga (SK),982432,Fedor Kasana,F. Kasana,2008-04-09,58.37,16.59,13.99,6,6,0,82.0,13.67,7.0,51.22,1.17,0.17,7.26,1.93,55.0,9.17,5.5,60.0,1.33,0.83,62.5,5.33,25.0,4.17,2.5,2.33,1.17,1.0,0.67,0.33,50.0,60.0,50.0,0.67,1.17,0.33,0.0,0.0,0.0,,2.33,0.5,21.43,4.0,0.83,20.83,0.5,12.5
1209,Niké Liga (SK),988565,Jakub Řehák,J. Řehák,2007-03-15,6.49,2.18,1.48,3,3,0,0.0,0.0,0.0,,0.0,0.0,,,0.0,0.0,0.0,,0.0,0.0,,0.0,0.0,0.0,0.0,0.0,0.0,0.0,0.0,0.0,,,,0.0,0.0,0.0,0.0,0.0,0.0,,0.0,0.0,,0.0,0.0,,0.0,
1209,Niké Liga (SK),989572,Glebs Patika,G. Patika,2004-11-09,34.05,5.61,11.79,2,2,0,14.0,7.0,5.5,78.57,2.0,0.0,3.43,1.0,6.0,3.0,2.0,66.67,0.5,0.0,0.0,3.0,1.0,0.5,0.5,0.5,0.5,0.5,0.5,0.5,100.0,100.0,100.0,0.0,1.5,0.5,0.0,0.0,0.0,,0.5,0.0,0.0,1.5,0.0,0.0,0.5,33.33
1209,Niké Liga (SK),989887,Andrii Havrylenko,A. Havrylenko,2000-08-17,50.72,13.93,12.87,21,19,2,398.0,20.95,13.53,64.57,2.84,0.16,4.78,1.53,266.0,14.0,9.84,70.3,1.0,0.37,36.84,12.11,78.0,4.11,2.47,2.79,1.63,1.0,0.89,0.58,64.71,60.26,58.49,0.42,1.84,0.21,0.26,0.53,0.21,40.0,1.21,0.16,13.04,2.37,0.58,24.44,0.58,24.44
1209,Niké Liga (SK),989888,Matej Jurička,M. Jurička,2005-08-11,97.79,26.98,26.81,22,19,3,538.0,28.32,18.37,64.87,0.11,0.05,5.43,3.06,361.0,19.0,13.42,70.64,0.26,0.16,60.0,18.42,130.0,6.84,3.95,3.37,2.11,0.11,0.0,0.0,,57.69,62.5,0.0,0.0,0.0,0.0,0.42,0.16,37.5,0.58,0.11,18.18,1.05,0.32,30.0,0.0,0.0
1209,Niké Liga (SK),998218,Marek Okál,M. Okál,2008-11-07,85.79,22.31,23.15,6,5,1,205.0,41.0,31.6,77.07,1.4,0.2,7.02,2.24,140.0,28.0,22.2,79.28,0.6,0.0,0.0,25.2,69.0,13.8,10.0,8.4,6.2,2.4,1.0,0.8,80.0,72.46,73.81,0.0,0.8,0.0,0.4,1.2,0.4,33.33,0.6,0.0,0.0,1.4,0.4,28.57,0.0,0.0
1209,Niké Liga (SK),998227,Martin Bačík,M. Bačík,2007-03-07,55.35,12.77,15.23,28,27,1,401.0,14.85,7.07,47.63,1.85,0.0,7.8,2.21,215.0,7.96,4.41,55.35,1.74,0.63,36.17,4.63,136.0,5.04,2.52,2.89,1.3,0.74,0.63,0.26,41.18,50.0,44.87,0.41,0.93,0.19,1.07,0.22,0.15,66.67,2.3,0.22,9.68,3.56,0.93,26.04,0.52,14.58
1209,Niké Liga (SK),998228,Nathan Udvaros,N. Udvaros,2007-09-17,34.27,10.43,7.9,19,19,0,223.0,11.74,8.79,74.89,1.26,0.11,5.2,1.35,147.0,7.74,6.37,82.31,0.63,0.32,50.0,5.63,52.0,2.74,1.79,1.0,0.58,0.63,0.37,0.21,57.14,65.38,57.89,0.32,1.11,0.05,0.16,0.05,0.05,100.0,1.05,0.21,20.0,1.63,0.26,16.13,0.16,9.68
1209,Niké Liga (SK),998303,Abbati Abdullahi,A. Abdullahi,2006-01-03,83.68,17.35,24.37,13,12,1,339.0,28.25,13.92,49.26,4.17,0.33,9.19,2.5,215.0,17.92,9.67,53.95,2.92,1.25,42.86,12.58,137.0,11.42,5.33,5.83,2.83,1.67,1.17,0.33,28.57,46.71,48.57,0.5,2.67,0.58,1.17,0.58,0.08,14.29,3.92,0.92,23.4,6.92,1.33,19.28,1.25,18.07
1209,Niké Liga (SK),998943,Matej Jakúbek,M. Jakúbek,1995-01-19,86.74,22.96,23.51,18,17,1,734.0,43.18,31.18,72.21,3.82,0.35,3.73,1.21,485.0,28.53,21.82,76.5,1.94,0.76,39.39,22.59,111.0,6.53,5.12,3.24,2.41,0.65,0.53,0.41,77.78,78.38,74.54,0.76,1.59,0.41,0.53,0.24,0.06,25.0,2.65,0.47,17.78,4.65,1.06,22.78,0.71,15.19
1209,Niké Liga (SK),999065,Alioune Sylla,Alioune Sylla,2003-01-25,44.65,12.44,10.41,30,29,1,415.0,14.31,7.66,53.49,2.28,0.17,6.41,1.82,283.0,9.76,5.97,61.13,1.62,0.69,42.55,7.07,115.0,3.97,1.83,2.45,1.1,0.79,0.62,0.07,11.11,46.09,45.07,0.21,1.34,0.1,0.52,0.28,0.14,50.0,2.1,0.38,18.03,3.14,0.62,19.78,0.38,12.09
1209,Niké Liga (SK),999209,Rhyan Modesto de Oliveira Galdino,Rhyan,2003-01-08,52.92,14.85,12.83,19,18,1,414.0,23.0,16.56,71.98,0.94,0.17,4.9,1.66,269.0,14.94,11.72,78.44,0.78,0.28,35.71,13.22,89.0,4.94,3.33,2.28,1.44,0.83,0.5,0.22,44.44,67.42,63.42,0.06,2.33,0.06,0.22,0.06,0.0,0.0,1.22,0.06,4.55,1.94,0.5,25.71,0.0,0.0
1209,Niké Liga (SK),999697,Sidoine Chounkwi Fogning,S. Chounkwi Fogning,2001-11-11,84.73,29.5,19.81,4,4,0,223.0,55.75,48.0,86.1,0.75,0.0,3.8,1.47,168.0,42.0,38.75,92.26,0.5,0.5,100.0,40.0,30.0,7.5,6.0,4.75,4.0,1.5,0.5,0.0,0.0,80.0,84.21,0.25,0.0,0.0,0.0,0.5,0.25,50.0,0.5,0.25,50.0,0.75,0.5,66.67,0.0,0.0
1209,Niké Liga (SK),999799,Michal Domik,M. Domik,2003-03-28,52.47,15.22,12.7,7,7,0,156.0,22.29,15.57,69.87,2.14,0.29,5.1,1.48,102.0,14.57,10.14,69.61,2.0,1.0,50.0,10.57,33.0,4.71,3.29,3.0,1.86,1.14,1.14,0.57,50.0,69.7,61.91,0.57,3.29,0.29,0.14,0.71,0.43,60.0,2.71,0.43,15.79,3.86,0.43,11.11,0.71,18.52
1209,Niké Liga (SK),1002391,Michal Kováčik,M. Kováčik,2006-04-06,28.08,8.96,7.14,1,1,0,5.0,5.0,4.0,80.0,0.0,0.0,3.08,1.78,2.0,2.0,2.0,100.0,0.0,0.0,,2.0,0.0,0.0,0.0,0.0,0.0,0.0,0.0,0.0,,,,0.0,0.0,0.0,0.0,0.0,0.0,,0.0,0.0,,0.0,0.0,,0.0,
1209,Niké Liga (SK),1002966,Abdoulaye Gueye,A. Gueye,2005-05-23,31.93,8.07,6.97,20,19,1,192.0,10.11,4.68,46.35,1.63,0.26,8.95,2.18,110.0,5.79,3.0,51.82,1.0,0.53,52.63,3.84,70.0,3.68,1.47,2.42,0.74,1.0,0.95,0.16,16.67,40.0,30.43,0.21,0.58,0.26,0.63,0.26,0.11,40.0,1.26,0.21,16.67,2.47,0.37,14.89,0.47,19.15
1209,Niké Liga (SK),1005715,Patrik Jevos,P. Jevos,2007-08-20,40.06,9.32,7.98,9,8,1,80.0,10.0,5.12,51.25,0.75,0.0,6.66,1.86,43.0,5.38,2.5,46.51,1.62,0.75,46.15,3.88,23.0,2.88,1.62,1.75,0.62,0.88,0.62,0.38,60.0,56.52,35.71,0.12,0.62,0.5,0.75,0.12,0.0,0.0,2.0,0.25,12.5,2.88,0.88,30.43,0.38,13.04
1209,Niké Liga (SK),1008197,Pa Assan Corr,P. Corr,2005-12-26,31.82,9.25,7.82,8,7,1,45.0,6.43,3.43,53.33,0.86,0.14,5.41,1.47,24.0,3.43,1.86,54.17,1.14,0.57,50.0,1.43,11.0,1.57,0.71,0.57,0.14,0.29,0.14,0.0,0.0,45.45,25.0,0.14,0.57,0.14,0.14,0.0,0.0,,1.14,0.29,25.0,2.0,0.43,21.43,0.57,28.57
1209,Niké Liga (SK),1009039,Luka Khorkheli,L. Khorkheli,2000-01-31,43.88,12.74,10.04,24,21,3,332.0,15.81,10.52,66.57,2.76,0.48,4.82,1.42,218.0,10.38,7.05,67.89,1.62,1.05,64.71,6.33,63.0,3.0,1.81,2.05,1.0,0.52,0.43,0.24,55.56,60.32,48.84,1.0,0.67,0.29,0.52,0.33,0.14,42.86,2.48,0.71,28.85,4.29,0.81,18.89,1.19,27.78
1209,Niké Liga (SK),1009151,Szűcs Patrik Péter,S. Patrik Péter,2005-08-04,31.46,6.92,6.94,9,9,0,97.0,10.78,6.67,61.85,1.89,0.11,5.45,1.91,52.0,5.78,3.67,63.46,1.56,0.89,57.14,3.78,21.0,2.33,1.0,0.89,0.44,0.44,0.33,0.11,33.33,42.86,50.0,0.33,0.44,0.11,0.33,0.0,0.0,,1.89,0.22,11.76,2.56,0.33,13.04,0.33,13.04
1209,Niké Liga (SK),1015127,Issah Mohammed,I. Mohammed,2006-04-06,48.13,17.64,9.04,1,1,0,45.0,45.0,41.0,91.11,2.0,0.0,5.19,2.01,32.0,32.0,30.0,93.75,0.0,0.0,,29.0,9.0,9.0,9.0,6.0,6.0,0.0,0.0,0.0,,100.0,100.0,0.0,0.0,0.0,0.0,0.0,0.0,,0.0,0.0,,1.0,0.0,0.0,0.0,0.0
1209,Niké Liga (SK),1017998,Timotej Kudlička,T. Kudlička,2003-08-19,55.6,14.76,13.14,30,27,3,440.0,16.3,8.63,52.95,3.07,0.41,7.24,1.86,282.0,10.44,5.78,55.32,2.48,1.19,47.76,6.26,141.0,5.22,2.48,3.52,1.33,1.22,1.04,0.11,10.71,47.52,37.89,0.96,1.37,0.81,0.96,0.3,0.04,12.5,3.19,0.44,13.95,4.96,1.37,27.61,1.19,23.88
1209,Niké Liga (SK),1019582,Rayan Elie Ouattara Guibero,R. Guibero,2004-05-08,57.48,13.98,13.75,4,4,0,58.0,14.5,6.0,41.38,1.0,0.0,10.25,2.77,38.0,9.5,4.25,44.74,1.25,0.25,20.0,8.25,24.0,6.0,3.25,4.25,2.25,1.0,0.75,0.5,66.67,54.17,52.94,0.25,0.5,0.0,1.0,1.25,0.5,40.0,1.5,0.25,16.67,2.0,0.0,0.0,0.0,0.0
1209,Niké Liga (SK),1019583,Jakub Palan,J. Palan,2006-06-08,36.34,8.91,10.21,14,13,1,157.0,12.08,6.38,52.87,1.0,0.15,7.09,1.86,98.0,7.54,4.15,55.1,0.62,0.15,25.0,5.85,48.0,3.69,1.46,2.69,1.08,1.08,0.85,0.38,45.45,39.58,40.0,0.15,0.77,0.23,0.54,0.31,0.08,25.0,0.85,0.0,0.0,1.92,0.85,44.0,0.23,12.0
1209,Niké Liga (SK),1020468,Tomas Buchvaldek,T. Buchvaldek,2002-10-12,36.67,6.82,11.91,8,8,0,72.0,9.0,5.25,58.33,1.5,0.0,4.25,1.12,31.0,3.88,2.88,74.19,0.38,0.25,66.67,2.12,13.0,1.62,0.88,1.0,0.5,0.75,0.5,0.25,50.0,53.85,50.0,0.25,0.5,0.0,0.0,0.0,0.0,,0.62,0.0,0.0,1.38,0.62,45.45,0.12,9.09
1209,Niké Liga (SK),1020507,Mohammed Sallah,M. Sallah,2006-02-17,21.49,5.71,5.54,7,6,1,56.0,9.33,7.83,83.93,0.17,0.0,4.26,1.43,42.0,7.0,5.83,83.33,0.33,0.17,50.0,5.83,9.0,1.5,1.5,0.33,0.33,0.17,0.0,0.0,,100.0,100.0,0.17,0.0,0.0,0.0,0.0,0.0,,0.33,0.0,0.0,0.83,0.33,40.0,0.17,20.0
1209,Niké Liga (SK),1020574,Ousman Kujabi,O. Kujabi,2005-11-19,29.01,8.52,6.97,20,19,1,137.0,7.21,3.37,46.72,1.21,0.21,9.19,2.25,85.0,4.47,2.21,49.41,1.05,0.42,40.0,2.0,53.0,2.79,1.26,1.84,0.63,0.79,0.63,0.16,25.0,45.28,34.29,0.37,0.53,0.37,0.47,0.11,0.0,0.0,1.32,0.16,12.0,2.37,0.58,24.44,0.63,26.67
1209,Niké Liga (SK),1020575,Muhammed Dumbuya,M. Dumbuya,2007-03-19,21.77,7.32,5.5,4,4,0,36.0,9.0,7.25,80.56,0.5,0.0,10.64,3.03,23.0,5.75,5.0,86.96,0.5,0.5,100.0,4.5,17.0,4.25,3.75,2.25,2.25,0.5,0.0,0.0,,88.24,100.0,0.5,1.25,0.0,0.0,0.0,0.0,,0.5,0.0,0.0,1.75,0.5,28.57,0.0,0.0
1209,Niké Liga (SK),1020795,Boris Gáll,B. Gáll,1994-04-27,28.17,7.07,6.17,10,10,0,114.0,11.4,8.0,70.17,0.9,0.0,6.27,1.75,75.0,7.5,6.0,80.0,0.3,0.3,100.0,6.6,30.0,3.0,2.2,1.2,0.8,0.5,0.2,0.1,50.0,73.33,66.67,0.2,0.6,0.0,0.1,0.2,0.1,50.0,0.3,0.1,33.33,0.9,0.3,33.33,0.2,22.22
1209,Niké Liga (SK),1020796,Jozef Menich,J. Menich,1994-09-15,92.76,22.08,26.15,18,18,0,680.0,37.78,30.39,80.44,1.44,0.06,3.76,1.44,438.0,24.33,21.39,87.9,0.39,0.22,57.14,22.5,102.0,5.67,4.17,2.61,1.94,1.22,0.22,0.17,75.0,73.53,74.47,0.06,0.44,0.06,0.06,0.44,0.17,37.5,0.5,0.0,0.0,0.83,0.06,6.67,0.06,6.67
1209,Niké Liga (SK),1020797,Roman Begala,R. Begala,1999-07-18,91.82,21.83,25.97,31,31,0,854.0,27.55,18.42,66.86,2.81,0.26,5.41,1.44,480.0,15.48,11.1,71.67,1.26,0.52,41.03,11.52,181.0,5.84,3.77,2.84,1.65,1.61,0.97,0.39,40.0,64.64,57.96,1.26,1.42,0.45,0.26,0.32,0.13,40.0,2.26,0.29,12.86,3.13,0.65,20.62,0.55,17.53
1209,Niké Liga (SK),1020798,Denis Potoma,D. Potoma,2000-02-15,58.8,11.4,22.18,2,2,0,36.0,18.0,15.0,83.33,2.0,0.5,5.21,1.57,19.0,9.5,9.0,94.74,0.0,0.0,,6.5,8.0,4.0,4.0,1.0,1.0,0.5,0.5,0.5,100.0,100.0,100.0,0.0,1.0,0.0,0.0,0.0,0.0,,0.5,0.0,0.0,1.5,0.5,33.33,0.0,0.0
1209,Niké Liga (SK),1020799,Adrián Knurovský,A. Knurovský,1996-11-08,95.37,21.98,25.39,2,2,0,58.0,29.0,16.5,56.9,0.5,0.0,4.21,2.3,35.0,17.5,10.5,60.0,0.0,0.0,,17.0,10.0,5.0,3.5,3.0,2.0,0.0,0.0,0.0,,70.0,66.67,0.0,0.0,0.0,0.0,0.0,0.0,,1.0,1.0,100.0,1.5,1.0,66.67,0.0,0.0
1209,Niké Liga (SK),1020908,Vasileios Theofanopoulos,V. Theofanopoulos,2007-08-05,32.46,6.39,7.54,5,5,0,24.0,4.8,2.2,45.83,1.4,0.2,4.09,1.33,16.0,3.2,1.6,50.0,0.6,0.2,33.33,2.6,3.0,0.6,0.2,0.6,0.2,0.0,0.0,0.0,,33.33,33.33,0.2,0.4,0.0,0.2,0.0,0.0,,1.2,0.2,16.67,1.4,0.0,0.0,0.8,57.14
1209,Niké Liga (SK),1023408,Kai Brosnan,K. Brosnan,2002-04-28,58.82,16.27,16.02,29,28,1,588.0,21.0,12.57,59.86,3.43,0.32,9.35,2.48,413.0,14.75,8.64,58.59,2.89,1.43,49.38,10.04,230.0,8.21,4.54,4.68,2.11,1.89,1.64,0.36,21.74,55.22,45.04,0.68,2.04,0.82,1.61,0.5,0.18,35.71,3.89,0.82,21.1,5.86,1.5,25.61,1.0,17.07
1209,Niké Liga (SK),1028088,Patrik Baleja,P. Baleja,2007-07-23,14.31,3.58,3.28,3,3,0,15.0,5.0,3.0,60.0,0.67,0.0,4.36,1.46,9.0,3.0,1.67,55.56,0.33,0.0,0.0,2.33,4.0,1.33,0.33,0.67,0.33,0.67,0.33,0.33,100.0,25.0,50.0,0.0,0.33,0.0,0.0,0.33,0.0,0.0,1.0,0.0,0.0,1.0,0.0,0.0,0.0,0.0
1209,Niké Liga (SK),1028089,Teodor Staník,T. Staník,2006-04-17,19.33,3.99,4.53,1,1,0,5.0,5.0,2.0,40.0,0.0,0.0,12.05,2.88,0.0,0.0,0.0,,0.0,0.0,,0.0,2.0,2.0,1.0,1.0,1.0,0.0,0.0,0.0,,50.0,100.0,0.0,1.0,0.0,0.0,0.0,0.0,,0.0,0.0,,0.0,0.0,,0.0,
1209,Niké Liga (SK),1028149,Adrian Petic,A. Petic,2007-10-11,7.43,1.41,2.64,1,1,0,3.0,3.0,2.0,66.67,0.0,0.0,1.65,0.73,1.0,1.0,1.0,100.0,0.0,0.0,,1.0,0.0,0.0,0.0,0.0,0.0,0.0,0.0,0.0,,,,0.0,0.0,0.0,0.0,0.0,0.0,,0.0,0.0,,0.0,0.0,,0.0,
1209,Niké Liga (SK),1028966,Shakhmurza Adyrbekov,S. Adyrbekov,2006-07-05,37.34,9.22,9.2,10,10,0,99.0,9.9,4.5,45.45,1.0,0.0,9.67,2.68,59.0,5.9,2.3,38.98,1.3,0.3,23.08,4.2,40.0,4.0,1.8,2.2,0.8,0.5,0.4,0.0,0.0,45.0,36.36,0.2,0.6,0.0,0.9,0.2,0.0,0.0,1.9,0.1,5.26,2.6,0.3,11.54,0.2,7.69
1209,Niké Liga (SK),1029670,Filip Kalanin,F. Kalanin,2009-08-30,96.39,23.34,28.87,3,3,0,46.0,15.33,8.67,56.52,0.33,0.0,5.38,3.33,27.0,9.0,5.67,62.96,0.33,0.0,0.0,8.67,11.0,3.67,1.67,1.67,1.33,0.0,0.0,0.0,,45.45,80.0,0.0,0.0,0.0,0.0,0.0,0.0,,0.33,0.0,0.0,0.33,0.0,0.0,0.0,0.0
1209,Niké Liga (SK),1029682,Viktor Šimić,V. Šimić,2005-10-14,41.58,11.17,12.86,3,3,0,59.0,19.67,15.67,79.66,0.0,0.0,7.2,1.96,43.0,14.33,12.0,83.72,0.33,0.0,0.0,13.33,21.0,7.0,5.33,4.67,3.33,1.0,1.0,0.33,33.33,76.19,71.43,0.33,0.33,0.0,0.0,1.33,0.33,25.0,0.33,0.0,0.0,0.67,0.0,0.0,0.0,0.0
1209,Niké Liga (SK),1030209,Patrik Filippov,P. Filippov,2007-09-17,8.85,3.26,2.44,1,1,0,4.0,4.0,3.0,75.0,0.0,0.0,8.17,1.88,2.0,2.0,1.0,50.0,1.0,0.0,0.0,1.0,2.0,2.0,1.0,1.0,0.0,1.0,0.0,0.0,,50.0,0.0,1.0,0.0,0.0,0.0,0.0,0.0,,1.0,0.0,0.0,1.0,1.0,100.0,0.0,0.0
1209,Niké Liga (SK),1032250,Artur Ukhan,A. Ukhan,2007-08-24,8.96,1.77,2.24,3,3,0,11.0,3.67,2.67,72.73,0.33,0.0,3.96,1.39,6.0,2.0,1.67,83.33,0.0,0.0,,1.67,1.0,0.33,0.33,0.0,0.0,0.0,0.0,0.0,,100.0,,0.0,0.0,0.0,0.0,0.0,0.0,,0.0,0.0,,0.0,0.0,,0.0,
1209,Niké Liga (SK),1032863,Sande Rachid Barro,S. Rachid Barro,,11.61,1.3,3.78,3,3,0,7.0,2.33,0.67,28.57,0.0,0.0,4.36,1.16,3.0,1.0,0.33,33.33,0.0,0.0,,0.67,2.0,0.67,0.0,0.0,0.0,0.0,0.0,0.0,,0.0,,0.0,0.0,0.0,0.0,0.0,0.0,,0.0,0.0,,0.0,0.0,,0.0,
1209,Niké Liga (SK),1034548,Tomas Durko,T. Durko,2009-03-15,78.7,20.05,21.72,11,11,0,401.0,36.45,26.64,73.07,0.73,0.0,4.7,1.61,270.0,24.55,19.36,78.89,0.36,0.18,50.0,23.0,75.0,6.82,5.09,2.91,2.27,0.91,0.09,0.09,100.0,74.67,78.13,0.0,0.09,0.0,0.18,0.64,0.36,57.14,0.55,0.09,16.67,1.18,0.27,23.08,0.0,0.0
1209,Niké Liga (SK),1034550,Julien Eymard Bationo,J. Bationo,2005-10-12,68.31,17.41,17.16,12,12,0,292.0,24.33,17.25,70.89,2.25,0.17,4.31,1.25,156.0,13.0,9.75,75.0,0.67,0.17,25.0,9.83,51.0,4.25,3.0,2.0,1.33,0.75,0.5,0.33,66.67,70.59,66.67,0.5,1.08,0.25,0.25,0.08,0.0,0.0,1.08,0.25,23.08,1.75,0.33,19.05,0.33,19.05
1209,Niké Liga (SK),1036916,Dávid  Griger,D. Griger,2007-01-01,8.64,1.94,1.41,2,2,0,5.0,2.5,0.5,20.0,0.0,0.0,11.92,2.6,3.0,1.5,0.5,33.33,1.0,0.5,50.0,0.5,2.0,1.0,0.0,1.0,0.0,0.0,0.0,0.0,,0.0,0.0,0.0,0.0,0.0,0.0,0.5,0.0,0.0,1.0,0.0,0.0,1.0,0.0,0.0,0.5,50.0
1209,Niké Liga (SK),1036919,Adam Labo,A. Labo,2008-07-16,63.29,21.14,17.75,2,2,0,43.0,21.5,13.0,60.46,2.0,0.0,5.06,1.5,29.0,14.5,10.0,68.96,2.5,1.0,40.0,10.0,11.0,5.5,4.0,0.5,0.0,0.5,0.0,0.0,,72.73,0.0,0.5,2.0,0.0,1.0,0.0,0.0,,3.5,1.0,28.57,4.0,0.5,12.5,0.5,12.5
1209,Niké Liga (SK),1036935,Milan Polča,M. Polča,2007-02-27,18.47,4.74,5.72,4,4,0,27.0,6.75,4.25,62.96,0.75,0.0,4.56,1.44,19.0,4.75,3.0,63.16,1.25,1.0,80.0,2.5,5.0,1.25,1.0,0.25,0.25,0.25,0.25,0.25,100.0,80.0,100.0,1.25,0.75,0.5,0.0,0.25,0.0,0.0,1.5,0.0,0.0,2.25,0.0,0.0,0.5,22.22
1209,Niké Liga (SK),1046353,Daniel Homet Ruiz,D. Homet,1999-07-07,53.15,13.16,13.88,5,5,0,75.0,15.0,7.6,50.67,3.4,1.0,6.18,1.51,43.0,8.6,4.8,55.81,1.4,0.6,42.86,3.8,19.0,3.8,1.8,2.6,1.4,1.8,1.6,0.6,37.5,47.37,53.85,0.4,0.8,0.8,0.8,0.2,0.2,100.0,1.8,0.0,0.0,4.4,1.6,36.36,1.2,27.27
1209,Niké Liga (SK),1047136,Michal Duraj,M. Duraj,2009-08-01,27.88,4.86,8.38,3,3,0,28.0,9.33,6.0,64.29,1.33,0.0,8.59,2.38,14.0,4.67,3.0,64.29,0.67,0.33,50.0,3.67,11.0,3.67,2.0,1.0,0.33,1.0,0.33,0.33,100.0,54.54,33.33,0.0,0.33,0.0,0.33,0.33,0.33,100.0,0.67,0.0,0.0,1.0,0.0,0.0,0.33,33.33
1209,Niké Liga (SK),1050207,Patrik Daněk,P. Daněk,2001-10-02,59.53,17.39,12.74,7,7,0,113.0,16.14,5.43,33.63,3.14,0.29,7.52,1.86,74.0,10.57,3.43,32.43,3.57,1.0,28.0,5.71,34.0,4.86,1.43,4.0,1.14,1.71,1.43,0.14,10.0,29.41,28.57,0.57,1.86,0.71,1.29,0.57,0.14,25.0,3.57,0.14,4.0,6.29,1.71,27.27,1.43,22.73
1209,Niké Liga (SK),1051598,Boris Druga,B. Druga,2002-03-25,41.62,11.22,9.69,7,7,0,103.0,14.71,7.0,47.57,1.57,0.14,6.78,1.62,60.0,8.57,3.71,43.34,2.29,0.71,31.25,5.14,30.0,4.29,1.57,2.86,0.71,1.14,1.0,0.0,0.0,36.67,25.0,0.0,1.0,1.0,0.57,0.14,0.0,0.0,2.43,0.43,17.65,4.57,1.14,25.0,0.57,12.5
1209,Niké Liga (SK),1051624,Philip Onyedika,P. Onyedika,2006-01-18,31.46,6.72,7.58,10,10,0,83.0,8.3,3.0,36.15,1.2,0.1,6.54,2.02,47.0,4.7,1.7,36.17,1.8,0.7,38.89,1.6,23.0,2.3,0.9,1.3,0.3,0.6,0.5,0.1,20.0,39.13,23.08,0.5,0.5,0.3,0.7,0.2,0.2,100.0,2.3,0.3,13.04,3.3,0.7,21.21,1.0,30.3
1209,Niké Liga (SK),1058402,Jakub  Marko,J. Marko,2007-06-26,9.56,2.29,4.42,1,1,0,2.0,2.0,2.0,100.0,0.0,0.0,0.68,0.35,2.0,2.0,2.0,100.0,1.0,1.0,100.0,1.0,0.0,0.0,0.0,0.0,0.0,0.0,0.0,0.0,,,,0.0,0.0,0.0,0.0,0.0,0.0,,1.0,0.0,0.0,1.0,0.0,0.0,0.0,0.0
1209,Niké Liga (SK),1058998,Nentaka Danjuma Bangs,N. Bangs,2006-04-04,23.58,7.21,4.98,5,5,0,43.0,8.6,4.2,48.84,1.6,0.0,10.13,2.9,24.0,4.8,3.0,62.5,1.2,0.8,66.67,3.6,19.0,3.8,2.4,1.6,1.0,0.2,0.2,0.2,100.0,63.16,62.5,0.0,0.2,0.2,1.0,0.2,0.2,100.0,1.2,0.2,16.67,2.2,0.4,18.18,0.2,9.09
1209,Niké Liga (SK),1058999,Papa Mamadou Diouf,P. Mamadou Diouf,2006-01-03,89.96,24.89,20.91,10,10,0,504.0,50.4,40.5,80.36,1.6,0.4,4.25,1.62,363.0,36.3,30.7,84.57,0.5,0.1,20.0,34.5,78.0,7.8,6.3,5.3,4.5,0.8,0.3,0.2,66.67,80.77,84.91,0.0,0.4,0.1,0.1,0.7,0.4,57.14,0.5,0.1,20.0,0.6,0.1,16.67,0.1,16.67
1209,Niké Liga (SK),1064232,Jurij Medvedev,J. Medvedev,1996-06-18,86.91,23.82,20.98,9,9,0,352.0,39.11,30.33,77.56,3.11,0.22,3.76,1.36,237.0,26.33,21.44,81.43,1.56,0.56,35.72,21.22,53.0,5.89,4.44,2.56,1.78,0.67,0.44,0.22,50.0,75.47,69.57,0.33,1.67,0.67,0.67,0.33,0.22,66.67,2.22,0.22,10.0,4.22,0.67,15.79,0.89,21.05
1209,Niké Liga (SK),1066197,Jakub peter Bamburak,J. Bamburak,2007-06-29,9.82,1.99,1.22,1,1,0,3.0,3.0,1.0,33.33,1.0,0.0,5.32,1.33,2.0,2.0,1.0,50.0,0.0,0.0,,2.0,0.0,0.0,0.0,0.0,0.0,0.0,0.0,0.0,,,,0.0,0.0,0.0,0.0,0.0,0.0,,0.0,0.0,,0.0,0.0,,0.0,
1209,Niké Liga (SK),1066603,Fallou Diongue,F. Diongue,2007-01-20,82.67,19.69,19.38,5,4,1,141.0,35.25,26.0,73.76,2.5,0.0,6.05,1.74,79.0,19.75,16.25,82.28,1.5,1.0,66.67,17.25,37.0,9.25,7.75,2.25,1.75,1.75,1.0,1.0,100.0,83.79,77.78,0.5,2.75,0.0,0.25,0.0,0.0,,2.5,1.0,40.0,3.75,0.25,6.67,0.25,6.67
1209,Niké Liga (SK),1067949,Viliam Vrábel,V. Vrábel,2008-02-20,16.7,4.48,6.05,1,1,0,11.0,11.0,10.0,90.91,1.0,0.0,3.45,1.13,8.0,8.0,7.0,87.5,1.0,1.0,100.0,6.0,1.0,1.0,1.0,0.0,0.0,0.0,0.0,0.0,,100.0,,2.0,0.0,0.0,0.0,0.0,0.0,,2.0,0.0,0.0,2.0,0.0,0.0,0.0,0.0
