competition_edition,league,player_id,player_name,player_short_name,player_birthdate,minutes,minutes_tip,minutes_otip,performance_count,performance_included_count,performance_failed_count,possession_count_total,possession_count,possession_count_retained,possession_pct_retained,possession_count_shotwithin10s,possession_count_goalwithin10s,possession_avgdistance,possession_avgduration,reception_count_total,reception_count,reception_count_retained,reception_pct_retained,reception_count_intensepressure_tightspace,reception_count_intensepressure_tightspace_retained,reception_pct_intensepressure_tightspace_retained,reception_count_inspace,longcarry_count_total,longcarry_count,longcarry_count_retained,longcarry_count_forwardtrajectory,longcarry_count_forwardtrajectory_retained,longcarry_count_abovehsr,longcarry_count_forwardtrajectory_abovehsr,longcarry_count_forwardtrajectory_abovehsr_retained,longcarry_pct_forwardtrajectory_abovehsr_retained,longcarry_pct_retained,longcarry_pct_forwardtrajectory_retained,possession_count_forwardmomentum,giveandgo_count,possession_count_beatbymovement,possession_count_beatbypossession,possession_count_drawnpressure,possession_count_drawnpressure_retained,possession_pct_drawnpressure_retained,reception_count_intensepressure_constrainedspace,possession_count_escapedpressure,possession_pct_escapedpressure,reception_count_intensepressure,possession_count_intensepressure_progressed,possession_pct_intensepressure_progressed,possession_count_intensepressure_dangercreated,possession_pct_intensepressure_dangercreated
1208,1. SNL (SI),1302,Benjamin Tetteh,B. Tetteh,1997-07-10,64.57,17.56,14.45,27,24,3,444.0,18.5,9.79,52.93,3.46,0.58,5.4,1.46,273.0,11.38,6.71,58.98,4.17,1.96,47.0,4.0,102.0,4.25,2.62,1.29,0.67,0.92,0.5,0.21,41.67,61.76,51.61,0.83,1.67,1.21,0.46,0.0,0.0,,4.96,0.79,15.97,8.04,0.88,10.88,1.92,23.83
1208,1. SNL (SI),2587,Dejan Lazarević,D. Lazarević,1990-02-15,17.41,2.08,5.28,2,2,0,4.0,2.0,0.5,25.0,0.5,0.0,1.61,0.5,2.0,1.0,0.0,0.0,0.5,0.0,0.0,0.0,0.0,0.0,0.0,0.0,0.0,0.0,0.0,0.0,,,,0.0,0.0,0.5,0.0,0.0,0.0,,0.5,0.0,0.0,1.0,0.0,0.0,0.5,50.0
1208,1. SNL (SI),2990,Hillel El Arbi Soudani,H. Soudani,1987-11-25,50.17,13.12,11.92,29,27,2,435.0,16.11,8.63,53.56,3.52,0.44,5.72,1.62,269.0,9.96,5.52,55.39,1.93,0.56,28.85,5.96,102.0,3.78,1.81,2.26,0.85,0.78,0.52,0.11,21.43,48.04,37.7,0.56,1.56,0.89,0.7,0.26,0.07,28.57,2.52,0.3,11.76,4.3,0.48,11.21,1.11,25.86
1208,1. SNL (SI),3494,Florian  Hartherz,F. Hartherz,1993-05-29,72.0,22.16,17.17,16,13,3,516.0,39.69,32.54,81.98,1.85,0.54,4.02,1.44,370.0,28.46,24.85,87.3,1.46,0.85,57.89,26.92,83.0,6.38,5.23,3.92,3.31,0.85,0.54,0.38,71.43,81.93,84.31,0.08,3.0,0.0,0.15,0.38,0.38,100.0,1.77,0.31,17.39,2.92,1.08,36.84,0.46,15.79
1208,1. SNL (SI),4212,Haris Vučkič,H. Vučkič,1992-08-21,71.43,16.48,22.57,13,12,1,261.0,21.75,15.5,71.27,2.67,0.17,5.09,1.61,189.0,15.75,11.75,74.6,3.5,2.0,57.14,10.0,51.0,4.25,3.33,2.17,1.58,0.67,0.5,0.33,66.67,78.43,73.08,1.67,1.58,0.25,0.58,0.5,0.42,83.33,4.58,0.92,20.0,6.75,1.42,20.99,1.0,14.82
1208,1. SNL (SI),4757,Jasmin Kurtič,J. Kurtič,1989-01-10,28.9,7.0,7.12,10,9,1,97.0,10.78,8.33,77.32,0.56,0.0,4.32,1.56,63.0,7.0,5.56,79.37,0.22,0.0,0.0,6.33,15.0,1.67,1.22,0.89,0.56,0.44,0.22,0.11,50.0,73.33,62.5,0.22,0.33,0.0,0.11,0.33,0.11,33.33,0.44,0.0,0.0,0.67,0.11,16.67,0.11,16.67
1208,1. SNL (SI),5482,Josip Iličić,J. Iličić,1988-01-29,66.59,18.46,15.51,28,23,5,538.0,23.39,13.65,58.36,3.96,0.74,5.72,1.88,364.0,15.83,9.57,60.44,2.17,1.35,62.0,11.22,133.0,5.78,3.09,3.43,1.39,0.74,0.61,0.13,21.43,53.38,40.51,1.26,0.83,0.39,1.17,0.65,0.22,33.33,2.96,0.3,10.29,5.78,1.48,25.56,1.22,21.05
1208,1. SNL (SI),6459,Luka Krajnc,L. Krajnc,1994-09-19,81.77,24.19,16.66,14,13,1,544.0,41.85,33.69,80.51,1.15,0.0,7.14,2.12,374.0,28.77,24.92,86.63,0.85,0.31,36.36,27.46,159.0,12.23,10.85,8.23,7.38,1.69,1.15,1.08,93.33,88.68,89.72,0.15,0.31,0.08,0.08,0.85,0.62,72.73,1.0,0.0,0.0,1.77,0.38,21.74,0.08,4.35
1208,1. SNL (SI),9811,Sheyi Ojo,S. Ojo,1997-06-19,82.33,22.73,18.42,28,26,2,953.0,36.65,24.0,65.48,4.35,0.31,8.93,2.5,692.0,26.62,17.77,66.76,2.42,1.08,44.44,22.73,373.0,14.35,9.0,8.92,5.23,2.77,2.19,0.96,43.86,62.73,58.62,0.23,2.5,0.42,2.12,1.96,0.81,41.18,3.46,1.08,31.11,5.65,1.38,24.49,0.65,11.56
1208,1. SNL (SI),10497,Tomi Jurić,T. Jurić,1991-07-22,46.67,11.93,12.57,8,5,3,46.0,9.2,5.6,60.87,0.8,0.2,5.0,1.65,26.0,5.2,3.0,57.69,2.0,0.8,40.0,1.6,7.0,1.4,1.2,0.6,0.6,0.2,0.2,0.2,100.0,85.72,100.0,0.0,0.4,0.2,0.2,0.0,0.0,,2.8,0.4,14.29,3.4,0.2,5.88,0.4,11.76
1208,1. SNL (SI),10594,Uroš Korun,U. Korun,1987-05-25,78.84,20.86,22.63,13,9,4,330.0,36.67,30.67,83.64,0.67,0.22,3.6,1.48,199.0,22.11,20.22,91.46,0.11,0.0,0.0,20.44,40.0,4.44,4.0,1.44,1.33,0.56,0.0,0.0,,90.0,92.31,0.0,0.0,0.0,0.0,0.33,0.33,100.0,0.11,0.0,0.0,0.78,0.0,0.0,0.0,0.0
1208,1. SNL (SI),11165,Jean Michaël Seri,J. Seri,1991-07-19,58.02,17.71,11.83,14,13,1,366.0,28.15,24.15,85.79,1.92,0.08,2.84,1.21,234.0,18.0,15.92,88.46,0.54,0.31,57.14,13.46,35.0,2.69,2.46,0.92,0.85,0.15,0.0,0.0,,91.43,91.67,0.38,0.08,0.0,0.0,0.15,0.15,100.0,1.31,0.23,17.65,2.38,0.31,12.9,0.15,6.45
1208,1. SNL (SI),11505,Jan Repas,J. Repas,1997-03-19,82.78,22.68,18.94,25,24,1,912.0,38.0,27.29,71.82,3.96,0.46,4.98,1.42,589.0,24.54,18.88,76.91,2.5,1.21,48.33,19.0,196.0,8.17,5.5,4.04,2.25,1.92,1.04,0.5,48.0,67.35,55.67,1.29,1.88,0.29,1.17,0.25,0.17,66.67,3.58,0.62,17.44,4.92,1.29,26.27,1.0,20.34
1208,1. SNL (SI),12240,Abdoulaye Dabo,A. Dabo,2001-03-04,29.17,9.36,6.57,5,5,0,86.0,17.2,15.4,89.53,0.8,0.0,3.06,1.02,69.0,13.8,12.2,88.41,0.0,0.0,,11.6,8.0,1.6,1.6,0.4,0.4,0.0,0.0,0.0,,100.0,100.0,0.2,0.4,0.0,0.0,0.0,0.0,,0.4,0.0,0.0,1.2,0.0,0.0,0.0,0.0
1208,1. SNL (SI),13045,Rudi Požeg Vancaš,R. Požeg Vancaš,1994-03-15,41.98,14.75,8.13,17,16,1,265.0,16.56,10.88,65.66,2.81,0.75,6.24,2.04,208.0,13.0,8.5,65.38,1.38,0.62,45.45,10.44,82.0,5.12,3.44,2.31,1.06,0.62,0.56,0.25,44.44,67.07,45.95,0.12,2.62,0.62,0.5,0.75,0.5,66.67,2.0,0.62,31.25,3.38,0.44,12.96,0.62,18.52
1208,1. SNL (SI),13584,Antonio Marin,A. Marin,2001-01-09,57.63,16.13,14.0,26,25,1,539.0,21.56,12.36,57.33,2.64,0.36,5.42,1.54,358.0,14.32,8.76,61.17,1.84,0.88,47.83,10.28,135.0,5.4,2.64,2.72,1.28,1.0,0.76,0.4,52.63,48.89,47.06,1.6,1.68,0.56,0.88,0.6,0.16,26.67,2.84,0.56,19.72,4.8,0.44,9.17,0.88,18.33
1208,1. SNL (SI),13709,Macky Frank Bagnack Mouegni,M. Bagnack,1995-06-07,61.58,14.07,18.88,9,8,1,220.0,27.5,22.0,80.0,0.38,0.12,4.08,1.91,132.0,16.5,13.75,83.33,0.25,0.0,0.0,15.0,33.0,4.12,3.75,1.88,1.62,0.25,0.0,0.0,,90.91,86.67,0.0,0.0,0.12,0.0,0.25,0.25,100.0,0.25,0.0,0.0,0.5,0.0,0.0,0.0,0.0
1208,1. SNL (SI),13724,Jan Gorenc,J. Gorenc,1999-07-26,79.89,22.08,19.46,23,22,1,863.0,39.23,33.09,84.36,1.27,0.23,5.09,1.74,600.0,27.27,24.55,90.0,0.36,0.14,37.5,25.68,188.0,8.55,7.14,4.5,3.77,0.95,0.41,0.32,77.78,83.51,83.84,0.09,0.82,0.0,0.0,0.59,0.45,76.92,0.68,0.09,13.33,1.09,0.41,37.5,0.05,4.17
1208,1. SNL (SI),14159,Rok Vodišek,R. Vodišek,1998-12-05,95.78,26.51,31.86,3,2,1,39.0,19.5,11.5,58.98,0.0,0.0,3.96,3.33,17.0,8.5,6.5,76.47,0.5,0.5,100.0,8.5,6.0,3.0,0.0,2.0,0.0,0.0,0.0,0.0,,0.0,0.0,0.0,0.0,0.0,0.0,0.0,0.0,,1.0,0.0,0.0,1.0,1.0,100.0,0.0,0.0
1208,1. SNL (SI),15082,Stefanos Evangelou,S. Evangelou,1998-05-12,79.39,17.76,24.39,9,6,3,173.0,28.83,21.67,75.15,0.33,0.0,3.46,1.64,96.0,16.0,13.33,83.33,0.33,0.33,100.0,15.33,19.0,3.17,1.83,1.0,0.5,0.67,0.0,0.0,,57.9,50.0,0.0,0.0,0.0,0.0,0.33,0.17,50.0,0.5,0.0,0.0,0.67,0.5,75.0,0.0,0.0
1208,1. SNL (SI),15359,Alexandros Parras,A. Parras,1998-05-12,48.62,10.26,14.79,11,11,0,188.0,17.09,8.09,47.34,0.91,0.18,8.63,2.45,105.0,9.55,4.73,49.52,0.82,0.09,11.11,7.64,75.0,6.82,3.18,3.73,2.0,1.27,1.0,0.36,36.36,46.67,53.66,0.18,1.0,0.09,0.73,0.64,0.18,28.57,1.27,0.09,7.14,3.0,0.55,18.18,0.09,3.03
1208,1. SNL (SI),15443,Ivan Borna Jelić Balta,I. Jelić Balta,1992-09-17,82.42,18.89,21.79,23,18,5,681.0,37.83,27.11,71.66,2.11,0.22,6.11,2.0,398.0,22.11,17.22,77.89,0.5,0.39,77.78,19.17,188.0,10.44,6.89,5.0,3.11,0.67,0.33,0.17,50.0,65.96,62.22,0.33,0.61,0.06,0.44,1.39,0.39,28.0,0.89,0.06,6.25,1.67,0.61,36.67,0.22,13.33
1208,1. SNL (SI),15742,Matija Boben,M. Boben,1994-02-26,89.18,23.34,22.09,15,12,3,506.0,42.17,34.83,82.61,1.67,0.25,5.13,1.95,336.0,28.0,24.67,88.09,0.42,0.17,40.0,26.67,115.0,9.58,8.33,6.58,5.67,0.92,0.5,0.25,50.0,86.96,86.08,0.17,0.17,0.08,0.33,1.17,0.92,78.57,0.58,0.0,0.0,1.08,0.42,38.46,0.17,15.38
1208,1. SNL (SI),16273,Toni Domgjoni,T. Domgjoni,1998-09-04,71.72,20.76,17.35,4,4,0,138.0,34.5,27.0,78.26,2.75,0.25,3.88,1.38,88.0,22.0,18.5,84.09,1.75,0.75,42.86,16.5,18.0,4.5,3.25,2.25,1.0,0.25,0.25,0.25,100.0,72.22,44.44,0.75,2.0,0.5,0.5,0.25,0.25,100.0,2.5,0.25,10.0,3.75,0.5,13.33,1.0,26.67
1208,1. SNL (SI),16575,Franko Kovačević,F. Kovačević,1999-08-08,66.41,23.92,12.05,14,14,0,120.0,8.57,2.93,34.17,4.07,1.14,3.48,0.97,74.0,5.29,2.0,37.84,2.64,1.07,40.54,1.79,20.0,1.43,0.57,0.71,0.14,0.29,0.29,0.0,0.0,40.0,20.0,0.5,0.36,0.93,0.43,0.07,0.0,0.0,3.0,0.14,4.76,3.57,0.43,12.0,1.93,54.0
1208,1. SNL (SI),16582,Simon Sluga,S. Sluga,1993-03-17,98.86,33.87,17.61,3,3,0,58.0,19.33,12.33,63.79,0.33,0.0,4.81,2.95,31.0,10.33,7.67,74.19,0.0,0.0,,9.33,12.0,4.0,2.67,2.33,1.67,0.0,0.0,0.0,,66.67,71.43,0.0,0.0,0.0,0.0,0.0,0.0,,0.0,0.0,,0.0,0.0,,0.0,
1208,1. SNL (SI),16876,Haris Dedič,H. Dedič,1997-07-06,67.67,19.18,15.33,5,4,1,138.0,34.5,27.75,80.44,0.25,0.0,4.89,1.87,90.0,22.5,18.75,83.33,0.25,0.0,0.0,21.0,28.0,7.0,6.25,3.25,2.5,0.5,0.0,0.0,,89.29,76.92,0.0,0.0,0.0,0.0,0.25,0.0,0.0,0.25,0.0,0.0,1.0,0.5,50.0,0.0,0.0
1208,1. SNL (SI),16896,Tilen Klemenčič,T. Klemenčič,1995-08-21,88.64,21.73,24.47,30,27,3,912.0,33.78,24.04,71.16,1.56,0.07,4.27,1.38,605.0,22.41,16.81,75.04,1.48,0.63,42.5,20.44,158.0,5.85,4.33,3.41,2.48,1.41,1.04,0.7,67.86,74.05,72.83,0.07,1.67,0.15,0.22,0.41,0.19,45.45,1.89,0.26,13.73,2.93,0.78,26.58,0.37,12.66
1208,1. SNL (SI),16897,Jošt Urbančič,J. Urbančič,2001-04-12,84.83,22.34,21.45,23,22,1,871.0,39.59,30.0,75.78,2.5,0.14,6.18,1.86,614.0,27.91,22.23,79.64,1.64,0.95,58.33,25.23,231.0,10.5,7.59,6.09,4.36,2.18,1.59,1.14,71.43,72.3,71.64,0.09,2.55,0.09,0.41,0.64,0.41,64.29,2.55,0.36,14.29,4.09,1.0,24.44,0.32,7.78
1208,1. SNL (SI),16902,Gregor Sikošek,G. Sikošek,1994-02-13,81.09,18.49,22.94,8,7,1,220.0,31.43,21.43,68.18,1.43,0.0,3.97,1.38,139.0,19.86,14.0,70.51,1.14,0.57,50.0,18.86,37.0,5.29,3.29,2.43,1.57,0.29,0.0,0.0,,62.16,64.71,0.0,1.71,0.14,0.29,0.57,0.0,0.0,1.71,0.0,0.0,2.57,0.86,33.33,0.43,16.67
1208,1. SNL (SI),16927,Luka Štor,L. Štor,1998-07-05,52.34,11.87,15.84,9,9,0,107.0,11.89,7.78,65.42,1.11,0.11,7.12,1.81,72.0,8.0,4.89,61.11,1.33,0.78,58.33,5.11,33.0,3.67,2.78,1.67,0.78,1.0,0.67,0.11,16.67,75.76,46.67,0.11,0.56,0.56,0.22,0.22,0.11,50.0,1.67,0.22,13.33,3.56,0.33,9.38,0.56,15.62
1208,1. SNL (SI),17040,Bogdan Vaštšuk,B. Vaštšuk,1995-10-04,16.41,4.13,3.72,4,3,1,11.0,3.67,2.0,54.55,0.33,0.0,3.48,0.8,7.0,2.33,1.0,42.86,0.0,0.0,,0.67,1.0,0.33,0.33,0.33,0.33,0.33,0.33,0.33,100.0,100.0,100.0,0.33,0.0,0.0,0.0,0.0,0.0,,0.67,0.0,0.0,1.0,0.0,0.0,0.0,0.0
1208,1. SNL (SI),17262,Alex Matthias Tamm,A. Tamm,2001-07-24,21.89,5.06,5.77,12,10,2,54.0,5.4,2.4,44.45,0.9,0.2,5.91,1.59,26.0,2.6,0.9,34.62,0.7,0.3,42.86,1.6,17.0,1.7,0.5,0.8,0.0,0.3,0.2,0.0,0.0,29.41,0.0,0.5,0.5,0.3,0.0,0.0,0.0,,0.7,0.1,14.29,1.8,0.6,33.33,0.9,50.0
1208,1. SNL (SI),18882,Jordi Jair Govea Merlín,J. Govea,1999-03-09,74.81,25.59,19.45,2,2,0,117.0,58.5,45.5,77.77,3.0,0.5,4.06,1.74,98.0,49.0,41.0,83.68,3.5,2.0,57.14,46.0,15.0,7.5,6.5,5.0,4.0,1.5,1.0,0.0,0.0,86.67,80.0,0.0,7.0,0.0,0.0,0.5,0.5,100.0,6.0,2.5,41.67,6.5,1.0,15.38,0.5,7.69
1208,1. SNL (SI),19260,Nik Omladič,N. Omladič,1989-08-21,37.22,10.54,8.93,19,17,2,217.0,12.76,9.65,75.58,1.12,0.18,7.32,2.15,135.0,7.94,6.47,81.48,0.53,0.12,22.22,7.0,73.0,4.29,2.88,1.59,0.88,0.41,0.29,0.18,60.0,67.12,55.56,0.65,0.53,0.24,0.12,0.24,0.12,50.0,0.88,0.18,20.0,1.29,0.18,13.64,0.18,13.64
1208,1. SNL (SI),19322,Mario Kvesić,M. Kvesić,1992-01-12,79.01,27.63,16.1,29,28,1,1383.0,49.39,36.04,72.96,6.54,0.86,4.82,1.74,1067.0,38.11,28.18,73.95,3.11,1.5,48.28,31.75,286.0,10.21,7.21,4.96,3.29,0.75,0.5,0.39,78.57,70.63,66.19,1.71,2.64,0.64,0.79,1.32,0.75,56.76,4.14,0.54,12.93,6.39,1.11,17.32,1.64,25.7
1208,1. SNL (SI),19428,Kangni Frederic Ananou,F. Ananou,1997-09-20,47.87,12.37,12.96,10,10,0,183.0,18.3,14.3,78.14,0.4,0.1,5.71,1.79,126.0,12.6,10.4,82.54,0.6,0.5,83.33,12.3,43.0,4.3,3.3,2.1,1.5,1.0,0.7,0.4,57.14,76.74,71.43,0.0,0.8,0.0,0.3,0.3,0.2,66.67,0.7,0.0,0.0,1.1,0.2,18.18,0.0,0.0
1208,1. SNL (SI),19852,Felipe Castaldo Curcio,Felipe Curcio,1993-08-06,74.99,21.03,15.72,12,9,3,385.0,42.78,33.56,78.44,2.11,0.11,4.9,1.67,262.0,29.11,23.33,80.15,0.44,0.44,100.0,26.44,75.0,8.33,6.44,4.78,3.44,1.22,0.78,0.33,42.86,77.33,72.09,0.0,1.56,0.11,0.22,0.22,0.11,50.0,1.0,0.0,0.0,1.89,0.78,41.18,0.11,5.88
1208,1. SNL (SI),20034,Damjan Bohar,D. Bohar,1991-10-18,33.62,10.37,7.48,7,7,0,54.0,7.71,4.43,57.4,0.71,0.0,7.38,1.9,34.0,4.86,3.29,67.65,0.71,0.29,40.0,2.86,17.0,2.43,1.57,1.14,0.71,0.71,0.43,0.29,66.67,64.71,62.5,0.14,0.57,0.43,0.0,0.0,0.0,,0.86,0.29,33.33,2.14,0.43,20.0,0.43,20.0
1208,1. SNL (SI),20140,Dejan Vokič,D. Vokič,1996-06-12,81.41,23.51,21.5,15,14,1,693.0,49.5,38.36,77.49,3.93,0.43,4.66,1.78,518.0,37.0,29.14,78.77,3.07,2.07,67.44,28.21,134.0,9.57,7.64,4.57,3.5,0.5,0.21,0.14,66.67,79.85,76.56,1.29,1.21,0.0,0.64,0.93,0.64,69.23,4.36,1.07,24.59,7.29,0.86,11.77,0.86,11.76
1208,1. SNL (SI),22088,Alejandro Blanco Sánchez,Álex Blanco,1998-12-16,55.84,15.42,12.81,24,23,1,578.0,25.13,17.74,70.59,1.7,0.22,7.14,2.01,397.0,17.26,13.04,75.57,1.87,0.91,48.84,15.13,187.0,8.13,5.35,5.04,3.17,1.96,1.52,0.83,54.29,65.77,62.93,0.09,2.43,0.22,0.7,0.61,0.3,50.0,2.35,0.26,11.11,3.3,0.52,15.79,0.57,17.11
1208,1. SNL (SI),22147,Isaac Matondo,I. Matondo,1999-03-24,67.79,18.5,15.92,33,28,5,647.0,23.11,14.54,62.91,3.43,0.39,7.58,2.19,465.0,16.61,11.07,66.67,2.79,1.57,56.41,11.25,229.0,8.18,5.18,4.75,2.64,1.32,1.04,0.64,62.07,63.32,55.64,0.79,2.07,0.71,1.68,1.04,0.64,62.07,3.82,0.64,16.82,5.68,1.04,18.24,1.18,20.75
1208,1. SNL (SI),22909,Robert Murić,R. Murić,1996-03-12,61.8,15.41,16.6,13,12,1,257.0,21.42,12.67,59.14,2.67,0.08,5.47,1.86,194.0,16.17,9.75,60.31,2.17,1.0,46.15,13.33,65.0,5.42,3.0,2.5,1.17,0.33,0.08,0.0,0.0,55.39,46.66,0.33,0.42,0.08,0.5,0.5,0.17,33.33,2.58,0.17,6.45,3.67,0.58,15.91,0.33,9.09
1208,1. SNL (SI),23737,Kelvin Ofori,K. Ofori,2001-07-27,47.78,13.93,10.44,12,12,0,214.0,17.83,11.67,65.42,2.5,0.17,8.12,2.23,154.0,12.83,8.92,69.48,2.17,1.17,53.85,9.0,74.0,6.17,3.75,3.33,1.67,1.08,0.75,0.42,55.56,60.81,50.0,0.33,1.08,0.25,1.58,0.67,0.42,62.5,2.92,0.67,22.86,5.08,0.83,16.39,1.25,24.59
1208,1. SNL (SI),24130,Vitaliy Lisakovich,V. Lisakovich,1998-02-08,48.08,16.33,9.03,9,9,0,142.0,15.78,9.89,62.68,2.89,0.44,6.12,1.84,107.0,11.89,7.67,64.49,1.89,1.11,58.82,8.22,40.0,4.44,2.67,2.67,1.44,0.56,0.56,0.0,0.0,60.0,54.17,0.78,2.11,0.56,0.44,0.44,0.33,75.0,3.33,0.44,13.33,5.33,1.0,18.75,1.11,20.83
1208,1. SNL (SI),24637,Brian Safo Oddei,B. Oddei,2002-09-18,52.74,15.06,12.39,19,17,2,308.0,18.12,10.29,56.82,2.18,0.29,7.98,2.44,198.0,11.65,6.94,59.6,1.65,0.88,53.57,8.06,115.0,6.76,4.06,2.94,1.53,0.71,0.47,0.18,37.5,60.0,52.0,0.18,1.35,0.29,1.12,0.41,0.29,71.43,2.53,0.59,23.26,4.59,0.94,20.51,0.29,6.41
1208,1. SNL (SI),25827,Omar Rekik,O. Rekik,2001-12-20,88.24,22.84,20.22,26,24,2,1085.0,45.21,36.67,81.11,1.67,0.25,6.54,1.95,689.0,28.71,25.54,88.97,0.46,0.25,54.55,27.5,294.0,12.25,10.33,8.5,7.04,2.33,1.62,1.29,79.49,84.35,82.84,0.04,0.83,0.04,0.38,1.08,0.62,57.69,0.71,0.08,11.76,0.96,0.38,39.13,0.08,8.7
1208,1. SNL (SI),26588,Juan José Nieto Zarzoso,Juanjo Nieto,1994-10-03,87.76,29.81,17.78,25,25,0,1644.0,65.76,55.08,83.76,3.84,0.6,5.69,2.07,1274.0,50.96,43.88,86.11,2.0,1.04,52.0,47.6,412.0,16.48,13.16,9.64,7.6,2.6,2.04,1.4,68.63,79.85,78.84,0.32,3.8,0.44,1.04,2.16,1.16,53.7,2.52,0.2,7.94,3.72,0.56,15.06,0.72,19.35
1208,1. SNL (SI),27254,Bruno Miguel Ponces Lourenço,Bruno Lourenço,1998-02-02,74.36,21.79,17.84,13,13,0,442.0,34.0,26.46,77.83,3.0,0.31,5.03,1.49,309.0,23.77,19.38,81.55,1.31,0.38,29.41,19.23,88.0,6.77,5.15,3.23,2.23,1.54,1.31,0.92,70.59,76.14,69.05,0.77,3.92,0.46,0.23,0.38,0.38,100.0,1.92,0.38,20.0,4.08,1.0,24.53,0.54,13.21
1208,1. SNL (SI),27540,Diogo Costa Pinto,Diogo Pinto,1999-06-29,58.39,14.54,15.89,16,14,2,235.0,16.79,11.29,67.23,2.57,0.14,4.08,1.15,158.0,11.29,8.0,70.89,2.0,0.93,46.43,7.43,33.0,2.36,1.71,1.07,0.64,0.21,0.07,0.0,0.0,72.73,60.0,0.79,1.07,0.5,0.14,0.21,0.21,100.0,2.79,0.36,12.82,3.86,0.57,14.82,0.93,24.07
1208,1. SNL (SI),27799,Ahmet Muhamedbegovic,A. Muhamedbegovic,1998-10-30,89.28,24.47,21.86,24,22,2,1190.0,54.09,46.05,85.13,1.59,0.23,5.23,1.93,791.0,35.95,32.59,90.64,0.32,0.18,57.14,34.41,254.0,11.55,9.68,7.73,6.45,1.55,1.09,0.86,79.17,83.86,83.53,0.05,0.36,0.0,0.09,1.0,0.68,68.18,0.45,0.0,0.0,0.64,0.23,35.71,0.05,7.14
1208,1. SNL (SI),29133,Daniel Pavlev,D. Pavlev,2000-10-11,29.71,4.75,8.04,2,2,0,15.0,7.5,5.0,66.67,0.5,0.0,2.42,0.77,6.0,3.0,1.5,50.0,0.0,0.0,,2.5,1.0,0.5,0.5,0.5,0.5,0.0,0.0,0.0,,100.0,100.0,0.0,0.0,0.0,0.0,0.0,0.0,,0.0,0.0,,1.0,0.0,0.0,0.0,0.0
1208,1. SNL (SI),29150,Ažbe Jug,A. Jug,1992-03-03,96.94,26.03,22.02,30,28,2,759.0,27.11,19.21,70.88,0.11,0.0,3.87,2.36,501.0,17.89,13.71,76.65,0.07,0.0,0.0,17.79,99.0,3.54,2.11,2.04,1.18,0.0,0.0,0.0,,59.6,57.9,0.0,0.0,0.0,0.0,0.21,0.18,83.33,0.29,0.14,50.0,0.46,0.04,7.69,0.0,0.0
1208,1. SNL (SI),29670,Ognjen Gnjatić,O. Gnjatić,1991-10-16,86.52,25.17,22.78,25,21,4,920.0,43.81,36.24,82.72,1.38,0.05,2.94,1.16,652.0,31.05,27.29,87.88,1.14,0.81,70.83,23.76,90.0,4.29,3.62,1.24,1.0,0.38,0.14,0.14,100.0,84.44,80.77,0.86,1.1,0.0,0.14,0.38,0.33,87.5,2.67,0.19,7.14,4.38,0.76,17.39,0.1,2.17
1208,1. SNL (SI),29881,Nikita Iosifov,N. Iosifov,2001-04-11,75.59,25.46,15.87,33,31,2,818.0,26.39,16.0,60.64,5.13,0.97,10.23,2.76,610.0,19.68,12.03,61.15,2.19,1.13,51.47,16.32,360.0,11.61,5.97,6.48,2.52,2.71,2.0,0.58,29.03,51.39,38.81,0.65,1.74,1.16,3.0,1.32,0.48,36.59,2.77,0.71,25.58,5.35,1.65,30.72,1.32,24.7
1208,1. SNL (SI),30203,Mark Pabai,M. Pabai,2000-09-30,92.78,25.33,21.84,22,20,2,840.0,42.0,31.95,76.07,2.1,0.4,7.08,2.48,566.0,28.3,22.7,80.21,1.3,0.8,61.54,26.35,270.0,13.5,10.8,7.0,5.3,1.1,0.9,0.7,77.78,80.0,75.71,0.1,1.25,0.05,0.55,1.65,0.9,54.55,2.3,0.25,10.87,3.75,0.95,25.33,0.25,6.67
1208,1. SNL (SI),31074,Nino Kouter,N. Kouter,1993-12-19,86.47,20.53,24.23,31,26,5,1034.0,39.77,28.42,71.47,3.12,0.42,5.61,1.86,641.0,24.65,19.65,79.72,1.62,0.77,47.62,18.54,252.0,9.69,7.31,4.31,3.0,1.27,1.0,0.5,50.0,75.4,69.64,0.58,1.19,0.15,0.35,0.46,0.31,66.67,2.54,0.5,19.7,5.0,1.31,26.15,1.0,20.0
1208,1. SNL (SI),31075,Matjaž Rožman,M. Rožman,1987-01-03,95.17,22.66,26.12,26,21,5,446.0,21.24,13.48,63.45,0.24,0.05,3.59,2.47,225.0,10.71,7.95,74.22,0.24,0.1,40.0,10.33,57.0,2.71,1.38,2.14,1.19,0.0,0.0,0.0,,50.88,55.56,0.0,0.0,0.0,0.0,0.0,0.0,,0.38,0.14,37.5,0.38,0.19,50.0,0.0,0.0
1208,1. SNL (SI),31238,Łukasz  Bejger,Ł. Bejger,2002-01-11,76.57,26.46,15.66,26,25,1,1398.0,55.92,51.36,91.85,0.96,0.08,5.44,2.18,1081.0,43.24,40.8,94.36,0.28,0.12,42.86,41.84,319.0,12.76,11.68,6.6,6.36,1.36,0.56,0.56,100.0,91.54,96.36,0.16,0.68,0.0,0.28,0.44,0.28,63.64,0.56,0.08,14.29,0.92,0.32,34.78,0.04,4.35
1208,1. SNL (SI),31748,Pedro Lucas Schwaizer,Pedro Lucas,1998-09-05,35.25,9.88,8.1,20,20,0,196.0,9.8,6.3,64.28,1.6,0.2,4.04,1.28,124.0,6.2,4.0,64.52,1.15,0.6,52.17,3.75,34.0,1.7,0.85,0.9,0.4,0.3,0.3,0.0,0.0,50.0,44.44,0.25,0.6,0.4,0.05,0.05,0.0,0.0,1.65,0.15,9.09,2.45,0.3,12.25,0.65,26.53
1208,1. SNL (SI),32174,Mihael Žaper,M. Žaper,1998-08-11,87.37,22.16,25.43,14,12,2,460.0,38.33,32.83,85.65,1.17,0.0,3.35,1.4,272.0,22.67,20.75,91.54,0.25,0.08,33.33,20.5,57.0,4.75,4.33,1.83,1.58,0.17,0.0,0.0,,91.23,86.36,0.17,0.33,0.0,0.08,0.17,0.08,50.0,1.0,0.17,16.67,1.58,0.08,5.26,0.0,0.0
1208,1. SNL (SI),32741,Dario Vizinger,D. Vizinger,1998-06-06,79.65,21.44,19.67,30,28,2,503.0,17.96,9.25,51.49,2.86,0.43,5.66,1.55,317.0,11.32,6.0,53.0,3.46,1.61,46.39,5.96,135.0,4.82,2.64,1.89,0.71,1.25,0.68,0.18,26.32,54.81,37.74,0.61,1.43,0.54,0.36,0.11,0.0,0.0,4.18,0.46,11.11,6.86,1.14,16.67,1.46,21.35
1208,1. SNL (SI),33162,Scotty Sadzoute,S. Sadzoute,1998-04-29,28.1,7.52,4.76,1,1,0,12.0,12.0,7.0,58.33,0.0,0.0,5.89,1.62,6.0,6.0,5.0,83.33,0.0,0.0,,5.0,5.0,5.0,3.0,2.0,2.0,1.0,0.0,0.0,,60.0,100.0,0.0,2.0,0.0,0.0,0.0,0.0,,0.0,0.0,,1.0,0.0,0.0,0.0,0.0
1208,1. SNL (SI),33176,Nathan Monzango,N. Monzango,2001-04-18,78.49,17.88,26.85,22,20,2,576.0,28.8,21.85,75.87,1.4,0.05,4.25,1.54,350.0,17.5,13.85,79.14,0.25,0.15,60.0,16.3,105.0,5.25,4.05,3.35,2.45,0.5,0.15,0.15,100.0,77.14,73.13,0.1,0.05,0.0,0.1,0.6,0.25,41.67,0.35,0.05,14.29,0.7,0.15,21.43,0.05,7.14
1208,1. SNL (SI),33180,Patrick orphe M'bina,P. M'bina,2000-11-02,46.71,9.58,12.61,9,8,1,92.0,11.5,4.88,42.39,3.12,0.75,8.06,1.94,57.0,7.12,3.0,42.11,2.62,1.0,38.1,2.25,27.0,3.38,1.5,1.88,0.88,0.88,0.62,0.38,60.0,44.44,46.67,0.88,0.62,0.62,1.25,0.12,0.12,100.0,3.12,0.38,12.0,4.62,0.62,13.51,1.12,24.33
1208,1. SNL (SI),33188,Bradley Matufueni M'Bondo,B. M'bondo,2001-10-30,93.66,24.84,21.49,30,27,3,1120.0,41.48,35.07,84.55,0.63,0.04,6.11,2.01,713.0,26.41,23.93,90.6,0.63,0.3,47.06,25.04,267.0,9.89,8.33,6.04,5.15,1.63,0.93,0.81,88.0,84.27,85.28,0.0,0.44,0.0,0.19,1.0,0.67,66.67,0.81,0.26,31.82,1.26,0.37,29.41,0.11,8.82
1208,1. SNL (SI),33766,Matej Poplatnik,M. Poplatnik,1992-07-15,37.66,12.64,7.8,20,19,1,108.0,5.68,3.11,54.63,1.79,0.37,3.62,1.05,58.0,3.05,1.58,51.72,1.42,0.53,37.04,1.16,14.0,0.74,0.47,0.37,0.11,0.21,0.16,0.0,0.0,64.29,28.57,0.11,0.68,0.74,0.11,0.05,0.0,0.0,1.79,0.32,17.65,2.05,0.16,7.69,0.84,41.02
1208,1. SNL (SI),34131,Ivijan  Svržnjak,I. Svržnjak,2001-08-02,58.85,13.7,16.17,24,20,4,383.0,19.15,12.3,64.23,2.3,0.25,5.16,1.37,235.0,11.75,7.95,67.66,1.9,0.95,50.0,7.25,79.0,3.95,2.65,2.2,1.25,1.25,1.0,0.45,45.0,67.09,56.82,0.95,1.4,0.5,0.5,0.3,0.25,83.33,2.6,0.3,11.54,4.2,0.7,16.67,0.75,17.86
1208,1. SNL (SI),34223,Stanislav Krapukhin,S. Krapukhin,1998-03-28,35.34,9.17,9.27,27,23,4,151.0,6.57,3.13,47.68,0.91,0.0,6.83,1.66,85.0,3.7,1.65,44.71,1.09,0.48,44.0,1.39,40.0,1.74,0.7,1.0,0.26,0.61,0.48,0.17,36.36,40.0,26.09,0.52,0.7,0.39,0.04,0.13,0.04,33.33,1.26,0.09,6.9,2.48,0.43,17.54,0.43,17.54
1208,1. SNL (SI),34619,Amir Feratovič,A. Feratovič,2002-06-08,93.52,21.81,25.65,16,14,2,651.0,46.5,34.71,74.65,0.57,0.14,4.05,1.72,413.0,29.5,24.21,82.08,1.0,0.57,57.14,27.36,102.0,7.29,4.79,3.43,2.14,0.5,0.07,0.0,0.0,65.69,62.5,0.07,0.36,0.0,0.0,1.21,0.5,41.18,1.43,0.14,10.0,1.93,0.64,33.33,0.0,0.0
1208,1. SNL (SI),34895,Check-Oumar Diakité,C. Diakité,2002-12-05,49.4,13.22,11.85,14,11,3,266.0,24.18,17.73,73.31,1.64,0.36,6.02,1.81,163.0,14.82,11.36,76.69,1.82,1.0,55.0,10.36,66.0,6.0,4.36,3.18,1.91,1.45,1.09,0.45,41.67,72.73,60.0,0.82,2.36,0.45,0.45,0.27,0.18,66.67,3.09,0.73,23.53,4.45,1.0,22.45,0.64,14.28
1208,1. SNL (SI),35186,György Komáromi,G. Komáromi,2002-01-19,,,,1,0,1,,,,,,,,,,,,,,,,,,,,,,,,,,,,,,,,,,,,,,,,,,
1208,1. SNL (SI),36943,Niko Rak,N. Rak,2003-07-26,62.83,15.26,17.24,26,25,1,631.0,25.24,18.84,74.64,1.6,0.16,3.32,1.05,372.0,14.88,11.72,78.76,0.92,0.4,43.48,11.56,75.0,3.0,2.08,1.48,0.84,0.6,0.28,0.08,28.57,69.33,56.76,0.52,0.76,0.08,0.04,0.04,0.0,0.0,1.68,0.32,19.05,2.36,0.6,25.42,0.04,1.69
1208,1. SNL (SI),36948,Deni Jurić,D. Jurić,1997-09-03,85.53,23.56,18.71,5,5,0,78.0,15.6,6.6,42.31,4.4,1.2,4.35,1.11,46.0,9.2,3.6,39.13,2.6,1.0,38.46,4.4,14.0,2.8,0.8,1.6,0.2,0.8,0.4,0.0,0.0,28.57,12.5,0.6,1.0,0.8,0.2,0.0,0.0,,2.8,0.2,7.14,4.6,1.4,30.44,2.2,47.82
1208,1. SNL (SI),37018,Tony Macan ,T. Macan,2000-10-11,96.32,22.84,27.01,7,7,0,173.0,24.71,13.86,56.07,0.0,0.0,4.85,3.74,88.0,12.57,8.0,63.64,0.14,0.14,100.0,12.29,33.0,4.71,2.43,3.14,1.86,0.0,0.0,0.0,,51.51,59.09,0.0,0.0,0.0,0.0,0.29,0.14,50.0,0.14,0.0,0.0,0.29,0.14,50.0,0.0,0.0
1208,1. SNL (SI),37031,Jasmin Čeliković,J. Čeliković,1999-01-07,53.67,18.15,10.77,2,2,0,92.0,46.0,37.5,81.52,2.0,0.0,4.67,1.57,66.0,33.0,29.5,89.39,0.5,0.0,0.0,32.5,17.0,8.5,8.0,4.5,4.5,1.0,0.5,0.5,100.0,94.12,100.0,0.0,0.0,0.0,0.0,1.0,0.5,50.0,0.5,0.0,0.0,0.5,0.0,0.0,0.0,0.0
1208,1. SNL (SI),37301,Pijus Sirvys,P. Sirvys,1998-04-01,75.63,20.63,17.61,21,21,0,801.0,38.14,29.33,76.9,2.24,0.29,5.74,1.77,558.0,26.57,21.76,81.9,1.29,0.76,59.26,24.67,193.0,9.19,7.19,4.57,3.38,1.67,1.05,0.67,63.64,78.24,73.96,0.14,2.43,0.1,0.05,0.48,0.24,50.0,2.05,0.33,16.28,3.24,0.43,13.24,0.19,5.88
1208,1. SNL (SI),39201,Felipe Felício Silva Reis,Felipe Felício,2002-11-06,45.47,9.87,12.8,9,9,0,120.0,13.33,7.44,55.83,2.22,0.0,6.67,1.77,78.0,8.67,5.11,58.98,1.67,1.0,60.0,4.11,40.0,4.44,2.56,2.67,1.22,1.78,1.44,0.67,46.15,57.5,45.83,0.67,1.33,0.22,0.67,0.22,0.11,50.0,2.0,0.33,16.67,4.89,1.11,22.73,0.78,15.91
1208,1. SNL (SI),41545,Bamba Susso,B. Susso,2002-10-09,74.41,18.78,19.03,9,6,3,124.0,20.67,12.0,58.07,2.5,0.17,6.96,1.83,73.0,12.17,7.17,58.9,3.67,1.5,40.91,3.5,37.0,6.17,3.67,3.33,1.67,1.67,1.17,0.5,42.86,59.46,50.0,1.0,2.5,0.5,0.33,0.0,0.0,,4.33,0.33,7.69,8.17,1.17,14.28,0.83,10.2
1208,1. SNL (SI),45977,Kenan Toibibou,K. Toibibou,2004-12-09,89.92,19.87,30.6,30,27,3,901.0,33.37,26.33,78.91,1.0,0.22,6.02,1.66,496.0,18.37,16.11,87.7,0.3,0.15,50.0,17.19,225.0,8.33,7.19,3.56,3.22,1.63,0.67,0.67,100.0,86.22,90.62,0.04,0.52,0.0,0.26,0.63,0.41,64.71,0.52,0.04,7.14,0.74,0.33,45.0,0.04,5.0
1208,1. SNL (SI),49319,Lan Štravs,L. Štravs,2000-03-04,70.75,17.25,23.69,8,7,1,194.0,27.71,21.43,77.32,1.71,0.43,3.21,1.14,127.0,18.14,16.14,88.98,0.29,0.0,0.0,17.14,23.0,3.29,3.0,2.0,2.0,0.43,0.43,0.43,100.0,91.3,100.0,0.0,0.29,0.14,0.14,0.43,0.43,100.0,0.43,0.0,0.0,0.86,0.0,0.0,0.14,16.67
1208,1. SNL (SI),49324,Matic Vrbanec,M. Vrbanec,1996-10-28,57.41,13.74,18.38,10,7,3,139.0,19.86,13.29,66.91,1.0,0.0,3.71,1.19,89.0,12.71,9.29,73.03,1.14,0.71,62.5,10.14,23.0,3.29,2.14,1.43,0.86,0.29,0.29,0.14,50.0,65.22,60.0,0.57,1.43,0.14,0.14,0.14,0.14,100.0,2.0,0.29,14.29,3.43,0.71,20.83,0.57,16.67
1208,1. SNL (SI),49325,Metod Jurhar,M. Jurhar,1997-12-07,97.04,27.09,22.83,34,29,5,768.0,26.48,19.48,73.57,0.03,0.03,3.71,2.7,469.0,16.17,13.34,82.52,0.28,0.1,37.5,15.69,109.0,3.76,2.48,1.55,1.07,0.0,0.0,0.0,,66.05,68.89,0.0,0.0,0.0,0.0,0.24,0.17,71.43,0.55,0.24,43.75,0.66,0.31,47.37,0.0,0.0
1208,1. SNL (SI),49433,Žan Flis,Ž. Flis,1997-07-30,87.59,20.55,23.78,15,15,0,586.0,39.07,31.13,79.69,1.87,0.33,4.99,1.68,377.0,25.13,21.67,86.21,0.13,0.0,0.0,23.87,124.0,8.27,6.2,5.8,4.27,1.2,0.67,0.33,50.0,75.0,73.56,0.13,0.2,0.0,0.2,0.47,0.13,28.57,0.33,0.13,40.0,0.4,0.13,33.33,0.13,33.33
1208,1. SNL (SI),49676,Enrik Ostrc,E. Ostrc,2002-06-21,43.47,11.0,13.06,10,10,0,207.0,20.7,16.3,78.75,1.4,0.1,3.81,1.23,124.0,12.4,10.0,80.64,0.8,0.6,75.0,9.3,35.0,3.5,2.8,1.3,1.3,0.4,0.1,0.1,100.0,80.0,100.0,0.4,0.4,0.0,0.1,0.3,0.1,33.33,1.0,0.1,10.0,1.4,0.4,28.57,0.0,0.0
1208,1. SNL (SI),49678,Anej Mrežar,A. Mrežar,2000-05-25,95.85,23.77,28.54,4,4,0,121.0,30.25,14.75,48.76,0.0,0.0,4.22,2.68,56.0,14.0,6.75,48.21,0.0,0.0,,13.75,22.0,5.5,2.75,3.75,1.5,0.0,0.0,0.0,,50.0,40.0,0.0,0.0,0.0,0.0,0.0,0.0,,0.0,0.0,,0.25,0.0,0.0,0.0,0.0
1208,1. SNL (SI),49890,Jurgen Çelhaka,J. Çelhaka,2000-12-06,81.78,22.36,19.74,23,22,1,797.0,36.23,31.18,86.07,2.0,0.27,4.26,1.39,520.0,23.64,21.41,90.58,0.59,0.36,61.54,19.05,136.0,6.18,5.09,1.86,1.32,0.86,0.23,0.14,60.0,82.35,70.73,0.82,0.55,0.0,0.18,0.45,0.32,70.0,1.36,0.18,13.33,2.14,0.59,27.66,0.05,2.13
1208,1. SNL (SI),58585,Luka Bobičanec,L. Bobičanec,1993-05-23,91.64,22.31,24.4,11,11,0,402.0,36.55,21.36,58.46,4.64,0.55,4.55,1.4,268.0,24.36,15.09,61.94,3.91,2.27,58.14,17.36,83.0,7.55,4.27,3.64,1.91,0.64,0.18,0.09,50.0,56.63,52.5,0.91,1.64,0.55,0.27,0.82,0.27,33.33,5.73,0.82,14.29,8.82,2.36,26.8,1.45,16.5
1208,1. SNL (SI),58587,Žan Karničnik,Ž. Karničnik,1994-09-18,85.88,29.54,18.1,26,25,1,1650.0,66.0,55.68,84.36,4.04,0.56,5.26,1.75,1253.0,50.12,43.68,87.15,1.88,1.08,57.45,43.08,348.0,13.92,11.4,8.32,6.4,2.24,1.6,1.2,75.0,81.9,76.92,1.96,1.84,0.08,1.28,1.56,0.88,56.41,3.8,0.6,15.79,5.24,0.64,12.21,0.32,6.11
1208,1. SNL (SI),58594,Amadej Maroša,A. Maroša,1994-02-07,19.28,7.37,4.94,2,1,1,8.0,8.0,7.0,87.5,0.0,0.0,5.84,1.61,6.0,6.0,5.0,83.33,0.0,0.0,,7.0,3.0,3.0,3.0,1.0,1.0,0.0,0.0,0.0,,100.0,100.0,0.0,0.0,0.0,0.0,0.0,0.0,,0.0,0.0,,1.0,0.0,0.0,0.0,0.0
1208,1. SNL (SI),58596,Tio Cipot,T. Cipot,2003-04-20,78.02,23.75,14.92,14,13,1,353.0,27.15,17.08,62.89,4.31,0.38,9.37,2.49,260.0,20.0,13.54,67.69,2.46,1.15,46.88,15.54,155.0,11.92,7.08,5.31,2.62,2.15,1.38,0.46,33.33,59.36,49.27,0.54,3.15,0.85,1.62,1.38,0.62,44.44,3.38,0.69,20.45,6.0,1.46,24.36,1.08,17.95
1208,1. SNL (SI),58626,Filip Kosi,F. Kosi,2002-09-20,63.05,15.65,17.12,24,21,3,498.0,23.71,15.62,65.86,1.48,0.05,4.99,1.49,308.0,14.67,10.19,69.48,1.48,0.71,48.39,13.0,107.0,5.1,2.76,3.14,1.33,1.71,1.19,0.38,32.0,54.21,42.42,0.14,1.19,0.33,0.62,0.29,0.19,66.67,2.05,0.29,13.95,3.38,0.81,23.94,0.38,11.27
1208,1. SNL (SI),60546,Dominik Ivkić,D. Ivkić,1997-07-31,77.16,21.57,18.2,5,4,1,128.0,32.0,26.5,82.81,0.25,0.0,3.05,1.31,81.0,20.25,18.25,90.13,0.25,0.25,100.0,18.75,11.0,2.75,2.0,1.0,1.0,0.25,0.0,0.0,,72.73,100.0,0.0,0.0,0.0,0.0,0.25,0.25,100.0,0.25,0.0,0.0,0.5,0.0,0.0,0.0,0.0
1208,1. SNL (SI),60823,Marko Mrvaljević,M. Mrvaljević,2001-06-05,21.24,2.94,7.05,2,2,0,9.0,4.5,2.5,55.55,0.0,0.0,2.41,0.92,4.0,2.0,0.5,25.0,1.0,0.5,50.0,0.0,1.0,0.5,0.5,0.5,0.5,0.0,0.0,0.0,,100.0,100.0,0.0,0.5,0.0,0.0,0.0,0.0,,1.0,0.0,0.0,1.5,0.0,0.0,0.5,33.33
1208,1. SNL (SI),61745,Sacha Komljenovic,S. Komljenovic,2003-05-10,74.4,15.64,21.54,11,8,3,188.0,23.5,13.88,59.04,3.38,0.25,7.1,1.96,108.0,13.5,7.5,55.55,1.75,0.5,28.57,11.38,56.0,7.0,4.38,3.25,1.38,1.12,0.75,0.5,66.67,62.5,42.31,0.25,1.25,0.25,0.5,0.12,0.0,0.0,2.38,0.38,15.79,4.38,1.0,22.86,0.75,17.14
1208,1. SNL (SI),63000,Ivan Ćalušić,I. Ćalušić,1999-09-12,80.15,24.17,20.04,28,24,4,1102.0,45.92,38.38,83.58,1.92,0.25,5.34,1.77,759.0,31.62,28.04,88.67,0.96,0.54,56.52,27.88,216.0,9.0,7.33,4.92,3.83,1.42,0.83,0.5,60.0,81.48,77.97,0.96,1.33,0.08,0.92,0.62,0.29,46.67,1.92,0.33,17.39,2.71,0.71,26.15,0.38,13.85
1208,1. SNL (SI),63134,Artemijus Tutyškinas,A. Tutyškinas,2003-08-08,83.23,28.42,16.87,27,25,2,1461.0,58.44,52.32,89.53,1.64,0.24,4.48,1.98,1115.0,44.6,40.96,91.84,0.6,0.32,53.33,42.72,231.0,9.24,8.12,6.0,5.2,0.8,0.52,0.36,69.23,87.88,86.67,0.12,0.72,0.08,0.16,0.56,0.28,50.0,0.68,0.08,11.76,0.92,0.08,8.69,0.12,13.04
1208,1. SNL (SI),64331,Maj Fogec,M. Fogec,2002-07-01,72.78,17.65,19.72,18,16,2,406.0,25.38,17.69,69.7,1.19,0.25,5.09,1.64,276.0,17.25,13.12,76.09,0.88,0.5,57.14,16.19,73.0,4.56,3.12,2.38,1.62,0.94,0.75,0.44,58.33,68.49,68.42,0.0,0.94,0.19,0.19,0.44,0.12,28.57,1.0,0.06,6.25,2.0,0.56,28.12,0.25,12.5
1208,1. SNL (SI),64332,Matevž Vidovšek,M. Vidovšek,1999-10-30,97.61,27.7,23.62,14,14,0,396.0,28.29,19.79,69.95,0.0,0.0,4.11,2.57,250.0,17.86,13.71,76.8,0.36,0.07,20.0,17.36,61.0,4.36,2.93,2.86,1.79,0.0,0.0,0.0,,67.21,62.5,0.0,0.0,0.0,0.0,0.14,0.07,50.0,0.43,0.0,0.0,0.71,0.14,20.0,0.0,0.0
1208,1. SNL (SI),64336,Svit Sešlar,S. Sešlar,2002-01-09,87.5,29.17,19.54,16,14,2,793.0,56.64,42.0,74.15,5.64,1.29,4.46,1.52,580.0,41.43,32.0,77.24,4.5,2.57,57.14,32.14,128.0,9.14,6.21,4.57,2.79,1.14,0.93,0.43,46.15,67.97,60.94,1.93,4.0,0.64,0.36,0.79,0.43,54.55,5.93,0.5,8.43,9.57,1.36,14.18,1.57,16.42
1208,1. SNL (SI),64424,Damjan Vukliševič,D. Vukliševič,1995-06-28,73.06,24.19,16.78,18,16,2,722.0,45.12,40.69,90.17,1.38,0.31,4.38,2.03,538.0,33.62,31.94,94.98,0.19,0.06,33.33,32.56,103.0,6.44,6.06,2.69,2.56,0.25,0.0,0.0,,94.17,95.35,0.0,0.06,0.12,0.0,0.12,0.06,50.0,0.44,0.0,0.0,0.69,0.19,27.27,0.06,9.09
1208,1. SNL (SI),64434,Žiga Repas,Z. Repas,2001-05-29,40.15,10.72,8.8,15,13,2,224.0,17.23,12.0,69.64,1.85,0.15,4.26,1.3,154.0,11.85,8.54,72.08,2.08,1.15,55.56,8.54,38.0,2.92,2.0,1.46,0.77,0.54,0.31,0.23,75.0,68.42,52.63,0.85,2.46,0.23,0.23,0.15,0.08,50.0,2.85,0.31,10.81,4.08,0.85,20.75,0.77,18.87
1208,1. SNL (SI),64435,Emir Saitoski,E. Saitoski,2003-05-08,58.96,14.17,16.51,28,23,5,481.0,20.91,12.09,57.8,1.91,0.13,6.89,2.13,324.0,14.09,8.87,62.96,1.87,0.78,41.86,10.35,144.0,6.26,3.52,2.65,1.39,0.91,0.61,0.17,28.57,56.25,52.46,0.7,1.04,0.35,0.39,0.48,0.35,72.73,2.39,0.39,16.36,4.65,0.96,20.56,0.74,15.89
1208,1. SNL (SI),65385,Nick Perc,N. Perc,2003-05-27,68.35,19.36,20.87,4,3,1,75.0,25.0,15.67,62.67,2.0,0.0,8.88,2.23,57.0,19.0,12.67,66.66,1.67,0.67,40.0,16.67,27.0,9.0,4.67,5.33,2.33,4.0,3.33,1.33,40.0,51.85,43.75,0.67,2.67,1.33,0.67,1.67,0.33,20.0,2.67,0.33,12.5,3.33,0.33,10.0,0.67,20.0
1208,1. SNL (SI),66238,Danijel Šturm,D. Šturm,1999-01-04,74.0,25.99,14.48,18,18,0,372.0,20.67,11.67,56.45,3.78,0.72,9.49,2.44,259.0,14.39,8.17,56.76,1.22,0.61,50.0,11.78,152.0,8.44,3.78,4.72,1.56,2.39,2.0,0.39,19.44,44.74,32.94,0.5,1.5,0.83,1.78,0.89,0.28,31.25,1.83,0.44,24.24,3.61,0.89,24.62,0.78,21.54
1208,1. SNL (SI),66248,Vid Koderman,V. Koderman,2003-04-18,81.73,19.57,22.89,30,24,6,658.0,27.42,15.38,56.08,2.17,0.38,5.76,1.78,406.0,16.92,9.79,57.88,1.42,0.71,50.0,14.21,173.0,7.21,3.75,4.5,2.17,1.33,1.08,0.38,34.62,52.02,48.15,0.38,1.04,0.71,0.83,0.67,0.33,50.0,1.96,0.25,12.77,4.08,1.17,28.57,0.5,12.25
1208,1. SNL (SI),66252,Mirko Mutavčić,M. Mutavčić,2001-01-29,58.25,13.28,16.7,15,12,3,235.0,19.58,13.08,66.81,1.33,0.17,4.68,1.49,147.0,12.25,8.58,70.07,1.08,0.42,38.46,11.42,48.0,4.0,2.67,2.17,1.58,0.75,0.42,0.25,60.0,66.67,73.08,0.0,0.92,0.0,0.08,0.25,0.25,100.0,1.58,0.42,26.31,2.08,0.25,12.0,0.08,4.0
1208,1. SNL (SI),66253,Rok Maher,R. Maher,2001-07-20,34.57,11.01,9.38,13,9,4,144.0,16.0,11.78,73.61,1.0,0.0,4.29,1.43,97.0,10.78,8.44,78.35,0.22,0.11,50.0,8.89,27.0,3.0,2.11,1.33,0.67,0.44,0.0,0.0,,70.37,50.0,0.11,0.78,0.0,0.22,0.33,0.22,66.67,0.67,0.0,0.0,1.56,0.44,28.57,0.33,21.43
1208,1. SNL (SI),66293,Andrej Kotnik,A. Kotnik,1995-08-04,48.33,15.21,9.87,22,20,2,334.0,16.7,10.95,65.57,2.7,0.6,4.73,1.49,255.0,12.75,8.5,66.67,2.5,1.2,48.0,8.55,63.0,3.15,1.85,1.75,0.9,0.25,0.25,0.2,80.0,58.73,51.43,1.15,1.25,0.55,0.5,0.4,0.3,75.0,3.15,0.45,14.29,4.25,0.65,15.29,1.3,30.59
1208,1. SNL (SI),66294,Samo Pridgar,S. Pridgar,2003-03-10,95.75,26.04,25.98,33,29,4,991.0,34.17,23.52,68.82,0.1,0.07,4.31,2.39,658.0,22.69,16.86,74.32,0.21,0.14,66.67,21.97,182.0,6.28,3.79,2.21,1.31,0.1,0.0,0.0,,60.44,59.38,0.0,0.0,0.0,0.0,0.45,0.17,38.46,0.72,0.31,42.86,1.0,0.45,44.83,0.0,0.0
1208,1. SNL (SI),66402,Roger Andretty Murillo Soto,R. Murillo,2002-03-17,55.05,13.35,15.01,30,28,2,352.0,12.57,6.82,54.26,1.71,0.29,6.56,1.84,204.0,7.29,3.68,50.49,2.18,0.93,42.62,3.04,106.0,3.79,2.25,1.68,0.71,0.82,0.64,0.14,22.22,59.43,42.55,0.64,0.68,0.43,0.14,0.0,0.0,,2.79,0.46,16.67,4.57,0.75,16.41,0.43,9.38
1208,1. SNL (SI),67910,Franck Ahmed Sidibé,F. Sidibé,2002-02-10,94.53,25.39,22.05,4,4,0,170.0,42.5,34.5,81.18,1.5,0.25,5.74,1.97,112.0,28.0,24.25,86.61,0.25,0.0,0.0,26.25,41.0,10.25,8.0,5.0,4.5,1.25,0.0,0.0,,78.05,90.0,0.25,0.75,0.0,0.75,1.0,0.5,50.0,0.75,0.25,33.33,1.75,0.75,42.86,0.5,28.57
1208,1. SNL (SI),70691,Žan-Luk Leban,Z. Leban,2002-12-15,95.94,32.39,20.14,29,27,2,504.0,18.67,12.59,67.46,0.07,0.0,3.98,2.35,289.0,10.7,7.89,73.7,0.22,0.11,50.0,9.93,76.0,2.81,1.89,1.85,1.3,0.0,0.0,0.0,,67.11,70.0,0.0,0.0,0.0,0.0,0.11,0.07,66.67,0.78,0.3,38.1,1.15,0.3,25.81,0.0,0.0
1208,1. SNL (SI),71089,Óscar Steven Zambrano Preciado,Ó. Zambrano,2004-04-20,66.61,19.27,15.24,7,6,1,124.0,20.67,16.33,79.03,2.17,0.5,3.98,1.41,75.0,12.5,10.33,82.67,0.83,0.67,80.0,10.0,18.0,3.0,2.33,1.33,1.0,0.17,0.0,0.0,,77.78,75.0,0.67,0.83,0.0,0.33,0.0,0.0,,1.17,0.17,14.29,1.67,0.17,10.0,0.17,10.0
1208,1. SNL (SI),71648,Denis Bošnjak,D. Bošnjak,1997-04-10,63.33,14.14,19.65,9,9,0,235.0,26.11,19.11,73.19,1.67,0.0,4.76,1.43,152.0,16.89,13.11,77.63,1.11,0.78,70.0,15.67,53.0,5.89,4.44,3.89,3.11,1.11,0.67,0.56,83.33,75.47,80.0,0.33,1.11,0.11,0.11,0.33,0.11,33.33,1.56,0.33,21.43,2.11,1.11,52.63,0.33,15.79
1208,1. SNL (SI),73089,Veljko Mijailović,V. Mijailović,2000-12-29,90.07,24.71,21.36,27,25,2,904.0,36.16,24.28,67.15,3.12,0.28,6.12,1.73,546.0,21.84,15.6,71.43,1.76,0.76,43.18,20.08,255.0,10.2,6.6,5.56,2.8,2.84,2.08,0.6,28.85,64.71,50.36,0.16,2.64,0.68,0.8,0.6,0.32,53.33,2.12,0.28,13.21,4.24,1.44,33.96,1.04,24.53
1208,1. SNL (SI),91243,Armandas Kučys,A. Kučys,2003-02-27,62.72,21.55,13.83,13,11,2,159.0,14.45,9.0,62.26,3.18,0.64,3.99,1.11,109.0,9.91,6.27,63.3,2.82,1.55,54.84,3.91,27.0,2.45,1.64,1.27,0.64,0.64,0.64,0.36,57.14,66.67,50.0,0.45,1.18,0.64,0.27,0.09,0.0,0.0,4.18,0.09,2.17,5.64,0.64,11.29,2.18,38.71
1208,1. SNL (SI),99672,Nemanja Motika,Nem. Motika,2003-03-20,46.33,12.96,11.04,16,15,1,278.0,18.53,10.73,57.91,2.6,0.13,9.28,2.44,196.0,13.07,7.47,57.14,2.07,0.73,35.48,9.6,118.0,7.87,3.93,5.07,2.2,1.6,1.4,0.33,23.81,50.0,43.42,0.67,1.27,0.53,1.6,0.87,0.27,30.77,2.73,0.67,24.39,4.67,1.2,25.71,0.67,14.28
1208,1. SNL (SI),109874,Ivica Vidović,I. Vidović,2002-02-15,55.0,20.04,11.21,21,20,1,545.0,27.25,20.8,76.33,3.9,0.5,6.0,1.81,435.0,21.75,16.75,77.01,1.7,0.7,41.18,18.65,145.0,7.25,5.35,4.2,2.9,1.1,1.0,0.75,75.0,73.79,69.05,0.95,2.75,0.45,0.7,1.05,0.55,52.38,2.65,0.55,20.75,3.95,0.7,17.72,0.95,24.05
1208,1. SNL (SI),110327,Admir Bristrić,A. Bristrić,2003-04-28,41.94,10.04,13.52,24,22,2,229.0,10.41,4.32,41.48,3.14,0.68,7.77,1.9,146.0,6.64,2.5,37.67,1.95,0.68,34.88,3.18,70.0,3.18,0.95,2.18,0.55,1.23,1.09,0.23,20.83,30.0,25.0,0.86,1.05,0.91,1.05,0.09,0.0,0.0,2.55,0.27,10.72,4.27,1.18,27.66,1.91,44.68
1208,1. SNL (SI),116945,Matevž Dajčar,M. Dajčar,2002-02-05,93.99,25.0,23.91,18,16,2,370.0,23.12,14.0,60.54,0.0,0.0,3.37,2.42,222.0,13.88,9.44,68.02,0.06,0.0,0.0,13.75,44.0,2.75,1.44,1.44,0.75,0.0,0.0,0.0,,52.27,52.17,0.0,0.0,0.0,0.0,0.0,0.0,,0.12,0.06,50.0,0.19,0.0,0.0,0.0,0.0
1208,1. SNL (SI),120302,Christalino Atemona,C. Atemona,2002-04-26,90.79,20.53,30.19,27,25,2,781.0,31.24,23.56,75.42,1.4,0.12,5.55,1.62,438.0,17.52,14.96,85.39,0.36,0.12,33.33,16.6,193.0,7.72,6.2,4.36,3.44,2.08,1.04,0.6,57.69,80.31,78.9,0.04,0.16,0.0,0.16,0.4,0.24,60.0,0.4,0.04,10.0,0.68,0.12,17.65,0.08,11.76
1208,1. SNL (SI),145567,Martin Pečar,M. Pečar,2002-07-05,73.61,17.03,25.07,33,30,3,744.0,24.8,14.47,58.33,4.73,0.5,7.73,2.0,473.0,15.77,9.63,61.1,4.03,1.63,40.5,9.53,242.0,8.07,4.5,5.1,2.5,2.07,1.73,0.83,48.08,55.78,49.02,1.73,2.27,0.8,1.07,0.3,0.1,33.33,5.07,0.9,17.76,7.4,1.47,19.82,1.83,24.77
1208,1. SNL (SI),159665,Eric Taylor,E. Taylor,2001-04-14,44.9,10.56,11.9,23,19,4,332.0,17.47,13.63,78.01,1.11,0.37,4.98,1.5,205.0,10.79,9.16,84.88,1.32,1.05,80.0,7.16,79.0,4.16,3.11,1.32,0.79,0.58,0.26,0.16,60.0,74.68,60.0,0.47,1.05,0.0,0.32,0.26,0.11,40.0,1.95,0.47,24.32,3.11,0.63,20.34,0.26,8.47
1208,1. SNL (SI),162543,Karol Borys,K. Borys,2006-09-28,30.41,7.04,6.45,11,9,2,70.0,7.78,5.11,65.72,1.33,0.22,6.35,1.85,39.0,4.33,2.78,64.1,0.78,0.33,42.86,3.44,18.0,2.0,1.44,1.11,0.78,0.22,0.22,0.22,100.0,72.22,70.0,0.0,0.56,0.22,0.44,0.11,0.0,0.0,0.78,0.33,42.86,1.22,0.33,27.27,0.44,36.36
1208,1. SNL (SI),163291,Ishaq Kayode Rafiu,I. Kayode Rafiu,2000-12-16,33.19,8.36,8.15,28,26,2,236.0,9.08,4.38,48.31,1.38,0.0,8.87,2.34,166.0,6.38,3.31,51.81,1.5,0.54,35.9,3.65,94.0,3.62,1.62,2.04,0.77,0.81,0.65,0.08,11.76,44.68,37.74,0.38,0.42,0.58,0.69,0.35,0.15,44.44,2.08,0.42,20.37,3.27,0.65,20.0,0.54,16.47
1208,1. SNL (SI),167212,Nikola Jojić,N. Jojić,2003-09-15,54.74,15.31,14.78,30,26,4,549.0,21.12,13.42,63.57,2.35,0.38,6.14,1.71,381.0,14.65,9.88,67.45,1.92,1.04,54.0,10.0,155.0,5.96,3.81,2.65,1.62,1.08,0.77,0.38,50.0,63.87,60.87,0.69,1.27,0.42,0.77,0.15,0.08,50.0,3.42,0.5,14.61,5.38,1.08,20.0,0.88,16.43
1208,1. SNL (SI),170486,Aljaž Antolin,A. Antolin,2002-08-02,50.31,11.49,14.12,21,19,2,374.0,19.68,15.68,79.68,1.53,0.16,4.3,1.37,229.0,12.05,10.05,83.41,0.79,0.42,53.33,9.42,64.0,3.37,2.79,1.26,1.0,0.37,0.26,0.21,80.0,82.81,79.17,0.53,0.84,0.11,0.16,0.11,0.11,100.0,1.26,0.26,20.83,1.74,0.05,3.03,0.16,9.09
1208,1. SNL (SI),172043,Niko  Kasalo ,N. Kasalo,2005-12-31,43.14,10.61,11.51,26,22,4,284.0,12.91,7.59,58.8,2.14,0.23,6.33,1.66,174.0,7.91,4.95,62.64,1.59,0.73,45.71,5.36,82.0,3.73,2.18,2.0,1.05,1.14,0.86,0.32,36.84,58.54,52.27,0.32,1.14,0.45,0.5,0.23,0.09,40.0,2.09,0.41,19.57,3.36,0.68,20.27,0.95,28.38
1208,1. SNL (SI),173956,Luka Božičković,L. Božičković,2003-09-02,11.45,2.25,2.59,2,1,1,3.0,3.0,3.0,100.0,0.0,0.0,2.79,1.03,2.0,2.0,2.0,100.0,0.0,0.0,,3.0,0.0,0.0,0.0,0.0,0.0,0.0,0.0,0.0,,,,0.0,1.0,0.0,0.0,0.0,0.0,,0.0,0.0,,0.0,0.0,,0.0,
1208,1. SNL (SI),174300,Denis Pintol,D. Pintol,2000-02-07,96.67,24.49,25.29,18,16,2,363.0,22.69,15.38,67.77,0.06,0.0,4.17,2.92,193.0,12.06,9.06,75.13,0.25,0.06,25.0,11.94,68.0,4.25,2.44,3.31,1.81,0.0,0.0,0.0,,57.35,54.72,0.0,0.0,0.0,0.0,0.0,0.0,,0.5,0.19,37.5,0.75,0.12,16.67,0.0,0.0
1208,1. SNL (SI),174302,Agustín Doffo,A. Doffo,1995-05-25,74.38,20.15,18.6,24,22,2,871.0,39.59,29.82,75.32,3.27,0.32,5.15,1.57,570.0,25.91,21.27,82.11,2.14,0.91,42.55,19.59,198.0,9.0,6.18,5.0,3.45,1.36,0.77,0.5,64.71,68.69,69.09,1.09,1.55,0.23,1.14,0.32,0.18,57.14,3.36,0.5,14.87,4.77,0.64,13.33,0.45,9.52
1208,1. SNL (SI),175469,Marcel Lorber,M. Lorber,2004-04-26,93.66,21.8,28.55,6,5,1,197.0,39.4,31.0,78.68,2.8,0.2,5.53,1.88,144.0,28.8,25.0,86.81,1.4,1.0,71.43,22.2,41.0,8.2,6.6,3.8,3.0,0.8,0.4,0.2,50.0,80.49,78.95,2.0,1.2,0.0,0.4,0.2,0.2,100.0,2.8,0.4,14.29,4.0,0.8,20.0,0.0,0.0
1208,1. SNL (SI),180835,Maj Mittendorfer,M. Mittendorfer,2000-05-11,91.77,25.95,22.16,23,20,3,990.0,49.5,42.05,84.95,1.15,0.25,5.19,1.88,640.0,32.0,29.8,93.12,0.35,0.15,42.86,30.7,233.0,11.65,10.05,6.85,6.15,0.9,0.4,0.3,75.0,86.27,89.78,0.0,0.2,0.0,0.0,0.95,0.7,73.68,0.65,0.0,0.0,0.95,0.4,42.1,0.0,0.0
1208,1. SNL (SI),180840,Luka Kambič,L. Kambič,1998-12-20,69.28,16.35,20.6,11,10,1,229.0,22.9,15.3,66.81,1.2,0.1,6.13,1.79,141.0,14.1,10.5,74.47,0.5,0.3,60.0,12.5,65.0,6.5,4.1,3.5,2.4,1.2,0.7,0.3,42.86,63.08,68.57,0.0,0.7,0.1,0.2,0.7,0.2,28.57,1.2,0.4,33.33,1.6,0.4,25.0,0.1,6.25
1208,1. SNL (SI),180908,Dimitar Mitrovski,D. Mitrovski,1999-01-28,62.19,18.17,15.06,26,24,2,558.0,23.25,14.75,63.44,3.12,0.25,6.48,1.92,394.0,16.42,11.08,67.51,2.46,1.38,55.93,11.12,158.0,6.58,4.17,3.29,1.88,0.75,0.58,0.21,35.71,63.29,56.96,1.08,1.38,0.46,0.96,0.54,0.29,53.85,3.46,0.71,20.48,5.17,1.0,19.35,1.25,24.19
1208,1. SNL (SI),186509,Tine Čuk,T. Čuk,2005-02-15,25.99,7.27,6.09,7,7,0,65.0,9.29,5.86,63.08,2.14,0.0,7.23,1.84,38.0,5.43,4.0,73.68,0.43,0.29,66.67,4.43,19.0,2.71,1.86,1.14,0.57,0.43,0.29,0.14,50.0,68.42,50.0,0.29,0.43,0.0,0.14,0.0,0.0,,0.71,0.14,20.0,0.86,0.14,16.67,0.0,0.0
1208,1. SNL (SI),208441,Luis Felipe Rabelo Costa,Pará,2002-02-18,17.97,3.08,5.21,6,5,1,30.0,6.0,5.2,86.67,0.2,0.0,4.58,1.44,12.0,2.4,2.4,100.0,0.0,0.0,,1.8,6.0,1.2,0.8,0.6,0.6,0.0,0.0,0.0,,66.67,100.0,0.0,0.0,0.0,0.0,0.0,0.0,,0.0,0.0,,0.4,0.0,0.0,0.0,0.0
1208,1. SNL (SI),220916,Fran Tomek,F. Tomek,2002-06-25,80.24,22.44,18.99,27,25,2,877.0,35.08,27.52,78.45,2.12,0.24,4.21,1.44,550.0,22.0,18.56,84.36,1.52,1.0,65.79,16.16,155.0,6.2,4.72,2.88,2.04,0.84,0.52,0.24,46.15,76.13,70.83,1.2,1.04,0.2,0.48,0.32,0.2,62.5,2.56,0.28,10.94,4.0,1.16,29.0,0.44,11.0
1208,1. SNL (SI),333779,Barnabás Tanyi,B. Tanyi,2003-01-23,33.48,6.06,11.4,4,3,1,12.0,4.0,3.0,75.0,0.67,0.33,3.72,1.14,6.0,2.0,1.33,66.67,1.0,0.67,66.67,1.33,2.0,0.67,0.67,0.33,0.33,0.0,0.0,0.0,,100.0,100.0,0.0,0.0,0.0,0.0,0.0,0.0,,1.33,0.0,0.0,1.33,0.0,0.0,1.0,75.0
1208,1. SNL (SI),411780,Daniel Kolocho Bameyi,D. Bameyi,2006-01-04,72.42,15.34,24.83,6,6,0,176.0,29.33,20.17,68.75,0.67,0.0,3.38,1.28,105.0,17.5,13.33,76.19,0.5,0.0,0.0,16.5,19.0,3.17,1.83,1.5,1.0,0.67,0.0,0.0,,57.89,66.67,0.0,0.17,0.0,0.0,0.33,0.0,0.0,1.17,0.17,14.29,1.17,0.33,28.57,0.0,0.0
1208,1. SNL (SI),486541,Diogo Miguel Guedes de Almeida,Diga Almeida,1998-03-30,81.49,22.53,20.34,29,27,2,972.0,36.0,26.56,73.77,2.37,0.19,4.24,1.46,712.0,26.37,20.7,78.51,1.7,1.11,65.22,23.74,145.0,5.37,4.11,3.78,2.96,1.0,0.74,0.52,70.0,76.55,78.43,0.11,3.41,0.22,0.0,0.3,0.15,50.0,2.48,0.44,17.91,3.96,0.85,21.49,0.3,7.48
1208,1. SNL (SI),507711,Raphael Hofer,R. Hofer,2003-02-14,77.19,19.18,22.37,15,13,2,433.0,33.31,26.62,79.91,0.69,0.0,5.55,1.78,304.0,23.38,19.92,85.2,0.15,0.08,50.0,22.54,108.0,8.31,6.38,5.08,3.77,1.46,1.0,0.46,46.15,76.85,74.24,0.0,0.77,0.0,0.08,0.31,0.15,50.0,0.31,0.08,25.0,0.69,0.23,33.33,0.08,11.11
1208,1. SNL (SI),507740,Cedomir Bumbic,C. Bumbic,1999-09-08,85.73,23.56,18.57,19,17,2,809.0,47.59,35.47,74.54,3.06,0.41,6.12,1.99,553.0,32.53,25.18,77.4,2.35,0.94,40.0,28.88,207.0,12.18,8.88,7.12,5.24,2.47,1.76,0.82,46.67,72.95,73.55,0.06,4.59,0.35,0.82,1.0,0.59,58.82,2.88,0.29,10.2,4.82,0.94,19.51,0.71,14.63
1208,1. SNL (SI),514711,Luka Lukanić,L. Lukanić,2004-05-03,67.26,15.26,21.45,15,15,0,418.0,27.87,21.07,75.6,2.6,0.27,4.69,1.42,253.0,16.87,13.4,79.45,0.8,0.27,33.33,14.6,77.0,5.13,3.73,2.67,1.73,1.13,0.67,0.33,50.0,72.73,65.0,0.47,0.87,0.13,0.4,0.4,0.27,66.67,1.53,0.27,17.39,2.4,0.47,19.44,0.4,16.67
1208,1. SNL (SI),516908,Ivan Durdov,I. Durdov,2000-07-17,69.49,18.63,17.74,15,13,2,173.0,13.31,5.08,38.15,3.23,0.62,5.23,1.5,93.0,7.15,2.69,37.64,2.54,0.85,33.33,3.0,36.0,2.77,1.31,1.69,0.69,0.54,0.54,0.15,28.57,47.22,40.91,0.85,0.69,0.77,0.31,0.08,0.0,0.0,2.69,0.31,11.43,4.69,0.38,8.2,1.08,22.95
1208,1. SNL (SI),531561,David Castro Pazos,David Castro,1995-10-09,39.87,12.26,8.38,3,2,1,43.0,21.5,19.0,88.38,1.0,0.0,6.97,2.21,33.0,16.5,15.5,93.94,0.5,0.5,100.0,15.5,13.0,6.5,6.0,6.0,5.5,0.5,0.5,0.5,100.0,92.31,91.67,0.0,0.0,0.0,0.0,0.5,0.5,100.0,0.5,0.0,0.0,0.5,0.5,100.0,0.0,0.0
1208,1. SNL (SI),533100,Filip Damjanović,F. Damjanović,1998-07-02,93.73,25.79,23.38,21,17,4,922.0,54.24,46.24,85.25,1.53,0.18,4.14,1.5,640.0,37.65,34.24,90.94,0.47,0.24,50.0,36.24,157.0,9.24,7.71,5.76,4.76,1.29,0.59,0.47,80.0,83.44,82.65,0.06,0.06,0.06,0.18,0.41,0.24,57.14,0.76,0.29,38.46,1.18,0.41,35.0,0.12,10.0
1208,1. SNL (SI),568693,Isaac Tshipamba Mulowati,I. Tshipamba,2000-11-09,47.4,12.16,10.75,24,22,2,340.0,15.45,8.18,52.94,2.64,0.55,10.32,2.73,235.0,10.68,6.05,56.6,1.73,0.55,31.58,7.45,143.0,6.5,3.55,4.18,2.09,1.68,1.55,0.77,50.0,54.55,50.0,0.32,0.95,0.5,1.55,0.45,0.18,40.0,2.36,0.41,17.31,4.0,0.77,19.32,0.91,22.73
1208,1. SNL (SI),576852,Stefan Melentijevic,S. Melentijevic,2004-03-20,85.13,20.71,23.31,22,21,1,905.0,43.1,34.0,78.9,1.05,0.1,5.38,2.09,535.0,25.48,22.1,86.73,0.48,0.19,40.0,23.81,214.0,10.19,8.57,5.33,4.29,0.81,0.1,0.05,50.0,84.11,80.36,0.1,0.0,0.05,0.1,0.52,0.24,45.45,0.48,0.0,0.0,0.76,0.24,31.25,0.1,12.5
1208,1. SNL (SI),578499,Luka Guček,L. Guček,1999-01-29,96.4,24.66,26.29,2,1,1,43.0,43.0,41.0,95.35,1.0,0.0,5.81,1.85,30.0,30.0,30.0,100.0,1.0,1.0,100.0,30.0,13.0,13.0,12.0,8.0,8.0,0.0,0.0,0.0,,92.31,100.0,0.0,0.0,0.0,0.0,0.0,0.0,,1.0,0.0,0.0,1.0,1.0,100.0,0.0,0.0
1208,1. SNL (SI),584930,Haris Kadrić,H. Kadric,2000-03-16,86.3,21.46,23.75,32,29,3,669.0,23.07,12.66,54.86,4.62,0.45,5.5,1.36,402.0,13.86,7.93,57.21,3.41,1.55,45.45,5.93,149.0,5.14,2.69,3.34,1.41,2.03,1.69,0.52,30.61,52.35,42.27,1.41,2.69,1.03,0.41,0.07,0.03,50.0,4.79,0.83,17.27,7.83,1.83,23.35,2.0,25.55
1208,1. SNL (SI),617829,Ali Reghba,A. Reghba,2000-01-14,36.44,9.4,7.8,22,20,2,219.0,10.95,6.25,57.08,1.55,0.25,8.46,2.15,150.0,7.5,4.5,60.0,1.7,0.95,55.88,3.45,73.0,3.65,1.8,2.25,0.9,1.05,0.8,0.15,18.75,49.32,40.0,0.6,0.7,0.35,0.6,0.15,0.0,0.0,2.25,0.3,13.33,3.45,0.95,27.54,0.7,20.29
1208,1. SNL (SI),618918,Anom Chidi,A. Chidi,2004-07-13,49.35,16.69,10.07,6,6,0,60.0,10.0,5.67,56.67,0.67,0.33,9.97,2.59,42.0,7.0,4.0,57.14,0.67,0.17,25.0,5.17,26.0,4.33,2.0,2.67,1.17,1.17,0.83,0.17,20.0,46.15,43.75,0.33,0.5,0.33,0.5,0.17,0.17,100.0,1.33,0.0,0.0,2.83,1.17,41.18,0.17,5.88
1208,1. SNL (SI),644185,Milot Avdyli,M. Avdyli,2002-07-28,63.2,21.91,13.97,26,24,2,766.0,31.92,22.62,70.89,3.62,0.75,6.84,2.17,582.0,24.25,17.29,71.31,1.88,0.75,40.0,20.71,236.0,9.83,6.33,5.08,3.04,1.21,0.92,0.33,36.36,64.41,59.84,0.92,1.29,0.29,1.46,0.5,0.33,66.67,2.46,0.5,20.34,4.54,1.04,22.94,0.75,16.51
1208,1. SNL (SI),644198,Aleksandar Kahvić,A. Kahvić,2004-01-02,87.28,19.52,25.54,11,11,0,178.0,16.18,9.09,56.18,2.36,0.18,4.2,0.98,110.0,10.0,5.73,57.27,2.73,1.18,43.33,3.45,34.0,3.09,1.64,1.73,0.55,1.27,1.09,0.45,41.67,52.94,31.58,0.27,1.18,0.55,0.45,0.0,0.0,,3.45,0.27,7.89,6.64,1.0,15.07,1.0,15.07
1208,1. SNL (SI),644242,David Pejičić,D. Pejičić,2007-06-14,70.42,19.96,15.63,22,21,1,435.0,20.71,13.43,64.83,3.1,0.57,4.57,1.31,268.0,12.76,8.95,70.15,1.52,0.57,37.5,9.76,88.0,4.19,2.95,2.19,1.29,0.76,0.52,0.29,54.55,70.45,58.7,0.57,1.33,0.14,0.38,0.29,0.24,83.33,2.1,0.19,9.09,3.52,0.62,17.57,0.57,16.22
1208,1. SNL (SI),660310,Téva Gardies,T. Gardies,2001-04-01,101.68,30.87,17.17,1,1,0,35.0,35.0,23.0,65.71,0.0,0.0,5.11,3.2,22.0,22.0,14.0,63.64,1.0,0.0,0.0,20.0,9.0,9.0,6.0,7.0,6.0,0.0,0.0,0.0,,66.67,85.71,0.0,0.0,0.0,0.0,1.0,0.0,0.0,1.0,0.0,0.0,1.0,0.0,0.0,0.0,0.0
1208,1. SNL (SI),669479,Leo Rimac,L. Rimac,2006-03-14,73.94,21.58,17.6,31,26,5,537.0,20.65,12.15,58.85,3.08,0.58,5.28,1.42,348.0,13.38,8.5,63.51,2.69,1.15,42.86,7.69,122.0,4.69,2.85,2.5,1.31,1.19,0.92,0.27,29.17,60.66,52.31,1.08,1.38,0.69,0.27,0.15,0.08,50.0,3.65,0.42,11.58,5.46,0.81,14.79,0.88,16.2
1208,1. SNL (SI),687632,Nemanja  Jakšić,N. Jakšić,1995-07-11,95.9,25.45,32.07,1,1,0,48.0,48.0,31.0,64.58,5.0,1.0,5.46,1.85,34.0,34.0,25.0,73.53,2.0,1.0,50.0,31.0,13.0,13.0,10.0,5.0,4.0,2.0,2.0,2.0,100.0,76.92,80.0,0.0,4.0,0.0,1.0,4.0,3.0,75.0,3.0,0.0,0.0,5.0,3.0,60.0,1.0,20.0
1208,1. SNL (SI),687633,Almin Kurtovič,A. Kurtovič,2000-03-16,97.0,27.46,26.83,5,2,3,59.0,29.5,20.0,67.79,2.0,0.0,6.97,1.84,43.0,21.5,15.0,69.77,2.0,1.5,75.0,15.0,18.0,9.0,6.0,5.5,3.5,2.0,1.0,0.5,50.0,66.67,63.64,2.0,0.5,0.5,0.5,0.0,0.0,,3.0,0.0,0.0,4.5,1.0,22.22,0.5,11.11
1208,1. SNL (SI),687634,Beno Selan,B. Selan,2005-01-02,85.92,19.24,28.41,18,17,1,544.0,32.0,23.47,73.35,2.88,0.29,5.91,1.83,318.0,18.71,15.06,80.5,0.76,0.47,61.54,13.82,138.0,8.12,6.35,4.06,3.12,1.0,0.65,0.53,81.82,78.26,76.81,0.76,1.82,0.24,0.41,0.59,0.29,50.0,0.94,0.06,6.25,2.71,0.41,15.22,0.35,13.04
1208,1. SNL (SI),687637,Mark Španring,M. Španring,2001-06-13,63.68,17.53,13.92,20,18,2,510.0,28.33,20.56,72.55,1.33,0.39,5.66,1.82,366.0,20.33,15.5,76.23,1.06,0.44,42.11,18.61,116.0,6.44,4.78,3.56,2.56,0.89,0.61,0.33,54.55,74.14,71.88,0.0,1.94,0.0,0.44,0.33,0.17,50.0,1.67,0.33,20.0,2.39,0.61,25.58,0.22,9.3
1208,1. SNL (SI),687639,Gašper Vodeb,G. Vodeb,2003-06-30,34.25,12.12,6.98,9,9,0,232.0,25.78,23.22,90.09,0.44,0.22,4.64,1.66,179.0,19.89,18.33,92.18,0.11,0.11,100.0,18.56,43.0,4.78,4.11,2.89,2.44,0.44,0.33,0.11,33.33,86.05,84.62,0.11,0.0,0.0,0.22,0.44,0.11,25.0,0.33,0.0,0.0,0.56,0.11,20.0,0.0,0.0
1208,1. SNL (SI),687640,Kristjan Trdin,K. Trdin,2004-03-01,69.01,14.84,19.97,11,9,2,225.0,25.0,16.78,67.11,1.11,0.0,3.79,1.31,135.0,15.0,11.44,76.3,1.0,0.33,33.33,13.44,39.0,4.33,2.78,2.56,1.56,0.56,0.33,0.22,66.67,64.1,60.87,0.0,0.89,0.22,0.0,0.22,0.22,100.0,1.33,0.11,8.33,1.56,0.44,28.57,0.0,0.0
1208,1. SNL (SI),687650,Mark Zabukovnik,M. Zabukovnik,2000-12-27,75.8,23.46,14.08,5,5,0,214.0,42.8,38.4,89.72,3.2,0.2,3.74,1.22,177.0,35.4,32.8,92.65,1.0,0.6,60.0,30.4,29.0,5.8,5.2,3.6,3.0,1.0,0.8,0.8,100.0,89.66,83.33,1.8,1.6,0.2,0.4,0.6,0.4,66.67,1.8,0.2,11.11,3.4,1.2,35.3,0.8,23.53
1208,1. SNL (SI),687651,Nejc Ajhmajer,N. Ajhmajer,2003-04-22,56.25,13.56,15.97,24,21,3,344.0,16.38,10.62,64.83,1.43,0.1,5.28,1.54,230.0,10.95,7.52,68.7,1.29,0.48,37.04,9.05,80.0,3.81,2.57,2.19,1.33,1.1,0.81,0.33,41.18,67.5,60.87,0.05,1.14,0.29,0.33,0.29,0.14,50.0,1.76,0.33,18.92,3.19,0.71,22.39,0.48,14.93
1208,1. SNL (SI),687654,Nino Milić,N. Milić,2004-05-01,94.55,21.71,28.17,15,14,1,540.0,38.57,29.0,75.19,1.21,0.0,4.87,1.67,347.0,24.79,20.36,82.13,0.79,0.43,54.55,23.71,106.0,7.57,5.43,4.07,2.71,1.64,1.07,0.64,60.0,71.7,66.67,0.0,0.43,0.07,0.57,1.14,0.79,68.75,1.07,0.07,6.67,1.57,0.57,36.36,0.07,4.55
1208,1. SNL (SI),687656,Abraham Nnamdi Nwankwo,A. Nwankwo,2001-07-22,94.47,22.08,28.92,3,3,0,104.0,34.67,25.0,72.11,0.33,0.0,3.38,1.43,60.0,20.0,17.33,86.67,0.0,0.0,,19.33,8.0,2.67,2.0,1.33,1.0,0.0,0.0,0.0,,75.0,75.0,0.0,0.0,0.0,0.0,0.0,0.0,,0.33,0.0,0.0,1.33,0.67,50.0,0.0,0.0
1208,1. SNL (SI),687662,Benjamin Matičič,B. Matičič,2007-02-20,96.09,21.71,27.79,12,12,0,188.0,15.67,8.83,56.38,0.0,0.0,5.27,3.76,68.0,5.67,4.0,70.59,0.0,0.0,,5.33,53.0,4.42,2.17,1.83,0.83,0.08,0.0,0.0,,49.06,45.45,0.0,0.0,0.0,0.0,0.0,0.0,,0.08,0.08,100.0,0.33,0.08,25.0,0.0,0.0
1208,1. SNL (SI),687663,Edvin Krupić,E. Krupić,2004-03-03,31.58,6.7,10.17,14,13,1,117.0,9.0,5.77,64.1,0.62,0.0,4.01,1.24,73.0,5.62,3.69,65.75,0.85,0.15,18.18,4.15,22.0,1.69,0.85,1.15,0.54,0.08,0.08,0.0,0.0,50.0,46.67,0.15,0.69,0.15,0.0,0.31,0.08,25.0,1.0,0.0,0.0,1.54,0.23,15.0,0.15,10.0
1208,1. SNL (SI),687666,Mark Strajnar,M. Strajnar,2003-12-19,83.54,20.47,23.91,20,19,1,682.0,35.89,24.63,68.62,1.63,0.0,5.94,1.73,464.0,24.42,17.84,73.06,1.68,0.79,46.88,21.74,188.0,9.89,6.79,5.68,3.95,1.79,1.16,0.63,54.55,68.62,69.44,0.11,2.79,0.32,0.37,0.79,0.32,40.0,2.26,0.42,18.6,3.37,0.84,25.0,0.47,14.06
1208,1. SNL (SI),703000,Aldin Jakupović,A. Jakupović,2006-06-04,46.56,10.06,16.09,16,15,1,166.0,11.07,4.27,38.56,2.73,0.33,7.12,1.55,99.0,6.6,2.6,39.39,1.67,0.8,48.0,3.73,49.0,3.27,0.73,2.4,0.47,1.67,1.53,0.33,21.74,22.45,19.44,0.73,0.8,0.47,0.6,0.07,0.0,0.0,1.87,0.2,10.71,3.4,1.0,29.41,1.07,31.37
1208,1. SNL (SI),715784,Tomislav Glavan,T. Glavan,2004-10-09,39.09,10.83,10.22,6,4,2,22.0,5.5,3.0,54.55,1.0,0.0,3.91,1.27,12.0,3.0,1.75,58.33,0.5,0.5,100.0,1.0,3.0,0.75,0.5,0.5,0.5,0.0,0.0,0.0,,66.67,100.0,0.0,0.25,0.0,0.25,0.0,0.0,,0.5,0.0,0.0,1.25,0.25,20.0,0.0,0.0
1208,1. SNL (SI),718507,Marko Ristić,M. Ristić,2004-11-01,82.19,25.26,18.68,10,10,0,494.0,49.4,40.9,82.79,0.7,0.0,5.99,1.89,341.0,34.1,30.6,89.74,0.3,0.1,33.33,32.9,119.0,11.9,10.4,5.9,5.3,1.5,0.6,0.5,83.33,87.39,89.83,0.0,0.3,0.0,0.3,0.2,0.1,50.0,0.4,0.0,0.0,0.9,0.0,0.0,0.0,0.0
1208,1. SNL (SI),727411,Ghislain Vénuste Baboula,V. Baboula,1998-08-23,83.47,19.12,27.12,30,27,3,825.0,30.56,18.15,59.39,5.85,0.89,8.18,2.09,555.0,20.56,12.52,60.9,3.59,1.89,52.58,14.0,296.0,10.96,6.44,7.33,3.93,2.96,2.63,1.11,42.25,58.78,53.54,1.56,2.52,1.22,2.33,0.59,0.33,56.25,4.67,0.7,15.08,8.15,2.41,29.54,2.04,25.0
1208,1. SNL (SI),761517,Marko Brest,M. Brest,2002-05-10,54.02,14.73,13.78,29,27,2,623.0,23.07,14.22,61.64,2.85,0.33,7.3,2.13,434.0,16.07,10.26,63.82,2.26,0.93,40.98,12.11,206.0,7.63,4.85,4.07,2.33,1.19,1.0,0.44,44.44,63.59,57.27,0.7,1.11,0.37,0.78,0.81,0.41,50.0,2.93,0.22,7.6,4.74,0.89,18.75,0.63,13.28
1208,1. SNL (SI),774925,Bassirou M'Backé N'Diayé,B. N'Diayé,2002-02-15,59.92,16.56,14.55,15,13,2,230.0,17.69,11.54,65.22,2.77,0.69,8.03,1.94,140.0,10.77,7.62,70.71,2.08,1.38,66.67,6.54,75.0,5.77,3.69,3.0,1.62,1.46,1.31,0.46,35.29,64.0,53.85,0.77,1.92,0.31,0.62,0.46,0.23,50.0,2.62,0.69,26.47,4.85,1.0,20.63,1.08,22.22
1208,1. SNL (SI),814494,Brice Negouai,B. Negouai,2002-02-17,59.85,17.02,12.67,22,18,4,557.0,30.94,24.72,79.89,1.44,0.11,6.36,1.91,354.0,19.67,16.44,83.62,0.44,0.33,75.0,18.67,148.0,8.22,6.11,4.78,3.28,1.94,1.28,0.5,39.13,74.32,68.6,0.11,1.39,0.11,1.22,0.94,0.67,70.59,0.61,0.0,0.0,1.06,0.17,15.79,0.06,5.26
1208,1. SNL (SI),818145,Luis Fernando  Carrero,L. Carrero,2007-03-14,18.98,4.23,4.68,4,3,1,14.0,4.67,2.33,50.0,0.33,0.0,7.14,1.79,10.0,3.33,2.0,60.0,0.67,0.33,50.0,2.33,5.0,1.67,0.33,1.0,0.33,0.0,0.0,0.0,,20.0,33.33,0.0,0.67,0.0,0.33,0.0,0.0,,0.67,0.33,50.0,1.0,0.33,33.33,0.0,0.0
1208,1. SNL (SI),829654,Sandro Jovanović,S. Jovanović,2002-04-23,63.21,14.95,18.08,23,21,2,473.0,22.52,14.29,63.42,1.86,0.1,6.67,1.98,308.0,14.67,9.86,67.21,1.9,0.81,42.5,11.0,128.0,6.1,4.19,3.38,2.19,1.05,0.71,0.38,53.33,68.75,64.79,0.52,1.38,0.43,0.62,0.43,0.14,33.33,2.48,0.57,23.08,4.52,0.95,21.05,0.62,13.68
1208,1. SNL (SI),839300,Luka Kolar,L. Kolar,2005-09-09,21.45,8.7,4.45,11,9,2,27.0,3.0,2.22,74.07,0.0,0.0,3.76,2.03,16.0,1.78,1.33,75.0,0.0,0.0,,1.56,2.0,0.22,0.22,0.11,0.11,0.0,0.0,0.0,,100.0,100.0,0.0,0.0,0.0,0.0,0.0,0.0,,0.0,0.0,,0.0,0.0,,0.0,
1208,1. SNL (SI),839379,Jakoslav Stanković,J. Stanković,2001-04-10,65.89,15.24,21.54,32,29,3,835.0,28.79,16.72,58.08,4.79,0.34,7.48,2.14,565.0,19.48,11.38,58.41,2.48,1.24,50.0,14.17,271.0,9.34,5.66,4.76,2.62,1.41,1.03,0.52,50.0,60.52,55.07,1.28,2.31,0.69,1.38,0.69,0.24,35.0,3.62,0.48,13.33,6.28,1.55,24.72,1.45,23.08
1208,1. SNL (SI),839380,Gašper Jovan,G. Jovan,2001-02-25,91.21,21.11,30.05,32,29,3,959.0,33.07,21.69,65.59,3.31,0.21,5.77,1.6,595.0,20.52,14.1,68.74,2.31,0.9,38.81,17.17,239.0,8.24,5.41,5.1,3.21,2.28,1.69,0.86,51.02,65.69,62.84,0.34,3.28,0.55,0.62,0.31,0.1,33.33,3.0,0.38,12.64,4.59,1.24,27.07,1.24,27.07
1208,1. SNL (SI),839381,Andrej Pečar,A. Pečar,2008-01-01,53.45,13.86,17.28,2,2,0,39.0,19.5,14.0,71.79,4.5,1.5,6.26,1.65,26.0,13.0,8.5,65.38,1.5,1.5,100.0,9.0,13.0,6.5,4.5,4.0,2.5,2.5,2.0,1.5,75.0,69.23,62.5,0.5,2.5,0.5,1.0,0.5,0.0,0.0,3.0,1.0,33.33,4.5,0.0,0.0,2.0,44.44
1208,1. SNL (SI),839382,,,,30.73,5.13,9.48,1,1,0,10.0,10.0,6.0,60.0,2.0,0.0,5.72,1.19,6.0,6.0,3.0,50.0,0.0,0.0,,4.0,2.0,2.0,2.0,1.0,1.0,2.0,1.0,1.0,100.0,100.0,100.0,0.0,0.0,0.0,0.0,0.0,0.0,,0.0,0.0,,3.0,0.0,0.0,0.0,0.0
1208,1. SNL (SI),839385,Uroš Likar,U. Likar,1999-10-01,94.72,21.6,31.44,34,31,3,558.0,18.0,11.29,62.72,0.1,0.0,5.73,3.15,253.0,8.16,6.35,77.87,0.26,0.16,62.5,7.84,163.0,5.26,2.61,3.97,2.03,0.0,0.0,0.0,,49.69,51.22,0.0,0.0,0.0,0.0,0.03,0.03,100.0,0.35,0.1,27.27,0.61,0.29,47.37,0.0,0.0
1208,1. SNL (SI),839387,Matic Ivanšek,M. Ivanšek,2004-07-26,65.74,15.41,21.94,27,25,2,580.0,23.2,14.92,64.31,2.56,0.44,5.55,1.6,364.0,14.56,9.96,68.41,2.04,0.84,41.18,12.44,143.0,5.72,3.64,3.52,2.32,1.36,1.08,0.68,62.96,63.64,65.91,0.32,1.72,0.28,0.64,0.2,0.2,100.0,2.36,0.28,11.86,3.64,0.6,16.48,0.4,10.99
1208,1. SNL (SI),839388,Tais Šabotić,T. Šabotić,2007-09-04,11.87,3.45,2.81,4,4,0,19.0,4.75,2.5,52.63,0.5,0.25,4.46,1.24,12.0,3.0,1.75,58.33,0.25,0.0,0.0,2.0,4.0,1.0,0.5,0.75,0.25,0.25,0.25,0.0,0.0,50.0,33.33,0.75,0.5,0.5,0.0,0.0,0.0,,1.0,0.0,0.0,1.5,0.5,33.34,0.75,50.0
1208,1. SNL (SI),839442,Victor Ntino-Emo Gidado,V. Gidado,2004-07-14,83.72,18.32,28.24,17,16,1,468.0,29.25,19.81,67.73,2.56,0.31,3.79,1.17,236.0,14.75,10.56,71.61,1.06,0.56,52.94,11.38,63.0,3.94,2.5,1.94,1.06,0.75,0.25,0.0,0.0,63.49,54.84,0.25,0.81,0.12,0.12,0.12,0.0,0.0,1.62,0.12,7.69,3.5,1.0,28.57,0.5,14.29
1208,1. SNL (SI),839832,Niko Grlić,N. Grlić,2006-08-17,28.48,6.28,8.99,4,4,0,43.0,10.75,5.75,53.49,2.25,0.25,10.03,2.69,27.0,6.75,3.5,51.85,0.75,0.5,66.67,5.5,19.0,4.75,2.5,2.25,1.0,0.5,0.5,0.25,50.0,52.63,44.44,0.5,1.25,0.0,1.25,0.0,0.0,,0.75,0.0,0.0,1.0,0.5,50.0,0.5,50.0
1208,1. SNL (SI),839834,Lan Vidmar,L. Vidmar,2001-09-11,12.56,1.71,2.42,1,1,0,2.0,2.0,2.0,100.0,0.0,0.0,3.28,0.85,0.0,0.0,0.0,,0.0,0.0,,0.0,0.0,0.0,0.0,0.0,0.0,0.0,0.0,0.0,,,,0.0,0.0,0.0,0.0,0.0,0.0,,0.0,0.0,,0.0,0.0,,0.0,
1208,1. SNL (SI),839836,Behar Feta,B. Feta,2003-04-07,85.71,21.01,23.36,29,23,6,760.0,33.04,21.17,64.08,3.65,0.35,7.24,2.13,484.0,21.04,14.0,66.53,2.43,1.43,58.93,16.91,236.0,10.26,6.22,5.96,3.04,1.48,1.22,0.48,39.28,60.59,51.09,0.65,1.78,0.57,1.48,0.83,0.26,31.58,3.61,0.74,20.48,6.13,1.52,24.82,1.39,22.69
1208,1. SNL (SI),839838,Luka Dovžan Karahodžić,L. Dovžan Karahodžić,2006-04-19,31.61,6.73,9.72,8,7,1,60.0,8.57,5.14,60.0,0.86,0.14,9.27,2.54,44.0,6.29,4.14,65.91,1.14,0.57,50.0,4.14,26.0,3.71,2.29,1.86,1.14,0.29,0.14,0.14,100.0,61.54,61.54,0.29,0.57,0.14,0.29,0.43,0.14,33.33,1.71,0.14,8.33,3.0,0.43,14.29,0.0,0.0
1208,1. SNL (SI),839839,Rene Rantuša  Lampreht,R. Lampreht,2002-02-22,96.2,21.7,28.89,17,16,1,670.0,41.88,34.5,82.39,1.12,0.12,4.0,1.79,415.0,25.94,24.06,92.77,0.06,0.06,100.0,24.31,96.0,6.0,5.0,3.19,2.88,0.62,0.06,0.0,0.0,83.33,90.2,0.0,0.06,0.0,0.12,0.19,0.06,33.33,0.12,0.0,0.0,0.62,0.19,30.0,0.0,0.0
1208,1. SNL (SI),839841,Aljaz Zabukovnik,A. Zabukovnik,2006-05-03,36.05,7.37,14.85,5,5,0,52.0,10.4,7.4,71.15,0.6,0.0,3.32,0.92,23.0,4.6,3.6,78.26,1.0,0.4,40.0,3.4,7.0,1.4,1.2,1.2,1.0,0.4,0.2,0.0,0.0,85.71,83.33,0.2,0.8,0.0,0.0,0.0,0.0,,1.0,0.0,0.0,1.0,0.4,40.0,0.4,40.0
1208,1. SNL (SI),839842,Luka Baruca,L. Baruca,2003-01-09,18.38,4.63,3.29,1,1,0,12.0,12.0,10.0,83.33,2.0,0.0,4.32,1.83,7.0,7.0,5.0,71.43,0.0,0.0,,5.0,2.0,2.0,2.0,1.0,1.0,0.0,0.0,0.0,,100.0,100.0,0.0,0.0,0.0,0.0,0.0,0.0,,1.0,1.0,100.0,3.0,1.0,33.33,0.0,0.0
1208,1. SNL (SI),839844,Flavio Juncaj,F. Juncaj,2007-06-14,20.74,4.3,6.78,5,5,0,38.0,7.6,4.6,60.53,0.8,0.0,7.32,2.0,21.0,4.2,2.8,66.67,0.6,0.4,66.67,3.0,10.0,2.0,1.2,0.8,0.2,0.2,0.2,0.0,0.0,60.0,25.0,0.2,0.4,0.2,0.6,0.0,0.0,,0.6,0.0,0.0,0.6,0.0,0.0,0.0,0.0
1208,1. SNL (SI),840189,Dino Kojić,D. Kojić,2005-04-04,68.1,18.76,17.48,27,25,2,475.0,19.0,11.48,60.42,2.68,0.28,8.56,2.21,322.0,12.88,7.84,60.87,2.76,1.28,46.38,8.28,169.0,6.76,3.68,4.4,2.08,1.44,1.28,0.36,28.12,54.44,47.27,1.08,2.16,0.48,0.8,0.88,0.28,31.82,3.6,0.64,17.78,5.48,1.0,18.25,1.0,18.25
1208,1. SNL (SI),840190,Peter Agba,P. Agba,2002-12-20,63.92,14.79,17.5,5,4,1,114.0,28.5,23.0,80.7,2.75,0.0,4.83,1.62,71.0,17.75,15.25,85.91,0.75,0.25,33.33,13.5,24.0,6.0,4.25,2.75,2.0,0.75,0.5,0.25,50.0,70.84,72.73,1.0,0.5,0.0,1.75,1.0,0.25,25.0,1.5,0.25,16.67,2.75,1.0,36.36,0.0,0.0
1208,1. SNL (SI),840191,Mateo Aćimović,M. Aćimović,2007-10-05,65.31,18.45,16.73,6,6,0,145.0,24.17,15.5,64.14,3.33,0.17,5.1,1.49,104.0,17.33,11.17,64.42,2.0,0.67,33.33,13.67,27.0,4.5,2.33,2.5,0.83,1.0,0.83,0.0,0.0,51.85,33.33,0.83,1.0,0.33,0.83,0.0,0.0,,2.83,0.33,11.76,4.0,0.83,20.83,0.5,12.5
1208,1. SNL (SI),840193,Thalisson Charles Alves Moreira,Thalisson Charles,1999-03-02,55.57,14.28,14.23,8,7,1,165.0,23.57,17.86,75.76,1.57,0.14,4.26,1.26,109.0,15.57,12.57,80.74,1.71,1.0,58.34,10.29,31.0,4.43,3.29,2.29,1.71,0.43,0.29,0.14,50.0,74.19,75.0,0.57,1.29,0.0,0.0,0.29,0.29,100.0,3.0,0.14,4.76,4.14,0.57,13.79,0.43,10.34
1208,1. SNL (SI),841220,Borna Proleta,B. Proleta,2001-11-26,93.58,22.4,25.67,32,27,5,1029.0,38.11,32.07,84.16,1.19,0.15,4.86,1.71,648.0,24.0,21.89,91.2,0.41,0.19,45.45,22.52,200.0,7.41,5.81,3.48,2.74,1.07,0.44,0.33,75.0,78.5,78.72,0.04,0.11,0.0,0.04,0.44,0.22,50.0,0.56,0.0,0.0,0.7,0.33,47.37,0.04,5.26
1208,1. SNL (SI),841221,Florijan Raduha,F. Raduha,1997-04-01,98.65,25.6,25.44,4,3,1,85.0,28.33,16.0,56.47,0.0,0.0,3.52,2.23,51.0,17.0,10.0,58.82,0.33,0.0,0.0,16.67,13.0,4.33,1.33,2.67,1.33,0.0,0.0,0.0,,30.77,50.0,0.0,0.0,0.0,0.0,0.33,0.0,0.0,0.67,0.33,50.0,0.67,0.33,50.0,0.0,0.0
1208,1. SNL (SI),841222,Sandi Nuhanović,S. Nuhanović,1998-12-05,70.7,15.7,23.63,34,31,3,815.0,26.29,19.32,73.5,2.81,0.39,4.14,1.24,519.0,16.74,13.19,78.81,0.97,0.65,66.67,12.94,137.0,4.42,3.26,2.19,1.58,1.03,0.71,0.52,72.73,73.72,72.06,0.74,1.23,0.06,0.23,0.06,0.06,100.0,1.42,0.23,15.91,2.71,0.61,22.62,0.48,17.86
1208,1. SNL (SI),841223,Jaka Domjan,J. Domjan,2004-05-05,23.74,6.04,6.36,14,12,2,69.0,5.75,3.08,53.62,0.58,0.0,5.87,1.67,46.0,3.83,2.17,56.52,1.33,0.83,62.5,1.83,20.0,1.67,0.75,0.83,0.33,0.25,0.25,0.0,0.0,45.0,40.0,0.17,0.42,0.17,0.0,0.0,0.0,,1.75,0.08,4.76,2.42,0.42,17.24,0.33,13.79
1208,1. SNL (SI),841224,Luka Turudija,L. Turudija,2004-07-24,43.45,10.16,12.26,25,20,5,372.0,18.6,13.5,72.58,1.95,0.3,5.41,1.45,233.0,11.65,8.9,76.39,1.1,0.7,63.64,8.8,89.0,4.45,2.85,2.4,1.25,0.9,0.75,0.25,33.33,64.05,52.08,0.75,1.25,0.2,0.4,0.15,0.1,66.67,1.95,0.15,7.69,2.75,0.8,29.09,0.45,16.36
1208,1. SNL (SI),842058,Amadej Marinič,A. Marinič,2000-10-10,73.86,20.22,19.77,23,20,3,673.0,33.65,21.75,64.64,2.35,0.55,6.63,1.84,462.0,23.1,15.8,68.4,1.75,0.9,51.43,19.5,185.0,9.25,6.2,5.7,3.55,2.0,1.55,0.7,45.16,67.03,62.28,1.1,2.25,0.1,0.9,1.05,0.55,52.38,2.75,0.3,10.91,4.3,0.85,19.77,0.5,11.63
1208,1. SNL (SI),842060,Darko Hrka,D. Hrka,1999-11-20,64.6,22.41,12.96,26,24,2,1000.0,41.67,36.08,86.6,1.12,0.21,3.93,1.5,783.0,32.62,29.54,90.55,0.29,0.17,57.14,29.42,145.0,6.04,4.71,1.96,1.5,0.71,0.29,0.21,71.43,77.93,76.6,0.5,0.21,0.04,0.04,0.33,0.08,25.0,0.79,0.12,15.79,1.71,0.12,7.32,0.08,4.88
1208,1. SNL (SI),842067,Matej Malenšek,M. Malenšek,2005-05-27,81.27,23.64,22.0,6,6,0,161.0,26.83,17.33,64.6,3.17,0.83,8.27,2.02,101.0,16.83,10.5,62.38,3.67,1.83,50.0,10.83,63.0,10.5,6.67,7.67,4.67,2.83,2.5,1.17,46.67,63.49,60.87,0.5,2.33,1.33,0.67,0.33,0.0,0.0,5.5,1.33,24.24,7.5,2.17,28.89,1.67,22.22
1208,1. SNL (SI),842070,Matej  Mamic,M. Mamic,2002-01-09,93.05,26.47,24.58,27,23,4,994.0,43.22,32.26,74.65,2.22,0.26,4.41,1.51,726.0,31.57,24.57,77.82,2.43,1.61,66.07,28.57,180.0,7.83,5.52,4.13,2.57,1.35,1.26,0.61,48.28,70.56,62.11,0.09,1.65,0.48,0.17,0.52,0.13,25.0,3.78,0.83,21.84,6.09,1.17,19.29,0.78,12.86
1208,1. SNL (SI),842072,Nino Kukovec,N. Kukovec,2001-05-06,79.82,23.78,20.86,16,14,2,222.0,15.86,7.57,47.75,2.07,0.71,7.0,1.63,152.0,10.86,5.79,53.29,3.29,1.5,45.65,5.43,71.0,5.07,2.21,3.64,1.29,2.5,2.36,0.64,27.27,43.66,35.29,1.07,1.0,1.07,0.36,0.07,0.07,100.0,3.64,0.36,9.8,5.93,1.29,21.69,1.0,16.87
1208,1. SNL (SI),842073,Nino Vukasović,N. Vukasović,2001-03-23,69.99,22.02,16.98,15,15,0,618.0,41.2,34.13,82.85,1.47,0.2,4.88,1.78,474.0,31.6,27.4,86.71,1.6,0.87,54.17,28.73,124.0,8.27,7.13,4.27,3.87,0.93,0.8,0.67,83.33,86.29,90.63,0.4,1.27,0.13,0.0,0.8,0.53,66.67,2.13,0.4,18.75,3.0,0.53,17.78,0.27,8.89
1208,1. SNL (SI),842074,Jaša Jelen,J. Jelen,2006-04-15,53.33,13.96,14.54,27,24,3,449.0,18.71,12.92,69.04,1.0,0.0,4.3,1.33,319.0,13.29,10.0,75.23,1.04,0.5,48.0,10.25,79.0,3.29,1.96,1.58,0.71,0.38,0.21,0.12,60.0,59.49,44.74,0.5,1.29,0.08,0.17,0.12,0.04,33.33,1.54,0.17,10.81,2.67,0.42,15.63,0.38,14.06
1208,1. SNL (SI),842077,Rok Ljutić,R. Ljutić,2003-07-20,10.23,0.88,4.84,1,1,0,3.0,3.0,2.0,66.67,0.0,0.0,5.37,1.53,1.0,1.0,1.0,100.0,0.0,0.0,,1.0,1.0,1.0,1.0,0.0,0.0,0.0,0.0,0.0,,100.0,,0.0,0.0,0.0,0.0,0.0,0.0,,0.0,0.0,,0.0,0.0,,0.0,
1208,1. SNL (SI),842078,Žan Žaler,Ž. Žaler,2002-08-30,78.03,21.52,20.52,20,17,3,771.0,45.35,37.53,82.75,0.94,0.06,4.69,1.69,557.0,32.76,29.0,88.51,0.71,0.47,66.67,31.0,155.0,9.12,7.47,5.29,3.94,1.76,1.12,0.82,73.68,81.94,74.44,0.06,0.59,0.0,0.0,1.06,0.53,50.0,0.94,0.24,25.0,1.29,0.47,36.36,0.06,4.55
1208,1. SNL (SI),842079,Andrej Pogačar,A. Pogačar,2002-08-20,87.66,24.4,23.66,32,28,4,1620.0,57.86,50.96,88.09,2.0,0.36,4.42,1.79,1121.0,40.04,36.43,90.99,2.11,1.46,69.49,35.43,277.0,9.89,8.61,4.61,3.93,0.71,0.5,0.29,57.14,87.0,85.27,0.93,2.36,0.36,0.46,0.46,0.36,76.92,3.14,0.82,26.14,4.75,0.75,15.79,0.61,12.78
1208,1. SNL (SI),842083,Aljaz Strajnar,A. Strajnar,2007-08-16,95.55,25.83,26.4,5,3,2,111.0,37.0,24.67,66.66,0.33,0.0,3.33,2.7,78.0,26.0,17.67,67.95,0.0,0.0,,25.67,12.0,4.0,3.0,2.33,1.67,0.0,0.0,0.0,,75.0,71.43,0.0,0.0,0.0,0.0,0.0,0.0,,0.33,0.33,100.0,0.67,0.33,50.0,0.0,0.0
1208,1. SNL (SI),842087,Edvin Suljanovic,E. Suljanovic,2002-10-10,33.11,9.81,7.78,9,8,1,124.0,15.5,9.62,62.1,2.12,0.38,6.8,1.97,91.0,11.38,7.38,64.84,0.75,0.0,0.0,9.0,36.0,4.5,2.88,1.88,0.88,0.62,0.5,0.0,0.0,63.89,46.67,0.38,0.38,0.0,0.25,0.25,0.25,100.0,1.25,0.12,10.0,1.75,0.62,35.71,0.25,14.29
1208,1. SNL (SI),842089,Gašper Petek,G. Petek,2002-07-03,90.08,22.02,24.69,32,29,3,1187.0,40.93,33.38,81.55,0.86,0.03,3.88,1.68,807.0,27.83,24.45,87.86,0.24,0.14,57.14,26.07,186.0,6.41,5.41,3.14,2.59,0.52,0.14,0.1,75.0,84.41,82.42,0.03,0.1,0.07,0.0,0.59,0.31,52.94,0.34,0.0,0.0,0.66,0.31,47.37,0.03,5.26
1208,1. SNL (SI),842090,Mark Gulič,M. Gulič,1997-08-15,27.86,6.67,8.25,23,20,3,134.0,6.7,4.0,59.7,1.0,0.0,5.85,1.66,77.0,3.85,2.4,62.34,1.15,0.65,56.52,2.0,33.0,1.65,1.15,0.9,0.6,0.5,0.35,0.2,57.14,69.7,66.67,0.35,0.65,0.05,0.15,0.0,0.0,,1.35,0.25,18.52,2.25,0.5,22.22,0.4,17.78
1208,1. SNL (SI),842091,Žan Bešir,Ž. Bešir,2000-10-17,87.72,21.16,24.14,32,29,3,1167.0,40.24,28.34,70.44,2.79,0.28,4.92,1.49,754.0,26.0,19.52,75.07,2.24,1.03,46.15,18.86,241.0,8.31,5.59,4.55,2.48,1.59,1.14,0.52,45.46,67.22,54.54,1.17,2.38,0.38,0.52,0.66,0.24,36.84,3.72,0.66,17.59,5.86,1.03,17.65,0.66,11.18
1208,1. SNL (SI),842092,Alexander Stožinič,A. Stožinič,1999-10-27,96.66,26.68,26.01,4,3,1,181.0,60.33,49.0,81.22,1.33,0.0,3.93,1.68,135.0,45.0,39.67,88.14,0.33,0.0,0.0,43.33,29.0,9.67,8.0,4.33,3.67,0.67,0.0,0.0,,82.76,84.62,0.0,0.33,0.0,0.0,0.67,0.33,50.0,0.33,0.0,0.0,0.67,0.0,0.0,0.0,0.0
1208,1. SNL (SI),842094,Dusan Ignjatovic,D. Ignjatovic,2004-01-09,55.07,14.26,15.62,5,5,0,95.0,19.0,13.6,71.58,1.0,0.0,4.41,1.39,72.0,14.4,10.0,69.44,1.4,0.6,42.86,8.8,16.0,3.2,2.2,1.8,1.0,0.4,0.4,0.4,100.0,68.75,55.56,1.0,0.8,0.0,0.4,0.0,0.0,,3.0,0.6,20.0,4.8,0.8,16.67,0.0,0.0
1208,1. SNL (SI),842420,Alen Korošec,A. Korošec,2001-11-17,89.03,20.45,24.79,26,23,3,619.0,26.91,18.87,70.11,3.17,0.39,4.87,1.32,336.0,14.61,10.39,71.13,2.74,1.7,61.91,9.57,126.0,5.48,3.83,3.39,2.17,1.35,1.13,0.57,50.0,69.84,64.1,0.7,1.96,0.35,0.61,0.13,0.09,66.67,3.61,0.61,16.87,5.3,1.35,25.41,1.0,18.85
1208,1. SNL (SI),845919,Veljko Jelenković,V. Jelenković,2003-06-05,89.29,22.89,22.66,22,20,2,965.0,48.25,40.15,83.21,1.5,0.25,5.58,1.95,629.0,31.45,28.6,90.94,0.3,0.1,33.33,29.95,221.0,11.05,9.15,6.7,5.5,1.3,0.5,0.4,80.0,82.8,82.09,0.05,0.55,0.0,0.1,1.3,0.9,69.23,0.45,0.05,11.11,0.85,0.3,35.29,0.0,0.0
1208,1. SNL (SI),849267,Halifa Kujabi,H. Kujabi,2005-01-31,6.53,2.02,1.82,3,3,0,6.0,2.0,1.67,83.33,0.0,0.0,10.87,2.85,6.0,2.0,1.67,83.33,0.67,0.33,50.0,1.0,4.0,1.33,1.0,0.67,0.33,0.0,0.0,0.0,,75.0,50.0,0.0,0.0,0.0,0.0,0.0,0.0,,1.33,0.67,50.0,1.33,0.33,25.0,0.0,0.0
1208,1. SNL (SI),849268,Danylo Malov,D. Malov,2007-01-28,18.38,4.63,3.29,2,1,1,8.0,8.0,6.0,75.0,0.0,0.0,3.54,1.71,6.0,6.0,4.0,66.67,1.0,0.0,0.0,7.0,1.0,1.0,1.0,1.0,1.0,0.0,0.0,0.0,,100.0,100.0,0.0,1.0,0.0,0.0,0.0,0.0,,1.0,0.0,0.0,1.0,0.0,0.0,0.0,0.0
1208,1. SNL (SI),849617,Patrik Mohorović,P. Mohorović,1999-05-24,93.49,21.21,29.6,9,8,1,194.0,24.25,14.38,59.28,0.0,0.0,3.97,2.65,109.0,13.62,9.62,70.64,0.38,0.12,33.33,13.5,30.0,3.75,1.88,2.12,1.12,0.0,0.0,0.0,,50.0,52.94,0.0,0.0,0.0,0.0,0.0,0.0,,0.38,0.0,0.0,0.62,0.25,40.0,0.0,0.0
1208,1. SNL (SI),849620,Lovre Kulušić,L. Kulušić,2006-11-15,33.08,7.36,9.8,9,9,0,56.0,6.22,3.22,51.79,1.0,0.22,4.96,1.07,28.0,3.11,1.67,53.57,0.56,0.33,60.0,1.67,13.0,1.44,0.67,1.11,0.44,1.0,0.78,0.22,28.57,46.15,40.0,0.11,0.78,0.11,0.0,0.11,0.11,100.0,0.56,0.0,0.0,0.89,0.0,0.0,0.22,25.0
1208,1. SNL (SI),850986,Matic Zavnik,M. Zavnik,2000-03-10,37.09,8.93,10.26,28,25,3,295.0,11.8,6.92,58.64,1.48,0.2,6.6,1.8,174.0,6.96,4.2,60.34,0.96,0.32,33.33,4.68,85.0,3.4,1.84,2.0,1.04,0.48,0.28,0.12,42.86,54.12,52.0,0.68,1.28,0.08,0.24,0.28,0.12,42.86,1.44,0.2,13.89,2.52,0.56,22.22,0.32,12.7
1208,1. SNL (SI),850988,Andraž Ruedl,A. Ruedl,2004-01-20,50.38,14.93,11.92,24,20,4,329.0,16.45,9.0,54.71,2.2,0.65,7.07,1.96,231.0,11.55,6.9,59.74,1.6,0.85,53.13,8.45,102.0,5.1,2.7,3.5,1.65,0.95,0.85,0.3,35.29,52.94,47.14,0.35,1.1,0.6,1.1,0.5,0.2,40.0,2.45,0.35,14.29,4.25,1.0,23.53,0.8,18.82
1208,1. SNL (SI),850989,Nik Jermol,N. Jermol,1999-08-17,59.86,15.01,17.16,27,24,3,686.0,28.58,21.71,75.95,2.08,0.21,3.32,1.2,435.0,18.12,14.88,82.07,0.58,0.29,50.0,15.04,89.0,3.71,2.62,1.42,0.83,0.25,0.08,0.0,0.0,70.79,58.82,0.38,0.62,0.08,0.17,0.17,0.08,50.0,1.17,0.25,21.43,1.92,0.38,19.57,0.08,4.35
1208,1. SNL (SI),852577,Rene Hrvatin,R. Hrvatin,2006-12-08,68.6,15.94,22.37,15,14,1,350.0,25.0,14.21,56.86,2.36,0.14,6.49,1.78,231.0,16.5,10.79,65.37,1.29,0.64,50.0,14.43,92.0,6.57,3.5,4.93,2.71,1.71,1.57,0.64,40.91,53.26,55.07,0.21,2.5,0.5,0.93,0.71,0.43,60.0,1.79,0.43,24.0,3.36,1.43,42.55,0.71,21.28
1208,1. SNL (SI),864709,Marwann N'Zuzi,M. N'Zuzi,2004-05-16,73.66,16.4,24.2,30,27,3,702.0,26.0,15.33,58.97,2.15,0.26,7.31,2.09,427.0,15.81,10.33,65.34,1.33,0.26,19.44,13.37,223.0,8.26,4.37,5.07,2.81,1.89,1.26,0.52,41.18,52.91,55.47,0.22,1.78,0.37,0.67,0.41,0.15,36.36,1.89,0.19,9.8,2.89,0.85,29.49,0.44,15.38
1208,1. SNL (SI),868759,Kobi Bajc,K. Bajc,2007-06-07,29.32,6.12,5.34,1,1,0,6.0,6.0,1.0,16.67,1.0,0.0,2.25,0.8,2.0,2.0,0.0,0.0,0.0,0.0,,2.0,0.0,0.0,0.0,0.0,0.0,0.0,0.0,0.0,,,,1.0,0.0,1.0,0.0,0.0,0.0,,0.0,0.0,,0.0,0.0,,0.0,
1208,1. SNL (SI),883629,Mohamed Bamba,M. Bamba,2003-02-09,71.67,15.9,18.59,6,5,1,128.0,25.6,20.6,80.47,0.6,0.4,3.62,1.12,73.0,14.6,13.4,91.78,0.4,0.2,50.0,12.6,17.0,3.4,2.6,1.0,0.6,0.2,0.2,0.2,100.0,76.47,60.0,1.0,0.0,0.0,0.0,0.0,0.0,,0.8,0.0,0.0,1.2,0.2,16.67,0.0,0.0
1208,1. SNL (SI),887959,Kamil Manseri,K. Manseri,2001-06-12,70.06,19.79,16.43,16,13,3,343.0,26.38,13.54,51.31,4.46,0.31,8.61,2.08,237.0,18.23,9.54,52.32,2.77,1.23,44.44,13.92,134.0,10.31,4.85,6.92,2.62,1.92,1.54,0.54,35.0,47.01,37.78,0.85,2.23,0.38,3.15,1.38,0.77,55.56,4.08,0.23,5.66,6.0,1.62,26.92,1.15,19.23
1208,1. SNL (SI),889652,Elian Demirovič,E. Demirovič,2000-06-01,63.51,14.99,17.97,31,28,3,614.0,21.93,13.96,63.68,2.96,0.29,5.32,1.56,379.0,13.54,9.14,67.55,2.0,0.93,46.43,9.39,139.0,4.96,3.0,2.82,1.5,0.68,0.61,0.18,29.41,60.43,53.16,1.0,1.36,0.29,0.32,0.21,0.07,33.33,3.11,0.61,19.54,4.89,1.25,25.55,0.79,16.06
1208,1. SNL (SI),894700,Sule Wisdom Aondowase,S. Aondowase,2003-12-21,78.1,18.39,21.66,15,14,1,229.0,16.36,7.64,46.73,3.0,0.43,6.99,1.8,143.0,10.21,4.5,44.06,3.79,1.71,45.28,3.71,67.0,4.79,2.07,3.29,1.14,1.64,1.43,0.21,15.0,43.28,34.78,0.71,1.21,1.21,1.0,0.0,0.0,,4.21,0.43,10.17,7.14,1.93,27.0,1.29,18.0
1208,1. SNL (SI),894701,Omar El Manssouri,O. El Manssouri,2001-07-26,34.7,8.42,7.0,2,2,0,18.0,9.0,5.0,55.55,1.0,0.0,6.45,1.91,10.0,5.0,2.5,50.0,0.5,0.0,0.0,2.5,4.0,2.0,1.0,1.5,1.0,0.5,0.5,0.0,0.0,50.0,66.67,0.0,1.0,0.0,0.0,0.0,0.0,,0.5,0.0,0.0,0.5,0.0,0.0,0.0,0.0
1208,1. SNL (SI),894702,Petar Petriško,P. Petriško,2002-05-11,37.41,9.13,9.75,15,14,1,231.0,16.5,11.71,71.0,2.29,0.43,7.17,2.2,146.0,10.43,7.86,75.34,1.86,1.0,53.85,7.14,76.0,5.43,4.29,2.29,1.79,0.71,0.5,0.29,57.14,78.95,78.13,0.36,1.21,0.5,0.79,0.57,0.43,75.0,2.71,0.79,28.95,3.79,0.71,18.87,0.79,20.76
1208,1. SNL (SI),894707,Omar Kočar,O. Kočar,2001-06-06,62.71,15.42,17.4,26,21,5,629.0,29.95,24.19,80.76,0.95,0.14,4.44,1.51,376.0,17.9,15.14,84.58,0.76,0.43,56.25,15.43,119.0,5.67,4.76,3.19,2.76,0.52,0.24,0.24,100.0,84.03,86.57,0.38,1.05,0.0,0.14,0.29,0.1,33.33,1.24,0.05,3.85,1.95,0.52,26.83,0.05,2.44
1208,1. SNL (SI),894708,Aljaž Zalaznik,A. Zalaznik,2005-12-12,30.16,7.36,7.75,12,9,3,93.0,10.33,7.56,73.12,0.78,0.0,6.79,1.99,55.0,6.11,4.67,76.37,0.33,0.22,66.67,4.89,33.0,3.67,3.0,1.78,1.33,0.33,0.22,0.11,50.0,81.82,75.0,0.11,1.11,0.0,0.33,0.22,0.0,0.0,0.89,0.22,25.0,1.33,0.44,33.34,0.22,16.67
1208,1. SNL (SI),894709,Nikola Burić,N. Burić,1996-10-01,29.52,6.86,7.94,3,2,1,12.0,6.0,3.5,58.33,0.5,0.5,5.88,1.77,8.0,4.0,3.0,75.0,0.5,0.0,0.0,2.5,3.0,1.5,1.0,1.0,0.5,0.5,0.5,0.0,0.0,66.67,50.0,0.0,1.0,0.5,0.0,0.0,0.0,,1.0,0.5,50.0,1.0,0.5,50.0,0.5,50.0
1208,1. SNL (SI),894710,Nal Lan Koren,N. Lan Koren,2006-06-21,42.59,11.1,12.42,13,12,1,127.0,10.58,5.58,52.76,1.67,0.0,5.71,1.65,89.0,7.42,3.75,50.56,1.5,0.67,44.44,4.67,35.0,2.92,1.5,1.67,0.67,0.42,0.42,0.08,20.0,51.43,40.0,0.5,1.42,0.42,0.83,0.42,0.33,80.0,2.17,0.25,11.54,3.08,0.58,18.92,0.67,21.62
1208,1. SNL (SI),905062,Gal Kranjcic,G. Kranjcic,2006-02-12,54.86,12.41,15.65,14,13,1,248.0,19.08,12.0,62.9,2.38,0.15,5.7,1.58,156.0,12.0,7.54,62.82,1.62,0.69,42.86,9.0,55.0,4.23,2.62,2.23,1.23,1.15,0.69,0.31,44.45,61.82,55.17,0.92,0.92,0.31,0.38,0.31,0.15,50.0,2.38,0.31,12.9,3.69,0.69,18.75,0.62,16.67
1208,1. SNL (SI),905069,Žan Petrovič,Ž. Petrovič,2007-02-26,71.79,17.13,20.11,29,25,4,606.0,24.24,15.52,64.03,1.76,0.12,4.32,1.54,387.0,15.48,10.64,68.73,1.16,0.6,51.72,14.04,118.0,4.72,3.08,2.32,1.56,0.6,0.48,0.28,58.33,65.25,67.24,0.0,1.72,0.16,0.36,0.32,0.04,12.5,1.52,0.12,7.89,2.92,0.72,24.66,0.56,19.18
1208,1. SNL (SI),905070,Lan Jovanović,L. Jovanović,2006-03-14,54.06,10.97,17.97,2,2,0,21.0,10.5,6.5,61.9,0.0,0.0,4.42,3.1,8.0,4.0,3.0,75.0,0.0,0.0,,4.0,3.0,1.5,0.5,0.5,0.0,0.0,0.0,0.0,,33.33,0.0,0.0,0.0,0.0,0.0,0.0,0.0,,0.0,0.0,,0.0,0.0,,0.0,
1208,1. SNL (SI),905072,Mark Kerin,M. Kerin,2007-06-06,20.72,4.04,6.46,1,1,0,7.0,7.0,6.0,85.71,0.0,0.0,4.04,1.7,3.0,3.0,3.0,100.0,0.0,0.0,,3.0,1.0,1.0,1.0,0.0,0.0,1.0,0.0,0.0,,100.0,,0.0,0.0,0.0,0.0,0.0,0.0,,0.0,0.0,,0.0,0.0,,0.0,
1208,1. SNL (SI),908032,Kenan Kurtovic,K. Kurtovic,2007-01-01,58.31,12.84,16.09,16,14,2,166.0,11.86,6.5,54.82,3.0,0.43,6.64,1.71,98.0,7.0,3.71,53.06,2.07,0.93,44.83,3.07,53.0,3.79,2.07,2.14,0.79,0.86,0.64,0.14,22.22,54.72,36.67,1.0,0.79,0.64,0.29,0.0,0.0,,2.64,0.43,16.22,4.43,0.86,19.36,1.0,22.58
1208,1. SNL (SI),910223,Hamza Ljukovac,H. Ljukovac,2005-03-04,48.41,12.41,13.56,4,4,0,60.0,15.0,8.0,53.33,1.0,0.0,7.95,2.04,39.0,9.75,5.5,56.41,2.0,1.25,62.5,8.25,22.0,5.5,1.75,3.75,1.0,1.0,1.0,0.25,25.0,31.82,26.67,0.25,1.25,0.0,0.75,0.25,0.0,0.0,2.25,0.25,11.11,3.25,0.5,15.38,0.0,0.0
1208,1. SNL (SI),919559,Marat Žlibanović,M. Žlibanović,2005-01-07,20.85,5.44,7.56,1,1,0,8.0,8.0,4.0,50.0,0.0,0.0,4.59,1.68,3.0,3.0,2.0,66.67,0.0,0.0,,4.0,1.0,1.0,1.0,1.0,1.0,1.0,1.0,1.0,100.0,100.0,100.0,0.0,1.0,0.0,0.0,0.0,0.0,,0.0,0.0,,0.0,0.0,,0.0,
1208,1. SNL (SI),942123,Brown Irabor,B. Irabor,2004-03-30,47.05,12.13,11.32,8,6,2,66.0,11.0,6.67,60.61,2.0,0.33,7.55,1.94,38.0,6.33,4.0,63.16,1.33,1.0,75.0,3.0,24.0,4.0,2.17,3.0,1.33,1.17,1.17,0.33,28.57,54.17,44.44,0.17,1.17,0.83,0.67,0.17,0.17,100.0,2.0,0.5,25.0,4.0,0.83,20.83,1.33,33.33
1208,1. SNL (SI),943107,Sandro Zukić,S. Zukić,2000-08-02,51.52,12.25,15.43,2,2,0,30.0,15.0,9.0,60.0,1.0,0.0,3.31,1.23,22.0,11.0,7.5,68.18,1.5,0.5,33.33,10.0,3.0,1.5,0.0,0.5,0.0,0.5,0.0,0.0,,0.0,0.0,0.0,0.0,0.5,0.0,0.0,0.0,,2.0,0.5,25.0,2.5,0.5,20.0,0.5,20.0
1208,1. SNL (SI),944397,Roman Pasevich,R. Pasevich,1999-11-28,27.3,7.02,6.51,9,9,0,97.0,10.78,5.78,53.61,0.89,0.11,7.82,2.19,54.0,6.0,3.0,50.0,0.78,0.22,28.57,4.0,36.0,4.0,1.78,1.89,0.78,0.78,0.56,0.11,20.0,44.44,41.18,0.0,0.33,0.33,0.44,0.33,0.0,0.0,1.11,0.33,30.0,2.44,0.44,18.18,0.22,9.09
1208,1. SNL (SI),946289,Fallou Faye,F. Faye,2005-11-29,83.04,18.61,25.85,29,27,2,892.0,33.04,23.11,69.96,2.59,0.37,4.8,1.39,486.0,18.0,13.74,76.34,1.11,0.67,60.0,13.19,185.0,6.85,4.44,2.93,1.44,1.52,0.93,0.44,48.0,64.87,49.37,0.7,1.56,0.11,0.48,0.19,0.07,40.0,1.74,0.19,10.64,3.48,0.93,26.6,0.37,10.64
1208,1. SNL (SI),947672,Robert Čaks,R. Čaks,2001-01-31,12.04,3.25,2.94,2,2,0,6.0,3.0,1.5,50.0,0.5,0.0,4.79,1.83,1.0,0.5,0.0,0.0,0.5,0.0,0.0,0.0,1.0,0.5,0.0,0.5,0.0,0.0,0.0,0.0,,0.0,0.0,0.5,0.0,0.5,0.0,0.0,0.0,,0.5,0.0,0.0,0.5,0.0,0.0,0.5,100.0
1208,1. SNL (SI),947673,Niksa  Vujcić,N. Vujcić,1998-09-25,94.36,19.97,28.35,10,10,0,370.0,37.0,29.5,79.73,1.0,0.1,3.75,1.45,227.0,22.7,19.7,86.78,0.3,0.2,66.67,21.5,54.0,5.4,4.0,3.0,2.5,0.7,0.4,0.3,75.0,74.07,83.33,0.1,0.2,0.0,0.0,0.6,0.4,66.67,0.5,0.1,20.0,0.9,0.4,44.44,0.0,0.0
1208,1. SNL (SI),959227,Tanej Handanovic,T. Handanovic,2008-08-24,,,,1,0,1,,,,,,,,,,,,,,,,,,,,,,,,,,,,,,,,,,,,,,,,,,
1208,1. SNL (SI),959229,Nejc Viher,N. Viher,2008-02-13,74.07,19.16,17.16,30,27,3,634.0,23.48,18.0,76.66,1.48,0.15,2.94,1.09,353.0,13.07,11.0,84.14,0.93,0.59,64.0,10.07,62.0,2.3,1.96,0.74,0.59,0.3,0.07,0.04,50.0,85.48,80.0,0.48,1.22,0.07,0.11,0.0,0.0,,1.7,0.22,13.04,2.41,0.33,13.85,0.19,7.69
1208,1. SNL (SI),961516,Luka Mlakar,L. Mlakar,2006-04-27,70.4,16.39,20.75,15,14,1,203.0,14.5,7.07,48.77,3.29,0.14,5.88,1.42,117.0,8.36,3.93,47.01,2.43,0.86,35.29,3.71,50.0,3.57,1.21,2.43,0.79,1.43,1.21,0.43,35.29,34.0,32.35,0.5,1.21,0.5,0.79,0.21,0.07,33.33,2.86,0.14,5.0,4.5,0.86,19.05,1.29,28.57
1208,1. SNL (SI),970404,Vid Chinoso Ugwaegbunam Juvancic,V. Juvancic,2008-10-22,37.16,10.61,9.41,12,11,1,133.0,12.09,6.73,55.64,0.82,0.0,6.98,2.12,94.0,8.55,4.73,55.32,0.82,0.36,44.44,6.73,45.0,4.09,2.0,2.73,1.18,0.36,0.27,0.18,66.67,48.89,43.33,0.55,0.91,0.36,0.45,0.45,0.18,40.0,1.18,0.27,23.08,2.18,0.36,16.67,0.09,4.17
1208,1. SNL (SI),970435,Bine Anzelj,B. Anzelj,2006-10-09,59.76,14.21,16.83,13,12,1,261.0,21.75,17.0,78.16,0.17,0.08,3.14,1.25,174.0,14.5,12.75,87.93,0.25,0.08,33.33,14.0,28.0,2.33,1.92,1.33,1.08,0.17,0.08,0.0,0.0,82.14,81.25,0.0,0.0,0.0,0.0,0.33,0.17,50.0,0.33,0.0,0.0,0.42,0.0,0.0,0.08,20.0
1208,1. SNL (SI),970615,Rok Kopatin,R. Kopatin,2006-07-25,11.4,2.48,3.8,9,8,1,18.0,2.25,1.38,61.11,0.38,0.12,7.88,1.74,13.0,1.62,1.12,69.23,0.5,0.25,50.0,0.88,4.0,0.5,0.38,0.38,0.25,0.12,0.12,0.12,100.0,75.0,66.67,0.12,0.25,0.0,0.12,0.12,0.0,0.0,0.5,0.0,0.0,0.88,0.0,0.0,0.0,0.0
1208,1. SNL (SI),976077,Konstantinos  Tsogas,K. Tsogas,2001-11-09,97.25,16.85,32.56,2,2,0,21.0,10.5,5.0,47.62,0.0,0.0,6.0,4.19,8.0,4.0,2.5,62.5,0.5,0.5,100.0,3.5,8.0,4.0,1.0,3.0,0.5,0.0,0.0,0.0,,25.0,16.67,0.0,0.0,0.0,0.0,0.0,0.0,,0.5,0.0,0.0,0.5,0.5,100.0,0.0,0.0
1208,1. SNL (SI),976082,Ioannis Alexandrakis,I. Alexandrakis,2002-07-06,15.86,3.69,2.46,2,2,0,3.0,1.5,0.5,33.33,0.0,0.0,6.17,1.63,1.0,0.5,0.0,0.0,0.5,0.0,0.0,0.0,1.0,0.5,0.0,0.0,0.0,0.0,0.0,0.0,,0.0,,0.0,0.0,0.0,0.0,0.0,0.0,,0.5,0.0,0.0,0.5,0.0,0.0,0.0,0.0
1208,1. SNL (SI),976209,Dejan Kantužer,D. Kantužer,2003-06-02,57.67,13.64,16.69,13,11,2,230.0,20.91,15.0,71.74,0.64,0.0,5.46,1.48,128.0,11.64,9.18,78.91,0.64,0.18,28.57,9.45,58.0,5.27,3.64,2.09,1.18,1.36,0.55,0.18,33.33,68.97,56.52,0.09,0.91,0.0,0.18,0.18,0.09,50.0,1.36,0.18,13.33,2.36,0.55,23.08,0.09,3.85
1208,1. SNL (SI),988858,Matej Henjak,M. Henjak,2008-07-25,43.17,13.01,12.69,3,3,0,76.0,25.33,23.0,90.79,0.0,0.0,4.15,1.82,55.0,18.33,18.0,98.18,0.0,0.0,,17.67,10.0,3.33,3.33,3.0,3.0,0.0,0.0,0.0,,100.0,100.0,0.0,0.33,0.0,0.0,0.0,0.0,,0.33,0.0,0.0,0.33,0.33,100.0,0.0,0.0
1208,1. SNL (SI),989103,Žiga Fermišek,Ž. Fermišek,2002-03-20,96.8,19.95,28.66,5,4,1,88.0,22.0,12.0,54.55,0.25,0.0,3.64,2.27,52.0,13.0,8.5,65.38,0.0,0.0,,12.75,10.0,2.5,2.0,1.5,1.0,0.0,0.0,0.0,,80.0,66.67,0.0,0.0,0.0,0.0,0.0,0.0,,0.0,0.0,,0.25,0.0,0.0,0.0,0.0
1208,1. SNL (SI),989120,Federico Fitz Anthony Rose,F. Rose,2004-08-07,73.34,15.86,20.78,12,9,3,140.0,15.56,8.0,51.43,3.56,0.67,4.86,1.47,72.0,8.0,4.22,52.78,2.56,0.89,34.78,2.89,29.0,3.22,1.89,1.56,0.67,1.11,0.67,0.44,66.67,58.62,42.86,0.78,1.0,0.56,0.56,0.11,0.0,0.0,3.56,0.56,15.62,5.22,0.67,12.77,1.11,21.28
1208,1. SNL (SI),990610,Ilann Petrisot,I. Petrisot,2004-09-14,24.63,7.62,5.44,7,6,1,49.0,8.17,3.83,46.94,0.5,0.0,11.01,2.9,36.0,6.0,2.67,44.45,1.17,0.5,42.86,4.67,23.0,3.83,1.33,2.33,0.33,0.83,0.83,0.0,0.0,34.78,14.29,0.17,0.83,0.17,0.83,0.17,0.0,0.0,1.17,0.17,14.29,2.17,1.0,46.15,0.33,15.38
1208,1. SNL (SI),992191,Jaša Martinčič,J. Martinčič,2001-11-06,51.95,14.3,13.82,25,23,2,325.0,14.13,8.3,58.77,2.43,0.48,6.99,1.7,209.0,9.09,5.39,59.33,1.52,0.74,48.57,6.52,98.0,4.26,2.26,2.74,1.35,1.7,1.13,0.48,42.31,53.06,49.21,0.61,1.57,0.61,0.61,0.17,0.09,50.0,2.0,0.39,19.56,3.61,0.57,15.66,0.74,20.48
1208,1. SNL (SI),994339,Miha Schaubach,M. Schaubach,2007-01-01,21.1,4.99,6.89,1,1,0,6.0,6.0,3.0,50.0,1.0,0.0,5.02,1.37,2.0,2.0,1.0,50.0,0.0,0.0,,2.0,1.0,1.0,0.0,0.0,0.0,0.0,0.0,0.0,,0.0,,0.0,1.0,0.0,0.0,0.0,0.0,,0.0,0.0,,0.0,0.0,,0.0,
1208,1. SNL (SI),998399,Jean-Pierre Longonda Itamba Mboyo,J. Longonda,2002-02-09,78.64,21.62,18.64,30,25,5,1060.0,42.4,32.56,76.79,2.48,0.32,5.05,1.64,723.0,28.92,23.32,80.64,1.72,0.84,48.84,23.48,225.0,9.0,6.0,4.68,2.72,0.96,0.8,0.24,30.0,66.67,58.12,1.08,2.44,0.12,0.96,0.44,0.16,36.36,3.16,0.32,10.13,4.92,1.24,25.2,0.52,10.57
1208,1. SNL (SI),998418,Mark Šerbec ,M. Šerbec,2006-06-20,14.38,2.79,3.48,4,3,1,11.0,3.67,2.67,72.73,0.33,0.0,2.1,0.48,5.0,1.67,1.33,80.0,0.33,0.33,100.0,1.0,1.0,0.33,0.33,0.33,0.33,0.0,0.0,0.0,,100.0,100.0,0.0,0.67,0.0,0.0,0.0,0.0,,0.67,0.0,0.0,0.67,0.0,0.0,0.0,0.0
1208,1. SNL (SI),1000076,Jakov Pranjic,J. Pranjic,2001-01-13,46.79,14.91,10.73,15,13,2,172.0,13.23,8.54,64.54,1.77,0.08,12.07,3.05,133.0,10.23,7.23,70.68,0.54,0.31,57.14,8.08,86.0,6.62,4.46,3.69,2.23,0.85,0.77,0.31,40.0,67.44,60.42,0.15,1.69,0.15,0.85,0.77,0.62,80.0,1.08,0.08,7.14,2.08,0.38,18.52,0.54,25.93
1208,1. SNL (SI),1000358,Jan Jurgec,J. Jurgec,2007-03-13,71.09,25.36,18.58,2,2,0,92.0,46.0,40.5,88.04,0.5,0.0,3.26,1.4,76.0,38.0,36.0,94.74,0.0,0.0,,30.5,9.0,4.5,3.5,2.0,1.5,0.0,0.0,0.0,,77.78,75.0,0.0,1.0,0.0,0.5,0.5,0.5,100.0,0.0,0.0,,2.0,0.5,25.0,0.0,0.0
1208,1. SNL (SI),1000821,Faad Sana,F. Sana,2003-04-15,89.42,21.0,25.17,27,22,5,809.0,36.77,25.14,68.36,2.18,0.36,5.85,1.79,483.0,21.95,15.59,71.01,2.27,0.86,38.0,19.68,212.0,9.64,6.41,4.77,2.95,1.68,1.0,0.36,36.36,66.51,61.9,0.09,2.55,0.27,0.27,0.27,0.14,50.0,3.14,0.36,11.59,4.64,1.14,24.51,0.36,7.84
1208,1. SNL (SI),1000822,David Stojanoski,D. Stojanoski,2007-03-20,53.36,12.95,17.72,3,3,0,65.0,21.67,17.33,80.0,0.67,0.67,3.34,1.34,39.0,13.0,11.0,84.62,0.33,0.33,100.0,11.67,8.0,2.67,2.33,0.67,0.67,0.67,0.0,0.0,,87.5,100.0,0.0,0.0,0.0,0.0,0.33,0.33,100.0,0.33,0.0,0.0,1.33,0.33,25.0,0.33,25.0
1208,1. SNL (SI),1002866,Stijan Gobec,S. Gobec,2008-12-18,6.96,2.38,1.86,1,1,0,3.0,3.0,1.0,33.33,1.0,0.0,4.92,1.47,3.0,3.0,1.0,33.33,0.0,0.0,,3.0,1.0,1.0,0.0,1.0,0.0,0.0,0.0,0.0,,0.0,0.0,0.0,0.0,0.0,1.0,0.0,0.0,,0.0,0.0,,1.0,1.0,100.0,0.0,0.0
1208,1. SNL (SI),1003557,Papa Mustapha Daniel,P. Daniel,2002-01-01,48.83,15.81,11.08,21,20,1,724.0,36.2,32.15,88.81,1.2,0.35,2.99,1.25,551.0,27.55,24.9,90.38,0.25,0.15,60.0,23.75,69.0,3.45,3.1,0.7,0.6,0.1,0.0,0.0,,89.85,85.71,0.65,0.2,0.05,0.0,0.1,0.0,0.0,0.85,0.1,11.76,1.6,0.05,3.12,0.05,3.12
1208,1. SNL (SI),1004291,Matej Dvorsak,M. Dvorsak,2005-01-24,25.86,5.46,7.36,4,4,0,21.0,5.25,3.25,61.91,0.75,0.0,4.19,1.49,10.0,2.5,2.0,80.0,0.0,0.0,,2.25,4.0,1.0,0.5,0.25,0.25,0.0,0.0,0.0,,50.0,100.0,0.0,0.25,0.25,0.0,0.0,0.0,,0.0,0.0,,0.0,0.0,,0.0,
1208,1. SNL (SI),1008116,Jose Martin Ribeiro,Jose Martin,2003-04-05,17.2,3.98,4.17,2,2,0,14.0,7.0,5.0,71.42,0.0,0.0,4.37,1.44,11.0,5.5,3.5,63.63,1.0,0.5,50.0,4.5,3.0,1.5,0.5,0.5,0.0,0.0,0.0,0.0,,33.33,0.0,0.0,1.5,0.0,0.0,0.5,0.0,0.0,1.5,0.0,0.0,1.5,0.0,0.0,0.0,0.0
1208,1. SNL (SI),1008958,Luka Kušić,L. Kušić,2008-01-01,44.46,11.64,12.3,25,21,4,245.0,11.67,6.62,56.73,1.05,0.19,4.4,1.31,153.0,7.29,4.29,58.82,1.0,0.43,42.86,4.81,47.0,2.24,1.0,0.81,0.24,0.43,0.1,0.0,0.0,44.68,29.41,0.33,0.76,0.19,0.05,0.05,0.0,0.0,1.67,0.05,2.86,2.43,0.0,0.0,0.24,9.8
1208,1. SNL (SI),1008959,Florijan Mežnar,F. Mežnar,2008-08-14,38.71,8.66,11.94,10,9,1,48.0,5.33,1.33,25.0,0.89,0.33,3.63,1.06,27.0,3.0,1.0,33.33,0.78,0.11,14.29,1.11,6.0,0.67,0.0,0.44,0.0,0.22,0.22,0.0,0.0,0.0,0.0,0.78,0.0,0.11,0.22,0.0,0.0,,1.0,0.0,0.0,1.78,0.11,6.25,0.33,18.75
1208,1. SNL (SI),1009456,Jan Kovačič,J. Kovačič,2008-12-23,43.1,9.74,12.65,13,12,1,185.0,15.42,11.17,72.43,1.08,0.17,3.98,1.37,123.0,10.25,7.42,72.36,0.58,0.25,42.86,8.17,31.0,2.58,1.58,1.33,0.67,0.67,0.42,0.25,60.0,61.29,50.0,0.42,0.33,0.08,0.08,0.25,0.08,33.33,0.92,0.0,0.0,1.67,0.42,25.0,0.33,20.0
1208,1. SNL (SI),1009888,Faris Dzevahiric,F. Dzevahiric,2007-03-16,29.15,9.68,8.01,2,2,0,12.0,6.0,4.5,75.0,0.0,0.0,5.6,1.47,6.0,3.0,2.5,83.33,0.0,0.0,,2.0,2.0,1.0,1.0,0.5,0.5,0.0,0.0,0.0,,100.0,100.0,0.0,1.0,0.0,0.0,0.0,0.0,,0.0,0.0,,0.5,0.5,100.0,0.0,0.0
1208,1. SNL (SI),1018039,Florjan  Jevsenak,F. Jevsenak,2005-04-06,66.02,22.85,13.87,24,24,0,807.0,33.62,26.62,79.18,2.42,0.21,5.02,1.77,613.0,25.54,21.33,83.52,1.38,0.83,60.61,20.88,162.0,6.75,5.42,3.12,2.38,0.46,0.29,0.21,71.43,80.25,76.0,1.33,1.54,0.08,0.38,0.71,0.5,70.59,1.88,0.38,20.0,3.33,0.5,15.0,0.29,8.75
1208,1. SNL (SI),1018379,Samo Sečkar,S. Sečkar,2007-01-01,87.36,18.94,23.45,1,1,0,32.0,32.0,24.0,75.0,1.0,0.0,3.98,1.35,20.0,20.0,16.0,80.0,0.0,0.0,,18.0,3.0,3.0,2.0,2.0,1.0,1.0,1.0,1.0,100.0,66.67,50.0,0.0,1.0,0.0,0.0,1.0,0.0,0.0,0.0,0.0,,0.0,0.0,,0.0,
1208,1. SNL (SI),1018380,Mark Antonij Intihar,M. Intihar,2007-01-12,13.71,4.08,4.03,3,2,1,11.0,5.5,4.0,72.73,0.5,0.0,7.46,2.14,9.0,4.5,3.5,77.78,0.0,0.0,,3.5,5.0,2.5,2.0,0.0,0.0,0.5,0.0,0.0,,80.0,,0.0,1.0,0.0,0.0,0.0,0.0,,0.5,0.0,0.0,0.5,0.0,0.0,0.0,0.0
1208,1. SNL (SI),1018381,Blaž Kovač,B. Kovač,2009-07-07,35.87,9.02,9.4,4,3,1,45.0,15.0,11.67,77.78,0.33,0.0,4.33,1.43,28.0,9.33,8.33,89.28,0.0,0.0,,9.67,6.0,2.0,1.0,1.0,0.67,0.0,0.0,0.0,,50.0,66.67,0.0,0.0,0.0,0.0,0.33,0.0,0.0,0.33,0.0,0.0,0.67,0.0,0.0,0.0,0.0
1208,1. SNL (SI),1018382,Nejc Dermastija,N. Dermastija,2004-02-20,96.32,22.92,26.72,21,19,2,429.0,22.58,14.58,64.57,0.0,0.0,3.25,2.3,267.0,14.05,9.53,67.79,0.05,0.0,0.0,13.79,49.0,2.58,1.37,1.42,0.74,0.0,0.0,0.0,,53.06,51.85,0.0,0.0,0.0,0.0,0.16,0.16,100.0,0.37,0.05,14.29,0.74,0.05,7.14,0.0,0.0
1208,1. SNL (SI),1018383,Mai Kolbl,M. Kolbl,2007-01-01,24.76,5.28,6.92,2,2,0,18.0,9.0,8.0,88.89,1.0,0.0,2.85,0.98,8.0,4.0,4.0,100.0,0.5,0.5,100.0,4.0,2.0,1.0,1.0,0.5,0.5,0.0,0.0,0.0,,100.0,100.0,0.0,1.0,0.0,0.0,0.0,0.0,,0.5,0.0,0.0,0.5,0.5,100.0,0.0,0.0
1208,1. SNL (SI),1018384,Jon Ficko,J. Ficko,2004-01-27,72.82,17.66,20.93,28,25,3,590.0,23.6,16.52,70.0,1.8,0.12,4.27,1.25,333.0,13.32,9.72,72.97,1.44,0.64,44.44,8.48,116.0,4.64,3.04,2.4,1.48,0.92,0.64,0.28,43.75,65.52,61.67,0.92,1.0,0.28,0.44,0.24,0.12,50.0,2.36,0.28,11.86,3.92,0.56,14.29,0.44,11.22
1208,1. SNL (SI),1018386,Jakob Raspet,J. Raspet,2007-08-05,15.62,2.11,4.5,3,3,0,6.0,2.0,0.33,16.67,0.0,0.0,1.7,0.52,2.0,0.67,0.33,50.0,0.0,0.0,,0.0,0.0,0.0,0.0,0.0,0.0,0.0,0.0,0.0,,,,0.0,0.0,0.0,0.0,0.0,0.0,,0.0,0.0,,0.0,0.0,,0.0,
1208,1. SNL (SI),1018557,Jasa Kraševec,J. Kraševec,2007-01-01,95.82,18.3,33.68,1,1,0,18.0,18.0,12.0,66.67,2.0,0.0,2.69,1.17,12.0,12.0,8.0,66.67,1.0,0.0,0.0,11.0,2.0,2.0,2.0,0.0,0.0,0.0,0.0,0.0,,100.0,,0.0,1.0,0.0,0.0,0.0,0.0,,2.0,0.0,0.0,2.0,1.0,50.0,0.0,0.0
1208,1. SNL (SI),1018975,Aleksandar Zeljković,A. Zeljković,1999-07-04,90.47,22.0,24.73,27,23,4,867.0,37.7,31.13,82.58,0.65,0.13,3.33,1.47,594.0,25.83,23.78,92.09,0.39,0.17,44.44,25.0,104.0,4.52,4.04,2.04,1.91,0.3,0.04,0.04,100.0,89.42,93.62,0.0,0.04,0.0,0.0,0.04,0.04,100.0,0.39,0.0,0.0,0.48,0.04,9.09,0.13,27.27
1208,1. SNL (SI),1019070,Hanan Durakovic,H. Durakovic,2005-04-16,5.12,1.52,1.3,5,4,1,19.0,4.75,3.75,78.95,0.0,0.0,3.28,1.42,15.0,3.75,3.0,80.0,0.0,0.0,,3.5,1.0,0.25,0.25,0.0,0.0,0.0,0.0,0.0,,100.0,,0.0,0.25,0.0,0.0,0.25,0.25,100.0,0.0,0.0,,0.25,0.0,0.0,0.0,0.0
1208,1. SNL (SI),1019071,Tomislav Jagić,T. Jagić,1997-05-29,76.65,17.95,21.18,23,18,5,472.0,26.22,18.67,71.19,1.89,0.17,5.34,1.54,268.0,14.89,11.5,77.24,0.89,0.61,68.75,11.89,102.0,5.67,3.83,2.33,1.33,1.5,0.67,0.28,41.67,67.65,57.14,0.61,1.0,0.0,0.67,0.39,0.22,57.14,1.56,0.17,10.71,2.67,0.61,22.92,0.39,14.58
1208,1. SNL (SI),1019072,Enej Klampfer,E. Klampfer,2004-05-03,89.44,24.81,24.17,28,25,3,1060.0,42.4,34.24,80.75,0.8,0.08,4.76,1.51,770.0,30.8,26.32,85.46,0.64,0.36,56.25,29.84,213.0,8.52,6.24,4.96,3.4,1.32,0.6,0.32,53.33,73.24,68.55,0.08,0.56,0.0,0.04,1.08,0.56,51.85,0.92,0.12,13.04,1.36,0.68,50.0,0.0,0.0
1208,1. SNL (SI),1019074,Simon Rogina,S. Rogina,2001-03-26,34.34,9.77,8.63,12,10,2,139.0,13.9,8.9,64.03,0.7,0.1,5.35,1.64,91.0,9.1,6.5,71.43,0.8,0.1,12.5,7.0,36.0,3.6,2.5,1.8,1.1,0.4,0.2,0.1,50.0,69.44,61.11,0.6,1.1,0.1,0.2,0.3,0.1,33.33,1.2,0.0,0.0,2.4,0.6,25.0,0.4,16.67
1208,1. SNL (SI),1019075,Rok Schaubach,R. Schaubach,2004-10-04,88.1,20.76,24.28,27,24,3,928.0,38.67,29.17,75.43,1.04,0.17,4.57,1.47,574.0,23.92,20.04,83.8,0.92,0.58,63.64,23.0,169.0,7.04,4.83,3.92,2.96,1.25,0.67,0.38,56.25,68.64,75.53,0.08,0.75,0.04,0.08,0.71,0.33,47.06,1.12,0.08,7.41,1.46,0.38,25.71,0.04,2.86
1208,1. SNL (SI),1019078,Adriano Bloudek,A. Bloudek,2003-10-24,40.47,9.96,11.68,29,23,6,240.0,10.43,5.0,47.92,1.91,0.39,5.25,1.43,129.0,5.61,2.83,50.39,1.39,0.57,40.63,3.04,56.0,2.43,1.17,1.48,0.52,0.48,0.43,0.09,20.0,48.21,35.29,0.48,0.74,0.22,0.39,0.04,0.0,0.0,1.87,0.17,9.3,3.09,0.48,15.49,0.52,16.9
1208,1. SNL (SI),1019079,Domen Zajšek,D. Zajšek,2003-04-06,65.95,13.62,19.75,7,6,1,159.0,26.5,20.33,76.73,0.67,0.0,3.43,1.39,104.0,17.33,14.5,83.65,0.33,0.17,50.0,17.0,17.0,2.83,1.33,1.0,0.67,0.5,0.0,0.0,,47.06,66.67,0.0,0.17,0.0,0.17,0.67,0.17,25.0,0.5,0.17,33.33,0.67,0.33,50.0,0.0,0.0
1208,1. SNL (SI),1019080,Andreja Stamenkovic,A. Stamenkovic,2006-06-28,26.45,5.91,6.96,5,4,1,23.0,5.75,2.5,43.48,1.5,0.0,2.75,0.82,14.0,3.5,1.25,35.71,0.5,0.0,0.0,2.5,4.0,1.0,0.25,0.5,0.0,0.0,0.0,0.0,,25.0,0.0,0.25,0.25,0.0,0.25,0.0,0.0,,0.75,0.0,0.0,1.25,0.0,0.0,0.5,40.0
1208,1. SNL (SI),1019081,Marko Simonič,M. Simonič,2005-06-21,75.3,18.46,20.94,26,22,4,615.0,27.95,20.45,73.17,1.77,0.09,3.65,1.23,380.0,17.27,13.0,75.26,0.82,0.27,33.33,13.32,86.0,3.91,2.82,1.73,1.23,0.77,0.32,0.27,85.71,72.09,71.05,0.95,0.64,0.09,0.27,0.36,0.14,37.5,1.36,0.14,10.0,2.5,0.27,10.91,0.18,7.27
1208,1. SNL (SI),1019084,Milan Šikanjić,M. Šikanjić,2000-01-03,23.32,3.73,4.96,3,2,1,10.0,5.0,1.5,30.0,1.0,0.0,7.52,2.45,5.0,2.5,0.5,20.0,0.5,0.0,0.0,1.5,4.0,2.0,1.0,0.5,0.5,0.5,0.5,0.5,100.0,50.0,100.0,0.0,0.0,1.0,0.0,0.0,0.0,,0.5,0.0,0.0,2.5,0.5,20.0,0.5,20.0
1208,1. SNL (SI),1020042,Job Brecelj,J. Brecelj,2007-03-18,7.12,2.21,0.62,1,1,0,8.0,8.0,5.0,62.5,2.0,1.0,4.94,1.64,3.0,3.0,2.0,66.67,0.0,0.0,,2.0,2.0,2.0,1.0,0.0,0.0,0.0,0.0,0.0,,50.0,,0.0,2.0,0.0,0.0,0.0,0.0,,1.0,1.0,100.0,1.0,0.0,0.0,0.0,0.0
1208,1. SNL (SI),1020814,Tiijan Zorko,T. Zorko,2007-01-01,0.48,0.0,0.35,1,1,0,0.0,0.0,0.0,,0.0,0.0,,,0.0,0.0,0.0,,0.0,0.0,,0.0,0.0,0.0,0.0,0.0,0.0,0.0,0.0,0.0,,,,0.0,0.0,0.0,0.0,0.0,0.0,,0.0,0.0,,0.0,0.0,,0.0,
1208,1. SNL (SI),1021068,Gašper Pečnik,G. Pečnik,2002-07-10,38.37,9.22,10.54,13,12,1,129.0,10.75,6.17,57.36,0.58,0.08,3.15,1.02,84.0,7.0,4.08,58.33,0.58,0.25,42.86,5.83,18.0,1.5,0.83,0.92,0.5,0.33,0.0,0.0,,55.55,54.54,0.0,0.42,0.25,0.08,0.0,0.0,,1.0,0.0,0.0,1.83,0.17,9.09,0.08,4.55
1208,1. SNL (SI),1021069,Blaž Petriško,B. Petriško,2004-01-08,34.9,10.24,11.11,3,2,1,35.0,17.5,12.0,68.57,0.0,0.0,3.53,1.41,26.0,13.0,10.0,76.92,0.0,0.0,,12.5,6.0,3.0,1.5,1.5,0.5,0.0,0.0,0.0,,50.0,33.33,0.0,0.0,0.0,0.0,0.0,0.0,,0.5,0.0,0.0,1.0,0.0,0.0,0.0,0.0
1208,1. SNL (SI),1021329,Patrik Klančir,P. Klančir,2004-05-09,51.7,12.07,15.36,16,16,0,265.0,16.56,10.12,61.13,0.88,0.06,5.6,1.8,170.0,10.62,7.31,68.82,0.94,0.44,46.67,9.19,64.0,4.0,2.19,2.31,1.25,1.12,0.94,0.56,60.0,54.69,54.05,0.12,0.62,0.25,0.25,0.06,0.06,100.0,1.62,0.5,30.77,2.75,0.88,31.82,0.25,9.09
1208,1. SNL (SI),1021493,Josip Pejic,J. Pejic,2001-07-23,51.95,13.38,15.59,11,9,2,146.0,16.22,9.56,58.9,1.44,0.22,6.15,1.83,99.0,11.0,7.22,65.66,1.44,0.67,46.15,7.78,38.0,4.22,2.22,2.78,1.11,0.33,0.33,0.0,0.0,52.63,40.0,0.78,0.56,0.44,0.22,0.56,0.0,0.0,2.11,0.22,10.53,3.33,0.56,16.67,0.44,13.33
1208,1. SNL (SI),1021880,Victor Ehibe,V. Ehibe,2006-01-06,41.29,9.39,11.72,6,6,0,95.0,15.83,7.5,47.37,1.0,0.0,6.39,1.79,51.0,8.5,4.5,52.94,0.33,0.0,0.0,7.17,27.0,4.5,2.17,2.17,0.83,1.5,1.0,0.17,16.67,48.15,38.46,0.17,0.5,1.0,0.17,0.33,0.17,50.0,0.67,0.0,0.0,1.83,0.67,36.36,0.17,9.09
1208,1. SNL (SI),1021952,Vanja Pelko,V. Pelko,2002-03-25,57.44,14.37,15.28,12,10,2,75.0,7.5,3.0,40.0,2.2,0.3,7.87,1.65,48.0,4.8,2.1,43.75,0.9,0.3,33.33,1.9,23.0,2.3,0.8,1.4,0.3,0.9,0.7,0.1,14.29,34.78,21.43,0.5,0.7,0.7,0.5,0.0,0.0,,1.3,0.1,7.69,3.2,0.8,25.0,1.0,31.25
1208,1. SNL (SI),1022722,Divine Omoregie,D. Omoregie,2005-01-19,41.94,9.56,12.14,24,23,1,226.0,9.83,5.43,55.31,1.13,0.0,7.84,1.96,146.0,6.35,3.43,54.11,1.65,0.83,50.0,4.17,74.0,3.22,1.22,2.61,0.87,0.91,0.87,0.13,15.0,37.84,33.33,0.09,1.0,0.17,0.48,0.22,0.09,40.0,1.87,0.26,13.95,2.78,0.91,32.81,0.48,17.19
1208,1. SNL (SI),1024315,Filip Slana,F. Slana,2009-07-21,,,,1,0,1,,,,,,,,,,,,,,,,,,,,,,,,,,,,,,,,,,,,,,,,,,
1208,1. SNL (SI),1025278,Miklos   Barnabas Tanyi,M. Barnabas Tanyi,,23.88,4.41,6.36,4,3,1,24.0,8.0,3.67,45.83,2.0,0.33,7.55,1.83,13.0,4.33,1.33,30.77,1.67,0.0,0.0,1.0,8.0,2.67,1.33,2.33,1.0,0.33,0.33,0.0,0.0,50.0,42.86,0.33,1.33,0.67,0.67,0.0,0.0,,2.33,0.33,14.29,3.67,1.33,36.36,1.67,45.45
1208,1. SNL (SI),1028228,Matej Tadic,M. Tadic,2007-07-26,12.63,3.52,2.15,1,1,0,2.0,2.0,0.0,0.0,0.0,0.0,9.1,2.1,1.0,1.0,0.0,0.0,1.0,0.0,0.0,0.0,1.0,1.0,0.0,0.0,0.0,0.0,0.0,0.0,,0.0,,0.0,0.0,0.0,0.0,0.0,0.0,,1.0,0.0,0.0,1.0,0.0,0.0,0.0,0.0
1208,1. SNL (SI),1028279,Lan Drevenšek,L. Drevenšek,2007-01-01,61.04,16.6,18.61,3,2,1,55.0,27.5,20.0,72.73,1.5,1.0,3.34,1.25,32.0,16.0,11.5,71.87,0.0,0.0,,14.0,7.0,3.5,2.5,1.5,1.0,0.5,0.5,0.5,100.0,71.43,66.67,0.0,0.0,0.0,0.0,0.5,0.5,100.0,0.5,0.0,0.0,2.0,1.0,50.0,0.0,0.0
1208,1. SNL (SI),1033214,Lukas Čeh,L. Čeh,2007-01-01,24.27,7.51,5.53,5,4,1,19.0,4.75,1.5,31.58,1.5,0.0,3.74,1.05,11.0,2.75,0.75,27.27,1.25,0.0,0.0,1.25,2.0,0.5,0.25,0.5,0.25,0.25,0.25,0.25,100.0,50.0,50.0,0.5,0.5,1.25,0.0,0.0,0.0,,1.25,0.0,0.0,1.75,0.25,14.29,0.75,42.86
1208,1. SNL (SI),1036426,Miljan Pantic,M. Pantic,2007-06-12,61.22,16.27,20.39,2,2,0,59.0,29.5,24.5,83.05,0.0,0.0,5.09,2.19,45.0,22.5,20.0,88.89,0.0,0.0,,22.0,12.0,6.0,5.5,4.0,4.0,0.0,0.0,0.0,,91.67,100.0,0.0,0.0,0.0,0.0,1.0,1.0,100.0,0.5,0.0,0.0,1.0,0.0,0.0,0.0,0.0
1208,1. SNL (SI),1044244,Denis Mazreku,D. Mazreku,2007-01-01,13.81,3.08,4.16,5,4,1,18.0,4.5,3.25,72.22,0.75,0.25,3.91,1.05,11.0,2.75,2.25,81.82,0.5,0.25,50.0,1.5,3.0,0.75,0.75,0.25,0.25,0.5,0.25,0.25,100.0,100.0,100.0,0.0,1.0,0.0,0.25,0.0,0.0,,0.75,0.25,33.33,1.25,0.25,20.0,0.25,20.0
1208,1. SNL (SI),1044245,Feh Donald Faveur Gbinde,F. Faveur Gbinde,,16.45,4.86,4.72,1,1,0,9.0,9.0,4.0,44.44,0.0,0.0,4.49,1.31,7.0,7.0,4.0,57.14,0.0,0.0,,6.0,1.0,1.0,0.0,1.0,0.0,0.0,0.0,0.0,,0.0,0.0,0.0,0.0,0.0,0.0,1.0,0.0,0.0,0.0,0.0,,0.0,0.0,,0.0,
1208,1. SNL (SI),1044246,Filip Andrejčák,F. Andrejčák,2009-05-21,5.04,1.4,1.7,2,2,0,4.0,2.0,2.0,100.0,0.0,0.0,1.48,0.5,4.0,2.0,2.0,100.0,0.0,0.0,,2.0,0.0,0.0,0.0,0.0,0.0,0.0,0.0,0.0,,,,0.0,0.5,0.0,0.0,0.0,0.0,,0.0,0.0,,0.5,0.0,0.0,0.0,0.0
1208,1. SNL (SI),1044247,Borna Graonić,B. Graonić,2005-01-31,58.28,13.87,16.89,13,11,2,250.0,22.73,14.45,63.6,1.36,0.0,8.22,2.15,145.0,13.18,9.64,73.1,2.0,1.09,54.55,11.45,77.0,7.0,4.82,4.27,3.0,1.73,1.64,1.09,66.67,68.83,70.21,0.0,1.45,0.0,0.82,0.18,0.0,0.0,2.55,0.64,25.0,3.64,0.55,15.0,0.27,7.5
1208,1. SNL (SI),1045640,Godwin Agbevor,G. Agbevor,2003-12-19,31.76,7.77,8.52,7,4,3,55.0,13.75,6.0,43.64,2.5,0.0,6.92,1.69,32.0,8.0,4.0,50.0,2.0,1.0,50.0,4.25,15.0,3.75,1.0,1.75,0.5,1.25,0.5,0.25,50.0,26.67,28.57,0.25,1.0,0.25,0.25,0.0,0.0,,3.5,0.75,21.43,5.25,1.75,33.33,1.5,28.57
1208,1. SNL (SI),1046365,Vanja Kulenović,V. Kulenović,2003-06-26,17.97,2.08,7.35,4,3,1,3.0,1.0,0.0,0.0,0.0,0.0,2.85,0.8,2.0,0.67,0.0,0.0,0.0,0.0,,1.0,1.0,0.33,0.0,0.33,0.0,0.0,0.0,0.0,,0.0,0.0,0.0,0.0,0.0,0.0,0.0,0.0,,0.0,0.0,,0.0,0.0,,0.0,
1208,1. SNL (SI),1052821,Maj Balazic,M. Balazic,2009-07-10,,,,1,0,1,,,,,,,,,,,,,,,,,,,,,,,,,,,,,,,,,,,,,,,,,,
1208,1. SNL (SI),1058989,Mile Parmac,M. Parmac,2006-05-20,22.68,4.5,8.16,4,4,0,21.0,5.25,3.0,57.14,0.5,0.0,3.69,1.18,12.0,3.0,2.0,66.67,0.25,0.25,100.0,2.0,2.0,0.5,0.25,0.25,0.25,0.0,0.0,0.0,,50.0,100.0,0.5,0.75,0.0,0.0,0.0,0.0,,0.25,0.0,0.0,0.5,0.0,0.0,0.0,0.0
1208,1. SNL (SI),1060011,Divine Igwe Ikenna,D. Ikenna,2004-05-05,52.19,13.34,15.06,14,12,2,185.0,15.42,8.33,54.05,1.92,0.42,8.63,2.38,120.0,10.0,5.42,54.17,1.5,0.75,50.0,7.33,74.0,6.17,3.33,3.0,1.08,0.83,0.67,0.08,12.5,54.05,36.11,0.08,0.33,0.08,0.83,1.17,0.17,14.29,2.08,0.42,20.0,3.75,0.75,20.0,0.75,20.0
1208,1. SNL (SI),1066173,Gabriel Bogatinov,G. Bogatinov,2009-07-28,15.28,4.07,2.9,1,1,0,5.0,5.0,3.0,60.0,1.0,0.0,3.14,1.12,3.0,3.0,1.0,33.33,0.0,0.0,,4.0,0.0,0.0,0.0,0.0,0.0,0.0,0.0,0.0,,,,0.0,0.0,0.0,0.0,0.0,0.0,,0.0,0.0,,1.0,0.0,0.0,1.0,100.0
1208,1. SNL (SI),1066263,Dejan Suhovrsnik,D. Suhovrsnik,2007-02-16,8.78,3.06,1.41,1,1,0,5.0,5.0,5.0,100.0,0.0,0.0,13.39,3.42,4.0,4.0,4.0,100.0,0.0,0.0,,3.0,1.0,1.0,1.0,1.0,1.0,0.0,0.0,0.0,,100.0,100.0,0.0,0.0,0.0,0.0,0.0,0.0,,1.0,1.0,100.0,1.0,0.0,0.0,0.0,0.0
1208,1. SNL (SI),1067003,Inas Kukavica,I. Kukavica,2007-12-21,20.28,5.17,5.66,3,3,0,25.0,8.33,6.33,76.0,0.67,0.0,7.34,2.01,16.0,5.33,4.0,75.0,0.0,0.0,,4.0,9.0,3.0,2.67,1.33,1.0,1.0,0.33,0.0,0.0,88.89,75.0,0.67,1.33,0.0,0.0,0.0,0.0,,0.67,0.0,0.0,1.0,0.33,33.33,0.0,0.0
1208,1. SNL (SI),1067292,Nejc Prosen,N. Prosen,2007-01-01,26.38,7.79,9.18,2,2,0,13.0,6.5,4.5,69.23,1.0,0.0,2.61,1.25,9.0,4.5,2.5,55.56,1.0,1.0,100.0,4.5,2.0,1.0,0.5,0.0,0.0,0.0,0.0,0.0,,50.0,,0.0,0.0,0.0,0.5,0.0,0.0,,1.0,0.5,50.0,1.0,0.0,0.0,0.0,0.0
1208,1. SNL (SI),1067904,Tai Luka Modric,T. Modric,,21.1,4.99,6.89,1,1,0,7.0,7.0,4.0,57.14,1.0,0.0,2.99,1.24,5.0,5.0,3.0,60.0,1.0,1.0,100.0,4.0,1.0,1.0,0.0,1.0,0.0,0.0,0.0,0.0,,0.0,0.0,0.0,0.0,0.0,0.0,0.0,0.0,,1.0,0.0,0.0,2.0,1.0,50.0,0.0,0.0
1208,1. SNL (SI),1067908,Timon Kikec,T. Kikec,2009-05-26,35.15,9.75,5.97,2,1,1,18.0,18.0,13.0,72.22,0.0,0.0,6.12,1.79,11.0,11.0,8.0,72.73,1.0,0.0,0.0,8.0,5.0,5.0,3.0,4.0,2.0,1.0,1.0,1.0,100.0,60.0,50.0,0.0,0.0,0.0,0.0,0.0,0.0,,1.0,0.0,0.0,1.0,1.0,100.0,0.0,0.0
1208,1. SNL (SI),1067909,Tai  Primc,T. Primc,2009-04-30,35.15,9.75,5.97,2,1,1,21.0,21.0,15.0,71.43,0.0,0.0,3.47,1.44,9.0,9.0,7.0,77.78,0.0,0.0,,9.0,1.0,1.0,1.0,1.0,1.0,0.0,0.0,0.0,,100.0,100.0,0.0,0.0,0.0,0.0,0.0,0.0,,0.0,0.0,,0.0,0.0,,0.0,
1208,1. SNL (SI),1067924,Fabian Lungu,F. Lungu,2010-05-08,33.25,9.02,11.29,2,2,0,10.0,5.0,2.0,40.0,2.0,0.0,3.13,0.72,5.0,2.5,0.5,20.0,0.5,0.0,0.0,1.5,2.0,1.0,0.0,0.5,0.0,0.5,0.5,0.0,0.0,0.0,0.0,0.0,0.5,0.5,0.0,0.0,0.0,,1.0,0.0,0.0,1.5,0.0,0.0,0.5,33.33
1208,1. SNL (SI),1067925,Frano Mohorovicic,F. Mohorovicic,2008-04-30,46.44,14.21,13.35,2,2,0,40.0,20.0,12.5,62.5,2.5,0.0,7.13,1.86,32.0,16.0,9.5,59.38,1.5,0.5,33.33,11.0,13.0,6.5,2.5,5.0,1.5,1.5,1.5,0.0,0.0,38.46,30.0,0.5,1.5,0.5,0.5,1.5,0.0,0.0,3.5,0.5,14.29,4.5,1.0,22.22,0.5,11.11
1208,1. SNL (SI),1069076,Leander Mark Zelenko,L. Zelenko,2007-10-23,7.32,2.53,2.7,1,1,0,0.0,0.0,0.0,,0.0,0.0,,,0.0,0.0,0.0,,0.0,0.0,,0.0,0.0,0.0,0.0,0.0,0.0,0.0,0.0,0.0,,,,0.0,0.0,0.0,0.0,0.0,0.0,,0.0,0.0,,0.0,0.0,,0.0,
1208,1. SNL (SI),1069077,Daiqin Qu,D. Qu,2007-02-18,7.32,2.53,2.7,1,1,0,1.0,1.0,1.0,100.0,0.0,0.0,0.0,0.0,0.0,0.0,0.0,,0.0,0.0,,0.0,0.0,0.0,0.0,0.0,0.0,0.0,0.0,0.0,,,,0.0,0.0,0.0,0.0,0.0,0.0,,0.0,0.0,,0.0,0.0,,0.0,
1208,1. SNL (SI),1069136,Anze Zabukovec,A. Zabukovec,2009-02-15,,,,1,0,1,,,,,,,,,,,,,,,,,,,,,,,,,,,,,,,,,,,,,,,,,,
1208,1. SNL (SI),1069137,Filip Pongracic,F. Pongracic,2007-05-23,,,,1,0,1,,,,,,,,,,,,,,,,,,,,,,,,,,,,,,,,,,,,,,,,,,
1208,1. SNL (SI),1069140,Zan Luka Sega,Z. Sega,2007-11-17,28.35,7.01,10.03,1,1,0,9.0,9.0,7.0,77.78,0.0,0.0,3.91,1.0,4.0,4.0,3.0,75.0,0.0,0.0,,2.0,2.0,2.0,2.0,0.0,0.0,0.0,0.0,0.0,,100.0,,0.0,1.0,0.0,0.0,0.0,0.0,,0.0,0.0,,1.0,0.0,0.0,0.0,0.0
