competition_edition,league,player_id,player_name,player_short_name,player_birthdate,minutes,minutes_tip,minutes_otip,performance_count,performance_included_count,performance_failed_count,onballengagement_count_total,onballengagement_count,onballengagement_count_directregain,onballengagement_pct_directregain,onballengagement_count_indirectregain,onballengagement_pct_indirectregain,onballengagement_count_directdisruption,onballengagement_pct_directdisruption,onballengagement_count_indirectdisruption,onballengagement_pct_indirectdisruption,onballengagement_count_abovehsr,onballengagement_count_forcedbackward,onballengagement_pct_forcedbackward,onballengagement_count_beatenbymovement,onballengagement_pct_beatenbymovement,onballengagement_count_beatenbypossession,onballengagement_pct_beatenbypossession,onballengagement_count_pressingchain,onballengagement_count_consecutive,onballengagement_count_forwardtrajectory,onballengagement_count_dangeroussituation,onballengagement_count_dangeroussituation_dangermitigated,onballengagement_pct_dangermitigated,onballengagement_count_linebreakaffected,onballengagement_pct_linebreakaffected
1265,Primeira Liga (PT),223,Aderllan Leandro de Jesus Santos,A. Santos,1989-04-09,65.9,12.72,20.48,17,16,1,152.0,9.5,0.38,3.95,1.75,18.42,0.19,1.97,0.62,6.58,1.56,0.25,2.63,0.62,6.58,0.25,2.63,1.5,0.81,1.88,6.06,1.19,13.73,0.12,1.32
1265,Primeira Liga (PT),728,André Geraldes de Barros,André Geraldes,1991-05-02,85.07,17.6,23.04,26,25,1,456.0,18.24,0.52,2.85,3.2,17.54,0.28,1.54,1.36,7.46,2.24,0.28,1.54,0.48,2.63,0.76,4.17,3.36,1.64,4.56,8.72,1.56,10.76,0.56,3.07
1265,Primeira Liga (PT),751,André Alexandre Carreira Sousa,André Sousa,1990-07-09,17.24,3.15,4.22,12,12,0,129.0,10.75,0.42,3.88,1.67,15.51,0.0,0.0,0.5,4.65,1.0,0.83,7.75,0.08,0.77,0.0,0.0,3.92,1.83,2.83,2.17,0.08,0.81,1.08,10.08
1265,Primeira Liga (PT),1223,Bas Kuipers,B. Kuipers,1994-08-17,86.8,23.25,22.06,17,17,0,361.0,21.24,0.41,1.94,4.06,19.11,0.41,1.94,0.88,4.15,3.06,0.59,2.77,0.94,4.43,0.59,2.77,6.06,3.53,6.06,7.94,1.18,6.96,0.94,4.43
1265,Primeira Liga (PT),1484,Armindo Tué Na Bangna,Bruma,1994-10-24,11.5,2.89,2.49,3,3,0,12.0,4.0,0.33,8.33,1.0,25.0,0.0,0.0,0.0,0.0,0.67,0.0,0.0,0.0,0.0,0.0,0.0,0.67,0.33,0.33,0.67,0.0,0.0,0.0,0.0
1265,Primeira Liga (PT),1652,Carlos dos Santos Rodrigues,Ponck,1995-01-13,67.99,12.91,21.19,16,15,1,184.0,12.27,0.87,7.07,2.6,21.19,0.0,0.0,0.8,6.52,2.13,0.33,2.72,0.53,4.35,0.53,4.35,1.53,1.13,2.07,7.6,2.2,19.72,0.4,3.26
1265,Primeira Liga (PT),1946,Cláudio Pires Morais Ramos,Cláudio Ramos,1991-11-16,72.18,25.17,13.5,2,2,0,0.0,0.0,0.0,,0.0,,0.0,,0.0,,0.0,0.0,,0.0,,0.0,,0.0,0.0,0.0,0.0,0.0,,0.0,
1265,Primeira Liga (PT),2492,David  Martins Simão,David Simão,1990-05-15,56.78,13.87,14.95,12,11,1,268.0,24.36,0.82,3.36,2.73,11.19,0.09,0.37,0.64,2.61,3.0,1.55,6.35,0.27,1.12,0.45,1.86,7.64,3.27,8.09,8.18,0.82,3.43,2.09,8.58
1265,Primeira Liga (PT),2803,Dodi Lukébakio,D. Lukébakio,1997-09-24,48.89,14.55,10.59,17,17,0,271.0,15.94,0.82,5.17,2.59,16.24,0.0,0.0,0.41,2.58,2.82,1.29,8.12,0.06,0.37,0.29,1.85,6.41,2.24,5.0,2.65,0.18,2.84,1.65,10.33
1265,Primeira Liga (PT),3493,Florian Grillitsch,F. Grillitsch,1995-08-07,62.54,20.93,14.11,20,20,0,467.0,23.35,0.7,3.0,4.25,18.2,0.1,0.43,0.95,4.07,3.3,1.6,6.85,0.2,0.86,0.45,1.93,8.1,3.05,7.05,6.0,0.85,4.81,2.0,8.57
1265,Primeira Liga (PT),3665,Frederico André Ferrão Venâncio,Frederico Venâncio,1993-02-04,89.89,21.62,24.18,22,21,1,278.0,13.24,0.71,5.4,3.1,23.38,0.33,2.52,0.9,6.83,1.9,0.24,1.8,0.76,5.76,0.57,4.32,1.62,1.33,2.67,7.48,1.95,16.92,0.52,3.96
1265,Primeira Liga (PT),4261,Hélder Luís Lopes Vieira Tavares,Hélder Tavares,1989-12-26,35.16,7.34,10.29,20,20,0,297.0,14.85,0.25,1.68,2.6,17.51,0.05,0.34,0.4,2.69,2.3,0.65,4.38,0.05,0.34,0.05,0.34,4.7,2.25,4.15,4.9,0.7,6.85,0.95,6.4
1265,Primeira Liga (PT),4521,Ivan Ricardo Neves Abreu Cavaleiro,I. Cavaleiro,1993-10-18,70.95,16.11,18.33,13,13,0,412.0,31.69,0.69,2.18,3.69,11.65,0.08,0.24,1.15,3.64,4.31,2.69,8.49,0.0,0.0,0.15,0.49,14.69,5.85,11.92,4.15,0.23,1.34,4.0,12.62
1265,Primeira Liga (PT),4703,Jan Bednarek,J. Bednarek,1996-04-12,93.65,27.35,21.81,32,29,3,316.0,10.9,0.52,4.75,1.93,17.72,0.07,0.63,0.48,4.43,1.83,0.34,3.16,0.31,2.85,0.28,2.53,2.79,0.93,2.48,4.97,0.93,9.19,0.28,2.53
1265,Primeira Liga (PT),5049,João Ricardo Silva Afonso,João Afonso,1990-05-28,53.59,11.18,16.59,13,13,0,153.0,11.77,0.38,3.27,2.54,21.57,0.15,1.31,0.85,7.19,1.69,0.38,3.27,0.69,5.88,0.54,4.58,2.46,1.15,2.69,6.08,1.38,13.66,0.08,0.65
1265,Primeira Liga (PT),5053,João Miguel Coimbra Aurélio,João Aurélio,1988-08-17,69.8,14.42,18.08,21,20,1,483.0,24.15,0.8,3.31,4.9,20.29,0.45,1.86,1.3,5.38,2.55,1.45,6.0,0.3,1.24,1.2,4.97,5.55,3.35,7.3,10.1,1.7,8.2,1.2,4.97
1265,Primeira Liga (PT),5071,João Filipe Iria Santos Moutinho,João Moutinho,1986-09-08,76.21,26.22,16.83,31,31,0,1033.0,33.32,1.35,4.07,5.55,16.65,0.26,0.77,1.35,4.07,2.52,1.61,4.84,0.1,0.29,0.68,2.03,11.42,5.55,9.29,8.26,1.23,4.33,1.94,5.81
1265,Primeira Liga (PT),5072,João Pedro Barradas Novais,João Novais,1993-07-10,30.16,6.02,7.37,2,2,0,31.0,15.5,1.0,6.45,2.0,12.9,0.0,0.0,0.5,3.23,2.0,1.5,9.68,0.0,0.0,0.0,0.0,2.0,4.0,4.5,5.0,0.0,0.0,0.5,3.23
1265,Primeira Liga (PT),5126,Joel Robles Blázquez,Joel Robles,1990-06-17,98.71,26.29,25.22,31,31,0,0.0,0.0,0.0,,0.0,,0.0,,0.0,,0.0,0.0,,0.0,,0.0,,0.0,0.0,0.0,0.0,0.0,,0.0,
1265,Primeira Liga (PT),5241,Jonathan Buatu Mananga,Jonathan Buatu,1993-09-27,98.13,24.63,24.13,31,30,1,354.0,11.8,0.63,5.37,2.8,23.73,0.17,1.41,0.77,6.5,2.6,0.13,1.13,0.5,4.24,0.23,1.98,1.97,1.07,2.13,6.47,1.6,13.99,0.17,1.41
1265,Primeira Liga (PT),5396,José Miguel da Rocha Fonte,José Fonte,1983-12-22,88.46,18.85,22.65,18,18,0,210.0,11.67,0.44,3.81,2.33,20.0,0.28,2.38,0.44,3.81,1.56,0.06,0.48,0.44,3.81,0.78,6.67,1.83,1.0,2.39,7.72,1.56,13.78,0.28,2.38
1265,Primeira Liga (PT),6359,Lucas Eduardo dos Santos João,Lucas João,1993-09-04,20.68,4.74,5.0,19,18,1,158.0,8.78,0.17,1.9,1.11,12.66,0.06,0.63,0.39,4.43,1.5,0.28,3.16,0.0,0.0,0.0,0.0,2.94,1.11,2.44,1.39,0.06,2.45,0.78,8.86
1265,Primeira Liga (PT),6512,Luuk de Jong,L. de Jong,1990-08-27,67.03,21.38,16.47,5,3,2,134.0,44.67,0.33,0.75,4.0,8.96,0.0,0.0,1.0,2.24,7.0,3.33,7.46,0.0,0.0,0.0,0.0,26.0,7.67,11.0,3.33,0.0,0.0,5.67,12.68
1265,Primeira Liga (PT),7902,Nélson Miguel Castro Oliveira,Nélson Oliveira,1991-08-08,55.92,14.49,13.48,26,24,2,727.0,30.29,0.33,1.1,3.92,12.93,0.12,0.41,1.12,3.71,6.83,1.79,5.91,0.0,0.0,0.0,0.0,18.62,5.04,9.58,1.42,0.04,0.18,2.46,8.11
1265,Primeira Liga (PT),8029,Nicolás Hernán Otamendi,N. Otamendi,1988-02-12,95.62,28.09,21.25,30,29,1,348.0,12.0,0.79,6.61,2.9,24.14,0.14,1.15,0.41,3.45,1.69,0.21,1.72,0.28,2.3,0.52,4.31,2.14,1.17,3.28,6.52,1.76,16.63,0.1,0.86
1265,Primeira Liga (PT),8598,Pedro José  da Silva Trigueira,P. Trigueira,1988-01-04,12.56,1.56,3.9,1,1,0,0.0,0.0,0.0,,0.0,,0.0,,0.0,,0.0,0.0,,0.0,,0.0,,0.0,0.0,0.0,0.0,0.0,,0.0,
1265,Primeira Liga (PT),8729,Luís Miguel Afonso Fernandes,Pizzi,1989-10-06,33.78,9.32,8.44,23,23,0,385.0,16.74,0.13,0.78,2.87,17.14,0.04,0.26,0.43,2.6,1.0,1.04,6.23,0.09,0.52,0.17,1.04,5.74,2.39,4.61,3.7,0.22,1.5,1.26,7.53
1265,Primeira Liga (PT),8790,Rafael Alexandre Fernandes Ferreira da Silva,Rafa Silva,1993-05-17,62.67,18.95,13.6,16,16,0,606.0,37.88,0.69,1.81,5.06,13.37,0.44,1.15,1.19,3.14,7.06,2.81,7.42,0.06,0.16,0.31,0.83,19.06,7.38,11.44,5.38,0.69,1.68,4.12,10.89
1265,Primeira Liga (PT),8791,Luís Rafael Soares Alves,Rafa Soares,1995-05-09,79.07,20.69,20.13,24,23,1,480.0,20.87,0.3,1.46,3.78,18.13,0.43,2.08,1.0,4.79,2.09,2.04,9.79,0.26,1.25,0.7,3.33,5.35,2.52,6.7,5.39,0.7,5.38,1.61,7.71
1265,Primeira Liga (PT),8983,Ricardo Jorge Luz Horta,Ricardo Horta,1994-09-15,83.94,28.66,18.6,28,28,0,1348.0,48.14,0.86,1.78,6.96,14.47,0.43,0.89,1.18,2.45,5.68,4.32,8.98,0.07,0.15,0.29,0.59,22.68,9.07,16.61,6.04,0.64,1.79,4.43,9.2
1265,Primeira Liga (PT),9195,Rodrigo Cunha Pereira de Pinho,Rodrigo Pinho,1991-05-30,46.52,10.49,12.39,28,27,1,557.0,20.63,0.37,1.8,2.3,11.13,0.07,0.36,0.74,3.59,5.33,1.41,6.82,0.0,0.0,0.04,0.18,9.56,3.26,5.85,2.04,0.37,3.38,2.11,10.23
1265,Primeira Liga (PT),9354,Rúben Afonso Borges Semedo,Rúben Semedo,1994-04-04,94.1,19.8,26.33,9,9,0,121.0,13.44,0.78,5.78,3.22,23.97,0.0,0.0,0.56,4.13,3.0,0.33,2.48,0.78,5.79,0.78,5.79,1.89,1.67,3.0,9.67,1.22,10.11,0.0,0.0
1265,Primeira Liga (PT),9385,Rui Tiago Dantas da Silva,Rui Silva,1994-02-07,99.66,32.28,21.24,32,31,1,0.0,0.0,0.0,,0.0,,0.0,,0.0,,0.0,0.0,,0.0,,0.0,,0.0,0.0,0.0,0.0,0.0,,0.0,
1265,Primeira Liga (PT),9703,Seko Mohamed Fofana,S. Fofana,1995-05-07,32.72,8.02,7.62,12,11,1,147.0,13.36,0.36,2.72,1.91,14.29,0.0,0.0,0.36,2.72,2.0,0.55,4.08,0.18,1.36,0.45,3.4,4.64,2.36,4.64,4.0,0.18,1.57,1.18,8.84
1265,Primeira Liga (PT),9734,Sergi Gómez Solà,Sergi Gómez,1992-03-28,95.48,22.04,27.11,28,28,0,330.0,11.79,0.64,5.45,3.21,27.27,0.11,0.91,0.68,5.76,1.57,0.21,1.82,0.57,4.85,0.61,5.15,1.54,0.86,2.11,8.36,1.93,17.09,0.14,1.21
1265,Primeira Liga (PT),10246, Theoson-Jordan  Siebatcheu,j.Siebatcheu,1996-04-26,62.85,13.51,17.9,22,22,0,780.0,35.45,0.32,0.9,3.95,11.15,0.09,0.26,0.82,2.31,7.0,2.82,7.95,0.0,0.0,0.0,0.0,17.82,4.95,12.09,3.09,0.45,2.97,3.5,9.87
1265,Primeira Liga (PT),10253,Thiago Emiliano da Silva,Thiago Silva,1984-09-22,76.82,22.68,16.99,8,7,1,48.0,6.86,0.14,2.08,1.43,20.83,0.0,0.0,0.29,4.17,0.29,0.0,0.0,0.29,4.17,0.29,4.17,2.29,0.57,1.71,3.14,0.29,6.0,0.14,2.08
1265,Primeira Liga (PT),10342,Tiago Rafael Maia da Silva,Tiago Silva,1993-06-02,76.03,17.83,15.77,4,3,1,80.0,26.67,0.67,2.5,4.0,15.0,0.33,1.25,1.0,3.75,3.0,1.0,3.75,0.0,0.0,0.33,1.25,10.0,4.0,6.0,8.33,1.0,4.09,3.0,11.25
1265,Primeira Liga (PT),10459,António Manuel Fernandes Mendes,Tomané,1992-10-23,72.85,14.86,22.24,29,28,1,1158.0,41.36,0.54,1.3,5.04,12.18,0.07,0.17,1.25,3.02,6.21,2.25,5.44,0.04,0.09,0.11,0.26,18.0,6.32,9.64,4.64,0.14,0.84,4.21,10.19
1265,Primeira Liga (PT),10749,Vítor Hugo Gomes da Silva,Vítor Gomes,1987-12-25,43.23,9.75,12.43,6,6,0,186.0,31.0,0.67,2.15,4.17,13.44,0.5,1.61,1.67,5.38,4.0,1.17,3.76,0.33,1.08,0.33,1.08,6.83,8.33,8.5,10.5,1.17,5.14,3.17,10.21
1265,Primeira Liga (PT),11220,Marcos Paulo Mesquita Lopes,Rony Lopes,1995-12-28,68.83,17.03,18.1,16,16,0,644.0,40.25,0.69,1.71,4.62,11.49,0.0,0.0,1.12,2.79,6.06,2.88,7.14,0.0,0.0,0.06,0.16,16.81,7.62,13.81,5.56,0.69,1.84,4.62,11.49
1265,Primeira Liga (PT),11234,Duplexe Tchamba Bangou,D. Tchamba,1998-07-10,90.94,19.51,24.93,5,5,0,70.0,14.0,1.0,7.14,3.2,22.86,0.4,2.86,1.2,8.57,1.6,0.0,0.0,0.6,4.29,0.2,1.43,2.2,1.0,3.2,9.4,2.2,16.92,0.0,0.0
1265,Primeira Liga (PT),11265,Miguel Ângelo da Silva Rocha,Xeka,1994-11-10,58.77,16.14,15.3,12,12,0,350.0,29.17,0.67,2.29,4.67,16.0,0.08,0.29,1.42,4.86,4.67,1.75,6.0,0.5,1.71,0.5,1.72,9.5,5.17,7.75,8.42,1.25,5.42,1.83,6.29
1265,Primeira Liga (PT),11431,Ghislain Konan,G. Konan,1995-12-27,97.57,24.52,24.23,30,29,1,630.0,21.72,0.93,4.29,4.0,18.41,0.62,2.86,0.97,4.44,3.03,0.86,3.97,0.52,2.38,0.45,2.06,4.48,2.21,5.28,7.1,1.41,8.02,0.86,3.97
1265,Primeira Liga (PT),12196,Jonathan Panzo,J. Panzo,2000-10-25,86.94,20.47,24.04,14,14,0,220.0,15.71,0.57,3.64,3.43,21.82,0.29,1.82,1.07,6.82,2.29,0.64,4.09,0.86,5.45,0.36,2.27,2.43,1.57,3.5,9.64,2.36,14.78,0.36,2.27
1265,Primeira Liga (PT),12249,Javier Sánchez de Felipe,Javi Sánchez,1997-03-14,90.54,23.84,23.32,15,15,0,210.0,14.0,0.67,4.76,3.0,21.43,0.27,1.9,1.2,8.57,2.2,0.13,0.95,0.73,5.24,0.93,6.67,1.87,1.2,2.53,9.87,2.2,15.69,0.2,1.43
1265,Primeira Liga (PT),12464,Rafik Guitane,R. Guitane,1999-05-26,66.03,18.5,16.71,30,30,0,1163.0,38.77,0.67,1.72,5.3,13.67,0.17,0.43,1.0,2.58,3.7,3.37,8.68,0.03,0.09,0.33,0.86,17.2,7.17,13.57,2.83,0.2,1.03,4.7,12.12
1265,Primeira Liga (PT),12649,Pablo Rosario,P. Rosario,1997-01-07,69.22,20.64,15.96,22,22,0,442.0,20.09,0.86,4.3,3.27,16.29,0.14,0.68,0.77,3.85,2.55,1.23,6.11,0.0,0.0,0.5,2.49,7.32,2.68,5.91,5.86,0.73,3.94,1.77,8.82
1265,Primeira Liga (PT),12783,Gonçalo Mendes Paciencia,Gonçalo Paciência,1994-08-01,48.03,12.94,11.21,12,11,1,281.0,25.55,0.27,1.07,3.55,13.88,0.18,0.71,1.18,4.63,2.73,1.45,5.7,0.0,0.0,0.0,0.0,12.36,3.73,6.27,0.73,0.0,0.0,1.82,7.12
1265,Primeira Liga (PT),12812,Yann Karamoh,Y. Karamoh,1998-07-08,18.05,4.43,5.58,1,1,0,15.0,15.0,1.0,6.67,2.0,13.33,0.0,0.0,1.0,6.67,1.0,0.0,0.0,0.0,0.0,0.0,0.0,9.0,6.0,4.0,1.0,0.0,0.0,0.0,0.0
1265,Primeira Liga (PT),12903,Marios Vrousai,M. Vrousai,1998-07-02,87.92,22.83,24.52,31,31,0,1077.0,34.74,1.97,5.66,5.81,16.71,0.42,1.21,1.61,4.64,5.0,1.39,3.99,0.61,1.76,1.39,3.99,7.74,5.06,8.45,13.16,2.29,7.23,1.39,3.99
1265,Primeira Liga (PT),13279,Renan Ribeiro,Renan Ribeiro,1990-03-23,100.64,23.66,25.41,32,31,1,0.0,0.0,0.0,,0.0,,0.0,,0.0,,0.0,0.0,,0.0,,0.0,,0.0,0.0,0.0,0.0,0.0,,0.0,
1265,Primeira Liga (PT),13285,Jovane Eduardo Borges Cabral,Jovane Cabral,1998-06-14,67.68,16.36,16.63,27,26,1,920.0,35.38,1.08,3.04,5.15,14.57,0.12,0.33,1.54,4.35,4.54,2.69,7.61,0.04,0.11,0.31,0.87,12.65,6.62,8.96,6.92,0.81,2.83,3.15,8.91
1265,Primeira Liga (PT),13330,Jérémy Livolant,J. Livolant,1998-01-09,92.21,18.58,25.26,33,32,1,1627.0,50.84,1.03,2.03,6.75,13.28,0.31,0.61,2.22,4.36,9.28,3.5,6.88,0.09,0.18,0.44,0.86,19.75,7.56,15.53,6.69,0.69,1.93,6.22,12.23
1265,Primeira Liga (PT),13354,Yanis Begraoui,Y. Begraoui,2001-07-04,86.67,23.63,22.02,34,34,0,1493.0,43.91,0.44,1.0,6.24,14.2,0.15,0.33,1.68,3.82,7.76,3.26,7.43,0.06,0.13,0.21,0.47,21.56,7.59,15.65,3.0,0.35,1.44,3.97,9.04
1265,Primeira Liga (PT),13477,Diogo Meireles Costa,Diogo Costa,1999-09-19,97.56,28.62,22.92,33,30,3,0.0,0.0,0.0,,0.0,,0.0,,0.0,,0.0,0.0,,0.0,,0.0,,0.0,0.0,0.0,0.0,0.0,,0.0,
1265,Primeira Liga (PT),13495,Carlos Alexandre Reis Pinto,Alex Pinto,1998-07-08,51.79,12.46,15.99,7,7,0,100.0,14.29,0.57,4.0,2.14,15.0,0.0,0.0,0.43,3.0,2.86,1.0,7.0,0.29,2.0,0.43,3.0,4.86,1.14,3.57,6.71,0.43,4.16,1.29,9.0
1265,Primeira Liga (PT),13919,Naïs Djouahra,N. Djouahra,1999-11-23,86.22,22.3,22.74,34,33,1,1134.0,34.36,0.64,1.85,4.3,12.52,0.42,1.23,1.18,3.44,6.0,3.03,8.82,0.09,0.26,0.33,0.97,14.36,6.03,11.97,8.06,0.76,3.05,3.67,10.67
1265,Primeira Liga (PT),13976,Paulo André Rodrigues de Oliveira,Paulo Oliveira,1992-01-08,54.17,18.92,10.46,17,17,0,89.0,5.24,0.35,6.74,0.94,17.98,0.06,1.12,0.0,0.0,0.88,0.12,2.25,0.29,5.62,0.18,3.37,0.82,0.29,1.18,3.24,1.0,20.86,0.0,0.0
1265,Primeira Liga (PT),13987,Giorgi Kochorashvili,G. Kochorashvili,1999-06-29,39.79,12.64,8.41,18,17,1,324.0,19.06,0.71,3.7,3.41,17.9,0.47,2.47,0.53,2.78,2.47,1.12,5.86,0.18,0.93,0.24,1.23,6.0,3.41,5.94,5.29,1.24,7.55,1.35,7.1
1265,Primeira Liga (PT),14013,João Manuel Neves Virginia,João Virginia,1999-10-10,100.56,32.22,22.12,2,2,0,0.0,0.0,0.0,,0.0,,0.0,,0.0,,0.0,0.0,,0.0,,0.0,,0.0,0.0,0.0,0.0,0.0,,0.0,
1265,Primeira Liga (PT),14024,Pedro António Pereira Gonçalves,Pedro Gonçalves,1998-06-28,79.78,26.23,17.07,27,26,1,1148.0,44.15,0.73,1.66,6.85,15.51,0.08,0.17,1.08,2.44,6.12,3.35,7.58,0.12,0.26,0.38,0.87,19.12,10.31,13.38,5.46,0.73,2.4,4.15,9.41
1265,Primeira Liga (PT),14273,Tom van De Looi,T. van de Looi,1999-07-02,94.93,24.2,23.79,32,31,1,1044.0,33.68,1.32,3.93,5.84,17.34,0.19,0.57,1.16,3.45,4.97,1.35,4.02,0.35,1.05,0.74,2.2,9.48,3.68,7.29,10.97,1.97,6.34,2.39,7.09
1265,Primeira Liga (PT),14346,Sydney van Hooijdonk,S. van Hooijdonk,2000-02-06,44.76,12.15,10.34,9,9,0,212.0,23.56,0.11,0.47,2.0,8.49,0.0,0.0,1.22,5.19,4.11,1.22,5.19,0.0,0.0,0.0,0.0,11.56,4.67,5.33,1.0,0.22,2.14,2.11,8.96
1265,Primeira Liga (PT),14875,Jakub Brabec,J. Brabec,1992-08-06,93.92,23.88,27.05,25,25,0,430.0,17.2,0.76,4.42,3.76,21.86,0.16,0.93,0.92,5.35,2.88,0.4,2.33,1.16,6.74,0.64,3.72,2.44,1.04,3.16,12.32,2.88,17.37,0.32,1.86
1265,Primeira Liga (PT),15185,Georgios Vagiannidis,G. Vagiannidis,2001-09-12,66.16,22.03,14.48,22,21,1,378.0,18.0,1.0,5.56,3.0,16.67,0.19,1.06,0.95,5.29,3.86,0.71,3.97,0.1,0.53,0.48,2.65,5.52,3.14,5.9,4.86,0.81,6.23,0.81,4.5
1265,Primeira Liga (PT),15295,Fotis Ioannidis,F. Ioannidis,2000-01-10,40.83,13.13,8.67,13,13,0,244.0,18.77,0.54,2.87,3.15,16.8,0.15,0.82,0.46,2.46,3.92,0.92,4.92,0.0,0.0,0.08,0.41,9.69,4.46,5.38,1.54,0.23,2.48,2.15,11.48
1265,Primeira Liga (PT),15373,Georgios Liavas,G. Liavas,2001-02-12,37.91,9.1,11.59,24,24,0,610.0,25.42,0.71,2.79,3.29,12.95,0.17,0.66,0.88,3.44,1.92,1.79,7.05,0.17,0.66,0.33,1.31,6.21,5.17,7.58,9.92,1.33,5.91,3.08,12.13
1265,Primeira Liga (PT),15485,Orest Lebedenko,O. Lebedenko,1998-09-23,40.05,10.0,8.37,14,13,1,144.0,11.08,0.31,2.78,2.23,20.14,0.08,0.7,0.77,6.94,1.77,0.38,3.47,0.15,1.39,0.69,6.25,2.54,1.69,2.46,4.08,0.92,8.82,0.23,2.08
1265,Primeira Liga (PT),16008,Tiago Magalhães Sá,Tiago Sá,1995-01-11,98.02,30.08,19.79,1,1,0,0.0,0.0,0.0,,0.0,,0.0,,0.0,,0.0,0.0,,0.0,,0.0,,0.0,0.0,0.0,0.0,0.0,,0.0,
1265,Primeira Liga (PT),16011,Murilo De Souza Costa,Murilo,1994-10-31,86.84,22.03,21.4,32,32,0,1189.0,37.16,1.19,3.2,4.66,12.53,0.25,0.67,1.88,5.05,5.41,3.03,8.16,0.06,0.17,0.19,0.5,15.56,6.53,12.94,4.5,0.31,1.71,4.28,11.52
1265,Primeira Liga (PT),16014,Francisco António Machado Mota de Castro Trincão,Francisco Trincão,1999-12-29,91.74,29.81,19.68,34,33,1,1522.0,46.12,1.12,2.43,6.64,14.39,0.24,0.53,1.48,3.22,9.03,2.73,5.91,0.06,0.13,0.27,0.59,20.52,10.3,13.45,5.21,0.88,2.29,4.09,8.87
1265,Primeira Liga (PT),16032,Diogo Filipe Costa Rocha,Rochinha,1995-05-03,13.06,3.82,2.97,1,1,0,9.0,9.0,0.0,0.0,1.0,11.11,0.0,0.0,0.0,0.0,1.0,0.0,0.0,0.0,0.0,0.0,0.0,5.0,4.0,2.0,1.0,0.0,0.0,1.0,11.11
1265,Primeira Liga (PT),16058,Daniel Alexis Leite Figueira,Dani Figueira,1998-07-20,93.89,22.75,23.57,10,10,0,0.0,0.0,0.0,,0.0,,0.0,,0.0,,0.0,0.0,,0.0,,0.0,,0.0,0.0,0.0,0.0,0.0,,0.0,
1265,Primeira Liga (PT),16060,Marcelo dos Santos Ferreira,Marcelo,1989-07-27,88.73,20.94,25.21,12,12,0,157.0,13.08,0.67,5.09,3.0,22.93,0.25,1.91,0.67,5.1,2.5,0.08,0.64,1.0,7.64,0.25,1.91,1.08,1.58,1.33,8.83,2.5,19.35,0.0,0.0
1265,Primeira Liga (PT),16066,Rafael Avelino Pereira Pinto Barbosa,R. Barbosa,1996-03-29,54.17,13.02,14.7,13,13,0,378.0,29.08,0.69,2.38,3.08,10.58,0.08,0.26,1.0,3.44,4.46,2.23,7.67,0.08,0.26,0.15,0.53,12.46,3.85,8.08,4.23,0.38,4.84,3.08,10.58
1265,Primeira Liga (PT),16084,Charles Marcelo da Silva,Charles,1994-02-04,100.81,27.22,22.08,19,17,2,0.0,0.0,0.0,,0.0,,0.0,,0.0,,0.0,0.0,,0.0,,0.0,,0.0,0.0,0.0,0.0,0.0,,0.0,
1265,Primeira Liga (PT),16103,André Filipe Magalhães Ribeiro Ferreira,André Ferreira,1996-05-29,98.87,24.34,28.9,22,20,2,0.0,0.0,0.0,,0.0,,0.0,,0.0,,0.0,0.0,,0.0,,0.0,,0.0,0.0,0.0,0.0,0.0,,0.0,
1265,Primeira Liga (PT),16156,Lucas Oliveira de França,Lucas França,1996-01-19,99.55,17.81,27.28,6,5,1,0.0,0.0,0.0,,0.0,,0.0,,0.0,,0.0,0.0,,0.0,,0.0,,0.0,0.0,0.0,0.0,0.0,,0.0,
1265,Primeira Liga (PT),16180,Matheus Reis de Lima,Matheus Reis,1995-02-18,48.51,16.22,10.57,8,7,1,84.0,12.0,0.57,4.76,1.57,13.09,0.14,1.19,0.43,3.57,2.43,0.43,3.57,0.14,1.19,0.29,2.38,3.14,2.0,3.29,4.43,1.14,14.95,0.71,5.95
1265,Primeira Liga (PT),16181,Toni Borevković,T. Borevković,1997-06-18,,,,1,0,1,,,,,,,,,,,,,,,,,,,,,,,,,
1265,Primeira Liga (PT),16183,Nuno Miguel Gomes dos Santos,Nuno Santos,1995-02-13,18.68,6.15,3.12,4,4,0,24.0,6.0,0.25,4.17,0.25,4.17,0.0,0.0,0.5,8.33,1.0,0.0,0.0,0.0,0.0,0.5,8.33,2.0,1.25,2.0,2.0,0.25,10.0,1.25,20.83
1265,Primeira Liga (PT),16235,Caio Gobbo Secco,Caio Secco,1990-12-22,98.36,27.44,24.83,11,11,0,0.0,0.0,0.0,,0.0,,0.0,,0.0,,0.0,0.0,,0.0,,0.0,,0.0,0.0,0.0,0.0,0.0,,0.0,
1265,Primeira Liga (PT),16256,Stephen  Antunes Eustáquio,Stephen Eustáquio,1996-12-21,25.83,8.07,5.57,8,6,2,70.0,11.67,0.33,2.86,2.33,20.0,0.0,0.0,0.17,1.43,0.5,0.5,4.28,0.0,0.0,0.17,1.43,5.17,1.5,2.83,2.17,0.0,0.0,1.0,8.57
1265,Primeira Liga (PT),16399,Fredrik Aursnes,F. Aursnes,1995-12-10,90.84,26.29,20.35,28,27,1,962.0,35.63,1.56,4.37,5.81,16.32,0.26,0.73,1.22,3.43,5.15,2.3,6.45,0.22,0.62,0.52,1.46,12.74,6.44,10.78,7.59,1.19,4.51,1.89,5.3
1265,Primeira Liga (PT),17113,Ianis Stoica,I. Stoica,2002-12-08,56.46,13.26,14.98,32,31,1,711.0,22.94,0.45,1.97,2.68,11.67,0.03,0.14,0.77,3.38,2.74,1.61,7.03,0.19,0.84,0.19,0.84,7.87,3.48,7.84,3.16,0.35,2.07,2.97,12.94
1265,Primeira Liga (PT),17680,Leandro Barreiro Martins,Leandro Barreiro,2000-01-03,63.45,17.5,14.69,31,31,0,1112.0,35.87,0.9,2.52,4.87,13.58,0.29,0.81,1.13,3.15,4.74,2.1,5.85,0.1,0.27,0.23,0.63,14.68,7.03,11.32,6.06,1.1,4.29,3.42,9.53
1265,Primeira Liga (PT),18406,Sikou Niakaté,S. Niakaté,1999-07-10,93.05,31.87,20.58,11,11,0,141.0,12.82,0.45,3.55,2.64,20.57,0.0,0.0,0.55,4.25,1.82,0.45,3.55,0.45,3.55,0.55,4.25,2.55,1.0,3.09,6.18,0.91,7.68,0.09,0.71
1265,Primeira Liga (PT),18565,João António Antunes Carvalho,João Carvalho,1997-03-09,91.91,24.4,23.65,33,33,0,1720.0,52.12,1.97,3.78,6.73,12.91,0.27,0.52,1.85,3.55,6.27,4.09,7.85,0.03,0.06,0.58,1.1,18.91,10.18,17.58,7.73,0.85,2.2,4.39,8.43
1265,Primeira Liga (PT),18575,Gil Bastião Dias,Gil Dias,1996-09-28,81.54,20.91,20.89,33,32,1,1121.0,35.03,1.38,3.93,5.0,14.27,0.25,0.71,1.59,4.55,6.97,2.03,5.8,0.09,0.27,0.44,1.25,14.47,6.31,13.0,5.97,1.09,3.78,3.16,9.01
1265,Primeira Liga (PT),18769,Omar Richards,O. Richards,1998-02-15,54.45,14.04,15.91,14,14,0,271.0,19.36,1.0,5.17,2.93,15.13,0.5,2.58,0.79,4.06,1.86,1.07,5.54,0.57,2.95,0.14,0.74,3.86,2.57,6.86,6.14,1.07,6.58,1.14,5.9
1265,Primeira Liga (PT),18941,Billal Brahimi,B. Brahimi,2000-03-14,29.84,6.99,7.57,4,4,0,50.0,12.5,0.0,0.0,2.25,18.0,0.25,2.0,0.5,4.0,2.0,0.5,4.0,0.0,0.0,1.0,8.0,1.75,2.25,3.25,4.25,0.0,0.0,0.75,6.0
1265,Primeira Liga (PT),18992,André Green,A. Green,1998-07-26,50.1,11.21,15.4,5,4,1,123.0,30.75,0.0,0.0,4.0,13.01,0.0,0.0,1.75,5.69,3.25,4.0,13.01,0.25,0.81,0.25,0.81,8.0,5.75,7.0,4.25,0.25,0.82,3.25,10.57
1265,Primeira Liga (PT),22091,Jaume Grau Ciscar,J. Grau,1997-05-05,80.75,18.29,23.27,18,18,0,762.0,42.33,1.44,3.41,5.56,13.12,0.28,0.66,1.83,4.33,8.0,2.78,6.56,0.28,0.66,0.89,2.1,12.39,7.39,12.17,13.28,1.94,4.95,3.72,8.79
1265,Primeira Liga (PT),22134,Francisco Reis Ferreira,Ferro,1997-03-26,65.86,17.87,17.59,27,27,0,320.0,11.85,0.96,8.12,2.41,20.31,0.22,1.88,0.56,4.69,1.67,0.19,1.56,0.48,4.06,0.78,6.56,2.04,0.7,2.63,6.93,1.56,14.32,0.19,1.56
1265,Primeira Liga (PT),22135,Florentino Ibrain Morris Luís,Florentino,1999-08-19,19.63,2.93,5.77,3,3,0,56.0,18.67,1.0,5.36,0.67,3.57,0.33,1.79,0.0,0.0,2.33,1.0,5.36,0.0,0.0,0.0,0.0,2.67,5.0,5.0,12.67,2.0,10.53,2.67,14.29
1265,Primeira Liga (PT),23035,Stéphane Diarra,S. Diarra,1998-12-09,19.39,4.33,5.78,2,2,0,26.0,13.0,0.0,0.0,2.0,15.38,0.0,0.0,0.5,3.85,0.5,2.0,15.39,0.0,0.0,0.0,0.0,3.5,2.0,3.0,2.5,0.0,0.0,3.0,23.08
1265,Primeira Liga (PT),23453,Vangelis Pavlidis,V. Pavlidis,1998-11-21,88.04,26.37,19.3,33,32,1,1514.0,47.31,0.62,1.32,6.16,13.01,0.12,0.26,2.34,4.95,7.78,3.38,7.13,0.0,0.0,0.03,0.07,25.97,8.28,14.91,2.69,0.16,0.5,3.88,8.19
1265,Primeira Liga (PT),23747,Gaizka Larrazabal Goikoetxea,Gaizka Larrazabal,1997-12-17,93.99,18.56,26.31,33,32,1,982.0,30.69,1.19,3.87,3.19,10.39,0.5,1.63,1.91,6.21,3.97,1.84,6.01,0.34,1.12,0.41,1.32,8.41,3.56,10.78,8.41,1.47,7.02,2.5,8.15
1265,Primeira Liga (PT),24052,Borja Sainz Eguskiza,Borja Sainz,2001-02-21,59.36,18.24,13.98,30,27,3,946.0,35.04,1.0,2.85,5.33,15.22,0.48,1.37,1.93,5.5,8.22,2.41,6.87,0.07,0.21,0.41,1.16,14.44,7.15,9.85,5.44,0.48,2.08,2.85,8.14
1265,Primeira Liga (PT),24100,Víctor Gómez Perea,Víctor Gómez,2000-04-01,85.16,28.26,18.77,32,32,0,651.0,20.34,0.72,3.53,3.59,17.66,0.28,1.38,1.0,4.92,2.09,1.12,5.53,0.34,1.69,0.62,3.07,7.78,2.19,6.72,4.62,0.59,4.73,1.19,5.84
1265,Primeira Liga (PT),24299,Sergio Bermejo Lillo,Sergio Bermejo,1997-08-17,26.26,5.79,6.5,16,15,1,221.0,14.73,0.27,1.81,2.2,14.93,0.0,0.0,0.47,3.17,2.13,0.6,4.07,0.07,0.45,0.07,0.45,5.33,3.4,4.93,2.33,0.2,1.36,1.47,9.96
1265,Primeira Liga (PT),24446,Kelian Nsona Wa Saka,K. Nsona,2002-05-11,53.09,11.2,14.39,10,10,0,307.0,30.7,0.2,0.65,3.4,11.07,0.1,0.33,0.8,2.61,3.9,2.0,6.51,0.1,0.33,0.0,0.0,9.6,6.3,10.0,4.7,0.1,0.54,3.9,12.7
1265,Primeira Liga (PT),24585,Pablo Gozálbez Gilabert,Pablo Gozálbez,2001-04-30,43.51,10.71,11.53,28,27,1,892.0,33.04,0.85,2.58,3.78,11.44,0.19,0.56,0.93,2.8,4.96,2.3,6.95,0.04,0.11,0.15,0.45,17.81,6.78,10.41,4.67,0.59,3.17,4.96,15.02
1265,Primeira Liga (PT),24690,Kaique Rocha Lima,Kaique Rocha,2001-02-28,87.38,20.27,24.26,6,6,0,105.0,17.5,0.83,4.76,4.0,22.86,0.67,3.81,1.17,6.67,3.0,0.17,0.95,0.83,4.76,0.17,0.95,2.83,1.67,3.5,9.33,1.67,12.28,0.17,0.95
1265,Primeira Liga (PT),24863,Ricard Sánchez Sendra,Ricard Sánchez,2000-02-22,80.96,21.64,21.09,26,26,0,743.0,28.58,0.88,3.1,5.08,17.77,0.35,1.21,1.31,4.58,5.77,1.73,6.06,0.58,2.02,0.35,1.21,8.96,4.35,9.12,7.04,1.5,6.6,1.65,5.79
1265,Primeira Liga (PT),24889,Guillem Molina Gutiérrez,G. Molina,2000-05-03,55.22,9.54,16.71,7,7,0,168.0,24.0,0.43,1.78,3.29,13.69,0.57,2.38,2.14,8.93,3.29,0.43,1.78,0.43,1.78,1.86,7.74,4.43,3.57,6.57,11.14,1.86,7.97,1.29,5.36
1265,Primeira Liga (PT),25014,Anatoliy Trubin,A. Trubin,2001-08-01,100.28,29.09,22.18,32,31,1,0.0,0.0,0.0,,0.0,,0.0,,0.0,,0.0,0.0,,0.0,,0.0,,0.0,0.0,0.0,0.0,0.0,,0.0,
1265,Primeira Liga (PT),25093,Lucas Lima Linhares,Luquinhas,1996-09-28,28.35,6.79,7.89,9,9,0,170.0,18.89,0.22,1.18,2.56,13.53,0.33,1.76,0.67,3.53,3.0,0.78,4.12,0.0,0.0,0.11,0.59,6.56,4.33,6.33,3.33,0.33,2.31,1.67,8.82
1265,Primeira Liga (PT),25332,Amar Dedić,A. Dedić,2002-08-18,87.74,24.19,20.44,24,23,1,550.0,23.91,1.17,4.91,3.96,16.55,0.17,0.73,1.35,5.64,3.7,1.39,5.82,0.26,1.09,0.43,1.82,6.35,3.04,6.87,7.13,1.52,6.9,1.04,4.36
1265,Primeira Liga (PT),25572,João Paulo Santos da Costa,João Costa,1996-02-02,24.0,3.8,5.73,1,1,0,0.0,0.0,0.0,,0.0,,0.0,,0.0,,0.0,0.0,,0.0,,0.0,,0.0,0.0,0.0,0.0,0.0,,0.0,
1265,Primeira Liga (PT),25752,Pau Víctor Delgado,Pau Víctor,2001-11-26,76.5,25.87,17.05,32,32,0,1450.0,45.31,0.66,1.45,6.16,13.59,0.44,0.97,1.44,3.17,9.22,2.97,6.55,0.06,0.14,0.16,0.34,24.88,7.59,18.03,2.84,0.44,1.44,4.44,9.79
1265,Primeira Liga (PT),25754,Claudio Mendes Vicente,Clau Mendes,2000-12-08,28.17,4.63,8.25,13,12,1,197.0,16.42,0.25,1.52,1.5,9.14,0.0,0.0,0.92,5.58,2.17,1.08,6.6,0.0,0.0,0.0,0.0,7.58,2.33,3.33,0.83,0.0,0.0,1.92,11.67
1265,Primeira Liga (PT),25818,Luis Javier Suárez Charris,L. Suárez,1997-12-02,91.25,29.52,19.85,32,31,1,992.0,32.0,0.48,1.51,3.9,12.2,0.1,0.3,1.06,3.33,7.9,2.19,6.86,0.0,0.0,0.06,0.2,18.9,5.03,12.03,1.16,0.1,0.5,3.77,11.79
1265,Primeira Liga (PT),25832,José Manuel Fontán Mondragón,José Fontán,2000-02-11,94.25,24.33,24.2,30,29,1,427.0,14.72,0.48,3.28,3.0,20.37,0.17,1.17,0.59,3.98,2.93,0.31,2.11,0.72,4.92,0.48,3.28,3.28,1.38,3.45,8.59,1.66,12.94,0.14,0.94
1265,Primeira Liga (PT),25849,Sabit Abdulai,S. Abdulai,1999-05-11,76.03,17.88,23.97,16,16,0,779.0,48.69,1.44,2.95,6.44,13.22,0.19,0.39,1.19,2.44,4.62,2.75,5.65,0.31,0.64,0.44,0.9,13.94,8.06,16.56,15.81,2.0,4.59,6.12,12.58
1265,Primeira Liga (PT),25973,Maximiliano Javier Araújo Vilches,M. Araújo,2000-02-15,85.6,27.69,18.54,29,28,1,870.0,31.07,1.29,4.14,4.93,15.86,0.39,1.27,1.07,3.45,5.36,1.5,4.83,0.32,1.03,0.39,1.26,9.25,6.39,9.79,7.64,1.46,5.91,1.5,4.83
1265,Primeira Liga (PT),25981,Ignacio de Arruabarrena Fernández,I. de Arruabarrena,1997-01-16,100.36,26.62,25.66,16,16,0,0.0,0.0,0.0,,0.0,,0.0,,0.0,,0.0,0.0,,0.0,,0.0,,0.0,0.0,0.0,0.0,0.0,,0.0,
1265,Primeira Liga (PT),26143,Amadou Danté,A. Danté,2000-10-07,54.33,12.64,14.35,17,16,1,325.0,20.31,0.88,4.31,2.94,14.46,0.19,0.92,1.06,5.23,2.75,1.38,6.77,0.31,1.54,0.38,1.85,4.38,2.94,5.44,11.0,1.94,11.71,0.94,4.62
1265,Primeira Liga (PT),26218,Yassin Oukili,Y. Oukili,2001-01-03,60.47,12.39,15.85,8,8,0,250.0,31.25,0.62,2.0,4.0,12.8,0.12,0.4,1.0,3.2,5.12,2.12,6.8,0.12,0.4,0.88,2.8,8.12,4.25,10.12,8.75,1.38,4.36,3.62,11.6
1265,Primeira Liga (PT),26604,Rafel Obrador Burguera,Rafel Obrador,2004-02-24,68.18,23.5,13.68,1,1,0,14.0,14.0,0.0,0.0,5.0,35.71,1.0,7.14,1.0,7.14,3.0,0.0,0.0,1.0,7.14,1.0,7.14,1.0,0.0,2.0,7.0,0.0,0.0,1.0,7.14
1265,Primeira Liga (PT),26780,Arjen van der Heide,A. van der Heide,2001-11-19,30.88,7.31,7.94,10,10,0,209.0,20.9,0.2,0.96,1.9,9.09,0.2,0.96,0.8,3.83,2.9,1.7,8.13,0.1,0.48,0.1,0.48,8.6,5.8,7.4,2.6,0.0,0.0,1.9,9.09
1265,Primeira Liga (PT),26900,Hidemasa Morita,H. Morita,1995-05-10,63.18,20.2,13.57,31,30,1,966.0,32.2,1.33,4.14,4.87,15.11,0.23,0.72,0.73,2.28,3.63,2.4,7.45,0.1,0.31,0.3,0.93,10.8,6.6,9.1,7.6,1.37,5.57,2.47,7.66
1265,Primeira Liga (PT),27238,Diogo Dos Santos Cabral,Calila,1998-10-10,49.07,11.87,12.18,23,23,0,354.0,15.39,0.48,3.11,2.26,14.69,0.13,0.85,0.52,3.39,2.57,1.17,7.63,0.22,1.41,0.83,5.37,3.61,1.65,4.43,5.0,1.0,7.71,0.96,6.22
1265,Primeira Liga (PT),27240,Tiago Alexandre  Sousa Esgaio,Tiago Esgaio,1995-08-01,93.13,24.28,23.9,29,28,1,733.0,26.18,0.93,3.55,4.29,16.37,0.36,1.36,1.46,5.59,3.32,1.0,3.82,0.46,1.77,0.96,3.68,6.11,3.96,6.93,11.11,1.79,7.91,1.43,5.46
1265,Primeira Liga (PT),27242,Nilton Varela Lopes,Nilton Varela,2001-05-25,62.08,10.07,21.39,1,1,0,27.0,27.0,1.0,3.7,4.0,14.81,0.0,0.0,1.0,3.7,3.0,2.0,7.41,0.0,0.0,2.0,7.41,4.0,2.0,10.0,10.0,2.0,7.41,0.0,0.0
1265,Primeira Liga (PT),27244,Cassiano Dias Moreira,Cassiano,1989-06-16,65.25,13.01,18.53,31,30,1,1377.0,45.9,0.47,1.02,4.57,9.95,0.1,0.22,1.2,2.61,9.63,3.23,7.04,0.03,0.07,0.0,0.0,23.3,9.37,14.63,2.9,0.43,1.32,5.83,12.71
1265,Primeira Liga (PT),27253,Ricardo Luís Chaby Mangas,Ricardo Mangas,1998-03-19,63.74,20.82,13.12,15,15,0,296.0,19.73,1.13,5.74,3.27,16.56,0.13,0.68,1.07,5.4,3.33,1.0,5.07,0.33,1.69,0.4,2.03,5.67,3.47,5.07,5.6,0.93,6.97,0.87,4.39
1265,Primeira Liga (PT),27254,Bruno Miguel Ponces Lourenço,Bruno Lourenço,1998-02-02,38.17,10.03,7.85,7,7,0,128.0,18.29,1.29,7.03,3.0,16.41,0.0,0.0,0.86,4.69,3.0,1.29,7.03,0.0,0.0,0.29,1.56,7.57,3.57,5.57,1.43,0.29,3.87,1.86,10.16
1265,Primeira Liga (PT),27265,Lawrence Ofori,L. Ofori,1998-06-28,55.07,11.1,15.97,16,15,1,399.0,26.6,1.0,3.76,3.47,13.03,0.07,0.25,1.27,4.76,3.13,1.67,6.26,0.13,0.5,0.73,2.76,6.87,4.73,8.93,8.8,0.87,4.5,3.13,11.78
1265,Primeira Liga (PT),27266,Patricio Nehuén Pérez,N. Pérez,2000-06-24,53.25,15.72,12.86,6,4,2,31.0,7.75,0.5,6.45,1.75,22.58,0.0,0.0,0.75,9.68,0.75,0.25,3.23,0.25,3.23,0.0,0.0,2.0,0.25,3.0,4.0,0.25,4.59,0.25,3.23
1265,Primeira Liga (PT),27268,Gustavo Enrique Giordano Assunção Amaro Da Silva,G. Assunção,2000-03-30,76.02,17.13,21.4,10,10,0,455.0,45.5,1.5,3.3,5.7,12.52,0.1,0.22,0.7,1.54,4.4,2.7,5.93,0.3,0.66,1.1,2.42,12.1,8.2,16.4,16.9,1.6,3.85,4.8,10.55
1265,Primeira Liga (PT),27270,Sandro César Cordovil de Lima,Sandro Lima,1990-10-28,53.7,13.3,15.77,29,29,0,1095.0,37.76,0.28,0.73,3.76,9.95,0.14,0.37,1.28,3.38,8.1,2.79,7.4,0.03,0.09,0.07,0.18,20.31,6.34,13.31,2.69,0.03,0.93,3.66,9.68
1265,Primeira Liga (PT),27278,Vitor Carvalho Vieira,Vitor Carvalho,1997-05-27,76.46,25.78,17.35,15,15,0,158.0,10.53,0.73,6.96,2.6,24.68,0.07,0.63,0.53,5.06,1.87,0.07,0.63,0.47,4.43,0.87,8.23,2.2,1.2,1.73,6.2,1.2,12.5,0.07,0.63
1265,Primeira Liga (PT),27290,Abdu Cadri Conté,Abdu Conté,1998-03-24,70.33,14.4,18.92,22,21,1,413.0,19.67,0.81,4.12,3.9,19.85,0.14,0.73,1.0,5.08,2.81,0.95,4.84,0.33,1.69,0.33,1.7,4.57,2.62,6.81,6.57,1.33,8.02,1.1,5.57
1265,Primeira Liga (PT),27291,Nuno Miguel Valente Santos,Nuno Santos,1999-03-02,49.73,11.23,10.47,5,4,1,101.0,25.25,0.5,1.98,4.25,16.83,0.0,0.0,1.0,3.96,2.5,2.25,8.91,0.0,0.0,0.0,0.0,14.5,3.25,11.25,2.0,0.0,0.0,2.25,8.91
1265,Primeira Liga (PT),27292,Filipe Miguel Barros Soares,Filipe Soares,1999-05-20,50.59,10.99,12.24,18,17,1,419.0,24.65,0.47,1.91,4.0,16.23,0.06,0.24,0.76,3.1,4.12,1.41,5.73,0.0,0.0,0.35,1.43,7.18,5.41,6.53,8.76,0.76,3.0,2.59,10.5
1265,Primeira Liga (PT),27301,Bernardo Sousa Pereira Brites Martins,Benny,1997-12-04,49.93,11.38,14.13,14,14,0,454.0,32.43,0.86,2.64,3.57,11.01,0.07,0.22,1.36,4.19,3.93,3.0,9.25,0.07,0.22,0.36,1.1,11.14,7.0,10.0,8.57,1.29,4.94,2.5,7.71
1265,Primeira Liga (PT),27316,Pedro Miguel Gaspar Amaral,Pedro Amaral,1997-08-25,73.23,19.91,18.62,27,27,0,665.0,24.63,0.89,3.61,3.96,16.09,0.37,1.5,0.85,3.46,2.89,1.41,5.71,0.41,1.65,1.04,4.21,6.41,3.56,7.7,7.52,1.04,5.49,1.67,6.77
1265,Primeira Liga (PT),27320,Guilherme Schettine Guimarães,Guilherme Schettine,1995-10-10,69.6,18.42,19.44,15,15,0,688.0,45.87,0.67,1.45,6.27,13.66,0.2,0.44,1.73,3.78,10.27,3.33,7.27,0.0,0.0,0.2,0.44,25.87,7.87,15.87,2.2,0.13,1.08,4.93,10.76
1265,Primeira Liga (PT),27321,Lincoln Henrique Oliveira dos Santos,Lincoln,1998-11-07,83.9,20.37,23.75,29,29,0,1600.0,55.17,1.83,3.31,7.86,14.25,0.31,0.56,1.69,3.06,6.83,4.28,7.75,0.17,0.31,0.62,1.13,18.72,11.76,16.62,15.31,2.1,4.76,6.9,12.5
1265,Primeira Liga (PT),27324,Zaidu Sanusi,Z. Sanusi,1997-06-13,61.5,17.39,15.08,17,14,3,258.0,18.43,0.64,3.49,3.29,17.83,0.07,0.39,1.14,6.2,3.14,1.29,6.98,0.21,1.16,0.43,2.33,6.86,2.29,7.79,4.71,0.36,3.4,1.93,10.46
1265,Primeira Liga (PT),27498,Alexander Hartmann Bah,A. Bah,1997-12-09,58.58,17.55,12.95,9,9,0,128.0,14.22,0.89,6.25,1.89,13.28,0.11,0.78,0.33,2.34,2.11,0.67,4.69,0.22,1.56,0.0,0.0,3.44,2.0,4.33,3.67,0.33,2.86,0.11,0.78
1265,Primeira Liga (PT),27685, Teremas Igobor Moffi,T. Moffi,1999-05-25,35.81,8.3,8.48,9,8,1,154.0,19.25,0.38,1.95,3.25,16.88,0.0,0.0,0.62,3.25,4.75,1.5,7.79,0.0,0.0,0.0,0.0,11.5,2.5,7.5,0.75,0.12,1.59,2.25,11.69
1265,Primeira Liga (PT),28301,Vinícius Lopes da Silva,Vinícius Lopes,1999-05-07,60.8,16.33,14.93,28,27,1,767.0,28.41,0.89,3.13,3.93,13.82,0.22,0.78,1.04,3.65,4.33,1.96,6.91,0.04,0.13,0.15,0.52,9.59,4.52,8.7,4.41,0.78,4.43,2.74,9.65
1265,Primeira Liga (PT),28314,Darlan Pereira Mendes,Darlan,1998-04-16,21.0,4.07,4.28,7,6,1,64.0,10.67,0.33,3.13,1.17,10.94,0.17,1.56,0.17,1.56,2.0,0.83,7.81,0.0,0.0,0.0,0.0,5.33,2.0,3.33,0.83,0.33,6.67,1.67,15.62
1265,Primeira Liga (PT),28338,Gabriel Veron Fonseca de Souza,Gabriel Veron,2002-09-03,67.95,16.87,18.18,12,10,2,362.0,36.2,1.2,3.32,4.1,11.33,0.4,1.11,0.8,2.21,7.5,3.4,9.39,0.0,0.0,0.5,1.38,17.5,5.8,11.3,4.7,1.1,5.19,4.7,12.98
1265,Primeira Liga (PT),28347,Igor Matheus Liziero Pereira,Liziero,1998-02-07,88.86,19.33,24.13,28,24,4,1264.0,52.67,1.38,2.61,7.88,14.95,0.21,0.4,1.38,2.61,5.29,3.88,7.36,0.25,0.47,0.42,0.79,17.29,7.96,18.75,15.67,2.21,4.72,5.29,10.05
1265,Primeira Liga (PT),28776,Morten Due Hjulmand,M. Hjulmand,1999-06-25,95.99,30.71,20.64,27,26,1,1076.0,41.38,1.35,3.25,6.85,16.54,0.35,0.84,0.73,1.77,4.77,2.77,6.69,0.15,0.37,0.42,1.02,15.31,6.08,12.0,10.54,1.96,5.89,3.96,9.57
1265,Primeira Liga (PT),29173,Lucas Soares de Almeida,Lucas Soares,1998-05-04,79.86,19.65,20.89,28,27,1,742.0,27.48,0.63,2.29,4.04,14.69,0.3,1.08,1.48,5.39,3.33,1.33,4.85,0.26,0.94,0.44,1.62,6.81,2.74,9.67,7.41,1.0,4.09,1.93,7.01
1265,Primeira Liga (PT),29175,Jefferson Anilson Silva Encada,J. Encada,1998-04-17,64.28,15.39,16.45,25,25,0,529.0,21.16,0.72,3.4,2.76,13.04,0.32,1.51,0.84,3.97,1.48,0.96,4.54,0.4,1.89,0.44,2.08,4.6,2.72,5.64,6.8,1.4,8.92,1.24,5.86
1265,Primeira Liga (PT),29191,João Pedro Oliveira Gonçalves,J. Gonçalves,2000-11-05,98.29,21.65,27.4,6,6,0,0.0,0.0,0.0,,0.0,,0.0,,0.0,,0.0,0.0,,0.0,,0.0,,0.0,0.0,0.0,0.0,0.0,,0.0,
1265,Primeira Liga (PT),29194,Jóbson de Brito Gonzaga,Maracás,1994-04-27,97.73,25.25,26.72,29,28,1,381.0,13.61,1.14,8.4,2.43,17.85,0.14,1.05,0.61,4.46,2.11,0.46,3.41,0.61,4.46,0.36,2.63,2.68,0.71,2.82,8.29,1.86,14.87,0.32,2.36
1265,Primeira Liga (PT),29197,Simão Verza Bertelli,Simão,1993-07-02,98.86,21.69,29.37,12,12,0,0.0,0.0,0.0,,0.0,,0.0,,0.0,,0.0,0.0,,0.0,,0.0,,0.0,0.0,0.0,0.0,0.0,,0.0,
1265,Primeira Liga (PT),29221,João Nuno Figueiredo Valido,João Valido,2000-03-03,99.22,24.3,25.99,9,8,1,0.0,0.0,0.0,,0.0,,0.0,,0.0,,0.0,0.0,,0.0,,0.0,,0.0,0.0,0.0,0.0,0.0,,0.0,
1265,Primeira Liga (PT),29224,João Diogo Alves Rodrigues,Kikas,1998-09-17,76.81,18.91,18.2,17,16,1,608.0,38.0,0.06,0.16,3.94,10.36,0.06,0.16,1.12,2.96,6.88,2.44,6.41,0.0,0.0,0.19,0.49,22.62,7.44,10.88,2.94,0.12,0.27,3.69,9.7
1265,Primeira Liga (PT),29227,Michael Simões Domingues,Mika,1991-03-08,97.26,32.82,20.47,1,1,0,0.0,0.0,0.0,,0.0,,0.0,,0.0,,0.0,0.0,,0.0,,0.0,,0.0,0.0,0.0,0.0,0.0,,0.0,
1265,Primeira Liga (PT),29234,Ânderson Miguel da Silva,Nenê,1983-07-28,23.5,5.42,6.01,21,21,0,240.0,11.43,0.05,0.42,1.71,15.0,0.05,0.42,0.29,2.5,2.19,0.86,7.5,0.0,0.0,0.05,0.42,5.0,1.52,2.81,0.86,0.0,0.0,1.19,10.42
1265,Primeira Liga (PT),29708,Rodrigo Zalazar Martínez,Rodrigo Zalazar,1999-08-12,76.52,25.14,17.04,28,28,0,1146.0,40.93,1.07,2.62,5.57,13.61,0.46,1.13,1.32,3.23,6.93,3.11,7.59,0.0,0.0,0.29,0.7,20.82,7.5,14.86,2.96,0.39,1.41,4.5,10.99
1265,Primeira Liga (PT),29766,Christian Fernandes Marques,Christian Marques,2003-01-15,96.32,21.7,28.01,31,31,0,494.0,15.94,0.52,3.24,3.42,21.46,0.19,1.21,0.45,2.83,1.84,0.23,1.42,0.55,3.44,0.74,4.66,3.19,2.03,3.94,9.74,2.16,14.69,0.35,2.23
1265,Primeira Liga (PT),29796,Bright Akwo Arrey-Mbi,B. Arrey-Mbi,2003-03-26,87.6,28.72,20.09,23,23,0,363.0,15.78,1.39,8.81,3.61,22.86,0.26,1.65,0.61,3.86,2.61,0.61,3.86,0.61,3.86,0.65,4.13,4.87,1.3,4.78,6.65,1.61,11.88,0.43,2.75
1265,Primeira Liga (PT),29802,Alejandro Orellana Gómez,Jandro Orellana,2000-08-07,72.97,20.62,19.19,19,19,0,676.0,35.58,0.84,2.37,5.53,15.53,0.26,0.74,1.21,3.4,3.63,2.53,7.1,0.05,0.15,0.47,1.33,12.21,5.79,10.26,6.53,0.47,2.22,2.47,6.95
1265,Primeira Liga (PT),30227,Ennio van der Gouw,E. van der Gouw,2000-02-14,98.57,26.4,27.67,10,10,0,0.0,0.0,0.0,,0.0,,0.0,,0.0,,0.0,0.0,,0.0,,0.0,,0.0,0.0,0.0,0.0,0.0,,0.0,
1265,Primeira Liga (PT),30263,Telmo Emanuel Gomes Arcanjo,Telmo Arcanjo,2001-06-21,48.26,12.53,10.89,29,28,1,518.0,18.5,0.75,4.05,2.29,12.36,0.25,1.35,0.75,4.05,3.07,1.04,5.6,0.04,0.19,0.04,0.19,7.43,3.04,6.21,2.25,0.57,5.97,1.96,10.62
1265,Primeira Liga (PT),30266,Eduardo Filipe Quaresma Coimbra Simões,Eduardo Quaresma,2002-03-02,80.93,26.38,17.31,16,15,1,265.0,17.67,1.33,7.55,3.93,22.27,0.27,1.51,0.67,3.77,2.53,0.2,1.13,0.67,3.77,0.8,4.53,4.4,2.33,4.33,7.93,1.93,11.0,0.07,0.38
1265,Primeira Liga (PT),30270,Fabiano Josué de Souza Silva,Fabiano,2000-03-14,76.12,21.31,20.48,7,7,0,156.0,22.29,1.0,4.49,4.14,18.59,0.29,1.28,0.71,3.21,4.57,1.29,5.77,0.57,2.57,0.71,3.21,5.57,3.57,5.71,7.29,1.0,5.93,0.14,0.64
1265,Primeira Liga (PT),30276,Roberto de Jesus Machado,Bebeto,1990-01-01,84.86,19.1,24.09,24,24,0,663.0,27.62,1.62,5.88,3.92,14.18,0.04,0.15,1.29,4.67,4.12,1.25,4.52,0.58,2.11,0.46,1.66,6.92,2.67,9.38,9.0,1.67,7.14,1.0,3.62
1265,Primeira Liga (PT),30293,Joelson Augusto Mendes Mango Fernandes,Joelson Fernandes,2003-02-28,47.32,12.37,10.66,24,24,0,494.0,20.58,0.46,2.23,3.67,17.81,0.12,0.61,0.92,4.45,5.08,1.58,7.69,0.0,0.0,0.25,1.22,8.04,4.04,7.83,3.25,0.33,1.8,2.38,11.54
1265,Primeira Liga (PT),30298,Sphepehlo S'Miso Sithole,Y. Sithole,1999-03-03,66.32,14.64,18.95,26,26,0,924.0,35.54,1.08,3.03,4.54,12.77,0.23,0.65,1.27,3.57,4.62,1.85,5.19,0.12,0.32,0.54,1.52,10.73,7.42,10.27,8.92,1.35,4.82,3.0,8.44
1265,Primeira Liga (PT),30300,Gonçalo Bernardino Inácio,Gonçalo Inácio,2001-08-25,94.85,30.39,20.63,29,28,1,417.0,14.89,0.96,6.47,3.39,22.78,0.25,1.68,0.5,3.36,2.46,0.5,3.36,0.39,2.64,0.46,3.12,3.96,0.96,3.61,7.0,1.46,11.95,0.46,3.12
1265,Primeira Liga (PT),30324,Bruno Alberto Langa,Bruno Langa,1997-10-31,87.92,20.87,24.86,11,11,0,278.0,25.27,0.55,2.16,3.36,13.31,0.36,1.44,1.09,4.32,2.91,1.45,5.76,0.64,2.52,0.64,2.52,5.82,3.36,8.55,9.45,2.36,10.06,2.09,8.28
1265,Primeira Liga (PT),30877,Marc Gual Huguet,Marc Gual,1996-03-13,21.86,5.21,6.89,10,10,0,171.0,17.1,0.2,1.17,1.5,8.77,0.2,1.17,0.7,4.09,3.6,0.8,4.68,0.1,0.58,0.0,0.0,7.3,2.9,5.6,2.3,0.2,4.35,1.9,11.11
1265,Primeira Liga (PT),30920,Héctor José Hernández Marrero,Héctor Hernández,1995-09-14,44.57,10.99,10.28,9,9,0,231.0,25.67,0.33,1.3,4.33,16.88,0.0,0.0,1.33,5.19,8.0,1.89,7.36,0.0,0.0,0.0,0.0,14.33,4.0,9.11,1.0,0.33,2.0,3.56,13.85
1265,Primeira Liga (PT),30935,Iván Martínez Gonzálvez,Iván Barbero,1998-08-17,67.7,18.54,17.46,31,30,1,1403.0,46.77,0.73,1.57,5.17,11.05,0.17,0.36,1.1,2.35,7.93,3.17,6.77,0.03,0.07,0.23,0.5,27.83,6.63,15.2,3.47,0.4,1.53,5.77,12.33
1265,Primeira Liga (PT),30953,Rémy Vita,R. Vita,2001-04-01,62.4,15.53,13.94,4,4,0,93.0,23.25,0.5,2.15,3.25,13.98,0.0,0.0,0.5,2.15,3.25,1.25,5.37,0.0,0.0,1.25,5.38,6.75,3.0,8.75,6.25,0.5,2.15,1.75,7.53
1265,Primeira Liga (PT),31598,Adriano Firmino dos Santos da Silva,Adriano Firmino,1999-11-04,87.72,22.09,23.68,18,18,0,717.0,39.83,0.94,2.37,5.89,14.78,0.06,0.14,0.78,1.95,2.89,3.39,8.51,0.22,0.56,0.28,0.7,11.67,5.72,13.28,12.33,1.67,4.5,5.06,12.69
1265,Primeira Liga (PT),31658,Eduardo Gabriel Aquino Cossa,Pepê,1997-02-24,77.81,24.07,17.59,30,27,3,1162.0,43.04,1.04,2.41,5.41,12.56,0.56,1.29,1.41,3.27,6.0,3.85,8.95,0.04,0.09,0.3,0.69,20.3,9.81,15.04,4.93,0.48,1.54,4.7,10.93
1265,Primeira Liga (PT),31740,Gabriel Batista de Souza,Gabriel Batista,1998-06-03,99.28,24.91,25.16,32,31,1,0.0,0.0,0.0,,0.0,,0.0,,0.0,,0.0,0.0,,0.0,,0.0,,0.0,0.0,0.0,0.0,0.0,,0.0,
1265,Primeira Liga (PT),31762,Lucas Alexandre Galdino de Azevedo,Lucão,2001-02-26,99.86,26.17,23.73,8,8,0,0.0,0.0,0.0,,0.0,,0.0,,0.0,,0.0,0.0,,0.0,,0.0,,0.0,0.0,0.0,0.0,0.0,,0.0,
1265,Primeira Liga (PT),31813,Welinton Macedo dos Santos,Welinton Torrão,1999-06-30,41.07,9.53,9.68,18,17,1,263.0,15.47,0.35,2.28,2.76,17.87,0.12,0.76,0.82,5.32,3.88,1.41,9.13,0.0,0.0,0.24,1.52,5.0,2.65,3.88,2.06,0.29,3.19,1.29,8.36
1265,Primeira Liga (PT),31815,Ulisses Wilson Jeronymo Rocha,Ulisses,1999-09-28,59.13,13.46,14.27,5,4,1,33.0,8.25,0.75,9.09,2.0,24.24,0.0,0.0,0.5,6.06,1.5,0.0,0.0,0.25,3.03,0.0,0.0,1.25,1.0,3.25,3.75,1.0,14.61,0.25,3.03
1265,Primeira Liga (PT),31932,Miguel Baeza Pérez,Miguel Baeza,2000-03-27,56.44,14.13,14.88,14,11,3,373.0,33.91,0.64,1.88,3.55,10.46,0.09,0.27,1.36,4.02,5.09,2.09,6.16,0.09,0.27,0.18,0.54,11.55,5.55,11.09,7.64,0.91,4.84,3.45,10.19
1265,Primeira Liga (PT),31934,Gabriel Veiga Novas,Gabri Veiga,2002-05-27,56.67,17.52,13.17,31,28,3,825.0,29.46,1.04,3.52,4.82,16.36,0.11,0.36,0.89,3.03,5.89,1.61,5.45,0.04,0.12,0.18,0.61,11.75,5.75,9.57,5.61,0.79,3.74,2.75,9.33
1265,Primeira Liga (PT),31971,Cedric Wilfred Teguia,Cedric Teguia,2001-10-01,45.48,11.38,12.99,21,21,0,405.0,19.29,0.86,4.44,2.43,12.59,0.33,1.73,0.71,3.7,1.19,1.81,9.38,0.19,0.99,0.24,1.23,6.76,2.9,6.71,3.67,0.57,4.2,2.38,12.35
1265,Primeira Liga (PT),32102,Kévin Boma,K. Boma,2002-11-20,89.87,22.73,23.65,21,21,0,323.0,15.38,1.14,7.43,3.62,23.53,0.14,0.93,0.67,4.33,3.38,0.62,4.03,0.57,3.72,0.9,5.88,3.1,1.19,2.76,7.86,2.38,18.65,0.38,2.48
1265,Primeira Liga (PT),32468,Georgiy Sudakov,H. Sudakov,2002-09-01,68.93,20.77,15.68,22,21,1,637.0,30.33,0.48,1.57,4.14,13.66,0.19,0.63,1.0,3.3,3.43,2.48,8.16,0.1,0.31,0.29,0.94,14.29,3.95,8.43,3.71,0.33,2.04,3.67,12.09
1265,Primeira Liga (PT),32509,Justin de Haas,J. de Haas,2000-02-01,99.99,25.6,25.07,31,30,1,444.0,14.8,1.03,6.98,3.17,21.4,0.23,1.58,1.0,6.76,2.9,0.33,2.25,0.63,4.28,0.57,3.83,2.27,1.6,2.47,8.57,1.9,13.78,0.07,0.45
1265,Primeira Liga (PT),32834,Patrick de Paula Carreiro,Patrick de Paula,1999-09-08,50.65,12.96,12.88,9,9,0,184.0,20.44,1.0,4.89,3.67,17.93,0.0,0.0,0.56,2.72,3.22,1.56,7.61,0.11,0.54,0.22,1.09,7.0,2.11,5.89,4.56,0.78,4.08,2.56,12.5
1265,Primeira Liga (PT),32837,Gabriel Silva Vieira,Gabriel Silva,2002-03-22,82.88,20.95,20.35,29,28,1,973.0,34.75,0.61,1.75,4.64,13.36,0.11,0.31,1.36,3.91,8.57,2.39,6.89,0.0,0.0,0.21,0.62,14.46,5.36,10.86,3.5,0.54,2.42,3.21,9.25
1265,Primeira Liga (PT),32890,Roni Medeiros De Moura,Roni,1999-04-15,88.59,16.79,28.71,16,15,1,679.0,45.27,2.2,4.86,7.47,16.49,0.27,0.59,1.93,4.27,3.53,2.87,6.33,0.47,1.03,0.8,1.77,8.93,6.53,12.2,18.53,2.53,7.02,2.6,5.74
1265,Primeira Liga (PT),32896,David Sousa Albino,David Sousa,2001-07-04,96.94,18.68,26.83,26,26,0,479.0,18.42,0.92,5.01,3.73,20.25,0.27,1.46,1.0,5.43,2.23,0.46,2.51,0.42,2.3,0.69,3.76,3.73,1.5,4.35,8.88,1.85,10.81,0.58,3.13
1265,Primeira Liga (PT),32906,Weverson Moreira da Costa,Weverson,2000-07-05,31.16,9.2,5.66,1,1,0,3.0,3.0,0.0,0.0,2.0,66.67,0.0,0.0,0.0,0.0,1.0,0.0,0.0,1.0,33.33,0.0,0.0,0.0,0.0,1.0,1.0,1.0,33.33,0.0,0.0
1265,Primeira Liga (PT),32918,Paulo Henrique Pereira da Silva,Paulinho Bóia,1998-06-26,92.51,20.16,24.21,33,29,4,1366.0,47.1,1.45,3.07,6.45,13.69,0.21,0.44,1.83,3.88,9.55,3.0,6.37,0.1,0.22,0.34,0.73,17.93,7.66,16.41,7.59,0.62,2.01,4.76,10.1
1265,Primeira Liga (PT),32928,Leonardo Javier Realpe Montaño,L. Realpe,2001-02-26,78.7,20.03,19.39,24,23,1,288.0,12.52,0.57,4.51,2.39,19.1,0.43,3.47,0.7,5.56,2.57,0.17,1.39,0.74,5.9,0.61,4.86,2.39,1.3,2.43,6.65,1.13,10.02,0.13,1.04
1265,Primeira Liga (PT),32979,Richard Ríos Montoya,R. Ríos,2000-06-02,92.6,26.74,20.94,27,26,1,1000.0,38.46,2.12,5.5,5.88,15.3,0.38,1.0,1.42,3.7,8.0,1.54,4.0,0.12,0.3,0.77,2.0,12.77,7.15,12.0,9.88,1.62,4.8,3.0,7.8
1265,Primeira Liga (PT),32992,Matheus Mendes Werneck de Oliveira,Matheus Mendes,1999-03-10,99.27,23.88,27.71,9,9,0,0.0,0.0,0.0,,0.0,,0.0,,0.0,,0.0,0.0,,0.0,,0.0,,0.0,0.0,0.0,0.0,0.0,,0.0,
1265,Primeira Liga (PT),33028,Pedro Miguel Dinis Ferreira,Pedro Ferreira,1998-01-05,68.48,17.46,17.3,31,30,1,1322.0,44.07,1.23,2.8,6.73,15.28,0.47,1.06,1.57,3.56,6.6,2.57,5.82,0.27,0.61,0.4,0.91,14.53,9.57,10.3,10.77,2.13,6.39,5.27,11.95
1265,Primeira Liga (PT),33154,Simon Elisor,S. Elisor,1999-07-22,67.55,17.41,17.3,33,32,1,1216.0,38.0,0.22,0.58,4.34,11.43,0.06,0.16,1.47,3.87,8.16,2.38,6.25,0.0,0.0,0.06,0.16,21.34,5.19,9.72,1.03,0.09,0.27,5.59,14.72
1265,Primeira Liga (PT),33173,Lenny Vallier,L. Vallier,1999-04-24,62.34,14.09,15.5,14,12,2,266.0,22.17,0.92,4.14,4.58,20.68,0.5,2.26,1.67,7.52,3.33,0.75,3.38,0.17,0.75,0.5,2.26,4.83,2.75,6.25,8.25,1.08,5.02,1.0,4.51
1265,Primeira Liga (PT),33624,Francisco Sampaio Moura,Francisco Moura,1999-08-16,68.48,21.85,14.86,21,21,0,475.0,22.62,0.86,3.79,4.29,18.95,0.48,2.11,1.19,5.26,2.86,0.95,4.21,0.38,1.68,0.19,0.84,6.81,3.33,6.71,5.9,0.9,6.34,0.86,3.79
1265,Primeira Liga (PT),33626,Cristian David Castro Devenish,C. Devenish,2001-01-25,91.59,18.93,27.9,26,26,0,334.0,12.85,1.0,7.78,2.38,18.56,0.23,1.8,0.69,5.39,2.27,0.12,0.9,0.69,5.39,0.54,4.19,1.5,1.42,2.42,8.15,1.5,12.63,0.27,2.1
1265,Primeira Liga (PT),33629,Sebastián Pérez Cardona,S. Pérez,1993-03-29,64.34,13.89,17.12,27,27,0,958.0,35.48,0.7,1.98,5.63,15.87,0.15,0.42,1.3,3.65,4.59,2.48,6.99,0.19,0.52,0.67,1.88,11.37,6.22,11.85,11.41,1.48,5.26,4.3,12.11
1265,Primeira Liga (PT),33655,Daniel Santos Bragança,Daniel Bragança,1999-05-27,41.9,13.98,8.52,14,14,0,242.0,17.29,0.64,3.72,2.79,16.12,0.0,0.0,0.29,1.65,2.21,0.79,4.54,0.0,0.0,0.29,1.65,6.36,2.86,4.57,3.86,0.43,3.62,1.07,6.2
1265,Primeira Liga (PT),33658,Witiness Chimoio João Quembo,Witi,1996-08-26,42.76,8.87,11.12,26,23,3,568.0,24.7,0.48,1.94,3.61,14.61,0.3,1.23,1.22,4.93,3.96,1.48,5.99,0.09,0.35,0.43,1.76,9.0,5.26,8.57,4.65,0.17,1.92,2.91,11.8
1265,Primeira Liga (PT),33674,Tiago Fontoura Fonseca Morais,Tiago Morais,2003-09-03,40.74,8.43,11.07,19,18,1,414.0,23.0,0.39,1.69,3.0,13.04,0.17,0.72,1.0,4.35,4.11,1.0,4.35,0.0,0.0,0.06,0.24,9.89,4.11,7.94,3.39,0.17,1.2,2.28,9.9
1265,Primeira Liga (PT),33885,Yahya Kalley,Y. Kalley,2001-03-20,11.93,2.65,3.46,2,2,0,9.0,4.5,0.0,0.0,1.0,22.22,0.5,11.11,1.0,22.22,0.5,0.0,0.0,0.5,11.11,0.5,11.11,0.0,0.5,0.5,2.5,1.0,28.57,0.5,11.11
1265,Primeira Liga (PT),33926,Muhammed Kerem Aktürkoğlu,K. Aktürkoğlu,1998-10-21,29.2,8.82,6.52,1,1,0,10.0,10.0,1.0,10.0,2.0,20.0,0.0,0.0,0.0,0.0,2.0,0.0,0.0,0.0,0.0,0.0,0.0,1.0,2.0,3.0,3.0,0.0,0.0,1.0,10.0
1265,Primeira Liga (PT),34066,Samuel Jumpe Soares,Samuel Soares,2002-06-15,97.52,30.65,23.14,2,2,0,0.0,0.0,0.0,,0.0,,0.0,,0.0,,0.0,0.0,,0.0,,0.0,,0.0,0.0,0.0,0.0,0.0,,0.0,
1265,Primeira Liga (PT),34113,Jordi Escobar Fernández,J. Escobar,2002-02-10,35.68,8.93,9.48,5,5,0,104.0,20.8,0.0,0.0,3.4,16.34,0.4,1.92,1.0,4.81,3.4,0.6,2.88,0.0,0.0,0.0,0.0,11.2,2.2,5.2,1.6,0.0,0.0,3.0,14.42
1265,Primeira Liga (PT),34125,José Carlos Teixeira Lopes Reis Gonçalves,Zé Carlos,1998-07-31,85.61,21.78,21.06,32,31,1,727.0,23.45,0.9,3.85,4.94,21.05,0.42,1.79,1.29,5.5,3.42,1.19,5.09,0.52,2.2,0.94,3.99,6.74,2.97,6.81,7.23,1.16,5.71,1.03,4.4
1265,Primeira Liga (PT),34144,Francisco José Navarro Aliaga,Fran Navarro,1998-02-03,49.63,16.62,10.66,29,29,0,945.0,32.59,0.28,0.85,4.07,12.49,0.0,0.0,1.1,3.39,7.52,1.83,5.61,0.0,0.0,0.03,0.11,19.0,6.24,10.24,1.72,0.14,1.34,2.97,9.1
1265,Primeira Liga (PT),34192,Martin Turk,M. Turk,2003-08-21,95.83,28.66,25.01,3,3,0,0.0,0.0,0.0,,0.0,,0.0,,0.0,,0.0,0.0,,0.0,,0.0,,0.0,0.0,0.0,0.0,0.0,,0.0,
1265,Primeira Liga (PT),34260,Cezary Miszta,C. Miszta,2001-10-30,98.98,24.26,28.01,21,21,0,0.0,0.0,0.0,,0.0,,0.0,,0.0,,0.0,0.0,,0.0,,0.0,,0.0,0.0,0.0,0.0,0.0,,0.0,
1265,Primeira Liga (PT),34299,Rodrigo Abascal Barros,R. Abascal,1994-01-14,93.72,23.8,21.96,27,26,1,345.0,13.27,0.69,5.22,3.04,22.9,0.08,0.58,0.77,5.8,2.35,0.15,1.16,0.31,2.32,0.27,2.03,2.73,1.08,3.38,7.19,1.62,13.56,0.08,0.58
1265,Primeira Liga (PT),34573,Óscar Aranda Subiela,Óscar Aranda,2002-04-29,24.8,7.36,3.24,1,1,0,3.0,3.0,0.0,0.0,0.0,0.0,1.0,33.33,0.0,0.0,1.0,0.0,0.0,0.0,0.0,0.0,0.0,0.0,0.0,0.0,2.0,1.0,33.33,0.0,0.0
1265,Primeira Liga (PT),35435,Diogo Pinheiro Monteiro,Diogo Monteiro,2005-01-28,42.92,10.34,12.21,8,8,0,121.0,15.12,0.5,3.31,2.25,14.88,0.25,1.65,1.12,7.44,1.5,0.75,4.96,0.38,2.48,0.5,3.31,2.75,1.0,4.12,7.75,1.12,7.19,1.38,9.09
1265,Primeira Liga (PT),35621,Jordan Holsgrove,J. Holsgrove,1999-09-10,93.07,24.89,23.72,33,33,0,1547.0,46.88,1.58,3.36,7.52,16.03,0.33,0.71,1.67,3.55,4.91,2.7,5.75,0.24,0.52,0.82,1.74,15.15,6.85,13.18,12.85,1.7,4.01,3.7,7.89
1265,Primeira Liga (PT),35639,Luís André Leite Esteves,Luís Esteves,1998-04-09,90.09,22.74,22.13,33,32,1,1345.0,42.03,1.12,2.68,7.19,17.1,0.25,0.59,1.16,2.75,5.38,2.22,5.28,0.19,0.45,0.62,1.49,13.94,7.16,10.0,9.34,1.25,3.41,3.69,8.77
1265,Primeira Liga (PT),35875,João Pedro Eira Antunes da Silva,João Silva,1999-01-14,93.22,22.39,25.33,12,12,0,256.0,21.33,0.75,3.52,4.25,19.92,0.08,0.39,0.67,3.13,4.17,0.33,1.56,0.58,2.73,1.33,6.25,3.75,2.58,3.83,11.5,2.42,11.79,0.67,3.13
1265,Primeira Liga (PT),35948,Tiago Maria Antunes Gouveia,Tiago Gouveia,2001-06-18,5.66,0.66,1.1,1,1,0,0.0,0.0,0.0,,0.0,,0.0,,0.0,,0.0,0.0,,0.0,,0.0,,0.0,0.0,0.0,0.0,0.0,,0.0,
1265,Primeira Liga (PT),35949,Henrique  Pereira Araújo,Henrique Araújo,2002-01-19,8.99,3.18,1.39,5,5,0,20.0,4.0,0.2,5.0,0.6,15.0,0.0,0.0,0.2,5.0,0.6,0.6,15.0,0.0,0.0,0.0,0.0,2.8,1.0,1.0,0.0,0.0,,0.4,10.0
1265,Primeira Liga (PT),35955,Rafael Alexandre Sousa Gancho Brito,Rafael Brito,2002-01-19,66.0,12.36,19.23,25,24,1,981.0,40.88,1.25,3.06,6.25,15.29,0.38,0.92,0.88,2.14,3.21,2.25,5.5,0.25,0.61,0.46,1.12,11.33,7.96,12.62,11.67,1.42,4.38,4.79,11.72
1265,Primeira Liga (PT),35960,Tomás Lemos Araújo,Tomás Araújo,2002-05-16,82.55,23.87,19.34,23,22,1,326.0,14.82,0.68,4.6,3.86,26.07,0.05,0.31,0.73,4.91,2.36,0.59,3.99,0.68,4.6,0.5,3.38,3.55,1.73,3.91,6.23,1.05,8.54,0.23,1.53
1265,Primeira Liga (PT),35984,Christian Neiva Afonso,Kiki,1994-12-10,61.66,13.07,17.53,27,26,1,499.0,19.19,1.0,5.21,2.65,13.83,0.5,2.61,1.04,5.41,2.77,1.19,6.21,0.42,2.2,0.54,2.81,3.77,1.81,5.12,8.04,1.27,6.87,0.81,4.21
1265,Primeira Liga (PT),35985,Fábio Samuel Amorim da Silva,Samu,1996-04-21,76.85,20.68,18.24,29,28,1,1452.0,51.86,1.29,2.48,7.04,13.57,0.32,0.62,1.25,2.41,10.61,3.46,6.68,0.07,0.14,0.32,0.62,24.07,10.11,16.79,6.82,0.79,2.02,5.93,11.43
1265,Primeira Liga (PT),35996,Francisco Miguel Ribeiro Tomé Tavares Bondoso,Kiko Bondoso,1995-11-17,69.78,19.23,19.05,31,29,2,958.0,33.03,0.69,2.09,3.86,11.69,0.1,0.31,1.34,4.07,4.28,2.69,8.14,0.1,0.31,0.03,0.1,14.0,5.41,13.14,4.83,0.55,2.79,4.55,13.78
1265,Primeira Liga (PT),36637,Alan Gonzalo Varela,A. Varela,2001-07-04,83.57,24.58,19.91,30,27,3,570.0,21.11,1.19,5.61,3.19,15.09,0.22,1.05,0.59,2.81,3.0,0.63,2.98,0.3,1.4,0.56,2.63,5.85,2.52,5.3,8.19,0.93,4.89,0.85,4.04
1265,Primeira Liga (PT),36834,Facundo Agustín Cáseres,F. Cáseres,2001-05-28,82.24,20.56,20.91,29,28,1,774.0,27.64,1.11,4.01,5.57,20.16,0.11,0.39,0.75,2.71,3.21,1.46,5.3,0.14,0.52,0.61,2.2,7.86,3.89,5.68,9.21,1.11,4.88,1.79,6.46
1265,Primeira Liga (PT),36926,Dario Špikić,D. Špikić,1999-03-22,63.18,16.52,18.65,30,30,0,1213.0,40.43,0.93,2.31,4.97,12.28,0.23,0.58,1.47,3.63,5.9,2.9,7.17,0.03,0.08,0.37,0.91,15.87,7.83,13.77,6.73,0.6,1.89,4.67,11.54
1265,Primeira Liga (PT),37712,Issiar Dramé,I. Dramé,1999-02-16,7.98,3.22,1.18,1,1,0,1.0,1.0,0.0,0.0,1.0,100.0,0.0,0.0,0.0,0.0,1.0,0.0,0.0,1.0,100.0,0.0,0.0,0.0,0.0,0.0,1.0,1.0,100.0,0.0,0.0
1265,Primeira Liga (PT),37805,Pablo Felipe Pereira de Jesus,Pablo Felipe,2004-01-02,77.41,18.54,19.14,13,12,1,610.0,50.83,0.83,1.64,6.42,12.62,0.33,0.66,1.67,3.28,14.17,4.17,8.2,0.0,0.0,0.08,0.16,26.5,10.92,14.0,2.17,0.08,0.18,5.5,10.82
1265,Primeira Liga (PT),37829,Max Svensson Río,Max Svensson,2001-11-08,35.47,7.87,8.93,6,6,0,125.0,20.83,0.17,0.8,1.17,5.6,0.5,2.4,0.67,3.2,4.67,1.67,8.0,0.0,0.0,0.5,2.4,10.5,3.67,6.0,1.33,0.0,0.0,2.83,13.6
1265,Primeira Liga (PT),37953,Andreas Rædergård Schjelderup,A. Schjelderup,2004-06-01,66.59,20.17,14.18,28,28,0,800.0,28.57,0.68,2.38,4.07,14.25,0.11,0.37,0.86,3.0,3.57,1.96,6.87,0.0,0.0,0.18,0.63,12.32,6.18,9.68,3.57,0.32,1.69,2.18,7.62
1265,Primeira Liga (PT),38127,Luan Patrick Wiedthauper,Luan Patrick,2002-01-20,96.08,22.57,24.05,30,29,1,462.0,15.93,0.79,4.98,3.72,23.38,0.31,1.95,0.72,4.54,2.21,0.21,1.3,0.28,1.73,0.38,2.38,2.72,1.34,3.72,8.24,1.48,10.44,0.34,2.16
1265,Primeira Liga (PT),38128,Alfonso Trezza Hernández,A. Trezza,1999-06-22,79.09,20.34,20.55,32,31,1,1345.0,43.39,0.65,1.49,5.35,12.34,0.19,0.45,1.39,3.2,7.39,3.61,8.33,0.23,0.52,0.58,1.34,18.32,7.42,15.52,8.1,0.74,2.14,4.97,11.45
1265,Primeira Liga (PT),38415,Diego Ariel Duarte Garcete,D. Duarte,2002-04-08,52.66,10.4,16.15,27,26,1,906.0,34.85,0.77,2.21,3.58,10.27,0.15,0.44,1.23,3.53,6.12,2.23,6.4,0.08,0.22,0.12,0.33,13.73,6.81,10.27,5.12,0.46,2.3,3.65,10.49
1265,Primeira Liga (PT),38984,Tiago Galletto López,T. Galletto,2002-05-11,42.11,8.02,12.68,16,15,1,341.0,22.73,0.73,3.23,3.2,14.07,0.13,0.59,0.53,2.35,2.53,1.4,6.16,0.27,1.17,0.33,1.47,4.8,4.73,6.73,8.73,1.2,6.67,1.33,5.86
1265,Primeira Liga (PT),38998,Jesús Andrés Ramírez Díaz,J. Ramírez,1998-05-04,95.94,20.87,25.21,33,29,4,1376.0,47.45,0.48,1.02,6.24,13.15,0.14,0.29,2.28,4.8,10.79,2.69,5.67,0.03,0.07,0.03,0.07,24.69,6.93,13.38,4.14,0.28,1.01,4.07,8.58
1265,Primeira Liga (PT),39576,Nico Mantl,N. Mantl,2000-02-06,99.97,25.1,26.8,8,8,0,0.0,0.0,0.0,,0.0,,0.0,,0.0,,0.0,0.0,,0.0,,0.0,,0.0,0.0,0.0,0.0,0.0,,0.0,
1265,Primeira Liga (PT),40367,Nile Omari Mckenzie John,Nile John,2003-03-06,59.05,15.33,15.98,14,12,2,384.0,32.0,0.75,2.34,3.42,10.68,0.08,0.26,1.25,3.91,3.17,2.25,7.03,0.17,0.52,0.25,0.78,14.42,6.67,12.25,4.83,0.92,6.11,4.0,12.5
1265,Primeira Liga (PT),40591,Alejandro Josè Marqués Méndez,Alejandro Marqués,2000-08-04,49.33,13.61,12.32,26,26,0,710.0,27.31,0.62,2.25,3.31,12.11,0.08,0.28,1.04,3.8,5.58,1.65,6.06,0.0,0.0,0.27,0.98,13.15,5.04,9.77,1.73,0.19,1.62,2.88,10.56
1265,Primeira Liga (PT),41244,Enzo Alan Tomás Barrenechea,E. Barrenechea,2001-05-22,74.7,22.1,16.98,26,25,1,692.0,27.68,1.24,4.48,4.96,17.92,0.24,0.87,0.96,3.47,3.92,1.44,5.2,0.24,0.87,0.64,2.31,8.24,4.52,7.64,8.2,1.52,6.64,1.72,6.21
1265,Primeira Liga (PT),41621,Patrick Gilmar Sequeira Mejías,P. Sequeira,1999-03-01,96.95,18.73,27.18,29,28,1,0.0,0.0,0.0,,0.0,,0.0,,0.0,,0.0,0.0,,0.0,,0.0,,0.0,0.0,0.0,0.0,0.0,,0.0,
1265,Primeira Liga (PT),42185,Xander Severina,X. Severina,2001-04-12,25.85,5.34,6.08,5,5,0,71.0,14.2,0.2,1.41,1.6,11.27,0.0,0.0,0.2,1.41,2.6,1.0,7.04,0.0,0.0,0.0,0.0,6.0,3.0,3.6,1.6,0.4,4.01,2.2,15.49
1265,Primeira Liga (PT),42283,Andrew da Silva Ventura,Andrew,2001-07-01,97.66,23.74,23.85,17,16,1,0.0,0.0,0.0,,0.0,,0.0,,0.0,,0.0,0.0,,0.0,,0.0,,0.0,0.0,0.0,0.0,0.0,,0.0,
1265,Primeira Liga (PT),42452,Santiago García González ,Santi García,2001-08-29,88.83,22.75,21.64,33,32,1,1733.0,54.16,1.38,2.54,6.44,11.89,0.38,0.69,2.56,4.73,9.62,3.59,6.64,0.03,0.06,0.19,0.35,26.28,9.88,18.97,5.53,0.69,2.33,6.94,12.81
1265,Primeira Liga (PT),42457,Ángel Algobia Esteves,Á. Algobia,1999-06-23,56.55,11.19,17.48,21,21,0,726.0,34.57,0.62,1.79,4.95,14.33,0.24,0.69,1.48,4.27,3.71,2.24,6.48,0.14,0.41,0.38,1.1,11.14,6.43,12.05,7.52,1.05,3.11,2.9,8.4
1265,Primeira Liga (PT),42593,Marvin Elimbi,M. Elimbi,2003-02-20,95.94,23.33,24.14,28,27,1,288.0,10.67,0.63,5.9,2.26,21.18,0.19,1.74,0.52,4.86,2.63,0.04,0.35,0.52,4.86,0.59,5.56,1.59,0.81,1.37,6.0,1.48,14.44,0.07,0.69
1265,Primeira Liga (PT),42650,Ismael Gharbi ,Ismael Gharbi,2004-04-10,68.88,28.49,12.02,1,1,0,27.0,27.0,0.0,0.0,5.0,18.52,0.0,0.0,2.0,7.41,7.0,3.0,11.11,0.0,0.0,0.0,0.0,9.0,6.0,6.0,5.0,1.0,3.7,2.0,7.41
1265,Primeira Liga (PT),42749,Nikolaos Athanasiou,N. Athanasiou,2001-03-16,83.7,20.44,24.2,17,17,0,513.0,30.18,1.24,4.09,3.59,11.89,0.47,1.56,2.0,6.63,3.53,2.12,7.02,0.59,1.95,1.41,4.68,7.18,3.41,9.47,11.47,1.41,4.8,1.82,6.04
1265,Primeira Liga (PT),42980,Nabil Zoubdi Touaizi,Nabil Touaizi,2001-02-01,94.93,22.16,27.25,32,32,0,1016.0,31.75,0.94,2.95,4.66,14.67,0.38,1.18,1.72,5.41,4.47,2.12,6.69,0.44,1.38,0.72,2.26,8.25,3.81,10.31,10.19,1.22,4.99,2.38,7.48
1265,Primeira Liga (PT),43052,Adrian Leon Barišić,A. Barišić,2001-07-19,80.61,26.5,20.15,6,6,0,91.0,15.17,0.33,2.2,3.67,24.18,0.0,0.0,0.5,3.3,3.0,0.17,1.1,0.17,1.1,0.33,2.2,5.17,1.83,4.17,6.0,1.17,10.04,0.0,0.0
1265,Primeira Liga (PT),43304,Zeno Debast,Z. Debast,2003-10-24,78.51,25.2,16.84,17,17,0,199.0,11.71,0.71,6.03,2.47,21.11,0.24,2.01,0.47,4.02,1.41,0.35,3.01,0.35,3.02,0.12,1.0,3.47,0.88,3.06,5.0,1.41,12.97,0.24,2.01
1265,Primeira Liga (PT),43668,Gian Franco Cabezas Rodríguez,G. Cabezas,2003-01-01,12.56,2.5,2.75,5,5,0,27.0,5.4,0.4,7.41,0.6,11.11,0.0,0.0,0.0,0.0,0.6,0.2,3.7,0.0,0.0,0.0,0.0,0.4,0.2,1.6,1.2,0.2,2.78,0.2,3.7
1265,Primeira Liga (PT),43883,Elias Manoel Alves de Paula,Elias Manoel,2001-11-30,26.19,6.63,5.31,15,15,0,141.0,9.4,0.2,2.13,1.2,12.76,0.07,0.71,0.27,2.84,2.07,0.4,4.26,0.0,0.0,0.0,0.0,4.47,1.53,3.0,0.47,0.0,0.0,1.6,17.02
1265,Primeira Liga (PT),43884,Adriel Vasconcelos Ramos,Adriel,2001-01-14,99.24,18.88,31.37,16,15,1,0.0,0.0,0.0,,0.0,,0.0,,0.0,,0.0,0.0,,0.0,,0.0,,0.0,0.0,0.0,0.0,0.0,,0.0,
1265,Primeira Liga (PT),46857,Leonardo Rodrigues dos Santos,Léo Santos,1998-12-09,98.03,20.91,26.36,31,28,3,483.0,17.25,1.11,6.42,3.21,18.63,0.25,1.45,0.93,5.38,3.36,0.29,1.66,0.57,3.31,0.71,4.14,3.0,1.5,2.96,10.39,1.64,9.86,0.14,0.83
1265,Primeira Liga (PT),46948,Lukas Hornicek,L. Hornicek,2002-07-13,99.09,33.61,21.81,33,33,0,0.0,0.0,0.0,,0.0,,0.0,,0.0,,0.0,0.0,,0.0,,0.0,,0.0,0.0,0.0,0.0,0.0,,0.0,
1265,Primeira Liga (PT),47752,Gustavo Garcia dos Santos,Garcia,2002-01-04,55.68,14.37,14.0,12,12,0,174.0,14.5,0.5,3.45,2.08,14.37,0.25,1.72,1.17,8.05,1.33,0.58,4.02,0.17,1.15,0.67,4.6,2.92,2.0,3.42,5.67,0.92,7.74,1.33,9.19
1265,Primeira Liga (PT),49095,Leonardo Daniel Rivas Conge,L. Rivas,2001-12-06,64.29,12.76,20.19,26,26,0,615.0,23.65,0.81,3.41,3.77,15.93,0.5,2.11,1.85,7.8,2.27,1.54,6.5,0.54,2.28,0.88,3.74,4.73,2.96,7.38,9.38,1.5,7.08,1.5,6.34
1265,Primeira Liga (PT),53128,Michel Augusto Modesto Rafael dos Santos,Michel,2003-05-20,80.29,25.99,19.36,4,4,0,38.0,9.5,1.0,10.53,1.25,13.16,0.0,0.0,1.0,10.53,1.75,0.0,0.0,0.25,2.63,0.5,5.26,1.5,1.25,1.25,6.0,1.5,17.5,0.0,0.0
1265,Primeira Liga (PT),53219,Marcos Vinicios Lopes Moura,Sorriso,2001-02-23,91.1,23.19,22.95,33,32,1,1458.0,45.56,1.31,2.88,5.88,12.89,0.53,1.17,1.94,4.25,4.81,3.34,7.34,0.19,0.41,0.28,0.62,16.72,9.16,15.78,8.09,0.84,2.35,4.78,10.49
1265,Primeira Liga (PT),54936,Lazar Carević,L. Carević,1999-03-16,99.87,25.41,25.07,34,33,1,0.0,0.0,0.0,,0.0,,0.0,,0.0,,0.0,0.0,,0.0,,0.0,,0.0,0.0,0.0,0.0,0.0,,0.0,
1265,Primeira Liga (PT),54942,Ángel Alarcón Galiot,Ángel Alarcón,2004-05-15,23.23,8.48,4.57,3,3,0,31.0,10.33,0.33,3.22,3.0,29.03,0.33,3.23,0.0,0.0,2.67,0.0,0.0,0.0,0.0,0.0,0.0,4.33,1.67,3.33,1.33,0.33,3.85,0.33,3.23
1265,Primeira Liga (PT),54990,Joel Jorquera Romero,Joel Jorquera,2000-08-19,12.97,2.84,4.39,4,4,0,36.0,9.0,0.0,0.0,2.5,27.78,0.0,0.0,0.0,0.0,2.25,1.0,11.11,0.0,0.0,0.0,0.0,2.25,2.0,3.0,1.0,0.25,2.78,1.75,19.44
1265,Primeira Liga (PT),56498,Paulo Victor de Almeida Barbosa,P. Victor,2001-04-13,69.14,17.17,19.12,21,21,0,542.0,25.81,1.52,5.9,4.05,15.68,0.33,1.29,1.71,6.64,3.0,1.57,6.09,0.24,0.92,0.76,2.95,4.86,4.0,6.86,8.71,1.71,8.07,1.52,5.91
1265,Primeira Liga (PT),57756,José Vitor Lima Cardoso,Zé Vitor,2001-02-09,99.22,21.43,26.78,30,26,4,509.0,19.58,1.58,8.06,3.69,18.86,0.42,2.16,1.0,5.11,3.31,0.27,1.38,0.65,3.34,0.77,3.93,3.0,1.46,3.69,10.96,2.54,13.88,0.35,1.77
1265,Primeira Liga (PT),59973,Iyad Mohamed,Iyad Mohamed,2001-03-05,50.15,9.43,14.5,22,21,1,598.0,28.48,0.95,3.34,3.57,12.54,0.14,0.5,0.57,2.01,3.38,2.33,8.19,0.14,0.5,0.19,0.67,9.62,4.95,10.38,7.71,0.9,4.33,3.38,11.87
1265,Primeira Liga (PT),60108,Felix Bacher,F. Bacher,2000-10-25,98.46,26.5,25.2,34,34,0,657.0,19.32,1.12,5.78,4.18,21.61,0.44,2.28,0.91,4.72,3.59,0.47,2.44,0.94,4.87,0.56,2.89,3.91,1.76,3.56,10.12,2.35,13.47,0.29,1.52
1265,Primeira Liga (PT),60508,Ole Pohlmann,O. Pohlmann,2001-04-05,59.07,15.7,16.02,31,31,0,1410.0,45.48,0.81,1.77,5.84,12.84,0.1,0.21,1.48,3.26,4.0,3.39,7.45,0.16,0.35,0.35,0.78,18.55,10.1,13.13,7.06,0.58,1.81,5.58,12.27
1265,Primeira Liga (PT),60571,Boris Popović,B. Popović,2000-02-26,73.86,17.52,21.4,17,16,1,155.0,9.69,0.31,3.23,1.38,14.19,0.12,1.29,0.81,8.39,1.75,0.25,2.58,0.5,5.16,0.44,4.52,1.5,0.94,1.5,7.56,1.25,12.2,0.19,1.94
1265,Primeira Liga (PT),61212,Gonçalo Lago Pontes Esteves,Gonçalo Esteves,2004-02-27,37.27,9.03,11.51,5,5,0,60.0,12.0,0.6,5.0,1.4,11.67,0.4,3.33,0.4,3.33,1.4,0.6,5.0,0.2,1.67,0.0,0.0,2.2,1.4,4.6,3.4,0.8,10.09,0.6,5.0
1265,Primeira Liga (PT),61335,Francisco Jorge Tavares Oliveira,Chiquinho,2000-02-05,78.7,18.36,22.82,19,19,0,855.0,45.0,1.32,2.92,4.47,9.94,0.26,0.58,1.32,2.92,7.0,2.95,6.55,0.11,0.23,0.32,0.7,15.53,9.21,15.79,5.21,0.42,1.01,4.58,10.17
1265,Primeira Liga (PT),61581,Roger  Fernandes,Roger,2005-11-21,87.97,33.34,15.54,4,4,0,115.0,28.75,0.25,0.87,4.25,14.78,0.0,0.0,1.75,6.09,5.5,2.25,7.83,0.0,0.0,0.0,0.0,13.5,5.5,9.0,2.75,0.25,1.84,2.75,9.57
1265,Primeira Liga (PT),61681,Tomás Romano Pereira dos Santos Händel,Tomás Händel,2000-11-27,104.72,24.24,21.6,3,2,1,68.0,34.0,1.5,4.41,6.0,17.64,0.5,1.47,2.0,5.88,3.5,2.0,5.88,0.0,0.0,0.0,0.0,11.5,4.5,6.5,5.0,1.0,3.9,3.0,8.82
1265,Primeira Liga (PT),62124,Rodrigo Fernandes da Conceição,Rodrigo Conceição,2000-01-02,79.38,18.08,22.98,20,20,0,813.0,40.65,1.65,4.06,4.95,12.18,0.5,1.23,1.8,4.43,5.35,2.25,5.53,0.3,0.74,0.8,1.97,11.0,6.55,13.35,9.4,1.5,4.54,3.1,7.63
1265,Primeira Liga (PT),62147,Gabriel  Martínez Aguilera,Gabri Martínez,2003-01-22,52.31,17.79,11.77,28,28,0,677.0,24.18,0.82,3.4,3.89,16.1,0.21,0.89,0.79,3.25,4.07,1.79,7.38,0.18,0.74,0.43,1.77,8.04,4.0,9.21,3.89,0.46,2.88,2.07,8.57
1265,Primeira Liga (PT),62355,Miguel Puche García,Miguel Puche,2001-04-30,34.81,7.78,9.52,27,26,1,505.0,19.42,0.38,1.98,2.58,13.27,0.15,0.79,0.85,4.35,3.96,1.85,9.51,0.12,0.59,0.27,1.39,7.88,3.27,5.65,4.58,0.54,4.3,1.92,9.9
1265,Primeira Liga (PT),63077,Gustaf Lagerbielke,G. Lagerbielke,2000-04-10,94.14,31.89,20.84,28,28,0,357.0,12.75,0.68,5.32,2.29,17.93,0.14,1.12,0.64,5.04,1.82,0.39,3.08,0.39,3.08,0.61,4.76,3.75,1.14,3.36,5.21,0.82,7.62,0.21,1.68
1265,Primeira Liga (PT),63449,Jean-Baptiste Gorby,J. Gorby,2002-07-25,67.81,22.72,14.84,28,28,0,798.0,28.5,0.89,3.13,4.93,17.29,0.39,1.38,0.89,3.13,4.43,1.79,6.27,0.14,0.5,0.32,1.13,9.29,4.79,6.93,7.36,0.71,2.62,2.71,9.52
1265,Primeira Liga (PT),64191,Marko Milovanović,M. Milovanović,2003-08-04,53.93,12.35,15.07,30,30,0,777.0,25.9,0.27,1.03,2.9,11.2,0.07,0.26,0.9,3.48,6.4,1.73,6.69,0.03,0.13,0.0,0.0,13.33,3.83,9.23,2.07,0.03,0.28,2.57,9.91
1265,Primeira Liga (PT),64677,Jakub Kiwior,J. Kiwior,2000-02-15,93.98,27.46,22.11,26,26,0,435.0,16.73,0.88,5.29,3.62,21.61,0.12,0.69,0.5,2.99,2.5,0.73,4.37,0.46,2.76,0.35,2.07,4.58,2.12,4.15,7.04,1.42,9.51,0.23,1.38
1265,Primeira Liga (PT),67659,Alioune Ndoye,A. Ndoye,2001-10-05,48.1,11.9,11.07,24,22,2,519.0,23.59,0.23,0.96,2.73,11.56,0.09,0.39,0.73,3.08,6.32,1.64,6.94,0.0,0.0,0.0,0.0,14.82,4.05,9.73,0.59,0.05,0.38,3.18,13.49
1265,Primeira Liga (PT),67818,Geny Cipriano Catamo,Geny Catamo,2001-01-26,72.27,23.77,15.42,29,28,1,710.0,25.36,0.82,3.24,3.82,15.07,0.25,0.99,0.68,2.68,2.68,1.36,5.35,0.07,0.28,0.43,1.69,8.64,4.0,8.89,3.71,0.36,2.11,1.75,6.9
1265,Primeira Liga (PT),68367,João Pedro Goulart Silva,João Goulart,2000-01-27,84.96,15.91,25.21,25,24,1,433.0,18.04,0.5,2.77,3.33,18.48,0.33,1.85,1.04,5.77,2.04,0.54,3.0,0.54,3.0,0.58,3.23,3.25,2.25,4.25,9.21,2.08,13.9,0.67,3.69
1265,Primeira Liga (PT),68537,Marcus Abraham Ayomide,M. Ayomide,2000-01-02,89.97,21.85,22.5,31,30,1,1327.0,44.23,1.6,3.62,4.63,10.47,0.33,0.75,1.37,3.09,6.3,3.8,8.59,0.1,0.23,0.33,0.75,17.37,7.53,12.7,5.33,0.83,2.4,6.0,13.56
1265,Primeira Liga (PT),68572,Alan Godoy Domínguez,A. Godoy,2003-05-04,56.48,13.26,12.73,6,6,0,135.0,22.5,0.33,1.48,3.17,14.07,0.17,0.74,0.83,3.7,5.0,1.67,7.41,0.17,0.74,0.17,0.74,7.67,2.83,6.33,1.67,0.33,3.61,1.83,8.15
1265,Primeira Liga (PT),68972,Demir Ege Tıknaz,E. Tıknaz,2004-08-17,54.15,17.22,12.35,10,10,0,212.0,21.2,0.8,3.77,4.2,19.81,0.1,0.47,0.7,3.3,3.0,1.4,6.6,0.1,0.47,0.3,1.41,7.1,3.3,5.4,5.3,0.9,4.65,1.3,6.13
1265,Primeira Liga (PT),69027,Ivan Correia Posser Lima,Ivan Lima,2005-01-13,16.58,4.79,3.2,1,1,0,11.0,11.0,0.0,0.0,4.0,36.36,0.0,0.0,0.0,0.0,1.0,0.0,0.0,0.0,0.0,0.0,0.0,5.0,4.0,5.0,0.0,0.0,,4.0,36.36
1265,Primeira Liga (PT),69030, João de Vasconcelos Faria Gonçalves,Vasconcelos,2005-02-26,47.82,12.05,10.18,1,1,0,25.0,25.0,1.0,4.0,4.0,16.0,1.0,4.0,1.0,4.0,7.0,1.0,4.0,0.0,0.0,0.0,0.0,7.0,6.0,12.0,4.0,2.0,8.0,3.0,12.0
1265,Primeira Liga (PT),69031,João Miguel Fins Veloso,João Veloso,2005-06-26,2.27,1.02,0.37,2,2,0,2.0,1.0,0.0,0.0,0.0,0.0,0.5,50.0,0.0,0.0,0.0,0.5,50.0,0.0,0.0,0.0,0.0,1.0,0.5,0.5,0.0,0.0,,0.0,0.0
1265,Primeira Liga (PT),69038,Francisco Edgar Chissumba Rodrigues,Francisco Chissumba,2005-05-29,87.88,20.53,25.43,18,18,0,676.0,37.56,1.61,4.29,5.67,15.09,0.39,1.03,1.28,3.4,5.06,2.56,6.8,0.22,0.59,0.94,2.52,9.94,6.06,11.89,12.72,2.06,5.79,3.17,8.43
1265,Primeira Liga (PT),69039,João Pedro Seno Luís Rêgo,João Rêgo,2005-06-20,12.53,2.61,2.75,8,8,0,68.0,8.5,0.75,8.82,1.0,11.77,0.0,0.0,0.12,1.47,1.5,0.25,2.94,0.0,0.0,0.0,0.0,3.75,1.62,1.88,1.12,0.25,2.99,1.62,19.12
1265,Primeira Liga (PT),69286,Arnau Solà Mateu,Arnau Solà,2003-04-04,63.51,16.82,17.33,10,10,0,178.0,17.8,1.0,5.62,2.5,14.04,0.3,1.68,0.9,5.06,2.6,0.5,2.81,0.4,2.25,1.1,6.18,3.5,2.4,5.0,7.5,1.9,12.59,0.7,3.93
1265,Primeira Liga (PT),69521,Martín Fernández Benítez,M. Fernández,2003-06-23,31.94,7.31,6.99,26,25,1,367.0,14.68,0.4,2.73,2.16,14.71,0.08,0.55,0.6,4.09,2.48,1.04,7.08,0.04,0.27,0.08,0.55,5.36,3.24,4.96,1.84,0.12,2.29,1.72,11.72
1265,Primeira Liga (PT),70165,André Luiz Inácio da Silva,André Luiz,2002-02-23,84.84,20.85,23.54,19,19,0,919.0,48.37,0.95,1.96,4.74,9.79,0.21,0.44,2.16,4.46,4.58,3.32,6.86,0.05,0.11,0.68,1.41,16.21,8.21,14.84,8.95,0.79,2.19,5.21,10.77
1265,Primeira Liga (PT),70245,Samuel Dahl,S. Dahl,2003-03-04,96.02,27.78,21.54,33,32,1,794.0,24.81,1.62,6.55,4.41,17.76,0.38,1.51,1.44,5.79,3.94,1.03,4.16,0.44,1.76,0.59,2.39,6.69,2.38,7.53,8.25,1.66,7.53,0.78,3.15
1265,Primeira Liga (PT),70674,Rodrigo Alonso Martín,Rodri Alonso,2003-01-04,61.75,17.03,17.14,26,24,2,780.0,32.5,0.88,2.69,4.21,12.95,0.17,0.51,1.25,3.85,4.88,2.0,6.15,0.04,0.13,0.46,1.41,13.54,5.42,9.67,7.0,0.96,4.5,3.08,9.49
1265,Primeira Liga (PT),70678,Antonio Espigares Morillas,Antonio Espigares,2004-09-05,60.28,14.59,13.93,19,19,0,117.0,6.16,0.32,5.13,1.11,17.95,0.11,1.71,0.37,5.98,0.74,0.05,0.85,0.42,6.84,0.21,3.42,0.84,0.79,1.0,3.84,1.0,19.34,0.11,1.71
1265,Primeira Liga (PT),71799,Dailon Rocha Livramento do Rosario,Dailon Livramento,2001-05-04,45.25,9.19,11.41,24,24,0,651.0,27.12,0.21,0.77,2.92,10.75,0.04,0.15,1.0,3.69,6.21,2.21,8.14,0.04,0.15,0.04,0.15,13.92,5.96,8.46,1.96,0.04,0.35,4.04,14.9
1265,Primeira Liga (PT),72479,Makan Aïko,M. Aïko,2001-01-07,64.96,15.35,18.83,18,18,0,826.0,45.89,1.06,2.3,4.61,10.05,0.72,1.57,1.28,2.79,7.39,3.61,7.87,0.28,0.61,0.11,0.24,18.67,11.11,15.11,5.11,0.61,1.69,5.28,11.5
1265,Primeira Liga (PT),77791,Nor-Nor Emmanuel Maviram,E. Maviram,2001-04-04,79.78,16.88,24.26,20,20,0,562.0,28.1,1.0,3.56,4.3,15.3,0.75,2.67,1.6,5.69,2.85,1.95,6.94,0.55,1.96,1.15,4.09,6.4,4.15,8.3,10.55,1.55,5.9,1.25,4.45
1265,Primeira Liga (PT),81001,Benjamin Mbunga-Kimpioka,B. Kimpioka,2000-02-21,62.15,14.6,16.26,10,10,0,300.0,30.0,0.4,1.33,2.9,9.67,0.2,0.67,1.0,3.33,6.1,2.4,8.0,0.1,0.33,0.0,0.0,12.9,4.5,5.8,2.4,0.1,0.51,2.6,8.67
1265,Primeira Liga (PT),82407,Kaiky Marques Naves,Naves,2002-05-08,97.83,22.44,28.96,31,31,0,600.0,19.35,1.45,7.5,3.84,19.83,0.32,1.67,0.55,2.83,2.61,0.42,2.17,0.55,2.83,0.81,4.17,3.84,1.81,5.06,10.48,2.81,15.66,0.55,2.83
1265,Primeira Liga (PT),82410,Kaique Pereira Azarias,Kaique,2003-04-16,101.08,22.63,26.6,28,25,3,0.0,0.0,0.0,,0.0,,0.0,,0.0,,0.0,0.0,,0.0,,0.0,,0.0,0.0,0.0,0.0,0.0,,0.0,
1265,Primeira Liga (PT),84608,Rômulo Helberte Pereira Júnior,Rômulo,2004-01-31,13.48,1.87,1.59,1,1,0,1.0,1.0,0.0,0.0,1.0,100.0,0.0,0.0,0.0,0.0,0.0,0.0,0.0,0.0,0.0,0.0,0.0,0.0,0.0,0.0,1.0,0.0,0.0,0.0,0.0
1265,Primeira Liga (PT),92590,Óscar Rivas Viondi,Óscar Rivas,2000-03-27,99.62,26.28,24.06,18,18,0,228.0,12.67,0.39,3.07,2.44,19.3,0.0,0.0,0.56,4.39,2.67,0.22,1.75,0.89,7.02,0.33,2.63,2.67,1.22,2.44,7.06,1.5,15.13,0.06,0.44
1265,Primeira Liga (PT),94117,Isaac Souza Valença,Isaac,2004-03-21,21.09,5.42,5.04,2,2,0,19.0,9.5,0.0,0.0,2.0,21.05,0.5,5.26,0.0,0.0,2.0,1.0,10.53,0.0,0.0,0.0,0.0,2.5,1.5,2.5,3.0,1.0,10.42,0.0,0.0
1265,Primeira Liga (PT),95195,Miguel Ferreira de Sousa,Miguel Sousa,1998-09-19,33.29,7.64,7.93,12,12,0,282.0,23.5,0.17,0.71,3.42,14.54,0.17,0.71,0.42,1.77,3.08,2.08,8.86,0.0,0.0,0.17,0.71,9.58,5.67,7.58,2.58,0.33,1.74,2.42,10.28
1265,Primeira Liga (PT),95613,Alan de Souza Guimarães,Alan,2000-03-08,87.18,22.69,24.63,33,31,2,1658.0,53.48,0.74,1.39,5.35,10.01,0.29,0.54,2.13,3.98,7.32,4.65,8.68,0.0,0.0,0.35,0.66,26.87,8.9,22.16,5.9,0.61,2.12,7.77,14.54
1265,Primeira Liga (PT),96062,Kobamelo Kodisang,K. Kodisang,1999-08-28,35.99,8.84,9.54,4,4,0,70.0,17.5,0.5,2.86,3.75,21.43,0.25,1.43,1.0,5.71,2.25,1.5,8.57,0.25,1.43,0.0,0.0,5.5,2.25,5.0,2.5,0.25,1.89,2.5,14.29
1265,Primeira Liga (PT),96063,Leonardo Daniel Ulineia Buta,Leonardo Buta,2002-06-05,9.55,1.18,3.04,3,3,0,15.0,5.0,0.0,0.0,0.33,6.67,0.33,6.67,0.67,13.33,0.33,0.67,13.33,0.0,0.0,0.0,0.0,0.67,1.0,1.67,0.67,0.0,0.0,0.0,0.0
1265,Primeira Liga (PT),96064,Dinis Lourenço Casals Namura Borges Pinto,Dinis Pinto,2000-08-24,95.75,24.76,25.97,22,21,1,575.0,27.38,0.9,3.3,4.38,16.0,0.71,2.61,1.81,6.61,4.43,1.38,5.04,0.24,0.87,0.9,3.31,6.76,2.67,8.14,10.05,2.1,8.01,1.1,4.0
1265,Primeira Liga (PT),97322,Iván Fresneda Corraliza,Iván Fresneda,2004-09-28,76.6,24.55,16.19,23,22,1,486.0,22.09,0.68,3.09,4.14,18.72,0.36,1.65,1.05,4.73,3.18,0.91,4.12,0.45,2.06,0.77,3.5,6.14,3.36,5.82,5.91,0.86,4.43,0.77,3.5
1265,Primeira Liga (PT),100774,Tomás Mendes Mendes,T. Mendes,2004-11-21,70.27,12.97,20.25,5,5,0,144.0,28.8,1.2,4.17,2.6,9.03,0.2,0.69,1.0,3.47,2.2,2.0,6.95,0.0,0.0,0.2,0.69,6.2,4.0,6.8,13.8,1.0,3.66,2.2,7.64
1265,Primeira Liga (PT),103498,João Miguel Teixeira Mendes,João Mendes,2000-04-13,91.1,23.34,22.57,29,27,2,666.0,24.67,1.0,4.05,4.41,17.87,0.3,1.2,1.41,5.71,4.04,1.22,4.96,0.52,2.1,0.74,3.0,7.04,2.7,7.85,7.74,1.41,7.47,1.26,5.11
1265,Primeira Liga (PT),105825,Franjo Ivanović,F. Ivanović,2003-10-01,41.34,12.29,8.3,25,24,1,460.0,19.17,0.42,2.17,2.75,14.35,0.25,1.3,0.58,3.04,3.88,0.75,3.91,0.0,0.0,0.08,0.43,9.42,3.5,5.12,1.58,0.08,2.49,1.58,8.26
1265,Primeira Liga (PT),107651,Miguel Ângelo Gomes Ferreira Magalhães,Maga,2002-11-16,79.0,20.05,18.53,22,21,1,439.0,20.9,1.19,5.69,3.48,16.63,0.29,1.37,0.9,4.33,3.1,1.43,6.83,0.43,2.05,0.43,2.05,5.19,2.24,5.81,6.1,1.38,7.97,0.95,4.56
1265,Primeira Liga (PT),109444,Oumar Ngom,O. Ngom,2004-03-09,83.14,19.28,20.63,11,10,1,337.0,33.7,1.7,5.04,6.1,18.1,0.4,1.19,0.7,2.08,2.9,1.2,3.56,0.6,1.78,0.4,1.19,9.0,3.9,9.5,11.2,2.2,7.35,2.3,6.82
1265,Primeira Liga (PT),118016,Matías Emiliano Rocha Calderón,M. Rocha,2001-02-13,85.26,22.09,20.83,11,11,0,118.0,10.73,0.55,5.08,2.18,20.34,0.09,0.85,0.73,6.78,2.27,0.09,0.85,0.91,8.47,0.64,5.93,1.18,0.82,2.45,7.0,1.45,14.53,0.18,1.69
1265,Primeira Liga (PT),123995,Brayan Stiven Medina Hurtado,B. Medina,2002-03-04,97.45,21.84,27.05,25,25,0,456.0,18.24,0.88,4.82,4.48,24.56,0.12,0.66,0.88,4.82,3.68,0.28,1.54,0.72,3.95,0.56,3.07,2.48,1.96,3.52,9.6,1.88,11.1,0.28,1.53
1265,Primeira Liga (PT),140211,Brian Nicolás Mansilla Islas,B. Mansilla,2002-05-14,22.42,5.56,5.19,20,19,1,241.0,12.68,0.47,3.74,1.68,13.28,0.11,0.83,0.53,4.15,2.68,0.89,7.05,0.05,0.41,0.42,3.32,3.95,3.42,3.79,2.37,0.42,4.96,1.26,9.96
1265,Primeira Liga (PT),145071,Clayton Fernandes Silva,Clayton,1999-01-11,90.54,22.62,24.61,19,19,0,750.0,39.47,0.42,1.07,3.84,9.73,0.05,0.13,1.05,2.67,5.0,2.53,6.4,0.0,0.0,0.05,0.13,22.05,6.32,12.58,3.74,0.26,1.81,3.53,8.93
1265,Primeira Liga (PT),148268,Tom Moustier,T. Moustier,2002-05-02,28.16,5.76,7.65,9,9,0,134.0,14.89,0.22,1.49,2.11,14.18,0.11,0.75,0.33,2.24,2.0,0.89,5.97,0.0,0.0,0.11,0.75,5.0,2.67,5.22,2.89,0.11,0.58,1.11,7.46
1265,Primeira Liga (PT),149332,Mario Dorgeles,M. Dorgeles,2004-08-07,56.14,19.08,11.59,20,20,0,435.0,21.75,0.55,2.53,3.3,15.17,0.35,1.61,0.75,3.45,4.35,1.3,5.98,0.15,0.69,0.15,0.69,8.85,3.95,7.55,3.7,0.35,2.06,1.5,6.9
1265,Primeira Liga (PT),151383,Pedro Bondo Francisco,Pedro Bondo,2004-11-16,74.49,17.96,18.86,17,17,0,347.0,20.41,1.12,5.47,3.82,18.73,0.71,3.46,1.47,7.2,3.47,1.24,6.05,0.53,2.59,0.59,2.88,4.29,2.71,4.06,9.71,2.41,12.86,0.65,3.17
1265,Primeira Liga (PT),152105,Jesús Santiago Pérez,Yellu Santiago,2004-05-25,11.03,2.09,3.26,5,5,0,29.0,5.8,0.4,6.9,1.4,24.14,0.0,0.0,0.0,0.0,0.6,0.0,0.0,0.0,0.0,0.8,13.79,0.6,0.8,1.8,3.8,0.4,7.24,0.2,3.45
1265,Primeira Liga (PT),153384,Joe Hodge,J. Hodge,2002-09-14,60.27,13.25,17.51,26,26,0,950.0,36.54,1.31,3.58,4.96,13.58,0.27,0.74,1.42,3.89,4.19,2.5,6.84,0.27,0.74,0.46,1.26,9.92,6.85,10.5,9.23,1.62,5.27,3.42,9.37
1265,Primeira Liga (PT),154051,Luís Hemir Silva Semedo,Luís Semedo,2003-08-11,48.22,13.97,11.75,21,19,2,510.0,26.84,0.05,0.2,3.21,11.96,0.05,0.2,1.05,3.92,7.16,1.79,6.67,0.05,0.2,0.0,0.0,16.89,5.05,11.16,1.32,0.21,1.7,2.68,10.0
1265,Primeira Liga (PT),154052,Pedro Miguel  Costa Santos,Pedro Santos,2003-02-10,37.66,9.38,9.54,22,22,0,578.0,26.27,0.36,1.38,4.27,16.26,0.05,0.17,0.55,2.08,4.14,2.14,8.13,0.05,0.17,0.18,0.69,10.41,4.18,8.09,4.32,0.5,2.61,3.68,14.01
1265,Primeira Liga (PT),154056,António João Pereira Albuquerque Tavares Silva,António Silva,2003-10-30,85.73,25.29,18.09,25,24,1,237.0,9.88,0.58,5.91,2.38,24.05,0.08,0.84,0.33,3.38,1.5,0.12,1.27,0.12,1.27,0.29,2.95,2.17,0.79,2.46,3.75,1.08,11.63,0.12,1.27
1265,Primeira Liga (PT),154057,João Tomé Esteves Baptista,João Tomé,2003-02-12,41.16,9.8,10.98,19,19,0,286.0,15.05,0.37,2.45,1.89,12.59,0.42,2.8,0.47,3.15,2.05,0.47,3.15,0.26,1.75,0.53,3.5,3.05,2.26,4.05,6.11,1.21,10.06,0.63,4.19
1265,Primeira Liga (PT),154060,André Nogueira Gomes,André Gomes,2004-10-20,100.43,23.08,29.43,24,24,0,0.0,0.0,0.0,,0.0,,0.0,,0.0,,0.0,0.0,,0.0,,0.0,,0.0,0.0,0.0,0.0,0.0,,0.0,
1265,Primeira Liga (PT),154062,João Pedro Moreira Resende,João Resende,2003-03-26,12.95,1.8,1.88,2,2,0,9.0,4.5,0.5,11.11,1.0,22.22,0.5,11.11,0.5,11.11,2.0,0.5,11.11,0.0,0.0,0.0,0.0,1.0,0.5,0.5,2.0,0.5,12.5,0.0,0.0
1265,Primeira Liga (PT),154071,Diogo Martins Travassos,Diogo Travassos,2004-03-31,87.79,23.23,23.8,30,28,2,1140.0,40.71,1.18,2.89,5.07,12.46,0.32,0.79,2.07,5.09,5.93,4.39,10.79,0.18,0.44,0.82,2.02,13.75,6.79,14.39,9.07,1.5,4.44,4.07,10.0
1265,Primeira Liga (PT),154072,Gilberto Dambi Batista,Gilberto Batista,2003-12-29,75.06,19.05,21.31,28,26,2,253.0,9.73,0.5,5.14,1.77,18.18,0.08,0.79,0.65,6.72,1.54,0.15,1.58,0.69,7.11,0.38,3.95,1.5,0.58,1.42,6.69,1.19,13.78,0.15,1.58
1265,Primeira Liga (PT),154083,Ousmane Diomandé,O. Diomandé,2003-12-04,84.97,27.43,17.58,17,17,0,188.0,11.06,0.59,5.32,2.82,25.53,0.06,0.53,0.29,2.66,1.41,0.0,0.0,0.53,4.79,0.41,3.72,2.24,1.06,2.35,5.71,1.53,15.75,0.12,1.06
1265,Primeira Liga (PT),154106,Diogo Filipe Spencer Marques,Diogo Spencer,2004-04-17,68.58,15.96,20.18,20,20,0,556.0,27.8,0.9,3.24,4.25,15.29,0.4,1.44,1.55,5.58,3.0,1.9,6.83,0.3,1.08,0.8,2.88,6.95,4.25,7.85,8.2,0.85,3.9,2.45,8.81
1265,Primeira Liga (PT),156119, Bernardo Caltabiano Parise Fontes,Bernardo,2002-07-23,99.85,22.56,28.3,34,34,0,0.0,0.0,0.0,,0.0,,0.0,,0.0,,0.0,0.0,,0.0,,0.0,,0.0,0.0,0.0,0.0,0.0,,0.0,
1265,Primeira Liga (PT),156495,Leandro Antonetti López,L. Antonetti,2003-01-13,27.33,6.21,6.72,11,11,0,147.0,13.36,0.27,2.04,1.73,12.92,0.0,0.0,0.18,1.36,4.09,0.45,3.4,0.0,0.0,0.0,0.0,6.27,1.55,3.45,0.82,0.09,0.47,1.64,12.25
1265,Primeira Liga (PT),156790,Rodrigo Pinheiro Ferreira,Rodrigo Pinheiro,2002-08-28,98.05,24.6,24.63,29,28,1,745.0,26.61,1.21,4.56,4.86,18.26,0.29,1.07,1.21,4.56,2.75,1.25,4.7,0.46,1.74,1.11,4.16,7.89,3.21,8.5,7.25,1.61,7.44,1.14,4.3
1265,Primeira Liga (PT),156791,José Pedro da Silva Figueiredo Freitas,Zé Pedro,1997-06-06,19.55,6.75,4.86,2,1,1,9.0,9.0,0.0,0.0,0.0,0.0,0.0,0.0,1.0,11.11,1.0,2.0,22.22,0.0,0.0,1.0,11.11,4.0,0.0,5.0,2.0,0.0,0.0,4.0,44.44
1265,Primeira Liga (PT),156885,Vasco José Cardoso Sousa,Vasco Sousa,2003-04-03,55.15,15.0,14.63,9,9,0,250.0,27.78,1.56,5.6,3.33,12.0,0.22,0.8,0.44,1.6,3.33,1.89,6.8,0.22,0.8,0.33,1.2,8.22,3.56,8.33,10.0,1.89,6.61,2.67,9.6
1265,Primeira Liga (PT),156886,José Carlos Natário Ferreira,Zé Carlos,2001-10-30,45.71,10.64,11.08,30,29,1,578.0,19.93,1.24,6.23,3.21,16.09,0.21,1.04,0.62,3.12,2.59,0.76,3.81,0.24,1.21,0.24,1.21,4.72,3.28,4.45,7.0,1.03,6.09,1.52,7.61
1265,Primeira Liga (PT),156908,João Pedro Salazar da Graça,João Graça,1995-06-18,13.67,3.88,2.77,8,8,0,86.0,10.75,0.38,3.49,1.5,13.95,0.0,0.0,0.62,5.81,1.25,0.25,2.33,0.12,1.16,0.0,0.0,3.38,2.38,2.88,2.5,0.5,6.19,0.25,2.33
1265,Primeira Liga (PT),156918,Pedro Jorge Pacheco Seabra,Pedro Pacheco,1997-01-27,70.6,16.04,20.34,3,3,0,26.0,8.67,1.33,15.38,3.0,34.62,0.0,0.0,0.67,7.69,1.0,0.0,0.0,0.67,7.69,0.67,7.69,0.33,0.33,3.0,7.33,2.67,31.61,0.0,0.0
1265,Primeira Liga (PT),157282,Miguel Raimundo Nóbrega,Miguel Nóbrega,2000-04-17,83.04,20.75,18.81,13,11,2,128.0,11.64,0.55,4.69,2.27,19.53,0.27,2.34,0.55,4.69,1.82,0.09,0.78,0.55,4.69,0.45,3.91,2.0,1.36,2.18,7.45,2.0,19.29,0.27,2.34
1265,Primeira Liga (PT),157284,Jorge Monteiro Meireles,Jorge Meireles,2004-04-04,40.12,10.01,9.58,21,21,0,500.0,23.81,0.67,2.8,3.52,14.8,0.29,1.2,0.67,2.8,2.57,1.57,6.6,0.0,0.0,0.33,1.4,7.9,4.33,5.86,5.38,0.67,3.11,2.19,9.2
1265,Primeira Liga (PT),157298,Leonardo Filipe Cruz Lelo,Leonardo Lelo,2000-03-30,70.28,24.31,14.95,29,29,0,726.0,25.03,0.72,2.89,4.31,17.22,0.38,1.52,1.0,3.99,3.21,2.38,9.5,0.24,0.96,0.62,2.48,9.38,4.41,9.24,5.97,0.62,3.84,1.14,4.55
1265,Primeira Liga (PT),157299,Ricardo Jorge Cecilia Batista,Ricardo Batista,1986-11-19,89.76,18.81,21.87,4,4,0,0.0,0.0,0.0,,0.0,,0.0,,0.0,,0.0,0.0,,0.0,,0.0,,0.0,0.0,0.0,0.0,0.0,,0.0,
1265,Primeira Liga (PT),158158,Fábio Ronaldo  Costa Conceição,Fábio Ronaldo,2001-04-28,70.39,12.38,14.2,2,2,0,45.0,22.5,0.5,2.23,2.5,11.11,0.0,0.0,3.0,13.33,3.5,0.0,0.0,0.5,2.23,0.5,2.22,3.0,4.0,8.0,6.0,1.0,4.3,1.0,4.45
1265,Primeira Liga (PT),158162,Francisco Miguel Teixeira Domingues,Kiko,2002-04-16,73.31,17.91,20.93,27,26,1,625.0,24.04,0.77,3.2,4.04,16.8,0.58,2.4,1.54,6.4,2.85,1.77,7.36,0.46,1.92,1.0,4.16,5.42,3.19,6.19,9.62,1.73,8.63,1.31,5.44
1265,Primeira Liga (PT),160362,Gianluca Prestianni Gross,G. Prestianni,2006-01-31,57.46,16.52,12.71,29,28,1,770.0,27.5,0.96,3.51,3.71,13.51,0.39,1.43,1.43,5.19,4.79,2.46,8.96,0.04,0.13,0.21,0.78,11.21,5.64,8.43,3.0,0.32,2.4,3.39,12.34
1265,Primeira Liga (PT),160715,Nelson Ighodaro Abbey,Nelson Abbey,2003-08-28,86.2,22.39,24.49,26,26,0,610.0,23.46,1.81,7.71,3.88,16.56,0.46,1.97,1.5,6.39,3.73,0.77,3.28,0.88,3.77,0.85,3.61,4.69,3.04,4.69,11.73,2.19,10.39,0.62,2.62
1265,Primeira Liga (PT),161615,Óscar Andrés Perea Abonce,O. Perea,2005-09-27,55.85,11.23,16.92,25,24,1,788.0,32.83,0.83,2.54,4.38,13.33,0.17,0.51,1.54,4.7,4.46,2.96,9.01,0.17,0.51,0.5,1.52,9.46,5.54,11.25,8.21,0.5,1.66,2.83,8.63
1265,Primeira Liga (PT),161762,Alan Herminio Núñez Duarte,A. Núñez,2004-10-01,87.2,19.57,23.68,21,18,3,534.0,29.67,0.83,2.81,5.33,17.98,0.39,1.31,1.11,3.74,4.06,1.33,4.49,0.61,2.06,1.0,3.37,7.11,3.94,9.5,10.89,1.83,6.69,1.67,5.62
1265,Primeira Liga (PT),163136,Brandon Aguilera Zamora,B. Aguilera,2003-06-28,77.04,19.04,21.94,19,19,0,888.0,46.74,1.11,2.36,4.68,10.02,0.74,1.58,1.32,2.82,5.11,3.74,8.0,0.11,0.23,0.74,1.58,16.63,8.63,15.89,12.37,1.32,3.06,4.89,10.47
1265,Primeira Liga (PT),166670,Gustavo Klismahn Dimaraes Miranda,Klismahn,1999-11-23,71.69,17.99,19.12,16,15,1,669.0,44.6,1.27,2.84,4.4,9.86,0.33,0.75,1.33,2.99,5.27,3.13,7.03,0.07,0.15,0.33,0.75,16.4,8.0,13.33,7.67,0.67,1.92,5.27,11.81
1265,Primeira Liga (PT),166680,Vando Baifas Félix,Vando Félix,2002-09-03,42.35,10.19,9.02,8,7,1,122.0,17.43,0.43,2.46,3.14,18.03,0.0,0.0,0.86,4.92,2.43,1.29,7.38,0.43,2.46,0.43,2.46,5.86,1.57,5.29,5.29,0.71,7.96,1.43,8.2
1265,Primeira Liga (PT),166683,Gonçalo Faria Costa,Gonçalo Costa,2000-02-18,39.89,10.42,9.56,16,16,0,206.0,12.88,0.56,4.37,2.38,18.45,0.19,1.46,0.56,4.37,1.94,0.38,2.91,0.19,1.46,0.5,3.88,2.88,1.5,4.06,4.12,0.56,6.37,0.44,3.4
1265,Primeira Liga (PT),166684,Hevertton Ciriaco Santos,Hevertton,2001-02-01,40.92,9.08,10.0,24,23,1,293.0,12.74,0.57,4.44,2.26,17.75,0.39,3.07,0.91,7.17,2.87,0.7,5.46,0.43,3.41,0.43,3.41,3.78,2.0,3.26,4.78,0.96,9.23,0.83,6.49
1265,Primeira Liga (PT),166784,Martim Moreira Moutinho Fernandes,Martim Fernandes,2006-01-18,62.32,18.08,14.9,20,19,1,428.0,22.53,1.16,5.14,3.95,17.52,0.21,0.93,1.0,4.44,3.68,1.37,6.07,0.37,1.64,0.53,2.34,7.32,3.89,7.26,5.95,1.16,7.28,1.63,7.24
1265,Primeira Liga (PT),167206,Stefan Leković,S. Leković,2004-01-09,96.29,23.69,25.52,9,9,0,173.0,19.22,1.11,5.78,3.33,17.34,0.33,1.73,0.67,3.47,1.44,0.56,2.89,0.22,1.16,1.11,5.78,5.0,3.0,5.67,9.33,2.0,9.73,0.56,2.89
1265,Primeira Liga (PT),167792,Khayon Edwards,K. Edwards,2003-09-12,10.29,1.49,2.53,2,2,0,17.0,8.5,0.5,5.89,1.0,11.76,0.0,0.0,0.0,0.0,2.0,1.0,11.77,0.0,0.0,0.0,0.0,6.0,3.0,3.0,1.0,0.0,0.0,0.5,5.89
1265,Primeira Liga (PT),169273,Matheus Dos Santos Dias,Matheus Dias,2002-05-09,85.05,17.86,23.16,31,27,4,602.0,22.3,1.26,5.65,3.56,15.95,0.3,1.33,0.67,2.99,3.26,0.63,2.82,0.59,2.66,0.59,2.66,3.93,2.93,5.26,11.41,2.15,10.36,0.93,4.15
1265,Primeira Liga (PT),171764,Otar Mamageishvili,O. Mamageishvili,2003-01-15,20.99,4.82,5.14,8,8,0,85.0,10.62,0.38,3.53,1.62,15.29,0.12,1.18,0.5,4.7,1.0,0.62,5.88,0.12,1.18,0.0,0.0,3.5,2.88,4.12,3.12,0.5,5.22,0.5,4.7
1265,Primeira Liga (PT),171804,Lucas Figueiredo dos Santos,Figueiredo,2001-08-14,73.68,17.5,21.06,26,26,0,1198.0,46.08,0.85,1.84,5.0,10.85,0.27,0.58,1.42,3.09,8.42,3.42,7.43,0.08,0.17,0.54,1.17,17.31,8.96,15.08,6.27,0.58,1.56,6.85,14.86
1265,Primeira Liga (PT),171805,Matheus Nunes Fagundes de Araújo,MT,2001-03-01,69.91,16.93,18.55,12,12,0,175.0,14.58,0.75,5.14,2.08,14.29,0.25,1.71,1.08,7.43,1.67,0.83,5.71,0.25,1.71,0.67,4.57,3.25,1.42,3.83,6.08,1.17,10.71,0.58,4.0
1265,Primeira Liga (PT),173032,Dominik Prpić ,D. Prpić,2004-05-19,36.76,10.95,9.11,6,5,1,30.0,6.0,0.2,3.33,1.0,16.66,0.2,3.33,0.4,6.67,1.4,0.0,0.0,0.2,3.33,0.0,0.0,1.0,0.2,1.2,3.0,0.2,2.22,0.0,0.0
1265,Primeira Liga (PT),174161,Rhaldney Norberto Simião Gomes,Rhaldney,1998-11-20,74.91,18.71,21.14,14,14,0,655.0,46.79,1.29,2.75,6.0,12.82,0.21,0.46,1.21,2.59,6.43,3.5,7.48,0.21,0.46,0.86,1.83,14.79,8.64,12.64,13.93,1.86,4.44,5.71,12.21
1265,Primeira Liga (PT),174243,Alberto Oliveira Baio,Alberto Costa,2003-09-29,84.07,24.14,20.01,29,26,3,740.0,28.46,1.54,5.41,3.88,13.65,0.46,1.62,1.0,3.51,5.27,1.54,5.41,0.42,1.49,0.58,2.03,8.73,4.38,7.96,8.0,1.27,5.13,1.04,3.65
1265,Primeira Liga (PT),174264,Sidi Bane,S. Bane,2004-01-14,73.19,16.77,20.32,9,9,0,143.0,15.89,0.56,3.5,2.67,16.78,0.22,1.4,1.11,6.99,2.0,1.0,6.29,0.89,5.6,0.56,3.5,2.22,1.33,4.0,7.44,1.33,9.37,0.67,4.2
1265,Primeira Liga (PT),174300,Denis Pintol,D. Pintol,2000-02-07,83.02,15.9,32.82,1,1,0,37.0,37.0,0.0,0.0,4.0,10.81,1.0,2.7,3.0,8.11,3.0,2.0,5.41,3.0,8.11,3.0,8.11,8.0,5.0,11.0,17.0,2.0,5.41,1.0,2.7
1265,Primeira Liga (PT),175756,Matheus Pereira de Souza,Matheus Pereira,2000-12-21,80.15,19.66,21.05,10,10,0,398.0,39.8,1.2,3.01,5.1,12.82,0.4,1.01,1.5,3.77,5.3,2.4,6.03,0.2,0.5,0.4,1.0,11.1,7.3,12.9,10.8,1.2,4.69,3.5,8.79
1265,Primeira Liga (PT),175764,Guilherme Kennedy Romão,Guilherme Romão,1997-10-07,81.01,19.74,19.13,12,11,1,204.0,18.55,0.91,4.9,2.91,15.69,0.73,3.92,1.27,6.86,2.27,0.55,2.94,0.45,2.45,0.45,2.45,4.18,2.45,5.45,5.36,1.55,10.98,0.91,4.9
1265,Primeira Liga (PT),175850,Daniel de Melo Araujo Júnior,Daniel Júnior,2002-05-09,57.13,13.03,15.09,17,14,3,574.0,41.0,0.93,2.27,5.86,14.28,0.14,0.35,0.93,2.26,8.07,3.07,7.49,0.0,0.0,0.36,0.87,17.07,9.79,11.14,6.21,0.36,1.31,4.43,10.8
1265,Primeira Liga (PT),180049,Joel Filipe Organista da Silva,Joel Silva,2003-02-11,27.57,5.78,7.35,18,16,2,287.0,17.94,0.69,3.83,2.81,15.68,0.25,1.39,1.0,5.58,2.69,1.19,6.62,0.06,0.35,0.31,1.74,4.88,3.19,6.25,6.38,1.0,8.84,1.81,10.11
1265,Primeira Liga (PT),180750,Atanas Chernev,A. Chernev,2002-03-25,80.43,18.0,18.52,15,14,1,194.0,13.86,0.57,4.12,3.07,22.16,0.36,2.58,0.86,6.19,1.79,0.43,3.09,0.29,2.06,0.64,4.64,2.71,1.14,4.14,7.21,1.79,13.92,0.29,2.06
1265,Primeira Liga (PT),181586,Bernardo Schappo,Bernardo Schappo,1999-03-22,86.83,19.79,22.11,25,24,1,358.0,14.92,1.21,8.1,3.0,20.11,0.25,1.68,0.46,3.07,2.42,0.17,1.12,0.67,4.47,0.75,5.03,2.25,1.54,4.5,9.25,2.54,17.9,0.21,1.4
1265,Primeira Liga (PT),182823,Gustavo Filipe Alves Freitas Azevedo Sá,Gustavo Sá,2004-11-11,91.21,23.44,22.52,32,31,1,1492.0,48.13,1.39,2.88,5.65,11.73,0.39,0.8,1.42,2.95,5.81,2.68,5.56,0.1,0.2,0.26,0.54,23.35,6.68,14.06,6.23,0.71,1.87,5.61,11.66
1265,Primeira Liga (PT),189215,Kevin José Chamorro Rodríguez,K. Chamorro,2000-04-08,95.91,26.11,25.47,3,3,0,0.0,0.0,0.0,,0.0,,0.0,,0.0,,0.0,0.0,,0.0,,0.0,,0.0,0.0,0.0,0.0,0.0,,0.0,
1265,Primeira Liga (PT),231510,Or Israelov,O. Israelov,2004-09-02,24.36,7.16,3.88,1,1,0,4.0,4.0,0.0,0.0,0.0,0.0,2.0,50.0,0.0,0.0,1.0,1.0,25.0,0.0,0.0,0.0,0.0,1.0,0.0,2.0,2.0,2.0,50.0,0.0,0.0
1265,Primeira Liga (PT),233303,Andreas Ntoi,A. Ntoi,2003-02-02,84.28,21.5,23.53,30,30,0,1200.0,40.0,0.97,2.42,6.53,16.33,0.47,1.17,1.1,2.75,3.7,1.87,4.67,0.27,0.67,0.67,1.67,12.17,6.2,11.5,15.07,2.27,5.99,3.87,9.67
1265,Primeira Liga (PT),240388,Carlos Eduardo Borges Parente,Carlos Eduardo,2002-08-10,24.54,6.55,5.08,15,15,0,182.0,12.13,0.07,0.55,1.93,15.93,0.07,0.55,0.2,1.65,3.0,0.4,3.3,0.0,0.0,0.0,0.0,6.13,2.4,3.87,0.8,0.07,5.0,1.27,10.44
1265,Primeira Liga (PT),254546,Taichi Fukui,T. Fukui,2004-07-15,82.92,21.31,22.48,33,32,1,1112.0,34.75,1.19,3.42,4.5,12.95,0.19,0.54,0.94,2.7,6.03,1.84,5.3,0.28,0.81,0.47,1.35,12.38,5.84,10.62,13.0,1.25,4.24,3.25,9.35
1265,Primeira Liga (PT),256424,Deniz Gül,D. Gül,2004-07-02,45.13,12.35,11.14,29,28,1,719.0,25.68,0.32,1.25,3.25,12.66,0.04,0.14,0.79,3.06,6.25,1.18,4.59,0.0,0.0,0.0,0.0,12.89,3.71,8.64,2.04,0.21,1.81,2.54,9.87
1265,Primeira Liga (PT),301498,Juan Diego Castillo Reyes,J. Castillo,2003-01-13,99.44,24.63,24.85,15,15,0,0.0,0.0,0.0,,0.0,,0.0,,0.0,,0.0,0.0,,0.0,,0.0,,0.0,0.0,0.0,0.0,0.0,,0.0,
1265,Primeira Liga (PT),333898,Korede Osundina,K. Osundina,2004-02-13,46.15,8.35,13.41,18,17,1,539.0,31.71,0.53,1.67,3.47,10.95,0.24,0.74,1.47,4.64,4.76,2.53,7.98,0.0,0.0,0.35,1.11,11.53,5.76,8.94,4.0,0.35,2.43,5.35,16.88
1265,Primeira Liga (PT),365789,Victor Froholdt,V. Froholdt,2006-02-25,93.52,27.37,21.95,34,31,3,1601.0,51.65,1.39,2.69,7.58,14.68,0.23,0.44,1.32,2.56,8.74,3.06,5.93,0.13,0.25,0.48,0.94,20.39,10.06,16.23,10.55,1.32,3.08,4.03,7.81
1265,Primeira Liga (PT),414064,Andrey Felisberto Dos Santos,Andrey,2002-02-06,77.77,17.69,22.27,2,2,0,85.0,42.5,1.0,2.35,8.0,18.82,0.0,0.0,0.5,1.18,7.5,0.0,0.0,0.5,1.18,1.5,3.53,4.5,9.0,10.0,23.0,5.5,13.5,3.5,8.23
1265,Primeira Liga (PT),424571,Yefrei Stiven Rodríguez Sinisterra,Y. Rodriguez,2005-05-11,35.76,8.0,8.59,14,14,0,273.0,19.5,0.21,1.1,2.5,12.82,0.07,0.37,0.93,4.76,5.21,1.07,5.49,0.0,0.0,0.0,0.0,9.36,3.71,5.5,1.29,0.21,4.74,1.79,9.16
1265,Primeira Liga (PT),439381,Pedro Lima Barros,P. Lima,2003-03-27,79.7,15.89,25.19,26,25,1,1424.0,56.96,1.6,2.81,7.0,12.29,0.24,0.42,2.4,4.21,7.12,4.4,7.73,0.08,0.14,0.6,1.05,18.12,10.56,17.56,13.44,1.56,3.62,6.56,11.52
1265,Primeira Liga (PT),439388,Edney Henrique Santos da Silva,Edney,2004-07-26,48.2,13.63,11.98,1,1,0,16.0,16.0,0.0,0.0,1.0,6.25,1.0,6.25,0.0,0.0,3.0,1.0,6.25,1.0,6.25,0.0,0.0,4.0,2.0,3.0,4.0,0.0,0.0,0.0,0.0
1265,Primeira Liga (PT),486521,Benedito Mambuene Mukendi,Beni,2002-05-21,84.56,22.15,20.43,29,28,1,921.0,32.89,1.36,4.13,5.82,17.7,0.25,0.76,0.96,2.93,3.71,1.79,5.43,0.39,1.19,0.46,1.41,9.89,5.36,7.21,11.0,1.75,6.77,2.57,7.82
1265,Primeira Liga (PT),486523,Tiago Miguel Silva Manso,Tiago Manso,1999-12-13,62.01,13.82,17.52,28,28,0,862.0,30.79,1.21,3.95,4.5,14.62,0.43,1.39,1.43,4.64,5.0,2.43,7.89,0.25,0.81,0.86,2.78,9.32,5.57,10.0,8.04,1.18,4.63,2.04,6.61
1265,Primeira Liga (PT),486533,Luís Carlos Rocha Rodrigues,Luís Rocha,1986-08-13,98.61,26.19,25.5,13,13,0,223.0,17.15,0.77,4.48,3.92,22.87,0.15,0.9,0.54,3.14,1.92,0.92,5.38,1.23,7.18,0.77,4.48,2.31,2.0,2.77,10.31,2.85,18.18,0.08,0.45
1265,Primeira Liga (PT),487370,Amine El Ouazzani,A. El Ouazzani,2001-07-15,60.0,21.45,11.84,13,13,0,384.0,29.54,0.38,1.3,3.31,11.2,0.08,0.26,1.08,3.64,7.0,1.77,5.99,0.0,0.0,0.08,0.26,17.31,5.77,8.54,1.46,0.31,2.58,2.69,9.11
1265,Primeira Liga (PT),507730,Fally Mayulu,F. Mayulu,2002-07-15,10.17,2.76,1.59,3,3,0,12.0,4.0,0.0,0.0,0.67,16.66,0.0,0.0,0.0,0.0,1.33,0.0,0.0,0.0,0.0,0.0,0.0,2.0,2.0,0.0,0.0,0.0,,0.67,16.66
1265,Primeira Liga (PT),510598,Antoine Joujou,A. Joujou,2003-03-12,30.55,7.96,7.55,23,22,1,324.0,14.73,0.55,3.7,1.95,13.27,0.14,0.93,1.05,7.1,2.23,1.32,8.95,0.09,0.62,0.27,1.85,4.36,3.05,4.82,3.05,0.27,2.91,1.5,10.19
1265,Primeira Liga (PT),514482,Gonçalo Teixeira Nogueira,Gonçalo Nogueira,2003-12-28,63.59,16.73,14.93,23,23,0,708.0,30.78,0.7,2.26,5.74,18.64,0.13,0.42,0.65,2.12,4.96,1.74,5.65,0.09,0.28,0.48,1.55,11.57,5.96,9.7,7.09,1.48,6.67,2.43,7.91
1265,Primeira Liga (PT),514492,Guilherme Manuel Serrão Montóia,Guilherme Montóia,2003-09-14,54.96,12.72,13.42,11,10,1,171.0,17.1,0.9,5.27,2.4,14.03,0.1,0.58,0.6,3.51,2.9,1.1,6.43,0.4,2.34,0.8,4.68,3.6,1.7,5.8,6.5,1.0,6.96,0.7,4.1
1265,Primeira Liga (PT),514501,Rafael Ferreira Nel,Rafael Nel,2005-04-03,30.61,9.79,4.91,7,7,0,75.0,10.71,0.29,2.67,1.29,12.0,0.0,0.0,0.57,5.33,3.29,0.86,8.0,0.0,0.0,0.0,0.0,4.71,1.86,3.71,0.71,0.14,2.0,1.43,13.33
1265,Primeira Liga (PT),514524,Diogo Prioste,Diogo Prioste,2004-03-26,14.02,4.54,2.8,2,2,0,12.0,6.0,0.0,0.0,1.0,16.67,0.0,0.0,0.0,0.0,0.0,0.0,0.0,0.0,0.0,0.0,0.0,3.5,1.0,1.5,1.5,0.5,12.5,1.0,16.67
1265,Primeira Liga (PT),514734,João Miguel  Vieira Freitas Silva Marques,João Marques,2002-02-13,50.75,8.79,15.2,13,12,1,425.0,35.42,0.83,2.35,5.42,15.29,0.25,0.71,1.42,4.0,5.33,2.92,8.24,0.0,0.0,0.25,0.71,14.0,6.17,10.17,4.67,0.5,2.49,4.08,11.53
1265,Primeira Liga (PT),514744,Tiago Ribeiro Duarte,Tiago Duarte,2004-05-01,23.0,5.85,4.94,1,1,0,8.0,8.0,0.0,0.0,1.0,12.5,1.0,12.5,1.0,12.5,0.0,0.0,0.0,0.0,0.0,1.0,12.5,0.0,1.0,1.0,4.0,1.0,12.5,0.0,0.0
1265,Primeira Liga (PT),520864,Pedro Carvalho Santos,Pedro Santos,2000-10-12,54.79,14.05,13.27,16,16,0,390.0,24.38,1.19,4.87,3.56,14.62,0.12,0.51,0.75,3.08,4.12,1.5,6.15,0.0,0.0,0.62,2.56,6.81,4.69,5.75,10.19,1.19,5.91,1.81,7.44
1265,Primeira Liga (PT),531688,Fabio Blanco Gómez,Fabio Blanco,2004-02-18,32.71,7.95,7.65,15,14,1,274.0,19.57,0.14,0.73,3.14,16.06,0.07,0.36,0.93,4.74,2.93,2.29,11.68,0.0,0.0,0.29,1.46,6.86,4.0,6.64,2.36,0.29,3.96,2.5,12.77
1265,Primeira Liga (PT),532818,Xabier  Huarte Armendariz,Xabi Huarte,2001-02-25,32.08,7.42,9.96,5,5,0,117.0,23.4,0.6,2.56,2.2,9.4,0.2,0.85,0.6,2.56,2.2,2.2,9.4,0.0,0.0,0.0,0.0,11.8,3.6,8.8,2.4,0.2,0.68,2.2,9.4
1265,Primeira Liga (PT),537303,Kevin Höög Jansson,K. Höög Jansson,2000-09-29,69.18,17.31,17.31,13,13,0,308.0,23.69,1.08,4.55,4.31,18.18,0.08,0.32,0.69,2.92,3.31,0.92,3.9,0.08,0.33,0.38,1.62,6.38,3.46,5.62,9.0,1.0,4.74,1.23,5.19
1265,Primeira Liga (PT),539147,Tidjany Chabrol Touré,T. Touré,2002-07-15,51.65,12.62,12.47,11,11,0,279.0,25.36,0.45,1.79,3.55,13.98,0.0,0.0,1.0,3.94,4.55,1.36,5.38,0.0,0.0,0.18,0.72,11.36,4.18,9.27,3.09,0.36,2.1,3.36,13.26
1265,Primeira Liga (PT),540058,Dylan Alexander Nandín Berrutti,D. Nandín,2002-02-28,48.33,11.63,12.36,21,20,1,696.0,34.8,0.45,1.29,4.0,11.49,0.1,0.29,1.75,5.03,9.5,1.75,5.03,0.0,0.0,0.2,0.57,18.75,5.8,9.6,6.6,0.15,0.72,4.9,14.08
1265,Primeira Liga (PT),542787,Luis Guilherme Lira dos Santos,Luis Guilherme,2006-02-09,53.81,18.1,11.73,13,13,0,269.0,20.69,0.54,2.6,2.46,11.9,0.0,0.0,0.23,1.12,3.38,2.23,10.78,0.0,0.0,0.08,0.37,8.54,3.46,9.23,1.46,0.08,0.55,2.54,12.27
1265,Primeira Liga (PT),556549,Mateja Stjepanović,M. Stjepanović,2004-02-20,81.23,20.19,23.19,32,30,2,926.0,30.87,0.73,2.38,4.83,15.66,0.1,0.32,1.13,3.67,2.7,1.77,5.72,0.37,1.19,0.7,2.27,8.13,3.67,6.1,11.57,1.3,4.68,3.07,9.94
1265,Primeira Liga (PT),564775,Cédric Nuozzi,C. Nuozzi,2006-01-30,41.16,9.4,12.17,24,24,0,640.0,26.67,0.46,1.72,3.0,11.25,0.17,0.63,0.79,2.97,4.38,2.46,9.22,0.0,0.0,0.17,0.63,10.04,5.04,8.79,4.08,0.33,3.04,3.71,13.91
1265,Primeira Liga (PT),592647,Francisco Pedro Tiago Silva,Kiki Silva,1998-02-14,16.18,4.78,2.73,1,1,0,4.0,4.0,0.0,0.0,0.0,0.0,0.0,0.0,1.0,25.0,3.0,0.0,0.0,0.0,0.0,0.0,0.0,0.0,1.0,0.0,3.0,0.0,0.0,0.0,0.0
1265,Primeira Liga (PT),593954,Moudja Sié Ouattara,M. Ouattara,2002-05-20,40.43,9.53,11.23,16,16,0,366.0,22.88,0.75,3.28,2.69,11.75,0.06,0.27,0.62,2.73,3.56,1.75,7.65,0.0,0.0,0.44,1.91,8.06,5.19,7.12,3.56,0.25,1.63,1.88,8.2
1265,Primeira Liga (PT),599198,Julien Lomboto Lombompi,J. Lomboto,2002-05-13,35.4,8.7,10.84,7,7,0,53.0,7.57,0.14,1.89,2.0,26.41,0.0,0.0,0.43,5.66,1.14,0.14,1.89,0.29,3.77,0.29,3.77,1.71,1.0,1.57,5.14,1.29,19.01,0.14,1.89
1265,Primeira Liga (PT),606730,José Julián Martínez Crisanto,J. Martínez,2003-12-01,68.5,15.04,21.37,11,11,0,168.0,15.27,0.73,4.76,2.91,19.05,0.09,0.6,0.45,2.97,1.73,0.73,4.76,0.64,4.17,0.55,3.57,2.27,2.0,4.27,7.55,1.73,13.8,0.82,5.36
1265,Primeira Liga (PT),616534,Manuel Jorge Silva,Manu,2001-06-12,19.85,5.13,4.71,9,8,1,77.0,9.62,0.25,2.6,1.75,18.18,0.12,1.3,0.38,3.9,1.38,0.12,1.3,0.0,0.0,0.12,1.3,2.62,1.25,2.0,3.38,0.25,7.41,0.75,7.79
1265,Primeira Liga (PT),623079,Tiago Araújo Brito,Tiago Brito,2004-04-16,23.39,6.67,5.05,4,4,0,40.0,10.0,0.5,5.0,1.5,15.0,0.25,2.5,0.75,7.5,0.25,0.25,2.5,0.0,0.0,0.25,2.5,3.0,2.25,2.75,1.5,0.0,0.0,1.25,12.5
1265,Primeira Liga (PT),629214,Hyun-Ju  Lee,Lee Hyun-Ju,2003-02-07,72.35,19.93,18.07,30,29,1,1378.0,47.52,0.55,1.16,5.07,10.67,0.21,0.44,1.66,3.48,6.86,3.9,8.2,0.03,0.07,0.21,0.44,22.21,9.14,16.76,7.0,0.41,1.05,5.76,12.12
1265,Primeira Liga (PT),633219,Tony Strata,T. Strata,2004-09-07,73.72,19.76,16.98,21,20,1,466.0,23.3,1.25,5.37,4.45,19.1,0.25,1.07,0.95,4.08,5.0,0.65,2.79,0.45,1.93,0.6,2.58,6.6,3.65,5.7,7.5,1.8,10.14,1.0,4.29
1265,Primeira Liga (PT),634522,Matheus Cardoso Francisco,Mateus Pivô,1997-12-16,89.44,17.22,28.64,14,13,1,434.0,33.38,1.0,2.99,6.62,19.82,0.54,1.61,1.77,5.3,3.77,2.15,6.45,0.54,1.61,1.0,3.0,4.54,3.46,8.46,14.31,2.77,8.29,1.62,4.84
1265,Primeira Liga (PT),637197,Max Scholze ,M. Scholze,2005-04-30,74.06,18.22,18.93,11,11,0,290.0,26.36,1.18,4.48,4.27,16.21,0.36,1.38,1.27,4.83,3.18,1.36,5.17,0.36,1.38,1.0,3.79,5.45,4.18,7.55,8.45,1.73,7.51,1.36,5.17
1265,Primeira Liga (PT),638815,Tunde Akinsola,T. Akinsola,2003-03-10,79.39,16.52,24.59,34,33,1,1439.0,43.61,0.73,1.67,4.45,10.22,0.36,0.83,1.45,3.34,5.58,4.03,9.24,0.12,0.28,0.36,0.83,14.03,7.52,14.27,7.64,0.48,1.57,4.94,11.33
1265,Primeira Liga (PT),641109,Jakub Vinarčík,J. Vinarčík,2005-07-11,101.83,22.25,32.72,1,1,0,0.0,0.0,0.0,,0.0,,0.0,,0.0,,0.0,0.0,,0.0,,0.0,,0.0,0.0,0.0,0.0,0.0,,0.0,
1265,Primeira Liga (PT),641256,Ryan Carlos Santos de Sousa,Ryan,2002-05-14,45.53,11.82,9.95,4,4,0,52.0,13.0,0.25,1.92,3.25,25.0,0.25,1.92,0.5,3.84,1.0,0.25,1.92,0.0,0.0,0.75,5.77,3.0,1.5,4.25,4.25,0.5,5.29,1.0,7.69
1265,Primeira Liga (PT),657169,Gonçalo Carvalho Moreira,G. Moreira,2006-01-03,2.37,0.16,0.58,1,1,0,2.0,2.0,0.0,0.0,2.0,100.0,0.0,0.0,0.0,0.0,0.0,0.0,0.0,0.0,0.0,0.0,0.0,0.0,1.0,0.0,1.0,1.0,50.0,0.0,0.0
1265,Primeira Liga (PT),657171,Diogo Lobão de Sousa,Diogo Sousa,2006-01-20,57.81,15.0,13.09,22,21,1,542.0,25.81,0.95,3.69,4.43,17.16,0.1,0.37,0.52,2.03,4.43,0.95,3.69,0.05,0.18,0.24,0.92,8.19,4.57,8.1,5.86,0.81,3.93,2.1,8.12
1265,Primeira Liga (PT),657184,Gil Pinto Martins,Gil Martins,2006-05-12,7.38,2.46,0.72,1,1,0,1.0,1.0,0.0,0.0,0.0,0.0,0.0,0.0,0.0,0.0,0.0,0.0,0.0,0.0,0.0,0.0,0.0,1.0,0.0,0.0,1.0,0.0,0.0,0.0,0.0
1265,Primeira Liga (PT),657186,João Pedro Arnauth Barrocas Simões,João Simões,2007-01-06,46.36,15.48,9.76,18,18,0,464.0,25.78,0.72,2.8,3.67,14.22,0.11,0.43,0.83,3.23,4.17,2.06,7.97,0.11,0.43,0.28,1.08,9.61,5.67,7.67,5.28,0.78,3.72,2.72,10.56
1265,Primeira Liga (PT),658772,Marcos Peña Ocaña,Marcos Peña,2005-01-22,27.5,7.22,6.89,16,16,0,209.0,13.06,0.12,0.96,2.69,20.57,0.0,0.0,0.31,2.39,1.5,0.44,3.35,0.06,0.48,0.44,3.35,3.0,2.06,2.88,4.81,0.56,5.33,1.19,9.09
1265,Primeira Liga (PT),662525,Bastien Meupiyou Menadjou,B. Meupiyou,2006-03-19,96.16,22.38,27.91,29,29,0,613.0,21.14,1.31,6.2,3.72,17.62,0.38,1.79,0.76,3.59,3.28,0.59,2.77,0.76,3.59,0.62,2.94,4.62,2.76,4.45,10.97,2.34,12.26,0.69,3.26
1265,Primeira Liga (PT),663365,Geovany Tcherno Quenda,Geovany Quenda,2007-04-30,47.18,15.25,10.37,20,19,1,363.0,19.11,0.79,4.13,2.63,13.77,0.21,1.1,0.53,2.75,2.63,1.58,8.26,0.0,0.0,0.21,1.1,7.26,3.95,5.26,2.68,0.26,2.81,1.26,6.61
1265,Primeira Liga (PT),663376,Eric Emanuel da Silva Moreira,E. da Silva Moreira,2006-05-03,27.79,7.16,8.57,3,3,0,48.0,16.0,0.33,2.08,3.33,20.83,0.0,0.0,0.33,2.09,2.67,1.33,8.33,0.0,0.0,1.0,6.25,2.67,2.67,3.67,9.33,1.0,5.44,0.0,0.0
1265,Primeira Liga (PT),666916,Roméo Beney,R. Beney,2005-01-19,22.18,5.59,4.3,14,13,1,124.0,9.54,0.31,3.23,1.38,14.52,0.0,0.0,0.46,4.84,1.38,0.54,5.65,0.0,0.0,0.15,1.61,3.08,1.69,3.62,1.0,0.08,2.56,0.92,9.68
1265,Primeira Liga (PT),667307,Matija Mitrović,M. Mitrović,2004-12-12,47.14,11.57,11.46,18,17,1,347.0,20.41,0.47,2.3,3.06,14.99,0.24,1.15,0.29,1.44,2.18,1.41,6.92,0.12,0.58,0.47,2.31,6.71,3.53,5.76,5.47,0.53,2.95,1.88,9.22
1265,Primeira Liga (PT),668428,Conrad Harder Weibel Schandorff,C. Harder,2005-04-07,20.66,7.58,4.37,4,4,0,33.0,8.25,0.0,0.0,1.0,12.12,0.25,3.03,0.0,0.0,3.0,0.5,6.06,0.0,0.0,0.0,0.0,4.75,2.0,2.5,0.25,0.0,0.0,0.5,6.06
1265,Primeira Liga (PT),671211,Afonso  Oliveira Rodrigues,Afonso Rodrigues,2002-08-19,24.05,5.64,5.59,7,7,0,89.0,12.71,0.57,4.49,1.57,12.36,0.0,0.0,1.43,11.23,0.86,1.0,7.86,0.0,0.0,0.0,0.0,5.0,2.43,3.71,1.29,0.0,0.0,1.43,11.24
1265,Primeira Liga (PT),672056,Rodrigo Osório Mordomo Silva,Rodrigo Mordomo,2004-12-08,9.83,2.1,1.72,1,1,0,2.0,2.0,0.0,0.0,0.0,0.0,0.0,0.0,0.0,0.0,0.0,0.0,0.0,0.0,0.0,0.0,0.0,0.0,0.0,1.0,0.0,0.0,,0.0,0.0
1265,Primeira Liga (PT),676470,Alexsandro Amorim de Freitas Filho,Amorim,2005-05-18,93.17,21.47,27.82,19,19,0,982.0,51.68,1.79,3.46,6.84,13.24,0.47,0.92,1.0,1.93,4.89,3.47,6.72,0.21,0.41,0.68,1.32,15.95,10.47,15.0,16.26,2.47,5.71,5.11,9.88
1265,Primeira Liga (PT),689057,Nodar Lominadze,N. Lominadze,2002-04-04,44.37,10.94,11.38,16,16,0,367.0,22.94,1.12,4.9,3.25,14.17,0.38,1.63,0.44,1.91,3.31,1.38,5.99,0.25,1.09,0.38,1.63,7.94,3.81,7.25,4.75,0.81,4.1,2.38,10.35
1265,Primeira Liga (PT),693894,Gabriel Silva  Moscardo de Salles,Gabriel Moscardo,2005-09-28,48.08,16.13,10.08,23,23,0,357.0,15.52,0.48,3.08,2.61,16.81,0.13,0.84,0.65,4.2,2.61,0.78,5.04,0.17,1.12,0.65,4.2,5.17,2.13,3.78,4.61,0.74,6.53,1.0,6.44
1265,Primeira Liga (PT),698183,Souleymane Faye,S. Faye,2003-02-08,24.95,6.47,4.53,5,5,0,46.0,9.2,0.2,2.17,0.4,4.35,0.0,0.0,0.6,6.52,2.0,0.2,2.17,0.0,0.0,0.0,0.0,3.8,1.8,3.8,1.6,0.2,1.78,0.8,8.69
1265,Primeira Liga (PT),703002,Romualdas Jansonas,R. Jansonas,2005-06-23,29.88,6.21,7.03,2,2,0,34.0,17.0,0.0,0.0,1.5,8.82,0.0,0.0,0.5,2.94,2.0,1.0,5.88,0.0,0.0,0.0,0.0,7.5,2.0,6.5,2.0,0.0,0.0,2.0,11.77
1265,Primeira Liga (PT),708022,Tobías Medina,T. Medina,2004-03-03,18.46,7.82,3.04,1,1,0,7.0,7.0,1.0,14.29,2.0,28.57,0.0,0.0,0.0,0.0,0.0,0.0,0.0,0.0,0.0,0.0,0.0,1.0,1.0,1.0,3.0,1.0,14.29,0.0,0.0
1265,Primeira Liga (PT),731092,Antef Tsoungui,A. Tsoungui,2002-12-30,65.75,18.23,16.58,23,23,0,430.0,18.7,1.13,6.05,3.78,20.23,0.22,1.16,0.78,4.19,3.0,0.52,2.79,0.26,1.4,0.61,3.26,4.09,2.39,4.13,6.61,1.52,9.9,0.83,4.42
1265,Primeira Liga (PT),731279,Espen van Ee,E. van Ee,2003-07-05,82.06,21.25,21.44,26,25,1,1154.0,46.16,1.6,3.47,6.68,14.47,0.24,0.52,1.0,2.17,6.24,2.88,6.24,0.32,0.69,0.6,1.3,15.92,8.4,12.28,15.16,1.8,4.38,5.12,11.09
1265,Primeira Liga (PT),733174,Mathias De Amorim,M. De Amorim,2004-12-10,87.48,22.61,22.05,30,29,1,1411.0,48.66,1.55,3.19,6.59,13.54,0.07,0.14,1.66,3.4,6.1,2.72,5.6,0.17,0.35,0.48,0.99,17.45,9.1,14.41,10.48,1.38,3.3,3.83,7.87
1265,Primeira Liga (PT),733366,Samuel Omorodion Aghehowa,Samu Omorodion,2004-05-05,76.79,24.69,16.73,20,18,2,569.0,31.61,0.61,1.93,4.06,12.83,0.06,0.18,2.0,6.33,9.78,1.67,5.27,0.0,0.0,0.0,0.0,17.72,4.61,12.0,1.83,0.11,0.4,2.5,7.91
1265,Primeira Liga (PT),735579,Anthony Carter,A. Carter,1994-08-31,31.37,8.06,8.23,5,5,0,107.0,21.4,0.2,0.93,2.0,9.35,0.2,0.93,0.8,3.74,6.0,1.4,6.54,0.0,0.0,0.0,0.0,11.0,4.6,7.0,2.4,0.0,0.0,2.8,13.08
1265,Primeira Liga (PT),735644,Rodrigo Mora Carvalho,Rodrigo Mora,2007-05-05,47.94,13.99,10.81,28,26,2,581.0,22.35,0.62,2.75,3.31,14.8,0.12,0.52,0.77,3.44,2.19,1.5,6.71,0.04,0.17,0.5,2.24,8.0,3.27,6.54,4.92,0.65,3.76,2.08,9.29
1265,Primeira Liga (PT),735645,Cícero Clébson Alves Santana,Cícero Alves,1997-05-10,72.3,15.84,22.98,18,18,0,588.0,32.67,0.89,2.72,4.56,13.94,0.44,1.36,0.94,2.89,5.11,1.67,5.1,0.33,1.02,0.83,2.55,8.56,3.94,9.89,11.83,1.94,7.48,3.0,9.18
1265,Primeira Liga (PT),735647,André Filipe Castanheira Ceitil,André Ceitil,1995-03-11,32.59,5.3,8.69,4,4,0,15.0,3.75,0.0,0.0,1.0,26.67,0.0,0.0,0.25,6.67,1.0,0.0,0.0,0.0,0.0,0.25,6.67,0.5,0.25,1.25,2.0,0.75,21.25,0.0,0.0
1265,Primeira Liga (PT),735649,Pedro Henryque Pereira dos Santos,Maranhão,1999-03-02,79.27,18.46,22.63,32,32,0,1369.0,42.78,0.81,1.9,4.72,11.03,0.31,0.73,1.31,3.07,8.12,3.75,8.77,0.09,0.22,0.12,0.29,16.72,6.84,14.78,4.59,0.75,2.32,4.56,10.66
1265,Primeira Liga (PT),735655,Sidney Alexssander Pena De Lima,Sidney Lima,1997-01-17,97.58,24.11,25.16,33,32,1,457.0,14.28,1.0,7.0,2.41,16.85,0.25,1.75,1.06,7.44,2.44,0.34,2.41,0.44,3.06,0.41,2.84,2.34,1.03,3.06,8.28,1.97,14.81,0.31,2.19
1265,Primeira Liga (PT),735656,Sérgio Miguel Lobo Araújo,Serginho,1999-12-01,86.41,21.74,22.22,32,31,1,1431.0,46.16,1.65,3.56,5.42,11.74,0.26,0.56,1.68,3.63,5.68,2.97,6.43,0.13,0.28,0.68,1.47,14.68,8.68,14.29,11.39,1.61,4.47,4.61,9.99
1265,Primeira Liga (PT),735699,Gustavo Pinto Mendonça,G. Mendonça,2003-03-11,72.26,14.63,22.32,21,20,1,833.0,41.65,1.35,3.24,5.75,13.81,0.15,0.36,1.55,3.72,3.95,2.75,6.6,0.4,0.96,0.65,1.56,9.85,7.5,11.4,14.5,2.2,6.44,2.9,6.96
1265,Primeira Liga (PT),735705,David Allen Grilo,David Grilo,1996-08-13,98.86,26.16,25.84,1,1,0,0.0,0.0,0.0,,0.0,,0.0,,0.0,,0.0,0.0,,0.0,,0.0,,0.0,0.0,0.0,0.0,0.0,,0.0,
1265,Primeira Liga (PT),735708,Pedro Maria Salgueiro Costa Pessoa Carvalho,Pedro Carvalho,2003-02-14,55.64,15.21,13.84,23,23,0,426.0,18.52,0.61,3.29,3.22,17.37,0.22,1.17,1.13,6.1,3.13,1.0,5.4,0.52,2.82,0.48,2.58,5.43,2.83,6.09,5.57,0.78,5.31,1.09,5.87
1265,Primeira Liga (PT),738192,Gustavo da Silva Cunha,Gustavo Silva,1999-06-01,69.51,18.21,15.68,23,21,2,731.0,34.81,0.95,2.74,5.38,15.46,0.24,0.68,1.1,3.15,8.67,2.33,6.7,0.05,0.14,0.14,0.41,17.48,7.0,13.19,3.24,0.33,0.91,3.52,10.12
1265,Primeira Liga (PT),738194,Paulo Vitor Leal Sousa Lima,Paulo Vitor,2001-07-19,88.46,17.57,28.07,18,17,1,253.0,14.88,1.12,7.51,2.53,17.0,0.29,1.98,1.29,8.7,3.12,0.24,1.58,1.06,7.12,0.82,5.53,1.29,1.24,2.29,8.94,2.12,15.47,0.53,3.56
1265,Primeira Liga (PT),738195,Francisco Adriano Baptista Gonçalves,Chico Gonçalves,2004-03-05,63.52,15.32,16.14,10,9,1,96.0,10.67,0.56,5.21,2.33,21.88,0.0,0.0,0.44,4.17,1.89,0.11,1.04,0.56,5.21,0.67,6.25,1.89,1.44,1.89,6.11,1.33,12.94,0.0,0.0
1265,Primeira Liga (PT),738198,Martim Gustavo Silva Watts Rodrigues,Watts,2005-07-14,14.13,2.83,4.78,7,7,0,103.0,14.71,0.29,1.94,3.0,20.39,0.14,0.97,0.57,3.88,3.0,1.0,6.79,0.0,0.0,0.29,1.94,4.14,3.57,2.86,4.14,0.57,6.4,1.29,8.74
1265,Primeira Liga (PT),744049,Wendel da Silva Costa,W. Silva,2000-08-02,74.5,19.49,19.82,13,13,0,591.0,45.46,0.38,0.85,5.62,12.35,0.08,0.17,0.92,2.03,9.92,1.54,3.38,0.0,0.0,0.08,0.17,25.31,8.38,12.31,1.62,0.08,0.2,3.38,7.45
1265,Primeira Liga (PT),749988,Pablo Ruan Messias Cardozo,Pablo Ruan,2003-02-01,45.12,9.19,11.57,23,19,4,446.0,23.47,0.68,2.91,2.53,10.76,0.21,0.9,0.84,3.59,5.26,1.89,8.07,0.0,0.0,0.16,0.67,9.16,4.26,8.05,4.21,0.58,4.69,2.53,10.76
1265,Primeira Liga (PT),750250,Álvaro Martínez Navarro,Álvaro Martínez,2002-05-04,56.69,16.5,15.38,15,14,1,236.0,16.86,0.79,4.66,2.71,16.1,0.29,1.69,0.86,5.09,1.79,1.64,9.75,0.43,2.54,0.5,2.97,4.43,2.14,6.79,4.93,0.71,5.39,1.43,8.48
1265,Primeira Liga (PT),758003,Omar Fayed Abdelwahab Elrakhawy,Omar Fayed,2003-07-04,75.7,18.64,21.21,8,8,0,129.0,16.12,0.62,3.88,3.38,20.93,0.25,1.55,0.62,3.88,3.62,0.25,1.55,1.38,8.53,0.25,1.55,3.38,1.5,2.75,10.5,2.62,18.98,0.75,4.65
1265,Primeira Liga (PT),773512,Steven Baseya,S. Baseya,2005-01-14,48.77,12.24,13.16,12,12,0,88.0,7.33,0.17,2.27,1.83,25.0,0.0,0.0,0.42,5.68,1.58,0.42,5.68,0.25,3.41,0.17,2.27,0.92,0.33,0.83,4.5,1.0,15.67,0.08,1.14
1265,Primeira Liga (PT),774053,José Manuel Mendes Gomes ,José Gomes,1996-07-20,93.56,19.91,25.36,27,24,3,865.0,36.04,1.58,4.39,6.29,17.46,0.75,2.08,1.83,5.09,4.25,2.42,6.7,0.38,1.04,1.29,3.58,7.92,5.38,12.42,12.08,1.92,6.51,2.33,6.47
1265,Primeira Liga (PT),784664,Luis Fernando Santos Oliveira ,Fernando,2005-04-12,55.3,12.7,14.0,11,10,1,359.0,35.9,0.4,1.12,4.7,13.09,0.1,0.28,2.2,6.13,8.0,1.5,4.18,0.0,0.0,0.1,0.28,13.7,5.7,6.9,3.5,0.0,0.0,2.7,7.52
1265,Primeira Liga (PT),789116,Antonios Papakanellos,A. Papakanellos,2005-08-11,24.9,6.3,6.12,21,21,0,377.0,17.95,0.57,3.18,2.29,12.73,0.14,0.8,0.71,3.98,2.29,0.9,5.04,0.0,0.0,0.24,1.33,5.29,4.38,5.29,3.29,0.19,1.46,1.9,10.61
1265,Primeira Liga (PT),789166,Theofanis  Bakoulas,T. Bakoulas,2005-01-04,60.85,16.4,13.28,3,3,0,125.0,41.67,1.0,2.4,5.0,12.0,0.0,0.0,2.33,5.6,4.0,2.33,5.6,0.33,0.8,0.67,1.6,11.67,8.33,15.33,10.0,2.0,4.68,6.33,15.2
1265,Primeira Liga (PT),793234,Brenner Lucas Gonçalves Santos,Brenner,2002-01-02,49.63,12.55,12.43,28,27,1,580.0,21.48,0.56,2.59,2.0,9.31,0.15,0.69,0.93,4.31,5.11,2.04,9.48,0.04,0.17,0.07,0.34,9.78,3.44,8.67,2.22,0.04,0.67,2.33,10.86
1265,Primeira Liga (PT),797508,William Gomes Carvalho Santos,William Gomes,2006-03-15,50.07,14.37,11.3,28,25,3,715.0,28.6,0.48,1.68,4.04,14.13,0.16,0.56,0.92,3.22,6.28,1.8,6.29,0.08,0.28,0.16,0.56,14.0,6.08,11.28,2.72,0.16,0.95,2.68,9.37
1265,Primeira Liga (PT),799030,Paulo Daniel Valente Moreira,Paulo Moreira,2000-02-17,90.41,21.4,22.95,28,27,1,1217.0,45.07,1.07,2.38,6.22,13.8,0.3,0.66,1.41,3.12,5.52,3.41,7.56,0.41,0.9,0.74,1.64,13.11,7.3,12.78,12.81,1.74,4.33,4.63,10.27
1265,Primeira Liga (PT),799968,Juan Sebastián Rodríguez López,J. Rodríguez,2006-03-27,75.07,17.8,20.49,29,29,0,930.0,32.07,1.0,3.12,5.28,16.45,0.38,1.18,1.24,3.87,3.79,2.0,6.24,0.28,0.86,0.59,1.83,8.62,5.31,8.86,10.24,1.31,4.97,2.45,7.63
1265,Primeira Liga (PT),800977,Gustavo Miguel Pereira Sousa Varela,Gustavo Varela,2005-01-30,53.54,13.35,13.29,32,31,1,755.0,24.35,0.19,0.79,3.19,13.11,0.06,0.26,1.23,5.03,6.29,2.03,8.34,0.0,0.0,0.03,0.13,13.48,3.65,8.55,1.0,0.1,1.5,3.84,15.76
1265,Primeira Liga (PT),801815,Ikker Julian de La Caridad Caldeira dos Santos,I. Julian,2005-07-07,61.87,17.6,17.46,2,2,0,39.0,19.5,0.0,0.0,3.5,17.95,0.0,0.0,0.5,2.57,2.5,1.5,7.69,0.5,2.57,0.5,2.57,5.5,2.0,8.0,6.0,1.0,7.58,1.5,7.69
1265,Primeira Liga (PT),801829,Ejike  Julius Opara ,E. Julius Opara,2005-07-05,11.52,3.02,2.79,1,1,0,10.0,10.0,0.0,0.0,2.0,20.0,0.0,0.0,2.0,20.0,2.0,0.0,0.0,0.0,0.0,0.0,0.0,4.0,2.0,6.0,2.0,0.0,0.0,0.0,0.0
1265,Primeira Liga (PT),808236,Valdemiro Pinto Domingos,Miro,2003-04-22,74.31,16.63,22.68,4,4,0,126.0,31.5,0.25,0.79,2.75,8.73,0.0,0.0,2.0,6.35,2.25,2.0,6.35,0.0,0.0,0.25,0.79,17.5,2.25,10.75,0.75,0.0,0.0,2.75,8.73
1265,Primeira Liga (PT),808976,Motez Nourani,M. Nourani,2002-01-11,32.74,8.01,9.88,6,6,0,158.0,26.33,0.67,2.53,2.17,8.23,0.33,1.27,1.67,6.33,6.33,1.17,4.43,0.0,0.0,0.17,0.63,9.5,6.17,8.0,5.0,0.17,1.25,1.17,4.43
1265,Primeira Liga (PT),808991,Daniel Grilo Azevedo,Daniel Azevedo,1998-02-12,78.26,19.48,21.22,3,3,0,0.0,0.0,0.0,,0.0,,0.0,,0.0,,0.0,0.0,,0.0,,0.0,,0.0,0.0,0.0,0.0,0.0,,0.0,
1265,Primeira Liga (PT),809045,Sidny Lopes Cabral,S. Lopes Cabral,2002-09-18,80.68,20.26,17.8,23,22,1,558.0,25.36,1.18,4.66,5.27,20.79,0.0,0.0,1.05,4.12,3.64,1.68,6.63,0.23,0.9,0.36,1.43,7.14,2.77,8.05,5.32,0.77,3.71,1.55,6.09
1265,Primeira Liga (PT),809111,Karem Zoabi,K. Zoabi,2006-05-03,24.36,5.89,6.41,5,5,0,68.0,13.6,0.0,0.0,1.2,8.82,0.0,0.0,0.8,5.88,2.4,0.6,4.41,0.0,0.0,0.0,0.0,5.4,3.0,4.6,2.6,0.0,0.0,1.6,11.76
1265,Primeira Liga (PT),809342,Fahem Benaissa-Yahia,F. Benaissa,2002-04-29,61.55,12.75,15.25,10,10,0,165.0,16.5,0.8,4.85,3.1,18.79,0.2,1.21,1.6,9.7,3.1,0.5,3.03,0.2,1.21,0.6,3.64,2.9,1.7,4.6,4.6,0.9,7.62,1.2,7.27
1265,Primeira Liga (PT),809496,Francisco Petrasso,F. Petrasso,2002-01-28,69.54,16.69,20.08,23,23,0,253.0,11.0,0.57,5.14,2.57,23.32,0.26,2.37,0.61,5.53,1.74,0.17,1.58,0.57,5.14,0.39,3.56,1.52,1.09,1.83,6.96,1.48,15.17,0.09,0.79
1265,Primeira Liga (PT),809976,André Filipe Ferreira Lacximicant,André Lacximicant,2001-05-19,60.2,15.57,15.83,22,22,0,682.0,31.0,0.36,1.17,4.0,12.9,0.09,0.29,1.09,3.52,5.36,2.14,6.89,0.0,0.0,0.05,0.15,15.82,6.05,11.18,1.32,0.27,2.41,3.27,10.56
1265,Primeira Liga (PT),810716,Daniel Armando Fonseca Silva Banjaqui,Daniel Banjaqui,2008-03-24,81.78,27.83,12.81,2,2,0,37.0,18.5,0.5,2.71,5.0,27.03,0.5,2.71,1.5,8.11,3.5,0.5,2.71,0.5,2.71,1.0,5.41,3.5,1.0,4.5,4.5,0.5,3.03,0.5,2.71
1265,Primeira Liga (PT),810741,José Pedro Formoso Neto,José Neto,2008-04-19,52.67,17.55,10.38,2,2,0,20.0,10.0,0.5,5.0,2.0,20.0,0.0,0.0,1.0,10.0,0.5,0.0,0.0,0.0,0.0,1.0,10.0,2.0,0.0,4.0,2.0,0.0,0.0,0.0,0.0
1265,Primeira Liga (PT),810747,Anísio Cláudio Fernandes Reis Cabral,Anísio Cabral,2008-02-15,15.4,4.74,2.37,6,6,0,32.0,5.33,0.17,3.12,0.33,6.25,0.0,0.0,0.33,6.25,1.5,0.0,0.0,0.0,0.0,0.0,0.0,3.17,1.0,2.0,0.17,0.0,0.0,0.5,9.37
1265,Primeira Liga (PT),810787,Oumar Camara,O. Camara,2007-05-11,55.38,14.73,13.57,30,28,2,835.0,29.82,0.61,2.04,3.32,11.14,0.18,0.6,1.04,3.47,10.04,1.93,6.47,0.07,0.24,0.11,0.36,15.04,5.54,10.82,3.18,0.39,1.86,4.14,13.89
1265,Primeira Liga (PT),810933,Eduardo Manuel de Freitas Felicissimo,Eduardo Felicissimo,2007-01-08,10.76,2.31,2.07,1,1,0,4.0,4.0,0.0,0.0,1.0,25.0,0.0,0.0,0.0,0.0,1.0,0.0,0.0,0.0,0.0,0.0,0.0,0.0,0.0,1.0,0.0,0.0,,0.0,0.0
1265,Primeira Liga (PT),811145,Hugo Miguel Zagal Nunes,Hugo Nunes,2002-02-15,15.8,4.21,1.52,1,1,0,3.0,3.0,0.0,0.0,1.0,33.33,0.0,0.0,0.0,0.0,0.0,0.0,0.0,0.0,0.0,0.0,0.0,1.0,0.0,1.0,0.0,0.0,,0.0,0.0
1265,Primeira Liga (PT),811474,Agustín Nahuel Moreira Morales,A. Moreira,2001-05-28,53.88,13.04,13.9,21,20,1,532.0,26.6,0.5,1.88,3.75,14.1,0.05,0.19,1.2,4.51,5.35,2.8,10.53,0.0,0.0,0.05,0.19,11.05,4.4,11.0,2.55,0.15,0.55,3.45,12.97
1265,Primeira Liga (PT),812123,Tamble Ulisses Folgado Monteiro,Tamble Monteiro,2000-11-15,56.89,14.82,15.34,13,13,0,370.0,28.46,0.46,1.62,3.62,12.7,0.08,0.27,1.23,4.33,6.23,1.23,4.33,0.0,0.0,0.23,0.81,13.31,4.85,9.08,2.15,0.15,0.99,3.31,11.62
1265,Primeira Liga (PT),812124,Fabrício Garcia Andrade,Fabrício Garcia,2001-05-04,26.13,6.08,6.11,12,12,0,142.0,11.83,0.42,3.52,2.08,17.61,0.0,0.0,0.33,2.82,1.75,0.67,5.63,0.08,0.7,0.33,2.82,3.42,2.33,4.42,2.0,0.17,1.98,1.08,9.16
1265,Primeira Liga (PT),812240,Jalen Blesa ,J. Blesa,2001-02-05,89.2,24.02,24.05,13,13,0,777.0,59.77,1.0,1.67,6.85,11.46,0.23,0.39,1.46,2.44,11.62,3.46,5.79,0.0,0.0,0.08,0.13,32.15,13.23,20.23,4.69,0.31,1.02,6.62,11.07
1265,Primeira Liga (PT),813388,Kevyn Henrique Monteiro de Souza,Kevyn Monteiro,2005-09-13,46.17,12.93,12.4,10,9,1,46.0,5.11,0.44,8.69,1.33,26.09,0.0,0.0,0.11,2.17,0.44,0.33,6.52,0.22,4.35,0.22,4.35,1.44,0.33,1.22,2.33,0.56,12.48,0.0,0.0
1265,Primeira Liga (PT),816760,Ibrahima Ba,I. Ba,2005-05-26,88.48,21.8,22.96,21,21,0,272.0,12.95,0.71,5.51,3.05,23.53,0.24,1.84,0.71,5.51,2.05,0.1,0.73,0.67,5.15,0.52,4.04,2.33,1.29,2.38,7.67,1.62,13.23,0.14,1.1
1265,Primeira Liga (PT),818137,Yarlen Faustino Augusto,Yarlen,2006-02-20,47.17,9.89,12.74,11,11,0,270.0,24.55,0.45,1.85,2.55,10.37,0.0,0.0,0.82,3.33,3.36,2.09,8.52,0.0,0.0,0.18,0.74,10.09,4.18,8.18,3.64,0.09,0.46,2.82,11.48
1265,Primeira Liga (PT),818352,Tamás Nikitscher,T. Nikitscher,1999-11-03,56.83,14.5,16.48,27,27,0,769.0,28.48,0.96,3.38,4.37,15.34,0.11,0.39,0.67,2.34,3.44,1.41,4.94,0.22,0.78,0.3,1.04,7.78,4.11,8.11,11.0,0.96,3.36,2.67,9.36
1265,Primeira Liga (PT),831427,Robson Lucas Oliveira Botelho,Robinho,2002-08-07,48.88,11.27,12.13,22,21,1,553.0,26.33,0.62,2.35,3.52,13.38,0.19,0.72,0.71,2.71,4.05,2.29,8.68,0.19,0.72,0.19,0.72,7.76,4.9,8.62,7.1,1.24,6.46,3.57,13.56
1265,Primeira Liga (PT),831454,Ryan Guilherme da Silva Pae,Ryan Guilherme,2002-12-07,38.35,10.96,9.12,6,6,0,130.0,21.67,0.67,3.08,3.5,16.15,0.0,0.0,0.83,3.85,4.33,0.5,2.31,0.0,0.0,0.83,3.85,5.83,4.33,5.5,6.67,1.17,5.51,1.33,6.16
1265,Primeira Liga (PT),850886,João Pedro Augusto Mourão Costa,João Costa,2000-03-07,14.99,3.29,3.16,7,7,0,68.0,9.71,0.14,1.47,1.43,14.7,0.0,0.0,0.86,8.82,2.29,0.43,4.41,0.0,0.0,0.0,0.0,3.57,2.14,1.43,0.43,0.0,0.0,1.57,16.18
1265,Primeira Liga (PT),850888,Jonathan Mutombo Mawesi,J. Mutombo,2002-08-27,47.28,9.61,10.83,3,3,0,48.0,16.0,0.0,0.0,2.67,16.67,0.0,0.0,0.67,4.16,2.67,0.33,2.08,0.33,2.08,1.0,6.25,3.0,2.0,5.0,5.67,0.33,2.48,1.33,8.33
1265,Primeira Liga (PT),850891,Hugo Félix Sequeira,H. Sequeira,2004-03-03,56.64,12.99,15.94,26,26,0,1017.0,39.12,0.65,1.67,3.85,9.83,0.04,0.1,1.35,3.44,3.38,3.0,7.67,0.08,0.2,0.35,0.88,16.35,7.81,11.62,6.0,0.42,1.7,3.38,8.65
1265,Primeira Liga (PT),850893,Leandro Henrique Sousa Santos,Leandro Santos,2005-09-28,28.58,7.47,6.77,9,7,2,65.0,9.29,0.86,9.23,1.57,16.92,0.0,0.0,0.43,4.61,0.86,0.43,4.61,0.0,0.0,0.14,1.54,2.29,2.0,2.71,2.57,0.43,9.72,0.29,3.08
1265,Primeira Liga (PT),851441,Diogo Jorge Sousa Martins,Diogo Martins,1996-08-21,9.91,1.91,2.65,1,1,0,8.0,8.0,0.0,0.0,2.0,25.0,0.0,0.0,0.0,0.0,2.0,0.0,0.0,0.0,0.0,0.0,0.0,4.0,2.0,3.0,0.0,0.0,,1.0,12.5
1265,Primeira Liga (PT),868712,Rodrigo  Rêgo,Rodrigo Rêgo,2005-01-03,54.68,17.86,14.49,3,2,1,68.0,34.0,1.5,4.41,3.0,8.83,0.0,0.0,3.0,8.82,4.5,3.0,8.82,0.0,0.0,0.5,1.47,14.0,9.5,13.0,4.0,0.0,0.0,2.5,7.35
1265,Primeira Liga (PT),870451,Guilherme Neiva Silva,G. Neiva,2001-03-15,42.7,8.56,12.71,24,23,1,598.0,26.0,0.57,2.17,2.96,11.37,0.3,1.17,1.0,3.85,3.65,1.83,7.02,0.09,0.33,0.39,1.51,7.78,5.09,8.26,5.52,0.61,3.18,2.22,8.53
1265,Primeira Liga (PT),870866,José Augusto Silva,José Silva,2005-08-20,16.41,2.47,4.66,4,4,0,18.0,4.5,0.5,11.11,0.75,16.67,0.0,0.0,0.0,0.0,0.25,0.5,11.11,0.0,0.0,0.75,16.67,0.75,1.0,1.0,2.0,0.5,25.0,0.5,11.11
1265,Primeira Liga (PT),876968,Diego Henrique Oliveira Rodrigues,Diego Rodrigues,2005-05-24,47.91,15.86,10.7,20,20,0,432.0,21.6,0.6,2.78,4.1,18.98,0.0,0.0,0.65,3.01,2.45,1.05,4.86,0.1,0.46,0.75,3.47,7.7,3.65,6.9,4.45,0.6,3.31,1.95,9.03
1265,Primeira Liga (PT),876969,João Gonçalo Carapinha Carvalho,João Carvalho,2004-04-09,17.9,2.75,2.07,1,1,0,0.0,0.0,0.0,,0.0,,0.0,,0.0,,0.0,0.0,,0.0,,0.0,,0.0,0.0,0.0,0.0,0.0,,0.0,
1265,Primeira Liga (PT),876971,Jónatas Xavier Zamith Oliveira Noro,Jónatas Noro,2005-07-09,13.3,1.25,1.35,1,1,0,1.0,1.0,0.0,0.0,0.0,0.0,0.0,0.0,0.0,0.0,0.0,0.0,0.0,0.0,0.0,0.0,0.0,0.0,0.0,0.0,1.0,0.0,0.0,0.0,0.0
1265,Primeira Liga (PT),876972,Yanis Franklin da Rocha,Yanis Rocha,2004-05-10,34.05,10.63,7.17,4,4,0,63.0,15.75,0.5,3.17,1.25,7.94,0.0,0.0,1.75,11.11,2.5,0.75,4.76,0.0,0.0,0.25,1.59,5.5,2.0,5.5,4.25,0.75,5.38,1.75,11.11
1265,Primeira Liga (PT),877517,Oskar Pietuszewski,O. Pietuszewski,2008-05-20,55.7,15.04,13.42,16,15,1,515.0,34.33,0.93,2.72,5.13,14.95,0.13,0.39,1.0,2.91,8.0,2.0,5.83,0.0,0.0,0.13,0.39,17.13,7.4,11.8,3.73,0.47,3.94,2.53,7.38
1265,Primeira Liga (PT),878384,Yan Lincon Farias de Sousa,Yan Maranhão,2002-09-13,41.91,10.0,12.03,21,20,1,537.0,26.85,0.15,0.56,2.8,10.43,0.1,0.37,0.65,2.42,5.15,2.05,7.63,0.0,0.0,0.1,0.37,13.95,4.75,9.4,2.0,0.1,0.38,3.45,12.85
1265,Primeira Liga (PT),885727,Mateo Flores Lozano,Mateo Flores,2004-04-07,22.64,5.32,5.68,12,12,0,140.0,11.67,0.25,2.14,1.67,14.29,0.17,1.43,0.33,2.86,1.58,0.67,5.71,0.0,0.0,0.08,0.71,4.0,1.92,2.33,4.92,0.33,4.06,1.83,15.71
1265,Primeira Liga (PT),887879,Tiago Rafael Fernandes Leite,Tiago Leite,2000-07-31,20.2,4.39,6.42,9,9,0,136.0,15.11,0.0,0.0,1.0,6.62,0.0,0.0,0.22,1.47,2.0,0.78,5.15,0.0,0.0,0.0,0.0,9.56,2.44,5.89,1.56,0.0,0.0,2.0,13.24
1265,Primeira Liga (PT),889588,Vasco da Silva Moreira,Vasco Moreira,2001-05-07,31.27,6.63,8.78,15,15,0,267.0,17.8,0.4,2.25,1.93,10.86,0.0,0.0,0.6,3.37,1.33,0.87,4.87,0.07,0.37,0.27,1.5,4.67,4.13,5.07,6.13,0.67,4.64,3.0,16.85
1265,Primeira Liga (PT),889594,Pedro Silva Rosas,Pedro Rosas,2000-11-28,77.51,12.67,24.57,9,9,0,253.0,28.11,0.67,2.37,4.33,15.41,0.33,1.19,1.33,4.74,3.78,1.67,5.93,0.11,0.4,0.44,1.58,8.11,3.78,11.67,6.33,0.78,3.59,2.44,8.69
1265,Primeira Liga (PT),897136,Felipe De Almeida Lima,Felipe Lima,2006-04-17,12.27,2.6,3.58,6,6,0,70.0,11.67,0.17,1.43,0.67,5.72,0.17,1.43,0.67,5.71,2.5,0.5,4.29,0.0,0.0,0.17,1.43,6.33,3.5,6.17,0.67,0.0,0.0,1.17,10.0
1265,Primeira Liga (PT),906340,Mohamed Bamba,M. Bamba,2004-10-08,27.8,4.66,6.52,4,4,0,43.0,10.75,0.25,2.32,2.75,25.58,0.25,2.32,0.0,0.0,1.0,0.5,4.65,0.0,0.0,0.0,0.0,1.75,0.5,1.75,5.5,0.5,4.55,1.25,11.63
1265,Primeira Liga (PT),913555,Mathis  Clairicia,M. Clairicia,2002-08-30,20.15,4.32,5.31,8,8,0,101.0,12.62,0.25,1.98,0.88,6.93,0.0,0.0,0.38,2.97,1.5,1.0,7.92,0.0,0.0,0.12,0.99,5.88,2.12,4.0,2.38,0.12,0.97,1.38,10.89
1265,Primeira Liga (PT),919240,Mohamed Yassir Zabiri,Y. Zabiri,2005-02-23,57.27,14.51,14.6,12,11,1,422.0,38.36,0.73,1.89,4.27,11.14,0.09,0.24,1.36,3.56,10.55,2.36,6.16,0.0,0.0,0.0,0.0,21.82,8.0,8.64,2.73,0.18,0.55,4.64,12.08
1265,Primeira Liga (PT),921645,Diogo Bezerra de Oliveira,Diogo Bezerra,2002-07-16,79.39,21.4,21.65,17,17,0,800.0,47.06,0.71,1.5,6.24,13.25,0.53,1.12,1.82,3.87,9.0,3.82,8.13,0.12,0.25,0.65,1.38,18.18,9.53,15.06,8.24,0.65,1.24,4.59,9.75
1265,Primeira Liga (PT),924806,Jimi Gower,J. Gower,2004-10-01,23.54,6.25,5.54,9,8,1,114.0,14.25,0.12,0.88,2.38,16.67,0.0,0.0,0.38,2.63,2.62,0.62,4.39,0.0,0.0,0.12,0.88,5.62,1.75,4.62,2.0,0.12,0.17,1.38,9.65
1265,Primeira Liga (PT),938386,Alisson De Almeida Santos,Alisson Santos,2002-09-27,16.57,4.78,3.31,18,17,1,81.0,4.76,0.18,3.7,0.76,16.05,0.0,0.0,0.06,1.23,0.88,0.41,8.64,0.0,0.0,0.0,0.0,1.82,0.53,1.88,0.65,0.06,9.09,0.41,8.64
1265,Primeira Liga (PT),946750,Kevin Estiven Prieto Machado,K. Prieto,2003-06-27,38.24,7.24,10.2,11,11,0,167.0,15.18,0.91,5.99,2.91,19.16,0.09,0.6,0.73,4.79,1.91,0.91,5.99,0.18,1.2,0.82,5.39,3.73,2.18,4.64,5.09,0.91,7.71,0.82,5.39
1265,Primeira Liga (PT),959252,Salvador Blopa,Salvador Blopa,2007-06-13,19.19,5.78,3.77,3,3,0,22.0,7.33,0.33,4.55,1.33,18.18,0.0,0.0,0.0,0.0,0.0,0.33,4.55,0.33,4.55,0.67,9.09,0.67,1.33,1.67,2.0,0.0,0.0,0.0,0.0
1265,Primeira Liga (PT),962563,Chiheb Labidi,C. Labidi,2001-06-01,64.89,13.75,17.16,28,26,2,848.0,32.62,1.35,4.13,5.88,18.04,0.38,1.18,1.08,3.3,5.46,1.46,4.48,0.19,0.59,0.69,2.12,8.69,6.5,8.96,10.08,1.42,5.76,2.5,7.67
1265,Primeira Liga (PT),969772,Gonzalo Pastor Sanchez,G. Pastor Sanchez,2006-03-20,25.41,5.76,6.47,2,2,0,38.0,19.0,0.5,2.63,1.0,5.26,0.5,2.63,0.0,0.0,4.0,1.5,7.9,0.0,0.0,0.0,0.0,4.5,5.0,4.5,4.0,0.5,3.12,5.5,28.95
1265,Primeira Liga (PT),973088,Isaac James,I. James,2004-08-28,76.24,17.37,21.89,19,19,0,564.0,29.68,1.21,4.08,4.68,15.78,0.37,1.24,1.95,6.56,2.58,2.84,9.57,0.53,1.77,0.89,3.01,6.0,3.89,8.63,8.89,1.74,6.38,2.0,6.74
1265,Primeira Liga (PT),973654,Rafael Genuino Lobato,Rafael Lobato,2006-02-23,11.47,2.61,2.25,2,2,0,6.0,3.0,0.0,0.0,0.0,0.0,0.5,16.67,0.0,0.0,0.0,0.0,0.0,0.0,0.0,0.5,16.67,1.0,0.5,1.0,0.5,0.0,0.0,0.0,0.0
1265,Primeira Liga (PT),974582,Davy Jean Carl Kamon Gui Gui,Davy Gui,2006-06-15,28.55,6.36,7.82,27,27,0,537.0,19.89,0.67,3.35,2.85,14.34,0.04,0.19,0.7,3.54,1.7,1.04,5.21,0.0,0.0,0.22,1.12,6.19,4.15,5.67,6.33,1.04,6.29,1.7,8.57
1265,Primeira Liga (PT),975544,Thiago Balieiro Lourenço de Carvalho,Thiago Carvalho,2003-02-23,100.16,26.87,22.91,13,13,0,298.0,22.92,1.0,4.36,5.38,23.49,0.23,1.01,0.69,3.02,5.46,0.69,3.02,0.54,2.35,0.85,3.69,5.77,3.31,5.77,11.77,3.23,14.56,0.54,2.35
1265,Primeira Liga (PT),977121,Domingos José Gabriel Bandeira,Kaly,2003-11-27,91.29,16.75,26.56,12,11,1,182.0,16.55,1.36,8.24,4.27,25.82,0.36,2.2,0.36,2.2,2.82,0.36,2.2,1.18,7.14,0.45,2.75,1.45,2.09,3.36,11.0,3.73,24.84,0.27,1.65
1265,Primeira Liga (PT),978489,Gustavo Teixeira Lopes da Conceição,Gustavo Mancha,2004-07-25,98.25,26.06,27.32,14,14,0,166.0,11.86,0.86,7.23,3.21,27.11,0.29,2.41,0.79,6.63,2.0,0.14,1.21,0.57,4.82,0.36,3.01,1.29,0.64,1.64,7.57,1.29,11.96,0.14,1.2
1265,Primeira Liga (PT),979393,Gonzalo Calçada De Sa Sanchidrián,Gonzalo Calçada,2001-07-25,18.76,1.86,6.03,1,1,0,16.0,16.0,0.0,0.0,1.0,6.25,0.0,0.0,1.0,6.25,4.0,2.0,12.5,0.0,0.0,0.0,0.0,4.0,2.0,2.0,3.0,0.0,0.0,2.0,12.5
1265,Primeira Liga (PT),984933,Tiago Parreira Parente,Tiago Parente,2004-01-14,40.03,10.13,10.0,14,14,0,252.0,18.0,0.5,2.78,3.21,17.86,0.21,1.19,0.64,3.57,2.0,1.07,5.95,0.07,0.4,0.14,0.79,4.36,2.64,5.21,4.29,0.71,4.84,1.43,7.94
1265,Primeira Liga (PT),994932,Sandro Miguel Rodrigues Vidigal,Sandro Vidigal,2007-07-28,20.33,6.96,3.65,4,4,0,26.0,6.5,0.0,0.0,1.25,19.23,0.25,3.85,0.25,3.85,1.75,0.25,3.84,0.0,0.0,0.0,0.0,1.75,0.5,1.75,1.5,0.25,2.78,0.75,11.54
1265,Primeira Liga (PT),994942,Luís Teixeira Pinto,Luís Pinto,2006-08-16,76.43,25.43,16.24,3,3,0,126.0,42.0,1.33,3.18,6.33,15.08,0.0,0.0,0.67,1.59,4.33,1.67,3.97,0.0,0.0,0.0,0.0,18.0,9.67,11.67,6.0,0.67,1.85,4.33,10.32
1265,Primeira Liga (PT),995276,Pedro Henrique Bezerra Carvalho,Pedro Careca,2004-11-12,36.95,11.47,9.6,3,3,0,26.0,8.67,0.67,7.69,1.33,15.39,0.33,3.84,0.33,3.84,1.0,0.67,7.69,0.0,0.0,0.33,3.84,4.0,0.33,3.67,3.0,0.33,4.76,0.33,3.85
1265,Primeira Liga (PT),995927,Alisson Souza de Jesus,Alisson Jesus,2005-04-11,21.75,4.42,6.04,5,5,0,89.0,17.8,0.2,1.12,2.6,14.61,0.2,1.12,0.2,1.12,1.2,1.0,5.62,0.0,0.0,0.0,0.0,9.0,4.2,6.8,3.6,0.6,4.17,2.8,15.73
1265,Primeira Liga (PT),997771,Landerson Costa Araujo,Landerson,2006-12-12,50.26,12.72,13.89,29,27,2,721.0,26.7,0.52,1.94,2.59,9.71,0.07,0.28,1.44,5.41,3.89,2.48,9.29,0.04,0.14,0.37,1.39,11.15,4.3,10.74,3.93,0.48,3.09,3.59,13.45
1265,Primeira Liga (PT),997839,Afonso Assis Cunha Almeida,Afonso Assis,2006-07-15,50.96,14.42,13.48,18,17,1,319.0,18.76,0.71,3.76,2.76,14.73,0.18,0.94,0.88,4.7,2.12,0.82,4.39,0.12,0.63,0.35,1.88,5.47,2.71,4.71,7.24,0.94,5.72,1.59,8.46
1265,Primeira Liga (PT),997845,Alexandre Mussolo Sola,A. Mussolo Sola,2003-12-14,48.28,10.64,13.61,15,15,0,324.0,21.6,0.47,2.16,3.53,16.36,0.27,1.23,0.6,2.78,3.13,1.2,5.56,0.33,1.54,0.33,1.54,6.13,3.33,6.47,7.13,1.47,7.42,1.93,8.95
1265,Primeira Liga (PT),1002389,Bernardo Lima,B. Lima,2008-03-26,14.4,2.78,3.74,1,1,0,14.0,14.0,0.0,0.0,2.0,14.29,0.0,0.0,1.0,7.14,2.0,0.0,0.0,0.0,0.0,0.0,0.0,4.0,6.0,6.0,5.0,2.0,14.29,2.0,14.29
1265,Primeira Liga (PT),1003578,Otávio Manoel Galdino Fernandes,Otávio,2005-11-25,66.07,15.87,18.26,21,20,1,332.0,16.6,0.65,3.92,2.65,15.96,0.2,1.2,1.15,6.93,2.05,0.65,3.92,0.55,3.31,0.7,4.22,3.45,1.9,3.8,7.6,1.55,12.4,0.75,4.52
1265,Primeira Liga (PT),1003590,Henrique Fernandes da Silva,Henrique Silva,2005-10-17,87.77,21.53,20.23,13,12,1,168.0,14.0,0.92,6.55,2.83,20.24,0.08,0.6,1.25,8.93,1.67,0.25,1.79,0.5,3.57,0.33,2.38,2.0,1.08,4.08,6.42,1.42,11.24,0.25,1.79
1265,Primeira Liga (PT),1004603,Renato Sam Na Nhaga,Renato Nhaga,2007-03-27,70.97,15.19,17.45,18,18,0,839.0,46.61,1.5,3.22,8.0,17.16,0.22,0.48,1.83,3.93,5.06,3.11,6.67,0.11,0.24,0.61,1.31,15.17,10.0,13.78,12.0,1.28,3.58,4.78,10.25
1265,Primeira Liga (PT),1008882,Rodrigo Prata Deusdado Rodrigues,Rodrigo Rodrigues,2007-06-12,15.51,2.84,1.76,4,3,1,16.0,5.33,0.0,0.0,1.0,18.75,0.33,6.25,0.33,6.25,1.33,0.33,6.25,0.0,0.0,0.0,0.0,0.67,1.0,1.67,0.67,0.0,0.0,0.33,6.25
1265,Primeira Liga (PT),1008931,José Luís Rocha Tavares,José Tavares,2003-06-02,43.97,10.72,10.35,25,25,0,681.0,27.24,0.88,3.23,4.2,15.42,0.16,0.59,1.08,3.96,3.88,1.52,5.58,0.16,0.59,0.4,1.47,7.64,4.92,7.92,6.2,0.96,5.0,2.36,8.66
1265,Primeira Liga (PT),1008966,Tiago Gonçalves Silva,Tiago Silva,2007-07-10,27.28,9.7,4.07,1,1,0,4.0,4.0,0.0,0.0,0.0,0.0,1.0,25.0,0.0,0.0,0.0,0.0,0.0,0.0,0.0,0.0,0.0,1.0,0.0,0.0,0.0,0.0,,0.0,0.0
1265,Primeira Liga (PT),1021359,João Oliveira Afonso,João Afonso,2007-04-30,98.22,21.98,27.71,2,2,0,0.0,0.0,0.0,,0.0,,0.0,,0.0,,0.0,0.0,,0.0,,0.0,,0.0,0.0,0.0,0.0,0.0,,0.0,
1265,Primeira Liga (PT),1022354,Edson Joelder Lobo Mucuana,E. Mucuana,2003-12-12,82.2,20.64,25.58,1,1,0,29.0,29.0,3.0,10.34,4.0,13.79,1.0,3.45,4.0,13.79,4.0,2.0,6.9,0.0,0.0,2.0,6.9,3.0,2.0,3.0,20.0,5.0,17.24,1.0,3.45
1265,Primeira Liga (PT),1022520,Umar Abubakar,U. Abubakar,2006-02-15,25.23,6.51,5.46,22,22,0,236.0,10.73,0.14,1.27,1.09,10.17,0.0,0.0,0.36,3.39,3.0,0.59,5.51,0.0,0.0,0.0,0.0,5.5,2.0,2.86,0.59,0.0,0.0,1.09,10.17
1265,Primeira Liga (PT),1022911,Flavio Ferreira Gonçalves Gonçalves,Flavio Gonçalves,2007-05-30,10.46,2.56,2.37,3,3,0,28.0,9.33,0.33,3.57,1.67,17.86,0.0,0.0,0.0,0.0,2.67,0.67,7.15,0.0,0.0,0.0,0.0,3.0,3.0,2.67,2.0,0.33,2.9,0.0,0.0
1265,Primeira Liga (PT),1023147,João Moisés Gastão,J. Gastão,2006-07-22,44.6,8.72,10.51,8,7,1,110.0,15.71,0.0,0.0,1.14,7.27,0.0,0.0,0.57,3.64,5.29,1.57,10.0,0.0,0.0,0.0,0.0,6.71,2.14,4.29,1.29,0.29,1.59,1.57,10.0
1265,Primeira Liga (PT),1023719,Gonçalo  Maia Pereira,Gonçalo Maia,2005-11-30,7.35,1.5,2.12,2,2,0,11.0,5.5,0.0,0.0,0.5,9.09,0.0,0.0,0.5,9.09,1.5,0.0,0.0,0.0,0.0,0.0,0.0,1.5,0.5,3.0,1.5,0.0,0.0,0.0,0.0
1265,Primeira Liga (PT),1024233,André Alexandre Mendes Miranda,André Miranda,2007-09-25,15.88,4.25,1.68,1,1,0,5.0,5.0,0.0,0.0,1.0,20.0,0.0,0.0,0.0,0.0,2.0,0.0,0.0,0.0,0.0,0.0,0.0,3.0,0.0,2.0,1.0,0.0,0.0,0.0,0.0
1265,Primeira Liga (PT),1025116,João Miguel Costa Nogueira,Miguel Nogueira,2005-02-27,53.75,14.41,12.59,16,16,0,550.0,34.38,1.0,2.91,5.12,14.91,0.19,0.55,1.62,4.73,5.44,2.5,7.27,0.06,0.18,0.25,0.73,17.69,7.88,11.62,3.06,0.5,3.01,3.31,9.64
1265,Primeira Liga (PT),1027293,André Tiago Ramos das Neves,Peixinho,2004-05-23,23.29,6.92,5.78,11,11,0,156.0,14.18,0.64,4.49,1.55,10.9,0.0,0.0,0.45,3.21,3.27,1.55,10.9,0.0,0.0,0.18,1.28,7.45,3.18,5.27,1.36,0.0,0.0,2.18,15.39
1265,Primeira Liga (PT),1028213,Ricardo Joaquim Ferreira Rocha,Ricardo Rocha,2003-09-07,47.02,13.41,7.33,2,2,0,21.0,10.5,0.0,0.0,1.5,14.29,0.0,0.0,0.0,0.0,0.5,0.0,0.0,0.0,0.0,0.0,0.0,1.0,2.0,1.5,3.0,0.5,5.0,0.0,0.0
1265,Primeira Liga (PT),1028214,Noah Jose  Saviolo,Noah Saviolo,2004-03-07,70.62,18.58,16.3,30,29,1,840.0,28.97,0.9,3.09,3.72,12.86,0.17,0.6,1.41,4.88,6.66,2.62,9.05,0.07,0.24,0.14,0.48,13.79,5.1,10.62,3.62,0.55,3.28,3.62,12.5
1265,Primeira Liga (PT),1029517,Zakaria Kessary,Z. Kessary,,8.27,2.42,1.34,3,3,0,5.0,1.67,0.0,0.0,0.33,20.0,0.0,0.0,0.0,0.0,0.33,0.67,40.0,0.0,0.0,0.0,0.0,1.0,0.0,0.33,0.33,0.0,0.0,0.33,20.0
1265,Primeira Liga (PT),1032058,Fodé Carlos Gaspar Pascoal,Fodé Pascoal,2004-12-26,12.4,5.18,3.75,1,1,0,2.0,2.0,0.0,0.0,1.0,50.0,0.0,0.0,0.0,0.0,0.0,0.0,0.0,0.0,0.0,0.0,0.0,0.0,0.0,1.0,1.0,0.0,0.0,0.0,0.0
1265,Primeira Liga (PT),1032844,Kauan de Souza Gomes,Kauan,2005-04-26,13.2,3.12,3.76,4,4,0,23.0,5.75,0.0,0.0,1.0,17.39,0.0,0.0,0.5,8.7,0.25,0.0,0.0,0.25,4.35,0.25,4.35,0.75,0.5,2.25,3.25,0.75,16.15,0.0,0.0
1265,Primeira Liga (PT),1033808,Martim Costa Guedes,Zeega,2008-11-05,26.96,8.7,2.6,2,2,0,13.0,6.5,0.5,7.69,1.5,23.08,0.0,0.0,0.5,7.69,2.0,0.5,7.69,0.0,0.0,0.0,0.0,2.0,1.0,1.5,1.0,0.0,0.0,1.0,15.38
1265,Primeira Liga (PT),1036218,Deivison Souza Brito,Deivison,2006-05-04,31.97,6.56,8.8,4,4,0,43.0,10.75,0.0,0.0,1.75,16.28,0.25,2.32,0.25,2.32,2.0,0.5,4.65,0.0,0.0,0.25,2.32,0.75,1.75,1.75,6.5,0.25,2.56,0.5,4.65
1265,Primeira Liga (PT),1037678,António Gil Lourenço Oliveira Valério Branco,António Gil,2008-01-08,18.08,2.75,2.07,1,1,0,5.0,5.0,0.0,0.0,1.0,20.0,0.0,0.0,0.0,0.0,2.0,0.0,0.0,0.0,0.0,0.0,0.0,3.0,2.0,1.0,0.0,0.0,,1.0,20.0
1265,Primeira Liga (PT),1037788,Rudi Daniel Silva Almeida,Rudi Almeida,2005-03-19,13.88,2.71,3.85,2,2,0,17.0,8.5,0.0,0.0,1.0,11.76,0.0,0.0,0.0,0.0,4.0,1.0,11.76,0.0,0.0,0.0,0.0,2.5,2.5,3.5,0.0,0.0,,0.0,0.0
1265,Primeira Liga (PT),1038260,Miguel Andrade Silva,Miguel Silva,2007-12-17,7.73,1.53,2.34,1,1,0,6.0,6.0,1.0,16.67,2.0,33.33,0.0,0.0,0.0,0.0,3.0,0.0,0.0,0.0,0.0,0.0,0.0,2.0,1.0,2.0,2.0,0.0,0.0,1.0,16.67
1265,Primeira Liga (PT),1038373,Henrique Franco Torcato,Henrique Torcato,2007-11-23,88.43,17.72,29.12,1,1,0,81.0,81.0,0.0,0.0,15.0,18.52,0.0,0.0,0.0,0.0,11.0,2.0,2.47,0.0,0.0,0.0,0.0,33.0,19.0,17.0,3.0,1.0,1.23,12.0,14.81
1265,Primeira Liga (PT),1039641,Gabriel  Souza,G. Souza,,35.43,7.06,7.02,1,1,0,13.0,13.0,0.0,0.0,2.0,15.38,0.0,0.0,0.0,0.0,3.0,0.0,0.0,0.0,0.0,0.0,0.0,4.0,1.0,3.0,3.0,1.0,7.69,2.0,15.38
1265,Primeira Liga (PT),1041591,Eddy Doué,E. Doué,2005-12-11,63.05,15.1,17.31,13,13,0,447.0,34.38,2.23,6.49,3.85,11.19,0.23,0.67,0.85,2.46,4.85,2.08,6.04,0.31,0.9,0.38,1.12,9.85,6.23,9.92,10.62,1.69,5.29,3.23,9.39
1265,Primeira Liga (PT),1067667,Francisco Lagos dias,F. Lagos dias,2002-10-23,99.94,31.96,14.16,2,2,0,41.0,20.5,2.0,9.76,3.5,17.07,0.0,0.0,1.5,7.32,6.0,1.5,7.32,1.0,4.88,1.5,7.32,3.5,2.0,6.5,8.0,1.5,7.26,0.5,2.44
1265,Primeira Liga (PT),1067723,Abdu Dafe,A. Dafe,2008-06-10,2.42,0.36,0.86,1,1,0,1.0,1.0,0.0,0.0,0.0,0.0,0.0,0.0,0.0,0.0,0.0,0.0,0.0,0.0,0.0,0.0,0.0,0.0,0.0,0.0,0.0,0.0,,0.0,0.0
