competition_edition,league,player_name,player_short_name,player_id,player_birthdate,minutes_full_all,count_match,count_match_failed,total_distance_full_all,total_metersperminute_full_all,running_distance_full_all,hsr_distance_full_all,hsr_count_full_all,sprint_distance_full_all,sprint_count_full_all,hi_distance_full_all,hi_count_full_all,psv99,psv99_top5,peak_velocity,peak_velocity_top3,medaccel_count_full_all,highaccel_count_full_all,meddecel_count_full_all,highdecel_count_full_all,explacceltohsr_count_full_all,timetohsr_top3,timetohsrpostcod_top3,explacceltosprint_count_full_all,timetosprint_top3,timetosprintpostcod_top3,cod_count_full_all,timeto505around90_top3,timeto505around180_top3
1230,Eredivisie (NL),Aaron Meijers,A. Meijers,90,1987-10-28,47.12,12,0,5347.25,113.48,786.58,294.17,25.0,71.83,3.67,366.0,28.67,26.77,28.62,27.95,30.5,58.83,2.67,48.83,7.92,2.08,0.84,1.01,0.58,,,15.5,2.2,2.85
1230,Eredivisie (NL),Alassane Pléa,A. Pléa,348,1993-03-10,59.09,2,0,6582.5,111.39,958.0,506.0,41.5,126.5,8.5,632.5,50.0,28.2,28.2,29.45,,78.5,4.5,67.5,9.0,2.0,,,0.5,,,27.0,,
1230,Eredivisie (NL),Alen Halilović,A. Halilović,442,1996-06-18,10.83,5,0,1198.0,110.62,244.2,54.4,3.8,5.6,0.4,60.0,4.2,23.3,23.3,24.22,25.57,13.2,0.8,10.6,0.6,0.0,,,0.0,,,2.6,,
1230,Eredivisie (NL),André Ayew,A. Ayew,715,1989-12-17,54.36,16,1,5947.12,109.4,889.56,347.12,30.31,63.69,4.19,410.81,34.5,27.08,28.38,28.47,30.1,64.75,4.44,54.5,9.0,2.88,0.74,0.92,0.06,,,19.81,1.89,2.9
1230,Eredivisie (NL),Bart Nieuwkoop,B. Nieuwkoop,1197,1996-03-07,38.36,16,1,4433.56,115.57,640.25,278.31,25.88,100.56,5.31,378.88,31.19,29.02,31.58,30.24,32.9,45.12,3.31,37.81,7.31,2.44,0.65,0.68,0.69,1.15,1.37,15.06,2.06,2.73
1230,Eredivisie (NL),Bas Kuipers,B. Kuipers,1223,1994-08-17,22.11,7,0,2675.14,121.01,474.29,246.71,18.57,60.0,3.71,306.71,22.29,26.93,28.06,27.89,29.37,30.14,2.0,23.71,5.0,1.14,0.92,,0.29,,,12.57,2.39,3.02
1230,Eredivisie (NL),Bertrand Isidore Traoré,B. Traoré,1337,1995-09-06,62.77,1,0,7615.0,121.32,1244.0,583.0,56.0,345.0,14.0,928.0,70.0,31.5,31.5,32.3,,96.0,4.0,70.0,18.0,1.0,,,0.0,,,35.0,,
1230,Eredivisie (NL),Bram Nuytinck,B. Nuytinck,1435,1990-05-04,51.03,6,1,5275.83,103.38,693.67,250.33,20.67,67.17,3.33,317.5,24.0,27.1,27.36,28.05,28.7,50.0,2.67,39.33,4.33,1.17,1.01,,0.33,,,15.5,2.37,
1230,Eredivisie (NL),Brandley Kuwas,B. Kuwas,1440,1992-09-19,68.0,32,0,7181.41,105.61,927.47,407.53,38.44,143.12,6.94,550.66,45.38,28.63,31.68,29.93,33.23,71.81,4.53,60.16,9.84,2.72,0.64,0.65,0.72,1.24,1.82,28.16,1.8,2.72
1230,Eredivisie (NL),Bruno Martins Indi,B. Martins Indi,1509,1992-02-08,87.48,26,0,9270.88,105.98,1195.08,334.54,28.08,66.5,3.85,401.04,31.92,26.67,28.52,28.34,30.87,95.12,3.88,77.0,7.92,1.88,0.64,0.75,0.35,1.44,,18.77,1.97,2.97
1230,Eredivisie (NL),Bryan Linssen,B. Linssen,1541,1990-10-08,74.51,32,0,8301.03,111.4,1176.94,564.09,49.62,160.44,8.94,724.53,58.56,27.86,29.66,29.63,31.53,77.62,5.56,64.31,10.75,3.91,0.65,0.67,0.97,1.44,1.53,32.81,1.77,2.6
1230,Eredivisie (NL),Danny Bakker,D. Bakker,2300,1995-01-16,96.43,30,0,10701.8,110.98,1577.47,512.97,41.53,150.8,6.63,663.77,48.17,27.81,29.5,29.63,31.53,110.47,5.4,88.87,12.6,3.1,0.7,0.77,0.73,1.48,1.56,26.03,2.05,2.68
1230,Eredivisie (NL),Davy Klaassen,D. Klaassen,2548,1993-02-21,67.45,30,0,8698.13,128.96,1621.9,564.57,39.07,88.93,4.4,653.5,43.47,26.29,27.52,28.35,30.0,79.7,2.73,68.37,8.53,1.57,0.74,0.82,0.23,1.9,,26.27,1.82,2.8
1230,Eredivisie (NL),Denis Odoi,D. Odoi,2614,1988-05-27,86.7,18,1,9582.33,110.52,1279.06,482.22,43.89,164.0,8.94,646.22,52.83,28.63,29.9,30.19,31.5,104.56,6.28,87.78,14.17,3.72,0.71,0.89,1.39,1.34,1.9,25.11,2.09,2.8
1230,Eredivisie (NL),Dion Malone,D. Malone,2776,1989-02-13,23.87,11,0,2525.09,105.81,327.09,119.45,10.09,40.18,1.55,159.64,11.64,27.26,29.94,28.04,31.13,24.73,1.64,21.82,3.0,0.45,0.84,,0.27,1.58,,6.27,2.31,2.96
1230,Eredivisie (NL),Ivan Perišić,I. Perišić,4545,1989-02-02,77.97,30,0,8682.67,111.37,1233.63,669.77,64.97,330.73,15.7,1000.5,80.67,30.04,31.46,31.34,32.63,95.47,8.0,77.97,19.27,5.93,0.66,0.68,2.47,1.25,1.45,37.03,1.8,2.49
1230,Eredivisie (NL),Ivo Daniel Ferreira Mendonca Pinto,Ivo Pinto,4568,1990-01-07,78.19,28,0,8769.18,112.16,1289.04,565.46,54.64,257.89,12.93,823.36,67.57,30.29,32.22,31.63,33.77,93.82,6.86,73.5,19.96,5.36,0.6,0.67,2.46,1.26,1.26,29.89,1.86,2.54
1230,Eredivisie (NL),Jamiro Gregory Monteiro Alvarenga,Jamiro Monteiro,4651,1993-11-23,67.42,19,2,8159.42,121.02,1352.32,495.32,43.74,112.63,6.53,607.95,50.26,27.48,29.0,29.42,31.37,76.95,3.47,63.89,11.47,2.32,0.63,0.7,0.79,1.35,1.56,41.58,1.73,2.68
1230,Eredivisie (NL),Jeff Hardeveld,J. Hardeveld,4876,1995-02-27,95.74,34,0,11054.71,115.46,1752.41,725.24,52.74,179.41,7.97,904.65,60.71,27.66,29.34,29.32,30.9,102.68,4.76,87.35,12.47,2.68,0.72,0.83,0.35,1.72,,27.56,1.96,2.69
1230,Eredivisie (NL),Jens Toornstra,J. Toornstra,4912,1989-04-04,55.77,14,2,6989.36,125.33,1305.79,494.57,40.86,129.0,6.93,623.57,47.79,27.79,28.7,29.12,30.13,71.64,2.5,63.0,10.57,1.64,0.7,0.88,0.29,1.63,,30.14,2.03,2.83
1230,Eredivisie (NL),Jeremiah St. Juste,J. St. Juste,4976,1996-10-19,29.28,6,0,3003.5,102.58,390.67,125.17,12.17,47.67,2.5,172.83,14.67,27.87,29.18,28.77,31.37,32.33,1.83,26.83,3.67,1.0,0.8,,0.0,,,9.0,2.18,3.3
1230,Eredivisie (NL),Jetro Willems,J. Willems,5001,1994-03-30,34.07,6,0,3616.17,106.13,490.83,164.83,12.67,33.17,1.83,198.0,14.5,26.28,27.16,27.1,30.23,32.5,2.5,25.67,4.83,1.0,0.91,,0.17,,,9.5,2.52,3.1
1230,Eredivisie (NL),Jonathan  de Guzmán,J. de Guzmán,5245,1987-09-13,28.94,4,1,3712.0,128.26,709.0,273.25,22.75,36.5,2.0,309.75,24.75,27.15,27.15,28.38,28.93,38.5,2.25,35.25,4.75,1.5,,,0.5,,,16.25,2.14,2.88
1230,Eredivisie (NL),Jordy Clasie,J. Clasie,5338,1991-06-27,71.2,12,0,8192.08,115.06,1256.5,334.67,28.33,58.58,3.0,393.25,31.33,26.74,28.54,28.56,30.13,78.75,2.42,68.08,7.67,0.92,0.71,0.9,0.25,1.54,,23.17,2.02,2.95
1230,Eredivisie (NL),Joris van Overeem,J. van Overeem,5373,1994-06-01,97.37,33,1,11266.03,115.71,1968.48,675.58,57.42,119.64,7.91,795.21,65.33,26.99,28.48,29.09,31.33,122.06,5.27,103.82,21.48,2.94,0.65,0.67,0.52,1.34,1.93,42.24,1.88,2.49
1230,Eredivisie (NL),Juninho Gracielo Bacuna,J. Bacuna,5616,1997-08-07,60.35,13,0,6765.69,112.11,1045.92,396.0,36.46,138.54,7.0,534.54,43.46,29.15,30.72,30.62,32.17,72.38,4.31,59.69,12.38,2.85,0.64,0.74,0.69,1.57,1.76,26.31,1.88,2.65
1230,Eredivisie (NL),Kristoffer Peterson,K. Peterson,5984,1994-11-28,53.88,34,0,6077.76,112.81,857.53,389.09,35.29,159.47,7.32,548.56,42.62,29.59,31.86,30.78,32.97,61.5,3.74,49.38,10.59,2.5,0.63,0.68,0.97,1.36,1.45,21.24,1.8,2.53
1230,Eredivisie (NL),Lewis Holtby,L. Holtby,6201,1990-09-18,68.08,29,1,8803.72,129.31,1606.38,543.0,40.93,84.1,5.62,627.1,46.55,26.57,28.02,28.29,29.87,76.72,2.07,62.79,6.9,1.31,0.79,0.89,0.45,1.66,1.89,36.93,1.86,2.59
1230,Eredivisie (NL),Marvin Peersman,M. Peersman,7084,1991-02-10,91.51,31,1,10301.68,112.57,1475.84,600.74,57.26,244.81,12.06,845.55,69.32,30.31,31.82,31.87,33.7,110.26,6.9,91.45,18.71,5.06,0.58,0.64,1.23,1.31,1.4,34.71,1.82,2.57
1230,Eredivisie (NL),Mats Seuntjens,M. Seuntjens,7210,1992-04-17,16.95,14,1,1895.43,111.85,302.43,108.5,9.14,28.07,1.57,136.57,10.71,26.51,29.54,27.26,31.03,19.14,1.14,15.36,2.21,0.43,1.37,,0.14,,,5.36,2.46,
1230,Eredivisie (NL),Mike te Wierik,M. te Wierik,7605,1992-06-08,68.04,22,0,7505.27,110.3,957.36,366.09,32.82,130.95,6.14,497.05,38.95,28.24,30.78,29.56,32.4,76.64,3.68,62.18,8.59,2.27,0.7,0.81,0.55,1.51,,16.68,1.92,2.6
1230,Eredivisie (NL),Mike van der Hoorn,M. van der Hoorn,7607,1992-10-15,83.14,31,0,8691.84,104.54,1053.9,330.84,29.16,96.45,4.45,427.29,33.61,28.07,29.96,29.74,32.2,89.23,4.1,73.39,9.48,2.48,0.69,0.73,0.55,1.32,1.35,14.61,2.0,2.81
1230,Eredivisie (NL),Mike van Duinen,M. van Duinen,7608,1991-11-06,30.08,28,0,3558.39,118.3,529.39,229.96,21.46,68.75,4.07,298.71,25.54,28.51,30.78,29.38,31.3,36.11,2.64,29.57,5.32,1.79,0.61,0.75,0.43,1.49,1.52,12.5,1.85,2.8
1230,Eredivisie (NL),Nick  Viergever,N. Viergever,7950,1989-08-03,71.73,27,0,7546.56,105.21,956.26,320.07,27.15,78.11,4.3,398.19,31.44,27.94,30.76,29.44,32.43,76.15,3.56,62.7,9.0,1.93,0.74,0.87,0.67,1.55,,16.89,1.94,2.67
1230,Eredivisie (NL),Oskar Zawada,O. Zawada,8271,1996-02-01,21.82,14,1,2525.5,115.76,391.29,170.5,14.57,40.14,2.29,210.64,16.86,27.92,29.94,28.62,30.8,26.21,1.5,21.14,3.36,0.93,0.71,0.87,0.21,2.09,,10.29,2.16,2.93
1230,Eredivisie (NL),Patrick  van Aanholt,P. van Aanholt,8427,1990-08-29,62.21,12,0,6641.25,106.76,897.0,359.17,34.25,155.67,7.17,514.83,41.42,29.79,32.26,31.2,34.13,62.83,5.17,54.33,8.67,4.17,0.63,0.65,1.42,1.27,1.53,20.0,2.18,2.89
1230,Eredivisie (NL),Paul  Gladon,P. Gladon,8460,1992-03-18,37.06,31,0,4026.52,108.66,609.0,295.87,26.06,74.94,4.61,370.81,30.68,27.46,28.96,28.48,29.83,43.32,3.39,34.29,7.23,2.39,0.71,0.8,0.9,1.55,1.66,17.71,1.88,2.66
1230,Eredivisie (NL),Raheem Sterling,R. Sterling,8846,1994-12-08,55.17,8,0,5929.0,107.46,847.25,415.5,40.88,132.88,7.12,548.38,48.0,28.74,29.42,30.15,30.83,69.75,6.38,57.25,12.62,5.12,0.71,0.89,1.5,1.43,,20.75,2.05,
1230,Eredivisie (NL),Ricky van Wolfswinkel,R. van Wolfswinkel,9052,1989-01-27,61.34,31,0,7031.1,114.62,1060.84,484.68,43.52,138.06,7.61,622.74,51.13,28.25,30.2,29.82,31.9,75.58,5.77,61.13,12.61,4.23,0.71,0.73,1.16,1.47,1.54,29.9,1.8,2.67
1230,Eredivisie (NL),Robin Pröpper,R. Pröpper,9161,1993-09-23,69.85,27,1,7766.93,111.19,1114.33,374.26,31.59,110.63,5.7,484.89,37.3,28.04,30.14,29.33,31.7,83.19,3.96,65.0,8.96,2.44,0.76,0.85,0.89,1.51,1.77,20.22,1.94,2.87
1230,Eredivisie (NL),Ryan Thomas,R. Thomas,9429,1994-12-20,84.44,26,1,10674.38,126.41,1851.46,584.65,49.88,119.73,7.31,704.38,57.19,27.3,28.48,29.23,30.67,106.27,3.96,89.92,12.54,2.31,0.79,0.79,0.77,1.44,1.46,45.5,1.79,2.57
1230,Eredivisie (NL),Sébastien Haller,S. Haller,9685,1994-06-22,50.26,21,1,5827.52,115.95,892.33,379.05,34.05,88.43,5.29,467.48,39.33,27.38,29.94,28.8,31.53,65.43,4.86,54.1,8.76,3.38,0.67,0.77,0.57,1.53,,22.48,2.05,2.58
1230,Eredivisie (NL),Steven Berghuis,S. Berghuis,10082,1991-12-19,64.55,21,0,7860.57,121.77,1493.0,565.52,46.9,157.0,8.24,722.52,55.14,28.18,29.76,29.93,31.53,91.95,4.33,77.19,10.86,2.95,0.68,0.75,0.67,1.55,1.7,32.52,1.86,2.81
1230,Eredivisie (NL),Terence Kongolo,T. Kongolo,10233,1994-02-14,43.28,5,0,4292.0,99.17,479.2,140.4,12.6,31.2,1.4,171.6,14.0,25.84,25.84,27.16,29.6,45.6,2.8,37.4,4.0,1.0,,,0.6,,,10.6,,
1230,Eredivisie (NL),Thomas Bruns,T. Bruns,10280,1992-01-07,46.62,27,0,5747.22,123.28,980.78,290.22,23.19,66.26,3.22,356.48,26.41,27.07,28.74,28.49,30.87,50.63,1.85,41.96,5.7,1.07,0.78,0.81,0.33,1.81,,18.56,1.92,2.63
1230,Eredivisie (NL),Thomas Ouwejan,T. Ouwejan,10309,1996-09-30,78.18,6,0,8862.83,113.37,1312.33,520.17,43.5,152.0,7.5,672.17,51.0,27.98,28.1,29.78,30.23,101.17,4.83,81.5,13.0,3.0,0.78,0.81,0.33,,,27.33,2.11,2.9
1230,Eredivisie (NL),Tjaronn Chery,T. Chery,10410,1988-06-04,90.66,33,0,10864.73,119.84,1805.94,608.45,50.61,115.0,6.45,723.45,57.06,27.09,28.78,28.98,30.6,105.79,3.79,83.55,12.91,2.09,0.69,0.69,0.15,2.07,,41.52,1.84,2.64
1230,Eredivisie (NL),Wout Weghorst,W. Weghorst,10916,1992-08-07,69.91,28,0,8099.57,115.86,1226.46,575.29,50.39,179.96,9.43,755.25,59.82,28.69,30.68,30.04,32.37,86.32,5.71,70.79,12.21,3.89,0.68,0.72,1.29,1.41,1.43,40.79,1.7,2.59
1230,Eredivisie (NL),Younes Namli,Y. Namli,11036,1994-06-20,85.35,13,0,10015.54,117.35,1512.62,613.31,55.23,178.69,9.85,792.0,65.08,28.71,29.84,30.53,32.33,93.08,6.46,75.08,11.77,5.0,0.69,0.74,1.69,1.33,1.57,44.92,1.98,2.57
1230,Eredivisie (NL),Kasper Dolberg,K. Dolberg,11562,1997-10-06,55.9,23,0,6154.13,110.08,814.09,375.09,35.61,132.39,6.57,507.48,42.17,29.1,30.98,30.52,32.77,60.78,4.17,50.43,10.09,2.78,0.76,0.79,0.7,1.46,1.9,27.57,1.9,2.9
1230,Eredivisie (NL),Mario Engels,M. Engels,11565,1993-10-22,46.31,24,0,5106.25,110.26,677.46,290.21,30.33,133.75,6.79,423.96,37.12,29.92,32.14,30.9,33.13,47.88,2.83,37.67,7.92,1.92,0.69,0.75,0.75,1.31,,17.5,1.91,2.6
1230,Eredivisie (NL),Oleksandr Zinchenko,O. Zinchenko,11590,1996-12-15,18.48,1,1,2271.0,122.87,413.0,211.0,12.0,1.0,0.0,212.0,12.0,24.2,24.2,25.3,,25.0,2.0,24.0,2.0,0.0,,,0.0,,,8.0,,
1230,Eredivisie (NL),Samuel Bastien,S. Bastien,11599,1996-09-26,12.3,6,0,1344.5,109.31,202.83,96.5,7.5,24.0,1.33,120.5,8.83,26.92,27.58,27.62,29.37,14.83,0.83,11.17,2.0,0.17,,,0.17,,,4.0,2.61,
1230,Eredivisie (NL),Marko Pjaca,M. Pjaca,11845,1995-05-06,38.03,27,0,4350.3,114.39,628.22,221.89,20.0,57.96,2.81,279.85,22.81,28.04,30.46,29.06,31.7,46.81,2.37,38.67,5.48,1.48,0.69,0.79,0.3,1.48,,15.96,1.94,2.77
1230,Eredivisie (NL),Dimitrios Limnios,D. Limnios,12340,1998-05-27,68.56,34,0,8040.79,117.29,1274.56,557.03,51.24,191.5,10.65,748.53,61.88,28.92,31.34,30.56,33.0,82.76,5.65,67.09,14.85,3.97,0.57,0.66,1.06,1.14,1.37,37.56,1.86,2.53
1230,Eredivisie (NL),Dani de Wit,D. de Wit,12432,1998-01-28,86.33,29,0,11021.34,127.66,2134.79,690.07,50.31,102.03,5.31,792.1,55.62,26.14,27.86,28.09,29.97,105.97,4.1,96.34,14.0,2.07,0.69,0.77,0.28,1.51,,40.1,1.86,2.65
1230,Eredivisie (NL),Jeff Reine-Adélaïde,J. Reine-Adélaïde,12447,1998-01-17,34.42,1,0,4018.0,116.75,746.0,115.0,6.0,13.0,0.0,128.0,6.0,24.0,24.0,25.1,,40.0,1.0,34.0,3.0,0.0,,,0.0,,,10.0,,
1230,Eredivisie (NL),Mauro Jaqueson Júnior Pereira dos Santos,Mauro Júnior,12652,1999-05-06,85.41,26,0,10286.96,120.44,1680.54,674.27,60.65,214.96,11.15,889.23,71.81,29.18,31.12,31.07,32.97,112.85,7.65,93.04,18.77,5.69,0.59,0.66,2.27,1.19,1.27,41.73,1.79,2.53
1230,Eredivisie (NL),Armando Obispo,A. Obispo,12684,1999-03-05,52.1,17,0,5573.71,106.98,693.88,245.94,21.82,72.06,3.94,318.0,25.76,27.37,30.62,28.71,32.8,56.18,2.88,45.47,6.29,1.24,0.67,0.84,0.47,1.49,,12.71,1.97,3.04
1230,Eredivisie (NL),Houboulang Mendes,Houboulang Mendes,13177,1998-05-04,20.12,6,0,2330.33,115.79,404.67,171.83,14.0,48.5,3.0,220.33,17.0,27.9,28.46,28.63,30.1,26.17,1.67,22.5,3.83,0.83,0.9,,0.83,1.78,,8.67,2.78,3.07
1230,Eredivisie (NL),Kaj Sierhuis,K. Sierhuis,13487,1998-04-27,70.58,30,0,7720.0,109.38,1046.97,488.97,44.97,144.03,8.23,633.0,53.2,28.46,30.58,30.06,31.93,82.37,6.7,68.0,12.83,4.83,0.61,0.68,1.07,1.32,1.43,27.37,1.93,2.72
1230,Eredivisie (NL),Philippe Sandler,P. Sandler,13503,1997-02-10,80.57,25,0,8524.2,105.8,1083.68,427.16,39.64,160.16,8.28,587.32,47.92,29.13,30.48,30.61,32.63,81.72,4.32,66.64,9.2,3.0,0.69,0.77,1.16,1.34,1.48,21.12,2.02,2.83
1230,Eredivisie (NL),Jordan Lotomba,J. Lotomba,13525,1998-09-29,56.05,18,2,6215.06,110.89,867.83,376.28,34.44,127.44,7.28,503.72,41.72,28.75,31.02,29.92,32.27,69.0,4.5,56.11,10.94,3.33,0.69,0.76,1.0,1.39,1.47,21.0,1.85,2.67
1230,Eredivisie (NL),Ajdin Hrustić,A. Hrustić,14268,1996-07-05,89.37,27,0,10837.56,121.26,2021.67,728.3,57.0,150.26,8.26,878.56,65.26,27.35,28.82,29.49,31.0,110.56,5.11,92.93,14.81,2.96,0.71,0.71,0.63,1.64,1.78,47.7,1.94,2.7
1230,Eredivisie (NL),Mohamed Hamdaoui,M. Hamdaoui,14295,1993-06-10,17.64,6,1,1995.17,113.11,344.0,135.0,13.17,59.17,2.67,194.17,15.83,28.15,28.78,28.82,30.8,22.0,1.17,16.0,3.33,0.67,0.94,,0.33,,,7.67,2.6,
1230,Eredivisie (NL),Sherel Constancio Floranus,S. Floranus,14296,1998-08-23,94.01,31,1,10527.87,111.99,1507.13,641.39,64.77,270.84,14.48,912.23,79.26,29.9,31.58,31.48,32.97,122.29,9.13,103.61,18.74,6.87,0.57,0.61,2.97,1.22,1.31,33.13,1.9,2.57
1230,Eredivisie (NL),Sam Lammers,S. Lammers,14299,1997-04-30,66.21,25,0,7829.72,118.25,1216.24,534.2,45.56,93.4,6.2,627.6,51.76,27.35,29.38,29.06,31.2,82.8,4.96,72.44,8.64,3.52,0.67,0.78,0.64,1.68,,41.64,1.84,2.8
1230,Eredivisie (NL),Mitchell van Bergen,M. van Bergen,14300,1999-08-27,85.29,29,0,10617.38,124.49,1651.97,776.66,78.34,398.55,20.14,1175.21,98.48,31.68,33.56,33.35,35.3,101.34,8.93,84.76,17.79,6.66,0.58,0.61,3.21,1.05,1.11,47.07,1.75,2.62
1230,Eredivisie (NL),Jizz Hornkamp,J. Hornkamp,14310,1998-03-07,65.55,22,0,6952.64,106.07,930.64,404.27,38.59,115.5,6.77,519.77,45.36,28.45,30.4,30.02,32.37,75.36,5.5,58.5,13.0,4.18,0.73,0.75,1.09,1.45,1.7,23.73,1.87,2.67
1230,Eredivisie (NL),Guus Til,G. Til,14316,1997-12-22,82.2,29,0,9710.79,118.14,1565.93,697.59,67.55,286.1,15.24,983.69,82.79,29.98,31.66,31.74,33.6,109.38,7.24,88.86,17.31,5.66,0.63,0.73,2.34,1.2,1.33,35.62,1.83,2.64
1230,Eredivisie (NL),Owen Wijndal,O. Wijndal,14318,1999-11-28,77.93,18,0,8552.06,109.73,1125.78,488.17,49.33,232.61,10.61,720.78,59.94,30.26,31.98,31.45,33.13,95.67,5.72,80.22,14.44,4.22,0.68,0.74,1.89,1.33,1.41,26.78,2.18,2.79
1230,Eredivisie (NL),Joris Kramer,J. Kramer,14321,1996-08-02,95.81,34,0,10725.0,111.94,1539.97,490.38,38.88,128.82,6.09,619.21,44.97,28.33,31.08,30.0,32.6,107.09,4.71,88.35,9.5,2.24,0.67,0.71,0.47,1.46,1.54,28.18,1.99,2.65
1230,Eredivisie (NL),Myron Boadu,M. Boadu,14322,2001-01-14,28.87,13,0,3084.15,106.82,404.15,208.38,21.31,115.85,5.15,324.23,26.46,29.53,31.52,30.28,32.53,35.23,2.92,29.92,6.15,2.08,0.68,0.72,0.85,1.46,1.73,12.08,2.11,2.95
1230,Eredivisie (NL),Kenzo Goudmijn,K. Goudmijn,14329,2001-12-18,50.64,16,0,6341.56,125.23,1176.44,419.88,34.5,75.69,4.56,495.56,39.06,27.34,28.9,28.93,31.3,64.0,3.25,56.75,8.5,2.19,0.76,0.76,0.5,1.62,,26.62,1.92,2.62
1230,Eredivisie (NL),Sydney van Hooijdonk,S. van Hooijdonk,14346,2000-02-06,71.34,18,0,7773.67,108.96,990.83,393.61,39.5,106.83,6.83,500.44,46.33,28.02,30.04,29.48,31.73,79.83,5.72,64.5,11.94,3.61,0.72,0.79,0.67,1.43,1.6,25.44,1.95,2.69
1230,Eredivisie (NL),Thomas Buitink,T. Buitink,14384,2000-06-14,20.38,8,0,2287.88,112.27,342.0,166.62,16.62,76.0,3.62,242.62,20.25,29.77,30.66,30.45,32.03,24.0,2.12,19.0,3.5,1.62,0.82,0.93,0.5,1.97,,10.38,2.25,
1230,Eredivisie (NL),Calvin Verdonk,C. Verdonk,14403,1997-04-26,98.17,4,0,10664.75,108.63,1448.0,606.5,54.0,193.75,11.75,800.25,65.75,28.77,28.77,30.77,31.07,107.5,7.25,85.25,14.5,5.75,0.72,0.78,2.0,1.41,,32.25,2.03,2.52
1230,Eredivisie (NL),Dylan Vente,D. Vente,14405,1999-05-09,76.47,29,2,8982.38,117.46,1378.41,557.28,52.97,192.55,10.41,749.83,63.38,29.11,30.74,30.92,32.77,90.07,7.1,75.1,11.62,4.76,0.62,0.62,1.17,1.34,1.44,36.0,1.79,2.66
1230,Eredivisie (NL),Finn Stokkers,F. Stokkers,14420,1996-04-18,19.68,19,0,2299.16,116.83,381.79,188.37,16.0,61.74,3.26,250.11,19.26,28.27,30.56,29.09,31.77,25.37,1.79,21.05,3.63,1.32,0.7,0.72,0.37,1.49,1.5,8.84,2.08,2.95
1230,Eredivisie (NL),Odysseus Velanas,O. Velanas,14432,1998-06-05,52.06,13,0,6112.85,117.41,952.23,457.38,42.15,176.92,8.54,634.31,50.69,29.12,31.08,30.45,32.67,71.08,5.46,57.31,13.38,3.62,0.65,0.65,1.0,1.3,1.42,22.92,2.15,2.65
1230,Eredivisie (NL),Vito van Crooij,V. van Crooij,14477,1996-01-29,61.33,18,0,7530.61,122.79,1351.5,518.22,46.56,181.89,8.56,700.11,55.11,29.08,30.58,30.47,32.07,75.72,3.61,64.83,9.17,2.61,0.71,0.72,0.61,1.57,1.57,26.28,1.95,2.85
1230,Eredivisie (NL),Clint Leemans,C. Leemans,14478,1995-09-15,49.24,31,0,6056.45,122.99,980.29,295.42,21.97,44.65,2.61,340.06,24.58,25.96,28.16,27.36,29.6,58.35,2.32,45.81,5.77,1.03,0.72,0.98,0.23,1.83,,18.16,2.14,2.76
1230,Eredivisie (NL),Thomas van den Belt,T. van den Belt,14483,2001-06-18,71.64,32,0,8944.78,124.86,1565.81,505.94,41.12,106.19,5.5,612.12,46.62,27.44,29.74,29.39,31.87,99.06,3.09,82.91,13.81,2.0,0.67,0.71,0.62,1.38,1.39,29.84,1.93,2.65
1230,Eredivisie (NL),Evert Linthorst,E. Linthorst,14520,2000-03-03,55.5,29,0,6897.79,124.29,1316.31,423.07,32.17,82.28,3.52,505.34,35.69,26.96,29.54,28.4,31.1,70.45,2.72,61.59,7.31,1.59,0.72,0.73,0.31,1.39,1.39,21.97,1.95,2.8
1230,Eredivisie (NL),Simon Janssen,S. Janssen,14524,2000-09-25,44.2,13,0,5532.31,125.17,949.0,443.15,35.85,140.08,6.92,583.23,42.77,28.39,30.38,29.54,32.07,60.85,3.46,49.85,10.31,2.69,0.7,0.79,0.69,1.41,,21.62,1.99,2.71
1230,Eredivisie (NL),Sem  Steijn,S. Steijn,14525,2001-11-12,55.4,20,1,7195.65,129.88,1333.75,512.3,40.95,122.0,6.1,634.3,47.05,27.78,30.04,29.41,32.0,71.4,3.2,59.15,7.95,1.95,0.64,0.74,0.35,1.47,1.8,32.05,1.96,2.87
1230,Eredivisie (NL),Takehiro Tomiyasu,T. Tomiyasu,14601,1998-11-05,31.88,7,2,3742.57,117.4,591.71,206.14,19.0,42.0,3.29,248.14,22.29,26.41,27.14,27.77,28.93,43.14,3.0,38.0,7.29,1.57,0.73,,0.29,,,14.57,2.53,2.92
1230,Eredivisie (NL),Cyle Christopher Larin,C. Larin,14919,1995-04-17,25.22,7,1,2826.86,112.07,409.43,185.14,19.57,91.0,4.0,276.14,23.57,30.59,31.98,31.31,33.03,32.14,2.57,26.43,5.57,2.43,0.67,,0.71,1.56,,10.57,2.25,3.0
1230,Eredivisie (NL),Ibrahim Sadiq,I. Sadiq,16481,2000-05-07,35.75,20,0,4087.05,114.31,633.35,278.75,28.0,133.3,6.7,412.05,34.7,30.34,32.2,31.2,32.87,47.9,4.2,39.8,8.95,3.35,0.62,0.64,1.35,1.25,1.28,16.35,2.06,2.8
1230,Eredivisie (NL),Darko Nejašmić,D. Nejašmić,16552,1999-01-25,88.53,29,0,10345.55,116.86,1588.66,559.86,47.72,157.59,8.17,717.45,55.9,28.25,29.98,30.1,31.93,93.9,4.52,79.66,11.9,3.03,0.58,0.67,1.03,1.45,1.5,41.24,1.85,2.67
1230,Eredivisie (NL),Gernot Trauner,G. Trauner,16666,1992-03-25,59.32,5,0,6412.4,108.1,702.0,269.6,23.2,88.8,3.6,358.4,26.8,28.66,28.66,29.52,31.17,70.6,3.6,55.2,8.8,3.2,0.81,,1.0,,,14.2,2.3,
1230,Eredivisie (NL),Paweł Bochniewicz,P. Bochniewicz,16997,1996-01-30,10.2,1,0,1117.0,109.51,191.0,63.0,7.0,26.0,1.0,89.0,8.0,27.8,27.8,27.9,,12.0,2.0,13.0,3.0,2.0,,,0.0,,,5.0,,
1230,Eredivisie (NL),Dennis Man,D. Man,17116,1998-08-26,63.33,25,0,7190.2,113.53,1181.24,565.24,52.2,213.2,11.16,778.44,63.36,29.68,31.74,31.23,33.2,78.04,4.84,63.24,14.52,3.68,0.63,0.64,1.72,1.21,1.21,34.12,1.79,2.54
1230,Eredivisie (NL),Elazar Dasa,E. Dasa,17462,1992-12-03,91.09,22,0,10026.95,110.08,1484.82,599.05,51.91,198.09,11.05,797.14,62.95,28.75,30.4,30.4,32.07,104.32,6.59,81.55,14.09,4.86,0.68,0.75,2.23,1.21,1.46,34.05,1.93,2.72
1230,Eredivisie (NL),Enes Mahmutovic,E. Mahmutovic,17674,1997-05-22,51.79,14,1,5190.0,100.22,602.93,187.43,17.64,61.5,3.14,248.93,20.79,27.34,30.6,28.29,32.0,54.21,2.5,43.43,6.0,1.43,0.75,0.79,0.14,,,10.14,2.31,
1230,Eredivisie (NL),Pelle Clement,P. Clement,18767,1996-05-19,67.08,26,0,8332.38,124.22,1374.77,454.12,38.15,115.31,5.85,569.42,44.0,28.24,30.12,29.97,32.13,81.04,3.96,70.19,8.96,2.15,0.64,0.68,0.65,1.32,1.69,29.15,1.96,2.59
1230,Eredivisie (NL),Siebe Horemans,S. Horemans,19021,1998-06-02,69.76,29,0,7830.03,112.25,1154.14,476.97,42.69,163.03,8.34,640.0,51.03,28.08,30.66,29.61,32.3,89.38,5.59,75.07,15.07,3.55,0.66,0.68,0.97,1.43,1.46,25.38,1.88,2.61
1230,Eredivisie (NL),Jerdy Schouten,J. Schouten,19024,1997-01-12,90.76,28,0,10320.79,113.71,1499.68,465.75,38.86,100.0,5.36,565.75,44.21,27.51,30.12,29.46,32.2,103.68,4.93,87.25,12.5,2.75,0.69,0.71,0.71,1.38,1.61,25.39,1.77,2.79
1230,Eredivisie (NL),Gerrit Nauber,G. Nauber,19212,1992-04-13,97.94,9,0,9770.33,99.76,1211.89,356.22,25.56,85.11,3.22,441.33,28.78,27.12,28.92,28.53,30.67,91.44,3.67,75.0,8.44,1.0,0.9,,0.44,,,17.22,2.49,3.04
1230,Eredivisie (NL),Iván Márquez Álvarez,Iván Márquez,20103,1994-06-09,85.2,32,0,8551.44,100.36,911.91,294.0,27.31,81.44,4.47,375.44,31.78,28.1,30.18,29.58,31.67,90.0,3.84,71.94,10.47,1.88,0.71,0.8,0.5,1.46,,16.22,1.81,2.78
1230,Eredivisie (NL),Anel Ahmedhodžić,A. Ahmedhodžić,22142,1999-03-26,91.89,25,1,10099.32,109.91,1360.16,477.4,42.68,144.2,8.04,621.6,50.72,28.74,30.94,30.6,32.87,106.08,5.28,85.04,10.84,3.52,0.68,0.77,1.36,1.34,1.76,23.32,2.04,2.83
1230,Eredivisie (NL),Arthur Zagré,A. Zagré,22254,2001-10-04,85.6,30,0,9409.53,109.93,1289.53,586.57,56.77,234.63,12.4,821.2,69.17,29.82,31.5,31.32,33.27,97.73,7.87,83.53,16.0,6.23,0.58,0.61,2.67,1.09,1.24,31.5,1.86,2.65
1230,Eredivisie (NL),Troy Parrott,T. Parrott,23105,2002-02-04,83.95,28,0,9336.5,111.22,1351.89,700.79,65.71,199.64,12.32,900.43,78.04,28.95,31.1,30.7,32.93,101.79,10.71,82.89,16.79,7.89,0.58,0.58,2.36,1.16,1.33,48.36,1.88,2.61
1230,Eredivisie (NL),Sergiño Dest,S. Dest,23110,2000-11-03,87.52,27,0,10216.0,116.73,1462.04,673.81,65.81,304.41,15.7,978.22,81.52,30.47,32.32,32.19,34.03,108.26,7.19,89.7,15.41,5.7,0.58,0.59,2.67,1.16,1.16,32.85,1.86,2.73
1230,Eredivisie (NL),Robert Mühren,R. Mühren,23721,1989-05-18,32.55,31,0,3620.06,111.22,574.61,250.32,21.1,73.94,3.74,324.26,24.84,28.31,31.4,29.36,32.93,40.42,2.9,34.23,7.0,1.9,0.61,0.64,0.35,1.54,1.92,11.52,1.83,2.84
1230,Eredivisie (NL),Mohamed Amine Ihattaren,M. Ihattaren,23972,2002-02-12,73.36,28,0,8895.32,121.25,1564.82,580.54,47.64,153.18,8.07,733.71,55.71,28.0,29.74,29.95,31.5,87.36,4.61,71.79,10.36,3.32,0.71,0.74,0.61,1.47,1.56,27.82,1.81,2.76
1230,Eredivisie (NL),Ozan Can Kökcü,O. Kökcü,24162,1998-08-18,60.12,28,0,7210.61,119.93,1053.11,358.86,33.29,113.89,6.07,472.75,39.36,28.21,30.24,29.43,31.37,67.82,3.14,59.11,8.86,1.75,0.64,0.66,0.5,1.42,1.84,24.82,1.81,2.78
1230,Eredivisie (NL),Ivan Mesík,I. Mesík,24221,2001-06-01,94.76,30,0,10632.7,112.2,1536.03,659.0,63.03,300.27,14.6,959.27,77.63,29.99,31.9,31.74,33.3,122.07,7.7,98.87,20.47,5.7,0.6,0.62,2.6,1.21,1.33,32.17,1.89,2.53
1230,Eredivisie (NL),Jan Žambůrek,J. Žambůrek,24559,2001-02-13,70.06,26,0,9098.54,129.87,1909.27,599.85,47.12,89.46,6.04,689.31,53.15,26.26,28.16,28.31,30.47,94.5,3.92,79.38,11.19,2.54,0.68,0.74,0.54,1.49,1.53,41.08,1.9,2.61
1230,Eredivisie (NL),Maxence Rivera,M. Rivera,24674,2002-05-30,73.3,29,1,8951.34,122.12,1442.07,664.93,63.62,232.31,13.03,897.24,76.66,30.02,32.4,31.63,34.17,93.9,7.55,78.9,15.24,5.41,0.61,0.63,1.59,1.21,1.28,50.24,1.78,2.51
1230,Eredivisie (NL),Danilo Pereira da Silva,Danilo,24874,1999-04-07,30.73,11,0,3669.36,119.41,611.55,281.91,26.82,107.27,5.45,389.18,32.27,28.66,30.28,29.73,32.0,41.0,2.82,32.55,6.91,2.18,0.69,0.69,0.73,1.45,,19.55,2.03,2.93
1230,Eredivisie (NL),Emil Hansson,E. Hansson,24880,1998-06-15,50.52,12,0,6742.0,133.45,1228.08,561.58,43.67,157.33,7.83,718.92,51.5,28.73,30.06,30.08,32.03,65.08,3.42,54.75,9.42,2.83,0.68,0.68,1.0,1.36,1.37,27.75,2.0,2.8
1230,Eredivisie (NL),Melle Meulensteen,M. Meulensteen,24885,1999-07-04,89.23,34,0,10479.03,117.44,1559.03,552.06,49.18,181.79,8.09,733.85,57.26,28.63,30.3,30.4,31.87,108.38,4.65,93.06,11.18,3.06,0.68,0.7,0.79,1.38,1.52,32.82,1.9,2.65
1230,Eredivisie (NL),Saïd Riad  Bakari,S. Bakari,24888,1994-09-22,36.45,13,0,4360.46,119.64,690.85,311.31,28.46,111.77,6.38,423.08,34.85,29.09,30.62,30.08,32.27,51.08,3.85,44.31,7.54,2.62,0.65,0.68,0.62,1.41,1.46,15.38,2.05,2.82
1230,Eredivisie (NL),Youri Pieter Regeer,Y. Regeer,24893,2003-08-18,70.74,26,0,8699.12,122.98,1433.19,489.58,44.88,158.23,7.77,647.81,52.65,28.63,30.44,30.33,32.3,93.15,3.46,82.38,13.62,2.31,0.68,0.78,0.77,1.46,1.47,34.54,1.82,2.69
1230,Eredivisie (NL),Ko Itakura,K. Itakura,24911,1997-01-27,76.68,18,0,7873.0,102.68,985.22,307.56,27.78,77.28,4.17,384.83,31.94,27.97,29.86,29.59,31.73,80.28,3.67,66.94,7.39,2.11,0.74,0.86,0.56,1.54,1.68,18.33,2.04,2.86
1230,Eredivisie (NL),Justin Lonwijk,J. Lonwijk,25017,1999-12-21,63.97,15,0,7472.67,116.82,1193.0,483.27,44.73,155.67,8.33,638.93,53.07,28.93,30.6,30.55,32.1,75.07,4.4,63.0,14.8,2.93,0.6,0.61,0.93,1.23,1.32,29.2,1.91,2.58
1230,Eredivisie (NL),Jakub Moder,J. Moder,25077,1999-04-07,88.31,10,0,11027.2,124.86,1980.7,672.8,55.9,166.0,8.8,838.8,64.7,28.28,29.24,30.69,32.3,109.3,4.7,93.9,14.1,3.5,0.69,0.8,0.7,1.52,,37.3,2.04,2.71
1230,Eredivisie (NL),Shawn Femi Adewoye,S. Adewoye,25342,2000-06-29,78.27,28,0,8512.68,108.77,1092.43,335.07,31.5,93.71,5.0,428.79,36.5,28.28,30.14,29.61,31.47,95.64,4.32,75.21,10.96,2.68,0.71,0.79,0.46,1.53,1.58,24.43,2.03,2.66
1230,Eredivisie (NL),Matisse  Didden,M. Didden,25347,2001-10-08,85.29,24,0,9126.33,107.01,1115.79,373.88,35.79,125.29,6.08,499.17,41.88,29.04,31.1,30.71,33.17,92.54,6.04,74.88,11.58,3.96,0.63,0.67,1.08,1.24,1.36,21.54,1.93,2.6
1230,Eredivisie (NL),Luca Oyen,L. Oyen,25348,2003-03-14,38.85,13,2,5015.15,129.09,891.62,364.15,30.46,96.46,5.08,460.62,35.54,27.46,29.46,28.65,31.07,56.69,3.31,45.77,6.31,2.23,0.74,0.82,0.46,1.56,,21.69,2.2,2.86
1230,Eredivisie (NL),In-Beom Hwang,Hwang In-Beom,25429,1996-09-20,59.7,16,1,7627.19,127.76,1264.25,437.75,38.56,109.19,6.31,546.94,44.88,27.75,29.0,29.31,30.63,70.62,3.12,60.94,7.75,2.38,0.63,0.7,0.69,1.49,1.94,30.56,1.97,2.71
1230,Eredivisie (NL),Henk Veerman,H. Veerman,25517,1991-02-26,76.11,24,0,7109.83,93.41,715.21,236.0,24.58,59.04,3.42,295.04,28.0,27.43,30.0,28.8,31.5,72.0,5.0,62.08,8.5,3.0,0.69,0.74,0.71,1.47,,17.96,2.02,2.96
1230,Eredivisie (NL),Marco Rente,M. Rente,25548,1997-02-25,86.32,27,2,9797.96,113.5,1286.63,500.37,49.44,195.15,10.3,695.52,59.74,30.23,32.58,31.82,34.27,100.67,5.78,82.22,15.85,3.96,0.63,0.64,2.11,1.29,1.34,26.11,2.02,2.81
1230,Eredivisie (NL),Can Bozdogan,C. Bozdogan,25550,2001-04-05,29.95,17,1,3705.35,123.74,641.59,229.41,18.59,46.71,2.47,276.12,21.06,27.07,29.2,28.08,30.23,40.24,1.71,32.29,4.94,0.94,0.8,0.88,0.18,1.95,,15.29,2.06,2.82
1230,Eredivisie (NL),Yassin Oukili,Y. Oukili,26218,2001-01-03,41.3,13,0,5100.85,123.51,900.08,340.54,24.31,62.0,3.08,402.54,27.38,26.28,27.88,27.71,29.93,51.23,2.08,43.69,6.69,1.23,0.74,0.74,0.31,1.69,1.72,19.0,2.1,2.63
1230,Eredivisie (NL),Bilal  Ould-Chikh,B. Ould-Chikh,26635,1997-07-28,78.54,12,0,8285.17,105.49,1056.0,435.17,45.75,210.5,10.17,645.67,55.92,30.72,32.62,31.81,34.1,86.42,6.5,70.08,14.92,5.0,0.67,0.68,1.75,1.31,1.5,25.0,2.09,2.76
1230,Eredivisie (NL),Boy Kemper,B. Kemper,26639,1999-06-21,95.82,31,1,10822.19,112.94,1619.68,708.68,61.87,222.68,12.13,931.35,74.0,28.37,29.72,29.98,31.83,115.94,9.1,96.42,19.35,6.26,0.65,0.65,1.97,1.24,1.34,38.19,2.06,2.53
1230,Eredivisie (NL),Sam Kersten,S. Kersten,26758,1998-01-30,82.79,30,2,8573.5,103.55,1116.47,357.37,32.93,116.77,6.07,474.13,39.0,29.57,32.34,31.15,34.4,90.7,4.57,70.8,12.33,2.83,0.66,0.71,0.77,1.28,1.49,17.3,1.85,2.77
1230,Eredivisie (NL),Joey  Veerman,J. Veerman,26778,1998-11-19,84.5,30,0,10560.8,124.98,2197.43,598.6,42.3,89.03,4.43,687.63,46.73,26.12,27.68,28.17,29.8,110.07,2.87,92.17,10.07,1.87,0.67,0.76,0.27,1.7,,35.37,1.89,2.66
1230,Eredivisie (NL),Tsuyoshi Watanabe,T. Watanabe,26860,1997-02-05,96.27,29,1,10607.14,110.18,1574.66,567.48,48.03,164.41,8.52,731.9,56.55,28.68,30.1,30.81,32.7,114.03,7.55,90.31,13.9,5.28,0.6,0.67,1.14,1.18,1.6,28.28,1.87,2.74
1230,Eredivisie (NL),Ayase Ueda,A. Ueda,26886,1998-08-28,86.56,30,1,9449.2,109.17,1265.5,616.6,60.17,197.03,11.9,813.63,72.07,29.37,31.76,31.17,33.63,105.33,10.4,86.2,16.73,7.3,0.62,0.64,2.03,1.19,1.26,38.27,1.89,2.7
1230,Eredivisie (NL),Ricardo Daniel Pepi,R. Pepi,27121,2003-01-09,58.21,26,0,6567.77,112.82,1004.65,477.92,45.12,155.81,9.62,633.73,54.73,28.41,30.04,30.01,32.17,72.19,7.96,59.46,14.5,6.12,0.6,0.6,1.62,1.28,1.33,33.69,1.78,2.64
1230,Eredivisie (NL),Søren Tengstedt,S. Tengstedt,27365,2000-06-30,55.41,13,0,6568.54,118.54,1016.15,438.62,37.08,128.46,6.77,567.08,43.85,28.12,30.4,29.59,32.53,67.85,3.77,58.92,7.92,3.0,0.73,0.81,0.85,1.61,,24.38,1.88,2.7
1230,Eredivisie (NL),Simon Graves Jensen,S. Graves,27465,1999-05-22,89.88,31,1,9599.06,106.8,1299.0,400.97,34.68,92.19,5.23,493.16,39.9,27.54,29.88,29.31,31.5,105.1,4.26,84.26,8.74,2.71,0.76,0.82,0.35,1.66,,19.39,2.01,2.77
1230,Eredivisie (NL),Dylan Mbayo,D. Mbayo,27677,2001-10-11,42.18,13,1,4760.23,112.86,702.31,329.0,31.54,132.62,6.15,461.62,37.69,29.55,31.24,30.55,32.77,52.62,3.85,42.54,10.38,3.38,0.61,0.69,0.69,1.37,,20.0,2.08,2.91
1230,Eredivisie (NL),Alec Van Hoorenbeeck,A. Van Hoorenbeeck,27690,1998-12-30,97.84,24,0,10925.0,111.66,1573.58,577.71,52.46,223.33,11.21,801.04,63.67,29.91,31.68,31.62,33.13,119.67,6.38,92.67,15.29,3.83,0.77,0.78,1.33,1.52,1.58,32.08,1.87,2.78
1230,Eredivisie (NL),Leo Greiml,L. Greiml,27770,2001-07-03,88.43,14,0,9375.14,106.02,1224.71,363.43,30.79,85.0,4.71,448.43,35.5,27.14,28.76,28.62,30.73,100.93,4.29,80.57,10.64,2.57,0.77,0.82,0.64,1.76,2.19,21.0,2.14,2.86
1230,Eredivisie (NL),Oscar Pettersson,O. Pettersson,28094,2000-02-01,36.22,5,0,4284.6,118.29,667.0,335.6,31.6,137.0,6.0,472.6,37.6,29.9,29.9,30.98,31.6,42.0,2.4,36.8,6.8,1.2,,,0.6,,,15.8,2.16,2.93
1230,Eredivisie (NL),Jesper Karlsson,J. Karlsson,28137,1998-07-25,42.41,18,0,4770.61,112.48,705.61,353.94,34.61,151.06,7.83,505.0,42.44,28.89,30.66,30.0,32.13,58.44,4.11,46.5,11.06,3.11,0.65,0.66,1.78,1.24,1.35,25.39,2.11,2.63
1230,Eredivisie (NL),Raúl Moro Prescoli,Raúl Moro,28597,2002-12-05,44.96,14,0,5177.07,115.15,801.5,419.0,44.93,237.14,11.64,656.14,56.57,30.81,32.46,31.81,33.3,59.14,7.29,47.79,13.0,6.0,0.56,0.58,3.36,1.08,1.09,28.07,1.92,2.63
1230,Eredivisie (NL),Jakob Breum Martinsen,J. Breum,28865,2003-11-17,77.78,28,0,10382.0,133.49,2140.93,780.39,55.39,148.0,7.75,928.39,63.14,27.05,28.82,29.27,31.77,101.86,2.82,88.68,9.64,1.82,0.65,0.73,0.21,1.67,1.88,33.5,1.85,2.62
1230,Eredivisie (NL),Vasilios Zagaritis,V. Zagaritis,29076,2001-05-04,89.95,33,2,10226.7,113.69,1420.91,679.27,68.39,346.03,16.97,1025.3,85.36,30.17,32.42,31.62,33.93,111.88,6.73,91.03,18.82,5.09,0.56,0.67,2.39,1.11,1.37,35.36,1.88,2.5
1230,Eredivisie (NL),Ramiz Zerrouki,R. Zerrouki,29155,1998-05-26,88.85,32,0,10927.94,123.0,1773.72,529.19,44.53,106.44,5.31,635.62,49.84,27.07,28.64,29.09,30.67,100.62,3.84,84.34,9.41,2.0,0.73,0.85,0.22,1.61,,38.44,1.91,2.71
1230,Eredivisie (NL),Casper Widell,C. Widell,29421,2003-05-05,97.02,34,0,10490.68,108.12,1299.21,383.65,34.06,105.38,5.62,489.03,39.68,28.13,30.82,29.76,32.33,114.06,4.68,92.65,10.74,2.09,0.71,0.8,0.59,1.43,,18.53,1.96,2.81
1230,Eredivisie (NL),Bryan Michael Limbombe Ekango,B. Limbombe,29922,2001-05-14,63.87,22,0,7372.18,115.42,1118.23,505.91,45.36,164.68,8.77,670.59,54.14,28.34,30.52,29.58,31.73,77.82,5.05,63.77,10.59,3.36,0.57,0.65,1.36,1.25,1.47,25.64,1.87,2.77
1230,Eredivisie (NL),Anthony Descotte,A. Descotte,29925,2003-08-03,70.53,14,0,8023.71,113.77,1161.57,447.14,43.57,141.5,8.29,588.64,51.86,28.64,30.22,30.39,32.67,75.71,5.36,64.93,9.21,3.5,0.66,0.71,1.07,1.33,1.65,38.0,1.92,2.69
1230,Eredivisie (NL),Eliano Reijnders,E. Reijnders,30201,2000-10-23,25.85,2,0,3041.5,117.66,495.0,149.5,16.0,42.5,2.0,192.0,18.0,27.0,27.0,28.15,,29.5,2.0,23.5,6.5,1.5,,,1.5,,,18.0,,
1230,Eredivisie (NL),Youssef El Kachati,Y. El Kachati,30217,1999-11-30,34.1,18,1,3836.61,112.53,567.94,237.72,22.89,101.06,4.83,338.78,27.72,30.23,32.7,31.13,33.77,39.06,3.72,30.94,6.17,2.61,0.67,0.72,0.72,1.23,1.3,16.33,1.81,2.81
1230,Eredivisie (NL),Sven Mijnans,S. Mijnans,30236,2000-03-09,83.88,30,0,10671.83,127.22,1876.37,653.7,51.63,93.8,6.0,747.5,57.63,26.29,27.38,28.21,29.43,103.1,3.33,89.53,8.8,2.03,0.74,0.81,0.23,1.78,,37.1,1.81,2.63
1230,Eredivisie (NL),Charles-Andreas Brym,C. Brym,30334,1998-08-08,67.55,24,0,7546.71,111.71,1023.25,499.83,49.17,214.83,10.79,714.67,59.96,30.48,32.72,31.82,33.8,81.08,7.12,65.58,12.46,5.04,0.64,0.65,1.67,1.2,1.25,35.92,1.8,2.6
1230,Eredivisie (NL),Szymon Włodarczyk,S. Włodarczyk,30785,2003-01-05,38.35,22,1,4822.59,125.76,792.68,383.5,32.27,140.82,7.05,524.32,39.32,30.23,33.1,31.34,34.4,45.18,3.18,35.5,6.55,2.59,0.63,0.76,0.68,1.35,1.57,19.23,1.72,2.92
1230,Eredivisie (NL),Shola Shoretire,S. Shoretire,31230,2004-02-02,72.06,23,1,8282.43,114.93,1276.09,564.22,55.61,212.43,11.61,776.65,67.22,28.98,30.86,30.89,33.23,93.35,8.91,78.43,16.13,6.78,0.55,0.55,2.22,1.16,1.34,43.09,1.86,2.52
1230,Eredivisie (NL),Alfons Sampsted,A. Sampsted,31266,1998-04-06,76.32,12,0,9386.67,122.99,1583.25,644.42,53.25,182.67,9.75,827.08,63.0,28.81,29.98,30.57,32.0,105.08,7.33,89.42,16.25,5.08,0.66,0.7,1.25,1.58,1.59,39.42,1.95,2.69
1230,Eredivisie (NL),Miguel Rodríguez Vidal,Miguel Rodríguez,31933,2003-04-29,60.56,24,0,7004.88,115.67,1108.21,534.92,51.38,199.79,11.38,734.71,62.75,29.83,32.18,31.59,33.77,77.5,6.33,59.54,19.0,4.83,0.61,0.66,1.83,1.17,1.32,34.12,1.84,2.57
1230,Eredivisie (NL),Josip Šutalo,J. Šutalo,32167,2000-02-28,81.15,24,0,8909.92,109.79,1144.58,350.96,32.83,106.33,5.33,457.29,38.17,28.52,30.34,30.24,32.23,98.25,4.46,81.0,9.29,3.08,0.61,0.65,0.96,1.34,1.37,27.33,2.03,2.61
1230,Eredivisie (NL),Jasper Dahlhaus,J. Dahlhaus,32257,2001-11-27,88.46,26,0,9828.77,111.11,1345.73,571.5,53.12,223.0,11.65,794.5,64.77,29.22,30.5,30.86,32.6,99.62,4.88,82.54,16.81,3.23,0.68,0.7,1.27,1.24,1.35,31.42,1.88,2.58
1230,Eredivisie (NL),Couhaib Driouech,C. Driouech,32261,2002-04-17,38.39,28,1,4624.5,120.48,804.46,376.82,36.64,191.68,9.0,568.5,45.64,31.51,33.54,32.52,34.37,50.25,5.25,40.86,8.96,4.29,0.56,0.6,1.71,1.07,1.14,23.14,1.9,2.63
1230,Eredivisie (NL),Kamal Sowah,K. Sowah,32381,2000-01-09,90.77,32,1,10963.84,120.79,1769.84,700.19,66.78,232.84,13.78,933.03,80.56,29.23,30.82,31.18,33.33,116.09,6.31,96.38,16.88,4.69,0.6,0.62,1.5,1.3,1.35,49.09,1.79,2.6
1230,Eredivisie (NL),Thibo Baeten,T. Baeten,32457,2002-06-04,43.37,20,0,5071.05,116.93,741.05,389.3,37.95,187.35,9.35,576.65,47.3,30.04,31.8,31.09,33.07,50.55,3.85,42.3,9.4,3.15,0.67,0.74,1.0,1.32,1.52,22.55,1.93,2.52
1230,Eredivisie (NL),Shurandy Sambo,S. Sambo,32510,2001-08-19,68.45,24,0,7548.08,110.27,1111.38,432.42,41.92,164.71,8.54,597.12,50.46,28.57,31.04,29.9,32.43,88.79,5.88,75.71,13.67,4.0,0.57,0.65,1.08,1.29,1.4,27.46,1.83,2.63
1230,Eredivisie (NL),Tijs Velthuis,T. Velthuis,32521,2002-01-12,52.1,12,2,5699.25,109.39,809.33,286.92,26.83,90.92,4.92,377.83,31.75,28.36,30.28,29.52,32.0,63.83,3.67,49.75,8.92,2.5,0.71,0.78,0.58,1.58,,14.75,2.34,2.83
1230,Eredivisie (NL),Casper Tengstedt,C. Tengstedt,33025,2000-06-01,27.36,18,0,3186.39,116.45,459.67,210.78,19.0,57.11,3.22,267.89,22.22,27.98,30.48,28.88,31.07,32.56,2.33,26.44,3.89,1.28,0.68,0.68,0.28,1.77,,12.5,2.12,2.76
1230,Eredivisie (NL),Virgil Misidjan,V. Misidjan,33261,1993-07-24,34.09,15,2,3830.87,112.38,618.07,273.4,22.67,96.67,4.67,370.07,27.33,28.99,30.78,30.06,32.1,41.67,3.27,33.27,6.73,2.2,0.72,0.83,0.53,1.68,2.07,14.73,2.09,2.84
1230,Eredivisie (NL),Jannes Wieckhoff,J. Wieckhoff,33266,2000-08-02,48.04,19,0,5650.79,117.63,875.58,343.0,33.05,143.21,6.63,486.21,39.68,30.8,32.28,31.86,33.3,63.21,3.89,53.74,10.11,2.26,0.7,0.75,0.58,1.38,,20.21,1.88,2.72
1230,Eredivisie (NL),Sava-Arangel Čestić,S. Čestić,33276,2001-02-19,56.05,7,0,6179.0,110.25,908.57,296.0,27.14,80.0,4.29,376.0,31.43,27.33,28.0,28.47,29.97,64.57,3.14,51.14,7.14,1.57,0.77,,0.14,,,17.71,2.15,3.13
1230,Eredivisie (NL),Samir Lagsir,S. Lagsir,33504,2003-05-20,20.39,2,0,2108.5,103.4,294.5,110.0,13.5,68.0,3.0,178.0,16.5,30.35,30.35,30.7,,25.0,1.0,17.5,3.5,0.5,,,0.5,,,5.0,,
1230,Eredivisie (NL),Gijs Smal,G. Smal,33510,1997-08-31,59.26,16,1,6662.56,112.43,1035.0,451.44,41.06,152.38,8.38,603.81,49.44,28.6,30.2,30.1,31.8,80.62,5.88,65.81,12.62,4.06,0.61,0.61,1.12,1.47,1.56,24.62,2.23,2.79
1230,Eredivisie (NL),Kenneth Taylor,K. Taylor,33512,2002-05-16,93.08,14,0,11354.86,121.99,1729.0,614.0,51.93,151.21,7.93,765.21,59.86,28.26,29.26,30.44,31.93,103.0,3.36,92.79,12.0,2.21,0.64,0.65,0.64,1.35,1.47,37.86,1.87,2.9
1230,Eredivisie (NL),Davy van den Berg ,D. van den Berg,33523,2000-02-04,31.93,5,0,4189.0,131.18,835.4,252.0,21.6,47.2,2.8,299.2,24.4,25.16,25.16,26.38,27.9,46.2,1.8,39.2,4.4,0.6,,,0.0,,,15.8,2.33,
1230,Eredivisie (NL),David Min,D. Min,33530,1999-06-23,43.76,23,0,5096.78,116.48,746.3,314.43,30.96,123.87,5.87,438.3,36.83,30.01,32.6,31.09,33.8,51.48,3.91,41.91,7.61,3.17,0.62,0.74,1.09,1.3,1.45,22.87,1.86,2.86
1230,Eredivisie (NL),Casper Staring,C. Staring,33533,2001-02-01,22.16,2,0,2529.0,114.13,403.5,102.5,9.5,16.0,1.0,118.5,10.5,26.0,26.0,26.65,,29.5,1.0,24.0,3.5,0.0,,,0.0,,,9.0,,
1230,Eredivisie (NL),Ahmetcan Kaplan,A. Kaplan,33978,2003-01-16,89.74,25,0,9622.68,107.23,1233.84,441.88,39.8,132.36,7.28,574.24,47.08,28.65,31.06,30.49,33.27,97.56,4.76,76.76,9.92,3.04,0.63,0.75,0.88,1.43,1.6,23.52,1.92,2.62
1230,Eredivisie (NL),Ismael Saibari Ben El Basra,I. Saibari,34068,2001-01-28,84.96,27,0,10255.85,120.71,1683.33,811.0,74.89,359.11,17.33,1170.11,92.22,30.01,32.06,31.73,33.97,114.15,8.48,96.04,16.37,6.48,0.61,0.61,2.59,1.26,1.37,45.44,1.76,2.68
1230,Eredivisie (NL),Mathias Ullereng Kjølø,M. Kjølø,34069,2001-06-27,32.69,19,0,4236.58,129.6,844.79,264.21,22.68,50.26,2.84,314.47,25.53,26.1,28.22,27.21,29.43,49.32,1.84,38.95,7.37,1.05,0.75,0.8,0.32,1.71,2.07,20.95,1.99,2.64
1230,Eredivisie (NL),Victor Jensen,V. Jensen,34087,2000-02-08,71.84,8,0,9457.88,131.66,1964.5,780.75,61.38,117.88,7.25,898.62,68.62,26.89,27.44,29.1,30.4,104.25,6.0,86.62,16.0,3.75,0.69,0.78,1.25,1.4,1.98,49.38,1.89,2.77
1230,Eredivisie (NL),Thijs Oosting,T. Oosting,34211,2000-05-02,80.55,33,1,10293.91,127.79,1759.64,655.48,54.09,176.33,9.52,831.82,63.61,28.25,30.1,30.05,32.57,95.39,3.61,83.33,12.79,2.45,0.72,0.84,0.55,1.41,1.6,37.82,1.83,2.75
1230,Eredivisie (NL),Isak Steiner Jensen,I. Jensen,34253,2003-12-23,65.55,33,0,7696.21,117.42,1214.52,499.97,45.09,133.36,7.48,633.33,52.58,28.42,30.8,30.05,32.63,87.21,5.27,72.27,14.39,3.94,0.59,0.62,1.3,1.32,1.33,29.58,1.83,2.56
1230,Eredivisie (NL),Daan Rots,D. Rots,34371,2001-07-25,76.24,33,0,9047.33,118.67,1453.67,658.0,60.21,232.97,12.64,890.97,72.85,28.76,30.06,30.53,32.4,98.15,6.76,80.06,18.24,4.7,0.63,0.73,1.61,1.36,1.48,36.15,1.78,2.61
1230,Eredivisie (NL),Rober González Bayón,Rober González,34486,2001-01-08,31.48,3,0,3823.67,121.47,677.0,299.67,28.33,97.33,5.67,397.0,34.0,29.13,29.13,29.7,29.7,47.0,2.0,37.33,6.0,2.0,0.98,,0.33,,,11.33,,
1230,Eredivisie (NL),Max Bruns,M. Bruns,34624,2002-11-06,68.79,13,0,7405.31,107.66,971.38,313.92,28.38,102.77,5.15,416.69,33.54,27.96,30.14,29.17,32.2,78.62,3.62,61.77,9.15,2.38,0.7,0.83,0.92,1.52,,15.54,2.31,2.9
1230,Eredivisie (NL),Peer Koopmeiners,P. Koopmeiners,35170,2000-05-04,79.54,29,0,9633.17,121.11,1598.28,571.28,46.07,127.59,6.38,698.86,52.45,27.85,30.26,29.73,32.13,91.86,3.28,82.03,9.38,1.9,0.66,0.73,0.41,1.43,1.67,35.59,1.8,2.86
1230,Eredivisie (NL),Syb van Ottele,S. van Ottele,35871,2002-02-02,66.1,15,0,6934.4,104.91,896.67,293.2,25.6,76.4,4.0,369.6,29.6,27.35,29.26,28.89,31.13,75.2,3.33,61.87,10.47,2.13,0.7,0.8,0.53,1.58,1.58,19.13,2.11,2.88
1230,Eredivisie (NL),Kiliann Sildillia,K. Sildillia,37094,2002-05-16,65.52,21,0,7653.29,116.81,1233.43,525.62,44.62,148.9,7.86,674.52,52.48,28.36,30.32,29.84,31.87,79.71,4.57,68.19,10.52,3.14,0.65,0.7,1.33,1.27,1.45,25.05,2.03,2.63
1230,Eredivisie (NL),Noah Ohio,N. Ohio,37354,2003-01-16,23.41,2,0,2552.5,109.04,408.0,183.5,15.5,74.5,4.0,258.0,19.5,29.4,29.4,30.05,,27.5,1.5,19.0,4.0,1.0,,,0.5,,,7.5,,
1230,Eredivisie (NL),Oussama Targhalline,O. Targhalline,37917,2002-05-20,82.42,25,0,9902.0,120.15,1593.52,572.44,52.64,169.24,8.96,741.68,61.6,28.62,31.0,30.62,33.23,100.52,4.84,85.04,13.68,3.28,0.63,0.63,0.88,1.44,1.48,43.88,1.78,2.73
1230,Eredivisie (NL),Denso Kasius,D. Kasius,38007,2002-10-06,76.39,17,0,8717.82,114.13,1138.41,509.88,50.06,250.76,11.59,760.65,61.65,31.72,33.04,33.2,34.53,85.94,5.76,72.35,11.35,4.88,0.63,0.63,1.82,1.16,1.32,31.06,1.9,2.68
1230,Eredivisie (NL),Alex Plat,A. Plat,38009,1998-02-04,40.26,16,1,5346.44,132.8,1000.69,341.44,25.31,64.81,3.06,406.25,28.38,26.96,28.96,28.26,30.5,50.38,2.19,44.75,6.25,1.56,0.79,0.83,0.19,1.97,,24.75,1.96,2.71
1230,Eredivisie (NL),Derry Murkin,D. Murkin,38014,1999-07-27,43.41,9,0,5152.67,118.7,839.56,356.22,32.33,126.89,5.89,483.11,38.22,30.18,32.0,31.38,33.8,56.33,3.78,46.33,9.22,2.67,0.71,0.71,1.89,1.36,1.42,21.11,2.05,2.72
1230,Eredivisie (NL),Calvin Twigt,C. Twigt,38015,2003-01-30,48.3,12,0,6333.17,131.11,1274.92,396.58,32.0,78.33,4.08,474.92,36.08,27.27,28.74,28.83,30.13,70.58,2.42,59.92,7.83,1.75,0.83,1.01,0.33,1.83,,26.75,1.96,2.72
1230,Eredivisie (NL),Mike Eerdhuijzen,M. Eerdhuijzen,38016,2000-07-13,46.81,11,0,4924.45,105.2,611.55,199.64,17.73,55.55,2.91,255.18,20.64,27.93,29.68,28.8,30.77,53.36,2.73,42.73,6.0,1.64,0.61,0.81,0.0,,,11.55,2.1,2.91
1230,Eredivisie (NL),Dean James,D. James,38022,2000-04-30,67.34,26,0,8049.38,119.53,1310.23,557.65,49.58,208.42,10.62,766.08,60.19,29.68,31.56,31.32,33.17,86.65,5.58,77.27,12.58,4.15,0.61,0.63,1.54,1.15,1.17,22.73,1.9,2.61
1230,Eredivisie (NL),Koen Kostons,K. Kostons,38050,1999-09-18,90.22,33,1,10434.09,115.66,1434.33,769.24,76.33,346.55,17.42,1115.79,93.76,29.86,31.26,31.63,33.27,111.88,11.06,86.18,22.79,8.64,0.67,0.71,3.64,1.31,1.38,51.48,1.8,2.61
1230,Eredivisie (NL),Kaj de Rooij,K. de Rooij,38064,2000-11-25,69.64,30,2,7765.23,111.5,1056.2,491.63,47.23,209.57,10.53,701.2,57.77,29.85,31.94,31.23,33.33,76.9,5.37,62.0,13.73,4.03,0.6,0.66,1.5,1.2,1.38,26.57,1.87,2.72
1230,Eredivisie (NL),Edouard Michut,E. Michut,38087,2003-03-04,85.9,20,0,10470.8,121.9,1947.45,624.6,52.4,148.05,7.85,772.65,60.25,27.77,29.16,30.0,32.23,104.35,3.95,86.0,17.75,2.6,0.65,0.69,0.45,1.41,1.89,41.1,1.89,2.73
1230,Eredivisie (NL),Souffian El Karouani,S. El Karouani,39628,2000-10-19,95.88,34,0,10854.74,113.21,1600.38,723.59,63.41,272.32,13.56,995.91,76.97,29.35,31.38,30.98,33.03,117.53,7.38,94.65,19.68,5.32,0.61,0.61,1.94,1.32,1.38,36.06,1.8,2.44
1230,Eredivisie (NL),Bart van Rooij,B. van Rooij,39629,2001-05-26,94.99,33,0,10950.58,115.28,1660.09,750.76,70.61,347.79,16.7,1098.55,87.3,30.48,32.28,32.13,34.27,118.48,7.7,99.85,20.82,6.27,0.61,0.61,2.88,1.16,1.2,37.45,2.04,2.55
1230,Eredivisie (NL),Dirk Proper,D. Proper,39634,2002-02-24,50.06,20,2,6089.65,121.66,1024.8,341.5,27.5,77.55,4.05,419.05,31.55,26.8,29.28,28.14,30.7,60.45,2.4,49.5,6.6,0.75,0.74,1.02,0.2,2.0,,21.6,2.04,2.66
1230,Eredivisie (NL),Naci Ünüvar,N. Ünüvar,39640,2003-06-13,51.87,18,0,5589.06,107.75,844.22,348.94,32.56,95.83,5.61,444.78,38.17,28.23,30.34,29.56,31.3,60.39,4.33,47.17,10.22,3.17,0.67,0.75,1.22,1.41,1.44,22.33,1.96,2.57
1230,Eredivisie (NL),Neraysho Kasanwirjo,N. Kasanwirjo,39642,2002-02-18,89.5,16,0,9671.62,108.06,1318.19,437.88,40.44,142.44,7.5,580.31,47.94,29.45,30.64,31.12,32.77,104.19,5.12,83.0,13.69,3.69,0.63,0.69,1.56,1.37,1.45,25.94,2.08,2.73
1230,Eredivisie (NL),Quinten Ryan Crispito Timber Maduro,Q. Timber,39645,2001-06-17,84.95,16,1,9586.75,112.85,1654.81,594.12,48.88,143.19,7.31,737.31,56.19,27.57,28.96,29.93,32.2,113.19,5.62,93.06,13.5,4.19,0.61,0.66,0.94,1.17,1.49,34.38,1.96,2.79
1230,Eredivisie (NL),Rio Hillen,R. Hillen,39648,2003-03-05,82.93,25,1,8754.48,105.57,1083.96,395.88,37.72,136.0,7.32,531.88,45.04,29.99,32.34,31.54,33.87,91.84,4.88,72.96,10.32,3.72,0.62,0.67,1.12,1.26,1.44,25.52,1.88,2.75
1230,Eredivisie (NL),Ilias Bronkhorst,I. Bronkhorst,39662,1997-05-10,77.15,33,0,8892.42,115.26,1194.97,520.09,51.12,241.82,11.7,761.91,62.82,30.23,32.14,31.54,33.6,92.39,5.3,75.55,16.45,3.91,0.61,0.66,1.36,1.2,1.32,23.24,1.77,2.69
1230,Eredivisie (NL),Anass Salah-Eddine,A. Salah-Eddine,39689,2002-01-18,69.9,17,0,7851.59,112.32,1087.59,416.35,42.41,196.88,9.59,613.24,52.0,30.32,31.8,31.74,33.73,81.24,4.88,67.18,12.24,3.53,0.61,0.67,1.47,1.26,1.39,27.47,2.23,2.81
1230,Eredivisie (NL),Ringo Meerveld,R. Meerveld,39715,2002-12-21,86.02,29,2,11132.76,129.42,2081.62,698.86,59.21,169.55,9.24,868.41,68.45,28.49,30.2,31.36,33.6,116.69,5.07,100.45,13.17,3.62,0.6,0.64,1.03,1.09,1.09,39.93,1.86,2.77
1230,Eredivisie (NL),Taylor Booth,T. Booth,39755,2001-05-31,41.07,10,0,5357.0,130.44,1040.1,457.6,38.7,110.1,6.4,567.7,45.1,28.54,29.74,29.99,31.33,60.0,4.7,49.6,10.7,3.5,0.7,0.74,0.9,,,25.6,1.93,3.06
1230,Eredivisie (NL),Arno Verschueren,A. Verschueren,39796,1997-04-08,23.94,30,0,3055.63,127.64,540.9,260.8,23.13,103.6,4.9,364.4,28.03,28.84,31.12,29.75,32.1,35.7,1.7,26.63,5.93,1.23,0.67,0.79,0.5,1.44,1.61,14.07,2.02,2.61
1230,Eredivisie (NL),Yoann  Cathline,Y. Cathline,40738,2002-07-22,78.68,28,0,8663.43,110.11,1242.25,610.29,61.36,276.29,13.5,886.57,74.86,30.54,32.38,32.26,33.9,103.75,9.93,83.32,18.04,7.82,0.6,0.65,2.86,1.11,1.3,41.39,1.81,2.48
1230,Eredivisie (NL),Lucas Oliveira Rosa,Lucas Rosa,41212,2000-04-03,89.39,28,0,10263.32,114.82,1454.32,608.29,59.82,201.36,12.11,809.64,71.93,29.16,31.18,31.09,33.33,112.29,9.57,94.43,21.32,6.93,0.54,0.54,2.21,1.08,1.08,45.5,1.85,2.53
1230,Eredivisie (NL),Silvinho Randy Esajas,S. Esajas,42619,2002-07-08,26.63,3,0,3304.33,124.09,542.67,170.33,15.67,64.67,2.33,235.0,18.0,28.13,28.13,29.23,29.23,34.67,1.33,29.0,5.0,0.0,,,0.0,,,8.67,,
1230,Eredivisie (NL),Youri Baas,Y. Baas,42842,2003-03-17,96.87,32,0,10562.88,109.04,1380.12,412.78,37.34,116.91,6.12,529.69,43.47,28.12,30.28,30.14,33.13,112.88,4.84,91.56,11.72,2.91,0.65,0.66,0.66,1.26,1.33,29.97,1.82,2.65
1230,Eredivisie (NL),Gibson Osahumen Yah,G. Yah,42843,2003-09-27,72.88,24,0,8651.21,118.7,1360.92,457.33,42.29,147.08,7.29,604.42,49.58,28.81,31.16,30.59,32.87,80.88,3.21,68.92,8.92,2.54,0.68,0.77,0.83,1.35,1.52,31.54,1.95,2.57
1230,Eredivisie (NL),Kian Fitz-Jim,K. Fitz-Jim,42844,2003-07-05,36.32,16,0,4609.19,126.9,900.75,354.0,28.5,92.31,5.12,446.31,33.62,28.16,29.72,29.54,31.47,48.0,2.19,38.75,6.75,1.75,0.73,0.8,0.44,1.37,1.37,22.81,2.02,2.53
1230,Eredivisie (NL),Mats Deijl,M. Deijl,42847,1997-07-15,92.71,33,0,10763.7,116.1,1588.42,648.45,55.06,200.55,10.18,849.0,65.24,28.19,29.82,29.95,31.8,109.15,5.85,90.18,16.15,4.67,0.68,0.69,1.24,1.33,1.49,31.94,1.99,2.55
1230,Eredivisie (NL),Lance Duijvestijn,L. Duijvestijn,42854,1999-01-15,74.01,27,0,9169.89,123.89,1668.67,731.74,59.85,170.3,10.04,902.04,69.89,27.67,29.26,29.36,31.0,88.56,3.56,76.7,13.74,2.19,0.71,0.78,0.33,1.57,1.81,43.74,1.73,2.62
1230,Eredivisie (NL),Djevencio van der Kust,D. van der Kust,42859,2001-04-30,62.94,21,0,7264.86,115.42,1202.14,545.24,51.48,197.0,10.67,742.24,62.14,29.4,31.26,30.94,33.3,84.48,6.14,65.29,16.48,4.05,0.64,0.64,1.52,1.3,1.31,35.24,1.79,2.5
1230,Eredivisie (NL),Giovanni van Zwam,G. van Zwam,43286,2004-01-02,62.41,12,0,6858.83,109.9,995.42,356.67,27.75,95.42,4.83,452.08,32.58,28.52,30.76,29.86,32.6,75.0,3.42,61.25,7.42,1.83,0.66,,0.5,1.71,,13.92,2.16,3.01
1230,Eredivisie (NL),Willum Thór  Willumsson,W. Willumsson,45609,1998-10-23,29.26,4,0,3965.25,135.53,856.0,342.5,28.5,58.25,4.0,400.75,32.5,27.25,27.25,28.45,28.67,43.5,2.25,35.75,6.5,1.0,0.91,,0.25,,,26.0,2.26,3.13
1230,Eredivisie (NL),Zico  Buurmeester,Z. Buurmeester,47443,2002-06-07,73.4,22,1,9362.05,127.54,1661.77,608.55,50.5,147.23,8.18,755.77,58.68,28.05,29.6,29.8,31.83,95.64,4.32,80.77,12.41,2.73,0.64,0.64,0.77,1.35,1.44,37.41,1.89,2.71
1230,Eredivisie (NL),Brynjolfur Andersen Willumsson,B. Willumsson,49603,2000-08-12,49.58,26,1,5888.19,118.76,937.23,413.04,36.0,102.19,6.08,515.23,42.08,27.67,29.46,28.92,30.67,63.08,3.88,51.96,9.15,2.62,0.71,0.76,0.46,1.79,,26.23,1.97,2.82
1230,Eredivisie (NL),Fredrik Oldrup Jensen,F. Oldrup Jensen,54524,1993-05-18,72.32,11,0,8161.55,112.86,1166.73,360.09,31.73,88.18,5.0,448.27,36.73,27.47,29.18,29.08,31.1,91.0,3.45,73.18,8.64,1.64,0.83,0.89,0.45,1.64,,21.91,2.14,3.06
1230,Eredivisie (NL),Oskar  Siira Sivertsen,O. Sivertsen,54556,2004-02-15,28.43,14,0,3675.79,129.28,647.57,292.43,25.0,110.79,5.57,403.21,30.57,29.39,31.32,30.42,32.33,39.57,3.21,32.0,5.64,2.5,0.72,0.75,1.14,1.35,1.42,16.93,1.95,2.69
1230,Eredivisie (NL),Ángel Alarcón Galiot,Ángel Alarcón,54942,2004-05-15,76.47,13,1,8626.69,112.81,1175.54,553.0,56.46,313.23,14.0,866.23,70.46,31.54,33.12,32.97,34.67,84.92,7.0,70.08,14.85,5.23,0.61,0.61,2.85,1.19,1.3,36.15,1.88,2.67
1230,Eredivisie (NL),Lasse Selvåg Nordås,L. Nordås,60699,2002-02-10,59.74,15,2,7180.0,120.19,1118.6,438.73,42.4,164.13,8.2,602.87,50.6,28.82,30.76,30.21,32.47,75.93,5.07,59.6,12.13,3.2,0.7,0.81,1.4,1.37,2.13,30.27,2.08,2.76
1230,Eredivisie (NL),Victor Edvardsen,V. Edvardsen,61132,1996-01-14,82.14,26,0,9505.54,115.72,1331.19,622.08,63.23,302.88,15.5,924.96,78.73,30.45,31.98,31.96,33.8,92.35,5.73,76.38,14.5,4.38,0.59,0.59,1.96,1.24,1.3,30.54,1.89,2.81
1230,Eredivisie (NL),Adam Carlén,A. Carlén,61134,2000-06-27,58.66,23,2,7054.39,120.27,1072.65,321.22,27.22,74.17,4.09,395.39,31.3,26.99,28.82,28.4,30.53,62.48,2.35,54.3,7.13,1.39,0.69,0.8,0.48,1.43,,24.13,2.02,2.69
1230,Eredivisie (NL),Erik Ahlstrand,E. Ahlstrand,61167,2001-10-14,59.28,14,0,7230.36,121.97,1217.43,602.64,58.86,256.71,13.5,859.36,72.36,29.31,30.78,30.61,32.3,84.86,8.0,67.29,18.71,6.43,0.61,0.69,2.21,1.27,1.32,38.29,1.9,2.68
1230,Eredivisie (NL),Rui Jorge Monteiro Mendes,Rui Mendes,61258,1999-11-10,15.21,6,0,1711.0,112.48,264.33,122.5,12.17,47.0,2.5,169.5,14.67,28.23,28.6,29.07,30.27,18.5,1.5,13.5,3.67,1.0,0.74,,0.5,,,9.17,2.21,
1230,Eredivisie (NL),Mawouna Kodjo Amevor,M. Amevor,61286,1991-12-16,93.5,32,0,9593.22,102.6,1087.59,298.78,25.66,68.91,3.31,367.69,28.97,27.72,30.6,29.34,31.9,89.94,4.06,75.22,8.0,2.06,0.76,0.89,0.44,1.43,,14.69,2.05,2.75
1230,Eredivisie (NL),Damon Mirani,D. Mirani,61296,1996-05-13,95.66,33,0,10653.76,111.38,1549.73,498.79,41.48,135.79,6.52,634.58,48.0,28.22,30.2,29.84,31.6,106.61,4.76,86.97,10.48,3.03,0.64,0.77,0.55,1.28,1.71,24.76,1.81,2.8
1230,Eredivisie (NL),Milan de Haan,M. de Haan,61298,2003-11-20,20.16,2,0,2489.0,123.47,419.5,159.0,13.0,34.5,2.0,193.5,15.0,29.45,29.45,30.1,,23.5,2.0,18.0,4.5,2.0,,,0.5,,,6.5,,
1230,Eredivisie (NL),Kay Tejan,K. Tejan,61321,1997-02-03,34.91,27,1,3917.04,112.2,588.37,255.96,24.37,113.63,5.26,369.59,29.63,30.31,32.46,31.16,33.63,40.26,2.7,32.7,6.11,2.0,0.7,0.82,0.74,1.36,1.54,14.67,1.96,2.99
1230,Eredivisie (NL),Philip Brittijn,P. Brittijn,61614,2004-04-09,81.27,32,0,10251.84,126.15,1897.75,646.22,54.81,161.88,8.53,808.09,63.34,28.38,30.76,30.55,32.3,110.34,4.03,92.5,13.22,3.03,0.61,0.61,0.59,1.46,1.49,45.72,1.83,2.57
1230,Eredivisie (NL),Mathis Suray,M. Suray,61659,2001-07-26,85.89,32,0,9987.12,116.28,1606.34,711.72,64.12,217.16,11.75,928.88,75.88,28.53,30.22,30.27,32.2,108.81,8.41,90.22,22.25,6.34,0.63,0.64,1.94,1.24,1.3,41.91,1.78,2.48
1230,Eredivisie (NL),Mohamed Nassoh,M. Nassoh,61667,2003-01-26,69.87,28,0,8597.11,123.04,1480.25,548.79,45.25,123.04,6.71,671.82,51.96,27.34,29.2,29.06,31.0,86.18,3.64,72.14,8.54,2.5,0.65,0.66,0.86,1.37,1.44,31.21,1.84,2.52
1230,Eredivisie (NL),Yannick Leliendal,Y. Leliendal,61731,2002-04-23,92.71,32,0,9962.56,107.46,1355.62,600.91,58.94,237.0,12.56,837.91,71.5,29.94,31.66,31.54,33.73,114.47,7.66,95.84,19.31,5.72,0.58,0.64,2.16,1.2,1.26,36.22,1.92,2.58
1230,Eredivisie (NL),Stan Henderikx,S. Henderikx,61732,2003-07-08,58.19,10,0,6755.2,116.1,1022.8,288.5,24.9,75.3,4.2,363.8,29.1,27.18,28.9,28.74,31.17,70.4,3.6,57.4,7.7,1.5,0.73,,0.2,,,17.7,2.15,2.89
1230,Eredivisie (NL),Levi Smans,L. Smans,61733,2003-03-25,55.0,1,0,6966.0,126.65,1319.0,478.0,53.0,166.0,9.0,644.0,62.0,29.3,29.3,31.6,,73.0,5.0,64.0,6.0,4.0,,,1.0,,,33.0,,
1230,Eredivisie (NL),Kristian Nökkvi Hlynsson,K. Hlynsson,61747,2004-01-23,81.03,33,0,10900.18,134.52,2325.24,847.67,67.7,177.09,10.15,1024.76,77.85,27.54,28.94,29.88,32.13,128.82,5.39,107.67,19.52,3.15,0.68,0.7,0.67,1.33,1.64,53.12,1.77,2.76
1230,Eredivisie (NL),Alexandre Manuel Penetra Correia,Alexandre Penetra,61762,2001-09-09,92.16,33,0,9745.12,105.74,1276.94,401.91,33.18,85.18,4.48,487.09,37.67,27.43,29.62,29.25,31.33,106.09,4.0,87.12,11.3,2.36,0.64,0.84,0.73,1.41,1.67,19.61,1.88,3.03
1230,Eredivisie (NL),Maxim Dekker,M. Dekker,61835,2004-04-21,35.58,6,0,4058.33,114.05,549.33,203.67,15.5,64.5,2.83,268.17,18.33,27.17,27.86,28.22,30.2,45.5,2.5,39.83,4.33,1.5,0.88,0.97,0.0,,,8.67,2.64,
1230,Eredivisie (NL),Richonell Margaret,R. Margaret,61838,2000-09-07,50.63,22,0,6167.45,121.81,1037.64,443.59,42.86,141.82,8.36,585.41,51.23,29.17,31.22,30.58,32.87,66.14,4.59,54.23,11.77,3.27,0.67,0.69,1.32,1.21,1.21,30.05,1.8,2.73
1230,Eredivisie (NL),Stije Resink,S. Resink,61847,2003-05-28,93.91,21,1,11907.67,126.8,2395.05,688.71,55.62,148.81,8.05,837.52,63.67,27.66,29.36,30.15,32.03,117.67,4.57,97.1,12.62,2.62,0.69,0.72,0.57,1.42,1.62,49.86,1.92,2.75
1230,Eredivisie (NL),Rick Meissen,R. Meissen,61852,2002-02-24,81.99,33,0,8970.76,109.41,1101.48,374.45,34.0,116.33,5.91,490.79,39.91,28.68,31.64,30.18,33.03,92.39,4.58,77.3,10.15,3.24,0.67,0.73,1.12,1.29,1.43,18.88,1.95,2.64
1230,Eredivisie (NL),Derensili Sanches Fernandes,D. Sanches Fernandes,61853,2001-05-28,79.01,33,0,9341.88,118.24,1372.15,688.18,68.48,306.27,16.18,994.45,84.67,29.92,31.8,31.79,34.1,99.82,7.61,85.64,18.61,5.7,0.58,0.62,2.0,1.18,1.31,43.94,1.84,2.43
1230,Eredivisie (NL),Ernest Poku,E. Poku,61935,2004-01-28,78.8,1,0,8628.0,109.49,1195.0,495.0,46.0,260.0,10.0,755.0,56.0,32.0,32.0,33.0,,92.0,7.0,79.0,11.0,5.0,,,3.0,,,31.0,,
1230,Eredivisie (NL),Julian Baas,J. Baas,61943,2002-04-16,60.71,22,0,7794.5,128.4,1429.41,426.82,36.32,78.95,4.64,505.77,40.95,26.7,28.34,28.33,30.6,77.55,2.64,66.36,7.82,1.77,0.66,0.7,0.18,2.01,2.01,33.27,2.0,2.68
1230,Eredivisie (NL),Lennard  Hartjes,L. Hartjes,62074,2003-04-07,77.41,21,0,9513.14,122.89,1496.9,525.67,51.48,210.19,10.76,735.86,62.24,29.69,31.72,31.42,34.17,91.38,3.86,77.86,12.29,2.52,0.64,0.68,0.86,1.27,1.41,33.29,1.91,2.65
1230,Eredivisie (NL),Luuk Brouwers,L. Brouwers,62179,1998-05-03,68.81,29,2,8406.55,122.18,1459.48,572.1,44.45,139.17,7.17,711.28,51.62,27.87,29.86,29.59,31.27,89.62,3.62,75.0,8.76,2.41,0.65,0.73,0.62,1.31,1.64,28.31,1.84,2.62
1230,Eredivisie (NL),Boyd Lucassen,B. Lucassen,62181,1998-07-01,58.84,20,0,6641.4,112.88,1001.0,356.5,31.4,104.15,6.1,460.65,37.5,28.08,29.38,29.43,31.0,76.15,4.05,61.65,13.6,2.05,0.73,0.83,0.4,1.71,,19.65,1.98,2.79
1230,Eredivisie (NL),Julius Dirksen,J. Dirksen,62294,2003-02-02,68.52,18,0,7408.56,108.13,938.0,329.11,28.83,87.44,5.11,416.56,33.94,28.15,30.44,29.78,32.37,75.11,3.5,58.83,8.22,2.44,0.65,0.87,0.78,1.4,,19.33,2.04,2.74
1230,Eredivisie (NL),Amourricho van Axel Dongen ,A. van Axel Dongen,62297,2004-09-29,24.17,6,1,2728.17,112.89,434.83,164.83,15.0,42.17,2.67,207.0,17.67,26.95,27.66,27.82,29.4,31.67,1.67,27.0,3.0,1.17,,,0.67,,,9.83,2.67,
1230,Eredivisie (NL),Devon Koswal,D. Koswal,62300,2003-08-21,74.76,24,1,7819.21,104.59,941.92,317.58,27.58,94.38,4.5,411.96,32.08,28.43,30.76,29.75,32.07,74.25,3.5,59.08,8.71,2.0,0.68,0.86,0.75,1.21,,18.25,1.93,2.89
1230,Eredivisie (NL),Mees De Wit,M. de Wit,62315,1998-04-17,85.35,31,0,10014.48,117.33,1498.77,602.16,53.52,200.1,10.42,802.26,63.94,29.0,30.82,30.83,32.93,100.35,5.48,86.71,14.77,4.32,0.6,0.73,1.48,1.24,1.37,34.35,1.96,2.65
1230,Eredivisie (NL),Mathijs Tielemans,M. Tielemans,63199,2002-04-26,69.91,2,0,9142.5,130.78,1790.0,583.5,50.5,87.0,5.5,670.5,56.0,26.1,26.1,28.25,,87.5,4.5,72.5,10.5,3.5,,,1.5,,,31.5,,
1230,Eredivisie (NL),Casper Terho,C. Terho,63322,2003-06-24,30.49,9,0,3859.56,126.57,708.44,318.11,26.44,86.0,4.89,404.11,31.33,28.32,29.3,29.46,30.9,40.78,2.33,31.89,6.78,1.89,0.73,0.75,0.33,2.08,,25.0,2.09,2.83
1230,Eredivisie (NL),Milan Zonneveld,M. Zonneveld,63370,2003-10-08,40.23,31,0,4650.16,115.6,704.74,323.13,30.1,104.61,6.13,427.74,36.23,28.43,31.0,29.54,32.1,51.26,4.16,40.29,9.19,2.45,0.6,0.6,0.65,1.52,1.56,21.77,1.98,2.84
1230,Eredivisie (NL),Mimeirhel  Benita ,M. Benita,63440,2003-11-17,62.32,25,0,6713.56,107.72,892.92,363.6,36.36,132.84,7.2,496.44,43.56,29.07,31.34,30.37,32.6,68.96,4.68,56.16,12.6,3.0,0.68,0.7,0.92,1.45,1.47,22.4,1.92,2.68
1230,Eredivisie (NL),Hristiyan Petrov,H. Petrov,64211,2002-06-24,29.32,20,1,3312.1,112.95,495.35,201.5,19.0,85.35,4.2,286.85,23.2,29.25,32.14,29.89,32.97,38.8,2.45,32.0,5.6,1.8,0.69,0.75,0.85,1.41,1.72,11.25,1.96,2.65
1230,Eredivisie (NL),Jacob Trenskow,J. Trenskow,65096,2000-11-26,90.0,32,2,10863.0,120.7,1783.53,776.66,65.31,199.41,11.81,976.06,77.12,28.08,29.82,30.29,31.93,111.06,6.09,92.31,19.22,4.22,0.59,0.72,1.19,1.2,1.57,45.16,1.85,2.64
1230,Eredivisie (NL),Xavier Mbuyamba,X. Mbuyamba,67577,2001-12-31,52.86,16,0,5757.88,108.92,806.75,277.88,25.06,102.69,4.69,380.56,29.75,28.04,30.78,29.1,32.57,64.19,3.19,52.88,8.25,1.38,0.69,0.84,0.38,1.37,,13.25,2.19,2.82
1230,Eredivisie (NL),Lequincio Zeefuik,L. Zeefuik,67773,2004-11-26,57.42,23,0,6018.3,104.81,795.3,349.78,33.91,139.17,6.61,488.96,40.52,30.41,33.1,31.52,34.6,63.48,6.26,51.91,8.96,4.57,0.55,0.66,1.65,1.18,1.32,20.91,2.04,2.69
1230,Eredivisie (NL),Oualid Agougil,O. Agougil,69071,2005-08-07,22.97,6,0,2981.17,129.79,598.67,197.83,16.67,29.67,2.0,227.5,18.67,26.3,26.76,27.67,29.27,34.33,1.17,26.83,4.33,0.33,,,0.0,,,14.83,2.18,2.88
1230,Eredivisie (NL),Mike Kleijn,M. Kleijn,69074,2005-02-09,44.3,11,0,5412.64,122.18,933.18,391.55,36.45,134.55,6.64,526.09,43.09,29.9,31.48,31.01,33.83,55.73,3.45,47.82,8.18,2.09,0.71,0.74,0.45,1.82,1.82,28.0,1.82,2.56
1230,Eredivisie (NL),Thijmen Blokzijl,T. Blokzijl,69078,2005-02-25,97.12,32,1,10572.69,108.86,1394.84,479.66,41.53,140.56,7.06,620.22,48.59,28.34,30.48,30.26,32.53,105.41,4.41,82.91,11.66,2.88,0.69,0.71,1.22,1.47,1.6,24.62,1.81,2.64
1230,Eredivisie (NL),Jaden Slory,J. Slory,69081,2005-05-09,48.24,19,0,5641.21,116.93,946.0,466.42,48.42,219.63,11.37,686.05,59.79,30.36,32.26,31.74,33.77,67.21,8.58,51.53,17.63,7.47,0.63,0.66,2.95,1.14,1.21,29.21,1.85,2.7
1230,Eredivisie (NL),Younes Taha El Idrissi,Y. Taha,69223,2002-11-27,86.5,30,1,10470.37,121.05,1649.23,849.73,83.8,361.93,19.73,1211.67,103.53,29.72,31.04,31.4,32.7,120.6,9.0,96.63,22.03,6.67,0.62,0.68,2.3,1.32,1.36,49.47,1.85,2.53
1230,Eredivisie (NL),Walid Ould-Chikh,W. Ould-Chikh,70182,1999-11-06,66.74,24,0,7550.21,113.13,1202.42,466.12,42.83,151.29,7.42,617.42,50.25,28.66,30.8,30.36,33.0,80.17,4.67,65.29,11.29,3.79,0.66,0.74,1.25,1.34,1.55,26.92,1.84,2.61
1230,Eredivisie (NL),Wouter Goes,W. Goes,70449,2004-06-10,88.92,33,0,9969.79,112.12,1387.97,406.12,33.55,87.33,4.61,493.45,38.15,27.4,30.06,29.29,31.8,109.36,4.18,91.09,9.33,2.73,0.71,0.77,0.67,1.38,1.47,24.33,1.81,2.8
1230,Eredivisie (NL),Zidane Iqbal,Zidane Iqbal,70502,2003-04-27,53.92,5,0,6553.8,121.54,1181.6,295.0,24.4,36.0,2.4,331.0,26.8,26.44,26.44,28.28,28.97,67.0,1.8,50.6,6.4,0.4,,,0.0,,,18.8,2.11,
1230,Eredivisie (NL),Daouda Weidmann,D. Weidmann,70582,2003-05-04,34.26,15,1,4311.67,125.86,745.73,291.93,24.87,103.87,4.53,395.8,29.4,28.45,30.46,29.42,32.2,44.4,2.2,37.2,6.0,1.6,0.69,0.7,0.6,1.33,1.51,17.8,1.91,2.73
1230,Eredivisie (NL),Isak Hansen-Aaröen,I. Hansen-Aaröen,70652,2004-08-22,12.12,2,1,1701.5,140.43,320.5,129.0,11.5,19.0,1.5,148.0,13.0,27.65,27.65,28.15,,15.0,1.0,13.0,1.0,0.5,,,0.0,,,11.5,,
1230,Eredivisie (NL),Noam Emeran,N. Emeran,70695,2002-09-24,14.47,4,0,1663.5,114.92,285.25,103.75,8.25,35.25,1.25,139.0,9.5,27.82,27.82,28.55,29.4,21.25,1.75,18.0,3.25,1.25,0.81,,0.75,,,7.5,2.63,
1230,Eredivisie (NL),Leo Sauer,L. Sauer,70751,2005-12-16,74.32,19,1,8460.26,113.84,1273.37,552.21,57.79,258.42,13.32,810.63,71.11,30.46,32.54,32.06,34.43,96.37,9.05,80.68,16.16,6.11,0.62,0.64,2.63,1.13,1.13,32.84,2.04,2.6
1230,Eredivisie (NL),Tobias Lauritsen,T. Lauritsen,72053,1997-08-30,96.59,33,0,10488.18,108.58,1486.91,608.24,50.09,125.09,6.91,733.33,57.0,26.97,29.1,28.75,31.13,102.39,5.82,85.85,12.85,3.82,0.6,0.74,0.45,1.45,1.93,36.45,1.95,2.69
1230,Eredivisie (NL),Niklas Brøndsted Vesterlund Nielsen,N. Vesterlund,72068,1999-06-06,76.77,20,0,9231.7,120.25,1467.25,644.15,57.75,227.15,12.05,871.3,69.8,29.55,31.5,31.27,33.83,99.55,6.9,86.2,17.85,4.45,0.62,0.68,1.5,1.15,1.45,38.4,1.85,2.57
1230,Eredivisie (NL),Joshua Gaston Kitolano,J. Kitolano,72097,2001-08-03,87.44,32,0,10869.97,124.31,1874.59,752.94,65.88,236.91,12.81,989.84,78.69,28.97,31.12,30.86,33.27,108.12,4.59,92.19,16.69,3.47,0.7,0.78,0.94,1.38,1.65,46.19,1.87,2.6
1230,Eredivisie (NL),Oliver Valaker Edvardsen,O. Edvardsen,72148,1999-03-19,40.15,18,0,4921.56,122.58,857.78,396.72,35.94,130.61,7.5,527.33,43.44,29.06,31.0,30.4,32.23,59.22,4.89,47.33,11.11,3.67,0.61,0.66,1.44,1.24,1.31,25.83,1.88,2.58
1230,Eredivisie (NL),Makan Aïko,M. Aïko,72479,2001-01-07,39.72,13,0,4382.08,110.32,617.0,313.38,31.85,139.38,7.69,452.77,39.54,30.42,31.56,31.58,33.37,47.08,5.38,35.38,9.62,4.0,0.65,0.69,1.62,1.17,1.41,26.08,1.91,2.74
1230,Eredivisie (NL),Jochem Ritmeester van de Kamp,J. Ritmeester van de Kamp,73016,2003-11-02,77.9,28,0,9717.86,124.75,1732.36,798.07,70.18,283.5,15.07,1081.57,85.25,29.26,31.1,31.12,32.83,103.61,6.0,86.96,18.36,4.32,0.64,0.67,1.43,1.19,1.33,41.0,1.82,2.64
1230,Eredivisie (NL),Raul Paula,R. Paula,76746,2004-01-25,38.94,21,0,4970.81,127.66,929.86,377.05,31.48,99.0,5.38,476.05,36.86,27.76,29.16,29.09,30.77,50.71,2.76,41.57,5.86,1.81,0.69,0.7,0.76,1.45,1.6,25.48,1.87,2.83
1230,Eredivisie (NL),Gonçalo Oscar Albuquerque Borges,Gonçalo Borges,83071,2001-03-29,40.08,10,1,4675.3,116.66,674.3,303.0,29.2,137.5,6.5,440.5,35.7,30.83,32.4,31.95,33.57,50.0,4.5,38.2,10.7,3.4,0.68,0.7,1.1,1.29,,18.7,1.87,2.88
1230,Eredivisie (NL),Noah Naujoks,N. Naujoks,84583,2002-05-02,79.35,31,0,10393.19,130.97,1680.13,673.03,61.97,253.19,13.35,926.23,75.32,29.53,31.54,31.32,33.33,90.16,4.58,77.84,10.71,3.19,0.62,0.73,1.13,1.31,1.48,37.58,1.75,2.57
1230,Eredivisie (NL),Mexx Meerdink,M. Meerdink,85489,2003-07-24,50.54,19,0,5784.37,114.46,841.42,417.53,38.79,144.95,7.74,562.47,46.53,28.06,29.84,29.42,31.53,58.63,5.0,50.89,7.05,3.79,0.65,0.72,1.11,1.32,1.33,21.26,1.8,3.08
1230,Eredivisie (NL),Luciano Valente,L. Valente,86081,2003-10-04,85.38,32,0,10598.0,124.13,1860.12,615.31,51.72,155.75,7.75,771.06,59.47,28.49,31.4,30.62,33.1,100.78,3.62,82.62,10.25,2.09,0.67,0.74,0.66,1.3,1.48,42.56,1.86,2.63
1230,Eredivisie (NL),Yvandro Borges Sanches,Y. Borges Sanches,91246,2004-05-24,50.73,11,0,5457.73,107.58,843.36,356.0,35.18,129.73,7.73,485.73,42.91,29.42,31.08,30.74,32.77,65.45,6.55,53.73,14.45,4.55,0.65,0.67,1.55,1.21,1.36,25.55,1.85,2.74
1230,Eredivisie (NL),Brayann Pereira,B. Pereira,92778,2003-05-21,56.51,23,1,6382.48,112.94,1005.48,453.52,42.7,217.91,10.91,671.43,53.61,29.96,32.48,31.1,33.43,70.0,6.65,53.65,14.0,5.43,0.6,0.61,2.3,1.11,1.17,22.04,1.89,2.66
1230,Eredivisie (NL),Paul Wanner,P. Wanner,99675,2005-12-23,78.91,22,0,10243.41,129.81,1750.36,633.36,53.18,152.64,8.55,786.0,61.73,28.05,30.22,29.99,32.37,96.77,3.41,81.14,10.86,2.23,0.61,0.61,0.64,1.32,,31.41,1.93,2.6
1230,Eredivisie (NL),Olivier Aertssen,O. Aertssen,101006,2004-08-07,70.97,27,1,7667.78,108.04,982.19,406.56,40.59,161.63,8.41,568.19,49.0,29.15,31.14,30.47,32.77,86.81,5.37,70.78,15.81,3.93,0.7,0.71,1.33,1.34,1.37,22.74,1.97,2.57
1230,Eredivisie (NL),Nils Rossen,N. Rossen,102798,2004-08-01,89.64,27,1,11315.0,126.22,2231.96,728.7,56.93,119.96,6.59,848.67,63.52,27.06,28.8,29.29,31.03,110.11,3.93,95.11,12.93,2.07,0.73,0.85,0.11,,,41.7,1.8,2.58
1230,Eredivisie (NL),Lewis Schouten,L. Schouten,104332,2004-02-04,61.56,24,0,7189.62,116.79,1084.21,299.62,27.17,69.5,3.75,369.12,30.92,27.43,29.32,28.87,30.9,67.96,3.04,55.38,7.79,1.83,0.75,0.8,0.33,1.56,,14.92,1.9,2.83
1230,Eredivisie (NL),Deveron Fonville,D. Fonville,113243,2003-05-16,58.06,29,0,6557.24,112.94,952.97,410.69,41.03,189.1,10.34,599.79,51.38,29.67,32.92,30.9,34.5,68.59,4.76,54.48,9.66,3.52,0.59,0.59,1.62,1.14,1.18,22.28,1.79,2.59
1230,Eredivisie (NL),Amine Salama,A. Salama,113718,2000-07-18,44.28,8,0,5304.25,119.8,759.75,357.38,39.88,191.75,10.5,549.12,50.38,30.86,32.4,31.81,33.93,54.62,5.62,45.5,8.5,4.25,0.69,0.77,2.38,1.32,1.65,21.25,2.13,2.89
1230,Eredivisie (NL),Matěj Šín,M. Šín,113724,2004-06-02,34.66,18,0,4601.44,132.77,945.44,340.0,28.0,72.5,4.06,412.5,32.06,28.16,30.74,29.52,31.5,48.56,2.0,39.39,6.72,1.22,0.73,0.74,0.22,,,23.94,1.95,2.64
1230,Eredivisie (NL),Gyan de Regt,G. de Regt,115593,2003-09-18,84.0,34,0,10208.82,121.53,1484.41,668.62,67.74,275.12,15.74,943.74,83.47,30.43,32.32,32.16,34.4,102.15,8.44,81.97,18.82,7.03,0.58,0.59,2.35,1.21,1.26,46.56,1.71,2.42
1230,Eredivisie (NL),Václav Sejk,V. Sejk,116942,2002-05-18,35.0,17,0,3989.76,113.99,636.71,298.35,31.59,130.41,7.35,428.76,38.94,30.09,31.9,30.98,32.87,45.18,4.53,36.0,8.35,3.18,0.75,0.79,1.06,1.3,1.5,23.65,1.99,2.83
1230,Eredivisie (NL),Yarek Gasiorowski Hernandis,Yarek Gasiorowski,120545,2005-01-12,82.44,28,0,8729.39,105.89,1138.96,398.29,37.64,128.79,6.71,527.07,44.36,29.46,32.18,31.03,33.47,95.36,4.75,76.96,12.93,3.07,0.62,0.66,1.18,1.19,1.43,20.86,1.94,2.73
1230,Eredivisie (NL),Tristan Gooijer ,T. Gooijer,124345,2004-09-02,65.07,22,1,7427.64,114.14,1100.09,451.27,40.27,158.36,7.5,609.64,47.77,29.4,31.02,30.9,33.03,84.23,4.73,69.05,14.14,3.36,0.67,0.71,0.95,1.47,1.74,27.45,2.09,2.89
1230,Eredivisie (NL),Aurelio  Oehlers,A. Oehlers,128541,2004-02-05,50.79,33,0,5595.18,110.17,751.36,351.82,36.64,186.55,8.42,538.36,45.06,30.83,33.26,31.76,34.27,59.42,4.45,51.24,11.06,3.52,0.6,0.63,1.7,1.14,1.2,23.36,1.87,2.8
1230,Eredivisie (NL),Rafik El Arguioui,R. El Arguioui,128542,2005-07-31,16.77,2,0,2228.0,132.88,501.0,163.0,13.0,24.5,2.0,187.5,15.0,25.9,25.9,27.05,,23.0,1.0,20.5,2.0,0.5,,,0.0,,,9.0,,
1230,Eredivisie (NL),Başar Önal,B. Önal,132223,2004-07-06,76.67,28,1,8833.25,115.22,1266.86,578.11,56.64,309.57,14.54,887.68,71.18,31.0,32.44,32.52,34.03,92.82,6.5,73.54,15.86,5.04,0.6,0.74,2.07,1.17,1.42,29.46,1.99,2.77
1230,Eredivisie (NL),Anton Gaaei,A. Gaaei,139821,2002-11-19,76.03,28,0,9094.82,119.63,1361.93,652.14,66.39,334.25,17.04,986.39,83.43,30.97,32.72,32.47,34.17,100.5,6.64,80.5,21.68,5.46,0.66,0.67,2.61,1.25,1.36,34.04,1.81,2.56
1230,Eredivisie (NL),Milan Smit,M. Smit,140944,2003-02-13,78.04,19,0,9598.58,123.0,1504.79,657.0,59.63,230.53,12.0,887.53,71.63,29.26,30.68,31.09,32.8,91.32,5.53,75.89,10.37,3.95,0.74,0.82,1.26,1.52,1.63,41.26,1.79,2.77
1230,Eredivisie (NL),Brahim Ghalidi,B. Ghalidi,145084,2005-01-31,33.46,9,1,4038.0,120.69,690.33,288.0,25.67,66.0,4.0,354.0,29.67,27.4,28.44,28.7,29.93,45.11,3.11,36.89,7.0,2.0,0.71,0.74,0.56,1.57,1.96,19.11,2.2,2.73
1230,Eredivisie (NL),Sem Scheperman,S. Scheperman,151545,2002-06-24,76.08,16,0,8955.38,117.72,1524.12,554.56,47.94,132.69,7.81,687.25,55.75,27.4,28.72,29.06,30.9,99.75,4.38,80.94,17.19,2.69,0.72,0.8,0.5,1.43,,33.94,1.93,2.65
1230,Eredivisie (NL),Nikolai Søyset Hopland,N. Hopland,152161,2004-07-24,35.86,18,0,3919.39,109.3,525.67,180.67,16.56,54.56,2.83,235.22,19.39,26.79,30.22,27.62,31.4,41.89,2.0,31.89,3.78,1.17,0.65,0.69,0.5,1.41,,8.56,2.4,3.1
1230,Eredivisie (NL),Miliano Jonathans,M. Jonathans,153322,2004-04-05,35.39,16,0,4183.94,118.21,694.06,274.0,26.69,104.19,5.56,378.19,32.25,29.26,31.14,30.06,31.93,48.19,3.81,38.69,7.75,2.94,0.6,0.65,1.25,1.28,1.37,19.25,2.09,2.7
1230,Eredivisie (NL),Justin Hubner,J. Hubner,153388,2003-09-14,66.71,25,0,7164.96,107.4,940.36,345.44,32.8,127.04,6.68,472.48,39.48,28.62,30.74,29.9,31.97,77.56,4.76,61.56,11.76,3.04,0.68,0.76,0.6,1.35,1.44,21.52,1.87,2.81
1230,Eredivisie (NL),Ruben van Bommel,R. van Bommel,154026,2004-08-03,65.94,6,0,7204.5,109.26,1057.33,493.0,48.83,226.0,9.83,719.0,58.67,31.9,32.18,33.28,34.57,81.17,9.17,66.0,15.83,7.67,0.59,0.64,2.33,1.08,1.35,33.83,2.04,3.12
1230,Eredivisie (NL),Tristan van Gilst,T. van Gilst,157427,2003-02-18,49.47,28,0,6024.64,121.79,975.96,438.96,42.61,174.93,9.61,613.89,52.21,29.83,32.4,31.08,33.87,64.25,4.39,52.54,10.79,3.43,0.61,0.61,1.5,1.23,1.25,28.68,1.77,2.51
1230,Eredivisie (NL),Billy van Duijl,B. van Duijl,159478,2005-10-04,90.45,7,0,10051.43,111.12,1401.86,512.14,46.57,153.71,7.57,665.86,54.14,28.83,29.56,30.5,31.4,106.71,5.71,84.57,14.57,4.71,0.73,0.83,0.86,1.37,,26.0,2.28,2.67
1230,Eredivisie (NL),Jordan Bos,J. Bos,159947,2002-10-29,79.27,27,1,9283.89,117.12,1449.7,671.33,65.41,295.7,15.15,967.04,80.56,30.65,32.48,32.5,34.0,103.78,7.7,81.67,20.85,6.0,0.57,0.58,2.59,1.1,1.1,38.59,1.82,2.45
1230,Eredivisie (NL),Damian van der Haar,D. van der Haar,160749,2004-01-16,10.73,3,0,1138.0,106.02,168.67,45.67,4.0,7.67,0.0,53.33,4.0,23.33,23.33,24.17,24.17,12.67,1.0,10.67,1.33,0.33,,,0.0,,,6.0,2.53,
1230,Eredivisie (NL),Adrian Blake,A. Blake,161117,2005-07-15,45.11,25,0,5363.72,118.9,855.28,318.12,31.32,112.4,5.8,430.52,37.12,29.23,31.22,30.64,33.57,58.2,4.36,46.6,9.16,3.4,0.64,0.69,1.16,1.2,1.42,23.36,1.96,2.78
1230,Eredivisie (NL),Noé Lebreton,N. Lebreton,161790,2004-04-22,72.23,22,0,8846.86,122.47,1461.23,599.86,55.05,181.64,10.59,781.5,65.64,28.1,29.8,29.91,31.87,88.18,5.32,72.77,13.77,3.95,0.66,0.69,1.0,1.48,1.48,38.77,1.87,2.65
1230,Eredivisie (NL),Nolan Martens,N. Martens,167045,2004-07-07,56.15,9,0,6945.78,123.69,1006.22,437.56,39.44,175.89,8.89,613.44,48.33,30.33,31.58,31.76,33.6,66.89,3.78,54.56,9.89,2.22,0.8,0.83,1.22,1.36,1.44,26.67,1.97,2.7
1230,Eredivisie (NL),Joel Ideho,J. Ideho,167699,2003-07-17,50.04,25,0,5557.04,111.04,840.72,383.48,38.0,149.24,7.72,532.72,45.72,29.28,30.98,30.41,32.3,63.12,5.24,51.64,12.76,3.88,0.62,0.63,1.36,1.33,1.47,23.4,1.89,2.71
1230,Eredivisie (NL),Weslley  Pinto Batista,Weslley Patati,171394,2003-10-01,57.08,27,0,7346.26,128.71,1341.56,532.11,45.93,140.19,7.93,672.3,53.85,28.34,30.9,29.95,32.87,77.04,4.96,63.04,10.3,3.67,0.68,0.69,1.07,1.31,1.35,39.93,1.86,2.56
1230,Eredivisie (NL),Sayfallah Ltaief,S. Ltaief,174321,2000-04-22,72.51,7,1,8691.29,119.86,1241.57,661.57,69.71,340.86,17.43,1002.43,87.14,31.19,31.7,32.59,33.5,98.0,8.86,78.57,18.29,8.14,0.66,0.73,3.14,1.16,1.33,37.29,2.02,2.82
1230,Eredivisie (NL),Stefan Mitrović,S. Mitrović,178839,2002-08-15,34.38,9,0,4283.89,124.6,722.56,329.56,30.11,90.33,4.89,419.89,35.0,28.86,30.38,30.34,31.9,43.67,2.67,35.89,7.44,1.33,0.73,,0.44,1.34,,17.89,2.1,2.83
1230,Eredivisie (NL),Oscar Gloukh,O. Gloukh,179101,2004-04-01,57.77,28,0,6842.39,118.44,1135.96,440.07,38.54,107.04,5.75,547.11,44.29,28.32,30.3,29.92,31.8,77.93,3.93,64.36,10.32,2.71,0.68,0.7,0.64,1.43,1.54,32.64,1.86,2.62
1230,Eredivisie (NL),Remi van Ekeris,R. van Ekeris,179529,2002-09-23,8.8,1,0,1095.0,124.43,169.0,69.0,7.0,25.0,1.0,94.0,8.0,26.5,26.5,27.0,,12.0,1.0,7.0,2.0,1.0,,,1.0,,,6.0,,
1230,Eredivisie (NL),Sami Ouaissa,S. Ouaissa,179537,2004-10-02,90.27,32,0,10223.59,113.26,1677.94,789.31,69.78,294.06,15.28,1083.38,85.06,29.87,31.86,31.48,33.43,109.03,8.78,90.09,17.66,7.22,0.56,0.57,2.34,1.14,1.15,48.72,1.8,2.55
1230,Eredivisie (NL),Dion Versluis,D. Versluis,179545,2003-02-17,8.54,6,0,1143.0,133.9,198.5,101.17,8.0,50.5,1.67,151.67,9.67,29.05,29.92,29.53,31.63,11.83,0.5,8.67,1.67,0.17,,,0.17,,,5.67,2.19,
1230,Eredivisie (NL),Aske Emil Berg Adelgaard,A. Adelgaard,179984,2003-11-10,62.03,27,0,7458.7,120.25,1135.89,510.74,43.78,158.44,8.0,669.19,51.78,28.56,31.0,30.28,33.27,76.41,4.33,66.22,10.04,3.0,0.66,0.67,0.96,1.45,1.49,25.89,1.89,2.75
1230,Eredivisie (NL),Ryan Flamingo,R. Flamingo,180027,2002-12-31,55.93,33,0,6287.52,112.42,909.21,310.3,26.21,67.55,3.76,377.85,29.97,27.38,30.02,28.7,31.6,67.21,3.03,51.73,7.06,1.97,0.76,0.79,0.42,1.48,,15.12,2.03,2.84
1230,Eredivisie (NL),Dylan Mertens,D. Mertens,180755,1995-07-20,30.16,19,1,3712.11,123.07,658.0,301.84,26.32,104.21,5.32,406.05,31.63,28.86,31.12,29.77,32.4,38.21,1.68,33.74,5.63,0.79,0.8,0.92,0.26,1.68,,15.89,2.05,2.69
1230,Eredivisie (NL),Donfack Ryan Gloire Fosso Ymefack,R. Fosso,180850,2002-06-17,97.1,17,0,10456.59,107.69,1443.88,466.53,44.35,135.18,7.94,601.71,52.29,28.04,29.74,29.98,31.63,106.94,5.35,89.0,16.65,3.47,0.61,0.61,1.35,1.21,1.23,32.94,1.82,2.74
1230,Eredivisie (NL),Ro-Zangelo Daal,R. Daal,183183,2004-10-02,59.07,24,0,6874.88,116.38,1094.42,466.12,42.21,139.21,7.5,605.33,49.71,28.55,30.56,30.06,32.23,70.08,5.62,58.25,13.96,4.0,0.59,0.59,1.17,1.2,1.26,35.83,1.83,2.56
1230,Eredivisie (NL),Esmir Bajraktarević,E. Bajraktarević,183892,2005-03-10,42.04,28,0,5176.18,123.12,792.18,382.71,36.86,175.57,8.36,558.29,45.21,29.6,31.34,30.56,32.67,55.36,4.39,45.46,10.18,3.46,0.57,0.57,1.36,1.27,1.27,25.25,1.93,2.75
1230,Eredivisie (NL),Anselmo García MacNulty,A. García MacNulty,186808,2003-02-19,96.01,31,1,10505.52,109.42,1441.97,472.52,42.06,145.55,7.29,618.06,49.35,28.65,30.54,30.49,32.77,112.65,5.65,90.77,13.58,3.61,0.62,0.65,1.06,1.41,1.56,27.13,1.84,2.81
1230,Eredivisie (NL),Patrick Brouwer,P. Brouwer,188375,2001-03-19,81.24,30,0,10172.37,125.21,1739.37,822.43,73.0,300.13,15.27,1122.57,88.27,29.4,30.96,31.14,32.67,99.73,5.4,81.5,18.53,4.1,0.67,0.69,1.17,1.36,1.53,41.3,1.84,2.52
1230,Eredivisie (NL),Maas Willemsen,M. Willemsen,192477,2003-04-29,92.39,29,2,10257.28,111.02,1510.72,479.69,41.72,120.45,6.62,600.14,48.34,28.47,30.8,30.28,32.0,110.07,5.17,89.9,10.66,2.97,0.6,0.65,0.52,1.48,,25.24,1.9,2.79
1230,Eredivisie (NL),Dave Kwakman,D. Kwakman,227946,2004-08-07,57.36,16,0,6663.38,116.16,1101.44,331.12,27.56,60.19,3.19,391.31,30.75,27.54,30.04,29.07,32.9,69.31,2.88,59.56,7.94,1.81,0.68,0.79,0.19,2.09,,19.81,2.12,2.96
1230,Eredivisie (NL),David Voute,D. Voute,243272,2005-11-04,33.93,3,0,4016.0,118.35,576.67,217.0,20.33,74.33,4.33,291.33,24.67,27.9,27.9,29.23,29.23,40.67,2.0,28.33,6.33,1.0,,,0.33,,,14.67,2.26,
1230,Eredivisie (NL),Seiya Maikuma,S. Maikuma,254419,1997-10-16,24.34,7,0,2860.71,117.55,433.43,197.43,17.71,70.0,3.71,267.43,21.43,29.0,29.5,29.6,30.5,31.71,2.29,26.86,5.29,1.0,0.77,0.85,0.14,,,10.86,1.96,2.78
1230,Eredivisie (NL),Teo Quintero León,T. Quintero,285219,1999-03-02,86.06,30,0,9601.17,111.56,1387.1,541.0,52.3,213.43,10.57,754.43,62.87,29.5,31.94,30.96,33.43,110.1,6.53,89.73,15.53,4.43,0.64,0.67,1.47,1.24,1.33,32.27,1.89,2.63
1230,Eredivisie (NL),Zach Booth,Z. Booth,301646,2004-02-17,38.02,3,0,4828.0,126.98,907.67,298.67,31.33,97.0,5.67,395.67,37.0,30.1,30.1,31.17,31.17,42.33,3.0,37.0,7.33,2.0,0.87,0.87,0.33,,,21.67,2.48,
1230,Eredivisie (NL),Thom van Bergen,T. van Bergen,308174,2004-01-06,92.65,32,1,10809.12,116.67,1593.56,758.12,76.19,287.72,16.94,1045.84,93.12,29.22,30.72,31.12,32.57,111.34,7.84,91.78,15.81,5.94,0.65,0.68,1.66,1.31,1.31,52.31,1.77,2.5
1230,Eredivisie (NL),Kees  Smit,K. Smit,374695,2006-01-20,87.84,26,0,10934.15,124.47,1928.58,659.38,57.77,147.77,8.23,807.15,66.0,27.73,29.12,29.7,31.1,113.42,3.31,99.88,11.85,2.12,0.65,0.65,0.42,1.47,1.75,44.15,1.83,2.78
1230,Eredivisie (NL),Deron Payne,D. Payne,397543,2002-09-25,66.48,15,0,7209.8,108.46,997.2,472.93,40.8,154.93,7.93,627.87,48.73,29.66,31.24,30.91,33.07,85.47,7.07,73.13,15.4,5.07,0.6,0.64,1.07,1.35,1.4,24.2,2.07,2.63
1230,Eredivisie (NL),Jorg Schreuders,J. Schreuders,397544,2004-09-09,91.36,32,1,10917.28,119.5,1698.25,779.12,72.06,282.91,14.56,1062.03,86.62,29.59,31.46,31.54,33.43,105.97,5.59,85.44,17.34,4.41,0.63,0.65,1.81,1.21,1.27,49.47,1.74,2.5
1230,Eredivisie (NL),Givairo Read,G. Read,426445,2006-06-02,61.37,15,1,6995.6,113.99,1086.73,487.53,43.33,176.93,9.67,664.47,53.0,29.55,31.52,30.98,33.07,78.07,5.67,63.13,13.0,4.27,0.64,0.73,1.73,1.32,1.45,28.2,2.0,2.7
1230,Eredivisie (NL),Robbin Weijenberg,R. Weijenberg,426447,2004-11-08,28.3,2,0,3908.0,138.09,835.0,242.5,22.0,77.5,4.5,320.0,26.5,29.15,29.15,30.35,,34.0,2.0,29.5,5.0,1.5,,,1.0,,,15.5,,
1230,Eredivisie (NL),Alwande Benedict Roaldsøy,A. Roaldsøy,441611,2004-06-09,18.08,4,0,2277.25,125.93,424.25,142.25,13.5,33.25,2.0,175.5,15.5,27.0,27.0,27.7,28.8,23.25,0.75,16.0,3.75,0.5,,,0.25,,,13.25,2.34,3.24
1230,Eredivisie (NL),Oliver Johansen Braude,O. Braude,441613,2004-02-21,96.15,31,2,11346.29,118.01,1684.71,725.35,67.77,271.61,13.77,996.97,81.55,29.68,31.16,31.36,33.07,116.16,7.35,93.58,19.1,5.26,0.59,0.61,2.19,1.16,1.22,42.48,1.74,2.46
1230,Eredivisie (NL),Tygo Land,T. Land,473474,2006-01-11,60.82,27,1,7882.22,129.59,1514.56,392.19,30.89,63.44,3.11,455.63,34.0,26.03,27.86,27.8,30.23,76.22,2.33,67.33,5.96,1.41,0.72,0.79,0.37,1.55,,30.26,1.92,2.67
1230,Eredivisie (NL),Antonio Satriano,A. Satriano,501354,2003-10-30,10.68,1,0,1420.0,132.92,291.0,204.0,18.0,76.0,4.0,280.0,22.0,27.7,27.7,28.2,,15.0,1.0,9.0,4.0,1.0,,,1.0,,,10.0,,
1230,Eredivisie (NL),Kiano Dyer,K. Dyer,514682,2006-11-21,13.59,3,0,1609.0,118.36,309.0,92.33,8.0,24.33,0.67,116.67,8.67,28.07,28.07,28.43,28.43,20.67,1.67,14.67,2.33,1.33,0.77,,0.0,,,7.0,2.87,
1230,Eredivisie (NL),Mika Godts,M. Godts,514747,2005-06-07,90.41,33,0,9808.27,108.49,1319.67,582.3,59.61,267.67,13.21,849.97,72.82,30.2,31.94,31.88,33.53,101.36,7.55,87.55,13.61,5.91,0.61,0.62,2.18,1.16,1.16,44.55,1.82,2.67
1230,Eredivisie (NL),Stav Lemkin,S. Lemkin,517156,2003-04-02,87.96,25,0,9763.96,111.01,1282.24,405.96,36.88,124.92,6.44,530.88,43.32,29.41,31.66,31.29,32.9,98.44,4.16,77.76,11.64,3.08,0.7,0.79,1.12,1.27,,22.56,2.0,2.64
1230,Eredivisie (NL),Irakli Yegoian,I. Yegoian,528011,2004-03-19,92.76,31,0,12029.45,129.68,2227.71,838.65,68.65,218.48,12.06,1057.13,80.71,28.12,30.3,30.1,32.27,109.16,3.84,94.39,12.48,3.16,0.66,0.71,0.77,1.45,1.64,52.55,1.81,2.61
1230,Eredivisie (NL),Moussa Soumano,M. Soumano,528013,2005-07-09,53.08,15,1,5556.87,104.69,672.07,262.73,28.47,85.27,5.07,348.0,33.53,28.87,31.18,30.21,32.57,60.13,4.2,49.53,8.13,2.73,0.65,0.72,0.8,1.39,1.46,19.33,2.19,2.95
1230,Eredivisie (NL),Tyrese Noslin,T. Noslin,548756,2002-09-11,72.51,34,0,8655.53,119.37,1367.24,622.85,56.74,246.71,12.59,869.56,69.32,29.48,30.72,31.04,32.67,88.18,5.44,72.68,15.82,4.21,0.66,0.68,1.32,1.32,1.37,33.29,1.87,2.49
1230,Eredivisie (NL),Rhys Bozinovski,R. Bozinovski,560917,2004-07-03,54.92,8,0,6947.75,126.5,1327.25,475.88,43.75,135.75,7.75,611.62,51.5,28.79,29.7,30.44,32.03,75.38,5.88,60.88,13.62,4.5,0.64,0.66,1.0,1.29,,33.5,2.17,2.52
1230,Eredivisie (NL),Mats Rots,M. Rots,569939,2006-03-11,93.08,34,0,10919.59,117.31,1663.21,762.26,69.94,307.65,15.71,1069.91,85.65,29.48,31.22,31.21,33.23,113.53,7.35,92.85,20.24,5.56,0.63,0.7,1.47,1.35,1.44,38.97,1.71,2.63
1230,Eredivisie (NL),Nökkvi Thórisson,N. Thórisson,584968,1999-08-13,32.99,15,1,4220.27,127.94,684.13,335.8,31.67,141.87,7.07,477.67,38.73,29.15,30.46,30.1,31.8,43.4,3.13,34.93,6.13,2.4,0.75,0.75,0.67,1.57,1.66,17.27,2.15,2.79
1230,Eredivisie (NL),Alonzo Engwanda Ongena,A. Engwanda,584975,2003-01-27,91.06,35,0,11184.46,122.83,1861.71,618.2,54.6,167.29,8.69,785.49,63.29,28.21,30.52,30.57,32.73,114.86,4.8,98.86,15.14,3.17,0.67,0.69,1.03,1.29,1.35,54.09,1.76,2.56
1230,Eredivisie (NL),Koki Ogawa,K. Ogawa,606611,1997-08-08,53.2,26,0,5871.96,110.37,856.65,380.04,31.88,76.42,4.69,456.46,36.58,26.98,28.84,28.24,30.2,63.77,5.77,52.62,10.96,3.81,0.67,0.67,0.35,1.74,2.3,23.54,2.02,2.61
1230,Eredivisie (NL),Shunsuke Mito,S. Mito,606982,2002-09-28,79.33,25,0,9664.2,121.82,1540.6,707.12,69.44,301.12,15.8,1008.24,85.24,30.56,32.28,32.09,34.13,93.64,9.16,83.16,14.68,7.16,0.59,0.59,2.84,1.1,1.1,47.6,1.82,2.75
1230,Eredivisie (NL),Malcolm Jeng,M. Jeng,619202,2005-03-09,52.83,1,0,5860.0,110.91,894.0,379.0,34.0,111.0,4.0,490.0,38.0,28.8,28.8,30.0,,56.0,3.0,45.0,8.0,0.0,,,0.0,,,13.0,,
1230,Eredivisie (NL),Eus Waayers,E. Waayers,619479,2006-04-08,19.58,4,0,2424.0,123.78,364.0,168.25,17.5,114.5,4.5,282.75,22.0,29.93,29.93,30.48,30.83,24.75,1.75,22.0,3.5,1.0,,,0.5,,,8.75,2.39,
1230,Eredivisie (NL),Travis Hernes,T. Hernes,636653,2005-11-04,35.22,11,0,4571.36,129.8,848.82,349.73,32.27,113.91,6.18,463.64,38.45,28.02,30.28,29.42,32.13,47.18,2.55,37.82,7.82,1.73,0.72,0.72,0.64,1.37,,28.45,1.95,2.76
1230,Eredivisie (NL),Emirhan Demircan ,E. Demircan,637185,2005-01-20,21.98,6,0,2399.83,109.18,382.17,146.83,14.67,45.67,2.83,192.5,17.5,27.23,27.84,28.2,29.93,28.67,2.5,21.17,5.33,1.67,0.81,0.88,0.5,1.95,,11.5,,3.02
1230,Eredivisie (NL),Elijah Dijkstra,E. Dijkstra,638871,2006-08-05,68.31,20,0,8186.8,119.85,1234.85,575.15,56.4,287.9,13.9,863.05,70.3,31.15,32.64,32.55,34.17,91.85,7.3,73.65,17.45,5.8,0.58,0.58,2.5,1.15,1.24,32.75,1.87,2.47
1230,Eredivisie (NL),Guilherme Martinho Peixoto ,Guilherme Peixoto,657185,2006-05-25,17.27,1,0,1763.0,102.1,275.0,95.0,9.0,9.0,1.0,104.0,10.0,24.0,24.0,25.2,,25.0,3.0,20.0,4.0,3.0,,,0.0,,,11.0,,
1230,Eredivisie (NL),Shaqueel van Persie,S. van Persie,657191,2006-11-16,24.47,2,1,2704.5,110.54,415.5,176.0,15.5,24.5,1.5,200.5,17.0,26.65,26.65,27.6,,23.5,2.0,20.0,5.0,0.0,,,0.0,,,8.5,,
1230,Eredivisie (NL),Dies Janse,D. Janse,657193,2006-01-17,95.2,29,1,10300.83,108.2,1290.55,415.55,36.62,129.69,6.31,545.24,42.93,28.63,30.5,30.31,32.57,103.93,4.34,82.0,10.69,2.79,0.67,0.69,0.62,1.4,1.5,24.55,1.89,2.81
1230,Eredivisie (NL),Precious Ugwu,P. Ugwu,669486,2006-02-08,81.41,29,0,9430.72,115.84,1325.17,533.9,51.24,197.45,10.62,731.34,61.86,29.27,31.08,30.83,33.1,97.66,6.0,84.38,12.07,4.59,0.61,0.66,1.83,1.18,1.19,33.69,1.78,2.67
1230,Eredivisie (NL),Kodai  Sano,K. Sano,698117,2003-09-25,99.58,34,0,11815.35,118.65,2031.32,748.41,63.03,198.0,11.06,946.41,74.09,28.37,29.98,30.36,32.53,112.38,5.09,93.53,15.68,3.71,0.56,0.59,1.0,1.26,1.41,55.82,1.79,2.42
1230,Eredivisie (NL),Luka  Kulenović,L. Kulenović,715108,1999-09-29,61.67,29,0,6671.79,108.19,908.69,371.07,36.14,122.31,6.14,493.38,42.28,28.89,31.12,30.07,32.7,69.34,5.86,57.0,13.1,4.48,0.66,0.71,1.14,1.3,1.38,22.31,1.68,2.52
1230,Eredivisie (NL),Stefan Ingi Sigurdarson,S. Sigurdarson,715869,2001-01-27,51.81,13,1,6098.69,117.72,935.15,415.92,35.77,101.38,5.77,517.31,41.54,27.88,29.36,29.22,31.17,66.69,4.46,56.23,9.62,3.15,0.79,1.07,0.62,2.12,,18.85,2.06,2.78
1230,Eredivisie (NL),Espen van Ee,E. van Ee,731279,2003-07-05,66.88,1,0,8412.0,125.77,1849.0,746.0,63.0,145.0,10.0,891.0,73.0,28.1,28.1,29.7,,101.0,6.0,86.0,18.0,2.0,,,1.0,,,40.0,,
1230,Eredivisie (NL),James McConnell,J. McConnell,732007,2004-09-13,30.07,4,0,3855.25,128.21,648.0,165.25,14.75,46.0,2.5,211.25,17.25,28.18,28.18,29.05,29.63,41.0,1.5,35.0,3.75,0.75,0.81,,0.25,,,14.75,2.39,2.96
1230,Eredivisie (NL),Mats Egbring,M. Egbring,737090,2006-09-17,29.29,7,1,3456.43,118.01,488.29,275.14,27.57,134.43,7.0,409.57,34.57,30.07,30.88,30.64,31.7,37.86,2.86,31.14,7.29,2.29,0.71,0.75,1.29,1.32,1.53,12.71,2.25,2.89
1230,Eredivisie (NL),Gjivai Zechiël,G. Zechiël,737898,2004-06-01,88.2,36,0,10535.22,119.44,1728.56,682.5,60.08,248.97,11.53,931.47,71.61,29.22,31.8,31.07,33.5,108.5,4.83,91.06,14.44,3.17,0.61,0.64,0.89,1.26,1.31,44.81,1.78,2.57
1230,Eredivisie (NL),Nick Fichtinger,N. Fichtinger,738212,2004-04-06,45.73,18,2,5550.83,121.38,962.94,305.94,26.11,74.94,3.67,380.89,29.78,27.34,29.72,28.57,31.47,58.11,2.17,49.67,6.89,0.94,0.76,0.83,0.17,,,24.39,2.09,2.72
1230,Eredivisie (NL),Nordin Bukala,N. Bukala,740321,2005-09-18,74.78,25,0,9319.56,124.62,1439.48,527.96,49.56,143.68,8.28,671.64,57.84,28.18,30.36,30.23,32.67,93.4,4.76,78.52,15.12,3.24,0.62,0.63,1.08,1.28,1.43,46.48,1.87,2.58
1230,Eredivisie (NL),Gerald Alders,G. Alders,744590,2005-05-07,59.27,10,0,6938.7,117.06,1019.2,448.7,38.8,155.4,7.5,604.1,46.3,29.21,30.58,30.5,31.9,76.9,4.4,64.8,11.4,3.0,0.71,0.72,1.2,1.41,2.03,26.6,2.04,2.77
1230,Eredivisie (NL),Jordy Bawuah,J. Bawuah,758674,2006-11-17,11.6,1,0,1438.0,123.97,298.0,104.0,10.0,55.0,2.0,159.0,12.0,31.0,31.0,31.2,,18.0,1.0,12.0,2.0,1.0,,,1.0,,,11.0,,
1230,Eredivisie (NL),Tika de Jonge,T. de Jonge,758676,2003-03-11,79.89,26,1,10036.54,125.62,1849.0,579.42,46.42,129.19,6.35,708.62,52.77,27.39,29.24,29.28,31.33,96.38,3.58,78.58,10.42,2.19,0.65,0.65,0.42,1.51,1.71,34.46,1.92,2.72
1230,Eredivisie (NL),Wouter Prins,W. Prins,758677,2004-02-06,28.62,20,1,3376.55,117.96,532.5,217.65,20.3,74.15,4.2,291.8,24.5,29.0,31.22,29.8,32.27,37.4,2.2,29.35,6.6,1.15,0.77,0.84,0.2,1.53,,13.55,1.84,2.66
1230,Eredivisie (NL),Nicolas Verkooijen,N. Verkooijen,760147,2006-12-05,7.04,3,0,1018.0,144.63,207.33,122.67,11.33,30.0,1.67,152.67,13.0,27.83,27.83,28.3,28.3,14.67,1.0,12.33,1.33,0.67,,,0.0,,,7.0,,
1230,Eredivisie (NL),Nick Verschuren,N. Verschuren,773821,2005-01-13,96.37,30,1,10264.5,106.51,1310.0,435.9,38.93,145.87,7.2,581.77,46.13,28.96,32.16,30.5,33.57,109.63,5.87,87.53,13.63,3.83,0.63,0.66,1.6,1.3,1.51,23.27,1.96,2.88
1230,Eredivisie (NL),Sebastiaan Hagedoorn,S. Hagedoorn,791981,2004-11-30,16.43,8,0,1966.38,119.66,368.88,153.62,12.5,40.62,1.75,194.25,14.25,26.96,28.14,27.85,29.37,19.5,1.5,15.0,3.38,0.62,1.04,,0.25,,,10.75,2.01,3.14
1230,Eredivisie (NL),Tyrique Mercera,T. Mercera,792939,2003-12-19,44.65,19,1,5422.42,121.45,899.16,361.47,35.47,142.47,7.68,503.95,43.16,30.14,33.24,31.26,34.33,57.58,2.89,46.79,9.32,1.89,0.75,0.75,1.16,1.43,1.56,20.32,1.96,2.66
1230,Eredivisie (NL),Max Balard,M. Balard,795550,2000-11-20,91.3,31,1,10470.26,114.68,1527.06,418.87,37.16,90.13,4.35,509.0,41.52,27.52,30.08,29.89,32.13,101.9,4.06,87.55,10.65,2.42,0.62,0.77,0.58,1.33,1.65,34.39,1.93,2.65
1230,Eredivisie (NL),Rion Ichihara,R. Ichihara,798077,2005-07-07,48.7,2,0,5624.5,115.49,854.0,323.0,25.5,74.5,4.0,397.5,29.5,26.25,26.25,27.25,,64.0,2.5,55.0,7.0,2.5,,,0.0,,,11.5,,
1230,Eredivisie (NL),Maher Carrizo,M. Carrizo,799311,2006-02-19,16.34,6,0,2010.33,123.0,325.33,139.33,14.0,71.83,2.83,211.17,16.83,29.83,30.44,30.53,32.33,20.67,1.5,17.0,4.83,1.33,0.85,,0.83,1.66,,9.83,2.43,
1230,Eredivisie (NL),Yun Do-Young,Do-Young Yun,800002,2006-10-28,21.18,6,0,2564.83,121.08,436.0,192.5,18.83,72.33,3.67,264.83,22.5,29.37,29.9,29.97,30.97,23.33,2.0,18.83,4.83,1.67,0.74,,0.0,,,12.67,2.33,3.05
1230,Eredivisie (NL),Nils Eggens,N. Eggens,801732,2005-04-08,8.68,2,0,863.0,99.48,140.5,66.0,6.5,45.0,1.5,111.0,8.0,30.6,30.6,30.9,,10.0,0.0,6.0,1.5,0.0,,,0.0,,,4.0,,
1230,Eredivisie (NL),Cherrion Valerius,C. Valerius,808625,2005-09-22,70.72,27,1,7837.41,110.82,1113.19,462.33,44.56,180.67,9.59,643.0,54.15,29.24,31.82,30.77,33.03,92.07,5.37,75.85,14.11,3.48,0.67,0.72,1.81,1.26,1.45,28.7,1.99,2.63
1230,Eredivisie (NL),Mateo Chávez García,M. Chávez,808649,2004-05-12,45.36,20,0,5366.05,118.3,849.8,447.85,39.1,140.95,8.0,588.8,47.1,28.66,30.38,29.67,31.37,61.25,3.95,51.3,11.1,3.35,0.67,0.74,0.85,1.54,,21.0,1.95,2.53
1230,Eredivisie (NL),Cedric Hatenboer,C. Hatenboer,808654,2005-03-19,81.62,15,0,10300.0,126.2,2004.47,633.6,48.53,116.47,5.73,750.07,54.27,26.97,27.9,28.9,30.0,96.07,4.07,84.93,10.87,2.33,0.67,0.68,0.13,,,41.2,1.94,2.79
1230,Eredivisie (NL),Dylan  Ruward,D. Ruward,808791,2005-01-21,,0,1,,,,,,,,,,,,,,,,,,,,,,,,,,
1230,Eredivisie (NL),Anis Hadj-Moussa,A. Hadj-Moussa,809821,2002-02-11,91.7,30,0,10095.97,110.1,1438.4,660.63,63.43,268.8,13.5,929.43,76.93,29.68,31.6,31.31,33.43,107.13,8.73,86.43,18.93,6.33,0.59,0.64,1.97,1.15,1.35,45.83,1.82,2.49
1230,Eredivisie (NL),Marko Kerkez,M. Kerkez,810626,2000-06-26,9.73,3,0,1152.0,118.36,208.67,98.67,9.33,74.0,2.33,172.67,11.67,29.13,29.13,29.57,29.57,13.0,1.33,11.67,3.0,0.67,,,0.33,,,4.67,,
1230,Eredivisie (NL),Joel van den Berg,J. van den Berg,810646,2007-02-11,31.18,5,0,4133.2,132.55,759.2,269.4,23.4,92.2,4.0,361.6,27.4,28.2,28.2,29.04,29.7,46.2,1.8,40.6,5.6,1.2,0.84,1.07,0.6,,,24.0,2.22,2.75
1230,Eredivisie (NL),Jim Koller,J. Koller,810647,2007-03-31,9.24,2,0,1239.5,134.12,211.0,99.0,9.0,28.0,1.0,127.0,10.0,27.0,27.0,27.65,,14.0,0.5,10.0,2.0,0.0,,,0.0,,,7.5,,
1230,Eredivisie (NL),Eser Hayati Gürbüz,E. Gürbüz,810654,2007-03-06,25.84,14,2,3217.36,124.49,580.71,275.36,25.93,104.14,5.64,379.5,31.57,28.77,30.54,29.65,31.7,36.29,2.79,29.21,7.0,1.64,0.81,0.85,0.5,1.59,1.9,18.5,1.96,2.76
1230,Eredivisie (NL),Fabian Merién,F. Merién,810883,2008-09-26,7.75,1,0,1121.0,144.65,194.0,59.0,4.0,19.0,0.0,78.0,4.0,28.7,28.7,28.8,,15.0,1.0,14.0,0.0,0.0,,,0.0,,,6.0,,
1230,Eredivisie (NL),Sean Steur,S. Steur,810892,2008-01-11,64.22,20,0,8297.55,129.2,1449.45,487.25,42.4,125.4,6.95,612.65,49.35,27.79,30.2,29.52,32.43,77.25,3.3,67.95,9.6,2.15,0.66,0.7,0.65,1.34,1.71,38.15,1.81,2.7
1230,Eredivisie (NL),Ayoub Ouarghi,A. Ouarghi,810896,2008-02-05,13.07,1,0,1617.0,123.75,347.0,135.0,11.0,67.0,3.0,202.0,14.0,28.0,28.0,28.3,,17.0,1.0,13.0,3.0,1.0,,,1.0,,,7.0,,
1230,Eredivisie (NL),Ruud Nijstad,R. Nijstad,810899,2008-01-17,84.6,21,0,9160.1,108.27,1177.33,359.52,31.19,87.0,4.86,446.52,36.05,27.8,30.04,29.56,32.33,91.9,3.86,75.43,9.48,2.48,0.66,0.76,0.9,1.35,1.9,17.86,2.02,2.86
1230,Eredivisie (NL),Jaygo van Ommeren,J. van Ommeren,810907,2008-05-08,25.12,2,0,3041.5,121.09,491.5,154.5,9.5,6.5,0.5,161.0,10.0,24.7,24.7,26.3,,31.0,1.0,23.5,2.0,0.0,,,0.0,,,11.0,,
1230,Eredivisie (NL),Rio Robbemond,R. Robbemond,811830,2005-01-05,70.82,1,0,9764.0,137.88,1787.0,561.0,45.0,128.0,7.0,689.0,52.0,28.3,28.3,29.6,,97.0,5.0,96.0,13.0,4.0,,,1.0,,,48.0,,
1230,Eredivisie (NL),Kasper Boogaard,K. Boogaard,811865,2006-01-29,69.02,11,0,8761.09,126.94,1576.55,447.91,35.73,82.18,4.18,530.09,39.91,26.64,27.9,28.48,30.93,88.0,2.18,79.73,6.91,1.0,0.67,0.74,0.09,,,30.91,2.32,2.66
1230,Eredivisie (NL),Jorthy Mokio,J. Mokio,812847,2007-01-04,57.34,28,0,6908.86,120.48,990.14,376.29,35.21,114.96,5.96,491.25,41.18,27.89,30.82,29.31,32.8,66.11,2.89,55.5,7.96,1.79,0.63,0.69,0.57,1.35,1.64,25.89,1.86,2.64
1230,Eredivisie (NL),Sondre Holmlund Ørjasæter,S. Ørjasæter,817285,2003-11-28,76.6,29,1,9461.07,123.51,1528.62,703.62,62.59,229.45,12.59,933.07,75.17,29.49,31.52,31.49,33.03,95.72,6.0,73.83,15.1,4.48,0.57,0.61,1.69,1.18,1.35,46.38,1.92,2.61
1230,Eredivisie (NL),Marcus Linday,M. Linday,817449,2003-06-02,77.67,31,2,9893.13,127.38,1782.13,615.68,51.84,130.84,7.52,746.52,59.35,27.63,29.68,29.7,32.07,98.87,4.03,85.81,11.97,3.03,0.63,0.69,1.03,1.36,1.4,43.71,1.77,2.58
1230,Eredivisie (NL),Kento Shiogai,K. Shiogai,818248,2005-03-26,36.07,12,0,3962.83,109.86,562.08,298.92,30.58,141.58,7.92,440.5,38.5,30.47,32.08,31.44,33.8,41.75,3.67,33.75,8.25,2.67,0.64,0.74,1.08,1.23,,19.83,1.99,2.64
1230,Eredivisie (NL),Lucas Vennegoor of Hesselink,L. Vennegoor of Hesselink,818259,2006-03-14,17.91,5,0,1945.2,108.59,257.6,112.8,12.6,52.2,2.0,165.0,14.6,29.22,29.22,29.68,30.97,20.2,1.8,17.2,3.0,1.6,0.88,,0.2,,,9.0,2.5,
1230,Eredivisie (NL),Myron Mau-Asam,M. Mau-Asam,818282,2004-04-01,9.65,1,0,1300.0,134.72,173.0,110.0,15.0,141.0,5.0,251.0,20.0,31.6,31.6,31.8,,13.0,1.0,10.0,2.0,0.0,,,0.0,,,7.0,,
1230,Eredivisie (NL),Aaron George Wilem Bouwman,A. Bouwman,819069,2007-08-28,78.46,9,0,8425.44,107.38,1113.89,309.33,30.22,87.78,4.11,397.11,34.33,27.4,29.62,28.74,32.13,93.22,3.89,75.11,10.22,2.78,0.75,0.75,1.67,1.36,1.43,29.11,2.3,2.84
1230,Eredivisie (NL),Daan Bisshops,D. Bisshops,819172,2005-03-30,94.12,1,0,10342.0,109.88,1389.0,520.0,61.0,330.0,14.0,850.0,75.0,30.6,30.6,31.6,,110.0,7.0,83.0,22.0,4.0,,,1.0,,,32.0,,
1230,Eredivisie (NL),Chris-Kévin Nadje,C. Nadje,820777,2001-08-14,38.61,7,0,4782.57,123.88,785.0,255.86,23.14,91.86,4.14,347.71,27.29,30.5,31.44,31.23,33.0,41.71,2.43,34.57,4.71,1.57,0.65,0.91,0.57,1.61,,18.43,2.13,3.09
1230,Eredivisie (NL),Tristan Schenkhuizen,T. Schenkhuizen,826719,2004-07-12,29.75,4,0,3376.25,113.49,445.5,156.75,13.0,49.5,2.0,206.25,15.0,26.98,26.98,27.93,28.57,31.25,1.0,26.0,3.5,0.75,,,0.0,,,8.5,,
1230,Eredivisie (NL),Jop Tijink,J. Tijink,826745,2005-01-30,8.93,1,0,1274.0,142.61,294.0,122.0,13.0,53.0,3.0,175.0,16.0,28.3,28.3,29.0,,13.0,2.0,11.0,2.0,1.0,,,0.0,,,3.0,,
1230,Eredivisie (NL),Juho Talvitie,J. Talvitie,827690,2005-03-25,56.2,27,0,6659.0,118.49,1067.48,460.44,41.81,174.74,9.15,635.19,50.96,29.28,31.48,30.74,33.0,72.74,4.15,59.81,10.85,3.3,0.62,0.67,1.19,1.29,1.34,30.22,1.96,2.58
1230,Eredivisie (NL),Benjamin Pauwels,B. Pauwels,850854,2004-10-29,54.19,7,1,6079.0,112.17,886.29,416.43,40.0,163.0,7.43,579.43,47.43,30.54,31.56,31.84,33.5,72.14,7.29,62.14,13.43,5.57,0.61,0.67,2.29,1.43,1.69,30.86,2.01,2.92
1230,Eredivisie (NL),Guilliano Cairo,G. Cairo,850859,2006-03-18,10.37,1,0,953.0,91.93,105.0,34.0,3.0,38.0,0.0,72.0,3.0,23.6,23.6,24.5,,11.0,1.0,9.0,2.0,0.0,,,0.0,,,4.0,,
1230,Eredivisie (NL),Nesto Groen,N. Groen,850862,2004-07-22,24.15,1,0,2661.0,110.19,425.0,191.0,19.0,100.0,4.0,291.0,23.0,31.4,31.4,31.5,,33.0,3.0,29.0,5.0,1.0,,,1.0,,,11.0,,
1230,Eredivisie (NL),Isaiah Ahmed,I. Ahmed,850868,2005-12-28,7.08,2,0,846.0,119.44,113.0,20.5,2.5,3.5,0.0,24.0,2.5,22.45,22.45,23.1,,9.0,1.0,7.0,3.0,0.5,,,0.0,,,3.5,,
1230,Eredivisie (NL),Luka Tunjić,L. Tunjić,850871,2005-11-19,29.64,16,0,3747.75,126.46,645.25,269.19,22.25,78.56,4.0,347.75,26.25,28.19,30.36,29.22,31.67,36.81,1.69,29.81,6.69,0.81,0.79,,0.12,,,17.06,2.08,2.82
1230,Eredivisie (NL),Marvin Young ,M. Young,850872,2005-10-02,97.54,32,0,10735.59,110.07,1431.81,459.69,43.56,142.56,7.88,602.25,51.44,29.01,32.22,30.91,33.83,110.94,5.69,86.47,11.38,3.59,0.61,0.61,1.09,1.14,1.22,28.53,1.94,2.59
1230,Eredivisie (NL),Tiago Codinha,T. Codinha,850874,2005-07-20,17.25,1,1,2430.0,140.87,567.0,245.0,17.0,50.0,3.0,295.0,20.0,28.1,28.1,29.3,,28.0,1.0,24.0,4.0,0.0,,,0.0,,,7.0,,
1230,Eredivisie (NL),Sem van Duijn,S. van Duijn,851980,2004-03-18,77.89,14,0,9476.43,121.67,1617.43,701.07,67.71,248.43,14.21,949.5,81.93,29.31,30.14,31.13,31.93,96.71,7.5,81.57,17.36,4.93,0.68,0.81,1.57,1.26,,46.43,1.91,2.46
1230,Eredivisie (NL),Don-Angelo Konadu,D. Konadu,852482,2006-05-03,25.47,9,0,2940.22,115.45,409.67,194.22,18.67,55.22,3.11,249.44,21.78,29.28,30.82,29.96,32.13,31.67,1.89,26.11,4.33,1.33,0.8,,0.33,1.51,,14.78,1.99,3.11
1230,Eredivisie (NL),Jan Faberski,J. Faberski,852483,2006-04-22,30.85,18,0,3569.72,115.7,524.33,233.83,23.78,110.56,5.33,344.39,29.11,29.77,31.68,30.53,32.37,39.89,2.61,30.39,7.28,1.78,0.71,0.73,0.61,1.32,,15.06,1.84,2.68
1230,Eredivisie (NL),Guus Offerhaus,G. Offerhaus,857677,2001-01-03,98.76,33,0,11510.0,116.54,1799.97,586.33,49.91,143.61,7.58,729.94,57.48,28.14,30.2,29.98,31.93,116.64,5.58,96.12,13.15,3.39,0.71,0.72,0.73,1.38,1.44,34.73,1.84,2.51
1230,Eredivisie (NL),Adil Lechkar,A. Lechkar,857679,2001-09-02,24.2,15,1,2817.87,116.45,443.0,222.8,20.6,111.67,4.73,334.47,25.33,30.13,31.28,30.98,32.63,30.6,2.6,23.33,6.0,1.53,0.73,0.79,0.27,,,11.4,2.12,2.84
1230,Eredivisie (NL),Soufiane  Hetli,S. Hetli,857680,2001-05-30,55.84,31,0,6882.55,123.26,1127.81,483.1,45.58,156.06,9.13,639.16,54.71,28.95,31.2,30.64,32.67,69.84,4.39,60.16,10.03,3.16,0.59,0.61,1.03,1.28,1.28,29.65,1.9,2.64
1230,Eredivisie (NL),Ayoub Oufkir,A. Oufkir,862032,2006-01-04,40.54,23,0,5032.43,124.15,843.52,428.65,43.61,245.39,12.13,674.04,55.74,30.86,32.74,31.97,33.6,60.17,5.22,47.52,12.22,4.09,0.63,0.65,1.91,1.14,1.16,26.17,1.84,2.51
1230,Eredivisie (NL),Daan van Reeuwijk,D. van Reeuwijk,864721,2007-05-09,45.2,1,0,5299.0,117.23,986.0,343.0,25.0,50.0,3.0,393.0,28.0,28.5,28.5,30.1,,61.0,5.0,49.0,6.0,3.0,,,1.0,,,21.0,,
1230,Eredivisie (NL),Stijn Middendorp,S. Middendorp,868132,2004-12-02,37.14,6,0,4960.83,133.59,935.67,399.67,36.17,143.33,7.33,543.0,43.5,28.33,28.76,29.63,31.03,58.83,2.67,49.33,7.5,1.5,0.72,0.79,0.83,1.37,1.55,24.83,2.29,2.73
1230,Eredivisie (NL),Jinairo Chiso Irechukwu Johnson,J. Johnson,883712,2007-04-08,15.62,1,0,1898.0,121.54,372.0,77.0,8.0,16.0,1.0,93.0,9.0,25.4,25.4,26.4,,19.0,1.0,16.0,2.0,1.0,,,0.0,,,7.0,,
1230,Eredivisie (NL),Jan Plug,J. Plug,886936,2005-04-02,41.91,3,2,4797.0,114.46,696.0,230.33,24.33,61.67,3.0,292.0,27.33,27.53,27.53,29.1,29.1,58.67,5.0,47.67,13.33,4.0,,,0.0,,,18.0,,
1230,Eredivisie (NL),Gaoussou Diarra,G. Diarra,891748,2002-11-21,39.46,6,0,4633.17,117.43,744.83,355.83,34.67,117.5,6.67,473.33,41.33,28.78,29.24,29.85,31.17,53.0,6.0,38.5,11.83,4.67,0.67,0.71,1.0,1.64,,27.33,1.96,2.82
1230,Eredivisie (NL),Artem Stepanov,A. Stepanov,896658,2007-08-10,64.92,15,0,7746.6,119.32,1093.27,523.0,51.73,222.87,11.4,745.87,63.13,30.19,31.74,31.42,32.93,78.73,6.73,66.47,13.73,4.6,0.67,0.73,1.27,1.31,1.41,32.4,1.98,2.81
1230,Eredivisie (NL),Emeka Adiele,E. Adiele,905349,2007-07-31,49.43,1,1,6064.0,122.67,972.0,311.0,32.0,124.0,4.0,435.0,36.0,30.3,30.3,31.6,,56.0,5.0,44.0,13.0,2.0,,,0.0,,,25.0,,
1230,Eredivisie (NL),Luca Blondeau,L. Blondeau,907180,2006-02-11,95.78,1,1,11509.0,120.16,1703.0,478.0,48.0,135.0,8.0,613.0,56.0,28.7,28.7,30.2,,107.0,7.0,97.0,17.0,5.0,,,1.0,,,48.0,,
1230,Eredivisie (NL),Noah Fernandez,N. Fernandez,927022,2008-01-09,41.23,10,0,5276.4,127.98,1043.5,389.0,33.5,85.9,4.9,474.9,38.4,27.67,28.9,29.32,31.13,54.4,2.8,44.8,7.5,1.9,0.71,0.73,0.4,1.66,,26.8,1.97,2.51
1230,Eredivisie (NL),Hasip Korkmazyürek,H. Korkmazyürek,928186,2003-05-01,,0,1,,,,,,,,,,,,,,,,,,,,,,,,,,
1230,Eredivisie (NL),Aymen Sliti,A. Sliti,944358,2006-03-24,30.95,19,0,3721.95,120.26,630.05,252.26,25.05,112.37,5.53,364.63,30.58,30.77,32.8,31.59,33.77,42.21,3.16,33.63,6.79,2.37,0.63,0.69,1.16,1.31,1.4,15.58,1.9,2.88
1230,Eredivisie (NL),Tobias van den Elshout,T. van den Elshout,944361,2007-02-02,44.92,9,2,5358.0,119.27,929.44,350.89,33.56,127.11,6.78,478.0,40.33,28.68,30.04,30.13,31.83,61.33,3.67,49.78,11.22,2.56,0.76,0.86,0.67,,,19.22,2.09,2.6
1230,Eredivisie (NL),Thijs Kraaijeveld,T. Kraaijeveld,946249,2007-05-03,57.11,14,1,6400.57,112.08,926.79,344.29,27.64,76.29,4.07,420.57,31.71,27.83,29.5,29.21,31.2,66.79,3.07,57.64,6.5,1.86,0.71,0.87,0.5,1.3,,18.64,2.17,2.64
1230,Eredivisie (NL),Jerolldino Bergraaf,J. Bergraaf,956504,2006-07-05,48.07,24,0,5405.12,112.44,755.75,432.0,40.25,165.54,8.38,597.54,48.62,29.74,31.4,30.99,32.9,60.08,4.79,46.75,12.92,3.58,0.66,0.8,1.12,1.55,1.79,21.42,1.9,2.86
1230,Eredivisie (NL),Tyrone Owusu,T. Owusu,956506,1999-03-05,81.38,21,1,10057.95,123.59,1840.19,762.67,64.62,230.48,11.76,993.14,76.38,28.8,30.54,30.92,32.4,107.1,5.86,89.1,16.29,4.67,0.65,0.67,1.52,1.35,1.41,42.38,1.77,2.76
1230,Eredivisie (NL),Jelani Seedorf,J. Seedorf,970229,,18.88,13,0,2147.92,113.78,332.54,185.0,17.62,79.54,4.08,264.54,21.69,29.03,30.68,29.78,31.5,22.46,1.77,17.69,4.54,1.23,0.68,0.74,0.38,1.34,,10.38,2.16,2.87
1230,Eredivisie (NL),Rayane Bounida,R. Bounida,970682,2006-03-03,43.71,21,0,5471.67,125.18,921.81,418.81,32.33,105.62,5.43,524.43,37.76,27.47,29.26,28.83,30.87,57.48,2.67,45.57,9.48,1.19,0.76,0.79,0.14,1.91,,24.71,1.87,2.86
1230,Eredivisie (NL),Key-Shawn Wong-A-Soij,K. Wong-A-Soij,971288,2006-10-01,10.99,3,0,1404.33,127.73,201.0,113.33,10.33,45.0,2.33,158.33,12.67,29.73,29.73,29.87,29.87,15.67,0.67,12.33,3.33,0.33,,,0.0,,,3.33,,
1230,Eredivisie (NL),Gabriël Reiziger,G. Reiziger,972646,2005-10-10,21.97,12,0,2646.67,120.45,475.42,193.67,16.17,53.58,2.92,247.25,19.08,26.84,28.98,27.64,30.73,28.5,2.42,22.5,5.0,1.5,0.74,0.8,0.5,1.86,,9.92,1.99,3.06
1230,Eredivisie (NL),Wassim Bouziane,W. Bouziane,973216,2006-12-22,23.73,3,1,2791.0,117.63,509.33,176.67,16.0,60.33,3.67,237.0,19.67,28.73,28.73,29.47,29.47,28.33,2.33,22.0,4.67,1.33,,,0.0,,,12.67,,
1230,Eredivisie (NL),Yousri Sbai,Y. Sbai,975407,2004-08-08,9.58,1,1,1253.0,130.75,281.0,65.0,6.0,4.0,0.0,69.0,6.0,23.0,23.0,23.0,,13.0,1.0,11.0,2.0,1.0,,,0.0,,,7.0,,
1230,Eredivisie (NL),Lushendry Martes,L. Martes,982008,2008-05-06,76.62,13,0,8912.69,116.33,1369.85,594.23,56.92,241.85,12.92,836.08,69.85,29.45,30.58,31.04,32.67,97.0,7.38,80.77,17.46,5.46,0.61,0.65,1.69,1.26,1.4,34.15,1.95,2.68
1230,Eredivisie (NL),Jivayno Jaell Zinhagel,J. Zinhagel,991461,2009-04-18,18.9,1,0,2543.0,134.55,538.0,240.0,20.0,101.0,5.0,341.0,25.0,28.1,28.1,29.1,,27.0,3.0,21.0,4.0,2.0,,,2.0,,,11.0,,
1230,Eredivisie (NL),Jadiel Pereira da Gama,J. Pereira da Gama,991477,2009-12-15,24.48,10,0,2914.1,119.05,519.3,206.5,17.5,52.6,3.2,259.1,20.7,28.11,29.28,29.16,31.13,36.0,1.4,29.3,5.4,0.8,0.79,,0.3,2.25,,13.6,2.17,2.81
1230,Eredivisie (NL),Owen Johnson,O. Johnson,998283,2005-08-03,9.85,4,0,1207.25,122.62,192.5,102.0,8.75,53.25,2.25,155.25,11.0,30.07,30.07,30.23,31.5,11.5,0.75,8.25,1.75,0.75,0.82,,0.5,,,4.0,,
1230,Eredivisie (NL),Ofosu Boakye,O. Boakye,1001078,2007-07-10,10.63,1,0,1235.0,116.14,178.0,101.0,10.0,26.0,2.0,127.0,12.0,27.6,27.6,28.1,,14.0,2.0,11.0,3.0,1.0,,,0.0,,,7.0,,
1230,Eredivisie (NL),Yassir Salah Rahmouni,Y. Salah Rahmouni,1021955,2006-06-13,43.64,20,0,5624.35,128.89,1136.95,330.55,25.3,59.35,3.6,389.9,28.9,27.11,28.98,28.52,30.43,62.55,2.35,53.4,6.0,1.25,0.68,0.68,0.15,1.76,,27.75,1.86,2.75
1230,Eredivisie (NL),Moussa Gbemou,G. Moussa,1022254,2007-09-09,15.4,3,0,1877.67,121.93,383.33,156.0,13.67,21.67,2.0,177.67,15.67,26.57,26.57,27.4,27.4,20.67,1.33,17.67,4.67,0.33,,,0.0,,,10.33,2.45,2.84
1230,Eredivisie (NL),Jesper Tielemans,J. Tielemans,1022377,2006-05-17,11.07,1,0,1349.0,121.9,211.0,75.0,6.0,18.0,1.0,93.0,7.0,26.6,26.6,26.6,,17.0,1.0,14.0,3.0,1.0,,,0.0,,,7.0,,
1230,Eredivisie (NL),Robin Van Cruijsen,R. Van Cruijsen,1022378,2006-02-20,60.33,24,0,7954.67,131.86,1527.75,499.0,41.46,112.54,6.46,611.54,47.92,28.1,31.0,30.1,33.1,74.58,3.62,62.29,10.12,2.33,0.64,0.68,0.75,1.35,1.52,33.04,1.88,2.78
1230,Eredivisie (NL),Jermaine Rijssel,J. Rijssel,1022379,2005-03-25,11.17,1,0,1465.0,131.19,285.0,141.0,13.0,41.0,3.0,182.0,16.0,28.6,28.6,29.1,,16.0,1.0,12.0,3.0,0.0,,,0.0,,,5.0,,
1230,Eredivisie (NL),Pepijn Reulen,P. Reulen,1022381,2008-06-01,24.22,15,1,2772.07,114.45,412.13,176.33,16.6,76.13,3.07,252.47,19.67,29.01,30.8,29.77,31.77,33.73,1.73,27.0,5.0,1.13,0.75,0.91,0.27,1.72,,10.73,2.12,3.23
1230,Eredivisie (NL),Sam De Laat,S. De Laat,1022383,2006-06-12,14.98,1,0,2156.0,143.89,420.0,197.0,12.0,42.0,2.0,239.0,14.0,28.2,28.2,28.9,,23.0,1.0,17.0,4.0,1.0,,,0.0,,,7.0,,
1230,Eredivisie (NL),Ayoni  Santos,A. Santos,1022394,2005-07-18,65.92,25,0,8262.24,125.34,1434.8,603.36,56.88,193.6,11.08,796.96,67.96,28.93,30.6,30.94,32.97,85.4,5.2,70.88,17.28,4.16,0.57,0.62,1.32,1.2,1.2,36.4,1.87,2.65
1230,Eredivisie (NL),Neville Ogidi Nwankwo,N. Ogidi Nwankwo,1022471,2002-10-08,85.58,27,0,9488.07,110.86,1389.07,534.93,48.04,193.37,9.96,728.3,58.0,29.24,31.72,30.83,33.17,99.52,6.33,78.19,11.41,4.37,0.61,0.65,1.41,1.2,1.32,26.22,1.99,2.54
1230,Eredivisie (NL),Rojendro Jeveraino Oudsten,R. Jeveraino Oudsten,1022473,2007-11-12,21.26,7,1,2495.29,117.36,384.57,220.14,20.43,93.29,5.14,313.43,25.57,28.71,30.02,29.74,31.83,27.43,2.43,21.71,5.0,2.29,0.65,0.75,0.86,1.33,,11.0,2.24,3.41
1230,Eredivisie (NL),Giannino Vianello,G. Vianello,1022474,2007-06-10,65.76,5,0,7990.4,121.51,1215.4,466.2,42.6,210.2,8.4,676.4,51.0,29.12,29.12,30.96,31.53,77.8,5.2,66.2,12.4,3.4,0.79,0.8,0.8,,,28.0,2.05,2.92
1230,Eredivisie (NL),Mark Hoekstra,M. Hoekstra,1022538,2006-02-10,17.13,3,0,2131.67,124.42,474.33,192.33,14.0,33.0,1.67,225.33,15.67,26.7,26.7,27.93,27.93,23.67,1.67,18.33,4.0,0.67,,,0.0,,,15.67,2.68,
1230,Eredivisie (NL),Jismerai Dillema,J. Dillema,1022540,2007-02-14,5.75,1,0,960.0,166.96,223.0,72.0,6.0,9.0,1.0,81.0,7.0,27.5,27.5,27.6,,13.0,1.0,9.0,2.0,0.0,,,0.0,,,4.0,,
1230,Eredivisie (NL),David van der Werff,D. van der Werff,1023434,2004-08-31,64.4,32,1,8128.16,126.21,1431.56,643.5,51.56,151.25,8.31,794.75,59.88,27.86,30.4,29.63,32.2,87.22,4.56,73.22,12.72,3.03,0.72,0.73,0.81,1.33,1.57,30.12,1.93,2.67
1230,Eredivisie (NL),Nigel Ogidi Nwankwo,N. Nwankwo,1023959,1998-08-04,27.2,5,0,3387.2,124.51,618.6,272.2,20.0,65.8,3.2,338.0,23.2,28.5,28.5,29.36,30.0,33.6,2.4,29.2,4.0,1.6,0.81,,0.4,,,11.4,2.54,
1230,Eredivisie (NL),Jayden Candelaria,J. Candelaria,1024200,2004-03-02,26.07,7,1,3044.86,116.81,505.29,187.43,17.71,62.86,3.86,250.29,21.57,28.87,29.88,29.53,31.63,35.57,3.14,28.43,7.0,2.0,0.68,0.9,0.71,1.47,,14.57,2.12,3.01
1230,Eredivisie (NL),Nolhan Courtens,N. Courtens,1024250,2006-12-20,15.5,4,1,2061.5,133.04,382.0,139.5,12.25,60.75,2.5,200.25,14.75,28.35,28.35,29.12,30.5,20.25,0.75,18.25,2.5,0.0,,,0.0,,,10.5,2.04,
1230,Eredivisie (NL),Amin  Laoukili,A. Laoukili,1030821,2005-01-14,5.42,1,0,635.0,117.23,148.0,69.0,4.0,26.0,1.0,95.0,5.0,27.2,27.2,27.4,,9.0,1.0,6.0,0.0,0.0,,,0.0,,,0.0,,
1230,Eredivisie (NL),Sil Blokhuis,S. Blokhuis,1032144,2008-03-18,7.55,2,0,970.5,128.54,128.0,75.5,9.0,25.0,2.0,100.5,11.0,26.65,26.65,27.45,,11.5,1.5,9.5,2.0,1.5,,,1.0,,,5.0,,
1230,Eredivisie (NL),Jeppe Wijnreder,J. Wijnreder,1032145,2006-02-07,9.87,1,0,1137.0,115.24,174.0,107.0,7.0,18.0,2.0,125.0,9.0,25.4,25.4,25.9,,16.0,1.0,10.0,2.0,0.0,,,0.0,,,0.0,,
1230,Eredivisie (NL),Noa El Hamdaoui,N. El Hamdaoui,1032249,2007-10-25,20.48,1,0,2949.0,143.97,589.0,201.0,19.0,120.0,3.0,321.0,22.0,29.1,29.1,29.7,,30.0,1.0,24.0,5.0,0.0,,,0.0,,,14.0,,
1230,Eredivisie (NL),Bendeguz Kovacs,B. Kovacs,1032767,2007-03-31,19.57,2,1,2083.0,106.41,313.0,161.5,16.5,57.5,3.5,219.0,20.0,27.4,27.4,28.0,,25.0,2.0,20.0,4.5,1.5,,,1.5,,,8.0,,
1230,Eredivisie (NL),Younes Jaber el Meftahi,Y. Jaber el Meftahi,1036656,2007-10-11,40.47,1,0,5224.0,129.09,1147.0,400.0,30.0,70.0,3.0,470.0,33.0,28.2,28.2,30.0,,70.0,1.0,49.0,13.0,1.0,,,0.0,,,16.0,,
1230,Eredivisie (NL),Ryan Metu,R. Metu,1039618,2008-08-28,20.07,8,0,2229.0,111.06,344.62,177.62,15.0,61.88,3.12,239.5,18.12,27.1,27.84,28.01,29.5,25.5,1.88,21.0,4.75,1.0,0.82,,0.62,1.8,,10.5,2.25,2.97
1230,Eredivisie (NL),Kevin Kers,K. Kers,1041486,2006-01-04,21.05,1,0,2812.0,133.59,634.0,248.0,24.0,75.0,6.0,323.0,30.0,27.1,27.1,28.5,,35.0,2.0,28.0,3.0,1.0,,,1.0,,,17.0,,
1230,Eredivisie (NL),Nigel Groenewald,N. Groenewald,1058972,2007-02-01,10.45,1,0,1354.0,129.57,259.0,128.0,10.0,18.0,2.0,146.0,12.0,25.7,25.7,26.6,,21.0,1.0,17.0,4.0,0.0,,,0.0,,,8.0,,
1230,Eredivisie (NL),Ilai Grootfaam,I. Grootfaam,1066871,2010-03-15,10.38,1,0,1293.0,124.53,220.0,66.0,4.0,34.0,1.0,100.0,5.0,22.9,22.9,23.7,,14.0,0.0,9.0,1.0,0.0,,,0.0,,,6.0,,
1230,Eredivisie (NL),Tarik Hamamioglu,T. Hamamioglu,1067278,2008-08-01,13.41,2,0,1513.5,112.88,209.5,109.0,10.5,42.0,3.5,151.0,14.0,27.6,27.6,28.15,,14.5,2.0,12.5,2.5,1.0,,,0.5,,,10.5,,
1230,Eredivisie (NL),Gani Buyukhan,G. Buyukhan,1067665,2009-10-07,,0,1,,,,,,,,,,,,,,,,,,,,,,,,,,
1230,Eredivisie (NL),Rodney Kroeze,R. Kroeze,1067666,2004-02-27,22.9,1,0,2841.0,124.06,560.0,190.0,18.0,86.0,4.0,276.0,22.0,29.3,29.3,29.8,,38.0,1.0,31.0,5.0,1.0,,,1.0,,,11.0,,
