competition_edition,league,player_id,player_name,player_short_name,player_birthdate,minutes,minutes_tip,minutes_otip,performance_count,performance_included_count,performance_failed_count,possession_count_total,possession_count,possession_count_retained,possession_pct_retained,possession_count_shotwithin10s,possession_count_goalwithin10s,possession_avgdistance,possession_avgduration,reception_count_total,reception_count,reception_count_retained,reception_pct_retained,reception_count_intensepressure_tightspace,reception_count_intensepressure_tightspace_retained,reception_pct_intensepressure_tightspace_retained,reception_count_inspace,longcarry_count_total,longcarry_count,longcarry_count_retained,longcarry_count_forwardtrajectory,longcarry_count_forwardtrajectory_retained,longcarry_count_abovehsr,longcarry_count_forwardtrajectory_abovehsr,longcarry_count_forwardtrajectory_abovehsr_retained,longcarry_pct_forwardtrajectory_abovehsr_retained,longcarry_pct_retained,longcarry_pct_forwardtrajectory_retained,possession_count_forwardmomentum,giveandgo_count,possession_count_beatbymovement,possession_count_beatbypossession,possession_count_drawnpressure,possession_count_drawnpressure_retained,possession_pct_drawnpressure_retained,reception_count_intensepressure_constrainedspace,possession_count_escapedpressure,possession_pct_escapedpressure,reception_count_intensepressure,possession_count_intensepressure_progressed,possession_pct_intensepressure_progressed,possession_count_intensepressure_dangercreated,possession_pct_intensepressure_dangercreated
1196,Super League (CH),390,Albian Ajeti,A. Ajeti,1997-02-26,52.82,15.36,12.51,32,32,0,400.0,12.5,6.06,48.5,3.03,0.22,4.83,1.33,258.0,8.06,4.03,50.0,2.84,1.16,40.66,2.34,87.0,2.72,1.72,0.78,0.28,0.47,0.19,0.03,16.67,63.22,36.0,0.66,1.09,1.06,0.31,0.0,0.0,,3.59,0.5,13.91,5.78,0.5,8.65,1.44,24.86
1196,Super League (CH),535,Alexander Hack,A. Hack,1993-09-08,93.59,21.14,22.9,13,13,0,492.0,37.85,27.08,71.54,1.62,0.15,3.64,1.27,264.0,20.31,16.69,82.2,0.23,0.0,0.0,18.38,76.0,5.85,4.15,3.46,2.62,0.62,0.15,0.08,50.0,71.05,75.56,0.08,0.0,0.0,0.08,0.77,0.46,60.0,0.54,0.0,0.0,1.08,0.54,50.0,0.08,7.14
1196,Super League (CH),673,Amir Abrashi,A. Abrashi,1990-03-27,50.02,10.89,15.01,11,11,0,185.0,16.82,13.18,78.38,1.0,0.09,2.48,0.84,91.0,8.27,7.18,86.81,0.36,0.36,100.0,6.36,15.0,1.36,1.09,0.55,0.45,0.27,0.18,0.18,100.0,80.0,83.33,0.27,0.27,0.0,0.09,0.0,0.0,,0.64,0.18,28.57,1.09,0.36,33.33,0.09,8.33
1196,Super League (CH),943,Anto Grgić,A. Grgić,1996-11-28,95.69,28.24,23.0,36,36,0,1984.0,55.11,47.11,85.48,3.19,0.28,2.95,1.06,1492.0,41.44,36.47,88.0,0.89,0.5,56.25,34.64,191.0,5.31,4.75,2.17,2.06,0.47,0.25,0.22,88.89,89.53,94.87,1.06,0.97,0.03,0.08,0.36,0.25,69.23,1.94,0.31,15.71,3.69,0.58,15.79,0.14,3.76
1196,Super League (CH),1287,Benjamin Kololli,B. Kololli,1992-05-15,50.78,13.51,13.58,28,28,0,491.0,17.54,11.57,65.99,2.5,0.21,5.91,1.7,328.0,11.71,8.18,69.82,2.39,1.39,58.21,6.82,126.0,4.5,3.14,2.29,1.43,0.71,0.57,0.29,50.0,69.84,62.5,0.57,1.21,0.68,0.5,0.29,0.21,75.0,2.93,0.54,18.29,4.75,0.68,14.29,1.0,21.05
1196,Super League (CH),2509,David von Ballmoos,D. von Ballmoos,1994-12-30,98.54,28.89,24.33,15,15,0,614.0,40.93,30.73,75.08,0.0,0.0,5.01,3.39,428.0,28.53,22.87,80.14,0.4,0.27,66.67,27.93,124.0,8.27,6.0,6.0,4.73,0.0,0.0,0.0,,72.58,78.89,0.0,0.0,0.0,0.0,0.27,0.13,50.0,0.67,0.13,20.0,0.73,0.4,54.55,0.0,0.0
1196,Super League (CH),3228,Ezgjan Alioski,E. Alioski,1992-02-12,49.23,14.49,11.06,20,20,0,584.0,29.2,21.05,72.09,3.15,0.15,3.98,1.43,442.0,22.1,16.7,75.57,1.15,0.55,47.83,19.8,92.0,4.6,3.25,3.1,2.15,1.05,0.9,0.65,72.22,70.65,69.36,0.1,1.2,0.15,0.05,0.35,0.3,85.71,1.8,0.3,16.67,2.95,0.45,15.25,0.45,15.25
1196,Super League (CH),4090,Gregory Wüthrich,G. Wüthrich,1994-12-04,83.06,24.48,19.72,25,25,0,1037.0,41.48,34.48,83.12,0.92,0.12,4.97,1.64,703.0,28.12,25.28,89.9,0.04,0.0,0.0,27.32,196.0,7.84,6.68,4.76,3.88,1.12,0.56,0.44,78.57,85.2,81.51,0.04,0.32,0.08,0.04,0.6,0.28,46.67,0.2,0.0,0.0,0.36,0.04,11.11,0.0,0.0
1196,Super League (CH),4521,Ivan Ricardo Neves Abreu Cavaleiro,I. Cavaleiro,1993-10-18,70.61,16.18,17.73,13,13,0,352.0,27.08,16.38,60.51,2.23,0.38,6.58,1.88,237.0,18.23,11.31,62.03,3.77,1.69,44.9,11.54,101.0,7.77,3.62,4.08,1.54,1.77,0.85,0.23,27.27,46.54,37.73,0.92,4.62,0.15,0.62,0.54,0.15,28.57,4.77,0.46,9.68,6.85,1.15,16.85,0.92,13.48
1196,Super League (CH),4702,Jan Bamert,J. Bamert,1998-03-09,86.03,18.84,22.23,33,31,2,968.0,31.23,23.84,76.34,1.32,0.19,4.32,1.53,541.0,17.45,15.06,86.32,0.1,0.1,100.0,15.81,155.0,5.0,3.77,2.9,2.42,0.97,0.52,0.35,68.75,75.48,83.33,0.13,0.06,0.0,0.29,0.39,0.19,50.0,0.29,0.06,22.22,0.52,0.16,31.25,0.0,0.0
1196,Super League (CH),5123,Joël Mall,J. Mall,1991-04-05,93.72,27.25,24.15,28,28,0,721.0,25.75,16.93,65.74,0.0,0.0,4.98,3.25,441.0,15.75,11.11,70.52,0.29,0.04,12.5,15.14,142.0,5.07,2.93,3.39,2.07,0.0,0.0,0.0,,57.75,61.05,0.0,0.0,0.0,0.0,0.21,0.11,50.0,0.39,0.07,18.18,0.54,0.11,20.0,0.0,0.0
1196,Super League (CH),6166,Leonardo Bertone,L. Bertone,1994-03-14,97.09,21.46,24.63,33,31,2,1225.0,39.52,26.45,66.94,4.1,0.35,3.21,1.11,608.0,19.61,14.61,74.51,1.1,0.55,50.0,16.06,152.0,4.9,3.42,2.77,1.81,0.77,0.45,0.26,57.14,69.74,65.12,0.35,1.94,0.16,0.03,0.13,0.1,75.0,1.61,0.1,6.0,3.39,0.9,26.67,0.42,12.38
1196,Super League (CH),6241,Linus Obexer,L. Obexer,1997-06-05,91.77,22.57,24.07,2,2,0,83.0,41.5,21.0,50.6,4.0,0.0,4.51,1.37,53.0,26.5,13.5,50.94,1.5,0.0,0.0,23.0,16.0,8.0,2.5,5.0,1.5,1.5,1.0,0.0,0.0,31.25,30.0,0.0,2.0,0.0,1.5,2.0,0.0,0.0,2.0,0.0,0.0,3.5,0.5,14.28,0.5,14.29
1196,Super League (CH),6296,Loris Benito,L. Benito,1992-01-07,94.44,28.15,22.12,33,33,0,1953.0,59.18,49.7,83.97,2.48,0.39,4.98,1.59,1376.0,41.7,36.82,88.3,0.67,0.36,54.55,39.33,401.0,12.15,10.58,6.03,5.15,2.61,1.3,1.06,81.4,87.03,85.43,0.06,1.67,0.09,0.06,0.58,0.33,57.89,0.94,0.21,22.58,1.58,0.33,21.15,0.15,9.62
1196,Super League (CH),6343,Luca Zuffi,L. Zuffi,1990-03-27,80.96,19.01,24.41,27,27,0,844.0,31.26,26.33,84.24,1.15,0.04,2.31,0.85,515.0,19.07,16.74,87.77,1.04,0.67,64.29,15.11,63.0,2.33,1.85,1.07,0.78,0.26,0.11,0.07,66.67,79.36,72.41,0.19,0.52,0.0,0.07,0.07,0.07,100.0,1.44,0.04,2.56,2.56,1.0,39.13,0.07,2.9
1196,Super League (CH),6758,Marco Bürki,M. Bürki,1993-07-10,90.24,20.11,23.28,32,31,1,1038.0,33.48,25.42,75.92,1.58,0.32,4.74,1.66,613.0,19.77,16.13,81.57,0.42,0.23,53.85,17.81,206.0,6.65,5.45,3.97,3.19,0.94,0.39,0.23,58.33,82.04,80.49,0.03,0.48,0.06,0.1,0.48,0.26,53.33,0.52,0.0,0.0,1.13,0.35,31.43,0.13,11.43
1196,Super League (CH),7090,Marwin Hitz,M. Hitz,1987-09-18,97.79,28.25,23.92,31,31,0,778.0,25.1,19.81,78.92,0.0,0.0,5.42,3.25,456.0,14.71,12.42,84.43,0.13,0.06,50.0,14.55,180.0,5.81,4.61,4.0,3.26,0.0,0.0,0.0,,79.45,81.45,0.0,0.0,0.0,0.0,0.1,0.06,66.67,0.45,0.19,42.86,0.55,0.26,47.06,0.0,0.0
1196,Super League (CH),7274,Mattia Bottani,M. Bottani,1991-05-24,28.15,7.75,6.47,21,21,0,240.0,11.43,7.1,62.08,1.19,0.0,8.36,2.14,167.0,7.95,4.9,61.68,1.38,0.43,31.03,6.05,95.0,4.52,2.57,2.24,1.14,1.14,0.67,0.24,35.71,56.84,51.06,0.57,1.19,0.19,0.33,0.14,0.1,66.67,1.76,0.48,27.03,2.71,0.48,17.54,0.43,15.79
1196,Super League (CH),7426,Michael Frey,M. Frey,1994-07-19,80.52,18.89,23.34,14,14,0,313.0,22.36,10.79,48.24,3.57,0.36,3.9,1.36,174.0,12.43,6.57,52.87,4.36,1.79,40.98,5.21,45.0,3.21,1.36,2.0,0.71,0.57,0.43,0.14,33.33,42.22,35.71,1.07,0.71,0.79,0.29,0.14,0.14,100.0,5.0,0.43,8.57,7.64,1.14,14.95,1.57,20.56
1196,Super League (CH),7679,Mirko Salvi,M. Salvi,1994-02-14,97.23,25.93,24.16,5,5,0,121.0,24.2,17.8,73.55,0.0,0.0,3.74,2.56,66.0,13.2,10.6,80.3,0.2,0.0,0.0,13.0,16.0,3.2,3.0,2.0,2.0,0.0,0.0,0.0,,93.75,100.0,0.0,0.0,0.0,0.0,0.0,0.0,,0.6,0.2,33.33,0.6,0.0,0.0,0.0,0.0
1196,Super League (CH),8109,Noë Dussenne,N. Dussenne,1992-04-07,98.02,25.26,19.57,3,3,0,135.0,45.0,33.67,74.81,2.67,0.0,4.87,1.69,64.0,21.33,18.67,87.5,0.67,0.33,50.0,19.0,25.0,8.33,7.0,4.67,4.67,0.0,0.0,0.0,,84.0,100.0,0.0,0.33,0.33,0.0,0.33,0.0,0.0,1.0,0.0,0.0,1.0,0.0,0.0,0.33,33.33
1196,Super League (CH),8126,Numa Lavanchy,N. Lavanchy,1993-08-25,97.38,26.19,25.69,37,37,0,1605.0,43.38,31.35,72.27,2.57,0.32,3.88,1.24,1073.0,29.0,22.62,78.01,2.05,1.05,51.32,26.51,268.0,7.24,4.62,3.95,2.35,2.59,1.76,0.73,41.54,63.81,59.59,0.05,3.76,0.41,0.54,0.41,0.24,60.0,2.89,0.46,15.89,5.0,1.54,30.81,0.68,13.51
1196,Super League (CH),8893,Raúl Marcelo Bobadilla,R. Bobadilla,1987-06-18,31.23,9.12,5.75,2,2,0,17.0,8.5,2.0,23.53,1.5,0.0,2.53,1.14,9.0,4.5,1.5,33.33,1.0,0.0,0.0,2.5,1.0,0.5,0.5,0.5,0.5,0.0,0.0,0.0,,100.0,100.0,0.5,1.0,0.0,0.0,0.0,0.0,,2.0,0.0,0.0,3.0,0.5,16.67,1.0,33.33
1196,Super League (CH),8918,Remo Arnold,R. Arnold,1997-01-17,81.3,18.34,24.06,29,29,0,938.0,32.34,24.03,74.31,0.9,0.07,3.76,1.35,558.0,19.24,16.24,84.41,0.31,0.31,100.0,17.55,117.0,4.03,2.86,1.69,1.24,0.55,0.14,0.07,50.0,70.94,73.47,0.07,0.03,0.03,0.1,0.28,0.21,75.0,0.52,0.17,33.33,1.07,0.52,48.39,0.07,6.45
1196,Super League (CH),8939,Renato Steffen,R. Steffen,1991-11-03,74.12,22.68,16.83,29,29,0,918.0,31.66,23.17,73.2,3.83,0.55,4.95,1.41,678.0,23.38,17.55,75.07,2.31,1.41,61.19,17.52,188.0,6.48,4.31,2.93,1.52,1.34,0.9,0.24,26.92,66.49,51.76,0.79,0.72,0.31,0.72,0.45,0.14,30.77,3.48,0.52,14.85,6.07,0.62,10.23,0.76,12.5
1196,Super League (CH),9253,Roman Buess,R. Buess,1992-09-21,43.2,9.54,12.41,24,24,0,210.0,8.75,5.0,57.14,0.92,0.12,3.49,1.07,115.0,4.79,2.83,59.13,1.12,0.46,40.74,2.5,27.0,1.12,0.71,0.58,0.29,0.12,0.08,0.04,50.0,62.96,50.0,0.21,0.38,0.17,0.17,0.08,0.08,100.0,1.46,0.08,5.71,2.5,0.33,13.33,0.46,18.33
1196,Super League (CH),9447,Saidy Janko,S. Janko,1995-10-22,69.54,20.36,16.11,26,26,0,959.0,36.88,26.58,72.05,1.92,0.35,6.65,2.04,687.0,26.42,20.38,77.15,1.58,0.73,46.34,23.62,258.0,9.92,7.08,5.42,3.81,1.85,1.23,0.69,56.25,71.32,70.21,0.12,2.73,0.19,0.46,0.85,0.5,59.09,2.23,0.23,10.34,3.35,0.77,22.99,0.23,6.9
1196,Super League (CH),9540,Sandro Lauper,S. Lauper,1996-10-25,76.12,22.77,18.57,33,33,0,1455.0,44.09,37.7,85.5,1.91,0.24,4.14,1.53,959.0,29.06,26.82,92.28,0.21,0.06,28.57,27.67,227.0,6.88,6.09,3.39,3.0,1.03,0.39,0.33,84.62,88.55,88.39,0.09,0.15,0.06,0.03,0.39,0.27,69.23,0.39,0.06,15.38,0.55,0.09,16.67,0.03,5.56
1196,Super League (CH),10007,Stefanos Kapino,S. Kapino,1994-03-18,97.11,21.91,28.91,36,36,0,881.0,24.47,14.89,60.84,0.19,0.0,5.77,3.89,463.0,12.86,8.94,69.55,0.11,0.0,0.0,12.86,225.0,6.25,4.08,3.5,2.39,0.0,0.0,0.0,,65.33,68.25,0.0,0.0,0.0,0.0,0.42,0.25,60.0,0.28,0.08,30.0,0.28,0.08,30.0,0.0,0.0
1196,Super League (CH),10124,Steven Zuber,S. Zuber,1991-08-17,97.88,25.95,21.1,17,17,0,631.0,37.12,24.65,66.4,5.29,0.71,5.11,1.51,405.0,23.82,15.82,66.42,3.59,1.65,45.9,16.29,141.0,8.29,5.88,4.0,2.41,1.94,1.18,0.71,60.0,70.92,60.29,1.65,4.0,0.53,1.24,0.82,0.47,57.14,4.94,0.71,14.29,7.41,1.24,16.67,1.88,25.4
1196,Super League (CH),10936,Xherdan Shaqiri,X. Shaqiri,1991-10-10,78.11,22.19,19.31,32,32,0,1244.0,38.88,26.75,68.81,5.62,0.62,3.86,1.29,943.0,29.47,20.84,70.73,3.75,1.94,51.67,20.69,181.0,5.66,3.56,2.75,1.53,0.81,0.69,0.28,40.91,62.98,55.68,1.62,1.59,0.34,0.59,0.38,0.22,58.33,5.81,0.81,13.98,8.91,1.22,13.68,1.97,22.1
1196,Super League (CH),10950,Yanick Brecher,Y. Brecher,1993-05-25,97.86,25.58,22.11,22,22,0,811.0,36.86,23.59,64.0,0.18,0.0,3.99,2.58,486.0,22.09,14.82,67.08,0.27,0.0,0.0,21.09,113.0,5.14,3.05,3.0,1.91,0.05,0.0,0.0,,59.29,63.64,0.0,0.0,0.0,0.05,0.09,0.09,100.0,0.64,0.27,42.86,0.77,0.18,23.53,0.0,0.0
1196,Super League (CH),11218,Ablie Jallow,A. Jallow,1998-11-14,46.95,13.41,13.08,11,11,0,235.0,21.36,15.64,73.19,2.91,0.45,6.63,1.9,170.0,15.45,11.91,77.06,1.91,1.18,61.9,11.55,74.0,6.73,4.64,2.64,1.55,0.64,0.55,0.36,66.67,68.92,58.62,0.73,1.82,0.27,0.45,0.36,0.0,0.0,2.64,0.64,24.14,4.18,0.55,13.04,0.64,15.22
1196,Super League (CH),11299,Valon Berisha,V. Berisha,1993-02-07,60.75,13.46,14.89,12,12,0,341.0,28.42,21.08,74.19,1.83,0.25,3.15,1.24,204.0,17.0,13.42,78.92,0.75,0.33,44.44,13.75,41.0,3.42,2.5,1.83,1.25,0.17,0.0,0.0,,73.17,68.18,0.33,1.17,0.08,0.0,0.17,0.08,50.0,1.33,0.0,0.0,2.25,0.17,7.41,0.08,3.7
1196,Super League (CH),11333,David Douline,D. Douline,1993-05-28,83.66,23.43,22.03,28,28,0,811.0,28.96,20.36,70.28,2.29,0.36,4.11,1.21,467.0,16.68,13.54,81.16,0.89,0.29,32.0,12.29,149.0,5.32,3.71,2.46,1.54,0.57,0.29,0.21,75.0,69.8,62.32,0.79,1.18,0.14,0.11,0.04,0.0,0.0,1.82,0.21,11.76,3.21,0.68,21.11,0.25,7.78
1196,Super League (CH),11476,Morgan Poaty,M. Poaty,1997-07-15,65.63,16.87,16.16,33,33,0,968.0,29.33,21.12,72.01,2.0,0.15,5.04,1.51,665.0,20.15,14.97,74.29,1.3,0.52,39.54,18.18,189.0,5.73,3.88,3.24,2.18,1.79,1.33,0.82,61.36,67.72,67.29,0.06,2.0,0.3,0.45,0.64,0.27,42.86,1.73,0.21,12.28,2.73,0.45,16.67,0.24,8.89
1196,Super League (CH),11650,Anton Miranchuk,A. Miranchuk,1995-10-17,64.9,13.03,21.26,1,1,0,19.0,19.0,14.0,73.68,2.0,0.0,6.58,1.46,9.0,9.0,7.0,77.78,2.0,1.0,50.0,6.0,5.0,5.0,5.0,3.0,3.0,0.0,0.0,0.0,,100.0,100.0,2.0,3.0,0.0,1.0,0.0,0.0,,2.0,0.0,0.0,3.0,0.0,0.0,1.0,33.33
1196,Super League (CH),11769,Anthony Racioppi,A. Racioppi,1998-12-31,97.31,26.19,25.7,38,38,0,1268.0,33.37,22.53,67.51,0.32,0.11,4.3,2.92,775.0,20.39,14.87,72.9,0.11,0.05,50.0,20.03,198.0,5.21,3.34,3.5,2.37,0.05,0.03,0.03,100.0,64.14,67.67,0.0,0.0,0.0,0.0,0.13,0.05,40.0,0.26,0.03,10.0,0.45,0.16,35.29,0.0,0.0
1196,Super League (CH),11815,Milan Rodić,M. Rodić,1991-04-02,67.75,19.93,14.91,8,8,0,252.0,31.5,24.62,78.18,1.88,0.12,3.59,1.3,196.0,24.5,20.25,82.65,1.0,0.62,62.5,22.0,32.0,4.0,3.12,1.88,1.38,0.5,0.25,0.12,50.0,78.13,73.33,0.12,2.38,0.12,0.12,0.25,0.12,50.0,1.12,0.0,0.0,2.12,0.88,41.18,0.12,5.88
1196,Super League (CH),11971,Dylan Bronn,D. Bronn,1995-06-19,94.27,25.89,25.54,14,14,0,648.0,46.29,39.5,85.34,1.0,0.29,4.16,1.58,441.0,31.5,28.36,90.02,0.36,0.21,60.0,29.64,94.0,6.71,5.64,3.86,3.43,0.86,0.29,0.21,75.0,84.04,88.89,0.0,0.14,0.0,0.07,0.29,0.07,25.0,0.5,0.07,14.29,0.79,0.21,27.27,0.07,9.09
1196,Super League (CH),12238,Willem Geubbels,W. Geubbels,2001-08-16,79.19,15.66,22.23,3,3,0,52.0,17.33,5.33,30.77,6.33,1.67,6.52,1.7,25.0,8.33,3.0,36.0,2.0,1.0,50.0,5.0,19.0,6.33,2.67,4.0,1.33,1.33,1.0,0.0,0.0,42.11,33.33,0.33,1.33,0.67,1.33,0.33,0.0,0.0,2.33,0.0,0.0,3.67,1.0,27.27,0.0,0.0
1196,Super League (CH),12412,Christian Fassnacht,C. Fassnacht,1993-11-11,76.67,22.54,18.19,33,33,0,745.0,22.58,13.97,61.88,3.82,0.82,4.25,1.22,491.0,14.88,10.09,67.82,3.06,1.3,42.57,10.85,130.0,3.94,2.27,2.12,1.18,1.21,0.88,0.3,34.48,57.69,55.71,0.39,1.97,0.42,0.27,0.06,0.03,50.0,3.97,0.76,19.08,5.76,0.82,14.21,1.27,22.1
1196,Super League (CH),12452,Florent Mollet,F. Mollet,1991-11-19,55.8,15.11,15.04,23,23,0,632.0,27.48,21.83,79.43,2.26,0.17,3.3,1.24,443.0,19.26,16.0,83.07,2.13,1.22,57.14,15.04,73.0,3.17,2.61,1.43,1.04,0.22,0.22,0.13,60.0,82.19,72.73,0.3,2.09,0.22,0.3,0.13,0.04,33.33,3.26,0.48,14.67,4.35,0.48,11.0,0.52,12.0
1196,Super League (CH),12591,Karlo Letica,K. Letica,1997-02-11,97.65,24.86,25.43,37,37,0,645.0,17.43,10.86,62.33,0.05,0.0,5.57,3.17,319.0,8.62,5.62,65.2,0.14,0.05,40.0,8.35,175.0,4.73,2.92,3.49,2.19,0.03,0.03,0.03,100.0,61.71,62.79,0.0,0.0,0.0,0.0,0.11,0.05,50.0,0.3,0.08,27.27,0.41,0.22,53.33,0.0,0.0
1196,Super League (CH),12624,Rayan Ny Aina Arnaldo Raveloson,R. Raveloson,1997-01-16,66.21,18.85,15.95,23,23,0,659.0,28.65,21.96,76.63,2.39,0.17,4.46,1.53,398.0,17.3,14.09,81.41,0.7,0.35,50.0,13.87,120.0,5.22,4.09,2.39,1.83,0.48,0.22,0.13,60.0,78.33,76.36,0.26,1.04,0.0,0.13,0.35,0.17,50.0,1.17,0.17,14.82,1.96,0.22,11.11,0.22,11.11
1196,Super League (CH),12667,Saulo Decarli,S. Decarli,1992-02-04,78.99,17.99,20.63,11,11,0,246.0,22.36,13.73,61.38,0.73,0.09,3.99,1.22,79.0,7.18,5.64,78.48,0.0,0.0,,6.55,45.0,4.09,2.82,0.82,0.45,1.0,0.0,0.0,,68.89,55.56,0.0,0.09,0.0,0.0,0.09,0.09,100.0,0.0,0.0,,0.09,0.0,0.0,0.0,0.0
1196,Super League (CH),12742,Marcos Robson Cipriano,Marquinhos Cipriano,1999-02-09,52.92,13.93,13.7,2,2,0,40.0,20.0,13.5,67.5,0.0,0.0,3.86,1.28,24.0,12.0,9.0,75.0,0.5,0.0,0.0,11.0,7.0,3.5,3.0,2.0,2.0,1.0,0.5,0.5,100.0,85.71,100.0,0.0,0.5,0.0,0.0,0.5,0.0,0.0,0.5,0.0,0.0,1.0,0.0,0.0,0.0,0.0
1196,Super League (CH),12989,Lawrence Ati Zigi,L. Ati Zigi,1996-11-29,98.89,21.74,25.32,35,35,0,875.0,25.0,13.63,54.51,0.23,0.03,4.93,3.61,457.0,13.06,7.74,59.3,0.2,0.03,14.29,12.6,172.0,4.91,2.63,2.66,1.34,0.0,0.0,0.0,,53.49,50.54,0.0,0.0,0.0,0.03,0.26,0.09,33.33,0.43,0.14,33.33,0.66,0.14,21.74,0.0,0.0
1196,Super League (CH),13030,Edimilson Fernandes Ribeiro,E. Fernandes,1996-04-15,83.27,24.18,19.4,27,27,0,1213.0,44.93,36.52,81.29,4.26,0.37,4.75,1.56,849.0,31.44,27.19,86.45,0.56,0.33,60.0,27.59,241.0,8.93,7.3,3.48,2.63,1.26,0.67,0.48,72.22,81.74,75.53,0.56,0.89,0.04,0.33,0.37,0.15,40.0,1.15,0.19,16.13,2.07,0.19,8.93,0.07,3.57
1196,Super League (CH),13177,Houboulang Mendes,Houboulang Mendes,1998-05-04,65.03,18.16,17.26,16,16,0,398.0,24.88,16.56,66.58,1.25,0.38,3.08,1.16,290.0,18.12,13.25,73.1,1.06,0.25,23.53,16.81,44.0,2.75,1.31,1.38,0.81,0.75,0.38,0.19,50.0,47.73,59.09,0.06,0.94,0.0,0.06,0.06,0.06,100.0,1.75,0.25,14.29,2.56,0.75,29.27,0.06,2.44
1196,Super League (CH),13181,Matthias Phaëton,M. Phaeton,2000-01-08,67.54,17.45,15.65,24,24,0,566.0,23.58,13.67,57.95,3.96,0.46,10.04,2.61,395.0,16.46,9.79,59.49,2.0,0.83,41.67,12.0,255.0,10.62,5.62,5.96,2.54,2.08,1.62,0.33,20.51,52.94,42.66,0.42,1.29,0.38,1.79,1.12,0.38,33.33,2.88,0.5,17.39,5.54,1.33,24.06,0.92,16.54
1196,Super League (CH),13353,Lamine Fomba,L. Fomba,1998-01-26,63.99,18.18,17.04,33,33,0,880.0,26.67,20.0,75.0,2.61,0.36,5.68,1.63,538.0,16.3,13.12,80.48,1.21,0.52,42.5,12.39,226.0,6.85,5.45,2.97,2.09,0.55,0.27,0.21,77.78,79.65,70.41,1.15,2.0,0.27,0.33,0.33,0.18,54.54,1.67,0.27,16.36,2.91,0.36,12.5,0.42,14.58
1196,Super League (CH),13386,Florian Ayé,F. Ayé,1997-01-19,79.53,23.32,20.94,26,26,0,421.0,16.19,9.92,61.28,3.5,0.69,3.74,1.03,244.0,9.38,5.42,57.79,2.65,1.31,49.28,4.19,68.0,2.62,1.58,1.12,0.54,0.62,0.35,0.12,33.33,60.29,48.28,0.85,1.58,1.42,0.12,0.0,0.0,,3.38,0.5,14.77,5.54,0.73,13.2,1.85,33.33
1196,Super League (CH),13527,Jan Kronig,J. Kronig,2000-06-24,96.67,26.17,25.72,36,36,0,1561.0,43.36,35.94,82.9,1.22,0.17,5.29,1.64,1065.0,29.58,26.44,89.39,0.39,0.17,42.86,28.5,323.0,8.97,7.42,3.83,3.31,1.67,0.53,0.44,84.21,82.66,86.23,0.06,0.17,0.0,0.08,0.58,0.31,52.38,0.47,0.03,5.88,0.72,0.22,30.77,0.06,7.69
1196,Super League (CH),13740,Julian  von Moos,J. von Moos,2001-04-01,67.16,17.47,18.27,23,23,0,371.0,16.13,7.43,46.09,3.3,0.43,8.33,2.01,232.0,10.09,4.91,48.71,2.83,0.87,30.77,5.74,130.0,5.65,2.43,3.91,1.57,2.09,1.91,0.65,34.09,43.08,40.0,0.74,1.61,0.7,1.43,0.09,0.04,50.0,3.09,0.26,8.45,5.3,2.13,40.16,1.43,27.05
1196,Super League (CH),14016,Yan Valery,Y. Valery,1999-02-22,71.0,21.85,17.5,14,14,0,558.0,39.86,28.86,72.4,3.29,0.43,6.66,1.95,412.0,29.43,23.21,78.88,1.36,0.5,36.84,27.93,151.0,10.79,7.5,6.43,4.86,2.36,1.57,1.07,68.18,69.54,75.56,0.14,3.64,0.14,0.64,0.71,0.64,90.0,2.07,0.5,24.14,3.14,0.79,25.0,0.29,9.09
1196,Super League (CH),14134,Samuel Mráz,S. Mráz,1997-05-13,38.39,11.17,9.67,35,35,0,328.0,9.37,5.31,56.71,2.11,0.34,3.57,1.08,214.0,6.11,3.51,57.48,1.57,0.63,40.0,3.71,40.0,1.14,0.63,0.54,0.2,0.26,0.14,0.0,0.0,55.0,36.84,0.37,0.91,0.4,0.06,0.06,0.0,0.0,1.8,0.23,12.7,2.54,0.14,5.62,0.69,26.97
1196,Super League (CH),14242,Hicham Mahou,H. Mahou,1999-07-02,49.16,14.53,11.37,22,22,0,537.0,24.41,17.36,71.14,3.14,0.23,8.69,2.21,410.0,18.64,13.55,72.68,1.18,0.41,34.62,15.5,187.0,8.5,5.77,4.82,3.09,1.91,1.45,0.64,43.75,67.92,64.15,0.23,1.05,0.32,1.5,1.09,0.45,41.67,2.5,0.59,23.64,4.0,0.82,20.45,0.45,11.36
1196,Super League (CH),14434,Lukas Görtler,L. Görtler,1994-06-15,84.44,18.66,21.52,33,33,0,1134.0,34.36,22.48,65.43,4.0,0.7,4.12,1.48,572.0,17.33,12.39,71.5,1.79,0.79,44.07,12.7,190.0,5.76,3.79,2.61,1.88,0.58,0.27,0.24,88.89,65.79,72.09,0.58,0.73,0.36,0.3,0.21,0.18,85.71,2.3,0.24,10.53,3.97,0.55,13.74,0.73,18.32
1196,Super League (CH),14538,Hannes Delcroix,H. Delcroix,1999-02-28,88.52,26.64,21.64,14,14,0,601.0,42.93,36.14,84.19,1.64,0.14,3.1,1.24,412.0,29.43,25.86,87.86,0.93,0.64,69.23,26.71,52.0,3.71,2.86,1.07,0.79,1.21,0.5,0.36,71.43,76.92,73.33,0.21,0.79,0.07,0.5,0.21,0.21,100.0,1.57,0.29,18.18,2.71,0.86,31.58,0.43,15.79
1196,Super League (CH),14671,Chris Vianney Bedia,C. Bedia,1996-03-05,59.58,17.94,13.5,36,36,0,397.0,11.03,5.42,49.12,2.89,0.53,5.89,1.67,238.0,6.61,3.06,46.22,2.33,0.86,36.9,2.36,94.0,2.61,1.22,1.61,0.56,0.72,0.61,0.08,13.64,46.81,34.48,0.72,0.61,1.14,0.75,0.06,0.0,0.0,2.72,0.22,8.16,4.36,0.89,20.38,1.25,28.66
1196,Super League (CH),14715,Samuel Essende,S. Essende,1998-01-23,68.96,21.34,16.68,13,13,0,215.0,16.54,6.69,40.47,4.69,0.77,6.21,1.6,135.0,10.38,4.46,42.96,3.38,0.92,27.27,3.62,48.0,3.69,1.77,2.31,1.08,0.69,0.69,0.15,22.22,47.92,46.67,1.0,1.23,1.15,0.54,0.15,0.08,50.0,3.92,0.69,17.65,6.46,1.08,16.67,1.54,23.81
1196,Super League (CH),15774,Gaël  Ondoua,G. Ondoua,1995-11-04,30.78,9.49,7.17,11,11,0,141.0,12.82,10.27,80.14,0.64,0.18,3.61,1.25,102.0,9.27,8.36,90.19,0.18,0.0,0.0,8.36,17.0,1.55,1.45,0.36,0.36,0.18,0.0,0.0,,94.12,100.0,0.45,0.18,0.0,0.18,0.0,0.0,,0.45,0.0,0.0,0.55,0.09,16.67,0.0,0.0
1196,Super League (CH),16269,Bećir Omeragić,B. Omeragić,2002-01-20,82.28,23.01,23.76,8,8,0,311.0,38.88,33.0,84.89,0.75,0.0,5.53,1.68,199.0,24.88,23.0,92.46,0.38,0.12,33.33,22.62,70.0,8.75,7.5,3.38,3.12,1.25,0.25,0.12,50.0,85.72,92.59,0.12,0.5,0.0,0.0,0.25,0.12,50.0,0.38,0.0,0.0,0.75,0.5,66.67,0.0,0.0
1196,Super League (CH),16272,Ilan Sauter,I. Sauter,2001-02-06,70.79,16.9,17.3,24,24,0,736.0,30.67,24.04,78.4,1.25,0.17,4.9,1.58,451.0,18.79,15.88,84.48,0.46,0.21,45.45,17.25,149.0,6.21,4.83,3.46,2.88,1.21,0.75,0.54,72.22,77.85,83.13,0.08,0.83,0.0,0.04,0.42,0.04,10.0,0.54,0.0,0.0,0.83,0.12,15.0,0.04,5.0
1196,Super League (CH),16280,Kevin Rüegg,K. Rüegg,1998-08-05,61.55,17.15,15.89,20,20,0,615.0,30.75,23.1,75.12,1.65,0.0,4.86,1.58,425.0,21.25,17.0,80.0,1.25,0.8,64.0,19.7,127.0,6.35,4.4,3.55,2.45,1.25,0.75,0.45,60.0,69.29,69.01,0.15,2.1,0.15,0.15,0.85,0.5,58.82,1.8,0.4,22.22,2.6,0.85,32.69,0.2,7.69
1196,Super League (CH),16281,Fabian Rohner,F. Rohner,1998-08-17,68.38,14.99,20.69,16,16,0,398.0,24.88,13.75,55.28,2.25,0.25,5.1,1.36,249.0,15.56,9.31,59.84,2.25,1.0,44.45,13.56,79.0,4.94,2.56,2.62,1.12,1.81,1.38,0.5,36.36,51.9,42.86,0.25,2.0,0.44,0.44,0.25,0.0,0.0,2.62,0.31,11.9,4.06,1.12,27.69,0.56,13.85
1196,Super League (CH),16282,Mirlind Kryeziu,M. Kryeziu,1997-01-26,59.86,12.9,16.46,8,8,0,180.0,22.5,15.5,68.89,1.25,0.0,2.65,1.22,93.0,11.62,8.75,75.27,0.38,0.0,0.0,9.62,12.0,1.5,1.12,0.75,0.5,0.12,0.0,0.0,,75.0,66.67,0.0,0.0,0.12,0.0,0.25,0.12,50.0,0.38,0.0,0.0,0.62,0.25,40.0,0.12,20.0
1196,Super League (CH),16285,Lindrit Kamberi,L. Kamberi,1999-10-07,86.94,22.23,20.22,33,33,0,1152.0,34.91,25.24,72.31,1.76,0.21,3.84,1.28,678.0,20.55,17.15,83.48,0.58,0.24,42.11,18.79,169.0,5.12,3.88,2.33,1.76,1.0,0.58,0.33,57.89,75.74,75.32,0.06,0.73,0.09,0.21,0.27,0.06,22.22,0.79,0.12,15.38,1.55,0.48,31.37,0.18,11.77
1196,Super League (CH),16352,Jérémy Guillemenot,J. Guillemenot,1998-01-06,50.1,13.68,12.68,25,25,0,279.0,11.16,4.88,43.73,2.44,0.44,4.69,1.19,167.0,6.68,3.08,46.11,1.72,0.56,32.56,3.16,57.0,2.28,1.08,1.44,0.48,0.88,0.84,0.24,28.57,47.37,33.33,0.4,0.72,0.44,0.2,0.12,0.0,0.0,2.12,0.36,16.98,3.84,0.64,16.67,0.64,16.67
1196,Super League (CH),16663,Maximilian Ullmann,M. Ullmann,1996-06-17,57.78,13.02,15.33,19,19,0,307.0,16.16,8.58,53.09,1.53,0.11,3.91,1.19,192.0,10.11,5.89,58.33,1.21,0.47,39.13,8.42,51.0,2.68,1.16,1.47,0.79,0.58,0.37,0.11,28.57,43.14,53.57,0.05,0.84,0.0,0.21,0.16,0.05,33.33,1.68,0.05,3.12,2.63,0.84,32.0,0.16,6.0
1196,Super League (CH),16946,Jordi  Quintillà Guasch,Jordi Quintillà,1993-10-25,17.94,4.71,4.35,4,4,0,41.0,10.25,7.75,75.61,1.5,0.75,2.92,1.2,26.0,6.5,5.25,80.77,0.5,0.25,50.0,5.0,5.0,1.25,1.25,0.5,0.5,0.0,0.0,0.0,,100.0,100.0,0.5,0.5,0.0,0.0,0.0,0.0,,1.0,0.0,0.0,1.75,0.75,42.85,0.25,14.28
1196,Super League (CH),16960,Stefan Knežević,S. Knežević,1996-10-30,87.27,22.89,22.82,24,23,1,880.0,38.26,30.65,80.11,1.48,0.09,4.73,1.73,626.0,27.22,23.3,85.62,0.04,0.0,0.0,25.83,154.0,6.7,5.52,4.61,3.65,0.3,0.22,0.09,40.0,82.47,79.25,0.04,0.22,0.0,0.09,0.91,0.52,57.14,0.17,0.04,25.0,0.61,0.09,14.29,0.0,0.0
1196,Super League (CH),16962,Olivier Custodio Da Costa,O. Custodio,1995-02-10,80.28,20.36,20.72,34,34,0,1261.0,37.09,28.32,76.37,3.03,0.24,3.69,1.33,826.0,24.29,19.74,81.24,1.91,1.15,60.0,18.74,172.0,5.06,3.71,2.24,1.35,0.74,0.47,0.18,37.5,73.26,60.53,0.53,1.65,0.12,0.18,0.12,0.06,50.0,2.97,0.56,18.81,4.26,0.88,20.69,0.35,8.28
1196,Super League (CH),16969,Silvan Sidler,S. Sidler,1998-07-07,77.03,17.52,23.72,27,27,0,762.0,28.22,17.52,62.07,2.07,0.15,3.68,1.14,465.0,17.22,11.89,69.03,1.19,0.52,43.75,15.11,101.0,3.74,2.0,2.22,1.04,1.15,0.7,0.22,31.58,53.47,46.67,0.11,0.78,0.26,0.15,0.37,0.15,40.0,1.44,0.11,7.69,2.56,0.7,27.54,0.19,7.25
1196,Super League (CH),16970,Filip Ugrinić,F. Ugrinić,1999-01-05,30.48,10.24,4.57,2,2,0,42.0,21.0,16.0,76.19,1.5,0.5,3.09,1.11,28.0,14.0,11.0,78.57,0.0,0.0,,12.5,5.0,2.5,2.0,0.5,0.5,0.0,0.0,0.0,,80.0,100.0,0.0,1.0,0.0,0.0,0.0,0.0,,0.5,0.0,0.0,1.5,0.0,0.0,0.0,0.0
1196,Super League (CH),17591,Andrejs Cigaņiks,A. Cigaņiks,1997-04-12,45.05,11.78,10.9,26,25,1,620.0,24.8,16.92,68.23,2.04,0.36,4.34,1.43,414.0,16.56,12.12,73.19,0.8,0.4,50.0,15.04,116.0,4.64,3.2,2.12,1.56,0.8,0.4,0.28,70.0,68.97,73.59,0.04,0.88,0.32,0.16,0.4,0.24,60.0,1.16,0.24,20.69,2.2,0.28,12.73,0.48,21.82
1196,Super League (CH),17673,Marvin Martins Santos Da Graca,M. Martins,1995-02-17,79.85,19.28,26.01,11,11,0,433.0,39.36,32.82,83.37,0.82,0.09,4.47,1.62,274.0,24.91,22.09,88.69,0.55,0.27,50.0,23.27,81.0,7.36,6.45,3.27,2.91,1.0,0.18,0.09,50.0,87.65,88.89,0.0,0.09,0.0,0.18,0.45,0.18,40.0,0.55,0.0,0.0,0.55,0.09,16.67,0.0,0.0
1196,Super League (CH),18301,Sergio Duvan Córdova Lezama,S. Córdova,1997-08-09,45.78,12.53,10.9,21,21,0,201.0,9.57,5.05,52.74,1.29,0.38,5.68,1.49,119.0,5.67,2.95,52.1,1.95,0.67,34.15,2.76,52.0,2.48,1.14,1.43,0.62,0.71,0.57,0.14,25.0,46.15,43.33,0.24,0.86,0.67,0.24,0.1,0.0,0.0,2.14,0.19,8.89,3.57,0.71,20.0,1.0,28.0
1196,Super League (CH),19057,Chima Okoroji,C. Okoroji,1997-04-19,91.08,19.81,23.63,35,35,0,1088.0,31.09,20.0,64.34,2.49,0.4,5.56,1.45,603.0,17.23,11.94,69.32,0.8,0.34,42.86,14.6,263.0,7.51,4.74,4.14,2.26,2.43,1.4,0.66,46.94,63.12,54.48,0.31,1.4,0.14,0.46,0.57,0.23,40.0,1.17,0.09,7.32,2.0,0.4,20.0,0.23,11.43
1196,Super League (CH),19145,Lukas Mühl,L. Mühl,1997-01-27,77.27,17.62,22.84,15,15,0,420.0,28.0,21.6,77.14,0.73,0.0,4.51,1.5,235.0,15.67,14.33,91.49,0.13,0.0,0.0,14.33,79.0,5.27,3.93,2.53,1.87,0.67,0.0,0.0,,74.68,73.68,0.07,0.0,0.0,0.0,0.27,0.2,75.0,0.33,0.13,40.0,0.6,0.2,33.33,0.0,0.0
1196,Super League (CH),19178,Jozo Stanić,J. Stanić,1999-04-06,92.93,20.34,23.88,33,33,0,999.0,30.27,21.82,72.07,1.3,0.21,3.95,1.34,477.0,14.45,12.21,84.49,0.27,0.09,33.33,12.97,161.0,4.88,3.52,1.88,1.39,0.94,0.09,0.06,66.67,72.05,74.19,0.06,0.15,0.0,0.0,0.15,0.03,20.0,0.3,0.03,10.0,0.67,0.09,13.64,0.03,4.55
1196,Super League (CH),19218,Lukas Daschner,L. Daschner,1998-10-01,86.17,18.82,22.73,26,26,0,710.0,27.31,16.77,61.41,3.19,0.19,4.19,1.27,352.0,13.54,9.27,68.47,0.77,0.35,45.0,10.81,103.0,3.96,2.73,2.12,1.54,0.5,0.23,0.15,66.67,68.93,72.73,0.65,1.04,0.08,1.0,0.15,0.08,50.0,1.38,0.19,13.89,2.5,0.46,18.46,0.65,26.15
1196,Super League (CH),19367,Vasilije Janjičić,V. Janjičić,1998-11-02,37.0,8.23,10.01,8,7,1,85.0,12.14,9.29,76.47,1.43,0.0,3.6,1.24,40.0,5.71,4.86,85.0,0.0,0.0,,5.14,10.0,1.43,1.14,0.71,0.57,0.57,0.43,0.29,66.67,80.0,80.0,0.0,0.29,0.0,0.29,0.0,0.0,,0.0,0.0,,0.14,0.0,0.0,0.0,0.0
1196,Super League (CH),19371,Stephan Kofi Ambrosius,S. Ambrosius,1998-12-18,48.92,10.49,14.89,4,4,0,100.0,25.0,19.25,77.0,0.75,0.25,3.54,1.53,50.0,12.5,10.5,84.0,0.0,0.0,,11.5,13.0,3.25,2.25,1.5,1.0,0.25,0.0,0.0,,69.23,66.67,0.0,0.0,0.0,0.25,0.25,0.25,100.0,0.25,0.0,0.0,0.5,0.0,0.0,0.0,0.0
1196,Super League (CH),19457,Kevin Behrens,K. Behrens,1991-02-03,70.95,21.11,16.89,34,34,0,547.0,16.09,8.94,55.58,3.24,0.56,4.09,1.03,365.0,10.74,6.35,59.18,2.56,1.18,45.98,4.68,76.0,2.24,1.0,1.44,0.38,1.21,0.88,0.12,13.33,44.74,26.53,0.5,1.88,1.32,0.38,0.06,0.0,0.0,3.47,0.59,16.95,6.29,0.82,13.08,1.38,21.96
1196,Super League (CH),20249,Ilyas Chouaref,I. Chouaref,2000-12-12,80.49,22.0,21.06,38,38,0,1300.0,34.21,20.79,60.77,6.13,0.68,8.61,2.32,914.0,24.05,15.29,63.57,4.45,2.32,52.07,16.26,475.0,12.5,6.84,9.11,4.58,3.61,3.11,1.26,40.68,54.74,50.29,0.97,3.39,0.74,2.05,0.63,0.21,33.33,5.68,1.16,20.37,9.84,2.84,28.88,1.82,18.45
1196,Super League (CH),20257,Kévin Mouanga,K. Mouanga,2000-07-24,91.9,23.49,24.15,36,36,0,1553.0,43.14,33.36,77.33,1.78,0.11,4.74,1.59,924.0,25.67,21.64,84.31,0.67,0.25,37.5,23.56,296.0,8.22,6.17,4.36,3.22,1.58,0.67,0.36,54.17,75.0,73.89,0.17,0.61,0.11,0.47,0.75,0.47,62.96,0.92,0.06,6.06,1.56,0.42,26.79,0.08,5.36
1196,Super League (CH),22143,Léo Leroy,L. Leroy,2000-02-14,81.51,23.18,20.4,33,33,0,1393.0,42.21,31.94,75.66,4.15,0.24,3.85,1.17,935.0,28.33,22.03,77.75,1.85,0.85,45.9,21.67,210.0,6.36,4.76,3.36,2.27,0.97,0.58,0.15,26.32,74.76,67.57,1.58,2.27,0.33,0.21,0.48,0.21,43.75,2.91,0.55,18.75,4.64,0.94,20.26,0.94,20.26
1196,Super League (CH),22148,Lars Lukas Mai,L. Mai,2000-03-31,85.87,25.21,21.22,34,34,0,1713.0,50.38,45.0,89.32,1.24,0.18,3.62,1.59,1200.0,35.29,33.06,93.67,0.15,0.09,60.0,33.35,231.0,6.79,6.26,3.38,3.15,0.71,0.18,0.18,100.0,92.21,93.04,0.21,0.15,0.0,0.06,0.47,0.29,62.5,0.29,0.0,0.0,0.41,0.09,21.43,0.06,14.29
1196,Super League (CH),22155,Bledian Krasniqi,B. Krasniqi,2001-06-17,58.17,15.37,14.36,30,30,0,771.0,25.7,19.13,74.45,2.3,0.43,6.56,1.82,513.0,17.1,13.23,77.39,1.3,0.63,48.72,13.0,227.0,7.57,5.5,3.77,2.63,1.57,0.87,0.67,76.92,72.69,69.91,1.13,2.23,0.13,0.53,0.67,0.43,65.0,2.0,0.3,15.0,3.2,0.53,16.67,0.5,15.63
1196,Super League (CH),22186,Albert Vallci,A. Vallci,1995-07-02,37.45,8.55,9.53,11,11,0,149.0,13.55,9.36,69.13,0.45,0.09,4.38,1.55,67.0,6.09,4.73,77.61,0.0,0.0,,5.45,28.0,2.55,1.82,1.36,1.0,0.27,0.09,0.09,100.0,71.43,73.33,0.0,0.0,0.0,0.0,0.0,0.0,,0.0,0.0,,0.09,0.0,0.0,0.0,0.0
1196,Super League (CH),22887,Adrian Grbić,A. Grbić,1996-08-04,55.78,14.56,14.32,26,25,1,251.0,10.04,4.52,45.02,2.4,0.32,4.52,1.13,134.0,5.36,2.44,45.52,1.8,0.48,26.67,2.28,49.0,1.96,0.72,1.08,0.2,0.6,0.48,0.0,0.0,36.73,18.52,0.36,0.4,0.44,0.08,0.08,0.04,50.0,2.16,0.24,11.11,3.68,0.52,14.13,1.2,32.61
1196,Super League (CH),23194,Hugo Vandermersch,H. Vandermersch,1999-05-05,84.97,18.46,21.93,36,36,0,1008.0,28.0,16.36,58.43,2.86,0.19,5.16,1.51,576.0,16.0,10.67,66.67,1.56,0.69,44.64,13.67,210.0,5.83,3.28,3.14,1.64,1.36,0.81,0.42,51.72,56.19,52.21,0.19,1.67,0.19,0.78,0.39,0.28,71.43,1.86,0.25,13.43,3.33,0.78,23.33,0.19,5.83
1196,Super League (CH),23477,Mattias Käit,M. Käit,1998-06-29,74.62,16.13,19.52,28,26,2,540.0,20.77,14.54,70.0,1.46,0.23,2.99,0.92,224.0,8.62,7.23,83.93,0.35,0.19,55.56,6.65,61.0,2.35,1.5,1.08,0.65,0.85,0.38,0.23,60.0,63.93,60.71,0.12,0.27,0.0,0.04,0.04,0.04,100.0,0.42,0.0,0.0,1.12,0.12,10.34,0.04,3.45
1196,Super League (CH),23719,Yoan Severin,Y. Severin,1997-01-24,71.77,20.4,19.22,16,16,0,563.0,35.19,30.44,86.5,0.69,0.25,3.99,1.54,375.0,23.44,21.56,92.0,0.06,0.06,100.0,22.19,87.0,5.44,4.75,1.88,1.62,0.69,0.25,0.25,100.0,87.36,86.67,0.0,0.06,0.06,0.0,0.12,0.12,100.0,0.06,0.0,0.0,0.31,0.12,40.0,0.12,40.0
1196,Super League (CH),24227,Philippe Paulin Keny,P. Keny,1999-05-18,88.97,21.7,20.9,31,31,0,785.0,25.32,10.71,42.29,3.81,0.55,6.44,1.85,427.0,13.77,6.58,47.78,4.81,2.0,41.61,5.45,215.0,6.94,2.77,3.68,1.23,1.42,1.13,0.23,20.0,40.0,33.33,1.13,0.97,0.87,1.03,0.03,0.0,0.0,5.61,0.77,13.79,8.97,1.65,18.34,1.42,15.83
1196,Super League (CH),24447,Lisandru Tramoni,L. Tramoni,2003-04-18,23.58,8.19,4.78,5,5,0,70.0,14.0,6.8,48.57,0.6,0.0,8.0,2.31,56.0,11.2,6.0,53.57,0.4,0.0,0.0,9.4,26.0,5.2,2.0,3.0,1.0,0.6,0.4,0.4,100.0,38.46,33.33,0.6,1.0,0.0,0.4,1.0,0.2,20.0,1.2,0.0,0.0,2.2,0.6,27.27,0.0,0.0
1196,Super League (CH),24450,Ebrima Colley,E. Colley,2000-02-01,30.06,8.68,6.86,17,17,0,210.0,12.35,7.47,60.48,2.24,0.18,7.2,1.84,152.0,8.94,5.53,61.84,1.06,0.35,33.33,6.53,67.0,3.94,2.12,2.65,1.12,1.35,1.12,0.29,26.31,53.73,42.22,0.41,1.29,0.24,0.47,0.88,0.35,40.0,1.53,0.24,15.38,2.71,0.71,26.09,0.35,13.04
1196,Super League (CH),24698,Óscar Clemente Mues,Óscar Clemente,1999-03-26,52.81,12.07,13.55,23,22,1,450.0,20.45,13.41,65.55,2.5,0.23,4.04,1.15,271.0,12.32,8.45,68.64,2.5,1.36,54.55,8.23,76.0,3.45,2.09,2.09,1.18,0.73,0.5,0.32,63.64,60.53,56.52,0.41,1.59,0.36,0.41,0.23,0.18,80.0,3.36,0.36,10.81,5.18,0.82,15.79,0.73,14.04
1196,Super League (CH),25046,Juan José Perea Mendoza,J. Perea,2000-02-23,37.13,9.04,7.85,21,21,0,161.0,7.67,3.19,41.62,1.24,0.24,5.84,1.72,91.0,4.33,1.86,42.86,1.76,0.57,32.43,1.81,44.0,2.1,0.86,1.19,0.33,0.38,0.38,0.05,12.5,40.91,28.0,0.14,0.67,0.38,0.24,0.0,0.0,,2.19,0.38,17.39,3.1,0.48,15.38,0.24,7.69
1196,Super League (CH),25321,Layton Stewart,L. Stewart,2002-09-03,16.11,3.18,4.31,5,5,0,14.0,2.8,1.2,42.86,1.0,0.2,5.92,1.48,8.0,1.6,0.8,50.0,0.0,0.0,,0.8,4.0,0.8,0.4,0.4,0.2,0.2,0.2,0.0,0.0,50.0,50.0,0.2,0.4,0.2,0.0,0.0,0.0,,0.0,0.0,,0.6,0.2,33.33,0.2,33.33
1196,Super League (CH),25338,Bryan Okoh,B. Okoh,2003-05-16,67.32,16.68,16.91,16,16,0,442.0,27.62,21.5,77.83,0.81,0.0,4.39,1.48,235.0,14.69,12.44,84.68,0.31,0.06,20.0,14.25,82.0,5.12,3.75,3.56,2.69,0.69,0.31,0.25,80.0,73.17,75.44,0.19,0.06,0.0,0.31,0.12,0.06,50.0,0.31,0.0,0.0,0.5,0.0,0.0,0.12,25.0
1196,Super League (CH),25378,Darian  Maleš,D. Maleš,2001-05-03,41.99,11.91,9.82,30,30,0,427.0,14.23,9.27,65.11,2.5,0.43,5.84,1.63,324.0,10.8,7.57,70.06,1.33,0.67,50.0,8.77,114.0,3.8,2.13,2.27,1.0,0.93,0.7,0.3,42.86,56.14,44.12,0.63,1.03,0.53,0.53,0.43,0.13,30.77,1.67,0.43,26.0,3.0,0.67,22.22,0.9,30.0
1196,Super League (CH),25383,Marco Burch,M. Burch,2000-10-19,87.39,25.44,22.3,18,18,0,942.0,52.33,43.06,82.27,1.11,0.11,5.01,1.75,621.0,34.5,30.72,89.05,0.83,0.39,46.67,32.39,191.0,10.61,8.72,6.11,5.11,1.28,0.61,0.5,81.82,82.2,83.64,0.0,0.5,0.06,0.0,1.0,0.83,83.33,1.22,0.0,0.0,1.61,0.61,37.93,0.06,3.45
1196,Super League (CH),25390,Timothé Cognat,T. Cognat,1998-01-25,96.05,27.19,25.28,31,31,0,1923.0,62.03,46.48,74.94,5.52,0.61,6.08,1.77,1246.0,40.19,31.39,78.09,3.26,1.68,51.49,32.29,477.0,15.39,10.65,7.52,4.9,3.26,2.16,1.19,55.22,69.18,65.24,1.81,3.03,0.39,1.19,1.16,0.65,55.56,4.55,0.84,18.44,7.68,1.77,23.11,0.84,10.92
1196,Super League (CH),25391,Steve Rouiller,S. Rouiller,1990-07-10,89.78,25.44,23.44,34,34,0,1580.0,46.47,39.06,84.05,1.03,0.21,4.42,1.66,1001.0,29.44,26.76,90.91,0.35,0.12,33.33,27.71,294.0,8.65,7.5,3.88,3.32,0.68,0.15,0.12,80.0,86.73,85.61,0.06,0.21,0.06,0.03,0.56,0.29,52.63,0.5,0.09,17.65,0.91,0.15,16.13,0.15,16.13
1196,Super League (CH),25392,Jeremy Frick,J. Frick,1993-03-08,88.91,24.18,24.52,12,12,0,287.0,23.92,14.67,61.32,0.0,0.0,4.93,2.98,180.0,15.0,10.33,68.89,0.0,0.0,,14.75,60.0,5.0,3.25,3.58,2.42,0.08,0.08,0.08,100.0,65.0,67.44,0.0,0.0,0.0,0.0,0.25,0.17,66.67,0.08,0.0,0.0,0.67,0.08,12.5,0.0,0.0
1196,Super League (CH),25393,Miroslav Stevanović,M. Stevanović,1990-07-29,89.68,25.53,23.73,37,37,0,1377.0,37.22,23.22,62.38,5.62,0.92,5.24,1.37,932.0,25.19,16.51,65.56,3.97,1.84,46.26,18.73,298.0,8.05,5.7,4.68,2.97,2.3,1.68,0.86,51.61,70.81,63.58,0.97,4.49,0.95,0.54,0.22,0.14,62.5,5.08,0.68,13.3,8.16,2.03,24.83,1.51,18.54
1196,Super League (CH),25401,Nias Hefti,N. Hefti,1999-09-18,96.97,26.25,25.56,37,37,0,1677.0,45.32,30.57,67.44,3.41,0.22,4.81,1.47,1172.0,31.68,22.27,70.31,2.54,1.38,54.26,28.51,331.0,8.95,5.65,6.32,3.97,2.49,2.08,1.16,55.84,63.14,62.82,0.05,4.46,0.35,0.62,0.81,0.38,46.67,3.97,0.62,15.65,5.86,1.84,31.34,0.62,10.6
1196,Super League (CH),25404,Chris Kablan,C. Kablan,1994-11-30,64.65,14.23,16.55,12,12,0,241.0,20.08,12.42,61.83,1.0,0.0,3.98,1.2,138.0,11.5,7.58,65.94,1.42,0.58,41.18,9.75,45.0,3.75,2.42,1.42,0.92,0.83,0.33,0.17,50.0,64.44,64.71,0.08,0.75,0.17,0.25,0.0,0.0,,1.75,0.17,9.52,2.67,0.67,25.0,0.08,3.12
1196,Super League (CH),25406,Basil Stillhart,B. Stillhart,1994-03-24,23.9,5.24,6.49,3,3,0,35.0,11.67,9.33,80.0,0.67,0.0,5.11,1.68,20.0,6.67,5.33,80.0,1.33,0.67,50.0,5.0,10.0,3.33,2.67,0.0,0.0,0.67,0.0,0.0,,80.0,,0.0,0.67,0.33,0.33,0.0,0.0,,1.33,0.33,25.0,1.67,0.0,0.0,0.0,0.0
1196,Super League (CH),25408,Justin Roth,J. Roth,2000-10-29,60.23,13.28,15.06,27,26,1,476.0,18.31,12.62,68.91,1.54,0.27,4.24,1.21,239.0,9.19,7.12,77.41,1.23,0.65,53.12,7.0,86.0,3.31,2.42,1.35,0.92,0.58,0.31,0.19,62.5,73.26,68.57,0.19,0.96,0.08,0.19,0.12,0.08,66.67,1.42,0.23,16.22,1.92,0.38,20.0,0.19,10.0
1196,Super League (CH),25413,Alexis Antunes,A. Antunes,2000-07-31,56.34,16.44,14.55,12,12,0,300.0,25.0,15.92,63.67,3.42,0.17,7.13,1.73,227.0,18.92,11.67,61.67,4.25,2.25,52.94,10.5,94.0,7.83,5.08,4.08,2.33,2.25,1.83,1.0,54.55,64.89,57.14,0.58,4.0,0.25,0.92,0.42,0.08,20.0,5.83,1.0,17.14,8.42,1.5,17.82,1.25,14.85
1196,Super League (CH),25520,Sven Köhler,S. Köhler,1996-11-08,99.08,23.32,28.1,14,14,0,627.0,44.79,35.71,79.74,1.79,0.14,5.74,1.95,323.0,23.07,20.43,88.55,0.07,0.07,100.0,21.36,161.0,11.5,10.21,6.29,5.71,1.21,0.36,0.21,60.0,88.82,90.91,0.14,0.21,0.0,0.36,0.64,0.36,55.56,0.5,0.29,57.14,1.0,0.14,14.29,0.07,7.14
1196,Super League (CH),26192,Nicky Stephane Medja Beloko,N. Beloko,2000-02-16,70.28,18.14,19.08,22,22,0,719.0,32.68,22.45,68.71,2.59,0.23,5.62,1.74,447.0,20.32,15.59,76.73,2.73,1.09,40.0,14.73,171.0,7.77,4.95,4.18,2.41,1.64,1.18,0.41,34.61,63.74,57.61,0.55,2.23,0.05,0.5,0.23,0.05,20.0,3.55,0.5,14.1,5.68,1.27,22.4,0.14,2.4
1196,Super League (CH),26200,Alexandre Jankewitz,A. Jankewitz,2001-12-25,71.54,15.94,22.31,31,31,0,855.0,27.58,18.55,67.25,1.61,0.32,4.06,1.32,507.0,16.35,11.94,72.98,1.61,0.74,46.0,11.26,149.0,4.81,2.74,2.65,1.35,0.74,0.55,0.26,47.06,57.05,51.22,0.81,1.0,0.29,0.23,0.29,0.16,55.56,2.32,0.19,8.33,4.1,0.87,21.26,0.52,12.6
1196,Super League (CH),26677,Koba Leïn Koindredi,K. Koindredi,2001-10-27,47.41,13.64,11.49,27,27,0,523.0,19.37,15.11,78.01,1.63,0.15,4.98,1.49,353.0,13.07,10.52,80.45,0.59,0.22,37.5,9.96,108.0,4.0,2.56,1.93,1.0,0.41,0.41,0.19,45.45,63.89,51.92,0.89,1.15,0.07,0.74,0.37,0.11,30.0,1.11,0.19,16.67,2.19,0.52,23.73,0.22,10.17
1196,Super League (CH),26723,Betim Fazliji,B. Fazliji,1999-04-25,16.3,3.2,4.58,6,6,0,28.0,4.67,2.17,46.43,1.0,0.33,7.58,1.98,19.0,3.17,1.5,47.37,0.17,0.17,100.0,2.67,10.0,1.67,0.83,0.67,0.5,0.17,0.17,0.17,100.0,50.0,75.0,0.17,0.17,0.0,0.33,0.17,0.0,0.0,0.67,0.5,75.0,1.0,0.0,0.0,0.0,0.0
1196,Super League (CH),26734,Kastriot Imeri,K. Imeri,2000-06-27,55.08,12.35,14.23,29,29,0,554.0,19.1,10.45,54.69,3.14,0.45,4.85,1.29,328.0,11.31,6.79,60.06,1.79,0.62,34.62,8.52,118.0,4.07,2.03,1.93,0.9,1.41,0.9,0.38,42.31,50.0,46.43,0.52,1.07,0.38,0.21,0.14,0.03,25.0,2.21,0.21,9.37,3.66,0.9,24.53,0.97,26.42
1196,Super League (CH),26737,Nicolas Vouilloz,N. Vouilloz,2001-05-11,82.91,23.78,20.67,30,30,0,1404.0,46.8,39.4,84.19,0.8,0.07,4.43,1.46,961.0,32.03,27.8,86.79,0.53,0.37,68.75,30.43,245.0,8.17,6.67,4.5,3.47,1.2,0.37,0.27,72.73,81.63,77.04,0.1,0.57,0.03,0.03,0.47,0.2,42.86,0.7,0.07,9.52,1.23,0.43,35.13,0.0,0.0
1196,Super League (CH),26763,Dirk Abels,D. Abels,1997-06-13,93.93,21.14,26.17,31,30,1,894.0,29.8,20.8,69.8,1.77,0.23,3.51,1.22,456.0,15.2,11.97,78.73,0.67,0.33,50.0,13.33,115.0,3.83,2.73,2.43,1.9,0.93,0.43,0.33,76.92,71.3,78.08,0.13,0.4,0.13,0.1,0.23,0.13,57.14,0.83,0.17,20.0,1.37,0.33,24.39,0.07,4.88
1196,Super League (CH),27147,Zachary Brault-Guillard,Z. Brault-Guillard,1998-12-30,27.35,7.0,6.66,18,18,0,175.0,9.72,6.94,71.43,0.44,0.06,5.07,1.63,121.0,6.72,5.06,75.21,0.33,0.11,33.33,5.94,31.0,1.72,1.17,1.11,0.94,0.33,0.28,0.17,60.0,67.74,85.0,0.0,0.5,0.11,0.06,0.11,0.06,50.0,0.39,0.06,14.29,0.72,0.06,7.69,0.06,7.69
1196,Super League (CH),27233,Théo Bair,T. Bair,1999-08-27,71.7,17.53,19.98,23,23,0,377.0,16.39,9.04,55.17,3.39,0.26,5.29,1.42,272.0,11.83,7.09,59.93,3.39,1.57,46.15,5.87,89.0,3.87,2.0,2.39,0.91,1.09,1.0,0.17,17.39,51.69,38.18,1.04,2.26,0.91,0.43,0.3,0.09,28.57,4.26,0.74,17.35,6.3,1.04,16.55,1.22,19.31
1196,Super League (CH),27863,Pajtim Kasami,P. Kasami,1992-06-02,64.52,13.8,19.32,24,24,0,628.0,26.17,16.83,64.33,3.04,0.29,3.57,1.18,394.0,16.42,11.42,69.54,1.38,0.58,42.42,12.83,85.0,3.54,2.79,1.5,1.08,0.25,0.25,0.12,50.0,78.82,72.22,0.54,0.5,0.04,0.21,0.29,0.17,57.14,2.46,0.29,11.86,3.62,0.62,17.24,0.54,14.94
1196,Super League (CH),28128,Armin Gigović,A. Gigović,2002-04-06,71.24,21.26,17.23,31,31,0,1072.0,34.58,25.65,74.16,3.32,0.39,5.16,1.51,702.0,22.65,17.81,78.63,1.77,0.77,43.64,17.81,223.0,7.19,5.19,2.84,1.65,1.52,0.94,0.48,51.72,72.2,57.95,1.16,2.39,0.29,0.29,0.35,0.06,18.18,2.65,0.45,17.07,4.1,0.42,10.24,0.94,22.83
1196,Super League (CH),28952,Lukas Watkowiak,L. Watkowiak,1996-03-06,96.77,19.08,27.51,3,3,0,80.0,26.67,15.33,57.5,0.33,0.0,4.83,3.75,40.0,13.33,7.67,57.5,0.0,0.0,,13.33,17.0,5.67,3.0,4.0,2.33,0.0,0.0,0.0,,52.94,58.34,0.0,0.0,0.0,0.0,0.67,0.33,50.0,0.0,0.0,,0.0,0.0,,0.0,
1196,Super League (CH),28961,Dominik Franke,D. Franke,1998-10-05,40.9,8.67,9.88,12,11,1,143.0,13.0,7.55,58.04,0.64,0.09,3.95,1.28,67.0,6.09,3.91,64.18,0.0,0.0,,5.18,24.0,2.18,0.91,1.18,0.55,0.73,0.27,0.09,33.33,41.67,46.16,0.09,0.18,0.0,0.0,0.09,0.0,0.0,0.18,0.09,50.0,0.18,0.09,50.0,0.0,0.0
1196,Super League (CH),29770,Mihailo Stevanović,M. Stevanović,2002-01-04,43.35,8.7,11.99,21,21,0,211.0,10.05,6.57,65.4,1.33,0.19,3.63,1.1,99.0,4.71,3.67,77.78,0.38,0.24,62.5,3.67,30.0,1.43,1.05,0.95,0.71,0.19,0.14,0.14,100.0,73.33,75.0,0.19,0.19,0.05,0.14,0.05,0.0,0.0,0.62,0.05,7.69,1.14,0.24,20.83,0.19,16.67
1196,Super League (CH),29780,Jamie Roche,J. Roche,2001-05-04,82.86,20.78,21.65,28,28,0,930.0,33.21,26.39,79.46,2.54,0.21,2.93,1.06,546.0,19.5,17.11,87.73,0.43,0.32,75.0,16.86,92.0,3.29,2.43,1.14,0.64,0.43,0.21,0.07,33.33,73.91,56.25,0.75,0.54,0.0,0.18,0.07,0.04,50.0,0.75,0.11,14.29,1.32,0.29,21.62,0.04,2.7
1196,Super League (CH),29803,Konrad de La Fuente,Konrad de La Fuente,2001-07-16,35.67,11.72,7.96,2,2,0,22.0,11.0,7.5,68.18,0.5,0.0,3.36,0.89,14.0,7.0,4.5,64.28,1.0,0.5,50.0,3.5,3.0,1.5,1.0,1.5,1.0,0.0,0.0,0.0,,66.67,66.67,0.5,0.0,0.0,0.5,0.0,0.0,,1.0,0.0,0.0,3.0,0.5,16.67,0.5,16.67
1196,Super League (CH),30057,Georgios Koutsias,G. Koutsias,2004-02-08,52.95,15.67,12.79,31,31,0,404.0,13.03,8.29,63.61,1.77,0.29,7.99,1.94,277.0,8.94,6.16,68.95,1.32,0.74,56.1,5.39,127.0,4.1,2.58,2.1,1.06,1.35,0.9,0.32,35.71,62.99,50.77,0.48,1.23,0.35,0.32,0.16,0.06,40.0,1.94,0.29,15.0,3.61,0.52,14.29,0.58,16.07
1196,Super League (CH),30509,Henri Koide,H. Koide,2001-04-06,39.5,10.41,7.8,2,2,0,28.0,14.0,7.0,50.0,2.0,0.0,6.45,1.75,13.0,6.5,4.0,61.54,2.0,1.5,75.0,3.0,9.0,4.5,1.5,1.5,1.0,1.0,1.0,0.5,50.0,33.33,66.67,0.0,1.0,0.0,0.5,0.5,0.0,0.0,2.5,0.5,20.0,4.0,0.5,12.5,1.5,37.5
1196,Super League (CH),30514,Alban Ajdini,A. Ajdini,1999-07-09,33.54,8.64,8.29,28,28,0,300.0,10.71,5.93,55.33,1.79,0.11,6.71,1.87,208.0,7.43,4.36,58.65,1.54,0.82,53.49,4.75,89.0,3.18,1.5,1.54,0.5,0.5,0.36,0.14,40.0,47.19,32.56,0.32,0.82,0.25,0.29,0.11,0.07,66.67,2.21,0.32,14.52,3.57,0.5,14.0,0.82,23.0
1196,Super League (CH),30518,Baltazar Costa Rodrigues de Oliveira,Baltazar Costa,2000-05-06,80.63,22.17,21.16,35,35,0,1356.0,38.74,29.91,77.21,2.57,0.2,3.97,1.32,868.0,24.8,21.0,84.68,0.86,0.43,50.0,20.83,196.0,5.6,4.31,2.8,1.89,1.09,0.71,0.46,64.0,77.04,67.35,0.63,0.8,0.09,0.2,0.26,0.11,44.44,1.37,0.06,4.17,2.83,0.94,33.33,0.43,15.15
1196,Super League (CH),30531,Tyron Owusu,T. Owusu,2003-06-08,94.52,25.1,24.42,37,36,1,1279.0,35.53,28.42,79.98,2.44,0.44,4.4,1.32,827.0,22.97,19.19,83.56,1.67,0.81,48.33,18.75,205.0,5.69,3.92,3.33,2.22,1.58,1.25,0.78,62.22,68.78,66.67,0.72,1.83,0.28,0.81,0.22,0.14,62.5,2.19,0.25,11.39,3.75,1.14,30.37,0.36,9.63
1196,Super League (CH),30532,Ashvin Balaruban,A. Balaruban,2001-08-08,26.66,5.39,7.91,2,2,0,12.0,6.0,4.0,66.67,0.0,0.0,7.6,2.11,5.0,2.5,2.0,80.0,0.0,0.0,,2.5,3.0,1.5,0.5,1.0,0.0,0.5,0.5,0.0,0.0,33.33,0.0,0.0,1.0,0.0,0.0,0.0,0.0,,0.0,0.0,,0.0,0.0,,0.0,
1196,Super League (CH),30545,Nils Ramiro Reichmuth,N. Reichmuth,2002-02-22,49.62,11.04,12.55,31,29,2,440.0,15.17,7.55,49.77,3.1,0.28,8.1,1.91,223.0,7.69,4.0,52.02,1.55,0.59,37.78,5.17,160.0,5.52,2.62,2.62,1.14,1.79,1.24,0.45,36.11,47.5,43.42,0.34,1.1,0.28,1.14,0.34,0.14,40.0,2.0,0.48,24.14,3.41,0.83,24.24,0.9,26.26
1196,Super League (CH),30573,Matteo Di Giusto,M. Di Giusto,2000-08-18,90.46,24.17,23.38,38,37,1,1427.0,38.57,24.08,62.44,6.54,0.68,5.75,1.57,948.0,25.62,16.3,63.61,3.65,1.54,42.22,19.62,349.0,9.43,5.73,5.19,2.73,2.57,2.0,0.78,39.19,60.75,52.6,0.84,3.81,0.86,1.22,0.54,0.3,55.0,4.76,0.73,15.34,8.22,2.03,24.67,2.16,26.32
1196,Super League (CH),30787,Lukasz Lakomy,L. Łakomy,2001-01-18,49.12,12.99,11.57,2,2,0,43.0,21.5,15.0,69.77,2.5,0.0,3.35,1.05,25.0,12.5,9.5,76.0,0.5,0.0,0.0,11.0,7.0,3.5,2.5,1.5,0.5,1.0,0.5,0.0,0.0,71.43,33.33,1.0,0.5,0.0,0.0,0.0,0.0,,2.0,0.0,0.0,3.0,1.5,50.0,0.0,0.0
1196,Super League (CH),30947,Brandon Soppy,B. Soppy,2002-02-21,84.99,21.16,22.46,31,31,0,1363.0,43.97,29.68,67.5,2.68,0.42,4.9,1.67,899.0,29.0,21.1,72.75,2.42,1.06,44.0,25.19,275.0,8.87,5.23,5.65,3.29,1.55,1.19,0.61,51.35,58.91,58.29,0.39,3.68,0.29,0.65,0.9,0.48,53.57,3.58,0.55,15.32,5.42,1.35,25.0,0.48,8.93
1196,Super League (CH),30949,Flavius Daniliuc,F. Daniliuc,2001-04-27,93.04,26.89,21.99,25,25,0,1275.0,51.0,44.12,86.51,1.44,0.12,6.26,1.83,838.0,33.52,30.48,90.93,0.16,0.08,50.0,31.8,335.0,13.4,11.8,6.56,5.72,2.44,1.36,1.04,76.47,88.06,87.2,0.24,0.48,0.04,0.2,0.88,0.44,50.0,0.36,0.04,11.11,0.76,0.24,31.58,0.0,0.0
1196,Super League (CH),30961,Yanis Cimignani,Y. Cimignani,2002-01-22,78.73,23.47,19.62,35,35,0,1383.0,39.51,27.31,69.13,4.03,0.43,5.38,1.64,1037.0,29.63,21.11,71.26,2.71,1.57,57.9,24.63,325.0,9.29,5.66,4.86,2.83,1.11,0.8,0.46,57.14,60.92,58.24,0.43,2.46,0.23,1.11,0.97,0.4,41.18,4.2,0.69,16.33,6.6,1.37,20.78,0.8,12.12
1196,Super League (CH),31210,Junior Morau Kadile,J. Kadile,2002-12-16,89.23,25.85,23.83,13,13,0,580.0,44.62,24.08,53.96,8.0,1.54,8.21,2.24,438.0,33.69,19.0,56.39,5.69,2.08,36.49,24.85,206.0,15.85,6.31,11.0,4.08,4.0,3.62,1.0,27.66,39.81,37.06,0.85,4.62,1.31,3.46,1.85,0.38,20.83,7.31,0.92,12.63,10.08,2.08,20.61,1.92,19.08
1196,Super League (CH),32002,Kevin Carlos Omoruyi Benjamin,K. Carlos,2001-04-10,32.14,7.18,9.03,4,4,0,28.0,7.0,2.5,35.71,2.0,0.25,4.44,1.04,20.0,5.0,1.5,30.0,0.75,0.0,0.0,1.5,5.0,1.25,0.0,1.0,0.0,0.75,0.5,0.0,0.0,0.0,0.0,0.25,0.5,0.5,0.25,0.0,0.0,,2.5,0.5,20.0,4.0,0.75,18.75,1.0,25.0
1196,Super League (CH),32053,Carlo Boukhalfa,C. Boukhalfa,1999-05-03,93.64,20.34,24.21,36,36,0,988.0,27.44,16.33,59.51,4.44,0.5,5.81,1.54,545.0,15.14,9.89,65.32,2.42,1.06,43.68,10.67,265.0,7.36,4.61,3.78,1.97,1.36,1.06,0.42,39.47,62.64,52.21,1.42,1.53,0.19,0.44,0.42,0.17,40.0,2.97,0.47,15.89,5.22,1.08,20.74,1.08,20.75
1196,Super League (CH),32485,Bradley Mazikou,B. Mazikou,1996-06-02,82.79,23.7,21.64,32,32,0,1431.0,44.72,37.78,84.49,2.06,0.34,4.68,1.73,974.0,30.44,27.16,89.22,0.97,0.62,64.52,28.56,263.0,8.22,6.81,4.22,3.38,1.28,0.84,0.66,77.78,82.89,80.0,0.22,1.22,0.09,0.44,1.0,0.56,56.25,1.47,0.31,21.28,2.22,0.56,25.35,0.12,5.63
1196,Super League (CH),32525,Mamadou Kaly Sène,K. Sène,2001-05-28,90.67,22.57,18.13,3,3,0,83.0,27.67,12.0,43.37,4.33,1.67,6.61,1.53,55.0,18.33,8.67,47.27,4.33,1.67,38.46,9.0,19.0,6.33,1.67,4.33,1.0,2.67,2.33,0.33,14.29,26.31,23.08,1.0,1.33,1.33,1.33,0.33,0.33,100.0,5.67,2.0,35.29,9.33,1.33,14.29,2.0,21.43
1196,Super League (CH),33208,Alan Virginius,A. Virginius,2003-01-03,50.22,15.26,12.27,34,34,0,590.0,17.35,10.35,59.66,2.91,0.62,8.63,2.16,455.0,13.38,8.29,61.98,1.71,0.74,43.1,9.68,220.0,6.47,3.35,3.85,1.5,1.68,1.38,0.38,27.66,51.82,38.93,0.47,1.32,0.71,1.59,0.59,0.15,25.0,2.38,0.5,20.99,4.24,0.79,18.75,0.71,16.67
1196,Super League (CH),33213,Jaouen Hadjam,J. Hadjam,2003-03-26,66.47,18.91,15.97,20,20,0,814.0,40.7,28.85,70.88,2.75,0.6,7.04,2.0,539.0,26.95,20.0,74.21,1.1,0.35,31.82,24.2,233.0,11.65,6.9,7.7,4.55,3.1,2.3,1.0,43.48,59.23,59.09,0.25,2.85,0.15,1.65,0.85,0.35,41.18,2.15,0.4,18.6,3.65,1.05,28.77,0.35,9.59
1196,Super League (CH),33844,Pius Dorn,P. Dorn,1996-09-24,96.38,25.21,24.69,30,29,1,1209.0,41.69,27.24,65.34,4.07,0.72,5.81,1.66,804.0,27.72,19.38,69.9,2.93,1.21,41.18,23.45,285.0,9.83,6.34,5.31,2.9,2.48,1.79,0.79,44.23,64.56,54.55,0.28,2.69,0.45,1.28,0.9,0.59,65.39,4.14,0.66,15.83,6.66,1.72,25.91,0.62,9.33
1196,Super League (CH),33848,Ousmane Doumbia,O. Doumbia,1992-05-21,48.0,13.08,11.92,11,11,0,171.0,15.55,12.45,80.12,0.73,0.18,4.4,1.54,118.0,10.73,9.09,84.75,0.45,0.18,40.0,9.45,29.0,2.64,2.45,1.55,1.45,0.09,0.09,0.09,100.0,93.1,94.12,0.36,0.64,0.09,0.09,0.18,0.09,50.0,0.55,0.09,16.67,0.82,0.09,11.11,0.09,11.11
1196,Super League (CH),33853,Joel Monteiro Almada,Joel Monteiro,1999-08-05,69.17,19.59,16.5,31,31,0,840.0,27.1,15.61,57.62,4.26,0.58,8.09,2.14,598.0,19.29,11.16,57.86,3.52,1.52,43.12,12.32,279.0,9.0,4.61,5.45,2.42,2.03,1.71,0.55,32.08,51.26,44.38,0.97,1.87,0.61,1.94,0.77,0.26,33.33,5.03,0.81,16.03,7.68,1.45,18.91,1.61,21.01
1196,Super League (CH),33861,Thomas Castella,T. Castella,1993-06-30,96.56,26.41,27.94,1,1,0,14.0,14.0,11.0,78.57,0.0,0.0,5.65,3.14,9.0,9.0,8.0,88.89,0.0,0.0,,9.0,6.0,6.0,4.0,4.0,2.0,0.0,0.0,0.0,,66.67,50.0,0.0,0.0,0.0,0.0,0.0,0.0,,0.0,0.0,,0.0,0.0,,0.0,
1196,Super League (CH),33869,Stéphane Cueni,S. Cueni,2001-03-14,58.55,12.56,17.45,24,24,0,427.0,17.79,12.92,72.6,1.21,0.0,4.66,1.45,228.0,9.5,7.71,81.14,0.79,0.21,26.31,7.17,76.0,3.17,2.25,1.67,1.0,0.71,0.54,0.33,61.54,71.05,60.0,0.17,0.83,0.04,0.12,0.04,0.04,100.0,1.04,0.12,12.0,1.83,0.38,20.45,0.08,4.55
1196,Super League (CH),34228,Alvyn Antonio Sanches,A. Sanches,2003-02-12,73.33,22.65,17.75,28,28,0,1138.0,40.64,29.93,73.64,5.61,0.96,6.57,1.86,811.0,28.96,21.79,75.22,3.82,1.71,44.86,21.04,333.0,11.89,8.39,5.11,3.32,2.29,1.36,0.57,42.11,70.57,65.03,1.75,3.43,0.54,1.64,0.71,0.46,65.0,5.96,1.11,18.56,8.14,1.43,17.54,1.36,16.67
1196,Super League (CH),34469,Amir Saipi,A. Saipi,2000-07-08,98.05,29.0,23.21,23,23,0,945.0,41.09,31.17,75.87,0.26,0.04,4.42,3.01,631.0,27.43,22.35,81.46,0.35,0.09,25.0,26.61,165.0,7.17,4.61,4.7,2.91,0.04,0.0,0.0,,64.24,62.04,0.0,0.0,0.0,0.0,0.3,0.17,57.14,0.83,0.17,21.05,1.17,0.48,40.74,0.0,0.0
1196,Super League (CH),34596,Carmine Chiappetta,C. Chiappetta,2003-03-09,30.27,8.62,6.8,3,3,0,39.0,13.0,8.33,64.1,1.33,0.0,11.49,2.96,25.0,8.33,5.67,68.0,1.33,0.33,25.0,6.0,21.0,7.0,4.33,3.67,2.33,1.67,1.33,0.67,50.0,61.91,63.64,0.67,1.0,0.33,1.33,0.67,0.0,0.0,1.33,0.0,0.0,2.67,1.0,37.5,0.67,25.0
1196,Super League (CH),34632,Salifou Diarrassouba,S. Diarrassouba,2001-12-20,34.51,7.56,9.32,23,22,1,255.0,11.59,6.32,54.51,0.82,0.18,4.77,1.44,149.0,6.77,3.91,57.72,1.36,0.45,33.33,5.32,59.0,2.68,1.59,1.68,0.95,0.45,0.32,0.09,28.57,59.32,56.76,0.09,1.05,0.0,0.05,0.05,0.05,100.0,1.86,0.23,12.19,2.64,0.68,25.86,0.41,15.52
1196,Super League (CH),35278,Josias Tusevo Lukembila,J. Lukembila,1999-09-09,45.78,12.08,12.13,34,34,0,465.0,13.68,7.74,56.56,1.97,0.21,7.2,1.91,317.0,9.32,5.53,59.31,2.26,1.12,49.35,5.32,139.0,4.09,2.12,2.74,1.26,1.06,0.88,0.21,23.33,51.8,46.24,0.44,1.29,0.29,0.65,0.12,0.0,0.0,3.03,0.53,17.48,4.56,0.94,20.65,0.79,17.42
1196,Super League (CH),35722,Jorge Andrés Segura Portocarrero,J. Segura,1997-01-18,70.45,18.78,16.57,8,8,0,279.0,34.88,29.5,84.59,0.62,0.12,3.13,1.33,177.0,22.12,19.75,89.27,0.12,0.12,100.0,20.75,33.0,4.12,3.38,1.5,1.25,0.25,0.0,0.0,,81.82,83.33,0.0,0.0,0.0,0.0,0.12,0.12,100.0,0.25,0.25,100.0,0.62,0.12,20.0,0.0,0.0
1196,Super League (CH),35957,Kevin Csoboth,K. Csoboth,2000-06-20,33.38,5.82,12.25,1,1,0,11.0,11.0,6.0,54.55,0.0,0.0,2.98,0.88,3.0,3.0,2.0,66.67,1.0,0.0,0.0,3.0,1.0,1.0,1.0,1.0,1.0,0.0,0.0,0.0,,100.0,100.0,0.0,0.0,0.0,0.0,0.0,0.0,,1.0,0.0,0.0,1.0,0.0,0.0,0.0,0.0
1196,Super League (CH),37095,Nishan Burkart,N. Burkart,2000-01-31,53.46,12.31,15.31,21,21,0,368.0,17.52,10.0,57.07,2.52,0.38,6.86,1.74,230.0,10.95,6.19,56.52,2.24,0.95,42.55,7.33,100.0,4.76,2.24,3.0,1.1,1.33,1.0,0.24,23.81,47.0,36.51,0.48,1.71,0.43,0.9,0.38,0.0,0.0,3.1,0.52,16.92,4.67,0.95,20.41,0.9,19.39
1196,Super League (CH),37782,Théo Berdayes Marques,T. Berdayes,2002-05-23,46.45,12.18,12.56,35,35,0,448.0,12.8,8.23,64.29,2.14,0.23,6.1,1.49,290.0,8.29,5.4,65.17,1.31,0.86,65.22,4.94,106.0,3.03,1.86,1.66,1.0,0.91,0.6,0.34,57.14,61.32,60.34,0.6,1.17,0.43,0.37,0.26,0.09,33.33,1.74,0.37,21.31,3.34,0.74,22.22,0.74,22.22
1196,Super League (CH),40151,Adrian Durrer,A. Durrer,2001-07-13,84.16,18.2,26.29,17,17,0,596.0,35.06,25.71,73.32,0.88,0.06,3.9,1.26,340.0,20.0,16.24,81.18,0.41,0.12,28.57,18.06,77.0,4.53,3.12,2.59,1.88,0.47,0.41,0.29,71.43,68.83,72.73,0.12,0.24,0.0,0.18,0.47,0.18,37.5,0.53,0.0,0.0,0.82,0.35,42.86,0.12,14.29
1196,Super League (CH),40398,Sinan Karweina,S. Karweina,1999-03-29,20.53,5.87,4.69,19,18,1,167.0,9.28,5.61,60.48,1.61,0.22,6.29,1.62,107.0,5.94,3.72,62.62,0.89,0.33,37.5,4.44,50.0,2.78,1.33,1.5,0.67,0.39,0.22,0.17,75.0,48.0,44.44,0.28,0.94,0.11,0.33,0.22,0.11,50.0,1.17,0.22,19.05,1.89,0.39,20.59,0.28,14.71
1196,Super League (CH),40595,Andrin Hunziker,A. Hunziker,2003-02-21,75.47,16.89,22.62,35,35,0,604.0,17.26,7.83,45.36,3.71,0.4,5.45,1.41,344.0,9.83,4.57,46.51,3.26,1.51,46.49,3.2,133.0,3.8,1.69,2.17,0.83,1.17,0.97,0.34,35.29,44.36,38.16,0.57,0.77,1.0,0.31,0.11,0.06,50.0,3.89,0.29,7.35,6.66,1.06,15.88,1.49,22.32
1196,Super League (CH),41703,Aliou Badara Baldé,A. Baldé,2002-12-12,66.02,14.29,17.28,36,36,0,605.0,16.81,6.94,41.32,4.28,0.47,9.36,2.32,357.0,9.92,3.94,39.78,2.75,0.97,35.35,5.5,237.0,6.58,2.33,4.56,1.42,2.06,1.69,0.28,16.39,35.44,31.1,0.94,1.36,1.0,1.67,0.25,0.08,33.33,3.08,0.39,12.61,5.56,1.75,31.5,1.44,26.0
1196,Super League (CH),42462,Adrian Bajrami,A. Bajrami,2002-04-05,90.27,23.42,23.48,34,33,1,1389.0,42.09,33.58,79.77,1.39,0.18,5.46,1.84,915.0,27.73,24.03,86.67,0.3,0.21,70.0,26.06,331.0,10.03,8.06,5.42,4.33,1.42,0.64,0.45,71.43,80.36,79.89,0.03,0.18,0.12,0.21,0.79,0.36,46.15,0.45,0.06,13.33,0.82,0.3,37.04,0.03,3.7
1196,Super League (CH),42933,Emmanuel Essiam,E. Essiam,2003-12-19,60.35,14.0,19.13,1,1,0,26.0,26.0,18.0,69.23,2.0,0.0,11.46,2.64,16.0,16.0,10.0,62.5,1.0,0.0,0.0,11.0,10.0,10.0,7.0,5.0,4.0,4.0,3.0,3.0,100.0,70.0,80.0,1.0,1.0,0.0,1.0,1.0,0.0,0.0,2.0,0.0,0.0,3.0,0.0,0.0,0.0,0.0
1196,Super League (CH),42947,Daniel Afriyie Barnieh,D. Afriyie,2001-06-26,74.14,18.1,20.28,2,2,0,36.0,18.0,8.5,47.22,3.5,0.0,5.86,1.45,18.0,9.0,3.5,38.89,3.0,0.5,16.66,4.0,10.0,5.0,1.5,3.5,1.0,1.5,1.5,0.0,0.0,30.0,28.57,0.0,0.0,0.0,0.0,0.0,0.0,,3.5,0.5,14.29,5.0,1.5,30.0,0.5,10.0
1196,Super League (CH),43052,Adrian Leon Barišić,A. Barišić,2001-07-19,74.78,20.84,19.12,9,9,0,374.0,41.56,36.11,86.9,1.0,0.0,5.6,1.73,239.0,26.56,24.22,91.21,0.22,0.11,50.0,25.56,92.0,10.22,9.0,4.44,4.33,1.11,0.56,0.56,100.0,88.05,97.5,0.0,0.11,0.0,0.0,0.44,0.22,50.0,0.22,0.0,0.0,0.22,0.0,0.0,0.0,0.0
1196,Super League (CH),46143,Maksim Paskotsi,M. Paskotsi,2003-01-19,89.24,19.25,27.21,2,2,0,75.0,37.5,23.5,62.67,3.0,0.5,4.08,1.47,38.0,19.0,14.0,73.68,0.5,0.0,0.0,17.0,14.0,7.0,6.0,3.5,3.5,0.5,0.5,0.5,100.0,85.71,100.0,0.0,0.0,0.0,0.0,1.0,1.0,100.0,0.5,0.0,0.0,0.5,0.0,0.0,0.0,0.0
1196,Super League (CH),46539,Lovro Zvonarek,L. Zvonarek,2005-05-08,90.77,20.92,24.74,26,26,0,896.0,34.46,20.77,60.27,3.15,0.23,5.73,1.5,447.0,17.19,10.88,63.31,2.38,0.96,40.32,12.0,229.0,8.81,5.73,4.31,2.81,1.73,1.15,0.5,43.33,65.07,65.18,1.38,2.35,0.35,0.96,0.65,0.35,52.94,3.38,0.5,14.77,5.19,1.27,24.44,0.65,12.59
1196,Super League (CH),48420,Nikolas Muci ,N. Muci,2003-02-08,53.86,11.27,14.38,18,18,0,327.0,18.17,9.72,53.52,2.94,0.17,4.41,1.3,194.0,10.78,6.06,56.18,4.06,1.67,41.1,3.06,57.0,3.17,1.33,1.89,0.56,0.72,0.67,0.22,33.33,42.11,29.41,0.78,2.33,0.44,0.33,0.0,0.0,,4.89,0.56,11.36,7.22,1.0,13.85,1.39,19.23
1196,Super League (CH),48423,Michael Heule,M. Heule,2001-04-27,93.23,21.14,23.15,30,28,2,953.0,34.04,19.61,57.61,3.79,0.54,4.82,1.34,527.0,18.82,11.64,61.86,2.04,0.86,42.1,15.39,188.0,6.71,3.68,4.25,2.21,2.32,1.79,0.89,50.0,54.79,52.1,0.18,1.71,0.21,0.75,0.36,0.14,40.0,2.61,0.32,12.33,4.29,1.07,25.0,0.82,19.17
1196,Super League (CH),58670,Lamine Diack,L. Diack,2000-11-15,26.42,6.45,7.07,9,9,0,105.0,11.67,9.67,82.86,0.44,0.11,4.22,1.23,52.0,5.78,5.33,92.31,0.22,0.22,100.0,4.22,19.0,2.11,1.89,0.56,0.56,0.33,0.22,0.22,100.0,89.47,100.0,0.33,0.44,0.0,0.0,0.0,0.0,,0.33,0.0,0.0,0.56,0.11,20.0,0.11,20.0
1196,Super League (CH),58809,Philip Otele,P. Otele,1999-04-15,73.49,21.03,16.67,18,18,0,635.0,35.28,20.78,58.9,7.0,0.67,7.95,2.28,456.0,25.33,14.94,58.99,3.72,1.56,41.79,17.56,220.0,12.22,6.39,6.56,3.56,2.11,1.78,0.56,31.25,52.27,54.24,1.28,2.11,1.33,2.44,1.22,0.5,40.91,5.22,0.61,11.7,8.61,1.5,17.42,1.89,21.94
1196,Super League (CH),59888,Allan Arigoni,A. Arigoni,1998-11-04,56.62,11.99,15.71,11,11,0,217.0,19.73,12.45,63.13,1.73,0.18,5.6,1.6,134.0,12.18,8.09,66.42,1.0,0.55,54.55,10.09,56.0,5.09,3.18,2.91,1.73,1.0,0.82,0.45,55.56,62.5,59.38,0.18,0.82,0.09,0.45,0.36,0.27,75.0,1.55,0.36,23.53,2.0,0.36,18.18,0.18,9.09
1196,Super League (CH),59892,Fabio Fehr,F. Fehr,2000-01-15,78.79,17.23,19.42,28,26,2,700.0,26.92,15.38,57.14,3.23,0.31,3.78,1.18,409.0,15.73,9.88,62.84,1.81,0.65,36.17,14.19,116.0,4.46,2.27,2.58,1.38,1.38,0.85,0.42,50.0,50.86,53.73,0.08,1.08,0.19,0.31,0.23,0.08,33.33,2.27,0.31,13.56,3.15,0.96,30.49,0.46,14.63
1196,Super League (CH),59893,Dominik Schmid,D. Schmid,1998-03-10,91.37,26.29,21.48,33,33,0,1848.0,56.0,43.06,76.89,3.58,0.3,4.83,1.48,1269.0,38.45,31.3,81.4,2.0,1.09,54.55,35.39,365.0,11.06,8.36,6.33,4.61,3.03,1.91,0.91,47.62,75.62,72.73,0.09,4.27,0.39,0.7,0.76,0.33,44.0,3.09,0.52,16.67,4.58,1.48,32.45,0.55,11.92
1196,Super League (CH),59898,Kreshnik Hajrizi,K. Hajrizi,1999-05-28,94.55,25.3,25.17,34,34,0,1526.0,44.88,35.91,80.01,1.26,0.12,4.17,1.5,899.0,26.44,23.15,87.54,0.41,0.15,35.71,25.21,262.0,7.71,6.09,3.59,2.82,0.91,0.15,0.12,80.0,79.01,78.69,0.03,0.18,0.0,0.09,0.44,0.21,46.67,0.53,0.03,5.56,0.82,0.26,32.14,0.0,0.0
1196,Super League (CH),60945,Pascal Loretz,P. Loretz,2003-06-01,97.24,25.69,25.17,38,37,1,1299.0,35.11,26.95,76.75,0.22,0.05,4.59,3.28,792.0,21.41,17.32,80.93,0.08,0.0,0.0,21.0,209.0,5.65,4.38,3.38,2.68,0.0,0.0,0.0,,77.51,79.2,0.0,0.0,0.0,0.0,0.22,0.05,25.0,0.22,0.0,0.0,0.24,0.03,11.11,0.0,0.0
1196,Super League (CH),61128,Bénie Adama Traoré,B. Traoré,2002-11-30,74.36,20.76,18.51,28,28,0,814.0,29.07,17.36,59.71,3.75,0.36,7.38,2.06,575.0,20.54,12.46,60.7,3.39,1.61,47.37,13.96,262.0,9.36,5.54,5.64,3.04,1.68,1.46,0.71,48.78,59.16,53.8,0.89,2.43,0.75,1.43,1.07,0.61,56.67,4.43,0.61,13.71,7.25,1.43,19.71,1.11,15.27
1196,Super League (CH),61377,Tanguy Banhie Zoukrou,T. Zoukrou,2003-05-07,63.52,18.32,15.01,15,15,0,523.0,34.87,30.53,87.57,0.87,0.0,4.95,1.55,357.0,23.8,21.6,90.76,0.33,0.27,80.0,22.93,104.0,6.93,5.87,3.53,2.87,1.13,0.53,0.27,50.0,84.62,81.13,0.07,0.67,0.0,0.0,0.47,0.2,42.86,0.47,0.07,14.29,0.8,0.27,33.33,0.07,8.33
1196,Super League (CH),61381,Noé Sow,N. Sow,1998-12-18,49.08,12.62,13.25,30,30,0,632.0,21.07,16.67,79.11,0.63,0.07,4.05,1.38,384.0,12.8,11.17,87.24,0.4,0.2,50.0,11.53,102.0,3.4,2.57,1.47,1.0,0.37,0.13,0.07,50.0,75.49,68.18,0.07,0.47,0.03,0.03,0.17,0.1,60.0,0.67,0.17,25.0,1.13,0.4,35.29,0.03,2.94
1196,Super League (CH),61576,Francis Momoh,F. Momoh,2001-03-25,25.34,5.7,8.5,11,11,0,77.0,7.0,2.91,41.56,0.82,0.0,8.99,2.4,46.0,4.18,2.09,50.0,0.73,0.27,37.5,2.55,32.0,2.91,1.36,1.36,0.64,0.18,0.18,0.09,50.0,46.88,46.67,0.36,0.45,0.27,0.45,0.36,0.09,25.0,1.09,0.18,16.67,2.09,0.27,13.04,0.27,13.04
1196,Super League (CH),61577,Abdou Karim Sow,K. Sow,2003-05-22,87.92,21.58,23.39,31,31,0,1039.0,33.52,26.81,79.98,0.97,0.1,4.22,1.38,563.0,18.16,16.32,89.88,0.35,0.13,36.36,16.94,175.0,5.65,4.39,2.19,1.74,1.16,0.19,0.13,66.67,77.71,79.41,0.06,0.03,0.0,0.06,0.48,0.26,53.33,0.35,0.0,0.0,0.45,0.06,14.29,0.03,7.14
1196,Super League (CH),61671,Livano  Comenencia,L. Comenencia,2004-02-03,68.24,17.78,16.27,23,23,0,568.0,24.7,17.17,69.54,1.52,0.04,6.57,2.03,372.0,16.17,12.04,74.46,0.87,0.39,45.0,13.96,166.0,7.22,5.0,3.35,1.91,1.04,0.7,0.39,56.25,69.28,57.14,0.04,1.22,0.17,0.39,0.39,0.09,22.22,1.22,0.26,21.43,1.96,0.43,22.22,0.17,8.89
1196,Super League (CH),61675,Noah Rupp,N. Rupp,2003-08-13,34.85,7.64,8.93,16,15,1,189.0,12.6,9.2,73.02,1.13,0.0,4.59,1.37,89.0,5.93,4.73,79.77,0.53,0.4,75.0,4.8,36.0,2.4,1.8,1.2,0.8,0.2,0.07,0.07,100.0,75.0,66.67,0.27,0.47,0.0,0.0,0.2,0.0,0.0,0.53,0.07,12.5,1.07,0.27,25.0,0.07,6.25
1196,Super League (CH),61972,Antonios Papadopoulos,A. Papadopoulos,1999-09-10,97.06,28.67,23.64,33,33,0,1595.0,48.33,41.03,84.89,1.88,0.15,3.86,1.47,1151.0,34.88,31.91,91.49,0.55,0.18,33.33,32.79,212.0,6.42,5.24,2.79,2.24,0.91,0.52,0.27,52.94,81.6,80.43,0.15,1.3,0.15,0.09,0.48,0.3,62.5,0.7,0.06,8.7,1.55,0.39,25.49,0.3,19.61
1196,Super League (CH),64208,Liam Chipperfield,L. Chipperfield,2004-02-14,43.14,11.69,11.5,35,35,0,587.0,16.77,10.23,60.99,2.31,0.26,6.39,1.66,421.0,12.03,7.37,61.28,2.06,0.97,47.22,8.66,162.0,4.63,2.89,1.83,1.03,1.34,0.94,0.4,42.42,62.35,56.25,0.51,1.31,0.2,0.37,0.34,0.14,41.67,2.77,0.43,15.46,4.06,0.69,16.9,0.46,11.27
1196,Super League (CH),64236,Tim Spycher,T. Spycher,2004-04-13,75.91,16.84,19.44,3,3,0,68.0,22.67,14.33,63.23,0.0,0.0,6.48,4.47,37.0,12.33,8.67,70.27,0.33,0.33,100.0,12.33,21.0,7.0,4.67,5.33,3.0,0.0,0.0,0.0,,66.66,56.25,0.0,0.0,0.0,0.0,0.33,0.33,100.0,0.33,0.0,0.0,0.33,0.33,100.0,0.0,0.0
1196,Super League (CH),64353,Abdoulaye Diaby,A. Diaby,2000-07-04,85.71,19.54,22.53,16,15,1,421.0,28.07,17.87,63.66,1.8,0.07,4.72,1.45,172.0,11.47,8.73,76.16,0.13,0.07,50.0,10.33,96.0,6.4,4.2,2.67,1.6,0.67,0.07,0.0,0.0,65.62,60.0,0.0,0.07,0.0,0.13,0.47,0.13,28.57,0.2,0.0,0.0,0.27,0.0,0.0,0.13,50.0
1196,Super League (CH),64736,Dario Ulrich,D. Ulrich,1998-03-12,45.18,10.61,12.09,13,13,0,271.0,20.85,11.62,55.72,1.69,0.31,4.22,1.36,180.0,13.85,8.15,58.89,1.92,0.77,40.0,11.31,53.0,4.08,1.92,2.23,1.08,0.69,0.46,0.23,50.0,47.17,48.28,0.0,1.31,0.31,0.08,0.0,0.0,,2.62,0.38,14.7,3.69,0.85,22.92,0.31,8.33
1196,Super League (CH),66350,Nelson Daniel Palacio Ruiz,N. Palacio,2001-06-16,88.12,22.1,21.32,31,31,0,1118.0,36.06,28.16,78.09,1.68,0.16,3.89,1.4,658.0,21.23,17.84,84.04,0.65,0.35,55.0,17.35,167.0,5.39,4.35,1.45,1.23,0.61,0.13,0.13,100.0,80.84,84.44,0.58,0.61,0.06,0.16,0.29,0.13,44.44,1.06,0.06,6.06,1.9,0.42,22.03,0.16,8.47
1196,Super League (CH),67955,Damienus Reverson ,D. Reverson,2003-10-18,46.97,10.75,10.81,27,27,0,272.0,10.07,5.04,50.0,1.96,0.26,5.33,1.63,172.0,6.37,3.22,50.58,2.19,1.15,52.54,2.67,61.0,2.26,1.19,1.22,0.56,0.52,0.41,0.07,18.18,52.46,45.45,0.41,0.63,0.44,0.33,0.0,0.0,,2.63,0.48,18.31,4.22,0.48,11.4,1.22,28.95
1196,Super League (CH),68780,Mohamed Belhadj Mahmoud,M. Mahmoud,2000-04-24,56.07,15.64,14.12,30,30,0,586.0,19.53,14.33,73.38,2.67,0.1,5.74,1.64,390.0,13.0,10.13,77.95,1.37,0.77,56.1,9.63,138.0,4.6,3.3,2.8,1.83,0.97,0.93,0.67,71.43,71.74,65.48,0.63,1.4,0.2,0.53,0.27,0.17,62.5,1.97,0.37,18.64,3.27,0.67,20.41,0.8,24.49
1196,Super League (CH),68786,Severin Ottiger,S. Ottiger,2003-04-20,48.14,12.23,13.25,22,22,0,409.0,18.59,11.86,63.81,1.64,0.18,6.02,1.75,263.0,11.95,8.36,69.96,0.95,0.41,42.86,10.59,101.0,4.59,2.45,2.18,1.0,1.41,0.86,0.32,36.84,53.46,45.83,0.09,0.64,0.23,0.41,0.14,0.05,33.33,1.23,0.14,11.11,2.23,0.5,22.45,0.32,14.29
1196,Super League (CH),69029,José Dinis Pinto Magalhães Rodrigues,José Rodrigues,2005-07-14,14.36,3.46,1.66,1,1,0,2.0,2.0,2.0,100.0,0.0,0.0,12.41,2.95,1.0,1.0,1.0,100.0,1.0,1.0,100.0,0.0,1.0,1.0,1.0,0.0,0.0,0.0,0.0,0.0,,100.0,,0.0,1.0,0.0,0.0,0.0,0.0,,1.0,1.0,100.0,1.0,0.0,0.0,0.0,0.0
1196,Super League (CH),69102,Luke  Plange,L. Plange,2002-11-04,74.78,17.28,20.19,26,25,1,671.0,26.84,14.08,52.46,3.6,0.52,5.97,1.64,438.0,17.52,10.08,57.53,4.76,2.52,52.94,8.52,153.0,6.12,2.48,3.16,0.88,1.08,0.76,0.04,5.26,40.52,27.85,1.2,2.8,0.52,0.92,0.04,0.04,100.0,6.4,1.0,15.62,10.04,1.56,15.54,1.56,15.54
1196,Super League (CH),69324,Mariano Gómez,M. Gómez,1999-02-05,96.93,26.8,20.76,14,14,0,598.0,42.71,35.0,81.94,1.07,0.21,3.61,1.25,357.0,25.5,23.43,91.88,0.14,0.14,100.0,24.0,91.0,6.5,4.64,1.79,1.43,1.0,0.14,0.07,50.0,71.43,80.0,0.14,0.43,0.07,0.0,0.21,0.07,33.33,0.43,0.14,33.33,0.71,0.21,30.0,0.0,0.0
1196,Super League (CH),70264,Simone Stroscio,S. Stroscio,2003-08-20,83.75,19.23,23.49,31,30,1,862.0,28.73,17.63,61.37,1.87,0.1,5.75,1.72,448.0,14.93,10.13,67.86,1.43,0.43,30.23,12.43,228.0,7.6,4.87,4.03,2.73,1.47,0.77,0.4,52.17,64.03,67.77,0.1,1.0,0.3,0.47,0.27,0.1,37.5,1.8,0.27,14.81,3.2,0.93,29.17,0.5,15.62
1196,Super League (CH),70343,Moussa Cisse,M. Cisse,2003-04-29,50.63,14.17,15.21,12,12,0,316.0,26.33,18.75,71.2,1.42,0.08,6.43,1.73,207.0,17.25,12.92,74.88,1.17,0.67,57.14,16.0,88.0,7.33,4.83,4.5,2.83,2.42,1.92,0.92,47.83,65.91,62.96,0.08,1.0,0.08,0.58,0.67,0.08,12.5,1.25,0.17,13.33,2.0,0.33,16.67,0.25,12.5
1196,Super League (CH),70344,Nicolas Glaus,N. Glaus,2002-05-10,94.9,23.04,29.62,1,1,0,37.0,37.0,22.0,59.46,0.0,0.0,5.2,4.36,21.0,21.0,13.0,61.9,1.0,1.0,100.0,19.0,8.0,8.0,5.0,3.0,1.0,0.0,0.0,0.0,,62.5,33.33,0.0,0.0,0.0,0.0,1.0,0.0,0.0,1.0,1.0,100.0,1.0,1.0,100.0,0.0,0.0
1196,Super League (CH),70564,Mattia  Zanotti,M. Zanotti,2003-01-11,88.7,26.31,21.26,31,31,0,1219.0,39.32,29.03,73.83,2.81,0.23,7.4,2.03,882.0,28.45,21.48,75.51,2.23,0.9,40.58,24.65,391.0,12.61,8.9,6.87,4.65,2.77,2.16,1.42,65.67,70.59,67.61,0.32,4.06,0.65,0.84,0.65,0.39,60.0,2.87,0.45,15.73,4.94,1.1,22.22,0.58,11.76
1196,Super League (CH),70572,Enoch Owusu,E. Owusu,2005-01-08,31.3,6.21,8.11,5,5,0,58.0,11.6,6.6,56.9,2.0,0.0,6.85,2.07,26.0,5.2,3.8,73.08,0.2,0.2,100.0,3.6,21.0,4.2,2.8,2.6,1.6,0.2,0.2,0.2,100.0,66.67,61.54,0.0,0.6,0.0,0.4,0.2,0.2,100.0,0.4,0.0,0.0,1.2,0.2,16.67,0.0,0.0
1196,Super League (CH),70849,Moritz Broschinski,M. Broschinski,2000-09-23,32.89,9.79,7.58,17,17,0,114.0,6.71,2.59,38.6,1.82,0.06,6.02,1.6,74.0,4.35,1.47,33.78,1.88,0.53,28.12,1.76,27.0,1.59,0.65,1.12,0.47,0.41,0.41,0.12,28.57,40.74,42.11,0.71,0.76,0.65,0.12,0.12,0.06,50.0,2.0,0.12,5.88,2.94,0.35,12.0,0.94,32.0
1196,Super League (CH),70861,Dion Kacuri,D. Kacuri,2004-02-11,52.18,14.03,11.85,7,7,0,183.0,26.14,22.14,84.7,1.71,0.14,4.43,1.33,120.0,17.14,15.29,89.17,0.43,0.14,33.33,15.0,33.0,4.71,4.0,2.14,1.71,0.29,0.0,0.0,,84.85,80.0,0.71,1.57,0.0,0.43,0.29,0.29,100.0,0.57,0.14,25.0,1.29,0.29,22.22,0.14,11.11
1196,Super League (CH),74702,Ahmed Kendouci,A. Kendouci,1999-06-22,21.7,6.58,5.79,10,10,0,124.0,12.4,10.4,83.87,0.2,0.0,3.42,1.18,92.0,9.2,8.1,88.04,0.1,0.0,0.0,8.0,13.0,1.3,1.2,0.6,0.5,0.1,0.1,0.1,100.0,92.31,83.33,0.2,0.7,0.0,0.0,0.1,0.1,100.0,0.2,0.0,0.0,0.5,0.1,20.0,0.0,0.0
1196,Super League (CH),75758,Christian Witzig,C. Witzig,2001-01-09,71.19,16.21,18.04,30,30,0,779.0,25.97,14.5,55.84,3.7,0.43,6.69,1.59,462.0,15.4,8.8,57.14,1.9,0.6,31.58,12.47,211.0,7.03,3.37,3.9,1.67,2.77,1.93,0.63,32.76,47.87,42.73,0.27,2.67,0.4,1.17,0.37,0.13,36.36,2.47,0.13,5.41,4.43,1.1,24.81,0.93,21.05
1196,Super League (CH),87554,Tom Gaal,T. Gaal,2001-03-03,97.17,21.49,24.71,30,30,0,1097.0,36.57,25.73,70.37,1.33,0.23,4.76,1.44,573.0,19.1,15.27,79.93,0.47,0.1,21.43,16.83,223.0,7.43,5.37,3.83,3.1,1.7,0.6,0.43,72.22,72.2,80.87,0.03,0.63,0.1,0.03,0.3,0.23,77.78,0.47,0.03,7.14,1.03,0.17,16.13,0.1,9.68
1196,Super League (CH),90561,Donat Rrudhani,D. Rrudhani,1999-05-02,48.9,13.61,12.5,21,21,0,425.0,20.24,14.71,72.71,2.29,0.14,4.62,1.35,282.0,13.43,10.05,74.82,1.86,1.19,64.1,9.71,83.0,3.95,2.62,2.38,1.48,0.62,0.52,0.24,45.45,66.26,62.0,0.38,1.29,0.24,0.29,0.19,0.1,50.0,2.76,0.29,10.35,4.1,0.57,13.95,0.76,18.6
1196,Super League (CH),102835,Anton  Kade,A. Kade,2004-01-17,44.07,11.07,11.89,4,4,0,52.0,13.0,8.75,67.31,0.5,0.0,8.36,1.79,41.0,10.25,6.75,65.85,0.25,0.0,0.0,8.5,12.0,3.0,0.75,2.5,0.25,2.0,1.75,0.25,14.29,25.0,10.0,0.0,0.5,0.5,0.75,0.5,0.0,0.0,0.75,0.25,33.33,1.75,1.0,57.14,0.75,42.86
1196,Super League (CH),105601,Behar Neziri,B. Neziri,2003-01-06,99.25,21.59,24.64,17,17,0,488.0,28.71,18.0,62.71,1.82,0.0,4.84,1.51,227.0,13.35,9.65,72.25,0.53,0.06,11.11,10.59,94.0,5.53,3.65,2.76,1.88,0.82,0.24,0.06,25.0,65.96,68.09,0.59,0.88,0.0,0.29,0.47,0.41,87.5,0.76,0.0,0.0,1.65,0.18,10.71,0.12,7.14
1196,Super League (CH),108986,Giotto Morandi,G. Morandi,1999-03-04,34.6,9.78,9.23,16,16,0,218.0,13.62,9.81,72.02,1.31,0.19,4.44,1.31,165.0,10.31,7.31,70.91,1.5,0.94,62.5,6.88,36.0,2.25,1.62,1.38,0.81,0.5,0.25,0.0,0.0,72.22,59.09,0.12,1.5,0.12,0.0,0.0,0.0,,2.38,0.44,18.42,3.94,0.44,11.11,0.44,11.11
1196,Super League (CH),109883,Théo Magnin,T. Magnin,2003-08-09,67.97,20.53,18.57,10,10,0,387.0,38.7,28.3,73.13,2.6,0.0,4.45,1.44,269.0,26.9,21.2,78.81,1.6,1.0,62.5,24.5,67.0,6.7,4.9,2.9,1.7,1.5,1.0,0.7,70.0,73.13,58.62,0.0,2.7,0.5,0.2,0.2,0.1,50.0,2.2,0.6,27.27,3.1,1.1,35.48,0.7,22.58
1196,Super League (CH),110333,Nassim Othmane Zoukit,N. Zoukit,2001-04-30,113.64,28.51,28.08,2,2,0,104.0,52.0,37.0,71.15,6.0,0.0,4.73,1.45,52.0,26.0,20.0,76.92,3.0,1.0,33.33,19.0,22.0,11.0,6.5,5.0,1.5,2.0,0.5,0.0,0.0,59.09,30.0,1.0,3.0,0.0,1.0,0.0,0.0,,5.5,0.5,9.09,7.0,0.5,7.14,1.0,14.29
1196,Super League (CH),110430,Valon Fazliu,V. Fazliu,1996-02-02,102.34,25.25,25.91,2,2,0,63.0,31.5,19.0,60.32,7.0,0.5,7.06,1.85,27.0,13.5,7.5,55.55,2.0,1.0,50.0,7.0,20.0,10.0,7.5,3.5,3.0,2.0,1.0,1.0,100.0,75.0,85.71,1.5,2.0,0.0,0.0,0.0,0.0,,3.0,0.0,0.0,8.0,1.0,12.5,2.0,25.0
1196,Super League (CH),113472,Jahnoah Guevara Markelo,J. Markelo,2003-01-04,70.82,18.68,15.07,13,13,0,364.0,28.0,15.15,54.12,3.92,0.46,11.9,3.04,248.0,19.08,10.77,56.45,2.46,1.15,46.87,14.62,191.0,14.69,7.62,7.23,2.69,3.0,2.23,0.46,20.69,51.83,37.23,0.15,1.08,0.23,3.54,2.0,0.69,34.62,3.15,0.69,21.95,4.62,1.0,21.67,0.08,1.67
1196,Super League (CH),117257,Benjamin Kabeya Muteba,B. Kabeya,2001-06-16,24.28,5.36,9.76,1,1,0,5.0,5.0,2.0,40.0,0.0,0.0,6.49,2.16,4.0,4.0,1.0,25.0,0.0,0.0,,4.0,2.0,2.0,0.0,1.0,0.0,0.0,0.0,0.0,,0.0,0.0,0.0,0.0,0.0,0.0,1.0,0.0,0.0,0.0,0.0,,0.0,0.0,,0.0,
1196,Super League (CH),117258,Théo Golliard,T. Golliard,2002-09-27,65.75,15.27,19.05,34,34,0,727.0,21.38,13.65,63.82,3.03,0.38,5.23,1.38,399.0,11.74,7.56,64.41,2.18,1.15,52.7,6.97,167.0,4.91,3.0,2.85,1.53,1.38,1.12,0.56,50.0,61.08,53.61,0.76,1.74,0.5,0.47,0.21,0.12,57.14,2.79,0.38,13.68,5.15,0.97,18.86,0.85,16.57
1196,Super League (CH),123169,Abemly Meto Silu,Metinho,2003-04-23,83.58,24.3,19.76,28,28,0,1179.0,42.11,35.11,83.38,3.18,0.29,5.01,1.58,794.0,28.36,24.79,87.41,0.89,0.46,52.0,21.79,246.0,8.79,7.43,3.29,2.68,1.11,0.68,0.57,84.21,84.55,81.52,1.5,1.75,0.07,0.36,0.54,0.43,80.0,2.18,0.54,24.59,3.71,0.75,20.19,0.18,4.81
1196,Super League (CH),135500,Elmin Rastoder,E. Rastoder,2001-10-07,79.88,17.74,20.17,35,33,2,684.0,20.73,9.48,45.76,4.55,0.79,7.04,1.97,412.0,12.48,5.67,45.39,4.45,1.61,36.05,5.15,202.0,6.12,2.73,4.24,1.64,1.45,1.33,0.42,31.82,44.55,38.57,1.09,1.36,1.94,1.18,0.06,0.06,100.0,4.88,0.48,9.94,8.85,2.3,26.03,2.15,24.31
1196,Super League (CH),140246,Elias Filet,E. Filet,2002-03-06,82.42,19.39,22.32,2,2,0,46.0,23.0,11.5,50.0,5.0,0.0,4.25,1.23,31.0,15.5,6.5,41.93,3.0,1.0,33.33,7.0,8.0,4.0,1.5,2.5,0.5,1.0,1.0,0.0,0.0,37.5,20.0,1.0,1.5,0.5,2.0,0.0,0.0,,3.0,0.0,0.0,10.0,0.5,5.0,1.5,15.0
1196,Super League (CH),158195,Martim Alexandre Costa Marques,Martim Marques,2004-02-11,73.32,21.4,17.93,23,23,0,696.0,30.26,22.7,75.0,1.61,0.26,4.27,1.32,531.0,23.09,18.22,78.91,1.43,0.83,57.58,21.13,115.0,5.0,3.04,2.74,1.43,1.48,0.83,0.39,47.37,60.87,52.38,0.09,2.48,0.17,0.26,0.48,0.09,18.18,2.0,0.22,10.87,3.0,0.65,21.74,0.35,11.59
1196,Super League (CH),162094,Miguel Reichmuth,M. Reichmuth,2003-10-26,66.61,15.66,15.44,18,18,0,479.0,26.61,18.72,70.35,2.44,0.17,6.07,1.66,248.0,13.78,10.89,79.03,0.83,0.56,66.67,10.22,129.0,7.17,5.11,3.44,2.61,0.94,0.67,0.44,66.67,71.32,75.81,0.56,1.61,0.11,0.78,0.56,0.33,60.0,1.44,0.17,11.54,2.22,0.5,22.5,0.39,17.5
1196,Super League (CH),162095,Selmin Hodža,S. Hodža,2003-05-24,74.15,18.82,18.36,5,5,0,165.0,33.0,21.8,66.06,2.4,0.4,6.21,1.79,112.0,22.4,14.8,66.07,0.8,0.6,75.0,21.2,40.0,8.0,4.6,3.0,1.6,1.4,0.8,0.6,75.0,57.5,53.33,0.2,1.4,0.0,0.8,1.0,0.4,40.0,1.8,0.4,22.22,3.6,0.4,11.11,0.2,5.56
1196,Super League (CH),162311,Julien Duranville,J. Duranville,2006-05-05,49.82,14.06,12.67,16,16,0,285.0,17.81,9.25,51.93,3.12,0.38,9.54,2.63,215.0,13.44,7.25,53.95,2.38,1.25,52.63,8.94,132.0,8.25,3.75,4.06,1.62,1.5,1.0,0.25,25.0,45.45,40.0,0.62,0.88,0.56,2.06,0.94,0.31,33.33,3.62,0.31,8.62,5.5,0.81,14.77,0.94,17.05
1196,Super League (CH),162993,Finn van Breemen,F. van Breemen,2003-02-25,77.97,24.3,17.88,1,1,0,44.0,44.0,33.0,75.0,1.0,1.0,7.19,2.08,35.0,35.0,28.0,80.0,0.0,0.0,,31.0,15.0,15.0,11.0,6.0,5.0,3.0,1.0,1.0,100.0,73.33,83.33,0.0,0.0,1.0,0.0,3.0,1.0,33.33,2.0,1.0,50.0,2.0,0.0,0.0,0.0,0.0
1196,Super League (CH),163703,Bafodé Dansoko,B. Dansoko,1995-12-28,66.86,15.84,20.07,21,21,0,491.0,23.38,14.57,62.32,2.71,0.29,6.93,1.86,320.0,15.24,10.33,67.81,2.62,1.29,49.09,10.9,149.0,7.1,4.48,4.76,2.86,1.71,1.33,0.81,60.71,63.09,60.0,0.67,2.48,0.24,0.71,0.43,0.24,55.56,3.48,0.48,13.7,5.33,1.43,26.79,0.71,13.39
1196,Super League (CH),165606,Brighton Labeau,B. Labeau,1996-01-01,60.72,13.84,14.75,35,33,2,467.0,14.15,5.73,40.47,2.67,0.15,6.59,1.72,280.0,8.48,3.73,43.93,3.73,1.39,37.4,3.33,129.0,3.91,1.7,2.82,1.0,1.15,1.03,0.15,14.71,43.41,35.48,0.64,0.79,0.76,0.64,0.09,0.03,33.33,4.12,0.27,6.62,6.15,1.39,22.66,1.12,18.23
1196,Super League (CH),166645,Colin Kleine-Bekel,C. Kleine-Bekel,2003-01-24,70.11,14.91,18.47,14,14,0,346.0,24.71,16.57,67.05,1.57,0.14,3.61,1.27,176.0,12.57,10.14,80.68,0.07,0.0,0.0,11.21,53.0,3.79,2.43,2.29,1.64,0.5,0.21,0.0,0.0,64.15,71.88,0.0,0.0,0.0,0.0,0.29,0.14,50.0,0.07,0.0,0.0,0.07,0.0,0.0,0.0,0.0
1196,Super League (CH),167700,Nathan Butler-Oyedeji,N. Butler-Oyedeji,2003-01-04,56.41,14.15,14.36,33,33,0,634.0,19.21,11.88,61.83,2.61,0.27,6.1,1.72,439.0,13.3,8.36,62.87,3.18,1.48,46.67,7.76,170.0,5.15,2.58,2.97,1.18,1.03,0.79,0.18,23.08,50.0,39.8,0.73,1.09,0.45,0.88,0.33,0.06,18.18,4.55,0.61,13.33,6.21,1.03,16.58,0.85,13.66
1196,Super League (CH),171375,Anthony Baron,A. Baron,1992-12-29,57.36,17.49,15.24,11,11,0,429.0,39.0,34.0,87.18,1.18,0.09,4.6,1.74,304.0,27.64,24.82,89.8,0.27,0.09,33.33,25.36,89.0,8.09,6.82,3.27,2.73,0.64,0.45,0.27,60.0,84.27,83.33,0.18,0.27,0.09,0.0,0.55,0.27,50.0,0.45,0.09,20.0,0.64,0.09,14.29,0.09,14.29
1196,Super League (CH),173165,Randy Schneider,R. Schneider,2001-08-27,66.42,15.57,18.88,30,30,0,816.0,27.2,17.77,65.32,3.03,0.3,6.42,1.83,488.0,16.27,11.2,68.85,2.23,1.4,62.69,11.63,225.0,7.5,4.73,4.3,2.4,0.9,0.8,0.33,41.67,63.11,55.81,1.2,1.37,0.27,0.8,0.57,0.37,64.71,2.9,0.47,16.09,5.03,0.97,19.21,0.8,15.89
1196,Super League (CH),174371,Mouhamed El Bachir Ngom,M. Ngom,2000-05-12,88.36,21.32,24.44,17,16,1,595.0,37.19,25.56,68.74,1.56,0.19,5.33,1.81,301.0,18.81,15.19,80.73,0.38,0.31,83.33,17.94,135.0,8.44,5.88,3.38,2.38,1.5,0.44,0.31,71.43,69.63,70.37,0.06,0.31,0.0,0.19,0.56,0.25,44.44,0.69,0.12,18.18,1.31,0.38,28.57,0.06,4.76
1196,Super League (CH),174563,Ibrahim Salah,I. Salah,2001-08-30,50.48,14.38,12.26,25,25,0,585.0,23.4,14.52,62.05,3.04,0.36,7.13,1.9,440.0,17.6,11.56,65.68,1.88,1.12,59.57,13.76,170.0,6.8,4.2,3.68,2.0,1.28,0.92,0.48,52.17,61.76,54.35,0.2,1.84,0.28,0.92,0.8,0.28,35.0,2.88,0.68,23.61,4.48,0.8,17.86,0.8,17.86
1196,Super League (CH),174961,Justin Hammel,J. Hammel,2000-12-02,98.79,22.58,27.08,38,37,1,978.0,26.43,13.86,52.45,0.14,0.03,4.61,3.13,534.0,14.43,8.24,57.12,0.16,0.03,16.67,13.27,186.0,5.03,2.73,3.08,1.68,0.0,0.0,0.0,,54.3,54.39,0.03,0.0,0.0,0.0,0.19,0.11,57.14,0.22,0.0,0.0,0.38,0.11,28.57,0.0,0.0
1196,Super League (CH),174962,Uran  Bislimi,U. Bislimi,1999-09-25,90.69,27.06,21.7,34,34,0,2220.0,65.29,53.44,81.85,5.53,0.44,4.27,1.42,1696.0,49.88,42.44,85.08,2.18,1.0,45.95,41.68,377.0,11.09,8.85,5.38,4.06,1.62,0.97,0.62,63.64,79.84,75.41,2.56,3.97,0.5,0.88,0.88,0.5,56.67,3.85,0.56,14.5,6.59,1.5,22.77,1.06,16.07
1196,Super League (CH),176184,Marin Šotiček,M. Šotiček,2004-09-18,38.78,11.54,9.12,26,26,0,365.0,14.04,8.69,61.92,1.96,0.08,8.86,2.22,263.0,10.12,6.42,63.5,2.0,1.04,51.92,6.69,138.0,5.31,2.96,2.23,1.08,1.23,0.85,0.27,31.82,55.8,48.28,0.46,1.46,0.42,1.23,0.35,0.04,11.11,2.69,0.81,30.0,4.0,0.73,18.27,0.73,18.27
1196,Super League (CH),179287,Kevin Spadanuda,K. Spadanuda,1997-01-16,49.73,12.91,13.04,25,24,1,455.0,18.96,12.0,63.3,2.83,0.58,8.68,2.25,314.0,13.08,8.54,65.29,1.54,0.75,48.65,10.92,179.0,7.46,4.5,4.67,2.54,1.42,1.0,0.54,54.17,60.34,54.47,0.25,2.29,0.29,1.08,0.83,0.5,60.0,2.17,0.25,11.54,3.08,0.5,16.22,0.46,14.87
1196,Super League (CH),181257,Souleymane Diaby,S. Diaby,1999-10-08,71.3,16.34,22.03,22,22,0,673.0,30.59,21.27,69.54,1.18,0.09,4.6,1.56,419.0,19.05,14.23,74.7,1.27,0.41,32.14,16.73,116.0,5.27,3.41,2.73,1.73,1.14,0.59,0.23,38.46,64.66,63.33,0.0,1.27,0.0,0.18,0.36,0.23,62.5,1.55,0.23,14.71,2.64,0.36,13.79,0.23,8.62
1196,Super League (CH),204984,Teo Allix,T. Allix,2004-07-05,47.1,13.92,12.15,11,11,0,244.0,22.18,15.27,68.85,1.36,0.09,3.29,1.17,170.0,15.45,10.82,70.0,0.91,0.27,30.0,13.82,32.0,2.91,2.0,1.64,1.36,0.64,0.27,0.27,100.0,68.75,83.33,0.0,1.18,0.09,0.0,0.18,0.09,50.0,1.45,0.18,12.5,2.0,0.36,18.18,0.27,13.64
1196,Super League (CH),222166,Ismajl Beka,I. Beka,1999-10-31,64.21,15.34,18.16,4,4,0,111.0,27.75,20.0,72.07,0.25,0.0,4.48,1.3,58.0,14.5,12.0,82.76,0.0,0.0,,12.75,20.0,5.0,3.5,2.25,2.0,1.5,0.5,0.5,100.0,70.0,88.89,0.0,0.5,0.0,0.0,0.5,0.25,50.0,0.25,0.0,0.0,0.5,0.0,0.0,0.0,0.0
1196,Super League (CH),254518,Keigo Tsunemoto,K. Tsunemoto,1998-10-21,69.73,20.06,16.55,19,19,0,666.0,35.05,27.89,79.58,2.21,0.32,4.94,1.58,483.0,25.42,20.95,82.4,2.0,1.26,63.16,23.21,132.0,6.95,4.95,4.42,2.95,1.68,1.37,0.63,46.16,71.21,66.67,0.05,2.95,0.11,0.21,0.79,0.53,66.67,2.42,0.32,13.04,3.11,1.0,32.2,0.32,10.17
1196,Super League (CH),323707,Claudio Cassano,C. Cassano,2003-07-22,20.59,5.47,5.22,9,9,0,65.0,7.22,4.22,58.46,0.78,0.11,5.87,1.7,48.0,5.33,3.11,58.34,0.67,0.33,50.0,4.11,17.0,1.89,1.0,1.11,0.56,0.56,0.44,0.11,25.0,52.94,50.0,0.0,0.22,0.0,0.33,0.11,0.11,100.0,0.89,0.22,25.0,1.56,0.22,14.29,0.0,0.0
1196,Super League (CH),323710,Antonio Spagnoli,A. Spagnoli,2005-05-31,92.78,22.65,31.71,1,1,0,32.0,32.0,21.0,65.62,0.0,0.0,4.64,2.98,17.0,17.0,12.0,70.59,0.0,0.0,,17.0,7.0,7.0,5.0,6.0,5.0,0.0,0.0,0.0,,71.43,83.33,0.0,0.0,0.0,0.0,2.0,1.0,50.0,1.0,1.0,100.0,1.0,0.0,0.0,0.0,0.0
1196,Super League (CH),415919,Ramon Guzzo,R. Guzzo,2004-07-05,20.5,5.47,3.74,2,2,0,16.0,8.0,4.5,56.25,0.0,0.0,5.45,1.83,10.0,5.0,3.5,70.0,0.0,0.0,,4.5,3.0,1.5,1.0,1.0,0.5,0.5,0.5,0.5,100.0,66.67,50.0,0.0,0.0,0.0,0.0,0.0,0.0,,0.5,0.5,100.0,1.0,1.0,100.0,0.5,50.0
1196,Super League (CH),492491,Théo Bouchlarhem,T. Bouchlarhem,2001-03-03,25.16,5.99,6.46,15,15,0,149.0,9.93,5.33,53.69,1.67,0.07,7.55,1.87,104.0,6.93,3.8,54.81,1.27,0.6,47.37,4.8,50.0,3.33,1.6,1.4,0.53,0.93,0.67,0.2,30.0,48.0,38.1,0.2,0.8,0.0,0.27,0.27,0.07,25.0,2.07,0.53,25.81,2.8,0.33,11.9,0.6,21.43
1196,Super League (CH),514694,Dorian Paloschi,D. Paloschi,2005-11-21,76.86,16.43,22.1,11,11,0,256.0,23.27,14.18,60.94,1.18,0.0,2.63,0.94,83.0,7.55,5.36,71.08,0.18,0.0,0.0,7.18,24.0,2.18,1.55,1.27,0.82,0.45,0.18,0.0,0.0,70.83,64.29,0.0,0.09,0.0,0.0,0.27,0.09,33.33,0.27,0.0,0.0,0.45,0.09,20.0,0.09,20.0
1196,Super League (CH),520868,Calixte Paul Junior Ligue,J. Ligue,2005-03-21,46.5,11.32,10.74,8,8,0,136.0,17.0,10.62,62.5,0.38,0.0,4.45,1.46,82.0,10.25,7.25,70.73,0.62,0.38,60.0,9.0,25.0,3.12,1.25,1.5,0.62,0.5,0.12,0.0,0.0,40.0,41.66,0.25,0.5,0.0,0.25,0.5,0.25,50.0,0.88,0.0,0.0,1.62,0.75,46.15,0.0,0.0
1196,Super League (CH),530097,Jonas Adjei Adjetey,J. Adjetey,2003-12-13,91.23,26.55,20.5,15,15,0,732.0,48.8,40.07,82.1,1.33,0.0,5.06,1.54,462.0,30.8,27.73,90.04,0.2,0.2,100.0,29.13,158.0,10.53,8.6,3.6,2.73,1.13,0.2,0.2,100.0,81.65,75.93,0.13,0.0,0.0,0.07,0.6,0.2,33.33,0.6,0.13,22.22,0.87,0.33,38.46,0.0,0.0
1196,Super League (CH),537409,Young-Jun Lee,Young-Jun Lee,2003-05-23,45.73,11.56,12.36,17,16,1,218.0,13.62,7.69,56.42,2.06,0.38,4.28,1.42,131.0,8.19,5.06,61.83,3.06,1.81,59.18,3.38,39.0,2.44,1.5,1.06,0.62,0.31,0.25,0.12,50.0,61.54,58.82,0.31,1.19,0.31,0.38,0.06,0.0,0.0,3.94,0.38,9.52,5.62,0.19,3.33,1.25,22.22
1196,Super League (CH),539725,Dominik Pech,D. Pech,2006-09-04,38.5,11.52,9.47,28,28,0,512.0,18.29,13.75,75.19,1.54,0.32,7.32,1.92,374.0,13.36,10.86,81.28,0.75,0.29,38.1,11.0,147.0,5.25,3.75,2.32,1.57,1.0,0.75,0.46,61.91,71.43,67.69,1.11,0.93,0.11,0.61,0.29,0.14,50.0,1.0,0.18,17.86,1.82,0.39,21.57,0.29,15.69
1196,Super League (CH),540293,Tomás Verón Lupi,T. Verón Lupi,2000-09-03,29.85,5.71,9.08,5,5,0,44.0,8.8,4.0,45.45,1.2,0.0,6.77,1.81,27.0,5.4,2.6,48.15,1.0,0.0,0.0,4.8,13.0,2.6,1.4,1.8,1.0,0.8,0.8,0.4,50.0,53.85,55.56,0.0,0.8,0.0,0.2,0.2,0.0,0.0,1.0,0.0,0.0,2.0,0.2,10.0,0.2,10.0
1196,Super League (CH),567556,Furkan Dursun,F. Dursun,2005-03-14,26.66,5.3,6.52,11,10,1,44.0,4.4,2.2,50.0,1.0,0.0,7.83,1.66,26.0,2.6,1.0,38.46,0.9,0.5,55.56,1.1,12.0,1.2,0.3,1.0,0.1,0.7,0.7,0.0,0.0,25.0,10.0,0.5,0.4,0.2,0.3,0.0,0.0,,0.9,0.1,11.11,1.9,0.7,36.84,0.4,21.05
1196,Super League (CH),568779,Marvin Keller,M. Keller,2002-07-03,97.05,28.53,23.14,38,38,0,1297.0,34.13,24.71,72.4,0.21,0.05,4.1,3.08,791.0,20.82,15.66,75.22,0.32,0.13,41.67,20.18,198.0,5.21,3.55,3.71,2.55,0.0,0.0,0.0,,68.18,68.79,0.0,0.0,0.0,0.03,0.05,0.03,50.0,0.63,0.18,29.17,0.68,0.16,23.08,0.0,0.0
1196,Super League (CH),593974,Lilian Njoh,L. Njoh,2001-11-22,75.37,21.69,19.52,37,37,0,1444.0,39.03,27.08,69.39,3.35,0.51,5.65,1.79,1060.0,28.65,20.86,72.83,2.16,0.86,40.0,26.38,340.0,9.19,5.62,5.35,2.95,2.05,1.22,0.65,53.33,61.18,55.05,0.27,3.22,0.32,1.24,1.11,0.57,51.22,2.92,0.46,15.74,4.24,1.05,24.84,0.62,14.65
1196,Super League (CH),617441,Lars Villiger,L. Villiger,2003-04-29,45.8,11.99,12.1,28,28,0,308.0,11.0,5.75,52.27,2.07,0.39,7.18,1.73,214.0,7.64,4.14,54.21,1.93,0.96,50.0,3.75,89.0,3.18,1.64,1.89,0.89,1.36,1.25,0.54,42.86,51.69,47.17,0.54,1.57,0.75,0.39,0.07,0.04,50.0,2.32,0.39,16.92,4.14,0.89,21.55,1.11,26.72
1196,Super League (CH),619985,Serge Müller,S. Müller,2000-09-18,113.64,28.51,28.08,2,2,0,76.0,38.0,29.0,76.31,3.0,0.0,3.29,1.35,46.0,23.0,18.5,80.44,0.5,0.0,0.0,21.0,9.0,4.5,2.5,3.5,2.0,0.5,0.0,0.0,,55.56,57.14,0.0,1.0,0.0,0.5,0.5,0.0,0.0,0.5,0.0,0.0,0.5,0.0,0.0,0.0,0.0
1196,Super League (CH),627046,Ryan  Andrews,R. Andrews,2004-08-26,66.44,18.45,17.4,12,12,0,346.0,28.83,18.92,65.61,1.67,0.08,4.99,1.5,250.0,20.83,14.17,68.0,0.75,0.25,33.33,19.67,68.0,5.67,3.25,3.25,1.42,2.25,1.67,0.5,30.0,57.35,43.59,0.25,1.08,0.08,0.25,0.5,0.17,33.33,1.75,0.33,19.05,2.92,0.58,20.0,0.33,11.43
1196,Super League (CH),633542,Theo Bergvall,T. Bergvall,2004-09-21,79.64,21.89,20.24,9,9,0,397.0,44.11,31.67,71.79,3.89,0.11,4.17,1.19,257.0,28.56,20.56,71.98,1.78,0.78,43.75,26.11,76.0,8.44,5.33,4.0,2.33,2.56,1.67,0.56,33.33,63.16,58.33,0.11,3.0,0.22,0.67,0.67,0.33,50.0,2.67,0.56,20.83,4.78,1.33,27.91,0.44,9.3
1196,Super League (CH),634081,Mauricio Willimann Rangel,M. Willimann,2003-01-16,99.16,24.64,27.36,1,1,0,47.0,47.0,44.0,93.62,1.0,0.0,2.4,1.22,34.0,34.0,33.0,97.06,0.0,0.0,,34.0,2.0,2.0,2.0,1.0,1.0,0.0,0.0,0.0,,100.0,100.0,0.0,0.0,0.0,0.0,0.0,0.0,,0.0,0.0,,0.0,0.0,,0.0,
1196,Super League (CH),641417,Daniel Dos Santos Correia,Daniel Dos Santos,2002-12-29,65.72,20.61,15.45,31,31,0,848.0,27.35,18.74,68.51,3.87,0.52,8.12,2.01,615.0,19.84,13.65,68.78,2.39,0.81,33.78,15.1,293.0,9.45,5.71,5.23,2.68,2.71,1.97,0.65,32.79,60.41,51.24,1.35,1.74,0.39,1.19,0.61,0.23,36.84,3.55,0.77,21.82,6.16,1.45,23.56,1.13,18.32
1196,Super League (CH),641419,Lucien Dahler,L. Dahler,2001-03-22,76.16,17.14,20.5,19,19,0,451.0,23.74,14.37,60.53,2.37,0.26,4.27,1.22,267.0,14.05,9.21,65.54,1.21,0.53,43.48,12.26,77.0,4.05,2.16,2.58,1.37,1.63,1.11,0.32,28.57,53.25,53.06,0.05,0.74,0.47,0.11,0.16,0.05,33.33,1.58,0.21,13.33,2.63,0.68,26.0,0.63,24.0
1196,Super League (CH),641424,Valmir Matoshi,V. Matoshi,2003-07-04,50.85,11.44,12.22,33,31,2,389.0,12.55,6.35,50.64,2.45,0.32,4.97,1.34,188.0,6.06,3.32,54.79,1.58,0.52,32.65,3.74,76.0,2.45,1.39,1.55,0.84,0.74,0.55,0.29,52.94,56.58,54.17,0.35,0.87,0.35,0.58,0.03,0.03,100.0,1.94,0.13,6.67,3.0,0.65,21.51,1.0,33.33
1196,Super League (CH),641487,Niklas Steffen,N. Steffen,2001-01-19,97.66,21.71,24.7,35,33,2,840.0,25.45,17.03,66.91,0.15,0.03,6.0,3.9,448.0,13.58,10.03,73.88,0.24,0.09,37.5,13.33,212.0,6.42,4.03,3.0,2.06,0.03,0.03,0.0,0.0,62.74,68.69,0.0,0.0,0.0,0.0,0.15,0.09,60.0,0.39,0.0,0.0,0.64,0.12,19.05,0.0,0.0
1196,Super League (CH),641501,Ali Kabacalman,A. Kabacalman,1995-09-27,85.15,23.25,22.41,37,37,0,2096.0,56.65,49.19,86.83,3.16,0.24,4.35,1.5,1392.0,37.62,34.11,90.66,1.14,0.78,69.05,31.86,377.0,10.19,9.11,5.03,4.49,0.46,0.32,0.27,83.33,89.39,89.25,0.43,1.41,0.0,0.24,0.49,0.43,88.89,2.14,0.3,13.92,3.24,0.7,21.67,0.14,4.17
1196,Super League (CH),641502,Brian Beyer,B. Beyer,1996-10-15,36.49,8.59,10.93,14,14,0,171.0,12.21,6.36,52.05,1.71,0.14,8.94,2.05,115.0,8.21,4.36,53.04,1.43,0.86,60.0,4.86,60.0,4.29,2.07,2.14,0.93,1.93,1.5,0.57,38.1,48.33,43.33,0.5,1.14,0.64,0.79,0.36,0.0,0.0,2.29,0.64,28.12,4.5,0.71,15.87,0.43,9.52
1196,Super League (CH),644172,Genís Montolio Lafuente,Genís Montolio,1996-07-23,69.65,15.39,17.28,27,25,2,646.0,25.84,19.0,73.53,1.2,0.16,3.24,1.27,359.0,14.36,12.36,86.07,0.2,0.12,60.0,13.04,72.0,2.88,2.12,1.72,1.32,0.36,0.16,0.08,50.0,73.61,76.74,0.04,0.08,0.0,0.2,0.4,0.28,70.0,0.28,0.0,0.0,0.52,0.32,61.54,0.04,7.69
1196,Super League (CH),644175,Marcin Dickenmann,M. Dickenmann,2000-08-14,106.69,26.16,27.05,2,2,0,62.0,31.0,18.0,58.06,2.5,0.0,3.42,1.04,31.0,15.5,9.5,61.29,2.0,0.5,25.0,13.0,7.0,3.5,2.5,1.5,1.0,0.5,0.0,0.0,,71.43,66.67,0.0,0.5,0.0,0.0,0.0,0.0,,2.5,0.0,0.0,3.0,0.5,16.66,0.5,16.66
1196,Super League (CH),644182,Marco Thaler,M. Thaler,1994-06-28,106.69,26.16,27.05,2,2,0,59.0,29.5,19.5,66.1,1.0,0.0,2.76,1.04,34.0,17.0,12.5,73.53,1.0,0.0,0.0,16.0,6.0,3.0,2.5,0.5,0.5,0.0,0.0,0.0,,83.33,100.0,0.0,0.5,0.0,0.0,0.5,0.5,100.0,1.0,0.0,0.0,1.0,0.0,0.0,0.0,0.0
1196,Super League (CH),644183,Olivier Jäckle,O. Jäckle,1993-01-07,59.55,14.33,16.88,2,2,0,32.0,16.0,13.0,81.25,1.5,0.0,1.62,0.68,16.0,8.0,7.0,87.5,0.0,0.0,,5.0,1.0,0.5,0.5,0.0,0.0,0.0,0.0,0.0,,100.0,,0.0,0.5,0.0,0.0,0.0,0.0,,2.0,0.5,25.0,2.0,0.5,25.0,0.0,0.0
1196,Super League (CH),644216,Ayman El Wafi,A. El Wafi,2004-05-11,54.09,14.83,13.1,9,9,0,231.0,25.67,21.33,83.12,0.33,0.0,4.41,1.52,159.0,17.67,15.33,86.79,0.44,0.11,25.0,16.56,36.0,4.0,3.33,2.11,1.78,0.33,0.11,0.0,0.0,83.33,84.21,0.11,0.33,0.0,0.22,0.33,0.22,66.67,0.67,0.0,0.0,0.78,0.11,14.29,0.0,0.0
1196,Super League (CH),646733,Marvin Akahomen,M. Akahomen,2007-07-15,97.81,25.27,27.44,2,2,0,98.0,49.0,42.5,86.73,0.5,0.0,5.28,1.67,69.0,34.5,31.0,89.85,0.0,0.0,,33.5,20.0,10.0,8.0,5.0,3.5,2.0,1.0,1.0,100.0,80.0,70.0,0.0,0.5,0.0,0.0,0.5,0.5,100.0,0.0,0.0,,0.0,0.0,,0.0,
1196,Super League (CH),662441,Stefan Bukinac,S. Bukinac,2005-07-08,52.73,16.07,12.39,14,14,0,323.0,23.07,16.36,70.9,2.07,0.07,7.1,2.02,223.0,15.93,11.36,71.3,0.93,0.5,53.85,13.93,88.0,6.29,4.36,3.71,2.36,1.5,1.43,0.71,50.0,69.32,63.46,0.07,2.29,0.14,0.57,0.57,0.21,37.5,1.29,0.21,16.67,2.64,0.64,24.32,0.64,24.32
1196,Super League (CH),666274,Ruben Dantas Fernandes,R. Fernandes,2003-05-19,82.08,22.43,21.88,20,20,0,970.0,48.5,35.2,72.58,4.95,0.25,5.24,1.61,631.0,31.55,23.5,74.49,1.95,0.85,43.59,28.7,206.0,10.3,6.8,6.7,4.4,3.4,2.65,1.4,52.83,66.02,65.67,0.1,2.55,0.2,1.45,0.95,0.45,47.37,3.0,0.55,18.33,4.85,0.95,19.59,0.8,16.5
1196,Super League (CH),669445,Loun Srdanovic,L. Srdanovic,2006-08-04,53.92,15.12,13.83,11,11,0,296.0,26.91,17.0,63.17,1.64,0.27,6.66,1.86,208.0,18.91,12.36,65.38,0.91,0.45,50.0,17.82,84.0,7.64,4.73,4.36,2.64,1.82,1.55,0.91,58.82,61.9,60.42,0.0,1.27,0.09,1.45,0.73,0.45,62.5,1.64,0.09,5.56,2.36,0.55,23.08,0.09,3.85
1196,Super League (CH),669449,Arlet Junior Zé,Junior Zé,2006-03-22,33.59,10.59,7.98,7,7,0,123.0,17.57,9.71,55.28,1.71,0.14,7.51,1.92,89.0,12.71,7.14,56.18,2.14,0.57,26.67,8.0,37.0,5.29,2.29,3.0,1.0,1.43,1.14,0.14,12.5,43.24,33.33,0.71,1.86,0.29,0.86,0.43,0.14,33.33,3.0,0.14,4.76,4.71,0.71,15.15,0.43,9.09
1196,Super League (CH),669450,Demir Xhemalija,D. Xhemalija,2006-06-07,13.68,2.66,4.01,1,1,0,5.0,5.0,4.0,80.0,0.0,0.0,5.07,1.28,3.0,3.0,3.0,100.0,0.0,0.0,,1.0,1.0,1.0,1.0,1.0,1.0,1.0,1.0,1.0,100.0,100.0,100.0,1.0,0.0,0.0,0.0,0.0,0.0,,2.0,0.0,0.0,2.0,1.0,50.0,0.0,0.0
1196,Super League (CH),669453,Rhodri  Smith,R. Smith,2006-09-09,51.12,12.57,14.92,17,17,0,333.0,19.59,14.29,72.97,1.35,0.18,4.54,1.46,215.0,12.65,9.53,75.35,1.18,0.71,60.0,10.88,72.0,4.24,2.82,1.65,0.82,0.71,0.53,0.18,33.33,66.67,50.0,0.12,1.29,0.18,0.12,0.12,0.06,50.0,1.53,0.24,15.38,2.29,0.24,10.26,0.24,10.26
1196,Super League (CH),669454,Winsley Boteli,W. Boteli,2006-07-05,23.25,5.78,5.8,34,34,0,210.0,6.18,3.18,51.43,1.38,0.29,5.15,1.61,138.0,4.06,2.09,51.45,1.5,0.5,33.33,1.44,46.0,1.35,0.65,0.71,0.24,0.24,0.18,0.03,16.67,47.83,33.33,0.47,0.5,0.26,0.38,0.06,0.03,50.0,1.82,0.21,11.29,2.91,0.35,12.12,0.79,27.27
1196,Super League (CH),669455,Corsin Konietzke,C. Konietzke,2006-06-21,35.03,7.36,9.29,14,14,0,146.0,10.43,6.64,63.7,1.36,0.21,3.57,1.2,73.0,5.21,3.43,65.75,0.29,0.14,50.0,3.86,17.0,1.21,0.86,0.57,0.5,0.07,0.0,0.0,,70.59,87.5,0.43,0.71,0.07,0.14,0.14,0.07,50.0,0.5,0.07,14.29,1.5,0.07,4.76,0.29,19.05
1196,Super League (CH),669458,Cheveyo Tsawa,C. Tsawa,2006-12-09,83.71,20.94,19.93,33,33,0,1045.0,31.67,23.85,75.31,2.7,0.24,4.54,1.41,660.0,20.0,16.12,80.61,1.82,0.94,51.67,15.79,189.0,5.73,4.21,2.64,1.7,1.0,0.67,0.3,45.45,73.55,64.37,1.0,1.88,0.12,0.39,0.15,0.06,40.0,2.45,0.36,14.82,4.06,0.88,21.64,0.21,5.22
1196,Super League (CH),688364,Shkelqim Vladi,S. Vladi,2000-09-21,29.07,7.39,6.73,13,13,0,89.0,6.85,3.54,51.68,1.38,0.23,5.69,1.63,52.0,4.0,2.08,51.92,1.15,0.31,26.67,2.0,17.0,1.31,0.54,0.62,0.31,0.31,0.23,0.08,33.33,41.18,50.0,0.31,0.92,0.08,0.31,0.0,0.0,,1.54,0.31,20.0,2.23,0.31,13.79,0.46,20.69
1196,Super League (CH),688368,Samuel Krasniqi,S. Krasniqi,2005-01-03,67.32,15.85,17.23,24,23,1,587.0,25.52,14.87,58.26,2.74,0.22,7.66,2.04,344.0,14.96,9.3,62.21,2.43,1.04,42.86,10.78,194.0,8.43,4.39,4.26,1.96,1.87,1.48,0.57,38.23,52.06,45.92,0.43,2.65,0.39,1.26,0.61,0.09,14.29,3.04,0.48,15.71,5.39,1.52,28.23,0.74,13.71
1196,Super League (CH),689056,Gabriel Sigua,G. Sigua,2005-06-30,74.2,18.49,20.67,17,17,0,448.0,26.35,16.65,63.17,3.24,0.18,7.1,1.67,308.0,18.12,12.0,66.23,2.12,0.59,27.78,13.18,132.0,7.76,4.12,4.59,2.24,2.82,2.0,0.76,38.24,53.03,48.72,1.06,2.53,0.18,0.82,0.18,0.18,100.0,3.0,0.35,11.76,5.06,1.18,23.26,0.65,12.79
1196,Super League (CH),698045,Malamine Efekele,M. Efekele,2004-07-19,29.32,6.52,7.33,19,19,0,101.0,5.32,2.42,45.55,0.84,0.11,8.4,1.94,62.0,3.26,1.53,46.77,1.11,0.58,52.38,1.58,34.0,1.79,0.68,1.16,0.42,0.74,0.53,0.21,40.0,38.23,36.36,0.47,0.53,0.21,0.37,0.05,0.05,100.0,1.42,0.21,14.81,1.84,0.47,25.71,0.42,22.86
1196,Super League (CH),698119,Taisei Abe,T. Abe,2004-06-07,84.06,22.24,21.9,34,33,1,1301.0,39.42,31.91,80.94,2.7,0.18,3.39,1.27,773.0,23.42,20.55,87.71,0.73,0.39,54.17,18.94,150.0,4.55,3.64,1.85,1.45,0.45,0.18,0.15,83.33,80.0,78.69,0.36,0.82,0.24,0.15,0.15,0.09,60.0,1.33,0.21,15.91,2.55,0.52,20.24,0.24,9.52
1196,Super League (CH),698168,Umeh Umeh Emmanuel,U. Emmanuel,2004-08-31,45.9,12.19,10.88,29,29,0,382.0,13.17,6.31,47.91,1.55,0.28,10.48,2.53,248.0,8.55,4.1,47.99,1.41,0.38,26.83,5.69,159.0,5.48,2.83,3.34,1.48,1.62,1.17,0.34,29.41,51.57,44.33,0.34,0.9,0.34,1.28,0.55,0.1,18.75,1.86,0.31,16.67,3.31,0.52,15.63,0.24,7.29
1196,Super League (CH),715125,Tim Meyer,T. Meyer,2004-07-08,76.6,17.48,20.46,30,29,1,754.0,26.0,17.93,68.97,2.48,0.21,6.05,1.58,421.0,14.52,11.31,77.91,1.76,0.76,43.14,11.17,188.0,6.48,4.48,3.48,2.31,1.79,1.17,0.66,55.88,69.15,66.34,0.48,3.24,0.24,0.52,0.17,0.14,80.0,2.28,0.41,18.18,3.38,0.93,27.55,0.59,17.35
1196,Super League (CH),717657,Tiemoko Ouattara,T. Ouattara,2005-05-25,23.89,5.43,6.49,15,15,0,125.0,8.33,4.13,49.6,0.73,0.2,8.88,2.27,71.0,4.73,2.33,49.3,0.67,0.2,30.0,3.73,51.0,3.4,1.33,1.87,0.67,0.87,0.67,0.13,20.0,39.22,35.71,0.07,0.73,0.07,0.6,0.47,0.2,42.86,1.0,0.07,6.67,1.67,0.2,12.0,0.27,16.0
1196,Super League (CH),751790,Christian Pierre Louis Gomis,C. Gomis,2000-08-09,94.18,22.28,24.86,5,5,0,131.0,26.2,14.6,55.72,4.0,0.4,7.88,1.68,76.0,15.2,7.8,51.32,2.6,0.4,15.38,9.2,44.0,8.8,4.2,6.0,2.4,3.8,2.8,0.4,14.29,47.73,40.0,1.4,3.2,1.0,1.2,0.2,0.2,100.0,3.2,0.2,6.25,7.2,2.2,30.55,1.6,22.22
1196,Super League (CH),759520,Muhannad Yahya Saeed Al-Saad,M. Al-Saad,2003-06-29,35.21,10.1,9.4,3,3,0,55.0,18.33,11.0,60.0,3.33,0.33,6.3,1.69,34.0,11.33,6.67,58.82,1.67,1.0,60.0,9.0,12.0,4.0,2.33,2.33,1.67,1.33,1.33,0.67,50.0,58.33,71.43,0.33,2.0,0.0,1.0,0.33,0.33,100.0,2.33,0.67,28.57,4.0,1.33,33.33,0.0,0.0
1196,Super League (CH),769783,Franck Surdez,F. Surdez,2002-05-05,35.44,9.86,9.47,16,16,0,208.0,13.0,7.31,56.25,2.06,0.19,9.78,2.46,149.0,9.31,5.5,59.06,1.5,0.75,50.0,7.06,82.0,5.12,2.88,3.06,1.38,0.88,0.81,0.25,30.77,56.1,44.9,0.31,0.94,0.12,0.62,0.25,0.19,75.0,2.06,0.56,27.27,3.19,0.75,23.53,0.56,17.65
1196,Super League (CH),769784,Zachary Athekame,Z. Athekame,2004-12-13,60.46,16.97,11.22,4,4,0,123.0,30.75,20.0,65.04,3.75,0.25,5.05,1.4,85.0,21.25,15.25,71.76,0.5,0.0,0.0,20.5,21.0,5.25,3.5,3.25,2.0,2.0,2.0,1.25,62.5,66.67,61.54,0.25,1.25,0.0,0.5,1.0,0.25,25.0,0.5,0.0,0.0,2.25,0.5,22.22,0.25,11.11
1196,Super League (CH),769793,Marc Gutbub,M. Gutbub,2003-02-04,16.23,3.34,3.7,15,15,0,48.0,3.2,1.4,43.75,0.53,0.0,6.43,1.62,29.0,1.93,0.73,37.93,0.87,0.47,53.85,1.2,17.0,1.13,0.47,0.93,0.4,0.4,0.33,0.07,20.0,41.18,42.86,0.2,0.13,0.27,0.13,0.0,0.0,,1.0,0.13,13.33,1.33,0.4,30.0,0.4,30.0
1196,Super League (CH),786978,Loïc Lüthi,L. Lüthi,2003-09-30,90.77,20.93,25.93,10,10,0,360.0,36.0,28.0,77.78,1.6,0.1,4.53,1.59,210.0,21.0,17.2,81.91,0.6,0.3,50.0,20.3,68.0,6.8,5.2,2.8,2.0,0.9,0.5,0.2,40.0,76.47,71.43,0.0,0.1,0.0,0.1,0.3,0.2,66.67,0.7,0.1,14.29,1.1,0.2,18.18,0.0,0.0
1196,Super League (CH),796198,Hamza  Abdallah,H. Abdallah,2003-06-13,28.52,6.57,8.24,9,9,0,95.0,10.56,6.67,63.16,0.44,0.0,6.05,1.81,58.0,6.44,4.67,72.41,0.56,0.11,20.0,5.33,25.0,2.78,1.56,2.0,1.11,0.22,0.22,0.22,100.0,56.0,55.55,0.11,0.67,0.0,0.11,0.11,0.0,0.0,0.67,0.0,0.0,1.56,0.44,28.57,0.0,0.0
1196,Super League (CH),799127,Sasha Meyer,S. Meyer,2006-04-21,24.54,7.69,5.72,4,4,0,17.0,4.25,1.5,35.29,1.0,0.0,4.46,1.54,11.0,2.75,1.25,45.45,1.5,0.75,50.0,0.0,4.0,1.0,0.25,0.0,0.0,0.0,0.0,0.0,,25.0,,0.0,0.25,0.25,0.25,0.0,0.0,,1.5,0.5,33.33,2.25,0.0,0.0,1.0,44.45
1196,Super League (CH),799229,Sekou Kone,S. Kone,2006-02-03,32.29,8.45,7.79,5,5,0,74.0,14.8,9.0,60.81,1.8,0.0,4.84,1.62,48.0,9.6,5.8,60.42,1.0,0.2,20.0,7.6,13.0,2.6,1.6,0.6,0.2,0.2,0.0,0.0,,61.54,33.33,0.6,0.8,0.2,0.6,0.8,0.2,25.0,1.0,0.2,20.0,2.2,0.2,9.09,0.2,9.09
1196,Super League (CH),801088,Levin Winkler,L. Winkler,2003-08-13,35.56,8.56,9.54,24,24,0,293.0,12.21,8.79,72.01,0.92,0.12,5.34,1.45,168.0,7.0,5.46,77.98,0.5,0.42,83.33,5.54,71.0,2.96,2.04,1.5,0.92,0.67,0.5,0.29,58.33,69.02,61.11,0.38,1.12,0.21,0.08,0.08,0.04,50.0,0.62,0.04,6.67,1.33,0.33,25.0,0.21,15.62
1196,Super League (CH),801804,Leon Frokaj,L. Frokaj,2005-04-23,44.88,11.97,9.63,2,2,0,38.0,19.0,10.5,55.26,3.5,0.0,5.92,1.75,22.0,11.0,6.5,59.09,1.0,1.0,100.0,7.5,8.0,4.0,2.0,1.5,0.5,1.0,0.5,0.5,100.0,50.0,33.33,0.0,1.5,0.0,0.5,0.0,0.0,,2.0,1.0,50.0,3.0,0.5,16.67,0.0,0.0
1196,Super League (CH),808993,Seydou Traoré,S. Traoré,2004-12-05,47.72,13.14,12.27,20,20,0,318.0,15.9,8.95,56.29,2.45,0.2,5.74,1.57,205.0,10.25,5.8,56.59,2.8,1.5,53.57,5.8,77.0,3.85,1.65,2.35,0.65,0.95,0.8,0.1,12.5,42.86,27.66,0.5,1.6,0.85,0.55,0.25,0.15,60.0,3.7,0.5,13.51,5.15,0.7,13.59,1.05,20.39
1196,Super League (CH),809179,Dircssi Ngonzo,D. Ngonzo,2005-07-31,55.88,14.89,15.99,4,4,0,98.0,24.5,19.0,77.55,0.25,0.0,4.64,1.67,74.0,18.5,15.5,83.78,0.0,0.0,,17.25,18.0,4.5,2.5,2.75,1.75,1.25,0.5,0.25,50.0,55.56,63.64,0.0,0.0,0.0,0.0,0.25,0.25,100.0,0.0,0.0,,0.5,0.25,50.0,0.0,0.0
1196,Super League (CH),809324,Christopher Ibayi,C. Ibayi,1995-07-18,60.54,13.77,15.62,29,27,2,375.0,13.89,7.04,50.67,3.19,0.59,5.5,1.47,239.0,8.85,4.81,54.39,2.19,1.04,47.46,5.33,90.0,3.33,1.67,1.81,0.67,1.04,0.96,0.26,26.92,50.0,36.73,0.26,0.81,0.67,0.15,0.07,0.04,50.0,2.37,0.44,18.75,4.63,0.78,16.8,0.96,20.8
1196,Super League (CH),812126,Nevio Di Giusto,N. Di Giusto,2005-03-18,43.83,10.07,11.09,13,13,0,176.0,13.54,7.23,53.41,2.31,0.31,5.16,1.49,105.0,8.08,4.38,54.29,1.31,0.69,52.94,6.08,38.0,2.92,1.46,1.54,0.85,0.62,0.46,0.08,16.67,50.0,55.0,0.31,2.38,0.08,0.38,0.15,0.08,50.0,2.0,0.54,26.92,3.15,0.54,17.07,0.38,12.19
1196,Super League (CH),812830,Oscar Kabwit Tshikomb,O. Kabwit,2005-05-05,62.24,16.8,15.63,27,27,0,507.0,18.78,8.44,44.97,4.48,0.85,7.23,1.82,327.0,12.11,5.63,46.48,3.44,1.22,35.48,7.07,158.0,5.85,2.48,3.3,1.15,1.85,1.41,0.52,36.84,42.41,34.83,0.59,1.52,1.0,1.19,0.3,0.07,25.0,4.07,0.63,15.45,6.41,1.41,21.96,2.04,31.79
1196,Super League (CH),812842,Gaoussou Diakité,G. Diakité,2005-09-26,73.58,19.03,19.2,31,31,0,1262.0,40.71,25.55,62.76,5.77,0.55,6.44,1.91,835.0,26.94,18.0,66.83,2.65,0.84,31.71,21.0,334.0,10.77,6.77,5.97,3.29,1.32,1.13,0.52,45.71,62.87,55.14,1.26,3.16,0.19,1.58,1.19,0.61,51.35,4.45,0.74,16.67,6.71,0.94,13.94,1.1,16.35
1196,Super League (CH),814751,Imourane Hassane,I. Hassane,2003-04-08,67.14,15.04,19.24,33,32,1,679.0,21.22,14.44,68.04,0.88,0.06,4.17,1.36,271.0,8.47,7.25,85.61,0.12,0.03,25.0,7.28,107.0,3.34,2.06,0.72,0.53,0.66,0.12,0.09,75.0,61.68,73.91,0.06,0.25,0.03,0.22,0.03,0.03,100.0,0.28,0.0,0.0,0.72,0.19,26.09,0.06,8.7
1196,Super League (CH),820822,Alexander Duville-Parsemain,A. Parsemain,2003-05-27,18.64,5.08,4.6,9,9,0,29.0,3.22,1.22,37.93,0.33,0.0,5.58,1.24,15.0,1.67,0.56,33.33,0.44,0.22,50.0,0.67,6.0,0.67,0.11,0.56,0.0,0.44,0.44,0.0,0.0,16.66,0.0,0.0,0.33,0.22,0.22,0.0,0.0,,0.44,0.0,0.0,0.78,0.33,42.86,0.0,0.0
1196,Super League (CH),820840,Sékou Fofana,S. Fofana,2003-03-25,62.23,16.15,17.42,29,29,0,857.0,29.55,19.69,66.63,1.86,0.24,5.26,1.67,578.0,19.93,14.0,70.24,1.03,0.45,43.33,17.03,189.0,6.52,3.48,3.93,1.93,2.07,1.41,0.45,31.71,53.44,49.12,0.34,2.45,0.14,0.76,0.62,0.28,44.45,1.79,0.24,13.46,3.0,1.07,35.63,0.28,9.2
1196,Super League (CH),822926,Jonathan Asp Jensen,J. Asp,2006-01-14,88.48,20.56,24.14,35,35,0,1070.0,30.57,14.77,48.32,5.03,0.54,8.52,2.13,682.0,19.49,9.71,49.85,3.31,1.26,37.93,13.74,387.0,11.06,4.57,6.63,2.2,2.71,2.29,0.6,26.25,41.34,33.19,1.31,2.11,0.4,2.69,1.2,0.4,33.33,4.54,0.63,13.84,7.31,1.94,26.56,1.34,18.36
1196,Super League (CH),826825,David Acquah,D. Acquah,2001-04-04,113.64,28.51,28.08,2,2,0,66.0,33.0,25.5,77.27,2.0,0.0,3.92,1.48,21.0,10.5,9.5,90.48,0.5,0.5,100.0,10.0,10.0,5.0,4.0,0.5,0.0,0.5,0.0,0.0,,80.0,0.0,0.0,0.0,0.0,0.0,0.0,0.0,,0.5,0.0,0.0,0.5,0.0,0.0,0.0,0.0
1196,Super League (CH),826827,Marvin Hübel,M. Hübel,2003-03-01,113.64,28.51,28.08,2,2,0,71.0,35.5,22.0,61.97,0.5,0.0,3.91,3.29,43.0,21.5,15.0,69.77,0.0,0.0,,19.5,11.0,5.5,3.0,4.0,2.0,0.0,0.0,0.0,,54.55,50.0,0.0,0.0,0.0,0.0,0.0,0.0,,0.0,0.0,,0.0,0.0,,0.0,
1196,Super League (CH),826828,Ryan Kessler,R. Kessler,2005-08-28,12.02,3.91,1.2,1,1,0,3.0,3.0,0.0,0.0,1.0,0.0,17.59,3.7,3.0,3.0,0.0,0.0,0.0,0.0,,2.0,2.0,2.0,0.0,2.0,0.0,0.0,0.0,0.0,,0.0,0.0,0.0,0.0,0.0,0.0,1.0,0.0,0.0,0.0,0.0,,1.0,1.0,100.0,0.0,0.0
1196,Super League (CH),826831,Dorian Derbaci,D. Derbaci,2006-03-25,17.63,5.34,3.18,2,2,0,12.0,6.0,3.5,58.34,2.0,0.0,3.91,1.2,8.0,4.0,3.0,75.0,1.5,1.0,66.67,3.0,1.0,0.5,0.0,0.0,0.0,0.0,0.0,0.0,,0.0,,0.0,1.0,0.0,0.0,0.0,0.0,,1.5,0.0,0.0,2.0,0.5,25.0,0.5,25.0
1196,Super League (CH),831353,João Victor Schlickmann Carbone,Carbone,2005-01-29,36.09,10.06,9.55,5,5,0,109.0,21.8,15.0,68.81,0.8,0.0,3.38,1.32,84.0,16.8,12.4,73.81,0.4,0.2,50.0,15.6,12.0,2.4,2.0,1.4,1.0,1.0,0.6,0.4,66.67,83.33,71.43,0.0,1.0,0.0,0.0,0.0,0.0,,0.6,0.0,0.0,1.0,0.0,0.0,0.0,0.0
1196,Super League (CH),834537,Jeremy Nosakhare Agbonifo,J. Agbonifo,2005-10-24,42.19,11.63,9.87,7,7,0,103.0,14.71,6.71,45.63,2.43,0.29,8.8,2.25,77.0,11.0,5.43,49.35,2.14,0.57,26.67,6.86,32.0,4.57,2.29,2.86,1.43,0.86,0.71,0.29,40.0,50.0,50.0,0.57,0.43,0.57,0.71,0.43,0.14,33.33,2.86,0.57,20.0,4.29,1.43,33.33,1.0,23.33
1196,Super League (CH),837831,Franz-Ethan Meichtry,F. Meichtry,2005-07-08,53.82,12.4,13.42,34,32,2,575.0,17.97,9.25,51.48,3.56,0.53,9.17,2.23,334.0,10.44,5.5,52.7,2.88,1.06,36.96,6.44,215.0,6.72,3.41,3.56,1.66,2.09,1.5,0.41,27.08,50.7,46.49,0.59,1.12,0.31,1.22,0.19,0.12,66.67,3.47,0.59,17.12,5.34,1.31,24.56,1.03,19.3
1196,Super League (CH),838377,Rilind Nivokazi,R. Nivokazi,2000-01-26,78.12,21.6,20.75,37,37,0,557.0,15.05,7.27,48.29,3.95,0.57,5.7,1.48,364.0,9.84,4.65,47.25,3.49,1.38,39.53,3.32,138.0,3.73,2.03,1.54,0.49,0.86,0.65,0.08,12.5,54.35,31.58,0.84,1.3,1.41,0.65,0.0,0.0,,4.27,0.7,16.46,6.92,1.08,15.62,1.92,27.73
1196,Super League (CH),839098,Papa Souleymane Ndiaye,S. Ndiaye,2005-11-01,26.23,6.26,7.52,7,7,0,81.0,11.57,7.0,60.49,1.57,0.29,4.95,1.49,43.0,6.14,4.0,65.12,0.29,0.29,100.0,3.86,17.0,2.43,1.71,1.14,0.86,0.43,0.43,0.29,66.67,70.59,75.0,0.43,0.29,0.14,0.43,0.29,0.14,50.0,0.57,0.0,0.0,1.71,0.29,16.67,0.14,8.33
1196,Super League (CH),839099,Bung Meng Freimann,B. Freimann,2005-12-09,88.98,23.49,23.13,33,32,1,1430.0,44.69,34.66,77.55,1.53,0.19,5.14,1.7,900.0,28.12,23.72,84.33,0.97,0.38,38.71,25.62,310.0,9.69,7.72,5.69,4.59,1.56,0.97,0.66,67.74,79.68,80.77,0.25,0.84,0.12,0.28,0.56,0.41,72.22,1.31,0.12,9.52,2.22,0.62,28.17,0.16,7.04
1196,Super League (CH),840229,Vincent Nvendo Ferrier,V. Nvendo Ferrier,2003-07-27,12.07,2.69,3.07,5,5,0,6.0,1.2,0.6,50.0,0.0,0.0,6.43,2.29,4.0,0.8,0.6,75.0,0.4,0.4,100.0,0.0,2.0,0.4,0.2,0.0,0.0,0.0,0.0,0.0,,50.0,,0.2,0.0,0.0,0.0,0.0,0.0,,0.4,0.4,100.0,0.6,0.0,0.0,0.0,0.0
1196,Super League (CH),849358,Ledjan Sahitaj,L. Sahitaj,2004-01-12,84.33,18.96,24.53,6,6,0,137.0,22.83,14.33,62.77,1.33,0.0,2.9,1.14,91.0,15.17,11.33,74.73,1.0,0.17,16.67,13.33,12.0,2.0,1.17,1.5,1.0,0.5,0.5,0.17,33.33,58.33,66.67,0.0,0.83,0.0,0.33,0.0,0.0,,1.17,0.0,0.0,1.83,0.33,18.18,0.17,9.09
1196,Super League (CH),849416,Silas Huber,S. Huber,2005-07-10,91.94,20.99,23.08,16,16,0,395.0,24.69,14.25,57.72,0.19,0.06,4.95,3.31,223.0,13.94,8.44,60.54,0.31,0.06,20.0,13.44,86.0,5.38,2.81,2.75,1.38,0.06,0.0,0.0,,52.32,50.0,0.0,0.0,0.0,0.0,0.12,0.0,0.0,0.44,0.06,14.29,0.75,0.31,41.67,0.0,0.0
1196,Super League (CH),850729,Elias Maluvunu,E. Maluvunu,2004-08-03,38.94,8.63,11.57,27,27,0,274.0,10.15,5.26,51.82,1.7,0.19,9.31,2.12,159.0,5.89,3.11,52.83,1.52,0.56,36.59,3.37,100.0,3.7,1.59,2.59,0.89,1.26,1.11,0.22,20.0,43.0,34.29,0.3,0.44,0.19,0.85,0.19,0.04,20.0,1.89,0.19,9.8,3.33,0.93,27.78,0.93,27.78
1196,Super League (CH),850780,Lekoueiry Beyatt,L. Beyatt,2005-04-11,54.33,13.68,13.56,34,34,0,876.0,25.76,17.35,67.35,3.09,0.44,6.67,1.79,555.0,16.32,11.12,68.11,2.74,1.41,51.61,11.21,250.0,7.35,4.56,3.82,2.09,1.5,1.21,0.56,46.34,62.0,54.62,1.26,2.47,0.41,1.88,0.53,0.24,44.44,3.56,0.59,16.53,5.56,1.47,26.46,1.09,19.58
1196,Super League (CH),851037,Daniel Ihendu,D. Ihendu,2005-09-29,47.33,9.2,12.66,7,7,0,71.0,10.14,7.29,71.83,0.14,0.0,4.38,1.4,30.0,4.29,4.0,93.33,0.29,0.14,50.0,3.71,12.0,1.71,1.0,0.29,0.14,0.14,0.0,0.0,,58.33,50.0,0.0,0.0,0.0,0.0,0.14,0.14,100.0,0.29,0.0,0.0,0.29,0.14,50.0,0.0,0.0
1196,Super League (CH),889534,Omar Janneh Susso,Omar Janneh,2006-08-23,67.56,18.28,17.21,18,18,0,365.0,20.28,10.06,49.59,4.89,0.56,6.82,1.75,230.0,12.78,6.61,51.74,3.39,1.28,37.71,6.61,100.0,5.56,2.28,4.17,1.33,1.56,1.39,0.28,20.0,41.0,32.0,1.17,2.17,0.67,1.5,0.44,0.17,37.5,4.44,0.39,8.75,7.06,1.22,17.32,2.11,29.92
1196,Super League (CH),894786,Christian Nsonga Fopossi Kouam,C. Kouam,2006-04-06,94.9,23.04,29.62,1,1,0,39.0,39.0,26.0,66.67,2.0,1.0,3.26,1.02,24.0,24.0,18.0,75.0,3.0,1.0,33.33,20.0,4.0,4.0,3.0,2.0,1.0,1.0,1.0,0.0,0.0,75.0,50.0,1.0,0.0,0.0,1.0,0.0,0.0,,5.0,0.0,0.0,8.0,0.0,0.0,1.0,12.5
1196,Super League (CH),908505,Mohamed Bangoura,M. Bangoura,2006-02-18,21.86,4.71,5.14,16,16,0,110.0,6.88,3.69,53.64,0.12,0.0,6.22,1.77,57.0,3.56,2.25,63.16,0.38,0.12,33.33,2.56,27.0,1.69,0.88,1.12,0.44,0.38,0.25,0.06,25.0,51.85,38.89,0.12,0.25,0.06,0.25,0.31,0.19,60.0,0.5,0.06,12.5,0.75,0.12,16.67,0.0,0.0
1196,Super League (CH),929950,Felix Emmanuel Tsimba,F. Tsimba,2006-06-22,44.43,10.01,12.3,18,17,1,146.0,8.59,4.65,54.11,1.71,0.06,6.66,1.64,90.0,5.29,2.76,52.22,1.06,0.53,50.0,3.35,40.0,2.35,1.41,1.12,0.41,0.59,0.41,0.18,42.86,60.0,36.84,0.41,0.65,0.47,0.29,0.06,0.0,0.0,1.65,0.41,25.0,2.53,0.35,13.95,0.76,30.23
1196,Super League (CH),930788,Andrej Bačanin,A. Bačanin,2007-03-07,59.4,17.33,15.71,23,23,0,646.0,28.09,21.65,77.09,2.87,0.17,4.41,1.3,452.0,19.65,16.17,82.3,1.39,0.78,56.25,15.09,128.0,5.57,4.43,2.26,1.74,0.96,0.57,0.39,69.23,79.69,76.92,1.48,2.61,0.26,0.22,0.22,0.17,80.0,2.48,0.57,22.81,4.09,0.61,14.89,0.57,13.83
1196,Super League (CH),958557,Keyan Anderson Pereira Varela,Keyan Varela,2006-04-26,40.5,12.78,11.1,7,7,0,98.0,14.0,7.14,51.02,2.0,0.14,9.05,2.25,71.0,10.14,5.14,50.7,1.43,0.29,20.0,6.71,33.0,4.71,2.14,2.86,0.71,1.29,1.29,0.14,11.11,45.45,25.0,0.43,1.29,0.57,1.14,0.14,0.0,0.0,2.0,0.43,21.43,3.0,0.43,14.29,0.43,14.29
1196,Super League (CH),963310,Yannick  Bettkober,Y. Bettkober,2005-03-18,23.26,4.68,6.39,3,3,0,11.0,3.67,2.0,54.55,0.0,0.0,10.47,2.56,9.0,3.0,1.67,55.56,0.33,0.33,100.0,1.67,5.0,1.67,1.0,1.0,0.33,0.33,0.33,0.0,0.0,60.0,33.33,0.0,0.0,0.0,0.0,0.33,0.0,0.0,0.33,0.0,0.0,0.33,0.0,0.0,0.33,100.0
1196,Super League (CH),966348,Andrej Vasovic,A. Vasovic,2007-10-14,48.44,13.41,12.01,22,21,1,225.0,10.71,4.57,42.67,2.62,0.43,6.75,1.72,143.0,6.81,3.05,44.75,1.76,0.62,35.13,3.05,65.0,3.1,1.24,1.81,0.52,0.9,0.76,0.19,25.0,40.0,28.95,0.57,1.05,0.67,0.52,0.1,0.0,0.0,2.0,0.1,4.76,3.76,0.81,21.52,1.1,29.11
1196,Super League (CH),967371,Pantaleo Creti,P. Creti,2008-07-22,34.64,8.43,10.41,4,4,0,37.0,9.25,6.25,67.57,0.5,0.25,6.09,1.51,17.0,4.25,3.0,70.59,0.5,0.25,50.0,3.75,11.0,2.75,1.5,2.5,1.25,0.5,0.5,0.0,0.0,54.55,50.0,0.0,0.75,0.0,0.5,0.0,0.0,,0.5,0.0,0.0,0.75,0.5,66.67,0.25,33.33
1196,Super League (CH),968403,Alessandro  Vogt,A. Vogt,2005-02-03,69.8,15.61,17.66,35,35,0,526.0,15.03,4.43,29.47,3.74,0.51,8.36,2.01,312.0,8.91,2.63,29.49,3.23,0.71,22.12,3.34,177.0,5.06,1.31,3.74,0.8,1.69,1.46,0.29,19.61,25.99,21.37,1.4,0.63,0.97,1.29,0.09,0.0,0.0,3.54,0.2,5.65,6.54,1.74,26.64,1.51,23.14
1196,Super League (CH),968406,Sascha Britschgi,S. Britschgi,2006-08-27,88.6,24.45,20.47,3,2,1,66.0,33.0,21.0,63.63,2.5,0.0,3.26,1.05,39.0,19.5,13.0,66.67,3.5,1.5,42.86,16.0,7.0,3.5,1.5,2.5,1.0,1.0,1.0,0.5,50.0,42.86,40.0,0.0,1.0,0.0,0.0,0.5,0.0,0.0,5.0,0.0,0.0,7.5,2.0,26.67,0.0,0.0
1196,Super League (CH),969674,Maxime Dubosson,M. Dubosson,2004-11-24,98.48,25.3,22.09,2,2,0,63.0,31.5,23.5,74.6,0.5,0.0,4.92,1.4,38.0,19.0,16.0,84.21,0.0,0.0,,17.5,14.0,7.0,6.0,2.5,2.5,1.5,0.0,0.0,,85.72,100.0,0.0,0.0,0.0,0.0,0.5,0.5,100.0,0.0,0.0,,0.0,0.0,,0.0,
1196,Super League (CH),970631,David Vujevic,D. Vujevic,2006-10-20,73.28,16.73,17.35,20,20,0,449.0,22.45,15.85,70.6,0.75,0.15,5.04,1.58,223.0,11.15,9.25,82.96,0.1,0.1,100.0,10.15,106.0,5.3,3.8,2.15,1.55,0.85,0.25,0.2,80.0,71.7,72.09,0.05,0.15,0.1,0.1,0.35,0.0,0.0,0.1,0.0,0.0,0.3,0.1,33.33,0.0,0.0
1196,Super League (CH),972812,Matteo Mantini,M. Mantini,2007-08-27,54.28,12.58,13.09,12,12,0,283.0,23.58,17.0,72.08,0.83,0.0,3.9,1.27,125.0,10.42,8.08,77.6,0.42,0.42,100.0,8.25,46.0,3.83,3.0,1.83,1.5,0.33,0.17,0.17,100.0,78.26,81.82,0.0,0.25,0.0,0.08,0.17,0.08,50.0,0.67,0.08,12.5,1.5,0.25,16.67,0.17,11.11
1196,Super League (CH),975328,Enzo Kana Biyik,E. Kana Biyik,2007-01-08,29.62,7.9,7.56,21,21,0,197.0,9.38,4.81,51.27,1.48,0.14,5.68,1.51,134.0,6.38,3.33,52.24,1.81,0.86,47.37,3.62,45.0,2.14,0.95,1.24,0.48,0.43,0.29,0.1,33.33,44.44,38.46,0.05,0.57,0.43,0.24,0.19,0.05,25.0,2.52,0.48,18.87,3.14,0.24,7.58,0.52,16.67
1196,Super League (CH),979481,Elias Pihlström,E. Pihlström,2006-08-31,23.55,6.63,4.95,13,13,0,98.0,7.54,4.69,62.24,1.23,0.08,9.59,2.26,82.0,6.31,4.0,63.42,0.54,0.31,57.14,5.15,38.0,2.92,1.62,1.31,0.46,1.08,0.77,0.31,40.0,55.26,35.29,0.15,0.77,0.15,0.46,0.23,0.0,0.0,0.85,0.46,54.55,1.69,0.38,22.73,0.31,18.18
1196,Super League (CH),988835,Adrien Llukes,A. Llukes,2008-07-21,15.13,4.36,4.08,7,7,0,56.0,8.0,3.71,46.43,1.29,0.0,4.73,1.5,32.0,4.57,2.29,50.0,0.57,0.29,50.0,3.29,12.0,1.71,0.29,0.86,0.14,0.14,0.14,0.0,0.0,16.67,16.67,0.14,0.86,0.14,0.0,0.14,0.0,0.0,1.0,0.0,0.0,1.14,0.0,0.0,0.29,25.0
1196,Super League (CH),988836,Jill Stiel,J. Stiel,2008-05-01,14.62,2.64,2.93,1,1,0,5.0,5.0,2.0,40.0,0.0,0.0,7.75,1.72,4.0,4.0,2.0,50.0,0.0,0.0,,3.0,2.0,2.0,1.0,2.0,1.0,2.0,2.0,1.0,50.0,50.0,50.0,1.0,1.0,0.0,0.0,0.0,0.0,,0.0,0.0,,1.0,1.0,100.0,1.0,100.0
1196,Super League (CH),988845,Erblin Sadikaj,E. Sadikaj,2008-03-13,60.48,24.37,9.62,1,1,0,44.0,44.0,43.0,97.73,3.0,0.0,9.62,2.7,29.0,29.0,28.0,96.55,0.0,0.0,,26.0,23.0,23.0,22.0,11.0,10.0,3.0,1.0,1.0,100.0,95.65,90.91,0.0,0.0,0.0,1.0,0.0,0.0,,0.0,0.0,,0.0,0.0,,0.0,
1196,Super League (CH),988852,Olivier Mambwa,O. Mambwa,2008-12-05,52.99,14.03,12.72,7,7,0,153.0,21.86,13.43,61.44,2.29,0.29,6.17,2.02,112.0,16.0,9.86,61.61,1.0,0.57,57.14,13.29,37.0,5.29,3.0,3.43,2.0,1.14,1.0,0.57,57.14,56.76,58.33,0.0,1.0,0.14,0.57,0.0,0.0,,1.57,0.29,18.18,2.57,0.86,33.33,0.29,11.11
1196,Super League (CH),988853,Nevio Scherrer,N. Scherrer,2008-04-08,26.39,5.61,6.43,7,7,0,49.0,7.0,3.43,48.98,2.0,0.14,3.76,0.99,26.0,3.71,2.0,53.85,1.0,0.43,42.86,1.86,6.0,0.86,0.29,0.86,0.29,0.43,0.43,0.29,66.67,33.33,33.33,0.29,0.43,0.43,0.29,0.0,0.0,,1.29,0.29,22.22,2.43,0.14,5.88,0.86,35.29
1196,Super League (CH),990619,Mohamed Ishuayed,M. Ishuayed,2006-09-17,14.26,3.0,3.0,1,1,0,5.0,5.0,2.0,40.0,0.0,0.0,13.61,3.42,4.0,4.0,1.0,25.0,0.0,0.0,,3.0,1.0,1.0,0.0,1.0,0.0,0.0,0.0,0.0,,0.0,0.0,1.0,0.0,0.0,0.0,0.0,0.0,,0.0,0.0,,1.0,1.0,100.0,0.0,0.0
1196,Super League (CH),994816,Gjan Ajdin,G. Ajdin,2007-01-13,4.48,2.24,1.04,1,1,0,3.0,3.0,3.0,100.0,0.0,0.0,1.57,0.9,3.0,3.0,3.0,100.0,0.0,0.0,,3.0,0.0,0.0,0.0,0.0,0.0,0.0,0.0,0.0,,,,0.0,0.0,0.0,0.0,0.0,0.0,,0.0,0.0,,0.0,0.0,,0.0,
1196,Super League (CH),994829,Agon Rexhaj,A. Rexhaj,2007-03-24,14.43,4.86,1.12,1,1,0,5.0,5.0,4.0,80.0,3.0,0.0,8.52,1.78,3.0,3.0,3.0,100.0,0.0,0.0,,3.0,2.0,2.0,2.0,1.0,1.0,1.0,1.0,1.0,100.0,100.0,100.0,0.0,2.0,0.0,1.0,0.0,0.0,,0.0,0.0,,0.0,0.0,,0.0,
1196,Super League (CH),997347,Kaio Eduardo do Nascimento Pereira dos Santos,Kaio Eduardo,2005-04-29,32.13,7.76,8.65,3,3,0,16.0,5.33,3.0,56.25,1.0,0.0,5.76,1.45,5.0,1.67,1.0,60.0,0.0,0.0,,1.67,4.0,1.33,1.0,0.67,0.67,1.0,0.67,0.67,100.0,75.0,100.0,0.67,0.67,0.0,0.0,0.0,0.0,,0.0,0.0,,1.0,0.67,66.67,0.67,66.67
1196,Super League (CH),998272,Leart Kabashi,L. Kabashi,2007-11-29,21.19,4.19,6.21,2,2,0,21.0,10.5,5.0,47.62,1.5,0.0,4.72,1.38,13.0,6.5,2.5,38.46,0.5,0.0,0.0,3.5,3.0,1.5,0.5,1.0,0.5,0.0,0.0,0.0,,33.33,50.0,0.0,1.0,0.5,0.5,0.0,0.0,,0.5,0.0,0.0,2.0,0.0,0.0,0.0,0.0
1196,Super League (CH),998830,Neil Volken,N. Volken,2007-04-23,49.09,13.83,10.5,9,9,0,199.0,22.11,17.11,77.39,1.11,0.11,4.16,1.43,160.0,17.78,14.67,82.5,1.0,0.33,33.33,16.0,35.0,3.89,2.67,1.67,0.78,0.44,0.22,0.11,50.0,68.57,46.67,0.11,2.56,0.0,0.0,0.22,0.0,0.0,1.33,0.11,8.33,2.22,0.78,35.0,0.11,5.0
1196,Super League (CH),1002124,Ilija Maslarov,I. Maslarov,2007-01-02,13.66,2.85,4.58,2,2,0,7.0,3.5,3.0,85.71,0.0,0.0,4.7,1.5,5.0,2.5,2.0,80.0,0.0,0.0,,2.5,1.0,0.5,0.5,0.5,0.5,0.0,0.0,0.0,,100.0,100.0,0.0,0.0,0.0,0.0,0.0,0.0,,0.0,0.0,,0.5,0.0,0.0,0.0,0.0
1196,Super League (CH),1008002,Cyrill May,C. May,2007-02-06,93.61,20.01,24.06,17,17,0,499.0,29.35,22.24,75.75,1.0,0.29,3.56,1.28,261.0,15.35,13.35,86.97,0.18,0.06,33.33,13.94,65.0,3.82,2.82,1.35,1.06,1.12,0.18,0.06,33.33,73.85,78.26,0.0,0.12,0.0,0.0,0.24,0.12,50.0,0.18,0.0,0.0,0.41,0.12,28.57,0.0,0.0
1196,Super League (CH),1008915,Aaron Tchamda,A. Tchamda,2007-01-07,8.31,1.62,1.57,3,3,0,12.0,4.0,2.33,58.34,0.67,0.0,3.08,0.99,5.0,1.67,0.67,40.0,0.0,0.0,,1.0,2.0,0.67,0.0,0.67,0.0,0.33,0.33,0.0,0.0,0.0,0.0,0.0,0.0,0.0,0.0,0.0,0.0,,0.0,0.0,,0.0,0.0,,0.0,
1196,Super League (CH),1019289,Damian  Kelvin,D. Kelvin,2002-06-15,64.42,18.84,15.08,15,15,0,478.0,31.87,27.73,87.03,0.4,0.07,4.0,1.35,332.0,22.13,20.87,94.28,0.0,0.0,,21.6,68.0,4.53,3.67,1.0,0.93,1.27,0.0,0.0,,80.88,93.33,0.0,0.13,0.0,0.0,0.27,0.2,75.0,0.07,0.0,0.0,0.33,0.0,0.0,0.0,0.0
1196,Super League (CH),1019557,Gian Stork,G. Stork,2007-03-12,8.95,2.36,1.07,1,1,0,6.0,6.0,6.0,100.0,1.0,0.0,9.26,2.45,4.0,4.0,4.0,100.0,0.0,0.0,,3.0,4.0,4.0,4.0,2.0,2.0,0.0,0.0,0.0,,100.0,100.0,0.0,0.0,0.0,0.0,0.0,0.0,,0.0,0.0,,0.0,0.0,,0.0,
1196,Super League (CH),1019622,Antonio  Verinac,A. Verinac,2004-12-27,18.61,3.46,4.59,3,3,0,8.0,2.67,1.0,37.5,0.0,0.0,8.62,1.96,3.0,1.0,0.33,33.33,0.33,0.33,100.0,1.0,4.0,1.33,0.67,0.67,0.33,0.33,0.0,0.0,,50.0,50.0,0.0,0.0,0.0,0.0,0.0,0.0,,0.33,0.33,100.0,0.67,0.0,0.0,0.0,0.0
1196,Super League (CH),1019645,Mio Zimmermann,M. Zimmermann,2007-08-08,,,,1,0,1,,,,,,,,,,,,,,,,,,,,,,,,,,,,,,,,,,,,,,,,,,
1196,Super League (CH),1019646,Lucas Manuel Silva Ferreira,L. Silva Ferreira,2006-11-25,59.18,15.73,15.26,34,33,1,724.0,21.94,15.06,68.65,2.97,0.52,4.44,1.25,477.0,14.45,10.03,69.39,2.03,0.73,35.82,10.7,134.0,4.06,2.73,1.97,1.15,0.76,0.61,0.27,45.0,67.16,58.46,0.42,1.55,0.48,0.42,0.12,0.09,75.0,2.79,0.48,17.39,4.33,1.06,24.48,0.85,19.58
1196,Super League (CH),1019647,Loris Giandomenico,L. Giandomenico,2005-09-28,20.52,4.75,4.89,14,14,0,90.0,6.43,2.64,41.11,0.14,0.0,7.77,1.92,48.0,3.43,1.43,41.67,0.57,0.21,37.5,2.86,33.0,2.36,0.64,1.5,0.36,0.5,0.29,0.07,25.0,27.27,23.81,0.07,0.57,0.21,0.14,0.21,0.07,33.33,0.57,0.0,0.0,1.07,0.36,33.33,0.07,6.67
1196,Super League (CH),1019648,Samuel Marques,S. Marques,1995-04-14,58.45,13.37,16.6,25,24,1,546.0,22.75,11.79,51.83,2.25,0.21,6.68,1.84,357.0,14.88,8.0,53.78,1.75,0.54,30.95,11.71,161.0,6.71,3.58,3.96,1.83,1.33,0.88,0.42,47.62,53.42,46.31,0.29,1.71,0.25,0.58,0.62,0.21,33.33,2.21,0.17,7.55,3.75,0.88,23.33,0.42,11.11
1196,Super League (CH),1019707,Luka Mikulić,L. Mikulić,2005-05-07,76.92,18.5,22.26,15,14,1,416.0,29.71,21.64,72.84,0.86,0.0,4.27,1.41,235.0,16.79,13.71,81.7,0.71,0.36,50.0,15.0,69.0,4.93,3.43,2.36,1.57,0.79,0.29,0.21,75.0,69.57,66.67,0.07,0.29,0.0,0.07,0.71,0.29,40.0,1.07,0.0,0.0,1.21,0.64,52.94,0.07,5.88
1196,Super League (CH),1020489,Tibault Citherlet,T. Citherlet,2005-03-05,71.29,15.37,21.4,18,18,0,461.0,25.61,18.61,72.67,0.5,0.06,3.81,1.4,284.0,15.78,12.83,81.34,0.28,0.11,40.0,14.56,66.0,3.67,2.67,1.72,1.39,0.61,0.17,0.06,33.33,72.73,80.65,0.06,0.28,0.06,0.11,0.17,0.17,100.0,0.5,0.06,11.11,0.89,0.33,37.5,0.0,0.0
1196,Super League (CH),1020785,Jamie Atangana,J. Atangana,2007-11-12,22.41,6.55,5.6,9,9,0,35.0,3.89,2.0,51.43,0.56,0.0,5.88,1.49,15.0,1.67,0.78,46.67,0.22,0.11,50.0,1.0,8.0,0.89,0.33,0.67,0.11,0.44,0.44,0.0,0.0,37.5,16.67,0.22,0.44,0.33,0.11,0.0,0.0,,0.33,0.11,33.33,1.0,0.44,44.45,0.33,33.33
1196,Super League (CH),1021700,Sandro Wyss,S. Wyss,2008-05-03,24.89,7.77,5.3,6,6,0,55.0,9.17,5.17,56.36,2.67,0.0,7.62,2.0,37.0,6.17,3.17,51.35,1.5,1.0,66.67,4.17,17.0,2.83,1.67,1.17,0.83,0.67,0.5,0.33,66.67,58.82,71.43,0.17,1.0,0.5,1.17,0.0,0.0,,2.0,0.17,8.33,2.5,0.0,0.0,0.83,33.33
1196,Super League (CH),1023357,Rodolfo  Lippo,R. Lippo,2004-05-13,80.42,19.39,18.56,2,2,0,53.0,26.5,19.5,73.59,1.5,0.0,3.27,1.11,30.0,15.0,12.0,80.0,1.5,0.0,0.0,13.0,6.0,3.0,2.0,0.0,0.0,1.0,0.0,0.0,,66.67,,0.0,0.0,0.0,0.0,0.5,0.5,100.0,1.5,0.0,0.0,2.5,0.0,0.0,0.0,0.0
1196,Super League (CH),1025074,Oscar Renovales,O. Renovales,2007-10-24,40.83,10.46,11.99,4,4,0,58.0,14.5,8.0,55.17,1.5,0.25,5.48,1.46,41.0,10.25,6.0,58.53,2.0,0.5,25.0,8.0,13.0,3.25,1.5,1.5,0.25,1.25,0.75,0.0,0.0,46.15,16.66,0.75,1.75,0.25,0.25,0.25,0.0,0.0,2.75,1.0,36.36,3.5,0.5,14.29,0.75,21.43
1196,Super League (CH),1025079,Din Ramic,D. Ramic,2008-12-28,12.27,4.23,3.38,2,2,0,5.0,2.5,0.0,0.0,1.5,0.0,7.91,1.58,2.0,1.0,0.0,0.0,0.0,0.0,,0.5,2.0,1.0,0.0,1.0,0.0,0.0,0.0,0.0,,0.0,0.0,0.0,0.0,0.0,0.0,0.0,0.0,,0.0,0.0,,0.0,0.0,,0.0,
1196,Super League (CH),1029674,Alonzo Vincent,A. Vincent,2008-10-06,2.08,0.67,1.06,1,1,0,0.0,0.0,0.0,,0.0,0.0,,,0.0,0.0,0.0,,0.0,0.0,,0.0,0.0,0.0,0.0,0.0,0.0,0.0,0.0,0.0,,,,0.0,0.0,0.0,0.0,0.0,0.0,,0.0,0.0,,0.0,0.0,,0.0,
1196,Super League (CH),1029791,Ibrahim  Bah Mendes,I. Bah Mendes,2005-11-22,1.18,0.46,0.0,1,1,0,0.0,0.0,0.0,,0.0,0.0,,,0.0,0.0,0.0,,0.0,0.0,,0.0,0.0,0.0,0.0,0.0,0.0,0.0,0.0,0.0,,,,0.0,0.0,0.0,0.0,0.0,0.0,,0.0,0.0,,0.0,0.0,,0.0,
1196,Super League (CH),1030824,Samuele Bengondo,S. Bengondo,2005-12-22,6.66,1.23,1.73,1,1,0,1.0,1.0,1.0,100.0,0.0,0.0,1.54,1.1,0.0,0.0,0.0,,0.0,0.0,,0.0,0.0,0.0,0.0,0.0,0.0,0.0,0.0,0.0,,,,0.0,0.0,0.0,0.0,0.0,0.0,,0.0,0.0,,0.0,0.0,,0.0,
1196,Super League (CH),1031912,Joel Ruiz,Joel Ruiz,2006-10-20,20.61,3.61,5.73,14,14,0,80.0,5.71,3.36,58.75,0.21,0.14,4.63,1.29,37.0,2.64,1.71,64.87,0.0,0.0,,2.36,16.0,1.14,0.71,0.71,0.36,0.43,0.29,0.14,50.0,62.5,50.0,0.0,0.29,0.0,0.14,0.07,0.07,100.0,0.07,0.0,0.0,0.29,0.0,0.0,0.0,0.0
1196,Super League (CH),1031917,Nino Weibel,N. Weibel,2007-04-11,25.86,5.47,6.26,14,14,0,106.0,7.57,4.5,59.44,1.29,0.07,5.35,1.65,48.0,3.43,2.21,64.58,0.43,0.14,33.33,2.57,26.0,1.86,1.07,0.93,0.57,0.0,0.0,0.0,,57.69,61.54,0.07,0.43,0.07,0.36,0.14,0.07,50.0,0.64,0.21,33.33,0.71,0.07,10.0,0.07,10.0
1196,Super League (CH),1031918,Diego Besio,D. Besio,2006-06-23,41.27,9.04,11.03,21,21,0,202.0,9.62,3.95,41.09,1.71,0.43,6.19,1.58,113.0,5.38,2.33,43.36,1.86,0.71,38.46,2.57,57.0,2.71,1.1,1.76,0.52,0.76,0.57,0.1,16.67,40.35,29.73,0.43,0.71,0.62,0.52,0.0,0.0,,2.38,0.24,10.0,3.38,0.86,25.35,0.86,25.35
1196,Super League (CH),1032513,Thomas Lopes,T. Lopes,2007-01-27,50.08,14.49,13.46,14,14,0,264.0,18.86,10.21,54.17,3.14,0.64,8.71,2.36,188.0,13.43,7.36,54.79,3.21,1.5,46.67,10.07,104.0,7.43,3.64,4.93,2.43,1.21,1.07,0.57,53.33,49.04,49.28,0.43,1.43,0.36,1.21,0.64,0.07,11.11,3.86,0.36,9.26,5.64,1.43,25.32,1.14,20.25
1196,Super League (CH),1034136,Giacomo  Koloto,G. Koloto,2008-01-31,56.45,16.08,14.82,17,17,0,254.0,14.94,8.29,55.51,2.71,0.18,4.96,1.34,173.0,10.18,5.76,56.65,2.94,1.24,42.0,3.76,50.0,2.94,1.47,1.41,0.59,0.71,0.59,0.12,20.0,50.0,41.67,0.59,1.76,0.29,0.18,0.0,0.0,,3.94,0.76,19.4,6.94,0.47,6.78,1.06,15.25
1196,Super League (CH),1035565,Malek  Sanchez Ishuayed,M. Sanchez Ishuayed,2007-03-16,47.73,12.44,13.49,12,12,0,243.0,20.25,9.75,48.15,1.83,0.17,6.91,1.98,173.0,14.42,7.08,49.13,2.0,0.42,20.83,11.33,73.0,6.08,2.17,3.75,1.17,0.92,0.67,0.17,25.0,35.62,31.11,1.0,1.08,0.08,1.0,1.08,0.33,30.77,2.83,0.17,5.88,4.17,0.75,18.0,0.92,22.0
1196,Super League (CH),1035653,Damien Osborne Odera,D. Osborne Odera,2007-07-26,22.47,3.77,4.98,4,4,0,19.0,4.75,1.5,31.58,0.5,0.0,5.41,1.15,8.0,2.0,0.5,25.0,0.5,0.0,0.0,0.75,5.0,1.25,0.25,1.0,0.25,0.0,0.0,0.0,,20.0,25.0,0.25,0.25,0.25,0.0,0.0,0.0,,0.5,0.0,0.0,0.75,0.0,0.0,0.0,0.0
1196,Super League (CH),1036216,Nico Rissi,N. Rissi,2004-01-30,53.28,13.93,13.32,5,5,0,96.0,19.2,12.0,62.5,1.0,0.0,6.07,1.57,64.0,12.8,8.2,64.06,0.2,0.0,0.0,11.0,25.0,5.0,2.8,4.2,2.2,1.0,0.8,0.2,25.0,56.0,52.38,0.0,1.0,0.0,0.4,1.0,0.2,20.0,0.2,0.0,0.0,1.8,0.2,11.11,0.0,0.0
1196,Super League (CH),1036377,Mardochee Miguel,M. Miguel,2007-05-22,25.71,7.8,6.16,7,7,0,61.0,8.71,4.0,45.9,0.43,0.0,8.02,2.36,42.0,6.0,2.71,45.24,1.14,0.43,37.5,4.14,20.0,2.86,1.14,1.86,0.71,0.86,0.57,0.0,0.0,40.0,38.46,0.29,0.57,0.14,0.43,0.29,0.0,0.0,1.86,0.43,23.08,3.29,0.57,17.39,0.43,13.05
1196,Super League (CH),1036617,Adam Ilic,A. Ilic,2008-05-03,14.3,2.72,5.64,1,1,0,2.0,2.0,2.0,100.0,1.0,0.0,6.2,1.6,1.0,1.0,1.0,100.0,0.0,0.0,,0.0,0.0,0.0,0.0,0.0,0.0,0.0,0.0,0.0,,,,0.0,0.0,0.0,0.0,0.0,0.0,,0.0,0.0,,0.0,0.0,,0.0,
1196,Super League (CH),1036653,Leandro Leon Maksutaj,L. Maksutaj,2007-06-18,27.9,5.69,9.16,10,10,0,91.0,9.1,5.4,59.34,0.8,0.0,8.53,1.99,61.0,6.1,3.8,62.29,0.6,0.5,83.33,4.4,34.0,3.4,1.6,2.0,0.7,0.9,0.7,0.1,14.28,47.06,35.0,0.4,0.9,0.0,0.1,0.4,0.1,25.0,1.0,0.1,10.0,2.3,0.4,17.39,0.5,21.74
1196,Super League (CH),1037015,Andrew Lachhab,A. Lachhab,2008-11-16,24.42,6.37,4.55,1,1,0,9.0,9.0,3.0,33.33,2.0,0.0,3.77,1.16,9.0,9.0,3.0,33.33,1.0,0.0,0.0,5.0,2.0,2.0,0.0,1.0,0.0,1.0,0.0,0.0,,0.0,0.0,1.0,0.0,1.0,0.0,1.0,0.0,0.0,2.0,0.0,0.0,4.0,0.0,0.0,1.0,25.0
1196,Super League (CH),1037052,Sebastian Walker,S. Walker,2005-10-01,69.34,15.36,18.01,11,11,0,178.0,16.18,8.64,53.37,1.27,0.0,4.74,1.23,109.0,9.91,5.91,59.63,1.36,0.36,26.67,8.18,31.0,2.82,1.09,1.55,0.55,1.27,0.91,0.36,40.0,38.71,35.29,0.18,1.18,0.0,0.55,0.18,0.09,50.0,1.73,0.0,0.0,2.73,0.82,30.0,0.36,13.33
1196,Super League (CH),1039523,Tobias Chibuzo Okafor Onyekosor,T. Okafor,2006-10-11,42.17,9.48,15.86,2,2,0,41.0,20.5,12.5,60.97,1.5,0.0,5.71,1.7,25.0,12.5,9.5,76.0,1.0,0.0,0.0,11.0,10.0,5.0,1.5,2.5,0.5,1.5,1.0,0.0,0.0,30.0,20.0,0.0,0.0,0.0,0.0,0.5,0.0,0.0,1.5,0.0,0.0,2.5,0.5,20.0,0.0,0.0
1196,Super League (CH),1044210,Sambou Camara,S. Camara,2007-04-20,31.96,5.57,13.49,1,1,0,11.0,11.0,10.0,90.91,0.0,0.0,5.57,2.23,5.0,5.0,5.0,100.0,0.0,0.0,,5.0,2.0,2.0,2.0,2.0,2.0,0.0,0.0,0.0,,100.0,100.0,0.0,0.0,0.0,0.0,0.0,0.0,,0.0,0.0,,0.0,0.0,,0.0,
1196,Super League (CH),1059631,Pirosch Fischer,P. Fischer,2004-07-23,9.85,2.62,1.61,3,3,0,9.0,3.0,2.33,77.78,0.0,0.0,7.67,2.38,6.0,2.0,1.33,66.67,0.33,0.33,100.0,1.33,2.0,0.67,0.33,0.67,0.33,0.0,0.0,0.0,,50.0,50.0,0.0,0.33,0.33,0.0,0.0,0.0,,0.33,0.0,0.0,0.33,0.0,0.0,0.0,0.0
1196,Super League (CH),1066938,Dominik Papic,D. Papic,2008-05-14,38.67,9.47,12.55,3,3,0,44.0,14.67,10.33,70.45,1.0,0.33,5.46,1.74,25.0,8.33,6.0,72.0,1.33,0.33,25.0,6.33,12.0,4.0,3.33,2.0,1.67,0.33,0.0,0.0,,83.33,83.33,0.0,0.67,0.0,0.0,0.33,0.0,0.0,1.67,0.33,20.0,2.0,0.0,0.0,0.0,0.0
1196,Super League (CH),1066939,Denis Sahin,D. Sahin,2008-06-23,52.02,13.38,15.26,2,2,0,47.0,23.5,15.0,63.83,3.5,1.5,7.02,1.83,33.0,16.5,10.5,63.64,1.5,0.0,0.0,11.5,17.0,8.5,6.0,7.0,5.0,2.0,2.0,1.0,50.0,70.59,71.43,2.5,2.0,0.0,1.5,1.0,1.0,100.0,3.0,0.0,0.0,4.0,0.5,12.5,0.5,12.5
1196,Super League (CH),1067255,Evann Senaya,E. Senaya,2006-04-01,30.2,7.6,4.12,1,1,0,15.0,15.0,8.0,53.33,2.0,1.0,4.68,1.2,9.0,9.0,6.0,66.67,1.0,1.0,100.0,9.0,3.0,3.0,1.0,2.0,0.0,2.0,2.0,0.0,0.0,33.33,0.0,0.0,1.0,0.0,0.0,0.0,0.0,,1.0,0.0,0.0,1.0,0.0,0.0,0.0,0.0
1196,Super League (CH),1067915,Demis Fiechter,D. Fiechter,2005-12-30,71.08,18.22,21.42,1,1,0,17.0,17.0,9.0,52.94,2.0,1.0,5.38,1.24,12.0,12.0,5.0,41.67,7.0,3.0,42.86,2.0,2.0,2.0,0.0,2.0,0.0,1.0,1.0,0.0,0.0,0.0,0.0,0.0,1.0,0.0,1.0,0.0,0.0,,7.0,1.0,14.29,10.0,1.0,10.0,1.0,10.0
1196,Super League (CH),1067916,Eliano Guido,E. Guido,2007-04-04,35.06,7.24,11.27,1,1,0,16.0,16.0,7.0,43.75,3.0,0.0,6.82,1.48,9.0,9.0,5.0,55.56,0.0,0.0,,7.0,5.0,5.0,1.0,4.0,0.0,1.0,1.0,0.0,0.0,20.0,0.0,3.0,2.0,0.0,0.0,0.0,0.0,,0.0,0.0,,1.0,0.0,0.0,1.0,100.0
1196,Super League (CH),1067917,Gabriel Gonzalez,G. Gonzalez,2006-06-14,23.82,4.82,8.2,1,1,0,6.0,6.0,2.0,33.33,0.0,0.0,4.59,1.15,2.0,2.0,1.0,50.0,0.0,0.0,,1.0,2.0,2.0,0.0,2.0,0.0,1.0,1.0,0.0,0.0,0.0,0.0,0.0,1.0,0.0,0.0,0.0,0.0,,0.0,0.0,,0.0,0.0,,0.0,
1196,Super League (CH),1067918,Nahom  Tesfom,N. Tesfom,2004-01-03,7.25,1.19,1.37,1,1,0,1.0,1.0,1.0,100.0,0.0,0.0,0.0,0.0,1.0,1.0,1.0,100.0,0.0,0.0,,0.0,0.0,0.0,0.0,0.0,0.0,0.0,0.0,0.0,,,,0.0,0.0,0.0,0.0,0.0,0.0,,0.0,0.0,,1.0,0.0,0.0,1.0,100.0
