competition_edition,league,player_name,player_short_name,player_id,player_birthdate,minutes_full_all,count_match,count_match_failed,total_distance_full_all,total_metersperminute_full_all,running_distance_full_all,hsr_distance_full_all,hsr_count_full_all,sprint_distance_full_all,sprint_count_full_all,hi_distance_full_all,hi_count_full_all,psv99,psv99_top5,peak_velocity,peak_velocity_top3,medaccel_count_full_all,highaccel_count_full_all,meddecel_count_full_all,highdecel_count_full_all,explacceltohsr_count_full_all,timetohsr_top3,timetohsrpostcod_top3,explacceltosprint_count_full_all,timetosprint_top3,timetosprintpostcod_top3,cod_count_full_all,timeto505around90_top3,timeto505around180_top3
1194,Jupiler Pro League (BE),Alireza Jahanbakhsh,A. Jahanbakhsh,609,1993-08-11,48.71,21,0,5566.95,114.29,911.14,340.62,31.24,82.67,4.95,423.29,36.19,27.73,29.46,29.06,31.13,61.0,3.67,50.05,9.57,2.52,0.71,0.74,0.81,1.41,1.91,18.71,2.22,2.71
1194,Jupiler Pro League (BE),Benito Raman,B. Raman,1266,1994-11-07,41.32,29,0,4304.76,104.18,522.24,283.69,32.48,161.41,8.34,445.1,40.83,30.53,32.32,31.28,32.87,44.31,4.55,34.28,9.59,3.76,0.64,0.72,1.62,1.2,1.41,24.66,1.83,2.67
1194,Jupiler Pro League (BE),Birger Verstraete,B. Verstraete,1353,1994-04-16,73.93,25,0,8623.36,116.64,1408.28,415.96,37.76,103.08,5.96,519.04,43.72,27.95,30.44,29.85,32.07,89.04,3.08,72.56,11.6,1.76,0.72,0.76,0.76,1.42,1.56,28.88,1.98,2.8
1194,Jupiler Pro League (BE),Boli Bolingoli-Mbombo,B. Bolingoli-Mbombo,1386,1995-07-01,42.62,3,0,5047.0,118.43,801.33,333.33,32.0,108.0,6.33,441.33,38.33,29.53,29.53,30.97,30.97,65.67,4.33,52.33,13.67,2.67,0.76,,0.0,,,25.0,2.26,
1194,Jupiler Pro League (BE),Brandon Mechele,B. Mechele,1441,1993-01-28,97.6,39,0,10673.82,109.37,1462.23,503.64,46.13,153.9,8.85,657.54,54.97,28.72,30.42,30.42,32.37,125.38,4.92,99.28,12.28,2.67,0.68,0.73,0.64,1.45,1.61,27.79,1.93,2.67
1194,Jupiler Pro League (BE),Bryan Heynen,B. Heynen,1539,1997-02-06,97.56,40,0,11498.38,117.86,1647.58,461.88,42.15,102.08,5.88,563.95,48.02,27.24,29.5,29.1,31.37,110.83,2.75,99.55,9.8,1.6,0.71,0.76,0.53,1.37,1.67,37.75,1.91,2.88
1194,Jupiler Pro League (BE),Dennis Praet,D. Praet,2645,1994-05-14,89.59,30,1,10126.2,113.03,1516.97,485.8,44.4,103.97,6.2,589.77,50.6,27.37,28.82,29.11,30.97,97.9,5.3,85.8,12.07,3.33,0.64,0.65,0.77,1.29,1.4,39.8,1.81,2.56
1194,Jupiler Pro League (BE),Gyrano Kerk,G. Kerk,4167,1995-12-02,82.67,26,1,8302.42,100.43,1017.12,526.08,59.35,262.65,14.27,788.73,73.62,31.06,32.9,32.56,34.93,90.77,9.62,74.73,16.69,7.38,0.59,0.59,3.12,1.12,1.22,41.81,1.82,2.72
1194,Jupiler Pro League (BE),Hannes Van der Bruggen,H. Van der Bruggen,4193,1993-04-01,86.2,32,0,10475.81,121.53,2073.91,580.59,42.25,66.31,4.22,646.91,46.47,26.1,28.08,28.02,30.03,111.91,2.81,92.75,12.41,0.88,0.82,0.96,0.09,,,35.53,1.93,2.68
1194,Jupiler Pro League (BE),Hans Vanaken,H. Vanaken,4202,1992-08-24,95.68,39,0,11322.26,118.34,1815.85,575.28,46.67,124.87,6.08,700.15,52.74,27.49,30.04,29.3,31.77,104.21,2.82,90.21,10.77,1.67,0.7,0.75,0.31,1.51,2.09,35.54,1.83,2.69
1194,Jupiler Pro League (BE),Jelle Vossen,J. Vossen,4899,1989-03-22,33.61,17,0,3744.41,111.39,565.76,242.06,22.59,76.53,4.71,318.59,27.29,27.54,29.32,28.36,30.67,41.53,2.94,34.88,5.65,1.59,0.82,0.89,0.35,1.8,1.94,15.53,1.98,2.87
1194,Jupiler Pro League (BE),Joey Pelupessy,J. Pelupessy,5143,1993-05-15,99.86,2,0,10941.5,109.57,1602.5,519.0,45.5,69.0,6.5,588.0,52.0,26.4,26.4,27.7,,117.0,3.5,104.0,10.5,2.5,,,0.5,,,24.0,,
1194,Jupiler Pro League (BE),Joris Kayembe Ditu ,J. Kayembe,5369,1994-08-08,82.51,28,0,8770.36,106.3,1148.21,499.68,46.43,154.46,9.25,654.14,55.68,28.75,31.46,30.54,32.67,99.43,6.32,83.32,15.25,4.39,0.61,0.65,0.93,1.28,1.3,30.18,1.93,2.52
1194,Jupiler Pro League (BE),Marco Ilaimaharitra,M. Ilaimaharitra,6777,1995-07-26,85.39,30,0,9774.77,114.48,1570.83,484.93,45.83,109.93,6.73,594.87,52.57,27.65,29.48,29.71,32.27,117.9,5.8,101.8,16.6,3.93,0.57,0.62,1.27,1.14,1.26,35.77,1.83,2.68
1194,Jupiler Pro League (BE),Mats Rits,M. Rits,7209,1993-07-18,33.92,3,0,3841.67,113.27,583.33,160.33,15.0,18.67,1.67,179.0,16.67,25.43,25.43,26.3,26.3,44.67,2.0,34.33,7.33,0.67,,,0.0,,,12.0,,
1194,Jupiler Pro League (BE),Nicolas Rommens,N. Rommens,8035,1994-12-17,24.75,1,0,2904.0,117.33,472.0,66.0,5.0,11.0,0.0,77.0,5.0,23.3,23.3,23.3,,26.0,2.0,19.0,3.0,0.0,,,0.0,,,11.0,,
1194,Jupiler Pro League (BE),Noë Dussenne,N. Dussenne,8109,1992-04-07,87.39,22,0,8849.05,101.26,1075.41,371.27,32.18,99.27,5.36,470.55,37.55,27.59,29.1,28.94,30.53,103.36,4.18,83.36,12.05,2.36,0.71,0.8,0.41,1.79,,19.77,1.96,2.79
1194,Jupiler Pro League (BE),Pieter Gerkens,P. Gerkens,8701,1995-02-17,88.9,35,0,11316.63,127.29,2184.91,638.43,51.37,112.26,6.86,750.69,58.23,27.29,29.12,29.38,31.3,114.03,3.37,97.31,10.54,2.11,0.56,0.65,0.11,1.89,,45.09,1.79,2.71
1194,Jupiler Pro League (BE),Rob Schoofs,R. Schoofs,9073,1994-03-23,61.98,36,0,7612.53,122.83,1378.92,368.89,30.06,59.56,3.47,428.44,33.53,26.19,28.16,27.8,29.93,79.19,1.97,67.14,7.89,1.03,0.68,0.7,0.25,1.59,,27.22,1.95,2.73
1194,Jupiler Pro League (BE),Roman Neustädter,R. Neustädter,9259,1988-02-18,83.99,17,1,8756.76,104.25,1229.71,400.53,37.47,115.76,7.12,516.29,44.59,27.78,29.24,29.24,30.97,107.59,5.41,83.0,11.35,3.71,0.66,0.72,0.88,1.39,1.58,19.29,2.12,2.93
1194,Jupiler Pro League (BE),Siebe Schrijvers,S. Schrijvers,9835,1996-07-18,75.58,29,0,8815.93,116.64,1338.66,416.9,35.97,82.83,4.45,499.72,40.41,27.3,29.86,29.11,31.07,90.03,3.03,79.97,12.79,1.69,0.61,0.74,0.34,1.37,2.0,31.62,1.86,2.68
1194,Jupiler Pro League (BE),Sofiane Boufal,S. Boufal,9924,1993-09-17,24.89,9,0,2827.44,113.62,450.89,204.44,17.78,40.11,2.44,244.56,20.22,26.78,27.9,27.76,29.47,30.44,1.44,25.11,4.78,0.44,,,0.0,,,12.56,2.11,3.0
1194,Jupiler Pro League (BE),Thorgan Hazard,T. Hazard,10326,1993-03-29,82.71,36,0,9608.19,116.17,1583.36,638.58,57.94,197.5,11.08,836.08,69.03,28.6,30.28,30.53,32.5,94.39,5.36,76.28,12.5,4.03,0.65,0.67,1.0,1.26,1.3,48.58,1.76,2.76
1194,Jupiler Pro League (BE),Vincent Janssen,V. Janssen,10709,1994-06-15,96.81,34,1,9633.85,99.51,1048.62,352.41,37.41,113.79,6.41,466.21,43.82,28.55,30.72,30.04,32.57,85.53,4.47,69.44,11.24,3.15,0.67,0.75,1.0,1.27,1.33,29.32,1.94,2.73
1194,Jupiler Pro League (BE),Jean-Kévin Duverne,J. Duverne,11417,1997-07-12,61.01,21,1,6956.71,114.03,1006.76,394.95,36.1,114.52,6.62,509.48,42.71,28.69,30.54,30.14,32.23,80.24,4.14,67.19,11.0,2.86,0.62,0.65,0.86,1.34,1.39,26.05,2.09,2.82
1194,Jupiler Pro League (BE),Isaac Mbenza,I. Mbenza,11435,1996-03-08,52.49,4,0,5673.75,108.1,707.0,339.25,37.0,159.0,9.75,498.25,46.75,29.95,29.95,31.35,31.9,58.5,4.25,45.75,11.75,3.0,0.82,0.9,1.0,,,20.75,2.59,
1194,Jupiler Pro League (BE),Ludwig Augustinsson,L. Augustinsson,11493,1994-04-21,85.65,27,0,9755.22,113.9,1399.3,568.26,48.56,147.93,9.0,716.19,57.56,27.51,28.68,29.13,31.23,112.37,5.93,92.37,18.07,4.19,0.62,0.62,1.0,1.46,1.51,35.7,2.03,2.58
1194,Jupiler Pro League (BE),Kasper Dolberg,K. Dolberg,11562,1997-10-06,45.43,3,0,4496.0,98.97,513.0,200.0,19.33,76.67,3.0,276.67,22.33,28.7,28.7,29.8,29.8,44.0,3.0,35.33,6.67,1.67,,,0.33,,,21.0,2.76,
1194,Jupiler Pro League (BE),Sergiy Sydorchuk,S. Sydorchuk,12396,1991-05-02,24.45,13,3,3044.54,124.5,602.69,183.62,14.23,28.15,1.92,211.77,16.15,26.56,27.82,27.66,29.8,31.62,1.23,25.15,4.23,0.38,0.86,,0.08,,,9.77,1.91,2.86
1194,Jupiler Pro League (BE),Wilfried Kanga Aka,W. Kanga,12449,1998-02-21,84.8,36,0,8934.47,105.35,999.94,385.72,41.53,135.47,7.97,521.19,49.5,28.34,30.8,30.12,32.97,93.75,5.83,74.97,14.92,4.17,0.64,0.67,1.53,1.28,1.35,27.5,2.01,2.8
1194,Jupiler Pro League (BE),Thibault Vlietinck,T. Vlietinck,12674,1997-08-19,38.2,8,0,4809.25,125.89,812.38,362.88,34.0,152.0,8.38,514.88,42.38,29.65,30.4,30.84,32.33,51.12,2.88,39.62,9.12,2.62,0.74,0.87,1.38,1.45,1.82,21.38,2.28,2.7
1194,Jupiler Pro League (BE),Patrik Hrošovský,P. Hrošovský,13229,1992-04-22,69.93,16,0,8565.38,122.49,1469.19,470.88,42.56,111.44,6.38,582.31,48.94,27.55,29.34,29.19,31.17,96.25,3.69,82.12,12.38,2.88,0.73,0.76,0.44,1.53,,37.56,1.93,2.7
1194,Jupiler Pro League (BE),Abdoulaye Sissako,A. Sissako,13367,1998-05-26,90.85,39,1,10748.56,118.32,1556.97,485.74,46.46,128.87,7.33,614.62,53.79,28.39,30.76,30.59,33.1,115.23,3.79,101.08,14.18,2.18,0.61,0.69,0.56,1.19,1.34,41.38,1.95,2.65
1194,Jupiler Pro League (BE),Timothy Eyoma,T. Eyoma,13439,2000-01-29,59.3,2,0,6308.0,106.37,861.5,293.0,29.0,76.5,4.0,369.5,33.0,27.0,27.0,29.25,,68.0,5.0,58.5,9.0,2.0,,,0.0,,,19.0,,
1194,Jupiler Pro League (BE),Boureima Hassane Bandé,H. Bandé,13483,1998-10-30,16.48,7,0,1858.0,112.72,305.0,138.86,12.14,35.0,2.0,173.86,14.14,27.74,28.38,28.51,29.67,19.86,1.14,15.57,3.14,0.43,,,0.14,,,8.29,2.14,
1194,Jupiler Pro League (BE),William Balikwisha,W. Balikwisha,13757,1999-05-12,32.62,11,0,3901.82,119.6,615.64,248.55,21.0,58.64,3.91,307.18,24.91,27.34,29.46,28.58,31.03,39.91,2.64,31.36,5.18,1.73,0.73,0.78,0.55,1.46,1.86,18.18,2.3,2.92
1194,Jupiler Pro League (BE),Dennis Eckert Ayensa,D. Eckert Ayensa,13928,1997-01-09,62.05,35,0,7012.17,113.0,1025.09,381.11,37.14,128.63,7.31,509.74,44.46,28.84,31.02,30.41,32.73,68.11,4.57,57.86,9.69,3.34,0.6,0.6,1.17,1.23,1.23,37.37,1.86,2.7
1194,Jupiler Pro League (BE),Ludovit Reis,L. Reis,14257,2000-06-01,48.23,6,1,6026.83,124.96,987.17,353.83,33.0,79.17,5.5,433.0,38.5,27.45,27.88,29.5,30.57,55.17,2.33,49.33,5.5,1.33,0.81,0.84,0.5,1.51,,24.67,2.06,3.03
1194,Jupiler Pro League (BE),Lucas Schoofs,L. Schoofs,14333,1997-01-03,99.86,2,0,12574.0,125.92,2130.0,912.0,90.5,329.0,20.0,1241.0,110.5,29.4,29.4,31.45,,109.5,11.0,90.5,22.0,10.0,,,2.0,,,65.5,,
1194,Jupiler Pro League (BE),Mohammed El Hankouri,M. El Hankouri,14402,1997-07-01,51.08,14,0,5956.79,116.62,937.64,399.0,34.71,109.5,5.93,508.5,40.64,28.26,29.86,29.74,31.7,68.64,2.93,57.07,8.57,2.14,0.67,0.67,0.71,1.37,1.43,23.0,2.13,2.74
1194,Jupiler Pro League (BE),Glenn Bijl,G. Bijl,14470,1995-07-13,69.28,10,1,7560.6,109.13,1065.1,354.5,31.9,80.4,5.0,434.9,36.9,27.01,27.84,28.72,29.83,91.3,4.7,73.2,12.1,2.6,0.77,0.79,0.5,2.07,,23.4,2.16,2.7
1194,Jupiler Pro League (BE),Ralf Seuntjens,R. Seuntjens,14513,1989-04-17,99.86,2,0,11090.5,111.06,1577.0,517.5,50.0,114.0,6.5,631.5,56.5,26.8,26.8,29.1,,113.5,8.5,91.5,15.5,7.0,,,1.0,,,39.5,,
1194,Jupiler Pro League (BE),Ken Nkuba Tshiend,K. Nkuba,14552,2002-01-21,46.73,14,0,5168.21,110.6,707.29,336.71,36.07,182.86,9.5,519.57,45.57,30.96,32.46,31.8,33.37,58.21,4.93,49.79,9.64,3.86,0.63,0.67,1.5,1.23,1.31,19.79,2.04,2.69
1194,Jupiler Pro League (BE),Nathan Rôdes,N. Rôdes,14553,1997-12-11,69.12,35,0,8352.43,120.85,1479.63,472.23,36.94,86.26,5.29,558.49,42.23,26.94,29.4,28.74,31.8,90.09,2.66,79.37,8.91,1.57,0.74,0.79,0.37,1.44,1.65,30.54,1.89,2.68
1194,Jupiler Pro League (BE),Dries Wouters,D. Wouters,14560,1997-01-28,99.86,2,0,10199.0,102.13,1231.5,370.0,35.0,104.5,5.0,474.5,40.0,29.7,29.7,31.5,,101.5,4.0,86.0,9.0,3.5,,,0.0,,,20.0,,
1194,Jupiler Pro League (BE),Simen  Kristiansen Juklerød,S. Juklerød,14618,1994-05-18,43.51,21,1,4893.1,112.46,671.52,317.52,30.1,144.67,7.1,462.19,37.19,29.15,31.2,30.03,32.33,54.86,3.24,44.48,8.86,2.24,0.7,0.73,0.86,1.27,1.35,14.38,2.28,2.84
1194,Jupiler Pro League (BE),Antoine Bernier,A. Bernier,14624,1997-09-10,66.5,38,0,8026.29,120.69,1281.95,584.05,55.95,199.84,11.66,783.89,67.61,29.14,30.92,30.79,32.57,86.89,7.05,70.89,15.82,5.24,0.58,0.58,1.74,1.2,1.21,41.5,1.89,2.59
1194,Jupiler Pro League (BE),Charles Vanhoutte,C. Vanhoutte,14650,1998-09-16,97.44,5,0,11262.0,115.57,1796.6,597.6,52.0,155.0,7.2,752.6,59.2,28.46,28.46,30.28,30.9,114.8,4.4,98.6,14.4,2.4,0.73,0.76,0.6,2.06,,43.2,1.96,2.81
1194,Jupiler Pro League (BE),Ewoud Pletinckx,E. Pletinckx,14682,2000-10-10,97.26,39,0,10713.28,110.15,1413.54,510.74,46.44,162.82,9.28,673.56,55.72,29.48,32.18,31.33,33.57,107.21,4.64,86.33,11.77,3.15,0.62,0.65,0.87,1.35,1.37,28.1,1.91,2.73
1194,Jupiler Pro League (BE),Alessio Castro-Montes,A. Castro-Montes,14709,1997-05-17,31.59,5,0,3673.0,116.28,567.4,276.6,23.4,82.6,4.6,359.2,28.0,27.58,27.58,28.62,29.27,39.4,3.2,32.2,7.0,1.8,0.79,1.11,0.4,,,19.2,2.0,
1194,Jupiler Pro League (BE),Daam Foulon,D. Foulon,14748,1999-03-23,75.43,32,1,8546.72,113.31,1279.19,538.41,48.59,188.41,10.56,726.81,59.16,28.93,31.2,30.41,32.57,93.5,5.94,78.28,13.41,4.44,0.62,0.62,1.56,1.17,1.22,30.44,1.81,2.7
1194,Jupiler Pro League (BE),Danylo Sikan,D. Sikan,15492,2001-04-16,49.89,9,0,5694.0,114.14,750.56,337.33,34.67,129.67,7.56,467.0,42.22,29.52,30.96,30.66,32.47,60.67,4.56,46.89,11.56,3.11,0.73,0.83,1.0,1.4,,26.11,2.16,2.95
1194,Jupiler Pro League (BE),Bryan Gonçalves,B. Gonçalves,16110,1996-07-19,89.53,28,0,9411.43,105.12,1109.89,358.04,32.54,102.5,5.14,460.54,37.68,28.75,31.42,30.38,32.93,92.14,3.75,73.68,9.36,2.43,0.71,0.78,1.29,1.35,1.37,22.61,2.05,2.65
1194,Jupiler Pro League (BE),Mathias Knutsen Rasmussen,M. Rasmussen,16463,1997-11-25,50.7,16,0,6112.31,120.55,1058.62,347.75,28.38,59.69,3.81,407.44,32.19,26.65,27.98,28.25,30.23,67.88,2.25,57.5,8.25,1.12,0.71,0.72,0.31,1.71,1.85,26.31,1.87,2.74
1194,Jupiler Pro League (BE),Kerim Mrabti,K. Mrabti,16493,1994-05-20,74.89,33,0,9008.91,120.3,1628.64,494.12,42.55,85.7,6.06,579.82,48.61,26.72,28.86,28.71,30.93,103.76,4.64,90.3,10.03,2.88,0.66,0.67,0.48,1.47,1.5,39.82,1.91,2.61
1194,Jupiler Pro League (BE),David Hrnčár,D. Hrnčár,16856,1997-12-10,50.27,18,0,6421.11,127.73,1192.39,557.72,43.11,187.39,9.44,745.11,52.56,28.67,30.22,30.18,32.27,67.22,3.5,57.89,9.61,2.11,0.66,0.75,0.67,1.63,1.87,28.39,1.87,2.55
1194,Jupiler Pro League (BE),Majeed Ashimeru,M. Ashimeru,16944,1997-10-10,49.17,9,0,5619.89,114.29,975.89,293.33,27.22,71.56,3.22,364.89,30.44,27.96,29.2,29.94,32.37,62.11,2.67,50.89,6.11,2.0,0.71,0.78,0.56,1.65,,22.89,2.15,2.85
1194,Jupiler Pro League (BE),Visar Musliu,V. Musliu,17864,1994-11-13,93.26,30,0,9625.83,103.21,1210.33,437.37,40.53,129.83,7.27,567.2,47.8,28.85,30.9,30.71,33.23,110.37,4.77,89.23,13.93,3.53,0.64,0.8,0.8,1.44,2.02,26.73,2.09,2.8
1194,Jupiler Pro League (BE),Teddy Teuma,T. Teuma,18476,1993-09-30,46.97,9,0,5746.67,122.35,979.33,310.89,27.67,87.89,4.78,398.78,32.44,28.44,29.5,29.52,30.87,50.44,2.67,44.78,7.11,2.0,0.68,0.76,0.44,,,21.56,2.15,2.96
1194,Jupiler Pro League (BE),Thibaud Verlinden,T. Verlinden,18710,1999-07-09,61.16,26,0,6703.69,109.61,1033.04,433.15,40.08,145.23,8.35,578.38,48.42,28.56,31.2,30.15,32.6,75.08,4.19,61.04,10.77,2.92,0.64,0.7,1.19,1.32,1.51,28.19,1.8,2.66
1194,Jupiler Pro League (BE),Leonardo da Silva Lopes,Leonardo Lopes,18823,1998-11-30,72.78,37,0,8433.43,115.88,1240.59,414.27,38.3,125.92,6.57,540.19,44.86,28.73,31.0,30.34,32.9,89.19,3.7,75.73,9.97,2.41,0.57,0.63,0.97,1.07,1.23,32.0,1.82,2.54
1194,Jupiler Pro League (BE),Christian Albert Elliot Burgess,C. Burgess,18975,1991-10-07,98.75,35,0,10541.2,106.75,1306.31,420.69,37.6,93.29,5.91,513.97,43.51,27.3,29.3,28.99,30.93,103.34,4.2,82.03,9.8,2.2,0.6,0.71,0.63,1.57,1.82,36.91,1.86,2.79
1194,Jupiler Pro League (BE),Doğucan Haspolat,D. Haspolat,19028,2000-02-11,97.9,38,0,11469.26,117.15,1822.74,633.45,56.58,194.08,10.0,827.53,66.58,28.79,31.34,30.84,33.67,115.11,5.18,96.39,16.87,3.0,0.6,0.66,0.84,1.32,1.39,37.89,1.8,2.63
1194,Jupiler Pro League (BE),Tobias Mohr,T. Mohr,19264,1995-08-24,66.08,37,0,8065.38,122.05,1359.68,604.84,54.32,199.51,11.32,804.35,65.65,29.07,31.22,30.79,33.7,87.76,7.0,71.14,17.24,4.95,0.64,0.64,1.62,1.21,1.29,40.05,1.88,2.56
1194,Jupiler Pro League (BE),David Bates,D. Bates,19363,1996-10-05,84.06,18,0,9051.94,107.69,1138.33,354.94,34.28,96.17,6.11,451.11,40.39,28.06,29.66,29.63,31.37,100.28,4.61,79.72,11.28,2.61,0.71,0.74,0.72,1.5,1.65,21.44,2.04,2.68
1194,Jupiler Pro League (BE),Mouhamed Menaour  Belkheir,M. Belkheir,19861,1999-01-02,62.63,3,0,7014.67,112.01,871.67,315.0,36.0,115.33,7.33,430.33,43.33,29.17,29.17,30.7,30.7,69.67,7.33,57.33,13.67,4.67,0.74,0.77,1.0,1.67,,30.67,,
1194,Jupiler Pro League (BE),Boubakar Dit Kiki Kouyaté,K. Kouyaté,22115,1997-04-15,57.99,23,0,5831.65,100.56,614.48,208.7,20.22,61.26,3.78,269.96,24.0,28.13,30.36,29.24,32.1,57.52,2.65,44.48,7.17,1.83,0.66,0.66,0.57,1.33,1.45,15.7,2.07,2.81
1194,Jupiler Pro League (BE),Sory Kaba,S. Kaba,22121,1995-07-28,62.41,28,2,6911.61,110.74,1001.43,423.29,39.36,108.32,6.46,531.61,45.82,28.05,30.44,29.34,31.53,74.04,4.32,60.61,11.0,2.54,0.68,0.78,0.46,1.38,2.08,33.39,1.78,2.69
1194,Jupiler Pro League (BE),Josué Homawoo,J. Homawoo,22145,1997-11-12,83.68,28,1,8878.07,106.09,1183.93,387.86,34.68,93.96,5.79,481.82,40.46,27.76,29.68,29.4,31.47,99.11,4.75,80.29,12.86,2.96,0.63,0.78,0.64,1.4,1.69,26.79,1.98,2.68
1194,Jupiler Pro League (BE),Aurélien Scheidler,A. Scheidler,22162,1998-06-04,89.16,40,0,9759.9,109.47,1237.67,444.07,42.45,112.97,6.58,557.05,49.02,27.81,30.78,29.66,32.3,90.5,5.28,72.17,12.57,3.15,0.68,0.74,1.1,1.34,1.41,35.85,1.77,2.75
1194,Jupiler Pro League (BE),Timothée Nkada,T. Nkada,22234,1999-07-20,46.53,30,0,5262.2,113.08,695.63,329.33,32.53,142.13,7.2,471.47,39.73,30.64,32.7,31.81,33.73,50.73,4.1,42.77,6.87,3.03,0.57,0.6,1.5,1.07,1.1,21.1,2.03,2.84
1194,Jupiler Pro League (BE),Loïc Junior Mbe Soh,L. Mbe Soh,22253,2001-06-13,75.69,12,2,8066.5,106.57,1001.08,374.08,35.33,109.17,6.17,483.25,41.5,28.36,29.76,29.98,31.57,90.83,4.92,76.33,9.17,3.67,0.62,0.7,1.0,1.5,1.9,21.0,2.07,3.0
1194,Jupiler Pro League (BE),Yari Verschaeren,Y. Verschaeren,22880,2001-07-12,55.85,28,0,6761.0,121.05,1184.11,385.5,33.39,64.68,4.29,450.18,37.68,26.79,28.8,28.27,30.4,74.21,2.82,63.29,10.89,1.64,0.74,0.81,0.21,1.54,,28.39,1.94,2.77
1194,Jupiler Pro League (BE),Youssef Maziz,Y. Maziz,23030,1998-06-24,64.5,35,0,7524.26,116.66,1208.83,495.14,40.11,112.23,6.43,607.37,46.54,27.57,29.48,29.21,32.2,73.74,3.46,63.14,8.94,2.17,0.7,0.74,0.37,1.35,1.76,24.14,1.91,2.8
1194,Jupiler Pro League (BE),Bryan Soumaré,B. Soumaré,23124,1999-02-11,49.31,7,0,6046.14,122.61,1002.43,346.71,29.0,91.57,5.29,438.29,34.29,27.33,28.46,29.23,31.13,55.29,3.29,45.29,7.57,2.0,0.77,0.88,0.71,1.72,,31.0,2.16,2.91
1194,Jupiler Pro League (BE),Sami Lahssaini,S. Lahssaini,23154,1998-09-18,94.59,32,0,11332.94,119.81,2016.25,679.34,59.41,141.41,8.47,820.75,67.88,27.75,30.08,30.04,32.83,119.0,6.34,99.28,18.28,4.0,0.62,0.63,0.75,1.28,1.38,44.81,1.72,2.66
1194,Jupiler Pro League (BE),Marley Aké,M. Aké,23790,2001-01-05,66.01,29,1,8020.9,121.52,1377.97,591.07,53.28,158.9,10.0,749.97,63.28,28.41,30.42,30.26,32.4,87.07,5.79,73.03,12.48,4.28,0.58,0.63,1.21,1.37,1.53,44.31,1.91,2.6
1194,Jupiler Pro League (BE),Junya Ito,J. Ito,23834,1993-03-09,67.67,28,0,7079.61,104.63,922.11,380.29,41.29,167.64,8.57,547.93,49.86,30.12,31.84,31.31,33.17,79.89,6.11,67.89,12.89,4.79,0.63,0.63,1.75,1.28,1.49,27.96,1.91,2.57
1194,Jupiler Pro League (BE),Kobe Cools,K. Cools,23984,1997-07-25,76.67,19,0,8047.16,104.96,910.47,302.16,27.21,82.89,4.42,385.05,31.63,27.94,30.26,29.13,31.37,83.79,3.11,67.84,8.47,1.47,0.79,1.06,0.42,2.09,,18.74,2.1,2.74
1194,Jupiler Pro League (BE),Moussa Diarra,M. Diarra,24070,2000-11-10,90.11,12,0,9360.25,103.88,1191.33,375.58,34.42,95.75,6.08,471.33,40.5,27.58,29.2,29.21,31.03,92.42,3.67,71.17,9.83,2.25,0.73,0.79,0.75,1.45,,26.92,2.12,2.98
1194,Jupiler Pro League (BE),Alexis  Beka Beka,A. Beka Beka,24225,2001-03-29,27.75,7,0,3022.29,108.89,380.14,144.29,15.14,39.43,2.29,183.71,17.43,27.51,28.16,28.36,29.77,28.43,1.57,22.57,3.71,1.0,0.67,0.81,0.29,,,12.43,2.25,3.28
1194,Jupiler Pro League (BE),Emin Bayram,E. Bayram,24461,2003-04-02,95.64,37,1,10213.81,106.8,1376.43,500.84,48.57,189.51,10.65,690.35,59.22,29.6,32.0,31.21,33.43,111.86,6.59,85.7,15.11,4.65,0.6,0.65,1.35,1.22,1.33,28.73,1.91,2.73
1194,Jupiler Pro League (BE),Geoffry Hairemans,G. Hairemans,25065,1991-10-21,30.3,4,0,4170.5,137.64,705.5,205.25,18.25,49.0,2.75,254.25,21.0,26.32,26.32,27.57,27.73,39.25,1.5,33.5,3.25,0.0,,,0.0,,,15.0,2.35,3.2
1194,Jupiler Pro League (BE),Dante Vanzeir,D. Vanzeir,25069,1998-04-16,51.74,20,0,5888.9,113.82,747.9,366.75,40.8,159.3,9.4,526.05,50.2,30.0,31.6,31.31,33.0,64.1,6.45,55.05,11.0,4.45,0.59,0.61,2.3,1.14,1.14,26.45,1.92,2.79
1194,Jupiler Pro League (BE),Nikola Storm,N. Storm,25072,1994-09-30,75.38,1,0,8434.0,111.88,1062.0,424.0,37.0,162.0,8.0,586.0,45.0,29.6,29.6,30.7,,84.0,5.0,70.0,8.0,5.0,,,3.0,,,30.0,,
1194,Jupiler Pro League (BE),Tuur Rommens,T. Rommens,25354,2003-03-26,90.05,15,0,9949.73,110.5,1389.8,662.07,65.27,278.2,15.87,940.27,81.13,29.72,31.24,31.25,33.0,108.2,8.33,88.93,21.13,6.4,0.63,0.63,2.93,1.36,1.38,38.8,1.82,2.8
1194,Jupiler Pro League (BE),Lion Lauberbach,L. Lauberbach,25544,1998-02-15,92.72,22,0,10279.77,110.86,1334.91,518.86,55.82,214.18,12.0,733.05,67.82,29.91,31.62,31.87,34.1,101.73,6.95,85.68,16.09,4.41,0.71,0.76,1.59,1.24,1.36,44.55,1.81,2.59
1194,Jupiler Pro League (BE),Mujaid Sadick Aliu,Mujaid Sadick,25791,2000-03-14,92.94,36,0,9385.81,100.99,1011.83,309.03,31.0,84.39,5.36,393.42,36.36,28.36,31.48,30.06,32.73,98.25,3.78,79.89,10.42,2.44,0.63,0.63,0.72,1.19,1.29,20.44,1.95,2.75
1194,Jupiler Pro League (BE),Takuma Ominami,T. Ominami,26068,1997-12-13,84.68,21,0,9436.9,111.45,1296.9,462.24,42.38,163.24,8.9,625.48,51.29,29.45,31.76,31.05,33.27,97.0,4.81,76.0,13.33,2.86,0.69,0.8,0.81,1.41,1.62,28.33,1.95,2.51
1194,Jupiler Pro League (BE),Anouar Ait El Hadj,A. Ait El Hadj,26161,2002-04-20,73.62,38,0,9206.45,125.06,1646.08,638.26,54.74,151.16,9.47,789.42,64.21,27.88,30.48,29.76,32.27,97.0,4.42,78.32,14.5,2.68,0.68,0.69,0.58,1.3,1.48,51.42,1.81,2.57
1194,Jupiler Pro League (BE),Thierry Lutonda,T. Lutonda,26162,2000-10-27,71.7,25,1,8232.44,114.83,1407.16,544.08,47.08,146.56,8.32,690.64,55.4,28.13,30.52,30.1,33.5,97.68,5.88,82.28,15.28,4.36,0.63,0.66,1.48,1.31,1.4,34.24,1.93,2.57
1194,Jupiler Pro League (BE),Killian Sardella,K. Sardella,26169,2002-05-02,71.29,32,0,8045.78,112.86,1188.59,452.75,42.41,157.47,8.16,610.22,50.56,29.36,32.52,30.82,33.93,88.41,5.56,71.81,13.62,3.78,0.56,0.65,1.19,1.16,1.31,30.09,1.83,2.67
1194,Jupiler Pro League (BE),Marco Kana,M. Kana,26170,2002-08-08,86.47,26,0,8863.04,102.5,1126.58,344.04,32.42,80.5,5.08,424.54,37.5,27.9,29.46,29.62,31.47,97.15,4.15,78.62,11.08,2.65,0.63,0.76,0.69,1.17,1.59,21.96,2.05,2.77
1194,Jupiler Pro League (BE),Antoine Colassin,A. Colassin,26172,2001-02-26,26.55,29,0,3123.17,117.63,500.17,220.93,21.38,70.9,4.52,291.83,25.9,28.83,31.46,29.58,32.33,33.52,2.21,26.14,5.86,1.55,0.67,0.7,0.55,1.31,,15.93,2.0,2.74
1194,Jupiler Pro League (BE),Ibrahim Karamoko,I. Karamoko,26646,2001-07-23,78.22,31,0,8937.97,114.26,1297.23,464.26,41.68,137.06,7.42,601.32,49.1,28.28,30.6,29.84,32.27,90.74,3.55,74.58,12.13,2.16,0.59,0.59,0.71,1.32,1.46,32.29,1.9,2.62
1194,Jupiler Pro League (BE),Shogo Taniguchi,S. Taniguchi,26894,1991-07-15,86.2,37,1,9027.78,104.73,1074.24,339.32,32.19,101.95,5.41,441.27,37.59,28.56,31.02,30.15,32.73,89.24,3.27,69.41,8.05,1.92,0.63,0.71,0.73,1.27,1.36,20.38,1.86,2.92
1194,Jupiler Pro League (BE),Daiki Hashioka,D. Hashioka,27005,1999-05-17,86.75,17,0,9572.0,110.34,1291.47,495.0,45.35,148.06,8.12,643.06,53.47,28.99,30.7,30.73,32.57,106.24,5.94,87.59,16.47,3.76,0.63,0.66,0.71,1.29,1.48,34.06,1.9,2.82
1194,Jupiler Pro League (BE),Griffin Yow,G. Yow,27108,2002-09-25,45.13,16,0,5654.12,125.29,1063.06,425.81,37.56,93.31,5.75,519.12,43.31,27.93,30.28,29.34,32.37,56.31,2.62,45.56,8.75,1.94,0.66,0.75,0.25,,,38.12,1.85,2.64
1194,Jupiler Pro League (BE),Bryan Reynolds,B. Reynolds,27114,2001-06-28,98.38,38,1,10645.29,108.21,1447.03,727.74,78.97,425.63,21.95,1153.37,100.92,31.77,33.64,33.3,34.8,121.87,12.55,100.84,26.13,10.13,0.57,0.57,5.24,1.12,1.18,43.55,1.8,2.51
1194,Jupiler Pro League (BE),Óscar Gil Regaño,Óscar Gil,27511,1998-04-26,76.33,33,0,9347.09,122.45,1527.88,699.76,67.94,284.12,16.58,983.88,84.52,29.54,31.18,31.33,33.23,104.61,6.88,83.97,18.91,5.48,0.56,0.63,2.06,1.18,1.34,45.52,1.79,2.39
1194,Jupiler Pro League (BE),Mardochée Nzita,M. Nzita,27591,2000-02-24,86.3,38,0,9649.68,111.82,1409.58,671.11,63.08,232.61,13.18,903.71,76.26,28.76,30.1,30.37,32.43,108.18,7.16,85.55,22.45,4.79,0.62,0.7,1.5,1.26,1.56,39.11,1.86,2.42
1194,Jupiler Pro League (BE),Thibo Somers,T. Somers,27673,1999-03-16,84.74,31,1,10238.42,120.83,1797.19,870.77,73.39,275.32,15.55,1146.1,88.94,28.5,29.92,30.18,31.7,123.32,7.74,100.42,25.06,5.1,0.64,0.68,1.55,1.31,1.37,41.9,1.84,2.63
1194,Jupiler Pro League (BE),Mory Konaté,M. Konaté,27697,1993-11-15,73.92,30,0,7604.77,102.88,855.7,269.53,28.03,82.5,4.9,352.03,32.93,28.42,31.78,29.79,33.43,88.5,4.03,70.93,10.47,3.03,0.62,0.65,0.7,1.22,1.5,21.4,1.89,2.79
1194,Jupiler Pro League (BE),Gustaf Nilsson,G. Nilsson,28110,1997-05-23,11.6,7,0,1437.14,123.89,222.14,124.14,10.29,39.0,1.71,163.14,12.0,26.33,27.98,27.11,29.83,16.29,1.14,13.14,1.86,0.14,,,0.14,,,7.57,,
1194,Jupiler Pro League (BE),Jordan Attah Kadiri,J. Attah Kadiri,28211,2000-03-11,26.1,13,0,2805.0,107.47,421.54,158.0,13.23,28.23,1.54,186.23,14.77,27.13,28.7,27.8,29.67,32.46,1.92,26.85,3.85,1.62,0.83,0.84,0.46,1.69,1.97,9.38,2.58,
1194,Jupiler Pro League (BE),Zaid Abner Romero,Z. Romero,28553,1999-12-15,63.62,1,0,7000.0,110.03,893.0,390.0,37.0,176.0,8.0,566.0,45.0,31.7,31.7,32.9,,80.0,5.0,71.0,11.0,5.0,,,1.0,,,26.0,,
1194,Jupiler Pro League (BE),Wolke Janssens,W. Janssens,28828,1995-01-11,10.79,7,0,1269.86,117.71,208.14,74.0,5.14,12.29,0.57,86.29,5.71,24.71,25.74,25.37,27.57,14.57,0.86,11.43,2.43,0.29,,,0.0,,,4.43,,
1194,Jupiler Pro League (BE),Gary Magnée,G. Magnée,28832,1999-10-12,93.44,34,0,10630.74,113.77,1587.09,584.56,52.79,162.68,9.76,747.24,62.56,28.5,30.68,30.43,32.73,107.47,5.82,87.71,16.97,4.18,0.63,0.63,1.24,1.27,1.32,38.5,1.84,2.64
1194,Jupiler Pro League (BE),Fredrik Hammar,F. Hammar,28940,2001-02-26,98.15,38,0,11048.47,112.57,1566.42,432.29,40.08,83.5,4.61,515.79,44.68,27.14,30.2,28.97,31.8,105.84,3.84,91.66,14.97,2.34,0.61,0.77,0.5,1.31,1.34,38.71,1.79,2.62
1194,Jupiler Pro League (BE),Christos Tzolis,C. Tzolis,29032,2002-01-30,94.66,36,0,10831.44,114.43,1504.53,768.97,78.14,369.53,19.17,1138.5,97.31,30.44,32.18,32.16,33.97,110.86,7.61,92.64,18.61,6.22,0.58,0.62,2.97,1.15,1.25,52.22,1.86,2.6
1194,Jupiler Pro League (BE),Jesper Tolinsson,J. Tolinsson,29446,2003-02-28,81.12,1,0,9546.0,117.68,1426.0,467.0,50.0,214.0,10.0,681.0,60.0,30.4,30.4,33.5,,99.0,6.0,93.0,12.0,6.0,,,2.0,,,33.0,,
1194,Jupiler Pro League (BE),Allahyar Sayyadmanesh,A. Sayyadmanesh,29498,2001-06-29,79.54,29,1,9175.83,115.35,1273.9,580.38,60.93,272.55,13.83,852.93,74.76,30.69,32.62,32.16,34.43,92.03,7.55,78.03,17.9,5.72,0.58,0.61,2.0,1.14,1.18,37.93,1.84,2.62
1194,Jupiler Pro League (BE),Michał Skóraś,M. Skóraś,29639,2000-02-15,83.95,34,0,9618.53,114.58,1424.21,678.06,66.18,282.21,15.06,960.26,81.24,29.86,31.98,31.65,33.87,107.29,9.09,94.24,18.71,6.79,0.55,0.55,2.62,1.12,1.14,45.35,1.78,2.61
1194,Jupiler Pro League (BE),Henry Lawrence,H. Lawrence,29800,2001-09-21,88.97,29,0,10332.1,116.14,1557.03,600.34,51.72,157.21,9.62,757.55,61.34,28.22,30.7,30.28,32.7,112.52,6.28,98.38,16.34,3.97,0.61,0.61,1.24,1.16,1.18,30.38,1.99,2.7
1194,Jupiler Pro League (BE),Anthony Descotte,A. Descotte,29925,2003-08-03,37.56,3,0,4407.0,117.33,630.33,247.67,25.67,90.33,6.33,338.0,32.0,29.6,29.6,30.5,30.5,41.0,2.67,34.67,7.0,2.0,,,0.33,,,24.67,2.08,3.0
1194,Jupiler Pro League (BE),Anton Tanghe,A. Tanghe,29930,1999-01-28,90.28,20,1,9508.8,105.33,1075.6,316.8,30.5,85.5,5.3,402.3,35.8,28.14,29.6,29.69,31.2,97.0,3.25,78.65,10.05,2.2,0.71,0.76,0.8,1.43,,17.55,2.07,3.15
1194,Jupiler Pro League (BE),Wouter George,W. George,29933,2002-03-03,54.49,24,0,6924.17,127.06,1277.42,423.38,35.0,73.54,4.58,496.92,39.58,26.75,28.54,28.45,30.33,70.29,2.17,60.88,8.0,1.42,0.59,0.59,0.33,1.48,,34.08,2.0,2.55
1194,Jupiler Pro League (BE),Daan Heymans,D. Heymans,29935,1999-06-15,81.18,31,0,9701.87,119.52,1583.58,469.23,40.32,93.52,5.61,562.74,45.94,27.37,29.68,29.24,32.13,98.1,3.23,84.16,13.16,1.9,0.71,0.8,0.45,1.43,1.86,28.61,1.98,2.65
1194,Jupiler Pro League (BE),Laurent Lemoine,L. Lemoine,29949,1998-04-24,84.17,22,0,8927.27,106.06,1125.86,373.23,38.36,139.27,7.36,512.5,45.73,30.02,31.9,31.39,32.97,96.36,5.0,81.68,11.95,3.05,0.63,0.66,1.14,1.24,1.25,22.91,2.01,2.79
1194,Jupiler Pro League (BE),Tommy St. Jago,T. St. Jago,30207,2000-01-03,90.18,28,0,9680.46,107.35,1188.57,314.71,29.43,69.46,4.57,384.18,34.0,27.9,30.22,29.7,32.2,107.93,4.5,88.04,10.25,2.61,0.63,0.75,0.57,1.41,1.79,23.36,2.08,2.72
1194,Jupiler Pro League (BE),Aiham Ousou,Aiham Ousou,30606,2000-01-09,96.17,39,0,10054.1,104.55,1240.41,420.59,41.13,142.82,7.85,563.41,48.97,29.34,31.4,30.89,32.93,108.28,5.54,85.23,14.0,3.51,0.59,0.59,1.21,1.09,1.2,30.59,1.87,2.77
1194,Jupiler Pro League (BE),Filip Szymczak,F. Szymczak,30782,2002-05-06,21.02,19,0,2587.37,123.1,425.0,180.58,16.37,53.89,2.74,234.47,19.11,27.73,29.52,28.49,30.67,27.16,1.47,22.26,4.84,0.63,0.73,0.77,0.32,1.45,1.65,10.32,1.94,3.08
1194,Jupiler Pro League (BE),Lukasz Lakomy,L. Łakomy,30787,2001-01-18,72.34,31,0,9123.61,126.12,1740.84,643.42,51.35,119.58,8.1,763.0,59.45,27.35,29.18,29.25,30.93,101.77,3.06,86.68,12.52,1.58,0.72,0.72,0.42,1.42,1.48,37.19,1.87,2.62
1194,Jupiler Pro League (BE),Toluwalase Emmanuel Arokodare,T. Arokodare,32028,2000-11-23,27.35,4,0,2467.0,90.2,235.75,106.25,12.5,64.5,3.0,170.75,15.5,30.43,30.43,31.02,31.67,31.75,2.0,26.5,4.25,1.25,0.79,,0.0,,,11.75,2.72,
1194,Jupiler Pro League (BE),Sekou Sidibe,S. Sidibe,32251,2001-05-05,34.33,5,0,4282.8,124.75,639.6,363.4,34.8,179.0,8.0,542.4,42.8,29.66,29.66,30.6,31.03,52.6,5.0,42.6,12.6,4.4,0.75,0.77,1.8,1.37,,17.6,2.51,
1194,Jupiler Pro League (BE),Mathieu Maertens,M. Maertens,32379,1995-03-27,44.06,33,1,5387.0,122.27,996.03,369.67,33.0,98.48,5.58,468.15,38.58,27.98,30.06,29.23,31.13,63.15,3.76,51.48,11.36,2.18,0.64,0.75,0.61,1.47,1.56,23.52,1.86,2.64
1194,Jupiler Pro League (BE),Thomas Henry,T. Henry,32380,1994-09-20,70.87,20,0,7666.45,108.17,1036.25,373.2,34.95,98.75,5.95,471.95,40.9,28.18,29.88,29.8,31.7,85.65,5.1,66.75,13.7,2.8,0.65,0.72,0.45,1.62,1.87,30.0,1.92,2.83
1194,Jupiler Pro League (BE),Louis Patris,L. Patris,32391,2001-06-07,50.04,33,1,5575.36,111.42,793.0,365.21,36.79,179.67,8.88,544.88,45.67,30.61,33.42,31.62,34.73,60.33,4.82,49.21,10.94,3.67,0.56,0.61,1.88,1.11,1.19,22.48,1.9,2.59
1194,Jupiler Pro League (BE),Tom Reyners,T. Reyners,32395,2000-04-20,87.48,2,0,10740.5,122.77,1702.0,589.0,54.5,151.5,9.0,740.5,63.5,27.6,27.6,29.05,,92.5,6.0,81.5,13.0,3.5,,,1.0,,,47.5,,
1194,Jupiler Pro League (BE),Matisse Samoise,M. Samoise,32398,2001-11-21,82.83,18,0,10385.72,125.39,1674.17,659.83,58.22,212.72,12.11,872.56,70.33,29.18,30.62,30.96,32.87,105.78,5.33,91.44,13.78,3.83,0.62,0.67,1.22,1.31,1.31,47.5,1.82,2.65
1194,Jupiler Pro League (BE),Thomas Van Den Keybus,T. Van den Keybus,32455,2001-04-25,42.88,30,2,5221.57,121.79,926.53,358.63,30.43,84.57,5.5,443.2,35.93,27.65,29.54,29.03,31.73,51.23,2.97,42.23,7.8,1.67,0.71,0.77,0.37,1.33,1.72,24.0,2.01,2.61
1194,Jupiler Pro League (BE),Žan Rogelj,Ž. Rogelj,32704,1999-11-25,83.14,2,0,9470.5,113.91,1456.0,671.0,69.0,279.0,15.5,950.0,84.5,30.85,30.85,32.3,,112.5,9.0,91.0,23.0,7.0,,,2.5,,,47.0,,
1194,Jupiler Pro League (BE),Bruny Nsimba,B. Nsimba,32774,2000-04-05,68.44,30,0,7294.63,106.59,942.67,443.47,47.2,161.4,9.9,604.87,57.1,29.62,32.3,30.91,34.03,79.17,9.0,63.27,15.8,6.87,0.57,0.58,2.57,1.02,1.33,34.93,1.97,2.78
1194,Jupiler Pro League (BE),Michel-Ange Balikwisha,M. Balikwisha,32775,2001-05-10,92.69,4,0,9897.75,106.79,1228.25,541.0,57.75,230.75,12.5,771.75,70.25,29.82,29.83,31.27,31.7,102.0,5.5,80.5,15.25,4.25,0.71,0.73,2.0,1.36,1.48,49.25,1.94,2.99
1194,Jupiler Pro League (BE),David Toshevski,D. Toševski,33706,2001-07-16,62.48,26,0,7110.35,113.8,1013.81,412.54,38.42,127.38,7.08,539.92,45.5,28.66,30.44,30.17,32.07,72.46,4.46,58.92,9.58,3.31,0.67,0.76,0.92,1.29,1.6,31.81,1.73,2.89
1194,Jupiler Pro League (BE),Hugo Siquet,H. Siquet,34216,2002-07-09,47.39,31,0,5510.61,116.28,851.26,366.97,29.71,111.9,5.48,478.87,35.19,28.2,31.0,29.32,32.4,56.74,2.87,46.19,8.58,1.74,0.65,0.83,0.68,1.41,1.76,19.87,1.87,2.76
1194,Jupiler Pro League (BE),Edgaras Utkus,E. Utkus,34444,2000-06-22,83.96,19,0,8727.84,103.95,1088.37,387.0,36.05,105.74,6.42,492.74,42.47,29.03,31.18,30.81,33.13,87.21,4.42,69.05,10.95,2.74,0.59,0.65,0.79,1.35,1.4,19.42,2.05,3.05
1194,Jupiler Pro League (BE),Matija Frigan,M. Frigan,34748,2003-02-11,63.77,3,0,6738.67,105.68,866.67,418.67,47.33,217.67,11.67,636.33,59.0,30.23,30.23,31.17,31.17,68.33,5.67,58.33,12.0,3.33,0.82,,1.0,,,29.67,2.31,
1194,Jupiler Pro League (BE),Tiago Filipe Alves Araújo,Tiago Araújo,34753,2001-03-27,86.62,35,0,10230.29,118.11,1578.34,719.86,67.2,360.91,16.66,1080.77,83.86,31.25,33.46,32.92,35.07,114.06,7.23,91.6,21.83,5.89,0.63,0.63,2.43,1.12,1.15,40.29,1.82,2.55
1194,Jupiler Pro League (BE),Malcolm Viltard,M. Viltard,34873,2002-10-24,80.48,36,0,10055.58,124.94,1682.97,657.89,60.44,201.42,11.22,859.31,71.67,28.3,29.96,30.11,31.9,109.58,4.28,89.69,12.94,2.69,0.6,0.6,0.78,1.25,1.38,51.61,1.75,2.58
1194,Jupiler Pro League (BE),Zalán Vancsa,Z. Vancsa,35232,2004-10-27,42.73,2,0,4671.5,109.34,731.0,296.0,34.0,197.5,9.5,493.5,43.5,30.85,30.85,31.95,,50.5,4.0,40.5,9.0,2.5,,,0.5,,,21.0,,
1194,Jupiler Pro League (BE),Mario Stroeykens,M. Stroeykens,35453,2004-09-29,40.46,23,0,4821.52,119.15,839.04,298.26,25.7,67.35,3.91,365.61,29.61,27.63,31.02,28.75,32.23,51.09,1.91,45.7,6.3,0.91,0.78,0.78,0.26,1.48,1.84,18.74,2.11,2.89
1194,Jupiler Pro League (BE),Daan Dierckx,D. Dierckx,35550,2003-02-24,70.49,19,0,7746.37,109.9,1026.84,318.89,28.53,76.84,4.63,395.74,33.16,27.76,29.66,28.93,30.83,82.74,3.26,66.11,8.84,2.05,0.76,0.79,0.32,1.65,1.79,22.26,2.25,2.61
1194,Jupiler Pro League (BE),Kevin Mac Allister,K. Mac Allister,35577,1997-11-07,94.17,34,0,10125.82,107.53,1344.82,447.03,35.71,73.71,4.79,520.74,40.5,26.66,28.36,28.37,29.97,100.0,4.29,76.85,10.71,2.5,0.67,0.69,0.38,1.43,1.82,34.44,1.83,2.61
1194,Jupiler Pro League (BE),Omri Gandelman,O. Gandelman,35776,2000-05-16,86.96,18,0,11149.61,128.22,2004.5,864.94,66.0,135.39,8.61,1000.33,74.61,26.75,27.84,28.58,30.03,120.22,4.72,100.78,22.67,2.89,0.69,0.82,0.39,1.93,2.19,49.94,2.0,2.82
1194,Jupiler Pro League (BE),Jarne Steuckers,J. Steuckers,36090,2002-02-04,56.35,30,0,6805.07,120.77,1077.23,445.53,40.13,138.7,7.5,584.23,47.63,29.29,31.32,30.72,33.03,68.07,3.2,55.57,8.3,2.13,0.64,0.7,0.73,1.29,1.45,26.77,1.96,2.75
1194,Jupiler Pro League (BE),Isaías Omar Delpupo,I. Delpupo,36097,2003-03-31,13.07,3,1,1709.33,130.76,311.33,139.33,14.0,58.33,3.0,197.67,17.0,29.37,29.37,30.07,30.07,17.0,1.0,13.33,2.0,0.33,,,0.33,,,7.0,,
1194,Jupiler Pro League (BE),César Saúl Huerta Valera,C. Huerta,36208,2000-12-03,52.47,11,0,6418.82,122.34,995.18,410.91,38.18,111.45,6.91,522.36,45.09,28.6,29.84,29.91,31.7,68.0,3.91,55.18,11.73,2.82,0.74,0.74,0.91,1.48,1.54,29.64,2.03,2.7
1194,Jupiler Pro League (BE),Luis Ismael Vázquez,L. Vázquez,36827,2001-04-24,53.82,14,0,5891.71,109.48,820.71,380.07,38.86,146.14,7.86,526.21,46.71,29.26,30.58,30.39,32.5,68.21,5.71,56.64,12.14,3.86,0.67,0.75,1.21,1.29,,33.36,1.93,2.81
1194,Jupiler Pro League (BE),Roman Květ,R. Květ,37413,1997-12-17,85.52,34,0,10332.65,120.82,1681.18,785.35,70.47,241.79,13.65,1027.15,84.12,28.55,30.18,30.36,31.73,110.03,4.59,90.5,14.71,3.56,0.58,0.62,1.12,1.51,1.6,50.29,1.74,2.73
1194,Jupiler Pro League (BE),Enric Llansana Beuse,E. Llansana,39644,2001-04-12,65.3,29,0,8572.45,131.27,1597.24,473.03,37.07,105.69,5.48,578.72,42.55,27.51,29.5,29.24,32.13,78.14,2.21,67.66,7.52,1.28,0.7,0.72,0.24,1.69,,35.38,1.91,2.7
1194,Jupiler Pro League (BE),Fedde Leysen,F. Leysen,39736,2003-07-09,79.63,26,1,8509.65,106.87,1104.58,357.69,34.62,104.81,6.27,462.5,40.88,28.64,30.84,30.12,32.57,92.88,4.42,72.5,11.46,2.77,0.65,0.67,1.0,1.45,1.52,25.65,1.94,2.7
1194,Jupiler Pro League (BE),Patrick Pflücke,P. Pflücke,39743,1996-11-30,69.69,41,0,8413.93,120.73,1325.02,515.78,46.34,155.71,8.44,671.49,54.78,29.07,32.1,30.9,33.8,87.2,3.76,72.8,12.0,2.98,0.69,0.75,0.95,1.3,1.38,30.05,2.03,2.79
1194,Jupiler Pro League (BE),Ragnar Oratmangoen,R. Oratmangoen,39832,1998-01-21,39.29,18,0,4565.0,116.18,727.83,278.22,24.83,81.67,4.0,359.89,28.83,28.71,30.52,29.76,31.9,49.11,2.89,40.89,5.44,1.56,0.65,0.72,0.5,1.29,,22.67,1.98,2.8
1194,Jupiler Pro League (BE),Junior Marsoni Sambu Mansoni,M. Sambu,39911,1996-06-03,77.37,31,0,8567.42,110.73,1264.29,541.71,52.23,211.74,11.16,753.45,63.39,30.17,32.0,31.86,33.77,94.81,7.87,82.77,16.9,5.39,0.58,0.63,1.94,1.07,1.21,30.84,1.98,2.57
1194,Jupiler Pro League (BE),Ivan Pavlić,I. Pavlić,40039,2001-11-10,12.76,8,1,1626.88,127.54,306.0,133.5,9.25,15.62,0.62,149.12,9.88,25.56,26.36,26.49,27.93,18.88,0.88,13.88,2.0,0.25,,,0.0,,,9.5,2.29,2.89
1194,Jupiler Pro League (BE),Zeno Van den Bosch,Z. Van den Bosch,40040,2003-07-06,96.76,34,1,10049.68,103.86,1239.15,406.41,38.12,112.29,6.41,518.71,44.53,28.43,30.7,30.03,32.6,106.03,5.65,88.15,13.82,3.68,0.61,0.62,0.74,1.18,1.59,32.09,1.92,2.73
1194,Jupiler Pro League (BE),Mathis Servais,M. Servais,40430,2004-11-23,95.41,32,0,11325.66,118.71,1799.28,767.44,68.94,265.72,14.5,1033.16,83.44,29.63,31.42,31.62,33.3,116.94,6.19,98.47,15.66,4.59,0.64,0.66,1.66,1.21,1.28,48.81,1.75,2.53
1194,Jupiler Pro League (BE),Flávio Basilua Jacinto Nazinho,Flávio Nazinho,42119,2003-07-20,93.85,30,0,10109.83,107.72,1381.53,623.7,65.0,253.8,14.43,877.5,79.43,29.76,31.92,31.52,33.9,113.07,8.57,92.33,23.63,5.93,0.56,0.6,1.87,1.11,1.11,41.0,1.74,2.51
1194,Jupiler Pro League (BE),Yira Collins Sor,Y. Sor,42219,2000-07-24,44.69,28,0,4785.29,107.07,586.89,275.25,34.07,173.93,8.71,449.18,42.79,31.66,34.64,32.48,35.4,54.32,8.11,44.93,14.46,6.68,0.54,0.54,3.11,1.0,1.06,20.14,1.92,2.66
1194,Jupiler Pro League (BE),Christopher Scott,C. Scott,42583,2002-06-07,77.65,31,0,8622.77,111.05,1320.94,495.29,45.68,154.39,8.03,649.68,53.71,28.93,31.46,30.65,33.13,97.48,4.35,81.68,13.39,3.26,0.6,0.66,0.97,1.17,1.4,30.45,1.85,2.75
1194,Jupiler Pro League (BE),Moïse Orell Sahi Dion,M. Sahi Dion,42592,2001-12-20,21.02,5,0,2335.2,111.11,400.0,149.2,13.2,33.8,1.6,183.0,14.8,27.04,27.04,27.84,28.87,25.8,1.4,19.8,4.2,0.2,,,0.0,,,13.0,2.53,
1194,Jupiler Pro League (BE),Noah Mbamba-Muanda,N. Mbamba,43303,2005-01-05,86.26,35,0,10554.89,122.36,1820.77,584.46,52.31,131.57,8.14,716.03,60.46,27.94,30.68,30.41,33.6,109.49,4.2,88.71,12.66,2.86,0.59,0.6,0.91,1.14,1.24,44.86,1.92,2.67
1194,Jupiler Pro League (BE),Alexandro Calut,A. Calut,44871,2003-04-22,57.54,8,0,6274.12,109.04,828.75,346.0,37.25,163.62,8.38,509.62,45.62,29.48,30.26,30.52,32.17,69.12,3.88,57.5,9.5,2.62,0.76,0.76,0.38,1.83,,25.25,1.99,2.77
1194,Jupiler Pro League (BE),Maksim Paskotsi,M. Paskotsi,46143,2003-01-19,90.03,22,0,9845.68,109.37,1280.05,389.82,36.59,106.0,6.18,495.82,42.77,28.62,31.28,30.34,32.67,109.27,4.59,87.05,12.27,3.0,0.67,0.71,0.95,1.38,1.84,31.09,1.97,2.72
1194,Jupiler Pro League (BE),Jules Gaudin,J. Gaudin,47343,2000-05-09,42.31,18,1,5038.22,119.08,823.17,346.33,32.33,124.5,6.94,470.83,39.28,28.75,29.82,29.85,31.77,54.44,3.22,44.94,8.56,2.5,0.65,0.71,1.22,1.31,1.43,21.94,2.07,2.63
1194,Jupiler Pro League (BE),Bjorn Meijer,B. Meijer,47348,2003-03-18,43.85,27,0,5063.04,115.47,796.11,365.7,33.44,142.33,8.15,508.04,41.59,28.28,30.32,29.36,32.03,58.41,4.48,49.89,9.56,3.37,0.68,0.68,1.15,1.38,1.48,16.74,1.92,2.81
1194,Jupiler Pro League (BE),Gustav Mortensen,G. Mortensen,48111,2004-03-19,95.36,20,0,11523.65,120.85,1856.2,865.5,80.45,417.55,19.95,1283.05,100.4,30.76,31.86,32.53,33.97,129.3,9.4,109.7,24.05,6.95,0.62,0.62,2.6,1.3,1.3,43.25,1.76,2.61
1194,Jupiler Pro League (BE),Mohamed Berte,M. Berte,48536,2002-03-25,44.03,30,0,4970.67,112.89,719.67,358.4,32.7,126.57,7.17,484.97,39.87,29.05,31.36,30.28,32.4,50.1,3.43,40.43,7.4,2.57,0.66,0.7,0.87,1.26,1.69,21.17,1.83,2.8
1194,Jupiler Pro League (BE),Lucas Boel Hey,L. Hey,48961,2003-04-13,87.12,32,0,9081.78,104.24,1140.47,355.94,31.25,82.06,4.75,438.0,36.0,27.66,30.52,29.24,32.33,95.69,3.5,77.28,8.38,1.53,0.78,0.91,0.31,1.5,2.09,22.28,1.98,2.87
1194,Jupiler Pro League (BE),José Martínez Marsà,José Marsà,53344,2002-03-04,88.8,32,1,9670.03,108.9,1330.91,509.75,47.75,182.12,9.84,691.88,57.59,29.14,30.84,30.77,32.2,107.84,5.81,85.78,15.53,3.78,0.65,0.65,1.59,1.29,1.37,37.03,1.93,2.64
1194,Jupiler Pro League (BE),Enis Destan,E. Destan,54768,2002-06-15,36.73,3,0,4205.0,114.49,614.0,299.67,25.33,76.0,4.67,375.67,30.0,28.07,28.07,28.93,28.93,41.33,2.33,35.67,6.33,2.0,,,1.33,,,23.0,,
1194,Jupiler Pro League (BE),Moussa N''Diaye,M. N''Diaye,54979,2002-06-18,64.23,17,0,7002.82,109.02,975.18,351.82,33.24,93.41,5.53,445.24,38.76,28.74,30.12,30.01,31.2,76.18,4.82,61.35,12.12,2.94,0.65,0.72,0.53,1.31,,26.47,1.88,2.74
1194,Jupiler Pro League (BE),Alan Steve Minda García,A. Minda,58458,2003-05-14,62.16,17,0,6874.59,110.59,1054.59,507.88,49.0,188.82,11.47,696.71,60.47,29.75,31.44,31.15,33.43,74.35,6.24,61.53,11.47,5.0,0.65,0.73,2.41,1.23,1.48,30.94,2.01,2.81
1194,Jupiler Pro League (BE),Raphael Onyedika,R. Onyedika,58981,2001-04-19,72.72,30,0,8425.23,115.86,1331.53,405.2,35.13,81.83,4.77,487.03,39.9,27.14,29.94,28.84,31.47,93.1,3.1,81.67,10.13,2.0,0.68,0.71,0.4,1.47,1.6,26.27,1.97,2.84
1194,Jupiler Pro League (BE),Raul Florucz,R. Florucz,58992,2001-06-10,54.41,24,0,6308.5,115.95,957.88,433.62,40.29,157.21,8.5,590.83,48.79,29.16,31.08,30.62,32.7,68.25,3.92,55.29,9.29,2.79,0.71,0.81,0.88,1.34,1.91,31.58,1.87,2.76
1194,Jupiler Pro League (BE),Kayden Leighton Hugh Pierre,K. Pierre,59314,2003-02-16,9.88,1,0,1277.0,129.21,211.0,97.0,8.0,33.0,3.0,130.0,11.0,27.5,27.5,31.6,,12.0,1.0,11.0,1.0,1.0,,,1.0,,,9.0,,
1194,Jupiler Pro League (BE),Roggerio Nyakossi,R. Nyakossi,59897,2004-01-13,94.08,26,1,9191.35,97.7,1038.54,360.81,35.27,126.15,7.19,486.96,42.46,29.13,31.6,30.56,33.13,104.69,4.65,84.0,12.04,3.23,0.64,0.73,1.23,1.24,1.4,18.23,2.16,2.97
1194,Jupiler Pro League (BE),Matthis Riou,M. Riou,59959,2001-01-19,,0,1,,,,,,,,,,,,,,,,,,,,,,,,,,
1194,Jupiler Pro League (BE),Guillaume François,G. François,60011,1990-06-03,11.46,2,0,1502.5,131.13,301.5,124.0,5.5,9.0,0.5,133.0,6.0,23.55,23.55,24.1,,14.0,1.5,12.5,3.0,0.5,,,0.0,,,5.5,,
1194,Jupiler Pro League (BE),Siebe Van der Heyden,S. Van der Heyden,60013,1998-05-30,92.03,36,0,10344.0,112.4,1381.67,459.39,41.36,122.28,7.11,581.67,48.47,27.98,30.46,29.61,31.93,114.31,4.72,92.92,15.19,3.25,0.72,0.72,0.75,1.28,1.36,36.33,1.89,2.69
1194,Jupiler Pro League (BE),Casper Nielsen,C. Nielsen,60015,1994-04-29,78.27,25,0,10050.92,128.42,1839.0,706.96,59.36,198.84,11.28,905.8,70.64,28.16,29.26,30.24,31.67,101.96,3.72,91.68,10.52,2.4,0.67,0.67,0.96,1.29,1.33,39.2,1.98,2.76
1194,Jupiler Pro League (BE),Cisse Sandra,C. Sandra,60019,2003-12-16,42.83,16,0,5320.81,124.23,871.56,381.06,34.69,125.81,6.88,506.88,41.56,28.46,29.46,29.59,30.7,53.69,2.12,44.62,7.25,1.44,0.7,0.72,0.38,1.55,2.06,30.12,1.87,2.79
1194,Jupiler Pro League (BE),Mathias Fixelles,M. Fixelles,60030,1996-08-11,13.62,4,0,1776.75,130.48,349.0,105.5,9.5,19.5,1.5,125.0,11.0,27.82,27.82,28.35,29.8,18.5,2.0,15.0,2.75,1.25,0.79,,0.25,,,8.25,,3.0
1194,Jupiler Pro League (BE),Wagane Faye,W. Faye,60032,1993-11-20,93.67,26,1,9985.35,106.6,1291.0,435.77,43.04,150.04,8.54,585.81,51.58,29.67,32.1,31.62,33.83,114.69,6.54,89.73,14.23,4.73,0.61,0.63,1.62,1.12,1.23,25.81,2.0,2.78
1194,Jupiler Pro League (BE),Hyun-Seok Hong,Hong Hyun-Seok,60103,1999-06-16,49.14,19,0,6546.53,133.23,1274.95,560.42,48.53,119.89,8.42,680.32,56.95,27.65,30.18,29.13,31.77,71.21,4.05,62.37,11.95,2.79,0.67,0.68,0.53,1.43,1.51,38.42,1.89,2.63
1194,Jupiler Pro League (BE),Hugo Vetlesen,H. Vetlesen,60697,2000-02-29,57.75,25,0,7068.88,122.41,1148.4,452.16,36.88,116.12,5.6,568.28,42.48,28.45,30.92,29.92,32.17,71.0,2.6,59.36,9.44,1.84,0.68,0.68,0.56,1.31,1.42,26.08,1.89,2.74
1194,Jupiler Pro League (BE),Mathias Delorge-Knieper,M. Delorge,60859,2004-07-31,73.01,20,0,8971.65,122.89,1338.1,377.65,30.2,59.3,3.2,436.95,33.4,26.27,27.74,28.3,29.9,87.1,2.0,74.2,8.7,1.1,0.77,0.91,0.25,1.77,1.81,29.55,1.96,2.93
1194,Jupiler Pro League (BE),Félix  Lemaréchal,F. Lemaréchal,61056,2003-08-07,36.82,2,0,5079.5,137.97,928.5,381.0,34.0,110.0,6.0,491.0,40.0,30.25,30.25,32.0,,48.5,2.0,39.0,10.0,1.0,,,0.5,,,22.0,,
1194,Jupiler Pro League (BE),Jusef Erabi,J. Erabi,61125,2003-06-08,35.78,15,0,3992.67,111.58,575.93,249.33,26.2,120.2,6.4,369.53,32.6,29.83,31.64,30.55,32.63,45.2,3.73,36.27,8.2,2.47,0.71,0.76,1.07,1.29,1.53,19.07,1.96,2.93
1194,Jupiler Pro League (BE),Ross Sykes,R. Sykes,61421,1999-03-26,90.2,32,0,9520.0,105.54,1195.88,376.75,33.56,98.38,5.38,475.12,38.94,27.79,30.26,29.25,31.57,100.94,4.75,79.03,11.97,2.75,0.61,0.7,0.69,1.26,1.42,26.84,2.06,2.75
1194,Jupiler Pro League (BE),Adem Zorgane,A. Zorgane,61694,2000-01-06,87.65,37,0,10416.11,118.84,1761.62,589.22,47.73,115.78,6.54,705.0,54.27,27.19,28.62,29.07,30.63,100.78,2.51,90.62,10.16,1.3,0.81,0.85,0.27,1.64,2.03,38.05,1.91,2.82
1194,Jupiler Pro League (BE),Luc Marijnissen,L. Marijnissen,61738,2003-01-09,95.0,37,0,10763.22,113.29,1484.84,526.92,49.14,176.7,9.62,703.62,58.76,29.66,31.62,31.49,33.27,115.24,5.84,93.14,14.38,4.22,0.58,0.58,1.51,1.23,1.28,35.19,1.94,2.54
1194,Jupiler Pro League (BE),Nilson David Angulo Ramírez,N. Angulo,61889,2003-06-19,93.52,22,0,10428.23,111.51,1463.27,717.32,73.23,326.45,17.91,1043.77,91.14,30.57,32.6,32.15,34.5,112.09,10.36,92.32,22.32,7.95,0.6,0.6,3.82,1.17,1.17,52.68,1.75,2.59
1194,Jupiler Pro League (BE),Rafiki Saïd Ahamada,R. Saïd,62093,2000-03-15,80.21,36,0,8564.44,106.77,1042.92,516.94,58.22,287.72,14.0,804.67,72.22,30.81,32.4,32.15,33.7,85.94,7.83,70.5,17.06,6.22,0.57,0.59,2.44,1.12,1.23,40.17,1.74,2.67
1194,Jupiler Pro League (BE),Bryang Kayo,B. Kayo,62112,2002-07-27,23.78,5,0,3219.2,135.36,552.4,289.4,23.8,109.4,5.8,398.8,29.6,28.12,28.12,29.0,29.97,32.8,1.4,25.4,3.8,1.0,0.78,,0.6,,,16.6,2.13,3.16
1194,Jupiler Pro League (BE),Isaac Babadi,I. Babadi,62319,2005-04-06,32.94,16,1,4224.81,128.28,848.56,311.06,25.25,77.31,4.12,388.38,29.38,28.39,30.26,29.77,31.77,47.31,2.0,36.0,7.06,1.56,0.76,0.76,0.62,1.43,1.49,24.94,2.0,2.83
1194,Jupiler Pro League (BE),Casper Terho,C. Terho,63322,2003-06-24,49.85,11,0,6381.82,128.02,1153.18,491.55,43.27,155.27,8.27,646.82,51.55,28.81,29.4,29.98,31.23,64.82,3.73,53.73,8.45,2.45,0.71,0.71,0.91,1.43,1.49,46.18,1.96,2.6
1194,Jupiler Pro League (BE),Abdelkahar Kadri,A. Kadri,63341,2000-06-24,68.07,33,0,8829.85,129.72,1703.27,429.97,37.76,64.94,4.67,494.91,42.42,26.45,29.24,28.47,30.87,89.79,3.0,76.82,9.76,1.76,0.65,0.73,0.36,1.3,1.53,38.55,1.95,2.57
1194,Jupiler Pro League (BE),Kevin Daniel Guitoun Van Den Kerkhof,K. Van Den Kerkhof,64482,1996-03-14,75.82,30,0,8527.1,112.46,1294.7,628.17,62.9,302.53,15.0,930.7,77.9,30.83,32.68,32.33,34.13,99.6,7.67,83.37,17.4,5.57,0.61,0.62,2.3,1.18,1.22,34.93,1.95,2.6
1194,Jupiler Pro League (BE),Arbnor Muja,A. Muja,64804,1998-11-29,76.29,26,0,9320.08,122.16,1419.92,635.69,64.58,274.62,13.69,910.31,78.27,29.8,31.38,31.43,33.37,103.08,7.27,87.38,16.35,5.88,0.67,0.67,2.23,1.31,1.31,49.46,1.76,2.76
1194,Jupiler Pro League (BE),Redouane Halhal,R. Halhal,68592,2003-03-05,95.76,33,0,9611.39,100.37,1030.39,341.36,36.3,128.64,6.85,470.0,43.15,29.87,32.04,31.18,33.53,107.03,5.85,85.03,11.42,4.0,0.63,0.64,1.36,1.23,1.29,27.73,1.85,2.82
1194,Jupiler Pro League (BE),Noah  Adedeji-Sternberg,N. Adedeji-Sternberg,68926,2005-06-19,45.17,25,0,5109.48,113.12,739.12,355.84,36.6,149.52,8.32,505.36,44.92,29.16,31.22,30.29,32.67,56.96,4.24,46.72,10.48,2.84,0.59,0.62,1.28,1.08,1.25,24.6,1.95,2.69
1194,Jupiler Pro League (BE),Jan-Carlo Simić,J. Simić,69934,2005-05-02,94.62,2,0,9360.0,98.92,1055.5,415.5,36.0,65.0,5.0,480.5,41.0,27.5,27.5,28.75,,98.0,6.0,77.5,15.0,5.5,,,1.0,,,24.5,,
1194,Jupiler Pro League (BE),Eliot Bujupi,E. Bujupi,70296,2006-07-03,8.01,4,1,1140.25,142.31,172.25,106.0,9.5,41.25,2.25,147.25,11.75,27.02,27.02,27.62,28.87,11.75,0.75,11.25,1.25,0.25,,,0.0,,,6.25,,
1194,Jupiler Pro League (BE),Heriberto De Jesús Jurado Flores,H. Jurado,70373,2005-01-03,25.82,8,0,3025.38,117.19,495.12,246.12,18.38,45.5,2.75,291.62,21.12,27.02,28.2,28.1,30.03,33.75,1.75,26.88,3.62,1.12,0.93,,0.25,,,14.12,2.38,2.9
1194,Jupiler Pro League (BE),Fabio Ferraro,F. Ferraro,70426,2002-09-03,94.2,29,0,11488.93,121.96,1877.07,733.17,65.24,237.59,12.93,970.76,78.17,29.4,31.16,31.47,33.67,126.14,7.55,105.31,18.24,5.59,0.63,0.64,2.07,1.24,1.24,47.72,1.91,2.58
1194,Jupiler Pro League (BE),Lukas Willen,L. Willen,70452,2003-04-25,78.82,19,1,8530.16,108.23,1020.42,330.32,30.37,79.16,5.42,409.47,35.79,27.19,28.28,28.47,30.0,79.47,3.32,65.58,7.26,2.11,0.72,0.75,0.79,1.5,1.52,22.79,1.88,2.61
1194,Jupiler Pro League (BE),Ilias Sebaoui,I. Sebaoui,70480,2001-10-04,86.87,39,1,10559.23,121.56,1717.72,733.79,74.62,268.67,14.95,1002.46,89.56,29.87,31.76,31.86,33.97,112.28,7.03,92.21,21.64,5.05,0.65,0.68,1.95,1.19,1.29,56.87,1.81,2.59
1194,Jupiler Pro League (BE),Adedire Emmanuel Awokoya-Mebude,A. Mebude,70612,2004-05-28,36.21,12,1,4027.75,111.24,599.58,276.5,29.42,159.58,7.5,436.08,36.92,31.02,32.8,32.1,34.13,44.33,4.67,33.83,9.33,3.67,0.6,0.6,1.75,1.16,1.18,19.0,2.13,2.62
1194,Jupiler Pro League (BE),Guilherme Henriques da Silva Carvalho,Guilherme Smith,70640,2003-06-11,75.58,22,0,8660.18,114.59,1323.77,579.18,52.55,195.91,10.73,775.09,63.27,29.38,31.16,30.8,32.9,93.73,6.77,79.05,15.14,4.91,0.64,0.68,1.36,1.24,1.5,32.23,1.88,2.58
1194,Jupiler Pro League (BE),Myron van Brederode,M. van Brederode,71447,2003-07-06,91.08,34,0,10518.53,115.48,1455.91,529.41,49.85,129.12,7.94,658.53,57.79,27.99,30.3,29.86,31.93,93.35,4.53,80.15,9.97,3.03,0.62,0.67,1.12,1.23,1.3,38.35,1.76,2.66
1194,Jupiler Pro League (BE),Vetle Winger Dragsnes,V. Dragsnes,72013,1994-02-06,54.95,2,0,6281.0,114.3,1072.5,299.0,30.5,63.5,5.5,362.5,36.0,25.45,25.45,27.05,,70.5,5.5,64.5,11.0,3.5,,,0.0,,,18.5,,
1194,Jupiler Pro League (BE),Anosike Victor Ementa,A. Ementa,73353,2002-05-03,89.37,31,1,10645.39,119.12,1527.39,521.26,45.84,112.61,7.13,633.87,52.97,27.55,29.28,29.69,32.23,101.52,4.94,83.58,10.97,3.0,0.62,0.75,0.74,1.46,1.52,35.87,2.0,2.87
1194,Jupiler Pro League (BE),Romeo Vermant,R. Vermant,73355,2004-01-24,43.49,35,0,5179.51,119.09,878.37,400.14,37.54,129.94,7.49,530.09,45.03,28.65,30.96,30.07,32.8,57.86,4.74,46.97,10.57,3.29,0.67,0.67,0.89,1.35,1.42,35.06,1.84,2.49
1194,Jupiler Pro League (BE),Ibe Hautekiet,I. Hautekiet,73357,2002-04-13,92.29,35,0,10187.94,110.39,1362.09,426.77,38.09,112.06,6.54,538.83,44.63,28.06,29.8,29.83,31.77,113.06,4.54,92.23,13.14,2.74,0.57,0.82,0.6,1.47,1.66,33.26,1.97,2.64
1194,Jupiler Pro League (BE),Kyriani Sabbe,K. Sabbe,73359,2005-01-26,66.32,27,0,8006.15,120.72,1279.11,504.74,45.89,163.78,8.81,668.52,54.7,28.77,30.68,30.44,32.47,84.67,4.52,67.48,12.85,3.59,0.6,0.7,0.85,1.44,1.63,33.0,1.94,2.54
1194,Jupiler Pro League (BE),Lynnt Audoor,L. Audoor,73360,2003-10-13,32.21,7,0,4090.71,127.01,655.71,215.71,18.86,49.86,2.57,265.57,21.43,26.7,27.6,27.81,29.63,38.71,0.86,33.0,4.29,0.29,,,0.0,,,15.0,2.38,
1194,Jupiler Pro League (BE),Jorne Spileers,J. Spileers,73361,2005-01-21,59.07,23,0,6503.17,110.09,871.48,334.61,30.91,117.3,6.09,451.91,37.0,28.78,31.48,29.94,32.6,70.52,4.04,56.43,9.3,2.91,0.63,0.67,1.04,1.2,1.66,20.96,2.12,2.9
1194,Jupiler Pro League (BE),Keano Vanrafelghem,K. Vanrafelghem,73362,2003-08-02,38.61,16,0,4392.06,113.77,628.5,286.62,26.31,96.56,4.88,383.19,31.19,29.07,30.9,30.14,32.3,51.88,3.19,39.44,9.69,2.31,0.72,0.81,0.75,1.45,1.52,17.94,1.9,2.92
1194,Jupiler Pro League (BE),Oumar Diakité,O. Diakité,74616,2003-12-20,62.44,25,0,7020.04,112.44,973.16,443.84,43.68,138.76,8.76,582.6,52.44,28.94,30.36,30.5,32.87,70.36,6.36,58.6,11.72,5.16,0.56,0.57,1.48,1.22,1.32,31.8,1.83,2.82
1194,Jupiler Pro League (BE),Lucas Mbamba-Muanda,L. Mbamba-Muanda,76091,2006-08-12,60.11,14,0,6990.86,116.3,1036.14,507.79,48.79,198.57,11.36,706.36,60.14,29.84,31.04,31.16,33.07,80.14,6.86,64.5,15.5,5.07,0.64,0.69,1.36,1.29,1.42,31.64,1.8,2.57
1194,Jupiler Pro League (BE),Dikeni-Rafid Salifou,D. Salifou,80638,2003-06-08,60.29,18,0,7213.0,119.63,1092.94,315.11,29.89,88.17,4.89,403.28,34.78,28.36,30.66,29.99,32.57,67.56,2.28,56.33,8.0,1.61,0.69,0.74,0.5,1.31,1.52,28.17,1.85,2.71
1194,Jupiler Pro League (BE),Dirk Junior Asare,D. Asare,81373,2004-07-04,87.91,10,1,10136.1,115.31,1514.4,466.4,40.5,73.1,4.5,539.5,45.0,27.37,28.08,29.31,30.67,97.9,3.6,84.8,13.6,2.2,0.65,0.78,0.1,,,39.6,2.07,2.97
1194,Jupiler Pro League (BE),Yllan Okou,Y. Okou,84267,2002-12-23,91.05,32,1,9708.0,106.62,1178.66,421.56,40.88,170.12,8.97,591.69,49.84,30.18,33.12,31.58,34.23,99.56,5.19,80.88,10.03,3.53,0.58,0.64,1.25,1.2,1.3,21.03,2.01,2.86
1194,Jupiler Pro League (BE),Nikola Stulic,N. Stulic,84589,2001-09-08,77.73,3,0,8424.33,108.37,1120.33,458.0,43.67,177.0,9.0,635.0,52.67,29.97,29.97,31.63,31.63,79.67,7.33,62.33,12.0,4.0,1.03,1.26,0.67,,,43.67,2.14,3.1
1194,Jupiler Pro League (BE),Ibrahim Diakité,I. Diakité,92776,2003-10-31,53.11,18,1,5760.67,108.46,828.67,324.0,30.5,109.5,6.22,433.5,36.72,28.83,30.84,29.93,33.17,64.06,4.44,51.78,10.44,3.39,0.65,0.67,1.5,1.19,1.63,22.11,1.93,2.59
1194,Jupiler Pro League (BE),Mehdi Boukamir,M. Boukamir,94964,2004-01-26,25.16,16,0,2666.69,106.0,316.0,123.19,11.31,29.81,1.94,153.0,13.25,26.24,28.8,27.06,29.87,28.25,1.62,23.0,3.81,0.75,0.77,0.84,0.06,,,8.25,2.39,3.05
1194,Jupiler Pro League (BE),Oucasse Mendy,O. Mendy,95609,2001-06-01,58.48,16,1,6719.31,114.91,917.62,416.88,43.5,162.44,9.06,579.31,52.56,29.77,31.68,30.99,33.43,76.19,6.81,59.38,14.75,5.25,0.67,0.74,1.75,1.32,1.44,32.0,1.85,2.61
1194,Jupiler Pro League (BE),Marlon Fossey,M. Fossey,101724,1998-09-09,79.49,19,0,8734.84,109.89,1307.53,632.32,62.21,264.68,14.26,897.0,76.47,30.13,32.0,31.51,33.6,104.68,11.11,87.26,23.89,7.68,0.55,0.55,2.74,1.11,1.12,40.42,1.89,2.58
1194,Jupiler Pro League (BE),Nayel Mehssatou Sepúlveda,N. Mehssatou,108081,2002-04-11,40.65,28,0,5024.5,123.59,883.43,319.93,27.29,77.89,4.36,397.82,31.64,27.21,29.38,28.57,31.03,55.21,2.32,47.86,7.68,1.29,0.75,0.77,0.61,1.53,1.8,26.21,1.94,2.75
1194,Jupiler Pro League (BE),Lewin Blum,L. Blum,109881,2001-07-27,62.29,32,0,7229.66,116.07,1098.75,396.41,35.34,121.47,6.19,517.88,41.53,28.93,31.34,30.37,32.7,74.44,3.94,64.41,10.5,2.47,0.69,0.71,0.5,1.44,1.51,24.56,1.97,2.78
1194,Jupiler Pro League (BE),Nicolò Tresoldi,N. Tresoldi,112605,2004-08-20,67.25,40,0,7826.23,116.38,1159.6,530.05,52.35,183.18,10.8,713.23,63.15,28.81,30.8,30.36,32.73,80.45,6.7,61.3,16.88,4.85,0.61,0.66,1.4,1.27,1.43,40.92,1.74,2.54
1194,Jupiler Pro League (BE),Jhon Andersson Banguera Riascos,J. Banguera,115086,2004-04-03,88.57,2,0,8456.0,95.48,964.0,268.5,33.5,145.0,6.0,413.5,39.5,32.0,32.0,32.9,,93.5,7.0,82.0,11.0,7.0,,,3.0,,,21.0,,
1194,Jupiler Pro League (BE),Christiaan Ravych,C. Ravych,116555,2002-07-30,92.17,27,0,9570.52,103.84,1192.85,440.74,40.44,119.93,7.37,560.67,47.81,28.92,31.24,30.4,32.73,92.26,5.0,71.59,11.59,3.48,0.6,0.69,1.04,1.2,1.54,25.85,1.82,2.71
1194,Jupiler Pro League (BE),Anthony Lenin Valencia Bajaña,A. Valencia,123701,2003-07-21,66.17,22,1,7741.95,117.0,1206.0,554.55,51.64,224.73,11.82,779.27,63.45,29.85,31.8,31.3,33.5,82.82,5.5,68.09,15.23,3.95,0.63,0.64,1.64,1.19,1.34,34.45,1.79,2.59
1194,Jupiler Pro League (BE),Joel Leandro Ordóñez Guerrero,J. Ordóñez,123702,2004-04-21,89.44,33,0,9241.3,103.32,1175.39,365.45,32.97,98.64,5.45,464.09,38.42,28.32,31.06,30.14,32.87,100.97,4.58,81.0,11.67,2.85,0.62,0.76,1.0,1.24,1.56,25.73,1.89,2.79
1194,Jupiler Pro League (BE),Rein Van Helden,R. Van Helden,125508,2002-07-24,80.13,29,0,8765.34,109.39,1185.52,430.21,37.83,116.41,6.62,546.62,44.45,28.13,30.38,29.64,31.93,97.83,3.86,80.83,13.14,2.28,0.71,0.76,0.45,1.46,1.69,25.69,1.95,2.67
1194,Jupiler Pro League (BE),Mateo Biondić,M. Biondić,126121,2003-07-24,55.55,15,0,7078.47,127.44,1200.2,535.0,51.47,197.73,11.4,732.73,62.87,29.53,30.62,31.09,32.67,76.0,4.4,59.07,9.27,3.13,0.66,0.73,1.27,1.31,1.46,42.47,1.78,2.81
1194,Jupiler Pro League (BE),Mihajlo Ilić,M. Ilić,127870,2003-06-04,95.06,9,1,10066.33,105.89,1213.56,374.22,32.78,101.67,4.89,475.89,37.67,28.87,29.76,30.44,31.37,102.33,3.89,81.11,10.67,1.44,0.82,1.06,0.78,1.71,,24.56,2.55,3.03
1194,Jupiler Pro League (BE),Takahiro Akimoto,T. Akimoto,151020,1998-01-31,96.4,30,0,10297.8,106.82,1297.77,545.73,55.3,228.83,12.47,774.57,67.77,29.97,31.92,31.44,33.33,106.6,6.6,88.8,16.0,4.7,0.58,0.64,1.8,1.1,1.3,34.77,1.84,2.55
1194,Jupiler Pro League (BE),Atsuki Ito,A. Ito,151024,1998-08-11,78.45,30,0,9457.67,120.55,1703.97,581.2,47.83,111.57,7.1,692.77,54.93,27.37,28.74,29.3,31.13,95.47,3.23,83.2,13.63,2.13,0.67,0.7,0.8,1.44,1.44,38.6,1.82,2.63
1194,Jupiler Pro League (BE),Mukhammadali O'rinboyev,M. O'rinboyev,151550,2005-04-24,31.75,5,0,3901.6,122.9,671.4,260.8,24.2,89.8,4.8,350.6,29.0,29.54,29.54,30.34,31.63,42.6,2.2,32.6,6.2,1.2,0.68,,0.2,,,18.0,2.43,2.9
1194,Jupiler Pro League (BE),Ryan Graham Pun Teague,R. Teague,157294,2002-01-24,17.72,5,0,2002.0,113.0,322.6,111.8,9.0,14.8,1.4,126.6,10.4,24.96,24.96,25.78,27.37,21.0,0.8,17.8,2.0,0.6,,,0.6,,,5.8,,
1194,Jupiler Pro League (BE),Momodou Lamin Sonko,M. Sonko,160758,2005-01-31,34.09,28,0,3974.57,116.58,600.29,248.86,24.89,90.54,5.57,339.39,30.46,29.41,31.9,30.46,32.63,42.79,3.36,35.54,6.57,2.5,0.61,0.65,1.0,1.1,1.21,20.82,2.02,2.63
1194,Jupiler Pro League (BE),Andrés Martín Ferrari Malviera,A. Ferrari,163031,2003-01-03,49.29,20,0,5679.15,115.22,779.45,350.0,38.8,170.95,9.3,520.95,48.1,31.0,32.68,31.94,33.67,61.3,5.05,47.65,12.35,4.0,0.58,0.62,1.6,1.2,1.26,29.7,1.83,2.69
1194,Jupiler Pro League (BE),Yacine Titraoui,Y. Titraoui,163342,2003-07-26,91.09,35,0,11234.49,123.33,1997.49,744.8,68.91,232.06,14.0,976.86,82.91,28.77,30.72,30.81,32.87,119.11,4.69,103.91,16.51,3.11,0.59,0.59,1.17,1.22,1.42,49.91,1.88,2.6
1194,Jupiler Pro League (BE),Andri Lucas Gudjohnsen,A. Gudjohnsen,163721,2002-01-29,8.3,2,0,1009.5,121.63,130.5,49.0,5.5,6.0,0.5,55.0,6.0,26.05,26.05,26.4,,13.0,1.0,9.0,2.5,1.0,,,0.0,,,4.0,,
1194,Jupiler Pro League (BE),Jason van Duiven,J. van Duiven,166771,2005-02-24,65.48,2,0,7196.5,109.9,854.0,347.0,40.0,179.5,8.5,526.5,48.5,30.55,30.55,31.5,,74.0,6.0,58.5,14.5,5.5,,,0.0,,,22.5,,
1194,Jupiler Pro League (BE),Rosen Bozhinov,R. Bozhinov,166798,2005-01-23,88.66,16,0,9434.56,106.41,1185.38,382.62,35.56,110.94,6.38,493.56,41.94,28.84,30.7,30.78,32.37,99.25,4.44,81.12,10.25,2.88,0.69,0.7,0.62,1.4,1.63,35.06,1.98,2.76
1194,Jupiler Pro League (BE),Adnane Abid,A. Abid,167038,2003-08-23,69.13,33,0,7865.61,113.78,1093.27,466.64,48.64,208.85,11.7,675.48,60.33,29.62,32.04,31.11,33.97,81.24,6.09,64.24,14.79,4.64,0.58,0.6,2.06,1.12,1.27,35.36,1.99,2.61
1194,Jupiler Pro League (BE),Kamiel Van De Perre,K. Van De Perre,167040,2004-02-12,80.12,30,0,9565.4,119.38,1586.33,526.47,47.07,126.1,7.5,652.57,54.57,27.77,29.46,29.69,31.67,99.77,3.37,86.0,12.17,2.23,0.67,0.7,0.5,1.51,1.82,38.5,1.96,2.59
1194,Jupiler Pro League (BE),Raf Smekens,R. Smekens,167046,2004-01-29,50.9,1,1,6099.0,119.82,1092.0,479.0,43.0,195.0,10.0,674.0,53.0,28.8,28.8,30.1,,70.0,3.0,59.0,11.0,0.0,,,0.0,,,18.0,,
1194,Jupiler Pro League (BE),Kyan Vaesen,K. Vaesen,167149,2001-04-13,32.23,31,1,3720.29,115.43,562.71,263.94,26.29,114.94,6.0,378.87,32.29,30.21,33.22,30.97,34.03,40.84,2.74,31.65,7.58,1.84,0.78,0.84,0.45,1.48,1.54,18.03,1.96,2.58
1194,Jupiler Pro League (BE),Fernand Gouré Bi Irié,Fernand Goure,167152,2002-04-12,19.0,12,1,2139.67,112.62,282.75,132.0,12.75,42.67,2.33,174.67,15.08,28.7,30.76,29.46,31.67,24.42,1.92,19.67,2.33,1.5,0.68,0.73,0.5,1.42,,9.25,2.21,2.93
1194,Jupiler Pro League (BE),Liongola Jordi,L. Jordi,167164,2000-05-17,91.96,30,1,10410.03,113.2,1561.37,715.2,66.57,258.87,14.67,974.07,81.23,29.41,30.9,31.32,33.0,116.97,9.07,93.9,23.5,6.6,0.58,0.6,2.67,1.23,1.37,41.87,1.73,2.59
1194,Jupiler Pro League (BE),Rafik Belghali,R. Belghali,167175,2002-06-07,89.68,3,0,9871.0,110.07,1227.67,500.67,44.67,232.67,10.67,733.33,55.33,29.63,29.63,31.37,31.37,101.0,5.67,81.67,10.67,5.0,0.66,,2.67,,,35.67,2.02,3.15
1194,Jupiler Pro League (BE),Zakaria El Ouahdi,Z. El Ouahdi,167195,2001-12-31,96.45,34,0,11193.21,116.05,1618.06,748.79,69.76,340.53,16.91,1089.32,86.68,30.69,33.02,32.56,34.73,113.65,7.03,94.79,17.79,5.24,0.6,0.61,2.32,1.15,1.21,44.53,1.75,2.51
1194,Jupiler Pro League (BE),Serxho Ujka,S. Ujka,170728,1998-08-27,46.82,15,0,5600.67,119.62,939.53,356.47,32.0,107.47,6.07,463.93,38.07,28.74,30.7,29.99,32.27,66.87,2.73,52.4,10.73,1.93,0.82,0.9,0.53,1.58,,27.47,1.73,2.69
1194,Jupiler Pro League (BE),Nikolas Sattlberger,N. Sattlberger,174310,2004-01-18,49.25,24,1,6043.0,122.7,888.38,256.38,22.25,62.67,3.67,319.04,25.92,26.98,29.6,28.22,31.3,65.96,1.79,58.25,6.67,1.17,0.78,0.84,0.17,1.57,,19.0,1.95,2.72
1194,Jupiler Pro League (BE),Besfort Zeneli,B. Zeneli,174380,2002-11-21,55.61,15,0,7213.27,129.72,1401.73,545.53,46.53,132.33,7.67,677.87,54.2,28.26,29.42,29.86,31.23,74.07,3.07,58.53,11.0,2.07,0.76,0.79,0.27,1.76,,37.47,1.91,2.91
1194,Jupiler Pro League (BE),Mohamed Salah El Boukammiri,M. El Boukammiri,174790,2004-05-27,34.38,2,0,4214.0,122.59,729.5,343.0,32.5,171.0,8.5,514.0,41.0,29.9,29.9,30.95,,47.5,2.5,35.5,7.0,2.5,,,0.0,,,21.5,,
1194,Jupiler Pro League (BE),Massimo Decoene,M. Decoene,174792,2004-02-11,40.6,7,1,4614.14,113.64,669.71,262.43,23.57,120.57,5.57,383.0,29.14,29.53,31.06,30.67,32.37,47.57,2.57,40.71,5.71,1.57,0.71,0.72,0.71,1.4,1.4,14.71,2.65,2.74
1194,Jupiler Pro League (BE),Nachon Nsingi,N. Nsingi,174793,2001-04-24,24.65,16,0,3014.75,122.32,442.94,176.5,18.5,82.44,4.25,258.94,22.75,30.21,31.36,31.09,32.63,27.56,1.94,22.0,3.94,1.44,0.6,0.6,0.69,1.2,1.56,14.0,2.02,2.99
1194,Jupiler Pro League (BE),Jérémy Pétris,J. Pétris,175257,1998-01-28,83.44,5,0,8615.0,103.24,1083.0,496.8,52.0,257.6,12.0,754.4,64.0,30.6,30.6,31.98,33.5,92.2,5.8,74.8,13.8,4.8,0.67,0.76,2.0,1.24,,33.8,2.28,
1194,Jupiler Pro League (BE),Matte Smets,M. Smets,176456,2004-01-04,99.28,39,0,10694.64,107.72,1246.69,419.9,40.67,124.82,7.59,544.72,48.26,28.43,31.3,30.22,33.17,115.64,4.95,92.38,12.15,3.36,0.58,0.66,1.05,1.19,1.22,28.82,1.99,2.73
1194,Jupiler Pro League (BE),Yaimar Abel Medina Ortiz,Y. Medina,176739,2004-11-05,61.27,27,0,6968.85,113.74,937.63,390.15,41.15,167.11,9.63,557.26,50.78,29.57,31.94,30.86,33.47,79.96,5.33,66.04,14.78,3.7,0.57,0.61,1.26,1.11,1.11,24.89,2.08,2.68
1194,Jupiler Pro League (BE),Adrián José Palacios Hernández,A. Palacios,178743,2004-06-07,34.39,10,1,3818.5,111.05,522.6,203.2,20.5,70.3,3.9,273.5,24.4,26.86,29.26,28.08,31.23,44.5,2.8,33.7,6.2,1.9,0.78,0.8,0.6,1.52,,13.9,2.48,2.92
1194,Jupiler Pro League (BE),Mohammed Gadaf Fuseini,M. Fuseini,178840,2002-05-16,33.12,21,0,3540.71,106.91,449.57,204.67,25.86,121.38,6.62,326.05,32.48,31.28,33.28,31.77,34.17,42.52,4.0,32.19,8.29,3.29,0.61,0.61,1.62,1.17,1.26,16.0,1.87,2.69
1194,Jupiler Pro League (BE),Etienne Camara,E. Camara,179276,2003-03-30,85.89,38,0,11104.39,129.29,2277.89,651.39,56.29,103.11,7.13,754.5,63.42,26.88,29.06,29.3,31.47,120.95,4.11,106.39,13.58,2.24,0.65,0.7,0.55,1.44,1.44,50.55,1.87,2.55
1194,Jupiler Pro League (BE),Steve Ngoura,S. Ngoura,179508,2005-02-22,65.77,34,0,7120.74,108.28,907.68,392.59,41.97,153.06,8.88,545.65,50.85,29.91,31.6,31.35,33.4,74.29,5.82,60.21,10.53,4.29,0.58,0.69,1.47,1.21,1.32,32.18,1.82,2.79
1194,Jupiler Pro League (BE),Yasin Özcan,Y. Özcan,180411,2006-04-20,38.31,4,0,3978.5,103.85,489.5,192.0,18.25,78.0,4.5,270.0,22.75,29.23,29.23,29.8,30.77,44.75,2.75,37.0,5.25,1.0,,,0.0,,,15.5,2.7,
1194,Jupiler Pro League (BE),Tochukwu Nnadi,T. Nnadi,180745,2003-06-30,85.97,18,0,9951.06,115.74,1591.0,451.0,42.94,100.61,6.06,551.61,49.0,27.65,30.04,29.59,32.3,120.94,4.61,102.0,16.11,2.28,0.64,0.79,0.33,1.41,1.93,34.56,1.95,2.76
1194,Jupiler Pro League (BE),Stavros Gavriel,S. Gavriel,180863,2002-01-29,36.61,20,2,4321.4,118.04,668.05,314.4,29.85,98.85,5.55,413.25,35.4,29.29,31.38,30.29,33.03,49.9,4.3,40.7,8.85,3.35,0.61,0.67,0.8,1.19,1.32,18.5,1.98,2.78
1194,Jupiler Pro League (BE),Jakob Napoleon Romsaas,J. Romsaas,181063,2004-05-16,53.28,37,0,6866.43,128.88,1343.51,486.08,39.57,81.92,5.54,568.0,45.11,26.99,29.32,28.68,31.03,72.19,2.46,61.95,9.41,1.54,0.69,0.72,0.41,1.34,1.7,31.76,1.86,2.55
1194,Jupiler Pro League (BE),Parfait Guiagon,P. Guiagon,182529,2001-02-22,83.38,33,0,9520.21,114.18,1503.61,515.73,48.76,113.73,7.7,629.45,56.45,27.18,29.18,29.23,31.57,107.21,4.88,88.3,14.58,3.48,0.65,0.66,0.76,1.31,1.38,37.76,1.9,2.58
1194,Jupiler Pro League (BE),Mauricio Leonel Benítez,M. Benítez,223843,2004-02-03,67.56,25,2,8139.2,120.47,1326.8,360.56,30.28,55.56,3.44,416.12,33.72,26.24,28.82,27.87,31.27,80.12,2.56,67.28,10.88,1.36,0.67,0.73,0.32,1.52,,34.72,1.86,2.69
1194,Jupiler Pro League (BE),Seiji Kimura,S. Kimura,254432,2001-08-24,96.44,21,0,10355.33,107.38,1388.43,535.05,51.19,184.57,10.62,719.62,61.81,30.08,32.94,31.8,34.03,110.76,7.0,87.24,14.19,5.33,0.62,0.69,1.43,1.21,1.36,30.24,1.87,2.82
1194,Jupiler Pro League (BE),Taiga Hata,T. Hata,254480,2002-01-20,83.48,31,1,9737.65,116.65,1548.68,724.19,64.84,244.61,14.19,968.81,79.03,29.19,31.24,30.91,33.13,108.74,8.81,97.23,16.29,6.81,0.57,0.61,2.42,1.26,1.27,32.29,1.95,2.67
1194,Jupiler Pro League (BE),Isa Sakamoto,I. Sakamoto,254506,2003-08-26,83.57,37,1,10165.7,121.64,1773.43,670.86,61.84,160.57,10.41,831.43,72.24,27.96,30.02,29.94,32.07,112.46,5.49,96.35,13.14,3.35,0.56,0.59,1.16,1.27,1.31,59.89,1.73,2.57
1194,Jupiler Pro League (BE),Rihito Yamamoto,R. Yamamoto,291473,2001-12-12,94.6,37,1,11723.43,123.93,2138.62,927.38,75.3,176.89,11.27,1104.27,86.57,27.58,29.56,29.81,32.1,130.32,5.27,110.65,17.78,3.51,0.62,0.67,0.78,1.37,1.64,51.62,1.97,2.67
1194,Jupiler Pro League (BE),Aleksandar Stanković,A. Stanković,292858,2005-08-03,87.16,39,0,10550.97,121.05,1680.82,557.97,46.54,133.62,7.23,691.59,53.77,27.88,30.12,30.04,32.5,97.56,3.59,86.64,10.1,2.54,0.63,0.77,0.64,1.36,1.56,35.08,1.84,2.64
1194,Jupiler Pro League (BE),Josimar Angelo Alcócer McCook,J. Alcócer,301578,2004-07-07,82.09,34,1,9091.06,110.74,1293.68,568.68,61.74,309.09,14.91,877.76,76.65,31.98,34.14,33.28,35.47,97.03,7.79,78.47,20.47,5.82,0.56,0.62,2.53,1.12,1.2,35.53,1.79,2.5
1194,Jupiler Pro League (BE),Lawrence Agyekum,L. Agyekum,311623,2003-11-23,69.85,29,0,8298.97,118.82,1386.21,533.76,48.17,140.55,8.21,674.31,56.38,28.81,31.92,30.86,33.83,89.62,5.79,74.21,14.34,4.24,0.57,0.58,1.14,1.22,1.41,36.48,1.86,2.53
1194,Jupiler Pro League (BE),Jovan  Mijatović,J. Mijatović,324070,2005-07-11,53.31,13,0,5756.23,107.97,768.23,358.92,34.85,151.23,7.31,510.15,42.15,29.55,30.8,30.52,32.5,61.23,4.31,51.85,9.46,2.62,0.72,0.73,0.77,1.41,1.63,21.0,1.88,3.01
1194,Jupiler Pro League (BE),Carlos Roberto Forbs Borges,Carlos Forbs,365771,2004-03-19,80.69,37,0,8816.03,109.25,1193.59,585.97,63.38,311.27,16.11,897.24,79.49,31.66,33.46,33.12,34.87,92.3,9.92,74.49,19.62,7.81,0.55,0.61,3.68,1.03,1.11,45.95,1.87,2.51
1194,Jupiler Pro League (BE),Darío  Benavides Fuentes,Darío Benavides,365801,2003-01-12,54.58,19,1,6564.53,120.28,1048.37,445.26,36.84,126.16,6.79,571.42,43.63,28.31,30.0,29.51,31.2,70.11,4.42,58.79,10.89,2.79,0.65,0.69,0.68,1.42,1.42,24.37,1.83,2.76
1194,Jupiler Pro League (BE),Hyeon-Gyu Oh,Oh Hyeon-Gyu,379646,2001-04-12,61.53,20,0,6575.2,106.87,851.45,433.6,45.1,177.85,9.85,611.45,54.95,30.12,31.96,31.36,33.4,77.35,5.6,64.75,11.6,3.75,0.63,0.66,1.05,1.26,1.43,31.35,1.91,2.89
1194,Jupiler Pro League (BE),Kevin José Rodríguez Cortéz,K. Rodríguez,433078,2000-03-04,63.36,31,0,7465.0,117.82,1094.52,482.55,48.94,192.87,10.61,675.42,59.55,29.95,32.06,31.5,33.4,81.77,7.32,64.68,15.13,5.52,0.57,0.59,1.81,1.1,1.21,38.48,1.88,2.68
1194,Jupiler Pro League (BE),Léandre Filipe Kuavita,L. Kuavita,483331,2004-05-31,31.02,13,0,3741.08,120.59,676.0,299.77,25.54,78.38,4.85,378.15,30.38,27.68,29.28,29.09,30.5,46.23,3.08,38.08,6.31,1.85,0.61,0.61,0.69,1.31,1.45,21.15,1.89,2.64
1194,Jupiler Pro League (BE),Aimé Omgba,A. Omgba,501968,2002-10-22,27.49,19,1,3484.32,126.76,672.79,282.63,25.68,85.42,5.05,368.05,30.74,29.49,31.86,30.74,33.17,44.0,2.42,35.37,7.05,1.95,0.68,0.72,0.63,1.42,,18.21,2.06,2.83
1194,Jupiler Pro League (BE),Bill Antonio,B. Antonio,503424,2002-09-03,42.42,32,1,4772.06,112.5,694.06,356.03,36.44,187.19,9.09,543.22,45.53,30.93,33.14,31.93,33.9,52.16,5.94,41.69,12.91,4.78,0.61,0.61,1.72,1.14,1.2,25.25,1.87,2.52
1194,Jupiler Pro League (BE),Bilal Bafdili,B. Bafdili,503425,2004-08-03,50.59,19,0,6150.47,121.58,959.05,372.47,34.84,131.89,6.47,504.37,41.32,28.87,31.14,29.99,32.63,60.42,2.68,48.68,7.95,1.84,0.77,0.79,0.42,1.47,2.0,26.79,1.93,2.87
1194,Jupiler Pro League (BE),Tobias Hedl,T. Hedl,507777,2003-01-15,35.92,11,0,3973.27,110.62,522.09,266.0,26.91,102.0,6.36,368.0,33.27,30.13,31.46,31.03,32.53,43.27,3.82,33.09,8.82,2.73,0.61,0.72,1.09,1.15,,21.18,1.96,2.95
1194,Jupiler Pro League (BE),Oluwaseun Adewumi,O. Adewumi,507805,2005-02-23,55.28,32,0,6349.47,114.86,938.59,441.0,45.25,176.66,10.22,617.66,55.47,29.85,33.18,31.3,34.6,72.91,6.59,57.34,15.56,4.88,0.57,0.59,1.81,1.14,1.23,29.72,1.86,2.64
1194,Jupiler Pro League (BE),Anan Khalaili,A. Khalaili,514530,2004-09-03,87.84,38,0,9410.89,107.14,1207.0,554.61,56.82,278.89,13.71,833.5,70.53,31.33,33.58,32.45,34.57,106.05,8.47,89.66,20.11,6.45,0.55,0.56,2.95,1.06,1.09,33.79,1.83,2.57
1194,Jupiler Pro League (BE),Arthur Piedfort,A. Piedfort,514749,2005-02-01,89.06,35,1,10796.74,121.23,1724.17,608.8,54.37,177.74,9.86,786.54,64.23,28.76,30.66,30.89,32.93,105.46,4.51,91.14,12.2,3.11,0.58,0.63,0.77,1.15,1.21,37.83,1.8,2.5
1194,Jupiler Pro League (BE),Max Dean,M. Dean,521206,2004-02-21,56.34,23,0,6804.7,120.78,1038.91,405.52,37.57,112.0,6.35,517.52,43.91,27.84,29.78,29.24,31.3,70.61,4.04,56.04,9.96,3.04,0.7,0.73,1.0,1.41,1.49,33.09,1.98,2.85
1194,Jupiler Pro League (BE),Cheick Keita,C. Keita,550448,2003-04-02,94.2,40,0,9907.85,105.18,1219.0,420.18,42.27,144.22,8.07,564.4,50.35,29.78,32.54,31.7,34.33,112.08,5.72,89.72,14.45,4.3,0.64,0.65,1.57,1.19,1.2,29.7,1.93,2.68
1194,Jupiler Pro League (BE),Edan Diop,E. Diop,560154,2004-08-28,85.97,33,0,10159.91,118.18,1606.0,610.58,58.15,186.94,11.85,797.52,70.0,28.7,30.6,30.67,33.27,108.73,7.55,87.45,15.97,5.15,0.62,0.65,1.76,1.14,1.25,46.7,1.83,2.6
1194,Jupiler Pro League (BE),Joaquin Seys,J. Seys,564770,2005-03-28,82.99,39,0,9587.64,115.53,1469.92,643.1,62.9,259.67,14.03,902.77,76.92,29.92,32.32,31.42,33.37,109.59,7.67,92.56,18.82,5.67,0.59,0.61,2.15,1.12,1.24,42.95,1.78,2.61
1194,Jupiler Pro League (BE),Sam De Grand,S. de Grand,564773,2004-10-05,99.86,2,0,11216.5,112.32,1507.0,458.5,45.5,152.0,8.5,610.5,54.0,28.45,28.45,30.1,,108.0,6.0,98.5,12.0,3.5,,,0.0,,,32.0,,
1194,Jupiler Pro League (BE),Josue Ndenge Kongolo,J. Kongolo,564774,2006-04-13,82.67,15,1,8968.93,108.49,1252.53,472.13,44.53,148.07,8.6,620.2,53.13,28.88,30.36,30.74,32.6,109.47,6.6,85.53,13.93,4.53,0.62,0.66,1.33,1.36,1.45,35.4,1.82,2.63
1194,Jupiler Pro League (BE),Thomas Claes,T. Claes,564776,2004-03-26,91.36,32,2,10727.12,117.41,1766.19,578.38,50.28,118.19,6.72,696.56,57.0,27.27,29.24,29.48,31.4,118.44,4.03,103.22,10.97,2.34,0.63,0.66,0.53,1.32,1.34,36.94,1.94,2.59
1194,Jupiler Pro League (BE),Joedrick Pupe,J. Pupe,564779,1997-06-04,71.19,12,0,8752.5,122.94,1502.42,631.5,54.33,186.42,11.5,817.92,65.83,29.04,30.36,30.55,32.37,100.42,5.58,80.33,13.25,3.75,0.69,0.76,1.0,1.42,1.5,34.17,1.97,2.7
1194,Jupiler Pro League (BE),Kaye Furo tamuno iyowuna,K. Furo,564798,2007-02-06,27.1,5,0,2716.6,100.24,369.6,161.6,20.0,83.4,5.2,245.0,25.2,29.56,29.56,30.32,31.97,31.2,2.8,21.8,5.4,2.0,0.8,0.93,1.0,1.68,,12.8,2.22,
1194,Jupiler Pro League (BE),Amine Boukamir,A. Boukamir,569965,2006-10-23,69.73,7,0,8699.71,124.76,1510.0,437.57,40.14,78.14,4.86,515.71,45.0,26.6,27.14,28.24,29.53,87.0,2.0,80.0,9.0,1.29,0.86,,0.29,,,29.71,2.17,2.88
1194,Jupiler Pro League (BE),Davis Opoku,D. Opoku,569966,2007-10-29,48.68,19,1,5452.16,111.99,771.89,334.58,32.58,127.11,7.16,461.68,39.74,29.44,30.84,30.49,32.3,57.58,3.84,48.11,9.0,2.63,0.63,0.63,0.68,1.28,,18.95,1.92,2.7
1194,Jupiler Pro League (BE),Nathan-Dylan Saliba,N. Saliba,574567,2004-02-07,74.86,34,0,9208.74,123.01,1647.29,537.71,46.94,135.18,7.62,672.88,54.56,28.53,30.54,30.26,32.77,94.56,2.94,79.06,10.5,2.26,0.64,0.64,0.65,1.25,1.26,43.03,1.95,2.66
1194,Jupiler Pro League (BE),Gerard Vandeplas,G. Vandeplas,579710,2006-02-25,31.9,18,1,3939.0,123.49,609.5,281.39,27.17,127.89,6.44,409.28,33.61,30.23,32.24,31.09,33.27,41.44,3.33,34.78,6.33,2.33,0.7,0.72,0.89,1.34,1.48,21.0,1.87,2.56
1194,Jupiler Pro League (BE),Nikola Mituljikić,N. Mituljikić,583483,2003-01-20,27.15,2,0,3358.0,123.68,585.0,221.5,22.5,57.0,3.5,278.5,26.0,29.0,29.0,30.25,,42.5,3.5,32.0,8.0,2.5,,,1.0,,,16.5,,
1194,Jupiler Pro League (BE),Ibrahima Sory Bangoura,I. Bangoura,584972,2004-01-05,58.84,28,0,6751.46,114.75,894.61,263.79,24.36,59.11,3.57,322.89,27.93,26.97,29.54,28.31,31.23,68.79,2.54,60.0,8.21,1.43,0.62,0.64,0.29,1.21,1.33,17.86,1.97,2.69
1194,Jupiler Pro League (BE),Nils De Wilde,N. De Wilde,584974,2003-01-27,17.51,9,1,2015.67,115.13,340.0,153.33,14.56,55.44,2.89,208.78,17.44,28.96,30.08,29.41,31.27,23.22,1.22,19.78,3.22,0.78,0.85,0.95,0.22,,,9.11,2.27,
1194,Jupiler Pro League (BE),Amando Lapage,A. Lapage,584976,2004-11-08,86.72,16,0,9393.94,108.33,1211.0,489.81,45.38,162.06,10.0,651.88,55.38,28.71,30.12,30.13,31.67,101.12,5.56,75.75,13.62,4.38,0.69,0.73,1.69,1.34,1.4,23.38,2.1,3.08
1194,Jupiler Pro League (BE),Ali Maamar,A. Maamar,584981,2005-03-23,61.77,25,0,7303.36,118.24,1169.8,522.4,49.32,211.28,11.92,733.68,61.24,28.64,31.02,29.9,32.03,84.72,5.88,69.84,15.52,4.68,0.66,0.68,1.64,1.41,1.44,36.6,1.96,2.71
1194,Jupiler Pro League (BE),Ilay Camara,I. Camara,584982,2003-01-18,57.26,25,0,7274.36,127.04,1197.76,594.64,51.76,223.48,12.24,818.12,64.0,29.67,31.4,30.94,32.77,76.24,5.12,62.68,12.12,4.12,0.66,0.69,1.44,1.26,1.39,36.32,2.03,2.68
1194,Jupiler Pro League (BE),Charles Chukwubuikem Ikwuemesi,C. Ikwuemesi,586396,2001-08-05,59.49,33,0,6377.39,107.2,802.88,362.21,39.15,144.91,8.36,507.12,47.52,29.82,32.24,30.94,33.13,66.88,7.0,53.36,12.85,5.45,0.58,0.63,2.12,1.2,1.28,25.18,1.85,2.81
1194,Jupiler Pro League (BE),Adriano Bertaccini,A. Bertaccini,586540,2000-08-13,53.1,33,0,6056.82,114.07,862.39,377.82,38.82,149.48,8.67,527.3,47.48,29.62,32.36,30.78,33.27,65.55,4.94,53.42,12.12,3.55,0.61,0.61,1.52,1.24,1.24,26.64,1.81,2.6
1194,Jupiler Pro League (BE),Thérence Koudou,T. Koudou,590889,2004-12-13,89.26,37,0,10559.14,118.29,1645.65,700.59,62.7,234.62,13.11,935.22,75.81,28.88,30.72,30.91,32.47,116.78,9.24,98.19,19.35,6.81,0.58,0.58,1.73,1.23,1.28,41.14,1.97,2.64
1194,Jupiler Pro League (BE),Freddy Situmona Mbemba,F. Mbemba,593979,2002-12-16,13.58,2,0,1797.5,132.33,334.0,173.0,13.5,48.5,3.5,221.5,17.0,27.25,27.25,27.8,,19.5,1.5,12.0,4.0,0.5,,,0.5,,,9.5,,
1194,Jupiler Pro League (BE),Gora Diouf,G. Diouf,599697,2003-09-20,58.95,18,0,6004.5,101.86,676.5,215.33,23.28,69.44,4.56,284.78,27.83,28.24,30.32,29.42,31.37,67.72,3.0,51.78,7.89,2.06,0.68,0.74,0.83,1.15,,15.56,2.02,2.8
1194,Jupiler Pro League (BE),Ayumu Yokoyama,A. Yokoyama,606626,2003-03-04,49.16,9,0,5790.0,117.78,927.33,368.89,34.0,107.44,6.78,476.33,40.78,28.48,29.58,29.64,31.43,62.0,4.78,53.56,9.22,3.44,0.6,0.62,1.22,1.27,1.41,26.44,2.07,2.79
1194,Jupiler Pro League (BE),Ryotaro Ito,R. Ito,606986,1998-02-06,87.13,34,1,10164.62,116.67,1513.24,454.0,40.38,90.91,4.82,544.91,45.21,26.97,29.28,28.86,31.17,99.94,3.88,85.15,10.06,2.68,0.69,0.73,0.47,1.4,1.64,34.53,1.87,2.73
1194,Jupiler Pro League (BE),Aaron Le Forestier Banind Bibout,A. Bibout,630145,2004-09-03,60.61,21,0,6422.29,105.97,789.24,365.1,38.19,143.38,8.0,508.48,46.19,29.9,31.54,31.08,33.17,73.05,5.48,58.14,14.57,3.71,0.65,0.71,1.19,1.29,1.4,23.52,1.97,2.78
1194,Jupiler Pro League (BE),Ousseynou Niang,O. Niang,630682,2001-10-12,65.17,27,0,7478.7,114.76,1142.26,526.78,49.85,238.07,11.96,764.85,61.81,30.27,32.58,31.62,34.17,84.78,6.56,68.33,14.74,5.07,0.59,0.59,1.78,1.2,1.23,29.44,1.96,2.69
1194,Jupiler Pro League (BE),Samuel Kotto,S. Kotto,634268,2003-09-03,67.01,8,0,7521.38,112.25,1040.88,303.38,30.88,114.12,6.0,417.5,36.88,28.76,30.1,29.79,31.63,82.75,3.5,70.12,9.12,2.25,0.73,,1.5,1.55,,22.0,2.19,3.03
1194,Jupiler Pro League (BE),Wilguens Raphael Polynice Paugain,W. Paugain,635478,2001-08-24,59.55,23,1,6883.17,115.58,1068.87,433.39,40.26,132.65,8.17,566.04,48.43,29.04,31.54,30.53,33.23,78.91,6.04,66.7,15.39,4.13,0.57,0.58,1.09,1.11,1.11,28.26,2.13,2.59
1194,Jupiler Pro League (BE),Maksim Kireev,M. Kireev,637376,2004-07-09,28.46,13,0,3367.23,118.33,537.15,208.08,18.08,55.15,3.23,263.23,21.31,27.55,29.54,28.55,31.43,32.69,2.62,26.08,4.38,1.92,0.77,0.8,0.46,1.83,,20.08,1.95,2.82
1194,Jupiler Pro League (BE),Moctar Diop,M. Diop,639842,2005-01-06,15.47,3,0,1597.33,103.28,205.67,64.67,6.67,14.33,1.0,79.0,7.67,26.6,26.6,27.2,27.2,16.33,1.33,12.67,3.33,0.67,,,0.0,,,8.0,,
1194,Jupiler Pro League (BE),Konstantinos Karetsas,K. Karetsas,644194,2007-11-19,71.46,34,0,8538.74,119.49,1374.62,571.18,53.91,171.24,10.35,742.41,64.26,28.79,31.42,30.39,32.83,94.15,5.82,79.94,15.06,3.88,0.62,0.68,1.44,1.14,1.23,43.82,1.83,2.47
1194,Jupiler Pro League (BE),Mahamadou Diawara,M. Diawara,644203,2005-02-17,52.7,8,0,6385.62,121.17,970.88,313.62,27.38,97.38,4.0,411.0,31.38,29.05,29.82,30.69,32.17,63.12,2.38,53.62,6.38,2.12,0.66,0.85,0.25,,,22.0,2.39,2.98
1194,Jupiler Pro League (BE),Raymond Asante,R. Asante,644244,2004-05-27,14.51,2,0,1841.5,126.93,407.0,145.0,13.0,22.0,1.5,167.0,14.5,28.45,28.45,28.9,,19.0,0.5,13.0,4.5,0.5,,,0.5,,,14.0,,
1194,Jupiler Pro League (BE),Clinton Nsiala-Makengo,C. Nsiala,644279,2004-01-17,59.88,3,1,6780.0,113.22,946.0,334.33,31.67,74.0,4.67,408.33,36.33,26.8,26.8,28.5,28.5,72.0,3.33,59.33,12.0,2.33,,,1.33,,,32.0,2.35,
1194,Jupiler Pro League (BE),Malick Mbaye,M. Mbaye,652408,2004-04-06,16.24,6,0,1876.83,115.56,279.5,125.83,12.33,66.83,2.83,192.67,15.17,29.77,30.72,30.15,32.7,17.83,2.0,13.67,2.83,1.5,0.67,,1.0,1.45,,6.83,2.76,
1194,Jupiler Pro League (BE),Charles Herrmann,C. Herrmann,663375,2006-01-21,21.68,4,0,2647.5,122.1,487.25,203.0,18.25,48.25,2.75,251.25,21.0,28.73,28.73,29.55,30.0,28.5,1.5,22.25,4.25,1.0,0.96,,0.25,,,12.75,2.27,2.94
1194,Jupiler Pro League (BE),Mihajlo  Cvetković,M. Cvetković,671635,2007-01-10,62.53,29,0,6926.59,110.77,1012.24,446.97,43.38,149.41,8.79,596.38,52.17,28.97,30.78,30.19,32.3,75.83,5.79,63.97,12.97,4.1,0.58,0.66,1.38,1.17,1.33,33.79,1.8,2.69
1194,Jupiler Pro League (BE),Mamadou Diakhon,M. Diakhon,676631,2005-09-22,40.44,23,0,4387.65,108.49,658.87,283.13,29.7,128.3,6.3,411.43,36.0,29.69,32.0,30.73,33.3,50.35,4.09,38.65,9.3,3.48,0.65,0.73,1.35,1.24,1.43,22.61,2.04,2.58
1194,Jupiler Pro League (BE),Benjamin Chiemela Fredrick,B. Fredrick,698158,2005-05-28,66.75,14,0,7393.93,110.76,1065.29,398.86,38.86,154.29,8.43,553.14,47.29,29.17,30.76,30.69,32.5,90.21,6.43,76.64,13.07,4.5,0.6,0.65,1.71,1.1,1.45,22.5,2.11,2.78
1194,Jupiler Pro League (BE),Oumar Diouf,O. Diouf,698182,2003-05-15,19.08,13,3,2022.15,105.98,292.31,138.92,13.54,38.46,2.0,177.38,15.54,27.73,29.46,28.52,30.63,22.31,1.92,17.23,4.38,1.54,0.7,0.77,0.46,1.5,,11.77,2.11,2.83
1194,Jupiler Pro League (BE),Lautaro López,L. López,716806,2005-03-30,57.13,2,0,7283.0,127.47,1301.0,370.0,34.5,43.5,3.0,413.5,37.5,26.5,26.5,29.15,,82.0,3.0,75.0,7.5,1.5,,,0.0,,,25.5,,
1194,Jupiler Pro League (BE),Tristan Degreef,T. Degreef,720124,2005-01-19,63.66,33,1,7605.36,119.46,1125.58,453.58,41.61,134.06,7.82,587.64,49.42,28.75,31.18,30.13,32.57,71.88,4.09,58.82,11.45,3.18,0.62,0.62,0.79,1.28,1.31,33.48,1.81,2.62
1194,Jupiler Pro League (BE),Enrique Lofolomo,E. Lofolomo,726996,2000-04-14,65.24,21,1,7401.86,113.46,1055.95,277.95,25.05,50.43,3.24,328.38,28.29,26.94,29.48,28.67,31.77,75.05,2.71,64.1,9.24,1.29,0.69,0.69,0.38,1.42,,22.95,1.9,2.94
1194,Jupiler Pro League (BE),Kaito Matsuzawa,K. Matsuzawa,727063,2001-02-05,29.87,30,2,3421.93,114.57,610.6,266.0,26.4,92.73,4.97,358.73,31.37,28.88,31.4,29.87,32.47,41.67,3.8,33.87,7.07,2.97,0.64,0.65,1.17,1.2,1.23,18.73,2.02,2.68
1194,Jupiler Pro League (BE),Keisuke Goto,K. Goto,727116,2005-06-03,82.21,37,1,9217.16,112.12,1371.92,678.03,67.49,241.24,14.78,919.27,82.27,29.38,31.56,31.05,33.73,110.81,10.76,92.24,21.81,7.68,0.58,0.62,2.35,1.25,1.35,58.65,1.84,2.5
1194,Jupiler Pro League (BE),Emran Gamal Marwan Soglo,E. Soglo,729187,2005-07-11,64.23,17,1,7301.47,113.68,1109.35,443.76,41.82,133.18,7.88,576.94,49.71,28.25,29.78,29.93,31.93,86.76,7.12,71.76,17.53,5.29,0.62,0.64,1.35,1.28,1.31,30.59,2.05,2.6
1194,Jupiler Pro League (BE),Hélio Sandro  Oliveira Alves Varela,Hélio Varela,731477,2002-05-03,57.7,3,0,6961.33,120.65,1045.33,529.67,50.33,197.33,11.67,727.0,62.0,31.63,31.63,32.83,32.83,79.0,6.33,70.0,13.0,4.67,0.66,0.75,2.33,1.8,1.92,30.67,2.32,2.96
1194,Jupiler Pro League (BE),Henok Teklab,H. Teklab,737128,1998-11-16,70.87,25,0,8398.84,118.51,1352.36,624.28,55.28,206.12,12.0,830.4,67.28,28.53,30.26,30.07,31.93,97.64,6.72,79.0,18.48,4.76,0.65,0.68,2.0,1.34,1.45,39.2,1.84,2.51
1194,Jupiler Pro League (BE),Marwan Al Sahafi,Marwan Al Sahafi,737573,2004-02-17,60.41,23,1,7208.13,119.32,1047.83,498.22,53.83,225.35,13.35,723.57,67.17,30.56,31.96,32.0,33.7,73.17,7.52,61.83,11.74,6.22,0.59,0.6,2.91,1.07,1.1,40.83,1.91,2.46
1194,Jupiler Pro League (BE),Shandre Campbell,S. Campbell,740253,2005-07-15,14.9,11,0,1719.0,115.37,301.64,138.36,14.18,49.82,3.09,188.18,17.27,28.44,29.94,28.85,31.03,22.73,2.09,17.18,5.18,1.0,0.78,0.78,0.18,,,12.09,2.14,2.81
1194,Jupiler Pro League (BE),Desmond Acquah,D. Acquah,743143,2002-07-23,30.04,13,0,3448.15,114.78,568.85,197.08,19.23,44.15,2.69,241.23,21.92,27.18,28.8,28.17,30.37,45.46,2.62,36.92,6.69,1.62,0.65,0.65,0.46,1.16,,18.08,2.07,2.82
1194,Jupiler Pro League (BE),Antonio José Cordero Campillo,Antonio Cordero,752458,2006-11-14,20.22,6,1,2454.5,121.39,423.17,179.83,17.17,95.0,4.33,274.83,21.5,29.32,30.06,29.92,32.1,29.0,1.83,24.83,3.83,1.67,0.75,0.8,1.0,1.54,,14.5,2.31,3.22
1194,Jupiler Pro League (BE),Luc rollet De Fougerolles,L. De Fougerolles,760683,2005-10-12,66.33,28,0,7442.5,112.21,1016.82,359.36,33.21,107.25,6.14,466.61,39.36,28.11,30.24,29.42,32.0,76.32,4.18,62.82,8.89,2.75,0.59,0.59,0.89,1.24,1.36,25.79,1.94,2.7
1194,Jupiler Pro League (BE),Ignacio Ferri Julià,Nacho Ferri,762385,2004-10-05,85.12,35,1,8995.14,105.68,1103.89,554.09,61.43,246.94,14.91,801.03,76.34,30.27,32.4,32.02,34.3,95.03,10.14,78.26,18.66,7.86,0.57,0.59,3.14,1.08,1.1,42.2,1.82,2.67
1194,Jupiler Pro League (BE),Franck Surdez,F. Surdez,769783,2002-05-05,32.02,14,0,4174.79,130.36,730.07,322.07,31.07,148.36,7.86,470.43,38.93,30.5,32.14,31.28,33.43,48.64,3.14,38.07,8.93,2.14,0.69,0.73,0.86,1.38,1.42,25.93,1.91,2.64
1194,Jupiler Pro League (BE),Jeppe Erenbjerg,J. Erenbjerg,771972,2000-04-29,85.34,33,1,10433.33,122.25,1764.21,765.03,70.94,228.67,14.06,993.7,85.0,28.47,30.3,30.52,32.27,117.91,7.24,97.58,18.88,5.52,0.58,0.6,1.76,1.21,1.29,51.52,1.71,2.7
1194,Jupiler Pro League (BE),Eran Tuypens,E. Tuypens,796791,2005-12-07,42.93,8,0,5080.88,118.35,861.38,379.0,34.38,123.75,6.62,502.75,41.0,29.79,31.14,30.59,32.23,59.0,3.25,50.25,11.0,2.25,0.68,0.73,0.75,1.87,,20.0,2.16,2.85
1194,Jupiler Pro League (BE),Yuto  Tsunashima,Y. Tsunashima,798264,2000-08-15,88.11,33,1,9457.85,107.34,1268.09,432.97,37.82,92.94,5.82,525.91,43.64,27.78,30.14,29.52,32.1,101.55,5.64,82.7,11.52,3.64,0.59,0.62,0.73,1.23,1.45,34.58,1.94,2.66
1194,Jupiler Pro League (BE),Ibrahim Kanate,I. Kanate,799234,2006-10-23,23.93,19,0,2724.37,113.83,379.53,200.16,20.74,100.63,5.37,300.79,26.11,30.3,32.84,30.94,33.73,29.16,2.68,22.79,5.84,2.32,0.59,0.6,1.11,1.15,1.22,16.11,2.0,2.57
1194,Jupiler Pro League (BE),Hakim Sahabo,H. Sahabo,800343,2005-06-16,51.25,13,0,6151.77,120.04,1154.92,380.92,32.69,86.15,5.15,467.08,37.85,28.54,30.68,29.92,32.07,71.77,2.92,58.92,8.0,2.0,0.74,0.75,0.46,1.41,,28.08,1.99,2.64
1194,Jupiler Pro League (BE),Robert-Jan Vanwesemael,R. Vanwesemael,801766,2002-03-26,89.59,36,1,10987.5,122.64,1752.25,856.75,80.86,321.42,18.0,1178.17,98.86,29.43,30.88,31.22,33.13,124.11,7.31,104.36,20.14,5.44,0.59,0.6,1.94,1.27,1.33,54.28,1.79,2.56
1194,Jupiler Pro League (BE),Tibe De Vlieger,T. De Vlieger,808969,2005-11-05,72.79,25,0,9227.36,126.77,1717.4,542.0,47.76,92.36,6.72,634.36,54.48,26.9,28.94,28.94,31.17,99.12,4.0,85.36,13.6,2.68,0.69,0.77,0.6,1.28,1.53,42.56,1.94,2.57
1194,Jupiler Pro League (BE),Abdoul Kader Ouattara,A. Ouattara,808998,2005-05-26,36.07,3,0,4147.33,114.97,583.33,265.67,28.33,113.0,6.67,378.67,35.0,29.43,29.43,31.0,31.0,49.67,4.0,42.0,6.0,1.67,,,0.0,,,20.33,2.17,
1194,Jupiler Pro League (BE),Mahamadou Doumbia,M. Doumbia,809015,2004-05-15,95.52,6,0,10556.67,110.52,1600.67,583.83,53.33,146.17,6.83,730.0,60.17,28.3,28.62,30.55,32.1,111.83,4.83,94.17,14.83,3.67,0.6,0.68,0.67,1.48,1.48,42.67,2.04,2.67
1194,Jupiler Pro League (BE),Erick Nunes Barbosa dos Santos,Erick,809827,2004-02-29,25.61,15,0,3230.27,126.14,547.33,254.47,26.2,125.33,6.13,379.8,32.33,30.98,32.76,31.97,34.6,34.73,2.73,27.33,5.67,2.0,0.65,0.73,0.4,1.35,1.51,20.4,1.91,2.73
1194,Jupiler Pro League (BE),Ibrahima Makaya Diaby,I. Diaby,810784,2007-03-17,44.52,26,0,5558.46,124.84,958.15,348.12,30.81,107.69,6.23,455.81,37.04,28.43,31.94,29.63,33.27,60.0,2.5,49.19,8.27,1.88,0.68,0.69,0.58,1.23,1.46,26.15,2.05,2.83
1194,Jupiler Pro League (BE),Afonso Cruz Patrão ,Afonso Patrão,810927,2007-02-03,25.36,11,0,3157.27,124.49,560.82,244.64,22.0,83.45,4.91,328.09,26.91,28.34,29.88,29.2,31.77,36.27,2.36,27.45,6.09,1.73,0.8,0.91,0.82,1.64,1.94,16.82,2.05,2.74
1194,Jupiler Pro League (BE),Christian Akpan,C. Akpan,814467,2005-01-29,95.45,1,0,10308.0,107.99,1293.0,559.0,59.0,224.0,14.0,783.0,73.0,30.3,30.3,32.7,,108.0,5.0,82.0,23.0,3.0,,,1.0,,,41.0,,
1194,Jupiler Pro League (BE),Moyè Christ Souanga,C. Souanga,816752,2006-10-23,95.6,1,0,10498.0,109.81,1335.0,466.0,50.0,175.0,9.0,641.0,59.0,31.4,31.4,33.3,,119.0,5.0,97.0,13.0,3.0,,,2.0,,,33.0,,
1194,Jupiler Pro League (BE),Jakob Kiilerich Rask,J. Kiilerich,817777,2000-05-10,88.28,28,1,9684.39,109.7,1217.14,382.43,35.07,98.96,6.11,481.39,41.18,28.3,30.02,29.94,32.17,108.61,4.46,85.57,10.93,3.14,0.69,0.69,0.82,1.3,1.32,24.61,1.98,2.99
1194,Jupiler Pro League (BE),Mathys Angély,M. Angély,818239,2007-04-21,77.63,4,0,8152.75,105.02,1026.5,273.25,27.25,104.5,5.25,377.75,32.5,29.3,29.3,30.62,31.63,88.5,4.5,76.0,11.0,3.0,0.71,,1.5,1.42,,23.0,2.25,
1194,Jupiler Pro League (BE),Alouis Diriken,A. Diriken,818643,2004-04-01,16.74,6,1,2102.83,125.65,371.17,121.67,11.67,41.83,1.67,163.5,13.33,26.93,27.28,27.7,28.1,23.17,0.67,18.33,3.67,0.33,,,0.17,,,12.17,2.44,
1194,Jupiler Pro League (BE),Emmanuel Kakou,E. Kakou,819000,2005-06-30,79.86,24,0,8641.29,108.2,1117.83,453.0,42.75,162.46,9.54,615.46,52.29,29.86,31.9,31.34,33.5,90.38,5.12,70.92,12.5,3.71,0.6,0.67,1.46,1.24,1.3,25.54,1.86,2.68
1194,Jupiler Pro League (BE),Mamadou Thierno Barry,M. Barry,819333,2005-03-20,35.02,2,0,4023.0,114.86,574.5,201.0,20.5,89.5,5.5,290.5,26.0,25.35,25.35,26.65,,47.5,2.5,34.0,5.5,2.0,,,1.0,,,14.0,,
1194,Jupiler Pro League (BE),Dalangunypole Gomis,D. Gomis,820744,2004-06-28,71.17,1,0,8136.0,114.32,1272.0,561.0,47.0,139.0,8.0,700.0,55.0,29.9,29.9,32.2,,83.0,3.0,67.0,13.0,2.0,,,0.0,,,20.0,,
1194,Jupiler Pro League (BE),Lucas Bretelle,L. Bretelle,820782,2002-04-17,19.6,1,0,2747.0,140.15,503.0,226.0,17.0,37.0,2.0,263.0,19.0,30.0,30.0,30.9,,32.0,1.0,30.0,2.0,1.0,,,0.0,,,15.0,,
1194,Jupiler Pro League (BE),Marc Giger,M. Giger,826824,2004-03-27,36.04,15,1,4272.33,118.53,698.13,306.4,25.8,81.27,4.47,387.67,30.27,28.3,30.34,29.22,31.93,45.4,2.53,36.8,6.47,1.4,0.69,,0.47,1.83,,20.13,2.08,2.87
1194,Jupiler Pro League (BE),Hannes Vernemmen,H. Vernemmen,826958,2005-01-08,23.23,1,0,2421.0,104.2,306.0,122.0,13.0,90.0,3.0,212.0,16.0,32.5,32.5,32.5,,31.0,2.0,26.0,4.0,1.0,,,1.0,,,7.0,,
1194,Jupiler Pro League (BE),Shunsuke Saito,S. Saito,827223,2005-04-26,53.72,17,0,6342.76,118.07,1060.12,467.24,40.41,126.35,7.24,593.59,47.65,28.58,30.64,29.87,32.1,72.29,5.47,56.41,15.06,3.88,0.62,0.62,0.88,1.41,1.41,34.06,1.95,2.64
1194,Jupiler Pro League (BE),Vince Osuji,V. Osuji,834283,2006-04-06,20.6,1,0,1954.0,94.85,214.0,95.0,9.0,64.0,2.0,159.0,11.0,30.0,30.0,30.2,,20.0,1.0,14.0,2.0,0.0,,,0.0,,,3.0,,
1194,Jupiler Pro League (BE),Alama Bayo,A. Bayo,840135,2006-02-02,9.9,4,1,1122.75,113.41,210.25,112.0,10.25,42.0,1.75,154.0,12.0,28.43,28.43,28.93,29.7,13.25,1.0,8.5,2.75,0.75,,,0.25,,,5.5,,
1194,Jupiler Pro League (BE),Promise Oluwatobi Emmanuel David,P. David,840900,2001-07-03,67.4,24,0,6705.21,99.49,775.12,336.92,39.5,154.29,8.5,491.21,48.0,30.14,32.64,31.37,33.77,75.38,8.5,64.21,13.21,6.42,0.56,0.61,2.21,1.16,1.18,26.79,1.9,2.8
1194,Jupiler Pro League (BE),Nathan De Cat,N. De Cat,841024,2008-07-19,82.86,35,1,10075.51,121.6,1702.46,580.6,50.69,148.49,8.46,729.09,59.14,28.31,30.34,30.38,33.07,100.2,3.26,86.57,12.71,1.97,0.66,0.74,0.2,1.73,,42.0,1.9,2.65
1194,Jupiler Pro League (BE),Massamba Sow,M. Sow,841417,2004-06-13,46.24,4,0,4829.75,104.45,659.25,208.25,20.5,39.0,3.25,247.25,23.75,28.0,28.0,29.05,29.6,57.0,2.0,42.25,7.5,1.25,0.93,,0.25,,,15.5,2.6,
1194,Jupiler Pro League (BE),Krzysztof Koton,K. Koton,842548,2003-05-17,37.42,12,1,4728.08,126.37,883.0,356.17,28.5,93.67,5.17,449.83,33.67,28.73,30.18,29.8,31.77,46.17,2.0,36.5,6.58,0.92,0.71,0.71,0.25,1.67,,25.25,1.86,2.75
1194,Jupiler Pro League (BE),Geoffrey Kondo,G. Kondo,861016,2002-05-02,98.12,10,0,10840.3,110.48,1570.8,551.0,51.0,159.9,10.0,710.9,61.0,29.59,30.36,32.08,33.07,120.0,6.9,94.3,14.4,4.7,0.67,0.72,1.5,1.38,1.71,29.2,2.13,2.75
1194,Jupiler Pro League (BE),Ryan Merlen,R. Merlen,865071,2002-05-11,35.33,32,1,4417.09,125.02,704.5,250.03,22.28,66.5,3.88,316.53,26.16,27.65,30.06,28.69,31.13,41.84,1.59,33.97,4.25,1.09,0.61,0.62,0.34,1.57,,16.41,1.96,2.79
1194,Jupiler Pro League (BE),Robin Mirisola,R. Mirisola,869904,2006-12-08,47.76,30,0,5387.2,112.8,737.5,358.53,37.4,144.8,8.37,503.33,45.77,29.53,32.56,30.75,33.9,59.47,5.27,51.47,9.9,3.8,0.6,0.64,1.07,1.2,1.38,26.2,1.83,2.77
1194,Jupiler Pro League (BE),Massiré Sylla,M. Sylla,875225,2005-01-07,54.25,2,1,5774.5,106.44,707.0,251.5,25.0,105.0,5.5,356.5,30.5,25.55,25.55,26.85,,67.5,4.0,53.0,5.0,2.5,,,0.0,,,23.5,,
1194,Jupiler Pro League (BE),Nolan Gillot,N. Gillot,883894,2002-10-31,68.1,21,0,8015.76,117.7,1282.95,566.86,49.14,163.71,9.38,730.57,58.52,28.17,29.24,29.51,31.07,87.48,5.38,70.62,14.76,3.71,0.61,0.79,1.0,1.41,1.59,32.76,2.02,2.69
1194,Jupiler Pro League (BE),Singa Joel Ito,J. Ito,883895,1998-03-27,77.05,32,1,9619.22,124.85,1956.31,573.0,45.22,81.0,5.12,654.0,50.34,26.49,28.84,28.42,30.73,94.56,3.53,82.91,10.5,1.84,0.67,0.67,0.34,1.41,1.81,47.25,1.7,2.55
1194,Jupiler Pro League (BE),Maxence Maisonneuve,M. Maisonneuve,883896,1999-02-11,87.75,29,2,9714.45,110.71,1336.31,474.55,42.45,133.31,7.48,607.86,49.93,27.92,29.84,29.7,31.77,109.1,5.38,84.9,12.17,3.48,0.65,0.7,0.69,1.4,1.58,24.62,1.8,2.65
1194,Jupiler Pro League (BE),Owen Maës,O. Maës,883897,1998-09-24,62.85,21,1,7436.29,118.32,1149.48,489.67,51.48,182.48,10.95,672.14,62.43,29.24,31.2,30.45,32.3,85.38,5.24,66.52,17.33,4.29,0.61,0.64,1.24,1.29,1.32,34.0,1.99,2.69
1194,Jupiler Pro League (BE),Samuel Gueulette,S. Gueulette,883898,2000-05-19,46.81,28,1,5791.75,123.72,1125.57,345.75,27.5,54.5,3.46,400.25,30.96,26.27,28.82,27.9,30.67,67.5,2.64,56.5,8.57,1.29,0.66,0.73,0.21,1.39,,27.46,1.86,2.83
1194,Jupiler Pro League (BE),Djibril Lamego,D. Lamego,883902,2003-02-25,93.99,29,1,10288.76,109.47,1202.21,416.17,43.34,180.59,9.41,596.76,52.76,30.44,33.82,32.11,35.1,109.83,6.38,87.38,11.59,4.66,0.59,0.64,1.86,1.12,1.26,30.59,1.82,2.75
1194,Jupiler Pro League (BE),Mohamed Yaya Guindo,M. Guindo,883903,2003-08-01,48.13,13,1,5385.23,111.89,672.77,303.85,33.92,144.38,7.62,448.23,41.54,29.12,31.58,30.2,33.57,56.92,5.0,46.08,11.23,3.23,0.65,0.7,1.38,1.42,1.48,24.38,2.19,2.69
1194,Jupiler Pro League (BE),Anas Tajaouart,A. Tajaouart,884955,2005-09-07,50.7,1,0,6291.0,124.08,933.0,362.0,32.0,71.0,4.0,433.0,36.0,27.7,27.7,29.8,,78.0,2.0,66.0,7.0,2.0,,,0.0,,,28.0,,
1194,Jupiler Pro League (BE),Nail Moutha-Sebtaoui,N. Moutha-Sebtaoui,884956,2005-11-17,27.21,16,0,3277.94,120.48,567.31,253.56,22.62,77.56,4.38,331.12,27.0,28.73,30.96,29.41,31.73,37.75,2.88,31.19,5.62,1.69,0.65,0.65,0.56,1.39,1.51,15.12,2.27,2.72
1194,Jupiler Pro League (BE),Basile Vroninks,B. Vroninks,884959,2006-11-20,50.43,1,0,5740.0,113.81,706.0,362.0,45.0,228.0,15.0,590.0,60.0,29.4,29.4,30.1,,64.0,4.0,52.0,15.0,4.0,,,2.0,,,22.0,,
1194,Jupiler Pro League (BE),Henry Oware,H. Oware,886032,2004-04-01,22.58,1,0,2364.0,104.68,262.0,40.0,5.0,8.0,1.0,48.0,6.0,26.1,26.1,26.8,,24.0,1.0,22.0,2.0,1.0,,,1.0,,,4.0,,
1194,Jupiler Pro League (BE),Abdoulaye Kinski David Traoré,A. Traoré,887970,2003-06-28,66.5,4,0,7721.0,116.11,1141.5,510.25,49.75,225.0,11.25,735.25,61.0,30.6,30.6,33.15,34.13,76.5,4.75,59.5,13.0,3.75,0.6,0.6,1.75,1.37,1.46,39.5,2.2,3.02
1194,Jupiler Pro League (BE),Benoit Nyssen,B. Nyssen,887971,1997-09-12,70.53,26,2,8602.38,121.96,1438.5,591.27,52.0,184.54,9.85,775.81,61.85,27.75,29.4,29.33,31.67,95.31,5.27,81.62,13.92,3.27,0.65,0.81,0.85,1.35,1.45,37.81,1.97,2.63
1194,Jupiler Pro League (BE),Yannick Cappelle,Y. Cappelle,887973,2003-07-07,75.35,29,1,8642.79,114.7,1294.97,513.07,47.0,164.1,8.72,677.17,55.72,29.24,32.52,30.85,33.87,94.34,5.48,78.55,13.59,3.72,0.61,0.69,1.1,1.16,1.34,33.83,1.94,2.67
1194,Jupiler Pro League (BE),Pape Moussa Fall,M. Fall,889516,2004-07-04,74.19,26,1,8310.81,112.02,1126.62,519.27,50.69,169.19,9.85,688.46,60.54,29.07,31.2,30.66,33.07,84.77,6.73,68.62,11.58,4.42,0.65,0.69,1.5,1.35,1.4,32.38,1.88,2.68
1194,Jupiler Pro League (BE),Maxime Xavier Pau,Maxime Pau,890671,2000-03-31,58.83,13,1,7359.92,125.1,1391.38,551.15,45.23,113.38,7.15,664.54,52.38,27.58,28.74,29.36,30.77,84.46,3.92,67.31,12.54,1.69,0.77,0.77,0.38,1.44,1.45,34.38,2.1,2.67
1194,Jupiler Pro League (BE),Theo Epailly,T. Epailly,902316,1999-02-10,26.6,4,0,3521.5,132.39,646.75,266.5,22.5,75.5,3.25,342.0,25.75,28.27,28.27,29.32,30.37,37.0,1.75,31.25,5.0,1.0,0.79,,0.5,,,15.25,2.41,3.18
1194,Jupiler Pro League (BE),Semm Renders,S. Renders,903825,2007-12-17,59.62,11,1,6985.45,117.16,1068.91,491.27,45.82,201.36,10.82,692.64,56.64,29.8,31.16,31.02,32.67,80.0,6.18,65.36,15.27,4.36,0.68,0.68,1.73,1.32,1.41,31.45,1.91,2.65
1194,Jupiler Pro League (BE),Coba Gomes da Costa,Coba da Costa,904347,2002-07-26,35.68,5,0,3951.8,110.77,565.0,338.6,34.2,192.8,7.2,531.4,41.4,31.8,31.8,32.48,33.53,48.4,4.6,37.8,11.2,3.8,0.67,0.67,1.8,1.2,1.58,24.0,2.11,3.09
1194,Jupiler Pro League (BE),Muhammed Farouck Adekami,F. Adekami,919915,2006-02-13,59.63,21,0,6699.67,112.35,1012.43,423.81,41.81,150.05,9.19,573.86,51.0,29.35,31.88,30.77,33.1,71.19,6.67,57.19,12.81,5.29,0.61,0.64,1.33,1.23,1.32,31.62,1.86,2.57
1194,Jupiler Pro League (BE),Nikolozi Chikovani,N. Chikovani,930453,2007-06-21,,0,1,,,,,,,,,,,,,,,,,,,,,,,,,,
1194,Jupiler Pro League (BE),Andreas Verstraeten,A. Verstraeten,940662,2006-01-10,67.13,15,1,7720.73,115.0,1196.47,457.0,37.07,100.27,6.6,557.27,43.67,27.67,29.42,29.08,31.0,89.47,3.47,67.2,12.33,2.47,0.73,0.73,0.67,1.5,1.52,34.13,1.77,2.71
1194,Jupiler Pro League (BE),Hatim  Essaouabi,H. Essaouabi,940772,2000-12-13,23.61,10,0,2844.7,120.47,408.1,165.1,15.5,57.7,3.5,222.8,19.0,28.25,30.42,29.08,31.9,32.7,1.9,27.1,4.3,1.3,0.76,0.77,0.5,1.32,1.32,11.4,2.03,3.06
1194,Jupiler Pro League (BE),Reda Laalaoui,R. Alaoui,941676,2005-05-11,18.48,3,0,2742.67,148.43,588.0,305.33,25.0,111.33,6.33,416.67,31.33,28.27,28.27,28.97,28.97,31.33,1.33,24.67,4.67,1.33,1.29,,0.33,,,15.33,2.42,
1194,Jupiler Pro League (BE),Dylan Ourega,D. Ourega,956502,2004-10-06,57.6,8,0,6392.62,110.99,902.75,388.88,40.88,161.12,9.62,550.0,50.5,30.57,31.6,31.66,33.2,82.12,5.62,66.25,15.0,4.75,0.68,0.69,2.12,1.29,1.39,22.62,2.06,2.84
1194,Jupiler Pro League (BE),Quentin Benaets,Q. Benaets,958830,2003-08-26,11.78,1,0,1662.0,141.05,339.0,145.0,14.0,100.0,3.0,245.0,17.0,29.7,29.7,30.1,,18.0,2.0,21.0,2.0,2.0,,,0.0,,,5.0,,
1194,Jupiler Pro League (BE),August De Wannemacker,A. De Wannemacker,959238,2008-12-25,18.35,3,1,2342.33,127.65,395.67,129.67,13.0,66.0,2.67,195.67,15.67,28.87,28.87,29.43,29.43,25.0,1.33,22.0,2.67,1.0,0.87,0.87,0.67,,,12.0,2.56,
1194,Jupiler Pro League (BE),Gilles De Meyer,G. De Meyer,967842,2006-09-17,12.03,1,0,1651.0,137.2,231.0,84.0,7.0,3.0,2.0,87.0,9.0,26.8,26.8,27.6,,19.0,1.0,15.0,3.0,1.0,,,0.0,,,10.0,,
1194,Jupiler Pro League (BE),Royer Alejandro Caicedo Gonzalez,R. Caicedo,969271,2006-05-05,41.34,2,0,4810.0,116.35,669.0,263.5,25.5,122.5,6.0,386.0,31.5,29.5,29.5,30.35,,51.5,2.5,42.5,6.0,0.0,,,0.0,,,11.0,,
1194,Jupiler Pro League (BE),Krys Anthony Kouassi,K. Kouassi,969667,2007-03-08,18.18,9,2,1973.22,108.54,292.89,130.44,12.44,37.44,2.22,167.89,14.67,27.74,28.84,28.5,29.77,22.0,1.22,16.44,2.56,0.78,0.77,,0.33,1.85,,9.78,2.36,
1194,Jupiler Pro League (BE),Nziang Jay-David Mbalanda,N. Mbalanda,970137,2007-05-03,10.7,1,0,1280.0,119.63,174.0,88.0,11.0,13.0,2.0,101.0,13.0,27.2,27.2,27.7,,16.0,0.0,12.0,3.0,0.0,,,0.0,,,11.0,,
1194,Jupiler Pro League (BE),Steeven David Assengue Essola,S. Assengue,970592,2005-06-14,24.34,6,0,2736.5,112.43,410.33,147.33,14.67,40.0,2.0,187.33,16.67,28.7,29.38,29.48,31.67,30.67,2.5,27.17,4.33,1.67,0.71,0.71,0.5,1.43,,10.17,2.56,
1194,Jupiler Pro League (BE),Bernardo  Nguene,B. Nguene,971360,2006-08-04,29.62,13,1,3398.15,114.73,519.77,229.23,23.77,96.46,5.31,325.69,29.08,29.81,31.12,30.67,32.7,39.77,3.46,30.92,9.0,2.54,0.76,0.81,1.08,1.36,1.5,15.15,2.1,2.66
1194,Jupiler Pro League (BE),Yoann Cisse,Y. Cisse,972822,2004-12-13,10.28,5,0,1307.2,127.12,247.0,109.2,9.8,40.8,2.4,150.0,12.2,28.78,28.78,29.32,30.27,16.8,1.2,11.4,3.0,0.8,0.71,,0.2,,,7.4,2.25,
1194,Jupiler Pro League (BE),Matteo Heremans,M. Heremans,973147,2006-01-08,51.68,1,0,6083.0,117.7,1041.0,520.0,37.0,191.0,8.0,711.0,45.0,29.2,29.2,31.2,,59.0,4.0,50.0,9.0,4.0,,,1.0,,,30.0,,
1194,Jupiler Pro League (BE),Bo De Kerf,B. De Kerf,975151,2003-11-21,58.17,10,0,6286.3,108.07,862.4,351.0,32.4,130.7,7.5,481.7,39.9,30.11,31.4,31.36,33.97,70.8,5.4,56.3,10.3,4.2,0.67,0.71,1.9,1.4,1.62,22.7,2.0,2.71
1194,Jupiler Pro League (BE),Abdoul Karim Traoré,A. Traoré,975715,2007-01-12,44.08,22,2,5466.55,124.01,854.59,374.5,37.36,130.05,8.27,504.55,45.64,28.73,31.18,29.97,33.1,60.64,4.82,45.23,14.0,3.59,0.6,0.64,1.27,1.17,1.58,27.0,1.99,2.73
1194,Jupiler Pro League (BE),Bi Christ Hyllarion Goore,H. Goore,981644,2005-08-24,49.11,32,2,5744.0,116.95,864.75,334.78,35.72,136.53,7.41,471.31,43.12,30.14,33.56,31.62,35.17,70.25,4.84,57.59,12.72,3.84,0.59,0.61,1.62,1.18,1.19,28.38,1.95,2.53
1194,Jupiler Pro League (BE),Noah Makembo-Ntemo,N. Makembo,987845,2007-03-14,22.45,2,0,2557.5,113.92,401.0,163.0,20.0,83.5,5.0,246.5,25.0,29.75,29.75,30.5,,27.0,2.5,18.5,7.5,2.0,,,0.5,,,11.5,,
1194,Jupiler Pro League (BE),René Mitongo Muteba,R. Mitongo,987850,2008-01-18,27.14,7,0,2900.86,106.87,383.86,145.0,15.43,51.43,3.14,196.43,18.57,28.14,28.84,28.86,30.37,32.29,1.57,26.43,4.29,0.71,0.92,1.21,0.0,,,11.29,2.34,3.34
1194,Jupiler Pro League (BE),Mohammed Jamel El Adfaoui,M. El Adfaoui,987851,2008-02-28,22.26,4,0,2983.25,134.03,497.5,155.75,15.5,47.25,2.75,203.0,18.25,28.43,28.43,29.1,29.9,25.75,1.25,21.25,4.25,0.75,,,0.0,,,16.5,2.48,3.04
1194,Jupiler Pro League (BE),Youssef Hamdaoui,Y. Hamdaoui,987858,2008-03-20,34.39,21,0,4437.57,129.03,804.0,329.9,27.62,87.95,4.9,417.86,32.52,27.8,29.38,28.98,30.8,44.29,2.05,36.14,6.14,1.43,0.78,0.9,0.43,1.45,2.13,22.62,1.91,2.63
1194,Jupiler Pro League (BE),Bouke Boersma,B. Boersma,998398,2005-06-23,85.15,17,0,9161.06,107.58,1242.65,454.41,46.94,131.24,8.12,585.65,55.06,28.12,29.64,30.08,31.97,97.29,6.76,83.41,13.71,4.71,0.69,0.78,1.35,1.45,1.64,34.53,1.99,2.82
1194,Jupiler Pro League (BE),Halil Özdemir,H. Özdemir,999135,2005-08-18,30.77,7,0,3731.71,121.28,613.57,243.0,25.57,81.86,4.71,324.86,30.29,28.04,28.54,29.46,30.67,38.43,2.71,31.14,6.71,1.71,0.66,0.74,0.71,1.65,,21.86,2.01,2.91
1194,Jupiler Pro League (BE),Valy Konaté,V. Konaté,999635,2006-11-14,70.12,13,0,7873.0,112.28,1109.77,438.92,41.77,135.38,8.69,574.31,50.46,28.99,29.9,30.69,31.93,92.0,5.62,71.46,13.62,4.31,0.7,0.75,1.08,1.46,1.49,30.38,2.03,2.75
1194,Jupiler Pro League (BE),Joseph Amankwaah Opoku,J. Amankwaah Opoku,999683,2005-08-08,79.84,32,1,9099.0,113.96,1224.28,549.44,59.38,235.44,12.81,784.88,72.19,30.08,32.18,31.55,34.0,92.22,8.66,75.03,17.56,6.56,0.61,0.62,2.59,1.2,1.23,42.44,1.92,2.58
1194,Jupiler Pro League (BE),Jerry Afriyie,J. Afriyie,999842,2006-12-10,87.65,30,1,9913.73,113.11,1276.6,604.8,72.53,311.57,19.03,916.37,91.57,30.89,32.98,32.51,34.6,102.57,12.97,82.2,20.8,10.67,0.56,0.59,4.37,1.03,1.17,56.53,1.84,2.53
1194,Jupiler Pro League (BE),Shion Shinkawa,S. Shinkawa,1000006,2007-08-06,23.06,4,0,2747.0,119.13,438.5,236.0,19.75,78.75,3.75,314.75,23.5,28.3,28.3,29.18,30.1,29.5,1.5,21.25,7.75,1.25,0.78,,0.25,,,21.25,,
1194,Jupiler Pro League (BE),Orseer Achihi,O. Achihi,1001073,2006-09-19,12.78,1,1,1417.0,110.85,170.0,58.0,7.0,13.0,1.0,71.0,8.0,28.7,28.7,29.0,,14.0,1.0,10.0,3.0,0.0,,,0.0,,,7.0,,
1194,Jupiler Pro League (BE),David Gabriel Jesus,D. Gabriel,1001074,2007-01-02,21.25,8,0,2430.75,114.4,345.0,166.0,17.5,76.88,4.75,242.88,22.25,30.26,31.28,30.95,32.4,28.0,3.0,19.0,7.62,2.75,0.62,0.69,1.25,1.15,,11.38,1.97,3.09
1194,Jupiler Pro League (BE),Mauro Lenaerts,M. Lenaerts,1002212,2007-09-06,13.71,2,0,1592.0,116.13,252.5,164.5,17.0,84.0,4.5,248.5,21.5,29.3,29.3,29.8,,17.5,1.0,12.5,2.0,1.0,,,0.0,,,13.0,,
1194,Jupiler Pro League (BE),Alexander De Ridder,A. De Ridder,1002928,2008-06-05,36.15,1,0,4152.0,114.85,768.0,202.0,20.0,46.0,4.0,248.0,24.0,27.7,27.7,28.8,,40.0,2.0,34.0,6.0,1.0,,,0.0,,,24.0,,
1194,Jupiler Pro League (BE),Benoit De Jaegere,B. De Jaegere,1004281,2004-04-12,60.11,16,1,6891.06,114.64,1039.19,347.94,32.62,104.12,6.31,452.06,38.94,28.36,29.82,29.82,31.97,80.0,3.75,63.12,9.38,2.0,0.71,0.73,0.62,1.3,1.39,23.38,1.82,2.87
1194,Jupiler Pro League (BE),Naoufal Bohamdi-Kamoni,N. Bohamdi-Kamoni,1005696,2007-08-20,15.47,11,0,1844.27,119.25,300.55,140.91,13.82,53.09,3.27,194.0,17.09,28.0,29.44,28.44,30.23,21.45,2.18,16.36,4.27,1.55,0.62,0.64,0.27,1.43,1.43,11.64,2.39,2.8
1194,Jupiler Pro League (BE),Moncef Zekri,M. Zekri,1008223,2008-09-20,56.17,16,0,6034.94,107.45,784.5,285.0,28.62,82.31,5.06,367.31,33.69,28.66,30.78,29.94,32.27,66.44,5.38,56.5,10.19,3.44,0.65,0.66,1.0,1.23,1.28,24.06,2.11,2.75
1194,Jupiler Pro League (BE),James Nam,J. Nam,1008933,2006-09-02,,0,1,,,,,,,,,,,,,,,,,,,,,,,,,,
1194,Jupiler Pro League (BE),Ryan Adewusi,R. Adewusi,1019610,2005-02-04,28.95,1,0,3858.0,133.26,558.0,291.0,30.0,112.0,7.0,403.0,37.0,28.7,28.7,30.0,,44.0,1.0,36.0,7.0,1.0,,,0.0,,,20.0,,
1194,Jupiler Pro League (BE),Cristian Makate Bokoya,Cristian,1019611,2002-09-21,27.1,8,0,3164.12,116.74,488.62,222.38,20.75,93.75,4.62,316.12,25.38,29.57,30.78,30.44,32.1,36.0,2.5,28.75,6.38,1.5,0.88,0.91,0.38,,,14.5,2.06,2.88
1194,Jupiler Pro League (BE),Soumaela Traoré ,S. Traoré,1020074,2004-08-01,,0,1,,,,,,,,,,,,,,,,,,,,,,,,,,
1194,Jupiler Pro League (BE),Ian Struyf,I. Struyf,1020076,2007-08-22,42.5,11,0,4962.27,116.77,653.45,222.45,22.45,93.36,4.55,315.82,27.0,28.95,30.3,29.84,31.53,55.27,2.82,42.73,6.82,1.64,0.66,0.75,0.73,1.41,1.41,21.45,2.29,2.73
1194,Jupiler Pro League (BE),Joshua Williame Nga Kana Bethume,Joshua Nga Kana Bethume,1022470,2009-06-13,19.78,2,1,2492.5,125.99,404.0,181.5,17.5,95.0,4.5,276.5,22.0,28.25,28.25,29.0,,23.5,1.0,21.0,3.5,0.5,,,0.5,,,13.0,,
1194,Jupiler Pro League (BE),Sebastian Murru,S. Murru,1023376,2007-03-16,8.72,1,0,1114.0,127.8,202.0,70.0,5.0,42.0,1.0,112.0,6.0,28.0,28.0,28.0,,9.0,0.0,8.0,1.0,0.0,,,0.0,,,7.0,,
1194,Jupiler Pro League (BE),El Hadji Seck,E. Seck,1023904,2007-01-14,,0,1,,,,,,,,,,,,,,,,,,,,,,,,,,
1194,Jupiler Pro League (BE),Matties  Volckaert,M. Volckaert,1023905,2002-10-12,93.26,26,0,10562.35,113.26,1403.15,463.5,46.12,174.12,9.23,637.62,55.35,29.61,32.1,31.4,33.9,101.38,5.0,81.96,11.69,3.31,0.63,0.64,1.08,1.16,1.2,34.69,1.97,2.64
1194,Jupiler Pro League (BE),Abdoul  Ayinde,A. Ayinde,1023906,2005-07-17,8.19,2,0,1016.0,124.03,180.0,65.0,5.0,7.0,1.0,72.0,6.0,24.4,24.4,25.1,,9.5,1.0,7.5,2.0,0.5,,,0.0,,,4.0,,
1194,Jupiler Pro League (BE),Amine  Daali,A. Daali,1025129,2004-04-25,26.75,7,0,3433.43,128.33,651.43,281.29,24.86,98.57,5.0,379.86,29.86,28.7,29.92,29.79,32.03,37.57,2.57,28.71,6.14,1.29,0.88,0.91,0.14,,,18.14,2.13,3.12
1194,Jupiler Pro League (BE),Yassine Khalifi,Y. Khalifi,1029942,2005-08-09,37.09,20,0,4745.4,127.93,975.15,289.35,24.5,42.2,3.4,331.55,27.9,26.63,28.8,28.1,30.83,50.85,1.6,42.9,7.8,0.9,0.68,0.72,0.1,,,22.65,2.07,2.8
1194,Jupiler Pro League (BE),Sekou  Keita,S. Keita,1031764,2006-05-02,12.4,1,0,1531.0,123.47,245.0,155.0,13.0,53.0,4.0,208.0,17.0,30.8,30.8,31.1,,18.0,1.0,13.0,3.0,0.0,,,0.0,,,8.0,,
1194,Jupiler Pro League (BE),Xander Dierckx,X. Dierckx,1033029,2009-02-27,75.97,18,1,9330.33,122.81,1500.89,539.61,48.89,143.67,7.72,683.28,56.61,28.25,29.84,29.91,31.37,87.17,2.61,74.67,10.67,1.83,0.77,0.77,0.33,1.65,,39.72,1.97,2.74
1194,Jupiler Pro League (BE),Charli Spoden,C. Spoden,1037046,2008-04-08,25.07,1,0,3931.0,156.82,947.0,345.0,23.0,4.0,1.0,349.0,24.0,24.8,24.8,26.3,,36.0,2.0,30.0,5.0,1.0,,,0.0,,,18.0,,
1194,Jupiler Pro League (BE),Ibrahima Cissé,I. Cissé,1039643,2007-09-24,35.78,9,3,3976.67,111.13,489.22,200.78,21.56,86.56,4.11,287.33,25.67,29.33,31.24,31.2,32.93,41.78,3.11,33.56,6.89,2.11,0.73,0.73,0.44,,,17.44,2.13,2.92
1194,Jupiler Pro League (BE),Bia Adjani Mujangi,B. Adjani Mujangi,1043573,2010-05-30,,0,1,,,,,,,,,,,,,,,,,,,,,,,,,,
1194,Jupiler Pro League (BE),Luca Schelfhout,L. Schelfhout,1064233,2007-09-17,23.9,2,0,2695.0,112.76,428.0,158.0,14.5,46.0,2.0,204.0,16.5,27.95,27.95,28.65,,31.0,1.5,22.5,3.5,0.0,,,0.0,,,11.0,,
1194,Jupiler Pro League (BE),Jeff Godelaine,J. Godelaine,1066179,2007-04-26,14.97,1,0,1595.0,106.57,228.0,128.0,10.0,3.0,1.0,131.0,11.0,25.5,25.5,26.3,,19.0,1.0,15.0,1.0,1.0,,,1.0,,,15.0,,
1194,Jupiler Pro League (BE),Victoir elnora Lembi n'zelo,V. Lembi n'zelo,1066204,2005-12-29,28.65,2,0,3330.0,116.23,440.0,214.5,19.5,127.0,4.0,341.5,23.5,30.6,30.6,31.2,,34.0,3.0,26.0,5.5,3.0,,,0.0,,,12.0,,
1194,Jupiler Pro League (BE),Jules Ahoka jules,J. Ahoka jules,1068909,2005-12-17,55.03,2,0,5808.5,105.55,640.0,174.0,21.0,90.5,5.0,264.5,26.0,29.2,29.2,29.65,,64.0,3.0,54.0,6.5,2.0,,,1.0,,,14.5,,
1194,Jupiler Pro League (BE),Modibo Fofana,M. Fofana,1068910,2007-11-03,22.47,2,0,2890.5,128.66,569.5,249.5,20.0,41.5,2.0,291.0,22.0,27.15,27.15,28.45,,32.0,1.5,25.5,3.0,1.5,,,0.5,,,25.0,,
