competition_edition,league,player_id,player_name,player_short_name,player_birthdate,minutes,minutes_tip,minutes_otip,performance_count,performance_included_count,performance_failed_count,passopportunity_count_total,passopportunity_count,pass_count_goalwithin10s,pass_count_shotwithin10s,pass_count_attempted_total,pass_count_attempted,pass_count_completed,pass_pct_completed,pass_avgxpass_attempted,pass_avgdistance,pass_count_longrange_attempted,pass_count_onetouch_attempted,pass_count_quickpass_attempted,pass_count_onetouch_dangerous_attempted,pass_count_quickpass_dangerous_attempted,passopportunity_count_linebreak,pass_count_linebreak_attempted,pass_count_linebreak_completed,passopportunity_count_torun,pass_count_torun_attempted,pass_count_torun_completed,pass_pct_torun_completed,pass_avgxpass_torun_attempted,pass_count_torun_shotwithin10s,pass_count_torun_goalwithin10s,passopportunity_count_dangerous,pass_count_dangerous_attempted,pass_pct_dangerous_completed,pass_count_dangerous_completed,pass_count_difficultpass_attempted
1265,Primeira Liga (PT),223,Aderllan Leandro de Jesus Santos,A. Santos,1989-04-09,65.9,12.72,20.48,17,16,1,804.0,50.25,0.0,0.25,332.0,20.75,16.38,78.92,88.6,19.56,1.56,4.56,4.69,0.0,0.0,13.19,3.94,1.88,6.38,2.44,1.69,69.23,78.21,0.19,0.0,1.06,0.19,33.33,0.06,3.25
1265,Primeira Liga (PT),728,André Geraldes de Barros,André Geraldes,1991-05-02,85.07,17.6,23.04,26,25,1,1451.0,58.04,0.0,0.4,591.0,23.64,19.16,81.05,87.85,17.98,1.48,5.76,4.88,0.52,0.04,14.24,4.48,3.28,11.96,4.32,3.56,82.41,80.99,0.16,0.0,2.6,0.84,57.14,0.48,3.88
1265,Primeira Liga (PT),751,André Alexandre Carreira Sousa,André Sousa,1990-07-09,17.24,3.15,4.22,12,12,0,190.0,15.83,0.08,0.42,56.0,4.67,3.92,83.93,81.31,17.35,0.67,1.42,0.67,0.17,0.0,1.0,0.25,0.17,2.83,0.92,0.58,63.63,65.05,0.25,0.08,2.17,0.5,66.67,0.33,0.92
1265,Primeira Liga (PT),1223,Bas Kuipers,B. Kuipers,1994-08-17,86.8,23.25,22.06,17,17,0,1098.0,64.59,0.29,0.88,405.0,23.82,19.82,83.21,85.09,15.36,0.94,5.41,5.35,0.71,0.35,13.0,3.29,2.41,18.94,6.76,5.18,76.52,76.52,0.41,0.12,8.18,2.0,35.29,0.71,4.76
1265,Primeira Liga (PT),1484,Armindo Tué Na Bangna,Bruma,1994-10-24,11.5,2.89,2.49,3,3,0,50.0,16.67,0.0,0.0,12.0,4.0,3.0,75.0,79.68,10.35,0.0,1.0,0.33,0.0,0.0,2.0,0.33,0.33,5.0,1.0,0.67,66.67,78.5,0.0,0.0,6.0,0.67,100.0,0.67,0.67
1265,Primeira Liga (PT),1652,Carlos dos Santos Rodrigues,Ponck,1995-01-13,67.99,12.91,21.19,16,15,1,752.0,50.13,0.0,0.4,271.0,18.07,15.4,85.24,87.19,16.37,1.0,5.4,3.67,0.0,0.07,12.87,3.8,2.87,6.67,2.4,1.87,77.78,85.19,0.13,0.0,1.87,0.33,40.0,0.13,2.6
1265,Primeira Liga (PT),1946,Cláudio Pires Morais Ramos,Cláudio Ramos,1991-11-16,72.18,25.17,13.5,2,2,0,66.0,33.0,0.0,0.0,24.0,12.0,10.5,87.5,91.25,22.34,2.5,3.0,1.5,0.0,0.0,9.5,2.5,1.5,9.5,2.0,2.0,100.0,92.34,0.0,0.0,0.0,0.0,,0.0,0.0
1265,Primeira Liga (PT),2492,David  Martins Simão,David Simão,1990-05-15,56.78,13.87,14.95,12,11,1,1115.0,101.36,0.18,0.82,345.0,31.36,27.36,87.25,87.24,17.19,2.82,7.73,7.73,0.27,0.36,26.0,6.45,4.91,13.45,4.27,3.27,76.59,69.03,0.18,0.0,7.91,1.36,40.0,0.55,4.55
1265,Primeira Liga (PT),2803,Dodi Lukébakio,D. Lukébakio,1997-09-24,48.89,14.55,10.59,17,17,0,1129.0,66.41,0.12,1.94,290.0,17.06,13.0,76.21,77.26,16.88,1.24,2.65,2.06,0.53,0.53,5.71,1.0,0.35,22.76,5.35,3.41,63.74,62.92,1.06,0.06,22.82,5.53,44.68,2.47,5.06
1265,Primeira Liga (PT),3493,Florian Grillitsch,F. Grillitsch,1995-08-07,62.54,20.93,14.11,20,20,0,3150.0,157.5,0.15,0.95,910.0,45.5,41.35,90.88,92.03,15.82,2.75,11.1,10.7,0.55,0.35,29.95,5.15,3.9,13.9,5.2,4.05,77.88,76.28,0.2,0.1,8.45,1.45,41.38,0.6,4.05
1265,Primeira Liga (PT),3665,Frederico André Ferrão Venâncio,Frederico Venâncio,1993-02-04,89.89,21.62,24.18,22,21,1,2238.0,106.57,0.1,0.9,902.0,42.95,38.95,90.69,93.43,20.55,4.67,8.95,10.71,0.14,0.0,25.14,7.9,6.57,11.24,4.43,3.95,89.25,87.73,0.14,0.05,2.62,0.48,40.0,0.19,3.1
1265,Primeira Liga (PT),4261,Hélder Luís Lopes Vieira Tavares,Hélder Tavares,1989-12-26,35.16,7.34,10.29,20,20,0,516.0,25.8,0.1,0.35,187.0,9.35,7.65,81.82,84.26,15.56,0.55,3.6,2.25,0.25,0.15,3.95,1.35,0.85,4.7,2.0,1.65,82.5,75.71,0.15,0.05,2.75,0.7,71.43,0.5,1.85
1265,Primeira Liga (PT),4521,Ivan Ricardo Neves Abreu Cavaleiro,I. Cavaleiro,1993-10-18,70.95,16.11,18.33,13,13,0,833.0,64.08,0.15,1.69,230.0,17.69,12.92,73.04,77.33,14.75,0.69,4.0,2.15,0.46,0.38,3.54,1.0,0.77,22.77,6.38,4.31,67.47,70.37,0.85,0.08,22.08,4.77,54.84,2.62,4.77
1265,Primeira Liga (PT),4703,Jan Bednarek,J. Bednarek,1996-04-12,93.65,27.35,21.81,32,29,3,6148.0,212.0,0.21,1.34,2002.0,69.03,65.07,94.26,95.43,16.84,4.59,10.76,10.66,0.17,0.03,61.9,10.1,8.93,24.72,8.31,7.48,90.04,89.79,0.28,0.03,4.38,0.66,42.1,0.28,3.07
1265,Primeira Liga (PT),5049,João Ricardo Silva Afonso,João Afonso,1990-05-28,53.59,11.18,16.59,13,13,0,588.0,45.23,0.0,0.08,241.0,18.54,15.31,82.57,89.45,21.03,1.85,4.31,3.31,0.31,0.0,12.69,3.31,2.23,6.08,2.15,1.46,67.86,78.14,0.08,0.0,0.85,0.38,40.0,0.15,1.85
1265,Primeira Liga (PT),5053,João Miguel Coimbra Aurélio,João Aurélio,1988-08-17,69.8,14.42,18.08,21,20,1,962.0,48.1,0.0,0.6,364.0,18.2,12.8,70.33,77.8,15.13,0.85,6.35,4.3,0.45,0.25,9.75,3.0,1.55,12.2,4.75,3.1,65.26,70.6,0.25,0.0,4.25,1.5,50.0,0.75,5.15
1265,Primeira Liga (PT),5071,João Filipe Iria Santos Moutinho,João Moutinho,1986-09-08,76.21,26.22,16.83,31,31,0,6408.0,206.71,0.32,2.19,1951.0,62.94,58.81,93.44,91.71,14.15,1.81,15.81,15.45,0.52,0.61,43.81,8.94,7.48,19.1,6.97,5.81,83.33,78.86,0.42,0.06,16.26,2.84,67.05,1.9,5.13
1265,Primeira Liga (PT),5072,João Pedro Barradas Novais,João Novais,1993-07-10,30.16,6.02,7.37,2,2,0,74.0,37.0,0.0,0.5,19.0,9.5,8.5,89.48,95.27,16.8,0.0,0.5,1.0,0.0,0.5,5.0,0.0,0.0,8.0,2.0,1.5,75.0,93.16,0.5,0.0,8.0,1.0,50.0,0.5,0.0
1265,Primeira Liga (PT),5126,Joel Robles Blázquez,Joel Robles,1990-06-17,98.71,26.29,25.22,31,31,0,1249.0,40.29,0.03,0.03,422.0,13.61,9.39,68.96,81.32,25.65,2.84,3.61,1.16,0.0,0.0,16.06,4.55,1.77,8.19,2.39,2.0,83.78,89.13,0.03,0.03,0.0,0.0,,0.0,2.32
1265,Primeira Liga (PT),5241,Jonathan Buatu Mananga,Jonathan Buatu,1993-09-27,98.13,24.63,24.13,31,30,1,3052.0,101.73,0.1,0.23,1279.0,42.63,39.17,91.87,94.97,19.18,2.83,7.6,10.43,0.07,0.03,21.0,5.63,4.53,11.77,4.33,4.0,92.31,92.6,0.0,0.0,0.87,0.17,40.0,0.07,2.7
1265,Primeira Liga (PT),5396,José Miguel da Rocha Fonte,José Fonte,1983-12-22,88.46,18.85,22.65,18,18,0,1436.0,79.78,0.0,0.28,538.0,29.89,25.44,85.13,90.33,19.02,2.39,8.06,5.11,0.28,0.06,19.17,5.5,4.11,7.67,3.5,2.72,77.78,80.31,0.11,0.0,1.11,0.33,50.0,0.17,3.67
1265,Primeira Liga (PT),6359,Lucas Eduardo dos Santos João,Lucas João,1993-09-04,20.68,4.74,5.0,19,18,1,215.0,11.94,0.0,0.22,54.0,3.0,2.56,85.19,85.89,13.7,0.06,0.61,0.33,0.06,0.06,0.5,0.06,0.0,3.44,0.83,0.67,80.0,81.58,0.11,0.0,3.28,0.56,60.0,0.33,0.33
1265,Primeira Liga (PT),6512,Luuk de Jong,L. de Jong,1990-08-27,67.03,21.38,16.47,5,3,2,117.0,39.0,0.0,2.0,40.0,13.33,10.67,80.0,83.56,11.45,0.0,9.33,1.33,2.0,0.67,1.33,0.33,0.0,15.33,5.33,4.33,81.25,76.23,1.67,0.0,9.67,3.0,55.56,1.67,2.0
1265,Primeira Liga (PT),7902,Nélson Miguel Castro Oliveira,Nélson Oliveira,1991-08-08,55.92,14.49,13.48,26,24,2,690.0,28.75,0.08,0.92,202.0,8.42,6.58,78.22,77.79,13.34,0.25,3.42,1.46,0.58,0.21,1.46,0.29,0.17,10.04,3.12,2.54,81.33,75.34,0.54,0.0,7.12,1.54,59.46,0.92,2.04
1265,Primeira Liga (PT),8029,Nicolás Hernán Otamendi,N. Otamendi,1988-02-12,95.62,28.09,21.25,30,29,1,4723.0,162.86,0.1,1.03,1598.0,55.1,50.31,91.3,93.1,19.65,5.9,9.52,7.76,0.28,0.14,45.1,9.1,7.21,25.24,9.21,7.97,86.52,86.35,0.17,0.0,6.62,1.38,47.5,0.66,4.45
1265,Primeira Liga (PT),8598,Pedro José  da Silva Trigueira,P. Trigueira,1988-01-04,12.56,1.56,3.9,1,1,0,0.0,0.0,0.0,0.0,0.0,0.0,0.0,,,,0.0,0.0,0.0,0.0,0.0,0.0,0.0,0.0,0.0,0.0,0.0,,,0.0,0.0,0.0,0.0,,0.0,0.0
1265,Primeira Liga (PT),8729,Luís Miguel Afonso Fernandes,Pizzi,1989-10-06,33.78,9.32,8.44,23,23,0,1353.0,58.83,0.13,1.04,417.0,18.13,16.35,90.17,90.93,14.14,0.83,6.13,4.26,0.48,0.39,10.3,2.52,2.0,7.3,2.48,2.04,82.46,78.25,0.22,0.09,6.17,1.57,72.22,1.13,1.43
1265,Primeira Liga (PT),8790,Rafael Alexandre Fernandes Ferreira da Silva,Rafa Silva,1993-05-17,62.67,18.95,13.6,16,16,0,867.0,54.19,0.19,1.69,262.0,16.38,13.94,85.11,81.28,11.72,0.31,5.25,3.38,1.81,0.88,3.75,0.69,0.69,19.62,6.12,5.0,81.63,76.07,1.0,0.12,18.5,4.88,69.23,3.38,3.31
1265,Primeira Liga (PT),8791,Luís Rafael Soares Alves,Rafa Soares,1995-05-09,79.07,20.69,20.13,24,23,1,2003.0,87.09,0.22,1.57,712.0,30.96,24.22,78.23,80.24,17.76,3.0,6.09,9.22,0.7,0.52,27.87,9.26,6.91,24.13,9.26,7.04,76.06,72.24,0.91,0.09,13.04,3.26,44.0,1.43,8.61
1265,Primeira Liga (PT),8983,Ricardo Jorge Luz Horta,Ricardo Horta,1994-09-15,83.94,28.66,18.6,28,28,0,3260.0,116.43,0.39,2.54,1091.0,38.96,34.54,88.63,86.31,12.53,1.36,11.11,11.46,1.29,1.36,13.86,3.64,2.82,22.71,9.29,7.61,81.92,77.57,1.18,0.14,18.36,4.75,60.9,2.89,5.54
1265,Primeira Liga (PT),9195,Rodrigo Cunha Pereira de Pinho,Rodrigo Pinho,1991-05-30,46.52,10.49,12.39,28,27,1,387.0,14.33,0.04,0.33,125.0,4.63,3.04,65.6,72.94,14.15,0.26,1.93,0.85,0.26,0.15,0.74,0.22,0.11,5.93,1.89,1.22,64.71,66.8,0.26,0.04,3.93,0.93,60.0,0.56,1.41
1265,Primeira Liga (PT),9354,Rúben Afonso Borges Semedo,Rúben Semedo,1994-04-04,94.1,19.8,26.33,9,9,0,1014.0,112.67,0.11,0.56,348.0,38.67,33.33,86.21,89.33,19.38,3.56,7.56,5.56,0.33,0.0,35.0,8.44,6.56,16.89,5.44,5.0,91.84,81.85,0.22,0.11,4.0,0.89,62.5,0.56,5.11
1265,Primeira Liga (PT),9385,Rui Tiago Dantas da Silva,Rui Silva,1994-02-07,99.66,32.28,21.24,32,31,1,1428.0,46.06,0.03,0.06,557.0,17.97,15.68,87.25,91.17,21.04,2.61,4.23,2.61,0.0,0.0,11.29,2.58,1.65,12.94,4.13,3.87,93.75,95.25,0.0,0.0,0.0,0.0,,0.0,1.23
1265,Primeira Liga (PT),9703,Seko Mohamed Fofana,S. Fofana,1995-05-07,32.72,8.02,7.62,12,11,1,369.0,33.55,0.0,0.55,124.0,11.27,10.18,90.32,90.79,14.32,0.45,4.36,1.82,0.36,0.09,3.64,0.73,0.55,7.73,1.82,1.64,90.0,85.49,0.36,0.0,7.09,0.91,50.0,0.45,1.0
1265,Primeira Liga (PT),9734,Sergi Gómez Solà,Sergi Gómez,1992-03-28,95.48,22.04,27.11,28,28,0,2066.0,73.79,0.0,0.21,892.0,31.86,28.29,88.79,92.86,18.61,2.32,6.61,9.79,0.18,0.0,13.86,3.5,2.07,10.86,4.25,3.43,80.67,83.81,0.04,0.0,0.71,0.25,28.57,0.07,3.43
1265,Primeira Liga (PT),10246, Theoson-Jordan  Siebatcheu,j.Siebatcheu,1996-04-26,62.85,13.51,17.9,22,22,0,486.0,22.09,0.0,0.45,160.0,7.27,5.45,75.0,78.0,12.17,0.09,3.5,0.59,0.5,0.0,0.64,0.27,0.18,8.27,3.23,2.59,80.28,75.15,0.36,0.0,5.32,1.45,68.75,1.0,1.73
1265,Primeira Liga (PT),10253,Thiago Emiliano da Silva,Thiago Silva,1984-09-22,76.82,22.68,16.99,8,7,1,1290.0,184.29,0.14,1.71,425.0,60.71,57.43,94.59,94.63,14.9,2.0,9.43,10.29,0.14,0.14,51.43,7.57,6.43,23.86,7.43,6.57,88.46,85.97,0.29,0.0,9.0,1.71,50.0,0.86,3.14
1265,Primeira Liga (PT),10342,Tiago Rafael Maia da Silva,Tiago Silva,1993-06-02,76.03,17.83,15.77,4,3,1,409.0,136.33,0.0,1.33,122.0,40.67,35.67,87.71,88.39,18.38,4.67,11.67,9.33,1.33,0.0,29.67,8.67,6.33,14.0,4.33,2.33,53.85,68.16,0.33,0.33,9.33,3.33,40.0,1.33,5.0
1265,Primeira Liga (PT),10459,António Manuel Fernandes Mendes,Tomané,1992-10-23,72.85,14.86,22.24,29,28,1,947.0,33.82,0.07,0.71,271.0,9.68,5.93,61.25,69.04,12.11,0.18,4.04,1.54,0.68,0.64,1.18,0.54,0.29,14.43,4.96,2.93,58.99,63.93,0.54,0.07,9.54,2.71,47.37,1.29,3.93
1265,Primeira Liga (PT),10749,Vítor Hugo Gomes da Silva,Vítor Gomes,1987-12-25,43.23,9.75,12.43,6,6,0,355.0,59.17,0.33,1.83,94.0,15.67,14.5,92.55,89.91,14.83,0.5,3.0,3.0,0.33,0.17,6.67,1.5,1.33,9.5,2.67,2.33,87.5,87.19,1.0,0.0,10.83,1.67,70.0,1.17,1.5
1265,Primeira Liga (PT),11220,Marcos Paulo Mesquita Lopes,Rony Lopes,1995-12-28,68.83,17.03,18.1,16,16,0,1052.0,65.75,0.12,1.31,304.0,19.0,15.75,82.9,82.12,14.39,0.94,6.62,4.19,0.44,0.81,6.5,1.81,1.25,17.75,5.12,3.81,74.39,70.25,0.62,0.06,13.88,2.88,67.39,1.94,4.12
1265,Primeira Liga (PT),11234,Duplexe Tchamba Bangou,D. Tchamba,1998-07-10,90.94,19.51,24.93,5,5,0,592.0,118.4,0.0,0.8,203.0,40.6,30.0,73.89,81.91,21.19,5.4,8.4,11.0,0.0,0.0,35.4,11.2,7.2,23.6,7.8,5.6,71.79,68.08,0.0,0.0,4.6,0.4,0.0,0.0,10.2
1265,Primeira Liga (PT),11265,Miguel Ângelo da Silva Rocha,Xeka,1994-11-10,58.77,16.14,15.3,12,12,0,993.0,82.75,0.17,0.67,320.0,26.67,23.42,87.81,90.05,13.37,0.75,7.33,6.33,0.5,0.33,13.33,3.25,2.83,9.25,3.25,2.33,71.79,71.73,0.33,0.08,4.25,1.25,53.33,0.67,2.75
1265,Primeira Liga (PT),11431,Ghislain Konan,G. Konan,1995-12-27,97.57,24.52,24.23,30,29,1,3618.0,124.76,0.17,1.55,1150.0,39.66,31.69,79.91,82.61,16.06,2.31,6.17,8.97,0.52,0.28,35.34,10.03,7.55,35.1,11.9,8.66,72.75,73.31,0.72,0.03,15.03,3.76,36.7,1.38,8.62
1265,Primeira Liga (PT),12196,Jonathan Panzo,J. Panzo,2000-10-25,86.94,20.47,24.04,14,14,0,1468.0,104.86,0.0,0.14,575.0,41.07,38.0,92.52,94.61,19.13,2.57,5.43,9.93,0.14,0.0,21.43,5.57,4.71,11.0,4.36,3.57,81.97,84.42,0.0,0.0,1.14,0.29,0.0,0.0,2.0
1265,Primeira Liga (PT),12249,Javier Sánchez de Felipe,Javi Sánchez,1997-03-14,90.54,23.84,23.32,15,15,0,2185.0,145.67,0.13,1.33,822.0,54.8,50.13,91.48,92.69,20.21,5.8,10.93,11.33,0.13,0.0,43.4,10.8,8.73,21.67,8.27,7.0,84.68,83.19,0.2,0.07,1.0,0.47,57.14,0.27,5.13
1265,Primeira Liga (PT),12464,Rafik Guitane,R. Guitane,1999-05-26,66.03,18.5,16.71,30,30,0,2955.0,98.5,0.33,2.4,748.0,24.93,21.17,84.89,82.98,13.39,0.47,5.43,4.23,0.53,0.4,10.7,1.63,1.3,28.5,6.73,5.23,77.72,73.23,0.9,0.13,24.2,5.03,59.6,3.0,5.07
1265,Primeira Liga (PT),12649,Pablo Rosario,P. Rosario,1997-01-07,69.22,20.64,15.96,22,22,0,2365.0,107.5,0.23,1.27,763.0,34.68,30.91,89.12,87.96,16.32,1.82,9.73,6.27,0.45,0.77,28.45,8.64,7.23,15.27,5.59,4.77,85.37,78.39,0.45,0.09,9.32,2.82,61.29,1.73,4.82
1265,Primeira Liga (PT),12783,Gonçalo Mendes Paciencia,Gonçalo Paciência,1994-08-01,48.03,12.94,11.21,12,11,1,333.0,30.27,0.0,0.55,93.0,8.45,6.73,79.57,72.68,15.27,0.91,2.91,1.55,0.36,0.27,1.82,0.73,0.45,9.64,2.91,2.36,81.25,63.76,0.36,0.0,7.0,1.64,66.67,1.09,2.55
1265,Primeira Liga (PT),12812,Yann Karamoh,Y. Karamoh,1998-07-08,18.05,4.43,5.58,1,1,0,26.0,26.0,0.0,0.0,8.0,8.0,5.0,62.5,81.73,19.91,1.0,1.0,0.0,1.0,0.0,0.0,0.0,0.0,9.0,2.0,1.0,50.0,75.73,0.0,0.0,7.0,3.0,33.33,1.0,3.0
1265,Primeira Liga (PT),12903,Marios Vrousai,M. Vrousai,1998-07-02,87.92,22.83,24.52,31,31,0,3448.0,111.23,0.13,1.61,1091.0,35.19,27.42,77.91,79.79,16.35,2.19,8.19,7.97,0.35,0.61,23.61,6.65,4.52,30.71,11.19,8.16,72.91,69.58,0.81,0.13,13.65,3.97,43.09,1.71,9.19
1265,Primeira Liga (PT),13279,Renan Ribeiro,Renan Ribeiro,1990-03-23,100.64,23.66,25.41,32,31,1,1795.0,57.9,0.0,0.13,566.0,18.26,12.77,69.96,81.74,27.69,4.45,2.84,2.48,0.0,0.0,26.74,6.65,2.94,12.03,2.97,2.61,88.04,91.09,0.0,0.0,0.0,0.0,,0.0,2.74
1265,Primeira Liga (PT),13285,Jovane Eduardo Borges Cabral,Jovane Cabral,1998-06-14,67.68,16.36,16.63,27,26,1,2237.0,86.04,0.19,1.35,570.0,21.92,17.54,80.0,84.12,16.3,1.62,5.46,3.81,0.65,0.54,10.0,3.15,1.77,18.27,6.04,4.04,66.88,71.87,0.62,0.04,11.54,3.35,48.28,1.62,3.85
1265,Primeira Liga (PT),13330,Jérémy Livolant,J. Livolant,1998-01-09,92.21,18.58,25.26,33,32,1,2230.0,69.69,0.28,1.28,692.0,21.62,14.75,68.21,72.93,14.0,0.75,6.59,4.44,1.09,0.88,4.03,1.38,0.62,25.19,9.5,5.66,59.54,66.41,0.72,0.16,17.53,5.47,45.14,2.47,7.5
1265,Primeira Liga (PT),13354,Yanis Begraoui,Y. Begraoui,2001-07-04,86.67,23.63,22.02,34,34,0,1825.0,53.68,0.15,1.35,583.0,17.15,13.09,76.33,77.52,13.83,0.88,6.62,2.88,1.15,0.76,2.53,0.56,0.38,20.29,6.65,4.41,66.37,70.26,0.88,0.12,15.59,4.47,53.29,2.38,4.12
1265,Primeira Liga (PT),13477,Diogo Meireles Costa,Diogo Costa,1999-09-19,97.56,28.62,22.92,33,30,3,2155.0,71.83,0.07,0.23,650.0,21.67,17.03,78.62,85.73,24.01,4.27,3.37,3.23,0.0,0.0,26.87,6.1,3.07,21.5,6.43,5.0,77.72,85.52,0.13,0.03,0.0,0.0,,0.0,3.2
1265,Primeira Liga (PT),13495,Carlos Alexandre Reis Pinto,Alex Pinto,1998-07-08,51.79,12.46,15.99,7,7,0,323.0,46.14,0.0,0.57,120.0,17.14,13.0,75.83,79.02,15.84,1.14,4.86,4.0,0.14,0.0,7.43,2.43,1.71,12.57,6.0,5.0,83.33,75.21,0.43,0.0,4.0,1.14,25.0,0.29,4.57
1265,Primeira Liga (PT),13919,Naïs Djouahra,N. Djouahra,1999-11-23,86.22,22.3,22.74,34,33,1,2748.0,83.27,0.12,1.55,802.0,24.3,19.45,80.05,81.31,15.09,1.21,5.79,4.97,0.58,0.76,12.48,3.06,1.91,26.79,8.58,6.15,71.73,70.8,1.0,0.06,19.24,4.33,51.05,2.21,5.79
1265,Primeira Liga (PT),13976,Paulo André Rodrigues de Oliveira,Paulo Oliveira,1992-01-08,54.17,18.92,10.46,17,17,0,1454.0,85.53,0.0,0.24,631.0,37.12,34.0,91.6,95.02,17.86,1.35,6.24,10.94,0.0,0.0,14.88,3.47,2.29,9.06,3.82,3.47,90.77,90.79,0.06,0.0,0.12,0.0,,0.0,2.88
1265,Primeira Liga (PT),13987,Giorgi Kochorashvili,G. Kochorashvili,1999-06-29,39.79,12.64,8.41,18,17,1,1436.0,84.47,0.12,1.06,461.0,27.12,25.18,92.84,92.33,16.79,2.35,6.41,6.59,0.59,0.71,14.53,3.94,3.24,9.18,3.29,2.59,78.57,77.53,0.47,0.06,10.41,2.24,76.32,1.71,2.06
1265,Primeira Liga (PT),14013,João Manuel Neves Virginia,João Virginia,1999-10-10,100.56,32.22,22.12,2,2,0,93.0,46.5,0.0,0.0,40.0,20.0,18.0,90.0,93.55,19.85,2.0,1.5,3.0,0.0,0.0,8.5,2.0,1.0,14.5,5.0,5.0,100.0,99.45,0.0,0.0,0.0,0.0,,0.0,1.0
1265,Primeira Liga (PT),14024,Pedro António Pereira Gonçalves,Pedro Gonçalves,1998-06-28,79.78,26.23,17.07,27,26,1,2553.0,98.19,0.35,3.23,810.0,31.15,26.65,85.55,83.94,13.54,1.08,10.46,7.5,1.65,2.04,10.46,2.92,2.04,26.19,8.77,6.19,70.61,71.36,1.54,0.23,27.65,7.23,63.83,4.62,5.88
1265,Primeira Liga (PT),14273,Tom van De Looi,T. van de Looi,1999-07-02,94.93,24.2,23.79,32,31,1,3288.0,106.06,0.16,1.39,1121.0,36.16,32.32,89.38,91.37,17.63,2.23,9.35,9.0,0.65,0.48,15.23,3.52,2.77,10.9,4.45,3.81,85.51,83.53,0.32,0.0,8.13,1.74,51.85,0.9,3.61
1265,Primeira Liga (PT),14346,Sydney van Hooijdonk,S. van Hooijdonk,2000-02-06,44.76,12.15,10.34,9,9,0,106.0,11.78,0.11,0.33,37.0,4.11,3.33,81.08,75.11,14.62,0.33,2.33,1.0,0.44,0.33,0.22,0.11,0.0,3.44,0.89,0.67,75.0,69.0,0.0,0.0,4.33,0.89,75.0,0.67,0.89
1265,Primeira Liga (PT),14875,Jakub Brabec,J. Brabec,1992-08-06,93.92,23.88,27.05,25,25,0,2524.0,100.96,0.12,0.68,1066.0,42.64,38.8,90.99,93.07,19.1,2.8,11.76,7.92,0.04,0.0,27.52,6.92,5.32,11.96,4.68,4.08,87.18,87.22,0.04,0.04,0.36,0.08,0.0,0.0,3.72
1265,Primeira Liga (PT),15185,Georgios Vagiannidis,G. Vagiannidis,2001-09-12,66.16,22.03,14.48,22,21,1,1810.0,86.19,0.33,2.1,654.0,31.14,27.95,89.76,88.45,13.2,0.57,5.38,5.57,0.71,0.14,16.81,4.81,4.24,21.24,7.9,6.33,80.12,78.14,0.62,0.1,11.1,3.0,55.56,1.67,3.62
1265,Primeira Liga (PT),15295,Fotis Ioannidis,F. Ioannidis,2000-01-10,40.83,13.13,8.67,13,13,0,345.0,26.54,0.23,1.46,84.0,6.46,5.77,89.29,84.52,12.52,0.0,1.15,1.08,0.54,0.15,2.46,0.54,0.46,9.77,2.31,2.0,86.67,74.38,1.0,0.23,8.54,2.0,80.77,1.62,1.0
1265,Primeira Liga (PT),15373,Georgios Liavas,G. Liavas,2001-02-12,37.91,9.1,11.59,24,24,0,1110.0,46.25,0.04,0.33,359.0,14.96,13.29,88.86,90.25,17.25,0.96,2.92,4.21,0.17,0.17,8.25,2.38,1.79,4.04,1.75,1.33,76.19,79.47,0.04,0.0,2.25,0.71,47.06,0.33,1.62
1265,Primeira Liga (PT),15485,Orest Lebedenko,O. Lebedenko,1998-09-23,40.05,10.0,8.37,14,13,1,533.0,41.0,0.0,0.31,177.0,13.62,10.92,80.23,81.41,15.06,0.46,2.54,3.31,0.23,0.08,10.0,2.92,2.15,7.92,2.77,1.92,69.45,72.94,0.0,0.0,6.54,1.92,52.0,1.0,3.15
1265,Primeira Liga (PT),16008,Tiago Magalhães Sá,Tiago Sá,1995-01-11,98.02,30.08,19.79,1,1,0,97.0,97.0,0.0,0.0,29.0,29.0,25.0,86.21,90.13,19.5,4.0,2.0,8.0,0.0,0.0,47.0,9.0,7.0,38.0,11.0,11.0,100.0,95.67,0.0,0.0,0.0,0.0,,0.0,2.0
1265,Primeira Liga (PT),16011,Murilo De Souza Costa,Murilo,1994-10-31,86.84,22.03,21.4,32,32,0,2886.0,90.19,0.25,2.31,782.0,24.44,18.41,75.32,78.48,15.14,1.5,3.56,4.06,0.69,0.56,8.06,1.94,1.47,34.53,9.88,7.06,71.52,72.44,1.19,0.12,23.31,6.0,46.88,2.81,7.0
1265,Primeira Liga (PT),16014,Francisco António Machado Mota de Castro Trincão,Francisco Trincão,1999-12-29,91.74,29.81,19.68,34,33,1,4304.0,130.42,0.48,4.36,1281.0,38.82,32.79,84.47,84.04,14.21,1.67,11.33,7.12,1.97,1.85,16.39,4.67,3.61,34.91,10.52,7.97,75.79,73.99,1.7,0.3,32.7,8.24,58.82,4.85,7.03
1265,Primeira Liga (PT),16032,Diogo Filipe Costa Rocha,Rochinha,1995-05-03,13.06,3.82,2.97,1,1,0,15.0,15.0,0.0,1.0,4.0,4.0,3.0,75.0,84.35,31.63,1.0,0.0,1.0,0.0,0.0,3.0,1.0,0.0,7.0,2.0,1.0,50.0,89.12,0.0,0.0,1.0,1.0,0.0,0.0,1.0
1265,Primeira Liga (PT),16058,Daniel Alexis Leite Figueira,Dani Figueira,1998-07-20,93.89,22.75,23.57,10,10,0,538.0,53.8,0.0,0.1,178.0,17.8,13.8,77.53,86.24,25.87,4.3,3.8,3.0,0.0,0.0,20.4,5.2,2.7,16.9,4.1,3.6,87.8,94.05,0.1,0.0,0.1,0.1,100.0,0.1,2.3
1265,Primeira Liga (PT),16060,Marcelo dos Santos Ferreira,Marcelo,1989-07-27,88.73,20.94,25.21,12,12,0,1453.0,121.08,0.0,0.17,513.0,42.75,36.5,85.38,90.93,19.26,2.83,9.33,6.42,0.0,0.08,31.0,8.83,6.17,12.58,5.0,4.42,88.33,86.92,0.08,0.0,0.92,0.17,50.0,0.08,4.83
1265,Primeira Liga (PT),16066,Rafael Avelino Pereira Pinto Barbosa,R. Barbosa,1996-03-29,54.17,13.02,14.7,13,13,0,645.0,49.62,0.15,1.23,220.0,16.92,13.31,78.64,80.98,15.05,0.92,5.62,3.23,0.77,0.46,4.54,1.15,0.85,14.46,5.38,4.08,75.71,70.48,0.69,0.08,10.69,2.85,48.65,1.38,3.92
1265,Primeira Liga (PT),16084,Charles Marcelo da Silva,Charles,1994-02-04,100.81,27.22,22.08,19,17,2,1058.0,62.24,0.0,0.0,369.0,21.71,16.82,77.51,87.03,23.32,3.12,3.47,3.29,0.0,0.0,22.65,6.18,2.47,15.53,4.53,4.18,92.21,93.62,0.0,0.0,0.0,0.0,,0.0,2.24
1265,Primeira Liga (PT),16103,André Filipe Magalhães Ribeiro Ferreira,André Ferreira,1996-05-29,98.87,24.34,28.9,22,20,2,1352.0,67.6,0.0,0.0,448.0,22.4,17.05,76.12,86.83,21.27,3.2,6.25,4.25,0.0,0.0,24.0,6.0,2.7,17.45,6.05,5.5,90.91,92.55,0.0,0.0,0.0,0.0,,0.0,3.0
1265,Primeira Liga (PT),16156,Lucas Oliveira de França,Lucas França,1996-01-19,99.55,17.81,27.28,6,5,1,201.0,40.2,0.0,0.0,61.0,12.2,6.6,54.1,76.37,27.78,2.2,3.0,1.2,0.0,0.0,18.0,5.0,1.6,8.0,1.8,1.8,100.0,92.77,0.0,0.0,0.0,0.0,,0.0,2.0
1265,Primeira Liga (PT),16180,Matheus Reis de Lima,Matheus Reis,1995-02-18,48.51,16.22,10.57,8,7,1,625.0,89.29,0.14,1.14,233.0,33.29,29.14,87.55,89.96,17.35,1.14,4.14,9.57,0.14,0.71,21.0,5.86,4.43,19.29,7.71,5.86,75.93,76.57,0.57,0.14,5.43,2.29,50.0,1.14,4.14
1265,Primeira Liga (PT),16181,Toni Borevković,T. Borevković,1997-06-18,,,,1,0,1,,,,,,,,,,,,,,,,,,,,,,,,,,,,,,
1265,Primeira Liga (PT),16183,Nuno Miguel Gomes dos Santos,Nuno Santos,1995-02-13,18.68,6.15,3.12,4,4,0,96.0,24.0,1.0,1.0,33.0,8.25,7.0,84.85,80.69,15.86,0.25,2.25,1.75,0.5,0.25,2.25,0.25,0.0,9.0,2.5,1.5,60.0,55.89,0.25,0.0,7.75,1.75,57.14,1.0,2.0
1265,Primeira Liga (PT),16235,Caio Gobbo Secco,Caio Secco,1990-12-22,98.36,27.44,24.83,11,11,0,551.0,50.09,0.0,0.0,178.0,16.18,12.73,78.65,86.76,22.19,2.27,3.82,2.55,0.0,0.0,20.09,4.27,1.55,11.91,2.82,2.64,93.55,95.52,0.0,0.0,0.0,0.0,,0.0,2.0
1265,Primeira Liga (PT),16256,Stephen  Antunes Eustáquio,Stephen Eustáquio,1996-12-21,25.83,8.07,5.57,8,6,2,259.0,43.17,0.0,0.17,87.0,14.5,12.17,83.91,88.17,15.54,0.33,5.83,3.5,0.83,0.33,8.67,2.0,1.33,6.17,2.5,1.83,73.33,78.5,0.0,0.0,6.0,2.0,58.34,1.17,1.83
1265,Primeira Liga (PT),16399,Fredrik Aursnes,F. Aursnes,1995-12-10,90.84,26.29,20.35,28,27,1,3564.0,132.0,0.37,2.67,1167.0,43.22,38.22,88.43,87.2,16.18,2.89,9.3,11.11,0.96,0.96,23.3,6.15,4.93,23.04,8.7,7.0,80.43,74.26,0.96,0.07,15.59,4.19,59.29,2.48,6.15
1265,Primeira Liga (PT),17113,Ianis Stoica,I. Stoica,2002-12-08,56.46,13.26,14.98,32,31,1,1238.0,39.94,0.1,0.9,373.0,12.03,9.26,76.94,78.92,15.36,0.65,2.81,1.55,0.1,0.1,2.29,0.55,0.29,15.29,4.39,3.19,72.8,73.07,0.45,0.0,10.81,2.06,46.88,0.97,3.19
1265,Primeira Liga (PT),17680,Leandro Barreiro Martins,Leandro Barreiro,2000-01-03,63.45,17.5,14.69,31,31,0,1835.0,59.19,0.26,1.55,619.0,19.97,17.68,88.53,89.85,14.19,0.58,5.42,6.19,0.39,0.48,6.81,1.35,1.1,7.94,2.87,2.35,82.02,80.4,0.61,0.16,8.55,1.77,67.27,1.19,1.74
1265,Primeira Liga (PT),18406,Sikou Niakaté,S. Niakaté,1999-07-10,93.05,31.87,20.58,11,11,0,1723.0,156.64,0.0,1.0,672.0,61.09,53.45,87.5,91.86,16.79,2.45,13.0,12.55,0.27,0.09,33.0,8.27,5.64,20.64,7.36,5.91,80.25,82.78,0.18,0.0,3.0,0.82,77.78,0.64,6.45
1265,Primeira Liga (PT),18565,João António Antunes Carvalho,João Carvalho,1997-03-09,91.91,24.4,23.65,33,33,0,4141.0,125.48,0.36,2.52,1240.0,37.58,30.21,80.4,80.69,15.39,3.0,11.33,6.42,1.42,1.09,17.7,4.91,3.21,31.03,11.52,8.33,72.37,70.51,1.55,0.21,23.03,6.55,57.41,3.76,8.88
1265,Primeira Liga (PT),18575,Gil Bastião Dias,Gil Dias,1996-09-28,81.54,20.91,20.89,33,32,1,2628.0,82.12,0.22,1.62,718.0,22.44,15.75,70.2,75.26,14.45,0.88,4.34,3.28,0.22,0.47,7.25,2.38,1.5,28.91,8.47,5.56,65.68,68.56,0.72,0.09,19.53,5.0,49.37,2.47,7.22
1265,Primeira Liga (PT),18769,Omar Richards,O. Richards,1998-02-15,54.45,14.04,15.91,14,14,0,700.0,50.0,0.0,0.57,251.0,17.93,14.57,81.28,83.48,14.5,0.64,3.29,4.71,0.43,0.29,10.57,2.71,2.14,15.36,5.5,4.36,79.22,74.4,0.36,0.0,5.0,1.64,34.78,0.57,3.93
1265,Primeira Liga (PT),18941,Billal Brahimi,B. Brahimi,2000-03-14,29.84,6.99,7.57,4,4,0,155.0,38.75,0.0,1.25,51.0,12.75,9.25,72.55,70.71,15.3,0.5,3.0,1.75,0.25,0.5,6.75,2.25,1.75,9.5,3.5,2.0,57.14,55.26,0.5,0.0,10.5,4.0,37.5,1.5,4.75
1265,Primeira Liga (PT),18992,André Green,A. Green,1998-07-26,50.1,11.21,15.4,5,4,1,93.0,23.25,0.0,1.0,31.0,7.75,6.0,77.42,76.2,14.19,0.5,3.25,0.5,0.5,0.25,0.5,0.5,0.25,10.0,3.25,2.25,69.23,70.71,0.5,0.0,5.75,1.5,50.0,0.75,1.5
1265,Primeira Liga (PT),22091,Jaume Grau Ciscar,J. Grau,1997-05-05,80.75,18.29,23.27,18,18,0,1340.0,74.44,0.11,0.83,440.0,24.44,20.28,82.95,87.99,17.33,1.94,6.33,4.72,0.28,0.11,13.22,3.33,2.39,9.0,3.11,2.28,73.21,75.44,0.17,0.06,6.22,1.5,48.15,0.72,3.44
1265,Primeira Liga (PT),22134,Francisco Reis Ferreira,Ferro,1997-03-26,65.86,17.87,17.59,27,27,0,2384.0,88.3,0.07,0.59,854.0,31.63,27.52,87.0,90.93,17.25,2.22,7.52,8.11,0.04,0.07,23.07,7.37,5.89,7.93,2.93,2.52,86.08,86.48,0.15,0.0,0.96,0.19,60.0,0.11,2.96
1265,Primeira Liga (PT),22135,Florentino Ibrain Morris Luís,Florentino,1999-08-19,19.63,2.93,5.77,3,3,0,26.0,8.67,0.0,0.0,10.0,3.33,2.0,60.0,78.99,18.77,0.33,1.67,0.33,0.0,0.0,1.33,0.67,0.33,0.67,0.33,0.33,100.0,86.62,0.0,0.0,0.0,0.0,,0.0,0.33
1265,Primeira Liga (PT),23035,Stéphane Diarra,S. Diarra,1998-12-09,19.39,4.33,5.78,2,2,0,34.0,17.0,0.0,0.0,9.0,4.5,4.0,88.89,82.66,11.77,0.0,1.5,1.0,0.0,0.0,0.0,0.0,0.0,5.0,2.0,2.0,100.0,77.34,0.0,0.0,2.5,1.0,100.0,1.0,1.0
1265,Primeira Liga (PT),23453,Vangelis Pavlidis,V. Pavlidis,1998-11-21,88.04,26.37,19.3,33,32,1,1649.0,51.53,0.25,1.59,508.0,15.88,11.62,73.23,74.89,13.4,0.78,5.72,3.12,1.25,0.91,2.03,0.5,0.34,20.09,6.19,4.25,68.69,68.91,0.84,0.12,20.59,5.28,64.5,3.41,4.28
1265,Primeira Liga (PT),23747,Gaizka Larrazabal Goikoetxea,Gaizka Larrazabal,1997-12-17,93.99,18.56,26.31,33,32,1,2395.0,74.84,0.12,1.22,812.0,25.38,18.47,72.78,76.57,15.9,1.34,6.94,4.47,0.56,0.16,10.16,3.22,1.81,23.16,8.41,5.41,64.31,67.06,0.59,0.06,12.0,3.5,40.18,1.41,7.72
1265,Primeira Liga (PT),24052,Borja Sainz Eguskiza,Borja Sainz,2001-02-21,59.36,18.24,13.98,30,27,3,1389.0,51.44,0.11,1.56,394.0,14.59,11.81,80.96,78.69,13.41,0.33,3.89,2.3,0.52,0.41,5.85,1.56,1.04,20.41,5.48,3.96,72.3,70.11,0.74,0.07,16.74,3.33,63.33,2.11,4.0
1265,Primeira Liga (PT),24100,Víctor Gómez Perea,Víctor Gómez,2000-04-01,85.16,28.26,18.77,32,32,0,4482.0,140.06,0.22,2.09,1531.0,47.84,39.69,82.95,82.11,14.39,1.69,12.38,11.16,1.12,1.16,27.66,7.44,5.03,39.28,14.06,10.44,74.22,70.11,0.94,0.16,17.12,5.19,55.42,2.88,11.0
1265,Primeira Liga (PT),24299,Sergio Bermejo Lillo,Sergio Bermejo,1997-08-17,26.26,5.79,6.5,16,15,1,249.0,16.6,0.0,0.47,67.0,4.47,3.87,86.57,83.01,15.0,0.27,1.4,0.93,0.13,0.2,1.27,0.27,0.27,4.27,1.13,0.87,76.47,71.47,0.2,0.0,3.07,0.67,80.0,0.53,0.8
1265,Primeira Liga (PT),24446,Kelian Nsona Wa Saka,K. Nsona,2002-05-11,53.09,11.2,14.39,10,10,0,367.0,36.7,0.1,0.5,104.0,10.4,7.3,70.19,76.15,14.46,0.5,2.3,1.1,0.5,0.1,2.6,0.6,0.5,12.0,3.3,2.0,60.61,62.5,0.2,0.1,10.3,3.2,34.38,1.1,3.0
1265,Primeira Liga (PT),24585,Pablo Gozálbez Gilabert,Pablo Gozálbez,2001-04-30,43.51,10.71,11.53,28,27,1,854.0,31.63,0.22,1.26,285.0,10.56,8.07,76.49,76.56,14.55,0.37,3.15,2.81,0.48,0.44,3.15,1.07,0.74,10.96,3.93,2.52,64.15,64.33,0.85,0.11,8.07,2.41,63.08,1.52,2.93
1265,Primeira Liga (PT),24690,Kaique Rocha Lima,Kaique Rocha,2001-02-28,87.38,20.27,24.26,6,6,0,566.0,94.33,0.0,0.17,214.0,35.67,30.33,85.05,89.87,19.77,3.33,8.5,8.33,0.0,0.0,26.33,7.5,5.5,11.5,4.33,3.5,80.77,88.38,0.17,0.0,0.33,0.0,,0.0,4.83
1265,Primeira Liga (PT),24863,Ricard Sánchez Sendra,Ricard Sánchez,2000-02-22,80.96,21.64,21.09,26,26,0,2095.0,80.58,0.27,1.69,718.0,27.62,22.27,80.64,79.61,14.01,1.0,6.38,4.65,1.08,0.46,13.35,4.42,3.54,22.08,9.15,6.77,73.95,69.47,0.85,0.15,12.81,4.23,48.18,2.04,6.65
1265,Primeira Liga (PT),24889,Guillem Molina Gutiérrez,G. Molina,2000-05-03,55.22,9.54,16.71,7,7,0,242.0,34.57,0.14,0.14,83.0,11.86,8.14,68.67,78.45,15.23,0.71,3.29,2.86,0.29,0.14,7.43,2.43,1.14,5.86,2.29,1.29,56.25,78.8,0.0,0.0,2.86,0.71,40.0,0.29,3.57
1265,Primeira Liga (PT),25014,Anatoliy Trubin,A. Trubin,2001-08-01,100.28,29.09,22.18,32,31,1,1074.0,34.65,0.0,0.03,411.0,13.26,10.58,79.81,85.5,20.97,1.71,2.74,1.61,0.0,0.0,11.58,2.84,1.16,10.97,3.19,2.87,89.9,94.74,0.0,0.0,0.0,0.0,,0.0,2.03
1265,Primeira Liga (PT),25093,Lucas Lima Linhares,Luquinhas,1996-09-28,28.35,6.79,7.89,9,9,0,167.0,18.56,0.0,0.0,58.0,6.44,5.56,86.2,80.48,13.29,0.44,2.56,1.67,0.22,0.11,1.0,0.22,0.22,4.22,1.67,1.56,93.33,82.82,0.0,0.0,2.56,0.56,60.0,0.33,1.44
1265,Primeira Liga (PT),25332,Amar Dedić,A. Dedić,2002-08-18,87.74,24.19,20.44,24,23,1,2591.0,112.65,0.39,2.26,829.0,36.04,30.26,83.96,86.44,14.43,1.04,6.43,6.35,0.74,0.26,21.13,3.87,2.52,37.22,10.96,8.52,77.78,77.93,1.3,0.3,17.87,4.0,45.65,1.83,5.74
1265,Primeira Liga (PT),25572,João Paulo Santos da Costa,João Costa,1996-02-02,24.0,3.8,5.73,1,1,0,18.0,18.0,0.0,0.0,7.0,7.0,4.0,57.14,80.34,11.72,0.0,1.0,3.0,0.0,0.0,5.0,1.0,0.0,1.0,0.0,0.0,,,0.0,0.0,0.0,0.0,,0.0,1.0
1265,Primeira Liga (PT),25752,Pau Víctor Delgado,Pau Víctor,2001-11-26,76.5,25.87,17.05,32,32,0,2645.0,82.66,0.19,1.34,861.0,26.91,22.94,85.25,85.52,12.58,0.69,8.88,7.06,0.75,1.25,5.28,1.12,0.91,21.28,6.91,5.06,73.3,72.55,0.69,0.12,17.81,4.38,61.43,2.69,3.69
1265,Primeira Liga (PT),25754,Claudio Mendes Vicente,Clau Mendes,2000-12-08,28.17,4.63,8.25,13,12,1,122.0,10.17,0.08,0.17,27.0,2.25,1.08,48.15,70.58,7.79,0.0,0.67,0.17,0.08,0.08,0.17,0.08,0.0,3.58,0.58,0.17,28.57,55.17,0.0,0.0,3.17,0.67,37.5,0.25,0.83
1265,Primeira Liga (PT),25818,Luis Javier Suárez Charris,L. Suárez,1997-12-02,91.25,29.52,19.85,32,31,1,1796.0,57.94,0.39,2.23,511.0,16.48,12.84,77.89,80.04,12.54,0.45,7.0,2.9,1.32,0.77,2.42,0.58,0.29,21.26,5.19,3.77,72.67,74.04,1.1,0.19,22.61,4.68,65.52,3.06,3.29
1265,Primeira Liga (PT),25832,José Manuel Fontán Mondragón,José Fontán,2000-02-11,94.25,24.33,24.2,30,29,1,4864.0,167.72,0.1,0.86,1732.0,59.72,53.0,88.74,91.06,18.96,4.52,9.9,14.48,0.21,0.38,53.83,12.9,9.86,25.55,8.34,6.55,78.51,77.87,0.28,0.03,5.07,1.21,31.43,0.38,7.0
1265,Primeira Liga (PT),25849,Sabit Abdulai,S. Abdulai,1999-05-11,76.03,17.88,23.97,16,16,0,1454.0,90.88,0.06,0.69,408.0,25.5,22.06,86.52,89.25,16.09,1.75,5.44,5.81,0.25,0.12,11.12,2.06,1.56,10.69,4.25,3.19,75.0,76.47,0.44,0.0,5.12,1.06,70.59,0.75,3.0
1265,Primeira Liga (PT),25973,Maximiliano Javier Araújo Vilches,M. Araújo,2000-02-15,85.6,27.69,18.54,29,28,1,2682.0,95.79,0.14,1.86,920.0,32.86,27.14,82.61,83.75,14.72,1.61,8.39,6.0,1.36,0.86,15.14,3.75,2.61,29.32,10.25,7.71,75.26,71.56,1.07,0.11,18.82,5.29,58.78,3.11,7.0
1265,Primeira Liga (PT),25981,Ignacio de Arruabarrena Fernández,I. de Arruabarrena,1997-01-16,100.36,26.62,25.66,16,16,0,1387.0,86.69,0.0,0.06,419.0,26.19,21.62,82.58,85.98,23.71,4.81,4.25,3.12,0.0,0.0,36.56,8.56,5.69,19.19,5.38,5.06,94.19,94.48,0.06,0.0,0.0,0.0,,0.0,4.06
1265,Primeira Liga (PT),26143,Amadou Danté,A. Danté,2000-10-07,54.33,12.64,14.35,17,16,1,895.0,55.94,0.0,0.81,319.0,19.94,15.44,77.43,81.8,15.85,1.06,4.94,3.44,0.44,0.06,8.94,2.25,1.38,17.5,5.94,3.94,66.32,69.64,0.44,0.0,9.25,2.5,35.0,0.88,4.44
1265,Primeira Liga (PT),26218,Yassin Oukili,Y. Oukili,2001-01-03,60.47,12.39,15.85,8,8,0,324.0,40.5,0.0,0.62,102.0,12.75,11.25,88.23,88.05,14.3,0.38,4.12,2.25,0.25,0.25,4.0,0.75,0.75,9.0,2.5,2.25,90.0,85.16,0.25,0.0,5.88,1.12,77.78,0.88,1.38
1265,Primeira Liga (PT),26604,Rafel Obrador Burguera,Rafel Obrador,2004-02-24,68.18,23.5,13.68,1,1,0,78.0,78.0,0.0,3.0,25.0,25.0,21.0,84.0,82.42,14.37,0.0,3.0,10.0,1.0,1.0,17.0,3.0,2.0,30.0,13.0,10.0,76.92,77.39,3.0,0.0,12.0,5.0,60.0,3.0,5.0
1265,Primeira Liga (PT),26780,Arjen van der Heide,A. van der Heide,2001-11-19,30.88,7.31,7.94,10,10,0,184.0,18.4,0.0,0.5,61.0,6.1,4.6,75.41,75.85,12.97,0.2,1.2,1.1,0.2,0.3,1.5,0.3,0.2,7.4,2.3,1.6,69.56,68.46,0.2,0.0,5.1,1.4,35.71,0.5,1.7
1265,Primeira Liga (PT),26900,Hidemasa Morita,H. Morita,1995-05-10,63.18,20.2,13.57,31,30,1,3069.0,102.3,0.23,2.1,1008.0,33.6,29.97,89.19,89.26,15.09,1.73,8.73,8.1,0.8,0.93,22.37,7.13,6.2,13.73,5.17,4.0,77.42,72.46,0.67,0.07,10.33,3.1,61.29,1.9,4.0
1265,Primeira Liga (PT),27238,Diogo Dos Santos Cabral,Calila,1998-10-10,49.07,11.87,12.18,23,23,0,1046.0,45.48,0.0,0.87,321.0,13.96,10.61,76.01,82.47,16.12,0.78,2.3,2.96,0.17,0.26,11.04,2.96,2.0,13.43,4.09,3.09,75.53,76.83,0.48,0.0,5.48,1.3,43.33,0.57,3.17
1265,Primeira Liga (PT),27240,Tiago Alexandre  Sousa Esgaio,Tiago Esgaio,1995-08-01,93.13,24.28,23.9,29,28,1,2475.0,88.39,0.18,1.43,939.0,33.54,24.96,74.44,78.88,17.37,2.57,10.32,8.39,0.89,0.64,20.36,6.86,4.32,25.75,9.5,6.54,68.8,67.45,0.68,0.11,10.46,3.25,41.76,1.36,9.93
1265,Primeira Liga (PT),27242,Nilton Varela Lopes,Nilton Varela,2001-05-25,62.08,10.07,21.39,1,1,0,22.0,22.0,0.0,0.0,5.0,5.0,4.0,80.0,53.79,24.62,1.0,2.0,0.0,0.0,0.0,1.0,0.0,0.0,8.0,3.0,2.0,66.67,57.32,0.0,0.0,7.0,2.0,50.0,1.0,3.0
1265,Primeira Liga (PT),27244,Cassiano Dias Moreira,Cassiano,1989-06-16,65.25,13.01,18.53,31,30,1,572.0,19.07,0.1,0.4,172.0,5.73,3.97,69.19,73.08,11.44,0.1,2.83,1.03,0.67,0.2,0.4,0.1,0.07,7.23,2.2,1.7,77.27,72.32,0.2,0.1,5.17,1.27,55.26,0.7,1.87
1265,Primeira Liga (PT),27253,Ricardo Luís Chaby Mangas,Ricardo Mangas,1998-03-19,63.74,20.82,13.12,15,15,0,985.0,65.67,0.33,1.67,364.0,24.27,19.53,80.49,82.27,14.38,0.6,4.33,3.93,0.87,0.53,8.53,2.47,1.73,21.8,8.67,5.93,68.46,66.12,1.2,0.2,14.07,3.93,42.37,1.67,5.4
1265,Primeira Liga (PT),27254,Bruno Miguel Ponces Lourenço,Bruno Lourenço,1998-02-02,38.17,10.03,7.85,7,7,0,241.0,34.43,0.0,0.43,79.0,11.29,7.86,69.62,80.09,13.49,0.14,3.43,3.14,0.57,0.57,3.0,0.71,0.29,8.43,3.57,2.29,64.0,73.7,0.14,0.0,8.0,2.14,60.0,1.29,2.71
1265,Primeira Liga (PT),27265,Lawrence Ofori,L. Ofori,1998-06-28,55.07,11.1,15.97,16,15,1,818.0,54.53,0.07,1.13,237.0,15.8,13.13,83.12,82.97,15.27,0.87,4.07,3.07,0.2,0.53,7.33,1.73,1.2,10.47,4.07,3.2,78.69,71.26,0.53,0.0,8.73,2.2,57.58,1.27,3.07
1265,Primeira Liga (PT),27266,Patricio Nehuén Pérez,N. Pérez,2000-06-24,53.25,15.72,12.86,6,4,2,493.0,123.25,0.0,0.75,151.0,37.75,36.75,97.35,94.74,16.46,2.25,4.5,5.0,0.25,0.0,36.5,4.75,4.5,13.25,3.75,3.5,93.33,85.19,0.25,0.0,4.25,0.5,50.0,0.25,2.0
1265,Primeira Liga (PT),27268,Gustavo Enrique Giordano Assunção Amaro Da Silva,G. Assunção,2000-03-30,76.02,17.13,21.4,10,10,0,853.0,85.3,0.1,1.0,296.0,29.6,25.2,85.14,85.64,16.65,2.3,9.4,7.1,0.8,0.6,15.4,3.9,3.1,12.3,5.4,4.7,87.04,74.85,0.4,0.0,7.2,2.3,56.52,1.3,5.6
1265,Primeira Liga (PT),27270,Sandro César Cordovil de Lima,Sandro Lima,1990-10-28,53.7,13.3,15.77,29,29,0,843.0,29.07,0.07,0.79,277.0,9.55,7.66,80.15,81.99,11.44,0.21,3.31,2.14,0.48,0.41,0.76,0.24,0.1,11.62,3.83,2.97,77.48,78.23,0.41,0.03,6.0,1.76,68.63,1.21,1.69
1265,Primeira Liga (PT),27278,Vitor Carvalho Vieira,Vitor Carvalho,1997-05-27,76.46,25.78,17.35,15,15,0,2643.0,176.2,0.27,0.67,818.0,54.53,50.33,92.3,94.02,17.98,2.93,6.87,9.33,0.07,0.07,35.53,7.53,5.8,23.6,7.8,6.8,87.18,86.48,0.13,0.0,1.73,0.6,22.22,0.13,3.73
1265,Primeira Liga (PT),27290,Abdu Cadri Conté,Abdu Conté,1998-03-24,70.33,14.4,18.92,22,21,1,1217.0,57.95,0.14,0.86,419.0,19.95,15.1,75.66,77.31,14.87,1.05,4.29,4.19,0.33,0.14,10.52,3.76,2.81,17.43,6.62,4.43,66.91,66.45,0.43,0.1,8.9,2.05,32.56,0.67,6.24
1265,Primeira Liga (PT),27291,Nuno Miguel Valente Santos,Nuno Santos,1999-03-02,49.73,11.23,10.47,5,4,1,161.0,40.25,0.0,0.5,61.0,15.25,12.0,78.69,78.77,15.47,0.5,4.5,3.75,0.75,1.0,3.0,1.25,0.75,9.0,3.75,2.75,73.33,63.91,0.25,0.0,9.25,3.75,53.33,2.0,4.25
1265,Primeira Liga (PT),27292,Filipe Miguel Barros Soares,Filipe Soares,1999-05-20,50.59,10.99,12.24,18,17,1,982.0,57.76,0.06,1.0,273.0,16.06,13.76,85.71,85.07,16.61,1.41,3.76,2.59,0.29,0.35,8.24,2.29,2.0,11.06,4.35,3.18,72.97,76.55,0.53,0.06,7.59,1.76,63.33,1.12,2.59
1265,Primeira Liga (PT),27301,Bernardo Sousa Pereira Brites Martins,Benny,1997-12-04,49.93,11.38,14.13,14,14,0,782.0,55.86,0.29,0.71,201.0,14.36,11.86,82.59,83.1,14.59,0.79,3.93,2.29,0.14,0.14,6.86,2.14,1.5,13.29,4.43,3.64,82.26,76.21,0.36,0.21,8.79,1.64,78.26,1.29,2.0
1265,Primeira Liga (PT),27316,Pedro Miguel Gaspar Amaral,Pedro Amaral,1997-08-25,73.23,19.91,18.62,27,27,0,2465.0,91.3,0.19,1.37,852.0,31.56,26.0,82.39,85.12,15.46,1.3,6.41,7.0,0.81,0.52,20.37,5.67,4.19,20.7,7.37,5.22,70.86,71.07,0.52,0.11,10.93,3.04,42.68,1.3,5.74
1265,Primeira Liga (PT),27320,Guilherme Schettine Guimarães,Guilherme Schettine,1995-10-10,69.6,18.42,19.44,15,15,0,572.0,38.13,0.13,0.67,167.0,11.13,8.4,75.45,77.89,13.7,0.53,5.2,2.27,0.67,0.2,1.2,0.47,0.2,13.13,4.47,3.13,70.15,73.49,0.2,0.13,7.27,2.0,80.0,1.6,2.47
1265,Primeira Liga (PT),27321,Lincoln Henrique Oliveira dos Santos,Lincoln,1998-11-07,83.9,20.37,23.75,29,29,0,3090.0,106.55,0.1,1.93,943.0,32.52,26.76,82.29,83.62,15.04,1.66,9.83,6.14,0.83,0.66,12.52,3.59,2.48,23.34,7.9,5.93,75.11,72.79,0.69,0.07,14.03,3.83,54.95,2.1,6.48
1265,Primeira Liga (PT),27324,Zaidu Sanusi,Z. Sanusi,1997-06-13,61.5,17.39,15.08,17,14,3,1005.0,71.79,0.14,1.5,366.0,26.14,23.0,87.98,86.63,14.21,0.57,5.79,5.57,0.57,0.21,18.71,5.79,5.29,20.57,7.43,6.21,83.65,76.43,0.93,0.14,8.29,2.14,40.0,0.86,3.93
1265,Primeira Liga (PT),27498,Alexander Hartmann Bah,A. Bah,1997-12-09,58.58,17.55,12.95,9,9,0,620.0,68.89,0.22,1.22,214.0,23.78,19.0,79.91,82.61,16.01,1.33,5.11,5.11,0.22,0.33,15.78,3.89,2.22,21.11,7.33,5.11,69.7,71.26,0.78,0.11,8.78,1.78,43.75,0.78,4.44
1265,Primeira Liga (PT),27685, Teremas Igobor Moffi,T. Moffi,1999-05-25,35.81,8.3,8.48,9,8,1,85.0,10.62,0.0,0.5,26.0,3.25,1.88,57.69,67.71,8.23,0.0,1.0,0.75,0.38,0.25,0.12,0.0,0.0,4.12,1.62,0.88,53.85,74.42,0.25,0.0,4.25,1.38,45.45,0.62,1.38
1265,Primeira Liga (PT),28301,Vinícius Lopes da Silva,Vinícius Lopes,1999-05-07,60.8,16.33,14.93,28,27,1,1380.0,51.11,0.07,1.41,349.0,12.93,10.19,78.8,79.8,12.33,0.26,2.37,2.15,0.37,0.37,3.3,0.33,0.26,18.93,5.19,4.11,79.29,74.68,0.74,0.07,13.22,2.63,52.11,1.37,3.07
1265,Primeira Liga (PT),28314,Darlan Pereira Mendes,Darlan,1998-04-16,21.0,4.07,4.28,7,6,1,68.0,11.33,0.0,0.33,19.0,3.17,2.33,73.69,81.04,12.39,0.17,0.83,0.5,0.17,0.0,0.33,0.17,0.0,1.33,0.67,0.5,75.0,67.33,0.33,0.0,2.83,0.5,33.33,0.17,0.67
1265,Primeira Liga (PT),28338,Gabriel Veron Fonseca de Souza,Gabriel Veron,2002-09-03,67.95,16.87,18.18,12,10,2,429.0,42.9,0.1,1.8,134.0,13.4,10.5,78.36,79.95,11.45,0.2,4.2,2.1,0.5,0.4,3.0,0.6,0.3,13.9,5.1,4.0,78.43,73.54,0.8,0.1,10.4,2.8,60.71,1.7,2.4
1265,Primeira Liga (PT),28347,Igor Matheus Liziero Pereira,Liziero,1998-02-07,88.86,19.33,24.13,28,24,4,2383.0,99.29,0.25,1.54,760.0,31.67,26.92,85.0,85.56,17.08,2.71,10.42,7.38,0.42,0.67,13.83,4.0,2.75,14.83,6.33,4.62,73.03,73.35,0.38,0.04,9.71,2.46,61.02,1.5,5.33
1265,Primeira Liga (PT),28776,Morten Due Hjulmand,M. Hjulmand,1999-06-25,95.99,30.71,20.64,27,26,1,4528.0,174.15,0.46,3.23,1458.0,56.08,51.65,92.11,91.69,14.77,2.62,16.27,15.38,0.88,0.92,33.62,8.08,7.0,18.35,6.92,5.85,84.44,82.27,0.62,0.12,13.58,3.12,71.61,2.23,4.15
1265,Primeira Liga (PT),29173,Lucas Soares de Almeida,Lucas Soares,1998-05-04,79.86,19.65,20.89,28,27,1,2396.0,88.74,0.15,1.04,706.0,26.15,20.96,80.17,81.85,15.9,1.26,4.81,4.7,0.44,0.3,20.26,4.33,3.26,25.0,7.67,5.93,77.3,74.66,0.41,0.07,10.63,3.19,39.54,1.26,6.11
1265,Primeira Liga (PT),29175,Jefferson Anilson Silva Encada,J. Encada,1998-04-17,64.28,15.39,16.45,25,25,0,1741.0,69.64,0.12,1.08,576.0,23.04,18.88,81.94,83.37,14.96,0.72,3.88,5.88,0.28,0.4,11.96,3.0,2.12,18.48,5.96,4.56,76.51,74.43,0.56,0.08,9.56,2.52,46.03,1.16,4.48
1265,Primeira Liga (PT),29191,João Pedro Oliveira Gonçalves,J. Gonçalves,2000-11-05,98.29,21.65,27.4,6,6,0,280.0,46.67,0.0,0.0,105.0,17.5,13.0,74.29,85.88,25.1,3.33,5.83,2.83,0.0,0.0,22.17,5.83,2.67,7.33,3.0,2.67,88.89,95.02,0.0,0.0,0.0,0.0,,0.0,2.17
1265,Primeira Liga (PT),29194,Jóbson de Brito Gonzaga,Maracás,1994-04-27,97.73,25.25,26.72,29,28,1,3893.0,139.04,0.0,0.46,1492.0,53.29,48.32,90.68,93.68,18.39,3.5,8.14,15.93,0.18,0.0,27.21,7.07,5.04,17.21,6.43,5.71,88.89,88.82,0.18,0.0,1.21,0.39,45.45,0.18,4.21
1265,Primeira Liga (PT),29197,Simão Verza Bertelli,Simão,1993-07-02,98.86,21.69,29.37,12,12,0,691.0,57.58,0.0,0.17,242.0,20.17,14.42,71.49,82.71,24.71,3.58,3.33,3.0,0.0,0.0,21.92,5.83,2.25,12.58,3.5,3.0,85.71,90.57,0.0,0.0,0.0,0.0,,0.0,3.42
1265,Primeira Liga (PT),29221,João Nuno Figueiredo Valido,João Valido,2000-03-03,99.22,24.3,25.99,9,8,1,469.0,58.62,0.0,0.0,177.0,22.12,17.75,80.23,87.11,21.51,3.12,4.38,3.75,0.0,0.0,21.25,5.0,2.88,13.25,4.5,4.25,94.44,96.61,0.0,0.0,0.0,0.0,,0.0,3.0
1265,Primeira Liga (PT),29224,João Diogo Alves Rodrigues,Kikas,1998-09-17,76.81,18.91,18.2,17,16,1,300.0,18.75,0.19,0.62,123.0,7.69,5.56,72.36,73.6,12.7,0.25,3.75,0.69,0.44,0.19,0.5,0.12,0.06,9.31,3.19,2.25,70.59,66.48,0.25,0.06,6.69,1.88,50.0,0.94,2.0
1265,Primeira Liga (PT),29227,Michael Simões Domingues,Mika,1991-03-08,97.26,32.82,20.47,1,1,0,53.0,53.0,0.0,0.0,17.0,17.0,14.0,82.35,88.34,24.34,3.0,6.0,2.0,0.0,0.0,7.0,2.0,1.0,13.0,5.0,5.0,100.0,97.74,0.0,0.0,0.0,0.0,,0.0,2.0
1265,Primeira Liga (PT),29234,Ânderson Miguel da Silva,Nenê,1983-07-28,23.5,5.42,6.01,21,21,0,257.0,12.24,0.05,0.19,69.0,3.29,2.29,69.57,72.33,17.05,0.33,1.24,0.86,0.19,0.24,0.33,0.19,0.1,5.14,1.33,0.95,71.43,69.15,0.29,0.05,3.62,0.81,64.71,0.52,1.05
1265,Primeira Liga (PT),29708,Rodrigo Zalazar Martínez,Rodrigo Zalazar,1999-08-12,76.52,25.14,17.04,28,28,0,3573.0,127.61,0.43,2.29,969.0,34.61,28.89,83.49,81.05,13.57,1.21,7.29,5.82,0.79,0.79,13.54,3.11,2.07,38.21,11.21,8.07,71.97,67.24,1.0,0.18,28.39,6.36,56.18,3.57,8.25
1265,Primeira Liga (PT),29766,Christian Fernandes Marques,Christian Marques,2003-01-15,96.32,21.7,28.01,31,31,0,2870.0,92.58,0.0,0.52,1091.0,35.19,31.13,88.45,91.33,19.87,3.32,6.52,8.42,0.03,0.06,26.06,7.06,5.45,11.26,4.23,3.71,87.79,83.19,0.13,0.0,1.39,0.16,60.0,0.1,3.84
1265,Primeira Liga (PT),29796,Bright Akwo Arrey-Mbi,B. Arrey-Mbi,2003-03-26,87.6,28.72,20.09,23,23,0,2991.0,130.04,0.0,0.52,1152.0,50.09,46.04,91.93,93.19,15.59,1.7,7.52,14.91,0.04,0.0,34.04,10.3,8.78,21.26,9.04,8.09,89.42,88.21,0.13,0.0,1.3,0.39,44.44,0.17,4.0
1265,Primeira Liga (PT),29802,Alejandro Orellana Gómez,Jandro Orellana,2000-08-07,72.97,20.62,19.19,19,19,0,2158.0,113.58,0.26,2.05,695.0,36.58,32.32,88.34,88.64,13.06,0.63,14.21,9.11,0.79,0.95,17.95,4.79,4.0,13.53,5.26,4.11,78.0,75.79,0.79,0.16,10.05,2.89,65.45,1.89,4.47
1265,Primeira Liga (PT),30227,Ennio van der Gouw,E. van der Gouw,2000-02-14,98.57,26.4,27.67,10,10,0,822.0,82.2,0.0,0.3,281.0,28.1,23.3,82.92,87.27,25.75,5.8,4.3,2.0,0.0,0.0,26.0,7.3,3.7,14.8,4.2,3.5,83.33,88.29,0.0,0.0,0.1,0.1,0.0,0.0,4.0
1265,Primeira Liga (PT),30263,Telmo Emanuel Gomes Arcanjo,Telmo Arcanjo,2001-06-21,48.26,12.53,10.89,29,28,1,1474.0,52.64,0.14,1.39,383.0,13.68,10.71,78.33,79.53,16.38,1.0,2.68,1.5,0.14,0.18,4.79,1.0,0.75,16.96,4.04,3.04,75.22,72.64,0.64,0.14,12.64,2.75,57.14,1.57,3.61
1265,Primeira Liga (PT),30266,Eduardo Filipe Quaresma Coimbra Simões,Eduardo Quaresma,2002-03-02,80.93,26.38,17.31,16,15,1,2464.0,164.27,0.53,1.67,919.0,61.27,58.73,95.87,96.01,16.51,1.93,8.93,13.73,0.07,0.13,41.0,10.6,9.87,18.33,7.13,6.67,93.46,91.45,0.4,0.2,2.27,0.53,75.0,0.4,1.93
1265,Primeira Liga (PT),30270,Fabiano Josué de Souza Silva,Fabiano,2000-03-14,76.12,21.31,20.48,7,7,0,639.0,91.29,0.14,0.57,198.0,28.29,22.71,80.3,85.94,16.33,1.29,5.43,5.57,0.43,0.29,19.43,4.43,3.14,17.43,4.57,3.29,71.87,70.68,0.57,0.14,6.86,1.71,41.67,0.71,5.14
1265,Primeira Liga (PT),30276,Roberto de Jesus Machado,Bebeto,1990-01-01,84.86,19.1,24.09,24,24,0,2204.0,91.83,0.0,1.33,730.0,30.42,23.5,77.26,81.19,17.49,2.58,6.58,5.92,0.62,0.38,23.58,6.58,4.33,21.96,7.58,5.38,70.88,72.19,0.62,0.0,8.71,3.0,40.28,1.21,7.67
1265,Primeira Liga (PT),30293,Joelson Augusto Mendes Mango Fernandes,Joelson Fernandes,2003-02-28,47.32,12.37,10.66,24,24,0,950.0,39.58,0.17,0.88,231.0,9.62,7.54,78.36,80.09,14.86,0.67,1.92,1.33,0.33,0.12,2.17,0.46,0.29,13.88,2.54,1.71,67.21,68.29,0.33,0.08,12.17,2.33,44.64,1.04,2.67
1265,Primeira Liga (PT),30298,Sphepehlo S'Miso Sithole,Y. Sithole,1999-03-03,66.32,14.64,18.95,26,26,0,1908.0,73.38,0.0,0.96,624.0,24.0,20.08,83.65,88.31,15.04,1.23,6.54,5.88,0.5,0.5,9.88,2.46,1.85,10.12,3.85,2.85,74.0,77.12,0.38,0.04,6.35,1.54,60.0,0.92,3.12
1265,Primeira Liga (PT),30300,Gonçalo Bernardino Inácio,Gonçalo Inácio,2001-08-25,94.85,30.39,20.63,29,28,1,6116.0,218.43,0.43,2.57,2146.0,76.64,70.07,91.43,90.83,18.53,6.18,9.86,17.71,0.07,0.57,64.5,19.43,15.5,28.93,11.89,9.61,80.78,77.9,0.89,0.14,7.43,2.43,48.53,1.18,8.64
1265,Primeira Liga (PT),30324,Bruno Alberto Langa,Bruno Langa,1997-10-31,87.92,20.87,24.86,11,11,0,851.0,77.36,0.0,1.09,261.0,23.73,19.09,80.46,81.44,17.51,2.45,4.82,3.36,0.09,0.27,17.0,4.18,3.0,20.36,6.18,4.55,73.53,69.24,0.55,0.0,9.0,2.18,50.0,1.09,5.27
1265,Primeira Liga (PT),30877,Marc Gual Huguet,Marc Gual,1996-03-13,21.86,5.21,6.89,10,10,0,168.0,16.8,0.0,0.2,49.0,4.9,3.6,73.47,81.17,12.22,0.0,2.5,0.6,0.2,0.1,1.5,0.4,0.2,4.4,1.3,0.8,61.54,68.06,0.2,0.0,3.2,0.9,33.33,0.3,0.9
1265,Primeira Liga (PT),30920,Héctor José Hernández Marrero,Héctor Hernández,1995-09-14,44.57,10.99,10.28,9,9,0,172.0,19.11,0.0,0.56,61.0,6.78,5.89,86.89,83.85,13.25,0.22,3.56,0.89,0.56,0.11,0.78,0.0,0.0,4.22,1.89,1.67,88.24,79.13,0.11,0.0,3.33,1.22,81.82,1.0,1.11
1265,Primeira Liga (PT),30935,Iván Martínez Gonzálvez,Iván Barbero,1998-08-17,67.7,18.54,17.46,31,30,1,899.0,29.97,0.0,0.7,274.0,9.13,6.9,75.55,81.81,12.92,0.4,3.7,1.77,0.47,0.23,1.1,0.27,0.1,10.3,3.17,2.03,64.21,74.86,0.23,0.0,7.73,1.5,62.22,0.93,1.77
1265,Primeira Liga (PT),30953,Rémy Vita,R. Vita,2001-04-01,62.4,15.53,13.94,4,4,0,235.0,58.75,0.0,0.0,91.0,22.75,18.75,82.42,83.29,16.02,1.5,4.0,4.0,0.25,0.0,13.25,4.75,3.5,14.5,5.0,4.0,80.0,75.9,0.0,0.0,6.5,2.0,37.5,0.75,4.75
1265,Primeira Liga (PT),31598,Adriano Firmino dos Santos da Silva,Adriano Firmino,1999-11-04,87.72,22.09,23.68,18,18,0,2252.0,125.11,0.0,1.22,671.0,37.28,32.56,87.33,89.06,15.96,1.94,8.33,7.56,0.39,0.28,23.83,5.17,3.72,14.72,5.33,3.89,72.92,78.29,0.33,0.0,10.06,2.28,58.54,1.33,4.5
1265,Primeira Liga (PT),31658,Eduardo Gabriel Aquino Cossa,Pepê,1997-02-24,77.81,24.07,17.59,30,27,3,2552.0,94.52,0.19,2.52,675.0,25.0,19.07,76.3,74.9,14.69,1.11,4.07,4.93,0.63,1.19,12.56,3.44,2.15,37.63,10.26,6.93,67.51,66.03,1.3,0.11,25.11,7.04,56.84,4.0,8.48
1265,Primeira Liga (PT),31740,Gabriel Batista de Souza,Gabriel Batista,1998-06-03,99.28,24.91,25.16,32,31,1,1687.0,54.42,0.0,0.16,561.0,18.1,13.77,76.11,83.77,27.0,4.23,3.06,2.0,0.0,0.0,20.0,5.42,2.52,9.55,2.39,2.06,86.49,88.58,0.06,0.0,0.0,0.0,,0.0,2.45
1265,Primeira Liga (PT),31762,Lucas Alexandre Galdino de Azevedo,Lucão,2001-02-26,99.86,26.17,23.73,8,8,0,477.0,59.62,0.0,0.0,157.0,19.62,15.25,77.71,89.53,25.85,4.5,2.5,3.88,0.0,0.0,21.25,5.62,3.0,21.0,6.12,5.5,89.8,94.61,0.0,0.0,0.0,0.0,,0.0,1.5
1265,Primeira Liga (PT),31813,Welinton Macedo dos Santos,Welinton Torrão,1999-06-30,41.07,9.53,9.68,18,17,1,516.0,30.35,0.12,0.76,154.0,9.06,7.06,77.92,75.14,13.78,0.35,2.53,1.35,0.24,0.24,2.12,0.53,0.35,12.53,3.47,2.65,76.27,64.86,0.41,0.0,8.53,2.06,51.43,1.06,2.53
1265,Primeira Liga (PT),31815,Ulisses Wilson Jeronymo Rocha,Ulisses,1999-09-28,59.13,13.46,14.27,5,4,1,227.0,56.75,0.0,0.25,86.0,21.5,18.75,87.21,88.29,20.08,3.0,5.5,4.5,0.0,0.0,20.0,5.0,3.5,7.5,2.75,2.0,72.73,85.26,0.0,0.0,0.0,0.0,,0.0,2.25
1265,Primeira Liga (PT),31932,Miguel Baeza Pérez,Miguel Baeza,2000-03-27,56.44,14.13,14.88,14,11,3,453.0,41.18,0.0,0.64,150.0,13.64,11.45,84.0,83.85,16.49,1.27,5.09,2.91,0.27,0.18,2.0,0.73,0.64,11.45,3.73,2.91,78.05,77.5,0.36,0.0,8.18,1.55,58.82,0.91,2.27
1265,Primeira Liga (PT),31934,Gabriel Veiga Novas,Gabri Veiga,2002-05-27,56.67,17.52,13.17,31,28,3,1807.0,64.54,0.21,1.71,598.0,21.36,18.07,84.62,85.92,14.07,0.61,9.07,3.96,0.93,0.68,9.46,2.75,1.86,13.68,4.57,3.29,71.88,71.56,0.96,0.21,12.61,3.39,61.05,2.07,3.21
1265,Primeira Liga (PT),31971,Cedric Wilfred Teguia,Cedric Teguia,2001-10-01,45.48,11.38,12.99,21,21,0,795.0,37.86,0.0,1.1,254.0,12.1,8.67,71.65,77.81,15.47,0.57,2.86,2.38,0.14,0.33,3.95,1.57,0.9,12.67,4.33,2.81,64.84,67.48,0.29,0.0,7.52,2.43,54.9,1.33,3.24
1265,Primeira Liga (PT),32102,Kévin Boma,K. Boma,2002-11-20,89.87,22.73,23.65,21,21,0,2219.0,105.67,0.1,0.57,791.0,37.67,33.48,88.87,92.04,16.3,1.38,8.33,10.14,0.0,0.0,28.76,9.52,7.9,13.19,5.43,4.95,91.23,87.67,0.1,0.05,0.81,0.19,25.0,0.05,3.1
1265,Primeira Liga (PT),32468,Georgiy Sudakov,H. Sudakov,2002-09-01,68.93,20.77,15.68,22,21,1,2223.0,105.86,0.33,2.33,606.0,28.86,23.9,82.84,84.87,14.14,1.29,4.86,5.71,0.52,1.0,14.95,3.81,2.86,25.1,6.38,4.71,73.88,73.58,0.76,0.1,25.1,5.43,57.9,3.14,4.95
1265,Primeira Liga (PT),32509,Justin de Haas,J. de Haas,2000-02-01,99.99,25.6,25.07,31,30,1,4787.0,159.57,0.1,1.2,1688.0,56.27,50.77,90.23,92.12,19.91,4.5,7.73,10.83,0.0,0.0,49.4,11.83,9.2,20.1,6.4,5.3,82.81,82.83,0.33,0.03,4.4,0.9,37.04,0.33,5.43
1265,Primeira Liga (PT),32834,Patrick de Paula Carreiro,Patrick de Paula,1999-09-08,50.65,12.96,12.88,9,9,0,630.0,70.0,0.0,0.56,176.0,19.56,15.89,81.25,85.87,15.66,1.44,5.78,4.11,0.11,0.33,11.89,3.0,1.67,9.89,3.22,2.78,86.21,74.56,0.44,0.0,7.11,1.44,69.23,1.0,3.11
1265,Primeira Liga (PT),32837,Gabriel Silva Vieira,Gabriel Silva,2002-03-22,82.88,20.95,20.35,29,28,1,1690.0,60.36,0.07,1.18,443.0,15.82,11.32,71.56,75.68,13.25,0.54,5.07,1.61,0.82,0.39,5.25,1.29,0.61,23.5,6.04,3.64,60.36,69.78,0.57,0.04,18.25,4.57,51.56,2.36,4.68
1265,Primeira Liga (PT),32890,Roni Medeiros De Moura,Roni,1999-04-15,88.59,16.79,28.71,16,15,1,1241.0,82.73,0.0,1.33,366.0,24.4,20.4,83.61,82.28,14.7,0.8,6.8,5.8,0.73,0.07,11.2,3.27,2.6,8.87,3.4,2.87,84.31,78.36,0.33,0.0,6.33,1.53,56.52,0.87,5.07
1265,Primeira Liga (PT),32896,David Sousa Albino,David Sousa,2001-07-04,96.94,18.68,26.83,26,26,0,2448.0,94.15,0.04,0.42,812.0,31.23,24.35,77.96,83.59,20.19,3.69,5.73,5.58,0.12,0.12,30.27,9.08,5.65,15.35,5.85,4.31,73.68,74.37,0.19,0.04,2.65,0.69,44.44,0.31,6.81
1265,Primeira Liga (PT),32906,Weverson Moreira da Costa,Weverson,2000-07-05,31.16,9.2,5.66,1,1,0,35.0,35.0,0.0,0.0,12.0,12.0,10.0,83.33,92.11,22.03,3.0,1.0,5.0,0.0,0.0,10.0,3.0,3.0,15.0,5.0,5.0,100.0,93.01,0.0,0.0,2.0,0.0,,0.0,1.0
1265,Primeira Liga (PT),32918,Paulo Henrique Pereira da Silva,Paulinho Bóia,1998-06-26,92.51,20.16,24.21,33,29,4,2257.0,77.83,0.14,1.93,541.0,18.66,13.34,71.53,76.54,16.56,1.41,3.76,2.86,0.66,0.69,6.48,1.72,1.1,28.45,7.17,4.48,62.5,67.42,1.0,0.07,22.9,5.41,45.22,2.45,5.66
1265,Primeira Liga (PT),32928,Leonardo Javier Realpe Montaño,L. Realpe,2001-02-26,78.7,20.03,19.39,24,23,1,2327.0,101.17,0.04,0.7,845.0,36.74,32.09,87.34,91.23,19.79,2.87,4.87,9.0,0.09,0.0,27.61,7.26,4.57,11.87,4.13,3.17,76.84,80.76,0.04,0.0,2.17,0.74,35.29,0.26,4.04
1265,Primeira Liga (PT),32979,Richard Ríos Montoya,R. Ríos,2000-06-02,92.6,26.74,20.94,27,26,1,3337.0,128.35,0.42,1.73,1004.0,38.62,33.31,86.26,88.92,16.24,2.35,10.27,8.19,0.58,0.62,23.12,4.58,3.12,19.88,7.19,5.46,75.94,79.46,0.73,0.27,16.27,3.15,56.1,1.77,4.96
1265,Primeira Liga (PT),32992,Matheus Mendes Werneck de Oliveira,Matheus Mendes,1999-03-10,99.27,23.88,27.71,9,9,0,358.0,39.78,0.0,0.0,117.0,13.0,9.67,74.36,81.66,24.68,2.89,3.22,2.0,0.0,0.0,12.89,3.0,1.56,7.56,1.78,1.67,93.75,94.91,0.0,0.0,0.0,0.0,,0.0,2.78
1265,Primeira Liga (PT),33028,Pedro Miguel Dinis Ferreira,Pedro Ferreira,1998-01-05,68.48,17.46,17.3,31,30,1,1769.0,58.97,0.0,0.77,579.0,19.3,15.1,78.24,83.17,15.38,0.8,5.67,4.93,0.37,0.43,7.27,2.2,1.63,8.1,3.3,2.27,68.69,72.73,0.33,0.0,6.07,1.63,44.9,0.73,4.27
1265,Primeira Liga (PT),33154,Simon Elisor,S. Elisor,1999-07-22,67.55,17.41,17.3,33,32,1,1013.0,31.66,0.09,1.0,265.0,8.28,6.34,76.6,78.18,13.0,0.38,2.84,1.41,0.31,0.31,0.69,0.12,0.09,13.84,3.25,2.66,81.73,74.14,0.75,0.06,10.41,2.0,73.44,1.47,1.84
1265,Primeira Liga (PT),33173,Lenny Vallier,L. Vallier,1999-04-24,62.34,14.09,15.5,14,12,2,589.0,49.08,0.0,0.83,211.0,17.58,13.67,77.73,80.47,14.91,0.75,3.92,2.92,0.75,0.42,7.58,1.83,1.17,12.17,5.42,3.92,72.31,75.41,0.33,0.0,6.92,2.75,33.33,0.92,4.83
1265,Primeira Liga (PT),33624,Francisco Sampaio Moura,Francisco Moura,1999-08-16,68.48,21.85,14.86,21,21,0,1666.0,79.33,0.14,1.57,588.0,28.0,24.14,86.22,87.53,13.5,0.62,5.48,6.67,0.71,0.62,17.29,3.67,2.86,16.76,5.86,4.76,81.3,75.52,0.71,0.05,11.1,2.57,53.7,1.38,4.29
1265,Primeira Liga (PT),33626,Cristian David Castro Devenish,C. Devenish,2001-01-25,91.59,18.93,27.9,26,26,0,2253.0,86.65,0.0,0.58,813.0,31.27,26.46,84.63,88.57,19.66,2.77,5.73,5.58,0.08,0.04,24.19,6.96,4.81,12.27,4.65,3.58,76.86,78.14,0.15,0.0,1.77,0.65,47.06,0.31,4.62
1265,Primeira Liga (PT),33629,Sebastián Pérez Cardona,S. Pérez,1993-03-29,64.34,13.89,17.12,27,27,0,1827.0,67.67,0.0,0.59,598.0,22.15,18.96,85.62,88.56,18.44,2.11,7.3,4.56,0.19,0.41,11.0,2.89,1.89,7.04,2.74,2.04,74.32,73.72,0.22,0.0,4.22,1.3,51.43,0.67,3.26
1265,Primeira Liga (PT),33655,Daniel Santos Bragança,Daniel Bragança,1999-05-27,41.9,13.98,8.52,14,14,0,1052.0,75.14,0.36,1.64,345.0,24.64,22.43,91.01,90.87,15.43,1.29,6.5,5.86,0.64,0.79,12.57,3.43,3.0,8.93,3.29,2.64,80.44,73.81,0.5,0.0,9.79,2.5,65.72,1.64,2.43
1265,Primeira Liga (PT),33658,Witiness Chimoio João Quembo,Witi,1996-08-26,42.76,8.87,11.12,26,23,3,687.0,29.87,0.04,0.74,190.0,8.26,5.78,70.0,71.41,15.15,0.48,1.7,1.0,0.35,0.3,1.35,0.35,0.17,11.91,3.43,2.22,64.56,61.45,0.35,0.04,8.04,2.65,47.54,1.26,3.35
1265,Primeira Liga (PT),33674,Tiago Fontoura Fonseca Morais,Tiago Morais,2003-09-03,40.74,8.43,11.07,19,18,1,534.0,29.67,0.06,0.44,156.0,8.67,5.67,65.38,72.02,14.44,0.61,3.28,1.72,0.28,0.5,1.94,0.83,0.39,10.28,3.11,1.67,53.57,64.93,0.22,0.0,8.11,2.67,50.0,1.33,3.06
1265,Primeira Liga (PT),33885,Yahya Kalley,Y. Kalley,2001-03-20,11.93,2.65,3.46,2,2,0,17.0,8.5,0.0,0.0,5.0,2.5,1.5,60.0,72.5,21.48,0.5,0.0,1.0,0.0,0.0,1.0,0.5,0.5,4.0,2.5,1.5,60.0,72.5,0.0,0.0,2.0,0.5,0.0,0.0,1.0
1265,Primeira Liga (PT),33926,Muhammed Kerem Aktürkoğlu,K. Aktürkoğlu,1998-10-21,29.2,8.82,6.52,1,1,0,26.0,26.0,0.0,1.0,8.0,8.0,6.0,75.0,64.31,14.03,0.0,0.0,2.0,0.0,2.0,1.0,0.0,0.0,14.0,8.0,6.0,75.0,64.31,1.0,0.0,17.0,7.0,71.43,5.0,4.0
1265,Primeira Liga (PT),34066,Samuel Jumpe Soares,Samuel Soares,2002-06-15,97.52,30.65,23.14,2,2,0,67.0,33.5,0.0,0.0,31.0,15.5,11.5,74.19,88.14,21.2,1.5,3.0,1.0,0.0,0.0,12.0,5.0,2.0,9.5,3.0,3.0,100.0,98.59,0.0,0.0,0.0,0.0,,0.0,2.0
1265,Primeira Liga (PT),34113,Jordi Escobar Fernández,J. Escobar,2002-02-10,35.68,8.93,9.48,5,5,0,55.0,11.0,0.0,0.4,17.0,3.4,1.8,52.94,60.6,14.89,0.0,1.8,0.4,0.8,0.4,0.6,0.2,0.0,5.6,1.4,0.4,28.57,55.8,0.2,0.0,4.8,1.6,25.0,0.4,2.0
1265,Primeira Liga (PT),34125,José Carlos Teixeira Lopes Reis Gonçalves,Zé Carlos,1998-07-31,85.61,21.78,21.06,32,31,1,2273.0,73.32,0.1,1.13,821.0,26.48,20.58,77.71,80.35,17.08,1.61,7.0,6.42,0.71,0.45,19.77,6.65,4.87,21.84,8.42,6.16,73.18,72.24,0.65,0.06,9.23,2.58,42.5,1.1,6.65
1265,Primeira Liga (PT),34144,Francisco José Navarro Aliaga,Fran Navarro,1998-02-03,49.63,16.62,10.66,29,29,0,646.0,22.28,0.0,0.31,202.0,6.97,5.97,85.64,82.34,9.96,0.1,2.0,1.76,0.31,0.38,0.76,0.17,0.1,7.03,2.41,2.07,85.71,78.04,0.17,0.03,4.34,1.0,79.31,0.79,1.1
1265,Primeira Liga (PT),34192,Martin Turk,M. Turk,2003-08-21,95.83,28.66,25.01,3,3,0,139.0,46.33,0.0,0.0,42.0,14.0,12.67,90.48,93.26,20.69,1.33,3.67,2.33,0.0,0.0,23.0,2.0,1.67,9.33,4.33,4.33,100.0,96.07,0.0,0.0,0.0,0.0,,0.0,0.67
1265,Primeira Liga (PT),34260,Cezary Miszta,C. Miszta,2001-10-30,98.98,24.26,28.01,21,21,0,1505.0,71.67,0.05,0.05,482.0,22.95,17.19,74.9,81.86,27.9,6.29,3.48,3.1,0.0,0.0,26.52,7.38,3.71,17.1,4.67,4.14,88.77,88.25,0.0,0.0,0.0,0.0,,0.0,4.14
1265,Primeira Liga (PT),34299,Rodrigo Abascal Barros,R. Abascal,1994-01-14,93.72,23.8,21.96,27,26,1,3750.0,144.23,0.08,0.81,1234.0,47.46,39.35,82.9,85.73,20.71,5.31,7.69,6.38,0.35,0.31,41.65,12.81,8.96,18.69,5.92,4.77,80.52,76.27,0.31,0.04,5.04,1.58,24.39,0.38,8.92
1265,Primeira Liga (PT),34573,Óscar Aranda Subiela,Óscar Aranda,2002-04-29,24.8,7.36,3.24,1,1,0,22.0,22.0,0.0,1.0,6.0,6.0,6.0,100.0,86.8,16.16,0.0,2.0,0.0,0.0,0.0,5.0,0.0,0.0,6.0,1.0,1.0,100.0,45.98,1.0,0.0,4.0,1.0,100.0,1.0,1.0
1265,Primeira Liga (PT),35435,Diogo Pinheiro Monteiro,Diogo Monteiro,2005-01-28,42.92,10.34,12.21,8,8,0,265.0,33.12,0.0,0.62,101.0,12.62,10.25,81.19,83.21,17.16,0.88,3.5,2.75,0.0,0.12,7.88,2.0,1.38,11.38,4.12,3.12,75.76,74.56,0.62,0.0,2.38,0.88,28.57,0.25,3.38
1265,Primeira Liga (PT),35621,Jordan Holsgrove,J. Holsgrove,1999-09-10,93.07,24.89,23.72,33,33,0,6747.0,204.45,0.3,2.67,2111.0,63.97,56.3,88.02,87.89,15.38,3.97,16.85,14.61,1.03,0.82,40.24,11.58,9.15,19.64,8.12,5.79,71.27,70.47,0.88,0.06,15.76,4.33,48.95,2.12,9.03
1265,Primeira Liga (PT),35639,Luís André Leite Esteves,Luís Esteves,1998-04-09,90.09,22.74,22.13,33,32,1,4099.0,128.09,0.22,2.72,1303.0,40.72,33.88,83.19,83.8,17.56,4.12,13.62,8.5,1.41,1.38,17.41,4.94,3.56,29.09,9.59,7.19,74.92,73.44,1.22,0.16,24.62,6.72,57.21,3.84,7.59
1265,Primeira Liga (PT),35875,João Pedro Eira Antunes da Silva,João Silva,1999-01-14,93.22,22.39,25.33,12,12,0,1268.0,105.67,0.0,0.42,449.0,37.42,32.33,86.41,90.19,18.3,2.92,6.67,6.5,0.08,0.0,30.5,7.25,5.17,18.17,6.17,5.0,81.08,85.43,0.17,0.0,1.42,0.33,50.0,0.17,5.17
1265,Primeira Liga (PT),35948,Tiago Maria Antunes Gouveia,Tiago Gouveia,2001-06-18,5.66,0.66,1.1,1,1,0,0.0,0.0,0.0,0.0,0.0,0.0,0.0,,,,0.0,0.0,0.0,0.0,0.0,0.0,0.0,0.0,0.0,0.0,0.0,,,0.0,0.0,0.0,0.0,,0.0,0.0
1265,Primeira Liga (PT),35949,Henrique  Pereira Araújo,Henrique Araújo,2002-01-19,8.99,3.18,1.39,5,5,0,11.0,2.2,0.0,0.0,2.0,0.4,0.4,100.0,67.6,6.41,0.0,0.2,0.0,0.0,0.0,0.0,0.0,0.0,0.8,0.4,0.4,100.0,67.6,0.0,0.0,0.4,0.0,,0.0,0.2
1265,Primeira Liga (PT),35955,Rafael Alexandre Sousa Gancho Brito,Rafael Brito,2002-01-19,66.0,12.36,19.23,25,24,1,1045.0,43.54,0.08,0.5,392.0,16.33,12.33,75.51,80.13,16.21,0.62,8.5,2.96,0.67,0.38,5.0,1.46,0.92,6.29,2.67,1.88,70.31,72.61,0.08,0.0,5.54,1.67,60.0,1.0,3.54
1265,Primeira Liga (PT),35960,Tomás Lemos Araújo,Tomás Araújo,2002-05-16,82.55,23.87,19.34,23,22,1,2811.0,127.77,0.23,1.45,992.0,45.09,41.09,91.13,90.69,20.0,4.82,7.32,8.09,0.05,0.09,38.45,12.41,10.55,23.55,9.5,8.0,84.21,83.48,0.45,0.09,4.45,1.14,44.0,0.5,5.14
1265,Primeira Liga (PT),35984,Christian Neiva Afonso,Kiki,1994-12-10,61.66,13.07,17.53,27,26,1,1345.0,51.73,0.04,0.65,487.0,18.73,13.04,69.61,74.55,17.16,1.42,5.42,3.73,0.69,0.35,12.35,4.54,2.65,14.58,5.35,3.54,66.19,67.78,0.15,0.0,9.42,3.0,33.33,1.0,6.65
1265,Primeira Liga (PT),35985,Fábio Samuel Amorim da Silva,Samu,1996-04-21,76.85,20.68,18.24,29,28,1,2027.0,72.39,0.18,1.75,659.0,23.54,18.86,80.12,81.97,14.45,1.11,7.71,5.64,1.04,1.21,8.46,2.25,1.46,16.64,6.32,4.39,69.49,72.71,0.75,0.11,13.61,3.79,48.11,1.82,5.04
1265,Primeira Liga (PT),35996,Francisco Miguel Ribeiro Tomé Tavares Bondoso,Kiko Bondoso,1995-11-17,69.78,19.23,19.05,31,29,2,1782.0,61.45,0.34,1.52,613.0,21.14,17.45,82.54,81.76,13.09,0.59,5.76,3.48,0.41,0.38,5.93,1.86,1.17,25.03,9.28,7.38,79.55,75.0,1.0,0.21,12.79,3.17,59.78,1.9,4.72
1265,Primeira Liga (PT),36637,Alan Gonzalo Varela,A. Varela,2001-07-04,83.57,24.58,19.91,30,27,3,3029.0,112.19,0.11,1.41,971.0,35.96,31.59,87.85,88.84,15.6,1.7,11.41,8.37,1.0,0.63,24.96,6.26,4.67,14.3,5.19,3.74,72.14,71.94,0.22,0.07,11.37,3.07,48.19,1.48,4.52
1265,Primeira Liga (PT),36834,Facundo Agustín Cáseres,F. Cáseres,2001-05-28,82.24,20.56,20.91,29,28,1,2428.0,86.71,0.07,0.93,858.0,30.64,28.29,92.31,91.65,17.87,2.79,10.89,6.93,0.21,0.11,13.11,3.75,3.43,7.75,3.18,3.04,95.51,85.47,0.11,0.0,2.75,0.68,57.9,0.39,2.25
1265,Primeira Liga (PT),36926,Dario Špikić,D. Špikić,1999-03-22,63.18,16.52,18.65,30,30,0,1468.0,48.93,0.23,1.37,443.0,14.77,11.8,79.91,79.62,12.85,0.3,2.93,2.4,0.37,0.5,2.53,0.6,0.37,15.7,5.13,3.93,76.62,72.47,0.8,0.13,11.5,2.8,63.1,1.77,3.8
1265,Primeira Liga (PT),37712,Issiar Dramé,I. Dramé,1999-02-16,7.98,3.22,1.18,1,1,0,24.0,24.0,0.0,0.0,5.0,5.0,5.0,100.0,97.94,17.96,0.0,0.0,0.0,0.0,0.0,2.0,1.0,1.0,5.0,1.0,1.0,100.0,99.01,0.0,0.0,0.0,0.0,,0.0,0.0
1265,Primeira Liga (PT),37805,Pablo Felipe Pereira de Jesus,Pablo Felipe,2004-01-02,77.41,18.54,19.14,13,12,1,459.0,38.25,0.17,1.83,115.0,9.58,7.5,78.26,76.19,11.38,0.42,3.92,1.92,0.67,0.83,1.42,0.42,0.42,13.17,3.75,2.92,77.78,72.56,1.17,0.08,10.75,3.0,83.33,2.5,2.67
1265,Primeira Liga (PT),37829,Max Svensson Río,Max Svensson,2001-11-08,35.47,7.87,8.93,6,6,0,136.0,22.67,0.0,0.67,36.0,6.0,3.33,55.56,72.58,11.84,0.0,2.33,0.83,0.33,0.0,0.67,0.17,0.17,9.83,2.83,1.33,47.06,70.98,0.33,0.0,7.83,1.5,44.44,0.67,1.83
1265,Primeira Liga (PT),37953,Andreas Rædergård Schjelderup,A. Schjelderup,2004-06-01,66.59,20.17,14.18,28,28,0,2340.0,83.57,0.21,2.5,635.0,22.68,18.07,79.68,78.11,12.59,0.18,4.18,3.64,0.68,0.96,8.04,1.86,1.29,30.0,8.04,5.82,72.44,66.97,1.04,0.07,32.86,7.0,57.65,4.04,6.18
1265,Primeira Liga (PT),38127,Luan Patrick Wiedthauper,Luan Patrick,2002-01-20,96.08,22.57,24.05,30,29,1,3653.0,125.97,0.1,0.79,1334.0,46.0,40.38,87.78,89.4,19.43,4.86,9.48,10.97,0.1,0.14,36.45,10.69,8.28,16.48,6.0,4.9,81.61,84.4,0.14,0.0,2.41,0.72,38.1,0.28,6.03
1265,Primeira Liga (PT),38128,Alfonso Trezza Hernández,A. Trezza,1999-06-22,79.09,20.34,20.55,32,31,1,1315.0,42.42,0.16,1.19,411.0,13.26,9.26,69.83,73.72,14.29,0.58,3.68,3.39,0.81,0.55,3.03,0.61,0.35,16.1,4.94,2.77,56.21,61.68,0.65,0.06,11.94,3.39,40.95,1.39,4.16
1265,Primeira Liga (PT),38415,Diego Ariel Duarte Garcete,D. Duarte,2002-04-08,52.66,10.4,16.15,27,26,1,416.0,16.0,0.04,0.54,142.0,5.46,3.46,63.38,72.95,13.11,0.42,2.15,0.73,0.12,0.15,0.46,0.12,0.08,6.35,2.19,1.46,66.67,70.71,0.5,0.04,4.58,1.12,51.72,0.58,1.54
1265,Primeira Liga (PT),38984,Tiago Galletto López,T. Galletto,2002-05-11,42.11,8.02,12.68,16,15,1,274.0,18.27,0.0,0.27,113.0,7.53,6.4,84.96,90.7,16.36,0.4,1.93,1.8,0.07,0.13,2.27,0.93,0.73,2.47,0.93,0.87,92.86,89.53,0.0,0.0,1.07,0.33,40.0,0.13,0.67
1265,Primeira Liga (PT),38998,Jesús Andrés Ramírez Díaz,J. Ramírez,1998-05-04,95.94,20.87,25.21,33,29,4,1322.0,45.59,0.14,1.14,389.0,13.41,10.1,75.32,77.56,13.26,0.69,5.34,2.66,0.69,0.66,1.1,0.24,0.1,16.69,4.55,3.24,71.21,75.62,0.48,0.1,14.66,2.93,49.41,1.45,3.17
1265,Primeira Liga (PT),39576,Nico Mantl,N. Mantl,2000-02-06,99.97,25.1,26.8,8,8,0,469.0,58.62,0.0,0.0,158.0,19.75,14.62,74.05,85.69,23.01,2.62,3.75,1.62,0.0,0.0,19.62,6.0,2.38,15.25,5.0,4.88,97.5,95.97,0.0,0.0,0.0,0.0,,0.0,2.25
1265,Primeira Liga (PT),40367,Nile Omari Mckenzie John,Nile John,2003-03-06,59.05,15.33,15.98,14,12,2,545.0,45.42,0.08,1.25,171.0,14.25,12.08,84.79,85.89,14.41,0.5,4.58,3.58,0.33,0.25,5.08,1.5,0.92,9.25,3.42,2.75,80.49,77.82,0.67,0.08,7.08,1.75,66.67,1.17,2.17
1265,Primeira Liga (PT),40591,Alejandro Josè Marqués Méndez,Alejandro Marqués,2000-08-04,49.33,13.61,12.32,26,26,0,663.0,25.5,0.04,0.35,160.0,6.15,4.88,79.38,83.43,12.28,0.04,1.96,0.73,0.35,0.04,0.46,0.08,0.04,8.69,2.04,1.42,69.81,76.44,0.19,0.08,6.81,1.0,65.39,0.65,0.92
1265,Primeira Liga (PT),41244,Enzo Alan Tomás Barrenechea,E. Barrenechea,2001-05-22,74.7,22.1,16.98,26,25,1,3606.0,144.24,0.12,1.64,1196.0,47.84,44.36,92.73,93.21,18.38,4.72,11.24,10.24,0.56,0.2,25.68,5.96,5.36,14.16,5.28,4.68,88.64,87.33,0.28,0.0,10.24,1.52,73.68,1.12,2.72
1265,Primeira Liga (PT),41621,Patrick Gilmar Sequeira Mejías,P. Sequeira,1999-03-01,96.95,18.73,27.18,29,28,1,1345.0,48.04,0.0,0.04,412.0,14.71,9.75,66.26,80.63,27.65,3.32,3.46,1.29,0.0,0.0,22.04,6.39,2.82,8.57,2.46,2.32,94.2,91.12,0.04,0.0,0.0,0.0,,0.0,2.14
1265,Primeira Liga (PT),42185,Xander Severina,X. Severina,2001-04-12,25.85,5.34,6.08,5,5,0,72.0,14.4,0.0,0.2,24.0,4.8,3.6,75.0,77.45,15.77,0.2,1.2,1.6,0.4,0.2,0.2,0.0,0.0,3.8,1.2,1.2,100.0,80.4,0.2,0.0,3.0,1.2,66.67,0.8,1.6
1265,Primeira Liga (PT),42283,Andrew da Silva Ventura,Andrew,2001-07-01,97.66,23.74,23.85,17,16,1,983.0,61.44,0.0,0.0,324.0,20.25,15.69,77.47,87.5,25.24,4.0,5.38,1.69,0.0,0.0,19.19,5.75,3.06,17.5,4.69,3.94,84.0,91.29,0.0,0.0,0.0,0.0,,0.0,2.19
1265,Primeira Liga (PT),42452,Santiago García González ,Santi García,2001-08-29,88.83,22.75,21.64,33,32,1,2605.0,81.41,0.19,2.84,761.0,23.78,19.44,81.73,82.27,14.8,1.41,7.41,5.09,1.38,1.12,7.34,1.75,1.41,23.16,7.19,5.81,80.87,77.16,1.34,0.12,19.12,4.81,62.34,3.0,4.53
1265,Primeira Liga (PT),42457,Ángel Algobia Esteves,Á. Algobia,1999-06-23,56.55,11.19,17.48,21,21,0,925.0,44.05,0.05,0.9,312.0,14.86,11.62,78.21,84.56,15.78,0.71,5.05,3.71,0.38,0.33,3.95,1.29,0.86,5.81,2.19,1.48,67.39,73.7,0.29,0.0,5.24,1.33,46.43,0.62,2.71
1265,Primeira Liga (PT),42593,Marvin Elimbi,M. Elimbi,2003-02-20,95.94,23.33,24.14,28,27,1,2723.0,100.85,0.04,0.56,1074.0,39.78,34.74,87.34,91.74,21.54,4.48,7.56,9.89,0.04,0.07,26.96,8.37,6.26,16.59,6.04,4.89,80.98,85.93,0.11,0.0,1.81,0.67,44.45,0.3,4.26
1265,Primeira Liga (PT),42650,Ismael Gharbi ,Ismael Gharbi,2004-04-10,68.88,28.49,12.02,1,1,0,85.0,85.0,0.0,0.0,27.0,27.0,22.0,81.48,83.07,15.29,1.0,4.0,9.0,2.0,1.0,5.0,0.0,0.0,25.0,10.0,7.0,70.0,70.16,0.0,0.0,15.0,6.0,50.0,3.0,6.0
1265,Primeira Liga (PT),42749,Nikolaos Athanasiou,N. Athanasiou,2001-03-16,83.7,20.44,24.2,17,17,0,1463.0,86.06,0.06,1.53,502.0,29.53,22.94,77.69,78.42,18.22,2.76,8.06,4.53,0.59,0.18,16.12,4.53,2.82,29.06,10.29,7.18,69.71,68.87,0.94,0.06,13.18,4.24,41.67,1.76,9.06
1265,Primeira Liga (PT),42980,Nabil Zoubdi Touaizi,Nabil Touaizi,2001-02-01,94.93,22.16,27.25,32,32,0,3062.0,95.69,0.25,1.69,982.0,30.69,22.78,74.24,73.99,15.82,2.09,6.59,5.19,0.94,0.31,14.09,4.34,3.0,32.44,11.16,7.72,69.19,65.41,0.84,0.12,18.38,5.25,37.5,1.97,10.91
1265,Primeira Liga (PT),43052,Adrian Leon Barišić,A. Barišić,2001-07-19,80.61,26.5,20.15,6,6,0,735.0,122.5,0.17,0.5,273.0,45.5,40.83,89.74,92.55,16.99,2.83,6.67,11.0,0.0,0.0,28.67,8.83,6.67,24.0,8.67,7.5,86.54,84.67,0.33,0.17,1.17,0.67,100.0,0.67,4.83
1265,Primeira Liga (PT),43304,Zeno Debast,Z. Debast,2003-10-24,78.51,25.2,16.84,17,17,0,2573.0,151.35,0.35,1.59,962.0,56.59,51.71,91.37,92.77,20.93,7.82,6.35,13.65,0.06,0.24,42.0,11.65,9.06,20.76,8.0,6.53,81.62,78.51,0.65,0.12,5.29,1.65,57.14,0.94,5.18
1265,Primeira Liga (PT),43668,Gian Franco Cabezas Rodríguez,G. Cabezas,2003-01-01,12.56,2.5,2.75,5,5,0,58.0,11.6,0.0,0.4,18.0,3.6,3.2,88.89,91.79,17.97,0.6,1.0,1.0,0.0,0.0,1.0,0.2,0.0,1.0,0.2,0.2,100.0,62.9,0.2,0.0,0.6,0.0,,0.0,0.4
1265,Primeira Liga (PT),43883,Elias Manoel Alves de Paula,Elias Manoel,2001-11-30,26.19,6.63,5.31,15,15,0,184.0,12.27,0.0,0.4,51.0,3.4,2.47,72.55,75.53,14.55,0.13,1.53,0.6,0.33,0.27,0.53,0.07,0.0,5.73,1.53,1.2,78.26,72.95,0.27,0.0,4.13,0.87,61.54,0.53,0.8
1265,Primeira Liga (PT),43884,Adriel Vasconcelos Ramos,Adriel,2001-01-14,99.24,18.88,31.37,16,15,1,891.0,59.4,0.07,0.07,247.0,16.47,10.8,65.59,82.36,29.44,3.8,2.0,1.6,0.0,0.0,23.67,5.47,2.07,10.8,2.73,1.73,63.41,79.7,0.07,0.0,0.0,0.0,,0.0,2.67
1265,Primeira Liga (PT),46857,Leonardo Rodrigues dos Santos,Léo Santos,1998-12-09,98.03,20.91,26.36,31,28,3,2746.0,98.07,0.04,0.75,1010.0,36.07,30.43,84.36,89.38,19.46,3.32,6.18,8.04,0.25,0.0,27.11,6.93,4.5,16.04,6.04,5.0,82.84,85.36,0.14,0.0,2.07,0.82,60.87,0.5,5.25
1265,Primeira Liga (PT),46948,Lukas Hornicek,L. Hornicek,2002-07-13,99.09,33.61,21.81,33,33,0,2792.0,84.61,0.0,0.0,905.0,27.42,21.88,79.78,86.85,21.04,3.15,3.91,5.94,0.0,0.0,27.79,6.73,3.03,25.52,7.61,6.64,87.25,90.64,0.0,0.0,0.03,0.03,100.0,0.03,4.61
1265,Primeira Liga (PT),47752,Gustavo Garcia dos Santos,Garcia,2002-01-04,55.68,14.37,14.0,12,12,0,782.0,65.17,0.0,1.0,275.0,22.92,18.92,82.55,80.47,17.7,2.17,4.67,6.25,0.42,0.33,22.25,7.75,6.08,16.67,6.83,5.17,75.61,67.81,0.83,0.0,7.08,2.08,32.0,0.67,6.67
1265,Primeira Liga (PT),49095,Leonardo Daniel Rivas Conge,L. Rivas,2001-12-06,64.29,12.76,20.19,26,26,0,1113.0,42.81,0.04,0.65,386.0,14.85,10.77,72.54,78.09,16.23,0.77,4.38,2.77,0.5,0.15,10.62,3.12,2.04,11.27,4.23,3.0,70.91,72.84,0.35,0.0,5.31,1.58,46.34,0.73,4.46
1265,Primeira Liga (PT),53128,Michel Augusto Modesto Rafael dos Santos,Michel,2003-05-20,80.29,25.99,19.36,4,4,0,607.0,151.75,0.25,0.5,205.0,51.25,48.0,93.66,95.0,18.86,2.5,4.75,15.25,0.0,0.0,40.0,9.0,8.0,17.75,5.25,4.5,85.72,85.22,0.0,0.0,2.75,0.5,50.0,0.25,3.0
1265,Primeira Liga (PT),53219,Marcos Vinicios Lopes Moura,Sorriso,2001-02-23,91.1,23.19,22.95,33,32,1,2595.0,81.09,0.12,1.59,707.0,22.09,16.59,75.11,77.88,14.15,1.0,3.97,3.62,0.5,0.44,6.81,1.66,0.94,27.81,7.94,5.34,67.32,70.07,0.72,0.12,21.75,4.78,38.56,1.84,6.09
1265,Primeira Liga (PT),54936,Lazar Carević,L. Carević,1999-03-16,99.87,25.41,25.07,34,33,1,2673.0,81.0,0.0,0.06,843.0,25.55,22.67,88.73,92.21,22.45,3.42,2.39,3.42,0.03,0.0,22.03,4.52,2.58,17.45,4.97,4.85,97.56,95.76,0.06,0.0,0.03,0.03,100.0,0.03,1.94
1265,Primeira Liga (PT),54942,Ángel Alarcón Galiot,Ángel Alarcón,2004-05-15,23.23,8.48,4.57,3,3,0,85.0,28.33,0.0,0.0,27.0,9.0,7.33,81.48,86.85,13.89,0.33,2.33,2.33,0.0,0.33,3.67,0.0,0.0,8.33,1.67,1.0,60.0,73.08,0.0,0.0,6.0,1.0,66.67,0.67,0.67
1265,Primeira Liga (PT),54990,Joel Jorquera Romero,Joel Jorquera,2000-08-19,12.97,2.84,4.39,4,4,0,38.0,9.5,0.0,0.0,11.0,2.75,2.25,81.82,84.7,15.71,0.25,0.25,1.25,0.0,0.5,0.75,0.25,0.25,3.75,0.75,0.75,100.0,95.53,0.0,0.0,2.0,0.75,100.0,0.75,0.5
1265,Primeira Liga (PT),56498,Paulo Victor de Almeida Barbosa,P. Victor,2001-04-13,69.14,17.17,19.12,21,21,0,1537.0,73.19,0.05,0.81,514.0,24.48,18.57,75.88,79.48,15.01,0.81,4.86,5.76,0.43,0.38,18.24,5.43,3.57,20.43,6.52,4.57,70.07,68.13,0.24,0.05,9.81,2.33,42.86,1.0,6.95
1265,Primeira Liga (PT),57756,José Vitor Lima Cardoso,Zé Vitor,2001-02-09,99.22,21.43,26.78,30,26,4,2578.0,99.15,0.04,0.62,948.0,36.46,29.88,81.96,87.39,21.86,5.19,7.81,7.15,0.15,0.12,29.12,9.23,6.54,15.38,6.12,4.81,78.62,78.32,0.23,0.0,2.92,0.77,50.0,0.38,5.73
1265,Primeira Liga (PT),59973,Iyad Mohamed,Iyad Mohamed,2001-03-05,50.15,9.43,14.5,22,21,1,848.0,40.38,0.1,0.52,300.0,14.29,11.62,81.33,82.37,15.68,0.81,6.19,2.71,0.38,0.19,5.05,1.67,1.33,5.0,2.38,1.67,70.0,67.73,0.19,0.05,2.62,1.05,63.64,0.67,3.1
1265,Primeira Liga (PT),60108,Felix Bacher,F. Bacher,2000-10-25,98.46,26.5,25.2,34,34,0,4958.0,145.82,0.12,0.88,1684.0,49.53,44.29,89.43,92.32,16.87,3.18,9.24,9.56,0.18,0.06,33.29,9.24,7.41,13.29,4.38,3.91,89.26,86.77,0.15,0.03,1.41,0.44,53.33,0.24,4.21
1265,Primeira Liga (PT),60508,Ole Pohlmann,O. Pohlmann,2001-04-05,59.07,15.7,16.02,31,31,0,1448.0,46.71,0.06,0.81,452.0,14.58,12.74,87.39,86.12,12.79,0.39,4.35,2.68,0.29,0.19,3.74,0.65,0.55,11.32,3.87,3.1,80.0,76.38,0.52,0.0,8.16,1.68,55.77,0.94,2.13
1265,Primeira Liga (PT),60571,Boris Popović,B. Popović,2000-02-26,73.86,17.52,21.4,17,16,1,1439.0,89.94,0.12,0.81,573.0,35.81,32.06,89.53,93.25,18.6,2.44,5.31,7.06,0.0,0.0,25.69,6.81,4.75,10.44,4.06,3.44,84.61,88.08,0.0,0.0,0.69,0.12,0.0,0.0,3.19
1265,Primeira Liga (PT),61212,Gonçalo Lago Pontes Esteves,Gonçalo Esteves,2004-02-27,37.27,9.03,11.51,5,5,0,211.0,42.2,0.2,0.6,54.0,10.8,8.4,77.78,80.76,17.81,1.0,1.8,1.4,0.4,0.0,4.0,0.4,0.2,10.2,3.2,2.6,81.25,80.37,0.0,0.0,5.2,0.8,25.0,0.2,2.6
1265,Primeira Liga (PT),61335,Francisco Jorge Tavares Oliveira,Chiquinho,2000-02-05,78.7,18.36,22.82,19,19,0,1114.0,58.63,0.21,1.47,243.0,12.79,8.74,68.31,70.24,14.55,0.63,3.37,1.58,0.16,0.37,3.58,0.84,0.53,25.68,6.05,4.21,69.56,63.9,1.11,0.21,21.16,4.37,49.4,2.16,5.0
1265,Primeira Liga (PT),61581,Roger  Fernandes,Roger,2005-11-21,87.97,33.34,15.54,4,4,0,536.0,134.0,0.25,2.5,156.0,39.0,31.75,81.41,82.94,16.81,2.25,4.0,5.5,0.75,0.5,12.75,3.0,1.5,47.25,12.75,8.25,64.71,69.81,0.75,0.0,33.5,6.75,44.44,3.0,8.75
1265,Primeira Liga (PT),61681,Tomás Romano Pereira dos Santos Händel,Tomás Händel,2000-11-27,104.72,24.24,21.6,3,2,1,245.0,122.5,0.5,0.5,79.0,39.5,32.0,81.01,85.85,15.48,1.5,11.5,10.0,2.5,1.0,16.0,2.5,2.0,14.0,5.5,3.0,54.54,67.55,0.0,0.0,18.0,5.5,54.55,3.0,6.5
1265,Primeira Liga (PT),62124,Rodrigo Fernandes da Conceição,Rodrigo Conceição,2000-01-02,79.38,18.08,22.98,20,20,0,1582.0,79.1,0.05,1.4,470.0,23.5,18.75,79.79,81.03,15.16,1.2,5.0,3.85,0.25,0.25,12.1,2.9,2.2,23.35,6.15,4.5,73.17,72.92,0.45,0.05,16.5,3.6,44.44,1.6,5.7
1265,Primeira Liga (PT),62147,Gabriel  Martínez Aguilera,Gabri Martínez,2003-01-22,52.31,17.79,11.77,28,28,0,1978.0,70.64,0.11,1.14,570.0,20.36,16.07,78.95,80.43,12.99,0.46,4.0,3.89,0.36,0.25,5.61,1.5,1.04,22.5,6.11,4.04,66.08,68.0,0.39,0.07,17.86,3.46,38.14,1.32,4.71
1265,Primeira Liga (PT),62355,Miguel Puche García,Miguel Puche,2001-04-30,34.81,7.78,9.52,27,26,1,795.0,30.58,0.0,0.54,221.0,8.5,6.96,81.9,80.27,17.62,0.81,1.96,1.46,0.23,0.23,4.08,1.0,0.77,8.27,2.27,1.85,81.36,68.69,0.19,0.0,5.73,1.12,55.17,0.62,2.23
1265,Primeira Liga (PT),63077,Gustaf Lagerbielke,G. Lagerbielke,2000-04-10,94.14,31.89,20.84,28,28,0,5718.0,204.21,0.04,0.93,1919.0,68.54,63.46,92.6,93.0,16.41,4.0,10.39,15.54,0.07,0.04,54.64,14.11,11.64,27.39,10.21,8.79,86.01,84.27,0.18,0.04,3.29,0.71,65.0,0.46,5.54
1265,Primeira Liga (PT),63449,Jean-Baptiste Gorby,J. Gorby,2002-07-25,67.81,22.72,14.84,28,28,0,4134.0,147.64,0.25,1.5,1235.0,44.11,41.64,94.41,93.58,14.72,1.71,7.32,10.71,0.57,0.18,24.21,4.0,3.46,12.07,3.71,3.07,82.69,85.34,0.18,0.04,8.93,1.46,65.85,0.96,2.21
1265,Primeira Liga (PT),64191,Marko Milovanović,M. Milovanović,2003-08-04,53.93,12.35,15.07,30,30,0,662.0,22.07,0.2,0.43,182.0,6.07,4.73,78.02,78.88,11.07,0.07,2.13,1.07,0.37,0.07,0.43,0.03,0.0,9.3,2.43,1.9,78.08,75.57,0.17,0.1,5.77,1.17,62.86,0.73,1.3
1265,Primeira Liga (PT),64677,Jakub Kiwior,J. Kiwior,2000-02-15,93.98,27.46,22.11,26,26,0,5549.0,213.42,0.15,1.69,1794.0,69.0,62.81,91.03,92.57,16.99,4.27,8.85,10.88,0.12,0.08,74.92,15.77,13.0,27.69,9.31,7.62,81.82,78.34,0.23,0.04,9.15,1.5,46.15,0.69,6.04
1265,Primeira Liga (PT),67659,Alioune Ndoye,A. Ndoye,2001-10-05,48.1,11.9,11.07,24,22,2,367.0,16.68,0.0,0.41,92.0,4.18,3.36,80.43,77.78,10.3,0.05,1.77,0.55,0.36,0.18,0.55,0.09,0.09,7.18,1.73,1.45,84.21,75.1,0.18,0.0,5.5,1.23,70.37,0.86,0.91
1265,Primeira Liga (PT),67818,Geny Cipriano Catamo,Geny Catamo,2001-01-26,72.27,23.77,15.42,29,28,1,2892.0,103.29,0.25,2.57,805.0,28.75,23.82,82.86,82.61,13.45,1.21,3.71,4.96,0.43,0.79,9.5,2.07,1.39,34.29,8.5,6.14,72.27,71.2,1.11,0.21,24.32,5.36,48.67,2.61,6.21
1265,Primeira Liga (PT),68367,João Pedro Goulart Silva,João Goulart,2000-01-27,84.96,15.91,25.21,25,24,1,1311.0,54.62,0.0,0.29,490.0,20.42,15.62,76.53,84.06,19.1,1.75,4.62,4.58,0.08,0.0,17.79,6.42,4.29,9.54,4.42,3.33,75.47,81.68,0.04,0.0,1.17,0.33,37.5,0.12,4.42
1265,Primeira Liga (PT),68537,Marcus Abraham Ayomide,M. Ayomide,2000-01-02,89.97,21.85,22.5,31,30,1,2788.0,92.93,0.33,2.1,717.0,23.9,18.53,77.55,78.4,16.13,1.53,3.43,2.9,0.3,0.7,9.57,2.53,1.67,30.83,8.37,5.57,66.53,65.93,1.2,0.23,21.03,5.77,52.02,3.0,6.97
1265,Primeira Liga (PT),68572,Alan Godoy Domínguez,A. Godoy,2003-05-04,56.48,13.26,12.73,6,6,0,137.0,22.83,0.0,0.5,38.0,6.33,4.67,73.68,80.22,12.67,0.17,2.0,1.17,0.0,0.17,0.5,0.33,0.0,4.83,1.67,1.67,100.0,81.83,0.33,0.0,4.33,0.83,80.0,0.67,1.67
1265,Primeira Liga (PT),68972,Demir Ege Tıknaz,E. Tıknaz,2004-08-17,54.15,17.22,12.35,10,10,0,1059.0,105.9,0.1,1.3,317.0,31.7,28.5,89.91,89.25,13.35,0.9,8.0,7.1,0.4,0.7,19.3,4.6,3.6,8.7,3.4,2.0,58.82,70.84,0.3,0.0,7.5,1.9,36.84,0.7,3.3
1265,Primeira Liga (PT),69027,Ivan Correia Posser Lima,Ivan Lima,2005-01-13,16.58,4.79,3.2,1,1,0,16.0,16.0,0.0,0.0,5.0,5.0,2.0,40.0,46.87,13.31,0.0,2.0,0.0,2.0,0.0,1.0,1.0,1.0,10.0,2.0,1.0,50.0,41.68,0.0,0.0,7.0,3.0,0.0,0.0,3.0
1265,Primeira Liga (PT),69030, João de Vasconcelos Faria Gonçalves,Vasconcelos,2005-02-26,47.82,12.05,10.18,1,1,0,33.0,33.0,0.0,1.0,12.0,12.0,9.0,75.0,73.47,14.8,1.0,5.0,3.0,0.0,0.0,0.0,0.0,0.0,8.0,4.0,4.0,100.0,83.32,1.0,0.0,7.0,2.0,50.0,1.0,5.0
1265,Primeira Liga (PT),69031,João Miguel Fins Veloso,João Veloso,2005-06-26,2.27,1.02,0.37,2,2,0,12.0,6.0,0.0,0.0,4.0,2.0,2.0,100.0,99.44,11.08,0.0,0.0,1.5,0.0,0.0,1.0,0.0,0.0,1.0,0.5,0.5,100.0,99.29,0.0,0.0,0.0,0.0,,0.0,0.0
1265,Primeira Liga (PT),69038,Francisco Edgar Chissumba Rodrigues,Francisco Chissumba,2005-05-29,87.88,20.53,25.43,18,18,0,1506.0,83.67,0.11,1.22,487.0,27.06,23.0,85.01,83.75,14.33,0.94,5.11,5.44,0.17,0.17,12.28,3.11,2.56,25.0,8.56,7.11,83.12,77.22,0.78,0.0,12.33,2.44,56.82,1.39,4.83
1265,Primeira Liga (PT),69039,João Pedro Seno Luís Rêgo,João Rêgo,2005-06-20,12.53,2.61,2.75,8,8,0,83.0,10.38,0.0,0.0,19.0,2.38,2.0,84.21,80.33,11.34,0.0,0.62,0.38,0.0,0.0,0.75,0.12,0.12,3.88,0.88,0.75,85.71,83.78,0.0,0.0,2.75,0.62,60.0,0.38,0.38
1265,Primeira Liga (PT),69286,Arnau Solà Mateu,Arnau Solà,2003-04-04,63.51,16.82,17.33,10,10,0,708.0,70.8,0.2,1.6,256.0,25.6,19.0,74.22,77.87,16.47,2.2,7.2,4.5,1.0,0.2,15.4,3.8,2.1,20.0,7.4,4.6,62.16,63.93,0.7,0.0,12.9,3.6,22.22,0.8,8.4
1265,Primeira Liga (PT),69521,Martín Fernández Benítez,M. Fernández,2003-06-23,31.94,7.31,6.99,26,25,1,487.0,19.48,0.08,0.76,142.0,5.68,4.16,73.24,77.96,13.08,0.04,1.48,1.2,0.36,0.2,1.16,0.32,0.16,7.16,2.28,1.68,73.68,72.83,0.48,0.04,5.08,1.4,54.29,0.76,1.44
1265,Primeira Liga (PT),70165,André Luiz Inácio da Silva,André Luiz,2002-02-23,84.84,20.85,23.54,19,19,0,1210.0,63.68,0.37,1.63,280.0,14.74,11.11,75.36,78.8,13.17,0.21,2.95,1.95,0.47,0.37,2.42,0.21,0.16,23.89,5.37,3.89,72.55,71.73,1.0,0.32,19.74,4.21,53.75,2.26,3.79
1265,Primeira Liga (PT),70245,Samuel Dahl,S. Dahl,2003-03-04,96.02,27.78,21.54,33,32,1,4281.0,133.78,0.09,2.19,1452.0,45.38,39.31,86.64,85.21,15.14,2.09,6.28,11.53,0.5,0.75,33.09,9.09,7.12,35.47,12.03,9.84,81.82,75.76,0.78,0.03,15.84,3.97,59.05,2.34,8.72
1265,Primeira Liga (PT),70674,Rodrigo Alonso Martín,Rodri Alonso,2003-01-04,61.75,17.03,17.14,26,24,2,1838.0,76.58,0.17,0.67,545.0,22.71,20.12,88.62,87.81,14.93,1.25,5.62,5.04,0.38,0.46,12.08,3.58,3.12,12.54,4.25,3.42,80.39,79.73,0.29,0.04,7.42,1.96,59.57,1.17,2.71
1265,Primeira Liga (PT),70678,Antonio Espigares Morillas,Antonio Espigares,2004-09-05,60.28,14.59,13.93,19,19,0,1259.0,66.26,0.05,0.26,490.0,25.79,21.89,84.9,89.63,23.59,4.11,4.89,4.89,0.11,0.0,18.11,5.21,3.84,11.47,4.89,4.21,86.02,82.08,0.11,0.0,1.32,0.63,41.67,0.26,3.58
1265,Primeira Liga (PT),71799,Dailon Rocha Livramento do Rosario,Dailon Livramento,2001-05-04,45.25,9.19,11.41,24,24,0,406.0,16.92,0.12,0.58,122.0,5.08,3.29,64.75,68.94,12.48,0.21,1.67,0.88,0.42,0.08,0.21,0.08,0.0,8.0,2.5,1.62,65.0,65.46,0.5,0.08,6.54,1.62,48.72,0.79,2.21
1265,Primeira Liga (PT),72479,Makan Aïko,M. Aïko,2001-01-07,64.96,15.35,18.83,18,18,0,1002.0,55.67,0.06,1.17,270.0,15.0,10.56,70.37,74.7,13.58,0.72,3.67,2.06,0.39,0.5,3.94,0.89,0.67,19.33,5.94,3.78,63.55,67.97,0.56,0.06,17.28,3.83,37.68,1.44,4.39
1265,Primeira Liga (PT),77791,Nor-Nor Emmanuel Maviram,E. Maviram,2001-04-04,79.78,16.88,24.26,20,20,0,1389.0,69.45,0.0,0.85,452.0,22.6,16.25,71.9,75.65,17.58,1.3,5.5,5.15,0.45,0.6,14.4,3.65,2.7,16.8,6.25,4.3,68.8,66.35,0.4,0.0,11.6,3.2,29.69,0.95,7.65
1265,Primeira Liga (PT),81001,Benjamin Mbunga-Kimpioka,B. Kimpioka,2000-02-21,62.15,14.6,16.26,10,10,0,333.0,33.3,0.0,0.4,81.0,8.1,6.6,81.48,87.09,11.58,0.1,2.0,0.3,0.2,0.0,0.8,0.0,0.0,12.4,2.8,2.0,71.43,79.9,0.2,0.0,11.6,1.6,75.0,1.2,0.7
1265,Primeira Liga (PT),82407,Kaiky Marques Naves,Naves,2002-05-08,97.83,22.44,28.96,31,31,0,4571.0,147.45,0.06,1.0,1491.0,48.1,40.55,84.31,86.29,21.86,7.13,8.81,13.68,0.13,0.32,47.35,15.71,11.97,22.87,7.74,6.06,78.33,76.21,0.39,0.03,3.65,1.19,37.84,0.45,8.74
1265,Primeira Liga (PT),82410,Kaique Pereira Azarias,Kaique,2003-04-16,101.08,22.63,26.6,28,25,3,1505.0,60.2,0.0,0.0,468.0,18.72,13.0,69.44,85.19,27.34,3.36,2.0,2.28,0.0,0.0,23.08,6.0,2.04,12.44,3.64,2.72,74.72,87.93,0.0,0.0,0.0,0.0,,0.0,1.96
1265,Primeira Liga (PT),84608,Rômulo Helberte Pereira Júnior,Rômulo,2004-01-31,13.48,1.87,1.59,1,1,0,1.0,1.0,0.0,0.0,1.0,1.0,0.0,0.0,48.97,,0.0,1.0,0.0,0.0,0.0,1.0,1.0,0.0,0.0,0.0,0.0,,,0.0,0.0,0.0,0.0,,0.0,1.0
1265,Primeira Liga (PT),92590,Óscar Rivas Viondi,Óscar Rivas,2000-03-27,99.62,26.28,24.06,18,18,0,2652.0,147.33,0.17,0.94,958.0,53.22,47.61,89.46,91.75,18.93,4.22,11.67,9.44,0.11,0.11,46.72,12.94,10.11,19.11,7.67,6.5,84.78,83.96,0.22,0.06,3.44,0.89,43.75,0.39,5.0
1265,Primeira Liga (PT),94117,Isaac Souza Valença,Isaac,2004-03-21,21.09,5.42,5.04,2,2,0,62.0,31.0,0.0,0.5,19.0,9.5,9.0,94.74,92.34,13.42,0.5,1.5,2.0,0.5,0.0,4.0,1.0,1.0,3.5,1.5,1.5,100.0,76.74,0.5,0.0,5.0,1.0,50.0,0.5,0.5
1265,Primeira Liga (PT),95195,Miguel Ferreira de Sousa,Miguel Sousa,1998-09-19,33.29,7.64,7.93,12,12,0,358.0,29.83,0.0,0.5,105.0,8.75,6.83,78.1,79.59,15.98,0.75,2.83,1.33,0.58,0.08,3.25,1.17,0.75,7.25,3.0,1.92,63.89,68.7,0.25,0.0,4.58,1.92,52.17,1.0,2.17
1265,Primeira Liga (PT),95613,Alan de Souza Guimarães,Alan,2000-03-08,87.18,22.69,24.63,33,31,2,3218.0,103.81,0.1,1.94,938.0,30.26,26.26,86.78,86.52,14.59,1.61,5.35,7.52,0.48,1.03,15.97,4.94,4.03,23.68,7.74,6.45,83.33,79.25,0.87,0.03,15.06,3.58,68.47,2.45,4.03
1265,Primeira Liga (PT),96062,Kobamelo Kodisang,K. Kodisang,1999-08-28,35.99,8.84,9.54,4,4,0,99.0,24.75,0.0,0.5,31.0,7.75,6.0,77.42,81.18,13.95,0.0,2.0,1.0,0.0,0.5,4.5,0.75,0.5,9.5,2.75,2.0,72.73,68.88,0.5,0.0,5.5,1.75,42.86,0.75,1.75
1265,Primeira Liga (PT),96063,Leonardo Daniel Ulineia Buta,Leonardo Buta,2002-06-05,9.55,1.18,3.04,3,3,0,19.0,6.33,0.0,0.0,6.0,2.0,1.67,83.33,71.54,15.41,0.0,0.67,0.33,0.0,0.0,0.67,0.0,0.0,0.33,0.0,0.0,,,0.0,0.0,0.33,0.0,,0.0,0.33
1265,Primeira Liga (PT),96064,Dinis Lourenço Casals Namura Borges Pinto,Dinis Pinto,2000-08-24,95.75,24.76,25.97,22,21,1,1977.0,94.14,0.24,1.24,684.0,32.57,26.71,82.02,84.6,15.21,1.24,7.19,6.86,0.57,0.57,25.33,7.67,5.52,26.19,10.19,7.1,69.63,73.21,0.67,0.24,8.29,2.29,43.75,1.0,6.33
1265,Primeira Liga (PT),97322,Iván Fresneda Corraliza,Iván Fresneda,2004-09-28,76.6,24.55,16.19,23,22,1,2229.0,101.32,0.05,1.82,759.0,34.5,30.0,86.96,87.68,15.17,1.09,6.27,7.45,0.68,0.45,22.68,5.18,4.32,23.73,8.18,6.27,76.67,77.17,0.77,0.0,10.05,2.95,40.0,1.18,4.91
1265,Primeira Liga (PT),100774,Tomás Mendes Mendes,T. Mendes,2004-11-21,70.27,12.97,20.25,5,5,0,286.0,57.2,0.2,0.8,90.0,18.0,14.2,78.89,82.57,15.84,0.8,6.4,2.0,0.6,0.0,8.4,2.4,1.8,8.0,3.8,2.6,68.42,65.69,0.2,0.2,4.2,1.8,66.67,1.2,3.4
1265,Primeira Liga (PT),103498,João Miguel Teixeira Mendes,João Mendes,2000-04-13,91.1,23.34,22.57,29,27,2,2855.0,105.74,0.15,1.33,969.0,35.89,27.7,77.19,81.56,17.26,2.93,7.93,8.96,0.41,0.56,30.59,8.22,6.11,27.26,8.56,5.85,68.4,68.82,0.59,0.11,14.11,3.78,45.1,1.7,8.52
1265,Primeira Liga (PT),105825,Franjo Ivanović,F. Ivanović,2003-10-01,41.34,12.29,8.3,25,24,1,808.0,33.67,0.08,0.71,191.0,7.96,5.92,74.35,80.01,12.3,0.17,1.79,1.08,0.46,0.17,1.38,0.21,0.12,12.0,2.54,1.88,73.77,72.57,0.33,0.08,11.75,2.08,54.0,1.12,1.71
1265,Primeira Liga (PT),107651,Miguel Ângelo Gomes Ferreira Magalhães,Maga,2002-11-16,79.0,20.05,18.53,22,21,1,1541.0,73.38,0.05,1.29,548.0,26.1,21.29,81.57,83.94,15.43,0.95,5.76,7.24,0.62,0.52,13.62,3.81,2.81,17.19,6.81,4.86,71.33,74.4,0.57,0.0,7.76,2.62,41.82,1.1,4.76
1265,Primeira Liga (PT),109444,Oumar Ngom,O. Ngom,2004-03-09,83.14,19.28,20.63,11,10,1,1097.0,109.7,0.2,0.7,341.0,34.1,29.3,85.92,89.99,16.08,1.5,8.0,9.6,0.1,0.0,15.5,3.5,2.4,12.9,5.3,3.7,69.81,74.34,0.2,0.1,4.8,1.9,47.37,0.9,4.0
1265,Primeira Liga (PT),118016,Matías Emiliano Rocha Calderón,M. Rocha,2001-02-13,85.26,22.09,20.83,11,11,0,1324.0,120.36,0.27,1.0,505.0,45.91,41.64,90.69,94.29,18.54,3.55,7.0,12.09,0.18,0.09,29.64,6.91,5.55,12.64,4.91,4.27,87.04,88.16,0.27,0.18,1.45,0.55,50.0,0.27,3.27
1265,Primeira Liga (PT),123995,Brayan Stiven Medina Hurtado,B. Medina,2002-03-04,97.45,21.84,27.05,25,25,0,2268.0,90.72,0.0,0.68,759.0,30.36,26.32,86.69,90.68,17.95,1.68,4.48,5.96,0.08,0.0,26.88,6.4,4.96,12.64,3.88,2.96,76.29,77.23,0.16,0.0,2.92,0.64,43.75,0.28,3.28
1265,Primeira Liga (PT),140211,Brian Nicolás Mansilla Islas,B. Mansilla,2002-05-14,22.42,5.56,5.19,20,19,1,431.0,22.68,0.05,0.42,94.0,4.95,3.63,73.4,77.06,15.96,0.37,0.74,0.53,0.05,0.16,2.79,0.47,0.32,8.21,1.53,1.0,65.52,63.93,0.16,0.05,6.68,1.63,58.06,0.95,1.47
1265,Primeira Liga (PT),145071,Clayton Fernandes Silva,Clayton,1999-01-11,90.54,22.62,24.61,19,19,0,786.0,41.37,0.21,1.0,195.0,10.26,7.79,75.9,74.41,15.25,0.42,4.26,1.16,0.74,0.32,1.05,0.21,0.16,18.79,4.11,3.11,75.64,65.5,0.63,0.21,14.74,2.53,66.67,1.68,3.0
1265,Primeira Liga (PT),148268,Tom Moustier,T. Moustier,2002-05-02,28.16,5.76,7.65,9,9,0,139.0,15.44,0.0,0.11,40.0,4.44,3.33,75.0,79.06,10.43,0.0,1.89,1.0,0.33,0.11,2.11,0.22,0.11,2.89,0.89,0.67,75.0,72.22,0.0,0.0,3.67,1.0,33.33,0.33,1.22
1265,Primeira Liga (PT),149332,Mario Dorgeles,M. Dorgeles,2004-08-07,56.14,19.08,11.59,20,20,0,1863.0,93.15,0.3,1.45,606.0,30.3,27.55,90.92,88.96,12.67,0.5,6.4,6.15,0.4,0.5,10.25,1.35,1.2,22.65,6.1,5.35,87.71,80.3,0.5,0.25,11.2,2.15,60.46,1.3,3.6
1265,Primeira Liga (PT),151383,Pedro Bondo Francisco,Pedro Bondo,2004-11-16,74.49,17.96,18.86,17,17,0,1167.0,68.65,0.0,0.53,381.0,22.41,16.59,74.02,80.42,16.62,1.35,3.65,6.06,0.24,0.06,21.18,7.0,4.88,16.29,4.47,2.88,64.47,67.89,0.18,0.0,8.41,1.82,25.81,0.47,5.53
1265,Primeira Liga (PT),152105,Jesús Santiago Pérez,Yellu Santiago,2004-05-25,11.03,2.09,3.26,5,5,0,42.0,8.4,0.0,0.0,13.0,2.6,2.0,76.92,86.14,18.53,0.4,0.4,0.8,0.0,0.0,1.0,0.2,0.2,0.6,0.2,0.0,0.0,45.89,0.0,0.0,0.6,0.4,50.0,0.2,0.6
1265,Primeira Liga (PT),153384,Joe Hodge,J. Hodge,2002-09-14,60.27,13.25,17.51,26,26,0,1738.0,66.85,0.0,1.23,549.0,21.12,16.96,80.33,83.55,15.67,1.23,6.38,5.19,0.58,0.46,10.69,2.85,2.19,12.31,4.81,3.65,76.0,77.06,0.46,0.0,7.88,1.85,50.0,0.92,4.15
1265,Primeira Liga (PT),154051,Luís Hemir Silva Semedo,Luís Semedo,2003-08-11,48.22,13.97,11.75,21,19,2,453.0,23.84,0.0,0.42,121.0,6.37,5.47,85.95,85.55,11.48,0.11,2.74,0.68,0.37,0.05,1.26,0.26,0.21,7.37,2.32,1.95,84.09,80.24,0.32,0.0,5.37,1.16,68.18,0.79,0.58
1265,Primeira Liga (PT),154052,Pedro Miguel  Costa Santos,Pedro Santos,2003-02-10,37.66,9.38,9.54,22,22,0,543.0,24.68,0.18,0.55,159.0,7.23,6.0,83.02,82.68,12.54,0.05,2.0,1.64,0.32,0.27,1.91,0.27,0.18,9.0,2.59,2.23,85.96,75.5,0.36,0.14,5.91,1.41,67.74,0.95,1.41
1265,Primeira Liga (PT),154056,António João Pereira Albuquerque Tavares Silva,António Silva,2003-10-30,85.73,25.29,18.09,25,24,1,3401.0,141.71,0.17,1.42,1168.0,48.67,43.96,90.33,91.64,20.6,5.29,5.96,7.96,0.04,0.08,46.58,12.54,10.33,25.17,8.75,7.54,86.19,84.03,0.17,0.04,4.75,1.0,58.33,0.58,4.58
1265,Primeira Liga (PT),154057,João Tomé Esteves Baptista,João Tomé,2003-02-12,41.16,9.8,10.98,19,19,0,804.0,42.32,0.0,0.37,278.0,14.63,10.95,74.82,77.72,16.44,0.74,3.32,3.37,0.58,0.11,8.79,2.42,1.74,13.16,4.16,3.05,73.42,69.48,0.05,0.0,4.63,1.68,28.13,0.47,4.63
1265,Primeira Liga (PT),154060,André Nogueira Gomes,André Gomes,2004-10-20,100.43,23.08,29.43,24,24,0,1032.0,43.0,0.0,0.0,315.0,13.12,8.75,66.67,78.98,27.21,2.88,3.0,1.08,0.0,0.0,16.96,4.96,1.88,8.71,2.62,2.33,88.89,90.96,0.0,0.0,0.0,0.0,,0.0,3.5
1265,Primeira Liga (PT),154062,João Pedro Moreira Resende,João Resende,2003-03-26,12.95,1.8,1.88,2,2,0,20.0,10.0,0.0,0.0,5.0,2.5,2.5,100.0,88.88,11.71,0.0,0.0,0.5,0.0,0.0,0.5,0.0,0.0,2.5,0.0,0.0,,,0.0,0.0,0.5,0.0,,0.0,0.0
1265,Primeira Liga (PT),154071,Diogo Martins Travassos,Diogo Travassos,2004-03-31,87.79,23.23,23.8,30,28,2,2777.0,99.18,0.21,1.25,824.0,29.43,22.82,77.55,82.2,15.81,1.43,5.25,5.79,0.54,0.29,15.86,4.11,2.82,32.61,9.61,6.39,66.54,70.2,0.79,0.18,17.14,3.86,39.82,1.54,6.46
1265,Primeira Liga (PT),154072,Gilberto Dambi Batista,Gilberto Batista,2003-12-29,75.06,19.05,21.31,28,26,2,2994.0,115.15,0.08,0.23,1091.0,41.96,37.73,89.92,93.33,18.32,2.58,4.69,11.46,0.04,0.0,26.88,7.46,5.73,14.96,5.35,4.38,82.01,88.26,0.08,0.0,0.46,0.12,0.0,0.0,3.23
1265,Primeira Liga (PT),154083,Ousmane Diomandé,O. Diomandé,2003-12-04,84.97,27.43,17.58,17,17,0,2583.0,151.94,0.35,1.29,964.0,56.71,52.65,92.84,94.47,18.78,5.0,7.35,12.53,0.06,0.24,34.59,8.0,6.12,18.41,7.41,6.35,85.71,84.05,0.24,0.0,3.47,1.18,50.0,0.59,3.41
1265,Primeira Liga (PT),154106,Diogo Filipe Spencer Marques,Diogo Spencer,2004-04-17,68.58,15.96,20.18,20,20,0,1483.0,74.15,0.3,1.65,449.0,22.45,15.95,71.05,74.82,15.56,0.9,4.3,3.5,0.5,0.3,13.9,4.45,2.8,24.1,8.05,5.3,65.84,68.41,0.8,0.25,14.8,3.7,44.59,1.65,7.7
1265,Primeira Liga (PT),156119, Bernardo Caltabiano Parise Fontes,Bernardo,2002-07-23,99.85,22.56,28.3,34,34,0,2123.0,62.44,0.0,0.12,625.0,18.38,12.59,68.48,82.57,27.07,3.71,4.0,2.12,0.0,0.0,27.41,6.74,2.65,10.91,3.06,2.59,84.62,86.82,0.06,0.0,0.03,0.0,,0.0,2.41
1265,Primeira Liga (PT),156495,Leandro Antonetti López,L. Antonetti,2003-01-13,27.33,6.21,6.72,11,11,0,97.0,8.82,0.0,0.09,28.0,2.55,1.91,75.0,80.52,10.28,0.0,1.09,0.27,0.09,0.09,0.0,0.0,0.0,3.36,1.0,0.73,72.73,78.6,0.0,0.0,2.27,0.45,40.0,0.18,0.55
1265,Primeira Liga (PT),156790,Rodrigo Pinheiro Ferreira,Rodrigo Pinheiro,2002-08-28,98.05,24.6,24.63,29,28,1,2763.0,98.68,0.11,1.79,949.0,33.89,26.93,79.45,81.5,14.82,1.5,8.18,7.79,0.93,0.36,25.29,8.64,6.36,23.64,8.86,6.39,72.18,69.07,0.96,0.04,13.89,4.18,44.45,1.86,7.54
1265,Primeira Liga (PT),156791,José Pedro da Silva Figueiredo Freitas,Zé Pedro,1997-06-06,19.55,6.75,4.86,2,1,1,17.0,17.0,0.0,0.0,7.0,7.0,6.0,85.71,90.39,17.79,1.0,3.0,1.0,1.0,0.0,4.0,0.0,0.0,6.0,1.0,0.0,0.0,53.73,0.0,0.0,2.0,1.0,0.0,0.0,1.0
1265,Primeira Liga (PT),156885,Vasco José Cardoso Sousa,Vasco Sousa,2003-04-03,55.15,15.0,14.63,9,9,0,646.0,71.78,0.11,1.22,178.0,19.78,17.67,89.32,91.23,13.94,0.78,4.11,5.33,0.0,0.78,6.78,1.44,1.33,12.89,3.89,3.22,82.86,83.84,0.67,0.11,7.44,1.44,76.92,1.11,1.33
1265,Primeira Liga (PT),156886,José Carlos Natário Ferreira,Zé Carlos,2001-10-30,45.71,10.64,11.08,30,29,1,1527.0,52.66,0.1,0.76,535.0,18.45,15.38,83.36,87.18,16.86,1.34,6.48,3.59,0.31,0.38,7.03,2.0,1.59,6.45,2.69,2.17,80.77,80.08,0.17,0.03,4.59,1.31,60.53,0.79,2.48
1265,Primeira Liga (PT),156908,João Pedro Salazar da Graça,João Graça,1995-06-18,13.67,3.88,2.77,8,8,0,204.0,25.5,0.0,0.5,57.0,7.12,6.38,89.47,87.67,14.28,0.12,1.88,1.5,0.25,0.25,4.88,0.88,0.62,4.0,1.12,1.0,88.89,80.91,0.0,0.0,4.0,1.25,60.0,0.75,1.0
1265,Primeira Liga (PT),156918,Pedro Jorge Pacheco Seabra,Pedro Pacheco,1997-01-27,70.6,16.04,20.34,3,3,0,219.0,73.0,0.0,0.0,80.0,26.67,22.33,83.75,87.04,20.42,2.33,7.67,3.67,0.33,0.0,19.0,6.33,4.33,11.33,4.33,3.0,69.23,86.02,0.33,0.0,0.67,0.33,0.0,0.0,3.0
1265,Primeira Liga (PT),157282,Miguel Raimundo Nóbrega,Miguel Nóbrega,2000-04-17,83.04,20.75,18.81,13,11,2,963.0,87.55,0.0,0.27,380.0,34.55,29.45,85.26,89.91,17.84,2.0,8.18,7.82,0.18,0.18,24.36,7.0,4.55,11.27,5.27,4.82,91.38,81.06,0.09,0.0,1.91,0.64,85.71,0.55,4.45
1265,Primeira Liga (PT),157284,Jorge Monteiro Meireles,Jorge Meireles,2004-04-04,40.12,10.01,9.58,21,21,0,918.0,43.71,0.1,0.67,234.0,11.14,8.71,78.2,82.93,15.56,1.0,2.05,2.62,0.24,0.24,3.67,0.76,0.43,9.81,3.33,2.19,65.71,73.1,0.29,0.1,9.1,1.95,48.78,0.95,2.14
1265,Primeira Liga (PT),157298,Leonardo Filipe Cruz Lelo,Leonardo Lelo,2000-03-30,70.28,24.31,14.95,29,29,0,3086.0,106.41,0.24,1.55,1050.0,36.21,30.69,84.76,85.96,14.42,1.34,5.34,10.72,0.72,0.52,22.72,5.55,4.28,26.55,8.93,6.9,77.22,75.99,0.69,0.07,12.69,2.97,47.67,1.41,6.55
1265,Primeira Liga (PT),157299,Ricardo Jorge Cecilia Batista,Ricardo Batista,1986-11-19,89.76,18.81,21.87,4,4,0,204.0,51.0,0.0,0.0,69.0,17.25,12.25,71.01,85.47,22.95,2.25,3.0,1.75,0.0,0.0,18.75,5.75,2.0,11.0,3.0,2.75,91.67,92.31,0.0,0.0,0.0,0.0,,0.0,3.0
1265,Primeira Liga (PT),158158,Fábio Ronaldo  Costa Conceição,Fábio Ronaldo,2001-04-28,70.39,12.38,14.2,2,2,0,97.0,48.5,0.0,1.0,27.0,13.5,9.5,70.37,77.77,16.86,1.0,3.0,3.0,0.5,0.0,7.5,1.5,1.0,19.0,5.5,4.0,72.73,76.94,0.5,0.0,2.5,0.5,100.0,0.5,4.0
1265,Primeira Liga (PT),158162,Francisco Miguel Teixeira Domingues,Kiko,2002-04-16,73.31,17.91,20.93,27,26,1,1928.0,74.15,0.04,0.81,720.0,27.69,21.62,78.06,81.83,16.11,1.69,5.96,9.42,0.62,0.35,20.92,6.77,4.5,16.46,6.35,4.31,67.88,68.91,0.31,0.0,6.42,1.81,42.55,0.77,6.88
1265,Primeira Liga (PT),160362,Gianluca Prestianni Gross,G. Prestianni,2006-01-31,57.46,16.52,12.71,29,28,1,2081.0,74.32,0.36,2.61,555.0,19.82,15.71,79.28,77.95,13.39,0.61,3.32,3.64,0.71,0.79,5.36,1.43,1.11,26.89,7.57,5.36,70.75,68.83,1.43,0.14,25.86,5.86,56.71,3.32,5.21
1265,Primeira Liga (PT),160715,Nelson Ighodaro Abbey,Nelson Abbey,2003-08-28,86.2,22.39,24.49,26,26,0,2849.0,109.58,0.08,0.65,958.0,36.85,31.77,86.22,89.59,15.95,1.27,4.46,7.08,0.35,0.08,26.38,6.5,5.0,20.88,7.54,5.69,75.51,79.81,0.15,0.0,5.08,1.42,54.05,0.77,4.81
1265,Primeira Liga (PT),161615,Óscar Andrés Perea Abonce,O. Perea,2005-09-27,55.85,11.23,16.92,25,24,1,819.0,34.12,0.04,0.5,200.0,8.33,5.5,66.0,70.04,12.94,0.21,2.29,0.79,0.29,0.17,1.29,0.33,0.12,14.21,3.29,2.21,67.09,65.3,0.33,0.04,13.54,2.79,52.24,1.46,3.12
1265,Primeira Liga (PT),161762,Alan Herminio Núñez Duarte,A. Núñez,2004-10-01,87.2,19.57,23.68,21,18,3,1201.0,66.72,0.11,1.56,413.0,22.94,17.5,76.27,77.39,16.97,1.94,5.11,7.39,0.78,0.67,14.11,4.67,3.11,18.72,7.17,5.44,75.97,74.68,0.72,0.06,8.5,3.06,56.36,1.72,7.5
1265,Primeira Liga (PT),163136,Brandon Aguilera Zamora,B. Aguilera,2003-06-28,77.04,19.04,21.94,19,19,0,1967.0,103.53,0.0,1.05,571.0,30.05,25.63,85.29,86.21,17.02,1.84,7.11,7.58,0.47,0.84,15.32,4.53,3.11,13.37,4.95,3.58,72.34,71.8,0.37,0.0,9.63,2.74,59.62,1.63,5.26
1265,Primeira Liga (PT),166670,Gustavo Klismahn Dimaraes Miranda,Klismahn,1999-11-23,71.69,17.99,19.12,16,15,1,919.0,61.27,0.0,1.07,285.0,19.0,13.6,71.58,74.36,15.88,1.4,5.47,3.8,0.93,0.6,6.8,2.4,1.07,17.4,6.13,4.13,67.39,65.08,0.8,0.0,11.87,3.73,44.64,1.67,6.73
1265,Primeira Liga (PT),166680,Vando Baifas Félix,Vando Félix,2002-09-03,42.35,10.19,9.02,8,7,1,326.0,46.57,0.0,0.86,83.0,11.86,9.0,75.9,84.05,12.55,0.0,2.0,2.29,0.43,0.14,4.0,1.14,0.71,14.86,3.86,2.57,66.67,74.14,0.43,0.0,13.29,2.14,40.0,0.86,2.14
1265,Primeira Liga (PT),166683,Gonçalo Faria Costa,Gonçalo Costa,2000-02-18,39.89,10.42,9.56,16,16,0,650.0,40.62,0.06,0.69,227.0,14.19,9.69,68.28,75.03,14.89,0.44,3.06,2.25,0.38,0.38,7.06,2.25,1.31,11.12,4.88,2.94,60.26,65.82,0.19,0.0,9.38,2.75,40.91,1.12,4.62
1265,Primeira Liga (PT),166684,Hevertton Ciriaco Santos,Hevertton,2001-02-01,40.92,9.08,10.0,24,23,1,756.0,32.87,0.04,0.61,269.0,11.7,8.96,76.58,81.3,15.85,0.48,4.7,1.43,0.26,0.09,8.48,2.7,1.91,8.65,3.04,2.43,80.0,76.71,0.3,0.04,3.13,0.78,50.0,0.39,2.78
1265,Primeira Liga (PT),166784,Martim Moreira Moutinho Fernandes,Martim Fernandes,2006-01-18,62.32,18.08,14.9,20,19,1,1345.0,70.79,0.05,0.63,436.0,22.95,18.58,80.96,83.05,16.55,1.95,5.05,4.58,0.53,0.32,14.47,3.16,2.32,15.79,5.0,3.53,70.53,67.67,0.11,0.0,8.95,2.47,42.55,1.05,5.16
1265,Primeira Liga (PT),167206,Stefan Leković,S. Leković,2004-01-09,96.29,23.69,25.52,9,9,0,1039.0,115.44,0.0,1.0,363.0,40.33,35.44,87.88,89.54,18.95,3.0,7.89,6.44,0.22,0.0,31.44,7.33,5.56,15.44,5.44,4.56,83.67,81.93,0.22,0.0,3.11,1.11,40.0,0.44,6.22
1265,Primeira Liga (PT),167792,Khayon Edwards,K. Edwards,2003-09-12,10.29,1.49,2.53,2,2,0,5.0,2.5,0.0,0.0,2.0,1.0,1.0,100.0,68.62,7.36,0.0,0.0,0.0,0.0,0.0,0.0,0.0,0.0,1.0,1.0,1.0,100.0,68.61,0.0,0.0,0.5,0.5,100.0,0.5,0.0
1265,Primeira Liga (PT),169273,Matheus Dos Santos Dias,Matheus Dias,2002-05-09,85.05,17.86,23.16,31,27,4,2200.0,81.48,0.15,0.63,747.0,27.67,23.26,84.07,88.94,17.95,2.11,8.0,6.04,0.3,0.15,13.7,3.89,3.0,7.56,2.93,2.33,79.75,80.23,0.15,0.04,3.93,1.3,37.14,0.48,3.33
1265,Primeira Liga (PT),171764,Otar Mamageishvili,O. Mamageishvili,2003-01-15,20.99,4.82,5.14,8,8,0,120.0,15.0,0.0,0.25,37.0,4.62,3.25,70.27,84.12,16.77,0.75,1.88,1.0,0.12,0.12,1.38,0.38,0.25,3.88,1.38,0.88,63.63,84.24,0.12,0.0,2.12,0.88,28.57,0.25,0.75
1265,Primeira Liga (PT),171804,Lucas Figueiredo dos Santos,Figueiredo,2001-08-14,73.68,17.5,21.06,26,26,0,1799.0,69.19,0.19,1.58,469.0,18.04,13.85,76.76,76.3,14.19,0.85,4.54,2.73,0.54,0.5,4.42,0.96,0.46,23.85,6.69,4.5,67.24,66.41,1.0,0.19,16.5,4.23,56.36,2.38,5.19
1265,Primeira Liga (PT),171805,Matheus Nunes Fagundes de Araújo,MT,2001-03-01,69.91,16.93,18.55,12,12,0,1206.0,100.5,0.0,1.17,441.0,36.75,31.33,85.26,87.76,18.3,2.58,7.08,8.83,0.25,0.08,32.58,8.67,6.0,15.08,5.75,4.0,69.57,74.07,0.25,0.0,4.25,1.25,60.0,0.75,5.92
1265,Primeira Liga (PT),173032,Dominik Prpić ,D. Prpić,2004-05-19,36.76,10.95,9.11,6,5,1,394.0,78.8,0.2,0.6,122.0,24.4,22.0,90.16,91.74,16.72,1.0,3.2,6.0,0.0,0.0,22.0,4.6,3.6,6.2,2.2,1.8,81.82,78.82,0.2,0.0,7.8,1.4,71.43,1.0,2.0
1265,Primeira Liga (PT),174161,Rhaldney Norberto Simião Gomes,Rhaldney,1998-11-20,74.91,18.71,21.14,14,14,0,1339.0,95.64,0.29,1.07,394.0,28.14,26.0,92.39,92.04,16.02,1.21,6.36,6.36,0.14,0.29,9.29,1.79,1.5,15.36,4.57,4.29,93.75,87.96,0.43,0.14,6.86,1.07,80.0,0.86,1.86
1265,Primeira Liga (PT),174243,Alberto Oliveira Baio,Alberto Costa,2003-09-29,84.07,24.14,20.01,29,26,3,2477.0,95.27,0.27,1.69,753.0,28.96,23.38,80.74,83.02,15.3,1.42,7.88,4.19,1.08,0.31,18.69,3.15,2.04,25.88,7.04,5.08,72.13,71.67,0.81,0.12,15.62,3.58,38.71,1.38,6.58
1265,Primeira Liga (PT),174264,Sidi Bane,S. Bane,2004-01-14,73.19,16.77,20.32,9,9,0,598.0,66.44,0.0,0.44,207.0,23.0,20.56,89.37,88.84,19.1,2.11,3.33,6.44,0.0,0.22,16.0,4.44,3.33,10.89,4.33,3.78,87.18,83.22,0.22,0.0,3.22,0.44,0.0,0.0,3.44
1265,Primeira Liga (PT),174300,Denis Pintol,D. Pintol,2000-02-07,83.02,15.9,32.82,1,1,0,65.0,65.0,0.0,1.0,22.0,22.0,15.0,68.18,82.79,15.11,1.0,6.0,5.0,0.0,0.0,9.0,3.0,1.0,16.0,6.0,2.0,33.33,65.18,1.0,0.0,1.0,0.0,,0.0,6.0
1265,Primeira Liga (PT),175756,Matheus Pereira de Souza,Matheus Pereira,2000-12-21,80.15,19.66,21.05,10,10,0,718.0,71.8,0.0,1.0,235.0,23.5,17.4,74.04,78.91,14.33,1.0,6.2,3.7,0.3,0.3,11.0,3.9,2.6,24.9,8.2,5.9,71.95,71.21,0.5,0.0,11.6,3.5,40.0,1.4,6.4
1265,Primeira Liga (PT),175764,Guilherme Kennedy Romão,Guilherme Romão,1997-10-07,81.01,19.74,19.13,12,11,1,939.0,85.36,0.0,1.0,317.0,28.82,22.82,79.18,81.09,15.95,2.0,5.45,6.82,0.55,0.36,29.09,10.36,7.91,19.0,7.27,5.91,81.25,77.3,0.27,0.0,9.27,2.0,45.45,0.91,7.27
1265,Primeira Liga (PT),175850,Daniel de Melo Araujo Júnior,Daniel Júnior,2002-05-09,57.13,13.03,15.09,17,14,3,801.0,57.21,0.0,1.5,216.0,15.43,13.21,85.65,87.58,13.27,0.43,3.07,3.14,0.21,0.07,4.29,0.71,0.5,17.57,4.29,3.29,76.67,79.36,0.71,0.0,11.07,1.71,62.5,1.07,1.64
1265,Primeira Liga (PT),180049,Joel Filipe Organista da Silva,Joel Silva,2003-02-11,27.57,5.78,7.35,18,16,2,300.0,18.75,0.0,0.44,106.0,6.62,5.69,85.85,84.99,14.42,0.19,2.62,1.56,0.25,0.25,2.06,0.44,0.38,4.0,1.56,1.12,72.0,76.26,0.19,0.0,4.06,0.94,80.0,0.75,0.94
1265,Primeira Liga (PT),180750,Atanas Chernev,A. Chernev,2002-03-25,80.43,18.0,18.52,15,14,1,981.0,70.07,0.0,0.5,382.0,27.29,23.93,87.7,90.37,18.92,2.36,6.86,5.43,0.0,0.0,18.29,5.14,3.64,11.64,3.93,3.07,78.18,85.98,0.14,0.0,1.43,0.29,50.0,0.14,3.0
1265,Primeira Liga (PT),181586,Bernardo Schappo,Bernardo Schappo,1999-03-22,86.83,19.79,22.11,25,24,1,2639.0,109.96,0.08,0.58,907.0,37.79,31.42,83.13,87.22,19.58,3.58,7.71,6.46,0.08,0.0,33.0,10.62,7.5,12.67,4.54,3.25,71.56,78.89,0.08,0.04,2.29,0.67,37.5,0.25,6.0
1265,Primeira Liga (PT),182823,Gustavo Filipe Alves Freitas Azevedo Sá,Gustavo Sá,2004-11-11,91.21,23.44,22.52,32,31,1,2813.0,90.74,0.29,2.65,890.0,28.71,22.39,77.98,80.29,17.24,2.35,8.81,5.84,1.71,1.06,7.65,2.52,1.71,28.58,10.48,7.61,72.62,72.66,1.52,0.1,22.03,6.35,56.35,3.58,6.94
1265,Primeira Liga (PT),189215,Kevin José Chamorro Rodríguez,K. Chamorro,2000-04-08,95.91,26.11,25.47,3,3,0,141.0,47.0,0.0,0.0,51.0,17.0,11.67,68.63,84.32,23.03,2.0,3.0,3.33,0.0,0.0,15.67,4.0,1.33,11.67,4.33,3.67,84.62,94.29,0.0,0.0,0.0,0.0,,0.0,2.67
1265,Primeira Liga (PT),231510,Or Israelov,O. Israelov,2004-09-02,24.36,7.16,3.88,1,1,0,24.0,24.0,0.0,0.0,9.0,9.0,9.0,100.0,95.8,18.29,0.0,1.0,4.0,0.0,0.0,1.0,0.0,0.0,0.0,0.0,0.0,,,0.0,0.0,0.0,0.0,,0.0,1.0
1265,Primeira Liga (PT),233303,Andreas Ntoi,A. Ntoi,2003-02-02,84.28,21.5,23.53,30,30,0,2783.0,92.77,0.13,0.8,854.0,28.47,24.43,85.83,88.9,17.02,1.67,6.8,6.43,0.33,0.13,15.7,4.77,3.67,10.47,4.4,3.4,77.27,78.35,0.23,0.07,6.73,1.83,52.73,0.97,3.67
1265,Primeira Liga (PT),240388,Carlos Eduardo Borges Parente,Carlos Eduardo,2002-08-10,24.54,6.55,5.08,15,15,0,73.0,4.87,0.0,0.13,21.0,1.4,1.07,76.19,68.24,8.71,0.0,0.67,0.2,0.2,0.0,0.07,0.0,0.0,2.0,0.4,0.27,66.67,66.85,0.07,0.0,1.47,0.47,57.14,0.27,0.4
1265,Primeira Liga (PT),254546,Taichi Fukui,T. Fukui,2004-07-15,82.92,21.31,22.48,33,32,1,3694.0,115.44,0.25,1.47,1172.0,36.62,32.22,87.97,89.91,16.59,2.19,10.09,10.31,0.59,0.44,21.5,5.03,3.88,16.62,5.69,4.22,74.18,79.91,0.69,0.09,12.53,2.28,54.79,1.25,3.94
1265,Primeira Liga (PT),256424,Deniz Gül,D. Gül,2004-07-02,45.13,12.35,11.14,29,28,1,523.0,18.68,0.18,0.64,127.0,4.54,3.14,69.29,74.31,11.5,0.04,1.57,0.54,0.29,0.18,0.71,0.14,0.11,8.79,1.96,1.36,69.09,70.3,0.39,0.11,7.82,1.5,64.28,0.96,1.25
1265,Primeira Liga (PT),301498,Juan Diego Castillo Reyes,J. Castillo,2003-01-13,99.44,24.63,24.85,15,15,0,725.0,48.33,0.0,0.07,227.0,15.13,12.4,81.94,88.25,23.51,2.53,1.8,1.73,0.0,0.0,17.4,3.87,2.0,12.27,3.53,3.33,94.34,93.84,0.0,0.0,0.0,0.0,,0.0,1.53
1265,Primeira Liga (PT),333898,Korede Osundina,K. Osundina,2004-02-13,46.15,8.35,13.41,18,17,1,348.0,20.47,0.0,0.41,99.0,5.82,4.65,79.8,75.48,14.44,0.35,1.82,1.06,0.29,0.24,0.88,0.29,0.24,7.18,2.12,1.53,72.22,67.72,0.29,0.0,5.18,1.35,69.57,0.94,1.59
1265,Primeira Liga (PT),365789,Victor Froholdt,V. Froholdt,2006-02-25,93.52,27.37,21.95,34,31,3,2604.0,84.0,0.26,1.71,730.0,23.55,20.55,87.26,86.52,12.93,0.55,6.1,3.29,0.35,0.29,8.84,1.45,1.0,21.16,6.13,4.68,76.32,76.8,0.71,0.19,17.03,3.0,52.69,1.58,3.32
1265,Primeira Liga (PT),414064,Andrey Felisberto Dos Santos,Andrey,2002-02-06,77.77,17.69,22.27,2,2,0,147.0,73.5,0.0,0.0,46.0,23.0,19.0,82.61,84.84,13.93,0.5,7.0,6.5,0.5,0.5,10.0,2.0,2.0,7.0,3.0,1.5,50.0,75.04,0.0,0.0,5.0,1.0,50.0,0.5,3.0
1265,Primeira Liga (PT),424571,Yefrei Stiven Rodríguez Sinisterra,Y. Rodriguez,2005-05-11,35.76,8.0,8.59,14,14,0,227.0,16.21,0.0,0.5,55.0,3.93,2.86,72.73,75.06,12.19,0.14,0.79,0.71,0.14,0.21,0.07,0.0,0.0,5.43,1.07,0.64,60.0,71.66,0.07,0.0,6.5,0.93,69.23,0.64,1.29
1265,Primeira Liga (PT),439381,Pedro Lima Barros,P. Lima,2003-03-27,79.7,15.89,25.19,26,25,1,1491.0,59.64,0.12,1.72,435.0,17.4,12.8,73.56,74.96,15.86,1.16,4.28,2.88,0.72,0.92,6.52,1.72,0.76,18.76,6.56,4.48,68.29,66.91,1.04,0.08,13.6,4.28,57.01,2.44,5.76
1265,Primeira Liga (PT),439388,Edney Henrique Santos da Silva,Edney,2004-07-26,48.2,13.63,11.98,1,1,0,33.0,33.0,0.0,0.0,10.0,10.0,7.0,70.0,82.98,14.55,0.0,1.0,2.0,1.0,0.0,12.0,3.0,1.0,17.0,3.0,0.0,0.0,45.8,0.0,0.0,4.0,1.0,0.0,0.0,2.0
1265,Primeira Liga (PT),486521,Benedito Mambuene Mukendi,Beni,2002-05-21,84.56,22.15,20.43,29,28,1,3590.0,128.21,0.04,1.32,1083.0,38.68,35.11,90.77,92.58,15.68,1.46,7.39,7.04,0.18,0.43,23.18,5.29,4.5,13.54,4.29,3.96,92.5,88.27,0.32,0.04,7.21,1.5,57.14,0.86,2.14
1265,Primeira Liga (PT),486523,Tiago Miguel Silva Manso,Tiago Manso,1999-12-13,62.01,13.82,17.52,28,28,0,1681.0,60.04,0.04,0.82,552.0,19.71,15.07,76.45,79.63,17.24,1.68,4.46,4.57,0.54,0.43,11.57,3.25,2.32,16.11,5.5,4.07,74.03,72.13,0.29,0.04,9.71,2.46,44.93,1.11,5.36
1265,Primeira Liga (PT),486533,Luís Carlos Rocha Rodrigues,Luís Rocha,1986-08-13,98.61,26.19,25.5,13,13,0,1789.0,137.62,0.0,0.62,655.0,50.38,44.31,87.94,91.41,18.87,4.0,7.85,11.46,0.08,0.0,35.85,9.92,6.85,14.38,6.08,4.85,79.75,83.76,0.15,0.0,1.23,0.62,50.0,0.31,6.46
1265,Primeira Liga (PT),487370,Amine El Ouazzani,A. El Ouazzani,2001-07-15,60.0,21.45,11.84,13,13,0,376.0,28.92,0.0,0.46,102.0,7.85,6.46,82.35,79.53,11.91,0.15,3.0,1.08,0.46,0.46,0.46,0.08,0.08,10.08,2.92,2.23,76.32,73.78,0.31,0.08,9.23,1.92,72.0,1.38,1.69
1265,Primeira Liga (PT),507730,Fally Mayulu,F. Mayulu,2002-07-15,10.17,2.76,1.59,3,3,0,5.0,1.67,0.0,0.0,2.0,0.67,0.0,0.0,59.88,,0.0,0.33,0.0,0.33,0.0,0.0,0.0,0.0,1.0,0.67,0.0,0.0,59.88,0.0,0.0,1.33,0.67,0.0,0.0,0.33
1265,Primeira Liga (PT),510598,Antoine Joujou,A. Joujou,2003-03-12,30.55,7.96,7.55,23,22,1,639.0,29.05,0.09,0.82,162.0,7.36,5.95,80.86,81.54,15.0,0.36,1.45,1.18,0.14,0.09,2.05,0.18,0.05,8.55,1.82,1.32,72.5,72.23,0.27,0.0,7.95,1.64,55.55,0.91,1.59
1265,Primeira Liga (PT),514482,Gonçalo Teixeira Nogueira,Gonçalo Nogueira,2003-12-28,63.59,16.73,14.93,23,23,0,1625.0,70.65,0.22,1.57,435.0,18.91,17.13,90.58,90.82,13.66,0.48,4.52,3.57,0.39,0.48,11.83,1.91,1.7,12.09,3.48,2.91,83.75,82.61,0.43,0.04,9.35,1.65,78.95,1.3,1.61
1265,Primeira Liga (PT),514492,Guilherme Manuel Serrão Montóia,Guilherme Montóia,2003-09-14,54.96,12.72,13.42,11,10,1,611.0,61.1,0.1,0.6,190.0,19.0,14.6,76.84,80.06,14.79,0.7,3.3,2.8,0.1,0.4,11.6,3.3,2.4,17.6,6.1,4.1,67.21,72.22,0.2,0.0,9.1,2.8,35.71,1.0,4.6
1265,Primeira Liga (PT),514501,Rafael Ferreira Nel,Rafael Nel,2005-04-03,30.61,9.79,4.91,7,7,0,83.0,11.86,0.29,0.57,27.0,3.86,3.14,81.48,81.53,12.5,0.0,1.86,0.57,0.29,0.43,0.14,0.0,0.0,3.71,0.71,0.71,100.0,64.68,0.29,0.14,4.14,1.14,87.5,1.0,0.57
1265,Primeira Liga (PT),514524,Diogo Prioste,Diogo Prioste,2004-03-26,14.02,4.54,2.8,2,2,0,55.0,27.5,0.0,0.0,22.0,11.0,11.0,100.0,96.65,14.76,0.5,1.5,4.0,0.0,0.0,1.5,0.0,0.0,4.0,1.5,1.5,100.0,91.85,0.0,0.0,0.5,0.0,,0.0,0.0
1265,Primeira Liga (PT),514734,João Miguel  Vieira Freitas Silva Marques,João Marques,2002-02-13,50.75,8.79,15.2,13,12,1,442.0,36.83,0.08,0.67,126.0,10.5,8.0,76.19,78.08,13.48,0.25,2.75,1.92,0.58,0.5,1.58,0.42,0.17,11.67,3.67,2.67,72.73,73.54,0.5,0.08,9.0,2.5,63.33,1.58,2.83
1265,Primeira Liga (PT),514744,Tiago Ribeiro Duarte,Tiago Duarte,2004-05-01,23.0,5.85,4.94,1,1,0,30.0,30.0,0.0,2.0,12.0,12.0,9.0,75.0,78.0,14.05,0.0,4.0,1.0,0.0,0.0,16.0,5.0,3.0,14.0,5.0,3.0,60.0,77.24,0.0,0.0,4.0,1.0,0.0,0.0,5.0
1265,Primeira Liga (PT),520864,Pedro Carvalho Santos,Pedro Santos,2000-10-12,54.79,14.05,13.27,16,16,0,1822.0,113.88,0.19,1.5,565.0,35.31,32.62,92.39,92.0,16.66,2.88,6.69,9.94,0.06,0.25,24.88,5.44,4.44,13.25,4.56,3.75,82.19,78.23,0.44,0.0,6.12,1.12,72.22,0.81,2.94
1265,Primeira Liga (PT),531688,Fabio Blanco Gómez,Fabio Blanco,2004-02-18,32.71,7.95,7.65,15,14,1,436.0,31.14,0.0,0.79,108.0,7.71,5.36,69.44,74.1,13.8,0.43,1.57,1.21,0.5,0.71,2.43,0.5,0.43,10.79,2.57,1.57,61.11,73.11,0.29,0.0,13.07,3.14,47.73,1.5,2.93
1265,Primeira Liga (PT),532818,Xabier  Huarte Armendariz,Xabi Huarte,2001-02-25,32.08,7.42,9.96,5,5,0,107.0,21.4,0.2,0.8,37.0,7.4,6.2,83.78,78.43,16.27,0.6,1.8,1.4,0.4,0.0,2.2,0.2,0.2,7.8,3.4,3.2,94.12,79.07,0.2,0.0,5.4,1.0,80.0,0.8,1.8
1265,Primeira Liga (PT),537303,Kevin Höög Jansson,K. Höög Jansson,2000-09-29,69.18,17.31,17.31,13,13,0,898.0,69.08,0.08,0.77,305.0,23.46,20.69,88.2,88.52,17.69,2.38,5.92,4.92,0.0,0.0,15.15,3.92,2.92,7.0,2.54,2.08,81.82,76.83,0.31,0.08,2.62,0.85,72.73,0.62,3.31
1265,Primeira Liga (PT),539147,Tidjany Chabrol Touré,T. Touré,2002-07-15,51.65,12.62,12.47,11,11,0,555.0,50.45,0.09,1.36,129.0,11.73,9.82,83.72,84.24,13.37,0.09,1.91,1.73,0.45,0.0,4.82,0.91,0.64,15.27,3.27,2.18,66.67,70.71,0.27,0.0,13.36,2.73,63.33,1.73,2.18
1265,Primeira Liga (PT),540058,Dylan Alexander Nandín Berrutti,D. Nandín,2002-02-28,48.33,11.63,12.36,21,20,1,417.0,20.85,0.25,0.7,115.0,5.75,4.3,74.78,76.94,11.33,0.1,2.05,0.85,0.5,0.2,0.4,0.1,0.05,7.7,2.2,1.55,70.45,71.57,0.45,0.15,5.45,1.45,58.62,0.85,1.5
1265,Primeira Liga (PT),542787,Luis Guilherme Lira dos Santos,Luis Guilherme,2006-02-09,53.81,18.1,11.73,13,13,0,982.0,75.54,0.15,2.31,286.0,22.0,18.46,83.92,80.81,14.37,0.85,4.46,2.85,1.08,0.54,9.38,2.0,1.38,22.38,7.23,5.85,80.85,68.41,1.15,0.0,19.08,5.69,67.57,3.85,5.15
1265,Primeira Liga (PT),556549,Mateja Stjepanović,M. Stjepanović,2004-02-20,81.23,20.19,23.19,32,30,2,2729.0,90.97,0.03,0.53,932.0,31.07,26.97,86.8,89.13,16.6,1.97,10.83,7.93,0.2,0.17,16.63,4.5,3.3,6.9,3.3,2.73,82.83,78.92,0.17,0.03,3.83,1.0,56.67,0.57,3.27
1265,Primeira Liga (PT),564775,Cédric Nuozzi,C. Nuozzi,2006-01-30,41.16,9.4,12.17,24,24,0,783.0,32.62,0.0,0.67,195.0,8.12,6.46,79.49,77.92,15.2,0.42,2.12,1.08,0.17,0.21,1.83,0.5,0.33,12.42,3.12,2.58,82.67,73.86,0.46,0.0,8.42,1.96,63.83,1.25,2.25
1265,Primeira Liga (PT),592647,Francisco Pedro Tiago Silva,Kiki Silva,1998-02-14,16.18,4.78,2.73,1,1,0,27.0,27.0,0.0,2.0,6.0,6.0,5.0,83.33,71.74,15.97,1.0,0.0,2.0,0.0,1.0,2.0,0.0,0.0,8.0,2.0,2.0,100.0,73.18,2.0,0.0,12.0,3.0,66.67,2.0,3.0
1265,Primeira Liga (PT),593954,Moudja Sié Ouattara,M. Ouattara,2002-05-20,40.43,9.53,11.23,16,16,0,490.0,30.62,0.0,0.88,141.0,8.81,6.5,73.76,76.44,13.73,0.44,2.0,0.62,0.25,0.06,1.38,0.25,0.19,10.38,2.56,1.94,75.61,70.96,0.44,0.0,8.31,2.38,47.37,1.12,2.75
1265,Primeira Liga (PT),599198,Julien Lomboto Lombompi,J. Lomboto,2002-05-13,35.4,8.7,10.84,7,7,0,272.0,38.86,0.0,0.0,113.0,16.14,14.71,91.15,94.61,17.81,0.57,2.86,4.0,0.0,0.0,9.43,2.29,2.14,3.43,1.29,1.14,88.89,88.17,0.0,0.0,0.14,0.0,,0.0,1.14
1265,Primeira Liga (PT),606730,José Julián Martínez Crisanto,J. Martínez,2003-12-01,68.5,15.04,21.37,11,11,0,801.0,72.82,0.18,0.45,271.0,24.64,21.45,87.08,91.23,17.3,1.0,2.82,5.82,0.09,0.18,18.0,4.55,3.18,10.27,3.45,2.64,76.32,83.34,0.0,0.0,1.91,0.55,33.33,0.18,2.64
1265,Primeira Liga (PT),616534,Manuel Jorge Silva,Manu,2001-06-12,19.85,5.13,4.71,9,8,1,189.0,23.62,0.0,0.25,65.0,8.12,7.12,87.69,88.43,14.17,0.12,2.38,3.5,0.12,0.0,4.25,1.75,1.5,1.38,0.75,0.75,100.0,78.92,0.38,0.12,0.62,0.25,100.0,0.25,0.75
1265,Primeira Liga (PT),623079,Tiago Araújo Brito,Tiago Brito,2004-04-16,23.39,6.67,5.05,4,4,0,178.0,44.5,0.0,0.75,54.0,13.5,11.75,87.04,89.89,14.94,0.5,3.0,2.5,0.0,0.0,5.75,0.75,0.5,5.75,2.5,2.5,100.0,88.91,0.25,0.0,4.75,1.25,60.0,0.75,1.25
1265,Primeira Liga (PT),629214,Hyun-Ju  Lee,Lee Hyun-Ju,2003-02-07,72.35,19.93,18.07,30,29,1,2219.0,76.52,0.34,1.55,590.0,20.34,18.38,90.34,90.5,12.33,0.38,5.17,2.72,0.21,0.14,8.83,1.52,1.28,20.24,4.1,3.62,88.24,84.05,0.62,0.14,13.83,1.9,67.27,1.28,1.48
1265,Primeira Liga (PT),633219,Tony Strata,T. Strata,2004-09-07,73.72,19.76,16.98,21,20,1,1943.0,97.15,0.15,1.75,595.0,29.75,24.7,83.02,83.8,15.25,1.75,6.45,4.6,0.85,0.35,16.8,3.3,2.7,24.2,7.0,5.55,79.29,73.69,1.05,0.1,15.7,3.65,42.47,1.55,5.65
1265,Primeira Liga (PT),634522,Matheus Cardoso Francisco,Mateus Pivô,1997-12-16,89.44,17.22,28.64,14,13,1,730.0,56.15,0.0,0.62,258.0,19.85,15.15,76.36,79.64,15.75,1.15,5.77,4.69,0.31,0.08,15.46,5.08,3.62,14.23,5.62,4.23,75.34,72.12,0.38,0.0,4.62,1.38,22.22,0.31,4.92
1265,Primeira Liga (PT),637197,Max Scholze ,M. Scholze,2005-04-30,74.06,18.22,18.93,11,11,0,903.0,82.09,0.09,0.82,261.0,23.73,20.36,85.82,88.62,13.26,0.55,3.0,3.73,0.27,0.45,12.09,1.64,1.27,17.45,5.45,4.45,81.67,80.09,0.45,0.09,7.73,1.82,30.0,0.55,2.91
1265,Primeira Liga (PT),638815,Tunde Akinsola,T. Akinsola,2003-03-10,79.39,16.52,24.59,34,33,1,1961.0,59.42,0.12,1.76,483.0,14.64,10.03,68.53,73.51,15.58,0.91,3.45,1.55,0.52,0.33,3.24,0.91,0.52,23.09,6.36,3.94,61.91,67.81,0.94,0.03,18.06,4.06,55.22,2.24,4.7
1265,Primeira Liga (PT),641109,Jakub Vinarčík,J. Vinarčík,2005-07-11,101.83,22.25,32.72,1,1,0,63.0,63.0,0.0,0.0,23.0,23.0,16.0,69.57,86.3,20.76,3.0,6.0,0.0,0.0,0.0,15.0,4.0,3.0,16.0,7.0,7.0,100.0,92.37,0.0,0.0,0.0,0.0,,0.0,5.0
1265,Primeira Liga (PT),641256,Ryan Carlos Santos de Sousa,Ryan,2002-05-14,45.53,11.82,9.95,4,4,0,223.0,55.75,0.0,0.5,65.0,16.25,12.25,75.38,84.95,19.22,2.25,2.25,2.75,0.0,0.0,13.0,2.5,1.5,7.75,2.0,1.25,62.5,73.27,0.25,0.0,5.75,1.25,20.0,0.25,3.75
1265,Primeira Liga (PT),657169,Gonçalo Carvalho Moreira,G. Moreira,2006-01-03,2.37,0.16,0.58,1,1,0,0.0,0.0,0.0,0.0,0.0,0.0,0.0,,,,0.0,0.0,0.0,0.0,0.0,0.0,0.0,0.0,0.0,0.0,0.0,,,0.0,0.0,0.0,0.0,,0.0,0.0
1265,Primeira Liga (PT),657171,Diogo Lobão de Sousa,Diogo Sousa,2006-01-20,57.81,15.0,13.09,22,21,1,1798.0,85.62,0.1,1.33,537.0,25.57,20.76,81.19,83.14,16.36,1.95,6.33,5.86,0.81,0.67,18.19,5.0,3.43,15.48,4.81,3.29,68.32,68.4,0.57,0.05,13.24,3.38,47.89,1.62,5.05
1265,Primeira Liga (PT),657184,Gil Pinto Martins,Gil Martins,2006-05-12,7.38,2.46,0.72,1,1,0,4.0,4.0,0.0,0.0,2.0,2.0,2.0,100.0,99.7,18.7,1.0,0.0,1.0,0.0,0.0,0.0,0.0,0.0,0.0,0.0,0.0,,,0.0,0.0,0.0,0.0,,0.0,0.0
1265,Primeira Liga (PT),657186,João Pedro Arnauth Barrocas Simões,João Simões,2007-01-06,46.36,15.48,9.76,18,18,0,1266.0,70.33,0.11,0.94,379.0,21.06,19.17,91.03,90.37,14.74,0.61,3.56,5.83,0.28,0.39,11.61,1.94,1.61,10.72,3.39,2.61,77.05,75.46,0.44,0.06,10.94,2.0,58.33,1.17,2.06
1265,Primeira Liga (PT),658772,Marcos Peña Ocaña,Marcos Peña,2005-01-22,27.5,7.22,6.89,16,16,0,502.0,31.38,0.0,0.25,163.0,10.19,9.5,93.25,90.91,16.38,0.75,3.44,2.75,0.31,0.19,3.81,0.81,0.69,2.94,1.31,1.31,100.0,82.77,0.0,0.0,2.38,0.56,88.89,0.5,0.81
1265,Primeira Liga (PT),662525,Bastien Meupiyou Menadjou,B. Meupiyou,2006-03-19,96.16,22.38,27.91,29,29,0,3573.0,123.21,0.14,0.76,1143.0,39.41,34.41,87.31,88.46,18.09,2.38,6.14,8.41,0.1,0.07,34.38,11.38,9.1,23.0,7.21,6.14,85.17,85.3,0.17,0.03,3.9,0.83,54.17,0.45,5.79
1265,Primeira Liga (PT),663365,Geovany Tcherno Quenda,Geovany Quenda,2007-04-30,47.18,15.25,10.37,20,19,1,1174.0,61.79,0.42,1.74,363.0,19.11,14.47,75.76,79.46,14.89,1.0,3.79,2.53,0.47,0.21,5.47,1.79,1.11,19.79,5.63,3.53,62.62,66.05,0.68,0.11,15.95,4.53,48.84,2.21,4.84
1265,Primeira Liga (PT),663376,Eric Emanuel da Silva Moreira,E. da Silva Moreira,2006-05-03,27.79,7.16,8.57,3,3,0,83.0,27.67,0.0,0.0,30.0,10.0,9.0,90.0,86.91,13.11,0.0,2.33,2.0,0.0,0.0,4.33,1.33,1.33,4.33,1.67,1.33,80.0,68.97,0.0,0.0,1.67,0.67,50.0,0.33,2.0
1265,Primeira Liga (PT),666916,Roméo Beney,R. Beney,2005-01-19,22.18,5.59,4.3,14,13,1,316.0,24.31,0.08,0.54,84.0,6.46,4.23,65.48,71.51,15.5,0.38,0.62,1.08,0.15,0.15,2.31,0.77,0.46,8.85,2.31,1.46,63.33,64.12,0.38,0.0,9.23,2.38,38.71,0.92,2.46
1265,Primeira Liga (PT),667307,Matija Mitrović,M. Mitrović,2004-12-12,47.14,11.57,11.46,18,17,1,1130.0,66.47,0.0,1.12,333.0,19.59,16.12,82.28,85.61,17.66,1.53,5.0,4.53,0.53,0.47,14.41,3.71,2.76,9.24,3.29,2.29,69.64,75.64,0.18,0.0,7.59,1.82,45.16,0.82,3.41
1265,Primeira Liga (PT),668428,Conrad Harder Weibel Schandorff,C. Harder,2005-04-07,20.66,7.58,4.37,4,4,0,41.0,10.25,0.0,0.5,12.0,3.0,2.0,66.67,71.42,9.88,0.0,1.25,0.0,0.25,0.0,0.0,0.0,0.0,3.25,1.5,1.0,66.67,71.79,0.0,0.0,5.25,1.25,40.0,0.5,1.5
1265,Primeira Liga (PT),671211,Afonso  Oliveira Rodrigues,Afonso Rodrigues,2002-08-19,24.05,5.64,5.59,7,7,0,108.0,15.43,0.0,0.14,36.0,5.14,3.29,63.89,67.76,13.13,0.14,1.43,0.71,0.29,0.14,1.57,0.29,0.14,4.86,2.14,1.43,66.67,61.33,0.14,0.0,5.0,1.29,33.33,0.43,2.14
1265,Primeira Liga (PT),672056,Rodrigo Osório Mordomo Silva,Rodrigo Mordomo,2004-12-08,9.83,2.1,1.72,1,1,0,9.0,9.0,0.0,0.0,3.0,3.0,2.0,66.67,70.68,9.04,0.0,3.0,0.0,0.0,0.0,0.0,0.0,0.0,3.0,2.0,1.0,50.0,74.4,0.0,0.0,0.0,0.0,,0.0,2.0
1265,Primeira Liga (PT),676470,Alexsandro Amorim de Freitas Filho,Amorim,2005-05-18,93.17,21.47,27.82,19,19,0,2219.0,116.79,0.16,1.53,617.0,32.47,27.89,85.9,84.95,15.84,2.05,6.79,8.42,0.37,0.26,18.79,4.26,3.47,18.74,7.05,5.37,76.12,73.55,0.79,0.11,11.58,3.0,61.4,1.84,4.89
1265,Primeira Liga (PT),689057,Nodar Lominadze,N. Lominadze,2002-04-04,44.37,10.94,11.38,16,16,0,731.0,45.69,0.12,0.88,210.0,13.12,10.69,81.43,85.67,15.88,0.56,4.12,2.12,0.5,0.25,6.88,1.5,1.06,7.81,2.38,1.69,71.05,81.27,0.12,0.0,4.94,1.31,61.91,0.81,1.88
1265,Primeira Liga (PT),693894,Gabriel Silva  Moscardo de Salles,Gabriel Moscardo,2005-09-28,48.08,16.13,10.08,23,23,0,1718.0,74.7,0.13,0.7,561.0,24.39,21.91,89.84,92.09,14.8,0.65,4.3,5.26,0.3,0.3,17.96,4.04,3.26,12.3,4.43,4.04,91.18,86.45,0.17,0.0,4.43,1.04,83.33,0.87,2.0
1265,Primeira Liga (PT),698183,Souleymane Faye,S. Faye,2003-02-08,24.95,6.47,4.53,5,5,0,106.0,21.2,0.2,0.6,33.0,6.6,6.0,90.91,78.99,12.24,0.2,2.6,1.2,0.0,0.0,1.2,0.2,0.2,7.8,2.4,2.2,91.67,76.78,0.4,0.2,7.2,1.6,87.5,1.4,1.6
1265,Primeira Liga (PT),703002,Romualdas Jansonas,R. Jansonas,2005-06-23,29.88,6.21,7.03,2,2,0,22.0,11.0,0.0,0.0,11.0,5.5,2.5,45.45,76.21,12.96,0.0,3.5,0.0,0.0,0.0,0.0,0.0,0.0,2.5,1.5,0.0,0.0,58.29,0.0,0.0,4.5,1.0,0.0,0.0,1.0
1265,Primeira Liga (PT),708022,Tobías Medina,T. Medina,2004-03-03,18.46,7.82,3.04,1,1,0,24.0,24.0,0.0,0.0,5.0,5.0,4.0,80.0,90.67,7.31,0.0,0.0,2.0,0.0,0.0,0.0,0.0,0.0,4.0,1.0,1.0,100.0,99.22,0.0,0.0,4.0,0.0,,0.0,0.0
1265,Primeira Liga (PT),731092,Antef Tsoungui,A. Tsoungui,2002-12-30,65.75,18.23,16.58,23,23,0,2030.0,88.26,0.04,0.57,670.0,29.13,25.61,87.91,91.65,14.8,1.35,7.48,5.74,0.17,0.04,17.22,4.04,2.83,6.87,2.74,2.0,73.02,80.88,0.17,0.0,3.39,0.87,45.0,0.39,2.52
1265,Primeira Liga (PT),731279,Espen van Ee,E. van Ee,2003-07-05,82.06,21.25,21.44,26,25,1,3041.0,121.64,0.2,1.84,928.0,37.12,32.96,88.79,91.24,15.62,1.52,9.28,7.8,0.16,0.04,22.44,4.84,3.8,13.24,4.48,3.64,81.25,79.59,0.4,0.08,8.24,1.4,45.71,0.64,3.16
1265,Primeira Liga (PT),733174,Mathias De Amorim,M. De Amorim,2004-12-10,87.48,22.61,22.05,30,29,1,2587.0,89.21,0.21,1.76,759.0,26.17,21.93,83.79,85.07,14.85,1.24,9.55,5.07,0.76,0.76,8.52,2.24,1.66,18.03,6.38,4.69,73.51,77.75,0.66,0.1,14.86,3.62,60.0,2.17,4.34
1265,Primeira Liga (PT),733366,Samuel Omorodion Aghehowa,Samu Omorodion,2004-05-05,76.79,24.69,16.73,20,18,2,775.0,43.06,0.11,1.17,201.0,11.17,8.06,72.14,75.89,14.4,0.61,4.61,2.06,0.78,1.11,2.11,0.61,0.22,17.67,4.72,3.06,64.71,70.24,0.72,0.11,17.22,3.78,51.47,1.94,2.94
1265,Primeira Liga (PT),735579,Anthony Carter,A. Carter,1994-08-31,31.37,8.06,8.23,5,5,0,71.0,14.2,0.0,0.2,21.0,4.2,3.6,85.71,79.48,11.88,0.0,1.4,1.0,0.4,0.2,1.2,0.2,0.2,3.0,1.6,1.0,62.5,74.93,0.4,0.0,2.0,0.8,50.0,0.4,1.2
1265,Primeira Liga (PT),735644,Rodrigo Mora Carvalho,Rodrigo Mora,2007-05-05,47.94,13.99,10.81,28,26,2,1323.0,50.88,0.19,1.38,373.0,14.35,11.77,82.04,83.76,14.42,0.69,5.62,2.15,0.58,0.62,4.85,0.92,0.58,15.81,4.08,3.0,73.59,72.48,0.88,0.12,17.96,3.58,63.44,2.27,2.62
1265,Primeira Liga (PT),735645,Cícero Clébson Alves Santana,Cícero Alves,1997-05-10,72.3,15.84,22.98,18,18,0,1372.0,76.22,0.06,0.61,475.0,26.39,21.94,83.16,88.27,15.33,0.94,9.17,6.61,0.11,0.17,14.94,4.72,3.39,9.0,4.0,3.06,76.39,79.11,0.28,0.06,4.0,0.94,29.41,0.28,3.56
1265,Primeira Liga (PT),735647,André Filipe Castanheira Ceitil,André Ceitil,1995-03-11,32.59,5.3,8.69,4,4,0,51.0,12.75,0.0,0.0,21.0,5.25,4.5,85.71,89.79,16.34,0.25,1.25,1.5,0.0,0.0,2.25,0.75,0.25,1.75,0.25,0.25,100.0,58.55,0.0,0.0,1.75,0.5,100.0,0.5,1.0
1265,Primeira Liga (PT),735649,Pedro Henryque Pereira dos Santos,Maranhão,1999-03-02,79.27,18.46,22.63,32,32,0,2001.0,62.53,0.06,1.31,601.0,18.78,13.5,71.88,74.39,13.87,0.56,4.91,3.44,0.69,0.69,5.19,1.5,0.84,24.69,8.09,5.38,66.41,67.98,0.75,0.06,16.72,4.25,41.18,1.75,5.97
1265,Primeira Liga (PT),735655,Sidney Alexssander Pena De Lima,Sidney Lima,1997-01-17,97.58,24.11,25.16,33,32,1,3783.0,118.22,0.0,0.72,1336.0,41.75,36.06,86.38,90.6,19.32,3.38,6.62,8.94,0.16,0.22,31.88,7.31,4.78,18.34,5.97,4.72,79.06,79.45,0.22,0.0,3.84,1.25,40.0,0.5,5.22
1265,Primeira Liga (PT),735656,Sérgio Miguel Lobo Araújo,Serginho,1999-12-01,86.41,21.74,22.22,32,31,1,3551.0,114.55,0.06,1.65,1002.0,32.32,28.1,86.93,86.98,16.12,2.06,6.23,7.1,0.32,0.74,15.84,3.06,2.16,21.55,7.0,5.58,79.72,76.59,0.58,0.0,14.48,3.26,62.38,2.03,4.84
1265,Primeira Liga (PT),735699,Gustavo Pinto Mendonça,G. Mendonça,2003-03-11,72.26,14.63,22.32,21,20,1,1227.0,61.35,0.1,1.25,410.0,20.5,15.75,76.83,82.88,17.2,1.75,6.7,4.4,0.45,0.6,6.85,1.75,1.1,11.05,3.7,2.45,66.22,73.4,0.35,0.05,7.25,1.85,48.65,0.9,4.3
1265,Primeira Liga (PT),735705,David Allen Grilo,David Grilo,1996-08-13,98.86,26.16,25.84,1,1,0,98.0,98.0,0.0,0.0,30.0,30.0,16.0,53.33,73.89,25.53,5.0,8.0,3.0,0.0,0.0,50.0,15.0,5.0,19.0,1.0,1.0,100.0,99.75,0.0,0.0,0.0,0.0,,0.0,9.0
1265,Primeira Liga (PT),735708,Pedro Maria Salgueiro Costa Pessoa Carvalho,Pedro Carvalho,2003-02-14,55.64,15.21,13.84,23,23,0,1259.0,54.74,0.09,0.74,467.0,20.3,15.39,75.8,81.85,14.97,0.87,5.13,4.35,0.52,0.52,6.09,1.52,0.87,14.61,5.26,3.3,62.81,68.91,0.35,0.04,8.43,2.43,21.43,0.52,4.48
1265,Primeira Liga (PT),738192,Gustavo da Silva Cunha,Gustavo Silva,1999-06-01,69.51,18.21,15.68,23,21,2,797.0,37.95,0.19,0.95,211.0,10.05,7.38,73.46,73.99,13.34,0.29,2.62,1.52,0.33,0.33,3.1,0.67,0.52,14.24,4.14,2.9,70.12,67.58,0.52,0.1,12.05,2.57,48.15,1.24,3.43
1265,Primeira Liga (PT),738194,Paulo Vitor Leal Sousa Lima,Paulo Vitor,2001-07-19,88.46,17.57,28.07,18,17,1,1322.0,77.76,0.0,0.53,470.0,27.65,21.47,77.66,84.64,19.05,1.94,5.53,6.0,0.12,0.12,26.53,8.29,5.29,11.0,3.59,2.71,75.41,78.81,0.24,0.0,1.76,0.71,50.0,0.35,5.47
1265,Primeira Liga (PT),738195,Francisco Adriano Baptista Gonçalves,Chico Gonçalves,2004-03-05,63.52,15.32,16.14,10,9,1,589.0,65.44,0.0,0.67,247.0,27.44,25.0,91.09,94.03,20.35,3.44,4.89,6.22,0.11,0.0,15.11,4.44,4.0,7.78,4.0,3.89,97.22,93.28,0.0,0.0,1.0,0.22,100.0,0.22,2.0
1265,Primeira Liga (PT),738198,Martim Gustavo Silva Watts Rodrigues,Watts,2005-07-14,14.13,2.83,4.78,7,7,0,31.0,4.43,0.0,0.0,12.0,1.71,1.14,66.67,67.85,13.67,0.14,0.86,0.14,0.29,0.0,0.0,0.0,0.0,1.0,0.57,0.43,75.0,63.33,0.0,0.0,1.29,0.43,0.0,0.0,0.71
1265,Primeira Liga (PT),744049,Wendel da Silva Costa,W. Silva,2000-08-02,74.5,19.49,19.82,13,13,0,386.0,29.69,0.08,0.92,133.0,10.23,7.85,76.69,76.49,11.1,0.08,4.38,1.08,0.15,0.38,0.85,0.15,0.15,12.0,3.77,2.62,69.39,71.82,0.38,0.0,8.54,2.08,66.67,1.38,2.23
1265,Primeira Liga (PT),749988,Pablo Ruan Messias Cardozo,Pablo Ruan,2003-02-01,45.12,9.19,11.57,23,19,4,452.0,23.79,0.11,0.79,151.0,7.95,5.26,66.23,71.23,15.51,0.42,2.16,1.79,0.42,0.47,2.05,0.58,0.21,10.21,4.11,2.42,58.97,67.22,0.53,0.11,6.37,2.42,45.65,1.11,2.95
1265,Primeira Liga (PT),750250,Álvaro Martínez Navarro,Álvaro Martínez,2002-05-04,56.69,16.5,15.38,15,14,1,1154.0,82.43,0.14,0.86,430.0,30.71,26.29,85.58,86.75,16.2,1.0,5.5,7.57,0.5,0.21,22.43,6.21,4.57,19.21,7.93,6.0,75.68,74.22,0.43,0.07,7.5,2.29,50.0,1.14,5.14
1265,Primeira Liga (PT),758003,Omar Fayed Abdelwahab Elrakhawy,Omar Fayed,2003-07-04,75.7,18.64,21.21,8,8,0,928.0,116.0,0.0,0.5,319.0,39.88,35.75,89.66,91.82,19.1,3.38,4.88,7.38,0.12,0.25,29.12,8.5,6.5,15.62,6.25,5.25,84.0,84.04,0.0,0.0,1.88,1.12,55.56,0.62,3.88
1265,Primeira Liga (PT),773512,Steven Baseya,S. Baseya,2005-01-14,48.77,12.24,13.16,12,12,0,792.0,66.0,0.0,0.0,272.0,22.67,20.25,89.34,91.47,19.93,2.58,4.08,4.75,0.0,0.0,16.25,5.25,4.5,11.75,4.17,3.83,92.0,90.48,0.0,0.0,1.25,0.17,0.0,0.0,2.75
1265,Primeira Liga (PT),774053,José Manuel Mendes Gomes ,José Gomes,1996-07-20,93.56,19.91,25.36,27,24,3,1390.0,57.92,0.21,1.0,488.0,20.33,14.33,70.49,74.26,16.57,1.5,5.5,4.21,0.88,0.62,9.5,2.83,1.62,17.75,6.33,3.96,62.5,62.17,0.58,0.12,13.0,4.08,46.94,1.92,7.42
1265,Primeira Liga (PT),784664,Luis Fernando Santos Oliveira ,Fernando,2005-04-12,55.3,12.7,14.0,11,10,1,361.0,36.1,0.2,0.8,103.0,10.3,8.4,81.55,77.69,12.43,0.2,4.3,1.4,0.5,0.3,1.5,0.6,0.6,13.2,3.3,2.9,87.88,80.41,0.4,0.1,9.4,1.7,58.82,1.0,2.7
1265,Primeira Liga (PT),789116,Antonios Papakanellos,A. Papakanellos,2005-08-11,24.9,6.3,6.12,21,21,0,614.0,29.24,0.0,0.14,176.0,8.38,6.38,76.14,78.7,12.73,0.19,1.9,1.33,0.52,0.24,2.81,0.62,0.38,8.1,2.86,2.05,71.67,72.49,0.0,0.0,8.19,2.05,48.84,1.0,1.9
1265,Primeira Liga (PT),789166,Theofanis  Bakoulas,T. Bakoulas,2005-01-04,60.85,16.4,13.28,3,3,0,185.0,61.67,0.0,0.67,45.0,15.0,13.33,88.89,90.14,16.4,0.67,2.67,2.33,0.0,0.67,9.0,1.33,1.0,8.67,2.0,1.33,66.67,58.17,0.33,0.0,8.0,1.67,80.0,1.33,2.0
1265,Primeira Liga (PT),793234,Brenner Lucas Gonçalves Santos,Brenner,2002-01-02,49.63,12.55,12.43,28,27,1,903.0,33.44,0.0,1.0,240.0,8.89,6.0,67.5,70.47,13.18,0.11,1.96,0.96,0.37,0.15,1.37,0.3,0.19,16.56,4.3,2.74,63.79,65.81,0.7,0.0,12.26,3.19,39.53,1.26,3.44
1265,Primeira Liga (PT),797508,William Gomes Carvalho Santos,William Gomes,2006-03-15,50.07,14.37,11.3,28,25,3,1172.0,46.88,0.16,1.0,295.0,11.8,7.88,66.78,71.88,15.46,0.48,2.0,1.8,0.4,0.4,5.36,1.32,0.56,22.0,5.04,3.0,59.53,65.7,0.64,0.16,15.64,3.72,40.86,1.52,4.12
1265,Primeira Liga (PT),799030,Paulo Daniel Valente Moreira,Paulo Moreira,2000-02-17,90.41,21.4,22.95,28,27,1,2510.0,92.96,0.26,1.11,728.0,26.96,23.04,85.44,88.22,16.07,1.37,7.37,5.59,0.48,0.33,11.67,2.85,2.07,11.67,4.26,3.15,73.91,77.3,0.37,0.07,7.19,1.74,57.45,1.0,3.59
1265,Primeira Liga (PT),799968,Juan Sebastián Rodríguez López,J. Rodríguez,2006-03-27,75.07,17.8,20.49,29,29,0,2309.0,79.62,0.03,0.97,730.0,25.17,22.24,88.36,89.11,16.66,1.76,6.1,6.21,0.38,0.21,16.79,4.21,3.38,8.03,3.38,2.76,81.63,76.59,0.41,0.03,5.52,1.52,72.73,1.1,3.14
1265,Primeira Liga (PT),800977,Gustavo Miguel Pereira Sousa Varela,Gustavo Varela,2005-01-30,53.54,13.35,13.29,32,31,1,750.0,24.19,0.16,0.39,180.0,5.81,4.39,75.56,79.1,11.82,0.16,2.23,1.13,0.45,0.16,0.55,0.16,0.03,8.61,1.97,1.35,68.85,73.82,0.26,0.06,6.84,1.29,70.0,0.9,1.35
1265,Primeira Liga (PT),801815,Ikker Julian de La Caridad Caldeira dos Santos,I. Julian,2005-07-07,61.87,17.6,17.46,2,2,0,210.0,105.0,0.0,0.0,58.0,29.0,25.0,86.21,90.55,17.7,0.5,1.5,6.5,0.0,0.0,28.0,6.0,5.0,14.0,4.5,4.5,100.0,85.74,0.0,0.0,3.5,1.5,33.33,0.5,3.0
1265,Primeira Liga (PT),801829,Ejike  Julius Opara ,E. Julius Opara,2005-07-05,11.52,3.02,2.79,1,1,0,9.0,9.0,0.0,0.0,2.0,2.0,2.0,100.0,98.47,8.81,0.0,0.0,0.0,0.0,0.0,0.0,0.0,0.0,4.0,1.0,1.0,100.0,97.82,0.0,0.0,6.0,1.0,100.0,1.0,0.0
1265,Primeira Liga (PT),808236,Valdemiro Pinto Domingos,Miro,2003-04-22,74.31,16.63,22.68,4,4,0,124.0,31.0,0.0,1.0,29.0,7.25,5.0,68.97,76.97,16.04,0.5,2.0,0.75,0.25,0.25,1.0,0.0,0.0,15.5,3.75,2.75,73.33,77.71,1.25,0.0,10.5,1.5,66.67,1.0,1.75
1265,Primeira Liga (PT),808976,Motez Nourani,M. Nourani,2002-01-11,32.74,8.01,9.88,6,6,0,152.0,25.33,0.0,0.0,40.0,6.67,5.0,75.0,84.98,12.57,0.0,1.17,0.5,0.0,0.0,2.33,0.5,0.17,7.83,2.0,1.0,50.0,74.15,0.0,0.0,5.17,0.67,25.0,0.17,1.33
1265,Primeira Liga (PT),808991,Daniel Grilo Azevedo,Daniel Azevedo,1998-02-12,78.26,19.48,21.22,3,3,0,239.0,79.67,0.0,0.0,80.0,26.67,22.33,83.75,85.42,24.08,5.33,5.33,2.33,0.0,0.0,31.33,6.0,3.33,13.67,4.0,3.33,83.33,84.94,0.0,0.0,0.0,0.0,,0.0,4.33
1265,Primeira Liga (PT),809045,Sidny Lopes Cabral,S. Lopes Cabral,2002-09-18,80.68,20.26,17.8,23,22,1,1857.0,84.41,0.05,1.32,500.0,22.73,17.18,75.6,75.88,15.41,1.0,4.68,2.68,0.91,0.27,10.14,1.82,1.14,29.55,8.36,5.45,65.22,63.42,0.59,0.05,23.77,6.0,41.67,2.5,7.91
1265,Primeira Liga (PT),809111,Karem Zoabi,K. Zoabi,2006-05-03,24.36,5.89,6.41,5,5,0,62.0,12.4,0.0,0.2,18.0,3.6,3.4,94.44,82.02,12.49,0.0,1.2,0.8,0.2,0.2,0.2,0.0,0.0,3.6,1.4,1.2,85.72,80.8,0.2,0.0,2.2,0.8,75.0,0.6,0.8
1265,Primeira Liga (PT),809342,Fahem Benaissa-Yahia,F. Benaissa,2002-04-29,61.55,12.75,15.25,10,10,0,411.0,41.1,0.1,0.5,133.0,13.3,9.8,73.69,80.81,13.95,0.2,3.3,2.4,0.4,0.1,4.6,1.5,0.9,10.0,2.7,1.9,70.37,72.8,0.3,0.0,7.8,1.6,37.5,0.6,3.4
1265,Primeira Liga (PT),809496,Francisco Petrasso,F. Petrasso,2002-01-28,69.54,16.69,20.08,23,23,0,1817.0,79.0,0.04,0.43,682.0,29.65,25.35,85.48,89.52,18.78,1.78,5.26,7.35,0.13,0.04,24.3,7.7,5.65,10.43,4.39,3.48,79.21,82.11,0.3,0.0,0.7,0.22,60.0,0.13,4.17
1265,Primeira Liga (PT),809976,André Filipe Ferreira Lacximicant,André Lacximicant,2001-05-19,60.2,15.57,15.83,22,22,0,646.0,29.36,0.05,1.0,188.0,8.55,6.05,70.74,75.24,12.6,0.18,2.18,1.36,0.55,0.32,0.68,0.14,0.09,13.82,4.41,3.09,70.1,73.57,0.55,0.05,11.14,2.32,52.94,1.23,2.77
1265,Primeira Liga (PT),810716,Daniel Armando Fonseca Silva Banjaqui,Daniel Banjaqui,2008-03-24,81.78,27.83,12.81,2,2,0,251.0,125.5,0.5,2.5,75.0,37.5,31.0,82.67,82.77,15.31,0.5,7.0,9.0,1.5,2.0,19.5,4.5,2.5,39.0,10.5,8.5,80.95,69.84,2.0,0.5,23.0,6.0,83.33,5.0,7.5
1265,Primeira Liga (PT),810741,José Pedro Formoso Neto,José Neto,2008-04-19,52.67,17.55,10.38,2,2,0,163.0,81.5,0.0,0.0,56.0,28.0,24.5,87.5,87.64,13.62,0.5,4.5,6.5,0.5,0.5,16.0,5.5,5.0,17.5,7.0,6.0,85.71,72.46,0.0,0.0,6.5,2.0,50.0,1.0,4.5
1265,Primeira Liga (PT),810747,Anísio Cláudio Fernandes Reis Cabral,Anísio Cabral,2008-02-15,15.4,4.74,2.37,6,6,0,71.0,11.83,0.0,0.33,19.0,3.17,2.5,78.95,72.0,13.78,0.33,1.33,0.5,0.17,0.33,0.67,0.17,0.17,5.5,1.5,1.0,66.67,64.19,0.17,0.0,4.83,1.33,50.0,0.67,0.83
1265,Primeira Liga (PT),810787,Oumar Camara,O. Camara,2007-05-11,55.38,14.73,13.57,30,28,2,1122.0,40.07,0.14,0.89,336.0,12.0,9.18,76.49,79.12,12.97,0.46,4.14,1.36,0.71,0.14,1.54,0.39,0.29,13.39,4.0,2.68,66.96,70.86,0.61,0.07,12.71,2.75,58.44,1.61,2.82
1265,Primeira Liga (PT),810933,Eduardo Manuel de Freitas Felicissimo,Eduardo Felicissimo,2007-01-08,10.76,2.31,2.07,1,1,0,44.0,44.0,0.0,1.0,10.0,10.0,9.0,90.0,92.77,16.31,1.0,3.0,4.0,1.0,0.0,0.0,0.0,0.0,0.0,0.0,0.0,,,0.0,0.0,9.0,2.0,50.0,1.0,1.0
1265,Primeira Liga (PT),811145,Hugo Miguel Zagal Nunes,Hugo Nunes,2002-02-15,15.8,4.21,1.52,1,1,0,15.0,15.0,0.0,2.0,8.0,8.0,6.0,75.0,82.28,14.13,0.0,3.0,3.0,2.0,1.0,0.0,0.0,0.0,3.0,2.0,2.0,100.0,89.68,0.0,0.0,7.0,3.0,66.67,2.0,2.0
1265,Primeira Liga (PT),811474,Agustín Nahuel Moreira Morales,A. Moreira,2001-05-28,53.88,13.04,13.9,21,20,1,783.0,39.15,0.0,1.0,212.0,10.6,7.5,70.76,78.05,11.9,0.15,2.0,1.55,0.45,0.55,1.55,0.25,0.2,14.8,3.7,2.3,62.16,69.08,0.65,0.0,13.6,3.1,41.94,1.3,2.9
1265,Primeira Liga (PT),812123,Tamble Ulisses Folgado Monteiro,Tamble Monteiro,2000-11-15,56.89,14.82,15.34,13,13,0,431.0,33.15,0.08,0.85,115.0,8.85,6.77,76.52,81.14,13.66,0.15,2.38,1.92,0.46,0.38,0.77,0.23,0.15,12.69,4.0,2.62,65.39,76.95,0.77,0.08,9.85,2.15,50.0,1.08,1.77
1265,Primeira Liga (PT),812124,Fabrício Garcia Andrade,Fabrício Garcia,2001-05-04,26.13,6.08,6.11,12,12,0,277.0,23.08,0.0,0.5,65.0,5.42,3.33,61.54,77.49,11.96,0.25,1.42,0.42,0.33,0.08,1.42,0.08,0.0,7.92,2.0,0.75,37.5,65.76,0.25,0.0,7.17,1.08,23.08,0.25,1.67
1265,Primeira Liga (PT),812240,Jalen Blesa ,J. Blesa,2001-02-05,89.2,24.02,24.05,13,13,0,708.0,54.46,0.0,1.54,221.0,17.0,13.08,76.92,77.27,11.58,0.08,5.15,4.31,0.85,0.46,1.85,0.62,0.38,18.23,6.08,4.08,67.09,70.89,0.46,0.0,16.85,3.46,62.22,2.15,4.31
1265,Primeira Liga (PT),813388,Kevyn Henrique Monteiro de Souza,Kevyn Monteiro,2005-09-13,46.17,12.93,12.4,10,9,1,603.0,67.0,0.0,0.56,222.0,24.67,22.89,92.79,92.74,18.11,1.11,4.22,6.56,0.11,0.0,13.56,3.67,3.0,5.0,2.0,1.78,88.89,84.64,0.11,0.0,1.22,0.33,33.33,0.11,2.11
1265,Primeira Liga (PT),816760,Ibrahima Ba,I. Ba,2005-05-26,88.48,21.8,22.96,21,21,0,2445.0,116.43,0.0,0.62,889.0,42.33,36.76,86.84,89.75,21.77,4.76,5.29,8.19,0.05,0.0,34.29,8.52,6.24,15.0,5.52,4.57,82.76,78.75,0.24,0.0,2.14,0.86,55.56,0.48,6.1
1265,Primeira Liga (PT),818137,Yarlen Faustino Augusto,Yarlen,2006-02-20,47.17,9.89,12.74,11,11,0,265.0,24.09,0.0,0.82,85.0,7.73,5.0,64.71,65.07,15.67,0.45,2.27,1.18,0.45,0.64,1.09,0.45,0.45,12.18,3.82,2.64,69.05,61.96,0.82,0.0,9.09,2.91,50.0,1.45,3.27
1265,Primeira Liga (PT),818352,Tamás Nikitscher,T. Nikitscher,1999-11-03,56.83,14.5,16.48,27,27,0,1621.0,60.04,0.04,0.63,526.0,19.48,17.44,89.54,91.45,15.22,0.63,5.0,4.67,0.19,0.07,8.96,1.96,1.56,5.7,2.22,1.81,81.67,80.98,0.26,0.0,3.78,0.67,66.67,0.44,1.48
1265,Primeira Liga (PT),831427,Robson Lucas Oliveira Botelho,Robinho,2002-08-07,48.88,11.27,12.13,22,21,1,1201.0,57.19,0.1,0.81,389.0,18.52,15.33,82.78,88.22,16.3,1.33,5.67,3.62,0.38,0.1,8.71,2.57,1.81,8.9,3.48,2.48,71.23,79.58,0.14,0.05,5.0,1.48,45.16,0.67,2.38
1265,Primeira Liga (PT),831454,Ryan Guilherme da Silva Pae,Ryan Guilherme,2002-12-07,38.35,10.96,9.12,6,6,0,308.0,51.33,0.0,1.17,101.0,16.83,15.5,92.08,90.18,15.53,0.17,2.67,2.5,0.33,0.17,7.33,2.0,2.0,6.5,2.67,2.33,87.5,82.32,0.5,0.0,6.67,2.0,75.0,1.5,1.5
1265,Primeira Liga (PT),850886,João Pedro Augusto Mourão Costa,João Costa,2000-03-07,14.99,3.29,3.16,7,7,0,38.0,5.43,0.14,0.43,10.0,1.43,1.14,80.0,68.11,13.24,0.14,0.14,0.29,0.0,0.14,0.0,0.0,0.0,2.43,0.71,0.71,100.0,65.83,0.43,0.14,2.43,0.71,80.0,0.57,0.71
1265,Primeira Liga (PT),850888,Jonathan Mutombo Mawesi,J. Mutombo,2002-08-27,47.28,9.61,10.83,3,3,0,138.0,46.0,0.33,0.67,36.0,12.0,10.0,83.34,87.36,15.19,0.67,1.67,2.0,0.33,0.33,12.67,1.67,1.33,15.0,3.33,2.67,80.0,81.78,0.0,0.0,7.67,1.0,66.67,0.67,2.0
1265,Primeira Liga (PT),850891,Hugo Félix Sequeira,H. Sequeira,2004-03-03,56.64,12.99,15.94,26,26,0,1734.0,66.69,0.08,1.12,489.0,18.81,15.73,83.64,84.3,15.9,1.42,4.81,3.73,0.42,0.65,6.19,1.27,0.92,16.62,4.69,3.73,79.51,73.27,0.38,0.04,13.88,2.5,55.38,1.38,3.46
1265,Primeira Liga (PT),850893,Leandro Henrique Sousa Santos,Leandro Santos,2005-09-28,28.58,7.47,6.77,9,7,2,291.0,41.57,0.0,0.43,85.0,12.14,8.86,72.94,79.89,15.03,0.57,3.0,1.71,0.14,0.14,10.29,2.43,1.71,9.71,3.0,1.43,47.62,63.6,0.0,0.0,5.29,1.86,15.38,0.29,2.86
1265,Primeira Liga (PT),851441,Diogo Jorge Sousa Martins,Diogo Martins,1996-08-21,9.91,1.91,2.65,1,1,0,9.0,9.0,0.0,1.0,2.0,2.0,2.0,100.0,95.18,19.14,0.0,0.0,0.0,0.0,0.0,0.0,0.0,0.0,2.0,1.0,1.0,100.0,95.46,1.0,0.0,2.0,1.0,100.0,1.0,0.0
1265,Primeira Liga (PT),868712,Rodrigo  Rêgo,Rodrigo Rêgo,2005-01-03,54.68,17.86,14.49,3,2,1,125.0,62.5,0.0,1.5,33.0,16.5,12.5,75.76,76.62,12.11,0.0,5.5,2.0,0.0,0.0,3.5,0.5,0.0,19.5,3.5,2.5,71.43,71.76,0.5,0.0,20.0,3.0,50.0,1.5,5.5
1265,Primeira Liga (PT),870451,Guilherme Neiva Silva,G. Neiva,2001-03-15,42.7,8.56,12.71,24,23,1,689.0,29.96,0.09,0.65,168.0,7.3,4.83,66.07,75.41,14.45,0.48,1.65,1.0,0.13,0.13,2.61,0.39,0.17,9.35,2.0,1.09,54.35,62.1,0.3,0.09,8.0,1.7,43.59,0.74,2.61
1265,Primeira Liga (PT),870866,José Augusto Silva,José Silva,2005-08-20,16.41,2.47,4.66,4,4,0,24.0,6.0,0.0,0.5,9.0,2.25,1.75,77.78,86.24,18.82,0.25,0.5,0.25,0.0,0.0,0.75,0.25,0.25,3.0,1.25,1.0,80.0,84.37,0.25,0.0,1.0,0.25,100.0,0.25,0.5
1265,Primeira Liga (PT),876968,Diego Henrique Oliveira Rodrigues,Diego Rodrigues,2005-05-24,47.91,15.86,10.7,20,20,0,1531.0,76.55,0.2,1.35,466.0,23.3,21.05,90.34,90.37,14.25,0.9,4.5,4.55,0.3,0.45,12.05,2.2,1.65,13.35,4.3,3.55,82.56,76.25,0.7,0.1,10.9,2.4,72.92,1.75,2.25
1265,Primeira Liga (PT),876969,João Gonçalo Carapinha Carvalho,João Carvalho,2004-04-09,17.9,2.75,2.07,1,1,0,19.0,19.0,0.0,0.0,3.0,3.0,2.0,66.67,96.45,11.41,0.0,2.0,0.0,0.0,0.0,9.0,1.0,0.0,0.0,0.0,0.0,,,0.0,0.0,0.0,0.0,,0.0,0.0
1265,Primeira Liga (PT),876971,Jónatas Xavier Zamith Oliveira Noro,Jónatas Noro,2005-07-09,13.3,1.25,1.35,1,1,0,12.0,12.0,0.0,0.0,3.0,3.0,3.0,100.0,97.75,12.12,0.0,0.0,0.0,0.0,0.0,3.0,1.0,1.0,1.0,1.0,1.0,100.0,93.7,0.0,0.0,0.0,0.0,,0.0,0.0
1265,Primeira Liga (PT),876972,Yanis Franklin da Rocha,Yanis Rocha,2004-05-10,34.05,10.63,7.17,4,4,0,142.0,35.5,0.25,0.25,41.0,10.25,8.75,85.37,91.02,14.32,0.25,0.5,2.0,0.0,0.25,7.0,0.75,0.0,9.75,3.0,2.25,75.0,89.21,0.0,0.0,0.75,0.5,50.0,0.25,1.0
1265,Primeira Liga (PT),877517,Oskar Pietuszewski,O. Pietuszewski,2008-05-20,55.7,15.04,13.42,16,15,1,825.0,55.0,0.13,1.47,182.0,12.13,8.67,71.43,73.94,14.87,0.53,2.6,1.47,0.67,0.47,3.87,0.4,0.27,24.8,5.07,3.53,69.74,63.89,0.8,0.13,22.0,4.13,48.39,2.0,4.2
1265,Primeira Liga (PT),878384,Yan Lincon Farias de Sousa,Yan Maranhão,2002-09-13,41.91,10.0,12.03,21,20,1,380.0,19.0,0.0,0.35,104.0,5.2,4.35,83.65,81.36,11.66,0.25,1.8,1.05,0.2,0.2,0.6,0.1,0.05,5.75,1.95,1.7,87.18,77.85,0.25,0.05,3.9,0.8,56.25,0.45,0.95
1265,Primeira Liga (PT),885727,Mateo Flores Lozano,Mateo Flores,2004-04-07,22.64,5.32,5.68,12,12,0,295.0,24.58,0.0,0.42,90.0,7.5,6.67,88.89,87.2,15.08,0.42,2.58,0.92,0.33,0.0,3.0,0.75,0.75,3.5,1.17,1.08,92.86,76.2,0.0,0.0,3.17,0.75,77.78,0.58,1.0
1265,Primeira Liga (PT),887879,Tiago Rafael Fernandes Leite,Tiago Leite,2000-07-31,20.2,4.39,6.42,9,9,0,96.0,10.67,0.0,0.22,29.0,3.22,2.33,72.41,77.29,12.7,0.11,0.89,0.44,0.22,0.0,0.22,0.0,0.0,4.0,1.0,0.56,55.56,56.99,0.22,0.0,3.22,0.78,42.86,0.33,0.78
1265,Primeira Liga (PT),889588,Vasco da Silva Moreira,Vasco Moreira,2001-05-07,31.27,6.63,8.78,15,15,0,448.0,29.87,0.0,0.8,144.0,9.6,8.33,86.81,84.93,16.75,0.53,2.8,2.67,0.4,0.27,3.13,1.07,0.8,3.4,1.27,1.07,84.21,74.9,0.0,0.0,4.2,1.07,87.5,0.93,1.67
1265,Primeira Liga (PT),889594,Pedro Silva Rosas,Pedro Rosas,2000-11-28,77.51,12.67,24.57,9,9,0,304.0,33.78,0.0,0.44,117.0,13.0,9.67,74.36,70.26,17.23,1.0,6.44,2.11,0.67,0.0,4.67,1.44,0.89,9.11,3.89,2.89,74.29,64.51,0.22,0.0,8.0,2.11,52.63,1.11,4.78
1265,Primeira Liga (PT),897136,Felipe De Almeida Lima,Felipe Lima,2006-04-17,12.27,2.6,3.58,6,6,0,33.0,5.5,0.0,0.0,9.0,1.5,0.83,55.56,82.11,6.28,0.0,0.17,0.17,0.0,0.0,0.17,0.0,0.0,2.0,0.5,0.17,33.33,65.63,0.0,0.0,2.0,0.5,33.33,0.17,0.33
1265,Primeira Liga (PT),906340,Mohamed Bamba,M. Bamba,2004-10-08,27.8,4.66,6.52,4,4,0,67.0,16.75,0.0,0.25,24.0,6.0,4.75,79.17,88.69,15.19,0.25,2.25,2.25,0.25,0.25,1.0,0.25,0.25,0.5,0.0,0.0,,,0.0,0.0,1.25,0.5,100.0,0.5,0.75
1265,Primeira Liga (PT),913555,Mathis  Clairicia,M. Clairicia,2002-08-30,20.15,4.32,5.31,8,8,0,53.0,6.62,0.0,0.0,12.0,1.5,1.12,75.0,78.17,10.44,0.0,0.5,0.25,0.0,0.0,0.0,0.0,0.0,2.0,0.25,0.25,100.0,96.17,0.0,0.0,2.0,0.12,0.0,0.0,0.25
1265,Primeira Liga (PT),919240,Mohamed Yassir Zabiri,Y. Zabiri,2005-02-23,57.27,14.51,14.6,12,11,1,231.0,21.0,0.18,1.0,78.0,7.09,4.55,64.1,72.45,12.81,0.55,2.45,0.73,0.55,0.18,0.09,0.0,0.0,8.82,3.36,2.18,64.86,70.57,0.55,0.09,7.82,2.18,54.17,1.18,2.27
1265,Primeira Liga (PT),921645,Diogo Bezerra de Oliveira,Diogo Bezerra,2002-07-16,79.39,21.4,21.65,17,17,0,1221.0,71.82,0.12,1.82,323.0,19.0,12.71,66.87,72.36,14.85,1.12,4.18,2.29,0.82,0.29,4.94,1.12,0.59,25.71,8.06,4.82,59.85,64.23,0.71,0.0,20.71,5.59,47.37,2.65,6.65
1265,Primeira Liga (PT),924806,Jimi Gower,J. Gower,2004-10-01,23.54,6.25,5.54,9,8,1,201.0,25.12,0.0,0.25,62.0,7.75,7.12,91.94,92.02,13.57,0.12,1.75,1.75,0.0,0.0,2.88,0.62,0.5,4.75,1.5,1.38,91.67,87.59,0.25,0.0,3.25,0.62,80.0,0.5,0.5
1265,Primeira Liga (PT),938386,Alisson De Almeida Santos,Alisson Santos,2002-09-27,16.57,4.78,3.31,18,17,1,384.0,22.59,0.12,0.59,85.0,5.0,4.29,85.88,85.99,14.36,0.12,0.53,0.41,0.18,0.06,1.53,0.18,0.18,6.71,1.18,0.94,80.0,68.93,0.29,0.06,9.88,1.53,69.23,1.06,0.71
1265,Primeira Liga (PT),946750,Kevin Estiven Prieto Machado,K. Prieto,2003-06-27,38.24,7.24,10.2,11,11,0,321.0,29.18,0.0,0.18,94.0,8.55,6.27,73.41,74.57,14.37,0.18,1.82,1.36,0.18,0.18,3.09,1.09,0.64,7.82,2.64,1.55,58.62,67.8,0.18,0.0,4.55,1.09,25.0,0.27,2.91
1265,Primeira Liga (PT),959252,Salvador Blopa,Salvador Blopa,2007-06-13,19.19,5.78,3.77,3,3,0,122.0,40.67,0.33,0.33,42.0,14.0,11.67,83.33,86.6,14.52,0.33,3.0,2.67,0.67,0.33,6.67,1.0,1.0,5.67,2.33,1.33,57.14,54.43,0.67,0.33,6.33,1.33,50.0,0.67,2.33
1265,Primeira Liga (PT),962563,Chiheb Labidi,C. Labidi,2001-06-01,64.89,13.75,17.16,28,26,2,1614.0,62.08,0.08,1.0,483.0,18.58,15.54,83.64,86.09,15.39,1.08,5.69,3.73,0.54,0.23,7.19,1.73,1.31,8.23,2.88,2.19,76.0,71.63,0.31,0.0,7.54,1.92,58.0,1.12,2.92
1265,Primeira Liga (PT),969772,Gonzalo Pastor Sanchez,G. Pastor Sanchez,2006-03-20,25.41,5.76,6.47,2,2,0,52.0,26.0,0.0,0.5,12.0,6.0,5.0,83.33,80.84,12.37,0.5,0.5,2.0,0.5,1.0,3.5,1.0,1.0,7.0,2.0,2.0,100.0,66.19,0.5,0.0,5.5,2.0,75.0,1.5,1.5
1265,Primeira Liga (PT),973088,Isaac James,I. James,2004-08-28,76.24,17.37,21.89,19,19,0,1316.0,69.26,0.37,1.79,432.0,22.74,17.68,77.78,77.12,15.61,1.26,4.63,5.26,0.58,0.53,12.68,3.37,2.21,22.84,8.63,6.47,75.0,69.54,0.95,0.32,11.42,3.16,51.67,1.63,6.89
1265,Primeira Liga (PT),973654,Rafael Genuino Lobato,Rafael Lobato,2006-02-23,11.47,2.61,2.25,2,2,0,17.0,8.5,0.0,0.0,2.0,1.0,1.0,100.0,91.32,15.59,0.0,0.0,0.0,0.0,0.0,1.0,0.5,0.5,3.5,1.0,1.0,100.0,91.32,0.0,0.0,3.0,0.0,,0.0,0.0
1265,Primeira Liga (PT),974582,Davy Jean Carl Kamon Gui Gui,Davy Gui,2006-06-15,28.55,6.36,7.82,27,27,0,900.0,33.33,0.07,0.22,261.0,9.67,8.19,84.67,86.71,16.36,0.56,2.22,2.19,0.07,0.22,3.89,0.93,0.7,6.96,2.44,1.67,68.18,72.48,0.04,0.0,4.81,0.89,41.67,0.37,1.44
1265,Primeira Liga (PT),975544,Thiago Balieiro Lourenço de Carvalho,Thiago Carvalho,2003-02-23,100.16,26.87,22.91,13,13,0,1598.0,122.92,0.0,0.77,628.0,48.31,43.69,90.45,94.38,17.24,2.38,7.23,14.54,0.0,0.0,31.23,6.85,5.0,14.31,6.31,6.0,95.12,92.58,0.23,0.0,1.62,0.46,50.0,0.23,3.23
1265,Primeira Liga (PT),977121,Domingos José Gabriel Bandeira,Kaly,2003-11-27,91.29,16.75,26.56,12,11,1,457.0,41.55,0.09,0.27,163.0,14.82,11.27,76.07,85.02,20.16,1.73,3.45,2.18,0.09,0.0,7.82,2.64,1.36,4.73,1.91,1.45,76.19,79.07,0.09,0.0,1.45,0.45,80.0,0.36,3.18
1265,Primeira Liga (PT),978489,Gustavo Teixeira Lopes da Conceição,Gustavo Mancha,2004-07-25,98.25,26.06,27.32,14,14,0,2060.0,147.14,0.07,1.0,758.0,54.14,46.57,86.02,89.1,22.24,7.64,9.36,9.43,0.14,0.07,47.14,14.07,10.57,19.64,6.86,5.29,77.08,77.19,0.5,0.0,2.0,0.57,25.0,0.14,7.43
1265,Primeira Liga (PT),979393,Gonzalo Calçada De Sa Sanchidrián,Gonzalo Calçada,2001-07-25,18.76,1.86,6.03,1,1,0,2.0,2.0,0.0,0.0,0.0,0.0,0.0,,,,0.0,0.0,0.0,0.0,0.0,0.0,0.0,0.0,1.0,0.0,0.0,,,0.0,0.0,0.0,0.0,,0.0,0.0
1265,Primeira Liga (PT),984933,Tiago Parreira Parente,Tiago Parente,2004-01-14,40.03,10.13,10.0,14,14,0,382.0,27.29,0.36,0.79,154.0,11.0,8.5,77.27,81.94,13.07,0.21,3.43,1.79,0.36,0.14,2.86,1.07,0.71,8.07,3.0,1.93,64.29,70.9,0.43,0.21,6.0,1.86,34.62,0.64,2.5
1265,Primeira Liga (PT),994932,Sandro Miguel Rodrigues Vidigal,Sandro Vidigal,2007-07-28,20.33,6.96,3.65,4,4,0,85.0,21.25,0.0,0.0,19.0,4.75,3.75,78.95,84.59,18.24,0.5,0.75,0.25,0.0,0.0,1.5,0.5,0.5,7.0,1.25,0.75,60.0,69.07,0.0,0.0,7.25,1.0,50.0,0.5,1.0
1265,Primeira Liga (PT),994942,Luís Teixeira Pinto,Luís Pinto,2006-08-16,76.43,25.43,16.24,3,3,0,424.0,141.33,0.33,2.0,124.0,41.33,37.67,91.13,91.14,13.75,1.0,9.0,10.33,0.0,0.33,17.0,3.33,3.0,19.0,5.33,3.67,68.75,79.41,0.33,0.0,12.0,1.33,50.0,0.67,3.0
1265,Primeira Liga (PT),995276,Pedro Henrique Bezerra Carvalho,Pedro Careca,2004-11-12,36.95,11.47,9.6,3,3,0,124.0,41.33,0.0,0.0,48.0,16.0,12.67,79.17,86.81,14.9,0.33,6.0,4.67,0.0,0.0,8.33,2.0,1.67,5.67,2.67,2.33,87.5,72.52,0.0,0.0,2.67,0.33,0.0,0.0,2.0
1265,Primeira Liga (PT),995927,Alisson Souza de Jesus,Alisson Jesus,2005-04-11,21.75,4.42,6.04,5,5,0,80.0,16.0,0.0,0.0,18.0,3.6,3.0,83.33,79.08,13.52,0.2,0.8,0.2,0.0,0.2,0.4,0.0,0.0,6.6,1.4,1.0,71.43,71.43,0.2,0.0,6.6,1.2,66.67,0.8,1.2
1265,Primeira Liga (PT),997771,Landerson Costa Araujo,Landerson,2006-12-12,50.26,12.72,13.89,29,27,2,1303.0,48.26,0.07,0.81,339.0,12.56,10.3,82.01,84.41,14.5,0.44,1.37,1.63,0.07,0.19,4.59,0.81,0.67,16.63,3.74,2.96,79.21,73.74,0.56,0.07,11.59,1.81,57.14,1.04,2.44
1265,Primeira Liga (PT),997839,Afonso Assis Cunha Almeida,Afonso Assis,2006-07-15,50.96,14.42,13.48,18,17,1,1411.0,83.0,0.12,0.47,428.0,25.18,22.76,90.42,91.34,15.3,1.0,6.06,5.47,0.29,0.18,14.18,3.18,2.53,5.24,2.18,1.59,72.97,82.1,0.18,0.0,4.06,1.12,63.16,0.71,2.0
1265,Primeira Liga (PT),997845,Alexandre Mussolo Sola,A. Mussolo Sola,2003-12-14,48.28,10.64,13.61,15,15,0,699.0,46.6,0.0,0.13,209.0,13.93,12.2,87.56,92.53,15.01,0.67,3.87,2.47,0.07,0.07,7.67,1.8,1.4,4.6,1.27,1.0,78.95,85.23,0.07,0.0,1.07,0.2,33.33,0.07,0.8
1265,Primeira Liga (PT),1002389,Bernardo Lima,B. Lima,2008-03-26,14.4,2.78,3.74,1,1,0,0.0,0.0,0.0,0.0,1.0,1.0,1.0,100.0,,5.44,0.0,1.0,0.0,0.0,0.0,0.0,0.0,0.0,0.0,0.0,0.0,,,0.0,0.0,0.0,0.0,,0.0,0.0
1265,Primeira Liga (PT),1003578,Otávio Manoel Galdino Fernandes,Otávio,2005-11-25,66.07,15.87,18.26,21,20,1,1390.0,69.5,0.1,0.45,467.0,23.35,19.3,82.66,85.21,17.36,1.75,4.05,3.55,0.05,0.15,18.95,6.3,4.55,14.55,5.3,4.05,76.41,76.42,0.2,0.1,2.4,0.95,26.32,0.25,4.25
1265,Primeira Liga (PT),1003590,Henrique Fernandes da Silva,Henrique Silva,2005-10-17,87.77,21.53,20.23,13,12,1,1418.0,118.17,0.0,0.83,508.0,42.33,35.33,83.46,90.19,19.57,3.58,7.5,8.67,0.08,0.0,37.75,10.0,6.17,14.17,4.75,3.75,78.95,82.26,0.17,0.0,2.08,0.5,33.33,0.17,5.83
1265,Primeira Liga (PT),1004603,Renato Sam Na Nhaga,Renato Nhaga,2007-03-27,70.97,15.19,17.45,18,18,0,1371.0,76.17,0.06,0.89,375.0,20.83,17.17,82.4,85.51,16.34,1.22,5.44,3.61,0.28,0.39,8.94,1.67,1.28,15.72,4.33,3.39,78.21,78.61,0.39,0.06,9.33,1.83,54.54,1.0,3.28
1265,Primeira Liga (PT),1008882,Rodrigo Prata Deusdado Rodrigues,Rodrigo Rodrigues,2007-06-12,15.51,2.84,1.76,4,3,1,32.0,10.67,0.0,0.33,10.0,3.33,2.67,80.0,77.42,12.81,0.0,0.67,0.33,0.33,0.0,2.33,1.0,0.67,3.0,0.33,0.0,0.0,73.27,0.0,0.0,1.67,0.33,100.0,0.33,0.33
1265,Primeira Liga (PT),1008931,José Luís Rocha Tavares,José Tavares,2003-06-02,43.97,10.72,10.35,25,25,0,1221.0,48.84,0.12,0.72,359.0,14.36,12.56,87.46,90.12,15.25,0.84,3.48,3.6,0.08,0.24,6.28,1.36,1.2,8.48,2.84,2.2,77.47,78.2,0.36,0.08,4.4,0.84,66.67,0.56,1.44
1265,Primeira Liga (PT),1008966,Tiago Gonçalves Silva,Tiago Silva,2007-07-10,27.28,9.7,4.07,1,1,0,79.0,79.0,0.0,2.0,27.0,27.0,25.0,92.59,89.89,17.62,2.0,6.0,3.0,0.0,0.0,27.0,5.0,3.0,10.0,2.0,0.0,0.0,45.43,0.0,0.0,15.0,3.0,33.33,1.0,5.0
1265,Primeira Liga (PT),1021359,João Oliveira Afonso,João Afonso,2007-04-30,98.22,21.98,27.71,2,2,0,83.0,41.5,0.0,0.0,24.0,12.0,9.0,75.0,80.36,27.38,3.5,2.0,0.5,0.0,0.0,8.5,3.0,1.0,9.0,1.5,1.5,100.0,95.18,0.0,0.0,0.0,0.0,,0.0,0.5
1265,Primeira Liga (PT),1022354,Edson Joelder Lobo Mucuana,E. Mucuana,2003-12-12,82.2,20.64,25.58,1,1,0,122.0,122.0,0.0,2.0,39.0,39.0,32.0,82.05,84.58,16.11,3.0,8.0,14.0,2.0,0.0,29.0,7.0,5.0,27.0,9.0,7.0,77.78,73.97,2.0,0.0,11.0,3.0,66.67,2.0,8.0
1265,Primeira Liga (PT),1022520,Umar Abubakar,U. Abubakar,2006-02-15,25.23,6.51,5.46,22,22,0,186.0,8.45,0.09,0.36,51.0,2.32,1.41,60.78,68.16,11.87,0.09,0.95,0.14,0.09,0.05,0.18,0.05,0.0,4.18,0.91,0.45,50.0,58.69,0.27,0.05,3.05,0.64,57.14,0.36,0.77
1265,Primeira Liga (PT),1022911,Flavio Ferreira Gonçalves Gonçalves,Flavio Gonçalves,2007-05-30,10.46,2.56,2.37,3,3,0,21.0,7.0,0.0,0.0,6.0,2.0,1.67,83.33,85.76,9.67,0.0,0.0,1.0,0.0,0.33,1.0,0.33,0.0,2.33,1.0,0.67,66.67,79.97,0.0,0.0,2.0,0.67,50.0,0.33,0.0
1265,Primeira Liga (PT),1023147,João Moisés Gastão,J. Gastão,2006-07-22,44.6,8.72,10.51,8,7,1,75.0,10.71,0.0,0.71,20.0,2.86,2.14,75.0,78.79,11.75,0.29,0.71,0.57,0.0,0.29,0.0,0.0,0.0,5.29,1.29,0.86,66.67,69.53,0.57,0.0,4.0,0.57,25.0,0.14,0.86
1265,Primeira Liga (PT),1023719,Gonçalo  Maia Pereira,Gonçalo Maia,2005-11-30,7.35,1.5,2.12,2,2,0,7.0,3.5,0.0,0.0,2.0,1.0,0.5,50.0,70.44,5.71,0.0,0.5,0.5,0.0,0.0,0.5,0.0,0.0,0.0,0.0,0.0,,,0.0,0.0,0.5,0.0,,0.0,0.5
1265,Primeira Liga (PT),1024233,André Alexandre Mendes Miranda,André Miranda,2007-09-25,15.88,4.25,1.68,1,1,0,17.0,17.0,0.0,0.0,4.0,4.0,3.0,75.0,83.9,14.73,0.0,0.0,1.0,0.0,0.0,0.0,0.0,0.0,3.0,0.0,0.0,,,0.0,0.0,8.0,1.0,100.0,1.0,1.0
1265,Primeira Liga (PT),1025116,João Miguel Costa Nogueira,Miguel Nogueira,2005-02-27,53.75,14.41,12.59,16,16,0,681.0,42.56,0.06,1.06,195.0,12.19,9.75,80.0,80.4,12.18,0.12,3.5,1.62,0.56,0.06,3.38,0.75,0.44,13.81,3.75,2.62,70.0,70.56,0.69,0.12,9.12,1.94,58.06,1.12,2.88
1265,Primeira Liga (PT),1027293,André Tiago Ramos das Neves,Peixinho,2004-05-23,23.29,6.92,5.78,11,11,0,360.0,32.73,0.0,1.0,89.0,8.09,7.0,86.52,87.53,12.86,0.18,0.82,1.09,0.0,0.09,2.91,0.55,0.45,10.0,1.45,1.27,87.5,71.88,0.27,0.0,7.45,1.18,69.23,0.82,1.09
1265,Primeira Liga (PT),1028213,Ricardo Joaquim Ferreira Rocha,Ricardo Rocha,2003-09-07,47.02,13.41,7.33,2,2,0,140.0,70.0,0.0,1.0,44.0,22.0,19.5,88.63,93.44,15.79,0.0,4.5,7.0,0.0,0.5,20.0,2.5,1.5,9.5,3.0,2.0,66.67,82.02,0.0,0.0,11.0,1.5,66.67,1.0,0.5
1265,Primeira Liga (PT),1028214,Noah Jose  Saviolo,Noah Saviolo,2004-03-07,70.62,18.58,16.3,30,29,1,1760.0,60.69,0.14,1.07,430.0,14.83,11.1,74.88,76.7,13.98,0.28,2.24,1.72,0.31,0.31,5.21,0.83,0.59,25.31,5.86,3.97,67.65,67.59,0.66,0.1,22.45,4.38,48.03,2.1,4.52
1265,Primeira Liga (PT),1029517,Zakaria Kessary,Z. Kessary,,8.27,2.42,1.34,3,3,0,34.0,11.33,0.0,0.67,11.0,3.67,3.67,100.0,78.44,16.46,0.67,1.67,0.33,0.67,0.0,1.33,0.33,0.33,3.67,1.67,1.67,100.0,56.45,0.33,0.0,3.67,1.33,100.0,1.33,1.33
1265,Primeira Liga (PT),1032058,Fodé Carlos Gaspar Pascoal,Fodé Pascoal,2004-12-26,12.4,5.18,3.75,1,1,0,38.0,38.0,0.0,0.0,12.0,12.0,11.0,91.67,91.13,18.8,1.0,3.0,0.0,0.0,0.0,8.0,1.0,1.0,5.0,3.0,3.0,100.0,79.45,0.0,0.0,0.0,0.0,,0.0,1.0
1265,Primeira Liga (PT),1032844,Kauan de Souza Gomes,Kauan,2005-04-26,13.2,3.12,3.76,4,4,0,33.0,8.25,0.0,0.25,11.0,2.75,2.0,72.73,85.33,11.9,0.0,0.75,0.5,0.25,0.25,0.5,0.25,0.0,3.25,1.25,0.5,40.0,76.31,0.25,0.0,2.5,0.5,0.0,0.0,0.5
1265,Primeira Liga (PT),1033808,Martim Costa Guedes,Zeega,2008-11-05,26.96,8.7,2.6,2,2,0,59.0,29.5,0.0,1.0,17.0,8.5,7.5,88.23,85.7,12.16,0.0,1.5,1.5,0.0,0.5,5.5,2.0,2.0,7.5,2.0,2.0,100.0,84.14,0.0,0.0,5.0,1.0,0.0,0.0,1.0
1265,Primeira Liga (PT),1036218,Deivison Souza Brito,Deivison,2006-05-04,31.97,6.56,8.8,4,4,0,67.0,16.75,0.0,0.25,23.0,5.75,4.75,82.61,91.2,13.32,0.0,1.5,1.25,0.0,0.0,2.25,0.75,0.5,4.5,1.5,1.5,100.0,94.96,0.25,0.0,1.5,0.0,,0.0,0.5
1265,Primeira Liga (PT),1037678,António Gil Lourenço Oliveira Valério Branco,António Gil,2008-01-08,18.08,2.75,2.07,1,1,0,1.0,1.0,0.0,0.0,1.0,1.0,1.0,100.0,99.68,11.36,0.0,0.0,1.0,0.0,0.0,0.0,0.0,0.0,0.0,0.0,0.0,,,0.0,0.0,0.0,0.0,,0.0,0.0
1265,Primeira Liga (PT),1037788,Rudi Daniel Silva Almeida,Rudi Almeida,2005-03-19,13.88,2.71,3.85,2,2,0,12.0,6.0,0.0,0.0,3.0,1.5,1.0,66.67,83.31,13.78,0.0,0.0,0.5,0.0,0.0,0.0,0.0,0.0,3.0,1.0,0.5,50.0,75.12,0.0,0.0,0.5,0.0,,0.0,0.5
1265,Primeira Liga (PT),1038260,Miguel Andrade Silva,Miguel Silva,2007-12-17,7.73,1.53,2.34,1,1,0,17.0,17.0,0.0,0.0,6.0,6.0,6.0,100.0,97.7,9.03,0.0,1.0,1.0,0.0,1.0,1.0,0.0,0.0,1.0,0.0,0.0,,,0.0,0.0,1.0,1.0,100.0,1.0,0.0
1265,Primeira Liga (PT),1038373,Henrique Franco Torcato,Henrique Torcato,2007-11-23,88.43,17.72,29.12,1,1,0,52.0,52.0,0.0,1.0,13.0,13.0,11.0,84.62,74.48,11.07,0.0,7.0,2.0,1.0,0.0,2.0,0.0,0.0,20.0,4.0,4.0,100.0,72.4,1.0,0.0,14.0,3.0,66.67,2.0,4.0
1265,Primeira Liga (PT),1039641,Gabriel  Souza,G. Souza,,35.43,7.06,7.02,1,1,0,15.0,15.0,0.0,1.0,4.0,4.0,3.0,75.0,90.68,10.13,0.0,1.0,2.0,0.0,0.0,2.0,0.0,0.0,2.0,0.0,0.0,,,0.0,0.0,6.0,0.0,,0.0,0.0
1265,Primeira Liga (PT),1041591,Eddy Doué,E. Doué,2005-12-11,63.05,15.1,17.31,13,13,0,1145.0,88.08,0.0,1.38,317.0,24.38,21.46,88.01,87.2,17.9,2.23,6.23,4.38,0.08,0.15,14.08,3.08,2.54,10.62,3.62,2.69,74.47,74.16,0.46,0.0,7.15,1.46,52.63,0.77,3.31
1265,Primeira Liga (PT),1067667,Francisco Lagos dias,F. Lagos dias,2002-10-23,99.94,31.96,14.16,2,2,0,270.0,135.0,0.0,0.5,98.0,49.0,39.0,79.59,86.29,16.08,2.0,14.0,12.0,0.5,0.0,36.5,9.0,6.5,27.5,10.0,7.5,75.0,73.42,0.5,0.0,11.0,3.0,16.66,0.5,8.5
1265,Primeira Liga (PT),1067723,Abdu Dafe,A. Dafe,2008-06-10,2.42,0.36,0.86,1,1,0,0.0,0.0,0.0,0.0,0.0,0.0,0.0,,,,0.0,0.0,0.0,0.0,0.0,0.0,0.0,0.0,0.0,0.0,0.0,,,0.0,0.0,0.0,0.0,,0.0,0.0
