competition_edition,league,player_id,runtype_run_in_behind,player_name,player_short_name,runtype_cross_receiver_run,runtype_overlap_run,runtype_underlap_run,runtype_coming_short_run,runtype_pulling_half_space_run,runtype_run_ahead_of_the_ball,runtype_pulling_wide_run,runtype_support_run,runtype_dropping_off_run
1191,Czech Liga (CZ),574,87,Alexis Alégué Elandi,A. Alégué,1.25,0.55,0.2,1.25,0.6,109,1.2,2.05,0.4
1191,Czech Liga (CZ),5690,2,Kamil Vacek,K. Vacek,0.67,0.0,0.0,5.33,1.67,3,0.0,3.0,1.0
1191,Czech Liga (CZ),6467,59,Lukáš Haraslín,L. Haraslín,2.33,0.44,0.61,1.22,0.67,159,1.44,2.72,0.06
1191,Czech Liga (CZ),6472,0,Lukáš Mareček,L. Mareček,0.14,0.14,0.14,3.43,0.29,12,0.14,2.86,0.29
1191,Czech Liga (CZ),7118,88,Matěj Vydra,M. Vydra,5.0,0.06,0.06,1.62,0.62,93,0.5,1.62,0.12
1191,Czech Liga (CZ),7534,137,Mick van Buren,M. van Buren,4.74,0.32,0.63,3.84,1.21,160,1.63,1.42,0.37
1191,Czech Liga (CZ),8523,43,Pavel Kadeřábek,P. Kadeřábek,1.87,1.6,0.87,0.6,0.2,68,2.53,2.93,2.07
1191,Czech Liga (CZ),10603,59,Václav Pilař,V. Pilař,1.76,0.14,0.43,1.24,0.48,93,2.29,1.33,0.38
1191,Czech Liga (CZ),10762,43,Vladimír Darida,V. Darida,4.55,0.18,1.36,5.0,1.36,193,2.36,8.14,1.45
1191,Czech Liga (CZ),12651,38,Michal Sadílek,M. Sadílek,2.61,0.67,0.89,6.22,0.44,63,0.94,5.39,2.22
1191,Czech Liga (CZ),12704,46,Giannis-Fivos Botos,G. Botos,3.08,0.31,0.77,2.15,1.46,108,1.54,3.23,0.23
1191,Czech Liga (CZ),12715,0,David Lischka,D. Lischka,0.23,0.08,0.08,0.23,0.0,6,0.08,0.54,1.62
1191,Czech Liga (CZ),12716,1,Eduard Sobol,E. Sobol,1.0,1.33,0.67,0.0,0.0,3,4.33,2.67,1.0
1191,Czech Liga (CZ),12719,1,Tomáš Holeš,T. Holeš,0.25,0.62,0.38,0.25,0.0,11,0.44,2.94,5.5
1191,Czech Liga (CZ),12723,23,Lukáš Masopust,L. Masopust,0.67,0.56,0.22,3.28,1.11,32,1.0,3.56,1.61
1191,Czech Liga (CZ),12724,27,Michal Trávník,M. Trávník,1.53,1.21,0.63,3.58,1.68,122,3.0,5.37,1.26
1191,Czech Liga (CZ),12726,38,Dominik Pleštil,D. Pleštil,2.1,0.1,0.1,0.5,1.3,20,0.8,0.6,0.0
1191,Czech Liga (CZ),12730,111,Jan Chramosta,J. Chramosta,2.78,0.17,0.11,3.44,1.78,113,1.67,1.61,0.22
1191,Czech Liga (CZ),12797,6,Jan Bořil,J. Bořil,1.11,1.17,0.94,0.61,0.28,53,1.78,3.56,1.72
1191,Czech Liga (CZ),12804,1,Michal Frydrych,M. Frydrych,0.33,0.25,0.17,0.67,0.0,6,0.42,0.75,0.92
1191,Czech Liga (CZ),12806,6,Jaroslav Zelený,J. Zelený,0.4,0.33,0.07,1.0,0.0,41,1.0,3.2,3.33
1191,Czech Liga (CZ),12807,49,Jan Matoušek,J. Matoušek,4.14,0.57,0.14,0.86,0.86,43,1.0,0.29,0.0
1191,Czech Liga (CZ),12808,9,Matěj Valenta,M. Valenta,0.75,0.08,0.33,2.0,0.42,43,0.75,2.67,0.33
1191,Czech Liga (CZ),13222,4,Lukáš Hejda,L. Hejda,0.0,0.0,0.0,0.0,0.0,1,0.0,0.0,0.0
1191,Czech Liga (CZ),13228,49,Michael Krmenčík,M. Krmenčík,2.06,0.06,0.22,0.33,0.33,36,0.06,0.44,0.0
1191,Czech Liga (CZ),13229,1,Patrik Hrošovský,P. Hrošovský,1.0,0.25,0.75,3.25,0.0,11,0.25,5.25,2.25
1191,Czech Liga (CZ),13230,69,Jan Kovařík,J. Kovařík,3.47,0.47,0.47,0.53,0.13,47,0.73,1.07,0.07
1191,Czech Liga (CZ),13232,109,Tomáš Chorý,T. Chorý,6.88,0.38,0.19,2.31,1.5,106,2.75,1.31,0.12
1191,Czech Liga (CZ),13233,38,Milan Havel,M. Havel,2.6,1.33,0.4,0.4,0.33,59,2.0,2.93,1.0
1191,Czech Liga (CZ),13253,44,Milan Petržela,M. Petržela,0.62,0.31,0.12,0.62,0.31,69,0.69,1.12,0.31
1191,Czech Liga (CZ),13254,62,Aleš Čermák,A. Čermák,3.29,0.67,1.38,3.67,1.43,112,0.95,6.81,1.14
1191,Czech Liga (CZ),13514,18,Jan Suchan,J. Suchan,1.79,0.14,0.36,3.64,1.07,57,0.79,2.21,0.36
1191,Czech Liga (CZ),13530,0,Igoh Ogbu,I. Ogbu,0.33,0.17,0.0,0.67,0.0,2,0.17,0.5,3.33
1191,Czech Liga (CZ),13541,22,Alexander Munksgaard Nielsen,A. Munksgaard,1.33,2.25,0.92,0.25,0.17,61,1.58,4.92,1.83
1191,Czech Liga (CZ),13615,0,Jakub Jugas,J. Jugas,0.25,0.0,0.0,0.5,0.25,1,0.0,0.75,2.75
1191,Czech Liga (CZ),13620,19,Lukas Cerv,L. Cerv,0.68,0.32,0.82,4.64,0.95,60,1.64,4.32,0.64
1191,Czech Liga (CZ),13685,29,Vakhtang Chanturishvili,V. Tchanturishvili,1.6,1.25,0.6,1.2,0.3,139,2.4,6.75,3.6
1191,Czech Liga (CZ),13799,7,Vlasiy Sinyavskiy,V. Sinyavskiy,1.33,2.67,0.5,0.33,0.06,65,2.0,4.33,1.06
1191,Czech Liga (CZ),14050,25,Ladislav Krejčí,L. Krejčí,2.0,0.69,0.54,1.15,0.46,36,0.85,0.85,0.23
1191,Czech Liga (CZ),14326,34,Ondřej Mihálik,O. Mihálik,1.67,0.25,0.17,0.25,0.33,17,0.17,0.33,0.08
1191,Czech Liga (CZ),14532,0,Elias Cobbaut,E. Cobbaut,0.0,1.0,0.0,0.0,0.0,3,2.0,2.0,4.0
1191,Czech Liga (CZ),14810,6,Filip Novák,F. Novák,0.5,0.35,0.45,0.4,0.0,19,0.65,1.35,2.25
1191,Czech Liga (CZ),16461,1,Magnus Kofod Andersen,M. Kofod Andersen,0.25,0.0,0.25,15.25,1.5,12,0.75,4.25,3.0
1191,Czech Liga (CZ),16678,5,Václav Jemelka,V. Jemelka,0.53,0.58,0.68,0.47,0.16,28,0.84,1.47,2.58
1191,Czech Liga (CZ),16680,3,Michal Surzyn,M. Surzyn,0.5,0.62,0.75,0.25,0.0,15,0.75,2.5,1.12
1191,Czech Liga (CZ),16683,2,Jiří Sláma,J. Sláma,0.29,1.18,0.47,0.24,0.0,46,1.59,3.88,2.24
1191,Czech Liga (CZ),16690,12,Ondřej Zmrzlý,O. Zmrzlý,3.82,0.91,1.18,0.64,0.36,54,2.64,3.55,1.55
1191,Czech Liga (CZ),16691,1,Jiří Spáčil,J. Spáčil,0.17,0.0,0.0,6.17,1.17,7,0.33,1.67,0.0
1191,Czech Liga (CZ),16692,75,Tomáš Zlatohlávek,T. Zlatohlávek,2.94,0.35,0.18,1.82,1.12,62,0.29,1.18,0.06
1191,Czech Liga (CZ),16694,10,Juraj Chvátal,J. Chvátal,1.29,1.71,0.71,0.0,0.29,33,2.43,2.86,1.14
1191,Czech Liga (CZ),16707,64,Matěj Pulkrab,M. Pulkrab,3.58,0.21,0.11,1.16,0.42,66,0.37,1.0,0.05
1191,Czech Liga (CZ),16717,12,Srdjan Plavšić,S. Plavšić,0.56,0.67,0.44,1.22,0.78,37,1.67,1.33,0.78
1191,Czech Liga (CZ),16726,115,Václav Drchal,V. Drchal,2.48,0.19,0.43,0.33,0.71,110,0.71,1.62,0.05
1191,Czech Liga (CZ),16835,29,Jakub Kadák,J. Kadák,2.07,0.67,0.6,2.0,0.2,80,0.8,1.93,0.33
1191,Czech Liga (CZ),16841,61,Marián Pišoja,M. Pišoja,1.82,0.65,0.24,1.18,0.29,102,1.71,2.41,0.35
1191,Czech Liga (CZ),16842,54,Lukáš Letenay,L. Letenay,1.44,0.11,0.28,0.72,0.94,40,0.06,0.56,0.06
1191,Czech Liga (CZ),16850,0,Milan Rundić,M. Rundić,0.0,0.0,0.11,0.22,0.0,4,0.33,0.33,1.22
1191,Czech Liga (CZ),17203,0,Svetozar Marković,S. Marković,0.1,0.0,0.0,0.4,0.0,1,0.0,0.0,1.3
1191,Czech Liga (CZ),17205,33,Zlatan Šehović,Z. Šehović,0.95,1.05,0.37,0.53,0.05,97,0.68,2.84,0.79
1191,Czech Liga (CZ),17296,1,Tomáš Huk,T. Huk,0.25,0.0,0.0,0.17,0.0,2,0.08,1.17,1.17
1191,Czech Liga (CZ),17300,31,Ladislav Almási,L. Almási,3.92,0.08,0.08,0.25,0.08,13,0.08,0.5,0.0
1191,Czech Liga (CZ),17354,4,Nemanja Tekijaški,N. Tekijaški,0.38,0.29,0.14,0.57,0.24,15,0.24,0.52,2.81
1191,Czech Liga (CZ),18370,2,Christ Joël Tiéhi,C. Tiéhi,0.4,0.0,0.4,3.4,0.2,18,1.2,3.4,0.6
1191,Czech Liga (CZ),19066,27,Jan Kliment,J. Kliment,2.17,0.5,0.17,1.5,0.67,21,1.67,0.83,0.17
1191,Czech Liga (CZ),19339,2,Asger Sørensen,A. Sørensen,0.29,0.14,0.07,1.0,0.14,11,0.36,2.57,7.79
1191,Czech Liga (CZ),19399,137,Vasil Kušej,V. Kušej,3.71,0.52,0.52,1.52,1.52,125,1.14,2.52,0.19
1191,Czech Liga (CZ),22888,48,Marko Kvasina,M. Kvasina,3.92,0.0,0.23,1.92,0.77,51,0.08,1.62,0.08
1191,Czech Liga (CZ),23188,58,Abdulla Yusuf Helal,Abdulla Yusuf Helal,4.52,0.04,0.09,0.43,0.13,76,0.26,1.22,0.13
1191,Czech Liga (CZ),23832,84,Lukáš Provod,L. Provod,3.0,1.81,2.05,4.43,2.33,175,3.95,6.29,1.33
1191,Czech Liga (CZ),24323,0,Ladislav Takács,L. Takács,0.0,0.0,0.0,0.0,0.0,0,0.0,0.43,0.29
1191,Czech Liga (CZ),24401,23,Tihomir Kostadinov,T. Kostadinov,2.5,0.0,0.5,4.64,1.0,39,0.86,4.29,0.64
1191,Czech Liga (CZ),24975,3,Andy Irving,A. Irving,1.5,0.0,1.0,4.5,0.75,17,1.25,6.25,0.25
1191,Czech Liga (CZ),25111,1,Tomáš Petrášek,T. Petrášek,0.28,0.11,0.0,0.56,0.06,0,0.06,0.56,3.39
1191,Czech Liga (CZ),26100,4,Victor Oluyemi Olatunji,V. Olatunji,2.0,0.0,0.0,1.0,2.0,2,0.0,0.0,0.0
1191,Czech Liga (CZ),26482,43,Alan Nicolás Marinelli,A. Marinelli,1.6,0.73,0.2,1.13,0.67,58,1.07,1.0,0.0
1191,Czech Liga (CZ),27005,5,Daiki Hashioka,D. Hashioka,0.43,1.14,0.43,0.0,0.0,10,1.0,1.43,0.86
1191,Czech Liga (CZ),27757,11,Muhammed Cham Saracevic,M. Cham,1.27,0.18,0.55,1.55,0.64,40,1.55,3.36,0.45
1191,Czech Liga (CZ),29635,5,Tomáš Pekhart,T. Pekhart,5.0,0.0,0.0,3.0,0.5,4,0.0,0.5,0.0
1191,Czech Liga (CZ),29769,2,Louis Lurvink,L. Lurvink,0.06,0.19,0.0,0.38,0.0,5,0.44,0.88,2.31
1191,Czech Liga (CZ),30083,0,Georgios Kornezos,G. Kornezos,0.0,0.0,0.0,1.0,0.0,1,1.0,0.67,3.0
1191,Czech Liga (CZ),30524,1,Roman Macek,R. Macek,0.36,0.27,0.14,7.18,0.23,57,0.45,5.73,1.86
1191,Czech Liga (CZ),31029,10,Martin Koscelník,M. Koscelník,0.38,0.54,0.38,0.23,0.15,38,1.31,1.0,0.69
1191,Czech Liga (CZ),31030,23,Ivan Schranz,I. Schranz,2.25,0.42,0.75,2.0,1.0,22,1.58,1.5,0.5
1191,Czech Liga (CZ),31105,3,Jakub Pešek,J. Pešek,1.0,0.0,0.0,3.0,0.0,5,2.0,0.0,0.0
1191,Czech Liga (CZ),31107,35,Marek Havlík,M. Havlík,1.68,0.14,0.23,2.91,1.32,97,1.27,4.36,0.77
1191,Czech Liga (CZ),31110,0,Ondřej Karafiát,O. Karafiát,0.0,0.0,0.33,2.67,0.0,18,0.67,3.67,1.0
1191,Czech Liga (CZ),31111,3,Šimon Gabriel,Š. Gabriel,0.08,0.0,0.0,0.25,0.08,1,0.58,1.42,4.92
1191,Czech Liga (CZ),31113,3,Radim Breite,R. Breite,0.14,0.21,0.43,5.86,0.57,41,0.71,3.71,0.43
1191,Czech Liga (CZ),31115,16,Daniel Holzer,D. Holzer,1.33,3.08,0.67,0.17,0.17,67,1.25,4.17,0.42
1191,Czech Liga (CZ),31116,4,Tomáš Solil,T. Solil,0.33,0.44,0.44,2.33,0.11,20,0.22,1.67,0.78
1191,Czech Liga (CZ),31117,71,Jáchym Šíp,J. Šíp,2.17,0.78,0.72,1.78,1.17,107,1.28,1.44,0.17
1191,Czech Liga (CZ),31118,26,Antonín Růsek,A. Růsek,1.61,0.22,0.56,3.0,0.78,62,0.78,1.67,0.17
1191,Czech Liga (CZ),31459,8,Patrick Kpozo,P. Kpozo,1.0,4.6,1.2,0.2,0.2,30,0.8,4.2,0.6
1191,Czech Liga (CZ),31982,0,Nassim Innocenti,N. Innocenti,0.25,0.25,0.17,0.08,0.08,16,0.33,1.5,0.17
1191,Czech Liga (CZ),32418,33,Ángelo Smit Preciado Quiñónez,Á. Preciado,1.86,2.07,0.86,0.79,0.36,60,1.71,3.93,0.86
1191,Czech Liga (CZ),32549,31,Matěj Polidar,M. Polidar,1.67,1.11,1.0,0.78,0.67,37,2.0,3.56,0.89
1191,Czech Liga (CZ),32551,66,Vojtěch Patrák,V. Patrák,3.88,0.12,0.29,0.82,0.47,69,0.59,1.76,0.24
1191,Czech Liga (CZ),32572,0,Dominik Plechatý,D. Plechatý,0.0,0.0,0.08,0.85,0.08,11,0.08,0.92,3.62
1191,Czech Liga (CZ),32575,17,Robert Hrubý,R. Hrubý,0.93,0.07,0.2,1.4,0.2,36,0.4,0.53,0.07
1191,Czech Liga (CZ),32577,48,Tomáš Ladra,T. Ladra,1.95,0.8,1.0,2.25,0.75,137,2.65,5.15,0.5
1191,Czech Liga (CZ),32578,2,David Štěpánek,D. Štěpánek,0.0,0.0,0.0,0.2,0.0,1,0.4,1.4,0.2
1191,Czech Liga (CZ),32580,8,Jakub Martinec,J. Martinec,1.07,0.07,0.07,0.6,0.27,20,0.8,2.13,2.53
1191,Czech Liga (CZ),32583,5,Jan Fortelný,J. Fortelný,1.0,0.5,0.5,1.88,0.38,25,0.75,2.0,0.25
1191,Czech Liga (CZ),32588,167,Lamin Jawo,L. Jawo,4.35,0.6,0.2,2.25,1.5,130,1.65,1.05,0.05
1191,Czech Liga (CZ),32591,74,Tomáš Poznar,T. Poznar,2.53,0.0,0.05,0.47,0.58,57,0.21,0.26,0.0
1191,Czech Liga (CZ),32594,10,Martin Cedidla,M. Cedidla,1.05,0.95,0.21,0.37,0.05,61,1.47,3.26,2.32
1191,Czech Liga (CZ),32608,1,Lukáš  Hůlka,L. Hůlka,0.27,0.45,0.32,0.95,0.32,19,0.73,2.73,2.95
1191,Czech Liga (CZ),32633,7,Jakub Fulnek,J. Fulnek,0.0,0.17,1.0,0.83,0.0,19,0.83,1.17,0.83
1191,Czech Liga (CZ),32644,2,David Pech,D. Pech,0.4,1.27,0.47,7.4,0.4,71,1.0,9.2,1.0
1191,Czech Liga (CZ),32645,2,Ewerton Paixão Da Silva,Ewerton,3.0,1.0,0.0,1.0,4.0,7,1.0,5.0,0.0
1191,Czech Liga (CZ),32647,0,Dominik Hašek,D. Hašek,0.2,0.5,0.0,0.0,0.0,6,1.5,1.4,0.9
1191,Czech Liga (CZ),32648,54,Jiří Klíma,J. Klíma,2.13,0.33,0.33,1.0,0.53,49,1.0,0.67,0.07
1191,Czech Liga (CZ),32649,3,Antonín Křapka,A. Křapka,0.2,0.2,0.1,0.3,0.0,4,0.2,0.65,1.2
1191,Czech Liga (CZ),32651,206,Jan Kuchta,J. Kuchta,8.37,0.0,0.05,1.37,0.58,69,0.0,0.53,0.0
1191,Czech Liga (CZ),32652,0,Matěj Chaluš,M. Chaluš,0.6,0.13,0.07,1.2,0.07,9,0.47,2.2,4.93
1191,Czech Liga (CZ),32653,2,Matěj Hybš,M. Hybš,0.3,0.9,1.6,0.3,0.0,14,1.0,3.4,1.7
1191,Czech Liga (CZ),32655,4,Jan Mikula,J. Mikula,0.89,0.78,1.22,1.56,0.11,20,2.11,3.44,1.44
1191,Czech Liga (CZ),32656,0,Michal Beran,M. Beran,0.45,0.5,0.41,6.18,0.45,40,0.64,6.68,2.05
1191,Czech Liga (CZ),32659,13,Michal Fukala,M. Fukala,0.19,0.57,0.24,0.1,0.05,51,1.33,2.71,0.71
1191,Czech Liga (CZ),32660,15,Lukáš Bartošák,L. Bartošák,1.14,0.71,0.14,0.5,0.0,35,1.21,1.79,0.43
1191,Czech Liga (CZ),32672,1,Jan Řezníček,J. Řezníček,0.7,0.7,0.2,4.4,0.8,17,0.6,3.9,1.1
1191,Czech Liga (CZ),32685,19,Daniel Horák,D. Horák,1.33,2.48,1.38,1.14,0.29,112,1.9,4.67,3.19
1191,Czech Liga (CZ),32687,23,Michal Černák,M. Černák,2.15,0.31,0.38,1.77,0.54,52,0.62,2.31,0.31
1191,Czech Liga (CZ),32690,30,Lukáš Sadílek,L. Sadílek,1.88,1.12,1.38,4.5,0.62,39,2.75,3.12,1.62
1191,Czech Liga (CZ),32691,27,Jan Navrátil,J. Navrátil,1.69,1.54,0.15,1.08,0.23,23,1.0,1.46,0.0
1191,Czech Liga (CZ),32695,24,Jan Kalabiška,J. Kalabiška,1.5,0.25,0.31,0.44,0.44,33,1.12,1.81,0.0
1191,Czech Liga (CZ),32697,22,Vlastimil Daníček,V. Daníček,0.94,0.33,0.33,4.0,0.78,49,0.5,2.61,1.17
1191,Czech Liga (CZ),32700,55,Petr Reinberk,P. Reinberk,0.82,0.71,0.35,0.53,0.24,63,1.65,2.59,0.47
1191,Czech Liga (CZ),32701,52,Václav Jurečka,V. Jurečka,7.25,0.25,0.25,4.25,1.5,51,1.5,2.0,0.0
1191,Czech Liga (CZ),32702,55,Daniel Mareček,D. Mareček,2.8,0.5,0.65,1.65,0.6,112,0.4,2.05,0.05
1191,Czech Liga (CZ),32702,55,Daniel Mareček,D. Mareček,2.8,0.5,0.65,1.65,0.6,112,0.4,2.05,0.0
1191,Czech Liga (CZ),32702,55,Daniel Mareček,D. Mareček,2.8,0.5,0.65,1.65,0.6,112,0.4,0.0,0.05
1191,Czech Liga (CZ),32702,55,Daniel Mareček,D. Mareček,2.8,0.5,0.65,1.65,0.6,112,0.4,0.0,0.0
1191,Czech Liga (CZ),32702,55,Daniel Mareček,D. Mareček,2.8,0.5,0.65,1.65,0.6,112,1.0,2.05,0.05
1191,Czech Liga (CZ),32702,55,Daniel Mareček,D. Mareček,2.8,0.5,0.65,1.65,0.6,112,1.0,2.05,0.0
1191,Czech Liga (CZ),32702,55,Daniel Mareček,D. Mareček,2.8,0.5,0.65,1.65,0.6,112,1.0,0.0,0.05
1191,Czech Liga (CZ),32702,55,Daniel Mareček,D. Mareček,2.8,0.5,0.65,1.65,0.6,112,1.0,0.0,0.0
1191,Czech Liga (CZ),32702,55,Daniel Mareček,D. Mareček,2.8,0.5,0.65,1.65,0.6,2,0.4,2.05,0.05
1191,Czech Liga (CZ),32702,55,Daniel Mareček,D. Mareček,2.8,0.5,0.65,1.65,0.6,2,0.4,2.05,0.0
1191,Czech Liga (CZ),32702,55,Daniel Mareček,D. Mareček,2.8,0.5,0.65,1.65,0.6,2,0.4,0.0,0.05
1191,Czech Liga (CZ),32702,55,Daniel Mareček,D. Mareček,2.8,0.5,0.65,1.65,0.6,2,0.4,0.0,0.0
1191,Czech Liga (CZ),32702,55,Daniel Mareček,D. Mareček,2.8,0.5,0.65,1.65,0.6,2,1.0,2.05,0.05
1191,Czech Liga (CZ),32702,55,Daniel Mareček,D. Mareček,2.8,0.5,0.65,1.65,0.6,2,1.0,2.05,0.0
1191,Czech Liga (CZ),32702,55,Daniel Mareček,D. Mareček,2.8,0.5,0.65,1.65,0.6,2,1.0,0.0,0.05
1191,Czech Liga (CZ),32702,55,Daniel Mareček,D. Mareček,2.8,0.5,0.65,1.65,0.6,2,1.0,0.0,0.0
1191,Czech Liga (CZ),32702,55,Daniel Mareček,D. Mareček,2.8,0.5,0.65,1.65,1.0,112,0.4,2.05,0.05
1191,Czech Liga (CZ),32702,55,Daniel Mareček,D. Mareček,2.8,0.5,0.65,1.65,1.0,112,0.4,2.05,0.0
1191,Czech Liga (CZ),32702,55,Daniel Mareček,D. Mareček,2.8,0.5,0.65,1.65,1.0,112,0.4,0.0,0.05
1191,Czech Liga (CZ),32702,55,Daniel Mareček,D. Mareček,2.8,0.5,0.65,1.65,1.0,112,0.4,0.0,0.0
1191,Czech Liga (CZ),32702,55,Daniel Mareček,D. Mareček,2.8,0.5,0.65,1.65,1.0,112,1.0,2.05,0.05
1191,Czech Liga (CZ),32702,55,Daniel Mareček,D. Mareček,2.8,0.5,0.65,1.65,1.0,112,1.0,2.05,0.0
1191,Czech Liga (CZ),32702,55,Daniel Mareček,D. Mareček,2.8,0.5,0.65,1.65,1.0,112,1.0,0.0,0.05
1191,Czech Liga (CZ),32702,55,Daniel Mareček,D. Mareček,2.8,0.5,0.65,1.65,1.0,112,1.0,0.0,0.0
1191,Czech Liga (CZ),32702,55,Daniel Mareček,D. Mareček,2.8,0.5,0.65,1.65,1.0,2,0.4,2.05,0.05
1191,Czech Liga (CZ),32702,55,Daniel Mareček,D. Mareček,2.8,0.5,0.65,1.65,1.0,2,0.4,2.05,0.0
1191,Czech Liga (CZ),32702,55,Daniel Mareček,D. Mareček,2.8,0.5,0.65,1.65,1.0,2,0.4,0.0,0.05
1191,Czech Liga (CZ),32702,55,Daniel Mareček,D. Mareček,2.8,0.5,0.65,1.65,1.0,2,0.4,0.0,0.0
1191,Czech Liga (CZ),32702,55,Daniel Mareček,D. Mareček,2.8,0.5,0.65,1.65,1.0,2,1.0,2.05,0.05
1191,Czech Liga (CZ),32702,55,Daniel Mareček,D. Mareček,2.8,0.5,0.65,1.65,1.0,2,1.0,2.05,0.0
1191,Czech Liga (CZ),32702,55,Daniel Mareček,D. Mareček,2.8,0.5,0.65,1.65,1.0,2,1.0,0.0,0.05
1191,Czech Liga (CZ),32702,55,Daniel Mareček,D. Mareček,2.8,0.5,0.65,1.65,1.0,2,1.0,0.0,0.0
1191,Czech Liga (CZ),32702,55,Daniel Mareček,D. Mareček,2.8,0.5,0.65,0.0,0.6,112,0.4,2.05,0.05
1191,Czech Liga (CZ),32702,55,Daniel Mareček,D. Mareček,2.8,0.5,0.65,0.0,0.6,112,0.4,2.05,0.0
1191,Czech Liga (CZ),32702,55,Daniel Mareček,D. Mareček,2.8,0.5,0.65,0.0,0.6,112,0.4,0.0,0.05
1191,Czech Liga (CZ),32702,55,Daniel Mareček,D. Mareček,2.8,0.5,0.65,0.0,0.6,112,0.4,0.0,0.0
1191,Czech Liga (CZ),32702,55,Daniel Mareček,D. Mareček,2.8,0.5,0.65,0.0,0.6,112,1.0,2.05,0.05
1191,Czech Liga (CZ),32702,55,Daniel Mareček,D. Mareček,2.8,0.5,0.65,0.0,0.6,112,1.0,2.05,0.0
1191,Czech Liga (CZ),32702,55,Daniel Mareček,D. Mareček,2.8,0.5,0.65,0.0,0.6,112,1.0,0.0,0.05
1191,Czech Liga (CZ),32702,55,Daniel Mareček,D. Mareček,2.8,0.5,0.65,0.0,0.6,112,1.0,0.0,0.0
1191,Czech Liga (CZ),32702,55,Daniel Mareček,D. Mareček,2.8,0.5,0.65,0.0,0.6,2,0.4,2.05,0.05
1191,Czech Liga (CZ),32702,55,Daniel Mareček,D. Mareček,2.8,0.5,0.65,0.0,0.6,2,0.4,2.05,0.0
1191,Czech Liga (CZ),32702,55,Daniel Mareček,D. Mareček,2.8,0.5,0.65,0.0,0.6,2,0.4,0.0,0.05
1191,Czech Liga (CZ),32702,55,Daniel Mareček,D. Mareček,2.8,0.5,0.65,0.0,0.6,2,0.4,0.0,0.0
1191,Czech Liga (CZ),32702,55,Daniel Mareček,D. Mareček,2.8,0.5,0.65,0.0,0.6,2,1.0,2.05,0.05
1191,Czech Liga (CZ),32702,55,Daniel Mareček,D. Mareček,2.8,0.5,0.65,0.0,0.6,2,1.0,2.05,0.0
1191,Czech Liga (CZ),32702,55,Daniel Mareček,D. Mareček,2.8,0.5,0.65,0.0,0.6,2,1.0,0.0,0.05
1191,Czech Liga (CZ),32702,55,Daniel Mareček,D. Mareček,2.8,0.5,0.65,0.0,0.6,2,1.0,0.0,0.0
1191,Czech Liga (CZ),32702,55,Daniel Mareček,D. Mareček,2.8,0.5,0.65,0.0,1.0,112,0.4,2.05,0.05
1191,Czech Liga (CZ),32702,55,Daniel Mareček,D. Mareček,2.8,0.5,0.65,0.0,1.0,112,0.4,2.05,0.0
1191,Czech Liga (CZ),32702,55,Daniel Mareček,D. Mareček,2.8,0.5,0.65,0.0,1.0,112,0.4,0.0,0.05
1191,Czech Liga (CZ),32702,55,Daniel Mareček,D. Mareček,2.8,0.5,0.65,0.0,1.0,112,0.4,0.0,0.0
1191,Czech Liga (CZ),32702,55,Daniel Mareček,D. Mareček,2.8,0.5,0.65,0.0,1.0,112,1.0,2.05,0.05
1191,Czech Liga (CZ),32702,55,Daniel Mareček,D. Mareček,2.8,0.5,0.65,0.0,1.0,112,1.0,2.05,0.0
1191,Czech Liga (CZ),32702,55,Daniel Mareček,D. Mareček,2.8,0.5,0.65,0.0,1.0,112,1.0,0.0,0.05
1191,Czech Liga (CZ),32702,55,Daniel Mareček,D. Mareček,2.8,0.5,0.65,0.0,1.0,112,1.0,0.0,0.0
1191,Czech Liga (CZ),32702,55,Daniel Mareček,D. Mareček,2.8,0.5,0.65,0.0,1.0,2,0.4,2.05,0.05
1191,Czech Liga (CZ),32702,55,Daniel Mareček,D. Mareček,2.8,0.5,0.65,0.0,1.0,2,0.4,2.05,0.0
1191,Czech Liga (CZ),32702,55,Daniel Mareček,D. Mareček,2.8,0.5,0.65,0.0,1.0,2,0.4,0.0,0.05
1191,Czech Liga (CZ),32702,55,Daniel Mareček,D. Mareček,2.8,0.5,0.65,0.0,1.0,2,0.4,0.0,0.0
1191,Czech Liga (CZ),32702,55,Daniel Mareček,D. Mareček,2.8,0.5,0.65,0.0,1.0,2,1.0,2.05,0.05
1191,Czech Liga (CZ),32702,55,Daniel Mareček,D. Mareček,2.8,0.5,0.65,0.0,1.0,2,1.0,2.05,0.0
1191,Czech Liga (CZ),32702,55,Daniel Mareček,D. Mareček,2.8,0.5,0.65,0.0,1.0,2,1.0,0.0,0.05
1191,Czech Liga (CZ),32702,55,Daniel Mareček,D. Mareček,2.8,0.5,0.65,0.0,1.0,2,1.0,0.0,0.0
1191,Czech Liga (CZ),32702,55,Daniel Mareček,D. Mareček,2.8,0.5,0.0,1.65,0.6,112,0.4,2.05,0.05
1191,Czech Liga (CZ),32702,55,Daniel Mareček,D. Mareček,2.8,0.5,0.0,1.65,0.6,112,0.4,2.05,0.0
1191,Czech Liga (CZ),32702,55,Daniel Mareček,D. Mareček,2.8,0.5,0.0,1.65,0.6,112,0.4,0.0,0.05
1191,Czech Liga (CZ),32702,55,Daniel Mareček,D. Mareček,2.8,0.5,0.0,1.65,0.6,112,0.4,0.0,0.0
1191,Czech Liga (CZ),32702,55,Daniel Mareček,D. Mareček,2.8,0.5,0.0,1.65,0.6,112,1.0,2.05,0.05
1191,Czech Liga (CZ),32702,55,Daniel Mareček,D. Mareček,2.8,0.5,0.0,1.65,0.6,112,1.0,2.05,0.0
1191,Czech Liga (CZ),32702,55,Daniel Mareček,D. Mareček,2.8,0.5,0.0,1.65,0.6,112,1.0,0.0,0.05
1191,Czech Liga (CZ),32702,55,Daniel Mareček,D. Mareček,2.8,0.5,0.0,1.65,0.6,112,1.0,0.0,0.0
1191,Czech Liga (CZ),32702,55,Daniel Mareček,D. Mareček,2.8,0.5,0.0,1.65,0.6,2,0.4,2.05,0.05
1191,Czech Liga (CZ),32702,55,Daniel Mareček,D. Mareček,2.8,0.5,0.0,1.65,0.6,2,0.4,2.05,0.0
1191,Czech Liga (CZ),32702,55,Daniel Mareček,D. Mareček,2.8,0.5,0.0,1.65,0.6,2,0.4,0.0,0.05
1191,Czech Liga (CZ),32702,55,Daniel Mareček,D. Mareček,2.8,0.5,0.0,1.65,0.6,2,0.4,0.0,0.0
1191,Czech Liga (CZ),32702,55,Daniel Mareček,D. Mareček,2.8,0.5,0.0,1.65,0.6,2,1.0,2.05,0.05
1191,Czech Liga (CZ),32702,55,Daniel Mareček,D. Mareček,2.8,0.5,0.0,1.65,0.6,2,1.0,2.05,0.0
1191,Czech Liga (CZ),32702,55,Daniel Mareček,D. Mareček,2.8,0.5,0.0,1.65,0.6,2,1.0,0.0,0.05
1191,Czech Liga (CZ),32702,55,Daniel Mareček,D. Mareček,2.8,0.5,0.0,1.65,0.6,2,1.0,0.0,0.0
1191,Czech Liga (CZ),32702,55,Daniel Mareček,D. Mareček,2.8,0.5,0.0,1.65,1.0,112,0.4,2.05,0.05
1191,Czech Liga (CZ),32702,55,Daniel Mareček,D. Mareček,2.8,0.5,0.0,1.65,1.0,112,0.4,2.05,0.0
1191,Czech Liga (CZ),32702,55,Daniel Mareček,D. Mareček,2.8,0.5,0.0,1.65,1.0,112,0.4,0.0,0.05
1191,Czech Liga (CZ),32702,55,Daniel Mareček,D. Mareček,2.8,0.5,0.0,1.65,1.0,112,0.4,0.0,0.0
1191,Czech Liga (CZ),32702,55,Daniel Mareček,D. Mareček,2.8,0.5,0.0,1.65,1.0,112,1.0,2.05,0.05
1191,Czech Liga (CZ),32702,55,Daniel Mareček,D. Mareček,2.8,0.5,0.0,1.65,1.0,112,1.0,2.05,0.0
1191,Czech Liga (CZ),32702,55,Daniel Mareček,D. Mareček,2.8,0.5,0.0,1.65,1.0,112,1.0,0.0,0.05
1191,Czech Liga (CZ),32702,55,Daniel Mareček,D. Mareček,2.8,0.5,0.0,1.65,1.0,112,1.0,0.0,0.0
1191,Czech Liga (CZ),32702,55,Daniel Mareček,D. Mareček,2.8,0.5,0.0,1.65,1.0,2,0.4,2.05,0.05
1191,Czech Liga (CZ),32702,55,Daniel Mareček,D. Mareček,2.8,0.5,0.0,1.65,1.0,2,0.4,2.05,0.0
1191,Czech Liga (CZ),32702,55,Daniel Mareček,D. Mareček,2.8,0.5,0.0,1.65,1.0,2,0.4,0.0,0.05
1191,Czech Liga (CZ),32702,55,Daniel Mareček,D. Mareček,2.8,0.5,0.0,1.65,1.0,2,0.4,0.0,0.0
1191,Czech Liga (CZ),32702,55,Daniel Mareček,D. Mareček,2.8,0.5,0.0,1.65,1.0,2,1.0,2.05,0.05
1191,Czech Liga (CZ),32702,55,Daniel Mareček,D. Mareček,2.8,0.5,0.0,1.65,1.0,2,1.0,2.05,0.0
1191,Czech Liga (CZ),32702,55,Daniel Mareček,D. Mareček,2.8,0.5,0.0,1.65,1.0,2,1.0,0.0,0.05
1191,Czech Liga (CZ),32702,55,Daniel Mareček,D. Mareček,2.8,0.5,0.0,1.65,1.0,2,1.0,0.0,0.0
1191,Czech Liga (CZ),32702,55,Daniel Mareček,D. Mareček,2.8,0.5,0.0,0.0,0.6,112,0.4,2.05,0.05
1191,Czech Liga (CZ),32702,55,Daniel Mareček,D. Mareček,2.8,0.5,0.0,0.0,0.6,112,0.4,2.05,0.0
1191,Czech Liga (CZ),32702,55,Daniel Mareček,D. Mareček,2.8,0.5,0.0,0.0,0.6,112,0.4,0.0,0.05
1191,Czech Liga (CZ),32702,55,Daniel Mareček,D. Mareček,2.8,0.5,0.0,0.0,0.6,112,0.4,0.0,0.0
1191,Czech Liga (CZ),32702,55,Daniel Mareček,D. Mareček,2.8,0.5,0.0,0.0,0.6,112,1.0,2.05,0.05
1191,Czech Liga (CZ),32702,55,Daniel Mareček,D. Mareček,2.8,0.5,0.0,0.0,0.6,112,1.0,2.05,0.0
1191,Czech Liga (CZ),32702,55,Daniel Mareček,D. Mareček,2.8,0.5,0.0,0.0,0.6,112,1.0,0.0,0.05
1191,Czech Liga (CZ),32702,55,Daniel Mareček,D. Mareček,2.8,0.5,0.0,0.0,0.6,112,1.0,0.0,0.0
1191,Czech Liga (CZ),32702,55,Daniel Mareček,D. Mareček,2.8,0.5,0.0,0.0,0.6,2,0.4,2.05,0.05
1191,Czech Liga (CZ),32702,55,Daniel Mareček,D. Mareček,2.8,0.5,0.0,0.0,0.6,2,0.4,2.05,0.0
1191,Czech Liga (CZ),32702,55,Daniel Mareček,D. Mareček,2.8,0.5,0.0,0.0,0.6,2,0.4,0.0,0.05
1191,Czech Liga (CZ),32702,55,Daniel Mareček,D. Mareček,2.8,0.5,0.0,0.0,0.6,2,0.4,0.0,0.0
1191,Czech Liga (CZ),32702,55,Daniel Mareček,D. Mareček,2.8,0.5,0.0,0.0,0.6,2,1.0,2.05,0.05
1191,Czech Liga (CZ),32702,55,Daniel Mareček,D. Mareček,2.8,0.5,0.0,0.0,0.6,2,1.0,2.05,0.0
1191,Czech Liga (CZ),32702,55,Daniel Mareček,D. Mareček,2.8,0.5,0.0,0.0,0.6,2,1.0,0.0,0.05
1191,Czech Liga (CZ),32702,55,Daniel Mareček,D. Mareček,2.8,0.5,0.0,0.0,0.6,2,1.0,0.0,0.0
1191,Czech Liga (CZ),32702,55,Daniel Mareček,D. Mareček,2.8,0.5,0.0,0.0,1.0,112,0.4,2.05,0.05
1191,Czech Liga (CZ),32702,55,Daniel Mareček,D. Mareček,2.8,0.5,0.0,0.0,1.0,112,0.4,2.05,0.0
1191,Czech Liga (CZ),32702,55,Daniel Mareček,D. Mareček,2.8,0.5,0.0,0.0,1.0,112,0.4,0.0,0.05
1191,Czech Liga (CZ),32702,55,Daniel Mareček,D. Mareček,2.8,0.5,0.0,0.0,1.0,112,0.4,0.0,0.0
1191,Czech Liga (CZ),32702,55,Daniel Mareček,D. Mareček,2.8,0.5,0.0,0.0,1.0,112,1.0,2.05,0.05
1191,Czech Liga (CZ),32702,55,Daniel Mareček,D. Mareček,2.8,0.5,0.0,0.0,1.0,112,1.0,2.05,0.0
1191,Czech Liga (CZ),32702,55,Daniel Mareček,D. Mareček,2.8,0.5,0.0,0.0,1.0,112,1.0,0.0,0.05
1191,Czech Liga (CZ),32702,55,Daniel Mareček,D. Mareček,2.8,0.5,0.0,0.0,1.0,112,1.0,0.0,0.0
1191,Czech Liga (CZ),32702,55,Daniel Mareček,D. Mareček,2.8,0.5,0.0,0.0,1.0,2,0.4,2.05,0.05
1191,Czech Liga (CZ),32702,55,Daniel Mareček,D. Mareček,2.8,0.5,0.0,0.0,1.0,2,0.4,2.05,0.0
1191,Czech Liga (CZ),32702,55,Daniel Mareček,D. Mareček,2.8,0.5,0.0,0.0,1.0,2,0.4,0.0,0.05
1191,Czech Liga (CZ),32702,55,Daniel Mareček,D. Mareček,2.8,0.5,0.0,0.0,1.0,2,0.4,0.0,0.0
1191,Czech Liga (CZ),32702,55,Daniel Mareček,D. Mareček,2.8,0.5,0.0,0.0,1.0,2,1.0,2.05,0.05
1191,Czech Liga (CZ),32702,55,Daniel Mareček,D. Mareček,2.8,0.5,0.0,0.0,1.0,2,1.0,2.05,0.0
1191,Czech Liga (CZ),32702,55,Daniel Mareček,D. Mareček,2.8,0.5,0.0,0.0,1.0,2,1.0,0.0,0.05
1191,Czech Liga (CZ),32702,55,Daniel Mareček,D. Mareček,2.8,0.5,0.0,0.0,1.0,2,1.0,0.0,0.0
1191,Czech Liga (CZ),32702,55,Daniel Mareček,D. Mareček,2.8,0.0,0.65,1.65,0.6,112,0.4,2.05,0.05
1191,Czech Liga (CZ),32702,55,Daniel Mareček,D. Mareček,2.8,0.0,0.65,1.65,0.6,112,0.4,2.05,0.0
1191,Czech Liga (CZ),32702,55,Daniel Mareček,D. Mareček,2.8,0.0,0.65,1.65,0.6,112,0.4,0.0,0.05
1191,Czech Liga (CZ),32702,55,Daniel Mareček,D. Mareček,2.8,0.0,0.65,1.65,0.6,112,0.4,0.0,0.0
1191,Czech Liga (CZ),32702,55,Daniel Mareček,D. Mareček,2.8,0.0,0.65,1.65,0.6,112,1.0,2.05,0.05
1191,Czech Liga (CZ),32702,55,Daniel Mareček,D. Mareček,2.8,0.0,0.65,1.65,0.6,112,1.0,2.05,0.0
1191,Czech Liga (CZ),32702,55,Daniel Mareček,D. Mareček,2.8,0.0,0.65,1.65,0.6,112,1.0,0.0,0.05
1191,Czech Liga (CZ),32702,55,Daniel Mareček,D. Mareček,2.8,0.0,0.65,1.65,0.6,112,1.0,0.0,0.0
1191,Czech Liga (CZ),32702,55,Daniel Mareček,D. Mareček,2.8,0.0,0.65,1.65,0.6,2,0.4,2.05,0.05
1191,Czech Liga (CZ),32702,55,Daniel Mareček,D. Mareček,2.8,0.0,0.65,1.65,0.6,2,0.4,2.05,0.0
1191,Czech Liga (CZ),32702,55,Daniel Mareček,D. Mareček,2.8,0.0,0.65,1.65,0.6,2,0.4,0.0,0.05
1191,Czech Liga (CZ),32702,55,Daniel Mareček,D. Mareček,2.8,0.0,0.65,1.65,0.6,2,0.4,0.0,0.0
1191,Czech Liga (CZ),32702,55,Daniel Mareček,D. Mareček,2.8,0.0,0.65,1.65,0.6,2,1.0,2.05,0.05
1191,Czech Liga (CZ),32702,55,Daniel Mareček,D. Mareček,2.8,0.0,0.65,1.65,0.6,2,1.0,2.05,0.0
1191,Czech Liga (CZ),32702,55,Daniel Mareček,D. Mareček,2.8,0.0,0.65,1.65,0.6,2,1.0,0.0,0.05
1191,Czech Liga (CZ),32702,55,Daniel Mareček,D. Mareček,2.8,0.0,0.65,1.65,0.6,2,1.0,0.0,0.0
1191,Czech Liga (CZ),32702,55,Daniel Mareček,D. Mareček,2.8,0.0,0.65,1.65,1.0,112,0.4,2.05,0.05
1191,Czech Liga (CZ),32702,55,Daniel Mareček,D. Mareček,2.8,0.0,0.65,1.65,1.0,112,0.4,2.05,0.0
1191,Czech Liga (CZ),32702,55,Daniel Mareček,D. Mareček,2.8,0.0,0.65,1.65,1.0,112,0.4,0.0,0.05
1191,Czech Liga (CZ),32702,55,Daniel Mareček,D. Mareček,2.8,0.0,0.65,1.65,1.0,112,0.4,0.0,0.0
1191,Czech Liga (CZ),32702,55,Daniel Mareček,D. Mareček,2.8,0.0,0.65,1.65,1.0,112,1.0,2.05,0.05
1191,Czech Liga (CZ),32702,55,Daniel Mareček,D. Mareček,2.8,0.0,0.65,1.65,1.0,112,1.0,2.05,0.0
1191,Czech Liga (CZ),32702,55,Daniel Mareček,D. Mareček,2.8,0.0,0.65,1.65,1.0,112,1.0,0.0,0.05
1191,Czech Liga (CZ),32702,55,Daniel Mareček,D. Mareček,2.8,0.0,0.65,1.65,1.0,112,1.0,0.0,0.0
1191,Czech Liga (CZ),32702,55,Daniel Mareček,D. Mareček,2.8,0.0,0.65,1.65,1.0,2,0.4,2.05,0.05
1191,Czech Liga (CZ),32702,55,Daniel Mareček,D. Mareček,2.8,0.0,0.65,1.65,1.0,2,0.4,2.05,0.0
1191,Czech Liga (CZ),32702,55,Daniel Mareček,D. Mareček,2.8,0.0,0.65,1.65,1.0,2,0.4,0.0,0.05
1191,Czech Liga (CZ),32702,55,Daniel Mareček,D. Mareček,2.8,0.0,0.65,1.65,1.0,2,0.4,0.0,0.0
1191,Czech Liga (CZ),32702,55,Daniel Mareček,D. Mareček,2.8,0.0,0.65,1.65,1.0,2,1.0,2.05,0.05
1191,Czech Liga (CZ),32702,55,Daniel Mareček,D. Mareček,2.8,0.0,0.65,1.65,1.0,2,1.0,2.05,0.0
1191,Czech Liga (CZ),32702,55,Daniel Mareček,D. Mareček,2.8,0.0,0.65,1.65,1.0,2,1.0,0.0,0.05
1191,Czech Liga (CZ),32702,55,Daniel Mareček,D. Mareček,2.8,0.0,0.65,1.65,1.0,2,1.0,0.0,0.0
1191,Czech Liga (CZ),32702,55,Daniel Mareček,D. Mareček,2.8,0.0,0.65,0.0,0.6,112,0.4,2.05,0.05
1191,Czech Liga (CZ),32702,55,Daniel Mareček,D. Mareček,2.8,0.0,0.65,0.0,0.6,112,0.4,2.05,0.0
1191,Czech Liga (CZ),32702,55,Daniel Mareček,D. Mareček,2.8,0.0,0.65,0.0,0.6,112,0.4,0.0,0.05
1191,Czech Liga (CZ),32702,55,Daniel Mareček,D. Mareček,2.8,0.0,0.65,0.0,0.6,112,0.4,0.0,0.0
1191,Czech Liga (CZ),32702,55,Daniel Mareček,D. Mareček,2.8,0.0,0.65,0.0,0.6,112,1.0,2.05,0.05
1191,Czech Liga (CZ),32702,55,Daniel Mareček,D. Mareček,2.8,0.0,0.65,0.0,0.6,112,1.0,2.05,0.0
1191,Czech Liga (CZ),32702,55,Daniel Mareček,D. Mareček,2.8,0.0,0.65,0.0,0.6,112,1.0,0.0,0.05
1191,Czech Liga (CZ),32702,55,Daniel Mareček,D. Mareček,2.8,0.0,0.65,0.0,0.6,112,1.0,0.0,0.0
1191,Czech Liga (CZ),32702,55,Daniel Mareček,D. Mareček,2.8,0.0,0.65,0.0,0.6,2,0.4,2.05,0.05
1191,Czech Liga (CZ),32702,55,Daniel Mareček,D. Mareček,2.8,0.0,0.65,0.0,0.6,2,0.4,2.05,0.0
1191,Czech Liga (CZ),32702,55,Daniel Mareček,D. Mareček,2.8,0.0,0.65,0.0,0.6,2,0.4,0.0,0.05
1191,Czech Liga (CZ),32702,55,Daniel Mareček,D. Mareček,2.8,0.0,0.65,0.0,0.6,2,0.4,0.0,0.0
1191,Czech Liga (CZ),32702,55,Daniel Mareček,D. Mareček,2.8,0.0,0.65,0.0,0.6,2,1.0,2.05,0.05
1191,Czech Liga (CZ),32702,55,Daniel Mareček,D. Mareček,2.8,0.0,0.65,0.0,0.6,2,1.0,2.05,0.0
1191,Czech Liga (CZ),32702,55,Daniel Mareček,D. Mareček,2.8,0.0,0.65,0.0,0.6,2,1.0,0.0,0.05
1191,Czech Liga (CZ),32702,55,Daniel Mareček,D. Mareček,2.8,0.0,0.65,0.0,0.6,2,1.0,0.0,0.0
1191,Czech Liga (CZ),32702,55,Daniel Mareček,D. Mareček,2.8,0.0,0.65,0.0,1.0,112,0.4,2.05,0.05
1191,Czech Liga (CZ),32702,55,Daniel Mareček,D. Mareček,2.8,0.0,0.65,0.0,1.0,112,0.4,2.05,0.0
1191,Czech Liga (CZ),32702,55,Daniel Mareček,D. Mareček,2.8,0.0,0.65,0.0,1.0,112,0.4,0.0,0.05
1191,Czech Liga (CZ),32702,55,Daniel Mareček,D. Mareček,2.8,0.0,0.65,0.0,1.0,112,0.4,0.0,0.0
1191,Czech Liga (CZ),32702,55,Daniel Mareček,D. Mareček,2.8,0.0,0.65,0.0,1.0,112,1.0,2.05,0.05
1191,Czech Liga (CZ),32702,55,Daniel Mareček,D. Mareček,2.8,0.0,0.65,0.0,1.0,112,1.0,2.05,0.0
1191,Czech Liga (CZ),32702,55,Daniel Mareček,D. Mareček,2.8,0.0,0.65,0.0,1.0,112,1.0,0.0,0.05
1191,Czech Liga (CZ),32702,55,Daniel Mareček,D. Mareček,2.8,0.0,0.65,0.0,1.0,112,1.0,0.0,0.0
1191,Czech Liga (CZ),32702,55,Daniel Mareček,D. Mareček,2.8,0.0,0.65,0.0,1.0,2,0.4,2.05,0.05
1191,Czech Liga (CZ),32702,55,Daniel Mareček,D. Mareček,2.8,0.0,0.65,0.0,1.0,2,0.4,2.05,0.0
1191,Czech Liga (CZ),32702,55,Daniel Mareček,D. Mareček,2.8,0.0,0.65,0.0,1.0,2,0.4,0.0,0.05
1191,Czech Liga (CZ),32702,55,Daniel Mareček,D. Mareček,2.8,0.0,0.65,0.0,1.0,2,0.4,0.0,0.0
1191,Czech Liga (CZ),32702,55,Daniel Mareček,D. Mareček,2.8,0.0,0.65,0.0,1.0,2,1.0,2.05,0.05
1191,Czech Liga (CZ),32702,55,Daniel Mareček,D. Mareček,2.8,0.0,0.65,0.0,1.0,2,1.0,2.05,0.0
1191,Czech Liga (CZ),32702,55,Daniel Mareček,D. Mareček,2.8,0.0,0.65,0.0,1.0,2,1.0,0.0,0.05
1191,Czech Liga (CZ),32702,55,Daniel Mareček,D. Mareček,2.8,0.0,0.65,0.0,1.0,2,1.0,0.0,0.0
1191,Czech Liga (CZ),32702,55,Daniel Mareček,D. Mareček,2.8,0.0,0.0,1.65,0.6,112,0.4,2.05,0.05
1191,Czech Liga (CZ),32702,55,Daniel Mareček,D. Mareček,2.8,0.0,0.0,1.65,0.6,112,0.4,2.05,0.0
1191,Czech Liga (CZ),32702,55,Daniel Mareček,D. Mareček,2.8,0.0,0.0,1.65,0.6,112,0.4,0.0,0.05
1191,Czech Liga (CZ),32702,55,Daniel Mareček,D. Mareček,2.8,0.0,0.0,1.65,0.6,112,0.4,0.0,0.0
1191,Czech Liga (CZ),32702,55,Daniel Mareček,D. Mareček,2.8,0.0,0.0,1.65,0.6,112,1.0,2.05,0.05
1191,Czech Liga (CZ),32702,55,Daniel Mareček,D. Mareček,2.8,0.0,0.0,1.65,0.6,112,1.0,2.05,0.0
1191,Czech Liga (CZ),32702,55,Daniel Mareček,D. Mareček,2.8,0.0,0.0,1.65,0.6,112,1.0,0.0,0.05
1191,Czech Liga (CZ),32702,55,Daniel Mareček,D. Mareček,2.8,0.0,0.0,1.65,0.6,112,1.0,0.0,0.0
1191,Czech Liga (CZ),32702,55,Daniel Mareček,D. Mareček,2.8,0.0,0.0,1.65,0.6,2,0.4,2.05,0.05
1191,Czech Liga (CZ),32702,55,Daniel Mareček,D. Mareček,2.8,0.0,0.0,1.65,0.6,2,0.4,2.05,0.0
1191,Czech Liga (CZ),32702,55,Daniel Mareček,D. Mareček,2.8,0.0,0.0,1.65,0.6,2,0.4,0.0,0.05
1191,Czech Liga (CZ),32702,55,Daniel Mareček,D. Mareček,2.8,0.0,0.0,1.65,0.6,2,0.4,0.0,0.0
1191,Czech Liga (CZ),32702,55,Daniel Mareček,D. Mareček,2.8,0.0,0.0,1.65,0.6,2,1.0,2.05,0.05
1191,Czech Liga (CZ),32702,55,Daniel Mareček,D. Mareček,2.8,0.0,0.0,1.65,0.6,2,1.0,2.05,0.0
1191,Czech Liga (CZ),32702,55,Daniel Mareček,D. Mareček,2.8,0.0,0.0,1.65,0.6,2,1.0,0.0,0.05
1191,Czech Liga (CZ),32702,55,Daniel Mareček,D. Mareček,2.8,0.0,0.0,1.65,0.6,2,1.0,0.0,0.0
1191,Czech Liga (CZ),32702,55,Daniel Mareček,D. Mareček,2.8,0.0,0.0,1.65,1.0,112,0.4,2.05,0.05
1191,Czech Liga (CZ),32702,55,Daniel Mareček,D. Mareček,2.8,0.0,0.0,1.65,1.0,112,0.4,2.05,0.0
1191,Czech Liga (CZ),32702,55,Daniel Mareček,D. Mareček,2.8,0.0,0.0,1.65,1.0,112,0.4,0.0,0.05
1191,Czech Liga (CZ),32702,55,Daniel Mareček,D. Mareček,2.8,0.0,0.0,1.65,1.0,112,0.4,0.0,0.0
1191,Czech Liga (CZ),32702,55,Daniel Mareček,D. Mareček,2.8,0.0,0.0,1.65,1.0,112,1.0,2.05,0.05
1191,Czech Liga (CZ),32702,55,Daniel Mareček,D. Mareček,2.8,0.0,0.0,1.65,1.0,112,1.0,2.05,0.0
1191,Czech Liga (CZ),32702,55,Daniel Mareček,D. Mareček,2.8,0.0,0.0,1.65,1.0,112,1.0,0.0,0.05
1191,Czech Liga (CZ),32702,55,Daniel Mareček,D. Mareček,2.8,0.0,0.0,1.65,1.0,112,1.0,0.0,0.0
1191,Czech Liga (CZ),32702,55,Daniel Mareček,D. Mareček,2.8,0.0,0.0,1.65,1.0,2,0.4,2.05,0.05
1191,Czech Liga (CZ),32702,55,Daniel Mareček,D. Mareček,2.8,0.0,0.0,1.65,1.0,2,0.4,2.05,0.0
1191,Czech Liga (CZ),32702,55,Daniel Mareček,D. Mareček,2.8,0.0,0.0,1.65,1.0,2,0.4,0.0,0.05
1191,Czech Liga (CZ),32702,55,Daniel Mareček,D. Mareček,2.8,0.0,0.0,1.65,1.0,2,0.4,0.0,0.0
1191,Czech Liga (CZ),32702,55,Daniel Mareček,D. Mareček,2.8,0.0,0.0,1.65,1.0,2,1.0,2.05,0.05
1191,Czech Liga (CZ),32702,55,Daniel Mareček,D. Mareček,2.8,0.0,0.0,1.65,1.0,2,1.0,2.05,0.0
1191,Czech Liga (CZ),32702,55,Daniel Mareček,D. Mareček,2.8,0.0,0.0,1.65,1.0,2,1.0,0.0,0.05
1191,Czech Liga (CZ),32702,55,Daniel Mareček,D. Mareček,2.8,0.0,0.0,1.65,1.0,2,1.0,0.0,0.0
1191,Czech Liga (CZ),32702,55,Daniel Mareček,D. Mareček,2.8,0.0,0.0,0.0,0.6,112,0.4,2.05,0.05
1191,Czech Liga (CZ),32702,55,Daniel Mareček,D. Mareček,2.8,0.0,0.0,0.0,0.6,112,0.4,2.05,0.0
1191,Czech Liga (CZ),32702,55,Daniel Mareček,D. Mareček,2.8,0.0,0.0,0.0,0.6,112,0.4,0.0,0.05
1191,Czech Liga (CZ),32702,55,Daniel Mareček,D. Mareček,2.8,0.0,0.0,0.0,0.6,112,0.4,0.0,0.0
1191,Czech Liga (CZ),32702,55,Daniel Mareček,D. Mareček,2.8,0.0,0.0,0.0,0.6,112,1.0,2.05,0.05
1191,Czech Liga (CZ),32702,55,Daniel Mareček,D. Mareček,2.8,0.0,0.0,0.0,0.6,112,1.0,2.05,0.0
1191,Czech Liga (CZ),32702,55,Daniel Mareček,D. Mareček,2.8,0.0,0.0,0.0,0.6,112,1.0,0.0,0.05
1191,Czech Liga (CZ),32702,55,Daniel Mareček,D. Mareček,2.8,0.0,0.0,0.0,0.6,112,1.0,0.0,0.0
1191,Czech Liga (CZ),32702,55,Daniel Mareček,D. Mareček,2.8,0.0,0.0,0.0,0.6,2,0.4,2.05,0.05
1191,Czech Liga (CZ),32702,55,Daniel Mareček,D. Mareček,2.8,0.0,0.0,0.0,0.6,2,0.4,2.05,0.0
1191,Czech Liga (CZ),32702,55,Daniel Mareček,D. Mareček,2.8,0.0,0.0,0.0,0.6,2,0.4,0.0,0.05
1191,Czech Liga (CZ),32702,55,Daniel Mareček,D. Mareček,2.8,0.0,0.0,0.0,0.6,2,0.4,0.0,0.0
1191,Czech Liga (CZ),32702,55,Daniel Mareček,D. Mareček,2.8,0.0,0.0,0.0,0.6,2,1.0,2.05,0.05
1191,Czech Liga (CZ),32702,55,Daniel Mareček,D. Mareček,2.8,0.0,0.0,0.0,0.6,2,1.0,2.05,0.0
1191,Czech Liga (CZ),32702,55,Daniel Mareček,D. Mareček,2.8,0.0,0.0,0.0,0.6,2,1.0,0.0,0.05
1191,Czech Liga (CZ),32702,55,Daniel Mareček,D. Mareček,2.8,0.0,0.0,0.0,0.6,2,1.0,0.0,0.0
1191,Czech Liga (CZ),32702,55,Daniel Mareček,D. Mareček,2.8,0.0,0.0,0.0,1.0,112,0.4,2.05,0.05
1191,Czech Liga (CZ),32702,55,Daniel Mareček,D. Mareček,2.8,0.0,0.0,0.0,1.0,112,0.4,2.05,0.0
1191,Czech Liga (CZ),32702,55,Daniel Mareček,D. Mareček,2.8,0.0,0.0,0.0,1.0,112,0.4,0.0,0.05
1191,Czech Liga (CZ),32702,55,Daniel Mareček,D. Mareček,2.8,0.0,0.0,0.0,1.0,112,0.4,0.0,0.0
1191,Czech Liga (CZ),32702,55,Daniel Mareček,D. Mareček,2.8,0.0,0.0,0.0,1.0,112,1.0,2.05,0.05
1191,Czech Liga (CZ),32702,55,Daniel Mareček,D. Mareček,2.8,0.0,0.0,0.0,1.0,112,1.0,2.05,0.0
1191,Czech Liga (CZ),32702,55,Daniel Mareček,D. Mareček,2.8,0.0,0.0,0.0,1.0,112,1.0,0.0,0.05
1191,Czech Liga (CZ),32702,55,Daniel Mareček,D. Mareček,2.8,0.0,0.0,0.0,1.0,112,1.0,0.0,0.0
1191,Czech Liga (CZ),32702,55,Daniel Mareček,D. Mareček,2.8,0.0,0.0,0.0,1.0,2,0.4,2.05,0.05
1191,Czech Liga (CZ),32702,55,Daniel Mareček,D. Mareček,2.8,0.0,0.0,0.0,1.0,2,0.4,2.05,0.0
1191,Czech Liga (CZ),32702,55,Daniel Mareček,D. Mareček,2.8,0.0,0.0,0.0,1.0,2,0.4,0.0,0.05
1191,Czech Liga (CZ),32702,55,Daniel Mareček,D. Mareček,2.8,0.0,0.0,0.0,1.0,2,0.4,0.0,0.0
1191,Czech Liga (CZ),32702,55,Daniel Mareček,D. Mareček,2.8,0.0,0.0,0.0,1.0,2,1.0,2.05,0.05
1191,Czech Liga (CZ),32702,55,Daniel Mareček,D. Mareček,2.8,0.0,0.0,0.0,1.0,2,1.0,2.05,0.0
1191,Czech Liga (CZ),32702,55,Daniel Mareček,D. Mareček,2.8,0.0,0.0,0.0,1.0,2,1.0,0.0,0.05
1191,Czech Liga (CZ),32702,55,Daniel Mareček,D. Mareček,2.8,0.0,0.0,0.0,1.0,2,1.0,0.0,0.0
1191,Czech Liga (CZ),32702,55,Daniel Mareček,D. Mareček,3.0,0.5,0.65,1.65,0.6,112,0.4,2.05,0.05
1191,Czech Liga (CZ),32702,55,Daniel Mareček,D. Mareček,3.0,0.5,0.65,1.65,0.6,112,0.4,2.05,0.0
1191,Czech Liga (CZ),32702,55,Daniel Mareček,D. Mareček,3.0,0.5,0.65,1.65,0.6,112,0.4,0.0,0.05
1191,Czech Liga (CZ),32702,55,Daniel Mareček,D. Mareček,3.0,0.5,0.65,1.65,0.6,112,0.4,0.0,0.0
1191,Czech Liga (CZ),32702,55,Daniel Mareček,D. Mareček,3.0,0.5,0.65,1.65,0.6,112,1.0,2.05,0.05
1191,Czech Liga (CZ),32702,55,Daniel Mareček,D. Mareček,3.0,0.5,0.65,1.65,0.6,112,1.0,2.05,0.0
1191,Czech Liga (CZ),32702,55,Daniel Mareček,D. Mareček,3.0,0.5,0.65,1.65,0.6,112,1.0,0.0,0.05
1191,Czech Liga (CZ),32702,55,Daniel Mareček,D. Mareček,3.0,0.5,0.65,1.65,0.6,112,1.0,0.0,0.0
1191,Czech Liga (CZ),32702,55,Daniel Mareček,D. Mareček,3.0,0.5,0.65,1.65,0.6,2,0.4,2.05,0.05
1191,Czech Liga (CZ),32702,55,Daniel Mareček,D. Mareček,3.0,0.5,0.65,1.65,0.6,2,0.4,2.05,0.0
1191,Czech Liga (CZ),32702,55,Daniel Mareček,D. Mareček,3.0,0.5,0.65,1.65,0.6,2,0.4,0.0,0.05
1191,Czech Liga (CZ),32702,55,Daniel Mareček,D. Mareček,3.0,0.5,0.65,1.65,0.6,2,0.4,0.0,0.0
1191,Czech Liga (CZ),32702,55,Daniel Mareček,D. Mareček,3.0,0.5,0.65,1.65,0.6,2,1.0,2.05,0.05
1191,Czech Liga (CZ),32702,55,Daniel Mareček,D. Mareček,3.0,0.5,0.65,1.65,0.6,2,1.0,2.05,0.0
1191,Czech Liga (CZ),32702,55,Daniel Mareček,D. Mareček,3.0,0.5,0.65,1.65,0.6,2,1.0,0.0,0.05
1191,Czech Liga (CZ),32702,55,Daniel Mareček,D. Mareček,3.0,0.5,0.65,1.65,0.6,2,1.0,0.0,0.0
1191,Czech Liga (CZ),32702,55,Daniel Mareček,D. Mareček,3.0,0.5,0.65,1.65,1.0,112,0.4,2.05,0.05
1191,Czech Liga (CZ),32702,55,Daniel Mareček,D. Mareček,3.0,0.5,0.65,1.65,1.0,112,0.4,2.05,0.0
1191,Czech Liga (CZ),32702,55,Daniel Mareček,D. Mareček,3.0,0.5,0.65,1.65,1.0,112,0.4,0.0,0.05
1191,Czech Liga (CZ),32702,55,Daniel Mareček,D. Mareček,3.0,0.5,0.65,1.65,1.0,112,0.4,0.0,0.0
1191,Czech Liga (CZ),32702,55,Daniel Mareček,D. Mareček,3.0,0.5,0.65,1.65,1.0,112,1.0,2.05,0.05
1191,Czech Liga (CZ),32702,55,Daniel Mareček,D. Mareček,3.0,0.5,0.65,1.65,1.0,112,1.0,2.05,0.0
1191,Czech Liga (CZ),32702,55,Daniel Mareček,D. Mareček,3.0,0.5,0.65,1.65,1.0,112,1.0,0.0,0.05
1191,Czech Liga (CZ),32702,55,Daniel Mareček,D. Mareček,3.0,0.5,0.65,1.65,1.0,112,1.0,0.0,0.0
1191,Czech Liga (CZ),32702,55,Daniel Mareček,D. Mareček,3.0,0.5,0.65,1.65,1.0,2,0.4,2.05,0.05
1191,Czech Liga (CZ),32702,55,Daniel Mareček,D. Mareček,3.0,0.5,0.65,1.65,1.0,2,0.4,2.05,0.0
1191,Czech Liga (CZ),32702,55,Daniel Mareček,D. Mareček,3.0,0.5,0.65,1.65,1.0,2,0.4,0.0,0.05
1191,Czech Liga (CZ),32702,55,Daniel Mareček,D. Mareček,3.0,0.5,0.65,1.65,1.0,2,0.4,0.0,0.0
1191,Czech Liga (CZ),32702,55,Daniel Mareček,D. Mareček,3.0,0.5,0.65,1.65,1.0,2,1.0,2.05,0.05
1191,Czech Liga (CZ),32702,55,Daniel Mareček,D. Mareček,3.0,0.5,0.65,1.65,1.0,2,1.0,2.05,0.0
1191,Czech Liga (CZ),32702,55,Daniel Mareček,D. Mareček,3.0,0.5,0.65,1.65,1.0,2,1.0,0.0,0.05
1191,Czech Liga (CZ),32702,55,Daniel Mareček,D. Mareček,3.0,0.5,0.65,1.65,1.0,2,1.0,0.0,0.0
1191,Czech Liga (CZ),32702,55,Daniel Mareček,D. Mareček,3.0,0.5,0.65,0.0,0.6,112,0.4,2.05,0.05
1191,Czech Liga (CZ),32702,55,Daniel Mareček,D. Mareček,3.0,0.5,0.65,0.0,0.6,112,0.4,2.05,0.0
1191,Czech Liga (CZ),32702,55,Daniel Mareček,D. Mareček,3.0,0.5,0.65,0.0,0.6,112,0.4,0.0,0.05
1191,Czech Liga (CZ),32702,55,Daniel Mareček,D. Mareček,3.0,0.5,0.65,0.0,0.6,112,0.4,0.0,0.0
1191,Czech Liga (CZ),32702,55,Daniel Mareček,D. Mareček,3.0,0.5,0.65,0.0,0.6,112,1.0,2.05,0.05
1191,Czech Liga (CZ),32702,55,Daniel Mareček,D. Mareček,3.0,0.5,0.65,0.0,0.6,112,1.0,2.05,0.0
1191,Czech Liga (CZ),32702,55,Daniel Mareček,D. Mareček,3.0,0.5,0.65,0.0,0.6,112,1.0,0.0,0.05
1191,Czech Liga (CZ),32702,55,Daniel Mareček,D. Mareček,3.0,0.5,0.65,0.0,0.6,112,1.0,0.0,0.0
1191,Czech Liga (CZ),32702,55,Daniel Mareček,D. Mareček,3.0,0.5,0.65,0.0,0.6,2,0.4,2.05,0.05
1191,Czech Liga (CZ),32702,55,Daniel Mareček,D. Mareček,3.0,0.5,0.65,0.0,0.6,2,0.4,2.05,0.0
1191,Czech Liga (CZ),32702,55,Daniel Mareček,D. Mareček,3.0,0.5,0.65,0.0,0.6,2,0.4,0.0,0.05
1191,Czech Liga (CZ),32702,55,Daniel Mareček,D. Mareček,3.0,0.5,0.65,0.0,0.6,2,0.4,0.0,0.0
1191,Czech Liga (CZ),32702,55,Daniel Mareček,D. Mareček,3.0,0.5,0.65,0.0,0.6,2,1.0,2.05,0.05
1191,Czech Liga (CZ),32702,55,Daniel Mareček,D. Mareček,3.0,0.5,0.65,0.0,0.6,2,1.0,2.05,0.0
1191,Czech Liga (CZ),32702,55,Daniel Mareček,D. Mareček,3.0,0.5,0.65,0.0,0.6,2,1.0,0.0,0.05
1191,Czech Liga (CZ),32702,55,Daniel Mareček,D. Mareček,3.0,0.5,0.65,0.0,0.6,2,1.0,0.0,0.0
1191,Czech Liga (CZ),32702,55,Daniel Mareček,D. Mareček,3.0,0.5,0.65,0.0,1.0,112,0.4,2.05,0.05
1191,Czech Liga (CZ),32702,55,Daniel Mareček,D. Mareček,3.0,0.5,0.65,0.0,1.0,112,0.4,2.05,0.0
1191,Czech Liga (CZ),32702,55,Daniel Mareček,D. Mareček,3.0,0.5,0.65,0.0,1.0,112,0.4,0.0,0.05
1191,Czech Liga (CZ),32702,55,Daniel Mareček,D. Mareček,3.0,0.5,0.65,0.0,1.0,112,0.4,0.0,0.0
1191,Czech Liga (CZ),32702,55,Daniel Mareček,D. Mareček,3.0,0.5,0.65,0.0,1.0,112,1.0,2.05,0.05
1191,Czech Liga (CZ),32702,55,Daniel Mareček,D. Mareček,3.0,0.5,0.65,0.0,1.0,112,1.0,2.05,0.0
1191,Czech Liga (CZ),32702,55,Daniel Mareček,D. Mareček,3.0,0.5,0.65,0.0,1.0,112,1.0,0.0,0.05
1191,Czech Liga (CZ),32702,55,Daniel Mareček,D. Mareček,3.0,0.5,0.65,0.0,1.0,112,1.0,0.0,0.0
1191,Czech Liga (CZ),32702,55,Daniel Mareček,D. Mareček,3.0,0.5,0.65,0.0,1.0,2,0.4,2.05,0.05
1191,Czech Liga (CZ),32702,55,Daniel Mareček,D. Mareček,3.0,0.5,0.65,0.0,1.0,2,0.4,2.05,0.0
1191,Czech Liga (CZ),32702,55,Daniel Mareček,D. Mareček,3.0,0.5,0.65,0.0,1.0,2,0.4,0.0,0.05
1191,Czech Liga (CZ),32702,55,Daniel Mareček,D. Mareček,3.0,0.5,0.65,0.0,1.0,2,0.4,0.0,0.0
1191,Czech Liga (CZ),32702,55,Daniel Mareček,D. Mareček,3.0,0.5,0.65,0.0,1.0,2,1.0,2.05,0.05
1191,Czech Liga (CZ),32702,55,Daniel Mareček,D. Mareček,3.0,0.5,0.65,0.0,1.0,2,1.0,2.05,0.0
1191,Czech Liga (CZ),32702,55,Daniel Mareček,D. Mareček,3.0,0.5,0.65,0.0,1.0,2,1.0,0.0,0.05
1191,Czech Liga (CZ),32702,55,Daniel Mareček,D. Mareček,3.0,0.5,0.65,0.0,1.0,2,1.0,0.0,0.0
1191,Czech Liga (CZ),32702,55,Daniel Mareček,D. Mareček,3.0,0.5,0.0,1.65,0.6,112,0.4,2.05,0.05
1191,Czech Liga (CZ),32702,55,Daniel Mareček,D. Mareček,3.0,0.5,0.0,1.65,0.6,112,0.4,2.05,0.0
1191,Czech Liga (CZ),32702,55,Daniel Mareček,D. Mareček,3.0,0.5,0.0,1.65,0.6,112,0.4,0.0,0.05
1191,Czech Liga (CZ),32702,55,Daniel Mareček,D. Mareček,3.0,0.5,0.0,1.65,0.6,112,0.4,0.0,0.0
1191,Czech Liga (CZ),32702,55,Daniel Mareček,D. Mareček,3.0,0.5,0.0,1.65,0.6,112,1.0,2.05,0.05
1191,Czech Liga (CZ),32702,55,Daniel Mareček,D. Mareček,3.0,0.5,0.0,1.65,0.6,112,1.0,2.05,0.0
1191,Czech Liga (CZ),32702,55,Daniel Mareček,D. Mareček,3.0,0.5,0.0,1.65,0.6,112,1.0,0.0,0.05
1191,Czech Liga (CZ),32702,55,Daniel Mareček,D. Mareček,3.0,0.5,0.0,1.65,0.6,112,1.0,0.0,0.0
1191,Czech Liga (CZ),32702,55,Daniel Mareček,D. Mareček,3.0,0.5,0.0,1.65,0.6,2,0.4,2.05,0.05
1191,Czech Liga (CZ),32702,55,Daniel Mareček,D. Mareček,3.0,0.5,0.0,1.65,0.6,2,0.4,2.05,0.0
1191,Czech Liga (CZ),32702,55,Daniel Mareček,D. Mareček,3.0,0.5,0.0,1.65,0.6,2,0.4,0.0,0.05
1191,Czech Liga (CZ),32702,55,Daniel Mareček,D. Mareček,3.0,0.5,0.0,1.65,0.6,2,0.4,0.0,0.0
1191,Czech Liga (CZ),32702,55,Daniel Mareček,D. Mareček,3.0,0.5,0.0,1.65,0.6,2,1.0,2.05,0.05
1191,Czech Liga (CZ),32702,55,Daniel Mareček,D. Mareček,3.0,0.5,0.0,1.65,0.6,2,1.0,2.05,0.0
1191,Czech Liga (CZ),32702,55,Daniel Mareček,D. Mareček,3.0,0.5,0.0,1.65,0.6,2,1.0,0.0,0.05
1191,Czech Liga (CZ),32702,55,Daniel Mareček,D. Mareček,3.0,0.5,0.0,1.65,0.6,2,1.0,0.0,0.0
1191,Czech Liga (CZ),32702,55,Daniel Mareček,D. Mareček,3.0,0.5,0.0,1.65,1.0,112,0.4,2.05,0.05
1191,Czech Liga (CZ),32702,55,Daniel Mareček,D. Mareček,3.0,0.5,0.0,1.65,1.0,112,0.4,2.05,0.0
1191,Czech Liga (CZ),32702,55,Daniel Mareček,D. Mareček,3.0,0.5,0.0,1.65,1.0,112,0.4,0.0,0.05
1191,Czech Liga (CZ),32702,55,Daniel Mareček,D. Mareček,3.0,0.5,0.0,1.65,1.0,112,0.4,0.0,0.0
1191,Czech Liga (CZ),32702,55,Daniel Mareček,D. Mareček,3.0,0.5,0.0,1.65,1.0,112,1.0,2.05,0.05
1191,Czech Liga (CZ),32702,55,Daniel Mareček,D. Mareček,3.0,0.5,0.0,1.65,1.0,112,1.0,2.05,0.0
1191,Czech Liga (CZ),32702,55,Daniel Mareček,D. Mareček,3.0,0.5,0.0,1.65,1.0,112,1.0,0.0,0.05
1191,Czech Liga (CZ),32702,55,Daniel Mareček,D. Mareček,3.0,0.5,0.0,1.65,1.0,112,1.0,0.0,0.0
1191,Czech Liga (CZ),32702,55,Daniel Mareček,D. Mareček,3.0,0.5,0.0,1.65,1.0,2,0.4,2.05,0.05
1191,Czech Liga (CZ),32702,55,Daniel Mareček,D. Mareček,3.0,0.5,0.0,1.65,1.0,2,0.4,2.05,0.0
1191,Czech Liga (CZ),32702,55,Daniel Mareček,D. Mareček,3.0,0.5,0.0,1.65,1.0,2,0.4,0.0,0.05
1191,Czech Liga (CZ),32702,55,Daniel Mareček,D. Mareček,3.0,0.5,0.0,1.65,1.0,2,0.4,0.0,0.0
1191,Czech Liga (CZ),32702,55,Daniel Mareček,D. Mareček,3.0,0.5,0.0,1.65,1.0,2,1.0,2.05,0.05
1191,Czech Liga (CZ),32702,55,Daniel Mareček,D. Mareček,3.0,0.5,0.0,1.65,1.0,2,1.0,2.05,0.0
1191,Czech Liga (CZ),32702,55,Daniel Mareček,D. Mareček,3.0,0.5,0.0,1.65,1.0,2,1.0,0.0,0.05
1191,Czech Liga (CZ),32702,55,Daniel Mareček,D. Mareček,3.0,0.5,0.0,1.65,1.0,2,1.0,0.0,0.0
1191,Czech Liga (CZ),32702,55,Daniel Mareček,D. Mareček,3.0,0.5,0.0,0.0,0.6,112,0.4,2.05,0.05
1191,Czech Liga (CZ),32702,55,Daniel Mareček,D. Mareček,3.0,0.5,0.0,0.0,0.6,112,0.4,2.05,0.0
1191,Czech Liga (CZ),32702,55,Daniel Mareček,D. Mareček,3.0,0.5,0.0,0.0,0.6,112,0.4,0.0,0.05
1191,Czech Liga (CZ),32702,55,Daniel Mareček,D. Mareček,3.0,0.5,0.0,0.0,0.6,112,0.4,0.0,0.0
1191,Czech Liga (CZ),32702,55,Daniel Mareček,D. Mareček,3.0,0.5,0.0,0.0,0.6,112,1.0,2.05,0.05
1191,Czech Liga (CZ),32702,55,Daniel Mareček,D. Mareček,3.0,0.5,0.0,0.0,0.6,112,1.0,2.05,0.0
1191,Czech Liga (CZ),32702,55,Daniel Mareček,D. Mareček,3.0,0.5,0.0,0.0,0.6,112,1.0,0.0,0.05
1191,Czech Liga (CZ),32702,55,Daniel Mareček,D. Mareček,3.0,0.5,0.0,0.0,0.6,112,1.0,0.0,0.0
1191,Czech Liga (CZ),32702,55,Daniel Mareček,D. Mareček,3.0,0.5,0.0,0.0,0.6,2,0.4,2.05,0.05
1191,Czech Liga (CZ),32702,55,Daniel Mareček,D. Mareček,3.0,0.5,0.0,0.0,0.6,2,0.4,2.05,0.0
1191,Czech Liga (CZ),32702,55,Daniel Mareček,D. Mareček,3.0,0.5,0.0,0.0,0.6,2,0.4,0.0,0.05
1191,Czech Liga (CZ),32702,55,Daniel Mareček,D. Mareček,3.0,0.5,0.0,0.0,0.6,2,0.4,0.0,0.0
1191,Czech Liga (CZ),32702,55,Daniel Mareček,D. Mareček,3.0,0.5,0.0,0.0,0.6,2,1.0,2.05,0.05
1191,Czech Liga (CZ),32702,55,Daniel Mareček,D. Mareček,3.0,0.5,0.0,0.0,0.6,2,1.0,2.05,0.0
1191,Czech Liga (CZ),32702,55,Daniel Mareček,D. Mareček,3.0,0.5,0.0,0.0,0.6,2,1.0,0.0,0.05
1191,Czech Liga (CZ),32702,55,Daniel Mareček,D. Mareček,3.0,0.5,0.0,0.0,0.6,2,1.0,0.0,0.0
1191,Czech Liga (CZ),32702,55,Daniel Mareček,D. Mareček,3.0,0.5,0.0,0.0,1.0,112,0.4,2.05,0.05
1191,Czech Liga (CZ),32702,55,Daniel Mareček,D. Mareček,3.0,0.5,0.0,0.0,1.0,112,0.4,2.05,0.0
1191,Czech Liga (CZ),32702,55,Daniel Mareček,D. Mareček,3.0,0.5,0.0,0.0,1.0,112,0.4,0.0,0.05
1191,Czech Liga (CZ),32702,55,Daniel Mareček,D. Mareček,3.0,0.5,0.0,0.0,1.0,112,0.4,0.0,0.0
1191,Czech Liga (CZ),32702,55,Daniel Mareček,D. Mareček,3.0,0.5,0.0,0.0,1.0,112,1.0,2.05,0.05
1191,Czech Liga (CZ),32702,55,Daniel Mareček,D. Mareček,3.0,0.5,0.0,0.0,1.0,112,1.0,2.05,0.0
1191,Czech Liga (CZ),32702,55,Daniel Mareček,D. Mareček,3.0,0.5,0.0,0.0,1.0,112,1.0,0.0,0.05
1191,Czech Liga (CZ),32702,55,Daniel Mareček,D. Mareček,3.0,0.5,0.0,0.0,1.0,112,1.0,0.0,0.0
1191,Czech Liga (CZ),32702,55,Daniel Mareček,D. Mareček,3.0,0.5,0.0,0.0,1.0,2,0.4,2.05,0.05
1191,Czech Liga (CZ),32702,55,Daniel Mareček,D. Mareček,3.0,0.5,0.0,0.0,1.0,2,0.4,2.05,0.0
1191,Czech Liga (CZ),32702,55,Daniel Mareček,D. Mareček,3.0,0.5,0.0,0.0,1.0,2,0.4,0.0,0.05
1191,Czech Liga (CZ),32702,55,Daniel Mareček,D. Mareček,3.0,0.5,0.0,0.0,1.0,2,0.4,0.0,0.0
1191,Czech Liga (CZ),32702,55,Daniel Mareček,D. Mareček,3.0,0.5,0.0,0.0,1.0,2,1.0,2.05,0.05
1191,Czech Liga (CZ),32702,55,Daniel Mareček,D. Mareček,3.0,0.5,0.0,0.0,1.0,2,1.0,2.05,0.0
1191,Czech Liga (CZ),32702,55,Daniel Mareček,D. Mareček,3.0,0.5,0.0,0.0,1.0,2,1.0,0.0,0.05
1191,Czech Liga (CZ),32702,55,Daniel Mareček,D. Mareček,3.0,0.5,0.0,0.0,1.0,2,1.0,0.0,0.0
1191,Czech Liga (CZ),32702,55,Daniel Mareček,D. Mareček,3.0,0.0,0.65,1.65,0.6,112,0.4,2.05,0.05
1191,Czech Liga (CZ),32702,55,Daniel Mareček,D. Mareček,3.0,0.0,0.65,1.65,0.6,112,0.4,2.05,0.0
1191,Czech Liga (CZ),32702,55,Daniel Mareček,D. Mareček,3.0,0.0,0.65,1.65,0.6,112,0.4,0.0,0.05
1191,Czech Liga (CZ),32702,55,Daniel Mareček,D. Mareček,3.0,0.0,0.65,1.65,0.6,112,0.4,0.0,0.0
1191,Czech Liga (CZ),32702,55,Daniel Mareček,D. Mareček,3.0,0.0,0.65,1.65,0.6,112,1.0,2.05,0.05
1191,Czech Liga (CZ),32702,55,Daniel Mareček,D. Mareček,3.0,0.0,0.65,1.65,0.6,112,1.0,2.05,0.0
1191,Czech Liga (CZ),32702,55,Daniel Mareček,D. Mareček,3.0,0.0,0.65,1.65,0.6,112,1.0,0.0,0.05
1191,Czech Liga (CZ),32702,55,Daniel Mareček,D. Mareček,3.0,0.0,0.65,1.65,0.6,112,1.0,0.0,0.0
1191,Czech Liga (CZ),32702,55,Daniel Mareček,D. Mareček,3.0,0.0,0.65,1.65,0.6,2,0.4,2.05,0.05
1191,Czech Liga (CZ),32702,55,Daniel Mareček,D. Mareček,3.0,0.0,0.65,1.65,0.6,2,0.4,2.05,0.0
1191,Czech Liga (CZ),32702,55,Daniel Mareček,D. Mareček,3.0,0.0,0.65,1.65,0.6,2,0.4,0.0,0.05
1191,Czech Liga (CZ),32702,55,Daniel Mareček,D. Mareček,3.0,0.0,0.65,1.65,0.6,2,0.4,0.0,0.0
1191,Czech Liga (CZ),32702,55,Daniel Mareček,D. Mareček,3.0,0.0,0.65,1.65,0.6,2,1.0,2.05,0.05
1191,Czech Liga (CZ),32702,55,Daniel Mareček,D. Mareček,3.0,0.0,0.65,1.65,0.6,2,1.0,2.05,0.0
1191,Czech Liga (CZ),32702,55,Daniel Mareček,D. Mareček,3.0,0.0,0.65,1.65,0.6,2,1.0,0.0,0.05
1191,Czech Liga (CZ),32702,55,Daniel Mareček,D. Mareček,3.0,0.0,0.65,1.65,0.6,2,1.0,0.0,0.0
1191,Czech Liga (CZ),32702,55,Daniel Mareček,D. Mareček,3.0,0.0,0.65,1.65,1.0,112,0.4,2.05,0.05
1191,Czech Liga (CZ),32702,55,Daniel Mareček,D. Mareček,3.0,0.0,0.65,1.65,1.0,112,0.4,2.05,0.0
1191,Czech Liga (CZ),32702,55,Daniel Mareček,D. Mareček,3.0,0.0,0.65,1.65,1.0,112,0.4,0.0,0.05
1191,Czech Liga (CZ),32702,55,Daniel Mareček,D. Mareček,3.0,0.0,0.65,1.65,1.0,112,0.4,0.0,0.0
1191,Czech Liga (CZ),32702,55,Daniel Mareček,D. Mareček,3.0,0.0,0.65,1.65,1.0,112,1.0,2.05,0.05
1191,Czech Liga (CZ),32702,55,Daniel Mareček,D. Mareček,3.0,0.0,0.65,1.65,1.0,112,1.0,2.05,0.0
1191,Czech Liga (CZ),32702,55,Daniel Mareček,D. Mareček,3.0,0.0,0.65,1.65,1.0,112,1.0,0.0,0.05
1191,Czech Liga (CZ),32702,55,Daniel Mareček,D. Mareček,3.0,0.0,0.65,1.65,1.0,112,1.0,0.0,0.0
1191,Czech Liga (CZ),32702,55,Daniel Mareček,D. Mareček,3.0,0.0,0.65,1.65,1.0,2,0.4,2.05,0.05
1191,Czech Liga (CZ),32702,55,Daniel Mareček,D. Mareček,3.0,0.0,0.65,1.65,1.0,2,0.4,2.05,0.0
1191,Czech Liga (CZ),32702,55,Daniel Mareček,D. Mareček,3.0,0.0,0.65,1.65,1.0,2,0.4,0.0,0.05
1191,Czech Liga (CZ),32702,55,Daniel Mareček,D. Mareček,3.0,0.0,0.65,1.65,1.0,2,0.4,0.0,0.0
1191,Czech Liga (CZ),32702,55,Daniel Mareček,D. Mareček,3.0,0.0,0.65,1.65,1.0,2,1.0,2.05,0.05
1191,Czech Liga (CZ),32702,55,Daniel Mareček,D. Mareček,3.0,0.0,0.65,1.65,1.0,2,1.0,2.05,0.0
1191,Czech Liga (CZ),32702,55,Daniel Mareček,D. Mareček,3.0,0.0,0.65,1.65,1.0,2,1.0,0.0,0.05
1191,Czech Liga (CZ),32702,55,Daniel Mareček,D. Mareček,3.0,0.0,0.65,1.65,1.0,2,1.0,0.0,0.0
1191,Czech Liga (CZ),32702,55,Daniel Mareček,D. Mareček,3.0,0.0,0.65,0.0,0.6,112,0.4,2.05,0.05
1191,Czech Liga (CZ),32702,55,Daniel Mareček,D. Mareček,3.0,0.0,0.65,0.0,0.6,112,0.4,2.05,0.0
1191,Czech Liga (CZ),32702,55,Daniel Mareček,D. Mareček,3.0,0.0,0.65,0.0,0.6,112,0.4,0.0,0.05
1191,Czech Liga (CZ),32702,55,Daniel Mareček,D. Mareček,3.0,0.0,0.65,0.0,0.6,112,0.4,0.0,0.0
1191,Czech Liga (CZ),32702,55,Daniel Mareček,D. Mareček,3.0,0.0,0.65,0.0,0.6,112,1.0,2.05,0.05
1191,Czech Liga (CZ),32702,55,Daniel Mareček,D. Mareček,3.0,0.0,0.65,0.0,0.6,112,1.0,2.05,0.0
1191,Czech Liga (CZ),32702,55,Daniel Mareček,D. Mareček,3.0,0.0,0.65,0.0,0.6,112,1.0,0.0,0.05
1191,Czech Liga (CZ),32702,55,Daniel Mareček,D. Mareček,3.0,0.0,0.65,0.0,0.6,112,1.0,0.0,0.0
1191,Czech Liga (CZ),32702,55,Daniel Mareček,D. Mareček,3.0,0.0,0.65,0.0,0.6,2,0.4,2.05,0.05
1191,Czech Liga (CZ),32702,55,Daniel Mareček,D. Mareček,3.0,0.0,0.65,0.0,0.6,2,0.4,2.05,0.0
1191,Czech Liga (CZ),32702,55,Daniel Mareček,D. Mareček,3.0,0.0,0.65,0.0,0.6,2,0.4,0.0,0.05
1191,Czech Liga (CZ),32702,55,Daniel Mareček,D. Mareček,3.0,0.0,0.65,0.0,0.6,2,0.4,0.0,0.0
1191,Czech Liga (CZ),32702,55,Daniel Mareček,D. Mareček,3.0,0.0,0.65,0.0,0.6,2,1.0,2.05,0.05
1191,Czech Liga (CZ),32702,55,Daniel Mareček,D. Mareček,3.0,0.0,0.65,0.0,0.6,2,1.0,2.05,0.0
1191,Czech Liga (CZ),32702,55,Daniel Mareček,D. Mareček,3.0,0.0,0.65,0.0,0.6,2,1.0,0.0,0.05
1191,Czech Liga (CZ),32702,55,Daniel Mareček,D. Mareček,3.0,0.0,0.65,0.0,0.6,2,1.0,0.0,0.0
1191,Czech Liga (CZ),32702,55,Daniel Mareček,D. Mareček,3.0,0.0,0.65,0.0,1.0,112,0.4,2.05,0.05
1191,Czech Liga (CZ),32702,55,Daniel Mareček,D. Mareček,3.0,0.0,0.65,0.0,1.0,112,0.4,2.05,0.0
1191,Czech Liga (CZ),32702,55,Daniel Mareček,D. Mareček,3.0,0.0,0.65,0.0,1.0,112,0.4,0.0,0.05
1191,Czech Liga (CZ),32702,55,Daniel Mareček,D. Mareček,3.0,0.0,0.65,0.0,1.0,112,0.4,0.0,0.0
1191,Czech Liga (CZ),32702,55,Daniel Mareček,D. Mareček,3.0,0.0,0.65,0.0,1.0,112,1.0,2.05,0.05
1191,Czech Liga (CZ),32702,55,Daniel Mareček,D. Mareček,3.0,0.0,0.65,0.0,1.0,112,1.0,2.05,0.0
1191,Czech Liga (CZ),32702,55,Daniel Mareček,D. Mareček,3.0,0.0,0.65,0.0,1.0,112,1.0,0.0,0.05
1191,Czech Liga (CZ),32702,55,Daniel Mareček,D. Mareček,3.0,0.0,0.65,0.0,1.0,112,1.0,0.0,0.0
1191,Czech Liga (CZ),32702,55,Daniel Mareček,D. Mareček,3.0,0.0,0.65,0.0,1.0,2,0.4,2.05,0.05
1191,Czech Liga (CZ),32702,55,Daniel Mareček,D. Mareček,3.0,0.0,0.65,0.0,1.0,2,0.4,2.05,0.0
1191,Czech Liga (CZ),32702,55,Daniel Mareček,D. Mareček,3.0,0.0,0.65,0.0,1.0,2,0.4,0.0,0.05
1191,Czech Liga (CZ),32702,55,Daniel Mareček,D. Mareček,3.0,0.0,0.65,0.0,1.0,2,0.4,0.0,0.0
1191,Czech Liga (CZ),32702,55,Daniel Mareček,D. Mareček,3.0,0.0,0.65,0.0,1.0,2,1.0,2.05,0.05
1191,Czech Liga (CZ),32702,55,Daniel Mareček,D. Mareček,3.0,0.0,0.65,0.0,1.0,2,1.0,2.05,0.0
1191,Czech Liga (CZ),32702,55,Daniel Mareček,D. Mareček,3.0,0.0,0.65,0.0,1.0,2,1.0,0.0,0.05
1191,Czech Liga (CZ),32702,55,Daniel Mareček,D. Mareček,3.0,0.0,0.65,0.0,1.0,2,1.0,0.0,0.0
1191,Czech Liga (CZ),32702,55,Daniel Mareček,D. Mareček,3.0,0.0,0.0,1.65,0.6,112,0.4,2.05,0.05
1191,Czech Liga (CZ),32702,55,Daniel Mareček,D. Mareček,3.0,0.0,0.0,1.65,0.6,112,0.4,2.05,0.0
1191,Czech Liga (CZ),32702,55,Daniel Mareček,D. Mareček,3.0,0.0,0.0,1.65,0.6,112,0.4,0.0,0.05
1191,Czech Liga (CZ),32702,55,Daniel Mareček,D. Mareček,3.0,0.0,0.0,1.65,0.6,112,0.4,0.0,0.0
1191,Czech Liga (CZ),32702,55,Daniel Mareček,D. Mareček,3.0,0.0,0.0,1.65,0.6,112,1.0,2.05,0.05
1191,Czech Liga (CZ),32702,55,Daniel Mareček,D. Mareček,3.0,0.0,0.0,1.65,0.6,112,1.0,2.05,0.0
1191,Czech Liga (CZ),32702,55,Daniel Mareček,D. Mareček,3.0,0.0,0.0,1.65,0.6,112,1.0,0.0,0.05
1191,Czech Liga (CZ),32702,55,Daniel Mareček,D. Mareček,3.0,0.0,0.0,1.65,0.6,112,1.0,0.0,0.0
1191,Czech Liga (CZ),32702,55,Daniel Mareček,D. Mareček,3.0,0.0,0.0,1.65,0.6,2,0.4,2.05,0.05
1191,Czech Liga (CZ),32702,55,Daniel Mareček,D. Mareček,3.0,0.0,0.0,1.65,0.6,2,0.4,2.05,0.0
1191,Czech Liga (CZ),32702,55,Daniel Mareček,D. Mareček,3.0,0.0,0.0,1.65,0.6,2,0.4,0.0,0.05
1191,Czech Liga (CZ),32702,55,Daniel Mareček,D. Mareček,3.0,0.0,0.0,1.65,0.6,2,0.4,0.0,0.0
1191,Czech Liga (CZ),32702,55,Daniel Mareček,D. Mareček,3.0,0.0,0.0,1.65,0.6,2,1.0,2.05,0.05
1191,Czech Liga (CZ),32702,55,Daniel Mareček,D. Mareček,3.0,0.0,0.0,1.65,0.6,2,1.0,2.05,0.0
1191,Czech Liga (CZ),32702,55,Daniel Mareček,D. Mareček,3.0,0.0,0.0,1.65,0.6,2,1.0,0.0,0.05
1191,Czech Liga (CZ),32702,55,Daniel Mareček,D. Mareček,3.0,0.0,0.0,1.65,0.6,2,1.0,0.0,0.0
1191,Czech Liga (CZ),32702,55,Daniel Mareček,D. Mareček,3.0,0.0,0.0,1.65,1.0,112,0.4,2.05,0.05
1191,Czech Liga (CZ),32702,55,Daniel Mareček,D. Mareček,3.0,0.0,0.0,1.65,1.0,112,0.4,2.05,0.0
1191,Czech Liga (CZ),32702,55,Daniel Mareček,D. Mareček,3.0,0.0,0.0,1.65,1.0,112,0.4,0.0,0.05
1191,Czech Liga (CZ),32702,55,Daniel Mareček,D. Mareček,3.0,0.0,0.0,1.65,1.0,112,0.4,0.0,0.0
1191,Czech Liga (CZ),32702,55,Daniel Mareček,D. Mareček,3.0,0.0,0.0,1.65,1.0,112,1.0,2.05,0.05
1191,Czech Liga (CZ),32702,55,Daniel Mareček,D. Mareček,3.0,0.0,0.0,1.65,1.0,112,1.0,2.05,0.0
1191,Czech Liga (CZ),32702,55,Daniel Mareček,D. Mareček,3.0,0.0,0.0,1.65,1.0,112,1.0,0.0,0.05
1191,Czech Liga (CZ),32702,55,Daniel Mareček,D. Mareček,3.0,0.0,0.0,1.65,1.0,112,1.0,0.0,0.0
1191,Czech Liga (CZ),32702,55,Daniel Mareček,D. Mareček,3.0,0.0,0.0,1.65,1.0,2,0.4,2.05,0.05
1191,Czech Liga (CZ),32702,55,Daniel Mareček,D. Mareček,3.0,0.0,0.0,1.65,1.0,2,0.4,2.05,0.0
1191,Czech Liga (CZ),32702,55,Daniel Mareček,D. Mareček,3.0,0.0,0.0,1.65,1.0,2,0.4,0.0,0.05
1191,Czech Liga (CZ),32702,55,Daniel Mareček,D. Mareček,3.0,0.0,0.0,1.65,1.0,2,0.4,0.0,0.0
1191,Czech Liga (CZ),32702,55,Daniel Mareček,D. Mareček,3.0,0.0,0.0,1.65,1.0,2,1.0,2.05,0.05
1191,Czech Liga (CZ),32702,55,Daniel Mareček,D. Mareček,3.0,0.0,0.0,1.65,1.0,2,1.0,2.05,0.0
1191,Czech Liga (CZ),32702,55,Daniel Mareček,D. Mareček,3.0,0.0,0.0,1.65,1.0,2,1.0,0.0,0.05
1191,Czech Liga (CZ),32702,55,Daniel Mareček,D. Mareček,3.0,0.0,0.0,1.65,1.0,2,1.0,0.0,0.0
1191,Czech Liga (CZ),32702,55,Daniel Mareček,D. Mareček,3.0,0.0,0.0,0.0,0.6,112,0.4,2.05,0.05
1191,Czech Liga (CZ),32702,55,Daniel Mareček,D. Mareček,3.0,0.0,0.0,0.0,0.6,112,0.4,2.05,0.0
1191,Czech Liga (CZ),32702,55,Daniel Mareček,D. Mareček,3.0,0.0,0.0,0.0,0.6,112,0.4,0.0,0.05
1191,Czech Liga (CZ),32702,55,Daniel Mareček,D. Mareček,3.0,0.0,0.0,0.0,0.6,112,0.4,0.0,0.0
1191,Czech Liga (CZ),32702,55,Daniel Mareček,D. Mareček,3.0,0.0,0.0,0.0,0.6,112,1.0,2.05,0.05
1191,Czech Liga (CZ),32702,55,Daniel Mareček,D. Mareček,3.0,0.0,0.0,0.0,0.6,112,1.0,2.05,0.0
1191,Czech Liga (CZ),32702,55,Daniel Mareček,D. Mareček,3.0,0.0,0.0,0.0,0.6,112,1.0,0.0,0.05
1191,Czech Liga (CZ),32702,55,Daniel Mareček,D. Mareček,3.0,0.0,0.0,0.0,0.6,112,1.0,0.0,0.0
1191,Czech Liga (CZ),32702,55,Daniel Mareček,D. Mareček,3.0,0.0,0.0,0.0,0.6,2,0.4,2.05,0.05
1191,Czech Liga (CZ),32702,55,Daniel Mareček,D. Mareček,3.0,0.0,0.0,0.0,0.6,2,0.4,2.05,0.0
1191,Czech Liga (CZ),32702,55,Daniel Mareček,D. Mareček,3.0,0.0,0.0,0.0,0.6,2,0.4,0.0,0.05
1191,Czech Liga (CZ),32702,55,Daniel Mareček,D. Mareček,3.0,0.0,0.0,0.0,0.6,2,0.4,0.0,0.0
1191,Czech Liga (CZ),32702,55,Daniel Mareček,D. Mareček,3.0,0.0,0.0,0.0,0.6,2,1.0,2.05,0.05
1191,Czech Liga (CZ),32702,55,Daniel Mareček,D. Mareček,3.0,0.0,0.0,0.0,0.6,2,1.0,2.05,0.0
1191,Czech Liga (CZ),32702,55,Daniel Mareček,D. Mareček,3.0,0.0,0.0,0.0,0.6,2,1.0,0.0,0.05
1191,Czech Liga (CZ),32702,55,Daniel Mareček,D. Mareček,3.0,0.0,0.0,0.0,0.6,2,1.0,0.0,0.0
1191,Czech Liga (CZ),32702,55,Daniel Mareček,D. Mareček,3.0,0.0,0.0,0.0,1.0,112,0.4,2.05,0.05
1191,Czech Liga (CZ),32702,55,Daniel Mareček,D. Mareček,3.0,0.0,0.0,0.0,1.0,112,0.4,2.05,0.0
1191,Czech Liga (CZ),32702,55,Daniel Mareček,D. Mareček,3.0,0.0,0.0,0.0,1.0,112,0.4,0.0,0.05
1191,Czech Liga (CZ),32702,55,Daniel Mareček,D. Mareček,3.0,0.0,0.0,0.0,1.0,112,0.4,0.0,0.0
1191,Czech Liga (CZ),32702,55,Daniel Mareček,D. Mareček,3.0,0.0,0.0,0.0,1.0,112,1.0,2.05,0.05
1191,Czech Liga (CZ),32702,55,Daniel Mareček,D. Mareček,3.0,0.0,0.0,0.0,1.0,112,1.0,2.05,0.0
1191,Czech Liga (CZ),32702,55,Daniel Mareček,D. Mareček,3.0,0.0,0.0,0.0,1.0,112,1.0,0.0,0.05
1191,Czech Liga (CZ),32702,55,Daniel Mareček,D. Mareček,3.0,0.0,0.0,0.0,1.0,112,1.0,0.0,0.0
1191,Czech Liga (CZ),32702,55,Daniel Mareček,D. Mareček,3.0,0.0,0.0,0.0,1.0,2,0.4,2.05,0.05
1191,Czech Liga (CZ),32702,55,Daniel Mareček,D. Mareček,3.0,0.0,0.0,0.0,1.0,2,0.4,2.05,0.0
1191,Czech Liga (CZ),32702,55,Daniel Mareček,D. Mareček,3.0,0.0,0.0,0.0,1.0,2,0.4,0.0,0.05
1191,Czech Liga (CZ),32702,55,Daniel Mareček,D. Mareček,3.0,0.0,0.0,0.0,1.0,2,0.4,0.0,0.0
1191,Czech Liga (CZ),32702,55,Daniel Mareček,D. Mareček,3.0,0.0,0.0,0.0,1.0,2,1.0,2.05,0.05
1191,Czech Liga (CZ),32702,55,Daniel Mareček,D. Mareček,3.0,0.0,0.0,0.0,1.0,2,1.0,2.05,0.0
1191,Czech Liga (CZ),32702,55,Daniel Mareček,D. Mareček,3.0,0.0,0.0,0.0,1.0,2,1.0,0.0,0.05
1191,Czech Liga (CZ),32702,55,Daniel Mareček,D. Mareček,3.0,0.0,0.0,0.0,1.0,2,1.0,0.0,0.0
1191,Czech Liga (CZ),32702,4,Daniel Mareček,,2.8,0.5,0.65,1.65,0.6,112,0.4,2.05,0.05
1191,Czech Liga (CZ),32702,4,Daniel Mareček,,2.8,0.5,0.65,1.65,0.6,112,0.4,2.05,0.0
1191,Czech Liga (CZ),32702,4,Daniel Mareček,,2.8,0.5,0.65,1.65,0.6,112,0.4,0.0,0.05
1191,Czech Liga (CZ),32702,4,Daniel Mareček,,2.8,0.5,0.65,1.65,0.6,112,0.4,0.0,0.0
1191,Czech Liga (CZ),32702,4,Daniel Mareček,,2.8,0.5,0.65,1.65,0.6,112,1.0,2.05,0.05
1191,Czech Liga (CZ),32702,4,Daniel Mareček,,2.8,0.5,0.65,1.65,0.6,112,1.0,2.05,0.0
1191,Czech Liga (CZ),32702,4,Daniel Mareček,,2.8,0.5,0.65,1.65,0.6,112,1.0,0.0,0.05
1191,Czech Liga (CZ),32702,4,Daniel Mareček,,2.8,0.5,0.65,1.65,0.6,112,1.0,0.0,0.0
1191,Czech Liga (CZ),32702,4,Daniel Mareček,,2.8,0.5,0.65,1.65,0.6,2,0.4,2.05,0.05
1191,Czech Liga (CZ),32702,4,Daniel Mareček,,2.8,0.5,0.65,1.65,0.6,2,0.4,2.05,0.0
1191,Czech Liga (CZ),32702,4,Daniel Mareček,,2.8,0.5,0.65,1.65,0.6,2,0.4,0.0,0.05
1191,Czech Liga (CZ),32702,4,Daniel Mareček,,2.8,0.5,0.65,1.65,0.6,2,0.4,0.0,0.0
1191,Czech Liga (CZ),32702,4,Daniel Mareček,,2.8,0.5,0.65,1.65,0.6,2,1.0,2.05,0.05
1191,Czech Liga (CZ),32702,4,Daniel Mareček,,2.8,0.5,0.65,1.65,0.6,2,1.0,2.05,0.0
1191,Czech Liga (CZ),32702,4,Daniel Mareček,,2.8,0.5,0.65,1.65,0.6,2,1.0,0.0,0.05
1191,Czech Liga (CZ),32702,4,Daniel Mareček,,2.8,0.5,0.65,1.65,0.6,2,1.0,0.0,0.0
1191,Czech Liga (CZ),32702,4,Daniel Mareček,,2.8,0.5,0.65,1.65,1.0,112,0.4,2.05,0.05
1191,Czech Liga (CZ),32702,4,Daniel Mareček,,2.8,0.5,0.65,1.65,1.0,112,0.4,2.05,0.0
1191,Czech Liga (CZ),32702,4,Daniel Mareček,,2.8,0.5,0.65,1.65,1.0,112,0.4,0.0,0.05
1191,Czech Liga (CZ),32702,4,Daniel Mareček,,2.8,0.5,0.65,1.65,1.0,112,0.4,0.0,0.0
1191,Czech Liga (CZ),32702,4,Daniel Mareček,,2.8,0.5,0.65,1.65,1.0,112,1.0,2.05,0.05
1191,Czech Liga (CZ),32702,4,Daniel Mareček,,2.8,0.5,0.65,1.65,1.0,112,1.0,2.05,0.0
1191,Czech Liga (CZ),32702,4,Daniel Mareček,,2.8,0.5,0.65,1.65,1.0,112,1.0,0.0,0.05
1191,Czech Liga (CZ),32702,4,Daniel Mareček,,2.8,0.5,0.65,1.65,1.0,112,1.0,0.0,0.0
1191,Czech Liga (CZ),32702,4,Daniel Mareček,,2.8,0.5,0.65,1.65,1.0,2,0.4,2.05,0.05
1191,Czech Liga (CZ),32702,4,Daniel Mareček,,2.8,0.5,0.65,1.65,1.0,2,0.4,2.05,0.0
1191,Czech Liga (CZ),32702,4,Daniel Mareček,,2.8,0.5,0.65,1.65,1.0,2,0.4,0.0,0.05
1191,Czech Liga (CZ),32702,4,Daniel Mareček,,2.8,0.5,0.65,1.65,1.0,2,0.4,0.0,0.0
1191,Czech Liga (CZ),32702,4,Daniel Mareček,,2.8,0.5,0.65,1.65,1.0,2,1.0,2.05,0.05
1191,Czech Liga (CZ),32702,4,Daniel Mareček,,2.8,0.5,0.65,1.65,1.0,2,1.0,2.05,0.0
1191,Czech Liga (CZ),32702,4,Daniel Mareček,,2.8,0.5,0.65,1.65,1.0,2,1.0,0.0,0.05
1191,Czech Liga (CZ),32702,4,Daniel Mareček,,2.8,0.5,0.65,1.65,1.0,2,1.0,0.0,0.0
1191,Czech Liga (CZ),32702,4,Daniel Mareček,,2.8,0.5,0.65,0.0,0.6,112,0.4,2.05,0.05
1191,Czech Liga (CZ),32702,4,Daniel Mareček,,2.8,0.5,0.65,0.0,0.6,112,0.4,2.05,0.0
1191,Czech Liga (CZ),32702,4,Daniel Mareček,,2.8,0.5,0.65,0.0,0.6,112,0.4,0.0,0.05
1191,Czech Liga (CZ),32702,4,Daniel Mareček,,2.8,0.5,0.65,0.0,0.6,112,0.4,0.0,0.0
1191,Czech Liga (CZ),32702,4,Daniel Mareček,,2.8,0.5,0.65,0.0,0.6,112,1.0,2.05,0.05
1191,Czech Liga (CZ),32702,4,Daniel Mareček,,2.8,0.5,0.65,0.0,0.6,112,1.0,2.05,0.0
1191,Czech Liga (CZ),32702,4,Daniel Mareček,,2.8,0.5,0.65,0.0,0.6,112,1.0,0.0,0.05
1191,Czech Liga (CZ),32702,4,Daniel Mareček,,2.8,0.5,0.65,0.0,0.6,112,1.0,0.0,0.0
1191,Czech Liga (CZ),32702,4,Daniel Mareček,,2.8,0.5,0.65,0.0,0.6,2,0.4,2.05,0.05
1191,Czech Liga (CZ),32702,4,Daniel Mareček,,2.8,0.5,0.65,0.0,0.6,2,0.4,2.05,0.0
1191,Czech Liga (CZ),32702,4,Daniel Mareček,,2.8,0.5,0.65,0.0,0.6,2,0.4,0.0,0.05
1191,Czech Liga (CZ),32702,4,Daniel Mareček,,2.8,0.5,0.65,0.0,0.6,2,0.4,0.0,0.0
1191,Czech Liga (CZ),32702,4,Daniel Mareček,,2.8,0.5,0.65,0.0,0.6,2,1.0,2.05,0.05
1191,Czech Liga (CZ),32702,4,Daniel Mareček,,2.8,0.5,0.65,0.0,0.6,2,1.0,2.05,0.0
1191,Czech Liga (CZ),32702,4,Daniel Mareček,,2.8,0.5,0.65,0.0,0.6,2,1.0,0.0,0.05
1191,Czech Liga (CZ),32702,4,Daniel Mareček,,2.8,0.5,0.65,0.0,0.6,2,1.0,0.0,0.0
1191,Czech Liga (CZ),32702,4,Daniel Mareček,,2.8,0.5,0.65,0.0,1.0,112,0.4,2.05,0.05
1191,Czech Liga (CZ),32702,4,Daniel Mareček,,2.8,0.5,0.65,0.0,1.0,112,0.4,2.05,0.0
1191,Czech Liga (CZ),32702,4,Daniel Mareček,,2.8,0.5,0.65,0.0,1.0,112,0.4,0.0,0.05
1191,Czech Liga (CZ),32702,4,Daniel Mareček,,2.8,0.5,0.65,0.0,1.0,112,0.4,0.0,0.0
1191,Czech Liga (CZ),32702,4,Daniel Mareček,,2.8,0.5,0.65,0.0,1.0,112,1.0,2.05,0.05
1191,Czech Liga (CZ),32702,4,Daniel Mareček,,2.8,0.5,0.65,0.0,1.0,112,1.0,2.05,0.0
1191,Czech Liga (CZ),32702,4,Daniel Mareček,,2.8,0.5,0.65,0.0,1.0,112,1.0,0.0,0.05
1191,Czech Liga (CZ),32702,4,Daniel Mareček,,2.8,0.5,0.65,0.0,1.0,112,1.0,0.0,0.0
1191,Czech Liga (CZ),32702,4,Daniel Mareček,,2.8,0.5,0.65,0.0,1.0,2,0.4,2.05,0.05
1191,Czech Liga (CZ),32702,4,Daniel Mareček,,2.8,0.5,0.65,0.0,1.0,2,0.4,2.05,0.0
1191,Czech Liga (CZ),32702,4,Daniel Mareček,,2.8,0.5,0.65,0.0,1.0,2,0.4,0.0,0.05
1191,Czech Liga (CZ),32702,4,Daniel Mareček,,2.8,0.5,0.65,0.0,1.0,2,0.4,0.0,0.0
1191,Czech Liga (CZ),32702,4,Daniel Mareček,,2.8,0.5,0.65,0.0,1.0,2,1.0,2.05,0.05
1191,Czech Liga (CZ),32702,4,Daniel Mareček,,2.8,0.5,0.65,0.0,1.0,2,1.0,2.05,0.0
1191,Czech Liga (CZ),32702,4,Daniel Mareček,,2.8,0.5,0.65,0.0,1.0,2,1.0,0.0,0.05
1191,Czech Liga (CZ),32702,4,Daniel Mareček,,2.8,0.5,0.65,0.0,1.0,2,1.0,0.0,0.0
1191,Czech Liga (CZ),32702,4,Daniel Mareček,,2.8,0.5,0.0,1.65,0.6,112,0.4,2.05,0.05
1191,Czech Liga (CZ),32702,4,Daniel Mareček,,2.8,0.5,0.0,1.65,0.6,112,0.4,2.05,0.0
1191,Czech Liga (CZ),32702,4,Daniel Mareček,,2.8,0.5,0.0,1.65,0.6,112,0.4,0.0,0.05
1191,Czech Liga (CZ),32702,4,Daniel Mareček,,2.8,0.5,0.0,1.65,0.6,112,0.4,0.0,0.0
1191,Czech Liga (CZ),32702,4,Daniel Mareček,,2.8,0.5,0.0,1.65,0.6,112,1.0,2.05,0.05
1191,Czech Liga (CZ),32702,4,Daniel Mareček,,2.8,0.5,0.0,1.65,0.6,112,1.0,2.05,0.0
1191,Czech Liga (CZ),32702,4,Daniel Mareček,,2.8,0.5,0.0,1.65,0.6,112,1.0,0.0,0.05
1191,Czech Liga (CZ),32702,4,Daniel Mareček,,2.8,0.5,0.0,1.65,0.6,112,1.0,0.0,0.0
1191,Czech Liga (CZ),32702,4,Daniel Mareček,,2.8,0.5,0.0,1.65,0.6,2,0.4,2.05,0.05
1191,Czech Liga (CZ),32702,4,Daniel Mareček,,2.8,0.5,0.0,1.65,0.6,2,0.4,2.05,0.0
1191,Czech Liga (CZ),32702,4,Daniel Mareček,,2.8,0.5,0.0,1.65,0.6,2,0.4,0.0,0.05
1191,Czech Liga (CZ),32702,4,Daniel Mareček,,2.8,0.5,0.0,1.65,0.6,2,0.4,0.0,0.0
1191,Czech Liga (CZ),32702,4,Daniel Mareček,,2.8,0.5,0.0,1.65,0.6,2,1.0,2.05,0.05
1191,Czech Liga (CZ),32702,4,Daniel Mareček,,2.8,0.5,0.0,1.65,0.6,2,1.0,2.05,0.0
1191,Czech Liga (CZ),32702,4,Daniel Mareček,,2.8,0.5,0.0,1.65,0.6,2,1.0,0.0,0.05
1191,Czech Liga (CZ),32702,4,Daniel Mareček,,2.8,0.5,0.0,1.65,0.6,2,1.0,0.0,0.0
1191,Czech Liga (CZ),32702,4,Daniel Mareček,,2.8,0.5,0.0,1.65,1.0,112,0.4,2.05,0.05
1191,Czech Liga (CZ),32702,4,Daniel Mareček,,2.8,0.5,0.0,1.65,1.0,112,0.4,2.05,0.0
1191,Czech Liga (CZ),32702,4,Daniel Mareček,,2.8,0.5,0.0,1.65,1.0,112,0.4,0.0,0.05
1191,Czech Liga (CZ),32702,4,Daniel Mareček,,2.8,0.5,0.0,1.65,1.0,112,0.4,0.0,0.0
1191,Czech Liga (CZ),32702,4,Daniel Mareček,,2.8,0.5,0.0,1.65,1.0,112,1.0,2.05,0.05
1191,Czech Liga (CZ),32702,4,Daniel Mareček,,2.8,0.5,0.0,1.65,1.0,112,1.0,2.05,0.0
1191,Czech Liga (CZ),32702,4,Daniel Mareček,,2.8,0.5,0.0,1.65,1.0,112,1.0,0.0,0.05
1191,Czech Liga (CZ),32702,4,Daniel Mareček,,2.8,0.5,0.0,1.65,1.0,112,1.0,0.0,0.0
1191,Czech Liga (CZ),32702,4,Daniel Mareček,,2.8,0.5,0.0,1.65,1.0,2,0.4,2.05,0.05
1191,Czech Liga (CZ),32702,4,Daniel Mareček,,2.8,0.5,0.0,1.65,1.0,2,0.4,2.05,0.0
1191,Czech Liga (CZ),32702,4,Daniel Mareček,,2.8,0.5,0.0,1.65,1.0,2,0.4,0.0,0.05
1191,Czech Liga (CZ),32702,4,Daniel Mareček,,2.8,0.5,0.0,1.65,1.0,2,0.4,0.0,0.0
1191,Czech Liga (CZ),32702,4,Daniel Mareček,,2.8,0.5,0.0,1.65,1.0,2,1.0,2.05,0.05
1191,Czech Liga (CZ),32702,4,Daniel Mareček,,2.8,0.5,0.0,1.65,1.0,2,1.0,2.05,0.0
1191,Czech Liga (CZ),32702,4,Daniel Mareček,,2.8,0.5,0.0,1.65,1.0,2,1.0,0.0,0.05
1191,Czech Liga (CZ),32702,4,Daniel Mareček,,2.8,0.5,0.0,1.65,1.0,2,1.0,0.0,0.0
1191,Czech Liga (CZ),32702,4,Daniel Mareček,,2.8,0.5,0.0,0.0,0.6,112,0.4,2.05,0.05
1191,Czech Liga (CZ),32702,4,Daniel Mareček,,2.8,0.5,0.0,0.0,0.6,112,0.4,2.05,0.0
1191,Czech Liga (CZ),32702,4,Daniel Mareček,,2.8,0.5,0.0,0.0,0.6,112,0.4,0.0,0.05
1191,Czech Liga (CZ),32702,4,Daniel Mareček,,2.8,0.5,0.0,0.0,0.6,112,0.4,0.0,0.0
1191,Czech Liga (CZ),32702,4,Daniel Mareček,,2.8,0.5,0.0,0.0,0.6,112,1.0,2.05,0.05
1191,Czech Liga (CZ),32702,4,Daniel Mareček,,2.8,0.5,0.0,0.0,0.6,112,1.0,2.05,0.0
1191,Czech Liga (CZ),32702,4,Daniel Mareček,,2.8,0.5,0.0,0.0,0.6,112,1.0,0.0,0.05
1191,Czech Liga (CZ),32702,4,Daniel Mareček,,2.8,0.5,0.0,0.0,0.6,112,1.0,0.0,0.0
1191,Czech Liga (CZ),32702,4,Daniel Mareček,,2.8,0.5,0.0,0.0,0.6,2,0.4,2.05,0.05
1191,Czech Liga (CZ),32702,4,Daniel Mareček,,2.8,0.5,0.0,0.0,0.6,2,0.4,2.05,0.0
1191,Czech Liga (CZ),32702,4,Daniel Mareček,,2.8,0.5,0.0,0.0,0.6,2,0.4,0.0,0.05
1191,Czech Liga (CZ),32702,4,Daniel Mareček,,2.8,0.5,0.0,0.0,0.6,2,0.4,0.0,0.0
1191,Czech Liga (CZ),32702,4,Daniel Mareček,,2.8,0.5,0.0,0.0,0.6,2,1.0,2.05,0.05
1191,Czech Liga (CZ),32702,4,Daniel Mareček,,2.8,0.5,0.0,0.0,0.6,2,1.0,2.05,0.0
1191,Czech Liga (CZ),32702,4,Daniel Mareček,,2.8,0.5,0.0,0.0,0.6,2,1.0,0.0,0.05
1191,Czech Liga (CZ),32702,4,Daniel Mareček,,2.8,0.5,0.0,0.0,0.6,2,1.0,0.0,0.0
1191,Czech Liga (CZ),32702,4,Daniel Mareček,,2.8,0.5,0.0,0.0,1.0,112,0.4,2.05,0.05
1191,Czech Liga (CZ),32702,4,Daniel Mareček,,2.8,0.5,0.0,0.0,1.0,112,0.4,2.05,0.0
1191,Czech Liga (CZ),32702,4,Daniel Mareček,,2.8,0.5,0.0,0.0,1.0,112,0.4,0.0,0.05
1191,Czech Liga (CZ),32702,4,Daniel Mareček,,2.8,0.5,0.0,0.0,1.0,112,0.4,0.0,0.0
1191,Czech Liga (CZ),32702,4,Daniel Mareček,,2.8,0.5,0.0,0.0,1.0,112,1.0,2.05,0.05
1191,Czech Liga (CZ),32702,4,Daniel Mareček,,2.8,0.5,0.0,0.0,1.0,112,1.0,2.05,0.0
1191,Czech Liga (CZ),32702,4,Daniel Mareček,,2.8,0.5,0.0,0.0,1.0,112,1.0,0.0,0.05
1191,Czech Liga (CZ),32702,4,Daniel Mareček,,2.8,0.5,0.0,0.0,1.0,112,1.0,0.0,0.0
1191,Czech Liga (CZ),32702,4,Daniel Mareček,,2.8,0.5,0.0,0.0,1.0,2,0.4,2.05,0.05
1191,Czech Liga (CZ),32702,4,Daniel Mareček,,2.8,0.5,0.0,0.0,1.0,2,0.4,2.05,0.0
1191,Czech Liga (CZ),32702,4,Daniel Mareček,,2.8,0.5,0.0,0.0,1.0,2,0.4,0.0,0.05
1191,Czech Liga (CZ),32702,4,Daniel Mareček,,2.8,0.5,0.0,0.0,1.0,2,0.4,0.0,0.0
1191,Czech Liga (CZ),32702,4,Daniel Mareček,,2.8,0.5,0.0,0.0,1.0,2,1.0,2.05,0.05
1191,Czech Liga (CZ),32702,4,Daniel Mareček,,2.8,0.5,0.0,0.0,1.0,2,1.0,2.05,0.0
1191,Czech Liga (CZ),32702,4,Daniel Mareček,,2.8,0.5,0.0,0.0,1.0,2,1.0,0.0,0.05
1191,Czech Liga (CZ),32702,4,Daniel Mareček,,2.8,0.5,0.0,0.0,1.0,2,1.0,0.0,0.0
1191,Czech Liga (CZ),32702,4,Daniel Mareček,,2.8,0.0,0.65,1.65,0.6,112,0.4,2.05,0.05
1191,Czech Liga (CZ),32702,4,Daniel Mareček,,2.8,0.0,0.65,1.65,0.6,112,0.4,2.05,0.0
1191,Czech Liga (CZ),32702,4,Daniel Mareček,,2.8,0.0,0.65,1.65,0.6,112,0.4,0.0,0.05
1191,Czech Liga (CZ),32702,4,Daniel Mareček,,2.8,0.0,0.65,1.65,0.6,112,0.4,0.0,0.0
1191,Czech Liga (CZ),32702,4,Daniel Mareček,,2.8,0.0,0.65,1.65,0.6,112,1.0,2.05,0.05
1191,Czech Liga (CZ),32702,4,Daniel Mareček,,2.8,0.0,0.65,1.65,0.6,112,1.0,2.05,0.0
1191,Czech Liga (CZ),32702,4,Daniel Mareček,,2.8,0.0,0.65,1.65,0.6,112,1.0,0.0,0.05
1191,Czech Liga (CZ),32702,4,Daniel Mareček,,2.8,0.0,0.65,1.65,0.6,112,1.0,0.0,0.0
1191,Czech Liga (CZ),32702,4,Daniel Mareček,,2.8,0.0,0.65,1.65,0.6,2,0.4,2.05,0.05
1191,Czech Liga (CZ),32702,4,Daniel Mareček,,2.8,0.0,0.65,1.65,0.6,2,0.4,2.05,0.0
1191,Czech Liga (CZ),32702,4,Daniel Mareček,,2.8,0.0,0.65,1.65,0.6,2,0.4,0.0,0.05
1191,Czech Liga (CZ),32702,4,Daniel Mareček,,2.8,0.0,0.65,1.65,0.6,2,0.4,0.0,0.0
1191,Czech Liga (CZ),32702,4,Daniel Mareček,,2.8,0.0,0.65,1.65,0.6,2,1.0,2.05,0.05
1191,Czech Liga (CZ),32702,4,Daniel Mareček,,2.8,0.0,0.65,1.65,0.6,2,1.0,2.05,0.0
1191,Czech Liga (CZ),32702,4,Daniel Mareček,,2.8,0.0,0.65,1.65,0.6,2,1.0,0.0,0.05
1191,Czech Liga (CZ),32702,4,Daniel Mareček,,2.8,0.0,0.65,1.65,0.6,2,1.0,0.0,0.0
1191,Czech Liga (CZ),32702,4,Daniel Mareček,,2.8,0.0,0.65,1.65,1.0,112,0.4,2.05,0.05
1191,Czech Liga (CZ),32702,4,Daniel Mareček,,2.8,0.0,0.65,1.65,1.0,112,0.4,2.05,0.0
1191,Czech Liga (CZ),32702,4,Daniel Mareček,,2.8,0.0,0.65,1.65,1.0,112,0.4,0.0,0.05
1191,Czech Liga (CZ),32702,4,Daniel Mareček,,2.8,0.0,0.65,1.65,1.0,112,0.4,0.0,0.0
1191,Czech Liga (CZ),32702,4,Daniel Mareček,,2.8,0.0,0.65,1.65,1.0,112,1.0,2.05,0.05
1191,Czech Liga (CZ),32702,4,Daniel Mareček,,2.8,0.0,0.65,1.65,1.0,112,1.0,2.05,0.0
1191,Czech Liga (CZ),32702,4,Daniel Mareček,,2.8,0.0,0.65,1.65,1.0,112,1.0,0.0,0.05
1191,Czech Liga (CZ),32702,4,Daniel Mareček,,2.8,0.0,0.65,1.65,1.0,112,1.0,0.0,0.0
1191,Czech Liga (CZ),32702,4,Daniel Mareček,,2.8,0.0,0.65,1.65,1.0,2,0.4,2.05,0.05
1191,Czech Liga (CZ),32702,4,Daniel Mareček,,2.8,0.0,0.65,1.65,1.0,2,0.4,2.05,0.0
1191,Czech Liga (CZ),32702,4,Daniel Mareček,,2.8,0.0,0.65,1.65,1.0,2,0.4,0.0,0.05
1191,Czech Liga (CZ),32702,4,Daniel Mareček,,2.8,0.0,0.65,1.65,1.0,2,0.4,0.0,0.0
1191,Czech Liga (CZ),32702,4,Daniel Mareček,,2.8,0.0,0.65,1.65,1.0,2,1.0,2.05,0.05
1191,Czech Liga (CZ),32702,4,Daniel Mareček,,2.8,0.0,0.65,1.65,1.0,2,1.0,2.05,0.0
1191,Czech Liga (CZ),32702,4,Daniel Mareček,,2.8,0.0,0.65,1.65,1.0,2,1.0,0.0,0.05
1191,Czech Liga (CZ),32702,4,Daniel Mareček,,2.8,0.0,0.65,1.65,1.0,2,1.0,0.0,0.0
1191,Czech Liga (CZ),32702,4,Daniel Mareček,,2.8,0.0,0.65,0.0,0.6,112,0.4,2.05,0.05
1191,Czech Liga (CZ),32702,4,Daniel Mareček,,2.8,0.0,0.65,0.0,0.6,112,0.4,2.05,0.0
1191,Czech Liga (CZ),32702,4,Daniel Mareček,,2.8,0.0,0.65,0.0,0.6,112,0.4,0.0,0.05
1191,Czech Liga (CZ),32702,4,Daniel Mareček,,2.8,0.0,0.65,0.0,0.6,112,0.4,0.0,0.0
1191,Czech Liga (CZ),32702,4,Daniel Mareček,,2.8,0.0,0.65,0.0,0.6,112,1.0,2.05,0.05
1191,Czech Liga (CZ),32702,4,Daniel Mareček,,2.8,0.0,0.65,0.0,0.6,112,1.0,2.05,0.0
1191,Czech Liga (CZ),32702,4,Daniel Mareček,,2.8,0.0,0.65,0.0,0.6,112,1.0,0.0,0.05
1191,Czech Liga (CZ),32702,4,Daniel Mareček,,2.8,0.0,0.65,0.0,0.6,112,1.0,0.0,0.0
1191,Czech Liga (CZ),32702,4,Daniel Mareček,,2.8,0.0,0.65,0.0,0.6,2,0.4,2.05,0.05
1191,Czech Liga (CZ),32702,4,Daniel Mareček,,2.8,0.0,0.65,0.0,0.6,2,0.4,2.05,0.0
1191,Czech Liga (CZ),32702,4,Daniel Mareček,,2.8,0.0,0.65,0.0,0.6,2,0.4,0.0,0.05
1191,Czech Liga (CZ),32702,4,Daniel Mareček,,2.8,0.0,0.65,0.0,0.6,2,0.4,0.0,0.0
1191,Czech Liga (CZ),32702,4,Daniel Mareček,,2.8,0.0,0.65,0.0,0.6,2,1.0,2.05,0.05
1191,Czech Liga (CZ),32702,4,Daniel Mareček,,2.8,0.0,0.65,0.0,0.6,2,1.0,2.05,0.0
1191,Czech Liga (CZ),32702,4,Daniel Mareček,,2.8,0.0,0.65,0.0,0.6,2,1.0,0.0,0.05
1191,Czech Liga (CZ),32702,4,Daniel Mareček,,2.8,0.0,0.65,0.0,0.6,2,1.0,0.0,0.0
1191,Czech Liga (CZ),32702,4,Daniel Mareček,,2.8,0.0,0.65,0.0,1.0,112,0.4,2.05,0.05
1191,Czech Liga (CZ),32702,4,Daniel Mareček,,2.8,0.0,0.65,0.0,1.0,112,0.4,2.05,0.0
1191,Czech Liga (CZ),32702,4,Daniel Mareček,,2.8,0.0,0.65,0.0,1.0,112,0.4,0.0,0.05
1191,Czech Liga (CZ),32702,4,Daniel Mareček,,2.8,0.0,0.65,0.0,1.0,112,0.4,0.0,0.0
1191,Czech Liga (CZ),32702,4,Daniel Mareček,,2.8,0.0,0.65,0.0,1.0,112,1.0,2.05,0.05
1191,Czech Liga (CZ),32702,4,Daniel Mareček,,2.8,0.0,0.65,0.0,1.0,112,1.0,2.05,0.0
1191,Czech Liga (CZ),32702,4,Daniel Mareček,,2.8,0.0,0.65,0.0,1.0,112,1.0,0.0,0.05
1191,Czech Liga (CZ),32702,4,Daniel Mareček,,2.8,0.0,0.65,0.0,1.0,112,1.0,0.0,0.0
1191,Czech Liga (CZ),32702,4,Daniel Mareček,,2.8,0.0,0.65,0.0,1.0,2,0.4,2.05,0.05
1191,Czech Liga (CZ),32702,4,Daniel Mareček,,2.8,0.0,0.65,0.0,1.0,2,0.4,2.05,0.0
1191,Czech Liga (CZ),32702,4,Daniel Mareček,,2.8,0.0,0.65,0.0,1.0,2,0.4,0.0,0.05
1191,Czech Liga (CZ),32702,4,Daniel Mareček,,2.8,0.0,0.65,0.0,1.0,2,0.4,0.0,0.0
1191,Czech Liga (CZ),32702,4,Daniel Mareček,,2.8,0.0,0.65,0.0,1.0,2,1.0,2.05,0.05
1191,Czech Liga (CZ),32702,4,Daniel Mareček,,2.8,0.0,0.65,0.0,1.0,2,1.0,2.05,0.0
1191,Czech Liga (CZ),32702,4,Daniel Mareček,,2.8,0.0,0.65,0.0,1.0,2,1.0,0.0,0.05
1191,Czech Liga (CZ),32702,4,Daniel Mareček,,2.8,0.0,0.65,0.0,1.0,2,1.0,0.0,0.0
1191,Czech Liga (CZ),32702,4,Daniel Mareček,,2.8,0.0,0.0,1.65,0.6,112,0.4,2.05,0.05
1191,Czech Liga (CZ),32702,4,Daniel Mareček,,2.8,0.0,0.0,1.65,0.6,112,0.4,2.05,0.0
1191,Czech Liga (CZ),32702,4,Daniel Mareček,,2.8,0.0,0.0,1.65,0.6,112,0.4,0.0,0.05
1191,Czech Liga (CZ),32702,4,Daniel Mareček,,2.8,0.0,0.0,1.65,0.6,112,0.4,0.0,0.0
1191,Czech Liga (CZ),32702,4,Daniel Mareček,,2.8,0.0,0.0,1.65,0.6,112,1.0,2.05,0.05
1191,Czech Liga (CZ),32702,4,Daniel Mareček,,2.8,0.0,0.0,1.65,0.6,112,1.0,2.05,0.0
1191,Czech Liga (CZ),32702,4,Daniel Mareček,,2.8,0.0,0.0,1.65,0.6,112,1.0,0.0,0.05
1191,Czech Liga (CZ),32702,4,Daniel Mareček,,2.8,0.0,0.0,1.65,0.6,112,1.0,0.0,0.0
1191,Czech Liga (CZ),32702,4,Daniel Mareček,,2.8,0.0,0.0,1.65,0.6,2,0.4,2.05,0.05
1191,Czech Liga (CZ),32702,4,Daniel Mareček,,2.8,0.0,0.0,1.65,0.6,2,0.4,2.05,0.0
1191,Czech Liga (CZ),32702,4,Daniel Mareček,,2.8,0.0,0.0,1.65,0.6,2,0.4,0.0,0.05
1191,Czech Liga (CZ),32702,4,Daniel Mareček,,2.8,0.0,0.0,1.65,0.6,2,0.4,0.0,0.0
1191,Czech Liga (CZ),32702,4,Daniel Mareček,,2.8,0.0,0.0,1.65,0.6,2,1.0,2.05,0.05
1191,Czech Liga (CZ),32702,4,Daniel Mareček,,2.8,0.0,0.0,1.65,0.6,2,1.0,2.05,0.0
1191,Czech Liga (CZ),32702,4,Daniel Mareček,,2.8,0.0,0.0,1.65,0.6,2,1.0,0.0,0.05
1191,Czech Liga (CZ),32702,4,Daniel Mareček,,2.8,0.0,0.0,1.65,0.6,2,1.0,0.0,0.0
1191,Czech Liga (CZ),32702,4,Daniel Mareček,,2.8,0.0,0.0,1.65,1.0,112,0.4,2.05,0.05
1191,Czech Liga (CZ),32702,4,Daniel Mareček,,2.8,0.0,0.0,1.65,1.0,112,0.4,2.05,0.0
1191,Czech Liga (CZ),32702,4,Daniel Mareček,,2.8,0.0,0.0,1.65,1.0,112,0.4,0.0,0.05
1191,Czech Liga (CZ),32702,4,Daniel Mareček,,2.8,0.0,0.0,1.65,1.0,112,0.4,0.0,0.0
1191,Czech Liga (CZ),32702,4,Daniel Mareček,,2.8,0.0,0.0,1.65,1.0,112,1.0,2.05,0.05
1191,Czech Liga (CZ),32702,4,Daniel Mareček,,2.8,0.0,0.0,1.65,1.0,112,1.0,2.05,0.0
1191,Czech Liga (CZ),32702,4,Daniel Mareček,,2.8,0.0,0.0,1.65,1.0,112,1.0,0.0,0.05
1191,Czech Liga (CZ),32702,4,Daniel Mareček,,2.8,0.0,0.0,1.65,1.0,112,1.0,0.0,0.0
1191,Czech Liga (CZ),32702,4,Daniel Mareček,,2.8,0.0,0.0,1.65,1.0,2,0.4,2.05,0.05
1191,Czech Liga (CZ),32702,4,Daniel Mareček,,2.8,0.0,0.0,1.65,1.0,2,0.4,2.05,0.0
1191,Czech Liga (CZ),32702,4,Daniel Mareček,,2.8,0.0,0.0,1.65,1.0,2,0.4,0.0,0.05
1191,Czech Liga (CZ),32702,4,Daniel Mareček,,2.8,0.0,0.0,1.65,1.0,2,0.4,0.0,0.0
1191,Czech Liga (CZ),32702,4,Daniel Mareček,,2.8,0.0,0.0,1.65,1.0,2,1.0,2.05,0.05
1191,Czech Liga (CZ),32702,4,Daniel Mareček,,2.8,0.0,0.0,1.65,1.0,2,1.0,2.05,0.0
1191,Czech Liga (CZ),32702,4,Daniel Mareček,,2.8,0.0,0.0,1.65,1.0,2,1.0,0.0,0.05
1191,Czech Liga (CZ),32702,4,Daniel Mareček,,2.8,0.0,0.0,1.65,1.0,2,1.0,0.0,0.0
1191,Czech Liga (CZ),32702,4,Daniel Mareček,,2.8,0.0,0.0,0.0,0.6,112,0.4,2.05,0.05
1191,Czech Liga (CZ),32702,4,Daniel Mareček,,2.8,0.0,0.0,0.0,0.6,112,0.4,2.05,0.0
1191,Czech Liga (CZ),32702,4,Daniel Mareček,,2.8,0.0,0.0,0.0,0.6,112,0.4,0.0,0.05
1191,Czech Liga (CZ),32702,4,Daniel Mareček,,2.8,0.0,0.0,0.0,0.6,112,0.4,0.0,0.0
1191,Czech Liga (CZ),32702,4,Daniel Mareček,,2.8,0.0,0.0,0.0,0.6,112,1.0,2.05,0.05
1191,Czech Liga (CZ),32702,4,Daniel Mareček,,2.8,0.0,0.0,0.0,0.6,112,1.0,2.05,0.0
1191,Czech Liga (CZ),32702,4,Daniel Mareček,,2.8,0.0,0.0,0.0,0.6,112,1.0,0.0,0.05
1191,Czech Liga (CZ),32702,4,Daniel Mareček,,2.8,0.0,0.0,0.0,0.6,112,1.0,0.0,0.0
1191,Czech Liga (CZ),32702,4,Daniel Mareček,,2.8,0.0,0.0,0.0,0.6,2,0.4,2.05,0.05
1191,Czech Liga (CZ),32702,4,Daniel Mareček,,2.8,0.0,0.0,0.0,0.6,2,0.4,2.05,0.0
1191,Czech Liga (CZ),32702,4,Daniel Mareček,,2.8,0.0,0.0,0.0,0.6,2,0.4,0.0,0.05
1191,Czech Liga (CZ),32702,4,Daniel Mareček,,2.8,0.0,0.0,0.0,0.6,2,0.4,0.0,0.0
1191,Czech Liga (CZ),32702,4,Daniel Mareček,,2.8,0.0,0.0,0.0,0.6,2,1.0,2.05,0.05
1191,Czech Liga (CZ),32702,4,Daniel Mareček,,2.8,0.0,0.0,0.0,0.6,2,1.0,2.05,0.0
1191,Czech Liga (CZ),32702,4,Daniel Mareček,,2.8,0.0,0.0,0.0,0.6,2,1.0,0.0,0.05
1191,Czech Liga (CZ),32702,4,Daniel Mareček,,2.8,0.0,0.0,0.0,0.6,2,1.0,0.0,0.0
1191,Czech Liga (CZ),32702,4,Daniel Mareček,,2.8,0.0,0.0,0.0,1.0,112,0.4,2.05,0.05
1191,Czech Liga (CZ),32702,4,Daniel Mareček,,2.8,0.0,0.0,0.0,1.0,112,0.4,2.05,0.0
1191,Czech Liga (CZ),32702,4,Daniel Mareček,,2.8,0.0,0.0,0.0,1.0,112,0.4,0.0,0.05
1191,Czech Liga (CZ),32702,4,Daniel Mareček,,2.8,0.0,0.0,0.0,1.0,112,0.4,0.0,0.0
1191,Czech Liga (CZ),32702,4,Daniel Mareček,,2.8,0.0,0.0,0.0,1.0,112,1.0,2.05,0.05
1191,Czech Liga (CZ),32702,4,Daniel Mareček,,2.8,0.0,0.0,0.0,1.0,112,1.0,2.05,0.0
1191,Czech Liga (CZ),32702,4,Daniel Mareček,,2.8,0.0,0.0,0.0,1.0,112,1.0,0.0,0.05
1191,Czech Liga (CZ),32702,4,Daniel Mareček,,2.8,0.0,0.0,0.0,1.0,112,1.0,0.0,0.0
1191,Czech Liga (CZ),32702,4,Daniel Mareček,,2.8,0.0,0.0,0.0,1.0,2,0.4,2.05,0.05
1191,Czech Liga (CZ),32702,4,Daniel Mareček,,2.8,0.0,0.0,0.0,1.0,2,0.4,2.05,0.0
1191,Czech Liga (CZ),32702,4,Daniel Mareček,,2.8,0.0,0.0,0.0,1.0,2,0.4,0.0,0.05
1191,Czech Liga (CZ),32702,4,Daniel Mareček,,2.8,0.0,0.0,0.0,1.0,2,0.4,0.0,0.0
1191,Czech Liga (CZ),32702,4,Daniel Mareček,,2.8,0.0,0.0,0.0,1.0,2,1.0,2.05,0.05
1191,Czech Liga (CZ),32702,4,Daniel Mareček,,2.8,0.0,0.0,0.0,1.0,2,1.0,2.05,0.0
1191,Czech Liga (CZ),32702,4,Daniel Mareček,,2.8,0.0,0.0,0.0,1.0,2,1.0,0.0,0.05
1191,Czech Liga (CZ),32702,4,Daniel Mareček,,2.8,0.0,0.0,0.0,1.0,2,1.0,0.0,0.0
1191,Czech Liga (CZ),32702,4,Daniel Mareček,,3.0,0.5,0.65,1.65,0.6,112,0.4,2.05,0.05
1191,Czech Liga (CZ),32702,4,Daniel Mareček,,3.0,0.5,0.65,1.65,0.6,112,0.4,2.05,0.0
1191,Czech Liga (CZ),32702,4,Daniel Mareček,,3.0,0.5,0.65,1.65,0.6,112,0.4,0.0,0.05
1191,Czech Liga (CZ),32702,4,Daniel Mareček,,3.0,0.5,0.65,1.65,0.6,112,0.4,0.0,0.0
1191,Czech Liga (CZ),32702,4,Daniel Mareček,,3.0,0.5,0.65,1.65,0.6,112,1.0,2.05,0.05
1191,Czech Liga (CZ),32702,4,Daniel Mareček,,3.0,0.5,0.65,1.65,0.6,112,1.0,2.05,0.0
1191,Czech Liga (CZ),32702,4,Daniel Mareček,,3.0,0.5,0.65,1.65,0.6,112,1.0,0.0,0.05
1191,Czech Liga (CZ),32702,4,Daniel Mareček,,3.0,0.5,0.65,1.65,0.6,112,1.0,0.0,0.0
1191,Czech Liga (CZ),32702,4,Daniel Mareček,,3.0,0.5,0.65,1.65,0.6,2,0.4,2.05,0.05
1191,Czech Liga (CZ),32702,4,Daniel Mareček,,3.0,0.5,0.65,1.65,0.6,2,0.4,2.05,0.0
1191,Czech Liga (CZ),32702,4,Daniel Mareček,,3.0,0.5,0.65,1.65,0.6,2,0.4,0.0,0.05
1191,Czech Liga (CZ),32702,4,Daniel Mareček,,3.0,0.5,0.65,1.65,0.6,2,0.4,0.0,0.0
1191,Czech Liga (CZ),32702,4,Daniel Mareček,,3.0,0.5,0.65,1.65,0.6,2,1.0,2.05,0.05
1191,Czech Liga (CZ),32702,4,Daniel Mareček,,3.0,0.5,0.65,1.65,0.6,2,1.0,2.05,0.0
1191,Czech Liga (CZ),32702,4,Daniel Mareček,,3.0,0.5,0.65,1.65,0.6,2,1.0,0.0,0.05
1191,Czech Liga (CZ),32702,4,Daniel Mareček,,3.0,0.5,0.65,1.65,0.6,2,1.0,0.0,0.0
1191,Czech Liga (CZ),32702,4,Daniel Mareček,,3.0,0.5,0.65,1.65,1.0,112,0.4,2.05,0.05
1191,Czech Liga (CZ),32702,4,Daniel Mareček,,3.0,0.5,0.65,1.65,1.0,112,0.4,2.05,0.0
1191,Czech Liga (CZ),32702,4,Daniel Mareček,,3.0,0.5,0.65,1.65,1.0,112,0.4,0.0,0.05
1191,Czech Liga (CZ),32702,4,Daniel Mareček,,3.0,0.5,0.65,1.65,1.0,112,0.4,0.0,0.0
1191,Czech Liga (CZ),32702,4,Daniel Mareček,,3.0,0.5,0.65,1.65,1.0,112,1.0,2.05,0.05
1191,Czech Liga (CZ),32702,4,Daniel Mareček,,3.0,0.5,0.65,1.65,1.0,112,1.0,2.05,0.0
1191,Czech Liga (CZ),32702,4,Daniel Mareček,,3.0,0.5,0.65,1.65,1.0,112,1.0,0.0,0.05
1191,Czech Liga (CZ),32702,4,Daniel Mareček,,3.0,0.5,0.65,1.65,1.0,112,1.0,0.0,0.0
1191,Czech Liga (CZ),32702,4,Daniel Mareček,,3.0,0.5,0.65,1.65,1.0,2,0.4,2.05,0.05
1191,Czech Liga (CZ),32702,4,Daniel Mareček,,3.0,0.5,0.65,1.65,1.0,2,0.4,2.05,0.0
1191,Czech Liga (CZ),32702,4,Daniel Mareček,,3.0,0.5,0.65,1.65,1.0,2,0.4,0.0,0.05
1191,Czech Liga (CZ),32702,4,Daniel Mareček,,3.0,0.5,0.65,1.65,1.0,2,0.4,0.0,0.0
1191,Czech Liga (CZ),32702,4,Daniel Mareček,,3.0,0.5,0.65,1.65,1.0,2,1.0,2.05,0.05
1191,Czech Liga (CZ),32702,4,Daniel Mareček,,3.0,0.5,0.65,1.65,1.0,2,1.0,2.05,0.0
1191,Czech Liga (CZ),32702,4,Daniel Mareček,,3.0,0.5,0.65,1.65,1.0,2,1.0,0.0,0.05
1191,Czech Liga (CZ),32702,4,Daniel Mareček,,3.0,0.5,0.65,1.65,1.0,2,1.0,0.0,0.0
1191,Czech Liga (CZ),32702,4,Daniel Mareček,,3.0,0.5,0.65,0.0,0.6,112,0.4,2.05,0.05
1191,Czech Liga (CZ),32702,4,Daniel Mareček,,3.0,0.5,0.65,0.0,0.6,112,0.4,2.05,0.0
1191,Czech Liga (CZ),32702,4,Daniel Mareček,,3.0,0.5,0.65,0.0,0.6,112,0.4,0.0,0.05
1191,Czech Liga (CZ),32702,4,Daniel Mareček,,3.0,0.5,0.65,0.0,0.6,112,0.4,0.0,0.0
1191,Czech Liga (CZ),32702,4,Daniel Mareček,,3.0,0.5,0.65,0.0,0.6,112,1.0,2.05,0.05
1191,Czech Liga (CZ),32702,4,Daniel Mareček,,3.0,0.5,0.65,0.0,0.6,112,1.0,2.05,0.0
1191,Czech Liga (CZ),32702,4,Daniel Mareček,,3.0,0.5,0.65,0.0,0.6,112,1.0,0.0,0.05
1191,Czech Liga (CZ),32702,4,Daniel Mareček,,3.0,0.5,0.65,0.0,0.6,112,1.0,0.0,0.0
1191,Czech Liga (CZ),32702,4,Daniel Mareček,,3.0,0.5,0.65,0.0,0.6,2,0.4,2.05,0.05
1191,Czech Liga (CZ),32702,4,Daniel Mareček,,3.0,0.5,0.65,0.0,0.6,2,0.4,2.05,0.0
1191,Czech Liga (CZ),32702,4,Daniel Mareček,,3.0,0.5,0.65,0.0,0.6,2,0.4,0.0,0.05
1191,Czech Liga (CZ),32702,4,Daniel Mareček,,3.0,0.5,0.65,0.0,0.6,2,0.4,0.0,0.0
1191,Czech Liga (CZ),32702,4,Daniel Mareček,,3.0,0.5,0.65,0.0,0.6,2,1.0,2.05,0.05
1191,Czech Liga (CZ),32702,4,Daniel Mareček,,3.0,0.5,0.65,0.0,0.6,2,1.0,2.05,0.0
1191,Czech Liga (CZ),32702,4,Daniel Mareček,,3.0,0.5,0.65,0.0,0.6,2,1.0,0.0,0.05
1191,Czech Liga (CZ),32702,4,Daniel Mareček,,3.0,0.5,0.65,0.0,0.6,2,1.0,0.0,0.0
1191,Czech Liga (CZ),32702,4,Daniel Mareček,,3.0,0.5,0.65,0.0,1.0,112,0.4,2.05,0.05
1191,Czech Liga (CZ),32702,4,Daniel Mareček,,3.0,0.5,0.65,0.0,1.0,112,0.4,2.05,0.0
1191,Czech Liga (CZ),32702,4,Daniel Mareček,,3.0,0.5,0.65,0.0,1.0,112,0.4,0.0,0.05
1191,Czech Liga (CZ),32702,4,Daniel Mareček,,3.0,0.5,0.65,0.0,1.0,112,0.4,0.0,0.0
1191,Czech Liga (CZ),32702,4,Daniel Mareček,,3.0,0.5,0.65,0.0,1.0,112,1.0,2.05,0.05
1191,Czech Liga (CZ),32702,4,Daniel Mareček,,3.0,0.5,0.65,0.0,1.0,112,1.0,2.05,0.0
1191,Czech Liga (CZ),32702,4,Daniel Mareček,,3.0,0.5,0.65,0.0,1.0,112,1.0,0.0,0.05
1191,Czech Liga (CZ),32702,4,Daniel Mareček,,3.0,0.5,0.65,0.0,1.0,112,1.0,0.0,0.0
1191,Czech Liga (CZ),32702,4,Daniel Mareček,,3.0,0.5,0.65,0.0,1.0,2,0.4,2.05,0.05
1191,Czech Liga (CZ),32702,4,Daniel Mareček,,3.0,0.5,0.65,0.0,1.0,2,0.4,2.05,0.0
1191,Czech Liga (CZ),32702,4,Daniel Mareček,,3.0,0.5,0.65,0.0,1.0,2,0.4,0.0,0.05
1191,Czech Liga (CZ),32702,4,Daniel Mareček,,3.0,0.5,0.65,0.0,1.0,2,0.4,0.0,0.0
1191,Czech Liga (CZ),32702,4,Daniel Mareček,,3.0,0.5,0.65,0.0,1.0,2,1.0,2.05,0.05
1191,Czech Liga (CZ),32702,4,Daniel Mareček,,3.0,0.5,0.65,0.0,1.0,2,1.0,2.05,0.0
1191,Czech Liga (CZ),32702,4,Daniel Mareček,,3.0,0.5,0.65,0.0,1.0,2,1.0,0.0,0.05
1191,Czech Liga (CZ),32702,4,Daniel Mareček,,3.0,0.5,0.65,0.0,1.0,2,1.0,0.0,0.0
1191,Czech Liga (CZ),32702,4,Daniel Mareček,,3.0,0.5,0.0,1.65,0.6,112,0.4,2.05,0.05
1191,Czech Liga (CZ),32702,4,Daniel Mareček,,3.0,0.5,0.0,1.65,0.6,112,0.4,2.05,0.0
1191,Czech Liga (CZ),32702,4,Daniel Mareček,,3.0,0.5,0.0,1.65,0.6,112,0.4,0.0,0.05
1191,Czech Liga (CZ),32702,4,Daniel Mareček,,3.0,0.5,0.0,1.65,0.6,112,0.4,0.0,0.0
1191,Czech Liga (CZ),32702,4,Daniel Mareček,,3.0,0.5,0.0,1.65,0.6,112,1.0,2.05,0.05
1191,Czech Liga (CZ),32702,4,Daniel Mareček,,3.0,0.5,0.0,1.65,0.6,112,1.0,2.05,0.0
1191,Czech Liga (CZ),32702,4,Daniel Mareček,,3.0,0.5,0.0,1.65,0.6,112,1.0,0.0,0.05
1191,Czech Liga (CZ),32702,4,Daniel Mareček,,3.0,0.5,0.0,1.65,0.6,112,1.0,0.0,0.0
1191,Czech Liga (CZ),32702,4,Daniel Mareček,,3.0,0.5,0.0,1.65,0.6,2,0.4,2.05,0.05
1191,Czech Liga (CZ),32702,4,Daniel Mareček,,3.0,0.5,0.0,1.65,0.6,2,0.4,2.05,0.0
1191,Czech Liga (CZ),32702,4,Daniel Mareček,,3.0,0.5,0.0,1.65,0.6,2,0.4,0.0,0.05
1191,Czech Liga (CZ),32702,4,Daniel Mareček,,3.0,0.5,0.0,1.65,0.6,2,0.4,0.0,0.0
1191,Czech Liga (CZ),32702,4,Daniel Mareček,,3.0,0.5,0.0,1.65,0.6,2,1.0,2.05,0.05
1191,Czech Liga (CZ),32702,4,Daniel Mareček,,3.0,0.5,0.0,1.65,0.6,2,1.0,2.05,0.0
1191,Czech Liga (CZ),32702,4,Daniel Mareček,,3.0,0.5,0.0,1.65,0.6,2,1.0,0.0,0.05
1191,Czech Liga (CZ),32702,4,Daniel Mareček,,3.0,0.5,0.0,1.65,0.6,2,1.0,0.0,0.0
1191,Czech Liga (CZ),32702,4,Daniel Mareček,,3.0,0.5,0.0,1.65,1.0,112,0.4,2.05,0.05
1191,Czech Liga (CZ),32702,4,Daniel Mareček,,3.0,0.5,0.0,1.65,1.0,112,0.4,2.05,0.0
1191,Czech Liga (CZ),32702,4,Daniel Mareček,,3.0,0.5,0.0,1.65,1.0,112,0.4,0.0,0.05
1191,Czech Liga (CZ),32702,4,Daniel Mareček,,3.0,0.5,0.0,1.65,1.0,112,0.4,0.0,0.0
1191,Czech Liga (CZ),32702,4,Daniel Mareček,,3.0,0.5,0.0,1.65,1.0,112,1.0,2.05,0.05
1191,Czech Liga (CZ),32702,4,Daniel Mareček,,3.0,0.5,0.0,1.65,1.0,112,1.0,2.05,0.0
1191,Czech Liga (CZ),32702,4,Daniel Mareček,,3.0,0.5,0.0,1.65,1.0,112,1.0,0.0,0.05
1191,Czech Liga (CZ),32702,4,Daniel Mareček,,3.0,0.5,0.0,1.65,1.0,112,1.0,0.0,0.0
1191,Czech Liga (CZ),32702,4,Daniel Mareček,,3.0,0.5,0.0,1.65,1.0,2,0.4,2.05,0.05
1191,Czech Liga (CZ),32702,4,Daniel Mareček,,3.0,0.5,0.0,1.65,1.0,2,0.4,2.05,0.0
1191,Czech Liga (CZ),32702,4,Daniel Mareček,,3.0,0.5,0.0,1.65,1.0,2,0.4,0.0,0.05
1191,Czech Liga (CZ),32702,4,Daniel Mareček,,3.0,0.5,0.0,1.65,1.0,2,0.4,0.0,0.0
1191,Czech Liga (CZ),32702,4,Daniel Mareček,,3.0,0.5,0.0,1.65,1.0,2,1.0,2.05,0.05
1191,Czech Liga (CZ),32702,4,Daniel Mareček,,3.0,0.5,0.0,1.65,1.0,2,1.0,2.05,0.0
1191,Czech Liga (CZ),32702,4,Daniel Mareček,,3.0,0.5,0.0,1.65,1.0,2,1.0,0.0,0.05
1191,Czech Liga (CZ),32702,4,Daniel Mareček,,3.0,0.5,0.0,1.65,1.0,2,1.0,0.0,0.0
1191,Czech Liga (CZ),32702,4,Daniel Mareček,,3.0,0.5,0.0,0.0,0.6,112,0.4,2.05,0.05
1191,Czech Liga (CZ),32702,4,Daniel Mareček,,3.0,0.5,0.0,0.0,0.6,112,0.4,2.05,0.0
1191,Czech Liga (CZ),32702,4,Daniel Mareček,,3.0,0.5,0.0,0.0,0.6,112,0.4,0.0,0.05
1191,Czech Liga (CZ),32702,4,Daniel Mareček,,3.0,0.5,0.0,0.0,0.6,112,0.4,0.0,0.0
1191,Czech Liga (CZ),32702,4,Daniel Mareček,,3.0,0.5,0.0,0.0,0.6,112,1.0,2.05,0.05
1191,Czech Liga (CZ),32702,4,Daniel Mareček,,3.0,0.5,0.0,0.0,0.6,112,1.0,2.05,0.0
1191,Czech Liga (CZ),32702,4,Daniel Mareček,,3.0,0.5,0.0,0.0,0.6,112,1.0,0.0,0.05
1191,Czech Liga (CZ),32702,4,Daniel Mareček,,3.0,0.5,0.0,0.0,0.6,112,1.0,0.0,0.0
1191,Czech Liga (CZ),32702,4,Daniel Mareček,,3.0,0.5,0.0,0.0,0.6,2,0.4,2.05,0.05
1191,Czech Liga (CZ),32702,4,Daniel Mareček,,3.0,0.5,0.0,0.0,0.6,2,0.4,2.05,0.0
1191,Czech Liga (CZ),32702,4,Daniel Mareček,,3.0,0.5,0.0,0.0,0.6,2,0.4,0.0,0.05
1191,Czech Liga (CZ),32702,4,Daniel Mareček,,3.0,0.5,0.0,0.0,0.6,2,0.4,0.0,0.0
1191,Czech Liga (CZ),32702,4,Daniel Mareček,,3.0,0.5,0.0,0.0,0.6,2,1.0,2.05,0.05
1191,Czech Liga (CZ),32702,4,Daniel Mareček,,3.0,0.5,0.0,0.0,0.6,2,1.0,2.05,0.0
1191,Czech Liga (CZ),32702,4,Daniel Mareček,,3.0,0.5,0.0,0.0,0.6,2,1.0,0.0,0.05
1191,Czech Liga (CZ),32702,4,Daniel Mareček,,3.0,0.5,0.0,0.0,0.6,2,1.0,0.0,0.0
1191,Czech Liga (CZ),32702,4,Daniel Mareček,,3.0,0.5,0.0,0.0,1.0,112,0.4,2.05,0.05
1191,Czech Liga (CZ),32702,4,Daniel Mareček,,3.0,0.5,0.0,0.0,1.0,112,0.4,2.05,0.0
1191,Czech Liga (CZ),32702,4,Daniel Mareček,,3.0,0.5,0.0,0.0,1.0,112,0.4,0.0,0.05
1191,Czech Liga (CZ),32702,4,Daniel Mareček,,3.0,0.5,0.0,0.0,1.0,112,0.4,0.0,0.0
1191,Czech Liga (CZ),32702,4,Daniel Mareček,,3.0,0.5,0.0,0.0,1.0,112,1.0,2.05,0.05
1191,Czech Liga (CZ),32702,4,Daniel Mareček,,3.0,0.5,0.0,0.0,1.0,112,1.0,2.05,0.0
1191,Czech Liga (CZ),32702,4,Daniel Mareček,,3.0,0.5,0.0,0.0,1.0,112,1.0,0.0,0.05
1191,Czech Liga (CZ),32702,4,Daniel Mareček,,3.0,0.5,0.0,0.0,1.0,112,1.0,0.0,0.0
1191,Czech Liga (CZ),32702,4,Daniel Mareček,,3.0,0.5,0.0,0.0,1.0,2,0.4,2.05,0.05
1191,Czech Liga (CZ),32702,4,Daniel Mareček,,3.0,0.5,0.0,0.0,1.0,2,0.4,2.05,0.0
1191,Czech Liga (CZ),32702,4,Daniel Mareček,,3.0,0.5,0.0,0.0,1.0,2,0.4,0.0,0.05
1191,Czech Liga (CZ),32702,4,Daniel Mareček,,3.0,0.5,0.0,0.0,1.0,2,0.4,0.0,0.0
1191,Czech Liga (CZ),32702,4,Daniel Mareček,,3.0,0.5,0.0,0.0,1.0,2,1.0,2.05,0.05
1191,Czech Liga (CZ),32702,4,Daniel Mareček,,3.0,0.5,0.0,0.0,1.0,2,1.0,2.05,0.0
1191,Czech Liga (CZ),32702,4,Daniel Mareček,,3.0,0.5,0.0,0.0,1.0,2,1.0,0.0,0.05
1191,Czech Liga (CZ),32702,4,Daniel Mareček,,3.0,0.5,0.0,0.0,1.0,2,1.0,0.0,0.0
1191,Czech Liga (CZ),32702,4,Daniel Mareček,,3.0,0.0,0.65,1.65,0.6,112,0.4,2.05,0.05
1191,Czech Liga (CZ),32702,4,Daniel Mareček,,3.0,0.0,0.65,1.65,0.6,112,0.4,2.05,0.0
1191,Czech Liga (CZ),32702,4,Daniel Mareček,,3.0,0.0,0.65,1.65,0.6,112,0.4,0.0,0.05
1191,Czech Liga (CZ),32702,4,Daniel Mareček,,3.0,0.0,0.65,1.65,0.6,112,0.4,0.0,0.0
1191,Czech Liga (CZ),32702,4,Daniel Mareček,,3.0,0.0,0.65,1.65,0.6,112,1.0,2.05,0.05
1191,Czech Liga (CZ),32702,4,Daniel Mareček,,3.0,0.0,0.65,1.65,0.6,112,1.0,2.05,0.0
1191,Czech Liga (CZ),32702,4,Daniel Mareček,,3.0,0.0,0.65,1.65,0.6,112,1.0,0.0,0.05
1191,Czech Liga (CZ),32702,4,Daniel Mareček,,3.0,0.0,0.65,1.65,0.6,112,1.0,0.0,0.0
1191,Czech Liga (CZ),32702,4,Daniel Mareček,,3.0,0.0,0.65,1.65,0.6,2,0.4,2.05,0.05
1191,Czech Liga (CZ),32702,4,Daniel Mareček,,3.0,0.0,0.65,1.65,0.6,2,0.4,2.05,0.0
1191,Czech Liga (CZ),32702,4,Daniel Mareček,,3.0,0.0,0.65,1.65,0.6,2,0.4,0.0,0.05
1191,Czech Liga (CZ),32702,4,Daniel Mareček,,3.0,0.0,0.65,1.65,0.6,2,0.4,0.0,0.0
1191,Czech Liga (CZ),32702,4,Daniel Mareček,,3.0,0.0,0.65,1.65,0.6,2,1.0,2.05,0.05
1191,Czech Liga (CZ),32702,4,Daniel Mareček,,3.0,0.0,0.65,1.65,0.6,2,1.0,2.05,0.0
1191,Czech Liga (CZ),32702,4,Daniel Mareček,,3.0,0.0,0.65,1.65,0.6,2,1.0,0.0,0.05
1191,Czech Liga (CZ),32702,4,Daniel Mareček,,3.0,0.0,0.65,1.65,0.6,2,1.0,0.0,0.0
1191,Czech Liga (CZ),32702,4,Daniel Mareček,,3.0,0.0,0.65,1.65,1.0,112,0.4,2.05,0.05
1191,Czech Liga (CZ),32702,4,Daniel Mareček,,3.0,0.0,0.65,1.65,1.0,112,0.4,2.05,0.0
1191,Czech Liga (CZ),32702,4,Daniel Mareček,,3.0,0.0,0.65,1.65,1.0,112,0.4,0.0,0.05
1191,Czech Liga (CZ),32702,4,Daniel Mareček,,3.0,0.0,0.65,1.65,1.0,112,0.4,0.0,0.0
1191,Czech Liga (CZ),32702,4,Daniel Mareček,,3.0,0.0,0.65,1.65,1.0,112,1.0,2.05,0.05
1191,Czech Liga (CZ),32702,4,Daniel Mareček,,3.0,0.0,0.65,1.65,1.0,112,1.0,2.05,0.0
1191,Czech Liga (CZ),32702,4,Daniel Mareček,,3.0,0.0,0.65,1.65,1.0,112,1.0,0.0,0.05
1191,Czech Liga (CZ),32702,4,Daniel Mareček,,3.0,0.0,0.65,1.65,1.0,112,1.0,0.0,0.0
1191,Czech Liga (CZ),32702,4,Daniel Mareček,,3.0,0.0,0.65,1.65,1.0,2,0.4,2.05,0.05
1191,Czech Liga (CZ),32702,4,Daniel Mareček,,3.0,0.0,0.65,1.65,1.0,2,0.4,2.05,0.0
1191,Czech Liga (CZ),32702,4,Daniel Mareček,,3.0,0.0,0.65,1.65,1.0,2,0.4,0.0,0.05
1191,Czech Liga (CZ),32702,4,Daniel Mareček,,3.0,0.0,0.65,1.65,1.0,2,0.4,0.0,0.0
1191,Czech Liga (CZ),32702,4,Daniel Mareček,,3.0,0.0,0.65,1.65,1.0,2,1.0,2.05,0.05
1191,Czech Liga (CZ),32702,4,Daniel Mareček,,3.0,0.0,0.65,1.65,1.0,2,1.0,2.05,0.0
1191,Czech Liga (CZ),32702,4,Daniel Mareček,,3.0,0.0,0.65,1.65,1.0,2,1.0,0.0,0.05
1191,Czech Liga (CZ),32702,4,Daniel Mareček,,3.0,0.0,0.65,1.65,1.0,2,1.0,0.0,0.0
1191,Czech Liga (CZ),32702,4,Daniel Mareček,,3.0,0.0,0.65,0.0,0.6,112,0.4,2.05,0.05
1191,Czech Liga (CZ),32702,4,Daniel Mareček,,3.0,0.0,0.65,0.0,0.6,112,0.4,2.05,0.0
1191,Czech Liga (CZ),32702,4,Daniel Mareček,,3.0,0.0,0.65,0.0,0.6,112,0.4,0.0,0.05
1191,Czech Liga (CZ),32702,4,Daniel Mareček,,3.0,0.0,0.65,0.0,0.6,112,0.4,0.0,0.0
1191,Czech Liga (CZ),32702,4,Daniel Mareček,,3.0,0.0,0.65,0.0,0.6,112,1.0,2.05,0.05
1191,Czech Liga (CZ),32702,4,Daniel Mareček,,3.0,0.0,0.65,0.0,0.6,112,1.0,2.05,0.0
1191,Czech Liga (CZ),32702,4,Daniel Mareček,,3.0,0.0,0.65,0.0,0.6,112,1.0,0.0,0.05
1191,Czech Liga (CZ),32702,4,Daniel Mareček,,3.0,0.0,0.65,0.0,0.6,112,1.0,0.0,0.0
1191,Czech Liga (CZ),32702,4,Daniel Mareček,,3.0,0.0,0.65,0.0,0.6,2,0.4,2.05,0.05
1191,Czech Liga (CZ),32702,4,Daniel Mareček,,3.0,0.0,0.65,0.0,0.6,2,0.4,2.05,0.0
1191,Czech Liga (CZ),32702,4,Daniel Mareček,,3.0,0.0,0.65,0.0,0.6,2,0.4,0.0,0.05
1191,Czech Liga (CZ),32702,4,Daniel Mareček,,3.0,0.0,0.65,0.0,0.6,2,0.4,0.0,0.0
1191,Czech Liga (CZ),32702,4,Daniel Mareček,,3.0,0.0,0.65,0.0,0.6,2,1.0,2.05,0.05
1191,Czech Liga (CZ),32702,4,Daniel Mareček,,3.0,0.0,0.65,0.0,0.6,2,1.0,2.05,0.0
1191,Czech Liga (CZ),32702,4,Daniel Mareček,,3.0,0.0,0.65,0.0,0.6,2,1.0,0.0,0.05
1191,Czech Liga (CZ),32702,4,Daniel Mareček,,3.0,0.0,0.65,0.0,0.6,2,1.0,0.0,0.0
1191,Czech Liga (CZ),32702,4,Daniel Mareček,,3.0,0.0,0.65,0.0,1.0,112,0.4,2.05,0.05
1191,Czech Liga (CZ),32702,4,Daniel Mareček,,3.0,0.0,0.65,0.0,1.0,112,0.4,2.05,0.0
1191,Czech Liga (CZ),32702,4,Daniel Mareček,,3.0,0.0,0.65,0.0,1.0,112,0.4,0.0,0.05
1191,Czech Liga (CZ),32702,4,Daniel Mareček,,3.0,0.0,0.65,0.0,1.0,112,0.4,0.0,0.0
1191,Czech Liga (CZ),32702,4,Daniel Mareček,,3.0,0.0,0.65,0.0,1.0,112,1.0,2.05,0.05
1191,Czech Liga (CZ),32702,4,Daniel Mareček,,3.0,0.0,0.65,0.0,1.0,112,1.0,2.05,0.0
1191,Czech Liga (CZ),32702,4,Daniel Mareček,,3.0,0.0,0.65,0.0,1.0,112,1.0,0.0,0.05
1191,Czech Liga (CZ),32702,4,Daniel Mareček,,3.0,0.0,0.65,0.0,1.0,112,1.0,0.0,0.0
1191,Czech Liga (CZ),32702,4,Daniel Mareček,,3.0,0.0,0.65,0.0,1.0,2,0.4,2.05,0.05
1191,Czech Liga (CZ),32702,4,Daniel Mareček,,3.0,0.0,0.65,0.0,1.0,2,0.4,2.05,0.0
1191,Czech Liga (CZ),32702,4,Daniel Mareček,,3.0,0.0,0.65,0.0,1.0,2,0.4,0.0,0.05
1191,Czech Liga (CZ),32702,4,Daniel Mareček,,3.0,0.0,0.65,0.0,1.0,2,0.4,0.0,0.0
1191,Czech Liga (CZ),32702,4,Daniel Mareček,,3.0,0.0,0.65,0.0,1.0,2,1.0,2.05,0.05
1191,Czech Liga (CZ),32702,4,Daniel Mareček,,3.0,0.0,0.65,0.0,1.0,2,1.0,2.05,0.0
1191,Czech Liga (CZ),32702,4,Daniel Mareček,,3.0,0.0,0.65,0.0,1.0,2,1.0,0.0,0.05
1191,Czech Liga (CZ),32702,4,Daniel Mareček,,3.0,0.0,0.65,0.0,1.0,2,1.0,0.0,0.0
1191,Czech Liga (CZ),32702,4,Daniel Mareček,,3.0,0.0,0.0,1.65,0.6,112,0.4,2.05,0.05
1191,Czech Liga (CZ),32702,4,Daniel Mareček,,3.0,0.0,0.0,1.65,0.6,112,0.4,2.05,0.0
1191,Czech Liga (CZ),32702,4,Daniel Mareček,,3.0,0.0,0.0,1.65,0.6,112,0.4,0.0,0.05
1191,Czech Liga (CZ),32702,4,Daniel Mareček,,3.0,0.0,0.0,1.65,0.6,112,0.4,0.0,0.0
1191,Czech Liga (CZ),32702,4,Daniel Mareček,,3.0,0.0,0.0,1.65,0.6,112,1.0,2.05,0.05
1191,Czech Liga (CZ),32702,4,Daniel Mareček,,3.0,0.0,0.0,1.65,0.6,112,1.0,2.05,0.0
1191,Czech Liga (CZ),32702,4,Daniel Mareček,,3.0,0.0,0.0,1.65,0.6,112,1.0,0.0,0.05
1191,Czech Liga (CZ),32702,4,Daniel Mareček,,3.0,0.0,0.0,1.65,0.6,112,1.0,0.0,0.0
1191,Czech Liga (CZ),32702,4,Daniel Mareček,,3.0,0.0,0.0,1.65,0.6,2,0.4,2.05,0.05
1191,Czech Liga (CZ),32702,4,Daniel Mareček,,3.0,0.0,0.0,1.65,0.6,2,0.4,2.05,0.0
1191,Czech Liga (CZ),32702,4,Daniel Mareček,,3.0,0.0,0.0,1.65,0.6,2,0.4,0.0,0.05
1191,Czech Liga (CZ),32702,4,Daniel Mareček,,3.0,0.0,0.0,1.65,0.6,2,0.4,0.0,0.0
1191,Czech Liga (CZ),32702,4,Daniel Mareček,,3.0,0.0,0.0,1.65,0.6,2,1.0,2.05,0.05
1191,Czech Liga (CZ),32702,4,Daniel Mareček,,3.0,0.0,0.0,1.65,0.6,2,1.0,2.05,0.0
1191,Czech Liga (CZ),32702,4,Daniel Mareček,,3.0,0.0,0.0,1.65,0.6,2,1.0,0.0,0.05
1191,Czech Liga (CZ),32702,4,Daniel Mareček,,3.0,0.0,0.0,1.65,0.6,2,1.0,0.0,0.0
1191,Czech Liga (CZ),32702,4,Daniel Mareček,,3.0,0.0,0.0,1.65,1.0,112,0.4,2.05,0.05
1191,Czech Liga (CZ),32702,4,Daniel Mareček,,3.0,0.0,0.0,1.65,1.0,112,0.4,2.05,0.0
1191,Czech Liga (CZ),32702,4,Daniel Mareček,,3.0,0.0,0.0,1.65,1.0,112,0.4,0.0,0.05
1191,Czech Liga (CZ),32702,4,Daniel Mareček,,3.0,0.0,0.0,1.65,1.0,112,0.4,0.0,0.0
1191,Czech Liga (CZ),32702,4,Daniel Mareček,,3.0,0.0,0.0,1.65,1.0,112,1.0,2.05,0.05
1191,Czech Liga (CZ),32702,4,Daniel Mareček,,3.0,0.0,0.0,1.65,1.0,112,1.0,2.05,0.0
1191,Czech Liga (CZ),32702,4,Daniel Mareček,,3.0,0.0,0.0,1.65,1.0,112,1.0,0.0,0.05
1191,Czech Liga (CZ),32702,4,Daniel Mareček,,3.0,0.0,0.0,1.65,1.0,112,1.0,0.0,0.0
1191,Czech Liga (CZ),32702,4,Daniel Mareček,,3.0,0.0,0.0,1.65,1.0,2,0.4,2.05,0.05
1191,Czech Liga (CZ),32702,4,Daniel Mareček,,3.0,0.0,0.0,1.65,1.0,2,0.4,2.05,0.0
1191,Czech Liga (CZ),32702,4,Daniel Mareček,,3.0,0.0,0.0,1.65,1.0,2,0.4,0.0,0.05
1191,Czech Liga (CZ),32702,4,Daniel Mareček,,3.0,0.0,0.0,1.65,1.0,2,0.4,0.0,0.0
1191,Czech Liga (CZ),32702,4,Daniel Mareček,,3.0,0.0,0.0,1.65,1.0,2,1.0,2.05,0.05
1191,Czech Liga (CZ),32702,4,Daniel Mareček,,3.0,0.0,0.0,1.65,1.0,2,1.0,2.05,0.0
1191,Czech Liga (CZ),32702,4,Daniel Mareček,,3.0,0.0,0.0,1.65,1.0,2,1.0,0.0,0.05
1191,Czech Liga (CZ),32702,4,Daniel Mareček,,3.0,0.0,0.0,1.65,1.0,2,1.0,0.0,0.0
1191,Czech Liga (CZ),32702,4,Daniel Mareček,,3.0,0.0,0.0,0.0,0.6,112,0.4,2.05,0.05
1191,Czech Liga (CZ),32702,4,Daniel Mareček,,3.0,0.0,0.0,0.0,0.6,112,0.4,2.05,0.0
1191,Czech Liga (CZ),32702,4,Daniel Mareček,,3.0,0.0,0.0,0.0,0.6,112,0.4,0.0,0.05
1191,Czech Liga (CZ),32702,4,Daniel Mareček,,3.0,0.0,0.0,0.0,0.6,112,0.4,0.0,0.0
1191,Czech Liga (CZ),32702,4,Daniel Mareček,,3.0,0.0,0.0,0.0,0.6,112,1.0,2.05,0.05
1191,Czech Liga (CZ),32702,4,Daniel Mareček,,3.0,0.0,0.0,0.0,0.6,112,1.0,2.05,0.0
1191,Czech Liga (CZ),32702,4,Daniel Mareček,,3.0,0.0,0.0,0.0,0.6,112,1.0,0.0,0.05
1191,Czech Liga (CZ),32702,4,Daniel Mareček,,3.0,0.0,0.0,0.0,0.6,112,1.0,0.0,0.0
1191,Czech Liga (CZ),32702,4,Daniel Mareček,,3.0,0.0,0.0,0.0,0.6,2,0.4,2.05,0.05
1191,Czech Liga (CZ),32702,4,Daniel Mareček,,3.0,0.0,0.0,0.0,0.6,2,0.4,2.05,0.0
1191,Czech Liga (CZ),32702,4,Daniel Mareček,,3.0,0.0,0.0,0.0,0.6,2,0.4,0.0,0.05
1191,Czech Liga (CZ),32702,4,Daniel Mareček,,3.0,0.0,0.0,0.0,0.6,2,0.4,0.0,0.0
1191,Czech Liga (CZ),32702,4,Daniel Mareček,,3.0,0.0,0.0,0.0,0.6,2,1.0,2.05,0.05
1191,Czech Liga (CZ),32702,4,Daniel Mareček,,3.0,0.0,0.0,0.0,0.6,2,1.0,2.05,0.0
1191,Czech Liga (CZ),32702,4,Daniel Mareček,,3.0,0.0,0.0,0.0,0.6,2,1.0,0.0,0.05
1191,Czech Liga (CZ),32702,4,Daniel Mareček,,3.0,0.0,0.0,0.0,0.6,2,1.0,0.0,0.0
1191,Czech Liga (CZ),32702,4,Daniel Mareček,,3.0,0.0,0.0,0.0,1.0,112,0.4,2.05,0.05
1191,Czech Liga (CZ),32702,4,Daniel Mareček,,3.0,0.0,0.0,0.0,1.0,112,0.4,2.05,0.0
1191,Czech Liga (CZ),32702,4,Daniel Mareček,,3.0,0.0,0.0,0.0,1.0,112,0.4,0.0,0.05
1191,Czech Liga (CZ),32702,4,Daniel Mareček,,3.0,0.0,0.0,0.0,1.0,112,0.4,0.0,0.0
1191,Czech Liga (CZ),32702,4,Daniel Mareček,,3.0,0.0,0.0,0.0,1.0,112,1.0,2.05,0.05
1191,Czech Liga (CZ),32702,4,Daniel Mareček,,3.0,0.0,0.0,0.0,1.0,112,1.0,2.05,0.0
1191,Czech Liga (CZ),32702,4,Daniel Mareček,,3.0,0.0,0.0,0.0,1.0,112,1.0,0.0,0.05
1191,Czech Liga (CZ),32702,4,Daniel Mareček,,3.0,0.0,0.0,0.0,1.0,112,1.0,0.0,0.0
1191,Czech Liga (CZ),32702,4,Daniel Mareček,,3.0,0.0,0.0,0.0,1.0,2,0.4,2.05,0.05
1191,Czech Liga (CZ),32702,4,Daniel Mareček,,3.0,0.0,0.0,0.0,1.0,2,0.4,2.05,0.0
1191,Czech Liga (CZ),32702,4,Daniel Mareček,,3.0,0.0,0.0,0.0,1.0,2,0.4,0.0,0.05
1191,Czech Liga (CZ),32702,4,Daniel Mareček,,3.0,0.0,0.0,0.0,1.0,2,0.4,0.0,0.0
1191,Czech Liga (CZ),32702,4,Daniel Mareček,,3.0,0.0,0.0,0.0,1.0,2,1.0,2.05,0.05
1191,Czech Liga (CZ),32702,4,Daniel Mareček,,3.0,0.0,0.0,0.0,1.0,2,1.0,2.05,0.0
1191,Czech Liga (CZ),32702,4,Daniel Mareček,,3.0,0.0,0.0,0.0,1.0,2,1.0,0.0,0.05
1191,Czech Liga (CZ),32702,4,Daniel Mareček,,3.0,0.0,0.0,0.0,1.0,2,1.0,0.0,0.0
1191,Czech Liga (CZ),32703,30,Michal Kohút,M. Kohút,2.0,0.8,0.4,2.3,1.1,61,1.2,3.7,0.4
1191,Czech Liga (CZ),32708,2,Samson Tijani,S. Tijani,0.06,0.17,0.0,2.72,0.28,17,0.44,1.22,0.67
1191,Czech Liga (CZ),34071,2,David Zima,D. Zima,0.67,0.06,0.44,1.39,0.17,25,0.83,1.94,5.0
1191,Czech Liga (CZ),34072,11,Oscar Murphy Dorley,O. Dorley,0.8,0.8,0.87,3.4,0.6,37,1.6,2.53,2.0
1191,Czech Liga (CZ),34106,1,Jakub Křišťan,J. Křišťan,0.8,0.1,0.3,2.5,0.2,13,0.1,2.8,0.1
1191,Czech Liga (CZ),34107,3,Tomáš Rigo,T. Rigo,0.5,0.75,0.5,2.5,0.5,5,1.0,3.75,0.5
1191,Czech Liga (CZ),34109,78,Denis Visinsky,D. Visinsky,4.2,0.53,0.47,1.4,1.87,123,1.6,3.2,0.47
1191,Czech Liga (CZ),34135,4,Marios Pourzitidis,M. Pourzitidis,0.28,0.61,0.33,0.39,0.0,23,1.44,3.5,4.11
1191,Czech Liga (CZ),34626,2,Jonathan Mulder,J. Mulder,0.14,0.29,0.36,0.93,0.14,26,0.71,3.86,1.93
1191,Czech Liga (CZ),37021,56,Milan Ristovski,M. Ristovski,3.18,0.14,0.5,1.32,1.0,74,1.27,2.05,0.14
1191,Czech Liga (CZ),37086,38,Cheick Oumar Souaré,C. Souaré,1.61,1.44,0.44,1.78,0.5,74,1.67,4.78,0.67
1191,Czech Liga (CZ),37275,2,Dominik Janošek,D. Janošek,1.36,0.09,0.36,2.18,0.73,23,1.09,4.45,0.45
1191,Czech Liga (CZ),37277,1,Jan Král,J. Král,0.35,0.0,0.06,0.47,0.0,3,0.06,0.82,1.65
1191,Czech Liga (CZ),37278,1,Daniel Souček,D. Souček,0.0,0.22,0.06,2.44,0.22,12,0.22,1.44,1.44
1191,Czech Liga (CZ),37284,25,Michal Hlavatý,M. Hlavatý,1.45,0.8,1.45,8.25,1.85,110,1.6,8.5,1.7
1191,Czech Liga (CZ),37401,0,Jakub Kolář,J. Kolář,0.17,0.0,0.0,1.17,0.0,3,0.5,0.67,3.83
1191,Czech Liga (CZ),37416,79,David Puškáč,D. Puškáč,1.57,0.14,0.14,0.9,0.67,51,0.57,0.71,0.05
1191,Czech Liga (CZ),37423,5,Joss Didiba Moudoumbou,J. Didiba,0.95,0.6,0.2,3.85,0.6,42,0.65,3.6,0.7
1191,Czech Liga (CZ),37430,1,Dalibor Večerka,D. Večerka,0.19,0.29,0.05,0.57,0.0,5,0.48,1.9,4.67
1191,Czech Liga (CZ),37432,25,David Douděra,D. Douděra,1.65,1.65,0.65,0.41,0.18,64,2.18,4.0,1.47
1191,Czech Liga (CZ),37434,1,David Šimek,D. Šimek,0.17,0.0,0.0,0.5,0.17,3,0.0,0.17,0.83
1191,Czech Liga (CZ),37435,223,Lukáš Mašek,L. Mašek,5.09,0.05,0.14,0.95,0.77,82,0.05,1.05,0.05
1191,Czech Liga (CZ),37437,13,Pavel Šulc,P. Šulc,3.0,0.5,1.0,4.5,4.0,15,2.0,6.5,0.0
1191,Czech Liga (CZ),37440,14,Josef Koželuh,J. Koželuh,0.5,1.5,0.67,0.0,0.0,39,1.75,3.42,1.92
1191,Czech Liga (CZ),37448,36,Dominik Kostka,D. Kostka,0.95,1.3,0.4,0.6,0.2,122,1.95,4.4,1.55
1191,Czech Liga (CZ),37456,37,Samuel Šimek,S. Šimek,2.05,0.57,0.71,2.95,1.1,76,1.19,3.9,1.05
1191,Czech Liga (CZ),37474,24,Filip Zorvan,F. Zorvan,2.71,0.29,0.29,6.29,1.71,79,2.0,4.86,0.21
1191,Czech Liga (CZ),37484,2,Vojtěch Smrž,V. Smrž,0.55,0.09,0.0,1.09,0.36,13,0.36,1.27,0.18
1191,Czech Liga (CZ),37492,1,Lukáš Čmelík,L. Čmelík,1.0,0.0,0.0,1.0,0.0,1,1.0,1.0,1.0
1191,Czech Liga (CZ),37497,0,Jan Vondra,J. Vondra,0.0,0.11,0.0,0.21,0.0,2,0.16,0.74,1.95
1191,Czech Liga (CZ),37501,4,Filip Kubala,F. Kubala,1.0,1.0,0.0,1.0,0.0,3,0.0,1.0,0.0
1191,Czech Liga (CZ),37504,130,Mojmír Chytil,M. Chytil,5.61,0.28,0.17,1.44,0.78,49,0.44,0.89,0.06
1191,Czech Liga (CZ),37524,1,Martin Králik,M. Králik,0.14,0.18,0.05,0.36,0.0,8,0.14,1.09,2.0
1191,Czech Liga (CZ),37535,7,Filip Čihák,F. Čihák,0.31,0.08,0.31,0.31,0.23,10,0.38,1.92,3.54
1191,Czech Liga (CZ),37545,10,Samuel Dancák,S. Dancák,0.18,0.27,0.86,6.05,0.41,50,0.64,4.68,1.77
1191,Czech Liga (CZ),37562,39,Daniel Langhamer,D. Langhamer,2.39,0.56,0.56,2.89,0.78,149,1.28,3.22,0.44
1191,Czech Liga (CZ),37564,46,Daniel Trubač,D. Trubač,1.52,0.29,0.48,2.86,0.9,96,1.43,3.62,0.19
1191,Czech Liga (CZ),37568,15,Robert Jukl,R. Jukl,0.95,0.05,0.11,2.37,0.47,38,0.32,2.53,0.11
1191,Czech Liga (CZ),37572,60,Matěj Radosta,M. Radosta,2.0,1.35,0.3,1.25,0.3,142,1.95,2.4,0.65
1191,Czech Liga (CZ),37574,40,Gigli Ndefe,Gigli Ndefe,1.05,1.33,0.14,0.71,0.29,60,2.43,2.95,1.86
1191,Czech Liga (CZ),37595,14,Štěpán Harazim,Š. Harazim,0.14,1.71,0.14,0.43,0.0,29,2.14,3.29,1.71
1191,Czech Liga (CZ),37603,69,Matyáš Kozák,M. Kozák,2.29,0.12,0.29,1.47,0.88,72,0.65,1.0,0.06
1191,Czech Liga (CZ),37610,9,Daniel Tetour,D. Tetour,1.64,0.18,0.64,1.91,0.82,49,0.73,5.73,0.45
1191,Czech Liga (CZ),37612,6,Jiří Fleišman,J. Fleišman,0.21,1.53,0.68,0.53,0.05,51,1.53,3.95,3.79
1191,Czech Liga (CZ),37613,0,Jaroslav Svozil,J. Svozil,0.05,0.0,0.11,0.53,0.0,2,0.21,1.21,2.05
1191,Czech Liga (CZ),37616,62,David Buchta,D. Buchta,2.68,0.37,0.47,2.21,0.63,112,1.0,2.21,0.11
1191,Czech Liga (CZ),37618,47,Muhamed Tijani,M. Tijani,2.54,0.0,0.0,0.23,0.23,23,0.31,0.77,0.0
1191,Czech Liga (CZ),37626,0,Marek Hanousek,M. Hanousek,0.0,0.0,0.25,2.5,0.25,3,0.0,3.75,0.0
1191,Czech Liga (CZ),37646,0,Denis Darmovzal,D. Darmovzal,0.0,0.0,0.0,1.0,0.0,6,0.0,0.5,0.5
1191,Czech Liga (CZ),37650,0,Petr Kodeš,P. Kodeš,0.17,0.0,0.33,3.5,1.17,10,0.83,3.33,0.83
1191,Czech Liga (CZ),37652,26,Michal Ševčík,M. Ševčík,3.25,0.15,0.2,2.65,0.65,107,0.95,4.0,0.1
1191,Czech Liga (CZ),37653,3,Jakub Černín,J. Černín,0.33,0.0,0.0,0.33,0.0,4,0.33,0.4,2.53
1191,Czech Liga (CZ),37662,2,Vojtěch Stránský,V. Stránský,0.61,0.22,0.26,4.78,0.87,65,0.91,5.04,0.52
1191,Czech Liga (CZ),37669,51,Vojtěch  Sychra,V. Sychra,1.28,0.5,0.61,1.0,0.17,84,1.33,2.17,0.28
1191,Czech Liga (CZ),37857,53,Žan Medved,Ž. Medved,4.57,0.14,0.29,0.57,0.29,35,0.14,1.71,0.0
1191,Czech Liga (CZ),40114,0,Abdoulaye Sylla,A. Sylla,0.0,0.0,0.0,0.32,0.0,0,0.21,0.68,3.11
1191,Czech Liga (CZ),40624,3,Kristián Vallo,K. Vallo,0.25,0.25,0.25,1.0,0.25,7,1.25,2.0,1.0
1191,Czech Liga (CZ),41135,0,Ivan Varfolomeev,Ivan Varfolomeev,0.33,0.0,0.67,0.0,0.0,0,0.0,0.67,0.0
1191,Czech Liga (CZ),42252,0,Ondřej Kukučka,O. Kukučka,0.0,0.0,0.0,0.17,0.17,0,0.33,0.17,1.5
1191,Czech Liga (CZ),42254,34,Matěj Ryneš,M. Ryneš,1.05,1.79,0.84,0.63,0.32,132,2.0,5.84,2.58
1191,Czech Liga (CZ),42317,91,Raimonds Krollis,R. Krollis,4.28,0.11,0.17,1.44,1.17,61,0.56,1.67,0.06
1191,Czech Liga (CZ),42941,0,Ivan Anokye Mensah,I. Mensah,0.0,0.0,0.0,0.0,0.0,0,1.0,3.0,4.0
1191,Czech Liga (CZ),43023,9,Abdul Azizi Kayondo,A. Kayondo,0.89,1.61,0.56,0.06,0.0,83,2.0,4.17,1.0
1191,Czech Liga (CZ),43085,80,Adam Griger,A. Griger,1.74,0.05,0.05,0.58,0.58,30,0.26,0.42,0.05
1191,Czech Liga (CZ),43330,7,Adam Kadlec,A. Kadlec,0.45,1.1,0.2,0.15,0.05,47,1.45,2.7,0.75
1191,Czech Liga (CZ),43746,5,Joao Alberto Grimaldo Ubidia,J. Grimaldo,0.75,0.0,0.0,0.0,0.0,9,0.25,0.5,0.25
1191,Czech Liga (CZ),45924,0,Bogdan Slyubyk,B. Slyubyk,,,,,,0,,,
1191,Czech Liga (CZ),46175,31,Eric Kleybel Ramírez Matheus,E. Ramírez,2.75,0.5,0.12,0.25,0.5,31,0.5,1.5,0.0
1191,Czech Liga (CZ),46179,0,Matúš Malý,M. Malý,0.6,0.2,0.6,0.4,0.0,1,0.2,1.0,4.2
1191,Czech Liga (CZ),47194,9,Jan Fiala,J. Fiala,1.17,0.17,0.33,0.17,1.0,15,0.67,1.67,0.0
1191,Czech Liga (CZ),47296,32,David Tkáč,D. Tkáč,4.0,0.22,0.0,2.56,3.22,57,1.56,4.67,0.22
1191,Czech Liga (CZ),47400,21,Ladislav Krobot,L. Krobot,2.17,0.67,0.0,1.17,0.58,39,0.67,1.25,0.0
1191,Czech Liga (CZ),49255,4,Matúš Rusnák,M. Rusnák,0.86,0.86,0.14,0.14,0.0,9,2.43,1.71,1.14
1191,Czech Liga (CZ),50533,7,Matěj Hadaš,M. Hadaš,0.33,1.13,0.4,0.4,0.0,43,2.0,4.8,2.6
1191,Czech Liga (CZ),57209,5,Eldar Šehić,E. Šehić,0.33,1.17,1.17,0.33,0.0,21,2.17,2.33,0.17
1191,Czech Liga (CZ),60160,12,Josef Svanda,J. Svanda,0.56,0.44,0.12,0.38,0.25,45,2.44,1.94,0.31
1191,Czech Liga (CZ),60165,0,Filip Panák,F. Panák,0.27,0.0,0.0,0.55,0.09,4,0.18,0.64,1.64
1191,Czech Liga (CZ),60166,69,Erik Prekop,E. Prekop,3.67,0.13,0.0,0.8,1.07,43,0.4,0.6,0.07
1191,Czech Liga (CZ),60167,112,Daniel Vašulín,D. Vašulín,5.06,0.12,0.24,1.06,0.94,54,0.59,0.71,0.12
1191,Czech Liga (CZ),60168,1,Denis Donát,D. Donát,0.2,0.2,0.4,0.8,0.0,10,0.5,1.3,1.2
1191,Czech Liga (CZ),60169,109,Adam Vlkanova,A. Vlkanova,3.21,0.42,0.63,2.21,1.47,219,3.58,2.53,0.63
1191,Czech Liga (CZ),60175,45,Matěj Koubek,M. Koubek,1.8,0.53,0.0,0.67,0.4,57,0.47,0.87,0.13
1191,Czech Liga (CZ),60533,13,Oliver Sonne,O. Sonne,4.25,4.75,1.0,0.75,0.0,19,1.5,7.5,3.5
1191,Czech Liga (CZ),60678,146,Veljko Birmančević,V. Birmančević,8.44,0.44,0.56,5.94,2.38,128,2.94,2.62,0.38
1191,Czech Liga (CZ),60954,114,Filip Vecheta,F. Vecheta,3.05,0.0,0.0,1.4,0.85,55,0.4,0.45,0.05
1191,Czech Liga (CZ),61055,6,Nelson  Okeke,N. Okeke,0.44,0.22,0.56,4.06,0.39,31,0.56,3.28,0.72
1191,Czech Liga (CZ),61193,0,Jetmir Haliti,J. Haliti,0.0,0.0,0.0,0.0,0.0,0,0.0,0.0,0.0
1191,Czech Liga (CZ),61389,34,Christián Frýdek,C. Frýdek,2.14,0.14,0.5,3.07,1.71,99,1.64,4.36,0.29
1191,Czech Liga (CZ),61837,20,Richard Sedláček,R. Sedláček,1.29,0.35,0.41,5.59,0.65,117,1.12,5.76,1.29
1191,Czech Liga (CZ),62126,2,Štěpán Chaloupek,Š. Chaloupek,1.0,0.3,0.35,0.95,0.25,13,0.65,1.6,2.65
1191,Czech Liga (CZ),63192,3,David Jurásek,D. Jurásek,3.0,4.25,0.5,0.25,0.0,23,3.75,5.0,2.5
1191,Czech Liga (CZ),64370,37,Marko Regža,M. Regža,7.0,0.25,0.0,1.5,0.5,18,0.25,0.5,0.0
1191,Czech Liga (CZ),64399,14,Sivert Heggheim Mannsverk,S. Mannsverk,1.0,0.25,0.25,5.92,0.58,55,0.33,4.83,2.0
1191,Czech Liga (CZ),64472,22,Sebastian Nebyla,S. Nebyla,3.5,0.62,0.44,5.75,1.31,107,1.19,4.81,0.69
1191,Czech Liga (CZ),65024,14,Ryan Mahuta,R. Mahuta,1.29,3.82,0.76,0.65,0.24,113,2.12,4.65,2.35
1191,Czech Liga (CZ),66238,14,Danijel Šturm,D. Šturm,2.0,3.33,0.33,0.0,0.0,24,2.67,3.67,1.33
1191,Czech Liga (CZ),67584,4,Martin Šviderský,M. Šviderský,0.33,0.25,0.67,3.67,1.0,51,0.75,3.42,0.75
1191,Czech Liga (CZ),68243,1,František Čech,F. Čech,0.06,0.06,0.11,0.5,0.11,14,1.39,2.06,3.83
1191,Czech Liga (CZ),70271,0,Denis Vala,D. Vala,0.0,0.0,0.0,0.0,0.0,0,0.0,0.5,0.0
1191,Czech Liga (CZ),70274,174,Rafiu Durosinmi,R. Durosinmi,6.53,0.12,0.35,1.29,1.24,110,1.41,1.76,0.0
1191,Czech Liga (CZ),72173,8,Kaan Kairinen,K. Kairinen,1.64,0.36,0.5,11.55,0.73,76,0.64,8.95,3.45
1191,Czech Liga (CZ),81744,21,Nicolas Penner,N. Penner,0.69,0.56,0.62,0.88,0.31,73,0.81,1.69,0.31
1191,Czech Liga (CZ),90618,27,Petr Jaroň,P. Jaroň,2.5,0.25,0.5,2.25,1.0,22,1.75,1.5,0.5
1191,Czech Liga (CZ),91219,1,Sampson Kazorla Dweh Jr.,S. Dweh,0.13,0.27,0.07,0.47,0.07,4,0.13,0.67,2.33
1191,Czech Liga (CZ),91230,3,Divine Roosevelt Teah,D. Teah,0.25,0.12,0.75,0.88,0.38,20,0.88,2.5,0.62
1191,Czech Liga (CZ),101504,76,Namory Noel Cissé,N. Cissé,2.92,0.15,0.15,1.31,0.69,61,0.92,1.15,0.15
1191,Czech Liga (CZ),105880,26,Matěj Náprstek,M. Náprstek,0.92,0.08,0.31,1.31,0.54,45,0.62,2.31,0.08
1191,Czech Liga (CZ),113270,7,Martin Suchomel,M. Suchomel,0.2,0.6,0.4,0.8,0.0,12,1.0,3.2,1.4
1191,Czech Liga (CZ),113720,34,Jakub Kučera,J. Kučera,1.23,1.54,1.23,1.46,0.62,86,2.15,3.77,0.54
1191,Czech Liga (CZ),113723,23,Jiří Boula,J. Boula,2.29,0.43,0.38,3.1,1.29,134,1.19,5.43,1.19
1191,Czech Liga (CZ),113724,21,Matěj Šín,M. Šín,3.0,0.25,0.5,2.25,2.25,36,1.0,3.25,0.0
1191,Czech Liga (CZ),116314,8,Dario Kreiker,D. Kreiker,0.75,0.75,0.5,0.25,0.5,18,1.5,1.25,0.5
1191,Czech Liga (CZ),116942,10,Václav Sejk,V. Sejk,3.5,0.5,0.0,1.5,0.0,15,0.0,2.5,0.0
1191,Czech Liga (CZ),117266,64,Pavel Juroška,P. Juroška,1.29,0.36,0.29,0.86,1.0,58,1.29,1.21,0.07
1191,Czech Liga (CZ),120300,4,Karel Pojezný,K. Pojezný,0.71,0.88,0.18,0.35,0.24,51,1.12,2.65,1.76
1191,Czech Liga (CZ),132652,104,Ahmad Ghali,A. Ghali,3.41,1.06,0.71,1.47,1.24,133,2.88,3.35,1.41
1191,Czech Liga (CZ),141362,44,Christos Zafeiris,C. Zafeiris,1.88,0.82,1.24,3.65,1.41,84,1.18,4.35,0.41
1191,Czech Liga (CZ),141743,81,John Anthony Mercado Cuero,J. Mercado,2.33,1.33,0.33,0.56,0.22,103,1.83,2.33,1.06
1191,Czech Liga (CZ),142841,7,Jan Trédl,J. Trédl,0.75,0.5,0.25,0.38,0.12,12,0.88,2.38,0.75
1191,Czech Liga (CZ),142842,2,Matěj Žitný,M. Žitný,0.47,0.07,0.07,1.07,0.27,15,0.33,1.67,0.07
1191,Czech Liga (CZ),145090,0,Dominik Mareš,D. Mareš,0.0,1.0,0.0,0.0,0.0,0,0.0,4.0,4.0
1191,Czech Liga (CZ),150001,58,Daniel Smékal,D. Smékal,2.79,0.07,0.14,1.43,0.71,56,1.0,0.86,0.14
1191,Czech Liga (CZ),150002,14,Filip Slavicek,F. Slavicek,1.53,1.2,0.53,0.07,0.13,73,2.73,4.6,1.73
1191,Czech Liga (CZ),150003,9,Filip Prebsl,F. Prebsl,0.55,0.59,0.68,0.73,0.09,47,1.36,3.36,4.41
1191,Czech Liga (CZ),152233,23,Patrik Vydra,P. Vydra,1.21,0.11,0.47,3.89,0.74,63,0.63,3.16,1.21
1191,Czech Liga (CZ),152944,0,Augustin Drakpe,A. Drakpe,0.0,0.0,0.0,0.0,0.0,2,0.0,0.0,1.0
1191,Czech Liga (CZ),155718,37,Štěpán Langer,Š. Langer,2.69,0.31,0.75,3.81,1.19,85,0.94,3.69,0.31
1191,Czech Liga (CZ),156910,0,Renato Pantalon,R. Pantalon,0.2,0.4,0.2,0.4,0.0,3,0.0,2.0,6.2
1191,Czech Liga (CZ),161001,0,Andres Dumitrescu,A. Dumitrescu,0.5,0.0,0.0,0.0,0.0,3,1.5,1.0,1.5
1191,Czech Liga (CZ),162444,3,Sebastian Boháč,S. Boháč,0.42,0.17,0.25,2.17,0.25,26,0.75,3.92,0.58
1191,Czech Liga (CZ),163283,36,Artūr Dolžnikov,A. Dolžnikov,1.45,0.55,0.27,1.0,0.36,48,1.64,1.82,0.36
1191,Czech Liga (CZ),163715,6,Peter Baráth,P. Baráth,3.25,0.5,0.0,10.0,0.25,15,1.5,7.25,2.25
1191,Czech Liga (CZ),164680,2,Benson Sakala,B. Sakala,0.33,0.17,0.22,2.33,0.44,26,0.28,2.11,1.78
1191,Czech Liga (CZ),166042,3,Filip Vaško,F. Vaško,0.47,0.0,0.24,0.35,0.0,15,1.06,2.41,4.24
1191,Czech Liga (CZ),167211,1,Dario Grgić,D. Grgić,0.5,0.0,0.5,0.5,0.0,3,1.0,1.0,0.0
1191,Czech Liga (CZ),170803,0,Dominique Simon,D. Simon,1.0,0.0,0.0,2.0,0.0,2,2.0,1.0,0.0
1191,Czech Liga (CZ),170807,23,Robi Saarma,R. Saarma,1.41,0.88,0.12,0.24,0.0,57,1.18,2.47,0.76
1191,Czech Liga (CZ),170808,52,Ebrima Singhateh,E. Singhateh,1.57,0.43,0.43,1.5,0.64,121,2.57,1.93,0.5
1191,Czech Liga (CZ),176468,198,Abdallah  Gning,A. Gning,6.13,0.09,0.17,1.87,0.83,125,0.52,1.43,0.09
1191,Czech Liga (CZ),176476,10,Merchas Doski,Merchas Doski,0.68,0.84,0.32,0.68,0.32,56,1.42,2.68,1.89
1191,Czech Liga (CZ),176792,1,Tomáš Vlček,T. Vlček,0.25,0.88,0.62,0.5,0.0,5,0.75,1.38,2.88
1191,Czech Liga (CZ),176799,11,Marek Icha,M. Icha,0.41,1.55,0.45,0.64,0.23,55,1.09,4.36,1.82
1191,Czech Liga (CZ),182530,4,Ondřej Kričfaluši,O. Kričfaluši,0.71,0.12,0.06,3.53,0.53,26,0.53,3.76,2.29
1191,Czech Liga (CZ),184878,6,Lucas Kubr,L. Kubr,0.4,0.6,1.0,0.0,0.4,10,0.8,0.4,0.2
1191,Czech Liga (CZ),231512,3,Cletus Daho Nombil,C. Nombil,0.3,0.0,0.1,3.75,0.4,52,0.4,4.45,1.3
1191,Czech Liga (CZ),257440,1,Ermal Krasniqi,E. Krasniqi,0.0,0.0,1.0,2.0,1.0,6,2.0,2.0,0.0
1191,Czech Liga (CZ),257449,161,Albion Rrahmani,A. Rrahmani,7.13,0.3,0.26,2.48,1.83,146,1.0,2.26,0.22
1191,Czech Liga (CZ),280434,18,Martin Šubert,M. Šubert,1.07,1.0,1.21,1.14,0.21,109,0.71,3.0,0.71
1191,Czech Liga (CZ),280446,25,Albert Labík,A. Labík,1.5,1.0,0.61,3.78,1.39,104,2.06,7.5,2.83
1191,Czech Liga (CZ),285157,22,Garang Kuol,G. Kuol,1.2,0.4,0.2,0.5,0.4,28,0.9,0.6,0.3
1191,Czech Liga (CZ),324429,0,Mikuláš Konečný,M. Konečný,0.21,0.29,0.21,0.86,0.07,18,0.86,2.79,2.79
1191,Czech Liga (CZ),334261,3,Laurent Kissiedou,L. Kissiedou,2.0,0.0,0.0,1.0,3.0,12,0.0,5.0,0.0
1191,Czech Liga (CZ),384682,9,Pavel Gaszczyk,P. Gaszczyk,0.75,0.25,0.88,2.0,0.38,23,0.75,3.0,1.38
1191,Czech Liga (CZ),406682,13,Lukas Vorlický,L. Vorlický,1.38,0.5,0.5,0.88,0.12,19,1.75,1.62,0.0
1191,Czech Liga (CZ),416105,4,Ange Caumenan N''Guessan,A. N''Guessan,0.05,0.05,0.05,0.37,0.11,8,0.21,0.32,3.42
1191,Czech Liga (CZ),483530,85,Stanley Guzorochi Kanu,S. Kanu,1.75,0.2,0.0,0.65,0.35,60,0.55,0.45,0.05
1191,Czech Liga (CZ),530006,14,Seung-Bin Kim,Kim Seung-Bin,1.25,0.75,0.25,3.5,1.5,27,1.5,2.0,1.75
1191,Czech Liga (CZ),530007,44,Marcel Čermák,M. Čermák,3.05,0.86,0.91,3.68,1.73,208,2.14,4.64,0.55
1191,Czech Liga (CZ),531469,71,Tom Slončík,T. Slončík,2.75,0.94,1.56,3.06,2.12,190,3.25,4.75,0.19
1191,Czech Liga (CZ),541072,142,Matyáš Vojta,M. Vojta,4.85,0.05,0.2,1.65,1.0,92,0.7,0.95,0.0
1191,Czech Liga (CZ),564789,15,Boubou Diallo,B. Diallo,3.17,0.17,0.0,0.17,0.5,17,0.0,1.0,0.0
1191,Czech Liga (CZ),584984,33,Simion Michez,S. Michez,2.0,1.27,0.27,1.09,0.36,59,1.64,1.73,0.27
1191,Czech Liga (CZ),584986,36,Christophe Kabongo,C. Kabongo,2.75,0.08,0.17,0.83,0.17,35,0.58,0.92,0.0
1191,Czech Liga (CZ),599364,12,MIlan Lexa,M. Lexa,0.75,0.58,0.33,0.67,0.5,35,0.5,1.5,0.25
1191,Czech Liga (CZ),625763,0,Vojtěch Hora,V. Hora,0.0,1.0,0.0,0.0,0.0,0,0.0,0.0,0.0
1191,Czech Liga (CZ),637204,33,Alexandr Sojka,A. Sojka,2.19,1.48,1.0,3.38,0.95,148,1.9,5.14,1.1
1191,Czech Liga (CZ),637205,2,Jan Paluska,J. Paluska,0.15,1.0,0.69,0.38,0.0,15,1.85,3.85,3.46
1191,Czech Liga (CZ),659717,22,Alexandr Bužek,A. Bužek,0.73,0.53,0.53,3.4,1.07,82,1.87,3.47,1.47
1191,Czech Liga (CZ),666212,7,Santiago Eneme Bokari,Santiago Eneme,0.91,0.36,0.09,3.27,0.73,33,0.82,3.27,0.36
1191,Czech Liga (CZ),687654,1,Nino Milić,N. Milić,0.0,0.5,0.0,0.0,0.0,3,1.0,3.5,1.0
1191,Czech Liga (CZ),698157,23,Salim Fago Lawal,S. Lawal,3.0,0.25,0.0,1.25,1.5,19,0.25,1.0,0.0
1191,Czech Liga (CZ),698192,4,Samuel Kopásek,S. Kopásek,1.5,1.0,0.5,0.5,0.0,4,1.5,2.5,0.5
1191,Czech Liga (CZ),704810,7,Andrej Stojcevski,A. Stojcevski,0.32,0.37,0.53,0.79,0.21,29,1.0,3.11,1.84
1191,Czech Liga (CZ),714161,30,Petr Juliš,P. Juliš,1.53,0.2,0.27,0.67,0.6,47,1.07,1.2,0.13
1191,Czech Liga (CZ),714162,0,Denis Halinský,D. Halinský,0.0,0.05,0.1,0.48,0.05,14,0.43,0.62,3.48
1191,Czech Liga (CZ),715110,125,Abdoull Tanko,A. Tanko,3.29,0.62,0.57,0.9,0.81,163,2.0,1.57,0.48
1191,Czech Liga (CZ),715786,10,David  Moses,D. Moses,0.94,1.41,1.18,2.94,0.71,66,1.88,4.06,1.47
1191,Czech Liga (CZ),715825,69,Amar Memić,A. Memić,2.23,0.91,0.41,1.18,0.18,154,1.77,3.86,1.05
1191,Czech Liga (CZ),715826,79,Lucky Ezeh,L. Ezeh,1.79,0.0,0.05,0.47,0.37,49,0.16,0.74,0.05
1191,Czech Liga (CZ),715828,5,Dávid Krčík,D. Krčík,0.64,0.36,0.27,1.0,0.09,17,0.36,2.14,5.68
1191,Czech Liga (CZ),716310,18,Michal Bílek,M. Bílek,0.47,0.32,0.21,2.42,0.21,41,1.05,2.16,0.89
1191,Czech Liga (CZ),719355,0,Jason Noslin,J. Noslin,0.0,0.18,0.27,0.18,0.0,5,0.82,1.36,2.27
1191,Czech Liga (CZ),719414,2,Adrian Zeljković,A. Zeljković,0.08,0.0,0.08,3.15,0.31,15,0.08,2.54,0.46
1191,Czech Liga (CZ),720717,2,Aboubacar  Traoré,A. Traoré,0.47,0.2,0.4,0.8,0.07,21,1.73,3.6,2.0
1191,Czech Liga (CZ),726060,3,Štěpán Míšek,S. Míšek,0.55,0.27,0.18,4.64,0.55,40,0.27,2.64,0.73
1191,Czech Liga (CZ),726631,5,Sahmkou Camara,S. Camara,0.2,0.15,0.3,0.8,0.15,25,0.45,1.0,2.35
1191,Czech Liga (CZ),726797,13,Yegor Tsykalo,Y. Tsykalo,0.43,0.14,0.0,0.0,0.29,8,0.29,0.14,0.29
1191,Czech Liga (CZ),731829,29,Solomon John ,S. John,0.85,0.5,0.15,0.8,0.1,111,1.0,1.65,0.35
1191,Czech Liga (CZ),733206,124,Patrik Blahút,P. Blahút,1.35,0.83,0.57,1.17,0.61,182,2.65,2.91,0.96
1191,Czech Liga (CZ),735217,62,Benjamin Nyarko,B. Nyarko,1.54,0.15,0.23,0.62,0.23,51,0.54,1.08,0.0
1191,Czech Liga (CZ),736622,110,Ermin Mahmic,E. Mahmic,2.63,0.05,0.26,1.21,0.89,133,0.42,2.16,0.16
1191,Czech Liga (CZ),736847,2,Matouš Krulich,M. Krulich,1.0,0.0,0.0,0.0,0.67,5,0.0,1.0,0.0
1191,Czech Liga (CZ),737080,1,Tomáš Král,T. Král,0.25,0.5,0.5,0.0,0.0,7,0.25,0.5,0.5
1191,Czech Liga (CZ),758675,11,Dantaye Michael Lee Gilbert,D. Gilbert,2.25,0.0,0.25,1.0,0.75,32,1.25,3.0,0.5
1191,Czech Liga (CZ),758853,67,Samuel Šigut,S. Šigut,2.93,0.93,0.53,0.73,0.4,109,2.27,2.73,0.47
1191,Czech Liga (CZ),776997,3,Jakub Uhrinčať,J. Uhrinčať,0.33,0.17,0.17,0.25,0.08,8,0.5,1.42,2.25
1191,Czech Liga (CZ),777039,3,Artúr Musák,A. Musák,0.71,0.43,0.43,3.14,1.0,27,0.86,3.71,0.43
1191,Czech Liga (CZ),777047,0,Jakub Jakubko,J. Jakubko,0.0,0.0,0.0,0.25,0.25,4,1.5,2.0,2.5
1191,Czech Liga (CZ),777056,1,Samuel Lavrinčík,S. Lavrinčík,0.6,0.6,0.2,3.0,0.4,7,0.4,2.6,0.8
1191,Czech Liga (CZ),777062,7,Dominik Hollý,D. Hollý,2.2,0.0,0.0,0.6,0.2,14,0.4,1.0,0.2
1191,Czech Liga (CZ),777064,97,Patrik Dulay,P. Dulay,1.73,0.55,0.82,0.82,0.64,63,0.91,2.09,0.18
1191,Czech Liga (CZ),785423,124,Prince Kwabena Adu,P. Adu,3.11,0.22,0.11,2.67,1.5,100,1.17,1.17,0.06
1191,Czech Liga (CZ),797318,137,Emmanuel Ayaosi,E. Ayaosi,3.64,0.18,0.64,1.55,1.09,190,2.45,2.14,0.36
1191,Czech Liga (CZ),799103,59,Kevin Prince Milla,K. Milla,4.9,0.2,0.0,1.3,1.8,55,0.3,0.5,0.0
1191,Czech Liga (CZ),799116,6,Pavel  Kacor,P. Kacor,1.17,0.83,0.17,5.0,0.67,40,2.17,4.17,1.33
1191,Czech Liga (CZ),800688,46,Jan Buryán,J. Buryán,4.0,0.33,0.17,0.5,0.5,18,1.0,0.83,0.0
1191,Czech Liga (CZ),801609,74,Dennis Owusu,D. Owusu,1.24,0.59,0.29,0.47,0.53,79,2.12,0.88,0.29
1191,Czech Liga (CZ),801742,0,Šimon Polášek,Š. Polášek,0.0,0.0,0.0,0.0,0.0,1,0.0,1.0,0.0
1191,Czech Liga (CZ),808858,2,Jiří Hamza,J. Hamza,0.0,0.89,1.56,1.33,0.22,14,0.33,3.0,3.11
1191,Czech Liga (CZ),808860,59,Matej Mikulenka,M. Mikulenka,3.42,0.16,0.21,2.0,1.37,100,1.32,1.58,0.32
1191,Czech Liga (CZ),808869,4,David Machalík,D. Machalík,0.5,0.3,0.1,0.4,0.1,20,0.8,1.3,0.4
1191,Czech Liga (CZ),810418,1,Kahuan Vinicius Guimarães da Silva,Kahuan Vinicius,1.0,0.0,0.0,0.5,0.5,2,0.5,0.0,0.0
1191,Czech Liga (CZ),810419,2,Jakub Elbel,J. Elbel,0.5,0.21,0.21,0.79,0.0,9,0.36,2.14,4.43
1191,Czech Liga (CZ),810495,1,Karel Spáčil,K. Spáčil,0.47,0.73,0.33,1.27,0.2,29,1.07,3.2,2.13
1191,Czech Liga (CZ),810496,0,Matej Kadlec,M. Kadlec,0.0,1.67,0.67,0.0,0.0,0,0.33,3.0,1.33
1191,Czech Liga (CZ),811003,1,Adam Ševínský,A. Ševínský,0.3,0.0,0.1,1.1,0.0,11,0.8,1.3,7.5
1191,Czech Liga (CZ),811206,9,Zviad Natchkebia,Z. Natchkebia,0.9,0.4,0.3,0.2,0.5,28,1.7,1.4,0.2
1191,Czech Liga (CZ),812130,0,Samuel Obinaya,S. Obinaya,0.0,0.0,0.0,0.0,0.0,0,0.0,0.0,0.0
1191,Czech Liga (CZ),816764,4,Jakub Jezierski,J. Jezierski,2.75,0.0,0.5,2.0,0.25,17,1.75,0.75,1.0
1191,Czech Liga (CZ),816915,2,Nojus Audinis,N. Audinis,0.12,0.24,0.06,0.24,0.0,16,1.12,1.35,2.29
1191,Czech Liga (CZ),827016,1,Emmanuel Uchenna Aririerisim,E. Aririerisim,0.29,0.14,0.14,0.93,0.07,7,1.21,3.07,5.43
1191,Czech Liga (CZ),838616,3,Pavel Svatek,P. Svatek,0.5,0.0,0.0,0.0,0.5,4,0.0,0.0,0.0
1191,Czech Liga (CZ),838622,66,Vladimir  Zeman,V. Zeman,2.73,0.27,0.18,1.0,0.91,59,1.27,0.73,0.27
1191,Czech Liga (CZ),839312,4,Bruno Unušić,B. Unušić,1.0,1.0,0.0,0.5,0.0,9,1.5,1.5,0.5
1191,Czech Liga (CZ),841132,11,Štěpán Šebrle,Š. Sebrle,0.36,0.27,0.27,0.45,0.36,30,0.73,1.36,0.09
1191,Czech Liga (CZ),841133,10,Daniel Kozma,D. Kozma,0.64,0.43,0.07,0.21,0.21,15,0.71,2.36,1.86
1191,Czech Liga (CZ),841134,11,David  Ludvicek,D. Ludvicek,1.5,1.38,0.62,0.5,0.0,24,1.62,3.75,1.75
1191,Czech Liga (CZ),841135,0,Jan Peterka,J. Peterka,0.42,0.0,0.0,4.92,0.17,26,0.33,4.17,0.83
1191,Czech Liga (CZ),841139,2,Filip Matousek,F. Matousek,0.47,1.6,0.47,0.53,0.2,65,2.13,4.0,2.67
1191,Czech Liga (CZ),841140,38,Filip Špatenka,F. Špatenka,1.86,1.0,0.57,1.86,1.43,49,1.86,2.14,0.43
1191,Czech Liga (CZ),841279,4,Jiří Panoš,J. Panoš,0.67,0.0,0.0,0.67,0.0,3,0.33,2.0,0.0
1191,Czech Liga (CZ),841514,3,James  Bello,J. Bello,0.5,0.5,0.0,0.0,0.0,2,0.0,1.0,0.0
1191,Czech Liga (CZ),842067,22,Matej Malenšek,M. Malenšek,0.6,0.6,0.0,0.2,0.2,19,0.6,0.8,0.0
1191,Czech Liga (CZ),842068,24,Rok Štorman,R. Štorman,1.32,0.41,0.18,3.55,0.86,129,0.5,6.59,0.64
1191,Czech Liga (CZ),842594,11,Filip Šancl,F. Šancl,1.29,0.36,0.29,2.36,0.57,48,0.64,4.36,0.21
1191,Czech Liga (CZ),842604,13,Jan Chytry,J. Chytry,0.83,1.17,0.17,0.42,0.25,26,2.08,3.0,1.0
1191,Czech Liga (CZ),842609,26,Tomáš  Ulbrich,T. Ulbrich,1.5,0.22,0.44,1.06,1.22,64,1.11,1.89,0.22
1191,Czech Liga (CZ),842610,40,Ousmane Condé,O. Condé,1.07,0.2,0.13,0.53,0.2,52,0.87,0.73,0.13
1191,Czech Liga (CZ),842642,0,Radek Ovesny,R. Ovesny,0.0,1.0,0.0,0.0,0.0,2,0.0,2.0,0.0
1191,Czech Liga (CZ),842643,8,David Látal,D. Látal,1.33,0.0,0.33,0.0,0.33,5,0.0,0.67,0.0
1191,Czech Liga (CZ),842644,5,Jiri Hrubes,J. Hrubes,0.67,0.0,0.33,0.0,1.33,4,0.33,1.67,0.0
1191,Czech Liga (CZ),842677,40,Filip Lehky,F. Lehky,2.32,0.32,0.42,2.53,0.79,159,0.42,2.89,0.21
1191,Czech Liga (CZ),842679,11,Peter Kareem,P. Kareem,0.62,1.62,0.57,0.1,0.0,57,1.86,4.19,0.86
1191,Czech Liga (CZ),842680,31,Jakub  Hodek,J. Hodek,1.5,0.0,0.0,0.42,0.08,25,0.08,0.58,0.0
1191,Czech Liga (CZ),845073,25,David Planka,D. Planka,1.1,0.55,0.45,1.95,0.5,118,1.75,5.5,0.55
1191,Czech Liga (CZ),845074,102,Denny Samko,D. Samko,3.26,0.43,0.17,2.52,1.26,158,1.17,3.13,0.04
1191,Czech Liga (CZ),845865,16,Miloš Kopečný,M. Kopečný,1.06,2.24,0.47,0.47,0.0,38,1.41,3.18,1.47
1191,Czech Liga (CZ),846546,12,Daniel Rus,D. Rus,0.2,0.0,0.2,0.2,0.0,10,0.8,0.8,0.2
1191,Czech Liga (CZ),846548,4,Lukas Penxa,L. Penxa,1.0,0.83,0.83,0.83,0.17,15,1.5,3.83,0.67
1191,Czech Liga (CZ),846552,99,Petr Hodouš,P. Hodouš,1.61,0.44,0.39,0.67,0.44,63,1.44,2.22,0.67
1191,Czech Liga (CZ),849003,22,Martin Ambler,M. Ambler,0.55,0.55,0.36,0.27,0.18,48,1.73,1.91,1.18
1191,Czech Liga (CZ),852315,0,Eric Hunál,E. Hunál,0.0,0.0,0.0,0.18,0.0,1,0.24,0.06,1.88
1191,Czech Liga (CZ),852321,2,Tomáš Jelínek,T. Jelínek,0.75,0.0,0.75,3.25,1.0,12,0.25,2.75,0.75
1191,Czech Liga (CZ),852331,61,Tomáš Jedlička,T. Jedlička,1.94,0.25,0.38,1.25,0.62,85,1.38,1.5,0.19
1191,Czech Liga (CZ),852369,55,Soliu Afolabi,S. Afolabi,1.96,0.39,0.26,0.52,0.39,126,1.61,1.43,0.09
1191,Czech Liga (CZ),852377,16,Lukáš Branecký,L. Branecký,0.67,0.17,0.17,0.83,0.67,20,0.5,0.5,0.0
1191,Czech Liga (CZ),852378,1,Elmedin  Rama,E. Rama,0.0,0.0,0.0,1.0,0.0,1,0.0,0.0,0.0
1191,Czech Liga (CZ),865088,24,Simon Bammens,S. Bammens,1.62,0.1,0.05,1.0,0.19,61,0.29,0.76,2.0
1191,Czech Liga (CZ),904348,130,Jakub Pira,J. Pira,5.73,0.07,0.13,1.27,1.53,64,0.6,0.2,0.0
1191,Czech Liga (CZ),926439,0,Ondřej  Penxa,O. Penxa,1.0,0.0,0.0,0.0,0.0,6,1.0,3.0,1.0
1191,Czech Liga (CZ),926440,0,Roman Horák,R. Horák,1.5,0.0,0.0,0.5,0.0,5,1.5,4.0,0.5
1191,Czech Liga (CZ),926589,3,Daniel Danihel,D. Danihel,0.25,0.5,0.12,0.25,0.12,21,2.25,3.0,2.0
1191,Czech Liga (CZ),927907,24,Youssoupha Sanyang,Y. Sanyang,1.33,1.67,0.67,0.78,0.67,69,2.44,1.67,0.22
1191,Czech Liga (CZ),931008,0,Jakub Kolar,,0.0,0.0,0.0,0.82,0.0,4,0.45,0.45,3.91
1191,Czech Liga (CZ),969829,2,Dominik Mašek,D. Masek,1.0,0.0,0.0,1.0,1.0,0,1.33,1.67,0.0
1191,Czech Liga (CZ),969829,2,Dominik Mašek,D. Masek,1.0,0.0,0.0,1.0,1.0,0,1.33,1.67,2.67
1191,Czech Liga (CZ),969829,2,Dominik Mašek,D. Masek,1.0,0.0,0.0,1.0,1.0,0,1.33,1.0,0.0
1191,Czech Liga (CZ),969829,2,Dominik Mašek,D. Masek,1.0,0.0,0.0,1.0,1.0,0,1.33,1.0,2.67
1191,Czech Liga (CZ),969829,2,Dominik Mašek,D. Masek,1.0,0.0,0.0,1.0,1.0,0,0.0,1.67,0.0
1191,Czech Liga (CZ),969829,2,Dominik Mašek,D. Masek,1.0,0.0,0.0,1.0,1.0,0,0.0,1.67,2.67
1191,Czech Liga (CZ),969829,2,Dominik Mašek,D. Masek,1.0,0.0,0.0,1.0,1.0,0,0.0,1.0,0.0
1191,Czech Liga (CZ),969829,2,Dominik Mašek,D. Masek,1.0,0.0,0.0,1.0,1.0,0,0.0,1.0,2.67
1191,Czech Liga (CZ),969829,2,Dominik Mašek,D. Masek,1.0,0.0,0.0,1.0,1.0,5,1.33,1.67,0.0
1191,Czech Liga (CZ),969829,2,Dominik Mašek,D. Masek,1.0,0.0,0.0,1.0,1.0,5,1.33,1.67,2.67
1191,Czech Liga (CZ),969829,2,Dominik Mašek,D. Masek,1.0,0.0,0.0,1.0,1.0,5,1.33,1.0,0.0
1191,Czech Liga (CZ),969829,2,Dominik Mašek,D. Masek,1.0,0.0,0.0,1.0,1.0,5,1.33,1.0,2.67
1191,Czech Liga (CZ),969829,2,Dominik Mašek,D. Masek,1.0,0.0,0.0,1.0,1.0,5,0.0,1.67,0.0
1191,Czech Liga (CZ),969829,2,Dominik Mašek,D. Masek,1.0,0.0,0.0,1.0,1.0,5,0.0,1.67,2.67
1191,Czech Liga (CZ),969829,2,Dominik Mašek,D. Masek,1.0,0.0,0.0,1.0,1.0,5,0.0,1.0,0.0
1191,Czech Liga (CZ),969829,2,Dominik Mašek,D. Masek,1.0,0.0,0.0,1.0,1.0,5,0.0,1.0,2.67
1191,Czech Liga (CZ),969829,2,Dominik Mašek,D. Masek,1.0,0.0,0.0,1.0,0.0,0,1.33,1.67,0.0
1191,Czech Liga (CZ),969829,2,Dominik Mašek,D. Masek,1.0,0.0,0.0,1.0,0.0,0,1.33,1.67,2.67
1191,Czech Liga (CZ),969829,2,Dominik Mašek,D. Masek,1.0,0.0,0.0,1.0,0.0,0,1.33,1.0,0.0
1191,Czech Liga (CZ),969829,2,Dominik Mašek,D. Masek,1.0,0.0,0.0,1.0,0.0,0,1.33,1.0,2.67
1191,Czech Liga (CZ),969829,2,Dominik Mašek,D. Masek,1.0,0.0,0.0,1.0,0.0,0,0.0,1.67,0.0
1191,Czech Liga (CZ),969829,2,Dominik Mašek,D. Masek,1.0,0.0,0.0,1.0,0.0,0,0.0,1.67,2.67
1191,Czech Liga (CZ),969829,2,Dominik Mašek,D. Masek,1.0,0.0,0.0,1.0,0.0,0,0.0,1.0,0.0
1191,Czech Liga (CZ),969829,2,Dominik Mašek,D. Masek,1.0,0.0,0.0,1.0,0.0,0,0.0,1.0,2.67
1191,Czech Liga (CZ),969829,2,Dominik Mašek,D. Masek,1.0,0.0,0.0,1.0,0.0,5,1.33,1.67,0.0
1191,Czech Liga (CZ),969829,2,Dominik Mašek,D. Masek,1.0,0.0,0.0,1.0,0.0,5,1.33,1.67,2.67
1191,Czech Liga (CZ),969829,2,Dominik Mašek,D. Masek,1.0,0.0,0.0,1.0,0.0,5,1.33,1.0,0.0
1191,Czech Liga (CZ),969829,2,Dominik Mašek,D. Masek,1.0,0.0,0.0,1.0,0.0,5,1.33,1.0,2.67
1191,Czech Liga (CZ),969829,2,Dominik Mašek,D. Masek,1.0,0.0,0.0,1.0,0.0,5,0.0,1.67,0.0
1191,Czech Liga (CZ),969829,2,Dominik Mašek,D. Masek,1.0,0.0,0.0,1.0,0.0,5,0.0,1.67,2.67
1191,Czech Liga (CZ),969829,2,Dominik Mašek,D. Masek,1.0,0.0,0.0,1.0,0.0,5,0.0,1.0,0.0
1191,Czech Liga (CZ),969829,2,Dominik Mašek,D. Masek,1.0,0.0,0.0,1.0,0.0,5,0.0,1.0,2.67
1191,Czech Liga (CZ),969829,2,Dominik Mašek,D. Masek,1.0,0.0,0.0,0.33,1.0,0,1.33,1.67,0.0
1191,Czech Liga (CZ),969829,2,Dominik Mašek,D. Masek,1.0,0.0,0.0,0.33,1.0,0,1.33,1.67,2.67
1191,Czech Liga (CZ),969829,2,Dominik Mašek,D. Masek,1.0,0.0,0.0,0.33,1.0,0,1.33,1.0,0.0
1191,Czech Liga (CZ),969829,2,Dominik Mašek,D. Masek,1.0,0.0,0.0,0.33,1.0,0,1.33,1.0,2.67
1191,Czech Liga (CZ),969829,2,Dominik Mašek,D. Masek,1.0,0.0,0.0,0.33,1.0,0,0.0,1.67,0.0
1191,Czech Liga (CZ),969829,2,Dominik Mašek,D. Masek,1.0,0.0,0.0,0.33,1.0,0,0.0,1.67,2.67
1191,Czech Liga (CZ),969829,2,Dominik Mašek,D. Masek,1.0,0.0,0.0,0.33,1.0,0,0.0,1.0,0.0
1191,Czech Liga (CZ),969829,2,Dominik Mašek,D. Masek,1.0,0.0,0.0,0.33,1.0,0,0.0,1.0,2.67
1191,Czech Liga (CZ),969829,2,Dominik Mašek,D. Masek,1.0,0.0,0.0,0.33,1.0,5,1.33,1.67,0.0
1191,Czech Liga (CZ),969829,2,Dominik Mašek,D. Masek,1.0,0.0,0.0,0.33,1.0,5,1.33,1.67,2.67
1191,Czech Liga (CZ),969829,2,Dominik Mašek,D. Masek,1.0,0.0,0.0,0.33,1.0,5,1.33,1.0,0.0
1191,Czech Liga (CZ),969829,2,Dominik Mašek,D. Masek,1.0,0.0,0.0,0.33,1.0,5,1.33,1.0,2.67
1191,Czech Liga (CZ),969829,2,Dominik Mašek,D. Masek,1.0,0.0,0.0,0.33,1.0,5,0.0,1.67,0.0
1191,Czech Liga (CZ),969829,2,Dominik Mašek,D. Masek,1.0,0.0,0.0,0.33,1.0,5,0.0,1.67,2.67
1191,Czech Liga (CZ),969829,2,Dominik Mašek,D. Masek,1.0,0.0,0.0,0.33,1.0,5,0.0,1.0,0.0
1191,Czech Liga (CZ),969829,2,Dominik Mašek,D. Masek,1.0,0.0,0.0,0.33,1.0,5,0.0,1.0,2.67
1191,Czech Liga (CZ),969829,2,Dominik Mašek,D. Masek,1.0,0.0,0.0,0.33,0.0,0,1.33,1.67,0.0
1191,Czech Liga (CZ),969829,2,Dominik Mašek,D. Masek,1.0,0.0,0.0,0.33,0.0,0,1.33,1.67,2.67
1191,Czech Liga (CZ),969829,2,Dominik Mašek,D. Masek,1.0,0.0,0.0,0.33,0.0,0,1.33,1.0,0.0
1191,Czech Liga (CZ),969829,2,Dominik Mašek,D. Masek,1.0,0.0,0.0,0.33,0.0,0,1.33,1.0,2.67
1191,Czech Liga (CZ),969829,2,Dominik Mašek,D. Masek,1.0,0.0,0.0,0.33,0.0,0,0.0,1.67,0.0
1191,Czech Liga (CZ),969829,2,Dominik Mašek,D. Masek,1.0,0.0,0.0,0.33,0.0,0,0.0,1.67,2.67
1191,Czech Liga (CZ),969829,2,Dominik Mašek,D. Masek,1.0,0.0,0.0,0.33,0.0,0,0.0,1.0,0.0
1191,Czech Liga (CZ),969829,2,Dominik Mašek,D. Masek,1.0,0.0,0.0,0.33,0.0,0,0.0,1.0,2.67
1191,Czech Liga (CZ),969829,2,Dominik Mašek,D. Masek,1.0,0.0,0.0,0.33,0.0,5,1.33,1.67,0.0
1191,Czech Liga (CZ),969829,2,Dominik Mašek,D. Masek,1.0,0.0,0.0,0.33,0.0,5,1.33,1.67,2.67
1191,Czech Liga (CZ),969829,2,Dominik Mašek,D. Masek,1.0,0.0,0.0,0.33,0.0,5,1.33,1.0,0.0
1191,Czech Liga (CZ),969829,2,Dominik Mašek,D. Masek,1.0,0.0,0.0,0.33,0.0,5,1.33,1.0,2.67
1191,Czech Liga (CZ),969829,2,Dominik Mašek,D. Masek,1.0,0.0,0.0,0.33,0.0,5,0.0,1.67,0.0
1191,Czech Liga (CZ),969829,2,Dominik Mašek,D. Masek,1.0,0.0,0.0,0.33,0.0,5,0.0,1.67,2.67
1191,Czech Liga (CZ),969829,2,Dominik Mašek,D. Masek,1.0,0.0,0.0,0.33,0.0,5,0.0,1.0,0.0
1191,Czech Liga (CZ),969829,2,Dominik Mašek,D. Masek,1.0,0.0,0.0,0.33,0.0,5,0.0,1.0,2.67
1191,Czech Liga (CZ),969829,2,Dominik Mašek,D. Masek,1.0,0.0,0.33,1.0,1.0,0,1.33,1.67,0.0
1191,Czech Liga (CZ),969829,2,Dominik Mašek,D. Masek,1.0,0.0,0.33,1.0,1.0,0,1.33,1.67,2.67
1191,Czech Liga (CZ),969829,2,Dominik Mašek,D. Masek,1.0,0.0,0.33,1.0,1.0,0,1.33,1.0,0.0
1191,Czech Liga (CZ),969829,2,Dominik Mašek,D. Masek,1.0,0.0,0.33,1.0,1.0,0,1.33,1.0,2.67
1191,Czech Liga (CZ),969829,2,Dominik Mašek,D. Masek,1.0,0.0,0.33,1.0,1.0,0,0.0,1.67,0.0
1191,Czech Liga (CZ),969829,2,Dominik Mašek,D. Masek,1.0,0.0,0.33,1.0,1.0,0,0.0,1.67,2.67
1191,Czech Liga (CZ),969829,2,Dominik Mašek,D. Masek,1.0,0.0,0.33,1.0,1.0,0,0.0,1.0,0.0
1191,Czech Liga (CZ),969829,2,Dominik Mašek,D. Masek,1.0,0.0,0.33,1.0,1.0,0,0.0,1.0,2.67
1191,Czech Liga (CZ),969829,2,Dominik Mašek,D. Masek,1.0,0.0,0.33,1.0,1.0,5,1.33,1.67,0.0
1191,Czech Liga (CZ),969829,2,Dominik Mašek,D. Masek,1.0,0.0,0.33,1.0,1.0,5,1.33,1.67,2.67
1191,Czech Liga (CZ),969829,2,Dominik Mašek,D. Masek,1.0,0.0,0.33,1.0,1.0,5,1.33,1.0,0.0
1191,Czech Liga (CZ),969829,2,Dominik Mašek,D. Masek,1.0,0.0,0.33,1.0,1.0,5,1.33,1.0,2.67
1191,Czech Liga (CZ),969829,2,Dominik Mašek,D. Masek,1.0,0.0,0.33,1.0,1.0,5,0.0,1.67,0.0
1191,Czech Liga (CZ),969829,2,Dominik Mašek,D. Masek,1.0,0.0,0.33,1.0,1.0,5,0.0,1.67,2.67
1191,Czech Liga (CZ),969829,2,Dominik Mašek,D. Masek,1.0,0.0,0.33,1.0,1.0,5,0.0,1.0,0.0
1191,Czech Liga (CZ),969829,2,Dominik Mašek,D. Masek,1.0,0.0,0.33,1.0,1.0,5,0.0,1.0,2.67
1191,Czech Liga (CZ),969829,2,Dominik Mašek,D. Masek,1.0,0.0,0.33,1.0,0.0,0,1.33,1.67,0.0
1191,Czech Liga (CZ),969829,2,Dominik Mašek,D. Masek,1.0,0.0,0.33,1.0,0.0,0,1.33,1.67,2.67
1191,Czech Liga (CZ),969829,2,Dominik Mašek,D. Masek,1.0,0.0,0.33,1.0,0.0,0,1.33,1.0,0.0
1191,Czech Liga (CZ),969829,2,Dominik Mašek,D. Masek,1.0,0.0,0.33,1.0,0.0,0,1.33,1.0,2.67
1191,Czech Liga (CZ),969829,2,Dominik Mašek,D. Masek,1.0,0.0,0.33,1.0,0.0,0,0.0,1.67,0.0
1191,Czech Liga (CZ),969829,2,Dominik Mašek,D. Masek,1.0,0.0,0.33,1.0,0.0,0,0.0,1.67,2.67
1191,Czech Liga (CZ),969829,2,Dominik Mašek,D. Masek,1.0,0.0,0.33,1.0,0.0,0,0.0,1.0,0.0
1191,Czech Liga (CZ),969829,2,Dominik Mašek,D. Masek,1.0,0.0,0.33,1.0,0.0,0,0.0,1.0,2.67
1191,Czech Liga (CZ),969829,2,Dominik Mašek,D. Masek,1.0,0.0,0.33,1.0,0.0,5,1.33,1.67,0.0
1191,Czech Liga (CZ),969829,2,Dominik Mašek,D. Masek,1.0,0.0,0.33,1.0,0.0,5,1.33,1.67,2.67
1191,Czech Liga (CZ),969829,2,Dominik Mašek,D. Masek,1.0,0.0,0.33,1.0,0.0,5,1.33,1.0,0.0
1191,Czech Liga (CZ),969829,2,Dominik Mašek,D. Masek,1.0,0.0,0.33,1.0,0.0,5,1.33,1.0,2.67
1191,Czech Liga (CZ),969829,2,Dominik Mašek,D. Masek,1.0,0.0,0.33,1.0,0.0,5,0.0,1.67,0.0
1191,Czech Liga (CZ),969829,2,Dominik Mašek,D. Masek,1.0,0.0,0.33,1.0,0.0,5,0.0,1.67,2.67
1191,Czech Liga (CZ),969829,2,Dominik Mašek,D. Masek,1.0,0.0,0.33,1.0,0.0,5,0.0,1.0,0.0
1191,Czech Liga (CZ),969829,2,Dominik Mašek,D. Masek,1.0,0.0,0.33,1.0,0.0,5,0.0,1.0,2.67
1191,Czech Liga (CZ),969829,2,Dominik Mašek,D. Masek,1.0,0.0,0.33,0.33,1.0,0,1.33,1.67,0.0
1191,Czech Liga (CZ),969829,2,Dominik Mašek,D. Masek,1.0,0.0,0.33,0.33,1.0,0,1.33,1.67,2.67
1191,Czech Liga (CZ),969829,2,Dominik Mašek,D. Masek,1.0,0.0,0.33,0.33,1.0,0,1.33,1.0,0.0
1191,Czech Liga (CZ),969829,2,Dominik Mašek,D. Masek,1.0,0.0,0.33,0.33,1.0,0,1.33,1.0,2.67
1191,Czech Liga (CZ),969829,2,Dominik Mašek,D. Masek,1.0,0.0,0.33,0.33,1.0,0,0.0,1.67,0.0
1191,Czech Liga (CZ),969829,2,Dominik Mašek,D. Masek,1.0,0.0,0.33,0.33,1.0,0,0.0,1.67,2.67
1191,Czech Liga (CZ),969829,2,Dominik Mašek,D. Masek,1.0,0.0,0.33,0.33,1.0,0,0.0,1.0,0.0
1191,Czech Liga (CZ),969829,2,Dominik Mašek,D. Masek,1.0,0.0,0.33,0.33,1.0,0,0.0,1.0,2.67
1191,Czech Liga (CZ),969829,2,Dominik Mašek,D. Masek,1.0,0.0,0.33,0.33,1.0,5,1.33,1.67,0.0
1191,Czech Liga (CZ),969829,2,Dominik Mašek,D. Masek,1.0,0.0,0.33,0.33,1.0,5,1.33,1.67,2.67
1191,Czech Liga (CZ),969829,2,Dominik Mašek,D. Masek,1.0,0.0,0.33,0.33,1.0,5,1.33,1.0,0.0
1191,Czech Liga (CZ),969829,2,Dominik Mašek,D. Masek,1.0,0.0,0.33,0.33,1.0,5,1.33,1.0,2.67
1191,Czech Liga (CZ),969829,2,Dominik Mašek,D. Masek,1.0,0.0,0.33,0.33,1.0,5,0.0,1.67,0.0
1191,Czech Liga (CZ),969829,2,Dominik Mašek,D. Masek,1.0,0.0,0.33,0.33,1.0,5,0.0,1.67,2.67
1191,Czech Liga (CZ),969829,2,Dominik Mašek,D. Masek,1.0,0.0,0.33,0.33,1.0,5,0.0,1.0,0.0
1191,Czech Liga (CZ),969829,2,Dominik Mašek,D. Masek,1.0,0.0,0.33,0.33,1.0,5,0.0,1.0,2.67
1191,Czech Liga (CZ),969829,2,Dominik Mašek,D. Masek,1.0,0.0,0.33,0.33,0.0,0,1.33,1.67,0.0
1191,Czech Liga (CZ),969829,2,Dominik Mašek,D. Masek,1.0,0.0,0.33,0.33,0.0,0,1.33,1.67,2.67
1191,Czech Liga (CZ),969829,2,Dominik Mašek,D. Masek,1.0,0.0,0.33,0.33,0.0,0,1.33,1.0,0.0
1191,Czech Liga (CZ),969829,2,Dominik Mašek,D. Masek,1.0,0.0,0.33,0.33,0.0,0,1.33,1.0,2.67
1191,Czech Liga (CZ),969829,2,Dominik Mašek,D. Masek,1.0,0.0,0.33,0.33,0.0,0,0.0,1.67,0.0
1191,Czech Liga (CZ),969829,2,Dominik Mašek,D. Masek,1.0,0.0,0.33,0.33,0.0,0,0.0,1.67,2.67
1191,Czech Liga (CZ),969829,2,Dominik Mašek,D. Masek,1.0,0.0,0.33,0.33,0.0,0,0.0,1.0,0.0
1191,Czech Liga (CZ),969829,2,Dominik Mašek,D. Masek,1.0,0.0,0.33,0.33,0.0,0,0.0,1.0,2.67
1191,Czech Liga (CZ),969829,2,Dominik Mašek,D. Masek,1.0,0.0,0.33,0.33,0.0,5,1.33,1.67,0.0
1191,Czech Liga (CZ),969829,2,Dominik Mašek,D. Masek,1.0,0.0,0.33,0.33,0.0,5,1.33,1.67,2.67
1191,Czech Liga (CZ),969829,2,Dominik Mašek,D. Masek,1.0,0.0,0.33,0.33,0.0,5,1.33,1.0,0.0
1191,Czech Liga (CZ),969829,2,Dominik Mašek,D. Masek,1.0,0.0,0.33,0.33,0.0,5,1.33,1.0,2.67
1191,Czech Liga (CZ),969829,2,Dominik Mašek,D. Masek,1.0,0.0,0.33,0.33,0.0,5,0.0,1.67,0.0
1191,Czech Liga (CZ),969829,2,Dominik Mašek,D. Masek,1.0,0.0,0.33,0.33,0.0,5,0.0,1.67,2.67
1191,Czech Liga (CZ),969829,2,Dominik Mašek,D. Masek,1.0,0.0,0.33,0.33,0.0,5,0.0,1.0,0.0
1191,Czech Liga (CZ),969829,2,Dominik Mašek,D. Masek,1.0,0.0,0.33,0.33,0.0,5,0.0,1.0,2.67
1191,Czech Liga (CZ),969829,2,Dominik Mašek,D. Masek,1.0,1.67,0.0,1.0,1.0,0,1.33,1.67,0.0
1191,Czech Liga (CZ),969829,2,Dominik Mašek,D. Masek,1.0,1.67,0.0,1.0,1.0,0,1.33,1.67,2.67
1191,Czech Liga (CZ),969829,2,Dominik Mašek,D. Masek,1.0,1.67,0.0,1.0,1.0,0,1.33,1.0,0.0
1191,Czech Liga (CZ),969829,2,Dominik Mašek,D. Masek,1.0,1.67,0.0,1.0,1.0,0,1.33,1.0,2.67
1191,Czech Liga (CZ),969829,2,Dominik Mašek,D. Masek,1.0,1.67,0.0,1.0,1.0,0,0.0,1.67,0.0
1191,Czech Liga (CZ),969829,2,Dominik Mašek,D. Masek,1.0,1.67,0.0,1.0,1.0,0,0.0,1.67,2.67
1191,Czech Liga (CZ),969829,2,Dominik Mašek,D. Masek,1.0,1.67,0.0,1.0,1.0,0,0.0,1.0,0.0
1191,Czech Liga (CZ),969829,2,Dominik Mašek,D. Masek,1.0,1.67,0.0,1.0,1.0,0,0.0,1.0,2.67
1191,Czech Liga (CZ),969829,2,Dominik Mašek,D. Masek,1.0,1.67,0.0,1.0,1.0,5,1.33,1.67,0.0
1191,Czech Liga (CZ),969829,2,Dominik Mašek,D. Masek,1.0,1.67,0.0,1.0,1.0,5,1.33,1.67,2.67
1191,Czech Liga (CZ),969829,2,Dominik Mašek,D. Masek,1.0,1.67,0.0,1.0,1.0,5,1.33,1.0,0.0
1191,Czech Liga (CZ),969829,2,Dominik Mašek,D. Masek,1.0,1.67,0.0,1.0,1.0,5,1.33,1.0,2.67
1191,Czech Liga (CZ),969829,2,Dominik Mašek,D. Masek,1.0,1.67,0.0,1.0,1.0,5,0.0,1.67,0.0
1191,Czech Liga (CZ),969829,2,Dominik Mašek,D. Masek,1.0,1.67,0.0,1.0,1.0,5,0.0,1.67,2.67
1191,Czech Liga (CZ),969829,2,Dominik Mašek,D. Masek,1.0,1.67,0.0,1.0,1.0,5,0.0,1.0,0.0
1191,Czech Liga (CZ),969829,2,Dominik Mašek,D. Masek,1.0,1.67,0.0,1.0,1.0,5,0.0,1.0,2.67
1191,Czech Liga (CZ),969829,2,Dominik Mašek,D. Masek,1.0,1.67,0.0,1.0,0.0,0,1.33,1.67,0.0
1191,Czech Liga (CZ),969829,2,Dominik Mašek,D. Masek,1.0,1.67,0.0,1.0,0.0,0,1.33,1.67,2.67
1191,Czech Liga (CZ),969829,2,Dominik Mašek,D. Masek,1.0,1.67,0.0,1.0,0.0,0,1.33,1.0,0.0
1191,Czech Liga (CZ),969829,2,Dominik Mašek,D. Masek,1.0,1.67,0.0,1.0,0.0,0,1.33,1.0,2.67
1191,Czech Liga (CZ),969829,2,Dominik Mašek,D. Masek,1.0,1.67,0.0,1.0,0.0,0,0.0,1.67,0.0
1191,Czech Liga (CZ),969829,2,Dominik Mašek,D. Masek,1.0,1.67,0.0,1.0,0.0,0,0.0,1.67,2.67
1191,Czech Liga (CZ),969829,2,Dominik Mašek,D. Masek,1.0,1.67,0.0,1.0,0.0,0,0.0,1.0,0.0
1191,Czech Liga (CZ),969829,2,Dominik Mašek,D. Masek,1.0,1.67,0.0,1.0,0.0,0,0.0,1.0,2.67
1191,Czech Liga (CZ),969829,2,Dominik Mašek,D. Masek,1.0,1.67,0.0,1.0,0.0,5,1.33,1.67,0.0
1191,Czech Liga (CZ),969829,2,Dominik Mašek,D. Masek,1.0,1.67,0.0,1.0,0.0,5,1.33,1.67,2.67
1191,Czech Liga (CZ),969829,2,Dominik Mašek,D. Masek,1.0,1.67,0.0,1.0,0.0,5,1.33,1.0,0.0
1191,Czech Liga (CZ),969829,2,Dominik Mašek,D. Masek,1.0,1.67,0.0,1.0,0.0,5,1.33,1.0,2.67
1191,Czech Liga (CZ),969829,2,Dominik Mašek,D. Masek,1.0,1.67,0.0,1.0,0.0,5,0.0,1.67,0.0
1191,Czech Liga (CZ),969829,2,Dominik Mašek,D. Masek,1.0,1.67,0.0,1.0,0.0,5,0.0,1.67,2.67
1191,Czech Liga (CZ),969829,2,Dominik Mašek,D. Masek,1.0,1.67,0.0,1.0,0.0,5,0.0,1.0,0.0
1191,Czech Liga (CZ),969829,2,Dominik Mašek,D. Masek,1.0,1.67,0.0,1.0,0.0,5,0.0,1.0,2.67
1191,Czech Liga (CZ),969829,2,Dominik Mašek,D. Masek,1.0,1.67,0.0,0.33,1.0,0,1.33,1.67,0.0
1191,Czech Liga (CZ),969829,2,Dominik Mašek,D. Masek,1.0,1.67,0.0,0.33,1.0,0,1.33,1.67,2.67
1191,Czech Liga (CZ),969829,2,Dominik Mašek,D. Masek,1.0,1.67,0.0,0.33,1.0,0,1.33,1.0,0.0
1191,Czech Liga (CZ),969829,2,Dominik Mašek,D. Masek,1.0,1.67,0.0,0.33,1.0,0,1.33,1.0,2.67
1191,Czech Liga (CZ),969829,2,Dominik Mašek,D. Masek,1.0,1.67,0.0,0.33,1.0,0,0.0,1.67,0.0
1191,Czech Liga (CZ),969829,2,Dominik Mašek,D. Masek,1.0,1.67,0.0,0.33,1.0,0,0.0,1.67,2.67
1191,Czech Liga (CZ),969829,2,Dominik Mašek,D. Masek,1.0,1.67,0.0,0.33,1.0,0,0.0,1.0,0.0
1191,Czech Liga (CZ),969829,2,Dominik Mašek,D. Masek,1.0,1.67,0.0,0.33,1.0,0,0.0,1.0,2.67
1191,Czech Liga (CZ),969829,2,Dominik Mašek,D. Masek,1.0,1.67,0.0,0.33,1.0,5,1.33,1.67,0.0
1191,Czech Liga (CZ),969829,2,Dominik Mašek,D. Masek,1.0,1.67,0.0,0.33,1.0,5,1.33,1.67,2.67
1191,Czech Liga (CZ),969829,2,Dominik Mašek,D. Masek,1.0,1.67,0.0,0.33,1.0,5,1.33,1.0,0.0
1191,Czech Liga (CZ),969829,2,Dominik Mašek,D. Masek,1.0,1.67,0.0,0.33,1.0,5,1.33,1.0,2.67
1191,Czech Liga (CZ),969829,2,Dominik Mašek,D. Masek,1.0,1.67,0.0,0.33,1.0,5,0.0,1.67,0.0
1191,Czech Liga (CZ),969829,2,Dominik Mašek,D. Masek,1.0,1.67,0.0,0.33,1.0,5,0.0,1.67,2.67
1191,Czech Liga (CZ),969829,2,Dominik Mašek,D. Masek,1.0,1.67,0.0,0.33,1.0,5,0.0,1.0,0.0
1191,Czech Liga (CZ),969829,2,Dominik Mašek,D. Masek,1.0,1.67,0.0,0.33,1.0,5,0.0,1.0,2.67
1191,Czech Liga (CZ),969829,2,Dominik Mašek,D. Masek,1.0,1.67,0.0,0.33,0.0,0,1.33,1.67,0.0
1191,Czech Liga (CZ),969829,2,Dominik Mašek,D. Masek,1.0,1.67,0.0,0.33,0.0,0,1.33,1.67,2.67
1191,Czech Liga (CZ),969829,2,Dominik Mašek,D. Masek,1.0,1.67,0.0,0.33,0.0,0,1.33,1.0,0.0
1191,Czech Liga (CZ),969829,2,Dominik Mašek,D. Masek,1.0,1.67,0.0,0.33,0.0,0,1.33,1.0,2.67
1191,Czech Liga (CZ),969829,2,Dominik Mašek,D. Masek,1.0,1.67,0.0,0.33,0.0,0,0.0,1.67,0.0
1191,Czech Liga (CZ),969829,2,Dominik Mašek,D. Masek,1.0,1.67,0.0,0.33,0.0,0,0.0,1.67,2.67
1191,Czech Liga (CZ),969829,2,Dominik Mašek,D. Masek,1.0,1.67,0.0,0.33,0.0,0,0.0,1.0,0.0
1191,Czech Liga (CZ),969829,2,Dominik Mašek,D. Masek,1.0,1.67,0.0,0.33,0.0,0,0.0,1.0,2.67
1191,Czech Liga (CZ),969829,2,Dominik Mašek,D. Masek,1.0,1.67,0.0,0.33,0.0,5,1.33,1.67,0.0
1191,Czech Liga (CZ),969829,2,Dominik Mašek,D. Masek,1.0,1.67,0.0,0.33,0.0,5,1.33,1.67,2.67
1191,Czech Liga (CZ),969829,2,Dominik Mašek,D. Masek,1.0,1.67,0.0,0.33,0.0,5,1.33,1.0,0.0
1191,Czech Liga (CZ),969829,2,Dominik Mašek,D. Masek,1.0,1.67,0.0,0.33,0.0,5,1.33,1.0,2.67
1191,Czech Liga (CZ),969829,2,Dominik Mašek,D. Masek,1.0,1.67,0.0,0.33,0.0,5,0.0,1.67,0.0
1191,Czech Liga (CZ),969829,2,Dominik Mašek,D. Masek,1.0,1.67,0.0,0.33,0.0,5,0.0,1.67,2.67
1191,Czech Liga (CZ),969829,2,Dominik Mašek,D. Masek,1.0,1.67,0.0,0.33,0.0,5,0.0,1.0,0.0
1191,Czech Liga (CZ),969829,2,Dominik Mašek,D. Masek,1.0,1.67,0.0,0.33,0.0,5,0.0,1.0,2.67
1191,Czech Liga (CZ),969829,2,Dominik Mašek,D. Masek,1.0,1.67,0.33,1.0,1.0,0,1.33,1.67,0.0
1191,Czech Liga (CZ),969829,2,Dominik Mašek,D. Masek,1.0,1.67,0.33,1.0,1.0,0,1.33,1.67,2.67
1191,Czech Liga (CZ),969829,2,Dominik Mašek,D. Masek,1.0,1.67,0.33,1.0,1.0,0,1.33,1.0,0.0
1191,Czech Liga (CZ),969829,2,Dominik Mašek,D. Masek,1.0,1.67,0.33,1.0,1.0,0,1.33,1.0,2.67
1191,Czech Liga (CZ),969829,2,Dominik Mašek,D. Masek,1.0,1.67,0.33,1.0,1.0,0,0.0,1.67,0.0
1191,Czech Liga (CZ),969829,2,Dominik Mašek,D. Masek,1.0,1.67,0.33,1.0,1.0,0,0.0,1.67,2.67
1191,Czech Liga (CZ),969829,2,Dominik Mašek,D. Masek,1.0,1.67,0.33,1.0,1.0,0,0.0,1.0,0.0
1191,Czech Liga (CZ),969829,2,Dominik Mašek,D. Masek,1.0,1.67,0.33,1.0,1.0,0,0.0,1.0,2.67
1191,Czech Liga (CZ),969829,2,Dominik Mašek,D. Masek,1.0,1.67,0.33,1.0,1.0,5,1.33,1.67,0.0
1191,Czech Liga (CZ),969829,2,Dominik Mašek,D. Masek,1.0,1.67,0.33,1.0,1.0,5,1.33,1.67,2.67
1191,Czech Liga (CZ),969829,2,Dominik Mašek,D. Masek,1.0,1.67,0.33,1.0,1.0,5,1.33,1.0,0.0
1191,Czech Liga (CZ),969829,2,Dominik Mašek,D. Masek,1.0,1.67,0.33,1.0,1.0,5,1.33,1.0,2.67
1191,Czech Liga (CZ),969829,2,Dominik Mašek,D. Masek,1.0,1.67,0.33,1.0,1.0,5,0.0,1.67,0.0
1191,Czech Liga (CZ),969829,2,Dominik Mašek,D. Masek,1.0,1.67,0.33,1.0,1.0,5,0.0,1.67,2.67
1191,Czech Liga (CZ),969829,2,Dominik Mašek,D. Masek,1.0,1.67,0.33,1.0,1.0,5,0.0,1.0,0.0
1191,Czech Liga (CZ),969829,2,Dominik Mašek,D. Masek,1.0,1.67,0.33,1.0,1.0,5,0.0,1.0,2.67
1191,Czech Liga (CZ),969829,2,Dominik Mašek,D. Masek,1.0,1.67,0.33,1.0,0.0,0,1.33,1.67,0.0
1191,Czech Liga (CZ),969829,2,Dominik Mašek,D. Masek,1.0,1.67,0.33,1.0,0.0,0,1.33,1.67,2.67
1191,Czech Liga (CZ),969829,2,Dominik Mašek,D. Masek,1.0,1.67,0.33,1.0,0.0,0,1.33,1.0,0.0
1191,Czech Liga (CZ),969829,2,Dominik Mašek,D. Masek,1.0,1.67,0.33,1.0,0.0,0,1.33,1.0,2.67
1191,Czech Liga (CZ),969829,2,Dominik Mašek,D. Masek,1.0,1.67,0.33,1.0,0.0,0,0.0,1.67,0.0
1191,Czech Liga (CZ),969829,2,Dominik Mašek,D. Masek,1.0,1.67,0.33,1.0,0.0,0,0.0,1.67,2.67
1191,Czech Liga (CZ),969829,2,Dominik Mašek,D. Masek,1.0,1.67,0.33,1.0,0.0,0,0.0,1.0,0.0
1191,Czech Liga (CZ),969829,2,Dominik Mašek,D. Masek,1.0,1.67,0.33,1.0,0.0,0,0.0,1.0,2.67
1191,Czech Liga (CZ),969829,2,Dominik Mašek,D. Masek,1.0,1.67,0.33,1.0,0.0,5,1.33,1.67,0.0
1191,Czech Liga (CZ),969829,2,Dominik Mašek,D. Masek,1.0,1.67,0.33,1.0,0.0,5,1.33,1.67,2.67
1191,Czech Liga (CZ),969829,2,Dominik Mašek,D. Masek,1.0,1.67,0.33,1.0,0.0,5,1.33,1.0,0.0
1191,Czech Liga (CZ),969829,2,Dominik Mašek,D. Masek,1.0,1.67,0.33,1.0,0.0,5,1.33,1.0,2.67
1191,Czech Liga (CZ),969829,2,Dominik Mašek,D. Masek,1.0,1.67,0.33,1.0,0.0,5,0.0,1.67,0.0
1191,Czech Liga (CZ),969829,2,Dominik Mašek,D. Masek,1.0,1.67,0.33,1.0,0.0,5,0.0,1.67,2.67
1191,Czech Liga (CZ),969829,2,Dominik Mašek,D. Masek,1.0,1.67,0.33,1.0,0.0,5,0.0,1.0,0.0
1191,Czech Liga (CZ),969829,2,Dominik Mašek,D. Masek,1.0,1.67,0.33,1.0,0.0,5,0.0,1.0,2.67
1191,Czech Liga (CZ),969829,2,Dominik Mašek,D. Masek,1.0,1.67,0.33,0.33,1.0,0,1.33,1.67,0.0
1191,Czech Liga (CZ),969829,2,Dominik Mašek,D. Masek,1.0,1.67,0.33,0.33,1.0,0,1.33,1.67,2.67
1191,Czech Liga (CZ),969829,2,Dominik Mašek,D. Masek,1.0,1.67,0.33,0.33,1.0,0,1.33,1.0,0.0
1191,Czech Liga (CZ),969829,2,Dominik Mašek,D. Masek,1.0,1.67,0.33,0.33,1.0,0,1.33,1.0,2.67
1191,Czech Liga (CZ),969829,2,Dominik Mašek,D. Masek,1.0,1.67,0.33,0.33,1.0,0,0.0,1.67,0.0
1191,Czech Liga (CZ),969829,2,Dominik Mašek,D. Masek,1.0,1.67,0.33,0.33,1.0,0,0.0,1.67,2.67
1191,Czech Liga (CZ),969829,2,Dominik Mašek,D. Masek,1.0,1.67,0.33,0.33,1.0,0,0.0,1.0,0.0
1191,Czech Liga (CZ),969829,2,Dominik Mašek,D. Masek,1.0,1.67,0.33,0.33,1.0,0,0.0,1.0,2.67
1191,Czech Liga (CZ),969829,2,Dominik Mašek,D. Masek,1.0,1.67,0.33,0.33,1.0,5,1.33,1.67,0.0
1191,Czech Liga (CZ),969829,2,Dominik Mašek,D. Masek,1.0,1.67,0.33,0.33,1.0,5,1.33,1.67,2.67
1191,Czech Liga (CZ),969829,2,Dominik Mašek,D. Masek,1.0,1.67,0.33,0.33,1.0,5,1.33,1.0,0.0
1191,Czech Liga (CZ),969829,2,Dominik Mašek,D. Masek,1.0,1.67,0.33,0.33,1.0,5,1.33,1.0,2.67
1191,Czech Liga (CZ),969829,2,Dominik Mašek,D. Masek,1.0,1.67,0.33,0.33,1.0,5,0.0,1.67,0.0
1191,Czech Liga (CZ),969829,2,Dominik Mašek,D. Masek,1.0,1.67,0.33,0.33,1.0,5,0.0,1.67,2.67
1191,Czech Liga (CZ),969829,2,Dominik Mašek,D. Masek,1.0,1.67,0.33,0.33,1.0,5,0.0,1.0,0.0
1191,Czech Liga (CZ),969829,2,Dominik Mašek,D. Masek,1.0,1.67,0.33,0.33,1.0,5,0.0,1.0,2.67
1191,Czech Liga (CZ),969829,2,Dominik Mašek,D. Masek,1.0,1.67,0.33,0.33,0.0,0,1.33,1.67,0.0
1191,Czech Liga (CZ),969829,2,Dominik Mašek,D. Masek,1.0,1.67,0.33,0.33,0.0,0,1.33,1.67,2.67
1191,Czech Liga (CZ),969829,2,Dominik Mašek,D. Masek,1.0,1.67,0.33,0.33,0.0,0,1.33,1.0,0.0
1191,Czech Liga (CZ),969829,2,Dominik Mašek,D. Masek,1.0,1.67,0.33,0.33,0.0,0,1.33,1.0,2.67
1191,Czech Liga (CZ),969829,2,Dominik Mašek,D. Masek,1.0,1.67,0.33,0.33,0.0,0,0.0,1.67,0.0
1191,Czech Liga (CZ),969829,2,Dominik Mašek,D. Masek,1.0,1.67,0.33,0.33,0.0,0,0.0,1.67,2.67
1191,Czech Liga (CZ),969829,2,Dominik Mašek,D. Masek,1.0,1.67,0.33,0.33,0.0,0,0.0,1.0,0.0
1191,Czech Liga (CZ),969829,2,Dominik Mašek,D. Masek,1.0,1.67,0.33,0.33,0.0,0,0.0,1.0,2.67
1191,Czech Liga (CZ),969829,2,Dominik Mašek,D. Masek,1.0,1.67,0.33,0.33,0.0,5,1.33,1.67,0.0
1191,Czech Liga (CZ),969829,2,Dominik Mašek,D. Masek,1.0,1.67,0.33,0.33,0.0,5,1.33,1.67,2.67
1191,Czech Liga (CZ),969829,2,Dominik Mašek,D. Masek,1.0,1.67,0.33,0.33,0.0,5,1.33,1.0,0.0
1191,Czech Liga (CZ),969829,2,Dominik Mašek,D. Masek,1.0,1.67,0.33,0.33,0.0,5,1.33,1.0,2.67
1191,Czech Liga (CZ),969829,2,Dominik Mašek,D. Masek,1.0,1.67,0.33,0.33,0.0,5,0.0,1.67,0.0
1191,Czech Liga (CZ),969829,2,Dominik Mašek,D. Masek,1.0,1.67,0.33,0.33,0.0,5,0.0,1.67,2.67
1191,Czech Liga (CZ),969829,2,Dominik Mašek,D. Masek,1.0,1.67,0.33,0.33,0.0,5,0.0,1.0,0.0
1191,Czech Liga (CZ),969829,2,Dominik Mašek,D. Masek,1.0,1.67,0.33,0.33,0.0,5,0.0,1.0,2.67
1191,Czech Liga (CZ),969829,2,Dominik Mašek,D. Masek,0.33,0.0,0.0,1.0,1.0,0,1.33,1.67,0.0
1191,Czech Liga (CZ),969829,2,Dominik Mašek,D. Masek,0.33,0.0,0.0,1.0,1.0,0,1.33,1.67,2.67
1191,Czech Liga (CZ),969829,2,Dominik Mašek,D. Masek,0.33,0.0,0.0,1.0,1.0,0,1.33,1.0,0.0
1191,Czech Liga (CZ),969829,2,Dominik Mašek,D. Masek,0.33,0.0,0.0,1.0,1.0,0,1.33,1.0,2.67
1191,Czech Liga (CZ),969829,2,Dominik Mašek,D. Masek,0.33,0.0,0.0,1.0,1.0,0,0.0,1.67,0.0
1191,Czech Liga (CZ),969829,2,Dominik Mašek,D. Masek,0.33,0.0,0.0,1.0,1.0,0,0.0,1.67,2.67
1191,Czech Liga (CZ),969829,2,Dominik Mašek,D. Masek,0.33,0.0,0.0,1.0,1.0,0,0.0,1.0,0.0
1191,Czech Liga (CZ),969829,2,Dominik Mašek,D. Masek,0.33,0.0,0.0,1.0,1.0,0,0.0,1.0,2.67
1191,Czech Liga (CZ),969829,2,Dominik Mašek,D. Masek,0.33,0.0,0.0,1.0,1.0,5,1.33,1.67,0.0
1191,Czech Liga (CZ),969829,2,Dominik Mašek,D. Masek,0.33,0.0,0.0,1.0,1.0,5,1.33,1.67,2.67
1191,Czech Liga (CZ),969829,2,Dominik Mašek,D. Masek,0.33,0.0,0.0,1.0,1.0,5,1.33,1.0,0.0
1191,Czech Liga (CZ),969829,2,Dominik Mašek,D. Masek,0.33,0.0,0.0,1.0,1.0,5,1.33,1.0,2.67
1191,Czech Liga (CZ),969829,2,Dominik Mašek,D. Masek,0.33,0.0,0.0,1.0,1.0,5,0.0,1.67,0.0
1191,Czech Liga (CZ),969829,2,Dominik Mašek,D. Masek,0.33,0.0,0.0,1.0,1.0,5,0.0,1.67,2.67
1191,Czech Liga (CZ),969829,2,Dominik Mašek,D. Masek,0.33,0.0,0.0,1.0,1.0,5,0.0,1.0,0.0
1191,Czech Liga (CZ),969829,2,Dominik Mašek,D. Masek,0.33,0.0,0.0,1.0,1.0,5,0.0,1.0,2.67
1191,Czech Liga (CZ),969829,2,Dominik Mašek,D. Masek,0.33,0.0,0.0,1.0,0.0,0,1.33,1.67,0.0
1191,Czech Liga (CZ),969829,2,Dominik Mašek,D. Masek,0.33,0.0,0.0,1.0,0.0,0,1.33,1.67,2.67
1191,Czech Liga (CZ),969829,2,Dominik Mašek,D. Masek,0.33,0.0,0.0,1.0,0.0,0,1.33,1.0,0.0
1191,Czech Liga (CZ),969829,2,Dominik Mašek,D. Masek,0.33,0.0,0.0,1.0,0.0,0,1.33,1.0,2.67
1191,Czech Liga (CZ),969829,2,Dominik Mašek,D. Masek,0.33,0.0,0.0,1.0,0.0,0,0.0,1.67,0.0
1191,Czech Liga (CZ),969829,2,Dominik Mašek,D. Masek,0.33,0.0,0.0,1.0,0.0,0,0.0,1.67,2.67
1191,Czech Liga (CZ),969829,2,Dominik Mašek,D. Masek,0.33,0.0,0.0,1.0,0.0,0,0.0,1.0,0.0
1191,Czech Liga (CZ),969829,2,Dominik Mašek,D. Masek,0.33,0.0,0.0,1.0,0.0,0,0.0,1.0,2.67
1191,Czech Liga (CZ),969829,2,Dominik Mašek,D. Masek,0.33,0.0,0.0,1.0,0.0,5,1.33,1.67,0.0
1191,Czech Liga (CZ),969829,2,Dominik Mašek,D. Masek,0.33,0.0,0.0,1.0,0.0,5,1.33,1.67,2.67
1191,Czech Liga (CZ),969829,2,Dominik Mašek,D. Masek,0.33,0.0,0.0,1.0,0.0,5,1.33,1.0,0.0
1191,Czech Liga (CZ),969829,2,Dominik Mašek,D. Masek,0.33,0.0,0.0,1.0,0.0,5,1.33,1.0,2.67
1191,Czech Liga (CZ),969829,2,Dominik Mašek,D. Masek,0.33,0.0,0.0,1.0,0.0,5,0.0,1.67,0.0
1191,Czech Liga (CZ),969829,2,Dominik Mašek,D. Masek,0.33,0.0,0.0,1.0,0.0,5,0.0,1.67,2.67
1191,Czech Liga (CZ),969829,2,Dominik Mašek,D. Masek,0.33,0.0,0.0,1.0,0.0,5,0.0,1.0,0.0
1191,Czech Liga (CZ),969829,2,Dominik Mašek,D. Masek,0.33,0.0,0.0,1.0,0.0,5,0.0,1.0,2.67
1191,Czech Liga (CZ),969829,2,Dominik Mašek,D. Masek,0.33,0.0,0.0,0.33,1.0,0,1.33,1.67,0.0
1191,Czech Liga (CZ),969829,2,Dominik Mašek,D. Masek,0.33,0.0,0.0,0.33,1.0,0,1.33,1.67,2.67
1191,Czech Liga (CZ),969829,2,Dominik Mašek,D. Masek,0.33,0.0,0.0,0.33,1.0,0,1.33,1.0,0.0
1191,Czech Liga (CZ),969829,2,Dominik Mašek,D. Masek,0.33,0.0,0.0,0.33,1.0,0,1.33,1.0,2.67
1191,Czech Liga (CZ),969829,2,Dominik Mašek,D. Masek,0.33,0.0,0.0,0.33,1.0,0,0.0,1.67,0.0
1191,Czech Liga (CZ),969829,2,Dominik Mašek,D. Masek,0.33,0.0,0.0,0.33,1.0,0,0.0,1.67,2.67
1191,Czech Liga (CZ),969829,2,Dominik Mašek,D. Masek,0.33,0.0,0.0,0.33,1.0,0,0.0,1.0,0.0
1191,Czech Liga (CZ),969829,2,Dominik Mašek,D. Masek,0.33,0.0,0.0,0.33,1.0,0,0.0,1.0,2.67
1191,Czech Liga (CZ),969829,2,Dominik Mašek,D. Masek,0.33,0.0,0.0,0.33,1.0,5,1.33,1.67,0.0
1191,Czech Liga (CZ),969829,2,Dominik Mašek,D. Masek,0.33,0.0,0.0,0.33,1.0,5,1.33,1.67,2.67
1191,Czech Liga (CZ),969829,2,Dominik Mašek,D. Masek,0.33,0.0,0.0,0.33,1.0,5,1.33,1.0,0.0
1191,Czech Liga (CZ),969829,2,Dominik Mašek,D. Masek,0.33,0.0,0.0,0.33,1.0,5,1.33,1.0,2.67
1191,Czech Liga (CZ),969829,2,Dominik Mašek,D. Masek,0.33,0.0,0.0,0.33,1.0,5,0.0,1.67,0.0
1191,Czech Liga (CZ),969829,2,Dominik Mašek,D. Masek,0.33,0.0,0.0,0.33,1.0,5,0.0,1.67,2.67
1191,Czech Liga (CZ),969829,2,Dominik Mašek,D. Masek,0.33,0.0,0.0,0.33,1.0,5,0.0,1.0,0.0
1191,Czech Liga (CZ),969829,2,Dominik Mašek,D. Masek,0.33,0.0,0.0,0.33,1.0,5,0.0,1.0,2.67
1191,Czech Liga (CZ),969829,2,Dominik Mašek,D. Masek,0.33,0.0,0.0,0.33,0.0,0,1.33,1.67,0.0
1191,Czech Liga (CZ),969829,2,Dominik Mašek,D. Masek,0.33,0.0,0.0,0.33,0.0,0,1.33,1.67,2.67
1191,Czech Liga (CZ),969829,2,Dominik Mašek,D. Masek,0.33,0.0,0.0,0.33,0.0,0,1.33,1.0,0.0
1191,Czech Liga (CZ),969829,2,Dominik Mašek,D. Masek,0.33,0.0,0.0,0.33,0.0,0,1.33,1.0,2.67
1191,Czech Liga (CZ),969829,2,Dominik Mašek,D. Masek,0.33,0.0,0.0,0.33,0.0,0,0.0,1.67,0.0
1191,Czech Liga (CZ),969829,2,Dominik Mašek,D. Masek,0.33,0.0,0.0,0.33,0.0,0,0.0,1.67,2.67
1191,Czech Liga (CZ),969829,2,Dominik Mašek,D. Masek,0.33,0.0,0.0,0.33,0.0,0,0.0,1.0,0.0
1191,Czech Liga (CZ),969829,2,Dominik Mašek,D. Masek,0.33,0.0,0.0,0.33,0.0,0,0.0,1.0,2.67
1191,Czech Liga (CZ),969829,2,Dominik Mašek,D. Masek,0.33,0.0,0.0,0.33,0.0,5,1.33,1.67,0.0
1191,Czech Liga (CZ),969829,2,Dominik Mašek,D. Masek,0.33,0.0,0.0,0.33,0.0,5,1.33,1.67,2.67
1191,Czech Liga (CZ),969829,2,Dominik Mašek,D. Masek,0.33,0.0,0.0,0.33,0.0,5,1.33,1.0,0.0
1191,Czech Liga (CZ),969829,2,Dominik Mašek,D. Masek,0.33,0.0,0.0,0.33,0.0,5,1.33,1.0,2.67
1191,Czech Liga (CZ),969829,2,Dominik Mašek,D. Masek,0.33,0.0,0.0,0.33,0.0,5,0.0,1.67,0.0
1191,Czech Liga (CZ),969829,2,Dominik Mašek,D. Masek,0.33,0.0,0.0,0.33,0.0,5,0.0,1.67,2.67
1191,Czech Liga (CZ),969829,2,Dominik Mašek,D. Masek,0.33,0.0,0.0,0.33,0.0,5,0.0,1.0,0.0
1191,Czech Liga (CZ),969829,2,Dominik Mašek,D. Masek,0.33,0.0,0.0,0.33,0.0,5,0.0,1.0,2.67
1191,Czech Liga (CZ),969829,2,Dominik Mašek,D. Masek,0.33,0.0,0.33,1.0,1.0,0,1.33,1.67,0.0
1191,Czech Liga (CZ),969829,2,Dominik Mašek,D. Masek,0.33,0.0,0.33,1.0,1.0,0,1.33,1.67,2.67
1191,Czech Liga (CZ),969829,2,Dominik Mašek,D. Masek,0.33,0.0,0.33,1.0,1.0,0,1.33,1.0,0.0
1191,Czech Liga (CZ),969829,2,Dominik Mašek,D. Masek,0.33,0.0,0.33,1.0,1.0,0,1.33,1.0,2.67
1191,Czech Liga (CZ),969829,2,Dominik Mašek,D. Masek,0.33,0.0,0.33,1.0,1.0,0,0.0,1.67,0.0
1191,Czech Liga (CZ),969829,2,Dominik Mašek,D. Masek,0.33,0.0,0.33,1.0,1.0,0,0.0,1.67,2.67
1191,Czech Liga (CZ),969829,2,Dominik Mašek,D. Masek,0.33,0.0,0.33,1.0,1.0,0,0.0,1.0,0.0
1191,Czech Liga (CZ),969829,2,Dominik Mašek,D. Masek,0.33,0.0,0.33,1.0,1.0,0,0.0,1.0,2.67
1191,Czech Liga (CZ),969829,2,Dominik Mašek,D. Masek,0.33,0.0,0.33,1.0,1.0,5,1.33,1.67,0.0
1191,Czech Liga (CZ),969829,2,Dominik Mašek,D. Masek,0.33,0.0,0.33,1.0,1.0,5,1.33,1.67,2.67
1191,Czech Liga (CZ),969829,2,Dominik Mašek,D. Masek,0.33,0.0,0.33,1.0,1.0,5,1.33,1.0,0.0
1191,Czech Liga (CZ),969829,2,Dominik Mašek,D. Masek,0.33,0.0,0.33,1.0,1.0,5,1.33,1.0,2.67
1191,Czech Liga (CZ),969829,2,Dominik Mašek,D. Masek,0.33,0.0,0.33,1.0,1.0,5,0.0,1.67,0.0
1191,Czech Liga (CZ),969829,2,Dominik Mašek,D. Masek,0.33,0.0,0.33,1.0,1.0,5,0.0,1.67,2.67
1191,Czech Liga (CZ),969829,2,Dominik Mašek,D. Masek,0.33,0.0,0.33,1.0,1.0,5,0.0,1.0,0.0
1191,Czech Liga (CZ),969829,2,Dominik Mašek,D. Masek,0.33,0.0,0.33,1.0,1.0,5,0.0,1.0,2.67
1191,Czech Liga (CZ),969829,2,Dominik Mašek,D. Masek,0.33,0.0,0.33,1.0,0.0,0,1.33,1.67,0.0
1191,Czech Liga (CZ),969829,2,Dominik Mašek,D. Masek,0.33,0.0,0.33,1.0,0.0,0,1.33,1.67,2.67
1191,Czech Liga (CZ),969829,2,Dominik Mašek,D. Masek,0.33,0.0,0.33,1.0,0.0,0,1.33,1.0,0.0
1191,Czech Liga (CZ),969829,2,Dominik Mašek,D. Masek,0.33,0.0,0.33,1.0,0.0,0,1.33,1.0,2.67
1191,Czech Liga (CZ),969829,2,Dominik Mašek,D. Masek,0.33,0.0,0.33,1.0,0.0,0,0.0,1.67,0.0
1191,Czech Liga (CZ),969829,2,Dominik Mašek,D. Masek,0.33,0.0,0.33,1.0,0.0,0,0.0,1.67,2.67
1191,Czech Liga (CZ),969829,2,Dominik Mašek,D. Masek,0.33,0.0,0.33,1.0,0.0,0,0.0,1.0,0.0
1191,Czech Liga (CZ),969829,2,Dominik Mašek,D. Masek,0.33,0.0,0.33,1.0,0.0,0,0.0,1.0,2.67
1191,Czech Liga (CZ),969829,2,Dominik Mašek,D. Masek,0.33,0.0,0.33,1.0,0.0,5,1.33,1.67,0.0
1191,Czech Liga (CZ),969829,2,Dominik Mašek,D. Masek,0.33,0.0,0.33,1.0,0.0,5,1.33,1.67,2.67
1191,Czech Liga (CZ),969829,2,Dominik Mašek,D. Masek,0.33,0.0,0.33,1.0,0.0,5,1.33,1.0,0.0
1191,Czech Liga (CZ),969829,2,Dominik Mašek,D. Masek,0.33,0.0,0.33,1.0,0.0,5,1.33,1.0,2.67
1191,Czech Liga (CZ),969829,2,Dominik Mašek,D. Masek,0.33,0.0,0.33,1.0,0.0,5,0.0,1.67,0.0
1191,Czech Liga (CZ),969829,2,Dominik Mašek,D. Masek,0.33,0.0,0.33,1.0,0.0,5,0.0,1.67,2.67
1191,Czech Liga (CZ),969829,2,Dominik Mašek,D. Masek,0.33,0.0,0.33,1.0,0.0,5,0.0,1.0,0.0
1191,Czech Liga (CZ),969829,2,Dominik Mašek,D. Masek,0.33,0.0,0.33,1.0,0.0,5,0.0,1.0,2.67
1191,Czech Liga (CZ),969829,2,Dominik Mašek,D. Masek,0.33,0.0,0.33,0.33,1.0,0,1.33,1.67,0.0
1191,Czech Liga (CZ),969829,2,Dominik Mašek,D. Masek,0.33,0.0,0.33,0.33,1.0,0,1.33,1.67,2.67
1191,Czech Liga (CZ),969829,2,Dominik Mašek,D. Masek,0.33,0.0,0.33,0.33,1.0,0,1.33,1.0,0.0
1191,Czech Liga (CZ),969829,2,Dominik Mašek,D. Masek,0.33,0.0,0.33,0.33,1.0,0,1.33,1.0,2.67
1191,Czech Liga (CZ),969829,2,Dominik Mašek,D. Masek,0.33,0.0,0.33,0.33,1.0,0,0.0,1.67,0.0
1191,Czech Liga (CZ),969829,2,Dominik Mašek,D. Masek,0.33,0.0,0.33,0.33,1.0,0,0.0,1.67,2.67
1191,Czech Liga (CZ),969829,2,Dominik Mašek,D. Masek,0.33,0.0,0.33,0.33,1.0,0,0.0,1.0,0.0
1191,Czech Liga (CZ),969829,2,Dominik Mašek,D. Masek,0.33,0.0,0.33,0.33,1.0,0,0.0,1.0,2.67
1191,Czech Liga (CZ),969829,2,Dominik Mašek,D. Masek,0.33,0.0,0.33,0.33,1.0,5,1.33,1.67,0.0
1191,Czech Liga (CZ),969829,2,Dominik Mašek,D. Masek,0.33,0.0,0.33,0.33,1.0,5,1.33,1.67,2.67
1191,Czech Liga (CZ),969829,2,Dominik Mašek,D. Masek,0.33,0.0,0.33,0.33,1.0,5,1.33,1.0,0.0
1191,Czech Liga (CZ),969829,2,Dominik Mašek,D. Masek,0.33,0.0,0.33,0.33,1.0,5,1.33,1.0,2.67
1191,Czech Liga (CZ),969829,2,Dominik Mašek,D. Masek,0.33,0.0,0.33,0.33,1.0,5,0.0,1.67,0.0
1191,Czech Liga (CZ),969829,2,Dominik Mašek,D. Masek,0.33,0.0,0.33,0.33,1.0,5,0.0,1.67,2.67
1191,Czech Liga (CZ),969829,2,Dominik Mašek,D. Masek,0.33,0.0,0.33,0.33,1.0,5,0.0,1.0,0.0
1191,Czech Liga (CZ),969829,2,Dominik Mašek,D. Masek,0.33,0.0,0.33,0.33,1.0,5,0.0,1.0,2.67
1191,Czech Liga (CZ),969829,2,Dominik Mašek,D. Masek,0.33,0.0,0.33,0.33,0.0,0,1.33,1.67,0.0
1191,Czech Liga (CZ),969829,2,Dominik Mašek,D. Masek,0.33,0.0,0.33,0.33,0.0,0,1.33,1.67,2.67
1191,Czech Liga (CZ),969829,2,Dominik Mašek,D. Masek,0.33,0.0,0.33,0.33,0.0,0,1.33,1.0,0.0
1191,Czech Liga (CZ),969829,2,Dominik Mašek,D. Masek,0.33,0.0,0.33,0.33,0.0,0,1.33,1.0,2.67
1191,Czech Liga (CZ),969829,2,Dominik Mašek,D. Masek,0.33,0.0,0.33,0.33,0.0,0,0.0,1.67,0.0
1191,Czech Liga (CZ),969829,2,Dominik Mašek,D. Masek,0.33,0.0,0.33,0.33,0.0,0,0.0,1.67,2.67
1191,Czech Liga (CZ),969829,2,Dominik Mašek,D. Masek,0.33,0.0,0.33,0.33,0.0,0,0.0,1.0,0.0
1191,Czech Liga (CZ),969829,2,Dominik Mašek,D. Masek,0.33,0.0,0.33,0.33,0.0,0,0.0,1.0,2.67
1191,Czech Liga (CZ),969829,2,Dominik Mašek,D. Masek,0.33,0.0,0.33,0.33,0.0,5,1.33,1.67,0.0
1191,Czech Liga (CZ),969829,2,Dominik Mašek,D. Masek,0.33,0.0,0.33,0.33,0.0,5,1.33,1.67,2.67
1191,Czech Liga (CZ),969829,2,Dominik Mašek,D. Masek,0.33,0.0,0.33,0.33,0.0,5,1.33,1.0,0.0
1191,Czech Liga (CZ),969829,2,Dominik Mašek,D. Masek,0.33,0.0,0.33,0.33,0.0,5,1.33,1.0,2.67
1191,Czech Liga (CZ),969829,2,Dominik Mašek,D. Masek,0.33,0.0,0.33,0.33,0.0,5,0.0,1.67,0.0
1191,Czech Liga (CZ),969829,2,Dominik Mašek,D. Masek,0.33,0.0,0.33,0.33,0.0,5,0.0,1.67,2.67
1191,Czech Liga (CZ),969829,2,Dominik Mašek,D. Masek,0.33,0.0,0.33,0.33,0.0,5,0.0,1.0,0.0
1191,Czech Liga (CZ),969829,2,Dominik Mašek,D. Masek,0.33,0.0,0.33,0.33,0.0,5,0.0,1.0,2.67
1191,Czech Liga (CZ),969829,2,Dominik Mašek,D. Masek,0.33,1.67,0.0,1.0,1.0,0,1.33,1.67,0.0
1191,Czech Liga (CZ),969829,2,Dominik Mašek,D. Masek,0.33,1.67,0.0,1.0,1.0,0,1.33,1.67,2.67
1191,Czech Liga (CZ),969829,2,Dominik Mašek,D. Masek,0.33,1.67,0.0,1.0,1.0,0,1.33,1.0,0.0
1191,Czech Liga (CZ),969829,2,Dominik Mašek,D. Masek,0.33,1.67,0.0,1.0,1.0,0,1.33,1.0,2.67
1191,Czech Liga (CZ),969829,2,Dominik Mašek,D. Masek,0.33,1.67,0.0,1.0,1.0,0,0.0,1.67,0.0
1191,Czech Liga (CZ),969829,2,Dominik Mašek,D. Masek,0.33,1.67,0.0,1.0,1.0,0,0.0,1.67,2.67
1191,Czech Liga (CZ),969829,2,Dominik Mašek,D. Masek,0.33,1.67,0.0,1.0,1.0,0,0.0,1.0,0.0
1191,Czech Liga (CZ),969829,2,Dominik Mašek,D. Masek,0.33,1.67,0.0,1.0,1.0,0,0.0,1.0,2.67
1191,Czech Liga (CZ),969829,2,Dominik Mašek,D. Masek,0.33,1.67,0.0,1.0,1.0,5,1.33,1.67,0.0
1191,Czech Liga (CZ),969829,2,Dominik Mašek,D. Masek,0.33,1.67,0.0,1.0,1.0,5,1.33,1.67,2.67
1191,Czech Liga (CZ),969829,2,Dominik Mašek,D. Masek,0.33,1.67,0.0,1.0,1.0,5,1.33,1.0,0.0
1191,Czech Liga (CZ),969829,2,Dominik Mašek,D. Masek,0.33,1.67,0.0,1.0,1.0,5,1.33,1.0,2.67
1191,Czech Liga (CZ),969829,2,Dominik Mašek,D. Masek,0.33,1.67,0.0,1.0,1.0,5,0.0,1.67,0.0
1191,Czech Liga (CZ),969829,2,Dominik Mašek,D. Masek,0.33,1.67,0.0,1.0,1.0,5,0.0,1.67,2.67
1191,Czech Liga (CZ),969829,2,Dominik Mašek,D. Masek,0.33,1.67,0.0,1.0,1.0,5,0.0,1.0,0.0
1191,Czech Liga (CZ),969829,2,Dominik Mašek,D. Masek,0.33,1.67,0.0,1.0,1.0,5,0.0,1.0,2.67
1191,Czech Liga (CZ),969829,2,Dominik Mašek,D. Masek,0.33,1.67,0.0,1.0,0.0,0,1.33,1.67,0.0
1191,Czech Liga (CZ),969829,2,Dominik Mašek,D. Masek,0.33,1.67,0.0,1.0,0.0,0,1.33,1.67,2.67
1191,Czech Liga (CZ),969829,2,Dominik Mašek,D. Masek,0.33,1.67,0.0,1.0,0.0,0,1.33,1.0,0.0
1191,Czech Liga (CZ),969829,2,Dominik Mašek,D. Masek,0.33,1.67,0.0,1.0,0.0,0,1.33,1.0,2.67
1191,Czech Liga (CZ),969829,2,Dominik Mašek,D. Masek,0.33,1.67,0.0,1.0,0.0,0,0.0,1.67,0.0
1191,Czech Liga (CZ),969829,2,Dominik Mašek,D. Masek,0.33,1.67,0.0,1.0,0.0,0,0.0,1.67,2.67
1191,Czech Liga (CZ),969829,2,Dominik Mašek,D. Masek,0.33,1.67,0.0,1.0,0.0,0,0.0,1.0,0.0
1191,Czech Liga (CZ),969829,2,Dominik Mašek,D. Masek,0.33,1.67,0.0,1.0,0.0,0,0.0,1.0,2.67
1191,Czech Liga (CZ),969829,2,Dominik Mašek,D. Masek,0.33,1.67,0.0,1.0,0.0,5,1.33,1.67,0.0
1191,Czech Liga (CZ),969829,2,Dominik Mašek,D. Masek,0.33,1.67,0.0,1.0,0.0,5,1.33,1.67,2.67
1191,Czech Liga (CZ),969829,2,Dominik Mašek,D. Masek,0.33,1.67,0.0,1.0,0.0,5,1.33,1.0,0.0
1191,Czech Liga (CZ),969829,2,Dominik Mašek,D. Masek,0.33,1.67,0.0,1.0,0.0,5,1.33,1.0,2.67
1191,Czech Liga (CZ),969829,2,Dominik Mašek,D. Masek,0.33,1.67,0.0,1.0,0.0,5,0.0,1.67,0.0
1191,Czech Liga (CZ),969829,2,Dominik Mašek,D. Masek,0.33,1.67,0.0,1.0,0.0,5,0.0,1.67,2.67
1191,Czech Liga (CZ),969829,2,Dominik Mašek,D. Masek,0.33,1.67,0.0,1.0,0.0,5,0.0,1.0,0.0
1191,Czech Liga (CZ),969829,2,Dominik Mašek,D. Masek,0.33,1.67,0.0,1.0,0.0,5,0.0,1.0,2.67
1191,Czech Liga (CZ),969829,2,Dominik Mašek,D. Masek,0.33,1.67,0.0,0.33,1.0,0,1.33,1.67,0.0
1191,Czech Liga (CZ),969829,2,Dominik Mašek,D. Masek,0.33,1.67,0.0,0.33,1.0,0,1.33,1.67,2.67
1191,Czech Liga (CZ),969829,2,Dominik Mašek,D. Masek,0.33,1.67,0.0,0.33,1.0,0,1.33,1.0,0.0
1191,Czech Liga (CZ),969829,2,Dominik Mašek,D. Masek,0.33,1.67,0.0,0.33,1.0,0,1.33,1.0,2.67
1191,Czech Liga (CZ),969829,2,Dominik Mašek,D. Masek,0.33,1.67,0.0,0.33,1.0,0,0.0,1.67,0.0
1191,Czech Liga (CZ),969829,2,Dominik Mašek,D. Masek,0.33,1.67,0.0,0.33,1.0,0,0.0,1.67,2.67
1191,Czech Liga (CZ),969829,2,Dominik Mašek,D. Masek,0.33,1.67,0.0,0.33,1.0,0,0.0,1.0,0.0
1191,Czech Liga (CZ),969829,2,Dominik Mašek,D. Masek,0.33,1.67,0.0,0.33,1.0,0,0.0,1.0,2.67
1191,Czech Liga (CZ),969829,2,Dominik Mašek,D. Masek,0.33,1.67,0.0,0.33,1.0,5,1.33,1.67,0.0
1191,Czech Liga (CZ),969829,2,Dominik Mašek,D. Masek,0.33,1.67,0.0,0.33,1.0,5,1.33,1.67,2.67
1191,Czech Liga (CZ),969829,2,Dominik Mašek,D. Masek,0.33,1.67,0.0,0.33,1.0,5,1.33,1.0,0.0
1191,Czech Liga (CZ),969829,2,Dominik Mašek,D. Masek,0.33,1.67,0.0,0.33,1.0,5,1.33,1.0,2.67
1191,Czech Liga (CZ),969829,2,Dominik Mašek,D. Masek,0.33,1.67,0.0,0.33,1.0,5,0.0,1.67,0.0
1191,Czech Liga (CZ),969829,2,Dominik Mašek,D. Masek,0.33,1.67,0.0,0.33,1.0,5,0.0,1.67,2.67
1191,Czech Liga (CZ),969829,2,Dominik Mašek,D. Masek,0.33,1.67,0.0,0.33,1.0,5,0.0,1.0,0.0
1191,Czech Liga (CZ),969829,2,Dominik Mašek,D. Masek,0.33,1.67,0.0,0.33,1.0,5,0.0,1.0,2.67
1191,Czech Liga (CZ),969829,2,Dominik Mašek,D. Masek,0.33,1.67,0.0,0.33,0.0,0,1.33,1.67,0.0
1191,Czech Liga (CZ),969829,2,Dominik Mašek,D. Masek,0.33,1.67,0.0,0.33,0.0,0,1.33,1.67,2.67
1191,Czech Liga (CZ),969829,2,Dominik Mašek,D. Masek,0.33,1.67,0.0,0.33,0.0,0,1.33,1.0,0.0
1191,Czech Liga (CZ),969829,2,Dominik Mašek,D. Masek,0.33,1.67,0.0,0.33,0.0,0,1.33,1.0,2.67
1191,Czech Liga (CZ),969829,2,Dominik Mašek,D. Masek,0.33,1.67,0.0,0.33,0.0,0,0.0,1.67,0.0
1191,Czech Liga (CZ),969829,2,Dominik Mašek,D. Masek,0.33,1.67,0.0,0.33,0.0,0,0.0,1.67,2.67
1191,Czech Liga (CZ),969829,2,Dominik Mašek,D. Masek,0.33,1.67,0.0,0.33,0.0,0,0.0,1.0,0.0
1191,Czech Liga (CZ),969829,2,Dominik Mašek,D. Masek,0.33,1.67,0.0,0.33,0.0,0,0.0,1.0,2.67
1191,Czech Liga (CZ),969829,2,Dominik Mašek,D. Masek,0.33,1.67,0.0,0.33,0.0,5,1.33,1.67,0.0
1191,Czech Liga (CZ),969829,2,Dominik Mašek,D. Masek,0.33,1.67,0.0,0.33,0.0,5,1.33,1.67,2.67
1191,Czech Liga (CZ),969829,2,Dominik Mašek,D. Masek,0.33,1.67,0.0,0.33,0.0,5,1.33,1.0,0.0
1191,Czech Liga (CZ),969829,2,Dominik Mašek,D. Masek,0.33,1.67,0.0,0.33,0.0,5,1.33,1.0,2.67
1191,Czech Liga (CZ),969829,2,Dominik Mašek,D. Masek,0.33,1.67,0.0,0.33,0.0,5,0.0,1.67,0.0
1191,Czech Liga (CZ),969829,2,Dominik Mašek,D. Masek,0.33,1.67,0.0,0.33,0.0,5,0.0,1.67,2.67
1191,Czech Liga (CZ),969829,2,Dominik Mašek,D. Masek,0.33,1.67,0.0,0.33,0.0,5,0.0,1.0,0.0
1191,Czech Liga (CZ),969829,2,Dominik Mašek,D. Masek,0.33,1.67,0.0,0.33,0.0,5,0.0,1.0,2.67
1191,Czech Liga (CZ),969829,2,Dominik Mašek,D. Masek,0.33,1.67,0.33,1.0,1.0,0,1.33,1.67,0.0
1191,Czech Liga (CZ),969829,2,Dominik Mašek,D. Masek,0.33,1.67,0.33,1.0,1.0,0,1.33,1.67,2.67
1191,Czech Liga (CZ),969829,2,Dominik Mašek,D. Masek,0.33,1.67,0.33,1.0,1.0,0,1.33,1.0,0.0
1191,Czech Liga (CZ),969829,2,Dominik Mašek,D. Masek,0.33,1.67,0.33,1.0,1.0,0,1.33,1.0,2.67
1191,Czech Liga (CZ),969829,2,Dominik Mašek,D. Masek,0.33,1.67,0.33,1.0,1.0,0,0.0,1.67,0.0
1191,Czech Liga (CZ),969829,2,Dominik Mašek,D. Masek,0.33,1.67,0.33,1.0,1.0,0,0.0,1.67,2.67
1191,Czech Liga (CZ),969829,2,Dominik Mašek,D. Masek,0.33,1.67,0.33,1.0,1.0,0,0.0,1.0,0.0
1191,Czech Liga (CZ),969829,2,Dominik Mašek,D. Masek,0.33,1.67,0.33,1.0,1.0,0,0.0,1.0,2.67
1191,Czech Liga (CZ),969829,2,Dominik Mašek,D. Masek,0.33,1.67,0.33,1.0,1.0,5,1.33,1.67,0.0
1191,Czech Liga (CZ),969829,2,Dominik Mašek,D. Masek,0.33,1.67,0.33,1.0,1.0,5,1.33,1.67,2.67
1191,Czech Liga (CZ),969829,2,Dominik Mašek,D. Masek,0.33,1.67,0.33,1.0,1.0,5,1.33,1.0,0.0
1191,Czech Liga (CZ),969829,2,Dominik Mašek,D. Masek,0.33,1.67,0.33,1.0,1.0,5,1.33,1.0,2.67
1191,Czech Liga (CZ),969829,2,Dominik Mašek,D. Masek,0.33,1.67,0.33,1.0,1.0,5,0.0,1.67,0.0
1191,Czech Liga (CZ),969829,2,Dominik Mašek,D. Masek,0.33,1.67,0.33,1.0,1.0,5,0.0,1.67,2.67
1191,Czech Liga (CZ),969829,2,Dominik Mašek,D. Masek,0.33,1.67,0.33,1.0,1.0,5,0.0,1.0,0.0
1191,Czech Liga (CZ),969829,2,Dominik Mašek,D. Masek,0.33,1.67,0.33,1.0,1.0,5,0.0,1.0,2.67
1191,Czech Liga (CZ),969829,2,Dominik Mašek,D. Masek,0.33,1.67,0.33,1.0,0.0,0,1.33,1.67,0.0
1191,Czech Liga (CZ),969829,2,Dominik Mašek,D. Masek,0.33,1.67,0.33,1.0,0.0,0,1.33,1.67,2.67
1191,Czech Liga (CZ),969829,2,Dominik Mašek,D. Masek,0.33,1.67,0.33,1.0,0.0,0,1.33,1.0,0.0
1191,Czech Liga (CZ),969829,2,Dominik Mašek,D. Masek,0.33,1.67,0.33,1.0,0.0,0,1.33,1.0,2.67
1191,Czech Liga (CZ),969829,2,Dominik Mašek,D. Masek,0.33,1.67,0.33,1.0,0.0,0,0.0,1.67,0.0
1191,Czech Liga (CZ),969829,2,Dominik Mašek,D. Masek,0.33,1.67,0.33,1.0,0.0,0,0.0,1.67,2.67
1191,Czech Liga (CZ),969829,2,Dominik Mašek,D. Masek,0.33,1.67,0.33,1.0,0.0,0,0.0,1.0,0.0
1191,Czech Liga (CZ),969829,2,Dominik Mašek,D. Masek,0.33,1.67,0.33,1.0,0.0,0,0.0,1.0,2.67
1191,Czech Liga (CZ),969829,2,Dominik Mašek,D. Masek,0.33,1.67,0.33,1.0,0.0,5,1.33,1.67,0.0
1191,Czech Liga (CZ),969829,2,Dominik Mašek,D. Masek,0.33,1.67,0.33,1.0,0.0,5,1.33,1.67,2.67
1191,Czech Liga (CZ),969829,2,Dominik Mašek,D. Masek,0.33,1.67,0.33,1.0,0.0,5,1.33,1.0,0.0
1191,Czech Liga (CZ),969829,2,Dominik Mašek,D. Masek,0.33,1.67,0.33,1.0,0.0,5,1.33,1.0,2.67
1191,Czech Liga (CZ),969829,2,Dominik Mašek,D. Masek,0.33,1.67,0.33,1.0,0.0,5,0.0,1.67,0.0
1191,Czech Liga (CZ),969829,2,Dominik Mašek,D. Masek,0.33,1.67,0.33,1.0,0.0,5,0.0,1.67,2.67
1191,Czech Liga (CZ),969829,2,Dominik Mašek,D. Masek,0.33,1.67,0.33,1.0,0.0,5,0.0,1.0,0.0
1191,Czech Liga (CZ),969829,2,Dominik Mašek,D. Masek,0.33,1.67,0.33,1.0,0.0,5,0.0,1.0,2.67
1191,Czech Liga (CZ),969829,2,Dominik Mašek,D. Masek,0.33,1.67,0.33,0.33,1.0,0,1.33,1.67,0.0
1191,Czech Liga (CZ),969829,2,Dominik Mašek,D. Masek,0.33,1.67,0.33,0.33,1.0,0,1.33,1.67,2.67
1191,Czech Liga (CZ),969829,2,Dominik Mašek,D. Masek,0.33,1.67,0.33,0.33,1.0,0,1.33,1.0,0.0
1191,Czech Liga (CZ),969829,2,Dominik Mašek,D. Masek,0.33,1.67,0.33,0.33,1.0,0,1.33,1.0,2.67
1191,Czech Liga (CZ),969829,2,Dominik Mašek,D. Masek,0.33,1.67,0.33,0.33,1.0,0,0.0,1.67,0.0
1191,Czech Liga (CZ),969829,2,Dominik Mašek,D. Masek,0.33,1.67,0.33,0.33,1.0,0,0.0,1.67,2.67
1191,Czech Liga (CZ),969829,2,Dominik Mašek,D. Masek,0.33,1.67,0.33,0.33,1.0,0,0.0,1.0,0.0
1191,Czech Liga (CZ),969829,2,Dominik Mašek,D. Masek,0.33,1.67,0.33,0.33,1.0,0,0.0,1.0,2.67
1191,Czech Liga (CZ),969829,2,Dominik Mašek,D. Masek,0.33,1.67,0.33,0.33,1.0,5,1.33,1.67,0.0
1191,Czech Liga (CZ),969829,2,Dominik Mašek,D. Masek,0.33,1.67,0.33,0.33,1.0,5,1.33,1.67,2.67
1191,Czech Liga (CZ),969829,2,Dominik Mašek,D. Masek,0.33,1.67,0.33,0.33,1.0,5,1.33,1.0,0.0
1191,Czech Liga (CZ),969829,2,Dominik Mašek,D. Masek,0.33,1.67,0.33,0.33,1.0,5,1.33,1.0,2.67
1191,Czech Liga (CZ),969829,2,Dominik Mašek,D. Masek,0.33,1.67,0.33,0.33,1.0,5,0.0,1.67,0.0
1191,Czech Liga (CZ),969829,2,Dominik Mašek,D. Masek,0.33,1.67,0.33,0.33,1.0,5,0.0,1.67,2.67
1191,Czech Liga (CZ),969829,2,Dominik Mašek,D. Masek,0.33,1.67,0.33,0.33,1.0,5,0.0,1.0,0.0
1191,Czech Liga (CZ),969829,2,Dominik Mašek,D. Masek,0.33,1.67,0.33,0.33,1.0,5,0.0,1.0,2.67
1191,Czech Liga (CZ),969829,2,Dominik Mašek,D. Masek,0.33,1.67,0.33,0.33,0.0,0,1.33,1.67,0.0
1191,Czech Liga (CZ),969829,2,Dominik Mašek,D. Masek,0.33,1.67,0.33,0.33,0.0,0,1.33,1.67,2.67
1191,Czech Liga (CZ),969829,2,Dominik Mašek,D. Masek,0.33,1.67,0.33,0.33,0.0,0,1.33,1.0,0.0
1191,Czech Liga (CZ),969829,2,Dominik Mašek,D. Masek,0.33,1.67,0.33,0.33,0.0,0,1.33,1.0,2.67
1191,Czech Liga (CZ),969829,2,Dominik Mašek,D. Masek,0.33,1.67,0.33,0.33,0.0,0,0.0,1.67,0.0
1191,Czech Liga (CZ),969829,2,Dominik Mašek,D. Masek,0.33,1.67,0.33,0.33,0.0,0,0.0,1.67,2.67
1191,Czech Liga (CZ),969829,2,Dominik Mašek,D. Masek,0.33,1.67,0.33,0.33,0.0,0,0.0,1.0,0.0
1191,Czech Liga (CZ),969829,2,Dominik Mašek,D. Masek,0.33,1.67,0.33,0.33,0.0,0,0.0,1.0,2.67
1191,Czech Liga (CZ),969829,2,Dominik Mašek,D. Masek,0.33,1.67,0.33,0.33,0.0,5,1.33,1.67,0.0
1191,Czech Liga (CZ),969829,2,Dominik Mašek,D. Masek,0.33,1.67,0.33,0.33,0.0,5,1.33,1.67,2.67
1191,Czech Liga (CZ),969829,2,Dominik Mašek,D. Masek,0.33,1.67,0.33,0.33,0.0,5,1.33,1.0,0.0
1191,Czech Liga (CZ),969829,2,Dominik Mašek,D. Masek,0.33,1.67,0.33,0.33,0.0,5,1.33,1.0,2.67
1191,Czech Liga (CZ),969829,2,Dominik Mašek,D. Masek,0.33,1.67,0.33,0.33,0.0,5,0.0,1.67,0.0
1191,Czech Liga (CZ),969829,2,Dominik Mašek,D. Masek,0.33,1.67,0.33,0.33,0.0,5,0.0,1.67,2.67
1191,Czech Liga (CZ),969829,2,Dominik Mašek,D. Masek,0.33,1.67,0.33,0.33,0.0,5,0.0,1.0,0.0
1191,Czech Liga (CZ),969829,2,Dominik Mašek,D. Masek,0.33,1.67,0.33,0.33,0.0,5,0.0,1.0,2.67
1191,Czech Liga (CZ),969829,3,Dominik Mashk,,1.0,0.0,0.0,1.0,1.0,0,1.33,1.67,0.0
1191,Czech Liga (CZ),969829,3,Dominik Mashk,,1.0,0.0,0.0,1.0,1.0,0,1.33,1.67,2.67
1191,Czech Liga (CZ),969829,3,Dominik Mashk,,1.0,0.0,0.0,1.0,1.0,0,1.33,1.0,0.0
1191,Czech Liga (CZ),969829,3,Dominik Mashk,,1.0,0.0,0.0,1.0,1.0,0,1.33,1.0,2.67
1191,Czech Liga (CZ),969829,3,Dominik Mashk,,1.0,0.0,0.0,1.0,1.0,0,0.0,1.67,0.0
1191,Czech Liga (CZ),969829,3,Dominik Mashk,,1.0,0.0,0.0,1.0,1.0,0,0.0,1.67,2.67
1191,Czech Liga (CZ),969829,3,Dominik Mashk,,1.0,0.0,0.0,1.0,1.0,0,0.0,1.0,0.0
1191,Czech Liga (CZ),969829,3,Dominik Mashk,,1.0,0.0,0.0,1.0,1.0,0,0.0,1.0,2.67
1191,Czech Liga (CZ),969829,3,Dominik Mashk,,1.0,0.0,0.0,1.0,1.0,5,1.33,1.67,0.0
1191,Czech Liga (CZ),969829,3,Dominik Mashk,,1.0,0.0,0.0,1.0,1.0,5,1.33,1.67,2.67
1191,Czech Liga (CZ),969829,3,Dominik Mashk,,1.0,0.0,0.0,1.0,1.0,5,1.33,1.0,0.0
1191,Czech Liga (CZ),969829,3,Dominik Mashk,,1.0,0.0,0.0,1.0,1.0,5,1.33,1.0,2.67
1191,Czech Liga (CZ),969829,3,Dominik Mashk,,1.0,0.0,0.0,1.0,1.0,5,0.0,1.67,0.0
1191,Czech Liga (CZ),969829,3,Dominik Mashk,,1.0,0.0,0.0,1.0,1.0,5,0.0,1.67,2.67
1191,Czech Liga (CZ),969829,3,Dominik Mashk,,1.0,0.0,0.0,1.0,1.0,5,0.0,1.0,0.0
1191,Czech Liga (CZ),969829,3,Dominik Mashk,,1.0,0.0,0.0,1.0,1.0,5,0.0,1.0,2.67
1191,Czech Liga (CZ),969829,3,Dominik Mashk,,1.0,0.0,0.0,1.0,0.0,0,1.33,1.67,0.0
1191,Czech Liga (CZ),969829,3,Dominik Mashk,,1.0,0.0,0.0,1.0,0.0,0,1.33,1.67,2.67
1191,Czech Liga (CZ),969829,3,Dominik Mashk,,1.0,0.0,0.0,1.0,0.0,0,1.33,1.0,0.0
1191,Czech Liga (CZ),969829,3,Dominik Mashk,,1.0,0.0,0.0,1.0,0.0,0,1.33,1.0,2.67
1191,Czech Liga (CZ),969829,3,Dominik Mashk,,1.0,0.0,0.0,1.0,0.0,0,0.0,1.67,0.0
1191,Czech Liga (CZ),969829,3,Dominik Mashk,,1.0,0.0,0.0,1.0,0.0,0,0.0,1.67,2.67
1191,Czech Liga (CZ),969829,3,Dominik Mashk,,1.0,0.0,0.0,1.0,0.0,0,0.0,1.0,0.0
1191,Czech Liga (CZ),969829,3,Dominik Mashk,,1.0,0.0,0.0,1.0,0.0,0,0.0,1.0,2.67
1191,Czech Liga (CZ),969829,3,Dominik Mashk,,1.0,0.0,0.0,1.0,0.0,5,1.33,1.67,0.0
1191,Czech Liga (CZ),969829,3,Dominik Mashk,,1.0,0.0,0.0,1.0,0.0,5,1.33,1.67,2.67
1191,Czech Liga (CZ),969829,3,Dominik Mashk,,1.0,0.0,0.0,1.0,0.0,5,1.33,1.0,0.0
1191,Czech Liga (CZ),969829,3,Dominik Mashk,,1.0,0.0,0.0,1.0,0.0,5,1.33,1.0,2.67
1191,Czech Liga (CZ),969829,3,Dominik Mashk,,1.0,0.0,0.0,1.0,0.0,5,0.0,1.67,0.0
1191,Czech Liga (CZ),969829,3,Dominik Mashk,,1.0,0.0,0.0,1.0,0.0,5,0.0,1.67,2.67
1191,Czech Liga (CZ),969829,3,Dominik Mashk,,1.0,0.0,0.0,1.0,0.0,5,0.0,1.0,0.0
1191,Czech Liga (CZ),969829,3,Dominik Mashk,,1.0,0.0,0.0,1.0,0.0,5,0.0,1.0,2.67
1191,Czech Liga (CZ),969829,3,Dominik Mashk,,1.0,0.0,0.0,0.33,1.0,0,1.33,1.67,0.0
1191,Czech Liga (CZ),969829,3,Dominik Mashk,,1.0,0.0,0.0,0.33,1.0,0,1.33,1.67,2.67
1191,Czech Liga (CZ),969829,3,Dominik Mashk,,1.0,0.0,0.0,0.33,1.0,0,1.33,1.0,0.0
1191,Czech Liga (CZ),969829,3,Dominik Mashk,,1.0,0.0,0.0,0.33,1.0,0,1.33,1.0,2.67
1191,Czech Liga (CZ),969829,3,Dominik Mashk,,1.0,0.0,0.0,0.33,1.0,0,0.0,1.67,0.0
1191,Czech Liga (CZ),969829,3,Dominik Mashk,,1.0,0.0,0.0,0.33,1.0,0,0.0,1.67,2.67
1191,Czech Liga (CZ),969829,3,Dominik Mashk,,1.0,0.0,0.0,0.33,1.0,0,0.0,1.0,0.0
1191,Czech Liga (CZ),969829,3,Dominik Mashk,,1.0,0.0,0.0,0.33,1.0,0,0.0,1.0,2.67
1191,Czech Liga (CZ),969829,3,Dominik Mashk,,1.0,0.0,0.0,0.33,1.0,5,1.33,1.67,0.0
1191,Czech Liga (CZ),969829,3,Dominik Mashk,,1.0,0.0,0.0,0.33,1.0,5,1.33,1.67,2.67
1191,Czech Liga (CZ),969829,3,Dominik Mashk,,1.0,0.0,0.0,0.33,1.0,5,1.33,1.0,0.0
1191,Czech Liga (CZ),969829,3,Dominik Mashk,,1.0,0.0,0.0,0.33,1.0,5,1.33,1.0,2.67
1191,Czech Liga (CZ),969829,3,Dominik Mashk,,1.0,0.0,0.0,0.33,1.0,5,0.0,1.67,0.0
1191,Czech Liga (CZ),969829,3,Dominik Mashk,,1.0,0.0,0.0,0.33,1.0,5,0.0,1.67,2.67
1191,Czech Liga (CZ),969829,3,Dominik Mashk,,1.0,0.0,0.0,0.33,1.0,5,0.0,1.0,0.0
1191,Czech Liga (CZ),969829,3,Dominik Mashk,,1.0,0.0,0.0,0.33,1.0,5,0.0,1.0,2.67
1191,Czech Liga (CZ),969829,3,Dominik Mashk,,1.0,0.0,0.0,0.33,0.0,0,1.33,1.67,0.0
1191,Czech Liga (CZ),969829,3,Dominik Mashk,,1.0,0.0,0.0,0.33,0.0,0,1.33,1.67,2.67
1191,Czech Liga (CZ),969829,3,Dominik Mashk,,1.0,0.0,0.0,0.33,0.0,0,1.33,1.0,0.0
1191,Czech Liga (CZ),969829,3,Dominik Mashk,,1.0,0.0,0.0,0.33,0.0,0,1.33,1.0,2.67
1191,Czech Liga (CZ),969829,3,Dominik Mashk,,1.0,0.0,0.0,0.33,0.0,0,0.0,1.67,0.0
1191,Czech Liga (CZ),969829,3,Dominik Mashk,,1.0,0.0,0.0,0.33,0.0,0,0.0,1.67,2.67
1191,Czech Liga (CZ),969829,3,Dominik Mashk,,1.0,0.0,0.0,0.33,0.0,0,0.0,1.0,0.0
1191,Czech Liga (CZ),969829,3,Dominik Mashk,,1.0,0.0,0.0,0.33,0.0,0,0.0,1.0,2.67
1191,Czech Liga (CZ),969829,3,Dominik Mashk,,1.0,0.0,0.0,0.33,0.0,5,1.33,1.67,0.0
1191,Czech Liga (CZ),969829,3,Dominik Mashk,,1.0,0.0,0.0,0.33,0.0,5,1.33,1.67,2.67
1191,Czech Liga (CZ),969829,3,Dominik Mashk,,1.0,0.0,0.0,0.33,0.0,5,1.33,1.0,0.0
1191,Czech Liga (CZ),969829,3,Dominik Mashk,,1.0,0.0,0.0,0.33,0.0,5,1.33,1.0,2.67
1191,Czech Liga (CZ),969829,3,Dominik Mashk,,1.0,0.0,0.0,0.33,0.0,5,0.0,1.67,0.0
1191,Czech Liga (CZ),969829,3,Dominik Mashk,,1.0,0.0,0.0,0.33,0.0,5,0.0,1.67,2.67
1191,Czech Liga (CZ),969829,3,Dominik Mashk,,1.0,0.0,0.0,0.33,0.0,5,0.0,1.0,0.0
1191,Czech Liga (CZ),969829,3,Dominik Mashk,,1.0,0.0,0.0,0.33,0.0,5,0.0,1.0,2.67
1191,Czech Liga (CZ),969829,3,Dominik Mashk,,1.0,0.0,0.33,1.0,1.0,0,1.33,1.67,0.0
1191,Czech Liga (CZ),969829,3,Dominik Mashk,,1.0,0.0,0.33,1.0,1.0,0,1.33,1.67,2.67
1191,Czech Liga (CZ),969829,3,Dominik Mashk,,1.0,0.0,0.33,1.0,1.0,0,1.33,1.0,0.0
1191,Czech Liga (CZ),969829,3,Dominik Mashk,,1.0,0.0,0.33,1.0,1.0,0,1.33,1.0,2.67
1191,Czech Liga (CZ),969829,3,Dominik Mashk,,1.0,0.0,0.33,1.0,1.0,0,0.0,1.67,0.0
1191,Czech Liga (CZ),969829,3,Dominik Mashk,,1.0,0.0,0.33,1.0,1.0,0,0.0,1.67,2.67
1191,Czech Liga (CZ),969829,3,Dominik Mashk,,1.0,0.0,0.33,1.0,1.0,0,0.0,1.0,0.0
1191,Czech Liga (CZ),969829,3,Dominik Mashk,,1.0,0.0,0.33,1.0,1.0,0,0.0,1.0,2.67
1191,Czech Liga (CZ),969829,3,Dominik Mashk,,1.0,0.0,0.33,1.0,1.0,5,1.33,1.67,0.0
1191,Czech Liga (CZ),969829,3,Dominik Mashk,,1.0,0.0,0.33,1.0,1.0,5,1.33,1.67,2.67
1191,Czech Liga (CZ),969829,3,Dominik Mashk,,1.0,0.0,0.33,1.0,1.0,5,1.33,1.0,0.0
1191,Czech Liga (CZ),969829,3,Dominik Mashk,,1.0,0.0,0.33,1.0,1.0,5,1.33,1.0,2.67
1191,Czech Liga (CZ),969829,3,Dominik Mashk,,1.0,0.0,0.33,1.0,1.0,5,0.0,1.67,0.0
1191,Czech Liga (CZ),969829,3,Dominik Mashk,,1.0,0.0,0.33,1.0,1.0,5,0.0,1.67,2.67
1191,Czech Liga (CZ),969829,3,Dominik Mashk,,1.0,0.0,0.33,1.0,1.0,5,0.0,1.0,0.0
1191,Czech Liga (CZ),969829,3,Dominik Mashk,,1.0,0.0,0.33,1.0,1.0,5,0.0,1.0,2.67
1191,Czech Liga (CZ),969829,3,Dominik Mashk,,1.0,0.0,0.33,1.0,0.0,0,1.33,1.67,0.0
1191,Czech Liga (CZ),969829,3,Dominik Mashk,,1.0,0.0,0.33,1.0,0.0,0,1.33,1.67,2.67
1191,Czech Liga (CZ),969829,3,Dominik Mashk,,1.0,0.0,0.33,1.0,0.0,0,1.33,1.0,0.0
1191,Czech Liga (CZ),969829,3,Dominik Mashk,,1.0,0.0,0.33,1.0,0.0,0,1.33,1.0,2.67
1191,Czech Liga (CZ),969829,3,Dominik Mashk,,1.0,0.0,0.33,1.0,0.0,0,0.0,1.67,0.0
1191,Czech Liga (CZ),969829,3,Dominik Mashk,,1.0,0.0,0.33,1.0,0.0,0,0.0,1.67,2.67
1191,Czech Liga (CZ),969829,3,Dominik Mashk,,1.0,0.0,0.33,1.0,0.0,0,0.0,1.0,0.0
1191,Czech Liga (CZ),969829,3,Dominik Mashk,,1.0,0.0,0.33,1.0,0.0,0,0.0,1.0,2.67
1191,Czech Liga (CZ),969829,3,Dominik Mashk,,1.0,0.0,0.33,1.0,0.0,5,1.33,1.67,0.0
1191,Czech Liga (CZ),969829,3,Dominik Mashk,,1.0,0.0,0.33,1.0,0.0,5,1.33,1.67,2.67
1191,Czech Liga (CZ),969829,3,Dominik Mashk,,1.0,0.0,0.33,1.0,0.0,5,1.33,1.0,0.0
1191,Czech Liga (CZ),969829,3,Dominik Mashk,,1.0,0.0,0.33,1.0,0.0,5,1.33,1.0,2.67
1191,Czech Liga (CZ),969829,3,Dominik Mashk,,1.0,0.0,0.33,1.0,0.0,5,0.0,1.67,0.0
1191,Czech Liga (CZ),969829,3,Dominik Mashk,,1.0,0.0,0.33,1.0,0.0,5,0.0,1.67,2.67
1191,Czech Liga (CZ),969829,3,Dominik Mashk,,1.0,0.0,0.33,1.0,0.0,5,0.0,1.0,0.0
1191,Czech Liga (CZ),969829,3,Dominik Mashk,,1.0,0.0,0.33,1.0,0.0,5,0.0,1.0,2.67
1191,Czech Liga (CZ),969829,3,Dominik Mashk,,1.0,0.0,0.33,0.33,1.0,0,1.33,1.67,0.0
1191,Czech Liga (CZ),969829,3,Dominik Mashk,,1.0,0.0,0.33,0.33,1.0,0,1.33,1.67,2.67
1191,Czech Liga (CZ),969829,3,Dominik Mashk,,1.0,0.0,0.33,0.33,1.0,0,1.33,1.0,0.0
1191,Czech Liga (CZ),969829,3,Dominik Mashk,,1.0,0.0,0.33,0.33,1.0,0,1.33,1.0,2.67
1191,Czech Liga (CZ),969829,3,Dominik Mashk,,1.0,0.0,0.33,0.33,1.0,0,0.0,1.67,0.0
1191,Czech Liga (CZ),969829,3,Dominik Mashk,,1.0,0.0,0.33,0.33,1.0,0,0.0,1.67,2.67
1191,Czech Liga (CZ),969829,3,Dominik Mashk,,1.0,0.0,0.33,0.33,1.0,0,0.0,1.0,0.0
1191,Czech Liga (CZ),969829,3,Dominik Mashk,,1.0,0.0,0.33,0.33,1.0,0,0.0,1.0,2.67
1191,Czech Liga (CZ),969829,3,Dominik Mashk,,1.0,0.0,0.33,0.33,1.0,5,1.33,1.67,0.0
1191,Czech Liga (CZ),969829,3,Dominik Mashk,,1.0,0.0,0.33,0.33,1.0,5,1.33,1.67,2.67
1191,Czech Liga (CZ),969829,3,Dominik Mashk,,1.0,0.0,0.33,0.33,1.0,5,1.33,1.0,0.0
1191,Czech Liga (CZ),969829,3,Dominik Mashk,,1.0,0.0,0.33,0.33,1.0,5,1.33,1.0,2.67
1191,Czech Liga (CZ),969829,3,Dominik Mashk,,1.0,0.0,0.33,0.33,1.0,5,0.0,1.67,0.0
1191,Czech Liga (CZ),969829,3,Dominik Mashk,,1.0,0.0,0.33,0.33,1.0,5,0.0,1.67,2.67
1191,Czech Liga (CZ),969829,3,Dominik Mashk,,1.0,0.0,0.33,0.33,1.0,5,0.0,1.0,0.0
1191,Czech Liga (CZ),969829,3,Dominik Mashk,,1.0,0.0,0.33,0.33,1.0,5,0.0,1.0,2.67
1191,Czech Liga (CZ),969829,3,Dominik Mashk,,1.0,0.0,0.33,0.33,0.0,0,1.33,1.67,0.0
1191,Czech Liga (CZ),969829,3,Dominik Mashk,,1.0,0.0,0.33,0.33,0.0,0,1.33,1.67,2.67
1191,Czech Liga (CZ),969829,3,Dominik Mashk,,1.0,0.0,0.33,0.33,0.0,0,1.33,1.0,0.0
1191,Czech Liga (CZ),969829,3,Dominik Mashk,,1.0,0.0,0.33,0.33,0.0,0,1.33,1.0,2.67
1191,Czech Liga (CZ),969829,3,Dominik Mashk,,1.0,0.0,0.33,0.33,0.0,0,0.0,1.67,0.0
1191,Czech Liga (CZ),969829,3,Dominik Mashk,,1.0,0.0,0.33,0.33,0.0,0,0.0,1.67,2.67
1191,Czech Liga (CZ),969829,3,Dominik Mashk,,1.0,0.0,0.33,0.33,0.0,0,0.0,1.0,0.0
1191,Czech Liga (CZ),969829,3,Dominik Mashk,,1.0,0.0,0.33,0.33,0.0,0,0.0,1.0,2.67
1191,Czech Liga (CZ),969829,3,Dominik Mashk,,1.0,0.0,0.33,0.33,0.0,5,1.33,1.67,0.0
1191,Czech Liga (CZ),969829,3,Dominik Mashk,,1.0,0.0,0.33,0.33,0.0,5,1.33,1.67,2.67
1191,Czech Liga (CZ),969829,3,Dominik Mashk,,1.0,0.0,0.33,0.33,0.0,5,1.33,1.0,0.0
1191,Czech Liga (CZ),969829,3,Dominik Mashk,,1.0,0.0,0.33,0.33,0.0,5,1.33,1.0,2.67
1191,Czech Liga (CZ),969829,3,Dominik Mashk,,1.0,0.0,0.33,0.33,0.0,5,0.0,1.67,0.0
1191,Czech Liga (CZ),969829,3,Dominik Mashk,,1.0,0.0,0.33,0.33,0.0,5,0.0,1.67,2.67
1191,Czech Liga (CZ),969829,3,Dominik Mashk,,1.0,0.0,0.33,0.33,0.0,5,0.0,1.0,0.0
1191,Czech Liga (CZ),969829,3,Dominik Mashk,,1.0,0.0,0.33,0.33,0.0,5,0.0,1.0,2.67
1191,Czech Liga (CZ),969829,3,Dominik Mashk,,1.0,1.67,0.0,1.0,1.0,0,1.33,1.67,0.0
1191,Czech Liga (CZ),969829,3,Dominik Mashk,,1.0,1.67,0.0,1.0,1.0,0,1.33,1.67,2.67
1191,Czech Liga (CZ),969829,3,Dominik Mashk,,1.0,1.67,0.0,1.0,1.0,0,1.33,1.0,0.0
1191,Czech Liga (CZ),969829,3,Dominik Mashk,,1.0,1.67,0.0,1.0,1.0,0,1.33,1.0,2.67
1191,Czech Liga (CZ),969829,3,Dominik Mashk,,1.0,1.67,0.0,1.0,1.0,0,0.0,1.67,0.0
1191,Czech Liga (CZ),969829,3,Dominik Mashk,,1.0,1.67,0.0,1.0,1.0,0,0.0,1.67,2.67
1191,Czech Liga (CZ),969829,3,Dominik Mashk,,1.0,1.67,0.0,1.0,1.0,0,0.0,1.0,0.0
1191,Czech Liga (CZ),969829,3,Dominik Mashk,,1.0,1.67,0.0,1.0,1.0,0,0.0,1.0,2.67
1191,Czech Liga (CZ),969829,3,Dominik Mashk,,1.0,1.67,0.0,1.0,1.0,5,1.33,1.67,0.0
1191,Czech Liga (CZ),969829,3,Dominik Mashk,,1.0,1.67,0.0,1.0,1.0,5,1.33,1.67,2.67
1191,Czech Liga (CZ),969829,3,Dominik Mashk,,1.0,1.67,0.0,1.0,1.0,5,1.33,1.0,0.0
1191,Czech Liga (CZ),969829,3,Dominik Mashk,,1.0,1.67,0.0,1.0,1.0,5,1.33,1.0,2.67
1191,Czech Liga (CZ),969829,3,Dominik Mashk,,1.0,1.67,0.0,1.0,1.0,5,0.0,1.67,0.0
1191,Czech Liga (CZ),969829,3,Dominik Mashk,,1.0,1.67,0.0,1.0,1.0,5,0.0,1.67,2.67
1191,Czech Liga (CZ),969829,3,Dominik Mashk,,1.0,1.67,0.0,1.0,1.0,5,0.0,1.0,0.0
1191,Czech Liga (CZ),969829,3,Dominik Mashk,,1.0,1.67,0.0,1.0,1.0,5,0.0,1.0,2.67
1191,Czech Liga (CZ),969829,3,Dominik Mashk,,1.0,1.67,0.0,1.0,0.0,0,1.33,1.67,0.0
1191,Czech Liga (CZ),969829,3,Dominik Mashk,,1.0,1.67,0.0,1.0,0.0,0,1.33,1.67,2.67
1191,Czech Liga (CZ),969829,3,Dominik Mashk,,1.0,1.67,0.0,1.0,0.0,0,1.33,1.0,0.0
1191,Czech Liga (CZ),969829,3,Dominik Mashk,,1.0,1.67,0.0,1.0,0.0,0,1.33,1.0,2.67
1191,Czech Liga (CZ),969829,3,Dominik Mashk,,1.0,1.67,0.0,1.0,0.0,0,0.0,1.67,0.0
1191,Czech Liga (CZ),969829,3,Dominik Mashk,,1.0,1.67,0.0,1.0,0.0,0,0.0,1.67,2.67
1191,Czech Liga (CZ),969829,3,Dominik Mashk,,1.0,1.67,0.0,1.0,0.0,0,0.0,1.0,0.0
1191,Czech Liga (CZ),969829,3,Dominik Mashk,,1.0,1.67,0.0,1.0,0.0,0,0.0,1.0,2.67
1191,Czech Liga (CZ),969829,3,Dominik Mashk,,1.0,1.67,0.0,1.0,0.0,5,1.33,1.67,0.0
1191,Czech Liga (CZ),969829,3,Dominik Mashk,,1.0,1.67,0.0,1.0,0.0,5,1.33,1.67,2.67
1191,Czech Liga (CZ),969829,3,Dominik Mashk,,1.0,1.67,0.0,1.0,0.0,5,1.33,1.0,0.0
1191,Czech Liga (CZ),969829,3,Dominik Mashk,,1.0,1.67,0.0,1.0,0.0,5,1.33,1.0,2.67
1191,Czech Liga (CZ),969829,3,Dominik Mashk,,1.0,1.67,0.0,1.0,0.0,5,0.0,1.67,0.0
1191,Czech Liga (CZ),969829,3,Dominik Mashk,,1.0,1.67,0.0,1.0,0.0,5,0.0,1.67,2.67
1191,Czech Liga (CZ),969829,3,Dominik Mashk,,1.0,1.67,0.0,1.0,0.0,5,0.0,1.0,0.0
1191,Czech Liga (CZ),969829,3,Dominik Mashk,,1.0,1.67,0.0,1.0,0.0,5,0.0,1.0,2.67
1191,Czech Liga (CZ),969829,3,Dominik Mashk,,1.0,1.67,0.0,0.33,1.0,0,1.33,1.67,0.0
1191,Czech Liga (CZ),969829,3,Dominik Mashk,,1.0,1.67,0.0,0.33,1.0,0,1.33,1.67,2.67
1191,Czech Liga (CZ),969829,3,Dominik Mashk,,1.0,1.67,0.0,0.33,1.0,0,1.33,1.0,0.0
1191,Czech Liga (CZ),969829,3,Dominik Mashk,,1.0,1.67,0.0,0.33,1.0,0,1.33,1.0,2.67
1191,Czech Liga (CZ),969829,3,Dominik Mashk,,1.0,1.67,0.0,0.33,1.0,0,0.0,1.67,0.0
1191,Czech Liga (CZ),969829,3,Dominik Mashk,,1.0,1.67,0.0,0.33,1.0,0,0.0,1.67,2.67
1191,Czech Liga (CZ),969829,3,Dominik Mashk,,1.0,1.67,0.0,0.33,1.0,0,0.0,1.0,0.0
1191,Czech Liga (CZ),969829,3,Dominik Mashk,,1.0,1.67,0.0,0.33,1.0,0,0.0,1.0,2.67
1191,Czech Liga (CZ),969829,3,Dominik Mashk,,1.0,1.67,0.0,0.33,1.0,5,1.33,1.67,0.0
1191,Czech Liga (CZ),969829,3,Dominik Mashk,,1.0,1.67,0.0,0.33,1.0,5,1.33,1.67,2.67
1191,Czech Liga (CZ),969829,3,Dominik Mashk,,1.0,1.67,0.0,0.33,1.0,5,1.33,1.0,0.0
1191,Czech Liga (CZ),969829,3,Dominik Mashk,,1.0,1.67,0.0,0.33,1.0,5,1.33,1.0,2.67
1191,Czech Liga (CZ),969829,3,Dominik Mashk,,1.0,1.67,0.0,0.33,1.0,5,0.0,1.67,0.0
1191,Czech Liga (CZ),969829,3,Dominik Mashk,,1.0,1.67,0.0,0.33,1.0,5,0.0,1.67,2.67
1191,Czech Liga (CZ),969829,3,Dominik Mashk,,1.0,1.67,0.0,0.33,1.0,5,0.0,1.0,0.0
1191,Czech Liga (CZ),969829,3,Dominik Mashk,,1.0,1.67,0.0,0.33,1.0,5,0.0,1.0,2.67
1191,Czech Liga (CZ),969829,3,Dominik Mashk,,1.0,1.67,0.0,0.33,0.0,0,1.33,1.67,0.0
1191,Czech Liga (CZ),969829,3,Dominik Mashk,,1.0,1.67,0.0,0.33,0.0,0,1.33,1.67,2.67
1191,Czech Liga (CZ),969829,3,Dominik Mashk,,1.0,1.67,0.0,0.33,0.0,0,1.33,1.0,0.0
1191,Czech Liga (CZ),969829,3,Dominik Mashk,,1.0,1.67,0.0,0.33,0.0,0,1.33,1.0,2.67
1191,Czech Liga (CZ),969829,3,Dominik Mashk,,1.0,1.67,0.0,0.33,0.0,0,0.0,1.67,0.0
1191,Czech Liga (CZ),969829,3,Dominik Mashk,,1.0,1.67,0.0,0.33,0.0,0,0.0,1.67,2.67
1191,Czech Liga (CZ),969829,3,Dominik Mashk,,1.0,1.67,0.0,0.33,0.0,0,0.0,1.0,0.0
1191,Czech Liga (CZ),969829,3,Dominik Mashk,,1.0,1.67,0.0,0.33,0.0,0,0.0,1.0,2.67
1191,Czech Liga (CZ),969829,3,Dominik Mashk,,1.0,1.67,0.0,0.33,0.0,5,1.33,1.67,0.0
1191,Czech Liga (CZ),969829,3,Dominik Mashk,,1.0,1.67,0.0,0.33,0.0,5,1.33,1.67,2.67
1191,Czech Liga (CZ),969829,3,Dominik Mashk,,1.0,1.67,0.0,0.33,0.0,5,1.33,1.0,0.0
1191,Czech Liga (CZ),969829,3,Dominik Mashk,,1.0,1.67,0.0,0.33,0.0,5,1.33,1.0,2.67
1191,Czech Liga (CZ),969829,3,Dominik Mashk,,1.0,1.67,0.0,0.33,0.0,5,0.0,1.67,0.0
1191,Czech Liga (CZ),969829,3,Dominik Mashk,,1.0,1.67,0.0,0.33,0.0,5,0.0,1.67,2.67
1191,Czech Liga (CZ),969829,3,Dominik Mashk,,1.0,1.67,0.0,0.33,0.0,5,0.0,1.0,0.0
1191,Czech Liga (CZ),969829,3,Dominik Mashk,,1.0,1.67,0.0,0.33,0.0,5,0.0,1.0,2.67
1191,Czech Liga (CZ),969829,3,Dominik Mashk,,1.0,1.67,0.33,1.0,1.0,0,1.33,1.67,0.0
1191,Czech Liga (CZ),969829,3,Dominik Mashk,,1.0,1.67,0.33,1.0,1.0,0,1.33,1.67,2.67
1191,Czech Liga (CZ),969829,3,Dominik Mashk,,1.0,1.67,0.33,1.0,1.0,0,1.33,1.0,0.0
1191,Czech Liga (CZ),969829,3,Dominik Mashk,,1.0,1.67,0.33,1.0,1.0,0,1.33,1.0,2.67
1191,Czech Liga (CZ),969829,3,Dominik Mashk,,1.0,1.67,0.33,1.0,1.0,0,0.0,1.67,0.0
1191,Czech Liga (CZ),969829,3,Dominik Mashk,,1.0,1.67,0.33,1.0,1.0,0,0.0,1.67,2.67
1191,Czech Liga (CZ),969829,3,Dominik Mashk,,1.0,1.67,0.33,1.0,1.0,0,0.0,1.0,0.0
1191,Czech Liga (CZ),969829,3,Dominik Mashk,,1.0,1.67,0.33,1.0,1.0,0,0.0,1.0,2.67
1191,Czech Liga (CZ),969829,3,Dominik Mashk,,1.0,1.67,0.33,1.0,1.0,5,1.33,1.67,0.0
1191,Czech Liga (CZ),969829,3,Dominik Mashk,,1.0,1.67,0.33,1.0,1.0,5,1.33,1.67,2.67
1191,Czech Liga (CZ),969829,3,Dominik Mashk,,1.0,1.67,0.33,1.0,1.0,5,1.33,1.0,0.0
1191,Czech Liga (CZ),969829,3,Dominik Mashk,,1.0,1.67,0.33,1.0,1.0,5,1.33,1.0,2.67
1191,Czech Liga (CZ),969829,3,Dominik Mashk,,1.0,1.67,0.33,1.0,1.0,5,0.0,1.67,0.0
1191,Czech Liga (CZ),969829,3,Dominik Mashk,,1.0,1.67,0.33,1.0,1.0,5,0.0,1.67,2.67
1191,Czech Liga (CZ),969829,3,Dominik Mashk,,1.0,1.67,0.33,1.0,1.0,5,0.0,1.0,0.0
1191,Czech Liga (CZ),969829,3,Dominik Mashk,,1.0,1.67,0.33,1.0,1.0,5,0.0,1.0,2.67
1191,Czech Liga (CZ),969829,3,Dominik Mashk,,1.0,1.67,0.33,1.0,0.0,0,1.33,1.67,0.0
1191,Czech Liga (CZ),969829,3,Dominik Mashk,,1.0,1.67,0.33,1.0,0.0,0,1.33,1.67,2.67
1191,Czech Liga (CZ),969829,3,Dominik Mashk,,1.0,1.67,0.33,1.0,0.0,0,1.33,1.0,0.0
1191,Czech Liga (CZ),969829,3,Dominik Mashk,,1.0,1.67,0.33,1.0,0.0,0,1.33,1.0,2.67
1191,Czech Liga (CZ),969829,3,Dominik Mashk,,1.0,1.67,0.33,1.0,0.0,0,0.0,1.67,0.0
1191,Czech Liga (CZ),969829,3,Dominik Mashk,,1.0,1.67,0.33,1.0,0.0,0,0.0,1.67,2.67
1191,Czech Liga (CZ),969829,3,Dominik Mashk,,1.0,1.67,0.33,1.0,0.0,0,0.0,1.0,0.0
1191,Czech Liga (CZ),969829,3,Dominik Mashk,,1.0,1.67,0.33,1.0,0.0,0,0.0,1.0,2.67
1191,Czech Liga (CZ),969829,3,Dominik Mashk,,1.0,1.67,0.33,1.0,0.0,5,1.33,1.67,0.0
1191,Czech Liga (CZ),969829,3,Dominik Mashk,,1.0,1.67,0.33,1.0,0.0,5,1.33,1.67,2.67
1191,Czech Liga (CZ),969829,3,Dominik Mashk,,1.0,1.67,0.33,1.0,0.0,5,1.33,1.0,0.0
1191,Czech Liga (CZ),969829,3,Dominik Mashk,,1.0,1.67,0.33,1.0,0.0,5,1.33,1.0,2.67
1191,Czech Liga (CZ),969829,3,Dominik Mashk,,1.0,1.67,0.33,1.0,0.0,5,0.0,1.67,0.0
1191,Czech Liga (CZ),969829,3,Dominik Mashk,,1.0,1.67,0.33,1.0,0.0,5,0.0,1.67,2.67
1191,Czech Liga (CZ),969829,3,Dominik Mashk,,1.0,1.67,0.33,1.0,0.0,5,0.0,1.0,0.0
1191,Czech Liga (CZ),969829,3,Dominik Mashk,,1.0,1.67,0.33,1.0,0.0,5,0.0,1.0,2.67
1191,Czech Liga (CZ),969829,3,Dominik Mashk,,1.0,1.67,0.33,0.33,1.0,0,1.33,1.67,0.0
1191,Czech Liga (CZ),969829,3,Dominik Mashk,,1.0,1.67,0.33,0.33,1.0,0,1.33,1.67,2.67
1191,Czech Liga (CZ),969829,3,Dominik Mashk,,1.0,1.67,0.33,0.33,1.0,0,1.33,1.0,0.0
1191,Czech Liga (CZ),969829,3,Dominik Mashk,,1.0,1.67,0.33,0.33,1.0,0,1.33,1.0,2.67
1191,Czech Liga (CZ),969829,3,Dominik Mashk,,1.0,1.67,0.33,0.33,1.0,0,0.0,1.67,0.0
1191,Czech Liga (CZ),969829,3,Dominik Mashk,,1.0,1.67,0.33,0.33,1.0,0,0.0,1.67,2.67
1191,Czech Liga (CZ),969829,3,Dominik Mashk,,1.0,1.67,0.33,0.33,1.0,0,0.0,1.0,0.0
1191,Czech Liga (CZ),969829,3,Dominik Mashk,,1.0,1.67,0.33,0.33,1.0,0,0.0,1.0,2.67
1191,Czech Liga (CZ),969829,3,Dominik Mashk,,1.0,1.67,0.33,0.33,1.0,5,1.33,1.67,0.0
1191,Czech Liga (CZ),969829,3,Dominik Mashk,,1.0,1.67,0.33,0.33,1.0,5,1.33,1.67,2.67
1191,Czech Liga (CZ),969829,3,Dominik Mashk,,1.0,1.67,0.33,0.33,1.0,5,1.33,1.0,0.0
1191,Czech Liga (CZ),969829,3,Dominik Mashk,,1.0,1.67,0.33,0.33,1.0,5,1.33,1.0,2.67
1191,Czech Liga (CZ),969829,3,Dominik Mashk,,1.0,1.67,0.33,0.33,1.0,5,0.0,1.67,0.0
1191,Czech Liga (CZ),969829,3,Dominik Mashk,,1.0,1.67,0.33,0.33,1.0,5,0.0,1.67,2.67
1191,Czech Liga (CZ),969829,3,Dominik Mashk,,1.0,1.67,0.33,0.33,1.0,5,0.0,1.0,0.0
1191,Czech Liga (CZ),969829,3,Dominik Mashk,,1.0,1.67,0.33,0.33,1.0,5,0.0,1.0,2.67
1191,Czech Liga (CZ),969829,3,Dominik Mashk,,1.0,1.67,0.33,0.33,0.0,0,1.33,1.67,0.0
1191,Czech Liga (CZ),969829,3,Dominik Mashk,,1.0,1.67,0.33,0.33,0.0,0,1.33,1.67,2.67
1191,Czech Liga (CZ),969829,3,Dominik Mashk,,1.0,1.67,0.33,0.33,0.0,0,1.33,1.0,0.0
1191,Czech Liga (CZ),969829,3,Dominik Mashk,,1.0,1.67,0.33,0.33,0.0,0,1.33,1.0,2.67
1191,Czech Liga (CZ),969829,3,Dominik Mashk,,1.0,1.67,0.33,0.33,0.0,0,0.0,1.67,0.0
1191,Czech Liga (CZ),969829,3,Dominik Mashk,,1.0,1.67,0.33,0.33,0.0,0,0.0,1.67,2.67
1191,Czech Liga (CZ),969829,3,Dominik Mashk,,1.0,1.67,0.33,0.33,0.0,0,0.0,1.0,0.0
1191,Czech Liga (CZ),969829,3,Dominik Mashk,,1.0,1.67,0.33,0.33,0.0,0,0.0,1.0,2.67
1191,Czech Liga (CZ),969829,3,Dominik Mashk,,1.0,1.67,0.33,0.33,0.0,5,1.33,1.67,0.0
1191,Czech Liga (CZ),969829,3,Dominik Mashk,,1.0,1.67,0.33,0.33,0.0,5,1.33,1.67,2.67
1191,Czech Liga (CZ),969829,3,Dominik Mashk,,1.0,1.67,0.33,0.33,0.0,5,1.33,1.0,0.0
1191,Czech Liga (CZ),969829,3,Dominik Mashk,,1.0,1.67,0.33,0.33,0.0,5,1.33,1.0,2.67
1191,Czech Liga (CZ),969829,3,Dominik Mashk,,1.0,1.67,0.33,0.33,0.0,5,0.0,1.67,0.0
1191,Czech Liga (CZ),969829,3,Dominik Mashk,,1.0,1.67,0.33,0.33,0.0,5,0.0,1.67,2.67
1191,Czech Liga (CZ),969829,3,Dominik Mashk,,1.0,1.67,0.33,0.33,0.0,5,0.0,1.0,0.0
1191,Czech Liga (CZ),969829,3,Dominik Mashk,,1.0,1.67,0.33,0.33,0.0,5,0.0,1.0,2.67
1191,Czech Liga (CZ),969829,3,Dominik Mashk,,0.33,0.0,0.0,1.0,1.0,0,1.33,1.67,0.0
1191,Czech Liga (CZ),969829,3,Dominik Mashk,,0.33,0.0,0.0,1.0,1.0,0,1.33,1.67,2.67
1191,Czech Liga (CZ),969829,3,Dominik Mashk,,0.33,0.0,0.0,1.0,1.0,0,1.33,1.0,0.0
1191,Czech Liga (CZ),969829,3,Dominik Mashk,,0.33,0.0,0.0,1.0,1.0,0,1.33,1.0,2.67
1191,Czech Liga (CZ),969829,3,Dominik Mashk,,0.33,0.0,0.0,1.0,1.0,0,0.0,1.67,0.0
1191,Czech Liga (CZ),969829,3,Dominik Mashk,,0.33,0.0,0.0,1.0,1.0,0,0.0,1.67,2.67
1191,Czech Liga (CZ),969829,3,Dominik Mashk,,0.33,0.0,0.0,1.0,1.0,0,0.0,1.0,0.0
1191,Czech Liga (CZ),969829,3,Dominik Mashk,,0.33,0.0,0.0,1.0,1.0,0,0.0,1.0,2.67
1191,Czech Liga (CZ),969829,3,Dominik Mashk,,0.33,0.0,0.0,1.0,1.0,5,1.33,1.67,0.0
1191,Czech Liga (CZ),969829,3,Dominik Mashk,,0.33,0.0,0.0,1.0,1.0,5,1.33,1.67,2.67
1191,Czech Liga (CZ),969829,3,Dominik Mashk,,0.33,0.0,0.0,1.0,1.0,5,1.33,1.0,0.0
1191,Czech Liga (CZ),969829,3,Dominik Mashk,,0.33,0.0,0.0,1.0,1.0,5,1.33,1.0,2.67
1191,Czech Liga (CZ),969829,3,Dominik Mashk,,0.33,0.0,0.0,1.0,1.0,5,0.0,1.67,0.0
1191,Czech Liga (CZ),969829,3,Dominik Mashk,,0.33,0.0,0.0,1.0,1.0,5,0.0,1.67,2.67
1191,Czech Liga (CZ),969829,3,Dominik Mashk,,0.33,0.0,0.0,1.0,1.0,5,0.0,1.0,0.0
1191,Czech Liga (CZ),969829,3,Dominik Mashk,,0.33,0.0,0.0,1.0,1.0,5,0.0,1.0,2.67
1191,Czech Liga (CZ),969829,3,Dominik Mashk,,0.33,0.0,0.0,1.0,0.0,0,1.33,1.67,0.0
1191,Czech Liga (CZ),969829,3,Dominik Mashk,,0.33,0.0,0.0,1.0,0.0,0,1.33,1.67,2.67
1191,Czech Liga (CZ),969829,3,Dominik Mashk,,0.33,0.0,0.0,1.0,0.0,0,1.33,1.0,0.0
1191,Czech Liga (CZ),969829,3,Dominik Mashk,,0.33,0.0,0.0,1.0,0.0,0,1.33,1.0,2.67
1191,Czech Liga (CZ),969829,3,Dominik Mashk,,0.33,0.0,0.0,1.0,0.0,0,0.0,1.67,0.0
1191,Czech Liga (CZ),969829,3,Dominik Mashk,,0.33,0.0,0.0,1.0,0.0,0,0.0,1.67,2.67
1191,Czech Liga (CZ),969829,3,Dominik Mashk,,0.33,0.0,0.0,1.0,0.0,0,0.0,1.0,0.0
1191,Czech Liga (CZ),969829,3,Dominik Mashk,,0.33,0.0,0.0,1.0,0.0,0,0.0,1.0,2.67
1191,Czech Liga (CZ),969829,3,Dominik Mashk,,0.33,0.0,0.0,1.0,0.0,5,1.33,1.67,0.0
1191,Czech Liga (CZ),969829,3,Dominik Mashk,,0.33,0.0,0.0,1.0,0.0,5,1.33,1.67,2.67
1191,Czech Liga (CZ),969829,3,Dominik Mashk,,0.33,0.0,0.0,1.0,0.0,5,1.33,1.0,0.0
1191,Czech Liga (CZ),969829,3,Dominik Mashk,,0.33,0.0,0.0,1.0,0.0,5,1.33,1.0,2.67
1191,Czech Liga (CZ),969829,3,Dominik Mashk,,0.33,0.0,0.0,1.0,0.0,5,0.0,1.67,0.0
1191,Czech Liga (CZ),969829,3,Dominik Mashk,,0.33,0.0,0.0,1.0,0.0,5,0.0,1.67,2.67
1191,Czech Liga (CZ),969829,3,Dominik Mashk,,0.33,0.0,0.0,1.0,0.0,5,0.0,1.0,0.0
1191,Czech Liga (CZ),969829,3,Dominik Mashk,,0.33,0.0,0.0,1.0,0.0,5,0.0,1.0,2.67
1191,Czech Liga (CZ),969829,3,Dominik Mashk,,0.33,0.0,0.0,0.33,1.0,0,1.33,1.67,0.0
1191,Czech Liga (CZ),969829,3,Dominik Mashk,,0.33,0.0,0.0,0.33,1.0,0,1.33,1.67,2.67
1191,Czech Liga (CZ),969829,3,Dominik Mashk,,0.33,0.0,0.0,0.33,1.0,0,1.33,1.0,0.0
1191,Czech Liga (CZ),969829,3,Dominik Mashk,,0.33,0.0,0.0,0.33,1.0,0,1.33,1.0,2.67
1191,Czech Liga (CZ),969829,3,Dominik Mashk,,0.33,0.0,0.0,0.33,1.0,0,0.0,1.67,0.0
1191,Czech Liga (CZ),969829,3,Dominik Mashk,,0.33,0.0,0.0,0.33,1.0,0,0.0,1.67,2.67
1191,Czech Liga (CZ),969829,3,Dominik Mashk,,0.33,0.0,0.0,0.33,1.0,0,0.0,1.0,0.0
1191,Czech Liga (CZ),969829,3,Dominik Mashk,,0.33,0.0,0.0,0.33,1.0,0,0.0,1.0,2.67
1191,Czech Liga (CZ),969829,3,Dominik Mashk,,0.33,0.0,0.0,0.33,1.0,5,1.33,1.67,0.0
1191,Czech Liga (CZ),969829,3,Dominik Mashk,,0.33,0.0,0.0,0.33,1.0,5,1.33,1.67,2.67
1191,Czech Liga (CZ),969829,3,Dominik Mashk,,0.33,0.0,0.0,0.33,1.0,5,1.33,1.0,0.0
1191,Czech Liga (CZ),969829,3,Dominik Mashk,,0.33,0.0,0.0,0.33,1.0,5,1.33,1.0,2.67
1191,Czech Liga (CZ),969829,3,Dominik Mashk,,0.33,0.0,0.0,0.33,1.0,5,0.0,1.67,0.0
1191,Czech Liga (CZ),969829,3,Dominik Mashk,,0.33,0.0,0.0,0.33,1.0,5,0.0,1.67,2.67
1191,Czech Liga (CZ),969829,3,Dominik Mashk,,0.33,0.0,0.0,0.33,1.0,5,0.0,1.0,0.0
1191,Czech Liga (CZ),969829,3,Dominik Mashk,,0.33,0.0,0.0,0.33,1.0,5,0.0,1.0,2.67
1191,Czech Liga (CZ),969829,3,Dominik Mashk,,0.33,0.0,0.0,0.33,0.0,0,1.33,1.67,0.0
1191,Czech Liga (CZ),969829,3,Dominik Mashk,,0.33,0.0,0.0,0.33,0.0,0,1.33,1.67,2.67
1191,Czech Liga (CZ),969829,3,Dominik Mashk,,0.33,0.0,0.0,0.33,0.0,0,1.33,1.0,0.0
1191,Czech Liga (CZ),969829,3,Dominik Mashk,,0.33,0.0,0.0,0.33,0.0,0,1.33,1.0,2.67
1191,Czech Liga (CZ),969829,3,Dominik Mashk,,0.33,0.0,0.0,0.33,0.0,0,0.0,1.67,0.0
1191,Czech Liga (CZ),969829,3,Dominik Mashk,,0.33,0.0,0.0,0.33,0.0,0,0.0,1.67,2.67
1191,Czech Liga (CZ),969829,3,Dominik Mashk,,0.33,0.0,0.0,0.33,0.0,0,0.0,1.0,0.0
1191,Czech Liga (CZ),969829,3,Dominik Mashk,,0.33,0.0,0.0,0.33,0.0,0,0.0,1.0,2.67
1191,Czech Liga (CZ),969829,3,Dominik Mashk,,0.33,0.0,0.0,0.33,0.0,5,1.33,1.67,0.0
1191,Czech Liga (CZ),969829,3,Dominik Mashk,,0.33,0.0,0.0,0.33,0.0,5,1.33,1.67,2.67
1191,Czech Liga (CZ),969829,3,Dominik Mashk,,0.33,0.0,0.0,0.33,0.0,5,1.33,1.0,0.0
1191,Czech Liga (CZ),969829,3,Dominik Mashk,,0.33,0.0,0.0,0.33,0.0,5,1.33,1.0,2.67
1191,Czech Liga (CZ),969829,3,Dominik Mashk,,0.33,0.0,0.0,0.33,0.0,5,0.0,1.67,0.0
1191,Czech Liga (CZ),969829,3,Dominik Mashk,,0.33,0.0,0.0,0.33,0.0,5,0.0,1.67,2.67
1191,Czech Liga (CZ),969829,3,Dominik Mashk,,0.33,0.0,0.0,0.33,0.0,5,0.0,1.0,0.0
1191,Czech Liga (CZ),969829,3,Dominik Mashk,,0.33,0.0,0.0,0.33,0.0,5,0.0,1.0,2.67
1191,Czech Liga (CZ),969829,3,Dominik Mashk,,0.33,0.0,0.33,1.0,1.0,0,1.33,1.67,0.0
1191,Czech Liga (CZ),969829,3,Dominik Mashk,,0.33,0.0,0.33,1.0,1.0,0,1.33,1.67,2.67
1191,Czech Liga (CZ),969829,3,Dominik Mashk,,0.33,0.0,0.33,1.0,1.0,0,1.33,1.0,0.0
1191,Czech Liga (CZ),969829,3,Dominik Mashk,,0.33,0.0,0.33,1.0,1.0,0,1.33,1.0,2.67
1191,Czech Liga (CZ),969829,3,Dominik Mashk,,0.33,0.0,0.33,1.0,1.0,0,0.0,1.67,0.0
1191,Czech Liga (CZ),969829,3,Dominik Mashk,,0.33,0.0,0.33,1.0,1.0,0,0.0,1.67,2.67
1191,Czech Liga (CZ),969829,3,Dominik Mashk,,0.33,0.0,0.33,1.0,1.0,0,0.0,1.0,0.0
1191,Czech Liga (CZ),969829,3,Dominik Mashk,,0.33,0.0,0.33,1.0,1.0,0,0.0,1.0,2.67
1191,Czech Liga (CZ),969829,3,Dominik Mashk,,0.33,0.0,0.33,1.0,1.0,5,1.33,1.67,0.0
1191,Czech Liga (CZ),969829,3,Dominik Mashk,,0.33,0.0,0.33,1.0,1.0,5,1.33,1.67,2.67
1191,Czech Liga (CZ),969829,3,Dominik Mashk,,0.33,0.0,0.33,1.0,1.0,5,1.33,1.0,0.0
1191,Czech Liga (CZ),969829,3,Dominik Mashk,,0.33,0.0,0.33,1.0,1.0,5,1.33,1.0,2.67
1191,Czech Liga (CZ),969829,3,Dominik Mashk,,0.33,0.0,0.33,1.0,1.0,5,0.0,1.67,0.0
1191,Czech Liga (CZ),969829,3,Dominik Mashk,,0.33,0.0,0.33,1.0,1.0,5,0.0,1.67,2.67
1191,Czech Liga (CZ),969829,3,Dominik Mashk,,0.33,0.0,0.33,1.0,1.0,5,0.0,1.0,0.0
1191,Czech Liga (CZ),969829,3,Dominik Mashk,,0.33,0.0,0.33,1.0,1.0,5,0.0,1.0,2.67
1191,Czech Liga (CZ),969829,3,Dominik Mashk,,0.33,0.0,0.33,1.0,0.0,0,1.33,1.67,0.0
1191,Czech Liga (CZ),969829,3,Dominik Mashk,,0.33,0.0,0.33,1.0,0.0,0,1.33,1.67,2.67
1191,Czech Liga (CZ),969829,3,Dominik Mashk,,0.33,0.0,0.33,1.0,0.0,0,1.33,1.0,0.0
1191,Czech Liga (CZ),969829,3,Dominik Mashk,,0.33,0.0,0.33,1.0,0.0,0,1.33,1.0,2.67
1191,Czech Liga (CZ),969829,3,Dominik Mashk,,0.33,0.0,0.33,1.0,0.0,0,0.0,1.67,0.0
1191,Czech Liga (CZ),969829,3,Dominik Mashk,,0.33,0.0,0.33,1.0,0.0,0,0.0,1.67,2.67
1191,Czech Liga (CZ),969829,3,Dominik Mashk,,0.33,0.0,0.33,1.0,0.0,0,0.0,1.0,0.0
1191,Czech Liga (CZ),969829,3,Dominik Mashk,,0.33,0.0,0.33,1.0,0.0,0,0.0,1.0,2.67
1191,Czech Liga (CZ),969829,3,Dominik Mashk,,0.33,0.0,0.33,1.0,0.0,5,1.33,1.67,0.0
1191,Czech Liga (CZ),969829,3,Dominik Mashk,,0.33,0.0,0.33,1.0,0.0,5,1.33,1.67,2.67
1191,Czech Liga (CZ),969829,3,Dominik Mashk,,0.33,0.0,0.33,1.0,0.0,5,1.33,1.0,0.0
1191,Czech Liga (CZ),969829,3,Dominik Mashk,,0.33,0.0,0.33,1.0,0.0,5,1.33,1.0,2.67
1191,Czech Liga (CZ),969829,3,Dominik Mashk,,0.33,0.0,0.33,1.0,0.0,5,0.0,1.67,0.0
1191,Czech Liga (CZ),969829,3,Dominik Mashk,,0.33,0.0,0.33,1.0,0.0,5,0.0,1.67,2.67
1191,Czech Liga (CZ),969829,3,Dominik Mashk,,0.33,0.0,0.33,1.0,0.0,5,0.0,1.0,0.0
1191,Czech Liga (CZ),969829,3,Dominik Mashk,,0.33,0.0,0.33,1.0,0.0,5,0.0,1.0,2.67
1191,Czech Liga (CZ),969829,3,Dominik Mashk,,0.33,0.0,0.33,0.33,1.0,0,1.33,1.67,0.0
1191,Czech Liga (CZ),969829,3,Dominik Mashk,,0.33,0.0,0.33,0.33,1.0,0,1.33,1.67,2.67
1191,Czech Liga (CZ),969829,3,Dominik Mashk,,0.33,0.0,0.33,0.33,1.0,0,1.33,1.0,0.0
1191,Czech Liga (CZ),969829,3,Dominik Mashk,,0.33,0.0,0.33,0.33,1.0,0,1.33,1.0,2.67
1191,Czech Liga (CZ),969829,3,Dominik Mashk,,0.33,0.0,0.33,0.33,1.0,0,0.0,1.67,0.0
1191,Czech Liga (CZ),969829,3,Dominik Mashk,,0.33,0.0,0.33,0.33,1.0,0,0.0,1.67,2.67
1191,Czech Liga (CZ),969829,3,Dominik Mashk,,0.33,0.0,0.33,0.33,1.0,0,0.0,1.0,0.0
1191,Czech Liga (CZ),969829,3,Dominik Mashk,,0.33,0.0,0.33,0.33,1.0,0,0.0,1.0,2.67
1191,Czech Liga (CZ),969829,3,Dominik Mashk,,0.33,0.0,0.33,0.33,1.0,5,1.33,1.67,0.0
1191,Czech Liga (CZ),969829,3,Dominik Mashk,,0.33,0.0,0.33,0.33,1.0,5,1.33,1.67,2.67
1191,Czech Liga (CZ),969829,3,Dominik Mashk,,0.33,0.0,0.33,0.33,1.0,5,1.33,1.0,0.0
1191,Czech Liga (CZ),969829,3,Dominik Mashk,,0.33,0.0,0.33,0.33,1.0,5,1.33,1.0,2.67
1191,Czech Liga (CZ),969829,3,Dominik Mashk,,0.33,0.0,0.33,0.33,1.0,5,0.0,1.67,0.0
1191,Czech Liga (CZ),969829,3,Dominik Mashk,,0.33,0.0,0.33,0.33,1.0,5,0.0,1.67,2.67
1191,Czech Liga (CZ),969829,3,Dominik Mashk,,0.33,0.0,0.33,0.33,1.0,5,0.0,1.0,0.0
1191,Czech Liga (CZ),969829,3,Dominik Mashk,,0.33,0.0,0.33,0.33,1.0,5,0.0,1.0,2.67
1191,Czech Liga (CZ),969829,3,Dominik Mashk,,0.33,0.0,0.33,0.33,0.0,0,1.33,1.67,0.0
1191,Czech Liga (CZ),969829,3,Dominik Mashk,,0.33,0.0,0.33,0.33,0.0,0,1.33,1.67,2.67
1191,Czech Liga (CZ),969829,3,Dominik Mashk,,0.33,0.0,0.33,0.33,0.0,0,1.33,1.0,0.0
1191,Czech Liga (CZ),969829,3,Dominik Mashk,,0.33,0.0,0.33,0.33,0.0,0,1.33,1.0,2.67
1191,Czech Liga (CZ),969829,3,Dominik Mashk,,0.33,0.0,0.33,0.33,0.0,0,0.0,1.67,0.0
1191,Czech Liga (CZ),969829,3,Dominik Mashk,,0.33,0.0,0.33,0.33,0.0,0,0.0,1.67,2.67
1191,Czech Liga (CZ),969829,3,Dominik Mashk,,0.33,0.0,0.33,0.33,0.0,0,0.0,1.0,0.0
1191,Czech Liga (CZ),969829,3,Dominik Mashk,,0.33,0.0,0.33,0.33,0.0,0,0.0,1.0,2.67
1191,Czech Liga (CZ),969829,3,Dominik Mashk,,0.33,0.0,0.33,0.33,0.0,5,1.33,1.67,0.0
1191,Czech Liga (CZ),969829,3,Dominik Mashk,,0.33,0.0,0.33,0.33,0.0,5,1.33,1.67,2.67
1191,Czech Liga (CZ),969829,3,Dominik Mashk,,0.33,0.0,0.33,0.33,0.0,5,1.33,1.0,0.0
1191,Czech Liga (CZ),969829,3,Dominik Mashk,,0.33,0.0,0.33,0.33,0.0,5,1.33,1.0,2.67
1191,Czech Liga (CZ),969829,3,Dominik Mashk,,0.33,0.0,0.33,0.33,0.0,5,0.0,1.67,0.0
1191,Czech Liga (CZ),969829,3,Dominik Mashk,,0.33,0.0,0.33,0.33,0.0,5,0.0,1.67,2.67
1191,Czech Liga (CZ),969829,3,Dominik Mashk,,0.33,0.0,0.33,0.33,0.0,5,0.0,1.0,0.0
1191,Czech Liga (CZ),969829,3,Dominik Mashk,,0.33,0.0,0.33,0.33,0.0,5,0.0,1.0,2.67
1191,Czech Liga (CZ),969829,3,Dominik Mashk,,0.33,1.67,0.0,1.0,1.0,0,1.33,1.67,0.0
1191,Czech Liga (CZ),969829,3,Dominik Mashk,,0.33,1.67,0.0,1.0,1.0,0,1.33,1.67,2.67
1191,Czech Liga (CZ),969829,3,Dominik Mashk,,0.33,1.67,0.0,1.0,1.0,0,1.33,1.0,0.0
1191,Czech Liga (CZ),969829,3,Dominik Mashk,,0.33,1.67,0.0,1.0,1.0,0,1.33,1.0,2.67
1191,Czech Liga (CZ),969829,3,Dominik Mashk,,0.33,1.67,0.0,1.0,1.0,0,0.0,1.67,0.0
1191,Czech Liga (CZ),969829,3,Dominik Mashk,,0.33,1.67,0.0,1.0,1.0,0,0.0,1.67,2.67
1191,Czech Liga (CZ),969829,3,Dominik Mashk,,0.33,1.67,0.0,1.0,1.0,0,0.0,1.0,0.0
1191,Czech Liga (CZ),969829,3,Dominik Mashk,,0.33,1.67,0.0,1.0,1.0,0,0.0,1.0,2.67
1191,Czech Liga (CZ),969829,3,Dominik Mashk,,0.33,1.67,0.0,1.0,1.0,5,1.33,1.67,0.0
1191,Czech Liga (CZ),969829,3,Dominik Mashk,,0.33,1.67,0.0,1.0,1.0,5,1.33,1.67,2.67
1191,Czech Liga (CZ),969829,3,Dominik Mashk,,0.33,1.67,0.0,1.0,1.0,5,1.33,1.0,0.0
1191,Czech Liga (CZ),969829,3,Dominik Mashk,,0.33,1.67,0.0,1.0,1.0,5,1.33,1.0,2.67
1191,Czech Liga (CZ),969829,3,Dominik Mashk,,0.33,1.67,0.0,1.0,1.0,5,0.0,1.67,0.0
1191,Czech Liga (CZ),969829,3,Dominik Mashk,,0.33,1.67,0.0,1.0,1.0,5,0.0,1.67,2.67
1191,Czech Liga (CZ),969829,3,Dominik Mashk,,0.33,1.67,0.0,1.0,1.0,5,0.0,1.0,0.0
1191,Czech Liga (CZ),969829,3,Dominik Mashk,,0.33,1.67,0.0,1.0,1.0,5,0.0,1.0,2.67
1191,Czech Liga (CZ),969829,3,Dominik Mashk,,0.33,1.67,0.0,1.0,0.0,0,1.33,1.67,0.0
1191,Czech Liga (CZ),969829,3,Dominik Mashk,,0.33,1.67,0.0,1.0,0.0,0,1.33,1.67,2.67
1191,Czech Liga (CZ),969829,3,Dominik Mashk,,0.33,1.67,0.0,1.0,0.0,0,1.33,1.0,0.0
1191,Czech Liga (CZ),969829,3,Dominik Mashk,,0.33,1.67,0.0,1.0,0.0,0,1.33,1.0,2.67
1191,Czech Liga (CZ),969829,3,Dominik Mashk,,0.33,1.67,0.0,1.0,0.0,0,0.0,1.67,0.0
1191,Czech Liga (CZ),969829,3,Dominik Mashk,,0.33,1.67,0.0,1.0,0.0,0,0.0,1.67,2.67
1191,Czech Liga (CZ),969829,3,Dominik Mashk,,0.33,1.67,0.0,1.0,0.0,0,0.0,1.0,0.0
1191,Czech Liga (CZ),969829,3,Dominik Mashk,,0.33,1.67,0.0,1.0,0.0,0,0.0,1.0,2.67
1191,Czech Liga (CZ),969829,3,Dominik Mashk,,0.33,1.67,0.0,1.0,0.0,5,1.33,1.67,0.0
1191,Czech Liga (CZ),969829,3,Dominik Mashk,,0.33,1.67,0.0,1.0,0.0,5,1.33,1.67,2.67
1191,Czech Liga (CZ),969829,3,Dominik Mashk,,0.33,1.67,0.0,1.0,0.0,5,1.33,1.0,0.0
1191,Czech Liga (CZ),969829,3,Dominik Mashk,,0.33,1.67,0.0,1.0,0.0,5,1.33,1.0,2.67
1191,Czech Liga (CZ),969829,3,Dominik Mashk,,0.33,1.67,0.0,1.0,0.0,5,0.0,1.67,0.0
1191,Czech Liga (CZ),969829,3,Dominik Mashk,,0.33,1.67,0.0,1.0,0.0,5,0.0,1.67,2.67
1191,Czech Liga (CZ),969829,3,Dominik Mashk,,0.33,1.67,0.0,1.0,0.0,5,0.0,1.0,0.0
1191,Czech Liga (CZ),969829,3,Dominik Mashk,,0.33,1.67,0.0,1.0,0.0,5,0.0,1.0,2.67
1191,Czech Liga (CZ),969829,3,Dominik Mashk,,0.33,1.67,0.0,0.33,1.0,0,1.33,1.67,0.0
1191,Czech Liga (CZ),969829,3,Dominik Mashk,,0.33,1.67,0.0,0.33,1.0,0,1.33,1.67,2.67
1191,Czech Liga (CZ),969829,3,Dominik Mashk,,0.33,1.67,0.0,0.33,1.0,0,1.33,1.0,0.0
1191,Czech Liga (CZ),969829,3,Dominik Mashk,,0.33,1.67,0.0,0.33,1.0,0,1.33,1.0,2.67
1191,Czech Liga (CZ),969829,3,Dominik Mashk,,0.33,1.67,0.0,0.33,1.0,0,0.0,1.67,0.0
1191,Czech Liga (CZ),969829,3,Dominik Mashk,,0.33,1.67,0.0,0.33,1.0,0,0.0,1.67,2.67
1191,Czech Liga (CZ),969829,3,Dominik Mashk,,0.33,1.67,0.0,0.33,1.0,0,0.0,1.0,0.0
1191,Czech Liga (CZ),969829,3,Dominik Mashk,,0.33,1.67,0.0,0.33,1.0,0,0.0,1.0,2.67
1191,Czech Liga (CZ),969829,3,Dominik Mashk,,0.33,1.67,0.0,0.33,1.0,5,1.33,1.67,0.0
1191,Czech Liga (CZ),969829,3,Dominik Mashk,,0.33,1.67,0.0,0.33,1.0,5,1.33,1.67,2.67
1191,Czech Liga (CZ),969829,3,Dominik Mashk,,0.33,1.67,0.0,0.33,1.0,5,1.33,1.0,0.0
1191,Czech Liga (CZ),969829,3,Dominik Mashk,,0.33,1.67,0.0,0.33,1.0,5,1.33,1.0,2.67
1191,Czech Liga (CZ),969829,3,Dominik Mashk,,0.33,1.67,0.0,0.33,1.0,5,0.0,1.67,0.0
1191,Czech Liga (CZ),969829,3,Dominik Mashk,,0.33,1.67,0.0,0.33,1.0,5,0.0,1.67,2.67
1191,Czech Liga (CZ),969829,3,Dominik Mashk,,0.33,1.67,0.0,0.33,1.0,5,0.0,1.0,0.0
1191,Czech Liga (CZ),969829,3,Dominik Mashk,,0.33,1.67,0.0,0.33,1.0,5,0.0,1.0,2.67
1191,Czech Liga (CZ),969829,3,Dominik Mashk,,0.33,1.67,0.0,0.33,0.0,0,1.33,1.67,0.0
1191,Czech Liga (CZ),969829,3,Dominik Mashk,,0.33,1.67,0.0,0.33,0.0,0,1.33,1.67,2.67
1191,Czech Liga (CZ),969829,3,Dominik Mashk,,0.33,1.67,0.0,0.33,0.0,0,1.33,1.0,0.0
1191,Czech Liga (CZ),969829,3,Dominik Mashk,,0.33,1.67,0.0,0.33,0.0,0,1.33,1.0,2.67
1191,Czech Liga (CZ),969829,3,Dominik Mashk,,0.33,1.67,0.0,0.33,0.0,0,0.0,1.67,0.0
1191,Czech Liga (CZ),969829,3,Dominik Mashk,,0.33,1.67,0.0,0.33,0.0,0,0.0,1.67,2.67
1191,Czech Liga (CZ),969829,3,Dominik Mashk,,0.33,1.67,0.0,0.33,0.0,0,0.0,1.0,0.0
1191,Czech Liga (CZ),969829,3,Dominik Mashk,,0.33,1.67,0.0,0.33,0.0,0,0.0,1.0,2.67
1191,Czech Liga (CZ),969829,3,Dominik Mashk,,0.33,1.67,0.0,0.33,0.0,5,1.33,1.67,0.0
1191,Czech Liga (CZ),969829,3,Dominik Mashk,,0.33,1.67,0.0,0.33,0.0,5,1.33,1.67,2.67
1191,Czech Liga (CZ),969829,3,Dominik Mashk,,0.33,1.67,0.0,0.33,0.0,5,1.33,1.0,0.0
1191,Czech Liga (CZ),969829,3,Dominik Mashk,,0.33,1.67,0.0,0.33,0.0,5,1.33,1.0,2.67
1191,Czech Liga (CZ),969829,3,Dominik Mashk,,0.33,1.67,0.0,0.33,0.0,5,0.0,1.67,0.0
1191,Czech Liga (CZ),969829,3,Dominik Mashk,,0.33,1.67,0.0,0.33,0.0,5,0.0,1.67,2.67
1191,Czech Liga (CZ),969829,3,Dominik Mashk,,0.33,1.67,0.0,0.33,0.0,5,0.0,1.0,0.0
1191,Czech Liga (CZ),969829,3,Dominik Mashk,,0.33,1.67,0.0,0.33,0.0,5,0.0,1.0,2.67
1191,Czech Liga (CZ),969829,3,Dominik Mashk,,0.33,1.67,0.33,1.0,1.0,0,1.33,1.67,0.0
1191,Czech Liga (CZ),969829,3,Dominik Mashk,,0.33,1.67,0.33,1.0,1.0,0,1.33,1.67,2.67
1191,Czech Liga (CZ),969829,3,Dominik Mashk,,0.33,1.67,0.33,1.0,1.0,0,1.33,1.0,0.0
1191,Czech Liga (CZ),969829,3,Dominik Mashk,,0.33,1.67,0.33,1.0,1.0,0,1.33,1.0,2.67
1191,Czech Liga (CZ),969829,3,Dominik Mashk,,0.33,1.67,0.33,1.0,1.0,0,0.0,1.67,0.0
1191,Czech Liga (CZ),969829,3,Dominik Mashk,,0.33,1.67,0.33,1.0,1.0,0,0.0,1.67,2.67
1191,Czech Liga (CZ),969829,3,Dominik Mashk,,0.33,1.67,0.33,1.0,1.0,0,0.0,1.0,0.0
1191,Czech Liga (CZ),969829,3,Dominik Mashk,,0.33,1.67,0.33,1.0,1.0,0,0.0,1.0,2.67
1191,Czech Liga (CZ),969829,3,Dominik Mashk,,0.33,1.67,0.33,1.0,1.0,5,1.33,1.67,0.0
1191,Czech Liga (CZ),969829,3,Dominik Mashk,,0.33,1.67,0.33,1.0,1.0,5,1.33,1.67,2.67
1191,Czech Liga (CZ),969829,3,Dominik Mashk,,0.33,1.67,0.33,1.0,1.0,5,1.33,1.0,0.0
1191,Czech Liga (CZ),969829,3,Dominik Mashk,,0.33,1.67,0.33,1.0,1.0,5,1.33,1.0,2.67
1191,Czech Liga (CZ),969829,3,Dominik Mashk,,0.33,1.67,0.33,1.0,1.0,5,0.0,1.67,0.0
1191,Czech Liga (CZ),969829,3,Dominik Mashk,,0.33,1.67,0.33,1.0,1.0,5,0.0,1.67,2.67
1191,Czech Liga (CZ),969829,3,Dominik Mashk,,0.33,1.67,0.33,1.0,1.0,5,0.0,1.0,0.0
1191,Czech Liga (CZ),969829,3,Dominik Mashk,,0.33,1.67,0.33,1.0,1.0,5,0.0,1.0,2.67
1191,Czech Liga (CZ),969829,3,Dominik Mashk,,0.33,1.67,0.33,1.0,0.0,0,1.33,1.67,0.0
1191,Czech Liga (CZ),969829,3,Dominik Mashk,,0.33,1.67,0.33,1.0,0.0,0,1.33,1.67,2.67
1191,Czech Liga (CZ),969829,3,Dominik Mashk,,0.33,1.67,0.33,1.0,0.0,0,1.33,1.0,0.0
1191,Czech Liga (CZ),969829,3,Dominik Mashk,,0.33,1.67,0.33,1.0,0.0,0,1.33,1.0,2.67
1191,Czech Liga (CZ),969829,3,Dominik Mashk,,0.33,1.67,0.33,1.0,0.0,0,0.0,1.67,0.0
1191,Czech Liga (CZ),969829,3,Dominik Mashk,,0.33,1.67,0.33,1.0,0.0,0,0.0,1.67,2.67
1191,Czech Liga (CZ),969829,3,Dominik Mashk,,0.33,1.67,0.33,1.0,0.0,0,0.0,1.0,0.0
1191,Czech Liga (CZ),969829,3,Dominik Mashk,,0.33,1.67,0.33,1.0,0.0,0,0.0,1.0,2.67
1191,Czech Liga (CZ),969829,3,Dominik Mashk,,0.33,1.67,0.33,1.0,0.0,5,1.33,1.67,0.0
1191,Czech Liga (CZ),969829,3,Dominik Mashk,,0.33,1.67,0.33,1.0,0.0,5,1.33,1.67,2.67
1191,Czech Liga (CZ),969829,3,Dominik Mashk,,0.33,1.67,0.33,1.0,0.0,5,1.33,1.0,0.0
1191,Czech Liga (CZ),969829,3,Dominik Mashk,,0.33,1.67,0.33,1.0,0.0,5,1.33,1.0,2.67
1191,Czech Liga (CZ),969829,3,Dominik Mashk,,0.33,1.67,0.33,1.0,0.0,5,0.0,1.67,0.0
1191,Czech Liga (CZ),969829,3,Dominik Mashk,,0.33,1.67,0.33,1.0,0.0,5,0.0,1.67,2.67
1191,Czech Liga (CZ),969829,3,Dominik Mashk,,0.33,1.67,0.33,1.0,0.0,5,0.0,1.0,0.0
1191,Czech Liga (CZ),969829,3,Dominik Mashk,,0.33,1.67,0.33,1.0,0.0,5,0.0,1.0,2.67
1191,Czech Liga (CZ),969829,3,Dominik Mashk,,0.33,1.67,0.33,0.33,1.0,0,1.33,1.67,0.0
1191,Czech Liga (CZ),969829,3,Dominik Mashk,,0.33,1.67,0.33,0.33,1.0,0,1.33,1.67,2.67
1191,Czech Liga (CZ),969829,3,Dominik Mashk,,0.33,1.67,0.33,0.33,1.0,0,1.33,1.0,0.0
1191,Czech Liga (CZ),969829,3,Dominik Mashk,,0.33,1.67,0.33,0.33,1.0,0,1.33,1.0,2.67
1191,Czech Liga (CZ),969829,3,Dominik Mashk,,0.33,1.67,0.33,0.33,1.0,0,0.0,1.67,0.0
1191,Czech Liga (CZ),969829,3,Dominik Mashk,,0.33,1.67,0.33,0.33,1.0,0,0.0,1.67,2.67
1191,Czech Liga (CZ),969829,3,Dominik Mashk,,0.33,1.67,0.33,0.33,1.0,0,0.0,1.0,0.0
1191,Czech Liga (CZ),969829,3,Dominik Mashk,,0.33,1.67,0.33,0.33,1.0,0,0.0,1.0,2.67
1191,Czech Liga (CZ),969829,3,Dominik Mashk,,0.33,1.67,0.33,0.33,1.0,5,1.33,1.67,0.0
1191,Czech Liga (CZ),969829,3,Dominik Mashk,,0.33,1.67,0.33,0.33,1.0,5,1.33,1.67,2.67
1191,Czech Liga (CZ),969829,3,Dominik Mashk,,0.33,1.67,0.33,0.33,1.0,5,1.33,1.0,0.0
1191,Czech Liga (CZ),969829,3,Dominik Mashk,,0.33,1.67,0.33,0.33,1.0,5,1.33,1.0,2.67
1191,Czech Liga (CZ),969829,3,Dominik Mashk,,0.33,1.67,0.33,0.33,1.0,5,0.0,1.67,0.0
1191,Czech Liga (CZ),969829,3,Dominik Mashk,,0.33,1.67,0.33,0.33,1.0,5,0.0,1.67,2.67
1191,Czech Liga (CZ),969829,3,Dominik Mashk,,0.33,1.67,0.33,0.33,1.0,5,0.0,1.0,0.0
1191,Czech Liga (CZ),969829,3,Dominik Mashk,,0.33,1.67,0.33,0.33,1.0,5,0.0,1.0,2.67
1191,Czech Liga (CZ),969829,3,Dominik Mashk,,0.33,1.67,0.33,0.33,0.0,0,1.33,1.67,0.0
1191,Czech Liga (CZ),969829,3,Dominik Mashk,,0.33,1.67,0.33,0.33,0.0,0,1.33,1.67,2.67
1191,Czech Liga (CZ),969829,3,Dominik Mashk,,0.33,1.67,0.33,0.33,0.0,0,1.33,1.0,0.0
1191,Czech Liga (CZ),969829,3,Dominik Mashk,,0.33,1.67,0.33,0.33,0.0,0,1.33,1.0,2.67
1191,Czech Liga (CZ),969829,3,Dominik Mashk,,0.33,1.67,0.33,0.33,0.0,0,0.0,1.67,0.0
1191,Czech Liga (CZ),969829,3,Dominik Mashk,,0.33,1.67,0.33,0.33,0.0,0,0.0,1.67,2.67
1191,Czech Liga (CZ),969829,3,Dominik Mashk,,0.33,1.67,0.33,0.33,0.0,0,0.0,1.0,0.0
1191,Czech Liga (CZ),969829,3,Dominik Mashk,,0.33,1.67,0.33,0.33,0.0,0,0.0,1.0,2.67
1191,Czech Liga (CZ),969829,3,Dominik Mashk,,0.33,1.67,0.33,0.33,0.0,5,1.33,1.67,0.0
1191,Czech Liga (CZ),969829,3,Dominik Mashk,,0.33,1.67,0.33,0.33,0.0,5,1.33,1.67,2.67
1191,Czech Liga (CZ),969829,3,Dominik Mashk,,0.33,1.67,0.33,0.33,0.0,5,1.33,1.0,0.0
1191,Czech Liga (CZ),969829,3,Dominik Mashk,,0.33,1.67,0.33,0.33,0.0,5,1.33,1.0,2.67
1191,Czech Liga (CZ),969829,3,Dominik Mashk,,0.33,1.67,0.33,0.33,0.0,5,0.0,1.67,0.0
1191,Czech Liga (CZ),969829,3,Dominik Mashk,,0.33,1.67,0.33,0.33,0.0,5,0.0,1.67,2.67
1191,Czech Liga (CZ),969829,3,Dominik Mashk,,0.33,1.67,0.33,0.33,0.0,5,0.0,1.0,0.0
1191,Czech Liga (CZ),969829,3,Dominik Mashk,,0.33,1.67,0.33,0.33,0.0,5,0.0,1.0,2.67
1191,Czech Liga (CZ),970599,1,Šimon Černý,Š. Černý,0.29,0.0,0.57,0.43,0.29,9,0.43,1.43,0.14
1191,Czech Liga (CZ),978891,11,David Kozel,D. Kozel,1.5,0.17,0.33,3.0,0.5,29,0.0,4.5,0.17
1191,Czech Liga (CZ),979085,0,Mouhamed Tidjane Traore,M. Tidjane,0.0,0.0,0.0,0.0,0.25,2,0.5,1.5,3.5
1191,Czech Liga (CZ),979090,43,Adonija Ouanda,A. Ouanda,3.0,0.0,0.5,2.5,2.5,27,1.0,1.5,0.0
1191,Czech Liga (CZ),987739,0,Emmanuel Favor Fully,E. Favor Fully,0.5,1.0,0.67,0.17,0.0,14,1.33,2.83,1.33
1191,Czech Liga (CZ),989147,5,Matej Riznič,M. Riznič,0.15,1.45,0.85,0.3,0.1,92,1.9,3.55,0.85
1191,Czech Liga (CZ),992860,8,Abdullahi Ibrahim Bewene,A. Bewene,0.45,1.64,0.36,0.09,0.0,46,2.09,5.18,2.36
1191,Czech Liga (CZ),998150,0,Hugo Sochurek,H. Sochurek,0.0,0.0,0.0,2.0,0.0,0,0.0,1.0,0.0
1191,Czech Liga (CZ),998913,9,Velasquez Diego,V. Diego,1.3,0.0,0.2,1.5,0.7,23,0.3,1.3,0.3
1191,Czech Liga (CZ),999140,2,Matej Kvaček,M. Kvaček,1.0,0.0,0.0,0.0,0.0,2,0.0,0.0,0.0
1191,Czech Liga (CZ),999146,28,Josef Kolářík,J. Kolářík,1.12,0.53,0.29,0.94,0.88,75,1.53,1.94,0.12
1191,Czech Liga (CZ),1001707,56,Marek Havran,M. Havran,2.36,0.45,0.09,0.45,1.36,64,1.64,1.27,0.09
1191,Czech Liga (CZ),1001821,19,Stanislav Petruta,S. Petruta,1.4,0.2,0.67,1.73,0.93,66,1.07,2.33,0.53
1191,Czech Liga (CZ),1002146,0,Hamidou Kante,H. Kante,0.25,2.0,0.0,0.0,0.0,4,1.0,4.5,1.5
1191,Czech Liga (CZ),1002286,0,Toumani Diakite,T. Diakite,0.1,0.0,0.0,3.8,0.4,8,0.3,3.7,0.5
1191,Czech Liga (CZ),1002465,21,Samuel Isife,S. Isife,0.9,1.4,0.35,0.15,0.0,64,1.65,3.45,0.45
1191,Czech Liga (CZ),1005802,2,Tomáš  Hellebrand ,T. Hellebrand,0.6,0.0,0.2,1.2,0.4,10,0.4,2.4,0.2
1191,Czech Liga (CZ),1008906,57,John Auta,J. Auta,2.05,0.37,0.26,0.89,0.58,90,1.79,0.79,0.26
1191,Czech Liga (CZ),1008918,13,Jan Zíka,J. Zíka,0.73,0.27,0.33,7.8,0.73,75,0.53,7.67,0.8
1191,Czech Liga (CZ),1009080,1,Faycal Konate,F. Konate,0.0,0.0,0.0,0.0,0.0,0,0.0,0.0,0.0
1191,Czech Liga (CZ),1018348,37,Jacques Fokam Sandeu ,J. Sandeu,1.75,0.08,0.17,1.25,0.25,30,0.08,0.42,0.0
1191,Czech Liga (CZ),1018354,93,Michal Cupák,M. Cupák,3.67,0.19,0.62,3.9,2.14,184,1.0,3.71,0.95
1191,Czech Liga (CZ),1018419,13,Daniel Barát,D. Barát,1.47,0.33,0.13,0.87,0.53,57,1.33,0.73,0.6
1191,Czech Liga (CZ),1018497,1,Youssoupha Mbodji,Y. Mbodji,0.4,1.0,0.0,0.0,0.0,15,0.8,0.6,0.2
1191,Czech Liga (CZ),1019191,11,Emmanuel Godwin,E. Godwin,0.75,2.0,0.25,0.25,0.0,21,1.5,2.5,1.0
1191,Czech Liga (CZ),1019217,0,Gibril Sosseh,G. Sosseh,0.0,0.0,0.0,3.0,2.0,4,1.0,2.0,2.0
1191,Czech Liga (CZ),1020903,2,Yahaya Danjuma Lawali,Y. Lawali,0.0,1.0,0.0,1.0,0.0,5,0.0,1.0,1.0
1191,Czech Liga (CZ),1028119,7,Mubarak  Emmanuel Suleiman,M. Emmanuel Suleiman,2.33,0.0,2.0,3.33,1.33,25,2.67,4.0,0.67
1191,Czech Liga (CZ),1028953,0,Vit Valošek,V. Valošek,0.0,0.0,0.0,0.0,0.0,1,0.0,1.0,0.0
1191,Czech Liga (CZ),1029636,37,Michal Kroupa,M. Kroupa,2.56,0.11,0.0,1.44,1.0,28,0.56,0.22,0.22
1191,Czech Liga (CZ),1030799,0,Ousman Ceesay,O. Ceesay,0.0,0.0,0.0,0.0,0.0,0,0.0,0.0,0.0
1191,Czech Liga (CZ),1031160,1,Šimon Drozd,Š. Drozd,1.0,0.0,0.0,0.0,1.0,2,0.0,0.0,0.0
1191,Czech Liga (CZ),1032140,0,Jehor Cykalo,,0.0,0.0,0.0,0.0,0.0,2,0.0,0.0,0.0
1191,Czech Liga (CZ),1032358,1,Denis  Pomahač,D. Pomahač,0.0,5.0,0.0,0.0,0.0,3,1.0,9.0,1.0
1191,Czech Liga (CZ),1034659,7,Samuel Victor Elem,S. Elem,0.4,0.4,0.0,0.0,0.0,7,0.0,0.6,0.2
1191,Czech Liga (CZ),1035551,6,Jásir Núr,J. Núr,7.0,0.0,0.0,3.0,0.0,8,1.0,0.0,0.0
1191,Czech Liga (CZ),1036008,2,Mohamed Yasser,,0.33,0.0,0.0,0.0,0.33,2,0.0,0.0,0.0
1191,Czech Liga (CZ),1044193,0,Adam Binar,A. Binar,0.0,0.0,0.0,1.0,1.0,2,2.0,0.0,0.0
1191,Czech Liga (CZ),1044291,0,Paul Chiemela Ndubuisi,P. Ndubuisi,0.5,1.5,0.0,0.5,0.0,4,1.5,0.5,1.0
1191,Czech Liga (CZ),1064752,0,Lukas Hruska,L. Hruska,,,,,,0,,,
