id,name,coach,stadium.id,stadium.name,stadium.city,stadium.capacity,stadium
2486,CR Flamengo U20,,2166.0,Estádio da Gávea,Rio de Janeiro,,
2495,Queen of the South FC,,3369.0,Palmerston Park,Dumfries,18690.0,
2489,Volta Redonda FC,,2167.0,Estádio General Sylvio Raulino de Oliveira,Volta Redonda,,
2690,FK Proleter Novi Sad,,3646.0,Stadion Slana Bara,Novi Sad,2000.0,
2503,Liebherr Grazer AK,,2622.0,UPC-Arena,,,
2492,Criciuma EC,,2169.0,Estádio Heriberto Hülse,Criciúma,,
4044,Hong Kong FC,,2886.0,Hong Kong Stadium,Hong Kong,40000.0,
1930,"Moldova, Women",,570.0,Zimbru,Chisinau,10500.0,
4751,FC Telavi,,6294.0,Kavkasioni Arena,Telavi,2000.0,
2678,Brazil U20,,2500.0,Estádio Mané Garrincha,Brasilia,72788.0,
2498,Club León U20,,2176.0,Estadio Leon,Leon,,
2582,"Czech Republic U19, Women",,350.0,Generali Arena,Prague,19784.0,
2680,Argentina U20,,664.0,Alberto Jose Armando,Buenos Aires,49000.0,
4789,Al Jeel Club U18,,6353.0,Reserve 2 of Prince Abdullah Bin Jalawi Sport City Stadium,Al-Hofuf,1000.0,
2675,Peru U20,,2113.0,Villa Deportiva Nacional,Lima,,
2505,M-Perruquers Atlètic Club d'Escaldes,,2183.0,Estadi Comuna d'Aixovall,Sant Julià de Lòria,,
2637,FSV Frankfurt,,1996.0,PSD Bank Arena,Frankfurt,,
2510,Guarani FC de Campinas,,2186.0,Estádio Brinco de Ouro da Princesa,Campinas,,
2674,Hong Kong,,1931.0,Mong Kok Stadium,Hong Kong,6664.0,
2512,Reading FC U23,,479.0,Madejski Stadium,Reading,24161.0,
2500,Tunisia U20,,1965.0,Stade Olympique Hammadi Agrebi,Tunis,,
2514,Modena FC,,2188.0,Alberto Braglia,Modena,,
3054,New Zealand U20,,1708.0,QBE Stadium,Auckland,25000.0,
2520,NK Inter Zaprešić,,2192.0,SRC Zapresic,Zapresic,,
4816,Chungbuk Cheongju FC,,6440.0,Cheongju Stadium,Cheongju ,16280.0,
2526,Lokomotiv Stara Zagora,,125.0,Rajko Mitic,Belgrade,55538.0,
4846,Al Ettifaq FC Under 18 (Dammam),,6497.0,Reserve of Al-Ettifaq Club Stadium,Dammam,1000.0,
2529,Paksi SE,,2197.0,Fehérvári úti Stadion,Paks,,
4865,Sporting Toulon Var,,6515.0,Stade de Bon Rencontre,Toulon,8200.0,
2531,Al Wasl FC,,2201.0,Al-Maktoum Stadion,Dubaï,,
798,"South Africa, Women",,1710.0,Moses Mabhida Stadion,Durban,65000.0,
2534,Diósgyőr VTK,,2205.0,DVTK Stadion,Miskolc,,
1885,"Ghana, Women",,1613.0,Accra Sports Stadium,Accra,40000.0,
4984,IK Brage,,6697.0,Domnarvsvallen,Borlänge,6500.0,
2536,SpVgg Unterhaching,,2206.0,Sportpark Unterhaching,Unterhaching,,
2711,"USA U17, Women",,639.0,Audi Field,Washington,,
5003,Unión Popular de Langreo,,6720.0,Ganzábal,La Felguera-Langreo,4024.0,
2557,Richards Bay FC,,2223.0,Richards Bay Sports Stadium,Richards Bay,,
5022,SD Ejea,,6738.0,Luchán,Ejea de los Caballeros,2249.0,
2559,Skeid Fotball,,2225.0,Nordre Åsen Kunstgress,Skeid,,
5201,Birmingham City FC  Academy U18,,6995.0,Knighthead Performance Centre,Birmingham,0.0,
2576,SV Eintracht Trier 05,,2241.0,Moselstadion,Trier,,
5426,FC Rukh Lviv Under 19,,7498.0,Stadion B. Markevycha,Vynnyky,9000.0,
2577,FC Südtirol,,2242.0,Druso,Bolzano,,
337,Orlando City,,1310.0,Exploria Stadium,Orlando,25500.0,
2635,Crawley Town FC,,2263.0,The People's Pension Stadium,Crawley,,
2590,"FK Zhytlobud-2 Kharkiv, Women",,1318.0,Stade Varteks,Varaždin,10800.0,
2595,"KSK Lanchkhuti, Women",,2246.0,Evgrapi Shevardnadze Stadium,Lanchkhuti,,
2624,VfR Wormatia 08 Worms,,2252.0,EWR-Arena Worms,Worms,,
2625,"ALG Spor Kulübü, Women",,1188.0,Gaziantep Stadium,Gaziantep,33502.0,
2628,Deportivo Saprissa,,2254.0,Estadio Ricardo Saprissa Aymá,San Juán de Tibás,,
2548,FK Tuzla City,,2273.0,Tusanj,Tuzla,,
2535,St Patrick's Athletic FC,,2275.0,Richmond Park,Dublin,,
2395,"Birkirkara FC, Women",,399.0,Ta' Qali National Stadium,Ta' Qali,17000.0,
25,Lierse SK,,1719.0,Herman Vanderpoortenstadion,Lier,14538.0,
2640,Red Arrows FC,,2278.0,Nkoloma Stadium,Lusaka,,
2641,Casa Sport,,2279.0,Stade Aline Sitoe Diatta,Ziguinchor,,
2647,JS de Kabylie,,2285.0,Stade 1er Novembre,Tizi Ouzou,,
2649,Volcan Club de Moroni,,2286.0,Stade de Moroni,Moroni,,
2656,La Passe FC,,2293.0,La Digue Playing Fields,La Digue,,
2659,Avispa Fukuoka,,2296.0,Best Denki Stadium,Fukuoka,,
2662,Rail Club de Kadiogo,,2299.0,Stade du Kadiogo,Kadiogo,,
2665,Bo Rangers FC,,2302.0,Bo Stadium,Bo,,
2666,AS Vita Club,,1775.0,Stade des Martyrs,Kinshasa,80000.0,
2670,Gaborone United FC,,2306.0,National Stadium,Gaborone,,
2673,TSG Balingen,,2307.0,Bizerba-Arena,Balingen,,
2677,Mexico U20,,1309.0,Estadio Olímpico Universitario,Mexico,63186.0,
2682,Canada U20,,1199.0,Bc Place,Vancouver,22120.0,
2689,FK Kolubara Lazarevac,,2311.0,Gradski Stadion,Lazarevac,,
2691,FC 08 Homburg Saar,,2316.0,Waldstadion Homburg,Homburg,16488.0,
2693,Vipers SC,,2318.0,St. Mary's Stadium Kitende,Wakiso,25000.0,
2694,England U20,,14.0,Wembley,London,90000.0,
2697,Nepal U20,,2359.0,Stadium Dasarath-Rangasala,Katmandou,15000.0,
2701,"Morocco U17, Women",,1964.0,Stade Mohamed V,Casablanca,,
2708,Qatar U20,,1906.0,Abdullah bin Khalifa Stadium,Doha,9000.0,
2710,"Brazil U17, Women",,1248.0,Estádio José Bastos Padilha,Rio de Janeiro,4000.0,
2714,"Tanzania U17, Women",,1625.0,Benjamini Mkapa National Stadium,Dar-es-Salaam,60000.0,
2715,FC Tulsa,,2376.0,ONEOK Field,Oklahoma,7800.0,
2716,Samsunspor,,2382.0,Samsun Yeni 19 Mayıs Stadyumu,Samsun,33900.0,
2732,Vancouver Whitecaps FC II,,2396.0,Swangard Stadium,Burnaby,5290.0,
2748,Pittsburgh Riverhounds FC,,2411.0,Highmark Stadium,Pittsburgh,5000.0,
4752,FC Kolkheti 1913 Poti,,6296.0,Fazisi Stadium,Poti,6000.0,
2749,Loudoun United FC,,2412.0,Segra Field,Leesburg,5000.0,
2491,Floresta Esporte Clube U20,,2168.0,Estádio Olímpico Horácio Domingos de Sousa,Ceará,,
2768,Rio Grande Valley FC Toros,,2429.0,H-E-B Park,Edinburg,9735.0,
2493,Grêmio Novorizontino,,2170.0,Estádio Jorge Ismael de Biasi,Novo Horizonte,,
3299,Calcio Lecco 1912,,2947.0,Stadio Rigamonti-Ceppi,Lecco,5000.0,
2496,Tarxien Rainbows FC,,2172.0,Victor Tedesco Stadium ,Hamrun,,
2800,Cavalry FC,,2570.0,ATCO Field,Foothills County,5000.0,
2501,Vila Nova FC,,2177.0,Estádio Onésio Brasileiro Alvarenga,Goiânia,,
4971,CS Metaloglobus Bucureşti,,6664.0,Metaloglobus Stadium,Bucharest,1000.0,
2504,Londrina EC,,2182.0,Estádio Municipal Jacy Scaff,Londrina,,
2798,IL Stjørdals-Blink,,3119.0,M.U.S Stadion Sandskogan,Stjørdal,960.0,
2506,FK Vitebsk,,2184.0,ZSK Vitebsk,Vitebsk,,
5427,SK Poltava Under 19,,7499.0,Kremin ,Poltava,1500.0,
2511,KFC Dessel Sport,,2187.0,Armand Melis Stadion,Dessel,,
2103,Manchester City U19,,1979.0,Ewen Fields,Tameside,,
1512,M. P. Tikva U19,,1290.0,Hamoshava Stadium,Petah Tikva,11500.0,
2515,U Craiova 1948 SA,,428.0,Stadionul Ion Oblemenco,Craiova,30944.0,
3554,Bangu AC,,3153.0,Batistão Arena,Aracaju,15.0,
2778,Seongnam FC,,2466.0,Seongnam Tancheon Sports Complex,Seongnam,20000.0,
2527,Rovaniemen Palloseura,,2195.0,Rovaniemen keskuskenttä,Rovaniemi,,
4388,Akron Zips University,,4060.0, FirstEnergy Stadium,Akron,5800.0,
2530,Kisvárda Master Good SE,,2198.0,Várkert,Kisvárda,,
2779,Suwon Samsung Bluewings FC,,2381.0,Suwon World Cup Stadium,Suwon,44000.0,
2532,ACS Campionii Fotbal Club Argeș,,2202.0,Nicolae Dobrin,Pitesti,,
4403,Rio Claro FC,,4114.0,Augusto Schmidt Filho Stadium,Rio Claro,9352.0,
2537,Bnei Yehuda Tel Aviv FC,,1391.0,Bloomfield,Tel Aviv,29150.0,
4817,Étoile Sportive de Métlaoui,,6444.0,stade municipal de Métlaoui,Métlaoui,4000.0,
2549,FK Akademija Pandev,,2215.0,Stadion Mladost,Strumica,,
2646,Arta / Solar 7,,2284.0,El Hadj Hassan Gouled Aptidon,Djibouti,,
2558,FK Gomel,,2224.0,Tsentralny,Gomel,,
4985,Trelleborgs FF,,3123.0,Vångavallen,Trelleborg,7400.0,
2560,Raufoss Fotball,,2226.0,NAMMO stadion,Raufoss,,
4591,União AC Tocantins,,5720.0,Estádio Leôncio de Souza Miranda,Araguaína,10000.0,
2787,SC Corinthians Paulista U20,,641.0,Arena Corinthians,Sao Paulo,,
2785,Palmeiras U20,,2644.0,Estádio Bruno José Daniel,Santo André,15157.0,
5004,CD Móstoles,,6722.0,El Soto,Móstoles,14000.0,
2596,"SFK Rīga, Women",,1442.0,Rtu Stadium,Riga,3000.0,
5023,Real Madrid Club de Fútbol C,,1686.0,Ciudad Real Madrid,Madrid,3000.0,
5202,Young Lions,,1627.0,Jalan Besar Stadium,Singapur,6000.0,
5041,UD Almería B,,6757.0,Anexo al Estadio de los Juegos Mediterráneos,Almeria,350.0,
2626,"Eintracht Frankfurt, Women",,156.0,Commerzbank-Arena,Frankfurt,51500.0,
2797,Fredrikstad FK,,2565.0,Fredrikstad Stadion,Fredrikstad,13300.0,
2629,Forge FC,,2255.0,Tim Hortons Field,Ontario,,
5059,1. FC Tatran Prešov,,6421.0,Futbal Tatran Arena,,,
2633,FK Kryvbas Kryvyi Rih,,2261.0,Shakhty Zhovtneva,Kryvyi Rig,,
2254,1. FSV Mainz 05 U19,,2271.0,Stadion am Bruchweg,13508,,
5100,FSV Schöningen,,6826.0,Elm-Stadion,Schöningen,5000.0,
2681,St. Kitts and Nevis U20,,1654.0,Warner Park,Basseterre,3500.0,
2638,TuS Rot-Weiss Koblenz,,2276.0,Stadion Oberwerth,Koblenz,,
2709,"New Zealand U17, Women",,1708.0,QBE Stadium,Auckland,25000.0,
2642,Association Sportive de la Kozah de Kara,,2280.0,Stade Municipal Kara,Kara,,
2499,Deportivo Toluca FC U20,,7110.0,Instalaciones Metepec - Cancha 2,,,
2648,CD Primeiro de Agosto,,1954.0,Estádio 11 de Novembro,Luanda,50000.0,
2579,"France U17, Women",,1864.0,Stade Georges Lefevre,Paris,3500.0,
2650,Al Ahli Tripoli,,2287.0,Benina Martyrs Stadium,Benghazi,,
2783,Kazakhstan U21,,153.0,Astana Arena,Astana,30000.0,
2804,Valour FC,,2573.0,Investors Group Field,Winnipeg,33234.0,
2657,Cotonsport de Garoua,,2294.0,Stade Omnisports Roumde-Adja,Garoua,,
2583,"France U19, Women",,1864.0,Stade Georges Lefevre,Paris,3500.0,
2660,Kyoto Sanga FC,,2297.0,Sanga Stadium by KYOCERA,Kyoto,,
2807,Grimsby Town FC,,2576.0,Blundell Park,Cleethorpes,9546.0,
2663,Club Olympique de Coyah,,2300.0,Stade Coyah,Coyah,,
2667,Asante Kotoko FC,,2303.0,Baba Yara Sports Stadium,Kumasi,,
2821,Leyton Orient FC,,2583.0,Matchroom Stadium,Leyton,9271.0,
2671,AS Nigérienne d'Electricité,,1754.0,Stade Général Seyni Kountché,Niamey,30000.0,
2676,USA U20,,2309.0,Premier Sports Campus,Lakewood Ranch,,
2679,Colombia U20,,2310.0,Estadio Miguel Alemán Valdés,Celaya,,
2692,KSV Hessen Kassel,,2317.0,Auestadion,Kessen,18737.0,
2695,Australia U20,,1486.0,Anz Stadium,Sydney,83500.0,
2841,Future FC,,580.0,Military Production Stadium,Cairo,30000.0,
2698,Chile U20,,1706.0,Estadio Nacional de Chile,Santiago de Chile,46190.0,
2780,Incheon United FC,,2651.0,Incheon Football Stadium,Incheon,20356.0,
2712,"Japan U17, Women",,1166.0,Yanmar Stadium Nagai,Osaka,47000.0,
2702,"India U17, Women",,1791.0,Mumbai Football Arena,Mumbai,18000.0,
2791,Iceland U19,,1455.0,Kr-Vollur,Reykjavic,2801.0,
2717,Adanaspor FK,,2383.0,Yeni Adana Stadyumu,Adana,33000.0,
2683,Cuba U20,,1600.0,Estadio Pedro Marrero,Havana,30000.0,
2733,Toronto FC II,,2397.0,York Lions Stadium,Toronto,4000.0,
2772,Oklahoma City Energy FC,,2775.0,Energy FC Field at Taft Stadium,,,
3300,FC Stade Nyonnais,,1415.0,Centre sportif de Colovray,Nyon,1000.0,
4753,FC Samgurali Tskaltubo,,6297.0,Stadioni 26 Maisi,Tskaltubo ,12000.0,
2750,Las Vegas Lights FC,,2413.0,Cashman Field,Las Vegas,12500.0,
2507,Seinäjoen Jalkapallokerho,,2185.0,OmaSp Stadion,Seinäjöki,,
3324,"Lille OSC Métropole, Women",,2954.0,Complexe Sportif de Luchin,Camphin-En-Pévèle,2000.0,
2516,Hapoel Nof HaGalil FC,,2189.0,Green Stadium,Nazareth Illit,,
2769,Oakland Roots SC,,2430.0,Laney College Football Stadium,Oakland,5500.0,
2522,Italy U19,,90.0,Stadio Olimpico,Rome,72698.0,
3341,CF Atlante,,597.0,Estadio Azul,Mexico City,,
2528,Longford Town FC,,2196.0,Bishopsgate,Longford,,
3055,Fiji Under 20,,2040.0,Grand Hamad Stadium,Doha,,
2538,UD Vilafranquense,,2207.0,Estádio Municipal de Rio Maior,Rio Maior,,
5203,Burnley FC  Academy U18,,2602.0,Barnfield Training Centre,Burnley,1500.0,
2550,KF Ballkani,,2216.0,Stadiumi i qytetit të Suharekës,Suharekë,,
3353,Diocesano CF,,2976.0,Estadio Municipal de Arroyo de la Luz,Arroyo de la Luz,3000.0,
2561,İstanbulspor AŞ,,2227.0,Esenyurt Necmi Kadıoğlu Stadyumu,İstanbul,,
2776,Sevilla FC U19,,2451.0,Ciudad Deportiva José Ramón Cisneros Palacios,Carretera de Utrera ,5000.0,
2580,"Spain U17, Women",,228.0,Estadio de Vallecas,Madrid,14708.0,
1835,"Manchester City, Women",,1503.0,Manchester Regional Arena,Manchester,6500.0,
3364,CD Atlético Paso,,2985.0,Campo Municipal de El Paso,El Paso,3500.0,
2592,"KFF Hajvalia, Women",,2245.0,Stadiumi i Hajvalisë,Kishnicë,,
2781,Jeju United FC,,2467.0,Jeju World Cup Stadium,Seogwipo-si,29800.0,
3375,Roasso Kumamoto,,2993.0,Egao Kenko Stadium,Kumamoto,32000.0,
3383,Iwaki SC,,3014.0,Iwaki Green Stadium,Iwaki,30000.0,
3555,Sampaio Corrêa FE,,3154.0,Estádio Olímpico do Pará,Belém,53.0,
2488,CR Vasco da Gama U20,,2561.0,Estádio Nivaldo Pereira,Nova Iguaçu,5000.0,
2630,CD Motagua,,2256.0,Estadio Tiburcio Carías Andino,Tegucigalpa,,
2634,FK Metalist Kharkiv,,2262.0,Avangard,Uzhgorod,,
2494,Operário Ferroviário EC,,2274.0,Estádio Germano Kruger,Ponta Grossa,,
2639,SSV Jahn 2000 Regensburg U17,,2277.0,Sportpark am Kaulbachweg,Regensburg,,
2533,Arbroath FC,,2203.0,Gayfield Park,Arbroath,,
2643,Deportivo Mongomo,,2281.0,Estadio La Libertad,Mongomo,,
2801,York United FC,,2397.0,York Lions Stadium,Toronto,4000.0,
2651,US Monastirienne,,2288.0,Stade Mustapha Ben Jennet,Monastir,,
4059,Girona FC Under 19,,3658.0,Camp Municipal Vidreres,Vidreres,712.0,
2658,Plateau United FC,,2295.0,Rwang Pam Stadium,Jos,,
2805,Atlético Ottawa,,2574.0,TD Place Stadium,Ottawa,26559.0,
2664,Centre de Formation de Football Andoharanofotsy,,2301.0,Barikadimy Stadium,Toamasina,,
2668,VfR Aalen 1921,,2304.0,Ostalb Arena,Aalen,,
4065,AS Monaco FC Under 19,,3661.0,Stade Intercommunal Beaulieu,Saint Jean Cap Ferrat,500.0,
2819,Mansfield Town FC,,2584.0,One Call Stadium,Mansfield,9186.0,
2696,Bangladesh U20,,2358.0,Bangabandhu National Stadium, Dhaka,36000.0,
2699,Bahrain U20,,1793.0,Bahrain National Stadium,Manama,30000.0,
2831,Kapfenberger SV,,2609.0,Franz-Fekete-Stadion,Kapfenberg,12000.0,
2833,FC Blau-Weiß Linz,,2611.0,Hofmann-Personal Stadion,Linz,2000.0,
2713,"China PR U17, Women",,1787.0,Bird's Nest,Beijing,91000.0,
2842,Pyramids Al Ahram FC,,579.0,30 June,Cairo,30000.0,
2718,Keçiörengücü Ankara,,2384.0,Ankara Aktepe,Ankara,4880.0,
2847,Belgium Under 17,,611.0,Stade Roi Baudouin,Bruxelles,,
2584,"Spain U19, Women",,684.0,Estadio Alfredo Di Stefano,Madrid,8400.0,
2792,Norway U19,,108.0,Ullevaal Stadion,Oslo,25572.0,
2784,Turkey U21,,2068.0,Fulya Hakki Yeten Facility,Istanbul,,
2684,Nicaragua U20,,445.0,Nicaragua National Football Stadium,Managua,15000.0,
5256,"Club Atlético San Lorenzo de Almagro, Women",,1212.0,Estadio Pedro Bidegain,Flores,39494.0,
2614,"Ghana U20, Women",,2251.0,Alejandro Morera Soto,Alajuela,,
3234,SC União Torreense,,2915.0,Campo Manuel Marques,Torres Vedras,12000.0,
3065,"Puerto Rico U20, Women",,2778.0,Estadio Panamericano,San Cristóbal,2800.0,
3069,FC Zimbru Chişinău,,570.0,Zimbru,Chisinau,10500.0,
3071,FC Neman Grodno,,2779.0,Stadium Neman,Hrodna,8500.0,
3072,Chengdu Rongcheng FC,,2780.0,Chengdu Phoenix Mountain Sports Park,Chengdu,60000.0,
3085,"Tunisia, Women",,1965.0,Stade Olympique Hammadi Agrebi,Tunis,,
3089,Bulgaria Under 21,,369.0,Balgarska Armiya Stadium,Sofia,22015.0,
3165,Al Akhdoud,,2848.0,Prince Hathloul Stadium,Najran,2800.0,
3201,ZP Sport Podbrezová,,2882.0,ZELPO Aréna,Podbrezová,4000.0,
3244,Hajer Club,,2923.0,Hajer Club Stadium,Al-Hufuf,10000.0,
3255,Hatta Club,,2201.0,Al-Maktoum Stadion,Dubaï,,
2703,"Canada U17, Women",,627.0,BMO Field,Toronto,30000.0,
3266,SD Tarazona,,2937.0,Municipal de Tarazona,Tarazona,2500.0,
5306,Ayutthaya United FC,,7321.0,Ayutthaya Province Stadium,Ayutthaya,6000.0,
5307,Luxembourg U21,,7330.0,Stade de Luxembourg,Luxembourg,9386.0,
4526,Sportfreunde Siegen von 1899 Under 19,,5462.0,Leimbachstadion,Siegen,18716.0,
3394,New Caledonia Under 17,,1345.0,Estadio Municipal Nicolás Chahuán Nazar,La Calera,9200.0,
5348,Shelbourne FC U19,,3224.0,Tolka Park,Dublin,5700.0,
1507,Nashville,,2178.0,Geodis Park,Nashville,30000.0,
5371,FC Famalicão Under 19,,5632.0,Complexo Desportivo FC Famalicão - Campo 2,Vila Nova de Famalicão,2000.0,
5394,Shakhtyor Karagandy U16,,7475.0,Zentralstadion Shakhter,Karaganda,19500.0,
5418,FK Qo'qon 1912,,7490.0,Kokand Markaziy Stadium,Kokand,10500.0,
2824,Randers FC U19,,8097.0,Randers Stadion Kunstgræsbane,Randers,,
2786,Red Bull Bragantino U20,,8100.0,Centro de Performance e Desenvolvimento (CPD),Atibaia,,
303,FC Lausanne-Sports,,2180.0,Stade de la Tuilière,,,
2171,AmaZulu FC,,1710.0,Moses Mabhida Stadion,Durban,65000.0,
3301,Cliftonville Ladies,,383.0,Solitude,Belfast,6224.0,
2508,Walsall FC,,2078.0,Bescot Stadium,Walsall,11300.0,
5204,Talenttiklubi 04 (HJK Helsinki II),,197.0,Telia 5G -areena,Helsinki,10770.0,
2517,Debreceni VSC,,2190.0,Nagyerdei Stadion,Debrecen,,
2009,UD Cornella,,3007.0,Ciutat Esportiva Dani Jarque,,,
2770,Monterey Bay FC,,2431.0,Cardinale Stadium,Seaside,6000.0,
236,FC Penafiel,,1812.0,Estadio Municipal 25 de Abril,Penafiel,5230.0,
2539,Club Atlético Cerro,,2208.0,Estadio Luis Tróccoli,Montevideo,,
2774,Austin Bold FC,,2434.0,Bold Stadium,Del Valle,5036.0,
2551,FK Botev Plovdiv,,2217.0,Sporten kompleks Botev 1912 Komatevo,Plovdiv,,
2562,FC Winterthur,,2228.0,Schützenwiese,Winterthur,,
2777,Manchester City U21,,1835.0,Academy Stadium,Manchester,7000.0,
2581,"Netherlands U17, Women",,1392.0,Sportpark de Toekomst,Amsterdam,2000.0,
2097,Manchester United U19,,1670.0,Leigh Sports Village,Leigh,4775.0,
4754,FC Gareji Sagarejo,,6300.0,Mikheil Meskhi 2,Tbilissi,2500.0,
2598,"ŽFK Ljuboten, Women",,215.0,Ecolog Arena,Tetovo,15000.0,
4045,North District FC,,3647.0,North District Sports Ground,Hong-Kong,2500.0,
4790,"FK Bodø   Glimt, Women",,1459.0,Aspmyra Stadion,Bodo,7354.0,
2631,Deportivo Guastatoya,,2257.0,Estadio David Cordón Hichos,Guastatoya,,
2789,SC Internacional U20,,2562.0,Estádio Morada dos Quero-Queros,Alvorada,3000.0,
2644,Black Bulls Maputo,,2282.0,Matola Stadium,Matola,,
2843,Al Ittihad Al Iskandary,,583.0,Alexandria Stadium,Alexandria,20000.0,
2652,Matlama FC,,2289.0,Setsoto Stadium,Maseru,,
2802,HFX Wanderers FC,,2571.0,Wanderers Grounds,Halifax,7000.0,
2669,SGV Freiberg,,2305.0,Wasen-Stadion,Freiberg,,
1589,Benfica II,,2505.0,Benfica Campus,Seixal,2721.0,
2523,Al Nasr SC (Dubai),,2193.0,Ali Sabah Al-Salem Stadium,Al Farwaniyah,,
2700,Bhutan U20,,2360.0,Changlimithang Stadium,Thimphu,25000.0,
2704,"Chile U17, Women",,1706.0,Estadio Nacional de Chile,Santiago de Chile,46190.0,
2615,"Canada U20, Women",,1656.0,Estadio Olímpico Félix Sánchez,Santo Domingo de Guzmán,27000.0,
2719,Bodrum Belediyesi Bodrumspor,,2385.0,Bodrum İlçe Stadı,Bodrum,5000.0,
2808,Barrow AFC,,2577.0,Holker Street,Barrow-in-Furness,2829.0,
2735,Inter Miami II,,2399.0,DRV PNK Stadium,Lauderdale,18000.0,
2585,"Italy U19, Women",,90.0,Stadio Olimpico,Rome,72698.0,
2822,Tranmere Rovers FC,,2298.0,Prenton Park,Birkenhead,,
2832,SK Vorwärts Steyr,,2610.0,LIWEST Arena,Steyr,12000.0,
5257,"CFP Universidad de Chile, Women",,1706.0,Estadio Nacional de Chile,Santiago de Chile,46190.0,
5308,Brentford FC U21,,7332.0,Wheatsheaf Park,Staines,3000.0,
2848,CD Castellón Under 19,,1250.0,Estadio Municipal Castalia,Castellon,15500.0,
2834,First Vienna FC 1894,,2621.0,Hohe Warte Stadium,Wien,,
2849,Valencia CF Under 19,,54.0,Estadio Ciudad de Valencia,Valencia,26354.0,
4656,Peterborough United FC Under 21,,6109.0, Mick George Training Academy,Peterborough,1000.0,
2850,CS Marítimo Funchal Under 23,,2623.0,Campo Imaculada Conceição,Funchal,1900.0,
2851,Maccabi Haifa FC Under 19,,388.0,Sammy Ofer Stadium,Haifa,30874.0,
2852,GNK Dinamo Zagreb Under 19,,1320.0,Stadion Kranjčevićeva,Zagreb,8850.0,
2855,CD Mafra Under 23,,2099.0,Parque Desportivo e Municipal de Mafra,Mafra,,
2857,Norwich City FC Under 18 Academy,,469.0,Carrow Road,Norwich,27244.0,
2858,CD Roda Under 18,,54.0,Estadio Ciudad de Valencia,Valencia,26354.0,
2859,Leeds United FC Under 21,,102.0,Elland Road,Leeds,39460.0,
2860,Maccabi Bnei Raina,,2189.0,Green Stadium,Nazareth Illit,,
2861,Sektzia Nes Tziona FC,,1391.0,Bloomfield,Tel Aviv,29150.0,
2862,Club Deportivo Magallanes,,2624.0,Municipal de San Bernardo,San Bernardo,3500.0,
2863,CD Copiapó,,2625.0,Luis Valenzuela Hermosilla,Copiapó,8500.0,
2864,Lyngby Boldklub Under 19,,1148.0,Lyngby Stadium,Lyngby,10000.0,
5349,Inter Club d'Escaldes U19,,2183.0,Estadi Comuna d'Aixovall,Sant Julià de Lòria,,
5372,Rio Ave FC Under 19,,7077.0,Estádio do Rio Ave FC,Vila do Conde,5300.0,
2867,Instituto AC Córdoba,,2628.0,Estadio Presidente Perón,Cordoba,26535.0,
5397,Guadalupe FC,,7476.0,"Estadio José Joaquín ""Colleya"" Fonseca",Guadalupe,5500.0,
5419,FK Bunyodkor,,7491.0,Milliy Stadium,Tachkent,34000.0,
2872,UD San Sebastián de los Reyes,,1681.0,Municipal Nuevo Matapinonera,San Sebastian,2000.0,
2873,CD Badajoz,,2633.0,Civitas Nuevo Vivero,Badajoz,14898.0,
2593,"AFC Ajax, Women",,1392.0,Sportpark de Toekomst,Amsterdam,2000.0,
2877,CA Osasuna B,,2636.0,Instalaciones de Tajonar,Tajonar,4000.0,
2878,CF Intercity Sant Joan D'Alacant,,2637.0,Antonio Solana,Alicante,2500.0,
2884,São Bernardo FC,,2641.0,Estádio Primeiro de Maio,São Bernardo do Campo,16000.0,
2888,SC Verl 1924 Under 19,,2646.0,Sportanlage Berkenheide,Rietberg,1500.0,
2889,VFB 03 Hilden Under 19,,2647.0,Stadion Am Bandsbusch,Hilden,4500.0,
2891,FC Seoul,,2322.0,World Cup Stadium,Seoul,66704.0,
2896,Racing Club de Montevideo,,2656.0,Estadio Osvaldo Roberto,Montevideo,8500.0,
2897,La Luz FC,,2657.0,Estadio Municipal Parque Liebig's,Fray Bentos,6000.0,
2899,Ecuador Under 20,,1368.0,Estadio Monumental Isidro Romero Carbo,Guayaquil,57267.0,
2901,CD Unión Comercio,,2658.0,Estadio Carlos Vidaurre García,Tarapoto,12000.0,
2869,Real Club Celta de Vigo B,,230.0,Municipal de Balaidos,Vigo,31800.0,
2904,Standard de Liège II,,200.0,Stade Maurice Dufrasne,Liege,27670.0,
2906,St. Louis City Soccer Club,,2664.0,West Community Stadium,Saint Louis,5500.0,
2892,Gangwon FC,,2758.0,Chuncheon Songam Stadium,,,
5205,JIPPO Joensuu,,7011.0,Mehtimäki tekonurmi,Joensuu,1000.0,
2502,Clube de Regatas Brasil,,1243.0,Estádio Rei Pelé,Maceió,19105.0,
2752,Indy Eleven,,2415.0,Michael A. Carroll Stadium,Indianapolis,12100.0,
2509,América Mineiro U20,,654.0,Independencia,Belo Horizonte,23018.0,
4755,Budafoki MTE,,6303.0,Promontor utcai,Budapest,4000.0,
4046,Kuala Lumpur City FC,,3627.0,Kuala Lumpur Stadium,Kuala Lumpur,18000.0,
2524,CS Mioveni,,2194.0,Orasenesc,Mioveni,,
4060,BFC Daugavpils Under 19,,3659.0,LNK Sporta Parks,Riga,2300.0,
2540,Bristol Rovers FC,,2209.0,Memorial Stadium,Bristol,,
1994,Manchester United U23,,1648.0,Aon Training Complex,Carrington,2000.0,
2552,FK Kyzyl-Zhar SK Petropavlovsk,,2218.0,Karasai,Petropavlovsk,,
2599,"Shelbourne FC, Women",,365.0,Tallaght Stadium,Dublin,5947.0,
2905,KRC Genk II,,3698.0,Stade Leunen,Geel,,
2586,"Sweden U19, Women",,2244.0,Stovky,Frýdek-Místek,,
2803,FC Edmonton,,2572.0,Clarke Field,Edmonton,5000.0,
2616,"Brazil U20, Women",,442.0,Estadio Nacional de Costa Rica,San Jose,35100.0,
2809,Hartlepool United FC,,2582.0,Victoria Park,Hartlepool,7691.0,
2820,Stockport County FC,,2589.0,Edgeley Park,Stockport,10832.0,
5258,FK Bodø   Glimt Under 19,,1459.0,Aspmyra Stadion,Bodo,7354.0,
2632,AD Santos de Guápiles,,2258.0,Estadio Ebal Rodríguez Aguilar,Guápiles,,
2594,"Paris FC, Women",,50.0,Charlety,Paris,20000.0,
5309,Leyton Orient FC U21,,2593.0,Brisbane Road,,,
2645,Flambeau du Centre FC,,2283.0,Stade Municipal de Muyinga,Muyinga,,
1557,Club Atlético Penarol,,1277.0,Estadio Campeon Del Siglo,Montevideo,40000.0,
2653,AS Stade Mandji,,2290.0,Stade Pierre Claver Divounguy,Port-Gentil,,
5350,AS Saint-Étienne II,,2955.0,Stade Aimé Jacquet,Etrat,1500.0,
2844,Pharco,,583.0,Alexandria Stadium,Alexandria,20000.0,
1596,Young Violets FK Austria Wien,,677.0,Generali Arena,Vienna,17500.0,
2720,Eyüpspor,,2386.0,Eyüp Stadı,Istanbul,1980.0,
2705,"Nigeria U17, Women",,2390.0,Sancaktepe 15 Temmuz Stadı,Sancaktepe,1900.0,
1595,FC Liefering,,2506.0,Untersberg-Arena,Grödig,4128.0,
5373,Academico de Viseu FC Under 19,,2096.0,Estádio Municipal do Fontelo,Viseu,,
2853,GD Estoril Praia Under 23,,1551.0,Estadio Antonio Coimbra da Mota,Estoril,8000.0,
3096,FK Leningradets Leningradskaya Oblast,,2782.0,"Stadium Spartak, Zelenogorsk",Saint Petersburg,1000.0,
2466,Chelsea U21,,1569.0,Kingsmeadow,London,4850.0,
5398,Weston-super-Mare AFC,,7478.0,The Optima Stadium,Weston-super-Mare,3150.0,
2865,Næstved BK,,2626.0,Tintshop Park,Naestved,10000.0,
3094,USA U19,,1191.0,Dignity Health Sports Park,Carson,27000.0,
2868,CA Belgrano de Córdoba,,2627.0,Julio César Villagra,Córdoba,31500.0,
2521,Racing Club de Ferrol,,2629.0,A Malata,Ferrol,12043.0,
2874,CD Unionistas de Salamanca CF,,2634.0,Reina Sofía,Salamanca,4895.0,
2879,Real Unión Club de Irún,,2638.0,Stadium Gal,Irún,6344.0,
2885,Associacao Portuguesa de Desportos,,2642.0,Estádio Doutor Osvaldo Texeira Duarte,São Paulo,21004.0,
2890,Bonner SC U19,,2648.0,Sportpark Pennenfeld,Bonn-Bad Godesberg,5527.0,
2893,Daejeon Hana Citizen FC,,2653.0,Daejeon World Cup Stadium ,Daejeon,42176.0,
2898,Club Deportivo Garcilaso,,1358.0,Estadio Inca Garcilaso de la Vega,Cusco,22000.0,
2900,Venezuela Under 20,,2051.0,Estadio Olímpico,Montevideo,9500.0,
2907,Agrupación Deportiva Ceuta FC,,2665.0,Alfonso Murube,Ceuta,6500.0,
2794,England U18,,14.0,Wembley,London,90000.0,
2686,Honduras U20,,443.0,Estadio Olimpico Metropolitano,San Pedro Sula,37325.0,
3056,Slovakia Under 20,,356.0,Stadion Pasienky,Bratislava,13295.0,
3066,"Dominican Republic U20, Women",,2778.0,Estadio Panamericano,San Cristóbal,2800.0,
3070,SS Cosmos,,425.0,San Marino Stadium,Serravalle,7000.0,
3073,"Lithuania, Women",,35.0,LFF Stadium,Vilnius,5400.0,
3086,"Papua New Guinea, Women",,1213.0,Estadio Juan Domingo Peron,Buenos Aires,51389.0,
3090,Bangladesh,,2358.0,Bangabandhu National Stadium, Dhaka,36000.0,
3095,FK Sokol Saratov,,1969.0,Lokomotiv Stadium,Tashkent,8000.0,
3097,FK Chernomorets Novorossiysk,,2783.0,Stadion Central'nyj,Novorossiysk,15000.0,
3100,FK Tyumen,,2786.0,Geolog,Tyumen,13060.0,
3102,Athletic Club (Minas Gerais),,2787.0,Estádio Joaquim Portugal,Minas Gerais ,3500.0,
3107,NK Rudeš Zagreb,,2792.0,SC Rudes,Zagreb,2000.0,
3113,MKS Puszcza Niepołomice,,2798.0,Stadion Cracovii im. Józefa Piłsudskiego,Krakow,15016.0,
2408,"BIIK Kazygurt, Women",,1696.0,Broadwood Stadium,Cumbernauld,8086.0,
3114,FK CSKA 1948 Sofia,,34.0,Vasil Levski National Stadium,,,
3115,FK Aktobe,,2807.0,Ortalıq Stadion,Taraz,23000.0,
3121,SC Preußen 06 Münster,,2649.0,Sportanlage Preußen Münster-Stadion,Münster,1500.0,
3122,SSV Ulm 1846,,1988.0,Donaustadion,Ulm,,
3123,Cape Town Spurs FC,,2264.0,Athlone Stadium,,,
3132,FC Hermannstadt Sibiu,,2825.0,Sibiu Municipal Stadium,Sibiu,14200.0,
3139,Wrexham FC,,1842.0,Racecourse Ground,Wrexham,15500.0,
3149,Schwarz-Weiß Bregenz,,2836.0,Casino-Stadion,Bregenz,12000.0,
3140,Nantong Zhiyun FC,,2838.0,Rugao Olympic Sports Center Stadium,Rugao,15000.0,
1430,Beijing Guoan FC,,1130.0,Workers Stadium,Beijing,66161.0,
3152,Al Markhiya,,2109.0,Hamad bin Khalifa Stadium,Doha,,
3154,Kocaelispor,,2507.0,Kocaeli Stadyumu,İzmit,34712.0,
3155,Çorum FK,,2841.0,Çorum Şehir Stadyumu,Çorum,15000.0,
3166,Al Orubah FC,,2849.0,Al-Oruba Club Stadium,Sakakah,8000.0,
3202,Vancouver Football Club,,2883.0,Willoughby Community Park Stadium,Langley,6600.0,
4061,HB Tórshavn Under 19,,575.0,Tórsvøllur,Tórshavn,6040.0,
2519,SC Austria Lustenau,,2191.0,Reichshofstadion,Lustenau,,
2753,Charleston Battery,,2416.0,Patriots Point Soccer Complex,Mount Pleasant,5000.0,
2525,Hapoel Jerusalem FC,,389.0,Teddy Stadium,Jerusalem,21600.0,
4252,Costa Rica Under 23,,2254.0,Estadio Ricardo Saprissa Aymá,San Juán de Tibás,,
2553,FC Koper,,2219.0,Bonifika,Koper,,
2320,New Zealand,,2041.0,Suhaim bin Hamad Stadium,Doha,,
2564,FK Volga Ulyanovsk,,2230.0,Trud,Uljanovsk,,
2835,SK Rapid Wien II,,330.0,Allianz Stadion,Vienna,28345.0,
2600,"TJ Spartak Myjava, Women",,2248.0,Stadion Spartaka Myjava,Myjava,,
5206,EIF Ekenäs,,7012.0,Tammisaari Centralfield,Raseborg,2500.0,
2845,National Bank of Egypt SC,,2619.0,El Shorta Stadium,Cairo,12000.0,
2654,Djoliba AC Bamako,,2291.0,Complex Sportif Hérémakono,Bamako,,
4818,AS Soliman,,6445.0,Stade de Soliman,Soliman ,2000.0,
5428,FK Kryvbas Kryvyi Rih Under 19,,7500.0,Stade Metalurh,Kryvyï Rih,29783.0,
2706,"Mexico U17, Women",,1309.0,Estadio Olímpico Universitario,Mexico,63186.0,
2856,AC Milan Under 19,,1869.0,Giuseppe Meazza,Milan,80018.0,
2721,Sakaryaspor,,2387.0,Yeni Sakarya Atatürk Stadyumu,Sakarya,28150.0,
4986,Umeå FC,,6698.0,Gammliavallen,Umeå,14000.0,
2737,Columbus Crew II,,2401.0,Crew Stadium,Columbus,20145.0,
2870,Cultural y Deportiva Leonesa,,2631.0,Reino de León,León,13451.0,
2875,SD Logroñés,,1253.0,Estadio Las Gaunas,Logrono,16000.0,
2880,CD Eldense,,2639.0,Nuevo Pepico Amat,Elda,4036.0,
2886,Associação Ferroviária de Esportes,,2643.0,Estádio Doutor Adhemar de Barros,Araraquara,20950.0,
5005,CD Illescas,,6723.0,Estadio Municipal Illescas,Illescas,1000.0,
2894,Suwon FC,,2654.0,Suwon Sports Complex,Suwon,30000.0,
2908,Pontevedra CF,,2666.0,Estádio Municipal do Pasarón,Pontevedra,12000.0,
5024,PFC Montana,,6739.0,Ogosta Stadium,Montana,11500.0,
2911,Al Ittihad Kalba,,2670.0,Ittihad Kalba Stadium,Kalba,8500.0,
2913,Al Dhafra SCC,,1915.0,Al-Nahyan Stadium,Abu Dhabi,15000.0,
2916,RSC Anderlecht II,,679.0,Lotto Park,Anderlecht,21500.0,
2917,FC Juniors OÖ,,348.0,Tgw Arena,Pasching,6009.0,
2918,FC Versailles 78,,2436.0,Stade Jean-Bouin,Paris,20000.0,
2923,Tauro FC,,444.0,Estadio Rommel Fernandez,Panama City,32000.0,
2926,Albirex Niigata,,2677.0,Denka Big Swan Stadium,Niigata,42300.0,
2929,Real CD España,,443.0,Estadio Olimpico Metropolitano,San Pedro Sula,37325.0,
5042,FC La Unión Atlético,,6758.0,Municipal de La Unión,La Unión,2000.0,
2931,Crown Legacy FC (Charlotte II),,2678.0,Mecklenburg County Sportsplex,Matthews,5000.0,
2933,Huntsville City FC,,2679.0,Joe Davis Stadium,Huntsville,10488.0,
2934,Finland Under 19,,1411.0,Helsinki Olympic Stadium,Helsinki,39784.0,
2938,Germany Under 18,,1335.0,Letná Stadion,Zlín,6375.0,
2941,IF Brommapojkarna,,2682.0,Grimsta IP,Stockholm,5000.0,
2795,Norway U18,,1492.0,Intility Arena,Oslo,16555.0,
2793,Spain U19,,1686.0,Ciudad Real Madrid,Madrid,3000.0,
2942,France Under 20,,2.0,Stade de France,Saint-Denis,80698.0,
2943,Netherlands Under 21,,162.0,Johan Cruijff ArenA,Amsterdam,53031.0,
2945,FC Augsburg II,,2688.0,Rosenaustadion,Augsburg,28000.0,
2947,TSV Buchbach,,2690.0,SMR-Arena,Buchbach,3000.0,
2948,1. FC Schweinfurt 1905,,2691.0,Sachs-Stadion,Schweinfurt,15060.0,
2587,"Germany U19, Women",,1527.0,Stadion Lichterfelde,Berlin,4300.0,
2950,SK Super Nova Salaspils,,2694.0,Salaspils sporta nama stadions,Salaspils,650.0,
2951,FK Metta,,2695.0,Hanzas Vidusskolas Laukums,Riga,2000.0,
2956,Mirassol Futebol Clube,,2700.0,Estádio José Maria de Campos Maia,Sao Paulo,15000.0,
2957,ABC FC,,2701.0,Estádio Maria Lamas Farache,Natal,18000.0,
2958,EC Vitória,,2702.0,Stade Manoel-Barradas,Salvador,30615.0,
1529,Valmiera FC,,2703.0,Valmieras Olimpiskais centrs,,,
1442,Esbjerg fB,,2699.0,Mežaparks Sports Village,Riga,1500.0,
2959,Doxa Katokopias FC,,2704.0,Katokopia Stadium,Peristerona,3500.0,
2961,Akritas Chloraka,,2705.0,Stélios-Kyriakídis Stadium,Paphos,9400.0,
2962,Enosis Neon Paralimni,,2706.0,Paralimni Stadium,Paralimni,5800.0,
2963,Pafos FC,,2705.0,Stélios-Kyriakídis Stadium,Paphos,9400.0,
2964,Nea Salamis Famagusta,,2707.0,Ammochostos Stadium,Larnaca,5500.0,
2965,Olympiakos Nicosia FC,,2603.0,Makareio Stadium,Engomi,16000.0,
2966,FC Viktoria Plzeň Under 19,,2708.0,Luční UMT,Plzeň,1000.0,
2969,Italy Under 23,,55.0,San Siro,Milan,80018.0,
2970,US Sassuolo Calcio Under 19,,2710.0,Stadio Enzo Ricci,Sassuolo,4008.0,
2971,SSC Napoli Under 19,,2711.0,Stadio Giuseppe Piccolo,Cercola,7000.0,
2972,US Lecce Under 19,,2712.0,Campo Sportivo San Pietro in Lama,San Pietro in Lama,1000.0,
2974,UC Sampdoria Under 19,,2714.0,Campo Sportivo Tre Campanili,Bogliasco,1000.0,
2975,Torino FC Under 19,,1726.0,Silvio Piola,Novara,17875.0,
2980,FC Wil 1900,,2718.0,Sportpark Bergholz,Wil,6048.0,
2985,Spain Under 16,,2337.0,Ciudad Real Madrid Campo 3,Madrid,3000.0,
5259,Newcastle United FC Under 19,,6281.0,Whitley Park,Newcastle,1000.0,
2617,"Mexico U20, Women",,2251.0,Alejandro Morera Soto,Alajuela,,
2988,"KoldingQ, Women",,2723.0,Autocentralen Park,Kolding,12000.0,
2989,"FC Thy - ThistedQ, Women",,2724.0,Sparekassen Thy Arena,Thisted,3000.0,
2987,"FC Nordsjælland, Women",,335.0,Right TO Dream Park,Farum,10100.0,
2984,FC Farul Constanţa,,2722.0,Stadionul Central,Balotești,4800.0,
2687,Dominican Republic U20,,2420.0,Riccardo Silva Stadium,Miami,20000.0,
4756,Budapesti Vasas SC,,6305.0,Illovszky Rudolf Stadion,Budapest,5054.0,
2542,Exeter City FC,,2210.0,St James Park,Exeter,,
2754,Atlanta United FC II,,2417.0,Fifth Third Bank Stadium,Kennesaw,10500.0,
2554,FK Makedonija Gjorče Petrov,,2220.0,Stadion Gjorce Petrov,Skopje,,
3303,"FC Kryvbas Kryvyi Rih, Women",,2261.0,Shakhty Zhovtneva,Kryvyi Rig,,
2565,FK Dynamo Makhachkala,,2231.0,Trud im. Elena Isinbaeva,Makhachkala,,
2796,Netherlands U19,,2564.0,Sportcomplex Varkenoord,Rotterdam,1000.0,
2601,"UKS SMS Łódź , Women",,1824.0,Stadion Widzewa,Lodz,18018.0,
2810,Bradford City AFC,,2578.0,Northern Commercials Stadium,Bradford,25136.0,
2618,"Netherlands U20, Women",,2251.0,Alejandro Morera Soto,Alajuela,,
2655,Saint George FC,,2292.0,Addis Ababa Stadium,Addis Ababa,,
3325,"Bristol City WFC, Women",,485.0,Ashton Gate,Bristol,21497.0,
2707,"Colombia U17, Women",,1298.0,Estadio Deportivo Cali,Santiago de Cali,42000.0,
2836,Floridsdorfer AC,,2614.0,FAC Platz,Wien,3000.0,
2722,Manisa Büyükşehir Belediyespor Kulübü,,2388.0,Mümin Özkasap Spor Tesisleri,Manisa,2620.0,
3354,CD Guadalajara,,2977.0,Estadio Pedro Escartín,Guadalajara,8000.0,
5207,Salon Palloilijat,,7013.0,Salon Urheilupuisto,Salo,2500.0,
2846,Ismaily SC,,2620.0,Ismailia Stadium,Ismailia,18525.0,
2871,Mérida Asociación Deportiva,,2632.0,Romano José Fouto,Mérida,14537.0,
2881,CF La Nucía,,680.0,Estadio Camilo Cano,La Nucía,3000.0,
2887,Esporte Clube Santo Andre,,2644.0,Estádio Bruno José Daniel,Santo André,15157.0,
219,Amadora,,7804.0,Estádio José Gomes,Amadora,9288.0,
2688,Paraguay U20,,1352.0,Club Nacional Asuncion,Asunción,4434.0,
155,Novara,,1726.0,Silvio Piola,Novara,17875.0,
2909,Talavera CF,,2667.0,El Prado,Talavera de la Reina ,4200.0,
3365,CD Guijuelo,,2986.0,Estadio Municipal Luis Ramos,Guijuelo,1800.0,
2912,Al Orooba,,1967.0,Hazza Bin Zayed Stadium,Al Ain  ,,
4253,AS Trenčín Under 19,,355.0,Stadion na Sihoti,Trencin,4300.0,
2914,FK Javor Ivanjica,,2671.0,Stadion kraj Moravice,Ivanjica,3000.0,
2919,CS Sedan Ardennes,,2672.0,Stade Louis-Dugauguez,Sedan,23189.0,
2924,Violette AC,,2676.0,Cibao Stadium,Santiago de los Caballeros,18077.0,
2927,Alianza FC,,446.0,Estadio Cuscatlan,San Salvador,53400.0,
2981,Hellas Verona FC Under 19,,2719.0,Antistadio Guido Tavellin,Verona,1500.0,
2932,Los Angeles Football Club II,,2050.0,Titan Stadium,Fullerton,,
2935,Germany Under 19,,507.0,An der alten Forsterei,Berlin,22012.0,
2939,USA U18,,665.0,Banc of California Stadium,Los Angeles,22000.0,
2685,Costa Rica U20,,442.0,Estadio Nacional de Costa Rica,San Jose,35100.0,
2944,SV Wacker Burghausen,,2687.0,Wacker-Arena,Burghausen,10000.0,
2946,FV Illertissen 1921,,2689.0,Vöhlinstadion,Illertissen,3000.0,
2949,Deutsche Jugend Kraft Vilzing 1967,,2692.0,Manfred-Zollner-Stadion,Cham,2500.0,
2952,BFC Daugavpils,,2696.0,Stadionā Esplanāde,Daugavpils,1000.0,
2960,Karmiotissa Pano Polemidia,,2222.0,Tsirion Stadion,Limassol,,
2967,Belgium Under 19,,611.0,Stade Roi Baudouin,Bruxelles,,
2973,Cagliari Calcio Under 19,,2713.0,Centro Sportivo Ercole Cellino,Assemini,1000.0,
2976,Empoli FC Under 19,,2715.0,Stadio Comunale di Petroio,Vinci,3000.0,
2986,Ghana Under 16,,1613.0,Accra Sports Stadium,Accra,40000.0,
2990,"AGF Kvindefodbold APS, Women",,1143.0,Ceres Park,Aarhus,19433.0,
2992,"Växjö DFF, Women",,2726.0,Myresjöhus Arena,Växjö,12000.0,
3003,"Arna-Bjørnar Fotball, Women",,2731.0,Arna idrettspark,Bergen,1500.0,
3057,Uzbekistan Under 20,,1780.0,Bunyodkor Stadium,Tashkent,34000.0,
3101,KF Dukagjini Klina,,434.0,Fadil Vokrri Stadium,Pristina,16200.0,
3067,"Jamaica Under 20, Women",,1656.0,Estadio Olímpico Félix Sánchez,Santo Domingo de Guzmán,27000.0,
3103,EC Democrata,,2788.0,Estádio José Mammoud Abbas,Governador Valadares,8675.0,
3074,"Bulgaria, Women",,369.0,Balgarska Armiya Stadium,Sofia,22015.0,
5351,Union Cosnoise Sportive,,7437.0,Parc Municipal des Sports Raphaël Giraux,Cosne-Cours-sur-Loire,2167.0,
3091,Nepal,,2359.0,Stadium Dasarath-Rangasala,Katmandou,15000.0,
3098,KS Egnatia Rrogozhinë,,2784.0,Arena Egnatia,Rrogozhinë,4000.0,
3108,Penybont FC,,2793.0,SDM Glass Stadium,Bridgend,1200.0,
3116,Polissya Zhytomyr,,2808.0,Spartak stadium,Korosten,5000.0,
3124,Ventforet Kofu,,2816.0,JIT Recycle Ink Stadium,Kofu,17000.0,
3133,AFC UTA Arad,,2681.0,Francisc Neuman Arena,Arad,7287.0,
3141,Cangzhou Mighty Lions FC,,2829.0,Cangzhou Stadium,Cangzhou,31836.0,
3150,SV Stripfing   Weiden,,2614.0,FAC Platz,Wien,3000.0,
3153,Muaither SC,,2109.0,Hamad bin Khalifa Stadium,Doha,,
3156,Al Fateh SC,,2842.0,Prince Abdullah Bin Jalawi Stadium,Al Hasa,19550.0,
3167,Al Jabalain Ha'il,,2843.0,Prince Abdul Aziz bin Musa'ed Stadium,Hail,12250.0,
3203,Bashundhara Kings,,2884.0,Bashundhara Sports Complex,Dacca,1000.0,
3235,Vilaverdense FC,,2916.0,Campo Cruz do Reguengo,Vila Verde,5000.0,
3245,Ohod Club,,2924.0,Ohod Club Stadium,Al Aziziyyah,5000.0,
3256,Hai Phong FC,,2930.0,Lach Tray Stadium,Hai Phong,30000.0,
3267,CD Arenteiro,,2938.0,Espiñedo Soccer Field,Ourense,4500.0,
3384,Tokyo Verdy,,1163.0,Ajinomoto Stadium,Tokyo,49970.0,
3395,Mali Under 17,,1773.0,Stade Modibo Kéita,Bamako,25000.0,
2227,Viktoria Köln U19,,2650.0,Kunstrasenplatz Viktoria Köln,Köln,200.0,
2588,"England U19, Women",,487.0,Griffin Park,London,12763.0,
5260,Royal Union Saint-Gilloise Under 19,,612.0,Stade Joseph Marien,Saint-Gilles,,
3376,Tochigi SC,,2994.0,Tochigi Green Stadium,Utsunomiya,18025.0,
5310,Exeter City FC U21,,2210.0,St James Park,Exeter,,
4815,"SK DFO Pardubice, Women",,1332.0,Stadion Pod Vinicí,Pardubice,2500.0,
3087,"Chinese Taipei, Women",,2756.0,Kaohsiung Stadium,Taiwan‎,55000.0,
2543,Port Vale FC,,2211.0,Vale Park,Stoke-on-Trent,,
2755,Hartford Athletic,,2418.0,Trinity Health Stadium,Hartford,5500.0,
2555,Zira IK,,2221.0,Zira Olympic Sport Complex Stadium,Zira,,
2739,New York City FC II,,2403.0,Belson Stadium,New York,2600.0,
2566,FK Shinnik Yaroslavl,,2232.0,Shinnik,Yaroslavl,,
3304,"FK Vorskla Poltava, Women",,299.0,Butovsky Vorskla Stadium,Poltava,24795.0,
2811,Northampton Town FC,,2586.0,Sixfields Stadium,Northampton,7798.0,
2602,"ŽNK Split, Women",,344.0,Stadion Poljud,Split,35000.0,
3068,"Panama U20, Women",,1656.0,Estadio Olímpico Félix Sánchez,Santo Domingo de Guzmán,27000.0,
2837,SK Sturm Graz II,,2615.0,Solarstadion Gleisdorf,Gleisdorf,700.0,
2723,Pendikspor,,2389.0,Pendik Stadı,Istanbul,2500.0,
2882,Bilbao Athletic,,1680.0,Instalaciones de Lezama,Lezama,3250.0,
2915,FK Mladost Novi Sad,,1466.0,Karadjordje Stadium,Novi Sad,14853.0,
2920,Le Puy Football 43 Auvergne,,2673.0,Stade Charles-Massot,Espaly-Saint-Marcel,4800.0,
2928,LD Alajuelense,,2251.0,Alejandro Morera Soto,Alajuela,,
4254,NK Lokomotiva Zagreb Under 19,,3894.0,Kajzerica,Zagreb,1000.0,
2936,Romania Under 20,,2681.0,Francisc Neuman Arena,Arad,7287.0,
2940,Southampton FC Under 18 Academy,,143.0,St Mary's Stadium,Southampton,32505.0,
2953,FS Jelgava,,2697.0,"FK ""Jelgava"" treniņbāze",Jelgava,1000.0,
2968,Belarus Under 19,,1980.0,Stadion FK Minsk,Minsk,,
2977,FC Stade Lausanne-Ouchy,,2180.0,Stade de la Tuilière,,,
2982,Udinese Calcio Under 19,,2720.0,Campo Sportivo Simonetti,Gemona del Friuli,1000.0,
2991,"Sundby BK, Women",,1879.0,Sundby Idrætspark,Copengahen,7200.0,
2993,"Vittsjö GIK, Women",,2727.0,Vittsjö IP,Vittsjö,1500.0,
4757,FC Tatabánya,,6308.0,Grosics Gyula Stadion,Tatabánya,4000.0,
4791,"Hønefoss BK, Women",,6342.0,Aka Arena,Hønefoss,4120.0,
3004,"Avaldsnes IL, Women",,2732.0,Avaldsnes Idrettssenter,Avaldsnes,1230.0,
3343,MFK Skalica,,2968.0,Mestský štadión,Skalica,2600.0,
3355,Atlético Saguntino,,2978.0,Estadio Nou Camp de Morvedre,Sagunto,4000.0,
3006,"Røa IL, Women",,2734.0,Røabanen,Oslo,3230.0,
3010,Serbia Under 17,,125.0,Rajko Mitic,Belgrade,55538.0,
5208,Turun Palloseura,,1449.0,Veritas Stadium,Turku,9300.0,
3015,"ASJ Soyaux, Women",,2737.0,Stade Léo Lagrange,Soyaux,4800.0,
3005,"Lillestrøm SK Kvinner, Women",,2733.0,LSK-Hallen,Lillestrøm,2300.0,
3023,Switzerland Under 17,,126.0,Stade de Suisse,Bern,31789.0,
3025,FC Astoria Walldorf,,2750.0,Stadion Astoria Walldorf,Walldorf,3000.0,
3028,BV Borussia 09 Dortmund Under 17,,1646.0,Fußballpark Hohenbuschei,Dortmund,2000.0,
3366,Arenas Club de Getxo,,2987.0,Estadio Municipal de Gobela,Getxo,1220.0,
3246,AE Zakakiou,,2707.0,Ammochostos Stadium,Larnaca,5500.0,
2490,AA Portuguesa RJ,,3155.0,Arena Das Dunas,Natal,31.0,
4047,Công An Hà Nội,,1920.0,Hang Day,Hanoi,22500.0,
4819,Union Sportive de Ben Guerdane,,6446.0,Stade de Ben Guerdane,Ben Gardane,10000.0,
3036,Sint Maarten,,177.0,Philips Stadion,Eindhoven,35000.0,
3377,Tokushima Vortis,,2995.0,Pocarisweat Stadium,Naruto,17924.0,
3037,Bremer SV,,2760.0,Stadion am Panzenberg,Bremen,8000.0,
3058,Israel Under 20,,1391.0,Bloomfield,Tel Aviv,29150.0,
3075,"Armenia, Women",,13.0,Vazgen Sargsyan Republican Stadium,Yerevan,14403.0,
3092,Japan Under 21,,1163.0,Ajinomoto Stadium,Tokyo,49970.0,
3099,Valkeakosken Haka,,2785.0,Tehtaan kenttä,Valkeakoski,3516.0,
3104,Ipatinga Futebol Clube,,2789.0,Estádio Municipal João Lamego Netto,Ipatinga,23000.0,
3109,FC Hegelmann Litauen Kaunas,,2794.0,LFF Kauno treniruočių centras,Kaunas,500.0,
3117,FC Obolon'-Brovar Kyiv,,2521.0,Obolon Arena,Kiev,5100.0,
3125,Montedio Yamagata,,2817.0,Yamagata Park Stadium,Tendo,21292.0,
3134,ACS Petrolul 52 Ploieşti,,593.0,Stadionul Ilie Oană,Ploiești,,
3142,Wuhan Three Towns FC,,1138.0,Dongxihu Sports Centre,Wuhan,30000.0,
3151,DSV Leoben,,2837.0,Donawitz Stadium,Leoben,6000.0,
3157,Al Ta'ee Ha'il,,2843.0,Prince Abdul Aziz bin Musa'ed Stadium,Hail,12250.0,
3204,Al Seeb,,2885.0,Al Seeb Stadium,Sib,14000.0,
2589,"Norway U19, Women",,1327.0,Městský Stadion,Ostrava,15123.0,
3257,AS Othellos Athienou,,2707.0,Ammochostos Stadium,Larnaca,5500.0,
3419,OFK Pirin Blagoevgrad,,3036.0,Stadion Hristo Botev,Blagoevgrad,11000.0,
3268,UD Melilla,,2813.0,Stade Álvarez Claro,,,
3385,Olympiacos FC Under 17,,2990.0,Stadio Spyros Yalabidis,Athens,4000.0,
3405,Uzbekistan Under 17,,649.0,Miejski Stadion Pitkarski,Czestochowa,8000.0,
2876,Real Murcia CF,,2323.0,Estadio Nueva Condomina,Murcia,31179.0,
3432,"Germany Under 16, Women",,2449.0,Ulrich-Haberland-Stadion,Leverkusen,3200.0,
3441,Club Aurora,,1373.0,Estadio Félix Capriles,Cochabamba,27588.0,
3450,"Guyana, Women",,2290.0,Stade Pierre Claver Divounguy,Port-Gentil,,
3458,"CF Pachuca, Women",,591.0,Estadio Miguel Hidalgo,Pachuca de Soto,,
3466,TuS Koblenz 1911,,2276.0,Stadion Oberwerth,Koblenz,,
3475,Cavalier SC,,3073.0,Anthony Spaulding Sports Complex,Kingston,2200.0,
3484,Utah Royals Fc,,3032.0, America First Field,Sandy,20213.0,
2619,"Colombia U20, Women",,442.0,Estadio Nacional de Costa Rica,San Jose,35100.0,
3531,Chattanooga Football Club,,3112.0,Finley Stadium,Chattanooga,20412.0,
5261,"Ipswich Town WFC, Women",,2580.0,JobServe Community Stadium,Colchester,10105.0,
1627,FK Pardubice,,7880.0,Stadion Arnošta Košťála,Pardubice,,
2925,CD Olimpia,,443.0,Estadio Olimpico Metropolitano,San Pedro Sula,37325.0,
5352,US Orléans Loiret II,,452.0,Stade de La Source,Orleans,5849.0,
5374,CD Santa Clara Under 19,,317.0,Estadio de Sao Miguel,Ponta Delgada,13277.0,
2544,Bahlinger SC,,2212.0,Kaiserstuhlstadion,Bahlingen am Kaiserstuhl,,
2756,Louisville City FC,,1536.0,Lynn Family Stadium,Louisville,11700.0,
3305,"UMF Stjarnan, Women",,340.0,Samsung Vollurinn,Gardabaer,1298.0,
4758,Szeged 2011 FC,,6309.0,Szent Gellért Fórum,Szeged,8256.0,
2567,VfB Oldenburg 1897,,2233.0,Marschwegstadion,Oldenburg,,
2812,Carlisle United FC,,2579.0,Brunton Park,Carlisle,18202.0,
2603,"DBK Fortuna Hjørring, Women",,2249.0,Hjørring Stadion,Hjorring,,
4792,Latvia Under 17,,432.0,Skonto,Riga,9500.0,
2838,FC Dornbirn 1913,,2616.0,Birkenwiese,Dornbirn,12000.0,
2724,Tuzla Spor Kulübü,,2390.0,Sancaktepe 15 Temmuz Stadı,Sancaktepe,1900.0,
2883,CD Calahorra,,2640.0,La Planilla,Calahorra,4500.0,
2740,Tacoma Defiance,,2404.0,Starfire Sports Stadium,Tukwila,4500.0,
2921,FC Martigues,,2674.0,Stade Francis-Turcan,Martigues,11500.0,
2937,Germany Under 20,,1996.0,PSD Bank Arena,Frankfurt,,
2954,FK Tukums 2000 Telms,,2698.0,Tukuma mākslīgā laukumā stadions,Tukums,1000.0,
2978,Yverdon Sport FC,,1451.0,Stade Municipal,Petange,2400.0,
2983,ACF Fiorentina Under 19,,2721.0,Stadio Piero Torrini,Sesto Fiorentino ,5000.0,
2994,"Hammarby IF DFF, Women",,2728.0,Hammarby Idrottsplats,Stockholm,3700.0,
3007,"Stabæk Fotball, Women",,1871.0,Nadderud,Bærum,7000.0,
3011,Scotland Under 17,,2350.0,Petershill Park,Glasgow,1000.0,
3013,Hungary Under 17,,342.0,Megyeri uti,Budapest,13501.0,
3016,"Montpellier HSC, Women",,2738.0,Stade Bernard Gasset Terrain n°7,Montpellier,2000.0,
3024,Croatia Under 17,,130.0,Maksimir,Zagreb,35423.0,
2556,Aris FC Limassol,,2749.0,Alphamega Stadium,,,
3031,Oman Under 20,,1781.0,Sultan Qaboos Sports Complex,Muscat,34000.0,
4820,Stade Tunisien,,6448.0,Stade Hédi Enneifer,Tunis,11000.0,
4847,Al Shabab Riyadh Under 18,,6498.0,Reserve Stadium in Prince Faisal bin Fahad Sports City,Riyadh,1000.0,
3038,SV Werder Bremen II,,2760.0,Stadion am Panzenberg,Bremen,8000.0,
3059,Nigeria Under 20,,1711.0,Moshood Abiola National Stadium,Abuja,60491.0,
3076,"Greece, Women",,2440.0,Dimotiko Gipedo Neapolis Nikaias,Athens,4999.0,
3093,Saudi Arabia Under 19,,640.0,King Saud University Stadium,Riyadh,,
3105,AA Caldense,,2790.0,Estádio Doutor Ronaldo Junqueira,Poços de Caldas,7250.0,
3110,FK Arsenal Tivat,,2795.0,FK Arsenal,Tivat,500.0,
3118,LNZ Cherkasy FC,,2809.0,Tsentralnyi Stadium,Tcherkassy,10340.0,
3126,V-Varen Nagasaki,,2818.0,Nagasaki Athletic Stadium,Isahaya,20246.0,
3135,FC Universitatea Cluj,,2772.0,Cluj Arena,Cluj-Napoca,30201.0,
3143,Qingdao Hainiu F.C.,,2830.0,Qingdao Youth Football Stadium,Qingdao,50000.0,
3158,Al Ettifaq FC (Dammam),,2458.0,Stade Prince Mohamed bin Fahd,Dammam,26000.0,
3205,Lee Man Warriors FC,,2886.0,Hong Kong Stadium,Hong Kong,40000.0,
3236,CF Os Belenenses,,2917.0,Estádio do Restelo,Lisbon,25000.0,
3247,Bali United FC,,2925.0,Kapten I Wayan Dipta Stadium,Bali,18000.0,
3258,Ethnikos Achnas FC,,2931.0,Stadio Dasaki Achnas,Dasaki Achnas,7000.0,
3269,Recreativo Granada,,552.0,Los Carmenes,Granada,23156.0,
4866,Association Sportive de Cannes,,6518.0,Stade Pierre-de-Coubertin,Cannes,9819.0,
4886,Ottawa Rapid FC,,2574.0,TD Place Stadium,Ottawa,26559.0,
901,Botafogo de Futebol e Regatas,,651.0,Estadio Olimpico Nilton Santos,Rio de Janeiro,44661.0,
3344,FC ViOn Zlaté Moravce Vrable,,2969.0,Štadión FC ViOn,Zlaté Moravce,4008.0,
3356,Boreham Wood FC,,1826.0,Meadow Park,Borehamwood,4502.0,
4903,Godoy Cruz Antonio Tomba Reserve,,6568.0,Predio de Alto Rendimiento - Godoy Cruz,Godoy Cruz,150.0,
3386,AEK Athens FC Under 17,,327.0,AEK Arena,Larnaca,8000.0,
381,Mexico,,1482.0,Mile High Stadium,Denver,76000.0,
3406,Senegal Under 17,,1800.0,Stade Léopold Sédar Senghor,Dakar,60000.0,
3414,Medeama SC,,2303.0,Baba Yara Sports Stadium,Kumasi,,
3420,SK Sigma Olomouc II,,349.0,Andruv Stadion,Olomouc,12566.0,
3433,"Portugal Under 16, Women",,12.0,Estádio José Alvalade,Lisbon,50044.0,
3442,Germany Under 16,,156.0,Commerzbank-Arena,Frankfurt,51500.0,
5209,Järvenpään Palloseura,,7015.0,Järvenpään TN,Järvenpää,500.0,
3459,"Club Tijuana Xoloitzcuintles de Caliente, Women",,588.0,Estadio Caliente,Tijuana,15231.0,
3485,Bay FC,,1194.0,Earthquakes Stadium,San Jose,18000.0,
3532,Carolina Core FC,,3113.0,BB&T Complex,Irmo,,
3534,GAIS,,1177.0,Gamla Ullevi,Gothenburg,18416.0,
2146,Persepolis FC,,1796.0,Azadi Stadium,Teheran,80000.0,
2627,CSD Comunicaciones,,1609.0,Estadio Doroteo Guamuch Flores,Guatemala,29950.0,
1654,Deportivo Táchira,,1605.0,Estadio Polideportivo de Pueblo Nuevo,San Cristóbal,38755.0,
4920,Club Atlético Vélez Sarsfield Reserve,,6585.0,Villa Olímpica - Vélez Sarsfield,Ituzaingó,300.0,
4953,FC Wiltz 71,,6624.0,Terrain Poetz-Weidingen,Weidingen,3000.0,
3500,"Sanfrecce Hiroshima Regina, Women",,1165.0,Edion Stadium,Hiroshima,36906.0,
1591,UD Oliveirense,,2919.0,Estádio Carlos Osório,Oliveira d'Azeméis,1750.0,
3367,Al Faisaly Amman,,1608.0,Amman International Stadium,Amman,25000.0,
2620,"USA U20, Women",,442.0,Estadio Nacional de Costa Rica,San Jose,35100.0,
3467,Korea Republic Under 16,,1797.0,Seoul Olympic Stadium,Seoul,69950.0,
3451,"Dominican Republic, Women",,1844.0,Estadio Domingo Burgueño Miguel,Maldonado,23000.0,
3476,CA Independiente de La Chorrera,,3065.0,Estadio Agustín Sánchez,La Chorrera,3040.0,
5262,"Nottingham Forest LFC, Women",,468.0,City Ground,Nottingham,30603.0,
5312,Bromley FC U21,,3350.0,Hayes Lane,Bromley,5000.0,
2353,"FK Okzhetpes Kokshetau, Women",,2065.0,Sapsan Arena,Moscow,,
5353,US Feurs,,7438.0,Stade Maurice Rousson,Feurs,2800.0,
5375,FC Vizela Under 19,,1552.0,Estadio Do Fc Vizela,Vizela,3500.0,
3306,FC Samegrelo,,2949.0,Sportis Akademiis Stadioni,Tbilisi,1000.0,
2545,Forest Green Rovers FC,,2213.0,The New Lawn,Nailsworth,,
2757,Sacramento Republic FC,,2419.0,Heart Health Park,Sacramento,11569.0,
2568,SpVgg Bayreuth,,2234.0,Hans-Walter-Wild-Stadion,Bayreuth,,
2806,Pacific FC,,2575.0,Starlight Stadium,Langford,7500.0,
2604,"AS Roma, Women",,90.0,Stadio Olimpico,Rome,72698.0,
2813,Sutton United FC,,2590.0,Knights Community Stadium,Sutton,5013.0,
2823,Silkeborg IF U19,,1145.0,Jysk Park,Silkeborg,10000.0,
3345,MFK Zemplín Michalovce,,2970.0,Futbalový štadión MFK Zemplín,Michalovce,4460.0,
3357,SV Stuttgarter Kickers,,2133.0,Gazi-Stadion auf der Waldau,,,
3368,Enyimba International FC,,1950.0,Godswill Akpabio International Stadium,Uyo,30000.0,
2839,SKU Amstetten,,2617.0,Ertl-Glas-Stadion Amstetten,Amstetten,3000.0,
2922,FC Paris 13 Atletico,,2675.0,Stade Boutroux,Paris,2000.0,
4255,Stade d'Abidjan,,3895.0,Stade Robert-Champroux,Abidjan,10000.0,
2979,FC Schaffhausen,,2717.0,wefox Arena,Schaffhausen,8200.0,
2995,"IFK Kalmar, Women",,1176.0,Guldfageln Arena,Kalmar,12500.0,
3008,"Åsane Fotball, Women",,2735.0,Åsane Arena,Bergen,3500.0,
3014,Wales Under 17,,484.0,Liberty Stadium,Swansea,20827.0,
3017,"Dijon FCO, Women",,2739.0,DFCO Centre d’Entraînement et de Formation,Dijon,1000.0,
3387,CA Pêro Pinheiro,,3015.0,Parque de Jogos Pardal Monteiro,Sintra,3000.0,
3237,Al Arabi Club,,2920.0,Department of Education Stadium,Unaizah,10000.0,
3032,Syria Under 20,,1789.0,Abbasiyyin Stadium,Damascus,30000.0,
3039,AŠK Bravo Publikum,,2455.0,Športni park Ljubljana,Ljubljana,2300.0,
3060,Senegal Under 20,,1800.0,Stade Léopold Sédar Senghor,Dakar,60000.0,
3077,Scotland Under 19,,16.0,Celtic Park,Glasgow,60411.0,
3106,Pouso Alegre FC,,2791.0,Estádio Municipal Irmão Gino Maria Rossi,Pouso Alegre,19000.0,
3111,KA Akureyri,,2796.0,Greifavöllurinn,Akureyri,1645.0,
3119,Sabah FK,,2810.0,Bank Respublika Arena,Absheron,13000.0,
3127,JEF United Ichihara Chiba,,2819.0,Fukuda Denshi Arena,Chiba,19781.0,
3136,ASC Oţelul Galati,,2826.0,Stadionul Oțelul,Galați,13500.0,
3144,Zhejiang Professional FC,,2831.0,Huzhou Olympic Sports Center Stadium,Huizhou,40000.0,
3159,Al Raed Club,,1907.0,King Abdullah Sports City,Jeddah,62240.0,
3206,Hong Kong Rangers FC,,2887.0,Hammer Hill Road Sports Ground,Kowloon,2200.0,
3248,Al Kholood Club,,2922.0,Al-Hazm Club Stadium,Ar Rass,8000.0,
3535,Västerås SK Fotboll,,3115.0,Hitachi Energy Arena,Västerås,7044.0,
3270,CD Teruel,,2940.0,Estadio La Pinilla,Teruel,4500.0,
3407,New Zealand Under 17,,2800.0,Eden Park,Auckland,50000.0,
3415,Power Dynamos FC,,3029.0,Arthur Davis Stadium,Kitwe,12000.0,
3642,Caernarfon Town FC,,8296.0,The Oval,Caernarfon,,
3421,SK Líšeň,,3038.0,Stadion SK Líšeň,Brno,,
3434,"Panama U17, Women",,444.0,Estadio Rommel Fernandez,Panama City,32000.0,
3443,Portugal Under 16,,12.0,Estádio José Alvalade,Lisbon,50044.0,
3452,"Puerto Rico, Women",,1438.0,Academia Puerto Cabello,Puerto Cabello,7000.0,
280,Hércules Club de Fútbol,,33.0,José Rico Pérez,,,
4759,Kozármisleny SE,,6311.0,Alkotmány tér,Kozármisleny,2500.0,
2636,TSG 1899 Hoffenheim II,,1857.0,Dietmar-Hopp-Stadion,Sinsheim,6350.0,
3477,Robin Hood,,3074.0,Dr Ir. Franklin Essed Stadion,Paramaribo,3500.0,
3486,"Kolbotn IL, Women",,2736.0,Grorud stadion,Oslo,1740.0,
5313,Preston North End U21,,471.0,Deepdale,Preston,23408.0,
2741,Minnesota United FC II,,2815.0,National Sports Center,Blaine,,
3533,Egypt Under 23,,2619.0,El Shorta Stadium,Cairo,12000.0,
3030,Saudi Arabia Under 20,,1798.0,King Fahd International Stadium,Riyadh,70000.0,
4793,Mohun Bagan Super Giant FC,,6361.0,Salt Lake Stadium,Salt Lake City,85000.0,
4821,US Tataouine,,6450.0,Stade Néjib Khattab,Tataouine,5000.0,
2661,"Liverpool LFC, Women",,2298.0,Prenton Park,Birkenhead,,
3549,Football Club de Rouen 1899,,462.0,Stade Robert Diochon,Le Petit-Quevilly,12018.0,
3556,Madureira EC,,3156.0,Estádio Conselheiro Galvão,Rio de Janeiro,10.0,
3564,Athlone Town FC,,3213.0,Athlone Town Stadium,Lissywollen,5.0,
3581,AC Sparta Praha II,,3229.0,Sports center Radotín,Prague,,
3592,Club Ferro Carril Oeste,,3236.0,Estadio Arquitecto Ricardo Etcheverri,Buena Aires,24442.0,
2518,CD Utrillas,,3648.0,La Vega,Utrillas,1500.0,
3607,FK Septemvri Sofia,,3249.0,Vasil Levski,Sofia,43230.0,
3614,Club Almirante Brown,,3256.0,Estadio Fragata Presidente Sarmiento,Isidro Casanova,25000.0,
3621,UMF Afturelding,,3260.0,Fagverksvöllurinn Varmá Gervigras,Mosfellsbær,1000.0,
3628,CA San Martín de Tucumán,,3265.0,Estadio La Ciudadela,San Miguel de Tucumán,30250.0,
3635,IF Vestri,,3271.0,Kerecis Stadium,Ísafjörður,1596.0,
4867,RC Grasse,,6519.0,Stade de la Paoute,Grasse,1365.0,
2621,"Nigeria U20, Women",,2251.0,Alejandro Morera Soto,Alajuela,,
3378,Blackburn Rovers FC Under 18 Academy,,467.0,Ewood Park,Blackburn,31367.0,
3027,Düsseldorfer TuS Fortuna 1895 Under 19,,2752.0,Paul-Janes-Stadion,Düsseldorf,7200.0,
5210,Käpylän Pallo,,7017.0,Brahenkenttä,Helsinki,1000.0,
2725,St. Louis City II,,2391.0,Ralph Korte Stadium,Edwardsville,4000.0,
3398,Korea Republic Under 17,,1797.0,Seoul Olympic Stadium,Seoul,69950.0,
4747,Newcastle United FC Under 21,,6281.0,Whitley Park,Newcastle,1000.0,
5354,Dijon FCO II,,7439.0,Stade des Poussots,Dijon,1500.0,
5376,Moreirense FC Under 19,,320.0,Parque de Jogos Comendador Joaquim de Almeida Freitas,Moreira de Conegos,6153.0,
5420,FK Neftchi Farg'ona,,7492.0,Istiqlol Stadium,Fergana ,20500.0,
5429,FC Zorya Luhansk Under 19,,301.0,Slavutych-Arena,Zaporizhia,11983.0,
3327,Boldklubben af 1893,,1879.0,Sundby Idrætspark,Copengahen,7200.0,
3557,Audax Rio de Janeiro EC,,3157.0,Estádio Elcyr Resende de Mendonça,Saquarema,10000.0,
2546,Tic Tapa UE Santa Coloma,,624.0,Estadi Nacional,Andorra la Vella,3306.0,
2758,Miami FC,,2420.0,Riccardo Silva Stadium,Miami,20000.0,
2622,"South Korea U20, Women",,442.0,Estadio Nacional de Costa Rica,San Jose,35100.0,
3328,Hillerød Fodbold,,2956.0,Farum Park,Farum,10100.0,
2726,New England Revolution II,,1195.0,Gillette Stadium,Foxborough,66829.0,
2814,Colchester United FC,,2580.0,JobServe Community Stadium,Colchester,10105.0,
4760,Békéscsaba 1912 Elöre SE,,6312.0,Kórház utcai stadion,Békéscsaba,10432.0,
2840,SV Lafnitz,,2618.0,Fußballarena Lafnitz,Lafnitz,3000.0,
2996,"KIF Örebro DFF, Women",,1179.0,Behrn Arena,Orebro,12645.0,
3009,"Lyn Fotball, Women",,2736.0,Grorud stadion,Oslo,1740.0,
3018,"Le Havre AC, Women",,184.0,Stade Océane,Le Havre,25278.0,
3033,Pakistan,,2754.0,Jinnah Sports Stadium,Islamabad,48000.0,
3040,FC Eintracht Norderstedt,,2761.0,Edmund-Plambeck-Stadion,Norderstedt,5068.0,
3061,Japan Under 20,,1163.0,Ajinomoto Stadium,Tokyo,49970.0,
3078,Qatar Under 19,,2566.0,Al Thumama Stadium,Doha,44400.0,
3112,Haverfordwest County AFC,,2797.0,Bridge Meadow Stadium,Haverfordwest,2467.0,
3120,Kecskeméti TE,,2811.0,Széktói Stadion,Kecskemét,6300.0,
3128,Renofa Yamaguchi,,2820.0,Yamaguchi Ishin Park Stadium,Yamaguchi,20000.0,
3137,FC Politehnica Iaşi,,2827.0,Stadionul Emil Alexandrescu,Iasi,11500.0,
3145,Meizhou Hakka FC,,2832.0,Wuhua County Stadium,Wuhua,27000.0,
3160,Al Feiha,,1893.0,Al Majma'ah Sports City,Al Majma'ah,,
3238,Jeddah Club,,2368.0,Prince Abdullah Al Faisal Stadium,Jeddah,24500.0,
3249,Al Taraji,,2844.0,Prince Saud Bin Jalawi Stadium,Al Khobar,15000.0,
3260,FK Navbahor Namangan,,1904.0,Pakhtakor Central Stadium,Tashkent,35000.0,
3346,FC Košice,,2328.0,Košická futbalová aréna,Košice,5836.0,
3358,Gimcheon Sangmu FC,,2979.0,Gimcheon Sports Complex,Gimcheon,25000.0,
3369,Al Mesaimeer,,2118.0,Al-Ahly Stadium,Doha,,
3388,Atlético Clube de Portugal,,3016.0,Estádio Da Tapadinha,Lisboa,4000.0,
3399,Argentina Under 17,,2355.0,Estadio Islas Malvinas,Buenos Aires,12100.0,
3408,Ecuador Under 17,,1368.0,Estadio Monumental Isidro Romero Carbo,Guayaquil,57267.0,
3416,Hafia FC,,3030.0,Stade Petit Sory,Conakry,5400.0,
3422,FC Nantes Under 19,,3039.0,Stade Marcel Saupin,Nantes,33000.0,
3435,"Puerto Rico U17, Women",,2546.0,Estadio San Juan del Bicentenario,San Juan,25200.0,
3444,Le Havre AC Under 19,,184.0,Stade Océane,Le Havre,25278.0,
3453,CD Cobreloa,,2369.0,Estadio Zorros del Desierto,Calama,13000.0,
3460,"Club Atlético de San Luis, Women",,1305.0,Stade Alfonso-Lastras,San Luis Potosi,30000.0,
3468,Eintracht Frankfurt II,,3066.0,Sportpark Dreieich,Dreieich,2530.0,
5211,SJK Akatemia,,2185.0,OmaSp Stadion,Seinäjöki,,
2902,Western Sydney Wanderers FC,,2661.0,CommBank Stadium,Parramatta,30000.0,
3494,"JEF United Ichihara Chiba, Women",,2819.0,Fukuda Denshi Arena,Chiba,19781.0,
3536,"Italy Under 17, Women",,90.0,Stadio Olimpico,Rome,72698.0,
3307,Fomget Gençlik Kulübü,,274.0,Osmanli Stadi,Ankara,19626.0,
3565,Bray Wanderers AFC,,3214.0,Carlisle Grounds,Bray,3.0,
3550,Hungary Under 16,,342.0,Megyeri uti,Budapest,13501.0,
3541,AIK Fotball,,328.0,Parken,Copenhagen,38065.0,
3582,CD Morón,,3230.0,Nuevo Francisco Urbano,Morón,32000.0,
3593,FK Transinvest Vilnius,,35.0,LFF Stadium,Vilnius,5400.0,
3600,Gimnasia y Esgrima de Jujuy,,3242.0, Estadio 23 de Agosto,San Salvador de Jujuy,25000.0,
3608,Fram Reykjavík,,3250.0,Lambhagavöllurinn,Reykjavík,1650.0,
3615,KF Vídir,,3257.0,Nesfisk-völlurinn,Garður,2000.0,
3622,UMF Grindavík,,3261.0,Framvöllur,Reykjavík,1200.0,
3629,FC UNA Strassen,,3266.0,Complexe Sportif Jean Wirtz,Strassen,1500.0,
3636,POFK Botev Vratsa,,3036.0,Stadion Hristo Botev,Blagoevgrad,11000.0,
3643,MFK Vyškov,,3276.0,Sportovní areál Drnovice,Drnovice,6616.0,
3649,FK Krumovgrad,,2217.0,Sporten kompleks Botev 1912 Komatevo,Plovdiv,,
3655,GKS Tychy '71,,2515.0,Stade municipal de Tychy,Tychy,15300.0,
3661,IF Grótta,,3290.0,Vivaldivöllurinn,Seltjarnarnes,1050.0,
3667,FK Hebar 1918 Pazardzhik,,3295.0,Stadion Georgi Benkovski,Pazardzhik,13000.0,
3673,Club Almagro,,3300.0,Estadio Tres de Febrero,José Ingenieros,13000.0,
3679,FK Caspiy Aktau Under 18,,3305.0,Zhas Kanat,Aktau,5000.0,
3685,Club Atlético Mitre de Santiago del Estero,,1524.0,Estadio Único Madre de Ciudades,Santiago del Estero,30000.0,
3691,Club Atlético Güemes de Santiago del Estero,,3313.0,Estadio Arturo Miranda,Santiago del Estero,17000.0,
1426,CD Universidad Católica,,1429.0,Estadio Santa Laura,Santiago,19000.0,
2597,"SK Brann, Women",,1322.0,Brann Stadion,Bergen,18000.0,
2742,San Jose Earthquakes II,,3142.0,Saint Mary's Stadium,Moraga,,
1833,"North Carolina Courage, Women",,2243.0,WakeMed Soccer Park,,,
4794,Odisha FC,,3035.0,Kalinga Stadium,Bhubaneswar,15000.0,
2771,Los Angeles Galaxy II,,3143.0,William Rolland Stadium,Thousand Oaks,,
2605,"Rangers LFC, Women",,329.0,Ibrox,Glasgow,50817.0,
5314,Huddersfield Town FC U21,,65.0,John Smith's Stadium,Huddersfield,24500.0,
3271,Crystal Palace FC Under 18 Academy,,2941.0,Crystal Palace Academy,London,1000.0,
3379,Blackburn Rovers FC Under 21,,467.0,Ewood Park,Blackburn,31367.0,
2569,Rot-Weiss Essen,,2235.0,Stadion an der Hafenstraße,Essen,,
3553,FC Hansa Rostock U19,,1401.0,Ostseestadion,Rostock,29000.0,
5355,Saran US Municipal,,7440.0,Stade du Bois Joly,Saran,1500.0,
2329,"KC Current, Women",,3140.0,CPKC Stadium,Kansas City,,
5377,FC Alverca Under 19,,2135.0,Complexo Desportivo do Alverca,Alverca,,
5400,Thailand U23,,439.0,Rajamangala National Stadium,Bangkok,49722.0,
5421,Xorazm FK Urganch,,7493.0,Khorezm Stadium,Urgench,13500.0,
3558,Boavista SC,,3157.0,Estádio Elcyr Resende de Mendonça,Saquarema,10000.0,
2547,FC Magpies,,226.0,Victoria Stadium,Gibraltar,5000.0,
2759,Orange County SC,,2421.0,Championship Soccer Stadium,Irvine,5000.0,
2570,SV 07 Elversberg,,2236.0,Ursapharm-Arena an der Kaiserlinde,Spiesen-Elversberg,,
2606,"FC Tomiris Turan, Women",,2250.0,Central Stadium Arys,Arys,,
2815,Newport County AFC,,2585.0,Rodney Parade,Newport,7850.0,
2727,Orlando City B,,2392.0,Osceola County Stadium,Kissimmee,5400.0,
2997,"IK Uppsala Fotboll, Women",,1184.0,Studenternas Ip,Uppsala,10000.0,
2743,Rochester New York FC,,2406.0,John L. DiMarco Field,Rochester,1500.0,
3019,"En Avant Guingamp, Women",,2741.0,Stade Centre Formation EAG 1,Pabu,1000.0,
3034,Mongolia,,1606.0,National Sports Stadium,Harare,60000.0,
3041,Teutonia 05 Ottensen,,2762.0,Stadion Hoheluft,Hamburg,8000.0,
3062,Italy Under 20,,90.0,Stadio Olimpico,Rome,72698.0,
3079,"Senegal, Women",,1800.0,Stade Léopold Sédar Senghor,Dakar,60000.0,
3129,Omiya Ardija,,2821.0,NACK5 Stadium Omiya,Saitama,15500.0,
3138,Polokwane City FC,,2153.0,Peter Mokaba Stadion,Polokwane,,
3146,Changchun Yatai FC,,2833.0,Changchun Sports Center Stadium,Changchun,42000.0,
3239,Al Batin Club,,2846.0,Al-Batin FC Stadium,Hafar al-Batin,6000.0,
3250,Al Najma Club,,2920.0,Department of Education Stadium,Unaizah,10000.0,
3261,Al Safa,,2844.0,Prince Saud Bin Jalawi Stadium,Al Khobar,15000.0,
3329,Club Leones Negros Premier,,2957.0,Estadio Club Deportivo Universidad de Guadalajara,Zapopán,3000.0,
3347,Nassaji Mazandaran,,1796.0,Azadi Stadium,Teheran,80000.0,
3359,CD Arnedo,,2980.0,Estadio Sendero,Arnedo,4500.0,
5212,Pallokerho-35 ry,,7019.0,Oulunkylän jalkapallostadion,Helsinki,2700.0,
2337,"Chicago Red Stars, Women",,2395.0,SeatGeek Stadium,Bridgeview,20000.0,
3389,SC Vianense,,3017.0,Estádio Dr. José de Matos,Viana do Castelo,3000.0,
3400,Mexico Under 17,,597.0,Estadio Azul,Mexico City,,
3409,Diagoras Rodou FC,,3020.0,Diagoras Stadium,Rhodes,3700.0,
3417,SG Barockstadt Fulda-Lehnerz,,3031.0,Sportpark Johannisau,Fulda,18000.0,
3423,Hapoel Petah Tikva FC,,1290.0,Hamoshava Stadium,Petah Tikva,11500.0,
2147,Al Wahda FC,,2037.0,King Abdulaziz Stadium,,,
3445,Netherlands Under 16,,162.0,Johan Cruijff ArenA,Amsterdam,53031.0,
2799,KFUM-Kameratene Fotball,,1492.0,Intility Arena,Oslo,16555.0,
3461,"Club América, Women",,3063.0,Instalaciones Club América Coapa Cancha 1,México,2000.0,
3479,Rampla Juniors Fútbol Club,,1285.0,Estadio Centenario,Montevideo,60235.0,
3487,Shenzhen Peng City FC,,3078.0,Bao'an Stadium,Shenzhen,44050.0,
3495,"Mynavi Sendai, Women",,1169.0,Yurtec Stadium,Sendai,19694.0,
3308,Brighton & Hove Albion Under 21,,1668.0,AMEX Elite Football Performance Centre,Lancing,1000.0,
3551,Norway Under 16,,2734.0,Røabanen,Oslo,3230.0,
3566,University College Dublin FC,,3215.0,UCD Bowl,Dublin,3.0,
4256,Wofoo Tai Po FC,,3896.0,Tai Po Sports Ground,Hong Kong,3200.0,
3594,SS Virtus,,1476.0,Stadio Fonte Dell'ovo,San Marino,500.0,
3601,FC Sellier & Bellot Vlašim,,3243.0,Stadion Kollárova ulice,Vlašim,1500.0,
3609,FK Atyrau Under 18,,3251.0,Munaishy Stadium,Atyrau,8900.0,
2623,"Australia U20, Women",,2251.0,Alejandro Morera Soto,Alajuela,,
3623,NK Radomlje,,358.0,Sportni Park Domzale,Domzale,3100.0,
3630,CA Estudiantes de Caseros,,3267.0,Estadio Ciudad de Caseros,Caseros,16740.0,
3637,Fylkir FC,,3272.0,Würth völlurinn,Reykjavík,2872.0,
3644,FC Lokomotiv Sofia 1929,,3277.0,Lokomotiv Stadium Sofia,Sofia,25000.0,
3650,FK Tikveš,,3281.0,Gradski Stadion Kavadarci,Kavadarci,3000.0,
3656,FK Aktobe Under 18,,3239.0,Ortalyq stadıon,Kustanay,8432.0,
3668,FC Vysočina Jihlava,,3296.0,Stadion v Jiráskově ulici,Jihlava,4082.0,
3674,FK Ordabasy Shymkent Under 18,,3301.0,Kazhymukan Munaitpasov Stadium,Shymkent,20000.0,
3680,Quilmes AC,,3306.0,Estadio Centenario Ciudad de Quilmes,Quilmes,30200.0,
3686,HK Kópavogur,,1454.0,Kopavogsvollur,Kopavogur,3009.0,
3692,Atlético Gimnasia y Esgrima de Mendoza,,3314.0,Estadio Víctor Antonio Legrotaglie,Mendoza,14000.0,
1559,CA Progreso,,1379.0,Parque Abraham Paladino,Montevideo,8000.0,
3700,Bromley FC,,3350.0,Hayes Lane,Bromley,5000.0,
3710,GOŠK Gabela,,3356.0,Podavala,Gabela,5000.0,
3715,KFC Komárno,,2969.0,Štadión FC ViOn,Zlaté Moravce,4008.0,
3719,MZKS Chrobry Głogów,,3361.0,Stadion Chrobry Glogow ,Głogów,2817.0,
3723,FK Sloboda Tuzla,,2273.0,Tusanj,Tuzla,,
3727,Hannover 96 Under 19,,499.0,HDI Arena,Hannover,49000.0,
3454,Portuguesa FC,,3057.0,Estadio Nacional Brígido Iriarte,Caracas,12500.0,
3733,FC Baník Ostrava II,,1327.0,Městský Stadion,Ostrava,15123.0,
3736,SG Dynamo Dresden Under 19,,511.0,Rudolf-Harbig-Stadion,Dresden,32066.0,
3740,SV Meppen 1912 Under 19,,1532.0,Hänsch-Arena,Meppen,13696.0,
3743,TSV Alemannia Aachen,,3367.0,Neuer Tivoli,Aix-la-Chapelle,32960.0,
3662,"FC Juárez, Women",,1306.0,Estadio Olímpico Benito Juárez,Ciudad Juárez,19703.0,
3698,"Boldklubben af 1893, Women",,2450.0,Østerbro Stadion,Copenhagen,7000.0,
3747,Real Santa Cruz,,3373.0,Estadio Juan Carlos Durán,Santa Cruz de la Sierra,25000.0,
3436,"Netherlands Under 16, Women",,162.0,Johan Cruijff ArenA,Amsterdam,53031.0,
3705,FC Rot-Weiß Erfurt Under 19,,2680.0,Steigerwaldstadion,Erfurt,18611.0,
2037,FC Viktoria 1889 Berlin U17,,1833.0,Friedrich-Ebert-Stadion,Berlin,5000.0,
5315,Stockport County FC U21,,2589.0,Edgeley Park,Stockport,10832.0,
3469,Offenbacher FC Kickers 1901,,3068.0,Stadion am Bieberer Berg,Offenbach am Main,20500.0,
3026,Hamburger SV Under 19,,2751.0,Sportpark Eimsbüttel,Hamburg,2018.0,
3542,Trelleborg FF,,3123.0,Vångavallen,Trelleborg,7400.0,
5356,FK Irtysh Pavlodar Under 18,,402.0,Pavlodar Central Stadium,Pavlodar,15000.0,
3309,Norwich City FC Under 21,,469.0,Carrow Road,Norwich,27244.0,
3330,Colima FC,,2958.0,Estadio Olímpico Universitario de Colima,Colima,11812.0,
2760,El Paso Locomotive FC,,2422.0,Southwest University Park,El Paso,9500.0,
3348,Servette FC II,,2971.0,Centre Sportif Bois-des-Frères Terrain 1 Libellules,Vernier,1000.0,
2728,FC Cincinnati II,,2393.0,NKU Soccer Stadium,Newport,1000.0,
2816,Salford City FC,,2587.0,The Peninsula Stadium,Salford,5108.0,
2744,Colorado Rapids II,,2407.0,University of Denver Soccer Stadium,Denver,2000.0,
2998,"Djurgårdens IF DFF, Women",,2682.0,Grimsta IP,Stockholm,5000.0,
3360,Gernika Club,,2981.0,Urbieta Udal Kiroldegia,Guernica,5000.0,
3020,"Football Club Fleury 91, Women",,2742.0,Stade Walter-Felder,Fleury-Mérogis,1000.0,
3042,SV Atlas Delmenhorst,,2763.0,Städtisches Stadion,Delmenhorst,5000.0,
3080,"Botswana, Women",,2171.0,National Stadium,Singapur,,
3130,Fagiano Okayama,,2822.0,Kanko Stadium,Okayama,20000.0,
3161,Al Khaleej Club (Saihat),,2844.0,Prince Saud Bin Jalawi Stadium,Al Khobar,15000.0,
3240,Al Bukayriyah FC,,2921.0,Al-Bukiryah Club Stadium,Al Bukayriyah,3000.0,
3251,US Catanzaro 1929,,2926.0,Stadio Nicola Ceravolo,Catanzaro,14650.0,
3262,Coton Sport FC,,2933.0,Stade de la Réunification,Douala,30000.0,
3371,AEK Athens FC Under 19,,2989.0,Kicks Academy,Spata,1500.0,
4761,FC Ajka,,6314.0,Ajkai Városi Sportcentrum,Ajka,5000.0,
4795,SC East Bengal,,6364.0,East Bengal,Kolkatta ,23500.0,
3390,United States Under 17,,1409.0,Soldier Field,Chicago,61500.0,
3401,Burkina Faso Under 17,,1778.0,Stade du 4 Août,Ouagadougou,40000.0,
3410,FK Kairat Almaty Under 18,,117.0,Central Stadium,Yekaterinburg,,
3418,1. FSV Mainz 05 II,,2271.0,Stadion am Bruchweg,13508,,
3424,Esporte Clube Água Santa,,3041.0,Estádio Distrital do Inamar,Diadema,10000.0,
3437,"1. FC Köln, Women",,2003.0,Franz-Kremer-Stadion,Cologne,,
3446,Gremio Esportivo Brasil,,1121.0,Arena Do Gremio,Porto Alegre,55662.0,
4822,AS de Gabès,,6451.0,Stade de Gabès,Gabès,15000.0,
3462,"CF Tigres de la UANL, Women",,1307.0,Estadio Universitario,San Nicolás de los Garza,42000.0,
3470,TSV Schott Mainz,,3069.0,Mainz Golden Eagles Stadium,Mainz,2500.0,
3480,Ehime FC,,3075.0,Ningineer Stadium,Matsuyama,21419.0,
3488,Kagoshima United FC,,3080.0,Shiranami Stadium,Kagoshima,20000.0,
5213,US Yacoub El Mansour,,6661.0,Olympic Stadium Rabat,Rabat,21000.0,
3063,Korea Republic Under 20,,1797.0,Seoul Olympic Stadium,Seoul,69950.0,
3147,Al Ain FC,,2834.0,King Saud bin Abdul Aziz Sports City,Al-Bahah,10000.0,
3543,Amazonas FC,,613.0,Arena da Amazônia,Manaus,,
3552,Sousa EC,,3137.0,Estádio Governador Antônio Mariz,Sousa,,
3567,Cobh Ramblers FC,,3216.0,St Colman's Park,Cobh,4.0,
3584,NK Nafta 1903 Lendava,,3231.0,Lendava Sports Park,Lendava,2000.0,
3595,CA Atlanta,,3237.0,Estadio Don León Kolbowski,Buenos Aires,18000.0,
3602,MKP Pogoń Siedlce,,3244.0,Stadion ROSRRiT,Siedlce,2901.0,
3610,CA Chacarita Juniors,,3252.0,Estadio Chacarita Juniors,Villa Maipú,24300.0,
3617,CA Racing de Córdoba,,3258.0,Estadio Miguel Sancho,Córdoba,15000.0,
3624,FK Isloch Minsk Raion,,1980.0,Stadion FK Minsk,Minsk,,
3631,Club Social y Atlético Guillermo Brown de Puerto M,,3268.0,Estadio Raúl Conti,Puerto Madryn,15000.0,
3638,FK Varnsdorf,,3273.0,Stadion v Kotlině,Varnsdorf,5.0,
3645,Kolding IF,,2723.0,Autocentralen Park,Kolding,12000.0,
3651,FK MAS Táborsko,,3282.0,Stadion Kvapilova,Tábor,1350.0,
3657,AA Estudiantes de Río Cuarto,,3286.0,Estadio Ciudad de Río Cuarto Antonio Candini,Rio Cuarto,12000.0,
3663,CA San Telmo,,3291.0,Estadio Dr. Osvaldo Baletto,Dock Sud,7500.0,
3669,Club Social y Deportivo Madryn,,3297.0,Estadio Abel Satre,Puerto Madryn,3500.0,
3675,Marsaxlokk FC,,213.0,Mfa Centenary Stadium,Ta' Qali,3000.0,
3687,KF Malisheva,,3311.0,Stadiumi Liman Gegaj,Malishevë,1750.0,
3701,FC Livyi Bereh,,3351.0, Arena Livyi Bereh,Kiev,4700.0,
3706,ASK Voitsberg,,3353.0,Hans-Blümel-Stadion,Voitsberg,2000.0,
3711,1.SK Prostějov,,3357.0,Stadion Za Místním nádražím,Prostějov,3500.0,
3716,SK Slavia Praha II,,2604.0,Stadion Na Chvalech,Chvaly,3400.0,
5316,FK Atyrau,,3251.0,Munaishy Stadium,Atyrau,8900.0,
3731,NK Posušje,,3363.0,Mokri Dolac Stadium ,Posušje,8000.0,
3734,TSV 1860 München U19,,2046.0,Städtisches Stadion an der Grünwalder Straße,München,,
3741,Berliner AK 07 Under 19,,3365.0,Poststadion,Berlin,15000.0,
3744,VfL Wolfsburg Under 19,,1865.0,Aok Stadion,Wolfsburg,5200.0,
3616,"Club Santos Laguna, Women",,595.0,Estadio Corona,Torreon,,
2252,1. FC Nürnberg U19,,3368.0,Sportpark Valznerweiher,Nuremberg,,
3748,AD Fafe,,3374.0,Parque Municipal dos Desportos de Fafe,Fafe,8000.0,
3750,Levanger FK,,3376.0,TOBB ARENA Levanger,Levanger,6000.0,
3752,IK Start,,3378.0,Sparebanken Sør Arena,Kristiansand,14563.0,
808,"Canada, Women",,3058.0,Shell Energy Stadium,Houston,22.0,
3737,SV Wehen Wiesbaden Under 19,,1151.0,Brita Arena,Wiesbaden,12566.0,
3696,FC Carl Zeiss Jena Under 19,,110.0,Ernst-Happel-Stadion,,,
3537,"Switzerland Under 17, Women",,126.0,Stade de Suisse,Bern,31789.0,
3724,Borussia VfL Mönchengladbach Under 19,,1973.0,Fohlenplatz am Borussia-Park (Platz 10),Mönchengladbach,,
3728,Kieler SV Holstein 1900 Under 19,,515.0,Holstein-Stadion,Kiel,11386.0,
3720,Nyíregyháza Spartacus FC,,5914.0,Városi Stadion,Nyíregyháza,,
2578,"Germany U17, Women",,1863.0,Fc Bayern Campus,Munich,2500.0,
3035,Chinese Taipei,,2756.0,Kaohsiung Stadium,Taiwan‎,55000.0,
5357,SC União Torreense Under 23,,7442.0,Estádio Municipal da Lourinhã,Lourinhã,10000.0,
5378,GD Chaves Under 19,,325.0,Estadio Municipal Eng. Manuel Branco Teixeira,Chaves,9000.0,
3681,Thór Akureyri,,8235.0,Vís Völlurinn,Akureyri,,
3310,Aston Villa FC Under 18 Academy,,2950.0,Bodymoor Heath Training Ground,Bodymoor Heath,1000.0,
2572,Sampaio Corrêa FC,,2237.0,Estádio Governador João Castelo - Castelão,São Luis  ,,
2761,Memphis 901 FC,,2423.0,AutoZone Park,Memphis,10000.0,
3489,"Albirex Niigata, Women",,2677.0,Denka Big Swan Stadium,Niigata,42300.0,
3331,Cancún FC,,2959.0,Estadio Andres Quintana Roo,Cancún,20000.0,
2817,Stevenage FC,,2588.0,The Lamex Stadium,Stevenage,6722.0,
2497,Zebbug Rangers FC,,3649.0,Zebbug Ground,Zebbug,1000.0,
2999,"Linköpings FC, Women",,2729.0,Arena Linköping,Linköping,7400.0,
3021,"Rodez Aveyron Football, Women",,2743.0,Stade de la Roque 1,Onet-le-Château,1000.0,
3043,VfB Lübeck,,2764.0,Stadion an der Lohmühle,10800,10800.0,
3064,Iraq Under 20,,1968.0,Al-Zawraa Stadium,Baghdad,,
3081,"Burkina Faso, Women",,1778.0,Stade du 4 Août,Ouagadougou,40000.0,
3131,Mito Hollyhock,,2823.0,K's denki Stadium Mito,Mito,12000.0,
3148,Al Riyadh SC,,2835.0,Prince Turki bin Abdul Aziz Stadium,Riyadh,15000.0,
3162,Al Hazem,,2845.0,Al Hazm Club Stadium,Ar Rass,8000.0,
3241,Al Adalah Club,,2842.0,Prince Abdullah Bin Jalawi Stadium,Al Hasa,19550.0,
3252,AC FeralpiSalò,,2927.0,Stadio Lino Turina,Salò,2500.0,
3263,Sestao River Club,,2934.0,Campo Municipal de Las Llanas,Sestao,4367.0,
3349,SC Brühl St. Gallen,,2972.0,Paul-Grüninger-Stadion,Saint-Gall,4200.0,
3361,Chesterfield FC,,2982.0,Proact Stadium,Chesterfield,10500.0,
3380,FC Machida Zelvia,,3011.0,Machida Gion Stadium,Machida,15489.0,
3391,Japan Under 17,,1163.0,Ajinomoto Stadium,Tokyo,49970.0,
3402,Venezuela Under 17,,2051.0,Estadio Olímpico,Montevideo,9500.0,
3411,FO Zhas Kyran Under 18,,2705.0,Stélios-Kyriakídis Stadium,Paphos,9400.0,
3438,"TSV Bayer 04 Leverkusen, Women",,1832.0,Jugendfußball-Zentrum Leverkusen,Leverkusen,3000.0,
3455,Real Estelí FC,,3059.0,Estadio Independencia,Estelí,4800.0,
3463,"Club Necaxa, Women",,599.0,Estadio Victoria,Aguascalientes,,
3471,EC São Luiz,,3071.0,Estádio 19 de Outubro,Ijuí,8000.0,
3481,Qingdao West Coast FC,,3076.0,Qingdao West Coast University City Stadium,Qingdao,20000.0,
3625,Deportivo Toluca FC,,594.0,Estadio Nemesio Diez,Toluca,,
5214,Kawkab Athlétique Club de Marrakech,,7053.0,Stade El Harti,Marrakesh,10000.0,
2729,Real Monarchs SLC,,2394.0,Zions Bank Stadium,Herriman,5000.0,
3538,Deportivo Rayo Zuliano,,3057.0,Estadio Nacional Brígido Iriarte,Caracas,12500.0,
863,Columbus Crew Soccer Club,,3145.0,Lower.com Field,Columbus,,
3544,Paysandu SC,,3124.0,Estádio da Curuzu,Belém,16.0,
3568,Kerry FC,,3217.0,Mounthawk Park,Tralee,1150.0,
3585,CA Defensores Unidos,,3232.0,Gigante de Villa Fox,Zárate,6000.0,
3596,CA San Miguel,,3238.0,Estadio Ciudad de San Miguel,San Miguel,3200.0,
3603,Vaasan Palloseura,,3245.0,Elisa,Vaasa,6009.0,
3611,FA Šiauliai,,3253.0, Stade central de Šiauliai,Šiauliai,4000.0,
3618,ND Primorje,,3259.0,Ajdovščina Stadium,Ajdovščina,1630.0,
3632,Puebla FC,,603.0,Estadio Cuauhtémoc,Puebla,,
3639,Atlas FC,,601.0,Estadio Jalisco,Guadalajara,,
3646,OKS Odra Opole,,3278.0,Municipal Stadium,Opole,3300.0,
3652,MFK Chrudim,,3283.0,Stadion Za Vodojemem,Chrudim,1500.0,
3658,CA Defensores de Belgrano,,3287.0,Estadio Juan Pasquale,Buenos Aires,9000.0,
3664,CA Talleres Remedios de Escalada,,3292.0,Estadio Pablo Comelli,Remedios de Escalada,18000.0,
3670,FC Roskilde,,3298.0,Roskilde Idrætspark,Roskilde,6000.0,
3676,Augnablik Kópavogur,,3302.0,Fífan,Kópavogur,2000.0,
3682,UMF Fjölnir,,3307.0,Extra völlurinn,Reykjavík,2000.0,
3688,Haukar Hafnarfjörður,,3269.0,BIRTU völlurinn,Hafnarfjörður,2120.0,
2745,Portland Timbers II,,615.0,Providence Park,Portland,,
3697,Győri ETO FC,,3349.0,ETO Park,Győr,15600.0,
3707,SV Sandhausen Under 19,,514.0,BWT-Stadion am Hardtwald,Sandhausen,12100.0,
3717,FC Hennef 05 Under 19,,3360.0,Stadion im Sportzentrum Hennef,Hennef,2258.0,
2148,FC Goa,,1916.0,Jawaharlal Nehru Stadium,Goa,25000.0,
4257,Southern District Recreation & Sports Association,,3897.0,Aberdeen Sports Ground,Hong Kong,9000.0,
3729,Esenler Erokspor,,3362.0,Esenler Stadium,Istanbul,5296.0,
3372,Olympiacos FC Under 19,,2990.0,Stadio Spyros Yalabidis,Athens,4000.0,
3735,Hannover 96 II,,499.0,HDI Arena,Hannover,49000.0,
3738,1. FC Magdeburg Under 19,,518.0,MDCC-Arena,Magdeburg,27250.0,
3742,FK Viktoria Žižkov,,3366.0, FK Viktoria Stadion,Prague,3327.0,
3745,FC Erzgebirge Aue Under 19,,508.0,Sparkassen Erzgebirgsstadion,Aue,15690.0,
3702,"CD Guadalajara, Women",,1308.0,Estadio Omnilife,Zapopan,46355.0,
3704,"Odense BK, Women",,1144.0,Nature Energy Park,Odense,15761.0,
3746,SpVgg Ansbach 09,,3371.0,Xaver-Bertsch-Sportpark,Ansbach,5000.0,
3749,Sogndal Fotball,,3375.0,Fosshaugane Campus,Sogndal,5622.0,
3751,Egersunds IK,,3377.0,B&G Banen,Egersund,1613.0,
3753,Ranheim Fotball,,3379.0,Ranheim Extra Arena,Trondheim,3000.0,
3754,Kongsvinger IL,,3380.0,Gjemselund Stadion,5684,5684.0,
3755,FC Lyn Oslo,,3381.0,Bislett Stadion,Oslo,,
3712,SSV Jahn 2000 Regensburg Under 19,,3358.0,Jahnstadion Regensburg,Ratisbonne,15210.0,
5266,Brechin City FC,,7220.0,Glebe Park,Brechin,3960.0,
3425,AA Internacional de Limeira,,3042.0,Estádio Major José Levy Sobrinho,Limeira,,
2608,"Germany U20, Women",,2251.0,Alejandro Morera Soto,Alajuela,,
5317,FK Yelimay Semey,,7336.0,Spartak Stadium,Semey,8000.0,
3721,1. FC Union Berlin Under 19,,507.0,An der alten Forsterei,Berlin,22012.0,
1424,CSD Colo Colo,,1126.0,Monumental David Arellano,Santiago,47347.0,
3447,El Salvador U17,,604.0,El Cobre,El Salvador,,
5358,CF Estrela da Amadora Under 23,,6239.0,Estádio das Seixas,,,
5401,Uzbekistan U23,,7481.0,JAR Stadium,Tashkent,8500.0,
4762,Szentlőrinc SE,,6315.0,Szentlőrinci Sportpálya,Szentlőrinc,1200.0,
3311,FK IMT Novi Beograd,,1326.0,Vozdovac Stadium,Belgrade,5200.0,
4796,Kerala Blasters FC,,6365.0,Jawaharlal Nehru International Stadium,Kochi,41000.0,
4823,CA Bizertin,,6452.0,Stade du 15-Octobre,Bizerte,20000.0,
2762,San Diego Loyal SC,,2080.0,Torero Stadium,San Diego,6000.0,
3332,Club Leones Negros de la Universidad de Guadalajar,,601.0,Estadio Jalisco,Guadalajara,,
2573,Tombense FC,,2238.0,Estádio Antônio Guimarães de Almeida,Tombos,,
2818,Harrogate Town FC,,2581.0,Wetherby Road,Harrogate,3852.0,
3350,Bumamuru FC,,2973.0,Stade Urunani de Buganda,Burundi,7000.0,
3362,FC Baden,,2983.0,Esp Stadium,Fislisbach,7000.0,
4848,Al Raed Club Under 18,,2044.0,King Abdullah Sport City Stadium,Buraidah,,
5215,Olympique Dcheïra,,3609.0,Adrar,Agadir,45480.0,
2730,Chicago Fire II,,2395.0,SeatGeek Stadium,Bridgeview,20000.0,
5267,Fraserburgh FC,,7221.0,Bellslea Park,Fraserburgh,3000.0,
2746,Detroit City FC,,2409.0,Keyworth Stadium,Hamtramck,7933.0,
3022,"Stade de Reims, Women",,2744.0,Stade Louis Blériot N°2,Bétheny,1000.0,
3044,Poland Under 19,,2540.0,Stade de l'armée polonaise,Varsovie,31800.0,
3082,"Togo, Women",,1774.0,Stade de Kégué,Lome,30000.0,
3163,Al Qaisoma,,2846.0,Al-Batin FC Stadium,Hafar al-Batin,6000.0,
3242,Al Jandal SC,,2849.0,Al-Oruba Club Stadium,Sakakah,8000.0,
3253,Panserraikos FC,,2928.0,Dimotiko Stadio Serron,Serres,9500.0,
3373,ThespaKusatsu Gunma,,2991.0,Shoda Shoyu Stadium Gunma,Maebashi,15250.0,
3381,Fujieda MYFC,,3012.0,Fujieda City General Sports Park,Fujieda,13000.0,
3264,"Aalborg BK, Women",,2935.0,AaB's Anlæg,Aalborg,1000.0,
3392,Panama Under 17,,1601.0,Estadio Rommel Fernández,Panama City,32000.0,
3403,Morocco Under 17,,2541.0,Complexe Sportif Prince Moulay Abdellah,Rabat,52000.0,
3412,FK Taraz Under 18,,2807.0,Ortalıq Stadion,Taraz,23000.0,
4921,SC Telstar VVNH,,6591.0,Sportpark Schoonenberg 711 Stadion,Velsen-Zuid,4200.0,
2226,Tajikistan,,1564.0,5 Ocak Fatih Terim,Adana,16095.0,
3456,CS Herediano,,3060.0,Estadio Carlos Alvarado,Santiago,2000.0,
3464,"Querétaro FC, Women",,3064.0,Estadio Olímpico Alameda,Querétaro,4500.0,
3472,Imbabura SC,,3072.0,Ibarra Olympic Stadium,Ibarra,18600.0,
3482,Nova Iguaçu FC,,2500.0,Estádio Mané Garrincha,Brasilia,72788.0,
4987,Utsikten BK,,337.0,Bravida Arena,Gothenburg,6500.0,
3498,"AC Nagano Parceiro, Women",,3085.0,Nagano U Stadium,Nagano,15491.0,
3539,Universitario de Vinto,,1373.0,Estadio Félix Capriles,Cochabamba,27588.0,
3545,Remo Stars FC,,3131.0,Remo star stadium,Ikenne,20000.0,
5430,Nk Veres Rivne Under 19,,7501.0, NTB Veres,Rivne,200.0,
3569,Wexford FC,,3218.0,Ferrycarrig Park,Wexford,2.0,
3586,CA Brown de Adrogué,,3233.0,Lorenzo Arandilla Stadium,Adrogué,4500.0,
3597,FK Tobol Kostanay Under 18,,3239.0,Ortalyq stadıon,Kustanay,8432.0,
3604,MKP Kotwica Kołobrzeg,,3246.0,Municipal Stadium them. Sebastiana Karpiniuka,Kołobrzeg,5000.0,
3612,CSyD Tristán Suárez,,3254.0,Estadio 20 de Octubre,Tristán Suárez,15000.0,
3619,JK Tallinna Kalev,,371.0,Kadriorg Stadium,Tallinn,5000.0,
3626,Thróttur Reykjavík,,3263.0,AVIS VÖLLURINN,Reykjavík,3000.0,
3633,KÁ Ásvellir,,3269.0,BIRTU völlurinn,Hafnarfjörður,2120.0,
3640,FK Shakhtyor Karagandy Under 18,,1650.0,Shakhtyor Stadium,Karaganda,19000.0,
3647,FK Aksu Under 18,,402.0,Pavlodar Central Stadium,Pavlodar,15000.0,
3653,ÍA Akranes,,3284.0,ELKEM völlurinn,Akranes,5550.0,
3659,FC Corvinul Hunedoara,,3288.0,Michael Klein Stadium,Hunedoara,16500.0,
3665,FK Tekstilac Odžaci,,3293.0,Odžaci City Stadium,Odžaci,3000.0,
3671,Keflavík ÍF,,3299.0,HS Orku völlurinn,Keflavík,2554.0,
3677,ÍR Reykjavík,,3303.0,Hertz-völlurinn,Reykjavik,1500.0,
3683,Club Argentino Agropecuario de Carlos Casares,,3308.0,Ofelia Rosenzuaig,Carlos Casares,5000.0,
3689,ÍH Hafnarfjörður,,3312.0,Skessan,Hafnarfjörður,1000.0,
4048,Davao Aguilas FC,,3653.0,Rizal Memorial Stadium,Manila,12873.0,
3703,TSG 1899 Hoffenheim Under 19,,3352.0,PreZero Arena,Sinsheim,30150.0,
3708,SV 07 Elversberg Under 19,,3354.0,Ursapharm-Arena an der Kaiserlinde,Elversberg,9970.0,
3713,FSV Frankfurt Under 19,,1996.0,PSD Bank Arena,Frankfurt,,
3739,PFC Beroe Stara Zagora,,3364.0,Beroe Stadium,Stara Zagora,12128.0,
4868,Hyères Football Club,,6522.0,Stade Perruc,Hyères,1760.0,
4887,AFC Toronto,,2397.0,York Lions Stadium,Toronto,4000.0,
4904,CA Huracán Reserves,,6569.0,Polideportivo La Quemita,Buenos Aires,150.0,
4937,Football Balagne Île Rousse,,6605.0,Stade Jacques Ambroggi,Monticello ,1500.0,
4954,Uewer Nidder Käerjéng 97,,6625.0,Käerjenger Dribbel,Bascharage,2400.0,
3499,"RB Omiya Ardija, Women",,2821.0,NACK5 Stadium Omiya,Saitama,15500.0,
4968,"Algeria, Women",,2042.0,Stade Olympique 5 Juillet 1962,Alger,85000.0,
3490,"AS Elfen Saitama, Women",,3081.0,Kumagaya Athletic Stadium,Kumagaya,15392.0,
5006,CD Tenerife B,,6724.0,Ciudad Deportiva Javier Pérez,San Cristóbal de La Laguna,2000.0,
5025,PFC Dobrudzha 1919 Dobrich,,3629.0,Spartak Stadium,Varna,,
2609,"Costa Rica U20, Women",,2778.0,Estadio Panamericano,San Cristóbal,2800.0,
3448,"Costa Rica U17, Women",,442.0,Estadio Nacional de Costa Rica,San Jose,35100.0,
5043,Xerez CD,,1805.0,Chapin,Jerez de la Frontera,20523.0,
7,Beerschot AC,,1259.0,Olympisch Stadion,Antwerp,12771.0,
13,RAEC Mons,,1714.0,Charles Tondreau Stadion,Hammerfest,12662.0,
14,FCV Dender EH,,1715.0,Van Roystadion,Denderleeuw,6429.0,
16,KV Mechelen,,246.0,Afas Stadion,Alkmaar,17023.0,
18,KSV Roeselare,,1716.0,Schierveldestadion,Roeselare,9653.0,
4763,Soroksár Sport Club 1905,,6317.0,Szamosi Mihály Sporttelep,Budapest,5000.0,
20,Tubize,,1717.0,Stade Leburton,Tubize,8100.0,
22,KVC Westerlo,,1718.0,Het Kuipje,Westerlo,8035.0,
2131,FK Istiqlol Dushanbe,,1899.0,Central Republican Stadium ,Dushanbe,24000.0,
4797,Punjab FC,,6366.0,Jawaharlal Nehru Stadium,Delhi,60254.0,
27,Oud-Heverlee Leuven,,1254.0,Den Dreef Stadium,Heverlee,,
4824,ES Zarzis,,6455.0,Stade Olympique Zarzis,Zarzis,10000.0,
4849,Al Watan Under 18,,6500.0, Department of Education Stadium,Jazan,10000.0,
4869,Angoulême Charente FC,,6524.0,Stade Camille-Lebon,Angoulême,6500.0,
35,Sunderland,,1417.0,Stadium of Light,Sunderland,48707.0,
4888,Vancouver Rise FC,,2396.0,Swangard Stadium,Burnaby,5290.0,
4922,"FC Utrecht, Women",,1545.0,Sportcomplex Zoudenbalch,Utrecht,450.0,
4938,A.S. Beauvais Oise,,453.0,Stade Pierre Brisson,Beauvais,10178.0,
4955,FC Marisca Mersch,,6626.0,Schintgespesch,Mersch,1000.0,
54,Blackpool,,1540.0,Bloomfield Road,Blackpool,12555.0,
5101,FC Dinamo City,,629.0,Elbasan Arena,Elbasan,12800.0,
4969,"Tanzania, Women",,3603.0,Stade municipal de Berkane,Berkane,15000.0,
3496,"Cerezo Osaka, Women",,3084.0,Yodoko Sakura Stadium,Osaka,24481.0,
4988,Korea DPR Under 17 W,,1615.0,1st of May Stadium,Pyongyang,150000.0,
5007,CD Colonia Moscardó,,6725.0,Estadio Román Valero,Moscardó,12000.0,
5026,FC Rapperswil-Jona,,5559.0,Sportstadion Grünfeld,Jona,2700.0,
5044,Orihuela CF,,6761.0,Los arcos,Orihuela,7000.0,
5061,Berliner FC Preussen,,6799.0,Preussen-Stadion an der Malteserstraße,Berlin,3.0,
5116,Truro City FC,,6854.0,Truro Sports Hub,Truro ,3000.0,
5128,Vanspor Futbol Kulübü,,6891.0,Vali Mahmut Yılbaş Stadyumu,Van,15000.0,
949,Arsenal de Sarandí,,699.0,Estadio Julio Humberto Grondona,Sarandi,16300.0,
3426,Fortaleza CEIF FC,,1427.0,Estadio Metropolitano de Techo,Bogota,10000.0,
94,SC Bastia,,1399.0,Stade Armand Cesari,Bastia,16078.0,
2126,Al Faisaly FC,,1893.0,Al Majma'ah Sports City,Al Majma'ah,,
1419,Fortaleza EC,,1123.0,Estadio Castelao,Fortaleza,63903.0,
300,FC St. Gallen,,630.0,Kybunpark,Saint-Gall,17317.0,
5161,VfL Osnabrück U17,,6951.0,Sportpark Illoshöhe,Osnabrück,8000.0,
131,Siena,,1723.0,Stadio Artemio Franchi,Siena,15373.0,
5176,Düsseldorfer TuS Fortuna 1895 U17,,2752.0,Paul-Janes-Stadion,Düsseldorf,7200.0,
5190,"1. FC Union Berlin, Women",,507.0,An der alten Forsterei,Berlin,22012.0,
134,Catania,,1724.0,Cibali - Angelo Massimino,Catania,20016.0,
837,Deportivo Toluca Fútbol Club,,594.0,Estadio Nemesio Diez,Toluca,,
3806,Borussia VfL Mönchengladbach II,,497.0,Borussia-Park,Monchengladbach,54057.0,
5216,"Watford LFC, Women",,7065.0,The Orbital Fasteners Stadium,Gaywood,300.0,
5268,Elgin City FC,,7222.0,Borough Briggs,Elgin,4520.0,
5318,FK Ulytau Zhezkazgan,,7337.0,Metallurg Stadium,Jezkazgan,2500.0,
150,Bari,,1725.0,San Nicola,Bari,58270.0,
3914,Serbia Under 19,,125.0,Rajko Mitic,Belgrade,55538.0,
153,Cesena,,578.0,Dino Manuzzi,Cesena,23860.0,
2047,Romania U17,,1840.0,Football Centre FRF,Buftea,450.0,
4905,CA Independiente Reserve,,6570.0,Complejo Santo Domingo,Avellaneda,300.0,
1834,"Chelsea, Women",,1569.0,Kingsmeadow,London,4850.0,
2421,Al Ahli SC (Doha),,2566.0,Al Thumama Stadium,Doha,44400.0,
3430,CS Independiente Rivadavia,,3046.0,Estadio Bautista Gargantini,Mendoza,24000.0,
791,"France, Women",,2.0,Stade de France,Saint-Denis,80698.0,
3370,Olympiacos FC B,,2988.0,Rentis Training Centre,Piraeus,3000.0,
3929,Zamora CF,,3520.0,Stade Ruta de la Plata ,Zamora,7813.0,
3000,"IF Brommapojkarna, Women",,2682.0,Grimsta IP,Stockholm,5000.0,
5359,Sporting Braga Under 23,,3930.0, Cidade Desportiva do SC Braga,Braga,1250.0,
5379,FC Paços de Ferreira Under 19,,7448.0,Campo de Treinos do Paços de Ferreira,Paços de Ferreira,3500.0,
5402,Hibernian FC U19,,353.0,Easter Road,Edinburgh,20421.0,
5422,PFK Sho'rtan G'uzor,,7494.0,G'uzor Stadium ,G'uzor,8000.0,
5431,FK Kudrivka Under 19,,7502.0,Buzova Arena,Buzova,253.0,
5452,FK Karvan Evlakh,,7514.0,Yevlakh City Stadium,Yevlakh,5000.0,
2219,Al Ain SCC,,1967.0,Hazza Bin Zayed Stadium,Al Ain  ,,
5466,FK Shakhtyor Karagandy Under 17,,1650.0,Shakhtyor Stadium,Karaganda,19000.0,
2304,Germany U17,,2136.0,Haberfeld Stadium,Rishon LeZion,,
2305,Spain U17,,2031.0,Municipal de Lagos,Lagos,,
1600,Atlético de San Luis,,1305.0,Stade Alfonso-Lastras,San Luis Potosi,30000.0,
2026,"Arsenal Football Club, Women",,1826.0,Meadow Park,Borehamwood,4502.0,
4026,FC Como Women,,3616.0,Stadio Ferruccio,Seregno,3700.0,
5478,Princesa do Solimões EC,,7522.0,Estádio Olímpico Municipal Gilberto Mestrinho,Manacapuru,15000.0,
5495,Stalybridge Celtic FC,,7535.0,Bower Fold,Stalybridge,6500.0,
5508,Hungerford Town FC,,7546.0,Bulpit Lane,Hungerford,2500.0,
5521,Folkestone Invicta FC,,7558.0,Cheriton Road,Folkestone,4000.0,
5534,Tiverton Town FC,,7569.0,The Slee Blackwell Solicitors Stadium,Tiverton,3500.0,
5547,Club Sportivo San Lorenzo,,5606.0,Estadio Gunther Vogel,,,
5560,Club Deportivo Hércules,,446.0,Estadio Cuscatlan,San Salvador,53400.0,
5573,"Norway U17, Women",,1327.0,Městský Stadion,Ostrava,15123.0,
5585,BFC Dynamo U17,,3405.0,Sportforum Hohenschönhausen,Berlin,10000.0,
5598,Partick Thistle,,2350.0,Petershill Park,Glasgow,1000.0,
5611,Frosinone Calcio U19,,7632.0,Città dello Sport,Frosinone,300.0,
3259,AE Kifisias,,7322.0,Zirineio Kifisia Municipal Stadium,,,
4764,Gyirmót SE,,2997.0,Alcufer Stadion,,,
4798,Mohammedan SC Kolkata,,6361.0,Salt Lake Stadium,Salt Lake City,85000.0,
4825,Jeunesse Sportive Omrane,,6457.0,Stade Chedly Zouiten,Tunis,18000.0,
4850,Al Fayha Under 18,,1893.0,Al Majma'ah Sports City,Al Majma'ah,,
4870,AS Saint-Priest,,3138.0,Stade Jacques Joly,Saint-Priest,,
4889,Berekum Chelsea FC,,6556.0,Golden City Park,Berekum,5000.0,
165,FC Twente,,1204.0,Grolsch Veste Stadium,Enschede,30205.0,
1511,Stade Rennais FC U19,,1660.0,Centre d'entraînement de la Piverdière,Rennes,1000.0,
4923,"SBV Excelsior, Women",,491.0,Van Donge & De Roo Stadion,Rotterdam,4500.0,
4939,AS Furiani Agliani,,6606.0,Stade d'Erbajolo,Bastia ,1600.0,
4956,FC Mondercange,,6627.0,Stade Communal Mondercange,Mondercange,3300.0,
5102,Araz FK,,6827.0,Dalga Arena,Mərdəkan,6500.0,
4970,"Mali, Women",,1773.0,Stade Modibo Kéita,Bamako,25000.0,
176,FC Volendam,,1340.0,Kras Stadion,Volendam,7384.0,
3493,"INAC Kobe Leonessa, Women",,675.0,Noevir Stadium,Kobe,30000.0,
4989,SD Compostela,,6706.0,Estadio Verónica Boquete de San Lázaro,Santiago de Compostela,12000.0,
5008,UB Conquense,,6726.0,La Fuensanta,Cuenca,6000.0,
5027,Reial Club Deportiu Espanyol B,,3007.0,Ciutat Esportiva Dani Jarque,,,
5045,Juventud Torremolinos CF,,6762.0,El Pozuelo,Torremolinos,3000.0,
5062,1. FC Magdeburg II,,518.0,MDCC-Arena,Magdeburg,27250.0,
5117,Brackley Town FC,,6855.0,St James Park Brackley,Brackley,3500.0,
5129,Serik Belediye Spor Kulübü,,6892.0,Serik Ismail Ogan Stadium,Serik,2250.0,
5217,Egypt U20,,582.0,Cairo International Stadium,Cairo,75000.0,
3845,"São Paulo Futebol Clube, Women",,3447.0,CFA Presidente Laudo Natel,Sao Paulo,2000.0,
795,"Germany, Women",,2680.0,Steigerwaldstadion,Erfurt,18611.0,
5269,Cove Rangers FC,,7227.0,Balmoral Stadium,Aberdeen,2602.0,
184,SC Cambuur,,1564.0,5 Ocak Fatih Terim,Adana,16095.0,
185,Go Ahead Eagles,,1567.0,De Adelaarshorst,Deventer,8000.0,
186,FC Dordrecht,,1542.0,Riwal Hoogwerkers Stadion,Dordrecht,4088.0,
5319,FK Zhenys,,1472.0,Kazhimukan Munaitpasov Stadium,Shymkent,37000.0,
188,Polonia Bytom,,1727.0,Stadion Polonii im. Edwarda Szymkowiaka,Bytom,6000.0,
190,Ruch Chorzów,,1728.0,Stadion Miejski w Chorzowie,Chorzow,9300.0,
1515,Inter Milan U19,,1629.0,Breda,Sesto San Giovanni,4500.0,
5177,Wuppertaler SV U17,,3650.0,Sportplatz Uellendahl,Wuppertal,1500.0,
195,Widzew Łódź,,1824.0,Stadion Widzewa,Lodz,18018.0,
196,Odra Wodzisław,,1824.0,Stadion Widzewa,Lodz,18018.0,
1892,"Switzerland, Women",,199.0,St. Jakob-Park,Basel,37994.0,
1646,Club Nacional de Football,,1376.0,Estadio Gran Parque Central,Montevideo,34000.0,
4906,CS Independiente Rivadavia Reserve,,6571.0,Ciudad Deportiva - Independiente Rivadavia,Mendoza,200.0,
5294,El Salvador Under 17,,446.0,Estadio Cuscatlan,San Salvador,53400.0,
5360,FC Vizela Under 23,,7443.0,Estádio Municipal Dr. Orlando Mendes,Santa Comba Dão,10000.0,
5380,CD Tondela Under 19,,324.0,Estadio Joao Cardoso,Tondela,5000.0,
5432,FC Oleksandria Under 19,,7503.0,Nika-Plus,Oleksandria,2000.0,
5403,AŠK Bravo Publikum U19,,2455.0,Športni park Ljubljana,Ljubljana,2300.0,
5147,FC Erzgebirge Aue U17,,6925.0,eins Erzgebirgsstadion (Nebenplatz 2),Aue-Bad Schlema,500.0,
5162,DSC Arminia Bielefeld U17,,1834.0,Böllhoff-Stadion,Bielefeld,3500.0,
3351,CP Cacereño,,2974.0,Estadio Príncipe Felipe,Cáceres,7000.0,
198,GKS Bełchatów,,1822.0,GIEKSA Arena,Belchatów,5264.0,
5191,"1. FC Nürnberg, Women",,498.0,Max-Morlock-Stadion,Nuremberg,50000.0,
5423,PFK Dinamo Samarqand,,7495.0,Stade Dinamo,Samarcande,12500.0,
3837,"Ferroviária Futebol, Women",,2643.0,Estádio Doutor Adhemar de Barros,Araraquara,20950.0,
818,Spain U21,,166.0,Benito Villamarin,Seville,60721.0,
5453,KF Drenica Skënderaj,,7515.0,Bajram Aliu Stadium,Skenderaj,1000.0,
799,"Italy, Women",,90.0,Stadio Olimpico,Rome,72698.0,
5467,FO Zhas Kyran Under 17,,7507.0,Stade Zhas Kyran ,Almaty,3000.0,
5479,Real Desportivo Ariquemes Futebol Clube,,7523.0,Gentil Valério de Lima (Valerião),Ariquemes,5000.0,
5496,Chorley FC,,6404.0,Victory Park,,,
3839,"SE Palmeiras, Women",,1247.0,Allianz Parque,São Paulo,55000.0,
5509,Hastings United FC,,7547.0,The Pilot Field,Hastings,4050.0,
821,Germany U21,,87.0,Olympiastadion,Berlin,74649.0,
5522,Loughborough University,,1647.0,Loughborough University Stadium,Loughborough,3000.0,
5535,Lichfield City FC,,7570.0,City Ground,Lichfield,1500.0,
5548,Rostocker FC,,7584.0,Sportplatz Damerower Weg,Rostock,2000.0,
5561,AF Sporting San Miguelito,,7599.0,Estadio Los Andes II,San Miguelito,1450.0,
5574,"Zambia U17, Women",,1599.0,Stade Levy Mwanawasa,Ndola,49000.0,
5586,Muğlaspor,,7615.0,Muğla Atatürk Stadium,Muğla ,7755.0,
875,Switzerland U21,,199.0,St. Jakob-Park,Basel,37994.0,
5599,SV Wacker Burghausen U19,,2687.0,Wacker-Arena,Burghausen,10000.0,
5612,Genoa CFC U19,,3751.0,Stadio La Sciorba,Genoa,,
2232,TSV Alemannia Aachen U19,,7407.0,Sportplatz ESV Aachen 105x68,Aachen,,
5634,Corporación Deportiva Bogotá FC,,1427.0,Estadio Metropolitano de Techo,Bogota,10000.0,
5646,Atlético Malagueño,,7656.0,Ciudad Deportiva de El Viso,Málaga,2000.0,
5658,Yugo Unión Deportiva Socuéllamos,,7668.0,Estadio Paquito Giménez,Socuéllamos,2500.0,
5670,FC Dieppe,,7679.0,Stade Jean Dasnias,Dieppe,3100.0,
5682,SC Abbeville,,7691.0,Stade Paul Delique,Abbeville,5048.0,
5694,Croix Football Iris Club,,7702.0,Stade Henri Seigneur,Croix,2500.0,
5706,KF Apolonia Fier,,7713.0,Loni Papuçiu Stadium,Fier,3159.0,
5718,SKP Gryf 95 Słupsk,,7724.0,Stadion Gryfa Słupsk,Słupsk,1500.0,
4765,Budapesti Vasutas Sport Club,,6320.0,Tatai utcai focipálya,Budapest,1000.0,
4799,NorthEast United FC,,6368.0,Stade Indira Gandhi,Guwahati,21600.0,
174,Sparta Rotterdam,,1219.0,Sparta Stadium Het Kasteel,,11026.0,
206,Podbeskidzie Bielsko-Biała,,1275.0,Stadium Miejski W Bielsko Biala,Bielsko Biala,15076.0,
4826,EGS Gafsa,,6458.0,Stade olympique de Gafsa,Gafsa,7000.0,
208,Zawisza Bydgoszcz,,1821.0,Stadion im. Zdzisława Krzyszkowiaka,Bydgoszcz,20559.0,
209,Górnik Łęczna,,1513.0,Stadion Gornik Leczna,Leczna,7200.0,
4851,Ohod Club Under 18,,2924.0,Ohod Club Stadium,Al Aziziyyah,5000.0,
3312,Železničar Pancevo,,2951.0,Sportsko-Rekreativni Centar Mladost,Pancevo,5175.0,
4871,Étoile Fréjus Saint-Raphaël FC,,6526.0,Stade Louis-Hon,Saint-Raphaël,3000.0,
214,Trofense,,1820.0,Estádio CD Trofense,Trofa,5074.0,
4890,Accra Lions FC,,1613.0,Accra Sports Stadium,Accra,40000.0,
4907,Instituto AC Córdoba Reserve,,6572.0,Predio La Agustina,Córdoba,200.0,
223,Leixões SC,,1817.0,Estádio do Mar,Matosinhos,9821.0,
4940,SC Feignies-Aulnoye,,6607.0,Complexe Sportif Didier Eloy,Feignies,1500.0,
4957,FC Schifflange 95,,6628.0,Stade rue Denis Netgen,Schifflange,3100.0,
227,"União de Leiria, SAD",,1815.0,Estádio Dr. Magalhães Pessoa,Leiria,23888.0,
3497,"Tokyo Verdy Beleza, Women",,1163.0,Ajinomoto Stadium,Tokyo,49970.0,
230,SC Beira Mar,,1813.0,Complexo Desportivo de Monte Gordo,Monte Gordo,10000.0,
4990,Real Sociedad Gimnástica de Torrelavega,,6707.0,El Malecón,Torrelavega,6007.0,
232,Gil Vicente FC,,1221.0,Estadio Cidade de Barcelos,Barcelos,12504.0,
5009,CD Unión Sur Yaiza,,6727.0,Estadio Municipal de Yaiza,Yaiza,2000.0,
234,Estoril Praia,,1551.0,Estadio Antonio Coimbra da Mota,Estoril,8000.0,
235,FC Arouca,,1550.0,Estadio Municipal de Arouca,Arouca,5600.0,
5028,Valencia Mestalla,,2460.0, Ciutat Deportiva de Paterna ,Valence,3000.0,
5046,CD Don Benito,,6763.0,Vicente Sanz,Don Benito,5000.0,
5063,FK Rudar Prijedor,,3534.0,Gradski stadion,Lovech,,
240,Falkirk,,1810.0,The Falkirk Stadium,Falkirk,7937.0,
5103,FK Banga Gargždai,,3940.0,Gargždai Stadium,Gargždai,2323.0,
243,Motherwell,,1224.0,Fir Park,Motherwell,13677.0,
244,Kilmarnock,,1225.0,Rugby Park,Kilmarnock,17889.0,
5118,Siwelele FC,,2159.0,Dr. Petrus Molemela Stadium,Bloemfontein,,
5130,FK Chelyabinsk,,6893.0,Central Stadium,Chelyabinsk,15000.0,
254,Dundee FC,,1559.0,Dens Park,Dundee,11506.0,
255,Ross County FC,,1210.0,Victoria Park,Dingwall,6541.0,
256,Partick Thistle F.C.,,1807.0,The Energy Check Stadium at Firhill,Glasgow,10102.0,
5218,Ukraine U20,,91.0,NSC Olimpiski,Kiev,70050.0,
4502,Dourados Atlético Clube Under 20,,4588.0,Estádio Francisco Chaves Filho,Itaporã,3000.0,
4494,AA Portuguesa Santista Under 20,,3463.0,Stade Ulrico Mursa,Santos,9139.0,
5148,Rasen Ballsport Leipzig U17,,1978.0,Trainingszentrum am Cottaweg,Leipzig,,
5163,Tennis Borussia Berlin U17,,6952.0,Mommsenstadion,Berlin,15005.0,
5178,MSV Duisburg U17,,6955.0,BSA Westender Straße,Duisburg,4000.0,
270,RC Recreativo,,1806.0,Nuevo Colombino,Huelva,21670.0,
5192,"FK Austria Wien, Women",,677.0,Generali Arena,Vienna,17500.0,
5270,Edinburgh City FC,,7228.0,Meadowbank Sports Centre,Edinburgh,1320.0,
5320,FK Turan Turkistan,,7338.0,Turkestan Arena,Turkestan,7000.0,
5361,Academico de Viseu FC Under 23,,7444.0,Estádio Municipal de Vila Meã ,Vila Meã,2950.0,
5381,FC Porto Under 19,,5630.0,Estádio Dr. Jorge Sampaio,,,
5404,Idrettslaget Bjarg,,2745.0,Stemmemyren kunstgressbane,Bergen,1500.0,
5424,FK Sogdiana Jizak,,7496.0,Sogdiana Sporting Complex,Djizak,11650.0,
5433,FK Epitsentr Kamianets-Podilskyi Under U19,,7504.0,Tonkocheyev Stadium ,Kamianets-Podilskyi,2587.0,
5454,KF Ferizaj,,7516.0,Ferizaj Synthetic Grass Stadium,Ferizaj,1000.0,
2132,Shabab Al Ahli Dubai,,1900.0,Al-Rasid Stadium,Dubaï,12000.0,
5468,FK Tobol Kostanay Under 17,,401.0,Kostanay Central Stadium,Kostanay,8323.0,
291,AC Bellinzona,,1803.0,Stadio comunale Bellinzona,Bellinzona,10000.0,
5480,Resende FC,,7524.0,Estádio do Trabalhador,Resende,7400.0,
5497,Sheppey United FC,,7536.0,Holm Park,Sheppey,1530.0,
294,FC Aarau,,1802.0,Stadion Brügglifeld,Aarau,8000.0,
295,FC Sion,,592.0,Tourbillon,Sion,,
5510,Stanway Rovers FC,,7548.0,Hawthorns,Stanway,1500.0,
3587,ZKS Stal Stalowa Wola,,3234.0,Podkarpackie Centrum Piłki Nożnej,Stalowa Wola,3764.0,
5523,Broadbridge Heath FC,,7559.0,High Wood Hill Sports Ground,Broadbridge Heath,,
5536,Cleethorpes Town FC,,7571.0,Linden Club,Grimsby,2200.0,
5549,TUS Bersenbrück,,7585.0,Hasestadion,Bersenbrück,3000.0,
5562,CSD Xelajú Mario Camposeco,,7600.0,Mario Camposeco Stadium,Quetzaltenango,11220.0,
5575,"Ecuador U17, Women",,1361.0,Estadio Olímpico Atahualpa,Quito,35742.0,
5587,Bucaspor 1928,,7616.0,Buca Arena,Izmir,8800.0,
5600,SC Verl 1924 U17,,1402.0,Sportclub Arena,Verl,5000.0,
5613,SS Lazio U19,,3793.0,Stadio Mirko Fersini,Formello,3000.0,
5623,Corporación Deportiva Real Santander,,5664.0,Estadio Villa Concha,Piedecuesta,5500.0,
5635,TSV Meerbusch U17,,3359.0,Sportplatz Lank ,Meerbusch,1500.0,
5647,RSD Alcalá,,7657.0,Estadio Municipal El Val,Alcalá de Henares,7000.0,
5659,Rayo Vallecano B,,1685.0,Ciudad Deportiva Fundacion Rayo Vallecano,Madrid,2500.0,
5671,FC Nantes II,,7680.0,Stade Marcel-Saupin,Nantes,1880.0,
5683,FC Chalon-sur-Saône,,2737.0,Stade Léo Lagrange,Soyaux,4800.0,
5695,UF Maconnais,,7703.0,Stade Pierre Guérin,Mâcon,2000.0,
5707,KS Bylis Ballsh,,7714.0,Adush Muça Stadium,Ballsh,2464.0,
4924,"SC Heerenveen, Women",,245.0,Abe Lenstra Stadion,Heerenveen,26100.0,
4766,Csákvári TK,,6321.0,Tersztyánszky Ödön Sportközpont,Csákvár,2500.0,
298,Neuchâtel Xamax,,666.0,La Maladiere,Neuchatel,12000.0,
4800,Jamshedpur FC,,6370.0,JRD Tata Sports Complex,Jamshedpur,24424.0,
301,FC Thun,,662.0,Stockhorn Arena,Thun,10104.0,
302,Servette FC,,105.0,Stade de Genève,,,
4827,Olympique de Béja,,6459.0,Stade Boujemaa-Kmiti,Béja,8000.0,
4852,Al Faisaly Under 18,,1893.0,Al Majma'ah Sports City,Al Majma'ah,,
4872,FC Istres Ouest Provence,,6528.0,Stade Parsemain,Fos-sur-Mer,17619.0,
4891,CA Aldosivi Reserves,,6557.0,Predio Salvador Vuoso,Mar del Plata,150.0,
4908,CA Lanús Reserve,,6573.0,Polideportivo Lorenzo D'Angelo,Lanús,150.0,
4925,"ADO Den Haag, Women",,253.0,Cars Jeans Stadion,Den Haag,15000.0,
4941,ASC Biesheim,,6608.0,Stade Municipal ,Biesheim,1000.0,
4958,Oslo Football Académie,,6640.0,Stade Municipal des Parcelles Assainies,Parcelles Assainies,4000.0,
126,Eintracht Braunschweig,,1262.0,Eintracht-Stadion,Braunschweig,23325.0,
5219,Panama U20,,444.0,Estadio Rommel Fernandez,Panama City,32000.0,
4991,Salamanca CF UDS,,6708.0,Helmántico,Villares de la Reina,17341.0,
238,Uniao da Madeira,,1811.0,Centro Desportivo da Madeira,Ribeira Brava,2500.0,
5010,AD Unión Adarve Barrio del Pilar,,6728.0,Polideportivo Municipal Vicente del Bosque,Madrid,1200.0,
5029,FC Terrassa,,6743.0,Estadio Olímpico de Tarrasa,Tarrasa,11500.0,
5047,CA Antoniano,,6764.0,Municipal de Lebrija,Lebrija,3500.0,
5064,NK Vukovar '91,,6802.0,Stadion HNK Cibalia,Vinkovci,10000.0,
5104,Dungannon Swifts FC,,6828.0,Stangmore Park,Dungannon,2000.0,
5119,Durban City FC,,2161.0,Chatsworth Stadium,,,
5131,Siracusa Calcio 1924,,6895.0,Stadio Nicola De Simone,Syracuse,5946.0,
5271,Bonnyrigg Rose Athletic FC,,7229.0,New Dundas Park,Bonnyrigg,3000.0,
88,AC Arles-Avignon,,1720.0,Parc des Sports,Avignon,17700.0,
91,Évian Thonon Gaillard FC,,1721.0,Parc des Sports d’Annecy,Annecy,12243.0,
217,FC Paços de Ferreira,,1220.0,Estadio Capital Do Movel,Paços de Ferreira,9077.0,
225,Naval 1° de Maio,,1816.0,Estádio Municipal José Bento Pessoa,Apartado,9116.0,
5321,FK Okzhetpes Kokshetau,,7339.0,Okzhetpes Stadium,Kokshetau,4158.0,
220,Académica de Coimbra,,1818.0,Estádio Cidade de Coimbra,Coimbra,29744.0,
5179,Offenbacher FC Kickers 1901 U17,,6247.0,SANA-Sportpark,Offenbach am Main,,
3570,"Republic of Ireland Under 19, Women",,163.0,Aviva Stadium,Dublin,51700.0,
5164,FC Hansa Rostock U17,,510.0,Volksparkstadion,Hamburg,57000.0,
247,Inverness Caledonian Thistle,,1809.0,Tulloch Caledonian Stadium,Inverness,7750.0,
112,FC Energie Cottbus,,1722.0,Stadion der Freundschaft,Cottbus,22528.0,
3588,OFK Beograd,,3235.0,Lagator Stadium,Loznica,8030.0,
5333,Sporting Clube De Portugal Under 21,,12.0,Estádio José Alvalade,Lisbon,50044.0,
290,Grasshopper Club Zürich,,326.0,Letzigrund,Zurich,26104.0,
116,Karlsruher SC,,1215.0,Wildparkstadion,Karlsruhe,28762.0,
5362,FC Famalicão Under 23,,5632.0,Complexo Desportivo FC Famalicão - Campo 2,Vila Nova de Famalicão,2000.0,
5382,Vitória Guimarães SC Under 19,,7078.0,Estádio D. Afonso Henriques,Guimarães,30029.0,
2106,Slovakia U17,,203.0,Borisov Arena,Borisov,13126.0,
5405,IL Varegg,,2745.0,Stemmemyren kunstgressbane,Bergen,1500.0,
5425,FK Mash'al Mubarek,,7497.0,Bahrom Vafoev Stadium,Mubarek,10000.0,
5434,FC Metalist 1925 Kharkiv Under 19,,7505.0,Kolos ,Kharkiv ,5654.0,
5455,KF Prishtina e Re,,7517.0,Sami Kelmendi Stadium,Lipljan,2500.0,
5469,FK Ordabasy Shymkent Under 17,,1472.0,Kazhimukan Munaitpasov Stadium,Shymkent,37000.0,
5481,Camboriú FC,,7525.0,Estádio Municipal Roberto Santos Garcia,Camboriú ,4500.0,
5498,Blyth Town,,7537.0,South Newsham Playing Fields,Blyth,,
5511,Wythenshawe Town FC,,7549.0,Hollyhedge Park,Wythenshawe,1500.0,
2028,"Tottenham Hotspur, Women",,2075.0,The Hive Stadium,London,6500.0,
5524,AFC Sudbury,,7560.0,The Elite Travel Stadium,Sudbury,2000.0,
4545,Albirex Niigata FC (Singapore),,5572.0,Jurong East Stadium,Singapore,12.0,
5537,Atherton Collieries,,7572.0,Alder House,Atherton,2500.0,
1516,Manchester United U18,,1648.0,Aon Training Complex,Carrington,2000.0,
1806,"Portugal, Women",,313.0,Estadio Do Bessa Xxi,Porto,28263.0,
1578,Club Atlético Nacional,,1295.0,Estadio Atanasio Girardot,Medellin,40043.0,
3045,Hungary Under 19,,342.0,Megyeri uti,Budapest,13501.0,
5149,Chonburi FC,,6931.0,Chonburi Stadium,Chonburi,8680.0,
796,"Spain, Women",,166.0,Benito Villamarin,Seville,60721.0,
5193,"Sporting Club Jacksonville, Women",,6972.0,Hodges Stadium,Jacksonville,12000.0,
5550,BSV Schwarz-Weiß Rehden,,7586.0,Sportplatz Waldsportstätten,Rehden,4350.0,
5563,Hankook Real Verdes United FC,,7601.0,Estadio Norman Broaster,San Ignacio,2000.0,
5576,"Korea Republic U17, Women",,1420.0,Goyang Stadium,Goyang,41311.0,
5588,İnegöl Spor Klübü,,7617.0,İnegöl İlçe Stadium,Bursa,4000.0,
5601,FC Hennef 05 U17,,3360.0,Stadion im Sportzentrum Hennef,Hennef,2258.0,
5614,Associazione Calcio Monza U19,,3792.0,Centro Sportivo Luigi Berlusconi,Monza,1000.0,
5624,Real Cartagena FC S.A.,,6114.0,Estadio Olímpico Jaime Morón León,Cartagena de Indias,16068.0,
5636,"Oxford United LFC , Women",,7651.0,Marsh Lane,Oxford,2000.0,
5648,Real Jaén CF,,7658.0,Estadio de La Victoria,Jaén,12569.0,
5660,Atlético Astorga FC,,7669.0,Estadio La Eragudina,Astorga,2000.0,
5672,FC Sochaux-Montbéliard II,,7681.0,Stade René Blum,Montbéliard,1900.0,
5684,Jura Dolois Foot,,7692.0,Stade Robert Bobin,Dole,,
5696,Elazığspor Kulubü,,7704.0,Elazığ Atatürk Stadium,Elazığ,18423.0,
5708,KS Skënderbeu Korçë,,7715.0,Skënderbeu Stadium,Korçë,5800.0,
5719,MKS Chojniczanka Chojnice,,7725.0,Chojniczanka 1930 Municipal Stadium,Chojnice,3000.0,
5729,Defence Force FC,,1610.0,Hasely Crawford Stadium,Port of Spain,27000.0,
210,Termalica Bruk-Bet Nieciecza,,1512.0,Stadion Bruk-Bet,Nieciecza,4595.0,
4767,Kazincbarcikai SC,,6322.0,Kolorcity Aréna,Kazincbarcika,8000.0,
4801,Hyderabad FC,,6376.0,G. M. C. Balayogi Athletic Stadium,Hyderabad,18000.0,
4828,Club Africain,,1965.0,Stade Olympique Hammadi Agrebi,Tunis,,
253,Dunfermline Athletic,,1808.0,East End Park,Dunfermline,11480.0,
250,Hamilton Academical FC,,1223.0,New Douglas Park,Hamilton,5510.0,
164,Roda JC Kerkrade,,1547.0,Parkstad Limburg,Kerkrade,19979.0,
5435,FK Irtysh Pavlodar Under 16,,402.0,Pavlodar Central Stadium,Pavlodar,15000.0,
4873,GFA Rumilly Vallières,,6529.0,Stade des Grangettes,Rumilly,1100.0,
4892,Argentinos Juniors Reserve,,6558.0,Centro de Entrenamiento y Formación de Argentinos Juniors (CEFFA),Buenos Aires,300.0,
4909,CA Newell's Old Boys Reserve,,6574.0,Centro de Entrenamiento Jorge Griffa,Rosario,300.0,
4926,"PEC Zwolle, Women",,255.0,Mac3Park Stadion,Zwolle,13250.0,
4942,Villers Houlgate,,6609.0,Stade André Salesse,Villers-sur-Mer,1000.0,
4959,ASC les Jaraaf de Dakar,,6641.0,Stade de ngor,Dakar,3000.0,
4972,FC Csikszereda Miercurea Ciuc,,6678.0,Municipal Stadium,Miercurea-Ciuc,2480.0,
4992,Bergantiños FC,,6709.0,As Eiroas,carballo,5000.0,
5011,CD Izarra,,6729.0,Merkatondoa,Estella-Lizarra,3500.0,
5030,CE Europa,,6744.0,Nou Sardenya,Barcelona,4000.0,
4389,Butler Bulldogs University,,4061.0,Bud and Jackie Sellick Bowl,Indianapolis,7500.0,
252,Saint Johnstone FC,,51.0,McDiarmid Park,,,
5048,Águilas FC,,6765.0,El Rubial,Águilas,4000.0,
5065,SV Austria Salzburg,,6803.0,Max-Aicher-Stadion,Salzburg,1566.0,
5105,Spaeri FC,,6829.0,Ilia Kokaias Sakhelobis Tsentri,Tbilissi,1000.0,
336,FC Dallas,,1236.0,Toyota Stadium,Frisco,20500.0,
5115,"FC Midtjylland, Women",,192.0,MCH Arena,Herning,11809.0,
5132,SSC Napoli U20,,2711.0,Stadio Giuseppe Piccolo,Cercola,7000.0,
5220,Spain U20,,1788.0,Pabellón de la Ciudad del Fútbol 1,Las Rozas de Madrid,3000.0,
5272,Forfar Athletic FC,,7230.0,Station Park,Forfar,6777.0,
5322,FK Zhetysu Taldykorgan,,7340.0,Stade Jetyssou,Taldıqorğan,4000.0,
4853,"Club Olimpia, Women",,6502.0,Estadio Ypané,Ypané,5000.0,
356,Austria Wien,,677.0,Generali Arena,Vienna,17500.0,
5150,Hamburger SV Under 17,,3802.0,Paul-Hauenschild-Plätze 10,Hamburger,,
277,Xerez Club Deportivo,,1805.0,Chapin,Jerez de la Frontera,20523.0,
5334,Lusitanos St Maur US,,1630.0,Stade Dominique-Duvauchelle,Créteil,12150.0,
5363,Gil Vicente FC Under 23,,1221.0,Estadio Cidade de Barcelos,Barcelos,12504.0,
358,Hapoel Acre FC,,1801.0,Akko Municipal Stadium,Akko,5000.0,
5383,Os Belenenses SAD Under 19,,7449.0,Campo Major Baptsta da Silva,Lisboa,500.0,
5406,SK Brann U19,,1322.0,Brann Stadion,Bergen,18000.0,
5165,Hallescher FC U17,,5512.0,NLZ HFC Platz 1,,,
5180,FC Viktoria Köln U17,,3968.0,Grossportanlage Bocklemünd,Koln,,
5194,"Racing Club de Lens, Women",,175.0,Bollaert-Delelis,Lens,38223.0,
5456,Al Nasr U17 (Dubai) U17,,2201.0,Al-Maktoum Stadion,Dubaï,,
5470,Japan U23,,1163.0,Ajinomoto Stadium,Tokyo,49970.0,
5482,Vitória FC (Espírito Santo),,4575.0,Estádio Salvador Venâncio da Costa,Vitória,3000.0,
2056,Club Atlético Boston River S.A.D.,,2073.0,Estadio Municipal Parque Artigas,,,
5499,Lower Breck FC,,7538.0,Anfield Sport & Community Centre,Liverpool,,
5512,Brightlingsea Regent FC,,7550.0,North Road,Brightlingsea,,
4125,"Newcastle United WFC, Women",,3732.0,Kingston Park,Newcastle upon Tyne,10200.0,
5525,Maldon & Tiptree FC,,7561.0,Park Drive,Maldon,2800.0,
4129,"Charlton Athletic LFC, Women",,634.0,The Valley,London,27111.0,
5538,Hanwell Town FC,,7573.0,Reynolds Field,Perivale,3000.0,
5551,TSG Neustrelitz,,1986.0,Neues Parkstadion,Gelsenkirchen,,
1761,KF Gjilani,,227.0,Gjilan City Stadium,Gjilan,15000.0,
3589,Sliema Wanderers FC,,213.0,Mfa Centenary Stadium,Ta' Qali,3000.0,
5564,Melaka FC,,7602.0,Hang Jebat Stadium,Malacca,40000.0,
4373,CA Juventus,,4039.0,Estádio Rua Javari,São Paulo,4000.0,
5577,"Poland U19, Women",,160.0,Silesian Stadium,,,
5589,İskenderunspor AS,,7618.0,İskenderun 5 Temmuz Stadium,İskenderun,8217.0,
5602,SC Fortuna Köln U19,,7627.0,Bezirkssportanlage Chorweiler (Platz 1),Köln,7500.0,
5615,Parma Calcio 1913 U19,,6904.0,Centro Sportivo Parma FC,Collecchio,1200.0,
4332,Tochigi City,,3973.0,City Football Station,Tochigi,5.0,
5625,Corporación Deportiva Barranquilla FC,,1294.0,Estadio Metropolitano Roberto Melendez,Barranquilla,46692.0,
5637,"Burnley LFC, Women",,6100.0,Lancashire FA County Ground,Leyland,4000.0,
5649,CD Lealtad,,7659.0,Las Callejas,Villaviciosa ,3000.0,
5661,Real Oviedo Vetusta,,7670.0,Estadio El Requexón,Oviedo,3000.0,
5673,RC Strasbourg Alsace II,,7682.0,Parc des Sports,Molsheim,3000.0,
5685,CA Pontarlier,,7693.0,Stade Paul Robbe,Pontarlier,2980.0,
5697,Batman Petrolspor,,7705.0,Batman Yeni Şehir Stadyumu,Batman,15000.0,
5709,KS Burreli,,7716.0,Liri Ballabani Stadium,Burrel,3000.0,
5720,Korea Republic U23,,6196.0,Hwaseong Stadium,Hwaseong,35265.0,
5730,Universidad Organización y Métodos,,1656.0,Estadio Olímpico Félix Sánchez,Santo Domingo de Guzmán,27000.0,
5738,FC Nordsjælland U21,,2956.0,Farum Park,Farum,10100.0,
5746,Sarreguemines FC,,7738.0,Stade De La Blies,Sarreguemines,,
5754,Real Madrid Club de Fútbol U21,,684.0,Estadio Alfredo Di Stefano,Madrid,8400.0,
5762,Besançon FC,,2737.0,Stade Léo Lagrange,Soyaux,4800.0,
5770,CF Lorca Deportiva,,5867.0,Estadio Francisco Artés Carrasco,,,
5777,Thonon Évian Grand Genève FC,,7754.0,Stade Joseph-Moynat,Thonon-les-Bains,3600.0,
4768,Auckland City FC,,6330.0,Kiwitea Street,Auckland,5.0,
4802,Debreceni VSC Under 15,,6379.0,Debreceni Labdarúgó Akadémia Edzőcentrum,Debrecen,1000.0,
4829,CS Sfaxien,,6465.0,Stade Mehiri,Sfax,22000.0,
5436,FK Aktobe Under 16,,7480.0,Aktobe Central,Aktioubé,12000.0,
4874,Bergerac Périgord FC,,6533.0,Stade de Campréal,Bergerac,1400.0,
3427,Club 2 de Mayo,,3043.0,Monumental Río Parapití, Pedro Juan Caballero,18000.0,
3439,Malaysia,,3019.0,Jakarta International Stadium,Jakarta,82000.0,
4893,CA Tucuman Reserves,,6559.0,Complejo José Salmoiraghi,San Miguel de Tucumán,300.0,
4910,CA Platense Reserves,,6575.0,Ciudad de Vicente López,Florida,32000.0,
4927,Feyenoord Rotterdam Women,,2564.0,Sportcomplex Varkenoord,Rotterdam,1000.0,
4943,US Chantilly,,6614.0,Stade des Bourgognes,Vineuil-Saint-Firmin,2400.0,
4960,Dinan Léhon FC,,6645.0,Stade du Clos Gastel,Dinan,2500.0,
4973,FK Ústí nad Labem,,6680.0,Městský stadion,Ústí nad Labem,3000.0,
4993,Real Avilés Club de Fútbol,,6710.0,Román Suárez Puerta,Avilés,5352.0,
5012,CD Subiza,,6730.0,Sotoburu,Subiza,1000.0,
5031,Elche Ilicitano CF,,6745.0,Estadio José Díez Iborra,Elche,3000.0,
5049,Cádiz CF B,,6766.0,Ciudad Deportiva Bahía de Cádiz,Cádiz,3500.0,
5066,SK Poltava,,6805.0,Molodizhnyi Stadium,Poltava,680.0,
2763,New York Red Bulls II,,2424.0,MSU Soccer Park at Pittser Field,Montclair,5000.0,
1996,"UDG Tenerife, Women",,1671.0,Estadio Francisco Suarez,Granadilla de Abona,2000.0,
2240,VfL Osnabrück U19,,3652.0,Stadion Illoshöhe,Osnabrück,7000.0,
2930,Austin FC II,,3722.0,Parmer Field,Austin,,
2738,North Texas SC,,2402.0,Choctaw Stadium,Arlington,48114.0,
4184,Greenville Triumph SC,,3819.0,Paladin Stadium,Greenville,16000.0,
2773,Charlotte Independence,,2433.0,American Legion Memorial Stadium,Charlotte,10500.0,
4640,Swansea City AFC Under 21,,6090.0,Swansea City FC Youth Academy Training Centre,Swansea,1000.0,
2736,Sporting KC II,,2400.0,Rock Chalk Park,Lawrence,2500.0,
2133,FK AGMK Olmaliq,,1901.0,AGMK Stadium,Olmaliq,16485.0,
4606,Wolverhampton Wanderers FC Under 21,,2081.0,Aggborough,Kidderminster,,
5273,Annan Athletic FC,,7231.0,Galabank Stadium,Annan,2504.0,
2751,New Mexico United,,2414.0,Isotopes Park,Albuquerque,13500.0,
3478,North Carolina Football Club,,2243.0,WakeMed Soccer Park,,,
5133,Guidonia Montecelio 1937 FC,,3519.0,Stadio Domenico Francioni,Latina,9398.0,
5457,Al Sharjah SCC U17,,1902.0,Sharjah Stadion,Sharjah,15000.0,
4610,West Ham United FC Under 21,,5796.0,The Rush Green Stadium,Romford,4500.0,
5445,Reilac Shiga FC,,7509.0,Heiwado Hato Stadium,Hikone City,15000.0,
5483,Campinense Clube,,7526.0,Estádio Governador Ernani Sátyro - O Amigão,Campina Grande,35000.0,
4596,West Bromwich Albion FC Under 18 Academy,,5788.0,West Bromwich Albion Traning Ground,Walsall,1000.0,
4000,Wolverhampton Wanderers FC Under 18 Academy,,3601.0,Sir Jack Hayward Training Ground,Wolverhampton,,
3164,Al Ittihad FC (Jeddah),,1907.0,King Abdullah Sports City,Jeddah,62240.0,
5500,Marine FC,,1830.0,Rossett Park,Crosby,3185.0,
3725,SV Stuttgarter Kickers Under 19,,3801.0,BZA Waldau,Stuttgart,,
5513,Wellingborough Town FC,,7551.0,London Road,Wellingborough,5000.0,
5151,1. FC Union Berlin Under 17,,5746.0,Trainingszentrum Oberspree,Berlin,1.0,
2910,Club Atlético Libertad,,2668.0,Estadio Federativo Reina del Cisne,Loja,14935.0,
3012,Republic of Ireland Under 17,,1468.0,Dalymount Park,Dublin,7955.0,
1658,CSD Independiente del Valle,,1388.0,Estadio Municipal Rumiñahui,Sangolqui,8000.0,
3001,"Piteå IF, Women",,2730.0,LF arena,Piteå,2500.0,
5526,Hednesford Town FC,,6693.0,Keys Park,Hednesford,6000.0,
2613,"Japan U20, Women",,2251.0,Alejandro Morera Soto,Alajuela,,
5166,FC Rot-Weiß Erfurt U17,,3843.0,Sportzentrum Cyriaksgebreite,Erfurt,,
5181,SC Rot-Weiß Oberhausen 1904 U17,,2341.0,Stadion Niederrhein,Oberhausen,21300.0,
5221,New Caledonia U20,,7067.0,Numa-Daly Magenta Stadium,Nouméa,10000.0,
5106,Colón FC,,2144.0,Parque Palermo,,,
4854,Club Social y Deportivo Colo-Colo. Women,,1126.0,Monumental David Arellano,Santiago,47347.0,
5335,FK Ordabasy Shymkent U19,,7428.0,Stadion Namys,Shymkent,25000.0,
5364,SC Farense Under 23,,1267.0,Estádio de São Luís,Faro,12000.0,
5384,Vierzon Football Club,,7462.0,Stade de Brouhot,Vierzon ,1000.0,
5407,MŠK Žilina U19,,7483.0,ŠK Cementáreň Lietavská Lúčka ,Lietavská ,3000.0,
4295,"Grêmio FB Porto Alegrense, Women",,1121.0,Arena Do Gremio,Porto Alegre,55662.0,
5539,Hartley Wintney,,7574.0,The Memorial Playing Fields,Hartley Wintney,2000.0,
5552,1. FC Kaan-Marienborn 07,,7587.0,Herkules Arena - Im Breitenbachtal,Siegen,4000.0,
5565,Grimsby Borough FC,,7603.0,The Bradley Football Development Centre,Grimsby,1250.0,
5578,"Portugal U19, Women",,12.0,Estádio José Alvalade,Lisbon,50044.0,
5590,Adana 01 FK,,7619.0,Ali Hoşfikirer Stadı,Adana,2544.0,
5603,TuS Koblenz 1911 U17,,2276.0,Stadion Oberwerth,Koblenz,,
5616,AS Roma U19,,3784.0,Stadio Tre Fontane,Rome,4.0,
5626,Orsomarso SC,,1314.0,Estadio Daniel Villa Zapata,Barrancabermeja,10400.0,
5638,"London Bees LFC, Women",,2075.0,The Hive Stadium,London,6500.0,
5650,SD Beasain,,7660.0,Estadio Municipal de Loinaz,Beasáin,1000.0,
5662,CD Burgos Promesas 2000,,7671.0,Ciudad Deportiva de Castañares,Burgos,500.0,
5674,Toulouse FC II,,7683.0,Parc des Sports Annexe,Toulouse,1000.0,
5686,U.S. Ivry Football,,7694.0,Stade Clerville,Ivry-sur-Seine,2000.0,
5698,Erzincanspor,,7706.0,Erzincan 13 Şubat Şehir Stadyumu,Erzincan,12981.0,
5710,KS Pogradeci,,7717.0,Stadiumi Gjorgji Kyçyku,Pogradec,6000.0,
5721,Andorra U21,,405.0,Estadi Comunal D'Andorra La Vella,Sant Julia de Loria,900.0,
4769,Western Springs AFC,,6331.0,Seddon Fields,Auckland ,1.0,
3313,Al Ahli Benghazi,,2287.0,Benina Martyrs Stadium,Benghazi,,
4803,Deportivo Antigua Guatemala FC,,6383.0,Estadio Pensativo,Antigua,10000.0,
4830,CD San Marcos de Arica,,6468.0,Estadio Carlos Dittborn,Arica,9.0,
5437,FK Caspiy Aktau Under 16,,3305.0,Zhas Kanat,Aktau,5000.0,
4875,Jura Sud Foot,,6535.0,Stade Édouard Guillon 1,Chassal Molinges,319.0,
4894,CA Banfield Reserve,,6560.0,Campo de Deportes Alfredo Palacios,Banfield,400.0,
4911,Racing Club de Avellaneda Reserve,,6576.0,Predio Tita Mattiussi,Avellaneda,300.0,
4928,"Alkmaar Zaanstreek, Women",,1544.0,Afas Trainingscomplex,Alkmaar,1000.0,
4944,Wasquehal Football,,6615.0,Stade Lucien Montagne,Wasquehal,500.0,
4961,Voltigeurs de Chateaubriant,,6646.0,Stade de la Ville en Bois,Châteaubriant,3000.0,
4974,Klub Sportowy Wieczysta Kraków,,6681.0,Stadion KS Wieczysta,Krakow,2000.0,
4994,Rayo Cantabria,,6711.0,Santi Gutiérrez Calle,Santander,1000.0,
5013,RZ Deportivo Aragón,,6731.0,Ciudad Deportiva Real Zaragoza,Cuarte de Huerva,2500.0,
5032,UE Sant Andreu,,6746.0,Narcis Sala,Barcelona,6000.0,
5050,CD Estepona FS,,6767.0,"Francisco Muñoz Pérez,",Estepona,3800.0,
5067,WSPG Hogo Wels,,6810.0,Huber Arena,Wels,3000.0,
5107,Club Oriental de Futbol,,2144.0,Parque Palermo,,,
1759,FC Noah,,1441.0,Mika Stadium,Yerevan,8000.0,
572,Pyunik Yerevan FC,,390.0,Avan Academy Stadium,Yerevan,1500.0,
5134,US Sambenedettese,,6897.0,Riviera delle Palme,San Benedetto del Tronto,13786.0,
5222,South Africa U20,,1710.0,Moses Mabhida Stadion,Durban,65000.0,
5274,Stenhousemuir FC,,7232.0,Ochilview Park,Stenhousemuir,3746.0,
5458,FK Kairat Almaty Under 17,,117.0,Central Stadium,Yekaterinburg,,
5471,Al Shoalah FC,,7519.0,Al-Shoalah Club Stadium,Al Kharj,8000.0,
4855,Club Atlético Boca Juniors. Women,,6503.0,Complejo Pedro Pompilio,Buenos Aires,1000.0,
5484,AD Bahia de Feira,,7527.0,Arena Cajueiro,Feira de Santana,4000.0,
5182,SC Preußen 06 Münster U17,,3726.0,Sportpark Berg Fidel Platz 1,Münster,,
5167,FC Carl Zeiss Jena U17,,3397.0,Ernst-Abbe-Sportfeld,Léna,15000.0,
5336,Haverfordwest County AFC U19,,2797.0,Bridge Meadow Stadium,Haverfordwest,2467.0,
5365,CD Santa Clara Under 23,,7445.0,Complexo Desportivo das Laranjeiras,Ponta Delgada,2000.0,
5385,Association Jeunesse Auxerroise II,,3932.0,Stade de l'Abbé Deschamps (annexe 1),Auxerre,1000.0,
2144,Al Wihdat Amman,,1912.0,King Abdullah International Stadium,Amman,13000.0,
5408,FK Austria Wien U19,,677.0,Generali Arena,Vienna,17500.0,
5501,St Ives Town FC,,7539.0,Westwood Road,St Ives,2000.0,
5514,Hayes & Yeading FC,,6407.0,SKYEx Community Stadium,,,
5527,Newmarket Town,,7562.0,Cricket Field Road,Newmarket,2750.0,
4631,"Sport Club do Recife, Women",,1124.0,Ilha Do Retiro,Recife,35020.0,
5540,Belper Town FC,,7575.0,Coronation Park,Eastwood,,
5553,VfV Borussia 06 Hildesheim,,1833.0,Friedrich-Ebert-Stadion,Berlin,5000.0,
5566,"Austria U20, Women",,330.0,Allianz Stadion,Vienna,28345.0,
5579,"Club Atlético Nacional SA, Women",,1295.0,Estadio Atanasio Girardot,Medellin,40043.0,
3571,"Netherlands Under 19, Women",,162.0,Johan Cruijff ArenA,Amsterdam,53031.0,
5591,Karacabey Birlikspor AŞ,,7620.0,Mustafa Fehmi Gerçeker,Karacabey,2722.0,
5604,AC Léopards de Dolisié,,7628.0,Stade Denis Sassou Nguesso,Dolisie,5000.0,
5627,Independiente Yumbo FC,,1520.0,Estadio Guillermo Plazas Alcid,Neiva,23000.0,
5639,"Chatham Town, Women",,7652.0,Bauvill Stadium,Chatham,5000.0,
5651,CD Castellón B,,7661.0,Instalaciones Deportivas Gaetà Huguet,Castellón de la Plana,2500.0,
5663,Racing Besançon,,2737.0,Stade Léo Lagrange,Soyaux,4800.0,
5675,AS Moulins Yzeure Foot 03 Auvergne,,7684.0,Stade de Bellevue,Yzeure,2164.0,
5687,Espérance Sportive Troyes Aube Champagne II,,7695.0,Complexe Sportif de l'Aube,Troyes,1000.0,
5699,Kastamonu Spor Kulübü,,7707.0,Kastamonu Gazi Stadium,Kastamonu,4500.0,
5711,CD Puerto Montt,,7718.0,Estadio Regional de Chinquihue,Puerto Montt,10000.0,
5722,Armenia U21,,13.0,Vazgen Sargsyan Republican Stadium,Yerevan,14403.0,
5731,AS Le Gosier,,3626.0,Stade Roger Zami,Guadeloupe ,3000.0,
5739,Nakhon Ratchasima FC,,7732.0,80th Birthday Stadium,Nakhon Ratchasima,25000.0,
5747,East Kilbride FC,,7739.0,K-Park Training Academy,St. Leonards,700.0,
4300,"Cruzeiro EC, Women",,3928.0,Arena Gregorão,Contagem,2500.0,
5152,1. FC Magdeburg Under 17,,3755.0,Heinrich Germer Stadium,Magdebourg,,
5196,Song Lam Nghe An,,6974.0,Vinh Stadium,Vinh,18000.0,
5755,Borussia VfL Mönchengladbach U21,,3753.0,Grenzlandstadion,Mönchengladbach,,
5763,Hauts Lyonnais SC,,7746.0,Stade de la Neylière,Pomeys,1000.0,
5771,Gibraltar U21,,226.0,Victoria Stadium,Gibraltar,5000.0,
5778,Girona FC B,,7755.0,Municipal Torres de Palau,Girona,1000.0,
5784,GNK Dinamo Zagreb U21,,1320.0,Stadion Kranjčevićeva,Zagreb,8850.0,
5790,Akademia e Futbollit Elbasani,,629.0,Elbasan Arena,Elbasan,12800.0,
5796,Stade Béthunois FC,,7766.0,Stade Hermant-Deprez,Béthune,1500.0,
5802,CD Unión Malacitano,,7772.0,Campo Juan Cayuela,Totana,,
5808,France d'Aizenay,,7776.0,Stade Municipal d'Aizenay,Aizenay,300.0,
5814,Rasen Ballsport Leipzig U21,,1978.0,Trainingszentrum am Cottaweg,Leipzig,,
5820,Montreuil Football Club,,7784.0,Stade Robert Legros,Île-de-France,,
5826,Belarus U21,,1980.0,Stadion FK Minsk,Minsk,,
5832,Faroe Islands U21,,575.0,Tórsvøllur,Tórshavn,6040.0,
5833,Persebaya Surabaya U16,,3022.0,Stade Gelora-Bung-Tomo,Surabaya,80000.0,
5838,Connecticut United FC,,7797.0,Bridgeport stadium,Bridgeport,,
4770,Tauranga City AFC,,6332.0,Links Avenue Reserve,Mount Maunganui,1.0,
4804,Cibao Fútbol Club,,2676.0,Cibao Stadium,Santiago de los Caballeros,18077.0,
4831,CD San Luis de Quillota,,2439.0,Estadio Bicentenario Lucio Fariña,Quillota,,
4856,"ADIFFEM,  Women",,6504.0,Estadio Arsenio Erico,Asuncion,7000.0,
4876,Les Genêts d'Anglet Football,,6537.0,Stade Saint-Jean,Anglet,1300.0,
4895,CA Barracas Central Reserves,,6561.0,Centro Recreativo 19 de Mayo,Buenos Aires,100.0,
4912,CA River Plate Reserve,,6577.0,River Camp,Ezeiza,800.0,
4929,"Fortuna Sittard, Women",,251.0,Fortuna Sittard Stadion,Sittard-Geleen,12500.0,
4945,FC Municipal d'Aubervilliers,,6616.0,Stade André-Karman,Aubervilliers,2500.0,
4962,Albania Under 17,,1280.0,Air Albania Stadium,Tirana,22500.0,
4975,Aarhus Fremad,,1147.0,Casa Arena,Horsens,10495.0,
1513,FK Brodarac U19,,1649.0,Stadion FK Brodarac,Belgrade,1500.0,
4995,Club Marino de Luanco,,6712.0,Estadio Municipal de Miramar,Luanco,3500.0,
5014,Real Sociedad C,,6732.0,Zubieta,San Sebastian,1000.0,
5033,Torrent CF,,6747.0,San Gregorio,Valencia,3000.0,
5051,HSC Hannover,,6776.0,HSC-Stadion Constantinstraße,Hannover,3000.0,
5068,FK Epitsentr Dunayivtsi,,2519.0,Stadion Mis'kyj,Ternopil,15150.0,
4049,Stallion Sta. Lucia FC,,3654.0,Biñan Football Stadium,Biñan,2580.0,
5108,Central Español FC,,2144.0,Parque Palermo,,,
5120,FK Pirmasens,,6871.0,Sportpark Husterhöhe,Pirmasens,10000.0,
5135,Associazione Calcio Bra,,3594.0,Giuseppe-Sivori, Sestri Levante,1500.0,
5142,Orbit College FC,,6907.0,Olympia Park Stadium,Rustenburg,32000.0,
5153,VfL Wolfsburg Under 17,,1865.0,Aok Stadion,Wolfsburg,5200.0,
5183,SV Meppen 1912 U17,,5496.0,Waldstadion Hauptplatz A,,,
5197,Quang Nam FC,,6973.0,Sân vận động Tam Kỳ (Tam Ky Stadium),,,
5223,Norway U20,,108.0,Ullevaal Stadion,Oslo,25572.0,
5275,Alloa Athletic FC,,7233.0,Indodrill Stadium,Alloa,3100.0,
5323,Brattvåg IL,,7361.0,Brattvåg Stadion,Brattvåg,,
5168,FC Energie Cottbus U17,,6945.0, Sportplatz am Priorgraben,Cottbus,1000.0,
5337,Víkingur Gøta U19,,331.0,Sarpsborg Stadion,Sarpsborg,6833.0,
5366,UD Leiria Under 23,,1815.0,Estádio Dr. Magalhães Pessoa,Leiria,23888.0,
5386,Sologne Olympique Romorantinais,,7463.0,Sologne Olympique Romorantin,Romorantin,1000.0,
5409,FC Baník Ostrava U19,,7484.0,Sportovni centrum Vista,Ostrava,1000.0,
5438,FK Taraz Under 16,,7506.0,Taraz Central Stadium,Taraz ,12525.0,
5459,FK Kaysar Kyzylorda Under 17,,1469.0,Gany Muratbayev Stadium,Kyzylorda,7300.0,
5472,CD Basconia,,7520.0,Polideportivo de Artunduaga,Bizkaia,5000.0,
5485,Alagoinhas Atlético Clube,,6434.0,Estádio Antônio de Figueiredo Carneiro,,,
5502,Wimborne Town FC,,7540.0,The Wyatt Homes Stadium,Wimborne,2500.0,
5515,Carlton Town FC,,7552.0,Bill Stokeld Stadium,Gedling,2000.0,
5528,Bromsgrove Sporting FC,,7563.0,Victoria Ground,Bromsgrove,3500.0,
5541,Bamber Bridge FC,,7576.0,Sir Tom Finney Stadium,Bamber Bridge,2642.0,
5554,Corporación Nuevo Cúcuta Deportivo,,7593.0,Estadio General Santander,Cúcuta,42901.0,
5567,"Cameroon U20, Women",,1707.0,Stade Ahmadou Ahidjo,Yaoundé,38509.0,
5580,"Sociedad Anónima Deportiva América SA, Women",,1293.0,Olimpico Pascual Guerrer,Santiago de Cali,38648.0,
5592,Kepez Spor Futbol AS,,7621.0,Kepez Hasan Doğan Stadı,Antalya,1650.0,
5605,CA Acassuso,,7629.0,Estadio La Quema,Boulogne Sur Mer,1500.0,
5618,Fútbol Club Cajamarca,,1439.0,Estadio Heroes de San Ramon,Cajamarca,18000.0,
519,Lillestrom SK,,334.0,Åråsen,Lillestrom,11500.0,
5628,Atlético FC,,1293.0,Olimpico Pascual Guerrer,Santiago de Cali,38648.0,
5640,"West Bromwich Albion WFC, Women",,7653.0,Alexander Stadium,Birmingham,18000.0,
3314,Fulham FC U18 Academy,,2952.0,Motspur Park,New Malden,2000.0,
5652,UD Poblense,,7662.0,Estadio Municipal de Sa Pobla,La Puebla,8000.0,
3572,Drogheda United FC,,3221.0,Weavers Park,Drogheda,3.0,
5664,US Raonnaise,,7673.0,Stade Paul-Gasser,Raon-l'Étape,4000.0,
5676,Vendée Fontenay Foot,,7685.0,Stade Emmanuel Murzeau,Fontenay-le-Comte,4500.0,
5688,ES Thaonnaise,,7696.0,Stade Robert Sayer,Capavenir-Vosges,2500.0,
1849,FK Nizhny Novgorod,,1514.0,Lokomotiv Stadium,Nizhny Novgorod,17856.0,
5700,Auritânia Foz do Iguaçu FC,,7708.0,Estádio do ABC,Foz do Iguaçu,12000.0,
5712,KS Hutnik Kraków,,7719.0,Suche Stawy Stadium,Kraków,6500.0,
5723,Malta U21,,7429.0,Gozo Stadium,Gozo,1628.0,
5732,Saint-Pauloise FC,,7727.0,Stade Paul Julius Bénard,St. Paul,8288.0,
5740,FK Vora,,7733.0,Vora Stadium,Vorë,1436.0,
5748,Olympique Marcquois Football,,6212.0,Stade Georges Niquet,Marcq-en-Barœul soccer,2500.0,
5756,PSV Eindhoven U21,,7743.0,PSV Campus De Herdgang,Eindhoven,2500.0,
5764,AS Monaco FC U21,,7731.0,Centre de Performance de l'AS Monaco FC,Monaco,300.0,
5772,RSC Anderlecht U21,,7749.0,Dakota Arena,Deinze,8050.0,
5779,LSK Goczałkowice Zdrój,,7756.0,Panattoni Arena,Goczałkowice-Zdrój,1500.0,
5785,Paris Saint-Germain FC U21,,6166.0,Campus PSG,Poissy,5000.0,
5791,Club Esportiu Atlètic Lleida,,6751.0,Camp d'Esports,Lerida,13500.0,
5797,Uhlenhorster SC Paloma U17,,7767.0,Jonny-Rehbein-Sportplatz,Hamburg-Barmbek,500.0,
5803,"Aris FC Limassol, Women",,2749.0,Alphamega Stadium,,,
5809,Olympique de Villefontaine,,7777.0,Stade de la Prairie,Villefontaine,,
5815,Juventus FC U21,,1398.0,Juventus Center,Turin,400.0,
5821,JFV Hanse Lübeck U19,,2764.0,Stadion an der Lohmühle,10800,10800.0,
5827,Wales U21,,1842.0,Racecourse Ground,Wrexham,15500.0,
5834,Persatuan Sepakbola Makassar U16,,7793.0,Gelora B.J. Habibie Stadium,Parepare,8500.0,
3783,Wuppertaler SV,,3403.0,Stadion am Zoo,Wuppertal,23067.0,
5841,Sporting Club Jacksonville,,6972.0,Hodges Stadium,Jacksonville,12000.0,
4771,Birkenhead United,,6333.0,Shepherds Park,Birkenhead,,
4805,Real Hope FA,,6385.0,Parc Saint-Victor,Cap-Haïtien,9500.0,
4832,CD Concepción,,1125.0,Municipal de Collao,Concepcion,35000.0,
5439,FK Kairat Almaty Under 16,,382.0,Central Stadium,Almaty,25057.0,
4390,Creighton Bluejays University,,4062.0,Morrison Stadium,Omaha,6000.0,
534,Admira Wacker,,347.0,Bsfz-Arena,Maria Enzersdorf,10800.0,
4877,U.S. Saint-Malo,,6539.0,Stade de Marville,Saint-Malo,10000.0,
4896,CA Belgrano de Córdoba Reserve,,6562.0,Predio Armando Pérez,Córdoba,300.0,
4913,CA Rosario Central Reserve,,6578.0,Ciudad Deportiva - Rosario Central,Rosario,500.0,
4930,Stade Poitevin FC,,6596.0,Complexe Sportif Michel Amand,Buxerolles,12000.0,
4946,Romania Under 19,,2129.0,Anghel Iordanescu,Voluntari,,
4963,Tabora United FC,,6650.0,Ali Hassan Mwinyi Stadium,Tabora,20000.0,
4976,Middelfart G & BK,,6682.0,Middelfart Stadion,Middelfart,4000.0,
4996,Real Club Deportivo de La Coruña II,,6713.0,Ciudad Deportiva de Abegondo,Abegondo,2000.0,
5015,CD Anguiano,,6733.0,Isla Anguiano,Anguiano,1000.0,
5034,CF Badalona Futur,,6748.0,Camp de Futbol Municipal de Premià de Dalt,Barcelona,1200.0,
3573,Galway United FC,,3222.0,Eamonn Deacy Park,Galway,5.0,
5052,SSVg Velbert 1902,,3413.0,IMS Arena,Velbert,3000.0,
5069,FK Kudrivka,,2521.0,Obolon Arena,Kiev,5100.0,
5109,Club Atlético Atenas,,1844.0,Estadio Domingo Burgueño Miguel,Maldonado,23000.0,
5121,SV Hemelingen,,6872.0,BSA Hemelingen - Platz 1,Bremen,1000.0,
5224,"Rio Ave FC, Women",,7077.0,Estádio do Rio Ave FC,Vila do Conde,5300.0,
2266,1. FC Kaiserslautern U17,,7143.0, Sportpark Rote Teufel 105x68,Mehlingen,,
5324,Grorud IL,,2736.0,Grorud stadion,Oslo,1740.0,
5460,FK Caspiy Aktau Under 17,,3305.0,Zhas Kanat,Aktau,5000.0,
5184,Rot-Weiss Essen U17,,3721.0,Bezirkssportanlage Mitte II Rasenplatz,Essen,,
4857,Club Libertad. Women,,6504.0,Estadio Arsenio Erico,Asuncion,7000.0,
5338,Naxxar Lions FC U19,,7429.0,Gozo Stadium,Gozo,1628.0,
2417,Sporting CP U23,,2085.0,CGD Stadium Aurélio Pereira,Alcochete,,
5387,Chamalières FC,,7464.0,Complexe sportif Claude Wolff ,Chamalières ,1500.0,
5410,AEK Larnaca U19,,327.0,AEK Arena,Larnaca,8000.0,
5473,Najran SC,,2848.0,Prince Hathloul Stadium,Najran,2800.0,
4426,Inter de Limeira Under 20,,3042.0,Estádio Major José Levy Sobrinho,Limeira,,
5486,São Francisco FC Santarém,,7528.0,Estádio Municipal Colosso do Tapajós,Santarém,23000.0,
5503,Walthamstow FC,,7541.0,Wadham Lodge,Walthamstow,3500.0,
5516,Sutton Coldfield Town FC,,7553.0,Central Ground,Sutton Coldfield,2000.0,
5529,Darlington 1883,,7564.0,Blackwell Meadows,Darlington,3300.0,
5542,Enfield Town FC,,7577.0,Queen Elizabeth II Stadium,Enfield,2500.0,
3428,CD Comerciantes Unidos,,3044.0,Estadio Juan Maldonado Gamarra,Cutervo,8000.0,
569,Hapoel Haifa FC,,388.0,Sammy Ofer Stadium,Haifa,30874.0,
570,Beitar Jerusalem FC,,389.0,Teddy Stadium,Jerusalem,21600.0,
5555,CSD Municipal,,7594.0,Estadio Manuel Felipe Carrera,Ciudad de Guatemala,7480.0,
5568,"Dominican Republic U17, Women",,2778.0,Estadio Panamericano,San Cristóbal,2800.0,
5581,Club Rubio Ñú,,6788.0,Estadio La Arboleda,,,
5593,Heart of Midlothian LFC,,7622.0,Oriam,Edinburgh,1000.0,
5606,Club Ciudad de Bolívar,,7630.0,Estadio Municipal Eva Perón,San Carlos de Bolívar,4000.0,
5619,Club Deportivo Moquegua,,7634.0, Estadio 25 de Noviembre.,Moquegua,21000.0,
5629,Internacional FC de Palmira,,6135.0,Estadio Francisco Rivera Escobar,Palmira,15300.0,
5641,"Middlesbrough FC Ladies, Women",,486.0,Riverside,Middlesbrough,34988.0,
580,Coleraine FC,,398.0,The Showgrounds,Coleraine,2496.0,
1681,Club Atlético River Plate (URU),,1389.0,Estadio Saroldi,Montevideo,6000.0,
5154,Alhama CF,,6940.0,Campo Municipal de Fútbol José Kubala,Alhama de Murcia,2500.0,
5169,SG Dynamo Dresden U17,,3956.0,Sportpark Ostra Nachwuchs Akademie Dynamo Platz 15,Dresden,1500.0,
5198,Hồng Lĩnh Hà Tĩnh,,6976.0,Hà Tĩnh Stadium,Hà Tĩnh,10000.0,
5653,Las Palmas Atlético,,7663.0,Anexo Estadio de Gran Canaria,Las Palmas,2000.0,
5665,FC Mulhouse,,7674.0,Stade de l'Ill,Mulhouse,7871.0,
5677,US Forbach,,7686.0,Stade du Schlossberg,Forbach,5400.0,
4062,University College Dublin FC Under 19,,3215.0,UCD Bowl,Dublin,3.0,
5689,ES Reims Sainte-Anne,,7697.0,Stade Robert Pirès,Reims,,
5701,Sweden U21,,1423.0,Örjans Vall,Halmstad,15500.0,
5713,WKS Zawisza Bydgoszcz,,7720.0,Stadion Miejski im. Zdzisława Krzyszkowiaka,Bydgoszcz,20187.0,
5724,ES Ben Aknoun,,7726.0,20 August 1955 Stadium,Algiers,15000.0,
5733,Kyrgyzstan U23,,1786.0,Dolen Omurzakov Stadium,Bishkek,23000.0,
5741,Karaman Belediyespor,,7734.0,Yeni Karaman Stadyumu,Karaman,12586.0,
5749,MC El Bayadh,,7740.0,Zakaria Medjdoub Stadium,El Bayadh,15000.0,
5757,Syria U23,,1789.0,Abbasiyyin Stadium,Damascus,30000.0,
5765,Kosovo U21,,434.0,Fadil Vokrri Stadium,Pristina,16200.0,
5773,Eimsbütteler Turnverband U17,,7750.0,ETV-Sportzentrum Hoheluft,Eimsbüttel,1100.0,
5780,"FK Kolos Kovalivka, Women",,1189.0,Kolos Stadium,Kovalivka,1020.0,
5786,Galo Maringá,,7759.0,Estádio Willie Davids,Maringá,16226.0,
5792,Pamba Jiji FC,,1952.0,CCM Kirumba Stadium,Mwanza,35000.0,
5798,TSG 1862 Gießen-Wieseck U17,,7768.0,Stadion am Ried Jugendförderzentrum,Gießen-Wieseck,1000.0,
5804,"FK Partizani Tirana, Women",,7773.0,Arena e Demave,Tirana,3959.0,
5810,Le Cellier Mauves FC,,7778.0,Stade des Loquets,Mauves-sur-Loire,,
5816,BV Borussia 09 Dortmund U21,,1646.0,Fußballpark Hohenbuschei,Dortmund,2000.0,
5822,SC Borea Dresden U19,,7785.0,Sportplatz Jägerpark,Dresden,2000.0,
5828,Cyprus U21,,573.0,GSP Stadium,Strovolos,23000.0,
4772,Auckland City Youth Under 20,,6334.0,Fred Taylor Park,Auckland,1000.0,
4806,FC Naples,,6387.0,Paradise Coast Sports Complex Stadium,Naples,5000.0,
4833,Deportes Recoleta,,6469.0,Estadio Municipal Leonel Sánchez Lineros,Recoleta,2.0,
5440,FK Kaysar Kyzylorda Under 16,,1469.0,Gany Muratbayev Stadium,Kyzylorda,7300.0,
4878,Vendée Les Herbiers Football,,6540.0,Stade Massabielle,Les Herbiers,5000.0,
4897,CA Boca Juniors Reserve,,6563.0,Boca Predio,Ezeiza,1.0,
4914,CA San Lorenzo de Almagro Reserve,,6579.0,Ciudad Deportiva - San Lorenzo,Buenos Aires,300.0,
4931,US Granvillaise,,6598.0,Stade Louis-Dior,Granville,3000.0,
4947,Montenegro Under 19,,379.0,Podgorica City Stadium,Podgorica,17000.0,
4964,Kinondoni Municipal Council FC,,6651.0,KMC Stadium,Dar es Salaam,3000.0,
4977,NK Aluminij,,6228.0,Športni Park Aluminij,,,
4997,Real Valladolid Promesas,,6714.0,Anexos al José Zorrilla,Valladolid,1482.0,
5016,Utebo FC,,6734.0,Estadio Santa Ana,Utebo,5000.0,
5035,Real Club Deportivo Mallorca B,,6749.0,Son Bibiloni,Palma,1500.0,
5110,Club Atlético Artigas,,6843.0,Estadio Walter Martínez Cerrutti,Bella Unión,4500.0,
5122,FV Engers 07,,6873.0,Stadion am Wasserturm,Neuwied,3000.0,
5136,A.C. Ospitaletto,,6900.0,Gino Corioni,Ospitaletto,3000.0,
4704,El San Antonio Futbol Club,,3072.0,Ibarra Olympic Stadium,Ibarra,18600.0,
5155,DUX Logroño,,1253.0,Estadio Las Gaunas,Logrono,16000.0,
5170,Chemnitzer FC U17,,2272.0,Chemnitzer Sportforum,Chemnitz,,
5185,Estonia U21,,371.0,Kadriorg Stadium,Tallinn,5000.0,
5199,Imigresen FC,,6977.0,Penang State Stadium,Batu Kawan,40000.0,
5225,"Vitória Guimarães SC, Women",,7078.0,Estádio D. Afonso Henriques,Guimarães,30029.0,
5325,Manila Digger FC,,3653.0,Rizal Memorial Stadium,Manila,12873.0,
3429,CD Los Chankas CYC,,3045.0,Estadio Los Chankas,Andahuaylas,10000.0,
4858,"Club Always Ready, Women",,1366.0,Estadio Municipal de El Alto,La Paz,25000.0,
5461,FK Taraz Under 17,,7506.0,Taraz Central Stadium,Taraz ,12525.0,
5276,Tottenham Hotspur FC Under 19,,2338.0,Tottenham Hotspur Academy Spurs Lodge,Enfield Town,1000.0,
5474,Al Sahel,,3503.0,Prince Nayef bin Abdulaziz Stadium,Qatif,12000.0,
5053,Sportfreunde Siegen von 1899,,5462.0,Leimbachstadion,Siegen,18716.0,
5339,Racing FC Union Lëtzebuerg U19,,397.0,Stade Achille Hammerel,Luxembourg,5814.0,
5367,SC União Torreense Under 19,,2915.0,Campo Manuel Marques,Torres Vedras,12000.0,
589,Sant Julia,,405.0,Estadi Comunal D'Andorra La Vella,Sant Julia de Loria,900.0,
5388,China PR Under 23,,7472.0,Changzhou Olympic Sports Center Stadium,Changzhou,38000.0,
5411,IF Brommapojkarna U19,,2682.0,Grimsta IP,Stockholm,5000.0,
5487,Tuntum EC,,7529.0,Estádio Municipal Dr. Rafael Seabra,Tuntum,,
5504,Congleton Town FC,,7542.0,Cleric Stadium,Congleton,1500.0,
5517,AFC Croydon Athletic,,7554.0,Mayfield Stadium,Thornton Heath,,
5530,Merthyr Town FC,,7565.0,Penydarren Park,Merthyr Tydfil,4000.0,
5543,Worksop Town FC,,7578.0,Sandy Lane,Worksop,2000.0,
5556,CD Águila,,7595.0,Estadio Juan Francisco Barraza,San Miguel,15500.0,
5569,"England U17, Women",,487.0,Griffin Park,London,12763.0,
2030,"West Ham United, Women",,2074.0,Chigwell Construction Stadium,Dagenham,6078.0,
2029,"Aston Villa, Women",,488.0,Villa Park,Birmingham,42682.0,
5594,Montrose FC,,7623.0,Links Park Stadium,Montrose,4936.0,
5607,CA Ferrocarril Midland,,7631.0,Estadio Ciudad de Libertad,Libertad,4000.0,
5620,Casric Stars,,7635.0,Solomon Mahlangu Stadium,Mpumalanga,5000.0,
5630,Leones FC,,2608.0,Estadio Metropolitano de Itagüí,Itagüí,12000.0,
5642,"York City LFC, Women",,3550.0,York Community Stadium,York,8500.0,
5654,UD Mutilvera,,7664.0,Estadio Mutilnova,Mutilva,2000.0,
5666,Trélissac FC,,7675.0,Stade Firmin Daudou,Trélissac,3000.0,
646,Syrian Arab Republic,,1789.0,Abbasiyyin Stadium,Damascus,30000.0,
5678,ASM Belfortaine FC,,7687.0,Stade Serzian,Belfort,5500.0,
5690,Sport Athlétique Mérignacais,,7698.0,Stade Robert Brettes,Mérignac,3558.0,
649,Kyrgyzstan,,1786.0,Dolen Omurzakov Stadium,Bishkek,23000.0,
5702,Stranraer FC,,7709.0,Stair Park,Stranraer,4200.0,
5714,GP TS Avia Świdnik,,7721.0,Czesław Krygier Municipal Stadium,Świdnik,2886.0,
652,Vietnam,,441.0,My Dinh National Stadium,Hanoi,40192.0,
5725,Qatar U23,,1783.0,Khalifa International Stadium,Doha,50000.0,
2764,San Antonio FC,,2425.0,Toyota Field,San Antonio,8296.0,
5734,Azam FC,,7728.0,Azam Complex Stadium,Chamazi,10000.0,
5742,Tanzania Prisons,,6652.0,Sokoine Stadium,Mbeya,20000.0,
5750,Sukhothai FC,,7741.0,Thalay Luang Stadium,Sukhothai Province,9500.0,
5758,Lebanon U23,,1782.0,Camille Chamoun Sports City Stadion,Beirut,48837.0,
3046,Italy Under 17,,90.0,Stadio Olimpico,Rome,72698.0,
5766,Real Sociedad de Fútbol U21,,1562.0,Instalaciones de Zubieta,San Sebastian,2500.0,
5774,CD AD San Fermin (Salerm Cosmetic Puente Genil FC),,7751.0,Estadio Manuel Polinario,Córdoba,2000.0,
5781,FC Saint-Cyr Collonges Au Mont D'Or,,7757.0,Stade des Combes,Saint-Cyr-au-Mont-d'Or,,
5787,Dodoma Jiji FC,,7761.0,Jamhuri Stadium,Dodoma,30000.0,
5793,Singida Black Stars SC,,7764.0,Airtel Stadium,Mtipa,7000.0,
5799,SD Sarriana,,7770.0,Estadio Municipal de Ribela,Sarria,,
5805,US Chateau-Malo,,7774.0,Stade Francis Lemarié,Saint-Malo,,
5811,Olympique Charleville Prix Ardenne Métropole,,7779.0,Stade du Petit Bois,Charleville-Mézières,3000.0,
5817,Villeneuve-la-Garenne,,7782.0,Stade Gaston Bouillant,Villeneuve-la-Garenne,,
5823,FC Memmingen U17,,6779.0,Memminger Arena,Memmingen,5100.0,
5829,Iran U23,,1796.0,Azadi Stadium,Teheran,80000.0,
5835,"Mixto Esporte Clube, Women",,2378.0,Arena Pantanal,,,
41,Everton,,6883.0,Hill Dickinson Stadium,,,
2828,Aarhus GF U19,,8094.0,AGF's anlæg - Fredensvang,Aarhus,,
4773,Eastern Suburbs AFC,,6335.0,Madills Farm,Auckland,1000.0,
4834,CSD Rangers,,6470.0,Estadio Fiscal Tucapel Bustamante Lastra,Linares,4.0,
4859,"Care Dragonas Independiente del Valle, Women",,2551.0,Estadio Banco Guayaquil,Quito,12000.0,
4879,La Roche-sur-Yon Vendée Football,,6541.0,Stade de Saint-André d'Ornay,La Roche sur Yon,1800.0,
4978,SK Hanácká Slávia Kroměříž,,6687.0,Stadion Jožky Silného,Kroměříž,1529.0,
662,Gabon,,1776.0,Stade d'Angondjé,Libreville,40000.0,
4915,CA San Martín de San Juan Reserves,,6580.0,Predio Emmanuel Mas,San Juan,300.0,
4932,Olympique Saumur FC,,6599.0,Stade des Rives du Thouet,Saumur,3000.0,
4948,Académie de Football Amadou Diallo de Djékanou,,3895.0,Stade Robert-Champroux,Abidjan,10000.0,
4965,KenGold FC,,6652.0,Sokoine Stadium,Mbeya,20000.0,
4998,Real Ávila CF,,6715.0,Estadio Municipal Adolfo Suárez,Ávila,6.0,
5017,CD Tudelano,,3006.0,Estadio municipal Ciudad de Tudela,,,
5036,UD Alzira,,6750.0,Luis Suñer Picó,Alzira,8000.0,
5054,VfB Eichstätt,,6778.0,Hirsch Sportpark,Eichstätt,1500.0,
5111,Tacuarembó FC,,2052.0,Estadio Goyenola,Tacuarembó,12000.0,
4807,Antelope Valley Alta FC,,6388.0,Lancaster Municipal Stadium,Lancaster ,6000.0,
5123,Regionaler SV Eintracht 1949,,6874.0,Regionaler SV Eintracht 1949,Stahnsdorf,3000.0,
5137,AC Dolomiti Bellunesi,,6901.0,Omero Tognon,Fontanafredda,3361.0,
5171,SpVgg Bayreuth U17,,2234.0,Hans-Walter-Wild-Stadion,Bayreuth,,
5186,Digenis Akritas Ypsonas,,6969.0,Stelios Chari Stadium,Ypsonas,1000.0,
5200,Ipswich Town FC  Academy U18,,6093.0,Ipswich Town Training Centre,Ipswich,1000.0,
5226,Qarabag Agdam Under 19,,7079.0,Azersun Arena,Baku,4677.0,
683,Congo,,1767.0,Stade Municipal de Kintélé,Brazzaville,60000.0,
5277,KA Akureyri Under 19,,2796.0,Greifavöllurinn,Akureyri,1645.0,
5326,FC Saint Eloi Lupopo,,7364.0,Stade Kibassa Maliba,Lubumbashi,20000.0,
4898,CA Central Córdoba de Santiago del Estero Reserve,,6564.0,Estadio Alfredo Terrera,Santiago del Estero,21.0,
688,Benin,,1762.0,Stade de Lamitié,Cotonou,35000.0,
3302,"GKS Katowice, Women",,2948.0,Stadion ul. Bukowa,Katowice,10000.0,
690,Burundi,,1760.0,Stade du Prince Louis Rwagasore,Bujumbura,22000.0,
5156,Kieler SV Holstein 1900 U17,,3467.0,Citti-Fußball Park,Kiel,1200.0,
5340,HŠK Zrinjski Mostar U19,,7430.0,HŠK Zrinjski,Mostar,9000.0,
5368,CD Mafra Under 19,,2099.0,Parque Desportivo e Municipal de Mafra,Mafra,,
5389,Iraq Under 23,,3884.0,Basra Sports City Stadium,Bassorah,65000.0,
5412,SC FC Steaua Bucureşti U19,,7485.0,Stadionul Mogosoaia ,Mogosoaia,1026.0,
4298,"CA Mineiro, Women",,3928.0,Arena Gregorão,Contagem,2500.0,
4311,"Clube de Regatas do Flamengo, Women",,1248.0,Estádio José Bastos Padilha,Rio de Janeiro,4000.0,
699,Equatorial Guinea,,1614.0,Estadio de Mongomo,Mongomo,4000.0,
5441,FK Astana Under 16,,153.0,Astana Arena,Astana,30000.0,
5462,FK Irtysh Pavlodar Under 17,,2514.0,Krytyj futbolnyj Manesh,Omsk,3500.0,
5475,Náutico FC,,3472.0,Estádio Canarinho,Boa Vista,6000.0,
703,Ethiopia,,1750.0,Bahir Dar Stadium,Bahir Dar,60000.0,
704,Rwanda,,1749.0,Stade Amahoro,Kigali,35000.0,
5488,Caucaia EC,,7530.0,Estádio Raimundo de Oliveira,Caucaia,7800.0,
5505,Wingate & Finchley FC,,7543.0,The Maurice Rebak Stadium,Finchley,2638.0,
2612,"France U20, Women",,442.0,Estadio Nacional de Costa Rica,San Jose,35100.0,
708,Djibouti,,1745.0,Stade El Hadj Hassan Gouled,Djibouti,40000.0,
5518,Halesowen Town FC,,7555.0,The Grove,Halesowen,3150.0,
710,Central African Republic,,1743.0,Complexe Sportif Barthelemy Boganda,Bangui,20000.0,
711,Somalia,,1742.0,Mogadiscio Stadium,Mogadiscio,65000.0,
3846,"Sport Club Corinthians Paulista, Women",,2595.0,Estádio Alfredo Schürig,São Paulo,13969.0,
5531,Newcastle Town FC,,7566.0,Lyme Valley Stadium,Newcastle-under-Lyme,4000.0,
5544,Hyde United FC,,1979.0,Ewen Fields,Tameside,,
5557,CD Plaza Amador,,7596.0,COS Sports Plaza,Panamá,1100.0,
5570,"Poland U17, Women",,160.0,Silesian Stadium,,,
5582,SG Unterrath U19,,7613.0,HR-Schrott-Arena,Düsseldorf ,3500.0,
5595,Motherwell LFC,,7624.0,K-Park,East Kilbride,500.0,
3002,"IFK Norrköping DFK, Women",,1181.0,Östgötaporten,Norrkoping,17234.0,
3047,Luxembourg Under 17,,437.0,Josy Barthel,Luxembourg,8100.0,
3048,MND Tabor Sežana,,2770.0,Rajko Štolfa Stadium,Sežana,1310.0,
5608,Cesena Football Club U19,,3789.0,Centro Sportivo Romagna Centro,Cesena,664.0,
5621,University of Pretoria FC,,2199.0,Tuks Stadium,,,
3590,CDSC Cruz Azul,,597.0,Estadio Azul,Mexico City,,
5631,Tigres FC,,1427.0,Estadio Metropolitano de Techo,Bogota,10000.0,
5643,"AFC Bournemouth Ladies, Women",,7654.0,The Ringwood Community Hub,Ringwood,1000.0,
5655,Náxara CD,,7665.0,Estadio La Salera,Nájera,1000.0,
5667,FC Montceau Bourgogne,,7676.0,Stade des Alouettes,Montceau-les-Mines,6000.0,
5679,TVEC Les Sables-d'Olonne,,7688.0,Stade de La Roudilière,Les Sables-d'Olonne,1100.0,
5691,US Chauvigny,,7699.0,Stade Gilbert Arnault,Chauvigny,2000.0,
5703,Stirling Albion FC,,7710.0,Forthbank Stadium,Stirling,3808.0,
5715,MKS Flota Świnoujście,,7722.0,Świnoujście Municipal Stadium,Świnoujście,3070.0,
5726,Saudi Arabia U23,,2368.0,Prince Abdullah Al Faisal Stadium,Jeddah,24500.0,
5735,Mtibwa Sugar FC,,7729.0,Manungu Stadium,Turiani,5000.0,
5743,Périgny FC,,7735.0,Complexe Sportif de Perigny,Périgny,,
5751,SL Benfica U21,,2505.0,Benfica Campus,Seixal,2721.0,
5759,TSV Havelse U19,,1521.0,Wilhelm-Langrehr-Stadion,Garbsen-Havelse,3500.0,
5767,FC Pau II,,7747.0,Stade du Hameau Idron,Bizanos,1000.0,
4774,Fencibles United AFC,,6336.0,Riverhills Park,Auckland,500.0,
4835,Deportes Santa Cruz,,6471.0,Estadio Municipal Joaquín Muñoz García,Santa Cruz,3.0,
723,Anguilla,,1739.0,Raymond E. Guishard Technical Centre,The Valley,1100.0,
5442,FK Atyrau Under 16,,3251.0,Munaishy Stadium,Atyrau,8900.0,
4880,Blois Foot 41,,6543.0,Stade des Allées Jean-Leroi,Blois,7000.0,
4899,CSD Defensa y Justicia Reserve,,6565.0,Predio Campeones del Mundo,"Zeballos, Buenos Aires",300.0,
4916,CA Sarmiento Reserves,,6581.0,Centro de Alto Rendimiento,Junín,200.0,
4933,Vendée Poiré sur Vie Football,,6600.0,Stade de l'Idonnière,Le Poiré-sur-Vie,4600.0,
4949,San-Pédro FC,,3037.0,Laurent Pokou Stadium,San Pédro,20000.0,
5839,SOL FC d'Abobo,,3895.0,Stade Robert-Champroux,Abidjan,10000.0,
731,Guyana,,1732.0,Providence Stadium,Providence,15000.0,
4979,GKS Pogoń Grodzisk Mazowiecki,,3309.0,Stadion Znicza Pruszków ,Pruszków,2097.0,
4999,CD Laredo,,6716.0,San Lorenzo,Laredo,2200.0,
5018,Deportivo Alavés B,,6735.0,José Luis Compañón,itoria-Gasteiz,2500.0,
5037,Club Lleida Esportiu,,6751.0,Camp d'Esports,Lerida,13500.0,
5055,FC Memmingen 07,,6779.0,Memminger Arena,Memmingen,5100.0,
5112,Uruguay Montevideo FC,,1379.0,Parque Abraham Paladino,Montevideo,8000.0,
4808,Texoma FC,,6389.0,Historic Bearcat Stadium,Sherman,6500.0,
5124,"FC Baník Ostrava, Women",,1327.0,Městský Stadion,Ostrava,15123.0,
5138,Frosinone Calcio U20,,6902.0,Stadio Comunale di Ferentino,Ferentino,2100.0,
742,Stade Olympique Choletais,,464.0,Stade Omnisports Jean Bouin,Cholet,20000.0,
743,Marignane Gignac FC,,1730.0,Stade Saint-Exupéry,Marignane,1500.0,
5143,"FK Aktobe, Women",,402.0,Pavlodar Central Stadium,Pavlodar,15000.0,
5157,1. FC Nürnberg U17,,6942.0,Sportplatz am Valznerweiher,Nürnberg ,3000.0,
5187,"Athlone Town AFC, Women",,3213.0,Athlone Town Stadium,Lissywollen,5.0,
5227,SK Slavia Praha Under 19,,2604.0,Stadion Na Chvalech,Chvaly,3400.0,
5278,AC Oulu,,7257.0,Raatti Stadium,Oulu,4392.0,
5327,Sheffield United FC  Academy U18,,466.0,Bramall Lane,Sheffield,32702.0,
4860,"Club Alianza Lima, Women",,1381.0,Estadio Alejandro Villanueva,La Victoria,33938.0,
4258,Botafogo FC (João Pessoa),,3575.0,Estadio estatal Jornalista Edgar Augusto Proença,Belém,,
5172,SV Stuttgarter Kickers U17,,3801.0,BZA Waldau,Stuttgart,,
3315,Olympique Lyonnais Under 21,,463.0,Stade de Balmont,Lyon,5600.0,
5341,HJK Helsinki U19,,7431.0,Talin jalkapallohalli,Helsinki,1000.0,
5369,UD Leiria Under 19,,1815.0,Estádio Dr. Magalhães Pessoa,Leiria,23888.0,
5463,FK Aktobe Under 17,,7480.0,Aktobe Central,Aktioubé,12000.0,
5390,Kyzyl-Zhar U18,,7473.0,Karasay Batyr Arena,Astana,,
1701,FC Hansa Rostock,,1401.0,Ostseestadion,Rostock,29000.0,
5413,FK Ludogorets 1945 Razgrad U19,,223.0,Ludogorets Arena,Razgrad,6500.0,
5476,Independente FC Limeira,,7521.0,Estádio Comendador Agostinho Prada,Limeira,13000.0,
2134,Al Sharjah SCC,,1902.0,Sharjah Stadion,Sharjah,15000.0,
5489,Marilia Atletico Clube,,3443.0,Estádio Municipal Bento de Abreu Sampaio Vidal,Marília,15010.0,
5506,Taunton Town FC,,7544.0,Wordsworth Drive,Taunton,3000.0,
5519,Dorchester Town FC,,7556.0,The Avenue Stadium,Dorchester,5300.0,
3575,Motor Lublin SA,,2599.0,Arena Lublin,Lublin,15500.0,
5532,Runcorn Linnets FC,,7567.0,APEC Taxis Stadium,Runcorn,1600.0,
5545,Dorking Wanderers FC,,7579.0,Meadowbank,Dorking,,
5558,Diriangén FC,,7597.0,Estadio Cacique Diriangén,Diriamba,7500.0,
5571,"Cameroon U17, Women",,1707.0,Stade Ahmadou Ahidjo,Yaoundé,38509.0,
5583,Hombrucher SV U19,,7614.0,Stadion Deutsch-Luxemburger-Straße,Dortmund,5000.0,
5596,Hamilton Academical LFC,,1223.0,New Douglas Park,Hamilton,5510.0,
5609,FC Südburgenland,,678.0,Profertil Arena Hartberg,Hartberg,4500.0,
5622,SV Waldhof Mannheim U17,,7637.0,Bezirkssportanlage Schönau,Mannheim-Schönau,4500.0,
5632,Club Atlético Boca Juniors de Cali,,1293.0,Olimpico Pascual Guerrer,Santiago de Cali,38648.0,
5644,"Hull City LFC, Women",,7655.0,Easy Buy Stadium,Barton upon Humber,,
5656,CD Ebro,,7666.0,Campo Municipal de Fútbol La Almozara-El Carmen,Zaragoza,400.0,
5668,Garde Saint-Ivy,,7677.0,Stade Municipal du Faubourg de Verdun,Pontivy,3140.0,
5680,FC Bassin d'Arcachon Sud,,7689.0,Stade Jean Brousse,Arcachon,1000.0,
5692,AS Canet,,7700.0,Stade Saint-Martin,Pyrénées-Orientales,,
5704,KS Besa Kavajë,,7711.0,Stadiumi Besa,Kavajë,8000.0,
5716,KP Legia Warszawa II,,3924.0,Legia Training Center,Ksiazenice,,
5727,Jordan U23,,1608.0,Amman International Stadium,Amman,25000.0,
5736,Cercle de Joachim SC,,7730.0,George V Stadium,Curepipe,6500.0,
5744,AS Quetigny,,7736.0,Stade des Cèdres,Quetigny,1000.0,
5752,Beyoğlu Yeni Çarşı FK,,7742.0,Maltepe Hasan Polat Stadium,Maltepe,5000.0,
5760,OKS Świt Skolwin (Szczecin),,7744.0,Obiekt Sportowy Skolwin,Skolwin,974.0,
5768,Erbaaspor,,7748.0,Erbaa İlçe,Tokat,3000.0,
5775,Ancienne Château-Gontier,,7752.0,Stade du Pavé,Château-Gontier,1500.0,
5782,Kanchanaburi Power F.C.,,7758.0,Kanchanaburi Province Stadium,Kanchanaburi Province,13000.0,
5788,JKT Tanzania,,7762.0,Major General Isamuhyo Stadium,Mbweni,15000.0,
5794,CD Extremadura 1924,,557.0,Estadio Francisco de La Hera,Almendralejo,11580.0,
5800,UE Porreres,,7771.0,Camp de Futbol Municipal Ses Forques,Porreras,1000.0,
5806,US Auby,,7775.0,Stadium Aldebert Valette,Auby,,
5812,FC Lavaur,,7780.0,Stade Municipal de Lavaur,Lavaur,,
5818,Ecotay Moingt,,7783.0,Stade Dupuy-Drouot,Écotay-l'Olme,,
5824,Bosnia-Herzegovina U21,,396.0,Grbavica Stadium,Sarajevo,15000.0,
5830,Northern Ireland U21,,1232.0,Windsor Park,Belfast,18500.0,
5836,"EC Vitória, Women",,2702.0,Stade Manoel-Barradas,Salvador,30615.0,
4775,Bay Olympic,,6330.0,Kiwitea Street,Auckland,5.0,
4836,CD Unión San Felipe,,6472.0,Estadio Municipal Javier Muñoz Delgado,San Felipe,10.0,
4861,"CD Santiago Morning, Women",,6505.0,Municipal de Peñalolén,Peñalolén,6000.0,
4881,LA Saint-Colomban Locminé,,6545.0,Stade du Pigeon Blanc,Locminé,3000.0,
4900,CD Riestra Reserves,,6586.0,Speed Camp,Villa Luzuriaga ,500.0,
4917,CA Talleres de Córdoba Reserve,,6582.0,La Boutique,Córdoba,18000.0,
1520,Cruzeiro EC,,1241.0,Mineirão,Belo Horizonte,62000.0,
4934,Football Club Fleury 91,,2742.0,Stade Walter-Felder,Fleury-Mérogis,1000.0,
4950,US Mondorf-les-Bains,,6620.0,Stade John Grün,Mondorf-les-Bains,3000.0,
4980,Örgryte IS,,1177.0,Gamla Ullevi,Gothenburg,18416.0,
5000,UD Llanera,,6717.0,Pepe Quimarán,Llanera,1000.0,
5019,CD Alfaro,,6736.0,La Molineta,Alfato,2300.0,
5038,CE Andratx,,6752.0,Municipal de Sa Plana,Andratx,600.0,
5056,Altonaer FC von 1893,,6781.0,Adolf-Jäger-Kampfbahn,Hamburg,8000.0,
3492,"Urawa Reds, Women",,3083.0,Urawa Komaba Stadium,Saitama,21500.0,
3540,CD Real Tomayapo,,3117.0,Estadio IV Centenário,Tarija,25000.0,
4809,Portland Hearts of Pine,,6390.0,Fitzpatrick Stadium,Portland,5500.0,
5125,KAA Gent II,,127.0,Ghelamco Arena,Gent,20000.0,
5139,Parma Calcio 1913 U20,,6904.0,Centro Sportivo Parma FC,Collecchio,1200.0,
3546,Grand Ouest Association Lyonnaise FC,,3135.0,Stade Ludovic Giuly,Chasselay,,
5144,"ŽFK LASK Crvena Zvezda, Women",,3887.0,Raiffeisen Arena,Linz,19080.0,
5158,SC Paderborn 07 U17,,3965.0, Ahorn-Sportpark,Paderborn,,
5173,SV Sandhausen U17,,6880.0,Waldstadion St. Ilgen,,,
5188,"Hibernian LFC, Women",,6970.0,Meadowbank Stadium,Edinburgh,1320.0,
5228,"Oud Heverlee Leuven, Women",,7080.0,The King Power At Den Dreef Stadium,Louvain,10020.0,
5279,Kotkan Työväen Palloilijat,,7258.0,Arto Tolsa Areena,Kotka,4780.0,
5328,Peterborough United FC U18,,6109.0, Mick George Training Academy,Peterborough,1000.0,
3316,Olympique Lyonnais II,,1861.0,Stade Municipal de Gerland,Lyon,40494.0,
5342,FK Rabotnički Skopje U19,,622.0,Tose Proeski Arena,Skopje,36460.0,
5370,Gil Vicente FC Under 19,,1221.0,Estadio Cidade de Barcelos,Barcelos,12504.0,
5414,Vietnam U23,,441.0,My Dinh National Stadium,Hanoi,40192.0,
5443,FO Zhas Kyran Under 16,,7507.0,Stade Zhas Kyran ,Almaty,3000.0,
827,Maccabi Haifa FC,,584.0,Stade Sammy-Ofer,Haïfa,30780.0,
5464,FK Astana Under 17,,153.0,Astana Arena,Astana,30000.0,
1519,Borussia Dortmund U19,,1646.0,Fußballpark Hohenbuschei,Dortmund,2000.0,
5477,Falcon FC,,4420.0,Estadio De Futebol João Cruz,Barra dos Coqueiros,1000.0,
5490,Santa Cruz FC,,2598.0,Stade do Arruda,Recife,60044.0,
5507,Bedfont Sports FC,,7545.0,Bedfont Recreation Ground,Bedfont,3000.0,
5520,Sholing FC,,7557.0,The Mortgage Decisions Stadium,Sholing,2500.0,
5533,AFC Emley,,7568.0,Welfare Ground,Emley,2000.0,
5546,Aveley FC,,7580.0,Parkside,Aveley,3500.0,
5559,Managua FC,,7598.0,"Estadio de Fútbol Miguel ""Chocorrón"" Buitrago",Managua,,
5572,"Samoa U17, Women",,7605.0,National Soccer Stadium,Apia,3500.0,
5584,SGV Freiberg U19,,2305.0,Wasen-Stadion,Freiberg,,
5597,Aberdeen LFC,,7625.0,Balmoral Stadium,Cove Bay,2602.0,
5610,US Cremonese U19,,3796.0,Amadio Soldi Field,Cremona,1000.0,
2895,Gwangju FC,,3694.0,Gwangju World Cup Stadium,Gwangju,,
5633,Real Soacha Cundinamarca,,7645.0,Estadio Municipal de Mosquera,Mosquera,2500.0,
5645,"Swindon Town LFC, Women",,1299.0,County Ground,Swindon,15728.0,
5657,CD Quintanar del Rey,,7667.0,Estadio San Marcos,Quintanar del Rey,2200.0,
847,Audax Club Sportivo Italiano,,605.0,Estadio Bicentenario Municipal de La Florida,La Florida,,
5669,RC Olympique Agathois,,7678.0,Stade Louis Sanguin,Agde,3500.0,
5681,Stade de Reims II,,7690.0,Stade Louis-Blériot,Bétheny,1000.0,
5693,FC Bayeux,,7701.0,Stade Henry Jeanne,Bayeux,3444.0,
5705,KS Flamurtari Vlorë,,7712.0,Flamurtari Stadium,Vlorë,9500.0,
5717,GKS Olimpia Grudziądz,,7723.0,Bronisław Malinowski Central Stadium,Grudziądz,5323.0,
852,Club Deportivo Temuco,,1705.0,Estadio Municipal Bicentenario German Becker,Temuco,18125.0,
5728,Montenegro U21,,379.0,Podgorica City Stadium,Podgorica,17000.0,
5737,AS Monaco FC II,,7731.0,Centre de Performance de l'AS Monaco FC,Monaco,300.0,
2135,Tractor Sazi Tabriz FC,,1903.0,Yadegar-e-Emam Tabriz,Tabriz,66833.0,
5745,GKS Wikielec,,7737.0,Stadion Gminny,Wikielec,600.0,
5753,Athletic Club Bilbao U21,,1680.0,Instalaciones de Lezama,Lezama,3250.0,
860,Portland Timbers,,615.0,Providence Park,Portland,,
861,Minnesota United Football Club,,1237.0,Allianz Field,Saint Paul,19400.0,
862,Houston Dynamo,,1235.0,BBVA Compass Stadium,Houston,22039.0,
5761,UD Sámano,,7745.0,Estadio Vallegón,Sámano,1000.0,
5769,UD Ourense,,3524.0,Estadio do Couto,Orense,5600.0,
5776,FK Pirmasens U19,,7753.0,Sportpark Husterhöhe Platz 3,Pirmasens,500.0,
5783,Valencia CF U21,,2459.0,Estadio Antonio Puchades,Valencia,2250.0,
5789,US Torcy,,7763.0,Stade du Frémoy,Torcy,1350.0,
5795,FC Freyming,,7765.0,Stade Pierre Potier,Freyming-Merlebach,,
5801,Reus FC Reddis,,555.0,Estadio Municipal de Reus,Tarragona,4700.0,
5807,GSA Tomblaine,,171.0,Marcel-Picot,Nancy,20087.0,
5813,AS Montréal-la-Cluse,,7781.0,Stade Orindis,Montréal-la-Cluse,,
5819,Touraine,,455.0,Stade de La Vallée Du Cher,Tours,16327.0,
5825,North Macedonia U21,,2479.0,Petar Miloševski Training Centre,Skopje,2500.0,
5831,Moldova U21,,570.0,Zimbru,Chisinau,10500.0,
5837,"Clube Atlético Mineiro, Women",,7795.0,Estádio das Alterosas,Belo Horizonte,6000.0,
5840,Brooklyn FC,,5715.0,MCU Park,New York,7000.0,
5842,Mount Pleasant FA,,7811.0,Drax Hall Sports Complex,Saint Ann's Bay ,2000.0,
3317,Barnsley FC Under 18 Academy,,1205.0,Oakwell Stadium,Barnsley,23287.0,
868,Melbourne Victory Football Club,,1480.0,Melbourne Rectangular Stadium,Melbourne,30050.0,
3333,Club Deportivo Mineros de Zacatecas,,2960.0,Estadio Francisco Villa,Zacatecas,20737.0,
905,Liverpool U19,,1.0,Anfield,Liverpool,54074.0,
870,Central Coast Mariners Football Club,,1484.0,Central Coast Stadium,Gosford,20119.0,
871,Perth Glory Football Club,,1478.0,Hbf Park,Perth,20500.0,
4776,Hønefoss BK,,6342.0,Aka Arena,Hønefoss,4120.0,
4837,CD Santiago Morning,,2509.0,Estadio Municipal de La Pintana,La Pintana,5000.0,
951,Colón de Santa Fe,,701.0,Estadio Brigadier Estanislao Lopez,Santa Fe de la Vera Cruz,40000.0,
4882,Bourges Foot 18,,6547.0,Stade Jacques Rimbault,Bourges,8000.0,
4901,Club Estudiantes de La Plata Reserve,,6566.0,Country Club - Mariano Mangano,La Plata,300.0,
4918,CA Tigre Reserve,,6583.0,Predio Nito San Andrés,Rincón de Milberg,150.0,
4935,Football Club 93 Bobigny,,27.0,Stade Auguste Delaune,Reims,21684.0,
4951,AS la Jeunesse d'Esch,,6622.0,Stade de la Frontière,Esch-sur-Alzette,4000.0,
4981,IK Oddevold,,6694.0,Rimnersvallen,Uddevalla,12000.0,
4283,OFK Petrovac,,3917.0,Pod Malim Brdom,Petrovac,1650.0,
886,Sport Club Corinthians Paulista,,641.0,Arena Corinthians,Sao Paulo,,
889,Sociedade Esportiva Palmeiras,,1247.0,Allianz Parque,São Paulo,55000.0,
887,Santos Futebol Clube,,1240.0,Estádio Urbano Caldeira,Santos,20120.0,
888,Red Bull Bragantino,,642.0,Estadio Nabi Abi Chedid,Braganca Paulista,,
5001,Coruxo FC,,6718.0,O Vao,vigo,2000.0,
5020,UD Barbastro,,6737.0,Municipal de Deportes de Barbastro,Barbastro,4700.0,
5039,CF Villanovense,,6755.0,Municipal Villanovense,Villanueva de la Serena,6500.0,
5057,VfL Bochum 1848 II,,506.0,Vonovia Ruhrstadion,Bochum,27559.0,
5113,Scunthorpe United FC,,6850.0,Glanford Park,Scunthorpe,9000.0,
5126,FK Spartak Kostroma,,6887.0,Urozhay Stadium,Urozhay,3000.0,
896,KS Raków Czestochowa,,1227.0,Gks Stadium,Belchatow,5238.0,
897,ŁKS Łódź,,650.0,Stadion Lks,Lodz,12160.0,
898,Club Athletico Paranaense,,652.0,Arena da Baixada,Curitiba,43000.0,
899,Avaí Futebol Clube,,656.0,Estadio da Ressacada,Florianopolis,17800.0,
900,CR Vasco da Gama,,653.0,São Januario,Rio De Janeiro,21880.0,
4810,Westchester SC,,6391.0,The Stadium at Memorial Field,Westchester County,3900.0,
1615,AFC Astra,,1637.0,Marin Anastasovici,Giurgiu,8500.0,
828,PFC Lokomotiv Plovdiv,,1501.0,Lokomotiv Stadium,Plovdiv,13220.0,
5140,SSD Casarano Calcio,,6905.0,Stadio Giuseppe Capozza,Casarano,6500.0,
902,Clube Atlético Mineiro,,654.0,Independencia,Belo Horizonte,23018.0,
903,Ceará Sporting Club,,1123.0,Estadio Castelao,Fortaleza,63903.0,
5145,Dibba Al Fujairah,,4452.0,Dibba Al Fujairah Club Stadium,,,
906,Tottenham Hotspur U23,,186.0,Tottenham Hotspur Stadium,London,62062.0,
907,Blackburn Rovers U23,,1670.0,Leigh Sports Village,Leigh,4775.0,
908,Everton U23,,1669.0,Merseyrail Community Stadium,Southport,6008.0,
909,Brighton and Hove Albion U23,,1668.0,AMEX Elite Football Performance Centre,Lancing,1000.0,
910,Southampton U23,,1667.0,Testwood Stadium,Totton,3000.0,
912,KRC Genk U19,,658.0,B-Veld Racing Genk,Genk,2000.0,
913,Ponte Preta,,661.0,Estadio Moises Lucarelli,Campinas,19722.0,
914,Oeste FC,,1666.0,Arena Barueri,Barueri,32500.0,
915,Botafogo FC Ribeirão Preto,,1665.0,Estádio Santa Cruz,Ribeirão Preto,29292.0,
916,Club Atlético Boca Juniors,,664.0,Alberto Jose Armando,Buenos Aires,49000.0,
917,CA Independiente,,688.0,Libertadores de America,Buenos Aires,,
918,Los Angeles FC,,665.0,Banc of California Stadium,Los Angeles,22000.0,
919,Seattle Sounders,,1312.0,Lumen Field,Seattle,69000.0,
920,VfL Osnabrück,,1216.0,Bremer Brücke,Osnabruck,16667.0,
5174,SSV Ulm 1846 U17,,6953.0,Nebenplatz Stadion bei H-L-P,Ulm,,
926,Bolivia U23,,1279.0,Estadio Hernando Siles,La Paz,41000.0,
5189,"Hamburger SV, Women",,510.0,Volksparkstadion,Hamburg,57000.0,
4862,"CA Peñarol, Women",,6506.0,Estadio Cr. José Pedro Damiani,Montevideo,12000.0,
927,Uruguay U23,,1285.0,Estadio Centenario,Montevideo,60235.0,
928,Colombia U23,,1427.0,Estadio Metropolitano de Techo,Bogota,10000.0,
929,Vissel Kobe,,675.0,Noevir Stadium,Kobe,30000.0,
930,Yokohama FC,,1663.0,NHK Spring Mitsuzawa Stadium,Yokohama,15454.0,
931,Jubilo Iwata,,1662.0,Yamaha Stadium,Iwata,15165.0,
932,SV Mattersburg,,676.0,Pappelstadion,Mattersburg,15700.0,
950,CA Banfield,,700.0,Florencio Sola,Buenos Aires,34901.0,
934,TSV Hartberg,,678.0,Profertil Arena Hartberg,Hartberg,4500.0,
935,SCR Altach,,1214.0,Cashpoint Arena,Altach,8500.0,
936,Club Atlético Unión,,682.0,Estadio 15 de Abril,Santa Fe de la Vera Cruz,,
937,Asociación Atlética Argentinos Juniors,,1211.0,Diego Armando Maradona,Buenos Aires,26000.0,
938,Club Atlético Huracán,,1206.0,Estadio Tomas Adolfo Duco,Buenos Aires,48314.0,
939,Club Atlético Vélez Sarsfield,,686.0,Jose Amalfitani,Buenos Aires,,
940,Club Atlético Central Córdoba,,1524.0,Estadio Único Madre de Ciudades,Santiago del Estero,30000.0,
941,Club Atlético Patronato,,683.0,Estadio Presbitero Bartolome Grella,Entre Rios Province,,
942,Club Deportivo Godoy Cruz Antonio Tomba,,689.0,Estadio Malvinas Argentinas,Mendoza,,
944,Club Atlético Rosario Central,,691.0,Estadio Dr. Lisandro de la Torre,Rosario,,
1521,Chapecoense AF,,1242.0,Arena Condá,Chapecó,22600.0,
904,Red Bull Salzburg U19,,2506.0,Untersberg-Arena,Grödig,4128.0,
867,Wellington Phoenix FC,,2803.0,Sky Stadium,Wellington,34500.0,
866,Adelaide United Football Club,,617.0,Coopers Stadium,Adelaide,,
869,Sydney Football Club,,2806.0,Sydney Football Stadium,Moore Park,41900.0,
5392,Altay,,7474.0,Stadion Vostok,Oskemen,8500.0,
946,Club Atlético San Lorenzo de Almagro,,1212.0,Estadio Pedro Bidegain,Flores,39494.0,
947,Club Atlético Talleres,,690.0,Mario Alberto Kempes,Cordoba,,
948,Racing Club de Avellaneda,,1213.0,Estadio Juan Domingo Peron,Buenos Aires,51389.0,
5229,Hereford FC,,7081.0,Edgar Street,Hereford,5250.0,
3576,FK Dukla Praha,,3223.0,Stadion Juliska,Prague,8.0,
953,Gimnasia y Esgrima La Plata,,703.0,Estadio Juan Carmelo Zerillo,La Plata,24544.0,
954,CA Lanús,,704.0,Estadio Ciudad de Lanus,Buenos Aires,47027.0,
1522,CS Alagoano,,1243.0,Estádio Rei Pelé,Maceió,19105.0,
1523,AFC Eskilstuna,,1245.0,Tunavallen,Eskilstuna,7800.0,
1524,GIF Sundsvall,,1246.0,Norrporten Arena,Sundsvall,8500.0,
4777,IL Hødd,,6343.0,Høddvoll,Ulsteinvik,8270.0,
1530,NK Varaždin,,1318.0,Stade Varteks,Varaždin,10800.0,
1532,NK Lokomotiva Zagreb,,1320.0,Stadion Kranjčevićeva,Zagreb,8850.0,
1534,Vejle Boldklub,,1257.0,Vejle Stadium,Vejle,11060.0,
4643,Sheffield Wednesday FC Under 21,,472.0,Hillsborough Stadium,Sheffield,39812.0,
1537,FC Fastav Zlin,,1335.0,Letná Stadion,Zlín,6375.0,
1541,Slezsky FC Opava,,1336.0,Stadion Sadech,Opava,7758.0,
4838,Floresta EC,,2168.0,Estádio Olímpico Horácio Domingos de Sousa,Ceará,,
1539,SK Dynamo České Budějovic,,1334.0,Stadion Střelecký Ostrov,České Budějovice,6681.0,
1543,SV Ried,,1258.0,Keine Sorgen Arena,Ried,7680.0,
1544,K Beerschot VA,,1259.0,Olympisch Stadion,Antwerp,12771.0,
1545,Coventry City Football Club,,1972.0,Coventry Building Society Arena ,,,
1546,Wycombe Wanderers,,1261.0,Adams Park,Wycombe,10284.0,
1547,Associazione Calcio Monza,,1264.0,Stadio Brianteo,Monza,18568.0,
137,Reggina 1914,,1266.0,Oreste Granillo,Reggio di Calabria,27763.0,
1548,AC Reggiana 1919,,20.0,Mapei Stadium,Reggio Emilia,21584.0,
1549,Sporting Farense,,1267.0,Estádio de São Luís,Faro,12000.0,
1550,FK Khimki,,305.0,Arena Khimki,Khimki,18636.0,
1551,FK Rotor Volgograd,,1268.0,Zenit Stadium,Volgograd,3500.0,
1552,Fatih Karagümrük SK,,1270.0,Vefa Stadium,Istanbul,12000.0,
1553,Hatayspor,,1271.0,Hatay Atatürk,Hatay,6105.0,
4404,Hercílio Luz FC,,4129.0,Estádio Anibal Torres Costa,Tubarão,6800.0,
1555,FKS Stal Mielec,,1272.0,Stadion Stali Mielec,Mielec,6849.0,
1556,Warta Poznan,,1274.0,Stadion Warty Poznan,Poznan,4694.0,
251,Dundee United,,1269.0,Tannadice Park,Dundee,14223.0,
4053,Celtic FC U19,,3655.0,Cappielow Park,Greenock,11100.0,
1561,Liverpool Montevideo,,1347.0,Estadio Belvedere,Montevideo,10000.0,
1562,Maidenhead United,,1645.0,York Road,Maidenhead,3998.0,
1565,Shenzhen FC,,121.0,Shenzhen Universiade Sports Centre,,,
1566,Puskas Akademia FC,,1580.0,Pancho Arena,Felcsut,3500.0,
1568,Mezokovesd Zsory SE,,1644.0,Városi Stadion,Mezokovesd,4500.0,
1570,Zalaegerszeg TE,,1642.0,ZTE-Aréna,Zalaegerszeg,11200.0,
1571,Maccabi Petah Tikva,,1290.0,Hamoshava Stadium,Petah Tikva,11500.0,
1573,Ironi Kiryat Shmona,,1291.0,Kiryat Shmona Municipal Stadium,Kiryat Shmona,5300.0,
1575,América de Cali,,1293.0,Olimpico Pascual Guerrer,Santiago de Cali,38648.0,
1577,Club Deportivo Junior FC,,1294.0,Estadio Metropolitano Roberto Melendez,Barranquilla,46692.0,
1579,Deportes Tolima,,1296.0,Estadio Manuel Murillo Toro,Ibague,28100.0,
1580,Hapoel Hadera,,67.0,Netanya Municipal Stadium,Netanya,13800.0,
1582,Once Caldas,,1430.0,Estadio Palogrande,Manizales,36553.0,
1584,Deportivo Cali,,1298.0,Estadio Deportivo Cali,Santiago de Cali,42000.0,
1585,AFC Rochdale,,1641.0,Crown Oil Arena,Rochdale,10249.0,
1587,Swindon Town,,1299.0,County Ground,Swindon,15728.0,
952,Estudiantes de La Plata,,2527.0,Estadio Jorge Luis Hirschi,La Plata,32530.0,
1636,Club Libertad,,1370.0,Estadio Dr. Nicolás Leoz,Asuncion,10500.0,
1702,SV Meppen 1912,,1532.0,Hänsch-Arena,Meppen,13696.0,
3334,Correcaminos de la UAT,,2961.0,Estadio Olímpico Ing. Marte R. Gómez,Ciudad Victoria,19500.0,
1597,FC Wacker Innsbruck,,1209.0,Tivoli Stadion Tirol,Innsbruck,16008.0,
1599,Mazatlán FC,,1304.0,Estadio de Mazatlán,Mazatlán,25000.0,
1604,HNK Šibenik,,1315.0,Stadion Šubićevac,Šibenik,3412.0,
1606,NK Istra 1961,,1316.0,Stade Aldo Drosina,Pula,9800.0,
1607,HNK Gorica,,1317.0,Gradski stadion Velika Gorica,Velika Gorica,5200.0,
1608,Scotland U21,,169.0,Hampden Park,Glasgow,52063.0,
1610,Greece U21,,294.0,Georgios Kamaras Stadium,Athens,14856.0,
1611,Lithuania U21,,35.0,LFF Stadium,Vilnius,5400.0,
1616,AFC Chindia Targoviste,,1636.0,Municipal Gloria,Buzdau,13400.0,
1617,FK Vozdovac,,1326.0,Vozdovac Stadium,Belgrade,5200.0,
1618,FK Mladost Lucani,,1635.0,Stadion Mladost,Lucani,5944.0,
1619,FK Novi Pazar,,1895.0,Novi Pazar City Stadium,Novi Pazar,12000.0,
1620,FK TSC Backa Topola,,1505.0,Stadion Senta,Senta,5000.0,
1621,FK Zlatibor Cajetina,,1634.0,Gradski Stadion,Uzice,12000.0,
1622,FC Baník Ostrava,,1327.0,Městský Stadion,Ostrava,15123.0,
1623,FK Teplice,,1328.0,Na Stínadlech,Teplice,18221.0,
1624,1.FK Příbram,,1329.0,Na Litavce,Příbram,9100.0,
1625,FC Zbrojovka Brno,,1330.0,Městský Stadion Srbská,Brno,10200.0,
1626,MFK Karviná,,1331.0,Městský Stadion Karviná,Karviná,4833.0,
5465,FK Atyrau Under 17,,3251.0,Munaishy Stadium,Atyrau,8900.0,
1628,FC Minai,,1338.0,Avanhard Stadium,Uzhhorod,12000.0,
1629,FC Inhulets Petrove,,1339.0,Stadion Inhoulets,Petrove,1720.0,
1630,FC Rukh Lviv,,138.0,Arena Lviv,Lviv,34915.0,
1704,SV Waldhof Mannheim 07,,1403.0,Carl-Benz-Stadion,Mannheim,24302.0,
1634,MVV Maastricht,,1546.0,De Geusselt,Maastricht,10000.0,
1635,Sporting Cristal,,1367.0,Estadio Alberto Gallardo,Lima,19000.0,
3473,Moca FC,,2676.0,Cibao Stadium,Santiago de los Caballeros,18077.0,
1637,Cerro Largo Fútbol Club,,1372.0,Estadio Arquitecto Antonio Eleuterio Ubilla,Melo,9000.0,
1640,Independiente Medellin,,1295.0,Estadio Atanasio Girardot,Medellin,40043.0,
1409,CA Aldosivi,,1115.0,Estadio Jose Maria Minella,Mar del Plata,35354.0,
1410,CA Tucuman,,1116.0,Estadio Monumental Jose Fierro,San Miguel de Tucuman,32700.0,
1641,CA Tigre,,1377.0,Estadio José Dellagiovanna,Buenos Aires,26282.0,
1642,Estudiantes de Mérida FC,,1346.0,Estadio Metropolitano de Mérida,Mérida,43000.0,
1643,Barcelona SC,,1368.0,Estadio Monumental Isidro Romero Carbo,Guayaquil,57267.0,
1644,Club Jorge Wilstermann,,1373.0,Estadio Félix Capriles,Cochabamba,27588.0,
1645,Deportivo Binacional,,1375.0,Estadio Guillermo Briceño Rosamedina,Juliaca,20030.0,
5230,South Shields FC,,7082.0,1st Cloud Arena,South Shields,4000.0,
1647,Club The Strongest,,1380.0,Estadio Rafael Mendoza,La Paz,14000.0,
1648,Liga Deportiva Universitaria de Quito,,1255.0,Rodrigo Paz Delgado,Quito,55000.0,
1411,SKN Sankt Pölten,,1117.0,Nv Arena,Sankt Polten,8000.0,
1412,São Paulo FC,,1118.0,Morumbí,Sao Paulo,67052.0,
1413,Goiás EC,,1119.0,Serra Dourada,Goiania,50049.0,
1414,SC Internacional,,1120.0,Estadio Beira-Rio,Porto Alegre,51300.0,
5280,IFK Mariehamn,,2062.0,Wiklöf Holding Arena,Mariehamn,,
1416,Grêmio FB Porto Alegrense,,1121.0,Arena Do Gremio,Porto Alegre,55662.0,
1417,CR Flamengo,,1248.0,Estádio José Bastos Padilha,Rio de Janeiro,4000.0,
1418,Coritiba FBC,,1122.0,Estadio Couto Pereira,Curitiba,41936.0,
5444,FK Tobol Kostanay Under 16,,401.0,Kostanay Central Stadium,Kostanay,8323.0,
1420,SC do Recife,,1124.0,Ilha Do Retiro,Recife,35020.0,
1421,AC Goianiense,,1119.0,Serra Dourada,Goiania,50049.0,
1422,CD Universidad de Concepción,,1125.0,Municipal de Collao,Concepcion,35000.0,
1423,CD Coquimbo Unido,,1344.0,Estadio Francisco Sánchez Rumoroso,Coquimbo,18500.0,
1434,Shandong Taishan Football Club,,1133.0,Jinan Olympic Sports Center,Jinan,56808.0,
4054,ŠK Slovan Bratislava Under 19,,3656.0,Stadion Rapid Ruzinov,Bratislava,3000.0,
1427,CD Provincial Curicó Unido,,1661.0,Estadio La Granja,Curicó,8278.0,
1428,CD Unión La Calera,,1345.0,Estadio Municipal Nicolás Chahuán Nazar,La Calera,9200.0,
1429,Club Deportes Iquique,,1129.0,Estadio Tierra de Campeones,Iquique,13171.0,
1432,Chongqing Dangdai Lifan FC,,1131.0,Chongqing Olympic Sports Center,Chongqing,58680.0,
1433,Shanghai Shenhua,,1132.0,Shanghai Hongkou Football Stadium,Shanghai,33060.0,
1435,Jiangsu Suning FC,,1134.0,Nanjing Olympic Sports Center,Nanjing,61443.0,
1437,Guangzhou Evergrande Taobao FC,,1136.0,Tianhe Stadium,Guangzhou,54856.0,
1439,Wuhan Zall FC,,1138.0,Dongxihu Sports Centre,Wuhan,30000.0,
1440,Dalian Professional FC,,1139.0,Dalian Sports Center Stadium,Dalian,61000.0,
1441,Hebei China Fortune FC,,1140.0,Langfang Stadium,Langfang,30040.0,
3335,CSyD Dorados de Sinaloa,,2962.0,Estadio Carlos González,Culiacán,20110.0,
1443,Aalborg BK,,1142.0,Aalborg Portland Park,Aalborg,13800.0,
1444,AGF,,1143.0,Ceres Park,Aarhus,19433.0,
1445,Odense BK,,1144.0,Nature Energy Park,Odense,15761.0,
1446,Silkeborg IF,,1145.0,Jysk Park,Silkeborg,10000.0,
1447,Randers FC,,1146.0,Cepheus Park Randers,Randers,10300.0,
1448,AC Horsens,,1147.0,Casa Arena,Horsens,10495.0,
1449,Lyngby Boldklub,,1148.0,Lyngby Stadium,Lyngby,10000.0,
1450,SønderjyskE,,1149.0,Sydbank Park,Haderslev,10000.0,
1451,Hobro IK,,1150.0,Ds Arena,Hobro,10700.0,
1452,SV Wehen Wiesbaden,,1151.0,Brita Arena,Wiesbaden,12566.0,
1453,Pisa Sporting Club,,1152.0,Arena Garibaldi,Pisa,14869.0,
1454,SS Juve Stabia,,1153.0,Stadio Romeo Menti,Castellammare di Stabia,7642.0,
1455,Virtus Entella,,1154.0,Stadio Comunale Di Chiavari,Chiavari,5500.0,
1456,Pordenone Calcio SSD,,1984.0,Stadio G. Teghil,Lignano Sabbiadoro,5000.0,
1457,ASD Trapani Calcio,,1155.0,Stadio Polisportivo Provinciale,Erice,7787.0,
1458,Yokohama F. Marinos,,1156.0,Nissan Stadium,Yokohama,72327.0,
1459,Urawa Red Diamonds,,1157.0,Saitama Stadium 2002,Saitama,63700.0,
1460,Kashima Antlers,,1158.0,Kashima Soccer Stadium,Kashima,40728.0,
1461,Nagoya Grampus,,1159.0,Nagoya Mizuho Athletics Stadium,Nagoya,27000.0,
1462,Oita Trinita,,1160.0,Showa Denko Dome Oita,Oita,40000.0,
1463,Gamba Osaka,,1161.0,Panasonic Stadium Suita,Suita,39694.0,
1464,Shimizu S-Pulse,,1162.0,Iai Stadium Nihondaira,Shizuoka,20339.0,
1465,FC Tokyo,,1163.0,Ajinomoto Stadium,Tokyo,49970.0,
1466,Kashiwa Reysol,,1164.0,Sankyo Frontier Kashiwa Stadium,Kashiwa,15349.0,
1467,Sanfrecce Hiroshima,,1165.0,Edion Stadium,Hiroshima,36906.0,
1468,Cerezo Osaka,,1166.0,Yanmar Stadium Nagai,Osaka,47000.0,
1469,Kawasaki Frontale,,1167.0,Kawasaki Todoroki Stadium,Kawasaki,26232.0,
1470,Sagan Tosu,,1168.0,Ekimae Real Estate Stadium,Tosu,24130.0,
1471,Vegalta Sendai,,1169.0,Yurtec Stadium,Sendai,19694.0,
1472,Shonan Bellmare,,1170.0,Shonan Bmw Stadium Hiratsuka,Kanagawa,15200.0,
1473,Hokkaido Consadole Sapporo,,1171.0,Sapporo,Sapporo,41484.0,
1474,FC Famalicão,,1172.0,Estadio Municipal de Famalicao,Vila Nova de Famalicao,5307.0,
1476,FK Tambov,,1174.0,Spartak Stadium,Tambov,8000.0,
1477,Livingston FC,,1175.0,Tony Macaroni Arena,Livingston,8716.0,
1478,Hammarby IF,,336.0,Tele2 Arena,Stockholm,30000.0,
1479,Kalmar FF,,1176.0,Guldfageln Arena,Kalmar,12500.0,
1480,IFK Göteborg,,1177.0,Gamla Ullevi,Gothenburg,18416.0,
1481,Helsingborgs IF,,1178.0,Olympia,Helsingborg,16500.0,
1482,Örebro SK,,1179.0,Behrn Arena,Orebro,12645.0,
1483,IF Elfsborg,,1180.0,Borås Arena,Boras,17800.0,
1638,Club Guaraní,,1886.0,Estadio Rogelio Livieres,Asunción,8000.0,
1475,PFC Sochi,,96.0,Fisht Olympic Stadium,Sotchi,47659.0,
1484,IFK Norrköping,,1181.0,Östgötaporten,Norrkoping,17234.0,
1485,Falkenbergs FF,,1182.0,Falcon Alkoholfri Arena,Falkenberg,5500.0,
1486,Mjällby AIF,,1183.0,Strandvallen,Hallevik,6500.0,
1487,IK Sirius,,1184.0,Studenternas Ip,Uppsala,10000.0,
1488,Östersunds FK,,1185.0,Jämtkraft Arena,Ostersund,8466.0,
1489,Varbergs BoIS FC,,1186.0,Paskbergsvallen,Varberg,4500.0,
1490,Denizlispor,,1187.0,Denizli Ataturk Stadium,Denizli,18745.0,
1491,Gençlerbirliği Spor Kulübü,,1226.0,Eryaman Stadyumu,Ankara,22000.0,
1492,Gaziantep FK,,1188.0,Gaziantep Stadium,Gaziantep,33502.0,
1493,FC Kolos Kovalivka,,1189.0,Kolos Stadium,Kovalivka,1020.0,
1495,LA Galaxy,,1191.0,Dignity Health Sports Park,Carson,27000.0,
1496,Chicago Fire,,1409.0,Soldier Field,Chicago,61500.0,
1497,Sporting Kansas City,,1193.0,Mercy Park,Kansas City,18467.0,
1498,San Jose Earthquakes,,1194.0,Earthquakes Stadium,San Jose,18000.0,
1499,Colorado Rapids,,1313.0,Dick's Sporting Goods Park,Commerce City,18061.0,
1500,New England Revolution,,1195.0,Gillette Stadium,Foxborough,66829.0,
1501,Real Salt Lake,,1196.0,America First Field,Sandy,20213.0,
3319,True Bangkok United FC,,2953.0,Thammasat Stadium,Pathum Thani,25000.0,
1503,Philadelphia Union,,1198.0,Subaru Park,Chester,18500.0,
1494,Club Internacional de Fútbol Miami,,1190.0,Inter Miami Cf Stadium,Fort Lauderdale,18000.0,
1506,New York City FC,,1201.0,Yankee Stadium,Bronx,47309.0,
1558,Atletico Fenix Montevideo,,2266.0,Parque Capurro,Montevideo,10000.0,
1508,Atlanta United FC,,1203.0,Mercedes-Benz Stadium,Atlanta,71000.0,
4778,Al Ittihad FC (Jeddah) Under 18,,6345.0,Prince Faisal bin Fahad Stadium Jeddah,Jeddah,15000.0,
1510,WSG Swarovski Tirol,,1209.0,Tivoli Stadion Tirol,Innsbruck,16008.0,
945,Club Atlético Newell's Old Boys,,1208.0,Estadio Marcelo Bielsa,Rosario,38095.0,
249,St. Mirren,,1222.0,St. Mirren Park,Paisley,8023.0,
2136,FK Pakhtakor Tashkent,,1904.0,Pakhtakor Central Stadium,Tashkent,35000.0,
228,S.C. Olhanense,,1814.0,Estádio José Arcanjo,Olhao,10080.0,
1531,NK Slaven,,1319.0,City Stadium Koprivnica,Koprivnica,3134.0,
1533,Liechtenstein U21,,62.0,RheinEnergieStadion,Cologne,50000.0,
1540,FK Mladá Boleslav,,1333.0,Stadion Mladá Boleslav,Mladá Boleslav,5000.0,
1542,1.FC Slovácko,,1260.0,Mestsky Fotbalovy Stadion,Uherske Hradiste,,
1538,FC Bohemians 1905,,1337.0,Stadion Ďolíček,Praha,6300.0,
4839,Al Taawon Under 18,,4730.0,Al Taawoun Club Stadium,,,
1560,Plaza Colonia,,1278.0,Campus Municipal Profesor Alberto Suppici,Colonia del Sacramento,15000.0,
1563,Notts County FC,,1286.0,Meadow Lane,Nottingham,19841.0,
168,NEC Nijmegen,,1394.0,Goffertstadion,Nimègue,12500.0,
1569,MTK Budapest,,1643.0,Uj Hidegkuti Nandor Stadion,Budapest,5322.0,
1574,Bnei Sakhnin FC,,1292.0,Doha Stadium,Sakhnin,8500.0,
1576,Independiente Santa Fe,,1297.0,Estadio Nemesio Camacho El Campin,Bogota,36343.0,
1703,FSV Zwickau,,1529.0,Stadion Zwickau,Zwickau,10130.0,
1581,Maccabi Netanya,,67.0,Netanya Municipal Stadium,Netanya,13800.0,
1583,Boyacá Chicó,,1519.0,Estadio La Independencia,Tunja,21000.0,
1586,Accrington Stanley,,1556.0,The Crown Ground,Accrington,5057.0,
1588,Oxford United,,1418.0,Kassam Stadium,Oxford,12500.0,
1590,SC Covilha,,1640.0,Municipal José Santos Pinto,Covilha,2055.0,
1592,FC Vizela,,1552.0,Estadio Do Fc Vizela,Vizela,3500.0,
1425,Everton de Viña del Mar,,1127.0,Sausalito,Vina del Mar,23423.0,
1598,SV Horn,,1638.0,Sparkasse Horn Arena,Horn,3500.0,
1609,Czech Republic U21,,1281.0,Doosan Aréna,Plzeň,11700.0,
5231,Coalville Town FC,,7083.0,Owen Street Sports Ground,Coalville,2500.0,
1601,FC Juárez,,1306.0,Estadio Olímpico Benito Juárez,Ciudad Juárez,19703.0,
1603,AD Pasto,,1343.0,Estadio Departamental Libertad,Pasto,20000.0,
1605,Millonarios FC,,1297.0,Estadio Nemesio Camacho El Campin,Bogota,36343.0,
1612,San Marino U21,,425.0,San Marino Stadium,Serravalle,7000.0,
1649,Club Olimpia,,1385.0,Estadio Manuel Ferreira,Asuncion,22000.0,
1650,Club Universitario de Deportes,,1369.0,Estadio Monumental U,Lima,80093.0,
1651,Club Alianza Lima,,1381.0,Estadio Alejandro Villanueva,La Victoria,33938.0,
1652,CD San José,,1387.0,Estadio olímpico Jesús Bermúdez,Oruro,35000.0,
1653,Club Cerro Porteño,,1382.0,Estadio General Pablo Rojas,Asunción,33000.0,
1655,Club Bolivar,,1348.0,Estadio Libertador Simón Bolivar,La Paz,5000.0,
1656,Caracas FC,,1349.0,Estadio Olímpico,Caracas,30000.0,
1657,Carabobo FC,,1383.0,Estadio Misael Delgado,Carabobo,10400.0,
5281,IF Gnistan,,7021.0,Mustapekka Areena,,,
1659,CSD Macara,,1384.0,Estadio Bellavista,Ambato,16467.0,
1660,CD Oriente Petrolero,,1350.0,"Estadio Ramón Aguilera
",Santa Cruz de la Sierra,38500.0,
1705,CA Sarmiento,,1404.0,Estadio Eva Peron,Junin,22000.0,
1662,Club Blooming,,1350.0,"Estadio Ramón Aguilera
",Santa Cruz de la Sierra,38500.0,
1706,Juventus U23,,1405.0,Stadio Giuseppe Moccagatta,Alessandria,6000.0,
1707,AC Pro Sesto,,1629.0,Breda,Sesto San Giovanni,4500.0,
1666,Club Sol de América,,1354.0,Estadio Luis Alfonso Giagni,Villa Elisa,11000.0,
1663,CA Nacional Potosi,,1351.0,Estadio Víctor Agustín Ugarte,Potosí,32000.0,
2137,Al Quwa Al Jawiya,,1905.0,Al-Quwa Al-Jawiya Stadium,Baghdad,10000.0,
1668,FBC Melgar,,1356.0,Estadio Monumental Virgen de Chapi,Arequipa,60000.0,
1502,Toronto FC,,627.0,BMO Field,Toronto,30000.0,
2574,Clube Náutico Capibaribe,,2239.0,Estádio Eládio de Barros Carvalho,Recife,,
1505,Montréal,,1200.0,Saputo Stadium,Montreal,20801.0,
1665,Club Nacional Asuncion,,1352.0,Club Nacional Asuncion,Asunción,4434.0,
2610,"Spain U20, Women",,442.0,Estadio Nacional de Costa Rica,San Jose,35100.0,
5415,Buxoro FK,,7487.0,Buxoro Arena,Boukhara,22700.0,
1669,CD Sport Huancayo,,1357.0,Estadio Huancayo,Huancayo,17000.0,
1670,Club Atlético Grau,,1362.0,Estadio Miguel Grau,Piura,25000.0,
1671,Cusco Fútbol Club,,1358.0,Estadio Inca Garcilaso de la Vega,Cusco,22000.0,
1672,AC Mineros de Guayana,,1363.0,Estadio Cachamay,Ciudad Guayana,41300.0,
1673,Aragua FC,,1359.0,Estadio de Fútbol Hermanos Ghersi,Aragua,14000.0,
1675,Llaneros de Guanare EF,,1390.0,Estadio Rafael Calles Pinto,Guanare,13000.0,
1676,SD Aucas,,1365.0,Gonzalo Pozo Ripalda,Quito,18799.0,
1677,CS Emelec,,1360.0,Estadio George Capwell,Guayaquil,40000.0,
1678,El Nacional,,1361.0,Estadio Olímpico Atahualpa,Quito,35742.0,
1679,CD Universidad Católica del Ecuador,,1361.0,Estadio Olímpico Atahualpa,Quito,35742.0,
1680,Club Always Ready,,1366.0,Estadio Municipal de El Alto,La Paz,25000.0,
1639,Delfín SC,,1374.0,Estadio Jocay,Manta,20000.0,
5232,Curzon Ashton FC,,7084.0,Tameside Stadium, Ashton-under-Lyne,4000.0,
1708,Carrarese Calcio 1908,,1406.0,Stadio Dei Marmi,10630,,
1683,Hapoel Kfar Saba,,1633.0,Levita Stadium,Kfar Saba,5800.0,
1709,US Citta Di Pontedera,,1628.0,Ettore Mannucci,Pontedera,4014.0,
1687,Helmond Sport,,1393.0,Solarunie Stadion,Helmond,4100.0,
1688,FC Den Bosch,,1395.0,Stadion de Vliert,Hertogenbosch,9000.0,
1710,Juventus U19,,1238.0,Colovray Stadium,Nyon,7200.0,
1685,Jong Ajax Amsterdam,,1392.0,Sportpark de Toekomst,Amsterdam,2000.0,
1689,Jong PSV Eindhoven,,1396.0,De Herdgang,Eindhoven,2500.0,
1711,Real Madrid U19,,684.0,Estadio Alfredo Di Stefano,Madrid,8400.0,
3577,Shelbourne FC,,3224.0,Tolka Park,Dublin,5700.0,
5282,FF Jaro,,7259.0,Project Liv Arena,Jakobstad,2740.0,
1691,TOP Oss,,1549.0,Frans Heesen Stadion,Oss,4700.0,
1692,FC Eindhoven,,1543.0,Jan Louwers Stadion,Eindhoven,4600.0,
1693,Almere City FC,,1541.0,Yanmar Stadion,Almere,3000.0,
1694,Jong FC Utrecht,,1545.0,Sportcomplex Zoudenbalch,Utrecht,450.0,
1695,Jong AZ Alkmaar,,1544.0,Afas Trainingscomplex,Alkmaar,1000.0,
1696,FC Bastia Borgo,,1632.0,Complexe sportif de Borgo,Borgo,2000.0,
1697,FC Sète 34,,1632.0,Complexe sportif de Borgo,Borgo,2000.0,
1698,Stade Briochin,,1400.0,Stade Fred-Aubert,Saint-Brieuc,13500.0,
1699,US Creteil-Lusitanos,,1630.0,Stade Dominique-Duvauchelle,Créteil,12150.0,
2145,Foolad Khuzestan FC,,1913.0,Foolad Arena,Ahvaz,30655.0,
4779,Muhayil Club Under 18,,6346.0,Muhayil Club Stadium,Muhayil ,2000.0,
1715,Club Deportivo Atlético Baleares,,1414.0,Estadio Balear,Palma,6000.0,
1720,Club Brugge KV U19,,146.0,Jan-Breydel,Bruges,29975.0,
1721,Lincoln City FC,,1413.0,Sincil Bank,Lincoln,10120.0,
1724,Fleetwood Town FC,,1534.0,Highbury Stadium,Fleetwood,5500.0,
1725,Doncaster Rovers FC,,1533.0,Keepmoat Stadium,Doncaster,15231.0,
1726,Crewe Alexandra FC,,1535.0,Alexandra Stadium,Crewe,10153.0,
1722,Gillingham FC,,1419.0,Mems Priestfield Stadium,Gillingham,11582.0,
1727,Real Madrid Castilla,,684.0,Estadio Alfredo Di Stefano,Madrid,8400.0,
1717,Atlético Madrid B,,556.0,Estadio Cerro Del Espino,Majadahonda,3376.0,
1718,Getafe CF B,,1626.0,Ciudad Deportiva de Getafe,Getafe,1500.0,
1719,SL Benfica U19,,1301.0,Caixa Futebol Campus,Seixal,2700.0,
1728,Plymouth Argyle,,1416.0,Home Park,Plymouth,18000.0,
1729,Ghana U20,,1613.0,Accra Sports Stadium,Accra,40000.0,
1730,Tanzania U20,,1625.0,Benjamini Mkapa National Stadium,Dar-es-Salaam,60000.0,
1731,Morocco U20,,1624.0,Stade de Marrakech,Marrakech,45240.0,
1732,Gambia U20,,1623.0,Independence Stadium,Bakau,40000.0,
1733,Uganda U20,,1622.0,Mandela National Stadium,Kampala,45200.0,
1734,Montevideo City Torque,,1887.0,Estadio Luis Franzini,Montevideo,16000.0,
1735,Halmstads BK,,1423.0,Örjans Vall,Halmstad,15500.0,
1736,Degerfors IF,,1424.0,Stora Valla,Degerfors,7500.0,
1737,12 de Octubre de Itaugua,,1896.0,Estadio Juan Canuto Pettengill,Itauguá,,
1738,Guabira Montero,,1426.0,Estadio Gilberto Parada,Montero,13000.0,
1739,Metropolitanos FC,,1349.0,Estadio Olímpico,Caracas,30000.0,
1740,CD La Equidad,,1427.0,Estadio Metropolitano de Techo,Bogota,10000.0,
1741,CA Rentistas,,1285.0,Estadio Centenario,Montevideo,60235.0,
1742,Deportivo La Guaira,,1349.0,Estadio Olímpico,Caracas,30000.0,
1743,Deportivo Pereira,,1621.0,Estadio Hernán Ramírez Villegas,Pereira,30313.0,
1744,CA Bucaramanga,,674.0,Estadio Alfonso López,Bucaramanga,25000.0,
1745,Jaguares de Cordoba,,1620.0,Estadio Municipal de Fútbol de Montería,Montería,8000.0,
1517,Derby County U18,,1647.0,Loughborough University Stadium,Loughborough,3000.0,
1747,CD Universidad César Vallejo,,1431.0,Estadio Mansiche,Trujillo,25036.0,
1748,Montevideo Wanderers Fútbol Club,,1428.0,Estadio Alfredo Victor Viera,Montevideo,10000.0,
1749,Ayacucho FC,,1433.0,Estadio Ciudad de Cumaná,Ayacucho,15000.0,
1750,CD Lara,,1434.0,Estadio Farid Richa,Barquisimeto,45312.0,
1751,Club Atlético Palmaflor,,1435.0,Felix Capriles,Cochabamba,35000.0,
1752,Guaireña Fútbol Club,,1436.0,Estadio Parque Del Guaira,Villarica,12000.0,
1753,Guayaquil City FC,,1437.0,Estadio Christian Benitez Betancourt,Guayaquil,10150.0,
1754,Academia Puerto Cabello,,1438.0,Academia Puerto Cabello,Puerto Cabello,7000.0,
1755,CCyD Universidad Técnica de Cajamarca,,1439.0,Estadio Heroes de San Ramon,Cajamarca,18000.0,
1756,CSD Carlos A. Mannucci,,1431.0,Estadio Mansiche,Trujillo,25036.0,
1686,SC Telstar,,1548.0,Rabobank Ijmond Stadion,Velsen,3200.0,
1758,FC Ararat-Armenia,,13.0,Vazgen Sargsyan Republican Stadium,Yerevan,14403.0,
1746,Royal Pari FC,,1350.0,"Estadio Ramón Aguilera
",Santa Cruz de la Sierra,38500.0,
1674,Zamora Futbol Club,,1364.0,Estadio Agustín Tovar,Barinas,29800.0,
1518,Derby County U19,,1647.0,Loughborough University Stadium,Loughborough,3000.0,
2140,Al Ahli SC (Jeddah),,1907.0,King Abdullah Sports City,Jeddah,62240.0,
1757,Austin,,1440.0,Q2 Stadium,Austin,20500.0,
5416,Qizilqum Zarafshon PFK,,7488.0,Yoshlar Stadium,Navoiy,15000.0,
1762,Paola Hibernians FC,,1443.0,Hibernians Ground,Paola,8000.0,
1763,MSK Zilina,,1444.0,Stadion Msk Zilina,Zilina,11258.0,
1764,MFK Ruzomberok,,1445.0,Stadion Mfk Ruzomberok,Ruzomberok,4817.0,
1768,Paide Linnameeskond,,1448.0,Paide Linnastaadion,Paide,268.0,
1770,NS Mura,,1450.0,Mesti Stadion Fazanerija,Murska Sobota,5000.0,
1775,Breidablik UBK,,1454.0,Kopavogsvollur,Kopavogur,3009.0,
1772,Union Titus Petange,,1451.0,Stade Municipal,Petange,2400.0,
1771,FK Renova,,215.0,Ecolog Arena,Tetovo,15000.0,
1769,FC Inter Turku,,1449.0,Veritas Stadium,Turku,9300.0,
1767,Floriana FC,,1447.0,Independence Ground,Floriana,3000.0,
1766,FK Sumgayit,,1230.0,Kapital Bank Arena,Sumgayit,1500.0,
1765,FK Sileks,,1446.0,Gradski Stadion Kratovo,Kratovo,1800.0,
1773,FK Zeta Golubovci,,1452.0,Stadion Tresnjica,Golubovci,4000.0,
1774,Vikingur Reykjavik,,1453.0,Víkingsvollur,Reykjavic,1449.0,
1776,KR Reykjavik,,1455.0,Kr-Vollur,Reykjavic,2801.0,
3605,ZKS Stal Rzeszów,,3247.0,"Stadion Miejski ""STAL"" w Rzeszowie",Rzeszów,12000.0,
1778,Inter Club de Escaldes,,405.0,Estadi Comunal D'Andorra La Vella,Sant Julia de Loria,900.0,
1779,FC Saburtalo Tbilisi,,1458.0,Mikheil Meskhi Stadium,Tbilisi,27223.0,
1780,NK Celje,,198.0,Stozice Stadium,Ljubljana,16100.0,
1782,FC Honka,,1460.0,Tapiolan Urheilupuisto,Espoo,5000.0,
1783,Viking FK,,1461.0,Sr-Bank Arena,Stavanger,15900.0,
1784,FK Borac Banja Luka,,1462.0,Banja Luka City Stadium,Banja Luka,9730.0,
1785,FK Iskra Danilovgrad,,1463.0,Stadion Brace Velasevic,Danilovgrad,,
1786,Sirens FC,,1464.0,Sirens Stadium,St. Paul's Bay,1300.0,
1787,Shirak FC,,1465.0,Gyumri City,Gyumri,2844.0,
1788,FC Lokomotivi Tbilisi,,1458.0,Mikheil Meskhi Stadium,Tbilisi,27223.0,
1789,FK Vojvodina Novi Sad,,1466.0,Karadjordje Stadium,Novi Sad,14853.0,
1781,FK Bodo/Glimt,,1459.0,Aspmyra Stadion,Bodo,7354.0,
1790,FC Dinamo Batumi,,1467.0,Angisa Base,Batumi,20000.0,
1791,Bohemian FC,,1468.0,Dalymount Park,Dublin,7955.0,
1792,Linfield FC,,1232.0,Windsor Park,Belfast,18500.0,
1793,KF Tirana,,392.0,Stadiumi Selman Stermasi,Tirana,9500.0,
1794,FK Kaisar Kyzylorda,,1469.0,Gany Muratbayev Stadium,Kyzylorda,7300.0,
1760,FK Rigas Futbola skola,,1442.0,Rtu Stadium,Riga,3000.0,
1664,Club Sportivo Luqueno,,1353.0,Estadio Feliciano Cáceres,Luque,35000.0,
1795,Glentoran FC,,1470.0,The Oval,Belfast,26556.0,
1796,KS Teuta Durrës,,1471.0,Niko Dovana Stadium,Durres,12040.0,
1797,FK Ordabasy Shymkent,,1472.0,Kazhimukan Munaitpasov Stadium,Shymkent,37000.0,
1798,FC Sfintul Gheorghe,,1473.0,Suruceni Stadium,Suruceni,1500.0,
1799,FC Botosani,,1474.0,Stadionul Municipal,Botosani,7782.0,
1800,FC Dinamo-Auto,,1475.0,Dinamo-Auto Stadium,Tiraspol,1300.0,
1801,SP Tre Penne,,1476.0,Stadio Fonte Dell'ovo,San Marino,500.0,
1823,Ankaraspor,,274.0,Osmanli Stadi,Ankara,19626.0,
3336,Clube Atletico La Paz,,2963.0,Guaycura Stadium,La Paz,5209.0,
1804,Macarthur FC,,1618.0,Campbelltown Stadium,Leumeah,20000.0,
1805,Newcastle United Jets FC,,1485.0,McDonald Jones Stadium,Newcastle,33000.0,
2138,Esteghlal FC,,1796.0,Azadi Stadium,Teheran,80000.0,
1807,Cuiaba Esporte Club,,1489.0,Estadio Presidente Eurico Gaspar Dutra,Cuiaba,7000.0,
1808,América Mineiro FC,,654.0,Independencia,Belo Horizonte,23018.0,
1809,Juventude RS,,1490.0,Alfredo Jaconi,Caxias do Sul,30500.0,
1810,Villarreal B,,1491.0,Ciudad Deportiva del Villarreal,Villarreal,5000.0,
1811,FC Barcelona B,,1499.0,Johann Cruyff Stadium,Barcelona,6000.0,
1812,Valerenga IF Oslo,,1492.0,Intility Arena,Oslo,16555.0,
1813,SK Brann,,1322.0,Brann Stadion,Bergen,18000.0,
1814,Kristiansund BK,,1617.0,Kristiansund Stadion,Kristiansund,4444.0,
1815,Mjondalen IF,,1493.0,Consto Arena,Mjondalen,4350.0,
1816,Sandefjord Fotball,,1616.0,Release Arena,Sandefjord,8000.0,
2141,Al Shorta,,1909.0,Karbala International Stadium,Karbala,30000.0,
1818,Nublense,,1494.0,Estadio Nelson Oyarzun,Chillan,12000.0,
1819,CD Melipilla,,1495.0,Municipal Roberto Bravo,Melipilla,6500.0,
1820,Umraniyespor,,1496.0,Ümraniye Belediyesi Sehir Stadi,Istanbul,1600.0,
1821,Bandirmaspor,,1573.0,17 Eylul Stadium,Balikesir,5400.0,
1822,Boluspor,,1497.0,Bolu Atatürk Stadium,Bolu,8880.0,
4840,Al Hilal Under 18,,6491.0,Al-Hilal Club Stadium,Riyadh,5000.0,
1824,Balikesirspor,,1498.0,Balikesir Atatürk Stadium,Balikesir,15800.0,
1825,Altinordu FK,,275.0,Bornova Stadium,Izmir,12500.0,
1826,Olot,,1571.0,Municipal d'Olot,Olot,2500.0,
1827,FC Andorra,,1694.0,Camp de Futbol Prada de Moles,Encamp,530.0,
1828,CE l'Hospitalet,,1570.0,Estadi Olimpic Municipal,L'Hospitalet de Llobregat,6740.0,
1829,"Mexico, Women",,602.0,Azteca,Mexico City,,
5283,Mashujaa FC,,7270.0,Lake Tanganyika Stadium,Kigoma,20000.0,
1777,FC Differdange 03,,415.0,Stade Jos Haupert,Niederkorn,4830.0,
1837,CA Platense,,1504.0,Estadio Ciudad de Vicente Lopez,Florida,31000.0,
1838,Viborg FF,,1506.0,Energi Viborg Arena,Viborg,9566.0,
1839,Barry Town FC,,1507.0,Jenner Park,Barry,3500.0,
1840,HB Torshavn,,1471.0,Niko Dovana Stadium,Durres,12040.0,
1841,FK Kauno Zalgiris,,1508.0,Nfa Stadionas,Kaunas,500.0,
1842,NK Hrvatski Dragovoljac,,2117.0,Stade Kranjčević,Zagreb,,
1843,SK Austria Klagenfurt,,1231.0,Wörthersee Stadion,Klagenfurt,11000.0,
2142,Al Nassr FC,,1910.0,Mrsool Park,Riyadh,25000.0,
1845,RFC Seraing,,1510.0,Le Stade Du Pairay,Seraing,8207.0,
1846,RKS Radomiak Radom,,1511.0,Stadion Radomiaka Radom,Radom,5000.0,
1836,"Birmingham City, Women",,474.0,St Andrew's Trillion Trophy Stadium,Birmingham,30009.0,
1802,Brisbane Roar FC,,2914.0,Kayo Stadium,Moreton Bay,11507.0,
1803,Western United,,619.0,AAMI Park,Melbourne,,
1850,Veres Rivne,,1515.0,Avanhard Stadium,Rivne,20000.0,
1851,FC Metalist 1925 Kharkiv,,189.0,Metalist Stadium,Kharkiv,40003.0,
2765,Tampa Bay Rowdies,,2426.0,Al Lang Stadium,St. Petersburg,7227.0,
1853,Deportes Quindio,,1285.0,Estadio Centenario,Montevideo,60235.0,
1854,Rionegro Aguilas,,1517.0,Estadio Alberto Grisales,Rionegro,14000.0,
1855,Envigado FC,,1518.0,Estadio Polideportivo Sur,Envigado,14000.0,
1856,Boyaca Patriotas,,1519.0,Estadio La Independencia,Tunja,21000.0,
1857,CD Atletico Huila,,1520.0,Estadio Guillermo Plazas Alcid,Neiva,23000.0,
1858,TSV Havelse,,1521.0,Wilhelm-Langrehr-Stadion,Garbsen-Havelse,3500.0,
1860,Borussia Dortmund II,,1522.0,Stadion Rote Erde,Dortmund,25000.0,
1863,TSV 1860 Munich,,1525.0,Grünwalder Stadion,Munich,15000.0,
1864,Hallescher FC,,1526.0,Erdgas Sportpark,Halle,15057.0,
1865,FC Viktoria 1889 Berlin,,1527.0,Stadion Lichterfelde,Berlin,4300.0,
1866,FC Viktoria Cologne,,1528.0,Sportpark Höhenberg,Cologne,10001.0,
4391,Georgetown Hoyas University,,4063.0,Shaw Field,Washington,1625.0,
1868,SC Freiburg II,,30.0,Schwartzwald-Stadion,Freiburg,24000.0,
1869,Peterborough United,,1539.0,Abax Stadium,Peterborough,15314.0,
1870,Cheltenham Town,,1553.0,Jonny-Rocks Stadium,Cheltenham,7066.0,
1871,Cambridge United,,1554.0,Abbey Stadium,Cambridge,8127.0,
1872,Morecambe FC,,1555.0,Globe Arena,Morecambe,6476.0,
1873,AFC Wimbledon,,1557.0,Plough Lane,Wimbledon,9300.0,
1874,Burton Albion,,1558.0,Pirelli Stadium,Burton upon Trent,6912.0,
4780,Al Ahli SC (Jeddah) Under 16,,6347.0,Alahli Academy Stadium,Jeddah,,
3578,Étoile Carouge FC,,3225.0,Stade de la Fontenette,Carouge,3.0,
1926,"Costa Rica, Women",,442.0,Estadio Nacional de Costa Rica,San Jose,35100.0,
4055,Arsenal FC Under 19,,1826.0,Meadow Park,Borehamwood,4502.0,
1879,Adana Demirspor,,1564.0,5 Ocak Fatih Terim,Adana,16095.0,
1880,Giresunspor,,1565.0,Giresun Atatürk Stadium,Giresun,12191.0,
1881,Altay Izmir,,275.0,Bornova Stadium,Izmir,12500.0,
2156,Johor Darul Ta'zim,,1923.0,Sultan Ibrahim Stadium,Johor,40000.0,
5233,Torquay United FC,,7085.0,Plainmoor,Torquay,6500.0,
1933,"Venezuela, Women",,1605.0,Estadio Polideportivo de Pueblo Nuevo,San Cristóbal,38755.0,
1932,"Peru, Women",,1367.0,Estadio Alberto Gallardo,Lima,19000.0,
1931,"Zimbabwe, Women",,1606.0,National Sports Stadium,Harare,60000.0,
1904,"Turkey, Women",,269.0,Timsah Arena,Bursa,43761.0,
1929,"Ecuador, Women",,1361.0,Estadio Olímpico Atahualpa,Quito,35742.0,
1928,"Cote d'Ivoire, Women",,1607.0,Stade Félix-Houphouët-Boigny,Abidjan,45000.0,
1927,"Jordan, Women",,1608.0,Amman International Stadium,Amman,25000.0,
1925,"Guatemala, Women",,1609.0,Estadio Doroteo Guamuch Flores,Guatemala,29950.0,
1924,"Trinidad and Tobago, Women",,1610.0,Hasely Crawford Stadium,Port of Spain,27000.0,
1923,"Haiti, Women",,1611.0,Stade Sylvio Cator,Port-au-Prince,30000.0,
1922,"Philippines, Women",,440.0,Philippine Sports Stadium,Bocaue,20000.0,
1921,"Vietnam, Women",,441.0,My Dinh National Stadium,Hanoi,40192.0,
1920,"Luxembourg, Women",,437.0,Josy Barthel,Luxembourg,8100.0,
1919,"Latvia, Women",,436.0,Daugava Stadium,Riga,5683.0,
1918,"Georgia, Women",,381.0,Boris Paichadze Dinamo Arena,Tbilisi,54549.0,
1917,"Albania, Women",,1280.0,Air Albania Stadium,Tirana,22500.0,
1915,"Belgium, Women",,96.0,Fisht Olympic Stadium,Sotchi,47659.0,
1914,"Malta, Women",,1612.0,Ta Qali,Attard,16997.0,
1913,"Serbia, Women",,125.0,Rajko Mitic,Belgrade,55538.0,
1912,"North Macedonia, Women",,622.0,Tose Proeski Arena,Skopje,36460.0,
1911,"Estonia, Women",,122.0,A. Le Coq Arena,Tallinn,15000.0,
1909,"Hungary, Women",,1282.0,Ferenc-Puskás,Budapest,104000.0,
1908,"Kazakhstan, Women",,153.0,Astana Arena,Astana,30000.0,
1907,"Austria, Women",,330.0,Allianz Stadion,Vienna,28345.0,
1906,"Belarus, Women",,438.0,Dinamo Stadion,Minsk,41040.0,
1905,"Montenegro, Women",,379.0,Podgorica City Stadium,Podgorica,17000.0,
4841,Al Ahli SC (Jeddah) Under 18,,6347.0,Alahli Academy Stadium,Jeddah,,
1903,"Ukraine, Women",,189.0,Metalist Stadium,Kharkiv,40003.0,
1902,"Bosnia and Herzegovina, Women",,396.0,Grbavica Stadium,Sarajevo,15000.0,
1901,"Northern Ireland, Women",,1232.0,Windsor Park,Belfast,18500.0,
1900,"Faroe Islands, Women",,575.0,Tórsvøllur,Tórshavn,6040.0,
1899,"Slovenia, Women",,198.0,Stozice Stadium,Ljubljana,16100.0,
1897,"Iceland, Women",,167.0,Laugardalsvöllur,Reykjavik,15427.0,
1896,"Croatia, Women",,112.0,Kaliningrad Stadium,Kaliningrad,35016.0,
1893,"Finland, Women",,435.0,Tampere Stadium,Tampere,16800.0,
5284,Namungo FC,,7271.0,Majaliwa Stadium,Ruangwa,2000.0,
1891,"Poland, Women",,160.0,Silesian Stadium,,,
1889,"Israel, Women",,1391.0,Bloomfield,Tel Aviv,29150.0,
1888,"Republic of Ireland, Women",,163.0,Aviva Stadium,Dublin,51700.0,
1887,"Russia, Women",,86.0,Luzhniki Stadium,Moscow,81000.0,
1886,"Denmark, Women",,85.0,Brondby Stadion,Copenhagen,29000.0,
1884,"Colombia, Women",,1427.0,Estadio Metropolitano de Techo,Bogota,10000.0,
1883,"Equatorial Guinea, Women",,1614.0,Estadio de Mongomo,Mongomo,4000.0,
1882,"North Korea, Women",,1615.0,1st of May Stadium,Pyongyang,150000.0,
2158,Jeonbuk Hyundai Motors FC,,1925.0,Jeonju World Cup Stadium,Jeonju,50000.0,
1890,"Wales, Women",,119.0,Cardiff City Stadium,Cardiff,26828.0,
1832,"Portland Thorns FC, Women",,615.0,Providence Park,Portland,,
3049,Ukraine Under 21,,91.0,NSC Olimpiski,Kiev,70050.0,
1895,"Romania, Women",,587.0,Arena Națională,Bucarest,55634.0,
2150,Ulsan HD FC,,1918.0,Ulsan Munsu Football Stadium,Ulsan,44474.0,
1910,"Czech Republic, Women",,1281.0,Doosan Aréna,Plzeň,11700.0,
1898,"Slovakia, Women",,1252.0,Tehelné Pole,Bratislava,22500.0,
2152,Thể Công - Viettel,,1920.0,Hang Day,Hanoi,22500.0,
1830,"Racing Louisville FC, Women",,1536.0,Lynn Family Stadium,Louisville,11700.0,
1947,Guadeloupe,,1598.0,Stade René Serge Nabajoth,Les Abymes,7500.0,
1948,Como 1907,,1574.0,Stadio Giuseppe Sinigaglia,Como,13602.0,
1949,Ternana Calcio,,1575.0,Stadio Libero Liberati,Terni,22000.0,
1950,US Alessandria Calcio 1912,,1405.0,Stadio Giuseppe Moccagatta,Alessandria,6000.0,
1951,Ionikos Nikea FC,,1576.0,Neapoli Stadium,Nikala,4999.0,
1953,Mosta FC,,1577.0,Charles Abela Memorial Stadium,Mosta,600.0,
1954,Mons Calpe SC,,226.0,Victoria Stadium,Gibraltar,5000.0,
1955,FK Podgorica,,1578.0,DG Arena,Podgorica,1200.0,
1956,FC Struga Trim Lum,,1579.0,Gradska Plaza Stadium,Struga,501.0,
1958,Newtown AFC,,1582.0,Latham Park,"Newtown, Powys",3572.0,
1959,FC Dila Gori,,1583.0,Tengiz Burjanadze Stadium,Gori,8300.0,
1961,Larne FC,,1584.0,Inver Park,Larne,1100.0,
1962,Sligo Rovers FC,,1585.0,The Showgrounds,Sligo,5500.0,
1963,KF Llapi,,1586.0,Zahir Pajaziti City Stadium,Podujevo,2000.0,
1964,Swift Hesperange,,1587.0,Stade Alphonse Theis,Hesperange,4000.0,
1965,FK Decic Tuzi,,1588.0,Stadion Tusko Polje,Podgorica,2000.0,
1966,FC Gagra,,1589.0,Mtskheta Park,Tbilisi,2000.0,
1967,FK Velez Mostar,,1590.0,Stadion Rodeni,Mostar,7000.0,
1969,Vllaznia Shkoder,,1591.0,Loro Borici Stadium,Skhoder,16000.0,
1970,FK Cukaricki Belgrade,,1592.0,Cukaricki Stadion,Belgrade,4070.0,
1971,FK Panevezys,,1593.0,Aukstaitija Stadium,Panevezys,4000.0,
1972,FC Ashdod,,1594.0,Yud-Alef Stadium,Ashdod,8200.0,
1973,Torpedo Belaz Zhodino,,1595.0,Torpedo Stadium,Zhodino,6524.0,
1974,ACS Sepsi OSK Sfantu Gheorghe,,1596.0,Stadionul Municipal,Sfântu Gheorghe,5200.0,
1977,FC Arda Kardzhali,,1597.0,Arena Arda,Kardzhali,15000.0,
1712,Atlético Madrid U19,,556.0,Estadio Cerro Del Espino,Majadahonda,3376.0,
1979,Antigua and Barbuda,,1603.0,Sir Vivian Richards Stadium,North Sound,10000.0,
1980,Aruba,,1659.0,Guillermo Próspero Trinidad,Oranjestad,5500.0,
1982,Cayman Islands,,1657.0,Truman Boden,George Town,7000.0,
1986,Saint Lucia,,1655.0,Darren Sammy Cricket Ground,Saint Lucia,13000.0,
1987,Saint Kitts and Nevis,,1654.0,Warner Park,Basseterre,3500.0,
1988,Saint Vincent and the Grenadines,,1653.0,Arnos Vale Playing Ground,Kingstown,18000.0,
1989,Turks and Caicos Islands,,1652.0,TCIFA National Academy,Providenciales,3000.0,
1991,Ararat Yerevan FC,,225.0,Alashkert Stadium,Yerevan,6850.0,
3320,Ha Noi FC,,441.0,My Dinh National Stadium,Hanoi,40192.0,
1993,Shakhtar Karagandy,,1650.0,Shakhtyor Stadium,Karaganda,19000.0,
3337,Venados FC,,2964.0,Estadio Carlos Iturralde,Mérida,15087.0,
1995,"FC Barcelona, Women",,1499.0,Johann Cruyff Stadium,Barcelona,6000.0,
5234,Bracknell Town FC,,7086.0,Bottom Meadow,Sandhurst,1950.0,
1997,"Real Betis Balompié, Women",,1672.0,Ciudad Deportiva Luis Del Sol,Seville,1318.0,
1998,Algeciras CF,,1673.0,Estadio Nuevo Mirador,Algeciras,7200.0,
1999,UE Costa Brava,,543.0,Nou Estadi Municipal,Tarragona,14591.0,
2000,"Atlético Madrid, Women",,556.0,Estadio Cerro Del Espino,Majadahonda,3376.0,
2001,"Real Sociedad, Women",,1562.0,Instalaciones de Zubieta,San Sebastian,2500.0,
2002,"Deportivo Alavés, Women",,1674.0,Ciudad Deportiva El Glorioso,Elche,300.0,
2005,SCR Pena Deportiva,,1676.0,Estadio Municipal de Santa Eularia Des Riu,Santa Eularia,1500.0,
2006,CDA Navalcarnero,,1677.0,Estadio Mariano Gonzalez,Madrid,2500.0,
2008,CD Alcoyano,,1678.0,Estadio El Collao,Alcoy,4850.0,
1942,"Zambia, Women",,1599.0,Stade Levy Mwanawasa,Ndola,49000.0,
2011,"Madrid CF, Women",,1681.0,Municipal Nuevo Matapinonera,San Sebastian,2000.0,
2012,"Sporting de Huelva, Women",,1682.0,Ciudad Deportiva Del Conquero,Huelva,800.0,
2014,"Valencia CF, Women",,1684.0,Campo Municipal de Beniferri,Valencia,1000.0,
2015,"Rayo Vallecano, Women",,1685.0,Ciudad Deportiva Fundacion Rayo Vallecano,Madrid,2500.0,
2016,"Real Madrid, Women",,1686.0,Ciudad Real Madrid,Madrid,3000.0,
2018,Atletico Sanluqueno,,1688.0,Estadio El Palmar,Sanlucar de Barrameda,5500.0,
2019,UCAM Murcia,,1689.0,Estadio de La Condomina,Murcia,16800.0,
2020,Betis Deportivo Balompie,,1672.0,Ciudad Deportiva Luis Del Sol,Seville,1318.0,
2021,CD Linares,,1690.0,Estadio Municipal de Linarejos,Linares,10000.0,
2023,CD San Fernando,,1692.0,Estadio Ibroamericano 2010,San Fernando,8000.0,
1936,"Paraguay, Women",,1604.0,Estadio Defensores del Chaco,Asuncion,42354.0,
2024,"SD Eibar, Women",,1693.0,Unbe Sports Complex,Eibar,1000.0,
192,Polonia Warszawa,,1825.0,Stadion im. Generała Kazimierza Sosnkowskiego,Warszawa,7152.0,
6133,HSV Hoek,,8211.0,Sportpark Denoek,Hoek,,
2032,"Reading, Women",,2076.0,Madjeski Stadium,Reading,24161.0,
1945,"Kosovo, Women",,434.0,Fadil Vokrri Stadium,Pristina,16200.0,
1944,"Cyprus, Women",,573.0,GSP Stadium,Strovolos,23000.0,
1941,"Cuba, Women",,1600.0,Estadio Pedro Marrero,Havana,30000.0,
1940,"Panama, Women",,1601.0,Estadio Rommel Fernández,Panama City,32000.0,
1939,"El Salvador, Women",,446.0,Estadio Cuscatlan,San Salvador,53400.0,
1938,"Bermuda, Women",,1602.0,BDA National Sports Centre,Devonshire,2000.0,
5395,Ordabasy U16,,3301.0,Kazhymukan Munaitpasov Stadium,Shymkent,20000.0,
1935,"Uruguay, Women",,1285.0,Estadio Centenario,Montevideo,60235.0,
1934,"Nicaragua, Women",,445.0,Nicaragua National Football Stadium,Managua,15000.0,
2031,"Leicester City, Women",,132.0,King Power Stadium,Leicester,32312.0,
1992,AEL Limassol,,2749.0,Alphamega Stadium,,,
2003,"Levante UD, Women",,1675.0,Polideportivo Municipal de Nazaret,Valencia,100.0,
2013,"Sevilla FC, Women",,1683.0,Estadio Guadalquivir,Coria del Rio,5000.0,
2010,"Athletic Club de Bilbao, Women",,1680.0,Instalaciones de Lezama,Lezama,3250.0,
2022,Sevilla Atletico,,1691.0,Ciudad Deportiva Jose Ramon Cisneros Palacios,Seville,8000.0,
1943,"Azerbaijan, Women",,391.0,Bakcell Arena,Baku,11000.0,
2004,"Villarreal, Women",,1491.0,Ciudad Deportiva del Villarreal,Villarreal,5000.0,
2017,Real Balompédica Linense,,1687.0,Municipal de La Linea,La Linea,16119.0,
1990,US Virgin Islands,,1651.0,Paul E. Joseph Stadium,Frederiksted,5000.0,
1981,British Virgin Islands,,1658.0,A.O. Shirley Recreational Field,Tortola,3000.0,
1984,Dominican Republic,,1656.0,Estadio Olímpico Félix Sánchez,Santo Domingo de Guzmán,27000.0,
3579,AS FC Buzău,,1636.0,Municipal Gloria,Buzdau,13400.0,
2033,"Everton, Women",,1830.0,Rossett Park,Crosby,3185.0,
1946,"Great Britain, Women",,14.0,Wembley,London,90000.0,
2025,"Brighton and Hove Albion, Women",,82.0,Amex Stadium,Falmer,30750.0,
5235,King's Lynn Town FC,,7087.0,The Walks, King's Lynn,8200.0,
5285,Coastal Spirit,,7272.0,The Mkwakwani Stadium of Tanga City,,15000.0,
4063,PSV Eindhoven Under 19,,1396.0,De Herdgang,Eindhoven,2500.0,
2035,Borussia Mönchengladbach U17,,1973.0,Fohlenplatz am Borussia-Park (Platz 10),Mönchengladbach,,
2034,Vfl Bochum U17,,1831.0,Sportplatz Hiltroper Straße,Bochum,1120.0,
2036,Bayer 04 Leverkusen U17,,1832.0,Jugendfußball-Zentrum Leverkusen,Leverkusen,3000.0,
5329,Bristol City FC  Academy U18,,6092.0,Robins High Performance Centre,Failand,1223.0,
2038,Hannover 96 U17,,1975.0,Bezirkssportanlage Westender Straße ,Duisburg,,
2039,Bayer 04 Leverkusen U19,,1832.0,Jugendfußball-Zentrum Leverkusen,Leverkusen,3000.0,
2040,MSV Duisburg U19,,1975.0,Bezirkssportanlage Westender Straße ,Duisburg,,
2041,DSC Arminia Bielefeld U19,,1834.0,Böllhoff-Stadion,Bielefeld,3500.0,
4781,Mahd Academy Under 16,,6348.0,Mahd Academy Stadium,Riyad,,
4811,"Lokomotiva Brno Horní Heršpice, Women",,6423.0,Sokolova tráva 1,Brno,1000.0,
2045,Netherland U17,,162.0,Johan Cruijff ArenA,Amsterdam,53031.0,
4842,Al Fateh SC Under 18,,6493.0,The Reserve of Al Fateh Club Stadium No. (1),Al-Ahsa,1000.0,
5343,KS Skënderbeu Korçë U19,,7432.0,Skënderbeu,Korce,12343.0,
2049,Stoke City U18,,1841.0,Clayton Wood Training Ground,Stoke,500.0,
4863,"Club Guaraní, Women",,6502.0,Estadio Ypané,Ypané,5000.0,
2053,Club Sportivo Cerrito,,1887.0,Estadio Luis Franzini,Montevideo,16000.0,
2054,Club Deportivo Maldonado,,1844.0,Estadio Domingo Burgueño Miguel,Maldonado,23000.0,
2055,Institucion Atlética Sud América,,1845.0,Parque Angel Fossa,Montevideo,6000.0,
3321,Djabal Iconi,,3118.0,Stade Zikumbini,Iconi,1500.0,
2057,Club Social y Deportivo Villa Española,,1847.0,Estadio Obdulio Varela,Montevideo,8000.0,
2058,9 de Octubre,,1848.0,Estadio Modelo Alberto Spencer Herrera,Guayaquil,42000.0,
2059,Orense SC,,1849.0,Estadio 9 de Mayo,Machala,16456.0,
2060,Deportivo Cuenca,,1850.0,Estadio Alejandro Serrano Aguilar,Cuenca,21997.0,
2061,CD Tecnico Universitario,,1384.0,Estadio Bellavista,Ambato,16467.0,
2062,Mushuc Runa SC,,1851.0,Estadio Mushuc Runa SC Hechaleche,Ambato,8200.0,
2063,Manta FC,,1374.0,Estadio Jocay,Manta,20000.0,
2064,CD Olmedo,,1852.0,Estadio Fernando Guerrero Guerrero,Riobamba,14400.0,
2065,Sport Boys Association,,1853.0,Estadio Miguel Grau,Callao,15000.0,
2066,Club Cienciano,,1358.0,Estadio Inca Garcilaso de la Vega,Cusco,22000.0,
4883,Calgary Wild FC,,6555.0,McMahon Stadium,Calgary,35.0,
2068,Academia Deportiva Cantolao,,1362.0,Estadio Miguel Grau,Piura,25000.0,
2069,Club Social Deportivo Alianza Universidad,,1854.0,Estadio Heraclio Tapia,Huanuco,25000.0,
2070,Club Alianza Atlético Sullana,,1855.0,Estadio Campeones Del 36,Sullana,8000.0,
2071,CD Universidad San Martín de Porres,,1367.0,Estadio Alberto Gallardo,Lima,19000.0,
2072,CD La Serena,,1856.0,La Portada,La Serena,18243.0,
2074,"TSG 1899 Hoffenheim, Women",,1857.0,Dietmar-Hopp-Stadion,Sinsheim,6350.0,
2075,"HB Koge Pigefodbold, Women",,1860.0,Capelli Sport Stadion,Herfoelge,8000.0,
2076,"FK Zhytlobud-1 Kharkiv, Women",,1858.0,Stadion Olimpiets,Lyubotyn,3000.0,
2077,"Breidablik UBK, Women",,1454.0,Kopavogsvollur,Kopavogur,3009.0,
2078,"Paris Saint Germain, Women",,1864.0,Stade Georges Lefevre,Paris,3500.0,
2079,"BK Häcken, Women",,337.0,Bravida Arena,Gothenburg,6500.0,
2139,Al Duhail SC,,1906.0,Abdullah bin Khalifa Stadium,Doha,9000.0,
1983,Dominica,,1232.0,Windsor Park,Belfast,18500.0,
2083,"Servette FC, Women",,105.0,Stade de Genève,,,
2085,"VfL Wolfsburg, Women",,1865.0,Aok Stadion,Wolfsburg,5200.0,
2143,Al Sadd SC,,1911.0,Jassim Bin Hamad,Doha,12946.0,
2086,"SK Slavia Prague, Women",,149.0,Eden Aréna,Prague,21000.0,
2087,"AC Sparta Prague, Women",,2054.0,Estadio Letní,Chomutov,,
2088,VfB Stuttgart U17,,1862.0,Robert-Schlienz-Stadion,Stuttgart,5000.0,
2089,SC Freiburg U17,,1867.0,Möslestadion,Freiburg,18000.0,
2092,SC Freiburg U19,,1867.0,Möslestadion,Freiburg,18000.0,
2091,TSV 1860 Munich U17,,1866.0,Trainingsplatz Grünwalder Straße,Munich,500.0,
2093,VfB Stuttgart U19,,1862.0,Robert-Schlienz-Stadion,Stuttgart,5000.0,
2094,VfB Stuttgart II,,1862.0,Robert-Schlienz-Stadion,Stuttgart,5000.0,
2095,TSV Steinbach,,1884.0,SIBRE-Sportzentrum Haarwasen,Haiger,4970.0,
2096,Atalanta U19,,1868.0,Gewiss Stadium,Bergamo,22512.0,
3338,Tepatitlán de Morelos,,2965.0,Estadio Gregorio Tepa Gómez,Tepatitlán de Morelos,8085.0,
2098,Villarreal U19,,1976.0,Ciutat Esportiva del Villarreal CF - Mini Estadi,Villarreal,,
2099,FC Shakhtar Donetsk U19,,91.0,NSC Olimpiski,Kiev,70050.0,
2100,FK Sheriff Tiraspol U19,,1977.0,Sheriff small Arena,Tiraspol,,
2101,Paris Saint-Germain U19,,1864.0,Stade Georges Lefevre,Paris,3500.0,
2102,RB Leipzig U19,,1978.0,Trainingszentrum am Cottaweg,Leipzig,,
2067,Club Centro Deportivo Municipal,,1908.0,Iván Elías Moreno,Villa El Salvador,,
2048,Portugal U17,,313.0,Estadio Do Bessa Xxi,Porto,28263.0,
2042,Manchester City U23,,1835.0,Academy Stadium,Manchester,7000.0,
2080,"Olympique Lyonnais, Women",,2446.0,Stade Gérard Houllier 1,Décines-Charpieu,3000.0,
2104,Manchester United U21,,1670.0,Leigh Sports Village,Leigh,4775.0,
2027,"Manchester United, Women",,1670.0,Leigh Sports Village,Leigh,4775.0,
2082,"FC Bayern Munchen, Women",,2489.0,FC Bayern Campus 1,Munich,2500.0,
2084,"Juventus, Women",,1398.0,Juventus Center,Turin,400.0,
2081,"SL Benfica, Women",,1859.0,Estadio da Tapadinha,Lisbon,4000.0,
2090,"KS Vllaznia, Women",,566.0,Stadion Ludowy,Sosnowiec,7500.0,
5236,Alvechurch FC,,7088.0,Lye Meadow,Alvechurch,3000.0,
4884,Halifax Tides FC,,2571.0,Wanderers Grounds,Halifax,7000.0,
2153,Kaya FC,,3653.0,Rizal Memorial Stadium,Manila,12873.0,
2109,Stabæk Fotball,,1871.0,Nadderud,Bærum,7000.0,
2110,FC Carlos Stein,,1872.0,Estadio Carlos A. Olivares,Guadalupe,12000.0,
1667,Club River Plate Asuncion,,1355.0,Estadio River Plate,Asunción,6500.0,
2111,Hvidovre IF,,1873.0,PRO VENTILATION Arena,Hvidovre,12000.0,
2112,FC Helsingør,,1874.0,Helsingør Ny Stadion,Helsingør,4000.0,
2113,FC Fredericia,,1875.0,Monjasa Park,Fredericia,4000.0,
2114,Nykøbing FC,,1876.0,Lollands Bank Park,Nykøbing,10000.0,
2115,HB Køge,,1883.0,"Capelli Sport Stadion, Køge Idrætspark",Køge,4000.0,
2116,Jammerbugt FC,,1877.0,Sparekassen Vendsyssel Arena,Pandrup,6000.0,
2117,Vendsyssel FF,,1878.0,Nord Energi Arena,Hjørring,10000.0,
2118,BK Fremad Amager,,1879.0,Sundby Idrætspark,Copengahen,7200.0,
2119,Strømsgodset IF,,1880.0,Marienlyst Stadion,Drammen,8935.0,
2120,FK Haugesund,,1881.0,Haugesund Sparebank Arena,Haugesund,8983.0,
2121,Tromsø IL,,1882.0,Alfheim Stadion,Tromsø,7500.0,
2122,Odds BK,,1885.0,Skagerak Arena,Skien,13500.0,
2123,FC Annecy,,1721.0,Parc des Sports d’Annecy,Annecy,12243.0,
2125,Dhamk Club,,1891.0,Prince Sultan bin Abdul Aziz Stadium,Abha,20000.0,
2124,Al Hilal FC (Riyadh),,1798.0,King Fahd International Stadium,Riyadh,70000.0,
2127,Abha Club,,1891.0,Prince Sultan bin Abdul Aziz Stadium,Abha,20000.0,
2128,FK Radnik Surdulica,,1894.0,Gradski Stadion Surdulica,Surdulica,3312.0,
2129,FK Metalac Gornji Milanovac,,1897.0,Stadion FK Metalac,Gornji Milanovac ,4500.0,
2130,FK Napredak Kruševac,,1898.0,Stadion Mladost,Kruševac,10331.0,
2107,Belarus U17,,1980.0,Stadion FK Minsk,Minsk,,
2149,Al Rayyan SC,,1917.0,Ahmed bin Ali Stadium,Al Rayyan,21000.0,
2151,BG Pathum United FC,,1919.0,LEO Stadium,Bangkok,9000.0,
2200,SV Wehen Wiesbaden U17,,1983.0,Stadion am Halberg,Wehen,,
2155,Pohang Steelers FC,,1922.0,Pohang Steelyard,Pohang,17443.0,
2157,Ratchaburi Mitr Phol FC,,1924.0,Mitr Phol Stadium,Ratchaburi,10000.0,
2160,Chiangrai United FC,,1926.0,Singha Stadium,Chiang Rai,13000.0,
2161,Tampines Rovers FC,,1927.0,Our Tampines Hub,Singapur,5000.0,
2163,Daegu FC,,1928.0,Daegu Forest Arena,Daegu,12415.0,
2164,Port MTI FC,,1929.0,PAT Stadium,Bangkok,6000.0,
2165,United City FC,,1930.0,Panaad Park and Stadium,Bacolod,9825.0,
2168,Kitchee SC,,1931.0,Mong Kok Stadium,Hong Kong,6664.0,
2169,Express Sports Club,,1932.0,Muteesa II Stadium,Kampala,20202.0,
2198,Al-Ittihad,,1771.0,11 June Stadium,Tripoli,65000.0,
2172,Big Bullets FC,,1744.0,Kamuzu Stadium,Blantyre,40000.0,
2173,Jwaneng Galaxy FC,,1935.0,Galaxy Stadium,Jwaneng,2000.0,
2174,Royal Leopards FC,,1936.0,Simunye Park,Simunye,5000.0,
2175,AS Otôho d'Oyo,,1937.0,Complexe Omnisports d’Oyo,Owando,2000.0,
2176,Tusker FC,,1938.0,Moi International Sports Centre,Kasarani,60000.0,
2177,GD Sagrada Esperança,,1939.0,Estádio Sagrada Esperança,Dundo,8000.0,
2178,AS Maniema Union,,1940.0,Stade Joseph-Kabila,Kindu,10000.0,
2179,Bouenguidi FC de Koulamoutou,,1941.0,Stade Augustin Monédan de Sibang,Libreville,7000.0,
2180,Stade Malien de Bamako,,1942.0,Stade du 26 Mars,Bamako,50000.0,
2181,Union Sportive Gendarmerie Nationale,,1754.0,Stade Général Seyni Kountché,Niamey,30000.0,
2182,ESAE FC,,1943.0,Stade Charles de Gaulle,Porto-Novo,15000.0,
2183,FC Nouadhibou ASJN,,1944.0,Stade Municipal Nouadhibou,Nouadhibou,5000.0,
2184,Fortune FC,,1623.0,Independence Stadium,Bakau,40000.0,
2185,ES Sétif,,1945.0,Stade 8 Mai 1945,Sétif,25000.0,
2186,Teungueth FC,,1946.0,Stade Ngalandou Diouf,Rufisque,7500.0,
2187,AS des Employés de Commerce Mimosas,,1607.0,Stade Félix-Houphouët-Boigny,Abidjan,45000.0,
2188,Fasil Ketema FC,,1949.0,Fasiledes Stadium,Gonder,20000.0,
2189,Armée Patriotique Rwandaise FC,,1749.0,Stade Amahoro,Kigali,35000.0,
2190,Akwa United FC,,1950.0,Godswill Akpabio International Stadium,Uyo,30000.0,
2191,CR Belouizdad,,1951.0,Stade 20 Août 1955,Algier,20000.0,
2192,Young Africans SC,,1952.0,CCM Kirumba Stadium,Mwanza,35000.0,
2193,Rivers United FC,,1953.0,Yakubu Gowon Stadium,Port Harcourt  ,16000.0,
2194,Atlético Petróleos Luanda,,1954.0,Estádio 11 de Novembro,Luanda,50000.0,
2195,Zanaco FC,,1955.0,Sunset Stadium,Lusaka,20000.0,
2196,LPRC Oilers FC,,1752.0,Antoinette Tubman Stadium,Monrovia,10000.0,
2197,KMKM,,1956.0,Unguja Park,Unguja,5000.0,
2199,Al-Hilal FC (Omdurman),,1957.0,Al-Hilal Stadium,Omdurman,35000.0,
2201,Eintracht Frankfurt U19,,1982.0,Stadion am Riederwald,Frankfurt,,
2202,SG Sonnenhof Großaspach,,1958.0,WIRmachenDRUCK Arena,Großaspach,,
2203,SSV Ulm 1846 U19,,1988.0,Donaustadion,Ulm,,
2204,TSG 1899 Hoffenheim Under 17,,1981.0,Sportzentrum Zuzenhausen,Zuzenhausen,,
2205,Banadir Sports Club,,1742.0,Mogadiscio Stadium,Mogadiscio,65000.0,
2206,Étoile Sportive du Sahel,,1960.0,Stade Olympique de Sousse,Sousse,,
2207,Zamalek SC,,582.0,Cairo International Stadium,Cairo,75000.0,
2208,Tout Puissant Mazembe,,1961.0,Stade TP Mazembe,Lubumbashi,,
2220,Al Zawra'a SC,,1968.0,Al-Zawraa Stadium,Baghdad,,
2209,Al Ahly SC (Cairo),,1962.0,El Ahly Stadium,Cairo,,
2210,Horoya AC,,1769.0,Stade du 28 Septembre,Conakry,25000.0,
2211,Mamelodi Sundowns FC,,1963.0,Loftus Versfeld Stadium,Pretoria,,
2212,Raja Club Athletic de Casablanca,,1964.0,Stade Mohamed V,Casablanca,,
2213,Simba Sports Club,,1625.0,Benjamini Mkapa National Stadium,Dar-es-Salaam,60000.0,
2214,Hearts of Oak SC,,1613.0,Accra Sports Stadium,Accra,40000.0,
2170,Al-Merreikh Al-Sudan,,1933.0,Al Merreikh Sadium,Omdurman,35000.0,
2108,Morocco Women,,1964.0,Stade Mohamed V,Casablanca,,
3050,Portugal Under 21,,1859.0,Estadio da Tapadinha,Lisbon,4000.0,
2215,Espérance Sportive de Tunis,,1965.0,Stade Olympique Hammadi Agrebi,Tunis,,
2216,Wydad Athletic Club,,1964.0,Stade Mohamed V,Casablanca,,
2217,Al Gharafa SC,,1966.0,Thani Bin Jassim Stadium,Doha,,
2259,SV Darmstadt 1898 U17,,1991.0,Merck-Nachwuchsleistungszentrum ,Darmstadt,,
3547,Stade Athletique Spinalien Épinal,,3136.0,La Colombière,Épinal,2250.0,
2300,CA Barracas Central,,3576.0,Tomás Adolfo Ducó Stadium,Buenos Aires,,
2234,Rot-Weiss Essen U19,,3596.0,Sportpark am Hallo Stadion,Essen,3800.0,
2228,Schalke 04 U19,,1986.0,Neues Parkstadion,Gelsenkirchen,,
2235,SC Paderborn 07 U19,,2645.0,Trainings- und Nachwuchsleistungszentrum SC Paderborn 07,Paderborn,150.0,
2230,Schalke 04 U17,,1986.0,Neues Parkstadion,Gelsenkirchen,,
2244,FC Astoria Walldorf U19,,2750.0,Stadion Astoria Walldorf,Walldorf,3000.0,
2229,Wuppertaler SV U19,,3650.0,Sportplatz Uellendahl,Wuppertal,1500.0,
2233,1. FC Köln U19,,2003.0,Franz-Kremer-Stadion,Cologne,,
2239,Hertha BSC U19,,1989.0,Amateurstadion,Berlin,,
2236,FC Augsburg U19,,1987.0,Bezirkssportanlage Paul Renz,Augsburg,,
2218,Al Wahda FC (Abu Dhabi),,1915.0,Al-Nahyan Stadium,Abu Dhabi,15000.0,
5237,Farnborough FC,,7089.0,Cherrywood Road,Farnborough,6500.0,
2243,SpVgg Unterhaching U19,,3598.0,Uhlsport Park,Unterhaching,15053.0,
2237,SpVgg Greuther Fürth U19,,3651.0,Charly-Mai-Sportanlage,Fürth,3000.0,
2242,1. FC Heidenheim 1846 U19,,1990.0,Kunstrasenplatz Voith-Arena West,Heidenheim,,
4070,Stade Brestois 29 Under 19,,3663.0,Stade de Pen Helen 2 - Terrain Annexe,Brest,1000.0,
2245,SV Darmstadt 1898 U19,,1991.0,Merck-Nachwuchsleistungszentrum ,Darmstadt,,
2256,FSV Frankfurt U17,,1996.0,PSD Bank Arena,Frankfurt,,
2247,Hallescher FC U19,,1992.0,EVH-Nachwuchszentrum Sandanger,Halle,,
2249,Offenbacher FC Kickers 1901 Under 19,,2127.0,Sportzentrum Wiener Ring,Offenbach am Main,,
2250,FC Ingolstadt 04 Under 19,,2126.0,ESV Stadion,Ingolstadt,,
2251,1. FC Saarbrücken U19,,1993.0,FC Sportfeld,Saarbrücken,,
2238,Karlsruher SC U19,,2709.0,Platz 2 Wildparkstadion,Karlsruhe,4000.0,
2253,FC Bayern München U19,,1994.0,FC Bayern Campus,München,,
2221,Afghanistan,,2683.0,Ghazi Stadium,Kabul,25000.0,
2255,SSV Reutlingen 05 U17,,1995.0,Kreuzeiche-Stadion,Reutlingen,,
2241,KSV Hessen Kassel U19,,7827.0,Auestadion,Kassel,,
2258,SpVgg Greuther Fürth U17,,1997.0,Sportzentrum Kleeblatt,Fürth,,
2260,1. FC Heidenheim 1846 U17,,2125.0,Voith-Arena,Heidenheim,,
2261,1. FSV Mainz 05 U17,,1998.0,Am Engelborn,Nieder-Olm,,
2264,FC Bayern München U17,,1994.0,FC Bayern Campus,München,,
2265,FC Augsburg U17,,2000.0,Ernst-Lehner-Stadion,Augsburg,,
2267,FC Ingolstadt 04 U17,,2001.0,BSA Ingolstadt Süd-Ost,Ingolstadt,,
2268,Braunschweiger TSV Eintracht 1895 U17,,2124.0,Nachwuchsleistungszentrum Sportpark Kennel ,Braunschweig,,
2246,1. FC Kaiserslautern U19,,3595.0,Sportpark Rote Teufel,Mehlingen,,
2263,SpVgg Unterhaching U17,,1999.0,Stadion Grünau,Unterhaching,,
2273,FK KAMAZ Naberezhnye Chelny,,2004.0,KamAZ,Naberezhnye Chelny  ,,
2274,PFK Kuban Krasnodar,,2005.0,Kuban Stadium,Krasnodar,,
2275,FSK Olimp-Dolgoprudny,,2006.0,Salyut,Dolgoprudnyi,,
2276,FK Alaniya Vladikavkaz,,2071.0,Stadion im. Sultana Bilimkhanova,,,
2277,FK Veles Moskva,,2008.0,Avangard,Domodedovo,,
2278,FK Krasnodar II,,2009.0,FC Krasnodar Academy Stadium,Krasnodar,,
2279,FK Metallurg Lipetsk,,2010.0,Metallurg,Lipetsk,,
2280,FK Spartak Moskva II,,2011.0,Cherenkov Academy Stadium,Moscow,,
2281,FK Tekstilshchik Ivanovo,,2012.0,Stadion Tekstilshchik,Ivanovo,,
2282,FK Akron Togliatti,,2013.0,Kristall Stadion Zhigulevsk,Zhigulevsk,,
2285,FK Fakel Voronezh,,2014.0,Zentralstadion profsoyuzov Voronezh,Voronezh,,
2286,FK Torpedo Moskva,,2015.0,"Sportivniy Gorodok, Luzhniki",Mosow,,
2287,FK Volgar Astrakhan,,2016.0,Central Stadium Astrakhan,Astrakhan,,
2289,FK SKA-Energiya Khabarovsk,,2017.0,Lenin Stadion,Khabarovsk,,
2290,FK Tom' Tomsk,,2018.0,Trud,Tomsk,,
2291,FK Neftekhimik Nizhnekamsk,,2019.0,Neftekhimik,Nizhnekamsk,,
2292,Defensor Sporting Club,,1887.0,Estadio Luis Franzini,Montevideo,16000.0,
2293,Albion FC,,1285.0,Estadio Centenario,Montevideo,60235.0,
2294,Danubio Fútbol Club,,2020.0,Estadio Jardines del Hipódromo,Montevideo,,
2295,Asociación Deportiva Tarma,,1357.0,Estadio Huancayo,Huancayo,17000.0,
2296,General Caballero JLM,,2021.0,Estadio Leandro Ovelar,Sagrado Corazón de Jesús,,
2297,Resistencia SC,,2022.0,Estadio Tomás Beggan Correa,Asunción,,
2298,Tacuary FC,,2023.0,Estadio Toribio Vargas,Asunción,,
2299,Sportivo Ameliano,,2024.0,Estadio José Tomás Silva,Asunción,,
5286,Singida Fountain Gate FC,,7273.0,Kwaraa Stadium,Babati,3000.0,
2248,Chemnitzer FC U19,,2272.0,Chemnitzer Sportforum,Chemnitz,,
2223,Indonesia,,2684.0,Stadion Maguwoharjo,Yogyakarta,50000.0,
2224,Kuwait,,2559.0,Jaber Al-Ahmad International Stadium,Ardiya,,
2225,Myanmar,,2685.0,Thuwunna YTC Stadium,Yangon,35000.0,
3051,Norway Under 21,,108.0,Ullevaal Stadion,Oslo,25572.0,
3083,"Uganda, Women",,1622.0,Mandela National Stadium,Kampala,45200.0,
2270,SC Rot-Weiß Oberhausen U19,,2002.0,Nebenplatz Stadion Niederrhein,Oberhausen,,
2231,Köln U17,,7217.0,Stadion im Sportpark Höhenberg,Cologne,6214.0,
2269,Eintracht Frankfurt U17,,1982.0,Stadion am Riederwald,Frankfurt,,
2257,Karlsruher SC U17,,2709.0,Platz 2 Wildparkstadion,Karlsruhe,4000.0,
2262,SV 07 Elversberg U17,,3354.0,Ursapharm-Arena an der Kaiserlinde,Elversberg,9970.0,
2301,AD Unión Magdalena,,2026.0,Estadio Sierra Nevada,Santa Marta,,
2302,Corporación Club Deportivo Tuluá,,2027.0,Estadio 12 de Octubre,Tuluá,,
2303,FK Radnički 1923 Kragujevac,,2030.0,Čika Dača Stadion,Kragujevac,,
5238,Al Anwar Club,,7090.0,Al-Anwar Club Stadium,Hotat Bani Tamim,8000.0,
5287,Mbeya City FC,,6652.0,Sokoine Stadium,Mbeya,20000.0,
2306,Bani Yas,,2055.0,Baniyas Stadium,Abu Dhabi,,
2307,Emirates Club,,2033.0,Emirates Club Stadium,Ras al-Khaimah,,
5344,FK Jelgava U19,,5759.0,FK Jelgava Treniņbāze,,,
3339,CF Alebrijes de Oaxaca,,2966.0,Estadio Tecnológico de Oaxaca,Oaxaca de Juárez,16000.0,
2310,Gualaceo Sporting Club,,2034.0,Estadio Gerardo León Pozo,Gualaceo,,
2311,Cumbayá FC,,2035.0,Estadio Francisco Reinoso,Quito,,
2312,Charlotte FC,,2038.0,Bank of America Stadium,Charlotte,,
2313,Monagas SC,,2039.0,Estadio Monumental de Maturín,Maturín,,
4284,FK Jezero Plav,,3919.0,Stadion Pod Racinom,Plav,2500.0,
2315,Qatar SC,,2041.0,Suhaim bin Hamad Stadium,Doha,,
2316,CD Hermanos Colmenares FC,,1364.0,Estadio Agustín Tovar,Barinas,29800.0,
4392,Michigan State Spartans University,,4068.0,DeMartin Stadium,East Lansing,2500.0,
2319,Papua New Guinea,,2041.0,Suhaim bin Hamad Stadium,Doha,,
2318,Solomon Islands,,2040.0,Grand Hamad Stadium,Doha,,
2317,Cook Islands,,2040.0,Grand Hamad Stadium,Doha,,
2321,New Caledonia,,2041.0,Suhaim bin Hamad Stadium,Doha,,
2322,Fiji,,2040.0,Grand Hamad Stadium,Doha,,
2324,Buriram United FC,,2043.0,Chang Arena,Buriram,,
2325,Al Taawon FC,,2044.0,King Abdullah Sport City Stadium,Buraidah,,
2326,Nasaf Qarshi FK,,2045.0,Nasaf Central Stadium,Qarshi,,
2327,FC Bayern München II,,2046.0,Städtisches Stadion an der Grünwalder Straße,München,,
2328,"Valur Reykjavík, Women",,2047.0,Origo völlurinn,Reykjavík,,
2369,Independiente Petrolero,,2082.0,Estadio Olímpico Patria,Sucre,,
1831,"Houston Dash, Women",,1235.0,BBVA Compass Stadium,Houston,22039.0,
2331,"OL Reign FC, Women",,1312.0,Lumen Field,Seattle,69000.0,
2332,"San Diego Wave, Women",,2080.0,Torero Stadium,San Diego,6000.0,
2333,"Washington Spirit, Women",,639.0,Audi Field,Washington,,
2334,"Orlando Pride SC, Women",,1310.0,Exploria Stadium,Orlando,25500.0,
2335,"NJ/NY Gotham FC, Women",,638.0,Sports Illustrated Stadium,Harrison,,
2362,"Racing FC Union Lëtzebuerg, Women",,397.0,Stade Achille Hammerel,Luxembourg,5814.0,
2338,"Angel City FC, Women",,665.0,Banc of California Stadium,Los Angeles,22000.0,
2340,Hamarkameratene Fotball,,2056.0,Briskeby Stadion,Hamar,,
2341,FK Jerv,,2057.0,Levermyr Stadion,Grimstad,,
2342,Aalesunds FK,,2058.0,Color Line Stadion,Ålesund,,
2343,"FC Zürich, Women",,2059.0,Sportzentrum Heerenschürli,Zurich,,
2344,"Ferencvárosi TC, Women",,566.0,Stadion Ludowy,Sosnowiec,7500.0,
2345,"FK Minsk, Women",,2060.0,Koteng Arena,Trondheim,,
2346,"FK Gintra-Universitetas, Women",,2061.0,Siauliai central stadium,Siauliai,,
2355,"KI Klaksvík, Women",,2061.0,Siauliai central stadium,Siauliai,,
2347,"Olimpia Universitatea Tehnică Cluj, Women",,2062.0,Wiklöf Holding Arena,Mariehamn,,
2348,"Glentoran Belfast United, Women",,1470.0,The Oval,Belfast,26556.0,
2349,"Natsionalna Sportna Akademia, Women",,2063.0,ŠRC Bakovci Stadium,Bakovci,,
2314,Al Arabi SC,,2566.0,Al Thumama Stadium,Doha,44400.0,
2351,"ŽFK Kamenica Sasa, Women",,2064.0,Gradski Stadion Makedonska Kamenica,Kratovo,,
2323,Tahiti,,8104.0,Pater Te Hono Nui Stadium,Pirae,,
2354,"ZNK SFK 2000 Sarajevo, Women",,2066.0,FF BH Football Training Centre,Zenica,,
2356,"AC Milan SPA, Women",,2067.0,Centro Sportivo Vismara,Milan,,
2357,"ŠK Slovan Bratislava, Women",,1696.0,Broadwood Stadium,Cumbernauld,8086.0,
2358,"Besiktas JK, Women",,2068.0,Fulya Hakki Yeten Facility,Istanbul,,
2352,"PSV Eindhoven, Women",,7743.0,PSV Campus De Herdgang,Eindhoven,2500.0,
5417,FK Termez Surkhon,,7489.0,Surxon arena,Termez,10000.0,
2361,"ZNK Ljudski vrt Ptuj, Women",,2070.0,TŠC Trate Gornja Radgona,Gornja Radgona,,
2363,"Dinamo-BGU FK, Women",,155.0,Tsirion Stadium,Limassol,13331.0,
2365,Nottingham Forest U23,,1556.0,The Crown Ground,Accrington,5057.0,
2366,Burnley U23,,1556.0,The Crown Ground,Accrington,5057.0,
2367,Stoke City U23,,476.0,Bet365 Stadium,Stoke,27740.0,
2368,Wolverhampton Wanderers U23,,2081.0,Aggborough,Kidderminster,,
2370,Al-Jaish,,2083.0,Al-Fayhaa Stadium,Damascus,,
2371,Foolad Mobarakeh Sepahan SC,,2084.0,Naghsh-e-Jahan Stadium,Isfahan,,
2372,Sporting CP U19,,2085.0,CGD Stadium Aurélio Pereira,Alcochete,,
2373,FC Midtjylland U19,,2086.0,Ikast Stadion,Ikast,,
2374,FC Barcelona U19,,2087.0,Estadi Johan Cruyff,Vic,,
2375,Ahal FT,,2088.0,Aşgabat-Arena,Aşgabat,,
2376,Mumbai City FC,,1791.0,Mumbai Football Arena,Mumbai,18000.0,
2378,Al Jazira SCC,,663.0,Mohammed bin Zayed,Abu Dhabi,9000.0,
2379,Jeonnam Dragons FC,,2090.0,Gwangyang Football Stadium,Gwangyang,,
2380,Melbourne City FC,,619.0,AAMI Park,Melbourne,,
2381,Lion City Sailors FC,,1627.0,Jalan Besar Stadium,Singapur,6000.0,
2382,Hoang Anh Gia Lai,,2079.0,Thong Nhat Stadium,Hô Chi Minh-Ville,15000.0,
2387,"FC Flora Tallinn, Women",,2092.0,Lilleküla Stadium,Tallinn,,
2308,Khorfakkan,,2669.0,Saqr Bin Mohammad AlQassimi Stadium,Khor Fakkan,7500.0,
2360,Brondby IF,,2725.0,Brøndby IF's anlæg,Brøndby,3000.0,
2350,"Celtic FC, Women",,1696.0,Broadwood Stadium,Cumbernauld,8086.0,
2377,Al Shabab FC (Riyadh),,2558.0,Prince Faisal bin Fahd Stadium,Riyadh,,
2309,Ajman Club,,2932.0,Sheikh Rashid Bin Saeed,Ajman,5537.0,
2388,"FK Rigas Futbola skola, Women",,1442.0,Rtu Stadium,Riga,3000.0,
2392,"Valerenga Fotball, Women",,1492.0,Intility Arena,Oslo,16555.0,
2390,"Maccabi Kiryat Gat Sports Club, Women",,2093.0,Kiryat Gat Training Field,Kiryat Gat,,
2386,"ZHFK Lokomotiv Moskva, Women",,2065.0,Sapsan Arena,Moscow,,
2383,"Rosenborg BK Kvinner, Women",,2060.0,Koteng Arena,Trondheim,,
2385,"Aland United, Women",,2062.0,Wiklöf Holding Arena,Mariehamn,,
2384,"KKS Czarni Sosnowiec, Women",,626.0,Športový areál OFK,Sportova,1500.0,
2393,"KFF Mitrovica, Women",,2094.0,Giannitsa Municipality Stadium,Giannitsa,,
2394,IFK Värnamo,,2095.0,Finnvedsvallen,Värnamo,,
2766,Phoenix Rising FC,,2427.0,Wild Horse Pass Stadium,Chandler,10000.0,
2396,Academico de Viseu FC,,2096.0,Estádio Municipal do Fontelo,Viseu,,
3322,"Cardiff City LFC, Women",,119.0,Cardiff City Stadium,Cardiff,26828.0,
2398,Varzim SC,,2098.0,Estádio do Varzim SC,Póvoa de Varzim,,
2399,CD Mafra,,2099.0,Parque Desportivo e Municipal de Mafra,Mafra,,
2400,Casa Pia AC,,2102.0,Pina Manique,Lissabon,,
2455,Chelsea U19,,1836.0,Cobham Training Ground,Cobham,500.0,
2402,"Swansea City Ladies AFC, Women",,484.0,Liberty Stadium,Swansea,20827.0,
2403,"FC PAOK, Women",,2103.0,Makedonikos Stadium,Thessaloniki,,
4056,Feyenoord Rotterdam Under 19,,2564.0,Sportcomplex Varkenoord,Rotterdam,1000.0,
2405,"ŽNK Pomurje Beltinci, Women",,2070.0,TŠC Trate Gornja Radgona,Gornja Radgona,,
2406,"ŽFK Spartak Subotica, Women",,2104.0,Sportcampus Diekman,Enschede,,
2407,"Apollon Limassol, Women",,155.0,Tsirion Stadium,Limassol,13331.0,
2409,"FC Rosengård, Women",,2105.0,Malmö Idrottsplats,Malmo,,
5239,Al Ula FC,,6351.0,Prince Mohammed bin Abdul Aziz Stadium,Medine,24000.0,
2411,"ŽNK Osijek, Women",,346.0,Gradski Vrt Hall,Osijek,19220.0,
2412,"Glasgow City LFC, Women",,1696.0,Broadwood Stadium,Cumbernauld,8086.0,
2413,SL Benfica U23,,1301.0,Caixa Futebol Campus,Seixal,2700.0,
2414,Rio Ave FC U23,,321.0,Estadio Dos Arcos,Vila do Conde,9065.0,
2465,Timor-Leste,,8101.0,Estádio Nacional de Timor-Leste,Dili,,
2416,Portimonense SC U23,,2106.0,Estádio Dois Irmãos,Portimão,,
5491,Horsham FC,,7531.0,Gorings Mead,Horsham,,
4782,Mahd Academy Under 15,,6348.0,Mahd Academy Stadium,Riyad,,
2419,Al Khor SC,,2107.0,Al Khor Stadium,Al Khor,,
2420,Al Sailiya SC,,2108.0,Al-Gharafa Stadium,Doha,,
2457,Serbia U19,,8102.0,Serbian FA Sports Center (House of Football),Stara Pazova,,
2389,"1. FC Slovácko, Women",,1260.0,Mestsky Fotbalovy Stadion,Uherske Hradiste,,
2423,Al Wakrah SC,,2111.0,al-Janoub Stadium,Al Wakrah,,
2424,San Jose Earthquakes U17,,2114.0,Livermore Soccer Field,Livermore,,
2426,FC Rapid Bucureşti,,2115.0,Rapid Giulești,Bucharest,,
2427,FC Academica Clinceni,,2131.0,Clinceni Arena,Clinceni,,
2428,FC Dinamo 1948 Bucureşti,,2130.0,Dinamo,București,,
2429,CS Gaz Metan Mediaş,,2116.0,Municipal Gaz Metan,Rumänien,,
2430,FC Voluntari,,2129.0,Anghel Iordanescu,Voluntari,,
2432,"RSC Anderlecht, Women",,2119.0,Belgian Football Center,Tubize,,
2433,"Kristianstads DFF, Women",,2069.0,Kristianstads Fotbollsarena,Kristianstad,,
2434,"PFK CSKA Moskva, Women",,113.0,Otkrytie Arena,Moscow,44360.0,
2435,Hertha BSC U17,,1989.0,Amateurstadion,Berlin,,
2436,Hamrun Spartans FC,,2121.0,Victor Tedesco Stadion,Hamrun,,
2437,Waterford FC,,2122.0,The RSC,Waterford,,
2438,Treaty United FC,,2128.0,Markets Field,Limerick,,
5330,Millwall FC  Academy U18,,1836.0,Cobham Training Ground,Cobham,500.0,
2440,Beşiktaş U19,,2134.0,Nevzat Demir Tesisleri,Istanbul,,
2441,FC Dynamo Kyiv U19,,296.0,Valeriy Lobanovsky Dynamo Stadium,Kiev,16873.0,
2442,Portugal U19,,1220.0,Estadio Capital Do Movel,Paços de Ferreira,9077.0,
5288,Coastal Union,,7272.0,The Mkwakwani Stadium of Tanga City,,15000.0,
2445,Alverca,,2135.0,Complexo Desportivo do Alverca,Alverca,,
2447,France U17,,2137.0,Ramat Gan Stadium,Ramat Gan,,
2460,Arsenal FC U21,,1826.0,Meadow Park,Borehamwood,4502.0,
2450,Racing White Daring Molenbeek,,2138.0,Edmond Machtensstadion,St-Jan-Molenbeek,,
2451,Lommel SK,,2139.0,Soeverein Stadion,Lommel,,
2452,KMSK Deinze,,2140.0,Burgemeester Van de Wiele Stadion,Deinze,,
2453,KSK Lierse Kempenzonen,,1719.0,Herman Vanderpoortenstadion,Lier,14538.0,
2454,Royal Excelsior Virton,,2141.0,Stade Yvan Georges,Virton,,
2415,Leixões SC U23,,7446.0,Sports Center CF Fão,Fão,,
2456,England U19,,2142.0,Stadion Stiavnicky,Banska Bystrica,,
2443,Denmark U19,,1506.0,Energi Viborg Arena,Viborg,9566.0,
2459,Arsenal FC U23,,1826.0,Meadow Park,Borehamwood,4502.0,
2425,Real Salt Lake U17,,2394.0,Zions Bank Stadium,Herriman,5000.0,
2461,Leicester City U23,,2143.0,Holmes Park,Whetstone,,
2462,Cataluña NT,,234.0,Estadi Montilivi,Girona,14286.0,
2463,Israel U21,,1290.0,Hamoshava Stadium,Petah Tikva,11500.0,
2391,"FC Hayasa, Women",,8103.0,Gyumri Football Academy,Gyumri,,
2468,Deportivo La Coruña U19,,553.0,Riazor,La Coruna,34600.0,
2469,SuperSport United FC,,2145.0,Lucas Masterpieces Moripe Stadium,Atteridgeville,,
2449,Poland U17,,563.0,Marshal Jozef Pilsudski Stadium,Krakow,15016.0,
2404,"FC Girondins de Bordeaux, Women",,2740.0,Stade Sainte-Germaine,Bouscat,4800.0,
3052,Uruguay Under 20,,1285.0,Estadio Centenario,Montevideo,60235.0,
2422,Al Shamal SC,,2560.0,Al Bayt Stadium,Al-Khor,60000.0,
2418,Umm Salal SC,,1966.0,Thani Bin Jassim Stadium,Doha,,
2397,FC Porto II,,2918.0,Estádio Luís Filipe Menezes,Vila Nova de Gaia,3800.0,
2470,Orlando Pirates FC,,2146.0,Orlando Stadium,Soweto,,
2471,Lamontville Golden Arrows FC,,2147.0,Sugar Ray Xulu Stadium,Clermont,,
2472,Royal AM FC,,2161.0,Chatsworth Stadium,,,
2473,Chippa United FC,,2148.0,Nelson Mandela Bay Stadium,Port Elizabeth,,
2474,TS Galaxy FC,,2149.0,Mbombela Stadium,Mbombela,,
2475,Kaizer Chiefs FC,,2150.0,FNB-Stadium,Johannesburg,,
2476,Moroka Swallows FC,,2151.0,Volkswagen Dobsonville Stadium,Soweto,,
2477,Maritzburg United FC,,2152.0,Harry Gwala Stadium,Pietermaritzburg,,
2478,Baroka FC,,2153.0,Peter Mokaba Stadion,Polokwane,,
2479,Marumo Gallants FC,,2153.0,Peter Mokaba Stadion,Polokwane,,
2481,Stellenbosch FC,,2155.0,Danie Craven Stadium,Stellenbosch,,
2482,Cape Town City FC,,2156.0,Cape Town Stadium,Cape Town,,
4393,Washington Huskies University,,4069.0,Husky Soccer Stadium,Seattle,2200.0,
2484,Bloemfontein Celtic FC,,2159.0,Dr. Petrus Molemela Stadium,Bloemfontein,,
2485,Black Leopards FC,,2160.0,Thohoyandou Stadium,Thohoyandou,,
1504,Vancouver Whitecaps FC,,1199.0,Bc Place,Vancouver,22120.0,
2480,Sekhukhune United FC,,2163.0,Ellis Park Stadium,,,
3323,"ŽNK Mura Nona, Women",,1450.0,Mesti Stadion Fazanerija,Murska Sobota,5000.0,
2575,Ituano Futebol Clube,,2240.0,Estádio Municipal Doutor Novelli Júnior,Itu,,
3340,Cimarrones de Sonora FC,,2967.0,Estadio Héroe de Nacozari,Hermosillo,18747.0,
3431,CD Riestra,,3047.0,Estadio Guillermo Laza,Flores,3000.0,
2767,Birmingham Legion FC,,2428.0,Protective Stadium,Birmingham,47100.0,
2731,Philadelphia Union II,,1198.0,Subaru Park,Chester,18500.0,
3053,Guatemala Under 20,,1609.0,Estadio Doroteo Guamuch Flores,Guatemala,29950.0,
3084,"Burundi, Women",,1760.0,Stade du Prince Louis Rwagasore,Bujumbura,22000.0,
3088,Latvia Under 21,,2695.0,Hanzas Vidusskolas Laukums,Riga,2000.0,
5240,Al Draih,,2835.0,Prince Turki bin Abdul Aziz Stadium,Riyadh,15000.0,
3200,Şanlıurfaspor,,2881.0,Şanlıurfa GAP Stadyumu,Şanlıurfa,28965.0,
3233,AVS Futebol SAD,,316.0,Estadio Do CD Das Aves,Vila das Aves,8560.0,
3243,Al Qadisiyah Al Khubar,,2844.0,Prince Saud Bin Jalawi Stadium,Al Khobar,15000.0,
3254,Al Bataeh Club,,2929.0,Khalid Bin Mohammed Stadium,Sharjah,12000.0,
3265,Antequera CF,,2936.0,Estadio El Maulí,Antequera,7000.0,
3352,CD Coria,,2975.0,Estadio La Isla,Coria,3000.0,
3363,CD Ibiza Islas Pitiusas,,2984.0,Estadio Municipal de Sant Rafel,San Rafael,2000.0,
3374,AFC Blaublitz Akita,,2992.0,Soyu Stadium,Akita,20125.0,
4783,Al Watan Under 15,,6349.0,King Faisal Sport City Stadium,Jizan,10000.0,
3393,Canada Under 17,,627.0,BMO Field,Toronto,30000.0,
3563,Finn Harps FC,,3212.0,Finn Park,Ballybofey,4.0,
3413,FK Kaysar Kyzylorda Under 18,,1469.0,Gany Muratbayev Stadium,Kyzylorda,7300.0,
3440,"Haiti U17, Women",,1611.0,Stade Sylvio Cator,Port-au-Prince,30000.0,
3449,Club Sportivo Miramar Misiones,,2144.0,Parque Palermo,,,
3457,"CF Monterrey, Women",,3061.0,Estadio BBVA ,Guadalupe,53500.0,
3465,"Mazatlán FC, Women",,1304.0,Estadio de Mazatlán,Mazatlán,25000.0,
3474,Grobinas Sporta Centrs,,436.0,Daugava Stadium,Riga,5683.0,
3483,Rhode Island FC,,3077.0,Bulldog Stadium,Smithfield,4400.0,
3491,"Nojima Stella Kanagawa Sagamihara, Women",,3082.0,Sagamihara Gion Stadium,Sagamihara,15300.0,
5289,South Africa Under 17,,2150.0,FNB-Stadium,Johannesburg,,
2747,Colorado Springs Switchbacks FC,,2410.0,Weidner Field,Colorado Springs,8000.0,
3530,United Arab Emirates Under 23,,663.0,Mohammed bin Zayed,Abu Dhabi,9000.0,
3722,FC Energie Cottbus Under 19,,1722.0,Stadion der Freundschaft,Cottbus,22528.0,
1415,Fluminense FC,,0.0,Maracana,Rio de Janeiro,78838.0,
3404,Iran Under 17,,1796.0,Azadi Stadium,Teheran,80000.0,
3548,Marignane Gignac Côte Bleue Football Club,,1730.0,Stade Saint-Exupéry,Marignane,1500.0,
3591,Club Atlético Alvarado Mar del Plata,,1115.0,Estadio Jose Maria Minella,Mar del Plata,35354.0,
3606,Club Atlético Chaco For Ever,,3248.0,Juan Alberto Garcia,Resistencia,25000.0,
3613,Atlético de Rafaela,,3255.0,Estadio Nuevo Monumental,Rafaela,20660.0,
3620,FK Astana Under 18,,153.0,Astana Arena,Astana,30000.0,
3627,CA Nueva Chicago,,3264.0,Estadio Nueva Chicago,Mataderos,20000.0,
3634,CD Maipú,,3270.0,Estadio Omar Higinio Sperdutti,Maipù,8000.0,
3641,Club de Gimnasia y Tiro de Salta,,3274.0,Estadio El Gigante del Norte ,Salta,24300.0,
3648,FC Árbær,,3279.0,Leiknisvöllur,Reykjavik,1500.0,
3654,PFK Cherno More Varna,,3285.0,Stadion Ticha,Varna,12000.0,
3660,Höttur   Huginn,,3289.0,Vilhjalmsvollur,Egilsstaðir,500.0,
3666,FK Jedinstvo Ub,,3294.0,Stadion Dragan Dzajic,Ub,4.0,
3672,CA All Boys,,2355.0,Estadio Islas Malvinas,Buenos Aires,12100.0,
3678,CA Temperley,,3304.0,Estadio Alfredo Beranger,Turdera,26000.0,
3684,MKS Znicz Pruszków,,3309.0,Stadion Znicza Pruszków ,Pruszków,2097.0,
3690,Pumas de la Universidad Nacional Autonoma de Mexic,,1309.0,Estadio Olímpico Universitario,Mexico,63186.0,
3695,Aubagne FC,,3343.0,Stade de Lattre-de-Tassigny,Aubagne,1000.0,
3699,VfL Bochum 1848 Under 19,,506.0,Vonovia Ruhrstadion,Bochum,27559.0,
3709,TSV Schott Mainz Under 19,,3355.0,Bezirkssportanlage Mainz-Mombach ,Mainz,2500.0,
3714,TSV Meerbusch Under 19,,3359.0,Sportplatz Lank ,Meerbusch,1500.0,
2775,FC Copenhagen U19,,8240.0,KB. P.Bangsvej,Frederiksberg,,
3726,Braunschweiger TSV Eintracht 1895 Under 19,,1262.0,Eintracht-Stadion,Braunschweig,23325.0,
3598,CA San Martín de San Juan,,3240.0,Estadio Hilario Sánchez Rodríguez,San Juan,26500.0,
2611,"New Zealand U20, Women",,2251.0,Alejandro Morera Soto,Alajuela,,
5345,Larne U19,,1584.0,Inver Park,Larne,1100.0,
3756,Sandnes Ulf,,3382.0,ØsterHus Arena,Sandnes,6046.0,
3757,Bryne FK,,3383.0,Bryne Stadion,Bryne,,
3758,Moss FK,,3384.0,Melløs-Stadion,Moss,,
3759,Åsane Fotball,,2735.0,Åsane Arena,Bergen,3500.0,
3760,Ravenna FC,,3385.0,Stadio Bruno Benelli,Ravenne,12020.0,
3761,Polisportiva Lentigione Calcio,,3386.0,Stadio Comunale Sorbolo,Sorbolo,1000.0,
3762,Imolese Calcio 1919,,3387.0,Romeo Galli Stadium,Imola,3800.0,
3763,Borgo San Donnino FC,,3388.0,Dario Ballotta,Fidenza,1500.0,
3764,A.S.D. Certaldo,,3389.0,Stadio Comunale Certaldo,Certaldo,1000.0,
3765,SCD Progresso Calcio,,3390.0,Stadio Comunale Progresso,Castel Maggiore,200.0,
3766,AC Forlì,,3391.0,Stadio Tullo Morgagni,Forli,2000.0,
3767,ASD Mezzolara,,3392.0,Stadio Augusto Magli,Molinella,1000.0,
3768,SV Rödinghausen,,3393.0,Häcker-Wiehenstadion,Rödinghausen,2489.0,
3769,Sportfreunde Lotte,,1531.0,Stadion Am Lotter Kreuz,Lotte,7474.0,
3771,SSV Jeddeloh,,3394.0,53acht-Arena,Edewecht,1000.0,
3772,VFC Plauen,,3395.0,Vogtlandstadion,Plauen,5000.0,
3773,Hertha BSC II,,87.0,Olympiastadion,Berlin,74649.0,
3774,BSV Kickers Emden,,3396.0,Ostfriesland-Stadion,Emden,7200.0,
3775,FC Carl Zeiss Jena,,3397.0,Ernst-Abbe-Sportfeld,Léna,15000.0,
3776,FC 08 Villingen,,3398.0,MS-Technologie-Arena,Villingen-Schwenningen,12000.0,
3777,1.FC Phönix Lübeck,,3399.0,Buniamshof,Lübeck,12000.0,
3778,FC Eilenburg,,3400.0,Ilburg-Stadion,Eilenburg,5600.0,
3779,SpVgg Greuther Fürth II,,505.0,Sportpark Ronhof Thomas Sommer,Furth,15000.0,
3780,FC Gießen,,3401.0,Waldstadion Gießen,Giessen,4999.0,
3782,1. FC Lokomotive Leipzig,,3402.0,Bruno-Plache-Stadion,Leipzig,12300.0,
3784,TuS Blau-Weiss Lohne,,3404.0,Heinz-Dettmer-Stadion ,Lohne,7150.0,
3785,Berliner FC Dynamo,,3405.0,Sportforum Hohenschönhausen,Berlin,10000.0,
3786,SpVgg Hankofen-Hailing,,3406.0, Maierhofer-Bau-Stadion,Leiblfing,2500.0,
3787,Chemnitzer FC,,2272.0,Chemnitzer Sportforum,Chemnitz,,
3788,KFC Uerdingen 05,,3408.0,Grotenburg-Stadion,Krefeld,34500.0,
3789,ZFC Meuselwitz,,3409.0,Bluechip-Arena,Meuselwitz,5260.0,
3790,Kieler SV Holstein 1900 II,,515.0,Holstein-Stadion,Kiel,11386.0,
3791,VSG Altglienicke,,3410.0,Friedrich-Ludwig-Jahn-Sportpark,Berlin,20000.0,
3792,FC Gütersloh 2000,,3411.0,Heidewaldstadion,Gütersloh,8400.0,
3793,SV Viktoria Aschaffenburg,,3412.0,Stadion am Schönbusch ,Aschaffenbourg,6620.0,
3794,Türkspor Dortmund 2000 E.V.,,3413.0,IMS Arena,Velbert,3000.0,
3795,Greifswalder SV 04,,3414.0,Volksstadion Greifswald,Greifswald,8000.0,
3796,BSG Chemie Leipzig,,3415.0,Alfred-Kunze-Sportpark ,Leipzig,4000.0,
3797,1. FC Bocholt,,3416.0,Stadion am Hünting,Bocholt,18000.0,
3798,SC Fortuna Köln,,3417.0,Südstadion,Cologne,14800.0,
3799,TSV Schwaben Augsburg,,2000.0,Ernst-Lehner-Stadion,Augsburg,,
3800,1. FC Köln II,,2003.0,Franz-Kremer-Stadion,Cologne,,
3801,SV Eintracht Hohkeppel,,3418.0,Westkampfbahn,Düren,6000.0,
3802,1. FC Düren,,3418.0,Westkampfbahn,Düren,6000.0,
3803,FC Schalke 04 II,,1986.0,Neues Parkstadion,Gelsenkirchen,,
3804,SV Babelsberg 03,,3419.0,Karl-Liebknecht-Stadion,Potsdam,10499.0,
3805,FC St. Pauli von 1910 II,,504.0,Millerntor-Stadion,Hamburg - St. Pauli,25546.0,
5446,Gandzasar FC,,3681.0,Junior Sport Stadium,Erevan,1188.0,
3808,Hamburger SV II,,510.0,Volksparkstadion,Hamburg,57000.0,
3809,1. Göppinger SV,,3420.0,Stadion an der Hohenstaufenstraße,Göppingen,4500.0,
3810,1. FC Eintracht Bamberg,,3421.0,Fuchs-Park-Stadion,Bamberg,5500.0,
3811,SV Todesfelde 1928,,3422.0,Joda Sportpark,Todesfelde,1500.0,
3812,SC Wiedenbrück 2000,,3423.0,Jahnstadion,Rheda-Wiedenbrück,3500.0,
3813,SC Paderborn 07 II (U23),,512.0,Benteler-Arena,Paderborn,15000.0,
3814,SV Drochtersen   Assel,,3424.0,Kehdinger Stadion,Drochtersen,2500.0,
3815,SC Weiche Flensburg 08,,3425.0,Flensburger Stadion,Flensburger,10000.0,
3770,Düsseldorfer TuS Fortuna 1895 II,,2752.0,Paul-Janes-Stadion,Düsseldorf,7200.0,
3817,TSV Aubstadt,,3426.0,NGN-Arena ,Aubstadt,3000.0,
3818,FC Hertha 03 Zehlendorf,,3427.0,Ernst-Reuter-Sportfeld,Berlin,5000.0,
3819,FSV 63 Luckenwalde,,3428.0,Werner-Seelenbinder-Stadion,Luckenwalde,3000.0,
3820,FC Lusitania de Lourosa,,3429.0,Campo do Lusitania,Lourosa,11000.0,
3821,Bodmin Town Football Club,,3430.0,Priory Park,Bodmin,5000.0,
3822,FK Radnik Bijeljina,,3431.0,Gradski Stadion,Bijeljina,6000.0,
4057,JK Tallinna Kalev Under 19,,371.0,Kadriorg Stadium,Tallinn,5000.0,
3824,Royal Francs Borains,,3432.0,Stade Robert Urbain,Boussu,8500.0,
3825,Iğdır Spor Kulubu AS,,3433.0,Iğdır Şehir Stadyumu,Iğdır,2700.0,
3826,KSC Lokeren-Temse,,260.0,Daknamstadion,Lokeren,10000.0,
3827,FC Felgueiras 1932,,3434.0,Dr. Machado de Matos,Felgueiras,7540.0,
3828,Al Nasr Club of Benghazi,,2287.0,Benina Martyrs Stadium,Benghazi,,
3829,NK Igman Konjic,,3435.0,Konjic City Stadium,Konjic,5000.0,
3830,Al Shahaniya SC,,2040.0,Grand Hamad Stadium,Doha,,
3831,Amed Sportif Faliyetler,,3436.0,Diyarbakır Stadium,Diyarbakır,33000.0,
3832,Patro Eisden Maasmechelen,,3437.0,Stade du Patro Eisden,Maasmechelen,5500.0,
3833,FK Sloga Doboj,,3438.0,Stadion Luke Doboj,Doboj,3000.0,
3834,CD Cultural San Antonio Bulo Bulo,,3439.0,Estadio Dr. Carlos Villegas,Entre Rios,17000.0,
3781,FC Rot-Weiß Erfurt,,2680.0,Steigerwaldstadion,Erfurt,18611.0,
5985,Rayo Vallecano de Madrid U18,,1685.0,Ciudad Deportiva Fundacion Rayo Vallecano,Madrid,2500.0,
3807,SC Rot-Weiß Oberhausen 1904,,2341.0,Stadion Niederrhein,Oberhausen,21300.0,
3835,CD Gualberto Villarroel Deportivo San José,,1387.0,Estadio olímpico Jesús Bermúdez,Oruro,35000.0,
3836,Mantova 1911 FC,,3442.0,Danilo Martelli,Mantoue,5423.0,
5242,Al-Muharraq Sports Club,,7120.0,Al-Muharraq Stadium,Arad,20000.0,
5290,Qatar Under 17,,1911.0,Jassim Bin Hamad,Doha,12946.0,
3843,RAAL La Louvière,,3445.0,Stade du Tivoli,La Louvière,12500.0,
1937,"Antigua and Barbuda, Women",,1603.0,Sir Vivian Richards Stadium,North Sound,10000.0,
5241,Athletic Club Bilbao U19,,1680.0,Instalaciones de Lezama,Lezama,3250.0,
4421,Jaciobá Under 20,,4306.0,Estádio Elísio da Silva Maia,Pão de Açúcar,1000.0,
3850,Celaya CF,,2310.0,Estadio Miguel Alemán Valdés,Celaya,,
3851,UD Santarém,,3451.0,Campo Chã das Padeiras ,Santarém,500.0,
3852,Oliveira do Hospital,,3452.0,Estádio Municipal de Oliveira do Hospital,Oliveira do Hospital,5000.0,
3855,China PR Under 19,,1787.0,Bird's Nest,Beijing,91000.0,
3856,Iran Under 19,,1796.0,Azadi Stadium,Teheran,80000.0,
3854,Middlesbrough FC Under 18 Academy,,3454.0,Rockliffe Park,Hurworth,,
3907,West Ham United FC Under 18 Academy,,3504.0,Little Heath Sports Ground,Romford,1000.0,
3896,Maringá FC,,3494.0,Estádio Regional Willie Davids,Maringá,14995.0,
3841,"Santos FC, Women",,1240.0,Estádio Urbano Caldeira,Santos,20120.0,
3844,"Associação Esportiva Realidade Jovem, Women",,3446.0,Estadio Benito Agnelo Castellano,Rio Claro,15782.0,
3842,"Pinda SC, Women",,3444.0, Dr. Antônio Pinheiro Júnior,Pindamonhangaba,1000.0,
3870,Costa Rica EC,,3470.0,Municipal Laerte Pais Coelho,Costa Rica,5000.0,
3840,"Marília Atlético Clube, Women",,3443.0,Estádio Municipal Bento de Abreu Sampaio Vidal,Marília,15010.0,
3838,"Red Bull Bragantino, Women",,642.0,Estadio Nabi Abi Chedid,Braganca Paulista,,
3853,Newcastle United FC Under 18 Academy,,3453.0,Newcastle United Academy,Newcastle,1000.0,
3847,"São José EC, Women",,3448.0,Passo d'Areia,Porto Alegre,10600.0,
3857,Olaria AC,,3456.0, Antônio Mourão Vieira Filho,Rio de Janeiro,12000.0,
3858,Nova Venécia ES,,3457.0,Zenor Pedrosa Rocha,Nova Venécia,2000.0,
3859,Porto Velho FC,,3458.0,Aluízio Ferreira,Porto Velho,7000.0,
3860,Ji-Paraná FC,,3459.0,Biancão,Ji-Paraná,5000.0,
3861,Cianorte FC,,3460.0,Estádio Municipal Olímpico Albino Turbay,Cianorte,4000.0,
3862,AO de Itabaiana,,3461.0,Estádio Etelvino Mendonça,Itabaiana,10000.0,
3863,Treze FC,,3462.0,Estádio Governador Ernani Sátyro,Campina Grande,35000.0,
3864,AA Portuguesa Santista,,3463.0,Stade Ulrico Mursa,Santos,9139.0,
3865,Clube Náutico Marcílio Dias,,3464.0,Hercílio-Luz,Itajaí,6010.0,
3866,Fluminense EC Piauí,,3465.0,Estádio Lindolfo Monteiro,Teresina,16000.0,
3867,CD Tapatío,,1308.0,Estadio Omnilife,Zapopan,46355.0,
3868,Clube Esportivo Operário Várzea-Grandense,,3468.0,Estádio Dito Souza,Várzea Grande,2600.0,
3869,Capital Futebol Clube,,3469.0,Nilton Santos ,Palmas,12000.0,
3871,Agremiaçao Sportiva Arapiraquense,,3471.0,Estádio Coaracy da Mata Fonseca,Arapiraca,12000.0,
3872,GA Sampaio,,3472.0,Estádio Canarinho,Boa Vista,6000.0,
3873,Ríver AC,,3473.0,Albertão Stadium,Teresina,52296.0,
3874,Real Noroeste Capixaba FC,,3474.0,Estádio José Olímpio da Rocha,Águia Branca,5820.0,
3875,Sociedade Esportiva e Recreativa Caxias do Sul,,2483.0,Stade Francisco-Stédile,Caxias do Sul,22132.0,
3876,Petrolina SFC,,3475.0,Estádio Municipal Paulo de Souza Coelho,Petrolina,5500.0,
3877,Ypiranga FC (Erechim),,3476.0,Estádio Olímpico Colosso da Lagoa,Erechim,22000.0,
3878,Independente EC,,3477.0,Estadio Vilelao,Santana,2000.0,
3879,União EC,,3478.0,Engenheiro Luthero Lopes,19000,19000.0,
3880,Real Brasília Futebol Clube,,3480.0, Vasco Viana de Andrade,Núcleo Bandeirante,3000.0,
3881,Villa Nova AC,,3481.0,Estádio Municipal Castor Cifuentes, le Minas Gerais,5160.0,
3882,Águia de Marabá FC,,3482.0,Estádio Municipal Zinho de Oliveira,Marabá,5000.0,
3883,Brasiliense FC Taguatinga,,3483.0,Elmo Serejo Farias,Taguatinga,27000.0,
3884,Trem Desportivo Clube,,3484.0,Milton de Souza Correa Stadium,Macapá,13680.0,
3885,Maranhão AC,,3485.0,Nhozinho Santos,São Luís,12891.0,
3886,Associação Desportiva Iguatu,,3486.0,Estádio Municipal João Elmo Moreno Cavalcante,Iguatu,8000.0,
3887,Operário FC (Campo Grande),,3487.0,Estádio Universitário Pedro Pedrossian,Campo Grande,38122.0,
3888,Retrô FC Brasil,,2475.0,Arena Pernambuco,São Lourenço da Mata,44300.0,
3889,Rio Branco FC,,3488.0,Estádio José de Melo,Rio Branco,5000.0,
3890,SC Humaitá,,3488.0,Estádio José de Melo,Rio Branco,5000.0,
3891,América FC (Rio Grande do Norte),,3490.0,Arena América,Parnamirim,5000.0,
3892,Anápolis FC,,3491.0,Stade Jonas-Duarte,Anápolis,20000.0,
3893,Manauara EC,,3492.0,Carlos-Zamith,Manaus,5000.0,
3894,Moto Club de São Luís,,2237.0,Estádio Governador João Castelo - Castelão,São Luis  ,,
3895,Itabuna EC,,3493.0,Luiz Viana Filho,Itabuna,9200.0,
3897,Ferroviário AC Fortaleza,,3495.0,Elzir Cabral,Fortaleza,8000.0,
3898,Murici FC,,3496.0,José Gomes da Costa,Murici,3000.0,
3848,"EC Taubaté, Women",,3449.0,Joaquinzão,Taubaté,9600.0,
3900,SC São João de Ver,,3497.0,Estádio Clube São João de Ver,São João de Ver,5000.0,
3901,AD Sanjoanense,,3498.0,Estádio Conde Dias Garcia,São João da Madeira,15000.0,
3902,Sociedade União 1º de Dezembro,,3499.0,Campo Conde de Sucena,Sintra,1000.0,
3903,Tlaxcala FC,,3500.0,Estadio Tlahuicole,Tlaxcala City,17000.0,
3904,Club Deportivo y Social Tampico Madero,,3501.0,Estadio Tamaulipas,Ciudad Madero,19667.0,
2444,Sporting CP II,,2085.0,CGD Stadium Aurélio Pereira,Alcochete,,
3905,Amarante FC,,3502.0,Estádio Municipal de Amarante,Amarante,5000.0,
3906,Al Jubail Club,,3503.0,Prince Nayef bin Abdulaziz Stadium,Qatif,12000.0,
3908,Everton FC Under 18 Academy,,3505.0,Finch Farm,Halewood,1000.0,
3909,Anadia FC,,3506.0,Estádio Municipal Eng. Sílvio Henriques Cerveira,Anadia,6500.0,
3910,Caldas SC,,3507.0,Campo da Mata,Caldas da Rainha,13000.0,
4074,FC Honka Under 19,,1460.0,Tapiolan Urheilupuisto,Espoo,5000.0,
3912,Slovenia Under 19,,198.0,Stozice Stadium,Ljubljana,16100.0,
3913,SC Lusitânia dos Açores,,3508.0,Estádio João Paulo II,São Bento,7000.0,
3849,Athens Kallithea FC,,2543.0,Apostolos Nikolaidis Stadium,Athène ,16000.0,
5447,Banaki Kentronakan Marzakan Akumb,,390.0,Avan Academy Stadium,Yerevan,1500.0,
3915,Al Zulfi SC,,3509.0,Al Zulfi Stadium,Al Zulfi,3000.0,
3916,NEOM SC,,3510.0,King Khalid Sport City Stadium,Tabuk,12000.0,
3917,US Pianese,,3511.0,Stadio Comunale di Piancastagnaio,Piancastagnaio,2500.0,
3918,AA Aparecidense,,3512.0,Estádio Annibal Batista de Toledo,Aparecida de Goiânia,6645.0,
3919,US Triestina Calcio,,577.0,Nereo-Rocco,Trieste,28565.0,
3920,AS Pineto Calcio,,3513.0,Stadio Mimmo Pavone-Alessandro Mariani,Pineto,1500.0,
3921,Football Club Giugliano 1928,,3514.0,Stade Alberto De Cristofaro,Giugliano,6200.0,
3922,Tocantinópolis EC,,3515.0,Estadio Joao Ribeiro,Tocantinópolis,10000.0,
3923,Omonia FC Aradippou,,3516.0,Stade municipal d'Aradippou,"Aradíppou, sur la périphérie de la ville de Larnaca.",4500.0,
3924,São Raimundo EC (Roraima),,3472.0,Estádio Canarinho,Boa Vista,6000.0,
3925,Gimnástica Segoviana CF,,3517.0,La Albuera,Ségovie,2500.0,
4394,Rutgers Scarlet Knights University,,4070.0,Yurcak Field,Piscataway,5000.0,
3927,AC Legnago Salus,,3518.0,Stade Mario Sandrini,Legnago,2152.0,
3928,US Latina,,3519.0,Stadio Domenico Francioni,Latina,9398.0,
5291,Tunisia Under 17,,1965.0,Stade Olympique Hammadi Agrebi,Tunis,,
3931,Ironi Tiberias,,3522.0,Tiberias Municipal Stadium,Tibériade,7554.0,
3932,UC AlbinoLeffe,,3523.0,AlbinoLeffe Stadium,Zanica,1791.0,
3933,Ourense CF,,3524.0,Estadio do Couto,Orense,5600.0,
3934,Dibba Al Hisn,,3525.0,Dibba Stadium,Dibba,9000.0,
3935,USD Audace Cerignola,,3526.0,Stadio Domenico Monterisi, Cerignola,7453.0,
3936,FC Cascavel,,3527.0,Estádio Olímpico Regional Jacy Miguel Scanagatta,Cascavel,28125.0,
3937,Aldershot Town FC,,3532.0,Recreation Ground,Aldershot,7100.0,
3583,Club León,,598.0,Estadio Nou Camp,Léon,30000.0,
3938,Altrincham FC,,3535.0,Moss Lane,Altrincham,7873.0,
3939,Woking FC,,3536.0,Kingfield Stadium,Woking,6000.0,
3940,Barnet FC,,2075.0,The Hive Stadium,London,6500.0,
3941,Boston United FC,,3537.0,The Jakemans Stadium,Boston,6643.0,
3942,Braintree Town FC,,3538.0,Cressing Road,Braintree,4222.0,
3943,Dagenham & Redbridge FC,,2074.0,Chigwell Construction Stadium,Dagenham,6078.0,
3944,Wealdstone FC,,3539.0,Grosvenor Vale,Ruislip,4085.0,
3945,Eastleigh FC,,3540.0,Ten Acres,Eastleigh,5192.0,
3946,Solihull Moors FC,,3541.0,Damson Park,Solihull,5500.0,
3947,Ebbsfleet United FC,,3542.0,Stonebridge Road,Northfleet,4769.0,
3948,AFC Fylde,,3543.0,Mill Farm stadium,Wesham,6000.0,
3949,Gateshead FC,,3544.0,Gateshead International Stadium,Gateshead,11800.0,
3950,FC Halifax Town,,3545.0,The Shay,Halifax,10401.0,
3951,Southend United FC,,3546.0,Roots Hall,Southend-on-Sea,12392.0,
3952,Oldham Athletic AFC,,3547.0,Boundary Park,Oldham,13186.0,
3953,Tamworth FC,,3548.0,The Lamb Ground,Tamworth,4000.0,
3954,Yeovil Town FC,,3549.0,Huish Park,Yeovil,9565.0,
3955,York City FC,,3550.0,York Community Stadium,York,8500.0,
3956,Atalanta Bergamasca Calcio Under 23,,3551.0,Comunale di Caravaggio,Caravaggio,2180.0,
3957,AD Confiança,,3153.0,Batistão Arena,Aracaju,15.0,
3958,Sorrento Calcio,,3552.0,Stadio Italia,Sorrento,3600.0,
3959,Marbella FC,,2766.0,Marbella Football Center,,,
3960,AC Carpi,,535.0,Stadio Sandro Cabassi,Carpi,4164.0,
3961,Aurora Pro Patria 1919,,3553.0,Stadio Carlo Speroni,Busto Arsizio,5000.0,
3962,FC Pro Vercelli Calcio,,3554.0,Stadio Silvio Piola,Verceil,5500.0,
3963,AC Trento,,3555.0,Stadio Briamasco,Trente,4200.0,
3964,Cavese 1919,,3556.0,Stadio Simonetta Lamberti,Cava de' Tirreni,7000.0,
3930,Clube do Remo,,3575.0,Estadio estatal Jornalista Edgar Augusto Proença,Belém,,
3966,ACR Messina,,3558.0, Stadio San Filippo,Messine,38722.0,
3967,Barakaldo CF,,3559.0,Lasesarre,Barakaldo,7960.0,
3968,FC Arzignano Valchiampo,,3560.0,Tommaso Dal Molin Stadium, Arzignano,2000.0,
3969,ASD Turris Calcio,,3561.0,Stade Amerigo Liguori,Torre del Greco,3566.0,
3970,AS Lucchese Libertas 1905,,3562.0,Stadio Porta Elisa,Lucques,7386.0,
3971,Yeclano Deportivo,,3563.0,La Constitución,Yecla,4000.0,
3972,ASD Team Altamura,,3564.0,Stadio Comunale Tonino D'Angelo,Altamura,8000.0,
3973,Unione Sportiva Arezzo,,3565.0,Stadio Città di Arezzo,Arezzo,13128.0,
3974,AZ Picerno,,3566.0,Stadio comunale Donato Curcio,Picerno,1600.0,
3975,AC Milan Under 23,,3567.0,Stade Felice Chinetti,Solbiate Arno,4500.0,
3976,Calcio Caldiero Terme,,3568.0,Mario Gavagnin-Sinibaldo Nocini ,Vérone,1500.0,
3977,SEF Torres,,3569.0,Stade Vanni Sanna,Sassari,12000.0,
3978,Casertana FC,,3570.0,Stadio Alberto Pinto, Caserta,12000.0,
1700,SC Verl,,1402.0,Sportclub Arena,Verl,5000.0,
3979,AS Gubbio 1910,,3578.0,Pietro-Barbetti,Gubbio,4939.0,
3980,Virtus Vecomp Verona,,3579.0,Centro Sportivo Mario Gavagnin - Sinibaldo Nocini,Vérone,1500.0,
3981,Union Clodiense Chioggia,,3580.0,Aldo e Dino Ballarin,Chioggia,3622.0,
3982,Brighton & Hove Albion Under 18,,1668.0,AMEX Elite Football Performance Centre,Lancing,1000.0,
3911,"Saudi Arabia, Women",,170.0,Roi-Abdallah,,,
3983,Maghreb AS de Fès,,3581.0,Stade Hassan 2,Fès,10000.0,
3984,Campobasso FC,,3582.0,Nuovo Romagnoli,Campobasso,25000.0,
3985,Potenza Calcio,,3583.0,Stadio Alfredo Viviani,Potenza,6000.0,
3926,Omonia 29th May,,2704.0,Katokopia Stadium,Peristerona,3500.0,
3987,Rimini Football Club,,3585.0,Romeo-Neri,Rimini,9768.0,
3988,US Pergolettese 1932,,3587.0,Stadio Giuseppe Voltini,Crema,4100.0,
3989,AC Renate,,3588.0,Mino Favini,Meda,2500.0,
3990,Unione Sportiva Avellino 1912,,3589.0,Partenio-Adriano Lombardi,Avellino,10125.0,
3991,SS Monopoli 1966,,3590.0,Vito Simone Veneziani,Monopoli,6880.0,
3992,Vis Pesaro 1898,,3591.0,Tonino-Benelli,Pesaro,4898.0,
3993,AC Lumezzane,,3593.0,Tullio Saleri,Lumezzane,4150.0,
4266,Hapoel Haifa FC U17,,3903.0,Kiryat Haim Stadium,Kiryat Haim,1000.0,
4784,Al Qadisiyah Al Khubar Under 15,,6350.0,Al-Qadasiya Club Stadium,al-Khobar,11000.0,
3995,Taranto FC 1927,,3597.0,Stadio Erasmo Iacovone,Taranto,27584.0,
3996,Lithuania Under 19,,431.0,Steponas Darius and Stasys Girenas,Kaunas,8248.0,
3997,Sweden Under 16,,3599.0,Ekerum Park ,Borgholm,,
3998,Finland Under 16,,1449.0,Veritas Stadium,Turku,9300.0,
3999,Arsenal FC Under 18 Academy,,3600.0,Sobha Realty Training Centre,Shenley,1000.0,
4001,"Venezuela Under 20, Women",,2051.0,Estadio Olímpico,Montevideo,9500.0,
4002,Renaissance Sportive de Berkane,,3603.0,Stade municipal de Berkane,Berkane,15000.0,
4003,Club Omnisports de Meknès,,3604.0,Stade d'honneur de Meknès,Meknes,25000.0,
4004,Moghreb Athlétic de Tétouan,,3605.0,Saniat-Rmel,Tetouan,15000.0,
4005,Union Touarga Sportif,,3606.0,Stade Al Barid,Rabat,15000.0,
4006,Difaâ Hassani d'El Jadida,,3607.0,Ben M'Hamed El Abdi,El Jadida,15000.0,
4007,Sporting Club Chabab Mohammédia,,3608.0,Bachir,Mohammedia,30000.0,
4008,Hassania Union Sport d'Agadir,,3609.0,Adrar,Agadir,45480.0,
4009,"Lazio Calcio, Women",,3610.0,Mirko Fersini,Formello,3000.0,
4010,"FC Carl Zeiss Jena, Women",,3397.0,Ernst-Abbe-Sportfeld,Léna,15000.0,
4011,"1. FFC Turbine Potsdam, Women",,3419.0,Karl-Liebknecht-Stadion,Potsdam,10499.0,
4012,"SGS Essen 19 68, Women",,2235.0,Stadion an der Hafenstraße,Essen,,
4013,"SC Freiburg, Women",,30.0,Schwartzwald-Stadion,Freiburg,24000.0,
4014,"Fiorentina FC, Women",,3612.0,Stadio Curva Fiesole - Viola Park, Bagno a Ripoli,3000.0,
4015,"FC Internazionale Milano, Women",,3584.0,Arena Civica,Milan,10000.0,
4016,"Fiji Under 20, Women",,1780.0,Bunyodkor Stadium,Tashkent,34000.0,
4017,"Paraguay Under 20, Women",,3134.0,Estadio Martín Torres,Asunción,,
4018,"Morocco Under 20, Women",,3606.0,Stade Al Barid,Rabat,15000.0,
4019,"Korea DPR Under 20, Women",,1615.0,1st of May Stadium,Pyongyang,150000.0,
4020,"Argentina Under 20, Women",,644.0,Estadio Monumental Antonio Vespucio Liberti,Buenos Aires,,
4021,Denmark Under 16,,2725.0,Brøndby IF's anlæg,Brøndby,3000.0,
4022,Denmark Under 16 B,,2725.0,Brøndby IF's anlæg,Brøndby,3000.0,
4023,Club Renaissance Khemis Zemamra,,3613.0,Stade municipal de Zemamra,Zemamra,1000.0,
4024,Jeunesse Sportive Soualem,,3614.0,Stade municipal de Had Soualem,Had Soualem,5000.0,
4025,Olympique Club de Safi,,3615.0,El Massira El Khadra,Safi,20000.0,
5292,Côte d'Ivoire Under 17,,3000.0,Stade Olympique Alassane Ouattara D'ebimpé,Abidjan,60012.0,
4027,ASD Napoli Femminile,,2711.0,Stadio Giuseppe Piccolo,Cercola,7000.0,
4029,US Sassuolo Femminile,,2710.0,Stadio Enzo Ricci,Sassuolo,4008.0,
4030,Fath Union Sport de Rabat,,2541.0,Complexe Sportif Prince Moulay Abdellah,Rabat,52000.0,
4031,Ittihad Riadhi de Tanger,,3617.0,Ibn-Batouta,Tanger,65000.0,
4032,AS Forces Armées Royales de Rabat,,2541.0,Complexe Sportif Prince Moulay Abdellah,Rabat,52000.0,
4034,"SV Werder Bremen, Women",,494.0,Weserstadion,Bremen,42100.0,
4033,"Rasen Ballsport Leipzig, Women",,3618.0,Red Bull Arena,Leipzig,47069.0,
4028,"UC Sampdoria, Women",,168.0,Luigi-Ferraris,Genoa,36599.0,
4035,Italy Under 16,,3621.0,Centro Tecnico Federale di Coverciano,Florence,,
4036,Nong Bua Pitchaya FC,,3622.0,Pitchaya Stadium,Nong Bua Lamphu,7000.0,
4037,Nakhon Pathom FC,,3623.0,Nakhon Pathom Municipality Sports School Stadium,Nakhon Pathom,5000.0,
4038,Khon Kaen United FC,,3624.0,Khon Kaen Provincial Stadium,Khon Kaen,7000.0,
4039,Real Club Deportivo de La Coruña,,553.0,Riazor,La Coruna,34600.0,
4040,FC Levante Las Planas Badalona,,3625.0,Camp Municipal Les Planes,Sant Joan Despí,2000.0,
4041,Reial Club Deportiu Espanyol,,3007.0,Ciutat Esportiva Dani Jarque,,,
4042,Pogoń Szczecin Women,,560.0,Florian-Krygier-Stadion,Szczecin,18027.0,
4812,"FC Slovan Liberec, Women",,1287.0,Stadion u Nisy,Liberec,9900.0,
911,Volos NFC,,1217.0,Panthessaliko,Volos,22700.0,
4982,Sandvikens IF,,6695.0,Jernvallen,Sandviken,7000.0,
2866,Club Sportivo Trinidense,,3134.0,Estadio Martín Torres,Asunción,,
3823,RFC de Liège,,3636.0,Stade de Rocourt,Liege,,
3732,FC St. Pauli von 1910 Under 19,,3644.0, Werner-Bornholdt-Sportzentrum,Bönningstedt,,
4043,Eastern SC,,1931.0,Mong Kok Stadium,Hong Kong,6664.0,
4058,AC Sparta Praha Under 19,,3657.0,TC Strahov,PrahaOpened,3000.0,
4064,FC Dinamo Tbilisi Under 19,,1458.0,Mikheil Meskhi Stadium,Tbilisi,27223.0,
4066,FK Dinamo Minsk Under 19,,2271.0,Stadion am Bruchweg,13508,,
4067,FK Kairat Almaty Under 19,,3662.0,Stadïon Akademïï T.S.Segïzbaeva,Almaty,1500.0,
4068,FK Crvena Zvezda Beograd Under 19,,125.0,Rajko Mitic,Belgrade,55538.0,
4069,VMFD Žalgiris Vilnius Under 19,,35.0,LFF Stadium,Vilnius,5400.0,
4072,FK Akademija Pandev Under 19,,1635.0,Stadion Mladost,Lucani,5944.0,
4073,Lille OSC Métropole Under 19,,2954.0,Complexe Sportif de Luchin,Camphin-En-Pévèle,2000.0,
4075,Lincoln Red Imps FC Under 19,,3664.0,Europa Point Stadium,Gibraltar,8066.0,
4076,Bologna FC 1909 Under 19,,134.0,Renato Dall'Ara,Bologna,36532.0,
4077,KS Bylis Ballsh Under 19,,629.0,Elbasan Arena,Elbasan,12800.0,
4078,BSC Young Boys Under 19,,126.0,Stade de Suisse,Bern,31789.0,
4079,FC Osaka,,3665.0,Hanazono Rugby Stadium,Higashiōsaka,26544.0,
4080,Giravanz Kitakyushu,,3666.0,Mikuni World Stadium,Kitakyushu,15300.0,
4081,Matsumoto Yamaga FC,,3667.0,Alwin,Matsumoto,20396.0,
4082,Kamatamare Sanuki,,3668.0,Pikara Stadium,Marugame,30099.0,
4083,Fukushima United FC,,3669.0,Fukushima Azuma Stadium,Fukushima,21000.0,
4259,Bnei Yehuda U17,,3901.0,Tel Aviv Sportek South,Tel-Aviv,1500.0,
3599,FK Mornar Bar,,8260.0,Stadion Topolica,Bar,,
4084,Tegevajaro Miyazaki FC,,3671.0,Ichigo Miyazaki Shintomi Football Stadium,Shintomi,5354.0,
4085,SC Sagamihara,,3082.0,Sagamihara Gion Stadium,Sagamihara,15300.0,
4086,Gainare Tottori,,3672.0,Tottori Bank Bird Stadium,Tottori,16033.0,
4087,AC Parceiro Nagano,,3085.0,Nagano U Stadium,Nagano,15491.0,
4088,FC Gifu,,3673.0,Gifu Nagaragawa Stadium,Gifu,26109.0,
4089,Yokohama Sports and Culture Club,,1663.0,NHK Spring Mitsuzawa Stadium,Yokohama,15454.0,
4090,Kataller Toyama,,3674.0,Toyama Athletic Stadium,Toyama,25251.0,
4091,FC Imabari,,3675.0,Asics Satoyama Stadium,Imabari,5316.0,
4092,FC Azul Claro Numazu,,3676.0,Ashitaka Park Stadium,Numazu,10000.0,
4093,Vanraure Hachinohe,,3677.0,Prifoods Stadium,Hachinohe,5200.0,
4094,Nara Club,,3678.0,Rohto Field Nara,Nara,30600.0,
4095,FC Ryūkyū,,3679.0,Okinawa Athletic Stadium,Okinawa,12270.0,
4096,Grulla Morioka,,3680.0,Iwagin Stadium,Morioka,3500.0,
4097,NK Maribor Under 19,,359.0,Ljudski VRT,Maribor,12702.0,
4098,The New Saints FC Under 19,,2591.0,The Venue,,,
4099,FK Sarajevo Under 19,,394.0,Asim Ferhatovic Hase,Sarajevo,34630.0,
4101,Pyunik FC Under 19,,3681.0,Junior Sport Stadium,Erevan,1188.0,
4102,KF 2 Korriku Under 19,,1586.0,Zahir Pajaziti City Stadium,Podujevo,2000.0,
4103,FC Santa Coloma Under 19,,3682.0,Centre d'Entrenament de la FAF 1,Santa Coloma,2000.0,
4104,FC Progrès Niederkorn Under 19,,1456.0,Stade Municipal de Differdange,Differdange,1800.0,
4105,Academia de Fotbal Radu Rebeja Under 19,,3684.0,Baza Zimbru 2,Chișinău,2060.0,
4106,FK Budućnost Podgorica Under 19,,379.0,Podgorica City Stadium,Podgorica,17000.0,
4107,UMF Stjarnan Under 19,,340.0,Samsung Vollurinn,Gardabaer,1298.0,
4109,Crystal Palace LFC,,2941.0,Crystal Palace Academy,London,1000.0,
4110,Cliftonville FC Under 19,,383.0,Solitude,Belfast,6224.0,
4111,SK Sturm Graz U19,,3685.0,Sportzentrum Fischl,Klagenfurt,3000.0,
4112,Aston Villa FC Under 19,,2950.0,Bodymoor Heath Training Ground,Bodymoor Heath,1000.0,
4113,Valletta FC Under 19,,213.0,Mfa Centenary Stadium,Ta' Qali,3000.0,
4114,Kowloon City District Sports Association,,3686.0,Sham Shui Po Sports Ground,Kowloon,2194.0,
4116,Stade Rennais FC II,,1660.0,Centre d'entraînement de la Piverdière,Rennes,1000.0,
4785,Al Ula Under 16,,6351.0,Prince Mohammed bin Abdul Aziz Stadium,Medine,24000.0,
4813,"FC Praha, Women",,6426.0,Areál Aritmy,Praha,2000.0,
4843,Al Nassr FC Under 18,,6494.0,Reserve of Al-Nassr Club Stadium,Riyadh,1000.0,
4137,Persatuan Bola Sepak Sabah,,3740.0,Likas Stadium,Kota Kinabalu,35000.0,
2734,Houston Dynamo II,,3723.0,SaberCats Stadium,Houston,,
4121,Rennes TA,,3703.0,Stade Roger Salengro 1,Rennes,,
4100,"FC Nantes, Women",,11.0,La Beaujoire,Nantes,37473.0,
4108,"RC Strasbourg Alsace, Women",,23.0,Stade de la Meinau,Strasbourg,29200.0,
4071,"Granada CF, Women",,552.0,Los Carmenes,Granada,23156.0,
4120,US Fougeres,,3705.0,Stade Jean Manfredi, Fougères,3000.0,
4118,Stade Plabennecois,,3702.0,Complexe sportif de Kervéguen,Plabennec,3000.0,
4117,CPB Brequigny,,3706.0,Complexe sportif Bréquigny,Rennes,,
4115,Vannes OC,,3700.0,Stade de La Rabine,Vannes,11865.0,
4119,Paotred Dispount Ergue Gaberic,,3707.0,Stade de Lestonan,Ergué-Gabéric,1880.0,
4052,Manila Montet FC,,3653.0,Rizal Memorial Stadium,Manila,12873.0,
4051,Philippine Army FC,,3708.0,Emperador Stadium,Manila,2000.0,
4050,Loyola FC,,3653.0,Rizal Memorial Stadium,Manila,12873.0,
4122,Persatuan Bolasepak Selangor,,3712.0,MBPJ Stadium,Petaling Jaya,25000.0,
4132,"Sheffield United LFC, Women",,466.0,Bramall Lane,Sheffield,32702.0,
4148,FC Kolos Kovalivka Under 19,,3777.0,NTB Kolos,Kyiv,1000.0,
5244,Al Khalidiya SC,,6386.0,Bahrain National Stadium,,,
4123,Persatuan Bola Sepak Perak Darul Ridzuan,,3728.0,Perak Stadium,Ipoh,42500.0,
4124,Terengganu FC,,3729.0,Sultan Mizan Zainal Abidin Stadium,Kuala Terengganu,50000.0,
5293,Honduras Under 17,,3128.0,Estadio José de la Paz Herrera Uclés,Tegucigalpa,35000.0,
5331,Charlton Athletic FC Academy U18,,6095.0,Charlton Athletic Football Club Youth Academy,London,1000.0,
4126,"Durham WFC, Women",,3733.0, The Graham Sports Centre Durham University,Durham,,
4127,"London City Lionesses LFC, Women",,3350.0,Hayes Lane,Bromley,5000.0,
4128,"Portsmouth LFC, Women",,3734.0,Westleigh Park,Havant,5300.0,
4131,"Blackburn Rovers LFC, Women",,467.0,Ewood Park,Blackburn,31367.0,
4130,"Sunderland WFC, Women",,3735.0,Eppleton Colliery Football Ground,Hetton-le-Hole,2500.0,
4133,Southampton FC Women,,3736.0,Silverlake Stadium,Stoneham,3000.0,
4134,Polis Di-Raja Malaysia FC,,3737.0,Majlis Perbandaran Selayang,Bandar Baru Selayang,16000.0,
4135,Penang FC,,3738.0,City Stadium Penang,George Town,20000.0,
4136,Persatuan Bolasepak Negeri Pahang,,3739.0,Temerloh Stadium,Temerloh District,10000.0,
4138,Persatuan Bola Sepak Kedah Darul Aman,,3741.0,Darul Aman Stadium,Alor Setar,24644.0,
4139,Negeri Sembilan FC,,3742.0,Tuanku Abdul Rahman Stadium,Seremban,45000.0,
4140,Kelantan Darul Naim Football Club,,3743.0,Sultan Muhammed IV Stadium,Kota Bharu,22000.0,
4141,Kuching City FC,,3744.0,Sarawak Stadium,Kuching,40000.0,
4142,Chaika Peschanokopskoe,,3747.0,Stade Central Tchaïka,Peschanokopskoye,3000.0,
3318,Luton Town U21,,635.0,Kenilworth Road,Luton,10356.0,
4143,Prachuap FC,,3761.0,Sam Ao Stadium,Prachuap Khiri Khan,5.0,
4144,Dubai United FC,,3765.0,ISD Stadium Pitch,Dubai,,
4145,Gulf Heroes SC,,3766.0,The Sevens Stadium,Dubai,44000.0,
4146,Galatasaray Spor Kulübü,,3767.0,Florya Metin Oktay Facilities,Istanbul,,
4147,Magesi FC,,2828.0,Old Peter Mokaba Stadium,Polokwane,15000.0,
4149,LNZ Cherkasy FC Under 19,,3778.0, Stadion Geronimivka,Heronymivka,1000.0,
4150,FK Obolon' Kyiv Under 19,,3779.0,Stadion UTB Obolon',Boutcha,,
4151,FC Karpaty Lviv Under 19,,2487.0,Skif Stadium,Lviv,3742.0,
4152,Polissya Zhytomyr Under 19,,3780.0,Arena Spartak,Jytomyr,,
3994,US Sestri Levante,,3594.0,Giuseppe-Sivori, Sestri Levante,1500.0,
4153,Cesena Under 20,,3789.0,Centro Sportivo Romagna Centro,Cesena,664.0,
4154,ACF Fiorentina Under 20,,3612.0,Stadio Curva Fiesole - Viola Park, Bagno a Ripoli,3000.0,
4155,UC Sampdoria Under 20,,2714.0,Campo Sportivo Tre Campanili,Bogliasco,1000.0,
4156,Udinese Calcio Under 20,,3791.0,Stadio Comunale di Codroipo,Codroipo,,
4157,Genoa CFC Under 20,,3751.0,Stadio La Sciorba,Genoa,,
4158,Associazione Calcio Monza Under 20,,3792.0,Centro Sportivo Luigi Berlusconi,Monza,1000.0,
4159,Roma Under 20,,3784.0,Stadio Tre Fontane,Rome,4.0,
4160,SS Lazio Under 20,,3793.0,Stadio Mirko Fersini,Formello,3000.0,
4162,Atalanta Bergamasca Calcio Under 20,,3795.0,Carillo Pesenti Pigna,Alzano Lombardo,1900.0,
4163,AC Milan Under 20,,2067.0,Centro Sportivo Vismara,Milan,,
4164,US Cremonese Under 20,,3796.0,Amadio Soldi Field,Cremona,1000.0,
4165,Torino FC Under 20,,3797.0,Stadio Valentino Mazzola,Santarcangelo,,
4166,Juventus FC Under 20,,1398.0,Juventus Center,Turin,400.0,
4167,Empoli FC U20,,2715.0,Stadio Comunale di Petroio,Vinci,3000.0,
4395,Indiana Hoosiers University,,4071.0,Bill Armstrong Stadium,Bloomington,6100.0,
4169,US Lecce Under 20,,2712.0,Campo Sportivo San Pietro in Lama,San Pietro in Lama,1000.0,
4170,FC Internazionale Milano Under 20,,3799.0, KONAMI Youth Development Centre in Memory of Giacinto Facchetti,Milan,3000.0,
4171,Cagliari Calcio Under 20,,3800.0,Stadio Comunale Ussana,Ussana,,
4172,US Sassuolo Calcio Under 20,,2710.0,Stadio Enzo Ricci,Sassuolo,4008.0,
5245,FK Andijan,,7123.0,Bobur Arena,Andijan,18360.0,
4208,"Central Coast Mariners, Women",,1484.0,Central Coast Stadium,Gosford,20119.0,
3816,1. FC Nürnberg II,,3713.0,Max-Morlock-Platz,Nuremberg,,
3986,Alcione Milano,,3701.0,Stadio Comunale,Fiorenzuola d'Arda,,
4173,Lamphun Warrior FC,,3808.0,700th Anniversary of Chiang Mai Stadium,Don Kaeo,25000.0,
4174,Uthai Thani FC,,3809.0,Uthai Thani Province Stadium,Uthai Thani,5500.0,
4175,FC Farul Constanţa Under 19,,424.0,Stadionul Central Academia Hagi,Ovidiu,3000.0,
4177,Auckland FC,,3811.0,Mount Smart Stadium,Auckland,25000.0,
2272,FK Baltika Kaliningrad,,3147.0,Rostec Arena,Kaliningrad,35000.0,
4179,Spokane Velocity FC,,3814.0,One Spokane Stadium,Spokane,5000.0,
4181,Northern Colorado Hailstorm FC,,3816.0,4Rivers Equipment Stadium,Windsor,6500.0,
4182,South Georgia Tormenta FC,,3817.0,Tormenta Stadium,Statesboro,5300.0,
4183,One Knoxville Sporting Club,,3818.0,Regal Soccer Stadium,Knoxville,3000.0,
5448,FK Van,,7510.0,Charentsavan City Stadium,Charentsavan,5000.0,
4185,Union Omaha,,3820.0,Werner Park,Papillion,9023.0,
4188,Central Valley Fuego FC,,3823.0,Fresno State Soccer Stadium,Fresno,1000.0,
4189,ES Mostaganem,,3825.0,Stade Commandant Ferradj,Mostaganem,18000.0,
4190,MC Oran,,3826.0,Stade Miloud-Hadefi,Bir El Djir,40143.0,
4191,MC Alger,,3827.0,Stade Nelson-Mandela,Baraki,40784.0,
4192,USM Khenchela,,3828.0,Stade hammam ammar,Khenchela,8000.0,
4193,CS Constantine,,3829.0,Belaid Belkacem,Mila,10000.0,
4194,USM Alger,,3827.0,Stade Nelson-Mandela,Baraki,40784.0,
4195,US Biskra,,3830.0,Stade du 18-Février,Biskra,30000.0,
4196,Oued Akbou,,3831.0,Stade de l'Unité Maghrébine,Béjaïa,17500.0,
4197,JS Saoura,,3832.0,Stade du 20 Août 1955,Béchar,20000.0,
4198,NC Magra,,3833.0,Magra Municipal Stadium,Magra,8000.0,
4199,ASO Chlef,,3834.0,Complexe Sportif Mohamed Boumezrag,Chlef,18000.0,
4200,Paradou AC,,3835.0,Stade du 20 août 1955,Belouizdad,15000.0,
4201,Haras El Hodood,,3836.0,Harras El-Hedoud Stadium,Alexandrie,22000.0,
4203,"Wellington Phoenix FC, Women",,2803.0,Sky Stadium,Wellington,34500.0,
4202,"Western United FC, Women",,3837.0,Ironbark Fields,Melbourne,5000.0,
4204,"Adelaide United, Women",,3838.0,Marden Sports Complex,Adelaide,6000.0,
4205,"Melbourne Victory, Women",,619.0,AAMI Park,Melbourne,,
4206,"Canberra United, Women",,3839.0,McKellar Park,Canberra,3500.0,
4207,"Brisbane Roar FC, Women",,3840.0,Perry Park,Brisbane,5000.0,
4209,"Sydney FC, Women",,1483.0,Netstrata Jubilee Stadium,Sydney,20505.0,
4210,"Melbourne City FC, Women",,619.0,AAMI Park,Melbourne,,
4211,"Perth Glory FC, Women",,3841.0,Sam Kerr Football Centre,Perth,2500.0,
4212,"Newcastle Jets, Women",,1485.0,McDonald Jones Stadium,Newcastle,33000.0,
4213,"Western Sydney Wanderers FC, Women",,3845.0,Marconi Stadium,Sydney,9000.0,
4214,SV Door Fusie Sterk,,3850.0,Sportpark 't Heerenland,Opheusden,2000.0,
4215,AD Municipal Liberia,,3852.0, Stade Edgardo Baltodano Briceño,Liberia,5979.0,
5986,Atlético Madrid U14,,556.0,Estadio Cerro Del Espino,Majadahonda,3376.0,
4217,AD Guanacasteca,,3854.0,Stade Chorotega,Nicoya,4000.0,
4218,AD San Carlos,,3855.0,Stade Carlos Ugalde Álvarez,Ciudad Quesada,5600.0,
4219,CS Cartaginés,,3856.0,Stade José Rafael Fello Meza Ivankovich,Cartago,13500.0,
4220,Municipal de Pérez Zeledón,,3857.0,Stade Municipal Pérez Zeledón,San Isidro d'El General,6000.0,
4221,AD Municipal Santa Ana,,3858.0,Estadio de Piedades, Santa Ana,2000.0,
4222,Puntarenas FC,,3859.0,Stade Lito Pérez,Puntarenas,4105.0,
4223,Albania Under 21,,629.0,Elbasan Arena,Elbasan,12800.0,
4187,Forward Madison FC,,3822.0,Breese Stevens Field,Madison,5000.0,
4186,Richmond Kickers,,3821.0,City Stadium,Richmond,22000.0,
5492,Chester FC,,7532.0,Deva Stadium,Chester,5400.0,
4216,Sporting Football Club,,7868.0,Estadio Puente de Piedra,Alajuela,,
4180,Chattanooga Red Wolves SC,,3815.0,CHI Memorial Stadium,East Ridge,2500.0,
4176,FK IMT Novi Beograd Under 19,,3810.0,Stadion FK IMT,Novi Beograd,1150.0,
4161,Hellas Verona FC Under 20,,3794.0,Sinergy Stadium,Verona,3000.0,
4224,Itabirito Futebol Clube,,3481.0,Estádio Municipal Castor Cifuentes, le Minas Gerais,5160.0,
4225,Uberlândia EC,,3028.0,Estádio Parque do Sabiá,,,
4226,CA Patrocinense,,3860.0,Estadio Pedro Nascimento Alves,Patrocínio,10250.0,
4227,Asociación Deportiva y Recreativa Jicaral Sercoba,,3862.0,Cancha de la Asociación Cívica,Jicaral,1498.0,
4228,Asociación Deportiva Sarchí,,3863.0,Estadio Municipal Eliécer Pérez Conejo,Sarchí,2500.0,
4229,Inter San Carlos,,3864.0,Estadio de Fútbol de Pital,Pital,3000.0,
4230,AD Municipal Grecia,,3865.0,Estadio Rafael Bolaños,El Coyol,2400.0,
4231,FK Rīgas Futbola skola II,,3866.0,LNK Sporta Parks 2,Riga,1700.0,
4232,JFK Ventspils,,3867.0,OC Ventspils rezerves laukums,Kuldīgas iela,1000.0,
4233,FK Tukums 2000   TSS II,,2698.0,Tukuma mākslīgā laukumā stadions,Tukums,1000.0,
2271,SC Preußen 06 Münster U19,,3726.0,Sportpark Berg Fidel Platz 1,Münster,,
2955,FK Auda,,432.0,Skonto,Riga,9500.0,
4234,Smouha SC,,3872.0,Stade Borg Al Arab,Borg Al Arab,86000.0,
4235,Tala'ea El Gaish,,3873.0,Suez Stadium ,Suez,27000.0,
4236,Al Masry Club,,3873.0,Suez Stadium ,Suez,27000.0,
4237,El Gounah,,3874.0,Stade d'El Gouna,Hurghada,12000.0,
4238,ZED Football Club,,3875.0,Stade Osman Ahmed Osman,Caire,35000.0,
4239,ENPPI Club,,3876.0,Petrosport Stadium,Nouveau Caire,16000.0,
4240,Petrojet,,580.0,Military Production Stadium,Cairo,30000.0,
4241,Ghazl El Mehalla,,3877.0,Stade d'El Mahalla,El-Mahalla El-Koubra,20000.0,
4242,Ceramica Cleopatra,,3875.0,Stade Osman Ahmed Osman,Caire,35000.0,
3580,FC Unirea 2004 Slobozia,,3878.0,Clinceni - Arena 1,Clinceni,,
3730,FK Spartak 1918 Varna,,3629.0,Spartak Stadium,Varna,,
3326,"AS Saint-Étienne, Women",,3749.0,Stade Salif Keita,Saint-Étienne,,
4243,Greenock Morton FC,,3655.0,Cappielow Park,Greenock,11100.0,
4244,Airdrieonians,,1223.0,New Douglas Park,Hamilton,5510.0,
4245,Raith Rovers FC,,3880.0,Stark's Park,Kirkcaldy,8867.0,
4246,Queen's Park FC,,3660.0,Lesser Hampden,Glasgow,12000.0,
4247,Ayr United FC,,3881.0,Somerset Park,Ayr,12128.0,
4248,Rayong FC,,3883.0,Rayong Province Stadium,Rayong,7500.0,
4249,Paraguay Under 23,,1604.0,Estadio Defensores del Chaco,Asuncion,42354.0,
4250,Venezuela Under 23,,3057.0,Estadio Nacional Brígido Iriarte,Caracas,12500.0,
4251,Argentina Under 23,,3057.0,Estadio Nacional Brígido Iriarte,Caracas,12500.0,
4261,MS Ashdod Under 19,,3902.0,Ashdod B 1,Ashdod,,
4297,Sporting Braga Under 19,,3930.0, Cidade Desportiva do SC Braga,Braga,1250.0,
4268,Hapoel Jerusalem FC U16,,8091.0,Sportek Emek HaArazim,Jerusalem,,
4265,Hapoel Kfar Saba U17,,3905.0,Kfar Saba Lower Training Synthetic,Kfar Saba Lower Training Synthetic,,
5246,FK Arkadag,,7124.0,Arkadag Stadium,Arkadag ,10000.0,
2483,Club Brugge KV II,,3915.0,Stadion Schiervelde,Roulers,,
4285,FK Otrant-Olympic Ulcinj,,3920.0,Stadion Olympic,Ulcinj,1500.0,
4286,FK Bokelj Kotor,,3921.0,Stadion pod Vrmcem,Kotor,11000.0,
4168,Bologna FC 1909 Under 20,,3922.0,Centro Sportivo Crespellano,Crespellano,,
4287,KP Legia Warszawa Under 19,,3924.0,Legia Training Center,Ksiazenice,,
4288,FC Basel 1893 Under 19,,199.0,St. Jakob-Park,Basel,37994.0,
4289,Alkmaar Zaanstreek Under 19,,3926.0,Sportpark Kalverhoek,Wijdewormer,1000.0,
4290,Pafos FC Under 19,,3927.0,Geroskipou Municipal Stadium,Geroskipou,2000.0,
5295,Zambia Under 17,,1599.0,Stade Levy Mwanawasa,Ndola,49000.0,
4292,"América Mineiro, Women",,3928.0,Arena Gregorão,Contagem,2500.0,
4293,Puskás Ferenc Akadémia Felcsút Under 19,,1580.0,Pancho Arena,Felcsut,3500.0,
4294,Aberdeen FC Under 19,,354.0,Pittodrie Stadium,Aberdeen,20866.0,
3718,SV Werder Bremen Under 19,,494.0,Weserstadion,Bremen,42100.0,
4302,"Fluminense FC, Women",,3933.0,Estádio Marcelo Vieira,Duque de Caxias,1000.0,
4296,Sabah FK Under 19,,3929.0,Stade Bayil,Bakou,3200.0,
5346,JK Narva Trans U19,,7433.0,Narva Spordikeskuse spordiväljak,Narca,2000.0,
4291,"Botafogo FR, Women",,651.0,Estadio Olimpico Nilton Santos,Rio de Janeiro,44661.0,
4299,"SC Internacional RS, Women",,3931.0,Campo do SESC,Porto Alegre,1000.0,
4279,Hapoel Nir Ramat HaSharon FC U16,,8087.0,Grundman Stadium,Ramat HaSharon,,
3899,Sporting Braga II,,3914.0,Estádio Municipal 1° de Maio,Braga,,
4301,Association Jeunesse Auxerroise Under 19,,3932.0,Stade de l'Abbé Deschamps (annexe 1),Auxerre,1000.0,
4277,Hapoel Raanana AFC U16,,8088.0,Raanana North Park Field,Ra'anana,,
4303,Real Betis Balompié Under 19,,3934.0,Ciudad Deportiva Rafael Gordillo stadiu,Seville,,
4304,"SE Kindermann-Avaí, Women",,3935.0,Estádio Carlos Alberto Costa Neves,Caçador,6500.0,
4305,Strømsgodset IF Under 19,,1880.0,Marienlyst Stadion,Drammen,8935.0,
4306,FC Zbrojovka Brno Under 19,,1330.0,Městský Stadion Srbská,Brno,10200.0,
4307,IFK Göteborg Under 19,,3936.0,Kamratgården 2 hybrid,Göteborg,1000.0,
4396,University of Michigan Wolverines,,4072.0, University of Michigan Soccer Stadium,Ann Arbor,1800.0,
4309,PFC CSKA Sofia Under 19,,3938.0,Tsarsko selo Complex,Sofia,2000.0,
4276,Maccabi Netanya FC U17,,3909.0,Netanya Shapiro,Netanya,13800.0,
4275,Hapoel Tel Aviv FC U17,,3908.0,Wolfson 2,Tel Aviv,,
4274,Maccabi Petah Tikva FC U17,,1290.0,Hamoshava Stadium,Petah Tikva,11500.0,
4272,Hapoel Petah Tikva FC U16,,1290.0,Hamoshava Stadium,Petah Tikva,11500.0,
4271,Bnei Yehuda Tel Aviv FC U16,,8089.0,Bnei Yehuda Training Stadium,Tel Aviv,,
4270,Hapoel Kfar Saba FC U16,,3905.0,Kfar Saba Lower Training Synthetic,Kfar Saba Lower Training Synthetic,,
4310,SK Rapid Wien Under 19,,330.0,Allianz Stadion,Vienna,28345.0,
5247,Al Hussein SC,,7126.0,Stade Al Hassan,Irbid,12000.0,
5296,Uganda Under 17,,1622.0,Mandela National Stadium,Kampala,45200.0,
4312,Trabzonspor Under 19,,3939.0,Trabzonspor Kadir Özcan Tesisleri capacity,Trabzon,1000.0,
4313,FK Banga Gargždai II,,3940.0,Gargždai Stadium,Gargždai,2323.0,
4314,Be1 Nacionalinè Futbolo Akademija,,3219.0,Jonava Stadium,Jonava,3000.0,
4315,FK Panevėžys II,,3941.0,Panevėžio Žemynos progimnazijos stadionas,Panevėžys,620.0,
4316,FC Neptūną Klaipėda,,3942.0,Klaipėdos centrinis stadionas,Klaipėda,4428.0,
4317,FK Babrungas Plungë,,3943.0,Plungės dirbtinės dangos stadionas,Plungė,500.0,
4318,FK Šiauliai II,,3944.0,Gytarių stadionas,Šiauliai,1500.0,
4319,FK Nevėžis Kėdainiai,,3945.0,Kėdainiai Stadium,Kėdainiai,3000.0,
4320,FK Kauno Žalgiris II,,3946.0,VDU Valdo Adamkaus sporto centro stadionas,Akademija,1000.0,
4321,Garliava Kaunas,,3947.0,Garliavos Adomo Mitkaus pagrindinės mokyklos stadionas,Garliava,500.0,
4322,FK Ekranas,,3941.0,Panevėžio Žemynos progimnazijos stadionas,Panevėžys,620.0,
4323,FK Tauras Tauragė,,3948.0,Vytautas Stadium,Tauragė,1600.0,
4325,FK Minija Kretinga,,3950.0,Kretingos dirbtinės dangos aikštė,Kretinga,1000.0,
4326,Baltijos Futbolo Akademija Vilnius,,35.0,LFF Stadium,Vilnius,5400.0,
4327,FK Atmosfera Mažeikiai,,3952.0,Mažeikių stadionas dirbtinė danga,Mažeikiuose,2400.0,
4328,Angostura Fútbol Club,,3953.0,Estadio Ricardo Tulio Maya, Ciudad Bolívar,2500.0,
4329,Universidad Central de Venezuela FC,,2051.0,Estadio Olímpico,Montevideo,9500.0,
4330,Slovenia Under 21,,1450.0,Mesti Stadion Fazanerija,Murska Sobota,5000.0,
4786,Al Batin Under 15,,2846.0,Al-Batin FC Stadium,Hafar al-Batin,6000.0,
2359,"ŽFK Breznica Pljevlja, Women",,404.0,Gradski Stadion,Pljevlja,5140.0,
3965,AS GIANA Erminio,,3963.0,Stadio Comunale,Gorgonzola,,
4331,Kochi United SC,,3972.0,Kochi Haruno Athletic Stadium,Haruno,25000.0,
5396,Australia U23,,1484.0,Central Coast Stadium,Gosford,20119.0,
1867,Turkgucu Munich,,3746.0,Stadion an der Dantestraße,Munich,,
2401,"Anina-ŞS Anenii Noi, Women",,3979.0,Stadionul Anenii Noi,Anenii Noi,1500.0,
4344,CA Votuporanguense Under 20,,4004.0,Estádio Municipal Dr. Plínio Marin,Votuporanga,9227.0,
4333,FLC Thanh Hoa,,3992.0,Thanh Hóa Stadium,Thanh Hóa,14.0,
4334,Duoc Nam Ha Nam Dinh FC,,3993.0,Thiên Trường Stadium,Nam Định,30.0,
4336,SHB Da Nang FC,,3997.0,Hòa Xuân Stadium,Da Nang,20500.0,
4337,São Carlos FC Under 20,,3999.0,Stade Luís-Augusto-de-Oliveira,São Carlos,10000.0,
4338,SD Imperatriz Under 20,,3999.0,Stade Luís-Augusto-de-Oliveira,São Carlos,10000.0,
4339,Mirassol Futebol Clube Under 20,,4001.0,Estádio Manuel Francisco Ferreira,Bálsamo,1120.0,
4340,Rio Branco Atlético Clube Under 20,,4002.0,Estádio Décio Vitta,Americana,16146.0,
4341,Cruzeiro EC Under 20,,3999.0,Stade Luís-Augusto-de-Oliveira,São Carlos,10000.0,
4342,Real Brasília Futebol Clube Under 20,,3999.0,Stade Luís-Augusto-de-Oliveira,São Carlos,10000.0,
4343,Criciuma EC Under 20,,4001.0,Estádio Manuel Francisco Ferreira,Bálsamo,1120.0,
4345,Botafogo FR Under 20,,4004.0,Estádio Municipal Dr. Plínio Marin,Votuporanga,9227.0,
4346,Comercial de Tiete Under 20,,3641.0,Estádio Municipal de Santana do Parnaíba,Santana de Parnaíba,,
4347,Comercial FC (Ribeirão Preto) Under 20,,4005.0,Estádio José Vessi,Bela Vista,,
4348,Desportivo Brasil Participações Under 20,,4006.0,Estádio Ernesto Rocco,Porto Feliz,2500.0,
4349,Tupã FC Under 20,,4007.0,Estádio Municipal Alonso Carvalho Braga,Tupã,5515.0,
4350,CA Bandeirante Under 20,,4008.0,Arena Mario Lima Santos,Brodowski,1500.0,
4351,Tanabi SP Under 20,,4009.0,Estádio Alberto Víctolo,Tanabi,11617.0,
4352,EC Vitória Under 20,,4005.0,Estádio José Vessi,Bela Vista,,
4353,Coritiba FBC Under 20,,4006.0,Estádio Ernesto Rocco,Porto Feliz,2500.0,
4354,Clube de Regatas Brasil Under 20,,4007.0,Estádio Municipal Alonso Carvalho Braga,Tupã,5515.0,
4355,Azuriz FC Under 20,,4008.0,Arena Mario Lima Santos,Brodowski,1500.0,
4587,"Lexington SC, Women",,5690.0,Lexington Sporting Club Stadium,,,
4357,Oeste FC Under 20,,1666.0,Arena Barueri,Barueri,32500.0,
4358,CA Linense Under 20,,4014.0,Estádio Municipal Gilberto Siqueira Lopes,Lins,15770.0,
4359,Paraná Clube,,4015.0,Estádio Vila Capanema,Curitiba,20083.0,
4360,Rio Branco SC,,4016.0,Complexo Poliespotivo Fernando Scharbub Farah,Paranaguá,12218.0,
4361,Azuriz FC,,4017.0,Estádio Os Pioneiros,Pato Branco,1500.0,
4362,Clube Andraus Brasil,,4019.0,Estádio Vila Olímpica,Curitiba,8000.0,
4363,Independente Futebol São-Joseense,,4024.0,Estádio Municipal Cilmar Pedro Goergen,São José dos Pinhais,5200.0,
4364,EC XV de Novembro (Piracicaba),,4027.0,Estádio Barão da Serra Negra,Piracicaba,18000.0,
4365,EC Primavera,,4028.0,Estádio Ítalo Mário Limongi,Indaiatuba,7820.0,
4366,EC São Bento,,4029.0,Estádio Municipal Walter Ribeiro,Sorocaba,13722.0,
4367,EC Taubaté,,4031.0,Joaquim de Morais Filho Stadium,Taubaté,9600.0,
4368,Capivariano FC,,4033.0,Arena Capivari,Capivari,19000.0,
4369,Grêmio Esportivo Prudente,,4035.0,Estádio Paulo Constantino,Presidente Prudente,45954.0,
4370,São José Esporte Clube,,4036.0,Martins Pereira Stadium,São José dos Campos,12234.0,
4371,CA Votuporanguense,,4004.0,Estádio Municipal Dr. Plínio Marin,Votuporanga,9227.0,
4374,Joinville EC,,3643.0,Arena Joinville,Joinville,,
4375,Figueirense FC,,4041.0,Stade Orlando-Scarpelli,Florianópolis,19584.0,
4376,Concórdia Atlético Clube,,4042.0,Estádio Domingos Machado De Lima,Concórdia,5000.0,
4377,Barra FC,,1699.0,Estádio Augusto Bauer,Brusque,5000.0,
4378,Caravaggio Futebol Clube,,4043.0,Estádio da Montanha,Caravaggio,1500.0,
4379,Santa Catarina Clube,,4045.0, Estádio Municipal Alfredo João Krieck, Rio do Sul,7000.0,
4439,Barra FC Under 20,,4349.0,CFT Barra FC,Camboriú,1000.0,
4844,Al Orooba Under 18,,2849.0,Al-Oruba Club Stadium,Sakakah,8000.0,
4308,"Real Brasília EC, Women",,3937.0,Estádio Ciro Machado do Espírito Santo capacity,Vila Planalto,1000.0,
4372,CA Linense,,4014.0,Estádio Municipal Gilberto Siqueira Lopes,Lins,15770.0,
4324,FC Hegelmann Litauen Kaunas II,,3949.0,NFA Stadium,Kaunas,500.0,
4380,DePaul Blue Demons University,,4051.0,Wish Field,Chicago,,
4381,Connecticut Huskies University,,4052.0,Pratt & Whitney Stadium at Rentschler Field,East Hartford,40000.0,
4382,Villanova Wildcats University,,4053.0,Villanova Stadium,Villanova,12500.0,
4383,Marquette Golden Eagles University,,4054.0,Valley Fields,Milwaukee,1750.0,
4384,Xavier Musketeers University,,4055.0,Corcoran Field,Cincinnati,1600.0,
4385,St John's Red Storm University,,2403.0,Belson Stadium,New York,2600.0,
4386,Providence Friars College,,4056.0,Chapey Field at Anderson Stadium,Providence,3000.0,
4387,Seton Hall Pirates University,,4057.0,Owen T. Carroll Field,South Orange,261.0,
4397,Penn State Nittany Lion University,,4073.0,Jeffrey Field,Pennsylvanie,5000.0,
4398,University of Maryland College Park Terrapins,,4074.0,Ludwig Field,College Park,7000.0,
4399,Wisconsin Badgers University,,4100.0,McClimon Track,Madison,2000.0,
4400,Northwestern Wildcats University,,4106.0,Northwestern Medicine Field at Martin Stadium,Evanston,12000.0,
4401,University of California Los Angeles Bruins,,4107.0,Wallis Annenberg Stadium,Los Angeles,2145.0,
4402,Ohio State Buckeyes University,,4108.0,Jesse Owens Memorial Stadium,Columbus,10000.0,
4405,Capitão Poço Under 20,,4001.0,Estádio Manuel Francisco Ferreira,Bálsamo,1120.0,
4406,Nacional Fast Clube U20,,4214.0,Estádio da ULBRA,Manaus,2045.0,
4407,EC Juventude Under 20,,4215.0,Estádio Municipal Homero Soldatelli,Flores da Cunha,1500.0,
4408,Retrô FC Brasil Under 20,,4216.0, Centro de Treinamento 1 do Retrô Futebol Clube Brasil,,1000.0,
4409,CE Dom Bosco Under 20,,4006.0,Estádio Ernesto Rocco,Porto Feliz,2500.0,
4410,Brasiliense FC Taguatinga Under 20,,4007.0,Estádio Municipal Alonso Carvalho Braga,Tupã,5515.0,
4411,Tuna Luso Brasileira Under 20,,4220.0,Estádio Francisco Vasques,Belém,6000.0,
4412,Operário Ferroviário EC Under 20,,4224.0,Centro de Treinamento Universidade Estadual de Ponta Grossa,Ponta Grossa,1000.0,
4413,EC São José (Porto Alegre) Under 20,,4274.0,Estádio Francisco Novelletto Neto,Porto Alegre,10600.0,
4414,Hercílio Luz FC Under 20,,4129.0,Estádio Anibal Torres Costa,Tubarão,6800.0,
4415,Esporte Clube Água Santa Under 20,,4275.0,Municipal Stadium Giglio Portugal Pichinin,São Bernardo do Campo,6315.0,
4416,Botafogo FC Ribeirão Preto Under 20,,1665.0,Estádio Santa Cruz,Ribeirão Preto,29292.0,
4417,Centro Esportivo Força e Luz Under 20,,4278.0,Estádio Juvenal Lamartine,Natal,5000.0,
4418,Santa Cruz Acre EC Under 20,,4280.0,Centro de Treinamento Ninho das Cobras,Recife,1000.0,
4419,Coimbra Esporte Clube Under 20,,4281.0,Centro de Treinamento Flávio Pentagna Guimarães,Contagem,1500.0,
4420,Associação Ferroviária de Esportes Under 20,,4008.0,Arena Mario Lima Santos,Brodowski,1500.0,
4422,Náutico FC Under 20,,1666.0,Arena Barueri,Barueri,32500.0,
4423,América FC (Rio Grande do Norte) Under 20,,3490.0,Arena América,Parnamirim,5000.0,
4424,Operário AC (Dourados) Under 20,,4335.0,Estádio José Ferreira Alves,Tietê,4500.0,
4425,Fluminense FC Under 20,,3933.0,Estádio Marcelo Vieira,Duque de Caxias,1000.0,
5248,MB Rouisset,,3830.0,Stade du 18-Février,Biskra,30000.0,
4427,AA Francana Under 20,,4336.0,Estádio Municipal Dr. José Lancha Filho,Franca,22835.0,
4428,Nova Iguaçu FC Under 20,,4337.0,Centro de Treinamento do Nova Iguaçu Futebol Clube,Nova Iguaçu,1000.0,
4429,Grêmio Osasco Audax Under 20,,4339.0,Estádio José Liberatti,Microrégion d'Osasco,11780.0,
4430,Mazagão AC Under 20,,4339.0,Estádio José Liberatti,Microrégion d'Osasco,11780.0,
4431,Santos FC São Paulo Under 20,,4341.0,Centro de Treinamento Rei Pelé,Santos,1000.0,
4433,Guarani FC de Campinas U20,,4343.0,Centro de Treinamento do Guarani,Campinas,1000.0,
4434,Club Athletico Paranaense Under 20,,4344.0,Centro de Treinamentos Alfredo Gottardi,Curitiba,1000.0,
4435,Ferroviário AC Fortaleza Under 20,,3495.0,Elzir Cabral,Fortaleza,8000.0,
4436,Nacional AC São Paulo Under 20,,4345.0,Estádio Nicolau Alayon,São Paulo,9660.0,
4437,Canaã Esporte Clube Under 20,,4346.0,Estádio Joviniano Dourado Lopes,Irecê,2000.0,
4438,AA Flamengo Under 20,,4348.0,Estádio Municipal Antônio Soares de Oliveira,Guarulhos,6235.0,
4440,Ibrachina FC Under 20,,4351.0,Ibrachina Arena,São Paulo,5000.0,
4441,Monte Roraima FC Under 20,,4351.0,Ibrachina Arena,São Paulo,5000.0,
4442,Sfera Futebol Clube Under 20,,4380.0,Estádio Municipal Amadeu Mosca,Salto,5900.0,
4443,EC Estrela de Março Under 20,,643.0,Estádio de Pituaçu,Salvador,32000.0,
4444,União Suzano AC Under 20,,4382.0,Estádio Municipal Francisco Marques Figueira,Suzano,3445.0,
4445,EC Taubaté Under 20,,4032.0,Joaquim de Morais Filho Stadium,,,
4446,Clube Náutico Marcílio Dias Under 20,,3464.0,Hercílio-Luz,Itajaí,6010.0,
4447,Votoraty FC Under 20,,4385.0,Domênico Paolo Metidieri Municipal Stadium,Votorantim,1034.0,
4448,Sport Club Gênus de Porto Velho Under 20,,3458.0,Aluízio Ferreira,Porto Velho,7000.0,
4449,Cuiabá EC Under 20,,2378.0,Arena Pantanal,,,
4450,Associação Atlética Ponte Preta Under 20,,4387.0,Estádio Municipal Coronel Francisco Vieira,Itapira,4285.0,
4451,Capivariano FC Under 20,,4033.0,Arena Capivari,Capivari,19000.0,
4452,Madureira EC Under 20,,3156.0,Estádio Conselheiro Galvão,Rio de Janeiro,10.0,
4454,SC Internacional Under 20,,2562.0,Estádio Morada dos Quero-Queros,Alvorada,3000.0,
4455,América EC de Pedrinhas Under 20,,4389.0,Estádio Roberto Silva,Pedrinhas,1000.0,
4456,Clube Náutico Capibaribe U20,,4392.0,Centro de Treinamento Wilson Campos,Recife,1000.0,
4457,Araguacema FC Under 20,,4352.0,Ibrachina Arena,,,
4458,Vila Nova FC Under 20,,4419.0,Centro de Treinamento Marconi Perilo,Goiânia,1000.0,
4459,Falcon FC Under 20,,4420.0,Estadio De Futebol João Cruz,Barra dos Coqueiros,1000.0,
4460,Piauí Under 20,,4381.0,Municipal Stadium Amadeu Mosca,,,
4461,Avaí FC Under 20,,4422.0,Centro de Formação de Atletas do Avaí Futebol Clube,Florianópolis,1000.0,
4462,União AC Tocantins Under 20,,4382.0,Estádio Municipal Francisco Marques Figueira,Suzano,3445.0,
4453,EC XV de Novembro (Piracicaba) Under 20,,4027.0,Estádio Barão da Serra Negra,Piracicaba,18000.0,
4432,CA Mineiro Under 20,,4342.0,Arena Vera Cruz,Betim,1000.0,
4463,Goiás EC Under 20,,4424.0,Centro de Treinamento Edmo Pinheiro,Goiânia,1000.0,
4464,Associação Desportiva Internacional de Minas Under,,4425.0,Complexo Esportivo da UIT,Itaúna,3000.0,
4465,ABC FC Under 20,,2701.0,Estádio Maria Lamas Farache,Natal,18000.0,
4466,Grêmio Novorizontino Under 20,,2170.0,Estádio Jorge Ismael de Biasi,Novo Horizonte,,
4467,Santa Fé FC Under 20,,4468.0,Campo do Murado,Igarassu,1000.0,
4468,Iape FC Under 20,,3485.0,Nhozinho Santos,São Luís,12891.0,
4469,AE Velo Clube Rioclarense,,3446.0,Estadio Benito Agnelo Castellano,Rio Claro,15782.0,
4470,EC XV de Novembro de Jaú Under 20,,4469.0,Estádio Municipal Zezinho Magalhães,Jaú,13040.0,
4471,Picos PI Under 20,,4470.0,Estádio Helvídio Nunes,Picos,5400.0,
4472,EC Bahia Under 20,,4497.0,CT Evaristo de Macedo,Lauro de Freitas,1000.0,
4473,Club Sportivo Sergipe Under 20,,4498.0,Estádio João Hora de Oliveira,Aracaju ,6000.0,
4474,SE Itapirense Under 20,,4387.0,Estádio Municipal Coronel Francisco Vieira,Itapira,4285.0,
4475,América FC (Rio de Janeiro) Under 20,,4499.0,Estádio Giulite Coutinho,Mesquita,13544.0,
4476,Serra Branca Esporte Clube Under 20,,3462.0,Estádio Governador Ernani Sátyro,Campina Grande,35000.0,
4477,Esporte Clube Santo Andre Under 20,,2644.0,Estádio Bruno José Daniel,Santo André,15157.0,
4478,Rio Branco Football Club Under 20,,4501.0,Arena da Floresta,Rio Branco,13700.0,
4479,AC Goianiense Under 20,,4502.0,Estádio Municipal Jorge José de Oliveira,Damolândia,1000.0,
4480,Associacao Portuguesa de Desportos U20,,4503.0,Estádio Dr. Oswaldo Teixeira Duarte,São Paulo,25470.0,
4481,Porto Velho FC Under 20,,3458.0,Aluízio Ferreira,Porto Velho,7000.0,
4482,Referência Futebol Clube Ltda Under 20,,4504.0,Estádio Municipal Hermínio Espósito,Embu das Artes,5048.0,
4483,Boavista SC Under 20,,2561.0,Estádio Nivaldo Pereira,Nova Iguaçu,5000.0,
4484,Esporte Clube Noroeste,,4515.0,Stadium Alfredo de Castilho,Bauru,18900.0,
4485,SC do Recife Under 20,,4561.0,Centro de Treinamento Presidente José de Andrade Médicis,Paulista,1000.0,
4486,FC Cascavel Under 20,,4562.0,Estádio Associação Atlética Coopavel,Cascavel,1000.0,
4488,Trindade Atlético Clube Under 20,,4573.0,Estádio Abrão Manoel da Costa,Trindade,1000.0,
4489,Atlético Clube Guaratinguetá Ltda Under 20,,4574.0,Estádio Municipal Professor Dario Rodrigues Leite,Guaratinguetá,15769.0,
4490,Porto Vitoria Under 20,,4575.0,Estádio Salvador Venâncio da Costa,Vitória,3000.0,
4491,EC São Bernardo Under 20,,4275.0,Municipal Stadium Giglio Portugal Pichinin,São Bernardo do Campo,6315.0,
4492,Zumbi Esporte Clube Under 20,,4576.0,Estádio Municipal Orlando Gomes de Barros,União dos Palmares,5000.0,
4493,Ceará SC Under 20,,4578.0,Estádio Presidente Vargas,	Fortaleza,20600.0,
5249,Galatasaray SK U19,,3767.0,Florya Metin Oktay Facilities,Istanbul,,
4495,Grêmio FB Porto Alegrense Under 20,,4580.0,Estádio Airton Ferreira da Silva,Eldoraldo do Sul,2000.0,
4496,ECPP Vitoria da Conquista Under 20,,4581.0,Estadio Edvaldo Flores,Vitória da Conquista,1000.0,
4497,Ituano Under 20,,4583.0,Campo Auxiliar Dr. Novelli Junior,Itu,2000.0,
4498,EC São Bento Under 20,,4029.0,Estádio Municipal Walter Ribeiro,Sorocaba,13722.0,
4499,Cruzeiro EC Itaporanga Under 20,,4584.0,Estádio José Barros Sobrinho,Itaporanga,3000.0,
4500,Fortaleza EC Under 20,,4578.0,Estádio Presidente Vargas,	Fortaleza,20600.0,
4501,Carajás EC Under 20,,3641.0,Estádio Municipal de Santana do Parnaíba,Santana de Parnaíba,,
4521,FC Viktoria 1889 Berlin U19,,5458.0,Allianzstadion,Berlin,2000.0,
4503,Aster Brasil ES Under 20,,4421.0,Estádio Ildeu Silvestre do Carmo,,,
4356,Santa Cruz FC Under 20,,4009.0,Estádio Alberto Víctolo,Tanabi,11617.0,
2487,São Paulo FC U20,,4952.0,Mercado Livre Arena Pacaembu,São Paulo,,
4504,Centro de Formação de Atletas do Tirol Under 20,,5039.0,Centre de formation,Fortaleza,,
4505,Portugal Under 20,,312.0,Estadio Nacional Do Jamor,Oeiras,37593.0,
4506,Czechia Under 20,,5050.0,epet ARENA,Praha,18887.0,
4507,Ukraine Under 17,,91.0,NSC Olimpiski,Kiev,70050.0,
4508,Denmark Under 17,,328.0,Parken,Copenhagen,38065.0,
4509,Austria Under 17,,5165.0,Ernst-Happel-Stadion,Wien,50865.0,
4510,Cyprus Under 17,,573.0,GSP Stadium,Strovolos,23000.0,
4511,Czechia Under 17,,5050.0,epet ARENA,Praha,18887.0,
4512,Sweden Under 17,,5166.0,Råsundastadion,Solna,36608.0,
4513,Ukraine Under 19,,91.0,NSC Olimpiski,Kiev,70050.0,
4514,Northern Ireland Under 19,,1232.0,Windsor Park,Belfast,18500.0,
4515,France Under 19,,2.0,Stade de France,Saint-Denis,80698.0,
4516,Türkiye Under 19,,1410.0,Atatürk Olimpiyat Stadyumu,Istanbul,75145.0,
4517,SQC Binh Dinh,,5451.0,Quy Nhon Stadium,Quy Nhon,20.0,
4518,Blumenthaler SV Under 19,,5453.0,BZA Burgwall-Stadion,Blumenthal,5000.0,
4519,Maricá FC,,5456.0,Centro de Treinamento João Saldanha,Rio de Janeiro,2000.0,
4520,SV 1919 Mainz-Gonsenheim Under 19,,5457.0,Bretzenheim BSA Rasenplatz,Mainz,1000.0,
4522,1. FC Schweinfurt 1905 Under 19,,5459.0,Sachs Stadion Schweinfurt Nebenplatz 9,Schweinfurt,1000.0,
4523,TuS Blau-Weiß Königsdorf 1900 Under 19,,5460.0,Sportplatz Königsdorf,Frechen,1000.0,
4524,Club Llaneros SA,,5461.0,Estadio Bello Horizonte - Rey Pelé,Villavicencio,18000.0,
4525,SSV Reutlingen 05 Under 19,,1995.0,Kreuzeiche-Stadion,Reutlingen,,
5449,Turan-T IK,,7511.0,Tovuz City Stadium,Tovuz,6500.0,
4527,SV Rot-Weiß Walldorf Under 19,,5463.0,Kunstrasenplatz Mörfelden-Walldorf (RW),Mörfelden-Walldorf,1000.0,
4528,SV Babelsberg 03 Under 19,,5469.0,Sportplatz an der Sandscholle,Potsdam,2000.0,
4529,CA Los Andes,,5483.0,Estadio Eduardo Gallardón,Lomas de Zamora,38000.0,
4530,CA Colegiales,,5485.0,Estadio Libertarios Unidos,Buenos Aires,6500.0,
4531,CA Central Norte,,5503.0,Estadio Padre Ernesto Martearena,Salta,21000.0,
5297,PAOK Thessaloniki FC Under 19,,7300.0,PAOK FC Sport Center,Nea Mesimvria,,
3382,Ishikawa FC Zweigen Kanazawa,,5687.0,Kanazawa Go Go Curry Stadium,Kanazawa,10444.0,
4532,FC Eintracht Norderstedt Under 19,,5517.0,Kunstrasenplatz Garstedt 2,Norderstedt,1000.0,
4487,CA Juventus Sao Paulo Under 20,,4565.0,JTC Campo Ale & Ricky,Vinovo,1000.0,
5493,Rugby Borough FC,,7533.0,Kilsby Lane,Rugby,,
4533,"FC Basel, Women",,199.0,St. Jakob-Park,Basel,37994.0,
4534,"BSC Young Boys, Women",,126.0,Stade de Suisse,Bern,31789.0,
4535,"FC Sankt Gallen 1879, Women",,5552.0,Stade de l'Espenmoos,Saint-Gall,5700.0,
4536,"FC Thun Berner Oberland, Women",,662.0,Stockhorn Arena,Thun,10104.0,
4538,"FC Aarau, Women",,5556.0,Sportanlage Schachen - Kunstrasenplatz,Aarau,1500.0,
4539,"FC Luzern Frauen, Women",,5558.0,Sportanlage Hubelmatt,Luzern,7000.0,
4540,"FC Rapperswil Jona, Women",,5559.0,Sportstadion Grünfeld,Jona,2700.0,
4541,"Luzern, Women",,5558.0,Sportanlage Hubelmatt,Luzern,7000.0,
4542,SCG Muang Thong United FC,,5565.0,Thunderdome Stadium,Nonthaburi,15.0,
4543,Hougang United FC,,5568.0,Hougang Stadium,Singapore,3.0,
4544,Brunei Duli Pengiran Muda Mahkota FC,,5570.0,Hassanal Bolkiah National Stadium,Brunei,23.0,
5250,"Wuhan Chegu Jiangda, Women",,7139.0,Centre d'entraînement de Tazihu,Wuhan,2000.0,
4546,Geylang International FC,,1927.0,Our Tampines Hub,Singapur,5000.0,
4547,Tanjong Pagar United FC,,5572.0,Jurong East Stadium,Singapore,12.0,
4548,Vinotinto de Ecuador FC,,1361.0,Estadio Olímpico Atahualpa,Quito,35742.0,
4549,"Bolivia, Women",,1279.0,Estadio Hernando Siles,La Paz,41000.0,
4550,Balestier Khalsa FC,,5567.0,Bishan Stadium,Singapore,6.0,
4551,San Diego FC,,2048.0,Snapdragon Stadium,San Diego,,
4552,CD Recoleta,,5603.0,Estadio Roque Battilana,Asunción,6000.0,
4553,Club Atlético Tembetary,,5604.0,Complejo Tembetary,Villa Elisa,4500.0,
4554,CA Juventud,,2073.0,Estadio Municipal Parque Artigas,,,
4555,CS Sergipe,,4498.0,Estádio João Hora de Oliveira,Aracaju ,6000.0,
4556,Yunnan Yukun FC,,5619.0,Yuxi Plateau Sports Center Stadium,Yuxi,20000.0,
4557,Santa Cruz Futebol Clube,,2598.0,Stade do Arruda,Recife,60044.0,
4559,"Sporting Clube de Portugal, Women",,2085.0,CGD Stadium Aurélio Pereira,Alcochete,,
5298,Haiti Under 17,,1611.0,Stade Sylvio Cator,Port-au-Prince,30000.0,
4561,"Sport Clube União Torreense, Women",,2915.0,Campo Manuel Marques,Torres Vedras,12000.0,
4562,"CS Marítimo Funchal, Women",,2623.0,Campo Imaculada Conceição,Funchal,1900.0,
4563,"Racing Power Football Club, Women",,312.0,Estadio Nacional Do Jamor,Oeiras,37593.0,
4564,"Valadares Gaia FC, Women",,5628.0,Estádio Dr. Jorge Sampaio,Pedroso,8272.0,
4565,"Sport Futebol Damaiense, Women",,5629.0,Engenheiro Carlos Salema Stadium,Lisbonne,4000.0,
4566,"Sporting Braga, Women",,3914.0,Estádio Municipal 1° de Maio,Braga,,
4598,Nottingham Forest FC Under 18 Academy,,5789.0,The Nigel Doughty Academy,Nottingham,1000.0,
4568,"Clube de Albergaria, Women",,5633.0,Estádio do Mergulhão,Cesar,5000.0,
4569,"Vilaverdense Futebol Clube, Women",,2916.0,Campo Cruz do Reguengo,Vila Verde,5000.0,
4570,Ceilândia EC,,5635.0,Estádio Maria de Lourdes Abadia,Ceilândia,5000.0,
4607,Middlesbrough FC Under 21,,5794.0,Heritage Park ,Bishop,2004.0,
4572,"CD Real Santander, Women",,5664.0,Estadio Villa Concha,Piedecuesta,5500.0,
4571,"CD La Equidad Seguros SA, Women",,1427.0,Estadio Metropolitano de Techo,Bogota,10000.0,
4575,"Once Caldas Femenina SA, Women",,1430.0,Estadio Palogrande,Manizales,36553.0,
4537,"Grasshopper Club Zürich, Women",,5555.0,GC Campus AG,Niederhasli,1100.0,
4576,"Asociación Deportivo Cali, Women",,1298.0,Estadio Deportivo Cali,Santiago de Cali,42000.0,
4577,"Deportivo Independiente Medellin, Women",,2608.0,Estadio Metropolitano de Itagüí,Itagüí,12000.0,
4578,"CD Popular Junior FC SA, Women",,2522.0,Stade Romelio Martínez,Barranquilla,11000.0,
4579,"AD Pasto, Women",,1343.0,Estadio Departamental Libertad,Pasto,20000.0,
4580,"Millonarios FC SA, Women",,1297.0,Estadio Nemesio Camacho El Campin,Bogota,36343.0,
4581,Club Deportes Limache,,5673.0,Estadio Gustavo Ocaranza,Limache,3000.0,
4582,ADC Juan Pablo II College,,5693.0,Estadio de la Juventud,Chongoyape,,
4583,"Carolina Ascent FC, Women",,2433.0,American Legion Memorial Stadium,Charlotte,10500.0,
4584,"Spokane Zephyr FC, Women",,3814.0,One Spokane Stadium,Spokane,5000.0,
4585,"Tampa Bay Sun FC, Women",,5712.0,Riverfront Stadium,Tampa,5000.0,
4586,"Dallas Trinity FC, Women",,5713.0,Cotton Bowl Stadium,Dallas,92100.0,
4588,"DC Power FC, Women",,639.0,Audi Field,Washington,,
4589,"Brooklyn FC, Women",,5715.0,MCU Park,New York,7000.0,
4590,"Fort Lauderdale United FC, Women",,5716.0,Beyond Bancard Field,Davie,4500.0,
4592,EC São José (Porto Alegre),,4274.0,Estádio Francisco Novelletto Neto,Porto Alegre,10600.0,
4593,Rio Branco de Venda Nova,,5774.0,Estádio Olímpio Perim,	Venda Nova do Imigrante,2100.0,
4594,Tuna Luso Brasileira,,4220.0,Estádio Francisco Vasques,Belém,6000.0,
4595,Guarany FC (Bagé),,5775.0,Estádio Estrela D'Alva,Bagé,10000.0,
5159,SV Werder Bremen U17,,6944.0,Weserstadion Platz 12 ,Bremen,1000.0,
4597,Manchester City FC Under 18 Academy,,1835.0,Academy Stadium,Manchester,7000.0,
4599,Liverpool FC Under 18 Academy,,659.0,Academy Training Ground,Liverpool,1000.0,
4600,Sunderland AFC Under 18 Academy,,5790.0,Academy of Light Training Ground,Cleadon,1000.0,
4601,Derby County FC Under 21,,5791.0,Proctor Cars Stadium,Matlock,2757.0,
4603,Everton FC Under 21,,2443.0,Haig Avenue,Blowick,6000.0,
4604,Liverpool FC Under 21,,659.0,Academy Training Ground,Liverpool,1000.0,
4573,"Independiente Santa Fe SA, Women",,1297.0,Estadio Nemesio Camacho El Campin,Bogota,36343.0,
4574,"Alianza Petrolera FC, Women",,2480.0,Estadio Armando Maestre Pavajeau,Valledupar,11500.0,
4605,Nottingham Forest FC Under 21,,1647.0,Loughborough University Stadium,Loughborough,3000.0,
4567,"Futebol Clube Famalicão, Women",,5632.0,Complexo Desportivo FC Famalicão - Campo 2,Vila Nova de Famalicão,2000.0,
4602,West Bromwich Albion FC Under 21,,3541.0,Damson Park,Solihull,5500.0,
4560,"GD Estoril Praia, Women",,1551.0,Estadio Antonio Coimbra da Mota,Estoril,8000.0,
4608,Reading FC Under 21,,3532.0,Recreation Ground,Aldershot,7100.0,
4673,"SSD ACF Calcio Arezzo, Women",,3565.0,Stadio Città di Arezzo,Arezzo,13128.0,
4611,Southampton FC Under 21,,5797.0,Staplewood Training Ground,Southampton,3000.0,
4612,Fulham FC Under 21,,2952.0,Motspur Park,New Malden,2000.0,
4613,Sunderland AFC Under 21,,3735.0,Eppleton Colliery Football Ground,Hetton-le-Hole,2500.0,
4615,Bolivia U20,,1348.0,Estadio Libertador Simón Bolivar,La Paz,5000.0,
4616,Finland Under 21,,1411.0,Helsinki Olympic Stadium,Helsinki,39784.0,
4617,Independência FC,,3645.0,Estádio Antônio Aquino Lopes,Rio Branco,,
4618,Capital Clube de Futebol,,5873.0,Estádio JK Paranoá,Paranoá,6000.0,
4619,Barcelona De Ilhéus,,5876.0,Estádio Mário Pessoa,Ilhéus,7000.0,
4620,Oratório RC,,5878.0,Estádio Municipal Glicério Marques,Macapá,5630.0,
4621,Barcelona de Vilhena,,5879.0,Portal da Amazônia,Vilhena,5000.0,
4622,IF Karlstad Football,,5958.0,Tingvalla Idrottsplats,Karlstad,10.0,
4623,Östers IF,,3804.0,Värendsvallen 1,Växjö,,
4624,Maracanã EC,,5548.0,Ribeirão,,,
4625,Parnahyba SC,,6041.0,Estádio Mão Santa,Parnaíba,4700.0,
4626,AD Jequié,,6042.0,Estádio Municipal Waldomiro Borges,Jequié,4000.0,
4627,Clube Sociedade Esportiva,,6043.0,Estádio Juca Sampaio,Palmeira dos Índios,8.0,
4628,Associação Esportiva de Altos,,3465.0,Estádio Lindolfo Monteiro,Teresina,16000.0,
4629,Dourados Atlético Clube,,6047.0,Estádio Fredis Saldívar,Dourados,5000.0,
4630,Rio Branco AC,,2472.0,Estádio Estadual Kleber José de Andrade,Cariacica,21152.0,
5251,"Incheon Hyundai Steel Red Angels WFC, Women",,7140.0,Incheon Namdong Asiad,Incheon ,4968.0,
4668,Republic of Ireland Under 21,,3215.0,UCD Bowl,Dublin,3.0,
4646,Birmingham City FC Under 21,,6094.0,Wast Hills Training Ground,Birmingham,1000.0,
4633,"AE 3B da Amazônia, Women",,613.0,Arena da Amazônia,Manaus,,
4609,Crystal Palace FC Under 21,,3762.0,Gander Green Lane,Sutton,,
4635,Gyeongnam FC,,6083.0,Changwon Football Center,Changwon,15071.0,
4636,Colchester United FC Under 21,,2580.0,JobServe Community Stadium,Colchester,10105.0,
4637,Barnsley FC Under 21,,6086.0,Barnsley FC Training Ground,Barnsley,1000.0,
5347,Be1 Nacionalinè Futbolo Akademija U19,,7434.0,Raudondvario stadionas,Raudondvaris,1500.0,
4639,Fleetwood Town FC Under 21,,6088.0,Poolfoot farm,Thornton,1000.0,
4642,Bristol City FC Under 21,,6092.0,Robins High Performance Centre,Failand,1223.0,
2854,Tottenham Hotspur FC Under 21,,475.0,Loftus Road Stadium,London,18000.0,
4645,Ipswich Town Under 21,,6093.0,Ipswich Town Training Centre,Ipswich,1000.0,
4647,Charlton Athletic FC Under 21,,6095.0,Charlton Athletic Football Club Youth Academy,London,1000.0,
4648,Wigan Athletic FC Under 21,,6096.0,Christopher Park,Wigan,1000.0,
4649,Queens Park Rangers FC Under 21,,6097.0,TSG Training Centre,Hounslow,1000.0,
4650,Coventry City FC Under 21,,6098.0,The Alan Higgs Centre Field 1,Coventry,1000.0,
4651,Millwall FC Under 21,,6099.0,Millwall FC Training Ground,Bromley,1000.0,
4652,Burnley FC Under 21,,6100.0,Lancashire FA County Ground,Leyland,4000.0,
4614,Leicester City FC Under 21,,2334.0,The Leicester City Training Ground,Loughborough,500.0,
4654,AFC Bournemouth FC Under 21,,6101.0,New Cuthbury,Wimborne,3250.0,
4655,Hull City AFC Under 21,,6102.0,The Dransfield Stadium,North Ferriby,3000.0,
4681,"San Marino Academy, Women",,6152.0,Campo di Acquaviva,Saint-Marin,1500.0,
4657,Colombia U17,,6114.0,Estadio Olímpico Jaime Morón León,Cartagena de Indias,16068.0,
4658,Bolivia Under 17,,1620.0,Estadio Municipal de Fútbol de Montería,Montería,8000.0,
3397,Brazil Under 17,,6114.0,Estadio Olímpico Jaime Morón León,Cartagena de Indias,16068.0,
4659,Chile Under 17,,6114.0,Estadio Olímpico Jaime Morón León,Cartagena de Indias,16068.0,
4660,Paraguay Under 17,,3134.0,Estadio Martín Torres,Asunción,,
4661,Alingsås FC United,,2307.0,Bizerba-Arena,Balingen,,
4662,Thailand Under 17,,439.0,Rajamangala National Stadium,Bangkok,49722.0,
4665,Uruguay Under 17,,6115.0,Estadio Jaime Morón León,,,
4666,Malmö FF,,6122.0,Malmö Stadion,Malmö,26500.0,
4667,Hungary Under 21,,5489.0,Pinatar Arena Football Center,,,
4671,SSD Chievo Verona Women,,3794.0,Sinergy Stadium,Verona,3000.0,
4669,"Parma Calcio 1913, Women",,6139.0,Stadio Il Noce,Noceto,1100.0,
4670,"ASD Bologna CF, Women",,6140.0,Centro Sportivo Bonarelli,Granarolo dell'Emilia,1000.0,
4664,Saudi Arabia Under 17,,1798.0,King Fahd International Stadium,Riyadh,70000.0,
5299,Costa Rica U17,,442.0,Estadio Nacional de Costa Rica,San Jose,35100.0,
4674,"SSD ARL Freedom FC, Women",,6141.0,"Stadio Comunale ""Paschiero Brothers""",Coni,3060.0,
4675,Hellas Verona Calcio Femminile,,3794.0,Sinergy Stadium,Verona,3000.0,
4676,"ASD Anima E Corpo Orobica CF, Women",,6143.0,Campo 2 Giacinto Facchetti,Cologno al Serio,1000.0,
4672,"Cesena FC, Women",,3789.0,Centro Sportivo Romagna Centro,Cesena,664.0,
4679,"FC Lumezzane, Women",,3593.0,Tullio Saleri,Lumezzane,4150.0,
4634,"EC Juventude, Women",,6081.0,Campo SESI Caxias do Sul,Caxias do Sul,1000.0,
4677,"Ternana Calcio, Women",,6150.0,Stadio Moreno Gubbiotti,Narni,1000.0,
4678,Genoa CFC Women,,3751.0,Stadio La Sciorba,Genoa,,
4787,Al Batin Under 16,,2846.0,Al-Batin FC Stadium,Hafar al-Batin,6000.0,
4663,China PR Under 17,,8288.0,Longhua Cultural and Sports Centre Stadium,Shenzhen,,
4644,Sheffield United FC Under 21,,466.0,Bramall Lane,Sheffield,32702.0,
4638,Watford FC Under 21,,6089.0,UCL Sports Ground,,,
4653,Cardiff City FC U21,,6400.0,Cardiff International Sports Campus,,,
4814,"FC Viktoria Plzeň, Women",,6429.0,Stadion Dobřany,Dobřany,1000.0,
4641,Crewe Alexandra FC Under 21,,1535.0,Alexandra Stadium,Crewe,10153.0,
4632,"Bahia, Women",,643.0,Estádio de Pituaçu,Salvador,32000.0,
4717,Olympique Lyonnais Under 19,,6211.0,Stade Centre Formation Académie 2,Meyzieu,1000.0,
4749,Leicester City FC Under 18 Academy,,2334.0,The Leicester City Training Ground,Loughborough,500.0,
4745,Budapest Honvéd FC Under 15,,6276.0,Honvéd MFA Utánpótlás Központ,Budapest,1000.0,
2458,Aston Villa U21,,2950.0,Bodymoor Heath Training Ground,Bodymoor Heath,1000.0,
5252,BG College of Asian Scholars,,7141.0,Unif Park,Khon Kaen,6500.0,
4746,Stoke City FC Under 21,,476.0,Bet365 Stadium,Stoke,27740.0,
5450,FK Kapaz,,7512.0,Ganja City Stadium,Ganja,15343.0,
4688,Korea DPR Under 17,,1615.0,1st of May Stadium,Pyongyang,150000.0,
4689,Tajikistan Under 17,,6155.0,Hisor Central Stadium,Hisor,20000.0,
4690,United Arab Emirates Under 17,,663.0,Mohammed bin Zayed,Abu Dhabi,9000.0,
4691,Oman U17,,1781.0,Sultan Qaboos Sports Complex,Muscat,34000.0,
4692,Yemen U17,,1784.0,Al Thawra Sports City,San’a,30000.0,
4693,Afghanistan Under 17,,2683.0,Ghazi Stadium,Kabul,25000.0,
4694,Australia Under 17,,2806.0,Sydney Football Stadium,Moore Park,41900.0,
4695,Vietnam Under 17,,441.0,My Dinh National Stadium,Hanoi,40192.0,
3574,GKS Katowice,,5960.0,Arena Katowice,,,
4696,Paris FC II,,6167.0,Stade des Frères Déjerine,Paris,2500.0,
4697,Stade Malherbe Caen Under 19,,6169.0,Stade de Venoix,Caen,11500.0,
4698,Racing Club de France - Levallois 92 Under 19,,6180.0,Stade Lucien Choine,Colombes,2500.0,
4699,22 de Julio FC,,6181.0,Estadio Folke Anderson,Esmeraldas,14000.0,
4700,CD Independiente Juniors,,6183.0,Estadio Arena CHUBB,Quito,1500.0,
5300,Egypt U17,,582.0,Cairo International Stadium,Cairo,75000.0,
5494,Downham Town FC,,7534.0,Memorial Field,Downham Market,,
4702,Club Atlético Vinotinto,,1365.0,Gonzalo Pozo Ripalda,Quito,18799.0,
4703,Chacaritas FC,,6185.0,Estadio Jose Silva Romo,Baños de Agua Santa,1000.0,
4683,"Vis Mediterranea, Women",,6154.0,Stadio Gallucci,Solofra,1500.0,
4705,CD Leones del Norte,,6186.0,Estadio Municipal Ciudad De Otavalo,Otavalo,6000.0,
4706,CSYD Vargas Torres,,6181.0,Estadio Folke Anderson,Esmeraldas,14000.0,
4707,Cheonan City Government FC,,6189.0,Cheonan Stadium,Cheonan,26000.0,
4708,Busan I'Park,,6191.0,Gudeok Stadium,Busan,12349.0,
4709,Gimpo Citizen FC,,6192.0,Gimpo Salter Soccer Field,Gimpo,5076.0,
4710,Ansan Greeners FC,,6194.0,Ansan Wa Stadium,Ansan,35000.0,
4711,Hwaseong FC,,6196.0,Hwaseong Stadium,Hwaseong,35265.0,
4712,Seoul E-Land FC,,6198.0,Mokdong Stadium,Séoul,15511.0,
4713,Chungnam Asan FC,,6199.0,Yishunsin Stadium,Asan,19283.0,
4714,Bucheon FC 1995,,6205.0,Bucheon Stadium,Bucheon,34456.0,
4715,Valenciennes FC Under 19,,6207.0,Stade Centre Formation VAFC,Famars,1500.0,
4716,Olympique de Marseille Under 19,,6210.0,Stade Paul Le Cesne,Marseille,1900.0,
4718,Olympique Marcquois Football Under 19,,6212.0,Stade Georges Niquet,Marcq-en-Barœul soccer,2500.0,
4721,Goiatuba Esporte Clube,,6215.0,Estádio Divino Garcia Rosa ,Goiatuba,15000.0,
4722,Clube Recreativo Atlético Catalano,,6216.0,Estádio Genervino Evangelista da Fonseca,Catalão,8500.0,
4723,Inhumas EC,,6217.0,Estádio Zico Brandão,Inhumas,4380.0,
4724,AE Jataiense,,6218.0,Estádio Municipal Nelson Antônio da Silva,Jataí,17000.0,
4725,Associação Beneficente e Esportiva Catalana e Ouvi,,6219.0,Estadio Luiz Benedito,Ouvidor,2500.0,
4726,Goianésia EC,,6220.0,Estádio Valdeir José de Oliveira,Goianésia,8110.0,
4727,Goiânia EC,,2516.0,Estádio Olímpico Pedro Ludovico,Goiânia,13500.0,
4728,"Olympique de Marseille, Women",,6222.0,OM Campus,Marseille,500.0,
4729,"US Orleans, Women",,452.0,Stade de La Source,Orleans,5849.0,
4730,Pärnu JK Vaprus,,2452.0,Pärnu Rannastaadion,Pärnu,1500.0,
4731,Harju JK Laagri,,6254.0,Laagri kunstmurustaadion,Laagri,1.0,
4732,Tartu JK Tammeka,,6255.0,Tamme Staadion,Tartu,2.0,
4733,FC Kuressaare,,6258.0,Kuressaare Linnastaadion,Kuressaare,2.0,
4734,Monori SE,,6270.0,Balassi Bálint utcai stadion,Monor,2.0,
4735,Al-Ahli Saudi Women,,2368.0,Prince Abdullah Al Faisal Stadium,Jeddah,24500.0,
4736,Al-Qadsiah Saudi Women,,2844.0,Prince Saud Bin Jalawi Stadium,Al Khobar,15000.0,
4737,Budapesti Vasas SC Under 16,,6272.0,Mészöly Kálmán Pálya,Budapest,1400.0,
4738,Puskás Ferenc Akadémia FC Under 16,,6273.0,Puskás Akadémia Pancho Aréna,Felcsút,3865.0,
4739,Kisvárda Master Good SE Under 19,,6274.0,Várkerti Stadion,Kisvárda,3385.0,
4740,Paksi FC Under 19,,6275.0,Paksi FC Stadion,Paks,4950.0,
4741,Budapest Honvéd FC Under 19,,6276.0,Honvéd MFA Utánpótlás Központ,Budapest,1000.0,
4742,Ferencvárosi TC Under 19,,6277.0,FTC Utánpótlás Centrum,Budapest,1000.0,
4743,Győri ETO FC Under 19,,3349.0,ETO Park,Győr,15600.0,
4744,MTK Budapest FC Under 15,,6280.0,Sándor Károly Labdarúgó Akadémia,Budapest,1000.0,
4748,Reading FC Under 18 Academy,,6203.0,Bearwood Park Training Facility,,,
4750,Leeds United FC Under 18 Academy,,6172.0,Leeds United Training Ground,,,
633,Moldova,,570.0,Zimbru,Chisinau,10500.0,
369,Japan NT,,2260.0,New National Stadium Shin-Kokuritsu,Tokyo,,
669,Canada,,1199.0,Bc Place,Vancouver,22120.0,
330,Netherland,,162.0,Johan Cruijff ArenA,Amsterdam,53031.0,
885,Football Club Cincinnati,,2549.0,TQL Stadium,Cincinnati,26000.0,
419,FC Viktoria Plzeň,,190.0,Doosan Arena,Plzen,12500.0,
820,Denmark U21,,1257.0,Vejle Stadium,Vejle,11060.0,
1876,Real Sociedad San Sebastian B,,1562.0,Instalaciones de Zubieta,San Sebastian,2500.0,
1878,SD Amorebieta,,1563.0,Campo Municipal Nuevo Urritxe,Amorebieta,1350.0,
461,FC Emmen,,254.0,De Oude Meerdijk,Emmen,8600.0,
0,Germany,,40.0,Allianz Arena,Munich,75000.0,
673,Martinique,,2399.0,DRV PNK Stadium,Lauderdale,18000.0,
212,CF Os Belenenses SAD,,312.0,Estadio Nacional Do Jamor,Oeiras,37593.0,
380,Costa Rica,,442.0,Estadio Nacional de Costa Rica,San Jose,35100.0,
671,French Guiana,,2399.0,DRV PNK Stadium,Lauderdale,18000.0,
524,AIK,,572.0,Friends Arena,Stockholm,49999.0,
626,Cyprus,,573.0,GSP Stadium,Strovolos,23000.0,
435,Apoel Nicosia FC,,573.0,GSP Stadium,Strovolos,23000.0,
85,RC Lens,,175.0,Bollaert-Delelis,Lens,38223.0,
805,"Argentina, Women",,664.0,Alberto Jose Armando,Buenos Aires,49000.0,
5253,Iceland U21,,167.0,Laugardalsvöllur,Reykjavik,15427.0,
692,Kenya,,1938.0,Moi International Sports Centre,Kasarani,60000.0,
763,1. FC Heidenheim 1846,,2125.0,Voith-Arena,Heidenheim,,
522,Djurgardens IF,,336.0,Tele2 Arena,Stockholm,30000.0,
568,KI Klaksvik,,575.0,Tórsvøllur,Tórshavn,6040.0,
618,FK Liepaja,,436.0,Daugava Stadium,Riga,5683.0,
2591,"Kuopion Palloseura, Women",,351.0,Savon Sanomat Areena,Kuopio,5300.0,
39,Aston Villa,,488.0,Villa Park,Birmingham,42682.0,
40,Manchester City,,70.0,Etihad,Manchester,46708.0,
2,Liverpool Football Club,,1.0,Anfield,Liverpool,54074.0,
788,AS Vitré,,1712.0,Stade Municipal de Vitré,Vitré,3200.0,
6,KRC Genk,,259.0,Luminus Arena,Genk,24956.0,
8,SV Zulte-Waregem,,264.0,Regenboogstadion,Waregem,12500.0,
9,Sporting Lokeren,,260.0,Daknamstadion,Lokeren,10000.0,
11,RSC Anderlecht,,679.0,Lotto Park,Anderlecht,21500.0,
12,KAA Gent,,127.0,Ghelamco Arena,Gent,20000.0,
17,Club Brugge KV,,146.0,Jan-Breydel,Bruges,29975.0,
388,Liverpool U23,,659.0,Academy Training Ground,Liverpool,1000.0,
19,KV Kortrijk,,265.0,Guldensporenstadion,Kortrijk,9399.0,
26,KAS Eupen,,266.0,Kehrweg Stadium,Eupen,8363.0,
28,Waasland-Beveren,,267.0,Freethielstadion,Beveren,13200.0,
29,KV Oostende,,263.0,Versluys Arena,Ostend,8400.0,
114,Borussia Mönchengladbach,,497.0,Borussia-Park,Monchengladbach,54057.0,
43,Middlesbrough,,486.0,Riverside,Middlesbrough,34988.0,
46,Stoke City,,476.0,Bet365 Stadium,Stoke,27740.0,
47,Hull City,,483.0,KCOM Stadium,Hull,25400.0,
48,Fulham,,150.0,Craven Cottage,London,25700.0,
50,Portsmouth,,489.0,Fratton Park,Portsmouth,21100.0,
51,Birmingham City,,474.0,St Andrew's Trillion Trophy Stadium,Birmingham,30009.0,
53,Burnley,,236.0,Turf Moor,Burnley,21401.0,
58,Southampton,,143.0,St Mary's Stadium,Southampton,32505.0,
59,Reading,,479.0,Madejski Stadium,Reading,24161.0,
60,Crystal Palace,,120.0,Selhurst Park,London,25073.0,
63,Bournemouth,,151.0,Vitality Stadium,Bournemouth,11700.0,
64,Watford,,128.0,Vicarage Road,Watford,21400.0,
65,AJ Auxerre,,183.0,Stade de l'Abbé-Deschamps,Auxerre,23467.0,
66,FC Nantes,,11.0,La Beaujoire,Nantes,37473.0,
69,Le Havre AC,,184.0,Stade Océane,Le Havre,25278.0,
70,OGC Nice,,10.0,Allianz Riviera,Nice,35000.0,
71,Le Mans FC,,465.0,Mmarena,Le Mans,25000.0,
72,FC Lorient,,180.0,Stade du Moustoir,Lorient,18110.0,
74,Toulouse FC,,46.0,Stadium Municipal,Toulouse,33150.0,
78,LOSC Lille,,47.0,Pierre-Mauroy,Lille,50000.0,
95,ES Troyes AC,,142.0,Stade de l'Aube,Troyes,20400.0,
789,Guangzhou R&F Football Club,,1289.0,Yuexiushan Stadium,Guangzhou,18000.0,
90,AC Ajaccio,,172.0,François-Coty,Ajaccio,10660.0,
93,Stade de Reims,,27.0,Stade Auguste Delaune,Reims,21684.0,
97,FC Metz,,15.0,Stade Saint-Symphorien,Metz,26661.0,
98,Angers SCO,,31.0,Stade Raymond Kopa,Angers,17835.0,
101,Hamburger SV,,510.0,Volksparkstadion,Hamburg,57000.0,
104,FC Schalke 04,,145.0,Veltins-Arena,Gelsenkirchen,62271.0,
105,Hannover 96,,499.0,HDI Arena,Hannover,49000.0,
106,VfL Wolfsburg,,495.0,Volkswagen Arena,Wolfsburg,30000.0,
5301,Fiji U17,,7303.0,HFC Bank Stadium,Suva,15446.0,
111,SV Werder Bremen,,494.0,Weserstadion,Bremen,42100.0,
130,Atalanta,,238.0,Atleti Azzurri d'Italia,Bergamo,26393.0,
132,Cagliari,,240.0,Sardegna Arena,Cagliari,16233.0,
133,Lazio,,90.0,Stadio Olimpico,Rome,72698.0,
136,Chievo Verona,,72.0,Marc Antonio Bentegodi,Verona,42160.0,
193,WKS Slask Wrocław,,558.0,Municipal Stadium Wroclaw,Wroclaw,42771.0,
138,Fiorentina,,237.0,Stadio Artemio Franchi,Florence,47300.0,
141,Bologna,,134.0,Renato Dall'Ara,Bologna,36532.0,
144,Sampdoria,,168.0,Luigi-Ferraris,Genoa,36599.0,
145,Inter Milan,,55.0,San Siro,Milan,80018.0,
146,Torino,,106.0,Stadio Olimpico Grande Torino,Turin,27994.0,
147,Lecce,,527.0,Via del Mare,Lecce,33876.0,
148,Udinese,,28.0,Dacia Arena,Udine,41652.0,
149,Palermo,,524.0,Renzo Barbera,Palermo,36349.0,
151,Livorno,,526.0,Armando Picchi,Livorno,19801.0,
154,Brescia,,531.0,Stadio Mario Rigamonti,Brescia,27547.0,
156,Pescara,,528.0,Stadio Adriatico,Pescara,23800.0,
865,Wolfsberger AC,,620.0,Lavanttal-Arena,Wolfsberg,7300.0,
157,Hellas Verona,,72.0,Marc Antonio Bentegodi,Verona,42160.0,
158,Sassuolo,,20.0,Mapei Stadium,Reggio Emilia,21584.0,
159,Empoli,,239.0,Carlo Castellani,Empoli,19847.0,
160,Frosinone,,241.0,Stadio Benito Stirpe,Frosinone,16125.0,
162,Vitesse,,249.0,Gelredome,Arnhem,25000.0,
163,FC Groningen,,681.0,Hitachi Stadion,Groningen,,
166,Willem II,,248.0,Willem II Stadion,Tilburg,14637.0,
169,De Graafschap,,244.0,de Vijverberg,Doetinchem,12600.0,
170,FC Utrecht,,252.0,Stadion Galgenwaard,Utrecht,23750.0,
171,PSV Eindhoven,,177.0,Philips Stadion,Eindhoven,35000.0,
172,Heracles Almelo,,256.0,Polman Stadion,Almelo,8500.0,
173,Feyenoord,,250.0,De Kuip,Rotterdam,51177.0,
175,ADO Den Haag,,253.0,Cars Jeans Stadion,Den Haag,15000.0,
177,SC Heerenveen,,245.0,Abe Lenstra Stadion,Heerenveen,26100.0,
178,AZ Alkmaar,,246.0,Afas Stadion,Alkmaar,17023.0,
179,NAC Breda,,247.0,Rat Verlegh Stadion,Breda,19000.0,
180,RKC Waalwijk,,1218.0,Mandemakers Stadion,Waalwijk,7500.0,
181,VVV-Venlo,,257.0,Van der Valk Stadion De Koel,Venlo,8000.0,
68,SM Caen,,58.0,Michel d'Ornano,Caen,21215.0,
75,AS Monaco,,17.0,Louis II,Fontvieille,18523.0,
107,1. FC Köln,,62.0,RheinEnergieStadion,Cologne,50000.0,
140,Milan,,55.0,San Siro,Milan,80018.0,
167,Ajax Amsterdam,,162.0,Johan Cruijff ArenA,Amsterdam,53031.0,
49,Chelsea,,78.0,Stamford Bridge,London,41798.0,
135,Genoa,,168.0,Luigi-Ferraris,Genoa,36599.0,
143,Napoli,,44.0,Stadio Diego Armando Maradona,Naples,60240.0,
80,Olympique de Marseille,,42.0,Stade Vélodrome,Marseille,67000.0,
139,Juventus,,22.0,Allianz Stadium,Turin,41507.0,
142,Roma,,90.0,Stadio Olimpico,Rome,72698.0,
3,Arsenal Football Club,,69.0,Emirates,London,60272.0,
183,PEC Zwolle,,255.0,Mac3Park Stadion,Zwolle,13250.0,
187,Wisła Kraków,,559.0,Stadion Miejski Im. Henryka Reymana,Krakow,33500.0,
191,Legia Warszawa,,202.0,Municipal Stadium of Marshal Jozef Pilsudski,Warsaw,15016.0,
194,Lechia Gdańsk,,568.0,Stadion Energa Gdansk,Gdansk,41984.0,
197,Lech Poznań,,363.0,Inea Stadion,Poznan,45830.0,
15,Standard de Liège,,200.0,Stade Maurice Dufrasne,Liege,27670.0,
99,GFC Ajaccio,,451.0,Stade Ange Casanova,Ajaccio,2885.0,
182,Excelsior Rotterdam,,491.0,Van Donge & De Roo Stadion,Rotterdam,4500.0,
87,US Boulogne Cote D'Opale,,493.0,Stade de la Libération,Boulogne-sur-Mer,15034.0,
152,Parma,,492.0,Ennio Tardini,Parma,27906.0,
125,SpVgg Greuther Fürth,,505.0,Sportpark Ronhof Thomas Sommer,Furth,15000.0,
23,Sporting Charleroi,,258.0,Stade du Pays de Charleroi,Charleroi,15000.0,
21,Royal Excel Mouscron,,268.0,Stade Le Canonnier,Mouscron,10500.0,
10,KSV Cercle Brugge,,146.0,Jan-Breydel,Bruges,29975.0,
4,France,,2.0,Stade de France,Saint-Denis,80698.0,
1,Argentina,,664.0,Alberto Jose Armando,Buenos Aires,49000.0,
199,Arka Gdynia,,565.0,Stadion Miejski W Gdyni,Gdynia,15139.0,
200,Jagiellonia Białystok,,406.0,Stadium Miejski W Bialystok,Bialystok,22372.0,
201,Piast Gliwice,,567.0,Stadion Miejski W Gliwicach,Gliwice,10037.0,
202,Cracovia,,563.0,Marshal Jozef Pilsudski Stadium,Krakow,15016.0,
203,Korona Kielce,,564.0,Kolporter Arena,Kielce,15500.0,
204,Zagłębie Lubin,,561.0,Stadion Zaglebia,Lubin,16068.0,
207,Pogoń Szczecin,,560.0,Florian-Krygier-Stadion,Szczecin,18027.0,
211,FC Porto,,188.0,Estadio do Dragao,Porto,50033.0,
213,Sporting CP,,12.0,Estádio José Alvalade,Lisbon,50044.0,
216,Vitória Setúbal,,318.0,Estadio Do Bonfim,Setubal,18694.0,
218,SC Braga,,311.0,Braga Municipal,Braga,30286.0,
221,Rio Ave FC,,321.0,Estadio Dos Arcos,Vila do Conde,9065.0,
222,SL Benfica,,140.0,Estádio do Sport Lisboa e Benfica,Lisbon,64642.0,
224,CD Nacional,,319.0,Estadio da Madeira,Funchal,5132.0,
226,CS Marítimo,,315.0,Estadio do Maritimo,Funchal,10932.0,
229,Portimonense,,322.0,Estadio Municipal de Portimao,Portimao,9544.0,
231,Feirense,,323.0,Estadio Marcolino de Castro,Santa Maria da Feira,5600.0,
233,Moreirense FC,,320.0,Parque de Jogos Comendador Joaquim de Almeida Freitas,Moreira de Conegos,6153.0,
237,Boavista FC,,313.0,Estadio Do Bessa Xxi,Porto,28263.0,
239,Tondela,,324.0,Estadio Joao Cardoso,Tondela,5000.0,
241,Rangers,,329.0,Ibrox,Glasgow,50817.0,
245,Hibernian,,353.0,Easter Road,Edinburgh,20421.0,
246,Aberdeen,,354.0,Pittodrie Stadium,Aberdeen,20866.0,
79,Stade Rennais FC,,19.0,Roazhon Park,Rennes,29778.0,
89,Stade Brestois 29,,174.0,Francis-Le Blé,Brest,15097.0,
257,Valencia CF,,148.0,Mestalla,Valencia,54000.0,
258,RCD Mallorca,,550.0,Estadi de Son Moix,Palma,23000.0,
259,CA Osasuna,,549.0,Estadio El Sadar,Pamplona,19800.0,
260,Villarreal CF,,179.0,Estadio de la Cerámica,Villarreal,23500.0,
263,CD Numancia,,544.0,Nuevo Estadio Los Pajaritos,Soria,9025.0,
268,Getafe CF,,232.0,Coliseum Alfonso Pérez,Getafe,17393.0,
272,Real Valladolid,,231.0,José Zorrilla,Valladolid,26512.0,
274,UD Almería,,546.0,Estadio del Mediterráneo,Almeria,15000.0,
276,Málaga CF,,548.0,La Rosaleda,Malaga,28963.0,
278,Real Zaragoza,,545.0,La Romareda,Saragossa,34596.0,
279,CD Tenerife,,537.0,Heliodoro Rodríguez López,Santa Cruz de Tenerife,22667.0,
282,Real Sociedad,,229.0,Anoeta,San Sebastian,32200.0,
283,Granada CF,,552.0,Los Carmenes,Granada,23156.0,
284,Rayo Vallecano,,228.0,Estadio de Vallecas,Madrid,14708.0,
286,Elche CF,,669.0,Estadio Martínez Valero,Elche,36017.0,
287,SD Eibar,,233.0,Ipurua Municipal Stadium,Eibar,7083.0,
289,UD Las Palmas,,540.0,Gran Canaria,Las Palmas de Gran Canaria,31250.0,
121,FC Kaiserslautern,,36.0,Fritz-Walter Stadion,,,
293,FC Basel,,199.0,St. Jakob-Park,Basel,37994.0,
296,FC Luzern,,360.0,Swissporarena,Lucerne,16490.0,
297,FC Vaduz,,361.0,Rheinpark Stadion,Vaduz,7564.0,
299,FC Zürich,,326.0,Letzigrund,Zurich,26104.0,
304,Lugano,,621.0,Stadio comunale Cornaredo,Lugano,,
305,Luxembourg,,437.0,Josy Barthel,Luxembourg,8100.0,
123,FC Augsburg,,501.0,Wwk Arena,Augsburg,30660.0,
307,Amiens Sporting Club,,157.0,Stade de la Licorne,Amiens,12097.0,
127,SC Paderborn 07,,512.0,Benteler-Arena,Paderborn,15000.0,
34,West Bromwich Albion,,473.0,The Hawthorns,West Bromwich,26445.0,
77,AS Nancy-Lorraine,,171.0,Marcel-Picot,Nancy,20087.0,
261,RC Deportivo de La Coruña,,553.0,Riazor,La Coruna,34600.0,
215,Vitória Guimarães,,314.0,Dom Afonso Henriques,Guimaraes,30008.0,
67,Girondins de Bordeaux,,59.0,Stade Matmut Atlantique,Bordeaux,42115.0,
269,Real Betis Balompié,,166.0,Benito Villamarin,Seville,60721.0,
81,FC Sochaux-Montbéliard,,159.0,Stade Auguste-Bonal,Montbeliard,20005.0,
281,Levante UD,,54.0,Estadio Ciudad de Valencia,Valencia,26354.0,
76,Paris Saint-Germain,,8.0,Parc des Princes,Paris,45000.0,
271,RCD Espanyol,,74.0,RCDE Stadium,Cornella,40500.0,
264,FC Barcelona,,77.0,Camp Nou,Barcelona,98787.0,
266,Sevilla FC,,79.0,Ramón Sánchez-Pizjuán,Seville,45500.0,
262,Real Madrid CF,,4.0,Santiago Bernabeu,Madrid,80000.0,
273,Athletic Club de Bilbao,,84.0,San Mamés Barria,Bilbao,53289.0,
52,Wolverhampton Wanderers,,118.0,Molineux Stadium,Wolverhampton,30852.0,
38,Wigan Athletic,,482.0,DW Stadium,Wigan,25138.0,
109,Hertha BSC Berlin,,87.0,Olympiastadion,Berlin,74649.0,
129,SV Darmstadt 98,,517.0,Merck-Stadion am Böllenfalltor,Darmstadt,16500.0,
267,Real Sporting de Gijón,,541.0,El Molinón,Gijon,29600.0,
45,Bolton Wanderers,,470.0,University of Bolton Stadium,Horwich,28723.0,
102,Bayer 04 Leverkusen,,103.0,BayArena,Leverkusen,30210.0,
113,TSG 1899 Hoffenheim,,152.0,Rhein-Neckar-Arena,Sinsheim,30150.0,
110,DSC Arminia Bielefeld,,502.0,Schüco-Arena,Bielefeld,27300.0,
83,Valenciennes FC,,450.0,Stade Du Hainaut,Valenciennes,25172.0,
285,RC Celta de Vigo,,230.0,Municipal de Balaidos,Vigo,31800.0,
32,Newcastle United,,71.0,St James' Park,Newcastle upon Tyne,52338.0,
82,Grenoble Foot 38,,181.0,Stade des Alpes,Grenoble,20068.0,
42,Blackburn Rovers,,467.0,Ewood Park,Blackburn,31367.0,
55,Swansea City,,484.0,Liberty Stadium,Swansea,20827.0,
124,Fortuna Düsseldorf,,496.0,Merkur Spiel-Arena,Dusseldorf,54600.0,
120,1. FSV Mainz 05,,500.0,Opel Arena,Mainz,34000.0,
117,VfL Bochum,,506.0,Vonovia Ruhrstadion,Bochum,27559.0,
56,Queens Park Rangers,,475.0,Loftus Road Stadium,London,18000.0,
103,Borussia Dortmund,,3.0,Signal Iduna Park,Dortmund,81365.0,
119,FC Nürnberg,,498.0,Max-Morlock-Stadion,Nuremberg,50000.0,
57,Norwich City,,469.0,Carrow Road,Norwich,27244.0,
84,AS Saint-Étienne,,133.0,Stade Geoffroy-Guichard,Saint Etienne,42000.0,
265,Racing Santander,,670.0,El Sardinero,Santander,22000.0,
122,FC St. Pauli,,504.0,Millerntor-Stadion,Hamburg - St. Pauli,25546.0,
1526,UD Logrones,,1253.0,Estadio Las Gaunas,Logrono,16000.0,
242,Heart of Midlothian,,646.0,Tynecastle Stadium,Edinburgh,20099.0,
306,Chile,,1706.0,Estadio Nacional de Chile,Santiago de Chile,46190.0,
61,Cardiff City,,119.0,Cardiff City Stadium,Cardiff,26828.0,
96,En Avant de Guingamp,,123.0,Stade de Roudourou,Guingamp,18378.0,
128,FC Ingolstadt 04,,513.0,Audi Sportpark,Ingolstadt,15800.0,
62,Leicester City,,132.0,King Power Stadium,Leicester,32312.0,
108,Eintracht Frankfurt,,156.0,Commerzbank-Arena,Frankfurt,51500.0,
311,RC Strasbourg Alsace,,23.0,Stade de la Meinau,Strasbourg,29200.0,
312,RB Leipzig,,25.0,Red Bull Stadium,Leipzig,42558.0,
314,CD Leganés,,73.0,Estadio Municipal de Butarque,Leganes,11454.0,
315,Spal 2013,,242.0,Stadio Paolo Mazza,Ferrara,17900.0,
316,FC Crotone,,522.0,Stadio Ezio Scida,Crotone,9631.0,
317,Benevento Calcio,,536.0,Stadio Ciro Vigorito,Benevento,18500.0,
319,Tours FC,,455.0,Stade de La Vallée Du Cher,Tours,16327.0,
320,Chamois Niortais FC,,449.0,Stade Rene Gaillard,Niort,10406.0,
323,US Quevilly-Rouen,,458.0,Stade Marcel Tribut,Dunkerque,4200.0,
326,Berrichone de Chateauroux,,182.0,Stade Gaston-Petit,Chateauroux,17072.0,
328,Clermont Foot 63,,185.0,Stade Gabriel-Montpied,Clermont-Ferrand,11980.0,
329,Steaua Bucarest,,370.0,National Arena,Bucharest,55600.0,
318,Bourg en Bresse 01,,39.0,Stade Marcel Verchère,Bourg-En-Bresse,11400.0,
345,Beşiktaş Jimnastik Kulübü,,60.0,Vodafone Arena,Istanbul,43500.0,
327,Paris FC,,50.0,Charlety,Paris,20000.0,
248,Celtic FC,,16.0,Celtic Park,Glasgow,60411.0,
37,West Ham United,,52.0,Stade Olympique de Londres,London,60000.0,
86,Montpellier Hérault SC,,53.0,La Mosson,Montpellier,32900.0,
348,Girona FC,,234.0,Estadi Montilivi,Girona,14286.0,
346,Olympiakos Le Pirée,,48.0,Georgios Karaiskakis,Piraeus,33334.0,
92,Dijon FCO,,18.0,Gaston-Gérard,Dijon,16098.0,
355,CSKA Moscow,,61.0,VEB Arena,Moscow,30000.0,
313,Deportivo Alavés,,45.0,Estadio Mendizorrottza,Vitoria-Gasteiz,19840.0,
115,VfB Stuttgart,,76.0,Mercedes-Benz Arena,Stuttgart,60449.0,
357,Maccabi Tel Aviv FC,,67.0,Netanya Municipal Stadium,Netanya,13800.0,
359,Derby County FC,,480.0,Pride Park Stadium,Derby,33597.0,
31,Manchester United,,63.0,Old Trafford,Manchester,75635.0,
360,FC Lokomotiv Moscow,,80.0,RZD Arena,Moscow,27320.0,
73,Olympique Lyonnais,,49.0,Groupama stadium,Lyon,59000.0,
308,Brighton and Hove Albion,,82.0,Amex Stadium,Falmer,30750.0,
44,Tottenham Hotspur,,186.0,Tottenham Hotspur Stadium,London,62062.0,
100,FC Bayern Munchen,,40.0,Allianz Arena,Munich,75000.0,
335,Red Bull Salzburg,,88.0,Red Bull Arena,Salzburg,30188.0,
790,Tianjin Tianhai Football Club,,574.0,Tianjin Olympic Center Stadium,Tianjin,60000.0,
384,Uruguay,,1285.0,Estadio Centenario,Montevideo,60235.0,
383,Peru,,1367.0,Estadio Alberto Gallardo,Lima,19000.0,
382,Colombia,,1427.0,Estadio Metropolitano de Techo,Bogota,10000.0,
349,Italy,,90.0,Stadio Olimpico,Rome,72698.0,
354,Brazil,,0.0,Maracana,Rio de Janeiro,78838.0,
353,Russia,,86.0,Luzhniki Stadium,Moscow,81000.0,
351,Morocco,,1624.0,Stade de Marrakech,Marrakech,45240.0,
344,Belarus,,438.0,Dinamo Stadion,Minsk,41040.0,
338,Spain,,166.0,Benito Villamarin,Seville,60721.0,
341,Lithuania,,35.0,LFF Stadium,Vilnius,5400.0,
340,Bulgaria,,34.0,Vasil Levski National Stadium,,,
339,Albania,,1280.0,Air Albania Stadium,Tirana,22500.0,
334,Slovakia,,1252.0,Tehelné Pole,Bratislava,22500.0,
333,England,,14.0,Wembley,London,90000.0,
332,Denmark,,85.0,Brondby Stadion,Copenhagen,29000.0,
331,Armenia,,13.0,Vazgen Sargsyan Republican Stadium,Yerevan,14403.0,
379,Switzerland,,199.0,St. Jakob-Park,Basel,37994.0,
5,Romania,,587.0,Arena Națională,Bucarest,55634.0,
352,Ivory Coast,,1607.0,Stade Félix-Houphouët-Boigny,Abidjan,45000.0,
350,Sweden,,572.0,Friends Arena,Stockholm,49999.0,
378,Serbia,,125.0,Rajko Mitic,Belgrade,55538.0,
362,Egypt,,582.0,Cairo International Stadium,Cairo,75000.0,
377,Portugal,,313.0,Estadio Do Bessa Xxi,Porto,28263.0,
365,Senegal,,1800.0,Stade Léopold Sédar Senghor,Dakar,60000.0,
366,Tunisia,,1799.0,Stade Olympique de Rades,Rades,60000.0,
367,Saudi Arabia,,1798.0,King Fahd International Stadium,Riyadh,70000.0,
368,Australia NT,,617.0,Coopers Stadium,Adelaide,,
370,South Korea,,1797.0,Seoul Olympic Stadium,Seoul,69950.0,
376,Poland,,160.0,Silesian Stadium,,,
373,Croatia,,112.0,Kaliningrad Stadium,Kaliningrad,35016.0,
375,Iceland,,167.0,Laugardalsvöllur,Reykjavik,15427.0,
309,Huddersfield Town,,65.0,John Smith's Stadium,Huddersfield,24500.0,
275,Atlético Madrid,,24.0,Wanda Metropolitano,Madrid,67829.0,
371,Iran,,1796.0,Azadi Stadium,Teheran,80000.0,
364,Nigeria,,1711.0,Moshood Abiola National Stadium,Abuja,60491.0,
361,Panama,,1601.0,Estadio Rommel Fernández,Panama City,32000.0,
5303,"Ternana Calcio, Women",,1575.0,Stadio Libero Liberati,Terni,22000.0,
416,Czech Republic,,1281.0,Doosan Aréna,Plzeň,11700.0,
400,Ukraine,,189.0,Metalist Stadium,Kharkiv,40003.0,
387,Austria,,330.0,Allianz Stadion,Vienna,28345.0,
386,Algeria,,1795.0,Stade Mustapha Tchaker,Blida,35000.0,
413,MOL Fehérvár FC FC,,195.0,Sóstói,Szekesfehervar,14900.0,
418,Scotland,,169.0,Hampden Park,Glasgow,52063.0,
394,Red Star Belgrade,,125.0,Rajko Mitic,Belgrade,55538.0,
395,FC Dynamo Kyiv,,91.0,NSC Olimpiski,Kiev,70050.0,
396,GNK Dinamo Zagreb,,130.0,Maksimir,Zagreb,35423.0,
385,Norway,,108.0,Ullevaal Stadion,Oslo,25572.0,
389,Chelsea U23,,1569.0,Kingsmeadow,London,4850.0,
390,Avenir Sportif Béziers,,454.0,Stade de La Mediterranee,Beziers,18555.0,
391,Red Star Football Club,,453.0,Stade Pierre Brisson,Beauvais,10178.0,
392,Sociedad Deportiva Huesca,,235.0,El Alcoraz,Huesca,5500.0,
292,BSC Young Boys,,126.0,Stade de Suisse,Bern,31789.0,
397,Northern Ireland,,1232.0,Windsor Park,Belfast,18500.0,
404,Bosnia and Herzegovina,,396.0,Grbavica Stadium,Sarajevo,15000.0,
398,Greece,,294.0,Georgios Kamaras Stadium,Athens,14856.0,
401,Wales,,119.0,Cardiff City Stadium,Cardiff,26828.0,
403,Estonia,,122.0,A. Le Coq Arena,Tallinn,15000.0,
402,Turkey,,1410.0,Atatürk Olimpiyat Stadyumu,Istanbul,75145.0,
405,AEK Athens FC,,176.0,Spiros Louis Olympic Stadium,Athens,69638.0,
407,FK Jablonec,,332.0,Stadion Strelnice,Jablonec,6280.0,
406,FC Shakhtar Donetsk,,189.0,Metalist Stadium,Kharkiv,40003.0,
408,SK Slavia Prague,,149.0,Eden Aréna,Prague,21000.0,
409,FK Astana,,153.0,Astana Arena,Astana,30000.0,
410,FC Copenhagen,,328.0,Parken,Copenhagen,38065.0,
372,Belgium,,611.0,Stade Roi Baudouin,Bruxelles,,
411,Qarabağ FK,,217.0,Baku Olympic Stadium,Baku,69870.0,
414,FK Spartak Moscow,,113.0,Otkrytie Arena,Moscow,44360.0,
415,Republic of Ireland,,163.0,Aviva Stadium,Dublin,51700.0,
417,Slovenia,,198.0,Stozice Stadium,Ljubljana,16100.0,
420,FC Zenit Saint Petersburg,,7.0,Saint Petersburg Stadium,Saint Petersburg,64468.0,
421,Rosenborg BK,,191.0,Lerkendal,Trondheim,21421.0,
422,BATE Borisov,,203.0,Borisov Arena,Borisov,13126.0,
423,Rapid Vienne,,330.0,Allianz Stadion,Vienna,28345.0,
393,PAOK Salonika,,131.0,Toumba,Thessaloniki,28703.0,
424,Galatasaray,,187.0,Ali Sami Yen Spor Kompleksi Turk Telekom Stadium,Istanbul,52650.0,
425,FC Midtjylland,,192.0,MCH Arena,Herning,11809.0,
426,Malmo FF,,193.0,Swedbank Stadion,Malmo,24000.0,
427,Valur Reykjavik,,194.0,Hlídarendi Reykjavik,Reykjavik,2000.0,
428,SK Sturm Graz,,196.0,Merkur Arena,Graz,16764.0,
429,HJK Helsinki,,197.0,Telia 5G -areena,Helsinki,10770.0,
430,FC Spartak Trnava,,161.0,Antona Malatinského,Trnava,17272.0,
431,NK Olimpija Ljubljana,,198.0,Stozice Stadium,Ljubljana,16100.0,
432,Fenerbahce,,201.0,Ulker Stadium Fenerbahce Sukru Saracoglu Complex,Istanbul,50509.0,
792,"Norway, Women",,108.0,Ullevaal Stadion,Oslo,25572.0,
797,"China, Women",,1421.0,Suzhou Olympic Sports Centre Stadium,Suzhou,,
434,FC Flora Tallinn,,122.0,A. Le Coq Arena,Tallinn,15000.0,
436,The New Saints FC,,205.0,Park Hall,Oswestry,2048.0,
437,FC Sheriff Tiraspol,,206.0,Sheriff Stadium,Tiraspol,14300.0,
439,Crusaders FC,,208.0,Seaview,Belfast,3383.0,
440,Vikingur Gota,,209.0,Sarpugerdi Stadium,Nordragota,3000.0,
441,Hapoel Beer Sheva FC,,210.0,Toto Turner Stadium,Beersheba,16126.0,
442,F91 Dudelange,,211.0,Stade Jos Nosbaum,Dudelange,4650.0,
443,FC CFR 1907 Cluj,,212.0,Dr. Constantin Radulescu,Cluj Napoca,23500.0,
444,Valleta FC,,213.0,Mfa Centenary Stadium,Ta' Qali,3000.0,
445,FK Suduva Marijampole,,214.0,Arvi Arena,Marijampole,6250.0,
446,FK Shkendija,,215.0,Ecolog Arena,Tetovo,15000.0,
438,Hsk Zrinjski Mostar,,207.0,Bijeli Brijeg Stadium,Mostar,25000.0,
447,FC Torpedo 2008 Kutaisi,,216.0,Ramaz Shengelia Stadium,Kutaisi,12000.0,
448,FK Sutjeska,,218.0,Stadion Gradski,Niksic,10000.0,
449,FC Santa Coloma,,219.0,Camp D'Esports Del M.i. Consell General,Andorra la Vella,431.0,
450,Spartaks Jurmala,,220.0,Slokas Stadions,Jurmala,2800.0,
451,SP La Fiorita,,221.0,Campo Sportivo Di Montegiardino,Montegiardino,500.0,
452,Cork City,,222.0,Turners Cross,Cork,7365.0,
453,Ludogorets 1945 Razgrad,,223.0,Ludogorets Arena,Razgrad,6500.0,
454,KS Kukesi,,224.0,Zeqir Ymeri Stadium,Kukes,5000.0,
455,Alashkert,,225.0,Alashkert Stadium,Yerevan,6850.0,
457,KF Drita,,227.0,Gjilan City Stadium,Gjilan,15000.0,
793,"South Korea, Women",,1420.0,Goyang Stadium,Goyang,41311.0,
456,Lincoln Red Imps FC,,226.0,Victoria Stadium,Gibraltar,5000.0,
459,Fortuna Sittard,,251.0,Fortuna Sittard Stadion,Sittard-Geleen,12500.0,
5254,"Club Libertad Limpeño, Women",,7154.0,Optaciano Gómez Rivas,Limpio,1800.0,
2439,Ajax Amsterdam U19,,1392.0,Sportpark de Toekomst,Amsterdam,2000.0,
24,Sint-Truidense VV,,261.0,Staaien,Sint- Truiden,14600.0,
462,Royal Antwerp FC,,262.0,Bosuilstadion,Antwerp,16649.0,
463,Bursaspor,,269.0,Timsah Arena,Bursa,43761.0,
464,Trabzonspor,,270.0,Medical Park Arena,Trabzon,43223.0,
465,Erzurum Buyuksehir,,271.0,Kazim Karabekir Stadyumu,Erzurum,23700.0,
466,Antalyaspor,,272.0,Antalya Stadium,Antalya,33000.0,
467,Caykur Rizespor,,273.0,Caykur Didi Stadium,Rize,15558.0,
468,MKE Ankaragucu,,274.0,Osmanli Stadi,Ankara,19626.0,
412,Apollon Limassol FC,,2749.0,Alphamega Stadium,,,
800,"Brazil, Women",,1124.0,Ilha Do Retiro,Recife,35020.0,
469,Goztepe SK,,275.0,Bornova Stadium,Izmir,12500.0,
470,Atiker Konyaspor 1922,,276.0,Konya Büyüksehir Belediyesi Stadium,Konya,41981.0,
471,Kayserispor,,277.0,Kadir Has Stadium,Kayseri,32864.0,
472,Sivasspor,,278.0,Yeni Sivas 4 Eylul Stadium,Sivas,27532.0,
473,Basaksehir FK,,279.0,Basaksehir Fatih Terim Stadium,Istanbul,17319.0,
474,Kasimpasa,,280.0,Recep Tayyip Erdogan Stadium,Istanbul,14234.0,
475,Akhisar Bld Spor,,281.0,Spor Toto Akhisar Stadium,Akhisar,12139.0,
476,Alanyaspor,,282.0,Bahcesehir Okullari Stadium,Alanya,10842.0,
477,Malatya Bld Spor,,283.0,Yeni Malatyspor Stadium,Malatya,27044.0,
478,PAS Giannina FC,,284.0,Zosimades National Stadium,Ioannina,14557.0,
480,Panionios Athens,,286.0,Nea Smyrni,Athens,11700.0,
481,Panathinaikos Athens,,176.0,Spiros Louis Olympic Stadium,Athens,69638.0,
482,Aris Thessaloniki FC,,287.0,Kleanthis Vikelides,Thessaloniki,22800.0,
483,A.O Xanthi,,288.0,Pigadeia-Skoda Xanthi Arena,Xanthi,7422.0,
484,Larisa AEL,,289.0,AEL FC Arena,Larissa,16118.0,
485,Levadiakos FC,,290.0,Levadias Stadium,Levadia,6500.0,
486,Atromitos Athens,,291.0,Peristeri Stadium,Peristeri,10425.0,
487,Asteras Tripolis,,292.0,Theodoros Kolokotronis Stadium,Tripoli,7616.0,
489,GS Apollon Smyrnis,,294.0,Georgios Kamaras Stadium,Athens,14856.0,
490,Lamia,,295.0,Dimotiko Athlitiko Kentro Lamias,Lamia,6000.0,
491,FC Arsenal Kiev,,296.0,Valeriy Lobanovsky Dynamo Stadium,Kiev,16873.0,
492,Karpaty Lviv,,297.0,Ukraina Stadium,Lviv,28051.0,
493,FC Mariupol,,298.0,Volodymyra Boika Stadium,Mariupol,12680.0,
494,FC Vorskla Poltava,,299.0,Butovsky Vorskla Stadium,Poltava,24795.0,
495,FC Chernomorets Odessa,,300.0,Chornomorets Stadium,Odessa,34164.0,
496,FC Zorya Lugansk,,301.0,Slavutych-Arena,Zaporizhia,11983.0,
497,FC Lviv,,138.0,Arena Lviv,Lviv,34915.0,
498,FC Oleksandriya,,302.0,Csc Nika Stadium,Oleksandria,7000.0,
499,FC Olimpik Donetsk,,296.0,Valeriy Lobanovsky Dynamo Stadium,Kiev,16873.0,
500,SFC Desna Chernihiv,,303.0,Yuri Gagarin Stadium,Chernihiv,12060.0,
501,FC Krylia Sovetov Samara,,115.0,Samara Arena,Samara,41970.0,
502,FC Rostov,,107.0,Rostov Arena,Rostov-on-Don,43472.0,
503,FC Anzhi Makhachkala,,304.0,Anzhi Arena,Kaspiysk,26400.0,
504,FC Dinamo Moscow,,305.0,Arena Khimki,Khimki,18636.0,
505,FC Rubin Kazan,,94.0,Kazan Arena,Kazan,42873.0,
506,Republican FC Akhmat Grozny,,306.0,Akhmat-Arena,Grozny,30597.0,
507,FC Krasnodar,,116.0,Krasnodar Stadium,Krasnodar,34089.0,
508,FC Ural Yekaterinburg,,111.0,Ekaterinburg Arena,Ekaterinburg,33061.0,
509,FC Arsenal Tula,,307.0,Arsenal Stadium,Tula,20074.0,
510,FC Ufa,,308.0,Neftyanik Stadium,Ufa,15132.0,
511,FC Orenburg,,309.0,Gazovik Stadium,Rostoshi,4950.0,
512,FK Yenisey Krasnoyarsk,,310.0,Central Stadium,Krasnoyarsk,22500.0,
513,CD das Aves,,316.0,Estadio Do CD Das Aves,Vila das Aves,8560.0,
514,CD Santa Clara,,317.0,Estadio de Sao Miguel,Ponta Delgada,13277.0,
515,GD Chaves,,325.0,Estadio Municipal Eng. Manuel Branco Teixeira,Chaves,9000.0,
516,AEK Larnaca FC,,327.0,AEK Arena,Larnaca,8000.0,
517,Sarpsborg,,331.0,Sarpsborg Stadion,Sarpsborg,6833.0,
518,Molde FK,,333.0,Aker Stadion,Molde,11249.0,
520,Broendby IF,,85.0,Brondby Stadion,Copenhagen,29000.0,
521,FC Nordsjaelland,,335.0,Right TO Dream Park,Farum,10100.0,
523,BK Hacken,,337.0,Bravida Arena,Gothenburg,6500.0,
5393,Akademiya Ontustik,,7428.0,Stadion Namys,Shymkent,25000.0,
525,FH Hafnarfjordur,,338.0,Kaplakriki,Hafnarfjordur,6738.0,
526,IBV Vestmannaeyjar,,339.0,Hasteinsvöllur,Vestmannaeyjar,3540.0,
527,Stjarnan Gardabae,,340.0,Samsung Vollurinn,Gardabaer,1298.0,
528,Budapest Honved FC,,341.0,Bozsik Jozsef Stadion,Budapest,10000.0,
529,Ujpest FC,,342.0,Megyeri uti,Budapest,13501.0,
530,Ferencvarosi TC,,343.0,Groupama Arena,Budapest,23700.0,
531,HNK Hajduk Split,,344.0,Stadion Poljud,Split,35000.0,
532,HNK Rijeka,,345.0,Stadion HNK Rijeka,Rijeka,8279.0,
536,SK Sigma Olomouc,,349.0,Andruv Stadion,Olomouc,12566.0,
537,AC Sparta Prague,,350.0,Generali Arena,Prague,19784.0,
538,Kuopio PS,,351.0,Savon Sanomat Areena,Kuopio,5300.0,
539,FC Lahti,,352.0,Lahti Stadium,Lahti,14500.0,
540,AS Trencin,,355.0,Stadion na Sihoti,Trencin,4300.0,
541,SK Slovan Bratislava,,356.0,Stadion Pasienky,Bratislava,13295.0,
542,NK Rudar Velenje,,357.0,OB Jezeru City Stadium,Velenje,3500.0,
543,NK Domzale,,358.0,Sportni Park Domzale,Domzale,3100.0,
544,NK Maribor,,359.0,Ljudski VRT,Maribor,12702.0,
545,KS Gornik Zabrze,,362.0,Stadion Im. Ernesta Pohla,Zabrze,24413.0,
546,Derry City FC,,364.0,Brandywell Stadium,Derry,7700.0,
547,Shamrock Rovers FC,,365.0,Tallaght Stadium,Dublin,5947.0,
548,Dundalk FC,,366.0,Oriel Park,Dundalk,6000.0,
549,Levski Sofia,,367.0,Georgi Asparuhov Stadium,Sofia,25000.0,
550,PFC Slavia Sofia,,368.0,Slavia Stadium,Sofia,25556.0,
551,CSKA Sofia,,369.0,Balgarska Armiya Stadium,Sofia,22015.0,
552,Levadia Tallinn,,371.0,Kadriorg Stadium,Tallinn,5000.0,
553,Narva JK Trans,,372.0,Narva Kreenholmi Stadium,Narva,3000.0,
554,FC Brest,,373.0,Regional Sport Complex Brestskiy,Brest,10169.0,
555,FC Shakhter Soligorsk,,374.0,Stroitel Stadium,Soligorsk,4200.0,
556,FC Dinamo Minsk,,375.0,Tractor Stadium,Minsk,16500.0,
557,Anorthosis Famagusta FC,,376.0,Antonis Papadopoulos,Larnaca,11930.0,
559,Cefn Druids,,378.0,The Rock,Rhosymedre,2500.0,
560,FK Buducnost,,379.0,Podgorica City Stadium,Podgorica,17000.0,
561,FK Partizan,,380.0,Partizan Stadium,Belgrade,32170.0,
562,FC Dinamo Tbilisi,,381.0,Boris Paichadze Dinamo Arena,Tbilisi,54549.0,
563,FC Kairat Almaty,,382.0,Central Stadium,Almaty,25057.0,
564,Cliftonville FC,,383.0,Solitude,Belfast,6224.0,
565,Glenavon FC,,384.0,Mourneview Park,Lurgan,9000.0,
566,B36 Torshavn,,385.0,Gundadalur,Torshavn,5000.0,
567,NSI Runavik,,386.0,Runavík Stadium,Runavík,2000.0,
571,FK Rabotnicki Skopje,,9.0,Philip II Arena,Skopje,35000.0,
573,FK Neftchi Baku,,391.0,Bakcell Arena,Baku,11000.0,
574,Partizani Tirana,,392.0,Stadiumi Selman Stermasi,Tirana,9500.0,
575,Banants Yerevan FC,,393.0,Banants Stadium,Yerevan,6000.0,
576,FK Sarajevo,,394.0,Asim Ferhatovic Hase,Sarajevo,34630.0,
577,NK Siroki Brijeg,,395.0,Pecara Stadium,Siroki Brijeg,10000.0,
578,FK Zeljeznicar,,396.0,Grbavica Stadium,Sarajevo,15000.0,
579,Racing FC Union Luxembourg,,397.0,Stade Achille Hammerel,Luxembourg,5814.0,
581,Birkirkara FC,,399.0,Ta' Qali National Stadium,Ta' Qali,17000.0,
582,VMFD Zalgiris,,35.0,LFF Stadium,Vilnius,5400.0,
583,FK Ventspils,,400.0,Ventspils Olimpiskais Stadions,Ventspils,3200.0,
584,Tobol Kostanay,,401.0,Kostanay Central Stadium,Kostanay,8323.0,
585,FC Irtysh Pavlodar,,402.0,Pavlodar Central Stadium,Pavlodar,15000.0,
586,FK Vardar Skopje,,9.0,Philip II Arena,Skopje,35000.0,
587,OFK Titograd,,403.0,Stadion FK Mladost,Podgorica,2000.0,
588,FK Rudar Pljevlja,,404.0,Gradski Stadion,Pljevlja,5140.0,
590,Nomme Kalju FC,,407.0,Hiiu Kunstmurustaadion,Tallinn,1000.0,
591,Tampereen Ilves,,408.0,Tammela Stadium,Tampere,5040.0,
592,Dac 1904 Dunajska Streda,,409.0,MOL Arena,Dunajska Streda,10352.0,
593,Keshla FK,,410.0,Inter Arena,Baku,8125.0,
594,FK Radnicki Nis,,411.0,Stadium Cair,Nis,18151.0,
595,CS Fola Esch,,412.0,Stade Emile Mayrisch,Esch-sur-Alzette,3900.0,
5304,FK Regar-TadAZ Tursunzoda,,7318.0,TALCO Arena,Tursunzade,20000.0,
596,Gandzasar Kapan FC,,413.0,Gandzasar Stadium,Kapan,3500.0,
597,SP Tre Fiori,,414.0,Campo Sportivo Di Fiorentino Federico Crescentini,Fiorentino,700.0,
598,FC Progres Niederkorn,,415.0,Stade Jos Haupert,Niederkorn,4830.0,
599,Bala Town FC,,416.0,Maes Tegid,Bala,1200.0,
600,FC Zaria Balti,,417.0,Stadionul Orasenesc,Balti,5953.0,
601,FC Samtredia,,418.0,Erosi Manjgaladze Stadium,Samtredia,15000.0,
602,FK Gabala,,419.0,Gabala City Stadium,Gabala,8000.0,
603,FK Spartak Subotica,,420.0,Subotica City Stadium,Subotica,13000.0,
604,KF Laci,,421.0,Laci Stadium,Laci,5000.0,
605,Luftetari Gjirokaster,,422.0,Gjirokastra Stadium,Gjirokaster,8400.0,
606,FC Chikhura Sachkhere,,423.0,Tsentraluri Stadioni,Sachkhere,2000.0,
607,FC Viitorul Constanta,,424.0,Stadionul Central Academia Hagi,Ovidiu,3000.0,
608,SS Folgore Falciano Calcio,,425.0,San Marino Stadium,Serravalle,7000.0,
609,UE Engordany,,405.0,Estadi Comunal D'Andorra La Vella,Sant Julia de Loria,900.0,
610,Balzan Youths,,399.0,Ta' Qali National Stadium,Ta' Qali,17000.0,
611,Trakai FK,,35.0,LFF Stadium,Vilnius,5400.0,
612,FC Milsami,,427.0,Csr Orhei,Orhei,2539.0,
613,Gzira United FC,,213.0,Mfa Centenary Stadium,Ta' Qali,3000.0,
1554,LR Vicenza Virtus,,3898.0,Stadio Romeo Menti (Vicenza),Vicenza,,
615,College Europa FC,,226.0,Victoria Stadium,Gibraltar,5000.0,
616,St Josephs FC,,226.0,Victoria Stadium,Gibraltar,5000.0,
617,FK Shkupi,,429.0,Cair Stadium,Skopje,6000.0,
619,Stumbras Kaunas,,431.0,Steponas Darius and Stasys Girenas,Kaunas,8248.0,
621,FC Petrocub,,433.0,Stadionul Orasenesc,Hincesti,1000.0,
622,FC Prishtina,,434.0,Fadil Vokrri Stadium,Pristina,16200.0,
623,Israel,,1391.0,Bloomfield,Tel Aviv,29150.0,
624,Finland,,435.0,Tampere Stadium,Tampere,16800.0,
625,Hungary,,1282.0,Ferenc-Puskás,Budapest,104000.0,
627,Montenegro,,379.0,Podgorica City Stadium,Podgorica,17000.0,
628,Andorra,,624.0,Estadi Nacional,Andorra la Vella,3306.0,
629,Kazakhstan,,153.0,Astana Arena,Astana,30000.0,
630,Latvia,,436.0,Daugava Stadium,Riga,5683.0,
631,Georgia,,381.0,Boris Paichadze Dinamo Arena,Tbilisi,54549.0,
632,San Marino,,1794.0,Stadio Olimpico di Serravalle,Serravalle,7000.0,
634,Kosovo,,434.0,Fadil Vokrri Stadium,Pristina,16200.0,
635,Malta,,1612.0,Ta Qali,Attard,16997.0,
636,Faroe Islands,,575.0,Tórsvøllur,Tórshavn,6040.0,
342,Azerbaijan,,629.0,Elbasan Arena,Elbasan,12800.0,
637,Gibraltar,,226.0,Victoria Stadium,Gibraltar,5000.0,
638,Liechtenstein,,62.0,RheinEnergieStadion,Cologne,50000.0,
639,FYR Macedonia,,622.0,Tose Proeski Arena,Skopje,36460.0,
641,United Arab Emirates,,1792.0,Zayed Sports City Stadium,Abu Dhabi,43620.0,
642,Thailand,,439.0,Rajamangala National Stadium,Bangkok,49722.0,
643,India,,1791.0,Mumbai Football Arena,Mumbai,18000.0,
644,Palestine,,1790.0,Faisal Al-Husseini International Stadion,Al-Ram,20000.0,
645,Jordan,,1608.0,Amman International Stadium,Amman,25000.0,
647,China,,1787.0,Bird's Nest,Beijing,91000.0,
648,Philippines,,440.0,Philippine Sports Stadium,Bocaue,20000.0,
650,Iraq,,1785.0,Franso-Hariri-Stadion,Arbil,40000.0,
651,Yemen,,1784.0,Al Thawra Sports City,San’a,30000.0,
653,Qatar,,1783.0,Khalifa International Stadium,Doha,50000.0,
640,Bahrain,,2557.0,Khalifa Sports City,Isa,,
620,Riga FC,,2699.0,Mežaparks Sports Village,Riga,1500.0,
654,Lebanon,,1782.0,Camille Chamoun Sports City Stadion,Beirut,48837.0,
655,North Korea,,1615.0,1st of May Stadium,Pyongyang,150000.0,
656,Oman,,1781.0,Sultan Qaboos Sports Complex,Muscat,34000.0,
657,Uzbekistan,,1780.0,Bunyodkor Stadium,Tashkent,34000.0,
658,Turkmenistan,,1779.0,Saparmyrat Türkmenbaşy Adyndaky Olimpiýa Stadiony,Asgabat,30000.0,
659,Cameroon,,2028.0,Olembe Stadium,Yaoundé,,
660,Burkina Faso,,1778.0,Stade du 4 Août,Ouagadougou,40000.0,
661,Guinea-bissau,,1770.0,Estádio 24 de Setembro,Bissau,20000.0,
663,Zimbabwe,,1606.0,National Sports Stadium,Harare,60000.0,
664,DR Congo,,1775.0,Stade des Martyrs,Kinshasa,80000.0,
665,Togo,,1774.0,Stade de Kégué,Lome,30000.0,
666,Mali,,1773.0,Stade Modibo Kéita,Bamako,25000.0,
667,Ghana,,1613.0,Accra Sports Stadium,Accra,40000.0,
668,Uganda,,1622.0,Mandela National Stadium,Kampala,45200.0,
700,Lesotho,,2289.0,Setsoto Stadium,Maseru,,
670,Honduras,,443.0,Estadio Olimpico Metropolitano,San Pedro Sula,37325.0,
672,USA,,1196.0,America First Field,Sandy,20213.0,
674,Nicaragua,,445.0,Nicaragua National Football Stadium,Managua,15000.0,
675,El Salvador,,446.0,Estadio Cuscatlan,San Salvador,53400.0,
676,Jamaica,,447.0,Independence Park,Kingston,35000.0,
677,Curacao,,448.0,Estadio Ergilio Hato,Willemstad,15000.0,
678,Libya,,1771.0,11 June Stadium,Tripoli,65000.0,
679,Guinea,,1769.0,Stade du 28 Septembre,Conakry,25000.0,
680,Zambia,,391.0,Bakcell Arena,Baku,11000.0,
681,South Africa,,1710.0,Moses Mabhida Stadion,Durban,65000.0,
682,Cape Verde,,1768.0,Estádio Nacional de Cabo Verde,Praia,15000.0,
684,Angola,,1766.0,Complejo del Sr. da Graça,Benguela,35000.0,
685,Swaziland,,1765.0,Somhlolo National Stadium,Lobamba,20000.0,
686,Sudan,,1764.0,Khartoum Stadium,Khartoum,23000.0,
687,Sierra Leone,,1763.0,National Stadium,Freetown,36000.0,
689,Botswana,,1761.0,Francistown Stadium,Francistown,27000.0,
691,Gambia,,1623.0,Independence Stadium,Bakau,40000.0,
693,Mauritania,,1758.0,Stade Olympique de Nouakchott,Nouakchott,40000.0,
694,Mauritius,,1757.0,Stade Anjalay,Belle Vue,18000.0,
695,Mozambique,,1756.0,Estádio Nacional do Zimpeto,Maputo,42000.0,
696,Namibia,,1755.0,Independence Stadium,Windhoek,25000.0,
697,Tanzania,,1625.0,Benjamini Mkapa National Stadium,Dar-es-Salaam,60000.0,
698,Niger,,1754.0,Stade Général Seyni Kountché,Niamey,30000.0,
701,Liberia,,1752.0,Antoinette Tubman Stadium,Monrovia,10000.0,
702,Madagascar,,1751.0,Stade Municipal de Mahamasina,Antananarivo,22000.0,
705,Seychelles,,1748.0,Stade Linité,Roche Caïman,10000.0,
706,Chad,,1747.0,Stade Omnisports Idriss Mahamat Ouya,Ndjamena,30000.0,
707,Eritrea,,1746.0,Cicero Stadium,Asmara,6000.0,
709,Malawi,,1744.0,Kamuzu Stadium,Blantyre,40000.0,
712,Comoros,,1741.0,Stade de Beaumer,Moroni,3000.0,
713,South Sudan,,1740.0,Juba Stadium,Juba,12000.0,
714,Bolivia,,1279.0,Estadio Hernando Siles,La Paz,41000.0,
715,Paraguay,,1604.0,Estadio Defensores del Chaco,Asuncion,42354.0,
716,Ecuador,,1361.0,Estadio Olímpico Atahualpa,Quito,35742.0,
717,Venezuela,,1605.0,Estadio Polideportivo de Pueblo Nuevo,San Cristóbal,38755.0,
718,Trinidad and Tobago,,1610.0,Hasely Crawford Stadium,Port of Spain,27000.0,
719,Haiti,,1611.0,Stade Sylvio Cator,Port-au-Prince,30000.0,
720,Guatemala,,1609.0,Estadio Doroteo Guamuch Flores,Guatemala,29950.0,
721,Bermuda,,1602.0,BDA National Sports Centre,Devonshire,2000.0,
722,Cuba,,1600.0,Estadio Pedro Marrero,Havana,30000.0,
724,Bahamas,,1738.0,BFA National Development Center,Nassau,15000.0,
725,Barbados,,1737.0,Barbados National Stadium,Waterford,15000.0,
726,Belize,,1736.0,FFB Field,Belmopan,5000.0,
727,Grenada,,1735.0,Grenada National Stadium,St. George´s,9000.0,
728,Montserrat,,1664.0,Blakes Estate Stadium,Montserrat,1000.0,
729,Puerto Rico,,1734.0,Estadio Juan Ramón Loubriel,Bayamon,22000.0,
730,Suriname,,1733.0,André-Kamperveen-Stadion,Paramaribo,6000.0,
325,US Orléans,,452.0,Stade de La Source,Orleans,5849.0,
732,Lentente Ssg,,1731.0,Stade Michel Hidalgo,Saint-Gratien,8000.0,
734,Pau FC,,456.0,Stade Municipal Du Hameau,Pau,13970.0,
735,Stade Lavallois Mayenne FC,,457.0,Stade Francis Le Basser,Laval,18467.0,
736,Rodez Aveyron,,607.0,Stade Paul-Lignon,Rodez,5955.0,
737,Dunkerque,,458.0,Stade Marcel Tribut,Dunkerque,4200.0,
738,FC Chambly Oise,,459.0,Stade Des Marais,Chambly,1000.0,
739,US Avranches,,460.0,Stade René Fenouillère,Avranches,4600.0,
740,US Concarneau,,461.0,Stade Guy Piriou,Concarneau,6500.0,
741,AS Lyon-Duchere,,463.0,Stade de Balmont,Lyon,5600.0,
744,FC Villefranche-Beaujolais,,1729.0,Stade Armand-Chouffet,Villefranche-sur-Saône,3500.0,
745,Jeanne d'Arc de Drancy,,1713.0,Stade Charles-Sage,Drancy,2500.0,
746,Sheffield United,,466.0,Bramall Lane,Sheffield,32702.0,
747,Nottingham Forest,,468.0,City Ground,Nottingham,30603.0,
748,Preston North End,,471.0,Deepdale,Preston,23408.0,
749,Sheffield Wednesday,,472.0,Hillsborough Stadium,Sheffield,39812.0,
750,Rotherham United,,477.0,AESSEAL New York Stadium,Rotherham,12021.0,
751,Millwall FC,,478.0,The Den,London,20146.0,
752,Ipswich Town,,481.0,Portman Road Stadium,Ipswich,30311.0,
753,Bristol City,,485.0,Ashton Gate,Bristol,21497.0,
754,Brentford FC,,1970.0,Brentford Community Stadium,London,,
755,Milton Keynes Dons,,490.0,Stadium MK,Milton Keynes,30500.0,
756,MSV Duisburg,,503.0,Schauinsland-Reisen-Arena,Duisburg,31515.0,
1527,FC Cartagena,,1251.0,Cartagonova,Cartagena,15105.0,
787,Leeds United,,102.0,Elland Road,Leeds,39460.0,
757,FC Union Berlin,,507.0,An der alten Forsterei,Berlin,22012.0,
758,Erzgebirge Aue,,508.0,Sparkassen Erzgebirgsstadion,Aue,15690.0,
759,SSV Jahn Regensburg,,509.0,Continental Arena,Regensburg,15115.0,
760,SG Dynamo Dresden,,511.0,Rudolf-Harbig-Stadion,Dresden,32066.0,
761,SV Sandhausen,,514.0,BWT-Stadion am Hardtwald,Sandhausen,12100.0,
762,Holstein Kiel,,515.0,Holstein-Stadion,Kiel,11386.0,
764,1. FC Magdeburg,,518.0,MDCC-Arena,Magdeburg,27250.0,
765,Sportiva Salernitana,,519.0,Stadio Arechi,Salerno,37245.0,
766,Venezia,,520.0,Stadio Pierluigi Penzo,Venice,10500.0,
767,AS Cittadella,,521.0,Stadio Pier Cesare Tombolato,Cittadella,7623.0,
768,Cosenza Calcio,,523.0,Stadio San Vito,Cosenza,23974.0,
769,Ascoli,,525.0,Cino e Lillo Del Duca,Ascoli Piceno,20550.0,
770,Perugia,,529.0,Stadio Renato Curi,Perugia,28000.0,
771,US Cremonese,,530.0,Stadio Giovanni Zini,Cremona,20034.0,
772,Spezia Calcio,,532.0,Stadio Alberto Picco,La Spezia,10336.0,
773,Foggia Calcio,,533.0,Stadio Pino Zaccheria,Foggia,25000.0,
774,Calcio Padova,,534.0,Stadio Euganeo,Padova,17500.0,
775,Albacete Balompie,,538.0,Carlos Belmonte,Albacete,17524.0,
288,Cordoba CF,,539.0,Estadio Nuevo Arcangel,Cordoba,20989.0,
776,Real Oviedo,,542.0,Carlos Tartiere,Oviedo,30500.0,
777,Gimnastic de Tarragona,,543.0,Nou Estadi Municipal,Tarragona,14591.0,
778,Cadiz CF,,547.0,Estadio Ramon de Carranza,Cadiz,25033.0,
779,Alcorcon AD,,551.0,Santo Domingo,Alcorcon,6000.0,
780,CD Lugo,,554.0,Anxo Carro,Lugo,7840.0,
781,CF Reus Deportiu,,555.0,Estadio Municipal de Reus,Tarragona,4700.0,
782,CF Rayo Majadahonda,,556.0,Estadio Cerro Del Espino,Majadahonda,3376.0,
783,UD Extremadura,,557.0,Estadio Francisco de La Hera,Almendralejo,11580.0,
784,Wisla Plock SA,,562.0,Stadion Im. Kazimierza Gorskiego,Plock,10978.0,
785,Zaglebie Sosnowiec SA,,566.0,Stadion Ludowy,Sosnowiec,7500.0,
786,ASPN Miedz Legnica,,569.0,Stadion Im. Orla Bialego,Legnica,6244.0,
794,"Nigeria, Women",,1711.0,Moshood Abiola National Stadium,Abuja,60491.0,
5255,"Club Nacional de Football, Women",,1376.0,Estadio Gran Parque Central,Montevideo,34000.0,
801,"Australia, Women",,617.0,Coopers Stadium,Adelaide,,
802,"Jamaica, Women",,447.0,Independence Park,Kingston,35000.0,
804,"Scotland, Women",,169.0,Hampden Park,Glasgow,52063.0,
806,"Japan, Women",,1163.0,Ajinomoto Stadium,Tokyo,49970.0,
807,"Netherland, Women",,250.0,De Kuip,Rotterdam,51177.0,
858,Manaus Futebol Clube,,613.0,Arena da Amazônia,Manaus,,
810,"Cameroon, Women",,1707.0,Stade Ahmadou Ahidjo,Yaoundé,38509.0,
118,SC Freiburg,,2525.0,Stade Europa-Park,Fribourg,34700.0,
813,"Chile, Women",,1706.0,Estadio Nacional de Chile,Santiago de Chile,46190.0,
814,"Thailand, Women",,439.0,Rajamangala National Stadium,Bangkok,49722.0,
815,Belgium U21,,96.0,Fisht Olympic Stadium,Sotchi,47659.0,
817,Poland U21,,160.0,Silesian Stadium,,,
5305,Eastern District SA,,7319.0,Siu Sai Wan Sports Ground,Hong Kong,11981.0,
819,Austria U21,,330.0,Allianz Stadion,Vienna,28345.0,
812,"USA, Women",,1235.0,BBVA Compass Stadium,Houston,22039.0,
6137,VV Katwijk,,8214.0,Sportpark De Krom,Katwijk,,
822,Serbia U21,,125.0,Rajko Mitic,Belgrade,55538.0,
846,Club Atlético Monarcas Morelia,,1703.0,Estadio Generalísimo José María Morelos y Pavón,Morelia,38869.0,
823,Croatia U21,,112.0,Kaliningrad Stadium,Kaliningrad,35016.0,
829,Xoloitcuintles Club Tijuana,,588.0,Estadio Caliente,Tijuana,15231.0,
831,Club de Fútbol Atlas,,601.0,Estadio Jalisco,Guadalajara,,
832,Club de Fútbol Tigres de la UNAL,,1307.0,Estadio Universitario,San Nicolás de los Garza,42000.0,
833,Club de Fútbol Monterrey,,590.0,Estadio BBVA Bancomer,Monterrey,,
834,Club Deportivo Guadalajara,,1308.0,Estadio Omnilife,Zapopan,46355.0,
835,Club de Fútbol Pachuca,,591.0,Estadio Miguel Hidalgo,Pachuca de Soto,,
836,Chiapas Fútbol Club,,1704.0,Estadio Víctor Manuel Reyna,Chiapas,27500.0,
838,Club América,,602.0,Azteca,Mexico City,,
839,Club Santos Laguna,,595.0,Estadio Corona,Torreon,,
840,Club Deportivo Tiburones Rojos de Veracruz,,596.0,Estadio Luis Pirata Fuente,Veracruz,,
842,Club Social y Deportivo León,,598.0,Estadio Nou Camp,Léon,30000.0,
841,Cruz Azul Fútbol Club,,602.0,Azteca,Mexico City,,
825,France U21,,2.0,Stade de France,Saint-Denis,80698.0,
803,"England, Women",,14.0,Wembley,London,90000.0,
826,Romania U21,,587.0,Arena Națională,Bucarest,55634.0,
824,England U21,,14.0,Wembley,London,90000.0,
816,Italy U21,,90.0,Stadio Olimpico,Rome,72698.0,
844,Rayos de Necaxa,,599.0,Estadio Victoria,Aguascalientes,,
845,Querétaro Fútbol Club,,600.0,Estadio Corregidora de Queretaro,Santiago de Queretaro,,
848,Club de Deportes Cobresal,,604.0,El Cobre,El Salvador,,
849,Club Deportes Antofagasta,,606.0,Regional Calvo y Bascuñán,Antofagasta,,
850,Club Deportivo O'Higgins,,1702.0,Estadio El Teniente,Rancagua,14450.0,
851,Club de Deportes Unión Española,,1429.0,Estadio Santa Laura,Santiago,19000.0,
853,Club Deportivo Huachipato,,1342.0,Estadio CAP,Talcahuano,10500.0,
855,Club Deportivo Palestino,,1371.0,Estadio Municipal de La Cisterna,Santiago,8000.0,
856,Club de Deportes Santiago Wanderers,,1701.0,Estadio Elias Figueroa Brander,Valparaiso,25568.0,
859,Brusque Futebol Clube,,1699.0,Estádio Augusto Bauer,Brusque,5000.0,
809,"New-Zealand, Women",,2800.0,Eden Park,Auckland,50000.0,
811,"Sweden, Women",,619.0,AAMI Park,Melbourne,,
876,FC Würzburger Kickers,,1263.0,Flyeralarm Arena,Wuerzburg,13090.0,
879,Luton Town,,635.0,Kenilworth Road,Luton,10356.0,
878,Barnsley FC,,1205.0,Oakwell Stadium,Barnsley,23287.0,
877,Charlton Athletic,,634.0,The Valley,London,27111.0,
880,Bengaluru FC,,636.0,Sree Kanteerava Stadium,Bengaluru,25810.0,
881,Chennaiyin FC,,1698.0,Jawaharlal Nehru Stadium,Chennai,40000.0,
882,Shrewsbury Town,,637.0,Montgomery Waters Meadow,Shrewsbury,10000.0,
883,New York Red Bulls,,638.0,Sports Illustrated Stadium,Harrison,,
884,DC United,,639.0,Audi Field,Washington,,
890,Esporte Clube Bahia,,581.0,Arena Fonte Nova,Salvador,50000.0,
891,Esporte Clube Jacuipense,,1697.0,Estadio Eliel Martins,Riachao do Jacuípe,5000.0,
892,Club Atlético River Plate,,644.0,Estadio Monumental Antonio Vespucio Liberti,Buenos Aires,,
893,Club Social y Deportivo Defensa y Justicia,,1207.0,Estadio Norberto Tomaghello,Gobernador Julio A. Costa,12000.0,
895,Sportyvny Klub Dnipro-1,,648.0,Dnipro Arena,Dnipropetrovsk,31003.0,
894,Clyde FC,,1696.0,Broadwood Stadium,Cumbernauld,8086.0,
854,Corporación de Fútbol de la Universidad de Chile,,1378.0,Estadio Nacional de Santiago,Santiago,48665.0,
921,1. FC Saarbrucken,,1538.0,Ludwigspark-Stadion,Saarbrucken,35303.0,
923,SD Ponferradina,,672.0,Estadio El Toralin,Ponferrada,8800.0,
924,CF Fuenlabrada,,668.0,Estadio Fernando Torres,Fuenlabrada,6000.0,
925,CD Mirandes,,671.0,Estadio Municipal de Anduva,Miranda de Ebro,7980.0,
1528,CE Sabadell FC,,1249.0,Nova Creu Alta,Sabadell,15000.0,
1535,AC Omonia Nicosia,,573.0,GSP Stadium,Strovolos,23000.0,
1536,FC Slovan Liberec,,1287.0,Stadion u Nisy,Liberec,9900.0,
1525,CD Castellon,,1250.0,Estadio Municipal Castalia,Castellon,15500.0,
830,Club de Fútbol Puebla de la Franja,,603.0,Estadio Cuauhtémoc,Puebla,,
1713,Singapore,,1627.0,Jalan Besar Stadium,Singapur,6000.0,
857,Royale Union Saint-Gilloise,,612.0,Stade Joseph Marien,Saint-Gilles,,
1875,Burgos CF,,1561.0,Municipal El Plantio,Burgos,12200.0,
1877,UD Ibiza,,1560.0,Can Misses,Ibiza,4500.0,
2105,Armenia U17,,1870.0,Gorodskoy,Borisov,5402.0,
535,LASK Linz,,3887.0,Raiffeisen Arena,Linz,19080.0,
488,Panetolikos,,293.0,Panetolikos Stadium,Agrinio,7321.0,
2563,FK Rodina Moskva,,2229.0,Spartakovets im. N.P. Starostina,Moscow,,
614,Universitatea Craiova,,428.0,Stadionul Ion Oblemenco,Craiova,30944.0,
533,NK Osijek,,3048.0,Opus Arena,Osijek,13000.0,
324,Nîmes Olympique,,3984.0,Stade des Antonins,Nîmes,8000.0,
4788,Al Wehda FC (Mecca) Under 18,,6352.0,Al Wehda Club Stadium,Makkah ,5000.0,
5451,İmişli FK,,7513.0,Quba Olympic Sports Complex Stadium,Quba,7000.0,
5146,"FC Farul Constanţa, Women",,424.0,Stadionul Central Academia Hagi,Ovidiu,3000.0,
4845,Al Hazem SC Under 18,,6496.0,Reserve of Alhazm Club Stadium,Ar Rass,1000.0,
4864,ASF Andrézieux Bouthéon,,6514.0,L'Envol Stadium,Andrézieux-Bouthéon,5000.0,
4885,Montreal Roses FC,,6554.0,Centre Sportif Bois-de-Boulogne,Laval,1.0,
4902,Gimnasia y Esgrima La Plata Reserve,,6567.0,Predio Estancia Chica,La Plata,300.0,
4919,CA Unión de Santa Fe Reserves,,6584.0,Complejo Deportivo La Tatenguita,Santa Fe,150.0,
4936,US Thionville Lusitanos,,6604.0,Stade de Guentrange,Thionville,3025.0,
4952,FC Victoria Rosport,,6623.0,Party-Rent-Arena,Rosport,1000.0,
4967,"Congo DR, Women",,1775.0,Stade des Martyrs,Kinshasa,80000.0,
4983,Landskrona BoIS,,6696.0,Landskrona IP,Landskrona,10000.0,
5002,Unión Montañesa Escobedo,,6719.0,Eusebio Arce,Escobedo,2000.0,
5021,SD Eibar B,,1693.0,Unbe Sports Complex,Eibar,1000.0,
5040,Club Deportiva Minera,,6756.0,Ángel Celdrán,Cartagena,2000.0,
5058,Bonner SC,,6783.0,Sportpark Nord,Bonn,2500.0,
5099,FC Bayern Alzenau 1920,,6825.0,Städtisches Stadion im Sportzentrum am Prischoß,Alzenau,5313.0,
5114,ROC de Charleroi-Marchienne,,6853.0,Stade de la Neuville,Charleroi,8000.0,
874,Georgia U21,,381.0,Boris Paichadze Dinamo Arena,Tbilisi,54549.0,
5127,Sarıyer SK,,6890.0,Yusuf Ziya Öniş Stadium,Istanbul,4100.0,
5141,FC Internazionale Milano U23,,1264.0,Stadio Brianteo,Monza,18568.0,
872,Azerbaijan U21,,391.0,Bakcell Arena,Baku,11000.0,
843,Club Universidad Nacional,,1309.0,Estadio Olímpico Universitario,Mexico,63186.0,
2046,England U17,,1838.0,St. George's Park,Needwood,1500.0,
873,Slovakia U21,,1252.0,Tehelné Pole,Bratislava,22500.0,
2050,England U16,,1838.0,St. George's Park,Needwood,1500.0,
2051,Wales U16,,1842.0,Racecourse Ground,Wrexham,15500.0,
2043,Tottenham Hotspur U18,,1837.0,Hotspur Way,London,500.0,
2044,Chelsea U18,,1836.0,Cobham Training Ground,Cobham,500.0,
5160,FC St. Pauli von 1910 U17,,6842.0,Sportanlage Sachsenweg,,,
5175,1. FC Saarbrücken U17,,6137.0,Sportplatz Quierschied,,,
5987,Getafe CF U14,,1626.0,Ciudad Deportiva de Getafe,Getafe,1500.0,
5843,Athletic Club Boise,,7813.0,Les Bois Park,Boise,6000.0,
5844,Corpus Christi FC,,7814.0,War Memorial Stadium,Little Rock,54120.0,
5989,Real Madrid Club de Fútbol U15,,1686.0,Ciudad Real Madrid,Madrid,3000.0,
5991,Aravaca Club de Fútbol U12,,7969.0,Estadio Antonio Sanfíz,Madrid,2000.0,
5992,"SSV Rhade 1925 e.V., Women",,7981.0,Sportpark Risthaus Platz 2,Dorsten,2000.0,
5995,Blagnac FC,,7998.0,Stade d'Andromède,Blagnac,1600.0,
6003,Vissel Kobe U-18,,8010.0,Ibuki Mori Stadium,Hyogo,1000.0,
6005,Aomori Yamada High School,,8011.0,Aomori Yamada High School Ground,Aomori City,,
6011,Sanfrecce Hiroshima FC Youth,,8015.0,Aki Takata Soccer Park,Hiroshima,1000.0,
6015,Gamba Osaka Youth,,8018.0,OFA Banpaku Football Center,Osaka,,
6017,Maebashi Ikuei High School,,8020.0,Maebashi Ikuei High School Takasaki Ground,Gunma,,
6019,FC Tokyo U-18,,8025.0,Tokyo Gas Musashino-En Multipurpose Ground,Kodaira,,
6025,Ryutsu Keizai University Kashiwa High School,,8033.0,Ryutsu Keizai University Kashiwa High School Ground,Kashiwa,,
5952,Sociedade Desportiva Juazeirense,,8048.0,Estádio Adauto Moraes,Juazeiro,8000.0,
6029,Vegalta Sendai Youth,,1169.0,Yurtec Stadium,Sendai,19694.0,
6028,Nara Club Youth,,3678.0,Rohto Field Nara,Nara,30600.0,
6027,Higashi Fukuoka High School,,8040.0,Higashi Fukuoka High School Ground,Fukuoka,,
6024,Teikyo Nagaoka High School,,8029.0,Nagaoka New Town Sports Park Soccer Field,Niigata,2000.0,
6023,Kashima Antlers Youth,,8031.0,Kashima Antlers Clubhouse Ground,Ibaraki,,
6022,Ozu High School,,8064.0,Ozu Athletic Park Stadium,Ozu,,
6021,Nagoya Grampus U-18,,8036.0,Toyota Sports Center,Aichi,8000.0,
6020,Urawa Reds Youth,,1157.0,Saitama Stadium 2002,Saitama,63700.0,
6018,Yokohama FC Youth,,8044.0,Yokohama FC LEOC Training Center,Yokohama,,
6016,Shizuoka Gakuen High School,,8065.0,S_pl@tt FUJISPARK Athletic Field,Fuji,,
6014,Avispa Fukuoka U-18,,8022.0,Fukuoka Football Center – Pitch A,Fukuoka,,
6013,Kamimura Gakuen High School,,8021.0,Ibusuki Football Park,Kagoshima,,
6012,Sagan Tosu U-18,,8017.0,Saga City Health and Sports Center,Saga,,
6010,Shohei High School,,8014.0,Shohei High School Ground,Saitama,,
6009,Tokyo Verdy Youth,,8019.0,Verdi Ground,Tokyo,,
6008,Kawasaki Frontale U-18,,8066.0,Fujitsu Stadium Kawasaki,Kawasaki,,
6007,Kashiwa Reysol U-18,,8023.0,Zero Watt Power Field Kashiwa,Kashiwa,,
6006,Funabashi Municipal High School,,8067.0,Funabashi Municipal Hoten Park Stadium,Funabashi,,
6004,Fagiano Okayama U-18,,8037.0,Masada Soccer Field,Okayama,,
6002,Toyo University,,8068.0,Toyo Sports Center,Tokyo,,
6001,Tokyo International University,,8055.0,Tokyo International University Soccer Field,Tokyo,1000.0,
5999,University of Tsukuba U18,,8008.0,Tsukuba University Soccer Field,Tsukuba,1000.0,
5998,US Lège Cap-Ferret,,8003.0,Stade Louis Goubet,Lège-Cap-Ferret,,
5997,Canet Roussillon FC,,8002.0,Stade Saint-Michel,Canet-en-Roussillon,3800.0,
5996,Tarbes Pyrénées Football,,8069.0,Stade Maurice Trélut,Tarbes,,
5994,Tudu Mighty Jets FC,,1613.0,Accra Sports Stadium,Accra,40000.0,
5993,Third World FC,,8070.0,McDan La Town Park Stadium,Accra,,
5983,Al Mokawloon Al Arab Sporting Club,,3875.0,Stade Osman Ahmed Osman,Caire,35000.0,
5982,Wadi Degla Football Club,,3876.0,Petrosport Stadium,Nouveau Caire,16000.0,
5981,Anzoátegui Fútbol Club,,7959.0,Estadio José Antonio Anzoátegui,Puerto La Cruz,38000.0,
5980,Trujillanos Futbol Club,,7960.0,José Alberto Pérez Olympic Stadium,Valera,25000.0,
5966,Serra Branca Esporte Clube,,7526.0,Estádio Governador Ernani Sátyro - O Amigão,Campina Grande,35000.0,
5959,Futebol Clube Pantanal SAF,,8073.0,Estádio Jacques da Luz,Campo Grande,,
5958,Lagarto Futebol Clube,,8074.0,Estádio Paulo Barreto de Menezes,Lagarto,,
5953,Associação Desportiva Ferroviária,,8063.0,Estádio Engenheiro Alencar Araripe,Cariacica,7700.0,
5391,KFF U16 Selection,,7428.0,Stadion Namys,Shymkent,25000.0,
5332,Stade Lavallois MFC U14,,8081.0,Stade Les Gandonnières,Laval,,
5263,Faroe Islands U21,,575.0,Tórsvøllur,Tórshavn,6040.0,
4720,Montrouge U19,,8082.0,Stade Jean Lezer,Montrouge,,
4719,Dunkerque U19,,6252.0,Stade Pierre Lamstaes 1,Bray-Dunes,,
4682,"Pavia Academy, Women",,8083.0,Stadio Pietro Fortunati,Pavia,,
4680,ACF Brescia Calcio Femminile,,6160.0,Mario Rigamonti Sports Centre,Brescia,,
6000,Ryutsu Keizai University U18,,8033.0,Ryutsu Keizai University Kashiwa High School Ground,Kashiwa,,
5845,Fort Wayne FC,,7815.0,Bishop D'Arcy Stadium,Fort Wayne,3500.0,
5846,New York Cosmos,,7816.0,Hinchliffe Stadium,Paterson,7500.0,
5847,Sarasota Paradise,,2309.0,Premier Sports Campus,Lakewood Ranch,,
5848,"AEK Athens FC, Women",,7820.0,Agioi Anargyroi Municipal Stadium,Athens,5000.0,
5849,"Seattle Reign FC, Women",,1312.0,Lumen Field,Seattle,69000.0,
5851,"Denver Summit FC, Women",,7821.0,Centennial Stadium,Colorado,12000.0,
5852,"Boston Legacy FC, Women",,1195.0,Gillette Stadium,Foxborough,66829.0,
5853,Ogre United,,7822.0,Ogres Stadions,Ogre,1200.0,
5854,Liga Deportiva Universitaria de Portoviejo,,2332.0,Estadio Reales Tamarindos,Portoviejo,21000.0,
5855,Club Deportivo Santo Domingo,,7242.0,Estadio Etho Vega,Santo Domingo,,
5856,Atlético Fútbol Club (Guayaquil),,7823.0,Estadio Carlos Pérez Perasso,Guayaquil,1000.0,
5857,"Østerbro Idræts-Forening, Women",,7825.0,Valby Stadium - Idrætspark,Copenhagen,12000.0,
5858,"FC Copenhagen, Women",,7826.0,Vanløse Idrætspark,Copenhagen,5000.0,
5860,"ASA Aarhus, Women",,7828.0,Robotize Park,Aarhus,1500.0,
5861,Liaoning Tieren F.C.,,7829.0,Tiexi Stadium,Tiexi,40000.0,
5862,Chongqing Tonglianglong FC,,7830.0,Longxing Football Stadium,Chongqing,60000.0,
5863,Wiliete Sport Clube,,7831.0,Ombaka National Stadium,Benguela,35000.0,
5864,Union Sportive de Zilimadjou,,2286.0,Stade de Moroni,Moroni,,
5865,Simba Bhora FC,,7832.0,Wadzanai Stadium,Shamva,1500.0,
5866,Silver Strikers FC,,7833.0,Silver Stadium,Lilongwe,18000.0,
5867,Real de Banjul Football Club,,7834.0,Banjul Mini Stadium,Banjul,3000.0,
5868,Rahimo Football Club,,7835.0,Stade Wobi Bobo-Dioulasso,Bobo-Dioulasso,10000.0,
5869,Police Football Club,,2340.0,Stade Régional de Nyamirambo,Kigali,22000.0,
5870,Nsingizini Hotspurs FC,,7836.0,King Sobhuza II Memorial Stadium,Nhlangano,2000.0,
5871,Mogadishu City Club,,7837.0,Mogadishu Stadium,Mogadishu,65000.0,
5872,Mlandege Football Club,,2314.0,Amaan Stadium,,,
5873,Association Sportive Mangasport,,7838.0,Stade Henri Sylvoz,Moanda,4000.0,
5874,Lioli Football Club,,7839.0,Lioli Ground,Teyateyaneng,3000.0,
5875,Jamus Sports Club,,1740.0,Juba Stadium,Juba,12000.0,
5876,Fundación Bata Sport Academy,,7840.0,Estadio de Bata,Bata,40000.0,
5877,Football Club Les Aigles du Congo,,1775.0,Stade des Martyrs,Kinshasa,80000.0,
5878,Football Club Fassell,,1752.0,Antoinette Tubman Stadium,Monrovia,10000.0,
5879,Ethiopian Insurance Football Club,,2292.0,Addis Ababa Stadium,Addis Ababa,,
5880,Association Sportive Saint Michel Elgeco Plus FC,,7842.0,Elgeco Plus Stadium,Anamalanga,5000.0,
5881,East End Lions FC,,7843.0,Trade Centre Field,Freetown,1000.0,
5882,Dadjè Football Club d'Aplahoué,,7844.0,Stade Omnisports d'Aplahoué,Aplahoué,4000.0,
5883,Côte d'Or Football Club,,7845.0,Stade d'Amitié,Praslin,2000.0,
5884,Colombe Sportive du Dja et Lobo,,7846.0,Municipal Stadium Dja-et-Lobo,Sangmélima,2000.0,
5886,Association Sportive des Conducteurs de Kara,,2280.0,Stade Municipal Kara,Kara,,
5887,Association Sportive Tempête Mocaf,,1743.0,Complexe Sportif Barthelemy Boganda,Bangui,20000.0,
5888,Association Sportive des Forces Armées Nigériennes,,1754.0,Stade Général Seyni Kountché,Niamey,30000.0,
5889,Association Sportive d'Ali Sabieh/Djibouti Télécom,,2284.0,El Hadj Hassan Gouled Aptidon,Djibouti,,
5890,Aigle Noir Makamba FC,,7849.0,Peace Park Stadium Makamba,Gisenyi,35000.0,
5891,African Stars Football Club,,7850.0,Sam Nujoma Soccer Stadium,Windhoek,10300.0,
5892,"Swieqi United Football Club, Women",,7333.0,Centenary Stadium,,,
5893,"Riga Football Club, Women",,2699.0,Mežaparks Sports Village,Riga,1500.0,
5894,"Racing Fussball Club Union Luxembourg, Women",,6635.0,Achille Hammerel Stadium,,,
5895,"Pyunik Yerevan FC, Women",,3681.0,Junior Sport Stadium,Erevan,1188.0,
5896,"NSÍ Runavík, Women",,7851.0,Við Løkin Stadium,Runavík,1500.0,
5897,"Neftçi Peşəkar Futbol Klubu, Women",,391.0,Bakcell Arena,Baku,11000.0,
5898,"FC Metalist 1925 Kharkiv, Women",,189.0,Metalist Stadium,Kharkiv,40003.0,
5899,"HJK Helsinki, Women",,7852.0,Töölön Pallokenttä,Helsinki,4600.0,
5900,"ABB Fomget Gençlik, Women",,7853.0,Fatih Stadium,Ankara,1000.0,
5901,"ŽFK Budućnost Podgorica, Women",,379.0,Podgorica City Stadium,Podgorica,17000.0,
5902,"ŽNK Agram Zagreb, Women",,7854.0,Stadion NŠC Stjepan Spajić,Zagreb,5000.0,
479,OFI Crete FC,,7213.0,Pagritio,,,
4178,Lexington Sporting Club,,5690.0,Lexington Sporting Club Stadium,,,
5903,"Molde FK, Women",,333.0,Aker Stadion,Molde,11249.0,
5904,"Aalesunds FK, Women",,2058.0,Color Line Stadion,Ålesund,,
5905,"FK Haugesund, Women",,1881.0,Haugesund Sparebank Arena,Haugesund,8983.0,
5906,CO Korhogo,,3003.0,Amadou Gon Coulibaly Stadium,Korhogo,20000.0,
4966,FC Anyang,,6655.0,Anyang Sports Complex,,,
5907,Ljungskile SK,,7891.0,Skarsjövallen,Ljungskile,6000.0,
5908,Nordic United FC,,7892.0,Södertälje Fotbollsarena ,Södertälje ,6400.0,
5909,Norrby IF,,1180.0,Borås Arena,Boras,17800.0,
5910,"SC Sand, Women",,7894.0,Adams Arena,Willstätt,2300.0,
5911,Strømmen IF,,7900.0,Strømmen Stadion ,Strømmen,4500.0,
5912,Kuopion Palloseura,,351.0,Savon Sanomat Areena,Kuopio,5300.0,
5913,FC Supra du Québec,,6554.0,Centre Sportif Bois-de-Boulogne,Laval,1.0,
5914,FC Meshakhte Tkibuli,,7901.0,Vladimer Bochorishvili Stadium,Tkibuli,14.0,
5915,Football Club Rustavi,,7902.0,GFF Technical Centre,Rustavi,2000.0,
5916,PFC Lokomotiv Tashkent,,1969.0,Lokomotiv Stadium,Tashkent,8000.0,
5917,Cordino Esporte Clube,,7903.0,Estádio Leandro Cláudio da Silva,Barra do Corda,,
5918,Nova Mutum Esporte Clube,,7904.0,Estádio Valdir Doilho Wons,Nova Mutum,1000.0,
5919,Sportverein Oberachern e.V.,,7905.0,Waldsee-Stadion,Achern,1500.0,
5920,TuS Makkabi Berlin e.V.,,6795.0,Julius-Hirsch-Sports Center,,,
5921,Fußball-Club Oberneuland,,7906.0,Marko-Mock-Arena,Bremer,5000.0,
5922,Dynamic Herb Cebu Football Club,,7907.0,Dynamic Herb Sports Complex,Talisay,550.0,
5923,Football Club Altyn Asyr Ashgabat,,7908.0,Buzmeyin Sport Complex,Ashgabat,10000.0,
5924,Ravshan Kulob,,7909.0,Kulob Markazii Stadium,Kulob,20000.0,
5984,Atlético Madrid U18,,556.0,Estadio Cerro Del Espino,Majadahonda,3376.0,
5925,Kenya U17,,1938.0,Moi International Sports Centre,Kasarani,60000.0,
5988,Atlético Madrid U15,,7968.0,Ciudad Deportiva Atlético de Madrid - Majadahonda,Majadahonda,,
5926,Cameroon U23,,2028.0,Olembe Stadium,Yaoundé,,
5927,Morocco U23,,1624.0,Stade de Marrakech,Marrakech,45240.0,
5928,Senegal U23,,1800.0,Stade Léopold Sédar Senghor,Dakar,60000.0,
5931,Kokushikan University,,7922.0,Kokushikan University Kaedenomori Campus Soccer Field,Machida,1000.0,
5932,Nippon Sport Science University,,7923.0,Nippon Sport Science University Kensidai Campus Soccer Field,Yokohama,1000.0,
5933,Meiji University,,7924.0,Meiji University Hachimanyama Soccer Field,Setagaya,1000.0,
5934,Tokai University,,7926.0,Tokai University Shonan Campus Soccer Field,Hiratsuka,1000.0,
5935,Nihon University,,7929.0,Nihon University Athletic Park Inagi Soccer Field,Inagi,1000.0,
5936,"Eskilstuna United DFF, Women",,1245.0,Tunavallen,Eskilstuna,7800.0,
5937,Toin University of Yokohama,,7930.0,Toin Gakuen Soccer Field,Yokohama,1000.0,
5938,"SV Thülen , Women",,7937.0,Sportplatz Am Scheid,Brilon-Thülen,,
5968,Chuo University,,7944.0,Chuo University Tama Campus,Tokyo,1000.0,
5969,Keio University,,7945.0,Hiyoshi Athletics Field,Yokohama,3000.0,
5970,AFC Telford United,,6691.0,New Bucks Head,,,
5971,Amalgamated Football Club Totton,,1667.0,Testwood Stadium,Totton,3000.0,
5972,Buxton Football Club,,7947.0,The Silverlands,Buxton,4000.0,
5973,Chatham Town Football Club,,7652.0,Bauvill Stadium,Chatham,5000.0,
5974,Chelmsford City Football Club,,7949.0,Melbourne Stadium,Chelmsford,3500.0,
5975,Gainsborough Trinity Football Club,,7950.0,The Northolme,Gainsborough,4300.0,
5976,Hemel Hempstead Town Football Club,,7951.0,Vauxhall Road,Hemel Hempstead,3152.0,
5977,Slough Town Football Club,,7952.0,Arbour Park,Slough,2000.0,
5978,Spennymoor Town Football Club,,5704.0,Brewery Field,,,
5979,St. Albans City Football Club,,7343.0,Clarence Park,St. Albans,5000.0,
5990,Atlético Madrid U12,,7968.0,Ciudad Deportiva Atlético de Madrid - Majadahonda,Majadahonda,,
5954,Sociedade Imperatriz de Desportos,,8053.0,Estádio Municipal Frei Epifânio D'Abadia,Imperatriz,12000.0,
5967,Piauí Esporte Clube,,3465.0,Estádio Lindolfo Monteiro,Teresina,16000.0,
5965,Monte Roraima Futebol,,3472.0,Estádio Canarinho,Boa Vista,6000.0,
5964,Porto Vitória Futebol Clube,,2472.0,Estádio Estadual Kleber José de Andrade,Cariacica,21152.0,
5963,Clube Laguna SAF,,2701.0,Estádio Maria Lamas Farache,Natal,18000.0,
5962,IAPE FC,,3485.0,Nhozinho Santos,São Luís,12891.0,
5961,Sport Club Penedense,,8071.0,Estádio Dr. Alfredo Leahy,Penedo,,
5960,Bragantino Clube do Pará,,8072.0,Estádio Olímpico São Benedito - Diogão,Bragança,,
5957,Guaporé Futebol Clube,,8075.0,Estádio Municipal José Ângelo Cassol - Cassolão,Rolim de Moura,,
5956,Centro de Formação de Atletas Tirol,,5808.0,Ceará Estádio Presidente Vargas,,,
5955,Nacional Futebol Clube Amazonas,,613.0,Arena da Amazônia,Manaus,,
5951,Porto Sport Club (Bahia),,8076.0,Estádio Municipal Agnaldo Bento dos Santos,Porto Seguro,,
5950,Castanhal Esporte Clube,,8062.0,Estádio Maximino Porpino Filho,Castanhal,8000.0,
5949,Associação Atlética Maguary,,8077.0,Estádio Arthur Tavares Melo,Bonito,,
5948,Araguaína Futebol e Regatas,,5720.0,Estádio Leôncio de Souza Miranda,Araguaína,10000.0,
5947,Baré Esporte Clube,,3472.0,Estádio Canarinho,Boa Vista,6000.0,
5946,Betim Futebol,,8078.0,Estádio Jurandir Elias,Betim,,
5945,Mixto Esporte Clube,,8060.0,Estadio Eurico Gaspar Dutra,Cuiabá,7500.0,
5944,Primavera FC (Minas Gerais),,4028.0,Estádio Ítalo Mário Limongi,Indaiatuba,7820.0,
5943,Associação Desportiva Vasco da Gama (Acre),,4501.0,Arena da Floresta,Rio Branco,13700.0,
5942,Ivinhema FC,,8058.0,Luiz Saraiva Vieira,Ivinhema,4000.0,
5941,SE Gama,,8057.0,Estádio Walmir Campelo Bezerra,Gama,,
5940,Galvez EC,,4501.0,Arena da Floresta,Rio Branco,13700.0,
5939,América SE (Sergipe),,8079.0,Estádio Durval Feitosa,Propriá,,
5930,"FC Schalke 04, Women",,8080.0,Glückauf-Kampfbahn,Gelsenkirchen,,
5929,"Borussia Dortmund II, Women",,1522.0,Stadion Rote Erde,Dortmund,25000.0,
6034,Nanjing City F.C.,,8085.0,Wutaishan Stadium,Nanjing,,
6033,USD Castellanzese 1921,,8086.0,Stadio Comunale Giovanni Provasi,Castellanza,,
4282,Maccabi Haifa FC U16,,3913.0,Kezhef Lower,Haifa,,
4281,Ihoud Bnei Sakhnin FC U16,,1292.0,Doha Stadium,Sakhnin,8500.0,
4280,Hapoel Ramat Gan Giv'atayim FC U16,,3907.0,Ramat Hashikma,Ramat Gan,1000.0,
4273,Hapoel Ramat Gan Giv'atayim FC U17,,2137.0,Ramat Gan Stadium,Ramat Gan,,
4269,Maccabi Netanya FC U16,,8090.0,Maccabi Netanya Training Compound,Netanya,,
4267,Maccabi Haifa U17,,3913.0,Kezhef Lower,Haifa,,
4264,Hapoel Hadera U17,,3912.0,Hadera Training Synthetic,Hadera,1000.0,
4263,Hapoel Be'er Sheva U17,,8092.0,Vasermil Training Ground,Be'er Sheva,,
4262,Agudat Sport Nordia Jerusalem FC U19,,8091.0,Sportek Emek HaArazim,Jerusalem,,
4260,Hapoel Jerusalem U17,,8091.0,Sportek Emek HaArazim,Jerusalem,,
2830,Vejle Boldklub U19,,8093.0,VB Parken,Vejle,,
2829,Aalborg BK U19,,2935.0,AaB's Anlæg,Aalborg,1000.0,
2827,AC Horsens U19,,8095.0,Jydsk Miljø Rengøring - Kunst Arena,Horsens,,
2825,Odense BK U19,,8096.0,OB Ådalen,Odense,,
2788,Chapecoense AF U20,,8099.0,Centro de Treinamento Água Amarela,Chapecó,,
6035,Shaanxi Union FC,,8098.0,Xi'an International Football Centre Stadium,Xi'an,60.0,
2467,Derby County U23,,5791.0,Proctor Cars Stadium,Matlock,2757.0,
2448,Bulgaria U17,,5520.0,Hristo Botev Stadium,,,
2339,"Uzbekistan, Women",,1780.0,Bunyodkor Stadium,Tashkent,34000.0,
6036,Guangdong GZ-Power Football Club,,1289.0,Yuexiushan Stadium,Guangzhou,18000.0,
6037,Foshan Nanshi,,8105.0,Nanhai Sports Center Stadium,Guangdong ,20000.0,
6039,Yanbian Longding,,,,,,
6038,Dalian K'un City,,1288.0,Jinzhou Stadium,Dalian,30775.0,
6040,Shijiazhuang Megason,,1288.0,Jinzhou Stadium,Dalian,30775.0,
6041,Beijing Warriors FC,,1130.0,Workers Stadium,Beijing,66161.0,
6042,Yulin Mobei Miners FC,,8108.0,Yulin Sports Center Stadium,Yulin,,
6043,Dalian Chuanyi FC,,8109.0,Dalian Football Youth Training Base,Dalian,,
6044,Beijing Huesca FC,,8110.0,Weiqing Park Stadium,Shaanxi,,
6045,Shaanxi Weinan Northwest Youth FC,,8107.0,Weinan Sports Center Stadium,Weinan,32000.0,
6046,Qingdao Red Lions,,,,,,
6047,Jiangxi Dingnan United FC,,8111.0,Jiangxi Dingnan National Football Training Center Stadium,Ganzhou,12000.0,
6048,Shenzhen Juniors Football Club,,3078.0,Bao'an Stadium,Shenzhen,44050.0,
6049,Shijiazhuang Gongfu,,8114.0,Yutong International Sports Center,Shijiazhuang,29000.0,
6051,Guangxi Pingguo Football Club,,8118.0,Pingguo Guojing Stadium,Pingguo,,
6052,Sociedad Deportiva Eibar U19,,1693.0,Unbe Sports Complex,Eibar,1000.0,
6053,Agrupación Deportiva San Juan,,8120.0,Estadio San Juan-Donibane,Pamplona,,
6050,Ningbo Professional FC,,8342.0,Ningbo Cixi Stadium,Cixi City,,
6094,Veroskronos Tsuno,,,,,,
6095,Oyama SC,,,,,,
6096,Mitsubishi Nagasaki SC,,,,,,
6097,Niigata University of Health and Welfare FC,,,,,,
6098,Toyama Shinjo Club,,,,,,
6099,Lavenirosso NC,,,,,,
6100,Beluga Rosso Iwami,,,,,,
6101,Chukyo University,,,,,,
6102,Hosei University,,,,,,
6103,Juntendo University,,,,,,
6104,Tsukuba University,,,,,,
6105,Brew Kashima,,,,,,
6106,Arterivo Wakayama,,,,,,
6107,Okinawa Sport-Verein,,,,,,
6108,Kyoto Sangyo University,,,,,,
6109,Reinmeer Aomori FC,,,,,,
6110,Fukuyama City FC,,,,,,
6111,FC Baleine Shimonoseki,,,,,,
6112,Fukui United,,,,,,
6113,Veertien Mie,,,,,,
1572,Hapoel Tel Aviv,,1391.0,Bloomfield,Tel Aviv,29150.0,
6114,Horizonte Futebol Clube,,2168.0,Estádio Olímpico Horácio Domingos de Sousa,Ceará,,
6115,Quixadá Futebol Clube,,8189.0,Estádio José Antônio Abilio de Lima,Quixadá,,
6116,Maranguape Futebol Clube,,8190.0,Estádio Moraisão,Maranguape,,
6117,"Duke Blue Devils, Women",,8195.0,Koskinen Stadium,Durham,2000.0,
6118,"Louisville Cardinals, Women",,8196.0,Dr. Mark & Cindy Lynn Stadium,Louisville,5300.0,
6119,"Florida State Seminoles, Women",,8197.0,Seminole Soccer Complex,Tallahassee,2000.0,
6120,"Virginia Cavaliers, Women",,8198.0,Klöckner Stadium,Charlottesville,7100.0,
6121,"Stanford Cardinal, Women",,8199.0,Maloney Field at Laird Q. Cagan Stadium,Stanford,3000.0,
6122,"Notre Dame Fighting Irish, Women",,8200.0,Alumni Stadium,Notre Dame,3000.0,
6123,NC State Wolfpack,,8201.0,Dail Soccer Field,Raleigh,3000.0,
6124,Louisville Cardinals,,8196.0,Dr. Mark & Cindy Lynn Stadium,Louisville,5300.0,
6125,Southern Methodist University Mustangs,,8202.0,Washburne Soccer and Track Stadium,Dallas,2500.0,
6126,Wake Forest Demon Deacons,,8203.0,W. Dennie Spry Soccer Stadium,Winston-Salem,3000.0,
6127,Stanford Cardinal,,8199.0,Maloney Field at Laird Q. Cagan Stadium,Stanford,3000.0,
6128,"TCU Horned Frogs, Women",,8204.0,Garvey-Rosenthal Soccer Stadium,Fort Worth,1500.0,
6129,Furman Paladins,,8205.0,Stone Stadium,Greenville,,
6130,Saint Louis Billikens,,7993.0,Hermann Stadium,St Louis,6050.0,
1852,FC Hradec Kralove,,3916.0,Malšovická Aréna,Hradec Králov,9300.0,
6131,KVV Quick Boys Katwijk,,8209.0,Sportpark Nieuw Zuid,Katwijk aan Zee,,
6132,De Treffers,,8210.0,Sportpark Zuid,Groesbeek,,
6134,Rijnsburgse Boys,,8212.0,Sportpark Middelmors,Rijnsburgse,,
6135,HHC Hardenberg,,3441.0,De Boshoek,Hardenberg,4.0,
6136,SV Spakenburg,,8213.0,Sportpark De Westmaat,Bunschoten,,
6138,Almere City FC U23,,1541.0,Yanmar Stadion,Almere,3000.0,
6139,Kozakken Boys Werkendam,,8215.0,Sportpark De Zwaaier,Werkendam,,
6140,Sparta Rotterdam U21,,8216.0,Sportpark Nieuw Terbregge,Rotterdam,,
6141,Amsterdamsche Football Club,,8217.0,Sportpark Goed Genoeg,Amsterdam,,
6142,BVV Barendrecht,,8218.0,Sportpark De Bongerd,Barendrecht,,
6143,RKAV Volendam,,8219.0,Sportpark Volendam,Volendam,,
6144,GVVV Veenendaal,,8220.0,Sportpark Panhuis,Veenendaal,,
6145,Koninklijke HFC Haarlem,,8221.0,Sportpark Spanjaardslaan,Haarlem,,
6146,VV IJsselmeervogels,,8213.0,Sportpark De Westmaat,Bunschoten,,
6147,Excelsior Maassluis,,8222.0,Sportpark Dijkpolder,Maassluis,,
6148,Asser Christelijke Voetbalvereniging,,8223.0,Sportpark ICT Specialist,Assen,,
6149,Kahrabaa Ismailia SC,,8224.0,Kahrabaa Ismailia Stadium,Ismailia,,
6201,Sloboda Užice,,3730.0,Radomir Antić Stadium,Užice,,
6150,Modern Sport Club,,582.0,Cairo International Stadium,Cairo,75000.0,
6151,Red Bull Salzburg Women,,3783.0,Akademie Liefering Platz 1,Salzburg,3000.0,
6152,SCR Altach Women,,8230.0,Stadion Schnabelholz,Altach,,
6153,LASK Linz Women,,8231.0,Verbandsanlage des OÖFV,Linz,,
6155,First Vienna Football Club Women,,2621.0,Hohe Warte Stadium,Wien,,
6156,SPG Südburgenland/Hartberg Women,,8232.0,Stadion Stegersbach,Österreich,,
2410,"FSK Sankt Pölten-Spratzern, Women",,1117.0,Nv Arena,Sankt Polten,8000.0,
2607,"SK Sturm Graz, Women",,8234.0,Messendorf Trainingszentrum,Graz,,
6154,SPG Union Kleinmünchen/BW Linz Women,,2611.0,Hofmann-Personal Stadion,Linz,2000.0,
6158,Hera United Women,,8217.0,Sportpark Goed Genoeg,Amsterdam,,
6157,USV Neulengbach Women,,8233.0,Wienerwaldstadion,Neulengbach,,
5617,"NAC Breda, Women",,247.0,Rat Verlegh Stadion,Breda,19000.0,
2364,"FC Twente, Women",,6594.0,Sportpark Schreurserve,,,
6159,Club Deportivo Cuenca Juniors,,1850.0,Estadio Alejandro Serrano Aguilar,Cuenca,21997.0,
6160,Caspiy Football Club,,3305.0,Zhas Kanat,Aktau,5000.0,
6161,"Gil Vicente FC, Women",,1221.0,Estadio Cidade de Barcelos,Barcelos,12504.0,
6162,Sporting Kansas City II,,8236.0,Swope Soccer Village,Kansas,,
6163,Ventura County FC,,3143.0,William Rolland Stadium,Thousand Oaks,,
6164,Sønderjyske Fodbold U19,,8237.0,Haderslev Atletikstadion,Haderslev,,
6165,FC Nordsjaelland U19,,2956.0,Farum Park,Farum,10100.0,
6166,Brøndby IF U19,,7062.0,1964 Park,,,
6167,Esbjerg fB U19,,8238.0,TESS Arena Esbjerg - kunstgræsbane 5,Esbjerg,,
6168,Shandong Scout Football Club,,8239.0,Football Pitch of Baoji Vocational and Technical College,Baoji,,
6169,Beijing Smart Starry Sky,,8239.0,Football Pitch of Baoji Vocational and Technical College,Baoji,,
6171,Odense BK U17,,8096.0,OB Ådalen,Odense,,
6172,Silkeborg IF U17,,1145.0,Jysk Park,Silkeborg,10000.0,
6170,FC Copenhagen U17,,8242.0,Nummer 10 (Pitch 2 / Bane 2),"Frederiksberg, Copenhagen",,
6173,Sønderjyske Fodbold U17,,8237.0,Haderslev Atletikstadion,Haderslev,,
6174,Vejle Boldklub U17,,8093.0,VB Parken,Vejle,,
6175,FC Nordsjaelland U17,,2956.0,Farum Park,Farum,10100.0,
6176,Aalborg BK U17,,2935.0,AaB's Anlæg,Aalborg,1000.0,
6177,Midtjylland U17,,2086.0,Ikast Stadion,Ikast,,
6178,Brondby IF U17,,2725.0,Brøndby IF's anlæg,Brøndby,3000.0,
6179,Randers FC U17,,8097.0,Randers Stadion Kunstgræsbane,Randers,,
6180,Esbjerg FB U17,,8238.0,TESS Arena Esbjerg - kunstgræsbane 5,Esbjerg,,
6181,Lyngby Boldklub Under 17,,1148.0,Lyngby Stadium,Lyngby,10000.0,
6182,Xinjiang Spartan Dongqiuge,,8245.0,Baoji City Stadium,Baoji,,
6183,Shaanxi United Soaring,,8246.0,Shaanxi Province Stadium,Xi'an,,
6184,Beijing Life and Football,,8247.0,Fengtai Youth Sports Center,Fengtai,,
6185,Jinan Quansheng United,,1133.0,Jinan Olympic Sports Center,Jinan,56808.0,
1602,Alianza Valledupar,,1314.0,Estadio Daniel Villa Zapata,Barrancabermeja,10400.0,
6186,Aarhus GF U17,,8094.0,AGF's anlæg - Fredensvang,Aarhus,,
6187,AC Horsens U17,,8095.0,Jydsk Miljø Rengøring - Kunst Arena,Horsens,,
6188,Sloven Ruma,,8252.0,Stadion u Borkovačkoj dolini,Ruma,,
6189,Macva Sabac,,8253.0,Stadion FK Mačva,Šabac,,
6190,Graficar Belgrad,,6227.0,Rajko Mitić - Jug veštačka trava 4,,,
6191,Radnički Sremska Mitrovica,,1894.0,Gradski Stadion Surdulica,Surdulica,3312.0,
6192,FK Trayal Kruševac,,1898.0,Stadion Mladost,Kruševac,10331.0,
6193,Fudbalski klub Zemun,,8254.0,Zemun Stadium,Zemun,,
6194,FK Smederevo 1924,,8255.0,Stadion kraj Stare železare,Smederevo,,
6195,Inđija Toyo Tires,,8256.0,TOYO Tires Arena,Inđija,,
6196,FC Nomme United,,8257.0,Männiku Stadium,Tallinn,,
6197,FK Jedinstvo Bijelo Polje,,8258.0,Gradski stadion,Bijelo Polje,,
6198,Omladinski fudbalski klub Vršac,,8259.0,Gradski stadion Vršac,Vršac,,
6199,Dubočica Leskovac,,3050.0,GFK Dubočica,Leskovac,8136.0,
6200,FK Borac 1926 Cacak,,2671.0,Stadion kraj Moravice,Ivanjica,3000.0,
6202,Dacia Buiucani,,8263.0,Joma Arena,Buiucani,,
6203,CSF Spartanii Selemet,,8264.0,Nisporeni Central Stadium,Selemet,,
6204,FC Floreşti,,7244.0,Stadionul Dinamo,,,
6205,Madura United FC,,8267.0,Stadion Gelora Madura Ratu Pamelingan,Madura,,
5243,Persib Bandung,,7121.0,Sijalak Harupat,Kutawaringin,27000.0,
6206,Persijap Jepara,,8268.0,Stadion Gelora Bumi Kartini,Jepara,,
6207,Persebaya Surabaya,,3022.0,Stade Gelora-Bung-Tomo,Surabaya,80000.0,
6208,Persik Kediri,,8269.0,Brawijaya Stadium,Kediri,,
6209,Dewa United FC,,8270.0,Banten International Stadium (BIS),Banten,,
6210,Arema FC,,8271.0,Stadion Kanjuruhan,Malang,,
6211,PSIM Yogyakarta,,2684.0,Stadion Maguwoharjo,Yogyakarta,50000.0,
6212,PSM Makassar,,7793.0,Gelora B.J. Habibie Stadium,Parepare,8500.0,
6213,Malut United FC,,8272.0,Gelora Kie Raha Stadium,Malut,,
6214,PSBS Biak Numfor,,8273.0,Stadion Cendrawasih,Biak,,
6215,Semen Padang,,8274.0,Gelora Haji Agus Salim Stadium,Padang,,
6216,Bhayangkara Presisi Lampung FC,,8275.0,Sumpah Pemuda Stadium,Lampung,,
6217,Persis Solo,,3021.0,Stadion Manahan,Surakarta,20000.0,
6218,Persita Tangerang,,8278.0,Indomilk Arena Stadium,Tangerang,,
6219,Persija Jakarta,,2768.0,Stadion Utama Gelora Bung Karno,Jakarta,77193.0,
6220,Borneo FC Samarinda,,8279.0,Stadion Segiri,Samarinda,,
6221,Kidderminster Harriers Football Club,,2081.0,Aggborough,Kidderminster,,
5399,Macclesfield Football Club,,7479.0,Moss Rose,Macclesfield,5911.0,
6223,Southport Football Club,,2443.0,Haig Avenue,Blowick,6000.0,
6224,Scarborough Athletic Football Club,,8280.0,Flamingo Land Stadium,Scarborough,,
6225,Alfreton Town Football Club,,7389.0,Impact Arena Stadium,Alfreton Town,,
6226,Radcliffe Football Club,,8281.0,Neuven Stadium,Radcliffe,,
6227,Bedford Town Football Club,,8282.0,The Eyrie Stadium,Cardington,,
6228,Hornchurch Football Club,,8283.0,Hornchurch Stadium,Upminster,,
6229,Worthing Football Club,,8284.0,Crucial Environmental Stadium,Worthing,,
6230,Bath City Football Club,,3637.0,Twerton Park,Twerton,,
6231,Chippenham Town Football Club,,8285.0,Hardenhuish Park,Chippenham,,
6232,Eastbourne Borough Football Club,,8286.0,Priory Lane,Langney,,
6233,China PR Under 20,,7349.0,Baoan Stadium,,,
6235,Yemen U20,,1784.0,Al Thawra Sports City,San’a,30000.0,
6236,Jordan U20,,1608.0,Amman International Stadium,Amman,25000.0,
6237,Iran U20,,1796.0,Azadi Stadium,Teheran,80000.0,
6238,North Korea U20,,1615.0,1st of May Stadium,Pyongyang,150000.0,
6239,Kyrgyz Republic U20,,1786.0,Dolen Omurzakov Stadium,Bishkek,23000.0,
6240,Thailand U20,,439.0,Rajamangala National Stadium,Bangkok,49722.0,
558,Connah's Quay Nomads FC,,8295.0,Essity Stadium,Flint,,
6241,Colwyn Bay Football Club,,8297.0,Llanelian Road,Old Colwyn,,
6242,Briton Ferry Llansawel A.F.C.,,8298.0,Old Road Welfare Ground,Briton Ferry,,
6243,Flint Town United F.C.,,8295.0,Essity Stadium,Flint,,
6244,Cardiff Met Football Club,,8299.0,Cyncoed Campus Stadium,Cardiff,,
6245,Llanelli Town Association Football Club,,8300.0,Stebonheath Park,Llanelli,,
6234,Indonesia U20,,6483.0,Gelora Bung Karno Stadium,,,
3396,Indonesia U17,,2768.0,Stadion Utama Gelora Bung Karno,Jakarta,77193.0,
5302,"Genoa, Women",,3751.0,Stadio La Sciorba,Genoa,,
4558,Dalian Yingbo Football Club,,5622.0,Dalian Suoyuwan Football Stadium,Dalian,63.0,
1438,Shanghai Port Football Club,,1137.0,Shanghai Stadium,Shanghai,56842.0,
1436,Henan Football Club,,1135.0,Zhengzhou Hanghai Stadium,Zhengzhou,29860.0,
1431,Tianjin Jinmen Tiger Football Club,,574.0,Tianjin Olympic Center Stadium,Tianjin,60000.0,
6246,Guangxi Hengchen,,8341.0,Qinzhou Sports Center Stadium,Qinzhou,,
6247,Wuxi Wugo FC,,8343.0,Wuxi Sport Center Stadium,Wuxi,,
6248,Suzhou Dongwu,,1421.0,Suzhou Olympic Sports Centre Stadium,Suzhou,,
6249,Montenegro U17,,379.0,Podgorica City Stadium,Podgorica,17000.0,
6250,Estonia U17,,371.0,Kadriorg Stadium,Tallinn,5000.0,
6251,Wales U19,,484.0,Liberty Stadium,Swansea,20827.0,
6252,Croatia U19,,112.0,Kaliningrad Stadium,Kaliningrad,35016.0,
6253,FC Atert Bissen,,8356.0,Terrain ZAC Klengbousbierg,Bissen,1500.0,
6254,Malaysia U17,,3019.0,Jakarta International Stadium,Jakarta,82000.0,
6255,Ninh Bình Football Club,,8361.0,Ninh Bình Stadium,Ninh Bình,,
4335,Becamex Ho Chi Minh City FC,,3995.0,Go Dau Stadium,Thu Dau Mot,18250.0,
5195,Cong An Ho Chi Minh City FC,,2079.0,Thong Nhat Stadium,Hô Chi Minh-Ville,15000.0,
6256,PVF-Cong An Nhan Dan Football Club,,8362.0,PVF Youth Football Training Center,Hưng Yên,,
6257,FK Dunav Ruse,,8363.0,Stade Municipal,Roussé,,
6259,SC Kriens,,8365.0,Kleinfeld,Kriens,,
6260,Bukovyna Tchernivtsi,,8366.0,Stade Bukovyna,Tchernivtsi,,
6261,Sardarapat Football Club,,6658.0,Armavir Stadium,Armavir,,
6262,FC Syunik,,413.0,Gandzasar Stadium,Kapan,3500.0,
6263,NK Čelik Zenic,,625.0,Bilino polje,Zenica,15600.0,
6264,SK Kladno,,8370.0,Frantiska Kloze,Kladno,10000.0,
6265,FK Arsenal Česká Lípa,,8371.0,Městský stadion u Ploučnice,Česká Lípa,5000.0,
6266,Phnom Penh Crown FC,,8373.0,Smart RSN Stadium,Phnom Penh,,
6268,El Qanah Football Club,,3873.0,Suez Stadium ,Suez,27000.0,
6269,Assiout Petroleum Sporting Club,,8375.0,Stade de l'université d'Assiout,Assiout,16000.0,
6270,Abou Qir Fertilizers SC,,583.0,Alexandria Stadium,Alexandria,20000.0,
6271,Nagaworld Football Club,,8377.0,Kampong Speu Stadium,Chbar Mon,,
6272,Preah Khan Reach Svay Rieng FC,,8378.0,Svay Rieng Stadium,Krong Svay Rieng,,
6273,Brentford U18,,7332.0,Wheatsheaf Park,Staines,3000.0,
6281,Boeung Ket Football Club,,8373.0,Smart RSN Stadium,Phnom Penh,,
6282,Angkor Tiger Football Club,,8379.0,Akihiro Kato Stadium,"Krâbei Riel, Siem Reap",,
6283,MOI Kompong Dewa FC,,8381.0,Visakha Stadium,Phnom Penh,,
6284,NK Brinje Grosuplje,,8393.0,Športni park Brinje,Brinje,,
6286,Varesina Calcio,,,,,,
6287,AC Leon,,,,,,
6288,USD Scanzorosciate,,8398.0,Comunale di Scanzorosciate,Scanzorosciate,,
6289,SSD Real Calepina FC 2020,,,,,,
6290,Pavia Calcio 1911,,8083.0,Stadio Pietro Fortunati,Pavia,,
6291,Club Milano,,8399.0,Gianni Brera,Pero,,
6292,Casatese Merate,,,,,,
6293,Villa Valle,,,,,,
6294,Virtus Ciserano Bergamo 1909,,,,,,
6295,Calcio Brusaporto,,8400.0,Centro Sportivo Comunale,Brusaporto,,
6296,Tritium Calcio 1908,,8401.0,"Comunale ""La Rocca""",Trezzo sull Adda,,
6297,Oltrepò FBC,,,,,,
6298,GS Arconatese,,,,,,
6299,Calcio Pavonese,,,,,,
6300,Eimsbütteler TV,,7750.0,ETV-Sportzentrum Hoheluft,Eimsbüttel,1100.0,
6301,SV Tasmania Berlin,,8402.0,Sportpark Neukölln,Berlin,,
6302,Westfalia Rhynern,,8403.0,Sportplatz Papenloh,Hamm,,
6303,SG Wattenscheid 09,,8404.0,Lohrheide-Stadion,Bochum,,
6304,SV Bergisch Gladbach 09,,8405.0,Belkaw-Arena,Bergisch Gladbach,,
6305,VfB 03 Hilden,,8406.0,Bezirkssportanlage Am Bandsbusch,Hilden,,
6306,1. FC Kaiserslautern II,,7143.0, Sportpark Rote Teufel 105x68,Mehlingen,,
6307,VfR Mannheim,,8407.0,Rhein-Neckar-Stadion,Mannheim,,
6308,SC Eltersdorf,,8408.0,Sportanlage Langenau,Eltersdorf,,
6309,TSV Landsberg,,8409.0,TSV-Stadion,Landsberg am Lech,,
6310,Budapest Honvéd FC,,6304.0,Bozsik Aréna,Budapest,8200.0,
6311,Como U20,,8411.0,Centro Sportivo Comunale Angelo Volontè,Como,1000.0,
6312,AlbinoLeffe U20,,8412.0,CS Giacinto Facchetti,Milan,,
6313,Al-Saqer FC,,2921.0,Al-Bukiryah Club Stadium,Al Bukayriyah,3000.0,
6314,Al Jeel,,2842.0,Prince Abdullah Bin Jalawi Stadium,Al Hasa,19550.0,
6315,Wydad de Témara,,8413.0,Stade Yacoub-El-Mansour,Témara,,
6316,Amal Tiznit,,8414.0,Stade El Massira,Tiznit,,
6317,Kruger United,,8415.0,KaNyamazane Stadium,Bushbuckridge,,
6318,Milford FC,,2223.0,Richards Bay Sports Stadium,Richards Bay,,
6319,Mardin 1969 Spor,,8416.0,Mardin 21 Kasım Şehir Stadyumu,Mardin,,
6320,"Yverdon Sport, Women",,8417.0,Stade Municipal,Yverdon les bains,,
6321,Vision Football Club,,8419.0,Nii Adjei Kraku II Sports Complex,Tema,,
5885,Bibiani Gold Stars FC,,7847.0,Dun's Park,Bibiani,7000.0,
6322,Nations Football Club,,8420.0,Dr. Kwame Kyei Sports Complex,Abrankese,,
6323,Young Apostles Football Club,,8421.0,Wenchi Sports Stadium,Bono,,
6324,Bechem United Football Club,,8422.0,Nana Gyeabour's Park,Bechem,,
6325,Techiman Eleven Wonders FC,,8423.0,Ohene Ameyaw Park,Techiman,,
6326,Dreams Football Club,,8424.0,Dawu Sports Stadium,Dawu,,
6267,Akademisk Boldklub,,8374.0,Gladsaxe Idraetspark,Gladsaxe,13507.0,
6258,Unia Skierniewice,,8364.0,Municipal Stadium,Skierniewice,,
6327,Hohoe United Football Club,,8425.0,Hohoe Sports Stadium,Hohoe,,
6328,Football Club Samartex 1996,,8426.0,Samartex Park,Samreboi,,
6329,Aduana Football Club,,8427.0,Nana Agyemang Badu I Park,Dormaa Ahenkro,,
6330,Karela United FC,,8428.0,Crosby Awuah Memorial Park Aiyinase,Aiyinase,,
6331,Swedru All Blacks United Football Club,,8429.0,Swedru Sports Stadium,Swedru,,
6332,"Prague Raptors FC, Women",,8436.0,Na Radosti 242,Prague,,
6333,"F.C. København, Women",,7826.0,Vanløse Idrætspark,Copenhagen,5000.0,
6334,"Como 1907, Women",,1574.0,Stadio Giuseppe Sinigaglia,Como,13602.0,
6335,"De Graafschap, Women",,244.0,de Vijverberg,Doetinchem,12600.0,
6336,"Fotbalový klub Třinec, a.s",,8442.0,Stadion Rudolfa Labaje,Třinec,,
3342,MFK Dukla Banská Bystrica,,2142.0,Stadion Stiavnicky,Banska Bystrica,,
6337,Football Club de Metz U19,,8470.0,Plaine de Jeux Saint-Symphorien 2,Metz,,
5060,SK Artis Brno,,6786.0,Městský fotbalový stadion Srbská,Brno,12550.0,
