competition_edition,league,player_id,player_name,player_short_name,player_birthdate,minutes,minutes_tip,minutes_otip,performance_count,performance_included_count,performance_failed_count,onballengagement_count_total,onballengagement_count,onballengagement_count_directregain,onballengagement_pct_directregain,onballengagement_count_indirectregain,onballengagement_pct_indirectregain,onballengagement_count_directdisruption,onballengagement_pct_directdisruption,onballengagement_count_indirectdisruption,onballengagement_pct_indirectdisruption,onballengagement_count_abovehsr,onballengagement_count_forcedbackward,onballengagement_pct_forcedbackward,onballengagement_count_beatenbymovement,onballengagement_pct_beatenbymovement,onballengagement_count_beatenbypossession,onballengagement_pct_beatenbypossession,onballengagement_count_pressingchain,onballengagement_count_consecutive,onballengagement_count_forwardtrajectory,onballengagement_count_dangeroussituation,onballengagement_count_dangeroussituation_dangermitigated,onballengagement_pct_dangermitigated,onballengagement_count_linebreakaffected,onballengagement_pct_linebreakaffected
1212,2. Bundesliga (DE),670,Amin Younes,A. Younes,1993-08-06,48.7,12.16,12.12,5,5,0,108.0,21.6,0.4,1.85,3.4,15.74,0.2,0.93,1.4,6.48,3.8,1.4,6.48,0.0,0.0,0.0,0.0,8.8,2.2,8.4,0.8,0.2,0.76,1.4,6.48
1212,2. Bundesliga (DE),1442,Branimir Hrgota,B. Hrgota,1993-01-12,93.61,22.77,25.51,31,29,2,1575.0,54.31,1.55,2.86,6.97,12.83,0.38,0.7,2.1,3.87,8.03,4.34,8.0,0.17,0.32,0.34,0.63,21.1,9.21,16.97,10.28,1.0,2.99,5.55,10.22
1212,2. Bundesliga (DE),1697,Cédric Itten,C. Itten,1996-12-27,96.2,26.19,26.72,30,29,1,1084.0,37.38,0.45,1.2,4.59,12.27,0.03,0.09,1.34,3.6,6.03,2.14,5.72,0.03,0.09,0.17,0.46,17.28,4.03,10.9,3.03,0.34,1.73,2.66,7.1
1212,2. Bundesliga (DE),1841,Christian Mathenia,C. Mathenia,1992-03-31,98.36,22.92,26.12,1,1,0,0.0,0.0,0.0,,0.0,,0.0,,0.0,,0.0,0.0,,0.0,,0.0,,0.0,0.0,0.0,0.0,0.0,,0.0,
1212,2. Bundesliga (DE),2290,Danilo Teodoro Soares,Danilo Soares,1991-10-29,74.97,18.88,20.38,3,3,0,70.0,23.33,0.33,1.43,3.0,12.86,0.67,2.86,2.0,8.57,5.0,1.33,5.71,0.0,0.0,0.67,2.86,11.0,2.33,10.67,6.0,1.33,5.65,2.33,10.0
1212,2. Bundesliga (DE),2454,David Kinsombi,D. Kinsombi,1995-12-12,7.2,1.01,1.93,3,3,0,17.0,5.67,0.0,0.0,0.33,5.88,0.0,0.0,0.0,0.0,0.33,0.33,5.88,0.0,0.0,0.33,5.88,1.33,1.33,0.67,3.67,0.0,0.0,0.67,11.76
1212,2. Bundesliga (DE),2553,Dawid Kownacki,D. Kownacki,1997-03-14,55.69,14.89,14.42,21,21,0,543.0,25.86,0.24,0.92,3.57,13.81,0.1,0.37,1.19,4.6,7.1,1.24,4.79,0.1,0.37,0.05,0.18,14.0,4.14,8.86,1.81,0.1,0.65,3.67,14.18
1212,2. Bundesliga (DE),2938,Edin Džeko,E. Džeko,1986-03-17,59.56,15.37,13.95,11,11,0,219.0,19.91,0.09,0.46,4.18,21.01,0.0,0.0,1.27,6.39,2.73,1.55,7.76,0.0,0.0,0.27,1.37,9.09,1.91,8.64,1.27,0.09,0.93,1.18,5.94
1212,2. Bundesliga (DE),3235,Fabian Holland,F. Holland,1990-07-11,35.83,9.08,10.07,21,20,1,220.0,11.0,0.35,3.18,2.25,20.45,0.2,1.82,0.55,5.0,1.4,0.25,2.27,0.25,2.27,0.65,5.91,1.7,1.35,3.7,5.3,0.75,8.54,0.3,2.73
1212,2. Bundesliga (DE),3372,Felix Klaus,F. Klaus,1992-09-13,95.1,22.71,25.76,25,23,2,1146.0,49.83,1.35,2.71,5.91,11.87,0.26,0.52,1.65,3.32,5.96,4.17,8.38,0.13,0.26,0.52,1.05,18.3,8.13,16.48,8.7,1.0,3.03,5.3,10.65
1212,2. Bundesliga (DE),3375,Felix Passlack,F. Passlack,1998-05-29,36.9,7.67,10.8,15,15,0,216.0,14.4,0.33,2.31,1.67,11.57,0.2,1.39,0.87,6.02,1.8,0.93,6.48,0.2,1.39,0.47,3.24,4.13,1.8,4.93,3.73,0.8,7.99,0.8,5.55
1212,2. Bundesliga (DE),4168,Håvard Kallevik Nielsen,H. Nielsen,1993-07-15,14.61,3.5,3.74,10,10,0,66.0,6.6,0.0,0.0,0.5,7.58,0.0,0.0,0.2,3.03,0.6,0.2,3.03,0.0,0.0,0.0,0.0,2.6,1.2,1.6,1.4,0.1,3.95,0.6,9.09
1212,2. Bundesliga (DE),4864,Jean-Paul Boëtius,J. Boëtius,1994-03-22,39.5,9.19,11.35,4,4,0,92.0,23.0,0.0,0.0,2.75,11.96,0.0,0.0,1.5,6.52,5.25,1.5,6.52,0.25,1.09,0.5,2.17,6.25,3.0,6.25,9.75,0.75,3.33,2.0,8.69
1212,2. Bundesliga (DE),5168,John Anthony Brooks,J. Brooks,1993-01-28,8.06,1.3,2.33,1,1,0,2.0,2.0,0.0,0.0,0.0,0.0,0.0,0.0,0.0,0.0,0.0,0.0,0.0,0.0,0.0,0.0,0.0,0.0,0.0,0.0,2.0,1.0,50.0,0.0,0.0
1212,2. Bundesliga (DE),5375,Jorrit Hendrix,J. Hendrix,1995-02-06,94.83,24.41,24.19,31,30,1,1409.0,46.97,1.1,2.34,7.93,16.89,0.57,1.21,1.77,3.76,7.1,2.63,5.61,0.27,0.57,0.73,1.56,13.57,8.8,13.27,12.0,1.13,2.6,3.3,7.03
1212,2. Bundesliga (DE),5573,Julian Green,J. Green,1995-06-06,54.08,13.22,13.71,21,19,2,478.0,25.16,0.95,3.77,2.74,10.88,0.21,0.84,1.05,4.18,2.32,2.26,9.0,0.16,0.63,0.32,1.26,7.74,3.26,8.63,6.05,0.58,3.91,3.32,13.18
1212,2. Bundesliga (DE),5775,Kenan Karaman,K. Karaman,1994-03-05,94.27,21.76,24.01,31,31,0,1466.0,47.29,0.58,1.23,7.52,15.89,0.29,0.61,1.84,3.89,7.39,3.55,7.5,0.0,0.0,0.19,0.41,23.39,7.84,16.87,3.71,0.29,0.84,5.39,11.39
1212,2. Bundesliga (DE),5880,Kevin Vogt,K. Vogt,1991-09-23,67.75,17.16,16.72,9,9,0,91.0,10.11,0.44,4.4,2.11,20.88,0.44,4.4,0.33,3.3,1.78,0.0,0.0,0.22,2.2,0.56,5.49,1.44,0.56,1.33,6.22,1.67,18.69,0.0,0.0
1212,2. Bundesliga (DE),6298,Loris Karius,L. Karius,1993-06-22,101.11,22.43,26.71,29,29,0,0.0,0.0,0.0,,0.0,,0.0,,0.0,,0.0,0.0,,0.0,,0.0,,0.0,0.0,0.0,0.0,0.0,,0.0,
1212,2. Bundesliga (DE),6915,Marius Gersbeck,M. Gersbeck,1995-06-20,99.13,29.31,17.42,1,1,0,0.0,0.0,0.0,,0.0,,0.0,,0.0,,0.0,0.0,,0.0,,0.0,,0.0,0.0,0.0,0.0,0.0,,0.0,
1212,2. Bundesliga (DE),7086,Marvin Marcel  Schulz,M. Schulz,1995-01-15,57.59,14.87,14.59,24,23,1,836.0,36.35,0.96,2.63,4.78,13.16,0.26,0.72,1.3,3.59,6.13,2.17,5.98,0.09,0.24,0.35,0.96,13.52,6.7,10.91,7.09,0.83,2.5,2.57,7.06
1212,2. Bundesliga (DE),7268,Matthias Zimmermann,M. Zimmermann,1992-06-16,54.22,14.48,15.13,23,22,1,415.0,18.86,0.73,3.85,3.18,16.87,0.14,0.72,0.68,3.61,2.36,1.18,6.26,0.32,1.69,0.45,2.41,6.32,2.82,7.18,5.41,0.82,5.42,0.59,3.13
1212,2. Bundesliga (DE),8108,Noah Joel Sarenren Bazee,N. Sarenren Bazee,1996-08-21,44.4,10.87,11.6,25,25,0,530.0,21.2,0.32,1.51,2.4,11.32,0.16,0.75,0.8,3.77,4.2,1.84,8.68,0.04,0.19,0.08,0.38,8.84,4.64,6.48,2.16,0.04,0.59,2.12,10.0
1212,2. Bundesliga (DE),8484,Paul Seguin,P. Seguin,1995-03-29,95.27,25.64,24.88,25,25,0,902.0,36.08,1.12,3.1,5.84,16.19,0.32,0.89,1.08,2.99,3.48,1.92,5.32,0.28,0.78,0.88,2.44,8.24,5.4,7.92,13.08,1.44,4.51,2.92,8.09
1212,2. Bundesliga (DE),9159,Robin Knoche,R. Knoche,1992-05-22,70.61,17.13,17.25,23,23,0,208.0,9.04,0.35,3.85,2.13,23.56,0.22,2.4,0.26,2.88,1.48,0.26,2.89,0.3,3.36,0.39,4.33,1.78,1.17,1.83,5.3,1.22,12.74,0.17,1.92
1212,2. Bundesliga (DE),9648,Sebastian Jung,S. Jung,1990-06-22,81.18,21.16,24.3,28,28,0,655.0,23.39,0.79,3.36,3.29,14.05,0.57,2.44,0.79,3.36,2.54,1.79,7.63,0.29,1.22,1.0,4.27,6.32,2.82,9.36,8.14,1.07,5.98,1.71,7.33
1212,2. Bundesliga (DE),9664,Sebastian Polter,S. Polter,1991-04-01,22.88,5.06,5.7,10,10,0,106.0,10.6,0.0,0.0,0.8,7.55,0.0,0.0,0.1,0.94,2.6,0.8,7.55,0.0,0.0,0.0,0.0,6.9,1.7,5.9,0.5,0.0,0.0,0.9,8.49
1212,2. Bundesliga (DE),9979,Stefan Kutschke,S. Kutschke,1988-11-03,23.15,5.72,5.15,23,23,0,194.0,8.43,0.04,0.52,1.04,12.37,0.04,0.52,0.52,6.18,2.35,0.35,4.12,0.0,0.0,0.13,1.55,3.26,0.83,2.65,1.52,0.09,2.81,0.74,8.76
1212,2. Bundesliga (DE),10384,Timo Horn,T. Horn,1993-05-12,100.36,23.14,28.75,33,32,1,0.0,0.0,0.0,,0.0,,0.0,,0.0,,0.0,0.0,,0.0,,0.0,,0.0,0.0,0.0,0.0,0.0,,0.0,
1212,2. Bundesliga (DE),10725,Vincent Vermeij,V. Vermeij,1994-08-09,74.57,20.27,19.72,23,23,0,1095.0,47.61,0.48,1.0,5.13,10.78,0.09,0.18,1.22,2.56,7.87,2.83,5.94,0.09,0.18,0.35,0.73,25.91,8.7,13.91,3.3,0.3,0.88,4.74,9.95
1212,2. Bundesliga (DE),11558,Deyovaisio Zeefuik,D. Zeefuik,1998-03-11,71.28,18.93,18.94,23,23,0,516.0,22.43,1.17,5.23,3.52,15.7,0.39,1.74,1.35,6.01,5.52,1.04,4.65,0.48,2.13,0.48,2.13,5.3,3.04,7.39,8.61,1.91,9.21,1.17,5.23
1212,2. Bundesliga (DE),11750,Diego Demme,D. Demme,1991-11-21,47.87,13.98,11.68,13,13,0,345.0,26.54,0.85,3.19,4.69,17.68,0.08,0.29,1.23,4.64,2.0,1.92,7.25,0.08,0.29,0.62,2.32,6.54,4.85,6.31,8.0,0.62,2.97,2.08,7.83
1212,2. Bundesliga (DE),12202,Moussa Sylla,M. Sylla,1999-11-25,80.46,17.57,21.19,29,29,0,1190.0,41.03,0.17,0.42,5.03,12.27,0.07,0.17,1.76,4.29,8.59,2.59,6.3,0.0,0.0,0.07,0.17,24.14,4.62,17.34,2.66,0.14,0.4,4.1,10.0
1212,2. Bundesliga (DE),12227,Ibrahima Sissoko,I. Sissoko,1997-10-27,62.23,14.66,14.15,6,5,1,107.0,21.4,1.8,8.41,4.8,22.43,0.0,0.0,0.4,1.87,2.4,1.4,6.54,0.2,0.93,0.6,2.8,5.4,4.0,4.6,5.2,0.8,4.6,1.8,8.41
1212,2. Bundesliga (DE),12658,Steven Skrzybski,S. Skrzybski,1992-11-18,65.88,17.93,16.76,20,19,1,717.0,37.74,0.74,1.95,5.37,14.22,0.26,0.7,1.79,4.74,7.68,3.47,9.21,0.05,0.14,0.32,0.84,14.16,6.84,14.42,5.05,0.84,4.1,2.84,7.53
1212,2. Bundesliga (DE),12748,Dženis Burnić,D. Burnić,1998-05-22,71.2,18.39,20.59,31,31,0,1021.0,32.94,0.9,2.74,4.13,12.54,0.19,0.59,1.0,3.04,4.35,2.71,8.23,0.16,0.49,0.68,2.06,9.1,4.71,8.94,10.81,1.39,5.26,3.13,9.5
1212,2. Bundesliga (DE),12791,Paul Will,P. Will,1999-03-01,82.39,19.76,21.85,20,19,1,813.0,42.79,1.26,2.95,6.16,14.39,0.26,0.61,1.95,4.55,4.47,2.79,6.52,0.37,0.86,1.0,2.34,11.21,9.79,10.53,17.0,2.21,5.61,4.32,10.09
1212,2. Bundesliga (DE),12921,Mahir Madatov Emreli,M. Emreli,1997-07-01,36.72,9.03,9.26,12,12,0,183.0,15.25,0.5,3.28,2.17,14.21,0.0,0.0,0.42,2.73,3.25,0.75,4.92,0.0,0.0,0.17,1.09,5.5,2.25,4.75,2.08,0.25,2.17,1.17,7.65
1212,2. Bundesliga (DE),13029,Jón Dagur Thorsteinsson,J. Thorsteinsson,1998-11-26,50.83,12.42,13.46,10,10,0,296.0,29.6,0.2,0.68,2.9,9.8,0.0,0.0,0.4,1.35,3.9,2.5,8.45,0.0,0.0,0.0,0.0,11.0,5.5,10.3,3.6,0.3,0.97,3.3,11.15
1212,2. Bundesliga (DE),13303,Stefan Schwab,S. Schwab,1990-09-27,36.62,9.16,9.35,24,23,1,426.0,18.52,0.52,2.82,2.78,15.02,0.22,1.17,0.74,3.99,1.83,1.22,6.57,0.09,0.47,0.22,1.17,5.65,3.26,5.43,4.91,0.52,2.66,2.3,12.44
1212,2. Bundesliga (DE),13308,Dejan Ljubičić,D. Ljubičić,1997-10-08,84.01,22.05,20.51,15,15,0,795.0,53.0,1.47,2.77,8.2,15.47,0.13,0.25,1.93,3.65,16.0,2.87,5.41,0.13,0.25,0.33,0.63,26.73,11.07,18.07,5.87,0.67,2.14,6.27,11.82
1212,2. Bundesliga (DE),13482,Ron-Torben Hoffmann,R. Hoffmann,1999-04-04,101.6,23.62,28.2,32,32,0,0.0,0.0,0.0,,0.0,,0.0,,0.0,,0.0,0.0,,0.0,,0.0,,0.0,0.0,0.0,0.0,0.0,,0.0,
1212,2. Bundesliga (DE),13547,Oliver Olsen,O. Olsen,2000-08-13,76.19,17.92,21.59,14,14,0,326.0,23.29,0.71,3.07,3.93,16.87,0.57,2.45,1.14,4.91,3.57,1.5,6.44,0.21,0.92,0.5,2.15,5.93,3.21,7.93,7.64,1.64,7.38,1.0,4.3
1212,2. Bundesliga (DE),13608,Raphael Obermair,R. Obermair,1996-04-01,99.1,27.96,23.98,28,28,0,843.0,30.11,0.89,2.97,5.89,19.57,0.25,0.83,1.86,6.17,5.57,1.75,5.81,0.32,1.07,0.43,1.42,9.5,3.61,11.39,8.32,1.29,4.91,1.68,5.57
1212,2. Bundesliga (DE),13742,Raoul Petretta,R. Petretta,1997-03-24,54.23,15.72,11.25,10,10,0,143.0,14.3,0.7,4.89,1.9,13.29,0.2,1.4,0.7,4.89,1.5,0.3,2.1,0.2,1.4,0.7,4.9,2.6,2.3,3.9,5.2,0.4,5.15,0.3,2.1
1212,2. Bundesliga (DE),14132,Jacob Rasmussen,J. Rasmussen,1997-05-28,84.68,21.84,23.28,12,11,1,162.0,14.73,0.55,3.7,3.09,20.99,0.18,1.23,0.82,5.56,1.73,0.73,4.94,0.45,3.09,0.27,1.85,3.55,1.09,3.91,7.0,0.91,7.37,0.45,3.09
1212,2. Bundesliga (DE),14270,Tim Handwerker,T. Handwerker,1998-05-19,84.07,20.32,21.92,23,23,0,495.0,21.52,0.74,3.44,4.04,18.79,0.35,1.62,1.09,5.05,3.48,0.91,4.24,0.61,2.83,0.57,2.63,4.83,2.52,6.61,8.0,1.26,6.49,0.57,2.63
1212,2. Bundesliga (DE),14274,Pelle  Boevink,P. Boevink,1998-01-06,101.1,22.25,28.54,9,9,0,0.0,0.0,0.0,,0.0,,0.0,,0.0,,0.0,0.0,,0.0,,0.0,,0.0,0.0,0.0,0.0,0.0,,0.0,
1212,2. Bundesliga (DE),14381,Matúš Bero,M. Bero,1995-09-06,84.59,19.25,23.38,23,23,0,990.0,43.04,1.26,2.93,6.3,14.65,0.3,0.71,1.87,4.34,6.61,2.43,5.66,0.26,0.61,0.78,1.82,12.87,7.3,11.96,12.74,1.87,5.19,3.57,8.28
1212,2. Bundesliga (DE),14716,Silas Gnaka,S. Gnaka,1998-12-18,70.34,21.29,17.38,28,27,1,894.0,33.11,1.04,3.13,5.37,16.22,0.44,1.34,1.07,3.24,4.56,1.7,5.15,0.33,1.01,0.7,2.13,8.48,6.67,8.85,12.22,2.22,7.05,2.37,7.16
1212,2. Bundesliga (DE),14747,Aleksandar Vukotić,A. Vukotić,1995-07-22,60.96,15.69,16.28,29,28,1,245.0,8.75,0.46,5.31,1.68,19.18,0.11,1.22,0.36,4.08,1.36,0.04,0.41,0.21,2.45,0.29,3.27,1.11,0.93,2.07,5.93,1.18,14.08,0.11,1.22
1212,2. Bundesliga (DE),15183,Sotiris Alexandropoulos,S. Alexandropoulos,2001-11-26,48.33,12.62,13.73,20,19,1,438.0,23.05,0.95,4.11,3.95,17.12,0.11,0.46,0.63,2.74,4.11,1.0,4.34,0.32,1.37,0.47,2.05,6.32,3.74,5.05,8.16,1.58,7.87,2.16,9.36
1212,2. Bundesliga (DE),15719,Agustín Maximiliano Rogel Paita,Agustín Rogel,1997-10-17,4.86,0.57,0.94,1,1,0,2.0,2.0,0.0,0.0,1.0,50.0,0.0,0.0,0.0,0.0,1.0,0.0,0.0,0.0,0.0,0.0,0.0,1.0,0.0,0.0,2.0,0.0,0.0,0.0,0.0
1212,2. Bundesliga (DE),16291,Sam Schreck,S. Schreck,1999-01-29,45.52,11.31,11.0,11,11,0,201.0,18.27,0.45,2.49,4.45,24.38,0.27,1.49,0.73,3.98,3.0,0.64,3.48,0.09,0.5,0.91,4.98,3.45,2.09,4.55,7.0,0.91,8.19,1.09,5.97
1212,2. Bundesliga (DE),16325,Julian Krahl,J. Krahl,2000-01-22,100.67,24.08,28.01,32,30,2,0.0,0.0,0.0,,0.0,,0.0,,0.0,,0.0,0.0,,0.0,,0.0,,0.0,0.0,0.0,0.0,0.0,,0.0,
1212,2. Bundesliga (DE),16337,Nikola Katić,N. Katić,1996-10-10,98.21,20.96,25.92,25,25,0,429.0,17.16,1.28,7.46,3.92,22.84,0.2,1.17,0.88,5.13,3.84,0.24,1.4,0.52,3.03,0.76,4.43,3.28,1.6,3.16,9.12,1.88,12.43,0.32,1.86
1212,2. Bundesliga (DE),16847,Erhan Mašović,E. Mašović,1998-11-22,69.38,15.93,20.66,13,13,0,196.0,15.08,0.62,4.08,2.69,17.86,0.23,1.53,0.77,5.1,2.15,0.85,5.61,0.69,4.59,0.46,3.06,2.77,1.85,2.77,8.23,1.77,13.82,0.38,2.55
1212,2. Bundesliga (DE),17283,Naatan Skyttä,N. Skyttä,2002-05-07,80.23,19.66,21.92,32,29,3,1071.0,36.93,0.66,1.77,5.79,15.69,0.03,0.09,1.0,2.71,5.83,2.93,7.94,0.1,0.28,0.45,1.21,11.72,5.21,12.66,6.1,0.52,1.52,3.38,9.15
1212,2. Bundesliga (DE),17390,Virgil-Eugen Ghiţă,V. Ghiţă,1998-06-04,86.47,26.55,20.46,29,29,0,567.0,19.55,1.07,5.47,4.07,20.81,0.24,1.23,0.83,4.23,3.14,0.72,3.7,0.34,1.76,0.76,3.88,5.79,2.07,5.86,7.93,1.59,9.11,0.59,3.0
1212,2. Bundesliga (DE),17481,Elhan Kastrati,E. Kastrati,1997-02-02,103.31,21.74,30.77,2,2,0,0.0,0.0,0.0,,0.0,,0.0,,0.0,,0.0,0.0,,0.0,,0.0,,0.0,0.0,0.0,0.0,0.0,,0.0,
1212,2. Bundesliga (DE),18498,Ibrahim Sissoko,I. Sissoko,1995-11-27,28.63,7.68,5.49,5,5,0,49.0,9.8,0.4,4.08,1.8,18.37,0.0,0.0,0.0,0.0,3.0,1.0,10.2,0.0,0.0,0.0,0.0,5.4,1.8,3.4,0.8,0.0,0.0,0.8,8.16
1212,2. Bundesliga (DE),18586,Dennis Srbeny,D. Srbeny,1994-05-05,37.89,8.56,10.6,20,20,0,418.0,20.9,0.45,2.15,2.25,10.77,0.2,0.96,0.75,3.59,2.5,1.45,6.94,0.0,0.0,0.05,0.24,7.6,3.3,6.3,3.25,0.1,1.59,2.2,10.53
1212,2. Bundesliga (DE),18700,Toni Leistner,T. Leistner,1990-08-19,85.22,21.91,23.29,25,25,0,341.0,13.64,1.08,7.92,2.76,20.24,0.4,2.93,0.56,4.1,2.44,0.16,1.17,0.64,4.69,0.52,3.81,2.0,1.12,2.08,9.6,2.48,18.85,0.12,0.88
1212,2. Bundesliga (DE),18860,Jordy  de Wijs,J. de Wijs,1995-01-08,20.62,4.26,5.39,8,7,1,31.0,4.43,0.29,6.45,1.14,25.81,0.0,0.0,0.29,6.45,0.86,0.0,0.0,0.0,0.0,0.57,12.9,0.29,0.43,0.57,3.43,0.86,22.92,0.0,0.0
1212,2. Bundesliga (DE),19097,Josip Brekalo,J. Brekalo,1998-06-23,75.46,21.49,19.1,11,11,0,349.0,31.73,0.36,1.15,3.91,12.32,0.18,0.57,1.45,4.59,5.55,2.82,8.88,0.27,0.86,0.18,0.57,12.73,4.36,13.27,4.0,0.45,2.17,3.55,11.17
1212,2. Bundesliga (DE),19103,Gian-Luca Itter,L. Itter,1999-01-05,79.66,18.73,21.96,17,15,2,337.0,22.47,1.53,6.83,4.2,18.69,0.53,2.37,1.2,5.34,4.67,0.73,3.26,0.6,2.67,1.07,4.75,4.93,2.2,6.07,9.27,2.0,10.16,0.93,4.15
1212,2. Bundesliga (DE),19116,Marcel Sobottka,M. Sobottka,1994-04-25,23.3,5.21,7.04,2,2,0,28.0,14.0,1.5,10.72,3.5,25.0,0.0,0.0,0.5,3.57,2.5,0.5,3.57,0.0,0.0,0.0,0.0,5.0,2.5,1.0,5.0,0.0,0.0,2.0,14.28
1212,2. Bundesliga (DE),19127,Michaël Cuisance,M. Cuisance,1999-08-16,88.18,23.21,23.95,31,31,0,1709.0,55.13,1.0,1.81,7.03,12.76,0.29,0.53,1.84,3.33,7.9,4.23,7.66,0.13,0.23,0.71,1.29,19.65,10.52,16.55,10.55,1.26,2.79,6.35,11.53
1212,2. Bundesliga (DE),19161,Florent Muslija,F. Muslija,1998-07-06,92.28,25.25,25.62,28,27,1,1075.0,39.81,0.85,2.14,4.48,11.26,0.22,0.56,1.48,3.72,6.44,3.48,8.74,0.15,0.37,0.48,1.21,13.19,6.04,13.78,8.63,1.33,5.13,2.96,7.44
1212,2. Bundesliga (DE),19176,Gerrit Holtmann,G. Holtmann,1995-03-25,68.18,15.82,19.55,24,23,1,591.0,25.7,0.65,2.54,3.26,12.69,0.22,0.85,0.78,3.05,5.3,3.09,12.01,0.0,0.0,0.22,0.85,11.26,3.78,10.74,3.65,0.57,2.63,2.13,8.29
1212,2. Bundesliga (DE),19180,Marco Richter,M. Richter,1997-11-24,79.81,21.42,20.42,30,29,1,1168.0,40.28,1.17,2.91,5.03,12.5,0.48,1.2,1.34,3.34,5.93,2.59,6.42,0.0,0.0,0.52,1.28,14.41,6.79,13.52,7.62,0.79,2.68,3.45,8.56
1212,2. Bundesliga (DE),19183,Simon Asta,S. Asta,2001-01-25,54.12,13.78,14.95,15,15,0,314.0,20.93,0.53,2.55,2.87,13.69,0.2,0.96,0.73,3.5,4.0,2.2,10.51,0.07,0.32,0.67,3.18,7.13,3.67,8.53,4.6,0.6,3.03,1.2,5.73
1212,2. Bundesliga (DE),19184,Romario Rösch,R. Rösch,1999-07-01,49.75,11.94,12.22,5,5,0,95.0,19.0,0.4,2.11,1.6,8.42,0.2,1.05,1.2,6.32,3.4,2.2,11.58,0.6,3.16,0.2,1.05,5.2,4.6,6.0,5.2,1.0,5.91,0.8,4.21
1212,2. Bundesliga (DE),19226,Daniel Mesenhöler,D. Mesenhöler,1995-07-24,96.02,31.31,28.05,1,1,0,0.0,0.0,0.0,,0.0,,0.0,,0.0,,0.0,0.0,,0.0,,0.0,,0.0,0.0,0.0,0.0,0.0,,0.0,
1212,2. Bundesliga (DE),19230,Philipp Ziereis,P. Ziereis,1993-03-14,91.25,20.73,25.71,29,28,1,491.0,17.54,0.54,3.05,4.25,24.24,0.14,0.81,0.82,4.68,2.11,0.36,2.04,1.14,6.52,0.57,3.26,2.93,1.82,3.93,10.29,2.61,15.03,0.29,1.63
1212,2. Bundesliga (DE),19232,Jeremy  Dudziak,J. Dudziak,1995-08-28,38.64,11.79,8.53,10,10,0,203.0,20.3,0.6,2.95,2.3,11.33,0.0,0.0,0.6,2.96,3.0,2.2,10.84,0.0,0.0,0.1,0.49,7.4,3.7,5.7,2.2,0.3,7.9,2.4,11.82
1212,2. Bundesliga (DE),19241,Robin Himmelmann,R. Himmelmann,1989-02-05,103.92,28.53,27.73,1,1,0,0.0,0.0,0.0,,0.0,,0.0,,0.0,,0.0,0.0,,0.0,,0.0,,0.0,0.0,0.0,0.0,0.0,,0.0,
1212,2. Bundesliga (DE),19250,Maximilian Wittek,M. Wittek,1995-08-21,91.99,21.26,25.55,28,27,1,699.0,25.89,1.07,4.15,4.78,18.45,0.3,1.14,1.41,5.44,4.0,1.22,4.72,0.56,2.15,0.74,2.86,6.22,3.0,8.11,8.89,1.33,6.09,1.11,4.29
1212,2. Bundesliga (DE),19257,Fabian Reese,F. Reese,1997-11-29,93.15,24.75,24.98,33,33,0,1034.0,31.33,0.82,2.61,3.73,11.9,0.24,0.77,1.3,4.16,6.61,2.33,7.45,0.03,0.1,0.27,0.87,12.45,4.24,10.52,3.79,0.36,2.49,2.82,8.99
1212,2. Bundesliga (DE),19261,Paul Jaeckel,P. Jaeckel,1998-07-22,96.49,25.17,24.44,28,27,1,504.0,18.67,0.85,4.56,3.85,20.63,0.33,1.79,0.7,3.77,2.89,0.22,1.19,0.41,2.18,0.85,4.56,2.78,1.93,3.15,9.74,1.44,7.87,0.37,1.98
1212,2. Bundesliga (DE),19266,Maximilian Bauer,M. Bauer,2000-02-09,94.8,23.19,22.86,17,17,0,256.0,15.06,0.88,5.86,3.35,22.27,0.18,1.17,0.59,3.91,1.82,0.41,2.73,0.41,2.74,0.53,3.52,3.47,1.47,2.76,7.53,1.12,8.57,0.35,2.34
1212,2. Bundesliga (DE),19273,Jan Gyamerah,J. Gyamerah,1995-06-18,77.23,22.52,18.29,28,28,0,576.0,20.57,0.96,4.69,3.86,18.75,0.21,1.04,1.07,5.21,2.82,0.89,4.34,0.11,0.52,0.5,2.43,5.43,3.11,6.07,6.07,1.11,6.63,0.5,2.43
1212,2. Bundesliga (DE),19280,Tom Baack,T. Baack,1999-03-13,52.8,13.87,15.07,20,20,0,655.0,32.75,0.6,1.83,5.55,16.95,0.35,1.07,1.45,4.43,5.0,2.3,7.02,0.1,0.31,0.25,0.76,11.35,7.4,10.8,6.55,1.15,4.0,2.8,8.55
1212,2. Bundesliga (DE),19287,Joshua Mees,J. Mees,1996-04-15,64.74,17.3,16.75,16,16,0,518.0,32.38,0.56,1.74,3.81,11.78,0.19,0.58,1.19,3.67,4.5,2.75,8.49,0.06,0.19,0.25,0.77,13.31,3.94,9.94,3.88,0.56,2.47,3.31,10.23
1212,2. Bundesliga (DE),19290,Kenny Prince Redondo,K. Redondo,1994-08-29,40.68,10.03,11.62,14,13,1,287.0,22.08,0.62,2.79,3.69,16.72,0.08,0.35,0.92,4.18,5.69,1.69,7.67,0.38,1.74,0.69,3.14,8.23,4.69,6.62,6.54,1.0,5.32,1.38,6.27
1212,2. Bundesliga (DE),19294,Christopher Lenz,C. Lenz,1994-09-22,43.52,11.78,11.53,17,17,0,237.0,13.94,0.65,4.64,2.94,21.1,0.18,1.27,0.71,5.06,2.35,1.06,7.59,0.06,0.42,0.29,2.11,4.35,2.0,4.65,4.88,0.47,3.26,0.47,3.38
1212,2. Bundesliga (DE),19309,Matthias Bader,M. Bader,1997-06-17,24.01,5.46,6.59,11,10,1,97.0,9.7,0.7,7.22,1.3,13.4,0.1,1.03,0.3,3.09,1.1,0.4,4.12,0.1,1.03,0.1,1.03,1.2,1.6,3.2,3.2,1.0,12.61,0.3,3.09
1212,2. Bundesliga (DE),19310,Niklas Hauptmann,N. Hauptmann,1996-06-27,76.24,20.3,21.17,30,30,0,1596.0,53.2,1.27,2.38,6.33,11.91,0.37,0.69,1.73,3.26,7.77,4.47,8.4,0.03,0.06,0.27,0.5,22.23,9.67,18.27,7.53,0.7,1.5,5.6,10.53
1212,2. Bundesliga (DE),19317,Emmanuel Iyoha,E. Iyoha,1997-10-11,79.71,21.75,21.73,25,23,2,837.0,36.39,1.35,3.7,5.7,15.65,0.74,2.03,1.09,2.99,4.7,2.39,6.57,0.39,1.08,0.48,1.31,11.22,6.96,12.17,7.52,1.04,3.48,1.87,5.14
1212,2. Bundesliga (DE),19324,Nicolai Rapp,N. Rapp,1996-12-13,80.76,21.33,22.8,24,24,0,506.0,21.08,0.79,3.76,4.04,19.17,0.33,1.58,0.96,4.54,2.67,0.5,2.37,0.62,2.96,0.71,3.36,3.25,2.75,4.92,11.54,2.62,13.64,0.83,3.95
1212,2. Bundesliga (DE),19370,Moritz-Broni Kwarteng,M. Kwarteng,1998-04-28,29.56,7.0,8.15,18,17,1,278.0,16.35,0.41,2.52,1.76,10.79,0.12,0.72,0.76,4.68,3.76,1.06,6.47,0.0,0.0,0.12,0.72,5.18,3.41,6.24,3.12,0.24,2.78,1.88,11.51
1212,2. Bundesliga (DE),19371,Stephan Kofi Ambrosius,S. Ambrosius,1998-12-18,75.69,20.18,22.04,12,12,0,247.0,20.58,0.83,4.05,3.5,17.0,0.17,0.81,1.25,6.07,2.92,0.75,3.64,1.25,6.07,0.75,3.64,3.92,2.33,5.58,9.83,2.25,11.35,0.5,2.43
1212,2. Bundesliga (DE),19376,Morten Behrens,M. Behrens,1997-04-01,86.86,18.4,24.11,4,4,0,0.0,0.0,0.0,,0.0,,0.0,,0.0,,0.0,0.0,,0.0,,0.0,,0.0,0.0,0.0,0.0,0.0,,0.0,
1212,2. Bundesliga (DE),19378,Aaron Opoku,A. Opoku,1999-03-28,66.49,14.9,19.61,9,9,0,274.0,30.44,1.0,3.28,4.33,14.23,0.22,0.73,0.78,2.55,3.67,2.44,8.03,0.11,0.36,0.44,1.46,15.11,3.67,11.89,3.44,0.44,4.12,2.89,9.49
1212,2. Bundesliga (DE),19381,Patric Pfeiffer,P. Pfeiffer,1999-08-20,92.11,24.09,24.49,31,30,1,367.0,12.23,0.77,6.27,2.77,22.62,0.17,1.36,0.57,4.63,2.03,0.2,1.63,0.53,4.36,0.4,3.27,1.77,1.0,2.2,7.3,1.53,12.35,0.2,1.63
1212,2. Bundesliga (DE),19397,Barış-Fahri Atik,B. Atik,1995-01-09,94.79,28.75,22.71,33,32,1,1271.0,39.72,1.0,2.52,4.06,10.23,0.56,1.42,1.31,3.31,7.44,3.19,8.02,0.0,0.0,0.38,0.94,15.12,6.31,14.62,6.81,0.53,1.49,2.72,6.85
1212,2. Bundesliga (DE),19406,Marlon Ritter,M. Ritter,1994-10-15,70.0,17.0,19.74,31,28,3,865.0,30.89,0.57,1.85,4.57,14.8,0.39,1.27,1.14,3.7,4.21,1.82,5.9,0.04,0.12,0.29,0.92,11.04,3.82,10.21,5.0,0.86,4.78,2.5,8.09
1212,2. Bundesliga (DE),19409,Sven Michel,S. Michel,1990-07-15,35.06,10.38,7.46,27,27,0,415.0,15.37,0.3,1.93,2.56,16.63,0.07,0.48,0.56,3.61,3.48,0.81,5.3,0.0,0.0,0.04,0.24,5.07,2.07,4.41,1.67,0.04,0.34,1.22,7.95
1212,2. Bundesliga (DE),19418,Christopher Antwi-Adjei,C. Antwi-Adjei,1994-02-07,51.71,10.72,14.24,13,13,0,402.0,30.92,0.46,1.49,3.69,11.94,0.08,0.25,1.31,4.23,5.08,2.54,8.21,0.0,0.0,0.0,0.0,16.38,7.08,12.92,1.23,0.15,0.53,2.92,9.45
1212,2. Bundesliga (DE),19424,Lukas Boeder,L. Boeder,1997-04-18,77.7,19.35,20.97,22,22,0,331.0,15.05,0.64,4.23,3.14,20.85,0.23,1.51,0.55,3.63,1.45,0.64,4.23,0.27,1.81,0.41,2.72,2.95,1.73,3.0,7.27,1.14,9.34,0.77,5.14
1212,2. Bundesliga (DE),19447,Marcel Schuhen,M. Schuhen,1993-01-13,99.91,26.59,25.87,34,33,1,0.0,0.0,0.0,,0.0,,0.0,,0.0,,0.0,0.0,,0.0,,0.0,,0.0,0.0,0.0,0.0,0.0,,0.0,
1212,2. Bundesliga (DE),19449,Alexander Rossipal,A. Rossipal,1996-06-06,92.82,24.59,25.15,27,27,0,697.0,25.81,0.81,3.16,4.48,17.36,0.41,1.58,1.41,5.45,3.78,1.56,6.03,0.56,2.15,0.59,2.29,6.63,2.85,7.89,8.63,1.52,6.96,0.59,2.3
1212,2. Bundesliga (DE),19454,Fabian Schleusener,F. Schleusener,1991-10-24,67.75,17.63,18.99,32,32,0,922.0,28.81,0.19,0.65,2.84,9.87,0.06,0.22,0.88,3.04,7.53,2.16,7.48,0.0,0.0,0.12,0.43,14.97,4.22,11.12,1.38,0.09,0.41,3.78,13.12
1212,2. Bundesliga (DE),19465,Philipp Förster,P. Förster,1995-02-04,66.35,18.48,17.74,26,26,0,1016.0,39.08,0.73,1.87,4.35,11.12,0.23,0.59,1.04,2.66,7.04,3.69,9.45,0.04,0.1,0.35,0.89,13.73,7.69,12.08,7.12,0.88,2.74,4.23,10.82
1212,2. Bundesliga (DE),19471,Timon Weiner,T. Weiner,1999-01-18,100.27,26.42,25.15,12,11,1,0.0,0.0,0.0,,0.0,,0.0,,0.0,,0.0,0.0,,0.0,,0.0,,0.0,0.0,0.0,0.0,0.0,,0.0,
1212,2. Bundesliga (DE),19472,Arne Sicker,A. Sicker,1997-04-17,58.05,14.93,13.33,17,17,0,273.0,16.06,0.76,4.76,3.29,20.51,0.65,4.03,0.59,3.66,2.88,0.53,3.3,0.47,2.93,0.47,2.93,3.12,2.12,5.0,5.76,1.53,13.77,0.47,2.93
1212,2. Bundesliga (DE),19483,Jannik Dehm,J. Dehm,1996-05-02,80.35,19.01,22.21,29,28,1,629.0,22.46,0.61,2.7,3.57,15.9,0.43,1.91,1.11,4.93,3.36,1.39,6.2,0.57,2.54,0.71,3.18,5.0,2.07,6.71,8.68,1.46,7.26,1.43,6.36
1212,2. Bundesliga (DE),19487,Jonas Meffert,J. Meffert,1994-09-04,94.94,24.58,23.77,17,16,1,681.0,42.56,1.56,3.67,6.88,16.15,0.38,0.88,1.69,3.96,3.0,2.25,5.29,0.31,0.73,0.75,1.76,13.62,6.94,10.94,15.44,2.25,5.67,2.75,6.46
1212,2. Bundesliga (DE),19492,Dominik Reimann,D. Reimann,1997-06-18,101.06,30.3,24.24,34,33,1,0.0,0.0,0.0,,0.0,,0.0,,0.0,,0.0,0.0,,0.0,,0.0,,0.0,0.0,0.0,0.0,0.0,,0.0,
1212,2. Bundesliga (DE),19493,Kevin Müller,K. Müller,1991-03-15,99.5,24.59,23.69,4,4,0,0.0,0.0,0.0,,0.0,,0.0,,0.0,,0.0,0.0,,0.0,,0.0,,0.0,0.0,0.0,0.0,0.0,,0.0,
1212,2. Bundesliga (DE),19501,Kevin Sessa,K. Sessa,2000-07-06,39.88,11.14,10.03,21,21,0,393.0,18.71,0.62,3.31,3.33,17.81,0.24,1.27,0.52,2.8,2.52,0.76,4.07,0.1,0.51,0.38,2.04,5.0,2.57,4.33,6.52,1.1,7.19,1.76,9.42
1212,2. Bundesliga (DE),19520,Marvin Mehlem,M. Mehlem,1997-09-11,60.47,15.72,13.86,19,19,0,490.0,25.79,0.68,2.65,4.42,17.14,0.37,1.43,0.79,3.06,4.58,1.63,6.33,0.05,0.2,0.32,1.22,7.68,4.21,7.05,6.42,1.47,7.02,1.79,6.94
1212,2. Bundesliga (DE),19527,Marcel Franke,M. Franke,1993-04-05,96.75,24.84,28.55,29,29,0,412.0,14.21,0.62,4.37,2.55,17.96,0.07,0.49,0.45,3.15,1.79,0.17,1.21,0.79,5.58,0.41,2.91,1.66,1.41,3.0,9.62,1.79,13.01,0.34,2.43
1212,2. Bundesliga (DE),19535,Tobias Müller,T. Müller,1994-07-08,83.66,25.32,19.61,25,24,1,434.0,18.08,0.46,2.53,4.54,25.11,0.21,1.15,0.71,3.92,2.83,0.5,2.77,0.46,2.53,0.83,4.61,3.83,2.04,4.46,9.21,1.54,9.34,0.25,1.38
1212,2. Bundesliga (DE),19549,Rico Preißinger,R. Preißinger,1996-07-21,60.87,16.17,15.6,27,26,1,655.0,25.19,1.19,4.73,4.42,17.56,0.27,1.07,0.65,2.59,2.04,1.27,5.04,0.15,0.61,0.5,1.98,5.73,3.85,5.85,9.85,1.0,4.85,1.42,5.65
1212,2. Bundesliga (DE),19555,Mërgim Berisha,M. Berisha,1998-05-11,61.56,17.59,15.95,11,10,1,305.0,30.5,0.2,0.66,4.9,16.06,0.0,0.0,1.4,4.59,8.2,1.9,6.23,0.0,0.0,0.1,0.33,14.3,4.2,8.7,2.1,0.2,1.39,3.2,10.49
1212,2. Bundesliga (DE),20026,Łukasz Poręba,L. Poręba,2000-03-13,91.95,26.1,21.67,34,34,0,1016.0,29.88,0.88,2.95,4.97,16.63,0.32,1.08,1.18,3.94,3.32,1.59,5.31,0.21,0.69,0.74,2.46,7.82,4.09,7.94,10.94,1.71,6.1,1.38,4.63
1212,2. Bundesliga (DE),20143,Mikkel Kirkeskov Andersen,M. Kirkeskov,1991-09-05,62.42,15.06,16.5,19,18,1,416.0,23.11,1.06,4.57,4.0,17.31,0.33,1.44,1.22,5.29,2.94,1.28,5.53,0.33,1.44,0.33,1.44,4.0,3.17,7.44,7.33,1.17,6.29,0.83,3.61
1212,2. Bundesliga (DE),20197,Michael Obafemi,M. Obafemi,2000-07-06,23.36,5.73,6.13,2,1,1,8.0,8.0,0.0,0.0,2.0,25.0,0.0,0.0,0.0,0.0,1.0,0.0,0.0,0.0,0.0,0.0,0.0,3.0,1.0,5.0,0.0,0.0,,1.0,12.5
1212,2. Bundesliga (DE),20243,Giovanni Haag,G. Haag,2000-05-30,23.65,5.27,6.44,3,3,0,31.0,10.33,0.67,6.45,1.33,12.9,0.33,3.22,0.0,0.0,1.33,0.67,6.45,0.0,0.0,0.0,0.0,2.67,1.67,2.33,6.33,1.33,11.84,0.33,3.22
1212,2. Bundesliga (DE),22925,Benjamin Källman,B. Källman,1998-06-17,70.86,21.96,16.73,33,33,0,876.0,26.55,0.3,1.14,2.7,10.16,0.06,0.23,0.67,2.51,5.0,1.58,5.94,0.06,0.23,0.06,0.23,14.91,3.45,9.12,1.64,0.06,0.86,2.27,8.56
1212,2. Bundesliga (DE),23133,Samuel Loric,S. Loric,2000-07-05,3.35,1.02,0.43,1,1,0,0.0,0.0,0.0,,0.0,,0.0,,0.0,,0.0,0.0,,0.0,,0.0,,0.0,0.0,0.0,0.0,0.0,,0.0,
1212,2. Bundesliga (DE),23148,Bryan Lasme,B. Lasme,1998-11-14,27.77,5.83,7.26,11,11,0,143.0,13.0,0.0,0.0,1.27,9.79,0.0,0.0,0.27,2.1,2.73,1.0,7.69,0.0,0.0,0.0,0.0,5.82,2.0,4.73,0.91,0.0,0.0,1.18,9.09
1212,2. Bundesliga (DE),23167,Jean Hugonet,J. Hugonet,1999-11-24,78.63,23.16,19.39,24,24,0,395.0,16.46,0.75,4.56,3.33,20.25,0.38,2.28,0.92,5.57,2.62,0.42,2.53,0.79,4.81,0.71,4.3,2.38,2.29,3.42,10.12,2.25,15.06,0.58,3.54
1212,2. Bundesliga (DE),23196,Adil Aouchiche,A. Aouchiche,2002-07-15,85.08,21.39,20.77,14,14,0,526.0,37.57,1.64,4.37,7.0,18.63,0.14,0.38,2.36,6.27,9.64,2.0,5.32,0.0,0.0,0.5,1.33,15.86,6.14,10.07,5.29,0.29,1.84,2.93,7.79
1212,2. Bundesliga (DE),23736,Florian Kastenmeier,F. Kastenmeier,1997-06-28,100.32,27.3,27.46,32,30,2,0.0,0.0,0.0,,0.0,,0.0,,0.0,,0.0,0.0,,0.0,,0.0,,0.0,0.0,0.0,0.0,0.0,,0.0,
1212,2. Bundesliga (DE),24118,Charalambos Makridis,C. Makridis,1996-07-05,53.07,12.21,14.09,26,26,0,558.0,21.46,1.12,5.2,2.54,11.83,0.23,1.07,0.88,4.12,2.58,1.27,5.91,0.38,1.79,0.58,2.69,4.0,2.88,7.27,7.42,0.96,6.6,1.27,5.91
1212,2. Bundesliga (DE),24147,Roberts Uldriķis,R. Uldriķis,1998-04-03,59.08,14.86,13.37,17,17,0,441.0,25.94,0.29,1.13,4.29,16.55,0.0,0.0,1.29,4.99,4.41,1.29,4.99,0.0,0.0,0.12,0.45,12.88,4.35,6.59,2.0,0.12,2.47,1.53,5.89
1212,2. Bundesliga (DE),24231,Lino Tempelmann,L. Tempelmann,1999-02-02,66.59,14.71,20.01,15,15,0,586.0,39.07,0.73,1.88,4.4,11.26,0.0,0.0,1.33,3.41,6.0,3.27,8.36,0.07,0.17,0.33,0.85,15.6,6.53,12.27,6.87,0.27,1.38,2.87,7.34
1212,2. Bundesliga (DE),24292,Tobias Raschl,T. Raschl,2000-02-21,30.06,6.67,8.02,13,13,0,225.0,17.31,0.69,4.0,1.85,10.67,0.08,0.44,0.54,3.11,3.54,1.23,7.11,0.0,0.0,0.23,1.33,4.23,3.62,4.08,5.15,0.85,7.55,1.08,6.22
1212,2. Bundesliga (DE),24310,Kandet Diawara,K. Diawara,2000-02-10,12.85,3.76,2.35,3,3,0,17.0,5.67,0.0,0.0,1.0,17.64,0.0,0.0,0.33,5.88,1.67,0.67,11.77,0.0,0.0,0.0,0.0,2.0,0.33,2.33,0.67,0.0,0.0,0.67,11.77
1212,2. Bundesliga (DE),24342,Timo Becker,T. Becker,1997-03-25,83.33,20.15,21.3,25,25,0,666.0,26.64,1.4,5.25,5.72,21.47,0.32,1.2,1.68,6.31,5.76,0.96,3.6,0.52,1.95,0.88,3.3,6.72,3.44,6.2,10.56,2.24,8.9,0.92,3.45
1212,2. Bundesliga (DE),24375,Luka Lochoshvili,L. Lochoshvili,1998-05-29,99.42,26.29,26.46,33,33,0,606.0,18.36,1.21,6.6,4.12,22.44,0.27,1.49,0.79,4.29,3.58,0.42,2.31,0.64,3.47,0.39,2.15,3.21,2.52,3.21,10.33,2.61,16.4,0.33,1.82
1212,2. Bundesliga (DE),24424,Lennart Grill,L. Grill,1999-01-25,101.02,24.63,29.32,6,6,0,0.0,0.0,0.0,,0.0,,0.0,,0.0,,0.0,0.0,,0.0,,0.0,,0.0,0.0,0.0,0.0,0.0,,0.0,
1212,2. Bundesliga (DE),24425,Philipp Hercher,P. Hercher,1996-03-21,56.04,16.83,13.21,31,30,1,662.0,22.07,0.47,2.12,3.03,13.75,0.53,2.42,0.7,3.17,3.67,1.3,5.89,0.13,0.6,0.4,1.81,6.97,4.23,7.3,4.7,0.8,6.01,0.77,3.47
1212,2. Bundesliga (DE),24427,Carlo Sickinger,C. Sickinger,1997-07-29,24.46,6.27,6.33,13,13,0,109.0,8.38,0.38,4.59,1.69,20.18,0.15,1.83,0.38,4.59,1.08,0.46,5.51,0.0,0.0,0.31,3.67,1.69,1.31,1.62,4.23,0.92,17.77,0.77,9.18
1212,2. Bundesliga (DE),24438,Fabio Kaufmann,F. Kaufmann,1992-09-08,31.56,6.33,9.53,17,17,0,294.0,17.29,0.94,5.44,2.18,12.58,0.24,1.36,0.29,1.7,2.47,1.71,9.87,0.24,1.36,0.0,0.0,6.24,3.53,5.53,4.53,0.88,6.15,1.47,8.5
1212,2. Bundesliga (DE),24439,Luca Pfeiffer,L. Pfeiffer,1996-08-20,14.21,5.55,1.9,2,2,0,7.0,3.5,0.5,14.29,1.0,28.57,0.0,0.0,0.0,0.0,1.0,0.0,0.0,0.0,0.0,0.0,0.0,0.0,0.5,0.5,0.5,0.0,0.0,0.0,0.0
1212,2. Bundesliga (DE),24464,Erencan Yardımcı,E. Yardımcı,2002-02-04,67.67,15.71,18.69,31,31,0,1116.0,36.0,0.35,0.99,4.39,12.19,0.1,0.27,1.03,2.87,9.9,1.87,5.2,0.0,0.0,0.03,0.09,20.29,5.71,13.71,2.06,0.1,0.31,2.55,7.08
1212,2. Bundesliga (DE),24615,Oliver Batista Meier,O. Batista Meier,2001-02-16,79.77,22.05,18.65,30,29,1,960.0,33.1,0.72,2.19,4.55,13.75,0.14,0.42,1.55,4.69,5.93,1.97,5.94,0.07,0.21,0.21,0.62,14.03,3.93,12.34,3.76,0.34,1.63,1.86,5.63
1212,2. Bundesliga (DE),24694,Shinta Appelkamp,S. Appelkamp,2000-11-01,73.22,20.64,19.86,27,25,2,1011.0,40.44,0.72,1.78,5.32,13.15,0.12,0.3,1.84,4.55,4.64,3.6,8.9,0.12,0.3,0.28,0.69,15.84,6.56,13.92,7.12,0.6,1.93,3.32,8.21
1212,2. Bundesliga (DE),24941,Frederik Jäkel,F. Jäkel,2001-03-07,17.22,1.79,2.58,1,1,0,1.0,1.0,0.0,0.0,0.0,0.0,0.0,0.0,0.0,0.0,0.0,0.0,0.0,0.0,0.0,0.0,0.0,0.0,0.0,0.0,1.0,0.0,0.0,0.0,0.0
1212,2. Bundesliga (DE),25061,Koji Miyoshi,K. Miyoshi,1997-03-26,59.03,13.96,17.0,22,21,1,662.0,31.52,0.52,1.66,3.43,10.88,0.24,0.76,1.0,3.17,6.0,3.19,10.12,0.05,0.15,0.24,0.75,13.0,6.14,12.14,4.48,0.43,2.6,2.86,9.06
1212,2. Bundesliga (DE),25094,Michał Karbownik,M. Karbownik,2001-03-13,91.1,25.24,23.44,26,26,0,718.0,27.62,1.73,6.27,4.85,17.55,0.58,2.09,1.0,3.62,5.19,1.04,3.76,0.5,1.81,0.62,2.23,6.88,4.08,7.92,8.65,1.81,7.46,1.15,4.18
1212,2. Bundesliga (DE),25452,Julian Justvan,J. Justvan,1998-04-02,90.83,24.68,23.56,33,33,0,1363.0,41.3,0.79,1.91,4.61,11.15,0.18,0.44,1.85,4.48,5.85,3.36,8.14,0.06,0.15,0.33,0.81,16.42,6.09,15.09,6.06,0.55,2.07,3.67,8.88
1212,2. Bundesliga (DE),25457,Márton Dárdai,M. Dárdai,2002-02-12,86.86,23.59,22.94,29,29,0,410.0,14.14,0.69,4.88,3.62,25.61,0.31,2.19,0.55,3.9,2.0,0.31,2.19,0.59,4.15,0.66,4.63,2.48,1.52,2.79,8.41,1.38,10.23,0.24,1.71
1212,2. Bundesliga (DE),25484,Stefano Russo,S. Russo,2000-06-29,93.8,24.31,21.77,27,27,0,777.0,28.78,1.19,4.12,5.89,20.46,0.22,0.77,1.15,3.99,3.59,0.89,3.09,0.22,0.77,0.74,2.57,6.59,4.26,6.41,9.59,1.52,5.13,1.11,3.86
1212,2. Bundesliga (DE),25505,Fabian Kunze,F. Kunze,1998-06-14,91.33,22.29,25.33,31,28,3,1011.0,36.11,1.86,5.14,5.43,15.03,0.32,0.89,0.89,2.47,4.75,2.07,5.74,0.54,1.48,0.64,1.78,8.21,5.54,7.86,13.25,2.0,6.16,2.54,7.02
1212,2. Bundesliga (DE),25510,Maxwell Gyamfi,M. Gyamfi,2000-01-18,93.42,23.46,25.82,27,24,3,463.0,19.29,0.88,4.54,4.25,22.03,0.12,0.65,0.83,4.32,3.25,0.42,2.16,1.21,6.26,0.54,2.81,2.25,1.71,3.88,10.67,2.62,14.46,0.29,1.51
1212,2. Bundesliga (DE),25515,Finn Ole Becker,F. Becker,2000-06-08,83.58,22.22,22.06,30,30,0,1184.0,39.47,1.07,2.7,4.93,12.5,0.1,0.25,1.4,3.55,4.33,2.7,6.84,0.03,0.08,0.77,1.94,13.73,5.63,11.77,7.53,0.77,2.38,4.0,10.13
1212,2. Bundesliga (DE),25519,Niklas Schmidt,N. Schmidt,1998-03-01,57.03,16.72,14.28,15,15,0,353.0,23.53,1.33,5.67,2.8,11.9,0.2,0.85,0.87,3.68,1.53,1.33,5.67,0.07,0.28,0.6,2.55,7.8,3.6,6.33,6.07,0.67,3.99,1.53,6.52
1212,2. Bundesliga (DE),25520,Sven Köhler,S. Köhler,1996-11-08,94.96,22.97,25.84,16,16,0,314.0,19.62,1.56,7.96,4.0,20.38,0.5,2.55,0.94,4.78,2.0,0.81,4.14,0.5,2.55,0.38,1.91,4.81,1.88,4.44,8.75,2.31,14.63,0.44,2.23
1212,2. Bundesliga (DE),25521,Moritz Heyer,M. Heyer,1995-04-04,56.12,14.55,16.14,19,17,2,397.0,23.35,0.59,2.52,4.47,19.14,0.35,1.51,1.18,5.04,2.76,1.35,5.79,0.29,1.26,1.0,4.28,5.88,3.65,6.82,8.29,1.82,10.43,1.53,6.55
1212,2. Bundesliga (DE),25523,Etienne Amenyido,E. Amenyido,1998-03-01,64.09,16.19,17.26,20,19,1,710.0,37.37,0.37,0.99,4.58,12.25,0.05,0.14,1.32,3.52,5.11,2.89,7.75,0.0,0.0,0.26,0.7,12.58,5.21,12.63,6.53,0.32,0.8,2.95,7.89
1212,2. Bundesliga (DE),25541,Finn Porath,F. Porath,1997-02-23,41.16,8.76,11.21,19,19,0,339.0,17.84,0.47,2.66,3.0,16.81,0.32,1.77,0.68,3.83,3.11,1.21,6.78,0.37,2.07,0.32,1.77,8.47,2.47,7.68,3.37,0.63,5.58,1.42,7.96
1212,2. Bundesliga (DE),25545,Fabian Nürnberger,F. Nürnberger,1999-07-28,71.43,19.74,17.41,20,19,1,402.0,21.16,0.95,4.48,4.26,20.15,0.68,3.23,1.05,4.98,2.95,0.79,3.73,0.63,2.98,0.42,1.99,5.63,2.53,6.37,7.11,1.42,9.05,0.84,3.98
1212,2. Bundesliga (DE),25549,Immanuel Pherai,I. Pherai,2001-04-25,72.32,20.03,18.06,13,13,0,595.0,45.77,0.92,2.02,6.15,13.45,0.15,0.34,1.46,3.19,8.31,3.69,8.07,0.08,0.17,0.38,0.84,21.23,8.77,14.31,4.38,0.23,0.96,5.46,11.93
1212,2. Bundesliga (DE),26139,Aljaž Casar,A. Casar,2000-09-17,43.28,10.45,10.41,12,12,0,202.0,16.83,0.67,3.96,3.0,17.82,0.0,0.0,0.5,2.97,2.92,0.92,5.44,0.25,1.49,0.25,1.48,4.67,2.33,3.83,6.17,0.75,5.5,0.92,5.45
1212,2. Bundesliga (DE),26683,Christoph Daferner,C. Daferner,1998-01-12,43.96,11.1,12.13,29,29,0,801.0,27.62,0.24,0.87,2.86,10.36,0.1,0.37,0.76,2.75,6.14,1.97,7.12,0.0,0.0,0.07,0.25,13.72,4.83,9.41,2.45,0.14,0.97,2.55,9.24
1212,2. Bundesliga (DE),27049,Philipp Hofmann,P. Hofmann,1993-03-30,85.81,19.64,24.98,31,30,1,1136.0,37.87,0.47,1.23,4.37,11.53,0.0,0.0,1.33,3.52,6.4,2.77,7.31,0.03,0.09,0.17,0.44,20.47,3.8,13.47,1.8,0.13,0.79,4.83,12.76
1212,2. Bundesliga (DE),27051,Marvin Wanitzek,M. Wanitzek,1993-05-07,99.69,26.09,28.58,33,33,0,1259.0,38.15,0.97,2.54,4.82,12.63,0.45,1.19,1.48,3.89,6.06,4.45,11.68,0.12,0.32,0.45,1.19,12.18,4.64,12.15,7.73,1.15,3.39,3.91,10.25
1212,2. Bundesliga (DE),27057,Christoph Kobald,C. Kobald,1997-08-18,91.21,22.98,26.16,25,25,0,440.0,17.6,0.76,4.32,3.8,21.59,0.32,1.82,0.68,3.86,2.0,0.28,1.59,0.64,3.64,0.8,4.55,3.04,1.72,4.76,9.32,1.72,11.08,0.56,3.18
1212,2. Bundesliga (DE),27059,Dominik Kother,D. Kother,2000-03-16,44.04,11.05,10.21,12,12,0,253.0,21.08,0.33,1.58,2.75,13.04,0.33,1.58,1.17,5.54,2.42,2.25,10.67,0.08,0.4,0.17,0.79,8.42,4.17,6.75,2.75,0.25,0.83,1.33,6.32
1212,2. Bundesliga (DE),27069,Kevin Ehlers,K. Ehlers,2001-01-23,97.15,22.15,27.96,31,31,0,679.0,21.9,0.97,4.42,5.26,24.01,0.35,1.62,1.1,5.01,3.94,0.65,2.95,0.9,4.12,1.0,4.57,4.13,2.23,4.81,11.19,1.94,9.62,0.32,1.47
1212,2. Bundesliga (DE),27071,Erik Wekesser,E. Wekesser,1997-07-03,38.77,8.21,11.35,7,6,1,82.0,13.67,0.33,2.44,2.67,19.51,0.17,1.22,1.17,8.54,1.67,2.0,14.63,0.0,0.0,0.17,1.22,3.5,1.83,5.5,4.0,1.0,12.32,1.0,7.32
1212,2. Bundesliga (DE),27076,Marco Meyerhöfer,M. Meyerhöfer,1995-11-18,46.14,10.04,13.29,18,18,0,431.0,23.94,0.78,3.25,4.0,16.71,0.28,1.16,1.67,6.96,1.89,1.78,7.42,0.39,1.62,0.67,2.78,4.5,4.28,7.83,10.56,1.28,6.49,1.17,4.87
1212,2. Bundesliga (DE),27078,Christian Conteh,C. Conteh,1999-08-27,78.76,18.64,21.94,17,17,0,821.0,48.29,0.53,1.1,5.53,11.45,0.12,0.24,1.65,3.41,6.88,4.06,8.4,0.12,0.24,0.18,0.37,21.59,7.76,18.41,6.47,0.82,2.37,4.18,8.65
1212,2. Bundesliga (DE),27082,Sebastian Klaas,S. Klaas,1998-06-30,57.7,16.85,13.71,26,26,0,912.0,35.08,0.69,1.97,5.65,16.12,0.23,0.66,1.23,3.51,8.0,2.08,5.92,0.27,0.77,0.27,0.77,14.19,6.85,10.38,6.5,0.81,3.9,3.0,8.55
1212,2. Bundesliga (DE),27641,Žan Celar,Ž. Celar,1999-03-14,26.65,7.97,7.02,16,14,2,180.0,12.86,0.0,0.0,1.64,12.78,0.07,0.56,0.5,3.89,2.29,0.86,6.66,0.0,0.0,0.0,0.0,7.29,1.5,4.0,0.57,0.0,0.0,1.57,12.22
1212,2. Bundesliga (DE),27745,Benedikt Pichler,B. Pichler,1997-07-20,47.18,14.09,10.84,19,19,0,323.0,17.0,0.16,0.93,2.21,13.0,0.0,0.0,0.63,3.71,3.79,1.37,8.05,0.0,0.0,0.0,0.0,9.63,2.47,6.16,1.47,0.21,1.62,1.58,9.29
1212,2. Bundesliga (DE),28098,Carl Johansson,C. Johansson,1994-05-23,95.56,23.92,25.91,11,11,0,120.0,10.91,0.36,3.33,2.27,20.83,0.36,3.33,0.55,5.0,1.45,0.18,1.67,0.36,3.33,0.36,3.33,0.73,0.91,1.55,7.82,1.55,14.4,0.0,0.0
1212,2. Bundesliga (DE),28100,Marcus Klingenberg Mathisen,M. Mathisen,1996-02-27,94.87,28.29,22.73,33,32,1,614.0,19.19,1.12,5.86,3.88,20.19,0.38,1.95,0.69,3.58,3.22,0.41,2.12,0.72,3.75,0.59,3.09,3.88,2.69,4.53,9.28,2.22,12.06,0.34,1.79
1212,2. Bundesliga (DE),28128,Armin Gigović,A. Gigović,2002-04-06,88.78,23.21,23.28,1,1,0,42.0,42.0,0.0,0.0,6.0,14.29,0.0,0.0,1.0,2.38,8.0,4.0,9.52,1.0,2.38,0.0,0.0,23.0,8.0,14.0,5.0,1.0,2.38,5.0,11.9
1212,2. Bundesliga (DE),28165,Nils Fröling,N. Fröling,2000-04-20,51.89,12.93,13.75,23,23,0,628.0,27.3,0.52,1.91,2.65,9.71,0.3,1.12,0.65,2.39,6.7,2.22,8.12,0.04,0.16,0.26,0.96,11.17,4.48,9.65,4.48,0.43,2.64,2.91,10.67
1212,2. Bundesliga (DE),28166,Alexander Gustav Kent Ahl Holmström,A. Ahl Holmström,1999-04-04,37.69,10.7,8.98,18,17,1,262.0,15.41,0.12,0.76,2.24,14.5,0.0,0.0,0.71,4.58,4.29,0.82,5.34,0.0,0.0,0.12,0.76,8.76,2.76,5.41,1.35,0.06,0.61,0.88,5.72
1212,2. Bundesliga (DE),28860,Hans Christian Bernat,H. Bernat,2000-11-13,99.56,26.02,28.6,32,32,0,0.0,0.0,0.0,,0.0,,0.0,,0.0,,0.0,0.0,,0.0,,0.0,,0.0,0.0,0.0,0.0,0.0,,0.0,
1212,2. Bundesliga (DE),28881,Mustapha Bundu,M. Bundu,1997-02-28,61.01,19.45,14.4,22,22,0,530.0,24.09,0.41,1.7,2.68,11.13,0.0,0.0,0.86,3.58,6.59,1.73,7.17,0.0,0.0,0.05,0.19,13.36,4.45,9.14,1.91,0.32,2.93,2.55,10.57
1212,2. Bundesliga (DE),28927,Herbert Bockhorn,H. Bockhorn,1995-01-31,55.55,16.53,14.93,15,14,1,227.0,16.21,0.79,4.85,2.79,17.18,0.07,0.44,0.93,5.73,1.43,0.71,4.41,0.36,2.2,0.5,3.08,2.57,1.86,5.43,5.5,1.0,6.56,0.57,3.52
1212,2. Bundesliga (DE),28977,Jomaine Consbruch,J. Consbruch,2002-01-26,30.85,8.19,7.91,16,14,2,208.0,14.86,0.29,1.92,2.29,15.39,0.14,0.96,0.86,5.77,2.29,1.07,7.21,0.07,0.48,0.14,0.96,3.29,2.21,5.21,3.71,0.5,4.08,1.29,8.65
1212,2. Bundesliga (DE),28979,Daniel Hanslik,D. Hanslik,1996-10-06,49.55,12.13,13.66,25,23,2,591.0,25.7,0.35,1.35,3.57,13.88,0.09,0.34,0.78,3.05,5.57,2.26,8.8,0.0,0.0,0.13,0.51,10.83,4.22,9.13,2.0,0.22,1.67,2.39,9.31
1212,2. Bundesliga (DE),29618,Lubambo Musonda,L. Musonda,1995-03-01,85.55,25.23,20.86,27,26,1,703.0,27.04,1.15,4.27,3.73,13.8,0.38,1.42,1.88,6.97,3.81,1.19,4.41,0.46,1.71,1.04,3.84,6.27,3.35,7.5,9.04,1.31,5.82,1.58,5.83
1212,2. Bundesliga (DE),29689,Bartosz Białek,B. Białek,2001-11-11,16.05,4.0,4.09,14,14,0,106.0,7.57,0.07,0.94,1.0,13.21,0.0,0.0,0.29,3.77,2.0,0.14,1.89,0.0,0.0,0.14,1.89,3.5,0.86,2.57,1.0,0.0,0.0,0.57,7.55
1212,2. Bundesliga (DE),29705,Mateusz Żukowski,M. Żukowski,2001-11-23,95.28,29.37,22.81,21,20,1,591.0,29.55,0.15,0.51,4.7,15.91,0.0,0.0,1.55,5.25,9.2,1.25,4.23,0.0,0.0,0.05,0.17,14.45,4.65,10.05,1.6,0.0,0.0,1.4,4.74
1212,2. Bundesliga (DE),29929,Fraser Hornby,F. Hornby,1999-09-13,88.76,23.24,22.8,25,24,1,1107.0,46.12,0.75,1.63,4.83,10.48,0.04,0.09,1.62,3.52,13.46,4.0,8.67,0.08,0.18,0.25,0.54,23.08,8.79,13.04,5.08,0.29,1.08,7.5,16.26
1212,2. Bundesliga (DE),30004,Maximilian Großer,M. Großer,2001-07-23,84.37,21.66,20.64,29,29,0,381.0,13.14,0.31,2.36,2.52,19.16,0.24,1.84,0.72,5.51,2.24,0.17,1.31,0.31,2.36,0.76,5.77,2.0,1.28,2.0,6.93,1.31,10.7,0.38,2.89
1212,2. Bundesliga (DE),30018,Jonas Sterner,J. Sterner,2002-05-13,90.63,24.36,24.94,17,17,0,445.0,26.18,1.29,4.94,4.29,16.4,0.24,0.9,2.0,7.64,2.82,1.35,5.17,0.71,2.7,0.82,3.15,5.65,2.35,6.29,10.71,1.47,6.21,1.12,4.27
1212,2. Bundesliga (DE),30020,Lilian Egloff,L. Egloff,2002-08-20,66.06,16.8,18.83,14,14,0,538.0,38.43,1.71,4.46,5.64,14.68,0.21,0.56,1.07,2.79,7.21,2.36,6.13,0.14,0.37,0.29,0.74,13.86,6.79,8.79,5.79,0.86,2.81,4.14,10.78
1212,2. Bundesliga (DE),30047,Malik Batmaz,M. Batmaz,2000-03-17,34.21,10.39,8.25,6,5,1,86.0,17.2,0.2,1.16,2.2,12.79,0.0,0.0,0.2,1.16,4.8,1.0,5.81,0.2,1.16,0.0,0.0,5.6,1.6,5.8,1.0,0.4,2.87,1.8,10.47
1212,2. Bundesliga (DE),30619,Oscar Vilhelmsson,O. Vilhelmsson,2003-10-02,40.06,10.14,9.59,17,16,1,255.0,15.94,0.06,0.39,1.81,11.37,0.06,0.39,0.62,3.92,4.88,0.69,4.31,0.06,0.39,0.0,0.0,8.12,1.56,5.88,1.12,0.06,1.85,1.38,8.63
1212,2. Bundesliga (DE),30962,Mickaël Biron,M. Biron,1997-08-26,31.75,8.45,8.26,12,12,0,159.0,13.25,0.25,1.89,1.75,13.21,0.0,0.0,0.75,5.66,3.33,0.67,5.03,0.08,0.63,0.0,0.0,5.67,1.33,4.33,1.42,0.17,1.48,1.58,11.95
1212,2. Bundesliga (DE),31110,Ondřej Karafiát,O. Karafiát,1994-12-01,27.19,5.54,8.42,3,3,0,32.0,10.67,0.0,0.0,1.0,9.38,0.0,0.0,0.0,0.0,0.67,1.0,9.38,0.33,3.12,0.33,3.12,4.33,2.33,3.67,2.33,1.33,13.57,0.67,6.25
1212,2. Bundesliga (DE),32270,Nick Bätzner,N. Bätzner,2000-03-15,46.58,13.97,10.93,30,30,0,815.0,27.17,0.67,2.45,4.87,17.91,0.1,0.37,1.43,5.27,5.23,1.7,6.26,0.03,0.12,0.13,0.49,10.67,5.1,7.23,5.07,0.53,3.06,2.0,7.36
1212,2. Bundesliga (DE),32275,Sergio López Galache,Sergio López,1999-04-08,88.05,23.55,23.6,28,27,1,646.0,23.93,0.81,3.41,4.33,18.11,0.33,1.39,1.52,6.35,3.22,1.48,6.19,0.22,0.93,1.11,4.64,4.93,2.33,6.81,9.59,1.7,8.01,0.93,3.87
1212,2. Bundesliga (DE),32658,Imad Rondić,I. Rondić,1999-02-16,69.95,15.73,19.0,14,14,0,470.0,33.57,0.71,2.13,3.5,10.42,0.0,0.0,1.43,4.26,7.29,2.29,6.81,0.07,0.21,0.29,0.85,15.79,5.0,13.14,5.14,0.5,1.1,2.79,8.3
1212,2. Bundesliga (DE),32744,Maximilian Breunig ,M. Breunig,2000-08-14,38.06,11.03,8.67,18,18,0,316.0,17.56,0.17,0.95,2.83,16.14,0.06,0.32,0.89,5.06,4.22,1.0,5.7,0.0,0.0,0.06,0.32,7.89,3.78,5.22,1.94,0.44,5.92,0.56,3.16
1212,2. Bundesliga (DE),33219,Marvin Rittmüller,M. Rittmüller,1999-03-07,8.98,1.01,4.11,1,1,0,3.0,3.0,0.0,0.0,0.0,0.0,0.0,0.0,0.0,0.0,0.0,0.0,0.0,0.0,0.0,0.0,0.0,0.0,0.0,1.0,3.0,0.0,0.0,1.0,33.33
1212,2. Bundesliga (DE),33222,Ron Schallenberg,R. Schallenberg,1998-10-06,93.88,20.89,24.71,32,32,0,1389.0,43.41,1.41,3.24,8.06,18.57,0.38,0.86,1.78,4.1,6.28,2.19,5.04,0.28,0.65,0.66,1.51,17.69,6.91,10.84,11.09,1.38,4.39,3.06,7.06
1212,2. Bundesliga (DE),33224,Afeez Aremu,A. Aremu,1999-10-03,26.92,7.52,7.38,8,6,2,107.0,17.83,0.67,3.74,2.5,14.02,0.0,0.0,0.67,3.74,2.5,1.17,6.54,0.0,0.0,0.5,2.8,5.5,4.67,5.0,6.0,1.17,8.3,2.33,13.08
1212,2. Bundesliga (DE),33227,Jamil Siebert,J. Siebert,2002-04-02,103.19,25.59,28.76,2,2,0,50.0,25.0,1.5,6.0,5.5,22.0,0.0,0.0,1.5,6.0,4.5,1.0,4.0,1.0,4.0,1.5,6.0,4.0,1.5,6.5,16.5,5.5,21.61,1.5,6.0
1212,2. Bundesliga (DE),33229,Marco Komenda,M. Komenda,1996-11-26,78.28,19.46,20.48,19,19,0,290.0,15.26,0.74,4.83,3.16,20.69,0.21,1.38,0.68,4.48,1.63,0.68,4.48,0.26,1.72,0.68,4.48,3.68,1.05,4.32,7.84,1.42,9.75,0.58,3.79
1212,2. Bundesliga (DE),33232,Dickson Abiama,D. Abiama,1998-11-03,41.7,9.78,10.01,10,10,0,194.0,19.4,0.5,2.58,3.3,17.01,0.1,0.52,0.8,4.12,3.4,2.1,10.82,0.1,0.52,0.2,1.03,6.1,4.1,4.9,6.9,0.3,1.58,1.2,6.19
1212,2. Bundesliga (DE),33241,Jan Elvedi,J. Elvedi,1996-09-30,75.06,18.41,19.83,27,25,2,380.0,15.2,0.84,5.53,3.16,20.79,0.32,2.1,0.48,3.16,2.24,0.32,2.1,1.04,6.84,0.48,3.16,2.32,1.24,3.04,8.24,1.84,14.0,0.28,1.84
1212,2. Bundesliga (DE),33764,Lars  Lokotsch,L. Lokotsch,1996-05-17,52.53,13.59,12.98,23,22,1,578.0,26.27,0.27,1.04,2.68,10.21,0.05,0.17,0.86,3.29,3.73,1.0,3.81,0.05,0.17,0.09,0.35,11.41,3.82,8.82,3.77,0.27,2.62,1.23,4.67
1212,2. Bundesliga (DE),33854,Noah Loosli,N. Loosli,1997-01-23,90.47,20.89,26.37,28,27,1,407.0,15.07,0.7,4.67,2.63,17.44,0.11,0.74,0.93,6.14,2.41,0.26,1.72,0.48,3.19,0.48,3.19,2.56,1.63,2.56,8.37,1.59,11.05,0.19,1.23
1212,2. Bundesliga (DE),34133,Marco John,M. John,2002-04-02,66.72,14.41,19.3,8,8,0,264.0,33.0,1.0,3.03,5.38,16.29,0.25,0.76,1.12,3.41,3.12,3.0,9.09,0.38,1.14,0.62,1.89,8.5,4.88,8.62,11.75,1.25,3.89,2.88,8.71
1212,2. Bundesliga (DE),34179,Felix Götze,F. Götze,1998-02-11,90.63,25.27,22.05,30,30,0,441.0,14.7,0.77,5.21,3.6,24.49,0.27,1.81,0.4,2.72,3.13,0.2,1.36,0.73,4.99,0.5,3.4,2.3,1.47,2.13,8.27,1.47,11.62,0.2,1.36
1212,2. Bundesliga (DE),34222,Tim Breithaupt ,T. Breithaupt,2002-02-07,76.66,20.56,21.63,16,14,2,632.0,45.14,1.43,3.16,7.36,16.3,0.36,0.79,0.86,1.9,5.0,2.07,4.59,0.29,0.63,1.29,2.85,11.57,9.21,8.64,15.86,2.36,5.71,2.86,6.33
1212,2. Bundesliga (DE),34416,Mathias Olesen,M. Olesen,2001-03-21,79.95,17.69,22.95,11,10,1,364.0,36.4,1.1,3.02,4.6,12.64,0.3,0.82,0.9,2.47,3.3,2.0,5.49,0.3,0.82,0.4,1.1,11.3,5.3,10.3,13.1,2.2,6.88,2.4,6.59
1212,2. Bundesliga (DE),34575,Lukas Petkov,L. Petkov,2000-11-01,88.24,25.27,21.05,34,34,0,1379.0,40.56,1.06,2.61,5.03,12.4,0.32,0.8,1.41,3.48,5.35,3.82,9.43,0.0,0.0,0.44,1.09,16.53,7.38,14.15,4.85,0.59,3.0,4.68,11.53
1212,2. Bundesliga (DE),34849,Luca Schuler,L. Schuler,1999-03-22,47.26,13.42,12.5,27,27,0,521.0,19.3,0.41,2.11,2.33,12.09,0.11,0.58,1.11,5.76,5.26,1.37,7.1,0.0,0.0,0.04,0.19,9.93,3.26,7.19,1.48,0.15,2.79,2.0,10.37
1212,2. Bundesliga (DE),34960,Merveille Papela,M. Papela,2001-01-18,45.61,11.51,12.08,27,26,1,604.0,23.23,0.77,3.31,3.19,13.74,0.31,1.32,0.81,3.48,3.54,1.69,7.28,0.04,0.17,0.54,2.32,6.65,3.96,7.08,6.35,0.96,5.19,2.15,9.27
1212,2. Bundesliga (DE),35329,Leo Oppermann,L. Oppermann,2001-08-28,64.64,15.52,16.25,2,2,0,0.0,0.0,0.0,,0.0,,0.0,,0.0,,0.0,0.0,,0.0,,0.0,,0.0,0.0,0.0,0.0,0.0,,0.0,
1212,2. Bundesliga (DE),35504,Steffen Tigges,S. Tigges,1998-07-31,58.03,16.22,13.65,31,31,0,1074.0,34.65,0.48,1.4,4.65,13.41,0.1,0.28,1.32,3.82,9.23,2.48,7.17,0.06,0.19,0.06,0.19,19.58,7.81,11.9,2.0,0.06,0.18,3.26,9.4
1212,2. Bundesliga (DE),35624,Bastian Allgeier,B. Allgeier,2002-02-18,75.0,21.78,18.33,17,17,0,284.0,16.71,1.06,6.34,3.06,18.31,0.18,1.06,1.06,6.34,1.82,0.65,3.87,0.47,2.82,0.76,4.58,3.41,1.29,4.0,7.12,1.53,10.29,0.35,2.11
1212,2. Bundesliga (DE),35633,Max Geschwill,M. Geschwill,2001-07-07,55.33,16.65,13.23,12,12,0,144.0,12.0,0.75,6.25,2.25,18.75,0.33,2.78,0.42,3.47,1.42,0.67,5.56,0.42,3.47,0.33,2.78,2.08,1.0,3.25,5.67,0.58,5.55,0.08,0.69
1212,2. Bundesliga (DE),36620,John Tolkin,J. Tolkin,2002-07-31,85.79,21.16,22.44,27,27,0,764.0,28.3,1.04,3.67,5.0,17.67,0.33,1.18,1.52,5.37,3.37,1.67,5.89,0.37,1.31,0.48,1.7,6.85,3.7,10.04,8.56,1.22,4.97,1.26,4.45
1212,2. Bundesliga (DE),36929,Marin Ljubičić,M. Ljubičić,2002-02-28,70.62,18.42,18.53,10,9,1,290.0,32.22,0.78,2.41,5.0,15.52,0.11,0.35,0.67,2.07,5.67,1.78,5.52,0.0,0.0,0.22,0.69,14.0,5.0,10.67,4.56,0.22,1.02,2.0,6.21
1212,2. Bundesliga (DE),36967,Roko Šimić,R. Šimić,2003-09-10,42.44,10.97,12.88,25,25,0,606.0,24.24,0.24,0.99,2.44,10.07,0.0,0.0,0.84,3.47,5.0,1.76,7.26,0.0,0.0,0.16,0.66,11.68,3.48,7.6,2.04,0.04,0.08,2.88,11.88
1212,2. Bundesliga (DE),37691,David Zec,D. Zec,2000-01-05,99.17,25.48,25.28,31,30,1,558.0,18.6,0.97,5.2,3.57,19.18,0.2,1.08,0.93,5.02,3.27,0.4,2.15,0.63,3.41,0.57,3.05,2.87,1.73,4.27,9.7,2.5,14.33,0.4,2.15
1212,2. Bundesliga (DE),37844,Janik Bachmann,J. Bachmann,1996-05-06,24.85,5.38,6.69,22,22,0,448.0,20.36,0.23,1.12,3.18,15.62,0.18,0.89,0.64,3.12,3.68,1.68,8.26,0.05,0.22,0.09,0.45,10.09,4.91,5.91,3.5,0.36,5.96,2.32,11.38
1212,2. Bundesliga (DE),38005,Martijn Kaars,M. Kaars,1999-03-05,100.32,28.88,25.19,3,3,0,135.0,45.0,0.0,0.0,5.0,11.11,0.33,0.74,1.0,2.22,21.0,3.67,8.15,0.0,0.0,0.0,0.0,23.67,4.67,17.0,4.33,0.33,0.73,5.67,12.59
1212,2. Bundesliga (DE),39652,Christian Theodor Kjelder Rasmussen,C. Rasmussen,2003-01-19,50.35,13.69,13.81,23,23,0,510.0,22.17,0.65,2.94,2.96,13.33,0.04,0.2,0.96,4.31,3.65,1.3,5.88,0.04,0.2,0.22,0.98,8.48,2.7,8.61,2.83,0.3,3.57,1.83,8.24
1212,2. Bundesliga (DE),39812,Ivan Prtajin,I. Prtajin,1996-05-14,78.22,20.38,20.13,14,12,2,351.0,29.25,0.42,1.42,3.92,13.39,0.25,0.85,1.08,3.7,6.58,1.58,5.41,0.08,0.28,0.08,0.29,15.5,4.08,10.92,0.83,0.0,0.0,2.33,7.98
1212,2. Bundesliga (DE),40305,Christopher Lannert,C. Lannert,1998-06-08,62.18,16.27,13.75,28,28,0,548.0,19.57,0.93,4.74,3.82,19.53,0.18,0.91,0.71,3.65,4.07,0.57,2.92,0.29,1.46,0.43,2.19,4.96,2.5,5.82,6.29,0.89,5.45,0.57,2.92
1212,2. Bundesliga (DE),40311,Maël  Corboz,M. Corboz,1994-09-06,97.22,24.51,23.9,34,34,0,1424.0,41.88,1.03,2.46,6.35,15.17,0.26,0.63,1.65,3.93,4.88,2.62,6.25,0.15,0.35,0.53,1.26,12.62,7.26,10.59,11.35,1.35,4.25,3.15,7.51
1212,2. Bundesliga (DE),40334,Lars Bünning,L. Bünning,1998-02-27,78.37,19.67,20.54,11,11,0,134.0,12.18,0.55,4.48,2.55,20.9,0.36,2.98,0.36,2.99,1.55,0.18,1.49,0.27,2.24,0.45,3.73,2.73,0.91,3.0,6.45,1.73,14.47,0.36,2.99
1212,2. Bundesliga (DE),40352,Anas Bakhat,A. Bakhat,2000-04-02,34.36,8.69,6.47,3,3,0,45.0,15.0,0.0,0.0,2.67,17.78,0.0,0.0,2.0,13.33,4.0,1.0,6.66,0.0,0.0,0.0,0.0,8.0,1.33,6.67,0.33,0.0,0.0,1.0,6.66
1212,2. Bundesliga (DE),40365,Leon Jensen,L. Jensen,1997-05-19,61.13,14.83,17.55,7,7,0,211.0,30.14,0.86,2.84,5.0,16.59,0.29,0.95,0.86,2.84,3.14,1.43,4.74,0.29,0.95,1.0,3.32,5.86,5.29,6.0,14.57,1.86,7.29,2.0,6.63
1212,2. Bundesliga (DE),40397,Connor Krempicki,C. Krempicki,1994-09-14,31.87,8.74,7.21,6,6,0,82.0,13.67,0.5,3.66,2.0,14.63,0.0,0.0,0.5,3.66,0.83,1.5,10.97,0.0,0.0,0.17,1.22,3.0,2.0,2.83,3.33,0.67,6.52,1.5,10.98
1212,2. Bundesliga (DE),40400,Julian Hettwer,J. Hettwer,2003-06-15,26.02,6.13,7.76,7,6,1,82.0,13.67,0.33,2.44,1.67,12.2,0.0,0.0,0.17,1.22,1.5,1.0,7.32,0.0,0.0,0.17,1.22,4.5,2.17,4.67,3.0,0.33,3.1,1.17,8.54
1212,2. Bundesliga (DE),40931,Florian Flick,F. Flick,2000-05-01,78.21,18.23,22.24,27,27,0,970.0,35.93,1.7,4.74,7.26,20.21,0.19,0.52,1.26,3.51,4.3,2.11,5.88,0.22,0.62,0.74,2.06,10.67,4.85,9.93,12.19,1.96,6.42,2.41,6.7
1212,2. Bundesliga (DE),41063,Maik Nawrocki,M. Nawrocki,2001-02-07,87.38,25.35,21.89,17,17,0,221.0,13.0,0.76,5.88,2.65,20.36,0.35,2.72,0.59,4.52,1.82,0.35,2.72,0.41,3.17,0.35,2.72,4.24,1.06,3.53,6.29,1.06,9.26,0.18,1.36
1212,2. Bundesliga (DE),41606,Mehmet Can Aydın,M. Aydın,2002-02-09,87.17,19.91,24.23,32,32,0,1171.0,36.59,1.38,3.76,5.97,16.31,0.44,1.2,1.66,4.53,6.66,2.0,5.47,0.22,0.6,0.88,2.39,12.22,5.78,11.09,11.09,2.0,6.6,1.53,4.18
1212,2. Bundesliga (DE),42495,Waniss Taïbi,W. Taïbi,2002-03-07,50.43,15.52,11.08,26,26,0,803.0,30.88,1.0,3.24,5.0,16.19,0.27,0.87,1.19,3.86,5.23,2.12,6.85,0.27,0.87,0.35,1.12,10.96,6.15,7.96,6.38,1.12,4.4,1.73,5.6
1212,2. Bundesliga (DE),43049,William Kokolo,W. Kokolo,2000-06-09,30.71,7.63,7.32,13,13,0,148.0,11.38,0.15,1.35,1.46,12.84,0.23,2.03,0.54,4.73,2.15,0.46,4.05,0.15,1.35,0.54,4.73,3.92,1.31,4.31,2.69,0.46,5.67,1.0,8.78
1212,2. Bundesliga (DE),44873,Boris Tomiak,B. Tomiak,1998-09-11,93.52,28.78,22.66,25,25,0,348.0,13.92,0.64,4.6,3.56,25.57,0.12,0.86,0.36,2.59,2.04,0.52,3.74,0.28,2.01,0.76,5.46,3.84,1.52,3.12,5.76,1.12,9.45,0.44,3.16
1212,2. Bundesliga (DE),47128,Henning Matriciani,H. Matriciani,2000-03-14,23.02,3.02,5.96,1,1,0,13.0,13.0,0.0,0.0,2.0,15.38,0.0,0.0,1.0,7.69,2.0,0.0,0.0,0.0,0.0,0.0,0.0,8.0,2.0,3.0,3.0,0.0,0.0,4.0,30.77
1212,2. Bundesliga (DE),47129,Marten Winkler,M. Winkler,2002-10-31,75.17,19.72,20.42,31,31,0,1100.0,35.48,1.0,2.82,3.58,10.09,0.35,1.0,1.23,3.45,5.87,3.13,8.82,0.03,0.09,0.19,0.55,14.42,6.94,12.1,5.61,0.45,1.56,4.26,12.0
1212,2. Bundesliga (DE),48527,Sidney Raebiger,S. Raebiger,2005-04-17,18.7,2.91,5.91,5,5,0,63.0,12.6,0.4,3.18,2.6,20.64,0.2,1.59,0.0,0.0,1.2,0.2,1.59,0.2,1.59,0.0,0.0,4.4,2.2,4.0,4.6,0.8,7.73,1.8,14.29
1212,2. Bundesliga (DE),48528,Nahuel Noll,N. Noll,2003-03-17,101.81,30.8,24.14,34,34,0,0.0,0.0,0.0,,0.0,,0.0,,0.0,,0.0,0.0,,0.0,,0.0,,0.0,0.0,0.0,0.0,0.0,,0.0,
1212,2. Bundesliga (DE),48530,Marcel Lotka,M. Lotka,2001-05-25,99.36,27.14,28.45,2,2,0,0.0,0.0,0.0,,0.0,,0.0,,0.0,,0.0,0.0,,0.0,,0.0,,0.0,0.0,0.0,0.0,0.0,,0.0,
1212,2. Bundesliga (DE),49257,Adrián Kaprálik,A. Kaprálik,2002-06-10,78.13,20.45,19.64,30,30,0,1163.0,38.77,0.77,1.98,5.3,13.67,0.13,0.34,1.57,4.04,7.83,2.77,7.14,0.03,0.09,0.3,0.77,15.47,5.87,14.03,6.2,0.3,0.92,3.03,7.82
1212,2. Bundesliga (DE),54979,Moussa N''Diaye,M. N''Diaye,2002-06-18,86.28,21.83,21.78,14,14,0,311.0,22.21,1.79,8.04,5.0,22.51,0.14,0.64,1.5,6.75,3.64,0.71,3.22,0.36,1.61,0.57,2.57,5.29,2.21,5.64,8.14,1.29,7.31,0.21,0.96
1212,2. Bundesliga (DE),58646,Doni Arifi,D. Arifi,2002-04-11,42.78,10.37,11.98,11,11,0,243.0,22.09,0.45,2.06,3.27,14.81,0.09,0.41,1.27,5.76,3.0,1.45,6.58,0.18,0.82,0.73,3.29,4.91,3.27,6.18,7.82,0.91,4.72,1.64,7.41
1212,2. Bundesliga (DE),58966,Sebastian Grønning Andersen,S. Grønning,1997-02-03,38.65,9.89,9.77,20,20,0,405.0,20.25,0.3,1.48,3.2,15.8,0.15,0.74,0.65,3.21,5.6,1.0,4.94,0.0,0.0,0.15,0.74,11.35,3.75,6.05,1.15,0.2,2.05,1.45,7.16
1212,2. Bundesliga (DE),59955,Ado Onaiwu,A. Onaiwu,1995-11-08,38.37,12.39,7.84,4,4,0,53.0,13.25,0.25,1.88,2.25,16.98,0.0,0.0,0.25,1.88,1.75,1.0,7.55,0.0,0.0,0.0,0.0,6.0,3.25,4.25,1.25,0.0,0.0,0.5,3.77
1212,2. Bundesliga (DE),59975,Paul Joly,P. Joly,2000-06-07,75.7,18.66,21.38,29,26,3,800.0,30.77,1.19,3.88,4.15,13.5,0.38,1.25,1.31,4.25,4.77,1.96,6.37,0.5,1.63,0.62,2.0,8.08,5.23,11.5,8.15,1.27,5.26,1.88,6.12
1212,2. Bundesliga (DE),59981,Marcel Benger,M. Benger,1998-07-02,73.05,18.69,18.16,15,15,0,402.0,26.8,0.87,3.23,5.47,20.4,0.07,0.25,1.07,3.98,2.2,1.13,4.23,0.4,1.49,0.67,2.49,6.47,3.6,5.53,10.93,1.47,6.06,1.2,4.48
1212,2. Bundesliga (DE),59985,Tim Oberdorf,T. Oberdorf,1996-08-16,96.96,26.76,26.66,32,30,2,710.0,23.67,1.17,4.93,5.2,21.97,0.17,0.7,1.33,5.63,2.47,0.6,2.54,0.47,1.97,1.0,4.23,5.07,2.7,6.87,11.7,2.07,10.03,0.53,2.25
1212,2. Bundesliga (DE),59989,Clemens Riedel,C. Riedel,2003-07-19,90.95,21.28,22.96,2,2,0,47.0,23.5,0.5,2.13,6.0,25.53,1.0,4.25,1.5,6.39,2.0,1.5,6.38,0.5,2.13,1.0,4.26,8.5,2.0,6.5,4.0,1.0,4.21,1.0,4.26
1212,2. Bundesliga (DE),59990,Konrad Faber,K. Faber,1997-11-04,77.89,19.58,20.11,22,22,0,535.0,24.32,0.77,3.18,4.05,16.64,0.23,0.93,1.73,7.1,3.64,1.41,5.79,0.55,2.24,0.86,3.55,4.32,3.05,5.82,9.91,1.32,5.95,1.05,4.3
1212,2. Bundesliga (DE),59993,Jannis Heuer,J. Heuer,1999-07-29,88.21,21.8,23.37,30,29,1,504.0,17.38,0.93,5.36,3.72,21.43,0.24,1.39,0.9,5.16,3.9,0.41,2.38,0.62,3.57,0.79,4.56,2.38,1.72,2.55,10.79,2.14,13.37,0.28,1.59
1212,2. Bundesliga (DE),59995,Luca Marseiler,L. Marseiler,1997-02-18,77.03,20.59,20.39,26,26,0,806.0,31.0,1.15,3.72,3.73,12.03,0.31,0.99,1.65,5.33,4.96,2.23,7.2,0.19,0.62,0.46,1.49,10.73,5.0,11.54,5.96,0.73,3.3,2.58,8.31
1212,2. Bundesliga (DE),59996,Luca Herrmann,L. Herrmann,1999-02-20,45.04,11.25,12.13,27,27,0,635.0,23.52,0.89,3.78,3.15,13.39,0.07,0.32,0.67,2.83,4.22,1.96,8.35,0.07,0.31,0.3,1.26,8.33,4.22,7.22,6.85,0.7,4.2,2.22,9.45
1212,2. Bundesliga (DE),60001,Thomas Keller,T. Keller,1999-08-05,95.55,24.99,26.02,13,13,0,181.0,13.92,0.54,3.87,2.23,16.02,0.46,3.31,0.69,4.97,1.31,0.08,0.55,0.38,2.76,0.38,2.76,2.62,0.62,3.0,8.31,1.38,10.66,0.38,2.76
1212,2. Bundesliga (DE),60002,Filip Bilbija,F. Bilbija,2000-04-24,70.06,19.42,17.34,29,29,0,1078.0,37.17,0.76,2.04,5.45,14.66,0.17,0.46,1.21,3.25,6.17,2.83,7.61,0.1,0.28,0.14,0.37,16.41,6.86,12.07,5.48,0.59,2.25,3.45,9.28
1212,2. Bundesliga (DE),60004,Jan-Hendrik Marx,J. Marx,1995-04-26,38.62,12.02,9.13,3,3,0,40.0,13.33,1.0,7.5,2.33,17.5,0.33,2.5,0.33,2.5,2.33,0.33,2.5,0.0,0.0,0.67,5.0,5.0,1.33,5.0,3.67,0.67,4.96,0.0,0.0
1212,2. Bundesliga (DE),60010,Maximilian Rohr,M. Rohr,1995-06-27,90.17,25.95,20.7,31,31,0,391.0,12.61,1.03,8.18,2.55,20.2,0.32,2.56,0.52,4.09,2.58,0.23,1.79,0.32,2.56,0.55,4.35,2.1,1.06,2.06,6.84,1.45,12.9,0.23,1.79
1212,2. Bundesliga (DE),60105,Leon Klassen,L. Klassen,2000-05-29,51.49,11.12,16.26,5,5,0,126.0,25.2,0.8,3.17,3.0,11.9,0.4,1.59,1.4,5.55,3.8,1.4,5.56,0.2,0.79,1.0,3.97,5.2,3.6,6.6,11.2,2.2,10.14,1.2,4.76
1212,2. Bundesliga (DE),60217,Lukas Pinckert,L. Pinckert,2000-01-22,97.36,27.85,22.61,29,29,0,435.0,15.0,1.24,8.28,3.31,22.07,0.24,1.61,0.62,4.14,2.62,0.21,1.38,0.52,3.45,0.34,2.3,2.03,1.69,2.69,7.69,2.14,14.7,0.24,1.61
1212,2. Bundesliga (DE),60227,Kai Klefisch,K. Klefisch,1999-12-03,98.53,26.2,25.35,29,28,1,1164.0,41.57,1.5,3.61,6.18,14.86,0.61,1.46,1.71,4.12,5.04,2.46,5.93,0.5,1.2,1.18,2.84,9.79,6.75,10.46,16.93,2.57,7.01,3.79,9.11
1212,2. Bundesliga (DE),60252,Leon Schneider,L. Schneider,2000-06-19,87.76,22.14,22.5,17,17,0,212.0,12.47,0.88,7.08,3.24,25.94,0.24,1.89,0.41,3.3,1.88,0.24,1.89,0.59,4.72,0.76,6.13,2.0,0.88,2.12,7.06,1.94,16.42,0.41,3.3
1212,2. Bundesliga (DE),60254,Louis Breunig,L. Breunig,2003-11-14,57.36,12.78,15.95,10,10,0,139.0,13.9,0.5,3.6,1.6,11.51,0.3,2.16,0.5,3.6,1.1,0.4,2.88,0.8,5.75,0.9,6.48,3.8,1.0,4.2,6.2,1.1,9.06,0.6,4.32
1212,2. Bundesliga (DE),60287,Fynn-Luca Lakenmacher,F. Lakenmacher,2000-05-10,27.08,7.39,6.04,16,16,0,173.0,10.81,0.06,0.58,1.06,9.83,0.0,0.0,0.56,5.2,2.44,0.25,2.31,0.0,0.0,0.0,0.0,5.31,2.12,3.56,1.5,0.19,4.83,1.06,9.83
1212,2. Bundesliga (DE),60289,Adriano Grimaldi,A. Grimaldi,1991-04-05,40.44,10.8,10.85,29,29,0,491.0,16.93,0.24,1.43,1.83,10.8,0.03,0.2,0.55,3.26,4.97,1.21,7.13,0.0,0.0,0.17,1.02,8.86,2.45,4.59,1.79,0.03,0.15,1.14,6.72
1212,2. Bundesliga (DE),60354,Tom Zimmerschied,T. Zimmerschied,1998-09-22,85.93,24.85,20.34,34,34,0,1358.0,39.94,0.62,1.55,5.15,12.89,0.32,0.81,2.18,5.45,6.03,3.88,9.72,0.06,0.15,0.32,0.81,15.62,7.65,12.82,6.15,0.71,3.37,3.24,8.1
1212,2. Bundesliga (DE),60355,Tim Schreiber,T. Schreiber,2002-04-24,100.91,26.41,26.37,26,26,0,0.0,0.0,0.0,,0.0,,0.0,,0.0,,0.0,0.0,,0.0,,0.0,,0.0,0.0,0.0,0.0,0.0,,0.0,
1212,2. Bundesliga (DE),60483,Robert Wagner,R. Wagner,2003-07-14,72.8,18.84,19.92,28,28,0,1152.0,41.14,1.43,3.47,6.25,15.19,0.32,0.78,1.29,3.12,5.39,2.57,6.25,0.43,1.04,0.71,1.74,12.14,8.07,11.89,12.04,1.71,4.58,3.68,8.94
1212,2. Bundesliga (DE),60485,Maximilian Dietz,M. Dietz,2002-02-09,81.97,20.24,21.46,22,20,2,542.0,27.1,0.95,3.51,4.5,16.61,0.25,0.92,1.15,4.24,3.15,1.5,5.54,0.45,1.66,0.75,2.77,5.8,4.5,6.6,10.95,2.2,9.3,2.3,8.49
1212,2. Bundesliga (DE),60489,Sascha Risch,S. Risch,2000-04-13,75.36,17.9,19.49,10,10,0,179.0,17.9,0.5,2.79,2.5,13.97,0.2,1.12,1.3,7.26,2.4,1.3,7.26,0.4,2.23,0.1,0.56,4.2,2.5,5.5,8.1,0.6,3.67,0.8,4.47
1212,2. Bundesliga (DE),60495,Johan Arath Gómez,J. Gómez,2001-07-23,77.81,17.96,21.67,32,32,0,1357.0,42.41,1.31,3.09,6.12,14.44,0.25,0.59,2.03,4.79,8.78,3.53,8.33,0.34,0.81,0.62,1.47,14.66,8.72,12.28,10.25,1.34,4.33,4.16,9.8
1212,2. Bundesliga (DE),60499,Richmond Tachie,R. Tachie,1999-04-21,34.97,9.82,9.21,22,20,2,369.0,18.45,0.2,1.08,2.15,11.65,0.0,0.0,0.5,2.71,2.85,1.2,6.5,0.1,0.54,0.3,1.63,7.55,3.45,6.45,3.05,0.15,1.62,1.55,8.4
1212,2. Bundesliga (DE),60511,Anton-Leander Donkor,A. Donkor,1997-11-11,9.81,1.25,2.25,2,2,0,9.0,4.5,0.0,0.0,1.0,22.23,0.0,0.0,0.5,11.11,1.5,0.0,0.0,0.0,0.0,0.0,0.0,3.0,1.0,1.0,0.5,0.0,0.0,0.5,11.11
1212,2. Bundesliga (DE),60522,Amara Condé,A. Condé,1997-01-06,75.1,20.99,18.02,31,31,0,909.0,29.32,1.45,4.95,5.16,17.6,0.16,0.55,0.94,3.19,3.23,1.19,4.07,0.13,0.44,0.48,1.65,8.19,4.35,6.71,8.71,1.61,7.33,1.94,6.6
1212,2. Bundesliga (DE),60523,Andreas Müller,A. Müller,2000-07-20,58.9,15.05,17.8,22,22,0,797.0,36.23,1.41,3.89,5.36,14.81,0.32,0.88,1.05,2.89,3.59,1.55,4.27,0.5,1.38,1.09,3.01,10.64,7.18,8.86,13.41,1.73,5.04,3.55,9.79
1212,2. Bundesliga (DE),60524,Leon Bell Bell,L. Bell Bell,1996-09-06,69.86,17.09,18.74,24,24,0,764.0,31.83,1.08,3.4,4.88,15.32,0.46,1.44,1.5,4.71,5.75,2.88,9.03,0.17,0.52,0.46,1.44,12.12,5.21,11.92,5.96,0.79,2.98,2.38,7.46
1212,2. Bundesliga (DE),60526,Jason Ceka,J. Ceka,1999-11-10,55.44,15.36,15.18,23,23,0,688.0,29.91,0.43,1.45,3.96,13.23,0.09,0.29,1.0,3.34,2.91,2.87,9.59,0.22,0.73,0.17,0.58,12.0,4.87,10.91,5.65,0.26,1.77,3.0,10.03
1212,2. Bundesliga (DE),60568,Jesper Daland,J. Daland,2000-01-06,75.11,19.65,21.26,23,22,1,353.0,16.05,0.73,4.53,3.09,19.26,0.23,1.42,0.86,5.38,2.64,0.68,4.25,0.64,3.97,0.59,3.68,3.05,1.09,2.86,8.55,2.45,16.82,0.18,1.13
1212,2. Bundesliga (DE),60885,Tan-Kenneth Schmidt,K. Schmidt,2002-06-03,75.34,21.04,20.63,20,19,1,346.0,18.21,1.63,8.96,3.32,18.21,0.26,1.45,0.68,3.76,2.26,0.84,4.63,0.26,1.45,0.68,3.76,3.53,1.95,4.53,8.63,2.11,12.94,0.53,2.89
1212,2. Bundesliga (DE),60919,Joel Felix,J. Felix,1998-01-13,67.1,16.11,18.05,17,17,0,136.0,8.0,0.59,7.35,2.0,25.0,0.06,0.74,0.35,4.41,1.0,0.0,0.0,0.41,5.15,0.29,3.68,0.76,0.41,1.35,4.47,1.06,13.0,0.12,1.47
1212,2. Bundesliga (DE),60920,Stefán Teitur Thórdarson,S. Thórdarson,1998-10-16,55.62,15.79,14.12,16,16,0,324.0,20.25,1.0,4.94,3.0,14.81,0.12,0.62,0.56,2.78,3.5,1.19,5.86,0.38,1.85,0.38,1.85,8.0,2.5,5.38,6.44,1.12,7.45,1.56,7.72
1212,2. Bundesliga (DE),60936,Mladen Cvjetinović,M. Cvjetinović,2003-09-18,78.25,21.21,18.5,1,1,0,14.0,14.0,2.0,14.29,1.0,7.14,0.0,0.0,1.0,7.14,2.0,0.0,0.0,0.0,0.0,0.0,0.0,2.0,1.0,4.0,6.0,3.0,21.43,0.0,0.0
1212,2. Bundesliga (DE),60998,Vinko Šapina,V. Šapina,1995-06-29,68.76,17.09,17.83,14,14,0,374.0,26.71,1.21,4.55,4.5,16.84,0.07,0.27,0.64,2.41,2.93,1.29,4.81,0.14,0.53,0.57,2.14,7.36,3.21,6.71,7.93,0.93,3.86,2.0,7.48
1212,2. Bundesliga (DE),61090,Lukas Kunze,L. Kunze,1998-06-14,10.14,1.78,4.12,2,2,0,18.0,9.0,0.0,0.0,1.5,16.67,0.5,5.56,0.5,5.56,1.5,0.0,0.0,0.0,0.0,1.0,11.11,0.0,2.0,0.0,7.5,1.0,11.67,0.5,5.56
1212,2. Bundesliga (DE),61093,Felix Higl,F. Higl,1997-01-08,24.78,5.65,6.23,18,17,1,200.0,11.76,0.18,1.5,1.35,11.5,0.18,1.5,0.24,2.0,2.29,0.47,4.0,0.06,0.5,0.0,0.0,3.29,2.12,2.65,3.41,0.18,2.55,0.82,7.0
1212,2. Bundesliga (DE),61094,Florian Kleinhansl,F. Kleinhansl,2000-08-11,49.98,12.31,13.73,12,12,0,172.0,14.33,0.17,1.16,2.33,16.28,0.25,1.74,0.5,3.49,2.5,0.5,3.49,0.0,0.0,0.17,1.16,3.92,2.25,5.25,3.42,0.67,5.54,0.58,4.07
1212,2. Bundesliga (DE),61127,Valgeir Lunddal Fridriksson,V. Lunddal Fridriksson,2001-09-24,49.95,14.19,13.49,13,13,0,234.0,18.0,0.31,1.71,3.08,17.09,0.31,1.71,1.0,5.56,2.62,1.08,5.98,0.0,0.0,0.85,4.7,4.15,3.23,4.23,5.54,0.77,6.37,0.77,4.27
1212,2. Bundesliga (DE),61171,Alexander Bernhardsson,A. Bernhardsson,1998-09-08,77.45,20.47,19.84,20,20,0,625.0,31.25,1.05,3.36,4.4,14.08,0.3,0.96,1.55,4.96,4.9,2.55,8.16,0.35,1.12,0.1,0.32,11.3,3.5,11.2,6.0,0.8,3.37,2.6,8.32
1212,2. Bundesliga (DE),61635,Anouar El Azzouzi,A. El Azzouzi,2001-05-29,94.99,25.76,26.8,29,27,2,1496.0,55.41,2.19,3.94,7.07,12.77,0.44,0.8,1.89,3.41,8.7,3.67,6.62,0.19,0.33,0.67,1.2,18.52,10.59,16.63,13.85,2.15,4.82,4.63,8.36
1212,2. Bundesliga (DE),62069,Ben Bobzien,B. Bobzien,2003-04-29,84.1,23.74,22.84,15,15,0,684.0,45.6,1.13,2.48,4.2,9.21,0.6,1.32,1.27,2.78,6.13,3.67,8.04,0.0,0.0,0.33,0.73,20.47,9.6,18.6,6.07,0.6,1.48,4.53,9.94
1212,2. Bundesliga (DE),62104,Noah Weißhaupt,N. Weißhaupt,2001-09-20,33.35,8.38,9.43,6,6,0,117.0,19.5,0.5,2.56,1.0,5.13,0.17,0.85,0.67,3.42,3.67,1.67,8.55,0.0,0.0,0.33,1.71,7.67,4.17,10.0,3.17,0.0,0.0,1.5,7.69
1212,2. Bundesliga (DE),62180,Isac Lidberg,I. Lidberg,1998-09-08,90.48,24.03,23.9,30,29,1,1287.0,44.38,0.24,0.54,5.34,12.04,0.14,0.31,1.97,4.43,10.45,2.76,6.22,0.0,0.0,0.14,0.31,24.93,5.9,12.9,2.86,0.21,1.07,5.21,11.73
1212,2. Bundesliga (DE),63151,Brynjar Ingi Bjarnason,B. Bjarnason,1999-12-06,59.41,13.09,16.51,16,16,0,164.0,10.25,0.31,3.05,2.12,20.73,0.38,3.66,0.62,6.1,1.19,0.19,1.83,0.38,3.66,0.56,5.49,1.19,0.81,2.19,6.38,1.56,16.75,0.12,1.22
1212,2. Bundesliga (DE),63331,Leandro  Morgalla,L. Morgalla,2004-09-13,74.01,16.87,21.8,32,31,1,660.0,21.29,0.77,3.64,3.13,14.7,0.48,2.27,0.74,3.48,2.87,1.9,8.94,0.32,1.52,0.74,3.48,5.45,2.32,6.39,7.1,1.42,7.64,0.94,4.39
1212,2. Bundesliga (DE),63374,Faride Alidou,F. Alidou,2001-07-18,43.46,8.9,12.55,20,19,1,483.0,25.42,0.47,1.86,3.05,12.01,0.16,0.62,0.89,3.52,4.63,1.79,7.04,0.16,0.62,0.26,1.04,9.84,4.16,9.26,3.37,0.42,2.43,2.11,8.28
1212,2. Bundesliga (DE),63429,Norman Bassette,N. Bassette,2004-11-09,57.95,14.05,16.01,16,15,1,377.0,25.13,0.2,0.8,2.87,11.41,0.13,0.53,1.93,7.69,6.47,1.8,7.16,0.0,0.0,0.13,0.53,10.6,3.53,9.4,3.07,0.27,2.4,1.8,7.16
1212,2. Bundesliga (DE),67375,Levente Szabó,L. Szabó,1999-06-06,35.06,7.75,9.57,13,13,0,243.0,18.69,0.0,0.0,1.62,8.64,0.23,1.23,0.62,3.29,5.15,0.85,4.53,0.0,0.0,0.08,0.41,9.62,2.31,7.85,3.23,0.08,0.71,2.38,12.76
1212,2. Bundesliga (DE),67653,Daisuke Yokota,D. Yokota,2000-06-15,65.44,20.11,15.84,30,30,0,1123.0,37.43,0.67,1.78,4.47,11.93,0.3,0.8,1.43,3.83,9.87,3.3,8.82,0.0,0.0,0.17,0.45,18.77,8.3,12.77,3.9,0.4,1.38,3.93,10.51
1212,2. Bundesliga (DE),67779,Marcel Beifus,M. Beifus,2002-10-27,62.99,16.69,16.5,13,13,0,133.0,10.23,0.31,3.01,1.85,18.04,0.15,1.5,0.62,6.02,2.08,0.38,3.76,0.62,6.02,0.31,3.01,1.62,1.0,1.92,5.23,0.85,7.88,0.0,0.0
1212,2. Bundesliga (DE),67781,Lasse Günther,L. Günther,2003-03-21,64.86,17.78,15.73,27,27,0,409.0,15.15,0.7,4.65,2.48,16.38,0.26,1.71,0.74,4.89,2.93,0.93,6.11,0.19,1.22,0.22,1.47,3.63,1.63,4.48,5.33,0.93,8.48,0.56,3.67
1212,2. Bundesliga (DE),67914,Linus Gechter,L. Gechter,2004-02-27,95.01,25.16,25.01,30,30,0,531.0,17.7,0.87,4.9,3.7,20.9,0.23,1.32,0.97,5.46,2.03,0.43,2.45,0.73,4.14,0.93,5.27,3.07,2.17,4.33,9.03,1.53,10.11,0.6,3.39
1212,2. Bundesliga (DE),67959,Philipp Strompf,P. Strompf,1998-04-23,96.93,21.62,28.08,26,25,1,376.0,15.04,0.6,3.99,3.0,19.95,0.12,0.8,0.68,4.52,2.64,0.08,0.53,0.96,6.38,0.68,4.52,2.08,1.0,2.72,9.12,1.96,13.89,0.28,1.86
1212,2. Bundesliga (DE),68238,Look Nicholas Sa Kengkhetid Mickelson,N. Mickelson,1999-07-24,44.72,13.45,10.13,25,25,0,265.0,10.6,0.52,4.91,1.56,14.72,0.12,1.13,0.84,7.93,2.48,0.56,5.28,0.28,2.64,0.36,3.4,2.4,1.48,2.76,3.52,0.56,7.19,0.32,3.02
1212,2. Bundesliga (DE),68577,Eldin Dzogovic,E. Dzogovic,2003-06-08,41.45,12.22,10.31,5,5,0,93.0,18.6,0.8,4.3,2.8,15.05,0.6,3.23,1.2,6.45,2.0,0.8,4.3,0.2,1.08,0.8,4.3,3.6,2.6,5.6,7.4,1.8,11.34,0.4,2.15
1212,2. Bundesliga (DE),68643,Killian Corredor,K. Corredor,2000-11-04,89.01,24.34,23.06,27,26,1,1093.0,42.04,0.42,1.01,5.5,13.08,0.27,0.64,1.23,2.93,7.46,3.85,9.15,0.04,0.09,0.23,0.55,17.0,7.81,14.27,6.19,0.54,1.85,4.08,9.7
1212,2. Bundesliga (DE),68909,Francis-Ikechukwu Onyeka,F. Onyeka,2007-04-29,79.9,18.19,23.9,29,28,1,1321.0,47.18,0.68,1.44,5.46,11.58,0.32,0.68,1.89,4.01,8.57,3.61,7.65,0.11,0.23,0.32,0.68,20.82,6.93,15.39,6.57,0.82,3.27,6.14,13.02
1212,2. Bundesliga (DE),68916,Ken Eghosa Gideon Izekor,K. Izekor,2007-05-24,14.46,3.95,5.19,1,1,0,22.0,22.0,1.0,4.55,2.0,9.09,0.0,0.0,0.0,0.0,6.0,1.0,4.55,0.0,0.0,0.0,0.0,9.0,7.0,5.0,2.0,1.0,4.55,3.0,13.64
1212,2. Bundesliga (DE),68922,Daniel Hülsenbusch,D. Hülsenbusch,2005-01-18,16.16,4.68,3.7,1,1,0,5.0,5.0,1.0,20.0,1.0,20.0,0.0,0.0,0.0,0.0,3.0,0.0,0.0,0.0,0.0,0.0,0.0,0.0,1.0,1.0,5.0,0.0,0.0,0.0,0.0
1212,2. Bundesliga (DE),68942,Batuhan Zidan Sertdemir,Z. Sertdemir,2005-02-04,60.25,16.68,14.54,20,19,1,690.0,36.32,0.58,1.59,5.42,14.93,0.47,1.3,1.79,4.93,5.53,2.79,7.68,0.16,0.43,0.26,0.72,13.05,7.26,10.37,7.58,0.79,2.88,2.89,7.97
1212,2. Bundesliga (DE),68949,Noah Pesch,N. Pesch,2005-05-18,29.17,8.61,6.64,19,19,0,245.0,12.89,0.32,2.45,1.84,14.29,0.26,2.04,0.84,6.53,2.47,1.11,8.57,0.0,0.0,0.26,2.04,4.47,2.11,4.37,2.21,0.11,1.63,1.0,7.75
1212,2. Bundesliga (DE),68955,Caspar Jander,C. Jander,2003-03-23,97.6,31.55,24.22,1,1,0,69.0,69.0,4.0,5.8,7.0,10.14,0.0,0.0,1.0,1.45,7.0,3.0,4.35,0.0,0.0,0.0,0.0,41.0,16.0,23.0,13.0,3.0,4.35,2.0,2.9
1212,2. Bundesliga (DE),68956,Hamza Anhari,H. Anhari,2004-01-30,24.95,7.82,3.48,1,1,0,3.0,3.0,0.0,0.0,1.0,33.33,0.0,0.0,0.0,0.0,1.0,0.0,0.0,0.0,0.0,0.0,0.0,0.0,0.0,0.0,0.0,0.0,,1.0,33.33
1212,2. Bundesliga (DE),69233,Enzo Leopold,E. Leopold,2000-07-23,99.98,30.24,23.72,34,34,0,1260.0,37.06,1.88,5.08,6.74,18.17,0.21,0.56,1.09,2.94,5.44,1.91,5.16,0.5,1.35,0.94,2.54,11.88,6.21,9.79,11.03,1.79,5.64,2.65,7.14
1212,2. Bundesliga (DE),69930,Janne Berner,J. Berner,2005-04-06,40.35,8.14,11.87,2,2,0,34.0,17.0,0.5,2.94,3.5,20.59,1.0,5.88,1.0,5.88,2.5,1.0,5.88,0.5,2.94,1.0,5.88,3.0,2.0,4.5,5.0,1.0,8.27,0.0,0.0
1212,2. Bundesliga (DE),69931,Benjamin Bediako Boakye,B. Boakye,2005-03-07,55.13,13.52,14.19,25,25,0,565.0,22.6,0.56,2.48,4.24,18.76,0.2,0.88,1.52,6.73,4.0,0.92,4.07,0.08,0.35,0.8,3.54,5.16,3.32,6.44,7.4,0.8,4.01,1.16,5.13
1212,2. Bundesliga (DE),69932,Luca Raimund,L. Raimund,2005-04-09,41.11,10.57,10.89,15,15,0,361.0,24.07,0.47,1.94,3.87,16.07,0.07,0.28,1.0,4.16,4.0,1.53,6.37,0.13,0.55,0.27,1.11,8.6,5.4,7.87,5.07,0.67,5.89,1.53,6.37
1212,2. Bundesliga (DE),69935,Laurin Ulrich,L. Ulrich,2005-01-31,88.51,26.6,21.38,33,32,1,1527.0,47.72,1.59,3.34,6.75,14.15,0.22,0.46,1.72,3.6,6.09,3.22,6.74,0.12,0.26,0.34,0.72,13.25,9.19,14.62,11.72,1.22,3.02,4.09,8.58
1212,2. Bundesliga (DE),69949,Berkay Yılmaz,B. Yılmaz,2005-02-25,97.67,25.81,25.95,33,33,0,997.0,30.21,1.58,5.22,5.12,16.95,0.42,1.4,1.82,6.02,4.03,2.15,7.12,0.33,1.1,0.55,1.81,7.64,4.06,9.18,9.73,1.73,6.62,1.91,6.32
1212,2. Bundesliga (DE),69962,Ruben Müller,R. Müller,2005-08-24,53.5,15.03,13.27,22,22,0,602.0,27.36,0.64,2.33,3.68,13.45,0.73,2.66,1.0,3.65,5.41,2.32,8.47,0.05,0.17,0.09,0.33,10.64,4.91,8.59,4.59,0.5,3.69,2.36,8.64
1212,2. Bundesliga (DE),70297,Dennis  Seimen,D. Seimen,2005-12-01,101.71,28.48,24.85,34,34,0,0.0,0.0,0.0,,0.0,,0.0,,0.0,,0.0,0.0,,0.0,,0.0,,0.0,0.0,0.0,0.0,0.0,,0.0,
1212,2. Bundesliga (DE),70304,Mika Joel Baur,M. Baur,2004-07-09,89.15,25.19,21.82,33,33,0,1307.0,39.61,0.94,2.37,6.12,15.46,0.3,0.77,1.61,4.06,7.24,2.36,5.97,0.09,0.23,0.36,0.92,12.82,7.0,11.88,10.09,1.09,3.52,3.06,7.73
1212,2. Bundesliga (DE),70316,Marco Wörner,M. Wörner,2004-09-25,25.75,8.31,7.19,4,4,0,80.0,20.0,0.5,2.5,2.25,11.25,0.25,1.25,0.25,1.25,5.0,1.0,5.0,0.0,0.0,0.0,0.0,8.25,3.5,4.75,1.0,0.25,1.75,1.75,8.75
1212,2. Bundesliga (DE),70339,Falko Michel,F. Michel,2001-01-14,77.49,23.62,18.68,29,28,1,711.0,25.39,1.07,4.22,4.93,19.41,0.21,0.84,0.71,2.81,3.93,0.89,3.52,0.39,1.55,0.43,1.69,6.07,3.89,7.0,8.71,1.82,9.23,1.14,4.5
1212,2. Bundesliga (DE),70340,Matej Maglica,M. Maglica,1998-09-25,81.87,21.96,21.0,30,30,0,464.0,15.47,0.83,5.39,3.37,21.77,0.3,1.94,0.97,6.25,2.07,0.13,0.86,0.43,2.8,0.97,6.25,2.4,1.73,3.3,9.23,2.07,13.83,0.23,1.51
1212,2. Bundesliga (DE),70562,Andi Hoti,A. Hoti,2003-03-02,67.88,16.33,18.93,16,16,0,208.0,13.0,0.5,3.85,3.44,26.44,0.44,3.37,0.56,4.33,1.5,0.38,2.88,0.5,3.85,0.56,4.33,1.75,1.12,2.62,8.38,2.25,18.27,0.19,1.44
1212,2. Bundesliga (DE),70832,Claudio Kammerknecht,C. Kammerknecht,1999-07-07,52.75,14.42,12.45,12,12,0,155.0,12.92,0.92,7.1,2.67,20.64,0.17,1.29,0.58,4.52,1.67,0.33,2.58,0.5,3.87,0.5,3.87,1.75,1.83,2.33,5.92,1.42,12.47,0.33,2.58
1212,2. Bundesliga (DE),70849,Moritz Broschinski,M. Broschinski,2000-09-23,75.42,18.7,15.56,2,2,0,68.0,34.0,1.5,4.41,6.5,19.12,0.0,0.0,1.5,4.41,7.5,1.5,4.41,0.0,0.0,0.0,0.0,18.0,5.5,9.0,0.5,0.0,0.0,3.0,8.82
1212,2. Bundesliga (DE),72012,Magnus Nordengen Knudsen,M. Knudsen,2001-06-15,73.87,19.3,19.32,17,17,0,592.0,34.82,0.88,2.53,5.59,16.05,0.41,1.18,1.88,5.41,6.71,2.35,6.76,0.35,1.01,0.59,1.69,11.29,5.0,9.76,11.35,2.0,6.54,3.59,10.3
1212,2. Bundesliga (DE),73227,Antonio Tikvić,A. Tikvić,2004-04-21,11.0,3.05,1.69,1,1,0,2.0,2.0,0.0,0.0,1.0,50.0,0.0,0.0,0.0,0.0,0.0,0.0,0.0,0.0,0.0,0.0,0.0,0.0,0.0,1.0,2.0,0.0,0.0,0.0,0.0
1212,2. Bundesliga (DE),73275,Dariusz Stalmach,D. Stalmach,2005-12-08,47.68,13.8,11.29,24,23,1,510.0,22.17,1.22,5.49,4.0,18.04,0.22,0.98,0.83,3.72,4.7,1.04,4.71,0.3,1.37,0.39,1.76,5.22,3.83,6.26,7.04,1.57,8.97,1.48,6.67
1212,2. Bundesliga (DE),76755,Luka Hyryläinen,L. Hyryläinen,2004-08-25,51.74,15.9,12.43,8,8,0,159.0,19.88,0.5,2.52,3.5,17.61,0.62,3.14,0.38,1.89,3.0,1.0,5.03,0.62,3.15,0.38,1.89,3.5,4.0,4.12,7.62,1.62,10.56,0.62,3.15
1212,2. Bundesliga (DE),76806,Ali Eren Ersungur,A. Ersungur,2005-11-22,11.93,2.9,2.1,1,1,0,7.0,7.0,0.0,0.0,1.0,14.29,0.0,0.0,2.0,28.57,2.0,0.0,0.0,0.0,0.0,0.0,0.0,6.0,3.0,1.0,0.0,0.0,,1.0,14.29
1212,2. Bundesliga (DE),76817,Florian  Micheler,F. Micheler,2005-05-17,27.06,7.04,6.57,4,4,0,50.0,12.5,0.0,0.0,2.0,16.0,0.0,0.0,0.0,0.0,0.75,1.0,8.0,0.0,0.0,0.0,0.0,5.25,1.0,4.5,2.0,0.25,2.21,0.5,4.0
1212,2. Bundesliga (DE),84586,Emil Winther Højlund,E. Højlund,2005-01-04,42.62,8.04,9.56,3,3,0,65.0,21.67,0.33,1.54,1.67,7.69,0.0,0.0,0.0,0.0,1.67,1.33,6.15,0.0,0.0,0.0,0.0,10.67,4.0,9.33,1.0,0.0,0.0,1.67,7.69
1212,2. Bundesliga (DE),90581,Tim Rossmann,T. Rossmann,2003-11-11,53.48,17.51,13.3,5,5,0,95.0,19.0,0.6,3.16,2.4,12.63,0.2,1.05,0.4,2.11,2.4,0.4,2.11,0.0,0.0,0.2,1.05,6.8,3.4,6.6,2.6,0.2,1.71,0.4,2.11
1212,2. Bundesliga (DE),90582,Stefano Marino,S. Marino,2004-03-12,50.44,13.48,13.09,27,27,0,787.0,29.15,0.26,0.89,4.0,13.72,0.19,0.64,1.11,3.81,4.15,2.11,7.24,0.04,0.13,0.07,0.25,16.15,5.15,9.07,1.74,0.19,1.52,2.22,7.62
1212,2. Bundesliga (DE),92737,Sidi Sané,S. Sané,2003-04-21,40.14,10.45,9.83,23,23,0,429.0,18.65,0.35,1.86,2.91,15.62,0.26,1.4,0.61,3.26,3.61,1.26,6.76,0.0,0.0,0.04,0.23,7.96,1.74,6.78,2.52,0.26,3.96,1.35,7.23
1212,2. Bundesliga (DE),92744,Mattes Hansen,M. Hansen,2004-05-15,67.93,19.59,16.52,29,29,0,557.0,19.21,0.97,5.03,3.97,20.65,0.38,1.97,0.41,2.15,2.45,0.72,3.77,0.31,1.62,0.45,2.33,4.79,2.21,4.79,6.76,1.24,8.21,0.79,4.13
1212,2. Bundesliga (DE),92749,Juan Ignacio Cabrera,J. Cabrera,2003-02-27,16.47,3.75,4.68,3,2,1,41.0,20.5,1.5,7.32,3.0,14.63,0.0,0.0,0.5,2.44,1.0,2.5,12.2,0.0,0.0,0.0,0.0,1.5,4.5,5.0,13.5,2.0,10.89,1.5,7.31
1212,2. Bundesliga (DE),92751,Louis Köster,L. Köster,2003-01-25,33.71,8.74,6.48,3,3,0,40.0,13.33,0.0,0.0,2.0,15.0,0.0,0.0,1.33,10.0,2.33,0.33,2.5,0.0,0.0,0.33,2.5,2.33,2.33,5.33,2.33,0.33,2.6,1.0,7.5
1212,2. Bundesliga (DE),98115,Max Grüger,M. Grüger,2005-05-24,21.18,3.83,5.12,4,4,0,57.0,14.25,0.0,0.0,2.5,17.54,0.0,0.0,0.5,3.51,1.5,1.5,10.53,0.0,0.0,0.0,0.0,4.25,3.0,3.25,1.25,0.0,0.0,2.0,14.04
1212,2. Bundesliga (DE),98120,Taylan  Bulut,T. Bulut,2006-01-19,22.71,5.43,3.1,2,2,0,6.0,3.0,0.0,0.0,0.0,0.0,0.0,0.0,0.5,16.67,1.0,0.0,0.0,0.5,16.67,0.0,0.0,1.0,0.0,0.0,1.0,0.5,10.0,0.0,0.0
1212,2. Bundesliga (DE),98121,Vitalie  Becker,V. Becker,2005-03-03,79.21,15.61,21.93,20,20,0,525.0,26.25,0.7,2.67,4.8,18.29,0.55,2.09,1.95,7.43,6.25,1.75,6.67,0.55,2.1,0.6,2.29,8.25,3.4,7.5,8.45,2.3,10.93,1.15,4.38
1212,2. Bundesliga (DE),98134,Julian Pauli,J. Pauli,2005-07-18,93.59,24.46,25.31,20,20,0,410.0,20.5,1.05,5.12,5.3,25.85,0.45,2.2,1.3,6.34,3.05,0.35,1.71,0.85,4.15,1.1,5.37,4.05,2.15,4.3,10.25,2.35,11.7,0.75,3.66
1212,2. Bundesliga (DE),99674,Lucas Copado Schrobenhauser,Lucas Copado,2004-01-10,41.73,12.32,9.3,9,9,0,191.0,21.22,0.44,2.09,3.22,15.18,0.0,0.0,0.78,3.66,6.56,1.0,4.71,0.0,0.0,0.0,0.0,9.44,4.22,7.0,1.89,0.11,3.92,1.78,8.37
1212,2. Bundesliga (DE),101496,Meiko Wäschenbach,M. Wäschenbach,2004-01-13,45.65,12.04,13.31,11,11,0,282.0,25.64,0.64,2.48,4.0,15.6,0.18,0.71,0.82,3.19,2.91,2.09,8.16,0.0,0.0,0.55,2.13,6.73,5.36,6.09,9.64,1.36,5.74,1.36,5.32
1212,2. Bundesliga (DE),103047,Niko Koulis,N. Koulis,1999-05-04,64.2,14.03,18.6,16,16,0,169.0,10.56,0.75,7.1,2.25,21.3,0.06,0.59,0.31,2.96,1.12,0.25,2.37,0.56,5.32,0.19,1.77,1.44,1.12,2.44,7.25,1.75,17.46,0.06,0.59
1212,2. Bundesliga (DE),105429,Robert Geller,R. Geller,2004-01-05,13.77,3.13,2.4,2,2,0,13.0,6.5,0.0,0.0,0.0,0.0,0.0,0.0,1.0,15.38,1.5,0.5,7.69,0.0,0.0,0.0,0.0,2.0,1.5,2.0,1.5,0.5,12.5,0.0,0.0
1212,2. Bundesliga (DE),105445,Julian Eitschberger,J. Eitschberger,2004-03-05,50.05,12.46,13.71,25,25,0,516.0,20.64,0.64,3.1,3.52,17.05,0.32,1.55,1.0,4.84,3.08,0.96,4.65,0.48,2.33,0.88,4.26,4.04,3.36,4.08,8.72,1.16,7.38,0.8,3.88
1212,2. Bundesliga (DE),105599,Grant-Leon Ranos,G. Ranos,2003-07-20,36.0,8.76,9.21,11,11,0,202.0,18.36,0.18,0.99,3.0,16.34,0.18,0.99,0.64,3.47,3.73,1.09,5.94,0.09,0.5,0.0,0.0,6.73,3.73,5.0,2.27,0.27,1.83,1.73,9.41
1212,2. Bundesliga (DE),105602,David Herold,D. Herold,2003-02-20,95.41,24.9,27.47,32,32,0,1045.0,32.66,1.41,4.31,5.34,16.36,0.44,1.34,1.59,4.88,5.25,2.16,6.6,0.59,1.82,1.06,3.25,7.78,5.09,10.53,9.97,1.56,5.2,1.44,4.4
1212,2. Bundesliga (DE),105605,Tarek Buchmann,T. Buchmann,2005-02-28,54.11,10.99,15.98,2,2,0,21.0,10.5,0.0,0.0,3.0,28.57,0.5,4.76,0.0,0.0,1.0,0.0,0.0,0.5,4.76,2.0,19.05,1.5,0.5,1.5,7.5,1.5,15.29,0.0,0.0
1212,2. Bundesliga (DE),105618,Danny Schmidt,D. Schmidt,2003-01-30,28.83,8.01,7.08,11,10,1,145.0,14.5,0.4,2.76,1.9,13.1,0.0,0.0,0.8,5.52,3.3,0.8,5.52,0.0,0.0,0.4,2.76,5.1,2.1,4.9,2.6,0.0,0.0,2.3,15.86
1212,2. Bundesliga (DE),105744,Aiman Dardari,A. Dardari,2005-03-21,22.32,5.29,5.78,5,5,0,48.0,9.6,0.2,2.08,0.6,6.25,0.0,0.0,0.4,4.17,2.4,0.8,8.33,0.4,4.17,0.2,2.08,2.0,1.2,3.4,2.8,0.6,6.35,1.4,14.59
1212,2. Bundesliga (DE),105775,Maurice Krattenmacher,M. Krattenmacher,2005-08-11,37.39,10.03,9.68,22,22,0,402.0,18.27,0.27,1.49,2.68,14.68,0.09,0.5,0.45,2.49,2.59,1.55,8.46,0.0,0.0,0.14,0.75,6.55,3.09,5.95,2.18,0.23,2.16,2.32,12.69
1212,2. Bundesliga (DE),105819,David Schramm,D. Schramm,2006-06-28,65.77,15.17,20.18,3,3,0,87.0,29.0,1.33,4.6,4.67,16.09,0.33,1.15,1.33,4.6,2.67,2.0,6.89,0.0,0.0,0.0,0.0,8.33,5.33,9.33,10.33,4.0,16.04,1.67,5.75
1212,2. Bundesliga (DE),105821,Mika Haas,M. Haas,2005-08-11,88.3,21.21,23.74,27,24,3,786.0,32.75,1.25,3.82,5.08,15.52,0.83,2.54,1.96,5.98,4.33,2.33,7.13,0.5,1.53,0.58,1.78,7.5,5.29,11.25,10.46,1.75,6.88,1.21,3.69
1212,2. Bundesliga (DE),108967,Luca Schnellbacher,L. Schnellbacher,1994-05-06,26.88,7.2,6.57,28,28,0,344.0,12.29,0.18,1.45,1.18,9.59,0.0,0.0,0.46,3.78,2.39,0.79,6.4,0.0,0.0,0.07,0.58,5.75,1.96,3.75,1.32,0.0,0.0,0.86,6.98
1212,2. Bundesliga (DE),110451,Joel Grodowski,J. Grodowski,1997-11-30,68.36,16.98,16.65,32,32,0,1164.0,36.38,0.56,1.55,4.56,12.54,0.16,0.43,1.47,4.04,8.62,2.25,6.18,0.06,0.17,0.22,0.6,16.66,6.97,11.91,2.34,0.12,0.4,3.06,8.42
1212,2. Bundesliga (DE),110460,Jannik Rochelt,J. Rochelt,1998-09-27,61.89,16.78,14.65,30,30,0,883.0,29.43,0.7,2.38,3.87,13.14,0.23,0.79,1.1,3.74,7.5,1.87,6.34,0.13,0.45,0.37,1.25,11.23,4.37,10.37,5.0,0.53,2.23,2.67,9.06
1212,2. Bundesliga (DE),110464,Marcel Hoffmeier,M. Hoffmeier,1999-07-15,99.9,26.33,27.16,4,4,0,84.0,21.0,0.75,3.57,4.75,22.62,0.25,1.19,1.5,7.14,4.0,0.5,2.38,1.0,4.76,1.5,7.14,2.25,1.75,5.0,10.0,2.25,15.03,1.0,4.76
1212,2. Bundesliga (DE),110518,Simon Scherder,S. Scherder,1993-04-02,53.69,14.2,14.26,7,7,0,44.0,6.29,0.14,2.27,1.43,22.73,0.14,2.27,0.43,6.82,1.14,0.29,4.54,0.57,9.09,0.0,0.0,0.43,0.57,0.71,4.43,1.29,23.8,0.14,2.27
1212,2. Bundesliga (DE),111933,Hendry  Blank,H. Blank,2004-08-21,37.17,10.55,8.48,12,12,0,82.0,6.83,0.25,3.66,1.25,18.29,0.17,2.44,0.58,8.54,1.17,0.25,3.66,0.25,3.66,0.25,3.66,1.25,0.67,1.42,3.42,0.42,7.74,0.0,0.0
1212,2. Bundesliga (DE),116318,Tjark  Ernst,T. Ernst,2003-03-15,100.21,26.48,26.85,33,33,0,0.0,0.0,0.0,,0.0,,0.0,,0.0,,0.0,0.0,,0.0,,0.0,,0.0,0.0,0.0,0.0,0.0,,0.0,
1212,2. Bundesliga (DE),119724,Bambasé  Conté,B. Conté,2003-07-07,82.15,23.85,18.28,25,25,0,1147.0,45.88,1.24,2.7,5.92,12.9,0.12,0.26,1.96,4.27,8.56,3.36,7.32,0.0,0.0,0.2,0.44,19.12,8.2,14.28,5.12,0.56,2.91,3.56,7.76
1212,2. Bundesliga (DE),120556,Tim Hoffmann,T. Hoffmann,2005-02-26,18.08,3.3,8.47,1,1,0,3.0,3.0,0.0,0.0,1.0,33.33,0.0,0.0,0.0,0.0,1.0,0.0,0.0,0.0,0.0,0.0,0.0,0.0,0.0,1.0,3.0,0.0,0.0,0.0,0.0
1212,2. Bundesliga (DE),120557,Noël Aséko Nkili,N. Aséko,2005-11-22,77.68,24.24,18.71,32,32,0,1263.0,39.47,1.31,3.33,5.84,14.81,0.31,0.79,1.34,3.4,7.69,2.69,6.81,0.16,0.4,0.41,1.03,15.53,7.06,11.53,6.88,0.97,3.31,2.53,6.41
1212,2. Bundesliga (DE),120558,Rafael  Lubach,R. Lubach,2005-01-11,80.29,21.39,21.38,29,29,0,1280.0,44.14,0.9,2.03,6.97,15.78,0.45,1.02,1.69,3.83,8.24,3.14,7.11,0.28,0.62,0.69,1.56,16.52,7.72,12.76,9.1,0.97,2.58,4.31,9.77
1212,2. Bundesliga (DE),142562,Johannes Schenk,J. Schenk,2003-01-13,99.14,25.48,25.36,31,30,1,0.0,0.0,0.0,,0.0,,0.0,,0.0,,0.0,0.0,,0.0,,0.0,,0.0,0.0,0.0,0.0,0.0,,0.0,
1212,2. Bundesliga (DE),144987,Mikkel Rakneberg,M. Rakneberg,2002-02-28,27.76,5.97,10.2,5,5,0,48.0,9.6,0.4,4.17,1.2,12.5,0.0,0.0,0.6,6.25,1.6,1.0,10.41,0.4,4.16,1.0,10.42,2.6,1.2,4.2,4.0,0.6,5.55,0.2,2.08
1212,2. Bundesliga (DE),152166,Hasan Kuruçay,H. Kuruçay,1997-08-31,90.21,20.13,23.51,29,29,0,437.0,15.07,0.69,4.58,2.86,18.99,0.34,2.29,0.83,5.49,2.79,0.34,2.29,0.66,4.35,0.24,1.6,2.97,1.45,3.1,7.59,1.76,12.41,0.31,2.06
1212,2. Bundesliga (DE),155334,Franz Roggow,F. Roggow,2002-07-14,23.75,6.79,6.16,7,7,0,89.0,12.71,0.43,3.37,2.43,19.1,0.0,0.0,0.71,5.62,1.43,1.14,8.99,0.0,0.0,0.14,1.12,4.86,2.43,4.14,2.14,0.43,3.19,1.57,12.36
1212,2. Bundesliga (DE),161509,Umut Tohumcu,U. Tohumcu,2004-08-11,71.96,19.57,18.29,13,12,1,461.0,38.42,0.83,2.17,5.25,13.67,0.17,0.43,1.5,3.9,7.83,2.67,6.94,0.0,0.0,0.42,1.08,15.42,7.17,13.5,7.0,0.5,1.45,3.92,10.2
1212,2. Bundesliga (DE),161791,Felix Keidel,F. Keidel,2003-06-14,60.07,16.8,13.41,25,25,0,461.0,18.44,0.72,3.9,2.76,14.97,0.24,1.3,1.08,5.86,2.56,0.76,4.12,0.36,1.95,0.76,4.12,3.56,2.8,5.6,6.24,0.88,4.89,0.56,3.04
1212,2. Bundesliga (DE),162566,Pascal Klemens,P. Klemens,2005-02-23,57.12,12.81,16.15,7,7,0,142.0,20.29,1.0,4.93,3.29,16.2,0.29,1.41,1.43,7.04,2.0,1.29,6.34,0.43,2.11,0.71,3.52,4.43,3.29,3.71,11.0,1.57,8.73,2.0,9.86
1212,2. Bundesliga (DE),163360,Styopa Mkrtchyan,S. Mkrtchyan,2003-02-17,69.86,18.41,19.55,3,3,0,43.0,14.33,2.33,16.28,1.67,11.63,0.0,0.0,0.67,4.65,2.0,0.67,4.65,0.67,4.65,1.0,6.98,2.0,1.0,2.33,7.67,2.67,19.13,0.0,0.0
1212,2. Bundesliga (DE),167199,Florian Le Joncour,F. Le Joncour,1995-02-03,71.03,19.03,17.36,18,18,0,176.0,9.78,0.44,4.54,2.44,25.0,0.28,2.84,0.44,4.54,1.61,0.39,3.98,0.39,3.98,0.33,3.41,1.28,0.67,1.44,5.5,1.44,15.71,0.06,0.57
1212,2. Bundesliga (DE),171152,Jonas Torrissen Therkelsen,J. Therkelsen,2003-05-05,70.2,18.21,17.5,34,33,1,1067.0,32.33,1.03,3.19,4.39,13.59,0.24,0.75,1.45,4.5,5.82,2.48,7.68,0.03,0.09,0.36,1.12,10.97,4.67,10.24,6.18,0.61,2.34,3.0,9.28
1212,2. Bundesliga (DE),173095,Luca Bolay,L. Bolay,2002-07-25,63.16,17.92,15.02,16,15,1,354.0,23.6,1.07,4.52,4.73,20.05,0.53,2.26,1.33,5.65,2.93,1.13,4.8,0.13,0.57,0.8,3.39,5.27,3.07,6.87,8.0,0.93,3.71,0.87,3.67
1212,2. Bundesliga (DE),174321,Sayfallah Ltaief,S. Ltaief,2000-04-22,64.43,17.01,16.43,13,13,0,414.0,31.85,1.0,3.14,4.31,13.53,0.08,0.24,0.77,2.42,5.31,2.31,7.25,0.0,0.0,0.23,0.73,12.15,5.15,10.08,4.92,0.38,1.41,3.0,9.42
1212,2. Bundesliga (DE),175190,Robin Heußer,R. Heußer,1998-05-23,76.1,17.55,21.29,30,30,0,1538.0,51.27,1.33,2.6,8.57,16.71,0.27,0.52,1.77,3.45,5.47,4.1,8.0,0.07,0.13,0.37,0.71,19.2,9.2,15.8,10.5,1.4,3.42,4.37,8.52
1212,2. Bundesliga (DE),179784,Jonas Kersken,J. Kersken,2000-09-01,99.92,25.21,24.22,33,33,0,0.0,0.0,0.0,,0.0,,0.0,,0.0,,0.0,0.0,,0.0,,0.0,,0.0,0.0,0.0,0.0,0.0,,0.0,
1212,2. Bundesliga (DE),180004,Sanoussy Ba,S. Ba,2004-01-05,12.5,1.88,5.89,1,1,0,15.0,15.0,1.0,6.67,1.0,6.67,1.0,6.67,2.0,13.33,1.0,1.0,6.67,0.0,0.0,0.0,0.0,3.0,2.0,3.0,3.0,0.0,0.0,1.0,6.67
1212,2. Bundesliga (DE),180012,Calvin Brackelmann,C. Brackelmann,1999-08-22,94.41,26.14,23.32,24,24,0,528.0,22.0,1.12,5.11,4.67,21.21,0.33,1.52,1.33,6.06,4.12,0.62,2.84,0.67,3.03,1.04,4.74,4.38,2.83,3.54,10.58,2.25,10.8,0.58,2.65
1212,2. Bundesliga (DE),180750,Atanas Chernev,A. Chernev,2002-03-25,58.31,12.71,16.9,7,7,0,108.0,15.43,0.71,4.63,3.0,19.45,0.14,0.93,0.57,3.71,1.86,0.57,3.7,0.57,3.7,0.71,4.63,2.57,1.14,5.14,8.14,1.71,12.37,0.43,2.78
1212,2. Bundesliga (DE),181100,Daniel Heber,D. Heber,1994-07-04,60.83,19.41,12.4,3,3,0,58.0,19.33,0.67,3.45,5.0,25.86,0.33,1.73,0.67,3.45,4.33,1.0,5.17,0.67,3.45,0.67,3.45,3.0,2.67,3.67,10.0,1.33,7.16,1.0,5.17
1212,2. Bundesliga (DE),181101,Isaiah Ahmad Young,I. Young,1998-03-30,33.94,9.09,7.64,17,17,0,276.0,16.24,0.41,2.54,2.29,14.13,0.06,0.36,0.65,3.99,3.76,0.65,3.99,0.06,0.36,0.12,0.73,5.94,3.41,5.53,2.06,0.35,3.11,1.18,7.25
1212,2. Bundesliga (DE),181124,Maurice Neubauer,M. Neubauer,1996-04-29,91.21,27.75,21.65,31,31,0,979.0,31.58,1.1,3.47,4.97,15.73,0.39,1.23,1.26,3.98,6.35,2.13,6.74,0.23,0.72,0.55,1.74,11.87,5.0,12.52,6.94,0.94,3.39,1.71,5.41
1212,2. Bundesliga (DE),181125,Nicolas  Kristof,N. Kristof,1999-12-20,100.12,28.48,23.38,34,34,0,0.0,0.0,0.0,,0.0,,0.0,,0.0,,0.0,0.0,,0.0,,0.0,,0.0,0.0,0.0,0.0,0.0,,0.0,
1212,2. Bundesliga (DE),181131,Semih Şahin,S. Şahin,1999-12-22,78.73,20.01,20.74,32,29,3,1292.0,44.55,1.41,3.17,6.21,13.93,0.21,0.46,1.76,3.95,8.0,3.03,6.81,0.1,0.23,0.86,1.93,13.79,8.62,13.66,11.66,1.48,4.01,3.17,7.12
1212,2. Bundesliga (DE),181138,Alexander Nollenberger,A. Nollenberger,1997-06-04,90.79,27.25,21.4,31,30,1,889.0,29.63,0.83,2.81,5.37,18.11,0.33,1.12,1.23,4.16,3.6,1.8,6.07,0.17,0.56,0.47,1.57,8.8,4.13,10.83,6.93,1.4,6.09,1.6,5.4
1212,2. Bundesliga (DE),181258,Adrian Gantenbein,A. Gantenbein,2001-04-18,53.3,11.16,14.75,18,18,0,455.0,25.28,1.0,3.96,3.5,13.85,0.33,1.32,1.22,4.83,5.0,1.56,6.15,0.11,0.44,0.39,1.54,10.56,4.78,10.0,4.94,1.22,9.05,2.0,7.91
1212,2. Bundesliga (DE),181690,Phil Harres,P. Harres,2002-03-25,73.42,19.38,18.34,33,32,1,916.0,28.62,0.25,0.87,4.0,13.97,0.09,0.33,1.12,3.93,8.69,1.94,6.77,0.06,0.22,0.06,0.22,13.84,3.41,9.47,2.28,0.06,0.25,2.66,9.28
1212,2. Bundesliga (DE),184459,Jarzinho Ataide Adriano  de Nascimento Malanga,J. Malanga,2006-07-10,28.43,7.59,6.7,23,23,0,461.0,20.04,0.52,2.6,2.74,13.66,0.0,0.0,0.35,1.73,3.39,1.65,8.24,0.04,0.22,0.26,1.3,8.26,5.09,5.65,2.96,0.26,2.11,2.52,12.58
1212,2. Bundesliga (DE),184474,Leon Parduzi,L. Parduzi,2006-12-10,19.63,5.56,5.07,1,1,0,8.0,8.0,1.0,12.5,3.0,37.5,0.0,0.0,1.0,12.5,1.0,0.0,0.0,0.0,0.0,2.0,25.0,1.0,1.0,4.0,4.0,0.0,0.0,0.0,0.0
1212,2. Bundesliga (DE),184478,Louey Ben Farhat,L. Ben Farhat,2006-07-19,70.4,18.37,20.94,20,20,0,796.0,39.8,0.5,1.26,4.35,10.93,0.05,0.13,1.7,4.27,9.6,3.1,7.79,0.0,0.0,0.2,0.5,20.6,6.1,15.4,2.55,0.15,0.23,4.0,10.05
1212,2. Bundesliga (DE),184488,Mateo Kritzer,M. Kritzer,2006-03-07,5.5,1.01,1.63,3,3,0,14.0,4.67,0.0,0.0,0.67,14.28,0.0,0.0,0.33,7.14,0.67,0.33,7.14,0.0,0.0,0.0,0.0,0.67,1.33,0.67,1.67,0.33,9.09,0.0,0.0
1212,2. Bundesliga (DE),186089,Torge Paetow,T. Paetow,1995-08-14,51.53,11.61,13.91,19,19,0,275.0,14.47,0.68,4.73,2.89,20.0,0.26,1.82,0.79,5.45,1.32,0.58,4.0,0.32,2.18,0.63,4.36,2.37,1.58,3.21,6.79,1.11,9.12,0.68,4.73
1212,2. Bundesliga (DE),186809,Fabio Di Michele Sánchez,F. Di Michele Sánchez,2003-03-14,72.14,16.29,20.36,29,29,0,830.0,28.62,0.79,2.77,4.55,15.9,0.55,1.93,1.31,4.58,3.79,1.69,5.9,0.31,1.08,0.72,2.53,9.45,4.03,9.07,9.21,1.41,5.74,1.14,3.98
1212,2. Bundesliga (DE),205312,Satoshi  Tanaka,S. Tanaka,2002-08-13,93.57,26.89,24.4,13,13,0,649.0,49.92,1.54,3.08,9.69,19.41,0.23,0.46,1.46,2.93,9.23,2.62,5.24,0.38,0.77,0.46,0.93,13.38,7.54,11.08,18.54,1.92,4.6,3.62,7.24
1212,2. Bundesliga (DE),209144,Frederik Schmahl,F. Schmahl,2002-12-21,44.98,13.19,9.67,28,28,0,488.0,17.43,0.46,2.66,2.46,14.14,0.14,0.82,0.54,3.07,1.93,0.68,3.89,0.04,0.2,0.32,1.84,4.75,3.14,3.39,5.18,0.79,5.01,1.68,9.63
1212,2. Bundesliga (DE),209145,Andu Yobel Kelati,A. Kelati,2002-08-13,68.7,18.38,15.92,6,6,0,251.0,41.83,0.83,1.99,5.67,13.55,0.17,0.4,1.33,3.18,5.17,2.17,5.18,0.0,0.0,0.33,0.8,12.83,8.33,13.17,10.0,1.17,3.29,3.0,7.17
1212,2. Bundesliga (DE),216240,Ayoub  Chaikhoun,A. Chaikhoun,2006-01-22,41.5,8.09,14.26,2,2,0,51.0,25.5,0.5,1.96,4.0,15.69,0.0,0.0,1.5,5.88,3.0,0.0,0.0,0.0,0.0,0.5,1.96,11.5,5.5,9.0,3.0,0.0,0.0,1.0,3.92
1212,2. Bundesliga (DE),237421,Marius Wörl,M. Wörl,2004-04-05,74.8,19.31,18.18,30,30,0,1135.0,37.83,1.03,2.73,6.3,16.65,0.2,0.53,1.77,4.67,5.67,2.8,7.4,0.1,0.26,0.2,0.53,13.73,8.57,14.27,6.33,0.97,5.19,2.67,7.05
1212,2. Bundesliga (DE),240251,Henri Koudossou,H. Koudossou,1999-09-03,92.93,24.38,24.1,14,14,0,361.0,25.79,0.86,3.32,3.57,13.85,0.43,1.66,1.36,5.26,3.43,1.64,6.37,0.36,1.39,0.86,3.32,7.79,3.36,8.43,8.5,1.57,7.56,0.93,3.6
1212,2. Bundesliga (DE),241507,Raul  Marita,R. Marita,2006-09-27,17.81,3.22,5.08,5,5,0,26.0,5.2,0.4,7.69,0.8,15.38,0.0,0.0,0.8,15.38,0.2,0.0,0.0,0.0,0.0,0.0,0.0,0.4,0.8,0.6,3.2,1.4,29.16,0.2,3.85
1212,2. Bundesliga (DE),254575,Yosuke Furukawa,Y. Furukawa,2003-07-16,28.26,7.9,5.53,13,12,1,136.0,11.33,0.25,2.21,1.33,11.76,0.17,1.47,0.33,2.94,1.58,0.75,6.62,0.0,0.0,0.25,2.21,3.08,2.17,3.67,2.58,0.33,2.56,1.17,10.29
1212,2. Bundesliga (DE),256111,Jonas  Oehmichen,J. Oehmichen,2004-03-03,39.04,11.19,8.56,10,10,0,199.0,19.9,0.7,3.52,2.9,14.57,0.0,0.0,1.1,5.53,4.4,1.6,8.04,0.0,0.0,0.1,0.5,6.0,4.7,5.5,2.7,0.1,0.55,0.9,4.52
1212,2. Bundesliga (DE),269440,Marko Ivezić,M. Ivezić,2001-12-02,86.86,22.92,21.47,27,26,1,604.0,23.23,1.15,4.97,5.0,21.52,0.31,1.32,1.19,5.13,3.65,0.85,3.64,0.65,2.82,1.19,5.13,3.81,3.38,4.62,10.5,1.92,9.41,0.88,3.81
1212,2. Bundesliga (DE),277760,Laurin Curda,L. Curda,2001-10-30,97.0,27.11,23.73,32,32,0,1137.0,35.53,1.25,3.52,5.44,15.3,0.5,1.41,1.69,4.75,5.47,2.0,5.63,0.31,0.88,0.66,1.85,11.06,5.09,11.44,7.88,1.22,4.84,1.78,5.01
1212,2. Bundesliga (DE),285148,Simon Simoni,S. Simoni,2004-07-14,,,,1,0,1,,,,,,,,,,,,,,,,,,,,,,,,,
1212,2. Bundesliga (DE),324070,Jovan  Mijatović,J. Mijatović,2005-07-11,60.51,14.13,16.47,14,14,0,392.0,28.0,0.14,0.51,3.93,14.03,0.07,0.26,1.07,3.83,7.71,1.29,4.59,0.0,0.0,0.07,0.26,15.07,3.93,11.0,1.07,0.0,0.0,3.0,10.71
1212,2. Bundesliga (DE),334514,Santiago Castañeda,S. Castañeda,2004-11-13,77.17,21.63,18.77,31,31,0,951.0,30.68,0.94,3.05,5.9,19.24,0.32,1.05,1.06,3.47,4.61,1.45,4.73,0.19,0.63,0.45,1.47,9.16,4.48,7.16,9.42,1.61,6.04,1.87,6.1
1212,2. Bundesliga (DE),375245,Pape Demba Diop,P. Diop,2003-09-04,68.39,17.32,19.64,10,10,0,367.0,36.7,1.0,2.72,5.5,14.99,0.2,0.55,1.4,3.81,7.6,3.4,9.26,0.2,0.54,0.5,1.36,12.9,6.6,13.3,8.4,1.3,3.5,4.6,12.53
1212,2. Bundesliga (DE),386906,Timo  Schlieck,T. Schlieck,2006-03-02,100.76,22.59,29.21,8,6,2,0.0,0.0,0.0,,0.0,,0.0,,0.0,,0.0,0.0,,0.0,,0.0,,0.0,0.0,0.0,0.0,0.0,,0.0,
1212,2. Bundesliga (DE),471012,Frederik Roslyng Christiansen,F. Roslyng Christiansen,2005-12-25,32.97,8.44,8.31,9,8,1,51.0,6.38,0.12,1.96,0.75,11.76,0.0,0.0,0.75,11.76,1.62,0.12,1.96,0.25,3.92,0.25,3.92,1.38,0.62,1.5,3.25,0.25,3.3,0.0,0.0
1212,2. Bundesliga (DE),471037,Kasper Davidsen,K. Davidsen,2005-01-25,67.07,16.71,17.55,28,27,1,857.0,31.74,0.74,2.33,5.44,17.15,0.15,0.47,1.0,3.15,4.19,1.67,5.25,0.15,0.47,0.56,1.75,8.7,4.96,9.3,11.78,1.0,3.27,3.0,9.45
1212,2. Bundesliga (DE),507712,Jonas Krumrey,J. Krumrey,2003-11-25,101.29,25.86,25.96,22,22,0,0.0,0.0,0.0,,0.0,,0.0,,0.0,,0.0,0.0,,0.0,,0.0,,0.0,0.0,0.0,0.0,0.0,,0.0,
1212,2. Bundesliga (DE),521833,Jakob Lemmer,J. Lemmer,2000-04-26,57.1,14.69,14.78,31,31,0,892.0,28.77,0.55,1.91,3.35,11.66,0.32,1.12,1.03,3.59,2.97,2.9,10.09,0.03,0.11,0.26,0.9,11.52,5.35,8.65,4.61,0.45,2.16,2.45,8.52
1212,2. Bundesliga (DE),526310,Semir Telalović,S. Telalović,1999-12-23,40.24,10.21,9.91,22,22,0,433.0,19.68,0.18,0.92,2.68,13.63,0.05,0.23,0.95,4.85,4.82,0.86,4.39,0.0,0.0,0.05,0.23,10.32,3.14,6.32,1.36,0.14,2.35,1.36,6.93
1212,2. Bundesliga (DE),533663,Reno Münz,R. Münz,2005-10-02,88.74,21.27,23.87,27,25,2,516.0,20.64,0.96,4.65,3.6,17.44,0.56,2.71,1.48,7.17,2.76,0.6,2.91,0.48,2.32,0.76,3.68,3.44,2.6,5.4,10.6,1.96,10.69,0.64,3.1
1212,2. Bundesliga (DE),533670,Justin Kai Von der Hitz,J. Von der Hitz,2006-10-22,54.82,16.22,16.13,6,6,0,154.0,25.67,0.33,1.3,4.5,17.53,0.33,1.3,1.33,5.19,3.17,1.83,7.14,0.5,1.95,1.33,5.19,6.67,3.83,7.0,8.33,1.83,7.93,2.0,7.79
1212,2. Bundesliga (DE),533705,Jonah Sticker,J. Sticker,2004-05-08,42.72,10.94,11.18,22,22,0,319.0,14.5,0.77,5.33,3.32,22.88,0.14,0.94,0.41,2.82,2.95,1.23,8.46,0.27,1.88,0.23,1.57,3.82,1.68,3.91,4.27,0.68,6.71,0.86,5.96
1212,2. Bundesliga (DE),534591,Felipe Sánchez,F. Sánchez,2004-04-07,40.48,8.59,10.99,24,24,0,222.0,9.25,0.71,7.66,1.71,18.47,0.12,1.35,0.75,8.11,1.71,0.17,1.8,0.25,2.7,0.12,1.35,1.62,1.08,1.83,4.33,1.25,16.99,0.08,0.9
1212,2. Bundesliga (DE),548680,Thaddäus-Monju Momuluh,M. Momuluh,2002-02-18,77.42,19.22,19.35,29,29,0,1012.0,34.9,0.93,2.67,4.93,14.13,0.24,0.69,1.79,5.14,9.34,2.76,7.9,0.1,0.3,0.38,1.09,13.76,5.9,12.86,5.76,0.59,2.98,3.1,8.89
1212,2. Bundesliga (DE),558748,Tim-Justin Dietrich,T. Dietrich,2002-11-08,14.83,6.3,2.34,1,1,0,1.0,1.0,1.0,100.0,0.0,0.0,0.0,0.0,0.0,0.0,1.0,0.0,0.0,0.0,0.0,0.0,0.0,0.0,0.0,0.0,0.0,0.0,,0.0,0.0
1212,2. Bundesliga (DE),564786,Sacha Bansé,S. Bansé,2001-03-16,64.03,16.95,21.24,1,1,0,52.0,52.0,2.0,3.85,5.0,9.62,1.0,1.92,0.0,0.0,4.0,2.0,3.85,2.0,3.85,0.0,0.0,16.0,15.0,7.0,22.0,3.0,5.77,2.0,3.85
1212,2. Bundesliga (DE),574481,Younes Ebnoutalib,Y. Ebnoutalib,2003-09-13,81.45,22.65,18.4,17,17,0,832.0,48.94,0.18,0.36,6.24,12.74,0.12,0.24,1.82,3.73,9.59,3.47,7.09,0.0,0.0,0.24,0.48,30.29,11.18,14.29,2.53,0.18,0.47,4.71,9.62
1212,2. Bundesliga (DE),593976,Rayan Ghrieb,R. Ghrieb,1999-04-21,52.78,15.96,12.41,27,27,0,596.0,22.07,0.96,4.36,3.37,15.27,0.26,1.17,0.52,2.35,4.19,1.0,4.53,0.04,0.17,0.07,0.34,7.56,4.19,6.74,4.48,0.67,3.34,1.15,5.2
1212,2. Bundesliga (DE),606590,Shin Yamada,S. Yamada,2000-05-30,39.88,7.83,11.77,10,10,0,172.0,17.2,0.3,1.74,2.3,13.37,0.0,0.0,0.3,1.74,4.8,0.4,2.33,0.0,0.0,0.1,0.58,5.3,2.1,5.3,4.5,0.3,3.18,1.0,5.81
1212,2. Bundesliga (DE),607000,Hiroki Akiyama,H. Akiyama,2000-12-09,84.58,22.92,21.98,32,31,1,1235.0,39.84,0.97,2.43,5.65,14.17,0.19,0.49,0.97,2.43,6.06,2.42,6.07,0.39,0.97,0.65,1.62,12.1,7.03,10.71,13.13,1.35,3.67,3.81,9.55
1212,2. Bundesliga (DE),608927,Kennedy Okpala,K. Okpala,2004-12-17,32.78,8.69,6.76,12,12,0,139.0,11.58,0.25,2.16,1.75,15.11,0.0,0.0,0.5,4.32,1.92,0.58,5.04,0.0,0.0,0.0,0.0,4.58,1.5,3.83,0.92,0.08,1.3,1.08,9.35
1212,2. Bundesliga (DE),611075,Lasse Rosenboom,L. Rosenboom,2002-01-19,62.03,16.2,15.85,30,29,1,556.0,19.17,0.48,2.52,2.93,15.29,0.45,2.34,1.24,6.48,2.38,1.07,5.58,0.38,1.98,0.79,4.14,4.62,3.1,5.52,7.41,1.21,8.44,0.79,4.14
1212,2. Bundesliga (DE),612261,Tim Drexler,T. Drexler,2005-03-06,70.5,18.96,19.39,13,13,0,356.0,27.38,1.15,4.21,4.15,15.17,0.23,0.84,1.15,4.21,2.54,1.62,5.9,0.77,2.81,1.0,3.65,5.38,4.38,7.46,9.08,1.46,5.31,1.23,4.49
1212,2. Bundesliga (DE),616165,Elias Saad,E. Saad,1999-12-27,59.59,17.2,14.74,13,13,0,549.0,42.23,1.0,2.37,6.15,14.57,0.15,0.36,1.69,4.01,11.62,2.0,4.74,0.0,0.0,0.31,0.73,19.69,11.38,14.15,6.62,0.62,1.56,2.46,5.83
1212,2. Bundesliga (DE),629259,Fabio Gruber,F. Gruber,2002-09-03,97.27,25.89,25.68,32,32,0,627.0,19.59,0.69,3.51,4.47,22.81,0.22,1.12,0.84,4.31,2.81,0.59,3.03,0.78,3.99,0.47,2.39,3.88,2.09,4.28,9.16,2.06,11.15,0.47,2.39
1212,2. Bundesliga (DE),630699,Adam  Markhiyev,A. Markhiyev,2002-03-17,92.85,24.93,24.13,26,26,0,1061.0,40.81,2.5,6.13,7.65,18.76,0.38,0.94,1.96,4.81,5.5,1.88,4.62,0.5,1.22,0.92,2.26,11.19,6.65,10.27,13.35,2.58,6.82,2.19,5.37
1212,2. Bundesliga (DE),637188,Grayson Dettoni ,G. Dettoni,2005-06-29,61.51,19.75,9.81,2,2,0,16.0,8.0,0.0,0.0,0.5,6.25,0.0,0.0,0.5,6.25,0.5,1.0,12.5,0.5,6.25,0.5,6.25,0.0,1.0,4.0,4.0,0.0,0.0,0.0,0.0
1212,2. Bundesliga (DE),663383,Kjell-Arik Wätjen,K. Wätjen,2006-02-16,51.58,11.75,15.88,25,25,0,756.0,30.24,0.72,2.38,3.68,12.17,0.24,0.79,0.96,3.17,5.0,2.84,9.39,0.16,0.53,0.48,1.59,10.52,5.84,9.52,4.6,0.32,1.94,3.56,11.77
1212,2. Bundesliga (DE),663385,Robert Ramsak,R. Ramsak,2006-10-28,22.59,6.9,4.14,4,4,0,41.0,10.25,0.25,2.44,1.75,17.07,0.0,0.0,0.75,7.32,3.5,0.5,4.88,0.0,0.0,0.0,0.0,3.75,1.5,3.0,0.0,0.0,,0.5,4.88
1212,2. Bundesliga (DE),666050,Winners Osawe,W. Osawe,2006-11-29,5.48,0.46,0.37,1,1,0,1.0,1.0,1.0,100.0,0.0,0.0,0.0,0.0,0.0,0.0,0.0,0.0,0.0,0.0,0.0,0.0,0.0,0.0,0.0,0.0,0.0,0.0,,0.0,0.0
1212,2. Bundesliga (DE),666899,Jan Reichert,J. Reichert,2001-06-28,100.35,26.63,26.63,33,33,0,0.0,0.0,0.0,,0.0,,0.0,,0.0,,0.0,0.0,,0.0,,0.0,,0.0,0.0,0.0,0.0,0.0,,0.0,
1212,2. Bundesliga (DE),672879,Klaus Sima Suso,S. Suso,2005-05-28,68.21,18.86,18.55,24,22,2,586.0,26.64,1.0,3.76,4.36,16.38,0.32,1.19,0.68,2.56,4.0,1.68,6.31,0.18,0.68,0.55,2.05,8.23,4.05,8.0,7.45,0.91,3.76,1.5,5.63
1212,2. Bundesliga (DE),673613,Javier Fernández González,Javi Fernández,2006-11-28,64.2,16.25,17.37,8,8,0,227.0,28.38,0.75,2.64,5.0,17.62,0.12,0.44,0.75,2.64,3.38,1.5,5.29,0.12,0.44,0.5,1.76,8.88,5.38,6.62,7.25,1.12,4.93,1.62,5.73
1212,2. Bundesliga (DE),698114,Hayate  Matsuda,H. Matsuda,2003-10-02,62.59,19.41,14.51,25,25,0,542.0,21.68,0.44,2.03,3.8,17.53,0.08,0.37,1.0,4.61,3.92,1.24,5.72,0.2,0.92,0.48,2.21,7.28,3.68,8.12,4.92,0.4,2.17,1.08,4.98
1212,2. Bundesliga (DE),698120,Shio Fukuda,S. Fukuda,2004-04-08,42.69,12.31,11.09,20,20,0,500.0,25.0,0.5,2.0,3.0,12.0,0.15,0.6,0.75,3.0,6.9,1.45,5.8,0.0,0.0,0.0,0.0,12.2,4.75,7.3,1.6,0.15,0.6,2.15,8.6
1212,2. Bundesliga (DE),698130,Kim  Ji-Soo,Kim Ji-Soo,2004-12-24,87.04,20.27,24.56,17,14,3,232.0,16.57,0.71,4.31,3.29,19.83,0.36,2.15,0.57,3.45,2.21,0.29,1.72,0.43,2.59,0.64,3.88,2.86,1.79,3.57,9.79,2.29,15.12,0.36,2.15
1212,2. Bundesliga (DE),703000,Aldin Jakupović,A. Jakupović,2006-06-04,35.52,9.93,7.59,5,5,0,74.0,14.8,0.2,1.35,2.4,16.21,0.0,0.0,0.2,1.35,2.2,1.2,8.11,0.0,0.0,0.0,0.0,7.2,3.4,4.4,0.8,0.2,5.55,1.6,10.81
1212,2. Bundesliga (DE),722034,Ivan Nekić,I. Nekić,2000-12-24,81.84,21.2,20.73,19,18,1,358.0,19.89,1.22,6.14,4.28,21.51,0.33,1.68,0.5,2.51,2.89,0.44,2.23,0.72,3.63,0.5,2.51,3.56,2.28,5.17,10.39,2.28,12.76,0.56,2.79
1212,2. Bundesliga (DE),726067,Salomon Patrick Amougou Nkoa,P. Nkoa,1999-07-11,88.56,21.63,23.98,17,17,0,247.0,14.53,0.76,5.26,3.41,23.48,0.18,1.21,0.65,4.45,3.18,0.12,0.81,0.65,4.45,0.76,5.26,2.18,1.35,2.0,8.65,1.94,14.75,0.24,1.62
1212,2. Bundesliga (DE),726068,Serhat-Semih Güler,S. Güler,1997-07-12,10.9,2.12,2.42,4,4,0,19.0,4.75,0.0,0.0,0.5,10.53,0.0,0.0,0.0,0.0,1.0,0.0,0.0,0.0,0.0,0.0,0.0,1.75,0.25,1.75,0.5,0.0,0.0,0.75,15.79
1212,2. Bundesliga (DE),726077,Hyeok-Kyu Kwon,Kwon Hyeok-Kyu,2001-03-13,49.62,13.72,15.09,8,8,0,220.0,27.5,0.62,2.27,4.12,15.0,0.12,0.45,0.62,2.27,3.38,1.88,6.82,0.12,0.45,0.88,3.18,7.0,5.5,6.0,11.12,0.88,3.19,2.5,9.09
1212,2. Bundesliga (DE),726438,Tony Menzel,T. Menzel,2005-03-06,39.48,9.42,11.35,13,13,0,362.0,27.85,0.38,1.38,3.69,13.26,0.15,0.55,0.85,3.04,3.31,2.23,8.01,0.0,0.0,0.15,0.55,10.0,5.69,8.38,6.08,0.46,2.61,2.92,10.5
1212,2. Bundesliga (DE),726449,Jano ter Horst,J. ter Horst,2002-06-19,97.88,24.97,24.99,32,31,1,1170.0,37.74,1.13,2.99,7.03,18.63,0.94,2.48,1.77,4.7,5.65,1.71,4.53,0.81,2.14,0.77,2.05,7.48,5.58,9.13,13.61,2.29,6.97,1.29,3.42
1212,2. Bundesliga (DE),726450,Lukas Frenkert,L. Frenkert,2000-07-19,82.01,18.3,22.6,18,18,0,213.0,11.83,0.56,4.69,2.33,19.72,0.22,1.88,0.67,5.63,1.61,0.33,2.82,0.44,3.76,0.5,4.23,2.5,0.94,2.67,6.0,1.17,10.82,0.28,2.35
1212,2. Bundesliga (DE),726451,Yassine Bouchama,Y. Bouchama,1997-05-28,71.61,17.89,18.67,27,26,1,1297.0,49.88,1.77,3.55,7.65,15.34,0.31,0.62,2.35,4.7,6.5,3.46,6.94,0.35,0.69,0.65,1.31,10.85,12.65,11.04,14.04,1.73,4.19,3.35,6.71
1212,2. Bundesliga (DE),726454,Aaron Keller,A. Keller,2004-05-15,67.72,15.66,18.63,28,26,2,670.0,25.77,0.81,3.13,4.5,17.46,0.35,1.34,1.5,5.82,3.5,1.92,7.46,0.15,0.6,0.38,1.49,6.23,3.54,8.42,6.92,1.19,7.45,1.69,6.57
1212,2. Bundesliga (DE),736373,Leon Opitz,L. Opitz,2005-04-11,34.35,9.01,8.72,12,12,0,203.0,16.92,0.25,1.48,1.83,10.84,0.08,0.49,0.58,3.45,3.42,0.92,5.42,0.0,0.0,0.17,0.99,7.75,2.92,6.5,2.67,0.25,2.0,1.58,9.36
1212,2. Bundesliga (DE),736855,Kolja Nuno Oudenne,K. Oudenne,2001-11-11,74.13,22.49,17.61,27,27,0,715.0,26.48,0.81,3.08,4.7,17.76,0.37,1.4,1.07,4.06,3.7,1.89,7.13,0.11,0.42,0.74,2.8,9.85,3.22,8.78,5.85,1.11,5.67,1.67,6.29
1212,2. Bundesliga (DE),740082,Marvin Benjamins,M. Benjamins,2002-09-25,12.88,4.44,1.9,1,1,0,5.0,5.0,0.0,0.0,1.0,20.0,0.0,0.0,0.0,0.0,3.0,0.0,0.0,0.0,0.0,0.0,0.0,0.0,2.0,1.0,0.0,0.0,,0.0,0.0
1212,2. Bundesliga (DE),740252,Ime Okon,I. Okon,2004-02-20,76.68,23.64,17.82,25,25,0,404.0,16.16,0.76,4.7,2.72,16.83,0.44,2.72,0.8,4.95,3.4,0.76,4.7,0.56,3.47,0.6,3.71,4.2,1.56,4.48,6.72,1.16,8.61,0.56,3.47
1212,2. Bundesliga (DE),751790,Christian Pierre Louis Gomis,C. Gomis,2000-08-09,42.51,10.55,10.7,19,19,0,588.0,30.95,0.63,2.04,4.58,14.8,0.0,0.0,1.37,4.42,7.0,1.95,6.29,0.11,0.34,0.26,0.85,17.05,5.95,11.42,1.53,0.0,0.0,3.37,10.89
1212,2. Bundesliga (DE),759390,Tjark Scheller,T. Scheller,2002-01-12,92.72,25.95,22.74,32,32,0,634.0,19.81,1.44,7.26,4.16,20.98,0.28,1.42,1.28,6.47,2.72,0.34,1.74,0.66,3.31,0.97,4.89,4.0,2.62,3.75,9.66,1.97,10.72,0.41,2.05
1212,2. Bundesliga (DE),763646,Julian  Kania,J. Kania,2001-10-10,34.59,9.29,6.79,12,12,0,153.0,12.75,0.08,0.65,2.83,22.22,0.08,0.65,0.75,5.88,3.0,0.5,3.92,0.0,0.0,0.0,0.0,3.0,1.58,4.42,1.83,0.0,0.0,0.67,5.23
1212,2. Bundesliga (DE),799079,Otto Emerson Stange,O. Stange,2007-02-09,23.83,6.2,4.81,11,11,0,97.0,8.82,0.18,2.06,1.0,11.34,0.0,0.0,0.36,4.13,2.0,0.36,4.12,0.0,0.0,0.27,3.09,2.91,1.09,2.45,1.45,0.09,5.11,1.0,11.34
1212,2. Bundesliga (DE),799190,Marcus Müller,M. Müller,2002-08-20,26.64,7.09,6.2,23,22,1,276.0,12.55,0.09,0.72,1.55,12.32,0.05,0.36,0.5,3.99,3.82,0.64,5.07,0.0,0.0,0.05,0.36,5.32,2.32,3.41,1.14,0.0,0.0,1.09,8.7
1212,2. Bundesliga (DE),800263,Niklas Niehoff,N. Niehoff,2004-08-20,36.93,9.14,9.28,27,26,1,340.0,13.08,0.23,1.77,1.96,15.0,0.27,2.06,0.58,4.41,2.77,1.42,10.88,0.12,0.88,0.23,1.76,4.08,1.81,4.15,3.31,0.65,7.93,1.0,7.65
1212,2. Bundesliga (DE),800276,Kofi Jeremy Amoako,K. Amoako,2005-05-06,74.06,19.98,19.92,31,31,0,1007.0,32.48,1.03,3.18,5.74,17.68,0.29,0.89,1.0,3.08,4.48,1.74,5.36,0.32,0.99,0.35,1.09,9.87,4.55,7.94,9.58,1.61,5.2,2.23,6.85
1212,2. Bundesliga (DE),801590,Felix Hagmann,F. Hagmann,2004-01-29,71.01,17.28,16.28,15,15,0,335.0,22.33,1.07,4.78,4.07,18.21,0.27,1.19,1.27,5.67,3.07,0.87,3.88,0.33,1.49,0.8,3.58,3.73,3.33,5.67,8.93,1.27,6.67,0.6,2.69
1212,2. Bundesliga (DE),801591,Noah König,N. König,2003-05-17,49.78,12.97,11.95,4,4,0,56.0,14.0,0.5,3.57,2.0,14.29,0.5,3.57,0.5,3.57,1.25,0.25,1.79,0.25,1.79,0.75,5.36,3.25,1.0,3.25,6.75,1.5,11.53,1.25,8.93
1212,2. Bundesliga (DE),801661,Niklas Kolbe,N. Kolbe,1996-12-27,54.39,13.84,14.29,20,20,0,225.0,11.25,0.3,2.67,2.25,20.0,0.5,4.44,0.9,8.0,2.3,0.3,2.67,0.65,5.78,0.55,4.89,1.95,1.2,2.5,5.0,0.75,7.71,0.25,2.22
1212,2. Bundesliga (DE),809018,Callum Marshall,C. Marshall,2004-11-28,49.99,12.33,14.23,16,16,0,584.0,36.5,0.62,1.71,4.38,11.99,0.25,0.68,1.75,4.79,7.62,2.94,8.05,0.0,0.0,0.25,0.68,16.81,6.81,12.31,4.44,0.44,2.49,3.31,9.08
1212,2. Bundesliga (DE),809850,Rabby Nzingoula,R. Nzingoula,2005-11-25,44.44,11.59,11.92,15,15,0,398.0,26.53,0.8,3.02,3.93,14.83,0.27,1.0,1.07,4.02,6.07,2.0,7.54,0.0,0.0,0.2,0.75,9.67,5.53,8.53,5.27,0.33,3.63,2.93,11.06
1212,2. Bundesliga (DE),810529,Kilian Sauck,K. Sauck,2007-03-27,11.39,3.65,2.15,3,2,1,10.0,5.0,0.0,0.0,0.5,10.0,0.0,0.0,0.0,0.0,2.0,0.0,0.0,0.0,0.0,0.0,0.0,1.5,1.0,0.5,0.5,0.0,0.0,0.0,0.0
1212,2. Bundesliga (DE),810534,Owono-Darnell Keumo,D. Keumo,2007-10-01,27.63,6.66,7.05,2,2,0,19.0,9.5,1.0,10.53,1.0,10.53,0.0,0.0,2.0,21.05,1.0,0.0,0.0,0.0,0.0,0.0,0.0,1.5,1.5,1.5,3.5,0.0,0.0,0.0,0.0
1212,2. Bundesliga (DE),810535,Kacper Koscierski,K. Koscierski,2007-06-23,33.12,9.33,7.18,11,10,1,98.0,9.8,0.3,3.06,1.6,16.33,0.2,2.04,0.4,4.08,2.5,0.6,6.12,0.2,2.04,0.2,2.04,2.8,1.8,3.6,2.2,0.5,7.14,0.7,7.14
1212,2. Bundesliga (DE),810536,Boris Chi Mamuzah Lum,B. Lum,2007-10-02,18.84,4.0,5.49,6,6,0,80.0,13.33,0.5,3.75,3.17,23.75,0.0,0.0,0.33,2.5,1.17,0.83,6.25,0.17,1.25,0.33,2.5,4.17,2.0,3.83,3.83,0.83,7.3,0.5,3.75
1212,2. Bundesliga (DE),810680,Eymen Laghrissi,E. Laghrissi,2008-06-04,23.18,6.34,5.81,7,7,0,79.0,11.29,0.14,1.27,1.29,11.39,0.0,0.0,0.29,2.53,1.71,0.71,6.33,0.0,0.0,0.14,1.27,4.29,2.29,3.29,1.0,0.29,4.41,0.86,7.59
1212,2. Bundesliga (DE),812678,David Mokwa Ntusu,D. Mokwa,2004-05-03,72.84,22.06,17.08,17,17,0,790.0,46.47,0.24,0.51,5.94,12.78,0.35,0.76,1.76,3.8,16.29,3.0,6.46,0.0,0.0,0.06,0.13,27.18,12.71,13.41,1.94,0.12,0.53,3.18,6.84
1212,2. Bundesliga (DE),812689,Noel Futkeu,N. Futkeu,2002-12-06,87.27,21.39,23.37,32,30,2,1137.0,37.9,0.43,1.14,3.83,10.11,0.13,0.35,1.33,3.52,7.6,2.6,6.86,0.03,0.09,0.07,0.18,17.3,5.47,12.0,5.07,0.47,2.38,3.93,10.38
1212,2. Bundesliga (DE),814601,Mauro Zalazar Martinez,M. Zalazar,2005-04-13,5.35,0.96,1.52,1,1,0,3.0,3.0,0.0,0.0,1.0,33.33,0.0,0.0,0.0,0.0,1.0,0.0,0.0,0.0,0.0,0.0,0.0,2.0,0.0,1.0,1.0,0.0,0.0,0.0,0.0
1212,2. Bundesliga (DE),817863,Luis Engelns,L. Engelns,2007-03-11,41.05,10.51,10.95,17,17,0,402.0,23.65,1.0,4.23,3.06,12.93,0.06,0.25,0.59,2.49,4.0,1.47,6.22,0.12,0.5,0.35,1.49,8.24,4.06,7.76,6.65,1.12,5.04,1.82,7.71
1212,2. Bundesliga (DE),819149,Rafael Pinto Pedrosa,R. Pinto Pedrosa,2007-09-30,58.07,14.67,16.2,27,27,0,629.0,23.3,0.37,1.59,2.93,12.56,0.15,0.64,1.0,4.29,3.33,1.93,8.27,0.41,1.75,0.93,3.97,5.93,3.59,7.67,7.07,0.85,4.85,1.96,8.43
1212,2. Bundesliga (DE),819188,Lukas Reich,L. Reich,2006-10-24,46.6,11.22,12.58,19,17,2,324.0,19.06,1.0,5.25,2.76,14.51,0.18,0.93,0.65,3.39,2.06,0.94,4.94,0.18,0.93,0.94,4.94,4.24,2.65,5.76,7.82,1.47,9.29,0.76,4.01
1212,2. Bundesliga (DE),848661,Husseyn Chakroun,H. Chakroun,2004-11-10,53.89,16.09,11.05,21,21,0,648.0,30.86,0.57,1.85,4.43,14.35,0.1,0.31,1.43,4.63,9.95,1.67,5.4,0.05,0.15,0.19,0.62,14.05,6.95,11.52,3.43,0.43,2.83,2.48,8.02
1212,2. Bundesliga (DE),849213,Leon Robinson,L. Robinson,2001-07-11,63.99,14.97,18.11,28,26,2,641.0,24.65,1.04,4.21,4.04,16.38,0.31,1.25,1.23,4.99,3.19,1.73,7.02,0.31,1.25,0.85,3.43,6.54,3.73,7.85,10.35,1.85,8.74,1.69,6.86
1212,2. Bundesliga (DE),850762,Jordi Paulina ,J. Paulina,2004-09-23,30.02,8.75,6.83,8,8,0,110.0,13.75,0.38,2.73,2.25,16.36,0.12,0.91,0.12,0.91,3.62,0.88,6.36,0.0,0.0,0.12,0.91,4.5,2.5,3.38,1.5,0.12,0.81,1.0,7.27
1212,2. Bundesliga (DE),850770,Marc Niclas   Dühring,N. Dühring,2004-01-15,12.8,2.27,5.91,1,1,0,4.0,4.0,0.0,0.0,2.0,50.0,0.0,0.0,0.0,0.0,1.0,1.0,25.0,0.0,0.0,0.0,0.0,0.0,0.0,1.0,2.0,0.0,0.0,0.0,0.0
1212,2. Bundesliga (DE),850831,Tim Janisch,T. Janisch,2005-08-12,49.9,12.73,12.48,19,19,0,297.0,15.63,0.74,4.71,2.58,16.5,0.16,1.01,1.05,6.73,1.79,0.84,5.39,0.21,1.35,0.79,5.05,3.11,2.32,4.53,6.16,0.95,7.64,0.79,5.05
1212,2. Bundesliga (DE),851060,David  Abrangao,D. Abrangao,2004-08-08,67.55,16.22,16.9,5,3,2,87.0,29.0,1.0,3.45,4.33,14.94,0.33,1.15,1.0,3.45,2.33,1.67,5.74,1.33,4.6,1.0,3.45,8.33,7.0,9.33,8.33,2.0,6.8,0.67,2.3
1212,2. Bundesliga (DE),852294,Soufian El-Faouzi,S. El-Faouzi,2002-07-13,98.9,22.09,25.86,33,33,0,2004.0,60.73,2.58,4.24,9.94,16.37,0.45,0.75,1.85,3.04,11.91,3.97,6.54,0.12,0.2,0.39,0.65,24.94,12.27,17.48,12.21,1.36,2.9,5.24,8.63
1212,2. Bundesliga (DE),852580,Paul Scholl ,P. Scholl,2006-07-23,60.18,17.44,16.99,12,12,0,93.0,7.75,0.17,2.15,2.08,26.88,0.0,0.0,0.0,0.0,1.42,0.08,1.07,0.58,7.53,0.75,9.68,1.0,0.42,1.17,4.42,0.75,11.15,0.08,1.07
1212,2. Bundesliga (DE),852877,Eryk Grzywacz,E. Grzywacz,2006-03-24,9.03,3.46,2.2,1,1,0,5.0,5.0,0.0,0.0,1.0,20.0,0.0,0.0,0.0,0.0,0.0,0.0,0.0,0.0,0.0,0.0,0.0,0.0,0.0,1.0,0.0,0.0,,0.0,0.0
1212,2. Bundesliga (DE),853403,Cajetan Benjamin Lenz,C. Lenz,2006-06-16,76.6,17.25,22.71,30,29,1,1081.0,37.28,1.21,3.24,5.41,14.52,0.14,0.37,1.38,3.7,5.21,2.07,5.55,0.38,1.02,0.9,2.41,11.17,7.07,10.66,11.83,1.9,5.96,2.83,7.59
1212,2. Bundesliga (DE),854029,Mika Wallentowitz,M. Wallentowitz,2007-12-28,45.01,8.97,12.32,13,13,0,475.0,36.54,0.38,1.05,5.77,15.79,0.31,0.84,1.0,2.74,10.62,2.46,6.74,0.15,0.42,0.23,0.63,19.0,9.54,13.31,3.77,0.69,3.79,3.77,10.32
1212,2. Bundesliga (DE),854034,Mertcan Ayhan,M. Ayhan,2006-09-08,81.04,18.14,21.15,27,27,0,483.0,17.89,1.22,6.83,4.0,22.36,0.19,1.03,1.04,5.8,3.78,0.48,2.69,0.89,4.97,0.59,3.31,4.67,1.7,4.41,7.78,1.44,9.92,0.3,1.66
1212,2. Bundesliga (DE),854037,Zaid Amoussou  Tchibara,Z. Amoussou-Tchibara,2006-02-21,8.23,1.16,1.81,1,1,0,1.0,1.0,0.0,0.0,0.0,0.0,0.0,0.0,0.0,0.0,1.0,0.0,0.0,0.0,0.0,0.0,0.0,1.0,0.0,1.0,0.0,0.0,,0.0,0.0
1212,2. Bundesliga (DE),854041,Ayman Emran Gulasi,A. Gulasi,2006-05-05,13.35,5.02,1.76,1,1,0,3.0,3.0,0.0,0.0,2.0,66.67,0.0,0.0,0.0,0.0,0.0,0.0,0.0,0.0,0.0,0.0,0.0,2.0,1.0,0.0,0.0,0.0,,0.0,0.0
1212,2. Bundesliga (DE),857223,Mehmet Avlayici,M. Avlayici,2006-06-16,21.77,4.05,5.59,2,2,0,23.0,11.5,1.5,13.04,3.0,26.08,0.0,0.0,0.0,0.0,0.5,0.0,0.0,0.0,0.0,0.0,0.0,2.5,1.0,1.5,5.5,1.0,12.12,0.0,0.0
1212,2. Bundesliga (DE),861126,Omar Sillah,O. Sillah,2003-07-25,13.31,3.29,2.12,10,8,2,41.0,5.12,0.12,2.44,0.88,17.07,0.12,2.44,0.0,0.0,1.0,0.0,0.0,0.0,0.0,0.0,0.0,1.5,0.88,1.0,0.62,0.12,7.5,0.12,2.44
1212,2. Bundesliga (DE),861237,Vincent Ocansey,V. Ocansey,2000-09-10,13.05,3.76,2.82,7,7,0,36.0,5.14,0.14,2.78,0.57,11.11,0.0,0.0,0.29,5.55,1.0,0.43,8.33,0.0,0.0,0.0,0.0,2.29,0.86,1.71,0.14,0.0,0.0,0.29,5.55
1212,2. Bundesliga (DE),861289,Peter Remmert,P. Remmert,2005-07-09,45.12,8.36,14.29,3,3,0,101.0,33.67,0.0,0.0,5.67,16.83,0.0,0.0,2.0,5.94,6.33,2.33,6.93,0.0,0.0,0.0,0.0,19.0,4.33,14.0,2.33,0.33,1.02,3.0,8.91
1212,2. Bundesliga (DE),865705,Paul Pöpperl,P. Pöpperl,2003-02-25,39.87,7.03,11.13,3,3,0,81.0,27.0,0.67,2.47,5.0,18.52,0.33,1.23,1.0,3.7,4.67,1.0,3.7,0.0,0.0,0.67,2.47,10.33,6.0,5.33,8.33,0.33,1.03,2.67,9.87
1212,2. Bundesliga (DE),874130,Ikem Ugoh,I. Ugoh,2005-07-11,53.91,14.5,13.93,6,5,1,175.0,35.0,0.6,1.71,5.4,15.43,0.2,0.57,2.2,6.29,5.8,4.2,12.0,0.0,0.0,0.4,1.14,13.8,6.2,9.6,7.0,0.8,2.15,5.0,14.28
1212,2. Bundesliga (DE),882588,Mats Pannewig,M. Pannewig,2004-10-28,74.46,17.12,21.51,26,25,1,872.0,34.88,1.2,3.44,6.36,18.23,0.12,0.34,1.32,3.78,4.24,2.32,6.65,0.32,0.92,0.6,1.72,10.24,6.12,9.56,9.88,1.32,4.67,2.96,8.49
1212,2. Bundesliga (DE),883633,Max Marie,M. Marie,2004-10-02,86.29,20.17,24.13,32,32,0,1370.0,42.81,1.94,4.52,6.97,16.28,0.19,0.44,1.06,2.48,4.19,3.06,7.15,0.09,0.22,0.66,1.53,15.12,6.09,13.12,11.28,1.75,5.29,3.34,7.81
1212,2. Bundesliga (DE),890646,Elias   Egouli,E. Egouli,2002-08-06,86.93,23.57,23.6,24,22,2,404.0,18.36,0.77,4.21,4.18,22.77,0.32,1.73,0.5,2.72,3.55,0.27,1.48,0.59,3.22,0.45,2.48,3.05,2.68,3.5,11.05,2.09,12.35,0.55,2.97
1212,2. Bundesliga (DE),894713,Silas  Prüfrock,S. Prüfrock,2005-01-25,99.79,25.46,25.5,15,15,0,0.0,0.0,0.0,,0.0,,0.0,,0.0,,0.0,0.0,,0.0,,0.0,,0.0,0.0,0.0,0.0,0.0,,0.0,
1212,2. Bundesliga (DE),894751,Eric Porstner,E. Porstner,2007-05-09,29.38,6.66,9.6,5,5,0,59.0,11.8,0.2,1.69,3.4,28.81,0.2,1.69,0.6,5.09,2.4,0.8,6.78,0.2,1.69,0.2,1.7,3.8,2.2,3.4,3.6,0.6,8.16,1.2,10.17
1212,2. Bundesliga (DE),896658,Artem Stepanov,A. Stepanov,2007-08-10,57.44,15.66,14.73,13,13,0,353.0,27.15,0.54,1.98,3.0,11.05,0.31,1.13,1.15,4.25,5.08,1.85,6.8,0.08,0.28,0.08,0.28,11.62,3.69,9.69,2.23,0.08,0.34,2.15,7.93
1212,2. Bundesliga (DE),896662,Erik Müller,E. Müller,2006-06-11,2.85,0.15,1.07,1,1,0,2.0,2.0,0.0,0.0,0.0,0.0,1.0,50.0,0.0,0.0,1.0,0.0,0.0,0.0,0.0,0.0,0.0,0.0,0.0,1.0,0.0,0.0,,1.0,50.0
1212,2. Bundesliga (DE),896671,Enis Kamga,E. Kamga,2007-07-08,95.5,40.59,15.36,1,1,0,0.0,0.0,0.0,,0.0,,0.0,,0.0,,0.0,0.0,,0.0,,0.0,,0.0,0.0,0.0,0.0,0.0,,0.0,
1212,2. Bundesliga (DE),896675,Owen Lennox Gibs,O. Gibs,2006-11-21,21.04,6.11,5.09,4,4,0,65.0,16.25,0.75,4.61,2.25,13.85,0.25,1.54,1.0,6.15,2.0,1.75,10.77,0.0,0.0,0.0,0.0,5.25,5.0,3.0,1.75,0.5,5.03,1.25,7.69
1212,2. Bundesliga (DE),899168,Mikail Demirhan,M. Demirhan,2006-06-06,20.22,4.37,6.17,1,1,0,16.0,16.0,0.0,0.0,2.0,12.5,0.0,0.0,1.0,6.25,2.0,2.0,12.5,0.0,0.0,1.0,6.25,8.0,3.0,3.0,2.0,0.0,0.0,1.0,6.25
1212,2. Bundesliga (DE),899452,Mohamed Alì Zoma,M. Zoma,2003-12-15,85.67,23.36,22.26,29,29,0,870.0,30.0,0.48,1.61,3.48,11.61,0.24,0.8,1.38,4.6,5.24,2.48,8.28,0.07,0.23,0.07,0.23,13.21,3.28,11.24,2.52,0.17,1.36,3.07,10.23
1212,2. Bundesliga (DE),913555,Mathis  Clairicia,M. Clairicia,2002-08-30,34.5,8.92,6.65,8,8,0,104.0,13.0,0.0,0.0,1.88,14.42,0.12,0.96,0.5,3.85,2.38,0.88,6.73,0.0,0.0,0.0,0.0,6.38,1.88,3.38,0.62,0.12,7.5,1.12,8.65
1212,2. Bundesliga (DE),925287,Farid Alfa-Ruprecht,F. Alfa-Ruprecht,2006-03-28,52.6,11.71,15.93,26,25,1,707.0,28.28,0.64,2.26,3.28,11.6,0.2,0.71,1.08,3.82,4.88,3.32,11.74,0.2,0.71,0.68,2.4,10.64,4.76,10.8,4.56,0.48,2.36,3.48,12.31
1212,2. Bundesliga (DE),932278,Noah Maboulou,N. Maboulou,2005-01-16,24.09,6.17,6.08,11,11,0,133.0,12.09,0.36,3.01,1.64,13.53,0.0,0.0,0.27,2.25,1.91,1.36,11.28,0.0,0.0,0.09,0.75,5.36,1.55,4.18,1.0,0.27,5.83,1.27,10.53
1212,2. Bundesliga (DE),936862,Luca Sirch,L. Sirch,1999-06-14,96.61,23.63,26.22,33,30,3,713.0,23.77,1.27,5.33,4.53,19.07,0.5,2.1,1.47,6.17,3.6,0.97,4.07,0.8,3.37,1.3,5.47,4.57,2.63,5.57,11.73,2.83,13.57,0.93,3.93
1212,2. Bundesliga (DE),942290,Friedrich Müller,F. Müller,2006-02-14,94.39,24.14,27.34,13,13,0,271.0,20.85,0.92,4.43,4.92,23.62,0.23,1.11,1.0,4.8,2.77,0.46,2.21,1.0,4.8,0.77,3.69,3.38,2.92,4.0,11.85,3.0,15.23,0.31,1.48
1212,2. Bundesliga (DE),957737,Dylan Leonard,D. Leonard,2007-08-30,14.93,5.47,4.0,2,2,0,17.0,8.5,0.5,5.88,1.0,11.76,0.5,5.88,0.5,5.88,1.0,0.5,5.88,0.0,0.0,0.5,5.88,5.0,2.0,3.0,1.0,0.0,0.0,1.5,17.65
1212,2. Bundesliga (DE),958557,Keyan Anderson Pereira Varela,Keyan Varela,2006-04-26,15.56,3.84,3.34,3,3,0,19.0,6.33,0.33,5.26,1.33,21.05,0.0,0.0,1.0,15.79,1.33,0.67,10.52,0.0,0.0,0.0,0.0,0.33,0.67,0.67,2.0,0.0,0.0,0.0,0.0
1212,2. Bundesliga (DE),965718,Soufian Gouram,S. Gouram,2006-05-01,14.38,4.12,4.05,1,1,0,11.0,11.0,0.0,0.0,3.0,27.27,0.0,0.0,0.0,0.0,1.0,3.0,27.27,0.0,0.0,0.0,0.0,6.0,3.0,3.0,2.0,0.0,0.0,1.0,9.09
1212,2. Bundesliga (DE),965728,Niklas Hildebrandt,N. Hildebrandt,2008-07-08,14.38,4.12,4.05,1,1,0,14.0,14.0,0.0,0.0,2.0,14.29,0.0,0.0,1.0,7.14,4.0,3.0,21.43,0.0,0.0,0.0,0.0,7.0,4.0,3.0,2.0,0.0,0.0,0.0,0.0
1212,2. Bundesliga (DE),966379,Leon Tasov,L. Tasov,2004-11-13,18.05,6.76,2.62,1,1,0,4.0,4.0,0.0,0.0,2.0,50.0,0.0,0.0,1.0,25.0,2.0,0.0,0.0,0.0,0.0,0.0,0.0,0.0,1.0,1.0,2.0,0.0,0.0,0.0,0.0
1212,2. Bundesliga (DE),970453,Daniel Richter,D. Richter,2008-08-04,18.57,4.25,4.66,1,1,0,11.0,11.0,0.0,0.0,0.0,0.0,0.0,0.0,0.0,0.0,1.0,2.0,18.18,0.0,0.0,0.0,0.0,3.0,1.0,4.0,1.0,0.0,0.0,2.0,18.18
1212,2. Bundesliga (DE),983764,Dion Hofmeister,D. Hofmeister,2009-07-11,12.63,3.17,3.15,3,3,0,18.0,6.0,0.0,0.0,0.67,11.11,0.0,0.0,1.0,16.67,1.0,0.33,5.55,0.0,0.0,0.0,0.0,1.33,0.67,1.67,2.67,0.0,0.0,0.0,0.0
1212,2. Bundesliga (DE),983767,Ben Jungfleisch,B. Jungfleisch,2008-06-14,13.98,3.45,1.09,1,1,0,1.0,1.0,0.0,0.0,1.0,100.0,0.0,0.0,0.0,0.0,0.0,0.0,0.0,0.0,0.0,0.0,0.0,0.0,0.0,1.0,0.0,0.0,,0.0,0.0
1212,2. Bundesliga (DE),984876,Kennet Eichhorn,K. Eichhorn,2009-07-27,70.92,18.4,19.17,17,17,0,655.0,38.53,1.53,3.97,5.35,13.89,0.41,1.07,1.65,4.27,4.88,1.88,4.89,0.12,0.31,1.06,2.75,9.18,6.59,8.94,14.41,1.82,4.81,3.18,8.24
1212,2. Bundesliga (DE),998761,Eyyüb Arda Yaşar,E. Yaşar,2008-01-21,16.52,4.38,2.6,6,6,0,38.0,6.33,0.17,2.63,1.0,15.79,0.0,0.0,0.0,0.0,1.17,0.17,2.63,0.0,0.0,0.0,0.0,1.83,1.67,0.83,1.0,0.0,0.0,0.17,2.63
1212,2. Bundesliga (DE),1002033,Piet Lasse Scobel,P. Scobel,2005-04-22,43.55,11.09,11.83,21,21,0,471.0,22.43,0.19,0.85,2.9,12.95,0.0,0.0,0.52,2.34,3.81,1.57,7.01,0.0,0.0,0.05,0.21,11.86,3.05,5.95,1.19,0.0,0.0,3.24,14.44
1212,2. Bundesliga (DE),1020583,Raif Adam,R. Adam,2005-09-07,13.06,4.08,2.41,10,10,0,40.0,4.0,0.1,2.5,0.7,17.5,0.0,0.0,0.2,5.0,0.7,0.2,5.0,0.0,0.0,0.0,0.0,0.7,0.8,1.0,1.2,0.0,0.0,0.7,17.5
1212,2. Bundesliga (DE),1021147,Niklas Mohr,N. Mohr,2004-07-23,16.55,4.05,2.48,2,2,0,7.0,3.5,0.5,14.29,1.5,42.85,0.0,0.0,0.5,14.29,0.5,0.0,0.0,0.0,0.0,0.0,0.0,0.5,0.0,0.5,1.5,1.0,33.33,0.0,0.0
1212,2. Bundesliga (DE),1026139,Marko Soldic,M. Soldic,2010-01-06,11.55,2.89,3.56,7,7,0,51.0,7.29,0.14,1.96,1.0,13.72,0.0,0.0,0.57,7.84,0.86,0.57,7.84,0.0,0.0,0.0,0.0,2.14,1.0,1.43,1.86,0.43,10.84,0.29,3.92
1212,2. Bundesliga (DE),1037041,Albert Frank Millgramm,A. Millgramm,2004-11-12,6.54,2.4,0.83,2,2,0,4.0,2.0,0.5,25.0,1.0,50.0,0.0,0.0,0.0,0.0,1.0,0.0,0.0,0.0,0.0,0.0,0.0,0.5,0.0,0.5,0.0,0.0,,0.0,0.0
