competition_edition,league,player_id,player_name,player_short_name,player_birthdate,minutes,minutes_tip,minutes_otip,performance_count,performance_included_count,performance_failed_count,possession_count_total,possession_count,possession_count_retained,possession_pct_retained,possession_count_shotwithin10s,possession_count_goalwithin10s,possession_avgdistance,possession_avgduration,reception_count_total,reception_count,reception_count_retained,reception_pct_retained,reception_count_intensepressure_tightspace,reception_count_intensepressure_tightspace_retained,reception_pct_intensepressure_tightspace_retained,reception_count_inspace,longcarry_count_total,longcarry_count,longcarry_count_retained,longcarry_count_forwardtrajectory,longcarry_count_forwardtrajectory_retained,longcarry_count_abovehsr,longcarry_count_forwardtrajectory_abovehsr,longcarry_count_forwardtrajectory_abovehsr_retained,longcarry_pct_forwardtrajectory_abovehsr_retained,longcarry_pct_retained,longcarry_pct_forwardtrajectory_retained,possession_count_forwardmomentum,giveandgo_count,possession_count_beatbymovement,possession_count_beatbypossession,possession_count_drawnpressure,possession_count_drawnpressure_retained,possession_pct_drawnpressure_retained,reception_count_intensepressure_constrainedspace,possession_count_escapedpressure,possession_pct_escapedpressure,reception_count_intensepressure,possession_count_intensepressure_progressed,possession_pct_intensepressure_progressed,possession_count_intensepressure_dangercreated,possession_pct_intensepressure_dangercreated
1207,Liga I (RO),78,Alexandru Chipciu,A. Chipciu,1989-05-18,90.27,25.13,23.81,33,31,2,1503.0,48.48,35.45,73.12,2.71,0.29,5.2,1.65,1046.0,33.74,26.48,78.49,1.32,0.71,53.66,31.39,316.0,10.19,7.03,6.65,4.58,1.9,1.61,0.94,58.0,68.99,68.93,0.13,1.81,0.19,0.61,1.0,0.39,38.71,2.1,0.29,13.85,3.52,1.0,28.44,0.39,11.01
1207,Liga I (RO),2049,Cristian Manea,C. Manea,1997-08-09,65.22,17.83,16.52,21,20,1,623.0,31.15,21.55,69.18,1.9,0.35,4.1,1.34,437.0,21.85,16.45,75.28,1.6,0.85,53.12,20.3,90.0,4.5,3.0,3.1,2.05,1.35,1.1,0.45,40.91,66.67,66.13,0.1,3.6,0.25,0.15,0.15,0.1,66.67,2.15,0.25,11.63,3.55,0.75,21.13,0.3,8.45
1207,Liga I (RO),2149,Damjan Djoković,D. Djoković,1990-04-18,73.12,17.65,21.03,29,29,0,923.0,31.83,25.38,79.74,1.62,0.14,2.97,1.15,592.0,20.41,17.38,85.14,0.48,0.28,57.14,18.52,98.0,3.38,2.86,1.38,1.14,0.31,0.14,0.07,50.0,84.69,82.5,0.24,0.69,0.0,0.0,0.28,0.14,50.0,0.79,0.1,13.04,1.55,0.41,26.67,0.1,6.67
1207,Liga I (RO),2153,Dan Nistor,D. Nistor,1988-05-06,63.2,19.03,15.02,28,27,1,967.0,35.81,28.59,79.83,3.04,0.59,3.19,1.12,730.0,27.04,22.59,83.56,2.0,1.22,61.11,21.3,111.0,4.11,3.15,2.0,1.37,0.74,0.56,0.37,66.67,76.58,68.52,0.85,1.59,0.19,0.26,0.26,0.07,28.57,3.59,0.52,14.43,5.52,0.74,13.42,0.81,14.76
1207,Liga I (RO),2609,Denis Alibec,D. Alibec,1991-01-05,64.03,19.28,15.39,19,18,1,396.0,22.0,11.89,54.04,4.67,0.39,5.04,1.62,263.0,14.61,8.28,56.65,2.0,1.17,58.33,9.83,75.0,4.17,2.72,1.56,0.89,0.61,0.61,0.22,36.36,65.33,57.14,0.89,1.61,0.56,0.56,0.22,0.0,0.0,2.89,0.22,7.69,5.17,1.06,20.43,1.56,30.11
1207,Liga I (RO),3514,Florin Bejan,F. Bejan,1991-03-28,62.13,12.63,21.68,11,10,1,177.0,17.7,12.6,71.19,0.3,0.0,3.65,1.25,90.0,9.0,7.6,84.45,0.1,0.0,0.0,8.3,25.0,2.5,1.7,0.9,0.7,0.2,0.1,0.1,100.0,68.0,77.78,0.0,0.0,0.0,0.0,0.1,0.1,100.0,0.4,0.0,0.0,0.5,0.1,20.0,0.1,20.0
1207,Liga I (RO),3830,George Pușcaș,G. Pușcaș,1996-04-08,58.07,14.99,14.2,7,7,0,90.0,12.86,6.71,52.22,2.29,0.14,5.54,1.44,61.0,8.71,5.14,59.02,2.86,1.71,60.0,3.43,20.0,2.86,1.86,1.86,1.0,1.0,0.86,0.29,33.33,65.0,53.84,0.29,1.0,0.57,0.43,0.0,0.0,,3.57,0.57,16.0,5.29,0.86,16.22,1.0,18.92
1207,Liga I (RO),3836,Georgi Milanov,G. Milanov,1992-02-19,33.47,9.69,7.33,32,31,1,598.0,19.29,14.87,77.09,1.32,0.16,4.13,1.42,441.0,14.23,11.68,82.09,1.16,0.61,52.78,12.06,91.0,2.94,2.06,1.55,0.94,0.45,0.35,0.13,36.36,70.33,60.42,0.19,1.74,0.03,0.06,0.16,0.06,40.0,2.23,0.65,28.99,2.77,0.65,23.26,0.29,10.47
1207,Liga I (RO),3876,Gheorghe Grozav,G. Grozav,1990-09-29,81.62,20.28,21.63,37,35,2,858.0,24.51,15.2,62.01,3.54,0.17,5.13,1.43,572.0,16.34,10.8,66.08,2.23,1.11,50.0,11.23,184.0,5.26,3.09,2.89,1.29,1.23,0.89,0.29,32.26,58.7,44.55,0.71,1.46,0.46,0.51,0.37,0.14,38.46,3.03,0.49,16.04,4.83,0.94,19.53,0.86,17.75
1207,Liga I (RO),4491,Islam Slimani,I. Slimani,1988-06-18,40.02,10.18,10.33,13,13,0,164.0,12.62,7.92,62.8,2.46,0.15,3.41,1.01,116.0,8.92,6.23,69.83,1.69,1.0,59.09,5.46,22.0,1.69,0.85,1.0,0.62,0.38,0.38,0.15,40.0,50.0,61.54,0.46,0.69,0.54,0.15,0.08,0.08,100.0,2.15,0.31,14.29,3.31,0.08,2.33,0.77,23.25
1207,Liga I (RO),6012,Kurt Zouma,K. Zouma,1994-10-27,41.61,9.77,9.07,3,3,0,60.0,20.0,18.33,91.67,0.0,0.0,3.93,1.57,40.0,13.33,13.0,97.5,0.0,0.0,,13.0,9.0,3.0,2.67,1.33,1.33,0.67,0.0,0.0,,88.89,100.0,0.0,0.0,0.0,0.0,0.0,0.0,,0.0,0.0,,0.0,0.0,,0.0,
1207,Liga I (RO),6063,László Kleinheisler,L. Kleinheisler,1994-04-08,66.73,16.93,20.12,8,8,0,203.0,25.38,17.75,69.95,3.88,0.38,6.53,1.85,118.0,14.75,11.12,75.42,1.12,0.75,66.67,11.88,59.0,7.38,5.38,3.88,2.25,1.0,0.75,0.38,50.0,72.88,58.07,1.38,1.5,0.12,0.62,0.25,0.12,50.0,1.75,0.38,21.43,3.25,0.75,23.08,0.62,19.23
1207,Liga I (RO),6848,Marcus Coco,M. Coco,1996-06-24,79.33,22.71,19.76,8,8,0,398.0,49.75,38.0,76.38,1.0,0.0,5.04,1.66,276.0,34.5,27.88,80.8,0.5,0.0,0.0,32.5,82.0,10.25,7.12,5.12,3.62,2.0,1.25,0.75,60.0,69.51,70.73,0.12,1.75,0.0,0.5,0.88,0.38,42.86,1.12,0.38,33.33,1.38,0.12,9.09,0.0,0.0
1207,Liga I (RO),7584,Mihai Roman,M. Roman,1992-05-31,24.7,6.35,4.63,1,1,0,11.0,11.0,4.0,36.36,3.0,0.0,7.41,2.34,5.0,5.0,2.0,40.0,1.0,0.0,0.0,4.0,5.0,5.0,2.0,2.0,1.0,0.0,0.0,0.0,,40.0,50.0,1.0,0.0,0.0,0.0,0.0,0.0,,1.0,0.0,0.0,1.0,0.0,0.0,0.0,0.0
1207,Liga I (RO),8475,Paul Papp,P. Papp,1989-11-11,89.46,22.07,24.31,34,32,2,1284.0,40.12,30.44,75.86,1.53,0.12,4.99,1.72,770.0,24.06,19.62,81.56,0.12,0.06,50.0,22.34,288.0,9.0,6.88,6.09,4.75,0.69,0.22,0.16,71.43,76.39,77.95,0.0,0.44,0.0,0.03,0.66,0.31,47.62,0.28,0.0,0.0,0.66,0.19,28.57,0.06,9.52
1207,Liga I (RO),8582,Pedro Nuno Fernandes Ferreira,Pedro Nuno,1995-01-13,71.82,19.35,16.19,21,19,2,664.0,34.95,25.68,73.49,3.63,0.37,3.97,1.33,450.0,23.68,18.68,78.89,1.74,1.0,57.58,18.53,109.0,5.74,4.58,2.05,1.42,0.47,0.26,0.16,60.0,79.82,69.23,1.16,1.26,0.37,0.05,0.42,0.37,87.5,2.63,0.58,22.0,5.21,0.74,14.14,0.79,15.15
1207,Liga I (RO),10140,Stipe Perica,S. Perica,1995-07-07,33.82,9.65,7.27,15,14,1,93.0,6.64,3.5,52.69,1.71,0.36,4.67,1.25,56.0,4.0,2.14,53.57,0.93,0.36,38.46,2.36,16.0,1.14,0.5,1.0,0.5,0.43,0.43,0.14,33.33,43.75,50.0,0.29,0.21,0.43,0.14,0.0,0.0,,1.07,0.07,6.67,2.0,0.29,14.29,0.5,25.0
1207,Liga I (RO),10756,Vlad Iulian  Chiricheș,V. Chiricheș,1989-11-14,47.1,14.19,9.87,12,12,0,338.0,28.17,22.58,80.18,1.25,0.0,3.95,1.38,221.0,18.42,15.92,86.43,0.92,0.42,45.45,15.25,48.0,4.0,3.42,1.33,1.08,0.42,0.25,0.17,66.67,85.42,81.25,0.17,1.08,0.08,0.08,0.17,0.17,100.0,1.17,0.17,14.29,1.75,0.33,19.05,0.33,19.05
1207,Liga I (RO),11177,Ionuț Larie,I. Larie,1987-01-16,96.43,27.37,23.39,34,32,2,1864.0,58.25,48.44,83.15,1.72,0.06,5.18,1.74,1226.0,38.31,33.94,88.58,0.28,0.22,77.78,36.12,428.0,13.38,10.84,9.25,7.44,1.38,0.75,0.53,70.83,81.08,80.41,0.06,0.06,0.0,0.0,0.78,0.47,60.0,0.41,0.09,23.08,0.81,0.25,30.77,0.06,7.69
1207,Liga I (RO),11179,Ovidiu Popescu,O. Popescu,1994-02-27,54.65,12.8,15.94,14,14,0,352.0,25.14,20.07,79.83,1.93,0.0,4.36,1.43,227.0,16.21,13.93,85.9,0.14,0.07,50.0,14.5,63.0,4.5,3.36,1.57,1.5,1.0,0.57,0.5,87.5,74.6,95.45,0.21,0.29,0.07,0.21,0.14,0.14,100.0,0.5,0.0,0.0,0.79,0.14,18.18,0.0,0.0
1207,Liga I (RO),11181,Florin Tănase,F. Tănase,1994-12-30,94.86,28.26,20.24,36,35,1,1813.0,51.8,38.14,73.63,6.54,0.63,6.38,1.91,1266.0,36.17,27.26,75.35,3.77,1.97,52.27,26.49,490.0,14.0,10.37,6.71,4.43,2.17,1.43,0.86,60.0,74.08,65.96,1.71,3.29,0.49,1.31,1.77,1.09,61.29,5.71,0.69,12.0,9.09,1.97,21.7,1.66,18.24
1207,Liga I (RO),11229,Jordan Ikoko,J. Ikoko,1994-02-03,51.23,16.57,10.64,21,20,1,458.0,22.9,18.5,80.79,1.35,0.0,4.56,1.55,347.0,17.35,14.5,83.57,1.15,0.8,69.57,15.6,82.0,4.1,3.1,2.1,1.45,0.9,0.45,0.3,66.67,75.61,69.05,0.05,1.8,0.2,0.3,0.05,0.0,0.0,1.8,0.5,27.78,3.1,0.7,22.58,0.45,14.52
1207,Liga I (RO),12208,Eddy Gnahoré,E. Gnahoré,1993-11-14,94.38,28.86,20.97,38,36,2,2300.0,63.89,56.5,88.43,3.19,0.25,5.34,2.04,1677.0,46.58,42.5,91.23,1.61,1.06,65.52,41.03,525.0,14.58,13.0,6.0,5.06,0.78,0.44,0.22,50.0,89.14,84.26,0.69,3.44,0.14,0.08,0.69,0.58,84.0,2.5,0.5,20.0,3.69,0.56,15.04,0.5,13.53
1207,Liga I (RO),12638,Antoine Baroan,A. Baroan,2000-06-24,40.73,10.73,10.55,13,13,0,132.0,10.15,5.38,53.03,1.77,0.23,4.24,1.18,91.0,7.0,4.08,58.24,1.69,0.77,45.45,3.54,21.0,1.62,0.69,0.77,0.15,0.54,0.23,0.08,33.33,42.86,20.0,0.62,0.92,0.31,0.15,0.08,0.0,0.0,2.69,0.54,20.0,4.0,0.23,5.77,1.08,26.92
1207,Liga I (RO),12933,Boban Nikolov,B. Nikolov,1994-07-28,38.9,11.86,9.08,5,5,0,96.0,19.2,15.8,82.29,1.0,0.2,4.81,1.65,70.0,14.0,12.4,88.57,0.8,0.2,25.0,11.8,17.0,3.4,2.6,1.0,0.4,0.2,0.0,0.0,,76.47,40.0,0.2,0.2,0.2,0.0,0.0,0.0,,0.8,0.0,0.0,1.2,0.8,66.67,0.0,0.0
1207,Liga I (RO),13046,Luka Zahovič,L. Zahovič,1995-11-15,33.65,7.66,9.77,13,13,0,122.0,9.38,5.69,60.66,0.92,0.08,3.57,1.07,75.0,5.77,3.77,65.33,1.38,0.77,55.56,2.85,15.0,1.15,0.46,0.77,0.08,0.38,0.31,0.0,0.0,40.0,10.0,0.08,0.69,0.23,0.15,0.0,0.0,,1.69,0.38,22.73,2.85,0.31,10.81,0.38,13.51
1207,Liga I (RO),13054,Alin Toșca,A. Toșca,1992-03-14,60.05,14.64,19.01,1,1,0,29.0,29.0,23.0,79.31,0.0,0.0,2.97,1.27,22.0,22.0,17.0,77.27,1.0,0.0,0.0,21.0,4.0,4.0,4.0,1.0,1.0,0.0,0.0,0.0,,100.0,100.0,0.0,0.0,0.0,0.0,1.0,0.0,0.0,1.0,0.0,0.0,1.0,0.0,0.0,0.0,0.0
1207,Liga I (RO),13056,Tudor Băluţă,T. Băluţă,1999-03-27,69.14,20.71,15.08,31,31,0,1070.0,34.52,26.77,77.57,3.03,0.29,2.92,1.02,706.0,22.77,18.58,81.59,0.74,0.39,52.17,19.26,110.0,3.55,2.68,1.84,1.29,0.65,0.35,0.19,54.55,75.45,70.18,0.58,0.58,0.03,0.23,0.19,0.16,83.33,1.48,0.29,19.57,2.32,0.42,18.06,0.16,6.94
1207,Liga I (RO),13061,Romario Benzar,R. Benzar,1992-03-26,82.36,18.23,18.47,2,2,0,50.0,25.0,14.5,58.0,1.5,0.5,3.73,1.2,36.0,18.0,10.0,55.55,1.0,0.5,50.0,14.0,6.0,3.0,2.5,3.0,2.5,0.5,0.5,0.5,100.0,83.33,83.33,0.0,1.5,0.0,0.0,0.0,0.0,,1.5,0.0,0.0,1.5,1.0,66.67,0.0,0.0
1207,Liga I (RO),13063,Nicușor Bancu,N. Bancu,1992-09-18,82.74,24.44,19.11,30,30,0,1345.0,44.83,32.0,71.38,4.4,0.27,4.5,1.42,935.0,31.17,22.93,73.58,3.0,1.63,54.44,27.03,254.0,8.47,5.4,5.1,3.17,1.73,1.27,0.6,47.37,63.78,62.09,0.27,3.97,0.43,0.27,0.57,0.3,52.94,4.1,0.6,14.63,6.73,1.43,21.29,1.1,16.34
1207,Liga I (RO),13125,Lucas Pellegrini,L. Pellegrini,2000-04-17,67.8,16.21,18.68,15,13,2,326.0,25.08,16.38,65.34,0.38,0.0,5.9,1.77,199.0,15.31,11.31,73.87,0.46,0.23,50.0,14.23,81.0,6.23,3.77,3.15,2.08,1.23,0.69,0.31,44.45,60.49,65.85,0.0,1.0,0.0,0.38,0.69,0.31,44.44,0.92,0.0,0.0,1.38,0.31,22.22,0.08,5.55
1207,Liga I (RO),13287,Jérôme Junior Onguéné,J. Onguéné,1997-12-22,46.21,10.11,12.81,3,3,0,42.0,14.0,12.0,85.71,0.33,0.0,2.97,1.13,28.0,9.33,8.67,92.86,0.0,0.0,,8.67,6.0,2.0,1.33,1.33,1.0,0.0,0.0,0.0,,66.67,75.0,0.0,0.0,0.0,0.0,0.33,0.0,0.0,0.0,0.0,,0.0,0.0,,0.0,
1207,Liga I (RO),13315,Andrei Ivan,A. Ivan,1997-01-04,53.8,14.23,11.6,2,2,0,29.0,14.5,7.0,48.28,3.0,0.5,3.26,1.21,18.0,9.0,4.5,50.0,3.5,1.0,28.57,3.0,2.0,1.0,0.5,1.0,0.5,0.5,0.5,0.0,0.0,50.0,50.0,0.5,0.5,0.0,0.0,0.0,0.0,,4.0,0.0,0.0,5.5,0.0,0.0,0.5,9.09
1207,Liga I (RO),13407,Edvinas Gertmonas,E. Gertmonas,1996-06-01,96.61,27.8,25.56,22,21,1,514.0,24.48,16.43,67.12,0.14,0.0,3.74,2.5,291.0,13.86,10.0,72.17,0.24,0.1,40.0,13.24,79.0,3.76,2.29,2.1,1.33,0.0,0.0,0.0,,60.76,63.64,0.0,0.0,0.0,0.0,0.14,0.05,33.33,0.81,0.29,35.29,0.95,0.29,30.0,0.0,0.0
1207,Liga I (RO),13626,Jakub Hromada,J. Hromada,1996-05-25,46.93,12.89,11.52,23,23,0,373.0,16.22,12.61,77.75,1.3,0.09,2.81,0.97,234.0,10.17,8.61,84.62,1.26,0.61,48.27,7.57,36.0,1.57,1.13,0.78,0.39,0.48,0.39,0.17,44.44,72.22,50.0,0.17,1.0,0.13,0.09,0.04,0.04,100.0,1.57,0.3,19.44,2.0,0.43,21.74,0.26,13.04
1207,Liga I (RO),13835,Adrian Păun,A. Păun,1995-04-01,42.65,10.46,10.92,30,30,0,459.0,15.3,10.87,71.02,2.13,0.3,5.85,1.62,289.0,9.63,7.3,75.78,1.57,0.83,53.19,6.6,114.0,3.8,2.87,2.0,1.57,0.53,0.33,0.27,80.0,75.44,78.33,0.77,1.97,0.1,0.4,0.23,0.13,57.14,2.13,0.37,17.19,3.27,0.57,17.35,0.8,24.49
1207,Liga I (RO),13837,Ciprian Deac,C. Deac,1986-02-16,31.48,8.46,7.86,8,8,0,101.0,12.62,7.88,62.38,1.0,0.0,2.59,0.98,65.0,8.12,5.62,69.23,1.25,0.88,70.0,5.62,8.0,1.0,0.5,0.25,0.12,0.0,0.0,0.0,,50.0,50.0,0.38,0.75,0.12,0.0,0.0,0.0,,1.62,0.12,7.69,2.62,0.25,9.52,0.5,19.05
1207,Liga I (RO),13839,Valentin Costache,V. Costache,1998-08-02,85.07,21.15,23.73,25,25,0,711.0,28.44,15.2,53.45,4.52,0.32,5.78,1.75,450.0,18.0,10.0,55.56,2.52,1.12,44.44,12.68,190.0,7.6,3.6,5.32,2.28,1.16,1.0,0.36,36.0,47.37,42.86,0.88,1.96,0.64,0.92,0.32,0.08,25.0,3.2,0.64,20.0,5.8,1.68,28.97,1.16,20.0
1207,Liga I (RO),13846,Mihai Bordeianu,M. Bordeianu,1991-11-18,65.4,16.35,14.87,28,27,1,961.0,35.59,24.22,68.05,3.19,0.15,4.45,1.57,604.0,22.37,16.85,75.33,1.26,0.59,47.06,19.26,165.0,6.11,4.11,3.41,2.26,0.96,0.7,0.37,52.63,67.27,66.31,0.81,0.56,0.11,0.3,0.44,0.22,50.0,1.59,0.22,13.95,2.67,0.59,22.22,0.26,9.72
1207,Liga I (RO),13847,Mário Jorge Malico Paulino,Mario Camora,1986-11-10,93.44,23.06,26.7,31,31,0,1195.0,38.55,25.65,66.53,2.19,0.13,3.43,1.26,806.0,26.0,18.84,72.46,1.19,0.48,40.54,23.94,161.0,5.19,3.16,2.81,1.87,1.06,0.71,0.35,50.0,60.87,66.67,0.03,1.45,0.1,0.16,0.32,0.16,50.0,1.74,0.35,20.37,3.1,0.61,19.79,0.26,8.33
1207,Liga I (RO),13848,Claudiu Petrila,C. Petrila,2000-11-07,82.03,22.71,21.2,31,30,1,1072.0,35.73,24.4,68.28,3.8,0.6,7.07,1.83,804.0,26.8,18.67,69.65,2.37,1.37,57.75,21.2,322.0,10.73,6.47,6.2,3.4,3.17,2.5,0.83,33.33,60.25,54.84,0.57,2.33,0.57,1.53,1.0,0.43,43.33,4.2,0.87,20.63,6.93,1.6,23.08,1.17,16.83
1207,Liga I (RO),13896,Cristian Ganea,C. Ganea,1992-05-24,96.2,27.74,23.07,31,29,2,1461.0,50.38,33.41,66.32,3.86,0.14,4.74,1.55,962.0,33.17,24.03,72.45,1.14,0.59,51.52,30.72,312.0,10.76,7.07,5.17,3.14,1.9,1.21,0.62,51.43,65.71,60.67,0.07,1.9,0.24,0.55,0.52,0.21,40.0,2.21,0.52,23.44,4.14,0.93,22.5,0.59,14.17
1207,Liga I (RO),14045,Mihai Alexandru Dobre,A. Dobre,1998-08-30,83.98,22.48,21.73,36,35,1,1131.0,32.31,19.86,61.45,4.43,0.63,8.61,2.14,823.0,23.51,15.34,65.25,3.09,1.57,50.93,16.97,403.0,11.51,6.37,6.34,3.14,2.69,2.14,0.86,40.0,55.34,49.55,0.51,3.57,0.57,1.86,1.03,0.46,44.44,4.74,0.77,16.27,7.11,1.37,19.28,1.29,18.07
1207,Liga I (RO),14083,Alessandro Murgia,A. Murgia,1996-08-09,54.15,14.79,14.73,19,17,2,541.0,31.82,26.76,84.1,1.76,0.35,2.81,0.99,394.0,23.18,20.41,88.07,0.88,0.59,66.67,18.71,49.0,2.88,2.47,1.53,1.41,0.53,0.29,0.29,100.0,85.71,92.31,0.71,1.06,0.29,0.0,0.41,0.35,85.71,1.65,0.24,14.29,2.47,0.47,19.05,0.29,11.91
1207,Liga I (RO),14207,Hakim Djamel Abdallah,H. Abdallah,1998-01-09,86.83,21.99,24.32,32,31,1,768.0,24.77,14.06,56.77,3.97,0.29,6.22,1.71,486.0,15.68,9.26,59.05,3.45,1.42,41.12,8.39,211.0,6.81,3.61,4.29,1.97,1.68,1.52,0.45,29.79,53.08,45.86,0.87,2.39,1.0,1.1,0.45,0.13,28.57,4.39,0.55,12.5,8.13,1.71,21.03,1.45,17.86
1207,Liga I (RO),14261,Lars Kramer,L. Kramer,1999-07-11,89.21,24.96,22.9,28,27,1,1381.0,51.15,45.15,88.27,0.96,0.15,3.99,1.53,937.0,34.7,32.48,93.6,0.22,0.11,50.0,33.26,204.0,7.56,6.74,4.22,3.78,0.52,0.11,0.11,100.0,89.22,89.47,0.0,0.07,0.0,0.0,0.3,0.19,62.5,0.33,0.0,0.0,0.67,0.15,22.22,0.04,5.56
1207,Liga I (RO),14410,Christopher Braun,C. Braun,1991-07-15,71.49,18.06,19.61,27,27,0,714.0,26.44,17.37,65.69,1.04,0.04,4.58,1.37,459.0,17.0,12.7,74.73,1.33,0.67,50.0,14.89,133.0,4.93,2.93,3.07,1.67,1.56,1.26,0.56,44.12,59.4,54.22,0.04,2.22,0.11,0.48,0.41,0.11,27.27,1.85,0.19,10.0,3.11,0.96,30.95,0.11,3.57
1207,Liga I (RO),14573,Vladimir Screciu,V. Screciu,2000-01-13,85.55,25.79,19.47,36,36,0,2066.0,57.39,50.11,87.32,1.58,0.11,5.61,1.9,1442.0,40.06,36.5,91.12,0.33,0.11,33.33,37.97,481.0,13.36,11.33,7.67,6.5,1.36,0.56,0.42,75.0,84.82,84.78,0.14,0.11,0.06,0.11,0.86,0.64,74.19,0.39,0.06,14.29,0.61,0.17,27.27,0.03,4.55
1207,Liga I (RO),14769,Benjamin Van Durmen,B. Van Durmen,1997-03-20,66.92,16.0,19.47,29,28,1,761.0,27.18,21.75,80.03,1.46,0.11,4.67,1.37,449.0,16.04,13.61,84.86,0.75,0.46,61.9,13.25,148.0,5.29,4.32,2.61,2.04,1.21,0.64,0.39,61.11,81.76,78.08,0.46,1.64,0.11,0.11,0.36,0.25,70.0,1.11,0.25,22.58,2.04,0.32,15.79,0.18,8.77
1207,Liga I (RO),14973,Silviu Lung,S. Lung,1989-06-04,99.46,29.71,22.76,5,5,0,87.0,17.4,12.2,70.12,0.0,0.0,3.71,2.67,56.0,11.2,9.6,85.72,0.0,0.0,,10.4,8.0,1.6,1.2,1.2,0.8,0.0,0.0,0.0,,75.0,66.67,0.0,0.0,0.0,0.0,0.0,0.0,,0.2,0.0,0.0,0.4,0.0,0.0,0.0,0.0
1207,Liga I (RO),15288,Devis Rogers Epassy Mboka,D. Epassy,1993-02-02,99.29,29.61,22.6,29,27,2,613.0,22.7,12.26,54.0,0.11,0.04,5.02,3.02,377.0,13.96,8.15,58.36,0.37,0.15,40.0,13.52,129.0,4.78,2.3,1.81,0.85,0.0,0.0,0.0,,48.06,46.94,0.0,0.0,0.0,0.0,0.04,0.0,0.0,0.63,0.22,35.29,0.78,0.22,28.57,0.0,0.0
1207,Liga I (RO),15460,Denis Yanakov,D. Yanakov,1999-01-01,51.21,9.15,16.54,10,10,0,139.0,13.9,6.0,43.16,2.3,0.2,8.25,2.09,76.0,7.6,2.8,36.84,0.8,0.3,37.5,5.1,53.0,5.3,2.3,3.0,0.8,1.7,1.2,0.2,16.67,43.4,26.67,0.5,0.8,0.1,0.5,0.1,0.0,0.0,1.3,0.1,7.69,3.5,1.2,34.29,0.5,14.29
1207,Liga I (RO),15477,Cristian Ioan Ponde,Cristian Ponde,1995-01-26,60.29,12.23,18.38,14,14,0,289.0,20.64,12.14,58.82,2.5,0.14,4.32,1.3,171.0,12.21,7.79,63.74,1.36,0.64,47.37,8.57,48.0,3.43,2.07,1.64,1.07,0.93,0.64,0.21,33.33,60.42,65.22,0.71,0.86,0.21,0.21,0.14,0.0,0.0,1.79,0.5,28.0,4.14,0.86,20.69,0.57,13.79
1207,Liga I (RO),15497,Joyskim Ayrelien Dawa Tchakonte,J. Dawa,1996-04-09,99.45,28.23,22.27,12,12,0,558.0,46.5,39.75,85.48,1.5,0.25,4.71,1.76,372.0,31.0,29.0,93.55,0.17,0.17,100.0,30.17,105.0,8.75,7.17,4.75,4.17,0.58,0.08,0.0,0.0,81.9,87.72,0.08,0.17,0.0,0.17,0.17,0.17,100.0,0.25,0.0,0.0,0.42,0.25,60.0,0.0,0.0
1207,Liga I (RO),15877,Eric Bicfalvi,E. Bicfalvi,1988-02-05,66.39,14.31,17.11,4,4,0,63.0,15.75,8.75,55.56,1.5,0.0,5.31,1.7,32.0,8.0,5.25,65.62,2.25,0.5,22.22,4.0,14.0,3.5,2.0,1.75,0.5,0.25,0.0,0.0,,57.14,28.57,0.25,0.5,0.5,0.5,0.0,0.0,,3.0,0.25,8.33,4.75,1.0,21.05,1.25,26.31
1207,Liga I (RO),16077,Fabrício Santos de Jesus,Fabricio Baiano,1992-06-13,30.65,6.96,10.34,1,1,0,9.0,9.0,9.0,100.0,1.0,0.0,8.63,2.38,4.0,4.0,4.0,100.0,0.0,0.0,,4.0,4.0,4.0,4.0,1.0,1.0,1.0,0.0,0.0,,100.0,100.0,0.0,2.0,0.0,0.0,0.0,0.0,,0.0,0.0,,0.0,0.0,,0.0,
1207,Liga I (RO),16355,Charalampos Kyriakou,C. Kyriakou,1995-02-09,50.88,15.01,10.82,18,16,2,430.0,26.88,21.94,81.63,0.94,0.12,3.1,1.33,319.0,19.94,17.12,85.89,0.62,0.31,50.0,17.75,41.0,2.56,2.06,0.88,0.75,0.25,0.0,0.0,,80.49,85.71,0.25,0.44,0.0,0.0,0.38,0.12,33.33,1.19,0.31,26.32,1.56,0.31,20.0,0.06,4.0
1207,Liga I (RO),16428,Sheriff Sinyan,S. Sinyan,1996-07-19,95.03,23.76,26.84,32,32,0,1325.0,41.41,34.03,82.19,1.47,0.12,5.25,1.77,784.0,24.5,22.22,90.69,0.16,0.03,20.0,23.22,308.0,9.62,7.88,4.78,3.88,1.19,0.28,0.16,55.56,81.82,81.05,0.09,0.28,0.09,0.09,0.44,0.25,57.14,0.22,0.0,0.0,0.38,0.09,25.0,0.09,25.0
1207,Liga I (RO),16450,Filip Blažek,F. Blažek,1998-03-11,3.73,1.4,0.76,1,1,0,1.0,1.0,1.0,100.0,0.0,0.0,1.88,0.8,1.0,1.0,1.0,100.0,0.0,0.0,,1.0,0.0,0.0,0.0,0.0,0.0,0.0,0.0,0.0,,,,0.0,0.0,0.0,0.0,0.0,0.0,,0.0,0.0,,0.0,0.0,,0.0,
1207,Liga I (RO),16563,Said Ahmed Said,A. Said,1993-04-20,43.82,8.61,12.33,22,20,2,199.0,9.95,5.65,56.78,1.2,0.1,4.07,1.29,110.0,5.5,3.15,57.27,1.35,0.6,44.44,2.5,38.0,1.9,1.1,0.85,0.3,0.35,0.25,0.05,20.0,57.89,35.29,0.1,0.6,0.1,0.1,0.0,0.0,,2.0,0.2,10.0,3.05,0.45,14.75,0.5,16.39
1207,Liga I (RO),16831,Desley Ubbink,D. Ubbink,1993-06-15,60.4,16.55,16.27,19,15,4,454.0,30.27,23.6,77.97,1.53,0.07,5.92,1.92,341.0,22.73,18.27,80.35,1.53,0.87,56.52,18.4,120.0,8.0,6.53,3.0,2.07,0.8,0.47,0.2,42.86,81.67,68.89,0.53,1.4,0.0,0.13,0.4,0.2,50.0,2.07,0.2,9.68,3.67,0.8,21.82,0.47,12.73
1207,Liga I (RO),16922,Alexandru Crețu,A. Crețu,1992-04-24,43.03,12.28,10.54,20,20,0,404.0,20.2,14.75,73.02,1.95,0.05,3.66,1.13,286.0,14.3,11.4,79.72,0.75,0.25,33.33,11.35,54.0,2.7,1.6,1.9,1.0,0.9,0.9,0.5,55.56,59.26,52.63,0.65,1.05,0.15,0.25,0.05,0.0,0.0,0.95,0.2,21.05,2.15,0.5,23.26,0.35,16.28
1207,Liga I (RO),17036,Sergiu Florin Buș,S. Buș,1992-11-02,42.37,10.87,11.86,37,35,2,418.0,11.94,6.26,52.39,2.17,0.34,4.7,1.39,275.0,7.86,4.2,53.46,2.31,1.09,46.91,3.4,79.0,2.26,1.26,1.23,0.6,0.4,0.29,0.06,20.0,55.7,48.84,0.31,0.8,0.46,0.11,0.0,0.0,,3.29,0.51,15.65,4.69,0.77,16.46,0.86,18.29
1207,Liga I (RO),17083,Bozhidar Chorbadzhiyski,B. Chorbadzhiyski,1995-08-08,92.57,23.24,23.52,13,13,0,428.0,32.92,26.46,80.37,1.38,0.31,5.0,1.81,242.0,18.62,17.0,91.32,0.15,0.0,0.0,16.92,95.0,7.31,6.77,4.0,3.85,0.54,0.23,0.23,100.0,92.63,96.15,0.0,0.15,0.15,0.0,0.0,0.0,,0.23,0.0,0.0,0.46,0.15,33.33,0.08,16.67
1207,Liga I (RO),17103,Olimpiu Moruţan,O. Moruţan,1999-04-25,69.89,19.1,19.56,18,18,0,652.0,36.22,23.22,64.11,4.06,0.22,6.72,1.99,470.0,26.11,17.83,68.3,2.39,1.0,41.86,19.61,200.0,11.11,6.44,5.28,2.78,1.56,1.06,0.5,47.37,58.0,52.63,1.5,1.78,0.17,0.94,1.11,0.44,40.0,4.06,0.56,13.7,6.61,1.11,16.81,0.72,10.92
1207,Liga I (RO),17113,Ianis Stoica,I. Stoica,2002-12-08,44.16,10.73,14.72,2,2,0,29.0,14.5,8.0,55.18,2.5,0.5,8.25,2.02,23.0,11.5,8.0,69.57,2.5,0.5,20.0,6.0,12.0,6.0,2.5,3.5,2.0,1.0,0.5,0.0,0.0,41.66,57.15,1.0,2.5,2.0,1.0,0.5,0.5,100.0,4.5,0.5,11.11,7.0,2.5,35.71,1.5,21.43
1207,Liga I (RO),17397,Ionuț Vînă,I. Vînă,1995-02-20,89.74,24.81,22.67,33,30,3,1378.0,45.93,32.6,70.97,4.37,0.5,4.57,1.4,840.0,28.0,20.93,74.76,1.93,0.93,48.28,22.73,266.0,8.87,5.77,4.63,2.83,1.6,1.1,0.57,51.52,65.04,61.15,0.93,3.03,0.27,0.9,0.57,0.23,41.18,2.8,0.6,21.43,4.7,0.87,18.44,0.77,16.31
1207,Liga I (RO),17399,Bogdan Țîru,B. Țîru,1994-03-15,83.12,22.64,20.13,28,25,3,961.0,38.44,32.72,85.12,0.8,0.08,4.56,1.59,650.0,26.0,24.0,92.31,0.16,0.04,25.0,24.8,186.0,7.44,6.56,4.2,3.72,1.04,0.12,0.12,100.0,88.17,88.57,0.0,0.04,0.08,0.0,0.32,0.08,25.0,0.16,0.0,0.0,0.24,0.08,33.33,0.0,0.0
1207,Liga I (RO),17401,Andrei Ciobanu,A. Ciobanu,1998-01-18,57.78,14.88,13.51,33,31,2,886.0,28.58,20.35,71.22,2.65,0.19,3.83,1.37,596.0,19.23,14.71,76.51,1.68,0.87,51.92,15.52,140.0,4.52,3.32,2.19,1.65,0.61,0.23,0.23,100.0,73.57,75.0,0.39,1.61,0.06,0.26,0.35,0.26,72.73,2.26,0.29,12.86,3.48,0.58,16.67,0.23,6.48
1207,Liga I (RO),17404,Paul Iacob,P. Iacob,1996-06-21,86.43,22.67,19.89,25,23,2,999.0,43.43,36.22,83.38,1.43,0.09,3.98,1.52,642.0,27.91,24.78,88.79,0.48,0.22,45.45,26.52,159.0,6.91,5.74,3.78,3.13,0.35,0.09,0.04,50.0,83.02,82.76,0.04,0.35,0.04,0.0,0.39,0.22,55.56,0.57,0.0,0.0,0.78,0.26,33.33,0.04,5.56
1207,Liga I (RO),17409,Alexandru Pop,A. Pop,2000-02-01,42.9,13.12,9.66,35,34,1,318.0,9.35,5.68,60.69,1.26,0.18,5.21,1.39,207.0,6.09,3.97,65.22,1.65,0.76,46.43,3.09,70.0,2.06,1.32,0.94,0.47,0.68,0.38,0.12,30.77,64.29,50.0,0.35,0.79,0.5,0.15,0.03,0.0,0.0,2.21,0.5,22.67,3.18,0.47,14.81,0.59,18.52
1207,Liga I (RO),17411,Alexandru Buzbuchi,A. Buzbuchi,1993-10-31,99.48,26.73,24.45,25,23,2,594.0,25.83,16.65,64.48,0.17,0.04,4.15,2.82,374.0,16.26,11.87,73.0,0.22,0.09,40.0,15.78,100.0,4.35,2.52,2.35,1.39,0.04,0.0,0.0,,58.0,59.26,0.0,0.0,0.0,0.0,0.17,0.09,50.0,0.35,0.04,12.5,0.39,0.17,44.44,0.0,0.0
1207,Liga I (RO),17413,Andrei Artean,A. Artean,1993-08-14,62.79,16.41,17.14,13,11,2,342.0,31.09,25.73,82.75,0.82,0.09,3.44,1.37,237.0,21.55,18.73,86.92,0.55,0.18,33.33,19.55,48.0,4.36,3.91,1.82,1.45,0.18,0.0,0.0,,89.58,80.0,0.0,0.09,0.0,0.0,0.27,0.18,66.67,0.82,0.18,22.22,1.27,0.27,21.43,0.0,0.0
1207,Liga I (RO),17414,Lyes Houri,L. Houri,1996-01-19,51.63,16.43,10.84,16,16,0,490.0,30.62,23.94,78.16,2.81,0.25,5.31,1.68,379.0,23.69,18.88,79.68,1.62,0.88,53.85,17.38,106.0,6.62,4.69,3.56,2.62,0.94,0.56,0.56,100.0,70.76,73.68,1.88,2.88,0.25,0.75,0.56,0.38,66.67,3.5,0.69,19.64,5.38,0.94,17.44,0.5,9.3
1207,Liga I (RO),17418,Laurenţiu Popescu,L. Popescu,1997-01-18,94.14,28.13,22.59,18,18,0,346.0,19.22,12.0,62.43,0.11,0.06,4.38,2.49,210.0,11.67,8.39,71.91,0.28,0.06,20.0,11.11,62.0,3.44,1.5,1.56,1.0,0.06,0.0,0.0,,43.55,64.29,0.0,0.0,0.0,0.0,0.28,0.17,60.0,0.33,0.06,16.67,0.5,0.11,22.22,0.0,0.0
1207,Liga I (RO),17419,Marius Briceag,M. Briceag,1992-04-06,82.8,17.46,22.71,23,21,2,584.0,27.81,16.76,60.27,1.43,0.14,4.58,1.45,343.0,16.33,10.57,64.72,0.43,0.14,33.33,15.1,123.0,5.86,3.24,2.67,1.33,1.95,0.76,0.19,25.0,55.29,50.0,0.05,0.52,0.05,0.05,0.62,0.33,53.85,0.62,0.14,23.08,1.48,0.38,25.81,0.05,3.23
1207,Liga I (RO),17423,Alexandru Mateiu,A. Mateiu,1989-12-10,64.82,15.17,19.24,18,16,2,540.0,33.75,27.88,82.59,1.38,0.0,3.69,1.3,369.0,23.06,19.81,85.91,0.94,0.25,26.67,20.0,78.0,4.88,4.06,2.0,1.62,0.56,0.19,0.19,100.0,83.33,81.25,0.31,0.5,0.06,0.06,0.25,0.12,50.0,1.69,0.19,11.11,2.44,0.44,17.95,0.19,7.69
1207,Liga I (RO),17425,Alexandru Cicâldău,A. Cicâldău,1997-07-08,69.48,20.76,15.97,33,33,0,1203.0,36.45,27.45,75.31,3.39,0.3,3.22,1.1,871.0,26.39,20.85,78.99,1.85,1.0,54.1,19.76,140.0,4.24,2.94,2.3,1.3,0.82,0.67,0.39,59.09,69.29,56.58,1.06,1.76,0.21,0.18,0.24,0.18,75.0,3.61,0.39,10.92,5.64,1.03,18.28,0.88,15.59
1207,Liga I (RO),17428,Jovan Marković,J. Marković,2001-03-23,28.84,8.26,6.04,16,15,1,92.0,6.13,2.33,38.04,1.13,0.0,7.53,1.94,48.0,3.2,1.33,41.67,0.87,0.33,38.46,1.53,27.0,1.8,0.73,1.27,0.4,0.33,0.2,0.07,33.33,40.74,31.58,0.13,0.67,0.33,0.33,0.0,0.0,,0.93,0.07,7.14,1.47,0.33,22.73,0.33,22.73
1207,Liga I (RO),17429,Ovidiu Bic,O. Bic,1994-02-23,77.37,21.92,21.08,34,32,2,1438.0,44.94,36.44,81.08,2.22,0.19,5.03,1.64,1000.0,31.25,26.53,84.9,2.06,1.06,51.52,25.41,314.0,9.81,7.84,4.25,3.31,1.81,1.0,0.69,68.75,79.94,77.94,0.66,1.81,0.25,0.25,0.38,0.22,58.33,3.0,0.38,12.5,4.12,0.84,20.45,0.22,5.3
1207,Liga I (RO),17430,Elvir Koljič,E. Koljič,1995-07-08,54.6,14.42,14.13,30,29,1,291.0,10.03,5.45,54.3,1.24,0.24,3.17,0.97,179.0,6.17,3.62,58.66,1.83,0.83,45.28,2.62,36.0,1.24,0.66,0.69,0.31,0.21,0.17,0.03,20.0,52.78,45.0,0.24,0.62,0.41,0.21,0.03,0.03,100.0,2.34,0.21,8.82,3.34,0.34,10.31,0.55,16.5
1207,Liga I (RO),17432,Cristi Bărbuţ,C. Bărbuţ,1995-04-22,51.09,11.38,14.81,33,32,1,467.0,14.59,8.66,59.32,2.16,0.12,10.42,2.46,269.0,8.41,5.0,59.48,1.38,0.84,61.36,5.56,204.0,6.38,3.66,3.94,2.06,1.44,1.16,0.44,37.84,57.35,52.38,0.72,1.59,0.31,0.66,0.22,0.16,71.43,1.78,0.41,22.81,3.56,1.28,35.96,0.53,14.91
1207,Liga I (RO),17434,Florin Borța,F. Borța,1999-06-21,79.24,17.25,22.16,26,24,2,631.0,26.29,14.83,56.42,1.83,0.04,4.24,1.31,376.0,15.67,9.79,62.5,1.21,0.54,44.83,14.29,116.0,4.83,2.25,2.58,1.04,1.08,0.67,0.25,37.5,46.55,40.32,0.12,1.54,0.25,0.25,0.17,0.04,25.0,1.42,0.17,11.76,2.33,0.58,25.0,0.54,23.21
1207,Liga I (RO),17503,Márton Eppel,M. Eppel,1991-11-20,68.2,15.46,21.11,34,32,2,388.0,12.12,5.75,47.42,2.38,0.34,3.78,1.14,249.0,7.78,4.19,53.81,2.22,1.06,47.89,3.31,62.0,1.94,0.81,0.97,0.31,0.41,0.31,0.0,0.0,41.94,32.26,0.34,0.88,0.66,0.12,0.12,0.03,25.0,2.66,0.41,15.29,4.47,0.41,9.09,1.03,23.08
1207,Liga I (RO),17536,Risto Radunović,R. Radunović,1992-05-04,75.55,22.51,15.35,30,30,0,1299.0,43.3,34.33,79.29,3.2,0.2,3.89,1.46,959.0,31.97,26.43,82.69,1.27,0.63,50.0,30.13,192.0,6.4,4.63,3.63,2.47,0.8,0.63,0.27,42.1,72.4,67.89,0.03,2.17,0.13,0.37,0.6,0.37,61.11,2.07,0.3,14.52,3.4,0.9,26.47,0.4,11.77
1207,Liga I (RO),18344,Malcom Sylas Edjouma,M. Edjouma,1996-10-08,32.39,8.54,6.82,9,9,0,140.0,15.56,11.89,76.43,1.67,0.11,5.09,1.41,90.0,10.0,8.0,80.0,0.89,0.56,62.5,7.89,27.0,3.0,2.0,2.0,1.44,1.0,1.0,0.78,77.78,66.67,72.22,0.78,1.0,0.22,0.67,0.33,0.22,66.67,1.0,0.22,22.22,1.67,0.33,20.0,0.56,33.33
1207,Liga I (RO),18392,Vahid Selimović,V. Selimović,1997-04-03,87.36,22.39,25.76,14,14,0,624.0,44.57,36.43,81.73,0.93,0.0,6.03,1.88,384.0,27.43,24.21,88.28,0.29,0.07,25.0,26.0,166.0,11.86,10.64,7.14,6.57,1.43,0.86,0.86,100.0,89.76,92.0,0.07,0.57,0.0,0.0,0.36,0.21,60.0,0.43,0.0,0.0,0.79,0.29,36.36,0.0,0.0
1207,Liga I (RO),18401,David Kiki,D. Kiki,1993-11-25,78.45,27.47,16.73,4,4,0,174.0,43.5,33.0,75.86,2.75,0.0,5.21,1.79,132.0,33.0,26.25,79.55,1.5,0.25,16.67,30.75,43.0,10.75,8.5,7.0,5.0,1.5,1.0,0.5,50.0,79.07,71.43,1.0,4.0,0.0,0.5,1.0,0.5,50.0,1.75,0.5,28.57,3.25,1.0,30.77,0.0,0.0
1207,Liga I (RO),18447,Steeve Furtado Pereira,Steeve Furtado,1994-11-22,65.3,20.1,15.35,19,18,1,539.0,29.94,23.61,78.85,1.56,0.0,5.54,1.71,353.0,19.61,16.61,84.7,1.06,0.61,57.89,17.83,129.0,7.17,5.83,3.78,3.06,1.67,0.78,0.56,71.43,81.4,80.88,0.06,1.44,0.17,0.28,0.22,0.22,100.0,1.39,0.22,16.0,2.17,0.5,23.08,0.33,15.39
1207,Liga I (RO),18890,Marco Dulca,M. Dulca,1999-05-11,74.71,19.23,20.04,22,21,1,688.0,32.76,23.86,72.82,2.95,0.14,5.89,1.74,449.0,21.38,16.48,77.06,1.57,0.67,42.42,16.71,180.0,8.57,6.05,4.86,2.95,1.14,0.81,0.38,47.06,70.56,60.78,1.48,0.67,0.24,0.67,0.76,0.57,75.0,2.43,0.43,17.65,4.1,1.1,26.74,0.57,13.95
1207,Liga I (RO),19559,Alessandro Micai,A. Micai,1993-07-24,103.03,25.36,22.73,2,2,0,47.0,23.5,14.0,59.57,0.0,0.0,3.28,2.33,26.0,13.0,8.5,65.39,0.0,0.0,,12.0,3.0,1.5,1.5,1.0,1.0,0.0,0.0,0.0,,100.0,100.0,0.0,0.0,0.0,0.0,0.0,0.0,,0.5,0.0,0.0,0.5,0.5,100.0,0.0,0.0
1207,Liga I (RO),19759,Lukáš Zima,L. Zima,1994-01-09,83.41,24.43,16.3,4,4,0,59.0,14.75,10.5,71.19,0.0,0.0,4.78,2.62,30.0,7.5,5.25,70.0,0.0,0.0,,6.75,14.0,3.5,2.5,3.0,2.25,0.0,0.0,0.0,,71.43,75.0,0.0,0.0,0.0,0.0,0.0,0.0,,0.25,0.0,0.0,0.5,0.0,0.0,0.0,0.0
1207,Liga I (RO),19823,Anton Krešić,A. Krešić,1996-01-29,68.13,18.15,18.57,3,3,0,68.0,22.67,18.33,80.88,0.33,0.0,4.41,1.62,43.0,14.33,12.33,86.05,0.67,0.33,50.0,12.67,11.0,3.67,3.0,2.0,1.67,0.0,0.0,0.0,,81.82,83.33,0.0,1.0,0.0,0.0,0.33,0.0,0.0,0.67,0.0,0.0,1.33,0.33,25.0,0.0,0.0
1207,Liga I (RO),19829,Vasile Mogoș,V. Mogoș,1992-10-31,78.12,23.59,18.22,14,14,0,635.0,45.36,38.86,85.67,0.64,0.0,4.03,1.57,450.0,32.14,28.71,89.33,0.64,0.36,55.56,30.64,103.0,7.36,6.0,3.07,2.43,1.07,0.43,0.29,66.67,81.55,79.07,0.07,0.57,0.0,0.0,0.29,0.14,50.0,1.14,0.14,12.5,1.79,0.64,36.0,0.14,8.0
1207,Liga I (RO),19836,Xian Emmers,X. Emmers,1999-07-20,33.69,7.65,8.09,6,5,1,75.0,15.0,10.0,66.67,2.0,0.0,8.37,2.3,43.0,8.6,5.8,67.44,1.8,0.8,44.44,6.8,23.0,4.6,2.4,2.0,1.0,1.4,1.0,0.2,20.0,52.17,50.0,0.2,2.2,0.2,0.8,0.4,0.4,100.0,2.0,0.4,20.0,3.0,0.8,26.67,0.2,6.67
1207,Liga I (RO),19875,Elio Capradossi,E. Capradossi,1996-03-11,87.74,23.33,24.94,12,11,1,531.0,48.27,41.09,85.12,1.36,0.09,3.63,1.31,352.0,32.0,30.09,94.03,0.45,0.18,40.0,30.55,68.0,6.18,5.27,3.27,2.91,1.0,0.55,0.55,100.0,85.29,88.89,0.18,0.27,0.09,0.0,0.36,0.27,75.0,0.55,0.09,16.67,0.73,0.0,0.0,0.18,25.0
1207,Liga I (RO),20098,Eljadji Pape Djibril Diaw,E. Diaw,1994-12-31,91.23,24.17,20.68,23,23,0,1082.0,47.04,37.17,79.02,0.87,0.09,4.73,1.76,650.0,28.26,24.35,86.15,0.13,0.04,33.33,26.61,204.0,8.87,7.13,4.96,4.09,1.22,0.3,0.3,100.0,80.39,82.46,0.0,0.39,0.0,0.04,0.87,0.43,50.0,0.3,0.0,0.0,0.65,0.26,40.0,0.0,0.0
1207,Liga I (RO),20240,Dejan Iliev,D. Iliev,1995-02-25,93.83,23.43,25.86,15,15,0,357.0,23.8,12.33,51.82,0.33,0.07,4.26,2.77,209.0,13.93,8.33,59.81,0.4,0.13,33.33,13.67,59.0,3.93,1.8,2.53,1.07,0.0,0.0,0.0,,45.76,42.11,0.0,0.0,0.0,0.0,0.13,0.07,50.0,0.6,0.2,33.33,0.73,0.27,36.36,0.0,0.0
1207,Liga I (RO),22260,Brahima Doukansy,B. Doukansy,1999-08-21,46.3,10.83,11.48,14,13,1,234.0,18.0,12.23,67.95,1.62,0.15,5.06,1.6,152.0,11.69,8.62,73.68,0.69,0.38,55.56,8.85,50.0,3.85,2.38,1.92,1.08,0.77,0.54,0.31,57.14,62.0,56.0,0.54,1.15,0.08,0.31,0.23,0.23,100.0,0.77,0.23,30.0,1.92,0.38,20.0,0.38,20.0
1207,Liga I (RO),22911,Alexandru Stefan Pașcanu,A. Pașcanu,1998-09-28,88.64,24.0,23.11,28,28,0,1284.0,45.86,37.5,81.78,1.04,0.18,4.73,1.65,872.0,31.14,28.07,90.14,0.36,0.04,10.0,29.86,251.0,8.96,7.18,5.29,4.46,1.14,0.39,0.29,72.73,80.08,84.46,0.04,0.54,0.04,0.04,0.32,0.18,55.56,0.5,0.0,0.0,0.82,0.18,21.74,0.04,4.35
1207,Liga I (RO),22912,Florin Ștefan,F. Ștefan,1996-05-09,65.48,20.09,15.31,18,18,0,671.0,37.28,26.89,72.13,2.56,0.67,4.03,1.39,500.0,27.78,21.33,76.8,1.83,0.94,51.52,25.44,109.0,6.06,4.11,3.61,2.22,1.61,1.06,0.44,42.11,67.89,61.54,0.06,2.72,0.22,0.17,0.33,0.06,16.67,2.61,0.67,25.53,4.06,1.0,24.66,0.61,15.07
1207,Liga I (RO),22913,Darius Olaru,D. Olaru,1998-03-03,81.78,24.46,17.31,34,33,1,1573.0,47.67,31.09,65.23,6.79,0.58,4.43,1.33,1100.0,33.33,22.55,67.64,4.67,2.33,50.0,24.39,279.0,8.45,4.82,4.52,2.58,1.82,1.18,0.48,41.03,56.99,57.05,1.94,3.24,0.79,0.52,0.55,0.24,44.44,6.88,0.67,9.69,10.18,1.82,17.86,2.42,23.81
1207,Liga I (RO),22915,Cătălin Vasile Căbuz,C. Căbuz,1996-06-18,95.85,23.22,28.14,35,32,3,623.0,19.47,10.09,51.85,0.09,0.03,4.33,2.88,297.0,9.28,5.66,60.94,0.19,0.0,0.0,9.06,102.0,3.19,1.59,1.97,1.03,0.03,0.03,0.03,100.0,50.0,52.38,0.0,0.0,0.0,0.0,0.0,0.0,,0.28,0.03,11.11,0.44,0.06,14.29,0.0,0.0
1207,Liga I (RO),22916,Adrián Rus,A. Rus,1996-03-18,90.2,26.74,20.67,26,26,0,1284.0,49.38,43.0,87.07,1.23,0.19,4.12,1.53,900.0,34.62,32.15,92.89,0.35,0.15,44.44,33.81,213.0,8.19,6.96,3.73,3.12,1.38,0.35,0.27,77.78,84.98,83.51,0.15,0.69,0.0,0.23,0.42,0.19,45.46,0.42,0.08,18.18,0.69,0.27,38.89,0.08,11.11
1207,Liga I (RO),23055,Tidiane Keita,T. Keita,1996-09-18,76.55,19.43,21.03,29,28,1,903.0,32.25,25.11,77.85,1.93,0.11,5.22,1.58,503.0,17.96,15.32,85.29,0.71,0.46,65.0,14.39,200.0,7.14,5.46,3.5,2.68,1.32,0.93,0.68,73.08,76.5,76.53,0.61,0.75,0.04,0.64,0.36,0.18,50.0,1.25,0.18,14.29,2.46,0.57,23.19,0.21,8.7
1207,Liga I (RO),23076,Yohan Roche,Y. Roche,1997-07-07,94.87,23.3,26.04,32,30,2,1372.0,45.73,38.4,83.97,1.43,0.03,5.93,2.12,843.0,28.1,25.53,90.87,0.37,0.07,18.18,26.57,345.0,11.5,9.83,7.37,6.37,0.53,0.33,0.17,50.0,85.51,86.43,0.13,0.3,0.07,0.13,0.4,0.27,66.67,0.57,0.13,23.53,0.77,0.13,17.39,0.1,13.04
1207,Liga I (RO),23192,Mike Cestor,M. Cestor,1992-04-30,71.84,17.0,20.21,6,5,1,114.0,22.8,17.2,75.44,0.2,0.0,6.15,1.98,69.0,13.8,11.8,85.51,0.2,0.0,0.0,12.2,34.0,6.8,5.6,2.8,2.8,0.0,0.0,0.0,,82.35,100.0,0.2,0.0,0.0,0.0,0.6,0.4,66.67,0.2,0.0,0.0,0.6,0.2,33.33,0.0,0.0
1207,Liga I (RO),23200,Virgiliu Postolachi,V. Postolachi,2000-03-17,50.12,12.66,14.19,21,20,1,280.0,14.0,7.15,51.07,2.25,0.25,6.01,1.46,187.0,9.35,5.2,55.62,1.55,0.65,41.94,5.65,69.0,3.45,1.45,2.4,0.8,1.3,0.9,0.2,22.22,42.03,33.33,0.65,1.25,0.4,0.7,0.2,0.0,0.0,2.35,0.35,14.89,4.15,0.8,19.28,0.85,20.48
1207,Liga I (RO),23463,Andreas Karo,A. Karo,1996-09-09,79.06,19.86,22.35,22,20,2,489.0,24.45,18.7,76.48,0.45,0.05,3.98,1.52,277.0,13.85,12.2,88.09,0.05,0.05,100.0,13.1,88.0,4.4,3.45,2.3,1.8,0.5,0.0,0.0,,78.41,78.26,0.05,0.0,0.0,0.05,0.3,0.1,33.33,0.05,0.0,0.0,0.45,0.3,66.67,0.0,0.0
1207,Liga I (RO),23475,Abat Aymbetov,A. Aymbetov,1995-08-07,27.49,6.71,5.82,9,9,0,37.0,4.11,1.67,40.54,1.0,0.11,4.82,1.16,20.0,2.22,1.0,45.0,1.0,0.33,33.33,0.78,8.0,0.89,0.11,0.78,0.11,0.67,0.56,0.0,0.0,12.5,14.29,0.33,0.22,0.22,0.11,0.0,0.0,,1.0,0.22,22.22,1.44,0.33,23.08,0.11,7.69
1207,Liga I (RO),23988,Adel Bettaieb,A. Bettaieb,1997-01-28,79.23,17.4,21.93,33,30,3,748.0,24.93,13.33,53.48,3.27,0.47,7.88,2.17,390.0,13.0,7.63,58.72,2.6,1.17,44.87,8.47,247.0,8.23,4.17,4.47,1.6,1.53,1.13,0.37,32.35,50.61,35.82,0.7,1.4,0.47,1.0,0.63,0.13,21.05,3.47,0.53,15.38,6.13,1.13,18.48,0.97,15.76
1207,Liga I (RO),24063,Mamadou Thiam,M. Thiam,1995-03-20,45.84,14.48,9.97,32,31,1,584.0,18.84,12.19,64.73,2.87,0.29,5.62,1.69,426.0,13.74,9.03,65.73,3.42,1.9,55.66,8.58,145.0,4.68,2.9,3.29,2.0,0.77,0.68,0.35,52.38,62.07,60.78,0.65,1.65,0.48,0.52,0.39,0.19,50.0,4.35,0.48,11.11,5.9,0.74,12.57,1.32,22.4
1207,Liga I (RO),24135,János Ferenczi,J. Ferenczi,1991-04-03,90.4,20.0,28.19,16,14,2,422.0,30.14,20.29,67.3,2.07,0.0,3.7,1.23,263.0,18.79,13.43,71.48,1.14,0.14,12.5,16.57,68.0,4.86,3.43,2.43,1.64,1.29,0.71,0.5,70.0,70.59,67.65,0.07,0.86,0.21,0.0,0.07,0.07,100.0,1.71,0.36,20.83,2.71,0.36,13.16,0.29,10.53
1207,Liga I (RO),24353,Florent Poulolo,F. Poulolo,1997-01-02,93.96,22.76,27.13,32,31,1,1200.0,38.71,29.19,75.42,0.97,0.03,4.29,1.39,703.0,22.68,19.32,85.21,0.16,0.06,40.0,20.94,219.0,7.06,4.68,2.74,1.65,1.0,0.23,0.13,57.14,66.21,60.0,0.03,0.0,0.0,0.03,0.45,0.26,57.14,0.26,0.0,0.0,0.42,0.13,30.77,0.1,23.08
1207,Liga I (RO),24356,Vadim Raţă,V. Raţă,1993-05-05,77.71,16.85,21.51,32,30,2,725.0,24.17,16.77,69.38,1.6,0.13,4.37,1.37,407.0,13.57,10.37,76.41,1.53,0.77,50.0,10.63,136.0,4.53,3.03,2.07,1.17,0.87,0.5,0.27,53.33,66.91,56.45,0.33,1.7,0.1,0.03,0.17,0.03,20.0,2.1,0.3,14.29,3.23,0.7,21.65,0.27,8.25
1207,Liga I (RO),24357,Denis Rusu,D. Rusu,1990-08-02,97.65,22.48,29.64,16,15,1,270.0,18.0,8.8,48.89,0.0,0.0,5.52,3.65,118.0,7.87,4.33,55.09,0.13,0.0,0.0,7.33,67.0,4.47,1.8,2.47,0.93,0.0,0.0,0.0,,40.3,37.84,0.0,0.0,0.0,0.0,0.2,0.07,33.33,0.13,0.0,0.0,0.27,0.07,25.0,0.0,0.0
1207,Liga I (RO),24368,Iulian Cristea,I. Cristea,1994-07-17,85.31,24.9,22.42,31,30,1,1574.0,52.47,43.83,83.55,1.03,0.03,3.7,1.56,1082.0,36.07,32.67,90.57,0.4,0.27,66.67,35.0,201.0,6.7,4.77,3.53,2.47,0.73,0.17,0.13,80.0,71.14,69.81,0.0,0.07,0.0,0.13,0.63,0.3,47.37,0.57,0.03,5.88,0.87,0.43,50.0,0.03,3.85
1207,Liga I (RO),24815,Aly Abeid,A. Abeid,1997-12-11,72.27,17.94,18.47,22,22,0,647.0,29.41,19.45,66.15,2.45,0.14,3.92,1.38,390.0,17.73,13.0,73.33,0.77,0.32,41.18,16.27,111.0,5.05,3.0,2.0,1.09,0.59,0.32,0.09,28.57,59.46,54.55,0.05,1.45,0.05,0.41,0.59,0.23,38.46,1.09,0.23,20.83,1.91,0.41,21.43,0.18,9.52
1207,Liga I (RO),24931,Mamoudou Karamoko,M. Karamoko,1999-06-08,67.24,22.29,14.01,26,24,2,610.0,25.42,16.75,65.9,3.79,0.5,6.15,1.84,469.0,19.54,13.71,70.15,3.96,2.04,51.58,11.33,161.0,6.71,4.38,3.46,2.08,0.83,0.75,0.29,38.89,65.22,60.24,1.21,2.17,0.75,1.21,0.67,0.38,56.25,6.25,1.04,16.67,8.38,1.12,13.43,1.88,22.39
1207,Liga I (RO),25043,Jayson Papeau,J. Papeau,1996-06-30,83.91,19.38,24.7,13,12,1,314.0,26.17,14.92,57.01,3.17,0.25,5.28,1.72,186.0,15.5,10.42,67.21,2.0,0.92,45.83,10.42,76.0,6.33,3.17,3.42,1.42,0.58,0.42,0.08,20.0,50.0,41.46,1.42,1.0,0.42,0.58,0.42,0.08,20.0,3.42,0.5,14.63,5.58,1.25,22.39,0.83,14.93
1207,Liga I (RO),25073,Karlo Muhar ,K. Muhar,1996-01-17,85.46,21.21,25.15,23,23,0,1091.0,47.43,34.43,72.59,4.39,0.39,3.94,1.36,718.0,31.22,23.78,76.19,1.83,0.78,42.86,25.39,174.0,7.57,5.39,5.3,3.65,0.7,0.61,0.3,50.0,71.26,68.85,1.39,2.26,0.52,0.61,0.83,0.43,52.63,2.87,0.17,6.06,5.13,1.0,19.49,0.83,16.1
1207,Liga I (RO),25100,Mátyás Tajti,M. Tajti,1998-06-02,31.55,8.27,6.55,5,5,0,80.0,16.0,12.2,76.25,2.4,0.0,6.16,1.83,56.0,11.2,9.0,80.36,0.8,0.8,100.0,10.0,26.0,5.2,4.2,2.8,1.8,0.8,0.8,0.6,75.0,80.77,64.29,0.4,1.0,0.0,0.0,0.6,0.4,66.67,1.0,0.8,80.0,1.4,0.6,42.86,0.4,28.57
1207,Liga I (RO),25311,Conrado Buchanelli Holz,Conrado,1997-04-03,87.83,21.84,20.54,26,24,2,861.0,35.88,22.5,62.72,2.62,0.08,5.91,1.79,546.0,22.75,15.12,66.48,2.0,0.96,47.92,19.46,222.0,9.25,4.92,6.17,3.08,2.42,1.92,0.83,43.48,53.15,50.0,0.29,3.58,0.17,1.29,0.96,0.42,43.48,2.75,0.38,13.64,4.71,1.25,26.55,0.58,12.39
1207,Liga I (RO),25819,Alberto Soro Álvarez,Alberto Soro,1999-03-09,65.47,20.89,14.38,26,26,0,946.0,36.38,27.62,75.9,3.81,0.35,4.97,1.5,717.0,27.58,21.96,79.64,2.62,1.38,52.94,21.38,191.0,7.35,5.69,3.27,2.46,1.0,0.54,0.38,71.43,77.49,75.29,1.5,2.88,0.31,0.54,0.54,0.35,64.29,4.15,0.65,15.74,5.77,0.73,12.67,0.85,14.67
1207,Liga I (RO),26421,Ofri Arad,O. Arad,1998-09-11,32.64,10.96,8.43,7,6,1,138.0,23.0,19.83,86.23,2.33,0.33,3.18,1.34,108.0,18.0,16.67,92.59,1.0,0.5,50.0,15.0,12.0,2.0,1.5,1.0,0.67,0.5,0.17,0.0,0.0,75.0,66.67,1.17,0.67,0.17,0.0,0.0,0.0,,1.83,0.33,18.18,2.17,0.67,30.77,0.33,15.38
1207,Liga I (RO),26789,Kilian Ludewig,K. Ludewig,2000-03-05,58.66,12.76,15.66,8,7,1,147.0,21.0,11.57,55.1,1.57,0.0,5.65,1.46,95.0,13.57,7.86,57.89,2.71,1.14,42.11,9.86,41.0,5.86,2.86,3.43,1.0,1.43,1.0,0.29,28.57,48.78,29.16,0.14,1.29,0.43,0.29,0.14,0.14,100.0,3.71,0.14,3.85,4.86,1.57,32.35,0.86,17.65
1207,Liga I (RO),27543,Hervin Ongenda,H. Ongenda,1995-06-24,80.2,21.94,17.31,33,33,0,1438.0,43.58,29.67,68.08,5.55,0.64,4.98,1.61,971.0,29.42,20.91,71.06,2.82,1.55,54.84,21.85,290.0,8.79,5.94,4.7,2.91,1.03,0.88,0.61,68.97,67.59,61.94,1.45,2.61,0.48,0.91,1.03,0.67,64.71,4.36,0.79,18.06,7.06,1.3,18.45,1.24,17.6
1207,Liga I (RO),29013,Konstantinos Doumtsios,K. Doumtsios,1997-09-20,53.91,12.82,14.28,16,14,2,144.0,10.29,5.29,51.39,1.93,0.07,7.98,2.11,76.0,5.43,2.71,50.0,1.57,0.5,31.82,2.36,48.0,3.43,1.5,2.21,0.79,0.79,0.79,0.07,9.09,43.75,35.48,0.57,0.64,0.79,0.29,0.14,0.0,0.0,1.71,0.36,20.83,3.43,1.07,31.25,0.71,20.83
1207,Liga I (RO),29425,Alibek Aliev,A. Aliev,1996-08-16,73.19,17.93,21.04,19,19,0,287.0,15.11,7.89,52.26,2.11,0.37,3.65,1.01,173.0,9.11,4.95,54.33,2.47,1.21,48.94,3.89,44.0,2.32,1.11,1.32,0.42,0.58,0.47,0.11,22.22,47.73,32.0,0.79,1.16,0.47,0.16,0.11,0.11,100.0,3.05,0.32,10.34,5.05,0.68,13.54,1.05,20.83
1207,Liga I (RO),29442,Giannis Anestis,G. Anestis,1991-03-09,96.8,24.99,21.65,29,29,0,564.0,19.45,11.0,56.56,0.1,0.0,4.72,3.19,255.0,8.79,5.79,65.88,0.17,0.0,0.0,8.62,123.0,4.24,2.28,2.69,1.45,0.0,0.0,0.0,,53.66,53.85,0.0,0.0,0.0,0.0,0.17,0.07,40.0,0.24,0.03,14.29,0.45,0.03,7.69,0.0,0.0
1207,Liga I (RO),29480,Iraneuton Sousa Morais Júnior,Júnior Morais,1986-07-22,83.14,24.48,25.02,2,2,0,134.0,67.0,52.5,78.36,6.5,0.0,3.93,1.4,95.0,47.5,37.5,78.95,1.0,0.5,50.0,37.0,16.0,8.0,7.0,1.5,1.0,0.0,0.0,0.0,,87.5,66.67,1.0,1.5,0.5,0.0,1.0,0.5,50.0,2.5,0.0,0.0,3.5,0.0,0.0,0.0,0.0
1207,Liga I (RO),29588,Franjo Prce,F. Prce,1996-01-07,73.0,15.97,20.34,19,18,1,439.0,24.39,18.56,76.08,0.83,0.11,3.77,1.39,294.0,16.33,13.67,83.67,0.67,0.28,41.67,15.83,65.0,3.61,2.5,2.11,1.61,0.39,0.22,0.11,50.0,69.23,76.32,0.0,0.39,0.11,0.0,0.39,0.06,14.29,0.72,0.0,0.0,0.89,0.22,25.0,0.06,6.25
1207,Liga I (RO),29593,Oleksandr Safronov,O. Safronov,1999-06-11,75.13,15.88,22.26,23,22,1,550.0,25.0,19.05,76.18,0.5,0.05,3.84,1.44,317.0,14.41,12.32,85.49,0.18,0.09,50.0,13.45,78.0,3.55,2.59,1.73,1.27,0.73,0.23,0.14,60.0,73.08,73.69,0.0,0.05,0.0,0.0,0.05,0.05,100.0,0.36,0.05,12.5,0.73,0.18,25.0,0.0,0.0
1207,Liga I (RO),29626,Sergiu Hanca,S. Hanca,1992-04-04,30.61,7.08,7.69,27,25,2,289.0,11.56,7.6,65.75,1.12,0.12,3.81,1.15,191.0,7.64,5.4,70.68,1.0,0.48,48.0,6.52,46.0,1.84,1.12,1.12,0.6,0.52,0.32,0.16,50.0,60.87,53.57,0.32,1.0,0.12,0.12,0.16,0.12,75.0,1.36,0.12,8.82,2.04,0.56,27.45,0.4,19.61
1207,Liga I (RO),29693,Diego Živulić,D. Živulić,1992-03-23,94.66,24.13,22.44,31,29,2,1351.0,46.59,35.41,76.02,1.55,0.0,4.4,1.64,768.0,26.48,21.52,81.25,0.28,0.1,37.5,23.66,228.0,7.86,5.83,3.21,2.28,0.69,0.14,0.07,50.0,74.12,70.97,0.17,0.03,0.0,0.03,0.59,0.24,41.18,0.38,0.03,9.09,1.1,0.24,21.87,0.03,3.12
1207,Liga I (RO),29710,Luka Kukić,L. Kukić,1996-05-16,97.47,26.83,21.68,9,8,1,183.0,22.88,14.25,62.3,0.0,0.0,3.32,2.44,105.0,13.12,9.62,73.33,0.38,0.12,33.33,12.75,22.0,2.75,1.5,1.62,0.75,0.0,0.0,0.0,,54.55,46.15,0.0,0.0,0.0,0.0,0.12,0.0,0.0,0.62,0.0,0.0,0.88,0.12,14.28,0.0,0.0
1207,Liga I (RO),30087,Ricardo Manuel Pinho Matos,Ricardo Matos,2000-03-25,71.35,15.79,19.04,29,27,2,466.0,17.26,9.81,56.87,2.19,0.3,5.24,1.43,265.0,9.81,5.78,58.87,2.52,1.41,55.88,5.26,106.0,3.93,2.15,1.93,0.89,1.15,0.81,0.26,31.82,54.72,46.15,0.63,1.78,0.37,0.26,0.04,0.04,100.0,2.96,0.41,13.75,5.0,0.85,17.04,0.74,14.81
1207,Liga I (RO),30506,Danny Armstrong,D. Armstrong,1997-10-11,72.4,21.66,16.03,38,36,2,1070.0,29.72,17.42,58.6,3.78,0.33,6.29,1.78,798.0,22.17,13.97,63.03,3.5,1.69,48.41,16.47,296.0,8.22,4.64,4.53,2.17,1.08,0.67,0.33,50.0,56.42,47.85,0.56,2.03,0.47,0.89,0.61,0.33,54.55,4.78,0.81,16.86,6.92,1.25,18.07,0.86,12.45
1207,Liga I (RO),30541,Arian Kabashi,A. Kabashi,1996-09-26,83.91,17.45,26.5,8,8,0,200.0,25.0,16.75,67.0,0.75,0.0,4.46,1.5,106.0,13.25,10.12,76.41,0.0,0.0,,12.0,34.0,4.25,2.38,2.62,1.5,0.75,0.25,0.12,50.0,55.88,57.14,0.12,0.12,0.0,0.0,0.62,0.0,0.0,0.12,0.0,0.0,0.12,0.0,0.0,0.0,0.0
1207,Liga I (RO),30603,Assad Al Hamlawi,A. Al Hamlawi,2000-10-27,52.75,16.39,11.57,33,33,0,477.0,14.45,7.45,51.57,2.88,0.39,5.39,1.53,307.0,9.3,4.61,49.51,2.48,0.91,36.59,4.58,100.0,3.03,1.39,1.45,0.39,0.52,0.45,0.03,6.67,46.0,27.08,1.12,0.55,0.7,0.61,0.09,0.03,33.33,3.24,0.45,14.02,5.24,0.82,15.61,1.33,25.43
1207,Liga I (RO),30715,Pavlo Isenko,P. Isenko,2003-07-21,95.4,28.99,20.55,18,18,0,342.0,19.0,12.89,67.84,0.06,0.0,4.39,2.8,203.0,11.28,8.61,76.35,0.06,0.0,0.0,10.94,75.0,4.17,2.44,1.83,1.28,0.0,0.0,0.0,,58.67,69.7,0.0,0.0,0.0,0.0,0.06,0.06,100.0,0.11,0.06,50.0,0.17,0.0,0.0,0.0,0.0
1207,Liga I (RO),30991,Benjamin Babati,B. Babati,1995-11-29,48.25,10.52,15.79,6,5,1,76.0,15.2,8.6,56.58,2.0,0.2,6.99,2.11,40.0,8.0,5.4,67.5,0.4,0.2,50.0,6.4,28.0,5.6,3.2,3.4,1.8,0.6,0.6,0.0,0.0,57.14,52.94,0.0,0.8,0.2,0.2,0.2,0.2,100.0,0.4,0.0,0.0,1.0,0.2,20.0,0.0,0.0
1207,Liga I (RO),31032,David Lazar,D. Lazar,1991-08-08,97.96,22.55,26.44,29,28,1,520.0,18.57,9.93,53.46,0.11,0.0,4.7,3.45,247.0,8.82,5.79,65.59,0.0,0.0,,8.43,106.0,3.79,1.86,2.61,1.25,0.04,0.04,0.04,100.0,49.06,47.94,0.0,0.0,0.0,0.0,0.07,0.04,50.0,0.04,0.0,0.0,0.07,0.04,50.0,0.0,0.0
1207,Liga I (RO),31033,Gabriel Cristian Iancu,G. Iancu,1994-04-15,21.33,6.62,4.33,10,9,1,89.0,9.89,6.33,64.04,1.44,0.0,4.61,1.34,60.0,6.67,4.56,68.33,0.44,0.11,25.0,5.33,16.0,1.78,1.44,0.78,0.56,0.56,0.44,0.33,75.0,81.25,71.43,0.22,0.78,0.33,0.0,0.22,0.11,50.0,0.67,0.11,16.67,1.0,0.11,11.11,0.33,33.33
1207,Liga I (RO),31055,Marinos  Tzionis,M. Tzionis,2001-07-16,68.49,16.68,19.61,26,26,0,546.0,21.0,11.23,53.48,2.77,0.19,10.35,2.75,381.0,14.65,7.65,52.23,2.69,1.08,40.0,9.35,243.0,9.35,4.85,6.15,2.77,1.88,1.46,0.5,34.21,51.85,45.0,1.23,1.77,0.69,1.5,0.81,0.12,14.29,3.54,0.5,14.13,5.73,1.35,23.49,1.08,18.79
1207,Liga I (RO),31364,Wilhelm Loeper,W. Loeper,1998-03-30,43.27,8.55,13.57,10,10,0,90.0,9.0,4.0,44.44,0.7,0.0,8.65,1.89,54.0,5.4,2.8,51.85,1.0,0.1,10.0,2.8,37.0,3.7,1.6,2.4,0.8,1.4,1.2,0.4,33.33,43.24,33.33,0.5,0.8,0.4,0.6,0.1,0.0,0.0,1.1,0.0,0.0,2.7,0.7,25.93,0.5,18.52
1207,Liga I (RO),32193,Marko Stolnik,M. Stolnik,1996-07-08,30.83,7.69,7.55,6,5,1,77.0,15.4,10.8,70.13,0.4,0.0,4.05,1.37,55.0,11.0,9.0,81.82,0.0,0.0,,10.6,13.0,2.6,1.4,1.4,1.0,0.8,0.4,0.0,0.0,53.85,71.43,0.0,0.0,0.0,0.0,0.6,0.2,33.33,0.0,0.0,,0.0,0.0,,0.0,
1207,Liga I (RO),32432,Mouhamadou Drammeh,M. Drammeh,1999-05-15,69.06,19.3,17.99,25,24,1,850.0,35.42,26.96,76.12,3.5,0.46,6.88,1.86,604.0,25.17,20.38,80.96,1.42,0.54,38.24,20.25,247.0,10.29,7.96,5.25,3.62,2.46,1.83,1.25,68.18,77.33,69.05,1.67,2.54,0.21,1.33,0.71,0.29,41.18,2.33,0.54,23.21,4.12,0.67,16.16,0.92,22.22
1207,Liga I (RO),32445,Matei Cristian Ilie,M. Ilie,2002-12-11,90.75,22.7,24.88,28,28,0,1180.0,42.14,32.46,77.03,1.29,0.18,4.75,1.54,705.0,25.18,21.29,84.54,0.21,0.11,50.0,23.21,247.0,8.82,7.5,4.89,4.21,1.11,0.29,0.25,87.5,85.02,86.13,0.0,0.25,0.0,0.04,0.43,0.18,41.67,0.36,0.07,20.0,0.71,0.21,30.0,0.0,0.0
1207,Liga I (RO),32448,Claudiu Micovschi,C. Micovschi,1999-05-19,30.89,6.89,8.41,18,16,2,141.0,8.81,4.88,55.32,0.56,0.06,5.96,1.51,76.0,4.75,2.56,53.95,1.12,0.5,44.44,3.06,32.0,2.0,1.0,1.19,0.38,0.69,0.56,0.19,33.33,50.0,31.58,0.0,0.69,0.25,0.12,0.12,0.0,0.0,1.25,0.12,10.0,1.5,0.19,12.5,0.12,8.33
1207,Liga I (RO),32449,Daniel Dumbravanu,D. Dumbravanu,2001-07-22,102.08,27.29,18.68,2,2,0,134.0,67.0,50.5,75.37,1.0,0.5,2.87,1.28,100.0,50.0,41.0,82.0,0.0,0.0,,46.5,8.0,4.0,3.0,3.0,2.0,0.5,0.0,0.0,,75.0,66.67,0.0,0.0,0.0,0.0,0.0,0.0,,0.0,0.0,,0.0,0.0,,0.0,
1207,Liga I (RO),32489,Gabriel Debeljuh,G. Debeljuh,1996-09-28,56.11,13.57,13.23,15,14,1,160.0,11.43,5.93,51.87,1.57,0.14,3.91,1.23,91.0,6.5,4.07,62.64,1.64,0.93,56.52,3.14,26.0,1.86,0.79,1.21,0.43,0.5,0.43,0.0,0.0,42.31,35.29,0.43,0.5,0.43,0.14,0.07,0.07,100.0,2.07,0.36,17.24,3.79,0.86,22.64,0.5,13.21
1207,Liga I (RO),32490,Denis Ciobotariu,D. Ciobotariu,1998-06-10,85.69,23.86,21.57,20,19,1,845.0,44.47,36.53,82.13,1.11,0.16,4.49,1.61,545.0,28.68,25.42,88.62,0.32,0.26,83.33,27.16,168.0,8.84,7.26,5.95,5.05,0.58,0.47,0.21,44.44,82.14,84.96,0.11,0.42,0.16,0.0,0.42,0.21,50.0,0.37,0.0,0.0,0.89,0.47,52.94,0.05,5.88
1207,Liga I (RO),32493,Nicolae Carnat,N. Carnat,1998-04-08,29.01,6.41,9.64,7,7,0,59.0,8.43,3.71,44.07,1.43,0.0,4.76,1.3,34.0,4.86,2.57,52.94,0.86,0.29,33.33,3.14,7.0,1.0,0.14,1.0,0.14,0.43,0.43,0.0,0.0,14.28,14.28,0.14,0.57,0.0,0.43,0.0,0.0,,1.14,0.14,12.5,1.86,0.57,30.77,0.43,23.08
1207,Liga I (RO),32494,Jakub Vojtuš,J. Vojtuš,1993-10-22,33.26,8.67,7.82,20,18,2,147.0,8.17,4.0,48.98,1.33,0.06,4.28,1.23,86.0,4.78,2.61,54.65,1.28,0.61,47.83,2.17,31.0,1.72,0.78,0.94,0.28,0.33,0.28,0.11,40.0,45.16,29.41,0.33,0.33,0.44,0.11,0.06,0.06,100.0,1.56,0.11,7.14,2.61,0.61,23.4,0.33,12.77
1207,Liga I (RO),32920,Francisco Anderson de Jesus dos Santos,Anderson Ceará,1999-05-21,76.64,17.29,23.76,36,34,2,1196.0,35.18,20.53,58.36,4.88,0.5,9.04,2.47,804.0,23.65,14.32,60.57,3.65,1.71,46.77,16.53,473.0,13.91,7.29,7.24,3.24,2.59,1.76,0.59,33.33,52.43,44.72,1.0,2.56,0.41,2.29,1.82,0.79,43.55,5.15,0.71,13.71,8.12,1.85,22.83,1.0,12.32
1207,Liga I (RO),33009,Christian Kendji Wagatsuma Ferreira,Kazu,2000-03-18,60.74,15.15,14.81,21,20,1,463.0,23.15,15.6,67.39,1.2,0.1,5.34,1.67,305.0,15.25,10.25,67.21,0.95,0.25,26.32,14.25,97.0,4.85,3.0,3.1,1.7,1.45,1.15,0.5,43.48,61.86,54.84,0.2,0.8,0.05,0.3,0.4,0.15,37.5,1.25,0.15,12.0,2.15,0.5,23.26,0.15,6.98
1207,Liga I (RO),33639,Fábio Patrick dos Reis dos Santos Fernandes,Patrick,1993-12-13,77.1,19.53,17.66,36,34,2,670.0,19.71,9.29,47.16,3.29,0.32,6.33,1.7,400.0,11.76,6.15,52.25,3.03,1.21,39.81,6.47,176.0,5.18,2.15,3.18,1.12,1.18,0.97,0.24,24.24,41.48,35.18,0.79,1.5,0.59,0.79,0.26,0.12,44.44,3.79,0.41,10.85,5.85,1.18,20.1,0.97,16.58
1207,Liga I (RO),33690,Bruno Lourenço Pinto de Almeida Paz,Bruno Paz,1998-04-23,35.68,9.12,7.87,16,15,1,277.0,18.47,13.87,75.09,1.27,0.13,4.03,1.34,179.0,11.93,9.6,80.45,0.8,0.47,58.34,10.0,44.0,2.93,2.07,1.6,1.07,0.33,0.2,0.13,66.67,70.46,66.67,0.47,1.2,0.0,0.27,0.2,0.13,66.67,1.07,0.2,18.75,1.67,0.27,16.0,0.2,12.0
1207,Liga I (RO),33867,Andrea Padula,A. Padula,1996-04-04,58.95,12.92,17.48,19,19,0,443.0,23.32,14.84,63.66,2.0,0.05,7.65,2.11,248.0,13.05,9.47,72.58,1.26,0.53,41.67,11.37,139.0,7.32,3.89,4.32,2.32,1.32,1.05,0.53,50.0,53.24,53.66,0.21,1.42,0.16,0.95,0.37,0.26,71.43,1.74,0.37,21.21,2.79,0.63,22.64,0.21,7.55
1207,Liga I (RO),33871,Marc Fred Tsoungui,M. Tsoungui,2002-07-30,85.18,20.25,25.43,3,3,0,85.0,28.33,19.33,68.23,1.33,0.0,4.98,1.55,53.0,17.67,13.67,77.36,0.0,0.0,,16.0,21.0,7.0,4.0,4.0,2.0,1.0,0.67,0.33,50.0,57.14,50.0,0.0,1.67,0.0,0.0,0.0,0.0,,0.33,0.0,0.0,1.0,0.33,33.33,0.0,0.0
1207,Liga I (RO),34119,Tobias Christensen,T. Christensen,2000-05-11,79.62,22.14,20.04,33,32,1,1616.0,50.5,38.69,76.61,4.94,0.5,5.54,1.87,1207.0,37.72,30.12,79.87,3.34,1.66,49.53,30.19,384.0,12.0,9.5,5.53,4.31,1.66,1.09,0.88,80.0,79.17,77.97,1.81,3.41,0.38,0.88,0.56,0.44,77.78,5.19,1.0,19.28,7.53,1.34,17.84,1.41,18.67
1207,Liga I (RO),34217,Mohamed Badamosi,M. Badamosi,1998-12-27,56.68,14.95,14.66,5,5,0,52.0,10.4,5.4,51.92,2.0,0.0,3.35,1.16,31.0,6.2,3.4,54.84,2.6,1.2,46.15,2.4,7.0,1.4,0.8,0.6,0.0,0.2,0.2,0.0,0.0,57.14,0.0,0.8,0.6,0.4,0.2,0.0,0.0,,3.0,0.0,0.0,4.8,0.4,8.33,0.8,16.67
1207,Liga I (RO),34503,Valentin Crețu,V. Crețu,1989-01-02,89.54,28.2,18.67,24,24,0,1188.0,49.5,36.33,73.4,3.71,0.38,4.92,1.56,851.0,35.46,26.67,75.21,2.33,1.08,46.43,32.42,249.0,10.38,7.17,6.0,3.62,2.29,1.62,0.83,51.28,69.08,60.42,0.04,2.88,0.71,0.25,0.62,0.33,53.33,3.12,0.33,10.67,4.88,1.25,25.64,0.71,14.53
1207,Liga I (RO),34504,Alexandru Albu,A. Albu,1993-08-17,89.68,19.47,27.05,17,17,0,452.0,26.59,19.24,72.35,2.47,0.24,3.22,1.13,279.0,16.41,12.82,78.14,1.76,0.71,40.0,12.59,45.0,2.65,1.82,1.59,1.0,0.24,0.18,0.0,0.0,68.89,62.96,0.47,1.35,0.29,0.06,0.0,0.0,,2.29,0.29,12.82,3.35,0.65,19.3,0.53,15.79
1207,Liga I (RO),34639,Kennedy Kofi Boateng,K. Boateng,1996-11-29,96.88,29.74,21.43,38,36,2,1849.0,51.36,44.03,85.72,1.47,0.14,4.3,1.59,1202.0,33.39,31.47,94.26,0.14,0.06,40.0,32.0,316.0,8.78,7.25,2.53,2.22,1.22,0.11,0.03,25.0,82.59,87.91,0.06,0.5,0.03,0.19,0.17,0.17,100.0,0.25,0.03,11.11,0.5,0.06,11.11,0.03,5.56
1207,Liga I (RO),35651,Mohammed Kesselly  Kamara,M. Kamara,1997-10-31,26.52,5.88,3.53,2,2,0,20.0,10.0,7.0,70.0,0.5,0.0,11.28,3.04,15.0,7.5,5.0,66.67,1.0,0.5,50.0,4.0,10.0,5.0,2.5,2.0,0.0,1.5,1.5,0.0,0.0,50.0,0.0,0.5,2.0,0.5,1.0,0.0,0.0,,1.5,0.0,0.0,3.5,1.5,42.86,0.5,14.28
1207,Liga I (RO),35753,Jonathan Cissé,J. Cissé,1997-05-18,83.9,22.75,22.87,17,16,1,680.0,42.5,37.12,87.35,0.69,0.0,4.13,1.52,474.0,29.62,27.31,92.19,0.38,0.25,66.67,28.56,115.0,7.19,6.0,3.81,3.25,0.62,0.12,0.12,100.0,83.48,85.25,0.0,0.19,0.0,0.0,0.31,0.12,40.0,0.38,0.0,0.0,0.88,0.31,35.71,0.0,0.0
1207,Liga I (RO),35956,Fábio Pereira Baptista,Fabinho Baptista,2001-03-29,49.42,18.83,9.21,2,2,0,62.0,31.0,23.5,75.81,2.0,0.0,6.82,2.14,44.0,22.0,17.5,79.55,0.0,0.0,,21.0,16.0,8.0,5.5,5.5,4.0,1.0,0.5,0.5,100.0,68.75,72.73,0.0,3.0,0.0,0.5,1.0,0.0,0.0,0.5,0.5,100.0,0.5,0.0,0.0,0.0,0.0
1207,Liga I (RO),36000,Maks Juraj Čelić,M. Čelić,1996-03-08,95.64,22.91,29.74,9,8,1,312.0,39.0,32.5,83.33,0.12,0.0,5.36,1.8,203.0,25.38,23.0,90.64,0.0,0.0,,24.62,70.0,8.75,7.38,5.38,4.5,0.5,0.0,0.0,,84.29,83.72,0.0,0.12,0.0,0.0,1.25,1.0,80.0,0.12,0.0,0.0,0.38,0.12,33.33,0.0,0.0
1207,Liga I (RO),36004,Oleksandr Romanchuk,O. Romanchuk,1999-12-16,92.61,27.56,20.53,32,32,0,1879.0,58.72,48.03,81.8,2.28,0.28,4.62,1.76,1278.0,39.94,35.38,88.58,0.31,0.12,40.0,38.59,377.0,11.78,9.56,7.41,6.28,1.0,0.41,0.22,53.85,81.17,84.81,0.06,0.44,0.03,0.09,0.94,0.53,56.67,0.75,0.12,16.67,1.16,0.34,29.73,0.06,5.41
1207,Liga I (RO),37166,Jug Stanojev,J. Stanojev,1999-07-29,55.73,15.37,15.85,15,15,0,266.0,17.73,11.8,66.54,2.27,0.33,7.22,1.68,187.0,12.47,8.2,65.78,2.2,1.33,60.61,8.33,74.0,4.93,2.6,2.47,0.6,1.93,1.33,0.27,20.0,52.7,24.32,0.2,1.47,0.6,0.8,0.27,0.0,0.0,2.87,0.6,20.93,4.67,1.27,27.14,0.93,20.0
1207,Liga I (RO),37214,Kevin Luckassen Brobbey,K. Brobbey,1993-07-26,26.17,5.8,6.98,19,17,2,85.0,5.0,2.59,51.77,0.88,0.06,3.77,1.22,52.0,3.06,1.59,51.92,1.18,0.41,35.0,1.12,14.0,0.82,0.53,0.35,0.18,0.12,0.12,0.0,0.0,64.29,50.0,0.12,0.24,0.18,0.18,0.0,0.0,,1.35,0.18,13.04,2.06,0.35,17.14,0.29,14.29
1207,Liga I (RO),37216,Ely Ernesto Lopes Fernandes,Ely Fernandes,1990-11-04,56.32,13.84,15.98,26,23,3,486.0,21.13,11.22,53.09,2.48,0.26,5.47,1.65,297.0,12.91,7.09,54.88,2.13,0.87,40.82,9.17,107.0,4.65,2.17,2.7,1.26,0.87,0.65,0.35,53.33,46.73,46.77,0.43,2.22,0.26,0.52,0.22,0.09,40.0,3.35,0.52,15.58,5.04,0.65,12.93,0.48,9.48
1207,Liga I (RO),37222,Adrian Şut,A. Şut,1999-04-30,91.53,26.7,19.24,14,14,0,798.0,57.0,45.07,79.07,4.43,0.36,3.08,1.18,557.0,39.79,32.93,82.76,1.93,0.71,37.04,34.43,74.0,5.29,4.0,2.21,1.57,0.29,0.29,0.21,75.0,75.68,70.97,1.29,1.21,0.21,0.64,0.43,0.29,66.67,3.43,0.29,8.33,4.64,0.79,16.92,0.79,16.92
1207,Liga I (RO),37223,Octavian Popescu,O. Popescu,2002-12-27,42.21,12.52,8.98,27,27,0,603.0,22.33,15.67,70.15,3.26,0.19,6.12,1.82,460.0,17.04,12.07,70.87,2.0,1.3,64.81,12.52,155.0,5.74,3.63,2.74,1.48,0.85,0.56,0.33,60.0,63.23,54.05,1.04,1.81,0.44,0.59,0.67,0.33,50.0,3.22,0.7,21.84,4.67,0.52,11.11,0.96,20.63
1207,Liga I (RO),37224,Andrei Miron,A. Miron,1994-05-28,99.55,26.13,22.22,36,35,1,1446.0,41.31,33.23,80.43,0.43,0.06,3.94,1.76,859.0,24.54,21.63,88.13,0.26,0.03,11.11,22.97,228.0,6.51,4.8,3.69,2.69,0.43,0.0,0.0,,73.68,72.87,0.0,0.06,0.0,0.0,0.34,0.09,25.0,0.31,0.0,0.0,0.66,0.2,30.43,0.03,4.35
1207,Liga I (RO),37225,Gabriel Simion,G. Simion,1998-05-22,57.94,16.8,16.4,20,19,1,479.0,25.21,21.53,85.39,1.37,0.05,2.31,0.83,349.0,18.37,16.58,90.26,0.32,0.32,100.0,14.95,35.0,1.84,1.63,0.63,0.58,0.32,0.05,0.05,100.0,88.57,91.67,0.21,0.53,0.05,0.0,0.21,0.11,50.0,0.79,0.11,13.33,1.53,0.26,17.24,0.05,3.45
1207,Liga I (RO),37229,Cătălin George Straton,C. Straton,1989-10-09,97.64,21.66,22.62,7,6,1,106.0,17.67,6.83,38.68,0.17,0.0,4.99,3.19,59.0,9.83,4.67,47.46,0.0,0.0,,9.83,21.0,3.5,1.5,1.83,0.5,0.0,0.0,0.0,,42.86,27.27,0.0,0.0,0.0,0.0,0.0,0.0,,0.0,0.0,,0.0,0.0,,0.0,
1207,Liga I (RO),37231,Ovidiu Perianu,O. Perianu,2002-04-16,51.95,12.03,12.47,3,3,0,49.0,16.33,10.0,61.23,1.0,0.0,4.38,1.42,31.0,10.33,7.33,70.97,0.33,0.0,0.0,9.0,9.0,3.0,2.0,1.0,0.67,0.33,0.0,0.0,,66.67,66.67,0.0,1.0,0.33,0.33,0.0,0.0,,1.0,0.33,33.33,2.33,0.33,14.28,0.0,0.0
1207,Liga I (RO),37237,Daniel Graovac,D. Graovac,1993-08-08,87.85,28.24,18.78,18,17,1,896.0,52.71,47.06,89.28,1.29,0.0,4.6,1.55,625.0,36.76,34.47,93.76,0.24,0.12,50.0,35.88,178.0,10.47,9.47,5.35,5.06,1.0,0.41,0.35,85.71,90.45,94.51,0.0,0.35,0.0,0.0,0.18,0.12,66.67,0.41,0.0,0.0,0.53,0.12,22.22,0.0,0.0
1207,Liga I (RO),37239,Mihai Popa,M. Popa,2000-10-12,98.3,23.45,28.88,17,17,0,334.0,19.65,9.88,50.3,0.18,0.12,4.67,3.25,203.0,11.94,6.47,54.19,0.0,0.0,,11.47,65.0,3.82,2.12,2.35,1.41,0.0,0.0,0.0,,55.38,60.0,0.0,0.0,0.0,0.0,0.06,0.06,100.0,0.06,0.06,100.0,0.18,0.06,33.33,0.0,0.0
1207,Liga I (RO),37241,Silviu Balaure,S. Balaure,1996-02-06,78.55,19.79,23.24,16,16,0,584.0,36.5,25.69,70.38,4.5,0.31,5.17,1.63,409.0,25.56,18.62,72.86,3.12,1.44,46.0,20.94,132.0,8.25,5.31,4.44,2.5,1.44,1.19,0.5,42.11,64.4,56.34,0.19,2.81,0.44,0.31,0.69,0.19,27.27,4.94,0.75,15.19,6.38,1.38,21.57,0.5,7.84
1207,Liga I (RO),37242,Valentin Gheorghe,V. Gheorghe,1997-02-14,44.13,10.47,12.89,24,22,2,249.0,11.32,6.23,55.02,1.55,0.05,7.43,1.89,171.0,7.77,4.55,58.48,1.14,0.36,32.0,5.5,81.0,3.68,1.91,2.36,1.0,1.27,0.91,0.23,25.0,51.85,42.31,0.27,1.55,0.36,0.41,0.09,0.05,50.0,1.36,0.14,10.0,2.91,0.82,28.12,0.5,17.19
1207,Liga I (RO),37245,Ştefan Baiaram,Ş. Baiaram,2002-12-31,58.93,18.29,12.85,37,37,0,1012.0,27.35,18.76,68.58,4.11,0.59,7.49,1.96,783.0,21.16,15.11,71.39,2.86,1.54,53.77,16.0,340.0,9.19,5.97,6.0,3.65,2.05,1.78,0.86,48.48,65.0,60.81,0.73,3.51,0.38,1.57,1.3,0.76,58.33,3.78,0.68,17.86,6.08,1.51,24.89,0.89,14.67
1207,Liga I (RO),37250,George Alexandru Cîmpanu,G. Cîmpanu,2000-10-08,55.56,14.53,11.77,14,13,1,259.0,19.92,11.0,55.21,3.46,0.85,7.5,2.08,153.0,11.77,7.08,60.13,1.54,0.77,50.0,8.15,83.0,6.38,2.85,3.31,1.31,1.54,1.15,0.23,20.0,44.58,39.54,0.38,1.85,0.15,0.54,0.77,0.31,40.0,2.46,0.62,25.0,4.08,1.0,24.53,0.46,11.32
1207,Liga I (RO),37254,Alexandru Pantea,A. Pantea,2003-09-11,72.44,19.9,16.86,22,21,1,660.0,31.43,22.71,72.27,1.67,0.1,4.32,1.34,418.0,19.9,15.52,77.99,0.67,0.24,35.71,18.19,124.0,5.9,4.38,2.81,2.1,1.57,0.76,0.38,50.0,74.19,74.58,0.1,1.29,0.1,0.14,0.29,0.19,66.67,1.0,0.1,9.52,2.05,0.52,25.58,0.14,6.98
1207,Liga I (RO),37258,Cristian Daniel Neguţ,C. Neguţ,1995-12-09,78.06,19.5,21.96,37,35,2,1154.0,32.97,17.14,51.99,4.23,0.43,6.48,1.82,781.0,22.31,11.89,53.26,4.6,1.8,39.13,14.31,321.0,9.17,3.97,5.77,2.29,2.2,1.89,0.63,33.33,43.3,39.6,0.71,1.89,0.46,1.29,0.63,0.2,31.82,6.37,0.77,12.11,9.57,2.14,22.39,1.26,13.13
1207,Liga I (RO),37260,Daniel Popa,D. Popa,1995-07-14,49.19,10.93,15.41,7,6,1,74.0,12.33,6.67,54.05,1.33,0.33,4.42,1.28,39.0,6.5,3.83,58.97,0.83,0.5,60.0,3.0,14.0,2.33,1.33,0.83,0.33,0.33,0.17,0.0,0.0,57.15,40.0,0.5,0.5,0.0,0.0,0.0,0.0,,1.5,0.0,0.0,2.83,0.17,5.88,0.0,0.0
1207,Liga I (RO),37262,Marian Aioani,M. Aioani,1999-11-07,92.17,24.42,24.81,29,28,1,694.0,24.79,16.11,64.99,0.18,0.04,3.87,2.59,406.0,14.5,10.96,75.62,0.07,0.04,50.0,14.43,94.0,3.36,1.89,1.96,1.32,0.0,0.0,0.0,,56.38,67.27,0.0,0.0,0.0,0.0,0.07,0.0,0.0,0.11,0.04,33.33,0.21,0.04,16.67,0.0,0.0
1207,Liga I (RO),37263,Tiberiu Căpușă,T. Căpușă,1998-04-06,86.57,21.55,24.76,35,33,2,1251.0,37.91,28.0,73.86,2.0,0.12,4.96,1.59,796.0,24.12,19.03,78.89,0.82,0.33,40.74,21.94,257.0,7.79,5.73,4.64,3.3,1.27,0.82,0.45,55.56,73.54,71.24,0.0,0.97,0.09,0.27,0.94,0.55,58.07,1.42,0.27,19.15,2.45,0.52,20.99,0.09,3.7
1207,Liga I (RO),37404,Martins Daniel  Toutou Mpondo  ,M. Toutou Mpondo,1996-03-13,26.65,7.16,6.45,7,7,0,39.0,5.57,1.0,17.95,1.14,0.0,7.84,1.84,23.0,3.29,0.57,17.39,1.0,0.0,0.0,1.14,10.0,1.43,0.29,1.14,0.29,0.57,0.43,0.0,0.0,20.0,25.0,0.14,0.43,0.43,0.57,0.14,0.0,0.0,1.0,0.0,0.0,2.14,0.29,13.33,0.14,6.67
1207,Liga I (RO),37838,Issouf Macalou,I. Macalou,1998-12-27,69.51,19.13,18.56,34,32,2,782.0,24.44,12.44,50.9,3.59,0.59,8.91,2.43,566.0,17.69,9.31,52.65,2.91,1.19,40.86,12.34,272.0,8.5,3.69,5.41,2.03,1.5,1.25,0.31,25.0,43.38,37.57,0.22,1.31,0.16,2.28,0.97,0.34,35.48,3.94,0.41,10.32,6.47,1.31,20.29,0.66,10.14
1207,Liga I (RO),37968,Louis Munteanu,L. Munteanu,2002-06-16,67.4,17.78,18.18,12,12,0,270.0,22.5,11.92,52.96,4.5,0.5,4.71,1.36,182.0,15.17,8.75,57.69,3.42,1.67,48.78,8.25,55.0,4.58,3.08,2.17,1.33,1.33,1.08,0.58,53.85,67.27,61.54,0.67,1.58,0.83,0.33,0.17,0.08,50.0,4.67,0.58,12.5,8.0,0.92,11.46,1.5,18.75
1207,Liga I (RO),41087,Antonio Bosec,A. Bosec,1997-08-28,99.35,23.46,24.24,1,1,0,41.0,41.0,29.0,70.73,4.0,1.0,4.5,1.34,29.0,29.0,23.0,79.31,1.0,1.0,100.0,27.0,7.0,7.0,5.0,3.0,2.0,4.0,1.0,0.0,0.0,71.43,66.67,0.0,2.0,0.0,0.0,0.0,0.0,,2.0,0.0,0.0,5.0,2.0,40.0,0.0,0.0
1207,Liga I (RO),46100,John Charles Petro,C. Petro,2001-02-08,91.83,24.26,20.19,34,33,1,1643.0,49.79,37.67,75.65,3.27,0.21,3.5,1.39,962.0,29.15,24.58,84.3,0.91,0.39,43.33,24.76,215.0,6.52,5.21,2.64,2.12,0.76,0.42,0.33,78.57,80.0,80.46,0.73,1.42,0.15,0.39,0.48,0.27,56.25,1.39,0.18,13.04,2.52,0.39,15.66,0.24,9.64
1207,Liga I (RO),46148,Bismark Adjei-Boateng,N. Boateng,1994-05-10,21.86,5.96,4.39,5,5,0,59.0,11.8,9.2,77.97,0.6,0.0,3.92,1.53,35.0,7.0,5.8,82.85,0.0,0.0,,5.8,11.0,2.2,2.2,0.8,0.8,0.0,0.0,0.0,,100.0,100.0,0.0,0.4,0.0,0.0,0.0,0.0,,0.2,0.0,0.0,0.4,0.0,0.0,0.0,0.0
1207,Liga I (RO),46174,Andrej Fábry,A. Fábry,1997-03-01,41.92,11.72,11.42,20,19,1,353.0,18.58,12.47,67.14,1.68,0.11,6.17,1.58,253.0,13.32,9.05,67.99,1.79,0.84,47.06,9.63,89.0,4.68,2.84,2.53,1.16,1.89,1.37,0.63,46.15,60.67,45.83,0.63,1.0,0.32,0.42,0.21,0.05,25.0,3.05,0.42,13.79,4.68,1.05,22.47,0.47,10.11
1207,Liga I (RO),46194,Leard Sadriu,L. Sadriu,2001-04-22,93.06,20.06,25.24,31,29,2,990.0,34.14,24.0,70.3,0.79,0.1,4.26,1.62,594.0,20.48,16.34,79.8,0.34,0.21,60.0,19.34,168.0,5.79,4.07,2.76,1.83,0.9,0.28,0.1,37.5,70.24,66.25,0.03,0.21,0.03,0.07,0.69,0.38,55.0,0.45,0.0,0.0,0.9,0.24,26.92,0.03,3.85
1207,Liga I (RO),47900,Guilherme Araújo Soares,Guilherme Soares,2001-02-08,73.01,16.25,21.16,10,10,0,241.0,24.1,18.7,77.59,0.7,0.0,4.46,1.54,151.0,15.1,12.5,82.78,0.3,0.2,66.67,13.6,46.0,4.6,3.4,2.8,2.2,0.9,0.2,0.2,100.0,73.92,78.57,0.1,0.0,0.0,0.1,0.7,0.2,28.57,0.4,0.2,50.0,0.6,0.1,16.67,0.0,0.0
1207,Liga I (RO),49283,Dino Mikanović,D. Mikanović,1994-05-07,88.28,24.04,24.15,31,30,1,1116.0,37.2,27.13,72.94,2.0,0.37,4.93,1.39,767.0,25.57,20.23,79.14,1.07,0.57,53.12,23.5,240.0,8.0,5.67,4.2,2.63,2.6,1.63,0.8,48.98,70.83,62.7,0.13,1.3,0.17,0.17,0.33,0.07,20.0,1.57,0.23,14.89,3.2,1.0,31.25,0.2,6.25
1207,Liga I (RO),49456,Jovo Lukić,J. Lukić,1998-11-28,82.86,22.31,22.44,30,29,1,721.0,24.86,13.34,53.68,3.93,0.76,6.06,1.61,438.0,15.1,8.41,55.71,4.14,1.83,44.17,6.03,177.0,6.1,3.24,3.52,1.45,1.52,1.24,0.38,30.55,53.11,41.18,0.79,2.1,0.93,1.0,0.14,0.07,50.0,5.52,1.03,18.75,8.93,1.55,17.38,1.55,17.37
1207,Liga I (RO),49591,Antoni Ivanov,A. Ivanov,1995-09-11,89.78,21.75,26.24,27,26,1,977.0,37.58,29.85,79.43,1.88,0.31,3.36,1.03,543.0,20.88,17.73,84.9,0.88,0.54,60.87,15.96,117.0,4.5,3.85,1.92,1.42,0.5,0.19,0.15,80.0,85.47,74.0,0.88,0.96,0.19,0.15,0.27,0.19,71.43,2.27,0.54,23.73,3.12,0.96,30.86,0.27,8.64
1207,Liga I (RO),49680,Michael Pavlović,M. Pavlović,2001-06-12,62.49,15.12,14.86,17,16,1,316.0,19.75,12.69,64.24,0.88,0.12,4.95,1.47,184.0,11.5,7.94,69.02,0.69,0.31,45.46,10.75,66.0,4.12,2.88,2.0,1.44,1.19,0.81,0.69,84.62,69.7,71.88,0.0,1.12,0.06,0.25,0.31,0.19,60.0,1.25,0.12,10.0,1.69,0.5,29.63,0.06,3.7
1207,Liga I (RO),49681,Jakov Blagaić,J. Blagaić,2000-02-08,58.37,13.24,15.38,15,14,1,265.0,18.93,11.5,60.76,2.0,0.0,5.64,1.59,147.0,10.5,7.14,68.03,1.5,0.79,52.38,7.07,62.0,4.43,3.43,1.79,1.5,0.93,0.64,0.5,77.78,77.42,84.0,0.71,0.93,0.29,0.21,0.07,0.0,0.0,1.93,0.36,18.52,2.86,0.36,12.5,0.64,22.5
1207,Liga I (RO),49903,Anzor Mekvabishvili,A. Mekvabishvili,2001-06-05,69.37,21.29,16.34,33,33,0,1439.0,43.61,37.3,85.55,2.58,0.42,3.48,1.32,1100.0,33.33,30.06,90.18,0.82,0.42,51.85,28.79,182.0,5.52,4.79,2.36,1.91,0.7,0.39,0.3,76.92,86.81,80.77,0.45,1.33,0.12,0.15,0.3,0.24,80.0,1.88,0.3,16.13,3.0,0.52,17.17,0.33,11.11
1207,Liga I (RO),49973,Eduard Florescu,E. Florescu,1997-06-27,62.2,14.94,16.42,30,28,2,668.0,23.86,13.75,57.63,2.79,0.25,6.83,1.84,409.0,14.61,8.64,59.17,2.25,1.18,52.38,10.79,195.0,6.96,3.46,4.32,2.0,1.29,0.93,0.29,30.77,49.74,46.28,0.57,1.46,0.21,0.61,0.86,0.36,41.67,3.14,0.39,12.5,4.43,1.14,25.81,0.39,8.87
1207,Liga I (RO),49977,Eduard Pap,E. Pap,1994-07-01,98.33,21.75,29.95,35,34,1,828.0,24.35,13.12,53.86,0.12,0.0,5.1,3.43,414.0,12.18,7.74,63.53,0.12,0.06,50.0,11.82,198.0,5.82,2.56,3.82,1.76,0.06,0.03,0.0,0.0,43.94,46.15,0.0,0.0,0.0,0.0,0.06,0.03,50.0,0.15,0.0,0.0,0.29,0.09,30.0,0.0,0.0
1207,Liga I (RO),49979,Alexandru Țigănașu,A. Țigănașu,1990-06-12,81.9,21.17,18.25,21,20,1,701.0,35.05,23.95,68.33,1.4,0.05,3.94,1.46,438.0,21.9,16.3,74.43,0.95,0.35,36.84,20.95,107.0,5.35,3.25,3.15,2.05,1.2,0.8,0.3,37.5,60.75,65.08,0.0,1.0,0.15,0.1,0.5,0.3,60.0,1.25,0.25,20.0,2.35,0.6,25.53,0.25,10.64
1207,Liga I (RO),50121,Aviel Zargari,A. Zargari,2002-12-11,60.16,15.35,15.24,15,15,0,387.0,25.8,19.53,75.71,1.8,0.0,4.41,1.42,252.0,16.8,13.8,82.14,0.47,0.13,28.57,13.47,75.0,5.0,4.27,1.93,1.4,0.6,0.33,0.2,60.0,85.33,72.41,1.0,0.53,0.0,0.13,0.4,0.27,66.67,0.6,0.07,11.11,0.93,0.2,21.43,0.07,7.14
1207,Liga I (RO),53335,Vadik Murria Soriano,V. Murria,2000-09-07,61.77,15.03,15.15,10,10,0,242.0,24.2,19.8,81.82,0.6,0.0,3.03,1.3,140.0,14.0,13.1,93.57,0.0,0.0,,13.6,26.0,2.6,2.4,0.8,0.8,0.5,0.0,0.0,,92.31,100.0,0.0,0.1,0.0,0.0,0.1,0.1,100.0,0.0,0.0,,0.1,0.0,0.0,0.0,0.0
1207,Liga I (RO),54542,Moonga Aluta Simba,M. Simba,2000-05-08,40.16,10.34,8.81,10,10,0,156.0,15.6,9.7,62.18,2.3,0.0,8.35,2.42,117.0,11.7,7.1,60.68,1.8,0.7,38.89,8.6,62.0,6.2,3.6,3.7,1.8,0.5,0.4,0.0,0.0,58.06,48.65,0.2,0.9,0.0,1.1,0.2,0.0,0.0,3.0,0.6,20.0,4.0,0.6,15.0,0.5,12.5
1207,Liga I (RO),54943,Lucas De Vega Lima,Lucas de Vega,2000-01-16,62.76,16.71,17.98,2,2,0,71.0,35.5,28.5,80.28,1.0,0.5,5.44,1.56,46.0,23.0,19.0,82.61,2.0,1.0,50.0,17.5,16.0,8.0,6.0,3.0,2.0,1.5,1.0,0.5,50.0,75.0,66.67,1.0,1.5,0.0,0.0,0.0,0.0,,3.0,1.0,33.33,6.0,1.0,16.66,0.5,8.33
1207,Liga I (RO),58641,Jair Tavares da Silva,Jair,1994-08-03,47.73,12.62,13.04,19,18,1,323.0,17.94,13.0,72.45,1.78,0.06,4.78,1.52,196.0,10.89,8.5,78.06,1.11,0.5,45.0,7.89,63.0,3.5,2.72,1.67,1.39,0.72,0.33,0.28,83.33,77.78,83.33,0.39,2.0,0.28,0.28,0.17,0.11,66.67,1.44,0.33,23.08,2.94,0.33,11.32,0.44,15.09
1207,Liga I (RO),60117,Miguel Muñoz Fernández,Miguel Muñoz,1996-11-22,4.08,0.76,0.58,2,2,0,5.0,2.5,1.5,60.0,0.0,0.0,7.95,2.42,3.0,1.5,1.0,66.67,0.0,0.0,,1.0,1.0,0.5,0.5,0.0,0.0,0.0,0.0,0.0,,100.0,,0.0,0.5,0.0,0.0,0.0,0.0,,0.0,0.0,,0.5,0.0,0.0,0.0,0.0
1207,Liga I (RO),60192,Dmytro Pospelov,D. Pospelov,1991-10-19,98.06,24.51,26.92,29,28,1,1230.0,43.93,35.96,81.87,1.11,0.36,4.29,1.49,710.0,25.36,23.68,93.38,0.25,0.07,28.57,24.46,219.0,7.82,7.07,3.61,3.43,0.75,0.14,0.11,75.0,90.41,95.05,0.04,0.04,0.0,0.0,0.21,0.21,100.0,0.32,0.0,0.0,0.61,0.14,23.53,0.0,0.0
1207,Liga I (RO),60633,Otto Hindrich,O. Hindrich,2002-08-05,99.44,26.58,25.7,15,15,0,290.0,19.33,11.53,59.66,0.0,0.0,4.23,2.73,143.0,9.53,6.67,69.93,0.13,0.07,50.0,9.13,45.0,3.0,1.47,1.0,0.4,0.0,0.0,0.0,,48.89,40.0,0.0,0.0,0.0,0.0,0.07,0.0,0.0,0.27,0.0,0.0,0.33,0.13,40.0,0.0,0.0
1207,Liga I (RO),61247,Yassine Zakir,Y. Zakir,1997-03-13,62.41,14.75,18.45,30,25,5,460.0,18.4,10.64,57.83,2.36,0.36,6.15,1.79,283.0,11.32,6.44,56.89,2.04,0.84,41.18,7.52,123.0,4.92,2.72,3.08,1.44,0.6,0.4,0.12,30.0,55.28,46.75,0.48,1.04,0.24,0.68,0.48,0.16,33.33,2.68,0.44,16.42,4.36,0.92,21.1,0.48,11.01
1207,Liga I (RO),63152,Cătălin Vulturar,C. Vulturar,2004-03-09,55.18,13.15,15.69,20,19,1,395.0,20.79,16.11,77.47,1.05,0.16,3.05,1.04,236.0,12.42,10.16,81.78,0.47,0.32,66.67,10.11,28.0,1.47,1.16,0.58,0.32,0.58,0.26,0.11,40.0,78.57,54.54,0.74,0.95,0.05,0.0,0.05,0.05,100.0,1.16,0.26,22.73,1.79,0.26,14.71,0.21,11.76
1207,Liga I (RO),64203,Tommi Jyry,T. Jyry,1999-08-16,91.42,21.88,25.37,36,34,2,1255.0,36.91,27.32,74.02,3.21,0.09,5.71,1.64,867.0,25.5,19.56,76.7,2.26,1.06,46.75,20.0,313.0,9.21,6.85,4.29,2.74,2.03,1.35,0.74,54.35,74.44,63.7,1.53,4.53,0.35,0.26,0.18,0.12,66.67,3.62,0.71,19.51,6.12,0.97,15.87,0.76,12.5
1207,Liga I (RO),64461,Marko Gjorgjievski,M. Gjorgjievski,2000-04-18,44.25,11.54,11.63,28,27,1,312.0,11.56,5.85,50.64,1.59,0.07,4.78,1.31,186.0,6.89,3.81,55.38,2.56,1.22,47.83,1.85,61.0,2.26,1.11,1.41,0.63,0.52,0.41,0.15,36.36,49.18,44.74,0.48,0.81,0.41,0.33,0.04,0.04,100.0,3.19,0.56,17.44,4.81,0.85,17.69,0.59,12.31
1207,Liga I (RO),64622,Milen Zhelev,M. Zhelev,1993-07-15,93.54,23.83,21.59,34,33,1,1233.0,37.36,25.55,68.37,2.24,0.3,5.91,1.65,789.0,23.91,17.73,74.15,1.15,0.45,39.47,22.61,300.0,9.09,5.39,4.91,2.82,2.3,1.61,0.79,49.06,59.33,57.41,0.09,1.79,0.18,0.52,0.94,0.36,38.71,1.73,0.27,15.79,3.12,0.58,18.45,0.15,4.85
1207,Liga I (RO),64679,Timotej Jambor,T. Jambor,2003-04-04,30.72,9.57,7.14,10,9,1,79.0,8.78,6.11,69.62,0.89,0.11,3.3,0.97,53.0,5.89,4.22,71.7,0.67,0.44,66.67,3.67,11.0,1.22,0.44,0.67,0.22,0.44,0.33,0.11,33.33,36.36,33.33,0.44,1.22,0.22,0.11,0.0,0.0,,1.22,0.11,9.09,2.0,0.33,16.67,0.56,27.78
1207,Liga I (RO),64942,Ilija Masić,I. Masić,1999-04-08,68.55,16.89,17.11,2,2,0,55.0,27.5,21.0,76.36,0.5,0.0,2.47,0.9,26.0,13.0,12.5,96.15,0.0,0.0,,13.0,4.0,2.0,0.5,1.0,0.5,0.0,0.0,0.0,,25.0,50.0,0.0,0.0,0.0,0.0,0.0,0.0,,0.0,0.0,,0.0,0.0,,0.0,
1207,Liga I (RO),65150,Teodor Lungu,T. Lungu,1995-06-12,84.46,17.36,25.82,17,17,0,708.0,41.65,28.35,68.08,2.71,0.18,3.81,1.37,403.0,23.71,18.29,77.17,0.71,0.35,50.0,18.47,107.0,6.29,4.59,2.29,1.65,0.41,0.24,0.18,75.0,72.9,71.8,0.18,0.41,0.0,0.12,0.24,0.12,50.0,1.35,0.24,17.39,2.71,0.29,10.87,0.06,2.17
1207,Liga I (RO),66261,Marius Ştefănescu,M. Ştefănescu,1998-08-14,52.13,19.18,9.18,1,1,0,24.0,24.0,22.0,91.67,3.0,0.0,7.64,2.25,19.0,19.0,17.0,89.47,0.0,0.0,,18.0,10.0,10.0,8.0,3.0,1.0,0.0,0.0,0.0,,80.0,33.33,0.0,5.0,0.0,0.0,0.0,0.0,,0.0,0.0,,0.0,0.0,,0.0,
1207,Liga I (RO),66266,Adnan Aganović,A. Aganović,1987-10-03,54.83,13.54,14.32,6,5,1,113.0,22.6,17.2,76.11,3.2,0.4,5.06,1.6,80.0,16.0,13.2,82.5,0.8,0.4,50.0,12.6,23.0,4.6,3.0,2.2,1.0,0.4,0.4,0.2,50.0,65.22,45.45,1.6,2.0,0.0,0.4,0.8,0.6,75.0,0.8,0.2,25.0,2.0,0.0,0.0,0.8,40.0
1207,Liga I (RO),66320,Narek Grigoryan,N. Grigoryan,2001-06-17,66.37,18.0,16.8,32,29,3,745.0,25.69,14.69,57.18,3.9,0.41,6.32,1.75,453.0,15.62,9.03,57.84,2.97,1.38,46.51,10.45,208.0,7.17,3.69,3.86,1.79,1.17,1.03,0.31,30.0,51.44,46.43,1.07,1.76,0.48,0.9,0.34,0.1,30.0,4.45,0.83,18.6,6.76,1.41,20.92,1.17,17.35
1207,Liga I (RO),66323,Nana Kwame Antwi,N. Antwi,2000-08-10,85.22,21.9,24.96,19,18,1,695.0,38.61,25.28,65.47,2.94,0.11,7.63,2.1,494.0,27.44,18.94,69.03,2.22,1.22,55.0,23.72,214.0,11.89,7.06,7.0,4.22,3.06,2.0,0.83,41.67,59.35,60.32,0.11,2.78,0.22,2.22,0.94,0.39,41.18,3.61,0.5,13.85,5.22,1.56,29.79,0.44,8.51
1207,Liga I (RO),66843,Luis Javier Paradela Díaz,L. Paradela,1997-01-21,40.84,12.49,8.87,2,2,0,48.0,24.0,18.5,77.08,2.0,0.0,3.91,1.59,38.0,19.0,16.0,84.21,0.0,0.0,,17.5,7.0,3.5,2.5,2.0,1.0,0.5,0.5,0.0,0.0,71.43,50.0,0.0,3.0,0.0,0.0,1.0,0.5,50.0,0.5,0.5,100.0,1.5,0.5,33.33,0.0,0.0
1207,Liga I (RO),67348,Andrei Cordea,A. Cordea,1999-06-24,65.68,15.87,19.43,29,29,0,711.0,24.52,13.31,54.29,3.38,0.45,6.54,1.85,494.0,17.03,9.97,58.5,2.76,1.17,42.5,11.76,197.0,6.79,3.38,3.55,1.69,1.38,0.93,0.24,25.93,49.75,47.57,0.38,1.62,0.48,0.72,0.38,0.21,54.55,3.83,0.55,14.41,6.38,1.07,16.76,0.69,10.81
1207,Liga I (RO),67349,Alexandru Musi,A. Musi,2004-07-17,76.05,22.91,16.56,36,34,2,1088.0,32.0,19.53,61.03,4.68,0.5,7.96,2.14,806.0,23.71,15.44,65.14,4.41,2.21,50.0,15.5,371.0,10.91,6.03,7.15,3.74,2.29,2.06,0.71,34.29,55.26,52.26,0.91,3.68,0.85,1.85,1.09,0.53,48.65,6.26,1.38,22.07,9.12,2.5,27.42,1.56,17.1
1207,Liga I (RO),67965,Kader Keita,K. Keita,2000-11-06,84.27,23.55,21.57,31,30,1,1381.0,46.03,38.23,83.06,2.53,0.27,4.4,1.53,911.0,30.37,26.83,88.36,0.9,0.5,55.56,26.07,216.0,7.2,5.9,2.93,2.3,0.53,0.23,0.17,71.43,81.95,78.41,0.53,0.5,0.0,0.27,0.13,0.03,25.0,1.87,0.4,21.43,2.73,0.37,13.41,0.23,8.54
1207,Liga I (RO),68498,Alin Fică,A. Fică,2001-06-14,50.37,13.04,12.07,25,25,0,607.0,24.28,17.92,73.81,2.68,0.16,5.51,1.65,393.0,15.72,12.16,77.35,1.44,0.92,63.89,11.28,134.0,5.36,4.04,2.08,1.48,0.8,0.6,0.32,53.33,75.37,71.15,0.68,1.16,0.12,0.68,0.24,0.12,50.0,2.24,0.44,19.64,3.6,0.68,18.89,0.44,12.22
1207,Liga I (RO),68650,Maxime Sivis,M. Sivis,1998-04-01,87.31,25.97,19.52,32,30,2,1170.0,39.0,28.57,73.25,3.17,0.3,3.87,1.33,837.0,27.9,21.57,77.3,1.9,0.8,42.11,25.47,178.0,5.93,4.2,3.73,2.67,2.17,1.47,0.8,54.55,70.79,71.43,0.1,3.83,0.57,0.2,0.33,0.23,70.0,2.4,0.23,9.72,4.37,0.87,19.85,0.7,16.03
1207,Liga I (RO),69048,Adrian Mazilu,A. Mazilu,2005-09-13,32.07,10.45,6.86,13,13,0,213.0,16.38,9.46,57.75,1.08,0.15,7.52,2.18,159.0,12.23,7.62,62.27,1.46,0.54,36.84,9.38,66.0,5.08,3.0,2.38,1.23,0.54,0.38,0.23,60.0,59.09,51.61,0.0,0.62,0.15,0.38,0.69,0.31,44.45,2.31,0.54,23.33,3.92,0.77,19.61,0.15,3.92
1207,Liga I (RO),69056,Matteo Duțu,M. Duțu,2005-11-23,44.41,13.52,11.51,9,9,0,199.0,22.11,18.67,84.42,0.33,0.0,4.59,1.76,131.0,14.56,12.89,88.55,0.56,0.11,20.0,13.67,37.0,4.11,3.22,1.89,1.56,0.44,0.11,0.11,100.0,78.38,82.35,0.0,0.33,0.0,0.0,0.67,0.33,50.0,0.56,0.0,0.0,0.56,0.11,20.0,0.0,0.0
1207,Liga I (RO),69057,Andrei Borza,A. Borza,2005-11-12,83.97,22.65,21.55,28,27,1,943.0,34.93,23.41,67.02,2.89,0.48,4.74,1.41,636.0,23.56,16.52,70.13,1.93,0.81,42.31,21.19,197.0,7.3,4.41,4.48,2.37,1.81,1.26,0.41,32.35,60.41,52.89,0.22,2.3,0.41,0.74,0.56,0.15,26.67,2.63,0.26,9.86,4.26,0.89,20.87,0.63,14.78
1207,Liga I (RO),69060,Robert Bădescu,R. Bădescu,2005-04-02,75.24,19.78,20.99,15,12,3,292.0,24.33,17.08,70.21,0.67,0.08,4.71,1.49,172.0,14.33,11.08,77.33,0.42,0.17,40.0,13.17,58.0,4.83,3.17,2.17,1.0,0.58,0.17,0.08,50.0,65.52,46.15,0.0,0.42,0.0,0.17,0.42,0.25,60.0,0.67,0.08,12.5,1.42,0.5,35.29,0.08,5.88
1207,Liga I (RO),69065,Luca Banu,L. Banu,2005-01-31,35.82,10.18,8.66,4,4,0,39.0,9.75,7.0,71.79,1.0,0.0,4.27,1.34,22.0,5.5,3.75,68.18,0.5,0.0,0.0,3.5,5.0,1.25,0.75,0.25,0.25,0.5,0.25,0.25,100.0,60.0,100.0,0.5,0.5,0.0,0.0,0.0,0.0,,0.75,0.0,0.0,1.0,0.0,0.0,0.25,25.0
1207,Liga I (RO),69714,Renato Espinosa Torres,R. Espinosa,1998-07-06,66.18,14.77,19.83,21,20,1,277.0,13.85,7.65,55.24,1.6,0.3,3.87,1.04,134.0,6.7,3.6,53.73,2.15,0.95,44.19,3.35,37.0,1.85,0.7,1.25,0.35,0.9,0.85,0.2,23.53,37.84,28.0,0.3,0.85,0.7,0.2,0.0,0.0,,2.6,0.3,11.54,4.05,0.7,17.28,0.85,20.99
1207,Liga I (RO),72480,Béni N'Kololo,B. N'Kololo,1996-11-06,51.98,13.83,9.66,5,5,0,89.0,17.8,11.6,65.17,2.6,0.0,8.28,2.34,59.0,11.8,8.2,69.49,1.4,0.4,28.57,8.0,35.0,7.0,5.0,3.8,2.6,1.4,0.8,0.2,25.0,71.43,68.42,0.6,1.8,0.4,0.8,0.4,0.4,100.0,2.8,0.8,28.57,3.8,1.0,26.31,0.4,10.53
1207,Liga I (RO),86110,Benjamin Hadžić,B. Hadžić,1999-03-04,29.49,6.22,9.05,8,6,2,36.0,6.0,2.83,47.22,0.17,0.0,3.91,1.25,18.0,3.0,1.0,33.33,1.17,0.33,28.57,1.67,6.0,1.0,0.5,0.33,0.33,0.17,0.0,0.0,,50.0,100.0,0.17,0.83,0.0,0.0,0.17,0.0,0.0,1.33,0.0,0.0,1.67,0.0,0.0,0.0,0.0
1207,Liga I (RO),89667,Alexandru Tirlea,A. Tirlea,2000-03-28,87.15,21.08,25.77,12,11,1,340.0,30.91,21.64,70.0,1.73,0.09,5.27,1.61,234.0,21.27,15.45,72.65,1.55,0.55,35.29,18.64,80.0,7.27,4.18,3.73,2.09,1.91,1.27,0.64,50.0,57.5,56.1,0.0,1.55,0.36,0.64,0.82,0.36,44.44,2.36,0.36,15.38,3.82,0.91,23.81,0.18,4.76
1207,Liga I (RO),95609,Oucasse Mendy,O. Mendy,2001-06-01,68.19,18.51,18.24,14,14,0,305.0,21.79,11.5,52.79,2.71,0.57,7.81,2.09,205.0,14.64,8.36,57.07,2.36,1.36,57.58,9.14,103.0,7.36,3.5,4.71,2.14,2.36,1.79,0.71,40.0,47.57,45.45,0.57,1.07,0.36,0.57,0.5,0.21,42.86,2.79,0.29,10.26,5.43,1.64,30.26,1.07,19.74
1207,Liga I (RO),100333,Jekob Abiezer Jeno,J. Jeno,2000-06-22,49.63,10.65,13.72,8,8,0,169.0,21.12,15.5,73.37,1.25,0.0,5.09,1.42,102.0,12.75,10.5,82.36,1.0,0.38,37.5,10.25,35.0,4.38,2.88,3.0,1.62,0.75,0.75,0.38,50.0,65.72,54.17,0.62,1.25,0.0,0.25,0.12,0.12,100.0,1.75,0.25,14.29,2.62,0.75,28.57,0.0,0.0
1207,Liga I (RO),100562,Diogo Miguel Costa Rodrigues,Diogo Rodrigues,1999-08-23,71.94,15.89,19.21,6,6,0,165.0,27.5,19.83,72.12,1.67,0.17,5.55,1.57,107.0,17.83,13.33,74.77,1.67,0.67,40.0,15.33,41.0,6.83,4.0,3.67,2.33,1.33,0.5,0.33,66.67,58.54,63.64,0.0,3.17,0.0,0.33,0.5,0.33,66.67,2.5,0.17,6.67,3.83,0.83,21.74,0.17,4.35
1207,Liga I (RO),107001,Dennis Politic,D. Politic,2000-03-05,47.12,13.03,10.56,14,14,0,235.0,16.79,10.71,63.83,2.14,0.43,5.91,1.49,157.0,11.21,7.5,66.88,2.0,0.93,46.43,6.93,57.0,4.07,2.36,2.29,1.0,1.36,1.0,0.36,35.71,57.9,43.75,0.64,1.79,0.43,0.5,0.14,0.0,0.0,3.07,0.64,20.93,5.14,0.93,18.06,0.36,6.94
1207,Liga I (RO),112606,Nikola Stevanović,N. Stevanović,1998-09-13,82.47,26.06,19.5,15,15,0,764.0,50.93,44.2,86.78,0.93,0.33,4.0,1.47,534.0,35.6,32.73,91.95,0.47,0.33,71.43,34.33,120.0,8.0,7.47,4.13,3.93,0.87,0.27,0.2,75.0,93.33,95.16,0.0,0.67,0.0,0.07,0.33,0.27,80.0,0.67,0.0,0.0,1.2,0.33,27.78,0.13,11.11
1207,Liga I (RO),117591,Borisav Burmaz,B. Burmaz,2001-04-21,32.22,9.56,8.58,3,3,0,18.0,6.0,3.67,61.11,0.0,0.0,3.78,1.38,13.0,4.33,3.0,69.23,0.67,0.0,0.0,2.33,2.0,0.67,0.33,0.0,0.0,0.0,0.0,0.0,,50.0,,0.33,1.0,0.0,0.0,0.0,0.0,,1.33,1.0,75.0,2.0,0.0,0.0,0.0,0.0
1207,Liga I (RO),120563,Adrian Caragea,A. Caragea,2005-09-07,31.82,9.94,7.69,15,13,2,177.0,13.62,9.38,68.93,1.85,0.15,5.9,1.81,129.0,9.92,7.38,74.42,1.23,0.62,50.0,7.92,44.0,3.38,1.92,1.31,0.62,0.38,0.23,0.08,33.33,56.82,47.06,0.31,1.31,0.31,0.38,0.23,0.08,33.33,1.85,0.38,20.83,2.38,0.54,22.58,0.38,16.13
1207,Liga I (RO),120566,Mario Tudose,M. Tudose,2005-01-21,95.25,20.6,25.86,34,32,2,1180.0,36.88,27.59,74.83,0.97,0.0,5.37,1.71,668.0,20.88,17.69,84.73,0.16,0.03,20.0,19.53,290.0,9.06,6.94,5.75,4.44,1.31,0.59,0.44,73.68,76.55,77.17,0.03,0.16,0.03,0.06,1.0,0.56,56.25,0.19,0.0,0.0,0.62,0.12,20.0,0.03,5.0
1207,Liga I (RO),160943,Ștefan Pănoiu,Ș. Pănoiu,2002-09-23,36.68,9.87,7.38,12,11,1,221.0,20.09,15.18,75.57,1.91,0.27,3.41,1.11,159.0,14.45,10.91,75.47,1.0,0.73,72.73,10.64,32.0,2.91,2.27,1.64,1.09,0.55,0.36,0.18,50.0,78.12,66.67,0.55,1.09,0.09,0.18,0.18,0.09,50.0,1.55,0.18,11.76,2.91,0.18,6.25,0.45,15.62
1207,Liga I (RO),160962,Robert Popa,R. Popa,2003-03-05,98.93,20.26,29.92,13,12,1,212.0,17.67,7.0,39.62,0.08,0.0,4.67,3.43,85.0,7.08,3.75,52.94,0.17,0.0,0.0,6.75,40.0,3.33,0.92,2.33,0.58,0.0,0.0,0.0,,27.5,25.0,0.0,0.0,0.0,0.0,0.08,0.08,100.0,0.17,0.17,100.0,0.25,0.08,33.33,0.0,0.0
1207,Liga I (RO),160963,Dragoș Albu,D. Albu,2001-03-15,68.51,16.61,21.0,38,36,2,1101.0,30.58,21.75,71.12,2.39,0.31,3.73,1.28,684.0,19.0,13.92,73.25,1.53,0.78,50.91,14.25,146.0,4.06,2.81,2.08,1.28,0.31,0.17,0.06,33.33,69.18,61.33,0.53,2.33,0.17,0.14,0.53,0.17,31.58,2.69,0.33,12.37,4.42,0.83,18.87,0.28,6.29
1207,Liga I (RO),160964,Radu Negru,R. Negru,1999-04-17,79.08,19.52,23.24,6,5,1,144.0,28.8,20.2,70.14,1.8,0.0,5.16,1.65,81.0,16.2,12.0,74.07,1.8,1.0,55.55,14.6,33.0,6.6,4.2,2.8,1.8,1.2,0.8,0.4,50.0,63.64,64.29,0.0,1.2,0.2,0.0,0.2,0.0,0.0,2.2,0.0,0.0,2.8,0.6,21.43,0.4,14.29
1207,Liga I (RO),160972,Vlad Pop,V. Pop,2000-08-31,61.12,13.57,18.88,31,29,2,600.0,20.69,14.62,70.67,1.38,0.1,4.01,1.24,341.0,11.76,8.86,75.37,0.72,0.31,42.86,9.76,92.0,3.17,2.07,1.72,0.9,0.72,0.59,0.14,23.53,65.22,52.0,0.38,1.24,0.0,0.24,0.03,0.0,0.0,1.14,0.14,12.12,1.69,0.34,20.41,0.14,8.16
1207,Liga I (RO),160976,Antonio Borduşanu,A. Borduşanu,2004-08-10,19.75,5.34,5.03,2,2,0,26.0,13.0,10.5,80.77,0.5,0.0,5.0,1.74,22.0,11.0,9.0,81.82,0.5,0.0,0.0,10.5,5.0,2.5,2.0,1.5,1.0,0.0,0.0,0.0,,80.0,66.67,0.0,1.0,0.0,0.0,0.0,0.0,,1.5,0.0,0.0,1.5,0.5,33.33,0.0,0.0
1207,Liga I (RO),160987,Mihai Lixandru,M. Lixandru,2001-06-05,74.24,22.09,16.89,31,30,1,1279.0,42.63,35.47,83.19,2.07,0.3,4.43,1.59,883.0,29.43,26.23,89.13,0.97,0.47,48.28,26.6,220.0,7.33,5.97,3.07,2.37,0.6,0.27,0.17,62.5,81.36,77.17,0.63,1.3,0.1,0.23,0.27,0.23,87.5,1.4,0.23,16.67,2.0,0.37,18.33,0.1,5.0
1207,Liga I (RO),160994,Octavian Vâlceanu,O. Vâlceanu,1996-10-13,68.2,14.85,21.0,3,3,0,25.0,8.33,2.67,32.0,0.0,0.0,7.59,4.93,8.0,2.67,0.67,25.0,0.0,0.0,,3.0,10.0,3.33,1.67,1.33,0.67,0.0,0.0,0.0,,50.0,50.0,0.0,0.0,0.0,0.0,0.0,0.0,,0.0,0.0,,0.0,0.0,,0.0,
1207,Liga I (RO),160998,Răzvan Trif,R. Trif,1997-10-09,86.93,18.46,26.09,19,19,0,394.0,20.74,11.68,56.34,1.63,0.16,6.05,1.62,221.0,11.63,7.53,64.71,0.68,0.21,30.77,10.53,108.0,5.68,3.11,2.58,1.42,1.58,1.0,0.47,47.37,54.63,55.1,0.05,0.89,0.0,0.32,0.32,0.26,83.33,0.89,0.05,5.88,2.05,0.74,35.9,0.05,2.56
1207,Liga I (RO),160999,Răzvan Onea,R. Onea,1998-05-19,81.9,22.35,21.46,24,24,0,876.0,36.5,29.12,79.8,1.88,0.21,4.38,1.53,654.0,27.25,23.0,84.4,0.83,0.38,45.0,25.5,148.0,6.17,4.38,3.67,2.58,1.54,1.08,0.62,57.69,70.95,70.45,0.08,2.25,0.17,0.33,0.42,0.25,60.0,1.38,0.25,18.18,2.92,1.04,35.71,0.17,5.71
1207,Liga I (RO),161001,Andres Dumitrescu,A. Dumitrescu,2001-03-11,87.24,22.04,23.25,16,16,0,558.0,34.88,21.19,60.75,1.75,0.06,4.4,1.47,366.0,22.88,15.06,65.85,1.44,0.56,39.13,21.44,104.0,6.5,3.25,4.06,1.81,2.19,1.69,0.62,37.04,50.0,44.62,0.06,1.62,0.38,0.19,0.62,0.25,40.0,1.81,0.19,10.35,3.75,1.12,30.0,0.06,1.67
1207,Liga I (RO),163133,Carlos Mora Montoya,C. Mora,2001-03-18,76.64,22.88,16.77,29,29,0,1027.0,35.41,22.93,64.75,3.03,0.41,7.01,2.13,725.0,25.0,16.76,67.03,2.0,0.76,37.93,22.07,313.0,10.79,6.07,6.34,3.0,2.0,1.52,0.66,43.18,56.23,47.28,0.21,1.28,0.17,1.97,0.9,0.1,11.54,3.07,0.69,22.47,4.86,1.38,28.37,0.59,12.06
1207,Liga I (RO),163512,João Paulo Moreira Fernandes,João Paulo,1998-05-26,82.65,23.07,18.58,33,31,2,1231.0,39.71,30.52,76.85,2.84,0.32,5.23,1.51,796.0,25.68,21.0,81.78,1.97,1.03,52.46,19.77,268.0,8.65,6.71,2.9,2.13,1.81,0.94,0.65,68.97,77.61,73.33,0.94,1.71,0.29,0.32,0.29,0.16,55.56,2.84,0.65,22.73,4.58,0.97,21.13,0.45,9.86
1207,Liga I (RO),164925,Ştefan Târnovanu,S. Târnovanu,2000-05-09,98.82,28.84,22.19,25,25,0,484.0,19.36,11.92,61.57,0.16,0.0,4.39,2.73,267.0,10.68,7.56,70.79,0.08,0.08,100.0,10.32,93.0,3.72,2.0,2.2,1.28,0.0,0.0,0.0,,53.76,58.18,0.0,0.0,0.0,0.0,0.08,0.08,100.0,0.16,0.0,0.0,0.28,0.16,57.14,0.0,0.0
1207,Liga I (RO),168342,Siyabonga Ngezana,S. Ngezana,1997-07-15,89.52,26.07,18.91,17,17,0,781.0,45.94,38.71,84.25,1.24,0.0,5.74,2.0,531.0,31.24,28.18,90.21,0.24,0.0,0.0,30.59,209.0,12.29,10.53,5.71,5.12,1.29,0.41,0.24,57.14,85.65,89.69,0.12,0.53,0.0,0.0,0.41,0.24,57.14,0.29,0.06,20.0,0.59,0.0,0.0,0.0,0.0
1207,Liga I (RO),170516,Lóránd Pászka,L. Pászka,1996-03-22,98.5,22.05,29.65,27,26,1,1003.0,38.58,26.31,68.2,2.65,0.23,4.41,1.62,585.0,22.5,16.58,73.68,1.0,0.58,57.69,19.96,180.0,6.92,4.92,3.08,2.0,1.0,0.73,0.5,68.42,71.11,65.0,0.27,0.58,0.08,0.19,0.46,0.27,58.33,1.69,0.35,20.45,2.88,0.65,22.67,0.35,12.0
1207,Liga I (RO),170691,André Miguel Pinto Lopes,Andrezinho,1996-12-01,75.02,19.5,17.23,36,34,2,1208.0,35.53,26.21,73.76,3.59,0.44,5.3,1.57,807.0,23.74,18.06,76.08,3.35,1.91,57.02,17.94,278.0,8.18,5.94,3.71,2.35,1.29,0.91,0.41,45.16,72.66,63.49,0.76,4.47,0.29,0.5,0.32,0.24,72.73,4.53,0.76,16.88,6.18,0.94,15.24,0.82,13.33
1207,Liga I (RO),172196,Rareș Gal,R. Gal,2001-01-25,95.32,25.41,20.73,1,1,0,23.0,23.0,13.0,56.52,0.0,0.0,4.05,2.97,17.0,17.0,9.0,52.94,0.0,0.0,,16.0,4.0,4.0,3.0,2.0,2.0,0.0,0.0,0.0,,75.0,100.0,0.0,0.0,0.0,0.0,0.0,0.0,,0.0,0.0,,0.0,0.0,,0.0,
1207,Liga I (RO),178582,David Miculescu,D. Miculescu,2001-05-02,66.67,20.44,13.69,30,29,1,594.0,20.48,12.21,59.6,4.03,0.31,5.59,1.6,403.0,13.9,8.72,62.78,3.24,1.62,50.0,8.14,133.0,4.59,2.28,2.41,0.9,1.0,0.72,0.17,23.81,49.62,37.14,0.66,0.66,0.69,0.97,0.24,0.03,14.29,4.41,1.07,24.22,6.52,1.14,17.46,1.14,17.46
1207,Liga I (RO),178755,Bálint Szabó,B. Szabó,2001-01-18,52.07,12.13,15.03,15,14,1,306.0,21.86,12.86,58.82,3.07,0.14,6.62,1.99,195.0,13.93,8.43,60.51,1.79,0.71,40.0,10.64,102.0,7.29,3.71,2.57,1.0,0.71,0.0,0.0,,50.98,38.89,0.64,0.86,0.43,0.86,0.36,0.14,40.0,2.5,0.36,14.29,3.57,0.57,16.0,0.64,18.0
1207,Liga I (RO),179805,Ronaldo Deaconu,R. Deaconu,1997-05-13,37.15,8.81,11.35,11,9,2,111.0,12.33,7.56,61.26,1.78,0.0,4.69,1.53,74.0,8.22,5.56,67.57,0.89,0.56,62.5,5.89,24.0,2.67,1.67,1.11,0.67,0.22,0.11,0.11,100.0,62.5,60.0,0.56,0.89,0.0,0.0,0.0,0.0,,1.0,0.33,33.33,2.0,0.44,22.22,0.44,22.22
1207,Liga I (RO),179997,Danel Jordan Dongmo,D. Dongmo,2001-01-31,89.19,21.78,24.2,26,25,1,1166.0,46.64,34.84,74.7,2.52,0.0,5.51,1.69,739.0,29.56,23.6,79.84,0.68,0.32,47.06,23.72,260.0,10.4,7.56,4.6,2.88,1.4,0.84,0.32,38.1,72.69,62.61,1.84,2.0,0.12,0.4,0.44,0.12,27.27,1.76,0.44,25.0,4.4,1.16,26.36,0.28,6.36
1207,Liga I (RO),182518,Manuel Alberto Cunha Lopes,Né Lopes,2000-05-29,79.16,19.22,18.66,21,21,0,708.0,33.71,27.86,82.63,1.43,0.1,4.81,1.85,449.0,21.38,19.24,89.98,0.29,0.0,0.0,20.05,148.0,7.05,6.14,4.29,3.86,0.62,0.24,0.24,100.0,87.16,90.0,0.1,0.19,0.1,0.05,0.1,0.0,0.0,0.29,0.05,16.67,0.43,0.1,22.22,0.1,22.22
1207,Liga I (RO),183574,Aimé Steven Nsimba Labe,S. Nsimba,1996-05-31,58.32,17.5,13.37,34,34,0,622.0,18.29,8.88,48.55,3.03,0.41,6.14,1.62,426.0,12.53,6.47,51.64,3.71,1.62,43.65,6.06,149.0,4.38,1.74,2.62,0.94,1.12,1.0,0.5,50.0,39.6,35.95,0.74,1.68,0.88,1.21,0.06,0.03,50.0,4.79,0.74,15.34,7.32,1.0,13.65,1.53,20.88
1207,Liga I (RO),186507,Eduard Rădăslăvescu,E. Rădăslăvescu,2004-07-30,64.34,18.21,16.06,38,35,3,895.0,25.57,16.94,66.26,4.09,0.26,6.43,1.79,585.0,16.71,11.6,69.4,1.63,0.8,49.12,13.14,243.0,6.94,4.51,3.74,2.34,1.66,1.03,0.57,55.56,65.02,62.6,0.83,2.31,0.43,0.66,0.37,0.14,38.46,2.4,0.29,11.9,3.97,1.03,25.9,0.86,21.58
1207,Liga I (RO),208234,Leonardo Da Costa Bolgado,Léo Bolgado,1998-08-20,66.16,16.73,17.46,17,17,0,510.0,30.0,24.53,81.76,0.88,0.12,4.51,1.74,338.0,19.88,17.71,89.05,0.18,0.06,33.33,18.35,99.0,5.82,4.88,4.06,3.53,0.65,0.29,0.29,100.0,83.84,86.96,0.0,0.12,0.0,0.0,0.18,0.12,66.67,0.18,0.0,0.0,0.29,0.0,0.0,0.06,20.0
1207,Liga I (RO),233305,Cătălin Ionut Cîrjan,C. Cîrjan,2002-12-01,92.56,28.27,20.5,38,36,2,2161.0,60.03,45.78,76.26,5.92,0.58,6.12,1.82,1620.0,45.0,35.44,78.77,3.53,1.97,55.91,37.56,598.0,16.61,12.86,9.81,7.33,1.58,1.11,0.78,70.0,77.43,74.79,1.86,3.31,0.44,1.67,2.28,1.42,62.2,5.06,0.58,11.54,7.33,1.53,20.83,1.64,22.35
1207,Liga I (RO),257441,Lindon Emërllahu,L. Emërllahu,2002-12-07,70.56,18.31,18.85,15,15,0,535.0,35.67,25.27,70.84,6.33,0.53,5.09,1.33,366.0,24.4,16.8,68.85,2.67,1.47,55.0,18.67,105.0,7.0,4.87,4.2,2.47,3.13,2.2,1.07,48.49,69.52,58.73,2.27,4.27,0.67,0.67,0.27,0.07,25.0,3.67,0.67,18.18,6.8,1.53,22.55,2.07,30.39
1207,Liga I (RO),257442,Meriton Korenica,M. Korenica,1996-12-15,75.3,19.09,21.0,36,36,0,1156.0,32.11,20.42,63.58,4.19,0.36,5.08,1.53,784.0,21.78,14.22,65.31,3.36,1.5,44.63,15.28,238.0,6.61,4.17,2.78,1.58,0.97,0.58,0.14,23.81,63.03,57.0,1.19,3.61,0.5,0.75,0.5,0.28,55.56,4.86,0.72,14.86,7.56,0.94,12.5,1.03,13.6
1207,Liga I (RO),293577,Richard Odada,R. Odada,2000-11-25,70.12,17.99,19.1,20,19,1,614.0,32.32,23.68,73.29,2.32,0.16,3.67,1.29,325.0,17.11,14.26,83.38,0.26,0.11,40.0,13.84,90.0,4.74,3.58,1.63,1.16,0.42,0.16,0.11,66.67,75.56,70.97,0.58,0.11,0.0,0.05,0.16,0.11,66.67,0.53,0.05,10.0,1.16,0.32,27.27,0.05,4.54
1207,Liga I (RO),303315,Andrei Coubis,A. Coubis,2003-09-29,93.56,25.71,25.27,14,14,0,787.0,56.21,47.29,84.12,1.21,0.29,5.81,1.96,543.0,38.79,35.29,90.97,0.43,0.07,16.67,36.93,196.0,14.0,11.36,8.64,7.29,2.43,0.86,0.43,50.0,81.12,84.3,0.14,0.57,0.0,0.36,0.43,0.21,50.0,0.71,0.14,20.0,1.14,0.43,37.5,0.07,6.25
1207,Liga I (RO),306322,Andrei Dumiter,A. Dumiter,1999-04-10,55.79,13.9,12.55,33,32,1,460.0,14.38,7.25,50.44,2.5,0.22,7.38,1.79,272.0,8.5,4.62,54.41,2.16,0.97,44.93,4.69,146.0,4.56,2.5,2.56,1.19,1.06,0.91,0.34,37.93,54.79,46.34,1.19,1.22,0.78,0.69,0.22,0.12,57.14,2.44,0.25,10.26,4.22,0.59,14.07,1.19,28.15
1207,Liga I (RO),331350,Enriko Papa,E. Papa,1993-03-12,50.48,13.43,11.18,24,23,1,473.0,20.57,15.13,73.57,1.61,0.26,2.55,0.92,311.0,13.52,10.35,76.53,0.91,0.43,47.62,9.57,38.0,1.65,1.48,0.78,0.65,0.13,0.09,0.09,100.0,89.47,83.33,0.26,0.57,0.09,0.0,0.0,0.0,,1.43,0.13,9.09,2.39,0.22,9.09,0.22,9.09
1207,Liga I (RO),439456,Talisson de Almeida,Talisson,2002-05-21,35.46,10.24,8.06,11,11,0,136.0,12.36,5.45,44.12,1.55,0.0,6.82,1.93,80.0,7.27,3.09,42.5,1.82,0.36,20.0,3.73,42.0,3.82,1.64,2.45,1.09,0.73,0.55,0.36,66.67,42.86,44.44,0.36,0.91,0.09,0.82,0.18,0.18,100.0,2.18,0.09,4.17,3.82,1.27,33.33,0.55,14.28
1207,Liga I (RO),486517,Diogo José Branco Batista,Diogo Batista,2000-04-21,18.5,4.08,5.38,6,6,0,55.0,9.17,7.5,81.82,1.33,0.0,3.92,1.22,35.0,5.83,5.0,85.71,0.67,0.17,25.0,4.17,9.0,1.5,1.5,0.5,0.5,0.0,0.0,0.0,,100.0,100.0,0.17,1.0,0.17,0.0,0.0,0.0,,1.0,0.0,0.0,1.33,0.17,12.5,0.17,12.5
1207,Liga I (RO),507749,Franz Stolz,F. Stolz,2001-02-14,98.7,28.02,23.63,7,7,0,154.0,22.0,14.86,67.53,0.0,0.0,4.35,2.74,90.0,12.86,9.57,74.44,0.14,0.0,0.0,12.14,29.0,4.14,2.43,2.14,1.43,0.0,0.0,0.0,,58.62,66.67,0.0,0.0,0.0,0.0,0.14,0.14,100.0,0.29,0.0,0.0,0.29,0.14,50.0,0.0,0.0
1207,Liga I (RO),513370,Alin Roman,A. Roman,1994-01-27,82.34,20.46,23.23,35,34,1,1102.0,32.41,17.41,53.72,5.68,0.53,5.73,1.53,678.0,19.94,10.74,53.84,2.44,0.97,39.76,13.97,272.0,8.0,3.88,4.62,1.91,1.94,1.5,0.59,39.22,48.53,41.4,1.74,1.09,0.44,0.97,1.03,0.38,37.14,3.5,0.41,11.76,6.06,1.03,16.99,1.12,18.45
1207,Liga I (RO),531633,Ignacio Heras García,Nacho Heras,1997-03-23,40.77,7.17,10.32,4,4,0,37.0,9.25,5.0,54.05,1.5,0.0,6.26,1.89,19.0,4.75,2.75,57.89,1.75,1.0,57.14,2.5,9.0,2.25,1.0,1.5,0.5,0.25,0.25,0.0,0.0,44.44,33.33,0.0,1.0,0.0,0.25,0.5,0.5,100.0,2.0,0.25,12.5,3.25,0.75,23.08,0.75,23.08
1207,Liga I (RO),556099,Daniel Bîrligea,D. Bîrligea,2000-04-19,73.93,22.47,14.99,23,22,1,500.0,22.73,11.91,52.4,5.5,0.32,5.61,1.4,326.0,14.82,8.14,54.91,3.73,1.73,46.34,7.23,126.0,5.73,2.45,3.36,1.23,1.55,1.18,0.32,26.92,42.86,36.49,1.18,1.59,1.5,1.45,0.23,0.05,20.0,5.59,0.45,8.13,8.09,1.59,19.66,2.14,26.4
1207,Liga I (RO),562467,Paulo Rafael Pereira Araújo,Paulinho,1999-09-21,54.61,14.34,12.14,17,16,1,202.0,12.62,6.19,49.01,2.38,0.44,5.33,1.47,121.0,7.56,4.0,52.89,1.75,0.81,46.43,4.06,51.0,3.19,1.5,1.94,0.75,0.75,0.62,0.06,10.0,47.06,38.71,0.31,1.62,0.56,0.06,0.06,0.06,100.0,1.94,0.38,19.35,3.75,1.06,28.33,0.5,13.33
1207,Liga I (RO),569401,Enzo Adrián López,E. López,1998-03-10,48.97,12.45,10.57,13,13,0,117.0,9.0,5.23,58.12,2.0,0.23,3.7,1.03,71.0,5.46,3.08,56.34,1.69,0.85,50.0,2.31,18.0,1.38,0.62,0.54,0.15,0.23,0.23,0.0,0.0,44.44,28.57,0.23,0.85,0.31,0.08,0.0,0.0,,2.15,0.31,14.29,3.0,0.38,12.82,0.69,23.08
1207,Liga I (RO),583456,Luka Gojković,L. Gojković,1999-11-28,36.18,10.52,9.16,17,16,1,279.0,17.44,11.31,64.87,2.0,0.0,5.62,1.57,190.0,11.88,8.38,70.53,1.88,1.06,56.67,8.62,69.0,4.31,2.25,2.38,1.12,1.19,0.94,0.38,40.0,52.17,47.37,0.56,1.31,0.19,0.19,0.69,0.31,45.45,2.62,0.25,9.52,3.62,0.5,13.79,0.81,22.41
1207,Liga I (RO),611067,Cristian Ignat,C. Ignat,2003-01-29,75.95,15.75,22.37,7,7,0,184.0,26.29,20.0,76.09,1.71,0.14,3.63,1.35,113.0,16.14,13.57,84.07,0.14,0.0,0.0,14.71,27.0,3.86,2.86,2.57,1.86,0.29,0.0,0.0,,74.07,72.22,0.0,0.14,0.0,0.0,0.0,0.0,,0.14,0.0,0.0,0.29,0.0,0.0,0.0,0.0
1207,Liga I (RO),611069,Dan Sîrbu,D. Sîrbu,2003-04-22,62.35,18.0,16.0,17,16,1,483.0,30.19,24.56,81.37,2.06,0.0,5.05,1.54,306.0,19.12,16.56,86.6,0.56,0.31,55.56,17.94,110.0,6.88,5.75,3.94,3.44,1.25,0.69,0.5,72.73,83.64,87.3,0.06,1.06,0.19,0.06,0.06,0.0,0.0,0.88,0.19,21.43,1.5,0.25,16.67,0.19,12.5
1207,Liga I (RO),616456,Kalifa Kujabi,K. Kujabi,2000-03-05,51.58,12.64,15.31,9,9,0,238.0,26.44,21.0,79.41,1.78,0.11,3.19,1.13,169.0,18.78,15.67,83.43,0.89,0.33,37.5,15.22,27.0,3.0,2.33,1.11,0.89,0.22,0.11,0.11,100.0,77.78,80.0,0.11,1.0,0.11,0.11,0.22,0.11,50.0,1.89,0.33,17.65,2.44,0.22,9.09,0.33,13.64
1207,Liga I (RO),641171,Răzvan Paşcalău,R. Paşcalău,2004-05-05,3.56,0.1,0.81,1,1,0,0.0,0.0,0.0,,0.0,0.0,,,0.0,0.0,0.0,,0.0,0.0,,0.0,0.0,0.0,0.0,0.0,0.0,0.0,0.0,0.0,,,,0.0,0.0,0.0,0.0,0.0,0.0,,0.0,0.0,,0.0,0.0,,0.0,
1207,Liga I (RO),641514,Valon Hamdiu,V. Hamdiu,1998-06-10,83.05,18.98,23.35,19,17,2,544.0,32.0,24.0,75.0,1.41,0.06,2.83,1.14,305.0,17.94,15.18,84.59,0.35,0.06,16.67,15.0,53.0,3.12,2.41,1.18,0.76,0.29,0.06,0.06,100.0,77.36,65.0,0.35,0.0,0.0,0.53,0.0,0.0,,0.59,0.12,20.0,1.53,0.18,11.54,0.06,3.85
1207,Liga I (RO),649613,Constantin Grameni,C. Grameni,2002-10-23,66.99,18.22,17.69,28,27,1,916.0,33.93,25.93,76.42,2.89,0.41,2.5,0.98,602.0,22.3,18.0,80.73,1.22,0.59,48.49,17.74,72.0,2.67,2.22,1.37,1.07,0.22,0.11,0.07,66.67,83.33,78.38,0.59,0.78,0.15,0.11,0.07,0.04,50.0,2.26,0.3,13.11,3.44,0.74,21.51,0.33,9.68
1207,Liga I (RO),649614,Mihai Popescu,M. Popescu,1993-05-07,85.83,22.89,19.14,18,18,0,722.0,40.11,31.56,78.67,1.28,0.06,5.6,1.84,460.0,25.56,22.11,86.52,0.17,0.06,33.33,24.22,170.0,9.44,7.5,6.17,4.83,1.28,0.78,0.39,50.0,79.41,78.38,0.06,0.28,0.0,0.22,0.89,0.39,43.75,0.17,0.0,0.0,0.72,0.33,46.15,0.11,15.38
1207,Liga I (RO),649615,Ionuț Cojocaru,I. Cojocaru,2003-07-28,30.3,8.82,6.39,21,19,2,241.0,12.68,7.05,55.6,2.37,0.16,8.13,2.19,177.0,9.32,5.47,58.76,0.89,0.47,52.94,7.42,84.0,4.42,1.95,2.74,1.0,0.74,0.63,0.21,33.33,44.05,36.54,0.68,1.42,0.16,0.84,0.32,0.05,16.67,1.47,0.21,14.29,2.95,0.79,26.78,0.63,21.43
1207,Liga I (RO),649617,Gustavo Henrique Marins Silva,Gustavo Marins,2002-02-11,91.42,24.54,25.57,12,11,1,511.0,46.45,37.82,81.41,1.09,0.0,4.6,1.65,336.0,30.55,28.36,92.86,0.09,0.0,0.0,29.36,96.0,8.73,7.45,4.64,4.18,0.82,0.27,0.09,33.33,85.42,90.2,0.0,0.0,0.09,0.0,0.0,0.0,,0.09,0.0,0.0,0.09,0.0,0.0,0.09,100.0
1207,Liga I (RO),649619,Basilio Ndong Owono Nchamaaa,Basilio Ndong,1999-01-17,42.02,8.04,9.71,1,1,0,15.0,15.0,12.0,80.0,0.0,0.0,4.67,1.55,12.0,12.0,9.0,75.0,0.0,0.0,,9.0,2.0,2.0,1.0,1.0,0.0,0.0,0.0,0.0,,50.0,0.0,0.0,3.0,0.0,0.0,0.0,0.0,,1.0,0.0,0.0,1.0,1.0,100.0,0.0,0.0
1207,Liga I (RO),649620,Juraj Badelj,J. Badelj,2003-08-24,58.28,17.27,14.48,12,12,0,391.0,32.58,25.92,79.54,0.75,0.17,5.29,1.81,258.0,21.5,18.83,87.6,0.17,0.08,50.0,21.17,87.0,7.25,5.92,4.92,4.0,1.08,0.58,0.42,71.43,81.61,81.36,0.08,0.17,0.0,0.08,0.33,0.25,75.0,0.25,0.0,0.0,0.42,0.17,40.0,0.0,0.0
1207,Liga I (RO),654338,Andres Emil Sfait,A. Sfait,2004-12-09,53.79,13.59,14.39,16,16,0,325.0,20.31,12.44,61.23,1.94,0.12,7.35,1.98,216.0,13.5,8.44,62.5,2.06,0.94,45.45,10.31,103.0,6.44,3.56,4.06,2.06,1.56,1.06,0.25,23.53,55.34,50.77,0.12,1.81,0.12,0.38,0.88,0.19,21.43,2.69,0.19,6.98,3.81,0.75,19.67,0.12,3.28
1207,Liga I (RO),687072,Norbert Gábor Kaján,N. Kaján,2004-09-11,6.55,0.89,3.18,1,1,0,0.0,0.0,0.0,,0.0,0.0,,,0.0,0.0,0.0,,0.0,0.0,,0.0,0.0,0.0,0.0,0.0,0.0,0.0,0.0,0.0,,,,0.0,0.0,0.0,0.0,0.0,0.0,,0.0,0.0,,0.0,0.0,,0.0,
1207,Liga I (RO),689058,Alexandru Ișfan,A. Ișfan,2000-01-31,83.86,23.59,21.11,37,34,3,796.0,23.41,11.76,50.25,4.71,0.5,6.36,1.66,512.0,15.06,7.53,50.0,3.53,1.44,40.83,8.76,218.0,6.41,3.21,3.79,1.76,1.76,1.53,0.41,26.92,50.0,46.51,1.47,1.85,1.12,0.85,0.29,0.15,50.0,4.38,0.59,13.42,7.76,1.76,22.73,2.06,26.52
1207,Liga I (RO),689059,Victor Dican,V. Dican,2000-10-11,75.56,20.57,19.45,31,28,3,895.0,31.96,25.07,78.44,1.39,0.11,3.51,1.26,505.0,18.04,15.82,87.72,0.46,0.25,53.85,15.18,107.0,3.82,3.18,1.71,1.36,0.39,0.18,0.14,80.0,83.18,79.17,0.36,0.54,0.0,0.11,0.0,0.0,,0.75,0.04,4.76,1.71,0.46,27.08,0.18,10.42
1207,Liga I (RO),689060,Andrei Gorcea,A. Gorcea,2001-08-02,94.46,24.07,26.37,22,21,1,415.0,19.76,11.62,58.79,0.14,0.0,3.61,2.5,256.0,12.19,7.81,64.06,0.29,0.14,50.0,11.95,58.0,2.76,1.67,1.76,1.14,0.0,0.0,0.0,,60.35,64.86,0.0,0.0,0.0,0.0,0.1,0.1,100.0,0.52,0.14,27.27,0.62,0.24,38.46,0.0,0.0
1207,Liga I (RO),689061,Valentin Țicu,V. Țicu,2000-09-19,27.16,8.87,5.26,7,7,0,59.0,8.43,5.43,64.41,0.43,0.0,3.1,1.26,38.0,5.43,3.57,65.79,0.14,0.14,100.0,5.0,6.0,0.86,0.43,0.43,0.0,0.29,0.14,0.0,0.0,50.0,0.0,0.0,1.0,0.0,0.0,0.14,0.14,100.0,0.29,0.14,50.0,0.29,0.0,0.0,0.0,0.0
1207,Liga I (RO),705095,Mykola Kovtalyuk,M. Kovtalyuk,1995-04-26,46.85,13.1,10.37,27,27,0,293.0,10.85,6.33,58.36,2.0,0.33,3.63,1.06,157.0,5.81,3.63,62.42,2.07,1.07,51.79,1.56,41.0,1.52,1.07,0.63,0.33,0.22,0.19,0.07,40.0,70.73,52.94,0.44,1.37,0.33,0.07,0.07,0.04,50.0,2.63,0.44,16.9,3.59,0.44,12.37,0.93,25.77
1207,Liga I (RO),715451,João Pedro Santos Lameira,João Lameira,1999-04-19,94.06,23.55,22.36,31,29,2,1271.0,43.83,33.97,77.5,3.28,0.28,3.66,1.21,820.0,28.28,23.69,83.78,1.38,0.69,50.0,22.17,183.0,6.31,4.79,2.79,2.03,0.97,0.69,0.38,55.0,75.96,72.84,1.14,1.9,0.24,0.41,0.34,0.17,50.0,2.41,0.1,4.29,4.28,1.21,28.23,0.79,18.55
1207,Liga I (RO),716278,Aboubacar Camara,A. Camara,2001-01-05,89.39,21.17,25.63,25,21,4,640.0,30.48,23.48,77.03,0.71,0.0,5.08,1.69,357.0,17.0,14.52,85.43,0.19,0.05,25.0,16.0,142.0,6.76,5.19,2.67,2.1,0.62,0.1,0.1,100.0,76.76,78.57,0.0,0.14,0.05,0.05,0.52,0.29,54.55,0.24,0.0,0.0,0.71,0.14,20.0,0.0,0.0
1207,Liga I (RO),719364,Szabolcs Szalay,S. Szalay,2002-02-17,43.53,9.68,13.73,31,29,2,326.0,11.24,7.24,64.42,1.72,0.1,5.62,1.69,221.0,7.62,5.28,69.23,1.0,0.55,55.17,5.38,80.0,2.76,1.72,1.28,0.66,0.62,0.48,0.21,42.86,62.5,51.35,0.17,1.28,0.21,0.1,0.21,0.1,50.0,1.45,0.24,16.67,2.48,0.28,11.11,0.38,15.28
1207,Liga I (RO),727190,Raul Opruț,R. Opruț,1998-01-04,90.58,27.37,20.45,39,37,2,1602.0,43.3,33.11,76.47,2.95,0.27,3.44,1.21,1140.0,30.81,25.11,81.49,2.0,1.16,58.11,28.3,216.0,5.84,4.03,2.54,1.65,1.62,0.76,0.38,50.0,68.98,64.89,0.11,1.7,0.46,0.27,0.14,0.08,60.0,3.05,0.7,23.01,4.43,0.92,20.73,0.41,9.15
1207,Liga I (RO),728575,Ricardo José Veiga Varzim Miranda,Ricardinho,1994-03-24,88.18,21.5,24.14,36,34,2,1174.0,34.53,22.41,64.91,1.79,0.09,3.27,1.23,767.0,22.56,15.68,69.49,1.85,0.94,50.79,20.65,148.0,4.35,2.74,2.53,1.59,0.88,0.53,0.18,33.33,62.84,62.79,0.06,1.59,0.21,0.35,0.18,0.06,33.33,2.59,0.26,10.23,3.94,0.79,20.15,0.26,6.72
1207,Liga I (RO),728578,Robert Popescu,R. Popescu,2003-03-09,32.76,6.87,9.93,2,2,0,26.0,13.0,9.5,73.08,1.5,0.0,5.62,1.75,16.0,8.0,7.0,87.5,1.0,1.0,100.0,6.5,7.0,3.5,2.5,1.5,1.0,0.5,0.5,0.5,100.0,71.43,66.67,0.5,1.0,0.0,0.0,0.5,0.0,0.0,1.5,0.0,0.0,1.5,0.5,33.33,0.0,0.0
1207,Liga I (RO),728581,Aurelian Chițu,A. Chițu,1991-03-25,68.4,16.87,19.79,35,33,2,832.0,25.21,17.27,68.51,2.76,0.52,6.19,1.85,570.0,17.27,12.39,71.75,3.88,2.3,59.38,10.79,214.0,6.48,4.21,3.15,1.79,1.0,0.79,0.24,30.77,64.95,56.73,0.76,2.36,0.79,0.67,0.39,0.12,30.77,5.21,1.21,23.26,7.27,1.18,16.25,1.12,15.42
1207,Liga I (RO),728582,Ionuț Gurău,I. Gurău,1999-03-27,99.47,21.2,26.77,8,8,0,125.0,15.62,8.12,52.0,0.0,0.0,4.39,3.16,52.0,6.5,4.5,69.23,0.0,0.0,,6.5,28.0,3.5,1.25,1.88,0.62,0.0,0.0,0.0,,35.71,33.33,0.0,0.0,0.0,0.0,0.12,0.12,100.0,0.12,0.12,100.0,0.12,0.0,0.0,0.0,0.0
1207,Liga I (RO),728597,Takayuki Seto,T. Seto,1986-02-05,27.21,4.79,8.29,13,11,2,72.0,6.55,4.73,72.22,0.45,0.0,2.75,0.97,26.0,2.36,2.09,88.46,0.09,0.09,100.0,1.91,6.0,0.55,0.36,0.09,0.09,0.09,0.0,0.0,,66.67,100.0,0.09,0.0,0.0,0.0,0.0,0.0,,0.18,0.09,50.0,0.55,0.27,50.0,0.18,33.33
1207,Liga I (RO),728598,Iustin Răducan,I. Răducan,2005-07-20,,,,1,0,1,,,,,,,,,,,,,,,,,,,,,,,,,,,,,,,,,,,,,,,,,,
1207,Liga I (RO),728600,Mihnea Rădulescu,M. Rădulescu,2005-09-17,66.43,19.36,15.54,13,13,0,388.0,29.85,20.0,67.01,2.85,0.23,5.65,1.92,274.0,21.08,15.15,71.9,2.31,1.15,50.0,17.77,100.0,7.69,5.0,4.23,2.69,0.77,0.62,0.46,75.0,65.0,63.64,0.08,2.31,0.0,0.46,0.69,0.38,55.56,3.62,0.92,25.53,5.46,1.23,22.53,0.69,12.68
1207,Liga I (RO),728601,Lucian Dumitriu,L. Dumitriu,1992-09-21,18.8,3.61,3.62,2,2,0,9.0,4.5,3.0,66.66,0.5,0.0,2.14,0.88,7.0,3.5,2.5,71.43,0.0,0.0,,4.0,1.0,0.5,0.0,0.5,0.0,0.0,0.0,0.0,,0.0,0.0,0.0,0.0,0.0,0.0,0.0,0.0,,0.5,0.0,0.0,1.0,0.5,50.0,0.0,0.0
1207,Liga I (RO),728603,Dorinel Oancea,D. Oancea,1997-04-02,79.53,17.82,21.19,26,23,3,781.0,33.96,21.35,62.87,1.96,0.04,4.98,1.65,468.0,20.35,13.7,67.31,1.61,0.48,29.73,18.22,158.0,6.87,3.87,3.09,1.78,1.74,1.09,0.52,48.0,56.33,57.75,0.17,1.3,0.09,0.35,0.96,0.48,50.0,2.48,0.17,7.02,3.7,0.57,15.29,0.26,7.06
1207,Liga I (RO),728613,Alexandru Irimia,A. Irimia,2006-05-12,47.7,11.26,13.19,25,22,3,359.0,16.32,10.32,63.23,1.55,0.14,5.64,1.55,217.0,9.86,7.0,70.97,1.23,0.64,51.85,6.91,76.0,3.45,2.27,1.86,1.14,0.77,0.64,0.27,42.86,65.79,60.98,0.64,2.0,0.14,0.18,0.27,0.23,83.33,1.91,0.41,21.43,2.77,0.27,9.84,0.18,6.56
1207,Liga I (RO),728615,Cristian Mihai,C. Mihai,2004-09-23,40.55,12.18,9.1,25,25,0,507.0,20.28,15.0,73.96,1.32,0.12,3.72,1.24,373.0,14.92,11.92,79.89,0.76,0.32,42.11,12.64,57.0,2.28,1.84,0.92,0.72,0.32,0.2,0.08,40.0,80.7,78.26,0.6,1.28,0.08,0.12,0.28,0.12,42.86,1.16,0.12,10.35,1.84,0.2,10.87,0.08,4.35
1207,Liga I (RO),728616,Alexandru Benga,A. Benga,1989-06-15,59.08,14.4,16.52,24,23,1,501.0,21.78,17.61,80.84,0.52,0.04,4.6,1.46,307.0,13.35,12.22,91.53,0.09,0.0,0.0,12.57,96.0,4.17,3.7,2.17,1.96,0.91,0.35,0.35,100.0,88.54,90.0,0.0,0.04,0.0,0.0,0.04,0.0,0.0,0.13,0.0,0.0,0.3,0.04,14.29,0.09,28.57
1207,Liga I (RO),728617,Rareș Pop,R. Pop,2005-06-14,67.71,18.04,17.53,22,21,1,548.0,26.1,14.86,56.93,3.0,0.33,6.4,1.74,366.0,17.43,10.43,59.84,2.48,1.1,44.23,12.86,156.0,7.43,3.38,4.1,1.57,1.48,1.29,0.38,29.63,45.51,38.37,0.57,1.24,0.24,1.1,0.71,0.29,40.0,3.48,0.38,10.96,5.52,1.19,21.55,0.71,12.93
1207,Liga I (RO),728627,Andrei Rus,A. Rus,2002-05-14,25.2,5.58,7.05,8,7,1,51.0,7.29,4.0,54.9,0.14,0.0,3.27,1.15,34.0,4.86,3.0,61.77,0.29,0.0,0.0,4.71,6.0,0.86,0.29,0.43,0.0,0.14,0.14,0.0,0.0,33.33,0.0,0.0,0.57,0.0,0.0,0.0,0.0,,0.43,0.14,33.33,0.57,0.0,0.0,0.14,25.0
1207,Liga I (RO),728629,Juri Cisotti,J. Cisotti,1993-05-05,76.79,22.4,16.63,36,35,1,1172.0,33.49,23.03,68.77,3.74,0.23,4.33,1.36,830.0,23.71,16.94,71.45,3.14,1.63,51.82,17.14,195.0,5.57,2.89,3.57,1.63,1.6,1.23,0.54,44.19,51.79,45.6,0.69,3.4,0.8,0.43,0.37,0.2,53.85,4.86,0.89,18.23,7.66,1.54,20.15,1.11,14.55
1207,Liga I (RO),728631,Samuel Teles Pereira Nunes Silva,Samuel Teles,1997-02-28,51.85,15.91,11.82,32,32,0,946.0,29.56,20.81,70.4,2.56,0.22,5.86,1.75,668.0,20.88,15.19,72.75,2.0,1.0,50.0,17.06,231.0,7.22,4.97,4.0,2.47,1.16,0.81,0.31,38.46,68.83,61.72,0.5,2.31,0.44,0.5,0.44,0.12,28.57,2.91,0.38,12.9,4.12,0.81,19.7,0.5,12.12
1207,Liga I (RO),728637,Ştefan Bodişteanu,Ş. Bodişteanu,2003-02-01,41.84,11.07,9.49,33,32,1,573.0,17.91,10.88,60.73,2.22,0.16,7.23,2.0,397.0,12.41,8.19,66.0,1.44,0.5,34.78,9.06,184.0,5.75,3.78,3.19,1.94,1.22,0.81,0.44,53.85,65.76,60.78,0.84,1.0,0.28,0.62,0.41,0.31,76.92,2.47,0.47,18.99,3.88,0.69,17.74,0.59,15.32
1207,Liga I (RO),728647,Baba Alhassan,Baba Alhassan,2000-01-03,49.61,14.26,10.69,26,25,1,701.0,28.04,23.64,84.31,1.52,0.12,4.72,1.49,481.0,19.24,16.8,87.32,0.16,0.0,0.0,16.28,128.0,5.12,4.28,2.56,2.04,0.56,0.4,0.28,70.0,83.59,79.69,0.36,0.72,0.0,0.4,0.4,0.28,70.0,0.68,0.2,29.41,1.48,0.16,10.81,0.04,2.7
1207,Liga I (RO),728648,Ciprian Biceanu,C. Biceanu,1994-02-26,40.33,9.61,12.43,17,16,1,303.0,18.94,14.69,77.56,1.06,0.06,3.87,1.42,212.0,13.25,10.56,79.72,1.06,0.81,76.47,10.5,48.0,3.0,2.5,1.5,1.25,0.12,0.06,0.06,100.0,83.33,83.33,0.25,0.56,0.0,0.12,0.44,0.31,71.43,1.94,0.31,16.13,2.56,0.31,12.19,0.06,2.44
1207,Liga I (RO),728649,Daniel Paraschiv,D. Paraschiv,1999-04-24,60.72,16.77,15.83,17,17,0,191.0,11.24,6.94,61.78,2.41,0.41,2.54,0.85,121.0,7.12,4.88,68.6,2.35,1.41,60.0,3.35,16.0,0.94,0.47,0.59,0.24,0.24,0.24,0.06,25.0,50.0,40.0,0.35,0.82,0.47,0.06,0.06,0.06,100.0,3.35,0.47,14.04,4.47,0.59,13.16,1.12,25.0
1207,Liga I (RO),728650,Alexandru Oroian,A. Oroian,2001-01-27,43.93,10.74,13.62,15,14,1,250.0,17.86,11.36,63.6,1.21,0.0,5.68,1.73,173.0,12.36,8.21,66.47,1.36,0.57,42.11,9.0,57.0,4.07,2.71,2.29,1.29,0.36,0.36,0.14,40.0,66.67,56.25,0.36,0.93,0.14,0.21,0.5,0.29,57.14,2.36,0.36,15.15,3.57,0.5,14.0,0.36,10.0
1207,Liga I (RO),728651,Ionuț Stoica,I. Stoica,1988-01-06,87.01,22.22,24.42,26,25,1,780.0,31.2,26.0,83.33,0.64,0.04,4.24,1.6,421.0,16.84,16.08,95.49,0.16,0.16,100.0,16.16,150.0,6.0,5.4,2.08,2.04,0.76,0.0,0.0,,90.0,98.08,0.0,0.0,0.0,0.04,0.12,0.08,66.67,0.28,0.08,28.57,0.36,0.08,22.22,0.04,11.11
1207,Liga I (RO),728652,Sota Mino,S. Mino,1994-10-20,67.6,16.53,19.23,24,23,1,710.0,30.87,22.91,74.23,1.83,0.04,4.44,1.41,438.0,19.04,15.13,79.45,0.7,0.39,56.25,16.0,123.0,5.35,3.91,2.26,1.48,0.78,0.39,0.13,33.33,73.17,65.39,0.22,1.09,0.04,0.26,0.17,0.13,75.0,1.26,0.17,13.79,2.57,0.61,23.73,0.17,6.78
1207,Liga I (RO),728653,Marius Antoche,M. Antoche,1992-06-21,96.13,20.58,27.87,30,28,2,882.0,31.5,22.75,72.22,1.0,0.11,5.12,1.68,503.0,17.96,15.14,84.29,0.29,0.04,12.5,16.68,211.0,7.54,5.75,3.93,3.29,0.89,0.18,0.11,60.0,76.3,83.64,0.04,0.11,0.0,0.0,0.36,0.21,60.0,0.5,0.18,35.71,0.75,0.21,28.57,0.0,0.0
1207,Liga I (RO),728654,Vlad Muțiu,V. Muțiu,1995-02-02,84.56,15.78,27.25,4,4,0,70.0,17.5,9.75,55.71,0.0,0.0,5.04,3.24,28.0,7.0,4.5,64.29,0.0,0.0,,6.5,14.0,3.5,1.5,2.0,0.75,0.0,0.0,0.0,,42.86,37.5,0.0,0.0,0.0,0.0,0.0,0.0,,0.0,0.0,,0.25,0.0,0.0,0.0,0.0
1207,Liga I (RO),729179,Andrei Cosmin Gheorghiță,A. Gheorghiță,2002-07-16,39.54,10.88,11.65,17,16,1,207.0,12.94,8.12,62.8,1.25,0.19,5.62,1.56,151.0,9.44,5.94,62.91,1.88,0.62,33.33,5.88,48.0,3.0,1.56,1.69,0.81,0.69,0.56,0.12,22.22,52.08,48.15,0.38,0.81,0.06,0.12,0.06,0.06,100.0,2.5,0.12,5.0,3.94,0.5,12.7,0.38,9.52
1207,Liga I (RO),729180,Christ Sarkodje Kouadio,C. Kouadio,2000-12-23,70.98,18.25,18.95,16,14,2,355.0,25.36,16.64,65.63,1.57,0.29,5.57,1.68,233.0,16.64,11.14,66.95,0.86,0.14,16.67,15.43,84.0,6.0,4.0,3.71,2.43,1.21,0.64,0.36,55.56,66.67,65.39,0.0,1.36,0.14,0.64,0.14,0.0,0.0,1.5,0.07,4.76,2.43,0.29,11.76,0.07,2.94
1207,Liga I (RO),729182,Antonio Dumitru,A. Dumitru,2004-11-02,52.58,14.55,10.95,6,6,0,95.0,15.83,8.17,51.58,1.67,0.0,8.52,2.54,62.0,10.33,5.67,54.84,0.67,0.33,50.0,7.83,37.0,6.17,2.83,4.17,1.33,0.83,0.67,0.17,25.0,45.94,32.0,0.17,0.33,0.17,0.67,0.83,0.33,40.0,1.67,0.17,10.0,3.5,1.67,47.62,0.5,14.29
1207,Liga I (RO),730138,Cosmin Dur-Bozoancă,C. Dur-Bozoancă,1998-02-15,97.31,24.65,23.17,32,30,2,613.0,20.43,11.37,55.63,0.17,0.03,3.78,2.95,366.0,12.2,7.93,65.03,0.2,0.07,33.33,11.87,87.0,2.9,1.37,1.53,0.6,0.0,0.0,0.0,,47.13,39.13,0.0,0.0,0.0,0.0,0.03,0.0,0.0,0.3,0.07,22.22,0.53,0.2,37.5,0.0,0.0
1207,Liga I (RO),730139,Răzvan Andrei Tănasă,R. Tănasă,2003-04-28,76.04,21.67,18.55,37,34,3,866.0,25.47,14.41,56.58,3.47,0.26,6.04,1.65,526.0,15.47,8.94,57.8,2.71,1.09,40.22,10.26,235.0,6.91,3.65,3.26,1.35,1.56,0.97,0.29,30.3,52.77,41.44,0.88,1.68,0.53,0.79,0.32,0.15,45.45,3.79,0.68,17.83,6.09,0.94,15.46,1.0,16.42
1207,Liga I (RO),730142,Răzvan Creţ ,R. Creţ,2006-05-29,82.15,22.73,18.27,21,21,0,701.0,33.38,22.81,68.33,1.67,0.1,5.17,1.53,423.0,20.14,14.67,72.81,1.14,0.62,54.17,18.48,150.0,7.14,4.43,4.1,2.48,1.95,1.14,0.71,62.5,62.0,60.47,0.1,3.14,0.05,0.33,0.38,0.1,25.0,1.86,0.29,15.38,3.19,0.9,28.36,0.43,13.43
1207,Liga I (RO),730143,Andrei  Dragu,A. Dragu,1999-10-07,63.43,13.18,19.19,27,25,2,574.0,22.96,14.12,61.5,1.48,0.12,5.6,1.81,350.0,14.0,9.24,66.0,1.36,0.36,26.47,11.56,138.0,5.52,3.08,2.76,1.32,1.16,0.8,0.36,45.0,55.8,47.83,0.2,1.76,0.04,0.52,0.48,0.24,50.0,1.84,0.16,8.7,2.8,0.8,28.57,0.32,11.43
1207,Liga I (RO),730144,Gabriel David,G. David,2003-02-11,32.12,7.51,8.1,10,10,0,88.0,8.8,5.2,59.09,1.0,0.0,4.27,1.18,51.0,5.1,3.4,66.67,0.5,0.3,60.0,3.1,18.0,1.8,1.0,0.9,0.5,0.5,0.3,0.1,33.33,55.56,55.56,0.4,0.5,0.2,0.0,0.1,0.1,100.0,0.6,0.0,0.0,1.3,0.4,30.77,0.2,15.38
1207,Liga I (RO),730148,Guilherme Gomes Garutti,Guilherme Garutti,1994-03-08,69.43,14.03,19.61,21,18,3,313.0,17.39,11.61,66.77,0.61,0.0,3.06,1.2,131.0,7.28,6.17,84.73,0.06,0.0,0.0,6.83,32.0,1.78,1.44,0.61,0.56,0.17,0.0,0.0,,81.25,90.91,0.0,0.0,0.0,0.0,0.06,0.06,100.0,0.06,0.0,0.0,0.17,0.0,0.0,0.06,33.33
1207,Liga I (RO),730149,Zoran Mitrov,Z. Mitrov,2002-01-29,60.77,15.48,13.72,34,33,1,593.0,17.97,9.03,50.25,3.24,0.33,6.9,1.96,398.0,12.06,6.24,51.76,2.73,0.94,34.44,7.24,199.0,6.03,2.91,3.55,1.67,1.03,0.7,0.24,34.78,48.24,47.01,0.85,1.97,0.58,1.42,0.36,0.18,50.0,3.88,0.55,14.06,5.91,1.52,25.64,1.24,21.02
1207,Liga I (RO),731471,André Seruca Oliveira,André Seruca,2000-10-29,18.41,6.19,3.15,5,5,0,62.0,12.4,9.6,77.42,0.4,0.0,3.71,1.44,39.0,7.8,6.4,82.05,0.0,0.0,,6.8,12.0,2.4,1.8,0.6,0.4,0.4,0.0,0.0,,75.0,66.67,0.0,0.2,0.0,0.0,0.0,0.0,,0.0,0.0,,0.6,0.0,0.0,0.0,0.0
1207,Liga I (RO),733158,Adams Friday,A. Friday,2002-11-23,59.68,17.15,12.44,23,23,0,542.0,23.57,16.57,70.3,1.65,0.04,5.66,1.69,350.0,15.22,11.65,76.57,0.87,0.57,65.0,13.39,130.0,5.65,3.48,3.13,1.78,1.3,0.87,0.43,50.0,61.54,56.94,0.17,1.26,0.04,0.35,0.35,0.09,25.0,1.43,0.39,27.27,2.61,0.61,23.33,0.13,5.0
1207,Liga I (RO),734136,David Irimia,D. Irimia,2006-05-12,71.5,18.42,19.58,25,22,3,565.0,25.68,16.95,66.02,1.95,0.18,6.1,1.79,378.0,17.18,12.14,70.63,1.73,0.73,42.1,14.05,158.0,7.18,4.27,4.09,2.36,1.59,1.05,0.41,39.13,59.49,57.78,0.64,3.0,0.27,0.45,0.5,0.32,63.64,2.55,0.32,12.5,4.36,1.05,23.96,0.41,9.37
1207,Liga I (RO),734476,Atanas Trică,A. Trică,2004-07-09,35.27,10.81,8.71,24,23,1,147.0,6.39,3.91,61.22,0.91,0.04,3.59,1.12,108.0,4.7,3.0,63.89,0.87,0.39,45.0,1.78,21.0,0.91,0.39,0.52,0.17,0.22,0.13,0.04,33.33,42.86,33.33,0.17,0.74,0.22,0.13,0.0,0.0,,1.57,0.17,11.11,2.74,0.26,9.52,0.48,17.46
1207,Liga I (RO),734842,Iustin Chirilă,I. Chirilă,2006-05-21,100.73,26.77,26.01,3,2,1,44.0,22.0,10.5,47.73,0.0,0.0,2.93,2.71,27.0,13.5,7.5,55.56,0.5,0.0,0.0,12.0,3.0,1.5,1.5,0.5,0.5,0.0,0.0,0.0,,100.0,100.0,0.0,0.0,0.0,0.0,0.0,0.0,,1.0,0.0,0.0,1.0,0.0,0.0,0.0,0.0
1207,Liga I (RO),737363,Andrei Marginean,A. Marginean,2001-07-03,64.72,19.57,14.71,23,23,0,840.0,36.52,28.52,78.1,2.13,0.09,3.21,1.2,571.0,24.83,21.0,84.59,0.96,0.52,54.55,22.3,78.0,3.39,2.3,1.83,1.3,0.87,0.48,0.17,36.36,67.95,71.43,0.57,0.96,0.13,0.09,0.09,0.0,0.0,1.43,0.13,9.09,2.09,0.65,31.25,0.3,14.58
1207,Liga I (RO),738990,André Lourenço Duarte,André Duarte,1997-09-12,84.9,26.49,18.01,13,12,1,649.0,54.08,44.83,82.9,1.17,0.0,5.57,2.15,446.0,37.17,32.42,87.22,0.25,0.08,33.33,35.42,151.0,12.58,9.92,7.83,6.17,0.92,0.33,0.08,25.0,78.81,78.72,0.0,0.25,0.0,0.08,0.75,0.33,44.44,0.42,0.0,0.0,0.5,0.08,16.66,0.0,0.0
1207,Liga I (RO),739427,Luca Mihai,L. Mihai,2003-10-11,39.81,11.04,10.47,14,14,0,318.0,22.71,18.86,83.02,1.64,0.07,5.32,1.72,208.0,14.86,13.5,90.87,0.57,0.43,75.0,12.0,78.0,5.57,4.79,2.36,2.0,0.43,0.21,0.21,100.0,85.9,84.85,0.29,1.57,0.0,0.14,0.57,0.5,87.5,0.79,0.07,9.09,1.29,0.14,11.11,0.07,5.56
1207,Liga I (RO),741998,Rafael-Stefan Munteanu,R. Munteanu,2006-03-01,97.99,29.42,24.59,13,12,1,307.0,25.58,13.0,50.81,0.33,0.0,4.99,2.77,174.0,14.5,8.5,58.62,0.33,0.17,50.0,13.83,62.0,5.17,2.17,2.25,0.92,0.0,0.0,0.0,,41.94,40.74,0.0,0.0,0.0,0.0,0.17,0.17,100.0,0.5,0.0,0.0,0.83,0.25,30.0,0.0,0.0
1207,Liga I (RO),743363,Luan De Campos Cristiano da Silva,Luan,2002-03-19,77.49,19.52,16.7,10,9,1,228.0,25.33,15.0,59.21,3.22,0.22,6.74,1.95,160.0,17.78,10.78,60.63,2.56,1.0,39.13,11.89,65.0,7.22,4.22,3.89,2.0,1.44,1.22,0.33,27.27,58.46,51.43,0.33,1.33,0.78,0.22,0.67,0.44,66.67,3.56,1.11,31.25,6.0,1.0,16.67,1.22,20.37
1207,Liga I (RO),749928,Mihai Toma,M. Toma,2007-02-17,57.78,16.27,13.52,26,25,1,548.0,21.92,15.4,70.26,1.92,0.0,7.0,1.92,366.0,14.64,10.88,74.32,2.16,1.24,57.41,10.8,175.0,7.0,4.76,2.8,1.56,1.6,0.76,0.48,63.16,68.0,55.71,0.44,1.56,0.32,0.16,0.36,0.2,55.56,2.92,0.76,26.03,4.48,0.96,21.43,0.48,10.71
1207,Liga I (RO),751174,Damiá Sabater Tous,D. Sabater,1996-02-03,84.08,20.29,24.3,37,31,6,1338.0,43.16,32.26,74.74,3.16,0.26,3.76,1.3,858.0,27.68,22.26,80.42,1.45,0.74,51.11,23.0,191.0,6.16,4.68,2.52,1.87,0.52,0.29,0.13,44.44,75.92,74.36,0.74,1.0,0.13,0.06,0.45,0.29,64.29,2.45,0.39,15.79,3.94,0.55,13.93,0.39,9.84
1207,Liga I (RO),751703,Alin Chintes,A. Chintes,2006-02-07,44.1,13.19,11.66,10,10,0,204.0,20.4,13.6,66.67,0.9,0.1,4.49,1.39,138.0,13.8,9.9,71.74,0.6,0.3,50.0,13.1,33.0,3.3,1.3,2.2,0.9,1.8,1.4,0.5,35.71,39.39,40.91,0.0,1.6,0.0,0.2,0.4,0.0,0.0,1.0,0.1,10.0,1.6,0.4,25.0,0.1,6.25
1207,Liga I (RO),759937,Miguel Ângelo Gomes da Silva,Miguel Silva,1995-12-20,46.89,12.73,13.54,20,18,2,410.0,22.78,15.89,69.75,0.89,0.06,5.84,1.71,277.0,15.39,11.44,74.37,0.72,0.06,7.69,14.17,103.0,5.72,3.44,3.44,1.83,1.17,1.06,0.39,36.84,60.19,53.23,0.17,1.0,0.0,0.67,0.83,0.56,66.67,1.22,0.11,9.09,2.0,0.5,25.0,0.0,0.0
1207,Liga I (RO),770208,Denis Răzvan Radu,D. Radu,2003-03-25,59.53,13.08,16.12,5,5,0,117.0,23.4,15.0,64.1,2.4,0.2,5.38,1.65,71.0,14.2,9.2,64.79,1.6,0.6,37.5,12.8,31.0,6.2,4.4,3.0,2.0,1.4,0.4,0.4,100.0,70.97,66.67,0.0,2.4,0.2,0.0,0.4,0.2,50.0,2.0,0.4,20.0,3.4,0.8,23.53,0.4,11.77
1207,Liga I (RO),771982,Monday Bassey Etim,M. Etim,1998-12-04,43.96,12.98,9.85,27,27,0,399.0,14.78,9.7,65.66,2.07,0.26,4.8,1.36,256.0,9.48,6.48,68.36,2.0,1.0,50.0,5.3,82.0,3.04,1.63,1.59,0.7,1.04,0.81,0.41,50.0,53.66,44.19,0.48,1.33,0.56,0.63,0.11,0.07,66.67,2.81,0.33,11.84,4.74,0.74,15.63,1.07,22.66
1207,Liga I (RO),773584,Omar El Sawy,O. El Sawy,2004-03-16,52.01,13.84,15.31,22,21,1,370.0,17.62,10.9,61.89,1.95,0.24,6.35,1.68,243.0,11.57,7.52,65.02,1.86,0.81,43.59,8.71,102.0,4.86,2.57,2.86,1.24,1.0,0.67,0.38,57.14,52.94,43.33,0.48,1.52,0.14,0.62,0.33,0.1,28.57,2.71,0.38,14.04,3.57,0.76,21.33,0.62,17.33
1207,Liga I (RO),774043,Marian Huja,Marian Huja,1999-08-05,70.34,17.16,20.28,11,11,0,396.0,36.0,28.36,78.79,0.82,0.09,4.48,1.49,230.0,20.91,17.64,84.35,0.09,0.0,0.0,18.91,71.0,6.45,5.55,4.09,3.36,1.36,0.64,0.45,71.43,85.92,82.22,0.0,0.45,0.0,0.0,0.36,0.18,50.0,0.09,0.0,0.0,0.45,0.09,20.0,0.0,0.0
1207,Liga I (RO),775001,Denis Bordun,D. Bordun,2005-09-24,39.88,10.31,9.26,21,19,2,208.0,10.95,6.47,59.14,1.74,0.37,4.69,1.23,138.0,7.26,4.47,61.59,1.16,0.63,54.55,5.84,50.0,2.63,1.42,1.68,0.74,0.89,0.79,0.26,33.33,54.0,43.75,0.21,0.89,0.16,0.42,0.0,0.0,,1.53,0.26,17.24,2.68,0.63,23.53,0.32,11.76
1207,Liga I (RO),791037,Iustin Doicaru,I. Doicaru,2007-02-07,19.68,5.86,4.21,8,7,1,35.0,5.0,2.57,51.43,1.57,0.14,6.88,1.83,21.0,3.0,1.86,61.91,0.29,0.14,50.0,2.0,10.0,1.43,0.57,0.43,0.43,0.29,0.29,0.29,100.0,40.0,100.0,0.14,0.29,0.14,0.57,0.14,0.14,100.0,1.0,0.29,28.57,1.14,0.14,12.5,0.14,12.5
1207,Liga I (RO),798002,Bence Végh,B. Végh,1997-05-13,80.8,18.37,24.2,28,26,2,825.0,31.73,23.92,75.39,1.54,0.08,3.64,1.42,463.0,17.81,15.0,84.23,0.23,0.04,16.67,15.31,110.0,4.23,3.35,2.35,1.85,0.27,0.12,0.04,33.33,79.09,78.69,0.96,0.15,0.0,0.35,0.31,0.12,37.5,0.58,0.04,6.67,1.46,0.12,7.89,0.08,5.26
1207,Liga I (RO),798006,Dániel Zsóri,D. Zsóri,2000-10-14,33.25,5.54,11.21,6,6,0,52.0,8.67,2.83,32.69,0.83,0.17,7.22,1.74,30.0,5.0,1.67,33.33,0.83,0.5,60.0,3.0,13.0,2.17,0.33,1.5,0.17,0.5,0.5,0.0,0.0,15.38,11.11,0.17,0.33,0.0,0.5,0.5,0.0,0.0,0.83,0.17,20.0,2.0,0.17,8.33,0.17,8.33
1207,Liga I (RO),798009,Szabolcs Dusinszki ,S. Dusinszki,2005-08-06,28.94,6.2,8.49,18,17,1,158.0,9.29,6.0,64.56,0.65,0.0,4.82,1.35,90.0,5.29,3.65,68.89,0.59,0.12,20.0,3.47,34.0,2.0,1.35,0.94,0.53,0.41,0.29,0.12,40.0,67.65,56.25,0.24,0.65,0.06,0.0,0.29,0.12,40.0,0.94,0.06,6.25,1.71,0.18,10.34,0.18,10.34
1207,Liga I (RO),798018,János Hegedűs,J. Hegedűs,1996-10-04,97.47,22.14,29.03,23,21,2,839.0,39.95,30.71,76.88,1.24,0.0,4.28,1.73,491.0,23.38,19.71,84.32,0.14,0.05,33.33,21.76,153.0,7.29,5.67,4.81,3.9,0.52,0.29,0.14,50.0,77.78,81.19,0.05,0.14,0.05,0.1,0.33,0.19,57.14,0.24,0.14,60.0,0.38,0.14,37.5,0.05,12.5
1207,Liga I (RO),799044,Diogo Sá Ramalho,Diogo Ramalho,1999-07-01,68.74,18.68,17.17,34,31,3,886.0,28.58,21.13,73.93,2.1,0.23,5.16,1.61,527.0,17.0,14.0,82.35,0.9,0.42,46.43,14.77,193.0,6.23,4.81,3.06,2.32,0.81,0.45,0.19,42.86,77.2,75.79,0.39,1.03,0.03,0.35,0.35,0.13,36.36,1.26,0.13,10.26,2.16,0.55,25.37,0.26,11.94
1207,Liga I (RO),800275,Kevin Ciubotaru,K. Ciubotaru,2004-02-02,80.77,19.76,23.63,34,32,2,1081.0,33.78,21.62,64.02,1.97,0.06,6.67,2.03,711.0,22.22,15.12,68.07,1.66,0.75,45.28,20.28,309.0,9.66,5.81,5.81,3.41,1.66,1.06,0.5,47.06,60.19,58.6,0.06,2.59,0.19,0.91,0.78,0.28,36.0,2.38,0.47,19.74,3.88,1.09,28.23,0.22,5.65
1207,Liga I (RO),801934,Gabriel Gheorghe,G. Gheorghe,2006-10-12,16.15,4.25,3.09,5,5,0,39.0,7.8,5.2,66.67,0.6,0.0,3.85,1.14,23.0,4.6,3.0,65.22,0.2,0.0,0.0,2.6,6.0,1.2,1.2,0.2,0.2,0.4,0.0,0.0,,100.0,100.0,0.4,0.2,0.0,0.2,0.0,0.0,,0.2,0.0,0.0,1.0,0.2,20.0,0.4,40.0
1207,Liga I (RO),808679,Esteban Orozco Fernández Obiang Obono,Esteban Obiang,1998-05-07,74.38,14.62,22.91,21,20,1,432.0,21.6,15.7,72.68,0.5,0.05,4.22,1.48,212.0,10.6,8.95,84.44,0.1,0.05,50.0,9.95,71.0,3.55,2.5,1.95,1.45,0.45,0.1,0.1,100.0,70.42,74.36,0.05,0.0,0.0,0.0,0.15,0.1,66.67,0.15,0.0,0.0,0.25,0.1,40.0,0.0,0.0
1207,Liga I (RO),809005,Aldaír Caputo Ferreira,A. Ferreira,1998-03-26,55.99,13.74,13.11,25,24,1,641.0,26.71,20.54,76.91,2.25,0.04,5.0,1.76,384.0,16.0,13.0,81.25,0.33,0.12,37.5,13.17,129.0,5.38,3.88,2.5,1.75,0.58,0.38,0.21,55.56,72.09,70.0,0.67,0.54,0.12,0.29,0.46,0.21,45.45,0.58,0.12,21.43,1.5,0.17,11.11,0.25,16.67
1207,Liga I (RO),809006,David Ciubăncan,D. Ciubăncan,2004-07-08,14.47,2.5,3.07,3,3,0,12.0,4.0,1.0,25.0,0.33,0.0,6.31,1.54,8.0,2.67,0.67,25.0,0.0,0.0,,2.0,3.0,1.0,0.0,0.67,0.0,0.33,0.33,0.0,0.0,0.0,0.0,0.33,0.33,0.33,0.0,0.0,0.0,,0.33,0.0,0.0,1.0,0.33,33.33,0.0,0.0
1207,Liga I (RO),809017,Ștefan Daniel Bană,Ș. Bană,2004-10-29,82.21,20.99,19.61,22,21,1,565.0,26.9,15.57,57.88,3.95,0.48,7.03,1.82,369.0,17.57,10.95,62.33,2.95,1.33,45.16,12.67,164.0,7.81,3.67,4.33,1.33,2.05,1.43,0.33,23.33,46.95,30.77,0.71,1.05,0.29,0.38,0.33,0.1,28.57,4.14,0.71,17.24,6.19,1.38,22.31,0.81,13.08
1207,Liga I (RO),809749,David Ionut Paraschiv,D. Paraschiv,2006-09-28,26.02,6.47,6.4,10,10,0,70.0,7.0,3.5,50.0,0.9,0.0,6.34,1.57,51.0,5.1,2.6,50.98,1.6,0.3,18.75,3.6,18.0,1.8,0.7,1.3,0.4,0.8,0.7,0.3,42.86,38.89,30.77,0.5,0.2,0.4,0.1,0.2,0.1,50.0,2.0,0.0,0.0,2.5,0.6,24.0,0.5,20.0
1207,Liga I (RO),809917,Szabolcs Szilágyi,S. Szilágyi,2003-09-23,45.56,8.66,14.95,4,4,0,47.0,11.75,8.0,68.08,1.75,0.0,2.29,0.96,25.0,6.25,5.0,80.0,0.25,0.0,0.0,6.0,3.0,0.75,0.5,0.25,0.0,0.0,0.0,0.0,,66.67,0.0,0.0,0.25,0.0,0.0,0.0,0.0,,0.25,0.0,0.0,0.25,0.0,0.0,0.0,0.0
1207,Liga I (RO),809940,David Popa,D. Popa,2007-03-13,34.03,11.17,9.18,6,5,1,68.0,13.6,8.8,64.71,2.0,0.0,6.5,1.92,55.0,11.0,7.0,63.64,2.2,1.2,54.55,7.2,27.0,5.4,3.6,2.2,1.4,0.2,0.0,0.0,,66.67,63.64,0.2,0.6,0.2,0.4,0.6,0.4,66.67,3.4,0.6,17.65,4.6,0.6,13.04,1.2,26.09
1207,Liga I (RO),809943,Alexandru Constantin Stoian,A. Stoian,2007-12-15,35.48,10.83,6.73,22,22,0,239.0,10.86,6.23,57.32,1.82,0.23,6.66,1.57,158.0,7.18,4.14,57.59,2.14,0.91,42.55,3.59,68.0,3.09,1.41,1.55,0.41,1.14,0.68,0.09,13.33,45.59,26.47,0.45,1.18,0.55,0.32,0.14,0.0,0.0,2.91,0.59,20.31,4.23,0.68,16.13,0.91,21.5
1207,Liga I (RO),811074,Raul Andrei Balbarau,R. Balbarau,2001-04-07,95.74,22.89,25.87,29,28,1,358.0,12.79,7.18,56.14,0.07,0.04,5.19,3.56,150.0,5.36,3.64,68.0,0.11,0.04,33.33,4.96,82.0,2.93,1.43,2.0,1.07,0.04,0.0,0.0,,48.78,53.57,0.0,0.0,0.0,0.0,0.0,0.0,,0.11,0.0,0.0,0.18,0.07,40.0,0.0,0.0
1207,Liga I (RO),816091,Drilon Hazrollaj,D. Hazrollaj,2004-02-19,28.64,8.53,6.51,14,14,0,164.0,11.71,5.93,50.61,2.0,0.07,5.51,1.79,123.0,8.79,4.86,55.28,1.43,0.57,40.0,6.14,39.0,2.79,1.0,1.79,0.5,0.14,0.14,0.0,0.0,35.9,28.0,0.57,0.86,0.14,0.43,0.29,0.07,25.0,2.14,0.29,13.33,3.36,0.5,14.89,0.57,17.02
1207,Liga I (RO),817847,Sebastian Mailat,S. Mailat,1997-12-12,77.93,20.54,17.28,36,35,1,945.0,27.0,15.31,56.72,4.14,0.54,7.24,1.94,640.0,18.29,10.4,56.88,3.43,1.34,39.17,11.66,290.0,8.29,3.97,5.4,2.17,2.29,2.09,0.6,28.77,47.93,40.21,1.0,2.63,1.14,1.0,1.06,0.57,54.05,4.2,0.69,16.33,7.49,1.69,22.52,1.46,19.47
1207,Liga I (RO),818347,Andrei Dan Dumitru,A. Dumitru,2006-10-28,49.26,12.81,11.66,1,1,0,16.0,16.0,13.0,81.25,2.0,1.0,4.52,1.06,11.0,11.0,9.0,81.82,0.0,0.0,,8.0,3.0,3.0,2.0,1.0,0.0,1.0,1.0,0.0,0.0,66.67,0.0,1.0,0.0,0.0,0.0,0.0,0.0,,1.0,0.0,0.0,2.0,0.0,0.0,0.0,0.0
1207,Liga I (RO),819585,David Andrei Barbu,D. Barbu,2006-06-26,28.57,7.78,6.8,21,21,0,175.0,8.33,4.81,57.72,0.95,0.05,6.41,1.86,107.0,5.1,3.14,61.68,1.33,0.67,50.0,3.24,42.0,2.0,1.0,1.24,0.43,0.33,0.24,0.0,0.0,50.0,34.62,0.29,0.52,0.19,0.33,0.33,0.14,42.86,1.67,0.24,14.29,2.38,0.38,16.0,0.38,16.0
1207,Liga I (RO),819586,Adrian Dragos,A. Dragos,2007-04-09,8.96,1.24,5.03,1,1,0,1.0,1.0,0.0,0.0,0.0,0.0,20.85,3.4,1.0,1.0,0.0,0.0,0.0,0.0,,1.0,1.0,1.0,0.0,0.0,0.0,1.0,0.0,0.0,,0.0,,1.0,0.0,0.0,0.0,0.0,0.0,,0.0,0.0,,0.0,0.0,,0.0,
1207,Liga I (RO),822112,Daniel Sandu,D. Sandu,2007-06-28,45.72,11.97,9.99,13,12,1,148.0,12.33,7.5,60.81,1.5,0.25,5.2,1.49,104.0,8.67,6.17,71.15,1.5,0.75,50.0,6.33,34.0,2.83,1.67,1.58,0.67,0.67,0.42,0.25,60.0,58.82,42.11,0.0,0.83,0.5,0.25,0.33,0.17,50.0,2.0,0.33,16.67,3.08,0.58,18.92,0.5,16.22
1207,Liga I (RO),825882,Ionuț Cercel,I. Cercel,2006-11-14,72.44,22.5,15.02,10,10,0,370.0,37.0,30.4,82.16,1.5,0.1,4.18,1.43,282.0,28.2,24.7,87.59,0.9,0.4,44.45,27.2,60.0,6.0,4.9,3.0,2.4,0.9,0.3,0.1,33.33,81.67,80.0,0.0,0.6,0.1,0.1,0.1,0.1,100.0,1.2,0.2,16.67,2.0,0.7,35.0,0.0,0.0
1207,Liga I (RO),827044,Alexandru Bota,A. Bota,2008-03-31,45.84,13.16,11.32,8,8,0,100.0,12.5,8.38,67.0,1.12,0.12,7.28,1.85,71.0,8.88,6.5,73.24,1.62,1.12,69.23,5.5,35.0,4.38,2.5,2.88,1.5,0.62,0.5,0.12,25.0,57.14,52.17,0.75,2.0,0.25,0.12,0.25,0.25,100.0,2.12,0.62,29.41,3.0,0.62,20.83,0.38,12.5
1207,Liga I (RO),839030,Alexandru Vasile Ailiesei Rosca,Alexandru Rosca,2003-11-12,98.8,31.77,20.42,11,11,0,195.0,17.73,11.0,62.05,0.09,0.0,2.55,2.07,134.0,12.18,8.27,67.91,0.27,0.0,0.0,11.55,13.0,1.18,0.64,0.45,0.36,0.0,0.0,0.0,,53.85,80.0,0.0,0.0,0.0,0.0,0.18,0.09,50.0,0.55,0.18,33.33,0.91,0.27,30.0,0.0,0.0
1207,Liga I (RO),839031,Raul Rotund,R. Rotund,2005-11-17,42.1,9.79,12.68,9,8,1,83.0,10.38,5.0,48.19,1.75,0.38,5.76,1.62,54.0,6.75,3.25,48.15,1.62,0.5,30.77,4.25,14.0,1.75,0.88,1.25,0.5,0.62,0.5,0.12,25.0,50.0,40.0,0.25,0.75,0.25,0.25,0.0,0.0,,2.25,0.12,5.56,3.25,0.5,15.38,0.88,26.92
1207,Liga I (RO),839033,Alin Boțogan,A. Boțogan,2004-02-21,40.39,9.13,11.45,23,21,2,325.0,15.48,10.86,70.15,1.29,0.1,4.82,1.33,203.0,9.67,7.19,74.38,1.52,0.81,53.12,7.29,64.0,3.05,2.14,2.1,1.29,1.0,0.9,0.48,52.63,70.31,61.36,0.38,2.38,0.1,0.24,0.1,0.0,0.0,1.81,0.19,10.53,2.76,0.57,20.69,0.29,10.34
1207,Liga I (RO),839036,Ioan  Tolea,I. Tolea,2003-05-11,51.65,11.34,14.1,7,7,0,119.0,17.0,8.57,50.42,2.71,0.14,7.01,1.95,70.0,10.0,5.57,55.71,1.14,0.86,75.0,7.71,37.0,5.29,2.14,1.43,0.43,1.0,0.43,0.14,33.33,40.54,30.0,0.43,0.57,0.0,0.57,0.29,0.14,50.0,1.43,0.29,20.0,3.29,0.57,17.39,0.43,13.04
1207,Liga I (RO),839039,Adi Chica-Rosa,A. Chica-Rosa,1998-09-08,66.6,16.38,18.06,37,35,2,567.0,16.2,8.17,50.44,2.94,0.14,6.42,1.64,303.0,8.66,4.69,54.13,2.06,0.94,45.83,3.77,148.0,4.23,2.26,2.29,0.91,1.4,1.09,0.23,21.05,53.38,40.0,0.69,1.23,0.49,0.6,0.09,0.06,66.67,2.86,0.54,19.0,5.09,0.83,16.29,0.91,17.98
1207,Liga I (RO),839048,Dorin Marian Codrea,D. Codrea,1997-06-13,53.8,14.41,14.63,29,28,1,765.0,27.32,23.14,84.71,0.86,0.11,2.7,1.1,525.0,18.75,16.5,88.0,0.29,0.14,50.0,16.36,71.0,2.54,2.14,1.32,1.11,0.18,0.04,0.04,100.0,84.51,83.78,0.29,0.43,0.04,0.0,0.18,0.11,60.0,0.64,0.07,11.11,0.96,0.25,25.93,0.04,3.7
1207,Liga I (RO),839049,Franck Tchassem,F. Tchassem,1999-05-07,15.74,3.28,3.31,4,4,0,22.0,5.5,2.0,36.36,0.5,0.0,3.24,1.4,10.0,2.5,1.25,50.0,1.5,0.75,50.0,0.75,1.0,0.25,0.25,0.25,0.25,0.0,0.0,0.0,,100.0,100.0,0.0,0.25,0.25,0.0,0.0,0.0,,2.0,0.25,12.5,2.25,0.0,0.0,0.25,11.11
1207,Liga I (RO),839050,Marius Cătălin Coman,M. Coman,1996-07-31,71.29,18.53,19.29,27,26,1,459.0,17.65,8.85,50.11,2.85,0.35,7.15,1.79,271.0,10.42,5.42,52.03,3.62,1.73,47.87,4.12,135.0,5.19,2.54,2.77,0.96,1.62,1.27,0.27,21.21,48.89,34.72,0.54,1.88,1.5,0.5,0.08,0.0,0.0,4.38,0.92,21.05,7.0,1.19,17.03,1.5,21.43
1207,Liga I (RO),839053,Ianis Gîndilă,I. Gîndilă,2006-01-16,4.08,0.87,1.75,1,1,0,4.0,4.0,2.0,50.0,1.0,0.0,8.77,2.62,3.0,3.0,2.0,66.67,0.0,0.0,,3.0,2.0,2.0,1.0,1.0,1.0,1.0,0.0,0.0,,50.0,100.0,0.0,2.0,0.0,2.0,0.0,0.0,,0.0,0.0,,0.0,0.0,,0.0,
1207,Liga I (RO),839417,Ime Udo Ndon,I. Ndon,2003-06-07,22.26,3.96,9.32,1,1,0,5.0,5.0,0.0,0.0,1.0,0.0,6.63,1.6,4.0,4.0,0.0,0.0,2.0,0.0,0.0,2.0,2.0,2.0,0.0,2.0,0.0,0.0,0.0,0.0,,0.0,0.0,0.0,0.0,0.0,0.0,0.0,0.0,,2.0,0.0,0.0,2.0,1.0,50.0,0.0,0.0
1207,Liga I (RO),839809,Rafael Baldres Hermann,Rafinha,1997-12-29,46.1,11.58,11.72,15,15,0,273.0,18.2,11.33,62.27,3.27,0.13,5.41,1.61,190.0,12.67,8.2,64.74,1.87,0.93,50.0,8.27,62.0,4.13,2.2,2.13,0.93,0.8,0.67,0.33,50.0,53.23,43.75,0.27,1.0,0.27,0.8,0.13,0.07,50.0,2.87,0.6,20.93,4.53,0.47,10.29,0.6,13.24
1207,Liga I (RO),840224,Oscar Correia Ferreira,Oscar Correia,1997-09-28,24.75,7.12,3.75,2,2,0,26.0,13.0,9.5,73.08,2.5,0.0,7.05,2.23,19.0,9.5,7.0,73.68,1.0,0.0,0.0,8.5,11.0,5.5,4.0,2.0,1.0,1.0,0.5,0.5,100.0,72.73,50.0,0.0,1.5,0.5,0.0,0.0,0.0,,1.5,0.5,33.33,2.0,0.0,0.0,0.0,0.0
1207,Liga I (RO),840311,Robert Sălceanu,R. Sălceanu,2004-01-13,82.63,21.09,22.37,18,17,1,539.0,31.71,18.53,58.44,2.41,0.0,4.96,1.49,365.0,21.47,13.35,62.19,1.29,0.29,22.73,19.76,103.0,6.06,3.0,3.88,1.82,1.76,1.18,0.24,20.0,49.51,46.97,0.0,1.53,0.29,0.53,0.82,0.24,28.57,1.76,0.18,10.0,2.94,0.35,12.0,0.24,8.0
1207,Liga I (RO),840316,Florin Flavius Purece,F. Purece,1991-11-06,68.48,15.67,20.41,30,28,2,785.0,28.04,19.11,68.15,3.89,0.36,3.86,1.27,532.0,19.0,13.46,70.87,2.54,1.5,59.15,13.68,115.0,4.11,2.57,2.21,1.25,0.46,0.36,0.11,30.0,62.61,56.45,0.54,1.75,0.21,0.25,0.36,0.18,50.0,3.71,0.61,16.35,5.96,0.71,11.98,0.71,11.98
1207,Liga I (RO),840317,Christ Nkama Afalna,C. Afalna,1998-07-12,60.69,14.07,16.92,35,33,2,462.0,14.0,6.94,49.57,2.15,0.27,5.5,1.51,255.0,7.73,4.09,52.94,1.76,0.64,36.21,4.03,104.0,3.15,1.39,1.79,0.73,0.76,0.61,0.18,30.0,44.23,40.68,0.39,1.52,0.45,0.79,0.21,0.09,42.86,2.36,0.24,10.26,3.91,0.64,16.28,0.67,17.06
1207,Liga I (RO),840318,Ionuţ Viorel Coadă,I. Coadă,1998-01-01,46.71,9.6,12.96,14,13,1,222.0,17.08,11.62,68.02,0.85,0.0,3.26,1.16,116.0,8.92,7.0,78.45,1.15,0.92,80.0,6.31,25.0,1.92,1.31,0.77,0.54,0.15,0.08,0.0,0.0,68.0,70.0,0.31,0.38,0.31,0.0,0.15,0.08,50.0,1.69,0.23,13.64,2.46,0.62,25.0,0.38,15.63
1207,Liga I (RO),840319,Daniel Marius Şerbănică,D. Şerbănică,1996-06-25,87.04,19.23,25.8,24,23,1,724.0,31.48,18.96,60.22,1.57,0.09,4.34,1.36,469.0,20.39,13.17,64.61,1.35,0.57,41.94,18.3,134.0,5.83,3.43,3.26,2.04,1.35,0.96,0.61,63.64,58.95,62.67,0.04,1.7,0.0,0.13,0.26,0.09,33.33,1.83,0.26,14.29,2.74,0.74,26.98,0.48,17.46
1207,Liga I (RO),840320,Alexandru Ionuț Dinu,A. Dinu,1998-04-08,98.38,22.01,29.32,26,24,2,904.0,37.67,28.21,74.89,0.54,0.04,3.7,1.4,520.0,21.67,18.12,83.65,0.29,0.12,42.86,20.54,130.0,5.42,4.17,2.5,1.92,0.38,0.04,0.0,0.0,76.92,76.67,0.04,0.04,0.0,0.0,0.17,0.04,25.0,0.29,0.0,0.0,0.5,0.08,16.67,0.04,8.33
1207,Liga I (RO),840321,Constantin Adrian Toma,C. Toma,1987-03-23,35.16,7.18,7.33,4,4,0,45.0,11.25,7.0,62.22,0.75,0.0,2.64,1.09,17.0,4.25,3.25,76.47,0.0,0.0,,3.75,3.0,0.75,0.75,0.5,0.5,0.0,0.0,0.0,,100.0,100.0,0.0,0.0,0.0,0.0,0.0,0.0,,0.25,0.0,0.0,1.0,0.25,25.0,0.0,0.0
1207,Liga I (RO),840323,Stefan Krell,S. Krell,1992-06-12,88.39,21.9,24.21,11,10,1,167.0,16.7,8.1,48.5,0.2,0.0,4.33,3.18,82.0,8.2,5.0,60.98,0.2,0.0,0.0,8.1,28.0,2.8,1.1,1.6,0.8,0.0,0.0,0.0,,39.29,50.0,0.0,0.0,0.0,0.0,0.1,0.0,0.0,0.2,0.0,0.0,0.2,0.1,50.0,0.0,0.0
1207,Liga I (RO),840324,Andrei Dorobanțu,A. Dorobanțu,2004-08-29,76.87,16.79,22.19,28,27,1,675.0,25.0,15.85,63.41,1.15,0.04,4.2,1.45,395.0,14.63,9.81,67.09,1.07,0.41,37.93,12.93,119.0,4.41,2.89,2.3,1.33,0.56,0.3,0.15,50.0,65.55,58.06,0.04,0.78,0.11,0.15,0.3,0.19,62.5,1.48,0.26,17.5,2.52,0.7,27.94,0.22,8.82
1207,Liga I (RO),840331,Ștefan Duțu,Ș. Duțu,2004-02-16,13.43,3.3,3.44,4,4,0,29.0,7.25,5.75,79.31,0.25,0.25,4.39,1.55,17.0,4.25,4.0,94.12,0.0,0.0,,3.75,4.0,1.0,1.0,0.5,0.5,0.0,0.0,0.0,,100.0,100.0,0.0,0.0,0.0,0.0,0.0,0.0,,0.0,0.0,,0.0,0.0,,0.0,
1207,Liga I (RO),840332,Laurentiu Vlasceanu,L. Vlasceanu,2005-05-29,31.58,7.01,7.38,6,6,0,46.0,7.67,2.67,34.78,0.83,0.0,5.28,1.55,23.0,3.83,1.0,26.09,0.83,0.17,20.0,1.67,12.0,2.0,1.0,0.83,0.33,0.33,0.17,0.0,0.0,50.0,40.0,0.17,0.5,0.0,0.17,0.0,0.0,,1.0,0.17,16.67,2.33,0.33,14.28,0.33,14.29
1207,Liga I (RO),840425,Árpád Tordai,Á. Tordai,1997-03-11,100.05,24.38,25.22,3,3,0,41.0,13.67,7.33,53.66,0.0,0.0,3.27,2.38,20.0,6.67,4.33,65.0,0.0,0.0,,6.67,6.0,2.0,1.67,0.33,0.33,0.0,0.0,0.0,,83.33,100.0,0.0,0.0,0.0,0.0,0.33,0.33,100.0,0.33,0.0,0.0,0.33,0.0,0.0,0.0,0.0
1207,Liga I (RO),841528,Narcis Ilaș,N. Ilaș,2007-03-27,84.79,19.89,19.11,18,17,1,384.0,22.59,13.88,61.46,1.47,0.06,5.6,1.74,224.0,13.18,8.82,66.96,0.41,0.24,57.14,12.12,100.0,5.88,3.59,2.59,1.82,1.18,0.35,0.12,33.33,61.0,70.45,0.0,0.94,0.06,0.18,0.35,0.06,16.67,0.88,0.12,13.33,1.88,0.24,12.5,0.06,3.12
1207,Liga I (RO),842251,Flavius Iacob,F. Iacob,2000-10-30,56.25,14.61,15.24,28,27,1,635.0,23.52,14.07,59.84,2.26,0.22,5.68,1.41,421.0,15.59,9.63,61.76,1.07,0.3,27.58,14.0,138.0,5.11,2.56,3.41,1.3,2.26,1.78,0.52,29.17,50.0,38.04,0.07,1.11,0.44,0.78,0.26,0.07,28.57,1.3,0.19,14.29,3.04,0.89,29.27,0.48,15.85
1207,Liga I (RO),842254,Denis Hrezdac,D. Hrezdac,2001-11-03,36.34,8.89,9.83,31,31,0,404.0,13.03,10.19,78.22,0.87,0.0,4.03,1.19,224.0,7.23,6.03,83.48,0.26,0.06,25.0,5.97,67.0,2.16,1.65,0.87,0.61,0.42,0.19,0.13,66.67,76.12,70.37,0.19,0.68,0.03,0.1,0.19,0.13,66.67,0.48,0.13,26.67,0.84,0.16,19.23,0.23,26.92
1207,Liga I (RO),842257,Ştefan Daniel Lefter,Ş. Lefter,2004-11-18,98.85,26.06,27.8,12,12,0,271.0,22.58,14.17,62.73,0.08,0.0,3.69,2.43,165.0,13.75,9.42,68.49,0.25,0.0,0.0,13.08,38.0,3.17,1.67,1.33,0.83,0.08,0.0,0.0,,52.63,62.5,0.0,0.0,0.0,0.0,0.08,0.08,100.0,0.67,0.17,25.0,0.92,0.33,36.36,0.0,0.0
1207,Liga I (RO),842270,Marius Lupu,M. Lupu,1999-09-01,48.73,12.43,13.73,1,1,0,12.0,12.0,10.0,83.33,0.0,0.0,2.1,0.85,9.0,9.0,8.0,88.89,0.0,0.0,,6.0,1.0,1.0,1.0,1.0,1.0,1.0,1.0,1.0,100.0,100.0,100.0,0.0,0.0,0.0,0.0,0.0,0.0,,0.0,0.0,,1.0,1.0,100.0,0.0,0.0
1207,Liga I (RO),842423,Cristian Chira,C. Chira,2001-11-08,20.54,4.62,5.85,10,9,1,68.0,7.56,6.11,80.88,0.56,0.22,4.07,1.38,39.0,4.33,3.89,89.74,0.22,0.22,100.0,3.78,10.0,1.11,0.67,0.33,0.11,0.22,0.0,0.0,,60.0,33.33,0.11,0.22,0.0,0.0,0.0,0.0,,0.33,0.0,0.0,0.44,0.0,0.0,0.0,0.0
1207,Liga I (RO),842496,Iustin Alin Popescu,I. Popescu,1993-09-01,87.25,22.53,17.45,5,5,0,85.0,17.0,8.0,47.06,0.0,0.0,2.81,2.42,50.0,10.0,5.8,58.0,0.4,0.0,0.0,9.8,11.0,2.2,1.0,1.4,0.8,0.0,0.0,0.0,,45.45,57.14,0.0,0.0,0.0,0.0,0.0,0.0,,0.6,0.0,0.0,0.6,0.0,0.0,0.0,0.0
1207,Liga I (RO),842497,David Maftei,D. Maftei,2004-07-12,70.73,18.22,18.13,28,27,1,792.0,29.33,18.59,63.38,2.07,0.3,4.26,1.3,550.0,20.37,13.33,65.46,1.63,0.67,40.91,18.04,141.0,5.22,3.19,3.22,1.67,1.93,1.37,0.63,45.95,60.99,51.72,0.0,2.33,0.22,0.22,0.07,0.0,0.0,2.22,0.33,15.0,3.85,0.85,22.11,0.33,8.65
1207,Liga I (RO),843036,Mariano Bettini,M. Bettini,1996-01-19,46.96,6.09,18.19,1,1,0,12.0,12.0,9.0,75.0,1.0,0.0,3.72,1.14,4.0,4.0,3.0,75.0,0.0,0.0,,5.0,3.0,3.0,2.0,2.0,2.0,1.0,1.0,1.0,100.0,66.67,100.0,0.0,1.0,0.0,0.0,0.0,0.0,,0.0,0.0,,1.0,0.0,0.0,0.0,0.0
1207,Liga I (RO),849420,Viktor Kun,V. Kun,2004-07-18,59.09,14.99,16.4,17,17,0,386.0,22.71,14.71,64.77,0.88,0.35,4.06,1.25,225.0,13.24,10.12,76.44,0.65,0.18,27.27,12.41,66.0,3.88,2.24,1.29,0.71,0.82,0.29,0.06,20.0,57.58,54.55,0.0,0.71,0.06,0.12,0.24,0.06,25.0,0.76,0.12,15.38,1.12,0.29,26.32,0.06,5.26
1207,Liga I (RO),850712,Răzvan Gligor,R. Gligor,2006-09-30,14.33,3.24,2.02,1,1,0,4.0,4.0,4.0,100.0,0.0,0.0,4.56,1.32,3.0,3.0,3.0,100.0,0.0,0.0,,2.0,0.0,0.0,0.0,0.0,0.0,0.0,0.0,0.0,,,,0.0,1.0,0.0,0.0,0.0,0.0,,0.0,0.0,,0.0,0.0,,0.0,
1207,Liga I (RO),859343,Patrick  Patrick Vuc,P. Patrick Vuc,2004-03-11,25.74,6.64,5.6,6,6,0,39.0,6.5,4.17,64.1,0.0,0.0,6.5,1.63,29.0,4.83,3.0,62.07,1.67,0.67,40.0,3.0,10.0,1.67,1.5,0.67,0.67,0.5,0.33,0.33,100.0,90.0,100.0,0.33,0.67,0.0,0.33,0.0,0.0,,2.33,0.5,21.43,2.5,0.17,6.67,0.33,13.33
1207,Liga I (RO),877386,Gustavo dos Santos Cabral,Gustavo Cabral,2001-09-12,38.95,8.52,11.49,11,11,0,151.0,13.73,8.18,59.6,1.64,0.18,9.08,2.42,101.0,9.18,5.91,64.36,1.0,0.64,63.64,7.18,65.0,5.91,3.55,2.73,1.64,0.82,0.73,0.45,62.5,60.0,60.0,0.55,2.18,0.18,0.55,0.18,0.0,0.0,1.36,0.55,40.0,2.64,0.27,10.34,0.64,24.14
1207,Liga I (RO),886602,Damjan  Djokanovic,D. Djokanovic,2008-01-31,96.68,19.06,34.01,1,1,0,33.0,33.0,21.0,63.64,4.0,0.0,1.58,0.55,15.0,15.0,9.0,60.0,0.0,0.0,,11.0,1.0,1.0,0.0,1.0,0.0,0.0,0.0,0.0,,0.0,0.0,1.0,2.0,0.0,0.0,0.0,0.0,,0.0,0.0,,1.0,0.0,0.0,0.0,0.0
1207,Liga I (RO),886929,Nagy Zoard Kornel,Z. Nagy,2000-04-18,34.92,6.9,10.53,11,11,0,105.0,9.55,3.91,40.95,1.09,0.0,3.76,1.24,53.0,4.82,2.18,45.28,1.55,0.82,52.94,1.36,17.0,1.55,0.55,0.82,0.27,0.36,0.36,0.18,50.0,35.29,33.33,0.36,0.45,0.09,0.18,0.0,0.0,,1.64,0.0,0.0,3.09,0.09,2.94,0.45,14.71
1207,Liga I (RO),889599,Julián Andres Bonilla Tovar,J. Bonilla,1996-11-21,95.5,21.84,23.11,2,2,0,73.0,36.5,27.5,75.34,1.0,0.0,4.56,1.69,39.0,19.5,16.0,82.05,0.0,0.0,,17.0,9.0,4.5,3.5,1.5,1.0,0.5,0.0,0.0,,77.78,66.67,0.0,0.0,0.0,0.0,0.0,0.0,,0.0,0.0,,0.5,0.0,0.0,0.0,0.0
1207,Liga I (RO),901763,Riad Šuta,R. Šuta,2002-06-29,81.69,22.25,18.76,12,11,1,318.0,28.91,23.18,80.19,0.55,0.18,3.67,1.54,224.0,20.36,17.64,86.61,0.36,0.09,25.0,19.45,40.0,3.64,2.45,2.36,1.64,0.36,0.09,0.09,100.0,67.5,69.23,0.0,0.36,0.0,0.0,0.27,0.27,100.0,0.45,0.0,0.0,0.64,0.18,28.57,0.09,14.29
1207,Liga I (RO),902949,Iacopo Cernigoi,I. Cernigoi,1995-01-04,23.23,6.86,5.27,5,5,0,25.0,5.0,3.4,68.0,0.4,0.0,6.39,1.73,14.0,2.8,1.6,57.14,1.2,0.4,33.33,1.2,7.0,1.4,1.2,0.6,0.6,0.2,0.2,0.2,100.0,85.71,100.0,0.2,0.2,0.0,0.0,0.0,0.0,,1.2,0.2,16.67,2.2,0.0,0.0,0.4,18.18
1207,Liga I (RO),905153,Bruno José Moreira Barreto Carvalho,Bruno Carvalho,1997-09-16,81.23,20.14,23.01,23,20,3,741.0,37.05,30.2,81.51,2.1,0.05,2.72,1.04,459.0,22.95,19.95,86.93,0.6,0.45,75.0,19.05,66.0,3.3,2.8,1.45,1.35,0.5,0.05,0.0,0.0,84.85,93.1,0.6,0.65,0.0,0.05,0.25,0.2,80.0,1.6,0.15,9.38,2.6,0.6,23.08,0.15,5.77
1207,Liga I (RO),908784,Nikita Stoioanov,N. Stoioanov,2005-08-24,98.31,29.92,22.19,37,35,2,2106.0,60.17,52.43,87.13,1.49,0.14,5.2,1.99,1379.0,39.4,36.89,93.62,0.29,0.14,50.0,37.77,469.0,13.4,12.11,6.91,6.49,0.69,0.0,0.0,,90.41,93.8,0.03,0.09,0.0,0.0,0.83,0.54,65.52,0.6,0.11,19.05,0.91,0.29,31.25,0.06,6.25
1207,Liga I (RO),918213,Florinel Valentin Ibrian,F. Ibrian,1993-09-14,68.22,13.22,21.89,10,10,0,187.0,18.7,10.7,57.22,1.2,0.0,2.98,1.02,110.0,11.0,6.6,60.0,0.6,0.2,33.33,10.2,21.0,2.1,1.4,1.1,0.6,0.4,0.2,0.1,50.0,66.67,54.54,0.0,0.9,0.2,0.0,0.3,0.3,100.0,0.9,0.1,11.11,1.6,0.5,31.25,0.1,6.25
1207,Liga I (RO),943848,Lorenzo Biliboc,L. Biliboc,2006-10-22,61.6,15.29,16.49,33,33,0,702.0,21.27,12.12,56.98,3.45,0.55,5.96,1.65,476.0,14.42,8.0,55.46,2.58,1.06,41.18,9.45,181.0,5.48,2.85,3.03,1.36,1.0,0.73,0.24,33.33,51.93,45.0,0.67,1.61,0.52,0.82,0.24,0.09,37.5,3.94,0.55,13.85,6.24,1.24,19.9,0.97,15.53
1207,Liga I (RO),959100,Luca Băsceanu,L. Băsceanu,2006-05-17,29.73,9.33,6.56,22,22,0,337.0,15.32,9.91,64.69,2.32,0.18,6.32,1.74,258.0,11.73,8.23,70.16,1.59,0.91,57.14,8.41,87.0,3.95,1.86,2.0,0.77,0.82,0.5,0.09,18.18,47.13,38.64,0.77,1.05,0.18,0.82,0.55,0.14,25.0,2.18,0.5,22.92,3.18,0.55,17.14,0.45,14.29
1207,Liga I (RO),961707,Darius Fălcușan,D. Fălcușan,2006-02-14,38.13,5.37,7.71,1,1,0,8.0,8.0,4.0,50.0,0.0,0.0,1.9,1.48,4.0,4.0,3.0,75.0,0.0,0.0,,4.0,0.0,0.0,0.0,0.0,0.0,0.0,0.0,0.0,,,,0.0,0.0,0.0,0.0,0.0,0.0,,0.0,0.0,,0.0,0.0,,0.0,
1207,Liga I (RO),965499,Cristian Sima,C. Sima,2007-01-06,35.42,10.11,8.26,13,13,0,151.0,11.62,6.31,54.3,1.38,0.0,7.11,1.95,110.0,8.46,4.62,54.55,1.0,0.15,15.38,6.92,50.0,3.85,1.77,2.0,0.69,0.77,0.46,0.08,16.67,46.0,34.62,0.08,1.0,0.15,0.46,0.23,0.08,33.33,1.85,0.15,8.33,2.92,0.92,31.58,0.38,13.16
1207,Liga I (RO),966650,Tarek Aggoun,T. Aggoun,1997-10-27,86.51,18.79,28.26,10,7,3,194.0,27.71,20.71,74.74,0.57,0.0,4.59,1.57,110.0,15.71,13.0,82.73,0.29,0.29,100.0,13.86,36.0,5.14,4.43,2.57,2.14,0.86,0.71,0.57,80.0,86.11,83.33,0.29,2.14,0.0,0.0,0.71,0.29,40.0,0.29,0.14,50.0,1.0,0.43,42.86,0.0,0.0
1207,Liga I (RO),969559,Denis Colibășanu,D. Colibășanu,2007-03-10,10.33,4.57,1.78,1,1,0,7.0,7.0,6.0,85.71,0.0,0.0,0.49,0.44,7.0,7.0,6.0,85.71,2.0,2.0,100.0,3.0,0.0,0.0,0.0,0.0,0.0,0.0,0.0,0.0,,,,0.0,0.0,1.0,0.0,0.0,0.0,,3.0,0.0,0.0,4.0,0.0,0.0,1.0,25.0
1207,Liga I (RO),969870,Denis Alberto Ionut Taroi,D. Taroi,2008-04-06,48.76,12.83,13.16,16,15,1,252.0,16.8,9.67,57.54,1.8,0.0,8.35,2.13,164.0,10.93,6.6,60.37,1.4,0.53,38.09,7.0,89.0,5.93,3.67,3.27,1.87,1.2,0.67,0.2,30.0,61.8,57.14,0.13,1.07,0.2,0.67,0.6,0.33,55.56,2.4,0.4,16.67,4.33,0.67,15.39,0.33,7.69
1207,Liga I (RO),970884,Guy Dahan,G. Dahan,2000-03-08,45.97,9.88,12.35,15,15,0,140.0,9.33,5.53,59.28,1.27,0.0,4.03,1.32,71.0,4.73,3.07,64.79,1.2,0.53,44.44,3.2,23.0,1.53,1.07,0.73,0.47,0.27,0.2,0.13,66.67,69.57,63.64,0.47,0.93,0.13,0.13,0.0,0.0,,1.67,0.2,12.0,2.53,0.27,10.53,0.2,7.89
1207,Liga I (RO),972661,Bogdan Nicolae Marian,B. Marian,2004-12-04,37.69,9.32,8.78,6,6,0,80.0,13.33,7.67,57.5,1.33,0.17,4.79,1.38,51.0,8.5,4.67,54.9,1.0,0.0,0.0,7.0,17.0,2.83,1.67,1.67,1.17,1.33,0.67,0.5,75.0,58.82,70.0,0.0,0.33,0.0,0.17,0.0,0.0,,1.5,0.0,0.0,1.5,0.0,0.0,0.0,0.0
1207,Liga I (RO),972745,Taiwo Quadri Olakunle ,T. Quadri Olakunle,2006-01-06,22.93,7.68,5.79,1,1,0,9.0,9.0,4.0,44.44,1.0,0.0,5.72,1.67,7.0,7.0,4.0,57.14,1.0,0.0,0.0,3.0,2.0,2.0,1.0,2.0,1.0,0.0,0.0,0.0,,50.0,50.0,0.0,0.0,1.0,0.0,0.0,0.0,,1.0,0.0,0.0,4.0,1.0,25.0,0.0,0.0
1207,Liga I (RO),974002,Giovani-David Ghimfus,G. Ghimfus,2005-07-12,46.87,10.76,13.49,11,10,1,172.0,17.2,9.9,57.56,1.1,0.0,7.51,2.09,92.0,9.2,5.9,64.13,0.9,0.3,33.33,6.9,60.0,6.0,3.7,2.8,1.6,0.8,0.6,0.4,66.67,61.67,57.14,0.4,1.5,0.0,0.5,0.6,0.2,33.33,2.1,0.5,23.81,2.6,0.5,19.23,0.0,0.0
1207,Liga I (RO),976332,Din Alomerovic,D. Alomerovic,1997-06-29,84.41,21.65,22.27,31,30,1,1195.0,39.83,27.73,69.62,2.13,0.2,6.35,1.97,734.0,24.47,18.57,75.89,1.0,0.37,36.67,22.47,340.0,11.33,8.13,6.87,4.87,1.63,1.17,0.83,71.43,71.76,70.87,0.2,1.97,0.07,0.43,0.73,0.53,72.73,1.77,0.27,15.09,2.87,0.8,27.91,0.23,8.14
1207,Liga I (RO),983447,Luca Barbulescu,L. Barbulescu,2007-03-31,8.76,2.88,1.59,1,1,0,9.0,9.0,5.0,55.56,3.0,0.0,3.53,0.92,6.0,6.0,4.0,66.67,0.0,0.0,,6.0,2.0,2.0,0.0,1.0,0.0,1.0,1.0,0.0,0.0,0.0,0.0,0.0,0.0,0.0,0.0,0.0,0.0,,0.0,0.0,,1.0,1.0,100.0,0.0,0.0
1207,Liga I (RO),984830,Rafael Gomes Garutti,Rafael Garutti,1998-11-25,29.92,4.5,14.11,1,1,0,8.0,8.0,6.0,75.0,0.0,0.0,2.07,0.91,3.0,3.0,3.0,100.0,0.0,0.0,,3.0,0.0,0.0,0.0,0.0,0.0,0.0,0.0,0.0,,,,0.0,0.0,0.0,0.0,0.0,0.0,,0.0,0.0,,0.0,0.0,,0.0,
1207,Liga I (RO),985374,Moses Abbey,M. Abbey,2002-08-18,55.62,13.24,16.29,29,24,5,504.0,21.0,14.88,70.83,2.67,0.29,8.69,2.3,326.0,13.58,10.42,76.69,1.46,0.96,65.71,10.29,185.0,7.71,5.29,3.5,2.17,1.17,0.75,0.25,33.33,68.65,61.9,0.75,3.5,0.17,0.83,0.29,0.25,85.71,2.17,0.71,32.69,3.67,0.62,17.04,0.42,11.36
1207,Liga I (RO),985515,Robert Moldoveanu,R. Moldoveanu,1999-03-08,57.86,13.21,15.33,28,25,3,414.0,16.56,8.8,53.14,2.16,0.24,4.77,1.25,253.0,10.12,5.2,51.38,2.56,1.0,39.06,6.4,86.0,3.44,1.44,2.04,0.8,1.08,0.8,0.16,20.0,41.86,39.22,0.4,0.84,0.36,0.44,0.24,0.04,16.67,2.88,0.24,8.33,4.72,0.68,14.41,0.76,16.1
1207,Liga I (RO),985516,Costinel Andrei Tofan,A. Tofan,1996-08-02,65.29,13.37,18.95,11,11,0,218.0,19.82,9.36,47.25,0.45,0.0,4.39,1.31,108.0,9.82,5.36,54.63,0.82,0.27,33.33,8.73,36.0,3.27,1.0,1.27,0.27,0.55,0.36,0.09,25.0,30.55,21.43,0.0,0.36,0.0,0.27,0.27,0.27,100.0,1.09,0.09,8.33,1.73,0.18,10.53,0.0,0.0
1207,Liga I (RO),985518,Ionuţ Laurenţiu Rădescu,I. Rădescu,1995-03-20,58.32,12.54,15.95,29,26,3,376.0,14.46,7.0,48.4,1.19,0.08,5.6,1.53,185.0,7.12,3.69,51.89,1.58,0.54,34.15,4.23,84.0,3.23,1.46,2.0,0.69,0.81,0.5,0.12,23.08,45.24,34.62,0.31,0.58,0.35,0.42,0.04,0.0,0.0,2.0,0.15,7.69,3.27,0.73,22.35,0.35,10.59
1207,Liga I (RO),985525,Christian Nikolas Pirvu Yanis,C. Pirvu,2007-04-02,45.18,9.96,12.26,33,30,3,414.0,13.8,7.0,50.73,1.4,0.1,6.37,1.69,215.0,7.17,4.07,56.74,1.4,0.63,45.24,5.17,106.0,3.53,1.77,2.13,0.83,0.97,0.73,0.37,50.0,50.0,39.06,0.2,0.9,0.13,0.7,0.13,0.07,50.0,1.67,0.2,12.0,2.6,0.83,32.05,0.3,11.54
1207,Liga I (RO),985528,Patrick Dulcea,P. Dulcea,2005-02-10,48.6,10.47,14.67,29,28,1,474.0,16.93,10.54,62.24,1.93,0.18,7.45,2.11,282.0,10.07,6.43,63.83,1.21,0.57,47.06,7.46,168.0,6.0,3.64,3.57,2.14,0.57,0.39,0.14,36.36,60.71,60.0,0.36,1.46,0.21,0.5,0.36,0.18,50.0,1.86,0.36,19.23,2.82,0.57,20.25,0.29,10.13
1207,Liga I (RO),988424,Mark Țuțu,M. Țuțu,2004-01-02,79.47,19.13,22.93,31,30,1,793.0,26.43,16.6,62.8,1.2,0.13,5.74,1.75,498.0,16.6,11.67,70.28,0.8,0.43,54.17,15.63,206.0,6.87,4.2,3.67,2.33,1.4,0.8,0.6,75.0,61.17,63.64,0.1,1.57,0.17,0.27,0.37,0.13,36.36,1.1,0.17,15.15,2.07,0.73,35.48,0.13,6.45
1207,Liga I (RO),998267,Adrian Briciu ,A. Briciu,2007-08-17,91.53,27.81,19.97,1,1,0,12.0,12.0,4.0,33.33,0.0,0.0,3.81,2.64,7.0,7.0,3.0,42.86,0.0,0.0,,7.0,1.0,1.0,0.0,1.0,0.0,0.0,0.0,0.0,,0.0,0.0,0.0,0.0,0.0,0.0,0.0,0.0,,0.0,0.0,,0.0,0.0,,0.0,
1207,Liga I (RO),999035,Omar Pašagić,O. Pašagić,1997-10-11,91.03,21.53,26.52,17,15,2,637.0,42.47,34.0,80.06,0.73,0.13,4.88,1.56,392.0,26.13,23.0,88.01,0.13,0.0,0.0,24.33,140.0,9.33,7.8,4.2,3.6,0.73,0.07,0.07,100.0,83.57,85.71,0.07,0.27,0.0,0.0,0.27,0.07,25.0,0.27,0.0,0.0,0.93,0.13,14.29,0.0,0.0
1207,Liga I (RO),1002889,Ianis Tarbă,I. Tarbă,2006-07-04,30.73,10.08,5.38,9,9,0,151.0,16.78,9.22,54.97,2.67,0.11,7.44,2.06,115.0,12.78,7.89,61.74,1.56,0.56,35.71,10.0,52.0,5.78,2.33,3.89,1.33,1.11,0.78,0.33,42.86,40.38,34.29,0.89,2.11,0.22,0.89,0.33,0.22,66.67,2.22,0.44,20.0,3.56,0.89,25.0,0.67,18.75
1207,Liga I (RO),1008874,Razvan Marincean,R. Marincean,2009-02-27,7.06,3.18,0.89,1,1,0,3.0,3.0,3.0,100.0,0.0,0.0,2.87,0.93,2.0,2.0,2.0,100.0,0.0,0.0,,1.0,1.0,1.0,1.0,0.0,0.0,0.0,0.0,0.0,,100.0,,0.0,2.0,0.0,0.0,0.0,0.0,,0.0,0.0,,0.0,0.0,,0.0,
1207,Liga I (RO),1008909,Andrei Tolcea,A. Tolcea,2008-02-25,14.92,4.1,2.73,1,1,0,3.0,3.0,2.0,66.67,0.0,0.0,7.9,2.1,1.0,1.0,1.0,100.0,0.0,0.0,,0.0,2.0,2.0,1.0,0.0,0.0,0.0,0.0,0.0,,50.0,,0.0,1.0,0.0,0.0,0.0,0.0,,1.0,1.0,100.0,1.0,0.0,0.0,0.0,0.0
1207,Liga I (RO),1009087,Ioan Bârstan,I. Bârstan,2004-06-24,26.27,5.74,7.88,2,2,0,15.0,7.5,5.0,66.67,0.0,0.0,9.98,2.36,8.0,4.0,2.5,62.5,0.5,0.0,0.0,3.0,9.0,4.5,3.5,2.5,2.0,0.5,0.5,0.5,100.0,77.78,80.0,0.0,0.5,0.0,0.0,0.0,0.0,,0.5,0.0,0.0,0.5,0.0,0.0,0.0,0.0
1207,Liga I (RO),1009777,Matei Popa,M. Popa,2007-04-29,93.51,29.21,18.42,12,11,1,143.0,13.0,7.55,58.04,0.0,0.0,3.43,2.26,84.0,7.64,4.82,63.09,0.09,0.0,0.0,7.64,16.0,1.45,1.0,0.09,0.09,0.0,0.0,0.0,,68.75,100.0,0.0,0.0,0.0,0.0,0.0,0.0,,0.27,0.09,33.33,0.27,0.0,0.0,0.0,0.0
1207,Liga I (RO),1017076,Máté Simon,M. Simon,2006-07-19,99.35,24.02,36.58,2,1,1,27.0,27.0,17.0,62.96,0.0,0.0,2.82,2.05,15.0,15.0,12.0,80.0,0.0,0.0,,13.0,2.0,2.0,0.0,2.0,0.0,0.0,0.0,0.0,,0.0,0.0,0.0,0.0,0.0,0.0,0.0,0.0,,1.0,1.0,100.0,1.0,1.0,100.0,0.0,0.0
1207,Liga I (RO),1017099,David Matei,D. Matei,2006-07-19,80.08,24.38,18.6,31,31,0,940.0,30.32,19.26,63.51,3.13,0.32,6.42,1.76,647.0,20.87,14.1,67.54,3.29,1.29,39.22,15.1,254.0,8.19,4.74,4.29,2.0,2.0,1.65,0.32,19.61,57.87,46.62,0.87,2.45,0.65,0.9,0.48,0.16,33.33,4.32,0.35,8.21,6.52,1.42,21.78,1.0,15.35
1207,Liga I (RO),1018009,Moussa  Samake,M. Samake,2004-12-01,46.25,12.82,10.11,1,1,0,28.0,28.0,11.0,39.29,1.0,0.0,5.85,1.65,16.0,16.0,4.0,25.0,7.0,1.0,14.29,8.0,8.0,8.0,3.0,1.0,0.0,0.0,0.0,0.0,,37.5,0.0,2.0,1.0,0.0,0.0,1.0,1.0,100.0,7.0,0.0,0.0,9.0,0.0,0.0,0.0,0.0
1207,Liga I (RO),1018018,Luca Crăciun,L. Crăciun,2008-08-25,1.78,0.13,0.5,1,1,0,0.0,0.0,0.0,,0.0,0.0,,,0.0,0.0,0.0,,0.0,0.0,,0.0,0.0,0.0,0.0,0.0,0.0,0.0,0.0,0.0,,,,0.0,0.0,0.0,0.0,0.0,0.0,,0.0,0.0,,0.0,0.0,,0.0,
1207,Liga I (RO),1018020,Petriu Rafael  Ionuț,P. Ionuț,2008-11-02,16.15,3.42,4.38,1,1,0,3.0,3.0,0.0,0.0,0.0,0.0,13.53,2.7,2.0,2.0,0.0,0.0,0.0,0.0,,2.0,2.0,2.0,0.0,1.0,0.0,1.0,1.0,0.0,0.0,0.0,0.0,0.0,0.0,0.0,0.0,1.0,0.0,0.0,0.0,0.0,,0.0,0.0,,0.0,
1207,Liga I (RO),1018021,Adriano George Flavius Manole,A. Manole,2007-07-28,8.16,1.68,1.99,5,4,1,6.0,1.5,0.5,33.33,0.0,0.0,2.33,1.03,4.0,1.0,0.25,25.0,0.25,0.0,0.0,0.25,0.0,0.0,0.0,0.0,0.0,0.0,0.0,0.0,,,,0.0,0.0,0.0,0.0,0.0,0.0,,0.25,0.0,0.0,0.75,0.0,0.0,0.0,0.0
1207,Liga I (RO),1018022,Caio Ferreira Martins,Caio Ferreira,2000-12-15,74.53,15.67,20.13,16,15,1,337.0,22.47,11.07,49.26,3.07,0.27,7.59,2.14,199.0,13.27,6.67,50.25,3.13,1.33,42.55,7.67,101.0,6.73,2.33,4.07,1.27,1.47,1.27,0.4,31.58,34.65,31.15,0.73,1.53,0.33,1.8,0.93,0.13,14.29,4.13,0.4,9.68,6.0,1.0,16.67,0.87,14.44
1207,Liga I (RO),1018055,Luca  Stancu,L. Stancu,2005-05-09,61.39,14.87,17.33,29,27,2,591.0,21.89,15.11,69.04,1.19,0.11,5.38,1.72,400.0,14.81,11.04,74.5,1.04,0.63,60.71,12.89,143.0,5.3,3.59,3.3,2.04,0.56,0.41,0.26,63.64,67.83,61.8,0.04,1.48,0.04,0.26,0.56,0.44,80.0,1.52,0.19,12.19,2.48,0.48,19.4,0.22,8.96
1207,Liga I (RO),1018056,Florin Eugen  Alexandru Gașpăr,F. Alexandru Gașpăr,,43.48,6.79,9.74,1,1,0,7.0,7.0,4.0,57.14,0.0,0.0,7.67,2.26,6.0,6.0,4.0,66.67,1.0,0.0,0.0,4.0,2.0,2.0,1.0,1.0,0.0,0.0,0.0,0.0,,50.0,0.0,0.0,0.0,0.0,1.0,0.0,0.0,,1.0,0.0,0.0,2.0,1.0,50.0,0.0,0.0
1207,Liga I (RO),1018075,Andrei Sava,A. Sava,1991-05-07,87.76,21.49,25.48,29,23,6,786.0,34.17,22.74,66.54,1.43,0.09,5.59,1.73,524.0,22.78,16.26,71.37,1.04,0.43,41.67,21.35,207.0,9.0,5.78,5.61,3.7,1.39,0.91,0.48,52.38,64.25,65.89,0.04,1.74,0.04,0.43,1.09,0.35,32.0,1.61,0.35,21.62,2.61,0.83,31.67,0.22,8.33
1207,Liga I (RO),1018076,Stefan Visic,S. Visic,1997-11-20,46.19,11.4,12.56,23,19,4,158.0,8.32,3.58,43.04,1.32,0.11,5.24,1.44,84.0,4.42,2.16,48.81,1.26,0.47,37.5,1.84,37.0,1.95,0.84,0.84,0.26,0.58,0.37,0.05,14.29,43.24,31.25,0.16,0.84,0.16,0.21,0.0,0.0,,1.63,0.21,12.9,2.74,0.32,11.54,0.37,13.46
1207,Liga I (RO),1018077,Alexandru Gheorghe,A. Gheorghe,2002-10-12,54.86,12.43,15.7,12,9,3,177.0,19.67,14.22,72.32,0.33,0.0,4.12,1.45,98.0,10.89,8.44,77.55,0.67,0.56,83.33,9.11,30.0,3.33,2.56,1.67,1.33,0.0,0.0,0.0,,76.67,80.0,0.22,0.44,0.0,0.11,0.22,0.0,0.0,1.11,0.22,20.0,1.56,0.33,21.43,0.0,0.0
1207,Liga I (RO),1018078,Gab Dumitru,G. Dumitru,2005-10-14,77.66,19.7,22.06,11,9,2,297.0,33.0,23.67,71.72,1.0,0.0,4.38,1.39,153.0,17.0,13.44,79.08,0.67,0.11,16.67,15.0,54.0,6.0,4.67,3.0,2.44,1.56,0.44,0.33,75.0,77.78,81.48,0.22,0.67,0.0,0.11,0.22,0.22,100.0,1.44,0.22,15.38,1.67,0.44,26.67,0.0,0.0
1207,Liga I (RO),1018079,Marian Laurențiu Lis,M. Lis,2004-09-08,35.96,8.36,10.41,22,17,5,186.0,10.94,5.71,52.15,1.0,0.06,6.39,1.92,127.0,7.47,4.18,55.91,1.47,0.65,44.0,5.71,52.0,3.06,1.65,1.94,0.82,0.53,0.41,0.12,28.57,53.85,42.42,0.29,0.71,0.18,0.18,0.29,0.06,20.0,1.88,0.18,9.38,2.76,0.82,29.79,0.06,2.13
1207,Liga I (RO),1018080,Adrian Sîrbu,A. Sîrbu,2004-06-09,30.28,7.22,7.88,12,10,2,77.0,7.7,4.1,53.25,0.7,0.1,6.83,1.83,52.0,5.2,3.0,57.69,1.5,0.5,33.33,2.2,24.0,2.4,1.2,1.6,0.5,0.6,0.6,0.1,16.67,50.0,31.25,0.3,1.0,0.1,0.2,0.1,0.1,100.0,2.2,0.4,18.18,3.5,0.8,22.86,0.5,14.29
1207,Liga I (RO),1018081,Dragoş Ionuţ Huiban,D. Huiban,1990-01-29,69.53,17.03,19.77,38,32,6,590.0,18.44,10.16,55.08,1.78,0.16,5.94,1.66,383.0,11.97,6.81,56.92,2.69,1.44,53.49,7.06,146.0,4.56,2.56,2.69,1.28,0.94,0.78,0.25,32.0,56.17,47.67,0.78,1.66,0.69,0.41,0.28,0.09,33.33,3.72,0.81,21.85,6.12,0.72,11.73,0.84,13.78
1207,Liga I (RO),1018082,Robert Cornel Neacşu,R. Neacşu,2000-01-30,69.35,16.25,18.88,19,16,3,388.0,24.25,14.62,60.31,1.81,0.12,4.01,1.29,233.0,14.56,9.62,66.09,1.12,0.56,50.0,12.75,57.0,3.56,1.81,2.25,1.19,0.94,0.56,0.25,44.44,50.88,52.78,0.12,0.94,0.12,0.38,0.19,0.06,33.33,1.75,0.06,3.57,2.56,0.62,24.39,0.5,19.51
1207,Liga I (RO),1018083,Cristian Nicolae Nedelcovici,C. Nedelcovici,1993-06-02,63.16,14.68,17.34,4,4,0,47.0,11.75,5.0,42.55,0.0,0.0,5.17,3.42,25.0,6.25,2.75,44.0,0.0,0.0,,5.75,9.0,2.25,1.25,1.5,1.0,0.0,0.0,0.0,,55.56,66.67,0.0,0.0,0.0,0.0,0.25,0.0,0.0,0.25,0.25,100.0,0.25,0.25,100.0,0.0,0.0
1207,Liga I (RO),1018084,George Alexandru Caramalău,G. Caramalău,1995-06-23,90.45,22.89,25.18,17,14,3,585.0,41.79,32.43,77.61,1.29,0.14,4.02,1.37,347.0,24.79,20.57,83.0,0.14,0.07,50.0,23.57,99.0,7.07,5.0,3.71,2.57,1.21,0.29,0.14,50.0,70.71,69.23,0.0,0.14,0.0,0.0,1.14,0.43,37.5,0.14,0.0,0.0,0.43,0.07,16.67,0.07,16.67
1207,Liga I (RO),1018085,Răzvan Milea,R. Milea,2000-02-05,52.83,12.64,14.16,12,11,1,220.0,20.0,15.73,78.64,1.55,0.0,3.88,1.16,137.0,12.45,10.45,83.94,0.64,0.45,71.43,9.64,33.0,3.0,2.27,1.45,0.91,0.45,0.18,0.09,50.0,75.76,62.5,0.91,1.91,0.09,0.09,0.18,0.18,100.0,1.36,0.27,20.0,2.27,0.45,20.0,0.45,20.0
1207,Liga I (RO),1018086,George Petrişor Gavrilaş,G. Gavrilaş,1990-12-15,93.13,22.83,26.48,36,30,6,676.0,22.53,12.73,56.51,0.1,0.0,4.34,3.0,373.0,12.43,8.17,65.68,0.4,0.2,50.0,12.1,123.0,4.1,2.13,2.7,1.5,0.0,0.0,0.0,,52.03,55.56,0.0,0.0,0.0,0.0,0.07,0.03,50.0,0.57,0.17,29.41,0.67,0.3,45.0,0.0,0.0
1207,Liga I (RO),1018135,Dan  Neicu,D. Neicu,2002-09-16,55.33,15.16,9.99,3,3,0,76.0,25.33,20.33,80.26,0.0,0.0,3.71,1.37,53.0,17.67,14.67,83.02,0.0,0.0,,17.33,9.0,3.0,2.0,0.67,0.0,0.67,0.0,0.0,,66.66,0.0,0.0,0.0,0.0,0.0,0.0,0.0,,0.0,0.0,,0.0,0.0,,0.0,
1207,Liga I (RO),1018136,Matei Frunza,M. Frunza,2006-03-12,18.57,4.65,3.78,7,7,0,45.0,6.43,3.71,57.78,0.71,0.0,4.8,1.52,29.0,4.14,2.43,58.62,0.86,0.57,66.67,3.0,8.0,1.14,0.57,0.29,0.0,0.14,0.0,0.0,,50.0,0.0,0.0,0.43,0.14,0.0,0.14,0.0,0.0,0.86,0.14,16.67,1.29,0.14,11.11,0.29,22.22
1207,Liga I (RO),1018137,Dan-Cristian Neicu,D. Neicu,2004-11-03,21.12,5.04,5.05,9,9,0,49.0,5.44,2.67,48.98,1.0,0.11,5.32,1.4,25.0,2.78,1.78,64.0,0.44,0.11,25.0,1.44,12.0,1.33,0.78,0.78,0.56,0.44,0.33,0.22,66.67,58.33,71.43,0.33,0.22,0.11,0.11,0.0,0.0,,0.78,0.56,71.43,1.22,0.22,18.18,0.11,9.09
1207,Liga I (RO),1018321,Stancu Claudiu  Constantin,S. Constantin,2009-11-04,24.88,4.73,6.36,1,1,0,10.0,10.0,5.0,50.0,0.0,0.0,1.93,0.88,6.0,6.0,3.0,50.0,0.0,0.0,,5.0,0.0,0.0,0.0,0.0,0.0,0.0,0.0,0.0,,,,0.0,0.0,0.0,0.0,0.0,0.0,,0.0,0.0,,0.0,0.0,,0.0,
1207,Liga I (RO),1018435,Dávid Kelemen,D. Kelemen,1992-05-24,100.56,20.33,35.3,4,3,1,98.0,32.67,27.0,82.65,0.67,0.0,2.91,1.14,56.0,18.67,17.67,94.64,0.0,0.0,,17.0,10.0,3.33,2.67,0.67,0.33,0.0,0.0,0.0,,80.0,50.0,0.0,0.0,0.0,0.0,0.0,0.0,,0.33,0.0,0.0,0.67,0.0,0.0,0.0,0.0
1207,Liga I (RO),1018436,János Nagy,J. Nagy,1992-08-07,,,,1,0,1,,,,,,,,,,,,,,,,,,,,,,,,,,,,,,,,,,,,,,,,,,
1207,Liga I (RO),1018437,Jozef Dolný,J. Dolný,1992-05-13,50.91,10.99,15.42,16,14,2,181.0,12.93,6.64,51.38,2.71,0.07,5.21,1.43,125.0,8.93,4.86,54.4,1.93,0.79,40.74,4.64,39.0,2.79,1.36,1.79,0.71,0.71,0.71,0.29,40.0,48.72,40.0,0.71,1.21,0.36,0.14,0.0,0.0,,2.57,0.64,25.0,4.93,0.86,17.39,1.14,23.19
1207,Liga I (RO),1018438,Peter Gál-Andrezly,P. Gál-Andrezly,1990-05-03,82.4,18.44,24.44,8,7,1,197.0,28.14,18.43,65.48,1.29,0.14,4.42,1.49,139.0,19.86,13.43,67.63,2.29,1.14,50.0,18.14,40.0,5.71,3.29,3.71,1.71,1.29,1.0,0.57,57.14,57.5,46.16,0.14,2.14,0.29,0.43,0.29,0.14,50.0,3.57,0.86,24.0,4.86,1.57,32.35,0.29,5.88
1207,Liga I (RO),1018439,Szilárd Veres,S. Veres,1996-01-27,86.61,19.36,27.18,32,30,2,803.0,26.77,19.17,71.61,1.8,0.13,4.07,1.26,458.0,15.27,11.97,78.38,0.97,0.43,44.83,12.8,123.0,4.1,2.43,2.1,1.3,0.73,0.47,0.17,35.71,59.35,61.9,0.83,1.07,0.1,0.2,0.13,0.1,75.0,1.6,0.1,6.25,2.6,0.6,23.08,0.1,3.85
1207,Liga I (RO),1018440,Raul Ioan Palmes,R. Palmes,1996-08-16,89.14,19.57,27.09,29,29,0,861.0,29.69,21.93,73.87,0.93,0.03,5.0,1.66,470.0,16.21,13.48,83.19,0.34,0.14,40.0,14.62,194.0,6.69,4.66,3.34,2.52,0.83,0.21,0.14,66.67,69.59,75.26,0.1,0.28,0.0,0.03,0.38,0.24,63.64,0.48,0.03,7.14,0.97,0.24,25.0,0.07,7.14
1207,Liga I (RO),1018441,Soufiane Jebari Jebari,S. Jebari,1995-02-24,43.76,9.21,13.13,25,24,1,389.0,16.21,9.71,59.9,1.79,0.17,8.56,2.35,247.0,10.29,6.38,61.94,1.25,0.46,36.67,7.88,144.0,6.0,3.38,3.33,1.58,0.83,0.67,0.29,43.75,56.25,47.5,0.79,1.46,0.17,0.79,0.71,0.33,47.06,2.04,0.25,12.24,3.21,0.67,20.78,0.58,18.18
1207,Liga I (RO),1018442,Erwin Szilard Bloj,E. Bloj,1997-07-24,68.78,15.05,21.65,13,13,0,266.0,20.46,12.31,60.15,0.85,0.08,3.99,1.35,145.0,11.15,7.23,64.83,0.62,0.15,25.0,10.23,45.0,3.46,1.92,1.62,0.77,0.69,0.38,0.15,40.0,55.56,47.62,0.0,1.15,0.08,0.0,0.38,0.15,40.0,0.85,0.23,27.27,1.92,0.69,36.0,0.08,4.0
1207,Liga I (RO),1018445,Attila Csürös,A. Csuros,1995-02-15,86.84,18.86,27.59,21,20,1,660.0,33.0,25.0,75.76,1.25,0.1,3.91,1.44,368.0,18.4,15.6,84.78,0.2,0.1,50.0,16.45,105.0,5.25,4.2,3.4,2.85,0.5,0.15,0.15,100.0,80.0,83.82,0.45,0.2,0.05,0.1,0.4,0.2,50.0,0.65,0.05,7.69,1.1,0.3,27.27,0.0,0.0
1207,Liga I (RO),1018450,Ervin-Raul Bakoș,E. Bakoș,2004-05-27,52.98,12.72,14.88,11,10,1,118.0,11.8,6.6,55.93,2.5,0.3,5.86,1.59,80.0,8.0,4.7,58.75,2.1,1.2,57.14,4.3,33.0,3.3,1.3,1.8,0.5,0.7,0.5,0.0,0.0,39.39,27.78,0.8,1.7,0.9,0.3,0.0,0.0,,2.5,0.1,4.0,3.9,0.8,20.51,1.0,25.64
1207,Liga I (RO),1018454,Zoltán-Efraim Bödő,Z. Bödő,2007-02-01,72.08,15.47,22.26,30,29,1,393.0,13.55,8.48,62.6,1.62,0.07,4.03,1.16,213.0,7.34,4.83,65.73,0.62,0.17,27.78,5.76,62.0,2.14,1.38,0.72,0.34,0.34,0.17,0.07,40.0,64.52,47.62,0.41,1.07,0.07,0.14,0.07,0.07,100.0,0.72,0.03,4.76,1.69,0.31,18.37,0.24,14.29
1207,Liga I (RO),1018456,Alpár Gergely,A. Gergely,2007-10-18,18.36,3.91,5.19,4,4,0,17.0,4.25,2.0,47.06,2.0,0.0,2.04,0.74,11.0,2.75,1.25,45.46,1.25,0.75,60.0,1.0,1.0,0.25,0.25,0.25,0.25,0.0,0.0,0.0,,100.0,100.0,0.0,0.0,0.0,0.0,0.0,0.0,,1.25,0.25,20.0,1.25,0.25,20.0,0.5,40.0
1207,Liga I (RO),1018528,Loránd Bencze,L. Bencze,2009-07-04,5.22,1.35,1.76,1,1,0,1.0,1.0,0.0,0.0,0.0,0.0,0.0,0.0,0.0,0.0,0.0,,0.0,0.0,,0.0,0.0,0.0,0.0,0.0,0.0,0.0,0.0,0.0,,,,0.0,0.0,0.0,0.0,0.0,0.0,,0.0,0.0,,0.0,0.0,,0.0,
1207,Liga I (RO),1018529,Alexandru-Simion Tabuncic,A. Tabuncic,2006-05-27,10.76,2.15,4.97,1,1,0,5.0,5.0,1.0,20.0,0.0,0.0,4.67,1.24,3.0,3.0,1.0,33.33,1.0,0.0,0.0,1.0,1.0,1.0,0.0,0.0,0.0,0.0,0.0,0.0,,0.0,,0.0,0.0,0.0,0.0,0.0,0.0,,2.0,0.0,0.0,2.0,0.0,0.0,0.0,0.0
1207,Liga I (RO),1019542,Cosmin Florin Achim,C. Florin Achim,,38.64,8.69,9.56,4,3,1,22.0,7.33,5.67,77.27,0.0,0.0,2.58,1.11,13.0,4.33,3.33,76.92,0.0,0.0,,4.33,3.0,1.0,0.33,0.33,0.33,0.0,0.0,0.0,,33.33,100.0,0.0,0.0,0.0,0.0,0.0,0.0,,0.0,0.0,,0.0,0.0,,0.0,
1207,Liga I (RO),1023407,Seydou Saeed Issah,S. Issah,2000-01-11,47.81,12.31,13.46,10,9,1,183.0,20.33,15.0,73.77,0.56,0.11,4.57,1.62,109.0,12.11,9.89,81.65,0.0,0.0,,11.22,33.0,3.67,3.0,2.0,1.44,0.11,0.11,0.11,100.0,81.82,72.22,0.22,0.22,0.0,0.0,0.33,0.11,33.33,0.11,0.11,100.0,0.44,0.0,0.0,0.0,0.0
1207,Liga I (RO),1024099,Toader Mihnea,T. Mihnea,2006-07-26,12.02,4.29,2.18,1,1,0,5.0,5.0,5.0,100.0,0.0,0.0,4.38,1.1,4.0,4.0,4.0,100.0,0.0,0.0,,4.0,1.0,1.0,1.0,1.0,1.0,1.0,1.0,1.0,100.0,100.0,100.0,0.0,0.0,0.0,0.0,0.0,0.0,,0.0,0.0,,0.0,0.0,,0.0,
1207,Liga I (RO),1029917,Alexandru Soare,A. Soare,2005-05-13,97.7,19.92,33.14,1,1,0,9.0,9.0,3.0,33.33,0.0,0.0,4.05,5.8,3.0,3.0,2.0,66.67,0.0,0.0,,3.0,1.0,1.0,0.0,1.0,0.0,0.0,0.0,0.0,,0.0,0.0,0.0,0.0,0.0,0.0,0.0,0.0,,0.0,0.0,,0.0,0.0,,0.0,
1207,Liga I (RO),1030819,Rober Sierra,R. Sierra,1996-05-21,91.55,19.56,25.12,35,32,3,884.0,27.62,19.94,72.17,1.0,0.12,4.08,1.36,407.0,12.72,10.84,85.26,0.34,0.19,54.55,10.53,159.0,4.97,3.97,1.5,1.28,0.62,0.19,0.19,100.0,79.87,85.42,0.22,1.0,0.09,0.16,0.16,0.03,20.0,0.5,0.09,18.75,1.06,0.31,29.41,0.03,2.94
1207,Liga I (RO),1031930,Luca Noveli,L. Noveli,2008-02-07,24.06,6.72,5.82,3,3,0,20.0,6.67,5.0,75.0,0.33,0.0,6.33,1.6,13.0,4.33,2.67,61.54,0.67,0.67,100.0,2.0,7.0,2.33,1.33,2.33,1.33,1.33,1.33,1.0,75.0,57.14,57.14,0.33,1.0,0.0,0.0,0.0,0.0,,1.33,0.33,25.0,2.33,1.0,42.86,0.33,14.29
1207,Liga I (RO),1032097,Előd Tóth-Pál,E. Tóth-Pál,2007-04-12,37.19,7.86,14.43,2,2,0,8.0,4.0,2.0,50.0,0.0,0.0,3.39,0.69,5.0,2.5,1.0,40.0,0.0,0.0,,2.0,1.0,0.5,0.0,0.5,0.0,0.5,0.5,0.0,0.0,0.0,0.0,0.0,0.0,0.0,0.0,0.0,0.0,,0.5,0.5,100.0,1.0,0.5,50.0,0.0,0.0
1207,Liga I (RO),1034469,Endri Celaj,E. Celaj,2004-01-23,12.18,2.12,4.39,4,4,0,5.0,1.25,0.0,0.0,0.0,0.0,2.78,0.72,3.0,0.75,0.0,0.0,0.25,0.0,0.0,0.25,1.0,0.25,0.0,0.25,0.0,0.0,0.0,0.0,,0.0,0.0,0.25,0.0,0.0,0.0,0.0,0.0,,0.25,0.0,0.0,0.25,0.0,0.0,0.0,0.0
1207,Liga I (RO),1035538,Marin Antonio  Mario,M. Mario,2008-03-05,2.12,1.01,0.5,1,1,0,0.0,0.0,0.0,,0.0,0.0,,,0.0,0.0,0.0,,0.0,0.0,,0.0,0.0,0.0,0.0,0.0,0.0,0.0,0.0,0.0,,,,0.0,0.0,0.0,0.0,0.0,0.0,,0.0,0.0,,0.0,0.0,,0.0,
1207,Liga I (RO),1035539,Muntean  Denys,M. Denys,2009-05-13,8.55,1.8,1.7,1,1,0,1.0,1.0,1.0,100.0,0.0,0.0,0.22,0.5,1.0,1.0,1.0,100.0,0.0,0.0,,1.0,0.0,0.0,0.0,0.0,0.0,0.0,0.0,0.0,,,,0.0,0.0,0.0,0.0,0.0,0.0,,0.0,0.0,,0.0,0.0,,0.0,
1207,Liga I (RO),1035806,Mircea-Mario Tache,M. Tache,2005-01-22,33.74,7.04,9.79,4,2,2,16.0,8.0,4.5,56.25,0.0,0.0,4.26,1.46,9.0,4.5,3.0,66.67,0.0,0.0,,3.5,3.0,1.5,1.0,0.0,0.0,0.0,0.0,0.0,,66.67,,0.0,1.0,0.0,0.0,0.5,0.0,0.0,0.0,0.0,,1.0,0.0,0.0,0.0,0.0
1207,Liga I (RO),1036907,Dániel Brugger,D. Brugger,2008-06-16,36.89,9.2,9.94,5,5,0,54.0,10.8,7.0,64.82,1.8,0.2,7.64,2.04,37.0,7.4,5.2,70.27,0.2,0.0,0.0,6.8,21.0,4.2,3.0,2.2,1.6,0.8,0.8,0.6,75.0,71.43,72.73,1.2,1.0,0.0,0.0,0.2,0.2,100.0,0.4,0.2,50.0,1.0,0.4,40.0,0.0,0.0
1207,Liga I (RO),1036928,Moldovan Iulian,M. Iulian,2008-06-04,2.03,1.01,0.5,1,1,0,2.0,2.0,2.0,100.0,0.0,0.0,1.78,0.9,2.0,2.0,2.0,100.0,0.0,0.0,,2.0,0.0,0.0,0.0,0.0,0.0,0.0,0.0,0.0,,,,0.0,0.0,0.0,0.0,0.0,0.0,,0.0,0.0,,0.0,0.0,,0.0,
1207,Liga I (RO),1036953,Alexandru Goncear,A. Goncear,2009-07-07,24.96,7.74,6.14,9,8,1,97.0,12.12,7.25,59.8,1.0,0.0,9.07,2.63,68.0,8.5,5.25,61.77,0.88,0.38,42.86,6.38,43.0,5.38,2.75,2.25,1.0,0.25,0.12,0.0,0.0,51.16,44.45,0.25,1.25,0.12,0.25,0.5,0.38,75.0,1.62,0.5,30.77,2.38,0.75,31.58,0.0,0.0
1207,Liga I (RO),1039550,Bogdan Buse,B. Buse,2007-07-29,,,,1,0,1,,,,,,,,,,,,,,,,,,,,,,,,,,,,,,,,,,,,,,,,,,
1207,Liga I (RO),1039671,Darius Bota,D. Bota,2009-06-17,33.28,7.26,10.73,10,10,0,95.0,9.5,4.9,51.58,1.3,0.2,5.91,1.64,54.0,5.4,3.1,57.41,1.0,0.5,50.0,3.9,24.0,2.4,1.5,1.6,1.0,0.5,0.4,0.2,50.0,62.5,62.5,0.2,0.9,0.1,0.3,0.4,0.2,50.0,1.3,0.1,7.69,2.1,0.2,9.52,0.2,9.52
1207,Liga I (RO),1039695,Rafael Popa,R. Popa,2008-05-24,84.65,23.41,27.38,1,1,0,35.0,35.0,25.0,71.43,3.0,0.0,6.47,1.51,27.0,27.0,20.0,74.07,1.0,1.0,100.0,25.0,10.0,10.0,6.0,5.0,2.0,4.0,4.0,1.0,25.0,60.0,40.0,2.0,3.0,1.0,0.0,1.0,0.0,0.0,2.0,0.0,0.0,3.0,0.0,0.0,2.0,66.67
1207,Liga I (RO),1058500,Andrei Panait,A. Panait,,10.95,4.57,1.78,1,1,0,11.0,11.0,11.0,100.0,0.0,0.0,6.31,2.01,10.0,10.0,10.0,100.0,0.0,0.0,,9.0,3.0,3.0,3.0,1.0,1.0,0.0,0.0,0.0,,100.0,100.0,0.0,1.0,0.0,0.0,0.0,0.0,,1.0,0.0,0.0,1.0,0.0,0.0,0.0,0.0
1207,Liga I (RO),1058904,David Ilies,D. Ilies,2009-02-17,96.25,22.52,27.63,1,1,0,38.0,38.0,23.0,60.53,2.0,0.0,5.2,1.44,15.0,15.0,11.0,73.33,0.0,0.0,,15.0,11.0,11.0,8.0,7.0,5.0,3.0,1.0,1.0,100.0,72.73,71.43,0.0,0.0,0.0,0.0,0.0,0.0,,0.0,0.0,,0.0,0.0,,0.0,
1207,Liga I (RO),1058951,Michael  Idowu,M. Idowu,,27.45,6.45,6.99,4,4,0,45.0,11.25,7.25,64.45,1.75,0.0,8.31,2.12,29.0,7.25,4.0,55.17,1.25,0.5,40.0,5.5,22.0,5.5,3.0,1.5,1.0,0.75,0.25,0.0,0.0,54.55,66.67,0.5,0.25,0.0,0.5,0.25,0.0,0.0,1.75,0.25,14.28,2.25,0.5,22.22,0.0,0.0
1207,Liga I (RO),1067549,Denis Ile,D. Ile,,16.57,4.42,4.65,2,2,0,12.0,6.0,3.0,50.0,3.5,0.0,7.75,2.12,6.0,3.0,1.0,33.33,0.0,0.0,,2.5,4.0,2.0,1.0,2.0,1.0,0.0,0.0,0.0,,50.0,50.0,0.5,1.0,0.5,0.5,0.0,0.0,,0.0,0.0,,1.5,0.5,33.33,1.0,66.67
1207,Liga I (RO),1067944,Szabolcs Nyitra,S. Nyitra,,14.42,3.28,4.91,1,1,0,3.0,3.0,2.0,66.67,0.0,0.0,6.11,2.07,1.0,1.0,0.0,0.0,0.0,0.0,,1.0,0.0,0.0,0.0,0.0,0.0,0.0,0.0,0.0,,,,0.0,0.0,0.0,0.0,0.0,0.0,,0.0,0.0,,0.0,0.0,,0.0,
1207,Liga I (RO),1067966,David Avram,D. Avram,2010-02-01,10.26,4.57,1.78,1,1,0,0.0,0.0,0.0,,0.0,0.0,,,0.0,0.0,0.0,,0.0,0.0,,0.0,0.0,0.0,0.0,0.0,0.0,0.0,0.0,0.0,,,,0.0,0.0,0.0,0.0,0.0,0.0,,0.0,0.0,,0.0,0.0,,0.0,
1207,Liga I (RO),1067967,Dragos andrei Aftene,D. Aftene,2009-01-01,4.36,1.41,1.45,1,1,0,1.0,1.0,1.0,100.0,0.0,0.0,0.27,0.5,1.0,1.0,1.0,100.0,0.0,0.0,,1.0,0.0,0.0,0.0,0.0,0.0,0.0,0.0,0.0,,,,0.0,0.0,0.0,0.0,0.0,0.0,,0.0,0.0,,0.0,0.0,,0.0,
