competition_edition,league,player_id,player_name,player_short_name,player_birthdate,minutes,minutes_tip,minutes_otip,performance_count,performance_included_count,performance_failed_count,possession_count_total,possession_count,possession_count_retained,possession_pct_retained,possession_count_shotwithin10s,possession_count_goalwithin10s,possession_avgdistance,possession_avgduration,reception_count_total,reception_count,reception_count_retained,reception_pct_retained,reception_count_intensepressure_tightspace,reception_count_intensepressure_tightspace_retained,reception_pct_intensepressure_tightspace_retained,reception_count_inspace,longcarry_count_total,longcarry_count,longcarry_count_retained,longcarry_count_forwardtrajectory,longcarry_count_forwardtrajectory_retained,longcarry_count_abovehsr,longcarry_count_forwardtrajectory_abovehsr,longcarry_count_forwardtrajectory_abovehsr_retained,longcarry_pct_forwardtrajectory_abovehsr_retained,longcarry_pct_retained,longcarry_pct_forwardtrajectory_retained,possession_count_forwardmomentum,giveandgo_count,possession_count_beatbymovement,possession_count_beatbypossession,possession_count_drawnpressure,possession_count_drawnpressure_retained,possession_pct_drawnpressure_retained,reception_count_intensepressure_constrainedspace,possession_count_escapedpressure,possession_pct_escapedpressure,reception_count_intensepressure,possession_count_intensepressure_progressed,possession_pct_intensepressure_progressed,possession_count_intensepressure_dangercreated,possession_pct_intensepressure_dangercreated
1265,Primeira Liga (PT),223,Aderllan Leandro de Jesus Santos,A. Santos,1989-04-09,65.9,12.72,20.48,17,16,1,356.0,22.25,16.44,73.88,0.81,0.06,3.09,1.39,214.0,13.38,10.94,81.78,0.06,0.06,100.0,12.88,36.0,2.25,1.62,0.88,0.69,0.38,0.0,0.0,,72.22,78.57,0.0,0.0,0.0,0.0,0.25,0.06,25.0,0.06,0.0,0.0,0.12,0.06,50.0,0.0,0.0
1265,Primeira Liga (PT),728,André Geraldes de Barros,André Geraldes,1991-05-02,85.07,17.6,23.04,26,25,1,654.0,26.16,19.28,73.7,0.44,0.0,4.15,1.37,405.0,16.2,13.64,84.2,0.52,0.24,46.15,14.68,103.0,4.12,3.2,1.32,0.96,1.4,0.52,0.32,61.54,77.67,72.73,0.0,1.08,0.16,0.12,0.32,0.2,62.5,0.76,0.08,10.53,1.56,0.44,28.2,0.16,10.26
1265,Primeira Liga (PT),751,André Alexandre Carreira Sousa,André Sousa,1990-07-09,17.24,3.15,4.22,12,12,0,70.0,5.83,4.0,68.57,0.42,0.08,3.95,1.31,35.0,2.92,2.58,88.57,0.25,0.08,33.33,2.25,9.0,0.75,0.42,0.33,0.25,0.0,0.0,0.0,,55.56,75.0,0.17,0.08,0.08,0.0,0.08,0.0,0.0,0.42,0.0,0.0,0.58,0.0,0.0,0.0,0.0
1265,Primeira Liga (PT),1223,Bas Kuipers,B. Kuipers,1994-08-17,86.8,23.25,22.06,17,17,0,458.0,26.94,20.18,74.89,1.71,0.35,3.52,1.32,345.0,20.29,15.59,76.81,0.71,0.29,41.67,18.71,57.0,3.35,2.35,2.0,1.18,0.71,0.59,0.24,40.0,70.18,58.82,0.18,1.59,0.24,0.12,0.12,0.06,50.0,0.94,0.35,37.5,2.53,0.53,20.93,0.24,9.3
1265,Primeira Liga (PT),1484,Armindo Tué Na Bangna,Bruma,1994-10-24,11.5,2.89,2.49,3,3,0,17.0,5.67,3.33,58.82,0.33,0.0,6.89,2.41,10.0,3.33,2.0,60.0,0.0,0.0,,2.67,6.0,2.0,1.67,1.0,0.67,0.33,0.33,0.33,100.0,83.33,66.67,0.33,0.67,0.0,0.0,0.33,0.0,0.0,0.33,0.33,100.0,0.67,0.33,50.0,0.33,50.0
1265,Primeira Liga (PT),1652,Carlos dos Santos Rodrigues,Ponck,1995-01-13,67.99,12.91,21.19,16,15,1,295.0,19.67,15.4,78.31,0.73,0.0,3.8,1.41,148.0,9.87,8.87,89.86,0.13,0.13,100.0,9.13,45.0,3.0,2.2,0.93,0.8,0.47,0.07,0.07,100.0,73.33,85.72,0.0,0.0,0.0,0.0,0.4,0.33,83.33,0.2,0.0,0.0,0.47,0.13,28.57,0.0,0.0
1265,Primeira Liga (PT),1946,Cláudio Pires Morais Ramos,Cláudio Ramos,1991-11-16,72.18,25.17,13.5,2,2,0,31.0,15.5,10.5,67.74,0.0,0.0,3.16,2.23,21.0,10.5,7.5,71.43,0.0,0.0,,10.0,3.0,1.5,0.5,0.5,0.0,0.0,0.0,0.0,,33.33,0.0,0.0,0.0,0.0,0.0,0.0,0.0,,0.5,0.0,0.0,0.5,0.5,100.0,0.0,0.0
1265,Primeira Liga (PT),2492,David  Martins Simão,David Simão,1990-05-15,56.78,13.87,14.95,12,11,1,364.0,33.09,27.82,84.07,1.0,0.18,3.21,1.46,259.0,23.55,20.73,88.03,0.18,0.0,0.0,21.09,39.0,3.55,3.36,1.36,1.27,0.0,0.0,0.0,,94.87,93.33,0.36,0.27,0.0,0.09,0.36,0.09,25.0,0.55,0.0,0.0,1.36,0.18,13.33,0.09,6.67
1265,Primeira Liga (PT),2803,Dodi Lukébakio,D. Lukébakio,1997-09-24,48.89,14.55,10.59,17,17,0,376.0,22.12,13.71,61.97,4.18,0.24,8.41,2.44,304.0,17.88,11.47,64.14,1.82,0.94,51.61,14.82,132.0,7.76,3.65,5.06,1.94,1.24,1.0,0.12,11.76,46.97,38.37,0.53,1.18,0.65,1.94,1.29,0.53,40.91,2.47,0.65,26.19,4.47,0.76,17.11,1.18,26.31
1265,Primeira Liga (PT),3493,Florian Grillitsch,F. Grillitsch,1995-08-07,62.54,20.93,14.11,20,20,0,969.0,48.45,41.95,86.58,1.5,0.2,3.81,1.5,748.0,37.4,33.55,89.71,1.25,0.5,40.0,32.65,134.0,6.7,6.25,2.8,2.4,0.5,0.35,0.2,57.14,93.28,85.71,0.8,1.2,0.2,0.1,0.15,0.15,100.0,2.25,0.25,11.11,3.1,0.55,17.74,0.15,4.84
1265,Primeira Liga (PT),3665,Frederico André Ferrão Venâncio,Frederico Venâncio,1993-02-04,89.89,21.62,24.18,22,21,1,959.0,45.67,39.05,85.51,1.43,0.14,3.46,1.43,652.0,31.05,28.86,92.94,0.19,0.1,50.0,30.1,112.0,5.33,4.62,2.57,2.19,0.52,0.14,0.05,33.33,86.61,85.18,0.14,0.19,0.0,0.05,0.14,0.05,33.33,0.29,0.0,0.0,0.38,0.14,37.5,0.0,0.0
1265,Primeira Liga (PT),4261,Hélder Luís Lopes Vieira Tavares,Hélder Tavares,1989-12-26,35.16,7.34,10.29,20,20,0,210.0,10.5,7.85,74.76,0.45,0.1,2.23,0.94,124.0,6.2,5.25,84.68,0.1,0.1,100.0,5.0,11.0,0.55,0.35,0.25,0.2,0.15,0.05,0.05,100.0,63.64,80.0,0.0,0.3,0.0,0.0,0.0,0.0,,0.25,0.0,0.0,0.75,0.1,13.33,0.05,6.67
1265,Primeira Liga (PT),4521,Ivan Ricardo Neves Abreu Cavaleiro,I. Cavaleiro,1993-10-18,70.95,16.11,18.33,13,13,0,303.0,23.31,13.31,57.1,3.08,0.23,7.01,2.14,213.0,16.38,9.92,60.56,1.92,1.0,52.0,11.54,99.0,7.62,4.08,4.77,2.15,1.31,0.77,0.23,30.0,53.54,45.16,0.54,3.23,0.38,0.38,0.69,0.23,33.33,3.38,0.77,22.73,6.46,1.38,21.43,1.08,16.67
1265,Primeira Liga (PT),4703,Jan Bednarek,J. Bednarek,1996-04-12,93.65,27.35,21.81,32,29,3,2055.0,70.86,65.1,91.87,1.79,0.28,5.56,2.51,1484.0,51.17,49.66,97.03,0.0,0.0,,50.0,484.0,16.69,15.76,9.86,9.52,1.24,0.17,0.14,80.0,94.42,96.5,0.1,0.1,0.03,0.0,0.14,0.03,25.0,0.07,0.03,50.0,0.21,0.07,33.33,0.0,0.0
1265,Primeira Liga (PT),5049,João Ricardo Silva Afonso,João Afonso,1990-05-28,53.59,11.18,16.59,13,13,0,254.0,19.54,15.31,78.35,0.15,0.0,3.56,1.45,164.0,12.62,11.08,87.8,0.0,0.0,,12.08,31.0,2.38,1.54,1.38,0.92,0.23,0.0,0.0,,64.52,66.67,0.0,0.0,0.0,0.08,0.46,0.15,33.33,0.0,0.0,,0.15,0.0,0.0,0.0,0.0
1265,Primeira Liga (PT),5053,João Miguel Coimbra Aurélio,João Aurélio,1988-08-17,69.8,14.42,18.08,21,20,1,424.0,21.2,13.35,62.97,0.9,0.05,4.21,1.26,240.0,12.0,8.3,69.17,0.85,0.35,41.18,10.5,71.0,3.55,2.1,2.45,1.6,0.65,0.55,0.35,63.64,59.16,65.31,0.05,1.6,0.05,0.25,0.1,0.1,100.0,1.25,0.1,8.0,2.25,0.65,28.89,0.0,0.0
1265,Primeira Liga (PT),5071,João Filipe Iria Santos Moutinho,João Moutinho,1986-09-08,76.21,26.22,16.83,31,31,0,2042.0,65.87,59.13,89.76,3.03,0.39,3.08,1.35,1600.0,51.61,47.9,92.81,1.16,0.81,69.44,43.23,225.0,7.26,6.61,4.03,3.55,0.19,0.1,0.06,66.67,91.11,88.0,0.68,1.23,0.16,0.23,0.65,0.39,60.0,2.97,0.26,8.7,3.87,0.32,8.33,0.29,7.5
1265,Primeira Liga (PT),5072,João Pedro Barradas Novais,João Novais,1993-07-10,30.16,6.02,7.37,2,2,0,24.0,12.0,8.5,70.83,1.0,0.0,7.72,2.08,15.0,7.5,6.5,86.67,0.0,0.0,,7.0,7.0,3.5,2.5,2.5,2.0,1.5,0.5,0.0,0.0,71.43,80.0,1.0,1.5,0.0,0.0,0.0,0.0,,0.0,0.0,,0.5,0.0,0.0,0.0,0.0
1265,Primeira Liga (PT),5126,Joel Robles Blázquez,Joel Robles,1990-06-17,98.71,26.29,25.22,31,31,0,546.0,17.61,9.39,53.3,0.06,0.06,3.84,2.86,256.0,8.26,5.06,61.33,0.13,0.1,75.0,7.48,84.0,2.71,1.48,1.84,0.94,0.0,0.0,0.0,,54.76,50.88,0.0,0.0,0.0,0.0,0.13,0.06,50.0,0.16,0.0,0.0,0.26,0.16,62.5,0.0,0.0
1265,Primeira Liga (PT),5241,Jonathan Buatu Mananga,Jonathan Buatu,1993-09-27,98.13,24.63,24.13,31,30,1,1336.0,44.53,39.2,88.02,0.57,0.13,3.4,1.54,912.0,30.4,28.87,94.96,0.07,0.03,50.0,29.57,153.0,5.1,4.7,2.7,2.6,0.73,0.1,0.1,100.0,92.16,96.3,0.0,0.0,0.0,0.03,0.17,0.13,80.0,0.17,0.03,20.0,0.33,0.13,40.0,0.0,0.0
1265,Primeira Liga (PT),5396,José Miguel da Rocha Fonte,José Fonte,1983-12-22,88.46,18.85,22.65,18,18,0,575.0,31.94,25.5,79.83,0.78,0.06,3.46,1.56,360.0,20.0,17.56,87.78,0.39,0.22,57.14,18.56,76.0,4.22,3.72,1.61,1.56,0.22,0.0,0.0,,88.16,96.55,0.0,0.06,0.0,0.0,0.11,0.0,0.0,0.56,0.0,0.0,0.83,0.22,26.67,0.06,6.67
1265,Primeira Liga (PT),6359,Lucas Eduardo dos Santos João,Lucas João,1993-09-04,20.68,4.74,5.0,19,18,1,81.0,4.5,2.67,59.26,0.72,0.0,4.7,1.69,45.0,2.5,1.61,64.44,0.61,0.28,45.45,1.17,14.0,0.78,0.72,0.33,0.28,0.06,0.06,0.06,100.0,92.86,83.33,0.17,0.33,0.22,0.06,0.06,0.06,100.0,0.83,0.17,20.0,1.28,0.06,4.35,0.33,26.09
1265,Primeira Liga (PT),6512,Luuk de Jong,L. de Jong,1990-08-27,67.03,21.38,16.47,5,3,2,54.0,18.0,11.33,62.96,3.67,0.33,1.93,0.6,35.0,11.67,7.67,65.72,4.0,1.67,41.67,4.33,6.0,2.0,1.33,1.0,0.67,0.33,0.33,0.33,100.0,66.67,66.67,0.0,1.0,0.67,0.33,0.0,0.0,,6.0,1.33,22.22,7.33,0.33,4.55,1.33,18.18
1265,Primeira Liga (PT),7902,Nélson Miguel Castro Oliveira,Nélson Oliveira,1991-08-08,55.92,14.49,13.48,26,24,2,312.0,13.0,7.29,56.09,2.04,0.25,3.67,1.13,191.0,7.96,4.58,57.59,2.04,0.96,46.94,3.75,44.0,1.83,1.08,0.83,0.42,0.29,0.21,0.0,0.0,59.09,50.0,0.58,1.21,0.33,0.12,0.08,0.08,100.0,2.71,0.38,13.85,4.38,0.46,10.48,0.75,17.14
1265,Primeira Liga (PT),8029,Nicolás Hernán Otamendi,N. Otamendi,1988-02-12,95.62,28.09,21.25,30,29,1,1679.0,57.9,50.66,87.49,1.79,0.21,5.89,2.05,1169.0,40.31,37.31,92.56,0.14,0.0,0.0,39.0,423.0,14.59,13.24,7.93,7.24,0.76,0.34,0.34,100.0,90.78,91.3,0.1,0.45,0.03,0.03,0.41,0.31,75.0,0.28,0.03,12.5,0.55,0.03,6.25,0.1,18.75
1265,Primeira Liga (PT),8598,Pedro José  da Silva Trigueira,P. Trigueira,1988-01-04,12.56,1.56,3.9,1,1,0,0.0,0.0,0.0,,0.0,0.0,,,0.0,0.0,0.0,,0.0,0.0,,0.0,0.0,0.0,0.0,0.0,0.0,0.0,0.0,0.0,,,,0.0,0.0,0.0,0.0,0.0,0.0,,0.0,0.0,,0.0,0.0,,0.0,
1265,Primeira Liga (PT),8729,Luís Miguel Afonso Fernandes,Pizzi,1989-10-06,33.78,9.32,8.44,23,23,0,439.0,19.09,16.48,86.33,1.3,0.13,2.6,1.26,349.0,15.17,13.3,87.68,0.61,0.39,64.29,12.78,38.0,1.65,1.52,0.83,0.83,0.0,0.0,0.0,,92.1,100.0,0.35,0.52,0.04,0.0,0.04,0.0,0.0,1.0,0.22,21.74,1.48,0.17,11.76,0.17,11.76
1265,Primeira Liga (PT),8790,Rafael Alexandre Fernandes Ferreira da Silva,Rafa Silva,1993-05-17,62.67,18.95,13.6,16,16,0,355.0,22.19,15.12,68.17,3.5,0.56,5.59,1.41,255.0,15.94,10.75,67.45,4.44,2.38,53.52,8.81,83.0,5.19,3.0,2.94,1.31,1.69,1.19,0.38,31.58,57.83,44.68,1.69,2.69,1.12,0.56,0.25,0.25,100.0,6.0,1.5,25.0,8.06,1.0,12.4,2.25,27.91
1265,Primeira Liga (PT),8791,Luís Rafael Soares Alves,Rafa Soares,1995-05-09,79.07,20.69,20.13,24,23,1,761.0,33.09,24.3,73.46,1.87,0.26,3.45,1.31,547.0,23.78,18.35,77.15,1.35,0.74,54.84,22.57,98.0,4.26,2.74,2.78,1.91,0.91,0.61,0.35,57.14,64.29,68.75,0.04,2.39,0.09,0.09,0.22,0.13,60.0,1.65,0.26,15.79,2.52,0.91,36.21,0.04,1.72
1265,Primeira Liga (PT),8983,Ricardo Jorge Luz Horta,Ricardo Horta,1994-09-15,83.94,28.66,18.6,28,28,0,1237.0,44.18,35.04,79.31,4.82,0.86,3.22,1.16,970.0,34.64,28.68,82.78,4.04,2.5,61.95,27.04,140.0,5.0,3.86,3.14,2.36,0.5,0.43,0.36,83.33,77.14,75.0,0.75,4.07,0.61,0.14,0.21,0.14,66.67,6.57,0.96,14.67,8.64,1.04,11.98,1.57,18.18
1265,Primeira Liga (PT),9195,Rodrigo Cunha Pereira de Pinho,Rodrigo Pinho,1991-05-30,46.52,10.49,12.39,28,27,1,204.0,7.56,3.44,45.59,1.56,0.15,4.28,1.18,107.0,3.96,1.81,45.79,0.85,0.22,26.09,1.93,38.0,1.41,0.74,0.89,0.44,0.59,0.41,0.11,27.27,52.63,50.0,0.67,0.52,0.33,0.11,0.04,0.0,0.0,1.07,0.04,3.45,2.0,0.37,18.52,0.37,18.52
1265,Primeira Liga (PT),9354,Rúben Afonso Borges Semedo,Rúben Semedo,1994-04-04,94.1,19.8,26.33,9,9,0,367.0,40.78,33.67,82.56,0.89,0.11,3.86,1.86,226.0,25.11,22.78,90.71,0.22,0.11,50.0,23.0,52.0,5.78,5.22,3.11,2.89,0.44,0.11,0.11,100.0,90.39,92.86,0.11,0.0,0.0,0.0,0.56,0.22,40.0,0.33,0.0,0.0,1.22,0.33,27.27,0.22,18.18
1265,Primeira Liga (PT),9385,Rui Tiago Dantas da Silva,Rui Silva,1994-02-07,99.66,32.28,21.24,32,31,1,667.0,21.52,15.68,72.86,0.06,0.03,3.14,2.43,388.0,12.52,10.52,84.02,0.13,0.03,25.0,12.19,64.0,2.06,1.26,1.13,0.68,0.0,0.0,0.0,,60.94,60.0,0.0,0.0,0.0,0.0,0.16,0.1,60.0,0.58,0.23,38.89,0.61,0.13,21.05,0.0,0.0
1265,Primeira Liga (PT),9703,Seko Mohamed Fofana,S. Fofana,1995-05-07,32.72,8.02,7.62,12,11,1,144.0,13.09,10.18,77.78,1.45,0.36,5.61,1.41,99.0,9.0,7.64,84.85,0.73,0.27,37.5,7.64,30.0,2.73,1.91,1.64,0.91,1.0,0.82,0.36,44.45,70.0,55.56,0.36,1.0,0.18,0.36,0.18,0.0,0.0,0.91,0.27,30.0,1.45,0.18,12.5,0.45,31.25
1265,Primeira Liga (PT),9734,Sergi Gómez Solà,Sergi Gómez,1992-03-28,95.48,22.04,27.11,28,28,0,938.0,33.5,28.29,84.43,0.36,0.0,2.78,1.23,605.0,21.61,20.11,93.06,0.07,0.0,0.0,20.57,73.0,2.61,2.18,0.96,0.86,0.36,0.0,0.0,,83.56,88.89,0.0,0.0,0.0,0.0,0.04,0.0,0.0,0.11,0.04,33.33,0.25,0.07,28.57,0.04,14.29
1265,Primeira Liga (PT),10246, Theoson-Jordan  Siebatcheu,j.Siebatcheu,1996-04-26,62.85,13.51,17.9,22,22,0,231.0,10.5,5.64,53.68,1.77,0.05,3.91,1.17,125.0,5.68,3.36,59.2,1.73,0.64,36.84,2.32,37.0,1.68,1.05,0.68,0.41,0.36,0.27,0.14,50.0,62.16,60.0,0.27,1.23,0.59,0.23,0.0,0.0,,2.18,0.27,12.5,3.77,0.45,12.05,0.91,24.1
1265,Primeira Liga (PT),10253,Thiago Emiliano da Silva,Thiago Silva,1984-09-22,76.82,22.68,16.99,8,7,1,433.0,61.86,57.43,92.84,2.0,0.14,4.3,2.16,320.0,45.71,43.29,94.69,0.14,0.0,0.0,43.86,73.0,10.43,10.14,7.57,7.43,0.29,0.14,0.14,100.0,97.26,98.11,0.0,0.0,0.0,0.29,0.14,0.0,0.0,0.29,0.0,0.0,0.57,0.0,0.0,0.0,0.0
1265,Primeira Liga (PT),10342,Tiago Rafael Maia da Silva,Tiago Silva,1993-06-02,76.03,17.83,15.77,4,3,1,130.0,43.33,36.0,83.08,2.33,0.0,3.1,1.34,91.0,30.33,27.0,89.01,0.33,0.0,0.0,28.0,14.0,4.67,4.67,2.33,2.33,0.0,0.0,0.0,,100.0,100.0,0.33,0.33,0.0,0.0,0.0,0.0,,0.33,0.0,0.0,1.0,0.0,0.0,0.33,33.33
1265,Primeira Liga (PT),10459,António Manuel Fernandes Mendes,Tomané,1992-10-23,72.85,14.86,22.24,29,28,1,426.0,15.21,6.89,45.31,1.96,0.21,5.38,1.37,234.0,8.36,3.71,44.44,2.5,0.75,30.0,3.39,89.0,3.18,1.21,1.96,0.54,1.04,0.89,0.14,16.0,38.2,27.27,0.71,0.57,0.43,0.29,0.04,0.0,0.0,3.04,0.32,10.59,5.25,0.89,17.01,0.46,8.84
1265,Primeira Liga (PT),10749,Vítor Hugo Gomes da Silva,Vítor Gomes,1987-12-25,43.23,9.75,12.43,6,6,0,118.0,19.67,15.0,76.27,2.67,0.33,6.5,1.93,81.0,13.5,11.0,81.48,0.5,0.17,33.33,10.17,40.0,6.67,6.0,3.17,2.83,0.5,0.5,0.33,66.67,90.0,89.47,1.5,1.0,0.67,0.5,0.33,0.17,50.0,1.0,0.17,16.67,2.5,0.83,33.33,0.83,33.33
1265,Primeira Liga (PT),11220,Marcos Paulo Mesquita Lopes,Rony Lopes,1995-12-28,68.83,17.03,18.1,16,16,0,396.0,24.75,16.25,65.66,3.69,0.38,5.0,1.42,263.0,16.44,11.31,68.82,1.56,0.88,56.0,11.88,86.0,5.38,3.12,3.25,1.81,1.44,1.0,0.44,43.75,58.14,55.77,1.31,1.56,0.12,0.56,0.5,0.06,12.5,2.56,0.31,12.19,3.94,0.5,12.7,0.81,20.63
1265,Primeira Liga (PT),11234,Duplexe Tchamba Bangou,D. Tchamba,1998-07-10,90.94,19.51,24.93,5,5,0,221.0,44.2,30.4,68.78,2.0,0.2,3.42,1.55,123.0,24.6,19.4,78.86,0.2,0.2,100.0,24.0,28.0,5.6,3.8,2.6,1.8,0.2,0.2,0.2,100.0,67.86,69.23,0.0,0.0,0.0,0.4,0.8,0.4,50.0,0.8,0.4,50.0,0.8,0.2,25.0,0.0,0.0
1265,Primeira Liga (PT),11265,Miguel Ângelo da Silva Rocha,Xeka,1994-11-10,58.77,16.14,15.3,12,12,0,359.0,29.92,23.83,79.67,1.08,0.25,3.36,1.3,255.0,21.25,17.75,83.53,1.25,0.75,60.0,17.08,41.0,3.42,2.5,1.0,0.5,0.42,0.0,0.0,,73.17,50.0,0.33,0.92,0.08,0.0,0.0,0.0,,2.17,0.5,23.08,3.0,0.58,19.44,0.17,5.56
1265,Primeira Liga (PT),11431,Ghislain Konan,G. Konan,1995-12-27,97.57,24.52,24.23,30,29,1,1330.0,45.86,32.28,70.38,2.52,0.17,6.02,1.91,889.0,30.66,22.07,71.99,1.48,0.55,37.21,28.72,333.0,11.48,7.03,7.62,4.14,2.97,2.21,0.93,42.19,61.26,54.3,0.07,3.31,0.07,1.28,1.86,0.83,44.44,2.21,0.21,9.38,2.93,1.07,36.47,0.17,5.88
1265,Primeira Liga (PT),12196,Jonathan Panzo,J. Panzo,2000-10-25,86.94,20.47,24.04,14,14,0,611.0,43.64,38.07,87.23,0.43,0.0,5.16,1.69,418.0,29.86,27.93,93.54,0.21,0.07,33.33,28.71,129.0,9.21,8.36,3.29,2.79,1.21,0.21,0.14,66.67,90.7,84.78,0.07,0.29,0.0,0.07,0.14,0.07,50.0,0.5,0.14,28.57,0.79,0.21,27.27,0.07,9.09
1265,Primeira Liga (PT),12249,Javier Sánchez de Felipe,Javi Sánchez,1997-03-14,90.54,23.84,23.32,15,15,0,848.0,56.53,50.2,88.8,1.67,0.13,3.65,1.56,611.0,40.73,38.0,93.29,0.07,0.07,100.0,39.07,101.0,6.73,5.93,3.33,2.8,0.4,0.07,0.07,100.0,88.12,84.0,0.0,0.13,0.0,0.0,0.4,0.27,66.67,0.27,0.0,0.0,0.6,0.27,44.44,0.0,0.0
1265,Primeira Liga (PT),12464,Rafik Guitane,R. Guitane,1999-05-26,66.03,18.5,16.71,30,30,0,1003.0,33.43,22.37,66.9,3.5,0.47,7.6,2.23,766.0,25.53,17.43,68.28,2.8,1.27,45.24,20.03,346.0,11.53,6.9,7.37,4.03,1.43,1.37,0.67,48.78,59.83,54.75,2.37,2.1,0.2,2.37,1.23,0.57,45.95,4.2,0.47,11.11,7.3,1.67,22.83,1.03,14.16
1265,Primeira Liga (PT),12649,Pablo Rosario,P. Rosario,1997-01-07,69.22,20.64,15.96,22,22,0,823.0,37.41,31.27,83.6,1.91,0.32,4.26,1.75,581.0,26.41,22.95,86.92,0.64,0.32,50.0,22.91,145.0,6.59,5.77,3.91,3.27,0.64,0.36,0.18,50.0,87.59,83.72,0.91,1.09,0.0,0.32,0.32,0.23,71.43,1.41,0.09,6.45,2.05,0.55,26.67,0.27,13.33
1265,Primeira Liga (PT),12783,Gonçalo Mendes Paciencia,Gonçalo Paciência,1994-08-01,48.03,12.94,11.21,12,11,1,149.0,13.55,7.45,55.03,2.45,0.27,3.84,1.32,82.0,7.45,3.82,51.22,1.91,0.45,23.81,2.91,22.0,2.0,1.18,1.18,0.45,0.0,0.0,0.0,,59.09,38.46,0.27,0.73,0.18,0.55,0.0,0.0,,2.73,0.0,0.0,4.09,0.64,15.56,1.0,24.45
1265,Primeira Liga (PT),12812,Yann Karamoh,Y. Karamoh,1998-07-08,18.05,4.43,5.58,1,1,0,8.0,8.0,5.0,62.5,0.0,0.0,8.35,2.79,5.0,5.0,2.0,40.0,0.0,0.0,,4.0,4.0,4.0,2.0,2.0,1.0,0.0,0.0,0.0,,50.0,50.0,0.0,0.0,0.0,0.0,0.0,0.0,,0.0,0.0,,0.0,0.0,,0.0,
1265,Primeira Liga (PT),12903,Marios Vrousai,M. Vrousai,1998-07-02,87.92,22.83,24.52,31,31,0,1266.0,40.84,27.94,68.4,3.1,0.16,4.4,1.53,839.0,27.06,19.94,73.66,1.9,1.03,54.24,23.9,209.0,6.74,3.9,4.26,2.35,1.19,1.0,0.45,45.16,57.9,55.3,0.19,0.87,0.23,0.77,0.94,0.45,48.28,3.32,0.52,15.53,5.03,1.13,22.44,0.45,8.97
1265,Primeira Liga (PT),13279,Renan Ribeiro,Renan Ribeiro,1990-03-23,100.64,23.66,25.41,32,31,1,689.0,22.23,12.77,57.47,0.16,0.0,3.9,2.69,407.0,13.13,8.35,63.64,0.13,0.03,25.0,12.61,99.0,3.19,1.9,2.03,1.13,0.03,0.0,0.0,,59.6,55.56,0.0,0.0,0.0,0.0,0.23,0.16,71.43,0.29,0.1,33.33,0.52,0.13,25.0,0.0,0.0
1265,Primeira Liga (PT),13285,Jovane Eduardo Borges Cabral,Jovane Cabral,1998-06-14,67.68,16.36,16.63,27,26,1,744.0,28.62,18.73,65.46,3.12,0.5,5.58,1.73,500.0,19.23,13.04,67.8,2.27,1.38,61.02,12.58,187.0,7.19,5.0,2.73,1.54,0.69,0.54,0.31,57.14,69.52,56.34,1.5,1.27,0.08,0.77,0.31,0.08,25.0,3.69,0.62,16.67,5.96,1.04,17.42,0.77,12.9
1265,Primeira Liga (PT),13330,Jérémy Livolant,J. Livolant,1998-01-09,92.21,18.58,25.26,33,32,1,938.0,29.31,16.38,55.86,2.84,0.5,5.72,1.48,606.0,18.94,10.91,57.59,3.62,1.75,48.28,13.03,218.0,6.81,3.25,4.47,1.66,2.31,1.84,0.5,27.12,47.71,37.06,1.12,2.47,0.59,1.0,0.38,0.06,16.67,4.81,0.75,15.58,8.09,1.88,23.17,0.97,11.97
1265,Primeira Liga (PT),13354,Yanis Begraoui,Y. Begraoui,2001-07-04,86.67,23.63,22.02,34,34,0,783.0,23.03,13.79,59.9,3.62,0.62,4.91,1.4,556.0,16.35,10.09,61.69,4.18,2.0,47.89,9.06,170.0,5.0,2.88,2.85,1.35,0.74,0.68,0.24,34.78,57.65,47.42,1.59,2.38,1.35,0.68,0.32,0.21,63.64,5.56,0.71,12.7,8.47,1.26,14.93,2.32,27.43
1265,Primeira Liga (PT),13477,Diogo Meireles Costa,Diogo Costa,1999-09-19,97.56,28.62,22.92,33,30,3,763.0,25.43,17.07,67.1,0.3,0.07,3.81,2.77,498.0,16.6,12.37,74.5,0.13,0.07,50.0,16.17,98.0,3.27,1.77,1.23,0.6,0.03,0.0,0.0,,54.08,48.65,0.03,0.0,0.0,0.0,0.13,0.03,25.0,0.6,0.27,44.44,0.77,0.3,39.13,0.0,0.0
1265,Primeira Liga (PT),13495,Carlos Alexandre Reis Pinto,Alex Pinto,1998-07-08,51.79,12.46,15.99,7,7,0,131.0,18.71,13.43,71.76,1.0,0.0,4.29,1.29,87.0,12.43,9.43,75.86,1.0,0.43,42.86,11.29,27.0,3.86,2.43,2.43,1.14,1.14,0.57,0.14,25.0,62.96,47.06,0.0,1.57,0.14,0.0,0.29,0.0,0.0,1.14,0.0,0.0,2.29,0.43,18.75,0.14,6.25
1265,Primeira Liga (PT),13919,Naïs Djouahra,N. Djouahra,1999-11-23,86.22,22.3,22.74,34,33,1,973.0,29.48,19.55,66.29,3.12,0.36,6.16,1.78,743.0,22.52,15.12,67.16,1.85,0.97,52.46,19.18,253.0,7.67,4.55,3.88,2.0,1.42,0.94,0.33,35.48,59.29,51.56,0.55,2.55,0.15,0.48,1.18,0.58,48.72,2.97,0.64,21.43,4.33,0.79,18.18,0.73,16.78
1265,Primeira Liga (PT),13976,Paulo André Rodrigues de Oliveira,Paulo Oliveira,1992-01-08,54.17,18.92,10.46,17,17,0,645.0,37.94,34.12,89.92,0.35,0.0,3.37,1.48,498.0,29.29,27.53,93.98,0.06,0.06,100.0,28.65,70.0,4.12,3.94,2.12,2.12,0.29,0.0,0.0,,95.71,100.0,0.0,0.0,0.0,0.0,0.18,0.12,66.67,0.06,0.0,0.0,0.24,0.12,50.0,0.0,0.0
1265,Primeira Liga (PT),13987,Giorgi Kochorashvili,G. Kochorashvili,1999-06-29,39.79,12.64,8.41,18,17,1,495.0,29.12,25.53,87.68,1.59,0.12,3.51,1.33,382.0,22.47,20.35,90.58,0.53,0.24,44.44,20.41,63.0,3.71,3.29,1.18,1.06,0.35,0.24,0.24,100.0,88.89,90.0,0.24,1.65,0.12,0.18,0.24,0.06,25.0,1.0,0.06,5.88,1.41,0.18,12.5,0.18,12.5
1265,Primeira Liga (PT),14013,João Manuel Neves Virginia,João Virginia,1999-10-10,100.56,32.22,22.12,2,2,0,43.0,21.5,18.0,83.72,0.0,0.0,4.75,3.0,29.0,14.5,12.5,86.21,0.0,0.0,,14.5,8.0,4.0,2.5,2.5,2.0,0.0,0.0,0.0,,62.5,80.0,0.0,0.0,0.0,0.0,0.0,0.0,,0.0,0.0,,0.0,0.0,,0.0,
1265,Primeira Liga (PT),14024,Pedro António Pereira Gonçalves,Pedro Gonçalves,1998-06-28,79.78,26.23,17.07,27,26,1,996.0,38.31,27.31,71.29,6.31,0.85,4.25,1.3,793.0,30.5,22.54,73.9,3.19,1.58,49.4,22.15,175.0,6.73,3.96,3.88,2.0,1.46,1.19,0.42,35.48,58.86,51.49,2.0,3.08,0.81,1.27,0.88,0.46,52.17,5.38,0.42,7.86,7.92,1.31,16.5,2.27,28.64
1265,Primeira Liga (PT),14273,Tom van De Looi,T. van de Looi,1999-07-02,94.93,24.2,23.79,32,31,1,1224.0,39.48,32.74,82.93,2.42,0.16,3.44,1.16,797.0,25.71,22.71,88.33,0.39,0.16,41.67,21.81,153.0,4.94,4.23,1.1,0.87,0.84,0.19,0.1,50.0,85.62,79.41,0.74,0.52,0.06,0.03,0.03,0.0,0.0,0.97,0.13,13.33,2.0,0.45,22.58,0.23,11.29
1265,Primeira Liga (PT),14346,Sydney van Hooijdonk,S. van Hooijdonk,2000-02-06,44.76,12.15,10.34,9,9,0,57.0,6.33,3.44,54.39,1.0,0.11,3.46,1.03,34.0,3.78,2.44,64.71,0.89,0.11,12.5,1.56,9.0,1.0,0.33,0.33,0.0,0.11,0.11,0.0,0.0,33.33,0.0,0.0,0.78,0.33,0.22,0.0,0.0,,1.33,0.0,0.0,2.11,0.22,10.53,0.44,21.05
1265,Primeira Liga (PT),14875,Jakub Brabec,J. Brabec,1992-08-06,93.92,23.88,27.05,25,25,0,1109.0,44.36,38.84,87.56,0.92,0.16,3.58,1.25,773.0,30.92,28.72,92.89,0.16,0.04,25.0,29.32,158.0,6.32,5.52,2.48,2.16,0.72,0.16,0.16,100.0,87.34,87.1,0.0,0.08,0.0,0.04,0.32,0.2,62.5,0.36,0.12,33.33,0.44,0.12,27.27,0.0,0.0
1265,Primeira Liga (PT),15185,Georgios Vagiannidis,G. Vagiannidis,2001-09-12,66.16,22.03,14.48,22,21,1,717.0,34.14,28.19,82.56,2.67,0.38,5.62,1.82,559.0,26.62,22.62,84.97,1.62,0.67,41.18,24.9,178.0,8.48,7.0,5.33,4.19,1.71,1.38,0.95,68.97,82.58,78.57,0.14,4.71,0.33,0.81,0.67,0.38,57.14,2.19,0.33,15.22,3.14,0.76,24.24,0.52,16.67
1265,Primeira Liga (PT),15295,Fotis Ioannidis,F. Ioannidis,2000-01-10,40.83,13.13,8.67,13,13,0,134.0,10.31,6.38,61.94,2.54,0.46,6.98,1.79,93.0,7.15,5.08,70.97,2.0,0.92,46.15,3.69,45.0,3.46,1.85,2.08,0.85,0.92,0.54,0.08,14.29,53.33,40.74,1.0,1.15,0.69,0.77,0.23,0.15,66.67,2.77,0.62,22.22,3.46,0.77,22.22,0.62,17.78
1265,Primeira Liga (PT),15373,Georgios Liavas,G. Liavas,2001-02-12,37.91,9.1,11.59,24,24,0,393.0,16.38,13.38,81.68,0.5,0.04,3.26,1.35,268.0,11.17,9.83,88.06,0.17,0.04,25.0,10.38,43.0,1.79,1.5,0.62,0.54,0.17,0.04,0.0,0.0,83.72,86.67,0.25,0.0,0.0,0.0,0.17,0.08,50.0,0.58,0.17,28.57,0.88,0.21,23.81,0.08,9.52
1265,Primeira Liga (PT),15485,Orest Lebedenko,O. Lebedenko,1998-09-23,40.05,10.0,8.37,14,13,1,202.0,15.54,11.08,71.29,0.85,0.0,5.78,1.64,115.0,8.85,6.77,76.52,0.38,0.15,40.0,7.85,57.0,4.38,3.0,2.38,1.38,0.92,0.62,0.15,25.0,68.42,58.06,0.0,1.15,0.0,0.23,0.38,0.08,20.0,0.46,0.15,33.33,1.0,0.62,61.54,0.08,7.69
1265,Primeira Liga (PT),16008,Tiago Magalhães Sá,Tiago Sá,1995-01-11,98.02,30.08,19.79,1,1,0,34.0,34.0,25.0,73.53,0.0,0.0,3.88,2.53,24.0,24.0,18.0,75.0,0.0,0.0,,23.0,5.0,5.0,2.0,2.0,1.0,0.0,0.0,0.0,,40.0,50.0,0.0,0.0,0.0,0.0,0.0,0.0,,1.0,0.0,0.0,1.0,0.0,0.0,0.0,0.0
1265,Primeira Liga (PT),16011,Murilo De Souza Costa,Murilo,1994-10-31,86.84,22.03,21.4,32,32,0,1002.0,31.31,19.12,61.08,4.81,0.59,8.17,2.34,690.0,21.56,13.56,62.9,3.06,1.25,40.82,16.56,346.0,10.81,6.66,5.47,3.06,1.47,1.16,0.5,43.24,61.56,56.0,0.47,3.5,0.81,1.34,0.5,0.19,37.5,4.38,0.78,17.86,6.44,1.09,16.99,1.06,16.5
1265,Primeira Liga (PT),16014,Francisco António Machado Mota de Castro Trincão,Francisco Trincão,1999-12-29,91.74,29.81,19.68,34,33,1,1493.0,45.24,33.21,73.41,6.97,0.91,5.96,1.67,1195.0,36.21,27.06,74.73,3.67,1.85,50.41,29.27,392.0,11.88,8.94,5.27,3.7,1.91,1.42,0.94,65.96,75.26,70.12,2.0,4.15,0.79,0.97,0.91,0.48,53.33,5.64,1.0,17.74,8.12,0.97,11.94,2.06,25.37
1265,Primeira Liga (PT),16032,Diogo Filipe Costa Rocha,Rochinha,1995-05-03,13.06,3.82,2.97,1,1,0,6.0,6.0,4.0,66.67,1.0,0.0,3.38,1.23,6.0,6.0,4.0,66.67,0.0,0.0,,6.0,0.0,0.0,0.0,0.0,0.0,0.0,0.0,0.0,,,,0.0,1.0,0.0,0.0,0.0,0.0,,1.0,0.0,0.0,1.0,0.0,0.0,0.0,0.0
1265,Primeira Liga (PT),16058,Daniel Alexis Leite Figueira,Dani Figueira,1998-07-20,93.89,22.75,23.57,10,10,0,212.0,21.2,13.8,65.1,0.1,0.0,3.78,2.79,137.0,13.7,10.2,74.45,0.0,0.0,,13.1,26.0,2.6,1.6,0.9,0.6,0.0,0.0,0.0,,61.54,66.67,0.0,0.0,0.0,0.0,0.2,0.1,50.0,0.4,0.3,75.0,0.7,0.0,0.0,0.0,0.0
1265,Primeira Liga (PT),16060,Marcelo dos Santos Ferreira,Marcelo,1989-07-27,88.73,20.94,25.21,12,12,0,548.0,45.67,36.75,80.47,0.5,0.0,3.46,1.83,342.0,28.5,25.0,87.72,0.42,0.25,60.0,26.33,57.0,4.75,3.75,2.42,2.25,0.25,0.0,0.0,,78.95,93.1,0.0,0.0,0.08,0.0,0.67,0.42,62.5,0.42,0.0,0.0,0.58,0.08,14.29,0.08,14.29
1265,Primeira Liga (PT),16066,Rafael Avelino Pereira Pinto Barbosa,R. Barbosa,1996-03-29,54.17,13.02,14.7,13,13,0,264.0,20.31,13.77,67.8,2.38,0.23,4.33,1.36,187.0,14.38,10.62,73.8,1.85,1.0,54.17,10.31,40.0,3.08,1.92,1.38,0.54,0.77,0.62,0.15,25.0,62.5,38.89,0.46,1.08,0.08,0.08,0.08,0.08,100.0,2.38,0.46,19.35,3.77,0.85,22.45,0.46,12.24
1265,Primeira Liga (PT),16084,Charles Marcelo da Silva,Charles,1994-02-04,100.81,27.22,22.08,19,17,2,430.0,25.29,16.82,66.51,0.0,0.0,3.08,2.57,284.0,16.71,12.12,72.53,0.0,0.0,,16.47,42.0,2.47,1.71,1.53,1.0,0.06,0.0,0.0,,69.05,65.38,0.0,0.0,0.0,0.0,0.0,0.0,,0.18,0.06,33.33,0.18,0.06,33.33,0.0,0.0
1265,Primeira Liga (PT),16103,André Filipe Magalhães Ribeiro Ferreira,André Ferreira,1996-05-29,98.87,24.34,28.9,22,20,2,528.0,26.4,17.05,64.58,0.05,0.05,2.79,2.32,324.0,16.2,12.4,76.54,0.1,0.05,50.0,15.7,45.0,2.25,1.15,1.05,0.6,0.0,0.0,0.0,,51.11,57.14,0.0,0.0,0.0,0.0,0.15,0.05,33.33,0.65,0.2,30.77,1.0,0.45,45.0,0.0,0.0
1265,Primeira Liga (PT),16156,Lucas Oliveira de França,Lucas França,1996-01-19,99.55,17.81,27.28,6,5,1,85.0,17.0,6.6,38.82,0.0,0.0,3.96,3.93,39.0,7.8,4.0,51.28,0.2,0.0,0.0,7.4,13.0,2.6,1.0,1.4,0.6,0.0,0.0,0.0,,38.46,42.86,0.0,0.0,0.0,0.0,0.0,0.0,,0.2,0.2,100.0,0.2,0.2,100.0,0.0,0.0
1265,Primeira Liga (PT),16180,Matheus Reis de Lima,Matheus Reis,1995-02-18,48.51,16.22,10.57,8,7,1,242.0,34.57,29.29,84.71,1.29,0.14,4.76,1.82,175.0,25.0,21.71,86.86,0.43,0.29,66.67,24.57,55.0,7.86,7.0,3.86,3.43,0.14,0.0,0.0,,89.09,88.89,0.0,0.57,0.0,0.0,0.57,0.43,75.0,0.43,0.14,33.33,0.71,0.14,20.0,0.0,0.0
1265,Primeira Liga (PT),16181,Toni Borevković,T. Borevković,1997-06-18,,,,1,0,1,,,,,,,,,,,,,,,,,,,,,,,,,,,,,,,,,,,,,,,,,,
1265,Primeira Liga (PT),16183,Nuno Miguel Gomes dos Santos,Nuno Santos,1995-02-13,18.68,6.15,3.12,4,4,0,37.0,9.25,7.25,78.38,1.25,1.0,3.86,1.39,30.0,7.5,6.0,80.0,0.5,0.25,50.0,7.0,6.0,1.5,0.75,1.5,0.75,1.0,1.0,0.25,25.0,50.0,50.0,0.25,0.5,0.0,0.25,0.25,0.25,100.0,0.5,0.25,50.0,0.5,0.25,50.0,0.25,50.0
1265,Primeira Liga (PT),16235,Caio Gobbo Secco,Caio Secco,1990-12-22,98.36,27.44,24.83,11,11,0,220.0,20.0,12.73,63.64,0.09,0.0,3.4,2.54,119.0,10.82,7.73,71.43,0.0,0.0,,11.09,23.0,2.09,1.27,0.64,0.36,0.0,0.0,0.0,,60.87,57.14,0.0,0.0,0.0,0.0,0.09,0.0,0.0,0.09,0.09,100.0,0.09,0.09,100.0,0.0,0.0
1265,Primeira Liga (PT),16256,Stephen  Antunes Eustáquio,Stephen Eustáquio,1996-12-21,25.83,8.07,5.57,8,6,2,92.0,15.33,12.17,79.35,0.17,0.0,2.76,0.98,73.0,12.17,10.17,83.56,0.83,0.33,40.0,9.67,7.0,1.17,1.0,0.33,0.17,0.17,0.17,0.0,0.0,85.71,50.0,0.67,0.5,0.17,0.0,0.0,0.0,,1.5,0.17,11.11,1.67,0.5,30.0,0.33,20.0
1265,Primeira Liga (PT),16399,Fredrik Aursnes,F. Aursnes,1995-12-10,90.84,26.29,20.35,28,27,1,1261.0,46.7,38.37,82.16,3.81,0.48,4.16,1.4,925.0,34.26,28.93,84.43,1.67,0.78,46.67,29.74,212.0,7.85,6.74,3.74,3.22,1.04,0.7,0.52,73.68,85.85,86.14,0.67,2.74,0.26,0.19,0.3,0.19,62.5,2.96,0.81,27.5,4.33,0.81,18.8,0.67,15.38
1265,Primeira Liga (PT),17113,Ianis Stoica,I. Stoica,2002-12-08,56.46,13.26,14.98,32,31,1,505.0,16.29,10.0,61.39,2.13,0.16,7.89,2.0,350.0,11.29,7.13,63.14,1.55,0.58,37.5,8.23,179.0,5.77,3.26,3.58,1.84,1.42,1.13,0.45,40.0,56.43,51.35,0.39,1.81,0.58,0.48,0.32,0.1,30.0,2.13,0.23,10.61,3.81,0.87,22.88,0.58,15.25
1265,Primeira Liga (PT),17680,Leandro Barreiro Martins,Leandro Barreiro,2000-01-03,63.45,17.5,14.69,31,31,0,725.0,23.39,18.42,78.76,2.61,0.35,3.35,1.16,475.0,15.32,12.97,84.63,1.55,0.81,52.08,11.84,91.0,2.94,2.13,1.52,1.0,0.52,0.32,0.1,30.0,72.53,65.96,0.58,0.97,0.19,0.26,0.0,0.0,,2.45,0.35,14.47,3.52,0.74,21.1,0.39,11.01
1265,Primeira Liga (PT),18406,Sikou Niakaté,S. Niakaté,1999-07-10,93.05,31.87,20.58,11,11,0,698.0,63.45,53.55,84.38,1.82,0.09,3.41,1.42,525.0,47.73,43.18,90.48,0.45,0.09,20.0,46.27,72.0,6.55,5.09,2.91,2.36,0.45,0.27,0.27,100.0,77.78,81.25,0.18,0.36,0.18,0.18,0.45,0.09,20.0,0.82,0.0,0.0,1.27,0.45,35.71,0.18,14.29
1265,Primeira Liga (PT),18565,João António Antunes Carvalho,João Carvalho,1997-03-09,91.91,24.4,23.65,33,33,0,1464.0,44.36,30.91,69.67,4.55,0.64,4.47,1.48,1010.0,30.61,22.64,73.96,3.24,1.55,47.66,24.88,279.0,8.45,5.79,4.42,2.76,1.42,0.97,0.45,46.88,68.46,62.33,1.79,1.88,0.48,0.7,0.55,0.27,50.0,4.76,0.45,9.55,7.27,1.27,17.5,1.48,20.42
1265,Primeira Liga (PT),18575,Gil Bastião Dias,Gil Dias,1996-09-28,81.54,20.91,20.89,33,32,1,937.0,29.28,16.44,56.14,3.75,0.5,8.52,2.22,644.0,20.12,12.06,59.94,2.69,1.22,45.35,15.97,359.0,11.22,6.31,5.12,2.62,2.12,1.69,0.53,31.48,56.27,51.22,0.22,1.81,0.31,1.53,0.75,0.28,37.5,3.69,0.47,12.71,5.5,0.88,15.91,0.5,9.09
1265,Primeira Liga (PT),18769,Omar Richards,O. Richards,1998-02-15,54.45,14.04,15.91,14,14,0,283.0,20.21,15.07,74.56,0.93,0.0,4.24,1.55,220.0,15.71,12.71,80.91,1.64,0.86,52.17,14.29,47.0,3.36,2.57,2.14,1.79,0.43,0.29,0.21,75.0,76.6,83.33,0.14,1.43,0.0,0.07,0.29,0.14,50.0,2.07,0.21,10.34,2.86,0.64,22.5,0.14,5.0
1265,Primeira Liga (PT),18941,Billal Brahimi,B. Brahimi,2000-03-14,29.84,6.99,7.57,4,4,0,59.0,14.75,9.25,62.71,1.5,0.0,4.63,1.61,46.0,11.5,7.5,65.22,1.0,0.5,50.0,9.5,12.0,3.0,1.5,1.75,1.0,0.25,0.25,0.0,0.0,50.0,57.14,0.0,1.75,0.0,0.25,0.0,0.0,,1.25,0.0,0.0,2.25,0.25,11.11,0.0,0.0
1265,Primeira Liga (PT),18992,André Green,A. Green,1998-07-26,50.1,11.21,15.4,5,4,1,42.0,10.5,6.0,57.14,1.5,0.0,5.55,1.51,28.0,7.0,4.5,64.28,1.25,0.5,40.0,6.0,12.0,3.0,2.0,1.5,0.75,0.75,0.25,0.0,0.0,66.67,50.0,0.5,0.25,0.0,0.0,0.0,0.0,,1.5,0.0,0.0,2.25,0.25,11.11,0.25,11.11
1265,Primeira Liga (PT),22091,Jaume Grau Ciscar,J. Grau,1997-05-05,80.75,18.29,23.27,18,18,0,490.0,27.22,20.61,75.71,1.44,0.11,4.51,1.48,313.0,17.39,14.83,85.3,0.28,0.06,20.0,15.11,88.0,4.89,4.06,1.89,1.44,0.5,0.17,0.17,100.0,82.95,76.47,0.56,0.61,0.06,0.06,0.17,0.11,66.67,0.61,0.06,9.09,1.22,0.28,22.73,0.11,9.09
1265,Primeira Liga (PT),22134,Francisco Reis Ferreira,Ferro,1997-03-26,65.86,17.87,17.59,27,27,0,913.0,33.81,27.52,81.38,0.93,0.15,2.51,1.32,582.0,21.56,19.52,90.55,0.15,0.07,50.0,20.56,72.0,2.67,2.11,0.96,0.81,0.44,0.04,0.04,100.0,79.17,84.62,0.0,0.0,0.04,0.0,0.11,0.07,66.67,0.15,0.07,50.0,0.33,0.15,44.44,0.07,22.22
1265,Primeira Liga (PT),22135,Florentino Ibrain Morris Luís,Florentino,1999-08-19,19.63,2.93,5.77,3,3,0,14.0,4.67,2.0,42.85,0.0,0.0,5.38,1.4,8.0,2.67,1.67,62.5,0.0,0.0,,2.33,3.0,1.0,0.33,0.67,0.33,0.0,0.0,0.0,,33.33,50.0,0.0,0.0,0.0,0.0,0.0,0.0,,0.0,0.0,,0.0,0.0,,0.0,
1265,Primeira Liga (PT),23035,Stéphane Diarra,S. Diarra,1998-12-09,19.39,4.33,5.78,2,2,0,15.0,7.5,4.5,60.0,0.0,0.0,6.38,1.8,9.0,4.5,2.5,55.56,0.5,0.0,0.0,2.5,4.0,2.0,0.5,1.0,0.5,1.0,0.5,0.5,100.0,25.0,50.0,0.0,1.0,0.0,0.0,0.0,0.0,,0.5,0.0,0.0,2.0,1.0,50.0,0.5,25.0
1265,Primeira Liga (PT),23453,Vangelis Pavlidis,V. Pavlidis,1998-11-21,88.04,26.37,19.3,33,32,1,728.0,22.75,12.31,54.12,4.69,0.72,4.62,1.31,485.0,15.16,8.88,58.56,4.34,1.94,44.6,7.84,137.0,4.28,2.0,2.53,1.19,1.03,0.91,0.34,37.93,46.72,46.91,1.84,2.94,1.16,0.62,0.25,0.12,50.0,5.97,0.94,15.71,8.56,1.34,15.69,2.34,27.37
1265,Primeira Liga (PT),23747,Gaizka Larrazabal Goikoetxea,Gaizka Larrazabal,1997-12-17,93.99,18.56,26.31,33,32,1,960.0,30.0,18.53,61.77,2.59,0.31,5.62,1.56,571.0,17.84,12.03,67.43,1.66,0.81,49.06,14.56,228.0,7.12,3.5,3.38,1.19,2.22,1.34,0.34,25.58,49.12,35.19,0.12,1.97,0.59,0.88,0.34,0.16,45.45,2.47,0.28,11.39,4.38,1.03,23.57,0.59,13.57
1265,Primeira Liga (PT),24052,Borja Sainz Eguskiza,Borja Sainz,2001-02-21,59.36,18.24,13.98,30,27,3,541.0,20.04,12.44,62.11,3.7,0.3,6.65,1.89,359.0,13.3,9.0,67.69,2.41,1.22,50.77,10.07,166.0,6.15,3.7,2.81,1.37,1.63,1.22,0.52,42.42,60.24,48.68,0.41,1.07,0.81,0.44,0.37,0.15,40.0,2.85,0.33,11.69,4.41,0.7,15.97,0.93,21.01
1265,Primeira Liga (PT),24100,Víctor Gómez Perea,Víctor Gómez,2000-04-01,85.16,28.26,18.77,32,32,0,1642.0,51.31,40.22,78.38,2.91,0.31,3.61,1.32,1328.0,41.5,33.72,81.25,2.72,1.41,51.72,37.97,241.0,7.53,5.78,4.19,3.22,1.44,0.97,0.59,61.29,76.76,76.87,0.22,2.62,0.28,0.44,0.56,0.34,61.11,4.38,0.75,17.14,6.12,0.81,13.27,0.66,10.71
1265,Primeira Liga (PT),24299,Sergio Bermejo Lillo,Sergio Bermejo,1997-08-17,26.26,5.79,6.5,16,15,1,100.0,6.67,4.13,62.0,0.67,0.0,6.48,1.72,59.0,3.93,2.8,71.19,0.47,0.2,42.86,2.53,23.0,1.53,1.07,0.8,0.53,0.53,0.47,0.27,57.14,69.56,66.67,0.27,0.47,0.13,0.13,0.2,0.13,66.67,0.93,0.2,21.43,1.6,0.13,8.33,0.13,8.33
1265,Primeira Liga (PT),24446,Kelian Nsona Wa Saka,K. Nsona,2002-05-11,53.09,11.2,14.39,10,10,0,142.0,14.2,7.5,52.82,1.0,0.1,9.12,2.5,96.0,9.6,5.4,56.25,1.1,0.6,54.54,6.4,57.0,5.7,3.0,3.4,1.3,0.8,0.6,0.1,16.67,52.63,38.24,0.7,0.9,0.1,0.5,1.0,0.1,10.0,1.6,0.3,18.75,2.4,0.3,12.5,0.2,8.33
1265,Primeira Liga (PT),24585,Pablo Gozálbez Gilabert,Pablo Gozálbez,2001-04-30,43.51,10.71,11.53,28,27,1,367.0,13.59,8.41,61.85,2.19,0.33,4.76,1.33,237.0,8.78,6.0,68.35,1.04,0.56,53.57,6.59,72.0,2.67,1.41,2.07,1.07,0.59,0.52,0.15,28.57,52.78,51.79,0.85,0.93,0.15,0.19,0.15,0.07,50.0,1.52,0.11,7.32,2.37,0.56,23.44,0.63,26.56
1265,Primeira Liga (PT),24690,Kaique Rocha Lima,Kaique Rocha,2001-02-28,87.38,20.27,24.26,6,6,0,225.0,37.5,30.33,80.89,1.0,0.17,2.52,1.47,148.0,24.67,22.5,91.21,0.17,0.17,100.0,23.0,16.0,2.67,1.83,0.83,0.67,0.0,0.0,0.0,,68.75,80.0,0.0,0.0,0.17,0.0,0.5,0.17,33.33,0.33,0.0,0.0,0.5,0.17,33.33,0.0,0.0
1265,Primeira Liga (PT),24863,Ricard Sánchez Sendra,Ricard Sánchez,2000-02-22,80.96,21.64,21.09,26,26,0,841.0,32.35,22.88,70.75,2.77,0.35,5.59,1.72,578.0,22.23,16.62,74.74,2.04,0.92,45.28,19.5,218.0,8.38,5.81,4.96,3.23,1.88,1.35,0.58,42.86,69.27,65.12,0.35,3.04,0.62,0.27,0.62,0.54,87.5,2.62,0.27,10.29,4.35,1.04,23.89,0.65,15.04
1265,Primeira Liga (PT),24889,Guillem Molina Gutiérrez,G. Molina,2000-05-03,55.22,9.54,16.71,7,7,0,95.0,13.57,8.29,61.05,0.14,0.14,4.54,1.29,46.0,6.57,4.29,65.22,0.57,0.29,50.0,6.43,18.0,2.57,1.29,0.86,0.14,1.14,0.43,0.14,33.33,50.0,16.66,0.0,0.43,0.0,0.0,0.14,0.0,0.0,0.86,0.0,0.0,0.86,0.43,50.0,0.0,0.0
1265,Primeira Liga (PT),25014,Anatoliy Trubin,A. Trubin,2001-08-01,100.28,29.09,22.18,32,31,1,496.0,16.0,10.58,66.13,0.06,0.03,3.89,2.74,264.0,8.52,6.58,77.27,0.03,0.0,0.0,8.23,81.0,2.61,1.68,1.61,1.06,0.03,0.0,0.0,,64.2,66.0,0.0,0.0,0.0,0.0,0.29,0.19,66.67,0.13,0.1,75.0,0.13,0.06,50.0,0.0,0.0
1265,Primeira Liga (PT),25093,Lucas Lima Linhares,Luquinhas,1996-09-28,28.35,6.79,7.89,9,9,0,70.0,7.78,6.0,77.14,0.22,0.0,3.79,1.06,48.0,5.33,4.0,75.0,0.78,0.44,57.14,4.11,10.0,1.11,0.78,0.67,0.56,0.33,0.22,0.11,50.0,70.0,83.33,0.44,1.0,0.33,0.0,0.22,0.22,100.0,1.44,0.33,23.08,1.67,0.11,6.67,0.22,13.33
1265,Primeira Liga (PT),25332,Amar Dedić,A. Dedić,2002-08-18,87.74,24.19,20.44,24,23,1,953.0,41.43,30.78,74.29,3.13,0.48,6.29,1.97,709.0,30.83,23.78,77.15,1.17,0.61,51.85,28.78,269.0,11.7,7.91,6.91,4.61,3.26,2.13,1.35,63.27,67.66,66.67,0.04,3.0,0.39,1.87,1.22,0.39,32.14,2.0,0.3,15.22,3.13,0.87,27.78,0.39,12.5
1265,Primeira Liga (PT),25572,João Paulo Santos da Costa,João Costa,1996-02-02,24.0,3.8,5.73,1,1,0,8.0,8.0,4.0,50.0,0.0,0.0,3.83,2.39,5.0,5.0,2.0,40.0,1.0,0.0,0.0,5.0,2.0,2.0,1.0,0.0,0.0,0.0,0.0,0.0,,50.0,,0.0,0.0,0.0,0.0,0.0,0.0,,1.0,0.0,0.0,1.0,0.0,0.0,0.0,0.0
1265,Primeira Liga (PT),25752,Pau Víctor Delgado,Pau Víctor,2001-11-26,76.5,25.87,17.05,32,32,0,1066.0,33.31,23.62,70.92,3.09,0.5,4.23,1.22,776.0,24.25,18.59,76.68,3.69,2.0,54.24,15.72,179.0,5.59,3.56,3.88,2.28,1.25,1.16,0.44,37.84,63.69,58.87,1.84,3.09,0.62,0.66,0.38,0.25,66.67,6.19,1.06,17.17,8.41,1.0,11.9,1.28,15.24
1265,Primeira Liga (PT),25754,Claudio Mendes Vicente,Clau Mendes,2000-12-08,28.17,4.63,8.25,13,12,1,58.0,4.83,1.42,29.31,1.17,0.25,5.05,1.57,37.0,3.08,0.83,27.03,1.25,0.25,20.0,1.17,9.0,0.75,0.08,0.5,0.0,0.33,0.25,0.0,0.0,11.11,0.0,0.42,0.33,0.42,0.08,0.08,0.08,100.0,1.5,0.17,11.11,2.08,0.25,12.0,0.58,28.0
1265,Primeira Liga (PT),25818,Luis Javier Suárez Charris,L. Suárez,1997-12-02,91.25,29.52,19.85,32,31,1,783.0,25.26,13.94,55.17,6.52,1.13,4.76,1.31,556.0,17.94,10.58,58.99,5.71,2.29,40.11,7.84,146.0,4.71,2.16,2.94,1.13,1.45,1.23,0.52,42.1,45.89,38.46,1.77,2.13,2.1,1.29,0.32,0.13,40.0,7.68,0.77,10.08,10.42,1.55,14.86,3.13,30.03
1265,Primeira Liga (PT),25832,José Manuel Fontán Mondragón,José Fontán,2000-02-11,94.25,24.33,24.2,30,29,1,1805.0,62.24,53.21,85.49,1.41,0.24,4.22,1.69,1288.0,44.41,39.93,89.91,0.45,0.21,46.15,42.0,303.0,10.45,9.0,6.07,5.28,0.72,0.21,0.14,66.67,86.14,86.93,0.1,0.66,0.03,0.0,0.45,0.28,61.54,0.76,0.17,22.73,1.41,0.34,24.39,0.03,2.44
1265,Primeira Liga (PT),25849,Sabit Abdulai,S. Abdulai,1999-05-11,76.03,17.88,23.97,16,16,0,461.0,28.81,22.38,77.66,1.38,0.06,4.51,1.46,287.0,17.94,14.75,82.23,0.44,0.12,28.57,14.25,74.0,4.62,3.5,1.19,0.75,0.69,0.31,0.12,40.0,75.68,63.16,0.44,0.38,0.12,0.19,0.06,0.06,100.0,1.19,0.38,31.58,1.94,0.06,3.23,0.06,3.23
1265,Primeira Liga (PT),25973,Maximiliano Javier Araújo Vilches,M. Araújo,2000-02-15,85.6,27.69,18.54,29,28,1,1089.0,38.89,28.29,72.73,3.36,0.36,4.89,1.62,803.0,28.68,21.93,76.46,2.46,1.21,49.27,24.18,239.0,8.54,5.75,4.82,3.0,1.71,1.18,0.54,45.46,67.36,62.22,0.79,3.11,1.07,0.75,0.79,0.46,59.09,3.29,0.29,8.7,5.43,1.64,30.26,1.36,25.0
1265,Primeira Liga (PT),25981,Ignacio de Arruabarrena Fernández,I. de Arruabarrena,1997-01-16,100.36,26.62,25.66,16,16,0,525.0,32.81,21.62,65.91,0.06,0.0,5.06,3.45,265.0,16.56,12.5,75.47,0.12,0.12,100.0,16.25,109.0,6.81,4.25,2.62,1.75,0.0,0.0,0.0,,62.39,66.67,0.0,0.0,0.0,0.0,0.38,0.19,50.0,0.56,0.06,11.11,0.75,0.38,50.0,0.0,0.0
1265,Primeira Liga (PT),26143,Amadou Danté,A. Danté,2000-10-07,54.33,12.64,14.35,17,16,1,359.0,22.44,15.56,69.36,1.5,0.0,4.4,1.56,243.0,15.19,11.44,75.31,0.62,0.19,30.0,14.25,64.0,4.0,2.31,3.19,1.81,0.75,0.69,0.19,27.27,57.81,56.86,0.12,1.25,0.12,0.31,0.75,0.38,50.0,1.0,0.12,12.5,2.12,0.56,26.47,0.12,5.88
1265,Primeira Liga (PT),26218,Yassin Oukili,Y. Oukili,2001-01-03,60.47,12.39,15.85,8,8,0,124.0,15.5,12.0,77.42,1.75,0.0,3.68,1.3,79.0,9.88,7.88,79.75,1.5,0.88,58.33,5.88,20.0,2.5,2.12,0.88,0.88,0.25,0.0,0.0,,85.0,100.0,0.75,1.38,0.0,0.0,0.0,0.0,,2.25,0.38,16.67,3.38,0.12,3.7,0.38,11.11
1265,Primeira Liga (PT),26604,Rafel Obrador Burguera,Rafel Obrador,2004-02-24,68.18,23.5,13.68,1,1,0,28.0,28.0,21.0,75.0,3.0,0.0,4.86,1.68,23.0,23.0,17.0,73.91,0.0,0.0,,22.0,6.0,6.0,5.0,2.0,1.0,0.0,0.0,0.0,,83.33,50.0,0.0,2.0,0.0,0.0,0.0,0.0,,1.0,0.0,0.0,1.0,0.0,0.0,0.0,0.0
1265,Primeira Liga (PT),26780,Arjen van der Heide,A. van der Heide,2001-11-19,30.88,7.31,7.94,10,10,0,74.0,7.4,4.7,63.51,1.2,0.0,7.34,2.04,56.0,5.6,3.8,67.86,1.1,0.7,63.64,4.6,29.0,2.9,1.5,2.0,1.0,0.8,0.7,0.0,0.0,51.72,50.0,0.2,1.0,0.0,0.2,0.1,0.0,0.0,1.3,0.4,30.77,2.1,0.6,28.57,0.3,14.28
1265,Primeira Liga (PT),26900,Hidemasa Morita,H. Morita,1995-05-10,63.18,20.2,13.57,31,30,1,1089.0,36.3,30.17,83.1,2.73,0.33,3.8,1.44,797.0,26.57,23.37,87.95,1.0,0.37,36.67,22.43,164.0,5.47,4.7,2.63,2.1,0.47,0.3,0.2,66.67,85.98,79.75,0.7,1.03,0.17,0.1,0.17,0.13,80.0,1.8,0.13,7.41,2.67,0.43,16.25,0.27,10.0
1265,Primeira Liga (PT),27238,Diogo Dos Santos Cabral,Calila,1998-10-10,49.07,11.87,12.18,23,23,0,378.0,16.43,10.91,66.4,1.3,0.04,5.62,1.83,273.0,11.87,8.35,70.33,0.87,0.22,25.0,11.04,100.0,4.35,3.04,2.52,1.83,0.91,0.74,0.43,58.82,70.0,72.41,0.09,1.57,0.17,0.13,0.26,0.09,33.33,1.17,0.09,7.41,1.61,0.48,29.73,0.04,2.7
1265,Primeira Liga (PT),27240,Tiago Alexandre  Sousa Esgaio,Tiago Esgaio,1995-08-01,93.13,24.28,23.9,29,28,1,1024.0,36.57,25.18,68.85,2.29,0.32,2.97,1.09,701.0,25.04,18.39,73.47,1.54,0.75,48.84,23.64,109.0,3.89,2.68,2.25,1.54,1.04,0.64,0.29,44.44,68.81,68.25,0.14,1.29,0.04,0.04,0.29,0.18,62.5,2.25,0.36,15.87,3.82,1.04,27.1,0.18,4.67
1265,Primeira Liga (PT),27242,Nilton Varela Lopes,Nilton Varela,2001-05-25,62.08,10.07,21.39,1,1,0,10.0,10.0,6.0,60.0,0.0,0.0,4.94,1.27,4.0,4.0,2.0,50.0,1.0,0.0,0.0,3.0,2.0,2.0,2.0,2.0,2.0,2.0,2.0,2.0,100.0,100.0,100.0,0.0,0.0,0.0,0.0,0.0,0.0,,1.0,0.0,0.0,2.0,0.0,0.0,0.0,0.0
1265,Primeira Liga (PT),27244,Cassiano Dias Moreira,Cassiano,1989-06-16,65.25,13.01,18.53,31,30,1,281.0,9.37,4.63,49.47,1.07,0.27,4.45,1.27,149.0,4.97,2.43,48.99,1.63,0.6,36.73,2.0,50.0,1.67,0.83,0.97,0.4,0.57,0.33,0.1,30.0,50.0,41.38,0.2,0.8,0.2,0.2,0.0,0.0,,1.8,0.17,9.26,3.0,0.43,14.44,0.43,14.44
1265,Primeira Liga (PT),27253,Ricardo Luís Chaby Mangas,Ricardo Mangas,1998-03-19,63.74,20.82,13.12,15,15,0,429.0,28.6,19.93,69.7,2.87,0.47,5.4,1.74,325.0,21.67,16.0,73.85,1.33,0.53,40.0,19.6,103.0,6.87,4.87,4.33,2.73,1.8,1.53,0.87,56.52,70.87,63.08,0.07,3.53,0.6,0.33,0.47,0.13,28.57,1.93,0.2,10.35,3.0,0.8,26.67,0.73,24.45
1265,Primeira Liga (PT),27254,Bruno Miguel Ponces Lourenço,Bruno Lourenço,1998-02-02,38.17,10.03,7.85,7,7,0,99.0,14.14,8.0,56.56,1.14,0.0,3.96,1.18,56.0,8.0,5.0,62.5,1.14,0.29,25.0,5.0,18.0,2.57,1.43,1.29,0.86,0.86,0.29,0.0,0.0,55.56,66.67,0.57,1.14,0.14,0.0,0.29,0.14,50.0,1.86,0.0,0.0,2.57,0.0,0.0,0.57,22.22
1265,Primeira Liga (PT),27265,Lawrence Ofori,L. Ofori,1998-06-28,55.07,11.1,15.97,16,15,1,279.0,18.6,13.6,73.12,1.73,0.07,4.22,1.49,159.0,10.6,8.33,78.62,0.93,0.67,71.43,9.2,49.0,3.27,2.53,0.87,0.8,0.67,0.27,0.2,75.0,77.55,92.31,0.4,0.73,0.0,0.07,0.2,0.0,0.0,1.53,0.4,26.09,2.07,0.4,19.36,0.2,9.68
1265,Primeira Liga (PT),27266,Patricio Nehuén Pérez,N. Pérez,2000-06-24,53.25,15.72,12.86,6,4,2,156.0,39.0,36.75,94.23,1.25,0.25,5.8,2.5,113.0,28.25,27.5,97.34,0.25,0.25,100.0,28.0,44.0,11.0,10.75,5.75,5.75,0.25,0.0,0.0,,97.73,100.0,0.25,0.0,0.0,0.0,0.0,0.0,,0.25,0.0,0.0,0.25,0.0,0.0,0.0,0.0
1265,Primeira Liga (PT),27268,Gustavo Enrique Giordano Assunção Amaro Da Silva,G. Assunção,2000-03-30,76.02,17.13,21.4,10,10,0,325.0,32.5,25.8,79.38,1.6,0.1,3.72,1.28,208.0,20.8,18.0,86.54,0.8,0.5,62.5,16.9,49.0,4.9,3.5,2.3,1.5,0.5,0.1,0.1,100.0,71.43,65.22,0.4,0.8,0.0,0.1,0.3,0.1,33.33,1.4,0.2,14.29,2.3,1.0,43.48,0.2,8.7
1265,Primeira Liga (PT),27270,Sandro César Cordovil de Lima,Sandro Lima,1990-10-28,53.7,13.3,15.77,29,29,0,377.0,13.0,8.24,63.4,1.62,0.28,4.36,1.24,252.0,8.69,5.97,68.65,2.38,1.31,55.07,4.24,64.0,2.21,1.55,1.28,0.79,0.62,0.41,0.14,33.33,70.31,62.16,0.41,1.69,0.41,0.07,0.0,0.0,,2.97,0.52,17.44,5.1,0.55,10.81,0.93,18.24
1265,Primeira Liga (PT),27278,Vitor Carvalho Vieira,Vitor Carvalho,1997-05-27,76.46,25.78,17.35,15,15,0,845.0,56.33,50.6,89.82,1.27,0.4,5.07,2.18,686.0,45.73,42.87,93.73,0.33,0.27,80.0,44.27,188.0,12.53,11.33,5.4,5.07,0.53,0.07,0.07,100.0,90.42,93.83,0.0,0.0,0.0,0.0,0.33,0.27,80.0,0.87,0.0,0.0,1.27,0.53,42.11,0.0,0.0
1265,Primeira Liga (PT),27290,Abdu Cadri Conté,Abdu Conté,1998-03-24,70.33,14.4,18.92,22,21,1,480.0,22.86,15.38,67.29,1.29,0.14,4.5,1.58,334.0,15.9,11.1,69.76,1.29,0.43,33.33,14.1,80.0,3.81,1.9,2.67,1.24,1.19,1.1,0.43,39.13,50.0,46.43,0.14,1.71,0.1,0.14,0.24,0.1,40.0,2.14,0.05,2.22,3.14,1.14,36.36,0.05,1.51
1265,Primeira Liga (PT),27291,Nuno Miguel Valente Santos,Nuno Santos,1999-03-02,49.73,11.23,10.47,5,4,1,68.0,17.0,12.0,70.59,1.5,0.0,3.0,1.09,52.0,13.0,10.0,76.92,1.75,1.0,57.14,10.25,7.0,1.75,1.0,0.75,0.5,0.25,0.0,0.0,,57.14,66.67,0.25,1.5,0.0,0.0,0.25,0.25,100.0,1.75,0.0,0.0,2.5,0.25,10.0,0.25,10.0
1265,Primeira Liga (PT),27292,Filipe Miguel Barros Soares,Filipe Soares,1999-05-20,50.59,10.99,12.24,18,17,1,331.0,19.47,14.18,72.81,1.35,0.12,6.39,1.93,213.0,12.53,9.94,79.34,0.35,0.12,33.33,10.65,87.0,5.12,3.24,2.18,1.53,0.71,0.47,0.24,50.0,63.22,70.27,0.59,1.24,0.06,0.12,0.24,0.06,25.0,0.82,0.18,21.43,1.94,0.41,21.21,0.06,3.03
1265,Primeira Liga (PT),27301,Bernardo Sousa Pereira Brites Martins,Benny,1997-12-04,49.93,11.38,14.13,14,14,0,272.0,19.43,12.86,66.18,2.0,0.43,5.99,1.79,168.0,12.0,8.43,70.24,1.71,1.07,62.5,8.36,75.0,5.36,3.5,1.93,1.14,0.86,0.5,0.29,57.14,65.33,59.26,0.36,1.57,0.14,0.5,0.36,0.14,40.0,2.93,0.5,17.07,4.57,0.86,18.75,0.64,14.06
1265,Primeira Liga (PT),27316,Pedro Miguel Gaspar Amaral,Pedro Amaral,1997-08-25,73.23,19.91,18.62,27,27,0,950.0,35.19,26.37,74.95,2.07,0.19,3.83,1.46,672.0,24.89,19.63,78.87,0.93,0.44,48.0,23.04,137.0,5.07,3.7,2.37,1.52,0.67,0.48,0.26,53.85,72.99,64.06,0.19,1.78,0.04,0.22,0.26,0.07,28.57,1.63,0.19,11.36,2.37,0.41,17.19,0.22,9.37
1265,Primeira Liga (PT),27320,Guilherme Schettine Guimarães,Guilherme Schettine,1995-10-10,69.6,18.42,19.44,15,15,0,251.0,16.73,9.0,53.79,2.6,0.87,4.57,1.2,154.0,10.27,5.87,57.14,2.0,1.13,56.67,5.33,47.0,3.13,1.8,1.2,0.47,0.87,0.4,0.2,50.0,57.45,38.89,1.0,1.13,0.27,0.33,0.07,0.07,100.0,3.27,0.33,10.2,5.6,0.8,14.29,1.07,19.05
1265,Primeira Liga (PT),27321,Lincoln Henrique Oliveira dos Santos,Lincoln,1998-11-07,83.9,20.37,23.75,29,29,0,1071.0,36.93,27.93,75.63,2.97,0.21,3.7,1.37,713.0,24.59,19.24,78.26,2.97,1.97,66.28,18.03,144.0,4.97,3.76,2.59,1.79,0.52,0.31,0.24,77.78,75.69,69.33,1.14,1.41,0.21,0.34,0.21,0.14,66.67,4.0,0.79,19.83,5.93,0.86,14.54,0.72,12.21
1265,Primeira Liga (PT),27324,Zaidu Sanusi,Z. Sanusi,1997-06-13,61.5,17.39,15.08,17,14,3,414.0,29.57,23.57,79.71,2.21,0.21,4.88,1.59,297.0,21.21,17.79,83.84,0.43,0.14,33.33,20.36,78.0,5.57,3.93,4.29,2.86,2.21,1.79,1.07,60.0,70.51,66.67,0.29,3.0,0.07,0.5,0.5,0.29,57.14,0.79,0.14,18.18,1.79,0.57,32.0,0.21,12.0
1265,Primeira Liga (PT),27498,Alexander Hartmann Bah,A. Bah,1997-12-09,58.58,17.55,12.95,9,9,0,253.0,28.11,19.33,68.77,2.33,0.44,5.15,1.64,182.0,20.22,14.44,71.43,1.78,0.78,43.75,18.11,49.0,5.44,3.33,3.67,1.78,1.33,1.33,0.33,25.0,61.23,48.48,0.22,1.22,0.22,0.11,0.22,0.11,50.0,2.56,0.33,13.04,4.11,1.67,40.54,0.22,5.41
1265,Primeira Liga (PT),27685, Teremas Igobor Moffi,T. Moffi,1999-05-25,35.81,8.3,8.48,9,8,1,41.0,5.12,1.88,36.59,1.25,0.12,7.02,1.77,15.0,1.88,0.62,33.33,0.38,0.0,0.0,0.5,9.0,1.12,0.38,0.75,0.12,0.5,0.38,0.12,33.33,33.33,16.67,0.12,0.38,0.5,0.25,0.0,0.0,,0.5,0.12,25.0,1.38,0.25,18.18,0.5,36.36
1265,Primeira Liga (PT),28301,Vinícius Lopes da Silva,Vinícius Lopes,1999-05-07,60.8,16.33,14.93,28,27,1,516.0,19.11,11.04,57.75,3.41,0.3,6.75,1.98,361.0,13.37,8.19,61.22,2.37,1.07,45.31,9.19,165.0,6.11,3.41,3.7,1.89,1.07,0.93,0.41,44.0,55.76,51.0,0.56,1.52,0.37,1.22,0.63,0.22,35.29,3.44,0.78,22.58,5.19,0.93,17.86,0.74,14.29
1265,Primeira Liga (PT),28314,Darlan Pereira Mendes,Darlan,1998-04-16,21.0,4.07,4.28,7,6,1,25.0,4.17,2.33,56.0,0.33,0.0,4.54,1.43,13.0,2.17,1.0,46.15,0.5,0.0,0.0,1.17,4.0,0.67,0.33,0.5,0.17,0.0,0.0,0.0,,50.0,33.33,0.33,0.5,0.0,0.17,0.0,0.0,,0.67,0.0,0.0,0.67,0.0,0.0,0.0,0.0
1265,Primeira Liga (PT),28338,Gabriel Veron Fonseca de Souza,Gabriel Veron,2002-09-03,67.95,16.87,18.18,12,10,2,180.0,18.0,10.8,60.0,3.1,0.3,6.45,1.55,116.0,11.6,7.3,62.93,1.6,0.7,43.75,7.9,51.0,5.1,3.0,3.2,1.8,2.3,2.0,0.7,35.0,58.82,56.25,0.6,1.6,0.3,0.6,0.3,0.2,66.67,2.3,0.2,8.7,4.6,0.5,10.87,1.0,21.74
1265,Primeira Liga (PT),28347,Igor Matheus Liziero Pereira,Liziero,1998-02-07,88.86,19.33,24.13,28,24,4,868.0,36.17,27.75,76.73,2.42,0.29,3.08,1.16,557.0,23.21,19.12,82.41,0.83,0.46,55.0,18.67,82.0,3.42,2.67,1.33,0.96,0.29,0.12,0.08,66.67,78.05,71.88,0.71,0.5,0.08,0.29,0.21,0.12,60.0,1.83,0.29,15.91,3.42,0.58,17.07,0.21,6.1
1265,Primeira Liga (PT),28776,Morten Due Hjulmand,M. Hjulmand,1999-06-25,95.99,30.71,20.64,27,26,1,1556.0,59.85,52.38,87.53,4.35,0.58,2.89,1.23,1168.0,44.92,41.15,91.61,1.27,0.73,57.58,38.19,171.0,6.58,5.81,3.46,3.19,0.38,0.15,0.12,75.0,88.3,92.22,1.23,0.62,0.12,0.27,0.19,0.12,60.0,2.27,0.27,11.86,3.69,0.81,21.87,0.5,13.54
1265,Primeira Liga (PT),29173,Lucas Soares de Almeida,Lucas Soares,1998-05-04,79.86,19.65,20.89,28,27,1,844.0,31.26,21.63,69.19,1.89,0.15,5.52,1.78,583.0,21.59,15.26,70.67,1.85,0.93,50.0,19.22,209.0,7.74,5.15,3.59,2.37,1.26,0.78,0.3,38.09,66.51,65.98,0.48,2.44,0.19,0.96,0.67,0.3,44.45,2.48,0.26,10.45,3.89,0.81,20.95,0.41,10.48
1265,Primeira Liga (PT),29175,Jefferson Anilson Silva Encada,J. Encada,1998-04-17,64.28,15.39,16.45,25,25,0,665.0,26.6,19.2,72.18,1.28,0.12,5.96,1.82,472.0,18.88,14.4,76.27,0.92,0.4,43.48,17.36,157.0,6.28,4.04,4.28,2.64,1.52,1.24,0.52,41.94,64.33,61.68,0.04,1.92,0.24,0.68,0.68,0.2,29.41,1.56,0.24,15.38,2.92,0.6,20.55,0.12,4.11
1265,Primeira Liga (PT),29191,João Pedro Oliveira Gonçalves,J. Gonçalves,2000-11-05,98.29,21.65,27.4,6,6,0,138.0,23.0,13.0,56.52,0.0,0.0,2.71,2.06,78.0,13.0,9.67,74.36,0.0,0.0,,12.67,12.0,2.0,1.5,1.17,0.83,0.0,0.0,0.0,,75.0,71.43,0.0,0.0,0.0,0.0,0.0,0.0,,0.33,0.17,50.0,1.0,0.0,0.0,0.0,0.0
1265,Primeira Liga (PT),29194,Jóbson de Brito Gonzaga,Maracás,1994-04-27,97.73,25.25,26.72,29,28,1,1557.0,55.61,48.36,86.96,0.71,0.11,2.85,1.45,1101.0,39.32,35.93,91.37,0.32,0.18,55.56,38.18,149.0,5.32,4.18,2.18,1.82,0.93,0.07,0.04,50.0,78.52,83.61,0.04,0.18,0.0,0.04,0.39,0.18,45.45,0.57,0.11,18.75,0.64,0.18,27.78,0.04,5.55
1265,Primeira Liga (PT),29197,Simão Verza Bertelli,Simão,1993-07-02,98.86,21.69,29.37,12,12,0,291.0,24.25,14.5,59.79,0.17,0.0,3.95,2.78,141.0,11.75,8.17,69.5,0.0,0.0,,11.33,45.0,3.75,2.0,2.5,1.42,0.0,0.0,0.0,,53.33,56.67,0.0,0.0,0.0,0.0,0.0,0.0,,0.0,0.0,,0.0,0.0,,0.0,
1265,Primeira Liga (PT),29221,João Nuno Figueiredo Valido,João Valido,2000-03-03,99.22,24.3,25.99,9,8,1,221.0,27.62,17.75,64.25,0.12,0.0,3.83,2.73,144.0,18.0,13.5,75.0,0.38,0.0,0.0,17.38,37.0,4.62,2.62,1.5,0.88,0.0,0.0,0.0,,56.76,58.33,0.0,0.0,0.0,0.0,0.12,0.12,100.0,0.62,0.12,20.0,0.88,0.25,28.57,0.0,0.0
1265,Primeira Liga (PT),29224,João Diogo Alves Rodrigues,Kikas,1998-09-17,76.81,18.91,18.2,17,16,1,189.0,11.81,5.88,49.74,2.62,0.62,5.91,1.41,112.0,7.0,3.62,51.79,1.69,0.69,40.74,3.31,53.0,3.31,1.25,2.06,0.56,1.19,1.0,0.12,12.5,37.73,27.27,0.88,1.19,0.88,0.12,0.06,0.0,0.0,2.06,0.12,6.06,3.69,0.69,18.64,0.75,20.34
1265,Primeira Liga (PT),29227,Michael Simões Domingues,Mika,1991-03-08,97.26,32.82,20.47,1,1,0,21.0,21.0,14.0,66.67,0.0,0.0,2.69,1.9,13.0,13.0,9.0,69.23,0.0,0.0,,12.0,1.0,1.0,0.0,1.0,0.0,0.0,0.0,0.0,,0.0,0.0,0.0,0.0,0.0,0.0,0.0,0.0,,0.0,0.0,,0.0,0.0,,0.0,
1265,Primeira Liga (PT),29234,Ânderson Miguel da Silva,Nenê,1983-07-28,23.5,5.42,6.01,21,21,0,103.0,4.9,2.38,48.54,1.0,0.14,3.89,1.3,62.0,2.95,1.57,53.23,0.43,0.05,11.11,1.86,15.0,0.71,0.24,0.48,0.1,0.1,0.1,0.0,0.0,33.33,20.0,0.29,0.1,0.14,0.05,0.05,0.05,100.0,0.67,0.1,14.29,1.19,0.19,16.0,0.24,20.0
1265,Primeira Liga (PT),29708,Rodrigo Zalazar Martínez,Rodrigo Zalazar,1999-08-12,76.52,25.14,17.04,28,28,0,1239.0,44.25,30.32,68.52,4.54,0.75,6.44,1.91,986.0,35.21,25.18,71.5,4.21,1.93,45.76,27.64,353.0,12.61,7.46,5.86,2.89,2.96,2.11,0.68,32.2,59.21,49.39,1.14,3.93,0.5,1.46,0.61,0.25,41.18,6.93,1.25,18.04,10.21,2.07,20.28,1.39,13.64
1265,Primeira Liga (PT),29766,Christian Fernandes Marques,Christian Marques,2003-01-15,96.32,21.7,28.01,31,31,0,1145.0,36.94,31.23,84.54,0.65,0.0,3.33,1.47,767.0,24.74,22.39,90.48,0.16,0.1,60.0,22.94,130.0,4.19,3.61,2.65,2.35,0.32,0.0,0.0,,86.15,89.02,0.03,0.13,0.0,0.0,0.29,0.13,44.44,0.39,0.1,25.0,0.74,0.29,39.13,0.03,4.35
1265,Primeira Liga (PT),29796,Bright Akwo Arrey-Mbi,B. Arrey-Mbi,2003-03-26,87.6,28.72,20.09,23,23,0,1201.0,52.22,46.04,88.18,0.7,0.04,3.04,1.41,911.0,39.61,36.43,91.99,0.26,0.13,50.0,38.26,107.0,4.65,4.0,2.0,1.74,0.7,0.22,0.13,60.0,85.98,86.96,0.09,0.09,0.0,0.0,0.17,0.04,25.0,0.35,0.04,12.5,0.7,0.17,25.0,0.04,6.25
1265,Primeira Liga (PT),29802,Alejandro Orellana Gómez,Jandro Orellana,2000-08-07,72.97,20.62,19.19,19,19,0,737.0,38.79,32.53,83.85,2.53,0.26,2.75,1.06,572.0,30.11,26.16,86.89,1.0,0.47,47.37,24.37,72.0,3.79,3.26,1.58,1.26,0.37,0.26,0.21,80.0,86.11,80.0,1.47,0.63,0.05,0.21,0.16,0.0,0.0,2.42,0.16,6.52,3.95,0.68,17.33,0.37,9.33
1265,Primeira Liga (PT),30227,Ennio van der Gouw,E. van der Gouw,2000-02-14,98.57,26.4,27.67,10,10,0,325.0,32.5,23.3,71.69,0.3,0.0,4.17,2.88,206.0,20.6,16.3,79.13,0.3,0.0,0.0,20.4,43.0,4.3,3.0,2.6,1.9,0.0,0.0,0.0,,69.77,73.08,0.0,0.0,0.0,0.0,0.2,0.1,50.0,0.5,0.1,20.0,0.6,0.0,0.0,0.0,0.0
1265,Primeira Liga (PT),30263,Telmo Emanuel Gomes Arcanjo,Telmo Arcanjo,2001-06-21,48.26,12.53,10.89,29,28,1,494.0,17.64,11.57,65.59,2.54,0.25,7.43,2.47,344.0,12.29,8.43,68.61,1.43,0.68,47.5,9.68,152.0,5.43,3.39,3.43,1.89,0.57,0.43,0.25,58.33,62.5,55.21,0.21,0.89,0.14,0.79,0.64,0.36,55.56,2.0,0.46,23.21,2.96,0.54,18.07,0.32,10.84
1265,Primeira Liga (PT),30266,Eduardo Filipe Quaresma Coimbra Simões,Eduardo Quaresma,2002-03-02,80.93,26.38,17.31,16,15,1,959.0,63.93,59.13,92.49,2.0,0.67,4.69,1.86,735.0,49.0,47.0,95.92,0.4,0.2,50.0,47.07,166.0,11.07,10.07,6.8,6.2,1.53,0.53,0.33,62.5,90.97,91.18,0.07,1.0,0.0,0.13,0.47,0.4,85.71,0.73,0.13,18.18,1.2,0.13,11.11,0.13,11.11
1265,Primeira Liga (PT),30270,Fabiano Josué de Souza Silva,Fabiano,2000-03-14,76.12,21.31,20.48,7,7,0,232.0,33.14,23.57,71.12,1.0,0.14,4.79,1.68,161.0,23.0,17.71,77.02,1.86,0.86,46.15,21.29,48.0,6.86,4.71,3.0,1.86,1.14,0.57,0.43,75.0,68.75,61.91,0.0,1.14,0.0,0.0,0.29,0.14,50.0,2.29,0.14,6.25,3.0,0.57,19.05,0.29,9.52
1265,Primeira Liga (PT),30276,Roberto de Jesus Machado,Bebeto,1990-01-01,84.86,19.1,24.09,24,24,0,798.0,33.25,23.71,71.3,1.54,0.0,4.13,1.6,523.0,21.79,16.5,75.72,0.79,0.5,63.16,20.17,121.0,5.04,3.62,2.58,1.75,1.46,0.71,0.46,64.71,71.9,67.74,0.12,0.58,0.0,0.17,0.12,0.08,66.67,1.21,0.29,24.14,2.38,0.75,31.58,0.08,3.51
1265,Primeira Liga (PT),30293,Joelson Augusto Mendes Mango Fernandes,Joelson Fernandes,2003-02-28,47.32,12.37,10.66,24,24,0,338.0,14.08,8.42,59.76,1.75,0.29,7.72,2.46,244.0,10.17,6.17,60.66,1.38,0.79,57.58,8.04,105.0,4.38,2.5,2.83,1.46,0.33,0.29,0.08,28.57,57.14,51.47,0.08,0.79,0.0,0.25,0.46,0.17,36.36,2.0,0.21,10.42,3.21,0.67,20.78,0.12,3.9
1265,Primeira Liga (PT),30298,Sphepehlo S'Miso Sithole,Y. Sithole,1999-03-03,66.32,14.64,18.95,26,26,0,681.0,26.19,20.23,77.24,1.23,0.04,3.5,1.3,437.0,16.81,14.04,83.52,1.08,0.58,53.57,13.92,93.0,3.58,2.81,1.5,0.96,0.31,0.23,0.12,50.0,78.49,64.1,0.35,1.08,0.08,0.12,0.08,0.04,50.0,1.65,0.19,11.63,2.42,0.42,17.46,0.15,6.35
1265,Primeira Liga (PT),30300,Gonçalo Bernardino Inácio,Gonçalo Inácio,2001-08-25,94.85,30.39,20.63,29,28,1,2218.0,79.21,70.18,88.59,2.96,0.5,4.4,1.86,1668.0,59.57,54.25,91.07,0.39,0.21,54.55,58.04,369.0,13.18,11.82,8.25,7.25,0.71,0.14,0.11,75.0,89.7,87.88,0.0,0.07,0.0,0.0,0.54,0.32,60.0,0.57,0.04,6.25,0.79,0.29,36.36,0.11,13.64
1265,Primeira Liga (PT),30324,Bruno Alberto Langa,Bruno Langa,1997-10-31,87.92,20.87,24.86,11,11,0,308.0,28.0,20.0,71.43,1.18,0.0,6.0,1.99,207.0,18.82,13.91,73.91,1.0,0.55,54.55,16.09,84.0,7.64,5.18,4.0,2.55,1.45,0.82,0.55,66.67,67.86,63.64,0.0,0.64,0.0,0.27,0.73,0.36,50.0,1.91,0.45,23.81,3.0,0.45,15.15,0.0,0.0
1265,Primeira Liga (PT),30877,Marc Gual Huguet,Marc Gual,1996-03-13,21.86,5.21,6.89,10,10,0,65.0,6.5,3.8,58.46,0.6,0.0,4.91,1.36,41.0,4.1,2.7,65.86,0.3,0.3,100.0,2.7,11.0,1.1,0.3,0.9,0.1,0.3,0.3,0.0,0.0,27.27,11.11,0.4,0.6,0.1,0.1,0.2,0.0,0.0,0.5,0.1,20.0,1.1,0.1,9.09,0.0,0.0
1265,Primeira Liga (PT),30920,Héctor José Hernández Marrero,Héctor Hernández,1995-09-14,44.57,10.99,10.28,9,9,0,76.0,8.44,6.0,71.05,1.56,0.22,2.14,0.74,45.0,5.0,3.78,75.56,0.67,0.22,33.33,2.44,5.0,0.56,0.44,0.33,0.33,0.0,0.0,0.0,,80.0,100.0,0.44,1.56,0.33,0.0,0.0,0.0,,1.11,0.11,10.0,1.89,0.0,0.0,0.11,5.88
1265,Primeira Liga (PT),30935,Iván Martínez Gonzálvez,Iván Barbero,1998-08-17,67.7,18.54,17.46,31,30,1,408.0,13.6,7.23,53.19,2.63,0.2,4.2,1.17,262.0,8.73,4.87,55.73,1.9,0.9,47.37,4.3,68.0,2.27,1.1,1.17,0.53,0.73,0.53,0.1,18.75,48.53,45.71,0.37,1.0,0.6,0.33,0.07,0.03,50.0,2.73,0.57,20.73,4.5,0.37,8.15,0.67,14.81
1265,Primeira Liga (PT),30953,Rémy Vita,R. Vita,2001-04-01,62.4,15.53,13.94,4,4,0,97.0,24.25,19.0,78.35,0.75,0.0,4.43,1.54,63.0,15.75,12.5,79.37,0.5,0.0,0.0,15.25,20.0,5.0,3.5,1.5,0.75,1.25,0.0,0.0,,70.0,50.0,0.0,1.75,0.25,0.25,0.25,0.25,100.0,1.0,0.25,25.0,1.25,0.25,20.0,0.25,20.0
1265,Primeira Liga (PT),31598,Adriano Firmino dos Santos da Silva,Adriano Firmino,1999-11-04,87.72,22.09,23.68,18,18,0,732.0,40.67,32.89,80.88,2.06,0.0,4.93,1.69,511.0,28.39,23.78,83.76,1.06,0.61,57.89,23.78,154.0,8.56,6.39,4.17,2.83,0.44,0.22,0.17,75.0,74.68,68.0,1.89,1.83,0.11,0.28,0.72,0.39,53.85,1.61,0.33,20.69,2.83,0.83,29.41,0.17,5.88
1265,Primeira Liga (PT),31658,Eduardo Gabriel Aquino Cossa,Pepê,1997-02-24,77.81,24.07,17.59,30,27,3,857.0,31.74,20.33,64.06,4.0,0.33,6.3,1.88,613.0,22.7,15.0,66.07,2.22,0.93,41.67,18.0,228.0,8.44,5.0,4.22,2.19,1.56,1.11,0.52,46.67,59.21,51.75,0.85,1.48,0.26,1.33,0.63,0.22,35.29,3.37,0.52,15.38,5.89,1.22,20.75,0.93,15.72
1265,Primeira Liga (PT),31740,Gabriel Batista de Souza,Gabriel Batista,1998-06-03,99.28,24.91,25.16,32,31,1,662.0,21.35,13.77,64.5,0.19,0.0,4.5,3.37,374.0,12.06,8.39,69.52,0.19,0.1,50.0,11.71,127.0,4.1,2.23,2.84,1.68,0.03,0.03,0.03,100.0,54.33,59.09,0.0,0.0,0.0,0.0,0.1,0.06,66.67,0.32,0.13,40.0,0.48,0.23,46.67,0.0,0.0
1265,Primeira Liga (PT),31762,Lucas Alexandre Galdino de Azevedo,Lucão,2001-02-26,99.86,26.17,23.73,8,8,0,194.0,24.25,15.25,62.89,0.0,0.0,3.98,2.63,117.0,14.62,11.0,75.21,0.12,0.12,100.0,13.88,25.0,3.12,1.75,1.12,0.75,0.0,0.0,0.0,,56.0,66.67,0.0,0.0,0.0,0.0,0.75,0.25,33.33,0.25,0.12,50.0,0.25,0.12,50.0,0.0,0.0
1265,Primeira Liga (PT),31813,Welinton Macedo dos Santos,Welinton Torrão,1999-06-30,41.07,9.53,9.68,18,17,1,200.0,11.76,7.12,60.5,1.18,0.18,8.61,2.01,139.0,8.18,5.29,64.75,1.41,0.53,37.5,5.76,69.0,4.06,2.0,2.18,0.82,1.53,1.24,0.29,23.81,49.28,37.84,0.06,1.24,0.12,0.76,0.24,0.06,25.0,1.71,0.18,10.34,3.41,0.94,27.59,0.41,12.07
1265,Primeira Liga (PT),31815,Ulisses Wilson Jeronymo Rocha,Ulisses,1999-09-28,59.13,13.46,14.27,5,4,1,96.0,24.0,18.75,78.12,0.5,0.0,3.97,1.72,53.0,13.25,11.25,84.9,0.25,0.0,0.0,12.0,16.0,4.0,2.5,1.75,1.25,0.25,0.25,0.25,100.0,62.5,71.43,0.0,0.0,0.0,0.0,0.5,0.25,50.0,0.5,0.0,0.0,0.75,0.0,0.0,0.0,0.0
1265,Primeira Liga (PT),31932,Miguel Baeza Pérez,Miguel Baeza,2000-03-27,56.44,14.13,14.88,14,11,3,178.0,16.18,11.73,72.47,1.36,0.0,4.6,1.24,127.0,11.55,8.36,72.44,1.0,0.45,45.46,8.82,30.0,2.73,1.82,1.82,1.27,0.82,0.73,0.55,75.0,66.67,70.0,1.09,1.0,0.18,0.27,0.18,0.18,100.0,1.73,0.09,5.26,2.36,0.18,7.69,0.27,11.54
1265,Primeira Liga (PT),31934,Gabriel Veiga Novas,Gabri Veiga,2002-05-27,56.67,17.52,13.17,31,28,3,704.0,25.14,18.43,73.3,3.18,0.32,3.92,1.17,535.0,19.11,14.93,78.13,1.75,0.68,38.78,13.89,113.0,4.04,2.57,2.54,1.43,1.25,1.04,0.5,48.28,63.72,56.34,1.07,1.89,0.39,0.5,0.18,0.11,60.0,2.57,0.07,2.78,4.18,1.0,23.93,1.14,27.35
1265,Primeira Liga (PT),31971,Cedric Wilfred Teguia,Cedric Teguia,2001-10-01,45.48,11.38,12.99,21,21,0,314.0,14.95,9.0,60.19,1.71,0.1,5.34,1.66,227.0,10.81,7.0,64.76,1.57,0.67,42.42,8.43,73.0,3.48,1.95,1.9,0.95,0.48,0.33,0.19,57.14,56.16,50.0,0.24,0.57,0.14,0.48,0.14,0.05,33.33,1.9,0.29,15.0,2.86,0.29,10.0,0.1,3.33
1265,Primeira Liga (PT),32102,Kévin Boma,K. Boma,2002-11-20,89.87,22.73,23.65,21,21,0,856.0,40.76,34.0,83.41,1.05,0.19,3.52,1.47,565.0,26.9,24.81,92.21,0.24,0.1,40.0,25.81,123.0,5.86,4.62,2.95,2.57,1.1,0.19,0.1,50.0,78.86,87.1,0.0,0.19,0.0,0.05,0.43,0.33,77.78,0.33,0.0,0.0,0.62,0.19,30.77,0.05,7.69
1265,Primeira Liga (PT),32468,Georgiy Sudakov,H. Sudakov,2002-09-01,68.93,20.77,15.68,22,21,1,720.0,34.29,24.95,72.78,3.95,0.52,5.81,1.85,566.0,26.95,19.9,73.85,2.57,1.57,61.11,20.43,176.0,8.38,5.76,3.1,1.9,1.05,0.71,0.43,60.0,68.75,61.54,1.52,1.52,0.24,0.52,0.57,0.29,50.0,4.0,1.05,26.19,6.05,0.86,14.17,0.86,14.17
1265,Primeira Liga (PT),32509,Justin de Haas,J. de Haas,2000-02-01,99.99,25.6,25.07,31,30,1,1765.0,58.83,51.07,86.8,1.67,0.23,4.92,1.94,1214.0,40.47,36.67,90.61,0.27,0.1,37.5,39.07,359.0,11.97,10.17,7.6,6.5,0.8,0.1,0.1,100.0,84.96,85.53,0.07,0.03,0.0,0.07,0.8,0.43,54.17,0.43,0.03,7.69,0.73,0.17,22.73,0.07,9.09
1265,Primeira Liga (PT),32834,Patrick de Paula Carreiro,Patrick de Paula,1999-09-08,50.65,12.96,12.88,9,9,0,205.0,22.78,16.78,73.66,1.44,0.11,3.71,1.41,134.0,14.89,12.33,82.84,0.56,0.11,20.0,12.67,26.0,2.89,2.33,1.11,1.11,0.33,0.11,0.11,100.0,80.77,100.0,0.89,0.33,0.22,0.22,0.56,0.44,80.0,0.78,0.33,42.86,1.44,0.0,0.0,0.11,7.69
1265,Primeira Liga (PT),32837,Gabriel Silva Vieira,Gabriel Silva,2002-03-22,82.88,20.95,20.35,29,28,1,641.0,22.89,12.46,54.45,3.43,0.25,6.6,1.83,433.0,15.46,8.46,54.73,3.0,1.25,41.67,10.57,187.0,6.68,3.46,3.29,1.43,1.57,1.21,0.21,17.65,51.87,43.48,0.75,1.21,0.61,1.07,0.43,0.21,50.0,3.86,0.57,14.81,6.71,1.29,19.15,1.36,20.21
1265,Primeira Liga (PT),32890,Roni Medeiros De Moura,Roni,1999-04-15,88.59,16.79,28.71,16,15,1,440.0,29.33,20.67,70.45,2.6,0.2,3.26,1.19,211.0,14.07,11.53,81.99,0.6,0.27,44.44,10.8,53.0,3.53,2.8,0.93,0.87,0.4,0.0,0.0,,79.25,92.86,0.27,0.53,0.0,0.13,0.07,0.07,100.0,1.4,0.07,4.76,2.0,0.2,10.0,0.13,6.67
1265,Primeira Liga (PT),32896,David Sousa Albino,David Sousa,2001-07-04,96.94,18.68,26.83,26,26,0,885.0,34.04,24.46,71.86,1.12,0.12,4.54,1.76,499.0,19.19,15.42,80.36,0.35,0.15,44.44,16.73,155.0,5.96,4.31,3.08,2.35,1.0,0.23,0.23,100.0,72.26,76.25,0.08,0.27,0.0,0.15,0.77,0.27,35.0,0.5,0.12,23.08,0.81,0.27,33.33,0.12,14.29
1265,Primeira Liga (PT),32906,Weverson Moreira da Costa,Weverson,2000-07-05,31.16,9.2,5.66,1,1,0,13.0,13.0,10.0,76.92,0.0,0.0,5.06,1.42,11.0,11.0,8.0,72.73,0.0,0.0,,10.0,1.0,1.0,1.0,1.0,1.0,1.0,1.0,1.0,100.0,100.0,100.0,0.0,1.0,0.0,0.0,0.0,0.0,,0.0,0.0,,1.0,0.0,0.0,0.0,0.0
1265,Primeira Liga (PT),32918,Paulo Henrique Pereira da Silva,Paulinho Bóia,1998-06-26,92.51,20.16,24.21,33,29,4,824.0,28.41,15.0,52.79,4.31,0.31,8.47,2.19,548.0,18.9,10.48,55.48,2.59,0.97,37.33,13.52,286.0,9.86,4.72,6.07,2.28,2.59,2.24,0.62,27.69,47.9,37.5,0.86,1.07,0.69,1.69,1.17,0.45,38.23,3.34,0.38,11.34,6.38,1.59,24.87,0.93,14.6
1265,Primeira Liga (PT),32928,Leonardo Javier Realpe Montaño,L. Realpe,2001-02-26,78.7,20.03,19.39,24,23,1,882.0,38.35,32.17,83.9,1.13,0.09,4.35,1.8,571.0,24.83,21.78,87.74,0.04,0.04,100.0,24.35,152.0,6.61,5.3,4.57,3.57,0.22,0.09,0.04,50.0,80.26,78.1,0.0,0.0,0.0,0.04,0.52,0.22,41.67,0.13,0.0,0.0,0.22,0.17,80.0,0.0,0.0
1265,Primeira Liga (PT),32979,Richard Ríos Montoya,R. Ríos,2000-06-02,92.6,26.74,20.94,27,26,1,1170.0,45.0,34.23,76.07,3.96,0.69,4.98,1.54,812.0,31.23,25.0,80.05,1.58,0.69,43.9,27.27,239.0,9.19,6.92,4.27,3.0,1.54,1.15,0.77,66.67,75.31,70.27,1.27,2.38,0.31,0.62,0.54,0.12,21.43,2.69,0.46,17.14,3.77,0.69,18.37,0.5,13.27
1265,Primeira Liga (PT),32992,Matheus Mendes Werneck de Oliveira,Matheus Mendes,1999-03-10,99.27,23.88,27.71,9,9,0,171.0,19.0,9.67,50.88,0.0,0.0,4.8,3.27,67.0,7.44,4.78,64.18,0.22,0.0,0.0,7.11,32.0,3.56,2.22,1.89,1.0,0.0,0.0,0.0,,62.5,52.94,0.0,0.0,0.0,0.0,0.0,0.0,,0.44,0.11,25.0,0.56,0.0,0.0,0.0,0.0
1265,Primeira Liga (PT),33028,Pedro Miguel Dinis Ferreira,Pedro Ferreira,1998-01-05,68.48,17.46,17.3,31,30,1,674.0,22.47,15.4,68.55,1.5,0.0,3.58,1.23,409.0,13.63,10.33,75.79,1.07,0.6,56.25,10.57,87.0,2.9,1.93,1.07,0.57,0.23,0.13,0.07,50.0,66.67,53.12,0.33,1.1,0.13,0.0,0.1,0.03,33.33,1.73,0.3,17.31,2.93,0.63,21.59,0.3,10.23
1265,Primeira Liga (PT),33154,Simon Elisor,S. Elisor,1999-07-22,67.55,17.41,17.3,33,32,1,420.0,13.12,7.06,53.81,2.53,0.16,4.97,1.42,256.0,8.0,4.56,57.03,2.16,1.16,53.62,3.72,85.0,2.66,1.22,1.94,0.81,0.91,0.72,0.19,26.09,45.88,41.94,0.53,0.91,0.62,0.5,0.09,0.03,33.33,2.56,0.22,8.54,4.94,0.84,17.09,1.0,20.25
1265,Primeira Liga (PT),33173,Lenny Vallier,L. Vallier,1999-04-24,62.34,14.09,15.5,14,12,2,246.0,20.5,14.25,69.51,1.25,0.0,6.11,1.74,146.0,12.17,8.58,70.55,0.5,0.08,16.67,10.0,57.0,4.75,3.0,3.08,1.75,1.17,0.92,0.08,9.09,63.16,56.76,0.17,2.08,0.17,0.5,0.58,0.17,28.57,1.08,0.08,7.69,1.92,0.33,17.39,0.17,8.7
1265,Primeira Liga (PT),33624,Francisco Sampaio Moura,Francisco Moura,1999-08-16,68.48,21.85,14.86,21,21,0,643.0,30.62,24.33,79.47,2.29,0.24,4.64,1.52,469.0,22.33,18.9,84.65,1.24,0.62,50.0,20.67,114.0,5.43,4.43,3.57,2.81,1.76,1.24,0.62,50.0,81.58,78.67,0.29,3.86,0.14,0.33,0.19,0.1,50.0,1.81,0.38,21.05,3.1,0.9,29.23,0.29,9.23
1265,Primeira Liga (PT),33626,Cristian David Castro Devenish,C. Devenish,2001-01-25,91.59,18.93,27.9,26,26,0,868.0,33.38,26.65,79.84,0.69,0.0,4.17,1.73,497.0,19.12,16.73,87.53,0.31,0.08,25.0,17.69,139.0,5.35,4.23,2.46,2.08,1.12,0.27,0.12,42.86,79.14,84.37,0.04,0.15,0.0,0.19,0.31,0.19,62.5,0.42,0.0,0.0,0.58,0.08,13.33,0.04,6.67
1265,Primeira Liga (PT),33629,Sebastián Pérez Cardona,S. Pérez,1993-03-29,64.34,13.89,17.12,27,27,0,649.0,24.04,19.56,81.36,1.0,0.04,2.73,1.23,423.0,15.67,13.48,86.05,0.3,0.22,75.0,13.37,65.0,2.41,2.0,0.81,0.74,0.11,0.0,0.0,,83.08,90.91,0.22,0.19,0.04,0.0,0.15,0.11,75.0,0.59,0.11,18.75,1.19,0.26,21.87,0.11,9.38
1265,Primeira Liga (PT),33655,Daniel Santos Bragança,Daniel Bragança,1999-05-27,41.9,13.98,8.52,14,14,0,377.0,26.93,22.64,84.09,2.79,0.79,3.44,1.29,296.0,21.14,18.79,88.85,0.57,0.29,50.0,18.5,54.0,3.86,3.21,1.5,1.07,0.43,0.21,0.14,66.67,83.33,71.43,1.29,1.5,0.5,0.29,0.14,0.14,100.0,1.29,0.36,27.78,2.0,0.21,10.71,0.64,32.14
1265,Primeira Liga (PT),33658,Witiness Chimoio João Quembo,Witi,1996-08-26,42.76,8.87,11.12,26,23,3,270.0,11.74,6.04,51.48,1.65,0.13,9.01,2.31,171.0,7.43,4.26,57.31,0.96,0.52,54.55,5.26,106.0,4.61,2.13,2.61,1.13,1.22,0.74,0.17,23.53,46.23,43.33,0.35,0.91,0.13,0.57,0.22,0.04,20.0,1.48,0.22,14.71,2.78,0.78,28.12,0.39,14.06
1265,Primeira Liga (PT),33674,Tiago Fontoura Fonseca Morais,Tiago Morais,2003-09-03,40.74,8.43,11.07,19,18,1,213.0,11.83,6.22,52.58,1.33,0.06,4.89,1.43,122.0,6.78,4.0,59.02,0.78,0.5,64.29,4.78,41.0,2.28,1.0,1.39,0.39,0.56,0.5,0.22,44.44,43.9,28.0,0.44,0.56,0.06,0.44,0.11,0.0,0.0,1.5,0.06,3.7,2.22,0.28,12.5,0.17,7.5
1265,Primeira Liga (PT),33885,Yahya Kalley,Y. Kalley,2001-03-20,11.93,2.65,3.46,2,2,0,6.0,3.0,1.5,50.0,0.0,0.0,11.71,2.17,3.0,1.5,0.0,0.0,0.5,0.0,0.0,1.0,3.0,1.5,1.0,1.0,0.5,1.0,1.0,0.5,50.0,66.67,50.0,0.0,0.5,0.0,0.0,0.5,0.0,0.0,0.5,0.0,0.0,0.5,0.0,0.0,0.0,0.0
1265,Primeira Liga (PT),33926,Muhammed Kerem Aktürkoğlu,K. Aktürkoğlu,1998-10-21,29.2,8.82,6.52,1,1,0,12.0,12.0,7.0,58.33,2.0,0.0,10.99,2.31,8.0,8.0,4.0,50.0,0.0,0.0,,8.0,5.0,5.0,4.0,5.0,4.0,2.0,2.0,1.0,50.0,80.0,80.0,1.0,3.0,0.0,1.0,1.0,1.0,100.0,0.0,0.0,,1.0,1.0,100.0,0.0,0.0
1265,Primeira Liga (PT),34066,Samuel Jumpe Soares,Samuel Soares,2002-06-15,97.52,30.65,23.14,2,2,0,36.0,18.0,11.5,63.89,0.0,0.0,3.16,2.21,19.0,9.5,7.0,73.68,0.0,0.0,,9.5,3.0,1.5,1.0,1.0,1.0,0.0,0.0,0.0,,66.67,100.0,0.0,0.0,0.0,0.0,0.0,0.0,,0.0,0.0,,0.0,0.0,,0.0,
1265,Primeira Liga (PT),34113,Jordi Escobar Fernández,J. Escobar,2002-02-10,35.68,8.93,9.48,5,5,0,25.0,5.0,1.8,36.0,1.2,0.0,5.54,1.4,14.0,2.8,0.8,28.57,0.6,0.0,0.0,1.2,5.0,1.0,0.4,0.8,0.2,0.6,0.6,0.0,0.0,40.0,25.0,0.2,0.4,0.4,0.6,0.0,0.0,,0.8,0.0,0.0,1.6,0.4,25.0,0.4,25.0
1265,Primeira Liga (PT),34125,José Carlos Teixeira Lopes Reis Gonçalves,Zé Carlos,1998-07-31,85.61,21.78,21.06,32,31,1,951.0,30.68,20.97,68.35,1.84,0.13,3.96,1.32,599.0,19.32,14.39,74.46,1.0,0.23,22.58,17.61,146.0,4.71,3.1,2.87,2.0,1.42,1.06,0.71,66.67,65.75,69.66,0.06,2.39,0.19,0.26,0.26,0.13,50.0,1.32,0.13,9.76,2.42,0.55,22.67,0.23,9.33
1265,Primeira Liga (PT),34144,Francisco José Navarro Aliaga,Fran Navarro,1998-02-03,49.63,16.62,10.66,29,29,0,290.0,10.0,6.34,63.45,0.97,0.24,3.82,1.14,188.0,6.48,4.48,69.15,1.66,1.03,62.5,3.07,40.0,1.38,0.86,0.72,0.34,0.34,0.24,0.07,28.57,62.5,47.62,0.48,1.24,0.45,0.03,0.0,0.0,,2.55,0.28,10.81,3.93,0.31,7.89,0.52,13.16
1265,Primeira Liga (PT),34192,Martin Turk,M. Turk,2003-08-21,95.83,28.66,25.01,3,3,0,54.0,18.0,12.67,70.37,0.0,0.0,2.77,2.08,33.0,11.0,8.33,75.76,0.0,0.0,,10.0,5.0,1.67,1.33,0.67,0.33,0.0,0.0,0.0,,80.0,50.0,0.0,0.0,0.0,0.0,0.0,0.0,,0.67,0.67,100.0,0.67,0.67,100.0,0.0,0.0
1265,Primeira Liga (PT),34260,Cezary Miszta,C. Miszta,2001-10-30,98.98,24.26,28.01,21,21,0,575.0,27.38,17.19,62.78,0.05,0.1,4.16,2.89,358.0,17.05,11.9,69.83,0.1,0.0,0.0,16.86,82.0,3.9,2.48,2.1,1.48,0.0,0.0,0.0,,63.41,70.45,0.0,0.0,0.0,0.0,0.67,0.24,35.71,0.48,0.05,10.0,0.67,0.29,42.86,0.0,0.0
1265,Primeira Liga (PT),34299,Rodrigo Abascal Barros,R. Abascal,1994-01-14,93.72,23.8,21.96,27,26,1,1301.0,50.04,39.35,78.63,1.54,0.15,3.9,2.02,868.0,33.38,27.65,82.83,0.23,0.12,50.0,32.0,162.0,6.23,5.0,3.85,3.19,0.5,0.08,0.04,50.0,80.25,83.0,0.04,0.12,0.0,0.04,0.54,0.46,85.71,0.35,0.0,0.0,0.65,0.08,11.76,0.08,11.76
1265,Primeira Liga (PT),34573,Óscar Aranda Subiela,Óscar Aranda,2002-04-29,24.8,7.36,3.24,1,1,0,8.0,8.0,6.0,75.0,2.0,0.0,4.98,1.8,6.0,6.0,4.0,66.67,0.0,0.0,,4.0,3.0,3.0,2.0,1.0,1.0,0.0,0.0,0.0,,66.67,100.0,0.0,0.0,0.0,0.0,0.0,0.0,,1.0,0.0,0.0,1.0,0.0,0.0,0.0,0.0
1265,Primeira Liga (PT),35435,Diogo Pinheiro Monteiro,Diogo Monteiro,2005-01-28,42.92,10.34,12.21,8,8,0,107.0,13.38,10.25,76.64,0.62,0.0,4.28,1.35,81.0,10.12,7.75,76.54,0.38,0.12,33.33,10.38,18.0,2.25,1.62,1.75,1.12,0.5,0.38,0.25,66.67,72.22,64.29,0.0,0.25,0.0,0.0,0.0,0.0,,0.62,0.0,0.0,1.5,0.75,50.0,0.0,0.0
1265,Primeira Liga (PT),35621,Jordan Holsgrove,J. Holsgrove,1999-09-10,93.07,24.89,23.72,33,33,0,2262.0,68.55,57.15,83.38,3.7,0.36,3.88,1.48,1684.0,51.03,44.55,87.29,1.27,0.76,59.52,44.64,330.0,10.0,8.42,3.45,2.55,0.88,0.52,0.27,52.94,84.24,73.68,1.15,2.52,0.03,0.3,0.48,0.24,50.0,2.79,0.27,9.78,4.27,0.97,22.7,0.36,8.51
1265,Primeira Liga (PT),35639,Luís André Leite Esteves,Luís Esteves,1998-04-09,90.09,22.74,22.13,33,32,1,1507.0,47.09,34.72,73.72,5.0,0.34,3.77,1.23,1027.0,32.09,24.62,76.73,2.25,1.16,51.39,25.59,219.0,6.84,4.97,3.62,2.47,1.34,0.97,0.69,70.97,72.6,68.1,1.59,1.72,0.28,0.47,0.38,0.19,50.0,3.62,0.44,12.07,6.06,0.66,10.83,1.09,18.04
1265,Primeira Liga (PT),35875,João Pedro Eira Antunes da Silva,João Silva,1999-01-14,93.22,22.39,25.33,12,12,0,481.0,40.08,32.42,80.87,0.75,0.08,3.78,1.69,333.0,27.75,23.75,85.58,0.5,0.17,33.33,26.17,76.0,6.33,4.92,3.67,2.92,0.17,0.0,0.0,,77.63,79.54,0.0,0.42,0.0,0.17,0.67,0.33,50.0,0.83,0.25,30.0,1.5,0.58,38.89,0.0,0.0
1265,Primeira Liga (PT),35948,Tiago Maria Antunes Gouveia,Tiago Gouveia,2001-06-18,5.66,0.66,1.1,1,1,0,0.0,0.0,0.0,,0.0,0.0,,,0.0,0.0,0.0,,0.0,0.0,,0.0,0.0,0.0,0.0,0.0,0.0,0.0,0.0,0.0,,,,0.0,0.0,0.0,0.0,0.0,0.0,,0.0,0.0,,0.0,0.0,,0.0,
1265,Primeira Liga (PT),35949,Henrique  Pereira Araújo,Henrique Araújo,2002-01-19,8.99,3.18,1.39,5,5,0,6.0,1.2,0.6,50.0,0.4,0.0,2.7,0.82,4.0,0.8,0.2,25.0,0.0,0.0,,0.2,0.0,0.0,0.0,0.0,0.0,0.0,0.0,0.0,,,,0.2,0.0,0.0,0.2,0.0,0.0,,0.2,0.0,0.0,0.8,0.2,25.0,0.4,50.0
1265,Primeira Liga (PT),35955,Rafael Alexandre Sousa Gancho Brito,Rafael Brito,2002-01-19,66.0,12.36,19.23,25,24,1,458.0,19.08,12.54,65.72,1.04,0.21,2.67,0.89,217.0,9.04,6.42,70.97,0.88,0.46,52.38,6.33,42.0,1.75,0.92,1.0,0.42,0.33,0.25,0.08,33.33,52.38,41.67,0.5,0.92,0.12,0.25,0.04,0.04,100.0,1.38,0.12,9.09,2.42,0.58,24.14,0.33,13.79
1265,Primeira Liga (PT),35960,Tomás Lemos Araújo,Tomás Araújo,2002-05-16,82.55,23.87,19.34,23,22,1,1046.0,47.55,41.09,86.42,2.27,0.32,4.69,1.74,767.0,34.86,31.68,90.87,0.55,0.32,58.33,33.68,195.0,8.86,7.64,5.41,4.59,0.95,0.59,0.32,53.85,86.15,84.87,0.05,0.36,0.05,0.18,0.73,0.41,56.25,0.82,0.14,16.67,1.09,0.18,16.67,0.05,4.17
1265,Primeira Liga (PT),35984,Christian Neiva Afonso,Kiki,1994-12-10,61.66,13.07,17.53,27,26,1,544.0,20.92,13.27,63.42,1.15,0.08,3.95,1.36,315.0,12.12,8.27,68.25,0.65,0.31,47.06,11.27,84.0,3.23,2.35,1.85,1.38,0.69,0.5,0.27,53.85,72.62,75.0,0.12,0.73,0.12,0.04,0.38,0.27,70.0,0.81,0.0,0.0,1.88,0.42,22.45,0.19,10.2
1265,Primeira Liga (PT),35985,Fábio Samuel Amorim da Silva,Samu,1996-04-21,76.85,20.68,18.24,29,28,1,802.0,28.64,19.18,66.96,3.54,0.36,3.79,1.16,512.0,18.29,12.82,70.12,2.71,1.25,46.05,11.86,115.0,4.11,2.82,1.96,1.36,0.64,0.29,0.07,25.0,68.7,69.09,0.75,2.86,0.32,0.14,0.21,0.11,50.0,4.04,0.61,15.04,5.82,0.86,14.72,1.04,17.79
1265,Primeira Liga (PT),35996,Francisco Miguel Ribeiro Tomé Tavares Bondoso,Kiko Bondoso,1995-11-17,69.78,19.23,19.05,31,29,2,727.0,25.07,18.28,72.9,2.1,0.34,5.77,1.57,557.0,19.21,14.34,74.69,1.9,1.14,60.0,14.69,185.0,6.38,4.0,3.93,2.28,1.28,0.9,0.52,57.69,62.7,57.9,0.52,2.48,0.17,0.45,0.48,0.21,42.86,3.0,0.48,16.09,5.07,0.83,16.33,0.34,6.8
1265,Primeira Liga (PT),36637,Alan Gonzalo Varela,A. Varela,2001-07-04,83.57,24.58,19.91,30,27,3,1041.0,38.56,32.0,83.0,2.3,0.22,3.32,1.25,722.0,26.74,23.41,87.53,0.89,0.7,79.17,21.93,129.0,4.78,3.96,1.89,1.56,0.81,0.22,0.15,66.67,82.95,82.35,1.19,0.74,0.04,0.19,0.19,0.15,80.0,1.67,0.22,13.33,2.52,0.59,23.53,0.3,11.77
1265,Primeira Liga (PT),36834,Facundo Agustín Cáseres,F. Cáseres,2001-05-28,82.24,20.56,20.91,29,28,1,917.0,32.75,28.89,88.22,1.21,0.07,2.71,1.06,621.0,22.18,20.79,93.72,0.39,0.25,63.64,18.57,79.0,2.82,2.61,0.71,0.68,0.18,0.07,0.04,50.0,92.4,95.0,0.25,0.5,0.0,0.0,0.11,0.11,100.0,0.93,0.11,11.54,1.61,0.18,11.11,0.07,4.44
1265,Primeira Liga (PT),36926,Dario Špikić,D. Špikić,1999-03-22,63.18,16.52,18.65,30,30,0,611.0,20.37,12.33,60.56,2.77,0.33,8.05,2.05,408.0,13.6,8.6,63.24,2.73,1.4,51.22,8.63,190.0,6.33,3.27,3.8,1.67,1.4,1.07,0.33,31.25,51.58,43.86,0.83,2.47,0.37,0.87,0.3,0.03,11.11,3.73,0.53,14.29,5.77,1.0,17.34,0.9,15.61
1265,Primeira Liga (PT),37712,Issiar Dramé,I. Dramé,1999-02-16,7.98,3.22,1.18,1,1,0,5.0,5.0,5.0,100.0,0.0,0.0,8.59,3.46,5.0,5.0,5.0,100.0,0.0,0.0,,5.0,2.0,2.0,2.0,2.0,2.0,0.0,0.0,0.0,,100.0,100.0,0.0,1.0,0.0,0.0,0.0,0.0,,0.0,0.0,,0.0,0.0,,0.0,
1265,Primeira Liga (PT),37805,Pablo Felipe Pereira de Jesus,Pablo Felipe,2004-01-02,77.41,18.54,19.14,13,12,1,193.0,16.08,8.83,54.92,3.75,0.83,4.29,1.27,104.0,8.67,5.75,66.35,2.42,1.42,58.62,3.5,31.0,2.58,1.5,1.25,0.33,0.5,0.5,0.17,33.33,58.06,26.67,0.75,1.58,0.58,0.25,0.0,0.0,,3.33,0.33,10.0,5.25,1.0,19.05,1.67,31.75
1265,Primeira Liga (PT),37829,Max Svensson Río,Max Svensson,2001-11-08,35.47,7.87,8.93,6,6,0,56.0,9.33,3.67,39.28,1.67,0.0,6.24,1.67,36.0,6.0,2.33,38.89,1.0,0.5,50.0,2.83,15.0,2.5,0.83,1.83,0.5,0.83,0.83,0.0,0.0,33.33,27.27,0.67,1.0,0.17,0.17,0.0,0.0,,1.17,0.0,0.0,2.83,0.33,11.76,0.33,11.76
1265,Primeira Liga (PT),37953,Andreas Rædergård Schjelderup,A. Schjelderup,2004-06-01,66.59,20.17,14.18,28,28,0,816.0,29.14,19.0,65.2,4.39,0.57,7.47,2.23,615.0,21.96,14.96,68.13,2.07,1.36,65.52,18.39,270.0,9.64,5.64,6.04,3.25,1.29,0.89,0.32,36.0,58.52,53.85,0.82,2.11,0.25,2.07,1.86,0.82,44.23,3.14,0.39,12.5,4.82,0.71,14.82,1.0,20.74
1265,Primeira Liga (PT),38127,Luan Patrick Wiedthauper,Luan Patrick,2002-01-20,96.08,22.57,24.05,30,29,1,1401.0,48.31,40.45,83.73,0.83,0.14,4.34,1.62,908.0,31.31,27.97,89.32,0.48,0.28,57.14,29.52,245.0,8.45,7.0,5.59,4.9,0.9,0.31,0.21,66.67,82.86,87.65,0.03,0.21,0.0,0.03,0.41,0.31,75.0,0.72,0.03,4.76,1.28,0.48,37.84,0.0,0.0
1265,Primeira Liga (PT),38128,Alfonso Trezza Hernández,A. Trezza,1999-06-22,79.09,20.34,20.55,32,31,1,590.0,19.03,9.68,50.85,3.13,0.58,5.77,1.43,414.0,13.35,7.23,54.11,2.65,0.9,34.15,9.35,128.0,4.13,1.52,3.16,1.06,2.0,1.77,0.55,30.91,36.72,33.67,0.87,1.32,0.74,0.58,0.23,0.1,42.86,3.06,0.45,14.74,5.65,1.52,26.86,1.1,19.43
1265,Primeira Liga (PT),38415,Diego Ariel Duarte Garcete,D. Duarte,2002-04-08,52.66,10.4,16.15,27,26,1,225.0,8.65,3.77,43.55,1.77,0.23,4.48,1.22,102.0,3.92,1.88,48.04,0.92,0.42,45.83,1.96,49.0,1.88,0.88,1.23,0.46,0.5,0.42,0.08,18.18,46.94,37.5,0.19,0.5,0.5,0.23,0.08,0.0,0.0,1.15,0.08,6.67,2.35,0.62,26.23,0.62,26.23
1265,Primeira Liga (PT),38984,Tiago Galletto López,T. Galletto,2002-05-11,42.11,8.02,12.68,16,15,1,127.0,8.47,6.67,78.74,0.33,0.0,3.34,1.24,87.0,5.8,5.13,88.5,0.2,0.2,100.0,5.13,16.0,1.07,0.87,0.53,0.33,0.27,0.27,0.2,75.0,81.25,62.5,0.0,0.27,0.0,0.0,0.07,0.0,0.0,0.4,0.0,0.0,0.6,0.13,22.22,0.0,0.0
1265,Primeira Liga (PT),38998,Jesús Andrés Ramírez Díaz,J. Ramírez,1998-05-04,95.94,20.87,25.21,33,29,4,598.0,20.62,10.66,51.67,4.38,0.59,4.83,1.41,315.0,10.86,5.72,52.7,2.55,0.76,29.73,5.72,119.0,4.1,2.03,2.38,0.9,0.76,0.55,0.28,50.0,49.58,37.68,1.0,1.62,0.66,0.21,0.28,0.07,25.0,3.24,0.24,7.45,5.31,0.79,14.94,1.03,19.48
1265,Primeira Liga (PT),39576,Nico Mantl,N. Mantl,2000-02-06,99.97,25.1,26.8,8,8,0,193.0,24.12,14.62,60.62,0.0,0.0,4.39,2.9,119.0,14.88,9.75,65.55,0.12,0.12,100.0,14.25,32.0,4.0,2.75,2.75,2.0,0.0,0.0,0.0,,68.75,72.73,0.0,0.0,0.0,0.0,0.0,0.0,,0.25,0.12,50.0,0.5,0.12,25.0,0.0,0.0
1265,Primeira Liga (PT),40367,Nile Omari Mckenzie John,Nile John,2003-03-06,59.05,15.33,15.98,14,12,2,217.0,18.08,12.75,70.51,2.42,0.08,4.11,1.24,150.0,12.5,9.33,74.67,1.58,0.83,52.63,8.42,40.0,3.33,2.25,2.0,1.25,0.83,0.67,0.42,62.5,67.5,62.5,0.83,1.33,0.0,0.17,0.25,0.17,66.67,3.0,0.33,11.11,4.25,0.67,15.69,0.58,13.73
1265,Primeira Liga (PT),40591,Alejandro Josè Marqués Méndez,Alejandro Marqués,2000-08-04,49.33,13.61,12.32,26,26,0,268.0,10.31,5.19,50.37,1.42,0.19,6.23,1.74,168.0,6.46,3.31,51.19,1.65,0.5,30.23,3.81,73.0,2.81,1.38,1.35,0.46,0.69,0.42,0.08,18.18,49.32,34.29,0.31,0.92,0.31,0.23,0.19,0.0,0.0,2.19,0.27,12.28,3.04,0.5,16.46,0.42,13.92
1265,Primeira Liga (PT),41244,Enzo Alan Tomás Barrenechea,E. Barrenechea,2001-05-22,74.7,22.1,16.98,26,25,1,1263.0,50.52,44.8,88.68,2.16,0.24,3.72,1.46,903.0,36.12,33.48,92.69,0.48,0.2,41.67,32.8,173.0,6.92,6.28,2.6,2.24,0.56,0.24,0.12,50.0,90.75,86.15,0.32,0.4,0.04,0.0,0.08,0.0,0.0,0.96,0.12,12.5,1.48,0.2,13.51,0.16,10.81
1265,Primeira Liga (PT),41621,Patrick Gilmar Sequeira Mejías,P. Sequeira,1999-03-01,96.95,18.73,27.18,29,28,1,532.0,19.0,9.75,51.32,0.04,0.0,4.29,3.39,241.0,8.61,5.21,60.58,0.07,0.04,50.0,8.43,95.0,3.39,1.79,1.82,1.0,0.0,0.0,0.0,,52.63,54.9,0.0,0.0,0.0,0.0,0.21,0.18,83.33,0.14,0.04,25.0,0.21,0.04,16.67,0.0,0.0
1265,Primeira Liga (PT),42185,Xander Severina,X. Severina,2001-04-12,25.85,5.34,6.08,5,5,0,32.0,6.4,3.8,59.37,0.2,0.0,5.76,1.51,22.0,4.4,2.8,63.64,0.6,0.2,33.33,3.0,7.0,1.4,0.8,0.8,0.4,0.2,0.2,0.0,0.0,57.14,50.0,0.0,0.8,0.0,0.2,0.4,0.0,0.0,1.2,0.4,33.33,1.6,0.0,0.0,0.2,12.5
1265,Primeira Liga (PT),42283,Andrew da Silva Ventura,Andrew,2001-07-01,97.66,23.74,23.85,17,16,1,419.0,26.19,15.69,59.9,0.0,0.0,3.36,2.83,262.0,16.38,12.0,73.28,0.12,0.0,0.0,15.31,46.0,2.88,1.44,1.75,1.0,0.0,0.0,0.0,,50.0,57.14,0.0,0.0,0.0,0.0,0.0,0.0,,0.38,0.06,16.67,0.44,0.06,14.28,0.0,0.0
1265,Primeira Liga (PT),42452,Santiago García González ,Santi García,2001-08-29,88.83,22.75,21.64,33,32,1,997.0,31.16,20.53,65.9,5.09,0.41,4.63,1.46,670.0,20.94,14.62,69.85,3.12,1.53,49.0,13.69,183.0,5.72,3.5,3.12,1.78,1.0,0.75,0.47,62.5,61.2,57.0,1.62,3.0,0.34,0.81,0.34,0.12,36.36,4.91,0.84,17.2,7.12,1.16,16.23,1.47,20.61
1265,Primeira Liga (PT),42457,Ángel Algobia Esteves,Á. Algobia,1999-06-23,56.55,11.19,17.48,21,21,0,354.0,16.86,11.62,68.93,1.62,0.1,2.9,1.05,215.0,10.24,7.29,71.16,0.9,0.43,47.37,7.71,39.0,1.86,1.19,0.95,0.48,0.29,0.14,0.05,33.33,64.1,50.0,0.29,1.1,0.05,0.24,0.05,0.05,100.0,1.24,0.0,0.0,2.29,0.43,18.75,0.38,16.67
1265,Primeira Liga (PT),42593,Marvin Elimbi,M. Elimbi,2003-02-20,95.94,23.33,24.14,28,27,1,1139.0,42.19,34.74,82.35,0.96,0.04,4.1,1.58,769.0,28.48,25.22,88.56,0.33,0.07,22.22,27.41,199.0,7.37,5.7,5.0,3.96,1.37,0.63,0.44,70.59,77.39,79.26,0.04,0.15,0.07,0.0,0.33,0.22,66.67,0.33,0.0,0.0,0.52,0.07,14.29,0.11,21.43
1265,Primeira Liga (PT),42650,Ismael Gharbi ,Ismael Gharbi,2004-04-10,68.88,28.49,12.02,1,1,0,35.0,35.0,24.0,68.57,0.0,0.0,5.01,1.75,32.0,32.0,22.0,68.75,8.0,4.0,50.0,21.0,9.0,9.0,4.0,5.0,1.0,1.0,1.0,1.0,100.0,44.44,20.0,2.0,3.0,1.0,1.0,1.0,0.0,0.0,10.0,4.0,40.0,12.0,2.0,16.67,0.0,0.0
1265,Primeira Liga (PT),42749,Nikolaos Athanasiou,N. Athanasiou,2001-03-16,83.7,20.44,24.2,17,17,0,552.0,32.47,23.29,71.74,2.12,0.06,4.69,1.47,398.0,23.41,18.29,78.14,1.82,1.06,58.06,21.29,112.0,6.59,4.0,3.94,2.35,1.71,1.41,0.76,54.17,60.72,59.7,0.06,1.76,0.06,0.29,0.59,0.41,70.0,2.59,0.29,11.36,3.76,0.82,21.88,0.24,6.25
1265,Primeira Liga (PT),42980,Nabil Zoubdi Touaizi,Nabil Touaizi,2001-02-01,94.93,22.16,27.25,32,32,0,1165.0,36.41,23.31,64.03,2.75,0.25,6.06,1.87,792.0,24.75,16.88,68.18,2.19,1.0,45.71,22.66,309.0,9.66,5.25,6.28,3.25,2.34,1.91,0.69,36.07,54.37,51.74,0.16,3.66,0.47,0.81,0.75,0.31,41.67,3.25,0.47,14.42,5.25,1.62,30.95,0.41,7.74
1265,Primeira Liga (PT),43052,Adrian Leon Barišić,A. Barišić,2001-07-19,80.61,26.5,20.15,6,6,0,281.0,46.83,40.83,87.19,0.67,0.17,3.41,1.45,237.0,39.5,36.33,91.98,0.33,0.17,50.0,38.0,27.0,4.5,3.67,1.83,1.67,1.17,0.67,0.67,100.0,81.48,90.91,0.17,0.33,0.0,0.0,0.17,0.0,0.0,0.33,0.0,0.0,0.83,0.0,0.0,0.0,0.0
1265,Primeira Liga (PT),43304,Zeno Debast,Z. Debast,2003-10-24,78.51,25.2,16.84,17,17,0,991.0,58.29,51.71,88.7,2.18,0.35,5.05,1.92,737.0,43.35,39.71,91.59,0.0,0.0,,41.94,194.0,11.41,9.71,5.94,4.88,1.18,0.24,0.24,100.0,85.05,82.18,0.0,0.18,0.0,0.0,0.29,0.18,60.0,0.24,0.06,25.0,0.47,0.06,12.5,0.0,0.0
1265,Primeira Liga (PT),43668,Gian Franco Cabezas Rodríguez,G. Cabezas,2003-01-01,12.56,2.5,2.75,5,5,0,22.0,4.4,3.2,72.73,0.8,0.0,3.87,1.32,11.0,2.2,1.6,72.73,0.4,0.2,50.0,1.6,2.0,0.4,0.4,0.2,0.2,0.0,0.0,0.0,,100.0,100.0,0.0,0.0,0.0,0.0,0.0,0.0,,0.4,0.0,0.0,0.6,0.0,0.0,0.0,0.0
1265,Primeira Liga (PT),43883,Elias Manoel Alves de Paula,Elias Manoel,2001-11-30,26.19,6.63,5.31,15,15,0,92.0,6.13,2.73,44.57,1.2,0.2,3.91,1.26,57.0,3.8,2.0,52.63,1.0,0.33,33.33,2.0,15.0,1.0,0.4,0.67,0.2,0.4,0.33,0.0,0.0,40.0,30.0,0.33,0.6,0.27,0.2,0.0,0.0,,1.2,0.07,5.56,2.07,0.33,16.13,0.67,32.26
1265,Primeira Liga (PT),43884,Adriel Vasconcelos Ramos,Adriel,2001-01-14,99.24,18.88,31.37,16,15,1,317.0,21.13,10.8,51.1,0.33,0.07,4.7,3.29,149.0,9.93,6.4,64.43,0.2,0.07,33.33,9.47,60.0,4.0,1.67,2.6,1.13,0.07,0.0,0.0,,41.67,43.59,0.0,0.0,0.0,0.0,0.27,0.07,25.0,0.2,0.07,33.33,0.33,0.2,60.0,0.0,0.0
1265,Primeira Liga (PT),46857,Leonardo Rodrigues dos Santos,Léo Santos,1998-12-09,98.03,20.91,26.36,31,28,3,1110.0,39.64,30.54,77.03,1.5,0.21,5.0,1.78,676.0,24.14,21.07,87.28,0.29,0.14,50.0,23.07,238.0,8.5,6.25,4.07,3.32,1.29,0.25,0.11,42.86,73.53,81.58,0.04,0.5,0.04,0.07,0.43,0.25,58.33,0.36,0.0,0.0,0.5,0.18,35.71,0.0,0.0
1265,Primeira Liga (PT),46948,Lukas Hornicek,L. Hornicek,2002-07-13,99.09,33.61,21.81,33,33,0,1054.0,31.94,21.88,68.5,0.06,0.0,3.22,2.51,745.0,22.58,17.27,76.51,0.24,0.0,0.0,22.3,101.0,3.06,1.7,1.42,0.91,0.0,0.0,0.0,,55.45,63.83,0.0,0.0,0.0,0.0,0.52,0.15,29.41,0.52,0.15,29.41,0.64,0.09,14.29,0.0,0.0
1265,Primeira Liga (PT),47752,Gustavo Garcia dos Santos,Garcia,2002-01-04,55.68,14.37,14.0,12,12,0,299.0,24.92,19.25,77.26,1.58,0.0,3.14,1.28,215.0,17.92,15.0,83.72,0.33,0.25,75.0,17.25,27.0,2.25,1.67,1.42,1.0,0.58,0.33,0.17,50.0,74.07,70.59,0.0,2.08,0.08,0.08,0.08,0.08,100.0,0.83,0.17,20.0,1.42,0.58,41.17,0.08,5.88
1265,Primeira Liga (PT),49095,Leonardo Daniel Rivas Conge,L. Rivas,2001-12-06,64.29,12.76,20.19,26,26,0,442.0,17.0,10.85,63.8,0.88,0.04,4.83,1.41,247.0,9.5,6.73,70.85,0.42,0.27,63.64,8.58,83.0,3.19,1.96,2.08,1.27,0.85,0.69,0.35,50.0,61.45,61.11,0.0,1.0,0.12,0.04,0.19,0.04,20.0,0.69,0.04,5.56,1.23,0.23,18.75,0.12,9.37
1265,Primeira Liga (PT),53128,Michel Augusto Modesto Rafael dos Santos,Michel,2003-05-20,80.29,25.99,19.36,4,4,0,212.0,53.0,48.5,91.51,0.5,0.25,3.93,1.9,164.0,41.0,39.75,96.95,0.0,0.0,,40.75,35.0,8.75,8.5,6.75,6.75,0.25,0.0,0.0,,97.14,100.0,0.0,0.0,0.0,0.25,0.0,0.0,,0.0,0.0,,0.0,0.0,,0.0,
1265,Primeira Liga (PT),53219,Marcos Vinicios Lopes Moura,Sorriso,2001-02-23,91.1,23.19,22.95,33,32,1,989.0,30.91,18.44,59.66,3.72,0.44,6.72,2.1,678.0,21.19,13.22,62.39,2.88,1.34,46.74,15.47,283.0,8.84,4.84,5.19,2.72,1.44,1.06,0.38,35.29,54.77,52.41,0.56,2.0,0.62,1.0,0.5,0.25,50.0,3.97,0.56,14.17,6.97,1.19,17.04,0.53,7.62
1265,Primeira Liga (PT),54936,Lazar Carević,L. Carević,1999-03-16,99.87,25.41,25.07,34,33,1,982.0,29.76,22.67,76.17,0.06,0.0,3.7,3.17,614.0,18.61,15.48,83.22,0.03,0.03,100.0,18.03,107.0,3.24,2.06,1.85,1.24,0.03,0.0,0.0,,63.55,67.21,0.0,0.0,0.0,0.0,0.27,0.12,44.44,0.12,0.03,25.0,0.3,0.09,30.0,0.0,0.0
1265,Primeira Liga (PT),54942,Ángel Alarcón Galiot,Ángel Alarcón,2004-05-15,23.23,8.48,4.57,3,3,0,31.0,10.33,7.33,70.97,0.67,0.0,4.59,1.33,19.0,6.33,4.67,73.68,0.33,0.0,0.0,5.0,9.0,3.0,2.33,1.0,0.67,0.33,0.0,0.0,,77.78,66.67,0.0,1.0,0.0,0.67,0.33,0.0,0.0,1.0,0.33,33.33,1.0,0.0,0.0,0.0,0.0
1265,Primeira Liga (PT),54990,Joel Jorquera Romero,Joel Jorquera,2000-08-19,12.97,2.84,4.39,4,4,0,18.0,4.5,2.5,55.55,0.5,0.0,7.3,1.8,11.0,2.75,1.75,63.64,0.25,0.25,100.0,2.5,7.0,1.75,1.25,1.0,0.5,0.5,0.5,0.0,0.0,71.43,50.0,0.25,0.0,0.0,0.0,0.25,0.25,100.0,0.5,0.25,50.0,0.5,0.0,0.0,0.25,50.0
1265,Primeira Liga (PT),56498,Paulo Victor de Almeida Barbosa,P. Victor,2001-04-13,69.14,17.17,19.12,21,21,0,598.0,28.48,19.14,67.22,1.33,0.1,4.32,1.57,415.0,19.76,14.29,72.29,1.0,0.24,23.81,18.57,111.0,5.29,3.14,3.43,2.05,0.62,0.43,0.19,44.44,59.46,59.72,0.05,1.81,0.19,0.19,0.86,0.52,61.11,1.43,0.38,26.67,2.33,0.48,20.41,0.1,4.08
1265,Primeira Liga (PT),57756,José Vitor Lima Cardoso,Zé Vitor,2001-02-09,99.22,21.43,26.78,30,26,4,1058.0,40.69,30.19,74.2,1.54,0.15,5.24,1.64,630.0,24.23,20.54,84.76,0.19,0.12,60.0,23.27,254.0,9.77,6.35,6.23,4.23,1.38,0.58,0.31,53.33,64.96,67.9,0.08,0.04,0.0,0.04,0.62,0.27,43.75,0.19,0.0,0.0,0.31,0.15,50.0,0.04,12.5
1265,Primeira Liga (PT),59973,Iyad Mohamed,Iyad Mohamed,2001-03-05,50.15,9.43,14.5,22,21,1,327.0,15.57,11.71,75.23,0.76,0.14,2.6,1.0,181.0,8.62,7.05,81.77,0.43,0.33,77.78,6.57,26.0,1.24,0.86,0.43,0.33,0.05,0.0,0.0,,69.23,77.78,0.14,0.57,0.0,0.0,0.14,0.05,33.33,0.81,0.14,17.65,1.29,0.19,14.81,0.14,11.11
1265,Primeira Liga (PT),60108,Felix Bacher,F. Bacher,2000-10-25,98.46,26.5,25.2,34,34,0,1789.0,52.62,44.5,84.57,1.18,0.18,4.15,1.8,1248.0,36.71,33.82,92.15,0.18,0.06,33.33,35.44,274.0,8.06,6.44,3.15,2.71,1.29,0.12,0.12,100.0,79.93,85.98,0.03,0.03,0.0,0.03,0.65,0.29,45.45,0.26,0.03,11.11,0.5,0.09,17.65,0.0,0.0
1265,Primeira Liga (PT),60508,Ole Pohlmann,O. Pohlmann,2001-04-05,59.07,15.7,16.02,31,31,0,573.0,18.48,13.19,71.38,1.74,0.1,5.56,1.54,369.0,11.9,9.0,75.61,1.77,1.1,61.82,7.55,136.0,4.39,2.81,2.19,1.16,1.16,0.84,0.39,46.15,63.97,52.94,0.97,1.0,0.06,0.52,0.29,0.13,44.44,2.68,0.68,25.3,4.0,0.58,14.52,0.29,7.26
1265,Primeira Liga (PT),60571,Boris Popović,B. Popović,2000-02-26,73.86,17.52,21.4,17,16,1,605.0,37.81,32.12,84.96,1.0,0.12,4.48,1.73,432.0,27.0,24.56,90.97,0.38,0.12,33.33,25.5,102.0,6.38,5.31,3.06,2.81,0.56,0.25,0.19,75.0,83.33,91.84,0.06,0.12,0.0,0.0,0.5,0.25,50.0,0.62,0.0,0.0,0.75,0.31,41.66,0.0,0.0
1265,Primeira Liga (PT),61212,Gonçalo Lago Pontes Esteves,Gonçalo Esteves,2004-02-27,37.27,9.03,11.51,5,5,0,73.0,14.6,8.8,60.27,1.4,0.4,6.98,2.11,47.0,9.4,6.6,70.21,0.8,0.4,50.0,8.4,21.0,4.2,1.8,2.0,1.2,0.8,0.6,0.6,100.0,42.86,60.0,0.0,1.2,0.0,0.8,0.6,0.2,33.33,1.2,0.2,16.66,1.8,0.4,22.22,0.0,0.0
1265,Primeira Liga (PT),61335,Francisco Jorge Tavares Oliveira,Chiquinho,2000-02-05,78.7,18.36,22.82,19,19,0,436.0,22.95,11.11,48.39,2.89,0.32,9.03,2.35,293.0,15.42,7.84,50.85,3.32,1.21,36.51,8.95,162.0,8.53,3.84,6.63,2.89,2.47,2.11,0.63,30.0,45.06,43.65,1.21,1.53,0.63,1.89,0.84,0.37,43.75,4.16,0.74,17.72,6.79,2.05,30.23,0.84,12.4
1265,Primeira Liga (PT),61581,Roger  Fernandes,Roger,2005-11-21,87.97,33.34,15.54,4,4,0,186.0,46.5,32.0,68.82,6.25,0.75,8.11,2.39,153.0,38.25,27.25,71.24,2.0,1.0,50.0,34.75,72.0,18.0,9.0,9.25,5.25,1.5,1.0,0.25,25.0,50.0,56.76,0.0,4.0,0.5,2.75,1.0,0.0,0.0,2.75,0.75,27.27,4.75,0.75,15.79,0.5,10.53
1265,Primeira Liga (PT),61681,Tomás Romano Pereira dos Santos Händel,Tomás Händel,2000-11-27,104.72,24.24,21.6,3,2,1,89.0,44.5,32.5,73.03,2.0,0.5,3.12,1.19,59.0,29.5,23.5,79.66,3.0,1.0,33.33,21.5,7.0,3.5,2.0,2.0,0.5,1.5,1.0,0.0,0.0,57.14,25.0,1.0,2.0,0.0,0.5,0.0,0.0,,5.5,0.5,9.09,8.0,1.5,18.75,0.5,6.25
1265,Primeira Liga (PT),62124,Rodrigo Fernandes da Conceição,Rodrigo Conceição,2000-01-02,79.38,18.08,22.98,20,20,0,591.0,29.55,19.55,66.16,1.85,0.1,7.89,2.21,384.0,19.2,13.15,68.49,1.6,0.6,37.5,16.0,197.0,9.85,5.85,6.75,4.0,2.0,1.6,0.8,50.0,59.39,59.26,0.2,2.6,0.25,0.8,1.0,0.35,35.0,2.4,0.35,14.58,4.05,1.2,29.63,0.35,8.64
1265,Primeira Liga (PT),62147,Gabriel  Martínez Aguilera,Gabri Martínez,2003-01-22,52.31,17.79,11.77,28,28,0,753.0,26.89,16.5,61.36,2.46,0.18,7.62,2.18,558.0,19.93,12.82,64.34,2.14,1.07,50.0,16.43,246.0,8.79,4.25,6.14,2.54,2.25,1.86,0.5,26.92,48.37,41.28,0.29,1.82,0.61,1.43,0.64,0.25,38.89,3.32,0.82,24.73,5.11,1.39,27.27,0.39,7.69
1265,Primeira Liga (PT),62355,Miguel Puche García,Miguel Puche,2001-04-30,34.81,7.78,9.52,27,26,1,288.0,11.08,7.31,65.97,1.12,0.08,6.23,1.84,204.0,7.85,5.58,71.08,0.54,0.19,35.71,6.27,86.0,3.31,1.92,1.73,0.81,0.62,0.42,0.15,36.36,58.14,46.67,0.23,0.77,0.12,0.0,0.23,0.04,16.66,0.88,0.19,21.74,2.04,0.5,24.53,0.15,7.55
1265,Primeira Liga (PT),63077,Gustaf Lagerbielke,G. Lagerbielke,2000-04-10,94.14,31.89,20.84,28,28,0,1996.0,71.29,63.71,89.38,1.57,0.11,3.96,1.65,1575.0,56.25,52.07,92.57,0.32,0.18,55.56,55.07,274.0,9.79,8.71,5.43,4.79,0.96,0.39,0.32,81.82,89.05,88.16,0.0,0.18,0.11,0.04,0.54,0.21,40.0,0.57,0.04,6.25,0.96,0.29,29.63,0.07,7.41
1265,Primeira Liga (PT),63449,Jean-Baptiste Gorby,J. Gorby,2002-07-25,67.81,22.72,14.84,28,28,0,1305.0,46.61,41.96,90.04,2.04,0.32,4.4,1.63,1024.0,36.57,33.68,92.09,1.0,0.57,57.14,31.64,218.0,7.79,7.25,3.0,2.71,0.43,0.14,0.11,75.0,93.12,90.48,0.64,2.14,0.11,0.25,0.29,0.21,75.0,2.32,0.54,23.08,3.04,0.32,10.59,0.25,8.24
1265,Primeira Liga (PT),64191,Marko Milovanović,M. Milovanović,2003-08-04,53.93,12.35,15.07,30,30,0,316.0,10.53,5.3,50.32,1.6,0.4,7.01,1.66,195.0,6.5,3.5,53.85,2.5,1.13,45.33,2.03,96.0,3.2,1.57,1.9,0.6,1.13,0.87,0.2,23.08,48.96,31.58,0.63,0.97,0.4,0.27,0.1,0.0,0.0,3.0,0.47,15.56,4.37,1.07,24.43,0.7,16.03
1265,Primeira Liga (PT),64677,Jakub Kiwior,J. Kiwior,2000-02-15,93.98,27.46,22.11,26,26,0,1862.0,71.62,62.92,87.86,2.5,0.19,5.35,2.31,1410.0,54.23,49.81,91.84,0.23,0.12,50.0,52.77,414.0,15.92,14.46,8.35,7.85,0.88,0.38,0.27,70.0,90.82,94.01,0.19,0.23,0.0,0.0,0.88,0.54,60.87,0.38,0.04,10.0,0.77,0.31,40.0,0.04,5.0
1265,Primeira Liga (PT),67659,Alioune Ndoye,A. Ndoye,2001-10-05,48.1,11.9,11.07,24,22,2,188.0,8.55,3.55,41.49,2.18,0.18,3.56,1.09,108.0,4.91,2.41,49.07,1.55,0.59,38.23,1.05,26.0,1.18,0.45,0.77,0.23,0.27,0.23,0.0,0.0,38.46,29.41,0.36,0.73,0.5,0.32,0.09,0.0,0.0,1.73,0.09,5.26,3.27,0.23,6.94,0.73,22.22
1265,Primeira Liga (PT),67818,Geny Cipriano Catamo,Geny Catamo,2001-01-26,72.27,23.77,15.42,29,28,1,1025.0,36.61,24.82,67.8,4.68,0.46,8.26,2.47,797.0,28.46,19.82,69.64,2.36,1.39,59.09,24.18,373.0,13.32,8.43,7.96,4.86,2.07,1.61,0.54,33.33,63.27,60.99,0.36,1.86,0.75,1.54,1.86,0.57,30.77,3.64,0.64,17.65,5.39,1.29,23.84,0.86,15.89
1265,Primeira Liga (PT),68367,João Pedro Goulart Silva,João Goulart,2000-01-27,84.96,15.91,25.21,25,24,1,529.0,22.04,15.62,70.89,0.54,0.0,3.84,1.43,307.0,12.79,10.5,82.08,0.21,0.12,60.0,11.58,74.0,3.08,1.96,1.58,1.08,0.67,0.25,0.12,50.0,63.51,68.42,0.0,0.12,0.0,0.12,0.12,0.08,66.67,0.38,0.0,0.0,0.71,0.21,29.41,0.0,0.0
1265,Primeira Liga (PT),68537,Marcus Abraham Ayomide,M. Ayomide,2000-01-02,89.97,21.85,22.5,31,30,1,940.0,31.33,19.33,61.7,3.77,0.5,7.39,2.39,636.0,21.2,13.37,63.05,3.03,1.43,47.25,15.17,291.0,9.7,5.53,5.27,2.63,1.23,1.1,0.43,39.39,57.05,50.0,0.7,0.63,0.27,1.13,0.73,0.4,54.55,4.0,0.87,21.67,6.4,1.1,17.19,0.63,9.9
1265,Primeira Liga (PT),68572,Alan Godoy Domínguez,A. Godoy,2003-05-04,56.48,13.26,12.73,6,6,0,65.0,10.83,5.33,49.23,1.83,0.0,5.5,1.42,35.0,5.83,2.83,48.57,0.83,0.17,20.0,4.17,13.0,2.17,1.17,1.17,0.5,0.83,0.67,0.17,25.0,53.85,42.86,0.17,0.67,0.5,0.17,0.5,0.33,66.67,1.17,0.0,0.0,2.17,0.33,15.38,0.5,23.08
1265,Primeira Liga (PT),68972,Demir Ege Tıknaz,E. Tıknaz,2004-08-17,54.15,17.22,12.35,10,10,0,340.0,34.0,28.6,84.12,1.8,0.2,3.37,1.36,272.0,27.2,23.6,86.76,1.0,0.5,50.0,22.1,39.0,3.9,3.0,1.8,1.2,0.1,0.0,0.0,,76.92,66.67,1.6,0.8,0.4,0.2,0.2,0.1,50.0,2.4,0.1,4.17,3.6,0.4,11.11,0.5,13.89
1265,Primeira Liga (PT),69027,Ivan Correia Posser Lima,Ivan Lima,2005-01-13,16.58,4.79,3.2,1,1,0,6.0,6.0,2.0,33.33,0.0,0.0,9.68,2.42,5.0,5.0,1.0,20.0,2.0,0.0,0.0,5.0,2.0,2.0,1.0,2.0,1.0,0.0,0.0,0.0,,50.0,50.0,0.0,2.0,0.0,0.0,0.0,0.0,,2.0,0.0,0.0,3.0,0.0,0.0,0.0,0.0
1265,Primeira Liga (PT),69030, João de Vasconcelos Faria Gonçalves,Vasconcelos,2005-02-26,47.82,12.05,10.18,1,1,0,12.0,12.0,9.0,75.0,1.0,0.0,5.95,1.19,7.0,7.0,6.0,85.71,0.0,0.0,,2.0,3.0,3.0,3.0,2.0,2.0,2.0,1.0,1.0,100.0,100.0,100.0,0.0,2.0,0.0,1.0,0.0,0.0,,1.0,0.0,0.0,3.0,2.0,66.67,1.0,33.33
1265,Primeira Liga (PT),69031,João Miguel Fins Veloso,João Veloso,2005-06-26,2.27,1.02,0.37,2,2,0,4.0,2.0,2.0,100.0,0.0,0.0,1.54,0.92,4.0,2.0,2.0,100.0,0.0,0.0,,2.0,0.0,0.0,0.0,0.0,0.0,0.0,0.0,0.0,,,,0.0,1.0,0.0,0.0,0.0,0.0,,0.0,0.0,,0.0,0.0,,0.0,
1265,Primeira Liga (PT),69038,Francisco Edgar Chissumba Rodrigues,Francisco Chissumba,2005-05-29,87.88,20.53,25.43,18,18,0,580.0,32.22,23.33,72.41,1.67,0.11,5.89,1.8,388.0,21.56,16.33,75.77,1.72,0.83,48.39,19.0,148.0,8.22,5.78,4.11,2.83,1.78,1.5,0.89,59.26,70.27,68.92,0.11,3.78,0.11,0.56,0.67,0.33,50.0,2.78,0.44,16.0,4.33,1.06,24.36,0.33,7.69
1265,Primeira Liga (PT),69039,João Pedro Seno Luís Rêgo,João Rêgo,2005-06-20,12.53,2.61,2.75,8,8,0,38.0,4.75,2.25,47.37,0.25,0.12,7.26,1.81,25.0,3.12,1.62,52.0,0.38,0.0,0.0,1.88,10.0,1.25,0.62,1.0,0.38,0.5,0.5,0.25,50.0,50.0,37.5,0.5,0.62,0.12,0.0,0.0,0.0,,0.62,0.0,0.0,1.38,0.5,36.36,0.12,9.09
1265,Primeira Liga (PT),69286,Arnau Solà Mateu,Arnau Solà,2003-04-04,63.51,16.82,17.33,10,10,0,292.0,29.2,19.4,66.44,2.2,0.2,4.34,1.35,210.0,21.0,14.9,70.95,1.3,0.3,23.08,19.6,57.0,5.7,3.3,3.8,2.1,1.9,1.5,0.6,40.0,57.89,55.26,0.1,2.3,0.6,0.3,0.6,0.3,50.0,1.5,0.3,20.0,3.0,0.8,26.67,0.4,13.33
1265,Primeira Liga (PT),69521,Martín Fernández Benítez,M. Fernández,2003-06-23,31.94,7.31,6.99,26,25,1,211.0,8.44,4.76,56.4,1.12,0.12,5.75,1.56,139.0,5.56,3.24,58.27,0.92,0.36,39.13,3.96,49.0,1.96,1.16,1.28,0.72,0.52,0.32,0.16,50.0,59.18,56.25,0.2,0.68,0.2,0.04,0.04,0.0,0.0,1.12,0.08,7.14,1.92,0.32,16.67,0.24,12.5
1265,Primeira Liga (PT),70165,André Luiz Inácio da Silva,André Luiz,2002-02-23,84.84,20.85,23.54,19,19,0,501.0,26.37,12.79,48.5,4.21,0.74,11.82,2.72,337.0,17.74,8.95,50.45,3.37,1.21,35.94,11.53,214.0,11.26,5.11,8.32,3.42,3.79,3.47,1.21,34.85,45.33,41.14,1.63,2.84,0.84,2.37,0.74,0.05,7.14,4.47,0.79,17.65,7.84,2.58,32.89,1.53,19.46
1265,Primeira Liga (PT),70245,Samuel Dahl,S. Dahl,2003-03-04,96.02,27.78,21.54,33,32,1,1564.0,48.88,39.66,81.14,2.94,0.12,5.03,1.64,1165.0,36.41,30.84,84.72,1.41,0.69,48.89,34.38,298.0,9.31,7.31,5.84,4.53,1.97,1.56,0.91,58.0,78.52,77.54,0.09,4.22,0.34,0.84,0.47,0.34,73.33,2.41,0.31,12.99,3.88,0.91,23.39,0.56,14.52
1265,Primeira Liga (PT),70674,Rodrigo Alonso Martín,Rodri Alonso,2003-01-04,61.75,17.03,17.14,26,24,2,621.0,25.88,20.5,79.23,1.25,0.33,4.1,1.5,448.0,18.67,15.54,83.26,0.83,0.42,50.0,14.71,99.0,4.12,3.25,1.42,0.96,0.33,0.17,0.0,0.0,78.79,67.65,0.62,1.5,0.04,0.21,0.12,0.08,66.67,1.71,0.46,26.83,2.83,0.17,5.88,0.12,4.41
1265,Primeira Liga (PT),70678,Antonio Espigares Morillas,Antonio Espigares,2004-09-05,60.28,14.59,13.93,19,19,0,511.0,26.89,21.89,81.41,0.58,0.05,4.55,1.78,327.0,17.21,15.42,89.6,0.05,0.05,100.0,16.58,94.0,4.95,4.0,3.37,2.84,0.37,0.05,0.05,100.0,80.85,84.38,0.0,0.0,0.0,0.0,0.21,0.11,50.0,0.16,0.0,0.0,0.21,0.05,25.0,0.0,0.0
1265,Primeira Liga (PT),71799,Dailon Rocha Livramento do Rosario,Dailon Livramento,2001-05-04,45.25,9.19,11.41,24,24,0,192.0,8.0,3.42,42.71,1.62,0.12,7.08,1.72,101.0,4.21,1.88,44.56,0.88,0.29,33.33,1.79,60.0,2.5,0.92,1.5,0.42,0.96,0.75,0.17,22.22,36.67,27.78,0.62,0.83,0.42,0.75,0.04,0.04,100.0,1.12,0.08,7.41,2.58,0.58,22.58,0.29,11.29
1265,Primeira Liga (PT),72479,Makan Aïko,M. Aïko,2001-01-07,64.96,15.35,18.83,18,18,0,380.0,21.11,11.22,53.16,2.44,0.17,8.0,2.19,245.0,13.61,7.61,55.92,1.89,0.89,47.06,9.61,123.0,6.83,3.0,4.06,1.33,1.5,1.22,0.39,31.82,43.9,32.88,0.28,2.72,0.22,1.33,0.72,0.39,53.85,3.0,0.56,18.52,4.44,0.67,15.0,0.33,7.5
1265,Primeira Liga (PT),77791,Nor-Nor Emmanuel Maviram,E. Maviram,2001-04-04,79.78,16.88,24.26,20,20,0,523.0,26.15,16.4,62.72,1.9,0.05,4.19,1.51,307.0,15.35,10.3,67.1,0.85,0.3,35.29,14.4,89.0,4.45,2.55,2.45,1.65,0.9,0.6,0.4,66.67,57.31,67.35,0.05,1.7,0.15,0.15,0.45,0.15,33.33,1.1,0.15,13.64,1.85,0.4,21.62,0.15,8.11
1265,Primeira Liga (PT),81001,Benjamin Mbunga-Kimpioka,B. Kimpioka,2000-02-21,62.15,14.6,16.26,10,10,0,127.0,12.7,7.1,55.91,1.3,0.0,6.18,1.97,83.0,8.3,5.1,61.45,2.2,1.3,59.09,4.0,28.0,2.8,1.6,1.4,0.5,0.5,0.5,0.1,20.0,57.14,35.71,0.6,1.2,0.1,0.4,0.1,0.1,100.0,3.1,1.0,32.26,4.9,0.4,8.16,0.7,14.29
1265,Primeira Liga (PT),82407,Kaiky Marques Naves,Naves,2002-05-08,97.83,22.44,28.96,31,31,0,1563.0,50.42,40.58,80.49,1.61,0.13,3.65,1.6,1058.0,34.13,29.26,85.73,0.26,0.1,37.5,32.35,234.0,7.55,6.48,4.65,4.1,0.48,0.19,0.13,66.67,85.9,88.19,0.1,0.19,0.0,0.03,0.35,0.16,45.45,0.42,0.03,7.69,0.87,0.26,29.63,0.03,3.7
1265,Primeira Liga (PT),82410,Kaique Pereira Azarias,Kaique,2003-04-16,101.08,22.63,26.6,28,25,3,628.0,25.12,13.0,51.75,0.0,0.0,4.73,3.34,334.0,13.36,8.6,64.37,0.04,0.0,0.0,12.76,113.0,4.52,2.2,2.32,1.12,0.0,0.0,0.0,,48.67,48.28,0.0,0.0,0.0,0.04,0.04,0.0,0.0,0.12,0.04,33.33,0.28,0.24,85.71,0.0,0.0
1265,Primeira Liga (PT),84608,Rômulo Helberte Pereira Júnior,Rômulo,2004-01-31,13.48,1.87,1.59,1,1,0,1.0,1.0,0.0,0.0,0.0,0.0,0.0,0.0,1.0,1.0,0.0,0.0,0.0,0.0,,1.0,0.0,0.0,0.0,0.0,0.0,0.0,0.0,0.0,,,,0.0,0.0,0.0,0.0,0.0,0.0,,0.0,0.0,,1.0,0.0,0.0,0.0,0.0
1265,Primeira Liga (PT),92590,Óscar Rivas Viondi,Óscar Rivas,2000-03-27,99.62,26.28,24.06,18,18,0,1015.0,56.39,47.89,84.93,1.67,0.33,4.37,1.67,717.0,39.83,35.56,89.26,0.61,0.17,27.27,38.0,172.0,9.56,8.06,6.0,5.06,1.17,0.72,0.61,84.62,84.3,84.26,0.0,0.33,0.0,0.0,0.5,0.22,44.44,0.72,0.06,7.69,0.94,0.28,29.41,0.0,0.0
1265,Primeira Liga (PT),94117,Isaac Souza Valença,Isaac,2004-03-21,21.09,5.42,5.04,2,2,0,21.0,10.5,9.0,85.71,0.5,0.0,4.98,1.64,14.0,7.0,6.0,85.72,0.0,0.0,,6.0,6.0,3.0,3.0,2.0,2.0,0.0,0.0,0.0,,100.0,100.0,0.0,0.0,0.0,0.0,0.5,0.5,100.0,0.5,0.0,0.0,1.0,0.0,0.0,0.0,0.0
1265,Primeira Liga (PT),95195,Miguel Ferreira de Sousa,Miguel Sousa,1998-09-19,33.29,7.64,7.93,12,12,0,136.0,11.33,7.83,69.12,0.67,0.17,5.06,1.43,94.0,7.83,5.42,69.15,1.25,0.42,33.33,5.08,24.0,2.0,1.17,1.25,0.58,0.67,0.5,0.17,33.33,58.33,46.67,0.42,0.42,0.0,0.08,0.08,0.0,0.0,1.58,0.17,10.53,2.58,0.5,19.36,0.33,12.9
1265,Primeira Liga (PT),95613,Alan de Souza Guimarães,Alan,2000-03-08,87.18,22.69,24.63,33,31,2,1122.0,36.19,27.29,75.4,2.77,0.26,4.66,1.63,817.0,26.35,20.74,78.7,2.16,1.35,62.69,19.58,199.0,6.42,5.0,2.81,2.0,0.74,0.52,0.35,68.75,77.89,71.26,1.55,4.06,0.23,0.26,0.61,0.45,73.68,3.58,0.71,19.82,5.94,0.81,13.59,0.65,10.87
1265,Primeira Liga (PT),96062,Kobamelo Kodisang,K. Kodisang,1999-08-28,35.99,8.84,9.54,4,4,0,36.0,9.0,6.25,69.44,0.5,0.0,5.52,1.85,23.0,5.75,4.0,69.57,1.0,0.5,50.0,4.5,11.0,2.75,2.25,1.5,1.25,0.25,0.25,0.25,100.0,81.82,83.33,0.5,0.75,0.0,0.25,0.25,0.0,0.0,1.0,0.5,50.0,1.5,0.0,0.0,0.25,16.67
1265,Primeira Liga (PT),96063,Leonardo Daniel Ulineia Buta,Leonardo Buta,2002-06-05,9.55,1.18,3.04,3,3,0,8.0,2.67,2.33,87.5,0.0,0.0,2.8,1.15,6.0,2.0,1.67,83.33,0.67,0.67,100.0,1.0,1.0,0.33,0.33,0.0,0.0,0.0,0.0,0.0,,100.0,,0.0,0.0,0.0,0.0,0.0,0.0,,0.67,0.0,0.0,1.0,0.0,0.0,0.0,0.0
1265,Primeira Liga (PT),96064,Dinis Lourenço Casals Namura Borges Pinto,Dinis Pinto,2000-08-24,95.75,24.76,25.97,22,21,1,798.0,38.0,27.52,72.43,1.95,0.29,4.47,1.45,559.0,26.62,20.29,76.21,1.9,0.95,50.0,23.33,132.0,6.29,4.14,4.19,2.52,2.1,1.9,1.29,67.5,65.91,60.23,0.14,3.71,0.33,0.14,0.38,0.19,50.0,3.05,0.57,18.75,4.57,1.0,21.88,0.38,8.33
1265,Primeira Liga (PT),97322,Iván Fresneda Corraliza,Iván Fresneda,2004-09-28,76.6,24.55,16.19,23,22,1,857.0,38.95,30.32,77.83,2.32,0.05,5.99,1.77,635.0,28.86,23.5,81.42,1.68,0.59,35.14,27.0,221.0,10.05,7.5,5.59,4.05,1.73,1.32,0.77,58.62,74.66,72.36,0.23,4.91,0.5,0.36,0.95,0.5,52.38,2.41,0.32,13.21,3.86,1.23,31.76,0.45,11.76
1265,Primeira Liga (PT),100774,Tomás Mendes Mendes,T. Mendes,2004-11-21,70.27,12.97,20.25,5,5,0,97.0,19.4,14.2,73.2,1.0,0.2,3.97,1.22,54.0,10.8,9.0,83.33,0.2,0.2,100.0,9.0,17.0,3.4,3.0,1.0,1.0,0.6,0.4,0.4,100.0,88.24,100.0,0.8,0.6,0.0,0.2,0.0,0.0,,0.6,0.2,33.33,1.0,0.2,20.0,0.0,0.0
1265,Primeira Liga (PT),103498,João Miguel Teixeira Mendes,João Mendes,2000-04-13,91.1,23.34,22.57,29,27,2,1072.0,39.7,27.93,70.34,2.44,0.22,3.73,1.38,735.0,27.22,20.96,77.01,1.22,0.56,45.45,25.22,165.0,6.11,4.22,4.52,3.07,1.56,1.3,0.59,45.71,69.09,68.03,0.07,2.04,0.07,0.26,0.41,0.19,45.45,1.67,0.22,13.33,2.85,1.04,36.36,0.33,11.69
1265,Primeira Liga (PT),105825,Franjo Ivanović,F. Ivanović,2003-10-01,41.34,12.29,8.3,25,24,1,298.0,12.42,6.46,52.01,2.08,0.29,7.75,2.1,207.0,8.62,4.83,56.04,2.58,1.42,54.84,5.67,98.0,4.08,1.88,2.0,0.71,0.79,0.62,0.04,6.67,45.92,35.42,0.54,0.96,0.5,1.0,0.17,0.04,25.0,3.0,0.42,13.89,4.46,0.92,20.56,1.08,24.3
1265,Primeira Liga (PT),107651,Miguel Ângelo Gomes Ferreira Magalhães,Maga,2002-11-16,79.0,20.05,18.53,22,21,1,594.0,28.29,21.52,76.09,1.71,0.05,3.8,1.26,383.0,18.24,14.67,80.42,1.19,0.81,68.0,16.43,86.0,4.1,3.19,2.1,1.67,1.19,0.67,0.48,71.43,77.91,79.55,0.19,2.19,0.19,0.05,0.14,0.05,33.33,1.95,0.43,21.95,3.0,0.67,22.22,0.43,14.29
1265,Primeira Liga (PT),109444,Oumar Ngom,O. Ngom,2004-03-09,83.14,19.28,20.63,11,10,1,388.0,38.8,30.2,77.83,2.3,0.2,4.18,1.34,244.0,24.4,20.6,84.43,0.5,0.4,80.0,19.9,61.0,6.1,4.7,2.8,1.8,1.0,0.6,0.5,83.33,77.05,64.29,0.9,0.9,0.1,0.3,0.4,0.3,75.0,1.0,0.4,40.0,2.0,0.2,10.0,0.1,5.0
1265,Primeira Liga (PT),118016,Matías Emiliano Rocha Calderón,M. Rocha,2001-02-13,85.26,22.09,20.83,11,11,0,519.0,47.18,41.64,88.25,1.27,0.27,3.85,1.64,386.0,35.09,32.55,92.75,0.0,0.0,,33.73,74.0,6.73,5.91,4.36,4.0,0.73,0.45,0.45,100.0,87.84,91.67,0.0,0.36,0.0,0.0,0.27,0.18,66.67,0.0,0.0,,0.09,0.0,0.0,0.0,0.0
1265,Primeira Liga (PT),123995,Brayan Stiven Medina Hurtado,B. Medina,2002-03-04,97.45,21.84,27.05,25,25,0,832.0,33.28,26.44,79.45,1.4,0.0,4.35,1.73,511.0,20.44,17.92,87.67,0.32,0.12,37.5,19.08,145.0,5.8,4.48,3.64,2.84,0.64,0.28,0.24,85.71,77.24,78.02,0.08,0.28,0.08,0.12,0.28,0.08,28.57,0.48,0.08,16.67,0.76,0.2,26.31,0.08,10.53
1265,Primeira Liga (PT),140211,Brian Nicolás Mansilla Islas,B. Mansilla,2002-05-14,22.42,5.56,5.19,20,19,1,147.0,7.74,3.84,49.66,0.68,0.11,9.82,2.58,101.0,5.32,3.0,56.43,0.53,0.21,40.0,4.37,57.0,3.0,1.32,1.89,0.63,0.42,0.32,0.05,16.67,43.86,33.33,0.16,0.63,0.05,0.47,0.42,0.16,37.5,0.63,0.05,8.33,1.11,0.42,38.1,0.11,9.52
1265,Primeira Liga (PT),145071,Clayton Fernandes Silva,Clayton,1999-01-11,90.54,22.62,24.61,19,19,0,384.0,20.21,9.89,48.96,3.47,0.68,6.44,1.69,242.0,12.74,6.42,50.41,3.11,1.37,44.07,6.05,104.0,5.47,2.63,3.47,1.32,1.32,1.05,0.21,20.0,48.08,37.88,1.74,1.0,0.89,0.37,0.21,0.11,50.0,3.89,0.26,6.76,7.74,1.47,19.05,1.74,22.45
1265,Primeira Liga (PT),148268,Tom Moustier,T. Moustier,2002-05-02,28.16,5.76,7.65,9,9,0,53.0,5.89,3.33,56.6,0.67,0.0,5.17,1.47,32.0,3.56,2.0,56.25,0.44,0.11,25.0,2.56,15.0,1.67,0.78,0.78,0.33,0.33,0.22,0.0,0.0,46.67,42.86,0.22,1.0,0.33,0.0,0.11,0.0,0.0,0.56,0.22,40.0,1.0,0.22,22.22,0.33,33.33
1265,Primeira Liga (PT),149332,Mario Dorgeles,M. Dorgeles,2004-08-07,56.14,19.08,11.59,20,20,0,668.0,33.4,27.95,83.68,2.05,0.4,4.92,1.72,543.0,27.15,23.5,86.56,2.1,1.2,57.14,23.95,126.0,6.3,5.1,3.1,2.45,0.75,0.4,0.15,37.5,80.95,79.03,0.4,2.5,0.35,0.4,0.3,0.2,66.67,3.0,0.6,20.0,3.75,0.55,14.67,0.45,12.0
1265,Primeira Liga (PT),151383,Pedro Bondo Francisco,Pedro Bondo,2004-11-16,74.49,17.96,18.86,17,17,0,438.0,25.76,17.53,68.04,1.06,0.0,5.05,1.74,303.0,17.82,12.76,71.62,0.59,0.29,50.0,17.06,89.0,5.24,3.12,2.94,1.76,0.82,0.65,0.12,18.18,59.55,60.0,0.06,1.24,0.0,0.53,0.24,0.06,25.0,0.76,0.12,15.38,1.29,0.41,31.82,0.06,4.54
1265,Primeira Liga (PT),152105,Jesús Santiago Pérez,Yellu Santiago,2004-05-25,11.03,2.09,3.26,5,5,0,14.0,2.8,2.0,71.43,0.0,0.0,4.23,1.74,9.0,1.8,1.4,77.78,0.0,0.0,,1.6,2.0,0.4,0.2,0.2,0.0,0.2,0.2,0.0,0.0,50.0,0.0,0.0,0.0,0.0,0.2,0.0,0.0,,0.0,0.0,,0.0,0.0,,0.0,
1265,Primeira Liga (PT),153384,Joe Hodge,J. Hodge,2002-09-14,60.27,13.25,17.51,26,26,0,629.0,24.19,17.12,70.75,2.35,0.04,3.81,1.24,397.0,15.27,11.58,75.82,1.08,0.35,32.14,11.58,102.0,3.92,2.65,1.31,0.81,0.54,0.12,0.04,33.33,67.65,61.76,0.96,1.96,0.04,0.12,0.31,0.19,62.5,2.0,0.31,15.38,3.0,0.42,14.1,0.38,12.82
1265,Primeira Liga (PT),154051,Luís Hemir Silva Semedo,Luís Semedo,2003-08-11,48.22,13.97,11.75,21,19,2,171.0,9.0,5.89,65.5,1.26,0.11,4.52,1.35,106.0,5.58,3.63,65.1,1.37,0.68,50.0,2.16,34.0,1.79,1.11,0.74,0.37,0.16,0.11,0.0,0.0,61.76,50.0,0.63,0.79,0.16,0.26,0.0,0.0,,1.89,0.26,13.89,3.32,0.26,7.94,0.63,19.05
1265,Primeira Liga (PT),154052,Pedro Miguel  Costa Santos,Pedro Santos,2003-02-10,37.66,9.38,9.54,22,22,0,213.0,9.68,6.55,67.61,1.14,0.32,4.84,1.4,134.0,6.09,4.36,71.64,0.86,0.45,52.63,4.05,46.0,2.09,1.36,1.18,0.77,0.36,0.18,0.09,50.0,65.22,65.38,0.27,0.23,0.09,0.09,0.09,0.05,50.0,1.36,0.27,20.0,2.14,0.27,12.77,0.27,12.77
1265,Primeira Liga (PT),154056,António João Pereira Albuquerque Tavares Silva,António Silva,2003-10-30,85.73,25.29,18.09,25,24,1,1230.0,51.25,44.25,86.34,2.17,0.21,5.73,2.05,860.0,35.83,32.54,90.81,0.12,0.04,33.33,34.88,299.0,12.46,11.0,7.33,6.38,1.25,0.71,0.54,76.47,88.29,86.93,0.04,0.12,0.0,0.38,0.38,0.17,44.44,0.17,0.0,0.0,0.42,0.12,30.0,0.04,10.0
1265,Primeira Liga (PT),154057,João Tomé Esteves Baptista,João Tomé,2003-02-12,41.16,9.8,10.98,19,19,0,314.0,16.53,11.05,66.88,0.63,0.0,4.72,1.55,217.0,11.42,8.58,75.11,0.68,0.37,53.85,10.79,59.0,3.11,1.79,1.79,1.05,0.42,0.37,0.21,57.14,57.63,58.82,0.05,0.84,0.0,0.05,0.37,0.16,42.86,0.95,0.11,11.11,1.68,0.37,21.88,0.05,3.13
1265,Primeira Liga (PT),154060,André Nogueira Gomes,André Gomes,2004-10-20,100.43,23.08,29.43,24,24,0,403.0,16.79,8.75,52.11,0.0,0.0,5.1,3.42,173.0,7.21,4.67,64.74,0.08,0.04,50.0,7.0,90.0,3.75,1.92,2.67,1.42,0.0,0.0,0.0,,51.11,53.12,0.0,0.0,0.0,0.0,0.12,0.08,66.67,0.25,0.04,16.67,0.38,0.12,33.33,0.0,0.0
1265,Primeira Liga (PT),154062,João Pedro Moreira Resende,João Resende,2003-03-26,12.95,1.8,1.88,2,2,0,6.0,3.0,2.5,83.33,0.0,0.0,6.03,1.75,2.0,1.0,0.5,50.0,0.0,0.0,,1.5,1.0,0.5,0.5,0.0,0.0,0.0,0.0,0.0,,100.0,,0.0,0.5,0.0,0.0,0.0,0.0,,0.0,0.0,,0.0,0.0,,0.0,
1265,Primeira Liga (PT),154071,Diogo Martins Travassos,Diogo Travassos,2004-03-31,87.79,23.23,23.8,30,28,2,1046.0,37.36,23.64,63.29,2.71,0.39,6.74,1.96,756.0,27.0,18.29,67.73,2.75,1.29,46.75,23.11,294.0,10.5,5.5,6.36,2.79,2.46,1.86,0.68,36.54,52.38,43.82,0.39,1.71,0.36,1.04,0.75,0.36,47.62,3.64,0.54,14.71,5.93,1.68,28.31,0.71,12.05
1265,Primeira Liga (PT),154072,Gilberto Dambi Batista,Gilberto Batista,2003-12-29,75.06,19.05,21.31,28,26,2,1149.0,44.19,37.92,85.81,0.27,0.08,3.9,1.68,806.0,31.0,28.08,90.57,0.19,0.08,40.0,29.65,164.0,6.31,5.31,2.85,2.38,0.77,0.12,0.08,66.67,84.15,83.78,0.04,0.04,0.0,0.0,0.62,0.5,81.25,0.5,0.04,7.69,0.77,0.35,45.0,0.0,0.0
1265,Primeira Liga (PT),154083,Ousmane Diomandé,O. Diomandé,2003-12-04,84.97,27.43,17.58,17,17,0,1006.0,59.18,52.88,89.36,2.12,0.35,4.85,1.96,725.0,42.65,39.59,92.83,0.53,0.12,22.22,41.24,203.0,11.94,11.18,5.82,5.18,0.71,0.0,0.0,,93.6,88.89,0.06,0.0,0.06,0.0,0.24,0.12,50.0,0.82,0.0,0.0,1.12,0.24,21.05,0.06,5.26
1265,Primeira Liga (PT),154106,Diogo Filipe Spencer Marques,Diogo Spencer,2004-04-17,68.58,15.96,20.18,20,20,0,530.0,26.5,16.0,60.38,2.25,0.45,5.98,2.09,355.0,17.75,10.95,61.69,1.95,0.9,46.15,14.6,127.0,6.35,3.7,3.25,1.95,0.65,0.55,0.25,45.45,58.27,60.0,0.35,1.8,0.2,0.4,0.75,0.2,26.67,2.7,0.75,27.78,4.15,0.55,13.25,0.15,3.61
1265,Primeira Liga (PT),156119, Bernardo Caltabiano Parise Fontes,Bernardo,2002-07-23,99.85,22.56,28.3,34,34,0,787.0,23.15,12.59,54.38,0.15,0.0,4.38,3.01,399.0,11.74,7.24,61.65,0.09,0.0,0.0,11.38,139.0,4.09,2.53,2.12,1.29,0.0,0.0,0.0,,61.87,61.11,0.0,0.0,0.0,0.0,0.29,0.12,40.0,0.24,0.06,25.0,0.35,0.0,0.0,0.0,0.0
1265,Primeira Liga (PT),156495,Leandro Antonetti López,L. Antonetti,2003-01-13,27.33,6.21,6.72,11,11,0,47.0,4.27,2.09,48.94,0.55,0.0,5.14,1.46,24.0,2.18,1.18,54.17,1.0,0.64,63.64,0.55,13.0,1.18,0.45,0.64,0.27,0.36,0.36,0.09,25.0,38.46,42.86,0.09,0.18,0.18,0.09,0.0,0.0,,1.18,0.27,23.08,1.82,0.27,15.0,0.09,5.0
1265,Primeira Liga (PT),156790,Rodrigo Pinheiro Ferreira,Rodrigo Pinheiro,2002-08-28,98.05,24.6,24.63,29,28,1,1081.0,38.61,27.89,72.25,2.64,0.21,4.43,1.36,732.0,26.14,19.93,76.23,1.79,0.82,46.0,23.57,189.0,6.75,4.43,4.46,2.82,1.82,1.54,0.89,58.14,65.61,63.2,0.11,2.43,0.5,0.93,0.54,0.21,40.0,2.36,0.25,10.61,3.86,1.11,28.7,0.5,12.96
1265,Primeira Liga (PT),156791,José Pedro da Silva Figueiredo Freitas,Zé Pedro,1997-06-06,19.55,6.75,4.86,2,1,1,8.0,8.0,6.0,75.0,0.0,0.0,3.28,1.14,7.0,7.0,6.0,85.71,1.0,0.0,0.0,7.0,1.0,1.0,1.0,1.0,1.0,0.0,0.0,0.0,,100.0,100.0,0.0,1.0,0.0,0.0,0.0,0.0,,2.0,0.0,0.0,2.0,0.0,0.0,0.0,0.0
1265,Primeira Liga (PT),156885,Vasco José Cardoso Sousa,Vasco Sousa,2003-04-03,55.15,15.0,14.63,9,9,0,223.0,24.78,18.78,75.79,2.44,0.33,4.45,1.48,136.0,15.11,12.0,79.41,0.78,0.44,57.14,11.67,43.0,4.78,3.44,2.11,1.44,0.78,0.56,0.22,40.0,72.09,68.42,2.0,1.67,0.33,0.0,0.11,0.11,100.0,1.67,0.33,20.0,3.11,0.78,25.0,0.22,7.14
1265,Primeira Liga (PT),156886,José Carlos Natário Ferreira,Zé Carlos,2001-10-30,45.71,10.64,11.08,30,29,1,579.0,19.97,15.66,78.41,0.93,0.14,2.97,1.15,339.0,11.69,10.0,85.55,0.69,0.17,25.0,9.38,54.0,1.86,1.48,0.66,0.48,0.45,0.24,0.14,57.14,79.63,73.68,0.41,0.24,0.07,0.03,0.0,0.0,,0.86,0.07,8.0,1.45,0.38,26.19,0.1,7.14
1265,Primeira Liga (PT),156908,João Pedro Salazar da Graça,João Graça,1995-06-18,13.67,3.88,2.77,8,8,0,62.0,7.75,6.5,83.87,0.5,0.0,5.53,1.78,45.0,5.62,4.88,86.67,0.5,0.25,50.0,4.75,12.0,1.5,1.12,0.62,0.5,0.0,0.0,0.0,,75.0,80.0,0.0,1.0,0.0,0.12,0.12,0.12,100.0,0.62,0.25,40.0,1.0,0.0,0.0,0.25,25.0
1265,Primeira Liga (PT),156918,Pedro Jorge Pacheco Seabra,Pedro Pacheco,1997-01-27,70.6,16.04,20.34,3,3,0,86.0,28.67,22.33,77.91,0.67,0.33,2.89,1.36,42.0,14.0,11.0,78.57,0.0,0.0,,13.33,7.0,2.33,2.0,1.67,1.33,0.0,0.0,0.0,,85.71,80.0,0.0,0.0,0.0,0.0,0.0,0.0,,0.33,0.0,0.0,0.33,0.33,100.0,0.0,0.0
1265,Primeira Liga (PT),157282,Miguel Raimundo Nóbrega,Miguel Nóbrega,2000-04-17,83.04,20.75,18.81,13,11,2,417.0,37.91,29.64,78.18,1.18,0.09,3.28,1.33,276.0,25.09,21.64,86.23,0.27,0.09,33.33,23.73,42.0,3.82,3.18,1.18,0.82,0.73,0.0,0.0,,83.33,69.23,0.0,0.45,0.0,0.0,0.18,0.18,100.0,0.36,0.09,25.0,0.55,0.09,16.67,0.0,0.0
1265,Primeira Liga (PT),157284,Jorge Monteiro Meireles,Jorge Meireles,2004-04-04,40.12,10.01,9.58,21,21,0,317.0,15.1,9.67,64.04,1.48,0.19,5.13,1.63,198.0,9.43,6.19,65.66,0.81,0.57,70.59,6.95,61.0,2.9,1.9,1.43,0.86,0.48,0.24,0.19,80.0,65.58,60.0,1.14,0.81,0.24,0.29,0.33,0.1,28.57,1.43,0.19,13.33,2.95,0.38,12.9,0.19,6.45
1265,Primeira Liga (PT),157298,Leonardo Filipe Cruz Lelo,Leonardo Lelo,2000-03-30,70.28,24.31,14.95,29,29,0,1144.0,39.45,31.17,79.02,1.83,0.28,4.06,1.57,875.0,30.17,24.86,82.4,2.1,0.93,44.26,27.93,190.0,6.55,4.9,3.52,2.52,0.93,0.45,0.21,46.15,74.74,71.57,0.1,2.14,0.21,0.17,0.28,0.17,62.5,3.0,0.34,11.49,4.0,0.76,18.97,0.41,10.35
1265,Primeira Liga (PT),157299,Ricardo Jorge Cecilia Batista,Ricardo Batista,1986-11-19,89.76,18.81,21.87,4,4,0,88.0,22.0,12.25,55.68,0.0,0.0,4.51,3.6,49.0,12.25,8.25,67.35,0.25,0.0,0.0,11.5,17.0,4.25,2.5,2.75,2.25,0.0,0.0,0.0,,58.82,81.82,0.0,0.0,0.0,0.0,0.25,0.0,0.0,0.5,0.0,0.0,0.75,0.25,33.33,0.0,0.0
1265,Primeira Liga (PT),158158,Fábio Ronaldo  Costa Conceição,Fábio Ronaldo,2001-04-28,70.39,12.38,14.2,2,2,0,35.0,17.5,10.5,60.0,2.0,0.5,5.06,1.54,21.0,10.5,6.0,57.15,0.0,0.0,,9.0,9.0,4.5,3.5,2.5,1.5,0.0,0.0,0.0,,77.78,60.0,0.0,2.5,0.0,0.0,0.0,0.0,,2.5,0.0,0.0,3.0,1.0,33.33,0.0,0.0
1265,Primeira Liga (PT),158162,Francisco Miguel Teixeira Domingues,Kiko,2002-04-16,73.31,17.91,20.93,27,26,1,808.0,31.08,21.96,70.67,1.31,0.12,3.36,1.21,564.0,21.69,16.35,75.35,1.38,0.69,50.0,20.12,85.0,3.27,2.0,1.73,1.15,0.88,0.62,0.31,50.0,61.18,66.67,0.27,2.27,0.12,0.12,0.5,0.19,38.46,1.73,0.19,11.11,2.69,0.65,24.29,0.27,10.0
1265,Primeira Liga (PT),160362,Gianluca Prestianni Gross,G. Prestianni,2006-01-31,57.46,16.52,12.71,29,28,1,747.0,26.68,16.71,62.65,4.5,0.64,7.99,2.09,551.0,19.68,12.75,64.79,2.5,1.36,54.29,15.11,270.0,9.64,5.54,5.36,2.5,2.07,1.61,0.46,28.89,57.41,46.67,0.79,2.54,0.39,2.0,0.82,0.32,39.13,3.64,0.64,17.65,6.18,1.32,21.39,1.25,20.23
1265,Primeira Liga (PT),160715,Nelson Ighodaro Abbey,Nelson Abbey,2003-08-28,86.2,22.39,24.49,26,26,0,1055.0,40.58,32.19,79.34,0.96,0.08,6.25,2.03,717.0,27.58,23.85,86.47,0.88,0.38,43.48,25.85,288.0,11.08,8.62,4.35,3.38,1.77,0.77,0.58,75.0,77.78,77.88,0.08,1.38,0.04,0.04,0.92,0.35,37.5,1.19,0.31,25.81,1.81,0.38,21.28,0.15,8.51
1265,Primeira Liga (PT),161615,Óscar Andrés Perea Abonce,O. Perea,2005-09-27,55.85,11.23,16.92,25,24,1,370.0,15.42,5.92,38.38,2.54,0.17,9.89,2.28,220.0,9.17,3.25,35.45,1.83,0.62,34.09,5.58,136.0,5.67,2.04,4.46,1.5,1.92,1.75,0.5,28.57,36.03,33.64,0.79,0.96,0.38,1.5,0.33,0.08,25.0,2.21,0.08,3.77,3.96,0.96,24.21,0.71,17.89
1265,Primeira Liga (PT),161762,Alan Herminio Núñez Duarte,A. Núñez,2004-10-01,87.2,19.57,23.68,21,18,3,456.0,25.33,17.61,69.52,2.06,0.17,3.51,1.23,308.0,17.11,13.33,77.92,0.94,0.5,52.94,15.89,61.0,3.39,2.44,2.22,1.61,0.78,0.61,0.33,54.55,72.13,72.5,0.11,1.89,0.06,0.28,0.06,0.0,0.0,1.78,0.22,12.5,2.72,0.89,32.65,0.28,10.2
1265,Primeira Liga (PT),163136,Brandon Aguilera Zamora,B. Aguilera,2003-06-28,77.04,19.04,21.94,19,19,0,661.0,34.79,27.11,77.91,1.79,0.0,4.26,1.47,460.0,24.21,19.89,82.17,1.11,0.68,61.91,19.63,111.0,5.84,4.37,2.68,1.84,0.79,0.63,0.37,58.33,74.78,68.63,1.05,0.84,0.05,0.0,0.58,0.37,63.64,1.89,0.05,2.78,3.16,0.74,23.33,0.26,8.33
1265,Primeira Liga (PT),166670,Gustavo Klismahn Dimaraes Miranda,Klismahn,1999-11-23,71.69,17.99,19.12,16,15,1,353.0,23.53,14.27,60.62,2.0,0.13,4.87,1.39,226.0,15.07,9.73,64.6,2.27,1.07,47.06,11.33,74.0,4.93,2.67,2.93,1.4,1.07,0.93,0.47,50.0,54.05,47.73,1.07,2.6,0.07,0.67,0.27,0.13,50.0,2.93,0.2,6.82,5.0,1.2,24.0,0.73,14.67
1265,Primeira Liga (PT),166680,Vando Baifas Félix,Vando Félix,2002-09-03,42.35,10.19,9.02,8,7,1,120.0,17.14,10.14,59.17,1.0,0.0,7.78,2.29,82.0,11.71,7.71,65.86,1.43,0.71,50.0,9.0,38.0,5.43,2.71,3.86,1.71,1.29,1.14,0.29,25.0,50.0,44.44,0.29,1.29,0.0,0.71,0.29,0.14,50.0,1.71,0.14,8.33,3.14,0.57,18.18,0.14,4.55
1265,Primeira Liga (PT),166683,Gonçalo Faria Costa,Gonçalo Costa,2000-02-18,39.89,10.42,9.56,16,16,0,263.0,16.44,9.75,59.32,1.44,0.06,6.08,1.79,176.0,11.0,6.94,63.07,1.0,0.44,43.75,9.69,66.0,4.12,2.12,2.62,1.25,1.12,0.94,0.25,26.67,51.51,47.62,0.06,0.94,0.19,0.5,0.38,0.06,16.67,1.25,0.25,20.0,1.88,0.5,26.67,0.44,23.33
1265,Primeira Liga (PT),166684,Hevertton Ciriaco Santos,Hevertton,2001-02-01,40.92,9.08,10.0,24,23,1,318.0,13.83,9.0,65.09,0.87,0.04,4.39,1.41,183.0,7.96,5.48,68.85,0.52,0.26,50.0,7.09,55.0,2.39,1.65,1.39,0.83,0.52,0.35,0.17,50.0,69.09,59.37,0.0,1.13,0.09,0.09,0.43,0.17,40.0,0.78,0.04,5.56,1.09,0.17,16.0,0.22,20.0
1265,Primeira Liga (PT),166784,Martim Moreira Moutinho Fernandes,Martim Fernandes,2006-01-18,62.32,18.08,14.9,20,19,1,497.0,26.16,18.95,72.43,1.05,0.21,4.69,1.63,356.0,18.74,13.95,74.44,1.11,0.16,14.29,16.84,97.0,5.11,2.84,3.0,1.42,1.16,0.58,0.05,9.09,55.67,47.37,0.37,1.21,0.05,0.32,0.47,0.26,55.56,1.42,0.11,7.41,2.0,0.53,26.32,0.11,5.26
1265,Primeira Liga (PT),167206,Stefan Leković,S. Leković,2004-01-09,96.29,23.69,25.52,9,9,0,384.0,42.67,35.67,83.59,1.89,0.22,5.02,1.86,271.0,30.11,26.56,88.19,0.33,0.0,0.0,28.11,85.0,9.44,8.11,5.56,5.22,0.44,0.22,0.11,50.0,85.88,94.0,0.22,0.11,0.0,0.11,1.0,0.44,44.45,0.56,0.0,0.0,0.89,0.22,25.0,0.0,0.0
1265,Primeira Liga (PT),167792,Khayon Edwards,K. Edwards,2003-09-12,10.29,1.49,2.53,2,2,0,3.0,1.5,1.0,66.67,0.0,0.0,4.56,1.27,1.0,0.5,0.5,100.0,0.0,0.0,,0.0,1.0,0.5,0.5,0.0,0.0,0.0,0.0,0.0,,100.0,,0.0,0.0,0.0,0.0,0.0,0.0,,0.0,0.0,,0.5,0.0,0.0,0.0,0.0
1265,Primeira Liga (PT),169273,Matheus Dos Santos Dias,Matheus Dias,2002-05-09,85.05,17.86,23.16,31,27,4,834.0,30.89,23.52,76.14,1.37,0.15,3.99,1.4,465.0,17.22,15.19,88.17,0.3,0.22,75.0,15.15,135.0,5.0,3.85,1.85,1.41,0.44,0.07,0.04,50.0,77.04,76.0,0.19,0.56,0.0,0.0,0.11,0.0,0.0,0.63,0.07,11.76,1.3,0.22,17.14,0.0,0.0
1265,Primeira Liga (PT),171764,Otar Mamageishvili,O. Mamageishvili,2003-01-15,20.99,4.82,5.14,8,8,0,45.0,5.62,3.38,60.0,0.38,0.0,4.06,1.21,27.0,3.38,1.62,48.15,0.12,0.12,100.0,2.12,10.0,1.25,0.25,0.62,0.12,0.25,0.25,0.12,50.0,20.0,20.0,0.12,0.62,0.12,0.12,0.0,0.0,,0.38,0.0,0.0,0.5,0.0,0.0,0.12,25.0
1265,Primeira Liga (PT),171804,Lucas Figueiredo dos Santos,Figueiredo,2001-08-14,73.68,17.5,21.06,26,26,0,678.0,26.08,15.35,58.85,3.19,0.38,7.59,2.04,452.0,17.38,10.46,60.18,3.42,1.73,50.56,11.46,209.0,8.04,4.69,5.15,2.58,1.96,1.69,0.69,40.91,58.37,50.0,1.0,1.85,0.46,1.08,0.62,0.42,68.75,5.0,0.73,14.62,7.77,1.62,20.79,0.96,12.38
1265,Primeira Liga (PT),171805,Matheus Nunes Fagundes de Araújo,MT,2001-03-01,69.91,16.93,18.55,12,12,0,470.0,39.17,31.67,80.85,1.83,0.08,4.16,1.61,308.0,25.67,22.08,86.04,0.25,0.08,33.33,24.08,80.0,6.67,5.0,4.5,3.25,0.42,0.08,0.08,100.0,75.0,72.22,0.08,0.5,0.0,0.25,0.92,0.42,45.45,0.58,0.08,14.29,0.92,0.33,36.36,0.08,9.09
1265,Primeira Liga (PT),173032,Dominik Prpić ,D. Prpić,2004-05-19,36.76,10.95,9.11,6,5,1,134.0,26.8,22.0,82.09,0.8,0.2,5.99,2.12,96.0,19.2,17.0,88.54,0.0,0.0,,19.0,36.0,7.2,5.8,5.6,4.6,1.0,0.0,0.0,,80.55,82.14,0.2,0.0,0.0,0.0,1.2,0.8,66.67,0.0,0.0,,0.0,0.0,,0.0,
1265,Primeira Liga (PT),174161,Rhaldney Norberto Simião Gomes,Rhaldney,1998-11-20,74.91,18.71,21.14,14,14,0,437.0,31.21,26.43,84.67,1.86,0.36,4.85,1.55,291.0,20.79,18.5,89.0,1.07,0.64,60.0,16.36,88.0,6.29,5.36,2.93,2.21,0.71,0.57,0.36,62.5,85.23,75.61,0.71,1.07,0.21,0.07,0.21,0.07,33.33,2.29,0.36,15.62,3.5,0.43,12.24,0.57,16.33
1265,Primeira Liga (PT),174243,Alberto Oliveira Baio,Alberto Costa,2003-09-29,84.07,24.14,20.01,29,26,3,896.0,34.46,23.88,69.31,3.31,0.46,6.04,1.81,608.0,23.38,17.19,73.52,1.62,0.46,28.57,21.19,223.0,8.58,5.77,5.0,3.23,2.15,1.73,0.88,51.11,67.26,64.62,0.31,2.54,0.19,0.96,0.58,0.31,53.33,2.27,0.15,6.78,3.69,0.92,25.0,0.54,14.58
1265,Primeira Liga (PT),174264,Sidi Bane,S. Bane,2004-01-14,73.19,16.77,20.32,9,9,0,234.0,26.0,21.0,80.77,0.89,0.11,4.23,1.61,149.0,16.56,14.78,89.26,0.22,0.11,50.0,15.22,38.0,4.22,3.67,2.22,1.89,0.56,0.22,0.11,50.0,86.84,85.0,0.0,0.78,0.0,0.0,0.33,0.33,100.0,0.33,0.0,0.0,1.11,0.33,30.0,0.0,0.0
1265,Primeira Liga (PT),174300,Denis Pintol,D. Pintol,2000-02-07,83.02,15.9,32.82,1,1,0,26.0,26.0,16.0,61.54,1.0,0.0,3.64,1.34,17.0,17.0,11.0,64.71,1.0,0.0,0.0,15.0,3.0,3.0,2.0,2.0,1.0,0.0,0.0,0.0,,66.67,50.0,0.0,2.0,0.0,0.0,0.0,0.0,,2.0,1.0,50.0,3.0,0.0,0.0,0.0,0.0
1265,Primeira Liga (PT),175756,Matheus Pereira de Souza,Matheus Pereira,2000-12-21,80.15,19.66,21.05,10,10,0,288.0,28.8,18.3,63.54,2.3,0.0,5.57,1.6,196.0,19.6,13.6,69.39,2.0,0.8,40.0,15.2,68.0,6.8,4.3,3.8,2.0,2.3,1.6,0.6,37.5,63.23,52.63,0.5,2.9,0.1,0.5,0.3,0.2,66.67,2.8,0.1,3.57,4.2,1.1,26.19,0.5,11.9
1265,Primeira Liga (PT),175764,Guilherme Kennedy Romão,Guilherme Romão,1997-10-07,81.01,19.74,19.13,12,11,1,352.0,32.0,23.27,72.73,1.45,0.0,4.35,1.47,246.0,22.36,17.55,78.46,1.18,0.55,46.15,19.18,51.0,4.64,3.82,2.82,2.36,0.64,0.36,0.36,100.0,82.35,83.87,0.0,4.18,0.09,0.09,0.27,0.18,66.67,1.82,0.18,10.0,2.82,0.36,12.9,0.36,12.9
1265,Primeira Liga (PT),175850,Daniel de Melo Araujo Júnior,Daniel Júnior,2002-05-09,57.13,13.03,15.09,17,14,3,281.0,20.07,13.64,67.97,3.14,0.07,6.44,1.92,188.0,13.43,9.5,70.74,1.71,1.07,62.5,10.29,77.0,5.5,3.71,2.36,1.29,0.71,0.5,0.29,57.14,67.53,54.55,0.5,2.07,0.36,0.64,0.36,0.07,20.0,3.0,0.57,19.05,4.43,0.36,8.06,0.5,11.29
1265,Primeira Liga (PT),180049,Joel Filipe Organista da Silva,Joel Silva,2003-02-11,27.57,5.78,7.35,18,16,2,124.0,7.75,5.69,73.39,0.75,0.0,3.68,1.08,71.0,4.44,3.62,81.69,0.56,0.38,66.67,3.12,15.0,0.94,0.75,0.62,0.44,0.19,0.12,0.06,50.0,80.0,70.0,0.19,0.38,0.12,0.0,0.0,0.0,,0.81,0.12,15.38,1.06,0.19,17.65,0.44,41.18
1265,Primeira Liga (PT),180750,Atanas Chernev,A. Chernev,2002-03-25,80.43,18.0,18.52,15,14,1,406.0,29.0,23.93,82.51,0.79,0.0,4.05,1.45,256.0,18.29,15.64,85.55,0.29,0.0,0.0,17.29,63.0,4.5,3.36,1.93,1.43,0.64,0.29,0.07,25.0,74.6,74.07,0.0,0.07,0.0,0.14,0.36,0.14,40.0,0.5,0.0,0.0,0.86,0.14,16.67,0.0,0.0
1265,Primeira Liga (PT),181586,Bernardo Schappo,Bernardo Schappo,1999-03-22,86.83,19.79,22.11,25,24,1,969.0,40.38,31.54,78.12,1.04,0.12,4.5,1.59,605.0,25.21,20.96,83.14,0.42,0.21,50.0,23.62,170.0,7.08,5.46,4.58,3.67,0.83,0.25,0.17,66.67,77.06,80.0,0.17,0.21,0.04,0.04,0.42,0.21,50.0,0.62,0.08,13.33,1.08,0.54,50.0,0.04,3.85
1265,Primeira Liga (PT),182823,Gustavo Filipe Alves Freitas Azevedo Sá,Gustavo Sá,2004-11-11,91.21,23.44,22.52,32,31,1,1077.0,34.74,23.77,68.43,4.35,0.48,4.66,1.31,716.0,23.1,16.58,71.79,2.74,1.61,58.82,14.77,207.0,6.68,4.87,3.58,2.32,1.32,0.87,0.52,59.26,72.95,64.87,1.68,1.87,0.61,0.55,0.19,0.1,50.0,4.39,0.77,17.65,7.52,1.26,16.74,0.97,12.88
1265,Primeira Liga (PT),189215,Kevin José Chamorro Rodríguez,K. Chamorro,2000-04-08,95.91,26.11,25.47,3,3,0,66.0,22.0,11.67,53.03,0.0,0.0,4.12,2.78,37.0,12.33,6.67,54.05,0.0,0.0,,12.67,8.0,2.67,2.67,1.33,1.33,0.0,0.0,0.0,,100.0,100.0,0.0,0.0,0.0,0.0,0.0,0.0,,0.0,0.0,,0.0,0.0,,0.0,
1265,Primeira Liga (PT),231510,Or Israelov,O. Israelov,2004-09-02,24.36,7.16,3.88,1,1,0,10.0,10.0,9.0,90.0,0.0,0.0,2.37,1.03,7.0,7.0,7.0,100.0,0.0,0.0,,5.0,0.0,0.0,0.0,0.0,0.0,0.0,0.0,0.0,,,,0.0,0.0,0.0,0.0,0.0,0.0,,0.0,0.0,,0.0,0.0,,0.0,
1265,Primeira Liga (PT),233303,Andreas Ntoi,A. Ntoi,2003-02-02,84.28,21.5,23.53,30,30,0,982.0,32.73,25.13,76.78,1.7,0.17,3.86,1.43,641.0,21.37,17.53,82.06,0.47,0.23,50.0,17.83,138.0,4.6,3.43,2.17,1.43,0.37,0.2,0.07,33.33,74.64,66.15,0.93,0.17,0.03,0.43,0.4,0.23,58.33,0.9,0.07,7.41,2.23,0.6,26.87,0.1,4.48
1265,Primeira Liga (PT),240388,Carlos Eduardo Borges Parente,Carlos Eduardo,2002-08-10,24.54,6.55,5.08,15,15,0,43.0,2.87,1.13,39.54,0.6,0.13,4.16,1.0,23.0,1.53,0.73,47.83,0.4,0.13,33.33,0.8,7.0,0.47,0.13,0.27,0.0,0.27,0.2,0.0,0.0,28.57,0.0,0.13,0.2,0.0,0.07,0.07,0.07,100.0,0.47,0.07,14.29,0.8,0.13,16.67,0.0,0.0
1265,Primeira Liga (PT),254546,Taichi Fukui,T. Fukui,2004-07-15,82.92,21.31,22.48,33,32,1,1299.0,40.59,32.69,80.52,2.66,0.47,3.52,1.21,932.0,29.12,24.78,85.09,0.81,0.44,53.85,25.03,151.0,4.72,3.19,2.25,1.41,0.78,0.56,0.34,61.11,67.55,62.5,1.25,1.16,0.03,0.34,0.25,0.09,37.5,1.75,0.25,14.29,3.0,0.5,16.67,0.16,5.21
1265,Primeira Liga (PT),256424,Deniz Gül,D. Gül,2004-07-02,45.13,12.35,11.14,29,28,1,216.0,7.71,3.36,43.52,1.79,0.39,7.63,1.94,132.0,4.71,2.11,44.7,1.64,0.5,30.43,1.57,68.0,2.43,1.11,1.46,0.54,0.61,0.54,0.11,20.0,45.59,36.59,0.36,0.5,0.36,0.64,0.04,0.04,100.0,1.89,0.32,16.98,3.07,0.61,19.77,0.61,19.77
1265,Primeira Liga (PT),301498,Juan Diego Castillo Reyes,J. Castillo,2003-01-13,99.44,24.63,24.85,15,15,0,280.0,18.67,12.4,66.43,0.07,0.0,4.35,3.25,163.0,10.87,8.33,76.69,0.07,0.0,0.0,10.73,44.0,2.93,1.87,1.67,1.13,0.0,0.0,0.0,,63.64,68.0,0.0,0.0,0.0,0.0,0.07,0.07,100.0,0.13,0.0,0.0,0.2,0.07,33.33,0.0,0.0
1265,Primeira Liga (PT),333898,Korede Osundina,K. Osundina,2004-02-13,46.15,8.35,13.41,18,17,1,160.0,9.41,5.06,53.75,0.94,0.12,5.88,1.61,95.0,5.59,3.47,62.11,1.12,0.24,21.05,2.76,44.0,2.59,1.29,1.94,0.94,0.47,0.41,0.12,28.57,50.0,48.49,0.24,0.41,0.12,0.65,0.0,0.0,,1.29,0.12,9.09,2.76,0.53,19.15,0.53,19.15
1265,Primeira Liga (PT),365789,Victor Froholdt,V. Froholdt,2006-02-25,93.52,27.37,21.95,34,31,3,926.0,29.87,21.32,71.38,3.48,0.58,7.04,1.76,618.0,19.94,14.94,74.92,2.0,0.71,35.48,14.58,282.0,9.1,6.58,5.1,3.19,2.81,2.06,1.16,56.25,72.34,62.66,0.97,2.81,0.45,0.58,0.42,0.29,69.23,3.29,0.65,19.61,5.39,1.26,23.35,0.65,11.98
1265,Primeira Liga (PT),414064,Andrey Felisberto Dos Santos,Andrey,2002-02-06,77.77,17.69,22.27,2,2,0,56.0,28.0,19.0,67.86,1.0,0.0,2.89,1.06,28.0,14.0,12.5,89.29,0.0,0.0,,10.0,7.0,3.5,1.0,1.0,0.0,1.0,0.0,0.0,,28.57,0.0,0.0,1.0,0.0,0.0,0.0,0.0,,0.5,0.0,0.0,0.5,0.0,0.0,0.0,0.0
1265,Primeira Liga (PT),424571,Yefrei Stiven Rodríguez Sinisterra,Y. Rodriguez,2005-05-11,35.76,8.0,8.59,14,14,0,91.0,6.5,3.14,48.35,1.21,0.14,5.92,1.74,48.0,3.43,1.57,45.83,1.21,0.43,35.29,1.21,24.0,1.71,0.71,0.93,0.21,0.5,0.43,0.07,16.67,41.67,23.08,0.36,0.79,0.21,0.29,0.0,0.0,,1.43,0.21,15.0,2.21,0.36,16.13,0.36,16.13
1265,Primeira Liga (PT),439381,Pedro Lima Barros,P. Lima,2003-03-27,79.7,15.89,25.19,26,25,1,580.0,23.2,13.6,58.62,3.36,0.28,6.6,1.74,346.0,13.84,8.64,62.43,1.52,0.68,44.74,10.2,160.0,6.4,3.64,3.56,1.84,1.52,1.32,0.68,51.52,56.88,51.69,1.68,1.72,0.48,0.52,0.44,0.2,45.45,2.04,0.44,21.57,3.8,0.88,23.16,1.0,26.32
1265,Primeira Liga (PT),439388,Edney Henrique Santos da Silva,Edney,2004-07-26,48.2,13.63,11.98,1,1,0,14.0,14.0,10.0,71.43,0.0,0.0,3.6,1.74,12.0,12.0,8.0,66.67,0.0,0.0,,12.0,1.0,1.0,1.0,1.0,1.0,1.0,1.0,1.0,100.0,100.0,100.0,0.0,1.0,0.0,0.0,0.0,0.0,,0.0,0.0,,1.0,0.0,0.0,0.0,0.0
1265,Primeira Liga (PT),486521,Benedito Mambuene Mukendi,Beni,2002-05-21,84.56,22.15,20.43,29,28,1,1206.0,43.07,36.36,84.41,1.68,0.07,5.02,1.79,818.0,29.21,26.21,89.73,0.68,0.36,52.63,23.71,241.0,8.61,7.14,2.89,2.14,0.71,0.25,0.07,28.57,82.99,74.07,1.36,1.04,0.0,0.32,0.39,0.29,72.73,1.71,0.29,16.67,3.21,0.64,20.0,0.18,5.56
1265,Primeira Liga (PT),486523,Tiago Miguel Silva Manso,Tiago Manso,1999-12-13,62.01,13.82,17.52,28,28,0,650.0,23.21,15.39,66.31,1.82,0.04,5.1,1.53,419.0,14.96,10.96,73.27,1.29,0.61,47.22,12.96,141.0,5.04,3.54,2.75,1.89,1.25,0.71,0.39,55.0,70.21,68.83,0.18,1.89,0.18,0.07,0.11,0.07,66.67,1.68,0.32,19.15,2.46,0.46,18.84,0.46,18.84
1265,Primeira Liga (PT),486533,Luís Carlos Rocha Rodrigues,Luís Rocha,1986-08-13,98.61,26.19,25.5,13,13,0,684.0,52.62,44.38,84.36,1.0,0.0,3.77,1.78,453.0,34.85,31.31,89.85,0.0,0.0,,33.54,94.0,7.23,5.92,3.69,3.15,0.38,0.0,0.0,,81.92,85.42,0.0,0.0,0.0,0.08,0.31,0.15,50.0,0.0,0.0,,0.31,0.23,75.0,0.0,0.0
1265,Primeira Liga (PT),487370,Amine El Ouazzani,A. El Ouazzani,2001-07-15,60.0,21.45,11.84,13,13,0,152.0,11.69,6.85,58.55,1.85,0.15,6.28,1.6,102.0,7.85,4.77,60.79,2.69,1.15,42.86,2.46,40.0,3.08,1.62,1.92,0.85,1.08,0.77,0.23,30.0,52.5,44.0,0.62,1.38,0.54,0.69,0.08,0.0,0.0,3.62,0.46,12.77,5.54,0.77,13.89,1.38,25.0
1265,Primeira Liga (PT),507730,Fally Mayulu,F. Mayulu,2002-07-15,10.17,2.76,1.59,3,3,0,4.0,1.33,0.0,0.0,0.33,0.0,4.06,0.85,2.0,0.67,0.0,0.0,0.67,0.0,0.0,0.0,1.0,0.33,0.0,0.33,0.0,0.0,0.0,0.0,,0.0,0.0,0.33,0.0,0.0,0.67,0.0,0.0,,0.67,0.0,0.0,0.67,0.33,50.0,0.0,0.0
1265,Primeira Liga (PT),510598,Antoine Joujou,A. Joujou,2003-03-12,30.55,7.96,7.55,23,22,1,229.0,10.41,6.09,58.52,1.68,0.23,6.51,1.85,150.0,6.82,3.86,56.67,0.82,0.27,33.33,4.82,74.0,3.36,1.86,1.41,0.59,0.36,0.32,0.05,14.29,55.41,41.94,0.14,0.5,0.32,0.41,0.32,0.09,28.57,1.55,0.27,17.65,2.18,0.18,8.33,0.27,12.5
1265,Primeira Liga (PT),514482,Gonçalo Teixeira Nogueira,Gonçalo Nogueira,2003-12-28,63.59,16.73,14.93,23,23,0,537.0,23.35,18.3,78.4,1.96,0.22,5.75,1.64,372.0,16.17,13.3,82.26,0.57,0.35,61.54,13.26,134.0,5.83,4.57,2.78,2.0,0.96,0.7,0.48,68.75,78.36,71.87,1.7,1.61,0.04,0.26,0.39,0.35,88.89,1.13,0.13,11.54,2.35,0.61,25.93,0.3,12.96
1265,Primeira Liga (PT),514492,Guilherme Manuel Serrão Montóia,Guilherme Montóia,2003-09-14,54.96,12.72,13.42,11,10,1,232.0,23.2,14.7,63.36,1.0,0.2,6.95,2.01,151.0,15.1,9.3,61.59,0.9,0.6,66.67,13.9,69.0,6.9,4.2,3.9,2.0,2.0,1.5,0.6,40.0,60.87,51.28,0.0,2.0,0.0,0.2,0.7,0.2,28.57,1.5,0.3,20.0,2.4,0.5,20.83,0.0,0.0
1265,Primeira Liga (PT),514501,Rafael Ferreira Nel,Rafael Nel,2005-04-03,30.61,9.79,4.91,7,7,0,47.0,6.71,4.0,59.57,1.57,0.57,5.42,1.2,28.0,4.0,2.86,71.43,1.86,1.0,53.84,1.29,12.0,1.71,1.0,1.0,0.43,0.86,0.43,0.14,33.33,58.34,42.86,0.71,0.86,0.29,0.43,0.0,0.0,,2.71,0.14,5.26,3.14,0.43,13.64,0.57,18.18
1265,Primeira Liga (PT),514524,Diogo Prioste,Diogo Prioste,2004-03-26,14.02,4.54,2.8,2,2,0,23.0,11.5,11.5,100.0,0.0,0.0,4.11,1.31,16.0,8.0,8.0,100.0,0.5,0.5,100.0,7.0,3.0,1.5,1.5,0.0,0.0,0.5,0.0,0.0,,100.0,,0.5,0.5,0.0,0.0,0.0,0.0,,0.5,0.0,0.0,1.0,0.0,0.0,0.0,0.0
1265,Primeira Liga (PT),514734,João Miguel  Vieira Freitas Silva Marques,João Marques,2002-02-13,50.75,8.79,15.2,13,12,1,171.0,14.25,9.08,63.74,1.08,0.17,6.13,1.71,88.0,7.33,4.75,64.77,1.25,0.58,46.67,5.08,50.0,4.17,2.42,2.17,1.25,0.83,0.42,0.08,20.0,58.0,57.69,0.42,0.33,0.17,0.08,0.08,0.0,0.0,1.5,0.17,11.11,2.08,0.58,28.0,0.33,16.0
1265,Primeira Liga (PT),514744,Tiago Ribeiro Duarte,Tiago Duarte,2004-05-01,23.0,5.85,4.94,1,1,0,12.0,12.0,9.0,75.0,2.0,0.0,3.5,1.27,7.0,7.0,5.0,71.43,0.0,0.0,,8.0,1.0,1.0,1.0,1.0,1.0,0.0,0.0,0.0,,100.0,100.0,0.0,0.0,0.0,0.0,0.0,0.0,,0.0,0.0,,0.0,0.0,,0.0,
1265,Primeira Liga (PT),520864,Pedro Carvalho Santos,Pedro Santos,2000-10-12,54.79,14.05,13.27,16,16,0,596.0,37.25,33.12,88.93,1.69,0.25,3.85,1.48,425.0,26.56,24.62,92.7,0.44,0.25,57.14,25.06,91.0,5.69,5.12,1.19,1.0,0.62,0.31,0.19,60.0,90.11,84.21,0.44,0.88,0.06,0.0,0.12,0.06,50.0,0.75,0.06,8.33,0.94,0.31,33.33,0.0,0.0
1265,Primeira Liga (PT),531688,Fabio Blanco Gómez,Fabio Blanco,2004-02-18,32.71,7.95,7.65,15,14,1,148.0,10.57,5.79,54.73,1.71,0.0,6.78,2.03,100.0,7.14,4.43,62.0,1.43,0.57,40.0,4.93,45.0,3.21,2.14,1.93,1.14,0.36,0.29,0.14,50.0,66.67,59.26,0.36,0.86,0.14,0.36,0.07,0.0,0.0,1.86,0.36,19.23,2.43,0.71,29.41,0.43,17.65
1265,Primeira Liga (PT),532818,Xabier  Huarte Armendariz,Xabi Huarte,2001-02-25,32.08,7.42,9.96,5,5,0,49.0,9.8,6.4,65.31,1.6,0.2,5.13,1.41,35.0,7.0,4.6,65.71,1.2,0.0,0.0,5.4,12.0,2.4,2.0,1.4,1.4,0.2,0.2,0.2,100.0,83.33,100.0,0.0,1.0,0.0,0.0,0.0,0.0,,1.6,0.0,0.0,2.2,0.2,9.09,0.8,36.36
1265,Primeira Liga (PT),537303,Kevin Höög Jansson,K. Höög Jansson,2000-09-29,69.18,17.31,17.31,13,13,0,336.0,25.85,20.92,80.95,1.15,0.08,3.52,1.32,203.0,15.62,13.62,87.19,0.54,0.38,71.43,13.15,47.0,3.62,2.92,1.15,0.77,0.31,0.15,0.0,0.0,80.85,66.67,0.46,0.31,0.0,0.08,0.08,0.0,0.0,1.08,0.0,0.0,1.46,0.15,10.53,0.0,0.0
1265,Primeira Liga (PT),539147,Tidjany Chabrol Touré,T. Touré,2002-07-15,51.65,12.62,12.47,11,11,0,199.0,18.09,10.82,59.8,3.09,0.09,8.62,2.35,142.0,12.91,8.0,61.97,2.36,1.0,42.31,10.82,79.0,7.18,3.91,4.73,2.27,0.73,0.55,0.27,50.0,54.43,48.08,0.09,1.55,0.09,0.91,1.09,0.27,25.0,3.45,1.0,28.95,3.91,0.45,11.63,0.55,13.95
1265,Primeira Liga (PT),540058,Dylan Alexander Nandín Berrutti,D. Nandín,2002-02-28,48.33,11.63,12.36,21,20,1,186.0,9.3,4.95,53.23,1.55,0.3,5.6,1.48,114.0,5.7,3.45,60.53,1.6,0.8,50.0,2.5,39.0,1.95,1.15,1.35,0.6,0.5,0.5,0.25,50.0,58.97,44.44,0.4,0.55,0.3,0.15,0.0,0.0,,2.1,0.35,16.67,3.65,0.65,17.81,0.45,12.33
1265,Primeira Liga (PT),542787,Luis Guilherme Lira dos Santos,Luis Guilherme,2006-02-09,53.81,18.1,11.73,13,13,0,348.0,26.77,19.23,71.84,3.54,0.23,7.99,2.22,277.0,21.31,15.46,72.56,2.08,0.92,44.44,16.46,122.0,9.38,6.08,5.38,2.85,1.92,1.69,0.54,31.82,64.75,52.86,0.69,3.77,0.54,2.38,1.15,0.38,33.33,2.92,0.54,18.42,5.38,1.38,25.71,1.38,25.71
1265,Primeira Liga (PT),556549,Mateja Stjepanović,M. Stjepanović,2004-02-20,81.23,20.19,23.19,32,30,2,990.0,33.0,27.07,82.02,1.13,0.1,2.5,1.02,677.0,22.57,19.4,85.97,0.6,0.3,50.0,18.77,74.0,2.47,2.13,0.93,0.83,0.13,0.1,0.07,66.67,86.49,89.29,0.47,0.27,0.13,0.07,0.13,0.03,25.0,1.17,0.2,17.14,2.13,0.43,20.31,0.17,7.81
1265,Primeira Liga (PT),564775,Cédric Nuozzi,C. Nuozzi,2006-01-30,41.16,9.4,12.17,24,24,0,290.0,12.08,7.04,58.28,1.29,0.04,8.05,2.15,198.0,8.25,5.0,60.61,1.33,0.75,56.25,5.58,98.0,4.08,2.12,2.79,1.21,0.92,0.79,0.21,26.32,52.04,43.28,0.58,0.83,0.29,0.92,0.46,0.17,36.36,2.25,0.62,27.78,3.21,0.88,27.27,0.33,10.39
1265,Primeira Liga (PT),592647,Francisco Pedro Tiago Silva,Kiki Silva,1998-02-14,16.18,4.78,2.73,1,1,0,8.0,8.0,5.0,62.5,2.0,0.0,6.83,1.74,6.0,6.0,3.0,50.0,1.0,1.0,100.0,5.0,4.0,4.0,4.0,3.0,3.0,3.0,2.0,2.0,100.0,100.0,100.0,0.0,1.0,0.0,0.0,0.0,0.0,,3.0,0.0,0.0,3.0,1.0,33.33,1.0,33.33
1265,Primeira Liga (PT),593954,Moudja Sié Ouattara,M. Ouattara,2002-05-20,40.43,9.53,11.23,16,16,0,199.0,12.44,7.0,56.28,1.31,0.0,8.88,2.53,124.0,7.75,4.56,58.87,1.5,0.62,41.67,5.5,83.0,5.19,2.75,3.5,1.62,0.88,0.69,0.19,27.27,53.01,46.43,0.25,1.12,0.12,0.75,0.19,0.12,66.67,2.25,0.44,19.44,3.0,0.94,31.25,0.31,10.42
1265,Primeira Liga (PT),599198,Julien Lomboto Lombompi,J. Lomboto,2002-05-13,35.4,8.7,10.84,7,7,0,120.0,17.14,14.86,86.67,0.0,0.0,3.88,1.52,76.0,10.86,10.43,96.05,0.0,0.0,,10.71,17.0,2.43,2.29,1.43,1.29,0.57,0.29,0.29,100.0,94.12,90.0,0.0,0.0,0.0,0.0,0.0,0.0,,0.0,0.0,,0.0,0.0,,0.0,
1265,Primeira Liga (PT),606730,José Julián Martínez Crisanto,J. Martínez,2003-12-01,68.5,15.04,21.37,11,11,0,284.0,25.82,21.73,84.15,0.55,0.18,4.27,1.7,193.0,17.55,15.64,89.12,0.09,0.09,100.0,16.55,48.0,4.36,3.27,2.18,1.82,0.64,0.18,0.09,50.0,75.0,83.33,0.0,0.09,0.0,0.0,0.18,0.09,50.0,0.18,0.09,50.0,0.18,0.09,50.0,0.0,0.0
1265,Primeira Liga (PT),616534,Manuel Jorge Silva,Manu,2001-06-12,19.85,5.13,4.71,9,8,1,70.0,8.75,7.12,81.43,0.62,0.0,1.79,0.89,55.0,6.88,5.88,85.45,0.12,0.12,100.0,5.38,4.0,0.5,0.38,0.12,0.12,0.0,0.0,0.0,,75.0,100.0,0.0,0.0,0.0,0.0,0.0,0.0,,0.75,0.12,16.67,0.88,0.38,42.86,0.0,0.0
1265,Primeira Liga (PT),623079,Tiago Araújo Brito,Tiago Brito,2004-04-16,23.39,6.67,5.05,4,4,0,58.0,14.5,11.75,81.04,1.0,0.0,4.36,1.6,37.0,9.25,8.75,94.59,0.0,0.0,,8.75,8.0,2.0,1.5,1.5,1.25,0.5,0.5,0.5,100.0,75.0,83.33,0.5,0.5,0.0,0.0,0.0,0.0,,0.75,0.25,33.33,0.75,0.25,33.33,0.25,33.33
1265,Primeira Liga (PT),629214,Hyun-Ju  Lee,Lee Hyun-Ju,2003-02-07,72.35,19.93,18.07,30,29,1,776.0,26.76,20.1,75.13,2.76,0.59,6.9,1.96,562.0,19.38,14.76,76.16,2.76,1.45,52.5,13.21,235.0,8.1,5.72,4.34,2.93,1.1,0.79,0.31,39.13,70.64,67.46,1.55,2.59,0.45,0.41,0.69,0.41,60.0,3.97,0.66,16.52,6.07,0.97,15.91,0.69,11.36
1265,Primeira Liga (PT),633219,Tony Strata,T. Strata,2004-09-07,73.72,19.76,16.98,21,20,1,689.0,34.45,25.65,74.46,2.95,0.25,6.16,1.91,458.0,22.9,17.9,78.17,1.95,1.05,53.85,19.15,192.0,9.6,7.3,4.95,3.45,2.15,1.55,0.95,61.29,76.04,69.7,0.4,2.0,0.3,0.85,0.55,0.2,36.36,3.0,0.8,26.67,4.8,0.9,18.75,0.55,11.46
1265,Primeira Liga (PT),634522,Matheus Cardoso Francisco,Mateus Pivô,1997-12-16,89.44,17.22,28.64,14,13,1,302.0,23.23,15.62,67.22,0.85,0.0,4.15,1.36,157.0,12.08,9.69,80.25,0.38,0.23,60.0,10.54,46.0,3.54,2.0,1.92,1.08,0.92,0.62,0.23,37.5,56.52,56.0,0.0,1.77,0.08,0.46,0.0,0.0,,0.92,0.15,16.67,1.31,0.62,47.06,0.08,5.88
1265,Primeira Liga (PT),637197,Max Scholze ,M. Scholze,2005-04-30,74.06,18.22,18.93,11,11,0,311.0,28.27,21.27,75.24,1.45,0.09,7.34,2.08,187.0,17.0,12.82,75.4,0.64,0.18,28.57,14.64,106.0,9.64,7.09,4.36,2.82,1.45,0.91,0.45,50.0,73.58,64.58,0.82,2.55,0.36,0.27,0.91,0.36,40.0,2.0,0.45,22.73,3.09,0.55,17.65,0.18,5.88
1265,Primeira Liga (PT),638815,Tunde Akinsola,T. Akinsola,2003-03-10,79.39,16.52,24.59,34,33,1,735.0,22.27,10.67,47.89,3.67,0.15,10.82,2.54,445.0,13.48,7.06,52.36,2.48,1.15,46.34,8.79,325.0,9.85,4.88,6.18,2.76,2.76,2.15,0.61,28.17,49.54,44.61,0.55,1.48,0.52,1.7,0.48,0.21,43.75,3.39,0.64,18.75,5.82,1.61,27.6,0.64,10.94
1265,Primeira Liga (PT),641109,Jakub Vinarčík,J. Vinarčík,2005-07-11,101.83,22.25,32.72,1,1,0,29.0,29.0,16.0,55.17,0.0,0.0,2.98,2.16,20.0,20.0,13.0,65.0,2.0,0.0,0.0,20.0,1.0,1.0,1.0,0.0,0.0,0.0,0.0,0.0,,100.0,,0.0,0.0,0.0,0.0,0.0,0.0,,2.0,0.0,0.0,2.0,0.0,0.0,0.0,0.0
1265,Primeira Liga (PT),641256,Ryan Carlos Santos de Sousa,Ryan,2002-05-14,45.53,11.82,9.95,4,4,0,74.0,18.5,12.25,66.22,0.5,0.0,4.37,1.9,53.0,13.25,9.25,69.81,0.5,0.25,50.0,13.0,13.0,3.25,2.5,1.75,1.75,0.0,0.0,0.0,,76.92,100.0,0.0,0.0,0.0,0.0,0.5,0.0,0.0,0.75,0.0,0.0,1.25,0.0,0.0,0.0,0.0
1265,Primeira Liga (PT),657169,Gonçalo Carvalho Moreira,G. Moreira,2006-01-03,2.37,0.16,0.58,1,1,0,0.0,0.0,0.0,,0.0,0.0,,,0.0,0.0,0.0,,0.0,0.0,,0.0,0.0,0.0,0.0,0.0,0.0,0.0,0.0,0.0,,,,0.0,0.0,0.0,0.0,0.0,0.0,,0.0,0.0,,0.0,0.0,,0.0,
1265,Primeira Liga (PT),657171,Diogo Lobão de Sousa,Diogo Sousa,2006-01-20,57.81,15.0,13.09,22,21,1,618.0,29.43,21.19,72.01,2.67,0.19,4.82,1.56,416.0,19.81,14.86,75.0,1.1,0.52,47.83,15.95,119.0,5.67,3.43,3.0,1.67,1.05,0.71,0.29,40.0,60.5,55.56,1.19,1.29,0.29,0.86,0.71,0.43,60.0,1.95,0.24,12.2,3.57,1.0,28.0,0.67,18.67
1265,Primeira Liga (PT),657184,Gil Pinto Martins,Gil Martins,2006-05-12,7.38,2.46,0.72,1,1,0,3.0,3.0,2.0,66.67,0.0,0.0,3.26,1.07,1.0,1.0,1.0,100.0,0.0,0.0,,1.0,1.0,1.0,1.0,0.0,0.0,0.0,0.0,0.0,,100.0,,0.0,0.0,0.0,0.0,0.0,0.0,,0.0,0.0,,0.0,0.0,,0.0,
1265,Primeira Liga (PT),657186,João Pedro Arnauth Barrocas Simões,João Simões,2007-01-06,46.36,15.48,9.76,18,18,0,437.0,24.28,19.5,80.32,1.61,0.11,5.4,1.67,332.0,18.44,15.39,83.43,1.56,0.61,39.29,14.72,91.0,5.06,3.28,2.11,1.0,0.61,0.33,0.17,50.0,64.84,47.37,0.89,2.56,0.28,0.56,0.22,0.06,25.0,1.94,0.28,14.29,3.0,0.72,24.07,0.39,12.96
1265,Primeira Liga (PT),658772,Marcos Peña Ocaña,Marcos Peña,2005-01-22,27.5,7.22,6.89,16,16,0,174.0,10.88,9.81,90.23,0.31,0.0,2.93,1.11,121.0,7.56,7.0,92.56,0.44,0.44,100.0,5.56,17.0,1.06,0.88,0.19,0.12,0.0,0.0,0.0,,82.35,66.67,0.25,0.06,0.0,0.0,0.06,0.0,0.0,0.75,0.12,16.67,1.31,0.31,23.81,0.12,9.52
1265,Primeira Liga (PT),662525,Bastien Meupiyou Menadjou,B. Meupiyou,2006-03-19,96.16,22.38,27.91,29,29,0,1246.0,42.97,34.72,80.82,1.14,0.17,5.26,1.8,861.0,29.69,25.72,86.64,0.59,0.21,35.29,28.38,267.0,9.21,7.1,4.76,3.59,1.52,0.62,0.31,50.0,77.15,75.36,0.03,0.48,0.07,0.41,0.72,0.41,57.14,0.97,0.14,14.29,1.45,0.45,30.95,0.03,2.38
1265,Primeira Liga (PT),663365,Geovany Tcherno Quenda,Geovany Quenda,2007-04-30,47.18,15.25,10.37,20,19,1,446.0,23.47,15.16,64.58,2.84,0.58,6.13,1.98,338.0,17.79,11.53,64.79,1.63,0.79,48.39,14.58,122.0,6.42,3.79,3.53,1.89,1.05,0.63,0.26,41.67,59.02,53.73,0.16,1.47,0.37,1.05,0.79,0.26,33.33,2.26,0.21,9.3,4.32,1.0,23.17,0.58,13.41
1265,Primeira Liga (PT),663376,Eric Emanuel da Silva Moreira,E. da Silva Moreira,2006-05-03,27.79,7.16,8.57,3,3,0,40.0,13.33,9.67,72.5,0.33,0.0,4.13,1.27,23.0,7.67,6.0,78.26,0.33,0.33,100.0,7.0,8.0,2.67,1.33,1.67,0.67,0.67,0.67,0.0,0.0,50.0,40.0,0.0,1.67,0.33,0.0,0.0,0.0,,0.67,0.0,0.0,1.33,0.67,50.0,0.0,0.0
1265,Primeira Liga (PT),666916,Roméo Beney,R. Beney,2005-01-19,22.18,5.59,4.3,14,13,1,117.0,9.0,4.46,49.57,1.23,0.08,10.33,2.65,84.0,6.46,3.54,54.76,0.46,0.0,0.0,5.38,47.0,3.62,1.69,2.31,1.08,0.92,0.69,0.31,44.44,46.81,46.67,0.15,0.69,0.15,0.77,0.69,0.31,44.45,0.77,0.15,20.0,1.46,0.31,21.05,0.31,21.05
1265,Primeira Liga (PT),667307,Matija Mitrović,M. Mitrović,2004-12-12,47.14,11.57,11.46,18,17,1,371.0,21.82,16.65,76.28,1.76,0.06,4.22,1.45,237.0,13.94,11.41,81.86,0.65,0.35,54.55,12.53,65.0,3.82,3.12,1.76,1.29,0.12,0.12,0.06,50.0,81.54,73.33,0.47,0.24,0.0,0.06,0.18,0.06,33.33,0.76,0.12,15.38,1.59,0.41,25.93,0.12,7.41
1265,Primeira Liga (PT),668428,Conrad Harder Weibel Schandorff,C. Harder,2005-04-07,20.66,7.58,4.37,4,4,0,20.0,5.0,2.0,40.0,2.0,0.25,7.3,1.57,12.0,3.0,1.25,41.67,0.75,0.0,0.0,1.75,5.0,1.25,0.75,1.0,0.75,0.75,0.75,0.5,66.67,60.0,75.0,0.25,0.75,0.5,0.25,0.0,0.0,,1.25,0.5,40.0,1.5,0.5,33.33,0.25,16.67
1265,Primeira Liga (PT),671211,Afonso  Oliveira Rodrigues,Afonso Rodrigues,2002-08-19,24.05,5.64,5.59,7,7,0,50.0,7.14,3.57,50.0,0.71,0.0,6.49,1.69,26.0,3.71,2.29,61.54,0.57,0.0,0.0,2.0,18.0,2.57,1.14,1.29,0.29,0.71,0.57,0.14,25.0,44.44,22.22,0.14,0.57,0.14,0.0,0.29,0.14,50.0,0.86,0.14,16.67,1.71,0.43,25.0,0.0,0.0
1265,Primeira Liga (PT),672056,Rodrigo Osório Mordomo Silva,Rodrigo Mordomo,2004-12-08,9.83,2.1,1.72,1,1,0,4.0,4.0,2.0,50.0,0.0,0.0,0.69,0.38,3.0,3.0,2.0,66.67,1.0,0.0,0.0,2.0,0.0,0.0,0.0,0.0,0.0,0.0,0.0,0.0,,,,0.0,1.0,0.0,0.0,0.0,0.0,,1.0,0.0,0.0,1.0,0.0,0.0,0.0,0.0
1265,Primeira Liga (PT),676470,Alexsandro Amorim de Freitas Filho,Amorim,2005-05-18,93.17,21.47,27.82,19,19,0,718.0,37.79,29.05,76.88,2.68,0.26,4.95,1.52,472.0,24.84,20.11,80.93,1.47,0.79,53.57,19.74,149.0,7.84,5.84,4.11,2.84,1.32,0.89,0.58,64.71,74.5,69.23,1.63,2.63,0.05,0.63,0.47,0.37,77.78,2.53,0.05,2.08,3.95,0.89,22.67,0.26,6.67
1265,Primeira Liga (PT),689057,Nodar Lominadze,N. Lominadze,2002-04-04,44.37,10.94,11.38,16,16,0,270.0,16.88,11.06,65.56,1.62,0.31,4.38,1.46,158.0,9.88,7.38,74.68,0.56,0.25,44.44,7.69,41.0,2.56,1.44,1.62,0.88,0.31,0.19,0.06,33.33,56.1,53.84,0.69,0.56,0.0,0.12,0.38,0.12,33.33,0.88,0.19,21.43,1.75,0.44,25.0,0.19,10.71
1265,Primeira Liga (PT),693894,Gabriel Silva  Moscardo de Salles,Gabriel Moscardo,2005-09-28,48.08,16.13,10.08,23,23,0,606.0,26.35,22.09,83.83,1.13,0.13,3.88,1.63,463.0,20.13,18.0,89.42,0.78,0.39,50.0,17.87,79.0,3.43,2.83,2.09,1.74,0.48,0.3,0.22,71.43,82.28,83.33,0.26,0.78,0.13,0.13,0.09,0.04,50.0,1.13,0.13,11.54,1.52,0.22,14.29,0.3,20.0
1265,Primeira Liga (PT),698183,Souleymane Faye,S. Faye,2003-02-08,24.95,6.47,4.53,5,5,0,45.0,9.0,6.6,73.33,1.4,0.2,7.52,1.87,31.0,6.2,4.8,77.42,1.0,0.8,80.0,4.6,14.0,2.8,1.8,1.8,1.0,0.2,0.2,0.0,0.0,64.29,55.56,0.4,1.2,0.0,1.4,0.8,0.2,25.0,1.4,0.2,14.28,1.4,0.0,0.0,0.2,14.29
1265,Primeira Liga (PT),703002,Romualdas Jansonas,R. Jansonas,2005-06-23,29.88,6.21,7.03,2,2,0,16.0,8.0,3.0,37.5,0.5,0.0,2.76,1.05,7.0,3.5,1.0,28.57,1.0,0.0,0.0,2.0,1.0,0.5,0.0,0.0,0.0,0.0,0.0,0.0,,0.0,,0.0,0.0,0.0,0.0,0.0,0.0,,1.5,0.0,0.0,1.5,0.0,0.0,0.0,0.0
1265,Primeira Liga (PT),708022,Tobías Medina,T. Medina,2004-03-03,18.46,7.82,3.04,1,1,0,9.0,9.0,6.0,66.67,0.0,0.0,3.55,1.53,4.0,4.0,3.0,75.0,1.0,1.0,100.0,4.0,1.0,1.0,1.0,1.0,1.0,0.0,0.0,0.0,,100.0,100.0,0.0,0.0,0.0,0.0,0.0,0.0,,1.0,0.0,0.0,2.0,0.0,0.0,0.0,0.0
1265,Primeira Liga (PT),731092,Antef Tsoungui,A. Tsoungui,2002-12-30,65.75,18.23,16.58,23,23,0,727.0,31.61,25.91,81.98,1.0,0.04,3.47,1.58,504.0,21.91,19.43,88.69,0.26,0.09,33.33,19.96,87.0,3.78,3.0,1.39,1.13,0.48,0.13,0.09,66.67,79.31,81.25,0.22,0.7,0.0,0.26,0.3,0.13,42.86,0.48,0.22,45.45,0.83,0.09,10.53,0.09,10.53
1265,Primeira Liga (PT),731279,Espen van Ee,E. van Ee,2003-07-05,82.06,21.25,21.44,26,25,1,1061.0,42.44,33.8,79.64,2.56,0.24,4.28,1.46,724.0,28.96,24.44,84.39,0.96,0.48,50.0,23.72,183.0,7.32,5.44,3.12,2.16,0.8,0.4,0.28,70.0,74.32,69.23,1.36,1.4,0.0,0.12,0.64,0.48,75.0,2.48,0.24,9.68,3.52,0.72,20.45,0.08,2.27
1265,Primeira Liga (PT),733174,Mathias De Amorim,M. De Amorim,2004-12-10,87.48,22.61,22.05,30,29,1,949.0,32.72,23.52,71.86,3.0,0.34,4.63,1.39,601.0,20.72,15.79,76.21,2.1,1.24,59.02,13.24,197.0,6.79,4.52,3.14,1.83,0.76,0.55,0.28,50.0,66.5,58.24,1.03,1.97,0.17,0.69,0.24,0.03,14.29,3.69,0.86,23.37,5.55,1.03,18.63,0.59,10.56
1265,Primeira Liga (PT),733366,Samuel Omorodion Aghehowa,Samu Omorodion,2004-05-05,76.79,24.69,16.73,20,18,2,329.0,18.28,8.78,48.02,3.72,0.56,4.8,1.3,226.0,12.56,6.61,52.66,3.39,1.33,39.34,4.33,65.0,3.61,1.5,1.89,0.5,0.78,0.67,0.17,25.0,41.54,26.47,0.83,1.0,1.67,0.61,0.06,0.0,0.0,4.61,0.78,16.87,8.61,1.33,15.48,2.11,24.52
1265,Primeira Liga (PT),735579,Anthony Carter,A. Carter,1994-08-31,31.37,8.06,8.23,5,5,0,29.0,5.8,4.0,68.96,0.4,0.0,3.57,1.17,17.0,3.4,2.6,76.47,1.2,0.8,66.67,1.4,5.0,1.0,0.8,0.0,0.0,0.0,0.0,0.0,,80.0,,0.2,1.4,0.0,0.0,0.0,0.0,,1.2,0.0,0.0,2.0,0.0,0.0,0.4,20.0
1265,Primeira Liga (PT),735644,Rodrigo Mora Carvalho,Rodrigo Mora,2007-05-05,47.94,13.99,10.81,28,26,2,485.0,18.65,12.08,64.74,3.15,0.31,5.76,1.6,323.0,12.42,8.35,67.18,1.54,0.69,45.0,8.19,115.0,4.42,2.58,2.5,1.5,0.92,0.77,0.38,50.0,58.26,60.0,0.69,1.42,0.46,1.15,0.58,0.27,46.67,2.58,0.38,14.93,3.77,0.65,17.35,1.08,28.57
1265,Primeira Liga (PT),735645,Cícero Clébson Alves Santana,Cícero Alves,1997-05-10,72.3,15.84,22.98,18,18,0,522.0,29.0,22.22,76.63,1.11,0.11,2.31,1.09,340.0,18.89,15.89,84.12,0.39,0.17,42.86,15.33,35.0,1.94,1.61,1.22,1.06,0.39,0.22,0.17,75.0,82.86,86.36,0.44,0.5,0.0,0.11,0.11,0.06,50.0,1.06,0.0,0.0,1.61,0.22,13.79,0.0,0.0
1265,Primeira Liga (PT),735647,André Filipe Castanheira Ceitil,André Ceitil,1995-03-11,32.59,5.3,8.69,4,4,0,25.0,6.25,4.5,72.0,0.0,0.0,2.8,1.07,17.0,4.25,3.5,82.35,0.0,0.0,,4.25,1.0,0.25,0.0,0.0,0.0,0.25,0.0,0.0,,0.0,,0.0,0.0,0.0,0.0,0.25,0.0,0.0,0.0,0.0,,0.0,0.0,,0.0,
1265,Primeira Liga (PT),735649,Pedro Henryque Pereira dos Santos,Maranhão,1999-03-02,79.27,18.46,22.63,32,32,0,814.0,25.44,14.78,58.11,3.66,0.22,6.07,1.72,550.0,17.19,10.56,61.45,2.34,0.91,38.67,13.09,203.0,6.34,3.16,4.31,1.94,1.62,1.5,0.44,29.17,49.75,44.93,0.81,2.09,0.62,0.94,0.44,0.28,64.29,3.19,0.41,12.74,5.47,1.56,28.57,0.75,13.71
1265,Primeira Liga (PT),735655,Sidney Alexssander Pena De Lima,Sidney Lima,1997-01-17,97.58,24.11,25.16,33,32,1,1422.0,44.44,36.38,81.86,1.12,0.06,3.98,1.81,976.0,30.5,26.72,87.6,0.19,0.09,50.0,29.31,216.0,6.75,5.31,3.97,3.22,0.66,0.31,0.19,60.0,78.7,81.1,0.03,0.31,0.0,0.09,0.59,0.28,47.37,0.38,0.0,0.0,0.62,0.12,20.0,0.03,5.0
1265,Primeira Liga (PT),735656,Sérgio Miguel Lobo Araújo,Serginho,1999-12-01,86.41,21.74,22.22,32,31,1,1156.0,37.29,28.94,77.59,2.9,0.1,5.03,1.66,729.0,23.52,19.06,81.07,1.26,0.68,53.85,17.94,230.0,7.42,6.13,3.16,2.48,0.58,0.39,0.29,75.0,82.61,78.57,1.13,2.26,0.13,0.35,0.55,0.39,70.59,2.39,0.42,17.57,3.87,0.48,12.5,0.45,11.67
1265,Primeira Liga (PT),735699,Gustavo Pinto Mendonça,G. Mendonça,2003-03-11,72.26,14.63,22.32,21,20,1,459.0,22.95,15.85,69.06,2.0,0.1,4.1,1.28,261.0,13.05,9.45,72.41,1.05,0.6,57.14,10.2,84.0,4.2,3.15,2.0,1.5,1.0,0.6,0.5,83.33,75.0,75.0,0.55,1.15,0.1,0.2,0.05,0.05,100.0,1.95,0.6,30.77,3.35,0.6,17.91,0.1,2.99
1265,Primeira Liga (PT),735705,David Allen Grilo,David Grilo,1996-08-13,98.86,26.16,25.84,1,1,0,33.0,33.0,16.0,48.48,0.0,0.0,4.57,3.05,23.0,23.0,9.0,39.13,0.0,0.0,,23.0,5.0,5.0,4.0,1.0,1.0,0.0,0.0,0.0,,80.0,100.0,0.0,0.0,0.0,0.0,0.0,0.0,,1.0,0.0,0.0,1.0,1.0,100.0,0.0,0.0
1265,Primeira Liga (PT),735708,Pedro Maria Salgueiro Costa Pessoa Carvalho,Pedro Carvalho,2003-02-14,55.64,15.21,13.84,23,23,0,531.0,23.09,15.52,67.23,1.3,0.09,4.98,1.49,376.0,16.35,11.96,73.14,0.74,0.35,47.06,14.57,112.0,4.87,3.17,2.96,1.87,1.48,1.13,0.61,53.85,65.18,63.24,0.04,1.83,0.48,0.39,0.09,0.0,0.0,1.26,0.22,17.24,2.91,0.74,25.37,0.43,14.93
1265,Primeira Liga (PT),738192,Gustavo da Silva Cunha,Gustavo Silva,1999-06-01,69.51,18.21,15.68,23,21,2,345.0,16.43,8.05,48.98,3.57,0.48,6.71,1.66,199.0,9.48,4.62,48.74,2.0,0.67,33.33,6.05,101.0,4.81,2.29,2.95,1.0,1.81,1.57,0.33,21.21,47.53,33.87,0.29,1.19,0.86,0.67,0.29,0.1,33.33,2.9,0.33,11.48,4.86,1.29,26.47,0.95,19.61
1265,Primeira Liga (PT),738194,Paulo Vitor Leal Sousa Lima,Paulo Vitor,2001-07-19,88.46,17.57,28.07,18,17,1,505.0,29.71,21.59,72.67,0.71,0.0,3.93,1.6,301.0,17.71,14.53,82.06,0.24,0.06,25.0,16.71,81.0,4.76,3.12,2.71,1.65,0.88,0.18,0.06,33.33,65.43,60.87,0.06,0.0,0.0,0.12,0.59,0.29,50.0,0.35,0.06,16.67,0.47,0.18,37.5,0.0,0.0
1265,Primeira Liga (PT),738195,Francisco Adriano Baptista Gonçalves,Chico Gonçalves,2004-03-05,63.52,15.32,16.14,10,9,1,260.0,28.89,25.11,86.92,0.89,0.0,4.03,1.49,172.0,19.11,18.11,94.77,0.11,0.11,100.0,18.89,41.0,4.56,4.22,2.78,2.44,0.11,0.0,0.0,,92.68,88.0,0.11,0.0,0.0,0.0,0.33,0.22,66.67,0.11,0.0,0.0,0.22,0.0,0.0,0.0,0.0
1265,Primeira Liga (PT),738198,Martim Gustavo Silva Watts Rodrigues,Watts,2005-07-14,14.13,2.83,4.78,7,7,0,16.0,2.29,1.14,50.0,0.14,0.0,3.58,0.96,10.0,1.43,1.0,70.0,0.14,0.0,0.0,1.0,2.0,0.29,0.0,0.29,0.0,0.14,0.14,0.0,0.0,0.0,0.0,0.0,0.14,0.0,0.0,0.0,0.0,,0.43,0.0,0.0,0.57,0.29,50.0,0.0,0.0
1265,Primeira Liga (PT),744049,Wendel da Silva Costa,W. Silva,2000-08-02,74.5,19.49,19.82,13,13,0,189.0,14.54,8.15,56.08,2.15,0.15,4.75,1.2,113.0,8.69,4.46,51.33,1.85,0.69,37.5,4.15,33.0,2.54,1.38,1.62,0.69,0.85,0.69,0.23,33.33,54.54,42.86,1.08,1.0,0.46,0.23,0.0,0.0,,2.54,0.08,3.03,5.31,1.08,20.29,1.0,18.84
1265,Primeira Liga (PT),749988,Pablo Ruan Messias Cardozo,Pablo Ruan,2003-02-01,45.12,9.19,11.57,23,19,4,201.0,10.58,5.58,52.74,1.37,0.16,4.39,1.31,130.0,6.84,3.79,55.38,0.95,0.47,50.0,4.95,35.0,1.84,0.58,1.47,0.47,0.58,0.58,0.11,18.18,31.43,32.14,0.42,0.37,0.26,0.21,0.0,0.0,,1.26,0.21,16.67,2.16,0.68,31.71,0.26,12.19
1265,Primeira Liga (PT),750250,Álvaro Martínez Navarro,Álvaro Martínez,2002-05-04,56.69,16.5,15.38,15,14,1,461.0,32.93,26.57,80.69,1.14,0.14,3.64,1.41,354.0,25.29,21.36,84.46,0.86,0.5,58.33,24.0,61.0,4.36,3.29,2.07,1.43,0.71,0.57,0.14,25.0,75.41,68.97,0.07,2.36,0.07,0.14,0.07,0.0,0.0,1.07,0.21,20.0,1.93,0.43,22.22,0.21,11.11
1265,Primeira Liga (PT),758003,Omar Fayed Abdelwahab Elrakhawy,Omar Fayed,2003-07-04,75.7,18.64,21.21,8,8,0,337.0,42.12,36.12,85.76,0.62,0.0,5.13,1.82,235.0,29.38,26.75,91.06,0.0,0.0,,28.5,75.0,9.38,8.12,3.25,2.88,1.12,0.12,0.12,100.0,86.67,88.46,0.12,0.12,0.0,0.0,1.12,0.75,66.67,0.25,0.0,0.0,0.38,0.0,0.0,0.0,0.0
1265,Primeira Liga (PT),773512,Steven Baseya,S. Baseya,2005-01-14,48.77,12.24,13.16,12,12,0,290.0,24.17,20.5,84.83,0.33,0.0,4.33,1.59,217.0,18.08,16.83,93.09,0.17,0.0,0.0,17.08,47.0,3.92,3.5,2.25,2.08,0.67,0.25,0.17,66.67,89.36,92.59,0.0,0.0,0.0,0.08,0.42,0.42,100.0,0.33,0.08,25.0,0.58,0.08,14.28,0.0,0.0
1265,Primeira Liga (PT),774053,José Manuel Mendes Gomes ,José Gomes,1996-07-20,93.56,19.91,25.36,27,24,3,622.0,25.92,14.42,55.63,1.96,0.29,5.3,1.46,394.0,16.42,10.54,64.21,1.38,0.46,33.33,14.62,136.0,5.67,2.33,3.83,1.42,1.92,1.5,0.58,38.89,41.18,36.96,0.12,2.38,0.33,0.42,0.58,0.21,35.71,1.79,0.08,4.65,3.08,0.96,31.08,0.5,16.22
1265,Primeira Liga (PT),784664,Luis Fernando Santos Oliveira ,Fernando,2005-04-12,55.3,12.7,14.0,11,10,1,146.0,14.6,8.7,59.59,2.2,0.4,7.74,1.87,91.0,9.1,5.8,63.74,2.5,1.4,56.0,4.9,48.0,4.8,2.8,3.2,1.8,1.4,1.1,0.5,45.45,58.33,56.25,1.2,1.3,0.3,0.4,0.1,0.1,100.0,3.0,0.3,10.0,4.8,1.6,33.33,1.0,20.83
1265,Primeira Liga (PT),789116,Antonios Papakanellos,A. Papakanellos,2005-08-11,24.9,6.3,6.12,21,21,0,231.0,11.0,6.43,58.44,0.52,0.0,7.27,1.99,155.0,7.38,4.57,61.94,1.0,0.29,28.57,5.52,73.0,3.48,1.95,1.52,0.71,0.48,0.38,0.1,25.0,56.17,46.88,0.43,1.29,0.1,0.33,0.33,0.24,71.43,1.48,0.1,6.45,2.0,0.48,23.81,0.29,14.29
1265,Primeira Liga (PT),789166,Theofanis  Bakoulas,T. Bakoulas,2005-01-04,60.85,16.4,13.28,3,3,0,55.0,18.33,14.33,78.18,0.67,0.0,5.42,1.76,32.0,10.67,8.67,81.25,0.67,0.33,50.0,8.33,12.0,4.0,3.33,2.0,1.67,0.67,0.0,0.0,,83.33,83.33,0.33,0.67,0.0,0.33,0.0,0.0,,0.67,0.33,50.0,1.33,0.0,0.0,0.0,0.0
1265,Primeira Liga (PT),793234,Brenner Lucas Gonçalves Santos,Brenner,2002-01-02,49.63,12.55,12.43,28,27,1,375.0,13.89,6.7,48.27,2.22,0.04,9.72,2.38,239.0,8.85,4.56,51.46,1.41,0.48,34.21,6.67,156.0,5.78,2.3,4.11,1.44,1.89,1.67,0.41,24.44,39.74,35.14,0.37,0.59,0.3,1.67,0.52,0.15,28.57,1.85,0.19,10.0,3.22,1.0,31.03,0.41,12.64
1265,Primeira Liga (PT),797508,William Gomes Carvalho Santos,William Gomes,2006-03-15,50.07,14.37,11.3,28,25,3,424.0,16.96,8.28,48.82,2.84,0.44,8.42,2.28,306.0,12.24,6.16,50.33,1.36,0.52,38.23,10.2,149.0,5.96,2.52,3.56,1.36,1.4,1.2,0.48,40.0,42.28,38.2,0.48,0.4,0.32,1.88,0.56,0.2,35.71,1.8,0.2,11.11,2.92,0.72,24.66,0.44,15.07
1265,Primeira Liga (PT),799030,Paulo Daniel Valente Moreira,Paulo Moreira,2000-02-17,90.41,21.4,22.95,28,27,1,868.0,32.15,24.11,75.0,1.81,0.37,4.81,1.57,576.0,21.33,17.37,81.42,1.37,0.78,56.76,15.74,191.0,7.07,5.11,3.15,2.04,0.89,0.44,0.19,41.67,72.25,64.71,1.15,1.85,0.22,0.26,0.19,0.11,60.0,2.37,0.52,21.88,4.04,0.56,13.76,0.44,11.01
1265,Primeira Liga (PT),799968,Juan Sebastián Rodríguez López,J. Rodríguez,2006-03-27,75.07,17.8,20.49,29,29,0,801.0,27.62,22.52,81.52,1.38,0.07,3.44,1.42,504.0,17.38,15.1,86.91,0.45,0.31,69.23,15.34,107.0,3.69,2.97,1.69,1.31,0.38,0.17,0.14,80.0,80.37,77.55,0.66,0.48,0.03,0.07,0.28,0.03,12.5,0.55,0.07,12.5,1.07,0.21,19.35,0.14,12.9
1265,Primeira Liga (PT),800977,Gustavo Miguel Pereira Sousa Varela,Gustavo Varela,2005-01-30,53.54,13.35,13.29,32,31,1,332.0,10.71,5.35,50.0,2.13,0.35,5.31,1.4,194.0,6.26,3.35,53.61,1.97,0.71,36.07,2.32,66.0,2.13,0.87,1.35,0.35,0.48,0.32,0.03,10.0,40.91,26.19,0.45,0.87,0.58,0.39,0.03,0.03,100.0,2.42,0.1,4.0,3.77,0.45,11.97,1.03,27.35
1265,Primeira Liga (PT),801815,Ikker Julian de La Caridad Caldeira dos Santos,I. Julian,2005-07-07,61.87,17.6,17.46,2,2,0,65.0,32.5,25.5,78.46,0.0,0.0,7.23,2.29,47.0,23.5,20.5,87.24,0.0,0.0,,22.0,19.0,9.5,7.0,5.5,3.5,0.5,0.5,0.0,0.0,73.68,63.64,0.0,1.0,0.0,0.0,2.5,1.5,60.0,0.5,0.0,0.0,0.5,0.0,0.0,0.0,0.0
1265,Primeira Liga (PT),801829,Ejike  Julius Opara ,E. Julius Opara,2005-07-05,11.52,3.02,2.79,1,1,0,3.0,3.0,2.0,66.67,0.0,0.0,4.3,1.67,3.0,3.0,2.0,66.67,0.0,0.0,,3.0,0.0,0.0,0.0,0.0,0.0,0.0,0.0,0.0,,,,0.0,0.0,0.0,0.0,0.0,0.0,,0.0,0.0,,1.0,0.0,0.0,1.0,100.0
1265,Primeira Liga (PT),808236,Valdemiro Pinto Domingos,Miro,2003-04-22,74.31,16.63,22.68,4,4,0,54.0,13.5,6.0,44.45,3.0,0.0,8.54,2.25,31.0,7.75,3.25,41.94,2.25,0.75,33.33,2.5,17.0,4.25,2.0,3.25,1.25,1.0,0.75,0.0,0.0,47.06,38.46,0.75,0.5,0.5,0.5,0.0,0.0,,2.5,0.25,10.0,4.25,1.5,35.29,0.75,17.65
1265,Primeira Liga (PT),808976,Motez Nourani,M. Nourani,2002-01-11,32.74,8.01,9.88,6,6,0,54.0,9.0,5.67,62.96,0.5,0.0,7.64,2.24,36.0,6.0,4.0,66.67,0.5,0.17,33.33,5.0,18.0,3.0,1.5,1.83,0.83,0.5,0.17,0.0,0.0,50.0,45.45,0.17,0.0,0.0,0.33,0.33,0.0,0.0,0.67,0.17,25.0,1.17,0.0,0.0,0.0,0.0
1265,Primeira Liga (PT),808991,Daniel Grilo Azevedo,Daniel Azevedo,1998-02-12,78.26,19.48,21.22,3,3,0,88.0,29.33,22.33,76.14,0.0,0.0,4.26,3.03,60.0,20.0,15.67,78.33,0.33,0.33,100.0,20.33,17.0,5.67,4.0,4.0,2.67,0.0,0.0,0.0,,70.59,66.67,0.0,0.0,0.0,0.0,0.33,0.0,0.0,0.33,0.0,0.0,0.67,0.33,50.0,0.0,0.0
1265,Primeira Liga (PT),809045,Sidny Lopes Cabral,S. Lopes Cabral,2002-09-18,80.68,20.26,17.8,23,22,1,660.0,30.0,17.77,59.24,3.05,0.45,7.82,2.2,484.0,22.0,13.64,61.98,2.14,0.68,31.91,18.82,209.0,9.5,4.77,6.05,2.32,2.18,2.05,0.55,26.67,50.24,38.34,0.23,1.55,0.41,1.77,1.55,0.27,17.65,3.09,0.45,14.71,4.59,1.27,27.72,0.68,14.85
1265,Primeira Liga (PT),809111,Karem Zoabi,K. Zoabi,2006-05-03,24.36,5.89,6.41,5,5,0,25.0,5.0,3.6,72.0,0.4,0.0,4.22,1.41,19.0,3.8,3.0,78.95,1.4,0.8,57.14,1.8,6.0,1.2,1.0,0.6,0.4,0.2,0.0,0.0,,83.33,66.67,0.0,0.2,0.0,0.0,0.0,0.0,,1.6,0.2,12.5,2.2,0.4,18.18,0.2,9.09
1265,Primeira Liga (PT),809342,Fahem Benaissa-Yahia,F. Benaissa,2002-04-29,61.55,12.75,15.25,10,10,0,169.0,16.9,9.9,58.58,0.8,0.1,6.35,1.74,86.0,8.6,5.2,60.46,1.1,0.0,0.0,7.8,47.0,4.7,2.3,2.5,0.9,1.0,0.5,0.0,0.0,48.94,36.0,0.0,0.9,0.0,0.3,0.3,0.1,33.33,1.2,0.2,16.67,1.6,0.2,12.5,0.0,0.0
1265,Primeira Liga (PT),809496,Francisco Petrasso,F. Petrasso,2002-01-28,69.54,16.69,20.08,23,23,0,727.0,31.61,25.48,80.61,0.74,0.04,3.95,1.55,477.0,20.74,17.87,86.16,0.39,0.26,66.67,20.04,103.0,4.48,3.83,2.35,2.0,0.39,0.09,0.04,50.0,85.44,85.19,0.0,0.09,0.0,0.0,0.43,0.26,60.0,0.57,0.09,15.38,0.96,0.39,40.91,0.04,4.55
1265,Primeira Liga (PT),809976,André Filipe Ferreira Lacximicant,André Lacximicant,2001-05-19,60.2,15.57,15.83,22,22,0,295.0,13.41,6.5,48.47,3.0,0.27,8.34,1.96,206.0,9.36,5.0,53.4,2.45,1.09,44.45,4.68,104.0,4.73,2.23,3.23,1.41,1.73,1.5,0.45,30.3,47.12,43.66,1.14,1.18,0.91,0.91,0.09,0.0,0.0,2.68,0.59,22.03,5.09,1.45,28.57,1.18,23.21
1265,Primeira Liga (PT),810716,Daniel Armando Fonseca Silva Banjaqui,Daniel Banjaqui,2008-03-24,81.78,27.83,12.81,2,2,0,88.0,44.0,32.0,72.73,4.0,0.5,4.62,1.69,64.0,32.0,24.0,75.0,1.5,1.5,100.0,27.0,17.0,8.5,6.0,4.5,3.0,2.5,2.0,0.5,25.0,70.59,66.66,0.0,2.5,1.0,2.0,0.5,0.5,100.0,2.5,0.5,20.0,6.5,0.5,7.69,2.0,30.77
1265,Primeira Liga (PT),810741,José Pedro Formoso Neto,José Neto,2008-04-19,52.67,17.55,10.38,2,2,0,62.0,31.0,25.0,80.65,1.0,0.0,5.9,1.74,45.0,22.5,20.5,91.11,1.0,0.5,50.0,21.5,15.0,7.5,6.0,4.0,3.0,1.5,1.0,0.0,0.0,80.0,75.0,0.0,2.5,0.0,0.0,0.5,0.5,100.0,1.5,1.0,66.67,2.0,1.0,50.0,0.0,0.0
1265,Primeira Liga (PT),810747,Anísio Cláudio Fernandes Reis Cabral,Anísio Cabral,2008-02-15,15.4,4.74,2.37,6,6,0,34.0,5.67,3.0,52.94,1.33,0.33,3.68,1.05,21.0,3.5,1.83,52.38,0.33,0.17,50.0,2.17,4.0,0.67,0.0,0.5,0.0,0.5,0.5,0.0,0.0,0.0,0.0,0.33,0.5,0.0,0.17,0.17,0.0,0.0,1.0,0.0,0.0,1.5,0.33,22.22,0.0,0.0
1265,Primeira Liga (PT),810787,Oumar Camara,O. Camara,2007-05-11,55.38,14.73,13.57,30,28,2,431.0,15.39,9.5,61.72,1.89,0.36,7.2,1.9,267.0,9.54,6.04,63.3,1.64,0.86,52.17,6.71,134.0,4.79,2.93,2.54,1.21,1.21,0.86,0.29,33.33,61.19,47.89,0.07,1.61,0.29,0.5,0.36,0.29,80.0,2.29,0.5,21.87,3.54,0.61,17.17,0.64,18.18
1265,Primeira Liga (PT),810933,Eduardo Manuel de Freitas Felicissimo,Eduardo Felicissimo,2007-01-08,10.76,2.31,2.07,1,1,0,10.0,10.0,9.0,90.0,1.0,0.0,2.16,0.91,7.0,7.0,7.0,100.0,0.0,0.0,,7.0,0.0,0.0,0.0,0.0,0.0,0.0,0.0,0.0,,,,0.0,0.0,0.0,0.0,0.0,0.0,,0.0,0.0,,0.0,0.0,,0.0,
1265,Primeira Liga (PT),811145,Hugo Miguel Zagal Nunes,Hugo Nunes,2002-02-15,15.8,4.21,1.52,1,1,0,8.0,8.0,6.0,75.0,2.0,0.0,3.12,0.8,6.0,6.0,5.0,83.33,1.0,0.0,0.0,5.0,2.0,2.0,2.0,1.0,1.0,1.0,1.0,1.0,100.0,100.0,100.0,1.0,1.0,0.0,0.0,0.0,0.0,,1.0,0.0,0.0,1.0,0.0,0.0,0.0,0.0
1265,Primeira Liga (PT),811474,Agustín Nahuel Moreira Morales,A. Moreira,2001-05-28,53.88,13.04,13.9,21,20,1,337.0,16.85,8.15,48.37,2.8,0.15,9.31,2.29,218.0,10.9,5.8,53.21,1.85,0.6,32.43,7.6,127.0,6.35,2.75,4.2,1.55,2.25,2.1,0.5,23.81,43.31,36.91,0.45,1.4,0.55,0.95,0.6,0.15,25.0,2.85,0.55,19.3,4.3,0.95,22.09,0.65,15.12
1265,Primeira Liga (PT),812123,Tamble Ulisses Folgado Monteiro,Tamble Monteiro,2000-11-15,56.89,14.82,15.34,13,13,0,189.0,14.54,7.46,51.32,2.54,0.08,6.02,1.6,121.0,9.31,4.85,52.07,3.15,1.23,39.02,3.69,47.0,3.62,2.0,2.08,1.15,0.85,0.46,0.15,33.33,55.32,55.56,0.54,1.38,0.46,0.23,0.23,0.23,100.0,3.62,0.31,8.51,5.69,0.69,12.16,0.85,14.87
1265,Primeira Liga (PT),812124,Fabrício Garcia Andrade,Fabrício Garcia,2001-05-04,26.13,6.08,6.11,12,12,0,99.0,8.25,3.75,45.46,1.0,0.0,9.52,2.41,55.0,4.58,2.08,45.45,0.92,0.25,27.27,3.25,45.0,3.75,1.75,2.75,1.17,0.75,0.67,0.0,0.0,46.67,42.42,0.08,0.75,0.33,0.67,0.33,0.17,50.0,1.0,0.17,16.67,1.75,0.5,28.57,0.17,9.52
1265,Primeira Liga (PT),812240,Jalen Blesa ,J. Blesa,2001-02-05,89.2,24.02,24.05,13,13,0,312.0,24.0,13.77,57.37,3.38,0.46,6.21,1.68,203.0,15.62,8.77,56.16,3.77,1.85,48.98,8.54,82.0,6.31,3.69,3.54,1.85,1.54,1.08,0.31,28.57,58.54,52.17,1.46,2.15,1.0,0.92,0.38,0.08,20.0,5.23,1.46,27.94,8.31,1.23,14.82,1.38,16.67
1265,Primeira Liga (PT),813388,Kevyn Henrique Monteiro de Souza,Kevyn Monteiro,2005-09-13,46.17,12.93,12.4,10,9,1,228.0,25.33,22.89,90.35,0.67,0.0,4.0,1.65,143.0,15.89,14.78,93.01,0.22,0.11,50.0,15.56,31.0,3.44,3.33,2.44,2.44,0.0,0.0,0.0,,96.78,100.0,0.0,0.0,0.11,0.0,0.0,0.0,,0.22,0.0,0.0,0.33,0.11,33.33,0.0,0.0
1265,Primeira Liga (PT),816760,Ibrahima Ba,I. Ba,2005-05-26,88.48,21.8,22.96,21,21,0,949.0,45.19,36.86,81.56,1.19,0.05,4.73,1.78,598.0,28.48,25.0,87.79,0.14,0.1,66.67,27.95,175.0,8.33,6.62,4.24,3.57,0.67,0.1,0.1,100.0,79.43,84.27,0.0,0.0,0.1,0.1,0.43,0.19,44.44,0.19,0.0,0.0,0.38,0.19,50.0,0.0,0.0
1265,Primeira Liga (PT),818137,Yarlen Faustino Augusto,Yarlen,2006-02-20,47.17,9.89,12.74,11,11,0,129.0,11.73,5.36,45.74,1.45,0.0,7.79,1.87,87.0,7.91,3.64,45.98,1.55,0.45,29.41,5.73,42.0,3.82,1.27,3.0,0.82,1.82,1.45,0.36,25.0,33.33,27.27,0.36,0.73,0.64,0.45,0.09,0.0,0.0,2.09,0.18,8.7,3.73,1.27,34.15,0.55,14.63
1265,Primeira Liga (PT),818352,Tamás Nikitscher,T. Nikitscher,1999-11-03,56.83,14.5,16.48,27,27,0,613.0,22.7,17.85,78.63,1.0,0.07,4.07,1.36,386.0,14.3,12.37,86.53,0.59,0.26,43.75,12.0,102.0,3.78,2.89,1.11,0.74,0.56,0.33,0.33,100.0,76.47,66.67,0.7,0.96,0.11,0.15,0.15,0.11,75.0,1.19,0.11,9.37,1.89,0.41,21.57,0.04,1.96
1265,Primeira Liga (PT),831427,Robson Lucas Oliveira Botelho,Robinho,2002-08-07,48.88,11.27,12.13,22,21,1,453.0,21.57,15.95,73.95,1.57,0.14,4.53,1.39,301.0,14.33,11.95,83.39,0.76,0.38,50.0,12.0,81.0,3.86,2.38,2.0,1.05,0.71,0.43,0.1,22.22,61.73,52.38,0.43,1.62,0.1,0.29,0.14,0.05,33.33,1.05,0.14,13.64,1.81,0.29,15.79,0.14,7.89
1265,Primeira Liga (PT),831454,Ryan Guilherme da Silva Pae,Ryan Guilherme,2002-12-07,38.35,10.96,9.12,6,6,0,110.0,18.33,15.5,84.55,1.17,0.0,5.62,1.73,66.0,11.0,9.67,87.88,0.83,0.5,60.0,8.67,26.0,4.33,3.67,1.33,1.0,0.33,0.33,0.17,50.0,84.62,75.0,0.33,1.33,0.0,0.0,0.33,0.33,100.0,1.0,0.17,16.67,1.5,0.17,11.11,0.17,11.11
1265,Primeira Liga (PT),850886,João Pedro Augusto Mourão Costa,João Costa,2000-03-07,14.99,3.29,3.16,7,7,0,15.0,2.14,1.43,66.66,0.57,0.14,5.95,1.57,9.0,1.29,1.0,77.78,0.43,0.29,66.67,0.86,2.0,0.29,0.29,0.29,0.29,0.29,0.29,0.29,100.0,100.0,100.0,0.29,0.0,0.14,0.14,0.0,0.0,,0.43,0.14,33.33,0.57,0.0,0.0,0.14,25.0
1265,Primeira Liga (PT),850888,Jonathan Mutombo Mawesi,J. Mutombo,2002-08-27,47.28,9.61,10.83,3,3,0,46.0,15.33,10.0,65.22,1.33,0.33,8.77,2.6,31.0,10.33,7.0,67.74,0.0,0.0,,10.33,21.0,7.0,3.67,5.33,3.0,0.67,0.67,0.33,50.0,52.38,56.25,0.0,2.0,0.0,0.67,0.33,0.0,0.0,0.0,0.0,,0.33,0.33,100.0,0.0,0.0
1265,Primeira Liga (PT),850891,Hugo Félix Sequeira,H. Sequeira,2004-03-03,56.64,12.99,15.94,26,26,0,600.0,23.08,16.58,71.83,2.27,0.08,4.99,1.66,418.0,16.08,11.85,73.69,1.62,0.69,42.86,12.5,124.0,4.77,3.46,2.08,1.27,0.58,0.42,0.19,45.45,72.58,61.11,1.12,1.27,0.15,0.35,0.23,0.12,50.0,2.46,0.35,14.06,4.12,0.69,16.82,0.54,13.08
1265,Primeira Liga (PT),850893,Leandro Henrique Sousa Santos,Leandro Santos,2005-09-28,28.58,7.47,6.77,9,7,2,97.0,13.86,8.86,63.92,0.71,0.0,6.65,1.82,66.0,9.43,6.43,68.18,0.29,0.0,0.0,7.71,25.0,3.57,1.71,2.14,0.71,1.14,1.0,0.29,28.57,48.0,33.33,0.0,1.71,0.0,0.0,0.29,0.14,50.0,0.57,0.14,25.0,1.0,0.71,71.43,0.0,0.0
1265,Primeira Liga (PT),851441,Diogo Jorge Sousa Martins,Diogo Martins,1996-08-21,9.91,1.91,2.65,1,1,0,3.0,3.0,2.0,66.67,2.0,0.0,14.24,3.4,3.0,3.0,2.0,66.67,0.0,0.0,,3.0,1.0,1.0,0.0,1.0,0.0,1.0,1.0,0.0,0.0,0.0,0.0,0.0,1.0,1.0,0.0,1.0,0.0,0.0,0.0,0.0,,0.0,0.0,,0.0,
1265,Primeira Liga (PT),868712,Rodrigo  Rêgo,Rodrigo Rêgo,2005-01-03,54.68,17.86,14.49,3,2,1,45.0,22.5,13.0,57.78,5.0,0.0,6.77,1.9,29.0,14.5,8.5,58.62,0.5,0.5,100.0,11.0,12.0,6.0,2.5,2.5,1.5,0.5,0.0,0.0,,41.66,60.0,0.0,1.0,0.0,0.5,1.5,0.5,33.33,2.5,1.0,40.0,3.0,0.5,16.67,0.5,16.67
1265,Primeira Liga (PT),870451,Guilherme Neiva Silva,G. Neiva,2001-03-15,42.7,8.56,12.71,24,23,1,263.0,11.43,5.22,45.63,1.61,0.17,8.39,2.22,146.0,6.35,3.22,50.69,0.83,0.26,31.58,5.13,101.0,4.39,1.91,2.43,0.96,0.87,0.65,0.17,26.67,43.56,39.29,0.17,0.52,0.17,0.3,0.13,0.04,33.33,1.09,0.13,12.0,2.04,0.74,36.17,0.43,21.28
1265,Primeira Liga (PT),870866,José Augusto Silva,José Silva,2005-08-20,16.41,2.47,4.66,4,4,0,14.0,3.5,1.75,50.0,0.5,0.0,6.91,1.78,6.0,1.5,1.0,66.67,0.0,0.0,,1.5,3.0,0.75,0.25,0.5,0.25,0.75,0.5,0.25,50.0,33.33,50.0,0.0,0.25,0.0,0.0,0.0,0.0,,0.0,0.0,,0.25,0.25,100.0,0.0,0.0
1265,Primeira Liga (PT),876968,Diego Henrique Oliveira Rodrigues,Diego Rodrigues,2005-05-24,47.91,15.86,10.7,20,20,0,521.0,26.05,21.3,81.76,1.85,0.3,5.57,1.84,404.0,20.2,17.05,84.41,1.15,0.7,60.87,16.8,121.0,6.05,4.9,3.55,2.7,0.65,0.6,0.45,75.0,80.99,76.06,0.75,1.8,0.05,0.3,0.45,0.3,66.67,2.2,0.45,20.45,3.1,0.65,20.97,0.6,19.35
1265,Primeira Liga (PT),876969,João Gonçalo Carapinha Carvalho,João Carvalho,2004-04-09,17.9,2.75,2.07,1,1,0,6.0,6.0,2.0,33.33,0.0,0.0,2.13,2.5,1.0,1.0,1.0,100.0,0.0,0.0,,1.0,0.0,0.0,0.0,0.0,0.0,0.0,0.0,0.0,,,,0.0,0.0,0.0,0.0,0.0,0.0,,0.0,0.0,,0.0,0.0,,0.0,
1265,Primeira Liga (PT),876971,Jónatas Xavier Zamith Oliveira Noro,Jónatas Noro,2005-07-09,13.3,1.25,1.35,1,1,0,3.0,3.0,3.0,100.0,0.0,0.0,4.78,2.2,2.0,2.0,2.0,100.0,0.0,0.0,,2.0,0.0,0.0,0.0,0.0,0.0,0.0,0.0,0.0,,,,0.0,0.0,0.0,0.0,0.0,0.0,,0.0,0.0,,0.0,0.0,,0.0,
1265,Primeira Liga (PT),876972,Yanis Franklin da Rocha,Yanis Rocha,2004-05-10,34.05,10.63,7.17,4,4,0,45.0,11.25,8.75,77.78,0.25,0.25,6.44,2.47,38.0,9.5,7.75,81.58,1.25,0.5,40.0,9.0,12.0,3.0,2.25,1.5,1.0,0.25,0.0,0.0,,75.0,66.67,0.0,0.25,0.0,0.0,0.75,0.75,100.0,1.5,0.0,0.0,1.5,0.5,33.33,0.0,0.0
1265,Primeira Liga (PT),877517,Oskar Pietuszewski,O. Pietuszewski,2008-05-20,55.7,15.04,13.42,16,15,1,306.0,20.4,9.73,47.71,3.27,0.4,10.68,2.61,221.0,14.73,7.33,49.77,2.27,1.2,52.94,11.67,131.0,8.73,3.73,4.93,1.87,2.2,1.87,0.8,42.86,42.75,37.84,0.73,0.73,0.6,2.13,1.07,0.2,18.75,3.33,0.53,16.0,5.47,0.67,12.2,0.73,13.41
1265,Primeira Liga (PT),878384,Yan Lincon Farias de Sousa,Yan Maranhão,2002-09-13,41.91,10.0,12.03,21,20,1,164.0,8.2,4.95,60.37,1.2,0.1,4.55,1.39,108.0,5.4,3.5,64.81,1.0,0.35,35.0,2.9,27.0,1.35,0.5,0.85,0.3,0.35,0.3,0.1,33.33,37.04,35.29,0.55,0.7,0.15,0.15,0.05,0.0,0.0,1.3,0.1,7.69,2.55,0.25,9.8,0.4,15.69
1265,Primeira Liga (PT),885727,Mateo Flores Lozano,Mateo Flores,2004-04-07,22.64,5.32,5.68,12,12,0,103.0,8.58,6.92,80.58,0.58,0.0,4.71,1.29,77.0,6.42,5.5,85.71,0.75,0.5,66.67,4.5,18.0,1.5,1.33,0.42,0.33,0.42,0.25,0.25,100.0,88.89,80.0,0.17,0.67,0.25,0.08,0.08,0.0,0.0,0.83,0.08,10.0,1.5,0.33,22.22,0.08,5.56
1265,Primeira Liga (PT),887879,Tiago Rafael Fernandes Leite,Tiago Leite,2000-07-31,20.2,4.39,6.42,9,9,0,42.0,4.67,2.44,52.38,1.0,0.0,5.47,1.47,29.0,3.22,1.67,51.72,0.67,0.11,16.67,2.11,11.0,1.22,0.56,1.11,0.44,0.44,0.44,0.11,25.0,45.45,40.0,0.22,0.67,0.56,0.0,0.11,0.0,0.0,0.89,0.22,25.0,1.78,0.22,12.5,0.56,31.25
1265,Primeira Liga (PT),889588,Vasco da Silva Moreira,Vasco Moreira,2001-05-07,31.27,6.63,8.78,15,15,0,161.0,10.73,8.4,78.26,1.0,0.0,3.34,1.07,94.0,6.27,5.2,82.98,0.6,0.53,88.89,5.27,21.0,1.4,1.0,0.6,0.4,0.0,0.0,0.0,,71.43,66.67,0.2,0.27,0.2,0.13,0.07,0.07,100.0,0.67,0.07,10.0,1.07,0.13,12.5,0.13,12.5
1265,Primeira Liga (PT),889594,Pedro Silva Rosas,Pedro Rosas,2000-11-28,77.51,12.67,24.57,9,9,0,146.0,16.22,9.67,59.59,1.33,0.0,3.1,0.88,72.0,8.0,4.67,58.33,1.0,0.22,22.22,6.67,17.0,1.89,0.89,1.44,0.67,0.44,0.33,0.11,33.33,47.06,46.15,0.0,1.0,0.56,0.11,0.0,0.0,,1.22,0.11,9.09,2.11,0.44,21.05,0.44,21.05
1265,Primeira Liga (PT),897136,Felipe De Almeida Lima,Felipe Lima,2006-04-17,12.27,2.6,3.58,6,6,0,14.0,2.33,0.83,35.71,0.17,0.0,9.27,2.42,7.0,1.17,0.17,14.29,0.33,0.0,0.0,1.17,5.0,0.83,0.17,0.67,0.17,0.17,0.17,0.17,100.0,20.0,25.0,0.17,0.33,0.0,0.17,0.0,0.0,,0.33,0.17,50.0,0.33,0.17,50.0,0.0,0.0
1265,Primeira Liga (PT),906340,Mohamed Bamba,M. Bamba,2004-10-08,27.8,4.66,6.52,4,4,0,28.0,7.0,5.0,71.43,0.25,0.0,2.46,0.82,12.0,3.0,2.25,75.0,0.25,0.0,0.0,1.25,2.0,0.5,0.5,0.25,0.25,0.0,0.0,0.0,,100.0,100.0,0.0,0.25,0.0,0.0,0.0,0.0,,0.25,0.0,0.0,0.25,0.0,0.0,0.0,0.0
1265,Primeira Liga (PT),913555,Mathis  Clairicia,M. Clairicia,2002-08-30,20.15,4.32,5.31,8,8,0,30.0,3.75,1.38,36.67,0.5,0.0,7.34,1.84,18.0,2.25,0.75,33.33,0.88,0.38,42.86,1.62,9.0,1.12,0.12,0.75,0.0,0.38,0.38,0.0,0.0,11.11,0.0,0.12,0.5,0.25,0.38,0.12,0.0,0.0,1.25,0.38,30.0,1.62,0.38,23.08,0.38,23.08
1265,Primeira Liga (PT),919240,Mohamed Yassir Zabiri,Y. Zabiri,2005-02-23,57.27,14.51,14.6,12,11,1,122.0,11.09,4.73,42.62,3.27,0.73,5.86,1.44,66.0,6.0,2.82,46.97,2.0,1.09,54.55,2.91,34.0,3.09,1.64,2.09,1.09,0.82,0.73,0.45,62.5,52.94,52.17,0.18,1.27,0.73,0.27,0.09,0.09,100.0,2.18,0.36,16.67,3.55,0.82,23.08,0.91,25.64
1265,Primeira Liga (PT),921645,Diogo Bezerra de Oliveira,Diogo Bezerra,2002-07-16,79.39,21.4,21.65,17,17,0,477.0,28.06,13.82,49.27,3.41,0.18,8.33,2.31,330.0,19.41,10.59,54.55,3.82,1.41,36.92,13.94,159.0,9.35,3.88,5.71,1.53,2.47,2.0,0.29,14.71,41.51,26.8,0.24,1.76,0.65,1.53,0.76,0.18,23.08,5.12,0.59,11.49,7.94,0.94,11.85,0.76,9.63
1265,Primeira Liga (PT),924806,Jimi Gower,J. Gower,2004-10-01,23.54,6.25,5.54,9,8,1,75.0,9.38,7.38,78.66,0.5,0.0,5.05,1.68,57.0,7.12,5.88,82.46,0.62,0.38,60.0,5.5,14.0,1.75,1.25,0.75,0.62,0.12,0.12,0.12,100.0,71.43,83.33,0.0,1.0,0.0,0.0,0.0,0.0,,1.0,0.25,25.0,1.88,0.25,13.33,0.0,0.0
1265,Primeira Liga (PT),938386,Alisson De Almeida Santos,Alisson Santos,2002-09-27,16.57,4.78,3.31,18,17,1,112.0,6.59,4.47,67.86,1.41,0.12,15.5,3.68,84.0,4.94,3.65,73.81,0.35,0.29,83.33,4.47,66.0,3.88,2.41,1.82,0.94,0.76,0.65,0.29,45.45,62.12,51.61,0.06,0.47,0.06,1.12,0.41,0.24,57.14,0.53,0.12,22.22,0.82,0.06,7.14,0.06,7.14
1265,Primeira Liga (PT),946750,Kevin Estiven Prieto Machado,K. Prieto,2003-06-27,38.24,7.24,10.2,11,11,0,130.0,11.82,6.91,58.46,0.55,0.0,5.72,1.8,59.0,5.36,3.45,64.41,0.64,0.27,42.86,4.55,35.0,3.18,1.82,1.64,1.09,0.64,0.45,0.27,60.0,57.14,66.67,0.0,0.82,0.0,0.36,0.09,0.09,100.0,1.0,0.0,0.0,1.45,0.18,12.5,0.0,0.0
1265,Primeira Liga (PT),959252,Salvador Blopa,Salvador Blopa,2007-06-13,19.19,5.78,3.77,3,3,0,47.0,15.67,11.67,74.47,0.67,0.33,4.38,1.76,37.0,12.33,9.33,75.68,0.33,0.0,0.0,12.0,9.0,3.0,2.0,1.67,0.67,0.67,0.67,0.0,0.0,66.67,40.0,0.0,1.33,0.33,0.33,0.0,0.0,,1.33,0.0,0.0,2.0,1.33,66.67,0.0,0.0
1265,Primeira Liga (PT),962563,Chiheb Labidi,C. Labidi,2001-06-01,64.89,13.75,17.16,28,26,2,592.0,22.77,16.12,70.78,1.85,0.12,4.78,1.41,369.0,14.19,10.88,76.69,1.08,0.5,46.43,11.12,126.0,4.85,3.38,1.65,0.77,0.73,0.31,0.08,25.0,69.84,46.51,0.62,1.08,0.04,0.23,0.23,0.12,50.0,1.46,0.15,10.53,2.38,0.42,17.74,0.42,17.74
1265,Primeira Liga (PT),969772,Gonzalo Pastor Sanchez,G. Pastor Sanchez,2006-03-20,25.41,5.76,6.47,2,2,0,16.0,8.0,5.0,62.5,0.5,0.0,8.16,2.28,7.0,3.5,3.0,85.71,0.5,0.5,100.0,2.0,6.0,3.0,1.5,2.5,1.0,0.5,0.5,0.5,100.0,50.0,40.0,0.0,0.5,0.0,0.0,0.0,0.0,,1.0,0.5,50.0,2.0,1.5,75.0,1.0,50.0
1265,Primeira Liga (PT),973088,Isaac James,I. James,2004-08-28,76.24,17.37,21.89,19,19,0,523.0,27.53,18.05,65.58,2.47,0.37,5.54,1.65,324.0,17.05,12.11,70.99,1.26,0.79,62.5,15.79,131.0,6.89,4.0,3.68,2.21,2.58,1.68,0.74,43.75,58.02,60.0,0.0,1.68,0.21,0.53,0.37,0.16,42.86,2.16,0.32,14.63,3.58,0.84,23.53,0.32,8.82
1265,Primeira Liga (PT),973654,Rafael Genuino Lobato,Rafael Lobato,2006-02-23,11.47,2.61,2.25,2,2,0,7.0,3.5,1.0,28.57,1.0,0.0,13.51,2.76,4.0,2.0,0.5,25.0,0.0,0.0,,1.5,4.0,2.0,1.0,1.0,0.0,0.5,0.5,0.0,0.0,50.0,0.0,0.0,0.5,0.0,0.5,1.0,0.5,50.0,0.0,0.0,,0.0,0.0,,0.0,
1265,Primeira Liga (PT),974582,Davy Jean Carl Kamon Gui Gui,Davy Gui,2006-06-15,28.55,6.36,7.82,27,27,0,317.0,11.74,8.52,72.55,0.81,0.11,5.56,1.58,221.0,8.19,6.37,77.83,0.44,0.22,50.0,6.67,62.0,2.3,1.59,1.15,0.56,0.3,0.22,0.04,16.67,69.36,48.39,0.41,0.63,0.04,0.37,0.19,0.07,40.0,0.85,0.15,17.39,1.26,0.3,23.53,0.15,11.76
1265,Primeira Liga (PT),975544,Thiago Balieiro Lourenço de Carvalho,Thiago Carvalho,2003-02-23,100.16,26.87,22.91,13,13,0,668.0,51.38,43.77,85.18,1.69,0.08,4.04,1.61,461.0,35.46,32.38,91.32,0.08,0.0,0.0,33.69,106.0,8.15,6.31,5.23,4.46,1.62,0.69,0.31,44.44,77.36,85.29,0.0,0.54,0.23,0.15,0.62,0.31,50.0,0.31,0.08,25.0,0.62,0.08,12.5,0.08,12.5
1265,Primeira Liga (PT),977121,Domingos José Gabriel Bandeira,Kaly,2003-11-27,91.29,16.75,26.56,12,11,1,192.0,17.45,11.36,65.1,0.55,0.09,5.54,1.77,84.0,7.64,6.0,78.57,0.09,0.0,0.0,7.09,40.0,3.64,2.27,0.64,0.36,0.91,0.27,0.18,66.67,62.5,57.14,0.09,0.0,0.09,0.18,0.18,0.0,0.0,0.09,0.0,0.0,0.45,0.0,0.0,0.0,0.0
1265,Primeira Liga (PT),978489,Gustavo Teixeira Lopes da Conceição,Gustavo Mancha,2004-07-25,98.25,26.06,27.32,14,14,0,788.0,56.29,46.64,82.87,1.14,0.07,4.42,1.74,527.0,37.64,32.93,87.48,0.43,0.14,33.33,35.79,125.0,8.93,7.5,5.07,4.43,0.5,0.07,0.07,100.0,84.0,87.32,0.07,0.07,0.0,0.0,0.57,0.43,75.0,0.71,0.07,10.0,0.93,0.21,23.08,0.0,0.0
1265,Primeira Liga (PT),979393,Gonzalo Calçada De Sa Sanchidrián,Gonzalo Calçada,2001-07-25,18.76,1.86,6.03,1,1,0,1.0,1.0,0.0,0.0,0.0,0.0,18.8,3.6,1.0,1.0,0.0,0.0,0.0,0.0,,1.0,1.0,1.0,0.0,1.0,0.0,0.0,0.0,0.0,,0.0,0.0,0.0,0.0,0.0,0.0,0.0,0.0,,0.0,0.0,,0.0,0.0,,0.0,
1265,Primeira Liga (PT),984933,Tiago Parreira Parente,Tiago Parente,2004-01-14,40.03,10.13,10.0,14,14,0,176.0,12.57,8.57,68.18,1.21,0.43,4.05,1.35,119.0,8.5,6.14,72.27,0.71,0.29,40.0,7.64,27.0,1.93,1.36,1.0,0.43,0.43,0.29,0.0,0.0,70.37,42.86,0.0,1.36,0.07,0.14,0.0,0.0,,1.14,0.0,0.0,1.79,0.43,24.0,0.14,8.0
1265,Primeira Liga (PT),994932,Sandro Miguel Rodrigues Vidigal,Sandro Vidigal,2007-07-28,20.33,6.96,3.65,4,4,0,28.0,7.0,4.5,64.29,0.5,0.0,10.07,3.05,23.0,5.75,3.75,65.22,0.5,0.5,100.0,5.0,12.0,3.0,1.5,2.5,1.25,0.25,0.25,0.0,0.0,50.0,50.0,0.0,0.0,0.25,0.5,0.25,0.0,0.0,0.5,0.25,50.0,1.5,0.75,50.0,0.25,16.67
1265,Primeira Liga (PT),994942,Luís Teixeira Pinto,Luís Pinto,2006-08-16,76.43,25.43,16.24,3,3,0,141.0,47.0,39.0,82.98,2.33,0.33,3.44,1.35,113.0,37.67,31.67,84.07,2.0,1.0,50.0,32.0,17.0,5.67,3.67,2.67,1.67,1.0,0.33,0.0,0.0,64.71,62.5,0.67,2.67,0.0,0.0,0.33,0.0,0.0,3.33,0.67,20.0,4.67,0.67,14.28,0.0,0.0
1265,Primeira Liga (PT),995276,Pedro Henrique Bezerra Carvalho,Pedro Careca,2004-11-12,36.95,11.47,9.6,3,3,0,55.0,18.33,12.67,69.09,0.67,0.0,3.14,1.03,43.0,14.33,10.67,74.42,1.33,0.67,50.0,12.0,7.0,2.33,1.0,1.33,0.67,0.33,0.33,0.0,0.0,42.86,50.0,0.0,1.33,0.33,0.0,0.0,0.0,,1.67,0.0,0.0,2.67,0.67,25.0,0.33,12.5
1265,Primeira Liga (PT),995927,Alisson Souza de Jesus,Alisson Jesus,2005-04-11,21.75,4.42,6.04,5,5,0,30.0,6.0,3.2,53.33,0.4,0.0,10.85,2.97,21.0,4.2,1.8,42.86,0.8,0.0,0.0,3.0,14.0,2.8,1.6,2.6,1.4,0.4,0.4,0.0,0.0,57.14,53.85,0.4,1.0,0.0,0.6,0.8,0.4,50.0,1.0,0.0,0.0,1.4,0.2,14.29,0.2,14.29
1265,Primeira Liga (PT),997771,Landerson Costa Araujo,Landerson,2006-12-12,50.26,12.72,13.89,29,27,2,480.0,17.78,11.26,63.33,1.52,0.11,8.96,2.58,333.0,12.33,8.33,67.57,1.26,0.56,44.12,9.7,192.0,7.11,4.78,4.11,2.63,0.81,0.67,0.26,38.89,67.19,63.96,0.33,1.3,0.33,0.56,0.56,0.3,53.33,1.96,0.37,18.87,3.22,0.67,20.69,0.26,8.05
1265,Primeira Liga (PT),997839,Afonso Assis Cunha Almeida,Afonso Assis,2006-07-15,50.96,14.42,13.48,18,17,1,460.0,27.06,23.0,85.0,0.76,0.18,3.47,1.44,331.0,19.47,17.47,89.73,0.47,0.24,50.0,15.65,54.0,3.18,2.94,1.24,1.12,0.12,0.0,0.0,,92.59,90.48,0.29,0.35,0.0,0.0,0.06,0.06,100.0,1.29,0.18,13.64,2.12,0.53,25.0,0.12,5.56
1265,Primeira Liga (PT),997845,Alexandre Mussolo Sola,A. Mussolo Sola,2003-12-14,48.28,10.64,13.61,15,15,0,244.0,16.27,12.8,78.69,0.2,0.0,4.8,1.6,154.0,10.27,9.07,88.31,0.33,0.2,60.0,8.0,45.0,3.0,2.47,0.93,0.67,0.6,0.27,0.13,50.0,82.22,71.43,0.4,0.6,0.0,0.07,0.0,0.0,,1.07,0.07,6.25,1.53,0.33,21.74,0.0,0.0
1265,Primeira Liga (PT),1002389,Bernardo Lima,B. Lima,2008-03-26,14.4,2.78,3.74,1,1,0,1.0,1.0,1.0,100.0,0.0,0.0,0.0,0.0,0.0,0.0,0.0,,0.0,0.0,,0.0,0.0,0.0,0.0,0.0,0.0,0.0,0.0,0.0,,,,0.0,0.0,0.0,0.0,0.0,0.0,,0.0,0.0,,0.0,0.0,,0.0,
1265,Primeira Liga (PT),1003578,Otávio Manoel Galdino Fernandes,Otávio,2005-11-25,66.07,15.87,18.26,21,20,1,517.0,25.85,19.55,75.63,0.75,0.1,5.79,1.93,336.0,16.8,13.4,79.76,0.4,0.2,50.0,15.85,131.0,6.55,4.2,3.4,2.15,1.1,0.8,0.25,31.25,64.12,63.23,0.0,0.7,0.05,0.15,0.7,0.3,42.86,0.6,0.1,16.67,1.2,0.55,45.83,0.0,0.0
1265,Primeira Liga (PT),1003590,Henrique Fernandes da Silva,Henrique Silva,2005-10-17,87.77,21.53,20.23,13,12,1,544.0,45.33,36.08,79.6,1.25,0.0,4.05,1.77,339.0,28.25,23.5,83.19,0.08,0.0,0.0,27.25,81.0,6.75,4.83,3.5,2.17,0.25,0.0,0.0,,71.61,61.9,0.0,0.17,0.0,0.0,0.58,0.17,28.57,0.08,0.0,0.0,0.17,0.0,0.0,0.08,50.0
1265,Primeira Liga (PT),1004603,Renato Sam Na Nhaga,Renato Nhaga,2007-03-27,70.97,15.19,17.45,18,18,0,483.0,26.83,18.67,69.57,1.56,0.17,5.49,1.68,269.0,14.94,11.33,75.84,1.17,0.44,38.09,11.67,108.0,6.0,4.44,2.94,2.06,0.89,0.67,0.39,58.33,74.07,69.81,0.72,1.67,0.06,0.28,0.28,0.22,80.0,1.67,0.17,10.0,3.44,0.94,27.42,0.28,8.06
1265,Primeira Liga (PT),1008882,Rodrigo Prata Deusdado Rodrigues,Rodrigo Rodrigues,2007-06-12,15.51,2.84,1.76,4,3,1,15.0,5.0,3.33,66.67,0.67,0.0,6.42,1.79,10.0,3.33,2.0,60.0,0.33,0.33,100.0,3.0,4.0,1.33,0.67,1.33,0.67,0.67,0.67,0.33,50.0,50.0,50.0,0.0,0.67,0.33,0.33,0.33,0.0,0.0,0.67,0.0,0.0,1.0,0.0,0.0,0.33,33.33
1265,Primeira Liga (PT),1008931,José Luís Rocha Tavares,José Tavares,2003-06-02,43.97,10.72,10.35,25,25,0,450.0,18.0,13.52,75.11,1.24,0.16,4.47,1.54,289.0,11.56,9.28,80.28,0.88,0.36,40.91,8.76,82.0,3.28,2.24,1.6,0.96,0.56,0.36,0.16,44.44,68.29,60.0,0.4,1.28,0.08,0.12,0.24,0.0,0.0,1.44,0.16,11.11,2.28,0.6,26.32,0.2,8.77
1265,Primeira Liga (PT),1008966,Tiago Gonçalves Silva,Tiago Silva,2007-07-10,27.28,9.7,4.07,1,1,0,27.0,27.0,25.0,92.59,2.0,0.0,3.88,1.43,20.0,20.0,19.0,95.0,0.0,0.0,,17.0,4.0,4.0,4.0,0.0,0.0,0.0,0.0,0.0,,100.0,,3.0,3.0,0.0,0.0,0.0,0.0,,0.0,0.0,,0.0,0.0,,0.0,
1265,Primeira Liga (PT),1021359,João Oliveira Afonso,João Afonso,2007-04-30,98.22,21.98,27.71,2,2,0,33.0,16.5,9.0,54.54,0.0,0.0,4.24,4.21,15.0,7.5,5.0,66.67,0.5,0.5,100.0,6.0,4.0,2.0,1.5,1.0,1.0,0.0,0.0,0.0,,75.0,100.0,0.0,0.0,0.0,0.0,0.0,0.0,,1.0,0.0,0.0,1.0,0.5,50.0,0.0,0.0
1265,Primeira Liga (PT),1022354,Edson Joelder Lobo Mucuana,E. Mucuana,2003-12-12,82.2,20.64,25.58,1,1,0,42.0,42.0,32.0,76.19,2.0,0.0,4.05,1.54,30.0,30.0,25.0,83.33,0.0,0.0,,27.0,7.0,7.0,5.0,4.0,3.0,0.0,0.0,0.0,,71.43,75.0,0.0,3.0,0.0,0.0,0.0,0.0,,1.0,0.0,0.0,1.0,0.0,0.0,0.0,0.0
1265,Primeira Liga (PT),1022520,Umar Abubakar,U. Abubakar,2006-02-15,25.23,6.51,5.46,22,22,0,101.0,4.59,1.59,34.65,1.32,0.18,4.83,1.38,54.0,2.45,0.86,35.19,0.91,0.18,20.0,0.77,23.0,1.05,0.45,0.73,0.18,0.18,0.18,0.0,0.0,43.48,25.0,0.14,0.09,0.32,0.27,0.0,0.0,,1.09,0.09,8.33,1.73,0.41,23.68,0.27,15.79
1265,Primeira Liga (PT),1022911,Flavio Ferreira Gonçalves Gonçalves,Flavio Gonçalves,2007-05-30,10.46,2.56,2.37,3,3,0,8.0,2.67,1.67,62.5,0.0,0.0,7.83,2.13,5.0,1.67,1.0,60.0,0.33,0.0,0.0,1.33,5.0,1.67,1.0,1.0,0.67,0.0,0.0,0.0,,60.0,66.67,0.0,0.0,0.0,0.0,0.33,0.33,100.0,0.33,0.0,0.0,0.33,0.0,0.0,0.0,0.0
1265,Primeira Liga (PT),1023147,João Moisés Gastão,J. Gastão,2006-07-22,44.6,8.72,10.51,8,7,1,35.0,5.0,2.43,48.57,1.57,0.0,7.48,1.63,20.0,2.86,1.14,40.0,1.0,0.29,28.57,1.29,13.0,1.86,0.86,1.14,0.14,0.57,0.57,0.0,0.0,46.15,12.5,0.14,0.14,0.43,0.14,0.14,0.0,0.0,1.0,0.14,14.29,1.57,0.71,45.45,0.0,0.0
1265,Primeira Liga (PT),1023719,Gonçalo  Maia Pereira,Gonçalo Maia,2005-11-30,7.35,1.5,2.12,2,2,0,4.0,2.0,0.5,25.0,0.0,0.0,1.67,0.6,2.0,1.0,0.5,50.0,0.0,0.0,,1.0,0.0,0.0,0.0,0.0,0.0,0.0,0.0,0.0,,,,0.0,0.0,0.0,0.0,0.0,0.0,,0.0,0.0,,0.0,0.0,,0.0,
1265,Primeira Liga (PT),1024233,André Alexandre Mendes Miranda,André Miranda,2007-09-25,15.88,4.25,1.68,1,1,0,5.0,5.0,4.0,80.0,0.0,0.0,6.65,2.34,4.0,4.0,4.0,100.0,2.0,2.0,100.0,1.0,1.0,1.0,1.0,1.0,1.0,0.0,0.0,0.0,,100.0,100.0,0.0,0.0,0.0,0.0,0.0,0.0,,3.0,1.0,33.33,3.0,1.0,33.33,1.0,33.33
1265,Primeira Liga (PT),1025116,João Miguel Costa Nogueira,Miguel Nogueira,2005-02-27,53.75,14.41,12.59,16,16,0,252.0,15.75,10.25,65.08,2.06,0.12,7.38,2.22,167.0,10.44,7.69,73.65,2.06,1.5,72.73,7.44,75.0,4.69,3.25,2.62,1.56,0.81,0.75,0.38,50.0,69.33,59.52,0.62,1.19,0.19,0.31,0.31,0.25,80.0,2.94,0.56,19.15,4.12,0.75,18.18,0.62,15.15
1265,Primeira Liga (PT),1027293,André Tiago Ramos das Neves,Peixinho,2004-05-23,23.29,6.92,5.78,11,11,0,131.0,11.91,7.36,61.83,1.91,0.09,8.4,2.48,97.0,8.82,5.73,64.95,1.27,0.36,28.57,7.64,60.0,5.45,3.73,2.0,1.09,0.73,0.27,0.27,100.0,68.33,54.55,0.09,0.91,0.18,0.64,0.64,0.18,28.57,1.36,0.18,13.33,1.55,0.36,23.53,0.36,23.53
1265,Primeira Liga (PT),1028213,Ricardo Joaquim Ferreira Rocha,Ricardo Rocha,2003-09-07,47.02,13.41,7.33,2,2,0,46.0,23.0,19.5,84.79,1.5,0.0,3.86,1.48,33.0,16.5,13.5,81.82,0.0,0.0,,15.5,7.0,3.5,3.0,3.0,2.5,0.5,0.5,0.0,0.0,85.71,83.33,0.5,0.5,0.0,0.5,0.0,0.0,,0.0,0.0,,1.0,0.0,0.0,0.0,0.0
1265,Primeira Liga (PT),1028214,Noah Jose  Saviolo,Noah Saviolo,2004-03-07,70.62,18.58,16.3,30,29,1,655.0,22.59,12.38,54.81,2.38,0.28,9.73,2.66,461.0,15.9,8.9,55.97,2.41,0.76,31.43,11.97,278.0,9.59,4.45,6.28,2.72,2.03,1.62,0.55,34.04,46.4,43.41,0.21,1.03,0.31,1.86,1.0,0.21,20.69,3.17,0.55,17.39,5.28,1.03,19.61,0.55,10.46
1265,Primeira Liga (PT),1029517,Zakaria Kessary,Z. Kessary,,8.27,2.42,1.34,3,3,0,12.0,4.0,3.67,91.67,0.67,0.0,2.98,1.17,11.0,3.67,3.33,90.91,0.33,0.33,100.0,3.0,1.0,0.33,0.33,0.33,0.33,0.0,0.0,0.0,,100.0,100.0,0.0,0.33,0.0,0.0,0.0,0.0,,0.33,0.0,0.0,1.33,0.67,50.0,0.67,50.0
1265,Primeira Liga (PT),1032058,Fodé Carlos Gaspar Pascoal,Fodé Pascoal,2004-12-26,12.4,5.18,3.75,1,1,0,12.0,12.0,11.0,91.67,0.0,0.0,3.95,1.69,8.0,8.0,8.0,100.0,0.0,0.0,,8.0,1.0,1.0,1.0,0.0,0.0,0.0,0.0,0.0,,100.0,,0.0,0.0,0.0,0.0,0.0,0.0,,0.0,0.0,,0.0,0.0,,0.0,
1265,Primeira Liga (PT),1032844,Kauan de Souza Gomes,Kauan,2005-04-26,13.2,3.12,3.76,4,4,0,13.0,3.25,2.0,61.54,0.75,0.0,7.91,2.22,7.0,1.75,0.75,42.86,0.25,0.0,0.0,1.5,3.0,0.75,0.5,0.25,0.25,0.0,0.0,0.0,,66.67,100.0,0.0,0.25,0.0,0.0,0.0,0.0,,0.25,0.0,0.0,0.25,0.0,0.0,0.0,0.0
1265,Primeira Liga (PT),1033808,Martim Costa Guedes,Zeega,2008-11-05,26.96,8.7,2.6,2,2,0,21.0,10.5,7.5,71.43,2.0,0.0,7.66,2.0,15.0,7.5,4.5,60.0,0.5,0.0,0.0,5.0,5.0,2.5,1.5,1.0,0.5,0.5,0.0,0.0,,60.0,50.0,0.0,2.0,0.5,0.5,0.0,0.0,,1.0,0.0,0.0,1.5,0.5,33.33,0.0,0.0
1265,Primeira Liga (PT),1036218,Deivison Souza Brito,Deivison,2006-05-04,31.97,6.56,8.8,4,4,0,33.0,8.25,5.0,60.61,0.25,0.0,4.94,1.42,15.0,3.75,3.0,80.0,0.25,0.0,0.0,3.0,8.0,2.0,1.25,0.5,0.0,0.5,0.25,0.0,0.0,62.5,0.0,0.0,0.75,0.0,0.0,0.75,0.5,66.67,0.5,0.0,0.0,0.5,0.0,0.0,0.0,0.0
1265,Primeira Liga (PT),1037678,António Gil Lourenço Oliveira Valério Branco,António Gil,2008-01-08,18.08,2.75,2.07,1,1,0,1.0,1.0,1.0,100.0,0.0,0.0,0.37,0.7,1.0,1.0,1.0,100.0,0.0,0.0,,2.0,0.0,0.0,0.0,0.0,0.0,0.0,0.0,0.0,,,,0.0,0.0,0.0,0.0,0.0,0.0,,0.0,0.0,,0.0,0.0,,0.0,
1265,Primeira Liga (PT),1037788,Rudi Daniel Silva Almeida,Rudi Almeida,2005-03-19,13.88,2.71,3.85,2,2,0,4.0,2.0,1.0,50.0,0.0,0.0,7.71,2.3,4.0,2.0,1.0,50.0,0.0,0.0,,1.5,1.0,0.5,0.5,0.0,0.0,0.0,0.0,0.0,,100.0,,0.0,0.5,0.0,0.0,0.0,0.0,,0.0,0.0,,0.0,0.0,,0.0,
1265,Primeira Liga (PT),1038260,Miguel Andrade Silva,Miguel Silva,2007-12-17,7.73,1.53,2.34,1,1,0,6.0,6.0,6.0,100.0,0.0,0.0,4.56,1.65,5.0,5.0,5.0,100.0,0.0,0.0,,4.0,2.0,2.0,2.0,0.0,0.0,0.0,0.0,0.0,,100.0,,0.0,0.0,0.0,0.0,0.0,0.0,,0.0,0.0,,0.0,0.0,,0.0,
1265,Primeira Liga (PT),1038373,Henrique Franco Torcato,Henrique Torcato,2007-11-23,88.43,17.72,29.12,1,1,0,24.0,24.0,15.0,62.5,1.0,0.0,4.02,1.18,18.0,18.0,11.0,61.11,5.0,3.0,60.0,12.0,3.0,3.0,2.0,2.0,1.0,1.0,0.0,0.0,,66.67,50.0,2.0,0.0,2.0,0.0,0.0,0.0,,5.0,1.0,20.0,9.0,0.0,0.0,1.0,11.11
1265,Primeira Liga (PT),1039641,Gabriel  Souza,G. Souza,,35.43,7.06,7.02,1,1,0,5.0,5.0,3.0,60.0,1.0,0.0,6.63,1.7,3.0,3.0,2.0,66.67,0.0,0.0,,2.0,2.0,2.0,1.0,1.0,0.0,1.0,1.0,0.0,0.0,50.0,0.0,0.0,0.0,0.0,0.0,0.0,0.0,,1.0,0.0,0.0,1.0,0.0,0.0,0.0,0.0
1265,Primeira Liga (PT),1041591,Eddy Doué,E. Doué,2005-12-11,63.05,15.1,17.31,13,13,0,361.0,27.77,21.85,78.67,1.69,0.08,5.33,1.58,233.0,17.92,14.85,82.83,1.15,0.62,53.33,12.77,77.0,5.92,4.31,2.23,1.31,1.08,0.62,0.08,12.5,72.73,58.62,0.54,1.46,0.23,0.62,0.23,0.15,66.67,2.0,0.23,11.54,3.38,0.54,15.91,0.31,9.09
1265,Primeira Liga (PT),1067667,Francisco Lagos dias,F. Lagos dias,2002-10-23,99.94,31.96,14.16,2,2,0,109.0,54.5,40.0,73.39,0.5,0.0,3.8,1.38,77.0,38.5,28.5,74.02,2.0,0.0,0.0,32.5,17.0,8.5,7.0,6.0,4.5,1.0,1.0,1.0,100.0,82.35,75.0,0.0,2.0,0.0,0.0,0.5,0.5,100.0,3.0,0.5,16.66,4.5,0.0,0.0,0.0,0.0
1265,Primeira Liga (PT),1067723,Abdu Dafe,A. Dafe,2008-06-10,2.42,0.36,0.86,1,1,0,0.0,0.0,0.0,,0.0,0.0,,,0.0,0.0,0.0,,0.0,0.0,,0.0,0.0,0.0,0.0,0.0,0.0,0.0,0.0,0.0,,,,0.0,0.0,0.0,0.0,0.0,0.0,,0.0,0.0,,0.0,0.0,,0.0,
