competition_edition,league,player_id,player_name,player_short_name,player_birthdate,minutes,minutes_tip,minutes_otip,performance_count,performance_included_count,performance_failed_count,passopportunity_count_total,passopportunity_count,pass_count_goalwithin10s,pass_count_shotwithin10s,pass_count_attempted_total,pass_count_attempted,pass_count_completed,pass_pct_completed,pass_avgxpass_attempted,pass_avgdistance,pass_count_longrange_attempted,pass_count_onetouch_attempted,pass_count_quickpass_attempted,pass_count_onetouch_dangerous_attempted,pass_count_quickpass_dangerous_attempted,passopportunity_count_linebreak,pass_count_linebreak_attempted,pass_count_linebreak_completed,passopportunity_count_torun,pass_count_torun_attempted,pass_count_torun_completed,pass_pct_torun_completed,pass_avgxpass_torun_attempted,pass_count_torun_shotwithin10s,pass_count_torun_goalwithin10s,passopportunity_count_dangerous,pass_count_dangerous_attempted,pass_pct_dangerous_completed,pass_count_dangerous_completed,pass_count_difficultpass_attempted
1207,Liga I (RO),78,Alexandru Chipciu,A. Chipciu,1989-05-18,90.27,25.13,23.81,33,31,2,4088.0,131.87,0.23,1.87,1343.0,43.32,35.16,81.16,82.63,17.1,3.03,11.71,7.68,0.61,0.35,29.35,9.26,6.81,32.9,11.16,8.87,79.48,75.4,0.9,0.13,16.16,3.81,54.24,2.06,9.68
1207,Liga I (RO),2049,Cristian Manea,C. Manea,1997-08-09,65.22,17.83,16.52,21,20,1,1413.0,70.65,0.15,1.4,553.0,27.65,21.45,77.58,80.85,14.09,0.95,6.6,7.1,0.65,0.3,14.7,5.25,3.95,20.5,8.75,6.55,74.86,74.3,0.7,0.1,9.8,2.85,33.33,0.95,7.0
1207,Liga I (RO),2149,Damjan Djoković,D. Djoković,1990-04-18,73.12,17.65,21.03,29,29,0,2313.0,79.76,0.03,0.79,873.0,30.1,25.28,83.96,86.89,17.06,2.1,10.79,6.34,0.28,0.28,12.93,3.45,2.72,9.31,3.52,2.86,81.37,80.88,0.14,0.03,4.69,1.17,41.18,0.48,4.48
1207,Liga I (RO),2153,Dan Nistor,D. Nistor,1988-05-06,63.2,19.03,15.02,28,27,1,2658.0,98.44,0.41,1.85,889.0,32.93,28.19,85.6,85.62,15.53,2.33,11.89,7.67,1.11,0.78,10.37,2.15,1.52,19.37,6.96,5.41,77.66,71.88,0.93,0.3,16.81,4.3,56.9,2.44,4.63
1207,Liga I (RO),2609,Denis Alibec,D. Alibec,1991-01-05,64.03,19.28,15.39,19,18,1,1082.0,60.11,0.11,1.94,290.0,16.11,11.44,71.03,71.58,16.39,1.28,5.0,2.67,1.83,1.0,4.78,1.72,1.06,22.72,6.72,5.0,74.38,66.46,1.33,0.06,21.28,6.44,61.21,3.94,6.22
1207,Liga I (RO),3514,Florin Bejan,F. Bejan,1991-03-28,62.13,12.63,21.68,11,10,1,434.0,43.4,0.0,0.0,160.0,16.0,12.5,78.12,82.82,19.29,1.3,4.9,2.6,0.0,0.0,10.8,4.0,3.0,4.3,1.6,1.4,87.5,83.8,0.0,0.0,1.3,0.5,40.0,0.2,3.6
1207,Liga I (RO),3830,George Pușcaș,G. Pușcaș,1996-04-08,58.07,14.99,14.2,7,7,0,225.0,32.14,0.0,0.57,54.0,7.71,6.29,81.48,79.2,12.11,0.29,2.71,0.57,0.43,0.14,0.57,0.0,0.0,12.71,3.71,3.29,88.46,72.89,0.71,0.0,6.57,1.29,66.67,0.86,1.86
1207,Liga I (RO),3836,Georgi Milanov,G. Milanov,1992-02-19,33.47,9.69,7.33,32,31,1,1610.0,51.94,0.13,0.74,526.0,16.97,14.52,85.55,87.85,14.26,0.55,3.81,4.32,0.42,0.19,7.26,1.35,0.94,9.1,2.97,2.16,72.83,76.66,0.26,0.06,5.65,1.32,51.22,0.68,2.35
1207,Liga I (RO),3876,Gheorghe Grozav,G. Grozav,1990-09-29,81.62,20.28,21.63,37,35,2,2072.0,59.2,0.06,1.57,685.0,19.57,14.94,76.35,77.5,14.07,1.0,7.06,3.2,1.31,0.63,5.09,1.91,1.51,18.49,6.86,5.06,73.75,70.45,0.89,0.06,14.97,4.14,53.1,2.2,5.34
1207,Liga I (RO),4491,Islam Slimani,I. Slimani,1988-06-18,40.02,10.18,10.33,13,13,0,363.0,27.92,0.08,1.23,134.0,10.31,7.85,76.12,79.02,14.18,0.46,4.54,1.85,0.77,0.23,1.38,0.38,0.23,10.23,4.08,2.77,67.93,75.23,0.62,0.0,9.0,2.46,59.38,1.46,2.31
1207,Liga I (RO),6012,Kurt Zouma,K. Zouma,1994-10-27,41.61,9.77,9.07,3,3,0,130.0,43.33,0.0,0.0,59.0,19.67,18.33,93.22,98.09,20.57,1.67,3.0,3.33,0.0,0.0,5.67,1.33,1.0,6.67,2.67,2.33,87.5,95.05,0.0,0.0,0.0,0.0,,0.0,0.0
1207,Liga I (RO),6063,László Kleinheisler,L. Kleinheisler,1994-04-08,66.73,16.93,20.12,8,8,0,524.0,65.5,0.12,2.25,159.0,19.88,17.12,86.17,84.62,15.63,0.88,4.0,3.5,0.5,0.5,6.88,1.5,1.12,17.62,6.0,4.88,81.25,79.15,1.12,0.12,15.38,3.75,70.0,2.62,3.5
1207,Liga I (RO),6848,Marcus Coco,M. Coco,1996-06-24,79.33,22.71,19.76,8,8,0,1047.0,130.88,0.0,0.88,365.0,45.62,37.25,81.64,83.79,15.48,2.38,9.88,9.88,0.62,0.5,28.62,9.75,7.25,26.5,9.25,6.62,71.62,75.25,0.12,0.0,9.5,3.0,25.0,0.75,10.0
1207,Liga I (RO),7584,Mihai Roman,M. Roman,1992-05-31,24.7,6.35,4.63,1,1,0,32.0,32.0,0.0,0.0,8.0,8.0,4.0,50.0,73.12,15.89,1.0,2.0,1.0,0.0,0.0,2.0,0.0,0.0,9.0,2.0,1.0,50.0,60.78,0.0,0.0,8.0,2.0,50.0,1.0,3.0
1207,Liga I (RO),8475,Paul Papp,P. Papp,1989-11-11,89.46,22.07,24.31,34,32,2,3202.0,100.06,0.03,0.75,1189.0,37.16,30.28,81.5,85.71,19.88,3.88,8.72,3.75,0.16,0.16,31.41,9.44,6.06,14.69,6.06,4.91,80.93,80.25,0.25,0.0,3.81,1.16,45.95,0.53,6.97
1207,Liga I (RO),8582,Pedro Nuno Fernandes Ferreira,Pedro Nuno,1995-01-13,71.82,19.35,16.19,21,19,2,1845.0,97.11,0.16,1.63,553.0,29.11,24.11,82.82,83.55,15.52,1.79,8.95,7.42,0.95,1.11,12.42,2.95,1.95,20.47,6.53,4.79,73.39,75.11,0.42,0.16,17.37,4.11,50.0,2.05,5.32
1207,Liga I (RO),10140,Stipe Perica,S. Perica,1995-07-07,33.82,9.65,7.27,15,14,1,199.0,14.21,0.14,0.71,63.0,4.5,3.36,74.6,74.95,11.07,0.07,1.29,1.29,0.21,0.36,0.29,0.07,0.07,5.14,2.0,1.29,64.29,70.74,0.57,0.07,5.86,1.86,65.38,1.21,1.64
1207,Liga I (RO),10756,Vlad Iulian  Chiricheș,V. Chiricheș,1989-11-14,47.1,14.19,9.87,12,12,0,939.0,78.25,0.0,0.67,307.0,25.58,22.5,87.95,90.56,17.3,2.08,7.42,4.67,0.58,0.17,16.83,4.58,3.5,9.92,4.75,4.0,84.21,86.55,0.08,0.0,6.17,1.33,68.75,0.92,2.25
1207,Liga I (RO),11177,Ionuț Larie,I. Larie,1987-01-16,96.43,27.37,23.39,34,32,2,4922.0,153.81,0.03,1.25,1787.0,55.84,48.31,86.51,89.5,22.15,8.88,10.62,10.19,0.12,0.06,45.88,14.03,10.19,18.84,8.16,7.19,88.12,84.21,0.5,0.03,3.09,0.72,56.52,0.41,7.25
1207,Liga I (RO),11179,Ovidiu Popescu,O. Popescu,1994-02-27,54.65,12.8,15.94,14,14,0,961.0,68.64,0.0,1.43,324.0,23.14,19.93,86.11,87.24,17.18,1.79,5.86,4.64,0.14,0.14,11.71,4.5,3.57,8.71,4.0,3.29,82.14,82.72,0.5,0.0,3.79,1.07,60.0,0.64,3.43
1207,Liga I (RO),11181,Florin Tănase,F. Tănase,1994-12-30,94.86,28.26,20.24,36,35,1,5514.0,157.54,0.43,4.8,1555.0,44.43,36.94,83.15,81.59,14.21,1.71,11.17,6.89,1.26,1.31,23.4,6.69,5.09,35.89,13.46,10.66,79.19,73.46,1.86,0.26,31.69,8.63,69.87,6.03,9.2
1207,Liga I (RO),11229,Jordan Ikoko,J. Ikoko,1994-02-03,51.23,16.57,10.64,21,20,1,1121.0,56.05,0.0,0.95,407.0,20.35,18.3,89.93,86.41,13.94,1.2,4.05,5.2,0.45,0.35,9.15,2.45,2.15,17.35,6.25,5.4,86.4,78.71,0.6,0.0,6.85,2.15,48.84,1.05,3.15
1207,Liga I (RO),12208,Eddy Gnahoré,E. Gnahoré,1993-11-14,94.38,28.86,20.97,38,36,2,7879.0,218.86,0.19,2.22,2159.0,59.97,56.08,93.52,92.74,15.44,2.53,9.42,8.75,0.61,0.31,42.86,8.92,7.94,24.31,7.08,6.08,85.88,86.35,0.47,0.11,13.31,2.28,63.41,1.44,3.64
1207,Liga I (RO),12638,Antoine Baroan,A. Baroan,2000-06-24,40.73,10.73,10.55,13,13,0,295.0,22.69,0.08,0.92,88.0,6.77,5.0,73.86,76.8,11.9,0.38,2.85,1.54,0.46,0.46,0.62,0.31,0.23,5.54,2.23,1.38,62.07,68.07,0.62,0.08,5.77,1.77,60.87,1.08,2.0
1207,Liga I (RO),12933,Boban Nikolov,B. Nikolov,1994-07-28,38.9,11.86,9.08,5,5,0,234.0,46.8,0.0,0.2,87.0,17.4,15.6,89.65,91.19,19.48,1.2,4.6,2.0,0.4,0.2,8.4,2.0,1.6,5.0,3.0,3.0,100.0,85.21,0.2,0.0,4.4,1.2,83.33,1.0,1.8
1207,Liga I (RO),13046,Luka Zahovič,L. Zahovič,1995-11-15,33.65,7.66,9.77,13,13,0,278.0,21.38,0.0,0.54,93.0,7.15,5.46,76.35,79.15,12.36,0.31,2.69,1.23,0.23,0.08,0.62,0.23,0.15,7.15,2.69,1.85,68.57,68.4,0.23,0.0,4.23,1.31,52.94,0.69,1.92
1207,Liga I (RO),13054,Alin Toșca,A. Toșca,1992-03-14,60.05,14.64,19.01,1,1,0,77.0,77.0,0.0,0.0,27.0,27.0,23.0,85.19,85.76,17.49,2.0,9.0,8.0,0.0,0.0,25.0,7.0,5.0,8.0,2.0,2.0,100.0,97.84,0.0,0.0,0.0,0.0,,0.0,4.0
1207,Liga I (RO),13056,Tudor Băluţă,T. Băluţă,1999-03-27,69.14,20.71,15.08,31,31,0,2968.0,95.74,0.19,1.52,976.0,31.48,26.52,84.22,86.23,16.86,2.42,11.97,6.61,0.61,0.35,16.74,5.16,3.77,11.29,4.77,3.45,72.3,72.41,0.48,0.03,9.23,2.58,53.75,1.39,5.0
1207,Liga I (RO),13061,Romario Benzar,R. Benzar,1992-03-26,82.36,18.23,18.47,2,2,0,121.0,60.5,0.5,1.0,42.0,21.0,14.0,66.67,70.6,16.77,2.0,5.5,5.5,0.0,0.5,15.0,3.5,1.5,14.0,5.5,3.0,54.55,56.12,0.5,0.0,11.5,4.0,37.5,1.5,9.5
1207,Liga I (RO),13063,Nicușor Bancu,N. Bancu,1992-09-18,82.74,24.44,19.11,30,30,0,3481.0,116.03,0.17,2.93,1194.0,39.8,31.6,79.4,79.11,15.25,2.5,10.6,8.8,1.6,1.37,18.13,4.97,3.63,35.3,12.8,8.83,69.01,66.38,1.67,0.03,25.53,6.83,50.24,3.43,10.43
1207,Liga I (RO),13125,Lucas Pellegrini,L. Pellegrini,2000-04-17,67.8,16.21,18.68,15,13,2,852.0,65.54,0.0,0.31,288.0,22.15,16.0,72.22,81.69,18.08,1.54,3.69,5.23,0.23,0.15,16.23,5.38,3.23,12.08,4.62,3.46,75.0,72.97,0.08,0.0,4.15,1.38,33.33,0.46,5.69
1207,Liga I (RO),13287,Jérôme Junior Onguéné,J. Onguéné,1997-12-22,46.21,10.11,12.81,3,3,0,87.0,29.0,0.0,0.33,39.0,13.0,12.0,92.31,89.49,14.24,0.33,5.0,1.33,0.0,0.0,8.67,3.0,2.67,3.67,1.67,1.33,80.0,90.95,0.0,0.0,0.0,0.0,,0.0,0.67
1207,Liga I (RO),13315,Andrei Ivan,A. Ivan,1997-01-04,53.8,14.23,11.6,2,2,0,57.0,28.5,0.0,0.5,17.0,8.5,6.5,76.47,71.35,13.91,0.5,3.0,3.5,0.0,1.0,0.0,0.0,0.0,11.0,3.5,3.5,100.0,70.95,0.5,0.0,7.0,1.5,66.67,1.0,4.0
1207,Liga I (RO),13407,Edvinas Gertmonas,E. Gertmonas,1996-06-01,96.61,27.8,25.56,22,21,1,1249.0,59.48,0.0,0.1,433.0,20.62,16.43,79.68,86.98,24.73,3.9,6.38,1.81,0.0,0.0,18.38,4.9,2.57,13.1,4.62,4.52,97.94,95.76,0.0,0.0,0.0,0.0,,0.0,2.14
1207,Liga I (RO),13626,Jakub Hromada,J. Hromada,1996-05-25,46.93,12.89,11.52,23,23,0,898.0,39.04,0.04,0.91,326.0,14.17,12.09,85.28,87.64,14.56,0.7,5.74,3.09,0.22,0.09,4.39,1.43,1.09,4.52,1.91,1.57,81.82,74.22,0.3,0.0,2.91,0.78,66.67,0.52,2.0
1207,Liga I (RO),13835,Adrian Păun,A. Păun,1995-04-01,42.65,10.46,10.92,30,30,0,1242.0,41.4,0.23,1.3,365.0,12.17,10.5,86.3,84.13,14.08,0.67,2.8,2.73,0.4,0.47,3.13,0.73,0.67,12.57,3.97,3.17,79.83,77.23,0.77,0.13,11.2,2.4,73.61,1.77,2.23
1207,Liga I (RO),13837,Ciprian Deac,C. Deac,1986-02-16,31.48,8.46,7.86,8,8,0,207.0,25.88,0.0,0.38,78.0,9.75,7.25,74.36,75.75,12.84,0.0,4.62,2.75,0.88,0.62,1.75,1.0,0.5,8.88,3.75,2.88,76.66,65.07,0.25,0.0,5.12,2.0,43.75,0.88,3.0
1207,Liga I (RO),13839,Valentin Costache,V. Costache,1998-08-02,85.07,21.15,23.73,25,25,0,1758.0,70.32,0.12,2.32,533.0,21.32,14.84,69.61,71.87,14.41,0.72,6.04,3.12,0.92,0.68,4.32,1.56,0.92,26.4,8.48,5.92,69.81,66.99,1.28,0.04,21.56,5.84,56.85,3.32,8.08
1207,Liga I (RO),13846,Mihai Bordeianu,M. Bordeianu,1991-11-18,65.4,16.35,14.87,28,27,1,2753.0,101.96,0.07,1.63,835.0,30.93,23.78,76.89,81.75,17.3,2.52,9.0,5.26,0.74,0.56,22.59,7.11,4.41,17.44,6.37,4.33,68.02,71.93,0.67,0.07,10.56,2.74,50.0,1.37,7.15
1207,Liga I (RO),13847,Mário Jorge Malico Paulino,Mario Camora,1986-11-10,93.44,23.06,26.7,31,31,0,2993.0,96.55,0.1,1.77,1062.0,34.26,25.26,73.73,77.4,15.62,1.61,9.48,7.74,0.9,0.52,20.45,6.68,4.29,26.84,10.87,8.1,74.48,69.29,0.77,0.03,13.77,3.77,42.74,1.61,10.68
1207,Liga I (RO),13848,Claudiu Petrila,C. Petrila,2000-11-07,82.03,22.71,21.2,31,30,1,2847.0,94.9,0.4,2.23,864.0,28.8,23.1,80.21,81.89,14.96,1.77,8.13,4.57,0.77,0.37,7.6,2.13,1.5,28.57,8.8,6.6,75.0,70.34,1.3,0.27,23.23,5.4,53.7,2.9,6.17
1207,Liga I (RO),13896,Cristian Ganea,C. Ganea,1992-05-24,96.2,27.74,23.07,31,29,2,4158.0,143.38,0.14,2.62,1295.0,44.66,32.93,73.75,78.3,19.35,6.0,9.69,9.34,1.17,1.28,31.97,8.86,5.72,32.31,10.76,7.52,69.87,67.18,0.97,0.07,25.62,7.1,47.09,3.34,13.59
1207,Liga I (RO),14045,Mihai Alexandru Dobre,A. Dobre,1998-08-30,83.98,22.48,21.73,36,35,1,2940.0,84.0,0.17,1.8,838.0,23.94,19.0,79.36,80.06,12.28,0.54,6.37,3.34,0.51,0.34,6.83,1.89,1.57,28.63,9.0,6.6,73.33,72.5,1.06,0.09,19.69,4.54,56.6,2.57,4.97
1207,Liga I (RO),14083,Alessandro Murgia,A. Murgia,1996-08-09,54.15,14.79,14.73,19,17,2,1433.0,84.29,0.29,1.29,486.0,28.59,26.06,91.15,90.22,14.57,1.59,10.53,8.18,0.41,0.18,11.94,3.65,3.06,8.76,4.18,3.82,91.55,84.57,0.41,0.06,4.94,0.88,73.33,0.65,2.59
1207,Liga I (RO),14207,Hakim Djamel Abdallah,H. Abdallah,1998-01-09,86.83,21.99,24.32,32,31,1,1764.0,56.9,0.13,1.55,530.0,17.1,13.23,77.36,78.17,12.64,0.48,5.35,2.61,0.81,0.29,2.39,0.81,0.55,21.71,6.19,4.48,72.4,70.97,0.77,0.06,16.71,3.39,60.95,2.06,3.97
1207,Liga I (RO),14261,Lars Kramer,L. Kramer,1999-07-11,89.21,24.96,22.9,28,27,1,3462.0,128.22,0.11,0.63,1348.0,49.93,45.15,90.43,93.74,18.91,4.07,10.33,10.74,0.19,0.04,32.0,9.48,7.93,16.07,7.3,6.63,90.86,91.1,0.04,0.0,2.11,0.52,64.28,0.33,3.11
1207,Liga I (RO),14410,Christopher Braun,C. Braun,1991-07-15,71.49,18.06,19.61,27,27,0,1651.0,61.15,0.04,0.81,619.0,22.93,17.11,74.64,81.01,15.01,1.19,7.15,5.0,0.48,0.3,10.48,3.11,2.11,13.78,5.41,3.89,71.92,74.77,0.33,0.0,7.41,2.0,38.89,0.78,5.59
1207,Liga I (RO),14573,Vladimir Screciu,V. Screciu,2000-01-13,85.55,25.79,19.47,36,36,0,5785.0,160.69,0.08,1.06,1962.0,54.5,49.86,91.49,92.69,18.82,5.44,6.78,12.75,0.11,0.03,41.14,10.58,8.53,17.69,6.08,5.11,84.02,83.98,0.19,0.0,2.53,0.56,45.0,0.25,4.64
1207,Liga I (RO),14769,Benjamin Van Durmen,B. Van Durmen,1997-03-20,66.92,16.0,19.47,29,28,1,2006.0,71.64,0.07,1.04,693.0,24.75,21.61,87.3,88.77,16.35,1.86,6.54,5.79,0.11,0.29,8.64,2.46,1.75,9.54,3.79,3.0,79.24,79.56,0.29,0.04,5.43,1.29,58.33,0.75,2.79
1207,Liga I (RO),14973,Silviu Lung,S. Lung,1989-06-04,99.46,29.71,22.76,5,5,0,191.0,38.2,0.0,0.0,67.0,13.4,12.2,91.04,86.15,27.5,4.4,3.6,0.4,0.0,0.0,14.4,3.2,2.6,7.6,3.0,3.0,100.0,96.13,0.0,0.0,0.0,0.0,,0.0,2.0
1207,Liga I (RO),15288,Devis Rogers Epassy Mboka,D. Epassy,1993-02-02,99.29,29.61,22.6,29,27,2,1525.0,56.48,0.04,0.07,453.0,16.78,12.22,72.85,81.55,25.51,3.78,3.59,1.56,0.0,0.0,20.59,5.19,2.22,9.85,2.26,2.15,95.08,96.79,0.0,0.0,0.0,0.0,,0.0,2.19
1207,Liga I (RO),15460,Denis Yanakov,D. Yanakov,1999-01-01,51.21,9.15,16.54,10,10,0,343.0,34.3,0.1,1.2,90.0,9.0,5.6,62.22,73.79,13.89,0.4,2.9,0.7,0.4,0.1,0.5,0.1,0.1,10.4,2.6,1.2,46.15,63.72,0.6,0.1,8.8,2.5,40.0,1.0,3.3
1207,Liga I (RO),15477,Cristian Ioan Ponde,Cristian Ponde,1995-01-26,60.29,12.23,18.38,14,14,0,717.0,51.21,0.0,1.07,220.0,15.71,11.86,75.46,80.43,14.5,0.93,5.64,2.79,0.36,0.36,2.5,0.64,0.29,14.14,5.29,3.71,70.27,77.34,0.71,0.0,11.21,2.36,45.45,1.07,3.36
1207,Liga I (RO),15497,Joyskim Ayrelien Dawa Tchakonte,J. Dawa,1996-04-09,99.45,28.23,22.27,12,12,0,1321.0,110.08,0.08,0.83,527.0,43.92,39.75,90.51,92.61,19.37,3.5,7.75,8.17,0.0,0.0,23.0,6.0,4.83,8.92,3.08,2.67,86.49,85.78,0.08,0.0,1.17,0.42,40.0,0.17,3.92
1207,Liga I (RO),15877,Eric Bicfalvi,E. Bicfalvi,1988-02-05,66.39,14.31,17.11,4,4,0,150.0,37.5,0.0,0.5,42.0,10.5,8.0,76.19,73.97,12.77,0.5,3.75,1.5,0.5,0.0,0.75,0.25,0.0,14.0,5.0,4.5,90.0,70.54,0.25,0.0,12.75,2.75,63.64,1.75,3.75
1207,Liga I (RO),16077,Fabrício Santos de Jesus,Fabricio Baiano,1992-06-13,30.65,6.96,10.34,1,1,0,31.0,31.0,0.0,1.0,9.0,9.0,9.0,100.0,86.85,18.7,1.0,3.0,0.0,0.0,0.0,2.0,1.0,1.0,3.0,0.0,0.0,,,0.0,0.0,2.0,0.0,,0.0,2.0
1207,Liga I (RO),16355,Charalampos Kyriakou,C. Kyriakou,1995-02-09,50.88,15.01,10.82,18,16,2,1228.0,76.75,0.12,0.75,394.0,24.62,21.56,87.56,88.95,16.13,1.38,6.81,5.69,0.38,0.19,13.25,3.38,2.62,7.56,2.81,2.19,77.78,75.73,0.12,0.06,4.38,1.5,50.0,0.75,3.0
1207,Liga I (RO),16428,Sheriff Sinyan,S. Sinyan,1996-07-19,95.03,23.76,26.84,32,32,0,3175.0,99.22,0.09,0.66,1223.0,38.22,33.91,88.72,91.53,19.94,3.31,7.22,6.16,0.06,0.0,20.94,5.72,4.25,11.16,4.59,4.0,87.07,84.42,0.31,0.0,1.75,0.5,62.5,0.31,4.09
1207,Liga I (RO),16450,Filip Blažek,F. Blažek,1998-03-11,3.73,1.4,0.76,1,1,0,1.0,1.0,0.0,0.0,1.0,1.0,1.0,100.0,99.31,16.58,0.0,0.0,1.0,0.0,0.0,1.0,1.0,1.0,0.0,0.0,0.0,,,0.0,0.0,0.0,0.0,,0.0,0.0
1207,Liga I (RO),16563,Said Ahmed Said,A. Said,1993-04-20,43.82,8.61,12.33,22,20,2,467.0,23.35,0.05,0.5,127.0,6.35,4.75,74.8,78.0,13.52,0.35,2.65,0.85,0.45,0.35,0.55,0.05,0.05,8.7,2.35,1.7,72.34,78.34,0.2,0.0,5.5,1.3,69.23,0.9,1.45
1207,Liga I (RO),16831,Desley Ubbink,D. Ubbink,1993-06-15,60.4,16.55,16.27,19,15,4,1399.0,93.27,0.0,0.73,401.0,26.73,23.27,87.03,87.22,15.58,1.67,5.87,4.0,0.27,0.27,15.33,3.93,2.87,19.6,6.67,5.4,81.0,79.91,0.27,0.0,12.87,2.0,66.67,1.33,3.8
1207,Liga I (RO),16922,Alexandru Crețu,A. Crețu,1992-04-24,43.03,12.28,10.54,20,20,0,982.0,49.1,0.0,0.95,337.0,16.85,14.65,86.94,88.38,15.4,0.7,6.1,4.35,0.65,0.15,5.75,1.6,1.45,8.0,2.9,2.4,82.76,82.1,0.4,0.0,6.45,1.7,58.82,1.0,2.25
1207,Liga I (RO),17036,Sergiu Florin Buș,S. Buș,1992-11-02,42.37,10.87,11.86,37,35,2,980.0,28.0,0.11,0.94,278.0,7.94,5.91,74.46,78.13,11.55,0.09,3.0,1.34,0.94,0.34,1.2,0.31,0.17,9.8,3.34,2.37,70.94,73.99,0.46,0.11,9.2,2.29,56.25,1.29,1.86
1207,Liga I (RO),17083,Bozhidar Chorbadzhiyski,B. Chorbadzhiyski,1995-08-08,92.57,23.24,23.52,13,13,0,1041.0,80.08,0.15,0.54,394.0,30.31,26.38,87.06,90.48,20.29,3.15,7.31,5.0,0.31,0.08,19.69,4.77,3.77,8.62,2.77,2.46,88.89,88.72,0.0,0.0,1.54,0.54,71.43,0.38,4.23
1207,Liga I (RO),17103,Olimpiu Moruţan,O. Moruţan,1999-04-25,69.89,19.1,19.56,18,18,0,1964.0,109.11,0.11,2.33,515.0,28.61,22.67,79.22,81.33,15.58,1.78,6.39,4.5,0.78,0.78,13.33,3.17,2.17,27.67,8.33,5.78,69.33,70.75,0.89,0.0,21.89,5.67,50.0,2.83,6.78
1207,Liga I (RO),17113,Ianis Stoica,I. Stoica,2002-12-08,44.16,10.73,14.72,2,2,0,60.0,30.0,0.0,0.0,21.0,10.5,7.5,71.43,70.2,15.88,1.0,4.0,1.5,1.5,0.0,0.5,0.0,0.0,15.5,5.0,3.0,60.0,57.1,0.0,0.0,14.5,5.0,50.0,2.5,4.0
1207,Liga I (RO),17397,Ionuț Vînă,I. Vînă,1995-02-20,89.74,24.81,22.67,33,30,3,3770.0,125.67,0.3,2.17,1185.0,39.5,32.1,81.27,82.33,15.07,2.5,11.87,8.43,0.93,1.33,15.87,4.5,3.23,25.5,9.53,6.93,72.73,72.24,0.93,0.17,21.6,5.4,59.88,3.23,8.53
1207,Liga I (RO),17399,Bogdan Țîru,B. Țîru,1994-03-15,83.12,22.64,20.13,28,25,3,2167.0,86.68,0.0,0.36,912.0,36.48,32.68,89.58,94.42,20.16,3.84,8.04,8.2,0.04,0.04,20.12,5.16,3.92,8.84,4.04,3.8,94.06,95.61,0.04,0.0,0.48,0.12,33.33,0.04,2.56
1207,Liga I (RO),17401,Andrei Ciobanu,A. Ciobanu,1998-01-18,57.78,14.88,13.51,33,31,2,2495.0,80.48,0.06,1.35,756.0,24.39,19.81,81.22,83.66,14.36,1.23,6.81,5.81,0.42,0.52,10.65,2.87,2.19,15.42,4.94,3.65,73.86,74.16,0.52,0.03,12.39,2.97,41.3,1.23,5.03
1207,Liga I (RO),17404,Paul Iacob,P. Iacob,1996-06-21,86.43,22.67,19.89,25,23,2,2586.0,112.43,0.04,0.87,943.0,41.0,36.13,88.12,90.09,19.8,4.09,10.35,7.43,0.13,0.13,32.3,9.48,7.3,11.17,4.04,3.26,80.65,83.97,0.17,0.0,3.43,0.65,46.67,0.3,4.61
1207,Liga I (RO),17409,Alexandru Pop,A. Pop,2000-02-01,42.9,13.12,9.66,35,34,1,720.0,21.18,0.06,0.47,232.0,6.82,5.44,79.74,83.23,11.93,0.18,2.12,1.35,0.38,0.15,0.79,0.15,0.12,6.09,1.59,1.29,81.48,79.17,0.21,0.06,5.59,1.24,61.9,0.76,1.15
1207,Liga I (RO),17411,Alexandru Buzbuchi,A. Buzbuchi,1993-10-31,99.48,26.73,24.45,25,23,2,1339.0,58.22,0.0,0.09,480.0,20.87,16.65,79.79,85.44,27.15,5.7,6.0,1.48,0.0,0.0,17.83,4.83,2.52,10.83,2.57,2.52,98.3,94.4,0.0,0.0,0.0,0.0,,0.0,2.26
1207,Liga I (RO),17413,Andrei Artean,A. Artean,1993-08-14,62.79,16.41,17.14,13,11,2,927.0,84.27,0.0,0.36,323.0,29.36,25.64,87.3,90.69,16.7,1.27,10.27,4.82,0.64,0.0,13.55,3.64,3.09,10.64,4.27,3.73,87.23,88.4,0.0,0.0,4.64,1.0,36.36,0.36,2.64
1207,Liga I (RO),17414,Lyes Houri,L. Houri,1996-01-19,51.63,16.43,10.84,16,16,0,1464.0,91.5,0.25,2.31,412.0,25.75,22.12,85.92,85.57,13.75,0.81,3.81,5.5,0.56,0.75,10.88,3.44,2.69,21.5,7.5,5.88,78.33,75.11,1.12,0.19,17.0,4.25,61.77,2.62,4.25
1207,Liga I (RO),17418,Laurenţiu Popescu,L. Popescu,1997-01-18,94.14,28.13,22.59,18,18,0,729.0,40.5,0.06,0.11,268.0,14.89,12.0,80.6,84.15,24.42,3.22,3.06,1.89,0.0,0.0,14.06,3.83,2.11,8.39,3.22,3.06,94.83,96.6,0.0,0.0,0.06,0.06,0.0,0.0,2.22
1207,Liga I (RO),17419,Marius Briceag,M. Briceag,1992-04-06,82.8,17.46,22.71,23,21,2,1480.0,70.48,0.1,0.81,512.0,24.38,16.29,66.8,72.76,18.95,2.14,6.81,4.71,0.86,0.38,15.76,5.24,2.9,14.71,5.81,3.76,64.75,65.57,0.33,0.05,10.48,3.33,32.86,1.1,9.86
1207,Liga I (RO),17423,Alexandru Mateiu,A. Mateiu,1989-12-10,64.82,15.17,19.24,18,16,2,1440.0,90.0,0.0,0.81,494.0,30.88,27.56,89.27,89.0,16.27,2.0,9.06,7.12,0.38,0.25,11.88,3.69,3.06,9.44,4.38,3.75,85.71,82.65,0.19,0.0,5.12,1.12,61.11,0.69,3.56
1207,Liga I (RO),17425,Alexandru Cicâldău,A. Cicâldău,1997-07-08,69.48,20.76,15.97,33,33,0,3132.0,94.91,0.18,2.06,1086.0,32.91,26.97,81.95,82.6,14.43,1.85,10.33,8.18,1.12,0.76,12.97,4.67,3.36,16.97,7.85,5.58,71.04,67.94,0.79,0.03,13.91,4.21,66.91,2.82,6.82
1207,Liga I (RO),17428,Jovan Marković,J. Marković,2001-03-23,28.84,8.26,6.04,16,15,1,216.0,14.4,0.0,0.33,57.0,3.8,2.33,61.4,64.92,14.93,0.33,1.4,0.27,0.47,0.0,0.47,0.27,0.13,7.0,1.93,1.13,58.62,61.37,0.2,0.0,6.8,1.93,62.07,1.2,1.47
1207,Liga I (RO),17429,Ovidiu Bic,O. Bic,1994-02-23,77.37,21.92,21.08,34,32,2,4127.0,128.97,0.16,1.66,1289.0,40.28,35.66,88.52,88.99,16.08,2.44,9.53,7.66,0.66,0.44,20.84,5.28,4.19,16.94,6.56,5.31,80.95,77.79,0.69,0.06,11.47,2.91,48.39,1.41,4.59
1207,Liga I (RO),17430,Elvir Koljič,E. Koljič,1995-07-08,54.6,14.42,14.13,30,29,1,642.0,22.14,0.07,0.45,212.0,7.31,5.07,69.34,76.54,12.73,0.21,3.69,1.0,0.72,0.24,0.41,0.1,0.07,6.28,2.07,1.45,70.0,70.61,0.21,0.03,6.1,1.72,60.0,1.03,1.86
1207,Liga I (RO),17432,Cristi Bărbuţ,C. Bărbuţ,1995-04-22,51.09,11.38,14.81,33,32,1,1190.0,37.19,0.12,1.28,332.0,10.38,8.06,77.71,77.13,13.39,0.12,2.44,1.38,0.28,0.28,1.47,0.38,0.25,14.03,3.81,2.88,75.41,71.87,0.69,0.09,11.03,2.22,63.38,1.41,2.84
1207,Liga I (RO),17434,Florin Borța,F. Borța,1999-06-21,79.24,17.25,22.16,26,24,2,1400.0,58.33,0.0,0.88,537.0,22.38,14.71,65.74,73.25,18.02,2.33,6.88,4.0,0.67,0.46,11.5,4.62,3.0,15.0,6.38,4.29,67.32,67.59,0.5,0.0,10.0,3.46,36.14,1.25,8.71
1207,Liga I (RO),17503,Márton Eppel,M. Eppel,1991-11-20,68.2,15.46,21.11,34,32,2,846.0,26.44,0.03,0.75,256.0,8.0,5.31,66.41,74.46,11.86,0.06,3.84,1.0,0.97,0.22,0.56,0.12,0.03,10.34,3.31,2.03,61.32,67.94,0.44,0.0,9.0,2.22,60.56,1.34,2.44
1207,Liga I (RO),17536,Risto Radunović,R. Radunović,1992-05-04,75.55,22.51,15.35,30,30,0,3513.0,117.1,0.2,2.7,1223.0,40.77,34.3,84.14,84.66,15.13,1.93,10.87,7.17,0.9,0.4,25.97,8.67,7.23,24.97,9.8,7.57,77.21,74.18,0.63,0.0,17.57,4.33,42.31,1.83,7.37
1207,Liga I (RO),18344,Malcom Sylas Edjouma,M. Edjouma,1996-10-08,32.39,8.54,6.82,9,9,0,420.0,46.67,0.0,1.11,122.0,13.56,11.67,86.07,86.64,15.5,0.78,4.33,2.22,1.0,0.22,4.78,0.67,0.33,8.56,2.89,2.56,88.46,78.96,0.44,0.0,10.44,2.22,85.0,1.89,1.78
1207,Liga I (RO),18392,Vahid Selimović,V. Selimović,1997-04-03,87.36,22.39,25.76,14,14,0,1810.0,129.29,0.0,0.43,594.0,42.43,36.43,85.86,89.95,19.1,3.86,8.21,6.5,0.07,0.14,42.93,12.5,10.5,20.21,7.93,6.93,87.39,89.17,0.14,0.0,4.36,0.79,63.64,0.5,3.86
1207,Liga I (RO),18401,David Kiki,D. Kiki,1993-11-25,78.45,27.47,16.73,4,4,0,466.0,116.5,0.0,2.25,157.0,39.25,32.75,83.44,84.21,16.08,3.0,6.75,6.0,1.0,0.25,28.25,9.25,7.75,27.0,11.5,10.0,86.96,74.11,1.25,0.0,18.0,5.0,50.0,2.5,7.0
1207,Liga I (RO),18447,Steeve Furtado Pereira,Steeve Furtado,1994-11-22,65.3,20.1,15.35,19,18,1,1408.0,78.22,0.0,1.28,492.0,27.33,23.5,85.98,85.24,16.91,2.11,5.39,5.56,0.61,0.5,13.89,4.5,3.56,13.44,5.06,4.06,80.22,75.82,0.72,0.0,8.33,2.61,46.81,1.22,5.11
1207,Liga I (RO),18890,Marco Dulca,M. Dulca,1999-05-11,74.71,19.23,20.04,22,21,1,1958.0,93.24,0.05,1.29,584.0,27.81,23.29,83.73,86.0,15.87,1.71,6.62,5.67,0.43,0.52,13.57,3.67,2.81,18.71,6.52,5.43,83.21,81.67,0.52,0.05,14.38,2.81,50.85,1.43,4.19
1207,Liga I (RO),19559,Alessandro Micai,A. Micai,1993-07-24,103.03,25.36,22.73,2,2,0,86.0,43.0,0.0,0.0,39.0,19.5,14.0,71.8,86.0,27.59,5.0,4.5,3.0,0.0,0.0,16.0,4.5,2.0,9.5,4.5,3.5,77.78,89.78,0.0,0.0,0.0,0.0,,0.0,1.5
1207,Liga I (RO),19759,Lukáš Zima,L. Zima,1994-01-09,83.41,24.43,16.3,4,4,0,118.0,29.5,0.0,0.0,47.0,11.75,10.5,89.36,91.3,23.54,2.0,2.75,1.5,0.0,0.0,7.5,2.0,1.5,3.5,0.5,0.5,100.0,99.33,0.0,0.0,0.0,0.0,,0.0,0.25
1207,Liga I (RO),19823,Anton Krešić,A. Krešić,1996-01-29,68.13,18.15,18.57,3,3,0,164.0,54.67,0.0,0.33,62.0,20.67,17.67,85.48,87.78,17.53,0.67,5.0,3.67,0.0,0.0,13.67,4.0,3.0,8.67,4.0,4.0,100.0,88.25,0.0,0.0,1.0,0.33,100.0,0.33,3.33
1207,Liga I (RO),19829,Vasile Mogoș,V. Mogoș,1992-10-31,78.12,23.59,18.22,14,14,0,1704.0,121.71,0.0,0.29,600.0,42.86,38.79,90.5,92.17,16.66,2.36,7.79,11.0,0.07,0.29,30.57,9.79,8.64,16.43,6.93,6.14,88.66,85.37,0.21,0.0,1.93,0.64,44.44,0.29,3.29
1207,Liga I (RO),19836,Xian Emmers,X. Emmers,1999-07-20,33.69,7.65,8.09,6,5,1,230.0,46.0,0.0,1.6,60.0,12.0,9.6,80.0,82.54,12.74,0.2,1.2,2.6,0.2,0.2,3.0,0.6,0.4,10.6,3.8,3.2,84.21,78.08,0.6,0.0,9.6,2.4,41.67,1.0,3.0
1207,Liga I (RO),19875,Elio Capradossi,E. Capradossi,1996-03-11,87.74,23.33,24.94,12,11,1,1194.0,108.55,0.0,0.45,491.0,44.64,41.0,91.86,93.78,18.41,2.55,9.09,10.91,0.09,0.0,23.64,6.55,5.64,12.91,5.09,4.64,91.07,90.42,0.0,0.0,1.27,0.45,40.0,0.18,2.82
1207,Liga I (RO),20098,Eljadji Pape Djibril Diaw,E. Diaw,1994-12-31,91.23,24.17,20.68,23,23,0,2766.0,120.26,0.04,0.39,1013.0,44.04,36.87,83.71,88.36,18.26,3.04,9.43,6.78,0.09,0.04,38.96,12.57,9.04,11.39,5.3,4.74,89.34,88.77,0.13,0.0,1.52,0.43,50.0,0.22,6.35
1207,Liga I (RO),20240,Dejan Iliev,D. Iliev,1995-02-25,93.83,23.43,25.86,15,15,0,790.0,52.67,0.0,0.13,268.0,17.87,12.33,69.03,84.04,25.7,3.0,5.33,1.6,0.0,0.0,19.6,5.67,2.13,10.47,3.33,3.2,96.0,96.01,0.13,0.0,0.0,0.0,,0.0,2.0
1207,Liga I (RO),22260,Brahima Doukansy,B. Doukansy,1999-08-21,46.3,10.83,11.48,14,13,1,633.0,48.69,0.15,0.92,197.0,15.15,11.77,77.66,85.23,15.5,0.92,4.69,2.69,0.54,0.31,6.69,1.77,0.62,9.77,3.92,2.62,66.67,76.77,0.69,0.15,6.15,1.77,65.22,1.15,3.08
1207,Liga I (RO),22911,Alexandru Stefan Pașcanu,A. Pașcanu,1998-09-28,88.64,24.0,23.11,28,28,0,3046.0,108.79,0.04,0.61,1188.0,42.43,37.39,88.13,91.74,19.22,2.43,7.79,10.14,0.14,0.11,25.0,6.32,4.64,11.61,4.54,3.93,86.61,85.29,0.18,0.0,2.61,0.96,55.56,0.54,5.32
1207,Liga I (RO),22912,Florin Ștefan,F. Ștefan,1996-05-09,65.48,20.09,15.31,18,18,0,1618.0,89.89,0.67,1.72,600.0,33.33,26.78,80.33,80.73,14.96,1.56,8.56,6.83,1.44,0.22,17.33,5.33,4.11,27.67,10.83,7.67,70.77,68.26,0.83,0.22,14.33,4.17,33.33,1.39,8.33
1207,Liga I (RO),22913,Darius Olaru,D. Olaru,1998-03-03,81.78,24.46,17.31,34,33,1,4203.0,127.36,0.33,3.82,1303.0,39.48,29.7,75.21,76.14,16.54,3.27,12.45,8.39,2.3,2.55,14.52,4.58,3.09,36.76,14.06,9.45,67.24,67.06,2.12,0.24,35.18,11.12,57.49,6.39,11.91
1207,Liga I (RO),22915,Cătălin Vasile Căbuz,C. Căbuz,1996-06-18,95.85,23.22,28.14,35,32,3,1426.0,44.56,0.03,0.09,476.0,14.88,10.09,67.86,78.96,30.25,4.31,3.84,1.12,0.0,0.0,19.03,5.5,2.75,7.22,1.56,1.47,94.0,95.13,0.0,0.0,0.0,0.0,,0.0,2.28
1207,Liga I (RO),22916,Adrián Rus,A. Rus,1996-03-18,90.2,26.74,20.67,26,26,0,3083.0,118.58,0.12,0.92,1219.0,46.88,42.85,91.39,93.12,19.23,3.69,8.65,12.04,0.08,0.0,22.92,6.27,5.08,12.5,5.35,4.88,91.37,89.3,0.27,0.0,2.27,0.5,53.85,0.27,3.96
1207,Liga I (RO),23055,Tidiane Keita,T. Keita,1996-09-18,76.55,19.43,21.03,29,28,1,2603.0,92.96,0.07,1.39,798.0,28.5,24.25,85.09,86.79,15.59,1.18,8.29,5.79,0.21,0.5,13.79,3.89,2.93,12.93,5.21,4.21,80.82,80.51,0.64,0.04,8.46,2.0,66.07,1.32,4.04
1207,Liga I (RO),23076,Yohan Roche,Y. Roche,1997-07-07,94.87,23.3,26.04,32,30,2,3806.0,126.87,0.0,0.97,1281.0,42.7,38.3,89.7,91.15,20.39,5.33,7.8,5.37,0.03,0.07,32.53,9.9,8.2,16.0,5.87,5.2,88.64,86.6,0.23,0.0,4.77,1.0,56.67,0.57,3.83
1207,Liga I (RO),23192,Mike Cestor,M. Cestor,1992-04-30,71.84,17.0,20.21,6,5,1,298.0,59.6,0.0,0.2,104.0,20.8,16.8,80.77,89.81,18.37,1.4,3.8,3.8,0.4,0.0,19.6,5.0,3.8,8.0,2.4,2.2,91.67,93.19,0.2,0.0,1.6,0.6,66.67,0.4,3.0
1207,Liga I (RO),23200,Virgiliu Postolachi,V. Postolachi,2000-03-17,50.12,12.66,14.19,21,20,1,616.0,30.8,0.1,0.95,184.0,9.2,6.6,71.74,75.94,13.11,0.4,3.4,1.75,0.5,0.35,1.3,0.5,0.35,12.35,3.9,2.7,69.23,72.09,0.4,0.05,9.5,2.35,65.96,1.55,2.55
1207,Liga I (RO),23463,Andreas Karo,A. Karo,1996-09-09,79.06,19.86,22.35,22,20,2,1079.0,53.95,0.0,0.15,443.0,22.15,18.45,83.3,88.21,20.4,2.5,5.85,4.5,0.05,0.0,16.95,4.7,3.55,5.95,2.55,2.2,86.27,83.74,0.05,0.0,0.8,0.45,22.22,0.1,3.6
1207,Liga I (RO),23475,Abat Aymbetov,A. Aymbetov,1995-08-07,27.49,6.71,5.82,9,9,0,66.0,7.33,0.0,0.33,19.0,2.11,1.56,73.68,71.51,10.31,0.11,0.56,0.22,0.0,0.11,0.0,0.0,0.0,2.78,0.56,0.44,80.0,64.6,0.11,0.0,2.89,0.56,80.0,0.44,0.67
1207,Liga I (RO),23988,Adel Bettaieb,A. Bettaieb,1997-01-28,79.23,17.4,21.93,33,30,3,1877.0,62.57,0.1,1.27,507.0,16.9,12.47,73.77,76.64,14.54,0.97,5.03,2.4,0.93,0.6,2.4,0.47,0.17,19.83,4.77,3.27,68.53,72.2,0.5,0.03,18.53,3.87,48.28,1.87,5.13
1207,Liga I (RO),24063,Mamadou Thiam,M. Thiam,1995-03-20,45.84,14.48,9.97,32,31,1,1428.0,46.06,0.1,1.35,465.0,15.0,11.94,79.57,79.25,11.39,0.35,3.39,3.03,0.9,0.77,2.84,0.68,0.61,15.84,5.74,4.29,74.72,71.39,0.74,0.06,14.81,3.97,56.91,2.26,3.42
1207,Liga I (RO),24135,János Ferenczi,J. Ferenczi,1991-04-03,90.4,20.0,28.19,16,14,2,1054.0,75.29,0.0,1.29,376.0,26.86,20.0,74.47,78.56,17.92,2.71,7.86,5.86,0.5,0.5,12.86,3.71,2.43,15.5,6.14,4.07,66.28,66.26,0.57,0.0,11.0,3.5,30.61,1.07,8.43
1207,Liga I (RO),24353,Florent Poulolo,F. Poulolo,1997-01-02,93.96,22.76,27.13,32,31,1,2845.0,91.77,0.0,0.42,1111.0,35.84,29.13,81.28,86.63,21.13,4.16,8.52,6.42,0.03,0.06,22.16,7.81,4.65,10.19,3.87,3.35,86.67,85.38,0.1,0.0,1.42,0.48,20.0,0.1,6.68
1207,Liga I (RO),24356,Vadim Raţă,V. Raţă,1993-05-05,77.71,16.85,21.51,32,30,2,1843.0,61.43,0.13,1.03,647.0,21.57,16.53,76.66,80.45,16.46,1.67,6.43,3.97,1.0,0.47,6.87,1.83,1.47,12.07,4.8,3.6,75.0,71.89,0.57,0.17,8.57,3.17,41.05,1.3,5.27
1207,Liga I (RO),24357,Denis Rusu,D. Rusu,1990-08-02,97.65,22.48,29.64,16,15,1,687.0,45.8,0.0,0.0,195.0,13.0,8.8,67.69,80.24,26.94,2.73,2.93,1.13,0.0,0.0,18.33,4.6,2.07,5.47,1.2,1.0,83.33,93.07,0.0,0.0,0.0,0.0,,0.0,1.93
1207,Liga I (RO),24368,Iulian Cristea,I. Cristea,1994-07-17,85.31,24.9,22.42,31,30,1,3814.0,127.13,0.03,0.6,1493.0,49.77,43.8,88.01,92.19,20.09,5.27,9.5,10.0,0.3,0.0,27.33,8.37,6.1,13.63,5.0,4.4,88.0,91.18,0.07,0.0,1.7,0.67,25.0,0.17,5.2
1207,Liga I (RO),24815,Aly Abeid,A. Abeid,1997-12-11,72.27,17.94,18.47,22,22,0,1678.0,76.27,0.09,1.55,581.0,26.41,19.45,73.67,79.2,17.53,2.05,8.45,4.41,0.95,0.23,17.0,5.86,3.82,16.77,6.82,5.14,75.33,72.45,0.36,0.0,9.64,3.09,36.76,1.14,7.18
1207,Liga I (RO),24931,Mamoudou Karamoko,M. Karamoko,1999-06-08,67.24,22.29,14.01,26,24,2,1624.0,67.67,0.21,2.04,445.0,18.54,15.83,85.39,84.44,12.37,0.5,4.62,2.62,0.62,0.62,5.12,0.96,0.79,21.21,5.5,4.58,83.33,77.64,0.83,0.08,18.88,3.92,74.47,2.92,3.29
1207,Liga I (RO),25043,Jayson Papeau,J. Papeau,1996-06-30,83.91,19.38,24.7,13,12,1,826.0,68.83,0.0,1.42,235.0,19.58,13.83,70.64,75.93,17.79,1.5,5.67,2.58,0.58,0.67,5.33,1.75,0.92,21.5,7.0,4.92,70.24,70.69,0.83,0.0,14.33,3.58,62.79,2.25,5.92
1207,Liga I (RO),25073,Karlo Muhar ,K. Muhar,1996-01-17,85.46,21.21,25.15,23,23,0,3121.0,135.7,0.3,2.52,956.0,41.57,34.3,82.53,83.75,16.17,2.83,10.78,10.61,0.87,1.7,22.17,7.17,5.43,23.0,9.35,7.22,77.21,74.19,0.87,0.04,19.48,5.48,68.25,3.74,7.91
1207,Liga I (RO),25100,Mátyás Tajti,M. Tajti,1998-06-02,31.55,8.27,6.55,5,5,0,242.0,48.4,0.0,1.6,64.0,12.8,12.0,93.75,86.21,17.11,0.4,0.6,2.8,0.0,0.6,6.2,1.4,1.0,9.4,3.8,3.2,84.21,73.51,0.8,0.0,11.2,2.8,85.72,2.4,2.4
1207,Liga I (RO),25311,Conrado Buchanelli Holz,Conrado,1997-04-03,87.83,21.84,20.54,26,24,2,2354.0,98.08,0.04,1.46,692.0,28.83,21.46,74.42,79.42,13.9,1.0,4.42,6.5,0.46,0.46,18.33,5.46,3.83,27.33,7.79,5.38,68.98,69.78,0.58,0.08,20.75,4.54,37.61,1.71,7.17
1207,Liga I (RO),25819,Alberto Soro Álvarez,Alberto Soro,1999-03-09,65.47,20.89,14.38,26,26,0,2790.0,107.31,0.15,2.62,821.0,31.58,26.88,85.14,82.65,15.28,1.46,7.19,6.58,0.96,1.15,17.12,6.23,4.73,23.92,9.19,7.04,76.57,72.65,1.08,0.08,16.12,5.31,63.77,3.38,6.58
1207,Liga I (RO),26421,Ofri Arad,O. Arad,1998-09-11,32.64,10.96,8.43,7,6,1,454.0,75.67,0.17,1.5,126.0,21.0,19.17,91.27,90.65,15.12,0.83,5.33,4.83,0.67,0.67,12.83,2.0,1.67,11.33,4.33,3.5,80.77,76.51,0.5,0.0,12.5,2.5,73.33,1.83,2.0
1207,Liga I (RO),26789,Kilian Ludewig,K. Ludewig,2000-03-05,58.66,12.76,15.66,8,7,1,357.0,51.0,0.0,1.0,115.0,16.43,11.29,68.69,69.22,14.16,0.86,5.0,3.57,0.86,0.71,5.29,1.43,0.86,16.29,5.57,3.86,69.23,59.45,0.57,0.0,9.86,3.43,54.16,1.86,7.29
1207,Liga I (RO),27543,Hervin Ongenda,H. Ongenda,1995-06-24,80.2,21.94,17.31,33,33,0,4310.0,130.61,0.42,3.42,1227.0,37.18,28.3,76.12,77.64,14.88,1.64,10.67,6.24,1.64,1.42,21.64,6.48,4.15,32.61,11.64,8.27,71.09,68.44,1.42,0.18,29.39,8.73,56.6,4.94,10.45
1207,Liga I (RO),29013,Konstantinos Doumtsios,K. Doumtsios,1997-09-20,53.91,12.82,14.28,16,14,2,337.0,24.07,0.0,0.93,94.0,6.71,4.93,73.4,74.7,11.59,0.0,1.64,0.86,0.29,0.29,0.43,0.07,0.0,12.29,3.36,2.43,72.34,71.14,0.5,0.0,8.79,2.14,53.33,1.14,2.0
1207,Liga I (RO),29425,Alibek Aliev,A. Aliev,1996-08-16,73.19,17.93,21.04,19,19,0,610.0,32.11,0.11,0.68,192.0,10.11,7.26,71.88,73.91,12.53,0.42,4.84,1.89,1.21,0.74,0.47,0.05,0.0,13.05,4.63,3.16,68.18,71.3,0.37,0.05,9.21,2.58,63.27,1.63,3.37
1207,Liga I (RO),29442,Giannis Anestis,G. Anestis,1991-03-09,96.8,24.99,21.65,29,29,0,1227.0,42.31,0.0,0.07,422.0,14.55,10.97,75.36,85.47,24.58,2.59,4.38,0.76,0.0,0.0,15.79,3.52,1.38,7.0,2.28,2.03,89.39,93.02,0.0,0.0,0.0,0.0,,0.0,1.31
1207,Liga I (RO),29480,Iraneuton Sousa Morais Júnior,Júnior Morais,1986-07-22,83.14,24.48,25.02,2,2,0,391.0,195.5,0.0,4.5,124.0,62.0,52.0,83.87,89.71,17.16,5.5,19.0,11.5,1.5,1.0,29.5,9.0,7.0,32.5,13.0,9.5,73.08,85.05,1.0,0.0,22.5,5.0,90.0,4.5,5.5
1207,Liga I (RO),29588,Franjo Prce,F. Prce,1996-01-07,73.0,15.97,20.34,19,18,1,1020.0,56.67,0.0,0.5,410.0,22.78,18.5,81.22,86.7,19.07,2.28,6.28,5.44,0.22,0.0,14.72,4.39,2.78,9.39,2.94,2.22,75.47,75.13,0.22,0.0,2.83,0.61,27.27,0.17,4.28
1207,Liga I (RO),29593,Oleksandr Safronov,O. Safronov,1999-06-11,75.13,15.88,22.26,23,22,1,1332.0,60.55,0.05,0.41,513.0,23.32,19.0,81.48,86.55,18.8,2.14,4.64,5.18,0.05,0.05,15.68,4.95,3.36,7.05,2.86,2.14,74.6,79.16,0.14,0.0,1.32,0.41,33.33,0.14,4.05
1207,Liga I (RO),29626,Sergiu Hanca,S. Hanca,1992-04-04,30.61,7.08,7.69,27,25,2,696.0,27.84,0.04,0.72,254.0,10.16,7.4,72.83,74.99,14.48,0.36,3.76,2.04,0.72,0.32,2.44,0.6,0.32,6.24,2.72,1.88,69.12,68.6,0.12,0.0,5.84,2.16,46.3,1.0,3.44
1207,Liga I (RO),29693,Diego Živulić,D. Živulić,1992-03-23,94.66,24.13,22.44,31,29,2,3610.0,124.48,0.0,1.03,1273.0,43.9,35.31,80.44,85.74,19.64,3.97,10.52,6.79,0.24,0.24,30.31,10.14,5.93,12.83,5.66,4.59,81.1,80.4,0.21,0.0,3.17,1.07,32.26,0.34,8.07
1207,Liga I (RO),29710,Luka Kukić,L. Kukić,1996-05-16,97.47,26.83,21.68,9,8,1,390.0,48.75,0.0,0.0,149.0,18.62,14.25,76.51,89.44,19.74,1.0,4.5,3.25,0.0,0.0,15.25,4.38,1.62,8.0,2.38,2.38,100.0,99.01,0.0,0.0,0.0,0.0,,0.0,1.5
1207,Liga I (RO),30087,Ricardo Manuel Pinho Matos,Ricardo Matos,2000-03-25,71.35,15.79,19.04,29,27,2,1051.0,38.93,0.15,1.07,327.0,12.11,8.93,73.7,75.86,14.77,0.81,4.67,1.96,0.81,0.59,1.0,0.48,0.22,14.52,4.63,3.15,68.0,70.3,0.7,0.11,11.15,3.0,60.49,1.81,3.15
1207,Liga I (RO),30506,Danny Armstrong,D. Armstrong,1997-10-11,72.4,21.66,16.03,38,36,2,2903.0,80.64,0.19,2.03,833.0,23.14,16.42,70.95,72.69,14.77,1.17,5.44,4.08,0.81,0.78,5.89,1.81,1.03,26.89,8.31,5.58,67.22,65.16,1.14,0.19,21.22,5.81,42.11,2.44,8.56
1207,Liga I (RO),30541,Arian Kabashi,A. Kabashi,1996-09-26,83.91,17.45,26.5,8,8,0,495.0,61.88,0.0,0.62,180.0,22.5,16.5,73.33,81.44,20.56,2.5,6.12,3.25,0.12,0.12,17.25,5.88,3.62,6.5,2.12,1.38,64.71,75.31,0.0,0.0,1.62,0.62,20.0,0.12,6.12
1207,Liga I (RO),30603,Assad Al Hamlawi,A. Al Hamlawi,2000-10-27,52.75,16.39,11.57,33,33,0,1094.0,33.15,0.09,1.0,312.0,9.45,7.18,75.96,77.76,12.06,0.21,3.7,1.18,0.7,0.27,1.27,0.12,0.09,13.12,3.85,2.52,65.35,69.88,0.58,0.06,10.55,2.39,60.76,1.45,2.42
1207,Liga I (RO),30715,Pavlo Isenko,P. Isenko,2003-07-21,95.4,28.99,20.55,18,18,0,767.0,42.61,0.0,0.0,272.0,15.11,12.89,85.29,88.03,23.44,3.17,4.67,1.39,0.0,0.0,13.0,3.89,2.28,11.28,3.28,3.06,93.22,94.78,0.0,0.0,0.0,0.0,,0.0,1.44
1207,Liga I (RO),30991,Benjamin Babati,B. Babati,1995-11-29,48.25,10.52,15.79,6,5,1,193.0,38.6,0.2,0.8,58.0,11.6,8.2,70.69,79.21,16.78,0.6,2.4,0.8,0.2,0.0,4.2,1.0,0.6,12.4,4.4,2.8,63.64,68.69,0.8,0.2,8.6,2.0,60.0,1.2,3.0
1207,Liga I (RO),31032,David Lazar,D. Lazar,1991-08-08,97.96,22.55,26.44,29,28,1,1245.0,44.46,0.0,0.04,388.0,13.86,9.93,71.65,80.45,29.18,3.71,3.46,0.89,0.0,0.0,16.86,4.71,2.29,6.11,1.14,1.04,90.63,91.31,0.0,0.0,0.0,0.0,,0.0,1.71
1207,Liga I (RO),31033,Gabriel Cristian Iancu,G. Iancu,1994-04-15,21.33,6.62,4.33,10,9,1,231.0,25.67,0.0,0.11,70.0,7.78,6.33,81.43,81.54,15.67,0.78,2.44,1.44,0.67,0.33,3.78,1.22,1.0,5.78,2.11,1.78,84.21,70.79,0.22,0.0,6.78,1.89,64.71,1.22,1.78
1207,Liga I (RO),31055,Marinos  Tzionis,M. Tzionis,2001-07-16,68.49,16.68,19.61,26,26,0,1477.0,56.81,0.04,1.27,344.0,13.23,10.0,75.58,76.29,13.65,0.46,2.38,1.54,0.31,0.31,2.31,0.54,0.5,18.35,4.23,2.88,68.18,65.38,0.35,0.0,19.0,3.73,47.42,1.77,4.08
1207,Liga I (RO),31364,Wilhelm Loeper,W. Loeper,1998-03-30,43.27,8.55,13.57,10,10,0,184.0,18.4,0.0,0.4,56.0,5.6,3.7,66.07,69.11,14.2,0.2,1.8,0.5,0.5,0.1,1.3,0.2,0.0,7.4,2.1,1.5,71.43,61.44,0.2,0.0,6.9,1.8,55.56,1.0,2.1
1207,Liga I (RO),32193,Marko Stolnik,M. Stolnik,1996-07-08,30.83,7.69,7.55,6,5,1,170.0,34.0,0.0,0.2,70.0,14.0,10.8,77.14,85.34,20.11,1.2,4.0,3.0,0.2,0.0,12.8,4.0,2.8,3.2,1.4,1.2,85.72,87.41,0.0,0.0,0.6,0.2,100.0,0.2,2.6
1207,Liga I (RO),32432,Mouhamadou Drammeh,M. Drammeh,1999-05-15,69.06,19.3,17.99,25,24,1,2392.0,99.67,0.21,1.75,687.0,28.62,25.58,89.38,89.18,15.66,1.33,6.38,5.38,0.67,0.46,15.5,3.96,3.5,18.96,6.62,5.71,86.16,83.2,1.0,0.12,13.96,3.17,67.11,2.12,3.17
1207,Liga I (RO),32445,Matei Cristian Ilie,M. Ilie,2002-12-11,90.75,22.7,24.88,28,28,0,2863.0,102.25,0.11,0.93,1100.0,39.29,32.43,82.55,87.98,20.14,3.96,9.61,7.18,0.21,0.11,30.5,8.04,5.39,12.64,4.89,3.36,68.61,74.05,0.21,0.07,2.21,0.75,57.14,0.43,6.68
1207,Liga I (RO),32448,Claudiu Micovschi,C. Micovschi,1999-05-19,30.89,6.89,8.41,18,16,2,313.0,19.56,0.06,0.31,110.0,6.88,4.69,68.18,73.49,14.31,0.31,2.19,1.25,0.25,0.12,0.44,0.19,0.12,7.62,2.5,1.44,57.5,64.71,0.19,0.06,5.56,1.56,32.0,0.5,2.44
1207,Liga I (RO),32449,Daniel Dumbravanu,D. Dumbravanu,2001-07-22,102.08,27.29,18.68,2,2,0,318.0,159.0,0.0,0.0,126.0,63.0,50.5,80.16,88.42,21.55,9.5,14.0,15.5,0.0,0.0,59.5,16.0,7.5,19.0,7.5,4.5,60.0,79.54,0.0,0.0,2.0,1.0,0.0,0.0,11.5
1207,Liga I (RO),32489,Gabriel Debeljuh,G. Debeljuh,1996-09-28,56.11,13.57,13.23,15,14,1,353.0,25.21,0.0,0.5,97.0,6.93,4.79,69.07,76.96,11.91,0.07,3.29,1.07,0.36,0.21,0.43,0.0,0.0,10.29,2.5,1.64,65.71,70.98,0.36,0.0,7.21,1.36,57.9,0.79,1.57
1207,Liga I (RO),32490,Denis Ciobotariu,D. Ciobotariu,1998-06-10,85.69,23.86,21.57,20,19,1,2144.0,112.84,0.05,0.58,796.0,41.89,36.32,86.68,89.48,18.05,3.16,9.89,8.58,0.26,0.16,27.79,8.21,6.53,14.32,6.32,5.37,85.0,82.15,0.21,0.05,3.26,1.16,45.45,0.53,5.53
1207,Liga I (RO),32493,Nicolae Carnat,N. Carnat,1998-04-08,29.01,6.41,9.64,7,7,0,137.0,19.57,0.0,0.43,45.0,6.43,3.71,57.78,64.13,13.05,0.0,1.57,1.0,0.29,0.29,0.71,0.43,0.29,7.43,3.43,1.86,54.17,59.45,0.43,0.0,6.71,2.43,35.29,0.86,3.29
1207,Liga I (RO),32494,Jakub Vojtuš,J. Vojtuš,1993-10-22,33.26,8.67,7.82,20,18,2,315.0,17.5,0.0,0.28,100.0,5.56,3.72,67.0,74.67,11.15,0.17,2.56,0.83,0.44,0.17,0.33,0.11,0.06,6.89,2.06,1.44,70.27,73.11,0.11,0.0,4.89,1.28,43.48,0.56,1.56
1207,Liga I (RO),32920,Francisco Anderson de Jesus dos Santos,Anderson Ceará,1999-05-21,76.64,17.29,23.76,36,34,2,3453.0,101.56,0.26,2.35,830.0,24.41,19.26,78.91,78.09,16.44,2.15,4.94,2.94,0.29,0.35,8.26,1.91,1.26,32.68,7.74,5.53,71.48,66.93,1.32,0.21,22.94,4.74,53.42,2.53,6.35
1207,Liga I (RO),33009,Christian Kendji Wagatsuma Ferreira,Kazu,2000-03-18,60.74,15.15,14.81,21,20,1,1248.0,62.4,0.05,0.5,389.0,19.45,15.15,77.89,81.4,15.74,1.1,4.15,4.25,0.15,0.25,11.3,3.1,1.95,12.7,4.4,2.8,63.64,68.19,0.3,0.05,8.65,2.1,33.33,0.7,4.75
1207,Liga I (RO),33639,Fábio Patrick dos Reis dos Santos Fernandes,Patrick,1993-12-13,77.1,19.53,17.66,36,34,2,1624.0,47.76,0.06,1.21,447.0,13.15,8.74,66.44,70.8,15.19,0.91,3.79,1.88,0.82,0.59,1.71,0.5,0.21,18.09,5.62,3.62,64.4,63.18,0.65,0.06,16.62,4.24,45.83,1.94,5.09
1207,Liga I (RO),33690,Bruno Lourenço Pinto de Almeida Paz,Bruno Paz,1998-04-23,35.68,9.12,7.87,16,15,1,730.0,48.67,0.13,1.0,249.0,16.6,13.67,82.33,86.55,13.54,0.47,4.93,4.4,0.53,0.53,6.8,1.6,1.13,9.53,3.6,3.0,83.33,81.08,0.6,0.07,6.53,2.07,70.97,1.47,2.27
1207,Liga I (RO),33867,Andrea Padula,A. Padula,1996-04-04,58.95,12.92,17.48,19,19,0,1104.0,58.11,0.05,1.16,346.0,18.21,14.47,79.48,80.28,15.12,1.26,3.89,3.95,0.37,0.05,6.47,2.37,2.0,12.58,4.0,3.16,78.95,76.66,0.47,0.0,9.63,2.42,54.35,1.32,4.68
1207,Liga I (RO),33871,Marc Fred Tsoungui,M. Tsoungui,2002-07-30,85.18,20.25,25.43,3,3,0,215.0,71.67,0.0,1.0,75.0,25.0,19.0,76.0,83.74,15.52,0.67,5.33,6.0,0.33,0.0,14.67,3.67,1.67,11.0,5.0,3.67,73.33,76.9,0.67,0.0,5.0,1.67,40.0,0.67,6.0
1207,Liga I (RO),34119,Tobias Christensen,T. Christensen,2000-05-11,79.62,22.14,20.04,33,32,1,4815.0,150.47,0.41,3.06,1383.0,43.22,37.75,87.35,86.73,16.01,3.09,6.69,7.5,0.5,0.84,23.41,6.53,4.72,30.84,11.09,8.41,75.77,76.31,1.38,0.25,22.06,4.94,67.72,3.34,6.53
1207,Liga I (RO),34217,Mohamed Badamosi,M. Badamosi,1998-12-27,56.68,14.95,14.66,5,5,0,105.0,21.0,0.0,0.8,36.0,7.2,5.0,69.44,78.16,10.79,0.2,2.4,1.4,0.8,0.6,0.6,0.0,0.0,11.6,3.8,2.6,68.42,76.25,0.8,0.0,9.0,2.0,60.0,1.2,1.6
1207,Liga I (RO),34503,Valentin Crețu,V. Crețu,1989-01-02,89.54,28.2,18.67,24,24,0,3295.0,137.29,0.29,2.67,1086.0,45.25,35.88,79.28,78.92,16.12,2.67,10.71,8.54,1.54,0.92,28.21,8.79,6.75,37.54,13.88,10.42,75.08,71.19,1.17,0.17,21.42,6.58,43.67,2.88,12.62
1207,Liga I (RO),34504,Alexandru Albu,A. Albu,1993-08-17,89.68,19.47,27.05,17,17,0,1160.0,68.24,0.12,0.82,379.0,22.29,18.82,84.43,84.3,14.8,1.06,7.65,5.0,0.65,0.18,9.53,2.88,2.41,10.24,4.24,3.35,79.17,75.36,0.18,0.06,7.18,1.94,63.64,1.24,4.18
1207,Liga I (RO),34639,Kennedy Kofi Boateng,K. Boateng,1996-11-29,96.88,29.74,21.43,38,36,2,4353.0,120.92,0.06,0.61,1711.0,47.53,43.69,91.94,95.21,17.68,3.14,8.17,11.58,0.06,0.06,21.06,4.42,3.53,12.58,5.44,5.14,94.39,94.9,0.08,0.03,2.14,0.36,61.54,0.22,2.58
1207,Liga I (RO),35651,Mohammed Kesselly  Kamara,M. Kamara,1997-10-31,26.52,5.88,3.53,2,2,0,65.0,32.5,0.0,0.0,17.0,8.5,7.0,82.35,80.12,11.96,0.5,1.0,0.5,0.0,0.5,4.0,0.5,0.5,9.0,2.5,1.5,60.0,75.51,0.0,0.0,10.0,2.0,50.0,1.0,2.5
1207,Liga I (RO),35753,Jonathan Cissé,J. Cissé,1997-05-18,83.9,22.75,22.87,17,16,1,1618.0,101.12,0.0,0.38,648.0,40.5,37.06,91.51,92.99,18.13,2.38,8.19,9.94,0.0,0.06,23.94,7.0,5.94,14.56,6.19,5.88,94.95,91.79,0.06,0.0,0.69,0.31,60.0,0.19,3.5
1207,Liga I (RO),35956,Fábio Pereira Baptista,Fabinho Baptista,2001-03-29,49.42,18.83,9.21,2,2,0,195.0,97.5,0.0,1.5,56.0,28.0,23.5,83.93,87.31,14.61,0.5,4.0,3.5,0.0,0.5,11.5,1.5,1.0,24.0,6.5,5.0,76.92,73.96,0.5,0.0,20.5,3.5,57.14,2.0,4.5
1207,Liga I (RO),36000,Maks Juraj Čelić,M. Čelić,1996-03-08,95.64,22.91,29.74,9,8,1,784.0,98.0,0.0,0.12,296.0,37.0,32.12,86.82,90.41,20.13,3.25,6.12,7.25,0.25,0.0,30.12,8.75,6.5,8.75,3.0,2.12,70.83,75.82,0.0,0.0,1.62,0.5,0.0,0.0,5.38
1207,Liga I (RO),36004,Oleksandr Romanchuk,O. Romanchuk,1999-12-16,92.61,27.56,20.53,32,32,0,5219.0,163.09,0.16,1.28,1764.0,55.12,47.97,87.02,90.06,19.3,6.53,11.5,10.53,0.53,0.09,44.47,12.16,9.56,22.06,7.12,6.47,90.79,86.5,0.31,0.06,5.75,1.31,42.86,0.56,6.94
1207,Liga I (RO),37166,Jug Stanojev,J. Stanojev,1999-07-29,55.73,15.37,15.85,15,15,0,638.0,42.53,0.27,0.8,213.0,14.2,11.73,82.63,80.58,14.69,0.67,4.6,2.13,0.47,0.2,2.73,0.6,0.47,14.0,4.6,3.27,71.02,70.17,0.67,0.13,9.33,2.4,41.67,1.0,3.4
1207,Liga I (RO),37214,Kevin Luckassen Brobbey,K. Brobbey,1993-07-26,26.17,5.8,6.98,19,17,2,192.0,11.29,0.06,0.47,61.0,3.59,2.53,70.49,68.25,12.6,0.18,1.47,0.82,0.29,0.24,0.24,0.06,0.0,4.88,1.47,1.0,68.0,70.24,0.29,0.06,3.24,0.82,50.0,0.41,1.47
1207,Liga I (RO),37216,Ely Ernesto Lopes Fernandes,Ely Fernandes,1990-11-04,56.32,13.84,15.98,26,23,3,1243.0,54.04,0.17,1.0,358.0,15.57,10.96,70.39,75.73,13.86,0.74,4.13,2.61,0.57,0.57,4.09,1.39,0.74,16.35,5.26,3.35,63.64,70.25,0.39,0.09,13.78,3.96,41.76,1.65,4.78
1207,Liga I (RO),37222,Adrian Şut,A. Şut,1999-04-30,91.53,26.7,19.24,14,14,0,2262.0,161.57,0.29,1.93,726.0,51.86,44.71,86.23,87.14,18.11,5.71,16.86,10.64,1.36,1.0,25.14,6.71,4.93,16.93,7.5,5.57,74.29,74.77,0.36,0.0,18.21,4.86,52.94,2.57,8.5
1207,Liga I (RO),37223,Octavian Popescu,O. Popescu,2002-12-27,42.21,12.52,8.98,27,27,0,1651.0,61.15,0.11,1.81,496.0,18.37,15.22,82.86,81.18,12.82,0.7,5.19,2.48,0.7,0.37,5.59,1.52,1.04,17.33,5.59,4.19,74.83,71.43,1.0,0.07,16.78,3.85,66.35,2.56,3.93
1207,Liga I (RO),37224,Andrei Miron,A. Miron,1994-05-28,99.55,26.13,22.22,36,35,1,3591.0,102.6,0.03,0.29,1355.0,38.71,33.09,85.46,89.94,19.3,3.09,8.66,5.91,0.03,0.0,26.63,7.34,4.86,9.34,4.37,3.86,88.24,86.7,0.14,0.06,0.97,0.29,50.0,0.14,5.14
1207,Liga I (RO),37225,Gabriel Simion,G. Simion,1998-05-22,57.94,16.8,16.4,20,19,1,1244.0,65.47,0.05,0.74,448.0,23.58,21.53,91.29,91.15,15.91,1.63,9.47,6.89,0.11,0.26,9.21,2.63,2.37,6.47,2.74,2.42,88.46,85.69,0.16,0.0,2.95,0.47,66.67,0.32,1.74
1207,Liga I (RO),37229,Cătălin George Straton,C. Straton,1989-10-09,97.64,21.66,22.62,7,6,1,292.0,48.67,0.0,0.0,79.0,13.17,6.83,51.9,77.98,33.28,2.83,3.5,0.67,0.0,0.0,20.17,5.17,1.67,8.83,1.83,1.67,90.91,88.08,0.0,0.0,0.0,0.0,,0.0,1.67
1207,Liga I (RO),37231,Ovidiu Perianu,O. Perianu,2002-04-16,51.95,12.03,12.47,3,3,0,118.0,39.33,0.0,0.0,41.0,13.67,10.0,73.17,88.49,16.24,0.0,6.0,1.0,0.0,0.0,6.33,0.67,0.67,6.33,2.33,2.33,100.0,89.89,0.0,0.0,6.67,1.0,33.33,0.33,2.0
1207,Liga I (RO),37237,Daniel Graovac,D. Graovac,1993-08-08,87.85,28.24,18.78,18,17,1,2073.0,121.94,0.0,1.0,850.0,50.0,47.0,94.0,94.73,18.25,3.0,13.65,5.71,0.12,0.12,25.12,4.71,3.88,13.24,5.29,4.82,91.11,89.13,0.35,0.0,2.24,0.47,37.5,0.18,3.06
1207,Liga I (RO),37239,Mihai Popa,M. Popa,2000-10-12,98.3,23.45,28.88,17,17,0,839.0,49.35,0.12,0.12,264.0,15.53,9.88,63.64,80.35,31.18,3.88,4.06,1.18,0.0,0.0,19.53,6.0,2.0,6.94,1.29,1.12,86.36,94.26,0.0,0.0,0.0,0.0,,0.0,1.76
1207,Liga I (RO),37241,Silviu Balaure,S. Balaure,1996-02-06,78.55,19.79,23.24,16,16,0,1592.0,99.5,0.19,2.56,488.0,30.5,25.19,82.58,81.89,13.9,1.0,7.56,5.06,0.81,0.44,11.31,2.81,2.25,26.38,9.44,7.0,74.17,73.52,1.12,0.12,19.06,4.69,46.67,2.19,7.25
1207,Liga I (RO),37242,Valentin Gheorghe,V. Gheorghe,1997-02-14,44.13,10.47,12.89,24,22,2,570.0,25.91,0.05,0.59,171.0,7.77,5.91,76.02,77.51,13.94,0.23,1.77,1.05,0.41,0.09,2.09,0.64,0.5,8.82,2.73,1.73,63.33,69.2,0.23,0.05,7.59,1.77,43.59,0.77,2.14
1207,Liga I (RO),37245,Ştefan Baiaram,Ş. Baiaram,2002-12-31,58.93,18.29,12.85,37,37,0,2587.0,69.92,0.38,2.35,783.0,21.16,17.89,84.55,82.37,12.42,0.41,5.62,3.27,0.78,0.24,6.0,1.57,1.14,24.46,7.22,5.81,80.52,73.86,1.27,0.27,21.03,4.46,71.52,3.19,4.38
1207,Liga I (RO),37250,George Alexandru Cîmpanu,G. Cîmpanu,2000-10-08,55.56,14.53,11.77,14,13,1,709.0,54.54,0.38,1.77,192.0,14.77,10.54,71.35,77.55,14.8,0.77,3.85,2.38,0.38,0.69,3.38,0.77,0.54,19.23,4.46,2.92,65.52,71.74,0.69,0.08,15.69,3.54,65.22,2.31,4.31
1207,Liga I (RO),37254,Alexandru Pantea,A. Pantea,2003-09-11,72.44,19.9,16.86,22,21,1,1658.0,78.95,0.0,0.86,595.0,28.33,22.48,79.33,83.88,17.9,3.05,8.52,5.1,0.33,0.14,15.0,5.0,3.19,15.14,5.57,4.19,75.21,76.03,0.24,0.0,6.19,1.81,52.63,0.95,5.62
1207,Liga I (RO),37258,Cristian Daniel Neguţ,C. Neguţ,1995-12-09,78.06,19.5,21.96,37,35,2,3033.0,86.66,0.23,1.74,829.0,23.69,16.0,67.55,72.28,15.15,1.6,7.06,3.6,1.31,0.83,5.37,1.37,0.71,30.14,8.34,4.97,59.59,61.33,0.89,0.17,27.43,6.94,40.74,2.83,8.71
1207,Liga I (RO),37260,Daniel Popa,D. Popa,1995-07-14,49.19,10.93,15.41,7,6,1,151.0,25.17,0.17,0.33,54.0,9.0,6.67,74.07,80.43,12.17,0.33,3.67,1.33,0.17,0.0,0.33,0.0,0.0,9.0,3.0,2.33,77.78,79.62,0.33,0.17,6.5,1.5,77.78,1.17,1.5
1207,Liga I (RO),37262,Marian Aioani,M. Aioani,1999-11-07,92.17,24.42,24.81,29,28,1,1579.0,56.39,0.04,0.18,556.0,19.86,16.11,81.12,89.42,23.1,3.21,3.89,2.29,0.0,0.0,18.29,5.11,3.0,10.82,3.89,3.71,95.41,95.85,0.04,0.0,0.0,0.0,,0.0,1.71
1207,Liga I (RO),37263,Tiberiu Căpușă,T. Căpușă,1998-04-06,86.57,21.55,24.76,35,33,2,3349.0,101.48,0.06,1.36,1119.0,33.91,27.67,81.59,82.08,17.05,2.45,8.36,7.3,0.55,0.39,28.73,9.15,7.61,19.24,6.91,5.61,81.14,76.9,0.48,0.0,7.52,2.33,44.16,1.03,7.58
1207,Liga I (RO),37404,Martins Daniel  Toutou Mpondo  ,M. Toutou Mpondo,1996-03-13,26.65,7.16,6.45,7,7,0,74.0,10.57,0.0,0.14,21.0,3.0,1.0,33.33,53.59,9.33,0.0,1.29,0.14,0.14,0.0,0.29,0.14,0.0,6.14,1.43,0.71,50.0,54.61,0.14,0.0,6.14,1.29,22.22,0.29,1.43
1207,Liga I (RO),37838,Issouf Macalou,I. Macalou,1998-12-27,69.51,19.13,18.56,34,32,2,2035.0,63.59,0.44,1.78,540.0,16.88,12.09,71.67,72.49,16.91,1.09,3.72,2.22,0.16,0.28,2.34,0.56,0.34,25.19,5.78,3.69,63.78,64.48,1.0,0.31,20.34,4.88,48.72,2.38,6.16
1207,Liga I (RO),37968,Louis Munteanu,L. Munteanu,2002-06-16,67.4,17.78,18.18,12,12,0,601.0,50.08,0.33,2.08,187.0,15.58,10.83,69.52,72.88,15.3,1.42,5.33,2.17,1.67,0.58,1.83,0.83,0.42,20.17,6.92,4.75,68.67,67.07,1.5,0.25,15.75,5.08,50.82,2.58,6.0
1207,Liga I (RO),41087,Antonio Bosec,A. Bosec,1997-08-28,99.35,23.46,24.24,1,1,0,91.0,91.0,1.0,3.0,36.0,36.0,29.0,80.56,78.53,15.1,1.0,8.0,7.0,1.0,0.0,18.0,8.0,4.0,23.0,12.0,9.0,75.0,63.47,2.0,1.0,15.0,5.0,80.0,4.0,11.0
1207,Liga I (RO),46100,John Charles Petro,C. Petro,2001-02-08,91.83,24.26,20.19,34,33,1,4582.0,138.85,0.15,2.12,1506.0,45.64,37.21,81.54,86.94,17.23,3.09,16.18,7.76,0.7,0.42,26.88,6.64,4.03,16.73,6.33,4.97,78.47,80.48,0.48,0.03,10.97,2.73,47.78,1.3,6.94
1207,Liga I (RO),46148,Bismark Adjei-Boateng,N. Boateng,1994-05-10,21.86,5.96,4.39,5,5,0,145.0,29.0,0.0,0.0,55.0,11.0,9.2,83.64,91.1,14.89,0.4,2.4,2.4,0.0,0.2,5.4,1.8,1.6,4.2,2.4,2.0,83.33,89.64,0.0,0.0,1.4,0.2,100.0,0.2,0.8
1207,Liga I (RO),46174,Andrej Fábry,A. Fábry,1997-03-01,41.92,11.72,11.42,20,19,1,885.0,46.58,0.11,0.95,281.0,14.79,12.16,82.21,81.45,16.33,1.26,3.32,3.11,0.47,0.32,4.16,1.42,1.11,12.84,4.37,3.26,74.7,70.23,0.53,0.11,8.32,2.32,59.09,1.37,3.11
1207,Liga I (RO),46194,Leard Sadriu,L. Sadriu,2001-04-22,93.06,20.06,25.24,31,29,2,2290.0,78.97,0.03,0.38,908.0,31.31,23.76,75.88,84.24,22.41,4.17,6.93,4.86,0.21,0.07,20.59,6.0,3.0,9.69,3.45,2.72,79.0,77.75,0.14,0.0,2.34,0.86,32.0,0.28,6.97
1207,Liga I (RO),47900,Guilherme Araújo Soares,Guilherme Soares,2001-02-08,73.01,16.25,21.16,10,10,0,592.0,59.2,0.0,0.4,221.0,22.1,18.6,84.16,89.89,18.91,2.0,4.1,4.5,0.0,0.1,16.1,5.4,4.0,9.1,4.2,3.6,85.71,90.4,0.2,0.0,1.1,0.4,0.0,0.0,2.7
1207,Liga I (RO),49283,Dino Mikanović,D. Mikanović,1994-05-07,88.28,24.04,24.15,31,30,1,2654.0,88.47,0.3,1.57,1000.0,33.33,27.0,81.0,82.61,17.6,2.63,10.87,5.87,0.53,0.2,17.93,5.87,4.23,22.7,8.43,7.07,83.79,76.52,0.8,0.23,8.87,2.6,58.97,1.53,7.63
1207,Liga I (RO),49456,Jovo Lukić,J. Lukić,1998-11-28,82.86,22.31,22.44,30,29,1,1587.0,54.72,0.07,1.41,502.0,17.31,12.83,74.1,77.19,13.36,0.69,6.48,2.31,0.97,0.24,1.14,0.28,0.07,21.55,7.1,4.9,68.93,70.34,0.76,0.07,14.93,4.0,57.76,2.31,4.69
1207,Liga I (RO),49591,Antoni Ivanov,A. Ivanov,1995-09-11,89.78,21.75,26.24,27,26,1,2541.0,97.73,0.19,1.27,892.0,34.31,29.54,86.1,86.54,16.55,3.08,13.04,8.12,0.35,0.27,13.54,4.15,3.46,9.69,4.54,3.81,83.9,82.7,0.15,0.0,5.31,1.31,61.76,0.81,4.15
1207,Liga I (RO),49680,Michael Pavlović,M. Pavlović,2001-06-12,62.49,15.12,14.86,17,16,1,815.0,50.94,0.06,0.31,280.0,17.5,12.56,71.79,77.39,16.05,1.06,4.88,4.0,0.25,0.19,11.69,3.88,2.44,11.06,3.44,2.56,74.55,74.95,0.0,0.0,5.62,1.25,40.0,0.5,5.5
1207,Liga I (RO),49681,Jakov Blagaić,J. Blagaić,2000-02-08,58.37,13.24,15.38,15,14,1,680.0,48.57,0.0,0.71,202.0,14.43,10.93,75.74,80.98,14.85,0.93,4.0,2.21,0.43,0.29,4.93,1.21,0.93,10.64,4.21,3.07,72.88,74.58,0.36,0.0,8.57,1.86,57.69,1.07,3.07
1207,Liga I (RO),49903,Anzor Mekvabishvili,A. Mekvabishvili,2001-06-05,69.37,21.29,16.34,33,33,0,4187.0,126.88,0.3,1.76,1351.0,40.94,36.91,90.16,90.43,16.45,2.88,8.94,10.82,0.42,0.61,21.21,5.67,4.64,12.97,5.42,4.36,80.45,77.44,0.42,0.12,10.82,2.61,56.98,1.48,4.0
1207,Liga I (RO),49973,Eduard Florescu,E. Florescu,1997-06-27,62.2,14.94,16.42,30,28,2,1816.0,64.86,0.14,1.11,521.0,18.61,13.21,71.02,76.85,12.38,0.46,5.68,2.89,0.68,0.46,5.54,1.68,0.96,19.25,6.32,4.04,63.84,71.49,0.64,0.11,16.07,3.54,49.49,1.75,5.46
1207,Liga I (RO),49977,Eduard Pap,E. Pap,1994-07-01,98.33,21.75,29.95,35,34,1,2012.0,59.18,0.0,0.06,658.0,19.35,13.09,67.63,79.84,29.29,4.97,3.53,1.29,0.0,0.03,22.56,7.15,3.03,8.76,1.74,1.59,91.53,89.39,0.0,0.0,0.03,0.03,100.0,0.03,2.76
1207,Liga I (RO),49979,Alexandru Țigănașu,A. Țigănașu,1990-06-12,81.9,21.17,18.25,21,20,1,1785.0,89.25,0.05,0.85,632.0,31.6,23.65,74.84,77.9,17.66,2.8,8.55,5.7,0.6,0.7,27.25,8.2,4.95,15.05,6.1,4.35,71.31,67.29,0.35,0.05,8.65,2.4,43.75,1.05,9.35
1207,Liga I (RO),50121,Aviel Zargari,A. Zargari,2002-12-11,60.16,15.35,15.24,15,15,0,1096.0,73.07,0.0,0.87,343.0,22.87,19.33,84.55,88.82,16.56,1.2,5.33,4.87,0.13,0.33,15.33,3.47,2.6,9.2,3.53,2.6,73.58,80.2,0.27,0.0,4.87,1.0,26.67,0.27,2.87
1207,Liga I (RO),53335,Vadik Murria Soriano,V. Murria,2000-09-07,61.77,15.03,15.15,10,10,0,541.0,54.1,0.0,0.3,229.0,22.9,19.7,86.03,93.19,17.48,0.9,5.5,5.5,0.0,0.2,10.5,2.7,2.0,3.8,2.0,1.9,95.0,93.37,0.0,0.0,0.4,0.2,50.0,0.1,1.9
1207,Liga I (RO),54542,Moonga Aluta Simba,M. Simba,2000-05-08,40.16,10.34,8.81,10,10,0,459.0,45.9,0.0,1.1,118.0,11.8,9.5,80.51,77.89,13.33,0.3,2.3,1.8,0.4,0.2,3.1,0.5,0.4,15.5,3.7,2.6,70.27,70.4,0.5,0.0,13.9,3.0,53.33,1.6,3.4
1207,Liga I (RO),54943,Lucas De Vega Lima,Lucas de Vega,2000-01-16,62.76,16.71,17.98,2,2,0,219.0,109.5,0.5,1.0,60.0,30.0,27.0,90.0,92.03,16.4,3.5,6.5,8.0,0.0,1.0,16.5,4.5,3.5,17.0,4.0,4.0,100.0,90.81,0.0,0.0,11.0,1.0,100.0,1.0,1.0
1207,Liga I (RO),58641,Jair Tavares da Silva,Jair,1994-08-03,47.73,12.62,13.04,19,18,1,804.0,44.67,0.0,0.83,265.0,14.72,12.61,85.66,87.47,13.8,0.33,3.39,3.0,0.33,0.28,5.33,1.61,1.33,12.17,4.56,4.11,90.24,83.31,0.39,0.0,6.28,1.17,61.9,0.72,1.72
1207,Liga I (RO),60117,Miguel Muñoz Fernández,Miguel Muñoz,1996-11-22,4.08,0.76,0.58,2,2,0,15.0,7.5,0.0,0.0,5.0,2.5,1.5,60.0,69.85,10.7,0.0,0.0,0.0,0.0,0.0,1.5,0.5,0.5,1.0,0.5,0.0,0.0,30.65,0.0,0.0,2.5,0.5,0.0,0.0,1.0
1207,Liga I (RO),60192,Dmytro Pospelov,D. Pospelov,1991-10-19,98.06,24.51,26.92,29,28,1,2940.0,105.0,0.11,0.54,1148.0,41.0,35.93,87.63,92.25,19.07,3.07,10.21,8.46,0.04,0.0,23.21,5.75,4.25,11.68,4.86,4.64,95.59,92.59,0.11,0.0,1.04,0.14,50.0,0.07,3.64
1207,Liga I (RO),60633,Otto Hindrich,O. Hindrich,2002-08-05,99.44,26.58,25.7,15,15,0,530.0,35.33,0.0,0.0,230.0,15.33,11.47,74.78,84.91,23.36,2.53,2.8,2.27,0.0,0.0,12.67,4.27,1.47,6.73,2.07,2.0,96.77,98.5,0.0,0.0,0.0,0.0,,0.0,1.67
1207,Liga I (RO),61247,Yassine Zakir,Y. Zakir,1997-03-13,62.41,14.75,18.45,30,25,5,1196.0,47.84,0.04,0.92,340.0,13.6,10.16,74.7,77.61,14.78,0.6,3.96,2.12,0.28,0.24,1.8,0.44,0.24,15.28,4.48,3.32,74.11,74.03,0.44,0.04,13.96,2.6,52.31,1.36,3.76
1207,Liga I (RO),63152,Cătălin Vulturar,C. Vulturar,2004-03-09,55.18,13.15,15.69,20,19,1,1002.0,52.74,0.05,0.37,351.0,18.47,15.89,86.04,89.17,16.76,1.21,6.0,4.58,0.32,0.05,6.84,2.11,1.58,4.89,1.79,1.37,76.47,82.4,0.0,0.0,3.74,0.68,76.92,0.53,1.89
1207,Liga I (RO),64203,Tommi Jyry,T. Jyry,1999-08-16,91.42,21.88,25.37,36,34,2,3398.0,99.94,0.03,1.97,1077.0,31.68,26.91,84.96,85.24,14.13,0.97,6.59,6.18,0.65,0.71,10.59,3.26,2.53,24.15,8.68,6.94,80.0,78.12,0.91,0.0,16.12,3.94,54.48,2.15,4.94
1207,Liga I (RO),64461,Marko Gjorgjievski,M. Gjorgjievski,2000-04-18,44.25,11.54,11.63,28,27,1,679.0,25.15,0.0,0.74,194.0,7.19,5.3,73.71,76.71,11.08,0.11,3.26,0.93,0.67,0.33,0.3,0.04,0.0,9.59,2.74,2.07,75.68,73.45,0.33,0.0,7.3,2.0,64.81,1.3,1.78
1207,Liga I (RO),64622,Milen Zhelev,M. Zhelev,1993-07-15,93.54,23.83,21.59,34,33,1,3147.0,95.36,0.18,1.67,1051.0,31.85,25.03,78.59,81.54,14.96,1.67,8.85,5.79,0.21,0.45,20.3,6.06,4.45,24.64,8.36,6.27,75.0,75.76,0.73,0.06,10.91,2.67,34.09,0.91,7.67
1207,Liga I (RO),64679,Timotej Jambor,T. Jambor,2003-04-04,30.72,9.57,7.14,10,9,1,181.0,20.11,0.0,0.56,67.0,7.44,5.89,79.1,81.39,12.83,0.44,3.33,1.44,0.44,0.11,0.89,0.11,0.0,5.44,2.56,2.11,82.61,72.25,0.22,0.0,4.0,1.22,63.64,0.78,1.67
1207,Liga I (RO),64942,Ilija Masić,I. Masić,1999-04-08,68.55,16.89,17.11,2,2,0,124.0,62.0,0.0,0.0,51.0,25.5,21.0,82.35,88.23,17.92,1.5,10.5,7.5,0.5,0.0,11.5,4.0,2.5,3.0,1.0,0.5,50.0,79.42,0.0,0.0,1.5,0.5,100.0,0.5,3.5
1207,Liga I (RO),65150,Teodor Lungu,T. Lungu,1995-06-12,84.46,17.36,25.82,17,17,0,2092.0,123.06,0.18,1.24,616.0,36.24,27.12,74.84,80.78,19.77,4.0,11.0,7.18,0.88,0.47,20.53,6.24,4.0,16.47,6.41,4.41,68.81,72.56,0.18,0.06,9.29,2.88,48.98,1.41,9.35
1207,Liga I (RO),66261,Marius Ştefănescu,M. Ştefănescu,1998-08-14,52.13,19.18,9.18,1,1,0,67.0,67.0,0.0,3.0,23.0,23.0,22.0,95.65,85.1,14.49,1.0,4.0,2.0,0.0,0.0,3.0,1.0,1.0,18.0,6.0,6.0,100.0,92.54,0.0,0.0,20.0,3.0,66.67,2.0,4.0
1207,Liga I (RO),66266,Adnan Aganović,A. Aganović,1987-10-03,54.83,13.54,14.32,6,5,1,333.0,66.6,0.0,2.0,96.0,19.2,16.8,87.5,85.89,15.12,1.2,4.8,3.0,0.8,0.2,8.2,2.0,1.8,15.4,5.0,4.2,84.0,77.07,0.8,0.0,13.6,2.8,78.57,2.2,3.2
1207,Liga I (RO),66320,Narek Grigoryan,N. Grigoryan,2001-06-17,66.37,18.0,16.8,32,29,3,1935.0,66.72,0.24,2.03,549.0,18.93,14.21,75.04,77.51,13.62,0.72,4.79,3.69,0.69,0.62,3.45,1.14,0.62,20.0,6.59,4.59,69.63,70.82,0.9,0.17,16.17,4.69,58.09,2.72,5.14
1207,Liga I (RO),66323,Nana Kwame Antwi,N. Antwi,2000-08-10,85.22,21.9,24.96,19,18,1,1998.0,111.0,0.11,1.94,560.0,31.11,24.28,78.04,79.63,15.32,1.67,6.11,5.28,1.28,0.33,16.11,3.33,2.33,37.67,10.44,7.11,68.09,70.23,0.94,0.06,21.78,5.83,46.67,2.72,7.78
1207,Liga I (RO),66843,Luis Javier Paradela Díaz,L. Paradela,1997-01-21,40.84,12.49,8.87,2,2,0,138.0,69.0,0.0,1.5,43.0,21.5,18.0,83.72,82.76,15.88,1.0,5.0,5.5,0.0,0.5,11.0,3.0,2.0,14.0,4.5,3.0,66.66,75.58,0.5,0.0,8.5,2.5,80.0,2.0,4.5
1207,Liga I (RO),67348,Andrei Cordea,A. Cordea,1999-06-24,65.68,15.87,19.43,29,29,0,1788.0,61.66,0.14,1.21,502.0,17.31,12.52,72.31,75.76,13.76,0.72,3.86,3.03,0.34,0.52,3.0,0.79,0.48,23.34,6.45,4.38,67.92,67.05,0.59,0.1,15.59,4.0,43.1,1.72,5.52
1207,Liga I (RO),67349,Alexandru Musi,A. Musi,2004-07-17,76.05,22.91,16.56,36,34,2,2754.0,81.0,0.24,2.35,773.0,22.74,18.38,80.85,80.87,11.83,0.5,5.09,3.32,0.65,0.5,5.82,1.21,0.97,27.91,7.82,5.79,74.06,70.54,1.26,0.12,22.06,4.68,52.2,2.44,4.97
1207,Liga I (RO),67965,Kader Keita,K. Keita,2000-11-06,84.27,23.55,21.57,31,30,1,4134.0,137.8,0.27,1.6,1249.0,41.63,37.63,90.39,90.55,16.37,3.27,8.83,9.93,0.37,0.2,21.07,5.1,4.17,15.53,5.6,4.97,88.69,85.62,0.3,0.0,8.6,1.73,61.54,1.07,3.77
1207,Liga I (RO),68498,Alin Fică,A. Fică,2001-06-14,50.37,13.04,12.07,25,25,0,1738.0,69.52,0.12,1.52,507.0,20.28,17.32,85.41,86.21,16.34,1.64,5.04,3.08,0.56,0.36,9.12,1.92,1.4,14.6,4.68,3.56,76.07,78.88,0.6,0.04,11.32,2.44,65.57,1.6,3.44
1207,Liga I (RO),68650,Maxime Sivis,M. Sivis,1998-04-01,87.31,25.97,19.52,32,30,2,2778.0,92.6,0.2,2.1,1035.0,34.5,28.03,81.26,82.22,14.55,1.47,8.47,8.53,1.2,0.4,17.8,6.37,4.87,28.27,11.7,9.23,78.92,76.72,0.8,0.03,10.9,3.43,48.54,1.67,7.23
1207,Liga I (RO),69048,Adrian Mazilu,A. Mazilu,2005-09-13,32.07,10.45,6.86,13,13,0,589.0,45.31,0.08,0.31,157.0,12.08,9.23,76.43,82.7,14.46,0.69,2.23,2.23,0.23,0.23,4.46,0.85,0.69,13.23,3.08,2.08,67.5,77.51,0.15,0.08,6.69,1.23,18.75,0.23,2.46
1207,Liga I (RO),69056,Matteo Duțu,M. Duțu,2005-11-23,44.41,13.52,11.51,9,9,0,510.0,56.67,0.0,0.11,186.0,20.67,18.67,90.32,92.25,15.21,0.44,3.0,4.22,0.11,0.0,13.22,2.56,1.89,9.33,3.44,3.11,90.32,92.67,0.0,0.0,1.33,0.44,50.0,0.22,2.11
1207,Liga I (RO),69057,Andrei Borza,A. Borza,2005-11-12,83.97,22.65,21.55,28,27,1,2280.0,84.44,0.33,1.67,819.0,30.33,23.3,76.8,79.6,15.36,1.52,9.04,6.59,0.85,0.7,14.56,4.26,2.93,22.56,7.81,5.44,69.67,67.53,0.67,0.19,17.04,4.33,36.75,1.59,7.96
1207,Liga I (RO),69060,Robert Bădescu,R. Bădescu,2005-04-02,75.24,19.78,20.99,15,12,3,732.0,61.0,0.0,0.42,259.0,21.58,17.0,78.76,84.19,18.42,1.5,4.92,4.08,0.08,0.08,17.08,5.42,3.58,9.67,3.75,2.17,57.78,70.63,0.17,0.0,3.08,1.0,16.67,0.17,4.33
1207,Liga I (RO),69065,Luca Banu,L. Banu,2005-01-31,35.82,10.18,8.66,4,4,0,106.0,26.5,0.0,0.0,31.0,7.75,7.0,90.32,87.17,14.09,0.25,2.25,0.75,0.25,0.5,1.0,0.25,0.25,2.5,0.75,0.75,100.0,89.85,0.0,0.0,4.25,0.75,66.67,0.5,1.0
1207,Liga I (RO),69714,Renato Espinosa Torres,R. Espinosa,1998-07-06,66.18,14.77,19.83,21,20,1,546.0,27.3,0.0,0.6,198.0,9.9,7.25,73.23,73.33,12.3,0.3,4.7,1.5,0.65,0.45,0.65,0.3,0.25,8.8,3.55,2.5,70.42,68.67,0.4,0.0,6.95,1.95,53.85,1.05,3.3
1207,Liga I (RO),72480,Béni N'Kololo,B. N'Kololo,1996-11-06,51.98,13.83,9.66,5,5,0,249.0,49.8,0.0,1.6,73.0,14.6,11.0,75.34,79.19,14.24,0.6,2.6,1.2,0.4,0.2,2.6,1.2,1.0,15.0,4.8,2.8,58.33,66.38,0.4,0.0,14.4,3.0,40.0,1.2,4.0
1207,Liga I (RO),86110,Benjamin Hadžić,B. Hadžić,1999-03-04,29.49,6.22,9.05,8,6,2,91.0,15.17,0.0,0.17,29.0,4.83,2.83,58.62,74.53,9.58,0.0,1.67,1.0,0.0,0.0,0.0,0.0,0.0,5.33,1.5,0.67,44.45,72.79,0.0,0.0,2.17,0.33,50.0,0.17,1.5
1207,Liga I (RO),89667,Alexandru Tirlea,A. Tirlea,2000-03-28,87.15,21.08,25.77,12,11,1,948.0,86.18,0.09,1.27,303.0,27.55,21.64,78.55,79.56,15.88,1.27,6.45,5.36,0.27,0.18,18.36,5.27,4.36,21.82,7.36,5.73,77.78,76.29,0.27,0.0,9.82,2.45,37.04,0.91,7.36
1207,Liga I (RO),95609,Oucasse Mendy,O. Mendy,2001-06-01,68.19,18.51,18.24,14,14,0,708.0,50.57,0.21,0.86,189.0,13.5,10.21,75.66,80.06,13.97,0.64,2.5,2.5,0.36,0.5,3.86,0.79,0.43,17.0,3.93,2.5,63.64,67.64,0.43,0.14,14.14,3.29,47.83,1.57,3.29
1207,Liga I (RO),100333,Jekob Abiezer Jeno,J. Jeno,2000-06-22,49.63,10.65,13.72,8,8,0,442.0,55.25,0.0,1.12,140.0,17.5,14.62,83.57,86.75,14.91,0.62,5.88,4.12,0.38,0.12,2.62,0.25,0.25,10.5,3.38,2.75,81.48,80.92,0.38,0.0,7.12,1.5,58.33,0.88,2.38
1207,Liga I (RO),100562,Diogo Miguel Costa Rodrigues,Diogo Rodrigues,1999-08-23,71.94,15.89,19.21,6,6,0,419.0,69.83,0.17,1.17,144.0,24.0,19.67,81.94,81.87,15.4,1.5,6.33,4.17,0.67,0.5,10.67,2.67,2.5,15.67,4.83,4.0,82.76,74.27,0.83,0.0,12.33,3.17,31.58,1.0,5.83
1207,Liga I (RO),107001,Dennis Politic,D. Politic,2000-03-05,47.12,13.03,10.56,14,14,0,558.0,39.86,0.36,1.29,174.0,12.43,9.93,79.89,81.8,14.08,0.36,3.86,2.5,0.36,0.14,1.93,0.5,0.43,13.5,4.0,2.93,73.21,74.37,0.71,0.0,10.29,2.29,53.13,1.21,2.71
1207,Liga I (RO),112606,Nikola Stevanović,N. Stevanović,1998-09-13,82.47,26.06,19.5,15,15,0,1763.0,117.53,0.2,0.33,731.0,48.73,44.13,90.56,93.51,17.12,2.47,14.07,6.67,0.13,0.13,24.0,6.0,4.8,11.47,5.0,4.47,89.33,87.93,0.13,0.0,1.2,0.53,62.5,0.33,3.47
1207,Liga I (RO),117591,Borisav Burmaz,B. Burmaz,2001-04-21,32.22,9.56,8.58,3,3,0,47.0,15.67,0.0,0.0,14.0,4.67,3.67,78.57,82.5,11.23,0.0,1.33,1.33,0.33,0.33,0.0,0.0,0.0,4.0,1.67,1.33,80.0,73.79,0.0,0.0,3.67,1.0,0.0,0.0,1.0
1207,Liga I (RO),120563,Adrian Caragea,A. Caragea,2005-09-07,31.82,9.94,7.69,15,13,2,468.0,36.0,0.15,0.85,136.0,10.46,9.23,88.23,89.94,11.69,0.08,2.69,2.0,0.23,0.15,2.85,0.31,0.31,6.92,1.69,1.38,81.82,81.55,0.08,0.0,7.92,1.46,57.89,0.85,0.77
1207,Liga I (RO),120566,Mario Tudose,M. Tudose,2005-01-21,95.25,20.6,25.86,34,32,2,2705.0,84.53,0.0,0.44,1072.0,33.5,27.34,81.62,87.98,20.31,3.25,7.16,5.91,0.16,0.09,21.66,6.41,4.09,10.53,4.69,3.81,81.33,82.97,0.09,0.0,1.81,0.53,41.18,0.22,5.81
1207,Liga I (RO),160943,Ștefan Pănoiu,Ș. Pănoiu,2002-09-23,36.68,9.87,7.38,12,11,1,593.0,53.91,0.27,1.27,203.0,18.45,15.09,81.77,85.7,13.55,0.36,6.36,4.64,0.73,0.64,6.91,1.27,0.64,8.18,3.27,2.09,63.89,72.62,0.09,0.0,9.64,2.18,50.0,1.09,3.36
1207,Liga I (RO),160962,Robert Popa,R. Popa,2003-03-05,98.93,20.26,29.92,13,12,1,522.0,43.5,0.0,0.0,142.0,11.83,7.0,59.15,76.81,28.84,2.58,2.92,1.08,0.0,0.0,14.83,5.33,2.08,4.25,0.33,0.33,100.0,90.28,0.0,0.0,0.0,0.0,,0.0,1.58
1207,Liga I (RO),160963,Dragoș Albu,D. Albu,2001-03-15,68.51,16.61,21.0,38,36,2,2970.0,82.5,0.17,1.14,957.0,26.58,21.36,80.36,82.51,15.58,1.81,7.11,6.58,0.56,0.78,12.39,3.75,2.58,14.47,5.61,3.97,70.79,72.74,0.5,0.0,10.42,2.97,47.66,1.42,5.56
1207,Liga I (RO),160964,Radu Negru,R. Negru,1999-04-17,79.08,19.52,23.24,6,5,1,409.0,81.8,0.0,1.6,128.0,25.6,20.0,78.12,80.08,15.13,1.8,5.0,5.2,0.6,0.6,10.6,3.0,2.4,12.2,4.8,4.4,91.67,85.08,0.4,0.0,11.0,2.8,64.29,1.8,6.6
1207,Liga I (RO),160972,Vlad Pop,V. Pop,2000-08-31,61.12,13.57,18.88,31,29,2,1557.0,53.69,0.07,0.9,508.0,17.52,14.31,81.69,85.71,15.5,1.28,5.72,3.93,0.24,0.07,6.1,1.83,1.14,8.34,2.86,2.34,81.93,78.34,0.41,0.07,4.86,1.1,53.12,0.59,2.45
1207,Liga I (RO),160976,Antonio Borduşanu,A. Borduşanu,2004-08-10,19.75,5.34,5.03,2,2,0,68.0,34.0,0.0,0.5,25.0,12.5,10.5,84.0,83.14,14.43,0.5,1.5,3.0,0.0,0.5,3.0,1.0,0.5,10.0,4.0,3.0,75.0,80.19,0.0,0.0,5.0,1.5,66.67,1.0,3.0
1207,Liga I (RO),160987,Mihai Lixandru,M. Lixandru,2001-06-05,74.24,22.09,16.89,31,30,1,3607.0,120.23,0.2,1.3,1176.0,39.2,34.93,89.12,89.97,18.26,4.13,9.27,6.23,0.23,0.3,21.1,5.77,4.53,12.3,4.97,3.97,79.87,79.99,0.5,0.07,8.23,1.83,60.0,1.1,4.57
1207,Liga I (RO),160994,Octavian Vâlceanu,O. Vâlceanu,1996-10-13,68.2,14.85,21.0,3,3,0,64.0,21.33,0.0,0.0,16.0,5.33,2.67,50.0,70.11,28.28,1.0,1.0,0.0,0.0,0.0,11.0,2.33,0.67,2.67,0.33,0.0,0.0,53.35,0.0,0.0,0.0,0.0,,0.0,1.67
1207,Liga I (RO),160998,Răzvan Trif,R. Trif,1997-10-09,86.93,18.46,26.09,19,19,0,917.0,48.26,0.11,1.0,318.0,16.74,11.26,67.3,75.63,17.28,1.05,4.42,2.42,0.37,0.21,7.63,2.58,1.42,11.74,4.16,2.89,69.62,68.87,0.37,0.05,8.89,2.47,38.3,0.95,5.37
1207,Liga I (RO),160999,Răzvan Onea,R. Onea,1998-05-19,81.9,22.35,21.46,24,24,0,2253.0,93.88,0.17,1.38,794.0,33.08,28.83,87.15,86.67,14.58,1.67,6.21,7.92,0.25,0.29,19.12,5.83,5.04,23.0,8.5,7.42,87.26,81.26,0.33,0.0,9.62,1.96,44.68,0.88,4.79
1207,Liga I (RO),161001,Andres Dumitrescu,A. Dumitrescu,2001-03-11,87.24,22.04,23.25,16,16,0,1295.0,80.94,0.0,1.12,469.0,29.31,20.75,70.79,77.13,16.5,1.75,8.06,3.56,0.88,0.25,12.38,4.44,3.12,21.62,8.38,5.69,67.91,69.58,0.56,0.0,13.0,4.06,27.69,1.12,9.38
1207,Liga I (RO),163133,Carlos Mora Montoya,C. Mora,2001-03-18,76.64,22.88,16.77,29,29,0,2914.0,100.48,0.28,1.48,847.0,29.21,22.17,75.92,78.57,15.36,1.38,5.38,4.21,0.62,0.31,15.07,4.0,2.79,33.17,10.14,6.66,65.65,65.56,0.83,0.21,21.31,5.66,43.9,2.48,8.0
1207,Liga I (RO),163512,João Paulo Moreira Fernandes,João Paulo,1998-05-26,82.65,23.07,18.58,33,31,2,3380.0,109.03,0.16,1.32,1056.0,34.06,29.42,86.36,89.28,15.64,1.97,9.48,6.39,0.58,0.35,15.94,2.87,2.55,18.16,5.26,4.52,85.89,83.33,0.32,0.06,11.81,2.06,62.5,1.29,4.1
1207,Liga I (RO),164925,Ştefan Târnovanu,S. Târnovanu,2000-05-09,98.82,28.84,22.19,25,25,0,1072.0,42.88,0.0,0.08,376.0,15.04,11.92,79.26,84.87,25.88,3.6,3.72,1.4,0.0,0.0,13.64,3.72,1.8,7.04,1.72,1.68,97.67,94.23,0.04,0.0,0.0,0.0,,0.0,1.44
1207,Liga I (RO),168342,Siyabonga Ngezana,S. Ngezana,1997-07-15,89.52,26.07,18.91,17,17,0,1997.0,117.47,0.0,0.82,735.0,43.24,38.65,89.39,93.96,19.36,3.29,6.71,6.12,0.0,0.0,26.41,6.59,5.0,11.76,5.18,4.47,86.36,89.68,0.12,0.0,1.71,0.24,25.0,0.06,3.12
1207,Liga I (RO),170516,Lóránd Pászka,L. Pászka,1996-03-22,98.5,22.05,29.65,27,26,1,2861.0,110.04,0.15,1.73,881.0,33.88,26.0,76.73,79.84,18.13,3.23,7.65,5.42,0.62,0.54,21.35,6.62,4.77,20.19,7.23,5.04,69.68,70.82,0.58,0.04,14.0,4.23,40.0,1.69,8.69
1207,Liga I (RO),170691,André Miguel Pinto Lopes,Andrezinho,1996-12-01,75.02,19.5,17.23,36,34,2,3334.0,98.06,0.32,2.15,1024.0,30.12,25.24,83.79,82.04,13.93,0.97,8.24,5.56,0.85,0.76,10.62,2.85,2.24,22.74,8.12,6.32,77.9,72.1,1.03,0.18,19.35,4.88,55.42,2.71,6.97
1207,Liga I (RO),172196,Rareș Gal,R. Gal,2001-01-25,95.32,25.41,20.73,1,1,0,67.0,67.0,0.0,0.0,21.0,21.0,13.0,61.9,79.33,27.03,4.0,6.0,1.0,0.0,0.0,30.0,9.0,2.0,13.0,2.0,2.0,100.0,99.37,0.0,0.0,0.0,0.0,,0.0,3.0
1207,Liga I (RO),178582,David Miculescu,D. Miculescu,2001-05-02,66.67,20.44,13.69,30,29,1,1537.0,53.0,0.07,1.48,434.0,14.97,11.9,79.49,81.05,15.79,0.93,3.34,3.55,0.62,0.48,3.14,0.76,0.52,16.17,4.59,3.1,67.67,71.73,0.62,0.03,12.45,2.86,57.83,1.66,3.34
1207,Liga I (RO),178755,Bálint Szabó,B. Szabó,2001-01-18,52.07,12.13,15.03,15,14,1,887.0,63.36,0.14,1.79,237.0,16.93,12.21,72.15,76.52,17.67,1.5,2.93,2.64,0.64,0.43,3.5,1.43,0.93,14.93,4.93,3.36,68.12,66.72,1.0,0.07,14.79,4.29,48.33,2.07,5.07
1207,Liga I (RO),179805,Ronaldo Deaconu,R. Deaconu,1997-05-13,37.15,8.81,11.35,11,9,2,311.0,34.56,0.0,0.89,90.0,10.0,7.44,74.44,79.51,16.81,0.67,2.67,1.56,0.22,0.11,4.11,1.22,0.44,9.22,2.67,2.0,75.0,72.2,0.56,0.0,7.67,1.56,57.14,0.89,2.56
1207,Liga I (RO),179997,Danel Jordan Dongmo,D. Dongmo,2001-01-31,89.19,21.78,24.2,26,25,1,3350.0,134.0,0.0,1.72,1009.0,40.36,33.72,83.55,87.37,17.45,3.68,10.08,7.28,0.48,0.6,18.12,5.84,4.4,24.12,8.64,6.6,76.39,78.16,0.64,0.0,13.96,3.36,50.0,1.68,5.4
1207,Liga I (RO),182518,Manuel Alberto Cunha Lopes,Né Lopes,2000-05-29,79.16,19.22,18.66,21,21,0,1770.0,84.29,0.05,0.67,654.0,31.14,27.81,89.3,91.96,18.4,2.0,6.81,5.52,0.24,0.0,20.0,5.76,4.81,9.38,3.9,3.33,85.37,86.8,0.1,0.0,2.52,0.76,37.5,0.29,2.9
1207,Liga I (RO),183574,Aimé Steven Nsimba Labe,S. Nsimba,1996-05-31,58.32,17.5,13.37,34,34,0,1477.0,43.44,0.12,1.15,431.0,12.68,8.44,66.59,71.86,12.75,0.29,4.68,1.76,1.15,0.38,1.74,0.56,0.29,17.35,5.38,3.09,57.38,61.88,0.82,0.12,13.53,3.97,43.7,1.74,4.5
1207,Liga I (RO),186507,Eduard Rădăslăvescu,E. Rădăslăvescu,2004-07-30,64.34,18.21,16.06,38,35,3,2468.0,70.51,0.11,2.11,715.0,20.43,16.57,81.12,82.4,15.2,0.97,4.17,3.51,0.69,0.54,7.17,1.6,1.23,16.69,5.63,4.2,74.62,75.6,0.97,0.09,16.97,3.71,63.85,2.37,4.2
1207,Liga I (RO),208234,Leonardo Da Costa Bolgado,Léo Bolgado,1998-08-20,66.16,16.73,17.46,17,17,0,1243.0,73.12,0.06,0.35,475.0,27.94,24.47,87.58,91.44,19.71,2.24,5.06,5.94,0.12,0.0,18.24,5.18,3.59,8.76,3.0,2.35,78.43,79.57,0.24,0.06,1.12,0.53,44.44,0.24,3.0
1207,Liga I (RO),233305,Cătălin Ionut Cîrjan,C. Cîrjan,2002-12-01,92.56,28.27,20.5,38,36,2,6736.0,187.11,0.33,3.11,1913.0,53.14,45.17,85.0,84.11,13.59,2.25,10.19,9.5,1.03,0.86,39.11,11.42,8.61,38.31,12.81,9.69,75.71,72.67,1.44,0.17,32.44,7.81,69.4,5.42,9.78
1207,Liga I (RO),257441,Lindon Emërllahu,L. Emërllahu,2002-12-07,70.56,18.31,18.85,15,15,0,1342.0,89.47,0.27,3.87,455.0,30.33,25.0,82.42,84.02,15.72,1.6,7.27,7.33,0.87,1.8,9.33,3.4,2.47,22.6,8.67,6.53,75.38,74.92,1.6,0.13,20.27,6.53,66.33,4.33,5.07
1207,Liga I (RO),257442,Meriton Korenica,M. Korenica,1996-12-15,75.3,19.09,21.0,36,36,0,3017.0,83.81,0.17,2.08,886.0,24.61,19.67,79.91,80.76,14.26,1.14,5.61,5.64,0.78,0.94,7.81,2.22,1.56,22.78,7.5,5.56,74.07,74.16,0.81,0.06,20.64,4.44,56.87,2.53,5.61
1207,Liga I (RO),293577,Richard Odada,R. Odada,2000-11-25,70.12,17.99,19.1,20,19,1,1604.0,84.42,0.11,1.26,544.0,28.63,23.37,81.62,87.54,16.74,1.53,9.58,5.42,0.47,0.16,9.79,2.89,2.42,11.11,4.37,3.32,75.9,78.78,0.42,0.05,4.79,1.26,62.5,0.79,4.26
1207,Liga I (RO),303315,Andrei Coubis,A. Coubis,2003-09-29,93.56,25.71,25.27,14,14,0,2086.0,149.0,0.21,0.79,742.0,53.0,47.07,88.81,93.03,19.78,5.5,11.29,8.86,0.07,0.07,34.36,8.64,7.21,21.64,7.86,6.86,87.27,88.05,0.21,0.07,4.43,0.64,22.22,0.14,3.93
1207,Liga I (RO),306322,Andrei Dumiter,A. Dumiter,1999-04-10,55.79,13.9,12.55,33,32,1,1074.0,33.56,0.06,0.97,294.0,9.19,6.75,73.47,75.89,11.46,0.16,2.94,1.22,0.62,0.22,0.78,0.19,0.16,12.47,3.28,2.19,66.67,70.81,0.5,0.06,12.44,2.5,60.0,1.5,2.53
1207,Liga I (RO),331350,Enriko Papa,E. Papa,1993-03-12,50.48,13.43,11.18,24,23,1,1242.0,54.0,0.17,0.7,423.0,18.39,14.87,80.85,82.44,14.26,0.61,8.35,3.7,0.83,0.22,7.91,2.91,2.09,6.09,2.65,1.83,68.85,66.85,0.17,0.0,7.39,1.96,51.11,1.0,3.87
1207,Liga I (RO),439456,Talisson de Almeida,Talisson,2002-05-21,35.46,10.24,8.06,11,11,0,296.0,26.91,0.0,0.64,78.0,7.09,5.09,71.79,74.43,12.24,0.27,2.0,0.73,0.45,0.18,1.27,0.36,0.09,9.55,2.73,2.0,73.33,67.52,0.45,0.0,10.73,2.82,51.61,1.45,2.27
1207,Liga I (RO),486517,Diogo José Branco Batista,Diogo Batista,2000-04-21,18.5,4.08,5.38,6,6,0,144.0,24.0,0.0,0.67,48.0,8.0,7.33,91.67,87.62,15.41,0.33,2.83,1.83,0.83,0.0,3.33,1.17,1.17,3.0,1.5,1.33,88.89,81.16,0.0,0.0,4.0,0.83,80.0,0.67,1.0
1207,Liga I (RO),507749,Franz Stolz,F. Stolz,2001-02-14,98.7,28.02,23.63,7,7,0,392.0,56.0,0.0,0.0,128.0,18.29,14.86,81.25,88.4,23.55,3.0,3.43,2.14,0.0,0.0,19.71,5.57,3.29,12.57,4.0,3.71,92.86,93.09,0.0,0.0,0.0,0.0,,0.0,2.0
1207,Liga I (RO),513370,Alin Roman,A. Roman,1994-01-27,82.34,20.46,23.23,35,34,1,2779.0,81.74,0.38,2.5,822.0,24.18,16.91,69.95,73.96,15.53,1.59,7.44,4.24,1.0,0.91,6.68,2.32,1.53,25.0,9.68,6.62,68.39,70.74,1.5,0.32,24.32,5.79,54.31,3.15,7.85
1207,Liga I (RO),531633,Ignacio Heras García,Nacho Heras,1997-03-23,40.77,7.17,10.32,4,4,0,92.0,23.0,0.0,0.5,22.0,5.5,3.75,68.18,79.23,13.19,0.0,1.0,1.25,0.0,0.25,0.75,0.5,0.25,9.5,2.25,2.0,88.89,78.12,0.0,0.0,8.75,1.25,40.0,0.5,1.0
1207,Liga I (RO),556099,Daniel Bîrligea,D. Bîrligea,2000-04-19,73.93,22.47,14.99,23,22,1,1148.0,52.18,0.09,1.82,341.0,15.5,11.41,73.61,72.04,12.31,0.05,6.32,2.5,1.32,0.59,1.68,0.55,0.23,17.09,5.55,3.32,59.84,62.24,0.82,0.05,20.68,5.09,57.14,2.91,5.59
1207,Liga I (RO),562467,Paulo Rafael Pereira Araújo,Paulinho,1999-09-21,54.61,14.34,12.14,17,16,1,458.0,28.62,0.12,0.75,143.0,8.94,5.69,63.64,74.27,12.8,0.31,3.31,1.56,0.56,0.44,0.62,0.12,0.0,12.56,3.56,2.38,66.67,70.47,0.38,0.12,10.5,2.5,32.5,0.81,2.88
1207,Liga I (RO),569401,Enzo Adrián López,E. López,1998-03-10,48.97,12.45,10.57,13,13,0,256.0,19.69,0.08,1.0,86.0,6.62,4.85,73.26,72.7,11.49,0.0,3.0,1.31,0.85,0.38,0.62,0.23,0.15,5.62,1.62,1.08,66.67,60.04,0.54,0.08,7.08,2.15,57.14,1.23,1.92
1207,Liga I (RO),583456,Luka Gojković,L. Gojković,1999-11-28,36.18,10.52,9.16,17,16,1,729.0,45.56,0.0,0.94,211.0,13.19,10.44,79.15,76.94,15.57,1.31,4.19,1.81,0.5,0.31,3.88,1.31,0.94,12.5,4.56,3.25,71.23,69.54,0.31,0.0,9.62,2.88,65.22,1.88,3.38
1207,Liga I (RO),611067,Cristian Ignat,C. Ignat,2003-01-29,75.95,15.75,22.37,7,7,0,386.0,55.14,0.0,0.57,165.0,23.57,19.86,84.24,88.43,20.63,2.71,6.0,5.57,0.0,0.14,14.57,4.86,2.57,5.57,2.43,2.0,82.35,78.96,0.29,0.0,1.14,0.57,100.0,0.57,3.57
1207,Liga I (RO),611069,Dan Sîrbu,D. Sîrbu,2003-04-22,62.35,18.0,16.0,17,16,1,1214.0,75.88,0.0,1.81,441.0,27.56,24.25,87.98,90.92,17.47,2.0,7.19,4.06,0.38,0.06,14.75,4.12,3.19,11.69,4.5,3.81,84.72,84.78,0.56,0.0,3.31,1.06,58.82,0.62,2.44
1207,Liga I (RO),616456,Kalifa Kujabi,K. Kujabi,2000-03-05,51.58,12.64,15.31,9,9,0,643.0,71.44,0.0,0.67,208.0,23.11,20.33,87.98,89.3,15.13,1.0,6.44,6.44,0.56,0.22,10.56,3.0,2.33,7.33,3.0,2.33,77.78,80.43,0.0,0.0,6.44,1.33,58.33,0.78,2.11
1207,Liga I (RO),641171,Răzvan Paşcalău,R. Paşcalău,2004-05-05,3.56,0.1,0.81,1,1,0,0.0,0.0,0.0,0.0,0.0,0.0,0.0,,,,0.0,0.0,0.0,0.0,0.0,0.0,0.0,0.0,0.0,0.0,0.0,,,0.0,0.0,0.0,0.0,,0.0,0.0
1207,Liga I (RO),641514,Valon Hamdiu,V. Hamdiu,1998-06-10,83.05,18.98,23.35,19,17,2,1508.0,88.71,0.06,0.41,486.0,28.59,23.59,82.51,86.61,18.38,2.59,10.0,6.06,0.41,0.06,11.94,3.47,2.35,6.12,2.12,1.59,75.0,69.2,0.06,0.0,4.47,1.06,61.11,0.65,4.82
1207,Liga I (RO),649613,Constantin Grameni,C. Grameni,2002-10-23,66.99,18.22,17.69,28,27,1,2348.0,86.96,0.22,1.74,828.0,30.67,25.44,82.97,83.48,16.46,2.37,10.37,8.26,0.67,0.81,13.48,4.7,3.56,12.04,5.7,4.22,74.03,71.98,0.48,0.07,10.48,3.04,42.68,1.3,5.85
1207,Liga I (RO),649614,Mihai Popescu,M. Popescu,1993-05-07,85.83,22.89,19.14,18,18,0,1878.0,104.33,0.0,0.67,670.0,37.22,31.5,84.63,91.08,20.35,3.72,8.67,5.06,0.11,0.06,25.94,6.22,4.39,12.5,4.72,3.83,81.18,84.65,0.22,0.0,2.56,0.72,38.46,0.28,3.94
1207,Liga I (RO),649615,Ionuț Cojocaru,I. Cojocaru,2003-07-28,30.3,8.82,6.39,21,19,2,612.0,32.21,0.11,1.16,158.0,8.32,6.84,82.28,81.07,12.8,0.47,1.68,1.74,0.53,0.32,1.68,0.68,0.53,10.16,3.21,2.63,81.97,76.43,0.74,0.05,11.84,2.47,68.08,1.68,1.95
1207,Liga I (RO),649617,Gustavo Henrique Marins Silva,Gustavo Marins,2002-02-11,91.42,24.54,25.57,12,11,1,1100.0,100.0,0.0,0.45,476.0,43.27,37.82,87.39,93.28,21.15,4.27,9.0,7.18,0.09,0.0,18.55,5.36,4.0,10.36,3.73,3.36,90.24,88.42,0.09,0.0,1.64,0.64,57.14,0.36,3.73
1207,Liga I (RO),649619,Basilio Ndong Owono Nchamaaa,Basilio Ndong,1999-01-17,42.02,8.04,9.71,1,1,0,40.0,40.0,0.0,0.0,15.0,15.0,12.0,80.0,93.57,13.44,0.0,2.0,6.0,0.0,0.0,7.0,2.0,0.0,11.0,4.0,4.0,100.0,97.52,0.0,0.0,2.0,0.0,,0.0,1.0
1207,Liga I (RO),649620,Juraj Badelj,J. Badelj,2003-08-24,58.28,17.27,14.48,12,12,0,1025.0,85.42,0.08,0.42,366.0,30.5,25.92,84.97,89.82,17.72,2.5,5.33,6.83,0.0,0.08,25.5,7.42,5.67,11.42,4.08,3.25,79.59,78.86,0.08,0.0,2.75,0.75,55.56,0.42,4.0
1207,Liga I (RO),654338,Andres Emil Sfait,A. Sfait,2004-12-09,53.79,13.59,14.39,16,16,0,823.0,51.44,0.0,1.0,242.0,15.12,11.88,78.51,77.18,14.17,0.88,3.69,2.94,0.62,0.31,4.75,1.25,0.94,14.69,4.56,3.19,69.86,65.5,0.44,0.0,12.0,2.94,46.81,1.38,4.56
1207,Liga I (RO),687072,Norbert Gábor Kaján,N. Kaján,2004-09-11,6.55,0.89,3.18,1,1,0,0.0,0.0,0.0,0.0,0.0,0.0,0.0,,,,0.0,0.0,0.0,0.0,0.0,0.0,0.0,0.0,0.0,0.0,0.0,,,0.0,0.0,0.0,0.0,,0.0,0.0
1207,Liga I (RO),689058,Alexandru Ișfan,A. Ișfan,2000-01-31,83.86,23.59,21.11,37,34,3,1834.0,53.94,0.26,2.32,563.0,16.56,11.32,68.38,73.03,13.41,0.59,5.82,2.24,1.44,0.74,1.71,0.5,0.35,22.5,7.38,4.91,66.53,68.06,1.29,0.21,21.5,6.0,58.82,3.53,5.41
1207,Liga I (RO),689059,Victor Dican,V. Dican,2000-10-11,75.56,20.57,19.45,31,28,3,2156.0,77.0,0.04,0.68,819.0,29.25,24.96,85.35,89.55,17.69,2.25,9.79,5.29,0.32,0.18,12.21,3.18,2.04,6.32,2.96,2.46,83.13,85.69,0.29,0.0,3.04,0.82,47.83,0.39,3.54
1207,Liga I (RO),689060,Andrei Gorcea,A. Gorcea,2001-08-02,94.46,24.07,26.37,22,21,1,977.0,46.52,0.0,0.05,328.0,15.62,11.62,74.39,81.95,25.75,3.38,4.0,2.0,0.0,0.0,18.1,5.14,2.43,9.57,2.05,1.95,95.35,93.46,0.0,0.0,0.05,0.0,,0.0,1.95
1207,Liga I (RO),689061,Valentin Țicu,V. Țicu,2000-09-19,27.16,8.87,5.26,7,7,0,147.0,21.0,0.0,0.29,50.0,7.14,5.29,74.0,80.25,15.77,0.29,1.86,1.71,0.29,0.0,3.29,0.57,0.43,4.57,1.71,1.29,75.0,72.7,0.14,0.0,2.86,1.0,14.29,0.14,1.86
1207,Liga I (RO),705095,Mykola Kovtalyuk,M. Kovtalyuk,1995-04-26,46.85,13.1,10.37,27,27,0,622.0,23.04,0.07,0.96,213.0,7.89,6.19,78.4,75.98,10.13,0.04,3.33,1.59,0.63,0.33,0.33,0.07,0.04,7.44,2.48,1.96,79.1,72.58,0.48,0.0,7.52,1.93,75.0,1.44,1.89
1207,Liga I (RO),715451,João Pedro Santos Lameira,João Lameira,1999-04-19,94.06,23.55,22.36,31,29,2,3414.0,117.72,0.14,1.79,1136.0,39.17,33.28,84.95,85.44,16.12,2.34,13.86,7.76,0.69,0.52,20.21,6.34,4.79,15.07,5.59,4.41,79.01,75.37,0.72,0.03,10.07,3.03,54.55,1.66,7.21
1207,Liga I (RO),716278,Aboubacar Camara,A. Camara,2001-01-05,89.39,21.17,25.63,25,21,4,1760.0,83.81,0.0,0.48,586.0,27.9,23.29,83.45,88.71,17.7,1.48,5.62,5.05,0.05,0.0,22.62,5.81,4.05,11.24,3.43,2.52,73.61,83.79,0.1,0.0,1.33,0.33,57.14,0.19,3.81
1207,Liga I (RO),719364,Szabolcs Szalay,S. Szalay,2002-02-17,43.53,9.68,13.73,31,29,2,811.0,27.97,0.0,0.83,238.0,8.21,6.55,79.83,81.54,13.65,0.34,1.9,1.72,0.48,0.28,1.79,0.45,0.34,8.41,2.72,2.03,74.68,72.84,0.38,0.0,8.17,1.86,68.52,1.28,1.83
1207,Liga I (RO),727190,Raul Opruț,R. Opruț,1998-01-04,90.58,27.37,20.45,39,37,2,3991.0,107.86,0.22,2.14,1464.0,39.57,32.89,83.13,83.93,15.11,1.86,12.0,9.16,1.68,0.46,19.11,4.49,3.24,27.14,10.54,8.35,79.23,74.74,0.92,0.19,13.46,4.14,45.1,1.86,8.43
1207,Liga I (RO),728575,Ricardo José Veiga Varzim Miranda,Ricardinho,1994-03-24,88.18,21.5,24.14,36,34,2,2844.0,83.65,0.03,1.12,1013.0,29.79,22.0,73.84,76.44,15.96,1.79,8.82,6.91,0.94,0.65,15.47,5.47,4.21,22.29,9.5,6.62,69.66,67.69,0.59,0.0,12.65,3.71,34.13,1.26,9.0
1207,Liga I (RO),728578,Robert Popescu,R. Popescu,2003-03-09,32.76,6.87,9.93,2,2,0,70.0,35.0,0.0,1.5,22.0,11.0,9.5,86.36,90.78,14.58,0.5,3.5,1.5,0.0,0.0,3.5,0.5,0.5,4.5,1.0,1.0,100.0,77.01,0.5,0.0,2.5,0.0,,0.0,1.0
1207,Liga I (RO),728581,Aurelian Chițu,A. Chițu,1991-03-25,68.4,16.87,19.79,35,33,2,2179.0,66.03,0.18,1.39,655.0,19.85,16.85,84.89,81.15,11.74,0.45,5.97,2.7,0.79,0.39,5.03,1.36,1.21,22.27,6.76,5.48,81.17,76.86,0.67,0.06,17.55,3.39,64.29,2.18,3.85
1207,Liga I (RO),728582,Ionuț Gurău,I. Gurău,1999-03-27,99.47,21.2,26.77,8,8,0,297.0,37.12,0.0,0.0,93.0,11.62,8.12,69.9,79.38,26.52,2.5,2.12,1.12,0.0,0.0,15.25,4.5,1.75,3.88,1.0,1.0,100.0,98.36,0.0,0.0,0.12,0.0,,0.0,1.88
1207,Liga I (RO),728597,Takayuki Seto,T. Seto,1986-02-05,27.21,4.79,8.29,13,11,2,169.0,15.36,0.0,0.09,63.0,5.73,4.73,82.54,80.35,15.36,0.09,2.64,1.09,0.27,0.0,1.36,0.18,0.09,1.91,0.91,0.82,90.0,85.02,0.0,0.0,1.18,0.45,80.0,0.36,1.18
1207,Liga I (RO),728598,Iustin Răducan,I. Răducan,2005-07-20,,,,1,0,1,,,,,,,,,,,,,,,,,,,,,,,,,,,,,,
1207,Liga I (RO),728600,Mihnea Rădulescu,M. Rădulescu,2005-09-17,66.43,19.36,15.54,13,13,0,989.0,76.08,0.08,1.85,318.0,24.46,19.23,78.62,82.04,15.58,1.62,4.69,4.77,0.23,0.38,7.62,1.62,1.23,21.46,6.15,5.08,82.5,76.94,0.69,0.0,13.54,3.0,56.41,1.69,5.46
1207,Liga I (RO),728601,Lucian Dumitriu,L. Dumitriu,1992-09-21,18.8,3.61,3.62,2,2,0,18.0,9.0,0.0,0.0,7.0,3.5,3.0,85.71,68.29,18.05,0.0,1.0,1.5,0.5,0.0,1.5,0.5,0.5,3.0,1.5,1.5,100.0,72.77,0.0,0.0,2.0,0.5,0.0,0.0,2.0
1207,Liga I (RO),728603,Dorinel Oancea,D. Oancea,1997-04-02,79.53,17.82,21.19,26,23,3,2083.0,90.57,0.04,1.39,654.0,28.43,20.39,71.71,76.56,17.57,2.57,6.78,4.61,0.57,0.26,18.0,5.65,3.52,22.22,8.7,6.17,71.0,70.27,0.57,0.0,9.13,2.96,44.12,1.3,9.43
1207,Liga I (RO),728613,Alexandru Irimia,A. Irimia,2006-05-12,47.7,11.26,13.19,25,22,3,932.0,42.36,0.14,0.91,277.0,12.59,9.68,76.9,84.04,14.8,0.59,4.09,1.32,0.5,0.14,4.14,0.59,0.45,10.77,3.14,2.41,76.81,77.24,0.36,0.05,7.32,1.36,46.67,0.64,2.41
1207,Liga I (RO),728615,Cristian Mihai,C. Mihai,2004-09-23,40.55,12.18,9.1,25,25,0,1350.0,54.0,0.04,0.68,459.0,18.36,14.92,81.26,87.32,15.88,1.12,6.08,3.44,0.28,0.12,9.72,2.84,2.0,6.6,2.56,2.0,78.13,79.54,0.24,0.0,4.56,1.44,50.0,0.72,2.72
1207,Liga I (RO),728616,Alexandru Benga,A. Benga,1989-06-15,59.08,14.4,16.52,24,23,1,1096.0,47.65,0.0,0.13,464.0,20.17,17.48,86.64,91.17,21.69,2.57,4.09,4.09,0.04,0.0,10.22,2.74,2.04,6.91,3.26,3.04,93.33,89.98,0.13,0.0,0.61,0.17,50.0,0.09,2.09
1207,Liga I (RO),728617,Rareș Pop,R. Pop,2005-06-14,67.71,18.04,17.53,22,21,1,1475.0,70.24,0.1,1.52,415.0,19.76,14.33,72.53,76.45,14.39,0.95,6.0,3.05,0.86,0.43,5.19,1.52,0.95,20.62,5.67,3.95,69.75,70.73,0.24,0.05,19.14,4.52,54.74,2.48,5.86
1207,Liga I (RO),728627,Andrei Rus,A. Rus,2002-05-14,25.2,5.58,7.05,8,7,1,118.0,16.86,0.0,0.14,46.0,6.57,4.0,60.87,75.07,18.07,0.43,2.0,1.57,0.0,0.14,3.71,1.14,0.57,4.71,1.86,1.29,69.23,65.74,0.14,0.0,2.57,0.57,25.0,0.14,2.57
1207,Liga I (RO),728629,Juri Cisotti,J. Cisotti,1993-05-05,76.79,22.4,16.63,36,35,1,2852.0,81.49,0.14,2.57,969.0,27.69,21.97,79.36,79.73,14.8,1.37,7.74,6.91,1.0,0.74,6.26,2.0,1.34,24.03,8.6,6.11,71.1,69.49,1.2,0.06,16.69,5.09,51.12,2.6,6.71
1207,Liga I (RO),728631,Samuel Teles Pereira Nunes Silva,Samuel Teles,1997-02-28,51.85,15.91,11.82,32,32,0,2559.0,79.97,0.12,1.53,795.0,24.84,20.09,80.88,82.95,15.12,1.0,4.97,4.44,0.53,0.34,11.03,2.91,1.75,19.5,6.78,4.75,70.05,70.63,0.75,0.09,12.28,3.62,44.83,1.62,5.34
1207,Liga I (RO),728637,Ştefan Bodişteanu,Ş. Bodişteanu,2003-02-01,41.84,11.07,9.49,33,32,1,1602.0,50.06,0.09,1.19,428.0,13.38,10.44,78.04,81.38,13.54,0.5,2.97,2.28,0.38,0.44,4.0,0.88,0.59,14.53,4.5,3.19,70.83,72.21,0.53,0.06,14.22,3.0,55.21,1.66,2.97
1207,Liga I (RO),728647,Baba Alhassan,Baba Alhassan,2000-01-03,49.61,14.26,10.69,26,25,1,1962.0,78.48,0.12,1.24,644.0,25.76,23.28,90.37,91.84,16.25,1.12,6.56,5.96,0.4,0.4,13.8,3.28,2.44,8.44,3.2,2.68,83.75,84.25,0.28,0.04,7.28,1.8,75.56,1.36,1.72
1207,Liga I (RO),728648,Ciprian Biceanu,C. Biceanu,1994-02-26,40.33,9.61,12.43,17,16,1,906.0,56.62,0.06,0.75,274.0,17.12,14.5,84.67,83.95,15.67,1.44,4.88,3.38,0.31,0.31,9.75,2.38,1.69,9.31,3.62,2.81,77.59,77.78,0.31,0.0,6.12,1.38,81.82,1.12,3.38
1207,Liga I (RO),728649,Daniel Paraschiv,D. Paraschiv,1999-04-24,60.72,16.77,15.83,17,17,0,397.0,23.35,0.12,1.24,139.0,8.18,6.53,79.86,77.67,11.49,0.06,3.82,1.71,0.76,0.29,0.82,0.29,0.24,7.24,2.29,1.88,82.05,71.9,0.53,0.06,6.29,1.59,74.07,1.18,2.0
1207,Liga I (RO),728650,Alexandru Oroian,A. Oroian,2001-01-27,43.93,10.74,13.62,15,14,1,677.0,48.36,0.0,0.71,207.0,14.79,11.0,74.4,79.78,13.72,0.43,3.79,2.57,0.71,0.36,5.36,1.14,0.93,12.43,4.64,3.14,67.69,76.02,0.43,0.0,9.29,2.5,48.57,1.21,4.07
1207,Liga I (RO),728651,Ionuț Stoica,I. Stoica,1988-01-06,87.01,22.22,24.42,26,25,1,1870.0,74.8,0.04,0.32,728.0,29.12,25.92,89.01,93.08,19.13,2.08,5.8,5.56,0.08,0.04,15.56,3.52,2.84,5.72,2.88,2.72,94.44,93.61,0.0,0.0,0.8,0.16,75.0,0.12,2.4
1207,Liga I (RO),728652,Sota Mino,S. Mino,1994-10-20,67.6,16.53,19.23,24,23,1,1959.0,85.17,0.04,1.26,643.0,27.96,22.52,80.56,84.14,17.13,2.22,8.87,5.0,0.39,0.39,12.0,3.87,2.52,11.43,4.22,3.35,79.38,73.11,0.39,0.0,7.39,2.22,58.82,1.3,5.0
1207,Liga I (RO),728653,Marius Antoche,M. Antoche,1992-06-21,96.13,20.58,27.87,30,28,2,2147.0,76.68,0.07,0.64,794.0,28.36,22.71,80.1,86.87,19.77,2.46,7.5,3.79,0.11,0.0,20.5,6.29,4.25,8.0,2.96,2.29,77.11,79.99,0.11,0.0,1.61,0.39,18.18,0.07,4.64
1207,Liga I (RO),728654,Vlad Muțiu,V. Muțiu,1995-02-02,84.56,15.78,27.25,4,4,0,174.0,43.5,0.0,0.0,58.0,14.5,9.75,67.25,81.1,28.12,3.75,3.25,1.0,0.0,0.0,17.25,3.5,1.0,4.0,1.0,0.75,75.0,88.86,0.0,0.0,0.0,0.0,,0.0,1.5
1207,Liga I (RO),729179,Andrei Cosmin Gheorghiță,A. Gheorghiță,2002-07-16,39.54,10.88,11.65,17,16,1,482.0,30.12,0.06,0.56,157.0,9.81,7.69,78.34,79.53,12.48,0.12,3.06,2.25,0.19,0.19,1.12,0.38,0.25,9.12,3.31,2.38,71.7,69.31,0.44,0.06,5.81,1.56,56.0,0.88,2.56
1207,Liga I (RO),729180,Christ Sarkodje Kouadio,C. Kouadio,2000-12-23,70.98,18.25,18.95,16,14,2,961.0,68.64,0.21,0.57,311.0,22.21,16.43,73.96,81.54,15.0,1.36,4.93,4.14,0.71,0.21,12.43,2.71,1.29,21.79,6.36,4.64,73.03,79.52,0.21,0.07,11.0,2.71,18.42,0.5,5.5
1207,Liga I (RO),729182,Antonio Dumitru,A. Dumitru,2004-11-02,52.58,14.55,10.95,6,6,0,260.0,43.33,0.0,0.83,67.0,11.17,7.67,68.66,73.96,14.93,0.67,1.33,1.5,0.17,0.0,5.5,1.5,0.67,15.33,3.33,2.5,75.0,66.86,0.67,0.0,12.17,2.0,58.33,1.17,4.0
1207,Liga I (RO),730138,Cosmin Dur-Bozoancă,C. Dur-Bozoancă,1998-02-15,97.31,24.65,23.17,32,30,2,1503.0,50.1,0.03,0.17,483.0,16.1,11.37,70.6,80.29,28.65,4.47,4.17,1.7,0.0,0.0,19.27,5.9,3.17,6.27,1.43,1.4,97.67,95.55,0.03,0.0,0.0,0.0,,0.0,2.27
1207,Liga I (RO),730139,Răzvan Andrei Tănasă,R. Tănasă,2003-04-28,76.04,21.67,18.55,37,34,3,2156.0,63.41,0.12,1.59,616.0,18.12,13.15,72.57,76.09,14.52,0.82,5.24,2.44,0.85,0.5,3.29,0.85,0.41,21.09,6.21,4.21,67.77,69.81,0.88,0.12,18.32,4.32,56.46,2.44,5.62
1207,Liga I (RO),730142,Răzvan Creţ ,R. Creţ,2006-05-29,82.15,22.73,18.27,21,21,0,1763.0,83.95,0.05,1.24,612.0,29.14,22.62,77.61,80.37,14.81,1.67,7.29,6.71,0.62,0.67,17.67,5.38,3.62,18.1,7.29,5.43,74.51,73.94,0.24,0.0,11.24,2.86,38.33,1.1,7.76
1207,Liga I (RO),730143,Andrei  Dragu,A. Dragu,1999-10-07,63.43,13.18,19.19,27,25,2,1452.0,58.08,0.08,0.96,448.0,17.92,13.48,75.22,79.51,15.44,1.12,3.76,3.88,0.28,0.36,10.28,2.96,1.88,14.12,4.08,3.32,81.37,77.7,0.28,0.04,8.56,1.84,50.0,0.92,5.28
1207,Liga I (RO),730144,Gabriel David,G. David,2003-02-11,32.12,7.51,8.1,10,10,0,210.0,21.0,0.0,0.6,65.0,6.5,4.7,72.31,82.64,12.74,0.1,2.7,1.0,0.5,0.1,1.7,0.3,0.1,3.3,1.3,0.6,46.15,72.03,0.1,0.0,4.2,1.0,50.0,0.5,1.3
1207,Liga I (RO),730148,Guilherme Gomes Garutti,Guilherme Garutti,1994-03-08,69.43,14.03,19.61,21,18,3,605.0,33.61,0.0,0.17,282.0,15.67,11.56,73.76,85.05,20.87,1.61,5.83,2.28,0.06,0.0,7.06,2.5,1.61,4.17,1.67,1.33,80.0,79.26,0.06,0.0,0.83,0.28,40.0,0.11,2.94
1207,Liga I (RO),730149,Zoran Mitrov,Z. Mitrov,2002-01-29,60.77,15.48,13.72,34,33,1,1552.0,47.03,0.15,1.55,392.0,11.88,8.15,68.62,71.06,12.63,0.24,2.58,1.91,0.52,0.7,2.45,0.88,0.58,18.27,5.15,3.24,62.94,64.41,1.12,0.12,17.21,4.21,53.96,2.27,4.42
1207,Liga I (RO),731471,André Seruca Oliveira,André Seruca,2000-10-29,18.41,6.19,3.15,5,5,0,185.0,37.0,0.0,0.2,59.0,11.8,9.6,81.35,90.22,17.8,0.8,3.2,2.0,0.2,0.2,5.4,1.4,1.0,2.6,1.4,1.2,85.72,92.24,0.2,0.0,4.0,1.2,33.33,0.4,1.0
1207,Liga I (RO),733158,Adams Friday,A. Friday,2002-11-23,59.68,17.15,12.44,23,23,0,1402.0,60.96,0.04,1.04,453.0,19.7,16.13,81.9,84.2,14.12,0.22,4.57,3.96,0.48,0.26,10.52,2.48,1.7,14.7,4.83,3.65,75.68,73.98,0.52,0.0,8.52,2.3,54.72,1.26,3.52
1207,Liga I (RO),734136,David Irimia,D. Irimia,2006-05-12,71.5,18.42,19.58,25,22,3,1500.0,68.18,0.05,0.86,433.0,19.68,15.86,80.6,83.81,12.07,0.45,5.14,3.0,0.41,0.18,8.45,1.64,1.32,20.41,5.68,4.5,79.2,81.01,0.5,0.09,11.05,1.95,37.21,0.73,3.73
1207,Liga I (RO),734476,Atanas Trică,A. Trică,2004-07-09,35.27,10.81,8.71,24,23,1,310.0,13.48,0.0,0.48,110.0,4.78,3.74,78.18,76.59,12.14,0.17,2.61,0.7,0.52,0.26,0.3,0.13,0.13,5.7,2.35,1.96,83.33,75.29,0.35,0.0,3.83,1.04,75.0,0.78,1.35
1207,Liga I (RO),734842,Iustin Chirilă,I. Chirilă,2006-05-21,100.73,26.77,26.01,3,2,1,115.0,57.5,0.0,0.0,34.0,17.0,10.5,61.77,75.62,25.31,3.0,5.0,2.0,0.0,0.0,21.0,7.0,2.5,6.0,0.5,0.5,100.0,96.8,0.0,0.0,0.0,0.0,,0.0,4.5
1207,Liga I (RO),737363,Andrei Marginean,A. Marginean,2001-07-03,64.72,19.57,14.71,23,23,0,2337.0,101.61,0.04,1.09,763.0,33.17,28.22,85.06,88.81,16.36,2.48,8.35,9.22,0.65,0.3,19.57,4.17,2.91,12.65,4.09,3.04,74.47,74.6,0.39,0.04,6.91,1.83,64.29,1.17,4.48
1207,Liga I (RO),738990,André Lourenço Duarte,André Duarte,1997-09-12,84.9,26.49,18.01,13,12,1,1861.0,155.08,0.0,0.92,627.0,52.25,44.42,85.01,90.02,20.71,5.42,6.92,7.67,0.17,0.25,41.75,10.08,6.67,14.33,5.25,4.08,77.78,83.34,0.17,0.0,3.58,1.25,40.0,0.5,7.5
1207,Liga I (RO),739427,Luca Mihai,L. Mihai,2003-10-11,39.81,11.04,10.47,14,14,0,989.0,70.64,0.0,1.07,289.0,20.64,18.21,88.23,89.55,16.61,1.57,5.29,4.14,0.29,0.14,11.36,3.21,3.0,6.71,2.14,1.79,83.33,85.02,0.0,0.0,4.93,0.79,54.55,0.43,2.29
1207,Liga I (RO),741998,Rafael-Stefan Munteanu,R. Munteanu,2006-03-01,97.99,29.42,24.59,13,12,1,740.0,61.67,0.0,0.25,232.0,19.33,13.0,67.24,81.97,27.83,4.0,3.58,2.33,0.0,0.0,21.0,6.17,2.5,10.0,1.83,1.58,86.36,90.67,0.0,0.0,0.0,0.0,,0.0,2.67
1207,Liga I (RO),743363,Luan De Campos Cristiano da Silva,Luan,2002-03-19,77.49,19.52,16.7,10,9,1,604.0,67.11,0.0,1.56,174.0,19.33,14.44,74.71,78.56,14.67,0.56,4.89,2.89,0.56,0.67,5.33,1.56,1.11,23.44,5.67,3.78,66.67,69.64,0.56,0.0,19.78,4.22,44.74,1.89,5.67
1207,Liga I (RO),749928,Mihai Toma,M. Toma,2007-02-17,57.78,16.27,13.52,26,25,1,1490.0,59.6,0.0,0.84,428.0,17.12,14.76,86.21,85.92,14.48,1.0,2.76,2.88,0.28,0.32,5.72,1.28,1.04,12.96,3.68,2.96,80.43,76.52,0.28,0.0,8.44,2.08,57.69,1.2,2.88
1207,Liga I (RO),751174,Damiá Sabater Tous,D. Sabater,1996-02-03,84.08,20.29,24.3,37,31,6,3981.0,128.42,0.23,2.06,1216.0,39.23,31.94,81.41,84.3,16.9,2.68,9.52,9.26,0.42,0.71,24.13,7.61,5.65,20.29,7.97,5.87,73.68,77.08,0.77,0.16,12.16,3.06,50.53,1.55,6.81
1207,Liga I (RO),751703,Alin Chintes,A. Chintes,2006-02-07,44.1,13.19,11.66,10,10,0,456.0,45.6,0.1,0.8,181.0,18.1,13.2,72.93,80.33,15.5,0.9,5.5,3.8,0.2,0.3,8.2,3.0,1.7,12.0,5.0,3.5,70.0,75.75,0.2,0.0,4.1,1.3,30.77,0.4,4.6
1207,Liga I (RO),759937,Miguel Ângelo Gomes da Silva,Miguel Silva,1995-12-20,46.89,12.73,13.54,20,18,2,1057.0,58.72,0.0,0.5,364.0,20.22,15.67,77.47,81.05,14.37,0.61,3.89,5.0,0.28,0.11,11.22,3.06,2.44,14.33,5.44,4.17,76.53,73.19,0.11,0.0,6.39,1.83,33.33,0.61,5.33
1207,Liga I (RO),770208,Denis Răzvan Radu,D. Radu,2003-03-25,59.53,13.08,16.12,5,5,0,319.0,63.8,0.0,1.8,98.0,19.6,14.6,74.49,77.39,15.35,1.2,3.4,2.8,0.8,0.4,10.4,2.4,1.6,14.6,4.6,3.4,73.91,66.09,0.6,0.0,14.4,4.2,33.33,1.4,6.4
1207,Liga I (RO),771982,Monday Bassey Etim,M. Etim,1998-12-04,43.96,12.98,9.85,27,27,0,914.0,33.85,0.11,0.96,299.0,11.07,9.22,83.28,79.85,13.55,0.63,4.11,1.89,0.7,0.26,1.63,0.41,0.19,10.63,3.44,2.48,72.04,68.53,0.59,0.07,9.41,2.33,66.67,1.56,2.52
1207,Liga I (RO),773584,Omar El Sawy,O. El Sawy,2004-03-16,52.01,13.84,15.31,22,21,1,876.0,41.71,0.19,1.0,279.0,13.29,10.43,78.49,79.08,13.94,0.52,4.43,1.9,0.57,0.19,2.48,0.52,0.43,12.43,4.29,3.24,75.56,71.33,0.57,0.0,9.86,2.52,60.38,1.52,3.52
1207,Liga I (RO),774043,Marian Huja,Marian Huja,1999-08-05,70.34,17.16,20.28,11,11,0,958.0,87.09,0.09,0.27,364.0,33.09,28.36,85.71,87.92,20.79,4.55,9.91,3.91,0.0,0.09,24.36,8.18,6.27,10.45,5.09,4.0,78.57,75.76,0.09,0.0,1.64,0.73,50.0,0.36,4.64
1207,Liga I (RO),775001,Denis Bordun,D. Bordun,2005-09-24,39.88,10.31,9.26,21,19,2,494.0,26.0,0.16,0.79,163.0,8.58,6.37,74.23,74.01,14.68,0.47,3.11,1.37,0.32,0.05,1.58,0.84,0.32,9.63,3.53,2.32,65.67,64.9,0.26,0.11,7.0,1.68,43.75,0.74,2.63
1207,Liga I (RO),791037,Iustin Doicaru,I. Doicaru,2007-02-07,19.68,5.86,4.21,8,7,1,88.0,12.57,0.0,0.43,22.0,3.14,2.29,72.73,85.12,17.52,0.29,1.0,0.14,0.0,0.0,1.86,0.43,0.14,2.86,0.29,0.14,50.0,65.58,0.14,0.0,4.0,0.43,33.33,0.14,0.43
1207,Liga I (RO),798002,Bence Végh,B. Végh,1997-05-13,80.8,18.37,24.2,28,26,2,2431.0,93.5,0.08,1.0,734.0,28.23,23.5,83.24,87.48,18.45,2.96,7.46,5.42,0.23,0.19,18.92,5.35,4.35,11.42,5.0,4.04,80.77,79.48,0.38,0.12,6.73,1.65,55.81,0.92,3.5
1207,Liga I (RO),798006,Dániel Zsóri,D. Zsóri,2000-10-14,33.25,5.54,11.21,6,6,0,108.0,18.0,0.0,0.17,30.0,5.0,2.5,50.0,72.69,10.21,0.0,2.33,0.5,0.5,0.0,0.33,0.0,0.0,5.5,1.33,0.67,50.0,68.5,0.17,0.0,5.17,1.17,42.86,0.5,1.67
1207,Liga I (RO),798009,Szabolcs Dusinszki ,S. Dusinszki,2005-08-06,28.94,6.2,8.49,18,17,1,391.0,23.0,0.0,0.24,122.0,7.18,5.76,80.33,81.15,13.73,0.24,2.65,1.06,0.24,0.12,2.24,0.41,0.35,5.41,1.53,1.12,73.08,79.86,0.12,0.0,4.53,1.18,50.0,0.59,1.47
1207,Liga I (RO),798018,János Hegedűs,J. Hegedűs,1996-10-04,97.47,22.14,29.03,23,21,2,2368.0,112.76,0.0,1.1,795.0,37.86,30.71,81.13,85.83,22.49,5.86,9.43,4.76,0.38,0.1,32.81,11.52,8.38,11.19,4.24,3.1,73.03,77.85,0.14,0.0,5.1,1.29,59.26,0.76,6.71
1207,Liga I (RO),799044,Diogo Sá Ramalho,Diogo Ramalho,1999-07-01,68.74,18.68,17.17,34,31,3,2338.0,75.42,0.16,1.19,765.0,24.68,20.74,84.05,86.93,17.17,2.26,6.74,4.13,0.42,0.29,11.55,3.1,2.26,11.81,4.45,3.61,81.16,79.95,0.42,0.0,8.42,2.0,46.77,0.94,3.74
1207,Liga I (RO),800275,Kevin Ciubotaru,K. Ciubotaru,2004-02-02,80.77,19.76,23.63,34,32,2,2965.0,92.66,0.06,1.41,892.0,27.88,21.09,75.67,77.21,14.93,1.28,4.78,4.75,0.69,0.28,19.47,5.88,4.16,26.0,9.03,6.38,70.59,69.23,0.44,0.0,17.47,4.38,37.14,1.62,8.53
1207,Liga I (RO),801934,Gabriel Gheorghe,G. Gheorghe,2006-10-12,16.15,4.25,3.09,5,5,0,87.0,17.4,0.0,0.2,29.0,5.8,5.0,86.21,85.05,15.81,0.6,2.2,1.0,0.6,0.2,2.0,0.2,0.2,2.2,0.8,0.4,50.0,69.1,0.0,0.0,5.2,1.2,66.67,0.8,1.2
1207,Liga I (RO),808679,Esteban Orozco Fernández Obiang Obono,Esteban Obiang,1998-05-07,74.38,14.62,22.91,21,20,1,1058.0,52.9,0.0,0.25,394.0,19.7,15.7,79.69,84.95,19.62,2.25,5.35,3.95,0.1,0.0,11.35,3.1,2.1,5.2,2.3,1.95,84.78,84.42,0.1,0.0,1.05,0.15,66.67,0.1,3.95
1207,Liga I (RO),809005,Aldaír Caputo Ferreira,A. Ferreira,1998-03-26,55.99,13.74,13.11,25,24,1,1973.0,82.21,0.04,1.25,566.0,23.58,20.08,85.16,86.5,17.37,1.83,4.54,4.71,0.12,0.38,15.62,4.12,2.75,11.12,3.67,2.75,75.0,73.25,0.38,0.04,8.54,1.96,51.06,1.0,3.96
1207,Liga I (RO),809006,David Ciubăncan,D. Ciubăncan,2004-07-08,14.47,2.5,3.07,3,3,0,25.0,8.33,0.0,0.0,8.0,2.67,1.0,37.5,65.29,6.0,0.0,1.0,0.33,1.0,0.0,0.0,0.0,0.0,4.0,1.67,0.33,20.0,53.5,0.0,0.0,3.67,1.67,0.0,0.0,1.67
1207,Liga I (RO),809017,Ștefan Daniel Bană,Ș. Bană,2004-10-29,82.21,20.99,19.61,22,21,1,1465.0,69.76,0.24,1.57,407.0,19.38,14.76,76.17,78.28,14.96,1.29,6.19,2.81,0.9,0.24,4.43,1.0,0.71,20.71,5.24,3.38,64.55,66.99,0.67,0.05,15.76,3.71,44.87,1.67,5.1
1207,Liga I (RO),809749,David Ionut Paraschiv,D. Paraschiv,2006-09-28,26.02,6.47,6.4,10,10,0,155.0,15.5,0.0,0.2,40.0,4.0,3.1,77.5,77.35,12.46,0.2,1.4,0.9,0.2,0.1,0.6,0.1,0.0,4.9,0.9,0.5,55.55,66.68,0.1,0.0,4.3,1.0,70.0,0.7,1.1
1207,Liga I (RO),809917,Szabolcs Szilágyi,S. Szilágyi,2003-09-23,45.56,8.66,14.95,4,4,0,112.0,28.0,0.0,1.5,40.0,10.0,8.0,80.0,84.88,15.72,0.75,3.25,3.0,0.25,0.5,5.75,2.25,1.75,5.25,2.25,1.5,66.67,70.02,1.0,0.0,3.5,1.25,80.0,1.0,1.5
1207,Liga I (RO),809940,David Popa,D. Popa,2007-03-13,34.03,11.17,9.18,6,5,1,178.0,35.6,0.0,0.6,45.0,9.0,8.0,88.89,84.61,11.63,0.2,2.4,1.2,0.6,0.0,2.4,0.8,0.8,9.0,2.4,2.4,100.0,80.95,0.0,0.0,11.2,2.4,83.33,2.0,1.2
1207,Liga I (RO),809943,Alexandru Constantin Stoian,A. Stoian,2007-12-15,35.48,10.83,6.73,22,22,0,575.0,26.14,0.09,0.68,171.0,7.77,6.23,80.12,82.6,10.75,0.0,2.14,1.91,0.36,0.36,0.91,0.0,0.0,8.41,2.64,1.86,70.69,72.14,0.32,0.0,9.09,1.59,68.57,1.09,1.18
1207,Liga I (RO),811074,Raul Andrei Balbarau,R. Balbarau,2001-04-07,95.74,22.89,25.87,29,28,1,759.0,27.11,0.04,0.04,272.0,9.71,7.18,73.9,86.04,23.26,1.29,2.14,1.39,0.0,0.0,9.07,2.32,0.79,4.54,1.32,1.25,94.59,96.38,0.0,0.0,0.0,0.0,,0.0,0.79
1207,Liga I (RO),816091,Drilon Hazrollaj,D. Hazrollaj,2004-02-19,28.64,8.53,6.51,14,14,0,417.0,29.79,0.07,0.71,100.0,7.14,5.07,71.0,80.02,13.71,0.43,1.07,1.0,0.21,0.21,2.14,0.5,0.36,9.57,2.36,1.5,63.64,74.86,0.36,0.0,7.64,1.64,52.17,0.86,1.79
1207,Liga I (RO),817847,Sebastian Mailat,S. Mailat,1997-12-12,77.93,20.54,17.28,36,35,1,2437.0,69.63,0.23,1.74,665.0,19.0,14.54,76.54,79.03,12.42,0.43,3.69,3.6,0.57,0.66,4.37,1.06,0.74,24.23,6.14,4.31,70.23,70.56,0.71,0.11,23.37,4.71,54.55,2.57,4.66
1207,Liga I (RO),818347,Andrei Dan Dumitru,A. Dumitru,2006-10-28,49.26,12.81,11.66,1,1,0,44.0,44.0,1.0,1.0,15.0,15.0,13.0,86.67,84.37,13.58,2.0,6.0,5.0,0.0,2.0,5.0,1.0,1.0,10.0,7.0,6.0,85.71,79.64,1.0,1.0,7.0,3.0,66.67,2.0,2.0
1207,Liga I (RO),819585,David Andrei Barbu,D. Barbu,2006-06-26,28.57,7.78,6.8,21,21,0,420.0,20.0,0.0,0.71,123.0,5.86,4.62,78.86,79.19,12.56,0.14,1.48,0.9,0.14,0.19,0.81,0.1,0.05,6.24,2.24,1.71,76.6,76.96,0.38,0.0,6.24,1.24,65.38,0.81,1.43
1207,Liga I (RO),819586,Adrian Dragos,A. Dragos,2007-04-09,8.96,1.24,5.03,1,1,0,1.0,1.0,0.0,0.0,0.0,0.0,0.0,,,,0.0,0.0,0.0,0.0,0.0,0.0,0.0,0.0,0.0,0.0,0.0,,,0.0,0.0,0.0,0.0,,0.0,0.0
1207,Liga I (RO),822112,Daniel Sandu,D. Sandu,2007-06-28,45.72,11.97,9.99,13,12,1,360.0,30.0,0.25,0.83,113.0,9.42,7.33,77.88,75.8,14.39,0.58,2.25,2.67,0.5,0.08,1.17,0.33,0.17,10.25,3.42,2.42,70.73,66.76,0.58,0.17,7.08,1.92,60.87,1.17,3.0
1207,Liga I (RO),825882,Ionuț Cercel,I. Cercel,2006-11-14,72.44,22.5,15.02,10,10,0,958.0,95.8,0.1,1.3,347.0,34.7,30.3,87.32,89.31,17.25,2.4,6.6,8.5,0.7,0.0,18.3,4.3,3.7,15.0,6.3,5.3,84.13,87.22,0.1,0.0,6.2,1.8,44.44,0.8,4.9
1207,Liga I (RO),827044,Alexandru Bota,A. Bota,2008-03-31,45.84,13.16,11.32,8,8,0,260.0,32.5,0.12,0.88,77.0,9.62,7.62,79.22,80.0,12.65,0.38,2.5,1.62,0.12,0.25,1.25,0.25,0.25,10.88,3.25,2.25,69.23,68.72,0.5,0.12,8.88,1.62,61.54,1.0,2.38
1207,Liga I (RO),839030,Alexandru Vasile Ailiesei Rosca,Alexandru Rosca,2003-11-12,98.8,31.77,20.42,11,11,0,423.0,38.45,0.0,0.09,158.0,14.36,10.91,75.95,85.83,22.98,2.45,5.64,1.27,0.0,0.0,11.45,3.45,1.45,8.09,3.27,3.27,100.0,98.59,0.0,0.0,0.0,0.0,,0.0,2.0
1207,Liga I (RO),839031,Raul Rotund,R. Rotund,2005-11-17,42.1,9.79,12.68,9,8,1,210.0,26.25,0.12,0.88,66.0,8.25,4.88,59.09,69.07,13.17,0.5,3.12,0.88,1.12,0.0,1.25,0.25,0.25,8.0,2.88,2.0,69.57,68.65,0.5,0.12,9.12,2.75,54.55,1.5,3.5
1207,Liga I (RO),839033,Alin Boțogan,A. Boțogan,2004-02-21,40.39,9.13,11.45,23,21,2,767.0,36.52,0.0,0.62,261.0,12.43,10.48,84.29,84.65,14.66,0.71,4.1,2.29,0.24,0.19,3.29,0.43,0.43,8.1,3.0,2.33,77.78,75.24,0.24,0.05,5.9,1.43,60.0,0.86,2.24
1207,Liga I (RO),839036,Ioan  Tolea,I. Tolea,2003-05-11,51.65,11.34,14.1,7,7,0,293.0,41.86,0.14,1.43,81.0,11.57,8.0,69.14,75.68,16.3,0.71,3.0,1.57,0.57,0.43,4.0,0.86,0.43,15.43,3.86,2.14,55.56,63.68,0.71,0.14,12.14,3.0,52.38,1.57,3.29
1207,Liga I (RO),839039,Adi Chica-Rosa,A. Chica-Rosa,1998-09-08,66.6,16.38,18.06,37,35,2,1298.0,37.09,0.03,1.06,344.0,9.83,7.09,72.09,76.17,12.1,0.23,3.14,1.4,0.66,0.43,0.54,0.09,0.03,15.49,3.8,2.66,69.93,74.9,0.51,0.03,13.77,2.86,63.0,1.8,2.74
1207,Liga I (RO),839048,Dorin Marian Codrea,D. Codrea,1997-06-13,53.8,14.41,14.63,29,28,1,1912.0,68.29,0.07,0.5,714.0,25.5,22.79,89.36,90.79,17.75,2.14,9.46,4.93,0.14,0.04,11.32,3.86,3.29,6.0,2.61,2.11,80.82,81.63,0.11,0.04,1.61,0.36,70.0,0.25,2.25
1207,Liga I (RO),839049,Franck Tchassem,F. Tchassem,1999-05-07,15.74,3.28,3.31,4,4,0,49.0,12.25,0.0,0.25,11.0,2.75,1.75,63.64,73.21,12.0,0.0,0.75,0.5,0.25,0.0,0.25,0.0,0.0,4.5,1.5,1.0,66.67,67.0,0.25,0.0,5.0,0.75,33.33,0.25,1.0
1207,Liga I (RO),839050,Marius Cătălin Coman,M. Coman,1996-07-31,71.29,18.53,19.29,27,26,1,1078.0,41.46,0.04,1.08,281.0,10.81,8.08,74.73,79.13,11.02,0.15,3.12,1.46,0.77,0.31,0.69,0.04,0.0,17.19,4.88,3.62,74.02,75.86,0.5,0.04,13.81,2.58,62.69,1.62,2.19
1207,Liga I (RO),839053,Ianis Gîndilă,I. Gîndilă,2006-01-16,4.08,0.87,1.75,1,1,0,8.0,8.0,0.0,1.0,3.0,3.0,2.0,66.67,67.23,12.4,0.0,1.0,0.0,1.0,0.0,0.0,0.0,0.0,3.0,2.0,2.0,100.0,68.38,1.0,0.0,3.0,1.0,0.0,0.0,2.0
1207,Liga I (RO),839417,Ime Udo Ndon,I. Ndon,2003-06-07,22.26,3.96,9.32,1,1,0,10.0,10.0,0.0,0.0,2.0,2.0,0.0,0.0,27.01,,0.0,1.0,0.0,0.0,0.0,0.0,0.0,0.0,6.0,0.0,0.0,,,0.0,0.0,5.0,1.0,0.0,0.0,1.0
1207,Liga I (RO),839809,Rafael Baldres Hermann,Rafinha,1997-12-29,46.1,11.58,11.72,15,15,0,710.0,47.33,0.07,1.53,206.0,13.73,11.0,80.1,80.43,13.1,0.2,3.93,2.73,0.33,0.4,3.47,1.0,0.6,14.53,3.67,2.6,70.91,73.5,0.4,0.0,14.2,2.73,53.66,1.47,2.87
1207,Liga I (RO),840224,Oscar Correia Ferreira,Oscar Correia,1997-09-28,24.75,7.12,3.75,2,2,0,90.0,45.0,0.0,1.0,20.0,10.0,9.5,95.0,83.29,19.28,2.0,3.0,0.5,0.0,0.5,4.0,0.0,0.0,13.0,3.0,3.0,100.0,81.59,0.0,0.0,13.5,1.0,100.0,1.0,2.0
1207,Liga I (RO),840311,Robert Sălceanu,R. Sălceanu,2004-01-13,82.63,21.09,22.37,18,17,1,1281.0,75.35,0.0,1.53,452.0,26.59,18.18,68.36,73.76,16.48,1.82,6.82,6.06,1.29,0.76,11.47,3.76,1.94,19.35,7.82,4.82,61.65,67.93,0.71,0.06,15.59,4.47,40.79,1.82,10.41
1207,Liga I (RO),840316,Florin Flavius Purece,F. Purece,1991-11-06,68.48,15.67,20.41,30,28,2,1985.0,70.89,0.29,2.21,661.0,23.61,18.25,77.31,77.79,14.28,1.14,8.14,4.64,0.82,0.82,6.14,1.68,1.18,21.64,7.75,5.96,76.96,73.17,1.11,0.11,16.29,4.11,50.43,2.07,6.5
1207,Liga I (RO),840317,Christ Nkama Afalna,C. Afalna,1998-07-12,60.69,14.07,16.92,35,33,2,1011.0,30.64,0.03,0.94,333.0,10.09,6.58,65.17,71.6,13.56,0.33,3.58,1.42,0.61,0.42,1.0,0.27,0.09,11.91,4.18,2.52,60.14,64.97,0.52,0.03,8.79,2.79,50.0,1.39,3.55
1207,Liga I (RO),840318,Ionuţ Viorel Coadă,I. Coadă,1998-01-01,46.71,9.6,12.96,14,13,1,570.0,43.85,0.0,0.54,191.0,14.69,11.15,75.92,80.88,16.38,0.92,4.62,4.0,0.38,0.31,3.92,1.31,0.92,6.08,2.46,1.92,78.12,76.93,0.31,0.0,5.92,1.31,76.47,1.0,3.31
1207,Liga I (RO),840319,Daniel Marius Şerbănică,D. Şerbănică,1996-06-25,87.04,19.23,25.8,24,23,1,1814.0,78.87,0.04,1.09,635.0,27.61,18.78,68.03,75.7,17.72,2.22,7.3,6.43,1.0,0.57,20.61,6.35,3.52,16.87,6.26,4.04,64.58,70.89,0.52,0.04,10.91,3.3,40.79,1.35,9.57
1207,Liga I (RO),840320,Alexandru Ionuț Dinu,A. Dinu,1998-04-08,98.38,22.01,29.32,26,24,2,2125.0,88.54,0.04,0.21,832.0,34.67,28.12,81.13,87.1,19.41,3.04,9.71,5.5,0.12,0.04,23.83,7.83,4.88,7.0,2.62,2.12,80.95,85.64,0.0,0.0,0.79,0.33,50.0,0.17,6.21
1207,Liga I (RO),840321,Constantin Adrian Toma,C. Toma,1987-03-23,35.16,7.18,7.33,4,4,0,102.0,25.5,0.0,0.5,36.0,9.0,7.0,77.78,65.54,21.77,1.75,3.75,0.75,0.25,0.25,5.0,2.0,2.0,5.75,1.75,1.5,85.71,60.97,0.0,0.0,3.25,1.5,50.0,0.75,4.25
1207,Liga I (RO),840323,Stefan Krell,S. Krell,1992-06-12,88.39,21.9,24.21,11,10,1,372.0,37.2,0.0,0.1,120.0,12.0,8.1,67.5,83.04,24.88,2.1,2.1,1.4,0.0,0.0,13.7,4.4,1.8,6.5,1.7,1.4,82.35,92.15,0.0,0.0,0.0,0.0,,0.0,1.2
1207,Liga I (RO),840324,Andrei Dorobanțu,A. Dorobanțu,2004-08-29,76.87,16.79,22.19,28,27,1,1713.0,63.44,0.04,0.81,577.0,21.37,15.52,72.62,76.21,18.26,2.33,6.41,3.89,0.44,0.3,13.33,4.11,2.59,13.59,4.44,3.07,69.17,64.65,0.33,0.0,6.67,2.0,46.3,0.93,7.41
1207,Liga I (RO),840331,Ștefan Duțu,Ș. Duțu,2004-02-16,13.43,3.3,3.44,4,4,0,60.0,15.0,0.25,0.25,27.0,6.75,5.75,85.19,91.66,18.28,1.0,1.5,2.0,0.0,0.0,2.75,0.5,0.25,2.0,1.0,1.0,100.0,92.42,0.0,0.0,0.0,0.0,,0.0,1.0
1207,Liga I (RO),840332,Laurentiu Vlasceanu,L. Vlasceanu,2005-05-29,31.58,7.01,7.38,6,6,0,94.0,15.67,0.0,0.33,29.0,4.83,2.5,51.72,69.43,11.28,0.0,1.67,0.83,0.17,0.17,0.33,0.17,0.0,3.33,1.0,0.5,50.0,63.68,0.33,0.0,4.67,1.33,25.0,0.33,1.83
1207,Liga I (RO),840425,Árpád Tordai,Á. Tordai,1997-03-11,100.05,24.38,25.22,3,3,0,68.0,22.67,0.0,0.0,29.0,9.67,7.33,75.86,83.66,26.41,2.67,3.0,1.0,0.0,0.0,9.0,3.33,1.33,5.67,1.67,1.67,100.0,94.93,0.0,0.0,0.0,0.0,,0.0,1.0
1207,Liga I (RO),841528,Narcis Ilaș,N. Ilaș,2007-03-27,84.79,19.89,19.11,18,17,1,998.0,58.71,0.06,1.0,320.0,18.82,13.29,70.62,79.4,16.81,1.29,5.18,2.65,0.18,0.24,13.71,3.53,1.76,10.94,4.06,3.06,75.36,76.38,0.35,0.0,4.24,1.24,38.09,0.47,5.59
1207,Liga I (RO),842251,Flavius Iacob,F. Iacob,2000-10-30,56.25,14.61,15.24,28,27,1,1501.0,55.59,0.11,1.37,545.0,20.19,13.85,68.62,72.48,17.52,1.78,6.26,4.26,1.15,0.81,8.59,3.19,1.81,16.19,6.07,3.63,59.76,59.24,0.59,0.04,12.26,4.22,34.21,1.44,7.52
1207,Liga I (RO),842254,Denis Hrezdac,D. Hrezdac,2001-11-03,36.34,8.89,9.83,31,31,0,1065.0,34.35,0.0,0.61,358.0,11.55,10.0,86.59,85.89,14.18,0.74,4.23,1.97,0.23,0.19,4.71,1.29,1.0,3.19,1.13,1.0,88.57,80.19,0.03,0.0,2.9,0.74,56.52,0.42,1.71
1207,Liga I (RO),842257,Ştefan Daniel Lefter,Ş. Lefter,2004-11-18,98.85,26.06,27.8,12,12,0,631.0,52.58,0.0,0.08,216.0,18.0,14.17,78.7,84.18,26.28,4.33,4.83,1.5,0.0,0.0,19.42,6.25,3.08,8.92,2.75,2.75,100.0,97.46,0.0,0.0,0.0,0.0,,0.0,1.67
1207,Liga I (RO),842270,Marius Lupu,M. Lupu,1999-09-01,48.73,12.43,13.73,1,1,0,32.0,32.0,0.0,0.0,11.0,11.0,10.0,90.91,69.25,13.72,0.0,4.0,4.0,0.0,1.0,1.0,0.0,0.0,5.0,2.0,2.0,100.0,66.53,0.0,0.0,3.0,1.0,100.0,1.0,6.0
1207,Liga I (RO),842423,Cristian Chira,C. Chira,2001-11-08,20.54,4.62,5.85,10,9,1,190.0,21.11,0.22,0.56,62.0,6.89,6.0,87.1,85.66,14.72,0.11,1.67,1.67,0.11,0.22,4.44,0.89,0.67,2.56,1.11,0.78,70.0,79.78,0.22,0.11,1.89,0.44,50.0,0.22,1.33
1207,Liga I (RO),842496,Iustin Alin Popescu,I. Popescu,1993-09-01,87.25,22.53,17.45,5,5,0,227.0,45.4,0.0,0.0,67.0,13.4,8.0,59.7,74.31,33.64,4.0,5.8,0.2,0.0,0.0,27.8,8.0,3.6,3.0,0.8,0.6,75.0,69.01,0.0,0.0,0.0,0.0,,0.0,2.8
1207,Liga I (RO),842497,David Maftei,D. Maftei,2004-07-12,70.73,18.22,18.13,28,27,1,1979.0,73.3,0.22,1.56,722.0,26.74,18.59,69.53,75.34,16.19,1.37,8.89,4.81,1.22,0.22,9.85,2.85,1.81,18.96,7.11,4.56,64.06,64.95,0.74,0.11,12.93,4.3,26.72,1.15,8.74
1207,Liga I (RO),843036,Mariano Bettini,M. Bettini,1996-01-19,46.96,6.09,18.19,1,1,0,28.0,28.0,0.0,1.0,10.0,10.0,9.0,90.0,89.16,13.74,0.0,5.0,1.0,0.0,0.0,3.0,0.0,0.0,7.0,2.0,2.0,100.0,99.44,0.0,0.0,0.0,0.0,,0.0,1.0
1207,Liga I (RO),849420,Viktor Kun,V. Kun,2004-07-18,59.09,14.99,16.4,17,17,0,904.0,53.18,0.35,0.71,339.0,19.94,14.71,73.75,81.73,16.65,1.18,6.94,4.12,0.47,0.06,10.06,3.71,2.41,11.12,4.41,3.35,76.0,76.8,0.35,0.24,4.06,1.12,26.32,0.29,4.65
1207,Liga I (RO),850712,Răzvan Gligor,R. Gligor,2006-09-30,14.33,3.24,2.02,1,1,0,13.0,13.0,0.0,0.0,4.0,4.0,4.0,100.0,97.88,10.99,0.0,0.0,1.0,0.0,0.0,1.0,0.0,0.0,1.0,1.0,1.0,100.0,99.03,0.0,0.0,0.0,0.0,,0.0,0.0
1207,Liga I (RO),859343,Patrick  Patrick Vuc,P. Patrick Vuc,2004-03-11,25.74,6.64,5.6,6,6,0,103.0,17.17,0.0,0.0,31.0,5.17,3.83,74.19,80.69,12.49,0.0,1.33,1.17,0.33,0.5,0.0,0.0,0.0,6.5,2.17,1.5,69.23,75.88,0.0,0.0,5.33,2.0,58.33,1.17,1.17
1207,Liga I (RO),877386,Gustavo dos Santos Cabral,Gustavo Cabral,2001-09-12,38.95,8.52,11.49,11,11,0,401.0,36.45,0.0,0.73,108.0,9.82,7.55,76.85,82.13,12.89,0.18,1.18,2.36,0.27,0.64,2.64,0.64,0.36,11.0,3.0,2.27,75.76,76.67,0.36,0.0,11.36,2.64,58.62,1.55,2.09
1207,Liga I (RO),886602,Damjan  Djokanovic,D. Djokanovic,2008-01-31,96.68,19.06,34.01,1,1,0,65.0,65.0,0.0,2.0,30.0,30.0,21.0,70.0,78.69,15.91,2.0,19.0,5.0,1.0,0.0,6.0,3.0,1.0,11.0,4.0,3.0,75.0,77.09,0.0,0.0,8.0,1.0,100.0,1.0,6.0
1207,Liga I (RO),886929,Nagy Zoard Kornel,Z. Nagy,2000-04-18,34.92,6.9,10.53,11,11,0,223.0,20.27,0.0,0.27,62.0,5.64,3.64,64.52,74.69,9.93,0.0,2.64,0.55,0.55,0.18,0.27,0.0,0.0,6.64,2.0,1.09,54.54,72.28,0.18,0.0,5.18,1.45,68.75,1.0,1.45
1207,Liga I (RO),889599,Julián Andres Bonilla Tovar,J. Bonilla,1996-11-21,95.5,21.84,23.11,2,2,0,188.0,94.0,0.0,1.0,66.0,33.0,27.5,83.33,91.66,20.17,2.5,7.0,6.5,0.0,0.0,19.0,3.0,1.5,6.5,3.0,3.0,100.0,99.36,0.0,0.0,3.5,0.0,,0.0,3.0
1207,Liga I (RO),901763,Riad Šuta,R. Šuta,2002-06-29,81.69,22.25,18.76,12,11,1,722.0,65.64,0.09,0.36,296.0,26.91,23.0,85.47,88.32,17.79,1.64,5.91,5.55,0.0,0.0,22.64,7.55,5.27,8.27,3.91,3.36,86.05,81.36,0.09,0.0,0.0,0.0,,0.0,4.55
1207,Liga I (RO),902949,Iacopo Cernigoi,I. Cernigoi,1995-01-04,23.23,6.86,5.27,5,5,0,66.0,13.2,0.0,0.2,20.0,4.0,3.2,80.0,81.0,11.08,0.0,1.2,0.6,0.2,0.2,0.2,0.2,0.0,4.2,1.0,0.8,80.0,67.75,0.2,0.0,3.2,0.8,75.0,0.6,0.8
1207,Liga I (RO),905153,Bruno José Moreira Barreto Carvalho,Bruno Carvalho,1997-09-16,81.23,20.14,23.01,23,20,3,2015.0,100.75,0.05,1.35,678.0,33.9,29.75,87.76,90.08,15.45,1.0,9.7,10.75,0.3,0.45,14.7,4.1,3.4,9.9,3.75,2.85,76.0,85.13,0.2,0.05,4.45,1.15,52.17,0.6,2.85
1207,Liga I (RO),908784,Nikita Stoioanov,N. Stoioanov,2005-08-24,98.31,29.92,22.19,37,35,2,6053.0,172.94,0.09,0.91,2015.0,57.57,52.11,90.52,93.06,16.32,2.97,10.4,8.71,0.09,0.17,43.49,9.46,8.03,20.2,7.51,6.94,92.4,90.9,0.09,0.0,3.66,0.71,52.0,0.37,4.51
1207,Liga I (RO),918213,Florinel Valentin Ibrian,F. Ibrian,1993-09-14,68.22,13.22,21.89,10,10,0,444.0,44.4,0.0,0.7,165.0,16.5,10.7,64.85,74.79,17.74,1.6,5.9,3.1,0.0,0.3,11.6,4.0,2.1,8.2,3.4,2.8,82.35,72.62,0.2,0.0,2.6,0.9,33.33,0.3,6.1
1207,Liga I (RO),943848,Lorenzo Biliboc,L. Biliboc,2006-10-22,61.6,15.29,16.49,33,33,0,1731.0,52.45,0.18,1.48,511.0,15.48,11.55,74.56,77.73,12.82,0.52,4.7,2.33,0.91,0.64,2.36,0.67,0.45,18.3,5.12,3.67,71.6,70.52,0.76,0.12,18.48,4.12,55.15,2.27,4.3
1207,Liga I (RO),959100,Luca Băsceanu,L. Băsceanu,2006-05-17,29.73,9.33,6.56,22,22,0,886.0,40.27,0.14,0.86,246.0,11.18,9.36,83.74,82.09,13.66,0.41,3.05,2.5,0.32,0.45,2.86,0.73,0.59,11.86,3.36,2.64,78.38,70.37,0.36,0.18,10.59,2.14,59.57,1.27,2.5
1207,Liga I (RO),961707,Darius Fălcușan,D. Fălcușan,2006-02-14,38.13,5.37,7.71,1,1,0,17.0,17.0,0.0,0.0,6.0,6.0,4.0,66.67,82.76,21.46,1.0,2.0,0.0,0.0,0.0,2.0,0.0,0.0,1.0,0.0,0.0,,,0.0,0.0,0.0,0.0,,0.0,2.0
1207,Liga I (RO),965499,Cristian Sima,C. Sima,2007-01-06,35.42,10.11,8.26,13,13,0,356.0,27.38,0.0,0.69,107.0,8.23,6.31,76.64,78.37,13.46,0.23,2.31,1.15,0.31,0.15,1.38,0.46,0.46,10.08,2.77,2.0,72.22,70.35,0.46,0.08,8.23,2.08,51.85,1.08,2.0
1207,Liga I (RO),966650,Tarek Aggoun,T. Aggoun,1997-10-27,86.51,18.79,28.26,10,7,3,513.0,73.29,0.0,0.57,183.0,26.14,20.71,79.24,87.65,17.52,2.0,6.29,4.71,0.0,0.0,20.14,6.43,4.71,14.0,5.57,4.14,74.36,80.24,0.29,0.0,2.0,0.57,25.0,0.14,3.71
1207,Liga I (RO),969559,Denis Colibășanu,D. Colibășanu,2007-03-10,10.33,4.57,1.78,1,1,0,11.0,11.0,0.0,0.0,7.0,7.0,6.0,85.71,76.89,14.83,0.0,5.0,1.0,1.0,0.0,1.0,0.0,0.0,3.0,1.0,1.0,100.0,16.47,0.0,0.0,1.0,1.0,100.0,1.0,1.0
1207,Liga I (RO),969870,Denis Alberto Ionut Taroi,D. Taroi,2008-04-06,48.76,12.83,13.16,16,15,1,625.0,41.67,0.0,0.47,184.0,12.27,9.0,73.37,79.2,15.16,0.73,2.87,1.4,0.53,0.47,1.8,0.53,0.33,13.53,4.07,2.8,68.85,69.4,0.33,0.0,11.93,3.0,51.11,1.53,3.2
1207,Liga I (RO),970884,Guy Dahan,G. Dahan,2000-03-08,45.97,9.88,12.35,15,15,0,312.0,20.8,0.0,0.4,94.0,6.27,5.07,80.85,80.64,11.53,0.0,2.0,1.2,0.13,0.07,1.07,0.2,0.2,7.87,2.47,2.13,86.49,81.19,0.33,0.0,5.2,0.73,63.64,0.47,1.4
1207,Liga I (RO),972661,Bogdan Nicolae Marian,B. Marian,2004-12-04,37.69,9.32,8.78,6,6,0,192.0,32.0,0.0,0.67,68.0,11.33,7.67,67.65,76.06,20.25,1.5,3.0,2.5,0.33,0.17,2.83,1.0,0.67,7.17,2.83,1.5,52.94,57.04,0.17,0.0,6.83,2.17,38.46,0.83,3.83
1207,Liga I (RO),972745,Taiwo Quadri Olakunle ,T. Quadri Olakunle,2006-01-06,22.93,7.68,5.79,1,1,0,20.0,20.0,0.0,0.0,4.0,4.0,3.0,75.0,93.78,9.72,0.0,1.0,0.0,0.0,0.0,1.0,1.0,0.0,8.0,3.0,2.0,66.67,91.84,0.0,0.0,4.0,0.0,,0.0,0.0
1207,Liga I (RO),974002,Giovani-David Ghimfus,G. Ghimfus,2005-07-12,46.87,10.76,13.49,11,10,1,503.0,50.3,0.0,0.4,134.0,13.4,9.7,72.39,82.34,11.99,0.4,3.2,1.7,0.5,0.4,3.9,0.7,0.4,12.2,3.4,2.5,73.53,78.87,0.1,0.0,9.6,2.2,54.55,1.2,2.4
1207,Liga I (RO),976332,Din Alomerovic,D. Alomerovic,1997-06-29,84.41,21.65,22.27,31,30,1,3407.0,113.57,0.13,1.6,1054.0,35.13,26.93,76.66,78.93,17.53,2.87,7.9,4.83,0.7,0.5,23.7,6.03,4.1,24.6,7.6,5.57,73.25,70.49,0.47,0.03,17.67,4.3,51.94,2.23,9.97
1207,Liga I (RO),983447,Luca Barbulescu,L. Barbulescu,2007-03-31,8.76,2.88,1.59,1,1,0,19.0,19.0,0.0,1.0,5.0,5.0,5.0,100.0,94.55,10.23,0.0,3.0,1.0,0.0,0.0,1.0,0.0,0.0,1.0,0.0,0.0,,,0.0,0.0,1.0,0.0,,0.0,0.0
1207,Liga I (RO),984830,Rafael Gomes Garutti,Rafael Garutti,1998-11-25,29.92,4.5,14.11,1,1,0,17.0,17.0,0.0,0.0,8.0,8.0,6.0,75.0,83.47,16.88,1.0,2.0,3.0,0.0,0.0,6.0,3.0,2.0,1.0,0.0,0.0,,,0.0,0.0,0.0,0.0,,0.0,2.0
1207,Liga I (RO),985374,Moses Abbey,M. Abbey,2002-08-18,55.62,13.24,16.29,29,24,5,1435.0,59.79,0.21,1.58,389.0,16.21,14.04,86.63,84.7,12.94,0.38,2.21,2.83,0.29,0.38,4.46,0.96,0.92,19.25,5.21,4.46,85.6,80.56,0.58,0.12,11.92,2.5,63.33,1.58,2.46
1207,Liga I (RO),985515,Robert Moldoveanu,R. Moldoveanu,1999-03-08,57.86,13.21,15.33,28,25,3,935.0,37.4,0.04,0.88,305.0,12.2,8.28,67.87,70.45,13.56,0.52,4.56,1.96,0.52,0.48,1.8,0.48,0.24,12.24,4.88,3.36,68.85,68.86,0.52,0.08,10.04,2.88,50.0,1.44,4.8
1207,Liga I (RO),985516,Costinel Andrei Tofan,A. Tofan,1996-08-02,65.29,13.37,18.95,11,11,0,496.0,45.09,0.0,0.18,171.0,15.55,9.0,57.89,67.03,15.72,0.64,4.73,4.64,0.45,0.55,10.09,3.27,1.55,9.36,3.82,1.91,50.0,60.85,0.09,0.0,6.55,2.55,28.57,0.73,7.27
1207,Liga I (RO),985518,Ionuţ Laurenţiu Rădescu,I. Rădescu,1995-03-20,58.32,12.54,15.95,29,26,3,895.0,34.42,0.08,0.42,274.0,10.54,6.54,62.05,70.77,16.25,0.69,3.35,1.73,0.46,0.35,1.54,0.5,0.38,9.08,3.54,2.08,58.7,64.76,0.31,0.08,7.88,2.08,38.89,0.81,4.15
1207,Liga I (RO),985525,Christian Nikolas Pirvu Yanis,C. Pirvu,2007-04-02,45.18,9.96,12.26,33,30,3,969.0,32.3,0.03,0.43,303.0,10.1,6.5,64.36,72.01,14.55,0.43,2.77,1.97,0.2,0.2,1.7,0.47,0.27,9.17,3.37,2.03,60.4,71.16,0.13,0.07,8.63,2.07,43.55,0.9,3.43
1207,Liga I (RO),985528,Patrick Dulcea,P. Dulcea,2005-02-10,48.6,10.47,14.67,29,28,1,1272.0,45.43,0.07,0.96,367.0,13.11,10.39,79.29,81.32,13.32,0.43,2.36,2.32,0.29,0.32,2.93,0.71,0.57,13.57,4.0,2.89,72.32,72.15,0.43,0.07,12.32,2.46,62.32,1.54,2.79
1207,Liga I (RO),988424,Mark Țuțu,M. Țuțu,2004-01-02,79.47,19.13,22.93,31,30,1,2028.0,67.6,0.13,0.9,675.0,22.5,16.13,71.7,77.74,17.52,1.73,5.47,4.47,0.47,0.37,12.5,3.4,1.9,15.53,4.73,3.57,75.35,75.83,0.43,0.03,8.43,2.23,43.28,0.97,7.13
1207,Liga I (RO),998267,Adrian Briciu ,A. Briciu,2007-08-17,91.53,27.81,19.97,1,1,0,30.0,30.0,0.0,0.0,8.0,8.0,4.0,50.0,79.13,26.49,1.0,2.0,0.0,0.0,0.0,12.0,5.0,2.0,5.0,1.0,1.0,100.0,99.79,0.0,0.0,0.0,0.0,,0.0,0.0
1207,Liga I (RO),999035,Omar Pašagić,O. Pašagić,1997-10-11,91.03,21.53,26.52,17,15,2,1576.0,105.07,0.13,0.6,595.0,39.67,33.8,85.21,90.23,19.57,3.4,8.4,5.67,0.07,0.13,33.6,8.53,6.2,16.0,6.07,5.2,85.71,85.97,0.27,0.0,2.07,0.47,42.86,0.2,4.73
1207,Liga I (RO),1002889,Ianis Tarbă,I. Tarbă,2006-07-04,30.73,10.08,5.38,9,9,0,426.0,47.33,0.11,0.89,112.0,12.44,8.78,70.54,76.7,11.78,0.22,2.11,2.33,0.0,0.33,4.89,1.0,0.89,14.33,3.56,2.11,59.38,69.56,0.33,0.11,17.33,3.22,27.59,0.89,4.0
1207,Liga I (RO),1008874,Razvan Marincean,R. Marincean,2009-02-27,7.06,3.18,0.89,1,1,0,6.0,6.0,0.0,0.0,3.0,3.0,3.0,100.0,97.34,14.5,0.0,2.0,0.0,0.0,0.0,0.0,0.0,0.0,1.0,1.0,1.0,100.0,99.21,0.0,0.0,0.0,0.0,,0.0,0.0
1207,Liga I (RO),1008909,Andrei Tolcea,A. Tolcea,2008-02-25,14.92,4.1,2.73,1,1,0,6.0,6.0,0.0,0.0,2.0,2.0,2.0,100.0,90.2,15.41,0.0,0.0,0.0,0.0,0.0,0.0,0.0,0.0,1.0,0.0,0.0,,,0.0,0.0,2.0,1.0,100.0,1.0,0.0
1207,Liga I (RO),1009087,Ioan Bârstan,I. Bârstan,2004-06-24,26.27,5.74,7.88,2,2,0,45.0,22.5,0.0,0.0,12.0,6.0,4.5,75.0,88.96,15.31,0.5,1.5,0.5,0.0,0.0,4.5,0.5,0.5,7.0,1.5,0.5,33.33,76.58,0.0,0.0,3.0,0.5,0.0,0.0,0.5
1207,Liga I (RO),1009777,Matei Popa,M. Popa,2007-04-29,93.51,29.21,18.42,12,11,1,297.0,27.0,0.0,0.0,111.0,10.09,7.55,74.78,87.8,21.83,1.0,3.0,0.91,0.0,0.0,7.36,2.09,0.64,4.18,1.64,1.45,88.89,91.89,0.0,0.0,0.0,0.0,,0.0,1.0
1207,Liga I (RO),1017076,Máté Simon,M. Simon,2006-07-19,99.35,24.02,36.58,2,1,1,49.0,49.0,0.0,0.0,20.0,20.0,17.0,85.0,87.8,23.94,5.0,8.0,4.0,0.0,0.0,14.0,3.0,2.0,11.0,7.0,7.0,100.0,98.97,0.0,0.0,0.0,0.0,,0.0,2.0
1207,Liga I (RO),1017099,David Matei,D. Matei,2006-07-19,80.08,24.38,18.6,31,31,0,2536.0,81.81,0.19,1.52,733.0,23.65,18.55,78.44,81.01,15.09,1.26,5.9,4.42,0.94,0.45,6.58,1.68,1.03,20.0,6.29,4.48,71.28,69.99,0.61,0.1,15.58,4.1,48.03,1.97,5.9
1207,Liga I (RO),1018009,Moussa  Samake,M. Samake,2004-12-01,46.25,12.82,10.11,1,1,0,70.0,70.0,0.0,1.0,21.0,21.0,11.0,52.38,73.98,14.18,1.0,5.0,5.0,1.0,1.0,1.0,0.0,0.0,24.0,6.0,2.0,33.33,58.91,1.0,0.0,16.0,5.0,0.0,0.0,8.0
1207,Liga I (RO),1018018,Luca Crăciun,L. Crăciun,2008-08-25,1.78,0.13,0.5,1,1,0,0.0,0.0,0.0,0.0,0.0,0.0,0.0,,,,0.0,0.0,0.0,0.0,0.0,0.0,0.0,0.0,0.0,0.0,0.0,,,0.0,0.0,0.0,0.0,,0.0,0.0
1207,Liga I (RO),1018020,Petriu Rafael  Ionuț,P. Ionuț,2008-11-02,16.15,3.42,4.38,1,1,0,7.0,7.0,0.0,0.0,2.0,2.0,0.0,0.0,53.78,,0.0,0.0,0.0,0.0,0.0,0.0,0.0,0.0,4.0,2.0,0.0,0.0,53.78,0.0,0.0,3.0,2.0,0.0,0.0,2.0
1207,Liga I (RO),1018021,Adriano George Flavius Manole,A. Manole,2007-07-28,8.16,1.68,1.99,5,4,1,13.0,3.25,0.0,0.0,3.0,0.75,0.5,66.67,75.41,8.8,0.0,0.25,0.25,0.25,0.0,0.0,0.0,0.0,1.75,0.5,0.25,50.0,67.24,0.0,0.0,2.0,0.5,50.0,0.25,0.25
1207,Liga I (RO),1018022,Caio Ferreira Martins,Caio Ferreira,2000-12-15,74.53,15.67,20.13,16,15,1,862.0,57.47,0.13,1.33,216.0,14.4,10.2,70.83,74.3,15.13,1.2,4.4,1.93,0.47,0.33,3.4,0.73,0.4,20.33,5.27,3.53,67.09,74.02,0.67,0.07,14.6,3.2,56.25,1.8,4.53
1207,Liga I (RO),1018055,Luca  Stancu,L. Stancu,2005-05-09,61.39,14.87,17.33,29,27,2,1609.0,59.59,0.07,0.78,513.0,19.0,14.85,78.17,80.94,14.25,0.93,4.74,3.67,0.48,0.22,10.41,2.56,2.07,15.0,4.41,3.22,73.11,74.08,0.26,0.0,9.59,2.26,37.7,0.85,4.93
1207,Liga I (RO),1018056,Florin Eugen  Alexandru Gașpăr,F. Alexandru Gașpăr,,43.48,6.79,9.74,1,1,0,18.0,18.0,0.0,0.0,6.0,6.0,4.0,66.67,76.32,19.43,1.0,0.0,1.0,0.0,1.0,0.0,0.0,0.0,7.0,2.0,1.0,50.0,70.38,0.0,0.0,5.0,2.0,50.0,1.0,3.0
1207,Liga I (RO),1018075,Andrei Sava,A. Sava,1991-05-07,87.76,21.49,25.48,29,23,6,2170.0,94.35,0.09,1.09,697.0,30.3,22.65,74.75,78.59,16.38,2.0,7.7,5.39,0.57,0.26,24.09,6.43,4.0,25.96,8.09,5.57,68.82,69.23,0.43,0.0,13.65,3.13,45.83,1.43,8.74
1207,Liga I (RO),1018076,Stefan Visic,S. Visic,1997-11-20,46.19,11.4,12.56,23,19,4,351.0,18.47,0.0,0.32,95.0,5.0,3.21,64.21,72.37,10.29,0.05,1.74,0.47,0.42,0.26,0.47,0.11,0.05,7.47,2.11,1.42,67.5,72.27,0.21,0.0,4.53,0.95,61.11,0.58,1.63
1207,Liga I (RO),1018077,Alexandru Gheorghe,A. Gheorghe,2002-10-12,54.86,12.43,15.7,12,9,3,508.0,56.44,0.0,0.22,161.0,17.89,14.11,78.88,82.84,16.91,1.44,4.33,4.22,0.0,0.11,16.11,4.0,2.33,7.11,2.78,1.67,60.0,69.28,0.0,0.0,2.56,0.56,20.0,0.11,4.11
1207,Liga I (RO),1018078,Gab Dumitru,G. Dumitru,2005-10-14,77.66,19.7,22.06,11,9,2,787.0,87.44,0.0,0.44,255.0,28.33,23.67,83.53,85.06,17.49,1.89,6.89,5.33,0.22,0.0,22.22,5.89,4.56,10.78,3.56,3.11,87.5,82.42,0.0,0.0,4.11,0.56,20.0,0.11,5.44
1207,Liga I (RO),1018079,Marian Laurențiu Lis,M. Lis,2004-09-08,35.96,8.36,10.41,22,17,5,475.0,27.94,0.06,0.35,121.0,7.12,5.12,71.9,78.16,12.72,0.12,1.47,1.18,0.0,0.18,2.76,0.53,0.35,8.53,1.94,1.29,66.67,74.29,0.12,0.0,5.35,0.76,30.77,0.24,2.06
1207,Liga I (RO),1018080,Adrian Sîrbu,A. Sîrbu,2004-06-09,30.28,7.22,7.88,12,10,2,181.0,18.1,0.0,0.2,48.0,4.8,3.6,75.0,77.7,12.62,0.1,1.4,0.4,0.5,0.0,0.8,0.2,0.1,6.7,1.3,0.8,61.54,57.52,0.0,0.0,6.5,1.2,58.33,0.7,0.9
1207,Liga I (RO),1018081,Dragoş Ionuţ Huiban,D. Huiban,1990-01-29,69.53,17.03,19.77,38,32,6,1512.0,47.25,0.06,0.78,438.0,13.69,9.91,72.37,77.94,11.69,0.38,4.59,2.59,0.56,0.59,1.5,0.31,0.06,18.34,5.25,3.44,65.48,71.67,0.5,0.03,12.97,2.84,56.04,1.59,3.56
1207,Liga I (RO),1018082,Robert Cornel Neacşu,R. Neacşu,2000-01-30,69.35,16.25,18.88,19,16,3,1035.0,64.69,0.06,0.81,322.0,20.12,13.94,69.25,73.69,16.57,1.25,5.69,4.94,0.69,0.5,15.75,4.88,2.94,14.56,4.62,3.06,66.22,70.68,0.31,0.0,10.44,2.5,45.0,1.12,7.94
1207,Liga I (RO),1018083,Cristian Nicolae Nedelcovici,C. Nedelcovici,1993-06-02,63.16,14.68,17.34,4,4,0,137.0,34.25,0.0,0.0,35.0,8.75,5.0,57.14,73.52,26.59,2.5,2.0,1.0,0.0,0.0,14.5,3.5,1.25,5.25,0.5,0.25,50.0,99.31,0.0,0.0,0.0,0.0,,0.0,2.25
1207,Liga I (RO),1018084,George Alexandru Caramalău,G. Caramalău,1995-06-23,90.45,22.89,25.18,17,14,3,1500.0,107.14,0.14,0.64,541.0,38.64,32.29,83.55,87.46,18.1,3.36,11.64,6.43,0.07,0.07,34.64,10.5,7.57,12.71,4.71,3.5,74.24,79.99,0.29,0.07,2.21,0.64,44.44,0.29,5.71
1207,Liga I (RO),1018085,Răzvan Milea,R. Milea,2000-02-05,52.83,12.64,14.16,12,11,1,606.0,55.09,0.0,1.18,195.0,17.73,15.55,87.69,87.74,14.55,0.91,5.45,4.45,0.27,0.27,7.0,1.55,1.18,7.91,3.64,3.09,85.0,81.99,0.45,0.0,6.36,1.73,68.42,1.18,1.91
1207,Liga I (RO),1018086,George Petrişor Gavrilaş,G. Gavrilaş,1990-12-15,93.13,22.83,26.48,36,30,6,1701.0,56.7,0.0,0.1,540.0,18.0,12.73,70.74,80.73,27.05,4.73,4.57,1.57,0.0,0.0,22.23,6.37,2.83,9.87,2.53,2.3,90.79,91.24,0.0,0.0,0.0,0.0,,0.0,3.4
1207,Liga I (RO),1018135,Dan  Neicu,D. Neicu,2002-09-16,55.33,15.16,9.99,3,3,0,165.0,55.0,0.0,0.0,74.0,24.67,20.33,82.43,92.38,19.89,2.0,3.67,6.33,0.0,0.0,15.0,4.33,2.0,3.67,1.0,1.0,100.0,99.73,0.0,0.0,0.33,0.33,100.0,0.33,3.0
1207,Liga I (RO),1018136,Matei Frunza,M. Frunza,2006-03-12,18.57,4.65,3.78,7,7,0,112.0,16.0,0.0,0.14,34.0,4.86,3.71,76.47,79.36,13.48,0.14,1.0,1.14,0.43,0.29,1.14,0.57,0.29,3.71,1.57,0.86,54.55,63.95,0.0,0.0,3.86,1.0,28.57,0.29,1.43
1207,Liga I (RO),1018137,Dan-Cristian Neicu,D. Neicu,2004-11-03,21.12,5.04,5.05,9,9,0,116.0,12.89,0.0,0.44,32.0,3.56,2.56,71.87,78.75,13.28,0.33,0.78,1.22,0.0,0.33,0.78,0.11,0.11,4.11,1.44,1.0,69.23,73.05,0.11,0.0,3.44,0.78,57.14,0.44,1.11
1207,Liga I (RO),1018321,Stancu Claudiu  Constantin,S. Constantin,2009-11-04,24.88,4.73,6.36,1,1,0,33.0,33.0,0.0,0.0,10.0,10.0,5.0,50.0,61.35,20.54,1.0,3.0,3.0,0.0,0.0,10.0,3.0,2.0,3.0,1.0,1.0,100.0,41.11,0.0,0.0,4.0,2.0,50.0,1.0,6.0
1207,Liga I (RO),1018435,Dávid Kelemen,D. Kelemen,1992-05-24,100.56,20.33,35.3,4,3,1,203.0,67.67,0.0,0.67,93.0,31.0,27.0,87.1,92.5,21.03,3.33,6.67,9.33,0.0,0.0,16.0,3.33,2.33,3.0,1.0,0.67,66.67,78.62,0.0,0.0,0.0,0.0,,0.0,2.67
1207,Liga I (RO),1018436,János Nagy,J. Nagy,1992-08-07,,,,1,0,1,,,,,,,,,,,,,,,,,,,,,,,,,,,,,,
1207,Liga I (RO),1018437,Jozef Dolný,J. Dolný,1992-05-13,50.91,10.99,15.42,16,14,2,380.0,27.14,0.0,0.93,125.0,8.93,6.36,71.2,77.99,12.75,0.36,3.29,1.21,0.64,0.29,0.5,0.21,0.07,12.14,3.93,2.71,69.09,72.92,0.36,0.0,10.07,2.5,62.86,1.57,2.0
1207,Liga I (RO),1018438,Peter Gál-Andrezly,P. Gál-Andrezly,1990-05-03,82.4,18.44,24.44,8,7,1,454.0,64.86,0.0,0.86,167.0,23.86,18.29,76.65,80.78,13.82,0.86,5.86,5.29,0.14,0.29,14.14,5.57,4.29,18.0,7.0,5.29,75.51,72.12,0.57,0.0,10.0,3.29,26.09,0.86,5.14
1207,Liga I (RO),1018439,Szilárd Veres,S. Veres,1996-01-27,86.61,19.36,27.18,32,30,2,2002.0,66.73,0.1,1.3,700.0,23.33,18.9,81.0,84.48,15.61,0.93,7.23,4.8,0.43,0.2,8.73,2.43,1.63,11.87,4.5,3.33,74.07,75.59,0.47,0.0,7.67,2.0,48.33,0.97,4.23
1207,Liga I (RO),1018440,Raul Ioan Palmes,R. Palmes,1996-08-16,89.14,19.57,27.09,29,29,0,2062.0,71.1,0.0,0.59,770.0,26.55,21.62,81.43,87.43,21.25,3.1,6.93,3.66,0.31,0.0,18.45,5.45,3.69,8.48,3.07,2.69,87.64,81.2,0.14,0.0,2.59,0.93,33.33,0.31,4.38
1207,Liga I (RO),1018441,Soufiane Jebari Jebari,S. Jebari,1995-02-24,43.76,9.21,13.13,25,24,1,1136.0,47.33,0.08,0.79,282.0,11.75,9.21,78.37,79.4,14.5,0.58,2.0,1.92,0.25,0.46,4.04,0.75,0.54,12.54,4.25,3.17,74.51,69.73,0.33,0.0,12.71,2.83,57.35,1.62,3.17
1207,Liga I (RO),1018442,Erwin Szilard Bloj,E. Bloj,1997-07-24,68.78,15.05,21.65,13,13,0,600.0,46.15,0.08,0.69,222.0,17.08,11.62,68.02,76.46,16.03,1.15,4.31,3.92,0.38,0.23,8.15,2.85,1.54,9.46,3.08,1.77,57.5,69.46,0.23,0.0,6.15,1.92,12.0,0.23,5.69
1207,Liga I (RO),1018445,Attila Csürös,A. Csuros,1995-02-15,86.84,18.86,27.59,21,20,1,1646.0,82.3,0.0,0.75,593.0,29.65,24.6,82.97,89.01,17.95,1.9,7.6,7.8,0.2,0.1,18.45,4.95,3.5,8.65,2.85,2.2,77.19,84.14,0.05,0.0,2.8,0.55,45.45,0.25,3.7
1207,Liga I (RO),1018450,Ervin-Raul Bakoș,E. Bakoș,2004-05-27,52.98,12.72,14.88,11,10,1,285.0,28.5,0.2,1.4,82.0,8.2,6.2,75.61,75.88,12.54,0.5,2.0,1.3,0.5,0.6,0.6,0.5,0.2,8.4,3.1,2.1,67.74,67.75,0.5,0.0,10.0,2.9,55.17,1.6,2.6
1207,Liga I (RO),1018454,Zoltán-Efraim Bödő,Z. Bödő,2007-02-01,72.08,15.47,22.26,30,29,1,912.0,31.45,0.0,0.66,305.0,10.52,8.1,77.05,82.39,14.33,0.38,3.9,2.1,0.28,0.14,2.72,0.72,0.52,5.1,1.86,1.28,68.52,71.98,0.1,0.0,5.31,1.21,54.29,0.66,2.14
1207,Liga I (RO),1018456,Alpár Gergely,A. Gergely,2007-10-18,18.36,3.91,5.19,4,4,0,20.0,5.0,0.0,0.5,8.0,2.0,1.5,75.0,85.62,11.13,0.0,1.0,0.25,0.0,0.0,0.0,0.0,0.0,1.5,0.5,0.5,100.0,96.6,0.0,0.0,2.0,0.25,100.0,0.25,0.25
1207,Liga I (RO),1018528,Loránd Bencze,L. Bencze,2009-07-04,5.22,1.35,1.76,1,1,0,0.0,0.0,0.0,0.0,0.0,0.0,0.0,,,,0.0,0.0,0.0,0.0,0.0,0.0,0.0,0.0,0.0,0.0,0.0,,,0.0,0.0,0.0,0.0,,0.0,0.0
1207,Liga I (RO),1018529,Alexandru-Simion Tabuncic,A. Tabuncic,2006-05-27,10.76,2.15,4.97,1,1,0,7.0,7.0,0.0,0.0,2.0,2.0,1.0,50.0,79.6,5.46,0.0,1.0,0.0,0.0,0.0,2.0,1.0,0.0,1.0,0.0,0.0,,,0.0,0.0,0.0,0.0,,0.0,0.0
1207,Liga I (RO),1019542,Cosmin Florin Achim,C. Florin Achim,,38.64,8.69,9.56,4,3,1,55.0,18.33,0.0,0.0,20.0,6.67,5.67,85.0,85.14,16.27,0.0,2.67,1.0,0.0,0.0,3.33,1.0,0.67,3.0,1.0,0.67,66.67,69.06,0.0,0.0,2.33,0.33,0.0,0.0,1.0
1207,Liga I (RO),1023407,Seydou Saeed Issah,S. Issah,2000-01-11,47.81,12.31,13.46,10,9,1,474.0,52.67,0.11,0.33,171.0,19.0,15.0,78.95,87.52,17.91,1.44,3.67,3.67,0.11,0.0,17.0,4.56,2.89,6.67,2.89,2.22,76.92,80.17,0.0,0.0,2.22,0.44,75.0,0.33,2.89
1207,Liga I (RO),1024099,Toader Mihnea,T. Mihnea,2006-07-26,12.02,4.29,2.18,1,1,0,15.0,15.0,0.0,0.0,5.0,5.0,5.0,100.0,91.41,16.69,0.0,1.0,1.0,0.0,0.0,4.0,1.0,1.0,7.0,2.0,2.0,100.0,98.33,0.0,0.0,0.0,0.0,,0.0,0.0
1207,Liga I (RO),1029917,Alexandru Soare,A. Soare,2005-05-13,97.7,19.92,33.14,1,1,0,26.0,26.0,0.0,0.0,4.0,4.0,3.0,75.0,73.41,29.26,2.0,4.0,0.0,0.0,0.0,12.0,3.0,2.0,3.0,0.0,0.0,,,0.0,0.0,0.0,0.0,,0.0,2.0
1207,Liga I (RO),1030819,Rober Sierra,R. Sierra,1996-05-21,91.55,19.56,25.12,35,32,3,2195.0,68.59,0.03,0.47,805.0,25.16,19.75,78.51,86.53,17.67,2.09,10.09,3.44,0.22,0.0,7.34,1.81,1.38,6.97,2.75,2.25,81.82,82.91,0.12,0.0,3.22,0.62,70.0,0.44,3.72
1207,Liga I (RO),1031930,Luca Noveli,L. Noveli,2008-02-07,24.06,6.72,5.82,3,3,0,49.0,16.33,0.0,0.33,17.0,5.67,5.0,88.24,75.52,11.19,0.0,1.67,1.0,0.33,0.0,0.33,0.0,0.0,5.67,2.0,2.0,100.0,80.45,0.33,0.0,4.67,0.67,100.0,0.67,1.33
1207,Liga I (RO),1032097,Előd Tóth-Pál,E. Tóth-Pál,2007-04-12,37.19,7.86,14.43,2,2,0,14.0,7.0,0.0,0.0,6.0,3.0,2.0,66.67,60.94,8.61,0.0,2.0,0.0,0.0,0.0,0.0,0.0,0.0,1.5,0.5,0.0,0.0,38.7,0.0,0.0,1.0,0.5,0.0,0.0,1.0
1207,Liga I (RO),1034469,Endri Celaj,E. Celaj,2004-01-23,12.18,2.12,4.39,4,4,0,6.0,1.5,0.0,0.0,4.0,1.0,0.0,0.0,60.64,,0.0,0.75,0.0,0.0,0.0,0.0,0.0,0.0,0.5,0.25,0.0,0.0,75.51,0.0,0.0,0.0,0.0,,0.0,0.0
1207,Liga I (RO),1035538,Marin Antonio  Mario,M. Mario,2008-03-05,2.12,1.01,0.5,1,1,0,0.0,0.0,0.0,0.0,0.0,0.0,0.0,,,,0.0,0.0,0.0,0.0,0.0,0.0,0.0,0.0,0.0,0.0,0.0,,,0.0,0.0,0.0,0.0,,0.0,0.0
1207,Liga I (RO),1035539,Muntean  Denys,M. Denys,2009-05-13,8.55,1.8,1.7,1,1,0,2.0,2.0,0.0,0.0,1.0,1.0,1.0,100.0,79.08,13.29,0.0,0.0,1.0,0.0,1.0,2.0,1.0,1.0,1.0,1.0,1.0,100.0,79.08,0.0,0.0,1.0,1.0,100.0,1.0,0.0
1207,Liga I (RO),1035806,Mircea-Mario Tache,M. Tache,2005-01-22,33.74,7.04,9.79,4,2,2,46.0,23.0,0.0,0.0,12.0,6.0,4.5,75.0,90.67,9.97,0.0,2.0,0.5,0.0,0.0,2.5,0.5,0.0,6.5,2.0,1.0,50.0,91.15,0.0,0.0,0.0,0.0,,0.0,0.0
1207,Liga I (RO),1036907,Dániel Brugger,D. Brugger,2008-06-16,36.89,9.2,9.94,5,5,0,138.0,27.6,0.2,1.6,44.0,8.8,7.0,79.55,80.33,14.77,0.4,2.2,0.8,0.0,0.2,4.2,1.2,1.2,9.2,3.8,3.0,78.95,73.82,1.4,0.2,6.0,1.6,75.0,1.2,2.4
1207,Liga I (RO),1036928,Moldovan Iulian,M. Iulian,2008-06-04,2.03,1.01,0.5,1,1,0,4.0,4.0,0.0,0.0,2.0,2.0,2.0,100.0,99.72,10.91,0.0,1.0,0.0,0.0,0.0,1.0,0.0,0.0,1.0,0.0,0.0,,,0.0,0.0,0.0,0.0,,0.0,0.0
1207,Liga I (RO),1036953,Alexandru Goncear,A. Goncear,2009-07-07,24.96,7.74,6.14,9,8,1,288.0,36.0,0.0,0.5,68.0,8.5,7.12,83.82,84.45,16.16,0.5,1.12,0.88,0.12,0.0,3.62,0.75,0.75,7.88,2.25,1.5,66.67,71.24,0.12,0.0,6.12,1.25,50.0,0.62,1.25
1207,Liga I (RO),1039550,Bogdan Buse,B. Buse,2007-07-29,,,,1,0,1,,,,,,,,,,,,,,,,,,,,,,,,,,,,,,
1207,Liga I (RO),1039671,Darius Bota,D. Bota,2009-06-17,33.28,7.26,10.73,10,10,0,219.0,21.9,0.2,0.8,64.0,6.4,4.7,73.44,76.27,12.64,0.1,2.1,0.8,0.5,0.1,0.5,0.1,0.0,6.0,1.5,1.0,66.67,65.41,0.3,0.2,6.7,1.8,61.11,1.1,2.0
1207,Liga I (RO),1039695,Rafael Popa,R. Popa,2008-05-24,84.65,23.41,27.38,1,1,0,76.0,76.0,0.0,2.0,32.0,32.0,25.0,78.12,82.6,14.8,2.0,10.0,3.0,1.0,0.0,10.0,6.0,5.0,36.0,15.0,13.0,86.67,71.82,1.0,0.0,19.0,6.0,83.33,5.0,7.0
1207,Liga I (RO),1058500,Andrei Panait,A. Panait,,10.95,4.57,1.78,1,1,0,37.0,37.0,0.0,0.0,11.0,11.0,11.0,100.0,98.05,14.96,0.0,2.0,2.0,0.0,0.0,1.0,0.0,0.0,4.0,1.0,1.0,100.0,99.49,0.0,0.0,4.0,1.0,100.0,1.0,0.0
1207,Liga I (RO),1058904,David Ilies,D. Ilies,2009-02-17,96.25,22.52,27.63,1,1,0,95.0,95.0,0.0,0.0,34.0,34.0,23.0,67.65,79.73,15.71,1.0,11.0,4.0,0.0,0.0,27.0,6.0,3.0,10.0,5.0,4.0,80.0,79.18,0.0,0.0,4.0,2.0,0.0,0.0,10.0
1207,Liga I (RO),1058951,Michael  Idowu,M. Idowu,,27.45,6.45,6.99,4,4,0,127.0,31.75,0.0,0.75,35.0,8.75,7.25,82.86,86.25,14.94,0.25,1.75,0.5,0.0,0.0,2.5,0.5,0.5,8.25,3.0,3.0,100.0,83.12,0.25,0.0,5.25,0.75,33.33,0.25,1.5
1207,Liga I (RO),1067549,Denis Ile,D. Ile,,16.57,4.42,4.65,2,2,0,26.0,13.0,0.0,1.5,7.0,3.5,3.0,85.71,60.39,9.75,0.0,0.5,0.5,0.5,0.0,1.0,0.0,0.0,5.0,2.5,2.5,100.0,64.37,1.0,0.0,5.5,1.0,100.0,1.0,2.0
1207,Liga I (RO),1067944,Szabolcs Nyitra,S. Nyitra,,14.42,3.28,4.91,1,1,0,10.0,10.0,0.0,0.0,2.0,2.0,2.0,100.0,67.42,22.61,1.0,0.0,0.0,0.0,0.0,0.0,0.0,0.0,5.0,1.0,1.0,100.0,37.28,0.0,0.0,5.0,0.0,,0.0,1.0
1207,Liga I (RO),1067966,David Avram,D. Avram,2010-02-01,10.26,4.57,1.78,1,1,0,0.0,0.0,0.0,0.0,0.0,0.0,0.0,,,,0.0,0.0,0.0,0.0,0.0,0.0,0.0,0.0,0.0,0.0,0.0,,,0.0,0.0,0.0,0.0,,0.0,0.0
1207,Liga I (RO),1067967,Dragos andrei Aftene,D. Aftene,2009-01-01,4.36,1.41,1.45,1,1,0,3.0,3.0,0.0,0.0,1.0,1.0,1.0,100.0,67.49,5.89,0.0,0.0,1.0,0.0,0.0,0.0,0.0,0.0,0.0,0.0,0.0,,,0.0,0.0,0.0,0.0,,0.0,0.0
