competition_edition,league,player_id,player_name,player_short_name,player_birthdate,minutes,minutes_tip,minutes_otip,performance_count,performance_included_count,performance_failed_count,passopportunity_count_total,passopportunity_count,pass_count_goalwithin10s,pass_count_shotwithin10s,pass_count_attempted_total,pass_count_attempted,pass_count_completed,pass_pct_completed,pass_avgxpass_attempted,pass_avgdistance,pass_count_longrange_attempted,pass_count_onetouch_attempted,pass_count_quickpass_attempted,pass_count_onetouch_dangerous_attempted,pass_count_quickpass_dangerous_attempted,passopportunity_count_linebreak,pass_count_linebreak_attempted,pass_count_linebreak_completed,passopportunity_count_torun,pass_count_torun_attempted,pass_count_torun_completed,pass_pct_torun_completed,pass_avgxpass_torun_attempted,pass_count_torun_shotwithin10s,pass_count_torun_goalwithin10s,passopportunity_count_dangerous,pass_count_dangerous_attempted,pass_pct_dangerous_completed,pass_count_dangerous_completed,pass_count_difficultpass_attempted
1194,Jupiler Pro League (BE),609,Alireza Jahanbakhsh,A. Jahanbakhsh,1993-08-11,48.71,12.7,12.39,21,21,0,1190.0,56.67,0.1,1.48,357.0,17.0,12.0,70.59,74.04,14.58,0.71,4.71,4.05,0.86,0.86,5.71,1.71,1.1,20.43,6.38,3.9,61.19,66.19,0.48,0.0,16.33,4.33,47.25,2.05,5.71
1194,Jupiler Pro League (BE),1266,Benito Raman,B. Raman,1994-11-07,41.8,10.83,10.16,28,28,0,603.0,21.54,0.11,0.57,175.0,6.25,4.36,69.71,70.9,16.47,0.54,1.82,0.68,0.36,0.18,0.86,0.29,0.18,10.21,3.04,1.96,64.71,65.92,0.39,0.07,8.29,2.04,54.39,1.11,2.29
1194,Jupiler Pro League (BE),1353,Birger Verstraete,B. Verstraete,1994-04-16,74.44,17.77,19.49,26,25,1,1692.0,67.68,0.28,0.92,561.0,22.44,19.16,85.38,89.22,17.36,1.72,7.84,4.12,0.44,0.04,9.36,2.4,1.76,8.68,2.88,2.52,87.5,83.58,0.12,0.08,4.6,1.04,69.23,0.72,2.72
1194,Jupiler Pro League (BE),1386,Boli Bolingoli-Mbombo,B. Bolingoli-Mbombo,1995-07-01,42.62,8.75,14.19,3,3,0,129.0,43.0,0.0,0.33,45.0,15.0,12.0,80.0,88.99,14.59,0.67,3.67,3.67,0.0,0.0,8.67,3.0,2.67,10.67,4.0,3.33,83.33,85.95,0.33,0.0,3.33,0.67,50.0,0.33,1.0
1194,Jupiler Pro League (BE),1441,Brandon Mechele,B. Mechele,1993-01-28,97.66,30.95,22.84,39,38,1,6103.0,160.61,0.13,1.21,2410.0,63.42,59.24,93.4,94.69,18.6,4.18,11.32,13.95,0.21,0.11,41.87,11.0,9.32,16.82,6.82,6.08,89.19,87.31,0.32,0.05,3.58,0.84,53.12,0.45,3.74
1194,Jupiler Pro League (BE),1539,Bryan Heynen,B. Heynen,1997-02-06,98.38,31.26,24.29,40,39,1,6889.0,176.64,0.33,3.36,2185.0,56.03,49.67,88.65,88.53,16.57,3.1,12.56,14.77,0.67,0.97,39.97,10.1,8.33,27.85,11.18,9.05,80.96,76.34,1.33,0.21,19.46,3.9,55.26,2.15,7.26
1194,Jupiler Pro League (BE),1971,Colin Coosemans,C. Coosemans,1992-08-03,100.1,26.89,24.94,38,36,2,2731.0,75.86,0.03,0.14,782.0,21.72,16.19,74.55,83.9,25.99,4.69,3.11,2.17,0.0,0.0,31.5,7.11,3.14,15.06,5.17,3.89,75.27,82.97,0.03,0.03,0.06,0.03,0.0,0.0,3.39
1194,Jupiler Pro League (BE),2550,Davy Roef,D. Roef,1994-02-06,99.78,26.49,28.42,41,39,2,2816.0,72.21,0.0,0.1,986.0,25.28,19.69,77.89,84.35,26.08,5.69,4.97,3.85,0.03,0.0,29.69,7.95,3.85,14.69,5.18,4.72,91.09,93.1,0.0,0.0,0.08,0.05,100.0,0.05,3.33
1194,Jupiler Pro League (BE),2645,Dennis Praet,D. Praet,1994-05-14,89.58,23.78,23.16,31,30,1,3710.0,123.67,0.03,1.73,1147.0,38.23,31.53,82.48,85.8,17.78,3.1,11.67,6.43,0.63,0.5,19.57,3.87,2.6,18.27,6.97,5.33,76.56,74.57,0.63,0.03,11.47,2.93,50.0,1.47,7.0
1194,Jupiler Pro League (BE),4167,Gyrano Kerk,G. Kerk,1995-12-02,82.67,21.13,22.38,27,26,1,1511.0,58.12,0.15,1.58,384.0,14.77,10.08,68.23,71.64,13.4,0.42,5.04,1.35,1.31,0.54,3.23,1.0,0.54,22.88,5.96,3.62,60.65,66.49,0.77,0.12,19.81,4.85,49.21,2.38,5.54
1194,Jupiler Pro League (BE),4193,Hannes Van der Bruggen,H. Van der Bruggen,1993-04-01,86.2,20.02,22.96,32,32,0,3403.0,106.34,0.16,2.0,1146.0,35.81,29.47,82.29,82.2,16.18,1.72,13.59,9.25,0.84,1.03,18.28,6.12,4.62,13.09,5.91,4.59,77.78,73.82,0.41,0.0,13.0,3.56,62.28,2.22,7.59
1194,Jupiler Pro League (BE),4202,Hans Vanaken,H. Vanaken,1992-08-24,96.27,30.92,22.47,39,38,1,7224.0,190.11,0.42,4.24,2277.0,59.92,54.29,90.6,88.05,16.2,4.29,17.05,12.97,1.71,1.74,33.47,8.58,7.37,32.34,12.21,10.13,82.97,76.86,1.55,0.24,29.32,6.68,70.08,4.68,7.53
1194,Jupiler Pro League (BE),4271,Hendrik Van Crombrugge,H. Van Crombrugge,1993-04-30,101.5,33.17,23.14,12,12,0,1018.0,84.83,0.0,0.17,309.0,25.75,21.17,82.2,89.9,23.27,4.75,4.92,4.17,0.0,0.0,37.0,6.58,3.58,15.75,5.58,4.92,88.06,94.07,0.08,0.0,0.0,0.0,,0.0,1.42
1194,Jupiler Pro League (BE),4899,Jelle Vossen,J. Vossen,1989-03-22,33.61,9.65,7.48,17,17,0,291.0,17.12,0.0,0.24,103.0,6.06,4.82,79.61,74.45,12.98,0.35,3.24,1.0,0.76,0.18,0.41,0.12,0.12,5.53,2.24,1.65,73.69,70.73,0.18,0.0,5.71,1.65,64.29,1.06,1.82
1194,Jupiler Pro League (BE),5143,Joey Pelupessy,J. Pelupessy,1993-05-15,99.86,22.41,28.17,2,2,0,162.0,81.0,0.0,0.5,59.0,29.5,25.0,84.75,87.95,17.38,1.0,12.0,8.0,1.0,0.0,13.0,3.0,2.0,11.5,4.0,3.5,87.5,83.79,0.0,0.0,4.5,1.0,50.0,0.5,3.5
1194,Jupiler Pro League (BE),5369,Joris Kayembe Ditu ,J. Kayembe,1994-08-08,82.45,25.89,20.49,28,27,1,4271.0,158.19,0.22,2.41,1436.0,53.19,45.44,85.45,86.32,14.95,2.22,7.33,12.52,0.3,0.67,45.11,12.07,9.3,34.07,12.63,10.22,80.94,76.41,0.85,0.15,17.15,3.56,44.79,1.59,9.33
1194,Jupiler Pro League (BE),6777,Marco Ilaimaharitra,M. Ilaimaharitra,1995-07-26,85.77,19.71,24.88,31,31,0,3391.0,109.39,0.03,1.42,1108.0,35.74,29.71,83.12,84.85,16.43,2.0,11.29,8.97,0.45,0.52,17.45,5.97,4.71,14.29,5.55,4.42,79.65,76.76,0.42,0.03,8.32,1.84,57.89,1.06,6.42
1194,Jupiler Pro League (BE),7209,Mats Rits,M. Rits,1993-07-18,33.91,6.09,10.91,3,3,0,76.0,25.33,0.0,0.33,29.0,9.67,5.67,58.62,76.68,14.87,0.33,4.0,3.0,0.33,0.33,2.0,0.67,0.67,2.0,0.67,0.33,50.0,43.67,0.0,0.0,1.67,1.0,66.67,0.67,2.67
1194,Jupiler Pro League (BE),8035,Nicolas Rommens,N. Rommens,1994-12-17,24.75,3.83,8.02,1,1,0,4.0,4.0,0.0,0.0,3.0,3.0,2.0,66.67,67.38,17.59,0.0,1.0,1.0,0.0,1.0,1.0,1.0,0.0,3.0,2.0,1.0,50.0,67.37,0.0,0.0,1.0,1.0,0.0,0.0,1.0
1194,Jupiler Pro League (BE),8109,Noë Dussenne,N. Dussenne,1992-04-07,87.59,21.61,23.22,22,21,1,2329.0,110.9,0.14,1.0,826.0,39.33,32.86,83.54,88.56,21.41,4.71,7.81,4.57,0.43,0.05,31.95,8.0,5.43,13.9,5.24,3.76,71.82,75.48,0.29,0.0,2.9,1.05,45.45,0.48,6.24
1194,Jupiler Pro League (BE),8701,Pieter Gerkens,P. Gerkens,1995-02-17,88.9,20.79,23.59,35,35,0,2517.0,71.91,0.14,1.83,899.0,25.69,21.03,81.87,81.13,14.6,1.31,9.54,6.54,0.94,0.86,8.11,1.83,1.37,12.57,5.26,3.8,72.28,68.14,0.94,0.09,12.69,3.54,57.26,2.03,5.46
1194,Jupiler Pro League (BE),9073,Rob Schoofs,R. Schoofs,1994-03-23,61.98,16.86,16.09,36,36,0,2974.0,82.61,0.31,1.81,938.0,26.06,22.03,84.54,85.04,16.28,1.72,7.39,5.86,0.78,0.86,12.06,3.36,2.5,15.28,5.69,4.39,77.07,73.62,0.75,0.19,13.06,3.22,69.83,2.25,4.42
1194,Jupiler Pro League (BE),9259,Roman Neustädter,R. Neustädter,1988-02-18,83.99,20.43,23.38,18,17,1,1630.0,95.88,0.0,0.53,616.0,36.24,33.82,93.34,93.91,17.41,2.35,7.24,8.29,0.06,0.0,21.24,5.47,4.88,8.47,3.82,3.65,95.38,86.41,0.24,0.0,0.88,0.18,100.0,0.18,2.06
1194,Jupiler Pro League (BE),9835,Siebe Schrijvers,S. Schrijvers,1996-07-18,75.48,18.71,19.83,29,29,0,2760.0,95.17,0.14,1.86,807.0,27.83,22.34,80.3,81.1,18.66,2.86,7.41,4.9,1.14,0.66,15.28,4.17,3.21,17.9,6.79,4.9,72.08,70.36,0.9,0.07,15.72,4.17,52.89,2.21,7.45
1194,Jupiler Pro League (BE),9870,Simon Mignolet,S. Mignolet,1988-03-06,94.02,31.86,21.15,12,11,1,774.0,70.36,0.0,0.09,269.0,24.45,21.73,88.85,88.43,22.42,4.55,2.73,2.82,0.0,0.0,25.0,5.73,3.55,15.27,4.36,4.18,95.83,92.22,0.09,0.0,0.0,0.0,,0.0,3.18
1194,Jupiler Pro League (BE),9924,Sofiane Boufal,S. Boufal,1993-09-17,24.88,6.6,5.36,9,9,0,319.0,35.44,0.33,1.0,86.0,9.56,7.78,81.39,81.57,15.88,0.67,3.33,1.0,0.78,0.22,4.0,1.33,1.11,10.0,3.22,2.78,86.21,72.12,0.89,0.22,12.11,2.89,76.92,2.22,1.89
1194,Jupiler Pro League (BE),10326,Thorgan Hazard,T. Hazard,1993-03-29,83.86,22.52,20.75,36,34,2,3791.0,111.5,0.38,3.12,1178.0,34.65,27.47,79.29,79.03,13.15,1.18,11.03,5.44,1.47,0.74,10.85,3.0,2.18,35.71,10.94,7.74,70.7,68.55,1.56,0.21,30.53,7.29,54.84,4.0,8.76
1194,Jupiler Pro League (BE),10709,Vincent Janssen,V. Janssen,1994-06-15,96.81,25.73,24.44,35,34,1,2213.0,65.09,0.32,1.47,629.0,18.5,14.26,77.11,77.86,16.54,1.5,5.88,3.15,1.09,1.12,3.71,0.74,0.59,22.68,6.68,4.71,70.48,69.54,0.97,0.26,18.41,4.56,59.36,2.71,4.59
1194,Jupiler Pro League (BE),11417,Jean-Kévin Duverne,J. Duverne,1997-07-12,57.7,15.31,16.73,22,21,1,1461.0,69.57,0.1,0.33,531.0,25.29,20.33,80.41,85.08,17.76,2.0,7.0,5.62,0.57,0.05,17.71,5.43,4.0,18.57,6.19,4.95,80.0,77.65,0.19,0.0,6.62,1.62,23.53,0.38,5.24
1194,Jupiler Pro League (BE),11435,Isaac Mbenza,I. Mbenza,1996-03-08,52.48,15.54,11.67,4,4,0,240.0,60.0,0.25,1.5,78.0,19.5,15.0,76.92,79.51,18.06,1.75,4.25,3.5,0.5,0.5,5.0,1.25,1.0,23.25,8.75,6.25,71.43,72.58,1.0,0.0,17.25,5.0,45.0,2.25,5.5
1194,Jupiler Pro League (BE),11493,Ludwig Augustinsson,L. Augustinsson,1994-04-21,84.62,22.74,21.5,27,25,2,2775.0,111.0,0.16,2.0,1020.0,40.8,33.8,82.84,84.05,15.54,2.2,8.88,9.6,1.04,0.6,30.48,8.32,6.24,27.68,10.76,8.48,78.81,75.2,0.76,0.16,14.92,3.48,48.28,1.68,8.24
1194,Jupiler Pro League (BE),11562,Kasper Dolberg,K. Dolberg,1997-10-06,45.43,13.56,7.63,3,3,0,73.0,24.33,0.0,1.33,22.0,7.33,6.67,90.91,74.85,10.57,0.0,2.0,1.67,0.33,0.33,0.33,0.0,0.0,8.33,3.33,3.0,90.0,75.67,0.67,0.0,8.0,1.67,80.0,1.33,3.0
1194,Jupiler Pro League (BE),12396,Sergiy Sydorchuk,S. Sydorchuk,1991-05-02,22.46,5.53,6.48,16,14,2,380.0,27.14,0.0,0.36,121.0,8.64,7.86,90.91,88.74,13.74,0.29,3.29,1.71,0.21,0.21,3.5,0.5,0.43,4.0,1.21,1.07,88.24,78.79,0.07,0.0,3.0,0.93,61.54,0.57,1.07
1194,Jupiler Pro League (BE),12442,Yannick Thoelen,Y. Thoelen,1990-07-18,79.57,21.53,20.93,7,7,0,377.0,53.86,0.0,0.0,116.0,16.57,11.86,71.55,80.88,28.41,4.0,3.0,0.86,0.0,0.0,24.86,6.57,2.57,8.14,2.14,1.71,80.0,80.22,0.0,0.0,0.14,0.0,,0.0,1.86
1194,Jupiler Pro League (BE),12449,Wilfried Kanga Aka,W. Kanga,1998-02-21,84.5,22.72,23.92,36,35,1,1158.0,33.09,0.17,1.17,380.0,10.86,8.4,77.37,79.05,11.54,0.17,4.91,2.0,0.69,0.54,0.74,0.09,0.06,13.94,4.71,3.54,75.15,74.0,0.66,0.11,11.0,2.6,68.13,1.77,2.54
1194,Jupiler Pro League (BE),12674,Thibault Vlietinck,T. Vlietinck,1997-08-19,40.8,9.79,11.29,9,9,0,263.0,29.22,0.0,0.78,103.0,11.44,9.22,80.58,80.07,15.43,0.22,2.78,2.89,0.33,0.22,3.78,0.78,0.56,10.0,3.67,2.67,72.73,67.12,0.67,0.0,4.89,1.22,54.54,0.67,2.78
1194,Jupiler Pro League (BE),13001,Maxence Prévôt,M. Prévôt,1997-04-09,92.13,23.08,22.62,9,9,0,793.0,88.11,0.0,0.0,216.0,24.0,16.44,68.52,80.55,30.27,7.22,2.67,2.44,0.0,0.0,41.89,11.0,5.89,15.0,4.11,3.56,86.49,92.02,0.0,0.0,0.0,0.0,,0.0,2.89
1194,Jupiler Pro League (BE),13229,Patrik Hrošovský,P. Hrošovský,1992-04-22,72.79,24.55,16.16,16,15,1,1737.0,115.8,0.13,2.53,569.0,37.93,33.2,87.52,87.28,16.05,2.93,13.07,9.6,0.87,0.8,17.07,5.6,4.73,15.93,6.67,5.33,80.0,73.82,1.07,0.0,15.13,3.47,55.77,1.93,5.0
1194,Jupiler Pro League (BE),13367,Abdoulaye Sissako,A. Sissako,1998-05-26,90.73,27.04,23.26,40,38,2,5013.0,131.92,0.13,1.47,1529.0,40.24,35.55,88.36,90.91,15.86,2.47,9.66,6.11,0.26,0.21,18.47,2.84,2.16,17.84,5.5,4.47,81.34,82.8,0.32,0.05,13.05,2.08,67.09,1.39,3.37
1194,Jupiler Pro League (BE),13421,Brent Gabriël,B. Gabriël,1999-01-27,99.43,26.18,28.1,36,35,1,2907.0,83.06,0.03,0.17,898.0,25.66,20.34,79.29,85.49,28.04,7.46,3.43,4.14,0.0,0.0,31.51,8.66,5.09,13.89,4.11,3.49,84.72,90.6,0.0,0.0,0.03,0.0,,0.0,2.89
1194,Jupiler Pro League (BE),13439,Timothy Eyoma,T. Eyoma,2000-01-29,59.3,11.28,17.73,2,2,0,98.0,49.0,0.0,0.5,36.0,18.0,11.5,63.88,72.86,18.34,1.5,2.0,4.5,0.0,0.0,15.5,5.5,3.5,9.5,3.5,2.5,71.43,71.33,0.0,0.0,1.5,0.0,,0.0,8.0
1194,Jupiler Pro League (BE),13483,Boureima Hassane Bandé,H. Bandé,1998-10-30,17.55,4.15,3.75,7,6,1,73.0,12.17,0.0,0.33,22.0,3.67,3.0,81.82,81.61,11.45,0.0,1.17,0.33,0.0,0.0,0.33,0.17,0.17,4.5,1.17,1.17,100.0,81.43,0.33,0.0,4.33,0.67,75.0,0.5,0.83
1194,Jupiler Pro League (BE),13757,William Balikwisha,W. Balikwisha,1999-05-12,32.62,8.02,8.71,11,11,0,396.0,36.0,0.0,0.91,105.0,9.55,8.27,86.67,79.92,14.84,0.73,1.64,1.0,0.18,0.18,2.73,0.64,0.64,11.36,3.27,2.82,86.11,74.62,0.55,0.0,9.64,2.0,72.73,1.45,2.27
1194,Jupiler Pro League (BE),13928,Dennis Eckert Ayensa,D. Eckert Ayensa,1997-01-09,62.05,14.23,18.29,35,35,0,1140.0,32.57,0.17,0.97,370.0,10.57,7.66,72.43,75.76,12.39,0.4,4.09,1.43,0.8,0.31,1.29,0.23,0.14,13.46,4.46,3.06,68.59,69.93,0.71,0.14,10.34,2.46,55.81,1.37,3.09
1194,Jupiler Pro League (BE),14257,Ludovit Reis,L. Reis,2000-06-01,42.01,14.16,10.06,7,7,0,499.0,71.29,0.0,1.0,165.0,23.57,20.57,87.27,90.64,14.92,0.57,4.57,4.0,0.14,0.14,12.14,2.0,1.57,15.0,4.57,3.14,68.75,75.36,0.43,0.0,10.43,1.57,45.45,0.71,2.29
1194,Jupiler Pro League (BE),14333,Lucas Schoofs,L. Schoofs,1997-01-03,99.86,22.41,28.17,2,2,0,208.0,104.0,1.5,1.5,70.0,35.0,28.0,80.0,77.97,12.85,2.0,15.5,4.5,1.5,0.5,11.0,2.5,1.0,20.0,6.5,5.0,76.92,77.18,0.0,0.0,17.0,2.5,40.0,1.0,8.5
1194,Jupiler Pro League (BE),14402,Mohammed El Hankouri,M. El Hankouri,1997-07-01,49.56,12.68,13.5,15,15,0,934.0,62.27,0.0,1.2,286.0,19.07,15.33,80.42,84.95,14.83,0.87,5.13,3.2,0.53,0.47,6.53,1.53,1.13,14.33,5.53,4.0,72.29,74.62,0.73,0.07,14.07,3.0,51.11,1.53,3.4
1194,Jupiler Pro League (BE),14461,Kjell Scherpen,K. Scherpen,2000-01-23,97.41,26.84,24.3,32,32,0,1897.0,59.28,0.0,0.03,624.0,19.5,14.72,75.48,86.42,27.9,4.78,3.59,1.88,0.0,0.0,23.06,5.06,2.28,13.25,4.09,3.47,84.73,91.7,0.0,0.0,0.0,0.0,,0.0,1.78
1194,Jupiler Pro League (BE),14470,Glenn Bijl,G. Bijl,1995-07-13,69.28,17.22,18.61,11,10,1,650.0,65.0,0.0,0.8,258.0,25.8,21.0,81.4,86.71,17.68,1.5,5.3,5.3,0.4,0.2,14.6,4.2,3.1,14.9,6.0,4.0,66.67,77.44,0.1,0.0,6.2,2.0,30.0,0.6,4.6
1194,Jupiler Pro League (BE),14513,Ralf Seuntjens,R. Seuntjens,1989-04-17,99.86,22.41,28.17,2,2,0,117.0,58.5,0.0,0.5,42.0,21.0,14.5,69.05,73.71,11.61,0.5,10.5,2.5,3.0,1.0,1.0,1.0,0.5,23.0,9.0,5.5,61.11,73.11,0.0,0.0,20.5,6.0,66.67,4.0,5.5
1194,Jupiler Pro League (BE),14552,Ken Nkuba Tshiend,K. Nkuba,2002-01-21,46.73,14.47,9.72,14,14,0,854.0,61.0,0.07,1.14,284.0,20.29,16.21,79.93,82.8,14.96,0.71,4.57,5.5,0.29,0.21,11.43,3.14,2.29,17.07,5.43,3.57,65.79,73.51,0.43,0.07,9.71,2.43,26.47,0.64,4.21
1194,Jupiler Pro League (BE),14553,Nathan Rôdes,N. Rôdes,1997-12-11,69.11,17.28,18.56,35,35,0,2253.0,64.37,0.14,0.83,805.0,23.0,19.03,82.73,85.74,16.66,1.37,8.4,6.06,0.46,0.43,8.49,2.26,1.57,7.91,3.06,2.37,77.57,77.73,0.29,0.03,6.23,1.74,57.38,1.0,3.94
1194,Jupiler Pro League (BE),14560,Dries Wouters,D. Wouters,1997-01-28,99.86,22.41,28.17,2,2,0,204.0,102.0,0.0,0.5,75.0,37.5,31.5,84.0,84.35,20.55,6.5,7.0,6.0,0.0,0.0,32.5,11.0,9.0,13.0,4.5,4.0,88.89,64.36,0.0,0.0,6.0,2.0,75.0,1.5,8.0
1194,Jupiler Pro League (BE),14569,Nordin Jackers,N. Jackers,1997-09-05,95.67,30.03,22.26,21,21,0,1655.0,78.81,0.05,0.1,523.0,24.9,19.05,76.48,84.11,24.54,4.86,4.62,1.67,0.0,0.0,33.76,7.52,4.0,15.86,5.19,4.1,78.9,87.29,0.0,0.0,0.0,0.0,,0.0,3.9
1194,Jupiler Pro League (BE),14585,Ortwin De Wolf,O. De Wolf,1997-04-23,92.99,24.52,25.59,8,8,0,579.0,72.38,0.0,0.25,180.0,22.5,15.25,67.78,84.0,28.26,5.0,2.62,2.88,0.0,0.0,30.75,7.75,2.38,11.88,3.38,2.38,70.37,82.44,0.12,0.0,0.0,0.0,,0.0,2.88
1194,Jupiler Pro League (BE),14610,Lucas Pirard,L. Pirard,1995-03-10,99.92,21.65,30.93,11,11,0,585.0,53.18,0.0,0.09,176.0,16.0,9.91,61.93,77.91,27.1,3.64,4.73,1.27,0.0,0.0,22.64,6.18,1.91,9.36,1.91,1.73,90.48,92.02,0.0,0.0,0.0,0.0,,0.0,3.0
1194,Jupiler Pro League (BE),14618,Simen  Kristiansen Juklerød,S. Juklerød,1994-05-18,44.26,13.29,10.06,22,20,2,998.0,49.9,0.2,1.35,362.0,18.1,14.15,78.18,80.67,15.0,0.75,4.0,3.2,0.8,0.35,8.5,2.05,1.55,14.85,5.35,4.1,76.64,71.69,0.75,0.15,11.85,2.95,44.07,1.3,4.7
1194,Jupiler Pro League (BE),14624,Antoine Bernier,A. Bernier,1997-09-10,66.5,17.62,18.35,38,38,0,2294.0,60.37,0.11,1.66,638.0,16.79,13.39,79.78,80.32,13.89,0.55,3.42,2.0,0.55,0.37,5.16,1.13,0.92,24.39,7.0,5.24,74.81,72.65,0.87,0.08,19.55,4.21,55.63,2.34,3.89
1194,Jupiler Pro League (BE),14650,Charles Vanhoutte,C. Vanhoutte,1998-09-16,97.44,29.17,20.77,5,5,0,836.0,167.2,0.4,4.0,254.0,50.8,43.4,85.43,85.61,15.48,2.8,15.6,12.8,1.2,0.2,32.0,10.0,8.0,22.8,9.2,6.8,73.92,73.41,1.4,0.2,18.4,4.2,47.62,2.0,8.8
1194,Jupiler Pro League (BE),14682,Ewoud Pletinckx,E. Pletinckx,2000-10-10,97.16,23.55,26.11,39,38,1,3280.0,86.32,0.03,0.63,1284.0,33.79,28.58,84.58,87.26,19.26,2.87,7.61,8.18,0.26,0.11,26.18,7.74,5.68,16.58,6.61,5.26,79.68,78.96,0.26,0.03,3.71,0.97,62.16,0.61,5.89
1194,Jupiler Pro League (BE),14709,Alessio Castro-Montes,A. Castro-Montes,1997-05-17,31.58,9.09,7.58,5,5,0,163.0,32.6,0.2,0.8,52.0,10.4,8.0,76.92,80.23,12.34,0.4,2.4,1.4,0.2,0.2,4.0,0.8,0.6,9.0,3.0,2.0,66.67,69.25,0.0,0.0,7.4,1.4,42.86,0.6,2.8
1194,Jupiler Pro League (BE),14748,Daam Foulon,D. Foulon,1999-03-23,75.43,20.09,19.4,33,32,1,2507.0,78.34,0.16,1.09,919.0,28.72,22.72,79.11,83.42,17.72,1.62,5.31,8.62,0.41,0.31,16.31,4.12,3.03,22.0,8.25,5.44,65.91,68.88,0.53,0.12,10.34,2.78,32.58,0.91,6.34
1194,Jupiler Pro League (BE),15492,Danylo Sikan,D. Sikan,2001-04-16,49.89,12.12,13.75,9,9,0,226.0,25.11,0.11,0.33,72.0,8.0,6.33,79.17,81.9,12.5,0.11,3.22,1.33,0.67,0.0,0.67,0.11,0.11,9.33,2.56,1.89,73.91,80.63,0.22,0.11,7.67,1.89,82.35,1.56,0.89
1194,Jupiler Pro League (BE),16110,Bryan Gonçalves,B. Gonçalves,1996-07-19,89.53,22.03,24.14,28,28,0,3432.0,122.57,0.07,1.14,1190.0,42.5,32.0,75.29,82.49,20.44,6.04,12.25,6.82,0.43,0.18,38.64,11.36,6.96,24.96,9.39,6.57,69.96,74.44,0.43,0.04,7.46,1.5,38.1,0.57,10.04
1194,Jupiler Pro League (BE),16463,Mathias Knutsen Rasmussen,M. Rasmussen,1997-11-25,50.7,14.32,12.34,16,16,0,865.0,54.06,0.06,1.31,301.0,18.81,16.0,85.05,81.78,16.09,1.38,9.56,3.5,1.19,0.38,7.69,2.19,1.5,6.62,2.75,2.31,84.09,70.7,0.38,0.06,8.0,2.31,64.87,1.5,4.19
1194,Jupiler Pro League (BE),16493,Kerim Mrabti,K. Mrabti,1994-05-20,75.61,19.79,19.91,33,32,1,2249.0,70.28,0.12,1.22,752.0,23.5,20.41,86.84,83.64,15.62,1.38,8.09,5.84,0.81,0.53,7.78,2.06,1.47,17.22,6.28,5.44,86.57,76.73,0.5,0.06,10.03,2.47,69.62,1.72,4.47
1194,Jupiler Pro League (BE),16856,David Hrnčár,D. Hrnčár,1997-12-10,50.27,11.93,14.4,18,18,0,532.0,29.56,0.0,0.83,180.0,10.0,6.44,64.44,69.63,15.41,0.78,4.17,1.89,0.56,0.17,2.78,0.72,0.33,10.56,3.39,1.83,54.1,60.9,0.28,0.0,6.67,1.83,48.48,0.89,4.11
1194,Jupiler Pro League (BE),16944,Majeed Ashimeru,M. Ashimeru,1997-10-10,49.17,12.27,12.79,9,9,0,529.0,58.78,0.0,1.11,139.0,15.44,12.56,81.29,86.25,15.27,0.67,2.89,2.44,0.22,0.33,8.78,1.89,1.22,13.67,3.89,3.22,82.86,77.24,0.78,0.0,10.56,2.44,63.64,1.56,2.22
1194,Jupiler Pro League (BE),17864,Visar Musliu,V. Musliu,1994-11-13,93.19,26.56,24.17,30,29,1,4374.0,150.83,0.1,0.66,1461.0,50.38,45.24,89.8,92.24,18.9,4.52,7.21,11.28,0.03,0.14,42.21,10.03,8.21,22.79,8.72,7.69,88.14,88.54,0.17,0.03,4.17,0.79,39.13,0.31,4.14
1194,Jupiler Pro League (BE),18450,Gauthier Gallon,G. Gallon,1993-04-23,97.23,24.64,25.73,15,15,0,1003.0,66.87,0.0,0.0,337.0,22.47,19.0,84.57,89.48,22.43,3.27,3.47,3.2,0.0,0.0,23.47,4.4,2.13,13.07,4.4,4.27,96.97,94.83,0.0,0.0,0.0,0.0,,0.0,1.6
1194,Jupiler Pro League (BE),18476,Teddy Teuma,T. Teuma,1993-09-30,46.96,12.27,11.79,9,9,0,787.0,87.44,0.11,1.22,224.0,24.89,19.33,77.68,80.34,15.69,1.33,6.67,4.78,1.22,0.33,12.78,4.22,2.56,17.78,5.78,4.33,75.0,71.04,0.56,0.11,21.78,5.11,45.65,2.33,6.56
1194,Jupiler Pro League (BE),18710,Thibaud Verlinden,T. Verlinden,1999-07-09,62.17,15.19,16.23,25,25,0,1599.0,63.96,0.16,1.52,419.0,16.76,11.32,67.54,68.61,17.52,1.16,2.56,1.76,0.24,0.04,3.28,0.6,0.44,22.56,5.88,3.44,58.5,57.88,0.56,0.04,26.92,5.52,42.75,2.36,7.64
1194,Jupiler Pro League (BE),18823,Leonardo da Silva Lopes,Leonardo Lopes,1998-11-30,75.39,19.71,21.0,37,35,2,3275.0,93.57,0.09,1.09,1128.0,32.23,27.71,85.99,88.15,17.38,2.57,8.37,6.4,0.37,0.2,14.69,4.23,2.94,15.63,6.06,4.86,80.19,79.3,0.4,0.09,7.69,1.77,59.68,1.06,4.77
1194,Jupiler Pro League (BE),18975,Christian Albert Elliot Burgess,C. Burgess,1991-10-07,98.75,27.44,24.41,35,35,0,4690.0,134.0,0.09,0.83,1729.0,49.4,43.03,87.1,91.59,21.18,6.26,10.23,10.69,0.09,0.0,33.06,9.97,7.4,10.91,4.2,3.31,78.91,82.58,0.11,0.03,2.37,0.63,45.45,0.29,4.86
1194,Jupiler Pro League (BE),19028,Doğucan Haspolat,D. Haspolat,2000-02-11,97.8,25.6,26.45,37,36,1,4473.0,124.25,0.08,1.81,1467.0,40.75,34.28,84.12,86.91,15.89,2.47,13.33,8.36,0.86,0.36,21.56,5.44,3.83,17.83,7.03,4.92,69.96,74.36,0.56,0.03,11.14,2.78,54.0,1.5,6.47
1194,Jupiler Pro League (BE),19264,Tobias Mohr,T. Mohr,1995-08-24,66.16,15.29,19.93,38,38,0,2717.0,71.5,0.08,1.0,945.0,24.87,18.61,74.82,77.45,19.14,2.87,8.0,5.63,0.89,0.42,13.13,4.29,2.82,17.11,7.03,4.68,66.67,67.13,0.5,0.05,12.26,3.37,42.97,1.45,8.16
1194,Jupiler Pro League (BE),19363,David Bates,D. Bates,1996-10-05,84.06,19.17,26.16,18,18,0,1457.0,80.94,0.06,0.06,607.0,33.72,28.94,85.83,91.13,19.26,2.22,6.94,6.56,0.0,0.0,16.06,5.83,4.06,10.33,4.61,3.94,85.54,86.35,0.0,0.0,0.06,0.06,0.0,0.0,4.11
1194,Jupiler Pro League (BE),19861,Mouhamed Menaour  Belkheir,M. Belkheir,1999-01-02,62.63,14.47,18.76,3,3,0,63.0,21.0,0.0,0.33,13.0,4.33,3.33,76.92,71.32,13.35,0.33,1.67,1.33,0.33,1.0,0.67,0.0,0.0,9.0,1.67,1.0,60.0,65.93,0.0,0.0,12.0,2.0,66.67,1.33,1.67
1194,Jupiler Pro League (BE),22115,Boubakar Dit Kiki Kouyaté,K. Kouyaté,1997-04-15,57.99,13.59,16.67,23,23,0,1020.0,44.35,0.0,0.09,433.0,18.83,15.83,84.06,92.9,19.21,1.09,4.39,3.74,0.17,0.0,8.61,2.0,1.26,3.83,1.35,1.13,83.87,88.09,0.0,0.0,0.61,0.22,20.0,0.04,1.48
1194,Jupiler Pro League (BE),22121,Sory Kaba,S. Kaba,1995-07-28,57.11,15.01,14.33,29,28,1,799.0,28.54,0.14,0.86,233.0,8.32,5.82,69.96,78.09,15.49,0.43,3.0,1.5,0.64,0.36,0.89,0.14,0.11,11.71,3.57,2.36,66.0,72.42,0.54,0.07,8.36,2.04,49.12,1.0,2.18
1194,Jupiler Pro League (BE),22145,Josué Homawoo,J. Homawoo,1997-11-12,80.44,18.89,23.79,30,30,0,2967.0,98.9,0.03,0.37,1064.0,35.47,30.33,85.53,89.49,17.84,2.13,7.0,7.43,0.1,0.07,27.47,7.57,6.0,13.93,5.47,4.4,80.49,84.03,0.03,0.0,2.3,0.37,36.36,0.13,4.4
1194,Jupiler Pro League (BE),22162,Aurélien Scheidler,A. Scheidler,1998-06-04,89.15,23.74,23.77,40,40,0,1594.0,39.85,0.15,1.25,510.0,12.75,9.65,75.69,76.39,11.96,0.28,5.85,2.12,1.38,0.55,0.65,0.15,0.1,16.27,5.75,4.4,76.52,74.82,0.85,0.1,12.53,3.3,67.42,2.23,3.48
1194,Jupiler Pro League (BE),22234,Timothée Nkada,T. Nkada,1999-07-20,46.53,10.32,13.89,30,30,0,646.0,21.53,0.13,0.47,193.0,6.43,4.47,69.43,72.59,11.06,0.07,2.33,0.9,0.4,0.17,0.63,0.17,0.1,9.47,3.2,2.27,70.83,72.32,0.37,0.13,6.87,1.67,56.0,0.93,2.2
1194,Jupiler Pro League (BE),22253,Loïc Junior Mbe Soh,L. Mbe Soh,2001-06-13,75.14,25.04,18.15,14,12,2,1718.0,143.17,0.0,0.75,684.0,57.0,53.17,93.27,95.46,18.78,2.75,7.33,15.92,0.0,0.08,34.0,7.5,6.42,19.5,8.58,7.42,86.41,90.61,0.17,0.0,3.5,0.92,45.45,0.42,2.75
1194,Jupiler Pro League (BE),22880,Yari Verschaeren,Y. Verschaeren,2001-07-12,55.3,15.04,14.33,28,27,1,1889.0,69.96,0.22,1.59,560.0,20.74,18.11,87.32,86.24,13.28,0.89,5.93,3.74,0.81,0.41,9.63,1.74,1.41,14.41,4.0,3.0,75.0,73.52,0.56,0.15,14.22,2.89,64.1,1.85,2.93
1194,Jupiler Pro League (BE),23030,Youssef Maziz,Y. Maziz,1998-06-24,63.33,15.73,16.15,35,34,1,2466.0,72.53,0.09,1.41,800.0,23.53,18.76,79.75,79.7,16.47,1.62,8.26,4.56,0.94,0.62,8.88,2.65,1.79,21.71,7.09,5.0,70.54,68.15,0.53,0.03,15.94,3.97,48.89,1.94,6.15
1194,Jupiler Pro League (BE),23124,Bryan Soumaré,B. Soumaré,1999-02-11,49.31,11.59,12.85,7,7,0,339.0,48.43,0.0,1.29,99.0,14.14,11.43,80.81,83.46,13.78,0.43,4.14,2.57,0.43,0.71,4.86,1.29,1.14,10.57,3.57,2.86,80.0,76.04,0.57,0.0,11.57,2.71,78.95,2.14,2.57
1194,Jupiler Pro League (BE),23154,Sami Lahssaini,S. Lahssaini,1998-09-18,94.59,21.53,27.85,32,32,0,3227.0,100.84,0.09,1.16,950.0,29.69,23.41,78.84,82.8,19.22,3.88,7.41,5.47,0.59,0.31,11.94,3.19,1.97,18.03,7.34,4.97,67.66,72.76,0.5,0.06,9.62,2.59,44.58,1.16,6.41
1194,Jupiler Pro League (BE),23790,Marley Aké,M. Aké,2001-01-05,66.0,16.74,18.22,30,29,1,1431.0,49.34,0.03,0.9,390.0,13.45,10.28,76.41,74.34,15.14,0.83,3.59,1.79,0.86,0.45,3.48,0.97,0.55,16.72,4.83,3.41,70.71,67.02,0.38,0.0,14.69,3.62,55.24,2.0,4.59
1194,Jupiler Pro League (BE),23834,Junya Ito,J. Ito,1993-03-09,67.06,20.75,17.4,28,27,1,2192.0,81.19,0.26,2.59,711.0,26.33,20.26,76.93,77.09,14.98,1.44,7.19,5.0,0.81,0.89,8.22,2.37,1.52,29.7,10.07,7.41,73.53,67.86,1.56,0.15,24.3,6.19,49.1,3.04,7.74
1194,Jupiler Pro League (BE),23984,Kobe Cools,K. Cools,1997-07-25,76.67,18.96,21.81,19,19,0,1128.0,59.37,0.0,0.37,457.0,24.05,21.0,87.31,89.7,18.81,1.74,7.84,5.0,0.11,0.0,12.58,3.63,2.42,5.53,1.84,1.53,82.86,77.97,0.0,0.0,1.21,0.26,40.0,0.11,3.32
1194,Jupiler Pro League (BE),24070,Moussa Diarra,M. Diarra,2000-11-10,89.64,23.73,21.39,12,11,1,1336.0,121.45,0.18,0.64,489.0,44.45,39.27,88.34,91.5,18.18,2.45,6.55,8.09,0.0,0.18,30.82,7.0,4.82,17.55,5.45,4.55,83.33,82.06,0.09,0.0,4.64,1.09,50.0,0.55,4.91
1194,Jupiler Pro League (BE),24225,Alexis  Beka Beka,A. Beka Beka,2001-03-29,27.75,7.22,7.87,7,7,0,244.0,34.86,0.14,1.0,62.0,8.86,7.29,82.26,82.53,15.56,0.29,1.57,1.29,0.0,0.14,3.71,1.0,0.86,6.71,1.43,1.0,70.0,77.09,0.14,0.0,6.0,1.14,50.0,0.57,2.14
1194,Jupiler Pro League (BE),24237,Guillaume Dietsch,G. Dietsch,2001-04-17,94.94,22.64,26.27,14,14,0,783.0,55.93,0.0,0.07,232.0,16.57,10.64,64.22,79.56,26.09,3.64,4.64,1.36,0.0,0.0,24.29,5.86,2.36,8.5,2.21,1.93,87.1,91.69,0.0,0.0,0.0,0.0,,0.0,2.71
1194,Jupiler Pro League (BE),24459,Michael Verrips,M. Verrips,1996-12-03,97.83,26.04,27.87,10,10,0,938.0,93.8,0.0,0.1,268.0,26.8,19.3,72.02,84.24,24.1,4.1,5.4,2.5,0.0,0.0,43.5,9.4,4.6,14.7,4.9,4.4,89.79,93.11,0.1,0.0,0.0,0.0,,0.0,3.3
1194,Jupiler Pro League (BE),24461,Emin Bayram,E. Bayram,2003-04-02,95.41,25.25,25.53,37,35,2,4951.0,141.46,0.11,1.2,1791.0,51.17,43.57,85.15,88.35,18.72,5.4,9.71,9.69,0.17,0.17,44.14,13.29,10.11,21.8,9.4,7.23,76.9,76.43,0.49,0.09,5.23,1.66,44.83,0.74,7.51
1194,Jupiler Pro League (BE),25065,Geoffry Hairemans,G. Hairemans,1991-10-21,30.3,10.17,8.56,4,4,0,240.0,60.0,0.0,1.25,78.0,19.5,16.75,85.89,88.06,15.78,1.25,5.25,3.75,1.0,0.25,8.0,3.0,2.0,13.0,4.75,3.75,78.95,80.01,0.25,0.0,9.25,2.5,50.0,1.25,2.75
1194,Jupiler Pro League (BE),25069,Dante Vanzeir,D. Vanzeir,1998-04-16,51.74,12.67,13.74,20,20,0,709.0,35.45,0.1,1.05,237.0,11.85,7.65,64.56,65.79,13.07,0.35,3.7,2.55,0.9,0.65,1.65,0.6,0.45,14.5,5.55,3.05,54.95,58.02,0.65,0.1,14.5,4.45,46.07,2.05,5.1
1194,Jupiler Pro League (BE),25072,Nikola Storm,N. Storm,1994-09-30,75.38,21.26,25.62,1,1,0,88.0,88.0,0.0,1.0,26.0,26.0,16.0,61.54,78.78,17.3,2.0,7.0,1.0,0.0,0.0,9.0,2.0,1.0,32.0,10.0,4.0,40.0,67.4,1.0,0.0,21.0,5.0,0.0,0.0,6.0
1194,Jupiler Pro League (BE),25352,Tobe Leysen,T. Leysen,2002-03-09,98.1,23.64,26.68,31,30,1,2680.0,89.33,0.03,0.17,835.0,27.83,19.87,71.38,84.16,27.93,6.43,4.5,3.97,0.0,0.0,42.73,9.77,4.33,16.93,5.67,4.63,81.76,87.7,0.03,0.0,0.03,0.0,,0.0,3.47
1194,Jupiler Pro League (BE),25354,Tuur Rommens,T. Rommens,2003-03-26,89.3,22.28,25.55,14,14,0,1461.0,104.36,0.14,2.21,512.0,36.57,28.43,77.74,79.8,16.17,2.14,6.93,9.36,1.07,0.93,25.0,8.21,5.93,32.14,12.57,9.86,78.41,72.95,1.14,0.07,18.36,4.64,58.46,2.71,9.36
1194,Jupiler Pro League (BE),25544,Lion Lauberbach,L. Lauberbach,1998-02-15,92.43,24.21,25.11,22,21,1,1247.0,59.38,0.19,1.33,376.0,17.9,14.33,80.05,77.54,12.01,0.67,5.19,3.43,0.76,0.95,1.86,0.24,0.1,25.9,7.9,5.86,74.1,73.89,0.95,0.1,16.9,4.29,58.89,2.52,4.33
1194,Jupiler Pro League (BE),25791,Mujaid Sadick Aliu,Mujaid Sadick,2000-03-14,92.69,30.03,21.84,36,35,1,4369.0,124.83,0.03,0.51,1814.0,51.83,48.86,94.27,95.84,17.1,1.69,6.03,13.49,0.0,0.03,34.31,8.91,7.89,17.11,7.51,7.03,93.54,92.88,0.2,0.03,0.74,0.29,40.0,0.11,2.37
1194,Jupiler Pro League (BE),26068,Takuma Ominami,T. Ominami,1997-12-13,86.24,20.53,24.03,21,21,0,1766.0,84.1,0.05,0.86,687.0,32.71,29.29,89.52,90.79,19.39,3.29,6.67,5.43,0.19,0.1,22.29,6.48,5.29,13.67,5.67,5.0,88.24,83.33,0.29,0.05,2.33,0.71,60.0,0.43,3.62
1194,Jupiler Pro League (BE),26161,Anouar Ait El Hadj,A. Ait El Hadj,2002-04-20,73.61,20.89,18.78,38,38,0,3167.0,83.34,0.29,2.13,963.0,25.34,21.0,82.87,82.53,14.64,1.47,7.89,4.39,1.11,0.66,7.03,1.79,1.18,20.89,7.08,5.5,77.7,74.35,1.18,0.13,21.34,4.87,65.41,3.18,5.37
1194,Jupiler Pro League (BE),26162,Thierry Lutonda,T. Lutonda,2000-10-27,71.89,15.45,22.26,26,26,0,1235.0,47.5,0.12,0.69,316.0,12.15,9.46,77.85,78.32,14.56,0.77,2.65,1.77,0.35,0.23,3.88,0.77,0.54,15.38,3.88,2.92,75.25,72.61,0.27,0.08,13.96,2.85,54.05,1.54,3.35
1194,Jupiler Pro League (BE),26169,Killian Sardella,K. Sardella,2002-05-02,70.45,18.62,17.4,32,30,2,2994.0,99.8,0.13,1.1,935.0,31.17,26.33,84.49,85.95,16.7,1.6,4.27,6.07,0.47,0.5,24.13,5.47,4.23,23.2,7.33,5.07,69.09,74.02,0.43,0.03,10.47,2.73,48.78,1.33,5.43
1194,Jupiler Pro League (BE),26170,Marco Kana,M. Kana,2002-08-08,85.86,23.74,21.32,26,25,1,3029.0,121.16,0.04,0.52,1133.0,45.32,41.52,91.62,93.74,19.09,2.96,8.32,9.32,0.2,0.04,27.12,6.12,5.2,13.12,5.36,4.84,90.3,88.94,0.12,0.0,3.48,0.8,55.0,0.44,3.48
1194,Jupiler Pro League (BE),26172,Antoine Colassin,A. Colassin,2001-02-26,26.55,7.05,6.6,29,29,0,486.0,16.76,0.03,0.45,136.0,4.69,3.62,77.21,78.43,13.96,0.14,1.28,0.59,0.41,0.17,0.48,0.17,0.07,6.79,1.59,1.24,78.26,67.95,0.28,0.03,7.0,1.45,64.29,0.93,1.28
1194,Jupiler Pro League (BE),26253,Marcos Hernán Peano,M. Peano,1998-10-15,99.61,22.2,29.43,34,34,0,2150.0,63.24,0.0,0.12,634.0,18.65,12.59,67.51,82.38,31.45,5.26,2.68,2.06,0.0,0.0,26.91,6.82,2.97,9.35,2.88,2.38,82.65,87.55,0.03,0.0,0.0,0.0,,0.0,1.85
1194,Jupiler Pro League (BE),26646,Ibrahim Karamoko,I. Karamoko,2001-07-23,78.22,18.0,23.43,31,31,0,2075.0,66.94,0.03,0.71,721.0,23.26,19.84,85.3,89.71,17.49,1.23,5.32,5.13,0.29,0.13,8.65,2.06,1.58,9.58,3.48,2.77,79.63,79.83,0.16,0.03,4.45,0.9,71.43,0.65,2.87
1194,Jupiler Pro League (BE),26894,Shogo Taniguchi,S. Taniguchi,1991-07-15,85.94,25.5,22.01,38,36,2,4995.0,138.75,0.14,1.0,1853.0,51.47,46.19,89.75,92.43,19.67,3.78,9.97,11.86,0.25,0.14,38.28,8.92,7.17,20.42,8.0,6.92,86.46,85.71,0.25,0.06,4.0,0.97,68.57,0.67,4.81
1194,Jupiler Pro League (BE),27005,Daiki Hashioka,D. Hashioka,1999-05-17,87.29,21.55,27.12,17,16,1,1280.0,80.0,0.0,1.19,506.0,31.62,24.88,78.66,83.74,17.62,2.12,10.19,5.69,0.88,0.19,17.31,5.31,3.38,21.06,7.75,5.75,74.19,74.71,0.56,0.0,7.31,2.12,47.06,1.0,6.62
1194,Jupiler Pro League (BE),27108,Griffin Yow,G. Yow,2002-09-25,45.13,11.82,12.46,16,16,0,657.0,41.06,0.06,0.69,162.0,10.12,7.0,69.14,72.91,13.71,0.38,1.94,0.88,0.19,0.38,2.75,0.88,0.56,14.94,4.19,2.56,61.19,62.35,0.38,0.0,13.88,2.75,50.0,1.38,3.25
1194,Jupiler Pro League (BE),27114,Bryan Reynolds,B. Reynolds,2001-06-28,98.31,25.74,26.41,38,36,2,4123.0,114.53,0.14,2.5,1359.0,37.75,30.11,79.76,81.18,14.46,1.61,7.61,7.14,0.81,0.61,22.17,6.28,4.61,33.42,13.08,9.53,72.82,72.52,1.17,0.08,16.25,4.61,50.6,2.33,8.92
1194,Jupiler Pro League (BE),27511,Óscar Gil Regaño,Óscar Gil,1998-04-26,75.14,18.38,19.8,32,31,1,1721.0,55.52,0.06,1.03,536.0,17.29,13.81,79.85,80.13,15.32,1.03,3.84,4.23,0.65,0.26,7.9,1.58,1.19,17.0,4.81,3.77,78.52,71.2,0.48,0.03,9.19,2.16,53.73,1.16,4.58
1194,Jupiler Pro League (BE),27591,Mardochée Nzita,M. Nzita,2000-02-24,86.3,22.58,23.71,38,38,0,3964.0,104.32,0.16,1.26,1270.0,33.42,24.97,74.73,78.09,17.43,3.08,6.84,7.29,0.68,0.45,24.97,7.42,4.97,28.42,9.58,6.79,70.88,68.85,0.5,0.11,16.89,4.42,42.86,1.89,10.11
1194,Jupiler Pro League (BE),27673,Thibo Somers,T. Somers,1999-03-16,84.74,21.6,22.3,32,31,1,1547.0,49.9,0.03,1.58,597.0,19.26,14.13,73.37,77.26,15.12,0.65,6.81,4.03,1.0,0.42,6.13,1.39,0.68,15.71,5.81,3.77,65.0,68.73,0.87,0.03,10.03,3.23,41.0,1.32,5.55
1194,Jupiler Pro League (BE),27697,Mory Konaté,M. Konaté,1993-11-15,74.84,18.74,20.05,30,29,1,1857.0,64.03,0.1,0.48,804.0,27.72,25.34,91.42,94.72,18.66,1.45,5.07,8.45,0.0,0.07,10.14,2.07,1.55,6.03,2.86,2.69,93.98,90.46,0.17,0.03,1.48,0.45,100.0,0.45,1.34
1194,Jupiler Pro League (BE),28110,Gustaf Nilsson,G. Nilsson,1997-05-23,11.6,3.5,2.59,7,7,0,39.0,5.57,0.0,0.0,10.0,1.43,0.86,60.0,68.36,8.41,0.0,1.0,0.0,0.29,0.0,0.14,0.0,0.0,2.29,0.71,0.57,80.0,76.24,0.0,0.0,4.0,0.71,60.0,0.43,0.43
1194,Jupiler Pro League (BE),28211,Jordan Attah Kadiri,J. Attah Kadiri,2000-03-11,26.1,6.53,6.79,13,13,0,166.0,12.77,0.0,0.31,45.0,3.46,2.69,77.78,80.13,9.31,0.0,1.38,1.0,0.31,0.38,0.23,0.15,0.15,4.92,1.46,1.08,73.68,75.23,0.15,0.0,4.15,1.08,64.29,0.69,0.69
1194,Jupiler Pro League (BE),28553,Zaid Abner Romero,Z. Romero,1999-12-15,63.61,24.6,14.68,1,1,0,98.0,98.0,0.0,0.0,42.0,42.0,40.0,95.24,97.56,14.52,0.0,4.0,13.0,0.0,0.0,30.0,12.0,11.0,15.0,3.0,2.0,66.67,80.75,0.0,0.0,5.0,0.0,,0.0,1.0
1194,Jupiler Pro League (BE),28828,Wolke Janssens,W. Janssens,1995-01-11,10.79,3.18,2.22,7,7,0,83.0,11.86,0.0,0.14,34.0,4.86,4.0,82.35,79.28,12.44,0.0,1.86,0.86,0.14,0.0,2.86,0.57,0.57,2.57,1.0,0.86,85.71,82.83,0.0,0.0,1.0,0.14,100.0,0.14,0.86
1194,Jupiler Pro League (BE),28832,Gary Magnée,G. Magnée,1999-10-12,93.44,21.82,24.68,34,34,0,3868.0,113.76,0.24,1.97,1264.0,37.18,26.12,70.25,73.04,17.11,2.97,9.97,6.94,1.26,0.85,23.53,8.06,4.97,29.79,11.5,7.68,66.75,66.54,1.18,0.15,20.06,6.18,44.76,2.76,14.18
1194,Jupiler Pro League (BE),28940,Fredrik Hammar,F. Hammar,2001-02-26,98.13,25.08,25.81,38,37,1,3395.0,91.76,0.14,1.08,1161.0,31.38,26.54,84.58,87.89,15.64,1.57,9.86,8.3,0.32,0.35,9.51,2.59,1.92,9.59,4.27,3.41,79.75,79.41,0.35,0.08,5.84,1.41,65.39,0.92,3.7
1194,Jupiler Pro League (BE),29032,Christos Tzolis,C. Tzolis,2002-01-30,94.64,29.23,22.51,36,35,1,4033.0,115.23,0.89,4.31,1254.0,35.83,29.03,81.02,79.6,14.58,1.29,8.2,5.49,1.6,1.34,9.46,1.97,1.31,43.77,13.66,10.17,74.48,70.83,2.37,0.6,45.0,10.89,64.04,6.97,8.94
1194,Jupiler Pro League (BE),29446,Jesper Tolinsson,J. Tolinsson,2003-02-28,81.12,22.24,20.88,1,1,0,125.0,125.0,0.0,0.0,49.0,49.0,36.0,73.47,81.13,21.7,10.0,9.0,9.0,1.0,0.0,49.0,17.0,12.0,25.0,9.0,7.0,77.78,74.96,0.0,0.0,7.0,1.0,0.0,0.0,13.0
1194,Jupiler Pro League (BE),29498,Allahyar Sayyadmanesh,A. Sayyadmanesh,2001-06-29,79.06,20.94,21.66,29,27,2,2012.0,74.52,0.22,1.74,571.0,21.15,14.59,69.0,72.17,14.23,0.7,5.0,2.67,0.78,0.48,5.15,1.3,1.0,28.37,8.37,5.19,61.95,63.85,0.93,0.15,23.59,5.89,50.94,3.0,8.11
1194,Jupiler Pro League (BE),29639,Michał Skóraś,M. Skóraś,2000-02-15,84.39,22.63,24.39,34,33,1,3302.0,100.06,0.33,2.85,958.0,29.03,22.88,78.81,78.7,15.12,1.42,6.94,4.18,1.09,0.91,9.24,2.15,1.58,35.09,10.27,7.94,77.29,72.84,1.52,0.15,28.3,6.82,55.56,3.79,7.88
1194,Jupiler Pro League (BE),29731,Tobias Okiki Lawal,T. Lawal,2000-06-07,98.37,31.95,23.5,18,17,1,1259.0,74.06,0.0,0.0,423.0,24.88,21.59,86.76,91.07,22.82,4.18,4.35,3.59,0.0,0.0,30.94,5.35,3.24,11.53,3.82,3.82,100.0,96.49,0.0,0.0,0.06,0.0,,0.0,1.29
1194,Jupiler Pro League (BE),29800,Henry Lawrence,H. Lawrence,2001-09-21,88.52,21.0,26.18,30,30,0,2470.0,82.33,0.03,0.87,787.0,26.23,21.07,80.31,83.75,15.98,1.37,5.17,6.23,0.5,0.4,14.57,3.63,2.47,18.6,5.97,4.43,74.3,75.41,0.4,0.0,8.33,2.03,45.9,0.93,5.23
1194,Jupiler Pro League (BE),29925,Anthony Descotte,A. Descotte,2003-08-03,37.56,11.04,8.32,3,3,0,20.0,6.67,0.0,0.0,6.0,2.0,1.33,66.67,85.62,7.81,0.0,0.33,0.67,0.0,0.0,0.33,0.0,0.0,3.67,0.67,0.33,50.0,82.09,0.0,0.0,1.67,0.33,100.0,0.33,0.33
1194,Jupiler Pro League (BE),29930,Anton Tanghe,A. Tanghe,1999-01-28,86.09,21.54,26.31,21,21,0,2024.0,96.38,0.05,0.71,774.0,36.86,31.48,85.4,88.36,20.77,4.24,8.57,5.43,0.19,0.05,29.24,8.48,6.38,12.33,4.71,3.71,78.79,78.74,0.05,0.0,2.05,0.86,44.44,0.38,5.43
1194,Jupiler Pro League (BE),29933,Wouter George,W. George,2002-03-03,52.6,12.79,14.56,24,23,1,1263.0,54.91,0.04,0.78,391.0,17.0,14.04,82.61,84.29,16.26,1.0,3.83,3.22,0.48,0.26,6.57,1.48,1.04,10.52,4.3,3.61,83.84,76.61,0.35,0.09,9.87,2.13,55.1,1.17,2.74
1194,Jupiler Pro League (BE),29935,Daan Heymans,D. Heymans,1999-06-15,81.5,25.5,21.17,31,31,0,2802.0,90.39,0.13,2.23,1004.0,32.39,28.16,86.95,85.02,13.11,1.13,12.65,6.68,1.32,1.06,10.16,2.29,1.81,24.19,9.81,8.52,86.84,79.48,1.1,0.16,16.45,4.19,74.62,3.13,5.26
1194,Jupiler Pro League (BE),29949,Laurent Lemoine,L. Lemoine,1998-04-24,84.17,21.65,23.56,22,22,0,2158.0,98.09,0.05,0.5,779.0,35.41,31.36,88.58,91.64,18.2,2.18,5.64,7.14,0.14,0.0,24.77,7.05,5.45,11.59,4.41,3.59,81.44,83.39,0.18,0.05,1.55,0.45,30.0,0.14,3.23
1194,Jupiler Pro League (BE),30207,Tommy St. Jago,T. St. Jago,2000-01-03,89.85,23.32,23.59,28,27,1,3525.0,130.56,0.04,0.44,1291.0,47.81,42.15,88.15,90.05,18.76,3.52,6.74,13.89,0.07,0.04,38.19,11.56,9.37,22.22,8.0,7.07,88.42,87.75,0.07,0.0,2.19,0.41,54.55,0.22,6.33
1194,Jupiler Pro League (BE),30606,Aiham Ousou,Aiham Ousou,2000-01-09,96.17,25.47,25.73,39,39,0,4686.0,120.15,0.1,0.85,1676.0,42.97,38.31,89.14,91.71,20.19,4.69,6.85,6.87,0.33,0.15,31.77,8.51,6.67,23.15,8.41,7.33,87.2,85.32,0.28,0.08,4.36,1.18,67.39,0.79,3.9
1194,Jupiler Pro League (BE),30782,Filip Szymczak,F. Szymczak,2002-05-06,21.02,6.13,4.88,19,19,0,252.0,13.26,0.0,0.26,66.0,3.47,2.89,83.33,80.58,13.03,0.05,1.21,0.37,0.21,0.05,0.26,0.11,0.11,5.26,1.21,1.0,82.61,75.25,0.05,0.0,6.16,1.16,63.64,0.74,0.68
1194,Jupiler Pro League (BE),30787,Lukasz Lakomy,L. Łakomy,2001-01-18,71.19,16.96,19.33,31,30,1,2567.0,85.57,0.17,2.07,832.0,27.73,21.27,76.68,78.84,17.6,2.83,10.3,5.17,0.93,0.57,13.67,4.03,2.5,15.17,6.1,4.23,69.4,68.35,0.73,0.0,11.83,3.27,43.88,1.43,8.03
1194,Jupiler Pro League (BE),32028,Toluwalase Emmanuel Arokodare,T. Arokodare,2000-11-23,27.35,8.09,4.9,4,4,0,94.0,23.5,0.25,0.75,24.0,6.0,4.5,75.0,79.73,11.79,0.0,2.0,0.5,1.0,0.0,0.5,0.0,0.0,10.25,2.5,2.0,80.0,71.36,0.5,0.25,11.25,1.75,71.43,1.25,1.25
1194,Jupiler Pro League (BE),32251,Sekou Sidibe,S. Sidibe,2001-05-05,34.33,7.37,11.09,5,5,0,128.0,25.6,0.0,0.4,30.0,6.0,4.2,70.0,73.33,15.21,0.4,1.0,0.8,0.0,0.2,2.4,0.4,0.4,8.0,1.4,1.0,71.43,67.83,0.2,0.0,9.6,2.2,63.64,1.4,2.2
1194,Jupiler Pro League (BE),32273,Warleson Stellion Lisboa Oliveira,Warleson,1996-08-31,90.99,20.46,24.98,19,19,0,1038.0,54.63,0.05,0.11,287.0,15.11,10.32,68.29,82.65,24.57,2.84,2.53,1.58,0.0,0.0,21.21,4.89,1.79,9.32,2.84,2.53,88.89,92.58,0.05,0.0,0.05,0.05,0.0,0.0,1.74
1194,Jupiler Pro League (BE),32379,Mathieu Maertens,M. Maertens,1995-03-27,43.68,10.69,11.45,34,33,1,931.0,28.21,0.06,0.79,284.0,8.61,6.73,78.17,73.6,14.62,0.33,2.79,1.15,0.79,0.39,1.15,0.45,0.3,10.91,3.7,2.79,75.41,67.11,0.48,0.03,8.33,2.36,57.69,1.36,3.06
1194,Jupiler Pro League (BE),32380,Thomas Henry,T. Henry,1994-09-20,72.13,18.26,19.32,21,21,0,756.0,36.0,0.14,0.86,213.0,10.14,7.38,72.77,76.37,14.4,0.67,3.9,1.62,0.71,0.38,0.9,0.14,0.14,12.33,4.24,3.1,73.03,71.97,0.62,0.05,8.9,2.05,58.14,1.19,2.62
1194,Jupiler Pro League (BE),32391,Louis Patris,L. Patris,2001-06-07,48.73,13.27,11.4,34,34,0,1729.0,50.85,0.12,1.0,599.0,17.62,12.44,70.62,74.43,15.06,0.56,4.56,2.91,0.94,0.26,10.0,2.62,1.62,18.41,6.24,3.68,58.96,62.26,0.56,0.09,10.82,3.5,41.18,1.44,6.15
1194,Jupiler Pro League (BE),32395,Tom Reyners,T. Reyners,2000-04-20,87.48,20.49,24.16,2,2,0,198.0,99.0,0.5,1.5,59.0,29.5,23.0,77.97,79.29,11.72,0.0,7.5,4.0,1.5,0.0,9.5,3.0,1.5,26.5,10.5,8.0,76.19,77.69,0.5,0.0,25.5,4.5,44.45,2.0,8.0
1194,Jupiler Pro League (BE),32398,Matisse Samoise,M. Samoise,2001-11-21,81.93,22.97,22.35,18,17,1,1550.0,91.18,0.18,1.59,559.0,32.88,24.82,75.49,79.26,15.79,1.94,8.82,5.24,0.59,0.53,10.24,3.18,1.88,30.06,10.82,8.06,74.46,72.76,0.76,0.18,17.41,4.24,41.67,1.76,8.71
1194,Jupiler Pro League (BE),32452,Senne Lammens,S. Lammens,2002-07-07,99.61,24.11,28.63,4,4,0,420.0,105.0,0.25,0.5,131.0,32.75,22.5,68.7,81.56,29.77,7.75,9.0,3.5,0.0,0.0,50.0,12.75,5.0,18.0,5.25,3.75,71.43,87.01,0.0,0.0,0.0,0.0,,0.0,4.25
1194,Jupiler Pro League (BE),32455,Thomas Van Den Keybus,T. Van den Keybus,2001-04-25,43.69,11.24,11.12,31,29,2,1272.0,43.86,0.1,0.9,399.0,13.76,11.1,80.7,84.7,15.59,0.55,3.69,2.62,0.45,0.31,4.24,1.07,0.83,10.17,3.07,2.28,74.16,75.45,0.52,0.07,9.17,2.0,65.52,1.31,1.93
1194,Jupiler Pro League (BE),32704,Žan Rogelj,Ž. Rogelj,1999-11-25,83.14,18.22,22.7,2,2,0,115.0,57.5,0.0,1.0,41.0,20.5,14.5,70.73,76.76,19.01,2.0,5.0,3.5,0.0,0.5,8.5,2.5,1.0,23.0,9.5,6.0,63.16,68.78,0.5,0.0,12.0,2.0,50.0,1.0,7.0
1194,Jupiler Pro League (BE),32774,Bruny Nsimba,B. Nsimba,2000-04-05,68.44,16.98,19.05,30,30,0,1558.0,51.93,0.17,1.27,377.0,12.57,8.7,69.23,73.79,12.62,0.47,3.87,1.23,1.13,0.27,2.07,0.63,0.33,20.67,5.2,3.4,65.38,68.79,0.9,0.17,15.3,3.83,46.09,1.77,4.47
1194,Jupiler Pro League (BE),32775,Michel-Ange Balikwisha,M. Balikwisha,2001-05-10,92.69,22.78,27.74,4,4,0,300.0,75.0,0.0,1.75,93.0,23.25,18.75,80.65,84.16,14.19,0.75,6.25,5.75,0.75,0.0,7.5,1.0,0.75,13.0,4.75,3.0,63.16,71.07,0.75,0.0,7.0,2.25,55.56,1.25,4.75
1194,Jupiler Pro League (BE),33332,Andreas Kristoffer Jungdal,A. Jungdal,2002-02-22,98.88,25.86,26.69,39,37,2,2848.0,76.97,0.0,0.14,897.0,24.24,18.11,74.69,84.3,25.36,4.92,5.27,3.54,0.0,0.0,29.43,7.32,3.38,12.76,4.22,3.73,88.46,91.8,0.03,0.0,0.03,0.03,0.0,0.0,3.59
1194,Jupiler Pro League (BE),33522,Maxime Delanghe,M. Delanghe,2001-05-23,97.47,23.94,24.5,18,18,0,911.0,50.61,0.0,0.0,267.0,14.83,11.39,76.78,83.46,25.12,3.0,2.72,1.61,0.0,0.0,22.28,4.56,2.11,7.5,1.78,1.61,90.63,93.62,0.0,0.0,0.06,0.0,,0.0,1.83
1194,Jupiler Pro League (BE),33706,David Toshevski,D. Toševski,2001-07-16,62.48,15.26,16.93,26,26,0,1030.0,39.62,0.08,0.73,272.0,10.46,7.58,72.43,74.98,10.8,0.08,3.92,1.31,0.58,0.27,0.54,0.12,0.08,17.38,4.96,3.35,67.44,73.53,0.5,0.08,11.12,2.19,57.9,1.27,3.04
1194,Jupiler Pro League (BE),34216,Hugo Siquet,H. Siquet,2002-07-09,46.78,13.68,11.52,31,30,1,1947.0,64.9,0.17,1.67,712.0,23.73,18.97,79.92,80.87,18.32,1.5,5.97,5.93,0.73,0.5,15.73,5.7,4.4,16.7,6.83,4.9,71.71,71.86,0.63,0.17,10.27,2.8,42.86,1.2,6.03
1194,Jupiler Pro League (BE),34444,Edgaras Utkus,E. Utkus,2000-06-22,83.96,19.87,22.19,19,19,0,1881.0,99.0,0.16,0.84,737.0,38.79,32.42,83.58,88.92,19.71,3.89,10.16,5.11,0.11,0.05,26.37,8.21,6.0,11.05,5.26,4.11,78.0,78.97,0.21,0.05,2.26,0.47,33.33,0.16,5.32
1194,Jupiler Pro League (BE),34748,Matija Frigan,M. Frigan,2003-02-11,63.77,16.71,16.91,3,3,0,50.0,16.67,0.0,0.0,20.0,6.67,3.33,50.0,71.38,10.86,0.0,3.0,1.0,0.33,0.0,0.33,0.0,0.0,7.67,2.67,1.33,50.0,67.47,0.0,0.0,5.0,1.0,0.0,0.0,1.67
1194,Jupiler Pro League (BE),34753,Tiago Filipe Alves Araújo,Tiago Araújo,2001-03-27,88.15,23.15,24.88,35,33,2,4047.0,122.64,0.21,2.27,1309.0,39.67,28.94,72.96,77.83,19.11,4.3,8.58,10.52,1.18,1.15,26.39,7.82,5.27,36.91,12.48,7.76,62.14,65.04,0.67,0.03,26.36,7.0,36.8,2.58,12.88
1194,Jupiler Pro League (BE),34873,Malcolm Viltard,M. Viltard,2002-10-24,80.48,20.17,22.8,36,36,0,3602.0,100.06,0.22,1.42,1085.0,30.14,24.5,81.29,83.73,17.45,2.75,9.03,4.89,0.5,0.25,13.56,3.56,2.42,18.61,6.64,4.72,71.13,74.43,0.56,0.11,11.33,2.53,45.06,1.14,5.61
1194,Jupiler Pro League (BE),35232,Zalán Vancsa,Z. Vancsa,2004-10-27,42.73,8.36,10.52,2,2,0,47.0,23.5,0.0,0.0,20.0,10.0,8.0,80.0,72.84,13.44,0.0,4.0,1.5,0.5,0.0,1.5,1.0,1.0,8.5,3.0,2.0,66.67,49.16,0.0,0.0,9.0,3.0,50.0,1.5,3.5
1194,Jupiler Pro League (BE),35453,Mario Stroeykens,M. Stroeykens,2004-09-29,40.98,11.63,9.57,23,22,1,1431.0,65.05,0.14,2.14,455.0,20.68,18.18,87.91,83.1,12.69,0.41,6.5,4.73,0.82,1.09,7.95,2.23,2.05,13.14,4.32,3.73,86.32,73.2,0.91,0.0,14.82,3.68,75.31,2.77,3.68
1194,Jupiler Pro League (BE),35550,Daan Dierckx,D. Dierckx,2003-02-24,71.83,17.84,21.04,20,20,0,1577.0,78.85,0.0,0.3,618.0,30.9,27.5,89.0,91.1,19.71,2.7,5.5,7.2,0.15,0.05,18.05,5.35,4.15,10.05,4.1,3.3,80.49,79.67,0.0,0.0,2.0,0.55,18.18,0.1,3.65
1194,Jupiler Pro League (BE),35577,Kevin Mac Allister,K. Mac Allister,1997-11-07,94.16,26.68,22.61,34,34,0,4132.0,121.53,0.15,1.35,1514.0,44.53,38.82,87.19,88.75,17.58,2.85,10.65,10.15,0.26,0.32,32.06,10.18,8.41,18.5,7.09,5.68,80.08,77.55,0.5,0.03,5.5,1.35,60.87,0.82,6.5
1194,Jupiler Pro League (BE),35776,Omri Gandelman,O. Gandelman,2000-05-16,86.31,23.52,25.69,18,17,1,780.0,45.88,0.0,0.94,288.0,16.94,13.53,79.86,80.54,12.7,0.35,7.82,3.53,1.24,0.59,2.82,0.59,0.35,10.71,4.24,3.0,70.83,73.71,0.35,0.0,8.18,2.47,64.29,1.59,3.76
1194,Jupiler Pro League (BE),35952,Léo Brian Kokubo,L. Kokubo,2001-01-23,99.58,29.71,25.26,38,36,2,2824.0,78.44,0.0,0.08,834.0,23.17,17.92,77.34,85.94,25.28,4.86,4.0,3.5,0.0,0.0,30.31,7.39,3.97,17.72,5.44,4.89,89.8,92.19,0.03,0.03,0.0,0.0,,0.0,3.58
1194,Jupiler Pro League (BE),36090,Jarne Steuckers,J. Steuckers,2002-02-04,54.78,17.93,12.29,30,29,1,2533.0,87.34,0.24,2.86,794.0,27.38,21.72,79.35,77.13,18.35,3.07,5.97,5.0,1.14,1.17,14.9,4.62,3.38,24.28,8.79,6.0,68.24,66.6,1.41,0.14,22.38,7.07,55.12,3.9,8.9
1194,Jupiler Pro League (BE),36097,Isaías Omar Delpupo,I. Delpupo,2003-03-31,10.28,3.25,2.13,4,4,0,59.0,14.75,0.0,0.0,17.0,4.25,2.75,64.71,78.61,20.68,0.0,0.75,0.25,0.0,0.0,1.75,0.75,0.5,7.75,1.75,1.25,71.43,80.39,0.0,0.0,6.0,1.25,20.0,0.25,1.0
1194,Jupiler Pro League (BE),36208,César Saúl Huerta Valera,C. Huerta,2000-12-03,54.35,15.85,13.66,11,10,1,668.0,66.8,0.2,2.1,205.0,20.5,16.9,82.44,81.83,11.56,0.4,3.8,4.3,0.3,1.1,5.3,0.9,0.7,19.9,7.1,5.8,81.69,75.99,1.2,0.2,18.5,4.7,63.83,3.0,3.9
1194,Jupiler Pro League (BE),36827,Luis Ismael Vázquez,L. Vázquez,2001-04-24,51.29,15.4,11.83,14,13,1,316.0,24.31,0.0,1.46,111.0,8.54,6.77,79.28,79.1,8.76,0.0,3.0,2.23,0.54,0.92,0.15,0.0,0.0,10.0,3.38,2.85,84.09,77.92,0.77,0.0,9.77,2.92,78.95,2.31,1.77
1194,Jupiler Pro League (BE),37331,Celestin De Schrevel,C. De Schrevel,2002-04-02,97.04,22.89,25.26,2,2,0,137.0,68.5,0.0,0.5,52.0,26.0,18.5,71.15,85.73,27.65,7.0,5.0,4.0,0.0,0.0,18.5,4.5,2.0,14.5,3.0,3.0,100.0,98.49,0.0,0.0,0.0,0.0,,0.0,3.5
1194,Jupiler Pro League (BE),37413,Roman Květ,R. Květ,1997-12-17,85.52,21.67,24.03,34,34,0,3031.0,89.15,0.09,2.26,1039.0,30.56,23.47,76.8,77.97,13.28,1.12,10.47,5.88,1.26,0.76,6.88,2.21,1.35,28.59,10.47,7.15,68.26,68.45,1.18,0.06,21.59,5.35,51.65,2.76,8.21
1194,Jupiler Pro League (BE),39644,Enric Llansana Beuse,E. Llansana,2001-04-12,63.2,16.98,16.12,29,27,2,2216.0,82.07,0.11,1.41,720.0,26.67,23.7,88.89,87.62,15.11,1.19,8.7,5.81,0.81,0.52,10.93,2.81,2.07,10.85,4.07,2.96,72.73,74.79,0.52,0.04,10.37,2.48,71.64,1.78,3.11
1194,Jupiler Pro League (BE),39736,Fedde Leysen,F. Leysen,2003-07-09,76.76,20.78,19.11,27,27,0,2661.0,98.56,0.04,0.52,987.0,36.56,32.04,87.64,90.58,18.91,3.22,7.07,9.33,0.15,0.15,25.93,7.81,5.96,12.85,4.74,3.78,79.69,83.36,0.15,0.0,3.56,0.81,40.91,0.33,4.04
1194,Jupiler Pro League (BE),39743,Patrick Pflücke,P. Pflücke,1996-11-30,68.69,18.06,18.9,42,42,0,2889.0,68.79,0.31,2.21,953.0,22.69,17.95,79.12,77.06,17.58,2.12,6.9,4.69,1.43,0.88,7.1,1.79,1.12,25.52,8.86,6.29,70.97,68.19,1.24,0.21,19.17,5.48,50.87,2.79,6.67
1194,Jupiler Pro League (BE),39832,Ragnar Oratmangoen,R. Oratmangoen,1998-01-21,39.29,10.52,9.56,18,18,0,873.0,48.5,0.0,0.78,260.0,14.44,11.44,79.23,80.86,13.23,0.56,3.22,2.39,0.5,0.22,5.28,1.17,0.78,15.5,4.78,3.89,81.4,72.84,0.56,0.0,12.22,2.94,60.38,1.78,3.83
1194,Jupiler Pro League (BE),39911,Junior Marsoni Sambu Mansoni,M. Sambu,1996-06-03,77.37,19.66,21.04,31,31,0,2765.0,89.19,0.32,1.16,838.0,27.03,20.97,77.57,80.85,14.63,0.94,4.68,4.58,0.45,0.48,13.65,3.65,2.71,26.19,8.81,6.19,70.33,72.86,0.55,0.16,11.58,3.1,40.63,1.26,6.29
1194,Jupiler Pro League (BE),40039,Ivan Pavlić,I. Pavlić,2001-11-10,11.59,2.92,2.95,9,9,0,123.0,13.67,0.0,0.11,37.0,4.11,3.11,75.68,77.28,15.58,0.33,1.11,1.44,0.11,0.56,1.44,0.22,0.11,2.67,1.0,0.78,77.78,71.07,0.11,0.0,3.44,1.11,60.0,0.67,1.22
1194,Jupiler Pro League (BE),40040,Zeno Van den Bosch,Z. Van den Bosch,2003-07-06,96.76,25.29,24.92,35,34,1,4436.0,130.47,0.06,1.0,1644.0,48.35,40.74,84.25,87.86,19.44,4.03,8.32,13.35,0.21,0.18,38.32,12.56,9.41,25.56,10.35,8.32,80.4,79.21,0.41,0.06,6.15,1.82,45.16,0.82,8.12
1194,Jupiler Pro League (BE),40430,Mathis Servais,M. Servais,2004-11-23,95.3,24.83,24.75,32,31,1,3439.0,110.94,0.39,1.87,1055.0,34.03,28.06,82.46,82.44,17.44,3.39,7.23,6.39,0.84,0.71,16.23,3.77,2.84,28.9,8.94,7.03,78.7,72.58,0.87,0.13,17.61,4.23,53.44,2.26,7.71
1194,Jupiler Pro League (BE),42119,Flávio Basilua Jacinto Nazinho,Flávio Nazinho,2003-07-20,93.85,21.83,24.7,30,30,0,3265.0,108.83,0.37,2.93,1054.0,35.13,26.87,76.47,76.55,15.02,1.63,7.67,8.4,1.1,1.03,16.8,4.6,3.03,31.73,11.93,8.77,73.46,68.06,1.43,0.17,27.13,6.6,47.47,3.13,11.0
1194,Jupiler Pro League (BE),42219,Yira Collins Sor,Y. Sor,2000-07-24,45.98,15.04,10.23,28,28,0,1317.0,47.04,0.07,1.46,411.0,14.68,11.75,80.05,80.39,14.14,0.43,3.14,3.21,0.54,0.5,4.0,1.04,0.79,15.21,4.79,3.54,73.88,72.66,0.61,0.0,14.0,3.86,59.26,2.29,3.57
1194,Jupiler Pro League (BE),42583,Christopher Scott,C. Scott,2002-06-07,77.65,19.87,20.51,31,31,0,2353.0,75.9,0.32,1.65,716.0,23.1,19.48,84.36,85.16,15.99,1.35,4.58,3.61,0.52,0.29,10.06,2.29,1.71,19.55,6.45,5.1,79.0,75.98,0.77,0.19,15.26,3.23,60.0,1.94,4.16
1194,Jupiler Pro League (BE),42592,Moïse Orell Sahi Dion,M. Sahi Dion,2001-12-20,21.02,5.25,5.61,5,5,0,118.0,23.6,0.0,0.2,36.0,7.2,7.0,97.22,83.66,11.4,0.0,2.2,1.0,0.6,0.0,2.2,0.4,0.4,7.6,2.2,2.0,90.91,78.35,0.2,0.0,4.4,1.4,85.71,1.2,0.8
1194,Jupiler Pro League (BE),43303,Noah Mbamba-Muanda,N. Mbamba,2005-01-05,86.26,21.86,23.71,35,35,0,3622.0,103.49,0.11,1.17,961.0,27.46,23.09,84.08,85.97,14.69,1.26,6.17,4.31,0.31,0.4,12.11,2.66,1.91,19.09,5.63,4.31,76.65,79.18,0.57,0.09,12.91,2.69,58.51,1.57,4.37
1194,Jupiler Pro League (BE),44871,Alexandro Calut,A. Calut,2003-04-22,53.56,12.22,15.23,9,9,0,563.0,62.56,0.0,0.78,196.0,21.78,17.67,81.12,86.81,16.19,1.33,3.44,3.78,0.0,0.0,13.56,4.22,3.22,14.33,5.11,4.22,82.61,78.2,0.33,0.11,6.11,1.33,33.33,0.44,3.67
1194,Jupiler Pro League (BE),46143,Maksim Paskotsi,M. Paskotsi,2003-01-19,89.64,24.38,25.26,22,21,1,2453.0,116.81,0.14,0.71,968.0,46.1,41.57,90.19,93.94,19.17,2.05,8.05,9.52,0.24,0.05,29.67,6.95,5.62,15.38,6.05,5.24,86.61,87.51,0.29,0.0,2.38,0.62,38.46,0.24,3.48
1194,Jupiler Pro League (BE),47343,Jules Gaudin,J. Gaudin,2000-05-09,40.2,10.55,9.37,19,19,0,1041.0,54.79,0.05,0.95,351.0,18.47,14.63,79.2,79.96,17.54,1.79,5.26,4.26,0.53,0.63,9.21,2.47,1.89,13.16,5.16,3.63,70.41,69.2,0.21,0.0,11.63,2.89,49.09,1.42,4.84
1194,Jupiler Pro League (BE),47348,Bjorn Meijer,B. Meijer,2003-03-18,43.85,13.29,9.78,27,27,0,1316.0,48.74,0.11,1.15,495.0,18.33,15.26,83.23,83.77,14.95,0.93,3.85,3.96,0.59,0.52,10.33,2.89,2.22,13.56,5.37,4.15,77.24,73.23,0.44,0.04,9.48,2.37,53.12,1.26,4.07
1194,Jupiler Pro League (BE),47896,Matthieu Luka Epolo,M. Epolo,2005-01-15,99.8,23.91,28.65,29,29,0,1638.0,56.48,0.0,0.03,509.0,17.55,12.31,70.14,80.88,26.15,3.79,2.62,2.28,0.0,0.0,21.66,5.83,2.41,8.93,2.62,2.28,86.84,87.7,0.03,0.03,0.0,0.0,,0.0,3.1
1194,Jupiler Pro League (BE),48111,Gustav Mortensen,G. Mortensen,2004-03-19,95.36,22.45,28.48,20,20,0,1655.0,82.75,0.1,1.55,610.0,30.5,24.1,79.02,79.73,14.76,0.9,8.05,6.5,1.85,0.65,13.9,4.05,2.85,24.75,9.4,6.4,68.09,68.81,1.0,0.05,16.95,4.75,38.95,1.85,7.8
1194,Jupiler Pro League (BE),48536,Mohamed Berte,M. Berte,2002-03-25,44.03,11.13,11.59,30,30,0,583.0,19.43,0.07,0.4,161.0,5.37,3.8,70.81,74.84,11.08,0.07,1.97,0.77,0.5,0.3,0.47,0.0,0.0,8.97,2.5,1.83,73.33,73.71,0.27,0.03,7.73,1.83,58.18,1.07,1.77
1194,Jupiler Pro League (BE),48961,Lucas Boel Hey,L. Hey,2003-04-13,86.65,22.66,22.58,32,31,1,3272.0,105.55,0.03,0.68,1236.0,39.87,34.94,87.62,91.37,18.54,2.48,7.39,8.97,0.13,0.03,33.9,8.65,6.65,15.26,5.29,4.13,78.05,82.61,0.06,0.0,2.26,0.48,53.33,0.26,4.39
1194,Jupiler Pro League (BE),53344,José Martínez Marsà,José Marsà,2002-03-04,86.07,21.61,23.83,33,32,1,3194.0,99.81,0.09,0.97,1184.0,37.0,29.97,81.0,83.92,19.57,3.31,7.69,9.31,0.59,0.34,26.03,7.66,5.28,24.41,8.75,6.34,72.5,73.2,0.38,0.03,8.88,2.09,41.79,0.88,8.16
1194,Jupiler Pro League (BE),54768,Enis Destan,E. Destan,2002-06-15,36.72,10.23,9.72,3,3,0,42.0,14.0,0.0,0.33,12.0,4.0,3.33,83.33,79.53,8.17,0.0,1.67,0.67,0.33,0.0,0.0,0.0,0.0,7.33,2.0,1.67,83.33,79.28,0.33,0.0,5.0,1.67,80.0,1.33,0.67
1194,Jupiler Pro League (BE),54979,Moussa N''Diaye,M. N''Diaye,2002-06-18,63.99,17.4,15.23,17,16,1,1524.0,95.25,0.06,0.81,542.0,33.88,29.06,85.79,88.28,16.1,1.75,4.56,8.81,0.06,0.19,31.56,8.94,6.81,20.12,7.25,5.75,79.31,77.4,0.25,0.0,4.38,1.0,37.5,0.38,5.0
1194,Jupiler Pro League (BE),58458,Alan Steve Minda García,A. Minda,2003-05-14,62.16,15.83,15.63,17,17,0,1007.0,59.24,0.24,1.53,249.0,14.65,11.41,77.91,78.74,14.58,0.88,2.71,2.88,0.76,0.71,3.88,0.71,0.47,23.06,5.35,3.71,69.23,68.94,0.59,0.18,24.12,4.29,58.9,2.53,3.88
1194,Jupiler Pro League (BE),58981,Raphael Onyedika,R. Onyedika,2001-04-19,72.72,23.69,16.76,30,30,0,3806.0,126.87,0.2,1.37,1250.0,41.67,38.17,91.6,92.14,16.94,2.17,9.4,10.2,0.5,0.7,21.97,6.47,5.47,12.97,5.03,4.37,86.76,82.14,0.33,0.1,10.27,2.0,65.0,1.3,2.83
1194,Jupiler Pro League (BE),58992,Raul Florucz,R. Florucz,2001-06-10,54.41,15.68,12.52,24,24,0,982.0,40.92,0.08,1.29,261.0,10.88,8.08,74.33,75.17,13.55,0.33,3.96,2.0,0.79,0.67,1.79,0.54,0.38,15.42,4.04,2.67,65.98,68.8,0.5,0.08,16.0,3.5,59.52,2.08,3.21
1194,Jupiler Pro League (BE),59314,Kayden Leighton Hugh Pierre,K. Pierre,2003-02-16,45.92,11.5,11.33,1,1,0,30.0,30.0,1.0,1.0,8.0,8.0,8.0,100.0,90.48,12.8,0.0,2.0,1.0,1.0,0.0,9.0,1.0,1.0,7.0,0.0,0.0,,,0.0,0.0,4.0,1.0,100.0,1.0,1.0
1194,Jupiler Pro League (BE),59897,Roggerio Nyakossi,R. Nyakossi,2004-01-13,94.63,23.6,24.8,26,25,1,2558.0,102.32,0.04,0.36,890.0,35.6,32.24,90.56,92.99,19.2,3.12,5.88,6.68,0.04,0.04,25.36,7.16,5.96,13.0,4.4,3.96,90.0,88.39,0.12,0.0,3.04,0.32,37.5,0.12,2.72
1194,Jupiler Pro League (BE),59958,Mohamed Koné,M. Koné,2002-03-07,99.14,26.57,26.7,19,19,0,1307.0,68.79,0.0,0.0,434.0,22.84,17.95,78.57,84.51,27.58,6.05,5.05,2.58,0.0,0.0,28.53,7.21,3.89,12.47,4.32,4.11,95.12,96.01,0.0,0.0,0.0,0.0,,0.0,3.47
1194,Jupiler Pro League (BE),59959,Matthis Riou,M. Riou,2001-01-19,3.08,0.56,0.92,1,1,0,0.0,0.0,0.0,0.0,0.0,0.0,0.0,,,,0.0,0.0,0.0,0.0,0.0,0.0,0.0,0.0,0.0,0.0,0.0,,,0.0,0.0,0.0,0.0,,0.0,0.0
1194,Jupiler Pro League (BE),60011,Guillaume François,G. François,1990-06-03,11.46,3.17,2.42,2,2,0,39.0,19.5,0.0,0.0,12.0,6.0,4.5,75.0,85.11,14.79,0.5,1.0,0.5,0.0,0.0,6.0,2.0,1.0,4.0,2.0,1.5,75.0,81.72,0.0,0.0,1.5,0.5,100.0,0.5,1.0
1194,Jupiler Pro League (BE),60013,Siebe Van der Heyden,S. Van der Heyden,1998-05-30,92.81,24.46,26.45,36,34,2,3816.0,112.24,0.03,0.91,1529.0,44.97,38.65,85.94,89.99,18.42,2.97,9.47,9.76,0.35,0.24,29.12,7.56,5.76,21.06,7.94,6.26,78.89,79.49,0.29,0.0,6.97,1.85,41.27,0.76,6.03
1194,Jupiler Pro League (BE),60015,Casper Nielsen,C. Nielsen,1994-04-29,78.16,17.96,22.67,26,26,0,1791.0,68.88,0.12,1.08,625.0,24.04,17.12,71.2,75.79,16.69,1.73,9.35,4.38,1.08,0.65,9.92,3.42,1.96,14.35,5.85,3.81,65.13,63.37,0.62,0.08,10.69,3.35,49.42,1.65,7.92
1194,Jupiler Pro League (BE),60019,Cisse Sandra,C. Sandra,2003-12-16,39.33,11.76,9.07,16,15,1,550.0,36.67,0.0,1.0,168.0,11.2,9.87,88.09,88.56,14.35,0.47,2.2,2.33,0.33,0.53,5.27,1.07,1.0,8.6,2.6,2.27,87.18,75.98,0.6,0.0,7.8,1.47,68.18,1.0,1.33
1194,Jupiler Pro League (BE),60030,Mathias Fixelles,M. Fixelles,1996-08-11,13.62,2.89,4.54,4,4,0,36.0,9.0,0.0,0.25,13.0,3.25,3.0,92.31,90.78,10.74,0.0,1.5,0.5,0.0,0.0,0.0,0.0,0.0,0.5,0.25,0.25,100.0,97.23,0.0,0.0,1.25,0.0,,0.0,0.25
1194,Jupiler Pro League (BE),60032,Wagane Faye,W. Faye,1993-11-20,94.02,20.31,27.82,27,27,0,2161.0,80.04,0.0,0.81,808.0,29.93,22.93,76.61,83.7,19.3,2.78,7.33,5.59,0.44,0.04,22.15,7.41,4.78,14.19,5.41,3.85,71.23,77.61,0.19,0.04,4.67,1.41,28.95,0.41,7.22
1194,Jupiler Pro League (BE),60103,Hyun-Seok Hong,Hong Hyun-Seok,1999-06-16,51.17,13.23,15.03,19,18,1,814.0,45.22,0.11,0.67,289.0,16.06,13.06,81.31,82.36,13.14,0.44,5.67,3.67,0.61,0.28,3.22,0.72,0.72,12.78,4.83,3.94,81.61,75.78,0.39,0.11,8.28,2.0,55.56,1.11,3.11
1194,Jupiler Pro League (BE),60697,Hugo Vetlesen,H. Vetlesen,2000-02-29,56.18,15.65,14.32,25,24,1,1434.0,59.75,0.38,1.54,435.0,18.12,15.42,85.06,83.21,13.59,0.58,5.92,4.21,0.75,0.67,5.67,1.21,0.96,15.17,5.0,3.75,75.0,71.62,0.75,0.25,13.71,3.33,70.0,2.33,3.25
1194,Jupiler Pro League (BE),60859,Mathias Delorge-Knieper,M. Delorge,2004-07-31,75.22,22.14,22.05,20,18,2,2407.0,133.72,0.22,1.72,773.0,42.94,38.39,89.39,88.97,18.79,3.72,12.39,8.33,0.39,0.11,22.56,5.83,4.67,20.06,7.39,6.22,84.21,80.08,0.44,0.06,10.11,2.11,52.63,1.11,4.89
1194,Jupiler Pro League (BE),61056,Félix  Lemaréchal,F. Lemaréchal,2003-08-07,36.81,12.34,8.61,2,2,0,136.0,68.0,0.0,1.5,42.0,21.0,17.0,80.95,81.58,14.31,0.5,6.0,4.5,1.0,0.0,4.0,1.0,1.0,17.0,3.5,2.5,71.43,71.52,0.5,0.0,11.0,2.0,25.0,0.5,5.5
1194,Jupiler Pro League (BE),61073,Vic Chambaere,V. Chambaere,2003-01-10,92.77,26.33,21.64,9,9,0,492.0,54.67,0.0,0.11,163.0,18.11,11.78,65.03,80.92,27.23,3.22,3.11,1.44,0.0,0.0,25.11,6.56,2.56,10.22,2.67,1.67,62.5,89.41,0.0,0.0,0.0,0.0,,0.0,2.67
1194,Jupiler Pro League (BE),61125,Jusef Erabi,J. Erabi,2003-06-08,36.41,13.6,7.35,15,14,1,303.0,21.64,0.0,0.86,79.0,5.64,4.93,87.34,88.19,12.74,0.07,2.21,0.71,0.36,0.14,0.86,0.07,0.07,6.57,1.21,1.21,100.0,80.01,0.29,0.0,6.36,0.86,83.33,0.71,0.5
1194,Jupiler Pro League (BE),61421,Ross Sykes,R. Sykes,1999-03-26,90.2,25.05,22.31,32,32,0,3773.0,117.91,0.09,0.75,1274.0,39.81,33.31,83.67,87.98,19.48,4.47,9.56,6.28,0.31,0.16,29.72,8.94,6.84,17.47,5.53,4.75,85.87,84.75,0.25,0.0,4.91,1.19,47.37,0.56,6.31
1194,Jupiler Pro League (BE),61694,Adem Zorgane,A. Zorgane,2000-01-06,87.65,24.34,21.49,37,37,0,5755.0,155.54,0.19,2.65,1748.0,47.24,40.43,85.58,83.89,14.82,3.08,15.41,8.78,1.62,1.08,26.03,7.95,6.3,28.11,10.7,8.14,76.01,73.32,0.81,0.05,22.22,6.0,58.56,3.51,8.81
1194,Jupiler Pro League (BE),61738,Luc Marijnissen,L. Marijnissen,2003-01-09,95.0,24.02,26.27,37,37,0,4080.0,110.27,0.03,0.73,1377.0,37.22,31.08,83.51,86.68,18.17,2.81,8.08,6.19,0.35,0.3,29.54,7.76,5.95,21.03,7.38,5.89,79.85,78.72,0.24,0.0,5.46,1.84,47.06,0.86,6.41
1194,Jupiler Pro League (BE),61749,Jo Coppens,J. Coppens,1990-12-21,3.68,0.77,0.42,1,1,0,0.0,0.0,0.0,0.0,0.0,0.0,0.0,,,,0.0,0.0,0.0,0.0,0.0,0.0,0.0,0.0,0.0,0.0,0.0,,,0.0,0.0,0.0,0.0,,0.0,0.0
1194,Jupiler Pro League (BE),61889,Nilson David Angulo Ramírez,N. Angulo,2003-06-19,93.52,26.24,22.06,22,22,0,2457.0,111.68,0.23,3.27,677.0,30.77,23.77,77.25,79.46,12.43,0.5,5.68,5.68,0.64,0.68,8.95,1.5,1.05,37.77,9.45,6.86,72.6,72.67,1.36,0.14,34.36,6.82,50.0,3.41,8.14
1194,Jupiler Pro League (BE),62093,Rafiki Saïd Ahamada,R. Saïd,2000-03-15,80.67,19.47,23.47,37,37,0,2863.0,77.38,0.11,1.62,751.0,20.3,15.46,76.17,77.23,15.12,1.27,5.16,2.05,0.59,0.54,6.32,1.41,0.78,31.65,8.14,5.57,68.44,67.33,0.97,0.11,26.49,5.89,56.42,3.32,5.57
1194,Jupiler Pro League (BE),62112,Bryang Kayo,B. Kayo,2002-07-27,23.78,6.28,6.69,5,5,0,102.0,20.4,0.0,0.4,32.0,6.4,5.8,90.62,89.89,15.18,0.0,1.4,1.0,0.4,0.0,1.8,0.4,0.4,3.8,2.0,1.8,90.0,84.95,0.2,0.0,3.6,1.4,71.43,1.0,0.8
1194,Jupiler Pro League (BE),62319,Isaac Babadi,I. Babadi,2005-04-06,32.94,9.47,7.98,17,16,1,941.0,58.81,0.12,1.06,252.0,15.75,13.56,86.11,86.4,14.67,0.75,3.5,2.75,0.44,0.38,6.81,1.69,1.38,10.69,3.94,2.94,74.6,74.66,0.31,0.06,13.94,2.69,69.77,1.88,2.56
1194,Jupiler Pro League (BE),63322,Casper Terho,C. Terho,2003-06-24,51.13,11.58,14.25,11,11,0,409.0,37.18,0.0,0.64,110.0,10.0,7.18,71.82,72.69,18.11,1.09,1.73,1.91,0.36,0.36,3.36,1.0,0.64,13.45,3.73,2.18,58.54,58.69,0.36,0.0,12.18,3.0,54.55,1.64,4.0
1194,Jupiler Pro League (BE),63341,Abdelkahar Kadri,A. Kadri,2000-06-24,70.81,18.63,20.63,33,31,2,3388.0,109.29,0.26,2.39,1033.0,33.32,29.81,89.45,87.84,16.12,2.58,8.06,5.71,0.68,0.55,13.94,2.77,2.23,22.74,8.39,7.16,85.39,79.78,0.87,0.16,17.52,3.35,68.27,2.29,4.35
1194,Jupiler Pro League (BE),64482,Kevin Daniel Guitoun Van Den Kerkhof,K. Van Den Kerkhof,1996-03-14,75.82,20.13,21.23,30,30,0,2174.0,72.47,0.3,1.8,672.0,22.4,16.37,73.07,75.68,16.11,1.37,4.73,3.77,0.93,0.7,7.33,1.67,1.07,30.97,9.33,6.03,64.64,66.62,1.03,0.23,21.23,5.83,42.29,2.47,7.4
1194,Jupiler Pro League (BE),64804,Arbnor Muja,A. Muja,1998-11-29,76.29,23.84,19.73,26,26,0,2705.0,104.04,0.23,2.38,829.0,31.88,26.15,82.03,82.18,14.26,1.58,7.35,6.15,1.46,0.81,10.27,1.81,1.08,36.15,11.04,7.69,69.69,70.35,1.12,0.15,27.04,6.27,53.99,3.38,6.81
1194,Jupiler Pro League (BE),68592,Redouane Halhal,R. Halhal,2003-03-05,95.66,24.95,24.4,33,32,1,4385.0,137.03,0.09,0.75,1581.0,49.41,45.62,92.35,94.06,19.12,3.19,5.66,11.22,0.22,0.03,35.47,8.59,7.34,19.78,6.69,5.91,88.32,90.17,0.16,0.0,3.66,0.69,63.64,0.44,2.91
1194,Jupiler Pro League (BE),68926,Noah  Adedeji-Sternberg,N. Adedeji-Sternberg,2005-06-19,46.31,15.36,10.73,25,24,1,1564.0,65.17,0.12,1.88,422.0,17.58,14.62,83.18,82.76,12.89,0.38,3.5,2.12,0.21,0.21,6.25,1.38,1.04,19.92,5.17,3.92,75.81,75.62,0.71,0.12,20.17,4.0,61.46,2.46,3.46
1194,Jupiler Pro League (BE),69837,Ignacio Miras Blanco,Nacho Miras,1997-07-19,98.42,25.16,25.63,33,32,1,1862.0,58.19,0.03,0.03,618.0,19.31,14.31,74.11,84.96,24.67,3.62,3.47,2.28,0.0,0.0,24.03,5.5,2.34,9.84,3.44,3.06,89.09,91.36,0.0,0.0,0.0,0.0,,0.0,2.81
1194,Jupiler Pro League (BE),69934,Jan-Carlo Simić,J. Simić,2005-05-02,94.62,27.8,19.46,2,2,0,231.0,115.5,0.0,0.5,89.0,44.5,39.5,88.76,94.48,17.41,2.5,6.0,9.0,0.0,0.0,28.5,6.5,5.5,10.5,4.0,3.5,87.5,89.83,0.0,0.0,4.0,1.0,50.0,0.5,3.0
1194,Jupiler Pro League (BE),70296,Eliot Bujupi,E. Bujupi,2006-07-03,6.91,2.28,1.57,5,5,0,38.0,7.6,0.0,0.8,9.0,1.8,1.6,88.89,83.47,12.32,0.0,0.4,0.2,0.2,0.2,0.4,0.0,0.0,1.6,0.4,0.2,50.0,64.47,0.0,0.0,3.4,0.6,66.67,0.4,0.4
1194,Jupiler Pro League (BE),70373,Heriberto De Jesús Jurado Flores,H. Jurado,2005-01-03,25.81,6.39,5.88,8,8,0,207.0,25.88,0.0,0.38,52.0,6.5,4.25,65.38,71.88,15.19,0.25,1.12,0.62,0.12,0.0,2.25,0.25,0.25,7.12,1.88,1.12,60.0,64.66,0.12,0.0,9.38,2.0,18.75,0.38,2.38
1194,Jupiler Pro League (BE),70426,Fabio Ferraro,F. Ferraro,2002-09-03,94.2,23.8,26.47,29,29,0,3246.0,111.93,0.21,2.24,946.0,32.62,24.83,76.11,77.75,14.7,1.45,5.76,6.48,1.0,0.76,17.28,4.14,2.76,35.52,10.41,7.55,72.52,69.17,1.17,0.17,25.14,5.62,44.79,2.52,9.93
1194,Jupiler Pro League (BE),70452,Lukas Willen,L. Willen,2003-04-25,78.81,19.25,23.59,20,19,1,1667.0,87.74,0.05,1.21,572.0,30.11,25.63,85.14,86.15,15.88,1.42,6.05,4.74,0.11,0.11,23.68,6.68,5.47,16.79,5.79,4.84,83.64,78.65,0.37,0.0,6.0,1.63,70.97,1.16,4.74
1194,Jupiler Pro League (BE),70480,Ilias Sebaoui,I. Sebaoui,2001-10-04,86.64,26.05,22.66,40,38,2,3953.0,104.03,0.26,2.47,1112.0,29.26,23.26,79.5,82.27,15.72,2.24,7.92,3.92,1.05,0.66,9.76,2.08,1.0,31.42,9.55,6.58,68.87,71.57,1.34,0.18,26.63,5.89,54.02,3.18,6.68
1194,Jupiler Pro League (BE),70612,Adedire Emmanuel Awokoya-Mebude,A. Mebude,2004-05-28,36.21,10.18,9.0,12,12,0,515.0,42.92,0.08,1.25,148.0,12.33,10.25,83.11,80.85,12.88,0.17,2.33,1.17,0.42,0.42,4.08,1.0,0.83,14.08,4.17,3.0,72.0,74.27,0.67,0.08,12.92,3.0,50.0,1.5,2.83
1194,Jupiler Pro League (BE),70640,Guilherme Henriques da Silva Carvalho,Guilherme Smith,2003-06-11,75.58,19.92,19.49,22,22,0,1646.0,74.82,0.14,1.36,414.0,18.82,14.64,77.78,78.82,15.12,1.14,1.73,2.41,0.32,0.14,6.91,1.32,0.86,24.45,6.82,5.36,78.67,73.3,0.82,0.18,22.68,4.23,52.69,2.23,4.86
1194,Jupiler Pro League (BE),71447,Myron van Brederode,M. van Brederode,2003-07-06,90.85,23.57,23.72,34,33,1,3367.0,102.03,0.24,2.42,999.0,30.27,24.15,79.78,78.22,14.35,1.33,8.33,4.33,0.94,0.7,8.33,1.94,1.48,35.79,10.7,7.76,72.52,70.53,1.27,0.12,28.55,6.09,56.22,3.42,8.58
1194,Jupiler Pro League (BE),72013,Vetle Winger Dragsnes,V. Dragsnes,1994-02-06,54.95,15.34,14.76,2,2,0,147.0,73.5,0.0,0.0,54.0,27.0,21.5,79.63,81.82,16.43,2.0,4.5,7.5,0.5,0.5,17.0,4.0,3.0,24.0,7.0,4.0,57.14,64.74,0.0,0.0,13.0,4.0,25.0,1.0,7.0
1194,Jupiler Pro League (BE),73353,Anosike Victor Ementa,A. Ementa,2002-05-03,89.37,24.05,25.13,32,31,1,2047.0,66.03,0.32,2.52,576.0,18.58,13.65,73.44,73.98,11.67,0.45,6.77,2.42,2.0,0.9,1.65,0.52,0.35,29.23,9.26,6.61,71.43,69.18,1.61,0.16,22.55,5.97,66.49,3.97,5.77
1194,Jupiler Pro League (BE),73355,Romeo Vermant,R. Vermant,2004-01-24,43.89,13.6,9.71,35,34,1,1015.0,29.85,0.12,0.94,316.0,9.29,7.5,80.7,81.76,13.75,0.24,3.26,1.79,0.44,0.65,1.62,0.44,0.26,11.18,3.35,2.74,81.58,78.91,0.35,0.06,9.26,2.21,68.0,1.5,1.65
1194,Jupiler Pro League (BE),73357,Ibe Hautekiet,I. Hautekiet,2002-04-13,90.73,20.57,27.39,36,36,0,2583.0,71.75,0.0,0.39,1044.0,29.0,25.58,88.22,92.0,17.09,1.17,7.5,5.06,0.17,0.06,14.25,3.31,2.69,9.56,3.33,3.03,90.83,89.84,0.11,0.0,1.92,0.44,62.5,0.28,2.69
1194,Jupiler Pro League (BE),73359,Kyriani Sabbe,K. Sabbe,2005-01-26,67.73,22.84,15.38,27,26,1,3022.0,116.23,0.23,2.15,1088.0,41.85,36.15,86.4,86.35,15.88,1.96,7.38,10.19,0.88,0.62,27.35,8.62,7.08,25.77,10.69,8.65,80.94,76.25,0.88,0.15,14.04,3.27,42.35,1.38,7.23
1194,Jupiler Pro League (BE),73360,Lynnt Audoor,L. Audoor,2003-10-13,32.21,10.97,8.07,7,7,0,364.0,52.0,0.14,1.0,113.0,16.14,14.14,87.61,90.02,16.3,0.71,4.71,3.71,0.86,0.43,7.57,1.43,1.14,5.71,2.29,1.86,81.25,79.86,0.71,0.14,7.0,2.29,62.5,1.43,1.86
1194,Jupiler Pro League (BE),73361,Jorne Spileers,J. Spileers,2005-01-21,60.75,20.49,13.28,23,22,1,2424.0,110.18,0.0,0.82,1003.0,45.59,42.27,92.72,94.44,19.41,3.45,6.91,13.14,0.14,0.05,27.14,8.09,7.05,14.82,6.09,5.41,88.81,89.05,0.14,0.0,2.41,0.59,46.15,0.27,2.68
1194,Jupiler Pro League (BE),73362,Keano Vanrafelghem,K. Vanrafelghem,2003-08-02,39.03,10.18,9.46,16,15,1,539.0,35.93,0.07,0.8,141.0,9.4,7.67,81.56,77.92,12.56,0.07,2.27,1.2,0.13,0.27,1.8,0.27,0.27,12.93,3.4,2.53,74.51,70.19,0.33,0.0,11.93,2.2,63.64,1.4,2.27
1194,Jupiler Pro League (BE),74616,Oumar Diakité,O. Diakité,2003-12-20,62.43,16.27,15.03,25,25,0,1124.0,44.96,0.04,1.04,265.0,10.6,8.16,76.98,78.56,12.31,0.16,2.0,1.6,0.48,0.52,1.8,0.28,0.2,17.24,4.52,3.32,73.45,74.81,0.6,0.0,16.2,2.88,58.33,1.68,2.52
1194,Jupiler Pro League (BE),76091,Lucas Mbamba-Muanda,L. Mbamba-Muanda,2006-08-12,60.11,16.01,16.19,14,14,0,817.0,58.36,0.0,1.07,284.0,20.29,17.64,86.97,89.99,13.54,0.43,3.86,4.43,0.43,0.36,10.29,1.86,1.43,14.93,4.93,3.93,79.71,82.87,0.57,0.0,6.86,1.64,43.48,0.71,1.71
1194,Jupiler Pro League (BE),80638,Dikeni-Rafid Salifou,D. Salifou,2003-06-08,60.29,16.15,16.65,18,18,0,1138.0,63.22,0.17,0.67,369.0,20.5,17.78,86.72,89.58,16.75,1.33,5.94,4.5,0.11,0.17,5.72,1.28,0.78,9.33,3.22,2.28,70.69,80.16,0.17,0.06,4.11,0.67,58.33,0.39,2.28
1194,Jupiler Pro League (BE),81373,Dirk Junior Asare,D. Asare,2004-07-04,87.9,23.91,23.93,11,10,1,1184.0,118.4,0.2,2.0,361.0,36.1,31.5,87.26,88.12,15.27,1.4,8.9,8.5,0.2,0.3,19.4,4.9,3.6,17.5,6.4,5.2,81.25,78.87,0.6,0.1,9.7,1.9,63.16,1.2,4.9
1194,Jupiler Pro League (BE),84267,Yllan Okou,Y. Okou,2002-12-23,91.42,20.6,26.19,33,33,0,2638.0,79.94,0.09,0.36,1018.0,30.85,24.76,80.26,86.56,22.55,4.61,6.55,4.45,0.27,0.15,16.21,4.97,3.0,8.97,3.21,2.45,76.41,79.22,0.06,0.0,2.88,0.82,33.33,0.27,5.36
1194,Jupiler Pro League (BE),84589,Nikola Stulic,N. Stulic,2001-09-08,77.74,18.49,19.54,3,3,0,97.0,32.33,0.0,1.0,29.0,9.67,8.33,86.21,86.1,10.21,0.0,5.0,1.0,0.33,0.67,0.33,0.0,0.0,13.0,3.67,3.33,90.91,82.67,0.0,0.0,9.67,2.0,100.0,2.0,1.0
1194,Jupiler Pro League (BE),92776,Ibrahim Diakité,I. Diakité,2003-10-31,50.5,11.79,12.51,19,19,0,859.0,45.21,0.05,0.58,291.0,15.32,11.21,73.2,77.09,15.61,0.37,2.26,4.42,0.11,0.16,13.16,3.68,2.05,13.42,4.32,2.79,64.63,68.04,0.32,0.0,5.32,1.16,45.45,0.53,5.21
1194,Jupiler Pro League (BE),94964,Mehdi Boukamir,M. Boukamir,2004-01-26,25.16,5.59,7.28,16,16,0,247.0,15.44,0.0,0.12,99.0,6.19,4.81,77.78,87.18,19.01,0.38,1.31,1.69,0.06,0.0,4.19,1.5,1.06,2.44,1.25,0.81,65.0,83.33,0.06,0.0,0.12,0.06,100.0,0.06,1.0
1194,Jupiler Pro League (BE),95609,Oucasse Mendy,O. Mendy,2001-06-01,59.18,12.32,18.77,17,17,0,385.0,22.65,0.0,0.53,99.0,5.82,3.53,60.61,68.38,12.72,0.18,2.53,0.47,0.71,0.06,0.35,0.06,0.0,9.24,2.18,1.29,59.46,64.0,0.35,0.0,6.94,1.94,51.52,1.0,2.53
1194,Jupiler Pro League (BE),101724,Marlon Fossey,M. Fossey,1998-09-09,80.37,17.98,24.25,20,20,0,1362.0,68.1,0.1,1.2,484.0,24.2,18.0,74.38,76.8,14.56,1.0,6.75,4.3,0.6,0.4,9.95,2.8,1.9,23.35,9.2,6.6,71.74,70.85,0.95,0.05,11.15,3.25,43.08,1.4,7.65
1194,Jupiler Pro League (BE),108081,Nayel Mehssatou Sepúlveda,N. Mehssatou,2002-04-11,41.63,9.98,12.22,29,29,0,1211.0,41.76,0.07,0.69,389.0,13.41,10.86,80.98,83.95,14.11,0.59,3.9,2.31,0.34,0.17,5.55,1.55,0.93,10.55,3.79,2.83,74.55,76.29,0.31,0.03,7.14,1.79,42.31,0.76,2.41
1194,Jupiler Pro League (BE),109881,Lewin Blum,L. Blum,2001-07-27,62.29,16.67,16.41,32,32,0,2064.0,64.5,0.12,1.34,718.0,22.44,17.59,78.41,81.22,16.45,1.41,4.41,4.84,0.38,0.56,13.25,3.66,2.56,20.06,6.62,4.88,73.59,71.11,0.56,0.06,11.0,3.03,39.18,1.19,5.75
1194,Jupiler Pro League (BE),112605,Nicolò Tresoldi,N. Tresoldi,2004-08-20,66.53,21.71,15.77,40,39,1,1140.0,29.23,0.26,1.33,356.0,9.13,7.33,80.34,77.75,12.22,0.51,4.08,1.46,1.18,0.59,0.49,0.23,0.1,11.18,3.79,3.03,79.73,72.21,0.9,0.13,10.08,2.74,80.37,2.21,2.15
1194,Jupiler Pro League (BE),115086,Jhon Andersson Banguera Riascos,J. Banguera,2004-04-03,88.56,20.52,24.25,2,2,0,139.0,69.5,0.5,1.0,56.0,28.0,26.0,92.86,93.28,18.91,0.5,5.5,8.0,1.0,0.0,12.0,2.0,1.0,9.0,3.5,3.0,85.71,90.25,0.0,0.0,3.5,1.0,100.0,1.0,2.0
1194,Jupiler Pro League (BE),116555,Christiaan Ravych,C. Ravych,2002-07-30,92.17,20.75,24.58,27,27,0,2155.0,79.81,0.11,0.81,875.0,32.41,27.44,84.69,87.83,18.86,2.07,7.63,6.0,0.26,0.0,22.37,6.33,4.37,9.48,4.26,3.19,74.78,76.25,0.15,0.0,1.89,0.56,60.0,0.33,5.52
1194,Jupiler Pro League (BE),123701,Anthony Lenin Valencia Bajaña,A. Valencia,2003-07-21,66.17,18.68,15.87,23,22,1,2127.0,96.68,0.23,2.14,572.0,26.0,21.64,83.22,84.54,14.37,1.05,4.45,3.64,0.32,0.32,10.23,1.82,1.23,27.91,7.41,5.73,77.3,75.72,0.86,0.23,25.32,4.86,56.08,2.73,4.09
1194,Jupiler Pro League (BE),123702,Joel Leandro Ordóñez Guerrero,J. Ordóñez,2004-04-21,90.72,28.2,21.67,33,32,1,4553.0,142.28,0.12,0.88,1775.0,55.47,52.0,93.75,95.56,17.36,1.56,6.72,16.41,0.03,0.12,36.91,7.81,6.59,16.81,6.28,5.41,86.07,87.54,0.09,0.0,2.38,0.31,60.0,0.19,3.0
1194,Jupiler Pro League (BE),125508,Rein Van Helden,R. Van Helden,2002-07-24,80.12,23.2,21.11,29,29,0,3439.0,118.59,0.1,1.31,1265.0,43.62,38.66,88.62,89.52,19.37,3.93,7.07,10.03,0.28,0.28,33.48,8.62,6.83,24.55,8.9,7.31,82.17,81.39,0.69,0.07,5.24,1.21,57.14,0.69,5.83
1194,Jupiler Pro League (BE),126121,Mateo Biondić,M. Biondić,2003-07-24,55.54,16.13,13.85,15,15,0,469.0,31.27,0.07,0.93,144.0,9.6,6.8,70.83,74.46,11.34,0.27,3.67,1.07,0.47,0.33,1.07,0.4,0.13,12.47,4.0,2.53,63.33,69.39,0.53,0.0,11.47,3.27,51.02,1.67,3.07
1194,Jupiler Pro League (BE),127870,Mihajlo Ilić,M. Ilić,2003-06-04,85.73,23.22,21.79,10,10,0,1100.0,110.0,0.0,0.3,380.0,38.0,32.8,86.32,90.35,18.51,3.2,6.7,8.3,0.1,0.3,25.5,7.1,5.4,14.9,5.7,4.3,75.44,77.68,0.0,0.0,4.2,1.1,18.18,0.2,4.7
1194,Jupiler Pro League (BE),151020,Takahiro Akimoto,T. Akimoto,1998-01-31,96.24,23.22,25.6,30,29,1,2363.0,81.48,0.1,1.21,834.0,28.76,22.72,79.02,83.37,16.46,2.07,6.41,5.76,0.24,0.31,17.48,4.28,3.1,20.48,6.9,5.07,73.5,74.39,0.52,0.07,11.31,2.76,37.5,1.03,6.34
1194,Jupiler Pro League (BE),151024,Atsuki Ito,A. Ito,1998-08-11,79.7,21.44,22.62,30,28,2,2389.0,85.32,0.32,2.21,800.0,28.57,24.04,84.12,85.82,15.97,1.5,8.43,5.46,0.79,1.0,11.86,2.68,1.89,20.36,7.54,6.36,84.36,79.83,1.29,0.18,15.75,3.71,68.27,2.54,4.82
1194,Jupiler Pro League (BE),151337,Bas Langenbick,B. Langenbick,2003-02-13,95.16,25.58,21.6,1,1,0,32.0,32.0,0.0,0.0,18.0,18.0,14.0,77.78,94.01,17.87,1.0,9.0,2.0,0.0,0.0,7.0,2.0,1.0,8.0,3.0,2.0,66.67,92.64,0.0,0.0,0.0,0.0,,0.0,0.0
1194,Jupiler Pro League (BE),151550,Mukhammadali O'rinboyev,M. O'rinboyev,2005-04-24,31.75,10.36,4.74,5,5,0,244.0,48.8,0.0,0.6,62.0,12.4,9.0,72.58,82.44,19.84,2.0,2.0,1.8,0.0,0.4,4.4,0.8,0.4,11.6,3.2,2.4,75.0,83.01,0.2,0.0,12.0,2.8,28.57,0.8,3.4
1194,Jupiler Pro League (BE),157294,Ryan Graham Pun Teague,R. Teague,2002-01-24,17.71,3.58,4.32,5,5,0,60.0,12.0,0.0,0.2,22.0,4.4,3.8,86.36,82.0,12.74,0.0,2.0,0.8,0.0,0.2,1.0,0.2,0.2,2.0,0.6,0.6,100.0,94.06,0.0,0.0,1.0,0.4,50.0,0.2,0.6
1194,Jupiler Pro League (BE),160758,Momodou Lamin Sonko,M. Sonko,2005-01-31,34.97,9.83,9.33,28,26,2,1213.0,46.65,0.19,1.23,330.0,12.69,10.54,83.03,81.43,14.56,0.42,2.62,2.08,0.23,0.19,3.08,0.65,0.42,17.5,4.54,3.42,75.42,75.3,0.54,0.12,17.15,3.0,66.67,2.0,2.73
1194,Jupiler Pro League (BE),163031,Andrés Martín Ferrari Malviera,A. Ferrari,2003-01-03,49.29,13.42,12.36,20,20,0,466.0,23.3,0.05,0.35,93.0,4.65,3.5,75.27,80.37,15.45,0.45,1.3,0.45,0.25,0.05,0.95,0.0,0.0,8.15,1.9,1.45,76.32,71.74,0.35,0.05,8.2,1.2,58.33,0.7,0.9
1194,Jupiler Pro League (BE),163342,Yacine Titraoui,Y. Titraoui,2003-07-26,91.09,23.71,24.52,35,35,0,5375.0,153.57,0.23,2.77,1537.0,43.91,37.34,85.04,86.58,18.16,4.69,10.23,7.11,0.51,0.86,21.91,5.77,4.63,32.89,11.14,8.6,77.18,78.22,1.31,0.14,22.14,4.91,57.56,2.83,6.57
1194,Jupiler Pro League (BE),163721,Andri Lucas Gudjohnsen,A. Gudjohnsen,2002-01-29,8.3,2.4,1.4,2,2,0,5.0,2.5,0.0,0.5,1.0,0.5,0.5,100.0,87.84,4.71,0.0,0.0,0.5,0.0,0.5,0.0,0.0,0.0,0.5,0.5,0.5,100.0,87.84,0.5,0.0,1.0,0.5,100.0,0.5,0.0
1194,Jupiler Pro League (BE),166771,Jason van Duiven,J. van Duiven,2005-02-24,65.48,16.1,20.0,2,2,0,73.0,36.5,0.0,0.5,26.0,13.0,9.0,69.23,76.72,12.25,0.5,6.0,3.0,0.5,0.5,1.0,0.0,0.0,11.5,5.5,4.5,81.82,75.32,0.5,0.0,6.0,2.5,40.0,1.0,2.5
1194,Jupiler Pro League (BE),166798,Rosen Bozhinov,R. Bozhinov,2005-01-23,88.66,22.2,24.43,16,16,0,1655.0,103.44,0.06,0.56,677.0,42.31,38.88,91.88,94.04,18.84,2.5,6.38,11.06,0.31,0.0,20.44,4.19,2.88,9.88,3.75,3.56,95.0,90.7,0.12,0.06,1.5,0.38,50.0,0.19,3.19
1194,Jupiler Pro League (BE),167038,Adnane Abid,A. Abid,2003-08-23,67.93,16.43,19.16,34,34,0,2476.0,72.82,0.21,2.26,715.0,21.03,16.5,78.46,77.87,14.25,0.76,4.29,3.88,0.56,0.65,5.74,1.65,1.18,25.38,8.74,6.53,74.75,71.01,1.41,0.21,20.35,5.44,57.84,3.15,5.85
1194,Jupiler Pro League (BE),167040,Kamiel Van De Perre,K. Van De Perre,2004-02-12,80.12,21.31,20.26,30,30,0,2849.0,94.97,0.17,0.97,872.0,29.07,24.9,85.67,87.62,15.81,2.13,8.63,6.6,0.27,0.4,13.63,3.23,2.3,12.53,4.53,3.4,75.0,77.32,0.43,0.07,6.9,1.47,45.45,0.67,3.97
1194,Jupiler Pro League (BE),167046,Raf Smekens,R. Smekens,2004-01-29,50.9,16.54,8.36,1,1,0,73.0,73.0,0.0,1.0,27.0,27.0,22.0,81.48,83.05,16.7,1.0,5.0,9.0,1.0,0.0,18.0,5.0,4.0,13.0,9.0,7.0,77.78,85.33,0.0,0.0,5.0,2.0,50.0,1.0,7.0
1194,Jupiler Pro League (BE),167144,Martin Delavallée,M. Delavallée,2004-03-18,99.88,26.0,26.54,21,21,0,1345.0,64.05,0.0,0.1,422.0,20.1,15.0,74.64,82.11,29.9,5.86,2.9,2.05,0.0,0.0,25.48,7.24,3.62,13.1,3.81,3.43,90.0,89.42,0.05,0.0,0.0,0.0,,0.0,2.9
1194,Jupiler Pro League (BE),167149,Kyan Vaesen,K. Vaesen,2001-04-13,32.66,8.08,8.57,31,30,1,356.0,11.87,0.03,0.47,123.0,4.1,2.83,69.11,73.09,13.26,0.2,1.87,0.6,0.43,0.13,0.37,0.1,0.03,4.9,1.8,1.17,64.81,71.92,0.27,0.03,4.43,1.13,64.71,0.73,1.23
1194,Jupiler Pro League (BE),167152,Fernand Gouré Bi Irié,Fernand Goure,2002-04-12,19.0,3.96,5.35,13,12,1,120.0,10.0,0.0,0.17,34.0,2.83,2.17,76.47,78.35,10.58,0.08,1.17,0.58,0.17,0.0,0.17,0.0,0.0,2.67,0.58,0.42,71.43,77.78,0.0,0.0,2.17,0.33,50.0,0.17,0.5
1194,Jupiler Pro League (BE),167164,Liongola Jordi,L. Jordi,2000-05-17,92.32,20.56,26.92,31,31,0,2604.0,84.0,0.06,1.16,705.0,22.74,15.39,67.66,70.37,16.52,1.77,4.45,3.29,0.84,0.58,9.23,2.52,1.65,28.81,8.9,5.29,59.42,61.7,0.52,0.1,23.03,5.48,32.94,1.81,9.39
1194,Jupiler Pro League (BE),167175,Rafik Belghali,R. Belghali,2002-06-07,89.68,22.25,29.05,3,3,0,434.0,144.67,0.33,1.67,131.0,43.67,37.0,84.73,86.57,17.01,3.33,7.0,8.67,0.33,0.0,38.33,13.67,10.0,28.0,11.33,9.0,79.41,77.15,1.0,0.0,10.33,2.0,66.67,1.33,7.0
1194,Jupiler Pro League (BE),167195,Zakaria El Ouahdi,Z. El Ouahdi,2001-12-31,96.29,30.14,23.97,34,33,1,4377.0,132.64,0.27,3.0,1424.0,43.15,36.7,85.04,85.34,15.96,2.48,6.88,7.7,0.97,0.7,21.82,5.55,4.52,35.85,11.94,9.76,81.73,76.77,1.45,0.15,24.88,5.3,54.86,2.91,7.94
1194,Jupiler Pro League (BE),170728,Serxho Ujka,S. Ujka,1998-08-27,46.82,11.15,12.74,15,15,0,759.0,50.6,0.33,0.73,197.0,13.13,10.0,76.14,82.74,15.48,0.73,3.27,2.53,0.47,0.4,4.13,0.47,0.2,10.2,2.73,1.8,65.85,73.46,0.27,0.13,8.53,2.27,38.24,0.87,2.8
1194,Jupiler Pro League (BE),174310,Nikolas Sattlberger,N. Sattlberger,2004-01-18,48.82,15.64,12.0,25,25,0,1407.0,56.28,0.08,0.64,515.0,20.6,17.88,86.8,89.61,15.51,0.92,6.12,5.0,0.36,0.2,10.36,3.04,2.32,7.84,2.76,2.24,81.16,80.01,0.24,0.0,3.64,0.96,62.5,0.6,2.36
1194,Jupiler Pro League (BE),174343,Niels Devalckeneer,N. Devalckeneer,2004-05-17,96.13,25.15,27.44,1,1,0,48.0,48.0,0.0,0.0,16.0,16.0,8.0,50.0,66.01,28.87,3.0,7.0,0.0,0.0,0.0,28.0,11.0,3.0,6.0,0.0,0.0,,,0.0,0.0,0.0,0.0,,0.0,7.0
1194,Jupiler Pro League (BE),174380,Besfort Zeneli,B. Zeneli,2002-11-21,55.6,15.99,14.21,15,15,0,927.0,61.8,0.2,1.2,289.0,19.27,15.8,82.01,82.99,13.13,0.53,5.07,3.93,0.6,0.8,5.33,1.0,0.87,15.67,5.0,3.4,68.0,76.67,0.47,0.0,15.8,4.0,53.33,2.13,4.0
1194,Jupiler Pro League (BE),174790,Mohamed Salah El Boukammiri,M. El Boukammiri,2004-05-27,34.38,6.3,8.18,2,2,0,66.0,33.0,0.5,0.5,17.0,8.5,6.0,70.59,71.5,13.37,0.0,2.0,1.5,0.0,0.0,1.5,0.5,0.0,10.0,2.0,1.5,75.0,67.13,0.5,0.5,8.0,1.5,33.33,0.5,3.0
1194,Jupiler Pro League (BE),174792,Massimo Decoene,M. Decoene,2004-02-11,36.23,7.8,10.16,8,8,0,274.0,34.25,0.0,0.25,97.0,12.12,9.75,80.42,84.59,17.0,0.75,3.12,3.0,0.12,0.0,7.75,2.88,2.0,8.12,3.62,3.38,93.1,82.75,0.25,0.0,2.75,0.5,100.0,0.5,2.12
1194,Jupiler Pro League (BE),174793,Nachon Nsingi,N. Nsingi,2001-04-24,24.64,5.86,5.42,16,16,0,176.0,11.0,0.0,0.31,52.0,3.25,2.06,63.46,70.27,13.01,0.06,0.75,0.62,0.0,0.12,0.25,0.12,0.0,3.94,1.25,0.62,50.0,59.83,0.19,0.0,3.5,0.94,46.67,0.44,1.25
1194,Jupiler Pro League (BE),175257,Jérémy Pétris,J. Pétris,1998-01-28,83.44,21.34,20.47,5,5,0,543.0,108.6,0.0,1.4,157.0,31.4,24.0,76.43,79.55,19.14,3.6,4.2,4.0,1.2,0.4,21.2,3.2,1.8,38.2,11.0,7.2,65.45,68.35,0.6,0.0,18.0,5.2,38.46,2.0,8.8
1194,Jupiler Pro League (BE),176456,Matte Smets,M. Smets,2004-01-04,99.22,31.67,24.19,39,38,1,6614.0,174.05,0.18,1.37,2628.0,69.16,63.03,91.14,93.57,20.77,7.58,10.42,17.45,0.24,0.26,45.61,9.89,7.58,17.08,7.11,6.16,86.67,86.2,0.18,0.03,4.61,1.24,44.68,0.55,5.42
1194,Jupiler Pro League (BE),176739,Yaimar Abel Medina Ortiz,Y. Medina,2004-11-05,62.94,20.39,15.66,27,26,1,2504.0,96.31,0.15,1.65,862.0,33.15,27.5,82.95,85.5,14.5,1.23,5.08,9.12,0.38,0.62,23.5,6.04,4.54,23.54,8.31,6.12,73.61,72.55,0.65,0.0,13.46,2.96,42.86,1.27,6.08
1194,Jupiler Pro League (BE),178743,Adrián José Palacios Hernández,A. Palacios,2004-06-07,31.51,10.44,7.54,11,11,0,581.0,52.82,0.09,0.55,210.0,19.09,16.27,85.24,89.92,14.8,1.0,3.82,5.27,0.18,0.27,15.0,3.91,3.09,10.55,3.45,3.0,86.84,87.7,0.09,0.0,5.27,1.09,33.33,0.36,1.82
1194,Jupiler Pro League (BE),178840,Mohammed Gadaf Fuseini,M. Fuseini,2002-05-16,33.12,9.24,7.22,21,21,0,364.0,17.33,0.1,0.62,96.0,4.57,3.48,76.04,74.35,12.27,0.29,1.86,0.52,0.62,0.14,0.38,0.0,0.0,7.33,2.14,1.48,68.89,70.13,0.48,0.1,8.81,1.86,69.23,1.29,1.52
1194,Jupiler Pro League (BE),179276,Etienne Camara,E. Camara,2003-03-30,85.89,22.52,23.59,38,38,0,4485.0,118.03,0.21,1.37,1376.0,36.21,32.37,89.39,90.84,17.15,3.08,8.53,10.03,0.5,0.42,18.45,3.92,3.29,14.97,5.26,4.55,86.5,84.81,0.34,0.03,7.11,1.5,57.9,0.87,3.26
1194,Jupiler Pro League (BE),179508,Steve Ngoura,S. Ngoura,2005-02-22,65.76,15.54,17.07,34,34,0,1358.0,39.94,0.21,1.09,320.0,9.41,6.44,68.44,69.87,11.07,0.15,3.0,1.38,0.76,0.32,0.59,0.12,0.03,18.68,4.18,2.59,61.97,65.12,0.68,0.18,17.62,3.26,54.95,1.79,3.5
1194,Jupiler Pro League (BE),180411,Yasin Özcan,Y. Özcan,2006-04-20,38.31,8.6,9.9,4,4,0,132.0,33.0,0.0,0.25,53.0,13.25,10.25,77.36,86.8,16.97,1.0,3.0,2.25,0.0,0.25,11.0,3.5,2.75,6.0,2.25,2.0,88.89,84.9,0.0,0.0,2.25,0.75,100.0,0.75,1.75
1194,Jupiler Pro League (BE),180745,Tochukwu Nnadi,T. Nnadi,2003-06-30,85.97,22.89,24.97,18,18,0,2199.0,122.17,0.11,0.67,698.0,38.78,34.67,89.4,90.62,18.24,3.17,8.11,10.33,0.11,0.39,19.39,5.39,4.22,13.33,5.33,4.06,76.04,78.97,0.22,0.0,6.5,1.61,55.17,0.89,3.89
1194,Jupiler Pro League (BE),180863,Stavros Gavriel,S. Gavriel,2002-01-29,35.1,9.67,9.76,22,21,1,631.0,30.05,0.1,0.95,172.0,8.19,5.95,72.67,76.09,16.34,0.52,1.76,1.19,0.29,0.52,1.71,0.29,0.14,12.71,3.1,2.1,67.69,70.08,0.52,0.1,9.48,2.33,59.18,1.38,2.48
1194,Jupiler Pro League (BE),181063,Jakob Napoleon Romsaas,J. Romsaas,2004-05-16,53.27,14.69,13.43,37,37,0,1790.0,48.38,0.16,1.35,559.0,15.11,12.89,85.33,83.67,13.38,0.59,4.73,3.08,0.76,0.43,4.05,0.95,0.81,12.05,3.89,3.16,81.25,77.24,0.62,0.08,10.89,2.62,65.98,1.73,2.41
1194,Jupiler Pro League (BE),182529,Parfait Guiagon,P. Guiagon,2001-02-22,83.38,22.17,21.74,33,33,0,3918.0,118.73,0.48,3.18,1013.0,30.7,26.06,84.9,83.25,14.18,1.58,6.39,5.24,0.76,0.94,9.06,2.3,1.88,37.24,9.91,7.97,80.43,77.78,1.3,0.33,36.67,6.91,66.67,4.61,5.85
1194,Jupiler Pro League (BE),223843,Mauricio Leonel Benítez,M. Benítez,2004-02-03,62.87,16.22,16.82,27,27,0,2041.0,75.59,0.04,1.11,684.0,25.33,21.56,85.09,86.08,16.25,1.63,8.41,4.81,0.63,0.3,11.59,3.41,2.59,11.52,5.0,3.85,77.04,79.4,0.26,0.0,7.11,2.19,47.46,1.04,3.74
1194,Jupiler Pro League (BE),254432,Seiji Kimura,S. Kimura,2001-08-24,96.23,25.17,26.12,20,20,0,2431.0,121.55,0.05,0.65,929.0,46.45,41.65,89.67,91.87,17.71,3.6,7.95,11.8,0.05,0.05,31.05,8.05,5.8,14.5,5.2,3.75,72.12,76.74,0.1,0.0,2.55,0.6,58.33,0.35,4.85
1194,Jupiler Pro League (BE),254480,Taiga Hata,T. Hata,2002-01-20,83.48,24.83,21.52,32,31,1,2914.0,94.0,0.19,1.32,1098.0,35.42,29.16,82.33,84.49,15.4,1.48,7.26,9.29,0.9,0.55,23.1,6.06,4.74,31.03,11.71,9.13,77.96,76.84,0.61,0.16,11.48,3.0,37.63,1.13,6.94
1194,Jupiler Pro League (BE),254506,Isa Sakamoto,I. Sakamoto,2003-08-26,83.34,22.19,22.47,37,35,2,2525.0,72.14,0.11,1.8,737.0,21.06,18.06,85.75,84.59,13.04,0.49,4.6,3.66,0.69,0.54,4.77,0.8,0.6,22.77,6.74,5.51,81.78,75.98,0.86,0.11,18.8,4.0,69.29,2.77,3.11
1194,Jupiler Pro League (BE),291473,Rihito Yamamoto,R. Yamamoto,2001-12-12,95.25,28.37,23.95,38,36,2,3919.0,108.86,0.33,2.69,1231.0,34.19,29.33,85.78,83.88,14.09,1.11,10.92,8.36,1.14,1.19,14.06,3.89,3.14,25.78,9.17,7.42,80.91,74.79,0.97,0.19,22.53,5.33,67.71,3.61,6.11
1194,Jupiler Pro League (BE),292858,Aleksandar Stanković,A. Stanković,2005-08-03,88.22,27.68,20.88,39,38,1,4611.0,121.34,0.24,1.87,1571.0,41.34,35.92,86.89,88.24,16.3,2.5,11.32,10.58,0.89,1.11,18.26,4.32,3.34,13.87,5.32,4.16,78.22,73.56,0.71,0.08,13.87,3.42,64.62,2.21,5.61
1194,Jupiler Pro League (BE),301578,Josimar Angelo Alcócer McCook,J. Alcócer,2004-07-07,83.69,21.55,22.91,34,32,2,2389.0,74.66,0.16,1.88,685.0,21.41,17.78,83.07,82.74,13.54,0.81,3.72,3.66,0.53,0.47,6.09,1.09,0.81,24.41,6.56,5.09,77.62,72.93,0.91,0.12,21.16,4.47,60.84,2.72,4.72
1194,Jupiler Pro League (BE),311623,Lawrence Agyekum,L. Agyekum,2003-11-23,69.85,15.85,19.13,29,29,0,1708.0,58.9,0.07,1.31,463.0,15.97,12.03,75.38,74.96,14.42,0.62,4.14,3.55,0.86,0.69,4.59,0.76,0.62,16.24,4.69,3.07,65.44,66.14,0.66,0.03,14.24,3.48,53.47,1.86,5.17
1194,Jupiler Pro League (BE),324070,Jovan  Mijatović,J. Mijatović,2005-07-11,55.7,12.98,15.14,14,14,0,480.0,34.29,0.07,0.86,140.0,10.0,6.36,63.57,69.28,17.52,1.0,4.0,1.5,0.86,0.43,2.79,1.0,0.36,12.29,4.21,2.71,64.41,67.94,0.5,0.07,9.07,2.64,54.05,1.43,3.43
1194,Jupiler Pro League (BE),365771,Carlos Roberto Forbs Borges,Carlos Forbs,2004-03-19,81.12,26.45,19.0,37,36,1,3590.0,99.72,0.75,3.86,1062.0,29.5,23.67,80.23,76.58,13.23,0.56,4.06,3.64,0.75,0.28,5.94,1.67,1.17,41.33,12.17,9.28,76.26,68.92,1.97,0.47,36.06,8.17,61.23,5.0,8.33
1194,Jupiler Pro League (BE),365801,Darío  Benavides Fuentes,Darío Benavides,2003-01-12,53.17,12.27,15.82,20,20,0,816.0,40.8,0.05,0.8,263.0,13.15,10.1,76.81,75.32,14.27,0.55,2.7,2.95,0.4,0.4,5.1,1.5,0.95,12.65,4.45,3.25,73.04,66.28,0.4,0.05,9.35,2.55,50.98,1.3,4.05
1194,Jupiler Pro League (BE),379646,Hyeon-Gyu Oh,Oh Hyeon-Gyu,2001-04-12,59.41,19.9,13.12,20,19,1,587.0,30.89,0.16,0.95,159.0,8.37,6.58,78.62,79.16,13.15,0.37,2.95,1.16,0.63,0.37,0.63,0.11,0.05,12.84,3.32,2.37,71.43,70.37,0.68,0.21,12.0,2.42,65.22,1.58,1.95
1194,Jupiler Pro League (BE),395554,Justin Heekeren,J. Heekeren,2000-11-27,97.71,26.11,25.11,2,2,0,164.0,82.0,0.0,0.0,44.0,22.0,18.5,84.09,89.39,25.89,5.0,1.5,4.0,0.0,0.0,30.0,6.0,3.0,15.0,3.0,3.0,100.0,91.41,0.0,0.0,0.0,0.0,,0.0,1.0
1194,Jupiler Pro League (BE),433078,Kevin José Rodríguez Cortéz,K. Rodríguez,2000-03-04,63.35,17.45,15.52,31,31,0,1375.0,44.35,0.16,1.26,366.0,11.81,9.1,77.05,78.05,11.62,0.29,3.45,1.94,0.61,0.42,0.97,0.19,0.16,18.32,4.48,3.23,71.94,73.31,0.61,0.06,15.94,3.03,64.89,1.97,2.84
1194,Jupiler Pro League (BE),441642,Tristan Danique van den Heuvel,D. van den Heuvel,2003-05-28,86.03,25.47,21.31,10,10,0,665.0,66.5,0.0,0.0,232.0,23.2,18.6,80.17,86.82,21.54,3.1,4.4,3.2,0.0,0.0,24.8,5.1,2.7,12.5,4.3,3.9,90.7,94.85,0.1,0.0,0.0,0.0,,0.0,2.7
1194,Jupiler Pro League (BE),483331,Léandre Filipe Kuavita,L. Kuavita,2004-05-31,31.02,5.55,9.65,13,13,0,224.0,17.23,0.15,0.31,71.0,5.46,4.0,73.24,76.15,12.39,0.08,1.31,1.23,0.23,0.23,1.31,0.69,0.38,4.77,2.0,1.46,73.08,77.56,0.31,0.15,3.85,1.08,50.0,0.54,1.77
1194,Jupiler Pro League (BE),501968,Aimé Omgba,A. Omgba,2002-10-22,26.61,7.18,6.27,20,19,1,653.0,34.37,0.21,0.89,216.0,11.37,10.32,90.74,87.61,15.59,0.63,3.05,1.95,0.47,0.26,3.05,0.58,0.32,7.74,2.63,2.11,80.0,83.86,0.32,0.16,6.68,1.63,77.42,1.26,1.42
1194,Jupiler Pro League (BE),503424,Bill Antonio,B. Antonio,2002-09-03,41.32,10.31,9.96,33,32,1,1015.0,31.72,0.12,0.72,295.0,9.22,6.16,66.78,68.86,12.55,0.12,2.25,1.69,0.5,0.31,2.44,0.62,0.41,14.16,4.09,2.62,64.12,64.36,0.44,0.06,11.25,3.06,45.92,1.41,3.72
1194,Jupiler Pro League (BE),503425,Bilal Bafdili,B. Bafdili,2004-08-03,50.59,12.61,13.96,19,19,0,900.0,47.37,0.11,1.11,275.0,14.47,11.95,82.55,81.05,14.56,0.89,3.95,3.21,0.58,0.47,4.47,1.21,1.05,13.84,5.63,4.37,77.57,72.68,0.74,0.05,8.63,2.42,67.39,1.63,3.32
1194,Jupiler Pro League (BE),507777,Tobias Hedl,T. Hedl,2003-01-15,35.92,7.9,10.13,11,11,0,200.0,18.18,0.0,0.36,56.0,5.09,3.36,66.07,70.38,13.16,0.18,2.18,0.82,0.27,0.18,0.36,0.18,0.09,7.64,2.27,1.64,72.0,61.46,0.09,0.0,6.45,1.18,53.84,0.64,1.91
1194,Jupiler Pro League (BE),507805,Oluwaseun Adewumi,O. Adewumi,2005-02-23,55.28,12.99,14.64,32,32,0,1042.0,32.56,0.06,0.72,277.0,8.66,5.88,67.87,73.52,11.31,0.03,2.22,1.44,0.59,0.41,0.78,0.16,0.09,13.44,3.47,2.06,59.46,67.26,0.34,0.06,14.28,2.81,44.44,1.25,2.5
1194,Jupiler Pro League (BE),514530,Anan Khalaili,A. Khalaili,2004-09-03,87.84,24.54,22.02,38,38,0,4575.0,120.39,0.26,2.5,1425.0,37.5,29.45,78.53,79.04,16.71,2.82,9.68,6.95,1.16,0.61,16.16,4.21,2.76,35.89,10.89,7.47,68.6,67.45,1.21,0.13,23.82,5.45,46.38,2.53,10.0
1194,Jupiler Pro League (BE),514749,Arthur Piedfort,A. Piedfort,2005-02-01,88.87,23.04,24.47,35,33,2,3581.0,108.52,0.12,2.0,1182.0,35.82,29.64,82.74,85.12,14.09,1.06,9.42,7.21,0.97,0.85,16.3,4.7,3.61,19.15,7.36,5.52,74.9,72.27,0.67,0.03,13.42,4.0,54.54,2.18,6.82
1194,Jupiler Pro League (BE),521206,Max Dean,M. Dean,2004-02-21,56.66,13.8,16.84,23,22,1,693.0,31.5,0.09,0.91,188.0,8.55,6.18,72.34,73.76,14.53,0.32,3.5,1.82,0.64,0.64,0.82,0.27,0.09,13.95,3.91,2.86,73.26,71.57,0.59,0.14,11.59,2.45,55.56,1.36,2.82
1194,Jupiler Pro League (BE),550448,Cheick Keita,C. Keita,2003-04-02,94.2,24.72,25.67,40,40,0,3574.0,89.35,0.0,0.4,1302.0,32.55,29.75,91.4,94.01,17.94,1.62,3.9,4.33,0.07,0.0,21.75,4.4,3.42,14.38,5.12,4.7,91.71,91.18,0.12,0.0,2.2,0.42,52.94,0.23,2.23
1194,Jupiler Pro League (BE),560154,Edan Diop,E. Diop,2004-08-28,85.97,20.88,22.33,33,33,0,3647.0,110.52,0.27,3.27,1122.0,34.0,27.97,82.26,82.29,14.71,1.48,9.0,6.85,1.09,1.21,11.45,3.03,2.12,26.03,8.48,6.61,77.86,73.43,1.39,0.15,27.79,6.76,60.54,4.09,7.55
1194,Jupiler Pro League (BE),564770,Joaquin Seys,J. Seys,2005-03-28,82.66,26.19,19.79,39,38,1,4474.0,117.74,0.32,2.21,1589.0,41.82,36.84,88.11,88.29,15.4,1.21,8.16,9.34,0.84,0.74,22.79,5.45,4.55,25.71,9.03,7.63,84.55,80.08,0.87,0.18,16.39,3.68,58.57,2.16,6.05
1194,Jupiler Pro League (BE),564773,Sam De Grand,S. de Grand,2004-10-05,99.86,22.41,28.17,2,2,0,287.0,143.5,0.5,4.0,97.0,48.5,37.5,77.32,76.99,17.25,3.5,14.5,8.0,2.5,0.5,35.5,11.5,8.5,30.0,12.0,9.0,75.0,76.89,1.0,0.0,19.0,7.5,66.67,5.0,15.5
1194,Jupiler Pro League (BE),564774,Josue Ndenge Kongolo,J. Kongolo,2006-04-13,79.48,22.97,23.08,16,16,0,1634.0,102.12,0.06,1.06,627.0,39.19,36.0,91.87,93.9,18.22,2.19,4.38,11.56,0.12,0.12,27.62,6.25,5.25,14.69,5.31,4.44,83.53,87.73,0.12,0.0,5.25,1.06,76.47,0.81,2.44
1194,Jupiler Pro League (BE),564776,Thomas Claes,T. Claes,2004-03-26,88.8,23.47,25.49,34,33,1,3839.0,116.33,0.24,2.06,1159.0,35.12,30.64,87.23,86.81,16.55,2.7,9.18,7.45,0.64,0.76,15.45,3.79,2.82,19.39,6.42,5.12,79.72,78.01,0.7,0.09,18.64,3.67,59.5,2.18,5.21
1194,Jupiler Pro League (BE),564779,Joedrick Pupe,J. Pupe,1997-06-04,71.59,21.79,17.86,12,11,1,1272.0,115.64,0.0,1.91,422.0,38.36,31.91,83.18,84.77,17.22,3.09,7.27,8.45,1.0,0.45,33.27,8.73,6.91,25.91,7.64,6.0,78.57,74.22,0.36,0.0,13.82,3.27,36.11,1.18,7.91
1194,Jupiler Pro League (BE),564798,Kaye Furo tamuno iyowuna,K. Furo,2007-02-06,27.1,7.18,4.5,5,5,0,55.0,11.0,0.0,1.2,21.0,4.2,2.4,57.14,60.15,9.63,0.0,2.0,0.8,1.4,0.4,0.2,0.2,0.2,5.2,2.6,1.4,53.85,57.7,0.8,0.0,6.2,2.6,61.54,1.6,2.6
1194,Jupiler Pro League (BE),569965,Amine Boukamir,A. Boukamir,2006-10-23,69.73,18.56,18.94,7,7,0,551.0,78.71,0.29,1.14,181.0,25.86,23.14,89.5,90.7,16.89,2.29,6.29,5.71,0.14,0.0,10.71,2.0,1.71,10.29,5.0,4.43,88.57,86.64,0.71,0.29,4.0,0.86,50.0,0.43,2.57
1194,Jupiler Pro League (BE),569966,Davis Opoku,D. Opoku,2007-10-29,48.32,11.13,13.06,21,20,1,797.0,39.85,0.25,0.7,254.0,12.7,10.15,79.92,81.66,16.0,1.05,2.4,2.45,0.05,0.2,7.1,1.75,1.15,11.7,3.75,2.8,74.66,73.22,0.2,0.1,6.15,1.35,48.15,0.65,2.65
1194,Jupiler Pro League (BE),574567,Nathan-Dylan Saliba,N. Saliba,2004-02-07,74.24,19.51,18.51,34,33,1,2954.0,89.52,0.24,1.85,910.0,27.58,23.15,83.96,83.19,15.48,1.58,9.58,6.61,0.76,0.94,12.76,3.45,2.45,16.76,6.24,4.58,73.3,72.97,0.76,0.06,15.27,3.76,69.36,2.61,4.94
1194,Jupiler Pro League (BE),579710,Gerard Vandeplas,G. Vandeplas,2006-02-25,31.89,8.16,8.22,19,18,1,286.0,15.89,0.06,0.39,78.0,4.33,3.17,73.08,78.37,11.06,0.06,1.17,1.0,0.28,0.39,0.28,0.0,0.0,7.0,2.0,1.44,72.22,74.75,0.33,0.06,5.17,1.11,50.0,0.56,1.22
1194,Jupiler Pro League (BE),583483,Nikola Mituljikić,N. Mituljikić,2003-01-20,27.15,9.63,5.37,2,2,0,58.0,29.0,0.0,0.5,14.0,7.0,7.0,100.0,97.89,13.31,0.0,1.0,0.0,0.0,0.0,2.5,0.0,0.0,6.0,0.0,0.0,,,0.0,0.0,5.5,0.5,100.0,0.5,0.0
1194,Jupiler Pro League (BE),584972,Ibrahima Sory Bangoura,I. Bangoura,2004-01-05,59.59,17.19,15.55,28,27,1,1730.0,64.07,0.11,1.22,546.0,20.22,18.37,90.84,91.88,16.12,1.19,4.52,4.89,0.07,0.04,8.7,1.59,1.37,6.41,2.93,2.67,91.14,84.92,0.44,0.07,4.44,0.85,78.26,0.67,1.52
1194,Jupiler Pro League (BE),584974,Nils De Wilde,N. De Wilde,2003-01-27,16.07,3.65,3.58,10,10,0,126.0,12.6,0.0,0.2,46.0,4.6,3.2,69.56,75.93,14.54,0.3,2.1,1.0,0.5,0.1,0.4,0.0,0.0,2.9,0.9,0.6,66.67,63.65,0.0,0.0,2.9,1.0,60.0,0.6,1.7
1194,Jupiler Pro League (BE),584976,Amando Lapage,A. Lapage,2004-11-08,85.91,23.2,22.67,16,15,1,1894.0,126.27,0.07,0.8,725.0,48.33,42.6,88.14,90.24,20.06,5.73,10.4,9.8,0.13,0.2,30.07,8.2,5.73,15.33,6.87,5.33,77.67,76.82,0.2,0.0,3.73,1.07,37.5,0.4,6.13
1194,Jupiler Pro League (BE),584981,Ali Maamar,A. Maamar,2005-03-23,62.8,17.33,15.14,25,23,2,1959.0,85.17,0.13,1.43,622.0,27.04,21.0,77.65,81.28,14.22,0.83,4.57,5.48,0.52,0.43,14.39,3.48,2.65,22.78,7.52,5.74,76.3,74.99,0.48,0.13,15.43,3.61,46.99,1.7,6.48
1194,Jupiler Pro League (BE),584982,Ilay Camara,I. Camara,2003-01-18,58.62,16.07,15.05,25,24,1,1864.0,77.67,0.17,1.79,606.0,25.25,20.96,83.0,81.67,13.88,0.75,6.12,4.67,0.75,0.71,10.71,2.75,2.04,24.33,7.38,6.04,81.92,75.06,0.96,0.12,15.88,3.88,58.06,2.25,5.25
1194,Jupiler Pro League (BE),586396,Charles Chukwubuikem Ikwuemesi,C. Ikwuemesi,2001-08-05,57.73,13.59,15.19,33,32,1,923.0,28.84,0.0,0.66,199.0,6.22,4.62,74.37,75.94,15.09,0.22,1.34,0.69,0.25,0.06,0.97,0.22,0.16,14.5,2.88,2.09,72.83,71.47,0.38,0.0,10.44,1.88,58.33,1.09,1.84
1194,Jupiler Pro League (BE),586540,Adriano Bertaccini,A. Bertaccini,2000-08-13,52.25,13.33,13.4,33,32,1,1128.0,35.25,0.06,0.81,316.0,9.88,7.03,71.2,75.33,13.23,0.44,2.84,1.34,0.41,0.41,2.28,0.5,0.31,12.59,3.81,2.59,68.03,68.62,0.34,0.06,11.0,2.66,49.41,1.31,3.03
1194,Jupiler Pro League (BE),590889,Thérence Koudou,T. Koudou,2004-12-13,90.43,23.92,23.47,37,36,1,4547.0,126.31,0.25,2.08,1401.0,38.92,30.89,79.37,79.86,15.67,1.97,5.75,8.47,0.56,0.86,19.44,5.25,3.58,45.75,15.94,11.5,72.13,69.92,1.39,0.17,21.44,5.33,42.71,2.28,10.83
1194,Jupiler Pro League (BE),593979,Freddy Situmona Mbemba,F. Mbemba,2002-12-16,13.59,3.75,2.81,2,2,0,51.0,25.5,0.0,1.0,14.0,7.0,4.5,64.29,83.3,13.96,0.0,1.0,0.0,0.0,0.0,4.5,1.0,0.5,7.5,2.5,2.5,100.0,91.18,0.0,0.0,6.0,1.0,0.0,0.0,1.5
1194,Jupiler Pro League (BE),599697,Gora Diouf,G. Diouf,2003-09-20,58.95,14.43,14.94,18,18,0,1239.0,68.83,0.06,0.5,465.0,25.83,21.94,84.95,88.33,19.85,3.33,5.11,6.72,0.06,0.06,20.61,6.56,5.28,9.33,4.11,3.33,81.08,81.64,0.06,0.0,1.94,0.5,22.22,0.11,3.94
1194,Jupiler Pro League (BE),606606,Taishi Brandon Nozawa,T. Nozawa,2002-12-25,97.98,25.74,24.95,30,29,1,1858.0,64.07,0.0,0.1,550.0,18.97,12.38,65.27,81.76,27.74,3.97,4.17,2.07,0.0,0.0,31.28,7.0,2.38,11.03,3.24,2.72,84.04,89.33,0.0,0.0,0.03,0.03,100.0,0.03,2.97
1194,Jupiler Pro League (BE),606626,Ayumu Yokoyama,A. Yokoyama,2003-03-04,53.16,15.67,14.19,9,9,0,674.0,74.89,0.11,2.89,185.0,20.56,16.44,80.0,76.03,14.48,0.78,3.33,3.33,0.22,0.33,4.0,1.33,1.0,22.78,6.22,4.56,73.21,65.52,1.0,0.0,30.78,6.56,66.1,4.33,7.0
1194,Jupiler Pro League (BE),606986,Ryotaro Ito,R. Ito,1998-02-06,86.88,26.19,21.81,35,33,2,4974.0,150.73,0.18,3.33,1467.0,44.45,38.3,86.16,85.48,15.5,2.61,13.24,8.79,1.3,1.58,22.97,6.0,4.82,35.58,11.94,9.42,78.93,74.24,1.55,0.15,30.15,6.97,66.09,4.61,7.09
1194,Jupiler Pro League (BE),630145,Aaron Le Forestier Banind Bibout,A. Bibout,2004-09-03,60.6,18.37,15.82,21,21,0,636.0,30.29,0.05,0.95,183.0,8.71,6.81,78.14,80.62,13.28,0.29,2.48,1.19,0.52,0.33,0.33,0.0,0.0,12.57,3.9,2.81,71.95,76.63,0.67,0.05,8.33,2.05,72.09,1.48,1.81
1194,Jupiler Pro League (BE),630682,Ousseynou Niang,O. Niang,2001-10-12,65.16,18.43,15.97,27,27,0,2141.0,79.3,0.22,1.11,587.0,21.74,16.89,77.68,81.71,15.86,1.07,3.07,3.0,0.26,0.26,7.26,1.81,1.11,25.37,7.26,5.07,69.9,72.65,0.48,0.11,20.48,4.26,40.87,1.74,5.81
1194,Jupiler Pro League (BE),634268,Samuel Kotto,S. Kotto,2003-09-03,67.01,19.96,17.82,8,8,0,860.0,107.5,0.0,0.38,354.0,44.25,40.12,90.68,94.89,19.29,2.62,7.12,12.38,0.0,0.12,21.75,4.62,2.75,12.5,5.25,4.5,85.71,88.46,0.0,0.0,2.0,0.62,40.0,0.25,2.75
1194,Jupiler Pro League (BE),635478,Wilguens Raphael Polynice Paugain,W. Paugain,2001-08-24,59.55,15.46,16.59,24,23,1,1419.0,61.7,0.17,1.17,473.0,20.57,16.48,80.13,84.13,15.17,1.09,4.3,4.43,0.43,0.35,11.39,2.87,2.26,18.09,5.43,4.13,76.0,76.72,0.52,0.04,8.96,2.0,39.13,0.78,3.91
1194,Jupiler Pro League (BE),637376,Maksim Kireev,M. Kireev,2004-07-09,25.27,6.44,5.17,13,12,1,416.0,34.67,0.0,0.58,101.0,8.42,6.5,77.23,76.7,14.56,0.17,0.92,1.25,0.0,0.17,4.75,1.17,0.75,11.25,3.42,2.92,85.37,76.39,0.33,0.0,7.83,1.92,60.87,1.17,2.42
1194,Jupiler Pro League (BE),639842,Moctar Diop,M. Diop,2005-01-06,15.47,3.06,4.0,3,3,0,11.0,3.67,0.0,0.0,2.0,0.67,0.33,50.0,71.56,10.84,0.0,0.33,0.0,0.33,0.0,0.0,0.0,0.0,2.0,0.33,0.0,0.0,44.08,0.0,0.0,1.67,0.33,0.0,0.0,0.33
1194,Jupiler Pro League (BE),644194,Konstantinos Karetsas,K. Karetsas,2007-11-19,71.36,22.75,17.61,34,33,1,3558.0,107.82,0.39,2.52,1001.0,30.33,24.39,80.42,78.03,15.11,1.76,6.73,5.06,0.88,1.06,10.12,2.45,1.7,31.73,10.3,7.42,72.06,68.25,1.09,0.24,32.03,7.21,57.98,4.18,8.52
1194,Jupiler Pro League (BE),644203,Mahamadou Diawara,M. Diawara,2005-02-17,52.7,14.4,15.1,8,8,0,533.0,66.62,0.12,0.5,137.0,17.12,16.0,93.43,92.31,18.31,2.12,4.12,2.62,0.12,0.0,9.38,0.88,0.75,7.38,2.5,2.25,90.0,82.05,0.25,0.12,5.62,0.62,60.0,0.38,1.25
1194,Jupiler Pro League (BE),644244,Raymond Asante,R. Asante,2004-05-27,14.51,5.27,2.67,2,2,0,42.0,21.0,0.0,0.5,11.0,5.5,3.5,63.64,81.16,13.63,0.5,0.5,0.0,0.0,0.0,1.0,0.5,0.0,9.0,1.0,1.0,100.0,74.28,0.0,0.0,10.0,1.5,33.33,0.5,1.5
1194,Jupiler Pro League (BE),644279,Clinton Nsiala-Makengo,C. Nsiala,2004-01-17,59.88,16.53,16.95,4,3,1,235.0,78.33,0.0,0.67,77.0,25.67,21.33,83.12,86.54,16.48,0.67,7.67,4.33,0.0,0.33,27.67,9.67,7.67,15.0,4.67,3.67,78.57,76.1,0.33,0.0,2.67,1.33,25.0,0.33,4.33
1194,Jupiler Pro League (BE),652408,Malick Mbaye,M. Mbaye,2004-04-06,16.24,3.42,3.58,6,6,0,84.0,14.0,0.0,0.5,16.0,2.67,2.0,75.0,73.38,12.68,0.0,0.33,0.5,0.17,0.0,0.17,0.0,0.0,3.0,0.17,0.17,100.0,78.58,0.0,0.0,5.0,0.33,50.0,0.17,1.17
1194,Jupiler Pro League (BE),663375,Charles Herrmann,C. Herrmann,2006-01-21,21.68,5.35,4.94,4,4,0,95.0,23.75,0.0,0.25,21.0,5.25,4.25,80.95,84.27,11.29,0.0,0.5,1.25,0.0,0.25,1.25,0.25,0.25,6.25,1.5,1.25,83.33,89.74,0.0,0.0,7.25,0.75,66.67,0.5,1.0
1194,Jupiler Pro League (BE),671635,Mihajlo  Cvetković,M. Cvetković,2007-01-10,61.36,16.47,14.72,29,28,1,918.0,32.79,0.11,1.14,257.0,9.18,7.29,79.38,80.58,13.78,0.32,2.54,1.79,0.71,0.29,0.96,0.21,0.14,14.07,3.89,3.25,83.49,77.06,0.75,0.04,10.75,2.32,70.77,1.64,1.93
1194,Jupiler Pro League (BE),676631,Mamadou Diakhon,M. Diakhon,2005-09-22,40.44,13.92,8.39,23,23,0,1291.0,56.13,0.3,1.39,332.0,14.43,12.09,83.74,85.2,15.29,0.65,1.22,1.48,0.0,0.09,4.52,0.57,0.48,19.26,3.52,2.61,74.07,75.48,0.43,0.17,20.57,2.87,50.0,1.43,2.3
1194,Jupiler Pro League (BE),698158,Benjamin Chiemela Fredrick,B. Fredrick,2005-05-28,66.75,17.46,19.77,14,14,0,932.0,66.57,0.0,0.71,334.0,23.86,19.79,82.93,84.73,14.59,0.86,6.64,4.93,0.29,0.21,10.86,2.79,1.29,15.79,5.86,4.36,74.39,73.01,0.29,0.0,5.93,1.57,50.0,0.79,4.36
1194,Jupiler Pro League (BE),698182,Oumar Diouf,O. Diouf,2003-05-15,17.85,4.95,3.72,16,14,2,62.0,4.43,0.0,0.07,12.0,0.86,0.71,83.33,86.44,9.16,0.0,0.21,0.07,0.07,0.0,0.14,0.0,0.0,1.71,0.43,0.36,83.33,89.75,0.07,0.0,1.79,0.14,50.0,0.07,0.07
1194,Jupiler Pro League (BE),716806,Lautaro López,L. López,2005-03-30,57.13,14.04,17.66,2,2,0,136.0,68.0,0.0,0.5,48.0,24.0,19.0,79.16,80.23,14.53,0.5,10.0,3.0,1.0,0.0,11.5,4.0,2.0,9.0,4.5,4.0,88.89,71.29,0.0,0.0,11.0,3.5,85.71,3.0,6.0
1194,Jupiler Pro League (BE),720124,Tristan Degreef,T. Degreef,2005-01-19,61.8,16.11,16.12,34,32,2,1794.0,56.06,0.19,1.34,526.0,16.44,12.62,76.81,77.31,12.26,0.34,4.81,2.59,0.69,0.5,5.38,1.41,0.81,18.03,5.12,3.47,67.68,69.83,0.44,0.06,14.03,3.12,52.0,1.62,4.88
1194,Jupiler Pro League (BE),726996,Enrique Lofolomo,E. Lofolomo,2000-04-14,65.23,16.49,18.58,22,21,1,1605.0,76.43,0.05,0.81,478.0,22.76,19.76,86.82,86.88,18.96,2.48,5.1,4.43,0.24,0.05,12.57,3.24,2.62,10.81,3.76,3.14,83.54,76.31,0.38,0.1,4.38,0.9,68.42,0.62,3.62
1194,Jupiler Pro League (BE),727063,Kaito Matsuzawa,K. Matsuzawa,2001-02-05,26.3,7.33,5.78,32,31,1,930.0,30.0,0.13,0.87,239.0,7.71,5.97,77.41,78.5,13.78,0.19,1.19,1.03,0.29,0.06,1.58,0.23,0.13,12.52,2.58,1.84,71.25,68.59,0.45,0.1,13.68,2.39,51.35,1.23,2.16
1194,Jupiler Pro League (BE),727116,Keisuke Goto,K. Goto,2005-06-03,82.11,25.02,21.04,38,36,2,1317.0,36.58,0.14,1.08,465.0,12.92,9.42,72.9,77.03,12.78,0.42,6.28,2.11,1.42,0.53,1.75,0.72,0.36,15.72,5.69,3.94,69.27,72.33,0.56,0.03,11.0,3.33,60.0,2.0,3.64
1194,Jupiler Pro League (BE),729187,Emran Gamal Marwan Soglo,E. Soglo,2005-07-11,64.23,18.59,16.79,18,17,1,1301.0,76.53,0.18,2.29,403.0,23.71,18.18,76.67,79.18,14.03,0.82,4.76,5.47,1.12,0.41,7.41,1.76,1.06,22.41,7.24,5.12,70.73,73.6,0.47,0.0,20.53,4.94,41.67,2.06,6.76
1194,Jupiler Pro League (BE),731477,Hélio Sandro  Oliveira Alves Varela,Hélio Varela,2002-05-03,57.7,18.51,13.5,3,3,0,267.0,89.0,0.0,1.67,70.0,23.33,17.33,74.28,79.75,13.6,0.67,4.0,3.67,1.0,0.0,11.0,1.0,0.67,31.67,7.0,4.67,66.67,75.15,0.33,0.0,31.0,5.0,26.67,1.33,6.0
1194,Jupiler Pro League (BE),737128,Henok Teklab,H. Teklab,1998-11-16,74.7,18.32,20.04,24,23,1,1737.0,75.52,0.13,1.78,530.0,23.04,18.87,81.89,80.94,15.62,1.22,3.78,5.0,0.39,0.22,8.91,1.74,1.26,22.65,6.7,5.22,77.92,71.35,0.96,0.04,17.61,3.91,53.33,2.09,5.74
1194,Jupiler Pro League (BE),737573,Marwan Al Sahafi,Marwan Al Sahafi,2004-02-17,60.41,16.05,15.99,24,23,1,963.0,41.87,0.04,1.17,279.0,12.13,9.57,78.85,79.77,14.89,0.78,2.3,1.91,0.13,0.13,2.09,0.35,0.26,15.3,4.17,3.04,72.92,69.83,0.61,0.0,13.26,2.48,71.93,1.78,2.96
1194,Jupiler Pro League (BE),740253,Shandre Campbell,S. Campbell,2005-07-15,14.9,4.35,2.81,11,11,0,248.0,22.55,0.09,0.73,60.0,5.45,4.09,75.0,78.3,17.67,0.55,0.27,0.91,0.18,0.18,1.82,0.36,0.27,8.18,2.18,1.45,66.67,66.67,0.36,0.09,9.27,1.73,42.11,0.73,1.55
1194,Jupiler Pro League (BE),743143,Desmond Acquah,D. Acquah,2002-07-23,30.04,7.67,8.26,13,13,0,409.0,31.46,0.08,0.77,125.0,9.62,6.92,72.0,80.65,13.68,0.23,2.23,2.15,0.0,0.54,3.0,1.0,0.77,7.69,3.08,2.0,65.0,75.56,0.38,0.08,6.69,1.54,45.0,0.69,2.15
1194,Jupiler Pro League (BE),748307,Matthias Pieklak,M. Pieklak,2006-09-14,99.86,22.41,28.17,2,2,0,132.0,66.0,0.0,0.0,38.0,19.0,14.5,76.32,85.45,27.06,4.0,7.0,1.5,0.0,0.0,30.5,6.0,2.5,7.5,2.5,2.5,100.0,91.86,0.0,0.0,0.0,0.0,,0.0,3.0
1194,Jupiler Pro League (BE),752458,Antonio José Cordero Campillo,Antonio Cordero,2006-11-14,20.22,6.19,4.07,6,6,0,86.0,14.33,0.0,0.17,27.0,4.5,3.17,70.37,76.09,13.94,0.17,1.33,0.33,0.17,0.17,0.83,0.33,0.17,6.5,1.5,1.0,66.67,65.38,0.0,0.0,5.83,0.83,20.0,0.17,1.17
1194,Jupiler Pro League (BE),758886,Argus Oscar Vanden Driessche,A. Vanden Driessche,2007-04-22,,,,1,0,1,,,,,,,,,,,,,,,,,,,,,,,,,,,,,,
1194,Jupiler Pro League (BE),760683,Luc rollet De Fougerolles,L. De Fougerolles,2005-10-12,66.33,16.93,18.27,28,28,0,2499.0,89.25,0.04,0.5,818.0,29.21,24.82,84.96,89.71,18.03,1.82,4.96,6.68,0.07,0.0,22.75,5.11,3.89,11.68,3.96,3.25,81.98,85.93,0.18,0.0,2.18,0.57,50.0,0.29,4.07
1194,Jupiler Pro League (BE),762385,Ignacio Ferri Julià,Nacho Ferri,2004-10-05,85.33,22.88,22.91,35,33,2,1143.0,34.64,0.09,1.12,294.0,8.91,6.06,68.03,71.51,12.48,0.24,3.58,1.24,0.82,0.52,1.36,0.45,0.24,15.67,4.0,2.64,65.91,67.64,0.7,0.06,13.76,2.97,55.1,1.64,3.27
1194,Jupiler Pro League (BE),769783,Franck Surdez,F. Surdez,2002-05-05,30.85,8.51,7.34,14,13,1,473.0,36.38,0.0,0.46,137.0,10.54,7.38,70.07,81.37,15.24,0.23,1.69,2.0,0.08,0.15,5.08,1.08,0.77,11.54,2.92,1.54,52.63,67.61,0.31,0.0,11.38,2.15,21.43,0.46,2.62
1194,Jupiler Pro League (BE),771972,Jeppe Erenbjerg,J. Erenbjerg,2000-04-29,85.34,23.48,23.83,34,33,1,3097.0,93.85,0.21,2.64,957.0,29.0,23.39,80.67,80.32,14.55,1.67,8.24,5.48,1.33,1.03,9.48,2.82,1.94,28.61,9.33,6.64,71.1,72.17,1.3,0.06,25.88,6.67,62.73,4.18,7.09
1194,Jupiler Pro League (BE),796791,Eran Tuypens,E. Tuypens,2005-12-07,42.93,12.23,10.31,8,8,0,457.0,57.12,0.25,1.25,153.0,19.12,16.25,84.97,87.72,15.85,0.62,2.0,4.5,0.12,0.12,11.62,2.12,1.62,17.75,6.88,5.75,83.64,79.12,1.0,0.25,7.62,1.75,57.14,1.0,2.75
1194,Jupiler Pro League (BE),798264,Yuto  Tsunashima,Y. Tsunashima,2000-08-15,88.11,23.82,22.2,34,33,1,4071.0,123.36,0.09,0.82,1415.0,42.88,37.48,87.42,91.35,19.35,3.7,7.33,6.55,0.03,0.06,31.94,6.48,4.97,18.64,6.52,5.33,81.86,82.51,0.21,0.0,3.27,0.82,51.85,0.42,4.48
1194,Jupiler Pro League (BE),799234,Ibrahim Kanate,I. Kanate,2006-10-23,24.43,6.82,5.53,19,18,1,512.0,28.44,0.0,0.5,132.0,7.33,5.17,70.45,79.01,12.33,0.0,1.33,0.89,0.17,0.28,1.61,0.28,0.11,10.0,2.94,1.83,62.26,71.58,0.22,0.0,10.28,1.72,29.03,0.5,1.5
1194,Jupiler Pro League (BE),800343,Hakim Sahabo,H. Sahabo,2005-06-16,49.14,11.1,13.38,14,14,0,835.0,59.64,0.14,0.86,253.0,18.07,15.57,86.17,89.19,17.55,1.29,4.36,4.14,0.29,0.21,7.21,2.29,1.79,7.0,2.14,1.86,86.67,85.4,0.0,0.0,5.93,1.0,57.14,0.57,2.64
1194,Jupiler Pro League (BE),801766,Robert-Jan Vanwesemael,R. Vanwesemael,2002-03-26,89.43,26.58,23.26,37,35,2,4702.0,134.34,0.17,2.26,1466.0,41.89,34.09,81.38,82.42,16.05,2.34,7.94,7.54,0.86,0.71,25.43,5.43,4.0,40.77,12.49,9.2,73.68,73.69,0.83,0.09,21.29,5.17,46.41,2.4,9.17
1194,Jupiler Pro League (BE),808969,Tibe De Vlieger,T. De Vlieger,2005-11-05,74.84,18.95,22.34,25,24,1,2142.0,89.25,0.04,1.67,684.0,28.5,24.96,87.57,88.08,16.76,2.12,6.12,6.33,0.33,0.33,13.21,2.83,2.25,14.67,4.75,3.92,82.46,78.84,0.62,0.0,9.5,1.79,48.84,0.88,3.79
1194,Jupiler Pro League (BE),808998,Abdoul Kader Ouattara,A. Ouattara,2005-05-26,36.07,8.52,10.05,3,3,0,87.0,29.0,0.0,1.33,16.0,5.33,4.67,87.5,73.93,15.68,0.33,0.67,1.0,0.0,0.0,1.0,0.0,0.0,10.67,2.33,2.33,100.0,59.19,1.0,0.0,10.0,0.67,100.0,0.67,2.0
1194,Jupiler Pro League (BE),809015,Mahamadou Doumbia,M. Doumbia,2004-05-15,95.52,24.18,25.87,6,6,0,790.0,131.67,0.33,2.83,169.0,28.17,25.67,91.13,86.87,18.17,3.5,3.17,4.33,0.17,0.67,22.67,4.83,4.33,26.33,6.83,6.0,87.81,76.4,1.0,0.17,21.67,3.33,80.0,2.67,3.67
1194,Jupiler Pro League (BE),809025,Matt Lendfers,M. Lendfers,2006-03-10,97.67,27.77,23.7,2,2,0,140.0,70.0,0.0,0.0,51.0,25.5,20.5,80.39,89.15,21.95,4.0,4.0,3.5,0.0,0.0,20.5,5.0,2.0,20.0,8.0,7.5,93.75,95.75,0.0,0.0,0.0,0.0,,0.0,1.0
1194,Jupiler Pro League (BE),809827,Erick Nunes Barbosa dos Santos,Erick,2004-02-29,25.61,6.13,6.16,15,15,0,316.0,21.07,0.2,0.47,100.0,6.67,4.47,67.0,70.95,12.47,0.07,1.27,1.13,0.6,0.33,2.53,0.67,0.53,6.53,2.07,1.4,67.74,70.94,0.2,0.13,7.2,2.33,42.86,1.0,2.53
1194,Jupiler Pro League (BE),810784,Ibrahima Makaya Diaby,I. Diaby,2007-03-17,44.52,10.31,11.28,26,26,0,1114.0,42.85,0.0,0.54,357.0,13.73,11.65,84.87,87.44,14.68,0.5,3.69,2.96,0.19,0.15,4.54,0.85,0.69,5.15,1.96,1.65,84.31,82.01,0.12,0.0,5.42,1.0,46.15,0.46,1.85
1194,Jupiler Pro League (BE),810927,Afonso Cruz Patrão ,Afonso Patrão,2007-02-03,25.36,6.44,6.2,11,11,0,170.0,15.45,0.0,0.27,48.0,4.36,3.36,77.08,80.13,10.77,0.0,0.91,1.0,0.18,0.18,0.73,0.18,0.09,5.45,1.55,0.82,52.94,67.19,0.18,0.0,5.82,1.36,46.67,0.64,1.18
1194,Jupiler Pro League (BE),814467,Christian Akpan,C. Akpan,2005-01-29,131.48,36.04,35.85,1,1,0,166.0,166.0,0.0,0.0,55.0,55.0,43.0,78.18,85.28,13.97,1.0,10.0,20.0,0.0,0.0,40.0,16.0,14.0,34.0,15.0,12.0,80.0,84.64,0.0,0.0,9.0,2.0,0.0,0.0,12.0
1194,Jupiler Pro League (BE),816752,Moyè Christ Souanga,C. Souanga,2006-10-23,95.6,21.11,31.65,1,1,0,69.0,69.0,0.0,1.0,25.0,25.0,22.0,88.0,87.17,22.25,5.0,1.0,3.0,0.0,0.0,30.0,9.0,8.0,11.0,4.0,4.0,100.0,73.87,1.0,0.0,0.0,0.0,,0.0,4.0
1194,Jupiler Pro League (BE),817777,Jakob Kiilerich Rask,J. Kiilerich,2000-05-10,88.28,23.97,24.42,29,28,1,3311.0,118.25,0.0,1.04,1225.0,43.75,39.21,89.63,92.32,18.83,2.64,9.93,7.46,0.21,0.04,28.64,7.5,6.29,12.57,4.32,3.79,87.6,85.67,0.18,0.0,2.82,0.82,69.57,0.57,3.96
1194,Jupiler Pro League (BE),818239,Mathys Angély,M. Angély,2007-04-21,77.63,18.53,23.01,4,4,0,384.0,96.0,0.0,0.5,136.0,34.0,30.75,90.44,92.52,18.0,2.25,5.25,7.0,0.0,0.0,27.0,7.25,6.0,14.75,5.25,4.75,90.48,85.71,0.25,0.0,2.25,0.25,100.0,0.25,2.0
1194,Jupiler Pro League (BE),818643,Alouis Diriken,A. Diriken,2004-04-01,14.76,3.79,3.29,7,7,0,125.0,17.86,0.0,0.71,36.0,5.14,4.71,91.66,92.96,17.79,0.57,1.29,1.71,0.0,0.29,2.43,0.43,0.29,1.29,0.86,0.71,83.33,86.17,0.14,0.0,1.86,0.43,66.67,0.29,0.29
1194,Jupiler Pro League (BE),819000,Emmanuel Kakou,E. Kakou,2005-06-30,79.86,19.71,20.88,24,24,0,2213.0,92.21,0.0,0.71,802.0,33.42,28.38,84.91,88.79,19.02,1.88,7.08,6.21,0.12,0.17,24.58,5.75,3.96,12.25,4.25,3.08,72.55,77.99,0.08,0.0,4.0,1.12,29.63,0.33,5.0
1194,Jupiler Pro League (BE),819333,Mamadou Thierno Barry,M. Barry,2005-03-20,35.02,8.2,9.12,2,2,0,59.0,29.5,0.0,0.0,17.0,8.5,7.0,82.35,88.37,14.17,0.5,2.0,1.0,0.0,0.0,9.5,1.5,0.5,5.0,1.5,0.5,33.33,59.17,0.0,0.0,1.0,0.0,,0.0,0.5
1194,Jupiler Pro League (BE),820744,Dalangunypole Gomis,D. Gomis,2004-06-28,71.16,18.13,18.24,1,1,0,142.0,142.0,0.0,1.0,44.0,44.0,39.0,88.64,86.05,20.67,4.0,3.0,8.0,0.0,0.0,46.0,12.0,9.0,15.0,8.0,5.0,62.5,76.08,0.0,0.0,3.0,1.0,100.0,1.0,9.0
1194,Jupiler Pro League (BE),820782,Lucas Bretelle,L. Bretelle,2002-04-17,19.6,6.34,4.55,1,1,0,34.0,34.0,1.0,1.0,13.0,13.0,12.0,92.31,73.84,17.39,1.0,5.0,4.0,0.0,3.0,0.0,0.0,0.0,5.0,1.0,1.0,100.0,50.52,1.0,1.0,9.0,4.0,100.0,4.0,5.0
1194,Jupiler Pro League (BE),826824,Marc Giger,M. Giger,2004-03-27,33.96,10.02,8.07,16,16,0,456.0,28.5,0.19,1.0,124.0,7.75,6.62,85.48,82.34,13.12,0.38,2.38,0.88,0.44,0.19,2.0,0.62,0.56,9.19,2.62,2.12,80.95,72.11,0.5,0.06,8.0,1.81,68.97,1.25,1.62
1194,Jupiler Pro League (BE),826958,Hannes Vernemmen,H. Vernemmen,2005-01-08,,,,1,0,1,,,,,,,,,,,,,,,,,,,,,,,,,,,,,,
1194,Jupiler Pro League (BE),827223,Shunsuke Saito,S. Saito,2005-04-26,53.37,14.59,13.91,17,16,1,871.0,54.44,0.06,1.25,238.0,14.88,11.25,75.63,75.84,13.07,0.5,3.81,2.5,0.38,0.25,4.81,1.19,0.62,16.62,5.19,3.19,61.45,67.4,0.5,0.06,16.38,3.94,50.79,2.0,4.88
1194,Jupiler Pro League (BE),834283,Vince Osuji,V. Osuji,2006-04-06,20.6,1.99,4.93,1,1,0,8.0,8.0,0.0,0.0,3.0,3.0,3.0,100.0,99.0,21.38,1.0,0.0,2.0,0.0,0.0,1.0,0.0,0.0,2.0,1.0,1.0,100.0,98.63,0.0,0.0,0.0,0.0,,0.0,0.0
1194,Jupiler Pro League (BE),840135,Alama Bayo,A. Bayo,2006-02-02,8.24,1.67,1.36,5,5,0,34.0,6.8,0.0,0.0,8.0,1.6,0.8,50.0,72.99,10.96,0.0,0.4,0.4,0.0,0.4,0.2,0.0,0.0,1.8,0.4,0.4,100.0,93.11,0.0,0.0,2.6,0.6,33.33,0.2,0.6
1194,Jupiler Pro League (BE),840900,Promise Oluwatobi Emmanuel David,P. David,2001-07-03,67.39,18.37,16.18,24,24,0,839.0,34.96,0.08,0.71,233.0,9.71,6.12,63.09,72.48,14.72,0.54,3.88,1.17,0.88,0.54,0.54,0.17,0.12,18.29,4.88,2.83,58.12,66.0,0.38,0.08,15.17,3.08,48.65,1.5,3.08
1194,Jupiler Pro League (BE),841024,Nathan De Cat,N. De Cat,2008-07-19,82.85,22.59,20.71,36,35,1,3256.0,93.03,0.23,1.8,964.0,27.54,22.49,81.64,82.24,16.32,2.31,8.11,5.54,0.74,0.66,15.43,3.63,2.83,15.83,5.4,4.17,77.25,73.37,0.74,0.2,12.37,3.17,63.06,2.0,5.69
1194,Jupiler Pro League (BE),841417,Massamba Sow,M. Sow,2004-06-13,46.24,10.42,11.79,4,4,0,109.0,27.25,0.25,0.25,48.0,12.0,9.75,81.25,87.48,17.29,1.0,2.75,2.0,0.25,0.0,6.25,2.25,1.5,6.5,2.0,1.75,87.5,82.72,0.0,0.0,1.0,0.25,0.0,0.0,2.0
1194,Jupiler Pro League (BE),842548,Krzysztof Koton,K. Koton,2003-05-17,34.76,8.02,8.84,13,13,0,422.0,32.46,0.08,0.46,113.0,8.69,6.92,79.65,84.53,14.27,0.38,1.46,2.31,0.15,0.15,3.15,0.77,0.62,6.31,1.62,1.15,71.43,78.46,0.23,0.08,6.23,1.46,31.58,0.46,1.54
1194,Jupiler Pro League (BE),861016,Geoffrey Kondo,G. Kondo,2002-05-02,98.12,23.7,26.4,10,10,0,1364.0,136.4,0.5,1.4,461.0,46.1,39.7,86.12,88.6,19.77,4.4,9.9,7.5,0.4,0.2,34.4,10.4,7.7,18.5,7.3,6.0,82.19,79.48,0.5,0.2,5.7,1.6,50.0,0.8,6.6
1194,Jupiler Pro League (BE),865071,Ryan Merlen,R. Merlen,2002-05-11,35.69,10.99,8.06,33,31,2,1912.0,61.68,0.26,1.35,564.0,18.19,14.9,81.92,82.99,19.71,2.39,4.97,3.61,0.65,0.55,10.13,2.68,1.71,13.48,5.06,3.71,73.25,71.11,0.81,0.16,11.32,3.13,59.79,1.87,3.58
1194,Jupiler Pro League (BE),869904,Robin Mirisola,R. Mirisola,2006-12-08,48.96,14.74,12.63,30,30,0,683.0,22.77,0.07,0.7,202.0,6.73,5.27,78.22,79.04,12.9,0.3,2.3,1.27,0.67,0.27,0.53,0.03,0.0,9.37,2.77,1.83,66.27,69.39,0.3,0.07,7.57,1.7,58.82,1.0,1.77
1194,Jupiler Pro League (BE),875225,Massiré Sylla,M. Sylla,2005-01-07,37.14,8.72,11.56,3,3,0,131.0,43.67,0.0,0.0,54.0,18.0,16.0,88.89,93.94,24.79,4.33,2.33,2.67,0.0,0.0,8.0,2.33,1.67,3.67,1.33,1.0,75.0,79.91,0.0,0.0,0.0,0.0,,0.0,1.33
1194,Jupiler Pro League (BE),883894,Nolan Gillot,N. Gillot,2002-10-31,68.1,15.67,18.94,21,21,0,1242.0,59.14,0.14,1.24,383.0,18.24,12.62,69.19,69.97,18.27,1.86,4.57,3.14,0.9,0.29,5.57,1.81,1.14,16.33,5.76,3.67,63.64,60.67,0.52,0.1,16.43,4.19,52.27,2.19,7.95
1194,Jupiler Pro League (BE),883895,Singa Joel Ito,J. Ito,1998-03-27,77.55,16.86,23.14,33,33,0,2115.0,64.09,0.06,1.18,575.0,17.42,13.88,79.65,81.0,16.33,1.18,4.33,3.3,0.21,0.36,6.27,1.79,1.45,15.27,5.06,3.7,73.05,73.85,0.67,0.06,13.12,2.85,60.64,1.73,4.18
1194,Jupiler Pro League (BE),883896,Maxence Maisonneuve,M. Maisonneuve,1999-02-11,82.48,18.91,24.1,31,31,0,2242.0,72.32,0.1,0.45,858.0,27.68,21.97,79.37,85.9,20.27,2.97,6.58,5.74,0.23,0.06,21.26,7.19,4.84,11.39,4.26,3.19,75.0,77.01,0.1,0.0,3.97,0.94,44.83,0.42,5.19
1194,Jupiler Pro League (BE),883897,Owen Maës,O. Maës,1998-09-24,64.25,13.57,19.77,22,22,0,1240.0,56.36,0.09,1.05,297.0,13.5,9.14,67.68,71.03,17.4,0.86,3.27,2.0,0.73,0.68,4.09,1.23,0.68,15.36,4.05,2.68,66.29,66.66,0.55,0.05,17.09,3.86,48.23,1.86,5.45
1194,Jupiler Pro League (BE),883898,Samuel Gueulette,S. Gueulette,2000-05-19,48.76,11.04,14.2,29,29,0,900.0,31.03,0.0,0.41,314.0,10.83,8.72,80.57,86.81,17.83,0.76,4.03,1.72,0.17,0.0,3.03,0.97,0.79,3.21,1.14,0.9,78.79,78.34,0.07,0.0,2.34,0.48,57.14,0.28,1.52
1194,Jupiler Pro League (BE),883902,Djibril Lamego,D. Lamego,2003-02-25,94.3,20.96,28.26,30,30,0,2448.0,81.6,0.1,0.87,854.0,28.47,22.57,79.27,84.96,17.75,1.9,6.67,4.83,0.1,0.03,25.57,7.3,4.9,14.03,5.1,4.03,79.09,80.16,0.23,0.0,5.13,0.83,48.0,0.4,5.5
1194,Jupiler Pro League (BE),883903,Mohamed Yaya Guindo,M. Guindo,2003-08-01,47.03,10.06,14.86,14,14,0,199.0,14.21,0.0,0.21,57.0,4.07,2.43,59.65,70.5,11.32,0.07,1.5,0.07,0.36,0.0,0.36,0.14,0.07,6.71,1.64,1.07,65.22,72.25,0.07,0.0,6.14,1.57,45.45,0.71,1.43
1194,Jupiler Pro League (BE),884955,Anas Tajaouart,A. Tajaouart,2005-09-07,50.7,15.9,10.32,1,1,0,97.0,97.0,0.0,1.0,30.0,30.0,28.0,93.33,94.36,16.85,1.0,3.0,8.0,0.0,0.0,25.0,4.0,4.0,12.0,5.0,4.0,80.0,79.01,0.0,0.0,7.0,1.0,0.0,0.0,2.0
1194,Jupiler Pro League (BE),884956,Nail Moutha-Sebtaoui,N. Moutha-Sebtaoui,2005-11-17,27.2,6.75,7.2,16,16,0,535.0,33.44,0.0,0.38,171.0,10.69,7.12,66.67,77.5,14.99,0.44,2.25,2.38,0.5,0.31,5.81,1.69,0.75,8.94,2.94,1.81,61.7,72.07,0.19,0.0,6.88,1.94,35.48,0.69,3.44
1194,Jupiler Pro League (BE),884959,Basile Vroninks,B. Vroninks,2006-11-20,50.43,11.71,11.26,1,1,0,56.0,56.0,1.0,4.0,18.0,18.0,14.0,77.78,78.28,17.58,2.0,6.0,2.0,3.0,0.0,5.0,1.0,1.0,23.0,10.0,8.0,80.0,69.75,2.0,1.0,12.0,5.0,60.0,3.0,4.0
1194,Jupiler Pro League (BE),886032,Henry Oware,H. Oware,2004-04-01,22.58,3.76,7.83,1,1,0,0.0,0.0,0.0,0.0,1.0,1.0,0.0,0.0,,,0.0,1.0,0.0,0.0,0.0,0.0,0.0,0.0,0.0,0.0,0.0,,,0.0,0.0,0.0,0.0,,0.0,0.0
1194,Jupiler Pro League (BE),887970,Abdoulaye Kinski David Traoré,A. Traoré,2003-06-28,66.5,16.84,21.71,4,4,0,228.0,57.0,0.0,1.0,61.0,15.25,11.5,75.41,77.84,13.11,0.5,3.25,3.25,0.5,1.0,1.25,0.5,0.5,24.0,5.5,3.25,59.09,64.2,0.5,0.0,21.5,5.0,60.0,3.0,3.5
1194,Jupiler Pro League (BE),887971,Benoit Nyssen,B. Nyssen,1997-09-12,68.0,18.29,20.19,28,27,1,2282.0,84.52,0.11,1.44,788.0,29.19,22.52,77.16,79.76,17.16,2.37,6.52,5.11,1.04,0.3,17.96,4.85,3.44,22.37,7.67,5.48,71.5,70.81,0.56,0.11,13.04,3.81,33.98,1.3,8.44
1194,Jupiler Pro League (BE),887973,Yannick Cappelle,Y. Cappelle,2003-07-07,75.35,19.03,21.66,30,29,1,2463.0,84.93,0.07,0.9,875.0,30.17,24.17,80.11,82.56,16.28,1.83,6.38,5.55,0.62,0.17,17.52,4.69,3.48,22.34,8.03,6.0,74.68,74.41,0.21,0.0,10.9,2.86,38.55,1.1,6.9
1194,Jupiler Pro League (BE),889516,Pape Moussa Fall,M. Fall,2004-07-04,72.43,17.23,19.69,27,27,0,634.0,23.48,0.04,0.59,189.0,7.0,4.56,65.08,70.55,11.82,0.11,2.63,1.52,0.41,0.41,0.33,0.0,0.0,9.7,3.07,2.0,65.06,68.58,0.3,0.04,7.74,1.89,43.14,0.81,2.56
1194,Jupiler Pro League (BE),890671,Maxime Xavier Pau,Maxime Pau,2000-03-31,55.31,11.41,17.21,14,14,0,656.0,46.86,0.14,0.86,192.0,13.71,9.36,68.23,76.47,15.41,0.93,3.79,1.57,1.21,0.5,4.07,0.86,0.5,15.29,5.07,3.0,59.16,69.68,0.43,0.0,13.07,4.0,48.21,1.93,3.71
1194,Jupiler Pro League (BE),902316,Theo Epailly,T. Epailly,1999-02-10,26.59,5.0,9.79,4,4,0,32.0,8.0,0.0,0.0,12.0,3.0,0.75,25.0,57.37,4.8,0.0,1.0,0.5,0.25,0.0,0.0,0.0,0.0,4.75,1.75,0.25,14.28,50.3,0.0,0.0,4.0,1.25,0.0,0.0,1.5
1194,Jupiler Pro League (BE),903825,Semm Renders,S. Renders,2007-12-17,59.62,11.88,17.71,12,11,1,379.0,34.45,0.0,0.45,152.0,13.82,9.36,67.76,79.05,16.11,0.73,3.18,3.64,0.18,0.18,6.45,3.0,2.27,10.18,4.27,2.82,65.96,74.83,0.09,0.0,3.09,1.09,33.33,0.36,3.27
1194,Jupiler Pro League (BE),904347,Coba Gomes da Costa,Coba da Costa,2002-07-26,40.8,10.75,9.46,5,4,1,151.0,37.75,0.0,0.5,39.0,9.75,6.25,64.1,74.22,11.53,0.25,1.75,1.5,0.75,0.5,0.75,0.5,0.5,16.5,4.75,3.25,68.42,70.03,0.25,0.0,14.25,2.75,54.55,1.5,3.25
1194,Jupiler Pro League (BE),919226,Lucca Kiaba Mounganga Brughmans,Lucca Brughmans,2008-06-27,101.45,29.61,27.86,11,11,0,881.0,80.09,0.0,0.27,251.0,22.82,16.73,73.31,83.56,26.75,5.36,2.73,3.0,0.0,0.0,38.64,10.09,4.64,13.45,4.36,4.27,97.92,95.24,0.09,0.0,0.0,0.0,,0.0,2.0
1194,Jupiler Pro League (BE),919915,Muhammed Farouck Adekami,F. Adekami,2006-02-13,59.63,16.84,13.32,21,21,0,1507.0,71.76,0.1,1.43,336.0,16.0,11.67,72.92,76.09,17.36,1.14,2.14,1.29,0.33,0.14,8.1,1.57,0.86,24.48,5.62,3.29,58.47,61.3,0.67,0.05,22.24,4.29,41.11,1.76,5.71
1194,Jupiler Pro League (BE),930453,Nikolozi Chikovani,N. Chikovani,2007-06-21,3.73,0.67,0.73,1,1,0,0.0,0.0,0.0,0.0,0.0,0.0,0.0,,,,0.0,0.0,0.0,0.0,0.0,0.0,0.0,0.0,0.0,0.0,0.0,,,0.0,0.0,0.0,0.0,,0.0,0.0
1194,Jupiler Pro League (BE),940662,Andreas Verstraeten,A. Verstraeten,2006-01-10,67.13,16.91,15.99,16,15,1,1403.0,93.53,0.07,1.13,492.0,32.8,28.27,86.18,89.81,19.07,2.47,5.8,8.67,0.2,0.27,23.27,6.2,4.53,15.8,6.8,5.13,75.49,77.99,0.27,0.07,6.4,1.33,35.0,0.47,4.2
1194,Jupiler Pro League (BE),940772,Hatim  Essaouabi,H. Essaouabi,2000-12-13,24.95,6.12,8.56,10,9,1,242.0,26.89,0.11,0.11,107.0,11.89,10.0,84.11,88.63,15.87,0.78,3.11,4.0,0.22,0.0,6.33,3.11,2.56,4.44,2.33,2.11,90.48,87.12,0.0,0.0,0.78,0.22,50.0,0.11,1.44
1194,Jupiler Pro League (BE),941676,Reda Laalaoui,R. Alaoui,2005-05-11,18.47,5.47,4.62,3,3,0,76.0,25.33,0.33,0.67,27.0,9.0,8.33,92.59,87.59,15.93,0.33,3.0,1.67,0.33,0.33,3.33,1.0,1.0,3.67,1.67,1.67,100.0,74.87,0.33,0.33,2.33,0.67,50.0,0.33,1.67
1194,Jupiler Pro League (BE),956502,Dylan Ourega,D. Ourega,2004-10-06,51.7,13.35,14.24,8,7,1,417.0,59.57,0.14,1.0,130.0,18.57,14.57,78.46,84.05,15.93,1.14,3.86,3.86,0.43,0.0,11.71,2.71,1.57,14.86,5.14,3.43,66.67,75.84,0.57,0.0,9.29,2.0,35.71,0.71,4.0
1194,Jupiler Pro League (BE),958830,Quentin Benaets,Q. Benaets,2003-08-26,11.78,3.38,2.66,1,1,0,24.0,24.0,0.0,0.0,3.0,3.0,2.0,66.67,62.57,21.4,1.0,0.0,0.0,0.0,0.0,0.0,0.0,0.0,3.0,1.0,0.0,0.0,35.21,0.0,0.0,16.0,1.0,0.0,0.0,2.0
1194,Jupiler Pro League (BE),959238,August De Wannemacker,A. De Wannemacker,2008-12-25,20.21,5.13,3.98,4,4,0,150.0,37.5,0.0,1.0,43.0,10.75,10.0,93.02,92.27,13.11,0.25,2.75,2.0,0.25,0.0,4.5,1.0,0.5,5.25,2.0,1.75,87.5,88.58,0.0,0.0,9.0,1.0,75.0,0.75,0.5
1194,Jupiler Pro League (BE),967842,Gilles De Meyer,G. De Meyer,2006-09-17,12.03,3.76,3.14,1,1,0,12.0,12.0,0.0,0.0,4.0,4.0,4.0,100.0,95.6,12.76,0.0,0.0,2.0,0.0,0.0,0.0,0.0,0.0,1.0,0.0,0.0,,,0.0,0.0,0.0,0.0,,0.0,0.0
1194,Jupiler Pro League (BE),969271,Royer Alejandro Caicedo Gonzalez,R. Caicedo,2006-05-05,41.34,11.31,11.35,2,2,0,75.0,37.5,0.0,0.0,32.0,16.0,13.0,81.25,89.91,14.24,0.0,4.0,2.5,0.0,0.5,13.0,4.0,3.0,5.0,1.0,1.0,100.0,98.32,0.0,0.0,2.5,1.0,50.0,0.5,2.0
1194,Jupiler Pro League (BE),969667,Krys Anthony Kouassi,K. Kouassi,2007-03-08,15.84,3.44,3.63,12,12,0,83.0,6.92,0.0,0.17,22.0,1.83,1.58,86.36,77.29,14.84,0.17,0.5,0.25,0.08,0.0,0.17,0.08,0.08,3.08,0.67,0.58,87.5,79.83,0.08,0.0,2.5,0.33,50.0,0.17,0.5
1194,Jupiler Pro League (BE),970137,Nziang Jay-David Mbalanda,N. Mbalanda,2007-05-03,10.7,5.21,1.1,1,1,0,29.0,29.0,0.0,1.0,7.0,7.0,6.0,85.71,75.23,12.15,0.0,1.0,0.0,0.0,0.0,1.0,0.0,0.0,9.0,4.0,3.0,75.0,67.9,1.0,0.0,18.0,3.0,66.67,2.0,3.0
1194,Jupiler Pro League (BE),970592,Steeven David Assengue Essola,S. Assengue,2005-06-14,24.34,5.86,6.88,6,6,0,148.0,24.67,0.0,0.17,38.0,6.33,5.67,89.47,78.99,13.59,0.33,1.0,1.5,0.17,0.0,1.5,0.33,0.33,8.17,2.33,2.0,85.71,72.71,0.0,0.0,6.0,0.83,40.0,0.33,1.33
1194,Jupiler Pro League (BE),971360,Bernardo  Nguene,B. Nguene,2006-08-04,27.69,6.3,7.0,14,14,0,291.0,20.79,0.0,0.29,72.0,5.14,3.71,72.22,74.36,13.79,0.14,1.5,0.79,0.43,0.07,0.93,0.0,0.0,7.86,2.0,1.29,64.29,68.06,0.21,0.0,6.07,1.29,44.45,0.57,1.86
1194,Jupiler Pro League (BE),972822,Yoann Cisse,Y. Cisse,2004-12-13,10.28,3.64,1.39,5,5,0,96.0,19.2,0.0,0.6,24.0,4.8,3.4,70.83,76.76,12.63,0.0,0.8,0.4,0.0,0.2,0.8,0.0,0.0,4.6,0.8,0.8,100.0,87.94,0.4,0.0,6.2,1.2,50.0,0.6,1.4
1194,Jupiler Pro League (BE),973147,Matteo Heremans,M. Heremans,2006-01-08,51.68,8.52,14.26,1,1,0,18.0,18.0,0.0,2.0,6.0,6.0,4.0,66.67,65.87,13.77,0.0,4.0,0.0,0.0,0.0,0.0,0.0,0.0,5.0,1.0,1.0,100.0,56.0,1.0,0.0,10.0,2.0,50.0,1.0,2.0
1194,Jupiler Pro League (BE),975151,Bo De Kerf,B. De Kerf,2003-11-21,58.17,13.8,14.59,10,10,0,630.0,63.0,0.1,0.1,200.0,20.0,14.7,73.5,83.88,19.13,1.7,4.5,2.7,0.1,0.0,14.6,4.2,2.7,11.2,3.8,2.6,68.42,77.11,0.0,0.0,2.2,0.5,40.0,0.2,4.0
1194,Jupiler Pro League (BE),975715,Abdoul Karim Traoré,A. Traoré,2007-01-12,43.74,10.96,12.37,25,24,1,670.0,27.92,0.12,0.58,160.0,6.67,4.83,72.5,78.79,14.29,0.25,1.17,1.04,0.29,0.29,0.88,0.17,0.12,10.08,2.5,1.75,70.0,72.68,0.42,0.04,8.58,1.88,51.11,0.96,1.58
1194,Jupiler Pro League (BE),981644,Bi Christ Hyllarion Goore,H. Goore,2005-08-24,45.3,12.12,11.97,34,33,1,1140.0,34.55,0.06,1.09,312.0,9.45,7.18,75.96,77.65,13.11,0.15,2.36,1.12,0.48,0.24,1.36,0.3,0.21,13.15,3.61,2.67,73.95,74.85,0.61,0.0,14.55,2.88,67.37,1.94,2.45
1194,Jupiler Pro League (BE),987845,Noah Makembo-Ntemo,N. Makembo,2007-03-14,22.45,5.2,4.54,2,2,0,27.0,13.5,0.0,0.0,9.0,4.5,4.0,88.89,89.05,11.89,0.0,1.5,1.0,0.0,0.0,0.5,0.0,0.0,2.5,1.0,1.0,100.0,80.1,0.0,0.0,4.0,0.5,100.0,0.5,0.0
1194,Jupiler Pro League (BE),987850,René Mitongo Muteba,R. Mitongo,2008-01-18,27.14,7.85,5.81,7,7,0,65.0,9.29,0.0,0.0,19.0,2.71,1.71,63.16,76.62,12.25,0.14,0.43,0.14,0.0,0.0,0.0,0.0,0.0,4.71,1.43,0.86,60.0,74.22,0.0,0.0,3.29,0.71,60.0,0.43,0.71
1194,Jupiler Pro League (BE),987851,Mohammed Jamel El Adfaoui,M. El Adfaoui,2008-02-28,22.26,7.36,4.06,4,4,0,143.0,35.75,0.25,0.75,45.0,11.25,9.0,80.0,85.24,15.45,0.25,2.25,3.25,0.0,0.25,6.5,2.25,1.75,4.0,1.75,1.25,71.43,68.68,0.25,0.0,8.25,2.5,60.0,1.5,2.0
1194,Jupiler Pro League (BE),987858,Youssef Hamdaoui,Y. Hamdaoui,2008-03-20,34.39,9.92,7.94,21,21,0,900.0,42.86,0.05,1.1,202.0,9.62,7.05,73.27,78.55,15.51,0.57,1.95,1.19,0.48,0.1,3.0,0.52,0.43,10.29,2.33,1.52,65.31,66.04,0.48,0.05,14.19,3.14,56.06,1.76,2.67
1194,Jupiler Pro League (BE),998398,Bouke Boersma,B. Boersma,2005-06-23,85.15,21.54,22.26,17,17,0,576.0,33.88,0.18,0.53,154.0,9.06,6.53,72.08,73.25,11.34,0.18,3.59,1.59,0.41,0.24,0.94,0.24,0.24,11.94,3.53,2.65,75.0,69.33,0.29,0.12,7.12,1.41,62.5,0.88,3.0
1194,Jupiler Pro League (BE),999135,Halil Özdemir,H. Özdemir,2005-08-18,30.77,7.46,7.97,7,7,0,172.0,24.57,0.0,0.43,42.0,6.0,4.43,73.81,76.16,12.39,0.14,0.71,0.86,0.0,0.14,0.86,0.14,0.0,10.0,2.29,1.29,56.25,67.44,0.0,0.0,7.71,1.43,40.0,0.57,1.86
1194,Jupiler Pro League (BE),999635,Valy Konaté,V. Konaté,2006-11-14,70.12,17.54,18.69,13,13,0,1124.0,86.46,0.08,1.62,366.0,28.15,22.38,79.51,80.19,16.41,1.92,5.85,7.31,0.54,1.23,18.85,5.54,3.85,17.62,6.92,4.85,70.0,69.35,0.46,0.0,13.08,3.77,42.86,1.62,7.62
1194,Jupiler Pro League (BE),999683,Joseph Amankwaah Opoku,J. Amankwaah Opoku,2005-08-08,79.84,21.4,22.68,33,32,1,2225.0,69.53,0.28,2.44,591.0,18.47,14.91,80.71,80.45,14.77,0.78,3.47,1.97,0.72,0.44,3.41,0.81,0.66,27.44,7.28,5.66,77.68,73.3,1.44,0.22,25.75,5.69,65.39,3.72,4.34
1194,Jupiler Pro League (BE),999842,Jerry Afriyie,J. Afriyie,2006-12-10,87.3,19.72,25.58,31,31,0,1259.0,40.61,0.03,0.9,326.0,10.52,7.42,70.55,75.43,13.7,0.42,1.97,1.32,0.42,0.32,1.03,0.16,0.0,20.32,4.9,3.29,67.11,69.25,0.61,0.03,12.94,3.16,54.08,1.71,3.0
1194,Jupiler Pro League (BE),1000006,Shion Shinkawa,S. Shinkawa,2007-08-06,23.05,6.99,4.76,4,4,0,56.0,14.0,0.0,0.25,13.0,3.25,2.75,84.62,89.64,11.7,0.0,1.0,0.75,0.0,0.0,0.5,0.0,0.0,6.25,1.25,1.25,100.0,91.02,0.25,0.0,4.25,0.25,100.0,0.25,0.25
1194,Jupiler Pro League (BE),1001073,Orseer Achihi,O. Achihi,2006-09-19,10.78,3.46,2.71,2,2,0,24.0,12.0,0.0,0.0,6.0,3.0,2.5,83.33,88.9,11.87,0.0,1.5,0.5,0.0,0.0,1.0,0.0,0.0,2.5,0.0,0.0,,,0.0,0.0,5.0,0.0,,0.0,0.5
1194,Jupiler Pro League (BE),1001074,David Gabriel Jesus,D. Gabriel,2007-01-02,21.25,4.67,4.77,8,8,0,69.0,8.62,0.0,0.12,21.0,2.62,1.25,47.62,71.26,15.96,0.12,0.75,0.25,0.5,0.12,0.0,0.0,0.0,3.5,0.75,0.25,33.33,67.94,0.12,0.0,3.88,1.25,40.0,0.5,0.88
1194,Jupiler Pro League (BE),1002212,Mauro Lenaerts,M. Lenaerts,2007-09-06,13.71,2.92,2.85,2,2,0,14.0,7.0,0.0,0.5,4.0,2.0,0.5,25.0,79.87,3.46,0.0,1.0,0.5,0.0,0.0,0.0,0.0,0.0,3.0,1.0,0.0,0.0,81.17,0.0,0.0,1.0,0.0,,0.0,0.0
1194,Jupiler Pro League (BE),1002928,Alexander De Ridder,A. De Ridder,2008-06-05,36.15,4.71,12.6,1,1,0,33.0,33.0,0.0,0.0,9.0,9.0,7.0,77.78,86.1,15.29,1.0,2.0,1.0,0.0,1.0,2.0,1.0,1.0,3.0,1.0,1.0,100.0,78.17,0.0,0.0,5.0,2.0,50.0,1.0,1.0
1194,Jupiler Pro League (BE),1004281,Benoit De Jaegere,B. De Jaegere,2004-04-12,60.11,16.84,15.53,17,16,1,1085.0,67.81,0.0,0.75,407.0,25.44,21.31,83.78,87.9,18.61,2.19,3.5,5.06,0.12,0.12,18.75,5.44,3.69,13.19,4.81,3.69,76.62,79.04,0.25,0.0,3.0,0.88,64.29,0.56,4.25
1194,Jupiler Pro League (BE),1005696,Naoufal Bohamdi-Kamoni,N. Bohamdi-Kamoni,2007-08-20,16.32,4.46,3.67,11,10,1,185.0,18.5,0.1,0.6,47.0,4.7,3.5,74.47,81.57,12.27,0.1,0.7,0.6,0.1,0.0,1.0,0.1,0.0,6.6,1.0,0.3,30.0,64.08,0.1,0.0,6.1,1.2,33.33,0.4,1.4
1194,Jupiler Pro League (BE),1008223,Moncef Zekri,M. Zekri,2008-09-20,56.16,14.4,15.19,16,16,0,841.0,52.56,0.19,0.62,255.0,15.94,12.56,78.83,80.14,14.58,0.69,1.94,4.06,0.19,0.12,9.31,2.25,1.31,14.56,5.0,3.38,67.5,70.51,0.19,0.06,6.12,1.5,33.33,0.5,4.31
1194,Jupiler Pro League (BE),1008933,James Nam,J. Nam,2006-09-02,9.68,2.22,3.28,1,1,0,3.0,3.0,0.0,0.0,1.0,1.0,0.0,0.0,73.03,,0.0,0.0,0.0,0.0,0.0,0.0,0.0,0.0,0.0,0.0,0.0,,,0.0,0.0,0.0,0.0,,0.0,0.0
1194,Jupiler Pro League (BE),1019610,Ryan Adewusi,R. Adewusi,2005-02-04,28.95,5.19,11.26,1,1,0,19.0,19.0,0.0,0.0,7.0,7.0,6.0,85.71,74.64,9.48,0.0,4.0,1.0,1.0,0.0,3.0,2.0,2.0,5.0,2.0,1.0,50.0,68.62,0.0,0.0,6.0,1.0,100.0,1.0,2.0
1194,Jupiler Pro League (BE),1019611,Cristian Makate Bokoya,Cristian,2002-09-21,27.1,6.88,6.34,8,8,0,127.0,15.88,0.0,0.12,29.0,3.62,2.12,58.62,72.39,11.22,0.0,1.0,0.5,0.25,0.12,0.88,0.12,0.0,7.12,1.75,0.88,50.0,61.04,0.0,0.0,5.62,1.25,40.0,0.5,1.12
1194,Jupiler Pro League (BE),1020074,Soumaela Traoré ,S. Traoré,2004-08-01,5.62,1.34,1.33,1,1,0,0.0,0.0,0.0,0.0,0.0,0.0,0.0,,,,0.0,0.0,0.0,0.0,0.0,0.0,0.0,0.0,0.0,0.0,0.0,,,0.0,0.0,0.0,0.0,,0.0,0.0
1194,Jupiler Pro League (BE),1020076,Ian Struyf,I. Struyf,2007-08-22,42.49,11.31,12.64,11,11,0,533.0,48.45,0.0,0.09,207.0,18.82,15.09,80.19,85.91,20.32,1.82,4.82,4.91,0.0,0.09,14.64,5.91,4.18,10.45,5.36,3.82,71.19,75.31,0.09,0.0,0.91,0.27,66.67,0.18,3.73
1194,Jupiler Pro League (BE),1022470,Joshua Williame Nga Kana Bethume,Joshua Nga Kana Bethume,2009-06-13,19.79,5.06,4.61,3,2,1,24.0,12.0,0.0,0.5,7.0,3.5,3.0,85.71,90.2,13.73,0.0,0.5,0.5,0.0,0.0,0.0,0.0,0.0,2.5,1.0,0.5,50.0,70.64,0.0,0.0,3.5,0.5,0.0,0.0,0.5
1194,Jupiler Pro League (BE),1023376,Sebastian Murru,S. Murru,2007-03-16,8.72,2.06,1.58,1,1,0,17.0,17.0,0.0,0.0,6.0,6.0,4.0,66.67,79.4,13.64,0.0,2.0,1.0,1.0,0.0,0.0,0.0,0.0,6.0,3.0,2.0,66.67,75.09,0.0,0.0,6.0,2.0,0.0,0.0,2.0
1194,Jupiler Pro League (BE),1023904,El Hadji Seck,E. Seck,2007-01-14,18.9,4.27,2.88,1,1,0,23.0,23.0,0.0,0.0,4.0,4.0,0.0,0.0,35.81,,0.0,0.0,1.0,0.0,1.0,0.0,0.0,0.0,15.0,3.0,0.0,0.0,30.46,0.0,0.0,18.0,4.0,0.0,0.0,4.0
1194,Jupiler Pro League (BE),1023905,Matties  Volckaert,M. Volckaert,2002-10-12,93.17,23.52,27.37,26,25,1,2457.0,98.28,0.0,1.0,923.0,36.92,30.84,83.53,86.28,20.85,3.92,6.92,5.08,0.4,0.12,28.24,7.6,5.52,23.12,8.44,6.56,77.72,77.43,0.48,0.0,5.64,1.52,47.37,0.72,7.24
1194,Jupiler Pro League (BE),1023906,Abdoul  Ayinde,A. Ayinde,2005-07-17,8.2,2.58,2.44,2,2,0,30.0,15.0,0.0,0.0,9.0,4.5,3.5,77.78,81.22,15.24,0.0,1.0,0.5,0.0,0.0,3.5,1.0,0.5,5.0,1.5,1.5,100.0,86.71,0.0,0.0,4.5,1.0,50.0,0.5,1.5
1194,Jupiler Pro League (BE),1025129,Amine  Daali,A. Daali,2004-04-25,26.75,7.19,5.9,7,7,0,174.0,24.86,0.14,0.29,51.0,7.29,5.43,74.51,80.59,13.02,0.14,1.71,1.71,0.29,0.29,1.57,0.43,0.14,7.43,1.86,1.29,69.23,73.19,0.29,0.14,6.0,1.57,36.36,0.57,1.43
1194,Jupiler Pro League (BE),1029942,Yassine Khalifi,Y. Khalifi,2005-08-09,37.09,9.93,9.73,20,20,0,1326.0,66.3,0.05,0.6,397.0,19.85,18.5,93.2,91.6,15.97,1.25,3.7,4.75,0.2,0.1,10.45,2.4,2.05,10.2,3.65,3.25,89.04,86.6,0.15,0.0,4.95,0.9,83.33,0.75,1.6
1194,Jupiler Pro League (BE),1031764,Sekou  Keita,S. Keita,2006-05-02,12.4,3.33,2.21,1,1,0,6.0,6.0,0.0,0.0,1.0,1.0,0.0,0.0,92.51,,0.0,0.0,0.0,0.0,0.0,0.0,0.0,0.0,0.0,0.0,0.0,,,0.0,0.0,0.0,0.0,,0.0,0.0
1194,Jupiler Pro League (BE),1033029,Xander Dierckx,X. Dierckx,2009-02-27,75.97,20.43,19.79,19,18,1,897.0,49.83,0.06,0.89,277.0,15.39,12.17,79.06,80.34,13.54,0.22,5.56,2.22,0.44,0.22,5.56,1.28,1.0,8.61,2.61,2.11,80.85,75.71,0.11,0.0,9.22,2.33,59.52,1.39,3.67
1194,Jupiler Pro League (BE),1037046,Charli Spoden,C. Spoden,2008-04-08,25.06,4.56,12.7,1,1,0,11.0,11.0,0.0,0.0,4.0,4.0,3.0,75.0,87.87,10.56,0.0,1.0,1.0,0.0,0.0,0.0,0.0,0.0,1.0,0.0,0.0,,,0.0,0.0,3.0,0.0,,0.0,1.0
1194,Jupiler Pro League (BE),1039643,Ibrahima Cissé,I. Cissé,2007-09-24,32.1,8.07,8.46,12,12,0,197.0,16.42,0.0,0.17,38.0,3.17,2.42,76.32,79.05,14.54,0.25,0.92,0.33,0.25,0.25,0.42,0.08,0.08,6.33,0.92,0.92,100.0,77.35,0.08,0.0,6.17,1.17,64.29,0.75,0.58
1194,Jupiler Pro League (BE),1043573,Bia Adjani Mujangi,B. Adjani Mujangi,2010-05-30,1.72,0.24,0.02,1,1,0,0.0,0.0,0.0,0.0,0.0,0.0,0.0,,,,0.0,0.0,0.0,0.0,0.0,0.0,0.0,0.0,0.0,0.0,0.0,,,0.0,0.0,0.0,0.0,,0.0,0.0
1194,Jupiler Pro League (BE),1064233,Luca Schelfhout,L. Schelfhout,2007-09-17,23.89,3.5,8.02,2,2,0,24.0,12.0,0.0,0.0,11.0,5.5,4.0,72.73,74.44,13.49,0.5,2.5,0.5,0.0,0.0,1.0,0.5,0.5,1.5,1.5,0.5,33.33,61.89,0.0,0.0,2.0,1.0,50.0,0.5,1.0
1194,Jupiler Pro League (BE),1066179,Jeff Godelaine,J. Godelaine,2007-04-26,14.96,4.22,1.58,1,1,0,2.0,2.0,0.0,0.0,1.0,1.0,1.0,100.0,83.13,24.07,0.0,0.0,1.0,0.0,1.0,0.0,0.0,0.0,2.0,1.0,1.0,100.0,83.13,0.0,0.0,2.0,1.0,100.0,1.0,0.0
1194,Jupiler Pro League (BE),1066204,Victoir elnora Lembi n'zelo,V. Lembi n'zelo,2005-12-29,28.65,7.54,6.88,2,2,0,30.0,15.0,0.0,0.0,12.0,6.0,6.0,100.0,98.62,20.82,0.5,0.0,2.0,0.0,0.0,3.0,0.5,0.5,1.5,0.5,0.5,100.0,98.67,0.0,0.0,0.0,0.0,,0.0,0.0
1194,Jupiler Pro League (BE),1068909,Jules Ahoka jules,J. Ahoka jules,2005-12-17,55.03,13.95,20.79,2,2,0,118.0,59.0,0.0,0.0,39.0,19.5,17.5,89.74,94.66,17.16,2.0,5.0,5.0,0.0,0.0,11.5,1.0,0.5,8.5,3.0,3.0,100.0,91.2,0.0,0.0,0.0,0.0,,0.0,0.5
1194,Jupiler Pro League (BE),1068910,Modibo Fofana,M. Fofana,2007-11-03,22.46,4.76,7.7,2,2,0,59.0,29.5,0.0,1.5,13.0,6.5,6.5,100.0,82.84,11.31,0.0,1.5,0.5,0.5,0.0,0.5,0.5,0.5,9.5,2.0,2.0,100.0,65.59,1.0,0.0,12.0,1.5,100.0,1.5,1.0
