competition_edition,league,player_id,player_name,player_short_name,player_birthdate,minutes,minutes_tip,minutes_otip,performance_count,performance_included_count,performance_failed_count,passopportunity_count_total,passopportunity_count,pass_count_goalwithin10s,pass_count_shotwithin10s,pass_count_attempted_total,pass_count_attempted,pass_count_completed,pass_pct_completed,pass_avgxpass_attempted,pass_avgdistance,pass_count_longrange_attempted,pass_count_onetouch_attempted,pass_count_quickpass_attempted,pass_count_onetouch_dangerous_attempted,pass_count_quickpass_dangerous_attempted,passopportunity_count_linebreak,pass_count_linebreak_attempted,pass_count_linebreak_completed,passopportunity_count_torun,pass_count_torun_attempted,pass_count_torun_completed,pass_pct_torun_completed,pass_avgxpass_torun_attempted,pass_count_torun_shotwithin10s,pass_count_torun_goalwithin10s,passopportunity_count_dangerous,pass_count_dangerous_attempted,pass_pct_dangerous_completed,pass_count_dangerous_completed,pass_count_difficultpass_attempted
1173,Super Liga (RS),222,Adem Ljajić,A. Ljajić,1991-09-29,75.62,26.0,13.62,2,2,0,391.0,195.5,0.5,6.5,112.0,56.0,50.5,90.18,89.64,16.88,3.0,9.5,9.5,1.5,1.0,23.5,5.0,5.0,41.0,12.5,11.0,88.0,85.23,0.5,0.0,40.5,7.5,60.0,4.5,5.5
1173,Super Liga (RS),397,Aldo Kalulu Kyatengwa,A. Kalulu,1996-01-21,44.79,13.15,7.79,2,2,0,81.0,40.5,0.0,1.5,31.0,15.5,13.5,87.1,84.75,13.17,0.5,4.5,2.0,0.5,0.0,1.5,1.0,0.5,13.0,4.0,3.5,87.5,77.69,1.0,0.0,10.0,1.5,66.67,1.0,3.5
1173,Super Liga (RS),6969,Marko Arnautović,M. Arnautović,1989-04-19,64.83,22.35,13.21,16,15,1,787.0,52.47,0.53,2.6,267.0,17.8,14.13,79.4,77.74,13.74,0.87,6.67,2.47,1.73,0.73,2.67,1.27,0.8,21.47,7.67,6.07,79.13,73.38,1.47,0.33,21.53,6.4,72.92,4.67,4.47
1173,Super Liga (RS),6984,Marko Poletanović,M. Poletanović,1993-07-20,38.64,9.58,10.48,19,19,0,1192.0,62.74,0.16,1.05,364.0,19.16,16.89,88.19,89.18,15.27,0.58,5.63,3.58,0.21,0.26,10.89,2.26,1.79,8.63,3.11,2.68,86.44,80.49,0.42,0.11,6.05,1.26,75.0,0.95,2.16
1173,Super Liga (RS),7149,Matheus Lima Magalhães,Matheus,1992-03-29,98.47,33.39,19.52,31,29,2,1823.0,62.86,0.03,0.07,708.0,24.41,21.21,86.86,90.5,23.13,3.9,7.07,3.38,0.0,0.0,18.66,4.31,2.52,17.69,7.69,7.41,96.41,95.74,0.0,0.0,0.0,0.0,,0.0,2.28
1173,Super Liga (RS),7652,Miloš Kosanović,M. Kosanović,1990-05-28,85.03,25.77,21.63,10,9,1,1342.0,149.11,0.0,0.33,504.0,56.0,50.44,90.08,90.83,20.28,6.67,9.11,9.89,0.22,0.0,44.0,12.67,9.22,18.22,7.11,5.67,79.69,78.44,0.0,0.0,2.56,0.78,57.14,0.44,7.11
1173,Super Liga (RS),7659,Miloš Veljković,M. Veljković,1995-09-26,93.99,30.56,18.25,15,14,1,2164.0,154.57,0.07,1.14,815.0,58.21,54.07,92.88,93.35,19.3,4.0,8.93,13.5,0.29,0.14,39.79,10.0,8.29,20.93,7.29,6.57,90.2,87.1,0.21,0.0,6.07,1.57,45.46,0.71,4.07
1173,Super Liga (RS),7809,Muhamed Bešić,M. Bešić,1992-09-10,76.87,19.52,22.46,21,20,1,2760.0,138.0,0.1,0.95,759.0,37.95,32.75,86.3,87.66,17.97,3.35,6.15,4.05,0.2,0.05,32.5,7.7,6.0,21.4,7.55,6.1,80.79,77.46,0.55,0.1,6.95,2.15,51.16,1.1,5.6
1173,Super Liga (RS),7922,Nenad Tomović,N. Tomović,1987-08-30,89.66,21.69,23.67,29,27,2,2805.0,103.89,0.04,0.81,997.0,36.93,32.15,87.06,89.19,19.62,3.96,8.33,3.78,0.22,0.11,29.33,7.67,5.56,14.22,5.3,4.59,86.71,84.57,0.19,0.04,5.81,1.11,53.33,0.59,5.37
1173,Super Liga (RS),8772,Rade Krunić,R. Krunić,1993-10-07,77.31,26.42,15.16,25,23,2,3722.0,161.83,0.35,3.74,1166.0,50.7,45.52,89.79,88.0,15.38,2.26,15.3,9.13,1.35,0.74,32.13,8.7,7.26,22.26,7.78,6.3,81.01,78.02,1.04,0.04,19.13,4.96,70.18,3.48,6.3
1173,Super Liga (RS),9664,Sebastian Polter,S. Polter,1991-04-01,53.5,15.88,10.98,17,17,0,438.0,25.76,0.18,1.0,135.0,7.94,5.94,74.81,75.86,11.73,0.35,4.0,0.94,1.29,0.12,0.59,0.18,0.06,10.71,3.47,2.76,79.66,74.66,0.71,0.18,9.47,2.82,77.08,2.18,2.24
1173,Super Liga (RS),9982,Stefan Mitrović,S. Mitrović,1990-05-22,87.66,24.09,20.06,15,15,0,1674.0,111.6,0.07,0.53,625.0,41.67,38.2,91.68,94.45,17.72,2.2,7.93,5.0,0.13,0.0,25.53,6.07,5.07,19.0,8.07,7.6,94.22,93.78,0.2,0.0,1.47,0.27,50.0,0.13,2.2
1173,Super Liga (RS),9990,Stefan Šćepović,S. Šćepović,1990-01-10,39.97,10.95,9.5,11,11,0,232.0,21.09,0.0,0.27,76.0,6.91,5.09,73.69,77.2,12.7,0.27,3.27,1.18,1.0,0.18,1.09,0.18,0.0,8.18,3.0,2.09,69.7,70.25,0.27,0.0,6.27,1.91,61.91,1.18,1.82
1173,Super Liga (RS),10597,Uroš Vitas,U. Vitas,1992-07-06,79.99,19.32,21.27,23,21,2,1841.0,87.67,0.0,0.67,663.0,31.57,26.24,83.11,89.01,19.31,2.71,8.05,3.76,0.1,0.05,23.52,5.86,3.62,11.05,4.43,3.33,75.27,82.79,0.14,0.0,2.19,0.67,42.86,0.29,4.38
1173,Super Liga (RS),10765,Vladimir Stojković,V. Stojković,1983-07-28,100.55,25.52,25.09,10,8,2,389.0,48.62,0.0,0.0,122.0,15.25,11.5,75.41,83.59,23.93,2.62,3.38,0.88,0.0,0.0,19.88,5.25,2.38,8.38,2.5,2.38,95.0,93.69,0.0,0.0,0.0,0.0,,0.0,1.75
1173,Super Liga (RS),11186,Olivier Thill,O. Thill,1996-12-17,67.97,17.14,19.77,13,13,0,1291.0,99.31,0.15,1.62,408.0,31.38,25.31,80.64,82.61,16.83,2.38,13.54,6.0,1.69,1.0,9.38,2.69,1.69,22.38,7.38,5.46,73.96,74.22,1.0,0.15,17.0,4.31,57.14,2.46,6.15
1173,Super Liga (RS),11290,Alexandre Oukidja,A. Oukidja,1988-07-19,104.5,28.45,25.42,1,1,0,27.0,27.0,0.0,0.0,11.0,11.0,8.0,72.73,91.71,26.25,2.0,3.0,1.0,0.0,0.0,5.0,2.0,1.0,5.0,1.0,1.0,100.0,86.91,0.0,0.0,0.0,0.0,,0.0,0.0
1173,Super Liga (RS),11815,Milan Rodić,M. Rodić,1991-04-02,72.38,20.1,15.59,12,11,1,944.0,85.82,0.09,0.91,343.0,31.18,25.0,80.17,83.34,17.93,2.64,5.64,6.36,0.36,0.36,23.09,6.91,4.27,18.91,7.18,5.73,79.75,73.3,0.55,0.09,10.45,2.27,40.0,0.91,6.73
1173,Super Liga (RS),11819,Nemanja Radonjić,N. Radonjić,1996-02-15,39.85,12.33,8.99,10,10,0,493.0,49.3,0.2,1.7,152.0,15.2,11.8,77.63,77.63,14.13,0.6,4.6,1.8,0.5,0.2,5.3,1.6,1.1,17.7,6.1,4.4,72.13,67.07,1.2,0.1,15.8,3.9,46.15,1.8,4.9
1173,Super Liga (RS),11893,Miloš Degenek,M. Degenek,1994-04-28,88.92,24.42,22.08,13,13,0,1720.0,132.31,0.15,0.77,567.0,43.62,38.08,87.3,90.35,18.51,4.08,7.23,4.85,0.08,0.0,41.31,10.85,8.15,13.69,4.85,3.62,74.6,77.57,0.15,0.0,3.69,1.0,46.15,0.46,5.38
1173,Super Liga (RS),12217,Vukašin Jovanović,V. Jovanović,1996-05-17,97.55,23.86,24.26,13,13,0,1347.0,103.62,0.0,0.46,552.0,42.46,35.77,84.24,89.29,20.29,4.23,11.54,6.62,0.08,0.08,25.15,5.69,3.69,10.85,4.92,4.38,89.06,88.6,0.15,0.0,1.85,0.69,55.56,0.38,6.23
1173,Super Liga (RS),12345,Zoran Popović,Z. Popović,1988-05-28,98.02,28.51,24.53,35,32,3,2798.0,87.44,0.03,0.12,813.0,25.41,19.53,76.88,83.6,26.03,6.66,4.5,1.38,0.0,0.0,33.0,8.72,4.94,21.25,5.09,4.56,89.57,90.77,0.09,0.0,0.0,0.0,,0.0,3.81
1173,Super Liga (RS),12347,Marko  Gobeljić,M. Gobeljić,1992-09-13,80.81,22.09,19.32,26,24,2,1974.0,82.25,0.08,1.38,700.0,29.17,23.54,80.71,81.18,17.75,2.67,8.42,4.96,0.92,0.42,18.71,5.21,4.08,22.17,6.92,5.29,76.51,69.71,0.88,0.08,10.71,3.17,44.74,1.42,7.62
1173,Super Liga (RS),12349,Stefan Hajdin,S. Hajdin,1994-04-15,57.67,13.37,15.31,18,18,0,906.0,50.33,0.17,1.0,302.0,16.78,12.39,73.84,76.14,15.42,0.78,5.83,3.83,0.94,0.94,6.44,1.61,1.06,14.17,5.44,3.83,70.41,69.64,0.39,0.06,12.22,3.61,52.31,1.89,5.17
1173,Super Liga (RS),12353,Slavoljub Srnić,S. Srnić,1992-01-12,19.07,4.9,5.34,1,1,0,17.0,17.0,0.0,0.0,5.0,5.0,1.0,20.0,64.8,7.78,0.0,2.0,1.0,1.0,0.0,0.0,0.0,0.0,4.0,2.0,0.0,0.0,45.29,0.0,0.0,5.0,2.0,0.0,0.0,2.0
1173,Super Liga (RS),12358,Dušan Jovančić,D. Jovančić,1990-10-19,43.37,11.12,11.02,18,17,1,1085.0,63.82,0.18,1.0,314.0,18.47,15.0,81.21,84.17,16.92,0.94,4.71,2.82,0.29,0.41,11.71,2.65,1.41,11.41,4.12,3.24,78.57,76.36,0.53,0.06,9.29,2.24,60.53,1.35,3.47
1173,Super Liga (RS),12363,Milan Pavkov,M. Pavkov,1994-02-09,16.21,3.9,3.76,21,20,1,142.0,7.1,0.05,0.3,46.0,2.3,1.45,63.04,68.46,12.98,0.1,1.2,0.35,0.3,0.3,0.25,0.15,0.1,2.4,1.05,0.6,57.14,66.24,0.1,0.0,3.2,0.9,55.56,0.5,0.8
1173,Super Liga (RS),12833,Nair Tiknizyan,N. Tiknizyan,1999-05-12,65.62,21.53,13.5,26,24,2,2174.0,90.58,0.38,2.33,842.0,35.08,29.29,83.49,84.61,14.07,1.29,8.21,8.67,1.08,1.0,15.75,4.58,3.58,24.21,10.0,7.33,73.33,72.22,0.92,0.21,17.42,5.17,49.19,2.54,6.33
1173,Super Liga (RS),12901,Bibras Natcho,B. Natcho,1988-02-18,36.3,10.88,7.85,32,32,0,1791.0,55.97,0.47,1.88,571.0,17.84,14.5,81.26,81.2,16.0,1.31,5.62,4.44,0.91,1.22,8.25,2.28,1.69,14.94,5.94,4.44,74.74,72.34,1.22,0.34,15.19,4.66,63.09,2.94,4.0
1173,Super Liga (RS),12945,Marko Petković,M. Petković,1992-09-03,30.01,7.42,7.34,6,6,0,258.0,43.0,0.33,0.83,86.0,14.33,11.17,77.91,76.96,15.71,1.0,3.5,4.33,0.0,0.33,12.83,4.33,3.17,11.33,5.0,4.0,80.0,70.58,0.33,0.0,3.17,1.33,75.0,1.0,4.67
1173,Super Liga (RS),12970,Saša Marković,S. Marković,1991-03-13,23.4,6.65,5.22,11,10,1,218.0,21.8,0.0,0.2,73.0,7.3,5.1,69.86,76.62,14.79,0.4,2.8,1.4,0.4,0.2,4.2,1.2,0.6,5.9,2.5,1.6,64.0,67.05,0.2,0.0,4.9,1.4,50.0,0.7,2.2
1173,Super Liga (RS),13004,Farid Boulaya,F. Boulaya,1993-02-25,75.23,18.74,19.21,13,13,0,1468.0,112.92,0.23,1.92,439.0,33.77,27.92,82.69,79.37,14.88,2.38,8.38,5.31,0.92,1.23,16.77,4.08,3.15,30.08,8.54,6.54,76.58,71.24,0.92,0.23,23.77,6.38,56.63,3.62,9.0
1173,Super Liga (RS),13071,Nemanja Miletić,N. Miletić,1991-01-16,89.12,21.0,23.81,25,24,1,1914.0,79.75,0.0,0.88,679.0,28.29,22.0,77.76,83.77,18.32,2.08,7.92,4.71,0.38,0.17,19.79,5.92,4.08,16.08,4.96,3.5,70.59,72.91,0.42,0.0,7.12,1.71,43.9,0.75,5.71
1173,Super Liga (RS),13072,Branko Jovičić,B. Jovičić,1993-03-18,70.37,20.81,16.6,26,26,0,3219.0,123.81,0.19,1.77,1080.0,41.54,35.46,85.37,87.6,15.55,1.81,12.08,7.88,0.58,0.12,24.46,6.15,4.38,15.27,5.81,4.46,76.82,77.83,0.42,0.0,10.69,2.92,47.37,1.38,6.31
1173,Super Liga (RS),13260,Mirko Ivanić,M. Ivanić,1993-09-13,76.39,26.33,16.16,17,17,0,2162.0,127.18,0.47,3.65,630.0,37.06,28.53,76.98,78.06,15.68,2.41,7.94,5.41,2.29,1.94,18.71,5.71,3.82,39.71,13.76,9.59,69.66,68.25,1.82,0.24,40.71,11.29,56.77,6.41,10.71
1173,Super Liga (RS),13616,Peter Oladeji Olayinka,P. Olayinka,1995-11-16,33.59,10.14,6.69,3,3,0,82.0,27.33,0.33,1.0,24.0,8.0,7.67,95.83,82.92,14.16,0.67,1.67,2.33,0.33,0.0,1.33,0.33,0.33,7.67,1.67,1.67,100.0,78.17,1.0,0.33,8.0,1.33,75.0,1.0,2.0
1173,Super Liga (RS),13717,Mario Jurčevič,M. Jurčevič,1995-06-01,85.29,27.13,19.01,9,9,0,689.0,76.56,0.56,3.33,267.0,29.67,25.44,85.77,82.94,15.75,2.33,9.33,5.78,1.56,0.33,11.67,3.33,2.56,21.0,9.56,7.67,80.23,70.46,2.0,0.22,17.89,5.44,67.35,3.67,6.22
1173,Super Liga (RS),13813,Wanderson de Jesus Martins,Caju,1995-07-17,57.92,15.36,15.64,8,8,0,610.0,76.25,0.25,0.75,182.0,22.75,17.75,78.02,77.13,14.64,0.88,5.12,3.12,1.0,0.12,16.5,6.5,4.88,18.75,6.88,4.38,63.64,65.58,0.25,0.12,13.38,4.12,39.39,1.62,7.12
1173,Super Liga (RS),14198,Lazar Nikolić,L. Nikolić,1999-08-01,97.43,24.46,24.9,33,32,1,3734.0,116.69,0.22,2.25,1228.0,38.38,28.5,74.27,78.05,16.4,2.84,8.59,6.0,0.66,0.38,27.16,9.88,6.66,30.19,11.28,8.38,74.24,71.56,1.06,0.12,13.41,3.47,42.34,1.47,11.25
1173,Super Liga (RS),14205,Yohan Bilingi,Y. Bilingi,1999-02-01,87.29,22.85,24.15,30,30,0,2384.0,79.47,0.1,0.63,949.0,31.63,26.3,83.14,87.67,17.01,1.93,10.23,7.3,0.3,0.03,17.47,5.47,3.9,11.8,4.77,4.0,83.92,83.53,0.17,0.0,2.2,0.57,35.29,0.2,4.87
1173,Super Liga (RS),14739,Cherif Ndiaye,C. Ndiaye,1996-01-23,38.14,13.13,7.45,3,3,0,64.0,21.33,0.0,0.67,19.0,6.33,5.33,84.21,83.13,14.74,0.0,2.0,1.0,0.33,0.33,1.0,0.33,0.0,9.0,2.33,1.33,57.14,69.3,0.33,0.0,8.0,1.67,40.0,0.67,1.0
1173,Super Liga (RS),15243,Radomir Milosavljević,R. Milosavljević,1992-07-28,91.83,23.2,23.26,28,24,4,2428.0,101.17,0.25,2.04,730.0,30.42,24.92,81.92,83.59,15.89,1.79,9.54,4.75,0.58,0.5,18.33,5.25,4.21,17.46,5.5,4.12,75.0,73.3,0.83,0.17,12.96,3.38,65.43,2.21,5.42
1173,Super Liga (RS),15612,Bruno Duarte da Silva,Bruno Duarte,1996-03-24,65.52,22.46,12.84,27,26,1,1980.0,76.15,0.46,3.46,572.0,22.0,16.42,74.65,78.17,14.53,1.15,5.5,3.08,0.92,0.96,5.35,1.27,0.77,24.92,8.58,5.85,68.16,69.08,1.96,0.35,28.77,6.96,54.7,3.81,6.12
1173,Super Liga (RS),15720,Srdjan Mijailović,S. Mijailović,1993-11-10,77.81,17.14,21.65,20,20,0,1771.0,88.55,0.3,1.65,604.0,30.2,23.6,78.15,81.8,18.02,2.8,10.55,5.45,0.6,0.55,13.0,3.95,2.7,15.3,6.0,4.35,72.5,71.22,0.65,0.25,13.65,3.5,45.71,1.6,6.9
1173,Super Liga (RS),16218,Nedeljko Stojišić,N. Stojišić,1997-09-25,101.41,19.38,32.83,2,2,0,206.0,103.0,0.0,0.0,46.0,23.0,12.0,52.17,72.98,28.66,4.0,3.5,2.5,0.0,0.0,45.5,12.0,4.5,16.0,2.5,2.0,80.0,86.83,0.0,0.0,0.0,0.0,,0.0,6.5
1173,Super Liga (RS),16596,Luka Capan,L. Capan,1995-04-06,88.37,25.37,22.13,22,22,0,2743.0,124.68,0.05,0.91,1075.0,48.86,42.91,87.81,91.34,18.34,2.95,10.86,11.91,0.14,0.14,31.86,8.77,6.41,13.32,5.86,5.23,89.15,86.54,0.27,0.0,3.91,0.86,63.16,0.55,4.86
1173,Super Liga (RS),16851,Vukan Savićević,V. Savićević,1994-01-29,63.23,15.65,15.82,33,32,1,3726.0,116.44,0.31,2.5,1073.0,33.53,27.69,82.57,83.36,16.03,2.47,9.56,5.75,0.97,0.59,18.66,5.19,3.94,21.81,7.91,6.0,75.89,72.85,1.03,0.22,18.06,4.97,55.35,2.75,6.5
1173,Super Liga (RS),17042,Miloš Cvetković,M. Cvetković,1990-01-06,73.94,19.0,19.24,18,17,1,1469.0,86.41,0.12,1.47,535.0,31.47,24.94,79.25,82.0,18.81,3.29,10.35,5.65,0.65,0.35,21.41,6.35,4.94,20.18,7.24,5.65,78.05,75.12,0.53,0.0,8.06,2.29,38.46,0.88,8.0
1173,Super Liga (RS),17062,Yanis Karabelyov,Y. Karabelyov,1996-01-23,69.52,22.71,15.51,20,20,0,2837.0,141.85,0.35,1.7,909.0,45.45,41.1,90.43,92.15,16.03,2.2,11.85,7.95,0.4,0.25,35.25,9.3,8.1,16.1,5.45,4.5,82.57,84.14,0.35,0.15,9.85,1.75,62.86,1.1,2.55
1173,Super Liga (RS),17076,Stefan Ashkovski,S. Ashkovski,1992-02-24,38.58,12.35,8.73,8,6,2,237.0,39.5,0.0,0.83,74.0,12.33,11.0,89.19,82.27,13.5,0.5,3.33,1.67,0.5,0.0,6.0,1.17,1.17,14.0,4.5,3.83,85.18,77.72,0.33,0.0,10.17,1.67,60.0,1.0,2.33
1173,Super Liga (RS),17087,Evandro da Silva,Evandro,1997-01-14,60.71,15.12,15.58,15,14,1,661.0,47.21,0.14,1.43,199.0,14.21,10.71,75.38,78.63,13.63,0.64,4.93,2.79,0.71,0.5,3.21,0.79,0.57,14.14,4.29,3.29,76.67,64.25,0.79,0.14,11.21,3.21,64.45,2.07,3.5
1173,Super Liga (RS),17096,Boris Sekulić,B. Sekulić,1991-10-21,95.15,24.8,26.54,28,27,1,2632.0,97.48,0.07,0.59,889.0,32.93,28.52,86.61,89.25,15.22,1.07,6.52,6.04,0.44,0.19,21.48,5.56,4.44,16.15,6.41,5.48,85.55,82.78,0.3,0.04,5.81,1.41,50.0,0.7,3.96
1173,Super Liga (RS),17204,Saša Zdjelar,S. Zdjelar,1995-03-20,91.68,28.16,20.99,13,13,0,2430.0,186.92,0.38,2.92,758.0,58.31,52.69,90.37,91.07,17.83,4.85,13.31,12.31,0.31,0.54,38.23,11.0,9.0,22.0,8.46,7.46,88.18,86.26,0.92,0.08,11.77,2.15,64.28,1.38,4.62
1173,Super Liga (RS),17210,Nemanja Miletić,N. Miletić,1991-07-26,96.41,21.5,26.98,34,33,1,3775.0,114.39,0.21,1.88,1214.0,36.79,27.82,75.62,78.96,16.68,2.42,8.7,4.58,1.09,0.33,25.15,8.88,6.76,32.15,11.42,8.55,74.8,72.73,0.88,0.06,24.52,4.73,44.23,2.09,10.06
1173,Super Liga (RS),17214,Danilo Pantić,D. Pantić,1996-10-26,70.81,15.72,23.85,8,8,0,601.0,75.12,0.38,1.62,167.0,20.88,17.5,83.83,82.28,17.06,1.88,5.25,3.5,0.62,0.62,6.25,2.12,1.62,18.25,6.5,5.12,78.85,72.63,0.88,0.12,13.25,4.25,61.77,2.62,4.88
1173,Super Liga (RS),17329,Djordje Crnomarković,D. Crnomarković,1993-09-10,88.17,22.18,22.35,29,28,1,2537.0,90.61,0.04,0.61,987.0,35.25,29.93,84.9,89.43,18.91,3.14,10.07,6.07,0.04,0.04,23.61,7.5,5.5,12.32,4.89,4.32,88.32,85.11,0.0,0.0,1.75,0.54,40.0,0.21,4.54
1173,Super Liga (RS),17344,Lazar Randelović,L. Randelović,1997-08-05,83.32,20.72,21.02,33,32,1,2319.0,72.47,0.53,2.34,714.0,22.31,17.12,76.75,77.05,13.33,0.78,5.16,4.53,1.03,0.88,3.69,0.81,0.62,28.72,8.38,5.97,71.27,67.2,1.5,0.34,21.94,5.59,53.63,3.0,6.44
1173,Super Liga (RS),17359,Stefan Milošević,S. Milošević,1995-04-07,81.61,20.08,23.44,25,24,1,2228.0,92.83,0.17,2.08,683.0,28.46,23.08,81.11,79.26,17.93,3.0,4.54,5.42,0.75,0.5,17.58,4.58,3.12,23.5,8.0,6.25,78.13,68.31,1.12,0.08,15.88,4.29,53.4,2.29,8.04
1173,Super Liga (RS),17385,Luka Bijelović,L. Bijelović,2001-04-11,21.67,4.79,5.7,27,26,1,479.0,18.42,0.08,0.62,147.0,5.65,4.69,82.99,82.99,13.87,0.12,1.5,0.81,0.19,0.08,1.58,0.35,0.27,5.96,1.77,1.35,76.09,73.76,0.23,0.0,5.15,0.96,68.0,0.65,1.12
1173,Super Liga (RS),17506,Filip Holender,F. Holender,1994-07-27,61.2,15.61,17.45,9,9,0,379.0,42.11,0.0,0.67,139.0,15.44,10.33,66.91,77.72,13.82,0.67,5.0,3.11,0.22,0.33,4.78,1.67,0.78,13.0,4.33,2.56,58.98,67.64,0.44,0.0,7.89,1.78,43.75,0.78,4.67
1173,Super Liga (RS),18576,Gboly Ariyibi,G. Ariyibi,1995-01-18,69.37,16.85,20.42,14,13,1,704.0,54.15,0.23,1.54,172.0,13.23,9.85,74.42,74.63,14.94,0.77,2.62,1.92,0.54,0.23,2.31,0.69,0.46,18.92,5.0,3.62,72.31,68.68,0.69,0.15,15.38,3.46,62.22,2.15,3.77
1173,Super Liga (RS),19170,Issah Abass,I. Abass,1998-09-26,51.82,12.7,12.36,14,13,1,694.0,53.38,0.15,1.0,203.0,15.62,10.38,66.5,73.06,15.88,1.0,4.54,2.62,0.92,0.23,2.92,1.0,0.62,19.46,6.15,3.85,62.5,66.85,0.31,0.08,18.54,4.38,38.6,1.69,5.15
1173,Super Liga (RS),19277,Miloš Pantović,M. Pantović,1996-07-07,50.21,13.71,12.38,18,17,1,976.0,57.41,0.12,0.65,307.0,18.06,15.18,84.04,84.06,14.88,1.12,5.35,3.47,0.41,0.18,8.41,1.88,1.24,10.24,3.88,2.76,71.21,71.02,0.24,0.0,7.65,1.76,56.67,1.0,3.71
1173,Super Liga (RS),19802,Elimane Franck Kanouté,F. Kanouté,1998-12-13,75.13,18.45,20.1,21,19,2,2082.0,109.58,0.11,1.16,584.0,30.74,26.11,84.93,88.34,19.15,3.47,8.53,3.79,0.26,0.32,15.63,4.42,2.95,14.37,5.26,4.26,81.0,77.52,0.47,0.05,9.58,1.68,56.25,0.95,4.0
1173,Super Liga (RS),20127,Žarko Udovičić,Ž. Udovičić,1987-08-31,88.34,21.19,28.64,31,31,0,2917.0,94.1,0.13,1.65,976.0,31.48,22.65,71.93,74.04,17.28,2.35,9.06,4.74,1.1,0.52,18.77,5.81,3.48,28.81,11.06,7.55,68.22,67.65,0.87,0.1,18.45,5.19,37.89,1.97,11.39
1173,Super Liga (RS),22132,Slobodan Simović,S. Simović,1989-05-22,93.19,24.59,22.25,29,27,2,3579.0,132.56,0.11,1.19,1099.0,40.7,34.41,84.53,88.88,21.44,5.19,5.89,6.41,0.04,0.07,40.11,9.33,6.78,21.22,6.33,5.15,81.29,81.68,0.48,0.11,6.67,1.15,51.61,0.59,6.07
1173,Super Liga (RS),22217,Nikola Vasiljević,N. Vasiljević,1996-06-24,97.75,22.06,29.82,30,29,1,1150.0,39.66,0.0,0.07,364.0,12.55,7.86,62.64,77.79,28.84,3.14,3.62,1.07,0.0,0.0,17.17,5.21,2.17,5.86,1.45,1.17,80.95,90.46,0.03,0.0,0.0,0.0,,0.0,2.41
1173,Super Liga (RS),22903,Dragan Rosić,D. Rosić,1996-09-22,98.76,24.72,25.19,35,34,1,1423.0,41.85,0.03,0.12,452.0,13.29,8.71,65.49,80.73,27.63,3.03,3.53,1.32,0.0,0.0,16.03,5.06,1.88,7.44,2.06,1.82,88.57,91.16,0.03,0.0,0.03,0.0,,0.0,1.79
1173,Super Liga (RS),22904,Aleksandar Lutovac,A. Lutovac,1997-06-28,87.12,20.71,23.32,24,23,1,1570.0,68.26,0.22,1.52,477.0,20.74,14.13,68.13,73.22,14.52,0.78,6.52,2.91,1.04,0.35,5.48,1.39,0.91,21.74,7.57,4.87,64.37,66.62,0.87,0.09,18.35,5.17,43.7,2.26,7.39
1173,Super Liga (RS),23086,Ugo Bonnet,U. Bonnet,1993-09-17,55.38,12.39,15.83,11,11,0,331.0,30.09,0.0,0.91,108.0,9.82,8.27,84.26,82.31,13.0,0.27,3.0,2.09,0.36,0.27,0.73,0.27,0.27,9.73,3.45,2.73,78.95,76.64,0.36,0.0,7.36,1.36,80.0,1.09,1.73
1173,Super Liga (RS),23102,Sarpreet Singh,S. Singh,1999-02-20,63.05,18.45,15.06,15,15,0,856.0,57.07,0.13,1.6,251.0,16.73,13.13,78.49,79.38,13.36,0.6,3.93,2.87,0.47,0.4,4.67,1.2,0.73,13.93,4.93,3.53,71.62,68.72,0.73,0.07,14.93,4.2,57.14,2.4,4.27
1173,Super Liga (RS),23175,Nemanja Milunović,N. Milunović,1989-05-31,78.86,19.52,20.2,9,8,1,813.0,101.62,0.12,1.12,293.0,36.62,27.5,75.09,82.23,21.29,4.25,11.12,3.12,0.25,0.0,29.88,9.5,5.5,9.5,3.38,2.88,85.19,85.04,0.12,0.0,3.0,1.25,50.0,0.62,9.38
1173,Super Liga (RS),23176,Aleksa Vukanović,A. Vukanović,1992-06-18,71.23,18.63,18.32,34,33,1,1453.0,44.03,0.15,1.39,412.0,12.48,8.88,71.12,76.16,12.95,0.3,4.88,1.82,0.97,0.61,2.0,0.55,0.3,17.48,5.58,3.73,66.85,68.24,0.94,0.09,13.79,3.7,59.02,2.18,3.67
1173,Super Liga (RS),23523,Aleksandar Katai,A. Katai,1991-02-06,76.58,26.24,15.11,30,28,2,2757.0,98.46,0.43,3.46,856.0,30.57,23.86,78.04,79.03,14.24,1.36,10.11,3.57,2.54,0.96,9.29,3.11,2.25,36.64,12.04,8.54,70.92,70.57,1.96,0.32,38.61,9.71,57.35,5.57,7.57
1173,Super Liga (RS),23528,Irfan Hadžić,I. Hadžić,1993-06-15,31.93,7.34,9.85,28,28,0,441.0,15.75,0.04,0.36,129.0,4.61,3.25,70.54,73.81,12.72,0.21,2.29,0.54,0.36,0.18,0.5,0.18,0.07,6.39,1.93,1.18,61.11,66.75,0.29,0.04,4.89,1.14,43.75,0.5,1.43
1173,Super Liga (RS),23898,Miloš Vulić,M. Vulić,1996-08-19,79.64,19.65,22.77,30,29,1,3604.0,124.28,0.17,1.59,914.0,31.52,26.1,82.82,85.86,16.64,1.66,5.72,4.76,0.55,0.45,20.66,5.17,4.0,23.59,6.69,5.14,76.8,80.86,0.62,0.1,19.86,3.83,55.86,2.14,4.72
1173,Super Liga (RS),23899,Njegos Petrovic,N. Petrovic,1999-07-18,83.99,20.9,21.28,33,33,0,4175.0,126.52,0.3,2.45,1245.0,37.73,32.76,86.83,85.64,17.13,3.24,9.09,6.61,0.58,0.7,21.45,6.48,5.58,22.42,9.06,7.09,78.26,74.95,1.06,0.06,13.91,3.61,65.55,2.36,6.15
1173,Super Liga (RS),23979,Djordje Nikolić,D. Nikolić,1997-04-13,99.89,22.97,25.56,5,5,0,245.0,49.0,0.0,0.0,85.0,17.0,11.4,67.06,81.12,29.77,4.0,3.6,1.4,0.0,0.0,24.8,6.6,2.4,6.2,1.8,1.6,88.89,96.72,0.0,0.0,0.0,0.0,,0.0,1.4
1173,Super Liga (RS),24330,Mihai Butean,M. Butean,1996-09-14,38.99,9.46,10.35,10,10,0,456.0,45.6,0.0,0.5,169.0,16.9,14.2,84.02,85.62,16.52,0.6,3.8,3.6,0.2,0.1,11.1,3.8,3.2,10.7,3.6,3.2,88.89,81.4,0.5,0.0,3.7,1.0,60.0,0.6,2.9
1173,Super Liga (RS),25038,Boubacari Doucouré,B. Doucouré,1999-03-19,89.89,20.96,26.91,35,34,1,3163.0,93.03,0.15,1.47,1114.0,32.76,27.32,83.39,83.95,15.81,1.82,11.06,7.12,0.59,0.35,11.03,3.71,2.71,17.91,7.12,5.71,80.16,75.68,0.65,0.12,8.91,2.32,64.56,1.5,5.97
1173,Super Liga (RS),25045,Ghayas Zahid,G. Zahid,1994-09-08,22.38,7.18,3.93,11,11,0,620.0,56.36,0.09,1.27,160.0,14.55,12.82,88.12,87.69,14.41,0.45,2.09,2.45,0.36,0.45,7.09,1.55,1.45,10.18,3.0,2.45,81.82,79.63,0.27,0.09,14.45,2.64,68.97,1.82,1.91
1173,Super Liga (RS),25060,Moussa Sissako,M. Sissako,2000-11-10,59.97,14.39,16.99,25,25,0,1761.0,70.44,0.04,0.64,575.0,23.0,19.6,85.22,88.02,18.46,2.16,5.4,4.48,0.04,0.04,13.52,3.36,2.2,10.56,3.56,2.72,76.41,78.69,0.12,0.0,5.56,1.2,50.0,0.6,3.44
1173,Super Liga (RS),25619,Ismael Casas Casado,Ismael Casas,2001-03-07,95.03,22.99,25.28,27,27,0,3030.0,112.22,0.15,1.93,995.0,36.85,27.85,75.58,78.42,17.42,3.04,8.7,6.52,0.63,0.48,25.04,6.59,4.74,27.44,9.07,6.22,68.57,72.43,0.63,0.07,14.56,4.26,38.26,1.63,10.33
1173,Super Liga (RS),25836,Iván Martos Campillo,Iván Martos,1997-05-15,93.64,22.91,24.04,14,14,0,1146.0,81.86,0.14,1.21,444.0,31.71,23.07,72.75,80.24,18.03,3.29,10.07,7.14,1.0,0.36,22.29,8.0,4.86,18.21,8.57,5.64,65.83,71.68,0.64,0.0,8.36,2.64,32.43,0.86,8.07
1173,Super Liga (RS),27272,Rodrigo de Souza Prado,Rodrigão,1995-09-11,86.02,29.52,17.08,21,20,1,3471.0,173.55,0.3,1.75,1214.0,60.7,53.95,88.88,91.83,18.23,4.2,8.1,13.1,0.2,0.15,48.1,12.75,10.15,21.15,8.3,6.85,82.53,84.01,0.55,0.1,4.45,1.4,46.43,0.65,5.6
1173,Super Liga (RS),28249,Lucas Barros da Cunha,Lucas Barros,1999-08-21,79.31,18.77,19.88,22,22,0,1650.0,75.0,0.27,1.23,564.0,25.64,20.09,78.37,83.45,15.82,1.73,5.5,5.14,0.23,0.32,15.27,4.32,2.91,16.32,5.64,4.23,75.0,76.18,0.41,0.23,9.23,1.82,50.0,0.91,5.59
1173,Super Liga (RS),28868,Nikola Mirković,N. Mirković,1991-07-26,98.15,26.21,23.98,9,8,1,561.0,70.12,0.0,0.0,167.0,20.88,14.5,69.46,81.89,28.07,5.0,5.38,2.25,0.0,0.0,30.0,8.38,3.88,10.12,2.38,2.12,89.47,92.9,0.0,0.0,0.0,0.0,,0.0,3.25
1173,Super Liga (RS),29011,Nemanja Milojević,N. Milojević,1998-02-23,53.52,12.29,18.62,27,27,0,1286.0,47.63,0.04,0.93,379.0,14.04,11.37,81.0,82.47,15.87,0.7,4.96,1.89,0.26,0.11,5.15,1.41,1.11,11.89,3.93,3.15,80.19,76.49,0.33,0.04,8.37,1.52,56.1,0.85,3.07
1173,Super Liga (RS),29661,Nikola Kuveljić,N. Kuveljić,1997-04-06,80.94,22.47,23.17,14,14,0,1861.0,132.93,0.14,1.21,555.0,39.64,34.64,87.39,89.13,15.22,1.21,9.29,6.21,0.71,0.43,26.64,6.36,5.0,18.5,6.43,5.21,81.11,79.84,0.43,0.07,12.29,3.21,57.78,1.86,4.07
1173,Super Liga (RS),29669,Milan Radin,M. Radin,1991-06-25,70.13,19.1,17.5,23,23,0,2518.0,109.48,0.04,1.7,751.0,32.65,27.04,82.82,87.21,15.88,2.0,10.0,5.43,0.3,0.52,22.39,5.22,3.87,13.83,4.43,3.43,77.45,71.93,0.61,0.09,11.35,2.65,45.9,1.22,4.35
1173,Super Liga (RS),29717,Alen Stevanović,A. Stevanović,1991-01-07,17.58,3.82,6.57,1,1,0,25.0,25.0,0.0,0.0,9.0,9.0,8.0,88.89,95.23,13.56,0.0,2.0,1.0,0.0,0.0,0.0,0.0,0.0,8.0,2.0,1.0,50.0,88.14,0.0,0.0,10.0,0.0,,0.0,0.0
1173,Super Liga (RS),29785,Saša Jovanović,S. Jovanović,1991-12-15,77.1,22.16,18.27,29,29,0,1129.0,38.93,0.14,1.55,352.0,12.14,6.93,57.1,66.05,13.95,0.59,3.83,1.59,1.34,0.66,1.41,0.52,0.24,18.62,6.45,3.52,54.55,61.93,1.17,0.14,16.93,5.24,39.47,2.07,5.28
1173,Super Liga (RS),29841,Sylvester  Jasper,S. Jasper,2001-09-13,81.82,25.04,19.51,32,30,2,3193.0,106.43,0.2,2.0,826.0,27.53,21.9,79.54,80.65,15.35,1.53,4.27,3.27,0.63,0.6,9.8,1.8,1.33,33.07,8.07,5.57,69.01,68.07,1.13,0.17,32.97,6.47,46.91,3.03,7.23
1173,Super Liga (RS),29908,Dragoljub Savić,D. Savić,2001-04-25,57.79,16.29,13.48,34,34,0,1743.0,51.26,0.15,1.56,528.0,15.53,11.26,72.54,76.26,14.26,0.53,3.68,2.24,0.65,0.35,4.21,1.5,0.94,18.12,5.82,3.68,63.13,65.47,0.94,0.15,16.68,4.24,45.83,1.94,4.71
1173,Super Liga (RS),30277,Felício Mendes João Milson,Milson,1999-10-12,65.02,22.65,12.45,13,13,0,1227.0,94.38,0.62,3.15,335.0,25.77,20.15,78.21,77.44,12.95,0.69,3.62,3.54,0.92,0.92,5.0,1.54,1.0,34.77,10.23,7.62,74.44,68.01,1.85,0.46,35.92,9.0,58.97,5.31,7.62
1173,Super Liga (RS),31089,Paul Mbong,P. Mbong,2001-09-02,41.67,11.33,10.2,5,5,0,188.0,37.6,0.0,1.0,48.0,9.6,8.4,87.5,82.56,14.03,0.4,1.8,1.2,0.2,0.2,2.4,0.8,0.8,12.8,4.4,3.6,81.82,77.42,1.0,0.0,11.2,1.2,50.0,0.6,1.6
1173,Super Liga (RS),31402,Loué Bayéré Junior,L. Bayere,2001-01-14,71.57,17.08,21.44,31,30,1,850.0,28.33,0.07,0.87,246.0,8.2,6.4,78.05,76.6,12.2,0.2,2.63,1.03,0.27,0.27,0.4,0.07,0.07,13.13,4.13,3.13,75.81,71.96,0.7,0.07,9.17,1.93,56.9,1.1,2.27
1173,Super Liga (RS),31553,Lincoln Corrêa dos Santos,Lincoln,2000-12-16,68.05,16.76,19.73,16,15,1,777.0,51.8,0.2,1.67,239.0,15.93,12.27,76.99,75.17,11.45,0.67,6.2,3.13,1.2,1.0,1.47,0.47,0.4,18.87,6.87,5.33,77.67,72.76,1.0,0.13,16.27,4.13,64.52,2.67,4.73
1173,Super Liga (RS),31589,Ezequiel Santos da Silva,Ezequiel,1998-03-09,72.49,18.99,21.63,13,13,0,1217.0,93.62,0.46,1.85,333.0,25.62,20.69,80.78,81.64,13.93,0.54,4.85,4.31,1.08,0.69,8.62,2.23,1.62,29.46,9.0,7.23,80.34,73.85,1.23,0.31,21.15,4.92,64.06,3.15,4.92
1173,Super Liga (RS),32162,Egor Prutsev,E. Prutsev,2002-12-23,59.11,15.99,15.56,18,18,0,1065.0,59.17,0.22,1.28,246.0,13.67,9.56,69.92,77.31,14.11,0.44,2.67,1.11,0.39,0.39,6.06,1.61,0.89,22.06,5.94,3.78,63.55,69.67,0.83,0.22,24.22,4.44,53.75,2.39,4.22
1173,Super Liga (RS),32169,Stefan Milić,S. Milić,2000-07-06,84.53,26.23,18.59,31,31,0,4380.0,141.29,0.1,0.87,1552.0,50.06,44.45,88.79,90.83,17.95,3.26,7.97,7.9,0.23,0.06,41.35,12.1,9.26,22.77,8.81,7.65,86.81,85.15,0.32,0.1,3.68,1.26,58.97,0.74,6.03
1173,Super Liga (RS),32444,Baptiste Roux,B. Roux,1999-11-26,85.84,24.78,20.74,25,25,0,3370.0,134.8,0.08,0.76,1337.0,53.48,45.64,85.34,90.7,19.57,4.4,10.52,12.56,0.2,0.2,37.32,9.56,6.44,12.72,4.84,3.64,75.21,79.7,0.08,0.0,4.48,1.32,36.36,0.48,6.88
1173,Super Liga (RS),32533,Strahinja Eraković,S. Eraković,2001-01-22,87.75,29.35,16.23,13,11,2,1723.0,156.64,0.18,0.64,693.0,63.0,57.55,91.34,93.56,17.96,3.64,9.36,14.36,0.36,0.0,38.18,10.55,8.64,23.36,10.18,8.73,85.72,86.05,0.36,0.18,4.09,1.36,40.0,0.55,4.91
1173,Super Liga (RS),33160,Yankuba Jarju,Y. Jarju,1996-08-20,33.24,9.19,8.34,12,11,1,156.0,14.18,0.0,0.27,50.0,4.55,3.45,76.0,79.04,10.76,0.0,2.0,0.55,0.36,0.09,0.09,0.0,0.0,6.18,1.82,1.36,75.0,71.01,0.18,0.0,5.27,1.09,66.67,0.73,1.18
1173,Super Liga (RS),33163,Antoine Batisse,A. Batisse,1995-01-13,85.51,20.93,24.6,16,16,0,1626.0,101.62,0.0,0.5,603.0,37.69,31.75,84.25,85.97,20.96,3.94,7.94,7.31,0.12,0.0,30.0,9.06,6.38,15.19,5.94,4.75,80.0,78.18,0.25,0.0,2.44,0.56,77.78,0.44,7.69
1173,Super Liga (RS),33380,Demba Seck,D. Seck,2001-02-10,85.56,26.74,19.32,35,35,0,3483.0,99.51,0.31,2.0,801.0,22.89,18.09,79.03,80.57,15.35,1.0,3.8,1.86,0.34,0.31,6.51,1.0,0.8,34.34,7.0,4.74,67.76,70.1,1.0,0.17,31.2,6.23,51.38,3.2,5.43
1173,Super Liga (RS),33503,Slobodan Tedić,S. Tedić,2000-04-13,89.04,21.69,23.36,36,34,2,1252.0,36.82,0.18,1.29,447.0,13.15,9.32,70.92,72.01,12.44,0.29,7.53,1.97,1.85,0.71,0.65,0.26,0.15,15.44,5.97,4.35,72.91,70.83,0.94,0.06,12.94,3.88,61.36,2.38,4.29
1173,Super Liga (RS),33855,Nikola Boranijašević,N. Boranijašević,1992-05-19,66.27,15.77,22.34,16,16,0,1122.0,70.12,0.12,0.88,357.0,22.31,16.12,72.27,76.97,15.96,1.5,6.0,4.19,0.44,0.38,10.88,3.19,2.06,20.5,6.88,5.19,75.45,71.13,0.5,0.06,10.69,3.25,48.08,1.56,6.88
1173,Super Liga (RS),35066,John Mary Honi Uzuegbunam,Honi Uzuegbunam,1993-03-09,36.03,8.54,8.58,24,23,1,469.0,20.39,0.09,0.35,110.0,4.78,3.04,63.64,69.44,12.53,0.13,1.48,0.35,0.39,0.13,0.7,0.17,0.17,8.52,1.96,1.13,57.78,61.15,0.13,0.04,8.43,1.78,43.9,0.78,1.96
1173,Super Liga (RS),35269,Sambou Sissoko,S. Sissoko,2000-06-29,87.01,20.89,23.12,32,30,2,2914.0,97.13,0.17,1.47,978.0,32.6,27.67,84.87,87.25,17.85,3.17,9.6,7.63,0.53,0.3,14.1,3.8,2.97,14.0,5.07,4.17,82.24,82.36,0.47,0.1,9.8,1.87,50.0,0.93,4.4
1173,Super Liga (RS),35361,Omri Glazer,O. Glazer,1996-03-11,96.34,31.81,18.88,5,5,0,267.0,53.4,0.0,0.0,105.0,21.0,16.2,77.14,85.77,24.18,4.6,6.4,2.8,0.0,0.0,17.6,5.0,2.2,14.8,5.2,4.8,92.31,95.44,0.0,0.0,0.0,0.0,,0.0,3.8
1173,Super Liga (RS),35848,José Daniel Mulato Palacios,J. Mulato,2003-01-09,56.46,15.19,15.31,6,6,0,230.0,38.33,0.0,1.33,76.0,12.67,10.83,85.53,77.22,11.96,0.5,3.33,4.0,0.5,1.17,0.33,0.17,0.0,10.5,4.5,3.67,81.48,72.94,1.17,0.0,9.5,3.5,71.43,2.5,3.17
1173,Super Liga (RS),35977,António Pina Gomes,A. Gomes,2000-08-29,37.73,10.64,9.15,5,5,0,265.0,53.0,0.0,1.8,62.0,12.4,11.2,90.33,85.24,14.09,0.8,1.8,2.2,0.0,0.0,6.2,1.8,1.4,9.8,2.6,2.4,92.31,86.17,0.4,0.0,11.4,1.8,77.78,1.4,1.8
1173,Super Liga (RS),37003,Milan Vukotić,M. Vukotić,2002-10-05,86.8,27.52,19.18,35,35,0,5382.0,153.77,0.43,4.06,1464.0,41.83,33.71,80.6,82.26,16.86,3.91,9.4,6.8,1.06,1.57,20.54,5.29,3.57,40.89,12.66,9.2,72.69,71.94,2.17,0.17,40.97,8.83,57.93,5.11,9.31
1173,Super Liga (RS),37099,Jovan Nišić,J. Nišić,1998-03-03,54.12,15.02,12.88,13,12,1,1356.0,113.0,0.0,1.42,427.0,35.58,30.58,85.95,87.06,15.74,1.75,7.42,7.92,0.5,0.75,20.08,5.33,4.42,16.42,6.42,5.5,85.71,79.06,0.42,0.0,13.58,3.25,58.97,1.92,5.42
1173,Super Liga (RS),37105,Miloš Pantović,M. Pantović,2002-08-24,34.41,10.37,8.69,3,3,0,129.0,43.0,0.0,0.67,32.0,10.67,8.33,78.13,87.49,12.79,0.33,2.33,1.0,0.33,0.33,1.0,0.0,0.0,13.67,3.0,2.0,66.67,80.42,0.67,0.0,17.67,2.0,50.0,1.0,1.67
1173,Super Liga (RS),37106,Miloje Preković,M. Preković,1991-06-07,95.69,24.71,29.46,4,4,0,333.0,83.25,0.5,0.25,117.0,29.25,22.25,76.07,85.29,26.16,5.75,7.25,3.75,0.0,0.0,33.25,8.75,4.0,14.75,5.75,5.75,100.0,97.02,0.0,0.0,0.0,0.0,,0.0,3.25
1173,Super Liga (RS),37108,Miloš Krunić,M. Krunić,1996-11-22,94.96,27.69,21.7,3,3,0,230.0,76.67,0.0,0.0,75.0,25.0,19.67,78.67,86.6,19.39,2.67,3.67,4.67,0.0,0.0,24.33,6.33,2.33,13.33,4.67,4.0,85.71,89.88,0.0,0.0,0.0,0.0,,0.0,5.0
1173,Super Liga (RS),37122,Miloš Šatara,M. Šatara,1995-10-28,88.38,24.92,20.52,9,9,0,1164.0,129.33,0.0,0.67,419.0,46.56,40.67,87.35,90.09,19.75,4.78,8.33,7.0,0.0,0.0,41.56,8.67,5.89,17.11,6.22,5.11,82.14,78.37,0.67,0.11,3.0,0.44,75.0,0.33,7.33
1173,Super Liga (RS),37125,Filip Zunić,F. Zunić,2002-05-16,71.12,17.15,23.71,24,24,0,1720.0,71.67,0.0,1.5,536.0,22.33,18.17,81.34,82.94,18.15,1.92,5.21,3.08,0.25,0.17,7.79,2.0,1.25,14.25,5.62,4.38,77.78,75.74,0.75,0.0,8.62,2.29,50.91,1.17,4.96
1173,Super Liga (RS),37134,Bojica Nikčević,B. Nikčević,2000-02-04,54.06,12.5,15.4,24,22,2,782.0,35.55,0.14,0.95,255.0,11.59,8.18,70.59,71.22,16.64,1.05,2.14,1.82,0.18,0.27,4.36,1.27,0.82,10.18,3.41,2.32,68.0,62.44,0.41,0.09,8.36,2.68,45.76,1.23,5.0
1173,Super Liga (RS),37139,Nikola Vukajlović,N. Vukajlović,1996-05-13,71.27,17.1,20.9,24,24,0,1619.0,67.46,0.08,0.92,559.0,23.29,17.75,76.21,80.45,16.18,1.67,4.58,3.88,0.5,0.17,17.75,5.75,3.88,13.75,5.5,3.96,71.97,73.01,0.04,0.0,7.58,1.83,45.45,0.83,6.17
1173,Super Liga (RS),37159,Janko Tumbasević,J. Tumbasević,1985-01-14,76.61,18.23,25.17,30,30,0,2913.0,97.1,0.07,1.1,943.0,31.43,27.03,86.0,87.32,14.59,1.0,10.3,6.73,0.27,0.17,14.23,3.6,2.97,10.8,4.43,3.3,74.44,76.24,0.17,0.03,5.53,1.27,57.9,0.73,4.17
1173,Super Liga (RS),37173,Borko Duronjić,B. Duronjić,1997-09-24,58.85,13.56,15.61,23,21,2,992.0,47.24,0.05,1.19,281.0,13.38,9.86,73.67,74.98,14.83,0.67,4.29,1.43,0.76,0.33,2.71,0.76,0.48,15.14,5.1,3.48,68.23,67.2,0.57,0.05,14.67,3.38,54.93,1.86,4.24
1173,Super Liga (RS),37177,Lazar Tufegdžić,L. Tufegdžić,1997-02-22,47.98,12.58,10.84,23,21,2,893.0,42.52,0.05,1.33,287.0,13.67,10.24,74.91,77.12,15.11,0.9,3.19,2.57,0.76,0.52,3.86,0.95,0.71,13.24,4.71,3.24,68.69,71.42,0.62,0.05,12.19,3.67,50.65,1.86,4.05
1173,Super Liga (RS),37198,Nemanja Krstić,N. Krstić,1994-08-05,20.53,3.29,6.04,4,4,0,62.0,15.5,0.0,0.0,19.0,4.75,4.25,89.47,88.58,17.47,0.5,1.0,1.5,0.0,0.0,3.0,0.75,0.5,3.0,1.0,0.75,75.0,86.58,0.0,0.0,2.5,0.0,,0.0,0.25
1173,Super Liga (RS),37468,Stefan Vilotić,S. Vilotić,1999-10-16,68.84,14.7,21.38,21,20,1,982.0,49.1,0.2,0.85,357.0,17.85,12.45,69.75,77.78,17.0,1.4,5.55,4.05,0.8,0.25,11.6,3.95,2.8,13.95,5.5,3.8,69.09,71.59,0.5,0.2,6.9,2.0,35.0,0.7,5.2
1173,Super Liga (RS),37903,Kayque Luiz Pereira,Kayque,2000-07-12,94.15,19.67,28.14,3,3,0,287.0,95.67,0.33,1.33,77.0,25.67,22.0,85.71,82.34,14.87,1.33,8.33,5.0,1.0,0.33,9.67,4.33,2.67,13.33,4.67,3.67,78.57,63.53,0.67,0.0,10.67,2.67,37.5,1.0,6.33
1173,Super Liga (RS),38544,Kwaku Bonsu Osei,B. Osei,2000-08-17,72.9,18.83,20.68,32,31,1,1420.0,45.81,0.23,1.45,416.0,13.42,10.48,78.12,78.98,12.8,0.32,4.35,2.16,0.58,0.48,1.29,0.29,0.23,20.19,5.94,4.39,73.91,71.58,1.0,0.23,16.74,3.35,64.42,2.16,3.23
1173,Super Liga (RS),40823,Ebenezer Isaac Annan,E. Annan,2002-08-21,16.82,4.07,3.58,1,1,0,17.0,17.0,0.0,1.0,6.0,6.0,6.0,100.0,81.2,15.21,1.0,2.0,0.0,2.0,0.0,0.0,0.0,0.0,4.0,2.0,2.0,100.0,56.66,1.0,0.0,8.0,3.0,100.0,3.0,2.0
1173,Super Liga (RS),46130,Lazar Mijović,L. Mijović,2003-03-12,50.07,12.99,12.42,12,12,0,488.0,40.67,0.0,1.33,125.0,10.42,7.92,76.0,76.18,14.56,0.5,1.83,1.0,0.33,0.0,2.33,0.5,0.25,15.08,4.08,3.08,75.51,68.69,0.58,0.0,12.5,2.67,59.37,1.58,3.33
1173,Super Liga (RS),46171,Aleksandar Pejović,A. Pejović,1990-12-28,64.61,14.84,16.48,29,28,1,2796.0,99.86,0.25,2.0,900.0,32.14,23.89,74.33,77.71,18.43,3.21,10.0,6.43,0.96,0.75,22.96,7.79,5.14,17.21,7.93,5.39,68.02,66.53,0.96,0.21,11.18,3.57,47.0,1.68,9.89
1173,Super Liga (RS),49411,Petar Bojić,P. Bojić,1991-09-04,65.14,15.53,21.66,29,29,0,1294.0,44.62,0.1,1.03,398.0,13.72,9.93,72.36,76.53,12.78,0.38,5.28,1.93,0.79,0.45,2.24,0.45,0.28,17.0,5.86,4.31,73.53,73.12,0.83,0.17,11.62,3.31,52.08,1.72,3.86
1173,Super Liga (RS),49412,Nikola Andrič,N. Andrič,1992-05-23,83.65,19.29,28.36,23,23,0,1357.0,59.0,0.0,0.7,531.0,23.09,16.87,73.07,77.99,16.42,1.39,7.48,5.35,0.17,0.26,14.52,4.91,3.04,11.78,4.26,3.09,72.45,68.67,0.3,0.0,4.39,1.48,26.47,0.39,7.43
1173,Super Liga (RS),49414,Arandjel Stojković,A. Stojković,1995-03-02,51.58,15.13,12.38,16,16,0,921.0,57.56,0.19,0.75,319.0,19.94,16.62,83.39,87.07,16.43,1.25,5.5,3.44,0.38,0.19,14.38,5.06,4.0,11.06,3.81,2.94,77.05,81.78,0.38,0.06,5.44,1.44,52.17,0.75,3.31
1173,Super Liga (RS),49675,Radivoj Bosić,R. Bosić,2000-12-01,80.59,22.39,19.85,31,28,3,2160.0,77.14,0.29,2.18,502.0,17.93,12.89,71.91,72.78,17.13,1.82,2.96,2.43,0.5,0.61,5.39,1.39,0.82,27.75,6.54,4.36,66.67,60.97,1.21,0.25,29.36,5.93,54.22,3.21,6.5
1173,Super Liga (RS),49677,Timi Max Elšnik,T. Elšnik,1998-04-29,72.32,24.5,14.2,28,26,2,3431.0,131.96,0.46,3.27,1100.0,42.31,37.62,88.91,88.08,15.57,1.96,10.42,10.04,0.96,1.58,22.73,6.42,5.58,20.96,7.77,6.69,86.14,81.55,1.23,0.15,21.96,5.31,73.19,3.88,5.19
1173,Super Liga (RS),49713,Ognjen Čančarević,O. Čančarević,1989-09-25,97.35,23.3,25.16,15,15,0,1248.0,83.2,0.0,0.13,316.0,21.07,13.2,62.66,78.11,36.73,8.07,5.2,2.0,0.0,0.0,42.2,12.27,5.73,8.0,1.2,1.2,100.0,97.29,0.0,0.0,0.0,0.0,,0.0,2.93
1173,Super Liga (RS),49745,Issa Bah,I. Bah,2002-07-05,63.92,15.79,16.26,18,16,2,847.0,52.94,0.12,1.38,224.0,14.0,10.19,72.77,76.29,13.36,0.44,2.75,1.06,0.25,0.25,2.94,0.62,0.31,20.56,5.5,3.62,65.91,70.48,0.62,0.06,17.75,4.25,55.88,2.38,3.94
1173,Super Liga (RS),50067,Igor Ivanović,I. Ivanović,1997-07-28,51.79,15.99,9.48,6,5,1,447.0,89.4,0.4,1.6,103.0,20.6,17.4,84.47,82.42,15.7,1.6,4.4,2.2,0.4,0.0,10.6,2.2,2.2,19.8,3.8,2.8,73.68,70.81,1.0,0.4,25.2,3.6,61.11,2.2,4.2
1173,Super Liga (RS),57215,Haris Hajdarević,H. Hajdarević,1998-10-07,72.99,16.3,19.19,35,33,2,2300.0,69.7,0.21,2.27,641.0,19.42,14.55,74.88,78.63,14.41,1.0,5.18,3.42,1.03,0.88,4.15,1.3,0.88,22.36,7.27,5.15,70.83,71.73,1.24,0.12,18.45,4.88,54.66,2.67,4.85
1173,Super Liga (RS),58654,Abdul Razak Yusif,A. Yusif,2001-08-09,71.88,20.71,18.67,19,17,2,1334.0,78.47,0.24,0.88,490.0,28.82,23.88,82.86,86.6,17.19,2.12,7.24,4.88,0.47,0.18,17.59,5.59,4.35,14.0,5.76,4.35,75.51,77.62,0.35,0.18,6.47,1.94,39.39,0.76,4.71
1173,Super Liga (RS),59891,Aleksandar Cvetković,A. Cvetković,1995-06-04,57.98,19.43,13.78,1,1,0,87.0,87.0,0.0,0.0,41.0,41.0,36.0,87.8,96.17,20.83,3.0,6.0,9.0,0.0,0.0,19.0,5.0,4.0,7.0,1.0,0.0,0.0,48.63,0.0,0.0,0.0,0.0,,0.0,2.0
1173,Super Liga (RS),60647,Edmund Addo,E. Addo,2000-05-17,71.57,18.13,18.02,20,19,1,1944.0,102.32,0.11,1.21,506.0,26.63,21.63,81.22,85.28,18.3,2.42,4.0,3.58,0.37,0.37,17.68,4.11,2.89,14.11,5.11,3.47,68.04,72.4,0.53,0.05,9.21,2.79,58.49,1.63,4.74
1173,Super Liga (RS),60818,Bubacar Boi Djaló,B. Djaló,1997-02-02,42.46,12.67,12.18,3,3,0,149.0,49.67,0.0,1.33,55.0,18.33,15.33,83.63,92.39,16.78,0.0,3.67,4.0,0.0,0.0,10.0,2.67,1.33,7.67,2.67,2.33,87.5,92.09,0.0,0.0,4.33,1.0,66.67,0.67,1.33
1173,Super Liga (RS),61681,Tomás Romano Pereira dos Santos Händel,Tomás Händel,2000-11-27,57.56,19.9,11.27,27,25,2,2643.0,105.72,0.24,2.6,877.0,35.08,31.84,90.76,89.76,14.97,1.4,8.24,9.6,0.84,0.72,18.6,5.08,4.52,15.32,6.44,5.64,87.58,80.76,1.04,0.08,16.04,3.56,71.91,2.56,3.48
1173,Super Liga (RS),61721,Mohamed Cissé,M. Cissé,2001-04-26,76.8,19.48,19.83,13,13,0,962.0,74.0,0.15,1.77,231.0,17.77,12.62,71.0,76.67,14.21,0.62,3.31,1.0,0.46,0.08,4.0,0.31,0.08,25.92,6.23,4.31,69.14,67.25,0.69,0.0,26.15,5.38,57.14,3.08,5.08
1173,Super Liga (RS),61740,Vieiri Kotzebue,V. Kotzebue,2002-08-31,53.42,12.57,16.08,16,16,0,263.0,16.44,0.19,0.62,99.0,6.19,4.75,76.77,72.78,13.34,0.31,3.06,0.88,0.75,0.25,0.25,0.06,0.0,6.12,2.12,1.62,76.47,65.1,0.25,0.06,5.69,1.56,64.0,1.0,2.06
1173,Super Liga (RS),61741,Ayouba Kosiah,A. Kosiah,2001-07-22,47.77,10.07,14.39,10,9,1,175.0,19.44,0.0,0.22,50.0,5.56,3.78,68.0,83.71,11.39,0.11,1.89,1.22,0.44,0.0,0.33,0.11,0.11,8.56,2.44,1.78,72.73,78.63,0.11,0.0,5.56,0.89,25.0,0.22,1.0
1173,Super Liga (RS),63428,Charly Keita,C. Keita,1999-06-16,55.44,13.72,14.32,22,22,0,582.0,26.45,0.09,0.82,160.0,7.27,5.41,74.38,77.23,10.14,0.09,2.41,1.05,0.55,0.27,0.59,0.09,0.0,12.36,3.27,2.27,69.44,73.47,0.5,0.09,8.68,2.14,61.7,1.32,1.91
1173,Super Liga (RS),64253,Uroš Kabić,U. Kabić,2004-01-01,48.11,12.87,12.12,26,24,2,1150.0,47.92,0.08,0.96,295.0,12.29,8.83,71.86,76.82,15.38,0.88,2.92,1.21,0.62,0.12,4.33,1.17,0.67,15.96,4.46,2.92,65.42,70.95,0.38,0.08,15.04,3.17,51.32,1.62,3.92
1173,Super Liga (RS),64255,Igor Jeličić,I. Jeličić,2000-02-28,41.12,6.82,15.67,3,3,0,66.0,22.0,0.0,0.0,18.0,6.0,5.33,88.89,84.51,16.12,0.33,1.33,1.0,0.0,0.0,5.0,1.33,1.0,2.67,0.33,0.0,0.0,35.94,0.0,0.0,0.33,0.0,,0.0,1.0
1173,Super Liga (RS),64257,Nikola Simić,N. Simić,1996-12-21,97.27,28.23,23.39,30,30,0,1978.0,65.93,0.0,0.03,640.0,21.33,16.0,75.0,84.57,24.08,4.17,4.83,1.93,0.0,0.0,28.83,7.43,3.3,9.73,2.5,2.33,93.33,93.34,0.07,0.0,0.0,0.0,,0.0,2.53
1173,Super Liga (RS),64260,Vladimir Miletić,V. Miletić,2003-03-05,74.35,17.38,22.02,25,25,0,1728.0,69.12,0.04,0.88,570.0,22.8,17.64,77.37,81.62,15.41,1.0,6.28,4.44,0.56,0.36,11.28,3.76,2.64,12.6,4.96,3.48,70.16,72.61,0.4,0.04,9.28,2.52,49.21,1.24,4.84
1173,Super Liga (RS),64261,Nebojša Bastajić,N. Bastajić,1990-08-20,71.34,17.49,20.71,24,23,1,1648.0,71.65,0.09,1.35,455.0,19.78,15.26,77.14,79.39,14.2,0.65,3.83,2.87,0.48,0.61,4.35,0.91,0.87,22.0,5.74,4.13,71.97,71.08,0.43,0.04,22.83,4.22,47.42,2.0,5.13
1173,Super Liga (RS),64297,Mehmed Ćosić,M. Ćosić,1997-06-25,67.23,18.81,15.73,24,22,2,1617.0,73.5,0.23,1.64,553.0,25.14,18.59,73.96,77.4,15.6,1.5,7.27,4.32,0.5,0.36,13.09,4.45,2.91,17.77,6.68,4.68,70.07,68.1,0.68,0.14,12.09,3.55,38.46,1.36,7.64
1173,Super Liga (RS),64387,Marko Docić,M. Docić,1993-04-21,75.64,19.31,19.15,25,23,2,2888.0,125.57,0.04,2.26,890.0,38.7,32.0,82.7,83.57,16.69,2.04,8.83,7.57,1.22,0.96,26.65,7.0,5.35,21.52,8.26,6.43,77.89,72.64,1.0,0.0,20.0,4.74,54.13,2.57,8.65
1173,Super Liga (RS),64388,Stefan Šapić,S. Šapić,1997-02-26,93.54,23.01,24.12,12,12,0,902.0,75.17,0.0,0.25,420.0,35.0,31.17,89.05,93.16,18.97,2.08,9.58,6.08,0.08,0.0,12.0,3.08,2.33,7.17,2.67,2.33,87.5,93.27,0.08,0.0,0.42,0.25,33.33,0.08,3.25
1173,Super Liga (RS),64710,Miljan Ilić,M. Ilić,1993-05-23,89.37,22.59,23.37,30,26,4,2557.0,98.35,0.12,1.23,889.0,34.19,27.85,81.44,81.75,15.37,1.85,6.19,9.88,0.19,0.5,25.96,7.62,5.73,21.46,8.23,6.23,75.7,74.38,0.46,0.12,10.15,2.54,46.97,1.19,8.38
1173,Super Liga (RS),64712,Milan Mitrović,M. Mitrović,1988-07-02,77.39,21.25,17.6,19,18,1,1900.0,105.56,0.06,1.0,696.0,38.67,34.28,88.65,90.98,19.06,4.11,8.5,4.83,0.17,0.06,32.33,6.72,5.17,16.89,6.39,5.5,86.09,82.76,0.33,0.0,3.61,0.56,80.0,0.44,3.94
1173,Super Liga (RS),64751,Sava Petrov,S. Petrov,1998-06-18,42.86,11.81,10.96,17,15,2,345.0,23.0,0.13,0.6,97.0,6.47,4.93,76.29,77.42,11.49,0.07,2.47,1.0,0.33,0.2,0.53,0.0,0.0,8.33,2.67,2.13,80.0,75.05,0.33,0.07,8.2,1.6,54.17,0.87,1.8
1173,Super Liga (RS),65367,Bamidele Yusuf,D. Yusuf,2001-02-22,98.22,26.61,25.4,5,5,0,431.0,86.2,0.4,2.2,114.0,22.8,17.8,78.07,75.24,14.12,0.8,3.4,3.4,0.4,1.4,4.6,1.4,0.8,35.4,11.4,8.4,73.68,66.24,1.0,0.4,28.8,6.2,64.52,4.0,7.8
1173,Super Liga (RS),66247,Jérémy Manzorro,J. Manzorro,1991-11-11,33.7,6.72,9.98,1,1,0,53.0,53.0,0.0,0.0,15.0,15.0,13.0,86.67,86.27,16.12,2.0,4.0,5.0,2.0,0.0,12.0,3.0,2.0,14.0,5.0,4.0,80.0,94.5,0.0,0.0,20.0,4.0,50.0,2.0,3.0
1173,Super Liga (RS),67309,Stefan Bukorac,S. Bukorac,1991-02-15,83.11,19.33,24.86,28,27,1,2146.0,79.48,0.0,0.26,855.0,31.67,25.67,81.05,87.76,19.55,2.81,8.81,7.07,0.15,0.19,19.11,6.74,4.37,7.52,3.15,2.41,76.47,79.31,0.04,0.04,1.56,0.59,50.0,0.3,5.11
1173,Super Liga (RS),67334,Dognimani Yacouba Silue,D. Silue,2002-01-01,79.5,21.66,17.16,16,15,1,1035.0,69.0,0.33,1.8,261.0,17.4,13.0,74.71,76.1,14.2,0.93,4.8,2.07,0.73,0.47,3.73,0.6,0.4,30.07,8.47,5.93,70.08,69.16,1.0,0.13,21.6,4.47,56.72,2.53,4.87
1173,Super Liga (RS),67822,Nemanja Belaković,N. Belaković,1997-01-08,57.72,15.33,14.04,10,9,1,495.0,55.0,0.11,1.11,160.0,17.78,13.89,78.12,78.95,12.04,0.22,4.11,2.89,1.22,0.22,3.0,0.89,0.56,16.56,5.89,4.56,77.36,76.48,0.56,0.11,15.11,3.78,38.23,1.44,4.22
1173,Super Liga (RS),67824,Wajdi Sahli,W. Sahli,1997-04-17,75.57,19.95,18.54,24,22,2,1812.0,82.36,0.32,1.82,579.0,26.32,19.41,73.75,77.05,15.14,1.73,11.05,4.05,1.5,0.36,9.5,3.18,2.0,21.14,8.32,5.5,66.12,68.85,0.95,0.14,18.45,4.86,45.8,2.23,7.5
1173,Super Liga (RS),67829,Slobodan Medojević,S. Medojević,1990-10-20,39.34,10.36,11.0,14,13,1,608.0,46.77,0.08,1.46,217.0,16.69,14.54,87.1,87.14,15.56,0.62,6.38,2.92,0.31,0.15,7.69,2.23,1.54,4.31,2.38,1.69,70.97,77.85,0.38,0.0,2.85,0.92,33.33,0.31,2.23
1173,Super Liga (RS),67835,Andrija Majdevac,A. Majdevac,1997-08-07,85.76,21.5,23.49,29,28,1,1212.0,43.29,0.11,0.96,336.0,12.0,8.86,73.81,77.92,12.13,0.29,4.39,1.93,0.86,0.32,1.32,0.29,0.07,16.11,3.96,2.82,71.17,72.62,0.46,0.07,14.14,2.86,58.75,1.68,2.82
1173,Super Liga (RS),68373,Aleksandr  Shestyuk,A. Shestyuk,2002-06-05,68.75,17.47,18.74,13,12,1,279.0,23.25,0.08,0.92,109.0,9.08,6.67,73.39,76.32,12.12,0.08,4.17,0.83,0.83,0.33,0.17,0.0,0.0,7.17,2.17,1.58,73.08,68.39,0.42,0.0,5.08,1.83,59.09,1.08,2.75
1173,Super Liga (RS),68558,Franklin Tebo Uchenna,F. Tebo,2000-01-15,71.85,25.09,14.21,17,16,1,2099.0,131.19,0.19,1.12,812.0,50.75,47.06,92.73,95.08,17.93,2.5,9.12,10.19,0.12,0.0,31.62,9.69,8.5,14.31,6.12,5.88,95.92,93.47,0.19,0.06,2.38,0.5,50.0,0.25,2.19
1173,Super Liga (RS),69028,Alfa Mussá Baldé,Alfa Baldé,2005-02-02,54.57,15.09,13.07,31,30,1,1825.0,60.83,0.1,1.93,475.0,15.83,11.43,72.21,76.5,14.65,0.7,2.23,1.6,0.23,0.17,4.93,0.73,0.37,19.4,4.93,3.47,70.27,70.02,0.73,0.03,19.2,4.47,47.02,2.1,4.77
1173,Super Liga (RS),72947,Prestige Mboungou,P. Mboungou,2000-07-10,46.3,13.7,10.36,24,24,0,1104.0,46.0,0.04,1.0,288.0,12.0,10.08,84.03,82.81,13.04,0.17,1.83,1.75,0.17,0.58,3.17,0.5,0.33,12.62,2.96,2.21,74.65,70.03,0.33,0.0,15.21,3.21,63.64,2.04,2.71
1173,Super Liga (RS),73041,Mihailo Oreščanin,M. Oreščanin,1997-09-07,82.38,19.46,27.51,29,29,0,2597.0,89.55,0.0,0.31,909.0,31.34,25.79,82.29,88.07,19.28,2.31,7.24,4.76,0.1,0.03,22.59,6.31,4.17,11.76,4.14,3.38,81.67,83.92,0.14,0.0,2.86,0.79,30.43,0.24,5.07
1173,Super Liga (RS),73042,Nikola Bogdanovski,N. Bogdanovski,1999-01-25,54.01,12.68,16.68,29,29,0,1086.0,37.45,0.07,0.59,298.0,10.28,7.21,70.13,74.33,13.61,0.24,2.66,1.79,0.52,0.1,2.14,0.45,0.21,12.62,3.17,2.0,63.04,65.2,0.28,0.03,10.41,2.34,48.53,1.14,3.31
1173,Super Liga (RS),73044,Ranko Jokić,R. Jokić,1999-04-22,75.31,18.46,20.16,12,12,0,1091.0,90.92,0.08,0.67,410.0,34.17,28.67,83.9,88.54,19.55,2.83,7.08,6.92,0.33,0.08,28.92,7.17,4.83,14.08,5.58,4.33,77.61,75.62,0.08,0.0,5.75,1.08,23.08,0.25,5.08
1173,Super Liga (RS),73045,Stefan Ranđelović,S. Ranđelović,1999-01-27,95.17,22.21,24.1,34,32,2,1597.0,49.91,0.0,0.09,561.0,17.53,13.25,75.58,83.94,26.55,3.66,4.09,2.06,0.0,0.0,19.31,4.94,2.06,9.38,2.88,2.53,88.04,91.28,0.0,0.0,0.0,0.0,,0.0,2.22
1173,Super Liga (RS),73049,Miloš Spasić,M. Spasić,1997-07-29,83.37,21.02,21.94,31,28,3,1642.0,58.64,0.04,0.89,464.0,16.57,13.07,78.88,81.32,13.77,0.46,4.79,2.54,0.68,0.54,3.18,0.71,0.46,17.14,4.5,3.14,69.84,74.47,0.32,0.0,14.54,2.71,55.26,1.5,3.61
1173,Super Liga (RS),73050,Uroš Stojanović,U. Stojanović,1995-08-23,87.0,23.49,20.52,27,25,2,2137.0,85.48,0.12,1.24,782.0,31.28,25.36,81.07,84.56,15.08,1.12,8.4,7.12,0.64,0.32,22.08,6.2,4.76,20.88,7.84,6.2,79.08,78.28,0.44,0.0,9.6,2.16,42.59,0.92,5.92
1173,Super Liga (RS),73053,Nemanja Krsmanović,N. Krsmanović,2003-05-09,73.4,19.5,20.61,27,26,1,2233.0,85.88,0.08,1.15,713.0,27.42,19.92,72.65,77.37,15.14,1.58,6.46,3.62,0.58,0.38,19.54,5.31,3.27,21.19,7.23,5.08,70.21,69.82,0.62,0.04,11.73,2.88,41.33,1.19,9.08
1173,Super Liga (RS),73057,Abdoulaye Cissé,A. Cissé,1996-02-13,91.27,20.56,23.81,16,16,0,1429.0,89.31,0.19,1.38,470.0,29.38,25.19,85.75,88.1,17.28,2.06,6.88,6.62,0.62,0.62,12.31,2.88,2.12,13.31,5.06,3.88,76.54,79.64,0.38,0.06,9.06,2.25,66.67,1.5,3.81
1173,Super Liga (RS),73059,Miloš Mijić,M. Mijić,1989-11-01,15.23,2.03,2.14,1,1,0,28.0,28.0,0.0,0.0,6.0,6.0,4.0,66.67,78.08,7.23,0.0,2.0,1.0,0.0,0.0,3.0,1.0,0.0,5.0,1.0,0.0,0.0,49.82,0.0,0.0,3.0,1.0,0.0,0.0,2.0
1173,Super Liga (RS),73062,Uros Blagojević,U. Blagojević,2002-03-21,44.89,10.3,12.88,7,6,1,153.0,25.5,0.0,0.67,60.0,10.0,7.0,70.0,75.66,15.99,0.5,4.0,2.17,0.83,0.0,5.17,1.0,0.67,6.5,2.33,1.5,64.28,62.74,0.5,0.0,4.0,1.5,55.55,0.83,3.17
1173,Super Liga (RS),73068,Nikola Srećković,N. Srećković,1996-04-26,55.3,15.15,13.67,24,21,3,1223.0,58.24,0.14,1.05,322.0,15.33,10.95,71.43,77.41,16.61,1.19,2.95,2.1,0.19,0.38,6.76,1.14,0.81,18.81,5.29,3.67,69.37,70.17,0.71,0.1,15.71,3.19,44.78,1.43,4.38
1173,Super Liga (RS),73076,Stefan Cvetković,S. Cvetković,1998-01-12,35.86,9.77,9.36,17,15,2,409.0,27.27,0.0,0.6,110.0,7.33,5.33,72.73,77.6,16.63,0.33,1.67,0.4,0.33,0.13,2.13,0.4,0.2,11.6,2.4,1.67,69.44,65.17,0.47,0.0,10.0,1.93,48.27,0.93,2.27
1173,Super Liga (RS),73100,Nikola Leković,N. Leković,1989-12-19,96.86,21.75,35.41,4,4,0,350.0,87.5,0.0,1.0,127.0,31.75,23.25,73.23,76.88,18.25,2.25,6.75,9.25,0.5,0.5,24.5,8.75,5.75,20.5,9.0,6.25,69.45,71.37,0.5,0.0,6.5,2.5,40.0,1.0,11.5
1173,Super Liga (RS),73103,Aleksandar  Trajković,A. Trajković,2007-01-23,50.5,14.03,14.44,25,25,0,866.0,34.64,0.12,0.6,247.0,9.88,7.28,73.68,78.69,14.64,0.56,2.76,1.56,0.4,0.32,2.68,0.76,0.56,10.2,3.04,2.08,68.42,69.19,0.36,0.12,8.28,2.08,63.46,1.32,2.32
1173,Super Liga (RS),73105,Mateja Zuvić,M. Zuvić,2000-02-13,33.48,6.74,9.67,13,13,0,366.0,28.15,0.0,1.0,92.0,7.08,5.46,77.17,75.76,13.67,0.38,1.54,1.0,0.23,0.0,1.62,0.31,0.15,8.38,2.15,1.46,67.86,63.34,0.38,0.0,7.38,1.54,45.0,0.69,2.08
1173,Super Liga (RS),73110,Jovan Marinković,J. Marinković,1996-09-12,87.07,19.45,24.23,30,29,1,2980.0,102.76,0.14,0.97,1088.0,37.52,29.41,78.4,84.3,19.89,4.45,8.86,7.59,0.21,0.07,28.86,8.93,5.83,16.97,6.93,5.83,84.08,79.78,0.41,0.0,3.9,1.21,71.43,0.86,8.0
1173,Super Liga (RS),73542,Young-Woo Seol,Seol Young-Woo,1998-12-05,93.0,31.89,18.21,30,28,2,4338.0,154.93,0.64,3.86,1594.0,56.93,50.96,89.52,87.17,15.92,3.25,11.32,15.96,1.39,0.96,27.39,7.39,6.68,39.14,14.46,12.64,87.41,81.6,1.61,0.29,20.46,5.86,57.93,3.39,8.54
1173,Super Liga (RS),90379,Numan Kurdić,N. Kurdić,1999-07-01,99.25,31.39,20.48,2,2,0,337.0,168.5,0.0,0.5,120.0,60.0,57.5,95.83,94.72,20.07,6.0,12.5,10.0,0.0,0.0,49.5,13.0,12.0,21.5,6.0,5.5,91.67,89.34,0.0,0.0,3.0,0.5,100.0,0.5,2.5
1173,Super Liga (RS),113475,Luka Stankovski,L. Stankovski,2002-09-02,27.55,8.21,5.58,12,11,1,320.0,29.09,0.0,0.55,85.0,7.73,6.0,77.65,85.13,14.15,0.45,1.45,1.36,0.18,0.09,3.0,0.36,0.27,7.45,2.09,1.45,69.57,74.68,0.45,0.0,8.18,1.82,40.0,0.73,1.18
1173,Super Liga (RS),117595,Vukašin Krstić,V. Krstić,2003-04-13,76.74,22.36,18.12,22,22,0,2671.0,121.41,0.05,1.0,883.0,40.14,35.41,88.22,91.21,18.18,2.91,5.73,7.59,0.05,0.0,34.27,9.41,7.82,13.14,4.14,3.73,90.11,87.86,0.18,0.0,4.09,0.77,64.71,0.5,3.41
1173,Super Liga (RS),117598,Marko Mijailović,M. Mijailović,1997-08-14,72.99,18.3,19.1,30,27,3,1863.0,69.0,0.0,0.67,645.0,23.89,18.11,75.81,79.8,17.84,2.15,5.67,4.74,0.37,0.22,15.63,4.85,3.19,17.7,6.22,4.3,69.05,68.8,0.3,0.04,10.85,3.07,36.14,1.11,6.81
1173,Super Liga (RS),123148,Taylor Wouter,T. Wouter,2002-07-16,40.09,11.53,8.72,10,10,0,324.0,32.4,0.1,0.6,98.0,9.8,6.9,70.41,77.85,14.86,0.4,2.0,2.4,0.6,0.3,4.0,0.6,0.4,10.5,2.9,1.8,62.07,66.77,0.4,0.1,9.4,2.4,37.5,0.9,2.5
1173,Super Liga (RS),128539,Jay Ifeanyi-Junior Enem,J. Enem,2003-03-11,61.39,16.79,15.39,28,25,3,607.0,24.28,0.16,0.92,175.0,7.0,5.24,74.86,75.3,11.5,0.08,3.4,0.8,0.6,0.24,0.84,0.08,0.04,11.24,3.08,2.52,81.82,77.57,0.52,0.08,9.84,2.12,66.04,1.4,1.48
1173,Super Liga (RS),131436,Nikola Stanković,N. Stanković,2003-04-24,80.59,27.16,16.09,12,12,0,1415.0,117.92,0.17,3.0,510.0,42.5,35.0,82.35,82.38,14.8,1.58,9.83,9.0,1.33,1.25,23.67,5.42,4.0,33.0,11.5,8.83,76.81,72.27,1.75,0.08,20.17,6.0,48.61,2.92,9.83
1173,Super Liga (RS),141050,Vladimir Prijović,V. Prijović,2002-06-26,100.39,21.0,29.31,2,2,0,151.0,75.5,0.5,1.0,60.0,30.0,22.5,75.0,74.97,12.96,0.5,10.0,7.0,1.5,0.0,13.5,5.5,4.0,20.5,9.5,6.5,68.42,66.75,1.0,0.5,11.5,3.0,66.67,2.0,10.0
1173,Super Liga (RS),153826,Benjamin Acquah,B. Acquah,2000-12-29,41.45,11.12,11.58,13,13,0,556.0,42.77,0.08,0.69,167.0,12.85,10.77,83.83,86.61,14.95,0.62,4.23,2.46,0.46,0.08,2.77,0.54,0.38,8.46,3.08,2.46,80.0,79.6,0.46,0.0,7.31,1.38,66.67,0.92,1.85
1173,Super Liga (RS),154045,Kristian Šekularac,K. Šekularac,2003-12-07,68.16,20.99,16.0,10,10,0,935.0,93.5,0.0,1.7,273.0,27.3,23.9,87.55,91.36,15.02,1.2,6.6,4.0,0.7,0.3,12.7,2.3,1.9,16.4,4.7,4.0,85.11,81.96,0.8,0.0,14.8,2.6,57.69,1.5,2.2
1173,Super Liga (RS),163884,Driton Camaj,D. Camaj,1997-03-07,88.28,20.63,26.21,17,17,0,1502.0,88.35,0.29,2.18,409.0,24.06,17.12,71.15,75.79,17.67,2.29,5.18,2.53,0.71,0.47,5.06,1.65,0.94,32.82,8.12,5.53,68.12,68.97,1.29,0.24,29.35,5.94,43.56,2.59,7.53
1173,Super Liga (RS),164785,Kilian Bevis,K. Bevis,1998-02-13,94.23,26.73,22.74,18,17,1,1801.0,105.94,0.35,3.24,500.0,29.41,21.88,74.4,75.27,13.55,0.59,5.53,4.41,0.71,1.18,5.94,1.35,0.76,37.65,11.0,7.82,71.12,67.03,1.71,0.18,35.88,8.76,50.34,4.41,9.24
1173,Super Liga (RS),164794,Darko Gojković,D. Gojković,1988-09-26,55.63,9.63,19.07,3,2,1,90.0,45.0,0.0,0.0,32.0,16.0,14.0,87.5,90.44,17.32,2.0,7.0,2.0,0.0,0.0,10.5,3.0,2.0,6.0,3.0,2.5,83.33,84.1,0.0,0.0,0.5,0.0,,0.0,1.0
1173,Super Liga (RS),166641,Mateja Milovanović ,M. Milovanović,2004-04-18,55.13,17.72,11.8,12,12,0,893.0,74.42,0.0,1.42,314.0,26.17,23.67,90.45,90.37,15.55,0.92,3.42,6.67,0.58,0.17,14.5,2.92,2.67,17.83,6.67,5.83,87.5,85.07,0.58,0.0,7.67,1.75,42.86,0.75,3.5
1173,Super Liga (RS),166680,Vando Baifas Félix,Vando Félix,2002-09-03,31.73,8.13,7.71,8,8,0,253.0,31.62,0.12,0.75,64.0,8.0,6.5,81.25,83.87,13.49,0.12,0.25,1.38,0.12,0.25,2.88,1.0,0.88,9.25,2.88,2.38,82.61,76.98,0.38,0.12,9.62,1.88,66.67,1.25,1.38
1173,Super Liga (RS),167204,Nikola Knezević,N. Knezević,2003-03-10,56.05,15.67,14.02,19,18,1,1216.0,67.56,0.11,1.33,396.0,22.0,16.89,76.77,78.87,15.92,1.5,6.78,3.5,0.56,0.56,9.67,2.83,1.94,16.17,6.06,4.0,66.06,65.01,0.94,0.06,12.61,3.44,51.61,1.78,6.0
1173,Super Liga (RS),167206,Stefan Leković,S. Leković,2004-01-09,88.99,29.57,18.96,14,14,0,1896.0,135.43,0.0,0.86,748.0,53.43,48.71,91.18,94.27,18.66,3.14,9.64,9.14,0.07,0.0,32.29,9.21,8.29,19.0,7.86,7.21,91.82,88.86,0.43,0.07,2.93,0.43,66.67,0.29,3.43
1173,Super Liga (RS),167207,Uroš Lazić,U. Lazić,2003-03-15,52.97,14.13,13.1,17,16,1,719.0,44.94,0.06,0.38,267.0,16.69,12.88,77.15,81.28,16.18,1.0,4.19,2.94,0.69,0.31,9.19,2.81,2.0,11.38,4.62,3.0,64.87,71.18,0.25,0.06,6.06,2.06,33.33,0.69,4.12
1173,Super Liga (RS),167211,Dario Grgić,D. Grgić,2003-03-16,55.52,17.62,12.06,13,12,1,689.0,57.42,0.17,1.42,212.0,17.67,14.17,80.19,82.36,16.68,1.5,6.67,2.92,0.42,0.42,6.0,1.33,1.08,15.33,4.75,3.42,71.93,75.66,0.83,0.17,14.25,2.5,60.0,1.5,3.67
1173,Super Liga (RS),167622,Collins Lusaka Sichenje,C. Sichenje,2003-09-19,97.18,24.84,25.3,17,17,0,1867.0,109.82,0.12,0.82,694.0,40.82,35.0,85.73,90.85,18.5,3.71,8.59,7.47,0.18,0.06,24.65,8.18,6.18,13.35,5.06,4.71,93.02,90.12,0.18,0.0,2.59,0.88,73.33,0.65,4.65
1173,Super Liga (RS),170495,Matija Malekinusić,M. Malekinusić,1999-01-27,77.47,17.59,20.4,17,17,0,953.0,56.06,0.24,2.06,291.0,17.12,11.94,69.76,71.68,14.95,0.82,4.29,2.41,0.82,0.29,3.53,0.88,0.29,22.41,7.59,5.35,70.54,65.84,0.94,0.12,16.88,4.29,53.42,2.29,6.18
1173,Super Liga (RS),170709,Uroš Ignjatović,U. Ignjatović,2001-02-18,76.23,18.04,21.63,26,25,1,1927.0,77.08,0.2,1.32,624.0,24.96,19.2,76.92,79.65,15.19,1.28,5.8,4.68,0.76,0.28,14.36,4.32,2.76,22.12,8.0,6.2,77.5,74.86,0.56,0.12,10.8,2.76,50.73,1.4,6.6
1173,Super Liga (RS),173057,Samson Iyede Onomigho,S. Iyede,1998-01-28,52.07,14.85,12.5,5,5,0,122.0,24.4,0.0,0.8,35.0,7.0,4.6,65.71,77.93,14.55,0.4,2.2,1.4,0.4,0.2,1.2,0.2,0.0,11.0,2.0,1.2,60.0,70.58,0.2,0.0,11.4,2.4,58.33,1.4,1.8
1173,Super Liga (RS),174254,Marko Milošević,M. Milošević,1991-02-07,99.32,30.79,22.2,34,34,0,2808.0,82.59,0.03,0.06,949.0,27.91,21.59,77.34,86.9,23.02,4.24,6.62,2.85,0.0,0.0,30.09,8.18,3.59,16.97,5.09,4.91,96.53,95.68,0.0,0.0,0.03,0.0,,0.0,3.44
1173,Super Liga (RS),174798,Sandro Trémoulet,S. Trémoulet,1999-11-18,97.13,22.19,25.05,31,30,1,2875.0,95.83,0.07,0.43,1073.0,35.77,29.77,83.23,88.42,19.58,2.97,8.5,6.37,0.1,0.0,27.57,8.07,5.97,13.37,5.23,4.33,82.8,82.21,0.1,0.03,2.57,0.87,34.62,0.3,4.9
1173,Super Liga (RS),178346,Stefan Tomović,S. Tomović,2001-10-14,91.46,23.61,25.37,31,30,1,3745.0,124.83,0.27,2.8,1122.0,37.4,31.03,82.98,80.64,14.5,2.07,7.53,6.9,0.97,1.73,11.73,3.33,2.53,37.7,13.43,10.2,75.93,70.1,1.47,0.23,30.87,8.1,68.31,5.53,8.7
1173,Super Liga (RS),178771,Dušan Pantelić,D. Pantelić,1993-04-15,43.05,9.89,13.05,22,21,1,722.0,34.38,0.05,0.76,241.0,11.48,9.67,84.23,84.45,15.36,0.67,3.52,2.71,0.33,0.29,3.71,0.9,0.76,7.76,3.1,2.52,81.54,75.85,0.19,0.05,4.71,1.14,62.5,0.71,2.1
1173,Super Liga (RS),178777,Lazar Zličić,L. Zličić,1997-02-07,49.57,10.19,14.39,14,14,0,553.0,39.5,0.14,0.43,161.0,11.5,8.64,75.16,80.43,17.22,1.07,3.07,2.43,0.43,0.14,4.0,0.93,0.57,9.07,3.0,2.29,76.19,71.61,0.29,0.07,6.57,1.93,59.26,1.14,2.93
1173,Super Liga (RS),178838,Ibrahim Mustapha,I. Mustapha,2000-06-18,44.33,10.35,11.33,23,21,2,700.0,33.33,0.1,1.19,223.0,10.62,8.95,84.3,83.64,12.64,0.29,2.86,2.24,0.33,0.19,2.86,0.62,0.48,9.29,3.24,2.67,82.35,76.62,0.48,0.0,7.14,1.67,77.14,1.29,1.76
1173,Super Liga (RS),178860,Mihajlo Petković,M. Petković,2004-05-27,56.43,12.76,15.82,28,27,1,1157.0,42.85,0.15,1.19,334.0,12.37,8.78,70.96,74.12,14.55,0.74,3.56,1.59,0.7,0.3,3.78,1.19,0.78,15.41,5.41,3.85,71.23,70.64,0.67,0.07,13.19,3.3,50.56,1.67,4.22
1173,Super Liga (RS),179084,Vladimir Lučić,V. Lučić,2002-06-28,57.05,19.34,10.47,22,20,2,1908.0,95.4,0.6,4.05,580.0,29.0,25.45,87.76,83.3,15.5,1.85,4.95,5.5,1.05,0.75,10.25,3.15,2.85,28.25,10.1,8.4,83.17,75.89,1.9,0.3,28.05,7.35,74.15,5.45,5.1
1173,Super Liga (RS),180070,Jovan Manev,J. Manev,2001-01-25,70.46,16.03,20.47,12,12,0,793.0,66.08,0.0,0.25,275.0,22.92,19.0,82.91,87.98,20.32,2.25,4.42,4.25,0.42,0.08,16.0,3.75,2.17,8.83,2.92,2.58,88.57,84.21,0.08,0.0,2.67,0.67,50.0,0.33,4.08
1173,Super Liga (RS),180789,Shavy Warren Babicka,S. Babicka,2000-06-01,35.27,10.64,7.37,2,2,0,43.0,21.5,0.0,1.5,16.0,8.0,5.0,62.5,70.1,11.64,0.0,1.5,0.0,1.5,0.0,0.0,0.0,0.0,9.0,3.5,2.0,57.14,50.06,1.0,0.0,11.5,4.5,55.55,2.5,2.5
1173,Super Liga (RS),180909,Marko Alcevski,M. Alcevski,2002-04-16,95.45,22.03,27.34,1,1,0,69.0,69.0,0.0,0.0,19.0,19.0,14.0,73.68,86.43,21.08,2.0,5.0,5.0,0.0,0.0,19.0,5.0,2.0,13.0,3.0,3.0,100.0,98.53,0.0,0.0,0.0,0.0,,0.0,4.0
1173,Super Liga (RS),255701,Vicky Kiankaulua,V. Kiankaulua,2001-08-03,40.43,9.52,11.55,22,22,0,748.0,34.0,0.05,0.45,221.0,10.05,7.59,75.56,76.49,14.86,0.5,2.14,1.32,0.27,0.27,3.5,0.64,0.45,10.59,3.09,2.14,69.12,66.59,0.18,0.0,9.45,2.45,51.85,1.27,2.82
1173,Super Liga (RS),269446,Martin Novaković,M. Novaković,2001-01-05,63.08,16.06,15.26,25,23,2,1630.0,70.87,0.13,1.65,481.0,20.91,17.52,83.78,84.43,14.88,1.04,5.52,3.61,0.52,0.35,7.22,1.78,1.26,15.91,5.65,4.65,82.31,79.08,1.09,0.09,13.91,3.22,71.62,2.3,3.43
1173,Super Liga (RS),269447,Mbouri Basile Yamkam,M. Yamkam,1998-01-02,89.41,24.45,21.23,15,13,2,1447.0,111.31,0.0,1.23,517.0,39.77,33.77,84.91,87.89,19.36,4.23,9.46,6.62,0.46,0.15,27.54,8.31,6.31,18.15,7.62,6.31,82.83,83.9,0.46,0.0,6.38,1.92,48.0,0.92,7.08
1173,Super Liga (RS),269454,Aleksandar Varjačić,A. Varjačić,1991-05-23,54.69,12.45,18.67,18,18,0,929.0,51.61,0.17,0.94,285.0,15.83,10.67,67.37,69.87,17.28,1.67,4.06,2.06,0.44,0.17,6.0,2.0,1.06,16.39,5.17,3.0,58.06,63.42,0.56,0.0,9.78,3.11,48.21,1.5,6.83
1173,Super Liga (RS),285354,Bojan Dimoski,B. Dimoski,2001-11-23,49.81,16.66,11.83,6,6,0,412.0,68.67,0.0,1.5,143.0,23.83,19.5,81.82,81.94,14.05,1.17,6.17,4.5,1.33,0.83,12.0,3.5,2.5,14.17,5.33,3.83,71.87,64.74,0.0,0.0,14.33,4.33,50.0,2.17,5.33
1173,Super Liga (RS),301883,Andreja Stojanović,A. Stojanović,1998-11-12,74.36,18.28,18.98,17,15,2,1002.0,66.8,0.07,1.2,328.0,21.87,16.13,73.78,77.41,15.56,1.4,4.67,3.93,0.27,0.4,13.8,4.13,3.13,19.27,7.13,4.8,67.29,73.3,0.47,0.07,15.6,3.33,46.0,1.53,6.33
1173,Super Liga (RS),301886,Balša Popović,B. Popović,2000-06-10,98.15,26.59,23.39,34,32,2,2777.0,86.78,0.0,0.06,867.0,27.09,20.06,74.05,81.6,28.14,7.84,4.5,2.5,0.0,0.0,36.94,10.5,5.56,15.34,4.41,3.81,86.52,87.22,0.03,0.0,0.06,0.03,0.0,0.0,4.16
1173,Super Liga (RS),301889,Dejan Stanivuković,D. Stanivuković,1994-06-19,97.7,24.91,25.42,14,14,0,713.0,50.93,0.0,0.0,238.0,17.0,12.14,71.43,78.71,27.79,4.07,4.57,1.5,0.0,0.0,20.86,5.5,2.64,6.79,2.07,1.71,82.76,86.9,0.0,0.0,0.0,0.0,,0.0,3.36
1173,Super Liga (RS),301898,Milan Joksimović,M. Joksimović,1990-02-09,73.2,18.55,23.25,12,12,0,952.0,79.33,0.25,0.58,366.0,30.5,25.5,83.61,86.29,18.08,2.42,6.25,6.0,0.0,0.17,25.42,8.5,5.92,13.83,6.08,5.0,82.19,78.08,0.25,0.17,2.58,0.58,71.43,0.42,5.67
1173,Super Liga (RS),301907,Vuk Bogdanović,V. Bogdanović,2002-04-03,52.82,8.9,18.36,1,1,0,9.0,9.0,0.0,0.0,4.0,4.0,2.0,50.0,68.96,9.41,0.0,2.0,1.0,0.0,0.0,3.0,1.0,0.0,2.0,1.0,1.0,100.0,99.52,0.0,0.0,1.0,0.0,,0.0,2.0
1173,Super Liga (RS),301908,Andrej Todoroski,A. Todoroski,1999-04-19,67.55,19.33,16.46,32,32,0,2561.0,80.03,0.31,2.12,606.0,18.94,15.16,80.03,80.09,14.95,0.97,2.94,2.28,0.41,0.22,7.69,1.62,1.38,24.06,5.94,4.22,71.05,68.13,1.28,0.31,22.66,4.16,53.38,2.22,4.81
1173,Super Liga (RS),301912,Vanja Ilić,V. Ilić,1999-01-03,69.31,18.45,17.13,18,15,3,1379.0,91.93,0.13,1.33,391.0,26.07,20.93,80.31,82.36,13.76,0.93,5.87,5.0,0.87,0.53,8.6,1.87,1.2,22.07,7.53,5.53,73.45,75.14,0.6,0.07,19.6,4.6,56.52,2.6,5.47
1173,Super Liga (RS),301918,Filip Bačkulja,F. Bačkulja,2002-06-25,83.02,18.46,24.59,21,20,1,1325.0,66.25,0.05,0.55,469.0,23.45,17.95,76.55,81.41,19.96,2.95,6.75,4.35,0.35,0.15,18.95,5.95,3.7,11.9,4.1,3.0,73.17,75.17,0.2,0.0,3.9,1.1,27.27,0.3,6.0
1173,Super Liga (RS),301921,Marko Šarić,M. Šarić,1998-11-28,36.68,8.16,9.43,11,11,0,204.0,18.55,0.0,0.09,60.0,5.45,4.09,75.0,76.28,16.13,0.36,1.27,1.64,0.18,0.36,0.91,0.18,0.0,7.36,1.73,1.36,78.95,72.05,0.09,0.0,6.18,1.18,61.54,0.73,1.55
1173,Super Liga (RS),301935,Djordje Jovanović,D. Jovanović,2001-08-17,54.16,11.54,15.43,27,26,1,860.0,33.08,0.04,0.77,250.0,9.62,6.62,68.8,74.6,13.76,0.31,2.92,0.96,0.54,0.23,1.58,0.65,0.42,10.23,3.12,1.96,62.96,66.79,0.27,0.04,9.12,2.35,47.54,1.12,2.88
1173,Super Liga (RS),301939,Stefan Jovanović,S. Jovanović,1994-04-07,84.18,24.6,20.77,30,30,0,3134.0,104.47,0.27,2.5,1040.0,34.67,26.97,77.79,79.93,15.79,1.67,7.77,7.53,0.87,0.67,22.97,6.93,5.03,26.27,10.23,7.07,69.06,69.76,1.13,0.2,14.57,4.17,40.0,1.67,9.23
1173,Super Liga (RS),302139,Djordje  Kotlajić,D. Kotlajić,2004-01-13,37.13,7.61,13.08,3,3,0,48.0,16.0,0.0,0.0,13.0,4.33,2.33,53.85,74.32,9.62,0.0,0.33,0.0,0.0,0.0,1.33,0.33,0.33,8.0,2.67,2.33,87.5,76.64,0.0,0.0,4.0,0.33,100.0,0.33,1.33
1173,Super Liga (RS),302140,Luka Laban,L. Laban,2004-04-07,38.89,8.37,11.47,8,8,0,348.0,43.5,0.0,0.25,108.0,13.5,10.0,74.07,82.8,16.16,0.5,5.12,1.88,0.25,0.38,7.25,2.12,1.25,5.75,2.5,1.75,70.0,83.32,0.12,0.0,4.62,0.88,42.86,0.38,2.62
1173,Super Liga (RS),302141,Nikola Marinković,N. Marinković,2003-07-10,19.39,3.19,6.25,5,5,0,52.0,10.4,0.0,0.0,13.0,2.6,1.4,53.85,72.41,10.22,0.0,0.6,0.2,0.0,0.2,0.0,0.0,0.0,4.2,1.0,0.4,40.0,57.17,0.0,0.0,4.2,0.6,0.0,0.0,1.0
1173,Super Liga (RS),302145,Nemanja Mićević,N. Mićević,1999-01-28,66.83,19.48,16.21,5,4,1,344.0,86.0,0.25,0.25,134.0,33.5,29.0,86.57,90.14,18.0,2.75,6.75,8.5,0.0,0.0,25.5,7.25,6.0,14.25,5.25,4.0,76.19,85.09,0.0,0.0,3.0,0.5,50.0,0.25,3.75
1173,Super Liga (RS),302148,Veljko Kijevčanin,V. Kijevčanin,1999-08-03,52.99,13.14,17.42,12,12,0,797.0,66.42,0.17,1.5,280.0,23.33,20.08,86.07,83.08,15.4,1.17,10.0,3.58,1.08,0.25,8.17,2.5,1.67,14.83,6.92,5.75,83.13,73.83,0.75,0.0,10.08,2.92,62.86,1.83,4.17
1173,Super Liga (RS),302149,Zeljko Samcović,Z. Samcović,2002-09-12,97.96,21.87,26.78,33,32,1,1817.0,56.78,0.03,0.06,620.0,19.38,12.72,65.65,81.42,25.33,3.47,4.25,1.28,0.0,0.0,25.16,7.12,2.25,9.06,2.94,2.75,93.62,95.48,0.03,0.0,0.0,0.0,,0.0,2.59
1173,Super Liga (RS),302150,Nemanja Zunić,N. Zunić,2003-09-09,98.58,25.57,31.28,2,2,0,248.0,124.0,0.0,0.0,82.0,41.0,37.5,91.47,92.26,16.05,2.0,6.5,12.0,0.0,0.5,26.0,4.5,4.0,12.5,5.5,4.5,81.82,78.42,0.0,0.0,6.5,0.5,0.0,0.0,6.0
1173,Super Liga (RS),331893,Sankara William Karamoko,S. Karamoko,2003-11-09,50.64,11.83,13.86,30,30,0,934.0,31.13,0.03,0.8,295.0,9.83,7.7,78.3,79.31,14.26,0.27,2.77,1.77,0.57,0.33,1.17,0.43,0.23,11.33,3.57,2.93,82.24,73.55,0.53,0.0,8.07,2.27,66.18,1.5,2.4
1173,Super Liga (RS),439510,Rafael Batista Da Silva Junior,Juninho,2006-07-02,62.14,15.89,16.68,6,6,0,232.0,38.67,0.17,1.0,50.0,8.33,6.17,74.0,85.1,11.29,0.17,2.33,1.17,0.5,0.33,1.5,0.17,0.0,14.0,3.17,2.33,73.68,83.71,0.5,0.17,10.5,1.67,50.0,0.83,1.33
1173,Super Liga (RS),446249,Tyrone Ryan Conraad,T. Conraad,1997-04-07,30.16,9.09,6.65,8,8,0,84.0,10.5,0.0,0.38,30.0,3.75,2.75,73.34,77.09,13.15,0.12,1.12,1.0,0.12,0.25,0.5,0.12,0.0,3.88,1.38,0.62,45.45,55.86,0.25,0.0,2.88,1.12,33.33,0.38,1.0
1173,Super Liga (RS),507734,Danilo Mitrović,D. Mitrović,2001-03-23,43.11,12.17,11.56,4,4,0,180.0,45.0,0.0,0.5,66.0,16.5,14.25,86.36,91.9,15.6,0.0,4.75,3.0,0.0,0.0,9.25,1.5,1.25,8.5,3.25,2.5,76.92,84.53,0.25,0.0,3.75,0.5,0.0,0.0,1.25
1173,Super Liga (RS),511631,Dominic Sadi,D. Sadi,2003-09-02,81.28,18.56,23.56,22,21,1,1291.0,61.48,0.43,1.9,405.0,19.29,15.29,79.26,81.97,15.15,0.95,3.81,4.48,0.71,0.67,3.67,1.29,1.0,17.48,6.14,4.76,77.52,74.38,1.1,0.29,14.14,3.95,61.45,2.43,3.86
1173,Super Liga (RS),556548,Janko Jevremović,J. Jevremović,2004-07-14,37.25,10.63,8.91,27,25,2,901.0,36.04,0.08,0.64,253.0,10.12,8.32,82.22,85.25,16.75,0.4,3.28,1.12,0.28,0.2,3.12,0.84,0.56,8.16,2.44,1.6,65.57,68.28,0.2,0.04,7.56,1.4,42.86,0.6,2.0
1173,Super Liga (RS),568932,David Ewemade,D. Ewemade,2005-06-17,52.8,13.46,11.82,5,4,1,125.0,31.25,0.75,1.75,37.0,9.25,7.0,75.68,76.03,10.93,0.0,1.25,1.0,0.0,0.0,1.25,0.25,0.25,10.5,2.75,1.25,45.45,59.79,0.25,0.0,8.75,2.25,44.44,1.0,2.25
1173,Super Liga (RS),581145,Leonardo Antonio,Léo Antônio,1997-06-09,74.67,18.74,21.55,22,21,1,1769.0,84.24,0.14,1.1,577.0,27.48,22.57,82.15,86.14,16.09,1.48,9.57,5.81,0.52,0.24,11.71,3.57,2.57,8.81,2.9,2.14,73.77,76.13,0.24,0.1,5.43,1.38,55.17,0.76,4.05
1173,Super Liga (RS),583105,Brian Ramírez,B. Ramírez,2000-08-29,43.48,11.9,10.73,2,2,0,110.0,55.0,0.0,0.5,32.0,16.0,12.5,78.13,76.98,15.21,1.0,5.0,3.5,0.0,0.5,6.5,2.0,1.5,5.5,2.0,1.0,50.0,69.44,0.0,0.0,4.0,1.0,50.0,0.5,4.0
1173,Super Liga (RS),583310,Veljko Ilić,V. Ilić,2003-07-21,98.34,26.96,23.45,6,6,0,635.0,105.83,0.0,0.5,174.0,29.0,20.17,69.54,82.77,26.07,5.67,4.0,2.67,0.0,0.0,52.17,13.67,6.5,13.67,3.83,3.33,86.96,87.17,0.17,0.0,0.0,0.0,,0.0,4.5
1173,Super Liga (RS),583405,Miljan Momcilović,M. Momcilović,2001-03-17,85.89,23.24,20.78,32,30,2,3133.0,104.43,0.1,1.3,976.0,32.53,27.5,84.53,88.9,17.26,1.57,8.0,4.47,0.33,0.1,19.1,3.97,2.73,13.23,4.93,3.87,78.38,75.72,0.5,0.03,6.83,1.4,47.62,0.67,4.2
1173,Super Liga (RS),583406,Ensar Brunčević,E. Brunčević,1999-02-13,80.85,16.83,23.14,17,16,1,838.0,52.38,0.06,0.44,369.0,23.06,20.0,86.72,90.95,19.35,2.19,6.06,3.81,0.19,0.0,13.56,3.5,2.5,8.12,3.88,3.44,88.71,89.43,0.19,0.0,0.44,0.19,66.67,0.12,2.75
1173,Super Liga (RS),583410,Dušan Cvetinović,D. Cvetinović,1988-12-24,80.74,17.76,27.06,14,14,0,940.0,67.14,0.0,0.21,349.0,24.93,21.07,84.53,90.98,18.27,1.0,7.14,5.21,0.0,0.0,12.0,3.5,2.14,5.86,2.29,2.0,87.5,90.66,0.14,0.0,0.57,0.07,0.0,0.0,2.86
1173,Super Liga (RS),583416,Ilija Babić,I. Babić,2002-08-03,59.53,15.55,15.73,24,23,1,1209.0,52.57,0.04,0.78,325.0,14.13,10.48,74.15,77.58,12.76,0.22,2.52,2.35,0.48,0.78,2.78,0.35,0.22,17.74,5.3,3.7,69.67,73.1,0.35,0.04,17.74,4.09,40.43,1.65,3.48
1173,Super Liga (RS),583417,Milan Vidakov,M. Vidakov,2000-08-19,36.98,9.94,8.17,19,18,1,413.0,22.94,0.0,0.39,99.0,5.5,3.83,69.7,77.72,11.52,0.11,1.56,1.0,0.44,0.22,0.61,0.17,0.11,8.06,2.06,1.33,64.87,72.82,0.22,0.0,6.89,1.44,50.0,0.72,1.33
1173,Super Liga (RS),583420,Mihajlo Milosavić,M. Milosavić,2004-07-14,40.58,11.64,10.14,22,22,0,880.0,40.0,0.09,1.41,270.0,12.27,9.73,79.26,82.0,14.25,0.41,3.86,2.27,0.77,0.45,3.82,0.86,0.45,9.77,3.55,2.73,76.92,76.17,0.59,0.09,10.86,2.41,52.83,1.27,2.55
1173,Super Liga (RS),583421,Vladimir Vitorović,V. Vitorović,2000-10-03,99.81,29.86,24.75,4,4,0,604.0,151.0,0.0,1.5,186.0,46.5,38.5,82.79,80.31,15.81,4.0,9.0,8.5,1.25,0.5,29.75,7.25,5.25,33.5,10.75,7.75,72.09,71.38,0.5,0.0,24.0,6.0,45.83,2.75,13.0
1173,Super Liga (RS),583423,Miloš Tošeski,M. Tošeski,1998-02-24,55.52,13.52,15.65,26,25,1,2198.0,87.92,0.08,1.52,674.0,26.96,22.56,83.68,84.66,16.61,2.4,7.44,4.8,0.68,0.4,14.2,3.12,2.08,16.64,6.44,4.56,70.81,72.39,0.76,0.04,11.92,3.2,56.25,1.8,5.24
1173,Super Liga (RS),583454,Aleksandar Vulić,A. Vulić,2001-06-08,98.92,25.88,27.53,13,13,0,620.0,47.69,0.0,0.0,184.0,14.15,8.77,61.96,79.99,24.99,2.38,4.08,0.92,0.0,0.0,19.85,5.23,1.38,6.31,1.85,1.77,95.83,96.55,0.0,0.0,0.0,0.0,,0.0,2.62
1173,Super Liga (RS),583459,Dino Dolmagić,D. Dolmagić,1994-02-26,11.83,2.37,1.74,1,1,0,17.0,17.0,0.0,0.0,6.0,6.0,4.0,66.67,67.98,16.5,0.0,2.0,0.0,1.0,0.0,1.0,0.0,0.0,10.0,3.0,2.0,66.67,66.65,0.0,0.0,12.0,4.0,50.0,2.0,2.0
1173,Super Liga (RS),583465,Ibrahim Tanko,I. Tanko,1999-04-30,47.35,11.41,14.47,24,23,1,684.0,29.74,0.0,0.48,213.0,9.26,7.04,76.06,77.33,14.26,0.39,2.78,1.39,0.52,0.26,0.96,0.35,0.26,11.43,3.65,2.61,71.43,72.1,0.35,0.0,8.52,2.04,59.57,1.22,2.57
1173,Super Liga (RS),583466,Luka Luković,L. Luković,1996-10-11,60.16,14.64,15.56,28,28,0,1985.0,70.89,0.07,1.82,675.0,24.11,17.89,74.22,77.47,15.77,1.29,8.36,5.0,1.0,0.54,9.04,3.29,2.11,17.82,6.96,5.07,72.82,72.17,0.79,0.04,13.54,3.54,46.46,1.64,7.04
1173,Super Liga (RS),583468,Dimitrije Stevanović,D. Stevanović,2004-08-27,97.37,26.31,26.93,7,7,0,401.0,57.29,0.0,0.14,121.0,17.29,13.0,75.21,83.06,26.94,4.29,5.14,1.14,0.0,0.0,25.29,6.71,3.0,5.86,1.57,1.57,100.0,98.91,0.0,0.0,0.0,0.0,,0.0,1.71
1173,Super Liga (RS),583469,Matija Gluščević,M. Gluščević,2004-06-13,37.64,11.31,9.8,5,5,0,189.0,37.8,0.0,1.0,42.0,8.4,6.6,78.57,83.18,11.88,0.2,1.0,2.2,0.2,0.0,2.6,0.2,0.2,12.2,2.4,1.2,50.0,67.8,0.4,0.0,9.6,1.0,40.0,0.4,1.8
1173,Super Liga (RS),583475,Luka Zorić,L. Zorić,1998-08-02,75.87,18.21,18.71,10,9,1,628.0,69.78,0.11,1.0,206.0,22.89,17.89,78.16,81.72,17.06,1.56,10.56,3.56,0.44,0.11,12.22,5.0,3.0,10.11,4.11,2.89,70.27,73.91,0.33,0.11,6.33,1.33,41.67,0.56,5.22
1173,Super Liga (RS),583476,Milutin Vidosavljević,M. Vidosavljević,2001-02-21,67.68,17.16,17.65,31,30,1,1965.0,65.5,0.1,2.0,561.0,18.7,14.9,79.68,81.56,13.85,0.8,5.23,3.57,0.5,0.57,5.67,1.23,0.93,17.9,6.0,4.17,69.44,73.22,0.97,0.1,14.93,3.5,54.29,1.9,4.27
1173,Super Liga (RS),583483,Nikola Mituljikić,N. Mituljikić,2003-01-20,80.7,23.04,18.64,3,3,0,197.0,65.67,0.0,0.67,55.0,18.33,14.33,78.18,82.47,14.71,0.67,3.0,1.0,0.33,0.33,5.0,1.0,1.0,17.0,6.33,4.67,73.69,73.74,0.33,0.0,13.33,3.33,60.0,2.0,3.67
1173,Super Liga (RS),584916,Uroš Nikolić,U. Nikolić,1993-12-14,35.85,9.3,8.03,7,6,1,282.0,47.0,0.17,1.33,84.0,14.0,10.33,73.81,73.19,16.23,1.0,3.5,3.33,0.67,1.17,4.33,1.17,0.5,12.33,4.33,2.83,65.39,64.25,0.67,0.0,14.5,4.67,50.0,2.33,5.5
1173,Super Liga (RS),584917,Marko Bjeković,M. Bjeković,2000-09-21,90.9,21.58,26.89,33,32,1,3200.0,100.0,0.25,1.75,974.0,30.44,24.84,81.62,83.24,14.47,1.06,5.78,5.19,0.56,0.28,16.12,4.12,2.97,26.69,8.5,6.12,72.06,73.3,0.91,0.16,16.38,3.59,52.17,1.88,6.12
1173,Super Liga (RS),584919,Nikola Cirković,N. Cirković,1991-12-04,92.53,22.03,30.6,30,30,0,2720.0,90.67,0.07,0.53,987.0,32.9,28.1,85.41,89.13,19.17,2.43,8.0,6.5,0.17,0.1,19.43,5.7,4.67,11.37,4.77,4.2,88.11,84.21,0.23,0.0,2.03,0.67,40.0,0.27,4.27
1173,Super Liga (RS),584923,Marko Velicković,M. Velicković,2004-10-12,44.54,12.12,10.74,21,21,0,836.0,39.81,0.19,1.43,221.0,10.52,8.1,76.92,79.24,14.04,0.48,2.81,1.9,0.67,0.67,2.71,0.57,0.38,12.86,3.81,2.57,67.5,71.77,0.52,0.14,14.1,3.67,67.53,2.48,2.76
1173,Super Liga (RS),584924,Uroš Sremčević,U. Sremčević,2006-04-24,52.56,12.47,16.22,29,28,1,770.0,27.5,0.04,0.93,234.0,8.36,6.11,73.08,76.13,12.3,0.36,3.5,1.29,0.21,0.36,0.46,0.07,0.04,10.25,3.54,2.61,73.74,75.29,0.64,0.07,7.46,1.5,69.05,1.04,2.11
1173,Super Liga (RS),586614,Nemanja Dekovic,N. Dekovic,2003-05-09,96.75,22.35,27.92,7,7,0,1025.0,146.43,0.0,1.14,335.0,47.86,37.14,77.61,81.75,21.87,7.57,12.86,7.29,0.0,0.14,49.57,15.71,11.29,21.43,6.14,4.29,69.77,69.08,0.57,0.0,7.86,2.29,37.5,0.86,11.43
1173,Super Liga (RS),586615,Uroš Ljubomirac,U. Ljubomirac,1990-04-12,71.62,17.31,23.65,29,29,0,2135.0,73.62,0.17,1.79,666.0,22.97,18.1,78.83,77.59,13.35,0.52,6.9,5.1,0.69,0.83,5.41,1.69,1.1,21.93,7.07,5.45,77.07,73.0,0.97,0.14,14.55,3.86,58.93,2.28,6.69
1173,Super Liga (RS),586618,Vladimir Savić,V. Savić,1996-03-12,89.98,20.89,26.25,12,12,0,606.0,50.5,0.0,0.0,207.0,17.25,11.83,68.6,79.55,27.26,4.25,4.83,1.75,0.0,0.0,20.75,6.5,3.0,8.25,2.5,2.42,96.67,92.08,0.0,0.0,0.0,0.0,,0.0,2.92
1173,Super Liga (RS),586620,Mladjan Stevanović,M. Stevanović,1995-01-01,65.11,14.64,16.52,22,22,0,1852.0,84.18,0.09,1.36,595.0,27.05,21.86,80.84,84.63,16.29,1.36,6.73,5.23,0.18,0.27,16.59,5.18,3.59,12.45,5.14,4.27,83.19,78.73,0.36,0.0,7.05,1.68,54.06,0.91,5.27
1173,Super Liga (RS),593950,Axel Urie,A. Urie,1999-04-14,23.28,5.86,5.0,3,3,0,79.0,26.33,0.0,0.67,16.0,5.33,4.0,75.0,84.74,12.83,0.0,0.67,0.33,0.0,0.0,6.67,1.0,0.67,4.33,0.67,0.33,50.0,57.94,0.0,0.0,7.33,0.67,50.0,0.33,1.0
1173,Super Liga (RS),606796,Petar Petrović,P. Petrović,1995-09-15,18.62,4.35,3.03,2,2,0,38.0,19.0,0.0,0.0,9.0,4.5,2.0,44.44,68.86,19.04,0.5,1.0,0.5,0.0,0.0,2.5,0.5,0.0,4.5,1.5,0.5,33.33,63.36,0.0,0.0,9.5,1.5,33.33,0.5,2.5
1173,Super Liga (RS),635449,Bojan Kovačević,B. Kovačević,1996-04-28,95.35,24.53,23.63,16,15,1,1637.0,109.13,0.07,1.47,579.0,38.6,30.47,78.93,81.63,17.47,2.93,9.0,9.13,0.6,0.67,28.67,9.53,7.13,30.4,11.4,8.6,75.44,74.77,0.4,0.0,10.6,3.53,39.62,1.4,9.07
1173,Super Liga (RS),641078,Stefan Stanisavljević,S. Stanisavljević,2002-01-16,86.1,19.51,23.39,19,18,1,551.0,30.61,0.17,0.94,179.0,9.94,6.44,64.8,70.34,13.43,0.28,4.0,1.06,0.94,0.17,0.56,0.17,0.06,14.61,5.22,3.44,65.96,70.27,0.83,0.17,12.83,3.17,54.39,1.72,3.33
1173,Super Liga (RS),641083,Sava Pribakovic,S. Pribakovic,2003-02-04,94.75,15.34,35.52,1,1,0,28.0,28.0,0.0,0.0,10.0,10.0,5.0,50.0,80.49,14.18,0.0,3.0,4.0,1.0,1.0,4.0,0.0,0.0,6.0,2.0,0.0,0.0,54.38,0.0,0.0,7.0,2.0,0.0,0.0,2.0
1173,Super Liga (RS),641084,Jovan Milošević,J. Milošević,2005-07-31,78.37,25.46,17.79,17,17,0,984.0,57.88,0.59,2.65,319.0,18.76,14.94,79.62,81.95,12.51,0.29,7.24,3.18,1.35,1.41,4.94,1.06,0.71,21.88,7.47,6.12,81.89,76.85,1.59,0.35,22.35,5.82,70.71,4.12,3.24
1173,Super Liga (RS),644278,Bob Murphy Omoregbe,B. Omoregbe,2003-11-05,33.42,7.27,8.48,21,21,0,404.0,19.24,0.05,0.57,90.0,4.29,2.52,58.89,71.75,12.64,0.0,0.76,0.48,0.1,0.14,0.62,0.14,0.05,8.24,1.62,0.86,52.94,62.81,0.29,0.0,8.43,1.52,40.62,0.62,1.76
1173,Super Liga (RS),648880,Andrija Lazarević,A. Lazarević,2004-04-03,30.94,7.96,8.09,3,3,0,64.0,21.33,0.0,0.33,17.0,5.67,4.33,76.47,84.37,14.06,0.33,0.67,1.67,0.0,0.0,1.33,0.33,0.33,4.0,2.0,1.67,83.33,74.4,0.0,0.0,7.0,0.67,50.0,0.33,1.0
1173,Super Liga (RS),648881,Nikola Đuričić,N. Đuričić,1999-12-12,89.93,26.83,21.76,31,29,2,4315.0,148.79,0.1,1.86,1496.0,51.59,46.24,89.64,89.53,16.67,3.34,12.24,12.28,0.76,0.66,38.72,10.72,9.14,28.38,9.31,7.79,83.7,79.15,0.45,0.03,13.31,2.83,54.88,1.55,5.83
1173,Super Liga (RS),648882,Aleksa Matić,A. Matić,2002-09-20,60.96,14.34,20.2,5,5,0,52.0,10.4,0.0,0.0,19.0,3.8,2.4,63.16,68.06,8.89,0.0,2.6,0.2,0.4,0.0,0.0,0.0,0.0,4.8,1.8,1.4,77.78,72.01,0.0,0.0,3.2,1.0,80.0,0.8,1.4
1173,Super Liga (RS),648883,Nikola Zecević,N. Zecević,2004-06-16,69.77,22.48,16.15,14,14,0,1938.0,138.43,0.07,0.29,705.0,50.36,46.0,91.35,94.38,16.32,2.0,9.0,9.79,0.07,0.0,29.57,7.43,5.43,15.86,7.93,7.07,89.19,88.56,0.21,0.0,2.36,0.79,36.36,0.29,3.57
1173,Super Liga (RS),649597,Lamonth Beres Rochester,L. Rochester,2003-06-10,38.19,11.58,9.29,3,3,0,106.0,35.33,0.33,1.0,34.0,11.33,8.67,76.47,87.21,15.49,0.67,2.67,3.67,0.33,0.0,10.67,2.67,2.33,4.33,1.67,1.33,80.0,82.69,0.0,0.0,4.0,1.0,33.33,0.33,1.0
1173,Super Liga (RS),662438,Jovan  Šljivić,J. Šljivić,2005-10-14,74.49,20.38,17.45,24,22,2,1814.0,82.45,0.14,1.73,507.0,23.05,17.77,77.12,82.59,14.59,0.86,7.05,3.73,0.73,0.64,9.86,1.95,1.05,18.45,5.77,4.05,70.08,73.51,1.14,0.09,17.59,4.0,51.14,2.05,4.91
1173,Super Liga (RS),662440,Luka Lijeskić,L. Lijeskić,2005-02-23,98.13,26.43,23.75,31,29,2,1882.0,64.9,0.0,0.03,661.0,22.79,16.79,73.68,84.57,24.09,3.72,3.41,2.59,0.0,0.0,25.93,6.83,2.79,13.45,3.55,3.31,93.2,95.5,0.0,0.0,0.0,0.0,,0.0,2.97
1173,Super Liga (RS),662441,Stefan Bukinac,S. Bukinac,2005-07-08,94.37,24.19,24.47,20,19,1,2100.0,110.53,0.21,2.16,717.0,37.74,29.84,79.08,82.47,14.52,1.58,8.26,6.89,0.95,0.26,24.58,7.0,5.0,28.16,10.53,7.89,75.0,75.42,0.95,0.16,19.74,4.16,40.51,1.68,8.21
1173,Super Liga (RS),662444,Mateja  Bubanj,M. Bubanj,2005-01-03,44.91,10.19,13.49,17,16,1,480.0,30.0,0.06,0.69,148.0,9.25,7.25,78.38,78.87,13.91,0.44,3.44,1.12,0.25,0.31,1.81,0.5,0.31,9.06,3.31,2.56,77.36,74.35,0.19,0.06,7.38,1.75,64.29,1.12,2.06
1173,Super Liga (RS),662446,Veljko Mirosavić,V. Mirosavić,2005-06-15,73.87,17.65,20.27,19,18,1,1323.0,73.5,0.22,1.0,432.0,24.0,18.39,76.62,81.61,17.18,1.72,5.22,4.61,0.22,0.33,16.94,5.06,3.28,17.39,6.0,4.44,74.08,74.14,0.67,0.11,8.06,2.17,41.03,0.89,6.39
1173,Super Liga (RS),662450,Mateja  Radonjić,M. Radonjić,2005-09-20,38.25,10.95,8.64,8,8,0,278.0,34.75,0.0,0.62,77.0,9.62,8.25,85.71,84.67,13.32,0.75,2.88,2.38,0.25,0.5,2.62,0.75,0.5,7.25,1.88,1.62,86.67,73.59,0.25,0.0,8.25,1.5,66.67,1.0,1.38
1173,Super Liga (RS),671631,Zoran Alilović,Z. Alilović,2006-03-14,63.71,15.07,18.64,18,17,1,684.0,40.24,0.24,1.59,232.0,13.65,10.59,77.59,77.92,14.88,0.59,4.71,2.88,0.88,0.29,2.24,0.65,0.47,13.24,4.82,3.76,78.05,72.5,0.94,0.24,10.47,2.76,55.32,1.53,3.35
1173,Super Liga (RS),671634,Andrej  Petrović,A. Petrović,2006-04-24,71.69,20.45,17.21,16,16,0,1239.0,77.44,0.12,2.12,400.0,25.0,21.75,87.0,89.52,15.51,1.12,7.25,5.88,0.5,0.25,11.5,1.94,1.44,9.38,3.31,2.75,83.02,77.98,0.5,0.06,10.44,1.94,51.61,1.0,2.81
1173,Super Liga (RS),671637,Nikola Simic,N. Simic,2007-03-30,93.87,29.07,21.18,32,32,0,4686.0,146.44,0.12,1.0,1637.0,51.16,46.38,90.65,93.08,17.93,3.22,7.31,9.44,0.16,0.16,44.5,12.72,10.66,21.06,7.62,7.0,91.8,90.82,0.16,0.03,4.56,0.81,46.15,0.38,3.75
1173,Super Liga (RS),671639,Veljko  Milosavljević,V. Milosavljević,2007-06-28,94.83,29.25,20.6,3,3,0,503.0,167.67,0.67,2.0,192.0,64.0,59.33,92.71,95.75,16.98,2.33,9.0,14.67,0.33,0.0,44.0,9.0,8.67,26.67,9.33,9.0,96.43,87.84,1.0,0.67,6.67,0.67,50.0,0.33,2.33
1173,Super Liga (RS),671641,Adem Avdic,A. Avdic,2007-09-24,63.55,22.18,11.8,24,23,1,2183.0,94.91,0.3,2.39,731.0,31.78,25.26,79.48,81.53,15.95,1.83,6.39,5.78,0.7,0.57,15.83,4.26,3.09,26.52,9.04,6.96,76.92,72.1,0.96,0.09,23.22,5.65,46.15,2.61,8.0
1173,Super Liga (RS),671643,Veljko Jocić,V. Jocić,2006-07-05,37.88,9.53,9.74,7,7,0,267.0,38.14,0.29,1.14,82.0,11.71,8.57,73.17,80.75,16.22,0.86,4.0,1.86,0.86,0.86,3.29,0.86,0.43,10.14,3.86,2.29,59.26,74.26,0.71,0.14,9.29,2.86,75.0,2.14,2.71
1173,Super Liga (RS),686453,Sadick Abubakar,S. Abubakar,1998-02-02,86.07,19.26,22.51,29,27,2,2034.0,75.33,0.11,0.85,736.0,27.26,21.11,77.45,83.82,18.27,2.04,6.74,4.96,0.26,0.19,17.19,5.48,3.81,11.26,4.81,3.93,81.54,80.17,0.3,0.04,3.0,0.85,39.13,0.33,5.89
1173,Super Liga (RS),686454,Vukašin Bogdanović,V. Bogdanović,2002-10-04,82.51,18.63,20.69,20,18,2,915.0,50.83,0.22,1.39,273.0,15.17,12.39,81.68,80.99,11.37,0.33,5.78,2.56,0.44,0.28,1.17,0.06,0.06,19.06,5.44,4.5,82.65,77.55,0.61,0.11,13.17,2.39,67.44,1.61,2.83
1173,Super Liga (RS),698050,Mahmudu Bajo,M. Bajo,2004-08-15,49.11,16.23,9.74,16,16,0,1405.0,87.81,0.12,1.31,457.0,28.56,25.81,90.37,90.15,18.48,2.38,6.56,7.5,0.38,0.5,15.94,4.75,4.0,8.62,4.0,3.44,85.94,76.41,0.38,0.06,6.19,1.88,70.0,1.31,3.25
1173,Super Liga (RS),704814,Henry Addo,H. Addo,2003-05-01,46.59,13.19,11.44,15,14,1,588.0,42.0,0.0,0.86,152.0,10.86,8.36,76.97,78.05,14.47,0.36,2.57,1.14,0.21,0.21,3.86,0.71,0.57,14.79,3.86,2.5,64.82,67.81,0.43,0.0,14.29,2.93,48.78,1.43,3.29
1173,Super Liga (RS),705077,Oleg Nikiforenko,O. Nikiforenko,2001-03-17,31.0,9.22,6.74,6,6,0,177.0,29.5,0.0,0.17,64.0,10.67,8.67,81.25,86.61,15.66,0.5,3.0,2.5,0.33,0.33,3.0,1.0,0.5,8.17,2.5,2.0,80.0,77.76,0.0,0.0,4.67,1.17,71.43,0.83,1.5
1173,Super Liga (RS),716335,Jovan Ilić,J. Ilić,2000-01-30,68.49,17.81,18.52,27,26,1,2560.0,98.46,0.12,1.19,707.0,27.19,24.54,90.24,91.07,15.45,1.46,5.46,5.62,0.0,0.31,16.38,3.0,2.42,13.19,4.0,3.23,80.77,83.37,0.27,0.04,9.58,1.46,60.53,0.88,2.19
1173,Super Liga (RS),719362,Nikola Grujić,N. Grujić,2006-12-17,94.18,31.68,22.33,1,1,0,43.0,43.0,0.0,0.0,13.0,13.0,9.0,69.23,78.91,29.3,4.0,7.0,3.0,0.0,0.0,28.0,7.0,4.0,3.0,0.0,0.0,,,0.0,0.0,0.0,0.0,,0.0,4.0
1173,Super Liga (RS),719679,Siniša Tanjga,S. Tanjga,2004-03-11,71.09,16.95,18.0,18,18,0,936.0,52.0,0.06,0.39,402.0,22.33,18.06,80.84,88.38,19.11,1.28,6.11,4.17,0.11,0.06,12.17,4.72,2.94,5.06,2.33,2.11,90.48,84.65,0.06,0.0,0.94,0.61,36.36,0.22,3.39
1173,Super Liga (RS),722739,Kornél Szűcs,K. Szűcs,2001-09-24,87.51,20.67,22.47,9,9,0,770.0,85.56,0.0,0.11,304.0,33.78,29.0,85.86,92.84,18.8,2.67,8.67,6.89,0.0,0.0,18.56,5.67,4.56,13.89,5.22,4.78,91.49,91.35,0.0,0.0,1.56,0.11,0.0,0.0,2.67
1173,Super Liga (RS),727423,Ester Sokler,E. Sokler,1999-06-04,87.33,22.47,21.62,29,27,2,893.0,33.07,0.07,0.93,311.0,11.52,8.59,74.6,76.71,10.53,0.15,5.96,1.59,0.85,0.37,0.7,0.07,0.07,12.0,4.3,3.19,74.14,70.95,0.44,0.04,10.33,2.74,63.51,1.74,3.0
1173,Super Liga (RS),729180,Christ Sarkodje Kouadio,C. Kouadio,2000-12-23,57.35,11.53,18.02,8,7,1,261.0,37.29,0.14,0.43,85.0,12.14,8.86,72.94,83.82,14.35,0.29,2.43,3.0,0.0,0.0,7.14,2.14,1.29,8.14,2.43,1.86,76.47,82.45,0.14,0.0,4.86,0.71,20.0,0.14,1.86
1173,Super Liga (RS),729987,Bogdan Mirčetić,B. Mirčetić,2005-10-25,91.83,30.15,20.29,5,5,0,678.0,135.6,0.2,2.8,185.0,37.0,31.6,85.41,83.79,14.5,1.6,8.2,7.2,1.2,1.2,14.8,3.2,2.6,30.4,11.0,8.6,78.18,75.03,1.4,0.2,30.6,7.0,54.29,3.8,6.4
1173,Super Liga (RS),729988,Nemanja Trifunović,N. Trifunović,2004-06-29,74.76,23.21,16.89,25,25,0,2104.0,84.16,0.16,2.84,570.0,22.8,17.36,76.14,79.5,14.51,1.0,3.44,2.56,0.56,0.64,6.36,1.16,0.84,32.48,8.04,5.52,68.66,69.58,1.16,0.12,31.68,6.84,51.46,3.52,6.56
1173,Super Liga (RS),738200,Pedro Carvalhosa Empis,Pedro Empis,1997-02-01,47.26,10.13,12.14,3,3,0,92.0,30.67,0.0,0.67,31.0,10.33,7.33,70.97,83.0,10.94,0.0,2.67,2.0,0.33,0.33,4.0,0.33,0.0,6.33,2.0,1.0,50.0,57.56,0.33,0.0,5.67,1.33,50.0,0.67,2.33
1173,Super Liga (RS),741993,Filip Samurović,F. Samurović,2002-09-23,90.95,22.12,27.28,1,1,0,68.0,68.0,0.0,0.0,21.0,21.0,18.0,85.71,79.2,28.56,7.0,6.0,1.0,0.0,0.0,27.0,7.0,4.0,17.0,3.0,3.0,100.0,99.72,0.0,0.0,0.0,0.0,,0.0,3.0
1173,Super Liga (RS),741994,Luka Subotić,L. Subotić,2003-01-22,90.17,22.75,24.81,26,25,1,2168.0,86.72,0.08,0.32,853.0,34.12,27.44,80.42,85.97,19.17,3.12,8.48,5.24,0.12,0.04,23.84,8.16,5.0,10.12,3.68,3.16,85.87,83.81,0.08,0.0,1.6,0.56,57.14,0.32,6.36
1173,Super Liga (RS),748219,Kenroy Campbell,K. Campbell,2002-05-30,38.39,8.86,10.81,9,9,0,278.0,30.89,0.0,0.89,65.0,7.22,4.89,67.69,72.9,14.53,0.22,1.78,1.0,0.11,0.33,1.44,0.56,0.22,8.33,2.22,1.22,55.0,66.5,0.33,0.0,8.67,1.33,41.67,0.56,2.67
1173,Super Liga (RS),749343,Eldar Mehmedović,E. Mehmedović,2003-04-10,45.07,12.63,10.98,10,10,0,757.0,75.7,0.1,0.8,219.0,21.9,19.2,87.67,90.82,15.16,0.6,4.3,3.8,0.4,0.3,10.2,2.0,1.5,11.2,3.3,2.8,84.85,78.56,0.3,0.1,8.2,1.7,58.82,1.0,1.7
1173,Super Liga (RS),760980,Vladimir Radočaj,V. Radočaj,1998-12-24,62.84,15.19,18.13,17,17,0,1007.0,59.24,0.18,1.59,348.0,20.47,13.65,66.67,69.61,14.53,1.0,6.65,2.47,1.24,0.35,3.35,1.35,0.82,22.41,9.0,5.94,66.01,65.05,1.12,0.18,19.06,6.18,44.76,2.76,8.65
1173,Super Liga (RS),760984,Nikola Glišić,N. Glišić,1999-06-30,60.68,15.05,16.52,25,25,0,1726.0,69.04,0.12,0.64,536.0,21.44,14.8,69.03,76.91,17.23,1.6,6.4,3.48,0.56,0.48,13.36,3.64,2.12,15.72,5.08,3.52,69.29,67.42,0.24,0.04,13.8,3.48,42.53,1.48,6.56
1173,Super Liga (RS),761021,Ismael Alves Gaetan Maiga,I. Maiga,2003-11-23,80.07,17.71,23.47,15,14,1,1077.0,76.93,0.0,0.64,399.0,28.5,24.36,85.46,89.84,19.15,2.57,6.64,6.07,0.0,0.07,16.36,4.29,2.86,8.07,3.14,2.71,86.36,87.85,0.14,0.0,1.07,0.29,50.0,0.14,4.0
1173,Super Liga (RS),761024,Milan Ilić,M. Ilić,2000-02-07,48.99,11.43,15.92,16,16,0,820.0,51.25,0.0,0.5,287.0,17.94,12.69,70.73,78.29,17.24,1.0,4.0,3.75,0.19,0.31,9.25,3.31,2.06,13.12,4.94,3.12,63.29,71.0,0.12,0.0,7.31,2.19,37.14,0.81,6.06
1173,Super Liga (RS),761028,Strahinja  Manojlović,S. Manojlović,2002-08-11,98.47,25.46,24.83,21,17,4,863.0,50.76,0.0,0.06,287.0,16.88,12.12,71.78,84.78,25.62,3.18,4.29,1.71,0.0,0.0,17.53,4.35,1.29,9.06,2.35,2.18,92.5,95.03,0.0,0.0,0.0,0.0,,0.0,2.59
1173,Super Liga (RS),761031,Aleksa Radonjić,A. Radonjić,2005-10-24,73.06,17.46,21.62,29,28,1,882.0,31.5,0.04,0.46,241.0,8.61,5.89,68.47,77.26,12.27,0.14,2.64,0.86,0.29,0.14,1.18,0.29,0.14,11.43,3.14,2.11,67.05,69.26,0.36,0.04,7.93,1.43,32.5,0.46,2.61
1173,Super Liga (RS),761032,Djordje Skoko,D. Skoko,2003-06-03,96.31,22.48,28.94,36,35,1,3476.0,99.31,0.06,0.69,1359.0,38.83,33.34,85.87,89.5,19.78,3.06,7.77,10.31,0.14,0.06,23.6,6.86,4.57,11.23,4.26,3.6,84.56,82.8,0.26,0.03,3.09,1.06,56.76,0.6,5.86
1173,Super Liga (RS),761035,Vukasin Djurdjevic,V. Durdevic,2004-01-24,65.26,21.15,14.51,25,25,0,2324.0,92.96,0.08,1.08,873.0,34.92,30.92,88.54,90.57,18.35,3.12,8.48,7.08,0.4,0.2,23.8,6.76,5.6,15.64,5.8,4.88,84.14,83.67,0.36,0.0,6.0,1.72,62.79,1.08,3.32
1173,Super Liga (RS),761913,Irfan Zulfic,I. Zulfic,2000-10-04,39.93,8.23,12.27,3,3,0,116.0,38.67,0.0,1.0,35.0,11.67,10.33,88.57,82.1,15.59,0.67,4.33,2.33,0.0,0.33,3.67,0.67,0.67,6.0,2.67,2.0,75.0,74.19,0.67,0.0,4.67,1.0,66.67,0.67,2.67
1173,Super Liga (RS),761958,Mirko Milikić,M. Milikić,2001-12-24,97.99,28.24,24.78,33,31,2,5513.0,177.84,0.06,0.81,1907.0,61.52,54.03,87.83,91.33,17.73,4.87,11.1,9.0,0.0,0.0,47.1,13.9,10.97,22.61,9.71,8.71,89.7,86.07,0.19,0.03,3.94,0.87,62.96,0.55,6.77
1173,Super Liga (RS),761960,Marko Konatar,M. Konatar,2000-03-25,78.31,23.68,19.07,21,19,2,1528.0,80.42,0.0,0.58,572.0,30.11,25.84,85.84,88.23,15.87,1.26,7.32,5.89,0.26,0.32,17.11,5.47,4.16,15.47,5.47,4.26,77.89,79.79,0.05,0.0,5.53,1.42,37.04,0.53,4.42
1173,Super Liga (RS),761963,Branislav Knezević,B. Knezević,2002-07-21,76.14,21.7,19.93,30,28,2,1756.0,62.71,0.11,0.71,553.0,19.75,16.86,85.35,88.83,16.86,1.04,6.43,2.96,0.29,0.14,7.46,1.68,1.36,11.57,3.71,2.93,78.85,78.91,0.36,0.07,7.11,1.64,56.52,0.93,2.36
1173,Super Liga (RS),761976,Stepanovich Evgeniy Pavlov Yevgeny,Evgeniy Pavlov,1991-03-12,18.87,5.47,3.62,7,7,0,76.0,10.86,0.0,0.14,19.0,2.71,1.86,68.42,78.26,9.93,0.0,1.0,0.43,0.29,0.14,0.14,0.0,0.0,4.14,1.71,1.29,75.0,73.06,0.0,0.0,4.43,1.0,71.43,0.71,0.71
1173,Super Liga (RS),762574,Miloš Ristić,M. Ristić,1995-04-06,75.88,22.53,17.23,19,18,1,1824.0,101.33,0.06,1.94,547.0,30.39,25.56,84.09,87.25,15.75,1.78,6.33,6.89,0.22,0.28,20.67,4.61,3.28,16.28,6.0,4.89,81.48,78.74,0.72,0.06,10.94,1.67,50.0,0.83,4.5
1173,Super Liga (RS),762581,Bojan Adžić,B. Adžić,2003-12-01,67.05,18.46,16.43,14,14,0,804.0,57.43,0.0,0.86,264.0,18.86,14.57,77.27,81.04,13.9,0.43,3.93,2.79,0.71,0.14,9.71,2.07,1.29,15.21,5.07,3.79,74.65,71.36,0.29,0.0,11.0,2.29,43.75,1.0,4.36
1173,Super Liga (RS),762583,Nikola Miličić,N. Miličić,2004-07-04,83.28,21.72,20.92,23,21,2,2061.0,98.14,0.19,1.14,739.0,35.19,27.76,78.89,83.72,17.51,2.19,9.24,6.71,0.48,0.24,26.29,8.33,5.57,17.95,7.33,5.38,73.38,75.91,0.38,0.1,5.29,1.9,55.0,1.05,7.38
1173,Super Liga (RS),762587,Dragan Bojat,D. Bojat,2003-08-10,61.33,16.69,15.81,22,21,1,1527.0,72.71,0.1,1.52,503.0,23.95,19.86,82.9,86.5,14.27,0.71,5.57,4.29,0.52,0.24,12.48,3.43,2.62,15.29,5.0,3.76,75.24,79.56,0.33,0.0,8.24,1.76,56.76,1.0,3.48
1173,Super Liga (RS),762590,Filip Krstić,F. Krstić,1997-08-29,74.1,17.12,21.75,28,28,0,1882.0,67.21,0.07,1.14,638.0,22.79,18.61,81.66,83.23,16.59,1.54,9.14,3.54,0.57,0.18,11.96,3.79,2.79,9.5,4.14,3.43,82.76,74.46,0.5,0.04,6.32,1.46,46.34,0.68,4.46
1173,Super Liga (RS),763351,Mateja Gašić,M. Gašić,2003-02-16,95.58,22.31,24.34,34,33,1,2984.0,90.42,0.24,2.18,996.0,30.18,21.48,71.18,73.51,17.46,2.33,7.39,6.3,0.73,0.52,18.21,6.27,4.09,25.06,9.12,5.7,62.46,63.65,0.88,0.09,16.55,4.97,41.46,2.06,11.09
1173,Super Liga (RS),763354,Saša Stamenković,S. Stamenković,1985-01-05,96.07,22.54,31.81,33,33,0,1790.0,54.24,0.0,0.03,595.0,18.03,13.0,72.1,80.99,27.9,4.58,4.91,0.94,0.0,0.0,21.58,6.03,2.52,6.64,1.91,1.76,92.06,93.94,0.0,0.0,0.0,0.0,,0.0,2.73
1173,Super Liga (RS),765517,Nikola Krstić,N. Krstić,2004-12-01,66.49,16.5,17.36,28,28,0,1531.0,54.68,0.18,1.46,498.0,17.79,13.04,73.29,76.15,13.51,0.61,6.61,2.96,0.75,0.64,4.29,1.43,0.86,15.0,5.64,3.89,68.99,68.36,0.86,0.14,13.32,3.61,59.41,2.14,5.25
1173,Super Liga (RS),765518,Miloš  Jović,M. Jović,2006-05-22,27.26,7.11,7.08,20,20,0,239.0,11.95,0.0,0.55,84.0,4.2,3.45,82.14,80.14,11.34,0.05,2.05,0.3,0.3,0.1,0.1,0.0,0.0,4.45,1.5,1.1,73.33,79.74,0.35,0.0,3.05,0.75,80.0,0.6,0.4
1173,Super Liga (RS),765522,Ognjen Krsmanović,O. Krsmanović,2005-01-14,72.59,15.59,23.57,14,14,0,512.0,36.57,0.0,0.64,175.0,12.5,9.57,76.57,77.72,12.73,0.21,4.86,1.86,0.43,0.5,0.86,0.21,0.14,10.14,4.0,3.0,75.0,71.8,0.36,0.0,7.43,1.86,73.08,1.36,3.21
1173,Super Liga (RS),768262,Aboubacar Cisse,A. Cisse,2004-02-20,57.34,12.07,16.48,18,17,1,563.0,33.12,0.18,0.76,176.0,10.35,6.47,62.5,68.05,12.34,0.24,3.29,1.0,0.59,0.12,1.0,0.29,0.12,11.59,3.88,2.0,51.52,60.48,0.29,0.12,10.41,2.76,31.92,0.88,4.35
1173,Super Liga (RS),770927,Marin Dulić,M. Dulić,2004-03-25,97.6,22.86,26.84,10,9,1,339.0,37.67,0.0,0.0,110.0,12.22,6.44,52.73,75.37,28.51,2.56,4.89,0.56,0.0,0.0,19.22,5.78,1.67,3.67,1.0,0.89,88.89,93.58,0.0,0.0,0.0,0.0,,0.0,1.67
1173,Super Liga (RS),773291,Strahinja Ristić,S. Ristić,2004-03-17,56.81,13.51,17.03,6,6,0,362.0,60.33,0.0,0.17,127.0,21.17,16.33,77.16,85.48,19.12,2.17,4.67,2.0,0.0,0.0,21.5,5.33,3.5,8.67,3.67,2.83,77.27,80.23,0.0,0.0,0.67,0.17,0.0,0.0,4.0
1173,Super Liga (RS),786869,Bogdan Petrovic,B. Petrovic,2004-12-07,62.49,18.44,14.97,29,29,0,819.0,28.24,0.17,1.21,246.0,8.48,6.38,75.2,75.6,12.65,0.17,3.24,1.66,0.62,0.55,0.83,0.17,0.14,10.17,2.9,2.17,75.0,68.31,0.69,0.1,8.86,2.21,64.06,1.41,2.21
1173,Super Liga (RS),790814,Yakup Arda Kılıç,A. Kılıç,2005-01-04,21.16,2.82,7.15,1,1,0,8.0,8.0,0.0,0.0,2.0,2.0,2.0,100.0,97.19,15.34,0.0,1.0,0.0,0.0,0.0,1.0,0.0,0.0,3.0,1.0,1.0,100.0,97.19,0.0,0.0,1.0,0.0,,0.0,0.0
1173,Super Liga (RS),796671,Nikola  Bukumira,N. Bukumira,2005-09-07,43.03,10.57,10.5,23,21,2,730.0,34.76,0.0,0.67,219.0,10.43,8.33,79.91,83.33,13.73,0.33,3.24,1.76,0.33,0.14,2.48,0.43,0.19,8.33,2.62,2.0,76.36,78.69,0.24,0.0,7.62,1.43,43.33,0.62,2.14
1173,Super Liga (RS),797522,Jovan Ćirić,J. Ćirić,2007-02-25,74.88,17.77,25.24,22,22,0,1063.0,48.32,0.14,1.18,300.0,13.64,8.5,62.33,68.17,14.33,0.55,3.27,2.59,0.55,0.68,1.68,0.68,0.36,20.55,6.32,3.68,58.27,62.72,0.77,0.05,19.27,5.36,40.68,2.18,6.05
1173,Super Liga (RS),797926,Pavle Mihajlović,P. Mihajlović,2006-07-13,42.1,10.49,12.85,3,3,0,84.0,28.0,0.0,0.33,34.0,11.33,7.33,64.7,83.51,22.09,1.0,3.33,1.67,0.0,0.0,6.33,2.0,0.33,3.67,1.0,0.33,33.33,72.95,0.33,0.0,0.33,0.0,,0.0,3.33
1173,Super Liga (RS),797966,Szabolcs Mezei,S. Mezei,2000-10-18,47.87,14.12,11.39,27,27,0,1616.0,59.85,0.07,1.67,553.0,20.48,17.48,85.35,84.05,14.96,0.81,6.07,5.52,0.52,0.78,7.3,2.48,1.81,8.7,3.96,2.89,72.9,72.34,0.63,0.0,9.0,2.81,68.42,1.93,3.81
1173,Super Liga (RS),800140,Lazar Stojanovic,L. Stojanovic,2005-04-22,66.1,16.54,16.46,22,21,1,1303.0,62.05,0.0,0.86,491.0,23.38,19.0,81.26,85.39,19.2,2.43,6.86,4.71,0.33,0.14,16.33,5.57,4.1,9.86,4.52,3.86,85.26,81.23,0.43,0.05,5.29,1.52,40.63,0.62,4.76
1173,Super Liga (RS),800141,Vladan Čarapić,V. Čarapić,2007-01-30,96.79,22.72,28.7,6,6,0,404.0,67.33,0.17,0.17,131.0,21.83,17.33,79.39,83.94,26.06,5.17,5.17,3.33,0.0,0.0,23.83,5.83,3.17,15.0,4.5,4.5,100.0,96.53,0.0,0.0,0.0,0.0,,0.0,2.83
1173,Super Liga (RS),800307,Nikola  Skrobonja,N. Skrobonja,2005-08-16,30.23,7.54,6.97,14,12,2,276.0,23.0,0.08,0.5,79.0,6.58,4.83,73.42,81.03,12.69,0.0,1.83,0.92,0.25,0.08,1.42,0.17,0.17,7.58,2.25,1.67,74.07,78.92,0.33,0.08,6.0,1.5,44.44,0.67,1.75
1173,Super Liga (RS),800346,Lazar Balević,L. Balević,2007-08-24,92.6,22.42,26.48,27,26,1,1065.0,40.96,0.0,0.04,363.0,13.96,9.27,66.39,79.39,25.94,2.73,4.58,1.23,0.0,0.0,19.54,5.38,2.31,6.0,1.54,1.42,92.5,94.94,0.04,0.0,0.04,0.04,0.0,0.0,1.81
1173,Super Liga (RS),800395,Louay Ben Hassine,L. Ben Hassine,2000-04-02,85.6,22.53,21.18,35,33,2,3273.0,99.18,0.06,2.09,958.0,29.03,25.58,88.1,88.54,13.55,0.64,5.42,6.73,0.45,0.73,13.42,2.42,2.09,22.55,6.88,6.03,87.67,81.72,0.76,0.06,19.0,3.18,64.76,2.06,3.61
1173,Super Liga (RS),800919,Aleksandar Stancic,A. Stancic,2006-09-23,61.24,18.08,14.44,22,22,0,1734.0,78.82,0.05,1.5,498.0,22.64,19.23,84.94,88.35,14.67,1.14,5.5,4.32,0.27,0.45,11.32,2.14,1.55,9.14,3.41,2.59,76.0,77.28,0.36,0.0,10.18,2.27,62.0,1.41,2.68
1173,Super Liga (RS),801265,Dušan Jovanović,D. Jovanović,2006-02-15,28.98,9.68,6.33,16,15,1,183.0,12.2,0.13,0.2,44.0,2.93,2.0,68.18,75.88,10.38,0.13,1.2,0.4,0.27,0.13,0.27,0.07,0.0,3.4,1.13,0.8,70.59,73.6,0.0,0.0,4.67,1.0,60.0,0.6,0.6
1173,Super Liga (RS),801829,Ejike  Julius Opara ,E. Julius Opara,2005-07-05,59.19,13.79,14.99,14,13,1,513.0,39.46,0.15,1.0,147.0,11.31,8.54,75.51,76.94,14.79,0.54,2.08,1.62,0.46,0.23,2.92,0.62,0.31,15.46,4.15,3.0,72.22,69.63,0.54,0.08,11.08,2.46,62.5,1.54,2.92
1173,Super Liga (RS),801853,Stefan  Bastaja,S. Bastaja,2005-02-22,57.57,13.67,16.44,5,5,0,238.0,47.6,0.0,0.4,94.0,18.8,14.6,77.66,83.38,17.39,1.0,3.4,2.8,0.2,0.0,13.2,5.2,3.4,8.8,4.2,3.2,76.19,78.66,0.0,0.0,2.2,0.8,50.0,0.4,4.8
1173,Super Liga (RS),807493,Semir Alić,S. Alić,2004-03-27,43.32,9.11,11.8,32,31,1,795.0,25.65,0.1,0.84,262.0,8.45,7.03,83.21,83.33,15.22,0.42,2.87,1.61,0.35,0.16,2.61,0.74,0.55,5.42,1.81,1.42,78.57,75.9,0.32,0.03,5.68,1.23,73.68,0.9,1.61
1173,Super Liga (RS),808555,Hristo Ivanov,H. Ivanov,2000-12-16,82.95,24.61,21.86,13,12,1,1217.0,101.42,0.08,1.0,380.0,31.67,27.0,85.26,90.79,15.2,1.58,10.58,4.42,0.25,0.17,17.17,4.17,2.5,9.42,3.58,2.83,79.07,81.94,0.25,0.0,7.58,1.58,63.16,1.0,3.08
1173,Super Liga (RS),809030,Anes Rušević,A. Rušević,1996-12-02,25.34,6.05,4.76,6,6,0,82.0,13.67,0.0,0.33,26.0,4.33,3.83,88.46,82.22,13.51,0.33,1.33,0.5,0.17,0.0,0.33,0.17,0.17,4.17,1.67,1.67,100.0,78.91,0.33,0.0,3.33,0.83,80.0,0.67,0.67
1173,Super Liga (RS),810387,Lazar Kaličanin,L. Kaličanin,2004-05-21,98.08,23.08,26.66,12,12,0,589.0,49.08,0.0,0.08,191.0,15.92,11.75,73.82,77.24,30.46,4.83,4.25,1.67,0.0,0.0,22.83,6.17,3.17,8.33,1.25,1.08,86.67,89.87,0.0,0.0,0.0,0.0,,0.0,3.33
1173,Super Liga (RS),810388,Uroš Miladinović,U. Miladinović,2004-06-16,74.34,18.06,19.72,35,34,1,2268.0,66.71,0.18,1.41,605.0,17.79,13.21,74.22,79.62,14.16,0.82,4.12,2.79,0.71,0.56,4.74,1.03,0.68,22.71,5.74,3.88,67.69,70.75,0.65,0.06,20.79,4.44,50.33,2.24,4.65
1173,Super Liga (RS),810435,Lazar Micic,L. Micic,2003-02-17,62.1,15.39,17.38,26,26,0,1535.0,59.04,0.19,1.19,406.0,15.62,12.73,81.53,79.15,15.49,0.92,4.73,2.08,0.38,0.19,4.46,0.96,0.73,21.42,5.04,4.08,80.92,72.98,0.58,0.15,14.96,2.46,51.56,1.27,3.77
1173,Super Liga (RS),810461,Viktor Radojević,V. Radojević,2004-07-14,93.92,23.46,21.32,4,4,0,293.0,73.25,0.25,1.25,108.0,27.0,20.75,76.85,79.55,18.37,3.0,9.75,4.5,1.0,0.25,18.0,6.5,4.75,19.0,6.75,5.0,74.07,68.71,1.0,0.25,8.75,2.75,54.55,1.5,7.75
1173,Super Liga (RS),810464,Milan Kolarevic,M. Kolarevic,2004-04-07,68.02,16.57,17.61,27,26,1,1320.0,50.77,0.19,1.12,367.0,14.12,9.85,69.75,72.72,14.64,0.81,3.69,1.81,0.54,0.31,3.0,0.69,0.38,18.88,5.15,3.38,65.67,68.5,0.73,0.15,17.04,4.58,45.38,2.08,5.15
1173,Super Liga (RS),810465,Stefan Pirgić,S. Pirgić,2003-02-09,80.84,24.05,19.62,34,31,3,2937.0,94.74,0.16,1.52,899.0,29.0,24.87,85.76,90.14,15.35,1.65,9.35,5.16,0.58,0.29,12.84,2.81,1.97,11.9,3.97,3.1,78.05,79.22,0.65,0.16,9.77,2.03,68.25,1.39,3.1
1173,Super Liga (RS),810466,Petar Sukacev,P. Sukacev,2005-08-28,67.59,17.68,17.11,17,17,0,1258.0,74.0,0.12,1.29,332.0,19.53,14.0,71.69,76.29,15.63,1.35,3.24,3.29,0.53,0.65,7.88,1.65,0.94,19.82,5.76,3.76,65.31,65.86,0.76,0.06,18.41,4.53,42.86,1.94,6.35
1173,Super Liga (RS),810488,Željko Arsić,Ž. Arsić,1997-07-26,64.92,16.23,14.88,2,2,0,148.0,74.0,0.0,2.0,30.0,15.0,10.0,66.67,82.36,16.06,1.0,1.5,2.5,0.0,0.5,5.5,1.5,0.5,22.0,4.5,2.0,44.44,70.82,0.5,0.0,16.0,3.0,33.33,1.0,3.5
1173,Super Liga (RS),810625,Danijel Kolarić,D. Kolarić,2005-02-10,90.14,23.08,25.26,29,28,1,2851.0,101.82,0.04,0.71,1003.0,35.82,29.18,81.46,86.9,16.41,1.82,8.57,6.68,0.21,0.21,25.68,6.86,4.54,15.32,6.11,4.82,78.95,80.51,0.21,0.04,5.89,1.32,62.16,0.82,6.0
1173,Super Liga (RS),810627,Tomislav Dadić,T. Dadić,1997-12-15,76.38,19.67,19.89,15,14,1,1374.0,98.14,0.07,1.86,436.0,31.14,24.43,78.44,81.74,15.72,2.0,5.71,4.29,0.5,0.0,19.79,5.79,4.43,27.36,10.07,7.79,77.31,75.45,0.93,0.07,14.86,3.5,51.02,1.79,7.36
1173,Super Liga (RS),811442,Andreja  Ristić,A. Ristić,2004-01-08,16.72,3.99,4.02,10,9,1,45.0,5.0,0.0,0.0,14.0,1.56,1.0,64.29,71.84,11.37,0.0,0.56,0.22,0.11,0.0,0.11,0.0,0.0,1.78,0.56,0.0,0.0,42.72,0.0,0.0,1.67,0.44,25.0,0.11,0.44
1173,Super Liga (RS),816989,Ognjen Bondzulic,O. Bondzulic,2007-07-24,81.5,18.58,26.27,7,7,0,271.0,38.71,0.14,0.29,59.0,8.43,4.86,57.63,69.36,15.56,0.29,2.0,1.71,0.14,0.29,1.14,0.29,0.14,18.29,4.29,2.43,56.67,69.19,0.14,0.14,15.0,3.0,42.86,1.29,3.43
1173,Super Liga (RS),817758,Luka  Krstovic,L. Krstovic,2005-12-04,15.01,4.38,3.19,2,2,0,54.0,27.0,0.0,0.0,13.0,6.5,5.0,76.92,88.25,17.2,1.0,2.5,0.0,0.0,0.0,4.0,1.0,1.0,3.0,0.0,0.0,,,0.0,0.0,0.0,0.0,,0.0,1.0
1173,Super Liga (RS),818308,Marko Mladenovic,M. Mladenovic,2005-01-30,39.31,9.83,9.16,15,14,1,566.0,40.43,0.36,1.29,163.0,11.64,9.5,81.59,82.17,14.14,0.43,2.79,2.57,0.21,0.36,3.36,0.71,0.36,10.21,3.5,2.57,73.47,73.52,0.57,0.36,9.64,1.86,61.54,1.14,2.36
1173,Super Liga (RS),818958,Lazar Miladinović,L. Miladinović,2007-11-08,90.7,22.33,25.49,23,22,1,2082.0,94.64,0.05,0.23,861.0,39.14,33.05,84.44,89.36,20.68,3.82,10.45,8.73,0.14,0.0,23.82,7.5,5.23,8.68,3.68,3.14,85.19,84.52,0.05,0.0,1.55,0.41,77.78,0.32,5.82
1173,Super Liga (RS),818959,Djordje Skocajic,D. Skocajic,2006-05-26,16.0,3.19,6.03,2,2,0,7.0,3.5,0.0,0.5,3.0,1.5,0.5,33.33,71.0,8.99,0.0,0.5,0.0,0.0,0.0,0.0,0.0,0.0,3.0,0.5,0.5,100.0,80.92,0.5,0.0,2.0,0.5,100.0,0.5,0.5
1173,Super Liga (RS),819370,Stefan Mitrović,S. Mitrović,2006-04-28,12.95,2.75,3.81,10,8,2,82.0,10.25,0.0,0.12,26.0,3.25,2.88,88.46,87.93,16.73,0.38,0.75,0.5,0.12,0.0,1.62,0.12,0.12,2.38,0.88,0.75,85.71,75.72,0.0,0.0,2.12,0.5,50.0,0.25,0.38
1173,Super Liga (RS),820742,Aleksa Milošević,A. Milošević,2007-01-08,76.71,18.13,26.17,17,17,0,1275.0,75.0,0.06,0.29,462.0,27.18,20.71,76.19,83.25,16.73,1.53,7.41,6.71,0.18,0.0,20.29,6.0,3.59,10.35,4.53,3.53,77.92,81.13,0.12,0.0,1.88,0.59,40.0,0.24,6.41
1173,Super Liga (RS),820743,Ognjen Alempijevic,O. Alempijevic,2007-05-31,6.23,1.2,1.89,4,4,0,5.0,1.25,0.0,0.0,1.0,0.25,0.0,0.0,91.36,,0.0,0.0,0.0,0.0,0.0,0.0,0.0,0.0,0.0,0.0,0.0,,,0.0,0.0,0.0,0.0,,0.0,0.0
1173,Super Liga (RS),823903,Francis Ebuka Nwokeabia,F. Nwokeabia,2005-05-16,52.84,14.03,14.39,24,23,1,1617.0,70.3,0.09,0.91,425.0,18.48,13.74,74.35,80.46,17.38,1.57,3.04,3.91,0.39,0.43,11.83,3.22,2.09,12.57,4.3,2.78,64.65,68.81,0.43,0.04,9.22,2.78,43.75,1.22,4.7
1173,Super Liga (RS),825490,Bogdan Matijasevic,B. Matijasevic,2004-05-27,56.89,14.8,21.57,2,2,0,40.0,20.0,0.0,0.0,18.0,9.0,5.5,61.11,77.67,24.01,1.0,1.5,0.5,0.0,0.0,11.5,4.0,1.0,3.5,1.0,0.5,50.0,84.25,0.0,0.0,0.0,0.0,,0.0,1.5
1173,Super Liga (RS),827063,Veljko Radosavljevic,V. Radosavljevic,2005-04-02,28.95,6.57,9.03,17,15,2,244.0,16.27,0.13,0.67,74.0,4.93,4.07,82.43,75.54,13.78,0.2,1.87,0.6,0.27,0.07,0.47,0.13,0.07,4.6,1.93,1.33,68.97,63.14,0.13,0.0,4.27,1.13,58.82,0.67,1.67
1173,Super Liga (RS),827064,Luka Djordjevic,L. Djordjevic,2006-05-21,51.8,12.32,13.4,19,18,1,613.0,34.06,0.11,0.67,158.0,8.78,5.83,66.46,74.83,13.49,0.22,2.11,0.83,0.39,0.11,1.56,0.17,0.0,13.67,3.72,2.0,53.73,69.68,0.44,0.06,14.22,3.06,50.91,1.56,2.83
1173,Super Liga (RS),827066,Jagoš Djurkovic,J. Djurkovic,2008-03-05,31.87,7.25,9.87,13,13,0,342.0,26.31,0.0,0.23,103.0,7.92,6.23,78.64,83.73,16.38,0.69,3.0,1.23,0.38,0.0,3.38,1.0,0.69,4.46,2.08,1.46,70.37,73.63,0.08,0.0,4.0,0.92,33.33,0.31,1.54
1173,Super Liga (RS),827068,Ognjen Ugresic,O. Ugresic,2006-07-15,55.04,17.31,12.2,37,37,0,1796.0,48.54,0.22,1.24,545.0,14.73,11.84,80.37,83.91,15.78,1.0,4.46,2.41,0.73,0.32,4.81,1.32,0.89,13.14,4.19,3.03,72.26,72.56,0.7,0.22,11.32,2.86,63.21,1.81,2.7
1173,Super Liga (RS),827069,Milan Roganović,M. Roganović,2005-10-28,91.17,28.37,20.42,33,33,0,4077.0,123.55,0.15,1.7,1343.0,40.7,35.12,86.3,87.58,16.03,2.0,6.18,7.36,0.3,0.48,25.48,6.52,5.33,26.48,9.09,7.58,83.33,80.96,0.61,0.03,12.64,3.09,52.94,1.64,6.06
1173,Super Liga (RS),827070,Vanja  Tomic,V. Tomic,2005-07-15,62.7,16.65,15.84,11,11,0,747.0,67.91,0.09,0.55,248.0,22.55,19.27,85.48,89.41,16.5,1.45,6.64,3.55,0.18,0.09,13.73,3.18,2.82,8.55,3.73,3.18,85.37,83.66,0.27,0.0,5.27,0.73,75.0,0.55,2.27
1173,Super Liga (RS),828818,Wendkuuni Josué Tiendrébéogo,J. Tiendrébéogo,2002-11-21,75.5,17.85,19.96,11,11,0,1016.0,92.36,0.0,1.36,312.0,28.36,22.55,79.49,86.02,16.78,1.91,7.09,6.45,0.27,0.64,13.0,3.55,2.18,14.27,5.09,3.91,76.79,77.78,0.36,0.0,11.73,2.45,66.67,1.64,4.45
1173,Super Liga (RS),839086,Dušan Pavlović,D. Pavlović,2004-05-19,96.96,24.9,24.98,33,29,4,3525.0,121.55,0.07,1.03,1330.0,45.86,39.9,86.99,90.52,19.92,4.59,8.83,8.45,0.14,0.07,33.24,8.93,6.48,14.34,6.31,5.34,84.7,86.75,0.21,0.0,3.79,0.9,42.31,0.38,5.38
1173,Super Liga (RS),839087,Stefan Nikolic,S. Nikolic,2006-01-25,49.4,12.82,12.98,28,24,4,1043.0,43.46,0.12,1.12,336.0,14.0,11.71,83.63,83.9,13.89,0.38,3.88,3.29,0.25,0.46,3.71,1.25,0.96,9.46,3.38,2.42,71.61,73.05,0.46,0.04,8.29,1.75,52.38,0.92,2.46
1173,Super Liga (RS),839088,Dragan  Cubra,D. Cubra,2002-06-04,54.62,12.53,16.23,12,11,1,524.0,47.64,0.09,0.82,176.0,16.0,11.82,73.87,81.71,18.87,1.27,3.27,2.64,0.27,0.18,9.91,3.09,1.55,10.09,3.73,2.18,58.54,67.75,0.36,0.0,5.45,1.55,52.94,0.82,4.18
1173,Super Liga (RS),839090,Zubairu Ibrahim,Z. Ibrahim,2004-06-02,22.25,8.07,4.17,7,7,0,283.0,40.43,0.0,0.29,65.0,9.29,7.71,83.08,83.36,17.93,0.71,1.29,1.14,0.14,0.0,4.86,1.43,1.0,9.57,2.57,1.86,72.22,72.12,0.14,0.0,9.57,1.71,50.0,0.86,2.29
1173,Super Liga (RS),839091,Nikola Jovanovic,N. Jovanovic,2003-10-29,44.97,12.69,11.81,27,25,2,1087.0,43.48,0.12,0.76,276.0,11.04,8.88,80.43,84.51,18.67,1.0,1.6,1.52,0.04,0.12,3.56,0.56,0.24,12.64,2.24,1.76,78.57,74.21,0.32,0.04,10.32,1.8,46.67,0.84,1.96
1173,Super Liga (RS),839096,Jovan  Milosavljevic,J. Milosavljevic,2007-02-08,62.91,17.52,16.72,17,15,2,870.0,58.0,0.13,1.27,249.0,16.6,13.87,83.54,82.77,15.95,0.93,3.2,2.0,0.33,0.47,6.27,1.47,1.07,16.67,5.33,3.87,72.5,71.7,0.47,0.13,12.73,3.13,48.94,1.53,3.27
1173,Super Liga (RS),839097,Nemanja  Vidojević,N. Vidojević,2004-07-05,74.19,20.34,18.64,23,21,2,2590.0,123.33,0.0,0.38,975.0,46.43,41.76,89.95,93.28,17.56,2.86,8.29,15.57,0.14,0.05,30.33,6.81,5.33,13.81,4.57,4.33,94.79,92.55,0.1,0.0,1.38,0.29,50.0,0.14,4.05
1173,Super Liga (RS),839200,Stefan Despotovski,S. Despotovski,2003-01-23,82.99,20.7,21.43,26,25,1,2025.0,81.0,0.2,0.88,665.0,26.6,20.76,78.05,82.55,16.39,1.52,6.24,6.76,0.32,0.48,19.52,5.4,3.8,17.92,5.92,4.4,74.33,74.75,0.44,0.08,8.0,1.84,26.09,0.48,6.04
1173,Super Liga (RS),839762,Sinisa  Popovic,S. Popovic,2005-01-23,66.51,17.66,17.37,4,4,0,305.0,76.25,0.0,0.5,137.0,34.25,31.75,92.7,94.62,19.61,2.25,5.5,6.0,0.0,0.0,21.0,6.25,5.75,8.25,3.0,2.5,83.33,89.96,0.0,0.0,1.75,0.5,100.0,0.5,2.0
1173,Super Liga (RS),839764,Marko Jevtić,M. Jevtić,1996-02-17,80.78,20.0,22.34,20,20,0,1684.0,84.2,0.0,0.45,683.0,34.15,29.35,85.94,89.65,20.99,3.7,7.25,4.65,0.15,0.0,25.7,7.85,6.35,12.6,4.3,3.75,87.21,85.17,0.2,0.0,2.2,0.25,60.0,0.15,4.05
1173,Super Liga (RS),840131,Luka Drobnjak,L. Drobnjak,2004-04-25,81.18,19.39,23.45,26,25,1,2339.0,93.56,0.12,0.56,838.0,33.52,28.32,84.49,89.78,17.31,2.04,6.64,5.76,0.16,0.04,26.36,7.48,5.36,13.48,4.96,4.0,80.64,83.94,0.04,0.0,3.56,0.72,61.11,0.44,4.08
1173,Super Liga (RS),840132,Matija Gočmanac,M. Gočmanac,2003-08-05,95.0,22.47,23.85,2,2,0,55.0,27.5,0.0,0.0,22.0,11.0,8.5,77.28,81.98,32.41,4.0,2.5,1.5,0.0,0.0,16.5,3.5,1.5,3.0,1.0,1.0,100.0,99.2,0.0,0.0,0.0,0.0,,0.0,0.5
1173,Super Liga (RS),840413,Andrej Kostić,A. Kostić,2007-01-16,38.95,11.34,9.2,35,35,0,760.0,21.71,0.06,0.77,223.0,6.37,4.51,70.85,78.56,11.51,0.17,3.09,0.89,0.57,0.17,0.86,0.26,0.14,8.17,2.31,1.71,74.07,73.24,0.46,0.06,7.8,1.86,60.0,1.11,1.34
1173,Super Liga (RS),840903,Kwaku Karikari,K. Karikari,2002-03-25,78.5,23.35,18.76,28,25,3,815.0,32.6,0.08,0.8,234.0,9.36,7.28,77.78,79.13,13.73,0.32,2.68,1.28,0.48,0.24,0.96,0.36,0.24,13.88,4.24,3.12,73.58,71.19,0.44,0.04,10.76,2.28,68.42,1.56,2.04
1173,Super Liga (RS),841303,Kayode Saliman,K. Saliman,2003-01-07,52.81,11.84,16.94,31,30,1,1291.0,43.03,0.17,1.13,360.0,12.0,8.87,73.89,78.01,13.0,0.4,3.2,1.27,0.47,0.2,1.57,0.17,0.1,16.17,4.63,3.27,70.5,71.03,0.63,0.1,12.83,2.9,52.87,1.53,3.07
1173,Super Liga (RS),841543,Godswill Vadze,G. Vadze,2001-09-04,41.82,10.27,11.44,5,5,0,181.0,36.2,0.2,1.4,63.0,12.6,10.6,84.13,81.46,17.24,1.4,4.4,2.6,0.6,0.0,3.4,1.4,1.2,7.2,2.6,2.0,76.92,69.16,0.2,0.0,6.6,1.6,50.0,0.8,3.2
1173,Super Liga (RS),841662,Aleksandar Dermanovic,A. Dermanovic,2002-10-03,96.44,26.14,24.86,18,17,1,2315.0,136.18,0.06,0.71,823.0,48.41,43.76,90.4,93.68,20.51,3.65,6.76,7.47,0.06,0.06,33.18,7.59,5.94,13.53,4.0,3.59,89.71,83.19,0.12,0.06,3.65,0.35,66.67,0.24,4.0
1173,Super Liga (RS),841663,Aleksa Cvetković,A. Cvetković,2005-05-13,70.32,18.59,16.8,35,34,1,2085.0,61.32,0.18,1.21,677.0,19.91,15.88,79.76,82.59,14.91,0.85,6.15,3.68,0.91,0.47,4.91,1.18,0.68,15.0,5.0,3.56,71.18,72.38,0.71,0.12,11.68,3.21,48.62,1.56,4.12
1173,Super Liga (RS),841668,Vasilije Grbović,V. Grbović,2008-05-12,13.09,2.85,3.5,2,2,0,4.0,2.0,0.0,0.0,2.0,1.0,0.0,0.0,48.2,,0.0,1.0,0.0,0.5,0.0,0.0,0.0,0.0,1.0,0.5,0.0,0.0,39.58,0.0,0.0,1.0,0.5,0.0,0.0,1.0
1173,Super Liga (RS),841669,Filip Halabrin,F. Halabrin,2006-07-15,31.98,8.84,6.08,8,8,0,225.0,28.12,0.12,0.75,60.0,7.5,6.0,80.0,80.34,14.3,0.38,1.38,1.62,0.12,0.0,1.88,0.62,0.38,9.25,2.12,1.75,82.35,74.19,0.12,0.12,7.12,0.88,28.57,0.25,1.88
1173,Super Liga (RS),842505,Aleksej Vukičević,A. Vukičević,2005-06-11,88.34,23.2,19.84,18,16,2,1860.0,116.25,0.12,0.81,615.0,38.44,32.5,84.55,90.03,19.13,2.75,6.69,7.62,0.06,0.0,35.44,7.69,5.38,17.31,5.19,3.94,75.9,78.78,0.12,0.06,6.06,1.06,29.41,0.31,4.62
1173,Super Liga (RS),842509,Bojan Brać,B. Brać,1989-02-28,96.56,24.18,27.1,16,16,0,637.0,39.81,0.0,0.0,245.0,15.31,11.44,74.69,79.94,26.97,4.19,4.19,1.38,0.0,0.0,16.25,5.06,2.75,7.0,2.44,2.25,92.31,88.33,0.0,0.0,0.0,0.0,,0.0,2.94
1173,Super Liga (RS),842511, Ivan Davidović,I. Davidović,1996-01-23,89.76,20.34,25.24,35,34,1,2351.0,69.15,0.15,1.32,731.0,21.5,16.79,78.11,82.54,14.64,0.94,5.65,3.21,0.65,0.47,6.76,1.21,0.74,14.35,5.09,3.71,72.83,72.27,0.65,0.12,12.68,2.74,46.24,1.26,4.74
1173,Super Liga (RS),842512,Marko Luković,M. Luković,2003-09-04,68.28,16.97,19.2,15,15,0,1079.0,71.93,0.0,0.8,355.0,23.67,19.07,80.56,82.51,17.08,1.67,5.33,5.07,0.13,0.07,17.93,4.6,3.73,13.53,5.0,4.27,85.33,78.39,0.53,0.07,5.67,1.27,47.37,0.6,5.6
1173,Super Liga (RS),842513,Nikola Marjanovic,N. Marjanovic,1998-04-16,89.76,23.39,23.46,26,25,1,2545.0,101.8,0.04,0.52,925.0,37.0,32.24,87.14,91.27,19.31,2.64,5.4,5.8,0.24,0.08,26.32,6.96,5.24,14.68,5.8,4.92,84.83,85.6,0.2,0.0,2.76,0.64,50.0,0.32,4.0
1173,Super Liga (RS),842521,Stefan Stojanovic,S. Stojanovic,2001-07-27,42.2,10.54,11.95,15,15,0,445.0,29.67,0.07,0.33,138.0,9.2,7.13,77.54,81.32,11.2,0.07,2.4,1.67,0.33,0.13,1.73,0.4,0.27,9.53,2.6,1.87,71.8,79.61,0.07,0.0,7.53,1.33,45.0,0.6,1.6
1173,Super Liga (RS),849574,Miloš Popović,M. Popović,2004-04-05,93.81,21.33,24.92,29,27,2,1878.0,69.56,0.11,0.74,670.0,24.81,20.41,82.24,88.75,16.84,1.11,7.26,4.78,0.48,0.19,13.52,3.48,2.07,8.26,3.26,2.7,82.95,83.85,0.19,0.0,5.11,1.19,62.5,0.74,3.59
1173,Super Liga (RS),849581,Stefan Cimbaljevic,S. Cimbaljevic,2005-01-30,59.83,18.01,12.75,10,10,0,584.0,58.4,0.0,0.5,206.0,20.6,15.1,73.3,80.76,14.76,0.9,5.3,3.9,0.3,0.6,10.4,3.3,2.4,15.1,5.3,3.1,58.49,68.14,0.2,0.0,11.2,3.0,26.67,0.8,5.4
1173,Super Liga (RS),858521,Emmanuel Dzigbah,E. Dzigbah,2006-07-06,52.73,11.79,13.52,3,2,1,92.0,46.0,0.0,0.5,25.0,12.5,10.0,80.0,89.24,20.29,3.0,2.5,1.5,0.0,0.0,9.5,0.5,0.0,8.0,2.0,1.5,75.0,78.53,0.0,0.0,1.0,0.0,,0.0,1.5
1173,Super Liga (RS),885726,Keimer Andre Sandoval Rodrigues,K. Sandoval,2005-09-03,7.32,1.75,1.12,1,1,0,12.0,12.0,0.0,0.0,2.0,2.0,1.0,50.0,97.88,16.27,0.0,0.0,0.0,0.0,0.0,3.0,0.0,0.0,3.0,1.0,0.0,0.0,99.36,0.0,0.0,0.0,0.0,,0.0,0.0
1173,Super Liga (RS),886602,Damjan  Djokanovic,D. Djokanovic,2008-01-31,25.7,6.51,6.59,12,12,0,101.0,8.42,0.0,0.08,28.0,2.33,1.58,67.86,75.53,10.43,0.0,1.08,0.25,0.17,0.08,0.5,0.08,0.08,3.92,1.25,1.0,80.0,75.94,0.08,0.0,2.5,0.58,57.14,0.33,0.67
1173,Super Liga (RS),893756,Oriyomi Ahmed Lebi,O. Lebi,2006-07-02,55.01,13.96,12.59,16,16,0,517.0,32.31,0.12,1.06,152.0,9.5,6.44,67.76,72.11,11.03,0.19,3.62,1.31,0.75,0.44,0.31,0.06,0.0,13.19,4.5,2.94,65.28,69.85,0.62,0.0,10.69,3.25,63.46,2.06,3.06
1173,Super Liga (RS),894697,Clément Lhernault,C. Lhernault,2003-02-13,63.85,20.33,15.02,15,14,1,1591.0,113.64,0.21,1.43,491.0,35.07,31.36,89.41,89.94,17.12,2.21,11.07,7.0,0.14,0.36,13.5,3.79,3.14,16.5,5.79,4.29,74.07,78.59,0.79,0.14,14.21,2.71,60.53,1.64,3.21
1173,Super Liga (RS),901772,Dario Pavkovic,D. Pavkovic,1994-05-28,38.96,9.82,10.31,15,14,1,347.0,24.79,0.0,0.21,94.0,6.71,4.71,70.21,72.92,12.49,0.29,1.57,1.0,0.36,0.29,1.07,0.21,0.14,8.07,2.5,1.64,65.72,67.39,0.21,0.0,7.36,2.0,50.0,1.0,2.14
1173,Super Liga (RS),902323,Hervé Touré,H. Touré,2000-05-20,61.78,16.21,16.33,7,7,0,514.0,73.43,0.29,1.43,166.0,23.71,20.86,87.95,86.52,14.98,0.71,8.0,3.57,0.86,0.0,10.14,2.29,1.71,15.86,5.57,4.57,82.05,80.76,0.71,0.14,10.0,1.86,30.77,0.57,3.43
1173,Super Liga (RS),905388,Daniel James,D. James,2006-12-11,65.5,17.79,17.45,2,2,0,112.0,56.0,0.0,2.0,31.0,15.5,12.5,80.65,79.76,14.28,0.0,3.5,1.5,0.5,0.5,3.5,0.5,0.5,23.5,6.5,4.5,69.23,64.03,2.0,0.0,19.5,4.5,66.67,3.0,4.5
1173,Super Liga (RS),907488,Lazar Peranović,L. Peranović,2007-12-01,20.08,4.38,4.61,1,1,0,4.0,4.0,0.0,0.0,2.0,2.0,1.0,50.0,98.44,11.33,0.0,1.0,0.0,0.0,0.0,0.0,0.0,0.0,2.0,0.0,0.0,,,0.0,0.0,0.0,0.0,,0.0,0.0
1173,Super Liga (RS),907490,Vuk Boskan,V. Boskan,2006-02-08,20.08,4.38,4.61,1,1,0,14.0,14.0,0.0,1.0,5.0,5.0,3.0,60.0,84.09,10.45,0.0,1.0,1.0,0.0,0.0,1.0,0.0,0.0,6.0,3.0,2.0,66.67,76.12,1.0,0.0,5.0,1.0,100.0,1.0,1.0
1173,Super Liga (RS),907519,Stephen Chinedu,S. Chinedu,2000-01-06,53.23,14.16,12.72,14,14,0,345.0,24.64,0.07,0.93,94.0,6.71,4.93,73.41,75.34,13.51,0.29,2.5,0.71,0.64,0.29,0.57,0.14,0.07,8.93,2.93,2.0,68.29,71.2,0.57,0.07,7.36,1.86,69.23,1.29,1.43
1173,Super Liga (RS),908352,Dusan Ristic,D. Ristic,2000-10-04,36.38,8.0,11.31,18,18,0,601.0,33.39,0.0,0.0,238.0,13.22,11.83,89.5,92.71,19.12,0.83,2.0,3.5,0.0,0.0,6.5,1.5,0.94,3.0,1.11,0.94,85.0,90.02,0.0,0.0,0.22,0.06,0.0,0.0,1.39
1173,Super Liga (RS),908354,Nemanja Djokic,N. Djokic,1998-10-23,63.41,14.78,20.35,30,29,1,1712.0,59.03,0.21,1.14,579.0,19.97,16.48,82.56,81.71,18.78,2.0,5.21,3.21,0.48,0.31,10.45,3.66,2.48,10.48,4.24,3.52,82.93,75.02,0.45,0.03,5.31,1.59,60.87,0.97,4.83
1173,Super Liga (RS),919903,Dragan Kokanović,D. Kokanović,2002-05-01,51.91,12.04,13.49,30,29,1,1545.0,53.28,0.24,1.14,467.0,16.1,12.97,80.51,84.3,14.44,0.76,6.0,2.86,0.38,0.31,6.0,1.34,0.76,11.34,3.72,2.62,70.37,77.75,0.48,0.1,9.31,1.93,48.22,0.93,2.79
1173,Super Liga (RS),921645,Diogo Bezerra de Oliveira,Diogo Bezerra,2002-07-16,92.85,24.37,24.37,20,19,1,1836.0,96.63,0.42,2.84,483.0,25.42,18.68,73.5,72.51,15.93,2.0,4.63,3.63,0.84,0.79,6.47,1.79,1.32,36.84,10.58,7.16,67.66,62.47,1.58,0.26,34.79,7.89,56.67,4.47,9.32
1173,Super Liga (RS),933085,Hugo Alba Silveira,Hugo Alba,2006-03-30,25.34,6.24,6.9,13,12,1,113.0,9.42,0.0,0.33,41.0,3.42,2.58,75.61,73.44,11.09,0.0,2.08,0.33,0.08,0.0,0.5,0.08,0.0,3.75,1.25,0.67,53.33,67.07,0.17,0.0,3.67,0.58,57.14,0.33,0.92
1173,Super Liga (RS),941777,Matej Gashtarov,M. Gashtarov,2006-11-15,2.12,0.33,0.52,1,1,0,0.0,0.0,0.0,0.0,0.0,0.0,0.0,,,,0.0,0.0,0.0,0.0,0.0,0.0,0.0,0.0,0.0,0.0,0.0,,,0.0,0.0,0.0,0.0,,0.0,0.0
1173,Super Liga (RS),941778,Uroš Ilić,U. Ilić,2006-01-15,61.92,14.27,16.16,11,10,1,369.0,36.9,0.0,0.4,150.0,15.0,12.2,81.33,82.28,16.9,1.0,4.3,2.8,0.2,0.3,11.4,3.3,2.1,6.1,2.3,1.6,69.57,74.45,0.1,0.0,3.0,1.0,30.0,0.3,3.6
1173,Super Liga (RS),941780,Vasilije  Kostov,V. Kostov,2008-05-11,79.79,26.93,16.02,34,32,2,3131.0,97.84,0.38,2.97,1051.0,32.84,28.72,87.44,85.37,15.16,2.06,12.19,6.41,1.72,0.72,11.78,3.59,2.84,21.19,7.81,6.19,79.2,75.37,1.25,0.19,20.16,5.06,68.52,3.47,5.09
1173,Super Liga (RS),941786,Aleksa  Damjanović,A. Damjanović,2008-12-04,31.12,11.6,5.09,7,7,0,116.0,16.57,0.0,1.0,40.0,5.71,3.71,65.0,73.82,9.91,0.14,3.29,1.29,1.14,0.57,0.29,0.14,0.0,4.71,2.0,1.0,50.0,66.51,0.86,0.0,4.43,1.71,58.33,1.0,1.43
1173,Super Liga (RS),941787,Darije Markocević,D. Markocević,2006-09-05,31.27,7.18,7.15,15,15,0,137.0,9.13,0.07,0.2,42.0,2.8,2.0,71.43,71.26,11.16,0.0,1.27,0.67,0.2,0.13,0.07,0.0,0.0,4.13,1.13,0.8,70.59,74.16,0.13,0.07,3.33,0.73,81.82,0.6,1.0
1173,Super Liga (RS),941790,Uroš Tegeltija,U. Tegeltija,2006-03-19,89.51,26.5,21.91,16,15,1,1437.0,95.8,0.0,0.93,448.0,29.87,25.27,84.6,87.64,15.64,1.2,6.47,5.4,0.4,0.4,17.6,3.0,2.33,20.2,5.27,3.6,68.35,71.11,0.27,0.0,11.07,2.6,41.03,1.07,4.73
1173,Super Liga (RS),947946,Vasilije  Novicic,V. Novicic,2008-05-07,93.69,22.98,25.32,31,31,0,2687.0,86.68,0.1,1.23,945.0,30.48,23.71,77.78,85.81,16.65,2.0,10.39,6.45,0.26,0.42,12.65,3.55,2.23,12.03,4.06,2.84,69.84,74.78,0.26,0.0,8.29,1.71,54.72,0.94,5.26
1173,Super Liga (RS),947947,Kadir Gicic,K. Gicic,2007-07-28,98.89,21.77,27.66,3,3,0,102.0,34.0,0.0,0.0,38.0,12.67,8.33,65.79,77.22,28.57,3.33,3.67,1.33,0.0,0.0,16.0,5.0,2.0,3.67,0.67,0.67,100.0,98.41,0.0,0.0,0.0,0.0,,0.0,2.67
1173,Super Liga (RS),949753,Andjelko  Pavlovic,A. Pavlovic,2007-06-16,26.8,7.78,6.97,3,3,0,77.0,25.67,0.0,1.0,22.0,7.33,5.33,72.73,76.55,12.62,0.33,2.33,1.0,0.33,0.33,1.0,0.33,0.33,10.67,3.0,2.33,77.78,77.61,1.0,0.0,7.33,2.67,50.0,1.33,2.33
1173,Super Liga (RS),960352,Andrej Milanovic,A. Milanovic,2008-08-20,97.39,19.02,29.6,4,4,0,188.0,47.0,0.0,0.0,81.0,20.25,16.0,79.01,88.44,20.32,2.0,6.25,4.0,0.0,0.0,10.25,3.25,2.25,5.0,3.25,3.25,100.0,90.56,0.0,0.0,0.0,0.0,,0.0,3.0
1173,Super Liga (RS),965466,Milos Bakic,M. Bakic,2006-01-21,35.42,5.05,11.34,1,1,0,20.0,20.0,0.0,1.0,2.0,2.0,1.0,50.0,50.8,15.75,0.0,1.0,0.0,1.0,0.0,3.0,0.0,0.0,10.0,1.0,0.0,0.0,44.21,0.0,0.0,8.0,2.0,50.0,1.0,2.0
1173,Super Liga (RS),965469,Andrija  Milicevic,A. Milicevic,2005-10-18,19.57,3.69,5.61,6,6,0,65.0,10.83,0.0,0.33,18.0,3.0,1.67,55.55,68.32,8.63,0.0,1.33,0.17,0.17,0.0,0.0,0.0,0.0,3.67,1.33,0.67,50.0,65.13,0.0,0.0,5.0,0.83,60.0,0.5,1.17
1173,Super Liga (RS),965471,Dušan  Zagar,D. Zagar,2006-10-28,65.71,16.52,17.74,30,30,0,1941.0,64.7,0.07,1.63,511.0,17.03,11.43,67.12,73.09,15.24,0.8,4.43,2.0,0.53,0.17,4.27,1.07,0.73,20.47,5.23,3.27,62.42,66.53,0.7,0.0,22.63,4.57,42.34,1.93,6.07
1173,Super Liga (RS),966469,Ethan Hoard,E. Hoard,2001-05-19,71.8,18.66,16.33,16,15,1,548.0,36.53,0.07,1.07,157.0,10.47,7.07,67.52,74.21,12.76,0.4,3.67,1.07,0.6,0.27,1.13,0.47,0.27,16.53,4.27,3.13,73.44,72.05,0.87,0.0,13.47,3.07,58.7,1.8,3.0
1173,Super Liga (RS),967276,Djordje  Marinković,D. Marinković,2006-01-15,30.1,6.68,8.4,4,4,0,75.0,18.75,0.0,0.25,28.0,7.0,6.5,92.86,88.12,14.78,0.0,1.25,1.5,0.25,0.0,1.25,0.5,0.5,5.5,2.5,2.0,80.0,86.52,0.25,0.0,3.0,1.0,100.0,1.0,0.75
1173,Super Liga (RS),968126,Nikola Tasić,N. Tasić,2006-12-14,32.63,10.19,8.35,8,8,0,301.0,37.62,0.12,0.75,80.0,10.0,8.5,85.0,82.39,15.0,0.5,2.12,1.62,0.0,0.12,5.5,1.38,1.12,10.88,3.25,2.75,84.61,75.79,0.38,0.0,7.0,1.38,54.55,0.75,2.12
1173,Super Liga (RS),968129,Stefan Gudelj,S. Gudelj,2006-05-18,62.43,19.5,12.62,6,5,1,499.0,99.8,0.0,0.4,168.0,33.6,31.0,92.26,93.72,18.54,3.0,6.4,6.0,0.0,0.0,20.6,2.8,2.4,10.8,3.2,3.2,100.0,89.25,0.0,0.0,1.2,0.2,100.0,0.2,2.8
1173,Super Liga (RS),968130,Davorin  Tosić,D. Tosić,2007-03-29,33.33,11.74,7.02,4,4,0,161.0,40.25,0.0,1.0,56.0,14.0,11.25,80.35,88.53,18.48,1.0,5.75,1.75,0.5,0.0,5.5,1.75,1.0,6.25,2.25,1.5,66.67,79.51,0.25,0.0,7.5,1.5,33.33,0.5,1.5
1173,Super Liga (RS),968131,Luka Zaric,L. Zaric,2008-10-31,35.72,11.53,7.57,19,18,1,641.0,35.61,0.06,1.22,181.0,10.06,7.33,72.93,77.11,13.48,0.11,2.39,1.39,0.56,0.33,2.89,0.61,0.33,13.06,3.72,2.33,62.69,68.68,0.56,0.06,12.5,3.06,40.0,1.22,2.89
1173,Super Liga (RS),968543,Dimitrije Janković,D. Janković,2006-02-27,25.24,6.88,5.95,9,9,0,346.0,38.44,0.0,0.78,88.0,9.78,8.44,86.36,88.68,16.26,0.44,2.67,1.56,0.33,0.22,5.78,1.11,1.11,8.33,2.44,2.0,81.82,83.88,0.44,0.0,8.33,1.22,72.72,0.89,1.22
1173,Super Liga (RS),970427,Mihajlo  Petrovic,M. Petrovic,2005-09-21,15.71,3.36,4.65,3,3,0,18.0,6.0,0.0,0.0,7.0,2.33,1.0,42.86,69.42,5.28,0.0,0.67,0.0,0.0,0.0,0.0,0.0,0.0,2.67,1.33,0.67,50.0,70.94,0.0,0.0,1.67,1.0,33.33,0.33,1.0
1173,Super Liga (RS),972662,Filip Matijasevic,F. Matijasevic,2008-03-04,67.16,16.43,18.43,31,29,2,1413.0,48.72,0.14,1.45,443.0,15.28,12.1,79.23,82.44,15.06,0.76,5.24,2.28,0.66,0.45,3.07,0.79,0.45,13.55,4.31,3.03,70.4,75.67,0.55,0.07,12.55,3.0,56.32,1.69,2.76
1173,Super Liga (RS),972694,Issiaka Dembele,I. Dembele,2005-11-04,35.01,7.53,10.13,13,13,0,349.0,26.85,0.0,0.15,103.0,7.92,6.31,79.61,87.1,15.29,0.23,2.15,1.54,0.0,0.08,4.0,0.62,0.31,3.54,1.54,1.0,65.0,75.72,0.08,0.0,2.92,0.54,57.14,0.31,1.23
1173,Super Liga (RS),977419,Emmanuel King Sieh Jr.,E. Sieh Jr.,2006-10-11,38.85,7.86,10.69,2,2,0,33.0,16.5,0.0,2.0,12.0,6.0,4.0,66.67,72.32,11.99,0.0,2.5,2.0,0.5,0.5,0.0,0.0,0.0,8.0,2.5,1.5,60.0,69.49,1.5,0.0,8.5,1.5,0.0,0.0,1.5
1173,Super Liga (RS),977627,Abdulsamed Ahmed Abdullahi,Abdulsamed Abdullahi,1997-01-19,41.66,8.65,11.65,14,14,0,397.0,28.36,0.07,0.64,117.0,8.36,6.43,76.92,76.96,14.18,0.36,1.79,0.93,0.29,0.0,2.14,0.36,0.21,8.29,2.43,1.86,76.47,67.43,0.29,0.0,7.93,1.86,61.54,1.14,2.5
1173,Super Liga (RS),978616,Mamane Moustapha Amadou Sabo,M. Amadou Sabo,2004-09-14,95.83,21.84,28.93,33,32,1,4094.0,127.94,0.22,1.53,1210.0,37.81,32.34,85.54,87.73,18.2,3.47,8.34,6.66,0.59,0.28,20.09,5.47,3.91,17.78,7.78,6.19,79.52,77.25,0.34,0.09,9.88,2.62,46.43,1.22,5.19
1173,Super Liga (RS),979091,Luka Puzovic,L. Puzovic,2004-07-23,31.87,7.35,7.44,8,7,1,192.0,27.43,0.0,0.57,66.0,9.43,6.43,68.18,74.48,16.55,0.86,3.29,1.57,0.71,0.43,2.29,0.71,0.29,8.71,2.86,2.0,70.0,63.72,0.14,0.0,9.71,2.14,66.67,1.43,3.0
1173,Super Liga (RS),979661,Ivan Šubert,I. Šubert,1993-10-14,57.17,12.42,17.46,8,8,0,265.0,33.12,0.0,0.38,110.0,13.75,10.62,77.27,85.76,17.92,0.62,6.5,2.5,0.0,0.0,7.38,2.75,1.75,4.25,1.5,1.12,75.0,74.73,0.25,0.0,0.5,0.0,,0.0,2.38
1173,Super Liga (RS),981327,Milan  Djokovic,M. Djokovic,2003-09-25,86.51,20.49,23.81,29,28,1,2901.0,103.61,0.04,0.57,1081.0,38.61,31.64,81.96,88.75,20.08,4.11,9.07,7.21,0.11,0.04,31.21,9.86,7.07,14.57,5.54,4.54,81.94,85.49,0.21,0.04,3.32,0.68,52.63,0.36,4.82
1173,Super Liga (RS),982556,David Stojanovic,D. Stojanovic,2002-02-14,87.28,20.63,21.69,19,18,1,1431.0,79.5,0.11,0.56,549.0,30.5,25.89,84.88,87.67,20.46,3.61,6.78,5.94,0.0,0.0,23.56,7.67,5.61,11.0,4.33,3.67,84.62,84.66,0.33,0.0,2.0,0.72,46.15,0.33,4.94
1173,Super Liga (RS),982558,Lazar Stojanovic,L. Stojanovic,2000-05-16,54.38,13.47,14.01,15,14,1,602.0,43.0,0.0,0.93,164.0,11.71,8.5,72.56,75.47,14.8,0.64,2.14,2.07,0.5,0.36,2.29,0.57,0.5,15.07,4.71,3.07,65.15,69.56,0.29,0.0,14.86,3.07,55.81,1.71,4.0
1173,Super Liga (RS),982560,Douglas Owusu,D. Owusu,2006-04-10,88.48,22.54,20.55,30,27,3,2526.0,93.56,0.15,2.74,671.0,24.85,19.22,77.35,79.91,15.15,1.41,4.85,3.52,0.48,0.85,4.89,1.07,0.7,31.74,7.89,5.89,74.65,72.12,1.15,0.07,29.59,6.44,64.37,4.15,5.78
1173,Super Liga (RS),984669,Lazar Radojicic,L. Radojicic,2003-09-18,95.45,18.7,30.21,3,3,0,99.0,33.0,0.0,0.0,32.0,10.67,7.0,65.62,78.61,23.95,1.33,2.67,0.33,0.0,0.0,10.67,3.33,0.67,4.33,1.33,1.33,100.0,92.5,0.0,0.0,0.0,0.0,,0.0,1.67
1173,Super Liga (RS),988309,Petar Petrovic,P. Petrovic,2005-07-13,95.19,22.2,28.7,34,33,1,3810.0,115.45,0.06,0.55,1353.0,41.0,34.06,83.07,87.76,19.6,3.79,8.52,6.94,0.12,0.12,29.61,9.85,7.12,14.03,5.67,4.45,78.61,79.39,0.15,0.06,3.36,0.97,37.5,0.36,6.7
1173,Super Liga (RS),988310,Đokovic Petar,Đ. Petar,2008-02-13,21.49,5.14,5.4,15,15,0,156.0,10.4,0.13,0.27,39.0,2.6,1.8,69.23,77.86,14.78,0.13,0.8,0.33,0.13,0.0,0.2,0.0,0.0,3.13,0.87,0.67,76.92,70.23,0.13,0.07,1.53,0.47,71.43,0.33,0.87
1173,Super Liga (RS),988747,Stefan  Petrovic,S. Petrovic,2008-03-01,54.69,13.14,12.48,9,9,0,342.0,38.0,0.0,0.33,130.0,14.44,11.22,77.69,85.32,16.53,0.89,3.78,2.22,0.33,0.0,8.11,2.22,1.22,9.56,3.33,2.22,66.67,74.79,0.11,0.0,4.11,0.89,12.5,0.11,3.0
1173,Super Liga (RS),988753,Dusan  Jovanovic,D. Jovanovic,2008-02-07,7.82,2.16,0.47,1,1,0,16.0,16.0,2.0,2.0,6.0,6.0,6.0,100.0,86.52,14.88,0.0,1.0,0.0,0.0,0.0,0.0,0.0,0.0,2.0,0.0,0.0,,,0.0,0.0,3.0,1.0,100.0,1.0,1.0
1173,Super Liga (RS),994293,Mame Moustapha Fall,Moustapha Fall,2005-06-03,82.53,20.42,18.93,11,11,0,1094.0,99.45,0.0,0.36,392.0,35.64,30.45,85.46,90.76,19.31,2.82,6.09,6.36,0.09,0.09,28.09,6.91,5.0,16.09,5.73,4.73,82.54,85.84,0.18,0.0,3.09,0.73,50.0,0.36,3.18
1173,Super Liga (RS),998179,Bogdan Kostić,B. Kostić,2007-01-17,43.71,13.02,10.13,25,25,0,1088.0,43.52,0.28,1.36,312.0,12.48,9.96,79.81,82.14,12.95,0.44,3.16,1.96,0.6,0.44,4.0,1.12,0.84,15.72,4.32,3.32,76.85,76.44,0.88,0.24,13.12,2.88,65.28,1.88,2.56
1173,Super Liga (RS),998180,Stefan Mladenović,S. Mladenović,2007-09-12,60.03,16.23,14.6,25,25,0,1280.0,51.2,0.08,0.76,402.0,16.08,13.68,85.08,86.48,15.2,0.88,4.36,3.2,0.2,0.24,8.4,2.32,1.8,9.88,3.6,2.96,82.22,79.11,0.44,0.0,7.6,1.16,51.72,0.6,2.52
1173,Super Liga (RS),998315,Uros Filimonovic,U. Filimonovic,2006-04-12,5.05,1.86,0.98,1,1,0,8.0,8.0,0.0,1.0,2.0,2.0,2.0,100.0,67.72,16.51,0.0,0.0,0.0,0.0,0.0,0.0,0.0,0.0,3.0,1.0,1.0,100.0,94.69,1.0,0.0,3.0,1.0,100.0,1.0,1.0
1173,Super Liga (RS),998316,Nemanja Ahčin,N. Ahčin,1994-04-07,28.58,3.46,9.9,2,2,0,12.0,6.0,0.0,0.0,5.0,2.5,2.0,80.0,74.43,11.99,0.0,1.0,0.5,0.0,0.0,1.5,0.0,0.0,2.0,1.0,0.5,50.0,65.56,0.0,0.0,1.0,0.0,,0.0,1.0
1173,Super Liga (RS),998390,Andrej Pavlovic,A. Pavlovic,2007-07-29,90.27,23.57,22.77,26,25,1,2632.0,105.28,0.12,0.76,994.0,39.76,34.24,86.12,91.67,18.65,2.16,6.84,7.36,0.0,0.0,26.28,5.8,3.76,13.72,4.96,3.92,79.03,81.88,0.32,0.04,1.72,0.4,40.0,0.16,4.56
1173,Super Liga (RS),998392,Stefan Tomovic,S. Tomovic,2008-08-28,29.86,9.1,6.86,16,16,0,389.0,24.31,0.0,0.38,105.0,6.56,4.88,74.28,81.16,12.16,0.06,0.88,1.06,0.31,0.25,1.44,0.25,0.19,5.31,1.62,1.19,73.08,74.43,0.25,0.0,8.19,1.69,48.15,0.81,1.56
1173,Super Liga (RS),1000055,Nemanja Milojević,N. Milojević,2007-07-25,17.55,2.07,5.64,1,1,0,7.0,7.0,0.0,0.0,2.0,2.0,2.0,100.0,79.29,9.03,0.0,1.0,1.0,0.0,0.0,0.0,0.0,0.0,0.0,0.0,0.0,,,0.0,0.0,0.0,0.0,,0.0,1.0
1173,Super Liga (RS),1001407,Djordje Radivojevic,D. Radivojevic,2008-10-09,35.34,8.14,8.98,3,3,0,77.0,25.67,0.0,0.33,19.0,6.33,4.33,68.42,76.21,17.51,1.0,1.67,0.67,0.0,0.0,1.0,0.0,0.0,6.0,1.33,1.0,75.0,52.49,0.0,0.0,3.0,0.67,50.0,0.33,2.33
1173,Super Liga (RS),1002202,Vanja Dragojevic,V. Dragojevic,2006-01-11,81.96,25.11,18.72,35,35,0,3679.0,105.11,0.26,1.74,1186.0,33.89,29.43,86.85,87.94,18.08,3.43,11.0,6.2,0.86,0.4,18.57,4.6,3.57,16.03,5.89,5.03,85.44,80.55,0.6,0.06,10.51,2.37,66.27,1.57,4.11
1173,Super Liga (RS),1004383,Luka Izderic,L. Izderic,2006-03-13,52.92,13.57,13.03,20,17,3,762.0,44.82,0.18,1.29,201.0,11.82,10.24,86.57,85.3,12.71,0.12,2.94,2.12,0.47,0.12,3.88,0.53,0.35,11.71,3.47,2.94,84.75,77.5,0.76,0.18,11.59,2.29,79.49,1.82,1.71
1173,Super Liga (RS),1007512,Kufre Eta,K. Eta,2004-06-10,52.17,15.38,11.57,10,9,1,655.0,72.78,0.22,0.78,231.0,25.67,21.67,84.41,90.42,18.34,1.89,4.89,5.78,0.0,0.0,7.78,2.33,1.44,7.78,3.0,2.33,77.78,80.26,0.22,0.0,4.11,1.11,70.0,0.78,2.89
1173,Super Liga (RS),1007726,Skima kobinah Togbe,S. Togbe,2006-06-15,65.96,15.16,18.25,32,31,1,2128.0,68.65,0.13,1.61,647.0,20.87,16.74,80.22,83.84,17.48,1.87,5.39,3.81,0.58,0.48,9.65,2.81,2.16,15.74,6.06,4.77,78.72,77.81,0.97,0.03,9.77,2.55,54.43,1.39,4.42
1173,Super Liga (RS),1016003,Mateo Martinez,M. Martinez,2008-04-27,32.17,5.17,10.24,3,3,0,66.0,22.0,0.0,0.33,21.0,7.0,5.0,71.43,73.93,12.07,0.0,2.67,1.0,0.67,0.33,0.33,0.0,0.0,3.0,1.0,0.67,66.67,71.74,0.0,0.0,3.33,1.33,75.0,1.0,2.67
1173,Super Liga (RS),1018392,Tomislav Todorović,T. Todorović,1998-02-13,53.1,14.86,12.92,3,3,0,77.0,25.67,0.0,1.67,23.0,7.67,6.67,86.96,81.67,15.08,0.67,4.0,0.67,0.33,0.0,3.33,1.0,0.33,7.33,3.0,2.0,66.67,66.4,1.33,0.0,6.33,1.33,50.0,0.67,1.33
1173,Super Liga (RS),1018394,Vladan Milosavljev,V. Milosavljev,1987-02-01,39.58,6.73,10.46,1,1,0,25.0,25.0,0.0,1.0,7.0,7.0,5.0,71.43,66.15,19.14,1.0,1.0,0.0,0.0,0.0,3.0,0.0,0.0,12.0,5.0,4.0,80.0,59.61,1.0,0.0,13.0,4.0,75.0,3.0,4.0
1173,Super Liga (RS),1018395,David Djokic,D. Djokic,2009-07-08,38.07,10.13,12.74,11,11,0,281.0,25.55,0.09,0.64,78.0,7.09,4.91,69.23,78.39,14.05,0.36,1.36,1.36,0.18,0.0,0.45,0.18,0.18,7.82,2.55,1.73,67.86,76.85,0.36,0.09,6.09,1.36,60.0,0.82,2.09
1173,Super Liga (RS),1018398,Savo Raskovic,S. Raskovic,2002-01-25,36.42,8.02,10.82,15,14,1,631.0,45.07,0.14,0.43,196.0,14.0,10.93,78.06,84.05,16.26,0.64,4.14,2.43,0.21,0.07,7.43,2.07,1.21,6.14,2.5,1.79,71.43,80.92,0.07,0.0,5.14,1.0,35.71,0.36,2.93
1173,Super Liga (RS),1018400,Stefan Vidaković,S. Vidaković,2005-03-06,25.02,7.03,4.2,2,2,0,31.0,15.5,0.0,0.0,8.0,4.0,2.0,50.0,68.73,12.95,0.0,2.0,0.0,0.0,0.0,0.5,0.0,0.0,4.5,1.0,0.5,50.0,85.51,0.0,0.0,5.0,1.5,0.0,0.0,1.0
1173,Super Liga (RS),1018401,Vladimir Petrović,V. Petrović,1997-02-15,14.84,5.36,3.21,2,2,0,37.0,18.5,0.0,1.5,9.0,4.5,3.0,66.67,89.12,9.37,0.0,1.5,0.5,0.5,0.0,1.0,0.0,0.0,7.5,1.5,1.0,66.67,81.8,0.5,0.0,11.5,2.0,50.0,1.0,0.0
1173,Super Liga (RS),1018402,Vladan Novevski,V. Novevski,2002-05-13,33.48,8.15,7.59,2,2,0,52.0,26.0,0.0,0.5,16.0,8.0,6.0,75.0,82.36,16.89,1.0,1.0,2.0,0.5,0.0,2.5,0.5,0.5,3.5,2.0,1.5,75.0,70.31,0.0,0.0,7.5,2.0,25.0,0.5,1.5
1173,Super Liga (RS),1018485,Lacine Adams Kader Kone,L. Kader Kone,2002-11-01,20.56,6.09,3.85,11,9,2,136.0,15.11,0.0,0.33,29.0,3.22,3.0,93.1,87.98,12.25,0.11,0.56,0.22,0.22,0.0,1.0,0.22,0.22,4.67,0.89,0.89,100.0,85.84,0.33,0.0,6.89,0.89,87.5,0.78,0.22
1173,Super Liga (RS),1018486,Djordje Petrović,D. Petrović,2008-07-07,64.93,15.88,16.85,20,18,2,866.0,48.11,0.06,0.83,309.0,17.17,11.0,64.08,70.92,15.69,0.89,5.94,3.0,1.0,0.17,8.11,2.89,1.83,12.78,5.22,3.11,59.57,64.17,0.22,0.0,10.56,3.39,32.79,1.11,6.72
1173,Super Liga (RS),1018487,Aleksa  Kuljanin,A. Kuljanin,2004-01-17,60.85,18.9,14.45,25,23,2,1116.0,48.52,0.3,1.09,259.0,11.26,7.52,66.79,74.52,14.63,0.39,2.74,1.09,0.17,0.26,2.78,0.57,0.39,19.39,4.43,3.04,68.63,69.83,0.61,0.13,16.39,3.7,52.94,1.96,3.74
1173,Super Liga (RS),1018488,Djordje  Glavinic,D. Glavinic,2004-02-12,55.15,16.08,16.3,2,2,0,38.0,19.0,0.0,0.0,9.0,4.5,3.0,66.67,89.71,9.0,0.0,2.5,0.0,0.5,0.0,0.0,0.0,0.0,7.0,1.0,1.0,100.0,85.72,0.0,0.0,7.5,1.0,100.0,1.0,0.0
1173,Super Liga (RS),1018542,Dragan  Tegeltija,D. Tegeltija,2006-03-19,44.14,13.34,10.16,3,3,0,161.0,53.67,0.0,0.33,61.0,20.33,17.67,86.89,90.97,15.3,1.0,4.0,5.33,0.0,1.0,13.67,4.67,3.0,8.0,3.0,2.0,66.67,74.86,0.0,0.0,7.33,1.67,20.0,0.33,2.0
1173,Super Liga (RS),1018543,Uroš Cejic,U. Cejic,2004-03-26,54.92,13.58,15.66,21,20,1,873.0,43.65,0.05,0.55,245.0,12.25,8.9,72.65,77.84,13.49,0.3,3.5,1.5,0.5,0.25,4.6,1.35,0.9,11.5,3.25,2.05,63.08,71.38,0.15,0.0,9.3,2.3,43.48,1.0,3.25
1173,Super Liga (RS),1018544,Strahinja Lukovic,S. Lukovic,2005-10-25,21.46,6.36,4.12,2,2,0,60.0,30.0,0.0,0.0,22.0,11.0,8.5,77.27,84.95,11.87,0.0,1.5,3.0,0.5,0.0,11.0,2.0,1.0,5.5,2.0,1.5,75.0,87.79,0.0,0.0,3.0,1.0,0.0,0.0,2.5
1173,Super Liga (RS),1019274,Mass Modou Sise,M. Modou Sise,2003-09-23,26.56,6.99,6.41,14,13,1,107.0,8.23,0.0,0.15,34.0,2.62,1.46,55.88,74.86,12.74,0.08,1.15,0.23,0.08,0.08,0.08,0.0,0.0,3.08,1.0,0.31,30.77,64.37,0.0,0.0,2.77,0.38,0.0,0.0,0.85
1173,Super Liga (RS),1020091,Babacar Mboup,B. Mboup,2002-11-20,61.45,16.73,14.51,17,14,3,317.0,22.64,0.07,0.79,84.0,6.0,4.29,71.43,76.22,11.09,0.21,2.5,0.43,0.79,0.21,0.79,0.21,0.14,10.21,3.0,2.21,73.81,73.09,0.57,0.07,8.93,2.07,58.62,1.21,1.71
1173,Super Liga (RS),1020476,Tadija  Stanisic,T. Stanisic,2007-06-05,4.83,0.62,0.97,1,1,0,0.0,0.0,0.0,0.0,0.0,0.0,0.0,,,,0.0,0.0,0.0,0.0,0.0,0.0,0.0,0.0,0.0,0.0,0.0,,,0.0,0.0,0.0,0.0,,0.0,0.0
1173,Super Liga (RS),1020480,Ahmed  Hadzimujović,A. Hadzimujović,2007-08-17,95.07,21.79,26.19,32,31,1,2641.0,85.19,0.1,0.61,1127.0,36.35,29.35,80.75,88.04,21.25,4.06,9.55,5.1,0.1,0.03,22.48,7.45,4.39,11.58,4.77,4.03,84.46,84.98,0.13,0.0,1.68,0.68,42.86,0.29,6.29
1173,Super Liga (RS),1020945,Martin Andjelkovic,M. Andjelkovic,2005-05-17,17.08,4.7,4.43,5,5,0,86.0,17.2,0.0,0.0,25.0,5.0,3.8,76.0,80.65,12.65,0.0,1.2,0.8,0.0,0.0,1.0,0.4,0.4,5.4,2.4,2.0,83.33,77.68,0.0,0.0,3.6,0.8,25.0,0.2,0.8
1173,Super Liga (RS),1020948,Emmanuel Quarshie,E. Quarshie,2007-04-29,59.54,13.75,16.02,14,13,1,535.0,41.15,0.15,1.08,144.0,11.08,7.77,70.14,70.34,14.16,0.08,2.46,1.46,0.23,0.23,1.92,0.31,0.23,17.69,5.31,3.69,69.56,66.41,0.69,0.15,13.62,3.15,51.22,1.62,4.31
1173,Super Liga (RS),1021120,Ognjen Abramusic,O. Abramusic,2003-10-18,53.27,13.99,14.03,7,7,0,443.0,63.29,0.0,1.0,127.0,18.14,15.29,84.25,86.4,16.94,0.86,4.0,2.57,0.0,0.0,10.86,2.57,1.86,15.0,5.57,4.43,79.49,78.1,0.57,0.0,11.0,2.0,57.14,1.14,2.86
1173,Super Liga (RS),1022000,Kudu Shama Abdul,K. Abdul,2006-02-02,6.26,1.67,0.65,2,2,0,18.0,9.0,0.0,0.0,6.0,3.0,3.0,100.0,99.43,20.38,0.5,0.0,0.5,0.0,0.0,3.5,0.5,0.5,3.0,1.0,1.0,100.0,99.79,0.0,0.0,0.5,0.0,,0.0,0.0
1173,Super Liga (RS),1022387,Mihailo Todosijević,M. Todosijević,2007-11-27,61.61,14.63,21.12,18,18,0,606.0,33.67,0.17,0.5,183.0,10.17,6.39,62.84,71.2,11.8,0.17,3.33,1.61,0.61,0.28,0.89,0.17,0.11,11.39,3.94,2.33,59.15,69.31,0.28,0.11,9.39,2.72,53.06,1.44,3.94
1173,Super Liga (RS),1022389,Nikola Stankovic,N. Stankovic,2008-06-20,95.85,26.36,22.94,1,1,0,99.0,99.0,0.0,6.0,42.0,42.0,33.0,78.57,80.41,18.63,4.0,13.0,16.0,1.0,2.0,30.0,13.0,9.0,28.0,11.0,7.0,63.64,62.98,2.0,0.0,13.0,4.0,50.0,2.0,9.0
1173,Super Liga (RS),1022461,Sumaila Wasiu,S. Wasiu,2004-06-15,27.96,7.87,6.34,11,11,0,66.0,6.0,0.09,0.27,24.0,2.18,1.45,66.67,76.86,13.27,0.09,1.27,0.09,0.18,0.09,0.09,0.09,0.0,2.73,0.82,0.82,100.0,78.61,0.27,0.09,2.18,0.45,100.0,0.45,0.27
1173,Super Liga (RS),1024281,Baltic Stefman,B. Stefman,2004-02-26,2.95,0.67,0.65,3,3,0,2.0,0.67,0.0,0.0,1.0,0.33,0.33,100.0,95.76,13.37,0.0,0.33,0.0,0.0,0.0,0.0,0.0,0.0,0.0,0.0,0.0,,,0.0,0.0,0.0,0.0,,0.0,0.0
1173,Super Liga (RS),1025128,Teo Lakic,T. Lakic,,48.16,10.63,15.44,6,5,1,169.0,33.8,0.0,0.6,51.0,10.2,8.2,80.39,87.7,17.63,0.6,4.4,1.4,0.0,0.0,6.4,1.4,1.2,3.8,1.2,1.2,100.0,69.61,0.2,0.0,4.2,0.6,100.0,0.6,0.6
1173,Super Liga (RS),1028094,Yusuf Omosanya Ibrahim,Y. Omosanya Ibrahim,2006-05-25,33.78,8.36,9.59,8,7,1,307.0,43.86,0.0,0.14,85.0,12.14,9.57,78.83,87.03,15.73,0.57,2.29,3.57,0.0,0.14,6.29,1.29,0.57,6.71,2.71,2.29,84.21,85.61,0.14,0.0,5.86,1.0,14.29,0.14,2.29
1173,Super Liga (RS),1028155,,,,53.86,13.44,14.62,10,10,0,756.0,75.6,0.2,0.9,214.0,21.4,16.3,76.17,81.0,13.23,0.7,5.7,4.5,0.3,0.6,9.5,2.4,1.7,11.4,4.0,2.5,62.5,68.94,0.4,0.0,10.3,2.5,64.0,1.6,5.3
1173,Super Liga (RS),1028944, Uros Filipovic,U. Filipovic,2006-08-01,73.79,17.75,19.15,23,22,1,1547.0,70.32,0.0,1.0,456.0,20.73,15.86,76.53,78.15,16.56,1.73,5.0,3.05,0.55,0.36,14.95,4.18,2.68,19.14,5.77,4.27,74.02,71.52,0.5,0.0,13.0,3.05,44.78,1.36,5.55
1173,Super Liga (RS),1029029,Nemanja Tosic,N. Tosic,,86.12,23.18,21.44,9,9,0,747.0,83.0,0.0,1.11,268.0,29.78,23.56,79.1,82.28,15.27,1.22,8.22,5.22,1.44,0.78,18.44,4.89,3.33,21.89,8.33,6.22,74.67,73.94,0.33,0.0,14.22,4.22,39.47,1.67,6.89
1173,Super Liga (RS),1029038,Solbodan   Urosevich  ,S. Urosevich,,87.52,24.85,21.21,26,26,0,3348.0,128.77,0.12,1.42,1050.0,40.38,30.96,76.67,81.46,15.95,2.15,8.0,8.04,1.19,0.5,30.88,7.62,5.08,25.5,8.58,6.12,71.3,70.64,0.54,0.04,20.04,3.85,36.0,1.38,10.73
1173,Super Liga (RS),1030845,Simão Pedro,S. Pedro,2006-08-31,65.73,19.67,15.86,16,15,1,647.0,43.13,0.07,0.53,181.0,12.07,9.07,75.14,75.15,16.24,1.0,2.07,1.67,0.47,0.27,1.6,0.47,0.2,17.27,4.87,2.87,58.9,55.82,0.4,0.0,14.47,3.67,47.27,1.73,3.67
1173,Super Liga (RS),1031868,Abdulmalik Mohammed,A. Mohammed,2007-05-09,59.77,18.83,15.47,2,2,0,164.0,82.0,0.0,1.0,64.0,32.0,28.5,89.06,89.53,18.15,3.0,11.5,5.0,0.0,0.0,17.0,3.0,3.0,16.0,5.0,5.0,100.0,77.61,0.5,0.0,4.0,0.5,100.0,0.5,4.0
1173,Super Liga (RS),1032123,Bosiako Francis Antwi,B. Francis Antwi,2005-05-01,5.88,1.54,0.9,3,3,0,15.0,5.0,0.0,0.0,5.0,1.67,1.67,100.0,74.86,15.01,0.33,0.0,0.67,0.0,0.0,0.0,0.0,0.0,1.67,0.33,0.33,100.0,89.91,0.0,0.0,1.33,0.33,100.0,0.33,0.67
1173,Super Liga (RS),1032865,Veljko Zuric,V. Zuric,2008-05-28,34.31,8.04,7.7,2,2,0,107.0,53.5,0.0,0.0,39.0,19.5,16.0,82.05,91.22,16.43,0.0,3.0,2.5,0.0,0.0,23.5,7.5,5.5,5.0,3.0,2.0,66.67,91.6,0.0,0.0,0.0,0.0,,0.0,3.0
1173,Super Liga (RS),1034677,Akrofi Daniel,A. Daniel,2007-07-14,12.18,2.56,3.24,2,2,0,16.0,8.0,0.0,0.0,6.0,3.0,3.0,100.0,90.03,12.43,0.0,1.0,0.5,0.0,0.0,1.5,0.5,0.5,0.5,0.0,0.0,,,0.0,0.0,0.5,0.0,,0.0,0.5
1173,Super Liga (RS),1036538,Abdoul Rahim Sawadogu,A. Rahim Sawadogu,2006-11-12,85.03,28.88,18.57,4,3,1,654.0,218.0,0.0,0.33,231.0,77.0,71.67,93.08,94.65,16.25,4.0,3.67,20.33,0.0,0.0,44.0,13.0,10.33,35.0,20.0,18.0,90.0,91.21,0.0,0.0,3.67,0.67,0.0,0.0,4.33
1173,Super Liga (RS),1036539,Dimitrije Nikolic,D. Nikolic,2007-02-10,74.03,13.33,22.39,2,2,0,86.0,43.0,0.5,1.5,30.0,15.0,10.5,70.0,69.54,20.17,2.0,6.0,1.0,0.0,0.0,5.5,0.5,0.5,9.5,5.5,5.0,90.91,70.3,1.5,0.5,3.5,1.5,66.67,1.0,7.0
1173,Super Liga (RS),1036662,Mirko Stevanovic,M. Stevanovic,2005-04-10,95.46,36.85,17.23,2,2,0,274.0,137.0,0.0,0.0,97.0,48.5,42.5,87.63,89.63,21.2,8.0,7.5,5.0,0.0,0.0,38.0,9.0,6.0,31.5,10.0,9.0,90.0,90.97,0.0,0.0,0.0,0.0,,0.0,6.0
1173,Super Liga (RS),1037074,Dimitrije Saric,D. Saric,2008-11-04,32.11,9.84,6.03,6,6,0,195.0,32.5,0.0,0.5,59.0,9.83,9.0,91.53,86.79,16.16,0.67,2.33,2.83,0.33,0.0,2.33,0.17,0.17,6.17,2.5,2.33,93.33,75.29,0.17,0.0,4.5,0.5,66.67,0.33,1.33
1173,Super Liga (RS),1037076,Dimitrije Minić,D. Minić,2008-07-08,95.2,25.65,26.96,13,13,0,762.0,58.62,0.0,0.0,251.0,19.31,13.31,68.92,81.9,24.05,3.69,4.62,2.31,0.08,0.0,25.08,7.38,3.77,9.15,2.92,2.23,76.32,89.25,0.0,0.0,0.08,0.08,0.0,0.0,2.69
1173,Super Liga (RS),1038506,Nebojsa Grujic,N. Grujic,2009-04-02,54.37,10.27,21.04,3,3,0,112.0,37.33,0.0,0.67,33.0,11.0,6.0,54.55,67.26,13.85,0.0,2.33,1.67,0.67,0.67,2.33,0.67,0.67,17.33,6.0,4.0,66.67,72.37,0.0,0.0,15.0,3.67,45.45,1.67,5.33
1173,Super Liga (RS),1039759,Marko Kolaković,M. Kolaković,1993-02-09,85.76,23.92,17.84,1,1,0,156.0,156.0,0.0,0.0,57.0,57.0,51.0,89.47,94.62,19.38,4.0,9.0,17.0,0.0,0.0,50.0,12.0,9.0,9.0,3.0,3.0,100.0,99.18,0.0,0.0,0.0,0.0,,0.0,4.0
1173,Super Liga (RS),1044198,Matija Ninic,M. Ninic,2006-03-13,23.04,6.64,5.29,2,2,0,40.0,20.0,0.0,0.0,15.0,7.5,4.0,53.33,71.31,13.91,0.0,4.0,0.5,0.0,0.0,2.0,1.0,0.0,7.5,2.5,1.5,60.0,64.05,0.0,0.0,6.5,1.5,66.67,1.0,3.0
1173,Super Liga (RS),1044200,Marko Lekic,M. Lekic,1996-08-21,21.06,5.73,2.78,1,1,0,20.0,20.0,0.0,2.0,7.0,7.0,5.0,71.43,78.25,14.68,1.0,4.0,1.0,3.0,1.0,0.0,0.0,0.0,6.0,4.0,3.0,75.0,85.11,1.0,0.0,10.0,5.0,60.0,3.0,2.0
1173,Super Liga (RS),1044214,Vasil Tasovski,V. Tasovski,2007-03-11,68.48,16.96,20.8,12,12,0,618.0,51.5,0.0,1.92,190.0,15.83,11.92,75.26,79.28,12.85,0.25,3.67,2.5,0.5,0.5,3.92,0.58,0.42,16.17,5.0,3.5,70.0,69.65,1.0,0.0,12.42,3.08,56.76,1.75,3.83
1173,Super Liga (RS),1044215,Novak  Stevanovic,N. Stevanovic,2009-07-14,45.73,12.15,13.52,8,8,0,271.0,33.88,0.0,0.88,72.0,9.0,7.75,86.11,86.88,13.17,0.12,1.75,1.5,0.12,0.25,3.75,1.25,0.88,5.62,1.38,1.12,81.82,86.77,0.12,0.0,4.5,1.25,70.0,0.88,1.38
1173,Super Liga (RS),1044281,Milos Soprenic,M. Soprenic,2008-05-13,15.53,4.56,2.59,4,4,0,50.0,12.5,0.0,0.0,20.0,5.0,3.5,70.0,77.7,14.21,0.0,2.5,1.25,0.0,0.0,2.0,0.5,0.0,2.0,0.25,0.0,0.0,75.9,0.0,0.0,1.0,0.25,100.0,0.25,1.5
1173,Super Liga (RS),1044913,Marko Lekic,M. Lekic,2003-08-03,23.18,6.18,4.14,1,1,0,4.0,4.0,0.0,0.0,1.0,1.0,0.0,0.0,44.7,,0.0,1.0,0.0,0.0,0.0,3.0,1.0,0.0,1.0,1.0,0.0,0.0,44.7,0.0,0.0,2.0,0.0,,0.0,1.0
1173,Super Liga (RS),1046862,Ivan  Lainovic,I. Lainovic,2005-07-03,93.92,14.3,36.83,1,1,0,34.0,34.0,0.0,0.0,13.0,13.0,9.0,69.23,75.63,22.02,2.0,4.0,1.0,0.0,0.0,4.0,2.0,1.0,10.0,5.0,3.0,60.0,78.35,0.0,0.0,0.0,0.0,,0.0,4.0
1173,Super Liga (RS),1047184,Damjan  Jovanović,D. Jovanović,2004-09-24,12.22,2.64,2.35,1,1,0,0.0,0.0,0.0,0.0,0.0,0.0,0.0,,,,0.0,0.0,0.0,0.0,0.0,0.0,0.0,0.0,0.0,0.0,0.0,,,0.0,0.0,0.0,0.0,,0.0,0.0
1173,Super Liga (RS),1047558,Thomas Victor Ude,T. Ude,2006-10-30,3.13,0.43,0.98,1,1,0,0.0,0.0,0.0,0.0,0.0,0.0,0.0,,,,0.0,0.0,0.0,0.0,0.0,0.0,0.0,0.0,0.0,0.0,0.0,,,0.0,0.0,0.0,0.0,,0.0,0.0
1173,Super Liga (RS),1049404,Matej Strika,M. Strika,2009-08-20,10.95,3.49,1.21,1,1,0,37.0,37.0,1.0,2.0,13.0,13.0,11.0,84.62,74.66,14.58,1.0,3.0,6.0,1.0,2.0,7.0,2.0,2.0,4.0,3.0,2.0,66.67,61.57,1.0,1.0,11.0,4.0,50.0,2.0,6.0
1173,Super Liga (RS),1049412,Dragan Anokic,D. Anokic,2009-11-24,4.9,1.47,1.98,1,1,0,8.0,8.0,0.0,0.0,4.0,4.0,3.0,75.0,94.7,14.97,0.0,3.0,0.0,0.0,0.0,0.0,0.0,0.0,0.0,0.0,0.0,,,0.0,0.0,0.0,0.0,,0.0,0.0
1173,Super Liga (RS),1060908,Daniel Ose Friday,D. Ose Friday,2007-10-10,14.52,2.42,2.84,2,2,0,3.0,1.5,0.0,0.0,1.0,0.5,0.5,100.0,,13.11,0.0,0.5,0.0,0.0,0.0,0.0,0.0,0.0,0.5,0.0,0.0,,,0.0,0.0,0.5,0.0,,0.0,0.0
1173,Super Liga (RS),1064132,,,,34.66,14.83,5.58,2,2,0,97.0,48.5,0.0,0.0,35.0,17.5,12.0,68.57,83.31,14.32,0.5,3.0,2.5,0.0,0.0,3.0,1.0,0.5,12.0,4.5,3.0,66.67,78.32,0.0,0.0,11.5,3.0,33.34,1.0,3.5
1173,Super Liga (RS),1064168,,,,7.25,0.83,1.67,1,1,0,0.0,0.0,0.0,0.0,0.0,0.0,0.0,,,,0.0,0.0,0.0,0.0,0.0,0.0,0.0,0.0,0.0,0.0,0.0,,,0.0,0.0,0.0,0.0,,0.0,0.0
1173,Super Liga (RS),1065162,Nenad Miranovic,N. Miranovic,2008-09-17,24.65,6.49,6.61,10,10,0,184.0,18.4,0.0,0.1,64.0,6.4,5.4,84.38,86.06,15.08,0.3,2.9,1.1,0.1,0.2,2.5,0.7,0.7,2.6,1.0,0.7,70.0,79.96,0.0,0.0,2.6,0.5,60.0,0.3,0.9
1173,Super Liga (RS),1065380,Enzo Oliveira gonzaga,E. Oliveira gonzaga,2007-12-04,24.67,7.18,6.12,8,8,0,122.0,15.25,0.0,0.12,32.0,4.0,3.0,75.0,81.15,15.05,0.25,0.75,0.12,0.12,0.0,0.75,0.12,0.0,5.62,1.38,0.75,54.55,72.89,0.0,0.0,2.88,0.5,0.0,0.0,0.62
1173,Super Liga (RS),1066087,Vasilije Subotić,V. Subotić,2008-01-05,28.9,9.49,5.64,2,1,1,46.0,46.0,0.0,5.0,11.0,11.0,8.0,72.73,67.67,13.24,0.0,2.0,0.0,1.0,0.0,0.0,0.0,0.0,21.0,7.0,5.0,71.43,66.95,3.0,0.0,30.0,7.0,57.14,4.0,5.0
1173,Super Liga (RS),1066604,Dauda Johnson agwom,D. Johnson agwom,2007-05-04,21.91,4.36,4.83,5,5,0,77.0,15.4,0.0,0.0,17.0,3.4,1.8,52.94,71.91,19.21,0.4,0.8,0.6,0.0,0.0,1.2,0.6,0.4,4.6,0.6,0.0,0.0,39.33,0.0,0.0,5.8,1.0,40.0,0.4,1.0
1173,Super Liga (RS),1066693,Jovan Mrvaljević,J. Mrvaljević,2008-07-29,4.12,0.29,1.58,2,2,0,2.0,1.0,0.0,0.0,1.0,0.5,0.5,100.0,92.86,9.13,0.0,0.5,0.0,0.0,0.0,0.0,0.0,0.0,0.0,0.0,0.0,,,0.0,0.0,0.0,0.0,,0.0,0.0
1173,Super Liga (RS),1066799,Mateo Maravic,M. Maravic,2008-01-22,15.38,3.02,3.8,2,2,0,16.0,8.0,0.0,0.0,5.0,2.5,2.0,80.0,85.28,12.57,0.0,0.5,1.0,0.0,0.0,0.5,0.0,0.0,2.0,0.5,0.5,100.0,97.96,0.0,0.0,1.0,0.5,100.0,0.5,0.5
1173,Super Liga (RS),1066800,Andrej Ilic,A. Ilic,2008-03-02,31.03,5.14,12.27,3,3,0,44.0,14.67,0.0,0.67,13.0,4.33,3.33,76.92,74.16,15.18,0.33,0.67,1.0,0.0,0.33,2.33,0.67,0.67,4.33,1.67,1.0,60.0,66.25,0.33,0.0,3.33,1.0,100.0,1.0,1.33
1173,Super Liga (RS),1066840,Stefan Jovanovic,S. Jovanovic,2007-01-23,54.97,15.06,15.14,5,5,0,228.0,45.6,0.0,0.0,70.0,14.0,11.4,81.43,84.11,18.3,1.6,1.6,3.2,0.0,0.2,9.2,1.6,1.0,15.2,4.4,3.2,72.73,70.21,0.2,0.0,4.2,0.8,25.0,0.2,3.0
1173,Super Liga (RS),1067348,Strahinja Andjelic,S. Andjelic,2008-02-26,69.76,12.83,24.72,4,4,0,158.0,39.5,0.0,0.0,51.0,12.75,6.75,52.94,70.44,15.23,0.0,2.5,1.75,0.0,0.0,9.0,3.0,1.0,7.5,2.75,0.75,27.27,60.79,0.0,0.0,5.0,0.5,0.0,0.0,5.5
1173,Super Liga (RS),1067602,Tadija Cojic,T. Cojic,2009-09-26,33.75,7.08,10.24,2,2,0,25.0,12.5,0.0,0.0,8.0,4.0,2.0,50.0,53.02,16.51,0.5,1.5,2.0,0.5,0.5,0.0,0.0,0.0,6.5,3.0,2.0,66.67,53.49,0.0,0.0,5.0,1.5,33.33,0.5,3.0
1173,Super Liga (RS),1067884,Daniel james Wisdom,D. Wisdom,2007-05-21,95.78,29.42,22.3,1,1,0,97.0,97.0,0.0,2.0,29.0,29.0,26.0,89.66,81.38,15.24,1.0,13.0,2.0,1.0,0.0,13.0,3.0,2.0,25.0,8.0,7.0,87.5,73.34,1.0,0.0,8.0,2.0,100.0,2.0,6.0
1173,Super Liga (RS),1067885,Strahinja Vasilic,S. Vasilic,2008-01-24,18.18,4.15,5.08,2,2,0,47.0,23.5,0.5,1.0,20.0,10.0,8.0,80.0,93.88,14.12,0.0,6.5,2.5,0.0,0.0,1.5,0.0,0.0,1.5,1.0,1.0,100.0,99.26,0.0,0.0,2.5,0.5,100.0,0.5,0.5
1173,Super Liga (RS),1067950,Bakir Bilalovic,B. Bilalovic,2008-04-11,2.05,0.2,0.11,1,1,0,0.0,0.0,0.0,0.0,0.0,0.0,0.0,,,,0.0,0.0,0.0,0.0,0.0,0.0,0.0,0.0,0.0,0.0,0.0,,,0.0,0.0,0.0,0.0,,0.0,0.0
1173,Super Liga (RS),1067951,Ersan Mavric,E. Mavric,2007-02-10,16.63,1.94,4.53,1,1,0,8.0,8.0,0.0,0.0,2.0,2.0,1.0,50.0,73.44,6.51,0.0,1.0,0.0,0.0,0.0,0.0,0.0,0.0,2.0,1.0,0.0,0.0,59.19,0.0,0.0,1.0,0.0,,0.0,1.0
1173,Super Liga (RS),1067957,Aleksa Novakovic,A. Novakovic,2008-03-01,63.23,19.58,15.9,2,2,0,103.0,51.5,0.0,2.0,26.0,13.0,8.5,65.38,82.79,12.2,0.0,2.0,2.5,0.5,1.0,3.0,0.5,0.5,17.5,3.5,3.0,85.71,86.74,0.5,0.0,15.5,4.5,66.67,3.0,2.0
1173,Super Liga (RS),1069080,Ognjen Matanovic,O. matanovic,2010-01-14,10.95,3.49,1.21,1,1,0,13.0,13.0,0.0,1.0,4.0,4.0,3.0,75.0,77.71,21.33,1.0,0.0,0.0,0.0,0.0,0.0,0.0,0.0,1.0,0.0,0.0,,,0.0,0.0,3.0,1.0,0.0,0.0,1.0
1173,Super Liga (RS),1069142,Jovan Ostojić,J. Ostojić,2008-10-28,5.85,1.36,1.16,1,1,0,2.0,2.0,0.0,0.0,2.0,2.0,1.0,50.0,85.84,18.85,0.0,1.0,1.0,0.0,0.0,1.0,1.0,1.0,1.0,0.0,0.0,,,0.0,0.0,0.0,0.0,,0.0,0.0
1173,Super Liga (RS),1069154,Dimitrije Plavsic,D. Plavsic,2009-10-17,9.76,2.02,4.06,1,1,0,16.0,16.0,0.0,0.0,5.0,5.0,4.0,80.0,88.9,6.34,0.0,2.0,0.0,0.0,0.0,0.0,0.0,0.0,3.0,0.0,0.0,,,0.0,0.0,2.0,0.0,,0.0,0.0
1173,Super Liga (RS),1073338,Blagoje Uzunovski,B. Uzunovski,2009-02-12,95.78,22.3,29.42,1,1,0,0.0,0.0,0.0,0.0,0.0,0.0,0.0,,,,0.0,0.0,0.0,0.0,0.0,0.0,0.0,0.0,0.0,0.0,0.0,,,0.0,0.0,0.0,0.0,,0.0,0.0
