competition_edition,league,player_name,player_short_name,player_id,player_birthdate,minutes_full_all,count_match,count_match_failed,total_distance_full_all,total_metersperminute_full_all,running_distance_full_all,hsr_distance_full_all,hsr_count_full_all,sprint_distance_full_all,sprint_count_full_all,hi_distance_full_all,hi_count_full_all,psv99,psv99_top5,peak_velocity,peak_velocity_top3,medaccel_count_full_all,highaccel_count_full_all,meddecel_count_full_all,highdecel_count_full_all,explacceltohsr_count_full_all,timetohsr_top3,timetohsrpostcod_top3,explacceltosprint_count_full_all,timetosprint_top3,timetosprintpostcod_top3,cod_count_full_all,timeto505around90_top3,timeto505around180_top3
1173,Super Liga (RS),Adem Ljajić,A. Ljajić,222,1991-09-29,75.62,2,0,8057.5,106.55,1152.5,436.0,35.0,109.0,4.0,545.0,39.0,26.55,26.55,28.35,,83.5,3.5,74.0,8.5,3.0,,,0.0,,,23.5,,
1173,Super Liga (RS),Aldo Kalulu Kyatengwa,A. Kalulu,397,1996-01-21,44.79,2,0,4446.5,99.27,611.5,291.0,30.0,139.0,6.0,430.0,36.0,32.7,32.7,33.4,,52.0,5.5,39.5,12.0,5.0,,,1.0,,,24.0,,
1173,Super Liga (RS),Marko Arnautović,M. Arnautović,6969,1989-04-19,64.74,15,0,6583.73,101.69,816.8,340.47,37.73,141.33,7.8,481.8,45.53,29.05,30.3,30.35,31.97,67.0,5.27,53.13,12.67,4.07,0.7,0.79,1.67,1.3,1.51,24.07,2.03,2.74
1173,Super Liga (RS),Marko Poletanović,M. Poletanović,6984,1993-07-20,40.75,18,1,4742.44,116.37,809.17,228.39,20.94,34.11,2.28,262.5,23.22,25.33,27.12,26.68,28.97,54.44,2.28,46.72,6.72,1.0,0.78,0.79,0.17,1.74,,15.67,1.95,2.78
1173,Super Liga (RS),Miloš Kosanović,M. Kosanović,7652,1990-05-28,86.2,10,0,8575.2,99.48,842.9,213.0,19.5,43.5,2.5,256.5,22.0,26.9,28.12,28.21,30.17,81.9,2.5,64.3,4.8,1.2,0.97,,0.0,,,12.8,2.77,3.29
1173,Super Liga (RS),Miloš Veljković,M. Veljković,7659,1995-09-26,93.91,14,0,9703.36,103.33,1152.36,301.86,27.21,57.0,3.36,358.86,30.57,26.26,27.76,27.84,29.47,101.79,3.86,78.64,8.14,1.86,0.79,0.93,0.36,,,19.0,2.2,2.81
1173,Super Liga (RS),Muhamed Bešić,M. Bešić,7809,1992-09-10,76.87,20,1,8352.4,108.65,1069.4,336.55,33.15,97.4,5.2,433.95,38.35,27.68,29.22,29.33,31.1,87.2,4.15,75.6,10.2,2.95,0.76,0.82,0.7,1.43,1.88,21.15,2.04,2.82
1173,Super Liga (RS),Nenad Tomović,N. Tomović,7922,1987-08-30,93.47,27,2,9451.04,101.12,1018.85,364.44,35.85,132.74,7.48,497.19,43.33,29.36,31.18,30.86,32.77,95.67,3.7,76.11,9.26,2.56,0.69,0.7,0.93,1.34,1.49,17.44,2.04,2.88
1173,Super Liga (RS),Rade Krunić,R. Krunić,8772,1993-10-07,77.46,24,0,8756.62,113.04,1331.33,477.58,45.79,145.92,8.04,623.5,53.83,28.43,30.46,30.02,32.2,96.71,4.38,80.21,14.04,3.17,0.61,0.71,1.12,1.31,1.5,30.17,1.97,2.59
1173,Super Liga (RS),Sebastian Polter,S. Polter,9664,1991-04-01,53.5,17,0,5469.29,102.24,646.71,296.59,31.71,131.41,6.65,428.0,38.35,29.68,31.54,30.62,32.67,59.53,5.18,47.88,10.41,3.71,0.65,0.73,0.88,1.36,1.6,19.53,2.1,2.91
1173,Super Liga (RS),Stefan Mitrović,S. Mitrović,9982,1990-05-22,87.66,15,0,8989.2,102.54,1065.47,332.47,31.27,71.13,4.73,403.6,36.0,27.25,28.96,29.03,30.67,98.27,3.67,77.87,10.93,1.6,0.77,0.94,0.0,,,18.2,1.93,2.8
1173,Super Liga (RS),Stefan Šćepović,S. Šćepović,9990,1990-01-10,39.97,11,0,3994.64,99.94,471.91,246.09,26.27,134.91,6.0,381.0,32.27,30.24,31.4,30.82,32.23,42.55,4.55,33.64,9.27,3.45,0.6,0.71,1.91,1.38,1.64,14.73,2.11,2.7
1173,Super Liga (RS),Uroš Vitas,U. Vitas,10597,1992-07-06,81.91,23,0,7976.7,97.38,873.96,318.7,32.13,108.39,5.74,427.09,37.87,28.51,30.26,29.86,31.83,84.96,4.39,66.3,9.09,2.91,0.67,0.77,0.96,1.46,1.78,17.0,2.08,2.81
1173,Super Liga (RS),Olivier Thill,O. Thill,11186,1996-12-17,67.98,13,0,8534.62,125.55,1645.77,552.69,46.08,63.46,4.15,616.15,50.23,26.27,27.36,28.35,29.43,89.69,2.08,81.92,10.0,1.23,0.72,0.98,0.0,,,38.92,1.94,2.82
1173,Super Liga (RS),Milan Rodić,M. Rodić,11815,1991-04-02,72.38,11,1,7776.45,107.44,1053.45,404.45,38.0,132.09,7.45,536.55,45.45,28.96,29.72,30.43,31.7,83.09,4.09,65.73,11.45,3.0,0.69,0.78,0.55,1.84,,18.0,2.05,
1173,Super Liga (RS),Nemanja Radonjić,N. Radonjić,11819,1996-02-15,39.85,10,0,4210.9,105.66,521.4,217.6,23.9,114.2,5.8,331.8,29.7,29.55,30.8,30.55,32.23,45.2,2.7,36.7,4.8,2.1,0.65,0.87,0.7,1.59,1.87,14.7,2.2,3.14
1173,Super Liga (RS),Miloš Degenek,M. Degenek,11893,1994-04-28,88.92,13,0,9046.69,101.74,1080.46,379.69,36.69,138.54,7.85,518.23,44.54,29.02,30.82,30.23,32.3,105.62,5.08,84.85,12.69,3.31,0.76,0.76,1.23,1.43,1.44,22.62,2.02,2.88
1173,Super Liga (RS),Vukašin Jovanović,V. Jovanović,12217,1996-05-17,97.58,14,0,9481.86,97.17,991.14,353.93,34.21,86.07,5.71,440.0,39.93,27.4,28.7,28.91,30.73,97.07,4.14,76.29,11.36,2.5,0.78,0.88,0.71,1.52,1.74,17.79,1.95,2.72
1173,Super Liga (RS),Marko  Gobeljić,M. Gobeljić,12347,1992-09-13,80.81,24,2,8323.25,103.0,1020.96,464.5,44.58,183.21,9.54,647.71,54.12,29.45,30.72,30.84,32.4,89.58,5.54,73.29,15.5,3.38,0.68,0.77,1.21,1.31,1.54,22.0,2.03,2.77
1173,Super Liga (RS),Stefan Hajdin,S. Hajdin,12349,1994-04-15,55.07,17,1,6447.35,117.08,966.94,387.65,35.06,118.41,6.82,506.06,41.88,28.34,29.8,29.64,31.23,63.24,3.71,54.24,8.65,2.18,0.76,0.78,0.24,1.48,1.6,29.29,1.98,2.61
1173,Super Liga (RS),Slavoljub Srnić,S. Srnić,12353,1992-01-12,19.07,1,0,2357.0,123.62,425.0,199.0,13.0,20.0,2.0,219.0,15.0,26.2,26.2,27.5,,29.0,2.0,20.0,6.0,2.0,,,2.0,,,11.0,,
1173,Super Liga (RS),Dušan Jovančić,D. Jovančić,12358,1990-10-19,43.05,18,0,5189.56,120.55,809.5,284.39,24.17,58.83,3.72,343.22,27.89,27.31,29.6,28.58,31.13,52.22,2.39,42.56,8.11,1.44,0.68,0.7,0.33,1.64,,20.67,1.96,2.77
1173,Super Liga (RS),Milan Pavkov,M. Pavkov,12363,1994-02-09,16.6,20,1,1713.45,103.25,225.05,88.7,7.05,10.95,0.7,99.65,7.75,25.05,27.64,25.82,28.47,19.25,1.2,14.55,2.05,0.45,0.9,0.96,0.1,,,4.55,2.22,
1173,Super Liga (RS),Nair Tiknizyan,N. Tiknizyan,12833,1999-05-12,68.69,25,0,8117.28,118.16,1258.96,658.92,67.8,348.96,18.64,1007.88,86.44,30.05,31.64,31.37,33.27,90.6,7.08,73.28,18.16,5.68,0.66,0.67,2.68,1.24,1.31,42.48,1.71,2.51
1173,Super Liga (RS),Bibras Natcho,B. Natcho,12901,1988-02-18,36.3,32,0,3761.78,103.63,521.34,185.09,14.97,40.03,2.06,225.12,17.03,26.57,28.7,27.59,29.67,39.84,1.72,32.78,5.69,0.88,0.8,1.04,0.25,1.68,,10.75,2.02,2.98
1173,Super Liga (RS),Marko Petković,M. Petković,12945,1992-09-03,35.3,5,1,3562.4,100.93,434.8,178.8,16.4,49.4,2.8,228.2,19.2,27.14,27.14,28.14,29.9,35.0,2.6,30.8,4.8,1.4,0.95,,0.4,,,8.6,2.88,3.15
1173,Super Liga (RS),Saša Marković,S. Marković,12970,1991-03-13,23.4,10,1,2806.8,119.94,469.6,117.0,8.7,9.8,0.8,126.8,9.5,25.07,27.08,25.92,28.63,26.3,1.0,22.3,2.3,0.4,,,0.0,,,6.9,2.19,3.15
1173,Super Liga (RS),Farid Boulaya,F. Boulaya,13004,1993-02-25,76.5,14,0,8467.93,110.69,1180.79,434.07,40.0,71.0,4.71,505.07,44.71,26.96,28.32,28.84,30.63,86.21,3.5,70.43,11.36,1.93,0.79,0.79,0.5,1.45,,30.71,1.81,2.9
1173,Super Liga (RS),Nemanja Miletić,N. Miletić,13071,1991-01-16,89.12,24,1,9361.75,105.05,1206.58,503.25,49.54,179.92,9.79,683.17,59.33,29.3,30.78,31.05,32.97,109.38,7.54,89.83,16.58,5.54,0.62,0.66,1.92,1.28,1.47,27.54,2.01,2.77
1173,Super Liga (RS),Branko Jovičić,B. Jovičić,13072,1993-03-18,70.75,27,0,8305.26,117.39,1172.37,383.85,36.63,114.11,6.0,497.96,42.63,28.17,30.08,29.66,32.03,78.85,2.67,66.81,7.89,1.7,0.7,0.72,0.48,1.48,1.6,24.37,1.84,2.71
1173,Super Liga (RS),Mirko Ivanić,M. Ivanić,13260,1993-09-13,76.39,17,0,8315.53,108.86,1153.41,486.47,50.12,168.06,9.53,654.53,59.65,28.55,30.36,30.08,31.9,86.59,5.35,74.0,15.35,3.88,0.66,0.77,1.47,1.46,1.53,33.41,1.96,2.69
1173,Super Liga (RS),Peter Oladeji Olayinka,P. Olayinka,13616,1995-11-16,33.59,3,0,3808.67,113.39,597.33,290.0,23.67,62.0,4.33,352.0,28.0,27.63,27.63,28.47,28.47,43.33,3.0,35.0,7.67,2.33,0.8,,0.67,,,17.67,2.67,
1173,Super Liga (RS),Mario Jurčevič,M. Jurčevič,13717,1995-06-01,85.3,9,0,10010.56,117.36,1460.11,731.44,64.11,284.22,14.22,1015.67,78.33,29.52,30.3,31.17,32.2,97.56,5.89,83.11,12.56,4.89,0.69,0.74,1.67,1.54,1.93,34.0,2.13,2.85
1173,Super Liga (RS),Wanderson de Jesus Martins,Caju,13813,1995-07-17,61.77,7,1,6630.0,107.33,937.71,383.29,37.14,125.57,7.14,508.86,44.29,29.37,29.86,30.66,31.5,74.57,6.43,64.71,13.86,4.14,0.7,0.71,1.14,1.41,,24.0,2.27,2.7
1173,Super Liga (RS),Lazar Nikolić,L. Nikolić,14198,1999-08-01,98.41,32,0,10375.97,105.43,1393.75,552.91,57.25,191.97,11.69,744.88,68.94,29.24,31.44,30.99,33.37,119.34,7.5,96.94,18.84,5.25,0.54,0.61,1.44,1.26,1.4,34.66,1.9,2.59
1173,Super Liga (RS),Yohan Bilingi,Y. Bilingi,14205,1999-02-01,87.21,29,1,9177.34,105.24,1056.14,385.38,39.31,132.07,6.86,517.45,46.17,29.36,32.78,31.2,33.93,101.52,5.07,82.21,15.48,3.31,0.59,0.67,1.07,1.17,1.39,24.1,1.81,2.74
1173,Super Liga (RS),Cherif Ndiaye,C. Ndiaye,14739,1996-01-23,38.14,3,0,3955.0,103.7,538.33,253.0,27.33,105.0,5.67,358.0,33.0,30.17,30.17,31.6,31.6,41.67,4.67,36.0,9.33,3.33,0.93,,1.0,,,19.0,2.24,
1173,Super Liga (RS),Radomir Milosavljević,R. Milosavljević,15243,1992-07-28,92.0,29,0,10087.69,109.65,1357.34,504.59,50.17,187.14,9.41,691.72,59.59,28.88,30.5,30.45,32.3,98.83,5.34,84.07,14.21,3.41,0.61,0.62,1.03,1.25,1.34,32.76,1.78,2.76
1173,Super Liga (RS),Bruno Duarte da Silva,Bruno Duarte,15612,1996-03-24,67.33,26,0,7493.19,111.28,1128.31,547.04,54.88,217.38,12.54,764.42,67.42,29.8,31.72,31.4,33.47,88.77,7.19,73.54,15.38,5.27,0.68,0.68,1.5,1.22,1.3,38.23,1.88,2.72
1173,Super Liga (RS),Srdjan Mijailović,S. Mijailović,15720,1993-11-10,77.81,20,0,9403.75,120.85,1532.3,589.25,56.6,228.65,12.1,817.9,68.7,29.52,31.08,31.34,33.07,89.45,3.75,77.2,12.05,2.85,0.68,0.68,1.25,1.29,1.31,33.4,1.86,2.71
1173,Super Liga (RS),Luka Capan,L. Capan,16596,1995-04-06,88.38,22,0,9387.55,106.22,1157.0,391.32,37.95,118.82,7.0,510.14,44.95,28.8,30.72,30.52,32.27,99.0,4.86,80.36,11.14,3.23,0.66,0.76,0.91,1.29,1.6,27.14,1.91,2.56
1173,Super Liga (RS),Vukan Savićević,V. Savićević,16851,1994-01-29,63.26,32,0,7849.66,124.09,1384.69,416.62,35.97,84.62,5.5,501.25,41.47,26.73,28.58,28.48,31.7,69.47,2.34,60.59,7.44,1.28,0.68,0.68,0.28,1.42,,36.44,1.8,2.67
1173,Super Liga (RS),Miloš Cvetković,M. Cvetković,17042,1990-01-06,79.95,17,1,8722.59,109.1,1116.06,384.18,34.71,92.12,5.71,476.29,40.41,27.2,29.2,28.81,31.0,89.76,3.94,75.76,11.59,2.29,0.76,0.79,0.65,1.43,1.62,18.88,2.13,2.79
1173,Super Liga (RS),Yanis Karabelyov,Y. Karabelyov,17062,1996-01-23,69.52,20,0,8530.8,122.71,1375.9,442.5,39.7,109.7,5.9,552.2,45.6,27.55,29.34,29.47,31.97,81.7,3.75,70.6,9.95,1.95,0.67,0.7,0.5,1.34,1.61,32.2,1.93,2.77
1173,Super Liga (RS),Stefan Ashkovski,S. Ashkovski,17076,1992-02-24,50.09,8,0,5803.38,115.86,822.0,344.25,36.0,158.38,8.38,502.62,44.38,28.07,29.24,29.35,31.47,60.75,3.75,50.5,8.88,2.62,0.7,0.75,1.0,1.6,1.91,20.5,1.97,2.84
1173,Super Liga (RS),Evandro da Silva,Evandro,17087,1997-01-14,61.64,15,0,6383.93,103.56,809.93,342.33,35.87,119.67,6.67,462.0,42.53,28.82,30.82,30.04,32.77,70.13,6.53,55.6,14.4,4.8,0.63,0.68,1.4,1.29,1.37,24.27,1.87,2.69
1173,Super Liga (RS),Boris Sekulić,B. Sekulić,17096,1991-10-21,95.36,26,2,9814.23,102.91,1156.65,419.69,40.88,125.96,7.38,545.65,48.27,28.55,31.0,30.2,32.77,106.15,6.12,87.92,15.38,3.92,0.66,0.66,1.19,1.29,1.5,26.08,1.94,2.72
1173,Super Liga (RS),Saša Zdjelar,S. Zdjelar,17204,1995-03-20,91.68,13,0,10550.08,115.07,1715.54,503.69,43.0,81.23,4.92,584.92,47.92,26.58,27.56,28.41,29.8,110.77,3.54,96.85,14.38,1.92,0.67,1.02,0.54,1.68,,33.85,1.83,2.84
1173,Super Liga (RS),Nemanja Miletić,N. Miletić,17210,1991-07-26,96.49,34,0,10331.06,107.07,1354.79,612.56,64.32,281.68,14.97,894.24,79.29,30.56,32.46,32.06,33.9,114.47,8.74,94.47,18.03,6.74,0.59,0.64,2.53,1.09,1.29,36.62,1.85,2.56
1173,Super Liga (RS),Danilo Pantić,D. Pantić,17214,1996-10-26,70.81,8,0,8428.5,119.02,1293.75,412.25,33.5,93.62,3.88,505.88,37.38,27.18,28.02,28.89,30.23,75.62,2.5,66.88,9.38,0.62,0.85,,0.0,,,22.75,2.03,2.88
1173,Super Liga (RS),Djordje Crnomarković,D. Crnomarković,17329,1993-09-10,88.2,28,0,8992.46,101.96,1054.86,322.39,31.11,85.43,5.11,407.82,36.21,28.02,31.3,29.65,32.83,94.25,4.39,73.07,9.86,2.75,0.66,0.79,1.04,1.26,1.65,20.71,2.06,2.85
1173,Super Liga (RS),Lazar Randelović,L. Randelović,17344,1997-08-05,83.0,32,0,9823.56,118.36,1456.25,752.88,74.59,336.22,17.38,1089.09,91.97,30.19,31.76,31.81,33.8,104.59,7.34,87.41,17.78,5.72,0.62,0.62,2.25,1.15,1.16,47.69,1.9,2.62
1173,Super Liga (RS),Stefan Milošević,S. Milošević,17359,1995-04-07,82.29,25,0,8964.04,108.94,1211.52,528.44,50.0,176.76,10.36,705.2,60.36,28.7,30.58,30.14,32.33,94.92,6.76,77.56,13.56,4.88,0.59,0.71,1.44,1.34,1.37,33.92,1.92,2.55
1173,Super Liga (RS),Luka Bijelović,L. Bijelović,17385,2001-04-11,24.01,25,2,2842.96,118.41,460.64,220.64,20.16,90.84,4.4,311.48,24.56,29.32,31.86,30.17,33.37,31.48,2.88,25.84,5.08,2.16,0.62,0.62,1.2,1.26,1.55,14.36,1.95,2.8
1173,Super Liga (RS),Filip Holender,F. Holender,17506,1994-07-27,61.2,9,0,6937.44,113.35,983.44,401.78,39.44,134.78,7.89,536.56,47.33,29.23,30.44,30.78,32.67,72.0,3.78,57.78,11.78,3.22,0.72,0.76,1.89,1.33,1.54,22.11,2.01,2.79
1173,Super Liga (RS),Gboly Ariyibi,G. Ariyibi,18576,1995-01-18,72.26,15,0,7313.2,101.2,874.53,323.4,31.93,96.47,5.53,419.87,37.47,27.9,30.08,29.57,32.17,76.13,4.13,60.2,9.87,3.27,0.64,0.77,0.6,1.32,,20.87,2.2,2.77
1173,Super Liga (RS),Issah Abass,I. Abass,19170,1998-09-26,47.37,15,0,5003.33,105.63,638.4,271.27,31.07,110.0,6.4,381.27,37.47,29.23,30.36,30.31,31.83,54.53,5.27,41.6,10.87,3.53,0.63,0.63,1.07,1.17,1.2,26.33,2.08,2.71
1173,Super Liga (RS),Miloš Pantović,M. Pantović,19277,1996-07-07,50.21,17,1,6338.53,126.25,1124.82,406.29,33.06,110.71,5.76,517.0,38.82,27.45,29.48,28.98,31.23,60.29,2.29,50.59,6.0,1.35,0.75,0.77,0.29,1.56,,26.18,2.11,2.9
1173,Super Liga (RS),Elimane Franck Kanouté,F. Kanouté,19802,1998-12-13,74.63,22,0,7707.77,103.28,875.27,236.68,23.5,52.95,3.05,289.64,26.55,26.56,29.94,28.11,31.67,75.86,3.59,65.23,8.23,2.41,0.58,0.62,0.68,1.32,1.87,17.23,1.98,2.61
1173,Super Liga (RS),Žarko Udovičić,Ž. Udovičić,20127,1987-08-31,88.65,32,0,10299.09,116.18,1423.03,688.03,64.44,339.47,15.16,1027.5,79.59,30.08,31.3,31.55,32.87,106.94,7.22,91.25,14.56,5.41,0.62,0.65,1.97,1.28,1.37,30.91,1.87,2.48
1173,Super Liga (RS),Slobodan Simović,S. Simović,22132,1989-05-22,93.6,29,0,9278.76,99.13,1075.62,360.41,34.97,101.03,5.97,461.45,40.93,28.12,29.62,29.69,31.47,102.9,5.07,79.72,11.79,2.97,0.69,0.74,0.59,1.21,1.61,20.86,1.96,2.78
1173,Super Liga (RS),Aleksandar Lutovac,A. Lutovac,22904,1997-06-28,87.6,24,0,9469.92,108.1,1170.79,512.75,54.79,249.12,12.96,761.88,67.75,30.79,32.44,32.22,34.4,99.08,8.25,87.46,14.12,6.42,0.6,0.61,2.38,1.14,1.16,30.29,2.05,2.69
1173,Super Liga (RS),Ugo Bonnet,U. Bonnet,23086,1993-09-17,55.38,11,0,6582.09,118.86,1084.09,437.18,42.09,105.55,7.09,542.73,49.18,28.54,29.46,29.86,30.73,67.82,5.91,56.55,12.55,3.09,0.75,0.82,0.36,1.6,,42.09,1.89,2.79
1173,Super Liga (RS),Sarpreet Singh,S. Singh,23102,1999-02-20,63.05,15,0,7699.93,122.13,1246.87,437.67,40.33,88.73,5.67,526.4,46.0,27.43,29.34,28.93,31.3,76.47,3.67,66.67,8.73,2.47,0.73,0.78,0.53,1.44,,32.73,1.93,2.63
1173,Super Liga (RS),Nemanja Milunović,N. Milunović,23175,1989-05-31,78.86,8,1,8005.62,101.52,871.38,277.75,25.0,49.38,3.25,327.12,28.25,27.34,28.16,28.89,30.27,81.88,3.38,67.0,6.5,1.25,0.89,0.89,0.0,,,13.88,2.27,2.83
1173,Super Liga (RS),Aleksa Vukanović,A. Vukanović,23176,1992-06-18,71.35,33,0,7863.33,110.21,1024.39,437.85,44.88,166.64,9.27,604.48,54.15,29.13,31.86,30.66,33.57,82.18,5.03,67.58,12.12,2.76,0.72,0.74,1.3,1.25,1.52,31.94,1.89,3.02
1173,Super Liga (RS),Aleksandar Katai,A. Katai,23523,1991-02-06,76.93,29,0,7951.83,103.36,1000.1,481.31,47.66,186.69,10.03,668.0,57.69,29.51,31.46,31.09,33.4,84.66,5.48,68.41,15.66,3.86,0.68,0.71,1.24,1.34,1.37,30.03,2.03,2.65
1173,Super Liga (RS),Irfan Hadžić,I. Hadžić,23528,1993-06-15,32.69,29,0,3646.55,111.55,500.66,218.28,20.69,77.24,3.62,295.52,24.31,28.33,31.4,29.11,32.23,38.14,2.83,29.55,6.41,1.72,0.68,0.7,0.62,1.29,1.5,15.03,2.0,2.65
1173,Super Liga (RS),Miloš Vulić,M. Vulić,23898,1996-08-19,79.95,29,1,8990.76,112.45,1330.55,384.41,31.03,71.9,3.48,456.31,34.52,26.92,28.98,28.67,30.87,88.45,2.83,75.41,9.03,1.76,0.8,0.86,0.28,1.62,,24.83,1.97,2.71
1173,Super Liga (RS),Njegos Petrovic,N. Petrovic,23899,1999-07-18,84.25,32,0,9542.22,113.27,1357.44,353.03,34.84,80.78,4.53,433.81,39.38,27.81,30.6,29.89,33.13,90.22,3.0,75.31,7.44,1.59,0.61,0.65,0.44,1.32,1.72,25.91,1.84,2.69
1173,Super Liga (RS),Mihai Butean,M. Butean,24330,1996-09-14,39.93,9,0,4283.67,107.29,522.22,220.33,23.0,77.56,4.33,297.89,27.33,27.29,29.0,28.0,30.9,46.22,2.78,41.22,5.78,1.78,0.72,,0.44,,,14.22,2.24,2.87
1173,Super Liga (RS),Boubacari Doucouré,B. Doucouré,25038,1999-03-19,90.14,35,0,10569.63,117.26,1700.03,537.34,48.8,115.46,6.91,652.8,55.71,27.52,29.8,30.02,32.43,107.34,3.71,95.8,12.51,2.46,0.6,0.64,0.69,1.38,1.51,31.6,1.97,2.67
1173,Super Liga (RS),Ghayas Zahid,G. Zahid,25045,1994-09-08,24.51,10,1,2810.6,114.66,481.4,149.3,12.5,33.3,1.4,182.6,13.9,27.11,28.44,27.87,29.7,31.2,1.3,28.3,2.4,0.5,0.86,1.08,0.2,,,12.3,2.24,2.92
1173,Super Liga (RS),Moussa Sissako,M. Sissako,25060,2000-11-10,59.97,25,0,6144.92,102.47,719.4,193.16,20.16,50.16,2.8,243.32,22.96,27.05,30.4,28.46,32.27,60.28,2.56,52.84,5.64,1.96,0.63,0.63,0.72,1.22,1.24,12.28,2.05,2.98
1173,Super Liga (RS),Ismael Casas Casado,Ismael Casas,25619,2001-03-07,95.13,28,0,10620.71,111.64,1558.5,668.25,64.43,216.86,12.57,885.11,77.0,28.84,30.7,30.74,32.97,130.75,8.29,105.57,21.36,6.14,0.68,0.68,2.0,1.3,1.45,38.79,1.9,2.6
1173,Super Liga (RS),Iván Martos Campillo,Iván Martos,25836,1997-05-15,93.92,15,0,9609.8,102.32,1137.6,481.93,51.87,178.33,10.67,660.27,62.53,29.35,30.8,30.89,32.57,107.6,7.07,81.87,21.87,5.67,0.64,0.68,2.4,1.28,1.32,29.33,1.93,2.7
1173,Super Liga (RS),Rodrigo de Souza Prado,Rodrigão,27272,1995-09-11,86.49,21,0,8771.48,101.42,1126.1,366.33,35.48,109.1,6.05,475.43,41.52,28.86,30.52,30.67,32.93,101.48,4.62,80.76,10.33,3.67,0.64,0.67,1.1,1.31,1.34,19.57,1.96,2.86
1173,Super Liga (RS),Lucas Barros da Cunha,Lucas Barros,28249,1999-08-21,78.52,21,0,7835.9,99.79,973.19,441.1,47.57,198.9,11.0,640.0,58.57,30.39,32.08,31.7,33.33,86.95,7.24,73.1,12.71,5.67,0.6,0.62,2.43,1.08,1.17,25.62,1.89,2.65
1173,Super Liga (RS),Nemanja Milojević,N. Milojević,29011,1998-02-23,53.52,27,0,6534.85,122.09,969.52,348.63,29.63,95.0,4.63,443.63,34.26,28.38,31.8,29.78,33.57,62.93,2.41,55.89,6.37,1.67,0.68,0.7,0.41,1.3,1.46,17.93,1.85,2.71
1173,Super Liga (RS),Nikola Kuveljić,N. Kuveljić,29661,1997-04-06,80.26,13,1,10178.46,126.82,1805.15,501.15,44.08,119.54,5.92,620.69,50.0,27.85,29.42,30.18,32.37,106.08,3.85,88.31,14.62,2.31,0.74,0.75,0.15,,,33.08,1.86,2.78
1173,Super Liga (RS),Milan Radin,M. Radin,29669,1991-06-25,70.13,23,0,7720.48,110.09,992.04,300.78,27.35,56.13,3.17,356.91,30.52,27.14,29.2,28.81,31.83,72.52,2.43,60.87,8.22,1.52,0.68,0.76,0.22,1.48,,24.52,1.85,2.64
1173,Super Liga (RS),Alen Stevanović,A. Stevanović,29717,1991-01-07,17.58,1,0,2306.0,131.15,447.0,157.0,10.0,16.0,2.0,173.0,12.0,25.5,25.5,26.2,,26.0,2.0,20.0,4.0,2.0,,,2.0,,,8.0,,
1173,Super Liga (RS),Saša Jovanović,S. Jovanović,29785,1991-12-15,77.1,29,0,8387.24,108.79,999.83,508.24,56.72,214.17,13.62,722.41,70.34,29.77,31.84,31.3,33.4,89.38,8.07,77.0,14.76,6.17,0.6,0.62,2.07,1.18,1.24,39.24,1.75,2.74
1173,Super Liga (RS),Sylvester  Jasper,S. Jasper,29841,2001-09-13,81.46,32,0,8754.31,107.47,1323.53,607.72,60.97,226.09,12.38,833.81,73.34,29.61,32.22,31.28,34.07,96.75,7.97,77.16,18.41,5.75,0.61,0.64,1.72,1.15,1.3,41.25,1.87,2.58
1173,Super Liga (RS),Dragoljub Savić,D. Savić,29908,2001-04-25,58.96,35,0,6309.69,107.02,799.29,389.97,44.46,211.66,10.66,601.63,55.11,30.51,32.46,31.72,34.5,67.97,7.03,55.71,14.23,5.71,0.58,0.58,2.57,1.13,1.18,30.2,1.89,2.57
1173,Super Liga (RS),Felício Mendes João Milson,Milson,30277,1999-10-12,65.02,13,0,7087.85,109.01,1067.62,477.38,48.0,143.92,9.0,621.31,57.0,28.15,29.18,29.55,30.9,83.23,8.0,65.85,17.69,6.08,0.62,0.62,1.69,1.3,1.4,40.31,1.98,2.66
1173,Super Liga (RS),Paul Mbong,P. Mbong,31089,2001-09-02,41.68,5,0,5023.8,120.54,924.8,363.8,33.8,105.0,6.0,468.8,39.8,27.94,27.94,29.26,30.47,56.6,3.2,49.0,6.8,2.4,0.8,0.93,1.0,1.47,,20.0,2.45,2.94
1173,Super Liga (RS),Loué Bayéré Junior,L. Bayere,31402,2001-01-14,71.37,31,0,7151.55,100.2,796.94,447.26,52.32,228.52,13.52,675.77,65.84,30.81,33.54,32.16,35.43,74.16,10.77,65.03,14.65,8.68,0.54,0.55,3.61,1.01,1.09,32.55,1.79,2.6
1173,Super Liga (RS),Lincoln Corrêa dos Santos,Lincoln,31553,2000-12-16,68.05,15,1,7124.87,104.7,928.8,463.87,44.73,127.2,8.6,591.07,53.33,28.14,29.16,29.87,32.1,84.0,6.47,71.27,12.93,4.27,0.64,0.64,1.33,1.41,1.54,28.93,1.97,2.68
1173,Super Liga (RS),Ezequiel Santos da Silva,Ezequiel,31589,1998-03-09,74.86,12,1,8871.42,118.5,1395.0,597.67,58.67,200.58,11.5,798.25,70.17,29.53,30.72,31.28,33.1,100.75,9.08,83.75,17.5,6.75,0.64,0.66,2.08,1.21,1.47,38.25,2.04,2.53
1173,Super Liga (RS),Egor Prutsev,E. Prutsev,32162,2002-12-23,59.11,18,0,6964.28,117.82,1135.22,508.83,47.39,196.67,9.78,705.5,57.17,29.8,31.52,31.28,33.1,80.67,5.78,66.17,15.28,4.56,0.62,0.74,1.11,1.3,1.54,28.78,1.95,2.63
1173,Super Liga (RS),Stefan Milić,S. Milić,32169,2000-07-06,84.53,31,0,9060.42,107.19,1244.87,436.13,40.06,134.55,7.68,570.68,47.74,28.69,30.84,30.29,32.2,100.03,4.87,80.55,11.55,3.35,0.71,0.75,1.13,1.31,1.36,29.0,1.96,2.55
1173,Super Liga (RS),Baptiste Roux,B. Roux,32444,1999-11-26,85.84,25,0,9051.4,105.45,1127.16,373.04,32.48,83.88,5.12,456.92,37.6,27.58,29.14,29.02,30.8,97.48,4.24,78.6,9.16,2.64,0.7,0.76,0.56,1.55,1.84,23.2,2.06,2.71
1173,Super Liga (RS),Strahinja Eraković,S. Eraković,32533,2001-01-22,89.11,12,0,9649.17,108.29,1219.75,397.0,38.0,136.08,6.67,533.08,44.67,29.09,30.32,30.55,32.03,102.08,5.92,79.67,12.42,3.92,0.6,0.61,1.08,1.2,1.21,23.0,2.15,2.77
1173,Super Liga (RS),Yankuba Jarju,Y. Jarju,33160,1996-08-20,31.31,12,0,3515.58,112.28,544.33,235.25,24.58,101.08,5.58,336.33,30.17,29.0,31.68,30.07,33.17,34.08,3.33,27.0,6.08,2.42,0.62,0.67,0.92,1.27,,16.83,1.97,2.91
1173,Super Liga (RS),Antoine Batisse,A. Batisse,33163,1995-01-13,85.51,16,0,8863.19,103.65,1093.31,331.5,32.12,72.06,4.56,403.56,36.69,27.68,29.28,29.34,31.43,101.69,5.44,79.56,12.12,3.5,0.65,0.75,0.88,1.49,,23.88,2.19,2.76
1173,Super Liga (RS),Demba Seck,D. Seck,33380,2001-02-10,85.56,35,0,9614.83,112.38,1339.46,623.37,68.8,303.69,16.43,927.06,85.23,30.6,32.7,32.4,34.5,101.69,11.09,85.94,20.54,8.77,0.53,0.53,3.69,1.07,1.07,47.49,1.88,2.55
1173,Super Liga (RS),Slobodan Tedić,S. Tedić,33503,2000-04-13,89.22,35,1,9441.46,105.82,1146.11,513.6,53.49,151.23,9.57,664.83,63.06,28.52,31.04,30.05,32.47,100.03,8.0,79.91,18.66,4.83,0.65,0.72,1.0,1.39,1.41,37.29,1.81,2.66
1173,Super Liga (RS),Nikola Boranijašević,N. Boranijašević,33855,1992-05-19,72.31,16,1,8483.44,117.33,1280.19,495.25,45.56,138.81,7.81,634.06,53.38,28.08,30.06,29.52,32.07,95.06,5.06,81.38,15.19,3.38,0.67,0.69,0.94,1.42,,32.38,2.03,2.65
1173,Super Liga (RS),John Mary Honi Uzuegbunam,Honi Uzuegbunam,35066,1993-03-09,36.36,23,0,3499.43,96.24,402.35,196.57,21.04,82.78,4.74,279.35,25.78,29.1,31.76,30.05,33.3,39.22,3.91,32.13,7.78,2.52,0.67,0.75,1.22,1.22,1.36,12.09,2.12,2.88
1173,Super Liga (RS),Sambou Sissoko,S. Sissoko,35269,2000-06-29,90.41,30,2,10074.3,111.43,1465.5,537.43,48.23,137.17,7.63,674.6,55.87,27.95,31.02,29.91,32.63,102.93,4.03,89.93,13.73,2.57,0.64,0.66,0.77,1.28,1.58,32.0,1.99,2.73
1173,Super Liga (RS),José Daniel Mulato Palacios,J. Mulato,35848,2003-01-09,56.46,6,0,6181.5,109.49,876.83,404.17,43.17,175.17,9.83,579.33,53.0,30.18,30.48,31.7,32.1,74.17,7.83,62.0,14.0,6.5,0.71,0.76,3.0,1.37,1.46,27.5,2.02,2.83
1173,Super Liga (RS),António Pina Gomes,A. Gomes,35977,2000-08-29,37.73,5,0,4385.6,116.23,787.4,262.0,27.8,88.4,5.0,350.4,32.8,28.34,28.34,29.56,30.93,51.6,2.8,43.0,8.2,2.2,0.81,,0.8,1.64,,22.8,2.12,2.76
1173,Super Liga (RS),Milan Vukotić,M. Vukotić,37003,2002-10-05,86.8,35,0,9840.49,113.37,1761.11,702.69,58.29,157.63,8.89,860.31,67.17,27.73,29.26,29.58,31.3,116.0,4.46,98.46,15.09,3.03,0.74,0.87,0.89,1.46,1.82,49.54,1.84,2.63
1173,Super Liga (RS),Jovan Nišić,J. Nišić,37099,1998-03-03,56.07,13,0,6851.77,122.2,1359.31,437.85,33.15,70.31,3.77,508.15,36.92,26.88,28.7,28.6,30.9,73.31,2.23,63.23,7.69,1.54,0.78,0.88,0.23,1.77,,26.54,1.92,2.88
1173,Super Liga (RS),Miloš Pantović,M. Pantović,37105,2002-08-24,34.41,3,0,3739.0,108.67,450.33,170.33,22.0,58.33,4.33,228.67,26.33,29.37,29.37,30.5,30.5,38.33,3.0,32.0,6.33,2.67,0.76,0.93,0.33,,,15.33,2.57,
1173,Super Liga (RS),Miloš Šatara,M. Šatara,37122,1995-10-28,89.38,10,0,8547.2,95.63,932.1,241.6,20.6,39.5,2.3,281.1,22.9,26.65,28.06,28.23,29.93,92.1,3.8,75.3,8.3,2.3,0.81,0.89,0.2,,,17.6,2.11,3.1
1173,Super Liga (RS),Filip Zunić,F. Zunić,37125,2002-05-16,72.21,25,0,8753.0,121.22,1350.32,394.6,38.04,118.84,6.04,513.44,44.08,28.14,30.84,30.09,33.53,87.04,3.0,75.88,9.8,1.76,0.64,0.69,0.68,1.22,1.22,25.16,1.97,2.78
1173,Super Liga (RS),Bojica Nikčević,B. Nikčević,37134,2000-02-04,54.36,22,2,5859.68,107.79,734.59,292.5,31.86,123.91,6.91,416.41,38.77,29.38,32.64,30.52,33.73,62.86,4.59,53.09,9.95,3.32,0.68,0.76,1.27,1.2,1.41,20.5,1.95,2.66
1173,Super Liga (RS),Nikola Vukajlović,N. Vukajlović,37139,1996-05-13,71.27,24,0,7856.38,110.23,1020.96,417.08,39.96,142.71,7.79,559.79,47.75,28.77,30.7,30.11,32.03,84.67,4.17,72.75,11.21,2.29,0.72,0.76,0.67,1.44,1.45,22.0,2.06,2.82
1173,Super Liga (RS),Janko Tumbasević,J. Tumbasević,37159,1985-01-14,74.78,31,0,9107.0,121.79,1594.1,408.94,33.97,54.9,3.26,463.84,37.23,26.07,28.04,27.71,29.93,100.81,3.0,88.16,9.42,1.39,0.67,0.74,0.16,1.63,,29.71,1.94,2.68
1173,Super Liga (RS),Borko Duronjić,B. Duronjić,37173,1997-09-24,58.54,23,0,6529.48,111.54,877.57,373.78,37.48,158.39,8.09,532.17,45.57,29.23,31.24,30.54,33.07,66.87,4.7,51.87,11.3,3.3,0.66,0.66,1.3,1.29,1.32,23.78,1.95,2.78
1173,Super Liga (RS),Lazar Tufegdžić,L. Tufegdžić,37177,1997-02-22,49.3,22,1,6035.32,122.41,1017.82,413.27,35.41,86.73,5.41,500.0,40.82,27.25,29.28,28.56,30.4,64.91,3.55,53.41,9.18,2.91,0.67,0.67,0.68,1.46,1.51,24.23,2.09,2.84
1173,Super Liga (RS),Nemanja Krstić,N. Krstić,37198,1994-08-05,20.53,4,0,2323.25,113.15,430.5,140.25,10.25,17.5,1.0,157.75,11.25,25.52,25.52,26.82,27.47,25.5,1.25,19.5,3.25,0.75,,,0.0,,,7.25,,3.03
1173,Super Liga (RS),Stefan Vilotić,S. Vilotić,37468,1999-10-16,67.13,21,0,6715.29,100.03,795.76,298.19,29.43,71.86,4.57,370.05,34.0,27.63,30.12,28.9,31.73,74.67,4.81,62.1,12.43,3.05,0.63,0.72,0.67,1.23,,16.52,2.07,2.6
1173,Super Liga (RS),Kayque Luiz Pereira,Kayque,37903,2000-07-12,94.15,3,0,9851.67,104.64,1263.67,480.0,48.0,194.0,8.67,674.0,56.67,29.77,29.77,30.97,30.97,106.0,6.67,88.67,15.33,3.67,0.8,0.82,0.33,,,39.33,2.39,
1173,Super Liga (RS),Kwaku Bonsu Osei,B. Osei,38544,2000-08-17,72.33,30,2,7579.4,104.78,943.1,466.93,53.37,240.53,12.73,707.47,66.1,30.7,32.74,32.1,34.0,80.03,8.2,61.63,19.17,6.57,0.57,0.58,3.17,1.15,1.23,34.67,1.72,2.74
1173,Super Liga (RS),Ebenezer Isaac Annan,E. Annan,40823,2002-08-21,16.82,1,0,1868.0,111.08,285.0,140.0,13.0,91.0,4.0,231.0,17.0,32.9,32.9,33.0,,20.0,2.0,16.0,4.0,2.0,,,2.0,,,6.0,,
1173,Super Liga (RS),Lazar Mijović,L. Mijović,46130,2003-03-12,50.07,12,0,5634.33,112.52,822.33,386.17,36.42,132.75,7.17,518.92,43.58,28.93,30.8,30.18,32.53,59.75,4.75,46.92,11.92,3.58,0.67,0.71,0.83,1.36,1.7,27.42,2.02,2.53
1173,Super Liga (RS),Aleksandar Pejović,A. Pejović,46171,1990-12-28,66.57,28,1,7999.46,120.17,1462.0,355.29,28.18,39.46,2.32,394.75,30.5,25.36,28.4,27.25,30.5,75.68,2.46,60.21,8.43,0.82,0.75,,0.0,,,24.32,1.79,2.77
1173,Super Liga (RS),Petar Bojić,P. Bojić,49411,1991-09-04,65.59,30,0,7087.43,108.05,860.93,322.93,33.77,93.0,5.93,415.93,39.7,27.83,29.88,29.2,31.53,77.83,6.5,65.13,12.63,4.23,0.61,0.71,1.0,1.36,1.44,22.63,2.04,2.77
1173,Super Liga (RS),Nikola Andrič,N. Andrič,49412,1992-05-23,82.01,24,0,8624.67,105.16,1041.29,432.46,41.71,140.42,7.62,572.88,49.33,28.55,30.32,30.1,32.33,98.38,5.58,84.38,13.38,4.17,0.64,0.69,0.92,1.29,1.33,23.54,2.07,2.68
1173,Super Liga (RS),Arandjel Stojković,A. Stojković,49414,1995-03-02,54.81,15,1,5871.07,107.11,794.07,306.93,24.93,63.6,3.13,370.53,28.07,26.77,28.62,28.11,30.23,64.8,3.27,53.0,10.0,2.0,0.76,0.83,0.27,,,17.67,2.11,2.77
1173,Super Liga (RS),Radivoj Bosić,R. Bosić,49675,2000-12-01,81.06,32,0,8809.25,108.67,1146.56,626.53,68.41,332.81,16.84,959.34,85.25,30.48,32.12,31.76,33.7,95.47,8.81,76.31,20.28,7.0,0.58,0.6,2.75,1.16,1.16,43.03,1.83,2.64
1173,Super Liga (RS),Timi Max Elšnik,T. Elšnik,49677,1998-04-29,73.3,27,0,8605.89,117.41,1342.15,466.96,43.52,145.81,7.93,612.78,51.44,29.02,31.4,30.89,33.63,91.26,4.15,78.85,11.26,2.7,0.63,0.65,0.85,1.19,1.19,34.11,1.78,2.55
1173,Super Liga (RS),Issa Bah,I. Bah,49745,2002-07-05,64.88,18,0,6761.44,104.21,843.56,436.44,46.61,203.67,10.17,640.11,56.78,29.9,31.54,31.28,33.0,70.56,5.67,56.06,12.56,4.5,0.62,0.69,1.56,1.24,1.37,27.5,1.83,2.58
1173,Super Liga (RS),Igor Ivanović,I. Ivanović,50067,1997-07-28,51.2,6,0,5382.5,105.13,768.67,309.0,29.33,109.83,5.67,418.83,35.0,27.68,28.38,29.1,30.73,57.67,5.0,46.17,9.17,3.33,0.75,0.81,0.83,,,26.17,1.98,3.05
1173,Super Liga (RS),Haris Hajdarević,H. Hajdarević,57215,1998-10-07,72.79,35,0,8588.23,117.99,1379.4,405.0,36.49,74.89,4.34,479.89,40.83,27.31,29.72,29.23,31.53,78.03,4.31,64.66,8.57,2.57,0.61,0.71,0.51,1.4,1.43,32.14,1.84,2.7
1173,Super Liga (RS),Abdul Razak Yusif,A. Yusif,58654,2001-08-09,70.45,19,0,7945.37,112.79,1157.16,524.95,51.37,206.37,11.26,731.32,62.63,29.13,30.36,30.66,32.27,92.21,7.47,77.16,15.63,5.42,0.58,0.62,1.84,1.12,1.26,34.32,1.91,2.63
1173,Super Liga (RS),Aleksandar Cvetković,A. Cvetković,59891,1995-06-04,57.98,1,0,6178.0,106.55,729.0,268.0,25.0,71.0,5.0,339.0,30.0,31.3,31.3,32.6,,80.0,5.0,65.0,7.0,3.0,,,2.0,,,15.0,,
1173,Super Liga (RS),Edmund Addo,E. Addo,60647,2000-05-17,71.57,19,1,7737.47,108.11,1081.79,306.0,28.26,60.11,3.16,366.11,31.42,27.03,29.18,28.96,31.43,74.79,2.84,65.47,8.79,1.26,0.59,0.67,0.21,1.48,,20.68,2.05,2.97
1173,Super Liga (RS),Bubacar Boi Djaló,B. Djaló,60818,1997-02-02,42.46,3,0,5173.0,121.85,798.33,244.0,21.67,62.33,3.0,306.33,24.67,28.4,28.4,29.67,29.67,48.0,1.0,43.33,5.0,0.67,,,0.33,,,14.33,2.39,
1173,Super Liga (RS),Tomás Romano Pereira dos Santos Händel,Tomás Händel,61681,2000-11-27,56.08,26,1,6727.31,119.97,1281.54,367.23,31.38,62.5,3.88,429.73,35.27,26.83,29.02,28.46,30.87,82.08,2.73,69.46,9.46,1.62,0.71,0.79,0.27,1.54,1.75,25.65,1.92,2.85
1173,Super Liga (RS),Mohamed Cissé,M. Cissé,61721,2001-04-26,76.8,13,0,8542.46,111.22,1206.92,579.23,62.31,224.38,13.77,803.62,76.08,30.11,31.42,31.74,33.23,86.69,10.31,68.08,20.15,8.0,0.56,0.59,3.08,1.09,1.17,44.15,1.86,2.64
1173,Super Liga (RS),Vieiri Kotzebue,V. Kotzebue,61740,2002-08-31,53.42,16,0,6100.25,114.19,881.25,401.94,41.5,130.5,8.25,532.44,49.75,29.09,31.16,30.64,33.23,70.06,5.75,59.0,11.62,4.75,0.66,0.71,1.31,1.4,1.64,30.0,1.94,2.79
1173,Super Liga (RS),Ayouba Kosiah,A. Kosiah,61741,2001-07-22,45.63,10,0,5101.1,111.8,717.2,316.9,34.1,140.6,7.8,457.5,41.9,29.29,29.92,30.41,31.37,58.0,5.0,45.5,9.2,3.7,0.66,0.74,1.1,1.34,1.42,18.9,1.95,3.11
1173,Super Liga (RS),Charly Keita,C. Keita,63428,1999-06-16,58.39,22,1,5863.64,100.42,633.09,262.09,28.95,88.09,5.45,350.18,34.41,28.48,31.46,30.05,33.23,63.77,4.59,53.09,9.0,3.14,0.64,0.65,1.09,1.16,1.49,18.55,1.88,2.79
1173,Super Liga (RS),Uroš Kabić,U. Kabić,64253,2004-01-01,48.11,24,2,5536.71,115.09,853.33,464.12,44.12,188.75,10.08,652.88,54.21,29.18,31.6,30.4,33.4,59.21,5.5,46.33,11.71,4.38,0.65,0.68,1.96,1.17,1.28,22.79,1.94,2.63
1173,Super Liga (RS),Igor Jeličić,I. Jeličić,64255,2000-02-28,41.12,3,0,4349.67,105.77,489.0,168.0,15.0,44.33,2.33,212.33,17.33,28.23,28.23,28.97,28.97,49.0,1.67,40.0,5.67,0.67,,,0.0,,,13.0,2.6,
1173,Super Liga (RS),Vladimir Miletić,V. Miletić,64260,2003-03-05,73.71,24,1,8964.96,121.63,1395.5,529.33,51.79,152.75,9.83,682.08,61.62,28.54,30.72,30.23,32.83,98.25,5.0,80.46,15.0,3.62,0.59,0.75,0.88,1.28,1.51,47.62,1.77,2.48
1173,Super Liga (RS),Nebojša Bastajić,N. Bastajić,64261,1990-08-20,70.3,23,1,7996.09,113.74,1127.26,432.65,39.91,103.04,6.52,535.7,46.43,27.77,29.84,29.65,32.1,79.39,4.7,66.13,12.83,3.3,0.68,0.71,0.91,1.25,1.39,31.43,1.93,2.66
1173,Super Liga (RS),Mehmed Ćosić,M. Ćosić,64297,1997-06-25,66.97,24,0,7374.29,110.12,1008.79,441.83,42.88,159.38,8.38,601.21,51.25,28.4,30.5,29.57,31.33,81.46,5.0,66.62,13.33,3.62,0.56,0.61,1.25,1.22,1.41,29.04,1.83,2.67
1173,Super Liga (RS),Marko Docić,M. Docić,64387,1993-04-21,72.82,24,1,8782.04,120.6,1490.29,474.75,38.92,67.29,4.46,542.04,43.38,26.12,27.72,28.15,30.47,86.46,2.17,75.92,10.58,1.33,0.77,0.84,0.25,1.4,,32.04,1.82,2.69
1173,Super Liga (RS),Stefan Šapić,S. Šapić,64388,1997-02-26,93.87,13,0,9136.38,97.33,943.54,342.15,33.69,89.08,5.46,431.23,39.15,28.29,29.52,29.76,31.33,100.23,4.23,80.08,10.92,2.77,0.87,0.88,0.38,1.78,,19.38,2.03,2.82
1173,Super Liga (RS),Miljan Ilić,M. Ilić,64710,1993-05-23,90.21,31,0,9675.52,107.25,1214.74,479.29,51.42,196.13,11.06,675.42,62.48,30.0,31.7,31.63,33.8,98.71,7.03,81.71,15.97,5.58,0.58,0.61,2.23,1.15,1.23,29.42,1.81,2.58
1173,Super Liga (RS),Milan Mitrović,M. Mitrović,64712,1988-07-02,78.56,19,0,7849.05,99.92,974.05,288.32,27.95,79.95,4.26,368.26,32.21,28.03,30.7,29.5,32.67,87.32,3.53,66.37,9.37,1.63,0.72,1.05,0.11,,,18.16,2.06,2.94
1173,Super Liga (RS),Sava Petrov,S. Petrov,64751,1998-06-18,39.51,17,0,4504.47,114.02,641.53,290.41,29.41,119.88,6.82,410.29,36.24,29.21,31.58,30.25,32.93,46.76,3.18,38.53,6.29,2.24,0.64,0.73,0.88,1.26,1.35,18.76,2.11,2.8
1173,Super Liga (RS),Bamidele Yusuf,D. Yusuf,65367,2001-02-22,98.22,5,0,9665.6,98.41,1014.0,485.2,60.4,307.6,15.2,792.8,75.6,31.42,31.42,32.74,33.23,94.4,8.2,78.2,20.2,6.8,0.67,0.72,2.0,1.27,,34.4,2.23,
1173,Super Liga (RS),Jérémy Manzorro,J. Manzorro,66247,1991-11-11,33.7,1,0,3735.0,110.83,557.0,173.0,15.0,9.0,0.0,182.0,15.0,24.8,24.8,26.4,,38.0,3.0,35.0,5.0,2.0,,,0.0,,,4.0,,
1173,Super Liga (RS),Stefan Bukorac,S. Bukorac,67309,1991-02-15,82.4,27,1,8367.19,101.55,917.07,295.19,27.04,74.63,4.15,369.81,31.19,27.49,29.38,28.87,30.53,90.48,3.56,73.04,8.85,2.52,0.68,0.73,0.81,1.51,1.59,18.56,2.04,2.84
1173,Super Liga (RS),Dognimani Yacouba Silue,D. Silue,67334,2002-01-01,79.5,15,1,8706.0,109.51,1175.0,592.53,61.93,242.93,14.4,835.47,76.33,29.92,31.42,31.57,33.1,90.93,6.6,74.47,14.27,5.07,0.65,0.7,1.73,1.3,2.05,40.27,2.02,2.65
1173,Super Liga (RS),Nemanja Belaković,N. Belaković,67822,1997-01-08,62.41,10,0,6694.1,107.27,871.2,446.9,48.9,223.4,12.2,670.3,61.1,30.11,31.02,31.13,32.6,72.8,6.8,60.1,15.5,4.8,0.63,0.7,1.6,1.38,2.11,31.0,1.8,2.94
1173,Super Liga (RS),Wajdi Sahli,W. Sahli,67824,1997-04-17,74.4,24,0,8343.0,112.13,1278.46,500.12,46.21,141.21,7.38,641.33,53.58,28.65,30.92,30.33,32.5,91.38,4.62,77.5,13.92,3.17,0.72,0.76,0.92,1.38,1.57,31.62,1.9,2.69
1173,Super Liga (RS),Slobodan Medojević,S. Medojević,67829,1990-10-20,41.01,14,0,4962.29,121.01,825.93,230.36,19.86,31.0,1.86,261.36,21.71,25.89,27.86,27.16,29.7,49.93,2.29,44.79,5.07,1.29,0.8,0.84,0.36,2.0,2.09,18.71,2.1,2.89
1173,Super Liga (RS),Andrija Majdevac,A. Majdevac,67835,1997-08-07,85.69,29,0,8556.86,99.86,969.66,346.45,36.69,100.48,6.0,446.93,42.69,28.34,30.38,30.13,32.5,86.14,5.59,74.21,12.72,3.41,0.62,0.63,0.93,1.25,1.54,24.21,1.91,2.67
1173,Super Liga (RS),Aleksandr  Shestyuk,A. Shestyuk,68373,2002-06-05,71.5,14,0,8592.21,120.17,1290.93,601.93,62.0,180.57,12.36,782.5,74.36,28.33,29.18,29.96,30.87,95.71,8.29,74.93,20.14,6.07,0.6,0.62,1.79,1.35,1.38,36.93,1.93,2.85
1173,Super Liga (RS),Franklin Tebo Uchenna,F. Tebo,68558,2000-01-15,66.72,16,0,7024.62,105.29,924.56,328.25,32.44,123.56,6.75,451.81,39.19,30.02,31.6,31.31,33.03,84.94,5.31,65.88,13.62,3.88,0.59,0.64,1.44,1.11,1.25,22.25,1.79,2.87
1173,Super Liga (RS),Alfa Mussá Baldé,Alfa Baldé,69028,2005-02-02,55.06,30,1,6545.03,118.88,1099.73,512.9,47.67,168.5,9.47,681.4,57.13,29.09,31.14,30.53,32.8,73.67,6.83,60.17,13.83,5.47,0.59,0.59,1.73,1.2,1.22,37.3,1.83,2.5
1173,Super Liga (RS),Prestige Mboungou,P. Mboungou,72947,2000-07-10,46.3,24,0,4646.83,100.35,562.12,205.83,23.29,66.29,4.62,272.12,27.92,28.15,30.3,29.33,31.53,50.79,3.79,40.88,8.83,2.71,0.67,0.69,1.0,1.34,1.69,16.0,2.02,2.72
1173,Super Liga (RS),Mihailo Oreščanin,M. Oreščanin,73041,1997-09-07,80.02,30,0,8908.9,111.33,1139.63,361.33,35.27,97.5,6.2,458.83,41.47,27.26,29.32,28.84,31.63,100.97,4.63,81.4,11.17,2.57,0.69,0.76,0.77,1.4,1.46,29.27,1.83,2.8
1173,Super Liga (RS),Nikola Bogdanovski,N. Bogdanovski,73042,1999-01-25,55.43,28,1,6406.93,115.59,978.43,435.93,40.57,139.43,7.82,575.36,48.39,28.77,30.88,30.29,32.93,73.64,5.5,60.21,13.29,3.93,0.63,0.64,1.57,1.27,1.42,23.04,1.87,2.7
1173,Super Liga (RS),Ranko Jokić,R. Jokić,73044,1999-04-22,77.05,13,0,7908.92,102.64,981.62,320.62,29.15,82.77,4.46,403.38,33.62,26.94,29.06,28.48,31.03,85.23,3.62,67.31,9.69,1.92,0.82,1.04,0.23,,,19.62,1.99,2.8
1173,Super Liga (RS),Miloš Spasić,M. Spasić,73049,1997-07-29,83.38,32,0,9609.12,115.25,1385.28,647.5,65.25,279.5,14.62,927.0,79.88,30.12,31.84,31.81,33.57,97.12,5.97,81.62,14.47,4.41,0.63,0.73,1.5,1.26,1.46,42.69,1.75,2.62
1173,Super Liga (RS),Uroš Stojanović,U. Stojanović,73050,1995-08-23,87.0,25,2,9430.76,108.4,1324.76,551.52,51.72,167.44,10.28,718.96,62.0,28.38,30.12,29.98,31.77,106.16,7.2,87.0,15.68,5.28,0.62,0.68,1.56,1.29,1.39,29.48,1.93,2.64
1173,Super Liga (RS),Nemanja Krsmanović,N. Krsmanović,73053,2003-05-09,72.75,25,2,8265.52,113.62,1153.96,465.88,44.52,145.24,8.28,611.12,52.8,28.57,30.34,29.96,32.2,91.24,5.16,75.84,13.92,3.8,0.64,0.65,1.28,1.35,1.39,27.56,1.92,2.66
1173,Super Liga (RS),Abdoulaye Cissé,A. Cissé,73057,1996-02-13,91.27,16,0,10242.19,112.22,1440.06,474.56,44.31,113.19,6.81,587.75,51.12,28.01,30.02,30.14,32.3,107.31,5.25,94.31,13.12,3.25,0.68,0.7,0.94,1.34,1.64,31.56,2.02,2.84
1173,Super Liga (RS),Miloš Mijić,M. Mijić,73059,1989-11-01,15.23,1,0,1559.0,102.34,307.0,102.0,9.0,34.0,2.0,136.0,11.0,28.2,28.2,28.8,,21.0,0.0,14.0,3.0,0.0,,,0.0,,,12.0,,
1173,Super Liga (RS),Uros Blagojević,U. Blagojević,73062,2002-03-21,40.15,7,0,4589.43,114.31,596.86,279.57,23.57,92.43,5.29,372.0,28.86,28.6,29.38,29.57,31.6,45.71,2.86,37.43,6.86,0.86,0.87,,0.29,,,13.57,2.32,
1173,Super Liga (RS),Nikola Srećković,N. Srećković,73068,1996-04-26,53.53,24,0,6059.79,113.21,973.54,376.96,34.46,97.62,5.75,474.58,40.21,27.88,30.62,29.5,32.53,68.0,3.79,56.42,11.5,2.96,0.55,0.55,0.75,1.4,1.44,22.5,1.92,2.63
1173,Super Liga (RS),Stefan Cvetković,S. Cvetković,73076,1998-01-12,34.19,17,0,3708.41,108.46,440.82,192.12,23.41,128.24,6.0,320.35,29.41,30.96,32.44,31.59,33.27,36.53,3.82,29.94,7.47,2.59,0.6,0.71,1.59,1.11,1.35,13.41,2.22,2.8
1173,Super Liga (RS),Nikola Leković,N. Leković,73100,1989-12-19,96.86,4,0,10484.5,108.25,1233.5,501.0,44.25,112.75,8.0,613.75,52.25,27.02,27.02,29.0,29.2,112.25,10.25,103.5,15.0,6.75,0.82,0.83,1.25,1.71,1.79,34.25,2.18,2.93
1173,Super Liga (RS),Aleksandar  Trajković,A. Trajković,73103,2007-01-23,50.16,24,1,5824.83,116.14,898.25,371.29,34.25,118.46,5.79,489.75,40.04,29.04,30.88,30.39,32.53,63.46,3.62,54.58,9.29,2.54,0.62,0.63,1.04,1.28,1.34,21.42,1.89,2.61
1173,Super Liga (RS),Mateja Zuvić,M. Zuvić,73105,2000-02-13,33.48,13,0,3842.23,114.75,636.54,242.46,23.08,91.77,4.23,334.23,27.31,29.42,31.2,30.21,32.43,41.46,2.69,32.85,7.69,1.08,0.72,0.95,0.38,1.79,,13.62,2.35,2.87
1173,Super Liga (RS),Jovan Marinković,J. Marinković,73110,1996-09-12,87.47,30,0,9134.3,104.43,1128.6,419.17,42.3,126.7,7.73,545.87,50.03,28.49,30.68,30.17,32.47,99.57,6.33,78.37,13.0,4.1,0.61,0.71,1.0,1.28,1.42,29.5,1.92,2.74
1173,Super Liga (RS),Young-Woo Seol,Seol Young-Woo,73542,1998-12-05,93.06,29,0,10476.48,112.58,1514.86,664.17,65.21,264.9,14.48,929.07,79.69,29.59,31.4,31.12,33.43,106.38,9.31,92.41,19.86,7.28,0.57,0.57,2.52,1.11,1.16,42.17,1.75,2.54
1173,Super Liga (RS),Numan Kurdić,N. Kurdić,90379,1999-07-01,99.26,2,0,9874.5,99.48,1138.0,425.5,38.5,103.5,5.5,529.0,44.0,29.05,29.05,31.0,,105.5,5.0,85.5,10.5,4.5,,,1.0,,,25.0,,
1173,Super Liga (RS),Luka Stankovski,L. Stankovski,113475,2002-09-02,27.33,12,0,3198.08,117.02,521.58,200.08,18.0,40.0,2.58,240.08,20.58,27.36,28.68,28.44,30.07,34.08,1.5,28.17,3.92,0.83,0.87,0.87,0.17,,,11.67,2.27,2.92
1173,Super Liga (RS),Vukašin Krstić,V. Krstić,117595,2003-04-13,77.68,23,0,8084.96,104.08,938.57,345.57,35.74,110.35,6.61,455.91,42.35,29.4,31.32,30.82,32.83,89.78,5.22,71.96,11.74,3.09,0.67,0.69,0.96,1.35,1.47,21.91,1.97,2.64
1173,Super Liga (RS),Marko Mijailović,M. Mijailović,117598,1997-08-14,72.91,31,0,7444.32,102.11,951.68,448.29,42.77,176.65,8.9,624.94,51.68,29.32,31.2,30.51,32.57,81.42,5.16,66.94,13.61,4.0,0.65,0.67,1.19,1.31,1.41,21.9,1.92,2.64
1173,Super Liga (RS),Taylor Wouter,T. Wouter,123148,2002-07-16,40.09,10,0,4354.8,108.61,607.7,317.8,36.5,183.4,8.8,501.2,45.3,31.23,32.36,32.06,33.57,48.3,6.4,34.5,13.4,4.7,0.6,0.66,2.3,1.17,1.7,27.9,1.91,2.81
1173,Super Liga (RS),Jay Ifeanyi-Junior Enem,J. Enem,128539,2003-03-11,59.98,26,1,6177.77,103.0,697.88,357.19,40.31,192.92,9.81,550.12,50.12,31.37,32.94,32.52,34.43,67.04,6.85,56.35,12.92,5.15,0.56,0.6,2.46,1.15,1.21,19.69,2.18,2.83
1173,Super Liga (RS),Nikola Stanković,N. Stanković,131436,2003-04-24,80.59,12,0,9083.67,112.72,1321.25,560.5,57.5,250.67,13.58,811.17,71.08,30.17,31.08,31.92,33.1,99.08,7.58,83.67,17.25,5.92,0.62,0.65,2.42,1.29,1.49,30.83,1.94,2.84
1173,Super Liga (RS),Vladimir Prijović,V. Prijović,141050,2002-06-26,100.39,2,0,10742.0,107.0,1420.5,621.0,49.5,122.0,7.5,743.0,57.0,28.45,28.45,30.3,,113.5,7.5,96.0,17.5,5.5,,,3.5,,,30.5,,
1173,Super Liga (RS),Benjamin Acquah,B. Acquah,153826,2000-12-29,43.69,12,1,5129.5,117.42,800.33,280.5,29.25,80.5,4.67,361.0,33.92,27.67,29.36,28.89,30.93,54.58,3.92,46.42,8.33,2.92,0.74,0.79,0.83,1.56,1.75,24.75,1.95,2.83
1173,Super Liga (RS),Kristian Šekularac,K. Šekularac,154045,2003-12-07,68.16,10,0,8853.4,129.89,1806.4,678.7,54.3,114.6,7.1,793.3,61.4,27.26,27.96,29.56,30.9,95.2,3.8,78.8,11.0,2.3,0.8,0.85,0.5,1.63,,43.4,1.87,2.78
1173,Super Liga (RS),Driton Camaj,D. Camaj,163884,1997-03-07,88.29,17,0,9406.24,106.54,1246.29,594.35,60.18,247.47,13.53,841.82,73.71,29.55,30.86,31.26,32.73,97.88,7.82,77.24,18.94,5.71,0.67,0.73,1.94,1.38,1.44,42.24,1.87,2.62
1173,Super Liga (RS),Kilian Bevis,K. Bevis,164785,1998-02-13,94.49,18,0,10928.83,115.67,1668.94,781.83,78.33,328.83,17.67,1110.67,96.0,29.71,30.86,31.57,33.13,114.06,8.67,92.72,19.28,6.39,0.63,0.67,1.83,1.31,1.47,55.89,1.88,2.53
1173,Super Liga (RS),Darko Gojković,D. Gojković,164794,1988-09-26,55.63,2,1,5580.0,100.3,728.5,211.5,22.0,51.5,3.5,263.0,25.5,27.6,27.6,28.4,,69.0,2.0,56.5,6.5,0.0,,,0.0,,,14.5,,
1173,Super Liga (RS),Mateja Milovanović ,M. Milovanović,166641,2004-04-18,55.14,12,0,6051.92,109.76,768.5,319.0,34.75,131.5,7.17,450.5,41.92,28.07,29.94,29.2,31.63,67.25,3.92,56.42,12.83,2.75,0.72,0.83,0.83,1.37,1.55,19.17,2.06,2.73
1173,Super Liga (RS),Vando Baifas Félix,Vando Félix,166680,2002-09-03,31.73,8,0,3535.25,111.42,495.75,265.88,28.38,128.62,7.5,394.5,35.88,30.31,31.24,31.1,32.67,41.5,4.88,32.0,8.12,3.75,0.63,0.67,1.38,1.21,1.28,16.25,2.43,2.88
1173,Super Liga (RS),Nikola Knezević,N. Knezević,167204,2003-03-10,56.05,18,1,6608.89,117.92,1004.94,397.67,38.22,122.17,6.61,519.83,44.83,28.17,30.1,29.39,31.97,66.94,3.67,56.0,8.89,2.5,0.72,0.73,0.78,1.34,1.49,24.61,2.1,2.78
1173,Super Liga (RS),Stefan Leković,S. Leković,167206,2004-01-09,88.99,14,0,8805.43,98.95,1003.64,335.93,28.57,68.93,4.43,404.86,33.0,27.46,28.68,29.19,30.8,92.14,4.07,74.21,9.43,1.64,0.78,0.89,0.29,1.46,,18.36,2.19,2.83
1173,Super Liga (RS),Uroš Lazić,U. Lazić,167207,2003-03-15,52.98,16,1,5804.81,109.58,759.12,329.69,32.69,138.81,7.25,468.5,39.94,28.77,30.88,29.96,32.33,58.31,4.44,48.56,10.31,3.06,0.62,0.73,1.31,1.2,,18.38,1.98,2.76
1173,Super Liga (RS),Dario Grgić,D. Grgić,167211,2003-03-16,57.75,13,0,7022.0,121.59,1242.31,474.69,39.62,95.23,5.62,569.92,45.23,27.77,29.38,29.6,32.1,72.31,3.31,61.69,10.38,2.23,0.67,0.71,0.46,1.59,,30.62,1.76,2.93
1173,Super Liga (RS),Collins Lusaka Sichenje,C. Sichenje,167622,2003-09-19,97.18,17,0,9599.94,98.79,1081.65,369.12,41.24,140.65,8.47,509.76,49.71,29.45,31.02,31.43,32.87,112.71,5.94,86.12,13.18,4.65,0.59,0.66,1.47,1.27,1.6,24.59,2.03,2.62
1173,Super Liga (RS),Matija Malekinusić,M. Malekinusić,170495,1999-01-27,77.47,17,0,8667.12,111.87,1309.76,548.35,55.24,195.18,10.29,743.53,65.53,29.57,31.44,31.43,33.87,92.53,7.0,73.88,18.59,4.47,0.71,0.71,1.18,1.29,,44.41,1.91,2.54
1173,Super Liga (RS),Uroš Ignjatović,U. Ignjatović,170709,2001-02-18,76.58,25,1,8252.84,107.76,1095.72,470.2,43.92,144.12,8.64,614.32,52.56,29.01,31.5,30.54,32.9,92.32,5.72,77.52,15.36,4.52,0.6,0.62,1.56,1.1,1.24,24.88,1.88,2.72
1173,Super Liga (RS),Samson Iyede Onomigho,S. Iyede,173057,1998-01-28,52.07,5,0,5430.0,104.28,780.2,341.8,34.4,63.0,5.4,404.8,39.8,28.4,28.4,30.08,31.0,62.2,4.2,50.8,13.0,3.4,0.8,,0.6,,,17.2,2.32,
1173,Super Liga (RS),Sandro Trémoulet,S. Trémoulet,174798,1999-11-18,97.13,31,0,9767.94,100.56,1141.71,375.81,36.68,132.71,6.94,508.52,43.61,29.03,31.58,30.52,32.93,106.45,5.61,81.16,10.94,3.84,0.61,0.66,0.94,1.26,1.43,24.65,1.91,2.8
1173,Super Liga (RS),Stefan Tomović,S. Tomović,178346,2001-10-14,91.46,30,1,10894.47,119.11,1651.17,670.6,59.9,185.57,10.07,856.17,69.97,28.07,29.72,30.0,31.6,114.6,5.0,94.43,15.23,3.7,0.63,0.73,0.9,1.4,1.48,40.37,1.94,2.86
1173,Super Liga (RS),Dušan Pantelić,D. Pantelić,178771,1993-04-15,43.62,22,0,4958.59,113.68,806.41,233.05,23.05,59.86,3.23,292.91,26.27,27.3,30.28,28.65,31.9,55.68,2.55,46.82,7.5,1.5,0.69,0.72,0.59,1.35,1.47,15.82,2.0,2.86
1173,Super Liga (RS),Lazar Zličić,L. Zličić,178777,1997-02-07,49.57,14,0,5598.64,112.94,872.21,246.43,21.5,41.71,2.21,288.14,23.71,26.24,27.96,27.57,29.73,60.93,1.93,52.5,6.93,0.79,0.63,0.63,0.21,1.92,,19.29,2.03,2.8
1173,Super Liga (RS),Ibrahim Mustapha,I. Mustapha,178838,2000-06-18,42.79,24,0,4575.04,106.91,649.33,277.58,27.5,93.38,5.21,370.96,32.71,28.0,30.82,29.2,32.73,48.08,4.21,40.12,7.46,3.08,0.65,0.7,0.88,1.52,1.55,20.46,1.76,2.76
1173,Super Liga (RS),Mihajlo Petković,M. Petković,178860,2004-05-27,58.08,27,1,6447.52,111.01,962.7,412.26,39.11,131.78,7.63,544.04,46.74,28.91,32.28,30.29,33.57,65.56,3.7,56.04,10.07,2.93,0.69,0.71,0.63,1.33,1.33,23.74,1.94,2.64
1173,Super Liga (RS),Vladimir Lučić,V. Lučić,179084,2002-06-28,57.88,20,1,6894.2,119.11,1050.2,456.35,44.8,173.5,9.65,629.85,54.45,29.27,30.68,30.73,32.07,66.45,4.85,55.05,11.5,3.5,0.64,0.72,1.35,1.21,1.43,32.0,1.86,2.73
1173,Super Liga (RS),Jovan Manev,J. Manev,180070,2001-01-25,70.46,12,0,7165.67,101.69,903.58,348.58,32.58,117.83,6.0,466.42,38.58,29.35,31.0,30.61,32.73,84.33,5.5,66.58,11.33,3.83,0.69,0.73,1.08,1.4,,20.08,2.28,2.72
1173,Super Liga (RS),Shavy Warren Babicka,S. Babicka,180789,2000-06-01,35.27,2,0,3445.0,97.66,429.0,200.5,27.5,150.5,7.5,351.0,35.0,30.2,30.2,30.75,,46.5,6.5,34.0,10.0,4.5,,,3.0,,,16.0,,
1173,Super Liga (RS),Vicky Kiankaulua,V. Kiankaulua,255701,2001-08-03,40.43,22,0,4445.5,109.95,583.73,273.23,29.36,138.05,7.05,411.27,36.41,30.62,33.06,31.63,34.37,48.82,4.23,37.05,10.36,3.59,0.65,0.65,1.18,1.15,1.21,20.59,2.01,2.57
1173,Super Liga (RS),Martin Novaković,M. Novaković,269446,2001-01-05,62.89,25,0,8064.48,128.23,1734.88,542.04,43.52,69.64,4.92,611.68,48.44,26.33,28.54,28.33,30.27,81.44,3.44,71.92,9.36,1.84,0.64,0.67,0.48,1.45,1.56,43.88,1.8,2.76
1173,Super Liga (RS),Mbouri Basile Yamkam,M. Yamkam,269447,1998-01-02,82.09,15,0,8361.0,101.85,987.73,403.6,38.67,123.47,7.47,527.07,46.13,29.18,30.94,30.78,32.57,91.93,5.2,73.13,13.27,3.53,0.7,0.72,0.6,1.56,,19.13,2.01,2.77
1173,Super Liga (RS),Aleksandar Varjačić,A. Varjačić,269454,1991-05-23,54.69,18,0,6252.83,114.33,827.0,386.61,36.67,208.06,8.94,594.67,45.61,30.83,32.7,31.77,33.73,64.94,4.78,55.72,10.0,3.28,0.68,0.76,1.56,1.19,1.34,16.89,2.23,2.74
1173,Super Liga (RS),Bojan Dimoski,B. Dimoski,285354,2001-11-23,49.81,6,0,5888.0,118.2,878.67,299.33,26.5,76.0,4.5,375.33,31.0,27.4,27.58,28.73,29.67,68.17,3.0,56.17,10.33,2.17,0.64,0.8,0.67,,,20.67,2.41,2.86
1173,Super Liga (RS),Andreja Stojanović,A. Stojanović,301883,1998-11-12,75.67,16,1,8548.62,112.97,1311.88,503.62,47.25,138.38,9.0,642.0,56.25,28.05,29.32,29.52,31.3,93.25,5.56,73.69,15.06,4.44,0.66,0.66,1.31,1.44,1.54,31.56,2.06,2.59
1173,Super Liga (RS),Milan Joksimović,M. Joksimović,301898,1990-02-09,81.3,12,1,8300.67,102.1,960.83,341.58,31.0,97.33,5.17,438.92,36.17,27.75,29.34,28.99,31.2,88.42,4.0,74.92,9.58,2.5,0.74,0.87,0.5,1.91,,21.5,2.13,2.97
1173,Super Liga (RS),Vuk Bogdanović,V. Bogdanović,301907,2002-04-03,52.82,1,0,5662.0,107.2,753.0,305.0,34.0,104.0,8.0,409.0,42.0,29.9,29.9,30.9,,58.0,4.0,48.0,10.0,4.0,,,0.0,,,19.0,,
1173,Super Liga (RS),Andrej Todoroski,A. Todoroski,301908,1999-04-19,68.48,33,0,7759.61,113.31,1016.18,426.33,41.06,120.73,7.18,547.06,48.24,28.14,30.7,29.64,32.2,80.33,3.73,68.33,11.36,2.76,0.68,0.71,0.91,1.39,1.43,30.18,1.8,2.65
1173,Super Liga (RS),Vanja Ilić,V. Ilić,301912,1999-01-03,72.56,18,0,8110.67,111.78,1283.5,522.22,50.61,161.56,9.17,683.78,59.78,28.24,29.84,29.92,31.67,93.56,5.44,75.89,16.0,3.39,0.62,0.69,1.0,1.33,1.78,30.83,1.85,2.79
1173,Super Liga (RS),Filip Bačkulja,F. Bačkulja,301918,2002-06-25,83.89,20,1,8331.1,99.31,953.45,362.7,37.15,120.6,7.3,483.3,44.45,28.97,31.48,30.45,33.53,88.9,5.1,71.3,13.15,4.15,0.6,0.63,0.9,1.19,1.19,25.35,2.01,2.84
1173,Super Liga (RS),Marko Šarić,M. Šarić,301921,1998-11-28,39.62,10,1,4171.3,105.28,525.6,216.0,20.9,55.2,3.8,271.2,24.7,26.84,27.88,27.83,29.4,41.2,2.5,35.6,4.4,1.3,0.91,1.04,0.1,,,13.4,2.08,3.15
1173,Super Liga (RS),Djordje Jovanović,D. Jovanović,301935,2001-08-17,55.32,27,0,6246.63,112.91,915.04,399.89,36.41,118.04,6.59,517.93,43.0,28.3,30.16,29.61,31.8,65.37,4.48,51.59,12.48,3.19,0.69,0.73,1.0,1.39,1.4,26.11,1.9,2.65
1173,Super Liga (RS),Stefan Jovanović,S. Jovanović,301939,1994-04-07,82.04,31,0,9157.84,111.62,1141.26,523.58,50.61,197.35,10.58,720.94,61.19,29.42,31.6,31.0,33.57,91.94,5.65,77.13,15.58,4.35,0.6,0.6,1.45,1.14,1.38,29.58,2.0,2.66
1173,Super Liga (RS),Djordje  Kotlajić,D. Kotlajić,302139,2004-01-13,37.13,3,0,4278.67,115.22,520.67,219.0,22.33,65.67,3.67,284.67,26.0,27.83,27.83,29.13,29.13,52.0,2.67,43.67,9.0,2.33,0.94,,0.0,,,18.0,2.34,2.99
1173,Super Liga (RS),Luka Laban,L. Laban,302140,2004-04-07,38.9,8,0,4517.12,116.13,811.38,182.5,15.25,33.38,1.88,215.88,17.12,26.61,27.4,27.84,29.4,45.25,1.75,42.12,3.0,0.62,0.95,,0.25,,,14.75,2.38,2.89
1173,Super Liga (RS),Nikola Marinković,N. Marinković,302141,2003-07-10,19.4,5,0,2286.6,117.89,374.4,201.8,17.6,50.4,3.6,252.2,21.2,28.9,28.9,29.56,30.33,27.2,2.8,20.6,6.2,2.8,0.65,0.81,1.2,1.41,1.49,12.2,2.05,
1173,Super Liga (RS),Nemanja Mićević,N. Mićević,302145,1999-01-28,72.9,5,0,7422.0,101.81,829.6,286.8,28.0,99.2,4.8,386.0,32.8,29.04,29.04,30.32,31.27,78.0,3.4,62.0,8.0,1.4,0.81,,0.2,,,12.2,2.63,3.36
1173,Super Liga (RS),Veljko Kijevčanin,V. Kijevčanin,302148,1999-08-03,55.58,13,0,6828.77,122.86,1066.92,356.46,31.38,100.54,4.92,457.0,36.31,28.36,29.86,29.72,31.43,75.85,2.23,64.54,8.54,1.38,0.68,0.72,0.08,,,27.85,2.16,2.57
1173,Super Liga (RS),Nemanja Zunić,N. Zunić,302150,2003-09-09,98.58,2,0,10476.5,106.28,1114.0,293.5,29.5,108.5,4.5,402.0,34.0,29.85,29.85,31.4,,99.0,5.0,82.0,10.0,2.5,,,1.5,,,27.0,,
1173,Super Liga (RS),Sankara William Karamoko,S. Karamoko,331893,2003-11-09,50.64,30,0,5463.47,107.89,672.5,314.03,36.0,149.37,8.7,463.4,44.7,29.91,32.74,31.0,33.9,59.17,5.37,46.57,11.77,4.3,0.61,0.65,2.1,1.26,1.29,26.27,1.82,2.59
1173,Super Liga (RS),Rafael Batista Da Silva Junior,Juninho,439510,2006-07-02,62.14,6,0,7083.17,113.98,957.67,480.33,48.33,147.0,9.33,627.33,57.67,29.57,29.78,31.02,31.67,77.83,4.5,66.0,15.5,3.67,0.68,0.7,1.83,1.39,1.65,31.67,1.98,2.73
1173,Super Liga (RS),Tyrone Ryan Conraad,T. Conraad,446249,1997-04-07,30.16,8,0,3250.62,107.77,442.25,203.25,20.75,67.88,3.88,271.12,24.62,28.91,29.66,29.81,30.87,37.88,4.0,31.62,7.62,2.62,0.82,,0.62,1.77,,12.62,2.26,2.78
1173,Super Liga (RS),Danilo Mitrović,D. Mitrović,507734,2001-03-23,43.11,4,0,4861.0,112.75,704.75,263.25,21.25,65.0,3.5,328.25,24.75,27.68,27.68,28.62,29.57,52.0,2.25,41.0,7.5,1.75,,,1.25,,,13.5,2.4,
1173,Super Liga (RS),Dominic Sadi,D. Sadi,511631,2003-09-02,80.32,22,0,9076.18,113.0,1473.59,533.73,49.36,87.0,5.91,620.73,55.27,26.46,27.82,28.39,30.4,99.73,5.14,84.64,14.23,3.23,0.64,0.64,0.55,1.28,1.39,40.0,1.8,2.6
1173,Super Liga (RS),Janko Jevremović,J. Jevremović,556548,2004-07-14,35.79,27,0,4363.04,121.91,705.33,285.15,26.56,97.74,4.67,382.89,31.22,29.09,32.1,30.32,33.0,46.04,2.3,37.67,6.63,1.67,0.69,0.69,0.56,1.36,1.37,19.74,2.02,2.95
1173,Super Liga (RS),David Ewemade,D. Ewemade,568932,2005-06-17,56.18,5,0,5336.6,94.99,558.2,322.0,43.0,214.6,12.4,536.6,55.4,31.52,31.52,32.46,34.1,58.4,6.0,41.8,13.4,4.2,0.66,0.75,1.8,1.36,1.36,22.6,2.13,2.63
1173,Super Liga (RS),Leonardo Antonio,Léo Antônio,581145,1997-06-09,74.68,21,1,8179.33,109.53,1174.1,359.62,35.14,83.33,4.76,442.95,39.9,27.64,29.86,29.7,31.87,96.71,4.05,83.76,12.95,3.0,0.65,0.65,0.48,1.29,,23.57,2.11,2.65
1173,Super Liga (RS),Brian Ramírez,B. Ramírez,583105,2000-08-29,52.13,12,0,6418.25,123.12,1140.83,392.33,34.42,61.08,4.25,453.42,38.67,26.42,27.56,28.45,30.27,69.92,3.17,58.25,10.58,2.17,0.7,0.85,0.58,1.56,,27.08,2.13,2.93
1173,Super Liga (RS),Miljan Momcilović,M. Momcilović,583405,2001-03-17,85.89,30,2,10170.97,118.42,1618.47,508.77,44.0,104.23,6.07,613.0,50.07,27.5,29.24,29.54,32.0,97.67,3.8,79.73,11.67,2.6,0.6,0.6,0.23,1.5,1.87,35.97,1.79,2.68
1173,Super Liga (RS),Ensar Brunčević,E. Brunčević,583406,1999-02-13,81.91,17,0,8092.29,98.8,861.0,287.29,26.12,73.41,4.0,360.71,30.12,26.91,28.78,28.25,30.47,89.41,4.24,68.94,10.06,2.0,0.78,0.82,0.12,,,19.06,2.13,2.83
1173,Super Liga (RS),Dušan Cvetinović,D. Cvetinović,583410,1988-12-24,86.88,13,1,8638.77,99.43,828.15,249.08,24.77,75.92,4.0,325.0,28.77,27.92,29.72,29.4,31.27,87.77,3.54,76.38,7.69,1.38,0.75,0.82,0.0,,,16.92,2.06,2.98
1173,Super Liga (RS),Ilija Babić,I. Babić,583416,2002-08-03,60.16,22,2,6455.68,107.31,862.5,446.77,48.91,254.77,12.64,701.55,61.55,30.93,32.84,32.12,34.3,70.59,8.27,56.95,17.09,6.95,0.62,0.62,2.91,1.16,1.23,27.41,1.77,2.72
1173,Super Liga (RS),Milan Vidakov,M. Vidakov,583417,2000-08-19,37.75,18,1,4381.0,116.05,750.33,351.67,30.83,102.83,5.67,454.5,36.5,27.25,29.42,28.43,31.0,49.11,3.61,39.06,10.22,2.17,0.66,0.74,0.5,1.38,1.67,22.78,1.97,2.77
1173,Super Liga (RS),Mihajlo Milosavić,M. Milosavić,583420,2004-07-14,41.04,23,0,5242.83,127.74,885.61,346.7,32.13,89.3,5.39,436.0,37.52,27.51,28.82,28.9,31.2,51.91,2.35,44.09,5.78,1.83,0.69,0.75,0.57,1.61,,27.91,1.97,2.67
1173,Super Liga (RS),Vladimir Vitorović,V. Vitorović,583421,2000-10-03,99.81,4,0,10871.75,108.92,1394.0,649.25,68.0,286.25,16.75,935.5,84.75,29.68,29.68,31.52,31.77,120.5,8.0,97.75,21.75,5.5,0.69,0.82,0.5,,,31.0,2.19,2.97
1173,Super Liga (RS),Miloš Tošeski,M. Tošeski,583423,1998-02-24,55.37,26,0,6693.31,120.89,1190.42,345.42,26.77,39.73,2.42,385.15,29.19,25.79,27.6,27.33,29.5,69.27,1.46,61.85,5.62,0.69,0.77,0.82,0.04,,,23.46,1.91,2.96
1173,Super Liga (RS),Dino Dolmagić,D. Dolmagić,583459,1994-02-26,11.83,1,0,1359.0,114.85,187.0,56.0,9.0,45.0,3.0,101.0,12.0,29.9,29.9,29.9,,14.0,1.0,9.0,2.0,0.0,,,0.0,,,10.0,,
1173,Super Liga (RS),Ibrahim Tanko,I. Tanko,583465,1999-04-30,49.18,24,0,5180.42,105.33,681.21,299.67,31.17,135.33,7.0,435.0,38.17,30.05,32.62,31.08,33.83,60.25,4.88,52.67,9.29,3.67,0.58,0.64,1.04,1.14,1.29,15.12,1.97,2.97
1173,Super Liga (RS),Luka Luković,L. Luković,583466,1996-10-11,60.18,29,0,7336.69,121.92,1183.21,429.55,35.1,88.83,4.79,518.38,39.9,27.44,29.78,29.29,32.07,65.97,1.97,58.83,8.41,1.07,0.71,0.74,0.14,1.57,1.57,20.97,1.89,2.63
1173,Super Liga (RS),Matija Gluščević,M. Gluščević,583469,2004-06-13,37.64,5,0,4286.2,113.86,556.4,240.2,25.0,83.2,5.0,323.4,30.0,30.4,30.4,31.1,32.8,47.2,3.8,38.4,8.0,3.4,0.64,0.7,1.0,1.52,,15.4,2.37,3.15
1173,Super Liga (RS),Luka Zorić,L. Zorić,583475,1998-08-02,86.36,9,1,9743.11,112.82,1503.0,453.78,39.89,93.22,4.89,547.0,44.78,27.19,27.96,28.91,30.27,90.44,4.22,75.89,8.44,2.44,0.78,0.97,0.33,1.92,,33.11,2.06,2.95
1173,Super Liga (RS),Milutin Vidosavljević,M. Vidosavljević,583476,2001-02-21,68.2,30,0,8467.57,124.16,1500.2,577.93,52.57,148.83,8.37,726.77,60.93,28.01,30.3,29.86,32.53,90.73,3.83,77.53,11.1,2.83,0.65,0.65,0.73,1.22,1.3,37.0,1.81,2.68
1173,Super Liga (RS),Nikola Mituljikić,N. Mituljikić,583483,2003-01-20,80.7,3,0,8846.0,109.62,1118.67,554.0,59.0,267.67,13.33,821.67,72.33,31.63,31.63,33.13,33.13,86.0,10.0,74.33,13.0,8.0,0.65,0.7,1.67,,,36.33,2.37,2.93
1173,Super Liga (RS),Uroš Nikolić,U. Nikolić,584916,1993-12-14,35.58,7,0,4400.29,123.67,597.29,266.86,26.14,123.29,6.71,390.14,32.86,28.67,29.08,29.94,31.0,39.43,2.71,33.0,4.71,1.86,0.63,0.66,0.86,1.32,,15.14,2.23,
1173,Super Liga (RS),Marko Bjeković,M. Bjeković,584917,2000-09-21,90.13,33,0,9617.27,106.7,1190.76,614.73,63.7,284.45,15.09,899.18,78.79,30.52,33.0,32.07,34.63,110.3,9.24,89.45,19.36,7.33,0.55,0.57,2.91,1.05,1.19,39.42,1.84,2.46
1173,Super Liga (RS),Nikola Cirković,N. Cirković,584919,1991-12-04,92.72,31,0,9376.52,101.12,1015.84,392.48,40.35,161.65,8.94,554.13,49.29,29.46,31.2,30.84,33.03,108.39,5.65,87.97,12.52,4.19,0.61,0.7,1.35,1.23,1.42,25.19,1.9,2.61
1173,Super Liga (RS),Marko Velicković,M. Velicković,584923,2004-10-12,44.42,20,0,5443.1,122.55,972.4,355.2,34.4,109.25,5.8,464.45,40.2,28.14,30.54,29.54,32.77,60.25,3.45,48.5,11.6,2.55,0.62,0.66,0.75,1.33,1.96,24.25,1.93,2.77
1173,Super Liga (RS),Uroš Sremčević,U. Sremčević,584924,2006-04-24,49.88,28,1,5554.54,111.35,759.11,326.18,29.75,99.64,5.29,425.82,35.04,28.27,30.44,29.47,32.17,58.64,3.79,47.07,10.36,2.75,0.69,0.74,0.57,1.19,1.65,19.18,2.18,2.75
1173,Super Liga (RS),Nemanja Dekovic,N. Dekovic,586614,2003-05-09,96.75,7,0,10101.43,104.4,1210.71,347.71,31.71,76.29,5.0,424.0,36.71,27.23,27.86,28.93,30.03,99.0,4.86,81.14,7.86,2.71,0.83,0.86,0.57,1.76,,21.86,2.18,3.19
1173,Super Liga (RS),Uroš Ljubomirac,U. Ljubomirac,586615,1990-04-12,71.62,29,0,8743.9,122.09,1353.72,550.83,52.38,161.79,9.34,712.62,61.72,28.81,31.06,30.59,33.0,97.48,5.31,81.97,18.52,4.03,0.59,0.64,1.17,1.24,1.29,35.62,1.87,2.57
1173,Super Liga (RS),Mladjan Stevanović,M. Stevanović,586620,1995-01-01,65.11,22,0,7388.36,113.48,1175.05,466.55,41.73,129.32,7.68,595.86,49.41,27.8,29.92,29.3,31.77,75.55,3.5,65.91,9.73,2.32,0.71,0.73,0.59,1.5,1.69,29.95,1.98,2.63
1173,Super Liga (RS),Axel Urie,A. Urie,593950,1999-04-14,23.28,3,0,2531.33,108.74,447.33,172.33,18.0,67.67,4.0,240.0,22.0,28.83,28.83,29.93,29.93,33.67,3.0,22.67,6.0,1.67,,,0.67,,,10.67,2.88,
1173,Super Liga (RS),Petar Petrović,P. Petrović,606796,1995-09-15,18.62,2,0,1979.0,106.26,305.0,161.0,11.5,54.0,1.5,215.0,13.0,28.95,28.95,29.45,,20.0,2.0,18.0,1.5,1.0,,,0.5,,,6.0,,
1173,Super Liga (RS),Bojan Kovačević,B. Kovačević,635449,1996-04-28,95.62,16,0,10264.25,107.35,1274.81,601.56,59.44,253.75,13.06,855.31,72.5,29.3,30.2,30.93,31.87,106.25,7.31,85.69,17.62,5.56,0.61,0.62,2.06,1.32,1.43,31.75,1.91,2.68
1173,Super Liga (RS),Stefan Stanisavljević,S. Stanisavljević,641078,2002-01-16,86.77,19,0,9637.63,111.07,1369.95,640.42,67.37,226.21,15.42,866.63,82.79,29.06,30.54,31.15,32.57,102.37,9.42,82.89,21.26,7.16,0.63,0.63,2.89,1.17,1.19,43.84,1.82,2.68
1173,Super Liga (RS),Sava Pribakovic,S. Pribakovic,641083,2003-02-04,94.75,1,0,10580.0,111.66,1363.0,628.0,61.0,264.0,15.0,892.0,76.0,29.7,29.7,31.0,,116.0,7.0,96.0,21.0,5.0,,,2.0,,,33.0,,
1173,Super Liga (RS),Jovan Milošević,J. Milošević,641084,2005-07-31,78.38,17,0,8885.53,113.37,1394.35,693.94,62.24,185.94,11.76,879.88,74.0,28.16,29.32,29.94,31.4,97.65,7.12,81.76,13.41,5.06,0.74,0.74,1.29,1.37,1.62,49.47,1.92,2.82
1173,Super Liga (RS),Bob Murphy Omoregbe,B. Omoregbe,644278,2003-11-05,33.42,21,0,3176.57,95.06,408.0,211.29,23.67,105.48,5.76,316.76,29.43,31.25,33.38,31.91,34.27,37.24,4.57,29.52,8.24,3.57,0.57,0.6,1.76,1.11,1.2,12.81,1.91,2.76
1173,Super Liga (RS),Andrija Lazarević,A. Lazarević,648880,2004-04-03,30.94,3,0,3926.33,126.91,600.67,278.0,24.0,74.33,5.0,352.33,29.0,28.97,28.97,29.97,29.97,41.33,3.0,35.67,4.0,3.0,1.0,1.0,0.33,,,25.33,,
1173,Super Liga (RS),Nikola Đuričić,N. Đuričić,648881,1999-12-12,90.43,31,0,10429.45,115.33,1604.1,710.9,61.13,201.77,12.0,912.68,73.13,28.1,29.66,29.87,31.9,116.1,6.03,98.16,17.81,4.06,0.71,0.71,0.77,1.47,1.54,38.03,1.82,2.62
1173,Super Liga (RS),Aleksa Matić,A. Matić,648882,2002-09-20,60.96,5,0,7371.0,120.92,1120.0,510.8,44.8,81.0,5.6,591.8,50.4,26.62,26.62,27.98,28.67,77.8,3.2,69.0,7.8,2.0,1.08,1.38,0.0,,,40.2,2.12,2.9
1173,Super Liga (RS),Nikola Zecević,N. Zecević,648883,2004-06-16,69.78,14,0,7124.29,102.1,830.57,301.86,28.36,106.43,5.64,408.29,34.0,28.69,31.2,29.96,32.9,80.5,4.0,64.43,8.5,2.79,0.7,0.73,0.79,1.36,1.42,15.5,2.19,2.9
1173,Super Liga (RS),Lamonth Beres Rochester,L. Rochester,649597,2003-06-10,38.19,3,1,3867.33,101.27,488.67,213.67,21.33,51.0,3.67,264.67,25.0,28.33,28.33,29.3,29.3,45.67,3.67,37.67,8.33,2.33,,,0.33,,,9.33,,
1173,Super Liga (RS),Jovan  Šljivić,J. Šljivić,662438,2005-10-14,74.49,22,2,9142.5,122.74,1653.59,589.86,52.27,122.36,8.14,712.23,60.41,27.46,28.56,29.32,30.7,95.27,4.27,79.14,15.59,2.41,0.61,0.65,0.55,1.49,,39.5,1.9,2.65
1173,Super Liga (RS),Stefan Bukinac,S. Bukinac,662441,2005-07-08,94.49,20,0,10211.2,108.07,1411.8,660.95,70.25,287.8,15.95,948.75,86.2,29.95,31.3,31.79,33.47,116.6,8.4,92.35,21.7,6.55,0.55,0.58,2.1,1.16,1.23,38.8,1.9,2.58
1173,Super Liga (RS),Mateja  Bubanj,M. Bubanj,662444,2005-01-03,45.04,17,0,5201.71,115.5,753.47,305.59,28.65,78.65,5.18,384.24,33.82,27.9,29.98,29.19,31.77,51.06,3.71,42.0,6.76,2.35,0.67,0.73,0.47,1.43,,24.82,1.8,2.79
1173,Super Liga (RS),Veljko Mirosavić,V. Mirosavić,662446,2005-06-15,74.75,19,0,8505.05,113.78,1237.37,494.16,49.21,164.58,9.37,658.74,58.58,28.44,30.02,29.94,31.97,94.79,6.58,79.68,16.53,4.84,0.62,0.62,1.05,1.24,1.29,32.42,1.94,2.76
1173,Super Liga (RS),Mateja  Radonjić,M. Radonjić,662450,2005-09-20,43.65,7,1,5069.0,116.12,777.86,254.43,21.14,53.29,2.71,307.71,23.86,27.26,28.24,28.66,31.03,50.29,2.86,43.57,4.0,1.71,0.7,0.78,0.57,1.79,,17.43,2.21,3.02
1173,Super Liga (RS),Zoran Alilović,Z. Alilović,671631,2006-03-14,63.51,18,0,7569.83,119.19,1189.78,472.17,43.61,110.33,6.5,582.5,50.11,27.47,28.54,29.06,30.47,77.67,3.44,65.06,12.06,2.28,0.61,0.7,0.89,1.25,1.66,31.22,1.86,2.67
1173,Super Liga (RS),Andrej  Petrović,A. Petrović,671634,2006-04-24,72.59,17,0,8947.29,123.26,1492.59,457.53,41.35,98.29,6.18,555.82,47.53,27.37,28.62,29.16,30.4,94.0,4.41,79.71,11.71,2.65,0.61,0.69,0.59,1.19,,43.88,1.97,2.49
1173,Super Liga (RS),Nikola Simic,N. Simic,671637,2007-03-30,93.87,32,0,9654.69,102.85,1120.56,355.03,33.28,96.53,5.41,451.56,38.69,28.46,31.02,30.18,33.63,102.78,4.06,81.72,9.75,2.75,0.62,0.69,0.81,1.32,1.35,21.25,1.83,2.96
1173,Super Liga (RS),Veljko  Milosavljević,V. Milosavljević,671639,2007-06-28,94.83,3,0,9665.67,101.93,1039.0,381.33,40.33,150.67,9.0,532.0,49.33,28.87,28.87,30.37,30.37,114.33,4.33,92.33,12.33,2.0,,,1.0,,,26.33,2.32,
1173,Super Liga (RS),Adem Avdic,A. Avdic,671641,2007-09-24,61.47,23,0,6928.0,112.71,992.35,461.39,48.83,223.65,12.09,685.04,60.91,30.08,31.86,31.4,33.73,82.48,6.65,67.43,16.35,5.39,0.58,0.58,2.09,1.2,1.25,27.87,1.79,2.64
1173,Super Liga (RS),Veljko Jocić,V. Jocić,671643,2006-07-05,37.88,7,0,4749.29,125.37,897.14,333.57,26.71,77.14,3.57,410.71,30.29,28.03,28.88,29.53,30.4,45.86,3.0,37.71,6.0,2.29,0.74,0.74,0.71,1.43,,23.43,2.16,2.78
1173,Super Liga (RS),Sadick Abubakar,S. Abubakar,686453,1998-02-02,85.12,29,0,8333.41,97.9,931.86,338.17,38.28,136.66,8.1,474.83,46.38,30.41,33.18,31.81,34.87,95.69,7.03,77.17,12.38,4.79,0.57,0.57,1.69,1.08,1.18,23.55,2.05,2.67
1173,Super Liga (RS),Vukašin Bogdanović,V. Bogdanović,686454,2002-10-04,79.86,20,0,9043.2,113.24,1399.45,597.15,61.0,198.7,13.3,795.85,74.3,28.98,30.6,30.88,33.47,99.9,8.0,78.35,19.15,6.15,0.67,0.74,2.05,1.27,1.49,53.15,1.86,2.73
1173,Super Liga (RS),Mahmudu Bajo,M. Bajo,698050,2004-08-15,49.11,16,0,5893.81,120.01,975.5,308.69,29.69,84.12,4.75,392.81,34.44,28.61,31.26,30.13,33.13,63.0,3.25,51.0,7.94,2.44,0.66,0.7,0.56,1.26,,24.88,2.08,2.76
1173,Super Liga (RS),Henry Addo,H. Addo,704814,2003-05-01,46.59,14,1,5184.57,111.28,760.21,364.43,36.79,168.79,8.57,533.21,45.36,30.61,31.8,31.63,33.27,56.07,5.64,46.93,10.5,4.5,0.64,0.64,1.64,1.29,1.33,22.21,1.97,2.67
1173,Super Liga (RS),Oleg Nikiforenko,O. Nikiforenko,705077,2001-03-17,31.0,6,0,3638.67,117.37,641.83,237.83,22.33,50.33,3.5,288.17,25.83,27.62,28.04,28.78,29.97,41.83,2.5,34.83,5.33,2.0,0.78,0.99,0.0,,,13.5,2.16,2.86
1173,Super Liga (RS),Jovan Ilić,J. Ilić,716335,2000-01-30,68.83,26,1,7721.85,112.19,1050.31,336.96,30.81,97.15,4.77,434.12,35.58,27.75,30.58,29.44,32.13,71.08,2.85,63.08,7.35,1.88,0.69,0.74,0.54,1.38,1.44,21.81,1.98,2.67
1173,Super Liga (RS),Siniša Tanjga,S. Tanjga,719679,2004-03-11,74.12,17,0,7400.59,99.85,806.94,220.59,22.53,46.06,3.24,266.65,25.76,27.16,28.8,28.71,30.67,75.71,3.12,58.24,7.24,1.59,0.73,0.88,0.59,1.48,1.78,16.59,2.37,3.09
1173,Super Liga (RS),Kornél Szűcs,K. Szűcs,722739,2001-09-24,87.51,9,0,8928.33,102.03,1114.11,389.33,37.56,119.67,7.22,509.0,44.78,28.98,29.98,30.62,31.9,100.67,6.22,75.89,11.0,4.44,0.69,0.69,1.89,1.34,2.34,19.33,2.21,
1173,Super Liga (RS),Ester Sokler,E. Sokler,727423,1999-06-04,87.56,29,0,9531.31,108.86,1270.38,647.97,65.76,236.14,14.72,884.1,80.48,29.2,31.16,30.97,32.9,102.69,9.07,86.97,16.72,7.14,0.57,0.67,2.07,1.11,1.27,48.17,1.83,2.52
1173,Super Liga (RS),Christ Sarkodje Kouadio,C. Kouadio,729180,2000-12-23,62.16,8,0,6705.62,107.88,846.25,392.5,37.62,148.62,7.62,541.12,45.25,29.01,31.2,29.99,33.13,71.88,6.75,58.88,14.12,4.75,0.64,0.67,1.88,1.24,1.62,22.0,1.89,2.84
1173,Super Liga (RS),Bogdan Mirčetić,B. Mirčetić,729987,2005-10-25,91.83,5,0,11345.8,123.55,1716.0,632.8,59.2,161.0,9.4,793.8,68.6,27.74,27.74,29.72,30.23,104.8,4.8,90.6,11.6,2.6,0.7,0.72,0.8,1.62,,46.6,2.17,2.78
1173,Super Liga (RS),Nemanja Trifunović,N. Trifunović,729988,2004-06-29,74.77,25,0,8241.96,110.24,1277.48,548.72,53.56,201.36,10.96,750.08,64.52,28.93,30.92,30.66,32.63,86.8,7.2,72.24,14.6,5.56,0.6,0.65,1.96,1.2,1.24,39.04,1.87,2.64
1173,Super Liga (RS),Pedro Carvalhosa Empis,Pedro Empis,738200,1997-02-01,47.26,3,0,5232.67,110.72,743.33,328.67,31.33,101.67,5.33,430.33,36.67,28.73,28.73,29.8,29.8,59.0,3.33,43.33,9.67,1.67,,,1.0,,,20.33,,
1173,Super Liga (RS),Luka Subotić,L. Subotić,741994,2003-01-22,90.17,25,1,8986.52,99.66,891.92,312.04,32.84,101.8,5.84,413.84,38.68,29.04,31.36,30.72,32.97,101.36,4.92,81.68,10.96,2.96,0.63,0.63,0.84,1.3,,19.08,1.95,2.66
1173,Super Liga (RS),Kenroy Campbell,K. Campbell,748219,2002-05-30,35.04,10,0,4011.9,114.51,659.2,313.4,32.5,102.3,6.3,415.7,38.8,28.97,30.42,30.32,32.23,47.4,7.0,38.5,11.2,5.3,0.58,0.67,1.3,1.16,1.28,24.9,2.11,2.52
1173,Super Liga (RS),Eldar Mehmedović,E. Mehmedović,749343,2003-04-10,45.07,10,0,5360.5,118.94,895.2,310.4,28.6,71.8,5.0,382.2,33.6,26.66,28.16,28.5,31.0,59.6,3.7,52.5,6.6,2.6,0.56,0.63,0.9,1.1,1.1,24.1,2.13,3.02
1173,Super Liga (RS),Vladimir Radočaj,V. Radočaj,760980,1998-12-24,61.42,18,0,6780.11,110.39,858.06,461.61,53.11,257.89,13.61,719.5,66.72,30.69,32.24,31.99,34.07,71.22,7.56,53.67,19.89,5.83,0.57,0.58,2.5,1.04,1.17,31.44,1.76,2.66
1173,Super Liga (RS),Nikola Glišić,N. Glišić,760984,1999-06-30,65.64,23,2,7203.17,109.74,919.87,441.52,45.22,199.83,10.7,641.35,55.91,30.83,33.5,32.09,34.7,74.91,5.87,62.48,14.87,4.35,0.57,0.62,1.78,1.11,1.13,28.43,1.95,2.71
1173,Super Liga (RS),Ismael Alves Gaetan Maiga,I. Maiga,761021,2003-11-23,76.56,15,0,7828.87,102.25,975.6,367.2,38.8,178.6,8.8,545.8,47.6,31.17,33.2,32.67,35.23,89.33,5.33,68.4,12.2,4.07,0.6,0.63,1.6,1.14,1.22,25.93,1.94,2.79
1173,Super Liga (RS),Milan Ilić,M. Ilić,761024,2000-02-07,48.99,16,0,5442.44,111.09,694.06,297.75,31.75,125.12,6.44,422.88,38.19,29.14,31.22,29.96,32.57,57.12,4.06,47.56,8.25,2.88,0.58,0.69,0.81,1.29,1.33,23.19,1.95,2.74
1173,Super Liga (RS),Aleksa Radonjić,A. Radonjić,761031,2005-10-24,76.27,28,1,8335.61,109.29,1137.5,573.68,61.32,276.04,14.71,849.71,76.04,30.57,33.14,32.15,34.97,90.32,7.32,74.46,17.18,5.93,0.65,0.65,2.36,1.14,1.21,35.21,1.94,2.8
1173,Super Liga (RS),Djordje Skoko,D. Skoko,761032,2003-06-03,96.37,36,0,9425.39,97.8,952.83,301.78,31.56,120.69,5.75,422.47,37.31,29.6,33.62,30.94,34.73,103.67,5.19,82.28,9.81,3.06,0.57,0.61,0.75,1.22,1.25,22.89,1.88,2.67
1173,Super Liga (RS),Vukasin Djurdjevic,V. Durdevic,761035,2004-01-24,65.26,25,0,7299.72,111.85,1056.32,417.84,39.68,148.12,8.0,565.96,47.68,28.78,30.76,30.07,32.3,82.28,4.64,67.56,13.72,3.2,0.63,0.65,1.0,1.21,1.46,26.92,1.84,2.74
1173,Super Liga (RS),Irfan Zulfic,I. Zulfic,761913,2000-10-04,39.93,3,0,5228.67,130.95,1055.67,449.33,34.33,92.67,4.67,542.0,39.0,27.7,27.7,29.57,29.57,53.33,2.0,44.0,10.0,1.67,0.9,,0.0,,,25.0,2.0,2.93
1173,Super Liga (RS),Mirko Milikić,M. Milikić,761958,2001-12-24,97.97,33,0,10009.88,102.17,1117.88,411.24,42.15,134.06,7.85,545.3,50.0,29.2,31.38,30.86,33.1,109.79,5.18,84.88,13.48,3.79,0.6,0.62,1.39,1.26,1.27,23.88,1.99,2.68
1173,Super Liga (RS),Marko Konatar,M. Konatar,761960,2000-03-25,83.82,20,1,9783.35,116.72,1522.25,618.1,56.6,189.65,10.75,807.75,67.35,28.38,29.72,30.34,32.03,102.65,6.5,85.95,15.7,4.55,0.63,0.7,1.15,1.42,1.56,37.35,2.0,2.57
1173,Super Liga (RS),Branislav Knezević,B. Knezević,761963,2002-07-21,77.51,30,0,9604.43,123.91,1677.87,564.3,50.53,120.1,7.7,684.4,58.23,27.6,29.62,29.52,31.6,96.43,3.87,85.93,11.7,2.47,0.59,0.63,0.7,1.28,1.41,36.13,1.88,2.53
1173,Super Liga (RS),Stepanovich Evgeniy Pavlov Yevgeny,Evgeniy Pavlov,761976,1991-03-12,18.87,7,0,2233.0,118.33,337.57,163.14,16.29,58.86,3.0,222.0,19.29,27.66,28.44,28.36,29.77,24.57,1.43,19.43,3.29,0.43,,,0.14,,,11.86,2.6,
1173,Super Liga (RS),Miloš Ristić,M. Ristić,762574,1995-04-06,77.08,19,0,9051.84,117.43,1319.58,434.84,40.32,128.79,6.11,563.63,46.42,28.51,30.16,30.47,32.37,102.32,4.32,87.05,12.47,2.95,0.68,0.72,0.79,1.34,1.73,31.05,1.89,2.77
1173,Super Liga (RS),Bojan Adžić,B. Adžić,762581,2003-12-01,67.05,14,0,7676.29,114.49,1046.36,463.57,42.86,177.5,8.64,641.07,51.5,29.05,30.72,30.5,32.83,78.79,5.07,66.14,10.21,3.86,0.74,0.78,2.0,1.36,1.61,29.29,1.95,2.74
1173,Super Liga (RS),Nikola Miličić,N. Miličić,762583,2004-07-04,81.39,23,0,8727.09,107.22,1118.17,433.91,39.48,98.74,5.91,532.65,45.39,27.72,29.6,29.33,31.5,97.57,5.09,78.61,13.0,3.52,0.67,0.74,0.87,1.42,1.69,29.13,2.0,2.74
1173,Super Liga (RS),Dragan Bojat,D. Bojat,762587,2003-08-10,62.08,21,1,6619.48,106.62,899.14,445.95,41.52,163.33,8.9,609.29,50.43,28.68,30.36,29.87,31.7,75.48,6.24,62.57,13.67,4.19,0.62,0.64,1.38,1.22,1.3,25.71,1.96,2.67
1173,Super Liga (RS),Filip Krstić,F. Krstić,762590,1997-08-29,74.1,28,0,8807.75,118.86,1357.04,428.04,36.96,87.93,4.39,515.96,41.36,27.4,28.96,28.95,30.93,90.57,2.82,80.68,9.32,1.54,0.62,0.64,0.43,1.67,1.96,32.39,2.01,2.77
1173,Super Liga (RS),Mateja Gašić,M. Gašić,763351,2003-02-16,95.63,34,0,10164.82,106.3,1258.79,533.47,56.09,238.97,12.29,772.44,68.38,30.15,31.94,31.71,33.83,114.85,8.24,90.59,19.03,6.29,0.61,0.64,2.74,1.11,1.19,31.06,2.18,2.58
1173,Super Liga (RS),Nikola Krstić,N. Krstić,765517,2004-12-01,67.57,29,0,7959.55,117.8,1199.9,522.69,50.69,162.07,9.38,684.76,60.07,28.45,30.66,29.93,32.17,85.69,4.86,69.52,17.28,3.83,0.7,0.73,1.0,1.35,1.47,42.21,1.79,2.66
1173,Super Liga (RS),Miloš  Jović,M. Jović,765518,2006-05-22,30.04,18,2,3553.94,118.3,517.56,211.89,20.39,58.72,3.78,270.61,24.17,27.98,29.92,29.29,33.2,36.78,2.67,29.28,6.5,1.94,0.66,0.68,0.61,1.36,1.67,18.28,1.81,2.73
1173,Super Liga (RS),Ognjen Krsmanović,O. Krsmanović,765522,2005-01-14,72.59,14,0,8779.5,120.95,1419.86,618.5,57.0,148.71,10.0,767.21,67.0,27.71,28.82,29.46,30.23,98.36,4.57,82.71,14.43,3.43,0.64,0.81,1.14,1.39,,36.29,1.88,2.77
1173,Super Liga (RS),Aboubacar Cisse,A. Cisse,768262,2004-02-20,57.34,17,1,6221.35,108.5,870.82,438.82,46.12,213.0,11.12,651.82,57.24,30.62,31.56,32.04,33.3,77.82,8.18,60.12,15.06,6.59,0.62,0.64,2.76,1.15,1.17,24.71,2.01,2.79
1173,Super Liga (RS),Strahinja Ristić,S. Ristić,773291,2004-03-17,54.87,5,1,5640.6,102.8,624.8,198.4,19.8,50.8,2.8,249.2,22.6,27.76,27.76,28.88,29.37,63.0,2.6,51.8,7.2,0.6,,,0.6,,,16.6,2.39,2.92
1173,Super Liga (RS),Bogdan Petrovic,B. Petrovic,786869,2004-12-07,61.98,30,0,6808.43,109.85,914.93,430.27,41.4,108.7,7.8,538.97,49.2,27.77,29.74,29.38,31.7,74.7,6.0,59.9,13.6,4.1,0.66,0.71,1.03,1.29,1.38,32.37,1.95,2.87
1173,Super Liga (RS),Yakup Arda Kılıç,A. Kılıç,790814,2005-01-04,21.17,1,0,2157.0,101.91,328.0,156.0,18.0,50.0,4.0,206.0,22.0,27.1,27.1,28.1,,30.0,2.0,20.0,7.0,1.0,,,1.0,,,11.0,,
1173,Super Liga (RS),Nikola  Bukumira,N. Bukumira,796671,2005-09-07,42.56,23,0,4987.48,117.19,803.57,351.04,34.35,134.22,6.61,485.26,40.96,29.52,31.3,30.65,32.83,56.04,3.96,46.13,9.04,2.96,0.65,0.71,0.96,1.31,1.36,24.09,1.91,2.61
1173,Super Liga (RS),Jovan Ćirić,J. Ćirić,797522,2007-02-25,75.37,23,0,8276.78,109.82,978.04,462.96,48.83,233.52,11.35,696.48,60.17,29.92,31.76,31.21,33.4,75.91,5.57,64.7,11.09,4.3,0.61,0.65,2.17,1.19,1.22,29.61,1.91,2.67
1173,Super Liga (RS),Pavle Mihajlović,P. Mihajlović,797926,2006-07-13,42.1,3,0,4389.0,104.25,469.0,170.67,19.33,103.67,5.0,274.33,24.33,29.83,29.83,30.77,30.77,47.0,2.33,42.33,6.33,1.67,,,0.67,,,12.33,,
1173,Super Liga (RS),Szabolcs Mezei,S. Mezei,797966,2000-10-18,48.77,28,0,5717.46,117.24,895.82,289.36,25.68,78.79,3.54,368.14,29.21,27.8,30.84,29.1,32.73,63.14,2.82,53.54,7.07,1.71,0.68,0.76,0.25,1.53,1.86,24.61,1.99,2.48
1173,Super Liga (RS),Lazar Stojanovic,L. Stojanovic,800140,2005-04-22,67.85,22,0,7013.41,103.37,805.23,309.14,30.45,101.41,5.45,410.55,35.91,28.46,30.98,29.63,32.37,68.64,3.64,58.09,7.77,2.68,0.69,0.74,0.95,1.34,1.52,16.05,1.91,2.7
1173,Super Liga (RS),Nikola  Skrobonja,N. Skrobonja,800307,2005-08-16,34.0,12,2,3825.08,112.5,588.92,253.5,21.83,67.0,3.75,320.5,25.58,27.57,29.7,28.66,31.53,40.0,2.0,32.92,5.92,0.92,0.69,0.77,0.25,,,16.08,2.14,2.63
1173,Super Liga (RS),Louay Ben Hassine,L. Ben Hassine,800395,2000-04-02,86.08,35,0,9853.4,114.46,1525.46,564.97,48.71,125.69,7.26,690.66,55.97,27.51,29.1,29.31,31.47,105.0,4.0,86.89,11.46,2.91,0.64,0.69,0.57,1.43,1.62,31.89,1.93,2.67
1173,Super Liga (RS),Aleksandar Stancic,A. Stancic,800919,2006-09-23,59.68,23,0,6827.83,114.41,995.65,322.22,28.26,59.35,3.52,381.57,31.78,26.59,28.4,28.3,30.8,69.0,2.22,59.87,7.74,1.17,0.7,0.83,0.3,1.3,,23.78,2.02,2.8
1173,Super Liga (RS),Dušan Jovanović,D. Jovanović,801265,2006-02-15,28.28,16,0,2963.69,104.79,349.62,184.31,18.69,75.19,3.94,259.5,22.62,28.71,30.44,29.41,31.4,30.5,2.81,24.75,3.62,2.25,0.67,0.7,0.88,1.34,1.4,14.25,2.04,2.91
1173,Super Liga (RS),Ejike  Julius Opara ,E. Julius Opara,801829,2005-07-05,58.64,14,0,6471.21,110.36,912.21,384.43,43.5,150.64,9.36,535.07,52.86,29.35,31.04,30.97,32.83,75.5,6.86,61.79,15.5,5.57,0.58,0.6,2.0,1.19,1.35,28.14,1.96,2.64
1173,Super Liga (RS),Stefan  Bastaja,S. Bastaja,801853,2005-02-22,71.48,4,1,7608.5,106.44,803.75,328.25,33.75,116.5,6.25,444.75,40.0,30.25,30.25,31.43,31.9,74.25,3.25,60.75,9.75,1.5,0.9,,0.0,,,28.5,1.96,3.03
1173,Super Liga (RS),Semir Alić,S. Alić,807493,2004-03-27,44.51,31,1,5309.32,119.28,871.19,360.13,33.13,119.74,6.81,479.87,39.94,28.89,32.0,30.02,33.07,54.23,3.23,42.71,9.42,2.39,0.64,0.69,0.65,1.33,1.33,26.39,1.83,2.69
1173,Super Liga (RS),Hristo Ivanov,H. Ivanov,808555,2000-12-16,84.01,13,0,10279.62,122.36,1613.15,458.85,46.46,114.77,6.23,573.62,52.69,27.96,29.44,30.08,31.27,104.38,4.23,91.31,13.85,2.77,0.63,0.69,0.85,1.25,1.61,42.23,1.96,2.8
1173,Super Liga (RS),Anes Rušević,A. Rušević,809030,1996-12-02,25.34,6,0,2553.5,100.77,358.33,168.17,13.83,45.83,2.5,214.0,16.33,27.03,27.56,27.73,28.97,27.33,2.5,21.17,4.33,1.67,0.84,,0.5,,,12.17,1.91,
1173,Super Liga (RS),Uroš Miladinović,U. Miladinović,810388,2004-06-16,74.41,35,0,8426.69,113.24,1222.77,516.29,48.31,144.17,8.69,660.46,57.0,28.47,30.94,30.16,32.8,90.51,5.31,75.57,14.4,3.83,0.66,0.7,0.83,1.32,1.45,33.11,1.94,2.57
1173,Super Liga (RS),Lazar Micic,L. Micic,810435,2003-02-17,62.11,26,0,6836.19,110.07,928.62,461.27,47.27,235.12,11.65,696.38,58.92,29.87,32.58,31.32,34.23,66.85,5.58,54.08,12.23,4.69,0.58,0.63,1.81,1.25,1.32,29.81,1.79,2.62
1173,Super Liga (RS),Viktor Radojević,V. Radojević,810461,2004-07-14,93.92,4,0,9119.5,97.1,957.25,458.75,53.0,220.75,12.5,679.5,65.5,29.7,29.7,31.25,31.43,100.5,6.75,76.25,23.0,4.75,0.68,0.73,2.0,1.38,1.4,34.25,2.03,
1173,Super Liga (RS),Milan Kolarevic,M. Kolarevic,810464,2004-04-07,66.76,27,0,7773.63,116.44,1181.7,597.56,59.07,252.0,13.78,849.56,72.85,29.94,31.66,31.42,33.67,85.85,6.7,70.67,14.15,4.96,0.67,0.68,2.0,1.24,1.32,37.33,1.95,2.65
1173,Super Liga (RS),Stefan Pirgić,S. Pirgić,810465,2003-02-09,84.68,33,1,9292.82,109.75,1285.82,448.03,42.55,154.85,6.91,602.88,49.45,29.32,32.22,31.18,33.53,96.94,4.45,86.03,10.39,3.3,0.59,0.6,1.03,1.22,1.25,24.58,1.89,2.67
1173,Super Liga (RS),Petar Sukacev,P. Sukacev,810466,2005-08-28,68.77,16,0,7563.0,109.97,1045.25,494.62,52.56,224.19,13.25,718.81,65.81,29.68,31.2,31.35,33.17,83.88,7.0,66.94,16.19,4.56,0.63,0.68,1.56,1.22,1.32,35.75,1.9,2.56
1173,Super Liga (RS),Željko Arsić,Ž. Arsić,810488,1997-07-26,64.92,2,0,7193.0,110.79,1140.0,450.5,41.0,117.5,6.0,568.0,47.0,28.3,28.3,28.9,,74.0,4.0,53.5,15.5,4.0,,,1.0,,,33.0,,
1173,Super Liga (RS),Danijel Kolarić,D. Kolarić,810625,2005-02-10,90.15,28,1,9730.57,107.94,1184.36,392.71,36.36,99.86,5.5,492.57,41.86,27.93,30.74,29.83,32.77,104.46,4.43,86.0,13.0,3.04,0.73,0.76,0.36,1.48,1.52,24.61,2.06,2.72
1173,Super Liga (RS),Tomislav Dadić,T. Dadić,810627,1997-12-15,74.34,15,0,8011.53,107.77,1044.4,486.73,50.4,222.8,10.93,709.53,61.33,30.23,31.26,31.49,32.6,78.67,6.13,64.6,14.33,4.8,0.6,0.6,1.67,1.15,1.15,33.87,1.97,2.67
1173,Super Liga (RS),Andreja  Ristić,A. Ristić,811442,2004-01-08,15.77,10,0,1801.2,114.19,261.4,130.9,11.8,58.5,2.6,189.4,14.4,29.96,32.04,30.66,33.57,19.4,1.2,14.9,3.4,0.8,0.71,0.74,0.3,,,7.2,2.44,
1173,Super Liga (RS),Ognjen Bondzulic,O. Bondzulic,816989,2007-07-24,81.5,7,0,8551.43,104.92,958.29,436.43,46.0,186.14,9.43,622.57,55.43,29.8,30.08,31.51,32.63,78.86,5.57,63.86,13.14,3.57,0.7,1.11,1.0,1.44,,25.57,2.02,
1173,Super Liga (RS),Luka  Krstovic,L. Krstovic,817758,2005-12-04,15.01,2,0,2006.0,133.66,428.5,132.0,10.0,23.0,1.0,155.0,11.0,24.15,24.15,25.25,,19.5,1.0,17.0,2.5,0.5,,,0.5,,,7.5,,
1173,Super Liga (RS),Marko Mladenovic,M. Mladenovic,818308,2005-01-30,42.37,14,0,5139.86,121.3,857.0,362.5,33.07,105.5,6.21,468.0,39.29,28.36,30.28,29.79,32.4,52.14,3.07,42.86,6.43,2.21,0.76,0.77,0.57,1.39,1.79,24.57,1.86,2.76
1173,Super Liga (RS),Lazar Miladinović,L. Miladinović,818958,2007-11-08,90.92,22,1,9478.68,104.26,1108.09,373.09,32.86,93.14,5.68,466.23,38.55,27.95,29.58,29.48,31.23,106.14,4.23,84.82,9.5,2.55,0.68,0.68,0.73,1.5,1.82,25.73,2.13,2.97
1173,Super Liga (RS),Djordje Skocajic,D. Skocajic,818959,2006-05-26,16.0,2,0,2126.0,132.88,384.0,164.5,19.0,62.5,5.0,227.0,24.0,28.7,28.7,29.5,,28.0,1.0,26.0,2.5,0.0,,,0.0,,,9.0,,
1173,Super Liga (RS),Stefan Mitrović,S. Mitrović,819370,2006-04-28,15.18,9,1,1823.11,120.12,307.44,120.22,12.0,28.0,1.56,148.22,13.56,26.98,28.26,27.62,29.43,21.0,1.11,16.11,3.44,0.67,0.84,0.88,0.22,,,7.56,2.43,3.11
1173,Super Liga (RS),Aleksa Milošević,A. Milošević,820742,2007-01-08,86.48,15,2,9098.6,105.21,963.67,399.33,42.47,172.07,9.2,571.4,51.67,29.53,31.66,30.95,32.9,100.53,4.8,82.87,11.67,3.53,0.68,0.76,1.2,1.41,1.53,26.87,1.87,2.8
1173,Super Liga (RS),Ognjen Alempijevic,O. Alempijevic,820743,2007-05-31,10.78,2,2,1326.5,123.01,183.0,83.0,11.0,84.0,3.0,167.0,14.0,30.65,30.65,31.05,,15.0,1.5,11.0,4.0,1.5,,,1.0,,,6.5,,
1173,Super Liga (RS),Francis Ebuka Nwokeabia,F. Nwokeabia,823903,2005-05-16,53.84,22,2,6281.09,116.67,981.14,345.77,31.86,74.09,4.41,419.86,36.27,27.05,29.34,28.56,31.53,71.32,3.5,59.68,10.32,2.32,0.59,0.59,0.45,1.26,1.27,26.95,1.89,2.87
1173,Super Liga (RS),Veljko Radosavljevic,V. Radosavljevic,827063,2005-04-02,28.86,16,1,3316.19,114.91,478.19,174.25,15.88,48.44,2.75,222.69,18.62,27.72,30.64,28.59,31.77,33.12,2.19,27.19,4.69,1.5,0.72,0.74,0.38,1.33,1.35,11.25,2.15,2.84
1173,Super Liga (RS),Luka Djordjevic,L. Djordjevic,827064,2006-05-21,51.8,18,1,5636.11,108.81,770.72,398.61,38.61,152.44,8.67,551.06,47.28,29.43,31.26,30.61,32.5,64.28,6.06,54.61,12.61,4.06,0.61,0.66,1.28,1.28,1.28,22.44,2.03,2.76
1173,Super Liga (RS),Jagoš Djurkovic,J. Djurkovic,827066,2008-03-05,32.96,14,0,4366.36,132.49,888.0,297.43,23.29,65.29,3.36,362.71,26.64,27.45,29.8,28.75,31.6,47.57,2.0,39.93,5.14,1.21,0.82,0.83,0.43,1.84,,19.14,1.81,2.83
1173,Super Liga (RS),Ognjen Ugresic,O. Ugresic,827068,2006-07-15,55.04,37,0,6601.14,119.93,1138.65,485.57,43.49,159.08,8.65,644.65,52.14,28.82,32.1,30.42,34.4,66.76,4.49,59.08,8.27,3.41,0.58,0.62,1.03,1.13,1.25,30.19,1.92,2.59
1173,Super Liga (RS),Milan Roganović,M. Roganović,827069,2005-10-28,91.17,33,0,9936.45,108.99,1375.15,613.09,58.7,209.7,11.82,822.79,70.52,29.06,30.68,30.73,32.53,103.24,7.61,88.12,18.21,5.39,0.67,0.68,2.18,1.19,1.4,33.61,1.83,2.59
1173,Super Liga (RS),Vanja  Tomic,V. Tomic,827070,2005-07-15,62.71,11,0,7321.82,116.76,1255.82,363.91,31.82,62.64,3.64,426.55,35.45,26.73,28.3,28.18,30.07,79.45,3.18,66.09,9.09,2.64,0.67,0.71,0.36,1.58,,25.55,2.07,2.66
1173,Super Liga (RS),Wendkuuni Josué Tiendrébéogo,J. Tiendrébéogo,828818,2002-11-21,78.72,11,1,8862.73,112.59,1335.91,413.09,41.82,98.0,6.73,511.09,48.55,27.04,28.18,29.62,32.2,109.45,5.0,88.64,14.36,3.45,0.68,0.7,0.73,1.38,1.38,41.0,1.9,2.63
1173,Super Liga (RS),Dušan Pavlović,D. Pavlović,839086,2004-05-19,97.35,34,0,9852.76,101.21,1147.06,406.35,42.56,144.94,8.03,551.29,50.59,28.9,30.7,30.5,32.33,110.29,5.59,83.91,14.24,3.59,0.66,0.68,0.97,1.38,1.73,22.47,1.86,2.73
1173,Super Liga (RS),Stefan Nikolic,S. Nikolic,839087,2006-01-25,49.79,29,0,5963.76,119.78,1043.93,397.79,31.59,80.03,4.0,477.83,35.59,27.11,29.08,28.54,30.27,61.59,2.41,52.21,8.48,1.59,0.67,0.67,0.45,1.6,1.78,27.9,1.99,2.68
1173,Super Liga (RS),Dragan  Cubra,D. Cubra,839088,2002-06-04,54.37,12,0,6194.25,113.94,866.08,378.83,37.67,163.42,8.42,542.25,46.08,30.49,32.18,31.62,33.83,70.08,5.08,56.92,10.92,3.67,0.64,0.66,1.83,1.25,1.32,23.67,2.16,2.85
1173,Super Liga (RS),Zubairu Ibrahim,Z. Ibrahim,839090,2004-06-02,25.11,6,1,2749.83,109.52,423.67,183.17,16.33,49.67,3.0,232.83,19.33,27.6,28.44,28.23,29.8,29.83,2.83,24.33,6.17,2.17,0.81,,0.83,1.69,,11.33,2.52,
1173,Super Liga (RS),Nikola Jovanovic,N. Jovanovic,839091,2003-10-29,45.01,27,0,5188.37,115.26,808.85,364.33,37.19,136.11,7.26,500.44,44.44,29.48,31.94,30.63,32.9,58.59,5.26,46.63,12.0,3.78,0.63,0.66,1.07,1.21,1.34,24.63,1.78,2.7
1173,Super Liga (RS),Jovan  Milosavljevic,J. Milosavljevic,839096,2007-02-08,60.76,17,0,7796.94,128.33,1435.76,504.0,41.47,103.18,5.47,607.18,46.94,27.27,28.88,29.18,31.07,69.24,2.71,60.06,9.12,1.24,0.68,0.73,0.24,1.73,,41.47,1.95,2.76
1173,Super Liga (RS),Nemanja  Vidojević,N. Vidojević,839097,2004-07-05,79.48,22,1,8344.36,104.98,1042.23,353.95,34.18,113.86,6.23,467.82,40.41,28.29,30.32,29.73,32.33,95.64,4.91,74.41,9.91,3.45,0.67,0.73,1.09,1.51,1.65,22.18,1.98,2.99
1173,Super Liga (RS),Stefan Despotovski,S. Despotovski,839200,2003-01-23,82.99,25,1,9120.72,109.9,1259.52,535.6,49.84,171.68,9.52,707.28,59.36,28.78,30.46,30.37,32.47,98.76,5.68,82.12,14.16,3.8,0.64,0.67,0.96,1.39,1.41,29.76,1.93,2.53
1173,Super Liga (RS),Sinisa  Popovic,S. Popovic,839762,2005-01-23,66.51,4,0,7178.75,107.93,836.75,316.75,30.75,115.0,6.25,431.75,37.0,27.48,27.48,28.9,29.27,76.0,5.25,61.25,10.25,4.0,0.81,0.98,1.0,,,16.5,2.44,
1173,Super Liga (RS),Marko Jevtić,M. Jevtić,839764,1996-02-17,84.86,19,1,8709.26,102.63,997.89,279.16,27.16,72.58,4.21,351.74,31.37,27.43,29.16,28.95,31.27,92.32,3.63,74.37,9.53,1.89,0.67,0.77,0.63,1.62,1.76,18.47,2.16,2.79
1173,Super Liga (RS),Luka Drobnjak,L. Drobnjak,840131,2004-04-25,83.32,25,0,8476.52,101.74,945.6,338.44,34.84,100.56,6.56,439.0,41.4,28.35,30.36,29.72,32.13,103.32,5.36,82.52,14.12,3.16,0.64,0.66,0.68,1.37,1.62,25.24,1.95,2.83
1173,Super Liga (RS),Andrej Kostić,A. Kostić,840413,2007-01-16,38.95,35,0,4449.8,114.24,637.2,291.37,28.6,109.74,6.23,401.11,34.83,29.53,32.5,30.63,33.93,43.8,3.74,35.69,7.63,2.54,0.63,0.64,1.11,1.2,1.21,27.09,1.81,2.63
1173,Super Liga (RS),Kwaku Karikari,K. Karikari,840903,2002-03-25,78.95,28,0,8054.36,102.02,936.79,544.0,63.68,313.32,16.57,857.32,80.25,32.04,33.94,33.38,34.93,88.96,11.25,68.93,21.75,8.86,0.56,0.56,4.04,1.1,1.21,39.21,1.72,2.51
1173,Super Liga (RS),Kayode Saliman,K. Saliman,841303,2003-01-07,52.17,31,0,6175.81,118.38,913.48,502.9,53.26,278.1,13.94,781.0,67.19,30.77,33.22,32.04,34.53,71.42,7.23,56.13,15.58,5.74,0.59,0.61,2.48,1.14,1.23,39.39,1.8,2.66
1173,Super Liga (RS),Godswill Vadze,G. Vadze,841543,2001-09-04,41.82,5,0,4523.6,108.18,590.4,292.0,32.2,147.6,8.6,439.6,40.8,29.32,29.32,30.38,31.1,53.0,5.0,41.0,10.0,4.4,0.68,0.77,2.0,1.28,,19.4,2.47,2.85
1173,Super Liga (RS),Aleksandar Dermanovic,A. Dermanovic,841662,2002-10-03,96.44,17,1,9131.53,94.69,1033.41,335.71,35.18,116.82,6.29,452.53,41.47,29.47,31.28,30.96,33.37,106.06,6.24,86.41,11.12,4.18,0.64,0.65,1.12,1.19,,20.0,1.96,2.81
1173,Super Liga (RS),Aleksa Cvetković,A. Cvetković,841663,2005-05-13,70.32,34,1,8904.56,126.63,1550.21,739.12,63.88,233.65,12.88,972.76,76.76,28.96,30.86,30.66,32.93,90.24,4.79,77.85,14.76,3.47,0.64,0.65,0.94,1.4,1.55,45.97,1.82,2.59
1173,Super Liga (RS),Vasilije Grbović,V. Grbović,841668,2008-05-12,13.08,2,0,1736.5,132.73,311.5,125.5,11.5,33.5,2.5,159.0,14.0,27.05,27.05,27.85,,16.5,1.5,13.5,1.5,1.0,,,1.0,,,15.0,,
1173,Super Liga (RS),Filip Halabrin,F. Halabrin,841669,2006-07-15,36.17,7,1,4180.86,115.58,676.14,262.43,25.71,106.57,6.29,369.0,32.0,28.81,29.14,30.07,31.13,41.14,3.57,33.14,7.57,2.71,0.63,0.86,1.43,1.24,,17.43,1.95,
1173,Super Liga (RS),Aleksej Vukičević,A. Vukičević,842505,2005-06-11,88.35,16,2,8767.25,99.24,1029.69,350.19,34.5,132.81,7.38,483.0,41.88,29.4,30.44,30.75,32.1,96.88,5.62,74.62,11.69,3.69,0.6,0.77,1.12,1.23,1.37,17.69,1.83,2.75
1173,Super Liga (RS), Ivan Davidović,I. Davidović,842511,1996-01-23,89.47,35,0,10859.91,121.38,1716.29,641.57,61.23,187.74,11.51,829.31,72.74,28.67,30.34,30.7,32.7,106.06,4.89,88.57,16.63,3.31,0.62,0.67,0.94,1.3,1.34,49.89,1.82,2.57
1173,Super Liga (RS),Marko Luković,M. Luković,842512,2003-09-04,68.28,15,0,7314.87,107.13,892.47,376.8,39.13,112.27,7.0,489.07,46.13,27.97,29.72,29.43,31.57,80.6,4.93,65.93,13.4,3.8,0.68,0.68,1.13,1.3,1.59,27.53,1.97,2.67
1173,Super Liga (RS),Nikola Marjanovic,N. Marjanovic,842513,1998-04-16,90.11,26,0,9323.12,103.47,1183.54,408.58,39.88,133.15,7.42,541.73,47.31,29.29,32.1,31.08,33.8,100.42,5.54,77.27,10.15,3.58,0.64,0.69,0.81,1.33,1.41,26.42,2.04,2.82
1173,Super Liga (RS),Stefan Stojanovic,S. Stojanovic,842521,2001-07-27,42.2,15,0,4991.07,118.27,733.47,391.13,42.6,185.0,10.53,576.13,53.13,30.47,31.72,31.55,33.0,56.33,6.53,45.0,11.07,5.87,0.6,0.6,2.47,1.21,1.22,23.2,2.03,2.52
1173,Super Liga (RS),Miloš Popović,M. Popović,849574,2004-04-05,93.04,29,0,10632.21,114.28,1708.45,587.69,51.83,137.17,8.07,724.86,59.9,27.75,30.06,29.83,32.93,117.86,4.62,98.69,12.72,2.72,0.58,0.67,0.79,1.37,1.6,34.72,2.01,2.69
1173,Super Liga (RS),Stefan Cimbaljevic,S. Cimbaljevic,849581,2005-01-30,65.26,9,1,7274.67,111.47,992.89,455.22,48.22,215.11,11.56,670.33,59.78,29.01,31.34,29.99,32.67,82.11,7.0,64.78,18.56,4.56,0.6,0.67,1.44,1.48,1.49,31.89,1.99,2.67
1173,Super Liga (RS),Emmanuel Dzigbah,E. Dzigbah,858521,2006-07-06,52.73,2,1,5758.5,109.2,892.0,336.5,37.0,109.5,7.0,446.0,44.0,29.8,29.8,31.1,,68.5,4.5,59.0,12.0,4.0,,,1.0,,,28.5,,
1173,Super Liga (RS),Keimer Andre Sandoval Rodrigues,K. Sandoval,885726,2005-09-03,7.32,1,0,823.0,112.48,118.0,59.0,9.0,41.0,3.0,100.0,12.0,29.8,29.8,30.0,,10.0,2.0,8.0,2.0,0.0,,,0.0,,,2.0,,
1173,Super Liga (RS),Damjan  Djokanovic,D. Djokanovic,886602,2008-01-31,27.98,11,1,3125.91,111.72,374.91,211.27,22.09,82.73,5.27,294.0,27.36,28.25,29.82,28.95,30.87,34.45,2.64,26.0,8.0,1.55,0.81,,0.45,,,13.27,2.06,2.93
1173,Super Liga (RS),Oriyomi Ahmed Lebi,O. Lebi,893756,2006-07-02,53.49,17,0,5455.18,101.98,625.0,258.88,29.59,99.47,6.0,358.35,35.59,28.86,31.12,29.96,32.53,60.0,4.82,51.0,9.41,3.88,0.67,0.68,1.59,1.34,1.45,20.41,1.96,2.73
1173,Super Liga (RS),Clément Lhernault,C. Lhernault,894697,2003-02-13,64.07,15,0,7535.93,117.62,1352.67,384.67,32.87,74.13,4.07,458.8,36.93,26.81,28.48,29.01,31.3,76.6,3.6,65.2,7.87,2.2,0.65,0.66,0.6,1.49,1.68,28.67,2.02,2.6
1173,Super Liga (RS),Dario Pavkovic,D. Pavkovic,901772,1994-05-28,38.96,14,1,4237.93,108.77,558.07,238.07,24.71,93.14,5.21,331.21,29.93,30.17,31.42,31.24,33.13,44.07,3.29,37.21,7.86,1.93,0.73,0.77,0.64,1.39,,16.57,2.03,2.94
1173,Super Liga (RS),Hervé Touré,H. Touré,902323,2000-05-20,61.78,7,0,6791.43,109.93,938.43,293.71,28.57,88.71,3.71,382.43,32.29,28.7,30.12,30.01,32.77,76.0,2.71,67.43,8.71,1.29,0.79,0.98,0.57,1.7,,20.0,2.48,2.91
1173,Super Liga (RS),Daniel James,D. James,905388,2006-12-11,85.33,1,1,10209.0,119.64,1558.0,799.0,75.0,321.0,17.0,1120.0,92.0,30.7,30.7,31.9,,115.0,11.0,90.0,26.0,6.0,,,5.0,,,48.0,,
1173,Super Liga (RS),Lazar Peranović,L. Peranović,907488,2007-12-01,20.08,1,0,2369.0,117.96,514.0,223.0,18.0,29.0,1.0,252.0,19.0,25.2,25.2,26.6,,25.0,2.0,21.0,5.0,2.0,,,1.0,,,23.0,,
1173,Super Liga (RS),Vuk Boskan,V. Boskan,907490,2006-02-08,20.08,1,0,2282.0,113.63,330.0,137.0,19.0,71.0,5.0,208.0,24.0,28.1,28.1,29.1,,23.0,3.0,13.0,6.0,2.0,,,2.0,,,14.0,,
1173,Super Liga (RS),Stephen Chinedu,S. Chinedu,907519,2000-01-06,53.23,14,0,5655.29,106.23,795.07,351.43,34.79,91.29,5.5,442.71,40.29,28.0,30.64,29.59,33.0,65.29,6.57,50.57,13.07,3.86,0.64,0.69,0.43,1.39,,23.71,1.96,2.9
1173,Super Liga (RS),Dusan Ristic,D. Ristic,908352,2000-10-04,40.65,16,2,3838.06,94.42,356.19,112.25,11.75,35.25,1.81,147.5,13.56,26.91,30.78,27.56,31.77,42.12,2.25,33.19,5.06,1.31,0.7,0.7,0.38,1.44,,8.62,2.32,2.89
1173,Super Liga (RS),Nemanja Djokic,N. Djokic,908354,1998-10-23,62.73,30,0,7130.33,113.67,1093.3,392.77,35.3,118.17,6.07,510.93,41.37,28.67,30.86,30.32,32.63,82.77,3.5,69.63,9.93,2.13,0.63,0.67,0.8,1.24,1.38,22.27,2.0,2.76
1173,Super Liga (RS),Dragan Kokanović,D. Kokanović,919903,2002-05-01,52.65,28,1,6352.36,120.64,1076.96,401.0,37.0,112.61,6.79,513.61,43.79,28.14,30.36,29.63,32.37,65.43,2.89,55.46,8.64,1.75,0.64,0.67,0.64,1.23,1.49,29.64,1.91,2.69
1173,Super Liga (RS),Diogo Bezerra de Oliveira,Diogo Bezerra,921645,2002-07-16,92.85,19,1,10590.0,114.05,1271.84,638.26,72.95,439.89,20.42,1078.16,93.37,31.98,33.54,33.56,35.13,95.21,7.32,74.89,17.11,5.68,0.58,0.58,3.0,1.22,1.24,45.79,1.81,2.5
1173,Super Liga (RS),Hugo Alba Silveira,Hugo Alba,933085,2006-03-30,27.33,11,2,2849.91,104.28,376.82,166.91,16.64,66.09,3.55,233.0,20.18,29.34,30.98,30.05,31.97,29.36,2.55,22.27,6.09,1.55,0.76,0.83,0.91,1.53,,11.09,2.17,3.15
1173,Super Liga (RS),Matej Gashtarov,M. Gashtarov,941777,2006-11-15,,0,1,,,,,,,,,,,,,,,,,,,,,,,,,,
1173,Super Liga (RS),Uroš Ilić,U. Ilić,941778,2006-01-15,63.67,11,0,6790.18,106.65,877.45,306.27,31.55,117.18,6.18,423.45,37.73,29.63,31.36,30.71,32.6,70.73,4.0,57.73,8.27,2.45,0.81,0.9,0.82,1.35,,20.64,1.98,2.89
1173,Super Liga (RS),Vasilije  Kostov,V. Kostov,941780,2008-05-11,80.0,33,0,9603.09,120.03,1570.52,531.55,45.73,140.58,7.79,672.12,53.52,28.01,29.76,30.1,32.37,94.06,3.91,82.39,10.67,2.64,0.66,0.66,0.85,1.35,1.44,29.33,1.92,2.61
1173,Super Liga (RS),Aleksa  Damjanović,A. Damjanović,941786,2008-12-04,31.12,7,0,3475.43,111.68,441.43,185.71,20.29,68.71,3.86,254.43,24.14,28.83,29.96,29.69,31.63,37.43,4.14,29.29,7.43,3.14,0.73,0.74,1.14,1.57,1.57,16.57,2.0,2.8
1173,Super Liga (RS),Darije Markocević,D. Markocević,941787,2006-09-05,33.29,14,1,3690.29,110.87,524.93,244.21,26.07,114.07,6.36,358.29,32.43,29.23,31.28,30.26,33.0,40.64,3.79,31.86,6.93,2.86,0.59,0.64,0.86,1.25,1.54,15.64,1.87,2.75
1173,Super Liga (RS),Uroš Tegeltija,U. Tegeltija,941790,2006-03-19,88.72,16,0,10010.56,112.83,1453.56,645.75,61.69,229.12,13.25,874.88,74.94,29.58,30.98,31.18,33.03,112.94,7.69,95.81,16.94,6.0,0.62,0.66,2.12,1.22,1.23,34.06,1.96,2.52
1173,Super Liga (RS),Vasilije  Novicic,V. Novicic,947946,2008-05-07,93.83,32,0,10813.22,115.25,1509.12,555.0,49.75,117.91,6.75,672.91,56.5,27.29,28.72,29.14,31.17,107.59,3.94,92.84,13.09,2.44,0.64,0.73,0.41,1.38,1.48,50.28,1.79,2.66
1173,Super Liga (RS),Andjelko  Pavlovic,A. Pavlovic,949753,2007-06-16,26.81,3,0,3249.67,121.23,494.0,181.33,19.67,68.33,3.0,249.67,22.67,28.33,28.33,29.53,29.53,34.67,3.0,28.33,6.0,2.67,0.81,0.81,1.0,,,16.67,2.84,
1173,Super Liga (RS),Andrej Milanovic,A. Milanovic,960352,2008-08-20,97.39,4,0,9682.0,99.42,1030.75,371.75,40.0,186.5,9.0,558.25,49.0,31.6,31.6,32.58,32.93,100.25,5.0,81.25,12.0,3.75,0.92,,1.5,,,21.75,,
1173,Super Liga (RS),Milos Bakic,M. Bakic,965466,2006-01-21,35.42,1,0,4169.0,117.71,652.0,368.0,33.0,187.0,9.0,555.0,42.0,30.1,30.1,31.0,,39.0,3.0,34.0,4.0,2.0,,,0.0,,,22.0,,
1173,Super Liga (RS),Andrija  Milicevic,A. Milicevic,965469,2005-10-18,19.57,6,0,2396.5,122.43,430.33,204.67,20.0,85.17,4.67,289.83,24.67,29.53,30.22,30.23,31.7,28.0,1.83,22.17,3.5,1.0,0.78,0.84,0.33,,,13.67,2.1,2.87
1173,Super Liga (RS),Dušan  Zagar,D. Zagar,965471,2006-10-28,65.55,31,0,7469.97,113.96,1052.77,479.74,53.61,218.16,12.68,697.9,66.29,30.61,33.28,32.11,34.9,80.13,7.52,61.19,18.06,6.03,0.56,0.56,2.39,1.04,1.08,35.29,1.85,2.55
1173,Super Liga (RS),Ethan Hoard,E. Hoard,966469,2001-05-19,76.67,14,2,8461.64,110.37,1136.79,509.64,53.79,232.5,13.43,742.14,67.21,30.34,31.3,31.79,33.2,87.57,6.93,73.64,13.21,5.36,0.61,0.73,2.29,1.29,1.36,32.43,2.06,2.99
1173,Super Liga (RS),Djordje  Marinković,D. Marinković,967276,2006-01-15,30.1,4,0,3825.0,127.08,739.5,274.5,21.0,30.75,3.0,305.25,24.0,25.75,25.75,27.1,27.4,44.25,2.25,36.75,5.0,1.75,0.89,,0.5,,,21.5,2.02,
1173,Super Liga (RS),Nikola Tasić,N. Tasić,968126,2006-12-14,30.77,7,1,3810.57,123.84,702.86,270.86,22.0,56.29,3.0,327.14,25.0,26.93,27.72,27.87,30.1,39.29,2.29,31.43,5.86,1.29,0.82,,0.43,1.73,,15.71,2.28,2.78
1173,Super Liga (RS),Stefan Gudelj,S. Gudelj,968129,2006-05-18,63.4,5,1,6697.0,105.63,871.4,299.8,28.6,72.0,4.6,371.8,33.2,26.58,26.58,28.04,30.2,75.8,4.2,54.6,9.2,2.8,0.74,,0.4,,,16.4,2.38,2.93
1173,Super Liga (RS),Davorin  Tosić,D. Tosić,968130,2007-03-29,33.33,4,0,4224.75,126.74,791.0,304.0,26.5,78.75,5.25,382.75,31.75,28.32,28.32,29.43,30.17,50.5,4.75,37.25,8.25,4.25,0.74,0.76,1.25,,,24.0,2.28,3.05
1173,Super Liga (RS),Luka Zaric,L. Zaric,968131,2008-10-31,34.29,19,0,4010.53,116.96,619.47,299.89,33.0,154.42,8.21,454.32,41.21,30.59,32.3,31.45,33.43,48.32,4.42,38.84,10.32,3.53,0.66,0.66,1.32,1.16,1.33,21.37,1.98,2.69
1173,Super Liga (RS),Dimitrije Janković,D. Janković,968543,2006-02-27,28.26,8,1,3494.12,123.63,594.75,226.12,21.62,73.0,3.5,299.12,25.12,28.5,30.24,29.24,31.6,40.62,2.0,34.12,5.38,1.38,0.77,0.77,0.38,1.95,,17.12,2.2,3.02
1173,Super Liga (RS),Mihajlo  Petrovic,M. Petrovic,970427,2005-09-21,15.71,3,0,2087.67,132.88,415.33,153.67,15.33,57.33,3.33,211.0,18.67,27.9,27.9,28.9,28.9,21.0,1.67,15.0,3.0,1.0,,,0.33,,,8.0,,
1173,Super Liga (RS),Filip Matijasevic,F. Matijasevic,972662,2008-03-04,67.16,30,1,8138.23,121.18,1482.53,587.7,50.9,122.93,7.7,710.63,58.6,27.3,29.02,29.04,30.93,93.23,3.9,75.47,12.37,2.7,0.68,0.68,0.67,1.37,1.52,40.6,1.89,2.63
1173,Super Liga (RS),Issiaka Dembele,I. Dembele,972694,2005-11-04,37.87,12,1,4239.08,111.94,653.83,238.67,24.83,78.75,4.5,317.42,29.33,27.42,30.04,28.69,32.83,44.25,2.67,38.67,6.75,2.17,0.56,0.74,0.92,1.08,,18.5,2.0,2.68
1173,Super Liga (RS),Emmanuel King Sieh Jr.,E. Sieh Jr.,977419,2006-10-11,38.85,2,0,4310.5,110.95,709.0,299.5,33.0,117.0,8.0,416.5,41.0,29.25,29.25,30.2,,44.5,5.5,38.0,10.5,4.0,,,0.0,,,25.5,,
1173,Super Liga (RS),Abdulsamed Ahmed Abdullahi,Abdulsamed Abdullahi,977627,1997-01-19,41.67,14,0,4809.64,115.43,746.93,373.64,35.07,122.71,6.86,496.36,41.93,28.63,30.58,29.69,32.07,54.14,3.29,44.57,10.29,2.36,0.7,0.74,0.71,1.55,,24.79,1.88,2.69
1173,Super Liga (RS),Mamane Moustapha Amadou Sabo,M. Amadou Sabo,978616,2004-09-14,95.92,33,0,10307.48,107.46,1332.33,446.06,44.24,136.79,7.15,582.85,51.39,28.92,31.14,31.03,33.33,100.73,5.27,88.42,11.7,3.42,0.56,0.56,1.15,1.21,1.26,34.0,1.88,2.51
1173,Super Liga (RS),Luka Puzovic,L. Puzovic,979091,2004-07-23,31.36,8,0,3626.0,115.63,619.62,224.5,18.75,39.62,2.62,264.12,21.38,27.7,28.58,28.69,29.87,39.62,2.62,32.0,4.38,1.75,0.74,0.81,0.12,,,14.0,2.19,3.27
1173,Super Liga (RS),Ivan Šubert,I. Šubert,979661,1993-10-14,57.17,8,0,5660.5,99.02,585.5,201.0,19.12,67.12,3.12,268.12,22.25,27.39,29.74,28.64,31.57,60.12,2.5,49.5,7.75,1.62,0.78,0.89,0.38,1.65,,13.12,2.43,
1173,Super Liga (RS),Milan  Djokovic,M. Djokovic,981327,2003-09-25,86.51,28,1,9412.29,108.8,1204.89,426.14,40.0,146.43,7.29,572.57,47.29,28.68,31.32,30.55,32.87,100.11,4.46,77.93,11.64,3.43,0.64,0.7,1.18,1.27,1.4,25.5,2.09,2.74
1173,Super Liga (RS),David Stojanovic,D. Stojanovic,982556,2002-02-14,87.8,19,0,8416.05,95.85,959.53,303.79,32.53,100.68,6.0,404.47,38.53,28.79,30.34,30.56,32.23,99.32,5.32,76.89,10.79,2.58,0.69,0.74,0.79,1.2,,20.95,2.15,2.77
1173,Super Liga (RS),Lazar Stojanovic,L. Stojanovic,982558,2000-05-16,52.51,15,0,5835.67,111.14,831.53,338.27,33.13,134.93,6.67,473.2,39.8,29.69,31.26,30.81,32.9,63.33,4.07,51.6,11.33,2.8,0.6,0.61,1.0,1.22,,19.53,2.15,2.6
1173,Super Liga (RS),Douglas Owusu,D. Owusu,982560,2006-04-10,87.33,30,0,9426.87,107.94,1329.53,682.6,75.37,298.4,18.07,981.0,93.43,30.37,32.56,32.1,34.1,105.47,13.27,82.6,25.7,10.43,0.58,0.61,3.53,1.08,1.12,54.4,1.86,2.51
1173,Super Liga (RS),Petar Petrovic,P. Petrovic,988309,2005-07-13,95.29,34,0,9503.85,99.73,998.5,318.41,31.47,114.15,5.65,432.56,37.12,29.2,32.06,30.67,33.4,98.12,4.85,76.44,8.74,3.15,0.57,0.61,1.18,1.26,1.39,19.62,1.87,2.67
1173,Super Liga (RS),Đokovic Petar,Đ. Petar,988310,2008-02-13,22.94,14,1,2776.0,121.01,449.57,162.5,15.43,39.0,2.5,201.5,17.93,26.99,29.12,27.84,30.17,28.14,1.93,23.36,4.36,0.93,0.8,0.84,0.14,,,8.71,2.4,2.98
1173,Super Liga (RS),Stefan  Petrovic,S. Petrovic,988747,2008-03-01,54.69,9,0,6057.56,110.76,784.89,368.56,37.44,166.89,9.11,535.44,46.56,29.54,31.44,30.6,33.13,60.22,3.67,50.0,9.56,2.33,0.67,0.68,0.67,1.63,1.65,24.89,2.01,2.73
1173,Super Liga (RS),Dusan  Jovanovic,D. Jovanovic,988753,2008-02-07,7.82,1,0,824.0,105.42,88.0,61.0,7.0,36.0,2.0,97.0,9.0,28.1,28.1,28.3,,10.0,0.0,6.0,2.0,0.0,,,0.0,,,5.0,,
1173,Super Liga (RS),Mame Moustapha Fall,Moustapha Fall,994293,2005-06-03,82.53,11,0,8306.0,100.64,936.91,351.91,38.09,148.36,8.09,500.27,46.18,29.75,30.72,31.32,32.5,85.82,6.82,69.27,11.73,4.91,0.6,0.63,2.09,1.14,1.25,24.0,2.15,2.75
1173,Super Liga (RS),Bogdan Kostić,B. Kostić,998179,2007-01-17,43.71,25,0,4779.24,109.34,669.8,273.12,26.24,94.84,4.84,367.96,31.08,28.56,31.06,29.84,33.03,50.52,3.52,41.12,6.96,2.8,0.58,0.59,1.04,1.19,1.25,16.12,2.14,2.74
1173,Super Liga (RS),Stefan Mladenović,S. Mladenović,998180,2007-09-12,60.41,25,1,6894.6,114.13,971.04,408.36,39.48,135.6,7.84,543.96,47.32,28.72,30.54,30.13,32.5,73.48,4.88,59.08,13.52,3.64,0.59,0.59,1.4,1.28,1.33,29.44,1.94,2.6
1173,Super Liga (RS),Uros Filimonovic,U. Filimonovic,998315,2006-04-12,5.05,1,0,728.0,144.16,149.0,57.0,6.0,29.0,0.0,86.0,6.0,29.3,29.3,29.4,,5.0,0.0,5.0,1.0,0.0,,,0.0,,,3.0,,
1173,Super Liga (RS),Nemanja Ahčin,N. Ahčin,998316,1994-04-07,54.97,1,1,5809.0,105.68,711.0,177.0,19.0,26.0,2.0,203.0,21.0,26.4,26.4,27.3,,54.0,2.0,48.0,6.0,2.0,,,0.0,,,24.0,,
1173,Super Liga (RS),Andrej Pavlovic,A. Pavlovic,998390,2007-07-29,90.27,25,1,8895.92,98.55,1035.52,332.6,32.28,102.12,5.96,434.72,38.24,28.64,31.26,29.98,32.43,104.04,5.08,82.72,12.76,3.08,0.66,0.75,1.12,1.38,1.52,19.2,2.11,2.8
1173,Super Liga (RS),Stefan Tomovic,S. Tomovic,998392,2008-08-28,31.71,15,1,3801.4,119.86,603.0,250.2,24.53,87.67,4.87,337.87,29.4,29.03,31.26,29.87,32.6,42.07,2.6,32.8,6.47,1.93,0.65,0.76,0.87,1.22,1.32,21.73,1.98,2.59
1173,Super Liga (RS),Nemanja Milojević,N. Milojević,1000055,2007-07-25,17.55,1,0,2082.0,118.63,319.0,247.0,19.0,86.0,3.0,333.0,22.0,28.0,28.0,28.8,,24.0,1.0,18.0,3.0,1.0,,,1.0,,,10.0,,
1173,Super Liga (RS),Djordje Radivojevic,D. Radivojevic,1001407,2008-10-09,35.34,3,0,4236.33,119.86,672.0,263.0,24.33,59.33,4.0,322.33,28.33,27.43,27.43,28.83,28.83,47.33,2.33,37.33,8.67,1.33,,,0.33,,,22.0,2.53,3.04
1173,Super Liga (RS),Vanja Dragojevic,V. Dragojevic,1002202,2006-01-11,81.96,35,0,10097.71,123.2,1750.51,713.4,63.51,204.31,11.49,917.71,75.0,28.42,30.18,30.16,31.97,104.29,5.46,87.8,13.54,4.06,0.6,0.6,1.71,1.13,1.17,48.11,1.82,2.53
1173,Super Liga (RS),Luka Izderic,L. Izderic,1004383,2006-03-13,55.71,20,1,6486.55,116.43,1168.0,410.35,35.85,74.75,5.25,485.1,41.1,27.32,29.22,29.18,31.53,78.6,4.0,62.35,12.9,2.55,0.61,0.67,0.7,1.26,1.45,31.55,1.85,2.77
1173,Super Liga (RS),Kufre Eta,K. Eta,1007512,2004-06-10,61.99,9,1,6215.44,100.26,637.89,241.0,26.22,105.78,5.44,346.78,31.67,30.11,31.24,31.13,32.73,65.33,3.56,50.11,6.56,2.67,0.62,0.62,1.33,1.25,1.25,16.22,2.09,2.88
1173,Super Liga (RS),Skima kobinah Togbe,S. Togbe,1007726,2006-06-15,66.99,32,0,7555.53,112.79,1127.31,427.12,39.56,97.91,5.78,525.03,45.34,27.74,29.04,29.4,31.03,80.34,3.81,67.09,12.47,2.44,0.61,0.62,0.44,1.37,1.37,31.91,1.83,2.5
1173,Super Liga (RS),Mateo Ezequiel Martinez,M. Martinez,1016003,2008-04-27,32.17,3,0,3589.33,111.57,562.0,219.67,18.33,40.67,2.67,260.33,21.0,26.87,26.87,27.93,27.93,45.33,3.33,40.0,4.67,3.0,0.82,,0.67,,,10.67,2.17,
1173,Super Liga (RS),Tomislav Todorović,T. Todorović,1018392,1998-02-13,53.1,3,0,6504.0,122.49,978.67,340.33,36.33,118.67,6.33,459.0,42.67,28.17,28.17,29.63,29.63,58.0,4.0,47.67,11.0,3.33,0.86,1.1,0.0,,,20.0,2.07,2.94
1173,Super Liga (RS),Vladan Milosavljev,V. Milosavljev,1018394,1987-02-01,39.58,1,0,3935.0,99.41,478.0,219.0,19.0,88.0,3.0,307.0,22.0,29.5,29.5,30.3,,33.0,1.0,24.0,4.0,0.0,,,0.0,,,7.0,,
1173,Super Liga (RS),David Djokic,D. Djokic,1018395,2009-07-08,39.18,12,0,5126.0,130.84,823.42,355.17,34.0,113.08,7.17,468.25,41.17,28.56,30.38,29.83,32.27,51.17,2.58,43.0,8.75,1.75,0.71,0.76,0.75,1.56,1.67,27.17,2.02,2.83
1173,Super Liga (RS),Savo Raskovic,S. Raskovic,1018398,2002-01-25,37.21,15,0,4542.73,122.08,750.47,216.73,20.2,41.87,2.87,258.6,23.07,26.99,28.54,28.08,29.53,45.87,1.33,40.33,4.13,0.73,0.84,0.91,0.07,,,20.13,2.04,2.85
1173,Super Liga (RS),Stefan Vidaković,S. Vidaković,1018400,2005-03-06,25.02,2,0,2700.5,107.91,402.5,152.0,17.0,47.5,2.5,199.5,19.5,30.15,30.15,31.05,,32.0,2.5,23.0,6.5,2.5,,,1.5,,,13.5,,
1173,Super Liga (RS),Vladimir Petrović,V. Petrović,1018401,1997-02-15,14.84,2,0,1818.5,122.53,277.5,116.5,11.0,14.0,1.0,130.5,12.0,26.35,26.35,26.9,,21.5,1.5,16.5,4.0,0.5,,,0.0,,,7.5,,
1173,Super Liga (RS),Vladan Novevski,V. Novevski,1018402,2002-05-13,33.48,2,0,3586.5,107.11,464.5,173.5,19.0,93.5,4.0,267.0,23.0,29.75,29.75,30.7,,36.0,2.5,30.5,5.5,2.5,,,2.0,,,13.5,,
1173,Super Liga (RS),Lacine Adams Kader Kone,L. Kader Kone,1018485,2002-11-01,19.91,11,0,2067.0,103.8,269.36,123.36,12.73,45.45,2.18,168.82,14.91,29.17,31.3,29.75,32.07,24.64,1.91,20.0,4.36,1.36,0.69,,0.64,1.56,,8.18,2.35,
1173,Super Liga (RS),Djordje Petrović,D. Petrović,1018486,2008-07-07,61.87,20,0,6478.6,104.71,766.6,354.7,40.0,162.2,9.25,516.9,49.25,30.02,31.6,31.15,32.93,73.25,6.0,60.5,13.75,4.9,0.58,0.58,1.8,1.07,1.12,23.4,2.08,2.63
1173,Super Liga (RS),Aleksa  Kuljanin,A. Kuljanin,1018487,2004-01-17,62.98,25,0,7273.2,115.49,1199.2,558.68,51.4,151.48,9.4,710.16,60.8,28.52,30.62,30.14,32.07,76.92,5.56,60.44,15.76,3.92,0.59,0.6,1.12,1.28,1.37,37.8,1.7,2.58
1173,Super Liga (RS),Djordje  Glavinic,D. Glavinic,1018488,2004-02-12,55.15,2,0,6740.0,122.21,941.5,521.0,51.0,214.0,12.0,735.0,63.0,28.7,28.7,29.7,,72.5,5.5,65.5,13.5,3.5,,,2.0,,,31.5,,
1173,Super Liga (RS),Dragan  Tegeltija,D. Tegeltija,1018542,2006-03-19,44.14,3,0,4965.67,112.5,668.0,307.0,25.33,46.67,3.67,353.67,29.0,27.17,27.17,28.2,28.2,54.0,3.67,45.0,8.33,3.0,0.76,,1.0,,,17.0,,
1173,Super Liga (RS),Uroš Cejic,U. Cejic,1018543,2004-03-26,54.92,20,1,6310.85,114.9,922.7,411.6,42.9,172.95,9.9,584.55,52.8,29.61,31.36,30.9,33.27,72.25,5.1,56.35,15.5,3.85,0.59,0.64,1.3,1.29,1.29,29.8,1.88,2.71
1173,Super Liga (RS),Strahinja Lukovic,S. Lukovic,1018544,2005-10-25,21.47,2,0,2459.5,114.57,384.5,171.0,16.5,81.5,3.5,252.5,20.0,27.85,27.85,28.65,,29.5,1.5,26.0,4.0,1.5,,,1.0,,,7.5,,
1173,Super Liga (RS),Mass Modou Sise,M. Modou Sise,1019274,2003-09-23,25.18,14,0,2704.64,107.39,359.07,188.64,20.0,76.29,4.79,264.93,24.79,28.18,30.32,28.91,31.43,31.14,2.64,25.36,6.21,1.57,0.68,0.76,0.57,1.4,,9.5,2.26,3.06
1173,Super Liga (RS),Babacar Mboup,B. Mboup,1020091,2002-11-20,56.48,17,0,6045.24,107.04,804.88,370.53,38.94,135.12,8.12,505.65,47.06,28.76,30.64,30.23,32.47,62.24,5.0,51.18,11.53,3.82,0.62,0.74,0.88,1.36,1.79,28.29,1.98,2.69
1173,Super Liga (RS),Tadija  Stanisic,T. Stanisic,1020476,2007-06-05,,0,1,,,,,,,,,,,,,,,,,,,,,,,,,,
1173,Super Liga (RS),Ahmed  Hadzimujović,A. Hadzimujović,1020480,2007-08-17,92.36,32,0,9378.34,101.55,1115.28,379.62,36.22,112.84,6.69,492.47,42.91,28.62,30.8,30.31,32.63,103.31,5.75,80.03,12.31,4.09,0.61,0.63,1.41,1.27,1.35,24.66,1.87,2.67
1173,Super Liga (RS),Martin Andjelkovic,M. Andjelkovic,1020945,2005-05-17,17.09,5,0,2181.8,127.69,352.4,172.4,14.0,79.2,3.0,251.6,17.0,28.44,28.44,29.24,31.1,24.4,1.6,17.4,3.6,1.4,0.81,,0.6,,,10.8,2.41,
1173,Super Liga (RS),Emmanuel Quarshie,E. Quarshie,1020948,2007-04-29,58.69,14,0,6521.93,111.13,935.79,420.14,45.21,170.79,10.43,590.93,55.64,30.04,32.26,31.78,33.9,75.64,7.21,59.43,14.43,5.86,0.6,0.61,2.36,1.13,1.33,33.57,1.95,2.67
1173,Super Liga (RS),Ognjen Abramusic,O. Abramusic,1021120,2003-10-18,73.7,5,2,9217.4,125.07,1556.0,520.0,51.2,162.2,9.4,682.2,60.6,28.72,28.72,30.28,30.67,92.4,4.8,79.2,14.2,3.4,0.66,0.75,1.6,1.31,,34.0,1.94,2.98
1173,Super Liga (RS),Kudu Shama Abdul,K. Abdul,1022000,2006-02-02,11.97,1,1,1120.0,93.59,142.0,45.0,4.0,0.0,0.0,45.0,4.0,22.9,22.9,23.6,,11.0,1.0,8.0,0.0,0.0,,,0.0,,,3.0,,
1173,Super Liga (RS),Mihailo Todosijević,M. Todosijević,1022387,2007-11-27,59.01,19,0,7309.05,123.85,1081.21,428.68,43.68,153.32,8.95,582.0,52.63,29.58,31.16,31.15,33.1,78.26,4.32,67.84,11.47,3.32,0.63,0.71,0.63,1.34,1.62,27.47,1.96,2.61
1173,Super Liga (RS),Nikola Stankovic,N. Stankovic,1022389,2008-06-20,95.85,1,0,10667.0,111.29,1383.0,632.0,66.0,288.0,13.0,920.0,79.0,31.4,31.4,32.6,,116.0,10.0,98.0,28.0,8.0,,,4.0,,,39.0,,
1173,Super Liga (RS),Sumaila Wasiu,S. Wasiu,1022461,2004-06-15,27.96,11,0,3006.64,107.52,400.09,206.73,23.0,123.45,5.82,330.18,28.82,30.0,32.78,30.77,34.57,34.64,4.09,25.82,9.09,3.36,0.59,0.65,1.91,1.18,1.58,16.73,2.07,2.84
1173,Super Liga (RS),Baltic Stefman,B. Stefman,1024281,2004-02-26,5.87,1,2,765.0,130.4,171.0,63.0,3.0,8.0,1.0,71.0,4.0,24.9,24.9,25.9,,14.0,1.0,7.0,3.0,0.0,,,0.0,,,4.0,,
1173,Super Liga (RS),Teo Lakic,T. Lakic,1025128,,48.16,5,1,5855.6,121.58,899.4,304.4,27.6,58.4,4.0,362.8,31.6,27.26,27.26,28.46,29.83,60.0,3.6,50.6,8.0,2.0,0.93,,0.6,,,23.2,2.1,3.1
1173,Super Liga (RS),Yusuf Omosanya Ibrahim,Y. Omosanya Ibrahim,1028094,2006-05-25,42.01,8,0,5094.25,121.27,872.12,279.88,24.75,45.0,3.0,324.88,27.75,26.71,27.86,28.26,29.8,54.25,2.0,47.5,6.75,0.75,0.73,,0.25,,,20.12,2.07,3.06
1173,Super Liga (RS), Uros Filipovic,U. Filipovic,1028944,2006-08-01,78.01,22,1,8531.64,109.37,1191.77,501.95,48.73,178.0,10.23,679.95,58.95,29.27,31.12,30.75,33.0,92.64,8.0,74.95,16.68,5.91,0.62,0.67,1.77,1.27,1.31,32.86,1.95,2.59
1173,Super Liga (RS),Nemanja Tosic,N. Tosic,1029029,,86.12,9,0,9887.78,114.81,1315.0,484.22,48.33,165.78,9.78,650.0,58.11,28.96,30.0,30.6,31.93,103.89,6.11,92.33,12.44,4.44,0.73,0.78,1.67,1.32,1.43,30.33,1.98,2.73
1173,Super Liga (RS),Solbodan   Urosevich  ,S. Urosevich,1029038,,87.92,27,0,9336.11,106.18,1113.19,405.07,40.52,122.89,6.78,527.96,47.3,28.34,30.32,29.89,31.7,96.3,5.41,83.11,13.56,3.48,0.63,0.72,0.96,1.3,1.62,26.44,1.97,2.74
1173,Super Liga (RS),Simão Pedro,S. Pedro,1030845,2006-08-31,67.54,16,0,7390.88,109.43,939.62,456.19,54.69,289.44,14.0,745.62,68.69,32.54,33.88,33.76,35.5,78.62,6.94,63.62,14.5,5.81,0.58,0.59,2.75,1.04,1.04,25.19,2.11,2.66
1173,Super Liga (RS),Abdulmalik Mohammed,A. Mohammed,1031868,2007-05-09,59.77,2,0,6455.5,108.0,986.0,337.5,35.0,78.0,5.0,415.5,40.0,27.8,27.8,29.4,,71.5,6.0,58.5,14.0,4.0,,,2.0,,,24.5,,
1173,Super Liga (RS),Bosiako Francis Antwi,B. Francis Antwi,1032123,2005-05-01,5.88,3,0,752.67,128.05,126.0,83.0,7.67,62.0,2.33,145.0,10.0,29.03,29.03,29.47,29.47,7.67,1.0,6.67,0.67,0.67,,,0.33,,,4.0,,
1173,Super Liga (RS),Veljko Zuric,V. Zuric,1032865,2008-05-28,67.23,1,1,6500.0,96.68,793.0,269.0,24.0,102.0,6.0,371.0,30.0,29.7,29.7,30.6,,79.0,4.0,60.0,9.0,0.0,,,0.0,,,14.0,,
1173,Super Liga (RS),Akrofi Daniel,A. Daniel,1034677,2007-07-14,20.82,1,1,2412.0,115.87,357.0,147.0,12.0,31.0,2.0,178.0,14.0,27.0,27.0,28.0,,27.0,1.0,23.0,4.0,0.0,,,0.0,,,20.0,,
1173,Super Liga (RS),Abdoul Rahim Sawadogu,A. Rahim Sawadogu,1036538,2006-11-12,87.44,4,0,9227.5,105.53,1171.25,450.75,40.75,152.5,7.75,603.25,48.5,29.23,29.23,30.85,31.43,104.5,5.25,82.0,9.5,3.5,0.79,,0.25,,,25.0,2.46,
1173,Super Liga (RS),Dimitrije Nikolic,D. Nikolic,1036539,2007-02-10,74.03,2,0,7460.0,100.78,852.0,343.5,37.5,98.5,7.5,442.0,45.0,27.45,27.45,28.95,,84.0,4.5,70.5,17.0,3.5,,,0.0,,,20.5,,
1173,Super Liga (RS),Dimitrije Saric,D. Saric,1037074,2008-11-04,32.11,6,0,3690.33,114.91,534.17,238.33,20.5,82.17,4.0,320.5,24.5,29.45,30.0,30.1,31.87,40.33,1.67,31.67,6.83,1.33,0.83,0.95,0.5,,,11.0,2.55,3.0
1173,Super Liga (RS),Nebojsa Grujic,N. Grujic,1038506,2009-04-02,54.37,3,0,6646.0,122.23,1081.0,457.33,44.67,175.0,8.67,632.33,53.33,29.43,29.43,30.33,30.33,78.0,5.67,62.67,15.0,5.33,0.84,,1.33,,,33.67,2.37,2.89
1173,Super Liga (RS),Marko Kolaković,M. Kolaković,1039759,1993-02-09,85.77,1,0,8170.0,95.26,714.0,203.0,18.0,26.0,2.0,229.0,20.0,25.7,25.7,28.2,,88.0,5.0,65.0,10.0,3.0,,,0.0,,,17.0,,
1173,Super Liga (RS),Matija Ninic,M. Ninic,1044198,2006-03-13,23.04,2,0,2747.5,119.24,422.0,262.5,25.5,104.5,6.0,367.0,31.5,30.0,30.0,30.45,,31.0,3.5,26.0,6.0,3.0,,,1.0,,,14.0,,
1173,Super Liga (RS),Marko Lekic,M. Lekic,1044200,1996-08-21,21.07,1,0,2351.0,111.6,356.0,126.0,15.0,39.0,3.0,165.0,18.0,26.9,26.9,27.8,,28.0,2.0,22.0,4.0,0.0,,,0.0,,,12.0,,
1173,Super Liga (RS),Vasil Tasovski,V. Tasovski,1044214,2007-03-11,67.84,11,1,7704.0,113.56,1001.18,438.82,41.55,130.73,7.27,569.55,48.82,28.85,30.56,30.39,32.4,75.82,4.09,62.27,11.45,3.0,0.68,0.72,0.73,1.32,1.68,32.73,2.0,2.78
1173,Super Liga (RS),Novak  Stevanovic,N. Stevanovic,1044215,2009-07-14,47.92,6,2,6260.17,130.65,1135.83,350.0,29.67,37.0,3.17,387.0,32.83,25.52,25.82,27.38,28.43,67.33,2.67,57.5,8.83,1.33,0.88,,0.17,,,24.67,2.06,2.9
1173,Super Liga (RS),Milos Soprenic,M. Soprenic,1044281,2008-05-13,15.53,4,0,1757.25,113.16,272.75,112.0,8.25,25.0,1.25,137.0,9.5,26.9,26.9,27.62,28.37,19.25,1.0,13.75,3.0,0.0,,,0.0,,,7.25,,
1173,Super Liga (RS),Marko Lekic,M. Lekic,1044913,2003-08-03,23.18,1,0,3041.0,131.17,511.0,376.0,28.0,92.0,5.0,468.0,33.0,28.7,28.7,29.3,,30.0,2.0,26.0,5.0,2.0,,,0.0,,,14.0,,
1173,Super Liga (RS),Damjan  Jovanović,D. Jovanović,1047184,2004-09-24,12.22,1,0,1459.0,119.43,289.0,54.0,7.0,45.0,2.0,99.0,9.0,31.1,31.1,31.4,,13.0,1.0,8.0,2.0,0.0,,,0.0,,,4.0,,
1173,Super Liga (RS),Thomas Victor Ude,T. Ude,1047558,2006-10-30,,0,1,,,,,,,,,,,,,,,,,,,,,,,,,,
1173,Super Liga (RS),Matej Strika,M. Strika,1049404,2009-08-20,10.95,1,0,1335.0,121.92,255.0,113.0,10.0,18.0,2.0,131.0,12.0,26.5,26.5,27.1,,21.0,1.0,15.0,5.0,1.0,,,0.0,,,7.0,,
1173,Super Liga (RS),Dragan Anokic,D. Anokic,1049412,2009-11-24,4.9,1,0,758.0,154.69,158.0,47.0,4.0,0.0,0.0,47.0,4.0,25.0,25.0,25.7,,14.0,1.0,10.0,0.0,0.0,,,0.0,,,4.0,,
1173,Super Liga (RS),Daniel Ose Friday,D. Ose Friday,1060908,2007-10-10,26.18,1,1,2733.0,104.38,403.0,241.0,23.0,110.0,6.0,351.0,29.0,30.2,30.2,30.9,,30.0,4.0,18.0,8.0,3.0,,,1.0,,,12.0,,
1173,Super Liga (RS),Nenad Miranovic,N. Miranovic,1065162,2008-09-17,20.87,9,1,2525.78,121.04,434.44,145.0,14.44,56.11,2.44,201.11,16.89,28.9,29.98,29.58,31.1,26.44,1.67,20.22,3.33,1.11,0.84,0.84,0.33,,,9.56,2.4,2.79
1173,Super Liga (RS),Enzo Oliveira gonzaga,E. Oliveira gonzaga,1065380,2007-12-04,22.01,6,2,2407.17,109.38,359.17,167.5,17.5,65.17,3.33,232.67,20.83,28.7,29.6,29.32,31.33,27.0,2.67,20.5,5.83,2.17,0.7,0.91,0.67,,,12.33,2.02,2.9
1173,Super Liga (RS),Vasilije Subotić,V. Subotić,1066087,2008-01-05,38.57,2,0,4760.0,123.42,777.5,394.5,34.5,144.5,7.5,539.0,42.0,28.5,28.5,29.6,,49.5,3.5,36.5,10.5,1.5,,,0.5,,,16.0,,
1173,Super Liga (RS),Dauda Johnson agwom,D. Johnson agwom,1066604,2007-05-04,21.92,5,0,2238.4,102.13,300.4,122.6,12.6,53.2,2.8,175.8,15.4,28.96,28.96,29.56,30.9,27.4,2.2,18.4,4.6,1.6,0.8,,1.0,1.46,,13.0,2.28,2.84
1173,Super Liga (RS),Jovan Mrvaljević,J. Mrvaljević,1066693,2008-07-29,5.4,1,1,660.0,122.22,119.0,50.0,2.0,10.0,1.0,60.0,3.0,25.6,25.6,26.1,,14.0,1.0,7.0,2.0,0.0,,,0.0,,,2.0,,
1173,Super Liga (RS),Mateo Maravic,M. Maravic,1066799,2008-01-22,15.38,2,0,1747.0,113.63,231.5,115.0,8.0,29.5,1.0,144.5,9.0,26.8,26.8,27.6,,19.0,1.0,14.0,1.0,0.5,,,0.0,,,6.0,,
1173,Super Liga (RS),Andrej Ilic,A. Ilic,1066800,2008-03-02,46.07,2,1,5816.0,126.25,958.5,336.0,28.0,98.5,5.0,434.5,33.0,29.8,29.8,30.75,,56.0,1.0,50.5,7.0,0.5,,,0.0,,,27.0,,
1173,Super Liga (RS),Stefan Jovanovic,S. Jovanovic,1066840,2007-01-23,57.69,4,1,6334.0,109.79,851.5,464.0,44.75,246.25,11.25,710.25,56.0,31.32,31.32,32.9,33.37,71.75,4.75,58.25,13.25,4.75,0.78,,2.25,1.57,,21.0,2.23,2.97
1173,Super Liga (RS),Strahinja Andjelic,S. Andjelic,1067348,2008-02-26,69.76,4,0,8063.5,115.59,1140.0,502.25,50.25,224.75,11.5,727.0,61.75,30.45,30.45,31.88,31.93,89.75,6.25,77.5,14.0,4.25,0.81,0.89,1.5,1.66,,22.5,2.08,2.83
1173,Super Liga (RS),Tadija Cojic,T. Cojic,1067602,2009-09-26,33.75,2,0,4195.5,124.31,820.5,322.0,28.5,56.0,5.0,378.0,33.5,26.3,26.3,27.5,,48.5,2.0,36.0,10.5,2.0,,,0.0,,,33.0,,
1173,Super Liga (RS),Daniel james Wisdom,D. Wisdom,1067884,2007-05-21,95.78,1,0,11388.0,118.89,1662.0,735.0,79.0,296.0,16.0,1031.0,95.0,30.0,30.0,31.2,,120.0,8.0,92.0,28.0,6.0,,,2.0,,,65.0,,
1173,Super Liga (RS),Strahinja Vasilic,S. Vasilic,1067885,2008-01-24,18.18,2,0,2114.5,116.34,380.5,88.0,7.5,2.5,0.0,90.5,7.5,22.8,22.8,23.95,,24.5,2.0,19.5,3.0,1.5,,,0.0,,,7.0,,
1173,Super Liga (RS),Bakir Bilalovic,B. Bilalovic,1067950,2008-04-11,,0,1,,,,,,,,,,,,,,,,,,,,,,,,,,
1173,Super Liga (RS),Ersan Mavric,E. Mavric,1067951,2007-02-10,16.63,1,0,1868.0,112.3,336.0,122.0,11.0,3.0,1.0,125.0,12.0,24.9,24.9,26.0,,25.0,3.0,23.0,1.0,3.0,,,0.0,,,16.0,,
1173,Super Liga (RS),Aleksa Novakovic,A. Novakovic,1067957,2008-03-01,63.23,2,0,7419.0,117.34,1053.0,405.0,43.5,126.0,7.5,531.0,51.0,29.25,29.25,30.4,,71.5,3.0,59.0,9.0,0.5,,,0.0,,,30.5,,
1173,Super Liga (RS),Ognjen Matanovic,O. matanovic,1069080,2010-01-14,10.95,1,0,1270.0,115.98,219.0,59.0,6.0,25.0,2.0,84.0,8.0,27.5,27.5,27.9,,16.0,2.0,11.0,4.0,1.0,,,0.0,,,3.0,,
1173,Super Liga (RS),Jovan Ostojić,J. Ostojić,1069142,2008-10-28,5.85,1,0,636.0,108.72,81.0,8.0,1.0,4.0,0.0,12.0,1.0,23.9,23.9,24.8,,9.0,1.0,4.0,1.0,0.0,,,0.0,,,0.0,,
1173,Super Liga (RS),Dimitrije Plavsic,D. Plavsic,1069154,2009-10-17,9.77,1,0,1300.0,133.11,287.0,91.0,10.0,34.0,2.0,125.0,12.0,29.4,29.4,29.8,,14.0,2.0,14.0,0.0,0.0,,,0.0,,,2.0,,
1173,Super Liga (RS),Blagoje Uzunovski,B. Uzunovski,1073338,2009-02-12,95.78,1,0,9717.0,101.45,1092.0,348.0,40.0,239.0,9.0,587.0,49.0,30.2,30.2,32.0,,102.0,4.0,79.0,11.0,1.0,,,1.0,,,22.0,,
