competition_edition,league,player_id,player_name,player_short_name,player_birthdate,minutes,minutes_tip,minutes_otip,performance_count,performance_included_count,performance_failed_count,onballengagement_count_total,onballengagement_count,onballengagement_count_directregain,onballengagement_pct_directregain,onballengagement_count_indirectregain,onballengagement_pct_indirectregain,onballengagement_count_directdisruption,onballengagement_pct_directdisruption,onballengagement_count_indirectdisruption,onballengagement_pct_indirectdisruption,onballengagement_count_abovehsr,onballengagement_count_forcedbackward,onballengagement_pct_forcedbackward,onballengagement_count_beatenbymovement,onballengagement_pct_beatenbymovement,onballengagement_count_beatenbypossession,onballengagement_pct_beatenbypossession,onballengagement_count_pressingchain,onballengagement_count_consecutive,onballengagement_count_forwardtrajectory,onballengagement_count_dangeroussituation,onballengagement_count_dangeroussituation_dangermitigated,onballengagement_pct_dangermitigated,onballengagement_count_linebreakaffected,onballengagement_pct_linebreakaffected
1207,Liga I (RO),78,Alexandru Chipciu,A. Chipciu,1989-05-18,90.27,25.13,23.81,33,31,2,851.0,27.45,1.68,6.11,5.16,18.8,0.48,1.76,1.23,4.46,2.81,1.29,4.7,0.35,1.29,0.71,2.59,4.84,3.65,7.35,11.65,2.13,8.92,0.48,1.76
1207,Liga I (RO),2049,Cristian Manea,C. Manea,1997-08-09,65.22,17.83,16.52,21,20,1,431.0,21.55,0.85,3.95,3.7,17.17,0.25,1.16,1.4,6.5,2.4,0.8,3.71,0.15,0.7,0.45,2.09,4.4,2.7,6.3,6.95,1.0,5.89,0.7,3.25
1207,Liga I (RO),2149,Damjan Djoković,D. Djoković,1990-04-18,73.12,17.65,21.03,29,29,0,1083.0,37.34,0.79,2.12,5.79,15.51,0.34,0.92,1.59,4.25,3.17,1.83,4.9,0.24,0.65,0.62,1.66,10.97,6.07,9.97,11.31,1.76,5.54,3.76,10.06
1207,Liga I (RO),2153,Dan Nistor,D. Nistor,1988-05-06,63.2,19.03,15.02,28,27,1,949.0,35.15,0.81,2.32,4.81,13.7,0.19,0.53,1.26,3.58,5.81,2.07,5.9,0.04,0.11,0.3,0.84,14.67,6.07,9.85,6.07,0.63,5.57,4.22,12.01
1207,Liga I (RO),2609,Denis Alibec,D. Alibec,1991-01-05,64.03,19.28,15.39,19,18,1,363.0,20.17,0.28,1.38,3.22,15.98,0.17,0.83,0.61,3.03,3.72,0.89,4.41,0.06,0.28,0.06,0.28,7.89,2.61,6.89,1.06,0.17,1.51,1.39,6.89
1207,Liga I (RO),3514,Florin Bejan,F. Bejan,1991-03-28,62.13,12.63,21.68,11,10,1,126.0,12.6,0.5,3.97,2.7,21.43,0.3,2.38,0.4,3.18,0.2,0.8,6.35,0.3,2.38,0.6,4.76,3.4,1.0,4.3,6.4,1.2,11.91,0.3,2.38
1207,Liga I (RO),3830,George Pușcaș,G. Pușcaș,1996-04-08,58.07,14.99,14.2,7,7,0,117.0,16.71,0.0,0.0,3.57,21.37,0.0,0.0,0.14,0.85,3.57,1.0,5.98,0.0,0.0,0.14,0.85,6.86,2.0,6.43,0.86,0.0,0.0,1.71,10.26
1207,Liga I (RO),3836,Georgi Milanov,G. Milanov,1992-02-19,33.47,9.69,7.33,32,31,1,392.0,12.65,0.42,3.32,2.06,16.33,0.06,0.51,0.55,4.34,1.81,0.87,6.89,0.03,0.26,0.16,1.28,4.03,2.0,2.84,2.29,0.29,3.5,1.0,7.91
1207,Liga I (RO),3876,Gheorghe Grozav,G. Grozav,1990-09-29,81.62,20.28,21.63,37,35,2,1379.0,39.4,0.89,2.25,5.66,14.36,0.29,0.73,1.63,4.13,6.51,2.43,6.16,0.11,0.29,0.34,0.87,15.06,7.89,11.66,5.49,0.69,2.49,3.63,9.21
1207,Liga I (RO),4491,Islam Slimani,I. Slimani,1988-06-18,40.02,10.18,10.33,13,13,0,212.0,16.31,0.0,0.0,2.08,12.74,0.0,0.0,0.23,1.41,2.77,0.62,3.77,0.0,0.0,0.0,0.0,8.0,2.62,5.15,1.15,0.0,0.0,1.23,7.55
1207,Liga I (RO),6012,Kurt Zouma,K. Zouma,1994-10-27,41.61,9.77,9.07,3,3,0,15.0,5.0,0.33,6.67,1.33,26.67,0.0,0.0,0.0,0.0,1.33,0.0,0.0,0.33,6.67,0.0,0.0,0.0,0.0,1.0,3.33,0.67,13.81,0.0,0.0
1207,Liga I (RO),6063,László Kleinheisler,L. Kleinheisler,1994-04-08,66.73,16.93,20.12,8,8,0,301.0,37.62,1.88,4.98,4.62,12.29,0.38,1.0,1.5,3.99,4.12,3.0,7.97,0.0,0.0,0.62,1.66,16.0,5.5,13.0,6.75,1.0,4.1,4.12,10.96
1207,Liga I (RO),6848,Marcus Coco,M. Coco,1996-06-24,79.33,22.71,19.76,8,8,0,188.0,23.5,1.12,4.79,4.12,17.55,0.25,1.06,1.0,4.25,5.0,0.88,3.72,0.5,2.13,0.5,2.13,5.62,3.12,6.12,7.5,2.38,12.77,0.38,1.6
1207,Liga I (RO),7584,Mihai Roman,M. Roman,1992-05-31,24.7,6.35,4.63,1,1,0,12.0,12.0,1.0,8.33,1.0,8.33,0.0,0.0,0.0,0.0,6.0,0.0,0.0,0.0,0.0,0.0,0.0,6.0,2.0,4.0,0.0,0.0,,0.0,0.0
1207,Liga I (RO),8475,Paul Papp,P. Papp,1989-11-11,89.46,22.07,24.31,34,32,2,443.0,13.84,0.56,4.06,3.28,23.7,0.31,2.26,0.56,4.06,1.75,0.34,2.48,0.5,3.61,0.62,4.52,2.38,1.06,3.72,7.34,1.25,9.72,0.22,1.58
1207,Liga I (RO),8582,Pedro Nuno Fernandes Ferreira,Pedro Nuno,1995-01-13,71.82,19.35,16.19,21,19,2,652.0,34.32,0.79,2.3,5.42,15.8,0.32,0.92,1.32,3.83,3.68,2.16,6.29,0.05,0.15,0.42,1.23,12.89,6.26,9.58,6.42,0.79,3.29,3.74,10.89
1207,Liga I (RO),10140,Stipe Perica,S. Perica,1995-07-07,33.82,9.65,7.27,15,14,1,211.0,15.07,0.14,0.95,2.0,13.27,0.0,0.0,0.79,5.21,3.57,0.64,4.27,0.0,0.0,0.07,0.47,7.86,3.0,4.93,0.57,0.07,0.93,1.29,8.53
1207,Liga I (RO),10756,Vlad Iulian  Chiricheș,V. Chiricheș,1989-11-14,47.1,14.19,9.87,12,12,0,203.0,16.92,0.5,2.96,4.08,24.14,0.08,0.49,0.75,4.43,1.58,0.75,4.43,0.08,0.49,0.17,0.99,4.58,2.67,3.92,4.67,1.08,10.79,1.0,5.91
1207,Liga I (RO),11177,Ionuț Larie,I. Larie,1987-01-16,96.43,27.37,23.39,34,32,2,574.0,17.94,1.0,5.57,4.25,23.69,0.09,0.52,0.84,4.7,2.72,0.41,2.27,0.59,3.31,0.59,3.31,2.53,1.53,3.94,9.47,2.12,12.29,0.19,1.05
1207,Liga I (RO),11179,Ovidiu Popescu,O. Popescu,1994-02-27,54.65,12.8,15.94,14,14,0,441.0,31.5,0.93,2.95,5.21,16.55,0.14,0.45,1.21,3.86,2.86,0.86,2.72,0.14,0.45,0.71,2.27,8.43,6.21,8.57,10.93,1.64,5.16,3.71,11.79
1207,Liga I (RO),11181,Florin Tănase,F. Tănase,1994-12-30,94.86,28.26,20.24,36,35,1,1515.0,43.29,1.71,3.96,6.97,16.11,0.31,0.73,1.31,3.04,5.34,2.91,6.73,0.14,0.33,0.29,0.66,15.66,6.77,12.46,4.97,0.69,1.94,3.91,9.04
1207,Liga I (RO),11229,Jordan Ikoko,J. Ikoko,1994-02-03,51.23,16.57,10.64,21,20,1,272.0,13.6,0.45,3.31,3.15,23.16,0.15,1.1,0.6,4.41,1.65,0.55,4.04,0.15,1.1,0.45,3.31,3.05,1.4,3.65,4.2,0.75,7.48,0.2,1.47
1207,Liga I (RO),12208,Eddy Gnahoré,E. Gnahoré,1993-11-14,94.38,28.86,20.97,38,36,2,1376.0,38.22,1.89,4.94,6.72,17.59,0.47,1.24,1.39,3.63,4.11,2.31,6.03,0.11,0.29,0.44,1.16,10.78,6.72,9.39,9.83,1.44,4.51,2.83,7.41
1207,Liga I (RO),12638,Antoine Baroan,A. Baroan,2000-06-24,40.73,10.73,10.55,13,13,0,229.0,17.62,0.23,1.31,2.31,13.1,0.0,0.0,0.54,3.06,4.69,0.69,3.93,0.0,0.0,0.15,0.87,6.38,2.85,4.69,2.23,0.46,5.29,2.0,11.35
1207,Liga I (RO),12933,Boban Nikolov,B. Nikolov,1994-07-28,38.9,11.86,9.08,5,5,0,87.0,17.4,0.6,3.45,3.0,17.24,0.2,1.15,0.8,4.6,2.2,1.6,9.2,0.0,0.0,0.6,3.45,3.6,2.6,2.4,5.6,0.8,3.81,0.6,3.45
1207,Liga I (RO),13046,Luka Zahovič,L. Zahovič,1995-11-15,33.65,7.66,9.77,13,13,0,302.0,23.23,0.08,0.33,2.69,11.59,0.08,0.33,1.46,6.29,5.0,1.46,6.29,0.0,0.0,0.0,0.0,9.77,4.23,6.85,2.31,0.31,3.18,2.92,12.58
1207,Liga I (RO),13054,Alin Toșca,A. Toșca,1992-03-14,60.05,14.64,19.01,1,1,0,14.0,14.0,0.0,0.0,3.0,21.43,1.0,7.14,0.0,0.0,1.0,0.0,0.0,1.0,7.14,2.0,14.29,2.0,1.0,2.0,12.0,1.0,7.14,1.0,7.14
1207,Liga I (RO),13056,Tudor Băluţă,T. Băluţă,1999-03-27,69.14,20.71,15.08,31,31,0,819.0,26.42,1.1,4.15,5.16,19.54,0.29,1.1,0.65,2.44,2.61,1.35,5.13,0.1,0.37,0.68,2.56,8.74,3.39,7.94,6.65,0.97,4.96,2.39,9.04
1207,Liga I (RO),13061,Romario Benzar,R. Benzar,1992-03-26,82.36,18.23,18.47,2,2,0,41.0,20.5,0.5,2.44,3.5,17.07,0.0,0.0,0.5,2.44,2.5,0.5,2.44,0.0,0.0,1.5,7.32,4.5,3.5,5.5,7.5,1.5,8.07,1.0,4.88
1207,Liga I (RO),13063,Nicușor Bancu,N. Bancu,1992-09-18,82.74,24.44,19.11,30,30,0,884.0,29.47,1.53,5.2,6.0,20.36,0.4,1.36,1.97,6.67,4.3,0.87,2.94,0.3,1.02,0.6,2.04,8.93,5.3,8.83,6.83,0.87,3.41,1.4,4.75
1207,Liga I (RO),13125,Lucas Pellegrini,L. Pellegrini,2000-04-17,67.8,16.21,18.68,15,13,2,252.0,19.38,0.77,3.97,4.08,21.03,0.31,1.59,1.92,9.92,3.54,0.54,2.78,0.85,4.37,1.54,7.94,2.92,1.62,3.54,9.77,1.62,8.65,0.46,2.38
1207,Liga I (RO),13287,Jérôme Junior Onguéné,J. Onguéné,1997-12-22,46.21,10.11,12.81,3,3,0,23.0,7.67,0.33,4.35,2.33,30.43,0.33,4.35,0.33,4.35,1.33,0.0,0.0,0.33,4.35,0.33,4.35,1.33,0.0,3.33,4.0,1.33,17.41,0.0,0.0
1207,Liga I (RO),13315,Andrei Ivan,A. Ivan,1997-01-04,53.8,14.23,11.6,2,2,0,42.0,21.0,1.0,4.76,6.0,28.57,1.5,7.14,1.0,4.76,4.0,1.0,4.76,0.0,0.0,0.0,0.0,6.0,4.0,5.5,1.5,0.0,0.0,0.5,2.38
1207,Liga I (RO),13407,Edvinas Gertmonas,E. Gertmonas,1996-06-01,96.61,27.8,25.56,22,21,1,0.0,0.0,0.0,,0.0,,0.0,,0.0,,0.0,0.0,,0.0,,0.0,,0.0,0.0,0.0,0.0,0.0,,0.0,
1207,Liga I (RO),13626,Jakub Hromada,J. Hromada,1996-05-25,46.93,12.89,11.52,23,23,0,527.0,22.91,0.91,3.99,3.91,17.08,0.13,0.57,0.61,2.66,3.3,0.96,4.17,0.13,0.57,0.17,0.76,6.0,3.96,7.48,4.83,0.61,3.46,1.7,7.4
1207,Liga I (RO),13835,Adrian Păun,A. Păun,1995-04-01,42.65,10.46,10.92,30,30,0,701.0,23.37,0.73,3.14,3.23,13.84,0.17,0.71,1.0,4.28,3.33,1.97,8.42,0.13,0.57,0.2,0.86,9.17,4.13,8.63,2.87,0.23,1.85,2.77,11.84
1207,Liga I (RO),13837,Ciprian Deac,C. Deac,1986-02-16,31.48,8.46,7.86,8,8,0,164.0,20.5,0.38,1.83,2.75,13.41,0.0,0.0,0.75,3.66,2.62,1.12,5.49,0.0,0.0,0.0,0.0,8.25,5.12,5.12,2.62,0.25,1.15,1.0,4.88
1207,Liga I (RO),13839,Valentin Costache,V. Costache,1998-08-02,85.07,21.15,23.73,25,25,0,980.0,39.2,1.48,3.77,5.16,13.16,0.36,0.92,1.64,4.18,5.68,2.08,5.31,0.16,0.41,0.28,0.71,14.28,6.44,13.32,5.24,0.6,2.52,2.88,7.35
1207,Liga I (RO),13846,Mihai Bordeianu,M. Bordeianu,1991-11-18,65.4,16.35,14.87,28,27,1,885.0,32.78,1.44,4.41,6.11,18.64,0.26,0.79,1.52,4.63,2.78,1.26,3.84,0.07,0.23,0.41,1.24,10.19,5.96,8.81,8.19,1.41,5.0,1.85,5.65
1207,Liga I (RO),13847,Mário Jorge Malico Paulino,Mario Camora,1986-11-10,93.44,23.06,26.7,31,31,0,821.0,26.48,1.23,4.63,4.58,17.3,0.65,2.44,1.0,3.78,2.42,1.39,5.24,0.16,0.61,0.48,1.83,6.32,3.16,8.68,8.19,1.32,5.76,0.94,3.53
1207,Liga I (RO),13848,Claudiu Petrila,C. Petrila,2000-11-07,82.03,22.71,21.2,31,30,1,833.0,27.77,0.87,3.12,4.07,14.65,0.2,0.72,1.23,4.44,4.5,2.27,8.16,0.1,0.36,0.27,0.96,8.83,3.4,9.77,4.27,0.5,2.42,2.63,9.48
1207,Liga I (RO),13896,Cristian Ganea,C. Ganea,1992-05-24,96.2,27.74,23.07,31,29,2,923.0,31.83,1.59,4.98,5.59,17.55,0.52,1.62,1.48,4.66,3.9,1.72,5.42,0.55,1.73,0.62,1.95,7.93,6.0,8.17,9.38,1.48,6.01,1.72,5.42
1207,Liga I (RO),14045,Mihai Alexandru Dobre,A. Dobre,1998-08-30,83.98,22.48,21.73,36,35,1,1106.0,31.6,1.03,3.26,4.57,14.47,0.2,0.63,1.26,3.98,4.06,2.17,6.87,0.14,0.45,0.17,0.54,9.23,4.14,8.54,3.8,0.4,2.29,2.89,9.13
1207,Liga I (RO),14083,Alessandro Murgia,A. Murgia,1996-08-09,54.15,14.79,14.73,19,17,2,586.0,34.47,0.71,2.05,5.18,15.02,0.35,1.02,1.18,3.41,2.47,2.29,6.66,0.24,0.68,0.41,1.19,9.71,8.24,10.82,9.53,0.88,2.84,3.41,9.9
1207,Liga I (RO),14207,Hakim Djamel Abdallah,H. Abdallah,1998-01-09,86.83,21.99,24.32,32,31,1,1275.0,41.13,0.87,2.12,6.0,14.59,0.26,0.63,1.58,3.84,6.16,2.19,5.33,0.03,0.08,0.26,0.63,16.16,6.26,12.0,5.16,0.61,2.07,3.68,8.94
1207,Liga I (RO),14261,Lars Kramer,L. Kramer,1999-07-11,89.21,24.96,22.9,28,27,1,352.0,13.04,0.48,3.69,2.89,22.16,0.48,3.69,0.67,5.11,1.59,0.22,1.7,0.44,3.41,0.44,3.41,2.0,1.19,3.3,6.96,1.67,13.95,0.22,1.7
1207,Liga I (RO),14410,Christopher Braun,C. Braun,1991-07-15,71.49,18.06,19.61,27,27,0,577.0,21.37,0.93,4.33,4.19,19.58,0.48,2.25,1.04,4.85,3.81,0.7,3.29,0.52,2.43,0.67,3.12,3.19,3.07,5.48,8.19,1.67,8.9,0.7,3.29
1207,Liga I (RO),14573,Vladimir Screciu,V. Screciu,2000-01-13,85.55,25.79,19.47,36,36,0,526.0,14.61,1.44,9.89,3.0,20.53,0.42,2.85,0.83,5.7,2.97,0.56,3.8,0.58,3.99,0.39,2.66,3.14,1.5,2.89,6.22,1.61,13.48,0.39,2.66
1207,Liga I (RO),14769,Benjamin Van Durmen,B. Van Durmen,1997-03-20,66.92,16.0,19.47,29,28,1,1166.0,41.64,1.57,3.77,6.61,15.87,0.54,1.29,1.57,3.77,4.82,1.71,4.12,0.29,0.69,0.93,2.23,11.11,7.57,11.14,13.0,1.54,4.18,3.75,9.0
1207,Liga I (RO),14973,Silviu Lung,S. Lung,1989-06-04,99.46,29.71,22.76,5,5,0,0.0,0.0,0.0,,0.0,,0.0,,0.0,,0.0,0.0,,0.0,,0.0,,0.0,0.0,0.0,0.0,0.0,,0.0,
1207,Liga I (RO),15288,Devis Rogers Epassy Mboka,D. Epassy,1993-02-02,99.29,29.61,22.6,29,27,2,0.0,0.0,0.0,,0.0,,0.0,,0.0,,0.0,0.0,,0.0,,0.0,,0.0,0.0,0.0,0.0,0.0,,0.0,
1207,Liga I (RO),15460,Denis Yanakov,D. Yanakov,1999-01-01,51.21,9.15,16.54,10,10,0,291.0,29.1,0.9,3.09,3.1,10.65,0.3,1.03,1.8,6.19,3.3,1.8,6.19,0.2,0.69,0.5,1.72,8.9,5.0,8.6,6.5,0.5,2.21,2.6,8.94
1207,Liga I (RO),15477,Cristian Ioan Ponde,Cristian Ponde,1995-01-26,60.29,12.23,18.38,14,14,0,665.0,47.5,0.71,1.5,6.5,13.68,0.29,0.6,1.21,2.56,6.57,2.64,5.56,0.21,0.45,0.57,1.2,17.43,9.21,11.36,7.43,0.79,2.37,5.5,11.58
1207,Liga I (RO),15497,Joyskim Ayrelien Dawa Tchakonte,J. Dawa,1996-04-09,99.45,28.23,22.27,12,12,0,168.0,14.0,1.08,7.74,3.83,27.38,0.08,0.6,0.92,6.55,2.0,0.42,2.98,0.33,2.38,0.25,1.79,2.08,1.08,2.58,7.42,1.75,13.08,0.17,1.19
1207,Liga I (RO),15877,Eric Bicfalvi,E. Bicfalvi,1988-02-05,66.39,14.31,17.11,4,4,0,100.0,25.0,1.0,4.0,2.0,8.0,0.25,1.0,1.75,7.0,2.75,1.75,7.0,0.0,0.0,0.25,1.0,11.75,2.0,6.5,1.25,0.0,0.0,1.25,5.0
1207,Liga I (RO),16077,Fabrício Santos de Jesus,Fabricio Baiano,1992-06-13,30.65,6.96,10.34,1,1,0,14.0,14.0,0.0,0.0,1.0,7.14,0.0,0.0,2.0,14.29,2.0,3.0,21.43,0.0,0.0,1.0,7.14,8.0,3.0,7.0,4.0,0.0,0.0,3.0,21.43
1207,Liga I (RO),16355,Charalampos Kyriakou,C. Kyriakou,1995-02-09,50.88,15.01,10.82,18,16,2,273.0,17.06,0.5,2.93,2.75,16.12,0.25,1.47,0.81,4.76,2.44,0.94,5.49,0.12,0.73,0.62,3.66,4.56,2.5,4.0,5.19,0.62,4.56,1.25,7.32
1207,Liga I (RO),16428,Sheriff Sinyan,S. Sinyan,1996-07-19,95.03,23.76,26.84,32,32,0,435.0,13.59,0.97,7.13,2.88,21.15,0.12,0.92,0.5,3.68,1.91,0.31,2.3,0.62,4.6,0.34,2.53,2.25,1.34,2.75,7.75,1.97,16.5,0.28,2.07
1207,Liga I (RO),16450,Filip Blažek,F. Blažek,1998-03-11,3.73,1.4,0.76,1,1,0,1.0,1.0,0.0,0.0,1.0,100.0,0.0,0.0,0.0,0.0,0.0,0.0,0.0,0.0,0.0,0.0,0.0,0.0,0.0,0.0,1.0,0.0,0.0,0.0,0.0
1207,Liga I (RO),16563,Said Ahmed Said,A. Said,1993-04-20,43.82,8.61,12.33,22,20,2,438.0,21.9,0.35,1.6,2.6,11.87,0.05,0.23,1.15,5.25,3.2,1.35,6.16,0.0,0.0,0.15,0.68,9.85,2.8,6.55,1.75,0.05,0.78,2.1,9.59
1207,Liga I (RO),16831,Desley Ubbink,D. Ubbink,1993-06-15,60.4,16.55,16.27,19,15,4,465.0,31.0,0.67,2.15,4.6,14.84,0.13,0.43,1.27,4.09,5.27,2.27,7.31,0.0,0.0,0.6,1.94,10.6,6.2,7.07,4.93,0.47,2.95,2.73,8.82
1207,Liga I (RO),16922,Alexandru Crețu,A. Crețu,1992-04-24,43.03,12.28,10.54,20,20,0,479.0,23.95,1.1,4.59,4.95,20.67,0.15,0.63,1.0,4.18,4.3,1.2,5.01,0.3,1.25,0.25,1.04,7.4,4.15,4.65,5.95,1.15,5.74,1.6,6.68
1207,Liga I (RO),17036,Sergiu Florin Buș,S. Buș,1992-11-02,42.37,10.87,11.86,37,35,2,734.0,20.97,0.14,0.68,3.06,14.58,0.06,0.27,0.74,3.54,2.4,1.11,5.31,0.0,0.0,0.0,0.0,10.83,2.4,5.51,1.43,0.06,0.11,2.23,10.63
1207,Liga I (RO),17083,Bozhidar Chorbadzhiyski,B. Chorbadzhiyski,1995-08-08,92.57,23.24,23.52,13,13,0,155.0,11.92,0.38,3.23,2.69,22.58,0.38,3.23,0.62,5.16,1.31,0.31,2.58,0.77,6.45,0.46,3.87,1.38,0.77,2.31,8.23,2.46,21.99,0.08,0.64
1207,Liga I (RO),17103,Olimpiu Moruţan,O. Moruţan,1999-04-25,69.89,19.1,19.56,18,18,0,886.0,49.22,1.67,3.39,6.5,13.21,0.11,0.23,1.0,2.03,6.94,2.67,5.42,0.06,0.11,0.56,1.13,16.5,9.28,13.06,6.94,0.94,2.44,4.94,10.04
1207,Liga I (RO),17113,Ianis Stoica,I. Stoica,2002-12-08,44.16,10.73,14.72,2,2,0,39.0,19.5,0.5,2.57,2.5,12.82,0.0,0.0,0.5,2.57,4.5,0.5,2.57,0.0,0.0,0.0,0.0,8.5,1.5,7.5,2.0,0.0,0.0,2.0,10.26
1207,Liga I (RO),17397,Ionuț Vînă,I. Vînă,1995-02-20,89.74,24.81,22.67,33,30,3,1797.0,59.9,2.13,3.56,9.53,15.92,0.7,1.17,2.07,3.45,7.7,3.33,5.56,0.2,0.33,0.53,0.89,20.23,11.83,17.5,11.83,1.67,3.26,6.07,10.13
1207,Liga I (RO),17399,Bogdan Țîru,B. Țîru,1994-03-15,83.12,22.64,20.13,28,25,3,323.0,12.92,0.52,4.02,3.08,23.84,0.24,1.86,0.36,2.79,1.56,0.2,1.55,0.64,4.95,0.28,2.17,1.92,1.04,3.16,7.52,1.24,11.22,0.08,0.62
1207,Liga I (RO),17401,Andrei Ciobanu,A. Ciobanu,1998-01-18,57.78,14.88,13.51,33,31,2,870.0,28.06,0.87,3.1,4.35,15.52,0.13,0.46,1.16,4.14,4.84,2.03,7.24,0.06,0.23,0.45,1.61,9.13,4.94,8.97,5.68,0.52,2.17,2.71,9.65
1207,Liga I (RO),17404,Paul Iacob,P. Iacob,1996-06-21,86.43,22.67,19.89,25,23,2,324.0,14.09,0.57,4.01,3.26,23.15,0.3,2.16,0.74,5.25,1.87,0.13,0.93,0.39,2.78,1.04,7.41,1.57,1.65,2.74,8.3,1.61,12.44,0.09,0.62
1207,Liga I (RO),17409,Alexandru Pop,A. Pop,2000-02-01,42.9,13.12,9.66,35,34,1,657.0,19.32,0.26,1.37,2.88,14.92,0.09,0.46,0.88,4.57,3.79,1.26,6.54,0.03,0.15,0.09,0.46,10.5,3.21,6.85,1.0,0.15,3.19,1.41,7.31
1207,Liga I (RO),17411,Alexandru Buzbuchi,A. Buzbuchi,1993-10-31,99.48,26.73,24.45,25,23,2,0.0,0.0,0.0,,0.0,,0.0,,0.0,,0.0,0.0,,0.0,,0.0,,0.0,0.0,0.0,0.0,0.0,,0.0,
1207,Liga I (RO),17413,Andrei Artean,A. Artean,1993-08-14,62.79,16.41,17.14,13,11,2,299.0,27.18,1.27,4.68,4.82,17.72,0.09,0.33,0.73,2.68,1.73,1.18,4.35,0.36,1.34,0.45,1.67,6.18,4.27,8.36,11.27,1.55,10.07,1.91,7.02
1207,Liga I (RO),17414,Lyes Houri,L. Houri,1996-01-19,51.63,16.43,10.84,16,16,0,416.0,26.0,0.75,2.88,4.19,16.11,0.06,0.24,0.81,3.12,4.75,2.56,9.86,0.0,0.0,0.38,1.44,8.88,4.62,7.12,2.75,0.31,1.57,1.88,7.21
1207,Liga I (RO),17418,Laurenţiu Popescu,L. Popescu,1997-01-18,94.14,28.13,22.59,18,18,0,0.0,0.0,0.0,,0.0,,0.0,,0.0,,0.0,0.0,,0.0,,0.0,,0.0,0.0,0.0,0.0,0.0,,0.0,
1207,Liga I (RO),17419,Marius Briceag,M. Briceag,1992-04-06,82.8,17.46,22.71,23,21,2,469.0,22.33,0.95,4.26,3.14,14.07,0.29,1.28,1.29,5.76,3.05,0.43,1.92,0.33,1.49,0.43,1.92,5.24,3.33,7.71,7.05,1.14,6.58,0.95,4.26
1207,Liga I (RO),17423,Alexandru Mateiu,A. Mateiu,1989-12-10,64.82,15.17,19.24,18,16,2,606.0,37.88,1.94,5.12,5.75,15.18,0.62,1.65,0.94,2.48,3.12,1.81,4.79,0.06,0.17,0.69,1.82,10.69,6.81,10.12,10.5,1.69,5.23,2.62,6.93
1207,Liga I (RO),17425,Alexandru Cicâldău,A. Cicâldău,1997-07-08,69.48,20.76,15.97,33,33,0,1158.0,35.09,0.82,2.33,6.55,18.65,0.18,0.52,1.27,3.63,4.06,2.33,6.65,0.03,0.09,0.15,0.43,12.39,5.27,10.64,6.33,0.52,2.46,3.06,8.72
1207,Liga I (RO),17428,Jovan Marković,J. Marković,2001-03-23,28.84,8.26,6.04,16,15,1,128.0,8.53,0.13,1.56,1.47,17.19,0.07,0.78,0.27,3.13,1.53,0.53,6.25,0.0,0.0,0.07,0.78,3.33,1.0,2.53,0.4,0.0,0.0,0.67,7.81
1207,Liga I (RO),17429,Ovidiu Bic,O. Bic,1994-02-23,77.37,21.92,21.08,34,32,2,1808.0,56.5,1.69,2.99,8.81,15.6,0.38,0.66,1.66,2.93,9.66,3.16,5.59,0.31,0.55,0.72,1.27,18.12,13.06,14.84,14.59,1.53,3.22,4.44,7.85
1207,Liga I (RO),17430,Elvir Koljič,E. Koljič,1995-07-08,54.6,14.42,14.13,30,29,1,553.0,19.07,0.31,1.63,2.72,14.29,0.03,0.18,0.83,4.34,4.0,1.1,5.79,0.0,0.0,0.0,0.0,8.79,2.45,5.41,1.21,0.24,2.87,1.17,6.15
1207,Liga I (RO),17432,Cristi Bărbuţ,C. Bărbuţ,1995-04-22,51.09,11.38,14.81,33,32,1,970.0,30.31,0.81,2.68,4.5,14.85,0.16,0.52,1.25,4.12,4.31,2.34,7.73,0.16,0.52,0.44,1.44,8.28,5.28,8.62,5.62,0.81,3.24,2.88,9.48
1207,Liga I (RO),17434,Florin Borța,F. Borța,1999-06-21,79.24,17.25,22.16,26,24,2,619.0,25.79,1.17,4.52,4.04,15.67,0.58,2.26,1.29,5.01,3.5,0.96,3.72,0.33,1.29,0.62,2.42,5.71,3.54,7.58,7.92,1.33,6.02,1.75,6.78
1207,Liga I (RO),17503,Márton Eppel,M. Eppel,1991-11-20,68.2,15.46,21.11,34,32,2,987.0,30.84,0.16,0.51,3.91,12.67,0.06,0.2,0.66,2.13,4.53,1.62,5.27,0.0,0.0,0.12,0.41,16.56,4.69,9.94,1.53,0.06,0.3,2.69,8.71
1207,Liga I (RO),17536,Risto Radunović,R. Radunović,1992-05-04,75.55,22.51,15.35,30,30,0,607.0,20.23,0.87,4.28,3.5,17.3,0.3,1.48,1.2,5.93,2.07,0.67,3.29,0.07,0.33,0.23,1.15,4.4,3.17,5.0,5.03,0.93,5.84,0.8,3.95
1207,Liga I (RO),18344,Malcom Sylas Edjouma,M. Edjouma,1996-10-08,32.39,8.54,6.82,9,9,0,105.0,11.67,0.33,2.86,2.11,18.09,0.11,0.95,0.0,0.0,2.22,0.33,2.86,0.0,0.0,0.22,1.91,3.33,1.78,2.44,1.89,0.11,1.6,0.67,5.71
1207,Liga I (RO),18392,Vahid Selimović,V. Selimović,1997-04-03,87.36,22.39,25.76,14,14,0,281.0,20.07,1.43,7.12,3.64,18.15,0.5,2.49,1.5,7.47,2.21,0.57,2.85,0.57,2.85,0.29,1.42,4.5,2.07,5.93,7.93,2.07,13.12,0.36,1.78
1207,Liga I (RO),18401,David Kiki,D. Kiki,1993-11-25,78.45,27.47,16.73,4,4,0,85.0,21.25,1.0,4.71,4.5,21.18,0.0,0.0,0.75,3.53,2.25,0.5,2.35,0.0,0.0,0.5,2.35,6.5,2.25,5.5,6.75,0.5,2.49,0.5,2.35
1207,Liga I (RO),18447,Steeve Furtado Pereira,Steeve Furtado,1994-11-22,65.3,20.1,15.35,19,18,1,390.0,21.67,0.94,4.36,4.33,20.0,0.17,0.77,0.5,2.31,2.56,0.78,3.59,0.17,0.77,0.56,2.56,5.39,3.61,5.0,7.56,1.78,9.17,0.44,2.05
1207,Liga I (RO),18890,Marco Dulca,M. Dulca,1999-05-11,74.71,19.23,20.04,22,21,1,841.0,40.05,1.19,2.97,6.14,15.34,0.57,1.43,1.14,2.85,4.38,1.95,4.88,0.24,0.59,0.52,1.31,11.19,6.76,10.86,10.1,1.38,4.1,4.29,10.7
1207,Liga I (RO),19559,Alessandro Micai,A. Micai,1993-07-24,103.03,25.36,22.73,2,2,0,0.0,0.0,0.0,,0.0,,0.0,,0.0,,0.0,0.0,,0.0,,0.0,,0.0,0.0,0.0,0.0,0.0,,0.0,
1207,Liga I (RO),19759,Lukáš Zima,L. Zima,1994-01-09,83.41,24.43,16.3,4,4,0,0.0,0.0,0.0,,0.0,,0.0,,0.0,,0.0,0.0,,0.0,,0.0,,0.0,0.0,0.0,0.0,0.0,,0.0,
1207,Liga I (RO),19823,Anton Krešić,A. Krešić,1996-01-29,68.13,18.15,18.57,3,3,0,54.0,18.0,0.33,1.85,3.67,20.37,0.33,1.85,0.67,3.7,2.67,1.0,5.56,0.33,1.85,0.33,1.85,3.33,2.33,5.0,9.67,2.33,13.0,0.67,3.7
1207,Liga I (RO),19829,Vasile Mogoș,V. Mogoș,1992-10-31,78.12,23.59,18.22,14,14,0,224.0,16.0,1.14,7.14,3.29,20.54,0.29,1.79,1.29,8.04,2.64,0.64,4.02,0.14,0.89,0.71,4.46,3.29,1.71,3.86,6.36,1.5,10.68,0.14,0.89
1207,Liga I (RO),19836,Xian Emmers,X. Emmers,1999-07-20,33.69,7.65,8.09,6,5,1,92.0,18.4,1.2,6.52,1.8,9.79,0.0,0.0,0.4,2.17,2.0,2.0,10.87,0.0,0.0,0.2,1.08,8.0,3.6,5.8,2.0,0.0,0.0,1.2,6.52
1207,Liga I (RO),19875,Elio Capradossi,E. Capradossi,1996-03-11,87.74,23.33,24.94,12,11,1,166.0,15.09,0.55,3.61,3.09,20.48,0.45,3.01,0.73,4.82,1.82,0.36,2.41,0.18,1.21,0.45,3.01,2.0,1.27,3.73,8.27,1.91,14.16,0.0,0.0
1207,Liga I (RO),20098,Eljadji Pape Djibril Diaw,E. Diaw,1994-12-31,91.23,24.17,20.68,23,23,0,293.0,12.74,0.83,6.48,2.48,19.45,0.26,2.05,0.61,4.78,2.04,0.13,1.02,0.83,6.48,0.87,6.83,1.52,0.74,2.43,8.22,1.87,15.85,0.13,1.02
1207,Liga I (RO),20240,Dejan Iliev,D. Iliev,1995-02-25,93.83,23.43,25.86,15,15,0,0.0,0.0,0.0,,0.0,,0.0,,0.0,,0.0,0.0,,0.0,,0.0,,0.0,0.0,0.0,0.0,0.0,,0.0,
1207,Liga I (RO),22260,Brahima Doukansy,B. Doukansy,1999-08-21,46.3,10.83,11.48,14,13,1,296.0,22.77,0.77,3.38,2.77,12.16,0.23,1.01,0.69,3.04,3.92,1.38,6.08,0.08,0.34,0.31,1.35,7.0,3.69,5.62,4.31,0.77,3.23,1.92,8.45
1207,Liga I (RO),22911,Alexandru Stefan Pașcanu,A. Pașcanu,1998-09-28,88.64,24.0,23.11,28,28,0,469.0,16.75,1.18,7.04,3.54,21.11,0.21,1.28,0.75,4.48,2.0,0.18,1.07,0.57,3.41,0.79,4.69,2.25,1.93,3.39,9.46,2.43,16.11,0.18,1.07
1207,Liga I (RO),22912,Florin Ștefan,F. Ștefan,1996-05-09,65.48,20.09,15.31,18,18,0,376.0,20.89,1.11,5.32,3.56,17.02,0.39,1.86,0.78,3.72,2.67,1.0,4.79,0.44,2.13,0.44,2.13,5.22,3.83,6.33,7.22,1.5,10.88,0.72,3.46
1207,Liga I (RO),22913,Darius Olaru,D. Olaru,1998-03-03,81.78,24.46,17.31,34,33,1,1242.0,37.64,1.48,3.94,6.12,16.26,0.15,0.4,1.27,3.38,7.24,1.79,4.75,0.0,0.0,0.24,0.64,14.39,6.82,10.76,4.09,0.58,2.53,2.79,7.41
1207,Liga I (RO),22915,Cătălin Vasile Căbuz,C. Căbuz,1996-06-18,95.85,23.22,28.14,35,32,3,0.0,0.0,0.0,,0.0,,0.0,,0.0,,0.0,0.0,,0.0,,0.0,,0.0,0.0,0.0,0.0,0.0,,0.0,
1207,Liga I (RO),22916,Adrián Rus,A. Rus,1996-03-18,90.2,26.74,20.67,26,26,0,389.0,14.96,1.12,7.45,3.58,23.91,0.15,1.03,1.04,6.94,2.73,0.08,0.51,0.85,5.66,0.35,2.31,3.23,1.58,3.35,6.42,1.65,13.23,0.46,3.09
1207,Liga I (RO),23055,Tidiane Keita,T. Keita,1996-09-18,76.55,19.43,21.03,29,28,1,1077.0,38.46,2.5,6.5,6.96,18.11,0.32,0.84,1.07,2.78,4.75,1.96,5.11,0.25,0.65,0.68,1.76,9.61,6.11,9.39,12.71,2.21,6.54,3.0,7.8
1207,Liga I (RO),23076,Yohan Roche,Y. Roche,1997-07-07,94.87,23.3,26.04,32,30,2,381.0,12.7,1.03,8.14,2.23,17.59,0.13,1.05,0.5,3.94,1.7,0.23,1.84,0.7,5.51,0.43,3.41,1.2,1.0,2.3,7.17,1.63,13.62,0.07,0.52
1207,Liga I (RO),23192,Mike Cestor,M. Cestor,1992-04-30,71.84,17.0,20.21,6,5,1,64.0,12.8,0.4,3.12,3.8,29.69,0.0,0.0,0.8,6.25,1.8,0.0,0.0,1.6,12.5,0.4,3.12,1.6,1.6,2.0,9.2,2.0,15.81,0.2,1.56
1207,Liga I (RO),23200,Virgiliu Postolachi,V. Postolachi,2000-03-17,50.12,12.66,14.19,21,20,1,430.0,21.5,0.15,0.7,3.35,15.58,0.25,1.16,1.0,4.65,4.6,1.35,6.28,0.0,0.0,0.0,0.0,9.15,2.7,7.2,1.45,0.2,1.11,1.9,8.84
1207,Liga I (RO),23463,Andreas Karo,A. Karo,1996-09-09,79.06,19.86,22.35,22,20,2,281.0,14.05,0.45,3.2,3.25,23.13,0.1,0.71,0.6,4.27,1.5,0.1,0.71,0.35,2.49,0.65,4.63,2.15,1.95,2.4,8.05,1.5,11.07,0.2,1.42
1207,Liga I (RO),23475,Abat Aymbetov,A. Aymbetov,1995-08-07,27.49,6.71,5.82,9,9,0,123.0,13.67,0.22,1.63,2.33,17.07,0.0,0.0,0.56,4.06,2.22,1.11,8.13,0.0,0.0,0.0,0.0,6.56,3.78,3.67,2.67,0.33,3.46,0.78,5.69
1207,Liga I (RO),23988,Adel Bettaieb,A. Bettaieb,1997-01-28,79.23,17.4,21.93,33,30,3,1000.0,33.33,1.07,3.2,5.2,15.6,0.17,0.5,1.2,3.6,3.83,1.73,5.2,0.03,0.1,0.33,1.0,12.2,5.87,10.0,3.4,0.37,1.9,2.93,8.8
1207,Liga I (RO),24063,Mamadou Thiam,M. Thiam,1995-03-20,45.84,14.48,9.97,32,31,1,526.0,16.97,0.19,1.14,2.87,16.92,0.13,0.76,0.71,4.18,2.1,0.97,5.7,0.0,0.0,0.03,0.19,6.29,1.77,5.03,1.42,0.06,0.66,1.74,10.27
1207,Liga I (RO),24135,János Ferenczi,J. Ferenczi,1991-04-03,90.4,20.0,28.19,16,14,2,432.0,30.86,0.57,1.85,4.79,15.51,0.29,0.93,1.36,4.4,3.14,2.07,6.72,0.5,1.62,0.57,1.85,7.21,4.5,8.86,11.71,1.71,6.09,1.79,5.79
1207,Liga I (RO),24353,Florent Poulolo,F. Poulolo,1997-01-02,93.96,22.76,27.13,32,31,1,591.0,19.06,1.0,5.25,4.1,21.49,0.29,1.52,0.94,4.91,1.97,0.35,1.86,0.65,3.38,0.32,1.69,3.1,2.39,4.71,11.55,2.65,14.36,0.32,1.69
1207,Liga I (RO),24356,Vadim Raţă,V. Raţă,1993-05-05,77.71,16.85,21.51,32,30,2,1692.0,56.4,1.3,2.31,8.9,15.78,0.37,0.65,1.53,2.72,8.17,3.77,6.68,0.1,0.18,0.67,1.18,21.47,11.97,18.33,10.23,1.17,2.35,6.5,11.52
1207,Liga I (RO),24357,Denis Rusu,D. Rusu,1990-08-02,97.65,22.48,29.64,16,15,1,0.0,0.0,0.0,,0.0,,0.0,,0.0,,0.0,0.0,,0.0,,0.0,,0.0,0.0,0.0,0.0,0.0,,0.0,
1207,Liga I (RO),24368,Iulian Cristea,I. Cristea,1994-07-17,85.31,24.9,22.42,31,30,1,434.0,14.47,0.77,5.3,3.2,22.12,0.3,2.07,0.63,4.38,2.23,0.17,1.15,0.4,2.77,0.37,2.53,1.47,1.3,3.07,8.87,1.73,12.98,0.07,0.46
1207,Liga I (RO),24815,Aly Abeid,A. Abeid,1997-12-11,72.27,17.94,18.47,22,22,0,413.0,18.77,1.05,5.57,3.73,19.86,0.18,0.97,0.91,4.84,2.82,0.77,4.12,0.36,1.94,0.64,3.39,4.14,1.95,5.82,7.27,1.05,5.83,0.55,2.91
1207,Liga I (RO),24931,Mamoudou Karamoko,M. Karamoko,1999-06-08,67.24,22.29,14.01,26,24,2,574.0,23.92,0.38,1.57,3.79,15.85,0.0,0.0,1.33,5.57,4.29,1.96,8.19,0.0,0.0,0.17,0.7,11.96,4.12,7.58,1.46,0.04,1.32,1.92,8.01
1207,Liga I (RO),25043,Jayson Papeau,J. Papeau,1996-06-30,83.91,19.38,24.7,13,12,1,531.0,44.25,1.5,3.39,5.58,12.62,0.33,0.75,1.58,3.58,6.92,2.5,5.65,0.17,0.38,0.58,1.32,15.08,8.42,13.17,9.67,1.25,3.76,3.0,6.78
1207,Liga I (RO),25073,Karlo Muhar ,K. Muhar,1996-01-17,85.46,21.21,25.15,23,23,0,1289.0,56.04,2.09,3.72,8.78,15.67,0.35,0.62,1.91,3.41,4.83,3.96,7.06,0.17,0.31,0.57,1.01,17.3,9.3,17.09,13.22,1.78,3.57,5.48,9.77
1207,Liga I (RO),25100,Mátyás Tajti,M. Tajti,1998-06-02,31.55,8.27,6.55,5,5,0,78.0,15.6,0.8,5.13,2.4,15.39,0.2,1.28,1.0,6.41,0.8,0.4,2.56,0.0,0.0,0.4,2.56,3.6,2.0,3.8,5.2,0.8,8.61,0.4,2.56
1207,Liga I (RO),25311,Conrado Buchanelli Holz,Conrado,1997-04-03,87.83,21.84,20.54,26,24,2,660.0,27.5,1.67,6.06,4.83,17.58,0.38,1.36,1.46,5.3,3.46,1.0,3.64,0.21,0.76,0.83,3.03,4.79,4.21,7.0,8.62,1.54,7.05,0.96,3.48
1207,Liga I (RO),25819,Alberto Soro Álvarez,Alberto Soro,1999-03-09,65.47,20.89,14.38,26,26,0,792.0,30.46,1.0,3.28,4.92,16.16,0.15,0.51,0.85,2.78,3.19,2.12,6.94,0.04,0.13,0.08,0.25,12.15,5.04,9.5,3.65,0.46,2.74,2.58,8.46
1207,Liga I (RO),26421,Ofri Arad,O. Arad,1998-09-11,32.64,10.96,8.43,7,6,1,92.0,15.33,0.67,4.35,2.33,15.22,0.0,0.0,0.33,2.17,2.17,1.67,10.87,0.17,1.09,0.33,2.17,5.5,2.83,3.5,2.67,0.33,1.93,1.67,10.87
1207,Liga I (RO),26789,Kilian Ludewig,K. Ludewig,2000-03-05,58.66,12.76,15.66,8,7,1,185.0,26.43,1.14,4.32,4.29,16.21,0.14,0.54,0.71,2.7,3.14,1.86,7.03,0.0,0.0,0.43,1.62,7.43,4.14,8.14,5.71,0.43,2.48,2.71,10.27
1207,Liga I (RO),27543,Hervin Ongenda,H. Ongenda,1995-06-24,80.2,21.94,17.31,33,33,0,1117.0,33.85,1.24,3.67,5.42,16.02,0.55,1.61,1.42,4.21,4.82,2.12,6.27,0.03,0.09,0.18,0.54,12.27,5.48,10.03,4.33,0.7,2.81,2.21,6.53
1207,Liga I (RO),29013,Konstantinos Doumtsios,K. Doumtsios,1997-09-20,53.91,12.82,14.28,16,14,2,365.0,26.07,0.43,1.64,3.79,14.52,0.0,0.0,0.86,3.29,7.57,1.07,4.11,0.0,0.0,0.0,0.0,13.36,4.71,6.57,1.5,0.07,0.51,1.71,6.57
1207,Liga I (RO),29425,Alibek Aliev,A. Aliev,1996-08-16,73.19,17.93,21.04,19,19,0,780.0,41.05,0.42,1.02,5.26,12.82,0.0,0.0,1.37,3.33,8.21,2.53,6.15,0.0,0.0,0.11,0.26,20.26,6.05,11.05,2.16,0.05,0.31,3.95,9.61
1207,Liga I (RO),29442,Giannis Anestis,G. Anestis,1991-03-09,96.8,24.99,21.65,29,29,0,0.0,0.0,0.0,,0.0,,0.0,,0.0,,0.0,0.0,,0.0,,0.0,,0.0,0.0,0.0,0.0,0.0,,0.0,
1207,Liga I (RO),29480,Iraneuton Sousa Morais Júnior,Júnior Morais,1986-07-22,83.14,24.48,25.02,2,2,0,81.0,40.5,2.0,4.94,8.0,19.75,0.0,0.0,2.5,6.17,5.5,1.0,2.47,0.5,1.24,0.5,1.24,14.0,8.0,10.5,14.0,3.0,7.4,5.0,12.35
1207,Liga I (RO),29588,Franjo Prce,F. Prce,1996-01-07,73.0,15.97,20.34,19,18,1,280.0,15.56,0.89,5.71,2.94,18.93,0.22,1.43,0.83,5.36,1.28,0.39,2.5,0.22,1.43,0.39,2.5,2.61,1.39,4.06,7.67,1.06,7.07,0.39,2.5
1207,Liga I (RO),29593,Oleksandr Safronov,O. Safronov,1999-06-11,75.13,15.88,22.26,23,22,1,366.0,16.64,0.73,4.37,3.05,18.31,0.27,1.64,1.23,7.38,2.14,0.27,1.64,0.73,4.37,0.55,3.28,2.27,2.0,3.18,9.95,1.77,11.52,0.59,3.55
1207,Liga I (RO),29626,Sergiu Hanca,S. Hanca,1992-04-04,30.61,7.08,7.69,27,25,2,390.0,15.6,0.44,2.82,2.16,13.85,0.08,0.51,0.8,5.13,1.36,0.8,5.13,0.0,0.0,0.08,0.51,4.72,2.4,4.84,2.64,0.44,4.13,1.76,11.28
1207,Liga I (RO),29693,Diego Živulić,D. Živulić,1992-03-23,94.66,24.13,22.44,31,29,2,645.0,22.24,1.59,7.13,4.38,19.69,0.21,0.93,1.24,5.58,3.69,0.55,2.48,0.21,0.93,0.97,4.34,3.76,2.86,4.17,11.17,1.9,10.02,1.1,4.96
1207,Liga I (RO),29710,Luka Kukić,L. Kukić,1996-05-16,97.47,26.83,21.68,9,8,1,0.0,0.0,0.0,,0.0,,0.0,,0.0,,0.0,0.0,,0.0,,0.0,,0.0,0.0,0.0,0.0,0.0,,0.0,
1207,Liga I (RO),30087,Ricardo Manuel Pinho Matos,Ricardo Matos,2000-03-25,71.35,15.79,19.04,29,27,2,704.0,26.07,0.3,1.14,4.33,16.62,0.15,0.57,1.11,4.26,6.67,1.22,4.69,0.04,0.14,0.07,0.28,12.48,3.0,6.96,1.7,0.15,1.09,2.26,8.66
1207,Liga I (RO),30506,Danny Armstrong,D. Armstrong,1997-10-11,72.4,21.66,16.03,38,36,2,1202.0,33.39,1.03,3.08,5.5,16.47,0.14,0.42,1.39,4.16,8.03,1.86,5.57,0.0,0.0,0.31,0.91,12.28,7.11,10.36,4.69,0.42,1.63,2.22,6.65
1207,Liga I (RO),30541,Arian Kabashi,A. Kabashi,1996-09-26,83.91,17.45,26.5,8,8,0,125.0,15.62,0.38,2.4,3.75,24.0,0.0,0.0,1.12,7.2,2.0,0.38,2.4,0.5,3.2,0.5,3.2,2.62,1.25,3.5,8.12,1.75,10.77,0.0,0.0
1207,Liga I (RO),30603,Assad Al Hamlawi,A. Al Hamlawi,2000-10-27,52.75,16.39,11.57,33,33,0,744.0,22.55,0.24,1.08,4.18,18.55,0.03,0.13,0.67,2.96,4.45,1.09,4.84,0.0,0.0,0.0,0.0,12.03,3.12,6.0,0.7,0.15,4.95,1.88,8.33
1207,Liga I (RO),30715,Pavlo Isenko,P. Isenko,2003-07-21,95.4,28.99,20.55,18,18,0,0.0,0.0,0.0,,0.0,,0.0,,0.0,,0.0,0.0,,0.0,,0.0,,0.0,0.0,0.0,0.0,0.0,,0.0,
1207,Liga I (RO),30991,Benjamin Babati,B. Babati,1995-11-29,48.25,10.52,15.79,6,5,1,133.0,26.6,1.0,3.76,3.8,14.28,0.6,2.25,0.8,3.01,4.6,1.4,5.26,0.6,2.26,0.2,0.75,7.2,5.4,6.6,5.4,0.6,3.21,2.8,10.53
1207,Liga I (RO),31032,David Lazar,D. Lazar,1991-08-08,97.96,22.55,26.44,29,28,1,0.0,0.0,0.0,,0.0,,0.0,,0.0,,0.0,0.0,,0.0,,0.0,,0.0,0.0,0.0,0.0,0.0,,0.0,
1207,Liga I (RO),31033,Gabriel Cristian Iancu,G. Iancu,1994-04-15,21.33,6.62,4.33,10,9,1,81.0,9.0,0.22,2.47,1.67,18.52,0.11,1.24,0.11,1.24,1.33,0.22,2.47,0.0,0.0,0.11,1.24,2.67,2.0,1.22,2.0,0.67,8.34,0.33,3.7
1207,Liga I (RO),31055,Marinos  Tzionis,M. Tzionis,2001-07-16,68.49,16.68,19.61,26,26,0,971.0,37.35,0.96,2.57,4.92,13.18,0.54,1.44,1.19,3.19,4.96,2.85,7.62,0.12,0.31,0.27,0.72,11.69,7.15,11.19,7.58,0.96,3.01,3.12,8.34
1207,Liga I (RO),31364,Wilhelm Loeper,W. Loeper,1998-03-30,43.27,8.55,13.57,10,10,0,260.0,26.0,0.5,1.92,3.4,13.08,0.3,1.15,0.9,3.46,4.2,1.9,7.3,0.1,0.38,0.2,0.77,7.7,4.8,8.7,4.5,0.3,1.38,2.6,10.0
1207,Liga I (RO),32193,Marko Stolnik,M. Stolnik,1996-07-08,30.83,7.69,7.55,6,5,1,21.0,4.2,0.0,0.0,0.2,4.76,0.2,4.76,0.2,4.76,0.6,0.2,4.76,0.2,4.76,0.0,0.0,1.0,0.0,1.6,1.8,0.6,16.36,0.2,4.76
1207,Liga I (RO),32432,Mouhamadou Drammeh,M. Drammeh,1999-05-15,69.06,19.3,17.99,25,24,1,931.0,38.79,1.04,2.69,5.58,14.39,0.38,0.97,1.17,3.01,3.75,2.04,5.26,0.17,0.43,0.54,1.4,10.62,6.96,10.92,10.08,1.0,2.93,5.42,13.96
1207,Liga I (RO),32445,Matei Cristian Ilie,M. Ilie,2002-12-11,90.75,22.7,24.88,28,28,0,429.0,15.32,0.71,4.66,4.11,26.81,0.21,1.4,0.64,4.2,2.04,0.46,3.03,0.61,3.96,0.43,2.8,2.96,1.36,4.36,7.5,1.68,12.17,0.43,2.8
1207,Liga I (RO),32448,Claudiu Micovschi,C. Micovschi,1999-05-19,30.89,6.89,8.41,18,16,2,217.0,13.56,0.44,3.22,2.12,15.67,0.0,0.0,0.5,3.68,2.25,0.81,5.99,0.06,0.46,0.12,0.92,4.56,1.5,4.5,2.12,0.31,2.96,1.62,11.98
1207,Liga I (RO),32449,Daniel Dumbravanu,D. Dumbravanu,2001-07-22,102.08,27.29,18.68,2,2,0,16.0,8.0,0.0,0.0,3.5,43.75,0.5,6.25,0.5,6.25,1.0,0.0,0.0,1.0,12.5,1.0,12.5,0.5,0.0,2.0,6.5,1.0,13.08,0.0,0.0
1207,Liga I (RO),32489,Gabriel Debeljuh,G. Debeljuh,1996-09-28,56.11,13.57,13.23,15,14,1,318.0,22.71,0.64,2.83,4.21,18.55,0.07,0.31,1.21,5.35,5.79,0.79,3.46,0.0,0.0,0.0,0.0,10.43,3.36,5.21,1.86,0.21,2.37,1.21,5.35
1207,Liga I (RO),32490,Denis Ciobotariu,D. Ciobotariu,1998-06-10,85.69,23.86,21.57,20,19,1,298.0,15.68,1.16,7.38,3.89,24.83,0.05,0.34,0.37,2.35,2.32,0.26,1.68,0.47,3.02,0.74,4.7,2.26,2.11,3.79,8.05,1.89,13.32,0.16,1.01
1207,Liga I (RO),32493,Nicolae Carnat,N. Carnat,1998-04-08,29.01,6.41,9.64,7,7,0,127.0,18.14,0.29,1.57,3.14,17.32,0.14,0.79,0.14,0.79,2.43,1.29,7.09,0.0,0.0,0.0,0.0,6.43,3.43,6.0,3.29,0.71,8.52,2.29,12.6
1207,Liga I (RO),32494,Jakub Vojtuš,J. Vojtuš,1993-10-22,33.26,8.67,7.82,20,18,2,251.0,13.94,0.17,1.2,3.28,23.51,0.0,0.0,1.06,7.57,4.06,0.67,4.78,0.0,0.0,0.06,0.4,5.83,1.78,3.67,1.0,0.11,1.28,0.67,4.78
1207,Liga I (RO),32920,Francisco Anderson de Jesus dos Santos,Anderson Ceará,1999-05-21,76.64,17.29,23.76,36,34,2,1312.0,38.59,1.15,2.97,4.0,10.37,0.35,0.91,1.41,3.66,4.94,2.29,5.94,0.09,0.23,0.41,1.07,13.18,6.79,12.82,5.24,0.65,2.39,3.79,9.83
1207,Liga I (RO),33009,Christian Kendji Wagatsuma Ferreira,Kazu,2000-03-18,60.74,15.15,14.81,21,20,1,415.0,20.75,0.7,3.37,3.05,14.7,0.45,2.17,1.6,7.71,2.8,1.1,5.3,0.1,0.48,0.4,1.93,4.15,3.85,5.9,6.9,1.1,5.48,1.1,5.3
1207,Liga I (RO),33639,Fábio Patrick dos Reis dos Santos Fernandes,Patrick,1993-12-13,77.1,19.53,17.66,36,34,2,1291.0,37.97,1.24,3.25,6.32,16.65,0.29,0.77,1.71,4.49,8.35,2.26,5.96,0.03,0.08,0.12,0.31,14.38,6.21,10.5,4.32,0.65,2.94,3.38,8.91
1207,Liga I (RO),33690,Bruno Lourenço Pinto de Almeida Paz,Bruno Paz,1998-04-23,35.68,9.12,7.87,16,15,1,253.0,16.87,0.53,3.16,2.6,15.41,0.13,0.79,0.47,2.77,2.6,1.4,8.3,0.2,1.19,0.27,1.58,5.87,3.07,4.27,3.87,0.47,3.87,1.6,9.48
1207,Liga I (RO),33867,Andrea Padula,A. Padula,1996-04-04,58.95,12.92,17.48,19,19,0,459.0,24.16,1.63,6.75,3.89,16.12,0.37,1.52,1.11,4.57,2.0,1.42,5.88,0.32,1.31,0.79,3.27,5.42,3.53,7.84,8.21,1.37,6.43,1.11,4.57
1207,Liga I (RO),33871,Marc Fred Tsoungui,M. Tsoungui,2002-07-30,85.18,20.25,25.43,3,3,0,55.0,18.33,1.0,5.45,4.0,21.82,0.0,0.0,1.33,7.27,3.0,0.33,1.82,0.33,1.82,0.67,3.64,1.0,1.67,3.33,9.0,1.0,4.04,0.0,0.0
1207,Liga I (RO),34119,Tobias Christensen,T. Christensen,2000-05-11,79.62,22.14,20.04,33,32,1,1344.0,42.0,1.31,3.12,6.53,15.55,0.34,0.82,1.06,2.53,4.94,2.47,5.88,0.09,0.22,0.62,1.49,15.97,7.16,12.06,7.09,0.91,3.4,3.69,8.78
1207,Liga I (RO),34217,Mohamed Badamosi,M. Badamosi,1998-12-27,56.68,14.95,14.66,5,5,0,134.0,26.8,0.2,0.75,4.8,17.91,0.0,0.0,0.2,0.75,7.2,1.6,5.97,0.0,0.0,0.0,0.0,15.0,4.0,7.2,2.8,0.0,0.0,1.4,5.22
1207,Liga I (RO),34503,Valentin Crețu,V. Crețu,1989-01-02,89.54,28.2,18.67,24,24,0,563.0,23.46,1.38,5.86,5.29,22.56,0.5,2.13,0.79,3.37,2.38,0.58,2.49,0.21,0.89,0.54,2.31,6.12,3.62,6.21,6.12,0.83,4.65,0.62,2.66
1207,Liga I (RO),34504,Alexandru Albu,A. Albu,1993-08-17,89.68,19.47,27.05,17,17,0,850.0,50.0,0.82,1.65,6.35,12.71,0.35,0.71,2.0,4.0,3.76,2.88,5.76,0.29,0.59,0.53,1.06,15.65,7.47,17.53,13.29,1.65,3.89,5.53,11.06
1207,Liga I (RO),34639,Kennedy Kofi Boateng,K. Boateng,1996-11-29,96.88,29.74,21.43,38,36,2,636.0,17.67,1.47,8.33,3.94,22.33,0.19,1.1,1.03,5.82,3.61,0.42,2.36,0.58,3.3,0.69,3.93,3.14,1.72,3.44,8.19,1.69,9.87,0.31,1.73
1207,Liga I (RO),35651,Mohammed Kesselly  Kamara,M. Kamara,1997-10-31,26.52,5.88,3.53,2,2,0,6.0,3.0,0.0,0.0,1.0,33.33,0.0,0.0,0.0,0.0,0.5,0.0,0.0,0.0,0.0,0.0,0.0,0.5,0.5,0.0,1.5,0.0,0.0,0.0,0.0
1207,Liga I (RO),35753,Jonathan Cissé,J. Cissé,1997-05-18,83.9,22.75,22.87,17,16,1,203.0,12.69,0.75,5.91,2.56,20.2,0.0,0.0,0.62,4.93,1.75,0.06,0.49,0.44,3.45,0.81,6.4,1.5,0.94,2.31,7.38,1.0,8.78,0.19,1.48
1207,Liga I (RO),35956,Fábio Pereira Baptista,Fabinho Baptista,2001-03-29,49.42,18.83,9.21,2,2,0,26.0,13.0,1.5,11.54,3.5,26.92,0.0,0.0,1.0,7.69,3.0,1.0,7.69,0.0,0.0,0.0,0.0,2.0,0.5,2.5,1.5,0.0,0.0,0.0,0.0
1207,Liga I (RO),36000,Maks Juraj Čelić,M. Čelić,1996-03-08,95.64,22.91,29.74,9,8,1,158.0,19.75,0.5,2.53,4.25,21.52,0.12,0.63,1.38,6.96,4.0,0.25,1.27,1.38,6.96,1.5,7.6,2.0,2.25,4.75,14.12,3.25,16.22,0.0,0.0
1207,Liga I (RO),36004,Oleksandr Romanchuk,O. Romanchuk,1999-12-16,92.61,27.56,20.53,32,32,0,427.0,13.34,1.22,9.13,3.16,23.65,0.16,1.17,0.72,5.39,1.97,0.28,2.11,0.34,2.58,0.38,2.81,2.59,1.22,2.62,5.84,1.31,11.04,0.25,1.87
1207,Liga I (RO),37166,Jug Stanojev,J. Stanojev,1999-07-29,55.73,15.37,15.85,15,15,0,439.0,29.27,0.6,2.05,4.07,13.9,0.13,0.46,0.93,3.19,3.27,2.13,7.29,0.13,0.45,0.47,1.59,8.47,5.67,7.67,5.2,0.53,2.17,2.67,9.11
1207,Liga I (RO),37214,Kevin Luckassen Brobbey,K. Brobbey,1993-07-26,26.17,5.8,6.98,19,17,2,167.0,9.82,0.06,0.6,1.53,15.57,0.0,0.0,0.41,4.19,2.12,0.65,6.59,0.0,0.0,0.0,0.0,3.47,1.18,2.94,0.82,0.12,4.67,0.94,9.58
1207,Liga I (RO),37216,Ely Ernesto Lopes Fernandes,Ely Fernandes,1990-11-04,56.32,13.84,15.98,26,23,3,820.0,35.65,0.83,2.32,5.26,14.76,0.13,0.37,1.04,2.93,4.22,2.22,6.22,0.09,0.24,0.09,0.24,14.35,6.39,10.57,3.35,0.61,3.07,2.87,8.05
1207,Liga I (RO),37222,Adrian Şut,A. Şut,1999-04-30,91.53,26.7,19.24,14,14,0,613.0,43.79,1.29,2.94,8.5,19.41,0.43,0.98,1.43,3.26,5.21,2.07,4.73,0.36,0.82,0.64,1.47,13.21,8.14,11.0,10.43,1.14,3.05,3.07,7.02
1207,Liga I (RO),37223,Octavian Popescu,O. Popescu,2002-12-27,42.21,12.52,8.98,27,27,0,450.0,16.67,0.48,2.89,2.44,14.67,0.11,0.67,0.48,2.89,2.19,1.44,8.67,0.0,0.0,0.15,0.89,4.89,3.22,4.37,2.3,0.22,2.88,1.19,7.11
1207,Liga I (RO),37224,Andrei Miron,A. Miron,1994-05-28,99.55,26.13,22.22,36,35,1,512.0,14.63,0.69,4.69,3.29,22.46,0.17,1.17,0.51,3.52,2.03,0.26,1.76,0.74,5.08,0.54,3.71,2.29,1.34,2.74,8.83,2.0,14.59,0.14,0.98
1207,Liga I (RO),37225,Gabriel Simion,G. Simion,1998-05-22,57.94,16.8,16.4,20,19,1,728.0,38.32,0.79,2.06,5.05,13.19,0.32,0.82,1.26,3.3,3.74,2.68,7.0,0.26,0.69,0.63,1.65,10.21,7.11,11.05,13.26,1.47,4.54,4.0,10.44
1207,Liga I (RO),37229,Cătălin George Straton,C. Straton,1989-10-09,97.64,21.66,22.62,7,6,1,0.0,0.0,0.0,,0.0,,0.0,,0.0,,0.0,0.0,,0.0,,0.0,,0.0,0.0,0.0,0.0,0.0,,0.0,
1207,Liga I (RO),37231,Ovidiu Perianu,O. Perianu,2002-04-16,51.95,12.03,12.47,3,3,0,76.0,25.33,0.0,0.0,5.0,19.73,0.0,0.0,1.67,6.58,3.33,0.33,1.31,0.0,0.0,0.33,1.32,7.0,4.33,6.0,9.0,1.67,11.21,1.67,6.58
1207,Liga I (RO),37237,Daniel Graovac,D. Graovac,1993-08-08,87.85,28.24,18.78,18,17,1,304.0,17.88,1.06,5.92,4.94,27.63,0.29,1.65,0.88,4.93,3.06,0.47,2.63,1.06,5.92,0.53,2.96,4.18,1.82,3.94,8.24,2.47,14.99,0.24,1.32
1207,Liga I (RO),37239,Mihai Popa,M. Popa,2000-10-12,98.3,23.45,28.88,17,17,0,0.0,0.0,0.0,,0.0,,0.0,,0.0,,0.0,0.0,,0.0,,0.0,,0.0,0.0,0.0,0.0,0.0,,0.0,
1207,Liga I (RO),37241,Silviu Balaure,S. Balaure,1996-02-06,78.55,19.79,23.24,16,16,0,857.0,53.56,1.12,2.1,6.62,12.37,0.56,1.05,1.5,2.8,9.12,2.69,5.02,0.06,0.12,0.62,1.17,20.06,11.81,17.31,8.25,1.31,2.8,6.5,12.14
1207,Liga I (RO),37242,Valentin Gheorghe,V. Gheorghe,1997-02-14,44.13,10.47,12.89,24,22,2,554.0,25.18,0.45,1.8,3.68,14.62,0.05,0.18,0.68,2.71,3.5,1.86,7.4,0.14,0.54,0.14,0.54,7.68,4.77,7.55,4.23,0.55,2.54,2.77,11.01
1207,Liga I (RO),37245,Ştefan Baiaram,Ş. Baiaram,2002-12-31,58.93,18.29,12.85,37,37,0,987.0,26.68,0.7,2.63,3.65,13.68,0.22,0.81,1.0,3.75,5.43,1.62,6.08,0.0,0.0,0.11,0.41,10.97,5.08,8.46,2.38,0.27,1.98,2.32,8.71
1207,Liga I (RO),37250,George Alexandru Cîmpanu,G. Cîmpanu,2000-10-08,55.56,14.53,11.77,14,13,1,364.0,28.0,0.77,2.75,5.46,19.5,0.15,0.55,1.46,5.22,5.23,1.62,5.77,0.0,0.0,0.38,1.37,12.0,6.38,8.62,2.77,0.38,2.11,1.77,6.32
1207,Liga I (RO),37254,Alexandru Pantea,A. Pantea,2003-09-11,72.44,19.9,16.86,22,21,1,526.0,25.05,1.67,6.65,4.95,19.77,0.24,0.95,1.24,4.94,3.95,1.0,3.99,0.19,0.76,0.52,2.09,5.05,3.52,6.76,7.0,1.24,5.76,1.52,6.08
1207,Liga I (RO),37258,Cristian Daniel Neguţ,C. Neguţ,1995-12-09,78.06,19.5,21.96,37,35,2,1462.0,41.77,1.0,2.39,5.11,12.24,0.26,0.62,1.37,3.28,5.74,3.11,7.46,0.09,0.21,0.26,0.62,17.29,6.69,14.8,4.74,0.54,1.43,3.49,8.34
1207,Liga I (RO),37260,Daniel Popa,D. Popa,1995-07-14,49.19,10.93,15.41,7,6,1,138.0,23.0,0.5,2.17,1.67,7.25,0.17,0.72,0.33,1.45,5.0,0.33,1.45,0.17,0.72,0.0,0.0,9.83,3.0,7.67,1.33,0.17,3.75,1.83,7.97
1207,Liga I (RO),37262,Marian Aioani,M. Aioani,1999-11-07,92.17,24.42,24.81,29,28,1,0.0,0.0,0.0,,0.0,,0.0,,0.0,,0.0,0.0,,0.0,,0.0,,0.0,0.0,0.0,0.0,0.0,,0.0,
1207,Liga I (RO),37263,Tiberiu Căpușă,T. Căpușă,1998-04-06,86.57,21.55,24.76,35,33,2,783.0,23.73,0.97,4.09,4.3,18.13,0.21,0.89,1.12,4.73,2.52,0.91,3.83,0.55,2.3,0.42,1.79,6.0,3.18,6.61,8.73,1.64,8.11,0.88,3.7
1207,Liga I (RO),37404,Martins Daniel  Toutou Mpondo  ,M. Toutou Mpondo,1996-03-13,26.65,7.16,6.45,7,7,0,80.0,11.43,0.0,0.0,1.71,15.0,0.0,0.0,0.57,5.0,1.86,0.43,3.75,0.0,0.0,0.0,0.0,7.29,2.14,2.71,0.57,0.0,0.0,1.0,8.75
1207,Liga I (RO),37838,Issouf Macalou,I. Macalou,1998-12-27,69.51,19.13,18.56,34,32,2,672.0,21.0,0.47,2.23,3.28,15.62,0.09,0.45,1.06,5.06,2.81,1.22,5.8,0.12,0.59,0.16,0.74,6.56,2.53,6.5,3.47,0.22,1.91,2.25,10.71
1207,Liga I (RO),37968,Louis Munteanu,L. Munteanu,2002-06-16,67.4,17.78,18.18,12,12,0,241.0,20.08,0.17,0.83,2.42,12.03,0.08,0.42,0.42,2.08,2.58,1.33,6.64,0.0,0.0,0.0,0.0,9.33,2.67,5.92,0.5,0.0,0.0,0.42,2.08
1207,Liga I (RO),41087,Antonio Bosec,A. Bosec,1997-08-28,99.35,23.46,24.24,1,1,0,29.0,29.0,2.0,6.9,7.0,24.14,0.0,0.0,1.0,3.45,6.0,1.0,3.45,1.0,3.45,0.0,0.0,10.0,4.0,3.0,6.0,1.0,3.45,1.0,3.45
1207,Liga I (RO),46100,John Charles Petro,C. Petro,2001-02-08,91.83,24.26,20.19,34,33,1,1245.0,37.73,1.58,4.18,6.7,17.75,0.58,1.53,1.36,3.61,5.0,1.39,3.69,0.42,1.12,0.94,2.49,9.27,6.91,7.85,12.0,2.36,7.86,1.82,4.82
1207,Liga I (RO),46148,Bismark Adjei-Boateng,N. Boateng,1994-05-10,21.86,5.96,4.39,5,5,0,30.0,6.0,0.4,6.67,1.6,26.67,0.0,0.0,0.0,0.0,0.6,0.4,6.67,0.0,0.0,0.4,6.67,0.4,0.6,0.4,3.0,0.4,9.62,0.4,6.67
1207,Liga I (RO),46174,Andrej Fábry,A. Fábry,1997-03-01,41.92,11.72,11.42,20,19,1,493.0,25.95,0.74,2.84,3.58,13.79,0.16,0.61,0.79,3.04,3.0,1.58,6.08,0.05,0.2,0.21,0.81,10.0,6.79,8.0,4.11,0.42,4.41,2.68,10.35
1207,Liga I (RO),46194,Leard Sadriu,L. Sadriu,2001-04-22,93.06,20.06,25.24,31,29,2,631.0,21.76,1.07,4.91,4.34,19.97,0.55,2.54,0.9,4.12,2.38,0.55,2.54,0.76,3.49,0.66,3.01,4.62,3.21,6.24,9.9,1.79,9.46,0.9,4.12
1207,Liga I (RO),47900,Guilherme Araújo Soares,Guilherme Soares,2001-02-08,73.01,16.25,21.16,10,10,0,153.0,15.3,0.3,1.96,4.0,26.14,0.0,0.0,0.8,5.23,2.5,0.3,1.96,1.0,6.54,1.0,6.54,2.1,2.1,3.3,9.0,1.8,12.5,0.3,1.96
1207,Liga I (RO),49283,Dino Mikanović,D. Mikanović,1994-05-07,88.28,24.04,24.15,31,30,1,807.0,26.9,0.93,3.47,5.1,18.96,0.5,1.86,1.73,6.44,3.43,0.83,3.1,0.47,1.74,0.83,3.1,4.77,3.6,7.0,11.27,1.6,7.07,1.03,3.84
1207,Liga I (RO),49456,Jovo Lukić,J. Lukić,1998-11-28,82.86,22.31,22.44,30,29,1,1117.0,38.52,0.79,2.06,5.17,13.43,0.14,0.36,1.38,3.58,9.55,1.86,4.83,0.0,0.0,0.07,0.18,18.79,5.28,12.03,2.24,0.24,1.84,3.21,8.33
1207,Liga I (RO),49591,Antoni Ivanov,A. Ivanov,1995-09-11,89.78,21.75,26.24,27,26,1,1370.0,52.69,2.15,4.09,7.31,13.87,0.27,0.51,1.73,3.29,4.35,2.31,4.38,0.27,0.51,1.0,1.9,14.42,7.35,15.27,16.27,1.73,3.56,5.96,11.32
1207,Liga I (RO),49680,Michael Pavlović,M. Pavlović,2001-06-12,62.49,15.12,14.86,17,16,1,329.0,20.56,0.31,1.52,4.44,21.58,0.19,0.91,1.06,5.17,2.19,0.31,1.52,0.88,4.26,0.44,2.13,4.38,3.5,4.75,7.19,1.12,5.93,0.5,2.43
1207,Liga I (RO),49681,Jakov Blagaić,J. Blagaić,2000-02-08,58.37,13.24,15.38,15,14,1,369.0,26.36,0.86,3.25,4.21,15.99,0.36,1.35,0.57,2.17,2.71,1.43,5.42,0.0,0.0,0.07,0.27,8.57,3.57,6.79,3.43,0.64,3.49,2.57,9.76
1207,Liga I (RO),49903,Anzor Mekvabishvili,A. Mekvabishvili,2001-06-05,69.37,21.29,16.34,33,33,0,1088.0,32.97,1.15,3.49,5.79,17.55,0.27,0.83,0.97,2.94,3.97,2.33,7.08,0.12,0.37,0.33,1.01,11.0,4.58,9.61,8.73,1.06,3.69,3.0,9.1
1207,Liga I (RO),49973,Eduard Florescu,E. Florescu,1997-06-27,62.2,14.94,16.42,30,28,2,942.0,33.64,0.64,1.91,5.14,15.29,0.46,1.38,1.11,3.29,4.36,1.79,5.31,0.07,0.21,0.07,0.21,11.11,6.11,11.5,6.14,0.79,3.27,4.11,12.21
1207,Liga I (RO),49977,Eduard Pap,E. Pap,1994-07-01,98.33,21.75,29.95,35,34,1,0.0,0.0,0.0,,0.0,,0.0,,0.0,,0.0,0.0,,0.0,,0.0,,0.0,0.0,0.0,0.0,0.0,,0.0,
1207,Liga I (RO),49979,Alexandru Țigănașu,A. Țigănașu,1990-06-12,81.9,21.17,18.25,21,20,1,467.0,23.35,1.4,6.0,4.15,17.77,0.35,1.5,1.35,5.78,2.75,0.7,3.0,0.65,2.78,0.75,3.21,5.1,3.2,7.1,8.45,1.6,8.64,0.45,1.93
1207,Liga I (RO),50121,Aviel Zargari,A. Zargari,2002-12-11,60.16,15.35,15.24,15,15,0,359.0,23.93,0.53,2.23,3.4,14.2,0.27,1.11,0.27,1.11,2.07,1.93,8.08,0.33,1.39,0.47,1.95,7.33,3.4,4.93,8.6,0.93,4.81,2.07,8.64
1207,Liga I (RO),53335,Vadik Murria Soriano,V. Murria,2000-09-07,61.77,15.03,15.15,10,10,0,107.0,10.7,1.0,9.34,2.0,18.69,0.0,0.0,0.1,0.93,2.1,0.2,1.87,0.6,5.61,0.4,3.74,2.1,0.4,3.0,6.7,1.3,12.72,0.1,0.93
1207,Liga I (RO),54542,Moonga Aluta Simba,M. Simba,2000-05-08,40.16,10.34,8.81,10,10,0,130.0,13.0,0.4,3.08,1.7,13.08,0.1,0.77,0.8,6.15,1.9,1.2,9.23,0.0,0.0,0.2,1.54,3.7,2.1,4.4,1.9,0.0,0.0,0.9,6.92
1207,Liga I (RO),54943,Lucas De Vega Lima,Lucas de Vega,2000-01-16,62.76,16.71,17.98,2,2,0,67.0,33.5,1.5,4.48,6.0,17.91,0.0,0.0,0.0,0.0,3.5,2.5,7.46,0.0,0.0,0.0,0.0,6.0,4.5,8.0,11.5,1.0,3.26,3.0,8.96
1207,Liga I (RO),58641,Jair Tavares da Silva,Jair,1994-08-03,47.73,12.62,13.04,19,18,1,435.0,24.17,0.72,2.99,4.11,17.01,0.17,0.69,0.89,3.68,2.22,1.56,6.44,0.17,0.69,0.11,0.46,8.72,3.11,7.67,3.94,0.56,3.05,2.5,10.34
1207,Liga I (RO),60117,Miguel Muñoz Fernández,Miguel Muñoz,1996-11-22,4.08,0.76,0.58,2,2,0,1.0,0.5,0.0,0.0,0.5,100.0,0.0,0.0,0.0,0.0,0.0,0.0,0.0,0.0,0.0,0.0,0.0,0.0,0.0,0.5,0.0,0.0,,0.0,0.0
1207,Liga I (RO),60192,Dmytro Pospelov,D. Pospelov,1991-10-19,98.06,24.51,26.92,29,28,1,473.0,16.89,0.79,4.65,3.82,22.62,0.32,1.9,0.57,3.38,1.71,0.29,1.69,0.64,3.81,0.43,2.54,2.46,1.64,4.29,10.32,2.11,12.74,0.18,1.06
1207,Liga I (RO),60633,Otto Hindrich,O. Hindrich,2002-08-05,99.44,26.58,25.7,15,15,0,0.0,0.0,0.0,,0.0,,0.0,,0.0,,0.0,0.0,,0.0,,0.0,,0.0,0.0,0.0,0.0,0.0,,0.0,
1207,Liga I (RO),61247,Yassine Zakir,Y. Zakir,1997-03-13,62.41,14.75,18.45,30,25,5,819.0,32.76,1.2,3.66,5.2,15.87,0.32,0.98,1.2,3.66,3.84,2.64,8.06,0.12,0.37,0.16,0.49,8.96,5.8,9.92,5.88,0.8,3.23,3.0,9.16
1207,Liga I (RO),63152,Cătălin Vulturar,C. Vulturar,2004-03-09,55.18,13.15,15.69,20,19,1,509.0,26.79,0.95,3.54,4.58,17.09,0.21,0.79,0.95,3.54,3.21,1.53,5.7,0.11,0.39,0.47,1.77,6.42,3.89,7.26,9.11,1.63,7.75,2.05,7.66
1207,Liga I (RO),64203,Tommi Jyry,T. Jyry,1999-08-16,91.42,21.88,25.37,36,34,2,1860.0,54.71,0.97,1.77,8.09,14.79,0.26,0.48,1.71,3.12,9.18,3.35,6.13,0.21,0.38,0.65,1.18,17.26,8.15,15.74,10.38,0.82,2.18,7.35,13.44
1207,Liga I (RO),64461,Marko Gjorgjievski,M. Gjorgjievski,2000-04-18,44.25,11.54,11.63,28,27,1,539.0,19.96,0.26,1.3,2.67,13.36,0.0,0.0,0.96,4.82,3.19,1.0,5.01,0.07,0.37,0.0,0.0,9.26,2.37,5.48,1.41,0.19,1.19,2.37,11.87
1207,Liga I (RO),64622,Milen Zhelev,M. Zhelev,1993-07-15,93.54,23.83,21.59,34,33,1,923.0,27.97,1.18,4.23,4.85,17.33,0.61,2.17,1.24,4.44,4.06,1.18,4.23,0.33,1.19,0.61,2.17,5.91,3.94,8.76,9.39,1.88,8.41,0.73,2.6
1207,Liga I (RO),64679,Timotej Jambor,T. Jambor,2003-04-04,30.72,9.57,7.14,10,9,1,114.0,12.67,0.0,0.0,1.67,13.16,0.11,0.88,0.44,3.51,4.44,1.0,7.9,0.0,0.0,0.0,0.0,6.44,2.22,4.44,0.56,0.0,0.0,1.67,13.16
1207,Liga I (RO),64942,Ilija Masić,I. Masić,1999-04-08,68.55,16.89,17.11,2,2,0,24.0,12.0,1.0,8.34,3.0,25.0,0.5,4.16,0.0,0.0,1.0,0.0,0.0,1.0,8.34,0.0,0.0,0.0,1.5,2.0,6.0,1.0,7.9,0.5,4.16
1207,Liga I (RO),65150,Teodor Lungu,T. Lungu,1995-06-12,84.46,17.36,25.82,17,17,0,860.0,50.59,2.24,4.42,7.12,14.07,0.24,0.46,1.88,3.72,4.88,2.53,5.0,0.24,0.47,0.88,1.74,13.65,8.47,11.59,19.0,2.18,4.89,5.24,10.35
1207,Liga I (RO),66261,Marius Ştefănescu,M. Ştefănescu,1998-08-14,52.13,19.18,9.18,1,1,0,23.0,23.0,0.0,0.0,2.0,8.7,0.0,0.0,2.0,8.7,2.0,1.0,4.35,0.0,0.0,0.0,0.0,12.0,7.0,9.0,3.0,1.0,4.35,1.0,4.35
1207,Liga I (RO),66266,Adnan Aganović,A. Aganović,1987-10-03,54.83,13.54,14.32,6,5,1,145.0,29.0,0.4,1.38,3.4,11.72,0.4,1.38,0.8,2.76,3.2,1.8,6.21,0.2,0.69,0.6,2.07,11.2,7.2,7.8,5.4,0.6,2.54,2.2,7.59
1207,Liga I (RO),66320,Narek Grigoryan,N. Grigoryan,2001-06-17,66.37,18.0,16.8,32,29,3,1069.0,36.86,1.41,3.84,6.45,17.49,0.24,0.66,1.41,3.84,6.41,1.76,4.77,0.1,0.28,0.48,1.31,11.69,7.17,9.69,5.83,0.62,2.07,3.41,9.26
1207,Liga I (RO),66323,Nana Kwame Antwi,N. Antwi,2000-08-10,85.22,21.9,24.96,19,18,1,553.0,30.72,1.67,5.42,4.17,13.56,0.28,0.9,0.78,2.53,3.0,1.83,5.97,0.61,1.99,0.61,1.99,9.61,4.0,11.44,6.72,1.11,5.48,2.06,6.69
1207,Liga I (RO),66843,Luis Javier Paradela Díaz,L. Paradela,1997-01-21,40.84,12.49,8.87,2,2,0,36.0,18.0,0.5,2.78,5.0,27.78,0.0,0.0,0.5,2.78,2.5,0.5,2.78,0.0,0.0,0.5,2.78,9.0,3.5,9.0,2.5,1.0,24.0,1.0,5.55
1207,Liga I (RO),67348,Andrei Cordea,A. Cordea,1999-06-24,65.68,15.87,19.43,29,29,0,1110.0,38.28,1.03,2.7,4.97,12.97,0.21,0.54,1.69,4.41,5.79,2.62,6.85,0.14,0.36,0.52,1.35,12.93,7.66,10.79,5.24,0.31,1.64,3.62,9.46
1207,Liga I (RO),67349,Alexandru Musi,A. Musi,2004-07-17,76.05,22.91,16.56,36,34,2,921.0,27.09,1.15,4.23,4.41,16.29,0.18,0.65,1.35,4.99,5.5,1.65,6.08,0.12,0.43,0.26,0.98,8.82,3.88,9.65,3.68,0.32,1.52,1.32,4.89
1207,Liga I (RO),67965,Kader Keita,K. Keita,2000-11-06,84.27,23.55,21.57,31,30,1,1080.0,36.0,1.77,4.91,6.23,17.31,0.1,0.28,0.87,2.41,3.1,1.63,4.54,0.37,1.02,0.57,1.57,8.37,6.33,7.7,12.03,1.9,5.52,2.33,6.48
1207,Liga I (RO),68498,Alin Fică,A. Fică,2001-06-14,50.37,13.04,12.07,25,25,0,864.0,34.56,0.96,2.78,5.56,16.09,0.16,0.46,1.32,3.82,3.8,1.96,5.67,0.24,0.69,0.2,0.58,11.92,7.64,8.0,6.64,0.72,3.01,3.12,9.03
1207,Liga I (RO),68650,Maxime Sivis,M. Sivis,1998-04-01,87.31,25.97,19.52,32,30,2,741.0,24.7,0.87,3.51,4.77,19.3,0.43,1.75,1.5,6.07,4.93,0.83,3.37,0.4,1.62,0.6,2.43,5.6,3.63,5.83,7.27,1.1,4.76,1.03,4.18
1207,Liga I (RO),69048,Adrian Mazilu,A. Mazilu,2005-09-13,32.07,10.45,6.86,13,13,0,188.0,14.46,0.54,3.72,1.92,13.3,0.15,1.06,0.54,3.72,1.69,1.08,7.45,0.0,0.0,0.15,1.06,4.92,2.69,4.23,2.46,0.46,4.18,1.23,8.51
1207,Liga I (RO),69056,Matteo Duțu,M. Duțu,2005-11-23,44.41,13.52,11.51,9,9,0,81.0,9.0,0.33,3.7,2.22,24.69,0.22,2.47,0.56,6.17,2.0,0.44,4.94,0.11,1.23,0.33,3.7,1.78,1.0,1.89,4.44,0.44,5.59,0.11,1.24
1207,Liga I (RO),69057,Andrei Borza,A. Borza,2005-11-12,83.97,22.65,21.55,28,27,1,759.0,28.11,1.33,4.74,5.07,18.05,0.7,2.5,1.41,5.01,4.22,1.48,5.27,0.44,1.58,0.63,2.24,6.7,4.59,8.74,8.59,1.59,6.8,1.44,5.14
1207,Liga I (RO),69060,Robert Bădescu,R. Bădescu,2005-04-02,75.24,19.78,20.99,15,12,3,245.0,20.42,0.83,4.08,5.0,24.49,0.33,1.63,1.25,6.12,3.08,0.33,1.63,0.67,3.26,0.83,4.08,2.17,2.58,3.83,11.67,2.67,14.37,0.33,1.63
1207,Liga I (RO),69065,Luca Banu,L. Banu,2005-01-31,35.82,10.18,8.66,4,4,0,85.0,21.25,1.0,4.71,3.0,14.12,0.75,3.53,1.5,7.06,1.75,1.25,5.88,0.25,1.18,0.25,1.18,4.25,5.75,4.75,6.25,0.5,2.58,2.25,10.59
1207,Liga I (RO),69714,Renato Espinosa Torres,R. Espinosa,1998-07-06,66.18,14.77,19.83,21,20,1,556.0,27.8,0.35,1.26,3.7,13.31,0.0,0.0,1.1,3.96,5.9,1.4,5.03,0.0,0.0,0.0,0.0,12.0,3.6,8.65,2.3,0.25,0.85,2.05,7.37
1207,Liga I (RO),72480,Béni N'Kololo,B. N'Kololo,1996-11-06,51.98,13.83,9.66,5,5,0,79.0,15.8,0.4,2.53,2.4,15.19,0.4,2.53,0.4,2.53,3.2,0.6,3.8,0.0,0.0,0.0,0.0,4.6,2.0,4.4,2.6,0.8,8.07,0.8,5.06
1207,Liga I (RO),86110,Benjamin Hadžić,B. Hadžić,1999-03-04,29.49,6.22,9.05,8,6,2,116.0,19.33,0.33,1.72,2.0,10.34,0.17,0.86,1.5,7.76,3.67,1.17,6.04,0.0,0.0,0.17,0.86,6.5,3.83,4.33,1.83,0.17,2.6,0.83,4.31
1207,Liga I (RO),89667,Alexandru Tirlea,A. Tirlea,2000-03-28,87.15,21.08,25.77,12,11,1,359.0,32.64,1.0,3.06,5.55,16.99,0.73,2.23,1.36,4.18,2.55,1.64,5.02,0.82,2.51,1.36,4.18,5.82,4.55,9.36,13.27,2.64,8.69,1.91,5.85
1207,Liga I (RO),95609,Oucasse Mendy,O. Mendy,2001-06-01,68.19,18.51,18.24,14,14,0,445.0,31.79,0.5,1.57,3.86,12.13,0.29,0.9,0.86,2.7,4.86,2.14,6.74,0.0,0.0,0.36,1.12,9.57,6.07,9.5,4.43,0.21,0.79,3.57,11.24
1207,Liga I (RO),100333,Jekob Abiezer Jeno,J. Jeno,2000-06-22,49.63,10.65,13.72,8,8,0,247.0,30.88,1.25,4.05,3.75,12.15,0.62,2.02,0.88,2.83,4.25,2.88,9.31,0.25,0.81,1.0,3.24,9.12,5.5,7.0,9.38,1.25,4.42,3.25,10.53
1207,Liga I (RO),100562,Diogo Miguel Costa Rodrigues,Diogo Rodrigues,1999-08-23,71.94,15.89,19.21,6,6,0,121.0,20.17,0.83,4.13,2.0,9.92,0.0,0.0,1.83,9.09,2.83,0.67,3.31,0.5,2.48,0.5,2.48,5.17,3.5,6.5,8.17,1.67,8.98,1.0,4.96
1207,Liga I (RO),107001,Dennis Politic,D. Politic,2000-03-05,47.12,13.03,10.56,14,14,0,253.0,18.07,0.5,2.77,2.71,15.02,0.29,1.58,0.86,4.74,2.57,1.14,6.32,0.07,0.4,0.21,1.19,6.5,3.43,6.71,2.36,0.43,4.56,1.07,5.93
1207,Liga I (RO),112606,Nikola Stevanović,N. Stevanović,1998-09-13,82.47,26.06,19.5,15,15,0,201.0,13.4,0.67,4.97,3.6,26.87,0.33,2.49,0.73,5.47,1.67,0.47,3.48,0.47,3.48,0.47,3.48,2.4,0.8,3.13,7.13,1.53,12.7,0.13,1.0
1207,Liga I (RO),117591,Borisav Burmaz,B. Burmaz,2001-04-21,32.22,9.56,8.58,3,3,0,32.0,10.67,0.0,0.0,0.67,6.25,0.0,0.0,0.33,3.13,1.67,0.33,3.13,0.0,0.0,0.0,0.0,5.67,1.0,3.67,0.0,0.0,,0.67,6.25
1207,Liga I (RO),120563,Adrian Caragea,A. Caragea,2005-09-07,31.82,9.94,7.69,15,13,2,153.0,11.77,0.46,3.92,2.08,17.65,0.08,0.65,0.54,4.57,1.54,1.08,9.15,0.23,1.96,0.08,0.65,3.77,1.92,4.69,1.31,0.23,5.2,1.0,8.5
1207,Liga I (RO),120566,Mario Tudose,M. Tudose,2005-01-21,95.25,20.6,25.86,34,32,2,631.0,19.72,0.84,4.28,4.59,23.3,0.16,0.79,0.66,3.33,2.47,0.34,1.74,0.69,3.49,0.41,2.06,3.38,2.91,5.72,9.5,2.31,12.57,0.44,2.22
1207,Liga I (RO),160943,Ștefan Pănoiu,Ș. Pănoiu,2002-09-23,36.68,9.87,7.38,12,11,1,211.0,19.18,0.55,2.84,3.55,18.48,0.18,0.95,0.73,3.79,2.18,0.91,4.74,0.09,0.47,0.18,0.95,6.55,4.0,4.45,3.91,0.45,2.89,1.36,7.11
1207,Liga I (RO),160962,Robert Popa,R. Popa,2003-03-05,98.93,20.26,29.92,13,12,1,0.0,0.0,0.0,,0.0,,0.0,,0.0,,0.0,0.0,,0.0,,0.0,,0.0,0.0,0.0,0.0,0.0,,0.0,
1207,Liga I (RO),160963,Dragoș Albu,D. Albu,2001-03-15,68.51,16.61,21.0,38,36,2,1690.0,46.94,1.22,2.6,5.78,12.31,0.47,1.01,1.47,3.14,4.33,3.03,6.45,0.11,0.24,0.19,0.41,16.36,8.58,14.17,11.56,1.31,3.56,5.94,12.66
1207,Liga I (RO),160964,Radu Negru,R. Negru,1999-04-17,79.08,19.52,23.24,6,5,1,143.0,28.6,1.4,4.9,4.4,15.39,0.6,2.1,1.2,4.2,4.6,2.2,7.69,0.2,0.7,1.2,4.2,6.4,4.2,8.4,9.4,2.0,8.7,1.2,4.2
1207,Liga I (RO),160972,Vlad Pop,V. Pop,2000-08-31,61.12,13.57,18.88,31,29,2,1183.0,40.79,1.38,3.38,4.97,12.17,0.14,0.34,1.69,4.14,5.83,2.38,5.83,0.34,0.85,0.59,1.44,11.31,7.41,13.0,12.14,1.31,4.23,3.72,9.13
1207,Liga I (RO),160976,Antonio Borduşanu,A. Borduşanu,2004-08-10,19.75,5.34,5.03,2,2,0,15.0,7.5,1.0,13.33,1.0,13.33,0.0,0.0,0.5,6.67,1.0,1.0,13.33,0.0,0.0,0.0,0.0,0.5,0.5,2.0,3.0,0.5,5.0,0.0,0.0
1207,Liga I (RO),160987,Mihai Lixandru,M. Lixandru,2001-06-05,74.24,22.09,16.89,31,30,1,925.0,30.83,1.07,3.46,5.17,16.76,0.23,0.76,1.17,3.78,4.1,1.73,5.62,0.43,1.41,0.57,1.84,9.23,6.07,7.17,9.1,2.0,7.62,2.23,7.24
1207,Liga I (RO),160994,Octavian Vâlceanu,O. Vâlceanu,1996-10-13,68.2,14.85,21.0,3,3,0,0.0,0.0,0.0,,0.0,,0.0,,0.0,,0.0,0.0,,0.0,,0.0,,0.0,0.0,0.0,0.0,0.0,,0.0,
1207,Liga I (RO),160998,Răzvan Trif,R. Trif,1997-10-09,86.93,18.46,26.09,19,19,0,591.0,31.11,1.26,4.06,6.05,19.46,1.0,3.21,1.95,6.26,3.21,1.58,5.08,0.47,1.52,0.68,2.2,5.32,4.11,7.84,12.32,2.05,7.41,1.74,5.58
1207,Liga I (RO),160999,Răzvan Onea,R. Onea,1998-05-19,81.9,22.35,21.46,24,24,0,590.0,24.58,0.88,3.56,4.33,17.63,0.46,1.86,1.46,5.93,3.79,1.21,4.91,0.29,1.19,0.67,2.71,4.92,3.08,6.54,8.33,1.54,7.28,0.96,3.9
1207,Liga I (RO),161001,Andres Dumitrescu,A. Dumitrescu,2001-03-11,87.24,22.04,23.25,16,16,0,360.0,22.5,1.0,4.44,4.25,18.89,0.56,2.5,1.38,6.11,3.12,0.56,2.5,0.44,1.94,0.25,1.11,3.12,3.31,5.62,7.44,1.62,8.49,0.75,3.33
1207,Liga I (RO),163133,Carlos Mora Montoya,C. Mora,2001-03-18,76.64,22.88,16.77,29,29,0,694.0,23.93,1.14,4.75,4.38,18.3,0.34,1.44,1.14,4.75,3.62,0.97,4.03,0.28,1.15,0.45,1.87,7.14,3.9,7.72,5.03,0.79,4.47,1.24,5.19
1207,Liga I (RO),163512,João Paulo Moreira Fernandes,João Paulo,1998-05-26,82.65,23.07,18.58,33,31,2,963.0,31.06,1.26,4.05,5.26,16.93,0.32,1.04,1.35,4.36,4.06,1.26,4.05,0.26,0.83,0.58,1.87,6.71,4.65,7.65,10.42,1.42,5.17,2.16,6.96
1207,Liga I (RO),164925,Ştefan Târnovanu,S. Târnovanu,2000-05-09,98.82,28.84,22.19,25,25,0,0.0,0.0,0.0,,0.0,,0.0,,0.0,,0.0,0.0,,0.0,,0.0,,0.0,0.0,0.0,0.0,0.0,,0.0,
1207,Liga I (RO),168342,Siyabonga Ngezana,S. Ngezana,1997-07-15,89.52,26.07,18.91,17,17,0,290.0,17.06,1.0,5.86,3.65,21.38,0.18,1.03,0.76,4.48,2.76,0.35,2.07,0.12,0.69,0.94,5.52,3.29,2.29,3.06,8.35,1.71,10.38,0.0,0.0
1207,Liga I (RO),170516,Lóránd Pászka,L. Pászka,1996-03-22,98.5,22.05,29.65,27,26,1,841.0,32.35,1.5,4.64,5.35,16.53,0.42,1.31,1.65,5.11,3.12,1.62,4.99,0.73,2.26,1.19,3.69,6.58,4.5,9.65,13.38,2.12,7.23,1.27,3.92
1207,Liga I (RO),170691,André Miguel Pinto Lopes,Andrezinho,1996-12-01,75.02,19.5,17.23,36,34,2,1378.0,40.53,1.47,3.63,6.65,16.4,0.32,0.8,1.68,4.14,6.59,2.38,5.88,0.12,0.29,0.24,0.58,14.09,8.41,12.65,6.65,0.74,2.19,3.47,8.56
1207,Liga I (RO),172196,Rareș Gal,R. Gal,2001-01-25,95.32,25.41,20.73,1,1,0,0.0,0.0,0.0,,0.0,,0.0,,0.0,,0.0,0.0,,0.0,,0.0,,0.0,0.0,0.0,0.0,0.0,,0.0,
1207,Liga I (RO),178582,David Miculescu,D. Miculescu,2001-05-02,66.67,20.44,13.69,30,29,1,722.0,24.9,0.48,1.94,4.28,17.17,0.21,0.83,0.86,3.46,4.66,1.34,5.4,0.0,0.0,0.07,0.28,9.97,4.28,7.79,2.38,0.34,2.67,2.14,8.59
1207,Liga I (RO),178755,Bálint Szabó,B. Szabó,2001-01-18,52.07,12.13,15.03,15,14,1,362.0,25.86,1.21,4.7,3.71,14.36,0.07,0.28,0.86,3.31,3.5,2.0,7.73,0.0,0.0,0.14,0.55,9.29,4.29,7.64,3.93,0.57,4.1,1.79,6.91
1207,Liga I (RO),179805,Ronaldo Deaconu,R. Deaconu,1997-05-13,37.15,8.81,11.35,11,9,2,209.0,23.22,0.11,0.48,2.33,10.05,0.33,1.44,0.78,3.35,2.33,2.0,8.61,0.11,0.48,0.11,0.48,10.44,3.11,6.67,2.11,0.0,0.0,2.56,11.0
1207,Liga I (RO),179997,Danel Jordan Dongmo,D. Dongmo,2001-01-31,89.19,21.78,24.2,26,25,1,1232.0,49.28,2.52,5.11,8.2,16.64,0.6,1.22,1.52,3.08,7.24,2.36,4.79,0.48,0.97,0.84,1.7,12.44,8.56,9.76,19.08,3.2,7.51,4.04,8.2
1207,Liga I (RO),182518,Manuel Alberto Cunha Lopes,Né Lopes,2000-05-29,79.16,19.22,18.66,21,21,0,231.0,11.0,0.57,5.19,2.67,24.24,0.33,3.03,0.71,6.49,1.24,0.14,1.3,0.38,3.46,0.33,3.03,1.14,0.9,1.95,6.48,1.38,13.52,0.14,1.3
1207,Liga I (RO),183574,Aimé Steven Nsimba Labe,S. Nsimba,1996-05-31,58.32,17.5,13.37,34,34,0,762.0,22.41,0.38,1.71,4.71,21.0,0.06,0.26,0.85,3.81,4.94,1.12,4.99,0.0,0.0,0.03,0.13,10.15,2.85,7.18,0.85,0.03,0.31,1.38,6.17
1207,Liga I (RO),186507,Eduard Rădăslăvescu,E. Rădăslăvescu,2004-07-30,64.34,18.21,16.06,38,35,3,1286.0,36.74,0.91,2.49,6.03,16.41,0.43,1.17,1.23,3.34,5.91,2.2,5.99,0.06,0.16,0.29,0.78,12.77,6.46,10.66,6.03,0.71,2.47,3.97,10.81
1207,Liga I (RO),208234,Leonardo Da Costa Bolgado,Léo Bolgado,1998-08-20,66.16,16.73,17.46,17,17,0,154.0,9.06,0.35,3.9,2.47,27.27,0.18,1.95,0.35,3.9,1.24,0.06,0.65,0.41,4.55,0.41,4.55,1.18,0.71,2.12,5.41,1.76,23.14,0.18,1.95
1207,Liga I (RO),233305,Cătălin Ionut Cîrjan,C. Cîrjan,2002-12-01,92.56,28.27,20.5,38,36,2,1420.0,39.44,0.92,2.32,5.97,15.14,0.28,0.7,1.5,3.8,4.94,2.58,6.55,0.08,0.21,0.39,0.99,14.72,5.47,12.67,5.81,0.39,1.13,2.86,7.25
1207,Liga I (RO),257441,Lindon Emërllahu,L. Emërllahu,2002-12-07,70.56,18.31,18.85,15,15,0,669.0,44.6,1.67,3.74,7.27,16.29,0.4,0.9,1.53,3.44,4.27,3.53,7.92,0.13,0.3,0.6,1.34,14.6,8.07,13.93,7.4,0.8,1.81,4.53,10.16
1207,Liga I (RO),257442,Meriton Korenica,M. Korenica,1996-12-15,75.3,19.09,21.0,36,36,0,1524.0,42.33,1.44,3.41,6.42,15.16,0.25,0.59,2.08,4.92,5.22,2.81,6.63,0.17,0.39,0.47,1.12,14.0,7.67,13.0,6.33,0.42,1.38,4.19,9.91
1207,Liga I (RO),293577,Richard Odada,R. Odada,2000-11-25,70.12,17.99,19.1,20,19,1,758.0,39.89,1.89,4.75,6.37,15.96,0.37,0.92,1.63,4.09,4.95,1.68,4.22,0.42,1.06,0.68,1.72,11.42,7.53,8.11,12.16,2.26,5.96,4.0,10.03
1207,Liga I (RO),303315,Andrei Coubis,A. Coubis,2003-09-29,93.56,25.71,25.27,14,14,0,171.0,12.21,0.86,7.02,2.5,20.47,0.07,0.58,1.14,9.36,1.86,0.07,0.58,0.57,4.68,0.36,2.92,0.93,1.14,2.14,8.36,1.36,11.9,0.14,1.17
1207,Liga I (RO),306322,Andrei Dumiter,A. Dumiter,1999-04-10,55.79,13.9,12.55,33,32,1,955.0,29.84,0.56,1.88,5.28,17.7,0.19,0.63,1.62,5.44,6.06,1.66,5.55,0.0,0.0,0.09,0.31,13.16,4.97,9.84,1.78,0.22,1.92,1.84,6.18
1207,Liga I (RO),331350,Enriko Papa,E. Papa,1993-03-12,50.48,13.43,11.18,24,23,1,577.0,25.09,0.7,2.77,4.91,19.58,0.13,0.52,0.83,3.29,3.17,0.96,3.81,0.13,0.52,0.48,1.91,7.3,3.83,7.43,5.83,1.04,5.47,1.17,4.68
1207,Liga I (RO),439456,Talisson de Almeida,Talisson,2002-05-21,35.46,10.24,8.06,11,11,0,189.0,17.18,0.82,4.76,2.36,13.76,0.09,0.53,0.91,5.29,3.0,0.64,3.7,0.0,0.0,0.0,0.0,7.18,3.09,5.27,2.0,0.18,0.98,0.91,5.29
1207,Liga I (RO),486517,Diogo José Branco Batista,Diogo Batista,2000-04-21,18.5,4.08,5.38,6,6,0,93.0,15.5,0.17,1.08,1.67,10.75,0.0,0.0,0.67,4.3,1.83,0.83,5.38,0.0,0.0,0.0,0.0,6.17,5.17,4.17,2.83,0.5,3.96,2.17,13.98
1207,Liga I (RO),507749,Franz Stolz,F. Stolz,2001-02-14,98.7,28.02,23.63,7,7,0,0.0,0.0,0.0,,0.0,,0.0,,0.0,,0.0,0.0,,0.0,,0.0,,0.0,0.0,0.0,0.0,0.0,,0.0,
1207,Liga I (RO),513370,Alin Roman,A. Roman,1994-01-27,82.34,20.46,23.23,35,34,1,1704.0,50.12,0.74,1.47,7.15,14.26,0.32,0.65,1.59,3.17,7.85,3.21,6.4,0.03,0.06,0.12,0.23,21.18,7.62,13.35,4.65,0.41,1.39,5.35,10.68
1207,Liga I (RO),531633,Ignacio Heras García,Nacho Heras,1997-03-23,40.77,7.17,10.32,4,4,0,87.0,21.75,0.0,0.0,3.25,14.94,0.25,1.15,0.5,2.3,4.25,1.0,4.6,0.0,0.0,0.0,0.0,12.25,3.5,4.75,1.25,0.25,1.87,1.5,6.9
1207,Liga I (RO),556099,Daniel Bîrligea,D. Bîrligea,2000-04-19,73.93,22.47,14.99,23,22,1,564.0,25.64,0.5,1.95,4.14,16.13,0.09,0.35,1.09,4.26,5.45,1.45,5.67,0.0,0.0,0.0,0.0,12.32,4.23,8.14,1.05,0.27,2.03,1.68,6.56
1207,Liga I (RO),562467,Paulo Rafael Pereira Araújo,Paulinho,1999-09-21,54.61,14.34,12.14,17,16,1,305.0,19.06,0.19,0.98,3.44,18.03,0.0,0.0,1.0,5.25,6.12,0.75,3.94,0.0,0.0,0.12,0.66,8.94,2.06,6.25,0.75,0.0,0.0,1.69,8.85
1207,Liga I (RO),569401,Enzo Adrián López,E. López,1998-03-10,48.97,12.45,10.57,13,13,0,240.0,18.46,0.38,2.08,3.46,18.75,0.08,0.42,0.77,4.17,4.69,1.08,5.83,0.0,0.0,0.0,0.0,8.69,3.62,5.77,0.77,0.23,6.0,1.62,8.75
1207,Liga I (RO),583456,Luka Gojković,L. Gojković,1999-11-28,36.18,10.52,9.16,17,16,1,290.0,18.12,0.5,2.76,2.69,14.83,0.19,1.03,0.5,2.76,2.31,0.88,4.83,0.12,0.69,0.31,1.72,5.5,3.25,5.0,3.12,0.38,2.01,1.56,8.62
1207,Liga I (RO),611067,Cristian Ignat,C. Ignat,2003-01-29,75.95,15.75,22.37,7,7,0,94.0,13.43,0.43,3.19,3.0,22.34,0.29,2.13,0.14,1.06,1.71,0.0,0.0,0.86,6.38,0.57,4.25,1.71,1.43,2.43,9.43,1.57,12.05,0.29,2.13
1207,Liga I (RO),611069,Dan Sîrbu,D. Sîrbu,2003-04-22,62.35,18.0,16.0,17,16,1,317.0,19.81,0.94,4.73,4.25,21.45,0.25,1.26,0.81,4.1,1.88,0.75,3.79,0.25,1.26,0.31,1.58,4.62,2.62,5.06,7.38,1.25,6.76,0.81,4.1
1207,Liga I (RO),616456,Kalifa Kujabi,K. Kujabi,2000-03-05,51.58,12.64,15.31,9,9,0,347.0,38.56,1.56,4.03,3.67,9.51,0.22,0.58,1.22,3.17,1.56,2.56,6.63,0.22,0.58,0.44,1.15,12.22,6.56,10.0,7.89,1.44,5.45,4.22,10.95
1207,Liga I (RO),641171,Răzvan Paşcalău,R. Paşcalău,2004-05-05,3.56,0.1,0.81,1,1,0,1.0,1.0,0.0,0.0,1.0,100.0,0.0,0.0,0.0,0.0,0.0,0.0,0.0,1.0,100.0,0.0,0.0,0.0,0.0,0.0,1.0,0.0,0.0,0.0,0.0
1207,Liga I (RO),641514,Valon Hamdiu,V. Hamdiu,1998-06-10,83.05,18.98,23.35,19,17,2,576.0,33.88,0.94,2.78,5.94,17.53,0.29,0.87,1.65,4.86,3.53,1.0,2.95,0.41,1.22,0.71,2.08,7.06,4.94,8.12,14.0,1.88,5.75,2.71,7.99
1207,Liga I (RO),649613,Constantin Grameni,C. Grameni,2002-10-23,66.99,18.22,17.69,28,27,1,1094.0,40.52,1.11,2.74,6.74,16.64,0.37,0.91,1.04,2.56,3.22,2.56,6.31,0.3,0.73,0.81,2.01,12.04,7.78,12.07,9.93,1.15,2.81,3.63,8.96
1207,Liga I (RO),649614,Mihai Popescu,M. Popescu,1993-05-07,85.83,22.89,19.14,18,18,0,256.0,14.22,0.78,5.47,3.28,23.05,0.06,0.39,0.67,4.69,2.44,0.22,1.56,0.33,2.34,0.56,3.91,2.0,1.56,2.83,6.72,1.67,12.94,0.11,0.78
1207,Liga I (RO),649615,Ionuț Cojocaru,I. Cojocaru,2003-07-28,30.3,8.82,6.39,21,19,2,245.0,12.89,0.37,2.86,2.68,20.82,0.05,0.41,0.42,3.27,3.05,0.58,4.49,0.05,0.41,0.0,0.0,4.89,2.58,3.89,1.58,0.16,2.78,1.11,8.57
1207,Liga I (RO),649617,Gustavo Henrique Marins Silva,Gustavo Marins,2002-02-11,91.42,24.54,25.57,12,11,1,157.0,14.27,1.09,7.64,3.18,22.29,0.0,0.0,1.0,7.01,1.73,0.18,1.27,1.0,7.01,0.73,5.1,1.91,0.73,2.55,9.18,2.0,14.77,0.09,0.64
1207,Liga I (RO),649619,Basilio Ndong Owono Nchamaaa,Basilio Ndong,1999-01-17,42.02,8.04,9.71,1,1,0,13.0,13.0,0.0,0.0,1.0,7.69,0.0,0.0,1.0,7.69,1.0,1.0,7.69,1.0,7.69,1.0,7.69,3.0,3.0,2.0,8.0,2.0,15.38,1.0,7.69
1207,Liga I (RO),649620,Juraj Badelj,J. Badelj,2003-08-24,58.28,17.27,14.48,12,12,0,120.0,10.0,0.42,4.17,2.0,20.0,0.17,1.67,0.5,5.0,1.33,0.17,1.67,0.42,4.17,0.17,1.67,2.25,0.58,2.42,4.75,0.83,9.07,0.58,5.83
1207,Liga I (RO),654338,Andres Emil Sfait,A. Sfait,2004-12-09,53.79,13.59,14.39,16,16,0,481.0,30.06,0.94,3.12,4.88,16.22,0.44,1.46,1.44,4.78,5.25,2.0,6.65,0.25,0.83,0.31,1.04,9.0,6.25,9.88,5.0,0.69,4.16,2.38,7.9
1207,Liga I (RO),687072,Norbert Gábor Kaján,N. Kaján,2004-09-11,6.55,0.89,3.18,1,1,0,2.0,2.0,0.0,0.0,0.0,0.0,0.0,0.0,0.0,0.0,0.0,0.0,0.0,0.0,0.0,0.0,0.0,1.0,0.0,0.0,0.0,0.0,,0.0,0.0
1207,Liga I (RO),689058,Alexandru Ișfan,A. Ișfan,2000-01-31,83.86,23.59,21.11,37,34,3,1026.0,30.18,0.18,0.59,4.85,16.08,0.18,0.58,1.38,4.58,8.53,1.38,4.58,0.0,0.0,0.24,0.78,14.24,4.29,9.03,2.12,0.24,1.92,1.91,6.34
1207,Liga I (RO),689059,Victor Dican,V. Dican,2000-10-11,75.56,20.57,19.45,31,28,3,892.0,31.86,1.0,3.14,5.64,17.71,0.21,0.67,1.07,3.36,2.89,1.32,4.15,0.39,1.23,0.57,1.79,8.04,4.07,7.68,11.18,1.32,4.73,2.0,6.28
1207,Liga I (RO),689060,Andrei Gorcea,A. Gorcea,2001-08-02,94.46,24.07,26.37,22,21,1,0.0,0.0,0.0,,0.0,,0.0,,0.0,,0.0,0.0,,0.0,,0.0,,0.0,0.0,0.0,0.0,0.0,,0.0,
1207,Liga I (RO),689061,Valentin Țicu,V. Țicu,2000-09-19,27.16,8.87,5.26,7,7,0,46.0,6.57,0.14,2.17,1.71,26.09,0.14,2.17,0.14,2.17,0.71,0.29,4.35,0.29,4.35,0.0,0.0,1.57,1.14,1.86,1.86,0.71,20.9,0.29,4.35
1207,Liga I (RO),705095,Mykola Kovtalyuk,M. Kovtalyuk,1995-04-26,46.85,13.1,10.37,27,27,0,655.0,24.26,0.37,1.53,4.89,20.15,0.11,0.46,1.04,4.27,5.33,1.3,5.34,0.04,0.15,0.04,0.15,11.0,4.3,6.67,1.59,0.07,0.23,1.33,5.5
1207,Liga I (RO),715451,João Pedro Santos Lameira,João Lameira,1999-04-19,94.06,23.55,22.36,31,29,2,1034.0,35.66,1.83,5.13,5.72,16.05,0.28,0.77,1.21,3.38,3.97,1.9,5.32,0.31,0.87,0.52,1.45,9.45,5.41,8.76,10.72,1.72,5.28,2.41,6.77
1207,Liga I (RO),716278,Aboubacar Camara,A. Camara,2001-01-05,89.39,21.17,25.63,25,21,4,305.0,14.52,0.86,5.9,3.24,22.29,0.05,0.33,0.95,6.56,2.38,0.1,0.66,1.05,7.21,0.52,3.61,0.62,1.48,2.14,10.48,2.81,19.48,0.14,0.98
1207,Liga I (RO),719364,Szabolcs Szalay,S. Szalay,2002-02-17,43.53,9.68,13.73,31,29,2,744.0,25.66,0.41,1.61,3.59,13.98,0.17,0.67,1.1,4.3,3.93,1.9,7.39,0.24,0.94,0.41,1.61,8.69,4.31,7.76,5.48,0.52,2.79,2.48,9.68
1207,Liga I (RO),727190,Raul Opruț,R. Opruț,1998-01-04,90.58,27.37,20.45,39,37,2,948.0,25.62,1.51,5.91,5.76,22.47,0.46,1.79,1.38,5.38,5.78,0.81,3.16,0.27,1.06,0.84,3.27,6.59,3.84,7.73,6.86,1.3,6.32,0.7,2.74
1207,Liga I (RO),728575,Ricardo José Veiga Varzim Miranda,Ricardinho,1994-03-24,88.18,21.5,24.14,36,34,2,900.0,26.47,1.41,5.33,4.94,18.67,0.5,1.89,1.5,5.67,4.09,1.06,4.0,0.38,1.44,1.06,4.0,6.18,2.85,9.09,8.06,1.26,5.58,0.79,3.0
1207,Liga I (RO),728578,Robert Popescu,R. Popescu,2003-03-09,32.76,6.87,9.93,2,2,0,35.0,17.5,0.0,0.0,2.0,11.43,0.0,0.0,0.5,2.86,2.0,2.5,14.29,0.0,0.0,0.5,2.86,11.5,2.5,8.5,2.5,0.0,0.0,4.5,25.71
1207,Liga I (RO),728581,Aurelian Chițu,A. Chițu,1991-03-25,68.4,16.87,19.79,35,33,2,987.0,29.91,0.64,2.13,4.36,14.59,0.12,0.41,0.94,3.14,2.79,1.52,5.07,0.06,0.2,0.06,0.2,12.48,4.09,9.12,3.0,0.18,1.75,2.18,7.29
1207,Liga I (RO),728582,Ionuț Gurău,I. Gurău,1999-03-27,99.47,21.2,26.77,8,8,0,0.0,0.0,0.0,,0.0,,0.0,,0.0,,0.0,0.0,,0.0,,0.0,,0.0,0.0,0.0,0.0,0.0,,0.0,
1207,Liga I (RO),728597,Takayuki Seto,T. Seto,1986-02-05,27.21,4.79,8.29,13,11,2,167.0,15.18,0.36,2.4,1.91,12.58,0.27,1.8,0.64,4.19,1.0,0.82,5.39,0.09,0.6,0.18,1.2,2.91,2.73,4.55,5.73,0.91,5.72,1.82,11.98
1207,Liga I (RO),728598,Iustin Răducan,I. Răducan,2005-07-20,,,,1,0,1,,,,,,,,,,,,,,,,,,,,,,,,,
1207,Liga I (RO),728600,Mihnea Rădulescu,M. Rădulescu,2005-09-17,66.43,19.36,15.54,13,13,0,372.0,28.62,2.0,6.99,3.92,13.71,0.62,2.15,1.15,4.03,2.54,1.62,5.65,0.38,1.35,0.77,2.69,6.85,5.69,7.08,7.77,1.0,4.23,1.62,5.64
1207,Liga I (RO),728601,Lucian Dumitriu,L. Dumitriu,1992-09-21,18.8,3.61,3.62,2,2,0,9.0,4.5,0.0,0.0,0.5,11.11,0.0,0.0,0.0,0.0,0.5,0.0,0.0,0.0,0.0,0.5,11.11,0.0,1.0,0.5,1.5,0.0,9.53,0.0,0.0
1207,Liga I (RO),728603,Dorinel Oancea,D. Oancea,1997-04-02,79.53,17.82,21.19,26,23,3,714.0,31.04,1.48,4.76,4.43,14.29,0.35,1.12,1.61,5.18,3.35,1.7,5.46,0.35,1.12,0.74,2.38,7.65,6.04,10.52,8.0,1.3,4.8,1.3,4.2
1207,Liga I (RO),728613,Alexandru Irimia,A. Irimia,2006-05-12,47.7,11.26,13.19,25,22,3,600.0,27.27,0.86,3.17,3.82,14.0,0.18,0.67,0.82,3.0,4.18,1.77,6.5,0.18,0.67,0.45,1.67,7.91,5.36,8.77,6.23,0.59,2.28,2.59,9.5
1207,Liga I (RO),728615,Cristian Mihai,C. Mihai,2004-09-23,40.55,12.18,9.1,25,25,0,614.0,24.56,0.56,2.28,4.12,16.77,0.44,1.79,1.08,4.4,3.16,1.72,7.0,0.0,0.0,0.36,1.46,7.4,5.04,6.68,4.6,0.68,3.21,2.28,9.28
1207,Liga I (RO),728616,Alexandru Benga,A. Benga,1989-06-15,59.08,14.4,16.52,24,23,1,183.0,7.96,0.35,4.37,1.7,21.31,0.09,1.09,0.26,3.28,0.78,0.09,1.09,0.52,6.56,0.35,4.37,1.43,0.26,1.83,4.26,0.87,11.58,0.0,0.0
1207,Liga I (RO),728617,Rareș Pop,R. Pop,2005-06-14,67.71,18.04,17.53,22,21,1,734.0,34.95,0.81,2.32,5.29,15.12,0.33,0.95,1.33,3.81,4.43,2.29,6.54,0.1,0.27,0.38,1.09,10.67,6.24,10.38,5.14,0.57,2.0,3.48,9.95
1207,Liga I (RO),728627,Andrei Rus,A. Rus,2002-05-14,25.2,5.58,7.05,8,7,1,53.0,7.57,0.14,1.89,1.0,13.2,0.29,3.77,0.29,3.78,0.86,0.43,5.66,0.14,1.89,0.29,3.77,1.0,0.71,1.71,3.57,0.71,9.89,0.29,3.78
1207,Liga I (RO),728629,Juri Cisotti,J. Cisotti,1993-05-05,76.79,22.4,16.63,36,35,1,1208.0,34.51,1.14,3.31,5.86,16.97,0.34,0.99,1.34,3.89,5.89,2.0,5.79,0.06,0.17,0.2,0.58,13.46,6.77,10.89,4.11,0.57,2.77,3.29,9.52
1207,Liga I (RO),728631,Samuel Teles Pereira Nunes Silva,Samuel Teles,1997-02-28,51.85,15.91,11.82,32,32,0,786.0,24.56,1.09,4.45,4.06,16.54,0.22,0.89,0.97,3.94,3.44,1.56,6.36,0.09,0.38,0.16,0.64,7.88,4.62,7.22,5.5,0.78,5.01,1.75,7.12
1207,Liga I (RO),728637,Ştefan Bodişteanu,Ş. Bodişteanu,2003-02-01,41.84,11.07,9.49,33,32,1,702.0,21.94,0.69,3.13,3.5,15.95,0.28,1.28,1.03,4.7,3.34,1.19,5.41,0.03,0.14,0.25,1.14,6.91,4.12,6.44,2.53,0.12,0.79,2.16,9.83
1207,Liga I (RO),728647,Baba Alhassan,Baba Alhassan,2000-01-03,49.61,14.26,10.69,26,25,1,495.0,19.8,1.0,5.05,3.52,17.78,0.08,0.4,0.44,2.22,2.4,0.84,4.24,0.2,1.01,0.28,1.41,5.76,2.96,4.52,5.12,0.72,4.55,1.2,6.06
1207,Liga I (RO),728648,Ciprian Biceanu,C. Biceanu,1994-02-26,40.33,9.61,12.43,17,16,1,449.0,28.06,0.5,1.78,3.75,13.36,0.12,0.45,1.12,4.01,3.19,2.5,8.91,0.25,0.89,0.44,1.56,9.19,4.88,8.69,5.44,0.5,2.2,3.62,12.92
1207,Liga I (RO),728649,Daniel Paraschiv,D. Paraschiv,1999-04-24,60.72,16.77,15.83,17,17,0,507.0,29.82,0.41,1.38,5.24,17.56,0.06,0.2,1.18,3.94,5.65,1.53,5.13,0.0,0.0,0.18,0.59,13.59,4.41,7.24,1.71,0.12,0.62,2.29,7.69
1207,Liga I (RO),728650,Alexandru Oroian,A. Oroian,2001-01-27,43.93,10.74,13.62,15,14,1,380.0,27.14,0.57,2.1,3.21,11.84,0.29,1.05,1.29,4.74,2.07,2.36,8.68,0.21,0.79,0.36,1.31,8.5,4.21,9.5,7.0,0.79,3.9,2.29,8.42
1207,Liga I (RO),728651,Ionuț Stoica,I. Stoica,1988-01-06,87.01,22.22,24.42,26,25,1,499.0,19.96,0.76,3.81,4.84,24.25,0.4,2.0,1.0,5.01,2.76,0.68,3.41,0.8,4.01,0.76,3.81,3.44,2.04,4.2,11.28,2.52,13.3,0.6,3.0
1207,Liga I (RO),728652,Sota Mino,S. Mino,1994-10-20,67.6,16.53,19.23,24,23,1,1083.0,47.09,1.13,2.4,8.04,17.08,0.22,0.46,1.48,3.14,7.48,2.09,4.43,0.35,0.74,0.52,1.11,15.96,9.48,13.61,13.96,1.83,3.97,5.09,10.8
1207,Liga I (RO),728653,Marius Antoche,M. Antoche,1992-06-21,96.13,20.58,27.87,30,28,2,487.0,17.39,0.96,5.54,3.04,17.45,0.14,0.82,1.04,5.95,2.54,0.25,1.44,0.64,3.7,0.5,2.87,2.57,2.57,4.0,10.11,1.79,11.27,0.32,1.85
1207,Liga I (RO),728654,Vlad Muțiu,V. Muțiu,1995-02-02,84.56,15.78,27.25,4,4,0,0.0,0.0,0.0,,0.0,,0.0,,0.0,,0.0,0.0,,0.0,,0.0,,0.0,0.0,0.0,0.0,0.0,,0.0,
1207,Liga I (RO),729179,Andrei Cosmin Gheorghiță,A. Gheorghiță,2002-07-16,39.54,10.88,11.65,17,16,1,336.0,21.0,0.5,2.38,2.31,11.01,0.25,1.19,0.94,4.47,2.69,1.38,6.55,0.0,0.0,0.06,0.3,6.44,3.69,7.12,5.0,0.44,3.2,1.62,7.74
1207,Liga I (RO),729180,Christ Sarkodje Kouadio,C. Kouadio,2000-12-23,70.98,18.25,18.95,16,14,2,310.0,22.14,0.29,1.29,3.21,14.52,0.14,0.65,1.64,7.42,3.07,0.93,4.19,0.29,1.29,0.71,3.23,4.5,2.5,6.36,8.36,0.79,4.13,1.21,5.48
1207,Liga I (RO),729182,Antonio Dumitru,A. Dumitru,2004-11-02,52.58,14.55,10.95,6,6,0,148.0,24.67,0.33,1.35,4.33,17.57,0.0,0.0,1.0,4.05,3.33,2.0,8.11,0.0,0.0,0.0,0.0,8.83,5.17,8.33,2.0,0.33,1.35,2.17,8.78
1207,Liga I (RO),730138,Cosmin Dur-Bozoancă,C. Dur-Bozoancă,1998-02-15,97.31,24.65,23.17,32,30,2,0.0,0.0,0.0,,0.0,,0.0,,0.0,,0.0,0.0,,0.0,,0.0,,0.0,0.0,0.0,0.0,0.0,,0.0,
1207,Liga I (RO),730139,Răzvan Andrei Tănasă,R. Tănasă,2003-04-28,76.04,21.67,18.55,37,34,3,1363.0,40.09,1.53,3.81,7.03,17.53,0.65,1.61,1.71,4.26,8.12,2.47,6.16,0.03,0.07,0.41,1.03,13.85,7.79,12.29,5.59,0.82,3.25,3.5,8.73
1207,Liga I (RO),730142,Răzvan Creţ ,R. Creţ,2006-05-29,82.15,22.73,18.27,21,21,0,517.0,24.62,1.14,4.64,4.81,19.54,0.38,1.55,2.0,8.12,2.81,0.76,3.09,0.67,2.71,0.57,2.32,4.14,3.14,5.76,8.43,1.0,4.55,0.67,2.71
1207,Liga I (RO),730143,Andrei  Dragu,A. Dragu,1999-10-07,63.43,13.18,19.19,27,25,2,626.0,25.04,1.08,4.31,3.2,12.78,0.36,1.44,1.4,5.59,2.88,1.12,4.47,0.2,0.8,0.84,3.35,5.68,3.04,7.0,9.08,1.0,4.96,1.48,5.91
1207,Liga I (RO),730144,Gabriel David,G. David,2003-02-11,32.12,7.51,8.1,10,10,0,187.0,18.7,0.7,3.74,2.6,13.9,0.0,0.0,0.7,3.74,2.0,1.1,5.88,0.1,0.54,0.4,2.14,7.2,4.0,6.1,3.4,0.4,2.57,0.8,4.28
1207,Liga I (RO),730148,Guilherme Gomes Garutti,Guilherme Garutti,1994-03-08,69.43,14.03,19.61,21,18,3,189.0,10.5,0.33,3.17,2.11,20.11,0.11,1.06,0.39,3.7,1.33,0.17,1.59,0.44,4.23,0.33,3.17,2.11,0.83,2.5,6.28,1.28,13.48,0.11,1.06
1207,Liga I (RO),730149,Zoran Mitrov,Z. Mitrov,2002-01-29,60.77,15.48,13.72,34,33,1,907.0,27.48,0.7,2.54,4.42,16.1,0.27,0.99,1.33,4.85,5.06,1.48,5.4,0.18,0.66,0.0,0.0,9.88,5.03,8.09,2.97,0.42,1.99,2.21,8.05
1207,Liga I (RO),731471,André Seruca Oliveira,André Seruca,2000-10-29,18.41,6.19,3.15,5,5,0,37.0,7.4,0.6,8.11,1.4,18.92,0.2,2.7,0.4,5.41,0.8,0.4,5.41,0.0,0.0,0.2,2.7,1.6,0.8,1.6,1.4,0.2,1.43,0.0,0.0
1207,Liga I (RO),733158,Adams Friday,A. Friday,2002-11-23,59.68,17.15,12.44,23,23,0,483.0,21.0,1.09,5.18,3.78,18.01,0.48,2.28,0.74,3.52,3.61,0.96,4.56,0.3,1.45,0.43,2.07,5.13,3.3,5.96,6.65,1.48,8.34,0.91,4.35
1207,Liga I (RO),734136,David Irimia,D. Irimia,2006-05-12,71.5,18.42,19.58,25,22,3,635.0,28.86,1.0,3.46,3.5,12.12,0.27,0.94,1.27,4.41,4.55,1.41,4.88,0.18,0.63,0.32,1.1,8.36,4.73,9.14,6.59,0.77,3.35,2.5,8.66
1207,Liga I (RO),734476,Atanas Trică,A. Trică,2004-07-09,35.27,10.81,8.71,24,23,1,316.0,13.74,0.04,0.32,1.87,13.61,0.09,0.63,0.65,4.75,3.0,0.65,4.75,0.0,0.0,0.13,0.95,5.43,1.96,3.43,1.74,0.09,0.73,1.17,8.54
1207,Liga I (RO),734842,Iustin Chirilă,I. Chirilă,2006-05-21,100.73,26.77,26.01,3,2,1,0.0,0.0,0.0,,0.0,,0.0,,0.0,,0.0,0.0,,0.0,,0.0,,0.0,0.0,0.0,0.0,0.0,,0.0,
1207,Liga I (RO),737363,Andrei Marginean,A. Marginean,2001-07-03,64.72,19.57,14.71,23,23,0,494.0,21.48,1.0,4.66,4.26,19.84,0.26,1.21,0.61,2.83,3.91,0.74,3.44,0.17,0.81,0.39,1.82,6.39,2.74,5.61,6.52,1.04,5.79,1.39,6.48
1207,Liga I (RO),738990,André Lourenço Duarte,André Duarte,1997-09-12,84.9,26.49,18.01,13,12,1,116.0,9.67,0.58,6.03,2.08,21.55,0.08,0.86,0.75,7.76,1.5,0.25,2.59,0.5,5.17,0.0,0.0,1.83,0.5,2.08,5.33,1.25,15.07,0.0,0.0
1207,Liga I (RO),739427,Luca Mihai,L. Mihai,2003-10-11,39.81,11.04,10.47,14,14,0,368.0,26.29,0.71,2.72,4.57,17.39,0.36,1.36,1.0,3.8,2.93,0.93,3.53,0.14,0.54,0.21,0.81,8.36,5.29,6.36,7.0,0.5,2.3,2.0,7.61
1207,Liga I (RO),741998,Rafael-Stefan Munteanu,R. Munteanu,2006-03-01,97.99,29.42,24.59,13,12,1,0.0,0.0,0.0,,0.0,,0.0,,0.0,,0.0,0.0,,0.0,,0.0,,0.0,0.0,0.0,0.0,0.0,,0.0,
1207,Liga I (RO),743363,Luan De Campos Cristiano da Silva,Luan,2002-03-19,77.49,19.52,16.7,10,9,1,248.0,27.56,0.78,2.82,5.11,18.55,0.33,1.21,1.33,4.84,6.0,1.22,4.44,0.0,0.0,0.22,0.81,8.89,3.89,11.67,4.56,0.44,1.63,2.33,8.47
1207,Liga I (RO),749928,Mihai Toma,M. Toma,2007-02-17,57.78,16.27,13.52,26,25,1,676.0,27.04,0.92,3.4,4.28,15.83,0.36,1.33,0.96,3.55,4.44,1.0,3.7,0.2,0.74,0.32,1.18,8.04,5.92,7.64,4.36,0.92,6.58,2.64,9.76
1207,Liga I (RO),751174,Damiá Sabater Tous,D. Sabater,1996-02-03,84.08,20.29,24.3,37,31,6,1491.0,48.1,1.61,3.35,8.19,17.04,0.32,0.67,1.45,3.02,3.52,2.87,5.97,0.35,0.74,0.77,1.61,13.55,8.94,14.84,12.52,1.68,3.78,4.29,8.92
1207,Liga I (RO),751703,Alin Chintes,A. Chintes,2006-02-07,44.1,13.19,11.66,10,10,0,133.0,13.3,0.7,5.26,1.8,13.53,0.7,5.26,1.2,9.02,2.3,0.4,3.01,0.1,0.75,0.3,2.26,2.0,1.9,2.4,5.7,1.1,10.27,0.6,4.51
1207,Liga I (RO),759937,Miguel Ângelo Gomes da Silva,Miguel Silva,1995-12-20,46.89,12.73,13.54,20,18,2,301.0,16.72,1.11,6.64,2.72,16.28,0.22,1.33,0.72,4.32,1.61,0.44,2.66,0.17,1.0,0.5,2.99,3.33,2.33,5.0,6.94,1.39,9.5,0.83,4.98
1207,Liga I (RO),770208,Denis Răzvan Radu,D. Radu,2003-03-25,59.53,13.08,16.12,5,5,0,108.0,21.6,0.8,3.7,3.4,15.74,0.2,0.93,1.6,7.41,1.8,0.8,3.7,0.2,0.93,0.2,0.93,4.0,3.8,8.0,5.0,0.6,3.61,1.4,6.48
1207,Liga I (RO),771982,Monday Bassey Etim,M. Etim,1998-12-04,43.96,12.98,9.85,27,27,0,551.0,20.41,0.33,1.63,3.41,16.7,0.15,0.73,0.48,2.36,3.59,1.44,7.08,0.04,0.18,0.07,0.36,8.74,3.52,6.74,1.67,0.07,0.6,1.7,8.35
1207,Liga I (RO),773584,Omar El Sawy,O. El Sawy,2004-03-16,52.01,13.84,15.31,22,21,1,713.0,33.95,1.57,4.63,4.86,14.3,0.29,0.84,1.24,3.65,5.43,2.57,7.57,0.0,0.0,0.33,0.98,12.33,5.81,10.86,5.33,0.48,1.96,2.71,7.99
1207,Liga I (RO),774043,Marian Huja,Marian Huja,1999-08-05,70.34,17.16,20.28,11,11,0,156.0,14.18,0.73,5.13,3.36,23.72,0.18,1.28,0.27,1.92,1.27,0.64,4.49,0.09,0.64,0.18,1.28,2.55,1.73,4.82,6.73,1.45,11.27,0.09,0.64
1207,Liga I (RO),775001,Denis Bordun,D. Bordun,2005-09-24,39.88,10.31,9.26,21,19,2,326.0,17.16,0.26,1.53,2.63,15.34,0.16,0.92,1.47,8.59,2.95,1.05,6.13,0.11,0.61,0.37,2.15,4.53,3.37,5.53,2.79,0.16,2.16,1.32,7.67
1207,Liga I (RO),791037,Iustin Doicaru,I. Doicaru,2007-02-07,19.68,5.86,4.21,8,7,1,61.0,8.71,0.29,3.28,2.29,26.23,0.0,0.0,0.29,3.28,1.14,0.14,1.64,0.0,0.0,0.14,1.64,3.29,1.0,2.14,1.14,0.14,4.17,0.43,4.92
1207,Liga I (RO),798002,Bence Végh,B. Végh,1997-05-13,80.8,18.37,24.2,28,26,2,856.0,32.92,1.54,4.67,5.27,16.0,0.38,1.17,0.62,1.87,2.46,1.73,5.26,0.35,1.05,0.69,2.1,8.0,5.0,8.08,11.19,2.27,7.51,2.19,6.66
1207,Liga I (RO),798006,Dániel Zsóri,D. Zsóri,2000-10-14,33.25,5.54,11.21,6,6,0,129.0,21.5,0.5,2.32,2.17,10.08,0.17,0.78,0.83,3.87,3.5,0.83,3.88,0.17,0.77,0.17,0.77,7.67,3.67,7.0,3.5,0.17,0.69,3.33,15.5
1207,Liga I (RO),798009,Szabolcs Dusinszki ,S. Dusinszki,2005-08-06,28.94,6.2,8.49,18,17,1,345.0,20.29,0.12,0.58,2.29,11.3,0.18,0.87,0.94,4.64,2.0,1.71,8.41,0.06,0.29,0.12,0.58,5.35,3.88,6.12,3.76,0.35,3.08,2.82,13.91
1207,Liga I (RO),798018,János Hegedűs,J. Hegedűs,1996-10-04,97.47,22.14,29.03,23,21,2,361.0,17.19,1.05,6.09,3.19,18.56,0.29,1.66,0.62,3.6,2.14,0.38,2.22,0.76,4.43,0.57,3.32,2.29,1.29,3.38,10.0,1.76,10.2,0.29,1.66
1207,Liga I (RO),799044,Diogo Sá Ramalho,Diogo Ramalho,1999-07-01,68.74,18.68,17.17,34,31,3,1073.0,34.61,1.58,4.57,6.48,18.73,0.29,0.84,1.26,3.63,4.87,1.52,4.38,0.19,0.56,0.77,2.24,8.71,5.19,9.16,9.48,1.13,4.2,2.42,6.99
1207,Liga I (RO),800275,Kevin Ciubotaru,K. Ciubotaru,2004-02-02,80.77,19.76,23.63,34,32,2,1115.0,34.84,1.81,5.2,5.41,15.52,0.69,1.97,1.75,5.02,4.59,1.97,5.65,0.38,1.08,0.59,1.7,9.62,4.75,12.22,9.31,1.5,5.11,1.69,4.84
1207,Liga I (RO),801934,Gabriel Gheorghe,G. Gheorghe,2006-10-12,16.15,4.25,3.09,5,5,0,39.0,7.8,0.4,5.13,1.8,23.08,0.0,0.0,0.2,2.56,2.2,0.4,5.13,0.0,0.0,0.0,0.0,2.0,1.4,1.6,1.4,0.4,6.43,0.6,7.69
1207,Liga I (RO),808679,Esteban Orozco Fernández Obiang Obono,Esteban Obiang,1998-05-07,74.38,14.62,22.91,21,20,1,334.0,16.7,0.65,3.89,3.15,18.86,0.1,0.6,0.95,5.69,1.8,0.35,2.1,0.65,3.89,0.25,1.5,2.8,1.8,3.4,8.3,1.65,11.13,0.5,2.99
1207,Liga I (RO),809005,Aldaír Caputo Ferreira,A. Ferreira,1998-03-26,55.99,13.74,13.11,25,24,1,616.0,25.67,1.0,3.9,4.17,16.23,0.38,1.46,1.08,4.22,2.5,1.12,4.38,0.38,1.46,0.33,1.3,7.21,4.58,5.38,6.33,1.12,5.29,1.92,7.47
1207,Liga I (RO),809006,David Ciubăncan,D. Ciubăncan,2004-07-08,14.47,2.5,3.07,3,3,0,20.0,6.67,0.33,5.0,0.67,10.0,0.0,0.0,0.0,0.0,2.33,0.33,5.0,0.0,0.0,0.0,0.0,3.33,1.67,1.33,0.33,0.0,0.0,1.0,15.0
1207,Liga I (RO),809017,Ștefan Daniel Bană,Ș. Bană,2004-10-29,82.21,20.99,19.61,22,21,1,861.0,41.0,0.81,1.97,6.43,15.68,0.33,0.81,1.95,4.76,7.52,2.05,4.99,0.1,0.23,0.29,0.7,14.62,8.86,12.57,5.95,0.57,2.42,4.0,9.76
1207,Liga I (RO),809749,David Ionut Paraschiv,D. Paraschiv,2006-09-28,26.02,6.47,6.4,10,10,0,142.0,14.2,0.2,1.41,2.8,19.72,0.1,0.7,0.5,3.52,2.6,1.0,7.04,0.0,0.0,0.2,1.41,4.5,2.4,4.1,2.5,0.2,2.03,1.1,7.75
1207,Liga I (RO),809917,Szabolcs Szilágyi,S. Szilágyi,2003-09-23,45.56,8.66,14.95,4,4,0,130.0,32.5,0.75,2.31,2.0,6.16,0.0,0.0,1.0,3.08,2.75,1.5,4.62,0.25,0.77,0.25,0.77,13.0,5.75,12.0,6.75,0.5,2.37,3.5,10.77
1207,Liga I (RO),809940,David Popa,D. Popa,2007-03-13,34.03,11.17,9.18,6,5,1,110.0,22.0,0.4,1.82,2.4,10.91,0.2,0.91,1.0,4.55,1.6,2.2,10.0,0.0,0.0,0.2,0.91,8.2,4.4,7.2,2.6,0.2,1.79,2.4,10.91
1207,Liga I (RO),809943,Alexandru Constantin Stoian,A. Stoian,2007-12-15,35.48,10.83,6.73,22,22,0,355.0,16.14,0.32,1.97,2.77,17.18,0.14,0.85,0.41,2.54,4.41,1.05,6.48,0.05,0.28,0.09,0.56,8.55,3.05,4.82,0.82,0.09,0.73,1.23,7.61
1207,Liga I (RO),811074,Raul Andrei Balbarau,R. Balbarau,2001-04-07,95.74,22.89,25.87,29,28,1,0.0,0.0,0.0,,0.0,,0.0,,0.0,,0.0,0.0,,0.0,,0.0,,0.0,0.0,0.0,0.0,0.0,,0.0,
1207,Liga I (RO),816091,Drilon Hazrollaj,D. Hazrollaj,2004-02-19,28.64,8.53,6.51,14,14,0,188.0,13.43,0.57,4.26,2.14,15.96,0.0,0.0,0.71,5.32,0.71,0.71,5.32,0.07,0.53,0.36,2.66,3.07,2.86,4.0,2.57,0.36,4.04,1.43,10.64
1207,Liga I (RO),817847,Sebastian Mailat,S. Mailat,1997-12-12,77.93,20.54,17.28,36,35,1,1205.0,34.43,0.89,2.57,5.91,17.18,0.23,0.66,1.86,5.39,7.17,1.83,5.31,0.0,0.0,0.2,0.58,12.0,6.11,11.0,3.11,0.23,1.31,2.6,7.55
1207,Liga I (RO),818347,Andrei Dan Dumitru,A. Dumitru,2006-10-28,49.26,12.81,11.66,1,1,0,28.0,28.0,0.0,0.0,2.0,7.14,0.0,0.0,0.0,0.0,4.0,1.0,3.57,0.0,0.0,0.0,0.0,18.0,4.0,6.0,0.0,0.0,,5.0,17.86
1207,Liga I (RO),819585,David Andrei Barbu,D. Barbu,2006-06-26,28.57,7.78,6.8,21,21,0,325.0,15.48,0.43,2.77,2.57,16.62,0.0,0.0,0.71,4.62,1.95,0.86,5.54,0.1,0.62,0.1,0.62,5.95,2.57,3.76,2.52,0.43,4.52,1.33,8.61
1207,Liga I (RO),819586,Adrian Dragos,A. Dragos,2007-04-09,8.96,1.24,5.03,1,1,0,7.0,7.0,0.0,0.0,1.0,14.29,0.0,0.0,0.0,0.0,2.0,2.0,28.57,0.0,0.0,0.0,0.0,3.0,2.0,7.0,0.0,0.0,,0.0,0.0
1207,Liga I (RO),822112,Daniel Sandu,D. Sandu,2007-06-28,45.72,11.97,9.99,13,12,1,261.0,21.75,0.17,0.77,3.25,14.94,0.0,0.0,0.92,4.21,2.42,1.83,8.43,0.0,0.0,0.08,0.38,9.58,5.25,7.83,1.67,0.25,1.69,3.08,14.17
1207,Liga I (RO),825882,Ionuț Cercel,I. Cercel,2006-11-14,72.44,22.5,15.02,10,10,0,158.0,15.8,0.7,4.43,2.9,18.35,0.0,0.0,0.5,3.16,2.0,0.3,1.9,0.3,1.9,0.7,4.43,2.7,1.9,3.7,5.3,0.6,5.14,0.3,1.9
1207,Liga I (RO),827044,Alexandru Bota,A. Bota,2008-03-31,45.84,13.16,11.32,8,8,0,189.0,23.62,0.38,1.59,4.75,20.11,0.12,0.53,0.62,2.65,3.38,1.38,5.82,0.25,1.06,0.25,1.06,7.62,4.12,5.12,3.75,0.25,1.32,1.5,6.35
1207,Liga I (RO),839030,Alexandru Vasile Ailiesei Rosca,Alexandru Rosca,2003-11-12,98.8,31.77,20.42,11,11,0,0.0,0.0,0.0,,0.0,,0.0,,0.0,,0.0,0.0,,0.0,,0.0,,0.0,0.0,0.0,0.0,0.0,,0.0,
1207,Liga I (RO),839031,Raul Rotund,R. Rotund,2005-11-17,42.1,9.79,12.68,9,8,1,195.0,24.38,0.62,2.56,3.62,14.87,0.25,1.02,0.5,2.05,4.25,1.12,4.61,0.12,0.51,0.12,0.51,9.12,4.62,5.5,5.0,0.75,3.82,2.25,9.23
1207,Liga I (RO),839033,Alin Boțogan,A. Boțogan,2004-02-21,40.39,9.13,11.45,23,21,2,655.0,31.19,0.86,2.75,4.71,15.11,0.19,0.61,1.48,4.73,4.48,1.95,6.26,0.05,0.15,0.48,1.53,7.38,7.29,8.33,6.76,0.57,2.77,3.24,10.38
1207,Liga I (RO),839036,Ioan  Tolea,I. Tolea,2003-05-11,51.65,11.34,14.1,7,7,0,148.0,21.14,0.86,4.05,3.57,16.89,0.0,0.0,1.0,4.73,3.0,1.14,5.41,0.14,0.68,0.43,2.03,5.71,3.57,7.71,4.43,0.57,2.76,1.29,6.08
1207,Liga I (RO),839039,Adi Chica-Rosa,A. Chica-Rosa,1998-09-08,66.6,16.38,18.06,37,35,2,1289.0,36.83,0.57,1.55,4.29,11.64,0.17,0.47,1.14,3.1,6.94,1.83,4.96,0.0,0.0,0.06,0.16,16.97,5.74,7.8,1.69,0.06,0.63,2.74,7.45
1207,Liga I (RO),839048,Dorin Marian Codrea,D. Codrea,1997-06-13,53.8,14.41,14.63,29,28,1,622.0,22.21,0.89,4.02,3.89,17.52,0.14,0.64,1.29,5.79,2.57,1.04,4.66,0.21,0.96,0.32,1.45,5.21,3.46,6.21,8.39,1.32,9.08,1.61,7.24
1207,Liga I (RO),839049,Franck Tchassem,F. Tchassem,1999-05-07,15.74,3.28,3.31,4,4,0,31.0,7.75,0.0,0.0,1.0,12.9,0.0,0.0,0.5,6.45,2.0,1.0,12.9,0.0,0.0,0.0,0.0,3.25,1.5,2.0,1.25,0.25,2.5,1.0,12.91
1207,Liga I (RO),839050,Marius Cătălin Coman,M. Coman,1996-07-31,71.29,18.53,19.29,27,26,1,1036.0,39.85,0.58,1.45,6.92,17.37,0.04,0.1,1.35,3.38,9.15,1.88,4.73,0.04,0.1,0.0,0.0,19.58,6.08,8.54,1.92,0.12,0.21,4.08,10.23
1207,Liga I (RO),839053,Ianis Gîndilă,I. Gîndilă,2006-01-16,4.08,0.87,1.75,1,1,0,4.0,4.0,0.0,0.0,0.0,0.0,0.0,0.0,0.0,0.0,1.0,1.0,25.0,0.0,0.0,0.0,0.0,1.0,0.0,2.0,0.0,0.0,,2.0,50.0
1207,Liga I (RO),839417,Ime Udo Ndon,I. Ndon,2003-06-07,22.26,3.96,9.32,1,1,0,14.0,14.0,0.0,0.0,2.0,14.29,1.0,7.14,1.0,7.14,1.0,1.0,7.14,0.0,0.0,0.0,0.0,7.0,1.0,4.0,6.0,1.0,7.14,1.0,7.14
1207,Liga I (RO),839809,Rafael Baldres Hermann,Rafinha,1997-12-29,46.1,11.58,11.72,15,15,0,263.0,17.53,0.4,2.28,2.87,16.35,0.07,0.38,0.53,3.04,2.13,1.53,8.74,0.07,0.38,0.07,0.38,6.0,2.07,5.0,2.33,0.2,1.47,1.4,7.98
1207,Liga I (RO),840224,Oscar Correia Ferreira,Oscar Correia,1997-09-28,24.75,7.12,3.75,2,2,0,13.0,6.5,0.0,0.0,1.5,23.08,0.0,0.0,0.0,0.0,1.5,0.5,7.69,0.0,0.0,0.0,0.0,1.5,1.0,1.0,1.0,0.5,11.11,0.0,0.0
1207,Liga I (RO),840311,Robert Sălceanu,R. Sălceanu,2004-01-13,82.63,21.09,22.37,18,17,1,504.0,29.65,1.41,4.76,5.53,18.65,0.76,2.58,0.82,2.78,4.47,1.06,3.57,0.24,0.79,0.71,2.38,6.29,4.29,7.53,10.88,2.35,8.9,0.82,2.78
1207,Liga I (RO),840316,Florin Flavius Purece,F. Purece,1991-11-06,68.48,15.67,20.41,30,28,2,1080.0,38.57,0.82,2.13,5.5,14.26,0.07,0.19,1.43,3.7,3.25,2.5,6.48,0.11,0.28,0.43,1.11,12.68,5.25,10.57,6.32,0.64,2.84,4.86,12.59
1207,Liga I (RO),840317,Christ Nkama Afalna,C. Afalna,1998-07-12,60.69,14.07,16.92,35,33,2,1081.0,32.76,0.52,1.57,4.55,13.88,0.24,0.74,1.15,3.51,4.73,1.7,5.18,0.09,0.28,0.15,0.46,12.88,3.94,10.45,3.91,0.15,1.08,2.79,8.51
1207,Liga I (RO),840318,Ionuţ Viorel Coadă,I. Coadă,1998-01-01,46.71,9.6,12.96,14,13,1,432.0,33.23,0.85,2.55,5.0,15.05,0.38,1.16,1.31,3.94,2.54,1.46,4.4,0.08,0.23,0.54,1.62,9.69,5.62,8.85,8.62,1.38,6.0,2.85,8.56
1207,Liga I (RO),840319,Daniel Marius Şerbănică,D. Şerbănică,1996-06-25,87.04,19.23,25.8,24,23,1,680.0,29.57,1.26,4.26,5.0,16.91,0.48,1.62,1.96,6.62,4.61,1.17,3.97,0.7,2.35,1.0,3.38,5.78,4.17,7.78,12.57,2.0,7.19,0.96,3.23
1207,Liga I (RO),840320,Alexandru Ionuț Dinu,A. Dinu,1998-04-08,98.38,22.01,29.32,26,24,2,352.0,14.67,1.04,7.1,2.79,19.03,0.17,1.14,0.83,5.68,2.17,0.21,1.42,0.58,3.98,0.46,3.12,1.21,0.96,2.25,10.5,2.17,15.64,0.04,0.28
1207,Liga I (RO),840321,Constantin Adrian Toma,C. Toma,1987-03-23,35.16,7.18,7.33,4,4,0,44.0,11.0,0.5,4.55,3.25,29.55,0.0,0.0,1.0,9.09,1.25,0.5,4.55,0.75,6.82,0.5,4.55,1.75,1.75,2.0,4.75,0.5,5.26,0.0,0.0
1207,Liga I (RO),840323,Stefan Krell,S. Krell,1992-06-12,88.39,21.9,24.21,11,10,1,0.0,0.0,0.0,,0.0,,0.0,,0.0,,0.0,0.0,,0.0,,0.0,,0.0,0.0,0.0,0.0,0.0,,0.0,
1207,Liga I (RO),840324,Andrei Dorobanțu,A. Dorobanțu,2004-08-29,76.87,16.79,22.19,28,27,1,761.0,28.19,1.56,5.52,4.41,15.64,0.56,1.97,1.3,4.6,3.59,0.89,3.15,0.56,1.97,0.85,3.02,4.15,4.0,6.04,11.3,1.96,6.88,1.22,4.34
1207,Liga I (RO),840331,Ștefan Duțu,Ș. Duțu,2004-02-16,13.43,3.3,3.44,4,4,0,10.0,2.5,0.25,10.0,0.5,20.0,0.0,0.0,0.0,0.0,0.0,0.0,0.0,0.0,0.0,0.0,0.0,0.25,0.0,1.0,1.5,0.25,8.33,0.0,0.0
1207,Liga I (RO),840332,Laurentiu Vlasceanu,L. Vlasceanu,2005-05-29,31.58,7.01,7.38,6,6,0,90.0,15.0,0.33,2.22,2.67,17.78,0.0,0.0,0.5,3.33,2.67,1.0,6.67,0.0,0.0,0.17,1.11,3.5,2.5,3.33,3.0,0.0,0.0,0.83,5.56
1207,Liga I (RO),840425,Árpád Tordai,Á. Tordai,1997-03-11,100.05,24.38,25.22,3,3,0,0.0,0.0,0.0,,0.0,,0.0,,0.0,,0.0,0.0,,0.0,,0.0,,0.0,0.0,0.0,0.0,0.0,,0.0,
1207,Liga I (RO),841528,Narcis Ilaș,N. Ilaș,2007-03-27,84.79,19.89,19.11,18,17,1,441.0,25.94,1.71,6.58,4.12,15.87,0.35,1.36,1.71,6.58,5.0,0.53,2.04,0.82,3.17,1.65,6.35,5.53,3.18,4.94,11.35,2.06,8.68,0.59,2.27
1207,Liga I (RO),842251,Flavius Iacob,F. Iacob,2000-10-30,56.25,14.61,15.24,28,27,1,521.0,19.3,0.81,4.22,4.0,20.73,0.22,1.15,0.89,4.61,3.0,0.89,4.61,0.26,1.34,0.41,2.11,5.3,2.89,6.15,5.3,0.89,7.07,1.41,7.29
1207,Liga I (RO),842254,Denis Hrezdac,D. Hrezdac,2001-11-03,36.34,8.89,9.83,31,31,0,661.0,21.32,0.74,3.48,3.61,16.94,0.23,1.06,0.74,3.48,2.0,0.9,4.24,0.29,1.36,0.29,1.36,4.94,3.9,5.65,7.84,0.9,4.7,2.0,9.38
1207,Liga I (RO),842257,Ştefan Daniel Lefter,Ş. Lefter,2004-11-18,98.85,26.06,27.8,12,12,0,0.0,0.0,0.0,,0.0,,0.0,,0.0,,0.0,0.0,,0.0,,0.0,,0.0,0.0,0.0,0.0,0.0,,0.0,
1207,Liga I (RO),842270,Marius Lupu,M. Lupu,1999-09-01,48.73,12.43,13.73,1,1,0,26.0,26.0,1.0,3.85,4.0,15.38,0.0,0.0,1.0,3.85,2.0,2.0,7.69,0.0,0.0,0.0,0.0,8.0,5.0,9.0,1.0,0.0,0.0,3.0,11.54
1207,Liga I (RO),842423,Cristian Chira,C. Chira,2001-11-08,20.54,4.62,5.85,10,9,1,103.0,11.44,0.22,1.94,2.0,17.48,0.0,0.0,0.78,6.8,1.11,0.56,4.86,0.11,0.97,0.22,1.94,1.11,1.67,2.67,6.67,1.11,10.3,0.67,5.82
1207,Liga I (RO),842496,Iustin Alin Popescu,I. Popescu,1993-09-01,87.25,22.53,17.45,5,5,0,0.0,0.0,0.0,,0.0,,0.0,,0.0,,0.0,0.0,,0.0,,0.0,,0.0,0.0,0.0,0.0,0.0,,0.0,
1207,Liga I (RO),842497,David Maftei,D. Maftei,2004-07-12,70.73,18.22,18.13,28,27,1,586.0,21.7,0.63,2.9,3.85,17.75,0.26,1.19,1.44,6.66,3.11,0.67,3.07,0.52,2.39,0.67,3.07,4.37,2.96,5.78,7.19,0.93,4.38,0.48,2.22
1207,Liga I (RO),843036,Mariano Bettini,M. Bettini,1996-01-19,46.96,6.09,18.19,1,1,0,28.0,28.0,1.0,3.57,6.0,21.43,0.0,0.0,0.0,0.0,2.0,0.0,0.0,0.0,0.0,1.0,3.57,3.0,6.0,8.0,12.0,4.0,14.29,1.0,3.57
1207,Liga I (RO),849420,Viktor Kun,V. Kun,2004-07-18,59.09,14.99,16.4,17,17,0,356.0,20.94,1.0,4.78,3.18,15.17,0.35,1.69,0.94,4.49,2.65,0.76,3.65,0.53,2.53,0.35,1.68,3.76,3.24,5.71,7.94,1.76,9.55,0.88,4.21
1207,Liga I (RO),850712,Răzvan Gligor,R. Gligor,2006-09-30,14.33,3.24,2.02,1,1,0,3.0,3.0,0.0,0.0,0.0,0.0,0.0,0.0,0.0,0.0,1.0,0.0,0.0,0.0,0.0,0.0,0.0,0.0,1.0,0.0,2.0,0.0,0.0,0.0,0.0
1207,Liga I (RO),859343,Patrick  Patrick Vuc,P. Patrick Vuc,2004-03-11,25.74,6.64,5.6,6,6,0,84.0,14.0,0.17,1.19,2.17,15.48,0.0,0.0,0.67,4.76,2.83,1.67,11.9,0.0,0.0,0.0,0.0,7.5,2.67,2.67,0.5,0.0,0.0,1.0,7.14
1207,Liga I (RO),877386,Gustavo dos Santos Cabral,Gustavo Cabral,2001-09-12,38.95,8.52,11.49,11,11,0,299.0,27.18,0.55,2.01,3.82,14.05,0.0,0.0,1.55,5.69,3.64,1.73,6.36,0.0,0.0,0.18,0.67,8.18,6.82,8.45,4.91,0.64,3.74,2.55,9.37
1207,Liga I (RO),886602,Damjan  Djokanovic,D. Djokanovic,2008-01-31,96.68,19.06,34.01,1,1,0,53.0,53.0,1.0,1.89,6.0,11.32,0.0,0.0,0.0,0.0,7.0,5.0,9.43,0.0,0.0,0.0,0.0,25.0,12.0,18.0,8.0,0.0,0.0,12.0,22.64
1207,Liga I (RO),886929,Nagy Zoard Kornel,Z. Nagy,2000-04-18,34.92,6.9,10.53,11,11,0,195.0,17.73,0.0,0.0,2.82,15.9,0.0,0.0,0.91,5.13,2.82,0.73,4.1,0.0,0.0,0.0,0.0,6.91,2.09,4.45,1.27,0.0,0.0,1.27,7.18
1207,Liga I (RO),889599,Julián Andres Bonilla Tovar,J. Bonilla,1996-11-21,95.5,21.84,23.11,2,2,0,39.0,19.5,1.0,5.13,3.0,15.38,0.0,0.0,1.5,7.69,4.0,1.0,5.13,2.0,10.25,1.5,7.69,4.5,3.0,5.0,9.0,2.0,10.6,0.5,2.56
1207,Liga I (RO),901763,Riad Šuta,R. Šuta,2002-06-29,81.69,22.25,18.76,12,11,1,191.0,17.36,0.64,3.67,3.55,20.42,0.45,2.62,0.73,4.19,1.91,0.18,1.05,0.64,3.67,0.64,3.67,2.36,1.82,3.18,11.18,1.73,10.43,0.27,1.57
1207,Liga I (RO),902949,Iacopo Cernigoi,I. Cernigoi,1995-01-04,23.23,6.86,5.27,5,5,0,63.0,12.6,0.4,3.17,1.0,7.93,0.2,1.59,0.6,4.76,3.0,0.6,4.76,0.0,0.0,0.0,0.0,5.8,2.4,4.8,0.6,0.2,4.17,1.4,11.11
1207,Liga I (RO),905153,Bruno José Moreira Barreto Carvalho,Bruno Carvalho,1997-09-16,81.23,20.14,23.01,23,20,3,978.0,48.9,1.35,2.76,7.95,16.26,0.35,0.72,1.35,2.76,3.0,2.25,4.6,0.35,0.72,0.7,1.43,11.15,9.9,12.3,16.35,2.8,6.01,5.3,10.84
1207,Liga I (RO),908784,Nikita Stoioanov,N. Stoioanov,2005-08-24,98.31,29.92,22.19,37,35,2,618.0,17.66,0.91,5.18,3.94,22.33,0.43,2.43,0.97,5.5,2.77,0.51,2.91,0.63,3.56,0.66,3.72,4.03,1.83,3.77,7.4,1.69,10.6,0.4,2.27
1207,Liga I (RO),918213,Florinel Valentin Ibrian,F. Ibrian,1993-09-14,68.22,13.22,21.89,10,10,0,216.0,21.6,1.2,5.55,4.3,19.91,0.2,0.93,1.4,6.48,1.9,0.7,3.24,0.6,2.78,0.2,0.93,3.9,2.2,5.3,9.9,1.8,8.82,0.6,2.78
1207,Liga I (RO),943848,Lorenzo Biliboc,L. Biliboc,2006-10-22,61.6,15.29,16.49,33,33,0,1092.0,33.09,0.76,2.29,4.45,13.46,0.33,1.01,1.58,4.76,4.55,1.94,5.86,0.06,0.18,0.27,0.82,10.36,6.12,10.06,4.73,0.61,2.37,2.61,7.88
1207,Liga I (RO),959100,Luca Băsceanu,L. Băsceanu,2006-05-17,29.73,9.33,6.56,22,22,0,337.0,15.32,0.45,2.97,2.55,16.62,0.14,0.89,0.64,4.15,2.27,0.59,3.86,0.0,0.0,0.09,0.59,5.91,3.73,4.82,1.73,0.09,1.84,1.45,9.5
1207,Liga I (RO),961707,Darius Fălcușan,D. Fălcușan,2006-02-14,38.13,5.37,7.71,1,1,0,9.0,9.0,0.0,0.0,1.0,11.11,0.0,0.0,0.0,0.0,0.0,0.0,0.0,0.0,0.0,1.0,11.11,1.0,0.0,1.0,7.0,0.0,0.0,0.0,0.0
1207,Liga I (RO),965499,Cristian Sima,C. Sima,2007-01-06,35.42,10.11,8.26,13,13,0,182.0,14.0,0.38,2.75,2.69,19.23,0.0,0.0,0.77,5.49,2.54,0.54,3.85,0.0,0.0,0.08,0.55,4.92,1.62,4.69,1.54,0.23,6.25,1.08,7.69
1207,Liga I (RO),966650,Tarek Aggoun,T. Aggoun,1997-10-27,86.51,18.79,28.26,10,7,3,149.0,21.29,0.71,3.36,5.71,26.85,0.0,0.0,0.71,3.36,2.43,0.57,2.68,0.57,2.69,0.29,1.34,4.29,2.86,6.0,11.0,2.57,12.73,0.43,2.01
1207,Liga I (RO),969559,Denis Colibășanu,D. Colibășanu,2007-03-10,10.33,4.57,1.78,1,1,0,7.0,7.0,0.0,0.0,0.0,0.0,0.0,0.0,0.0,0.0,0.0,0.0,0.0,0.0,0.0,0.0,0.0,3.0,3.0,2.0,0.0,0.0,,2.0,28.57
1207,Liga I (RO),969870,Denis Alberto Ionut Taroi,D. Taroi,2008-04-06,48.76,12.83,13.16,16,15,1,368.0,24.53,1.0,4.08,3.27,13.32,0.0,0.0,0.93,3.8,3.4,1.27,5.16,0.13,0.54,0.0,0.0,8.47,5.0,8.93,4.0,0.27,2.04,2.2,8.97
1207,Liga I (RO),970884,Guy Dahan,G. Dahan,2000-03-08,45.97,9.88,12.35,15,15,0,345.0,23.0,0.47,2.03,3.0,13.04,0.07,0.29,1.27,5.51,3.07,1.27,5.51,0.07,0.29,0.13,0.58,9.67,3.0,5.6,2.4,0.2,0.9,2.67,11.59
1207,Liga I (RO),972661,Bogdan Nicolae Marian,B. Marian,2004-12-04,37.69,9.32,8.78,6,6,0,84.0,14.0,0.83,5.95,3.0,21.43,0.0,0.0,0.67,4.76,2.0,0.5,3.57,0.0,0.0,0.5,3.57,2.33,0.83,2.33,4.33,0.5,4.81,0.67,4.76
1207,Liga I (RO),972745,Taiwo Quadri Olakunle ,T. Quadri Olakunle,2006-01-06,22.93,7.68,5.79,1,1,0,12.0,12.0,0.0,0.0,1.0,8.33,0.0,0.0,0.0,0.0,0.0,0.0,0.0,0.0,0.0,0.0,0.0,5.0,3.0,3.0,2.0,0.0,0.0,0.0,0.0
1207,Liga I (RO),974002,Giovani-David Ghimfus,G. Ghimfus,2005-07-12,46.87,10.76,13.49,11,10,1,351.0,35.1,0.8,2.28,6.1,17.38,0.2,0.57,1.3,3.7,4.0,2.6,7.41,0.6,1.71,0.4,1.14,7.0,7.1,8.1,7.8,0.7,2.4,2.5,7.12
1207,Liga I (RO),976332,Din Alomerovic,D. Alomerovic,1997-06-29,84.41,21.65,22.27,31,30,1,797.0,26.57,1.3,4.89,4.93,18.57,0.23,0.88,1.07,4.01,2.63,0.83,3.14,0.57,2.13,1.2,4.52,4.77,4.43,6.97,10.77,1.5,6.02,0.73,2.76
1207,Liga I (RO),983447,Luca Barbulescu,L. Barbulescu,2007-03-31,8.76,2.88,1.59,1,1,0,1.0,1.0,0.0,0.0,0.0,0.0,0.0,0.0,0.0,0.0,0.0,1.0,100.0,0.0,0.0,0.0,0.0,1.0,0.0,0.0,0.0,0.0,,0.0,0.0
1207,Liga I (RO),984830,Rafael Gomes Garutti,Rafael Garutti,1998-11-25,29.92,4.5,14.11,1,1,0,11.0,11.0,0.0,0.0,3.0,27.27,0.0,0.0,2.0,18.18,1.0,0.0,0.0,1.0,9.09,0.0,0.0,2.0,1.0,3.0,7.0,1.0,9.09,0.0,0.0
1207,Liga I (RO),985374,Moses Abbey,M. Abbey,2002-08-18,55.62,13.24,16.29,29,24,5,820.0,34.17,0.54,1.58,4.58,13.41,0.33,0.97,1.29,3.78,5.0,2.88,8.41,0.08,0.24,0.29,0.85,10.79,6.54,11.5,5.33,0.5,2.2,3.75,10.98
1207,Liga I (RO),985515,Robert Moldoveanu,R. Moldoveanu,1999-03-08,57.86,13.21,15.33,28,25,3,591.0,23.64,0.52,2.2,3.16,13.37,0.08,0.34,0.72,3.05,4.0,1.28,5.41,0.0,0.0,0.08,0.34,9.48,4.04,8.0,2.16,0.32,1.52,2.12,8.97
1207,Liga I (RO),985516,Costinel Andrei Tofan,A. Tofan,1996-08-02,65.29,13.37,18.95,11,11,0,289.0,26.27,1.82,6.92,4.45,16.95,0.36,1.39,1.73,6.57,4.0,0.82,3.12,0.55,2.08,0.73,2.77,5.55,5.0,7.09,9.0,1.73,7.01,1.45,5.54
1207,Liga I (RO),985518,Ionuţ Laurenţiu Rădescu,I. Rădescu,1995-03-20,58.32,12.54,15.95,29,26,3,1172.0,45.08,1.15,2.56,7.12,15.78,0.31,0.68,1.69,3.75,6.04,3.38,7.51,0.12,0.26,0.31,0.68,16.65,9.19,15.73,7.69,0.65,2.55,5.08,11.26
1207,Liga I (RO),985525,Christian Nikolas Pirvu Yanis,C. Pirvu,2007-04-02,45.18,9.96,12.26,33,30,3,788.0,26.27,1.0,3.81,4.03,15.36,0.47,1.78,1.17,4.44,3.9,1.37,5.2,0.27,1.01,0.03,0.13,8.23,4.83,7.9,4.7,0.67,2.74,2.97,11.29
1207,Liga I (RO),985528,Patrick Dulcea,P. Dulcea,2005-02-10,48.6,10.47,14.67,29,28,1,839.0,29.96,0.71,2.38,3.89,12.99,0.14,0.48,1.14,3.81,4.32,2.46,8.22,0.21,0.72,0.29,0.95,10.0,5.36,9.57,5.11,0.43,2.21,3.61,12.04
1207,Liga I (RO),988424,Mark Țuțu,M. Țuțu,2004-01-02,79.47,19.13,22.93,31,30,1,860.0,28.67,1.3,4.54,4.8,16.74,0.8,2.79,1.57,5.47,3.5,1.0,3.49,0.5,1.74,0.7,2.44,6.03,4.03,8.5,10.5,1.7,6.44,1.27,4.42
1207,Liga I (RO),998267,Adrian Briciu ,A. Briciu,2007-08-17,91.53,27.81,19.97,1,1,0,0.0,0.0,0.0,,0.0,,0.0,,0.0,,0.0,0.0,,0.0,,0.0,,0.0,0.0,0.0,0.0,0.0,,0.0,
1207,Liga I (RO),999035,Omar Pašagić,O. Pašagić,1997-10-11,91.03,21.53,26.52,17,15,2,232.0,15.47,0.8,5.17,3.27,21.12,0.33,2.15,0.67,4.31,1.13,0.27,1.72,0.73,4.74,0.53,3.45,2.2,0.93,3.27,8.67,1.87,12.26,0.27,1.72
1207,Liga I (RO),1002889,Ianis Tarbă,I. Tarbă,2006-07-04,30.73,10.08,5.38,9,9,0,120.0,13.33,0.33,2.5,1.89,14.16,0.11,0.83,0.67,5.0,2.56,0.78,5.83,0.0,0.0,0.22,1.67,5.11,2.44,3.33,1.44,0.22,2.78,1.0,7.5
1207,Liga I (RO),1008874,Razvan Marincean,R. Marincean,2009-02-27,7.06,3.18,0.89,1,1,0,0.0,0.0,0.0,,0.0,,0.0,,0.0,,0.0,0.0,,0.0,,0.0,,0.0,0.0,0.0,0.0,0.0,,0.0,
1207,Liga I (RO),1008909,Andrei Tolcea,A. Tolcea,2008-02-25,14.92,4.1,2.73,1,1,0,7.0,7.0,1.0,14.29,0.0,0.0,0.0,0.0,0.0,0.0,2.0,1.0,14.29,0.0,0.0,0.0,0.0,1.0,0.0,1.0,2.0,0.0,0.0,1.0,14.29
1207,Liga I (RO),1009087,Ioan Bârstan,I. Bârstan,2004-06-24,26.27,5.74,7.88,2,2,0,13.0,6.5,0.5,7.69,2.0,30.77,0.0,0.0,0.0,0.0,1.5,0.5,7.69,0.0,0.0,0.0,0.0,1.5,1.0,4.0,0.0,0.0,,0.0,0.0
1207,Liga I (RO),1009777,Matei Popa,M. Popa,2007-04-29,93.51,29.21,18.42,12,11,1,0.0,0.0,0.0,,0.0,,0.0,,0.0,,0.0,0.0,,0.0,,0.0,,0.0,0.0,0.0,0.0,0.0,,0.0,
1207,Liga I (RO),1017076,Máté Simon,M. Simon,2006-07-19,99.35,24.02,36.58,2,1,1,0.0,0.0,0.0,,0.0,,0.0,,0.0,,0.0,0.0,,0.0,,0.0,,0.0,0.0,0.0,0.0,0.0,,0.0,
1207,Liga I (RO),1017099,David Matei,D. Matei,2006-07-19,80.08,24.38,18.6,31,31,0,1434.0,46.26,1.55,3.35,7.9,17.08,0.39,0.84,2.32,5.02,8.68,2.45,5.3,0.13,0.28,0.42,0.91,18.81,9.48,12.97,6.29,0.65,2.57,5.13,11.09
1207,Liga I (RO),1018009,Moussa  Samake,M. Samake,2004-12-01,46.25,12.82,10.11,1,1,0,26.0,26.0,2.0,7.69,5.0,19.23,0.0,0.0,1.0,3.85,2.0,0.0,0.0,0.0,0.0,0.0,0.0,2.0,5.0,10.0,2.0,0.0,0.0,0.0,0.0
1207,Liga I (RO),1018018,Luca Crăciun,L. Crăciun,2008-08-25,1.78,0.13,0.5,1,1,0,0.0,0.0,0.0,,0.0,,0.0,,0.0,,0.0,0.0,,0.0,,0.0,,0.0,0.0,0.0,0.0,0.0,,0.0,
1207,Liga I (RO),1018020,Petriu Rafael  Ionuț,P. Ionuț,2008-11-02,16.15,3.42,4.38,1,1,0,12.0,12.0,0.0,0.0,2.0,16.67,0.0,0.0,0.0,0.0,4.0,0.0,0.0,0.0,0.0,0.0,0.0,0.0,4.0,3.0,3.0,0.0,0.0,1.0,8.33
1207,Liga I (RO),1018021,Adriano George Flavius Manole,A. Manole,2007-07-28,8.16,1.68,1.99,5,4,1,13.0,3.25,0.0,0.0,0.75,23.08,0.0,0.0,0.0,0.0,0.5,0.25,7.69,0.0,0.0,0.0,0.0,0.25,0.25,0.25,0.5,0.0,0.0,0.5,15.38
1207,Liga I (RO),1018022,Caio Ferreira Martins,Caio Ferreira,2000-12-15,74.53,15.67,20.13,16,15,1,604.0,40.27,1.4,3.48,5.8,14.41,0.2,0.5,1.47,3.64,7.27,2.2,5.46,0.07,0.17,0.2,0.5,16.8,5.67,12.2,2.8,0.13,0.24,3.6,8.94
1207,Liga I (RO),1018055,Luca  Stancu,L. Stancu,2005-05-09,61.39,14.87,17.33,29,27,2,584.0,21.63,0.67,3.08,3.59,16.61,0.33,1.54,1.15,5.31,2.26,0.74,3.43,0.41,1.88,0.81,3.77,5.3,3.33,7.78,7.07,1.33,8.09,1.3,5.99
1207,Liga I (RO),1018056,Florin Eugen  Alexandru Gașpăr,F. Alexandru Gașpăr,,43.48,6.79,9.74,1,1,0,20.0,20.0,0.0,0.0,4.0,20.0,0.0,0.0,0.0,0.0,2.0,1.0,5.0,0.0,0.0,3.0,15.0,4.0,7.0,4.0,8.0,2.0,10.0,1.0,5.0
1207,Liga I (RO),1018075,Andrei Sava,A. Sava,1991-05-07,87.76,21.49,25.48,29,23,6,624.0,27.13,1.17,4.33,5.09,18.75,0.61,2.24,1.52,5.61,3.48,1.65,6.09,0.74,2.72,1.17,4.33,6.48,3.65,8.48,8.74,1.43,6.0,1.39,5.13
1207,Liga I (RO),1018076,Stefan Visic,S. Visic,1997-11-20,46.19,11.4,12.56,23,19,4,429.0,22.58,0.32,1.4,2.74,12.12,0.0,0.0,0.89,3.96,5.37,1.21,5.36,0.0,0.0,0.05,0.23,10.63,3.47,6.53,1.0,0.05,1.44,2.16,9.55
1207,Liga I (RO),1018077,Alexandru Gheorghe,A. Gheorghe,2002-10-12,54.86,12.43,15.7,12,9,3,216.0,24.0,0.67,2.78,3.78,15.74,0.11,0.46,0.44,1.85,2.33,0.89,3.7,0.33,1.39,0.89,3.7,5.22,3.11,6.33,9.56,1.67,9.03,1.67,6.95
1207,Liga I (RO),1018078,Gab Dumitru,G. Dumitru,2005-10-14,77.66,19.7,22.06,11,9,2,201.0,22.33,0.78,3.48,5.0,22.39,0.33,1.49,1.22,5.47,2.44,0.44,1.99,0.78,3.48,0.56,2.49,4.33,1.44,4.11,10.56,2.78,14.57,0.78,3.48
1207,Liga I (RO),1018079,Marian Laurențiu Lis,M. Lis,2004-09-08,35.96,8.36,10.41,22,17,5,332.0,19.53,0.41,2.11,3.0,15.36,0.12,0.6,1.35,6.93,2.88,2.0,10.24,0.24,1.2,0.53,2.71,4.59,3.59,5.65,5.24,0.71,5.86,1.35,6.93
1207,Liga I (RO),1018080,Adrian Sîrbu,A. Sîrbu,2004-06-09,30.28,7.22,7.88,12,10,2,158.0,15.8,0.2,1.27,1.6,10.13,0.1,0.63,0.8,5.06,3.4,1.2,7.59,0.0,0.0,0.0,0.0,6.3,2.7,4.8,1.4,0.0,0.62,1.3,8.23
1207,Liga I (RO),1018081,Dragoş Ionuţ Huiban,D. Huiban,1990-01-29,69.53,17.03,19.77,38,32,6,1000.0,31.25,0.47,1.5,4.0,12.8,0.16,0.5,1.34,4.3,5.56,1.59,5.1,0.0,0.0,0.19,0.6,14.12,4.44,9.97,2.19,0.31,1.83,2.91,9.3
1207,Liga I (RO),1018082,Robert Cornel Neacşu,R. Neacşu,2000-01-30,69.35,16.25,18.88,19,16,3,387.0,24.19,0.62,2.58,4.88,20.15,0.56,2.33,0.94,3.88,2.81,0.88,3.62,0.69,2.84,0.62,2.58,4.81,4.19,6.88,8.69,1.5,7.32,0.81,3.36
1207,Liga I (RO),1018083,Cristian Nicolae Nedelcovici,C. Nedelcovici,1993-06-02,63.16,14.68,17.34,4,4,0,0.0,0.0,0.0,,0.0,,0.0,,0.0,,0.0,0.0,,0.0,,0.0,,0.0,0.0,0.0,0.0,0.0,,0.0,
1207,Liga I (RO),1018084,George Alexandru Caramalău,G. Caramalău,1995-06-23,90.45,22.89,25.18,17,14,3,253.0,18.07,0.79,4.35,3.21,17.79,0.43,2.37,0.93,5.14,2.43,0.5,2.77,1.14,6.32,0.79,4.35,2.79,1.79,3.43,11.14,2.86,16.53,0.43,2.37
1207,Liga I (RO),1018085,Răzvan Milea,R. Milea,2000-02-05,52.83,12.64,14.16,12,11,1,444.0,40.36,0.91,2.25,4.73,11.71,0.36,0.9,2.27,5.63,5.64,2.55,6.31,0.09,0.23,0.27,0.68,10.45,9.64,11.91,10.91,1.27,3.65,3.45,8.56
1207,Liga I (RO),1018086,George Petrişor Gavrilaş,G. Gavrilaş,1990-12-15,93.13,22.83,26.48,36,30,6,0.0,0.0,0.0,,0.0,,0.0,,0.0,,0.0,0.0,,0.0,,0.0,,0.0,0.0,0.0,0.0,0.0,,0.0,
1207,Liga I (RO),1018135,Dan  Neicu,D. Neicu,2002-09-16,55.33,15.16,9.99,3,3,0,32.0,10.67,0.67,6.25,2.33,21.87,0.0,0.0,0.33,3.12,0.67,0.0,0.0,0.67,6.25,0.33,3.12,1.67,0.67,1.33,5.67,1.33,12.83,0.33,3.12
1207,Liga I (RO),1018136,Matei Frunza,M. Frunza,2006-03-12,18.57,4.65,3.78,7,7,0,59.0,8.43,0.14,1.69,1.0,11.86,0.0,0.0,0.29,3.39,0.71,0.29,3.39,0.0,0.0,0.14,1.69,1.71,1.86,1.57,1.29,0.0,0.0,1.14,13.56
1207,Liga I (RO),1018137,Dan-Cristian Neicu,D. Neicu,2004-11-03,21.12,5.04,5.05,9,9,0,95.0,10.56,0.11,1.05,1.89,17.89,0.11,1.05,0.56,5.26,2.22,0.56,5.26,0.0,0.0,0.22,2.11,2.44,2.0,3.0,2.67,0.33,6.3,0.67,6.32
1207,Liga I (RO),1018321,Stancu Claudiu  Constantin,S. Constantin,2009-11-04,24.88,4.73,6.36,1,1,0,13.0,13.0,0.0,0.0,2.0,15.38,0.0,0.0,1.0,7.69,1.0,1.0,7.69,0.0,0.0,1.0,7.69,3.0,1.0,2.0,2.0,0.0,0.0,0.0,0.0
1207,Liga I (RO),1018435,Dávid Kelemen,D. Kelemen,1992-05-24,100.56,20.33,35.3,4,3,1,57.0,19.0,0.67,3.51,2.67,14.03,0.33,1.75,0.67,3.51,2.67,0.33,1.75,0.67,3.51,1.0,5.27,2.33,2.33,5.33,11.0,2.67,14.07,1.0,5.26
1207,Liga I (RO),1018436,János Nagy,J. Nagy,1992-08-07,,,,1,0,1,,,,,,,,,,,,,,,,,,,,,,,,,
1207,Liga I (RO),1018437,Jozef Dolný,J. Dolný,1992-05-13,50.91,10.99,15.42,16,14,2,295.0,21.07,0.07,0.34,2.93,13.9,0.07,0.34,0.71,3.39,3.5,1.36,6.44,0.0,0.0,0.07,0.34,9.79,2.79,4.93,1.14,0.14,2.92,1.43,6.78
1207,Liga I (RO),1018438,Peter Gál-Andrezly,P. Gál-Andrezly,1990-05-03,82.4,18.44,24.44,8,7,1,235.0,33.57,1.0,2.98,6.57,19.58,0.57,1.7,1.57,4.68,4.29,1.0,2.98,0.57,1.7,1.14,3.4,7.14,3.86,9.86,13.71,2.43,8.97,1.71,5.11
1207,Liga I (RO),1018439,Szilárd Veres,S. Veres,1996-01-27,86.61,19.36,27.18,32,30,2,1658.0,55.27,1.47,2.65,7.73,13.99,0.2,0.36,2.1,3.8,5.13,3.73,6.75,0.4,0.72,0.8,1.45,16.17,8.73,17.8,15.87,1.73,3.63,5.47,9.89
1207,Liga I (RO),1018440,Raul Ioan Palmes,R. Palmes,1996-08-16,89.14,19.57,27.09,29,29,0,561.0,19.34,0.52,2.67,3.59,18.54,0.28,1.43,1.0,5.17,1.59,0.41,2.14,0.69,3.56,0.66,3.39,2.97,2.52,4.59,10.55,2.21,12.52,0.34,1.78
1207,Liga I (RO),1018441,Soufiane Jebari Jebari,S. Jebari,1995-02-24,43.76,9.21,13.13,25,24,1,724.0,30.17,0.75,2.49,3.92,12.98,0.25,0.83,1.0,3.31,4.12,1.96,6.49,0.04,0.14,0.5,1.66,10.62,6.79,9.17,5.08,0.71,2.97,3.12,10.36
1207,Liga I (RO),1018442,Erwin Szilard Bloj,E. Bloj,1997-07-24,68.78,15.05,21.65,13,13,0,341.0,26.23,1.08,4.1,3.38,12.9,0.62,2.35,0.92,3.52,3.08,0.62,2.35,0.38,1.47,1.46,5.57,4.54,4.38,7.0,11.15,1.38,6.08,0.46,1.76
1207,Liga I (RO),1018445,Attila Csürös,A. Csuros,1995-02-15,86.84,18.86,27.59,21,20,1,640.0,32.0,0.95,2.97,5.6,17.5,0.25,0.78,1.9,5.94,4.0,1.05,3.28,1.0,3.12,1.15,3.59,7.3,5.2,8.8,13.5,2.25,8.46,2.5,7.81
1207,Liga I (RO),1018450,Ervin-Raul Bakoș,E. Bakoș,2004-05-27,52.98,12.72,14.88,11,10,1,413.0,41.3,0.3,0.73,4.2,10.17,0.4,0.97,1.6,3.87,5.2,3.0,7.26,0.4,0.97,0.2,0.48,14.9,10.5,11.5,5.5,0.2,0.81,5.3,12.83
1207,Liga I (RO),1018454,Zoltán-Efraim Bödő,Z. Bödő,2007-02-01,72.08,15.47,22.26,30,29,1,1331.0,45.9,0.55,1.2,6.17,13.45,0.41,0.9,1.62,3.53,3.9,3.48,7.59,0.28,0.6,0.55,1.2,14.28,7.76,14.62,10.28,1.24,3.67,5.0,10.89
1207,Liga I (RO),1018456,Alpár Gergely,A. Gergely,2007-10-18,18.36,3.91,5.19,4,4,0,52.0,13.0,0.0,0.0,1.75,13.46,0.0,0.0,0.25,1.92,4.75,0.5,3.85,0.0,0.0,0.0,0.0,7.25,3.0,3.75,1.75,0.25,8.17,1.75,13.46
1207,Liga I (RO),1018528,Loránd Bencze,L. Bencze,2009-07-04,5.22,1.35,1.76,1,1,0,0.0,0.0,0.0,,0.0,,0.0,,0.0,,0.0,0.0,,0.0,,0.0,,0.0,0.0,0.0,0.0,0.0,,0.0,
1207,Liga I (RO),1018529,Alexandru-Simion Tabuncic,A. Tabuncic,2006-05-27,10.76,2.15,4.97,1,1,0,3.0,3.0,0.0,0.0,1.0,33.33,0.0,0.0,0.0,0.0,0.0,0.0,0.0,0.0,0.0,0.0,0.0,0.0,0.0,0.0,1.0,0.0,0.0,1.0,33.33
1207,Liga I (RO),1019542,Cosmin Florin Achim,C. Florin Achim,,38.64,8.69,9.56,4,3,1,20.0,6.67,0.0,0.0,3.0,45.0,0.0,0.0,0.33,5.0,1.0,0.33,5.0,0.33,5.0,0.33,5.0,0.33,0.0,2.0,3.33,0.67,11.66,0.0,0.0
1207,Liga I (RO),1023407,Seydou Saeed Issah,S. Issah,2000-01-11,47.81,12.31,13.46,10,9,1,139.0,15.44,0.33,2.16,3.67,23.74,0.11,0.72,0.89,5.76,1.33,0.78,5.04,0.22,1.44,0.33,2.16,3.0,1.56,4.22,6.33,1.0,7.42,1.0,6.48
1207,Liga I (RO),1024099,Toader Mihnea,T. Mihnea,2006-07-26,12.02,4.29,2.18,1,1,0,1.0,1.0,0.0,0.0,0.0,0.0,0.0,0.0,0.0,0.0,0.0,0.0,0.0,0.0,0.0,0.0,0.0,0.0,0.0,1.0,1.0,0.0,0.0,0.0,0.0
1207,Liga I (RO),1029917,Alexandru Soare,A. Soare,2005-05-13,97.7,19.92,33.14,1,1,0,0.0,0.0,0.0,,0.0,,0.0,,0.0,,0.0,0.0,,0.0,,0.0,,0.0,0.0,0.0,0.0,0.0,,0.0,
1207,Liga I (RO),1030819,Rober Sierra,R. Sierra,1996-05-21,91.55,19.56,25.12,35,32,3,1249.0,39.03,1.47,3.76,5.91,15.13,0.44,1.12,1.34,3.44,4.09,1.59,4.08,0.28,0.72,0.66,1.68,9.97,6.16,9.0,11.78,1.84,5.31,3.22,8.25
1207,Liga I (RO),1031930,Luca Noveli,L. Noveli,2008-02-07,24.06,6.72,5.82,3,3,0,38.0,12.67,0.0,0.0,2.67,21.05,0.67,5.26,0.67,5.26,3.33,1.33,10.53,0.33,2.63,0.0,0.0,1.67,4.0,2.33,3.0,1.0,13.18,1.33,10.52
1207,Liga I (RO),1032097,Előd Tóth-Pál,E. Tóth-Pál,2007-04-12,37.19,7.86,14.43,2,2,0,63.0,31.5,0.5,1.58,4.0,12.7,0.0,0.0,0.5,1.58,4.5,3.5,11.11,0.0,0.0,0.5,1.58,7.5,6.5,10.5,5.5,0.5,1.69,5.0,15.87
1207,Liga I (RO),1034469,Endri Celaj,E. Celaj,2004-01-23,12.18,2.12,4.39,4,4,0,32.0,8.0,0.25,3.12,0.75,9.38,0.25,3.12,0.0,0.0,1.75,0.25,3.12,0.0,0.0,0.75,9.38,1.25,2.25,2.25,2.5,0.25,2.5,0.75,9.38
1207,Liga I (RO),1035538,Marin Antonio  Mario,M. Mario,2008-03-05,2.12,1.01,0.5,1,1,0,0.0,0.0,0.0,,0.0,,0.0,,0.0,,0.0,0.0,,0.0,,0.0,,0.0,0.0,0.0,0.0,0.0,,0.0,
1207,Liga I (RO),1035539,Muntean  Denys,M. Denys,2009-05-13,8.55,1.8,1.7,1,1,0,6.0,6.0,0.0,0.0,1.0,16.67,0.0,0.0,0.0,0.0,2.0,1.0,16.67,0.0,0.0,0.0,0.0,4.0,1.0,2.0,0.0,0.0,,0.0,0.0
1207,Liga I (RO),1035806,Mircea-Mario Tache,M. Tache,2005-01-22,33.74,7.04,9.79,4,2,2,27.0,13.5,0.5,3.7,2.5,18.52,0.0,0.0,0.5,3.7,2.0,0.5,3.7,0.5,3.7,1.5,11.11,2.5,1.5,2.5,6.0,0.5,3.2,1.0,7.4
1207,Liga I (RO),1036907,Dániel Brugger,D. Brugger,2008-06-16,36.89,9.2,9.94,5,5,0,117.0,23.4,0.4,1.71,3.6,15.38,0.0,0.0,0.8,3.42,3.4,1.8,7.69,0.2,0.85,0.0,0.0,8.2,4.0,7.4,3.8,0.6,3.42,2.2,9.4
1207,Liga I (RO),1036928,Moldovan Iulian,M. Iulian,2008-06-04,2.03,1.01,0.5,1,1,0,3.0,3.0,0.0,0.0,2.0,66.67,0.0,0.0,0.0,0.0,0.0,0.0,0.0,0.0,0.0,0.0,0.0,1.0,0.0,1.0,1.0,0.0,0.0,0.0,0.0
1207,Liga I (RO),1036953,Alexandru Goncear,A. Goncear,2009-07-07,24.96,7.74,6.14,9,8,1,120.0,15.0,0.38,2.5,2.12,14.16,0.0,0.0,1.12,7.5,1.12,0.75,5.0,0.0,0.0,0.25,1.67,3.88,3.12,4.38,3.0,0.62,6.39,1.25,8.33
1207,Liga I (RO),1039550,Bogdan Buse,B. Buse,2007-07-29,,,,1,0,1,,,,,,,,,,,,,,,,,,,,,,,,,
1207,Liga I (RO),1039671,Darius Bota,D. Bota,2009-06-17,33.28,7.26,10.73,10,10,0,208.0,20.8,1.0,4.81,2.5,12.02,0.2,0.96,1.7,8.17,1.9,1.4,6.73,0.3,1.44,0.2,0.96,6.6,4.3,7.3,3.7,0.6,5.56,2.4,11.54
1207,Liga I (RO),1039695,Rafael Popa,R. Popa,2008-05-24,84.65,23.41,27.38,1,1,0,46.0,46.0,2.0,4.35,3.0,6.52,1.0,2.17,2.0,4.35,7.0,3.0,6.52,0.0,0.0,0.0,0.0,10.0,12.0,19.0,7.0,1.0,2.17,6.0,13.04
1207,Liga I (RO),1058500,Andrei Panait,A. Panait,,10.95,4.57,1.78,1,1,0,5.0,5.0,0.0,0.0,0.0,0.0,0.0,0.0,1.0,20.0,0.0,0.0,0.0,0.0,0.0,0.0,0.0,2.0,1.0,2.0,0.0,0.0,,0.0,0.0
1207,Liga I (RO),1058904,David Ilies,D. Ilies,2009-02-17,96.25,22.52,27.63,1,1,0,17.0,17.0,1.0,5.88,3.0,17.65,0.0,0.0,0.0,0.0,2.0,1.0,5.88,1.0,5.88,1.0,5.88,3.0,1.0,5.0,10.0,3.0,17.65,0.0,0.0
1207,Liga I (RO),1058951,Michael  Idowu,M. Idowu,,27.45,6.45,6.99,4,4,0,61.0,15.25,0.5,3.28,3.0,19.67,0.25,1.64,1.5,9.84,2.75,1.25,8.2,0.0,0.0,0.0,0.0,4.25,2.25,4.5,2.5,0.0,0.0,1.75,11.47
1207,Liga I (RO),1067549,Denis Ile,D. Ile,,16.57,4.42,4.65,2,2,0,13.0,6.5,0.0,0.0,1.5,23.07,0.0,0.0,0.5,7.69,1.5,0.0,0.0,0.0,0.0,0.0,0.0,2.0,1.0,2.0,1.5,0.0,0.0,0.0,0.0
1207,Liga I (RO),1067944,Szabolcs Nyitra,S. Nyitra,,14.42,3.28,4.91,1,1,0,10.0,10.0,0.0,0.0,0.0,0.0,0.0,0.0,0.0,0.0,2.0,1.0,10.0,0.0,0.0,0.0,0.0,2.0,2.0,3.0,3.0,0.0,0.0,0.0,0.0
1207,Liga I (RO),1067966,David Avram,D. Avram,2010-02-01,10.26,4.57,1.78,1,1,0,5.0,5.0,0.0,0.0,1.0,20.0,0.0,0.0,1.0,20.0,0.0,0.0,0.0,0.0,0.0,0.0,0.0,3.0,0.0,0.0,0.0,0.0,,0.0,0.0
1207,Liga I (RO),1067967,Dragos andrei Aftene,D. Aftene,2009-01-01,4.36,1.41,1.45,1,1,0,2.0,2.0,0.0,0.0,0.0,0.0,0.0,0.0,0.0,0.0,0.0,0.0,0.0,0.0,0.0,0.0,0.0,2.0,0.0,1.0,0.0,0.0,,1.0,50.0
