competition_edition,league,player_id,player_name,player_short_name,player_birthdate,minutes,minutes_tip,minutes_otip,performance_count,performance_included_count,performance_failed_count,possession_count_total,possession_count,possession_count_retained,possession_pct_retained,possession_count_shotwithin10s,possession_count_goalwithin10s,possession_avgdistance,possession_avgduration,reception_count_total,reception_count,reception_count_retained,reception_pct_retained,reception_count_intensepressure_tightspace,reception_count_intensepressure_tightspace_retained,reception_pct_intensepressure_tightspace_retained,reception_count_inspace,longcarry_count_total,longcarry_count,longcarry_count_retained,longcarry_count_forwardtrajectory,longcarry_count_forwardtrajectory_retained,longcarry_count_abovehsr,longcarry_count_forwardtrajectory_abovehsr,longcarry_count_forwardtrajectory_abovehsr_retained,longcarry_pct_forwardtrajectory_abovehsr_retained,longcarry_pct_retained,longcarry_pct_forwardtrajectory_retained,possession_count_forwardmomentum,giveandgo_count,possession_count_beatbymovement,possession_count_beatbypossession,possession_count_drawnpressure,possession_count_drawnpressure_retained,possession_pct_drawnpressure_retained,reception_count_intensepressure_constrainedspace,possession_count_escapedpressure,possession_pct_escapedpressure,reception_count_intensepressure,possession_count_intensepressure_progressed,possession_pct_intensepressure_progressed,possession_count_intensepressure_dangercreated,possession_pct_intensepressure_dangercreated
1227,Bundesliga (AT),528,Aleksandar Dragović,A. Dragović,1991-03-06,93.99,22.54,24.96,28,27,1,1240.0,45.93,38.3,83.39,0.93,0.22,3.68,1.66,755.0,27.96,25.63,91.66,0.11,0.04,33.33,25.89,165.0,6.11,5.41,3.78,3.52,0.41,0.04,0.04,100.0,88.48,93.14,0.0,0.07,0.0,0.04,0.11,0.07,66.67,0.15,0.0,0.0,0.41,0.04,9.09,0.04,9.09
1227,Bundesliga (AT),813,Andreas Weimann,A. Weimann,1991-08-05,81.85,23.48,19.17,16,16,0,257.0,16.06,9.56,59.53,1.81,0.06,4.73,1.19,178.0,11.12,6.94,62.36,1.62,0.5,30.77,7.06,55.0,3.44,1.94,2.0,1.0,1.19,0.81,0.31,38.46,56.36,50.0,1.0,1.94,0.88,0.25,0.19,0.06,33.33,2.0,0.31,15.63,3.44,0.56,16.36,0.69,20.0
1227,Bundesliga (AT),2594,Dejan Stojanović,D. Stojanović,1993-07-19,96.87,24.66,23.1,32,31,1,861.0,27.77,14.42,51.92,0.26,0.0,5.15,3.54,470.0,15.16,8.48,55.96,0.26,0.06,25.0,14.13,186.0,6.0,3.13,2.68,1.61,0.06,0.0,0.0,,52.15,60.24,0.0,0.0,0.0,0.0,0.23,0.0,0.0,0.32,0.06,20.0,0.48,0.16,33.33,0.0,0.0
1227,Bundesliga (AT),5718,Karim Onisiwo,K. Onisiwo,1992-03-17,32.81,8.75,7.36,21,20,1,148.0,7.4,3.75,50.67,1.3,0.2,4.87,1.26,89.0,4.45,2.1,47.19,1.95,0.75,38.46,1.3,24.0,1.2,0.4,0.85,0.25,0.45,0.35,0.05,14.28,33.33,29.41,0.4,0.4,0.4,0.3,0.0,0.0,,2.55,0.25,9.8,3.0,0.2,6.67,0.65,21.67
1227,Bundesliga (AT),6468,Lukas Hinterseer,L. Hinterseer,1991-03-28,32.53,7.0,8.08,28,27,1,220.0,8.15,4.07,50.0,1.11,0.07,3.38,1.15,128.0,4.74,2.63,55.47,1.3,0.48,37.14,2.44,24.0,0.89,0.3,0.44,0.07,0.22,0.19,0.0,0.0,33.33,16.67,0.26,0.33,0.3,0.11,0.04,0.04,100.0,1.67,0.04,2.22,2.59,0.26,10.0,0.3,11.43
1227,Bundesliga (AT),11298,Stefan Lainer,S. Lainer,1992-08-27,89.75,27.47,19.95,25,24,1,1296.0,54.0,38.71,71.68,3.75,0.54,5.39,1.8,959.0,39.96,30.08,75.29,1.58,0.54,34.21,36.33,294.0,12.25,9.0,7.46,4.88,2.0,1.42,0.58,41.18,73.47,65.36,0.21,4.08,0.08,0.46,1.5,0.58,38.89,2.38,0.38,15.79,3.88,0.88,22.58,0.42,10.75
1227,Bundesliga (AT),11299,Valon Berisha,V. Berisha,1993-02-07,61.43,16.17,15.84,8,8,0,243.0,30.38,25.25,83.13,1.0,0.0,3.42,1.24,187.0,23.38,19.62,83.96,1.25,0.88,70.0,19.75,29.0,3.62,2.88,1.62,1.12,0.62,0.5,0.38,75.0,79.31,69.23,0.38,1.12,0.12,0.12,0.38,0.25,66.67,2.25,0.38,16.67,4.0,0.62,15.63,0.5,12.5
1227,Bundesliga (AT),11536,Jannes Horn,J. Horn,1997-02-06,80.27,23.45,18.5,20,20,0,919.0,45.95,37.75,82.16,1.85,0.15,4.75,1.65,681.0,34.05,29.15,85.61,1.35,0.8,59.26,31.45,181.0,9.05,7.55,6.1,5.15,2.15,1.6,1.35,84.38,83.43,84.43,0.05,3.6,0.1,0.1,0.3,0.15,50.0,1.75,0.1,5.71,3.1,1.2,38.71,0.25,8.06
1227,Bundesliga (AT),11546,Dominik Prokop,D. Prokop,1997-06-02,27.23,5.94,8.74,14,14,0,143.0,10.21,6.64,65.04,1.14,0.14,6.41,1.69,87.0,6.21,4.21,67.82,0.36,0.14,40.0,4.29,42.0,3.0,1.93,2.07,1.29,0.57,0.5,0.07,14.29,64.29,62.07,0.43,1.21,0.07,0.29,0.57,0.29,50.0,0.64,0.07,11.11,1.43,0.07,5.0,0.07,5.0
1227,Bundesliga (AT),12051,Alessandro Schöpf,A. Schöpf,1994-02-07,78.15,21.16,19.94,25,25,0,1141.0,45.64,35.56,77.91,4.12,0.44,5.0,1.49,736.0,29.44,23.68,80.44,3.16,1.64,51.9,23.48,210.0,8.4,6.68,4.44,3.32,2.0,1.44,1.12,77.78,79.52,74.77,1.16,3.0,0.32,0.72,0.56,0.44,78.57,5.04,0.64,12.7,7.4,1.24,16.76,0.8,10.81
1227,Bundesliga (AT),12053,Stefan Hierländer,S. Hierländer,1991-02-03,22.33,5.56,4.29,13,13,0,92.0,7.08,4.85,68.48,0.77,0.0,5.26,1.55,57.0,4.38,3.46,78.95,0.15,0.15,100.0,3.23,17.0,1.31,1.15,0.62,0.46,0.15,0.0,0.0,,88.24,75.0,0.08,0.38,0.08,0.0,0.15,0.15,100.0,0.23,0.15,66.67,0.54,0.08,14.29,0.0,0.0
1227,Bundesliga (AT),12150,Jon Gorenc- tankovič,J. Gorenc Stankovič,1996-01-14,94.08,22.98,19.93,29,29,0,1142.0,39.38,29.69,75.39,3.28,0.34,2.68,1.12,635.0,21.9,18.21,83.15,1.28,0.69,54.05,17.66,99.0,3.41,2.66,1.9,1.52,0.14,0.07,0.03,50.0,77.78,80.0,0.52,0.34,0.14,0.14,0.17,0.14,80.0,1.97,0.28,14.03,3.21,0.72,22.58,0.55,17.2
1227,Bundesliga (AT),12351,Aleksa Terzić,A. Terzić,1999-08-17,53.94,16.61,11.14,21,21,0,722.0,34.38,24.95,72.58,2.14,0.05,5.13,1.66,549.0,26.14,20.33,77.78,1.1,0.76,69.57,23.86,149.0,7.1,5.1,4.76,3.33,1.67,1.52,0.76,50.0,71.81,70.0,0.05,2.19,0.1,0.14,0.62,0.33,53.85,1.62,0.29,17.65,2.76,0.38,13.79,0.29,10.35
1227,Bundesliga (AT),12820,Lenny Pintor,L. Pintor,2000-08-05,9.93,3.8,1.42,2,2,0,12.0,6.0,4.5,75.0,0.0,0.0,8.09,2.63,10.0,5.0,4.0,80.0,0.0,0.0,,5.0,4.0,2.0,1.5,2.0,1.5,0.0,0.0,0.0,,75.0,75.0,0.0,0.5,0.0,0.0,0.5,0.5,100.0,0.0,0.0,,0.0,0.0,,0.0,
1227,Bundesliga (AT),13344,Jean Harisson Marcelin,J. Marcelin,2000-02-12,62.9,12.55,18.73,2,2,0,27.0,13.5,10.5,77.78,0.0,0.0,3.15,1.35,18.0,9.0,8.5,94.45,0.0,0.0,,8.0,4.0,2.0,1.0,1.0,0.5,0.5,0.0,0.0,,50.0,50.0,0.0,0.0,0.0,0.0,0.0,0.0,,0.0,0.0,,0.0,0.0,,0.0,
1227,Bundesliga (AT),13597,Otar Kiteishvili,O. Kiteishvili,1996-03-26,76.48,18.57,15.84,28,28,0,1091.0,38.96,26.61,68.29,6.07,0.5,4.38,1.29,722.0,25.79,18.25,70.78,4.39,2.32,52.85,17.57,185.0,6.61,4.14,3.68,1.79,1.57,1.14,0.5,43.75,62.7,48.54,1.61,2.75,0.71,1.07,0.57,0.32,56.25,6.11,0.43,7.02,9.29,2.11,22.69,1.89,20.38
1227,Bundesliga (AT),13599,Markus Pink,M. Pink,1991-02-24,60.62,16.03,15.9,22,22,0,201.0,9.14,4.0,43.78,2.0,0.36,3.37,1.02,116.0,5.27,2.55,48.28,1.77,0.68,38.46,2.36,29.0,1.32,0.59,0.55,0.23,0.32,0.23,0.09,40.0,44.83,41.67,0.32,0.5,0.32,0.32,0.0,0.0,,2.09,0.27,13.04,3.36,0.23,6.76,1.09,32.43
1227,Bundesliga (AT),13603,Tobias Koch,T. Koch,2001-04-06,75.88,16.39,19.54,27,26,1,672.0,25.85,18.42,71.28,2.23,0.23,3.0,1.02,355.0,13.65,10.38,76.06,1.62,0.73,45.24,10.65,62.0,2.38,1.85,1.19,1.04,0.27,0.12,0.04,33.33,77.42,87.1,0.54,1.08,0.12,0.12,0.08,0.04,50.0,2.0,0.12,5.77,2.77,0.42,15.28,0.42,15.28
1227,Bundesliga (AT),13604,Lukas  Spendlhofer,L. Spendlhofer,1993-06-02,93.1,20.27,30.35,27,27,0,1024.0,37.93,30.96,81.64,0.89,0.11,4.84,1.95,630.0,23.33,21.19,90.79,0.37,0.15,40.0,21.81,203.0,7.52,6.48,3.67,3.37,0.59,0.04,0.04,100.0,86.21,91.92,0.19,0.19,0.07,0.04,0.33,0.07,22.22,0.52,0.0,0.0,0.74,0.26,35.0,0.04,5.0
1227,Bundesliga (AT),14132,Jacob Rasmussen,J. Rasmussen,1997-05-28,88.48,27.23,20.14,16,16,0,998.0,62.38,56.38,90.38,1.94,0.25,3.72,1.51,701.0,43.81,41.94,95.72,0.0,0.0,,42.19,123.0,7.69,6.81,3.75,3.5,0.56,0.19,0.19,100.0,88.62,93.33,0.12,0.56,0.0,0.0,0.19,0.12,66.67,0.19,0.0,0.0,0.31,0.06,20.0,0.0,0.0
1227,Bundesliga (AT),14360,Donis Avdijaj,D. Avdijaj,1996-08-25,41.78,11.41,10.32,24,24,0,320.0,13.33,8.12,60.94,1.75,0.17,5.99,1.8,222.0,9.25,5.75,62.16,1.83,0.88,47.73,5.83,78.0,3.25,2.04,1.83,1.17,0.5,0.38,0.29,77.78,62.82,63.64,0.33,0.75,0.12,0.46,0.33,0.17,50.0,2.33,0.08,3.57,4.08,0.75,18.37,0.75,18.37
1227,Bundesliga (AT),16271,Hakim Guenouche,H. Guenouche,2000-05-30,43.95,12.62,8.78,4,4,0,75.0,18.75,11.75,62.67,1.25,0.0,4.73,1.58,52.0,13.0,9.25,71.15,0.5,0.25,50.0,12.5,15.0,3.75,3.0,2.25,1.75,0.75,0.5,0.25,50.0,80.0,77.78,0.0,1.0,0.25,0.25,0.75,0.5,66.67,0.5,0.0,0.0,1.0,0.0,0.0,0.0,0.0
1227,Bundesliga (AT),16477,Nikolai Baden Frederiksen,N. Baden Frederiksen,2000-05-18,76.31,16.75,20.77,25,24,1,451.0,18.79,10.08,53.66,3.75,0.29,4.07,1.2,299.0,12.46,6.79,54.51,2.17,0.79,36.54,8.42,78.0,3.25,1.88,1.71,1.0,0.83,0.38,0.21,55.56,57.69,58.54,0.58,0.92,0.46,0.83,0.17,0.12,75.0,2.67,0.25,9.38,4.88,0.62,12.82,1.21,24.79
1227,Bundesliga (AT),16588,Alexander Gorgon,A. Gorgon,1988-10-28,17.97,4.71,4.33,16,16,0,110.0,6.88,4.5,65.45,1.0,0.06,6.41,1.73,81.0,5.06,3.25,64.2,0.69,0.38,54.55,3.5,38.0,2.38,1.62,1.38,0.75,0.5,0.31,0.12,40.0,68.42,54.55,0.31,0.44,0.12,0.19,0.06,0.0,0.0,1.0,0.25,25.0,1.69,0.31,18.52,0.44,25.93
1227,Bundesliga (AT),16631,Andreas Leitner,A. Leitner,1994-03-25,98.79,22.38,21.89,35,34,1,825.0,24.26,14.47,59.64,0.26,0.03,4.28,3.44,460.0,13.53,8.97,66.3,0.0,0.0,,12.76,137.0,4.03,2.79,2.0,1.38,0.03,0.03,0.0,0.0,69.34,69.12,0.0,0.0,0.0,0.0,0.18,0.09,50.0,0.12,0.09,75.0,0.18,0.06,33.33,0.0,0.0
1227,Bundesliga (AT),16632,Fabio Strauss,F. Strauß,1994-08-06,81.51,18.92,20.27,13,13,0,432.0,33.23,22.38,67.36,1.62,0.31,3.73,1.26,234.0,18.0,13.38,74.36,0.46,0.0,0.0,16.31,65.0,5.0,3.54,2.38,1.77,0.69,0.23,0.23,100.0,70.77,74.19,0.0,0.31,0.23,0.23,0.31,0.08,25.0,0.62,0.08,12.5,1.46,0.38,26.32,0.15,10.53
1227,Bundesliga (AT),16637,Sasa Kalajdžić,S. Kalajdžić,1997-07-07,64.59,16.6,16.44,21,21,0,375.0,17.86,9.33,52.27,3.86,0.52,4.64,1.38,259.0,12.33,6.76,54.83,2.71,1.19,43.86,6.33,72.0,3.43,2.24,1.86,1.1,0.48,0.38,0.19,50.0,65.28,58.97,1.33,1.48,0.76,0.57,0.0,0.0,,3.43,0.24,6.94,6.0,1.0,16.67,1.57,26.19
1227,Bundesliga (AT),16644,Jonathan Scherzer,J. Scherzer,1995-07-22,38.9,7.82,9.78,10,9,1,102.0,11.33,7.0,61.76,0.33,0.0,4.52,1.47,60.0,6.67,4.22,63.33,0.78,0.22,28.57,5.89,22.0,2.44,1.67,1.78,1.22,0.33,0.22,0.11,50.0,68.18,68.75,0.0,0.33,0.0,0.0,0.33,0.22,66.67,0.89,0.0,0.0,1.0,0.22,22.22,0.11,11.11
1227,Bundesliga (AT),16652,Emanuel Aiwu,E. Aiwu,2000-12-25,79.64,20.77,16.3,14,14,0,442.0,31.57,27.5,87.11,0.57,0.0,5.33,1.86,258.0,18.43,17.21,93.41,0.14,0.07,50.0,16.93,97.0,6.93,5.43,3.29,2.86,0.86,0.07,0.07,100.0,78.35,86.96,0.0,0.07,0.07,0.0,0.36,0.29,80.0,0.21,0.07,33.33,0.36,0.14,40.0,0.07,20.0
1227,Bundesliga (AT),16657,Alexander Schlager,A. Schlager,1996-02-01,97.7,30.25,21.11,31,30,1,774.0,25.8,18.27,70.8,0.1,0.0,3.82,2.76,421.0,14.03,10.2,72.68,0.3,0.13,44.44,13.07,110.0,3.67,2.6,2.2,1.67,0.0,0.0,0.0,,70.91,75.76,0.0,0.0,0.0,0.0,0.07,0.07,100.0,0.4,0.07,16.67,0.53,0.17,31.25,0.0,0.0
1227,Bundesliga (AT),16659,Philipp Wiesinger,P. Wiesinger,1994-05-23,92.29,22.61,22.76,29,28,1,1167.0,41.68,33.0,79.18,1.89,0.18,3.74,1.45,701.0,25.04,21.64,86.45,0.46,0.32,69.23,23.36,161.0,5.75,4.57,3.43,2.71,0.93,0.46,0.32,69.23,79.5,79.17,0.11,0.43,0.0,0.0,0.43,0.21,50.0,0.79,0.14,18.18,1.25,0.46,37.14,0.04,2.86
1227,Bundesliga (AT),16670,Reinhold Ranftl,R. Ranftl,1992-01-24,95.61,23.16,24.69,32,31,1,1263.0,40.74,24.29,59.62,3.26,0.32,5.3,1.5,838.0,27.03,17.0,62.89,2.52,1.03,41.03,23.29,276.0,8.9,5.32,5.94,3.48,2.42,1.94,1.0,51.67,59.78,58.7,0.29,2.1,0.42,0.55,1.16,0.68,58.33,3.23,0.48,15.0,4.9,0.81,16.45,0.65,13.16
1227,Bundesliga (AT),16671,Thomas Goiginger,T. Goiginger,1993-03-15,66.86,16.46,18.38,17,17,0,368.0,21.65,13.76,63.59,3.06,0.24,6.21,1.78,258.0,15.18,9.71,63.95,2.82,1.35,47.92,11.0,94.0,5.53,3.0,4.18,2.06,1.24,1.18,0.53,45.0,54.26,49.3,1.24,2.41,0.29,0.71,0.53,0.41,77.78,3.29,0.18,5.36,5.41,1.24,22.82,0.82,15.22
1227,Bundesliga (AT),16672,Dominik Frieser,D. Frieser,1993-09-09,55.13,12.13,14.57,27,26,1,465.0,17.88,11.42,63.87,1.5,0.12,3.77,1.18,288.0,11.08,7.85,70.83,0.92,0.38,41.67,9.69,70.0,2.69,1.31,1.5,0.81,0.77,0.5,0.31,61.54,48.57,53.85,0.04,1.0,0.12,0.08,0.31,0.23,75.0,1.27,0.19,15.15,2.12,0.35,16.36,0.15,7.27
1227,Bundesliga (AT),17449,Louis Schaub,L. Schaub,1994-12-29,32.44,8.03,6.2,9,9,0,122.0,13.56,7.44,54.92,1.56,0.22,5.82,1.6,80.0,8.89,5.56,62.5,1.78,0.89,50.0,7.22,30.0,3.33,1.78,1.44,0.44,0.89,0.78,0.0,0.0,53.34,30.77,0.11,1.22,0.11,0.67,0.44,0.22,50.0,2.11,0.67,31.58,3.33,0.67,20.0,0.44,13.34
1227,Bundesliga (AT),19075,Johannes Eggestein,J. Eggestein,1998-05-08,85.83,21.34,21.84,29,29,0,796.0,27.45,14.45,52.64,3.83,0.55,5.58,1.5,477.0,16.45,9.45,57.44,4.97,2.17,43.75,8.83,186.0,6.41,3.0,3.59,1.41,1.59,1.45,0.45,30.95,46.77,39.42,1.59,1.9,0.76,0.69,0.1,0.07,66.67,6.34,1.03,16.31,9.62,2.1,21.86,1.93,20.07
1227,Bundesliga (AT),19140,Lukas Jäger,L. Jäger,1994-02-12,88.08,22.1,21.64,26,25,1,863.0,34.52,26.28,76.13,0.84,0.0,2.89,1.0,501.0,20.04,16.76,83.63,0.68,0.32,47.06,18.0,87.0,3.48,2.8,1.36,0.92,0.36,0.24,0.08,33.33,80.46,67.65,0.2,0.48,0.0,0.04,0.32,0.12,37.5,1.0,0.08,8.0,1.4,0.28,20.0,0.0,0.0
1227,Bundesliga (AT),19251,Lukas Gugganig,L. Gugganig,1995-02-14,15.37,3.08,3.69,17,17,0,74.0,4.35,3.24,74.32,0.06,0.0,3.1,1.14,45.0,2.65,2.18,82.22,0.06,0.0,0.0,2.53,8.0,0.47,0.35,0.18,0.12,0.06,0.0,0.0,,75.0,66.67,0.0,0.06,0.0,0.0,0.0,0.0,,0.12,0.0,0.0,0.18,0.0,0.0,0.06,33.33
1227,Bundesliga (AT),19259,David Atanga,D. Atanga,1996-12-25,43.95,11.93,10.6,18,18,0,264.0,14.67,8.94,60.98,2.11,0.17,6.3,1.55,180.0,10.0,6.22,62.22,2.22,1.39,62.5,5.67,66.0,3.67,2.11,2.17,1.17,1.17,1.0,0.39,38.89,57.58,53.85,0.61,1.5,0.5,0.22,0.06,0.0,0.0,2.67,0.67,25.0,4.67,0.56,11.9,1.17,25.0
1227,Bundesliga (AT),19398,Sascha Horvath,S. Horvath,1996-08-22,93.1,23.35,24.35,26,26,0,1111.0,42.73,31.19,73.0,5.12,0.81,6.48,1.82,758.0,29.15,22.31,76.52,2.92,1.65,56.58,22.85,292.0,11.23,7.92,6.04,4.04,2.62,1.88,1.15,61.23,70.55,66.88,1.19,3.15,0.19,1.12,0.77,0.54,70.0,4.35,0.96,22.12,6.58,1.58,23.98,0.92,14.04
1227,Bundesliga (AT),19494,Oliver Steurer,O. Steurer,1995-01-06,98.79,22.38,21.89,35,34,1,1314.0,38.65,29.06,75.19,1.29,0.15,4.56,1.59,804.0,23.65,19.85,83.96,0.68,0.38,56.52,21.62,251.0,7.38,5.59,4.82,3.76,1.38,0.65,0.32,50.0,75.7,78.05,0.03,1.32,0.06,0.09,0.47,0.32,68.75,0.91,0.03,3.23,1.32,0.56,42.22,0.15,11.11
1227,Bundesliga (AT),22186,Albert Vallci,A. Vallci,1995-07-02,99.37,22.76,21.43,14,14,0,563.0,40.21,30.43,75.67,2.64,0.36,3.95,1.46,329.0,23.5,19.93,84.8,0.29,0.14,50.0,21.36,93.0,6.64,5.29,4.21,3.43,0.71,0.21,0.14,66.67,79.57,81.36,0.07,0.14,0.0,0.0,0.43,0.29,66.67,0.5,0.07,14.29,1.21,0.29,23.53,0.07,5.88
1227,Bundesliga (AT),22886,Emir Karic,E. Karic,1997-06-09,84.25,21.27,17.74,29,29,0,1377.0,47.48,34.1,71.82,3.41,0.14,4.03,1.36,917.0,31.62,24.24,76.66,1.69,0.9,53.06,28.62,218.0,7.52,5.45,5.34,3.93,1.76,1.14,0.62,54.55,72.48,73.55,0.07,2.55,0.17,0.14,0.41,0.21,50.0,2.76,0.55,20.0,4.31,0.97,22.4,0.52,12.0
1227,Bundesliga (AT),22892,Sandro Ingolitsch,S. Ingolitsch,1997-04-18,89.56,22.47,21.49,30,29,1,884.0,30.48,18.48,60.63,1.69,0.31,3.13,1.09,608.0,20.97,13.38,63.82,1.76,0.69,39.22,18.59,119.0,4.1,2.34,2.03,1.21,0.66,0.41,0.14,33.33,57.14,59.32,0.03,0.66,0.24,0.21,0.21,0.17,83.33,2.59,0.38,14.67,4.1,0.62,15.13,0.34,8.4
1227,Bundesliga (AT),23183,René Renner,R. Renner,1993-11-29,89.58,23.2,23.92,28,28,0,996.0,35.57,24.75,69.58,2.79,0.11,5.07,1.66,661.0,23.61,17.86,75.64,1.46,0.68,46.34,21.29,213.0,7.61,5.39,4.68,3.25,1.39,0.96,0.5,51.85,70.89,69.47,0.11,3.25,0.21,0.36,0.71,0.57,80.0,2.25,0.36,15.87,3.75,0.86,22.86,0.5,13.33
1227,Bundesliga (AT),23184,Valentino Müller,V. Müller,1999-01-19,97.89,21.68,26.83,31,30,1,1209.0,40.3,31.23,77.5,2.73,0.47,3.8,1.3,697.0,23.23,19.87,85.51,0.77,0.3,39.13,18.83,170.0,5.67,4.5,2.57,2.0,0.8,0.37,0.17,45.45,79.41,77.92,1.1,0.63,0.1,0.37,0.3,0.17,55.55,1.53,0.27,17.39,3.4,0.6,17.65,0.33,9.8
1227,Bundesliga (AT),23185,Thomas Sabitzer,T. Sabitzer,2000-10-12,56.29,12.75,16.01,26,25,1,411.0,16.44,10.76,65.45,1.96,0.2,4.35,1.27,276.0,11.04,7.8,70.65,2.24,1.36,60.71,7.36,76.0,3.04,2.0,1.36,0.92,0.76,0.4,0.24,60.0,65.79,67.65,0.44,1.64,0.2,0.2,0.24,0.2,83.33,2.76,0.28,10.14,4.16,0.28,6.73,0.6,14.42
1227,Bundesliga (AT),23186,Marko Raguž,M. Raguž,1998-06-10,12.21,3.25,2.08,10,10,0,42.0,4.2,2.4,57.14,1.0,0.1,1.3,0.64,18.0,1.8,1.0,55.56,0.7,0.3,42.86,0.8,2.0,0.2,0.2,0.1,0.1,0.0,0.0,0.0,,100.0,100.0,0.0,0.2,0.3,0.0,0.0,0.0,,0.8,0.0,0.0,1.2,0.1,8.33,0.6,50.0
1227,Bundesliga (AT),23456,Shon Weissman,S. Weissman,1996-02-14,93.21,22.36,22.56,26,26,0,626.0,24.08,14.35,59.58,3.65,0.38,4.58,1.31,381.0,14.65,8.81,60.1,4.65,2.54,54.55,8.04,113.0,4.35,2.58,2.42,1.15,1.0,0.81,0.31,38.1,59.29,47.62,1.04,2.46,0.81,0.42,0.15,0.04,25.0,5.69,0.5,8.78,8.15,0.96,11.79,1.5,18.4
1227,Bundesliga (AT),24000,Michael  Sollbauer,M. Sollbauer,1990-05-15,95.43,21.96,21.02,33,32,1,1031.0,32.22,26.53,82.35,0.59,0.03,4.58,1.86,541.0,16.91,16.19,95.75,0.09,0.03,33.33,16.03,195.0,6.09,5.38,2.41,2.25,0.69,0.0,0.0,,88.2,93.51,0.03,0.03,0.0,0.0,0.0,0.0,,0.25,0.0,0.0,0.5,0.09,18.75,0.03,6.25
1227,Bundesliga (AT),24005,Dominik Baumgartner,D. Baumgartner,1996-07-20,91.69,24.21,23.61,26,26,0,1286.0,49.46,40.19,81.26,1.5,0.15,3.97,1.41,866.0,33.31,28.58,85.8,0.46,0.31,66.67,31.08,188.0,7.23,5.85,4.38,3.5,1.46,0.73,0.38,52.63,80.85,79.82,0.31,1.0,0.04,0.15,0.77,0.42,55.0,0.54,0.08,14.29,1.38,0.54,38.89,0.04,2.78
1227,Bundesliga (AT),24006,Christopher Wernitznig,C. Wernitznig,1990-02-24,40.07,8.57,9.64,10,9,1,113.0,12.56,8.0,63.72,1.0,0.0,5.12,1.4,65.0,7.22,5.11,70.77,1.11,0.67,60.0,4.67,31.0,3.44,2.22,1.44,1.0,0.78,0.44,0.0,0.0,64.52,69.23,0.33,0.89,0.11,0.11,0.0,0.0,,1.56,0.0,0.0,2.56,0.78,30.43,0.22,8.7
1227,Bundesliga (AT),24079,Florian Flecker,F. Flecker,1995-10-29,22.0,5.46,5.54,19,19,0,124.0,6.53,3.74,57.26,0.84,0.05,5.4,1.48,72.0,3.79,2.47,65.28,0.42,0.21,50.0,3.32,23.0,1.21,0.79,0.63,0.42,0.53,0.32,0.11,33.33,65.22,66.67,0.05,0.89,0.11,0.0,0.0,0.0,,0.47,0.0,0.0,0.89,0.21,23.53,0.11,11.76
1227,Bundesliga (AT),24109,Dimitri Lavalée,D. Lavalée,1997-01-13,93.33,24.98,20.13,13,13,0,638.0,49.08,38.77,79.0,1.85,0.0,4.44,1.57,391.0,30.08,25.62,85.17,0.38,0.08,20.0,27.77,99.0,7.62,6.0,4.0,3.23,1.23,0.46,0.38,83.33,78.79,80.77,0.0,0.62,0.0,0.0,0.15,0.15,100.0,0.46,0.0,0.0,1.15,0.31,26.67,0.08,6.67
1227,Bundesliga (AT),24508,Melayro Bogarde,M. Bogarde,2002-05-28,90.91,22.99,23.78,26,26,0,1046.0,40.23,30.96,76.96,3.77,0.27,4.21,1.5,673.0,25.88,21.31,82.32,1.0,0.5,50.0,21.42,159.0,6.12,4.54,3.62,2.69,0.88,0.69,0.46,66.67,74.21,74.47,0.92,1.19,0.08,0.58,0.46,0.31,66.67,1.62,0.19,11.9,3.04,0.77,25.32,0.5,16.45
1227,Bundesliga (AT),24567,Samuel Şahin-Radlinger,S. Şahin-Radlinger,1992-11-07,98.56,23.93,25.25,32,31,1,718.0,23.16,15.1,65.18,0.19,0.0,4.0,2.71,413.0,13.32,9.61,72.16,0.16,0.03,20.0,12.87,115.0,3.71,2.52,2.19,1.58,0.0,0.0,0.0,,67.83,72.06,0.0,0.0,0.0,0.0,0.03,0.0,0.0,0.23,0.03,14.29,0.26,0.03,12.5,0.0,0.0
1227,Bundesliga (AT),24572,Mike Bähre,M. Bähre,1995-08-10,97.23,24.5,23.3,30,29,1,1462.0,50.41,40.14,79.62,2.38,0.31,5.37,1.56,869.0,29.97,25.86,86.31,1.41,0.86,60.98,23.72,353.0,12.17,9.52,4.07,3.21,1.9,0.93,0.69,74.07,78.19,78.81,0.86,1.48,0.0,0.41,0.45,0.24,53.85,2.1,0.38,18.03,3.76,0.69,18.35,0.31,8.26
1227,Bundesliga (AT),24759,Donovan Pines,D. Pines,1998-03-07,97.44,22.63,23.91,30,29,1,958.0,33.03,26.1,79.02,0.59,0.07,3.13,1.22,521.0,17.97,16.48,91.75,0.1,0.03,33.33,16.83,99.0,3.41,2.52,0.9,0.66,0.97,0.24,0.14,57.14,73.74,73.08,0.0,0.03,0.0,0.03,0.03,0.0,0.0,0.14,0.03,25.0,0.34,0.14,40.0,0.1,30.0
1227,Bundesliga (AT),24785,Janis Antiste,J. Antiste,2002-08-18,65.07,18.26,14.82,24,24,0,501.0,20.88,12.04,57.69,2.33,0.21,4.44,1.18,319.0,13.29,7.75,58.31,2.96,1.25,42.25,8.25,92.0,3.83,2.0,2.5,1.17,1.25,1.17,0.54,46.43,52.18,46.67,0.33,1.25,0.67,0.42,0.08,0.08,100.0,3.83,0.5,13.04,5.71,1.17,20.44,0.83,14.6
1227,Bundesliga (AT),24943,Lucas Gourna-Douath,L. Gourna-Douath,2003-08-05,52.7,14.24,13.8,4,4,0,132.0,33.0,26.25,79.54,1.25,0.0,5.36,1.8,83.0,20.75,17.5,84.33,0.75,0.5,66.67,18.25,25.0,6.25,5.25,2.25,2.0,0.75,0.25,0.25,100.0,84.0,88.89,0.5,0.0,0.0,0.0,0.75,0.5,66.67,1.75,0.0,0.0,2.0,0.25,12.5,0.0,0.0
1227,Bundesliga (AT),25013,Dominik Reiter,D. Reiter,1998-01-04,73.36,16.7,19.44,16,16,0,375.0,23.44,12.06,51.47,2.19,0.31,5.81,1.48,232.0,14.5,8.19,56.46,2.06,1.06,51.51,11.94,88.0,5.5,2.5,3.81,1.69,2.31,1.62,0.5,30.77,45.45,44.26,0.19,1.62,0.25,0.81,0.44,0.12,28.57,2.69,0.19,6.98,3.88,0.62,16.13,0.44,11.29
1227,Bundesliga (AT),25118,Benedikt Zech,B. Zech,1990-11-03,98.01,25.31,23.15,29,28,1,1405.0,50.18,40.79,81.28,0.93,0.14,6.4,2.04,806.0,28.79,25.71,89.33,0.39,0.25,63.64,26.75,420.0,15.0,12.75,6.11,5.32,2.0,0.36,0.29,80.0,85.0,87.13,0.07,0.29,0.0,0.04,1.0,0.61,60.71,0.5,0.07,14.29,0.71,0.32,45.0,0.07,10.0
1227,Bundesliga (AT),25337,Elias Havel,E. Havel,2003-04-16,80.12,17.58,25.92,29,29,0,436.0,15.03,5.55,36.93,3.45,0.52,10.4,2.14,267.0,9.21,3.03,32.96,2.17,0.52,23.81,4.83,181.0,6.24,1.93,4.79,1.14,3.1,2.86,0.45,15.66,30.94,23.74,1.31,0.9,1.59,1.55,0.14,0.03,25.0,2.48,0.14,5.56,5.28,1.83,34.64,1.17,22.22
1227,Bundesliga (AT),25407,Nikki Havenaar,N. Havenaar,1995-02-16,95.13,21.57,21.01,34,33,1,983.0,29.79,22.79,76.5,1.33,0.15,3.45,1.32,607.0,18.39,15.76,85.67,0.36,0.12,33.33,17.21,118.0,3.58,2.52,1.67,1.21,0.88,0.36,0.12,33.33,70.34,72.73,0.0,0.45,0.06,0.06,0.39,0.18,46.15,0.48,0.06,12.5,0.91,0.24,26.67,0.09,10.0
1227,Bundesliga (AT),25455,Jessic Ngankam,J. Ngankam,2000-07-20,54.68,13.63,13.04,8,8,0,87.0,10.88,4.38,40.23,3.12,0.12,5.42,1.44,68.0,8.5,3.25,38.24,3.5,1.12,32.14,2.75,23.0,2.88,0.88,1.62,0.12,0.88,0.75,0.0,0.0,30.43,7.69,0.38,1.62,1.38,0.25,0.0,0.0,,4.38,0.62,14.29,6.25,0.88,14.0,1.5,24.0
1227,Bundesliga (AT),25483,Maurice Malone,M. Malone,2000-08-17,62.67,15.97,13.33,33,33,0,497.0,15.06,7.7,51.11,3.12,0.24,7.28,1.74,321.0,9.73,5.09,52.34,2.85,1.36,47.87,5.21,161.0,4.88,2.27,3.12,1.09,1.88,1.55,0.36,23.53,46.58,34.95,0.91,1.58,0.73,0.82,0.18,0.12,66.67,3.82,0.82,21.43,5.48,1.33,24.31,1.15,20.99
1227,Bundesliga (AT),25516,Hamaciré Youba Diarra,Y. Diarra,1998-03-24,52.27,12.41,16.18,15,15,0,371.0,24.73,17.53,70.89,1.67,0.2,5.38,1.8,233.0,15.53,12.2,78.54,0.73,0.33,45.45,12.33,86.0,5.73,3.93,2.4,1.33,0.73,0.4,0.13,33.33,68.6,55.56,0.87,0.93,0.0,0.53,0.53,0.2,37.5,1.13,0.27,23.53,2.4,0.67,27.78,0.27,11.11
1227,Bundesliga (AT),26106,Dominik Fitz,D. Fitz,1999-06-16,100.88,27.67,20.48,3,3,0,122.0,40.67,23.33,57.38,8.67,0.67,4.0,1.36,92.0,30.67,18.33,59.78,3.33,1.0,30.0,24.67,20.0,6.67,4.67,3.67,2.67,2.0,1.67,1.33,80.0,70.0,72.73,1.0,1.67,1.0,1.33,1.0,1.0,100.0,4.33,0.33,7.69,8.67,1.0,11.54,2.33,26.92
1227,Bundesliga (AT),26108,Vesel Demaku,V. Demaku,2000-02-05,86.36,21.0,21.27,22,21,1,730.0,34.76,25.33,72.88,2.9,0.38,3.29,1.16,452.0,21.52,17.19,79.87,1.9,0.9,47.5,17.0,88.0,4.19,2.62,2.05,1.1,0.81,0.43,0.29,66.67,62.5,53.49,1.19,0.81,0.19,0.38,0.24,0.14,60.0,3.19,0.33,10.45,4.38,0.67,15.22,0.52,11.96
1227,Bundesliga (AT),26111,Jürgen Heil,J. Heil,1997-04-04,88.01,20.49,26.6,26,26,0,922.0,35.46,23.85,67.25,2.15,0.27,4.58,1.47,611.0,23.5,16.81,71.52,2.08,1.12,53.7,19.0,172.0,6.62,4.46,3.58,2.15,1.04,0.88,0.42,47.83,67.44,60.21,0.73,2.69,0.19,0.73,0.27,0.12,42.86,3.04,0.54,17.72,4.88,0.65,13.39,0.62,12.6
1227,Bundesliga (AT),26124,Tobias Kainz,T. Kainz,1992-10-31,79.29,17.33,26.29,30,30,0,753.0,25.1,17.23,68.66,2.03,0.27,3.12,1.02,459.0,15.3,11.13,72.77,1.37,0.63,46.34,11.77,79.0,2.63,1.73,1.37,0.9,0.57,0.37,0.2,54.55,65.82,65.85,0.93,0.8,0.23,0.2,0.2,0.1,50.0,2.0,0.07,3.33,3.5,0.6,17.14,0.53,15.24
1227,Bundesliga (AT),26146,Niklas Geyrhofer,N. Geyrhofer,2000-02-11,51.74,10.71,11.08,8,8,0,140.0,17.5,14.38,82.14,0.25,0.12,4.76,1.84,70.0,8.75,8.0,91.43,0.12,0.12,100.0,7.75,28.0,3.5,3.12,2.38,2.25,0.25,0.12,0.12,100.0,89.29,94.74,0.12,0.12,0.0,0.0,0.38,0.38,100.0,0.12,0.0,0.0,0.25,0.0,0.0,0.0,0.0
1227,Bundesliga (AT),27066,Matthäus Taferner,M. Taferner,2001-01-30,91.96,20.83,25.63,26,25,1,980.0,39.2,27.56,70.31,2.6,0.2,4.44,1.35,495.0,19.8,14.8,74.75,1.12,0.64,57.14,15.88,187.0,7.48,5.08,4.72,2.92,0.8,0.56,0.36,64.29,67.91,61.86,1.08,1.32,0.04,1.0,0.6,0.4,66.67,1.92,0.12,6.25,3.48,0.72,20.69,0.32,9.2
1227,Bundesliga (AT),27368,Tobias Borchgrevink Børkeeiet,T. Børkeeiet,1999-04-18,19.66,3.99,3.84,10,10,0,74.0,7.4,6.3,85.14,0.1,0.0,2.08,0.98,48.0,4.8,4.4,91.67,0.2,0.2,100.0,4.1,6.0,0.6,0.6,0.4,0.4,0.0,0.0,0.0,,100.0,100.0,0.0,0.2,0.0,0.0,0.0,0.0,,0.2,0.0,0.0,0.2,0.1,50.0,0.0,0.0
1227,Bundesliga (AT),27427,Kasper Poul Mølgaard Jørgensen,K. Jørgensen,1999-11-07,92.59,23.22,24.4,29,29,0,942.0,32.48,21.41,65.92,3.52,0.28,4.43,1.41,639.0,22.03,15.9,72.14,1.07,0.41,38.71,20.45,166.0,5.72,3.79,3.17,2.03,1.59,1.17,0.69,58.82,66.27,64.13,0.07,2.03,0.38,0.07,0.31,0.21,66.67,1.69,0.17,10.2,2.79,0.69,24.69,0.45,16.05
1227,Bundesliga (AT),27440,Tochi Phil Chukwuani,T. Chukwuani,2003-03-24,82.21,22.11,17.76,15,15,0,669.0,44.6,34.13,76.53,3.53,0.33,4.69,1.46,452.0,30.13,24.4,80.97,2.6,1.6,61.54,23.87,126.0,8.4,6.2,3.87,2.53,1.33,1.0,0.4,40.0,73.81,65.52,1.33,2.6,0.13,1.27,0.67,0.33,50.0,4.0,0.67,16.67,6.07,1.4,23.08,0.8,13.19
1227,Bundesliga (AT),27457,Simon Piesinger,S. Piesinger,1992-05-13,69.81,16.85,19.11,28,28,0,686.0,24.5,17.71,72.3,1.43,0.18,2.22,0.88,395.0,14.11,11.39,80.76,0.64,0.18,27.78,11.21,41.0,1.46,0.93,0.46,0.29,0.07,0.0,0.0,,63.41,61.54,0.39,0.46,0.0,0.11,0.11,0.07,66.67,1.32,0.21,16.22,1.96,0.68,34.55,0.11,5.45
1227,Bundesliga (AT),27748,Manprit Sarkaria,M. Sarkaria,1996-08-26,63.99,17.05,15.36,15,15,0,359.0,23.93,14.2,59.33,2.33,0.4,4.93,1.25,239.0,15.93,9.53,59.83,3.6,1.6,44.44,10.53,75.0,5.0,2.47,3.0,1.13,1.6,1.13,0.2,17.65,49.33,37.78,0.47,1.6,0.6,0.4,0.13,0.13,100.0,5.0,1.07,21.33,7.2,2.0,27.78,0.8,11.11
1227,Bundesliga (AT),27749,Johannes Handl,J. Handl,1998-05-07,40.64,9.72,11.02,17,16,1,284.0,17.75,14.5,81.69,0.56,0.12,3.66,1.4,187.0,11.69,10.06,86.1,0.19,0.06,33.33,10.75,36.0,2.25,1.94,1.31,1.25,0.06,0.06,0.06,100.0,86.11,95.24,0.06,0.12,0.0,0.0,0.06,0.0,0.0,0.25,0.0,0.0,0.44,0.0,0.0,0.0,0.0
1227,Bundesliga (AT),27754,Leonardo Lukačević,L. Lukačević,1999-01-21,37.89,10.14,9.02,6,6,0,100.0,16.67,9.33,56.0,0.5,0.17,5.1,1.48,67.0,11.17,6.83,61.19,1.17,0.33,28.57,9.17,24.0,4.0,2.83,2.0,1.33,0.83,0.5,0.33,66.67,70.83,66.67,0.0,1.17,0.33,0.0,0.67,0.33,50.0,1.33,0.0,0.0,1.83,0.5,27.27,0.0,0.0
1227,Bundesliga (AT),27759,Manfred Fischer,M. Fischer,1995-08-06,92.16,22.52,23.88,32,31,1,972.0,31.35,20.74,66.15,3.52,0.58,4.32,1.25,575.0,18.55,13.48,72.7,2.97,1.61,54.35,13.35,178.0,5.74,3.55,3.23,1.61,1.16,0.81,0.29,36.0,61.8,50.0,0.94,1.87,0.32,0.1,0.1,0.03,33.33,3.97,0.58,14.63,5.97,1.23,20.54,0.94,15.68
1227,Bundesliga (AT),27761,Anderson dos Santos Gomes,Anderson,1998-01-03,75.25,18.86,22.68,5,5,0,114.0,22.8,14.2,62.28,1.0,0.2,4.49,1.34,77.0,15.4,10.0,64.94,0.6,0.6,100.0,13.6,19.0,3.8,1.4,2.6,1.2,0.6,0.4,0.2,50.0,36.84,46.15,0.0,0.2,0.4,0.2,0.2,0.0,0.0,1.0,0.0,0.0,2.6,0.4,15.39,0.2,7.69
1227,Bundesliga (AT),27768,Ercan Kara,E. Kara,1996-01-03,50.03,12.84,10.69,29,29,0,222.0,7.66,3.31,43.24,1.69,0.21,5.29,1.32,121.0,4.17,1.72,41.32,1.45,0.48,33.33,1.79,43.0,1.48,0.83,0.79,0.28,0.55,0.45,0.17,38.46,55.81,34.78,0.28,0.41,0.55,0.1,0.0,0.0,,1.79,0.14,7.69,2.59,0.45,17.33,0.97,37.33
1227,Bundesliga (AT),27771,Yusuf Demir,Y. Demir,2003-06-02,28.47,9.05,4.92,7,7,0,84.0,12.0,8.71,72.62,1.29,0.14,6.28,1.88,69.0,9.86,7.29,73.91,1.57,0.86,54.54,6.57,22.0,3.14,2.71,2.0,1.57,0.57,0.29,0.29,100.0,86.36,78.57,0.43,1.14,0.14,0.0,0.0,0.0,,2.86,0.71,25.0,4.71,0.29,6.06,1.29,27.27
1227,Bundesliga (AT),28772,Paul Gartler,P. Gartler,1997-03-10,99.89,23.89,19.04,5,5,0,114.0,22.8,15.4,67.54,0.0,0.0,6.27,3.31,56.0,11.2,8.4,75.0,0.0,0.0,,11.4,34.0,6.8,4.6,3.2,2.4,0.0,0.0,0.0,,67.65,75.0,0.0,0.0,0.0,0.0,0.0,0.0,,0.2,0.0,0.0,0.4,0.0,0.0,0.0,0.0
1227,Bundesliga (AT),28775,Andrés Alberto Andrade Cedeño,A. Andrade,1998-10-16,98.43,24.63,25.95,28,28,0,1577.0,56.32,43.32,76.92,3.96,0.32,4.64,1.8,1073.0,38.32,31.36,81.83,0.71,0.36,50.0,35.75,289.0,10.32,7.14,6.71,4.86,1.75,0.89,0.61,68.0,69.2,72.34,0.11,1.79,0.04,0.43,0.71,0.25,35.0,1.14,0.14,12.5,1.61,0.57,35.56,0.18,11.11
1227,Bundesliga (AT),28783,David Gugganig,D. Gugganig,1997-02-10,72.27,17.57,18.88,16,15,1,543.0,36.2,26.67,73.67,1.2,0.0,2.57,1.26,361.0,24.07,19.67,81.72,0.13,0.07,50.0,22.13,36.0,2.4,2.0,1.4,1.27,0.2,0.0,0.0,,83.33,90.48,0.0,0.13,0.07,0.0,0.53,0.2,37.5,0.27,0.0,0.0,0.87,0.2,23.08,0.07,7.69
1227,Bundesliga (AT),28788,Julian Gölles,J. Gölles,1999-09-22,30.33,4.88,10.62,8,8,0,63.0,7.88,3.88,49.21,0.25,0.0,6.87,1.71,29.0,3.62,1.88,51.73,0.62,0.25,40.0,2.5,15.0,1.88,0.88,1.38,0.62,0.38,0.38,0.12,33.33,46.67,45.45,0.5,0.38,0.0,0.12,0.0,0.0,,0.62,0.12,20.0,1.38,0.25,18.18,0.12,9.09
1227,Bundesliga (AT),28797,Martin Rasner,M. Rasner,1995-05-18,35.1,7.26,7.74,27,26,1,261.0,10.04,6.92,68.97,0.35,0.0,2.82,0.91,135.0,5.19,4.23,81.48,0.73,0.46,63.16,3.62,28.0,1.08,0.77,0.35,0.19,0.23,0.08,0.04,50.0,71.43,55.56,0.31,0.35,0.04,0.04,0.04,0.04,100.0,1.12,0.08,6.9,1.65,0.35,20.93,0.15,9.3
1227,Bundesliga (AT),28809,Lukas Grgić,L. Grgić,1995-08-17,52.04,13.98,11.38,15,15,0,263.0,17.53,14.2,80.99,0.27,0.0,2.6,1.07,166.0,11.07,9.93,89.76,0.07,0.07,100.0,9.6,17.0,1.13,0.73,0.27,0.2,0.27,0.0,0.0,,64.71,75.0,0.13,0.33,0.0,0.0,0.13,0.07,50.0,0.33,0.07,20.0,0.93,0.2,21.43,0.0,0.0
1227,Bundesliga (AT),28840,Oliver Christensen,O. Christensen,1999-03-22,97.89,25.31,20.49,15,15,0,325.0,21.67,14.73,68.0,0.07,0.0,4.15,2.77,161.0,10.73,7.73,72.05,0.0,0.0,,10.2,50.0,3.33,2.13,1.47,1.07,0.0,0.0,0.0,,64.0,72.73,0.0,0.0,0.0,0.0,0.13,0.07,50.0,0.0,0.0,,0.27,0.0,0.0,0.0,0.0
1227,Bundesliga (AT),28875,William  Bøving Wick,W. Bøving,2003-03-01,73.06,20.7,15.56,2,2,0,46.0,23.0,13.0,56.52,4.5,1.0,7.3,1.91,26.0,13.0,7.0,53.85,3.0,1.5,50.0,9.0,16.0,8.0,6.5,4.5,3.5,1.0,0.5,0.5,100.0,81.25,77.78,0.5,2.0,0.5,2.0,0.5,0.5,100.0,4.0,1.5,37.5,7.0,0.5,7.14,1.0,14.28
1227,Bundesliga (AT),29892,Dominik Kirnbauer,D. Kirnbauer,2002-08-28,30.8,5.21,6.63,6,5,1,30.0,6.0,5.0,83.33,0.4,0.2,3.75,1.16,16.0,3.2,3.0,93.75,0.0,0.0,,2.6,4.0,0.8,0.6,0.4,0.2,0.4,0.2,0.0,0.0,75.0,50.0,0.0,0.0,0.0,0.0,0.0,0.0,,0.0,0.0,,0.2,0.0,0.0,0.0,0.0
1227,Bundesliga (AT),29893,Niklas Hedl,N. Hedl,2001-03-17,98.47,27.56,22.78,27,27,0,762.0,28.22,18.3,64.83,0.07,0.0,3.84,2.84,429.0,15.89,11.37,71.56,0.15,0.0,0.0,15.67,110.0,4.07,2.37,2.04,1.37,0.04,0.0,0.0,,58.18,67.27,0.0,0.0,0.0,0.0,0.04,0.04,100.0,0.3,0.11,37.5,0.48,0.0,0.0,0.0,0.0
1227,Bundesliga (AT),29902,Fabian Wohlmuth,F. Wohlmuth,2002-06-25,71.49,18.39,18.68,26,26,0,824.0,31.69,22.92,72.33,2.12,0.12,4.48,1.51,578.0,22.23,16.54,74.39,1.35,0.58,42.86,20.15,146.0,5.62,3.88,3.5,2.23,0.92,0.65,0.27,41.18,69.18,63.74,0.08,1.81,0.15,0.31,0.38,0.27,70.0,1.96,0.31,15.69,3.04,0.69,22.78,0.27,8.86
1227,Bundesliga (AT),30038,Saliou Sané,S. Sané,1992-07-19,27.37,5.8,5.33,8,8,0,29.0,3.62,1.62,44.83,0.5,0.0,2.92,0.89,18.0,2.25,1.38,61.11,0.88,0.5,57.14,1.12,3.0,0.38,0.12,0.0,0.0,0.0,0.0,0.0,,33.33,,0.38,0.12,0.0,0.0,0.0,0.0,,0.88,0.12,14.29,1.0,0.0,0.0,0.25,25.0
1227,Bundesliga (AT),30308,Kelvin Owusu Boateng,K. Boateng,2000-03-24,33.43,7.33,8.13,20,19,1,134.0,7.05,2.58,36.57,1.42,0.21,7.17,1.72,68.0,3.58,1.16,32.35,1.53,0.32,20.69,1.32,41.0,2.16,0.89,1.63,0.53,0.63,0.58,0.21,36.36,41.46,32.26,0.37,0.53,0.68,0.32,0.0,0.0,,1.63,0.21,12.9,2.37,0.58,24.44,0.53,22.22
1227,Bundesliga (AT),30589,Isak Dahlqvist,I. Dahlqvist,2001-09-25,68.98,17.68,14.49,11,11,0,304.0,27.64,17.09,61.84,2.91,0.18,6.17,1.62,181.0,16.45,11.09,67.4,1.64,0.64,38.89,14.36,74.0,6.73,3.82,4.09,2.18,1.91,1.55,0.64,41.18,56.76,53.33,0.09,1.91,0.18,1.27,0.55,0.27,50.0,2.09,0.18,8.7,3.55,0.91,25.64,0.36,10.26
1227,Bundesliga (AT),31079,Bendegúz Bolla,B. Bolla,1999-11-22,92.45,25.82,21.17,28,28,0,1354.0,48.36,35.79,74.0,3.75,0.29,4.76,1.49,1034.0,36.93,28.39,76.89,2.36,0.89,37.88,32.86,261.0,9.32,6.57,4.82,3.04,2.04,1.32,0.61,45.95,70.5,62.96,0.29,2.39,0.5,0.79,0.46,0.25,53.85,3.54,0.39,11.11,4.82,0.86,17.78,0.64,13.33
1227,Bundesliga (AT),31931,Mamadou Fofana,M. Fofana,1998-01-21,44.77,10.38,10.88,23,23,0,404.0,17.57,10.96,62.38,2.0,0.13,4.55,1.38,223.0,9.7,6.61,68.16,1.3,0.57,43.33,6.65,75.0,3.26,1.83,2.13,1.04,1.09,0.83,0.43,52.63,56.0,48.98,0.22,1.52,0.13,0.3,0.26,0.04,16.67,1.7,0.13,7.69,2.87,0.65,22.73,0.26,9.09
1227,Bundesliga (AT),32498,Nico Maier,N. Maier,2000-07-02,72.7,18.03,18.0,21,21,0,590.0,28.1,18.0,64.07,3.81,0.48,5.07,1.5,341.0,16.24,10.95,67.45,2.71,1.62,59.65,11.57,134.0,6.38,3.9,3.33,1.95,1.05,0.71,0.33,46.67,61.19,58.57,0.9,1.76,0.29,0.9,0.33,0.14,42.86,3.9,0.9,23.17,6.33,1.14,18.04,0.81,12.78
1227,Bundesliga (AT),32501,Lukas Sulzbacher,L. Sulzbacher,2000-04-06,71.55,14.89,17.29,12,11,1,234.0,21.27,13.36,62.82,1.82,0.18,4.06,1.31,130.0,11.82,8.36,70.77,0.82,0.27,33.33,10.09,42.0,3.82,2.36,1.91,1.09,1.09,0.55,0.18,33.33,61.91,57.14,0.09,0.55,0.0,0.18,0.27,0.18,66.67,1.0,0.09,9.09,1.91,0.64,33.33,0.36,19.05
1227,Bundesliga (AT),32536,Andrija Radulović,A. Radulović,2002-07-03,50.08,13.42,12.94,10,10,0,147.0,14.7,7.8,53.06,2.3,0.2,6.19,1.81,98.0,9.8,6.2,63.26,1.9,0.9,47.37,7.7,42.0,4.2,2.7,2.8,1.4,1.2,0.9,0.3,33.33,64.29,50.0,0.6,0.8,0.2,0.3,0.4,0.1,25.0,2.2,0.2,9.09,3.1,0.5,16.13,0.4,12.9
1227,Bundesliga (AT),32587,Cheick Oumar Condé,C. Condé,2000-07-26,46.09,10.42,9.51,5,5,0,69.0,13.8,8.0,57.97,0.6,0.0,3.29,1.08,34.0,6.8,4.6,67.65,0.2,0.2,100.0,5.0,10.0,2.0,1.2,0.2,0.0,0.0,0.0,0.0,,60.0,0.0,0.0,0.2,0.0,0.0,0.2,0.2,100.0,0.2,0.0,0.0,0.6,0.2,33.33,0.0,0.0
1227,Bundesliga (AT),32602,Kryštof Daněk,K. Daněk,2003-01-05,63.86,16.5,16.58,21,21,0,474.0,22.57,14.62,64.77,3.05,0.24,6.23,1.55,316.0,15.05,10.43,69.3,2.14,1.19,55.55,11.62,130.0,6.19,3.57,3.71,1.95,1.76,1.48,0.67,45.16,57.69,52.56,1.14,2.0,0.24,0.62,0.52,0.1,18.18,3.05,0.52,17.19,4.57,0.86,18.75,0.81,17.71
1227,Bundesliga (AT),32643,Jonas Auer,J. Auer,2000-08-05,34.15,7.69,7.39,5,5,0,68.0,13.6,8.2,60.3,0.6,0.0,2.93,1.06,37.0,7.4,5.0,67.57,0.0,0.0,,7.4,9.0,1.8,1.2,1.0,0.8,0.4,0.0,0.0,,66.67,80.0,0.0,0.6,0.0,0.0,0.2,0.2,100.0,0.0,0.0,,0.0,0.0,,0.0,
1227,Bundesliga (AT),32705,Johannes Naschberger,J. Naschberger,2000-01-25,71.38,15.47,20.11,30,29,1,664.0,22.9,14.55,63.55,2.0,0.17,5.7,1.63,386.0,13.31,9.1,68.39,1.31,0.62,47.37,11.72,160.0,5.52,2.97,3.34,1.72,1.28,0.79,0.38,47.83,53.75,51.55,0.59,0.66,0.21,0.55,0.34,0.1,30.0,1.76,0.28,15.69,3.0,0.72,24.14,0.31,10.35
1227,Bundesliga (AT),32707,Tobias Anselm,T. Anselm,2000-02-24,42.08,10.65,11.94,19,19,0,175.0,9.21,4.68,50.86,2.11,0.11,5.78,1.47,102.0,5.37,2.95,54.9,1.11,0.53,47.62,2.95,36.0,1.89,0.79,1.21,0.37,0.84,0.63,0.11,16.67,41.67,30.44,0.79,0.53,0.68,0.21,0.0,0.0,,1.47,0.26,17.86,2.74,0.42,15.38,0.68,25.0
1227,Bundesliga (AT),32712,Manuel Maranda,M. Maranda,1997-07-09,97.82,23.92,24.43,30,30,0,1487.0,49.57,38.43,77.54,1.2,0.07,3.72,1.53,822.0,27.4,24.1,87.96,0.13,0.03,25.0,25.6,206.0,6.87,5.93,2.97,2.6,0.8,0.03,0.0,0.0,86.41,87.64,0.03,0.1,0.0,0.0,0.03,0.03,100.0,0.27,0.03,12.5,0.83,0.2,24.0,0.2,24.0
1227,Bundesliga (AT),32714,Murat Şatin,M. Şatin,1996-08-30,59.65,13.64,14.67,28,27,1,666.0,24.67,15.96,64.71,2.59,0.3,4.46,1.28,429.0,15.89,10.74,67.6,1.74,0.7,40.42,11.85,117.0,4.33,2.74,1.74,0.96,0.93,0.44,0.22,50.0,63.25,55.32,0.7,2.11,0.19,0.22,0.26,0.11,42.86,2.63,0.3,11.27,4.67,0.93,19.84,0.63,13.49
1227,Bundesliga (AT),32724,Lukas Gütlbauer,L. Gütlbauer,2000-12-06,95.65,24.8,27.65,3,3,0,90.0,30.0,15.33,51.11,0.0,0.0,4.09,3.27,47.0,15.67,8.33,53.19,0.33,0.0,0.0,15.67,12.0,4.0,2.33,1.67,1.33,0.0,0.0,0.0,,58.33,80.0,0.0,0.0,0.0,0.0,0.0,0.0,,0.33,0.0,0.0,0.33,0.0,0.0,0.0,0.0
1227,Bundesliga (AT),32729,Jusuf Gazibegović,J. Gazibegović,2000-03-11,70.78,16.41,16.12,11,11,0,286.0,26.0,16.55,63.64,2.09,0.09,4.18,1.38,192.0,17.45,11.36,65.11,1.73,0.36,21.05,14.27,48.0,4.36,2.82,2.64,1.64,0.73,0.45,0.09,20.0,64.58,62.07,0.0,2.18,0.45,0.0,0.27,0.18,66.67,2.18,0.36,16.67,3.36,0.82,24.32,0.36,10.81
1227,Bundesliga (AT),32730,Daniel Maderner,D. Maderner,1995-10-12,61.14,13.19,15.09,25,25,0,276.0,11.04,4.32,39.13,1.96,0.4,5.94,1.36,160.0,6.4,2.72,42.5,1.48,0.6,40.54,4.0,69.0,2.76,1.04,2.0,0.72,1.24,1.04,0.32,30.77,37.68,36.0,0.44,0.96,0.36,0.24,0.04,0.04,100.0,1.92,0.2,10.42,3.72,1.16,31.18,1.0,26.88
1227,Bundesliga (AT),32731,David Bumberger,D. Bumberger,1999-02-05,45.82,10.85,10.84,16,16,0,295.0,18.44,10.44,56.61,2.62,0.31,5.0,1.46,187.0,11.69,7.0,59.89,1.31,0.56,42.86,9.69,63.0,3.94,1.88,2.62,1.0,1.12,1.0,0.38,37.5,47.62,38.09,0.25,1.56,0.31,0.38,0.31,0.19,60.0,1.69,0.0,0.0,3.25,0.75,23.08,0.62,19.23
1227,Bundesliga (AT),32739,Paul Komposch,P. Komposch,2001-05-13,48.09,11.69,14.83,2,2,0,46.0,23.0,20.0,86.96,1.0,0.0,4.5,1.58,25.0,12.5,11.0,88.0,0.5,0.5,100.0,13.0,5.0,2.5,2.0,2.0,1.5,1.0,1.0,0.5,50.0,80.0,75.0,0.0,0.0,0.0,0.0,0.0,0.0,,0.5,0.0,0.0,1.0,0.5,50.0,0.0,0.0
1227,Bundesliga (AT),32742,Ammar Helac,A. Helac,1998-06-13,73.36,18.13,19.5,3,3,0,55.0,18.33,11.67,63.63,0.0,0.0,4.04,2.92,38.0,12.67,8.67,68.42,0.0,0.0,,11.33,13.0,4.33,2.67,1.67,1.33,0.0,0.0,0.0,,61.54,80.0,0.0,0.0,0.0,0.0,0.33,0.0,0.0,0.0,0.0,,0.0,0.0,,0.0,
1227,Bundesliga (AT),32755,Ismaila Cheick Coulibaly,I. Coulibaly,2000-12-25,58.89,15.48,14.89,18,18,0,494.0,27.44,23.56,85.83,2.0,0.11,2.65,1.12,309.0,17.17,15.39,89.64,0.22,0.0,0.0,14.78,34.0,1.89,1.67,0.56,0.5,0.33,0.06,0.06,100.0,88.24,90.0,0.28,0.56,0.11,0.17,0.06,0.0,0.0,0.67,0.06,8.33,1.17,0.22,19.05,0.17,14.28
1227,Bundesliga (AT),32779,Serge-Philippe Raux-Yao,S. Raux-Yao,1999-05-30,96.05,26.49,22.11,30,30,0,1711.0,57.03,50.4,88.37,1.1,0.03,3.87,1.61,1214.0,40.47,37.6,92.92,0.27,0.13,50.0,38.8,252.0,8.4,7.47,4.43,3.97,1.17,0.23,0.23,100.0,88.89,89.47,0.23,0.07,0.0,0.23,0.63,0.47,73.68,0.37,0.0,0.0,0.73,0.33,45.45,0.03,4.55
1227,Bundesliga (AT),33769,Max Johnston,M. Johnston,2003-12-26,94.95,25.57,19.78,2,2,0,76.0,38.0,25.5,67.1,2.5,0.5,3.03,0.98,50.0,25.0,17.0,68.0,0.5,0.5,100.0,22.5,4.0,2.0,0.5,1.0,0.0,0.5,0.5,0.0,0.0,25.0,0.0,0.5,0.5,0.5,0.5,0.5,0.5,100.0,1.5,0.0,0.0,4.5,2.5,55.56,0.0,0.0
1227,Bundesliga (AT),34193,Paul-Friedrich Koller,P. Koller,2002-02-22,93.8,23.54,20.86,31,30,1,1279.0,42.63,34.07,79.91,1.83,0.1,4.6,1.58,783.0,26.1,22.83,87.48,0.33,0.1,30.0,24.47,222.0,7.4,6.3,3.37,2.83,0.7,0.13,0.13,100.0,85.13,84.16,0.1,0.2,0.03,0.07,0.27,0.13,50.0,0.47,0.0,0.0,0.8,0.13,16.67,0.1,12.5
1227,Bundesliga (AT),34194,Luca Kronberger,L. Kronberger,2002-02-15,15.26,2.87,2.96,1,1,0,4.0,4.0,4.0,100.0,0.0,0.0,3.56,1.15,4.0,4.0,4.0,100.0,0.0,0.0,,3.0,0.0,0.0,0.0,0.0,0.0,0.0,0.0,0.0,,,,0.0,1.0,0.0,0.0,0.0,0.0,,0.0,0.0,,0.0,0.0,,0.0,
1227,Bundesliga (AT),34416,Mathias Olesen,M. Olesen,2001-03-21,90.03,21.95,21.56,15,14,1,504.0,36.0,27.57,76.59,2.5,0.36,3.83,1.29,306.0,21.86,18.29,83.66,0.79,0.36,45.45,17.14,80.0,5.71,4.86,2.43,1.93,0.64,0.29,0.07,25.0,85.0,79.41,0.57,1.57,0.07,0.0,0.14,0.07,50.0,1.71,0.43,25.0,3.07,0.43,13.95,0.43,13.95
1227,Bundesliga (AT),34638,Ante Bajić,A. Bajić,1995-08-22,92.04,21.08,20.51,31,30,1,864.0,28.8,15.0,52.08,3.77,0.43,5.85,1.59,527.0,17.57,9.97,56.74,2.87,1.3,45.35,13.77,216.0,7.2,3.33,4.3,1.73,1.73,1.3,0.3,23.08,46.3,40.31,0.37,1.83,0.67,0.87,0.43,0.13,30.77,3.87,0.5,12.93,6.3,1.37,21.69,0.8,12.7
1227,Bundesliga (AT),35158,Yorbe Vertessen,Y. Vertessen,2001-01-08,58.84,18.14,13.01,27,26,1,499.0,19.19,10.31,53.71,4.12,0.54,6.03,1.47,342.0,13.15,7.23,54.97,3.08,1.19,38.75,8.31,133.0,5.12,2.5,3.23,1.31,1.65,1.35,0.46,34.29,48.87,40.48,0.88,2.0,0.62,1.19,0.27,0.12,42.86,4.15,0.31,7.41,6.27,1.31,20.86,1.54,24.54
1227,Bundesliga (AT),36008,Muharem Husković,M. Husković,2003-03-05,13.39,3.73,2.83,11,11,0,39.0,3.55,1.73,48.72,0.55,0.09,2.89,0.99,24.0,2.18,1.09,50.0,0.55,0.18,33.33,1.0,4.0,0.36,0.27,0.0,0.0,0.0,0.0,0.0,,75.0,,0.09,0.36,0.09,0.0,0.0,0.0,,1.0,0.18,18.18,1.27,0.0,0.0,0.27,21.43
1227,Bundesliga (AT),36017,Benjamin Böckle,B. Böckle,2002-06-17,93.93,20.99,25.43,29,29,0,1085.0,37.41,21.07,56.31,2.69,0.17,4.81,1.39,707.0,24.38,14.48,59.41,2.45,1.03,42.25,21.48,224.0,7.72,4.17,4.21,2.17,1.62,1.03,0.38,36.67,54.02,51.64,0.14,1.66,0.17,0.38,1.1,0.52,46.88,3.86,0.45,11.61,5.38,1.31,24.36,0.55,10.26
1227,Bundesliga (AT),36019,Maurits Kjærgaard,M. Kjærgaard,2003-06-26,71.26,22.84,15.2,20,19,1,739.0,38.89,29.58,76.05,4.11,0.53,5.21,1.51,549.0,28.89,22.63,78.32,1.89,0.63,33.33,24.11,154.0,8.11,6.47,3.74,2.68,1.74,1.05,0.47,45.0,79.87,71.83,1.79,3.21,0.53,0.47,0.74,0.37,50.0,2.79,0.37,13.21,4.11,0.79,19.23,0.63,15.38
1227,Bundesliga (AT),36020,Daniel Antosch,D. Antosch,2000-03-07,49.05,15.96,9.42,1,1,0,12.0,12.0,4.0,33.33,0.0,0.0,4.29,2.75,6.0,6.0,2.0,33.33,0.0,0.0,,6.0,1.0,1.0,1.0,1.0,1.0,0.0,0.0,0.0,,100.0,100.0,0.0,0.0,0.0,0.0,0.0,0.0,,0.0,0.0,,0.0,0.0,,0.0,
1227,Bundesliga (AT),36023,Adam Stejskal,A. Stejskal,2002-03-28,97.93,21.84,26.83,31,30,1,703.0,23.43,15.07,64.3,0.07,0.0,5.09,3.14,413.0,13.77,9.43,68.52,0.3,0.13,44.44,13.1,153.0,5.1,3.33,2.33,1.57,0.0,0.0,0.0,,65.36,67.14,0.0,0.0,0.0,0.0,0.27,0.17,62.5,0.53,0.1,18.75,0.7,0.23,33.33,0.0,0.0
1227,Bundesliga (AT),36024,Thomas Schiestl,T. Schiestl,2002-08-31,67.43,13.64,17.15,9,9,0,221.0,24.56,15.22,61.99,1.67,0.0,6.06,1.61,143.0,15.89,10.56,66.43,2.0,1.11,55.56,14.67,56.0,6.22,3.78,3.78,2.22,1.89,1.56,0.67,42.86,60.71,58.82,0.22,2.0,0.22,0.33,0.22,0.0,0.0,2.44,0.11,4.55,4.0,0.89,22.22,0.22,5.56
1227,Bundesliga (AT),36025,Mamadou  Sangaré,M. Sangaré,2002-06-26,99.03,25.28,25.9,3,3,0,147.0,49.0,36.67,74.83,6.0,0.0,5.03,1.52,81.0,27.0,21.0,77.78,2.33,1.0,42.86,19.33,25.0,8.33,7.0,3.67,2.67,2.0,1.33,1.0,75.0,84.0,72.73,1.33,2.0,0.0,1.0,0.67,0.33,50.0,3.67,0.67,18.18,6.0,0.33,5.56,0.33,5.56
1227,Bundesliga (AT),36031,Ronivaldo Bernardo Sales,Ronivaldo,1989-03-24,58.18,14.63,14.0,29,29,0,418.0,14.41,7.66,53.11,3.14,0.34,2.89,0.85,252.0,8.69,5.03,57.94,2.24,0.97,43.08,4.62,40.0,1.38,0.72,0.62,0.38,0.28,0.17,0.14,80.0,52.5,61.11,0.48,1.79,0.55,0.21,0.0,0.0,,2.79,0.31,11.11,4.28,0.24,5.65,1.0,23.39
1227,Bundesliga (AT),36038,Alexander Eckmayr,A. Eckmayr,1999-07-06,97.72,19.87,23.51,1,1,0,29.0,29.0,23.0,79.31,0.0,0.0,4.32,3.39,15.0,15.0,12.0,80.0,0.0,0.0,,14.0,4.0,4.0,4.0,2.0,2.0,0.0,0.0,0.0,,100.0,100.0,0.0,0.0,0.0,0.0,0.0,0.0,,0.0,0.0,,0.0,0.0,,0.0,
1227,Bundesliga (AT),36057,Simon Pirkl,S. Pirkl,1997-04-03,79.72,19.27,20.84,28,28,0,818.0,29.21,17.5,59.9,2.57,0.5,4.06,1.27,540.0,19.29,12.21,63.33,1.57,0.96,61.36,17.29,133.0,4.75,2.79,2.43,1.36,1.04,0.5,0.32,64.29,58.65,55.88,0.11,1.39,0.25,0.11,0.36,0.18,50.0,2.21,0.21,9.68,3.54,0.82,23.23,0.25,7.07
1227,Bundesliga (AT),36548,George Bello,G. Bello,2002-01-22,86.55,21.05,23.45,25,25,0,780.0,31.2,21.24,68.08,3.16,0.32,5.93,1.72,566.0,22.64,16.36,72.26,1.72,0.56,32.56,20.36,194.0,7.76,3.92,5.56,2.68,2.16,1.92,0.8,41.67,50.52,48.2,0.04,2.48,0.48,0.56,0.92,0.44,47.83,2.36,0.24,10.17,3.92,1.08,27.55,0.4,10.2
1227,Bundesliga (AT),39576,Nico Mantl,N. Mantl,2000-02-06,98.99,23.76,23.09,15,15,0,366.0,24.4,14.8,60.65,0.0,0.0,4.8,3.06,198.0,13.2,8.93,67.68,0.07,0.0,0.0,11.8,70.0,4.67,2.6,2.87,1.67,0.07,0.0,0.0,,55.71,58.14,0.0,0.0,0.0,0.0,0.0,0.0,,0.13,0.0,0.0,0.2,0.13,66.67,0.0,0.0
1227,Bundesliga (AT),40020,Mads Bidstrup,M. Bidstrup,2001-02-25,87.6,28.36,18.08,25,24,1,1251.0,52.12,41.96,80.49,3.5,0.21,4.12,1.29,802.0,33.42,29.12,87.16,1.71,0.92,53.66,27.25,201.0,8.38,6.92,3.33,2.62,1.96,0.75,0.38,50.0,82.59,78.75,1.29,2.54,0.17,0.29,0.21,0.12,60.0,3.0,0.5,16.67,5.0,0.92,18.33,0.42,8.33
1227,Bundesliga (AT),40207,Christoph Lang,C. Lang,2002-01-07,33.3,8.01,9.15,24,24,0,285.0,11.88,7.25,61.05,1.38,0.25,7.74,1.97,198.0,8.25,5.17,62.63,1.04,0.33,32.0,6.17,90.0,3.75,2.29,2.5,1.25,1.04,0.96,0.46,47.83,61.11,50.0,0.38,1.71,0.38,0.54,0.5,0.33,66.67,1.58,0.33,21.05,2.67,0.54,20.31,0.62,23.44
1227,Bundesliga (AT),42623,Lukas Kaĉavenda,L. Kaĉavenda,2003-03-02,30.39,7.85,7.43,11,11,0,103.0,9.36,6.18,66.02,1.45,0.09,6.61,1.7,70.0,6.36,4.27,67.14,0.91,0.27,30.0,4.55,27.0,2.45,1.55,1.36,0.82,0.64,0.64,0.36,57.14,62.96,60.0,0.36,0.73,0.09,0.18,0.27,0.0,0.0,1.09,0.18,16.67,2.36,0.36,15.39,0.55,23.08
1227,Bundesliga (AT),42884,Daniil Khudyakov,D. Khudyakov,2004-01-09,99.2,24.38,21.27,8,8,0,158.0,19.75,11.88,60.13,0.12,0.0,4.01,3.06,78.0,9.75,6.75,69.23,0.12,0.12,100.0,8.88,28.0,3.5,1.88,2.5,1.38,0.0,0.0,0.0,,53.57,55.0,0.0,0.0,0.0,0.0,0.12,0.12,100.0,0.12,0.0,0.0,0.25,0.12,50.0,0.0,0.0
1227,Bundesliga (AT),46581,Blendi Idrizi,B. Idrizi,1998-05-02,15.23,3.66,5.0,2,2,0,17.0,8.5,6.0,70.59,0.5,0.0,4.64,1.58,12.0,6.0,4.5,75.0,0.5,0.0,0.0,5.0,3.0,1.5,0.5,1.5,0.5,0.0,0.0,0.0,,33.33,33.33,0.0,0.0,0.0,0.0,1.0,0.5,50.0,1.0,0.0,0.0,1.5,0.0,0.0,0.0,0.0
1227,Bundesliga (AT),47127,Gabriel Haider,G. Haider,2002-06-18,19.3,4.33,3.97,2,2,0,21.0,10.5,8.0,76.19,0.0,0.0,2.36,0.89,14.0,7.0,6.5,92.86,0.5,0.5,100.0,6.5,1.0,0.5,0.0,0.0,0.0,0.0,0.0,0.0,,0.0,,0.0,0.0,0.0,0.0,0.0,0.0,,1.5,0.0,0.0,1.5,1.0,66.67,0.0,0.0
1227,Bundesliga (AT),47536,Julius Eskelund Beck,J. Beck,2005-04-27,26.61,6.49,4.38,3,3,0,40.0,13.33,10.33,77.5,2.33,0.0,4.21,1.34,25.0,8.33,7.33,88.0,1.67,1.67,100.0,4.33,5.0,1.67,1.33,0.33,0.33,0.33,0.0,0.0,,80.0,100.0,0.33,1.0,0.0,0.0,0.33,0.33,100.0,3.33,0.33,10.0,4.0,0.0,0.0,0.0,0.0
1227,Bundesliga (AT),48417,Angelo Gattermayer,A. Gattermayer,2002-06-06,67.65,16.88,18.28,29,29,0,484.0,16.69,7.86,47.11,2.1,0.24,8.62,2.07,312.0,10.76,5.34,49.68,2.07,0.69,33.33,6.66,185.0,6.38,2.86,4.07,1.59,1.76,1.45,0.52,35.71,44.86,38.98,0.45,1.59,0.52,0.83,0.24,0.0,0.0,2.79,0.38,13.58,4.83,1.41,29.29,1.0,20.71
1227,Bundesliga (AT),49418,Dejan Zukić,D. Zukić,2001-05-07,85.34,22.33,22.2,32,32,0,1134.0,35.44,24.78,69.93,4.53,0.66,5.74,1.57,802.0,25.06,17.56,70.07,3.34,1.88,56.07,19.88,304.0,9.5,6.5,5.62,3.53,2.09,1.69,0.81,48.15,68.42,62.78,0.91,4.66,0.41,0.5,0.81,0.47,57.69,4.44,0.81,18.31,7.84,1.47,18.72,1.72,21.91
1227,Bundesliga (AT),54527,Seedy Jatta,S. Jatta,2003-03-18,62.54,15.16,13.39,31,31,0,390.0,12.58,4.9,38.97,2.19,0.23,8.41,2.06,244.0,7.87,3.32,42.21,2.9,1.0,34.44,3.19,140.0,4.52,1.74,3.19,1.06,1.45,1.19,0.29,24.32,38.57,33.33,1.13,0.94,0.55,1.0,0.06,0.06,100.0,3.52,0.23,6.42,5.35,1.42,26.51,0.94,17.47
1227,Bundesliga (AT),54596,Martin Kreuzriegler,M. Kreuzriegler,1994-01-10,58.44,12.68,13.99,20,19,1,436.0,22.95,16.47,71.79,0.95,0.05,3.82,1.37,228.0,12.0,10.0,83.33,0.37,0.05,14.29,10.42,62.0,3.26,2.21,1.63,1.05,0.63,0.16,0.05,33.33,67.74,64.52,0.0,0.11,0.05,0.11,0.16,0.05,33.33,0.58,0.05,9.09,0.84,0.42,50.0,0.05,6.25
1227,Bundesliga (AT),58582,Tomi Horvat,T. Horvat,1999-03-24,93.14,24.55,19.31,16,16,0,716.0,44.75,29.5,65.92,6.0,0.62,6.68,1.71,494.0,30.88,20.56,66.6,4.0,1.62,40.63,24.5,214.0,13.38,8.75,8.56,5.31,3.0,2.5,1.56,62.5,65.42,62.04,2.38,4.56,0.81,2.38,1.44,0.69,47.83,6.0,0.81,13.54,8.56,1.56,18.25,1.75,20.44
1227,Bundesliga (AT),58596,Tio Cipot,T. Cipot,2003-04-20,54.74,12.05,14.19,15,15,0,208.0,13.87,6.33,45.67,1.8,0.13,8.14,2.06,140.0,9.33,4.27,45.71,1.87,0.6,32.14,5.6,77.0,5.13,2.53,2.93,1.47,1.07,0.73,0.33,45.45,49.35,50.0,0.4,1.27,0.33,0.6,0.67,0.33,50.0,2.2,0.2,9.09,4.33,0.73,16.92,0.6,13.85
1227,Bundesliga (AT),58947,Samuel Oluwabukunmi Adeniran,S. Adeniran,1998-09-30,71.03,18.15,18.7,27,27,0,399.0,14.78,6.33,42.86,4.07,0.52,7.86,1.81,244.0,9.04,3.59,39.75,2.56,0.78,30.43,4.85,137.0,5.07,1.78,3.7,0.96,2.15,1.81,0.44,24.49,35.04,26.0,0.89,1.22,1.15,1.04,0.11,0.04,33.33,3.11,0.19,5.95,4.85,1.74,35.88,1.78,36.64
1227,Bundesliga (AT),60084,Tin Plavotić,T. Plavotić,1997-06-30,77.81,18.67,19.48,25,24,1,815.0,33.96,27.75,81.72,1.33,0.21,3.6,1.41,499.0,20.79,18.54,89.18,0.42,0.17,40.0,19.75,107.0,4.46,3.96,2.58,2.38,0.54,0.17,0.12,75.0,88.79,91.94,0.0,0.21,0.0,0.0,0.12,0.08,66.67,0.5,0.04,8.33,0.54,0.12,23.08,0.04,7.69
1227,Bundesliga (AT),60087,Philipp Pomer,P. Pomer,1997-08-12,85.63,20.07,18.72,32,31,1,939.0,30.29,20.42,67.41,2.23,0.29,3.72,1.23,556.0,17.94,13.16,73.38,1.1,0.58,52.94,14.9,137.0,4.42,2.94,2.55,1.65,0.52,0.26,0.16,62.5,66.42,64.56,0.39,1.1,0.13,0.32,0.32,0.23,70.0,1.94,0.19,10.0,3.13,0.74,23.71,0.35,11.34
1227,Bundesliga (AT),60088,Patrick Greil,P. Greil,1996-09-08,81.07,21.21,19.09,29,28,1,862.0,30.79,21.04,68.33,3.21,0.36,3.87,1.2,570.0,20.36,14.82,72.81,3.07,1.64,53.49,13.61,137.0,4.89,3.07,2.68,1.39,1.14,0.82,0.43,52.17,62.77,52.0,0.57,2.43,0.36,0.5,0.11,0.07,66.67,4.39,0.61,13.82,7.43,1.21,16.35,1.21,16.35
1227,Bundesliga (AT),60093,Christopher Cvetko,C. Cvetko,1997-04-02,49.66,11.62,13.48,23,23,0,368.0,16.0,10.91,68.21,1.39,0.22,2.29,0.83,199.0,8.65,6.78,78.39,0.26,0.13,50.0,6.83,28.0,1.22,0.91,0.48,0.35,0.17,0.09,0.09,100.0,75.0,72.73,0.39,0.3,0.0,0.0,0.0,0.0,,0.7,0.09,12.5,1.3,0.26,20.0,0.13,10.0
1227,Bundesliga (AT),60097,Nicolas Wimmer,N. Wimmer,1995-03-15,94.7,24.38,24.64,32,32,0,1549.0,48.41,36.16,74.69,1.31,0.03,4.32,1.51,1010.0,31.56,25.28,80.1,0.53,0.12,23.53,29.19,253.0,7.91,6.03,4.19,3.31,1.06,0.62,0.5,80.0,76.28,79.1,0.09,0.81,0.06,0.09,0.69,0.41,59.09,0.84,0.06,7.41,1.59,0.31,19.61,0.12,7.84
1227,Bundesliga (AT),60105,Leon Klassen,L. Klassen,2000-05-29,96.51,23.91,22.63,15,14,1,552.0,39.43,26.86,68.12,3.5,0.5,4.67,1.45,372.0,26.57,19.71,74.19,2.57,1.5,58.33,23.36,109.0,7.79,5.71,3.79,2.86,1.64,1.14,0.64,56.25,73.4,75.47,0.29,2.64,0.21,0.21,0.79,0.5,63.64,3.21,0.57,17.78,4.86,0.57,11.77,0.5,10.3
1227,Bundesliga (AT),60110,Suliman Marlon Mustapha,M. Mustapha,2001-05-24,66.39,17.59,15.56,21,20,1,272.0,13.6,7.65,56.25,2.0,0.2,5.32,1.32,186.0,9.3,5.25,56.45,2.85,1.35,47.37,4.9,63.0,3.15,1.85,2.2,1.1,1.0,0.75,0.4,53.33,58.73,50.0,1.05,1.35,0.55,0.6,0.1,0.05,50.0,3.55,0.2,5.63,5.75,1.1,19.13,1.3,22.61
1227,Bundesliga (AT),60767,Damir Redzic,D. Redzic,2003-03-23,42.88,13.55,8.21,9,9,0,161.0,17.89,10.22,57.14,1.89,0.11,6.89,1.86,121.0,13.44,7.89,58.68,1.67,0.67,40.0,10.67,54.0,6.0,2.67,4.11,2.0,1.22,1.0,0.56,55.56,44.44,48.65,0.11,1.11,0.56,1.67,0.89,0.56,62.5,2.44,0.11,4.55,3.78,1.11,29.41,0.67,17.65
1227,Bundesliga (AT),62322,Mamady Diambou,M. Diambou,2002-11-11,55.07,16.99,13.69,9,9,0,276.0,30.67,28.0,91.3,1.22,0.22,3.76,1.32,205.0,22.78,21.33,93.66,0.56,0.44,80.0,20.22,39.0,4.33,3.78,2.67,2.22,0.33,0.33,0.11,33.33,87.18,83.33,1.0,0.22,0.0,0.33,0.22,0.22,100.0,1.11,0.22,20.0,1.89,0.56,29.41,0.33,17.65
1227,Bundesliga (AT),63330,Moritz Wels,M. Wels,2004-09-25,86.41,19.4,23.41,30,29,1,613.0,21.14,11.03,52.2,3.03,0.31,6.6,1.59,380.0,13.1,7.34,56.05,2.79,1.38,49.38,8.48,173.0,5.97,2.83,3.9,1.59,2.21,1.66,0.59,35.42,47.4,40.71,1.45,2.17,0.9,0.83,0.34,0.21,60.0,3.69,0.45,12.15,6.62,1.48,22.4,0.97,14.58
1227,Bundesliga (AT),64206,Nikolas Polster,N. Polster,2002-07-07,98.01,25.45,25.34,30,30,0,1064.0,35.47,24.37,68.7,0.17,0.03,4.05,2.74,630.0,21.0,15.63,74.44,0.3,0.17,55.56,20.63,150.0,5.0,2.9,2.7,1.5,0.0,0.0,0.0,,58.0,55.56,0.0,0.0,0.0,0.0,0.17,0.07,40.0,0.4,0.07,16.67,0.57,0.3,52.94,0.0,0.0
1227,Bundesliga (AT),64425,Benjamin Markuš,B. Markuš,2001-01-30,95.99,21.19,30.57,31,31,0,1058.0,34.13,24.9,72.97,2.06,0.16,3.66,1.26,657.0,21.19,17.39,82.04,0.87,0.39,44.44,16.87,147.0,4.74,3.81,2.0,1.39,0.45,0.26,0.19,75.0,80.27,69.36,0.97,0.58,0.0,0.06,0.16,0.1,60.0,1.77,0.23,12.73,3.42,0.71,20.76,0.42,12.26
1227,Bundesliga (AT),64585,Nenad Cvetković,N. Cvetković,1996-01-06,94.73,26.23,20.89,28,28,0,1560.0,55.71,47.82,85.83,1.25,0.11,4.23,1.57,1073.0,38.32,35.21,91.89,0.11,0.0,0.0,36.96,240.0,8.57,7.21,4.36,3.71,1.54,0.46,0.32,69.23,84.17,85.25,0.07,0.29,0.0,0.11,0.61,0.21,35.29,0.18,0.04,20.0,0.32,0.07,22.22,0.07,22.22
1227,Bundesliga (AT),67555,Thierno Ballo,T. Ballo,2002-01-02,64.84,16.82,16.76,3,3,0,58.0,19.33,11.0,56.9,2.67,0.0,6.24,1.51,42.0,14.0,7.33,52.38,2.67,1.33,50.0,9.33,17.0,5.67,2.0,3.0,1.0,2.0,1.33,0.33,25.0,35.29,33.34,0.67,3.0,0.33,1.0,0.0,0.0,,3.67,0.0,0.0,6.0,0.67,11.11,1.33,22.22
1227,Bundesliga (AT),67577,Xavier Mbuyamba,X. Mbuyamba,2001-12-31,55.33,12.62,15.14,14,14,0,317.0,22.64,17.64,77.92,1.43,0.21,3.86,1.46,192.0,13.71,11.79,85.94,0.07,0.0,0.0,12.71,45.0,3.21,2.36,1.86,1.43,0.43,0.14,0.07,50.0,73.33,76.92,0.0,0.14,0.0,0.0,0.29,0.07,25.0,0.07,0.0,0.0,0.07,0.0,0.0,0.07,100.0
1227,Bundesliga (AT),68815,Oliver Wähling,O. Wähling,1999-09-06,36.33,8.84,9.68,12,12,0,160.0,13.33,7.5,56.25,0.92,0.08,5.53,1.53,97.0,8.08,5.0,61.86,1.25,0.58,46.67,7.0,39.0,3.25,2.33,1.58,1.0,0.5,0.33,0.17,50.0,71.8,63.16,0.33,1.08,0.25,0.33,0.25,0.08,33.33,1.75,0.17,9.53,2.25,0.25,11.11,0.08,3.7
1227,Bundesliga (AT),68941,Sadik Fofana,S. Fofana,2003-05-16,75.37,15.11,18.75,15,15,0,394.0,26.27,16.4,62.44,1.0,0.07,4.07,1.24,177.0,11.8,8.6,72.88,0.47,0.4,85.71,8.93,62.0,4.13,2.8,1.4,0.73,0.73,0.47,0.2,42.86,67.74,52.38,0.67,0.47,0.0,0.0,0.13,0.13,100.0,1.2,0.2,16.67,2.27,0.53,23.53,0.07,2.94
1227,Bundesliga (AT),70567,Moritz Oswald,M. Oswald,2002-01-05,44.75,12.24,10.57,18,17,1,376.0,22.12,16.06,72.61,1.41,0.0,5.26,1.72,256.0,15.06,11.65,77.34,0.94,0.47,50.0,12.94,82.0,4.82,3.24,2.65,1.71,0.47,0.35,0.12,33.33,67.07,64.44,0.41,1.76,0.18,0.18,0.18,0.12,66.67,1.47,0.18,12.0,2.71,0.53,19.57,0.06,2.17
1227,Bundesliga (AT),70880,Martin Moormann,M. Moormann,2001-04-30,91.69,22.99,22.98,19,19,0,977.0,51.42,37.58,73.08,1.37,0.26,3.84,1.45,593.0,31.21,25.32,81.11,0.58,0.26,45.45,29.26,140.0,7.37,5.79,4.0,3.26,0.74,0.11,0.05,50.0,78.57,81.58,0.05,0.58,0.0,0.05,0.32,0.05,16.67,0.79,0.16,20.0,1.11,0.47,42.86,0.05,4.76
1227,Bundesliga (AT),72077,Tobias Fjeld Gulliksen,T. Gulliksen,2003-07-09,47.97,13.59,9.85,23,23,0,472.0,20.52,14.39,70.13,1.65,0.26,5.56,1.76,338.0,14.7,11.0,74.85,1.61,0.83,51.35,11.65,117.0,5.09,3.39,2.83,1.7,1.04,0.65,0.26,40.0,66.67,60.0,0.57,2.3,0.09,0.52,0.57,0.3,53.85,2.3,0.26,11.32,3.78,1.22,32.18,0.39,10.34
1227,Bundesliga (AT),73054,Petar Ratkov,P. Ratkov,2003-08-18,71.78,22.61,16.26,17,17,0,224.0,13.18,7.06,53.57,2.71,0.88,3.05,0.87,138.0,8.12,4.82,59.42,3.0,1.71,56.86,3.24,26.0,1.53,1.12,0.88,0.53,0.35,0.35,0.12,33.33,73.08,60.0,0.53,0.59,0.82,0.29,0.0,0.0,,3.53,0.18,5.0,5.06,0.59,11.63,1.94,38.37
1227,Bundesliga (AT),73071,Srdjan Hrstić,S. Hrstić,2003-07-18,47.2,12.37,10.64,26,25,1,254.0,10.16,4.92,48.43,1.6,0.16,3.94,1.09,155.0,6.2,2.92,47.1,1.68,0.68,40.48,3.16,45.0,1.8,0.72,1.2,0.4,0.36,0.28,0.04,14.29,40.0,33.33,0.4,0.52,0.52,0.28,0.04,0.04,100.0,2.08,0.36,17.31,3.16,0.44,13.92,0.6,18.99
1227,Bundesliga (AT),73274,Romeo  Vučić,R. Vučić,2003-01-30,21.27,5.57,4.88,5,4,1,23.0,5.75,3.5,60.87,0.75,0.0,4.99,1.56,16.0,4.0,2.5,62.5,1.0,0.25,25.0,2.75,3.0,0.75,0.75,0.25,0.25,0.0,0.0,0.0,,100.0,100.0,0.0,0.5,0.0,0.5,0.0,0.0,,1.5,0.25,16.66,2.0,0.0,0.0,0.5,25.0
1227,Bundesliga (AT),74615,Karim Konaté,K. Konaté,2004-03-21,62.48,20.03,12.44,16,15,1,198.0,13.2,5.93,44.95,4.2,0.33,7.23,1.66,136.0,9.07,4.2,46.32,2.87,1.13,39.54,4.13,65.0,4.33,1.73,2.33,0.33,1.27,1.07,0.07,6.25,40.0,14.29,1.0,1.33,1.13,0.67,0.13,0.0,0.0,3.67,0.4,10.91,5.4,1.2,22.22,2.27,41.97
1227,Bundesliga (AT),85513,Art Smakaj,A. Smakaj,2003-02-04,34.98,8.06,8.11,5,5,0,59.0,11.8,10.2,86.44,0.4,0.0,5.83,1.68,35.0,7.0,6.6,94.28,0.4,0.4,100.0,5.8,14.0,2.8,2.2,0.2,0.2,0.6,0.0,0.0,,78.57,100.0,0.4,1.6,0.0,0.2,0.0,0.0,,0.4,0.2,50.0,0.8,0.2,25.0,0.2,25.0
1227,Bundesliga (AT),89370,David Kubatta,D. Kubatta,2003-10-29,75.63,16.36,21.48,25,24,1,728.0,30.33,22.5,74.18,0.96,0.12,3.68,1.34,441.0,18.38,14.83,80.73,0.21,0.12,60.0,16.58,93.0,3.88,2.88,1.67,1.38,0.58,0.12,0.08,66.67,74.19,82.5,0.04,0.08,0.0,0.0,0.5,0.29,58.33,0.33,0.04,12.5,0.54,0.08,15.38,0.04,7.69
1227,Bundesliga (AT),99671,Jamie Lawrence,J. Lawrence,2002-11-10,97.92,21.77,26.72,32,31,1,1088.0,35.1,27.74,79.04,1.35,0.23,5.18,1.72,592.0,19.1,17.48,91.56,0.42,0.03,7.69,17.74,258.0,8.32,7.0,2.19,1.84,1.29,0.16,0.06,40.0,84.11,83.82,0.0,0.03,0.13,0.1,0.16,0.03,20.0,0.48,0.0,0.0,0.74,0.13,17.39,0.19,26.09
1227,Bundesliga (AT),105606,Tom Ritzy Hülsmann,T. Hülsmann,2004-04-11,97.29,21.42,31.3,29,29,0,669.0,23.07,13.52,58.59,0.28,0.07,5.58,3.93,292.0,10.07,7.07,70.21,0.03,0.0,0.0,9.48,180.0,6.21,3.24,4.34,2.41,0.0,0.0,0.0,,52.22,55.56,0.0,0.0,0.0,0.0,0.07,0.03,50.0,0.03,0.0,0.0,0.14,0.0,0.0,0.0,0.0
1227,Bundesliga (AT),111938,Elias Bakatukanda,E. Bakatukanda,2004-04-13,92.28,23.76,24.59,14,14,0,626.0,44.71,35.86,80.19,0.86,0.07,3.54,1.42,393.0,28.07,24.57,87.53,0.5,0.07,14.29,26.29,77.0,5.5,4.21,2.79,2.14,0.43,0.29,0.21,75.0,76.62,76.92,0.07,0.14,0.0,0.0,0.43,0.21,50.0,0.79,0.0,0.0,1.57,0.43,27.27,0.0,0.0
1227,Bundesliga (AT),116315,Florian  Wustinger,F. Wustinger,2003-07-21,28.6,5.77,7.59,6,5,1,32.0,6.4,4.8,75.0,0.2,0.0,5.67,1.57,19.0,3.8,2.6,68.42,0.0,0.0,,2.4,6.0,1.2,1.0,0.8,0.8,0.0,0.0,0.0,,83.33,100.0,0.2,0.6,0.0,0.0,0.0,0.0,,0.2,0.0,0.0,0.4,0.0,0.0,0.0,0.0
1227,Bundesliga (AT),116557,Dorgeles Nene,D. Nene,2002-12-23,39.07,12.64,8.01,3,3,0,72.0,24.0,15.33,63.89,5.0,1.33,4.83,1.61,52.0,17.33,12.0,69.23,1.0,0.67,66.67,14.0,17.0,5.67,3.0,3.67,1.67,1.33,1.0,0.0,0.0,52.94,45.45,0.67,1.0,0.0,1.0,0.33,0.33,100.0,2.0,0.67,33.33,3.33,0.67,20.0,0.67,20.0
1227,Bundesliga (AT),117261,Lukas Fridrikas,L. Fridrikas,1997-12-30,40.78,9.3,12.46,26,26,0,328.0,12.62,7.65,60.67,1.46,0.23,6.71,1.76,212.0,8.15,5.08,62.26,1.15,0.5,43.33,5.77,90.0,3.46,1.77,1.96,0.69,0.92,0.77,0.23,30.0,51.11,35.29,0.62,1.35,0.31,0.42,0.19,0.12,60.0,1.54,0.08,5.0,3.0,0.65,21.79,0.54,17.95
1227,Bundesliga (AT),120013,Marco Sulzner,M. Sulzner,2003-07-02,73.05,18.96,18.79,26,26,0,725.0,27.88,19.42,69.65,2.69,0.31,4.29,1.2,467.0,17.96,13.54,75.37,1.46,0.77,52.63,13.96,123.0,4.73,2.96,2.65,1.62,1.23,0.92,0.5,54.17,62.6,60.87,1.04,1.54,0.12,0.46,0.12,0.08,66.67,2.58,0.46,17.91,4.12,0.85,20.56,0.35,8.41
1227,Bundesliga (AT),141053,Adam Daghim,A. Daghim,2005-09-28,27.26,8.55,5.17,3,3,0,29.0,9.67,5.67,58.62,2.0,0.0,4.81,1.15,23.0,7.67,4.67,60.87,0.67,0.33,50.0,5.0,6.0,2.0,1.0,1.67,1.0,0.33,0.33,0.0,0.0,50.0,60.0,0.33,1.33,0.33,0.0,0.0,0.0,,2.0,0.33,16.67,4.0,1.0,25.0,0.33,8.33
1227,Bundesliga (AT),149335,Matteo Bignetti,M. Bignetti,2004-05-06,92.94,20.16,19.85,9,9,0,197.0,21.89,13.44,61.42,0.11,0.11,5.21,3.27,90.0,10.0,6.67,66.67,0.0,0.0,,9.11,48.0,5.33,3.44,2.11,1.33,0.0,0.0,0.0,,64.58,63.16,0.0,0.0,0.0,0.0,0.0,0.0,,0.0,0.0,,0.22,0.11,50.0,0.0,0.0
1227,Bundesliga (AT),153806,Romeo Amane,R. Amane,2003-02-20,90.16,25.25,20.38,31,31,0,1502.0,48.45,38.55,79.56,2.84,0.13,4.91,1.52,1021.0,32.94,27.71,84.13,1.35,0.74,54.76,26.16,283.0,9.13,7.03,4.97,3.52,1.87,1.26,0.71,56.41,77.03,70.78,1.65,1.77,0.1,1.16,0.48,0.23,46.67,2.97,0.58,19.56,5.23,1.03,19.75,0.48,9.26
1227,Bundesliga (AT),159941,Marco Tilio,M. Tilio,2001-08-23,35.32,9.49,5.96,12,12,0,176.0,14.67,8.83,60.23,2.25,0.17,6.62,1.84,128.0,10.67,6.58,61.72,1.58,0.67,42.1,8.5,51.0,4.25,2.58,2.83,1.5,1.42,1.17,0.67,57.14,60.78,52.94,0.58,1.17,0.33,0.33,0.5,0.17,33.33,1.92,0.42,21.74,2.33,0.58,25.0,0.5,21.43
1227,Bundesliga (AT),161663,Moses Usor,M. Usor,2002-02-05,80.07,20.6,21.08,27,27,0,754.0,27.93,14.59,52.25,5.26,0.78,7.11,1.87,498.0,18.44,9.89,53.61,2.78,1.11,40.0,12.89,215.0,7.96,4.0,5.59,2.41,2.48,2.04,0.48,23.64,50.23,43.05,1.0,1.74,0.81,1.0,0.48,0.19,38.46,4.07,0.63,15.45,7.0,1.93,27.51,1.74,24.87
1227,Bundesliga (AT),164251,Moegamat Yusuf Maart,Y. Maart,1995-07-17,89.34,20.53,19.79,33,33,0,1342.0,40.67,29.27,71.98,2.52,0.06,4.95,1.61,746.0,22.61,18.15,80.29,0.61,0.36,60.0,18.42,262.0,7.94,5.73,2.21,1.45,0.97,0.52,0.33,64.71,72.14,65.75,1.09,1.36,0.0,0.45,0.52,0.18,35.29,1.21,0.15,12.5,2.36,0.3,12.82,0.06,2.56
1227,Bundesliga (AT),168548,Antonio Van Wyk,A. Van Wyk,2002-03-30,70.19,16.26,15.39,30,30,0,669.0,22.3,12.37,55.46,3.0,0.3,8.71,2.29,454.0,15.13,8.73,57.71,2.5,1.07,42.67,10.43,249.0,8.3,4.23,4.47,1.8,1.5,1.07,0.37,34.38,51.0,40.3,0.67,1.23,0.4,1.27,0.63,0.3,47.37,3.17,0.37,11.58,5.4,1.07,19.75,0.57,10.49
1227,Bundesliga (AT),172937,Ademola Ola-Adebomi,A. Ola-Adebomi,2003-09-03,59.15,12.39,15.74,24,24,0,309.0,12.88,5.25,40.78,1.96,0.25,5.13,1.55,192.0,8.0,3.21,40.1,2.71,1.08,40.0,2.54,65.0,2.71,1.33,1.75,0.71,0.58,0.54,0.08,15.38,49.23,40.48,1.08,1.17,0.42,0.46,0.0,0.0,,3.21,0.38,11.69,5.92,1.0,16.9,1.12,19.01
1227,Bundesliga (AT),174112,Gizo Mamageishvili,G. Mamageishvili,2003-01-15,48.45,11.25,10.14,13,13,0,203.0,15.62,8.62,55.17,2.46,0.08,6.04,1.66,123.0,9.46,5.62,59.35,1.54,0.54,35.0,6.92,52.0,4.0,1.92,2.31,0.92,1.31,1.0,0.23,23.08,48.08,40.0,0.92,1.0,0.15,0.15,0.23,0.15,66.67,2.38,0.15,6.45,3.54,0.77,21.74,0.15,4.35
1227,Bundesliga (AT),174298,Pascal Estrada,P. Estrada,2002-03-12,98.53,27.42,22.73,2,2,0,98.0,49.0,42.0,85.71,1.0,0.0,4.83,1.74,72.0,36.0,32.5,90.28,0.0,0.0,,35.0,22.0,11.0,10.5,9.5,9.0,0.5,0.0,0.0,,95.46,94.74,0.0,0.0,0.0,0.0,0.0,0.0,,0.0,0.0,,0.0,0.0,,0.0,
1227,Bundesliga (AT),175723,Douglas Mendes Moreira,Douglas Mendes,2004-06-13,73.88,16.16,20.9,1,1,0,23.0,23.0,15.0,65.22,0.0,0.0,5.25,1.78,12.0,12.0,9.0,75.0,0.0,0.0,,12.0,5.0,5.0,3.0,4.0,2.0,0.0,0.0,0.0,,60.0,50.0,0.0,0.0,0.0,0.0,0.0,0.0,,0.0,0.0,,0.0,0.0,,0.0,
1227,Bundesliga (AT),177123,Belmin Beganović,B. Beganović,2004-09-09,33.2,7.93,6.31,14,14,0,114.0,8.14,4.64,57.02,1.57,0.29,7.73,1.89,79.0,5.64,3.07,54.43,2.0,1.07,53.57,2.93,35.0,2.5,1.36,1.79,1.0,0.71,0.57,0.36,62.5,54.29,56.0,0.57,0.64,0.36,0.43,0.0,0.0,,2.57,0.29,11.11,3.29,0.57,17.39,0.64,19.57
1227,Bundesliga (AT),180390,Anrie Chase,A. Chase,2004-03-24,88.25,28.65,15.68,4,4,0,207.0,51.75,43.25,83.57,1.25,0.25,5.21,1.87,137.0,34.25,31.5,91.97,0.0,0.0,,32.5,53.0,13.25,12.0,5.5,5.25,1.25,0.5,0.5,100.0,90.57,95.45,0.0,0.0,0.0,0.0,0.25,0.0,0.0,0.0,0.0,,0.0,0.0,,0.0,
1227,Bundesliga (AT),180850,Donfack Ryan Gloire Fosso Ymefack,R. Fosso,2002-06-17,76.26,16.78,16.48,14,14,0,382.0,27.29,18.64,68.32,1.93,0.36,3.2,1.18,217.0,15.5,11.71,75.58,1.71,0.57,33.33,12.21,44.0,3.14,2.0,1.5,0.79,0.21,0.14,0.0,0.0,63.64,52.38,0.57,1.64,0.0,0.64,0.29,0.14,50.0,2.43,0.14,5.88,3.29,0.5,15.22,0.5,15.22
1227,Bundesliga (AT),183158,Tim Oermann,T. Oermann,2003-10-06,86.43,23.18,19.2,12,12,0,451.0,37.58,29.25,77.83,1.25,0.08,5.12,1.66,273.0,22.75,19.25,84.62,0.42,0.08,20.0,21.58,86.0,7.17,5.75,3.33,2.75,1.42,0.5,0.33,66.67,80.23,82.5,0.17,0.42,0.0,0.42,0.58,0.25,42.86,0.75,0.0,0.0,1.33,0.33,25.0,0.0,0.0
1227,Bundesliga (AT),183506,David Jaunegg,D. Jaunegg,2003-02-28,37.45,7.14,9.17,11,10,1,105.0,10.5,6.1,58.1,0.2,0.0,3.83,1.18,55.0,5.5,4.2,76.36,0.2,0.1,50.0,4.5,16.0,1.6,0.9,0.4,0.3,0.2,0.0,0.0,,56.25,75.0,0.0,0.2,0.1,0.0,0.1,0.1,100.0,0.2,0.0,0.0,0.5,0.1,20.0,0.0,0.0
1227,Bundesliga (AT),240610,Marco Boras,M. Boras,2001-09-28,95.57,21.31,25.96,30,29,1,1149.0,39.62,28.62,72.24,1.62,0.21,3.39,1.27,682.0,23.52,18.86,80.21,0.21,0.1,50.0,22.0,146.0,5.03,3.21,2.69,1.79,0.76,0.21,0.1,50.0,63.7,66.67,0.07,0.14,0.0,0.03,0.72,0.41,57.14,0.38,0.03,9.09,1.0,0.34,34.48,0.03,3.45
1227,Bundesliga (AT),254496,Sota Kitano,S. Kitano,2004-08-13,63.26,20.09,13.97,25,24,1,754.0,31.42,21.25,67.64,3.83,0.38,3.3,1.04,529.0,22.04,15.58,70.7,3.54,1.42,40.0,14.67,80.0,3.33,1.92,1.67,0.75,0.92,0.54,0.08,15.38,57.5,45.0,1.5,2.58,0.54,0.62,0.04,0.0,0.0,6.38,0.83,13.07,7.96,0.75,9.42,1.54,19.37
1227,Bundesliga (AT),258845,Jonas Mayer,J. Mayer,2004-06-29,71.62,16.2,15.76,29,28,1,620.0,22.14,13.21,59.68,1.86,0.04,3.99,1.17,317.0,11.32,7.57,66.88,1.75,0.71,40.82,7.0,87.0,3.11,1.75,1.36,0.71,0.61,0.25,0.11,42.86,56.32,52.63,0.57,1.64,0.25,0.32,0.21,0.14,66.67,2.79,0.18,6.41,3.93,0.39,10.0,0.39,10.0
1227,Bundesliga (AT),295989,Jakob Knollmüller,J. Knollmüller,2003-07-26,36.38,10.22,9.21,7,7,0,59.0,8.43,3.86,45.76,1.29,0.0,7.46,1.65,30.0,4.29,2.0,46.67,0.57,0.0,0.0,2.57,19.0,2.71,1.57,1.0,0.43,1.43,0.71,0.29,40.0,57.89,42.86,0.29,0.29,0.14,0.29,0.0,0.0,,0.86,0.0,0.0,1.71,0.29,16.67,0.29,16.67
1227,Bundesliga (AT),451666,Petter Nosakhare Dahl,P. Dahl,2003-10-22,66.83,17.91,15.69,21,21,0,484.0,23.05,11.81,51.24,3.43,0.48,8.66,2.19,348.0,16.57,8.71,52.59,2.48,0.71,28.85,12.52,173.0,8.24,3.19,5.57,1.9,2.71,2.1,0.48,22.73,38.73,34.19,0.9,1.95,0.52,1.76,1.38,0.57,41.38,3.38,0.57,16.9,5.29,1.05,19.82,0.86,16.22
1227,Bundesliga (AT),507715,Julian Halwachs,J. Halwachs,2003-01-25,22.38,4.38,6.58,6,6,0,49.0,8.17,5.5,67.35,0.33,0.0,5.69,1.92,26.0,4.33,3.67,84.62,0.0,0.0,,3.83,13.0,2.17,1.67,1.33,1.0,0.0,0.0,0.0,,76.92,75.0,0.33,0.33,0.0,0.0,0.0,0.0,,0.17,0.0,0.0,0.33,0.17,50.0,0.0,0.0
1227,Bundesliga (AT),507716,Zétény Jánó,Z. Jánó,2005-03-13,49.3,11.13,14.12,11,11,0,178.0,16.18,9.64,59.55,1.45,0.0,5.84,1.57,110.0,10.0,6.09,60.91,1.91,0.64,33.33,6.91,46.0,4.18,1.73,2.73,1.09,1.0,0.91,0.18,20.0,41.31,40.0,0.36,1.55,0.09,0.27,0.36,0.18,50.0,2.0,0.09,4.54,3.18,0.82,25.71,0.27,8.57
1227,Bundesliga (AT),507718,Moussa  Kounfolo Yeo,M. Yeo,2004-06-01,48.81,14.74,10.94,22,21,1,438.0,20.86,13.48,64.61,3.48,0.29,5.49,1.67,290.0,13.81,9.1,65.86,3.0,1.43,47.62,9.81,99.0,4.71,3.19,2.9,1.86,1.1,1.05,0.71,68.18,67.68,63.93,0.57,2.33,0.24,0.57,0.19,0.14,75.0,4.38,0.62,14.13,5.81,0.71,12.29,1.33,22.95
1227,Bundesliga (AT),507721,Jakob Schöller,J. Schöller,2005-12-09,66.97,18.25,16.2,11,11,0,389.0,35.36,28.91,81.75,1.18,0.27,3.65,1.4,286.0,26.0,22.36,86.01,1.18,0.36,30.77,24.18,57.0,5.18,4.09,3.27,2.45,0.73,0.64,0.55,85.72,78.95,75.0,0.45,2.64,0.36,0.18,0.09,0.0,0.0,1.36,0.0,0.0,1.91,0.64,33.33,0.09,4.76
1227,Bundesliga (AT),507726,Alexander Briedl,A. Briedl,2002-04-21,88.43,20.87,21.35,27,27,0,929.0,34.41,24.11,70.08,3.3,0.22,4.54,1.34,448.0,16.59,12.85,77.46,1.3,0.78,60.0,13.07,168.0,6.22,4.33,3.04,1.96,1.33,0.81,0.44,54.55,69.64,64.63,0.63,1.48,0.26,0.56,0.22,0.07,33.33,2.04,0.37,18.18,3.19,0.93,29.07,0.37,11.63
1227,Bundesliga (AT),507729,Paul Mensah,P. Mensah,1999-10-13,27.28,7.14,7.4,14,14,0,120.0,8.57,4.07,47.5,0.79,0.07,6.06,1.87,70.0,5.0,2.14,42.86,1.36,0.36,26.32,2.64,33.0,2.36,1.07,1.36,0.64,0.36,0.29,0.14,50.0,45.45,47.37,0.5,0.43,0.43,0.29,0.07,0.0,0.0,1.64,0.21,13.04,2.64,0.5,18.92,0.29,10.81
1227,Bundesliga (AT),507731,Matthias Seidl,M. Seidl,2001-01-24,85.39,23.31,19.3,28,28,0,1285.0,45.89,34.21,74.55,3.86,0.36,3.57,1.21,847.0,30.25,23.68,78.28,3.04,1.82,60.0,24.0,163.0,5.82,4.32,2.5,1.64,0.89,0.5,0.25,50.0,74.23,65.71,1.11,2.5,0.29,0.36,0.46,0.18,38.46,4.39,0.68,15.45,6.68,0.82,12.3,1.29,19.25
1227,Bundesliga (AT),507736,Simon Seidl,S. Seidl,2002-09-04,90.06,21.98,22.48,29,29,0,1156.0,39.86,24.1,60.47,4.38,0.59,5.96,1.77,761.0,26.24,16.76,63.86,3.97,1.97,49.57,20.03,300.0,10.34,6.07,5.14,2.34,1.93,1.34,0.41,30.77,58.67,45.64,1.14,3.59,0.66,0.9,0.97,0.38,39.29,5.79,1.03,17.86,8.79,1.66,18.82,1.1,12.55
1227,Bundesliga (AT),507748,David Riegler,D. Riegler,2002-12-17,62.96,15.04,14.96,9,9,0,251.0,27.89,21.44,76.89,0.89,0.33,5.45,1.8,148.0,16.44,13.89,84.46,0.11,0.0,0.0,15.33,52.0,5.78,4.33,3.44,3.0,1.0,0.44,0.44,100.0,75.0,87.1,0.0,0.67,0.11,0.0,0.56,0.22,40.0,0.33,0.0,0.0,0.56,0.22,40.0,0.0,0.0
1227,Bundesliga (AT),507749,Franz Stolz,F. Stolz,2001-02-14,99.51,24.47,23.39,15,14,1,484.0,34.57,22.07,63.84,0.14,0.0,5.03,3.29,273.0,19.5,14.07,72.16,0.36,0.07,20.0,19.29,92.0,6.57,4.0,2.43,1.86,0.07,0.0,0.0,,60.87,76.47,0.0,0.0,0.0,0.0,0.71,0.36,50.0,0.79,0.21,27.27,0.93,0.21,23.08,0.0,0.0
1227,Bundesliga (AT),507756,Christian Lichtenberger,C. Lichtenberger,1995-12-12,39.02,9.55,9.53,30,29,1,421.0,14.52,9.21,63.42,1.72,0.14,6.05,1.62,277.0,9.55,6.34,66.43,1.0,0.55,55.17,6.69,110.0,3.79,2.45,2.31,1.34,0.79,0.48,0.31,64.29,64.55,58.21,0.83,1.69,0.24,0.48,0.41,0.17,41.67,1.79,0.28,15.38,3.41,0.76,22.22,0.66,19.19
1227,Bundesliga (AT),507773,Luca Pazourek,L. Pazourek,2005-02-04,61.1,14.2,17.94,19,19,0,297.0,15.63,9.79,62.63,1.05,0.05,2.93,0.95,174.0,9.16,6.16,67.24,0.89,0.32,35.29,8.21,29.0,1.53,0.95,0.84,0.47,0.26,0.16,0.0,0.0,62.07,56.25,0.0,0.53,0.11,0.05,0.05,0.0,0.0,1.11,0.11,9.52,2.0,0.21,10.53,0.21,10.53
1227,Bundesliga (AT),507778,Nicolas Bajlicz,N. Bajlicz,2004-07-08,68.86,17.02,14.68,25,24,1,798.0,33.25,24.38,73.31,3.08,0.04,6.19,2.03,553.0,23.04,17.75,77.03,1.08,0.58,53.85,19.46,207.0,8.62,6.33,4.38,2.96,1.0,0.75,0.38,50.0,73.43,67.62,0.71,1.71,0.08,0.67,0.88,0.33,38.09,2.0,0.29,14.58,3.46,0.42,12.05,0.58,16.87
1227,Bundesliga (AT),507788,Thorsten Schriebl,T. Schriebl,1998-11-24,63.88,14.99,14.94,22,21,1,501.0,23.86,16.57,69.46,1.33,0.05,2.97,1.08,292.0,13.9,10.1,72.6,1.0,0.52,52.38,11.57,46.0,2.19,1.05,1.33,0.43,0.43,0.24,0.0,0.0,47.83,32.14,0.38,0.43,0.1,0.29,0.1,0.05,50.0,1.62,0.24,14.71,2.57,0.1,3.7,0.1,3.7
1227,Bundesliga (AT),507791,Jakob Meierhofer,J. Meierhofer,1997-11-06,100.46,21.32,25.93,17,17,0,395.0,23.24,13.35,57.47,0.06,0.0,5.65,3.2,188.0,11.06,7.47,67.55,0.24,0.12,50.0,10.65,99.0,5.82,3.59,2.53,1.47,0.0,0.0,0.0,,61.62,58.14,0.0,0.0,0.0,0.0,0.06,0.06,100.0,0.41,0.24,57.14,0.65,0.12,18.18,0.0,0.0
1227,Bundesliga (AT),507792,Lukas Graf,L. Graf,1994-08-12,32.81,6.06,9.11,11,11,0,92.0,8.36,6.73,80.43,0.18,0.0,2.8,0.95,42.0,3.82,3.64,95.24,0.0,0.0,,3.55,10.0,0.91,0.73,0.18,0.18,0.18,0.0,0.0,,80.0,100.0,0.0,0.0,0.0,0.0,0.0,0.0,,0.09,0.0,0.0,0.18,0.09,50.0,0.0,0.0
1227,Bundesliga (AT),507810,Patrik Mijić,P. Mijić,1998-11-04,28.27,6.51,8.63,12,12,0,75.0,6.25,3.33,53.34,0.92,0.33,4.14,1.25,40.0,3.33,1.75,52.5,1.0,0.58,58.33,1.58,12.0,1.0,0.42,0.75,0.25,0.17,0.17,0.0,0.0,41.67,33.33,0.58,0.42,0.08,0.0,0.0,0.0,,1.0,0.0,0.0,1.83,0.42,22.73,0.25,13.64
1227,Bundesliga (AT),507822,Dominik Weixelbraun,D. Weixelbraun,2003-12-17,30.75,7.66,7.39,8,8,0,73.0,9.12,5.0,54.8,0.75,0.0,4.68,1.32,43.0,5.38,2.75,51.16,1.0,0.38,37.5,3.88,14.0,1.75,0.88,1.0,0.38,0.5,0.5,0.25,50.0,50.0,37.5,0.38,1.0,0.38,0.12,0.12,0.0,0.0,1.25,0.25,20.0,1.5,0.38,25.0,0.12,8.33
1227,Bundesliga (AT),507831,João Luiz Soares Alves,João Luiz,1999-02-16,19.89,5.31,4.0,7,7,0,50.0,7.14,4.57,64.0,0.29,0.0,8.65,2.52,32.0,4.57,2.71,59.38,0.29,0.14,50.0,3.57,21.0,3.0,2.0,1.71,0.86,0.14,0.14,0.14,100.0,66.67,50.0,0.0,0.57,0.0,0.29,0.43,0.14,33.33,0.43,0.14,33.33,0.57,0.14,25.0,0.14,25.0
1227,Bundesliga (AT),507832,Peter Kiedl,P. Kiedl,2004-01-13,48.86,9.79,11.27,20,19,1,171.0,9.0,3.95,43.86,1.26,0.21,4.77,1.24,102.0,5.37,2.74,50.98,2.11,0.79,37.5,1.79,40.0,2.11,1.11,0.89,0.32,0.53,0.26,0.16,60.0,52.5,35.29,0.53,0.79,0.32,0.16,0.05,0.0,0.0,2.37,0.32,13.33,3.63,0.63,17.39,0.79,21.74
1227,Bundesliga (AT),507836,Leon Grgić,L. Grgić,2006-01-22,53.19,13.8,11.61,15,15,0,156.0,10.4,3.93,37.82,2.4,0.27,5.28,1.31,88.0,5.87,2.0,34.09,2.13,0.6,28.12,2.73,41.0,2.73,0.87,1.87,0.4,0.73,0.6,0.2,33.33,31.71,21.43,0.6,0.93,0.6,0.8,0.07,0.0,0.0,2.47,0.2,8.11,3.67,0.8,21.82,0.53,14.55
1227,Bundesliga (AT),507838,Jonas Karner,J. Karner,2004-09-28,15.56,4.91,3.65,1,1,0,6.0,6.0,4.0,66.67,1.0,0.0,7.17,1.98,4.0,4.0,3.0,75.0,0.0,0.0,,3.0,2.0,2.0,2.0,0.0,0.0,1.0,0.0,0.0,,100.0,,1.0,0.0,0.0,0.0,0.0,0.0,,2.0,1.0,50.0,2.0,1.0,50.0,0.0,0.0
1227,Bundesliga (AT),507847,Furkan Demir,F. Demir,2004-11-29,46.31,10.95,9.86,14,14,0,244.0,17.43,11.93,68.44,0.93,0.14,5.7,1.72,158.0,11.29,8.5,75.32,0.71,0.43,60.0,10.5,60.0,4.29,2.79,2.0,1.21,1.0,0.5,0.36,71.43,65.0,60.71,0.14,0.71,0.07,0.14,0.36,0.21,60.0,1.14,0.21,18.75,1.57,0.21,13.64,0.07,4.54
1227,Bundesliga (AT),507862,Mark Grosse,M. Grosse,1999-02-01,55.19,12.08,12.65,24,23,1,403.0,17.52,10.17,58.06,2.09,0.35,4.4,1.32,261.0,11.35,6.96,61.3,1.83,0.91,50.0,8.22,72.0,3.13,1.57,1.96,0.91,0.74,0.61,0.17,28.57,50.0,46.67,0.48,1.48,0.48,0.35,0.48,0.26,54.55,2.13,0.13,6.12,3.52,0.39,11.11,0.61,17.28
1227,Bundesliga (AT),507872,Alem Pašić,A. Pašić,1997-08-23,83.53,20.09,21.07,25,25,0,773.0,30.92,21.36,69.08,1.56,0.04,4.37,1.32,421.0,16.84,12.92,76.72,0.96,0.44,45.83,14.2,147.0,5.88,3.88,3.0,2.04,1.56,0.84,0.64,76.19,65.99,68.0,0.12,1.04,0.08,0.28,0.2,0.08,40.0,1.52,0.2,13.16,2.52,0.72,28.57,0.04,1.59
1227,Bundesliga (AT),513308,Tim Paumgartner,T. Paumgartner,2005-03-05,26.91,6.47,6.27,6,5,1,25.0,5.0,3.4,68.0,0.4,0.0,4.55,1.56,15.0,3.0,2.4,80.0,0.6,0.2,33.33,2.4,3.0,0.6,0.4,0.4,0.2,0.2,0.2,0.0,0.0,66.67,50.0,0.0,0.4,0.0,0.2,0.0,0.0,,0.6,0.2,33.33,0.8,0.2,25.0,0.0,0.0
1227,Bundesliga (AT),513335,Anteo Fetahu,A. Fetahu,2002-07-10,19.11,4.82,4.81,11,11,0,66.0,6.0,2.91,48.48,0.82,0.18,6.45,1.76,46.0,4.18,1.91,45.65,1.36,0.45,33.33,1.55,17.0,1.55,0.55,0.91,0.27,0.27,0.27,0.0,0.0,35.29,30.0,0.36,0.45,0.55,0.18,0.09,0.09,100.0,1.64,0.27,16.67,2.82,0.36,12.9,0.18,6.45
1227,Bundesliga (AT),513336,Dejan Radonjic,D. Radonjic,2005-09-25,67.33,16.34,17.34,14,14,0,347.0,24.79,18.64,75.22,1.07,0.07,4.46,1.55,195.0,13.93,11.64,83.59,0.36,0.29,80.0,12.79,64.0,4.57,3.71,2.0,1.71,0.57,0.21,0.21,100.0,81.25,85.72,0.0,0.21,0.0,0.0,0.36,0.29,80.0,0.64,0.0,0.0,1.14,0.29,25.0,0.07,6.25
1227,Bundesliga (AT),513338,Dominic Vincze,D. Vincze,2004-03-01,93.47,20.16,30.85,24,24,0,703.0,29.29,22.62,77.24,0.92,0.08,4.35,1.44,433.0,18.04,14.96,82.91,0.42,0.25,60.0,16.29,133.0,5.54,3.88,2.96,2.17,1.04,0.38,0.33,88.89,69.92,73.24,0.04,0.58,0.08,0.21,0.62,0.33,53.33,0.75,0.12,16.67,1.29,0.25,19.36,0.17,12.9
1227,Bundesliga (AT),514704,Valentin Sulzbacher,V. Sulzbacher,2005-03-11,50.4,14.65,10.85,1,1,0,30.0,30.0,20.0,66.67,2.0,0.0,4.1,1.33,16.0,16.0,12.0,75.0,0.0,0.0,,14.0,6.0,6.0,4.0,4.0,2.0,1.0,1.0,0.0,0.0,66.67,50.0,0.0,0.0,0.0,0.0,0.0,0.0,,1.0,0.0,0.0,1.0,0.0,0.0,0.0,0.0
1227,Bundesliga (AT),531690,Ekain Azkune Astarloza,Ekain Azkune,2001-01-26,24.23,6.75,5.47,3,3,0,11.0,3.67,2.0,54.55,0.67,0.0,5.91,1.26,7.0,2.33,1.67,71.43,1.0,0.67,66.67,1.33,3.0,1.0,0.33,1.0,0.33,0.33,0.33,0.33,100.0,33.33,33.33,0.33,0.33,0.0,0.0,0.33,0.0,0.0,1.33,0.33,25.0,1.33,0.0,0.0,0.33,25.0
1227,Bundesliga (AT),533666,Emin Kujovic,E. Kujovic,2004-09-29,47.55,11.93,11.95,9,9,0,181.0,20.11,14.22,70.72,1.22,0.0,4.2,1.28,113.0,12.56,9.78,77.87,0.67,0.56,83.33,10.22,26.0,2.89,1.67,1.22,0.56,0.44,0.22,0.0,0.0,57.69,45.45,0.56,1.0,0.11,0.11,0.22,0.0,0.0,1.11,0.33,30.0,1.78,0.44,25.0,0.22,12.5
1227,Bundesliga (AT),537293,Tae-Seok Lee,Tae-Seok Lee,2002-07-28,93.77,22.61,24.44,30,29,1,1123.0,38.72,23.76,61.35,2.79,0.31,4.28,1.39,717.0,24.72,15.83,64.02,1.93,0.83,42.86,22.31,208.0,7.17,4.45,4.48,2.86,1.55,1.21,0.55,45.71,62.02,63.85,0.1,1.34,0.14,0.62,0.69,0.21,30.0,2.66,0.34,12.99,4.1,0.86,21.01,0.55,13.45
1227,Bundesliga (AT),560891,Jed Drew,J. Drew,2003-08-29,48.93,10.36,16.8,13,13,0,143.0,11.0,4.85,44.06,1.62,0.38,8.97,1.89,91.0,7.0,2.85,40.66,1.38,0.23,16.67,4.62,45.0,3.46,1.23,2.77,0.69,1.38,1.23,0.15,12.5,35.56,25.0,0.77,0.92,0.46,0.31,0.23,0.0,0.0,2.0,0.15,7.69,3.23,0.62,19.05,0.38,11.9
1227,Bundesliga (AT),560916,Noah Botić,N. Botić,2002-01-11,44.38,11.93,11.33,13,13,0,142.0,10.92,5.92,54.22,1.85,0.31,4.06,1.13,90.0,6.92,3.77,54.44,2.23,1.0,44.83,4.46,24.0,1.85,0.77,1.08,0.15,0.38,0.38,0.0,0.0,41.67,14.29,0.46,1.23,0.54,0.31,0.0,0.0,,2.62,0.23,8.82,3.62,0.38,10.64,0.85,23.4
1227,Bundesliga (AT),578724,João Victor Tornich,Alemão,2002-11-06,87.8,21.67,23.6,22,22,0,940.0,42.73,36.82,86.17,1.68,0.18,4.24,1.52,593.0,26.95,25.55,94.77,0.05,0.0,0.0,25.77,145.0,6.59,5.41,1.82,1.64,1.14,0.23,0.23,100.0,82.07,90.0,0.0,0.23,0.0,0.14,0.14,0.09,66.67,0.18,0.0,0.0,0.27,0.05,16.67,0.05,16.67
1227,Bundesliga (AT),579951,Thomas Geris,T. Geris,2002-10-16,62.36,14.14,19.63,3,3,0,62.0,20.67,12.67,61.29,0.33,0.0,3.02,1.11,32.0,10.67,7.0,65.62,1.33,0.67,50.0,9.0,8.0,2.67,2.0,0.67,0.67,0.0,0.0,0.0,,75.0,100.0,0.0,0.33,0.0,0.0,0.0,0.0,,2.67,0.0,0.0,3.67,0.67,18.18,0.0,0.0
1227,Bundesliga (AT),579952,Lukas Jungwirth,L. Jungwirth,2004-04-30,98.68,24.86,25.89,29,29,0,643.0,22.17,14.9,67.18,0.28,0.0,4.05,2.62,360.0,12.41,9.31,75.0,0.14,0.0,0.0,12.28,104.0,3.59,1.9,1.79,1.24,0.0,0.0,0.0,,52.88,69.23,0.0,0.0,0.0,0.0,0.03,0.0,0.0,0.24,0.1,42.86,0.38,0.14,36.36,0.0,0.0
1227,Bundesliga (AT),593942,Kouadio Ange Ahoussou,A. Ahoussou,2003-12-22,71.0,18.2,16.05,24,24,0,779.0,32.46,25.79,79.46,0.54,0.04,4.02,1.59,548.0,22.83,19.42,85.04,0.33,0.08,25.0,21.42,107.0,4.46,3.42,2.29,1.67,0.54,0.25,0.08,33.33,76.63,72.73,0.0,0.33,0.0,0.04,0.38,0.25,66.67,0.5,0.04,8.33,0.79,0.08,10.53,0.0,0.0
1227,Bundesliga (AT),612261,Tim Drexler,T. Drexler,2005-03-06,88.27,26.51,18.98,13,12,1,556.0,46.33,39.25,84.71,1.08,0.0,4.76,1.63,390.0,32.5,29.5,90.77,0.58,0.17,28.57,30.92,101.0,8.42,7.33,3.17,2.5,1.33,0.42,0.25,60.0,87.13,78.95,0.08,1.08,0.0,0.08,0.5,0.42,83.33,1.0,0.08,8.33,1.75,0.58,33.33,0.0,0.0
1227,Bundesliga (AT),615554,Konstantin Schopp,K. Schopp,2005-12-30,54.14,12.66,15.53,6,6,0,126.0,21.0,16.5,78.57,0.5,0.0,4.38,1.52,80.0,13.33,11.0,82.5,0.17,0.0,0.0,12.67,21.0,3.5,2.33,2.0,1.17,0.67,0.67,0.33,50.0,66.67,58.34,0.0,0.33,0.0,0.0,0.5,0.33,66.67,0.17,0.0,0.0,0.67,0.33,50.0,0.0,0.0
1227,Bundesliga (AT),616459,Soumaïla Diabaté,S. Diabaté,2004-11-22,69.9,20.96,15.29,27,26,1,1047.0,40.27,32.73,81.28,2.5,0.35,3.47,1.27,696.0,26.77,23.31,87.07,0.88,0.46,52.17,22.92,126.0,4.85,3.73,2.19,1.54,0.35,0.23,0.15,66.67,76.98,70.17,1.15,0.73,0.15,0.23,0.38,0.15,40.0,1.54,0.12,7.5,2.27,0.38,16.95,0.23,10.17
1227,Bundesliga (AT),628278,Frans Krätzig,F. Krätzig,2003-01-14,83.74,25.75,18.62,24,23,1,1110.0,48.26,36.35,75.32,4.52,0.43,5.26,1.67,800.0,34.78,26.83,77.13,2.13,1.26,59.18,31.91,239.0,10.39,7.57,6.78,4.87,1.91,1.39,0.78,56.25,72.8,71.8,0.35,5.65,0.35,0.87,1.26,0.65,51.72,2.91,0.26,8.96,4.57,0.61,13.33,0.83,18.09
1227,Bundesliga (AT),637190,Matteo Schablas ,M. Schablas,2005-03-14,23.62,5.28,5.87,8,7,1,68.0,9.71,6.0,61.76,1.29,0.14,4.22,1.09,30.0,4.29,3.14,73.33,0.14,0.0,0.0,3.86,12.0,1.71,1.14,1.0,0.86,0.43,0.43,0.43,100.0,66.67,85.71,0.0,0.57,0.0,0.0,0.29,0.29,100.0,0.29,0.0,0.0,0.71,0.0,0.0,0.0,0.0
1227,Bundesliga (AT),637209,Viktor Baier,V. Baier,2005-01-16,98.28,24.21,26.26,16,16,0,402.0,25.12,14.38,57.21,0.06,0.0,4.68,2.95,215.0,13.44,8.75,65.12,0.0,0.0,,12.81,81.0,5.06,3.0,2.19,1.25,0.06,0.0,0.0,,59.26,57.14,0.0,0.0,0.0,0.0,0.0,0.0,,0.06,0.0,0.0,0.25,0.19,75.0,0.0,0.0
1227,Bundesliga (AT),659256,Oliver Lukic,O. Lukic,2006-09-22,45.42,13.5,9.15,3,3,0,68.0,22.67,15.67,69.12,1.33,0.0,4.2,1.5,50.0,16.67,12.0,72.0,2.0,0.67,33.33,12.67,10.0,3.33,2.0,2.0,1.0,1.33,1.33,0.67,50.0,60.0,50.0,1.0,2.67,0.0,0.33,0.33,0.0,0.0,3.33,0.67,20.0,5.67,1.0,17.65,1.0,17.65
1227,Bundesliga (AT),662527,Joane Gadou Kouakou,J. Gadou,2007-01-17,89.21,29.14,18.9,19,19,0,1065.0,56.05,48.63,86.76,1.47,0.16,5.04,1.68,746.0,39.26,35.68,90.88,0.05,0.0,0.0,37.84,222.0,11.68,9.89,6.58,5.53,1.89,1.05,0.68,65.0,84.68,84.0,0.11,0.05,0.0,0.16,0.79,0.26,33.33,0.32,0.11,33.33,0.37,0.21,57.14,0.0,0.0
1227,Bundesliga (AT),663207,Rory Wilson,R. Wilson,2006-01-05,13.52,3.99,1.35,4,4,0,4.0,1.0,0.25,25.0,0.0,0.0,0.48,0.33,1.0,0.25,0.0,0.0,0.0,0.0,,0.0,0.0,0.0,0.0,0.0,0.0,0.0,0.0,0.0,,,,0.0,0.0,0.0,0.0,0.0,0.0,,0.0,0.0,,0.0,0.0,,0.0,
1227,Bundesliga (AT),663384,Maximilian Hennig,M. Hennig,2006-10-12,77.73,16.81,25.6,27,27,0,626.0,23.19,12.44,53.67,1.19,0.3,6.56,1.88,354.0,13.11,8.52,64.97,1.0,0.37,37.04,11.26,178.0,6.59,3.44,3.63,1.93,1.33,0.74,0.22,30.0,52.25,53.06,0.07,0.96,0.07,0.56,0.67,0.11,16.67,1.48,0.04,2.5,2.52,0.52,20.59,0.15,5.88
1227,Bundesliga (AT),667469,Ludwig Vraa-Jensen,L. Vraa-Jensen,2005-06-23,79.94,18.25,19.98,23,22,1,728.0,33.09,25.91,78.3,0.73,0.09,3.71,1.34,492.0,22.36,18.23,81.5,0.45,0.09,20.0,21.05,102.0,4.64,3.73,2.77,2.32,0.91,0.45,0.32,70.0,80.39,83.61,0.05,0.41,0.09,0.09,0.41,0.32,77.78,0.59,0.09,15.38,1.23,0.27,22.22,0.18,14.81
1227,Bundesliga (AT),671632,David  Djurić,D. Djurić,2006-03-19,62.8,14.95,16.63,3,3,0,64.0,21.33,12.33,57.81,1.0,0.0,2.75,0.92,42.0,14.0,9.0,64.29,2.67,1.0,37.5,10.33,10.0,3.33,2.0,1.67,1.0,0.33,0.33,0.0,0.0,60.0,60.0,0.0,2.0,0.33,0.0,0.33,0.33,100.0,4.0,1.33,33.33,5.0,1.33,26.67,0.0,0.0
1227,Bundesliga (AT),672452,Filip Rózga,F. Rózga,2006-08-07,48.02,10.95,9.63,19,19,0,322.0,16.95,9.42,55.59,2.11,0.16,7.79,2.01,200.0,10.53,6.26,59.5,1.63,0.68,41.94,7.79,108.0,5.68,2.74,3.53,1.68,1.63,1.11,0.47,42.86,48.15,47.76,0.37,0.74,0.16,1.16,0.21,0.16,75.0,2.32,0.42,18.18,3.53,0.89,25.37,0.21,5.97
1227,Bundesliga (AT),686449,Adetunji Rasaq Adeshina,A. Adeshina,2004-12-02,19.1,5.11,2.5,1,1,0,6.0,6.0,5.0,83.33,0.0,0.0,2.43,1.17,5.0,5.0,4.0,80.0,0.0,0.0,,5.0,0.0,0.0,0.0,0.0,0.0,0.0,0.0,0.0,,,,0.0,0.0,0.0,0.0,0.0,0.0,,0.0,0.0,,0.0,0.0,,0.0,
1227,Bundesliga (AT),705090,Mukhran Bagrationi,M. Bagrationi,2004-02-13,50.69,10.78,14.4,2,2,0,45.0,22.5,15.5,68.89,0.0,0.0,3.84,1.13,26.0,13.0,10.5,80.77,0.5,0.0,0.0,10.5,5.0,2.5,2.0,0.5,0.5,0.5,0.5,0.5,100.0,80.0,100.0,0.0,0.0,0.0,0.0,0.0,0.0,,0.5,0.0,0.0,1.5,0.5,33.33,0.0,0.0
1227,Bundesliga (AT),719398,Axel Kayombo,A. Kayombo,2006-02-25,38.73,9.63,7.36,16,16,0,128.0,8.0,3.25,40.62,1.31,0.06,6.91,1.61,81.0,5.06,2.31,45.68,1.12,0.56,50.0,2.81,39.0,2.44,0.81,1.94,0.62,1.0,0.94,0.31,33.33,33.33,32.26,0.75,0.94,0.25,0.88,0.06,0.06,100.0,1.5,0.06,4.17,2.94,1.06,36.17,0.81,27.66
1227,Bundesliga (AT),720983,Yannick  Vötter,Y. Vötter,2004-12-17,23.28,4.82,6.46,20,19,1,179.0,9.42,6.21,65.92,0.58,0.05,6.57,1.83,100.0,5.26,3.79,72.0,0.53,0.21,40.0,4.21,52.0,2.74,1.79,1.32,0.74,0.42,0.26,0.11,40.0,65.39,56.0,0.21,0.79,0.05,0.26,0.21,0.16,75.0,0.79,0.11,13.33,1.37,0.16,11.54,0.16,11.54
1227,Bundesliga (AT),721212,Maximilian Entrup,M. Entrup,1997-07-25,33.2,8.16,8.4,21,21,0,143.0,6.81,3.71,54.55,1.52,0.14,3.59,0.98,82.0,3.9,2.38,60.98,0.9,0.33,36.84,2.29,18.0,0.86,0.52,0.52,0.33,0.29,0.24,0.14,60.0,61.11,63.64,0.57,0.81,0.48,0.24,0.0,0.0,,1.1,0.19,17.39,1.95,0.43,21.95,0.76,39.02
1227,Bundesliga (AT),729628,Arjan Malic,A. Malic,2005-08-28,65.24,15.46,13.76,18,18,0,502.0,27.89,18.17,65.14,1.89,0.28,5.33,1.65,315.0,17.5,12.11,69.21,1.0,0.39,38.89,15.33,106.0,5.89,3.72,4.06,2.5,0.94,0.78,0.44,57.14,63.21,61.64,0.06,1.72,0.06,0.33,0.33,0.06,16.67,1.56,0.33,21.43,2.56,0.5,19.57,0.06,2.17
1227,Bundesliga (AT),729636,Yannick Oberleitner,Y. Oberleitner,2002-05-27,48.16,11.22,12.27,7,7,0,145.0,20.71,16.86,81.38,0.86,0.14,3.99,1.31,96.0,13.71,11.57,84.38,0.0,0.0,,13.14,19.0,2.71,1.86,2.0,1.14,0.43,0.29,0.29,100.0,68.42,57.14,0.0,0.14,0.0,0.0,0.29,0.14,50.0,0.0,0.0,,0.0,0.0,,0.0,
1227,Bundesliga (AT),729644,Tim Trummer,T. Trummer,2005-11-10,56.63,18.59,13.22,12,12,0,409.0,34.08,24.25,71.15,2.5,0.25,6.11,1.92,298.0,24.83,19.17,77.18,0.83,0.25,30.0,23.17,108.0,9.0,5.58,6.25,3.67,2.17,1.67,0.58,35.0,62.04,58.67,0.17,1.5,0.25,0.75,0.92,0.42,45.45,1.42,0.17,11.76,2.17,0.67,30.77,0.17,7.69
1227,Bundesliga (AT),730908,Fabian Rossdorfer,F. Rossdorfer,2005-11-09,57.1,11.9,12.97,23,22,1,374.0,17.0,8.82,51.87,1.82,0.18,7.24,2.0,206.0,9.36,5.36,57.28,1.14,0.59,52.0,7.09,114.0,5.18,2.82,3.32,1.68,0.73,0.64,0.36,57.14,54.39,50.68,0.32,1.09,0.23,1.0,0.68,0.32,46.67,1.5,0.14,9.09,2.36,0.55,23.08,0.41,17.31
1227,Bundesliga (AT),732607,Maximilian Fillafer,M. Fillafer,2004-12-26,44.53,9.51,14.34,15,15,0,165.0,11.0,4.33,39.39,0.73,0.13,7.07,1.99,81.0,5.4,2.53,46.91,0.73,0.27,36.36,4.2,51.0,3.4,1.4,1.67,0.53,0.73,0.6,0.27,44.44,41.18,32.0,0.2,1.07,0.13,0.07,0.2,0.0,0.0,0.93,0.07,7.14,1.67,0.2,12.0,0.13,8.0
1227,Bundesliga (AT),744046,Alexander Hofleitner,A. Hofleitner,2000-05-03,53.77,12.57,13.11,28,28,0,249.0,8.89,3.93,44.18,1.96,0.18,3.96,0.99,149.0,5.32,2.43,45.64,1.71,0.79,45.83,2.21,41.0,1.46,0.43,0.96,0.25,0.68,0.57,0.04,6.25,29.27,25.93,0.25,0.61,0.36,0.11,0.0,0.0,,2.18,0.18,8.2,3.39,0.57,16.84,0.61,17.89
1227,Bundesliga (AT),749989,Mahamadou Diarra,M. Diarra,2003-11-30,8.8,1.31,2.44,2,2,0,5.0,2.5,1.5,60.0,0.5,0.5,0.71,0.32,2.0,1.0,0.0,0.0,0.0,0.0,,0.5,0.0,0.0,0.0,0.0,0.0,0.0,0.0,0.0,,,,0.0,0.5,0.0,0.0,0.0,0.0,,0.0,0.0,,0.0,0.0,,0.0,
1227,Bundesliga (AT),764505,Clement Mutahi Bischoff,C. Bischoff,2005-12-16,36.71,11.34,7.78,15,15,0,270.0,18.0,11.67,64.81,1.93,0.33,5.76,1.88,190.0,12.67,8.07,63.69,1.6,0.8,50.0,9.6,62.0,4.13,2.53,2.47,1.4,0.6,0.47,0.2,42.86,61.29,56.76,0.8,1.2,0.13,0.67,0.33,0.13,40.0,2.07,0.13,6.45,3.6,0.4,11.11,0.33,9.26
1227,Bundesliga (AT),771835,Evan Eghosa Aisowieren,E. Aisowieren,2005-08-20,20.8,4.05,4.35,9,9,0,30.0,3.33,1.78,53.33,0.33,0.0,7.59,2.02,10.0,1.11,0.33,30.0,0.33,0.0,0.0,0.78,11.0,1.22,0.44,0.67,0.33,0.22,0.22,0.0,0.0,36.36,50.0,0.0,0.56,0.22,0.0,0.0,0.0,,0.33,0.0,0.0,0.56,0.11,20.0,0.11,20.0
1227,Bundesliga (AT),786173,Jannik Schuster,J. Schuster,2006-05-16,92.58,27.71,20.16,20,19,1,1227.0,64.58,54.32,84.11,1.79,0.16,5.5,1.92,808.0,42.53,38.79,91.21,0.37,0.05,14.29,40.32,293.0,15.42,12.95,8.21,7.0,1.63,0.32,0.16,50.0,83.96,85.26,0.0,0.21,0.0,0.16,0.37,0.16,42.86,0.42,0.0,0.0,0.74,0.16,21.43,0.11,14.29
1227,Bundesliga (AT),786174,Christian Zawieschitzky,C. Zawieschitzky,2007-05-02,92.4,30.97,23.72,1,1,0,28.0,28.0,16.0,57.14,0.0,0.0,3.73,2.57,16.0,16.0,9.0,56.25,0.0,0.0,,16.0,2.0,2.0,2.0,2.0,2.0,0.0,0.0,0.0,,100.0,100.0,0.0,0.0,0.0,0.0,0.0,0.0,,0.0,0.0,,0.0,0.0,,0.0,
1227,Bundesliga (AT),797384,Tobias Gruber,T. Gruber,2005-01-10,28.64,8.13,6.77,6,6,0,79.0,13.17,10.67,81.01,0.67,0.0,3.04,1.2,50.0,8.33,7.5,90.0,0.33,0.17,50.0,7.17,8.0,1.33,1.0,0.5,0.33,0.0,0.0,0.0,,75.0,66.67,0.0,0.0,0.0,0.0,0.0,0.0,,0.5,0.0,0.0,0.83,0.33,40.0,0.0,0.0
1227,Bundesliga (AT),799122,Beres Owusu,B. Owusu,2003-09-19,100.03,22.94,24.65,30,29,1,1264.0,43.59,32.14,73.73,0.9,0.1,5.41,1.88,708.0,24.41,19.69,80.65,0.21,0.14,66.67,22.21,285.0,9.83,7.24,3.86,2.93,1.59,0.28,0.21,75.0,73.69,75.89,0.07,0.79,0.0,0.03,0.59,0.34,58.82,0.55,0.17,31.25,1.34,0.34,25.64,0.03,2.56
1227,Bundesliga (AT),800666,Jacob Hödl,J. Hödl,2007-01-31,62.33,14.68,13.58,27,27,0,659.0,24.41,11.7,47.95,2.96,0.26,7.16,1.96,402.0,14.89,7.37,49.5,2.89,0.89,30.77,10.26,202.0,7.48,3.15,4.52,1.89,1.56,1.04,0.37,35.71,42.08,41.8,0.63,2.19,0.3,1.48,0.59,0.26,43.75,3.7,0.33,9.0,5.48,1.19,21.62,0.52,9.46
1227,Bundesliga (AT),801594,Quincy Butler,Q. Butler,2001-09-01,84.36,20.59,22.8,9,9,0,252.0,28.0,16.89,60.32,1.67,0.22,6.95,2.01,163.0,18.11,11.0,60.74,1.78,0.56,31.25,16.67,70.0,7.78,3.56,5.22,1.78,2.0,1.56,0.22,14.29,45.71,34.04,0.11,1.44,0.22,0.78,1.11,0.11,10.0,2.22,0.22,10.0,3.56,1.22,34.37,0.22,6.25
1227,Bundesliga (AT),808694,Kingstone Mutandwa,K. Mutandwa,2003-01-05,81.41,19.09,17.84,32,32,0,473.0,14.78,5.94,40.17,3.53,0.5,5.76,1.51,268.0,8.38,3.41,40.67,2.12,0.62,29.41,3.94,112.0,3.5,1.44,2.38,0.72,1.28,1.06,0.19,17.65,41.07,30.26,0.91,0.62,1.22,0.41,0.06,0.0,0.0,2.72,0.44,16.09,4.97,1.0,20.13,1.59,32.08
1227,Bundesliga (AT),810447,Mohamed Ouédraogo,M. Ouédraogo,2003-01-02,92.74,23.76,21.8,29,28,1,1146.0,40.93,23.11,56.46,2.89,0.21,6.38,1.88,765.0,27.32,16.43,60.13,2.93,0.93,31.71,24.0,311.0,11.11,4.96,7.04,2.89,2.07,1.43,0.46,32.5,44.69,41.12,0.14,1.71,0.18,1.11,1.39,0.32,23.08,4.14,0.5,12.07,5.43,1.29,23.68,0.43,7.89
1227,Bundesliga (AT),810540,Yussef Nasrawe,J. Nasrawe,2007-03-22,56.81,14.04,11.95,16,16,0,412.0,25.75,18.81,73.06,1.56,0.12,6.71,2.13,298.0,18.62,14.0,75.17,1.44,0.81,56.52,15.81,120.0,7.5,5.19,3.12,1.94,0.75,0.5,0.31,62.5,69.17,62.0,0.44,1.56,0.12,0.56,0.69,0.19,27.27,2.44,0.44,17.95,3.5,0.31,8.93,0.12,3.57
1227,Bundesliga (AT),811149,Ousmane Diawara,O. Diawara,1999-10-10,71.07,18.39,16.6,27,26,1,403.0,15.5,6.85,44.17,2.65,0.27,7.21,1.8,236.0,9.08,3.96,43.64,2.5,0.92,36.92,3.77,118.0,4.54,1.88,2.65,0.73,1.38,1.08,0.15,14.29,41.53,27.54,1.0,1.31,0.81,0.92,0.12,0.08,66.67,3.27,0.42,12.94,5.81,1.42,24.5,1.27,21.85
1227,Bundesliga (AT),811923,Sanel Šaljić,S. Šaljić,2005-11-27,52.34,12.07,14.04,22,21,1,287.0,13.67,6.43,47.04,2.19,0.14,6.92,1.79,170.0,8.1,4.19,51.77,1.67,0.43,25.71,5.81,89.0,4.24,1.95,2.76,1.0,1.19,1.0,0.29,28.57,46.07,36.21,0.43,0.76,0.29,0.52,0.1,0.05,50.0,2.0,0.33,16.67,3.57,0.95,26.67,0.52,14.67
1227,Bundesliga (AT),811995,Matthias Wetschka,M. Wetschka,2005-02-08,7.76,1.54,1.78,1,1,0,3.0,3.0,3.0,100.0,0.0,0.0,1.26,0.9,1.0,1.0,1.0,100.0,0.0,0.0,,1.0,0.0,0.0,0.0,0.0,0.0,0.0,0.0,0.0,,,,0.0,0.0,0.0,0.0,0.0,0.0,,0.0,0.0,,0.0,0.0,,0.0,
1227,Bundesliga (AT),811998,Cheick Mamadou Diabate,C. Diabate,2004-01-01,67.19,17.3,18.4,22,22,0,773.0,35.14,30.05,85.51,0.45,0.09,4.44,1.55,463.0,21.05,19.23,91.36,0.23,0.05,20.0,20.0,129.0,5.86,5.0,2.5,2.14,0.86,0.23,0.23,100.0,85.27,85.45,0.14,0.64,0.05,0.14,0.18,0.09,50.0,0.36,0.14,37.5,0.45,0.09,20.0,0.0,0.0
1227,Bundesliga (AT),816088,Kang-Hee Lee,Kang-Hee Lee,2001-08-24,74.78,17.97,19.43,22,21,1,615.0,29.29,20.14,68.78,1.48,0.05,3.26,1.12,351.0,16.71,12.48,74.64,0.71,0.29,40.0,14.05,81.0,3.86,2.81,1.86,1.29,0.48,0.29,0.19,66.67,72.84,69.23,0.43,0.62,0.1,0.1,0.29,0.1,33.33,1.14,0.14,12.5,1.76,0.29,16.22,0.05,2.7
1227,Bundesliga (AT),818371,Damjan Kovačević,D. Kovačević,2004-08-28,57.89,12.87,18.18,25,25,0,391.0,15.64,7.56,48.34,0.84,0.16,7.92,2.0,235.0,9.4,4.88,51.91,0.88,0.44,50.0,8.16,133.0,5.32,2.12,3.44,1.24,1.44,1.16,0.24,20.69,39.85,36.05,0.08,0.52,0.12,0.64,0.64,0.12,18.75,1.56,0.32,20.51,2.48,0.96,38.71,0.24,9.68
1227,Bundesliga (AT),820801,Claudy M'Buyi,C. M'Buyi,1999-06-03,65.12,18.59,13.78,12,12,0,180.0,15.0,9.5,63.33,3.67,0.58,4.47,1.16,120.0,10.0,6.58,65.83,2.75,1.67,60.61,4.92,37.0,3.08,1.92,1.25,0.67,0.92,0.58,0.33,57.14,62.16,53.33,0.5,2.08,0.92,0.25,0.08,0.0,0.0,3.58,1.17,32.56,5.25,0.67,12.7,1.58,30.16
1227,Bundesliga (AT),829787,Jeyland Yahir Mitchell Baltodano,J. Mitchell,2004-09-29,70.9,15.52,15.36,19,19,0,383.0,20.16,15.16,75.19,0.84,0.05,5.1,1.8,200.0,10.53,8.89,84.5,0.05,0.05,100.0,9.89,86.0,4.53,3.37,2.0,1.58,0.89,0.37,0.21,57.14,74.42,78.95,0.11,0.05,0.11,0.0,0.05,0.0,0.0,0.05,0.0,0.0,0.32,0.16,50.0,0.05,16.67
1227,Bundesliga (AT),842878,Abubakr  Barry,A. Barry,2000-07-02,92.99,22.42,23.69,28,27,1,1094.0,40.52,26.59,65.63,3.44,0.52,5.9,1.72,665.0,24.63,16.78,68.12,3.41,1.37,40.22,18.74,252.0,9.33,5.81,5.93,3.22,1.96,1.67,0.7,42.22,62.3,54.38,1.26,2.52,0.19,0.56,0.7,0.41,57.9,4.67,0.89,19.05,7.67,1.78,23.19,1.15,14.98
1227,Bundesliga (AT),847428,Amin-Elias Gröller,A. Gröller,2005-01-25,44.89,11.35,8.53,3,3,0,54.0,18.0,14.67,81.48,2.67,0.0,5.4,1.45,35.0,11.67,9.67,82.86,0.67,0.67,100.0,10.33,12.0,4.0,3.0,2.67,1.67,1.67,1.67,1.0,60.0,75.0,62.5,0.0,1.33,0.0,0.0,0.0,0.0,,0.67,0.0,0.0,0.67,0.67,100.0,0.0,0.0
1227,Bundesliga (AT),848297,Kristjan Bendra,K. Bendra,2006-01-30,29.2,8.21,4.49,3,3,0,43.0,14.33,9.0,62.79,1.33,0.0,4.45,1.33,25.0,8.33,6.33,76.0,0.33,0.33,100.0,8.0,8.0,2.67,1.0,1.0,0.33,0.67,0.33,0.0,0.0,37.5,33.33,0.33,2.33,0.0,1.0,0.0,0.0,,0.33,0.0,0.0,1.0,0.33,33.33,0.33,33.33
1227,Bundesliga (AT),848301,Jacob Italiano,J. Italiano,2001-07-30,93.02,21.67,23.35,24,23,1,747.0,32.48,17.74,54.62,2.78,0.39,7.26,1.86,455.0,19.78,12.0,60.66,2.22,1.04,47.06,17.13,236.0,10.26,5.22,5.96,3.0,3.09,1.74,0.65,37.5,50.85,50.37,0.22,2.3,0.17,1.57,0.65,0.39,60.0,3.04,0.61,20.0,4.52,0.91,20.19,0.43,9.62
1227,Bundesliga (AT),848653,Nikolaus Wurmbrand,N. Wurmbrand,2006-01-05,67.92,19.29,15.28,30,30,0,586.0,19.53,8.13,41.64,2.83,0.27,8.91,2.19,395.0,13.17,5.6,42.53,2.33,0.73,31.43,9.6,215.0,7.17,2.8,4.87,1.9,2.17,2.0,0.77,38.33,39.07,39.04,0.47,1.2,0.57,1.67,1.0,0.3,30.0,3.13,0.17,5.32,4.6,1.0,21.74,0.7,15.22
1227,Bundesliga (AT),848831,Filip Milojevic,F. Milojevic,2005-02-09,88.02,21.73,21.49,22,21,1,675.0,32.14,24.29,75.56,1.0,0.19,3.28,1.32,395.0,18.81,15.95,84.81,0.62,0.38,61.54,16.81,76.0,3.62,2.76,1.52,1.24,0.33,0.05,0.05,100.0,76.31,81.25,0.05,0.0,0.1,0.05,0.48,0.33,70.0,0.71,0.05,6.67,1.14,0.38,33.33,0.05,4.17
1227,Bundesliga (AT),848832,Fabian Wilfinger,F. Wilfinger,2003-08-27,97.97,21.4,31.43,30,30,0,1138.0,37.93,30.07,79.26,1.0,0.3,3.77,1.46,720.0,24.0,21.43,89.3,0.43,0.27,61.54,22.43,146.0,4.87,3.37,2.57,1.87,1.07,0.53,0.23,43.75,69.18,72.73,0.13,0.23,0.07,0.03,0.43,0.27,61.54,0.6,0.03,5.56,0.77,0.2,26.09,0.03,4.35
1227,Bundesliga (AT),849633,Boris Matić,B. Matić,2004-08-19,80.02,21.41,20.44,25,25,0,858.0,34.32,22.6,65.85,2.92,0.36,4.47,1.35,609.0,24.36,16.6,68.15,2.28,1.16,50.88,21.96,157.0,6.28,4.04,3.92,2.28,1.56,1.2,0.64,53.33,64.33,58.16,0.04,1.56,0.32,0.48,0.32,0.0,0.0,3.4,0.64,18.82,5.12,0.96,18.75,0.48,9.37
1227,Bundesliga (AT),849634,Erik Kojzek,E. Kojzek,2006-01-02,46.07,12.28,11.61,25,25,0,221.0,8.84,4.52,51.13,1.28,0.2,5.2,1.42,145.0,5.8,3.08,53.1,1.76,0.72,40.91,2.52,55.0,2.2,1.12,1.32,0.6,0.52,0.44,0.28,63.64,50.91,45.45,0.6,1.2,0.4,0.2,0.0,0.0,,2.2,0.24,10.91,3.8,0.52,13.68,0.92,24.21
1227,Bundesliga (AT),849635,Emmanuel Ofori Agyemang,E. Ofori Agyemang,2004-01-03,44.94,11.46,12.38,25,25,0,439.0,17.56,12.84,73.12,1.2,0.0,4.22,1.37,305.0,12.2,9.32,76.39,0.84,0.48,57.14,9.88,66.0,2.64,1.88,1.72,1.2,0.52,0.44,0.28,63.64,71.21,69.77,0.48,0.88,0.0,0.2,0.2,0.16,80.0,1.08,0.32,29.63,1.8,0.16,8.89,0.16,8.89
1227,Bundesliga (AT),850787,Enrique Aguilar,E. Aguilar,2007-01-27,16.76,4.4,3.71,7,6,1,45.0,7.5,4.5,60.0,1.0,0.0,6.43,1.92,30.0,5.0,3.0,60.0,0.67,0.17,25.0,4.33,13.0,2.17,1.17,0.67,0.17,0.83,0.5,0.17,33.33,53.85,25.0,0.0,0.5,0.17,0.33,0.33,0.17,50.0,0.67,0.17,25.0,1.5,0.17,11.11,0.17,11.11
1227,Bundesliga (AT),851396,Ramiz Harakate,R. Harakate,2002-07-13,88.51,20.32,21.25,30,29,1,737.0,25.41,11.9,46.81,3.97,0.59,8.47,2.1,467.0,16.1,7.45,46.25,2.9,1.03,35.71,10.48,263.0,9.07,3.52,5.52,1.79,2.72,2.24,0.45,20.0,38.78,32.5,1.1,1.17,1.07,1.52,0.52,0.21,40.0,3.97,0.62,15.65,7.93,2.03,25.65,1.55,19.56
1227,Bundesliga (AT),851397,Konstantin Aleksa,K. Aleksa,2007-04-25,17.5,2.76,6.16,4,4,0,17.0,4.25,0.75,17.65,0.25,0.0,8.43,2.09,12.0,3.0,0.25,8.33,1.0,0.0,0.0,1.25,8.0,2.0,0.25,1.75,0.25,0.75,0.75,0.25,33.33,12.5,14.29,0.25,0.25,0.25,0.25,0.0,0.0,,1.0,0.0,0.0,1.75,1.25,71.43,0.0,0.0
1227,Bundesliga (AT),856265,Edmund  Baidoo,E. Baidoo,2006-01-30,58.0,18.45,12.32,27,27,0,611.0,22.63,13.48,59.57,4.7,0.59,8.31,2.19,450.0,16.67,10.59,63.56,2.63,1.07,40.84,11.85,202.0,7.48,4.37,4.96,2.67,1.93,1.67,0.74,44.44,58.41,53.73,0.52,1.96,0.74,1.93,0.52,0.26,50.0,3.67,0.52,14.14,5.48,1.33,24.32,1.11,20.27
1227,Bundesliga (AT),864671,Marco Philip Hoffmann,M. Hoffmann,2003-11-08,64.34,14.96,20.01,30,30,0,536.0,17.87,8.7,48.69,2.73,0.27,6.39,1.66,329.0,10.97,5.63,51.37,2.93,0.87,29.55,5.17,143.0,4.77,2.53,2.1,0.8,1.13,0.83,0.3,36.0,53.15,38.09,0.87,1.53,0.77,0.8,0.1,0.07,66.67,3.77,0.7,18.58,6.03,0.93,15.47,0.9,14.92
1227,Bundesliga (AT),864673,Philipp Maybach,P. Maybach,2007-12-14,50.75,11.45,14.04,23,23,0,378.0,16.43,12.26,74.6,0.57,0.04,3.24,1.21,209.0,9.09,7.7,84.69,0.57,0.39,69.23,7.3,40.0,1.74,1.61,0.96,0.91,0.17,0.09,0.09,100.0,92.5,95.45,0.39,0.39,0.0,0.09,0.09,0.09,100.0,1.04,0.26,25.0,1.65,0.35,21.05,0.0,0.0
1227,Bundesliga (AT),887935,Abdoulaye Kanté,A. Kanté,2005-05-15,10.62,3.46,2.25,2,2,0,5.0,2.5,0.5,20.0,0.5,0.0,5.14,1.08,4.0,2.0,0.5,25.0,0.0,0.0,,1.5,1.0,0.5,0.0,0.5,0.0,0.5,0.5,0.0,0.0,0.0,0.0,0.0,0.5,0.0,0.0,0.0,0.0,,0.0,0.0,,0.5,0.5,100.0,0.0,0.0
1227,Bundesliga (AT),896655,Kerim-Sam Alajbegović,K. Alajbegović,2007-09-21,71.81,23.02,15.22,28,27,1,1048.0,38.81,24.96,64.31,6.33,0.7,8.6,2.28,794.0,29.41,19.59,66.62,2.37,1.19,50.0,24.52,422.0,15.63,9.78,8.19,4.44,2.04,1.44,0.7,48.72,62.56,54.3,1.96,2.93,0.22,2.15,1.74,0.93,53.19,3.59,0.59,16.5,5.78,1.0,17.31,1.15,19.87
1227,Bundesliga (AT),919562,Mickael Dosso,M. Dosso,2005-08-23,11.98,3.01,4.57,2,2,0,7.0,3.5,2.0,57.14,0.5,0.0,2.06,0.58,5.0,2.5,2.0,80.0,1.0,1.0,100.0,2.0,0.0,0.0,0.0,0.0,0.0,0.0,0.0,0.0,,,,0.5,1.0,0.0,0.0,0.0,0.0,,1.0,0.0,0.0,1.0,0.0,0.0,0.5,50.0
1227,Bundesliga (AT),920280,Chibuike Nwaiwu,C. Nwaiwu,2003-07-23,89.39,25.48,23.2,12,12,0,722.0,60.17,50.92,84.63,1.5,0.08,3.95,1.36,439.0,36.58,33.75,92.26,0.25,0.17,66.67,34.5,93.0,7.75,6.08,2.08,1.58,1.67,0.17,0.17,100.0,78.49,76.0,0.33,0.5,0.0,0.0,0.25,0.08,33.33,0.25,0.0,0.0,0.67,0.17,25.0,0.0,0.0
1227,Bundesliga (AT),929916,Luca Weinhandl,L. Weinhandl,2009-02-11,44.49,10.18,10.2,10,10,0,151.0,15.1,8.9,58.94,1.4,0.1,4.83,1.31,81.0,8.1,5.2,64.2,1.1,0.5,45.45,6.4,29.0,2.9,2.0,1.7,1.0,0.6,0.5,0.3,60.0,68.97,58.82,0.5,1.2,0.2,0.3,0.1,0.1,100.0,1.6,0.2,12.5,2.1,0.5,23.81,0.9,42.86
1227,Bundesliga (AT),962559,Philip Weissenbacher,P. Weissenbacher,2005-06-01,61.95,14.32,15.45,2,1,1,21.0,21.0,12.0,57.14,0.0,0.0,7.72,1.82,13.0,13.0,9.0,69.23,1.0,1.0,100.0,11.0,7.0,7.0,4.0,3.0,1.0,2.0,2.0,1.0,50.0,57.14,33.33,0.0,0.0,0.0,1.0,1.0,0.0,0.0,3.0,0.0,0.0,3.0,2.0,66.67,2.0,66.67
1227,Bundesliga (AT),963070,Adama Drame,A. Drame,2005-01-05,20.52,5.79,7.09,2,2,0,30.0,15.0,11.0,73.33,0.0,0.0,7.89,2.15,20.0,10.0,8.0,80.0,0.0,0.0,,9.5,12.0,6.0,5.0,4.5,4.0,1.5,1.5,1.5,100.0,83.33,88.89,0.0,0.5,0.0,0.0,1.5,1.0,66.67,0.0,0.0,,0.0,0.0,,0.0,
1227,Bundesliga (AT),967167,Daniel Nunoo,D. Nunoo,2006-08-20,40.72,10.13,9.43,5,5,0,76.0,15.2,7.6,50.0,2.2,0.2,6.95,1.93,44.0,8.8,4.6,52.27,1.2,1.0,83.33,6.0,24.0,4.8,2.0,3.0,1.2,1.2,1.2,0.4,33.33,41.67,40.0,0.2,1.0,0.0,1.0,0.4,0.2,50.0,1.8,0.0,0.0,3.8,0.4,10.53,0.4,10.53
1227,Bundesliga (AT),969731,Erkin Yalcin,E. Yalcin,2004-06-14,25.61,6.39,5.78,22,21,1,159.0,7.57,4.43,58.49,1.24,0.1,6.76,1.76,105.0,5.0,3.19,63.81,1.29,0.67,51.85,3.52,45.0,2.14,1.0,1.14,0.57,0.52,0.38,0.1,25.0,46.67,50.0,0.05,0.76,0.1,0.14,0.05,0.0,0.0,1.67,0.29,17.14,2.24,0.57,25.53,0.38,17.02
1227,Bundesliga (AT),976174,Modou Kéba Cissé,M. Cissé,2005-08-04,95.85,24.51,25.43,23,23,0,1081.0,47.0,37.83,80.48,1.83,0.17,5.4,1.74,677.0,29.43,25.74,87.44,0.35,0.09,25.0,27.43,221.0,9.61,7.87,3.43,2.91,1.39,0.26,0.26,100.0,81.9,84.81,0.09,0.22,0.09,0.09,0.39,0.09,22.22,0.43,0.0,0.0,0.65,0.0,0.0,0.09,13.33
1227,Bundesliga (AT),976975,Martin Ndzie,M. Ndzie,2003-01-16,31.55,9.96,6.81,8,8,0,147.0,18.38,14.88,80.95,0.88,0.0,3.72,1.34,105.0,13.12,11.5,87.62,0.25,0.25,100.0,10.75,15.0,1.88,1.38,0.62,0.38,0.25,0.12,0.0,0.0,73.33,60.0,0.75,0.12,0.0,0.0,0.0,0.0,,0.62,0.12,20.0,1.5,0.88,58.33,0.25,16.67
1227,Bundesliga (AT),998079,Ifeanyi Ndukwe,I. Ndukwe,2008-03-03,1.75,0.4,0.17,1,1,0,0.0,0.0,0.0,,0.0,0.0,,,0.0,0.0,0.0,,0.0,0.0,,0.0,0.0,0.0,0.0,0.0,0.0,0.0,0.0,0.0,,,,0.0,0.0,0.0,0.0,0.0,0.0,,0.0,0.0,,0.0,0.0,,0.0,
1227,Bundesliga (AT),999017,Emmanuel Michael,E. Michael,2006-06-16,39.53,13.15,8.94,7,7,0,172.0,24.57,17.14,69.77,2.14,0.14,4.46,1.56,129.0,18.43,13.29,72.09,1.0,0.57,57.14,17.29,30.0,4.29,2.14,2.14,1.0,1.0,0.57,0.14,25.0,50.0,46.67,0.0,1.14,0.0,0.71,0.29,0.14,50.0,1.71,0.57,33.33,2.71,0.43,15.79,0.14,5.26
1227,Bundesliga (AT),999074,Emmanuel Ojukwu,E. Ojukwu,2004-06-13,6.5,0.41,2.21,2,2,0,4.0,2.0,1.0,50.0,1.0,0.5,9.78,1.9,1.0,0.5,0.0,0.0,0.0,0.0,,0.5,1.0,0.5,0.5,0.5,0.5,0.5,0.5,0.5,100.0,100.0,100.0,0.0,0.5,0.0,0.0,0.0,0.0,,0.0,0.0,,0.0,0.0,,0.0,
1227,Bundesliga (AT),1004621,Christian Huetz,C. Huetz,2006-07-03,12.87,2.89,3.25,11,10,1,47.0,4.7,2.3,48.94,0.3,0.0,8.73,2.33,26.0,2.6,1.5,57.69,0.6,0.3,50.0,2.0,19.0,1.9,0.8,1.0,0.3,0.3,0.1,0.1,100.0,42.1,30.0,0.2,0.3,0.0,0.2,0.2,0.0,0.0,0.7,0.0,0.0,1.0,0.4,40.0,0.2,20.0
1227,Bundesliga (AT),1019148,Rassa Rahmani,R. Rahmani,1999-12-14,61.71,16.17,14.28,5,5,0,144.0,28.8,24.2,84.03,1.0,0.0,5.1,1.85,91.0,18.2,16.4,90.11,0.2,0.2,100.0,16.8,33.0,6.6,5.4,2.6,2.0,0.8,0.2,0.2,100.0,81.82,76.92,0.0,1.0,0.0,0.0,0.6,0.4,66.67,0.4,0.0,0.0,1.2,0.6,50.0,0.2,16.67
1227,Bundesliga (AT),1020901,Yann Massombo,Y. Massombo,2000-02-12,86.06,22.34,20.46,31,30,1,861.0,28.7,17.97,62.6,2.57,0.33,4.99,1.39,554.0,18.47,11.9,64.44,3.1,1.43,46.24,13.27,190.0,6.33,3.57,3.67,1.73,1.57,1.27,0.5,39.47,56.32,47.27,0.77,1.57,0.37,0.87,0.47,0.1,21.43,4.53,0.7,15.44,6.37,0.93,14.66,0.73,11.52
1227,Bundesliga (AT),1020936,Joris Boguo,Joris Boguo,2007-10-17,33.11,6.84,7.5,25,24,1,168.0,7.0,3.08,44.05,0.83,0.04,5.73,1.43,100.0,4.17,1.79,43.0,0.71,0.38,52.94,2.96,39.0,1.62,0.38,1.08,0.17,0.58,0.46,0.0,0.0,23.08,15.38,0.25,0.25,0.21,0.12,0.08,0.04,50.0,1.0,0.17,16.67,1.96,0.29,14.89,0.17,8.51
1227,Bundesliga (AT),1020937,David Korherr,D. Korherr,2002-06-24,15.75,5.01,2.88,5,5,0,18.0,3.6,1.4,38.89,0.6,0.0,4.18,1.18,13.0,2.6,0.8,30.77,0.4,0.4,100.0,1.2,3.0,0.6,0.2,0.2,0.0,0.4,0.0,0.0,,33.33,0.0,0.2,0.0,0.2,0.0,0.0,0.0,,1.0,0.4,40.0,1.8,0.2,11.11,0.4,22.22
1227,Bundesliga (AT),1020938,Habib Anas Coulibaly,H. Coulibaly,2003-11-11,71.19,17.01,21.05,17,17,0,517.0,30.41,21.53,70.79,0.71,0.12,5.06,1.62,324.0,19.06,15.29,80.25,0.24,0.06,25.0,17.88,101.0,5.94,3.88,2.18,1.59,0.71,0.35,0.24,66.67,65.35,72.97,0.06,0.59,0.0,0.06,0.76,0.24,30.77,0.35,0.06,16.67,0.82,0.12,14.29,0.0,0.0
1227,Bundesliga (AT),1020939,Lukas Schweighofer,L. Schweighofer,2006-10-27,14.06,2.18,6.38,1,1,0,2.0,2.0,1.0,50.0,0.0,0.0,10.08,2.0,2.0,2.0,1.0,50.0,0.0,0.0,,2.0,1.0,1.0,0.0,1.0,0.0,0.0,0.0,0.0,,0.0,0.0,0.0,0.0,0.0,0.0,1.0,0.0,0.0,0.0,0.0,,0.0,0.0,,0.0,
1227,Bundesliga (AT),1020940,Paul Bratschko,P. Bratschko,2005-10-14,11.66,2.97,2.37,1,1,0,3.0,3.0,3.0,100.0,0.0,0.0,8.41,2.1,2.0,2.0,2.0,100.0,0.0,0.0,,2.0,1.0,1.0,1.0,1.0,1.0,0.0,0.0,0.0,,100.0,100.0,0.0,1.0,0.0,1.0,0.0,0.0,,0.0,0.0,,0.0,0.0,,0.0,
1227,Bundesliga (AT),1021250,Romeo Morth,R. Morth,2007-03-02,22.86,4.98,7.23,2,2,0,17.0,8.5,3.0,35.29,3.0,0.0,4.88,1.38,13.0,6.5,2.0,30.77,0.5,0.0,0.0,4.5,5.0,2.5,1.0,1.0,0.5,0.5,0.0,0.0,,40.0,50.0,1.0,1.0,1.0,0.0,0.5,0.5,100.0,1.0,0.0,0.0,2.5,0.0,0.0,1.5,60.0
1227,Bundesliga (AT),1021251,Dominik Nisandzic,D. Nisandzic,2006-07-08,10.46,3.54,2.45,1,1,0,3.0,3.0,2.0,66.67,0.0,0.0,5.62,1.23,1.0,1.0,1.0,100.0,0.0,0.0,,1.0,1.0,1.0,1.0,0.0,0.0,0.0,0.0,0.0,,100.0,,0.0,0.0,0.0,0.0,0.0,0.0,,0.0,0.0,,0.0,0.0,,0.0,
1227,Bundesliga (AT),1021252,Marijan Österreicher,M. Österreicher,2006-01-11,11.35,3.0,2.46,5,5,0,18.0,3.6,2.4,66.67,0.4,0.0,5.83,1.77,12.0,2.4,1.6,66.67,0.0,0.0,,2.2,4.0,0.8,0.2,0.4,0.2,0.2,0.2,0.2,100.0,25.0,50.0,0.2,0.0,0.0,0.2,0.2,0.0,0.0,0.0,0.0,,0.0,0.0,,0.0,
1227,Bundesliga (AT),1022225,Florent Hajdini,F. Hajdini,2006-09-02,10.42,2.05,3.73,1,1,0,3.0,3.0,2.0,66.67,0.0,0.0,0.42,0.2,1.0,1.0,1.0,100.0,0.0,0.0,,1.0,0.0,0.0,0.0,0.0,0.0,0.0,0.0,0.0,,,,0.0,0.0,0.0,0.0,0.0,0.0,,0.0,0.0,,0.0,0.0,,0.0,
1227,Bundesliga (AT),1023482,Moulaye Haïdara,M. Haïdara,2006-08-01,21.92,3.28,1.24,1,1,0,6.0,6.0,4.0,66.67,2.0,0.0,4.59,1.47,3.0,3.0,3.0,100.0,0.0,0.0,,3.0,1.0,1.0,1.0,1.0,1.0,0.0,0.0,0.0,,100.0,100.0,0.0,0.0,0.0,0.0,0.0,0.0,,0.0,0.0,,0.0,0.0,,0.0,
1227,Bundesliga (AT),1028091,Emmanuel Chukwu,E. Chukwu,2006-11-07,24.78,5.49,6.73,11,11,0,88.0,8.0,4.82,60.23,0.73,0.09,6.56,1.82,59.0,5.36,3.45,64.41,0.45,0.18,40.0,4.64,19.0,1.73,0.82,0.73,0.27,0.82,0.45,0.09,20.0,47.37,37.5,0.36,0.18,0.18,0.27,0.18,0.09,50.0,0.55,0.09,16.67,1.0,0.45,45.45,0.36,36.36
1227,Bundesliga (AT),1028951,Precious Benjamin,P. Benjamin,2006-10-01,20.77,5.15,4.38,7,7,0,36.0,5.14,2.86,55.56,0.71,0.14,4.32,1.31,20.0,2.86,1.71,60.0,0.86,0.14,16.67,1.0,6.0,0.86,0.29,0.71,0.14,0.0,0.0,0.0,,33.33,20.0,0.29,0.86,0.14,0.0,0.14,0.0,0.0,1.43,0.0,0.0,2.0,0.14,7.14,0.43,21.43
1227,Bundesliga (AT),1030848,Arbnor Prenqi,A. Prenqi,2000-05-15,16.34,5.23,2.5,2,2,0,7.0,3.5,2.0,57.14,0.0,0.0,7.23,1.72,6.0,3.0,1.5,50.0,1.0,1.0,100.0,1.5,3.0,1.5,0.5,1.0,0.0,0.5,0.5,0.0,0.0,33.33,0.0,0.0,0.0,0.0,0.0,0.0,0.0,,1.0,1.0,100.0,1.0,0.0,0.0,0.5,50.0
1227,Bundesliga (AT),1030849,Ryan  Wesley Ogam Rabok ,R. Wesley Ogam Rabok,,19.66,2.78,5.03,1,1,0,2.0,2.0,1.0,50.0,1.0,1.0,1.29,0.45,2.0,2.0,1.0,50.0,0.0,0.0,,0.0,0.0,0.0,0.0,0.0,0.0,0.0,0.0,0.0,,,,0.0,0.0,0.0,0.0,0.0,0.0,,0.0,0.0,,0.0,0.0,,0.0,
1227,Bundesliga (AT),1031903,Cheikne   Kébé,C. Kébé,2005-11-26,5.48,0.67,1.8,3,3,0,4.0,1.33,1.33,100.0,0.33,0.33,0.89,0.58,0.0,0.0,0.0,,0.0,0.0,,0.0,0.0,0.0,0.0,0.0,0.0,0.0,0.0,0.0,,,,0.0,0.0,0.0,0.0,0.0,0.0,,0.0,0.0,,0.0,0.0,,0.0,
1227,Bundesliga (AT),1036609,Vasilije  Markovic,V. Markovic,2008-05-12,40.71,9.26,11.62,13,12,1,140.0,11.67,5.67,48.57,1.17,0.08,5.63,1.37,76.0,6.33,2.92,46.05,1.0,0.42,41.67,4.17,32.0,2.67,1.25,1.5,0.5,0.92,0.58,0.0,0.0,46.87,33.33,0.42,1.5,0.17,0.42,0.0,0.0,,1.58,0.33,21.05,2.67,0.33,12.5,0.42,15.62
1227,Bundesliga (AT),1036625,Musibau Aziz,M. Aziz,2006-12-30,30.54,7.58,7.02,7,7,0,67.0,9.57,5.86,61.19,0.86,0.0,5.39,1.36,39.0,5.57,3.86,69.23,0.57,0.29,50.0,4.14,16.0,2.29,1.71,1.0,0.86,0.43,0.29,0.14,50.0,75.0,85.72,0.14,0.71,0.14,0.0,0.0,0.0,,0.86,0.14,16.66,1.57,0.14,9.09,0.14,9.09
1227,Bundesliga (AT),1045860,David Falkner,D. Falkner,2007-06-10,2.43,0.53,0.59,1,1,0,1.0,1.0,1.0,100.0,0.0,0.0,3.43,0.8,1.0,1.0,1.0,100.0,0.0,0.0,,0.0,0.0,0.0,0.0,0.0,0.0,0.0,0.0,0.0,,,,0.0,0.0,0.0,0.0,0.0,0.0,,0.0,0.0,,0.0,0.0,,0.0,
1227,Bundesliga (AT),1067905,Leonit Zeqiri,L. Zeqiri,2008-10-22,37.82,6.94,8.2,1,1,0,14.0,14.0,11.0,78.57,0.0,0.0,4.55,1.56,11.0,11.0,9.0,81.82,0.0,0.0,,10.0,2.0,2.0,0.0,2.0,0.0,0.0,0.0,0.0,,0.0,0.0,1.0,1.0,0.0,0.0,0.0,0.0,,1.0,1.0,100.0,1.0,0.0,0.0,0.0,0.0
