competition_edition,league,player_id,player_name,player_short_name,player_birthdate,minutes,minutes_tip,minutes_otip,performance_count,performance_included_count,performance_failed_count,onballengagement_count_total,onballengagement_count,onballengagement_count_directregain,onballengagement_pct_directregain,onballengagement_count_indirectregain,onballengagement_pct_indirectregain,onballengagement_count_directdisruption,onballengagement_pct_directdisruption,onballengagement_count_indirectdisruption,onballengagement_pct_indirectdisruption,onballengagement_count_abovehsr,onballengagement_count_forcedbackward,onballengagement_pct_forcedbackward,onballengagement_count_beatenbymovement,onballengagement_pct_beatenbymovement,onballengagement_count_beatenbypossession,onballengagement_pct_beatenbypossession,onballengagement_count_pressingchain,onballengagement_count_consecutive,onballengagement_count_forwardtrajectory,onballengagement_count_dangeroussituation,onballengagement_count_dangeroussituation_dangermitigated,onballengagement_pct_dangermitigated,onballengagement_count_linebreakaffected,onballengagement_pct_linebreakaffected
1173,Super Liga (RS),222,Adem Ljajić,A. Ljajić,1991-09-29,75.62,26.0,13.62,2,2,0,41.0,20.5,1.5,7.32,2.5,12.19,0.0,0.0,0.5,2.44,3.0,1.0,4.88,0.0,0.0,1.5,7.32,7.5,2.5,6.0,4.0,0.0,0.0,1.5,7.32
1173,Super Liga (RS),397,Aldo Kalulu Kyatengwa,A. Kalulu,1996-01-21,44.79,13.15,7.79,2,2,0,27.0,13.5,0.5,3.7,2.0,14.82,0.0,0.0,2.0,14.82,2.5,1.0,7.41,0.0,0.0,0.0,0.0,2.5,2.5,6.5,2.0,0.0,0.0,0.5,3.7
1173,Super Liga (RS),6969,Marko Arnautović,M. Arnautović,1989-04-19,64.83,22.35,13.21,16,15,1,257.0,17.13,0.47,2.72,3.4,19.84,0.0,0.0,1.0,5.84,4.07,0.87,5.06,0.0,0.0,0.07,0.39,8.33,2.2,5.8,0.87,0.0,0.0,1.0,5.84
1173,Super Liga (RS),6984,Marko Poletanović,M. Poletanović,1993-07-20,38.64,9.58,10.48,19,19,0,391.0,20.58,1.0,4.86,3.16,15.34,0.11,0.51,0.74,3.58,2.32,1.16,5.63,0.11,0.51,0.47,2.3,5.16,3.32,5.84,7.95,0.63,4.22,1.74,8.44
1173,Super Liga (RS),7149,Matheus Lima Magalhães,Matheus,1992-03-29,98.47,33.39,19.52,31,29,2,0.0,0.0,0.0,,0.0,,0.0,,0.0,,0.0,0.0,,0.0,,0.0,,0.0,0.0,0.0,0.0,0.0,,0.0,
1173,Super Liga (RS),7652,Miloš Kosanović,M. Kosanović,1990-05-28,85.03,25.77,21.63,10,9,1,94.0,10.44,0.0,0.0,3.0,28.72,0.11,1.06,0.56,5.32,1.11,0.0,0.0,0.22,2.13,0.56,5.32,1.67,0.89,1.89,6.67,1.11,10.91,0.0,0.0
1173,Super Liga (RS),7659,Miloš Veljković,M. Veljković,1995-09-26,93.99,30.56,18.25,15,14,1,161.0,11.5,0.5,4.35,3.07,26.71,0.21,1.86,0.71,6.21,1.0,0.36,3.11,0.21,1.86,0.21,1.86,1.79,1.0,2.79,5.07,1.14,12.15,0.21,1.86
1173,Super Liga (RS),7809,Muhamed Bešić,M. Bešić,1992-09-10,76.87,19.52,22.46,21,20,1,384.0,19.2,0.8,4.17,2.95,15.36,0.5,2.6,0.65,3.39,2.5,0.7,3.65,0.5,2.6,0.45,2.34,3.95,2.0,4.9,9.2,2.0,13.13,1.15,5.99
1173,Super Liga (RS),7922,Nenad Tomović,N. Tomović,1987-08-30,89.66,21.69,23.67,29,27,2,368.0,13.63,0.7,5.16,2.96,21.74,0.15,1.09,0.44,3.26,2.93,0.19,1.36,1.0,7.34,0.67,4.89,2.41,1.3,2.41,7.56,1.48,12.07,0.15,1.09
1173,Super Liga (RS),8772,Rade Krunić,R. Krunić,1993-10-07,77.31,26.42,15.16,25,23,2,583.0,25.35,1.78,7.03,5.39,21.27,0.17,0.69,1.09,4.29,4.74,1.09,4.29,0.13,0.51,0.35,1.37,7.13,3.26,5.83,7.26,1.13,4.76,1.26,4.97
1173,Super Liga (RS),9664,Sebastian Polter,S. Polter,1991-04-01,53.5,15.88,10.98,17,17,0,290.0,17.06,0.18,1.03,2.76,16.21,0.06,0.34,1.24,7.24,4.65,0.71,4.14,0.0,0.0,0.06,0.34,6.53,2.06,6.47,0.65,0.0,0.0,0.88,5.17
1173,Super Liga (RS),9982,Stefan Mitrović,S. Mitrović,1990-05-22,87.66,24.09,20.06,15,15,0,161.0,10.73,0.47,4.35,2.4,22.36,0.07,0.62,0.33,3.11,1.53,0.13,1.24,0.33,3.11,0.27,2.48,1.6,0.6,2.13,6.6,1.47,13.86,0.07,0.62
1173,Super Liga (RS),9990,Stefan Šćepović,S. Šćepović,1990-01-10,39.97,10.95,9.5,11,11,0,122.0,11.09,0.18,1.64,1.45,13.12,0.09,0.82,0.45,4.1,3.64,0.36,3.28,0.0,0.0,0.09,0.82,4.82,1.18,2.45,0.64,0.18,8.57,1.27,11.47
1173,Super Liga (RS),10597,Uroš Vitas,U. Vitas,1992-07-06,79.99,19.32,21.27,23,21,2,227.0,10.81,0.57,5.29,2.0,18.5,0.0,0.0,0.43,3.96,2.1,0.38,3.52,0.67,6.17,0.52,4.85,1.52,0.76,2.76,6.38,1.0,11.2,0.48,4.41
1173,Super Liga (RS),10765,Vladimir Stojković,V. Stojković,1983-07-28,100.55,25.52,25.09,10,8,2,0.0,0.0,0.0,,0.0,,0.0,,0.0,,0.0,0.0,,0.0,,0.0,,0.0,0.0,0.0,0.0,0.0,,0.0,
1173,Super Liga (RS),11186,Olivier Thill,O. Thill,1996-12-17,67.97,17.14,19.77,13,13,0,697.0,53.62,1.0,1.86,8.54,15.92,0.46,0.86,1.69,3.16,6.46,4.08,7.61,0.15,0.29,0.54,1.0,21.15,10.62,16.54,7.69,0.69,1.8,5.77,10.76
1173,Super Liga (RS),11290,Alexandre Oukidja,A. Oukidja,1988-07-19,104.5,28.45,25.42,1,1,0,0.0,0.0,0.0,,0.0,,0.0,,0.0,,0.0,0.0,,0.0,,0.0,,0.0,0.0,0.0,0.0,0.0,,0.0,
1173,Super Liga (RS),11815,Milan Rodić,M. Rodić,1991-04-02,72.38,20.1,15.59,12,11,1,145.0,13.18,0.64,4.83,3.0,22.76,0.27,2.07,0.64,4.83,2.09,0.18,1.38,0.91,6.9,0.64,4.83,3.82,1.0,3.55,5.0,1.18,12.46,0.27,2.07
1173,Super Liga (RS),11819,Nemanja Radonjić,N. Radonjić,1996-02-15,39.85,12.33,8.99,10,10,0,164.0,16.4,0.3,1.83,3.0,18.29,0.0,0.0,0.4,2.44,2.1,1.2,7.32,0.1,0.61,0.0,0.0,6.7,3.3,6.3,2.0,0.1,1.43,1.3,7.93
1173,Super Liga (RS),11893,Miloš Degenek,M. Degenek,1994-04-28,88.92,24.42,22.08,13,13,0,243.0,18.69,0.54,2.88,3.92,20.99,0.38,2.06,0.38,2.06,2.92,0.46,2.47,0.92,4.94,0.54,2.88,2.38,1.92,4.77,10.0,3.08,16.65,0.15,0.82
1173,Super Liga (RS),12217,Vukašin Jovanović,V. Jovanović,1996-05-17,97.55,23.86,24.26,13,13,0,150.0,11.54,1.15,10.0,2.0,17.33,0.15,1.33,0.54,4.67,2.46,0.38,3.33,0.23,2.0,0.23,2.0,2.0,0.54,1.92,5.15,0.92,9.04,0.38,3.33
1173,Super Liga (RS),12345,Zoran Popović,Z. Popović,1988-05-28,98.02,28.51,24.53,35,32,3,0.0,0.0,0.0,,0.0,,0.0,,0.0,,0.0,0.0,,0.0,,0.0,,0.0,0.0,0.0,0.0,0.0,,0.0,
1173,Super Liga (RS),12347,Marko  Gobeljić,M. Gobeljić,1992-09-13,80.81,22.09,19.32,26,24,2,505.0,21.04,1.0,4.75,4.58,21.78,0.25,1.19,1.25,5.94,3.0,0.5,2.38,0.25,1.19,1.0,4.75,4.0,2.38,5.42,8.12,1.33,7.83,0.54,2.57
1173,Super Liga (RS),12349,Stefan Hajdin,S. Hajdin,1994-04-15,57.67,13.37,15.31,18,18,0,444.0,24.67,0.83,3.38,3.33,13.51,0.11,0.45,0.94,3.83,3.0,1.33,5.41,0.28,1.13,0.44,1.8,8.0,4.5,7.61,6.28,0.56,2.83,1.56,6.31
1173,Super Liga (RS),12353,Slavoljub Srnić,S. Srnić,1992-01-12,19.07,4.9,5.34,1,1,0,13.0,13.0,0.0,0.0,2.0,15.38,0.0,0.0,0.0,0.0,1.0,1.0,7.69,0.0,0.0,0.0,0.0,4.0,2.0,6.0,1.0,0.0,0.0,2.0,15.38
1173,Super Liga (RS),12358,Dušan Jovančić,D. Jovančić,1990-10-19,43.37,11.12,11.02,18,17,1,437.0,25.71,1.35,5.26,4.71,18.31,0.24,0.92,0.65,2.52,3.24,1.41,5.49,0.0,0.0,0.47,1.83,6.47,4.76,7.0,6.76,0.71,3.62,2.47,9.61
1173,Super Liga (RS),12363,Milan Pavkov,M. Pavkov,1994-02-09,16.21,3.9,3.76,21,20,1,112.0,5.6,0.05,0.89,0.75,13.39,0.0,0.0,0.1,1.79,0.6,0.4,7.14,0.05,0.89,0.05,0.89,1.7,0.65,1.5,0.75,0.0,0.0,0.65,11.61
1173,Super Liga (RS),12833,Nair Tiknizyan,N. Tiknizyan,1999-05-12,65.62,21.53,13.5,26,24,2,510.0,21.25,1.29,6.08,4.71,22.16,0.25,1.18,0.62,2.94,3.96,0.62,2.94,0.17,0.78,0.58,2.75,5.75,3.54,5.79,5.38,0.83,5.36,1.04,4.9
1173,Super Liga (RS),12901,Bibras Natcho,B. Natcho,1988-02-18,36.3,10.88,7.85,32,32,0,420.0,13.12,0.47,3.57,2.31,17.62,0.06,0.48,0.47,3.57,1.66,1.06,8.1,0.0,0.0,0.12,0.95,4.31,1.5,4.28,2.44,0.38,5.47,1.53,11.67
1173,Super Liga (RS),12945,Marko Petković,M. Petković,1992-09-03,30.01,7.42,7.34,6,6,0,33.0,5.5,0.0,0.0,1.67,30.3,0.0,0.0,0.33,6.06,0.67,0.17,3.03,0.17,3.03,0.67,12.12,1.0,0.33,2.0,2.17,0.5,11.54,0.33,6.06
1173,Super Liga (RS),12970,Saša Marković,S. Marković,1991-03-13,23.4,6.65,5.22,11,10,1,110.0,11.0,0.3,2.73,2.5,22.73,0.1,0.91,0.2,1.82,1.4,1.1,10.0,0.0,0.0,0.1,0.91,3.5,1.6,3.0,1.8,0.4,9.12,1.1,10.0
1173,Super Liga (RS),13004,Farid Boulaya,F. Boulaya,1993-02-25,75.23,18.74,19.21,13,13,0,486.0,37.38,0.77,2.06,6.38,17.08,0.15,0.41,1.77,4.73,5.23,3.0,8.02,0.0,0.0,0.08,0.21,17.31,4.54,12.23,2.69,0.15,0.43,3.08,8.23
1173,Super Liga (RS),13071,Nemanja Miletić,N. Miletić,1991-01-16,89.12,21.0,23.81,25,24,1,572.0,23.83,0.79,3.32,4.58,19.23,0.42,1.75,1.12,4.72,2.54,0.79,3.32,0.38,1.57,1.08,4.55,4.92,2.12,5.96,10.58,1.62,8.86,0.92,3.85
1173,Super Liga (RS),13072,Branko Jovičić,B. Jovičić,1993-03-18,70.37,20.81,16.6,26,26,0,721.0,27.73,1.42,5.13,4.92,17.75,0.31,1.11,1.38,4.99,4.0,1.31,4.72,0.35,1.25,0.46,1.66,5.77,3.69,7.0,8.88,1.46,6.34,1.5,5.41
1173,Super Liga (RS),13260,Mirko Ivanić,M. Ivanić,1993-09-13,76.39,26.33,16.16,17,17,0,471.0,27.71,1.06,3.82,4.82,17.41,0.12,0.42,1.12,4.04,3.29,2.29,8.28,0.12,0.42,0.12,0.42,10.71,5.06,10.24,3.71,0.24,1.21,2.18,7.86
1173,Super Liga (RS),13616,Peter Oladeji Olayinka,P. Olayinka,1995-11-16,33.59,10.14,6.69,3,3,0,42.0,14.0,0.0,0.0,3.0,21.43,0.0,0.0,0.33,2.38,3.33,1.67,11.9,0.0,0.0,0.0,0.0,7.67,2.33,3.67,0.67,0.0,0.0,2.33,16.67
1173,Super Liga (RS),13717,Mario Jurčevič,M. Jurčevič,1995-06-01,85.29,27.13,19.01,9,9,0,198.0,22.0,1.22,5.56,3.33,15.15,0.67,3.03,1.0,4.54,2.44,1.11,5.05,0.44,2.02,0.44,2.02,3.44,2.33,5.44,7.67,1.67,10.37,0.67,3.03
1173,Super Liga (RS),13813,Wanderson de Jesus Martins,Caju,1995-07-17,57.92,15.36,15.64,8,8,0,134.0,16.75,0.5,2.99,3.38,20.15,0.5,2.98,0.88,5.23,2.25,1.12,6.72,0.5,2.99,0.5,2.99,2.75,2.12,3.88,7.38,1.75,11.93,1.0,5.97
1173,Super Liga (RS),14198,Lazar Nikolić,L. Nikolić,1999-08-01,97.43,24.46,24.9,33,32,1,1027.0,32.09,2.06,6.43,5.75,17.92,0.56,1.75,1.53,4.77,4.12,1.19,3.7,0.34,1.07,1.22,3.8,7.62,4.44,8.06,11.47,2.0,7.71,1.0,3.12
1173,Super Liga (RS),14205,Yohan Bilingi,Y. Bilingi,1999-02-01,87.29,22.85,24.15,30,30,0,680.0,22.67,1.23,5.44,4.77,21.03,0.27,1.18,1.4,6.18,2.57,0.77,3.38,0.6,2.65,0.87,3.82,3.9,2.37,5.2,10.4,2.2,11.14,0.8,3.53
1173,Super Liga (RS),14739,Cherif Ndiaye,C. Ndiaye,1996-01-23,38.14,13.13,7.45,3,3,0,42.0,14.0,0.0,0.0,4.33,30.95,0.0,0.0,0.33,2.38,1.33,0.67,4.76,0.0,0.0,0.0,0.0,8.0,1.33,4.33,0.0,0.0,,1.33,9.53
1173,Super Liga (RS),15243,Radomir Milosavljević,R. Milosavljević,1992-07-28,91.83,23.2,23.26,28,24,4,979.0,40.79,1.54,3.78,6.79,16.65,0.46,1.12,1.79,4.39,5.88,2.0,4.9,0.21,0.51,0.71,1.74,11.67,5.79,10.83,12.04,2.25,6.51,4.42,10.83
1173,Super Liga (RS),15612,Bruno Duarte da Silva,Bruno Duarte,1996-03-24,65.52,22.46,12.84,27,26,1,682.0,26.23,0.65,2.49,5.04,19.21,0.12,0.44,1.12,4.25,5.77,1.58,6.01,0.0,0.0,0.12,0.44,12.88,4.15,8.04,1.04,0.04,0.41,1.54,5.87
1173,Super Liga (RS),15720,Srdjan Mijailović,S. Mijailović,1993-11-10,77.81,17.14,21.65,20,20,0,930.0,46.5,1.95,4.19,6.45,13.87,0.65,1.4,1.75,3.76,10.15,2.05,4.41,0.25,0.54,0.65,1.4,14.55,10.8,10.65,16.4,2.85,7.35,3.8,8.17
1173,Super Liga (RS),16218,Nedeljko Stojišić,N. Stojišić,1997-09-25,101.41,19.38,32.83,2,2,0,0.0,0.0,0.0,,0.0,,0.0,,0.0,,0.0,0.0,,0.0,,0.0,,0.0,0.0,0.0,0.0,0.0,,0.0,
1173,Super Liga (RS),16596,Luka Capan,L. Capan,1995-04-06,88.37,25.37,22.13,22,22,0,428.0,19.45,1.09,5.61,4.68,24.06,0.32,1.64,0.82,4.21,3.36,0.23,1.17,0.64,3.27,0.86,4.44,2.68,2.77,4.36,10.09,2.36,12.49,0.18,0.93
1173,Super Liga (RS),16851,Vukan Savićević,V. Savićević,1994-01-29,63.23,15.65,15.82,33,32,1,1004.0,31.38,1.16,3.68,5.25,16.73,0.28,0.9,1.38,4.38,4.34,1.22,3.88,0.22,0.7,0.47,1.49,8.84,5.28,7.81,8.78,1.16,4.44,1.91,6.08
1173,Super Liga (RS),17042,Miloš Cvetković,M. Cvetković,1990-01-06,73.94,19.0,19.24,18,17,1,328.0,19.29,0.65,3.36,3.41,17.68,0.29,1.52,1.0,5.18,1.47,0.53,2.74,0.18,0.91,1.0,5.18,4.35,2.71,5.59,7.71,1.18,7.16,0.71,3.66
1173,Super Liga (RS),17062,Yanis Karabelyov,Y. Karabelyov,1996-01-23,69.52,22.71,15.51,20,20,0,611.0,30.55,1.8,5.89,6.2,20.29,0.3,0.98,0.95,3.11,4.8,1.6,5.24,0.4,1.31,0.65,2.13,7.75,6.05,7.45,9.75,1.8,6.33,1.9,6.22
1173,Super Liga (RS),17076,Stefan Ashkovski,S. Ashkovski,1992-02-24,38.58,12.35,8.73,8,6,2,104.0,17.33,0.33,1.92,2.0,11.54,0.0,0.0,0.5,2.88,3.0,1.33,7.69,0.0,0.0,0.33,1.92,4.5,4.67,4.5,3.5,0.33,3.1,0.67,3.85
1173,Super Liga (RS),17087,Evandro da Silva,Evandro,1997-01-14,60.71,15.12,15.58,15,14,1,359.0,25.64,0.71,2.79,4.93,19.22,0.21,0.84,0.86,3.34,4.57,2.64,10.31,0.0,0.0,0.21,0.84,8.71,4.29,9.57,3.29,0.36,1.68,2.0,7.8
1173,Super Liga (RS),17096,Boris Sekulić,B. Sekulić,1991-10-21,95.15,24.8,26.54,28,27,1,669.0,24.78,1.11,4.48,4.85,19.58,0.33,1.34,0.96,3.89,3.0,1.22,4.93,0.59,2.39,0.59,2.39,4.67,3.15,6.44,10.48,1.89,8.28,1.0,4.04
1173,Super Liga (RS),17204,Saša Zdjelar,S. Zdjelar,1995-03-20,91.68,28.16,20.99,13,13,0,509.0,39.15,2.23,5.7,6.85,17.48,0.15,0.39,1.69,4.32,5.08,2.23,5.7,0.23,0.59,0.54,1.37,8.38,5.92,9.85,13.08,2.85,7.92,3.46,8.84
1173,Super Liga (RS),17210,Nemanja Miletić,N. Miletić,1991-07-26,96.41,21.5,26.98,34,33,1,795.0,24.09,1.15,4.78,4.33,17.99,0.52,2.14,1.33,5.53,3.06,1.18,4.91,0.42,1.76,0.79,3.27,4.67,2.36,6.76,9.3,1.33,6.11,0.73,3.02
1173,Super Liga (RS),17214,Danilo Pantić,D. Pantić,1996-10-26,70.81,15.72,23.85,8,8,0,368.0,46.0,0.25,0.54,6.5,14.13,0.25,0.54,1.88,4.08,2.0,2.62,5.71,0.25,0.54,0.5,1.09,9.75,8.0,13.25,13.62,1.38,3.88,5.38,11.68
1173,Super Liga (RS),17329,Djordje Crnomarković,D. Crnomarković,1993-09-10,88.17,22.18,22.35,29,28,1,394.0,14.07,1.0,7.11,3.21,22.84,0.25,1.78,0.5,3.55,2.25,0.29,2.03,0.43,3.05,0.43,3.05,2.14,1.32,3.57,8.32,1.82,13.82,0.11,0.76
1173,Super Liga (RS),17344,Lazar Randelović,L. Randelović,1997-08-05,83.32,20.72,21.02,33,32,1,1388.0,43.38,1.25,2.88,7.16,16.5,0.16,0.36,1.53,3.53,7.84,2.78,6.41,0.06,0.14,0.12,0.29,15.69,8.28,12.91,7.66,0.75,2.66,4.5,10.37
1173,Super Liga (RS),17359,Stefan Milošević,S. Milošević,1995-04-07,81.61,20.08,23.44,25,24,1,644.0,26.83,0.92,3.42,4.04,15.06,0.62,2.33,1.42,5.28,3.33,1.21,4.5,0.46,1.71,0.62,2.33,5.04,4.25,9.04,11.08,1.67,6.87,1.12,4.19
1173,Super Liga (RS),17385,Luka Bijelović,L. Bijelović,2001-04-11,21.67,4.79,5.7,27,26,1,261.0,10.04,0.19,1.92,1.46,14.56,0.12,1.15,0.23,2.3,1.42,0.88,8.81,0.04,0.38,0.12,1.15,3.08,2.27,3.0,1.85,0.38,4.14,0.85,8.43
1173,Super Liga (RS),17506,Filip Holender,F. Holender,1994-07-27,61.2,15.61,17.45,9,9,0,230.0,25.56,0.89,3.48,3.22,12.61,0.11,0.44,1.67,6.52,2.67,1.89,7.39,0.0,0.0,0.33,1.3,7.78,4.0,8.56,4.67,0.67,3.34,2.78,10.87
1173,Super Liga (RS),18576,Gboly Ariyibi,G. Ariyibi,1995-01-18,69.37,16.85,20.42,14,13,1,383.0,29.46,1.08,3.66,3.92,13.32,0.23,0.78,1.08,3.66,2.38,2.46,8.36,0.08,0.26,0.23,0.78,10.54,4.77,9.69,5.08,0.31,2.49,3.23,10.97
1173,Super Liga (RS),19170,Issah Abass,I. Abass,1998-09-26,51.82,12.7,12.36,14,13,1,300.0,23.08,0.62,2.67,3.23,14.0,0.54,2.33,0.92,4.0,2.69,1.69,7.33,0.0,0.0,0.15,0.67,7.92,3.69,8.15,5.15,0.69,4.25,2.23,9.67
1173,Super Liga (RS),19277,Miloš Pantović,M. Pantović,1996-07-07,50.21,13.71,12.38,18,17,1,451.0,26.53,0.65,2.44,4.94,18.63,0.29,1.11,1.06,3.99,4.12,1.18,4.43,0.12,0.44,0.47,1.77,6.71,3.76,6.94,7.18,1.18,5.1,1.94,7.32
1173,Super Liga (RS),19802,Elimane Franck Kanouté,F. Kanouté,1998-12-13,75.13,18.45,20.1,21,19,2,507.0,26.68,1.53,5.72,4.26,15.98,0.26,0.99,0.89,3.35,3.26,1.68,6.31,0.32,1.18,0.53,1.97,7.32,3.32,7.21,9.63,1.53,6.08,1.53,5.72
1173,Super Liga (RS),20127,Žarko Udovičić,Ž. Udovičić,1987-08-31,88.34,21.19,28.64,31,31,0,938.0,30.26,0.97,3.2,4.61,15.24,0.61,2.03,1.81,5.97,2.87,1.42,4.69,0.65,2.13,1.19,3.94,5.52,3.48,9.97,12.32,1.81,6.43,1.74,5.76
1173,Super Liga (RS),22132,Slobodan Simović,S. Simović,1989-05-22,93.19,24.59,22.25,29,27,2,411.0,15.22,0.74,4.87,3.96,26.03,0.15,0.97,0.89,5.84,1.7,0.22,1.46,0.52,3.41,0.7,4.62,1.56,1.74,3.7,8.89,2.52,18.58,0.22,1.46
1173,Super Liga (RS),22217,Nikola Vasiljević,N. Vasiljević,1996-06-24,97.75,22.06,29.82,30,29,1,0.0,0.0,0.0,,0.0,,0.0,,0.0,,0.0,0.0,,0.0,,0.0,,0.0,0.0,0.0,0.0,0.0,,0.0,
1173,Super Liga (RS),22903,Dragan Rosić,D. Rosić,1996-09-22,98.76,24.72,25.19,35,34,1,0.0,0.0,0.0,,0.0,,0.0,,0.0,,0.0,0.0,,0.0,,0.0,,0.0,0.0,0.0,0.0,0.0,,0.0,
1173,Super Liga (RS),22904,Aleksandar Lutovac,A. Lutovac,1997-06-28,87.12,20.71,23.32,24,23,1,826.0,35.91,0.83,2.3,4.52,12.59,0.52,1.45,1.35,3.75,4.17,2.43,6.78,0.17,0.48,0.48,1.33,11.3,4.91,12.52,8.04,0.61,2.06,2.7,7.51
1173,Super Liga (RS),23086,Ugo Bonnet,U. Bonnet,1993-09-17,55.38,12.39,15.83,11,11,0,387.0,35.18,0.64,1.81,3.64,10.33,0.09,0.26,1.55,4.39,6.36,2.09,5.94,0.0,0.0,0.36,1.03,15.18,5.09,9.91,4.73,0.18,0.61,3.91,11.11
1173,Super Liga (RS),23102,Sarpreet Singh,S. Singh,1999-02-20,63.05,18.45,15.06,15,15,0,459.0,30.6,0.8,2.61,4.8,15.69,0.13,0.44,1.0,3.27,3.8,1.67,5.45,0.0,0.0,0.13,0.44,12.87,4.53,8.6,3.27,0.33,1.62,3.53,11.55
1173,Super Liga (RS),23175,Nemanja Milunović,N. Milunović,1989-05-31,78.86,19.52,20.2,9,8,1,127.0,15.88,1.0,6.3,2.12,13.39,0.75,4.72,0.5,3.15,1.38,0.0,0.0,0.88,5.51,0.5,3.15,2.25,1.5,4.0,9.12,2.12,12.88,0.12,0.79
1173,Super Liga (RS),23176,Aleksa Vukanović,A. Vukanović,1992-06-18,71.23,18.63,18.32,34,33,1,1110.0,33.64,0.79,2.34,5.18,15.41,0.12,0.36,1.36,4.05,7.64,1.91,5.68,0.06,0.18,0.0,0.0,15.61,4.7,9.03,2.42,0.27,2.37,3.06,9.1
1173,Super Liga (RS),23523,Aleksandar Katai,A. Katai,1991-02-06,76.58,26.24,15.11,30,28,2,693.0,24.75,0.79,3.17,4.18,16.88,0.07,0.29,1.07,4.33,4.0,1.57,6.35,0.07,0.29,0.11,0.43,11.43,3.54,7.29,1.46,0.25,1.75,1.96,7.94
1173,Super Liga (RS),23528,Irfan Hadžić,I. Hadžić,1993-06-15,31.93,7.34,9.85,28,28,0,586.0,20.93,0.14,0.68,2.68,12.8,0.04,0.17,0.54,2.56,3.36,0.93,4.44,0.0,0.0,0.04,0.17,11.11,3.54,5.18,2.14,0.11,1.6,2.57,12.29
1173,Super Liga (RS),23898,Miloš Vulić,M. Vulić,1996-08-19,79.64,19.65,22.77,30,29,1,1144.0,39.45,1.07,2.71,5.31,13.46,0.28,0.7,1.45,3.67,3.48,2.59,6.56,0.17,0.44,0.48,1.22,13.07,4.86,12.21,8.03,0.93,2.7,3.59,9.09
1173,Super Liga (RS),23899,Njegos Petrovic,N. Petrovic,1999-07-18,83.99,20.9,21.28,33,33,0,1171.0,35.48,1.91,5.38,5.82,16.4,0.33,0.94,1.33,3.76,3.82,1.21,3.42,0.03,0.09,0.7,1.96,8.79,5.33,8.85,10.3,1.36,4.89,2.36,6.66
1173,Super Liga (RS),23979,Djordje Nikolić,D. Nikolić,1997-04-13,99.89,22.97,25.56,5,5,0,0.0,0.0,0.0,,0.0,,0.0,,0.0,,0.0,0.0,,0.0,,0.0,,0.0,0.0,0.0,0.0,0.0,,0.0,
1173,Super Liga (RS),24330,Mihai Butean,M. Butean,1996-09-14,38.99,9.46,10.35,10,10,0,74.0,7.4,0.5,6.76,1.5,20.27,0.2,2.7,0.5,6.76,0.9,0.2,2.7,0.1,1.35,0.2,2.7,1.3,0.3,2.3,3.1,0.4,5.66,0.3,4.05
1173,Super Liga (RS),25038,Boubacari Doucouré,B. Doucouré,1999-03-19,89.89,20.96,26.91,35,34,1,1991.0,58.56,2.44,4.17,9.06,15.47,0.56,0.95,1.82,3.11,6.12,3.91,6.68,0.29,0.5,1.18,2.01,10.44,10.26,14.53,22.15,3.44,6.17,6.12,10.45
1173,Super Liga (RS),25045,Ghayas Zahid,G. Zahid,1994-09-08,22.38,7.18,3.93,11,11,0,82.0,7.45,0.36,4.88,1.36,18.29,0.0,0.0,0.09,1.22,0.45,0.64,8.54,0.09,1.22,0.09,1.22,1.36,1.09,2.55,1.55,0.36,9.4,0.36,4.88
1173,Super Liga (RS),25060,Moussa Sissako,M. Sissako,2000-11-10,59.97,14.39,16.99,25,25,0,391.0,15.64,0.64,4.09,2.88,18.42,0.32,2.05,0.28,1.79,1.32,0.84,5.37,0.48,3.07,0.28,1.79,3.0,1.52,3.56,6.8,1.32,11.68,1.24,7.93
1173,Super Liga (RS),25619,Ismael Casas Casado,Ismael Casas,2001-03-07,95.03,22.99,25.28,27,27,0,804.0,29.78,1.56,5.22,5.33,17.91,0.63,2.11,1.41,4.73,3.78,1.19,3.98,0.56,1.86,0.56,1.87,5.63,4.04,7.67,9.67,1.59,6.19,0.93,3.11
1173,Super Liga (RS),25836,Iván Martos Campillo,Iván Martos,1997-05-15,93.64,22.91,24.04,14,14,0,329.0,23.5,0.86,3.65,4.71,20.06,0.29,1.22,1.64,6.99,3.5,1.29,5.47,0.14,0.61,0.57,2.43,5.29,2.71,7.07,7.93,1.29,5.7,1.36,5.77
1173,Super Liga (RS),27272,Rodrigo de Souza Prado,Rodrigão,1995-09-11,86.02,29.52,17.08,21,20,1,310.0,15.5,0.9,5.81,4.25,27.42,0.05,0.32,0.55,3.55,1.85,0.45,2.9,0.45,2.9,0.5,3.23,3.6,1.6,3.8,6.15,1.6,10.76,0.55,3.55
1173,Super Liga (RS),28249,Lucas Barros da Cunha,Lucas Barros,1999-08-21,79.31,18.77,19.88,22,22,0,473.0,21.5,1.18,5.5,4.82,22.41,0.68,3.17,0.77,3.59,3.41,0.86,4.02,0.41,1.9,0.68,3.17,4.14,1.95,5.82,9.27,2.18,12.83,0.73,3.38
1173,Super Liga (RS),28868,Nikola Mirković,N. Mirković,1991-07-26,98.15,26.21,23.98,9,8,1,0.0,0.0,0.0,,0.0,,0.0,,0.0,,0.0,0.0,,0.0,,0.0,,0.0,0.0,0.0,0.0,0.0,,0.0,
1173,Super Liga (RS),29011,Nemanja Milojević,N. Milojević,1998-02-23,53.52,12.29,18.62,27,27,0,967.0,35.81,1.0,2.79,4.59,12.82,0.41,1.14,1.11,3.1,4.0,2.3,6.41,0.37,1.03,0.33,0.93,8.22,5.33,9.26,10.89,1.22,3.97,4.37,12.2
1173,Super Liga (RS),29661,Nikola Kuveljić,N. Kuveljić,1997-04-06,80.94,22.47,23.17,14,14,0,577.0,41.21,1.5,3.64,6.43,15.6,0.29,0.69,1.07,2.6,3.93,3.07,7.45,0.29,0.69,0.5,1.21,11.93,5.5,13.71,13.79,1.79,5.02,3.71,9.01
1173,Super Liga (RS),29669,Milan Radin,M. Radin,1991-06-25,70.13,19.1,17.5,23,23,0,825.0,35.87,1.26,3.51,6.91,19.27,0.3,0.85,1.43,4.0,4.57,1.74,4.85,0.13,0.36,0.43,1.21,10.3,5.74,10.87,9.78,1.91,6.21,3.04,8.49
1173,Super Liga (RS),29717,Alen Stevanović,A. Stevanović,1991-01-07,17.58,3.82,6.57,1,1,0,15.0,15.0,1.0,6.67,0.0,0.0,0.0,0.0,0.0,0.0,2.0,4.0,26.67,0.0,0.0,0.0,0.0,6.0,6.0,4.0,0.0,0.0,,4.0,26.67
1173,Super Liga (RS),29785,Saša Jovanović,S. Jovanović,1991-12-15,77.1,22.16,18.27,29,29,0,992.0,34.21,0.31,0.91,5.79,16.93,0.14,0.4,1.59,4.64,8.38,1.9,5.54,0.07,0.2,0.1,0.3,17.79,5.79,10.14,1.55,0.24,2.21,3.0,8.77
1173,Super Liga (RS),29841,Sylvester  Jasper,S. Jasper,2001-09-13,81.82,25.04,19.51,32,30,2,1170.0,39.0,0.83,2.14,4.93,12.65,0.27,0.68,1.87,4.79,6.83,2.83,7.27,0.2,0.51,0.33,0.85,17.83,7.53,14.13,5.8,0.67,2.02,4.37,11.2
1173,Super Liga (RS),29908,Dragoljub Savić,D. Savić,2001-04-25,57.79,16.29,13.48,34,34,0,709.0,20.85,0.56,2.68,3.03,14.53,0.15,0.71,0.71,3.38,4.29,1.47,7.05,0.06,0.28,0.29,1.41,6.82,2.79,7.29,2.15,0.12,1.18,2.32,11.14
1173,Super Liga (RS),30277,Felício Mendes João Milson,Milson,1999-10-12,65.02,22.65,12.45,13,13,0,364.0,28.0,1.38,4.94,4.69,16.76,0.23,0.82,1.23,4.4,3.69,1.46,5.22,0.0,0.0,0.08,0.28,9.38,6.08,7.15,3.23,0.46,3.51,3.0,10.71
1173,Super Liga (RS),31089,Paul Mbong,P. Mbong,2001-09-02,41.67,11.33,10.2,5,5,0,125.0,25.0,1.4,5.6,3.8,15.2,0.0,0.0,0.4,1.6,2.4,1.2,4.8,0.0,0.0,0.2,0.8,10.2,5.8,8.0,3.0,0.0,0.0,1.4,5.6
1173,Super Liga (RS),31402,Loué Bayéré Junior,L. Bayere,2001-01-14,71.57,17.08,21.44,31,30,1,892.0,29.73,0.27,0.9,3.77,12.67,0.07,0.22,1.3,4.37,8.53,1.7,5.72,0.1,0.34,0.1,0.34,12.53,4.33,7.3,2.47,0.23,1.69,3.5,11.77
1173,Super Liga (RS),31553,Lincoln Corrêa dos Santos,Lincoln,2000-12-16,68.05,16.76,19.73,16,15,1,637.0,42.47,1.2,2.83,5.0,11.77,0.27,0.63,1.53,3.61,8.47,3.07,7.22,0.0,0.0,0.07,0.16,19.13,7.4,13.0,1.93,0.07,0.16,4.2,9.89
1173,Super Liga (RS),31589,Ezequiel Santos da Silva,Ezequiel,1998-03-09,72.49,18.99,21.63,13,13,0,645.0,49.62,1.31,2.64,5.69,11.47,0.08,0.16,2.15,4.34,9.15,3.54,7.13,0.15,0.31,0.15,0.31,18.54,7.85,14.15,7.54,0.69,1.84,4.69,9.46
1173,Super Liga (RS),32162,Egor Prutsev,E. Prutsev,2002-12-23,59.11,15.99,15.56,18,18,0,620.0,34.44,0.78,2.26,6.11,17.74,0.17,0.48,1.17,3.39,3.28,1.67,4.84,0.0,0.0,0.33,0.97,8.94,5.72,9.78,6.89,0.67,2.63,3.11,9.03
1173,Super Liga (RS),32169,Stefan Milić,S. Milić,2000-07-06,84.53,26.23,18.59,31,31,0,528.0,17.03,1.13,6.63,3.87,22.73,0.23,1.33,0.87,5.11,2.94,0.39,2.27,0.48,2.84,0.39,2.27,2.87,2.03,3.9,8.94,1.84,12.51,0.35,2.08
1173,Super Liga (RS),32444,Baptiste Roux,B. Roux,1999-11-26,85.84,24.78,20.74,25,25,0,341.0,13.64,0.88,6.45,2.56,18.77,0.24,1.76,0.56,4.11,2.56,0.24,1.76,0.56,4.1,0.72,5.28,2.12,1.56,3.28,7.04,1.56,12.25,0.08,0.59
1173,Super Liga (RS),32533,Strahinja Eraković,S. Eraković,2001-01-22,87.75,29.35,16.23,13,11,2,166.0,15.09,1.0,6.63,3.64,24.1,0.27,1.81,0.64,4.22,3.36,0.36,2.41,0.18,1.2,0.91,6.02,3.27,1.64,4.27,5.82,1.18,9.96,0.64,4.22
1173,Super Liga (RS),33160,Yankuba Jarju,Y. Jarju,1996-08-20,33.24,9.19,8.34,12,11,1,182.0,16.55,0.64,3.85,2.45,14.83,0.0,0.0,0.55,3.3,5.36,1.55,9.34,0.0,0.0,0.09,0.55,7.64,3.09,5.27,1.45,0.09,3.57,1.82,10.99
1173,Super Liga (RS),33163,Antoine Batisse,A. Batisse,1995-01-13,85.51,20.93,24.6,16,16,0,233.0,14.56,0.81,5.58,2.38,16.31,0.06,0.43,0.69,4.72,1.5,0.5,3.43,0.5,3.43,0.31,2.15,2.12,1.12,3.69,8.62,1.94,13.38,0.19,1.29
1173,Super Liga (RS),33380,Demba Seck,D. Seck,2001-02-10,85.56,26.74,19.32,35,35,0,1400.0,40.0,1.14,2.86,6.54,16.36,0.11,0.29,1.37,3.43,7.69,3.17,7.93,0.06,0.14,0.34,0.86,14.86,6.97,13.26,6.2,0.71,2.23,4.37,10.93
1173,Super Liga (RS),33503,Slobodan Tedić,S. Tedić,2000-04-13,89.04,21.69,23.36,36,34,2,1498.0,44.06,0.5,1.14,5.97,13.55,0.15,0.33,1.44,3.27,10.79,2.5,5.67,0.0,0.0,0.03,0.07,24.88,7.38,14.47,2.5,0.29,1.94,5.09,11.55
1173,Super Liga (RS),33855,Nikola Boranijašević,N. Boranijašević,1992-05-19,66.27,15.77,22.34,16,16,0,555.0,34.69,0.81,2.34,6.69,19.28,0.31,0.9,1.44,4.14,2.69,2.0,5.77,0.56,1.62,0.56,1.62,9.25,4.5,11.25,11.69,1.38,5.7,2.88,8.29
1173,Super Liga (RS),35066,John Mary Honi Uzuegbunam,Honi Uzuegbunam,1993-03-09,36.03,8.54,8.58,24,23,1,283.0,12.3,0.26,2.12,1.52,12.37,0.0,0.0,0.74,6.01,2.39,0.96,7.77,0.04,0.35,0.0,0.0,5.3,1.57,3.3,0.78,0.04,0.12,1.3,10.6
1173,Super Liga (RS),35269,Sambou Sissoko,S. Sissoko,2000-06-29,87.01,20.89,23.12,32,30,2,1362.0,45.4,2.07,4.55,6.87,15.12,0.43,0.95,1.6,3.52,5.9,2.9,6.39,0.23,0.51,0.6,1.32,14.37,7.3,12.9,13.7,1.93,5.03,3.97,8.74
1173,Super Liga (RS),35361,Omri Glazer,O. Glazer,1996-03-11,96.34,31.81,18.88,5,5,0,0.0,0.0,0.0,,0.0,,0.0,,0.0,,0.0,0.0,,0.0,,0.0,,0.0,0.0,0.0,0.0,0.0,,0.0,
1173,Super Liga (RS),35848,José Daniel Mulato Palacios,J. Mulato,2003-01-09,56.46,15.19,15.31,6,6,0,189.0,31.5,0.5,1.59,3.67,11.64,0.0,0.0,1.33,4.23,8.67,1.67,5.29,0.0,0.0,0.33,1.06,15.33,4.83,7.0,1.67,0.17,0.94,3.83,12.17
1173,Super Liga (RS),35977,António Pina Gomes,A. Gomes,2000-08-29,37.73,10.64,9.15,5,5,0,117.0,23.4,0.6,2.56,4.6,19.66,0.2,0.85,1.2,5.13,2.4,0.8,3.42,0.0,0.0,0.2,0.85,6.6,4.8,7.2,3.8,0.4,1.97,2.6,11.11
1173,Super Liga (RS),37003,Milan Vukotić,M. Vukotić,2002-10-05,86.8,27.52,19.18,35,35,0,1262.0,36.06,1.17,3.25,5.94,16.48,0.31,0.87,1.17,3.25,6.31,2.06,5.7,0.26,0.71,0.71,1.98,12.23,6.23,10.71,7.23,0.97,3.26,2.74,7.61
1173,Super Liga (RS),37099,Jovan Nišić,J. Nišić,1998-03-03,54.12,15.02,12.88,13,12,1,390.0,32.5,1.33,4.1,6.5,20.0,0.17,0.51,0.83,2.56,3.83,2.0,6.15,0.08,0.26,0.58,1.8,9.58,6.83,7.58,7.33,0.92,3.49,1.83,5.64
1173,Super Liga (RS),37105,Miloš Pantović,M. Pantović,2002-08-24,34.41,10.37,8.69,3,3,0,38.0,12.67,0.33,2.63,1.67,13.16,0.0,0.0,0.33,2.63,2.0,1.67,13.16,0.0,0.0,0.0,0.0,3.0,1.67,2.67,2.0,0.33,3.51,0.67,5.26
1173,Super Liga (RS),37106,Miloje Preković,M. Preković,1991-06-07,95.69,24.71,29.46,4,4,0,0.0,0.0,0.0,,0.0,,0.0,,0.0,,0.0,0.0,,0.0,,0.0,,0.0,0.0,0.0,0.0,0.0,,0.0,
1173,Super Liga (RS),37108,Miloš Krunić,M. Krunić,1996-11-22,94.96,27.69,21.7,3,3,0,0.0,0.0,0.0,,0.0,,0.0,,0.0,,0.0,0.0,,0.0,,0.0,,0.0,0.0,0.0,0.0,0.0,,0.0,
1173,Super Liga (RS),37122,Miloš Šatara,M. Šatara,1995-10-28,88.38,24.92,20.52,9,9,0,94.0,10.44,0.11,1.06,1.89,18.09,0.11,1.06,0.33,3.19,0.78,0.33,3.19,0.33,3.19,0.11,1.06,1.78,0.56,2.11,4.56,1.11,13.01,0.11,1.06
1173,Super Liga (RS),37125,Filip Zunić,F. Zunić,2002-05-16,71.12,17.15,23.71,24,24,0,1081.0,45.04,1.67,3.7,5.92,13.14,0.29,0.65,1.62,3.61,4.67,3.0,6.66,0.25,0.55,0.62,1.39,11.79,7.54,12.04,14.29,1.67,4.61,4.67,10.36
1173,Super Liga (RS),37134,Bojica Nikčević,B. Nikčević,2000-02-04,54.06,12.5,15.4,24,22,2,470.0,21.36,0.59,2.77,2.55,11.91,0.14,0.64,1.05,4.89,2.41,0.77,3.62,0.27,1.28,0.55,2.55,5.95,3.14,6.18,6.45,0.86,5.69,1.73,8.09
1173,Super Liga (RS),37139,Nikola Vukajlović,N. Vukajlović,1996-05-13,71.27,17.1,20.9,24,24,0,516.0,21.5,0.75,3.49,3.21,14.92,0.38,1.74,1.21,5.62,2.62,0.71,3.29,0.5,2.33,0.75,3.49,4.0,2.58,5.25,8.54,1.08,6.23,1.08,5.04
1173,Super Liga (RS),37159,Janko Tumbasević,J. Tumbasević,1985-01-14,76.61,18.23,25.17,30,30,0,1523.0,50.77,1.7,3.35,7.17,14.12,0.17,0.33,1.67,3.28,3.6,2.8,5.52,0.33,0.66,0.7,1.38,12.63,9.27,13.53,15.57,2.1,4.27,5.23,10.31
1173,Super Liga (RS),37173,Borko Duronjić,B. Duronjić,1997-09-24,58.85,13.56,15.61,23,21,2,647.0,30.81,0.71,2.32,5.24,17.0,0.24,0.77,1.76,5.72,4.19,2.43,7.88,0.05,0.15,0.33,1.08,10.71,5.29,11.62,5.0,0.67,2.59,3.05,9.89
1173,Super Liga (RS),37177,Lazar Tufegdžić,L. Tufegdžić,1997-02-22,47.98,12.58,10.84,23,21,2,517.0,24.62,0.76,3.1,3.76,15.28,0.24,0.97,1.19,4.84,4.1,1.05,4.26,0.1,0.39,0.29,1.16,8.19,4.52,6.81,4.1,0.57,3.48,1.76,7.16
1173,Super Liga (RS),37198,Nemanja Krstić,N. Krstić,1994-08-05,20.53,3.29,6.04,4,4,0,66.0,16.5,0.25,1.51,1.5,9.09,0.0,0.0,1.0,6.06,1.5,1.5,9.09,0.0,0.0,0.0,0.0,2.5,3.25,3.0,6.0,0.25,1.6,2.5,15.15
1173,Super Liga (RS),37468,Stefan Vilotić,S. Vilotić,1999-10-16,68.84,14.7,21.38,21,20,1,394.0,19.7,0.55,2.79,2.8,14.21,0.25,1.27,0.95,4.82,1.85,0.7,3.55,0.45,2.28,0.75,3.81,2.65,1.75,5.6,8.5,1.3,7.28,0.8,4.06
1173,Super Liga (RS),37903,Kayque Luiz Pereira,Kayque,2000-07-12,94.15,19.67,28.14,3,3,0,145.0,48.33,0.67,1.38,4.33,8.96,1.0,2.07,3.0,6.2,5.67,4.0,8.28,0.33,0.69,1.0,2.07,10.67,6.33,13.0,14.67,2.33,4.76,3.67,7.59
1173,Super Liga (RS),38544,Kwaku Bonsu Osei,B. Osei,2000-08-17,72.9,18.83,20.68,32,31,1,1078.0,34.77,0.58,1.67,4.42,12.71,0.13,0.37,1.39,3.99,7.1,2.06,5.94,0.06,0.19,0.23,0.65,13.61,4.45,11.35,3.61,0.29,1.39,2.45,7.05
1173,Super Liga (RS),40823,Ebenezer Isaac Annan,E. Annan,2002-08-21,16.82,4.07,3.58,1,1,0,6.0,6.0,0.0,0.0,0.0,0.0,1.0,16.67,0.0,0.0,2.0,0.0,0.0,0.0,0.0,0.0,0.0,2.0,0.0,1.0,1.0,0.0,0.0,1.0,16.67
1173,Super Liga (RS),46130,Lazar Mijović,L. Mijović,2003-03-12,50.07,12.99,12.42,12,12,0,295.0,24.58,0.67,2.71,4.42,17.97,0.08,0.34,0.92,3.73,4.42,1.25,5.08,0.33,1.36,0.08,0.34,9.67,5.42,8.42,4.5,0.25,1.41,2.67,10.85
1173,Super Liga (RS),46171,Aleksandar Pejović,A. Pejović,1990-12-28,64.61,14.84,16.48,29,28,1,874.0,31.21,1.14,3.66,5.18,16.59,0.46,1.49,0.96,3.09,2.68,1.75,5.61,0.25,0.8,0.5,1.6,7.11,4.71,9.0,10.07,1.25,5.45,2.25,7.21
1173,Super Liga (RS),49411,Petar Bojić,P. Bojić,1991-09-04,65.14,15.53,21.66,29,29,0,955.0,32.93,0.41,1.26,4.07,12.36,0.14,0.42,1.28,3.87,3.66,2.07,6.28,0.0,0.0,0.1,0.31,13.31,3.24,10.31,3.62,0.21,1.6,2.97,9.0
1173,Super Liga (RS),49412,Nikola Andrič,N. Andrič,1992-05-23,83.65,19.29,28.36,23,23,0,642.0,27.91,1.04,3.74,5.43,19.47,0.43,1.56,1.09,3.89,2.57,1.26,4.52,0.39,1.4,0.52,1.87,6.17,3.7,10.04,11.52,2.35,10.9,1.65,5.92
1173,Super Liga (RS),49414,Arandjel Stojković,A. Stojković,1995-03-02,51.58,15.13,12.38,16,16,0,234.0,14.62,0.31,2.14,2.88,19.66,0.25,1.71,0.94,6.41,1.38,0.81,5.56,0.19,1.28,0.69,4.7,3.12,1.5,4.06,5.38,1.06,9.68,0.31,2.14
1173,Super Liga (RS),49675,Radivoj Bosić,R. Bosić,2000-12-01,80.59,22.39,19.85,31,28,3,965.0,34.46,1.07,3.11,5.57,16.17,0.11,0.31,1.64,4.77,9.68,1.64,4.77,0.11,0.31,0.32,0.93,13.14,6.07,11.18,4.86,0.68,2.23,3.14,9.12
1173,Super Liga (RS),49677,Timi Max Elšnik,T. Elšnik,1998-04-29,72.32,24.5,14.2,28,26,2,741.0,28.5,1.04,3.64,6.73,23.62,0.15,0.54,1.23,4.32,4.73,1.46,5.13,0.12,0.4,0.54,1.89,8.5,4.23,7.88,5.85,0.65,2.86,2.42,8.5
1173,Super Liga (RS),49713,Ognjen Čančarević,O. Čančarević,1989-09-25,97.35,23.3,25.16,15,15,0,0.0,0.0,0.0,,0.0,,0.0,,0.0,,0.0,0.0,,0.0,,0.0,,0.0,0.0,0.0,0.0,0.0,,0.0,
1173,Super Liga (RS),49745,Issa Bah,I. Bah,2002-07-05,63.92,15.79,16.26,18,16,2,477.0,29.81,1.06,3.56,5.0,16.77,0.19,0.63,1.06,3.56,5.19,2.19,7.34,0.0,0.0,0.12,0.42,10.56,5.62,10.94,3.81,0.56,1.55,1.75,5.87
1173,Super Liga (RS),50067,Igor Ivanović,I. Ivanović,1997-07-28,51.79,15.99,9.48,6,5,1,79.0,15.8,0.6,3.8,2.4,15.19,0.0,0.0,0.6,3.8,1.8,0.4,2.53,0.2,1.27,0.2,1.27,6.2,2.4,4.8,1.2,0.2,8.33,1.6,10.13
1173,Super Liga (RS),57215,Haris Hajdarević,H. Hajdarević,1998-10-07,72.99,16.3,19.19,35,33,2,1511.0,45.79,0.97,2.12,6.94,15.15,0.06,0.13,1.88,4.1,4.27,3.03,6.62,0.06,0.13,0.18,0.4,17.18,6.79,12.91,7.06,0.7,2.23,4.45,9.73
1173,Super Liga (RS),58654,Abdul Razak Yusif,A. Yusif,2001-08-09,71.88,20.71,18.67,19,17,2,384.0,22.59,0.59,2.6,3.59,15.88,0.41,1.82,1.24,5.47,3.35,0.94,4.17,0.53,2.34,0.71,3.12,5.53,2.18,4.82,9.65,1.47,7.96,0.88,3.91
1173,Super Liga (RS),59891,Aleksandar Cvetković,A. Cvetković,1995-06-04,57.98,19.43,13.78,1,1,0,11.0,11.0,0.0,0.0,2.0,18.18,1.0,9.09,1.0,9.09,3.0,1.0,9.09,2.0,18.18,0.0,0.0,0.0,1.0,0.0,6.0,2.0,18.18,0.0,0.0
1173,Super Liga (RS),60647,Edmund Addo,E. Addo,2000-05-17,71.57,18.13,18.02,20,19,1,726.0,38.21,2.11,5.51,6.11,15.98,0.42,1.1,0.84,2.2,4.21,1.53,3.99,0.21,0.55,1.11,2.89,9.0,4.58,9.42,13.05,2.42,7.22,3.0,7.85
1173,Super Liga (RS),60818,Bubacar Boi Djaló,B. Djaló,1997-02-02,42.46,12.67,12.18,3,3,0,66.0,22.0,0.33,1.52,3.67,16.67,0.0,0.0,0.67,3.03,4.67,1.0,4.55,0.0,0.0,0.67,3.03,5.67,3.67,2.67,6.67,0.67,3.67,1.67,7.58
1173,Super Liga (RS),61681,Tomás Romano Pereira dos Santos Händel,Tomás Händel,2000-11-27,57.56,19.9,11.27,27,25,2,537.0,21.48,1.0,4.65,4.16,19.37,0.08,0.37,0.56,2.61,2.56,1.08,5.03,0.2,0.93,0.16,0.74,6.68,3.4,5.88,4.68,0.8,4.11,1.4,6.52
1173,Super Liga (RS),61721,Mohamed Cissé,M. Cissé,2001-04-26,76.8,19.48,19.83,13,13,0,401.0,30.85,1.46,4.74,4.85,15.71,0.31,1.0,1.0,3.24,5.15,2.31,7.48,0.23,0.75,0.46,1.5,8.0,3.92,7.08,5.77,0.77,3.5,2.46,7.98
1173,Super Liga (RS),61740,Vieiri Kotzebue,V. Kotzebue,2002-08-31,53.42,12.57,16.08,16,16,0,584.0,36.5,0.44,1.2,5.56,15.24,0.19,0.51,1.38,3.77,10.31,1.81,4.97,0.0,0.0,0.12,0.34,19.5,5.12,10.0,1.94,0.19,0.58,3.88,10.62
1173,Super Liga (RS),61741,Ayouba Kosiah,A. Kosiah,2001-07-22,47.77,10.07,14.39,10,9,1,247.0,27.44,0.33,1.22,3.11,11.34,0.0,0.0,0.44,1.62,7.89,1.33,4.86,0.0,0.0,0.11,0.4,14.0,3.0,7.78,1.78,0.0,0.0,4.0,14.58
1173,Super Liga (RS),63428,Charly Keita,C. Keita,1999-06-16,55.44,13.72,14.32,22,22,0,533.0,24.23,0.41,1.69,3.18,13.13,0.14,0.56,1.14,4.69,3.91,1.5,6.19,0.0,0.0,0.05,0.19,13.14,3.23,7.59,0.77,0.05,0.63,3.18,13.13
1173,Super Liga (RS),64253,Uroš Kabić,U. Kabić,2004-01-01,48.11,12.87,12.12,26,24,2,537.0,22.38,0.92,4.1,3.62,16.2,0.25,1.12,0.79,3.54,5.33,1.08,4.84,0.12,0.56,0.46,2.05,6.08,3.5,7.04,5.54,0.58,4.37,2.21,9.87
1173,Super Liga (RS),64255,Igor Jeličić,I. Jeličić,2000-02-28,41.12,6.82,15.67,3,3,0,39.0,13.0,0.33,2.56,0.67,5.13,0.0,0.0,0.67,5.13,1.0,0.33,2.56,0.0,0.0,1.33,10.26,3.0,2.0,3.33,9.0,1.33,9.32,0.0,0.0
1173,Super Liga (RS),64257,Nikola Simić,N. Simić,1996-12-21,97.27,28.23,23.39,30,30,0,0.0,0.0,0.0,,0.0,,0.0,,0.0,,0.0,0.0,,0.0,,0.0,,0.0,0.0,0.0,0.0,0.0,,0.0,
1173,Super Liga (RS),64260,Vladimir Miletić,V. Miletić,2003-03-05,74.35,17.38,22.02,25,25,0,1177.0,47.08,1.96,4.16,7.28,15.46,0.72,1.53,1.88,3.99,5.84,2.48,5.27,0.24,0.51,1.04,2.21,10.92,8.96,13.44,15.64,2.52,6.85,3.56,7.56
1173,Super Liga (RS),64261,Nebojša Bastajić,N. Bastajić,1990-08-20,71.34,17.49,20.71,24,23,1,971.0,42.22,0.74,1.75,5.78,13.7,0.3,0.72,1.48,3.5,5.57,2.91,6.9,0.17,0.41,0.35,0.82,17.91,7.3,13.91,6.04,0.65,1.82,4.26,10.09
1173,Super Liga (RS),64297,Mehmed Ćosić,M. Ćosić,1997-06-25,67.23,18.81,15.73,24,22,2,443.0,20.14,0.82,4.06,4.05,20.09,0.23,1.13,1.14,5.64,2.5,0.95,4.74,0.23,1.13,0.59,2.93,4.41,3.0,5.41,6.73,1.41,8.05,0.45,2.26
1173,Super Liga (RS),64387,Marko Docić,M. Docić,1993-04-21,75.64,19.31,19.15,25,23,2,846.0,36.78,1.22,3.31,5.39,14.66,0.52,1.42,1.26,3.43,3.0,2.04,5.55,0.17,0.47,0.57,1.54,11.7,5.87,11.43,10.17,1.48,4.41,3.17,8.63
1173,Super Liga (RS),64388,Stefan Šapić,S. Šapić,1997-02-26,93.54,23.01,24.12,12,12,0,160.0,13.33,0.42,3.12,3.42,25.63,0.08,0.62,0.92,6.87,2.0,0.25,1.88,0.5,3.75,0.67,5.0,2.08,1.75,2.58,7.33,1.58,12.56,0.08,0.62
1173,Super Liga (RS),64710,Miljan Ilić,M. Ilić,1993-05-23,89.37,22.59,23.37,30,26,4,627.0,24.12,1.31,5.42,5.08,21.05,0.23,0.96,1.46,6.06,2.62,1.12,4.63,0.31,1.28,0.58,2.39,4.92,2.85,7.65,9.12,2.04,10.09,0.77,3.19
1173,Super Liga (RS),64712,Milan Mitrović,M. Mitrović,1988-07-02,77.39,21.25,17.6,19,18,1,168.0,9.33,0.5,5.36,2.33,25.0,0.06,0.59,0.33,3.57,1.5,0.17,1.79,0.39,4.17,0.56,5.95,1.11,0.56,2.0,5.44,1.17,13.5,0.06,0.59
1173,Super Liga (RS),64751,Sava Petrov,S. Petrov,1998-06-18,42.86,11.81,10.96,17,15,2,365.0,24.33,0.27,1.1,3.87,15.89,0.0,0.0,1.4,5.75,6.47,1.6,6.57,0.0,0.0,0.0,0.0,12.2,4.73,7.27,1.8,0.07,0.24,1.73,7.12
1173,Super Liga (RS),65367,Bamidele Yusuf,D. Yusuf,2001-02-22,98.22,26.61,25.4,5,5,0,171.0,34.2,1.6,4.68,5.0,14.62,0.4,1.17,1.0,2.92,8.2,1.4,4.09,0.0,0.0,0.0,0.0,13.2,3.6,13.4,4.2,0.4,1.6,3.4,9.94
1173,Super Liga (RS),66247,Jérémy Manzorro,J. Manzorro,1991-11-11,33.7,6.72,9.98,1,1,0,14.0,14.0,0.0,0.0,0.0,0.0,0.0,0.0,1.0,7.14,1.0,0.0,0.0,0.0,0.0,0.0,0.0,4.0,3.0,2.0,3.0,0.0,0.0,0.0,0.0
1173,Super Liga (RS),67309,Stefan Bukorac,S. Bukorac,1991-02-15,83.11,19.33,24.86,28,27,1,502.0,18.59,0.67,3.59,3.63,19.52,0.26,1.39,0.78,4.18,1.89,0.67,3.58,0.44,2.39,0.78,4.18,3.15,2.41,5.52,10.48,2.07,12.02,0.41,2.19
1173,Super Liga (RS),67334,Dognimani Yacouba Silue,D. Silue,2002-01-01,79.5,21.66,17.16,16,15,1,601.0,40.07,1.2,3.0,6.8,16.97,0.2,0.5,1.6,3.99,9.4,2.27,5.66,0.0,0.0,0.13,0.33,18.6,8.47,13.13,3.0,0.33,0.73,3.53,8.82
1173,Super Liga (RS),67822,Nemanja Belaković,N. Belaković,1997-01-08,57.72,15.33,14.04,10,9,1,187.0,20.78,1.22,5.88,2.33,11.23,0.11,0.53,0.89,4.28,4.56,0.78,3.74,0.0,0.0,0.22,1.07,5.78,2.78,6.67,3.0,0.22,0.91,1.44,6.95
1173,Super Liga (RS),67824,Wajdi Sahli,W. Sahli,1997-04-17,75.57,19.95,18.54,24,22,2,1007.0,45.77,1.77,3.87,7.82,17.08,0.41,0.89,2.05,4.47,8.41,2.55,5.56,0.0,0.0,0.41,0.89,16.64,8.41,12.68,7.86,1.23,3.04,4.5,9.83
1173,Super Liga (RS),67829,Slobodan Medojević,S. Medojević,1990-10-20,39.34,10.36,11.0,14,13,1,224.0,17.23,0.62,3.57,3.31,19.2,0.15,0.89,0.62,3.57,1.46,1.15,6.7,0.23,1.34,0.31,1.79,4.62,1.62,5.0,4.62,0.54,5.14,1.46,8.48
1173,Super Liga (RS),67835,Andrija Majdevac,A. Majdevac,1997-08-07,85.76,21.5,23.49,29,28,1,788.0,28.14,0.29,1.01,4.25,15.1,0.04,0.13,1.21,4.31,4.39,1.75,6.22,0.0,0.0,0.04,0.13,12.96,2.93,8.43,2.29,0.18,1.91,2.43,8.63
1173,Super Liga (RS),68373,Aleksandr  Shestyuk,A. Shestyuk,2002-06-05,68.75,17.47,18.74,13,12,1,565.0,47.08,0.25,0.53,5.58,11.86,0.08,0.18,1.92,4.07,11.33,2.58,5.49,0.0,0.0,0.17,0.35,26.83,7.33,14.83,5.08,0.17,1.23,4.67,9.91
1173,Super Liga (RS),68558,Franklin Tebo Uchenna,F. Tebo,2000-01-15,71.85,25.09,14.21,17,16,1,205.0,12.81,1.12,8.78,2.94,22.93,0.19,1.46,0.19,1.46,2.62,0.31,2.44,0.38,2.93,0.19,1.46,2.31,1.06,2.31,5.19,1.19,11.52,0.12,0.98
1173,Super Liga (RS),69028,Alfa Mussá Baldé,Alfa Baldé,2005-02-02,54.57,15.09,13.07,31,30,1,970.0,32.33,0.97,2.99,4.97,15.36,0.17,0.52,1.7,5.26,5.6,2.27,7.01,0.07,0.21,0.43,1.34,10.5,7.77,9.13,5.5,0.63,2.75,2.97,9.18
1173,Super Liga (RS),72947,Prestige Mboungou,P. Mboungou,2000-07-10,46.3,13.7,10.36,24,24,0,422.0,17.58,0.58,3.32,2.62,14.93,0.08,0.47,0.54,3.08,2.58,0.92,5.21,0.08,0.47,0.08,0.47,7.29,2.88,6.83,1.54,0.21,2.59,1.62,9.24
1173,Super Liga (RS),73041,Mihailo Oreščanin,M. Oreščanin,1997-09-07,82.38,19.46,27.51,29,29,0,727.0,25.07,1.1,4.4,4.62,18.43,0.41,1.65,1.45,5.78,2.48,0.86,3.44,0.62,2.48,0.72,2.89,3.93,3.48,6.48,13.38,2.76,11.35,1.14,4.54
1173,Super Liga (RS),73042,Nikola Bogdanovski,N. Bogdanovski,1999-01-25,54.01,12.68,16.68,29,29,0,925.0,31.9,0.55,1.73,4.0,12.54,0.21,0.65,1.21,3.78,3.55,2.41,7.57,0.1,0.32,0.59,1.84,8.69,6.1,9.45,7.97,0.31,1.81,2.72,8.54
1173,Super Liga (RS),73044,Ranko Jokić,R. Jokić,1999-04-22,75.31,18.46,20.16,12,12,0,211.0,17.58,0.83,4.74,3.25,18.48,0.42,2.37,1.42,8.06,2.17,0.58,3.32,0.33,1.9,0.58,3.32,3.42,2.58,4.75,8.5,1.83,12.3,0.33,1.9
1173,Super Liga (RS),73045,Stefan Ranđelović,S. Ranđelović,1999-01-27,95.17,22.21,24.1,34,32,2,0.0,0.0,0.0,,0.0,,0.0,,0.0,,0.0,0.0,,0.0,,0.0,,0.0,0.0,0.0,0.0,0.0,,0.0,
1173,Super Liga (RS),73049,Miloš Spasić,M. Spasić,1997-07-29,83.37,21.02,21.94,31,28,3,1283.0,45.82,1.0,2.18,6.18,13.48,0.21,0.47,2.04,4.44,9.07,2.82,6.16,0.14,0.31,0.32,0.7,17.71,8.75,13.14,6.64,0.71,2.44,4.46,9.74
1173,Super Liga (RS),73050,Uroš Stojanović,U. Stojanović,1995-08-23,87.0,23.49,20.52,27,25,2,629.0,25.16,1.44,5.72,6.04,24.01,0.68,2.7,1.04,4.13,3.28,0.44,1.75,0.56,2.23,0.8,3.18,3.72,2.48,6.16,10.68,2.8,11.95,0.56,2.23
1173,Super Liga (RS),73053,Nemanja Krsmanović,N. Krsmanović,2003-05-09,73.4,19.5,20.61,27,26,1,719.0,27.65,1.15,4.17,5.08,18.36,0.35,1.25,1.73,6.26,3.23,1.08,3.89,0.58,2.09,0.96,3.48,6.15,3.19,7.96,9.96,1.19,4.75,1.35,4.87
1173,Super Liga (RS),73057,Abdoulaye Cissé,A. Cissé,1996-02-13,91.27,20.56,23.81,16,16,0,598.0,37.38,1.69,4.51,7.06,18.9,0.12,0.33,1.62,4.35,4.94,2.0,5.35,0.44,1.17,0.75,2.01,9.56,5.38,9.75,10.94,1.81,5.27,2.12,5.69
1173,Super Liga (RS),73059,Miloš Mijić,M. Mijić,1989-11-01,15.23,2.03,2.14,1,1,0,5.0,5.0,0.0,0.0,2.0,40.0,0.0,0.0,0.0,0.0,4.0,0.0,0.0,1.0,20.0,0.0,0.0,1.0,0.0,0.0,2.0,0.0,0.0,0.0,0.0
1173,Super Liga (RS),73062,Uros Blagojević,U. Blagojević,2002-03-21,44.89,10.3,12.88,7,6,1,74.0,12.33,0.5,4.05,2.33,18.92,0.67,5.41,0.5,4.06,0.67,0.83,6.76,0.33,2.7,0.67,5.4,1.5,1.33,3.0,4.83,0.67,6.45,1.0,8.11
1173,Super Liga (RS),73068,Nikola Srećković,N. Srećković,1996-04-26,55.3,15.15,13.67,24,21,3,683.0,32.52,0.86,2.63,4.95,15.23,0.29,0.88,1.0,3.08,4.43,2.57,7.91,0.0,0.0,0.19,0.59,12.38,5.19,8.62,4.33,0.48,1.67,4.29,13.18
1173,Super Liga (RS),73076,Stefan Cvetković,S. Cvetković,1998-01-12,35.86,9.77,9.36,17,15,2,222.0,14.8,0.07,0.45,2.0,13.51,0.0,0.0,0.67,4.5,2.2,1.0,6.76,0.07,0.45,0.2,1.35,5.53,2.13,5.93,3.73,0.13,1.44,1.47,9.91
1173,Super Liga (RS),73100,Nikola Leković,N. Leković,1989-12-19,96.86,21.75,35.41,4,4,0,134.0,33.5,2.5,7.46,3.5,10.45,0.5,1.49,2.0,5.97,2.5,1.75,5.23,1.0,2.99,0.75,2.24,4.0,3.0,11.25,19.75,1.5,5.27,1.75,5.22
1173,Super Liga (RS),73103,Aleksandar  Trajković,A. Trajković,2007-01-23,50.5,14.03,14.44,25,25,0,661.0,26.44,0.64,2.42,3.44,13.01,0.24,0.91,0.6,2.27,3.84,1.56,5.9,0.08,0.3,0.52,1.97,7.84,4.0,7.6,4.76,0.32,1.68,2.76,10.44
1173,Super Liga (RS),73105,Mateja Zuvić,M. Zuvić,2000-02-13,33.48,6.74,9.67,13,13,0,231.0,17.77,0.31,1.73,2.15,12.12,0.23,1.3,0.54,3.03,3.31,1.23,6.93,0.0,0.0,0.0,0.0,6.08,2.92,4.38,2.92,0.54,3.61,2.69,15.15
1173,Super Liga (RS),73110,Jovan Marinković,J. Marinković,1996-09-12,87.07,19.45,24.23,30,29,1,679.0,23.41,1.38,5.89,4.55,19.44,0.34,1.47,1.07,4.57,3.52,0.59,2.5,0.59,2.5,1.1,4.71,3.52,3.1,5.69,11.72,2.69,12.72,0.59,2.5
1173,Super Liga (RS),73542,Young-Woo Seol,Seol Young-Woo,1998-12-05,93.0,31.89,18.21,30,28,2,537.0,19.18,1.25,6.52,3.96,20.67,0.25,1.3,0.71,3.72,3.14,0.93,4.84,0.36,1.86,0.5,2.61,4.57,2.36,5.43,5.21,1.18,7.5,0.79,4.1
1173,Super Liga (RS),90379,Numan Kurdić,N. Kurdić,1999-07-01,99.25,31.39,20.48,2,2,0,37.0,18.5,2.0,10.81,4.0,21.62,0.5,2.7,0.0,0.0,2.5,0.0,0.0,1.0,5.41,0.5,2.7,6.5,1.5,7.0,7.0,3.0,16.64,0.0,0.0
1173,Super Liga (RS),113475,Luka Stankovski,L. Stankovski,2002-09-02,27.55,8.21,5.58,12,11,1,124.0,11.27,0.36,3.23,2.09,18.55,0.0,0.0,0.55,4.84,1.09,0.27,2.42,0.0,0.0,0.09,0.81,3.64,2.09,3.27,1.73,0.18,2.81,0.91,8.06
1173,Super Liga (RS),117595,Vukašin Krstić,V. Krstić,2003-04-13,76.74,22.36,18.12,22,22,0,435.0,19.77,1.36,6.9,3.86,19.54,0.05,0.23,1.09,5.52,3.55,0.91,4.6,1.05,5.29,0.73,3.68,3.64,2.41,4.27,9.27,2.36,12.88,0.27,1.38
1173,Super Liga (RS),117598,Marko Mijailović,M. Mijailović,1997-08-14,72.99,18.3,19.1,30,27,3,555.0,20.56,0.74,3.6,3.41,16.58,0.3,1.44,0.85,4.15,3.63,0.96,4.69,0.33,1.62,0.26,1.26,4.81,1.85,5.3,7.22,1.22,7.15,1.04,5.05
1173,Super Liga (RS),123148,Taylor Wouter,T. Wouter,2002-07-16,40.09,11.53,8.72,10,10,0,216.0,21.6,1.0,4.63,2.8,12.96,0.6,2.78,1.4,6.48,6.0,1.7,7.87,0.0,0.0,0.1,0.46,9.8,5.3,6.4,1.9,0.4,3.65,1.7,7.87
1173,Super Liga (RS),128539,Jay Ifeanyi-Junior Enem,J. Enem,2003-03-11,61.39,16.79,15.39,28,25,3,535.0,21.4,0.12,0.56,3.52,16.45,0.0,0.0,1.0,4.67,4.64,1.0,4.67,0.0,0.0,0.0,0.0,10.92,2.64,6.68,1.04,0.04,1.44,2.12,9.91
1173,Super Liga (RS),131436,Nikola Stanković,N. Stanković,2003-04-24,80.59,27.16,16.09,12,12,0,248.0,20.67,1.67,8.06,4.67,22.58,0.33,1.61,0.92,4.44,3.42,1.25,6.05,0.0,0.0,0.67,3.23,5.17,3.33,5.5,5.75,0.83,4.1,0.58,2.82
1173,Super Liga (RS),141050,Vladimir Prijović,V. Prijović,2002-06-26,100.39,21.0,29.31,2,2,0,57.0,28.5,1.0,3.51,5.0,17.54,0.5,1.75,1.5,5.26,2.5,2.0,7.02,0.0,0.0,1.5,5.26,6.5,3.5,9.0,12.0,2.5,8.99,0.5,1.75
1173,Super Liga (RS),153826,Benjamin Acquah,B. Acquah,2000-12-29,41.45,11.12,11.58,13,13,0,446.0,34.31,0.85,2.47,4.85,14.13,0.31,0.9,1.0,2.92,5.62,2.62,7.62,0.08,0.22,0.15,0.45,12.08,7.38,7.92,5.85,0.62,2.25,5.69,16.59
1173,Super Liga (RS),154045,Kristian Šekularac,K. Šekularac,2003-12-07,68.16,20.99,16.0,10,10,0,283.0,28.3,0.6,2.12,4.4,15.55,0.3,1.06,0.9,3.18,3.3,1.0,3.53,0.0,0.0,0.3,1.06,11.0,6.9,7.3,8.3,1.5,7.24,2.9,10.25
1173,Super Liga (RS),163884,Driton Camaj,D. Camaj,1997-03-07,88.28,20.63,26.21,17,17,0,723.0,42.53,0.94,2.21,4.94,11.62,0.35,0.83,1.88,4.43,8.41,2.65,6.22,0.18,0.41,0.24,0.55,17.0,7.24,15.18,5.24,0.47,1.46,4.06,9.54
1173,Super Liga (RS),164785,Kilian Bevis,K. Bevis,1998-02-13,94.23,26.73,22.74,18,17,1,709.0,41.71,1.29,3.1,8.06,19.32,0.12,0.28,2.24,5.36,7.59,3.53,8.46,0.0,0.0,0.06,0.14,12.76,6.65,13.0,5.82,1.24,3.72,3.29,7.9
1173,Super Liga (RS),164794,Darko Gojković,D. Gojković,1988-09-26,55.63,9.63,19.07,3,2,1,38.0,19.0,0.0,0.0,3.5,18.42,0.5,2.63,0.5,2.63,1.0,0.0,0.0,2.5,13.16,1.0,5.26,2.0,3.0,4.5,12.0,1.5,7.86,0.5,2.63
1173,Super Liga (RS),166641,Mateja Milovanović ,M. Milovanović,2004-04-18,55.13,17.72,11.8,12,12,0,211.0,17.58,1.33,7.58,3.75,21.33,0.17,0.95,0.67,3.79,3.67,1.33,7.58,0.25,1.42,0.33,1.89,5.67,2.5,6.92,5.25,1.08,7.03,1.0,5.69
1173,Super Liga (RS),166680,Vando Baifas Félix,Vando Félix,2002-09-03,31.73,8.13,7.71,8,8,0,103.0,12.88,0.88,6.79,1.88,14.56,0.0,0.0,0.88,6.8,2.62,1.0,7.77,0.0,0.0,0.12,0.97,3.88,2.5,4.38,1.38,0.0,0.0,1.12,8.74
1173,Super Liga (RS),167204,Nikola Knezević,N. Knezević,2003-03-10,56.05,15.67,14.02,19,18,1,580.0,32.22,0.72,2.24,5.11,15.86,0.22,0.69,1.0,3.1,5.39,2.28,7.07,0.06,0.17,0.61,1.9,9.56,6.39,9.67,8.28,1.11,5.14,2.89,8.97
1173,Super Liga (RS),167206,Stefan Leković,S. Leković,2004-01-09,88.99,29.57,18.96,14,14,0,163.0,11.64,0.79,6.75,2.71,23.31,0.14,1.23,0.36,3.07,1.64,0.21,1.84,0.71,6.13,0.43,3.68,2.0,1.07,3.71,5.29,0.93,9.89,0.29,2.45
1173,Super Liga (RS),167207,Uroš Lazić,U. Lazić,2003-03-15,52.97,14.13,13.1,17,16,1,298.0,18.62,0.5,2.68,3.12,16.78,0.31,1.68,1.25,6.71,2.94,0.62,3.36,0.62,3.36,0.69,3.69,4.44,2.94,4.75,7.75,1.12,6.77,1.19,6.38
1173,Super Liga (RS),167211,Dario Grgić,D. Grgić,2003-03-16,55.52,17.62,12.06,13,12,1,390.0,32.5,0.33,1.03,4.42,13.59,0.25,0.77,1.75,5.38,5.5,3.17,9.74,0.25,0.77,0.5,1.54,14.25,7.83,11.25,6.5,0.75,3.11,4.0,12.31
1173,Super Liga (RS),167622,Collins Lusaka Sichenje,C. Sichenje,2003-09-19,97.18,24.84,25.3,17,17,0,328.0,19.29,1.18,6.1,4.12,21.34,0.47,2.44,0.76,3.96,3.71,0.12,0.61,0.71,3.66,0.59,3.05,2.24,2.24,3.24,11.94,3.12,16.79,0.18,0.91
1173,Super Liga (RS),170495,Matija Malekinusić,M. Malekinusić,1999-01-27,77.47,17.59,20.4,17,17,0,746.0,43.88,1.41,3.22,6.35,14.48,0.47,1.07,2.12,4.83,7.12,2.71,6.16,0.18,0.4,0.35,0.8,14.82,7.94,14.47,5.71,0.65,1.8,4.24,9.65
1173,Super Liga (RS),170709,Uroš Ignjatović,U. Ignjatović,2001-02-18,76.23,18.04,21.63,26,25,1,730.0,29.2,1.24,4.25,4.08,13.97,0.68,2.33,1.4,4.8,3.72,1.04,3.56,0.48,1.64,0.48,1.64,5.72,3.64,8.64,9.28,1.68,6.88,1.52,5.2
1173,Super Liga (RS),173057,Samson Iyede Onomigho,S. Iyede,1998-01-28,52.07,14.85,12.5,5,5,0,138.0,27.6,0.4,1.45,3.8,13.77,0.4,1.45,1.2,4.35,6.0,2.2,7.97,0.0,0.0,0.0,0.0,13.4,3.6,5.0,2.8,1.2,7.45,2.2,7.97
1173,Super Liga (RS),174254,Marko Milošević,M. Milošević,1991-02-07,99.32,30.79,22.2,34,34,0,0.0,0.0,0.0,,0.0,,0.0,,0.0,,0.0,0.0,,0.0,,0.0,,0.0,0.0,0.0,0.0,0.0,,0.0,
1173,Super Liga (RS),174798,Sandro Trémoulet,S. Trémoulet,1999-11-18,97.13,22.19,25.05,31,30,1,514.0,17.13,0.8,4.67,4.13,24.12,0.33,1.95,0.77,4.47,2.6,0.5,2.92,0.67,3.89,0.47,2.72,2.97,1.93,4.0,9.6,2.5,15.65,0.3,1.75
1173,Super Liga (RS),178346,Stefan Tomović,S. Tomović,2001-10-14,91.46,23.61,25.37,31,30,1,1412.0,47.07,1.03,2.2,6.1,12.96,0.3,0.64,1.97,4.18,4.83,2.9,6.16,0.1,0.21,0.33,0.71,16.1,7.4,15.07,6.7,0.2,0.6,5.0,10.62
1173,Super Liga (RS),178771,Dušan Pantelić,D. Pantelić,1993-04-15,43.05,9.89,13.05,22,21,1,557.0,26.52,0.62,2.33,3.62,13.64,0.24,0.9,1.0,3.77,2.9,1.43,5.39,0.05,0.18,0.19,0.72,5.71,3.48,7.14,7.81,0.76,4.15,2.81,10.59
1173,Super Liga (RS),178777,Lazar Zličić,L. Zličić,1997-02-07,49.57,10.19,14.39,14,14,0,419.0,29.93,0.57,1.91,4.79,15.99,0.21,0.72,1.0,3.34,2.93,1.5,5.01,0.14,0.48,0.71,2.39,7.29,3.43,10.14,7.71,1.0,4.09,1.93,6.44
1173,Super Liga (RS),178838,Ibrahim Mustapha,I. Mustapha,2000-06-18,44.33,10.35,11.33,23,21,2,463.0,22.05,0.43,1.94,2.62,11.88,0.14,0.65,1.05,4.75,3.95,1.43,6.48,0.0,0.0,0.14,0.65,9.33,3.38,8.33,5.14,0.48,4.78,2.0,9.07
1173,Super Liga (RS),178860,Mihajlo Petković,M. Petković,2004-05-27,56.43,12.76,15.82,28,27,1,766.0,28.37,0.56,1.96,4.63,16.32,0.11,0.39,0.81,2.87,4.0,1.63,5.74,0.04,0.13,0.37,1.31,11.07,4.96,8.7,4.07,0.41,2.68,2.07,7.31
1173,Super Liga (RS),179084,Vladimir Lučić,V. Lučić,2002-06-28,57.05,19.34,10.47,22,20,2,436.0,21.8,1.1,5.05,4.85,22.25,0.15,0.69,1.0,4.59,4.3,1.25,5.74,0.1,0.46,0.1,0.46,7.7,4.0,7.4,1.75,0.35,2.57,1.75,8.03
1173,Super Liga (RS),180070,Jovan Manev,J. Manev,2001-01-25,70.46,16.03,20.47,12,12,0,170.0,14.17,0.5,3.53,2.58,18.24,0.08,0.59,0.83,5.88,2.92,0.5,3.53,0.75,5.29,0.58,4.12,3.83,0.83,4.17,6.92,1.58,13.71,0.83,5.88
1173,Super Liga (RS),180789,Shavy Warren Babicka,S. Babicka,2000-06-01,35.27,10.64,7.37,2,2,0,20.0,10.0,0.0,0.0,2.0,20.0,0.0,0.0,0.0,0.0,2.5,0.5,5.0,0.0,0.0,0.0,0.0,3.5,1.0,4.0,0.5,0.0,0.0,0.0,0.0
1173,Super Liga (RS),180909,Marko Alcevski,M. Alcevski,2002-04-16,95.45,22.03,27.34,1,1,0,0.0,0.0,0.0,,0.0,,0.0,,0.0,,0.0,0.0,,0.0,,0.0,,0.0,0.0,0.0,0.0,0.0,,0.0,
1173,Super Liga (RS),255701,Vicky Kiankaulua,V. Kiankaulua,2001-08-03,40.43,9.52,11.55,22,22,0,439.0,19.95,0.5,2.51,2.27,11.39,0.14,0.68,0.73,3.65,3.91,1.55,7.75,0.09,0.46,0.27,1.37,6.77,3.91,6.41,3.73,0.41,3.86,1.59,7.97
1173,Super Liga (RS),269446,Martin Novaković,M. Novaković,2001-01-05,63.08,16.06,15.26,25,23,2,1065.0,46.3,1.3,2.82,8.43,18.22,0.13,0.28,2.09,4.51,6.43,3.17,6.85,0.0,0.0,0.65,1.41,15.7,8.96,12.09,7.13,0.78,2.19,4.3,9.3
1173,Super Liga (RS),269447,Mbouri Basile Yamkam,M. Yamkam,1998-01-02,89.41,24.45,21.23,15,13,2,257.0,19.77,0.77,3.89,3.31,16.73,0.31,1.56,1.0,5.06,3.62,1.08,5.45,0.15,0.78,0.62,3.11,4.38,1.77,5.08,7.23,1.85,11.98,1.0,5.06
1173,Super Liga (RS),269454,Aleksandar Varjačić,A. Varjačić,1991-05-23,54.69,12.45,18.67,18,18,0,355.0,19.72,0.78,3.94,2.5,12.68,0.33,1.69,0.83,4.23,1.94,1.22,6.2,0.33,1.69,0.44,2.25,4.22,1.72,5.94,5.67,0.5,2.82,1.39,7.04
1173,Super Liga (RS),285354,Bojan Dimoski,B. Dimoski,2001-11-23,49.81,16.66,11.83,6,6,0,92.0,15.33,0.83,5.43,2.5,16.3,0.67,4.35,0.67,4.35,2.0,0.33,2.17,0.5,3.26,0.83,5.43,2.5,2.0,4.67,4.5,0.5,4.63,0.5,3.26
1173,Super Liga (RS),301883,Andreja Stojanović,A. Stojanović,1998-11-12,74.36,18.28,18.98,17,15,2,416.0,27.73,1.13,4.09,5.33,19.23,0.47,1.68,2.0,7.21,3.4,0.8,2.88,0.47,1.68,0.67,2.4,5.87,4.0,8.47,9.2,1.53,7.96,0.93,3.37
1173,Super Liga (RS),301886,Balša Popović,B. Popović,2000-06-10,98.15,26.59,23.39,34,32,2,0.0,0.0,0.0,,0.0,,0.0,,0.0,,0.0,0.0,,0.0,,0.0,,0.0,0.0,0.0,0.0,0.0,,0.0,
1173,Super Liga (RS),301889,Dejan Stanivuković,D. Stanivuković,1994-06-19,97.7,24.91,25.42,14,14,0,0.0,0.0,0.0,,0.0,,0.0,,0.0,,0.0,0.0,,0.0,,0.0,,0.0,0.0,0.0,0.0,0.0,,0.0,
1173,Super Liga (RS),301898,Milan Joksimović,M. Joksimović,1990-02-09,73.2,18.55,23.25,12,12,0,215.0,17.92,0.92,5.12,2.83,15.81,0.42,2.33,0.42,2.33,2.0,0.75,4.18,0.75,4.19,0.42,2.32,3.17,1.83,5.0,9.75,2.33,13.31,0.25,1.4
1173,Super Liga (RS),301907,Vuk Bogdanović,V. Bogdanović,2002-04-03,52.82,8.9,18.36,1,1,0,22.0,22.0,2.0,9.09,4.0,18.18,0.0,0.0,0.0,0.0,1.0,1.0,4.55,0.0,0.0,2.0,9.09,0.0,3.0,2.0,21.0,3.0,13.64,1.0,4.55
1173,Super Liga (RS),301908,Andrej Todoroski,A. Todoroski,1999-04-19,67.55,19.33,16.46,32,32,0,1106.0,34.56,0.97,2.8,4.69,13.56,0.19,0.54,1.44,4.16,4.69,2.53,7.32,0.06,0.18,0.25,0.72,14.34,5.81,9.62,3.72,0.31,1.55,3.44,9.95
1173,Super Liga (RS),301912,Vanja Ilić,V. Ilić,1999-01-03,69.31,18.45,17.13,18,15,3,507.0,33.8,0.93,2.76,5.8,17.16,0.27,0.79,1.0,2.96,7.4,2.13,6.31,0.27,0.79,0.4,1.18,11.73,6.13,9.2,6.0,0.53,1.78,3.47,10.26
1173,Super Liga (RS),301918,Filip Bačkulja,F. Bačkulja,2002-06-25,83.02,18.46,24.59,21,20,1,477.0,23.85,0.85,3.56,4.65,19.5,0.1,0.42,1.3,5.45,3.05,1.15,4.82,0.65,2.73,1.55,6.5,5.2,2.6,6.85,10.35,1.7,6.86,0.65,2.73
1173,Super Liga (RS),301921,Marko Šarić,M. Šarić,1998-11-28,36.68,8.16,9.43,11,11,0,171.0,15.55,0.0,0.0,3.0,19.3,0.18,1.17,0.73,4.68,1.82,1.73,11.11,0.0,0.0,0.18,1.17,6.73,1.73,4.36,0.73,0.0,0.0,1.18,7.6
1173,Super Liga (RS),301935,Djordje Jovanović,D. Jovanović,2001-08-17,54.16,11.54,15.43,27,26,1,682.0,26.23,0.92,3.52,3.12,11.88,0.19,0.73,1.12,4.25,4.31,1.27,4.84,0.12,0.44,0.42,1.61,7.69,4.15,8.73,7.19,0.73,4.36,1.81,6.89
1173,Super Liga (RS),301939,Stefan Jovanović,S. Jovanović,1994-04-07,84.18,24.6,20.77,30,30,0,871.0,29.03,1.5,5.17,4.7,16.19,0.5,1.72,1.63,5.63,4.27,1.63,5.63,0.4,1.38,1.23,4.25,6.17,3.27,7.5,9.37,1.6,6.14,1.1,3.79
1173,Super Liga (RS),302139,Djordje  Kotlajić,D. Kotlajić,2004-01-13,37.13,7.61,13.08,3,3,0,69.0,23.0,0.33,1.45,2.33,10.15,0.33,1.45,1.33,5.8,1.33,3.33,14.49,0.0,0.0,0.67,2.9,8.0,2.67,10.33,4.33,0.0,0.0,2.33,10.15
1173,Super Liga (RS),302140,Luka Laban,L. Laban,2004-04-07,38.89,8.37,11.47,8,8,0,174.0,21.75,0.5,2.3,3.0,13.79,0.25,1.15,0.25,1.15,2.62,1.5,6.9,0.38,1.72,0.62,2.87,4.88,2.5,6.75,8.5,1.12,6.3,1.62,7.47
1173,Super Liga (RS),302141,Nikola Marinković,N. Marinković,2003-07-10,19.39,3.19,6.25,5,5,0,71.0,14.2,0.4,2.82,1.8,12.68,0.0,0.0,0.6,4.23,1.6,0.4,2.82,0.2,1.41,0.0,0.0,3.2,1.6,5.4,5.6,0.8,10.43,1.4,9.86
1173,Super Liga (RS),302145,Nemanja Mićević,N. Mićević,1999-01-28,66.83,19.48,16.21,5,4,1,62.0,15.5,0.0,0.0,3.25,20.97,0.0,0.0,1.75,11.29,4.25,0.5,3.23,1.5,9.68,0.75,4.84,2.0,1.25,3.5,9.5,2.25,15.32,0.0,0.0
1173,Super Liga (RS),302148,Veljko Kijevčanin,V. Kijevčanin,1999-08-03,52.99,13.14,17.42,12,12,0,476.0,39.67,1.67,4.2,5.5,13.86,0.08,0.21,0.83,2.1,3.33,3.25,8.19,0.0,0.0,0.58,1.47,11.92,9.33,11.25,12.5,1.42,5.5,4.17,10.5
1173,Super Liga (RS),302149,Zeljko Samcović,Z. Samcović,2002-09-12,97.96,21.87,26.78,33,32,1,0.0,0.0,0.0,,0.0,,0.0,,0.0,,0.0,0.0,,0.0,,0.0,,0.0,0.0,0.0,0.0,0.0,,0.0,
1173,Super Liga (RS),302150,Nemanja Zunić,N. Zunić,2003-09-09,98.58,25.57,31.28,2,2,0,26.0,13.0,1.5,11.54,3.5,26.93,0.0,0.0,0.0,0.0,2.0,0.0,0.0,0.0,0.0,0.0,0.0,1.0,1.5,4.5,7.0,1.5,11.54,1.0,7.69
1173,Super Liga (RS),331893,Sankara William Karamoko,S. Karamoko,2003-11-09,50.64,11.83,13.86,30,30,0,769.0,25.63,0.77,2.99,3.73,14.56,0.07,0.26,1.03,4.03,6.6,1.47,5.72,0.1,0.39,0.27,1.04,11.63,3.93,7.8,2.73,0.33,3.6,2.43,9.49
1173,Super Liga (RS),439510,Rafael Batista Da Silva Junior,Juninho,2006-07-02,62.14,15.89,16.68,6,6,0,174.0,29.0,0.33,1.15,3.5,12.07,0.67,2.3,1.0,3.45,5.67,1.5,5.17,0.33,1.15,0.0,0.0,10.83,3.67,8.83,3.83,0.17,0.62,4.5,15.52
1173,Super Liga (RS),446249,Tyrone Ryan Conraad,T. Conraad,1997-04-07,30.16,9.09,6.65,8,8,0,119.0,14.88,0.12,0.84,3.38,22.69,0.0,0.0,0.38,2.52,3.75,1.25,8.4,0.0,0.0,0.0,0.0,6.75,2.5,4.12,0.75,0.12,4.45,1.12,7.56
1173,Super Liga (RS),507734,Danilo Mitrović,D. Mitrović,2001-03-23,43.11,12.17,11.56,4,4,0,43.0,10.75,0.5,4.65,2.0,18.6,0.25,2.32,1.0,9.3,0.25,0.25,2.32,0.25,2.32,1.0,9.3,1.25,0.5,4.0,4.5,1.0,9.72,1.25,11.63
1173,Super Liga (RS),511631,Dominic Sadi,D. Sadi,2003-09-02,81.28,18.56,23.56,22,21,1,937.0,44.62,1.1,2.46,5.24,11.74,0.38,0.85,1.57,3.52,5.9,3.33,7.47,0.14,0.32,0.24,0.53,16.33,7.38,15.52,7.86,1.57,4.38,4.43,9.92
1173,Super Liga (RS),556548,Janko Jevremović,J. Jevremović,2004-07-14,37.25,10.63,8.91,27,25,2,482.0,19.28,0.44,2.28,3.36,17.43,0.12,0.62,0.8,4.15,3.04,1.32,6.85,0.08,0.42,0.24,1.25,6.04,4.16,5.44,4.96,0.32,1.63,1.36,7.05
1173,Super Liga (RS),568932,David Ewemade,D. Ewemade,2005-06-17,52.8,13.46,11.82,5,4,1,106.0,26.5,0.75,2.83,3.0,11.32,0.0,0.0,1.75,6.6,6.75,1.0,3.77,0.0,0.0,0.25,0.94,12.0,6.5,7.25,1.75,0.25,0.86,2.0,7.55
1173,Super Liga (RS),581145,Leonardo Antonio,Léo Antônio,1997-06-09,74.67,18.74,21.55,22,21,1,944.0,44.95,1.76,3.92,7.43,16.53,0.14,0.32,1.95,4.34,4.57,2.48,5.51,0.38,0.85,0.9,2.01,10.43,7.67,10.86,16.9,2.52,5.92,3.52,7.84
1173,Super Liga (RS),583105,Brian Ramírez,B. Ramírez,2000-08-29,43.48,11.9,10.73,2,2,0,64.0,32.0,0.5,1.56,9.5,29.69,0.5,1.56,2.0,6.25,2.0,2.0,6.25,0.0,0.0,1.0,3.12,6.0,3.0,9.0,8.5,2.0,6.54,1.0,3.12
1173,Super Liga (RS),583310,Veljko Ilić,V. Ilić,2003-07-21,98.34,26.96,23.45,6,6,0,0.0,0.0,0.0,,0.0,,0.0,,0.0,,0.0,0.0,,0.0,,0.0,,0.0,0.0,0.0,0.0,0.0,,0.0,
1173,Super Liga (RS),583405,Miljan Momcilović,M. Momcilović,2001-03-17,85.89,23.24,20.78,32,30,2,1348.0,44.93,2.33,5.19,9.03,20.1,0.47,1.04,1.8,4.01,6.53,1.73,3.86,0.27,0.59,1.2,2.67,11.73,8.33,11.03,13.93,2.67,8.0,2.9,6.45
1173,Super Liga (RS),583406,Ensar Brunčević,E. Brunčević,1999-02-13,80.85,16.83,23.14,17,16,1,222.0,13.88,0.75,5.4,2.88,20.72,0.06,0.45,0.69,4.96,1.81,0.19,1.35,0.5,3.6,0.56,4.05,1.88,1.31,4.31,7.94,2.0,15.72,0.12,0.9
1173,Super Liga (RS),583410,Dušan Cvetinović,D. Cvetinović,1988-12-24,80.74,17.76,27.06,14,14,0,186.0,13.29,0.29,2.15,2.93,22.04,0.14,1.08,0.71,5.37,1.14,0.07,0.54,1.07,8.06,0.29,2.15,1.43,1.0,2.79,9.29,2.07,15.03,0.36,2.69
1173,Super Liga (RS),583416,Ilija Babić,I. Babić,2002-08-03,59.53,15.55,15.73,24,23,1,647.0,28.13,0.7,2.47,4.43,15.76,0.22,0.77,1.52,5.41,6.43,1.78,6.34,0.17,0.62,0.17,0.62,10.13,4.04,10.35,4.0,0.3,1.27,1.87,6.65
1173,Super Liga (RS),583417,Milan Vidakov,M. Vidakov,2000-08-19,36.98,9.94,8.17,19,18,1,380.0,21.11,0.33,1.58,3.11,14.74,0.0,0.0,0.89,4.21,4.28,1.28,6.05,0.0,0.0,0.11,0.53,8.83,3.83,5.11,1.83,0.06,0.16,1.94,9.21
1173,Super Liga (RS),583420,Mihajlo Milosavić,M. Milosavić,2004-07-14,40.58,11.64,10.14,22,22,0,522.0,23.73,0.64,2.68,3.18,13.41,0.23,0.96,0.68,2.87,3.73,1.64,6.9,0.09,0.38,0.14,0.57,9.0,3.64,7.64,2.27,0.32,2.15,2.23,9.39
1173,Super Liga (RS),583421,Vladimir Vitorović,V. Vitorović,2000-10-03,99.81,29.86,24.75,4,4,0,129.0,32.25,3.25,10.08,7.5,23.26,0.25,0.78,2.0,6.2,6.25,1.0,3.1,0.0,0.0,1.25,3.88,6.5,4.0,10.0,7.75,1.25,3.96,0.75,2.33
1173,Super Liga (RS),583423,Miloš Tošeski,M. Tošeski,1998-02-24,55.52,13.52,15.65,26,25,1,825.0,33.0,1.08,3.27,4.4,13.33,0.12,0.36,1.44,4.37,2.92,1.8,5.45,0.04,0.12,0.4,1.21,9.24,5.16,10.24,10.88,1.12,3.93,2.52,7.64
1173,Super Liga (RS),583454,Aleksandar Vulić,A. Vulić,2001-06-08,98.92,25.88,27.53,13,13,0,0.0,0.0,0.0,,0.0,,0.0,,0.0,,0.0,0.0,,0.0,,0.0,,0.0,0.0,0.0,0.0,0.0,,0.0,
1173,Super Liga (RS),583459,Dino Dolmagić,D. Dolmagić,1994-02-26,11.83,2.37,1.74,1,1,0,2.0,2.0,0.0,0.0,0.0,0.0,0.0,0.0,0.0,0.0,0.0,0.0,0.0,0.0,0.0,0.0,0.0,0.0,0.0,1.0,0.0,0.0,,0.0,0.0
1173,Super Liga (RS),583465,Ibrahim Tanko,I. Tanko,1999-04-30,47.35,11.41,14.47,24,23,1,596.0,25.91,0.57,2.18,3.43,13.26,0.09,0.34,1.04,4.03,4.3,1.52,5.87,0.0,0.0,0.35,1.34,8.13,4.04,8.3,4.26,0.35,1.79,2.26,8.73
1173,Super Liga (RS),583466,Luka Luković,L. Luković,1996-10-11,60.16,14.64,15.56,28,28,0,934.0,33.36,1.29,3.85,5.25,15.74,0.18,0.54,0.89,2.68,4.54,2.0,5.99,0.07,0.21,0.29,0.86,11.46,6.14,10.29,6.18,0.96,3.74,2.86,8.56
1173,Super Liga (RS),583468,Dimitrije Stevanović,D. Stevanović,2004-08-27,97.37,26.31,26.93,7,7,0,0.0,0.0,0.0,,0.0,,0.0,,0.0,,0.0,0.0,,0.0,,0.0,,0.0,0.0,0.0,0.0,0.0,,0.0,
1173,Super Liga (RS),583469,Matija Gluščević,M. Gluščević,2004-06-13,37.64,11.31,9.8,5,5,0,73.0,14.6,0.6,4.11,2.6,17.81,0.0,0.0,0.4,2.74,2.0,1.4,9.59,0.2,1.37,0.4,2.74,3.2,2.6,5.0,4.2,1.0,14.29,1.2,8.22
1173,Super Liga (RS),583475,Luka Zorić,L. Zorić,1998-08-02,75.87,18.21,18.71,10,9,1,325.0,36.11,1.67,4.62,7.22,20.0,0.44,1.23,1.33,3.69,4.67,2.11,5.84,0.0,0.0,0.89,2.46,7.78,5.22,9.44,9.0,0.89,3.01,4.56,12.61
1173,Super Liga (RS),583476,Milutin Vidosavljević,M. Vidosavljević,2001-02-21,67.68,17.16,17.65,31,30,1,1190.0,39.67,1.07,2.69,6.03,15.21,0.27,0.67,1.1,2.77,5.47,2.43,6.13,0.17,0.42,0.3,0.76,14.33,6.6,10.83,6.77,0.93,3.2,3.87,9.75
1173,Super Liga (RS),583483,Nikola Mituljikić,N. Mituljikić,2003-01-20,80.7,23.04,18.64,3,3,0,111.0,37.0,1.67,4.5,3.33,9.01,0.0,0.0,1.0,2.7,5.67,3.33,9.01,0.0,0.0,0.67,1.8,11.33,6.33,7.33,5.67,0.33,0.44,4.0,10.81
1173,Super Liga (RS),584916,Uroš Nikolić,U. Nikolić,1993-12-14,35.85,9.3,8.03,7,6,1,86.0,14.33,0.33,2.32,2.5,17.44,0.17,1.16,0.67,4.65,3.0,1.0,6.98,0.0,0.0,0.17,1.16,3.83,2.67,4.67,6.5,1.17,11.34,2.0,13.95
1173,Super Liga (RS),584917,Marko Bjeković,M. Bjeković,2000-09-21,90.9,21.58,26.89,33,32,1,950.0,29.69,1.28,4.32,4.59,15.47,0.38,1.26,1.66,5.58,3.62,1.03,3.47,0.5,1.68,0.91,3.05,5.16,3.47,9.75,10.41,2.03,8.11,1.16,3.89
1173,Super Liga (RS),584919,Nikola Cirković,N. Cirković,1991-12-04,92.53,22.03,30.6,30,30,0,778.0,25.93,1.37,5.27,4.67,17.99,0.53,2.06,0.97,3.73,3.63,1.03,3.98,0.67,2.57,1.03,3.98,3.63,3.23,6.8,14.87,3.0,12.39,1.03,3.98
1173,Super Liga (RS),584923,Marko Velicković,M. Velicković,2004-10-12,44.54,12.12,10.74,21,21,0,602.0,28.67,0.57,1.99,4.24,14.78,0.19,0.66,1.24,4.32,4.14,1.9,6.64,0.05,0.17,0.29,1.0,11.24,5.24,8.05,3.86,0.57,3.87,3.33,11.63
1173,Super Liga (RS),584924,Uroš Sremčević,U. Sremčević,2006-04-24,52.56,12.47,16.22,29,28,1,686.0,24.5,0.46,1.9,3.0,12.25,0.11,0.44,1.25,5.1,4.39,1.29,5.25,0.0,0.0,0.18,0.73,8.89,2.93,6.57,2.54,0.25,1.32,2.79,11.37
1173,Super Liga (RS),586614,Nemanja Dekovic,N. Dekovic,2003-05-09,96.75,22.35,27.92,7,7,0,145.0,20.71,0.86,4.14,4.29,20.69,0.14,0.69,1.29,6.21,2.57,0.57,2.76,0.57,2.76,0.71,3.45,2.71,2.43,4.43,11.86,2.0,9.98,0.43,2.07
1173,Super Liga (RS),586615,Uroš Ljubomirac,U. Ljubomirac,1990-04-12,71.62,17.31,23.65,29,29,0,1506.0,51.93,1.03,1.99,6.14,11.82,0.34,0.66,1.9,3.65,6.0,4.72,9.1,0.17,0.33,0.34,0.66,15.79,8.66,15.28,9.79,0.9,2.66,6.24,12.02
1173,Super Liga (RS),586618,Vladimir Savić,V. Savić,1996-03-12,89.98,20.89,26.25,12,12,0,0.0,0.0,0.0,,0.0,,0.0,,0.0,,0.0,0.0,,0.0,,0.0,,0.0,0.0,0.0,0.0,0.0,,0.0,
1173,Super Liga (RS),586620,Mladjan Stevanović,M. Stevanović,1995-01-01,65.11,14.64,16.52,22,22,0,699.0,31.77,1.82,5.72,5.09,16.02,0.32,1.0,1.05,3.29,5.27,0.95,3.0,0.18,0.57,0.55,1.72,8.14,5.73,8.05,11.36,1.41,5.9,2.32,7.3
1173,Super Liga (RS),593950,Axel Urie,A. Urie,1999-04-14,23.28,5.86,5.0,3,3,0,32.0,10.67,0.0,0.0,1.0,9.38,0.0,0.0,0.0,0.0,2.0,0.0,0.0,0.0,0.0,0.0,0.0,5.0,2.67,3.0,2.0,0.0,0.0,0.67,6.25
1173,Super Liga (RS),606796,Petar Petrović,P. Petrović,1995-09-15,18.62,4.35,3.03,2,2,0,5.0,2.5,0.0,0.0,0.0,0.0,0.0,0.0,0.5,20.0,0.0,0.0,0.0,0.0,0.0,0.0,0.0,1.0,0.0,1.0,0.5,0.5,33.33,0.0,0.0
1173,Super Liga (RS),635449,Bojan Kovačević,B. Kovačević,1996-04-28,95.35,24.53,23.63,16,15,1,321.0,21.4,1.47,6.85,3.87,18.07,0.27,1.25,2.07,9.66,2.73,0.67,3.11,0.47,2.18,0.67,3.12,3.2,2.13,5.33,8.53,1.33,7.2,0.67,3.12
1173,Super Liga (RS),641078,Stefan Stanisavljević,S. Stanisavljević,2002-01-16,86.1,19.51,23.39,19,18,1,813.0,45.17,0.28,0.62,7.94,17.59,0.11,0.25,2.28,5.04,10.33,2.5,5.53,0.06,0.12,0.22,0.49,20.78,5.44,10.56,2.61,0.11,0.25,4.72,10.46
1173,Super Liga (RS),641083,Sava Pribakovic,S. Pribakovic,2003-02-04,94.75,15.34,35.52,1,1,0,47.0,47.0,1.0,2.13,7.0,14.89,3.0,6.38,1.0,2.13,3.0,1.0,2.13,2.0,4.26,1.0,2.13,6.0,4.0,11.0,28.0,9.0,19.15,1.0,2.13
1173,Super Liga (RS),641084,Jovan Milošević,J. Milošević,2005-07-31,78.37,25.46,17.79,17,17,0,665.0,39.12,0.76,1.95,6.41,16.39,0.12,0.3,1.29,3.31,12.76,2.59,6.62,0.06,0.15,0.12,0.3,21.29,7.88,11.59,2.06,0.29,1.33,2.82,7.22
1173,Super Liga (RS),644278,Bob Murphy Omoregbe,B. Omoregbe,2003-11-05,33.42,7.27,8.48,21,21,0,312.0,14.86,0.29,1.92,1.86,12.5,0.24,1.6,0.95,6.41,4.19,1.1,7.37,0.05,0.32,0.19,1.28,5.71,2.24,4.71,1.81,0.33,4.44,1.43,9.61
1173,Super Liga (RS),648880,Andrija Lazarević,A. Lazarević,2004-04-03,30.94,7.96,8.09,3,3,0,104.0,34.67,1.0,2.88,2.67,7.69,0.0,0.0,1.0,2.88,8.0,2.0,5.77,0.33,0.96,0.0,0.0,23.33,9.33,11.33,0.33,0.33,7.14,5.67,16.35
1173,Super Liga (RS),648881,Nikola Đuričić,N. Đuričić,1999-12-12,89.93,26.83,21.76,31,29,2,748.0,25.79,0.97,3.74,4.79,18.58,0.48,1.87,1.52,5.88,3.34,1.59,6.15,0.48,1.87,0.55,2.14,7.1,3.28,6.76,8.83,1.72,7.63,1.14,4.41
1173,Super Liga (RS),648882,Aleksa Matić,A. Matić,2002-09-20,60.96,14.34,20.2,5,5,0,267.0,53.4,0.0,0.0,6.8,12.73,0.0,0.0,1.2,2.25,13.0,3.0,5.62,0.0,0.0,0.2,0.37,36.4,12.4,16.2,1.2,0.4,1.1,4.6,8.61
1173,Super Liga (RS),648883,Nikola Zecević,N. Zecević,2004-06-16,69.77,22.48,16.15,14,14,0,154.0,11.0,0.57,5.19,2.21,20.13,0.07,0.65,0.5,4.55,1.93,0.21,1.95,0.5,4.55,0.43,3.9,2.07,1.64,2.14,6.43,1.5,14.61,0.29,2.6
1173,Super Liga (RS),649597,Lamonth Beres Rochester,L. Rochester,2003-06-10,38.19,11.58,9.29,3,3,0,30.0,10.0,0.0,0.0,2.0,20.0,0.0,0.0,0.67,6.66,0.0,0.0,0.0,0.0,0.0,0.33,3.33,2.33,1.33,2.33,2.33,0.33,2.75,0.33,3.34
1173,Super Liga (RS),662438,Jovan  Šljivić,J. Šljivić,2005-10-14,74.49,20.38,17.45,24,22,2,916.0,41.64,1.23,2.95,6.55,15.72,0.18,0.44,1.41,3.38,7.55,2.59,6.22,0.27,0.66,0.5,1.2,12.32,7.14,11.36,7.23,0.95,3.46,4.0,9.61
1173,Super Liga (RS),662440,Luka Lijeskić,L. Lijeskić,2005-02-23,98.13,26.43,23.75,31,29,2,0.0,0.0,0.0,,0.0,,0.0,,0.0,,0.0,0.0,,0.0,,0.0,,0.0,0.0,0.0,0.0,0.0,,0.0,
1173,Super Liga (RS),662441,Stefan Bukinac,S. Bukinac,2005-07-08,94.37,24.19,24.47,20,19,1,484.0,25.47,1.21,4.75,4.42,17.35,0.26,1.03,1.68,6.61,3.68,1.11,4.34,0.79,3.1,0.89,3.51,4.16,3.11,6.47,10.95,1.79,8.33,0.79,3.1
1173,Super Liga (RS),662444,Mateja  Bubanj,M. Bubanj,2005-01-03,44.91,10.19,13.49,17,16,1,498.0,31.12,0.75,2.41,3.44,11.04,0.12,0.4,0.81,2.61,4.38,2.38,7.63,0.06,0.2,0.38,1.2,12.0,4.75,8.44,5.0,0.44,3.34,2.19,7.03
1173,Super Liga (RS),662446,Veljko Mirosavić,V. Mirosavić,2005-06-15,73.87,17.65,20.27,19,18,1,415.0,23.06,0.67,2.89,3.11,13.49,0.28,1.2,1.44,6.26,2.94,1.5,6.51,0.17,0.72,1.22,5.3,4.72,2.67,6.83,8.06,1.39,7.45,1.44,6.26
1173,Super Liga (RS),662450,Mateja  Radonjić,M. Radonjić,2005-09-20,38.25,10.95,8.64,8,8,0,190.0,23.75,0.62,2.63,3.38,14.21,0.0,0.0,0.62,2.63,3.75,1.12,4.74,0.0,0.0,0.5,2.1,6.88,3.88,7.38,4.12,0.38,2.17,2.0,8.42
1173,Super Liga (RS),671631,Zoran Alilović,Z. Alilović,2006-03-14,63.71,15.07,18.64,18,17,1,708.0,41.65,0.94,2.26,5.71,13.7,0.41,0.99,1.41,3.39,6.47,3.24,7.77,0.06,0.14,0.24,0.56,16.35,7.71,13.35,5.94,1.0,2.7,3.24,7.77
1173,Super Liga (RS),671634,Andrej  Petrović,A. Petrović,2006-04-24,71.69,20.45,17.21,16,16,0,537.0,33.56,0.94,2.79,4.44,13.22,0.38,1.12,1.19,3.54,3.94,2.88,8.57,0.44,1.3,0.5,1.49,8.0,5.0,8.75,8.12,1.25,4.32,3.44,10.24
1173,Super Liga (RS),671637,Nikola Simic,N. Simic,2007-03-30,93.87,29.07,21.18,32,32,0,500.0,15.62,0.88,5.6,3.03,19.4,0.22,1.4,0.56,3.6,2.34,0.53,3.4,0.84,5.4,0.38,2.4,2.41,1.5,2.94,8.47,1.94,13.95,0.31,2.0
1173,Super Liga (RS),671639,Veljko  Milosavljević,V. Milosavljević,2007-06-28,94.83,29.25,20.6,3,3,0,47.0,15.67,1.0,6.38,3.67,23.4,0.0,0.0,0.67,4.25,3.33,0.33,2.13,2.0,12.76,0.67,4.25,2.67,1.0,4.0,8.33,0.67,4.18,0.0,0.0
1173,Super Liga (RS),671641,Adem Avdic,A. Avdic,2007-09-24,63.55,22.18,11.8,24,23,1,473.0,20.57,1.39,6.77,4.43,21.56,0.3,1.48,1.0,4.86,3.65,0.61,2.96,0.39,1.9,0.65,3.17,5.04,3.04,6.83,5.17,1.17,6.91,0.52,2.54
1173,Super Liga (RS),671643,Veljko Jocić,V. Jocić,2006-07-05,37.88,9.53,9.74,7,7,0,208.0,29.71,0.86,2.88,4.86,16.34,0.29,0.96,1.29,4.33,3.86,2.0,6.73,0.0,0.0,0.43,1.44,8.57,4.71,6.57,4.0,0.0,0.0,2.86,9.62
1173,Super Liga (RS),686453,Sadick Abubakar,S. Abubakar,1998-02-02,86.07,19.26,22.51,29,27,2,566.0,20.96,1.56,7.42,4.22,20.14,0.15,0.71,1.3,6.18,3.67,0.59,2.83,0.37,1.77,0.7,3.36,3.41,2.22,4.93,10.22,2.48,13.63,0.3,1.41
1173,Super Liga (RS),686454,Vukašin Bogdanović,V. Bogdanović,2002-10-04,82.51,18.63,20.69,20,18,2,917.0,50.94,0.5,0.98,7.33,14.4,0.0,0.0,2.11,4.14,10.44,2.78,5.45,0.0,0.0,0.06,0.11,27.06,7.89,14.78,3.28,0.11,0.55,7.06,13.85
1173,Super Liga (RS),698050,Mahmudu Bajo,M. Bajo,2004-08-15,49.11,16.23,9.74,16,16,0,309.0,19.31,1.31,6.8,3.81,19.74,0.12,0.65,0.5,2.59,3.62,1.06,5.5,0.19,0.97,0.19,0.97,5.5,3.19,5.19,4.81,1.0,5.88,2.12,11.0
1173,Super Liga (RS),704814,Henry Addo,H. Addo,2003-05-01,46.59,13.19,11.44,15,14,1,307.0,21.93,0.57,2.61,3.57,16.29,0.14,0.65,1.0,4.56,3.79,1.29,5.86,0.29,1.3,0.29,1.3,6.79,3.36,7.14,3.79,0.29,4.01,1.57,7.17
1173,Super Liga (RS),705077,Oleg Nikiforenko,O. Nikiforenko,2001-03-17,31.0,9.22,6.74,6,6,0,81.0,13.5,0.33,2.47,2.83,20.99,0.17,1.23,0.83,6.17,1.67,0.5,3.7,0.0,0.0,0.33,2.47,4.17,2.5,3.5,3.83,0.33,3.59,1.83,13.58
1173,Super Liga (RS),716335,Jovan Ilić,J. Ilić,2000-01-30,68.49,17.81,18.52,27,26,1,819.0,31.5,1.12,3.54,4.92,15.63,0.27,0.85,1.31,4.15,3.5,1.73,5.49,0.15,0.49,0.69,2.2,6.92,4.0,9.19,10.19,1.54,5.47,2.88,9.16
1173,Super Liga (RS),719362,Nikola Grujić,N. Grujić,2006-12-17,94.18,31.68,22.33,1,1,0,0.0,0.0,0.0,,0.0,,0.0,,0.0,,0.0,0.0,,0.0,,0.0,,0.0,0.0,0.0,0.0,0.0,,0.0,
1173,Super Liga (RS),719679,Siniša Tanjga,S. Tanjga,2004-03-11,71.09,16.95,18.0,18,18,0,235.0,13.06,0.67,5.11,3.39,25.96,0.06,0.43,0.56,4.25,1.83,0.22,1.7,0.56,4.25,0.61,4.68,1.78,1.0,2.44,8.0,1.67,13.74,0.06,0.43
1173,Super Liga (RS),722739,Kornél Szűcs,K. Szűcs,2001-09-24,87.51,20.67,22.47,9,9,0,115.0,12.78,0.78,6.09,2.67,20.87,0.67,5.22,1.22,9.57,2.44,0.0,0.0,0.78,6.09,0.56,4.35,2.22,0.78,2.22,7.22,1.67,15.48,0.11,0.87
1173,Super Liga (RS),727423,Ester Sokler,E. Sokler,1999-06-04,87.33,22.47,21.62,29,27,2,1175.0,43.52,0.33,0.77,7.48,17.19,0.26,0.6,1.56,3.58,13.41,2.74,6.3,0.07,0.17,0.04,0.08,21.74,7.74,13.85,2.19,0.3,1.12,3.59,8.26
1173,Super Liga (RS),729180,Christ Sarkodje Kouadio,C. Kouadio,2000-12-23,57.35,11.53,18.02,8,7,1,141.0,20.14,1.14,5.67,3.0,14.89,0.43,2.13,0.86,4.26,2.57,0.57,2.84,0.0,0.0,0.71,3.54,3.43,2.29,6.29,9.29,1.86,13.09,1.14,5.67
1173,Super Liga (RS),729987,Bogdan Mirčetić,B. Mirčetić,2005-10-25,91.83,30.15,20.29,5,5,0,237.0,47.4,2.0,4.22,8.6,18.14,0.4,0.84,1.6,3.38,5.4,5.0,10.55,0.0,0.0,0.2,0.42,22.2,8.6,15.8,7.8,0.8,2.36,4.0,8.44
1173,Super Liga (RS),729988,Nemanja Trifunović,N. Trifunović,2004-06-29,74.76,23.21,16.89,25,25,0,855.0,34.2,0.84,2.46,6.04,17.66,0.24,0.7,1.2,3.51,4.48,2.48,7.25,0.28,0.82,0.36,1.05,12.8,7.28,9.96,5.68,0.52,1.9,2.4,7.02
1173,Super Liga (RS),738200,Pedro Carvalhosa Empis,Pedro Empis,1997-02-01,47.26,10.13,12.14,3,3,0,53.0,17.67,0.0,0.0,6.0,33.96,0.0,0.0,1.33,7.55,1.0,0.0,0.0,0.0,0.0,1.0,5.66,1.67,2.0,5.33,8.0,0.67,5.15,1.33,7.55
1173,Super Liga (RS),741993,Filip Samurović,F. Samurović,2002-09-23,90.95,22.12,27.28,1,1,0,0.0,0.0,0.0,,0.0,,0.0,,0.0,,0.0,0.0,,0.0,,0.0,,0.0,0.0,0.0,0.0,0.0,,0.0,
1173,Super Liga (RS),741994,Luka Subotić,L. Subotić,2003-01-22,90.17,22.75,24.81,26,25,1,456.0,18.24,1.44,7.89,3.88,21.27,0.24,1.32,1.08,5.92,3.32,0.36,1.97,0.72,3.95,0.96,5.26,2.6,1.68,3.64,10.8,2.8,16.04,0.08,0.44
1173,Super Liga (RS),748219,Kenroy Campbell,K. Campbell,2002-05-30,38.39,8.86,10.81,9,9,0,220.0,24.44,0.78,3.18,3.56,14.55,0.56,2.27,0.89,3.64,3.89,1.44,5.91,0.0,0.0,0.11,0.45,9.33,5.0,7.67,5.11,0.22,3.21,2.56,10.45
1173,Super Liga (RS),749343,Eldar Mehmedović,E. Mehmedović,2003-04-10,45.07,12.63,10.98,10,10,0,237.0,23.7,0.8,3.38,3.3,13.92,0.2,0.84,0.7,2.95,3.3,0.7,2.95,0.1,0.42,0.6,2.53,6.2,4.6,6.0,5.5,0.7,3.09,2.8,11.81
1173,Super Liga (RS),760980,Vladimir Radočaj,V. Radočaj,1998-12-24,62.84,15.19,18.13,17,17,0,468.0,27.53,1.24,4.49,4.06,14.74,0.35,1.28,0.65,2.35,6.06,1.47,5.34,0.18,0.64,0.29,1.07,7.59,3.71,8.65,5.94,0.88,5.3,2.47,8.97
1173,Super Liga (RS),760984,Nikola Glišić,N. Glišić,1999-06-30,60.68,15.05,16.52,25,25,0,552.0,22.08,0.88,3.99,3.4,15.4,0.48,2.17,1.52,6.88,3.32,0.88,3.99,0.28,1.27,0.8,3.62,5.88,2.88,5.2,7.68,1.28,7.62,1.16,5.25
1173,Super Liga (RS),761021,Ismael Alves Gaetan Maiga,I. Maiga,2003-11-23,80.07,17.71,23.47,15,14,1,168.0,12.0,0.64,5.36,2.43,20.24,0.14,1.19,0.57,4.76,2.14,0.07,0.59,0.43,3.57,0.14,1.19,1.64,1.29,2.93,7.29,1.64,14.99,0.21,1.79
1173,Super Liga (RS),761024,Milan Ilić,M. Ilić,2000-02-07,48.99,11.43,15.92,16,16,0,306.0,19.12,1.06,5.56,3.0,15.68,0.31,1.63,0.75,3.92,1.62,1.19,6.21,0.5,2.61,0.94,4.9,2.56,2.38,4.88,9.0,1.5,7.88,1.0,5.23
1173,Super Liga (RS),761028,Strahinja  Manojlović,S. Manojlović,2002-08-11,98.47,25.46,24.83,21,17,4,0.0,0.0,0.0,,0.0,,0.0,,0.0,,0.0,0.0,,0.0,,0.0,,0.0,0.0,0.0,0.0,0.0,,0.0,
1173,Super Liga (RS),761031,Aleksa Radonjić,A. Radonjić,2005-10-24,73.06,17.46,21.62,29,28,1,1030.0,36.79,0.71,1.94,4.79,13.01,0.21,0.58,1.68,4.56,8.07,2.79,7.57,0.18,0.49,0.43,1.16,9.61,7.04,11.29,7.21,0.54,1.72,3.75,10.19
1173,Super Liga (RS),761032,Djordje Skoko,D. Skoko,2003-06-03,96.31,22.48,28.94,36,35,1,549.0,15.69,0.89,5.65,3.23,20.58,0.17,1.09,0.66,4.19,2.2,0.37,2.37,0.69,4.37,0.4,2.55,1.77,1.51,4.2,9.8,1.74,11.96,0.4,2.55
1173,Super Liga (RS),761035,Vukasin Djurdjevic,V. Durdevic,2004-01-24,65.26,21.15,14.51,25,25,0,406.0,16.24,1.16,7.14,2.92,17.98,0.2,1.23,0.64,3.94,1.8,0.56,3.45,0.32,1.97,0.44,2.71,3.4,1.68,4.96,6.28,1.28,9.18,0.28,1.72
1173,Super Liga (RS),761913,Irfan Zulfic,I. Zulfic,2000-10-04,39.93,8.23,12.27,3,3,0,77.0,25.67,0.33,1.3,3.33,12.99,0.0,0.0,1.0,3.89,2.67,2.67,10.39,0.0,0.0,0.0,0.0,12.0,4.0,8.0,5.33,0.0,0.0,3.33,12.98
1173,Super Liga (RS),761958,Mirko Milikić,M. Milikić,2001-12-24,97.99,28.24,24.78,33,31,2,446.0,14.39,0.52,3.59,2.94,20.4,0.39,2.69,0.71,4.93,2.61,0.19,1.35,0.71,4.93,0.68,4.71,2.81,1.19,2.94,8.84,1.71,13.15,0.19,1.35
1173,Super Liga (RS),761960,Marko Konatar,M. Konatar,2000-03-25,78.31,23.68,19.07,21,19,2,444.0,23.37,0.74,3.15,3.79,16.22,0.47,2.03,1.21,5.18,3.0,1.37,5.86,0.37,1.58,0.47,2.03,5.11,3.16,6.32,8.47,1.16,6.19,1.26,5.41
1173,Super Liga (RS),761963,Branislav Knezević,B. Knezević,2002-07-21,76.14,21.7,19.93,30,28,2,983.0,35.11,0.61,1.73,5.54,15.77,0.21,0.61,0.75,2.14,3.82,1.79,5.09,0.14,0.41,0.43,1.22,11.36,5.5,11.68,8.14,0.75,2.61,3.18,9.05
1173,Super Liga (RS),761976,Stepanovich Evgeniy Pavlov Yevgeny,Evgeniy Pavlov,1991-03-12,18.87,5.47,3.62,7,7,0,41.0,5.86,0.0,0.0,0.71,12.19,0.0,0.0,0.57,9.76,1.57,0.14,2.44,0.0,0.0,0.0,0.0,1.71,0.71,1.43,0.29,0.0,0.0,0.0,0.0
1173,Super Liga (RS),762574,Miloš Ristić,M. Ristić,1995-04-06,75.88,22.53,17.23,19,18,1,533.0,29.61,1.5,5.07,5.44,18.39,0.22,0.75,1.0,3.38,4.94,1.44,4.88,0.28,0.94,0.5,1.69,6.44,4.17,7.89,9.56,1.44,5.59,2.0,6.76
1173,Super Liga (RS),762581,Bojan Adžić,B. Adžić,2003-12-01,67.05,18.46,16.43,14,14,0,318.0,22.71,0.71,3.15,4.5,19.81,0.43,1.89,0.79,3.46,4.0,1.14,5.03,0.29,1.26,0.93,4.09,4.71,3.21,6.36,8.5,1.29,6.48,0.71,3.15
1173,Super Liga (RS),762583,Nikola Miličić,N. Miličić,2004-07-04,83.28,21.72,20.92,23,21,2,431.0,20.52,0.86,4.18,4.9,23.9,0.14,0.7,0.71,3.48,2.29,0.71,3.48,0.48,2.32,0.95,4.64,3.48,2.43,5.95,9.57,2.19,12.61,0.52,2.55
1173,Super Liga (RS),762587,Dragan Bojat,D. Bojat,2003-08-10,61.33,16.69,15.81,22,21,1,472.0,22.48,0.9,4.02,3.52,15.68,0.14,0.64,1.57,6.99,2.86,0.95,4.24,0.52,2.33,0.67,2.97,5.0,2.86,6.14,7.67,1.05,5.52,1.05,4.66
1173,Super Liga (RS),762590,Filip Krstić,F. Krstić,1997-08-29,74.1,17.12,21.75,28,28,0,1000.0,35.71,0.71,2.0,5.07,14.2,0.14,0.4,1.11,3.1,2.39,2.14,6.0,0.32,0.9,0.5,1.4,8.36,6.14,10.11,13.14,1.21,3.94,2.96,8.3
1173,Super Liga (RS),763351,Mateja Gašić,M. Gašić,2003-02-16,95.58,22.31,24.34,34,33,1,840.0,25.45,1.39,5.48,5.09,20.0,0.21,0.83,1.45,5.71,3.3,0.76,2.98,0.48,1.9,0.73,2.86,4.03,2.7,6.09,9.91,1.94,8.54,0.42,1.67
1173,Super Liga (RS),763354,Saša Stamenković,S. Stamenković,1985-01-05,96.07,22.54,31.81,33,33,0,0.0,0.0,0.0,,0.0,,0.0,,0.0,,0.0,0.0,,0.0,,0.0,,0.0,0.0,0.0,0.0,0.0,,0.0,
1173,Super Liga (RS),765517,Nikola Krstić,N. Krstić,2004-12-01,66.49,16.5,17.36,28,28,0,1287.0,45.96,1.5,3.26,7.14,15.54,0.32,0.7,1.57,3.42,7.21,2.93,6.37,0.29,0.62,0.57,1.24,14.86,9.71,14.25,9.29,1.07,3.24,4.71,10.26
1173,Super Liga (RS),765518,Miloš  Jović,M. Jović,2006-05-22,27.26,7.11,7.08,20,20,0,294.0,14.7,0.4,2.72,1.65,11.22,0.05,0.34,0.45,3.06,3.45,0.55,3.74,0.0,0.0,0.05,0.34,7.35,2.9,3.65,1.15,0.1,1.16,0.95,6.46
1173,Super Liga (RS),765522,Ognjen Krsmanović,O. Krsmanović,2005-01-14,72.59,15.59,23.57,14,14,0,826.0,59.0,1.07,1.82,6.57,11.14,0.14,0.24,2.07,3.51,8.43,3.29,5.57,0.07,0.12,0.29,0.48,24.29,12.07,13.57,8.21,1.0,2.9,6.29,10.65
1173,Super Liga (RS),768262,Aboubacar Cisse,A. Cisse,2004-02-20,57.34,12.07,16.48,18,17,1,571.0,33.59,0.76,2.28,4.47,13.31,0.24,0.7,1.53,4.55,5.41,2.41,7.18,0.24,0.7,0.53,1.58,11.53,5.94,12.47,6.24,0.65,3.71,3.76,11.21
1173,Super Liga (RS),770927,Marin Dulić,M. Dulić,2004-03-25,97.6,22.86,26.84,10,9,1,0.0,0.0,0.0,,0.0,,0.0,,0.0,,0.0,0.0,,0.0,,0.0,,0.0,0.0,0.0,0.0,0.0,,0.0,
1173,Super Liga (RS),773291,Strahinja Ristić,S. Ristić,2004-03-17,56.81,13.51,17.03,6,6,0,91.0,15.17,1.33,8.79,2.5,16.48,0.0,0.0,1.5,9.89,1.5,0.33,2.2,1.17,7.69,0.83,5.5,1.83,2.5,2.5,9.17,1.5,9.67,0.17,1.1
1173,Super Liga (RS),786869,Bogdan Petrovic,B. Petrovic,2004-12-07,62.49,18.44,14.97,29,29,0,907.0,31.28,0.17,0.55,5.28,16.87,0.07,0.22,1.55,4.96,8.07,2.14,6.84,0.03,0.11,0.07,0.22,15.31,3.9,7.52,1.86,0.21,0.89,2.34,7.5
1173,Super Liga (RS),790814,Yakup Arda Kılıç,A. Kılıç,2005-01-04,21.16,2.82,7.15,1,1,0,15.0,15.0,1.0,6.67,4.0,26.67,0.0,0.0,2.0,13.33,2.0,1.0,6.67,0.0,0.0,0.0,0.0,3.0,2.0,6.0,2.0,0.0,0.0,0.0,0.0
1173,Super Liga (RS),796671,Nikola  Bukumira,N. Bukumira,2005-09-07,43.03,10.57,10.5,23,21,2,499.0,23.76,0.48,2.0,4.29,18.04,0.19,0.8,0.76,3.21,4.14,1.43,6.01,0.14,0.6,0.29,1.2,7.76,4.14,5.9,4.81,0.67,5.29,2.1,8.82
1173,Super Liga (RS),797522,Jovan Ćirić,J. Ćirić,2007-02-25,74.88,17.77,25.24,22,22,0,843.0,38.32,0.91,2.37,4.45,11.63,0.09,0.24,1.5,3.91,5.27,1.77,4.63,0.05,0.12,0.27,0.71,13.0,5.59,13.77,6.05,0.18,0.77,3.5,9.13
1173,Super Liga (RS),797926,Pavle Mihajlović,P. Mihajlović,2006-07-13,42.1,10.49,12.85,3,3,0,40.0,13.33,0.33,2.5,3.0,22.5,0.33,2.5,1.0,7.5,2.0,0.0,0.0,0.33,2.5,1.0,7.5,2.0,1.0,3.67,8.0,1.33,10.41,0.67,5.0
1173,Super Liga (RS),797966,Szabolcs Mezei,S. Mezei,2000-10-18,47.87,14.12,11.39,27,27,0,649.0,24.04,0.85,3.54,3.48,14.48,0.19,0.77,1.22,5.09,2.74,1.52,6.32,0.11,0.46,0.3,1.23,7.37,4.26,6.89,5.41,0.85,4.21,2.37,9.86
1173,Super Liga (RS),800140,Lazar Stojanovic,L. Stojanovic,2005-04-22,66.1,16.54,16.46,22,21,1,341.0,16.24,0.9,5.57,3.1,19.06,0.19,1.17,0.62,3.81,1.86,0.43,2.64,0.52,3.23,0.67,4.11,3.0,1.71,4.67,7.81,1.48,9.96,0.52,3.23
1173,Super Liga (RS),800141,Vladan Čarapić,V. Čarapić,2007-01-30,96.79,22.72,28.7,6,6,0,0.0,0.0,0.0,,0.0,,0.0,,0.0,,0.0,0.0,,0.0,,0.0,,0.0,0.0,0.0,0.0,0.0,,0.0,
1173,Super Liga (RS),800307,Nikola  Skrobonja,N. Skrobonja,2005-08-16,30.23,7.54,6.97,14,12,2,118.0,9.83,0.33,3.39,1.58,16.1,0.08,0.85,0.75,7.63,1.17,0.67,6.78,0.08,0.85,0.08,0.85,2.08,1.5,2.92,2.17,0.33,4.23,0.5,5.09
1173,Super Liga (RS),800346,Lazar Balević,L. Balević,2007-08-24,92.6,22.42,26.48,27,26,1,0.0,0.0,0.0,,0.0,,0.0,,0.0,,0.0,0.0,,0.0,,0.0,,0.0,0.0,0.0,0.0,0.0,,0.0,
1173,Super Liga (RS),800395,Louay Ben Hassine,L. Ben Hassine,2000-04-02,85.6,22.53,21.18,35,33,2,1258.0,38.12,1.18,3.1,6.21,16.3,0.24,0.64,1.73,4.53,5.09,2.39,6.28,0.15,0.4,0.55,1.43,11.91,6.33,10.64,7.82,1.24,4.32,2.94,7.71
1173,Super Liga (RS),800919,Aleksandar Stancic,A. Stancic,2006-09-23,61.24,18.08,14.44,22,22,0,643.0,29.23,0.77,2.64,5.05,17.26,0.18,0.62,1.18,4.04,4.09,1.77,6.07,0.18,0.62,0.77,2.64,8.09,3.73,7.73,7.0,0.95,3.74,1.59,5.44
1173,Super Liga (RS),801265,Dušan Jovanović,D. Jovanović,2006-02-15,28.98,9.68,6.33,16,15,1,207.0,13.8,0.13,0.97,2.0,14.49,0.0,0.0,0.53,3.86,4.27,0.67,4.83,0.0,0.0,0.13,0.97,7.93,2.6,5.8,0.27,0.0,0.0,0.6,4.35
1173,Super Liga (RS),801829,Ejike  Julius Opara ,E. Julius Opara,2005-07-05,59.19,13.79,14.99,14,13,1,353.0,27.15,0.46,1.7,5.08,18.7,0.15,0.57,1.46,5.38,6.46,1.54,5.67,0.15,0.57,0.23,0.85,9.46,3.54,6.0,3.46,0.31,1.22,1.54,5.67
1173,Super Liga (RS),801853,Stefan  Bastaja,S. Bastaja,2005-02-22,57.57,13.67,16.44,5,5,0,104.0,20.8,0.4,1.92,3.0,14.42,0.4,1.92,1.2,5.77,2.8,0.4,1.92,0.2,0.96,0.2,0.96,3.2,2.0,4.4,10.0,2.4,11.23,0.6,2.88
1173,Super Liga (RS),807493,Semir Alić,S. Alić,2004-03-27,43.32,9.11,11.8,32,31,1,954.0,30.77,0.94,3.04,4.42,14.36,0.26,0.84,1.16,3.77,5.45,1.68,5.45,0.13,0.42,0.39,1.26,9.9,7.55,9.0,7.26,1.16,4.86,2.74,8.91
1173,Super Liga (RS),808555,Hristo Ivanov,H. Ivanov,2000-12-16,82.95,24.61,21.86,13,12,1,402.0,33.5,1.83,5.47,5.67,16.91,0.25,0.75,1.67,4.98,4.5,1.17,3.48,0.25,0.75,0.92,2.74,8.25,4.83,7.5,14.5,2.42,7.66,1.42,4.23
1173,Super Liga (RS),809030,Anes Rušević,A. Rušević,1996-12-02,25.34,6.05,4.76,6,6,0,39.0,6.5,0.33,5.13,2.0,30.77,0.0,0.0,0.17,2.56,2.0,0.17,2.56,0.0,0.0,0.0,0.0,2.0,1.0,2.17,0.17,0.0,0.0,0.5,7.69
1173,Super Liga (RS),810387,Lazar Kaličanin,L. Kaličanin,2004-05-21,98.08,23.08,26.66,12,12,0,0.0,0.0,0.0,,0.0,,0.0,,0.0,,0.0,0.0,,0.0,,0.0,,0.0,0.0,0.0,0.0,0.0,,0.0,
1173,Super Liga (RS),810388,Uroš Miladinović,U. Miladinović,2004-06-16,74.34,18.06,19.72,35,34,1,1420.0,41.76,1.21,2.89,5.41,12.96,0.29,0.7,1.62,3.87,6.82,2.38,5.7,0.12,0.28,0.44,1.06,15.26,7.35,13.85,6.97,0.59,2.29,4.06,9.72
1173,Super Liga (RS),810435,Lazar Micic,L. Micic,2003-02-17,62.1,15.39,17.38,26,26,0,598.0,23.0,0.46,2.01,3.58,15.55,0.15,0.67,0.77,3.34,3.0,1.46,6.35,0.08,0.33,0.15,0.67,7.12,2.92,8.42,4.0,0.35,2.01,1.88,8.19
1173,Super Liga (RS),810461,Viktor Radojević,V. Radojević,2004-07-14,93.92,23.46,21.32,4,4,0,142.0,35.5,1.75,4.93,5.0,14.09,0.5,1.41,2.0,5.63,7.75,1.25,3.52,1.25,3.52,2.5,7.04,8.0,4.5,9.5,13.0,2.0,7.91,1.25,3.52
1173,Super Liga (RS),810464,Milan Kolarevic,M. Kolarevic,2004-04-07,68.02,16.57,17.61,27,26,1,866.0,33.31,1.19,3.58,4.92,14.78,0.31,0.92,1.73,5.2,4.65,2.69,8.08,0.0,0.0,0.35,1.04,10.27,6.31,11.46,5.38,0.54,2.38,3.58,10.74
1173,Super Liga (RS),810465,Stefan Pirgić,S. Pirgić,2003-02-09,80.84,24.05,19.62,34,31,3,829.0,26.74,1.45,5.43,4.48,16.77,0.19,0.72,1.32,4.95,4.32,1.0,3.74,0.65,2.41,0.58,2.17,8.74,3.52,6.55,7.84,1.81,8.36,1.48,5.55
1173,Super Liga (RS),810466,Petar Sukacev,P. Sukacev,2005-08-28,67.59,17.68,17.11,17,17,0,573.0,33.71,1.88,5.58,4.0,11.87,0.41,1.22,1.18,3.49,6.12,2.59,7.68,0.12,0.35,0.18,0.52,11.35,7.24,10.29,6.94,0.94,3.67,2.94,8.73
1173,Super Liga (RS),810488,Željko Arsić,Ž. Arsić,1997-07-26,64.92,16.23,14.88,2,2,0,47.0,23.5,1.5,6.38,3.0,12.77,0.0,0.0,0.0,0.0,2.0,0.5,2.13,0.0,0.0,0.0,0.0,2.5,2.5,5.5,7.0,0.5,4.08,2.0,8.51
1173,Super Liga (RS),810625,Danijel Kolarić,D. Kolarić,2005-02-10,90.14,23.08,25.26,29,28,1,809.0,28.89,1.36,4.7,5.54,19.16,0.32,1.11,1.5,5.19,3.54,1.14,3.96,0.68,2.35,1.29,4.45,5.25,4.43,7.14,13.11,2.14,8.38,1.64,5.69
1173,Super Liga (RS),810627,Tomislav Dadić,T. Dadić,1997-12-15,76.38,19.67,19.89,15,14,1,239.0,17.07,1.29,7.53,3.36,19.67,0.29,1.67,0.57,3.35,2.14,0.93,5.44,0.29,1.67,0.93,5.44,3.21,1.57,5.0,6.64,1.29,8.54,0.64,3.77
1173,Super Liga (RS),811442,Andreja  Ristić,A. Ristić,2004-01-08,16.72,3.99,4.02,10,9,1,60.0,6.67,0.0,0.0,1.0,15.0,0.11,1.67,0.11,1.67,2.11,0.56,8.33,0.11,1.67,0.11,1.67,2.89,0.78,2.33,2.44,0.33,8.88,1.22,18.33
1173,Super Liga (RS),816989,Ognjen Bondzulic,O. Bondzulic,2007-07-24,81.5,18.58,26.27,7,7,0,261.0,37.29,1.0,2.68,4.29,11.49,0.14,0.38,1.57,4.21,2.86,1.14,3.07,0.0,0.0,0.0,0.0,13.0,3.86,14.0,5.57,0.14,0.68,3.86,10.34
1173,Super Liga (RS),817758,Luka  Krstovic,L. Krstovic,2005-12-04,15.01,4.38,3.19,2,2,0,16.0,8.0,1.0,12.5,0.0,0.0,0.0,0.0,0.0,0.0,1.5,1.0,12.5,0.0,0.0,0.0,0.0,3.5,2.0,2.0,3.0,1.5,18.25,0.5,6.25
1173,Super Liga (RS),818308,Marko Mladenovic,M. Mladenovic,2005-01-30,39.31,9.83,9.16,15,14,1,287.0,20.5,0.93,4.53,3.07,14.98,0.07,0.35,0.79,3.83,3.07,1.0,4.88,0.0,0.0,0.21,1.04,8.79,3.79,5.64,2.86,0.07,0.58,2.14,10.45
1173,Super Liga (RS),818958,Lazar Miladinović,L. Miladinović,2007-11-08,90.7,22.33,25.49,23,22,1,413.0,18.77,1.0,5.33,3.77,20.1,0.55,2.91,1.0,5.33,1.86,0.18,0.97,1.23,6.54,0.91,4.84,2.36,1.91,4.5,11.95,2.64,14.63,0.36,1.94
1173,Super Liga (RS),818959,Djordje Skocajic,D. Skocajic,2006-05-26,16.0,3.19,6.03,2,2,0,35.0,17.5,0.0,0.0,1.5,8.57,0.0,0.0,0.5,2.85,1.5,1.5,8.57,0.0,0.0,0.0,0.0,11.0,2.5,5.0,0.0,0.0,,1.5,8.57
1173,Super Liga (RS),819370,Stefan Mitrović,S. Mitrović,2006-04-28,12.95,2.75,3.81,10,8,2,58.0,7.25,0.25,3.45,0.62,8.62,0.0,0.0,0.25,3.45,0.5,0.38,5.17,0.0,0.0,0.25,3.45,1.62,0.75,2.5,3.0,0.5,6.15,0.75,10.35
1173,Super Liga (RS),820742,Aleksa Milošević,A. Milošević,2007-01-08,76.71,18.13,26.17,17,17,0,354.0,20.82,1.06,5.09,2.82,13.56,0.18,0.85,1.06,5.08,2.71,0.76,3.67,0.88,4.24,0.94,4.52,3.06,1.94,4.76,11.82,2.82,14.15,1.06,5.09
1173,Super Liga (RS),820743,Ognjen Alempijevic,O. Alempijevic,2007-05-31,6.23,1.2,1.89,4,4,0,18.0,4.5,0.0,0.0,0.75,16.67,0.0,0.0,0.25,5.56,1.25,0.0,0.0,0.0,0.0,0.25,5.56,1.5,0.75,1.0,1.25,0.0,0.0,0.5,11.11
1173,Super Liga (RS),823903,Francis Ebuka Nwokeabia,F. Nwokeabia,2005-05-16,52.84,14.03,14.39,24,23,1,679.0,29.52,1.43,4.86,4.96,16.79,0.26,0.88,0.96,3.24,3.96,1.7,5.75,0.13,0.44,0.57,1.91,7.04,5.43,8.13,9.13,1.57,5.68,1.87,6.33
1173,Super Liga (RS),825490,Bogdan Matijasevic,B. Matijasevic,2004-05-27,56.89,14.8,21.57,2,2,0,0.0,0.0,0.0,,0.0,,0.0,,0.0,,0.0,0.0,,0.0,,0.0,,0.0,0.0,0.0,0.0,0.0,,0.0,
1173,Super Liga (RS),827063,Veljko Radosavljevic,V. Radosavljevic,2005-04-02,28.95,6.57,9.03,17,15,2,238.0,15.87,0.33,2.1,2.4,15.13,0.27,1.68,0.27,1.68,2.0,1.07,6.72,0.27,1.68,0.13,0.84,5.27,1.47,5.8,4.27,0.4,3.03,1.4,8.82
1173,Super Liga (RS),827064,Luka Djordjevic,L. Djordjevic,2006-05-21,51.8,12.32,13.4,19,18,1,439.0,24.39,0.67,2.73,3.89,15.95,0.33,1.37,1.17,4.78,5.39,1.56,6.38,0.06,0.23,0.06,0.23,10.11,4.17,9.0,3.78,0.22,0.72,2.11,8.66
1173,Super Liga (RS),827066,Jagoš Djurkovic,J. Djurkovic,2008-03-05,31.87,7.25,9.87,13,13,0,272.0,20.92,0.46,2.21,3.38,16.18,0.0,0.0,0.92,4.41,2.77,0.92,4.41,0.08,0.37,0.38,1.84,5.0,3.69,6.77,5.69,0.69,3.71,1.38,6.62
1173,Super Liga (RS),827068,Ognjen Ugresic,O. Ugresic,2006-07-15,55.04,17.31,12.2,37,37,0,978.0,26.43,0.81,3.07,4.41,16.67,0.05,0.2,0.92,3.48,5.22,2.08,7.87,0.08,0.31,0.16,0.61,9.95,4.46,8.22,4.43,0.46,2.44,2.16,8.18
1173,Super Liga (RS),827069,Milan Roganović,M. Roganović,2005-10-28,91.17,28.37,20.42,33,33,0,831.0,25.18,0.97,3.85,4.97,19.73,0.42,1.68,1.09,4.33,3.24,1.36,5.42,0.39,1.56,0.64,2.53,6.36,2.73,7.94,8.03,1.45,7.75,1.21,4.81
1173,Super Liga (RS),827070,Vanja  Tomic,V. Tomic,2005-07-15,62.7,16.65,15.84,11,11,0,250.0,22.73,1.27,5.6,3.82,16.8,0.27,1.2,0.82,3.6,1.82,0.82,3.6,0.18,0.8,0.55,2.4,6.0,2.91,5.55,9.91,1.55,8.55,2.36,10.4
1173,Super Liga (RS),828818,Wendkuuni Josué Tiendrébéogo,J. Tiendrébéogo,2002-11-21,75.5,17.85,19.96,11,11,0,490.0,44.55,1.73,3.88,7.18,16.12,0.55,1.22,1.18,2.65,7.82,2.18,4.9,0.36,0.82,0.36,0.82,15.55,8.45,11.82,10.82,1.64,4.1,4.64,10.41
1173,Super Liga (RS),839086,Dušan Pavlović,D. Pavlović,2004-05-19,96.96,24.9,24.98,33,29,4,506.0,17.45,1.28,7.31,3.83,21.94,0.38,2.17,0.69,3.95,2.97,0.24,1.38,0.59,3.36,0.52,2.97,1.97,1.72,3.28,10.59,2.72,16.84,0.24,1.38
1173,Super Liga (RS),839087,Stefan Nikolic,S. Nikolic,2006-01-25,49.4,12.82,12.98,28,24,4,656.0,27.33,0.75,2.74,3.75,13.72,0.21,0.76,0.83,3.05,3.33,2.04,7.47,0.12,0.46,0.17,0.61,9.0,5.38,8.12,5.92,0.75,4.51,2.71,9.91
1173,Super Liga (RS),839088,Dragan  Cubra,D. Cubra,2002-06-04,54.62,12.53,16.23,12,11,1,212.0,19.27,0.73,3.77,3.45,17.92,0.55,2.83,1.09,5.66,2.55,0.73,3.77,1.0,5.19,1.09,5.66,3.0,2.55,4.45,7.64,1.27,8.47,1.09,5.66
1173,Super Liga (RS),839090,Zubairu Ibrahim,Z. Ibrahim,2004-06-02,22.25,8.07,4.17,7,7,0,52.0,7.43,0.29,3.85,1.0,13.46,0.0,0.0,0.43,5.77,1.57,0.43,5.77,0.0,0.0,0.14,1.92,2.57,0.86,2.14,0.71,0.14,2.5,0.57,7.69
1173,Super Liga (RS),839091,Nikola Jovanovic,N. Jovanovic,2003-10-29,44.97,12.69,11.81,27,25,2,663.0,26.52,0.4,1.51,3.4,12.82,0.32,1.21,1.0,3.77,5.6,1.84,6.94,0.04,0.15,0.28,1.06,10.52,5.28,8.72,4.36,0.48,2.89,3.48,13.12
1173,Super Liga (RS),839096,Jovan  Milosavljevic,J. Milosavljevic,2007-02-08,62.91,17.52,16.72,17,15,2,559.0,37.27,1.4,3.76,5.2,13.95,0.2,0.54,1.2,3.22,3.87,2.87,7.69,0.07,0.18,0.53,1.43,13.07,7.6,12.0,9.73,1.33,4.25,4.0,10.73
1173,Super Liga (RS),839097,Nemanja  Vidojević,N. Vidojević,2004-07-05,74.19,20.34,18.64,23,21,2,256.0,12.19,0.57,4.69,2.48,20.31,0.1,0.78,0.67,5.47,2.05,0.33,2.73,0.43,3.52,0.57,4.69,2.14,1.43,2.24,7.19,1.86,15.54,0.19,1.56
1173,Super Liga (RS),839200,Stefan Despotovski,S. Despotovski,2003-01-23,82.99,20.7,21.43,26,25,1,658.0,26.32,0.68,2.58,4.92,18.69,0.4,1.52,1.88,7.14,2.68,0.96,3.65,0.72,2.73,0.88,3.34,4.28,3.52,6.64,11.84,1.84,8.15,0.52,1.98
1173,Super Liga (RS),839762,Sinisa  Popovic,S. Popovic,2005-01-23,66.51,17.66,17.37,4,4,0,55.0,13.75,0.5,3.64,2.25,16.37,0.25,1.82,0.75,5.46,1.75,0.25,1.82,0.25,1.82,0.5,3.64,1.75,1.5,2.75,8.0,1.75,12.85,0.0,0.0
1173,Super Liga (RS),839764,Marko Jevtić,M. Jevtić,1996-02-17,80.78,20.0,22.34,20,20,0,231.0,11.55,0.45,3.9,2.55,22.08,0.4,3.46,0.75,6.49,1.2,0.1,0.87,0.5,4.33,0.4,3.46,1.45,1.2,2.0,7.9,1.85,16.77,0.2,1.73
1173,Super Liga (RS),840131,Luka Drobnjak,L. Drobnjak,2004-04-25,81.18,19.39,23.45,26,25,1,615.0,24.6,1.4,5.69,4.72,19.19,0.44,1.79,1.4,5.69,2.44,0.88,3.58,1.08,4.39,1.16,4.72,3.52,2.88,4.44,14.08,3.04,13.18,0.48,1.95
1173,Super Liga (RS),840132,Matija Gočmanac,M. Gočmanac,2003-08-05,95.0,22.47,23.85,2,2,0,0.0,0.0,0.0,,0.0,,0.0,,0.0,,0.0,0.0,,0.0,,0.0,,0.0,0.0,0.0,0.0,0.0,,0.0,
1173,Super Liga (RS),840413,Andrej Kostić,A. Kostić,2007-01-16,38.95,11.34,9.2,35,35,0,762.0,21.77,0.31,1.44,3.46,15.88,0.09,0.39,0.86,3.94,5.0,1.54,7.09,0.0,0.0,0.03,0.13,10.03,4.31,6.11,1.4,0.17,1.61,1.77,8.14
1173,Super Liga (RS),840903,Kwaku Karikari,K. Karikari,2002-03-25,78.5,23.35,18.76,28,25,3,1059.0,42.36,0.52,1.23,5.8,13.69,0.2,0.47,1.8,4.25,16.44,3.28,7.74,0.0,0.0,0.08,0.19,26.88,8.6,19.2,2.28,0.24,1.11,4.0,9.44
1173,Super Liga (RS),841303,Kayode Saliman,K. Saliman,2003-01-07,52.81,11.84,16.94,31,30,1,991.0,33.03,0.7,2.12,3.6,10.9,0.3,0.91,1.37,4.14,8.27,1.97,5.95,0.13,0.4,0.47,1.41,9.93,7.1,11.1,7.07,0.7,2.27,3.7,11.2
1173,Super Liga (RS),841543,Godswill Vadze,G. Vadze,2001-09-04,41.82,10.27,11.44,5,5,0,64.0,12.8,0.4,3.12,1.6,12.5,0.0,0.0,0.6,4.69,2.4,0.8,6.25,0.0,0.0,0.0,0.0,3.4,2.0,4.4,3.0,0.4,4.67,0.8,6.25
1173,Super Liga (RS),841662,Aleksandar Dermanovic,A. Dermanovic,2002-10-03,96.44,26.14,24.86,18,17,1,277.0,16.29,1.06,6.5,3.53,21.66,0.29,1.8,0.82,5.05,2.18,0.35,2.17,0.41,2.53,0.29,1.81,2.12,2.18,3.59,10.0,2.59,18.11,0.53,3.25
1173,Super Liga (RS),841663,Aleksa Cvetković,A. Cvetković,2005-05-13,70.32,18.59,16.8,35,34,1,1537.0,45.21,1.15,2.54,7.5,16.59,0.32,0.72,1.76,3.9,8.32,2.35,5.21,0.12,0.26,0.59,1.3,15.09,9.79,12.79,10.03,1.29,3.62,3.82,8.46
1173,Super Liga (RS),841668,Vasilije Grbović,V. Grbović,2008-05-12,13.09,2.85,3.5,2,2,0,18.0,9.0,0.0,0.0,0.5,5.55,0.0,0.0,1.0,11.11,1.5,1.0,11.11,0.0,0.0,0.0,0.0,3.5,2.0,4.0,1.5,0.5,8.33,0.0,0.0
1173,Super Liga (RS),841669,Filip Halabrin,F. Halabrin,2006-07-15,31.98,8.84,6.08,8,8,0,98.0,12.25,0.25,2.04,2.38,19.39,0.12,1.02,0.75,6.12,2.62,0.12,1.02,0.0,0.0,0.0,0.0,3.12,1.25,4.88,1.62,0.38,4.23,1.25,10.2
1173,Super Liga (RS),842505,Aleksej Vukičević,A. Vukičević,2005-06-11,88.34,23.2,19.84,18,16,2,240.0,15.0,0.56,3.75,3.25,21.67,0.06,0.42,0.69,4.58,2.62,0.12,0.83,1.0,6.67,0.81,5.42,1.94,1.62,2.56,7.44,1.38,10.05,0.19,1.25
1173,Super Liga (RS),842509,Bojan Brać,B. Brać,1989-02-28,96.56,24.18,27.1,16,16,0,0.0,0.0,0.0,,0.0,,0.0,,0.0,,0.0,0.0,,0.0,,0.0,,0.0,0.0,0.0,0.0,0.0,,0.0,
1173,Super Liga (RS),842511, Ivan Davidović,I. Davidović,1996-01-23,89.76,20.34,25.24,35,34,1,1474.0,43.35,1.65,3.8,6.97,16.08,0.56,1.29,1.62,3.73,7.68,2.26,5.22,0.29,0.68,0.56,1.29,12.65,7.44,12.35,11.24,1.91,5.6,3.35,7.73
1173,Super Liga (RS),842512,Marko Luković,M. Luković,2003-09-04,68.28,16.97,19.2,15,15,0,395.0,26.33,1.47,5.57,4.6,17.47,0.33,1.27,1.27,4.81,3.33,1.33,5.06,0.93,3.54,1.13,4.3,3.87,3.2,6.0,10.8,2.07,9.44,0.47,1.77
1173,Super Liga (RS),842513,Nikola Marjanovic,N. Marjanovic,1998-04-16,89.76,23.39,23.46,26,25,1,384.0,15.36,1.0,6.51,3.6,23.44,0.28,1.82,0.72,4.69,2.6,0.2,1.3,0.6,3.91,0.84,5.47,1.44,1.56,2.32,9.28,2.36,17.18,0.2,1.3
1173,Super Liga (RS),842521,Stefan Stojanovic,S. Stojanovic,2001-07-27,42.2,10.54,11.95,15,15,0,318.0,21.2,0.53,2.51,4.33,20.44,0.2,0.94,0.33,1.57,4.8,0.67,3.14,0.07,0.31,0.4,1.89,6.6,3.4,6.4,3.8,0.6,5.36,1.67,7.86
1173,Super Liga (RS),849574,Miloš Popović,M. Popović,2004-04-05,93.81,21.33,24.92,29,27,2,928.0,34.37,1.0,2.91,5.33,15.52,0.41,1.18,1.33,3.88,5.41,1.52,4.42,0.67,1.94,0.44,1.29,7.78,5.19,9.3,13.59,2.15,7.27,2.63,7.65
1173,Super Liga (RS),849581,Stefan Cimbaljevic,S. Cimbaljevic,2005-01-30,59.83,18.01,12.75,10,10,0,202.0,20.2,1.1,5.45,3.9,19.31,0.4,1.98,0.7,3.46,3.3,1.2,5.94,0.3,1.49,1.1,5.45,5.7,2.3,4.5,5.1,1.2,7.0,0.9,4.46
1173,Super Liga (RS),858521,Emmanuel Dzigbah,E. Dzigbah,2006-07-06,52.73,11.79,13.52,3,2,1,44.0,22.0,2.0,9.09,4.0,18.18,0.0,0.0,1.0,4.55,2.5,1.0,4.54,0.5,2.27,0.5,2.27,4.0,2.5,4.0,8.5,2.5,11.34,0.0,0.0
1173,Super Liga (RS),885726,Keimer Andre Sandoval Rodrigues,K. Sandoval,2005-09-03,7.32,1.75,1.12,1,1,0,1.0,1.0,0.0,0.0,0.0,0.0,0.0,0.0,0.0,0.0,1.0,0.0,0.0,0.0,0.0,0.0,0.0,0.0,0.0,0.0,1.0,0.0,0.0,0.0,0.0
1173,Super Liga (RS),886602,Damjan  Djokanovic,D. Djokanovic,2008-01-31,25.7,6.51,6.59,12,12,0,170.0,14.17,0.0,0.0,1.92,13.53,0.0,0.0,0.75,5.29,3.5,0.67,4.71,0.0,0.0,0.17,1.18,6.92,2.25,5.25,0.75,0.0,0.0,1.75,12.35
1173,Super Liga (RS),893756,Oriyomi Ahmed Lebi,O. Lebi,2006-07-02,55.01,13.96,12.59,16,16,0,436.0,27.25,1.0,3.67,4.62,16.97,0.12,0.46,1.75,6.42,7.0,1.69,6.19,0.0,0.0,0.06,0.23,11.25,3.81,8.25,1.12,0.12,0.73,2.12,7.8
1173,Super Liga (RS),894697,Clément Lhernault,C. Lhernault,2003-02-13,63.85,20.33,15.02,15,14,1,409.0,29.21,1.36,4.65,3.71,12.71,0.0,0.0,1.0,3.42,3.14,2.36,8.07,0.14,0.49,0.43,1.47,10.14,5.07,8.79,6.71,0.79,3.16,3.21,11.0
1173,Super Liga (RS),901772,Dario Pavkovic,D. Pavkovic,1994-05-28,38.96,9.82,10.31,15,14,1,338.0,24.14,0.43,1.77,3.64,15.09,0.0,0.0,0.79,3.25,5.07,1.21,5.03,0.0,0.0,0.07,0.3,12.43,4.29,4.21,1.21,0.0,0.0,1.64,6.8
1173,Super Liga (RS),902323,Hervé Touré,H. Touré,2000-05-20,61.78,16.21,16.33,7,7,0,259.0,37.0,1.14,3.09,5.71,15.44,0.29,0.77,1.0,2.7,2.43,2.0,5.4,0.29,0.77,0.57,1.54,10.29,8.43,9.71,9.14,1.14,3.02,4.14,11.2
1173,Super Liga (RS),905388,Daniel James,D. James,2006-12-11,65.5,17.79,17.45,2,2,0,66.0,33.0,2.0,6.06,6.0,18.18,0.0,0.0,0.5,1.52,10.0,2.0,6.06,0.5,1.52,0.0,0.0,10.0,4.5,7.5,7.0,0.5,2.76,2.5,7.57
1173,Super Liga (RS),907488,Lazar Peranović,L. Peranović,2007-12-01,20.08,4.38,4.61,1,1,0,8.0,8.0,0.0,0.0,0.0,0.0,0.0,0.0,0.0,0.0,1.0,1.0,12.5,0.0,0.0,0.0,0.0,4.0,2.0,4.0,0.0,0.0,,1.0,12.5
1173,Super Liga (RS),907490,Vuk Boskan,V. Boskan,2006-02-08,20.08,4.38,4.61,1,1,0,11.0,11.0,0.0,0.0,2.0,18.18,0.0,0.0,0.0,0.0,1.0,0.0,0.0,0.0,0.0,0.0,0.0,4.0,2.0,0.0,0.0,0.0,,1.0,9.09
1173,Super Liga (RS),907519,Stephen Chinedu,S. Chinedu,2000-01-06,53.23,14.16,12.72,14,14,0,400.0,28.57,0.43,1.5,5.0,17.5,0.14,0.5,0.71,2.5,5.93,1.71,6.0,0.0,0.0,0.07,0.25,12.86,3.93,8.57,3.07,0.14,1.75,2.5,8.75
1173,Super Liga (RS),908352,Dusan Ristic,D. Ristic,2000-10-04,36.38,8.0,11.31,18,18,0,91.0,5.06,0.17,3.3,1.28,25.28,0.11,2.2,0.17,3.3,0.61,0.0,0.0,0.39,7.69,0.28,5.5,0.61,0.33,1.17,3.67,0.78,16.57,0.22,4.4
1173,Super Liga (RS),908354,Nemanja Djokic,N. Djokic,1998-10-23,63.41,14.78,20.35,30,29,1,973.0,33.55,0.9,2.67,4.52,13.46,0.1,0.31,0.83,2.47,4.0,2.41,7.19,0.31,0.92,0.45,1.34,8.17,5.93,8.62,11.48,1.28,5.51,3.69,11.0
1173,Super Liga (RS),919903,Dragan Kokanović,D. Kokanović,2002-05-01,51.91,12.04,13.49,30,29,1,809.0,27.9,1.21,4.33,3.69,13.23,0.1,0.37,0.83,2.97,4.59,1.55,5.56,0.07,0.25,0.21,0.74,9.1,5.41,6.79,7.0,0.97,5.68,2.55,9.15
1173,Super Liga (RS),921645,Diogo Bezerra de Oliveira,Diogo Bezerra,2002-07-16,92.85,24.37,24.37,20,19,1,806.0,42.42,1.05,2.48,5.63,13.28,0.68,1.61,1.79,4.22,8.53,2.37,5.58,0.11,0.25,0.79,1.86,13.58,7.32,13.84,8.84,0.58,1.72,3.11,7.32
1173,Super Liga (RS),933085,Hugo Alba Silveira,Hugo Alba,2006-03-30,25.34,6.24,6.9,13,12,1,158.0,13.17,0.0,0.0,1.08,8.23,0.08,0.63,0.5,3.8,2.58,0.83,6.33,0.0,0.0,0.08,0.63,5.42,1.67,3.08,1.17,0.08,0.82,1.25,9.49
1173,Super Liga (RS),941777,Matej Gashtarov,M. Gashtarov,2006-11-15,2.12,0.33,0.52,1,1,0,1.0,1.0,0.0,0.0,0.0,0.0,0.0,0.0,0.0,0.0,0.0,0.0,0.0,0.0,0.0,0.0,0.0,0.0,0.0,0.0,0.0,0.0,,0.0,0.0
1173,Super Liga (RS),941778,Uroš Ilić,U. Ilić,2006-01-15,61.92,14.27,16.16,11,10,1,136.0,13.6,0.3,2.21,2.6,19.12,0.4,2.94,1.2,8.82,2.4,0.2,1.47,0.5,3.68,0.3,2.21,1.6,1.9,2.6,6.4,1.7,16.2,0.3,2.21
1173,Super Liga (RS),941780,Vasilije  Kostov,V. Kostov,2008-05-11,79.79,26.93,16.02,34,32,2,917.0,28.66,0.91,3.16,6.03,21.05,0.31,1.09,1.19,4.14,3.88,1.66,5.78,0.16,0.55,0.5,1.74,9.5,3.94,8.53,5.0,0.41,2.43,2.41,8.4
1173,Super Liga (RS),941786,Aleksa  Damjanović,A. Damjanović,2008-12-04,31.12,11.6,5.09,7,7,0,86.0,12.29,0.29,2.33,2.71,22.09,0.29,2.33,0.57,4.65,2.86,0.43,3.49,0.14,1.16,0.0,0.0,4.43,2.57,4.43,0.86,0.14,3.03,0.57,4.65
1173,Super Liga (RS),941787,Darije Markocević,D. Markocević,2006-09-05,31.27,7.18,7.15,15,15,0,210.0,14.0,0.2,1.43,2.93,20.95,0.13,0.95,0.87,6.19,5.2,0.53,3.81,0.0,0.0,0.0,0.0,5.0,1.87,4.67,1.47,0.13,4.23,1.07,7.62
1173,Super Liga (RS),941790,Uroš Tegeltija,U. Tegeltija,2006-03-19,89.51,26.5,21.91,16,15,1,453.0,30.2,1.87,6.18,5.2,17.22,0.27,0.88,1.67,5.52,4.53,1.87,6.18,0.2,0.66,0.8,2.65,8.13,4.07,9.27,10.0,1.47,5.58,1.47,4.86
1173,Super Liga (RS),947946,Vasilije  Novicic,V. Novicic,2008-05-07,93.69,22.98,25.32,31,31,0,1462.0,47.16,1.71,3.62,7.19,15.25,0.55,1.16,1.55,3.28,5.42,3.32,7.04,0.32,0.68,0.94,1.98,12.48,7.26,13.06,14.35,1.71,4.24,4.19,8.89
1173,Super Liga (RS),947947,Kadir Gicic,K. Gicic,2007-07-28,98.89,21.77,27.66,3,3,0,0.0,0.0,0.0,,0.0,,0.0,,0.0,,0.0,0.0,,0.0,,0.0,,0.0,0.0,0.0,0.0,0.0,,0.0,
1173,Super Liga (RS),949753,Andjelko  Pavlovic,A. Pavlovic,2007-06-16,26.8,7.78,6.97,3,3,0,61.0,20.33,1.0,4.92,3.67,18.03,0.0,0.0,1.0,4.92,1.0,0.67,3.28,0.0,0.0,0.0,0.0,8.67,5.67,5.33,1.33,0.33,1.97,2.67,13.11
1173,Super Liga (RS),960352,Andrej Milanovic,A. Milanovic,2008-08-20,97.39,19.02,29.6,4,4,0,60.0,15.0,0.0,0.0,4.25,28.33,0.5,3.33,0.25,1.67,3.5,0.5,3.33,0.25,1.67,0.25,1.67,2.25,1.0,3.5,8.5,2.25,15.45,0.25,1.67
1173,Super Liga (RS),965466,Milos Bakic,M. Bakic,2006-01-21,35.42,5.05,11.34,1,1,0,20.0,20.0,0.0,0.0,2.0,10.0,0.0,0.0,1.0,5.0,5.0,0.0,0.0,0.0,0.0,0.0,0.0,3.0,4.0,9.0,3.0,0.0,0.0,1.0,5.0
1173,Super Liga (RS),965469,Andrija  Milicevic,A. Milicevic,2005-10-18,19.57,3.69,5.61,6,6,0,86.0,14.33,0.0,0.0,1.67,11.63,0.0,0.0,0.5,3.49,3.0,1.0,6.98,0.0,0.0,0.17,1.16,3.83,3.5,4.33,5.5,0.17,0.43,2.0,13.95
1173,Super Liga (RS),965471,Dušan  Zagar,D. Zagar,2006-10-28,65.71,16.52,17.74,30,30,0,1006.0,33.53,1.27,3.78,4.23,12.62,0.37,1.09,1.0,2.98,5.97,3.1,9.24,0.07,0.2,0.47,1.39,11.03,6.63,10.4,4.8,0.77,2.51,3.47,10.34
1173,Super Liga (RS),966469,Ethan Hoard,E. Hoard,2001-05-19,71.8,18.66,16.33,16,15,1,374.0,24.93,0.33,1.34,3.53,14.17,0.13,0.53,1.07,4.28,6.53,1.33,5.35,0.07,0.27,0.0,0.0,11.67,3.13,8.6,1.33,0.07,0.47,2.13,8.56
1173,Super Liga (RS),967276,Djordje  Marinković,D. Marinković,2006-01-15,30.1,6.68,8.4,4,4,0,82.0,20.5,0.5,2.44,2.5,12.2,0.25,1.22,1.0,4.88,1.25,1.5,7.32,0.0,0.0,0.0,0.0,4.5,4.5,5.5,3.75,0.25,1.43,1.25,6.09
1173,Super Liga (RS),968126,Nikola Tasić,N. Tasić,2006-12-14,32.63,10.19,8.35,8,8,0,137.0,17.12,0.25,1.46,2.12,12.41,0.0,0.0,0.75,4.38,3.0,1.38,8.03,0.12,0.73,0.25,1.46,4.75,3.38,3.75,3.38,0.38,1.68,0.75,4.38
1173,Super Liga (RS),968129,Stefan Gudelj,S. Gudelj,2006-05-18,62.43,19.5,12.62,6,5,1,65.0,13.0,0.6,4.62,2.8,21.54,0.0,0.0,0.6,4.62,1.4,0.2,1.54,0.2,1.54,0.4,3.08,2.0,1.4,3.4,6.6,1.0,8.83,0.2,1.54
1173,Super Liga (RS),968130,Davorin  Tosić,D. Tosić,2007-03-29,33.33,11.74,7.02,4,4,0,49.0,12.25,0.5,4.08,2.75,22.45,0.0,0.0,0.5,4.08,3.5,0.5,4.08,0.0,0.0,0.5,4.08,5.0,1.25,5.25,2.5,0.25,4.0,0.75,6.12
1173,Super Liga (RS),968131,Luka Zaric,L. Zaric,2008-10-31,35.72,11.53,7.57,19,18,1,273.0,15.17,0.22,1.47,2.56,16.85,0.22,1.47,0.56,3.66,2.5,1.28,8.42,0.0,0.0,0.11,0.73,5.56,2.78,5.22,1.89,0.17,1.48,1.17,7.69
1173,Super Liga (RS),968543,Dimitrije Janković,D. Janković,2006-02-27,25.24,6.88,5.95,9,9,0,107.0,11.89,0.22,1.87,1.0,8.41,0.11,0.93,0.22,1.87,1.56,0.89,7.48,0.0,0.0,0.11,0.93,3.0,1.67,4.0,2.11,0.11,1.26,1.67,14.02
1173,Super Liga (RS),970427,Mihajlo  Petrovic,M. Petrovic,2005-09-21,15.71,3.36,4.65,3,3,0,58.0,19.33,0.33,1.72,2.0,10.34,0.33,1.72,0.33,1.72,3.0,2.33,12.07,0.0,0.0,0.33,1.72,8.0,4.33,6.0,3.67,0.67,2.95,2.33,12.07
1173,Super Liga (RS),972662,Filip Matijasevic,F. Matijasevic,2008-03-04,67.16,16.43,18.43,31,29,2,1347.0,46.45,0.72,1.56,6.34,13.66,0.17,0.37,1.14,2.45,8.48,2.9,6.24,0.07,0.15,0.17,0.37,21.0,8.38,14.55,5.24,0.38,0.94,6.21,13.36
1173,Super Liga (RS),972694,Issiaka Dembele,I. Dembele,2005-11-04,35.01,7.53,10.13,13,13,0,277.0,21.31,0.85,3.97,3.15,14.8,0.15,0.72,0.23,1.08,3.62,1.15,5.41,0.23,1.08,0.54,2.53,6.23,4.15,6.92,6.62,1.15,5.99,1.77,8.3
1173,Super Liga (RS),977419,Emmanuel King Sieh Jr.,E. Sieh Jr.,2006-10-11,38.85,7.86,10.69,2,2,0,42.0,21.0,0.5,2.38,1.5,7.14,0.5,2.38,0.0,0.0,5.5,0.5,2.38,0.0,0.0,0.0,0.0,10.0,3.5,1.0,1.0,0.5,7.69,2.5,11.9
1173,Super Liga (RS),977627,Abdulsamed Ahmed Abdullahi,Abdulsamed Abdullahi,1997-01-19,41.66,8.65,11.65,14,14,0,287.0,20.5,0.86,4.18,3.29,16.03,0.36,1.74,1.5,7.32,3.71,1.5,7.32,0.21,1.04,0.07,0.35,4.86,2.79,5.79,4.93,1.0,6.08,1.29,6.27
1173,Super Liga (RS),978616,Mamane Moustapha Amadou Sabo,M. Amadou Sabo,2004-09-14,95.83,21.84,28.93,33,32,1,1423.0,44.47,1.84,4.15,7.75,17.43,0.41,0.91,1.97,4.43,7.03,2.44,5.48,0.59,1.33,1.09,2.46,8.56,7.59,9.72,19.91,3.34,7.84,4.47,10.05
1173,Super Liga (RS),979091,Luka Puzovic,L. Puzovic,2004-07-23,31.87,7.35,7.44,8,7,1,101.0,14.43,0.29,1.98,2.86,19.8,0.0,0.0,0.57,3.96,2.29,0.71,4.95,0.0,0.0,0.29,1.98,4.57,1.43,4.71,2.14,0.29,3.18,0.43,2.97
1173,Super Liga (RS),979661,Ivan Šubert,I. Šubert,1993-10-14,57.17,12.42,17.46,8,8,0,90.0,11.25,1.0,8.89,2.75,24.45,0.25,2.22,0.62,5.55,1.38,0.38,3.33,0.5,4.44,0.25,2.22,1.38,0.62,3.38,6.62,2.25,22.69,0.25,2.22
1173,Super Liga (RS),981327,Milan  Djokovic,M. Djokovic,2003-09-25,86.51,20.49,23.81,29,28,1,409.0,14.61,0.71,4.89,3.11,21.27,0.32,2.2,0.75,5.14,2.61,0.11,0.73,0.71,4.89,0.32,2.2,2.29,1.46,3.18,7.96,1.82,13.51,0.25,1.71
1173,Super Liga (RS),982556,David Stojanovic,D. Stojanovic,2002-02-14,87.28,20.63,21.69,19,18,1,236.0,13.11,1.11,8.48,2.67,20.34,0.11,0.85,0.72,5.51,2.28,0.11,0.85,0.5,3.81,0.5,3.81,1.67,1.17,2.0,8.06,1.5,12.27,0.17,1.27
1173,Super Liga (RS),982558,Lazar Stojanovic,L. Stojanovic,2000-05-16,54.38,13.47,14.01,15,14,1,314.0,22.43,0.71,3.18,3.14,14.01,0.29,1.27,1.07,4.78,3.07,1.36,6.05,0.07,0.32,0.36,1.59,7.93,3.14,7.36,3.57,0.43,4.99,2.57,11.47
1173,Super Liga (RS),982560,Douglas Owusu,D. Owusu,2006-04-10,88.48,22.54,20.55,30,27,3,1163.0,43.07,1.89,4.38,7.04,16.34,0.37,0.86,1.85,4.3,9.63,3.15,7.31,0.04,0.09,0.37,0.86,13.93,8.22,13.04,7.78,0.67,2.83,3.85,8.94
1173,Super Liga (RS),984669,Lazar Radojicic,L. Radojicic,2003-09-18,95.45,18.7,30.21,3,3,0,0.0,0.0,0.0,,0.0,,0.0,,0.0,,0.0,0.0,,0.0,,0.0,,0.0,0.0,0.0,0.0,0.0,,0.0,
1173,Super Liga (RS),988309,Petar Petrovic,P. Petrovic,2005-07-13,95.19,22.2,28.7,34,33,1,552.0,16.73,1.0,5.98,2.85,17.03,0.42,2.54,1.06,6.34,2.18,0.45,2.72,0.67,3.99,0.55,3.26,2.24,1.79,4.27,10.36,2.18,13.72,0.36,2.17
1173,Super Liga (RS),988310,Đokovic Petar,Đ. Petar,2008-02-13,21.49,5.14,5.4,15,15,0,161.0,10.73,0.2,1.86,1.47,13.66,0.07,0.62,0.33,3.1,1.67,0.87,8.07,0.0,0.0,0.07,0.62,3.2,2.0,2.27,1.73,0.13,2.87,1.53,14.29
1173,Super Liga (RS),988747,Stefan  Petrovic,S. Petrovic,2008-03-01,54.69,13.14,12.48,9,9,0,145.0,16.11,0.56,3.45,2.44,15.17,0.44,2.76,1.56,9.66,1.67,0.89,5.52,0.22,1.38,0.33,2.07,2.33,2.11,2.22,6.89,1.22,9.28,0.78,4.83
1173,Super Liga (RS),988753,Dusan  Jovanovic,D. Jovanovic,2008-02-07,7.82,2.16,0.47,1,1,0,1.0,1.0,0.0,0.0,0.0,0.0,0.0,0.0,0.0,0.0,1.0,0.0,0.0,0.0,0.0,0.0,0.0,0.0,0.0,0.0,0.0,0.0,,0.0,0.0
1173,Super Liga (RS),994293,Mame Moustapha Fall,Moustapha Fall,2005-06-03,82.53,20.42,18.93,11,11,0,188.0,17.09,0.82,4.79,2.82,16.49,0.64,3.72,1.09,6.38,2.18,0.18,1.06,0.64,3.72,0.55,3.19,2.09,1.73,3.91,8.64,1.82,12.13,0.18,1.06
1173,Super Liga (RS),998179,Bogdan Kostić,B. Kostić,2007-01-17,43.71,13.02,10.13,25,25,0,396.0,15.84,0.48,3.03,2.0,12.63,0.24,1.52,0.84,5.3,2.12,0.56,3.54,0.04,0.25,0.24,1.51,5.52,2.56,5.12,2.28,0.2,1.96,1.16,7.32
1173,Super Liga (RS),998180,Stefan Mladenović,S. Mladenović,2007-09-12,60.03,16.23,14.6,25,25,0,600.0,24.0,0.84,3.5,4.0,16.67,0.04,0.17,0.72,3.0,3.96,1.56,6.5,0.6,2.5,0.92,3.83,6.6,3.36,6.72,6.36,1.04,6.5,1.4,5.83
1173,Super Liga (RS),998315,Uros Filimonovic,U. Filimonovic,2006-04-12,5.05,1.86,0.98,1,1,0,4.0,4.0,0.0,0.0,1.0,25.0,0.0,0.0,0.0,0.0,1.0,1.0,25.0,0.0,0.0,0.0,0.0,1.0,1.0,0.0,0.0,0.0,,0.0,0.0
1173,Super Liga (RS),998316,Nemanja Ahčin,N. Ahčin,1994-04-07,28.58,3.46,9.9,2,2,0,48.0,24.0,0.0,0.0,2.0,8.33,0.5,2.09,1.0,4.17,1.0,2.0,8.33,0.0,0.0,1.0,4.17,7.0,1.5,12.0,6.0,1.0,3.9,3.5,14.58
1173,Super Liga (RS),998390,Andrej Pavlovic,A. Pavlovic,2007-07-29,90.27,23.57,22.77,26,25,1,370.0,14.8,0.84,5.68,2.88,19.46,0.32,2.16,0.56,3.78,2.32,0.32,2.16,0.64,4.32,0.28,1.89,1.68,1.28,4.12,9.52,1.92,13.6,0.16,1.08
1173,Super Liga (RS),998392,Stefan Tomovic,S. Tomovic,2008-08-28,29.86,9.1,6.86,16,16,0,259.0,16.19,0.56,3.47,2.5,15.44,0.19,1.16,0.56,3.47,2.31,1.25,7.72,0.0,0.0,0.12,0.77,4.94,3.31,4.88,2.0,0.19,0.88,1.56,9.65
1173,Super Liga (RS),1000055,Nemanja Milojević,N. Milojević,2007-07-25,17.55,2.07,5.64,1,1,0,21.0,21.0,0.0,0.0,3.0,14.29,0.0,0.0,1.0,4.76,5.0,0.0,0.0,0.0,0.0,0.0,0.0,3.0,4.0,7.0,11.0,2.0,9.52,1.0,4.76
1173,Super Liga (RS),1001407,Djordje Radivojevic,D. Radivojevic,2008-10-09,35.34,8.14,8.98,3,3,0,74.0,24.67,0.33,1.35,2.67,10.81,0.0,0.0,1.33,5.4,1.67,1.0,4.05,0.0,0.0,0.33,1.35,9.67,5.0,9.0,2.33,0.33,1.26,3.0,12.16
1173,Super Liga (RS),1002202,Vanja Dragojevic,V. Dragojevic,2006-01-11,81.96,25.11,18.72,35,35,0,1405.0,40.14,1.54,3.84,7.43,18.51,0.4,1.0,1.0,2.49,7.69,2.03,5.05,0.34,0.85,0.46,1.14,11.23,7.14,10.43,11.43,1.77,5.5,2.94,7.33
1173,Super Liga (RS),1004383,Luka Izderic,L. Izderic,2006-03-13,52.92,13.57,13.03,20,17,3,591.0,34.76,1.06,3.04,4.94,14.21,0.12,0.34,1.0,2.87,5.35,3.24,9.31,0.06,0.17,0.06,0.17,13.35,8.47,10.35,5.71,0.65,2.98,3.59,10.32
1173,Super Liga (RS),1007512,Kufre Eta,K. Eta,2004-06-10,52.17,15.38,11.57,10,9,1,108.0,12.0,1.44,12.04,3.0,25.0,0.11,0.93,0.56,4.63,2.67,0.11,0.93,0.33,2.78,0.33,2.78,2.22,1.56,2.33,5.44,1.33,13.48,0.22,1.85
1173,Super Liga (RS),1007726,Skima kobinah Togbe,S. Togbe,2006-06-15,65.96,15.16,18.25,32,31,1,1016.0,32.77,1.0,3.05,5.23,15.94,0.32,0.98,1.35,4.13,3.94,1.97,6.0,0.1,0.3,0.52,1.57,10.1,4.81,9.84,8.29,1.13,4.18,2.81,8.56
1173,Super Liga (RS),1016003,Mateo Martinez,M. Martinez,2008-04-27,32.17,5.17,10.24,3,3,0,69.0,23.0,0.33,1.45,1.33,5.79,0.0,0.0,1.33,5.79,2.33,2.33,10.14,0.0,0.0,0.0,0.0,11.0,3.33,7.0,5.33,0.0,0.0,4.0,17.39
1173,Super Liga (RS),1018392,Tomislav Todorović,T. Todorović,1998-02-13,53.1,14.86,12.92,3,3,0,92.0,30.67,0.0,0.0,5.0,16.31,0.0,0.0,1.0,3.26,5.0,3.33,10.87,0.0,0.0,0.33,1.09,14.67,5.67,11.33,3.0,0.33,0.44,2.33,7.61
1173,Super Liga (RS),1018394,Vladan Milosavljev,V. Milosavljev,1987-02-01,39.58,6.73,10.46,1,1,0,16.0,16.0,0.0,0.0,5.0,31.25,1.0,6.25,1.0,6.25,1.0,0.0,0.0,0.0,0.0,0.0,0.0,3.0,1.0,0.0,6.0,1.0,6.25,1.0,6.25
1173,Super Liga (RS),1018395,David Djokic,D. Djokic,2009-07-08,38.07,10.13,12.74,11,11,0,367.0,33.36,0.91,2.72,3.45,10.35,0.18,0.54,0.82,2.45,4.0,2.27,6.81,0.0,0.0,0.55,1.63,13.82,6.27,10.09,4.82,0.36,2.04,4.64,13.89
1173,Super Liga (RS),1018398,Savo Raskovic,S. Raskovic,2002-01-25,36.42,8.02,10.82,15,14,1,312.0,22.29,0.86,3.85,3.0,13.46,0.07,0.32,0.5,2.24,2.14,1.43,6.41,0.0,0.0,0.21,0.96,6.93,3.86,6.71,7.57,0.64,2.55,2.0,8.97
1173,Super Liga (RS),1018400,Stefan Vidaković,S. Vidaković,2005-03-06,25.02,7.03,4.2,2,2,0,20.0,10.0,0.5,5.0,1.5,15.0,0.0,0.0,0.5,5.0,1.5,0.0,0.0,0.0,0.0,0.0,0.0,2.0,2.5,3.5,1.0,0.5,12.5,0.0,0.0
1173,Super Liga (RS),1018401,Vladimir Petrović,V. Petrović,1997-02-15,14.84,5.36,3.21,2,2,0,17.0,8.5,0.5,5.88,2.0,23.53,0.0,0.0,0.5,5.88,1.5,0.0,0.0,0.0,0.0,0.0,0.0,0.5,1.5,3.0,0.0,0.0,,0.5,5.88
1173,Super Liga (RS),1018402,Vladan Novevski,V. Novevski,2002-05-13,33.48,8.15,7.59,2,2,0,20.0,10.0,0.0,0.0,1.5,15.0,0.0,0.0,0.5,5.0,1.5,0.5,5.0,0.5,5.0,0.0,0.0,2.0,2.5,3.0,2.5,1.0,13.33,0.0,0.0
1173,Super Liga (RS),1018485,Lacine Adams Kader Kone,L. Kader Kone,2002-11-01,20.56,6.09,3.85,11,9,2,68.0,7.56,0.0,0.0,1.78,23.53,0.11,1.47,0.78,10.29,1.22,0.33,4.41,0.0,0.0,0.0,0.0,2.67,0.44,1.78,0.67,0.0,0.0,0.11,1.47
1173,Super Liga (RS),1018486,Djordje Petrović,D. Petrović,2008-07-07,64.93,15.88,16.85,20,18,2,383.0,21.28,1.11,5.22,4.22,19.84,0.39,1.83,1.11,5.22,3.06,0.72,3.39,0.67,3.13,0.72,3.39,4.06,3.06,6.33,7.72,1.39,6.49,0.5,2.35
1173,Super Liga (RS),1018487,Aleksa  Kuljanin,A. Kuljanin,2004-01-17,60.85,18.9,14.45,25,23,2,877.0,38.13,0.91,2.4,5.13,13.46,0.35,0.91,1.13,2.96,7.0,2.43,6.39,0.0,0.0,0.52,1.37,16.09,8.83,12.57,5.13,0.43,1.4,4.09,10.72
1173,Super Liga (RS),1018488,Djordje  Glavinic,D. Glavinic,2004-02-12,55.15,16.08,16.3,2,2,0,98.0,49.0,0.5,1.02,6.5,13.27,0.0,0.0,2.5,5.1,20.0,2.5,5.1,0.0,0.0,0.0,0.0,27.0,10.0,14.0,4.5,0.5,1.07,3.5,7.14
1173,Super Liga (RS),1018542,Dragan  Tegeltija,D. Tegeltija,2006-03-19,44.14,13.34,10.16,3,3,0,42.0,14.0,0.33,2.38,2.67,19.05,0.0,0.0,0.33,2.38,0.67,0.33,2.38,0.0,0.0,0.0,0.0,3.0,2.67,4.33,2.67,1.0,7.89,0.0,0.0
1173,Super Liga (RS),1018543,Uroš Cejic,U. Cejic,2004-03-26,54.92,13.58,15.66,21,20,1,545.0,27.25,0.7,2.57,3.55,13.03,0.4,1.47,1.2,4.4,4.7,2.15,7.89,0.15,0.55,0.15,0.55,7.95,4.4,9.8,5.7,1.15,5.85,3.0,11.01
1173,Super Liga (RS),1018544,Strahinja Lukovic,S. Lukovic,2005-10-25,21.46,6.36,4.12,2,2,0,19.0,9.5,0.5,5.26,0.5,5.26,0.0,0.0,1.0,10.53,0.5,0.0,0.0,0.0,0.0,0.0,0.0,2.0,2.0,1.0,5.0,0.5,5.26,0.5,5.26
1173,Super Liga (RS),1019274,Mass Modou Sise,M. Modou Sise,2003-09-23,26.56,6.99,6.41,14,13,1,161.0,12.38,0.15,1.24,1.85,14.91,0.0,0.0,0.85,6.83,3.85,0.54,4.35,0.0,0.0,0.23,1.86,3.92,1.0,2.92,1.69,0.23,2.92,1.69,13.66
1173,Super Liga (RS),1020091,Babacar Mboup,B. Mboup,2002-11-20,61.45,16.73,14.51,17,14,3,406.0,29.0,0.07,0.25,3.21,11.08,0.07,0.25,0.64,2.22,6.36,1.93,6.65,0.0,0.0,0.07,0.25,16.43,4.71,11.21,0.71,0.14,2.79,3.71,12.81
1173,Super Liga (RS),1020476,Tadija  Stanisic,T. Stanisic,2007-06-05,4.83,0.62,0.97,1,1,0,4.0,4.0,0.0,0.0,0.0,0.0,0.0,0.0,0.0,0.0,1.0,0.0,0.0,0.0,0.0,0.0,0.0,3.0,2.0,2.0,0.0,0.0,,0.0,0.0
1173,Super Liga (RS),1020480,Ahmed  Hadzimujović,A. Hadzimujović,2007-08-17,95.07,21.79,26.19,32,31,1,566.0,18.26,0.87,4.77,3.39,18.55,0.16,0.88,0.97,5.3,2.61,0.45,2.47,0.61,3.36,0.77,4.24,3.16,1.74,4.19,10.52,2.16,12.2,0.26,1.41
1173,Super Liga (RS),1020945,Martin Andjelkovic,M. Andjelkovic,2005-05-17,17.08,4.7,4.43,5,5,0,45.0,9.0,0.6,6.67,2.2,24.44,0.0,0.0,0.4,4.45,0.6,0.2,2.22,0.0,0.0,0.2,2.22,1.6,1.4,4.2,2.2,0.4,6.09,0.0,0.0
1173,Super Liga (RS),1020948,Emmanuel Quarshie,E. Quarshie,2007-04-29,59.54,13.75,16.02,14,13,1,410.0,31.54,0.77,2.44,3.69,11.71,0.23,0.73,1.69,5.37,3.69,2.08,6.59,0.0,0.0,0.46,1.46,9.92,4.15,10.38,6.69,0.62,2.89,3.85,12.2
1173,Super Liga (RS),1021120,Ognjen Abramusic,O. Abramusic,2003-10-18,53.27,13.99,14.03,7,7,0,269.0,38.43,1.0,2.6,6.71,17.47,0.0,0.0,1.29,3.35,6.29,3.29,8.55,0.0,0.0,0.29,0.74,12.0,7.14,11.0,11.71,0.86,2.95,3.71,9.66
1173,Super Liga (RS),1022000,Kudu Shama Abdul,K. Abdul,2006-02-02,6.26,1.67,0.65,2,2,0,1.0,0.5,0.0,0.0,0.0,0.0,0.0,0.0,0.0,0.0,0.0,0.0,0.0,0.0,0.0,0.0,0.0,0.0,0.0,0.0,0.0,0.0,,0.0,0.0
1173,Super Liga (RS),1022387,Mihailo Todosijević,M. Todosijević,2007-11-27,61.61,14.63,21.12,18,18,0,839.0,46.61,0.94,2.03,5.61,12.04,0.28,0.6,2.06,4.41,6.22,3.56,7.63,0.11,0.24,0.44,0.95,14.5,7.94,13.94,9.22,0.44,2.0,5.0,10.73
1173,Super Liga (RS),1022389,Nikola Stankovic,N. Stankovic,2008-06-20,95.85,26.36,22.94,1,1,0,21.0,21.0,2.0,9.52,2.0,9.52,0.0,0.0,1.0,4.76,3.0,0.0,0.0,1.0,4.76,2.0,9.52,2.0,1.0,3.0,11.0,1.0,4.76,1.0,4.76
1173,Super Liga (RS),1022461,Sumaila Wasiu,S. Wasiu,2004-06-15,27.96,7.87,6.34,11,11,0,162.0,14.73,0.18,1.23,2.27,15.43,0.09,0.62,1.18,8.03,6.09,0.82,5.56,0.09,0.62,0.09,0.62,7.64,3.09,4.91,1.55,0.09,0.43,1.18,8.03
1173,Super Liga (RS),1024281,Baltic Stefman,B. Stefman,2004-02-26,2.95,0.67,0.65,3,3,0,11.0,3.67,0.0,0.0,0.33,9.09,0.0,0.0,0.33,9.09,0.67,0.33,9.09,0.0,0.0,0.0,0.0,1.0,0.33,1.67,2.0,0.0,0.0,0.0,0.0
1173,Super Liga (RS),1025128,Teo Lakic,T. Lakic,,48.16,10.63,15.44,6,5,1,150.0,30.0,0.4,1.33,4.4,14.67,0.0,0.0,0.6,2.0,3.2,1.8,6.0,0.0,0.0,0.6,2.0,11.2,4.8,7.8,5.6,1.0,3.87,4.2,14.0
1173,Super Liga (RS),1028094,Yusuf Omosanya Ibrahim,Y. Omosanya Ibrahim,2006-05-25,33.78,8.36,9.59,8,7,1,190.0,27.14,1.14,4.21,3.0,11.05,0.0,0.0,0.86,3.16,4.71,1.57,5.79,0.0,0.0,0.71,2.63,9.57,7.71,6.0,9.0,1.71,7.36,2.43,8.95
1173,Super Liga (RS),1028155,,,,53.86,13.44,14.62,10,10,0,405.0,40.5,2.4,5.93,5.9,14.57,0.7,1.73,1.9,4.69,4.7,2.5,6.17,0.0,0.0,1.1,2.72,10.5,7.7,11.2,12.0,2.8,6.87,3.0,7.41
1173,Super Liga (RS),1028944, Uros Filipovic,U. Filipovic,2006-08-01,73.79,17.75,19.15,23,22,1,472.0,21.45,1.0,4.66,4.45,20.76,0.32,1.48,1.41,6.57,2.41,1.0,4.66,0.23,1.06,0.55,2.54,4.14,2.68,5.09,7.64,1.27,8.11,0.68,3.18
1173,Super Liga (RS),1029029,Nemanja Tosic,N. Tosic,,86.12,23.18,21.44,9,9,0,241.0,26.78,0.67,2.49,6.11,22.82,0.78,2.91,1.22,4.56,3.44,1.22,4.56,0.56,2.07,0.78,2.9,6.78,4.67,7.0,8.56,2.0,8.75,0.89,3.32
1173,Super Liga (RS),1029038,Solbodan   Urosevich  ,S. Urosevich,,87.52,24.85,21.21,26,26,0,511.0,19.65,0.92,4.7,3.96,20.16,0.15,0.78,1.04,5.28,2.58,0.85,4.3,0.23,1.17,0.42,2.15,4.08,2.15,5.65,6.77,1.08,6.52,0.46,2.35
1173,Super Liga (RS),1030845,Simão Pedro,S. Pedro,2006-08-31,65.73,19.67,15.86,16,15,1,422.0,28.13,0.93,3.32,3.07,10.9,0.2,0.71,1.0,3.55,6.93,2.13,7.58,0.07,0.24,0.13,0.47,12.47,5.27,9.53,3.47,0.53,3.02,2.73,9.71
1173,Super Liga (RS),1031868,Abdulmalik Mohammed,A. Mohammed,2007-05-09,59.77,18.83,15.47,2,2,0,23.0,11.5,1.0,8.7,3.5,30.43,0.0,0.0,0.0,0.0,3.5,0.5,4.35,0.0,0.0,0.5,4.35,2.5,0.0,4.0,5.0,1.0,8.33,0.0,0.0
1173,Super Liga (RS),1032123,Bosiako Francis Antwi,B. Francis Antwi,2005-05-01,5.88,1.54,0.9,3,3,0,8.0,2.67,0.0,0.0,1.33,50.0,0.0,0.0,0.0,0.0,1.33,0.0,0.0,0.0,0.0,0.0,0.0,0.0,0.33,0.0,2.0,1.0,38.33,0.0,0.0
1173,Super Liga (RS),1032865,Veljko Zuric,V. Zuric,2008-05-28,34.31,8.04,7.7,2,2,0,9.0,4.5,0.5,11.11,1.0,22.22,0.0,0.0,0.0,0.0,0.5,0.0,0.0,0.0,0.0,0.0,0.0,1.5,0.5,1.0,3.0,1.0,22.22,0.0,0.0
1173,Super Liga (RS),1034677,Akrofi Daniel,A. Daniel,2007-07-14,12.18,2.56,3.24,2,2,0,10.0,5.0,0.5,10.0,1.5,30.0,0.0,0.0,1.0,20.0,1.5,0.0,0.0,0.0,0.0,0.0,0.0,1.0,1.0,1.5,2.0,0.5,10.72,0.0,0.0
1173,Super Liga (RS),1036538,Abdoul Rahim Sawadogu,A. Rahim Sawadogu,2006-11-12,85.03,28.88,18.57,4,3,1,41.0,13.67,1.0,7.32,1.0,7.32,0.0,0.0,1.0,7.32,0.67,0.0,0.0,0.33,2.44,0.67,4.88,3.0,0.67,1.33,6.67,2.0,14.67,0.0,0.0
1173,Super Liga (RS),1036539,Dimitrije Nikolic,D. Nikolic,2007-02-10,74.03,13.33,22.39,2,2,0,64.0,32.0,1.0,3.12,8.5,26.56,0.5,1.56,2.5,7.81,5.0,0.0,0.0,0.5,1.56,2.5,7.82,1.0,5.0,3.5,16.0,0.5,1.8,1.0,3.12
1173,Super Liga (RS),1036662,Mirko Stevanovic,M. Stevanovic,2005-04-10,95.46,36.85,17.23,2,2,0,0.0,0.0,0.0,,0.0,,0.0,,0.0,,0.0,0.0,,0.0,,0.0,,0.0,0.0,0.0,0.0,0.0,,0.0,
1173,Super Liga (RS),1037074,Dimitrije Saric,D. Saric,2008-11-04,32.11,9.84,6.03,6,6,0,84.0,14.0,0.17,1.19,3.0,21.43,0.0,0.0,0.67,4.76,2.17,0.83,5.95,0.17,1.19,0.0,0.0,5.33,1.83,3.33,2.17,0.17,1.28,0.83,5.95
1173,Super Liga (RS),1037076,Dimitrije Minić,D. Minić,2008-07-08,95.2,25.65,26.96,13,13,0,0.0,0.0,0.0,,0.0,,0.0,,0.0,,0.0,0.0,,0.0,,0.0,,0.0,0.0,0.0,0.0,0.0,,0.0,
1173,Super Liga (RS),1038506,Nebojsa Grujic,N. Grujic,2009-04-02,54.37,10.27,21.04,3,3,0,138.0,46.0,1.67,3.62,5.33,11.59,0.0,0.0,1.67,3.62,4.67,3.0,6.52,0.33,0.72,1.33,2.9,19.33,10.0,20.33,10.33,0.33,0.93,5.0,10.87
1173,Super Liga (RS),1039759,Marko Kolaković,M. Kolaković,1993-02-09,85.76,23.92,17.84,1,1,0,15.0,15.0,1.0,6.67,3.0,20.0,1.0,6.67,0.0,0.0,2.0,0.0,0.0,3.0,20.0,1.0,6.67,1.0,3.0,4.0,11.0,4.0,26.67,0.0,0.0
1173,Super Liga (RS),1044198,Matija Ninic,M. Ninic,2006-03-13,23.04,6.64,5.29,2,2,0,27.0,13.5,0.0,0.0,2.5,18.52,0.0,0.0,0.5,3.7,4.5,1.5,11.11,0.0,0.0,0.0,0.0,6.0,2.5,3.0,2.0,0.0,0.0,1.0,7.41
1173,Super Liga (RS),1044200,Marko Lekic,M. Lekic,1996-08-21,21.06,5.73,2.78,1,1,0,4.0,4.0,0.0,0.0,3.0,75.0,0.0,0.0,0.0,0.0,0.0,0.0,0.0,0.0,0.0,0.0,0.0,0.0,0.0,0.0,0.0,0.0,,0.0,0.0
1173,Super Liga (RS),1044214,Vasil Tasovski,V. Tasovski,2007-03-11,68.48,16.96,20.8,12,12,0,489.0,40.75,1.75,4.29,4.83,11.86,0.42,1.02,1.25,3.07,6.5,3.17,7.77,0.17,0.41,0.33,0.82,14.33,7.83,14.75,6.17,0.75,2.37,3.75,9.2
1173,Super Liga (RS),1044215,Novak  Stevanovic,N. Stevanovic,2009-07-14,45.73,12.15,13.52,8,8,0,288.0,36.0,0.75,2.08,3.75,10.42,0.12,0.35,1.62,4.52,3.0,3.25,9.03,0.12,0.35,0.5,1.39,14.88,7.0,10.12,4.62,0.38,0.95,3.5,9.72
1173,Super Liga (RS),1044281,Milos Soprenic,M. Soprenic,2008-05-13,15.53,4.56,2.59,4,4,0,15.0,3.75,0.25,6.67,1.0,26.67,0.0,0.0,0.25,6.67,0.5,0.25,6.67,0.0,0.0,0.25,6.67,0.5,0.75,1.25,1.5,0.5,25.0,0.25,6.67
1173,Super Liga (RS),1044913,Marko Lekic,M. Lekic,2003-08-03,23.18,6.18,4.14,1,1,0,5.0,5.0,0.0,0.0,1.0,20.0,0.0,0.0,0.0,0.0,2.0,0.0,0.0,0.0,0.0,0.0,0.0,2.0,1.0,1.0,2.0,1.0,20.0,0.0,0.0
1173,Super Liga (RS),1046862,Ivan  Lainovic,I. Lainovic,2005-07-03,93.92,14.3,36.83,1,1,0,0.0,0.0,0.0,,0.0,,0.0,,0.0,,0.0,0.0,,0.0,,0.0,,0.0,0.0,0.0,0.0,0.0,,0.0,
1173,Super Liga (RS),1047184,Damjan  Jovanović,D. Jovanović,2004-09-24,12.22,2.64,2.35,1,1,0,3.0,3.0,0.0,0.0,1.0,33.33,0.0,0.0,0.0,0.0,0.0,0.0,0.0,0.0,0.0,0.0,0.0,1.0,0.0,1.0,0.0,0.0,,1.0,33.33
1173,Super Liga (RS),1047558,Thomas Victor Ude,T. Ude,2006-10-30,3.13,0.43,0.98,1,1,0,5.0,5.0,0.0,0.0,1.0,20.0,0.0,0.0,0.0,0.0,2.0,0.0,0.0,0.0,0.0,0.0,0.0,2.0,2.0,1.0,3.0,0.0,0.0,0.0,0.0
1173,Super Liga (RS),1049404,Matej Strika,M. Strika,2009-08-20,10.95,3.49,1.21,1,1,0,2.0,2.0,0.0,0.0,0.0,0.0,0.0,0.0,1.0,50.0,0.0,0.0,0.0,0.0,0.0,0.0,0.0,0.0,0.0,1.0,1.0,0.0,0.0,0.0,0.0
1173,Super Liga (RS),1049412,Dragan Anokic,D. Anokic,2009-11-24,4.9,1.47,1.98,1,1,0,5.0,5.0,0.0,0.0,2.0,40.0,0.0,0.0,0.0,0.0,0.0,0.0,0.0,0.0,0.0,0.0,0.0,0.0,0.0,1.0,1.0,1.0,20.0,0.0,0.0
1173,Super Liga (RS),1060908,Daniel Ose Friday,D. Ose Friday,2007-10-10,14.52,2.42,2.84,2,2,0,17.0,8.5,0.0,0.0,0.5,5.88,0.0,0.0,0.5,5.88,1.5,0.5,5.88,0.0,0.0,0.0,0.0,6.0,3.5,2.5,4.0,0.0,0.0,0.5,5.88
1173,Super Liga (RS),1064132,,,,34.66,14.83,5.58,2,2,0,31.0,15.5,1.0,6.45,3.0,19.35,0.0,0.0,1.5,9.68,3.0,0.5,3.23,0.0,0.0,1.0,6.45,4.5,5.0,6.0,2.0,0.5,1.39,0.5,3.22
1173,Super Liga (RS),1064168,,,,7.25,0.83,1.67,1,1,0,0.0,0.0,0.0,,0.0,,0.0,,0.0,,0.0,0.0,,0.0,,0.0,,0.0,0.0,0.0,0.0,0.0,,0.0,
1173,Super Liga (RS),1065162,Nenad Miranovic,N. Miranovic,2008-09-17,24.65,6.49,6.61,10,10,0,156.0,15.6,0.2,1.28,2.4,15.38,0.0,0.0,0.6,3.85,2.7,1.4,8.97,0.2,1.28,0.1,0.64,5.1,3.1,4.3,4.9,0.1,1.22,2.4,15.38
1173,Super Liga (RS),1065380,Enzo Oliveira gonzaga,E. Oliveira gonzaga,2007-12-04,24.67,7.18,6.12,8,8,0,86.0,10.75,0.75,6.97,2.12,19.77,0.12,1.16,0.25,2.32,2.62,1.38,12.79,0.0,0.0,0.38,3.49,4.62,2.0,3.25,1.62,0.25,8.97,1.0,9.3
1173,Super Liga (RS),1066087,Vasilije Subotić,V. Subotić,2008-01-05,28.9,9.49,5.64,2,1,1,10.0,10.0,0.0,0.0,4.0,40.0,0.0,0.0,0.0,0.0,0.0,0.0,0.0,0.0,0.0,0.0,0.0,2.0,3.0,1.0,0.0,0.0,,1.0,10.0
1173,Super Liga (RS),1066604,Dauda Johnson agwom,D. Johnson agwom,2007-05-04,21.91,4.36,4.83,5,5,0,44.0,8.8,0.6,6.82,1.2,13.64,0.0,0.0,0.4,4.54,0.8,0.6,6.82,0.0,0.0,0.2,2.27,1.6,1.4,1.8,1.8,0.2,2.47,0.6,6.82
1173,Super Liga (RS),1066693,Jovan Mrvaljević,J. Mrvaljević,2008-07-29,4.12,0.29,1.58,2,2,0,6.0,3.0,0.0,0.0,0.0,0.0,0.0,0.0,0.0,0.0,0.5,0.0,0.0,0.0,0.0,0.0,0.0,1.0,0.0,1.0,1.0,0.0,0.0,0.0,0.0
1173,Super Liga (RS),1066799,Mateo Maravic,M. Maravic,2008-01-22,15.38,3.02,3.8,2,2,0,17.0,8.5,0.5,5.88,0.0,0.0,0.0,0.0,0.5,5.88,1.5,0.0,0.0,0.0,0.0,0.0,0.0,4.5,1.5,1.5,0.5,0.0,0.0,0.0,0.0
1173,Super Liga (RS),1066800,Andrej Ilic,A. Ilic,2008-03-02,31.03,5.14,12.27,3,3,0,69.0,23.0,0.33,1.45,4.0,17.39,0.33,1.45,0.67,2.9,3.33,1.0,4.34,0.33,1.45,0.67,2.9,7.0,2.33,8.33,9.33,0.67,2.91,1.33,5.8
1173,Super Liga (RS),1066840,Stefan Jovanovic,S. Jovanovic,2007-01-23,54.97,15.06,15.14,5,5,0,70.0,14.0,1.0,7.14,2.4,17.14,0.4,2.86,1.2,8.57,2.8,0.2,1.43,0.4,2.86,0.6,4.28,2.0,1.4,3.2,7.2,1.4,10.09,0.0,0.0
1173,Super Liga (RS),1067348,Strahinja Andjelic,S. Andjelic,2008-02-26,69.76,12.83,24.72,4,4,0,140.0,35.0,1.75,5.0,5.0,14.28,0.25,0.72,2.5,7.14,4.0,0.75,2.14,1.0,2.86,4.0,11.43,4.5,3.25,6.25,21.5,3.0,10.32,0.5,1.43
1173,Super Liga (RS),1067602,Tadija Cojic,T. Cojic,2009-09-26,33.75,7.08,10.24,2,2,0,63.0,31.5,0.0,0.0,3.5,11.11,0.0,0.0,1.0,3.17,4.5,4.5,14.29,0.5,1.59,0.0,0.0,18.5,4.5,8.0,2.0,0.0,0.0,4.5,14.29
1173,Super Liga (RS),1067884,Daniel james Wisdom,D. Wisdom,2007-05-21,95.78,29.42,22.3,1,1,0,59.0,59.0,3.0,5.08,9.0,15.25,0.0,0.0,3.0,5.08,8.0,5.0,8.47,0.0,0.0,0.0,0.0,23.0,10.0,17.0,5.0,1.0,1.69,4.0,6.78
1173,Super Liga (RS),1067885,Strahinja Vasilic,S. Vasilic,2008-01-24,18.18,4.15,5.08,2,2,0,15.0,7.5,0.0,0.0,2.0,26.67,0.0,0.0,0.5,6.67,0.0,0.0,0.0,0.0,0.0,0.0,0.0,2.5,1.5,1.5,2.5,0.0,0.0,0.0,0.0
1173,Super Liga (RS),1067950,Bakir Bilalovic,B. Bilalovic,2008-04-11,2.05,0.2,0.11,1,1,0,0.0,0.0,0.0,,0.0,,0.0,,0.0,,0.0,0.0,,0.0,,0.0,,0.0,0.0,0.0,0.0,0.0,,0.0,
1173,Super Liga (RS),1067951,Ersan Mavric,E. Mavric,2007-02-10,16.63,1.94,4.53,1,1,0,16.0,16.0,0.0,0.0,1.0,6.25,0.0,0.0,0.0,0.0,4.0,1.0,6.25,0.0,0.0,0.0,0.0,11.0,6.0,2.0,0.0,0.0,,2.0,12.5
1173,Super Liga (RS),1067957,Aleksa Novakovic,A. Novakovic,2008-03-01,63.23,19.58,15.9,2,2,0,66.0,33.0,0.0,0.0,6.5,19.7,0.0,0.0,0.5,1.51,6.0,4.5,13.64,0.0,0.0,1.0,3.03,9.0,6.0,13.0,2.5,0.0,0.0,2.5,7.58
1173,Super Liga (RS),1069080,Ognjen Matanovic,O. matanovic,2010-01-14,10.95,3.49,1.21,1,1,0,1.0,1.0,1.0,100.0,0.0,0.0,0.0,0.0,0.0,0.0,0.0,0.0,0.0,0.0,0.0,0.0,0.0,0.0,0.0,0.0,0.0,0.0,,0.0,0.0
1173,Super Liga (RS),1069142,Jovan Ostojić,J. Ostojić,2008-10-28,5.85,1.36,1.16,1,1,0,1.0,1.0,0.0,0.0,0.0,0.0,0.0,0.0,0.0,0.0,0.0,0.0,0.0,0.0,0.0,0.0,0.0,0.0,0.0,1.0,0.0,0.0,,0.0,0.0
1173,Super Liga (RS),1069154,Dimitrije Plavsic,D. Plavsic,2009-10-17,9.76,2.02,4.06,1,1,0,7.0,7.0,0.0,0.0,3.0,42.86,0.0,0.0,0.0,0.0,3.0,0.0,0.0,0.0,0.0,0.0,0.0,1.0,1.0,0.0,4.0,0.0,0.0,0.0,0.0
1173,Super Liga (RS),1073338,Blagoje Uzunovski,B. Uzunovski,2009-02-12,95.78,22.3,29.42,1,1,0,0.0,0.0,0.0,,0.0,,0.0,,0.0,,0.0,0.0,,0.0,,0.0,,0.0,0.0,0.0,0.0,0.0,,0.0,
