competition_edition,league,player_id,player_name,player_short_name,player_birthdate,minutes,minutes_tip,minutes_otip,performance_count,performance_included_count,performance_failed_count,onballengagement_count_total,onballengagement_count,onballengagement_count_directregain,onballengagement_pct_directregain,onballengagement_count_indirectregain,onballengagement_pct_indirectregain,onballengagement_count_directdisruption,onballengagement_pct_directdisruption,onballengagement_count_indirectdisruption,onballengagement_pct_indirectdisruption,onballengagement_count_abovehsr,onballengagement_count_forcedbackward,onballengagement_pct_forcedbackward,onballengagement_count_beatenbymovement,onballengagement_pct_beatenbymovement,onballengagement_count_beatenbypossession,onballengagement_pct_beatenbypossession,onballengagement_count_pressingchain,onballengagement_count_consecutive,onballengagement_count_forwardtrajectory,onballengagement_count_dangeroussituation,onballengagement_count_dangeroussituation_dangermitigated,onballengagement_pct_dangermitigated,onballengagement_count_linebreakaffected,onballengagement_pct_linebreakaffected
1194,Jupiler Pro League (BE),609,Alireza Jahanbakhsh,A. Jahanbakhsh,1993-08-11,48.71,12.7,12.39,21,21,0,429.0,20.43,0.48,2.33,3.19,15.62,0.05,0.23,0.95,4.66,2.57,1.19,5.83,0.0,0.0,0.29,1.4,6.86,2.71,6.14,3.57,0.24,1.99,1.43,6.99
1194,Jupiler Pro League (BE),1266,Benito Raman,B. Raman,1994-11-07,41.8,10.83,10.16,28,28,0,403.0,14.39,0.32,2.23,1.68,11.66,0.04,0.25,0.54,3.72,3.57,0.86,5.96,0.0,0.0,0.04,0.25,5.79,2.04,4.39,0.71,0.0,0.0,1.11,7.69
1194,Jupiler Pro League (BE),1353,Birger Verstraete,B. Verstraete,1994-04-16,74.44,17.77,19.49,26,25,1,789.0,31.56,1.48,4.69,4.32,13.69,0.12,0.38,1.08,3.42,4.32,1.24,3.93,0.32,1.01,0.36,1.14,6.56,5.08,8.44,11.68,1.32,4.36,2.68,8.49
1194,Jupiler Pro League (BE),1386,Boli Bolingoli-Mbombo,B. Bolingoli-Mbombo,1995-07-01,42.62,8.75,14.19,3,3,0,83.0,27.67,0.67,2.41,4.0,14.46,0.67,2.41,1.67,6.02,4.33,3.0,10.84,0.0,0.0,0.33,1.21,4.67,6.33,9.67,20.67,1.0,3.41,2.33,8.43
1194,Jupiler Pro League (BE),1441,Brandon Mechele,B. Mechele,1993-01-28,97.66,30.95,22.84,39,38,1,698.0,18.37,0.97,5.3,4.05,22.06,0.34,1.86,0.79,4.3,3.18,0.58,3.15,0.97,5.3,0.66,3.58,4.18,1.74,3.58,9.03,2.11,12.57,0.42,2.29
1194,Jupiler Pro League (BE),1539,Bryan Heynen,B. Heynen,1997-02-06,98.38,31.26,24.29,40,39,1,1789.0,45.87,1.79,3.91,7.23,15.76,0.41,0.89,1.38,3.02,4.54,3.31,7.21,0.33,0.73,0.67,1.45,13.41,7.46,14.03,12.54,2.1,4.98,3.49,7.6
1194,Jupiler Pro League (BE),1971,Colin Coosemans,C. Coosemans,1992-08-03,100.1,26.89,24.94,38,36,2,0.0,0.0,0.0,,0.0,,0.0,,0.0,,0.0,0.0,,0.0,,0.0,,0.0,0.0,0.0,0.0,0.0,,0.0,
1194,Jupiler Pro League (BE),2550,Davy Roef,D. Roef,1994-02-06,99.78,26.49,28.42,41,39,2,0.0,0.0,0.0,,0.0,,0.0,,0.0,,0.0,0.0,,0.0,,0.0,,0.0,0.0,0.0,0.0,0.0,,0.0,
1194,Jupiler Pro League (BE),2645,Dennis Praet,D. Praet,1994-05-14,89.58,23.78,23.16,31,30,1,1118.0,37.27,1.77,4.74,5.83,15.65,0.3,0.81,1.27,3.4,3.97,2.3,6.17,0.4,1.07,0.47,1.25,9.0,5.17,10.77,12.23,1.93,6.4,2.53,6.8
1194,Jupiler Pro League (BE),4167,Gyrano Kerk,G. Kerk,1995-12-02,82.67,21.13,22.38,27,26,1,973.0,37.42,1.0,2.67,6.04,16.14,0.12,0.31,1.65,4.42,7.85,1.81,4.83,0.04,0.1,0.27,0.72,13.81,5.12,13.46,3.96,0.38,1.33,2.42,6.47
1194,Jupiler Pro League (BE),4193,Hannes Van der Bruggen,H. Van der Bruggen,1993-04-01,86.2,20.02,22.96,32,32,0,1448.0,45.25,1.69,3.73,7.06,15.61,0.41,0.9,1.62,3.59,4.19,2.19,4.83,0.31,0.69,0.91,2.0,12.81,6.97,11.41,13.66,1.75,4.35,2.69,5.94
1194,Jupiler Pro League (BE),4202,Hans Vanaken,H. Vanaken,1992-08-24,96.27,30.92,22.47,39,38,1,1472.0,38.74,0.95,2.45,5.0,12.91,0.42,1.09,1.34,3.47,5.08,2.55,6.59,0.13,0.34,0.53,1.36,13.5,5.68,11.45,8.58,1.11,4.3,2.95,7.61
1194,Jupiler Pro League (BE),4271,Hendrik Van Crombrugge,H. Van Crombrugge,1993-04-30,101.5,33.17,23.14,12,12,0,0.0,0.0,0.0,,0.0,,0.0,,0.0,,0.0,0.0,,0.0,,0.0,,0.0,0.0,0.0,0.0,0.0,,0.0,
1194,Jupiler Pro League (BE),4899,Jelle Vossen,J. Vossen,1989-03-22,33.61,9.65,7.48,17,17,0,253.0,14.88,0.35,2.37,2.0,13.44,0.06,0.4,0.71,4.74,3.76,0.94,6.32,0.0,0.0,0.0,0.0,7.65,2.35,4.29,0.59,0.18,5.0,2.0,13.44
1194,Jupiler Pro League (BE),5143,Joey Pelupessy,J. Pelupessy,1993-05-15,99.86,22.41,28.17,2,2,0,52.0,26.0,0.5,1.92,8.0,30.77,0.0,0.0,1.0,3.85,4.0,1.0,3.85,0.5,1.92,1.5,5.77,3.5,3.0,4.0,10.5,1.0,3.81,2.5,9.62
1194,Jupiler Pro League (BE),5369,Joris Kayembe Ditu ,J. Kayembe,1994-08-08,82.45,25.89,20.49,28,27,1,649.0,24.04,1.41,5.86,4.52,18.8,0.37,1.54,1.33,5.55,3.7,0.81,3.39,0.56,2.31,0.85,3.54,3.93,3.37,6.52,9.96,1.67,7.55,0.56,2.31
1194,Jupiler Pro League (BE),6777,Marco Ilaimaharitra,M. Ilaimaharitra,1995-07-26,85.77,19.71,24.88,31,31,0,1244.0,40.13,0.97,2.41,5.71,14.23,0.29,0.72,1.1,2.73,5.06,2.45,6.11,0.32,0.8,0.61,1.53,9.97,6.35,12.94,14.97,1.45,4.28,4.26,10.61
1194,Jupiler Pro League (BE),7209,Mats Rits,M. Rits,1993-07-18,33.91,6.09,10.91,3,3,0,25.0,8.33,0.67,8.0,1.33,16.0,0.0,0.0,0.33,4.0,0.67,0.0,0.0,0.0,0.0,0.33,4.0,2.0,0.67,1.67,6.67,0.67,8.0,0.33,4.0
1194,Jupiler Pro League (BE),8035,Nicolas Rommens,N. Rommens,1994-12-17,24.75,3.83,8.02,1,1,0,5.0,5.0,0.0,0.0,2.0,40.0,1.0,20.0,0.0,0.0,0.0,0.0,0.0,0.0,0.0,0.0,0.0,1.0,0.0,1.0,2.0,0.0,0.0,0.0,0.0
1194,Jupiler Pro League (BE),8109,Noë Dussenne,N. Dussenne,1992-04-07,87.59,21.61,23.22,22,21,1,331.0,15.76,0.81,5.14,2.95,18.73,0.14,0.91,0.67,4.23,2.71,0.24,1.51,0.86,5.44,0.38,2.42,2.14,1.81,3.38,8.86,2.1,13.78,0.1,0.6
1194,Jupiler Pro League (BE),8701,Pieter Gerkens,P. Gerkens,1995-02-17,88.9,20.79,23.59,35,35,0,1746.0,49.89,1.34,2.69,8.51,17.07,0.2,0.4,1.83,3.67,5.09,3.34,6.7,0.23,0.46,0.6,1.2,17.06,9.23,14.03,11.54,1.14,2.69,4.69,9.39
1194,Jupiler Pro League (BE),9073,Rob Schoofs,R. Schoofs,1994-03-23,61.98,16.86,16.09,36,36,0,1150.0,31.94,1.03,3.22,5.31,16.61,0.22,0.7,1.17,3.65,2.86,1.92,6.0,0.17,0.52,0.39,1.22,8.61,5.31,8.67,8.92,1.06,3.91,2.86,8.96
1194,Jupiler Pro League (BE),9259,Roman Neustädter,R. Neustädter,1988-02-18,83.99,20.43,23.38,18,17,1,209.0,12.29,0.53,4.31,2.59,21.05,0.18,1.44,0.76,6.22,2.41,0.24,1.91,1.06,8.61,0.53,4.31,1.41,1.0,1.94,8.88,2.0,17.56,0.12,0.96
1194,Jupiler Pro League (BE),9835,Siebe Schrijvers,S. Schrijvers,1996-07-18,75.48,18.71,19.83,29,29,0,1029.0,35.48,1.17,3.31,5.55,15.65,0.31,0.87,1.14,3.21,4.21,1.97,5.54,0.28,0.78,0.59,1.65,10.86,5.86,11.62,9.41,1.76,5.69,2.28,6.41
1194,Jupiler Pro League (BE),9870,Simon Mignolet,S. Mignolet,1988-03-06,94.02,31.86,21.15,12,11,1,0.0,0.0,0.0,,0.0,,0.0,,0.0,,0.0,0.0,,0.0,,0.0,,0.0,0.0,0.0,0.0,0.0,,0.0,
1194,Jupiler Pro League (BE),9924,Sofiane Boufal,S. Boufal,1993-09-17,24.88,6.6,5.36,9,9,0,93.0,10.33,0.67,6.45,2.44,23.66,0.0,0.0,0.33,3.23,1.67,0.67,6.45,0.0,0.0,0.11,1.08,2.67,1.56,3.22,2.22,0.22,3.08,0.67,6.45
1194,Jupiler Pro League (BE),10326,Thorgan Hazard,T. Hazard,1993-03-29,83.86,22.52,20.75,36,34,2,1280.0,37.65,0.74,1.95,5.65,15.0,0.12,0.31,1.59,4.22,6.38,2.03,5.39,0.03,0.08,0.15,0.39,14.0,6.06,12.59,5.32,0.68,2.61,2.79,7.42
1194,Jupiler Pro League (BE),10709,Vincent Janssen,V. Janssen,1994-06-15,96.81,25.73,24.44,35,34,1,926.0,27.24,0.41,1.51,3.85,14.15,0.12,0.43,1.0,3.67,4.65,2.32,8.53,0.03,0.11,0.15,0.54,11.24,3.21,9.44,3.59,0.47,3.07,1.94,7.13
1194,Jupiler Pro League (BE),11417,Jean-Kévin Duverne,J. Duverne,1997-07-12,57.7,15.31,16.73,22,21,1,434.0,20.67,0.71,3.46,3.14,15.21,0.19,0.92,1.33,6.45,3.43,1.33,6.45,0.48,2.3,0.62,3.0,3.29,2.71,6.9,9.0,1.38,8.3,0.86,4.15
1194,Jupiler Pro League (BE),11435,Isaac Mbenza,I. Mbenza,1996-03-08,52.48,15.54,11.67,4,4,0,75.0,18.75,0.25,1.33,3.25,17.33,0.0,0.0,1.5,8.0,2.25,1.5,8.0,0.0,0.0,0.25,1.33,7.0,2.25,8.25,3.5,0.5,4.33,0.25,1.33
1194,Jupiler Pro League (BE),11493,Ludwig Augustinsson,L. Augustinsson,1994-04-21,84.62,22.74,21.5,27,25,2,516.0,20.64,1.08,5.23,4.16,20.15,0.24,1.16,1.04,5.04,2.72,0.48,2.33,0.52,2.52,0.52,2.52,3.36,2.0,6.8,8.0,1.12,5.99,0.64,3.1
1194,Jupiler Pro League (BE),11562,Kasper Dolberg,K. Dolberg,1997-10-06,45.43,13.56,7.63,3,3,0,40.0,13.33,0.33,2.5,2.67,20.0,0.0,0.0,0.33,2.5,2.0,0.33,2.5,0.0,0.0,0.0,0.0,6.67,1.67,4.33,0.67,0.0,0.0,0.67,5.0
1194,Jupiler Pro League (BE),12396,Sergiy Sydorchuk,S. Sydorchuk,1991-05-02,22.46,5.53,6.48,16,14,2,146.0,10.43,0.43,4.11,1.64,15.75,0.0,0.0,0.43,4.11,0.86,0.43,4.11,0.29,2.74,0.21,2.05,2.21,1.71,3.36,5.0,1.0,10.5,0.79,7.53
1194,Jupiler Pro League (BE),12442,Yannick Thoelen,Y. Thoelen,1990-07-18,79.57,21.53,20.93,7,7,0,0.0,0.0,0.0,,0.0,,0.0,,0.0,,0.0,0.0,,0.0,,0.0,,0.0,0.0,0.0,0.0,0.0,,0.0,
1194,Jupiler Pro League (BE),12449,Wilfried Kanga Aka,W. Kanga,1998-02-21,84.5,22.72,23.92,36,35,1,1071.0,30.6,0.2,0.65,3.03,9.9,0.09,0.28,0.77,2.52,4.6,2.31,7.56,0.0,0.0,0.11,0.37,14.34,1.83,14.57,3.0,0.11,1.0,2.66,8.68
1194,Jupiler Pro League (BE),12674,Thibault Vlietinck,T. Vlietinck,1997-08-19,40.8,9.79,11.29,9,9,0,153.0,17.0,0.44,2.61,2.11,12.42,0.0,0.0,1.33,7.84,2.78,0.78,4.57,0.0,0.0,0.67,3.92,3.89,2.33,6.44,5.67,0.56,4.28,0.67,3.92
1194,Jupiler Pro League (BE),13001,Maxence Prévôt,M. Prévôt,1997-04-09,92.13,23.08,22.62,9,9,0,0.0,0.0,0.0,,0.0,,0.0,,0.0,,0.0,0.0,,0.0,,0.0,,0.0,0.0,0.0,0.0,0.0,,0.0,
1194,Jupiler Pro League (BE),13229,Patrik Hrošovský,P. Hrošovský,1992-04-22,72.79,24.55,16.16,16,15,1,563.0,37.53,2.13,5.68,5.8,15.45,0.33,0.89,0.6,1.6,4.0,2.87,7.64,0.07,0.18,0.87,2.31,11.47,6.73,10.13,8.6,1.2,4.11,3.33,8.88
1194,Jupiler Pro League (BE),13367,Abdoulaye Sissako,A. Sissako,1998-05-26,90.73,27.04,23.26,40,38,2,1513.0,39.82,1.68,4.23,7.11,17.85,0.29,0.73,0.92,2.31,4.63,2.08,5.22,0.32,0.79,0.84,2.11,9.82,6.45,10.11,13.82,2.26,6.16,2.92,7.34
1194,Jupiler Pro League (BE),13421,Brent Gabriël,B. Gabriël,1999-01-27,99.43,26.18,28.1,36,35,1,0.0,0.0,0.0,,0.0,,0.0,,0.0,,0.0,0.0,,0.0,,0.0,,0.0,0.0,0.0,0.0,0.0,,0.0,
1194,Jupiler Pro League (BE),13439,Timothy Eyoma,T. Eyoma,2000-01-29,59.3,11.28,17.73,2,2,0,30.0,15.0,2.5,16.67,3.5,23.34,0.0,0.0,0.5,3.34,0.5,0.0,0.0,1.0,6.66,0.5,3.34,1.5,1.0,4.0,8.0,2.0,13.02,0.0,0.0
1194,Jupiler Pro League (BE),13483,Boureima Hassane Bandé,H. Bandé,1998-10-30,17.55,4.15,3.75,7,6,1,50.0,8.33,0.33,4.0,0.83,10.0,0.17,2.0,0.33,4.0,2.17,0.67,8.0,0.0,0.0,0.17,2.0,2.33,0.83,1.67,1.17,0.0,0.0,0.17,2.0
1194,Jupiler Pro League (BE),13757,William Balikwisha,W. Balikwisha,1999-05-12,32.62,8.02,8.71,11,11,0,208.0,18.91,0.36,1.92,2.0,10.58,0.09,0.48,0.55,2.89,1.82,1.73,9.14,0.0,0.0,0.0,0.0,6.36,3.27,6.55,3.27,0.45,6.4,1.45,7.69
1194,Jupiler Pro League (BE),13928,Dennis Eckert Ayensa,D. Eckert Ayensa,1997-01-09,62.05,14.23,18.29,35,35,0,1233.0,35.23,0.49,1.38,3.29,9.33,0.09,0.24,1.4,3.97,4.23,2.94,8.35,0.03,0.08,0.0,0.0,16.83,5.57,11.63,4.74,0.4,2.09,4.43,12.57
1194,Jupiler Pro League (BE),14257,Ludovit Reis,L. Reis,2000-06-01,42.01,14.16,10.06,7,7,0,138.0,19.71,0.57,2.9,1.71,8.7,0.0,0.0,0.86,4.35,2.57,1.14,5.8,0.0,0.0,0.43,2.17,5.14,4.14,4.71,4.29,0.29,3.44,1.29,6.52
1194,Jupiler Pro League (BE),14333,Lucas Schoofs,L. Schoofs,1997-01-03,99.86,22.41,28.17,2,2,0,144.0,72.0,4.5,6.25,13.0,18.06,1.5,2.09,1.0,1.39,12.0,4.5,6.25,0.0,0.0,1.0,1.39,22.0,12.5,20.0,11.5,2.5,4.13,7.0,9.72
1194,Jupiler Pro League (BE),14402,Mohammed El Hankouri,M. El Hankouri,1997-07-01,49.56,12.68,13.5,15,15,0,394.0,26.27,0.87,3.3,3.73,14.21,0.33,1.27,0.73,2.79,4.2,2.27,8.63,0.07,0.25,0.07,0.25,9.6,3.47,8.8,4.47,0.73,4.45,3.13,11.93
1194,Jupiler Pro League (BE),14461,Kjell Scherpen,K. Scherpen,2000-01-23,97.41,26.84,24.3,32,32,0,0.0,0.0,0.0,,0.0,,0.0,,0.0,,0.0,0.0,,0.0,,0.0,,0.0,0.0,0.0,0.0,0.0,,0.0,
1194,Jupiler Pro League (BE),14470,Glenn Bijl,G. Bijl,1995-07-13,69.28,17.22,18.61,11,10,1,189.0,18.9,1.3,6.88,3.4,17.99,0.3,1.59,0.6,3.17,2.3,0.7,3.7,0.6,3.17,0.7,3.7,4.3,2.7,5.5,8.0,2.0,12.14,1.1,5.82
1194,Jupiler Pro League (BE),14513,Ralf Seuntjens,R. Seuntjens,1989-04-17,99.86,22.41,28.17,2,2,0,104.0,52.0,1.0,1.92,5.0,9.62,0.5,0.96,3.5,6.73,6.0,3.5,6.73,0.0,0.0,0.5,0.96,22.0,9.0,18.5,3.5,0.0,0.0,7.0,13.46
1194,Jupiler Pro League (BE),14552,Ken Nkuba Tshiend,K. Nkuba,2002-01-21,46.73,14.47,9.72,14,14,0,193.0,13.79,1.07,7.77,2.5,18.14,0.14,1.04,1.0,7.25,3.0,0.43,3.11,0.21,1.55,0.36,2.59,2.5,2.0,4.36,4.14,0.71,4.83,0.29,2.07
1194,Jupiler Pro League (BE),14553,Nathan Rôdes,N. Rôdes,1997-12-11,69.11,17.28,18.56,35,35,0,1175.0,33.57,0.91,2.72,5.8,17.28,0.29,0.85,1.14,3.4,3.14,1.54,4.6,0.54,1.62,0.77,2.3,8.14,5.6,8.43,11.86,2.06,7.41,2.43,7.23
1194,Jupiler Pro League (BE),14560,Dries Wouters,D. Wouters,1997-01-28,99.86,22.41,28.17,2,2,0,20.0,10.0,1.0,10.0,2.0,20.0,0.0,0.0,1.0,10.0,1.5,0.0,0.0,1.0,10.0,1.0,10.0,0.5,1.0,0.0,6.0,1.0,9.93,0.0,0.0
1194,Jupiler Pro League (BE),14569,Nordin Jackers,N. Jackers,1997-09-05,95.67,30.03,22.26,21,21,0,0.0,0.0,0.0,,0.0,,0.0,,0.0,,0.0,0.0,,0.0,,0.0,,0.0,0.0,0.0,0.0,0.0,,0.0,
1194,Jupiler Pro League (BE),14585,Ortwin De Wolf,O. De Wolf,1997-04-23,92.99,24.52,25.59,8,8,0,0.0,0.0,0.0,,0.0,,0.0,,0.0,,0.0,0.0,,0.0,,0.0,,0.0,0.0,0.0,0.0,0.0,,0.0,
1194,Jupiler Pro League (BE),14610,Lucas Pirard,L. Pirard,1995-03-10,99.92,21.65,30.93,11,11,0,0.0,0.0,0.0,,0.0,,0.0,,0.0,,0.0,0.0,,0.0,,0.0,,0.0,0.0,0.0,0.0,0.0,,0.0,
1194,Jupiler Pro League (BE),14618,Simen  Kristiansen Juklerød,S. Juklerød,1994-05-18,44.26,13.29,10.06,22,20,2,206.0,10.3,0.4,3.88,1.5,14.56,0.4,3.88,0.5,4.85,1.9,0.35,3.4,0.3,2.91,0.45,4.37,1.75,1.65,1.9,3.85,0.7,6.57,0.25,2.43
1194,Jupiler Pro League (BE),14624,Antoine Bernier,A. Bernier,1997-09-10,66.5,17.62,18.35,38,38,0,1533.0,40.34,1.08,2.67,5.0,12.39,0.16,0.39,1.34,3.33,6.11,3.66,9.07,0.03,0.07,0.34,0.85,15.11,6.63,15.34,6.0,0.68,2.93,3.89,9.66
1194,Jupiler Pro League (BE),14650,Charles Vanhoutte,C. Vanhoutte,1998-09-16,97.44,29.17,20.77,5,5,0,204.0,40.8,2.0,4.9,7.4,18.14,0.4,0.98,1.2,2.94,3.6,2.4,5.88,0.0,0.0,0.8,1.96,13.4,8.0,9.4,8.0,1.8,4.89,0.8,1.96
1194,Jupiler Pro League (BE),14682,Ewoud Pletinckx,E. Pletinckx,2000-10-10,97.16,23.55,26.11,39,38,1,854.0,22.47,0.87,3.86,4.45,19.79,0.39,1.76,1.32,5.85,3.39,0.79,3.51,0.95,4.21,0.97,4.33,3.92,2.42,4.79,11.58,2.42,11.72,0.66,2.93
1194,Jupiler Pro League (BE),14709,Alessio Castro-Montes,A. Castro-Montes,1997-05-17,31.58,9.09,7.58,5,5,0,47.0,9.4,0.4,4.26,1.8,19.15,0.4,4.25,0.8,8.51,1.8,0.6,6.38,0.2,2.13,0.2,2.13,2.4,0.8,3.4,2.2,0.4,9.09,0.0,0.0
1194,Jupiler Pro League (BE),14748,Daam Foulon,D. Foulon,1999-03-23,75.43,20.09,19.4,33,32,1,845.0,26.41,1.41,5.32,4.22,15.98,0.34,1.3,1.06,4.02,3.34,1.47,5.56,0.38,1.42,0.34,1.3,6.31,3.97,10.28,7.47,1.62,7.17,1.53,5.8
1194,Jupiler Pro League (BE),15492,Danylo Sikan,D. Sikan,2001-04-16,49.89,12.12,13.75,9,9,0,240.0,26.67,0.44,1.67,3.78,14.17,0.11,0.42,1.44,5.42,5.78,2.11,7.92,0.0,0.0,0.11,0.42,12.0,3.0,11.56,2.0,0.11,0.93,1.56,5.83
1194,Jupiler Pro League (BE),16110,Bryan Gonçalves,B. Gonçalves,1996-07-19,89.53,22.03,24.14,28,28,0,533.0,19.04,1.25,6.57,3.54,18.57,0.21,1.13,0.86,4.5,2.14,0.32,1.69,0.75,3.94,0.82,4.31,3.04,1.89,3.93,10.14,2.04,11.1,0.36,1.88
1194,Jupiler Pro League (BE),16463,Mathias Knutsen Rasmussen,M. Rasmussen,1997-11-25,50.7,14.32,12.34,16,16,0,418.0,26.12,1.0,3.83,4.44,16.98,0.19,0.72,0.62,2.39,3.06,0.88,3.35,0.12,0.48,0.25,0.96,8.25,4.19,7.19,6.0,0.75,3.35,1.62,6.22
1194,Jupiler Pro League (BE),16493,Kerim Mrabti,K. Mrabti,1994-05-20,75.61,19.79,19.91,33,32,1,1214.0,37.94,1.0,2.64,4.84,12.77,0.31,0.82,1.19,3.13,3.5,3.22,8.48,0.09,0.25,0.47,1.24,11.47,5.91,11.16,7.69,1.06,4.76,3.22,8.48
1194,Jupiler Pro League (BE),16856,David Hrnčár,D. Hrnčár,1997-12-10,50.27,11.93,14.4,18,18,0,455.0,25.28,0.44,1.76,3.61,14.29,0.0,0.0,1.39,5.49,3.78,1.89,7.47,0.06,0.22,0.67,2.64,7.39,5.39,9.06,6.0,0.61,3.9,1.67,6.59
1194,Jupiler Pro League (BE),16944,Majeed Ashimeru,M. Ashimeru,1997-10-10,49.17,12.27,12.79,9,9,0,244.0,27.11,1.33,4.92,4.56,16.8,0.0,0.0,1.0,3.69,3.44,3.22,11.89,0.22,0.82,1.0,3.69,10.56,5.56,6.56,4.89,0.78,2.99,2.56,9.42
1194,Jupiler Pro League (BE),17864,Visar Musliu,V. Musliu,1994-11-13,93.19,26.56,24.17,30,29,1,485.0,16.72,0.86,5.15,3.79,22.68,0.21,1.24,0.59,3.51,2.76,0.41,2.47,0.86,5.15,0.83,4.95,2.79,1.48,3.48,9.1,1.76,11.36,0.21,1.24
1194,Jupiler Pro League (BE),18450,Gauthier Gallon,G. Gallon,1993-04-23,97.23,24.64,25.73,15,15,0,0.0,0.0,0.0,,0.0,,0.0,,0.0,,0.0,0.0,,0.0,,0.0,,0.0,0.0,0.0,0.0,0.0,,0.0,
1194,Jupiler Pro League (BE),18476,Teddy Teuma,T. Teuma,1993-09-30,46.96,12.27,11.79,9,9,0,309.0,34.33,1.22,3.56,4.33,12.62,0.33,0.97,0.89,2.59,3.11,2.44,7.12,0.22,0.65,0.22,0.65,11.56,7.22,7.33,6.78,0.89,3.09,3.44,10.03
1194,Jupiler Pro League (BE),18710,Thibaud Verlinden,T. Verlinden,1999-07-09,62.17,15.19,16.23,25,25,0,809.0,32.36,0.84,2.6,4.36,13.47,0.2,0.62,1.24,3.83,5.6,2.28,7.05,0.32,0.99,0.36,1.11,9.04,6.36,10.84,7.56,0.76,3.28,2.16,6.68
1194,Jupiler Pro League (BE),18823,Leonardo da Silva Lopes,Leonardo Lopes,1998-11-30,75.39,19.71,21.0,37,35,2,993.0,28.37,1.06,3.73,5.14,18.13,0.34,1.21,0.86,3.02,3.77,1.51,5.34,0.69,2.42,0.54,1.91,7.03,3.69,6.6,10.97,1.66,7.56,2.23,7.86
1194,Jupiler Pro League (BE),18975,Christian Albert Elliot Burgess,C. Burgess,1991-10-07,98.75,27.44,24.41,35,35,0,609.0,17.4,0.91,5.25,4.69,26.93,0.26,1.48,0.71,4.11,2.66,0.17,0.99,0.57,3.28,0.54,3.12,3.6,1.51,3.89,9.0,2.29,13.95,0.23,1.31
1194,Jupiler Pro League (BE),19028,Doğucan Haspolat,D. Haspolat,2000-02-11,97.8,25.6,26.45,37,36,1,1383.0,38.42,1.42,3.69,6.44,16.77,0.53,1.37,1.44,3.76,5.64,1.83,4.77,0.25,0.65,0.97,2.53,9.28,4.67,9.22,15.19,1.83,5.17,3.19,8.32
1194,Jupiler Pro League (BE),19264,Tobias Mohr,T. Mohr,1995-08-24,66.16,15.29,19.93,38,38,0,1457.0,38.34,1.18,3.09,4.68,12.22,0.34,0.89,2.13,5.56,5.87,3.16,8.24,0.45,1.17,0.55,1.44,9.29,7.08,9.79,13.08,1.74,5.68,4.32,11.26
1194,Jupiler Pro League (BE),19363,David Bates,D. Bates,1996-10-05,84.06,19.17,26.16,18,18,0,275.0,15.28,0.5,3.27,3.83,25.09,0.11,0.73,0.78,5.09,2.28,0.5,3.27,0.72,4.73,0.44,2.91,3.28,1.39,3.39,9.22,2.0,14.52,0.33,2.18
1194,Jupiler Pro League (BE),19861,Mouhamed Menaour  Belkheir,M. Belkheir,1999-01-02,62.63,14.47,18.76,3,3,0,106.0,35.33,0.33,0.94,4.33,12.26,0.0,0.0,0.67,1.89,5.0,3.33,9.44,0.0,0.0,0.0,0.0,17.67,3.33,12.33,2.33,0.33,0.52,2.67,7.55
1194,Jupiler Pro League (BE),22115,Boubakar Dit Kiki Kouyaté,K. Kouyaté,1997-04-15,57.99,13.59,16.67,23,23,0,245.0,10.65,0.3,2.86,2.7,25.31,0.26,2.45,0.22,2.04,1.61,0.17,1.63,0.7,6.53,0.22,2.04,1.48,0.65,2.74,6.48,1.74,17.43,0.13,1.22
1194,Jupiler Pro League (BE),22121,Sory Kaba,S. Kaba,1995-07-28,57.11,15.01,14.33,29,28,1,612.0,21.86,0.32,1.47,3.46,15.85,0.04,0.16,0.93,4.25,4.29,1.29,5.88,0.04,0.16,0.04,0.16,8.68,2.04,6.79,1.32,0.18,3.61,1.25,5.72
1194,Jupiler Pro League (BE),22145,Josué Homawoo,J. Homawoo,1997-11-12,80.44,18.89,23.79,30,30,0,582.0,19.4,1.13,5.84,4.53,23.37,0.27,1.37,0.73,3.78,2.3,0.53,2.75,0.73,3.78,0.7,3.61,3.0,2.27,5.33,11.53,2.4,13.14,0.57,2.92
1194,Jupiler Pro League (BE),22162,Aurélien Scheidler,A. Scheidler,1998-06-04,89.15,23.74,23.77,40,40,0,1269.0,31.73,0.07,0.24,3.67,11.58,0.05,0.16,1.1,3.47,4.42,1.52,4.81,0.03,0.08,0.05,0.16,16.98,2.83,11.22,2.58,0.2,1.11,3.38,10.64
1194,Jupiler Pro League (BE),22234,Timothée Nkada,T. Nkada,1999-07-20,46.53,10.32,13.89,30,30,0,707.0,23.57,0.27,1.13,2.27,9.62,0.03,0.14,1.23,5.23,4.17,1.83,7.78,0.03,0.14,0.17,0.71,12.0,2.6,9.43,2.5,0.07,1.33,2.3,9.76
1194,Jupiler Pro League (BE),22253,Loïc Junior Mbe Soh,L. Mbe Soh,2001-06-13,75.14,25.04,18.15,14,12,2,137.0,11.42,0.58,5.11,2.67,23.36,0.08,0.73,0.42,3.65,1.83,0.33,2.92,0.67,5.84,0.58,5.11,1.58,0.75,2.17,7.75,1.92,16.92,0.08,0.73
1194,Jupiler Pro League (BE),22880,Yari Verschaeren,Y. Verschaeren,2001-07-12,55.3,15.04,14.33,28,27,1,888.0,32.89,0.78,2.36,5.41,16.44,0.07,0.23,1.11,3.38,2.7,1.96,5.97,0.0,0.0,0.26,0.79,8.22,5.74,8.89,8.11,1.04,4.12,2.74,8.33
1194,Jupiler Pro League (BE),23030,Youssef Maziz,Y. Maziz,1998-06-24,63.33,15.73,16.15,35,34,1,953.0,28.03,0.74,2.62,3.65,13.01,0.09,0.31,0.91,3.25,4.0,1.71,6.09,0.12,0.42,0.26,0.94,9.0,4.38,8.03,4.71,0.65,2.65,2.21,7.87
1194,Jupiler Pro League (BE),23124,Bryan Soumaré,B. Soumaré,1999-02-11,49.31,11.59,12.85,7,7,0,195.0,27.86,0.43,1.54,4.71,16.92,0.14,0.51,1.29,4.61,3.71,1.71,6.15,0.0,0.0,0.14,0.51,11.29,4.71,7.57,4.29,0.43,2.13,3.29,11.79
1194,Jupiler Pro League (BE),23154,Sami Lahssaini,S. Lahssaini,1998-09-18,94.59,21.53,27.85,32,32,0,1710.0,53.44,2.31,4.33,8.25,15.44,0.44,0.82,1.88,3.51,7.81,2.5,4.68,0.19,0.35,1.09,2.05,16.06,9.69,13.0,15.84,2.47,5.39,4.78,8.95
1194,Jupiler Pro League (BE),23790,Marley Aké,M. Aké,2001-01-05,66.0,16.74,18.22,30,29,1,1129.0,38.93,0.69,1.77,5.17,13.29,0.24,0.62,1.76,4.52,4.9,3.17,8.15,0.34,0.89,0.45,1.15,14.14,7.97,13.21,7.48,0.86,2.86,4.41,11.34
1194,Jupiler Pro League (BE),23834,Junya Ito,J. Ito,1993-03-09,67.06,20.75,17.4,28,27,1,759.0,28.11,0.74,2.63,3.7,13.18,0.11,0.4,1.33,4.74,3.59,2.41,8.56,0.15,0.53,0.15,0.53,10.89,3.85,10.81,5.41,0.52,2.26,2.19,7.77
1194,Jupiler Pro League (BE),23984,Kobe Cools,K. Cools,1997-07-25,76.67,18.96,21.81,19,19,0,257.0,13.53,0.42,3.11,2.42,17.9,0.32,2.33,0.58,4.28,1.74,0.16,1.17,0.63,4.67,0.37,2.72,2.53,1.37,3.32,7.63,1.58,12.92,0.42,3.11
1194,Jupiler Pro League (BE),24070,Moussa Diarra,M. Diarra,2000-11-10,89.64,23.73,21.39,12,11,1,184.0,16.73,0.82,4.89,3.91,23.37,0.09,0.54,0.55,3.26,2.45,0.18,1.09,0.73,4.35,0.27,1.63,3.0,1.55,2.73,9.36,2.18,13.04,0.09,0.54
1194,Jupiler Pro League (BE),24225,Alexis  Beka Beka,A. Beka Beka,2001-03-29,27.75,7.22,7.87,7,7,0,126.0,18.0,1.29,7.14,2.29,12.7,0.14,0.79,0.86,4.76,2.43,1.43,7.94,0.0,0.0,0.14,0.79,7.43,3.57,5.14,3.29,0.43,3.74,1.71,9.52
1194,Jupiler Pro League (BE),24237,Guillaume Dietsch,G. Dietsch,2001-04-17,94.94,22.64,26.27,14,14,0,0.0,0.0,0.0,,0.0,,0.0,,0.0,,0.0,0.0,,0.0,,0.0,,0.0,0.0,0.0,0.0,0.0,,0.0,
1194,Jupiler Pro League (BE),24459,Michael Verrips,M. Verrips,1996-12-03,97.83,26.04,27.87,10,10,0,0.0,0.0,0.0,,0.0,,0.0,,0.0,,0.0,0.0,,0.0,,0.0,,0.0,0.0,0.0,0.0,0.0,,0.0,
1194,Jupiler Pro League (BE),24461,Emin Bayram,E. Bayram,2003-04-02,95.41,25.25,25.53,37,35,2,608.0,17.37,1.29,7.4,3.97,22.86,0.34,1.97,0.57,3.29,3.43,0.34,1.97,0.66,3.78,0.77,4.44,2.8,1.86,2.94,10.4,2.46,15.09,0.29,1.64
1194,Jupiler Pro League (BE),25065,Geoffry Hairemans,G. Hairemans,1991-10-21,30.3,10.17,8.56,4,4,0,82.0,20.5,0.5,2.44,2.75,13.41,0.25,1.22,1.0,4.88,1.5,1.5,7.32,0.0,0.0,0.25,1.22,6.5,2.5,5.5,6.0,0.25,1.39,1.75,8.54
1194,Jupiler Pro League (BE),25069,Dante Vanzeir,D. Vanzeir,1998-04-16,51.74,12.67,13.74,20,20,0,526.0,26.3,0.4,1.52,3.6,13.69,0.1,0.38,0.85,3.23,5.3,1.9,7.22,0.05,0.19,0.15,0.57,11.75,4.1,8.15,1.7,0.05,0.78,3.0,11.41
1194,Jupiler Pro League (BE),25072,Nikola Storm,N. Storm,1994-09-30,75.38,21.26,25.62,1,1,0,28.0,28.0,0.0,0.0,2.0,7.14,1.0,3.57,2.0,7.14,1.0,4.0,14.29,0.0,0.0,1.0,3.57,3.0,6.0,9.0,2.0,0.0,0.0,5.0,17.86
1194,Jupiler Pro League (BE),25352,Tobe Leysen,T. Leysen,2002-03-09,98.1,23.64,26.68,31,30,1,0.0,0.0,0.0,,0.0,,0.0,,0.0,,0.0,0.0,,0.0,,0.0,,0.0,0.0,0.0,0.0,0.0,,0.0,
1194,Jupiler Pro League (BE),25354,Tuur Rommens,T. Rommens,2003-03-26,89.3,22.28,25.55,14,14,0,469.0,33.5,1.71,5.12,5.43,16.2,0.36,1.07,2.14,6.4,5.93,1.93,5.76,0.64,1.92,1.29,3.84,7.43,4.71,9.07,14.5,3.14,9.37,1.71,5.12
1194,Jupiler Pro League (BE),25544,Lion Lauberbach,L. Lauberbach,1998-02-15,92.43,24.21,25.11,22,21,1,697.0,33.19,0.67,2.01,3.57,10.76,0.24,0.72,1.0,3.01,3.33,2.29,6.88,0.0,0.0,0.1,0.29,12.48,3.38,10.43,2.76,0.1,0.68,3.1,9.32
1194,Jupiler Pro League (BE),25791,Mujaid Sadick Aliu,Mujaid Sadick,2000-03-14,92.69,30.03,21.84,36,35,1,578.0,16.51,1.03,6.23,3.91,23.7,0.14,0.87,0.91,5.54,2.66,0.4,2.42,1.06,6.4,0.74,4.5,2.6,1.29,2.63,9.6,2.14,13.52,0.17,1.04
1194,Jupiler Pro League (BE),26068,Takuma Ominami,T. Ominami,1997-12-13,86.24,20.53,24.03,21,21,0,385.0,18.33,0.52,2.86,3.24,17.66,0.19,1.04,1.05,5.71,3.52,0.86,4.67,0.62,3.38,0.86,4.67,3.05,1.95,5.0,9.19,1.81,10.91,0.52,2.86
1194,Jupiler Pro League (BE),26161,Anouar Ait El Hadj,A. Ait El Hadj,2002-04-20,73.61,20.89,18.78,38,38,0,1811.0,47.66,1.05,2.21,7.05,14.8,0.16,0.33,1.61,3.37,5.89,3.76,7.9,0.08,0.17,0.21,0.44,20.08,9.26,14.66,5.42,0.76,2.33,4.87,10.21
1194,Jupiler Pro League (BE),26162,Thierry Lutonda,T. Lutonda,2000-10-27,71.89,15.45,22.26,26,26,0,957.0,36.81,0.96,2.61,4.77,12.96,0.54,1.46,1.77,4.81,3.88,2.62,7.1,0.15,0.42,0.58,1.57,10.46,7.62,11.58,9.04,1.54,4.32,2.73,7.42
1194,Jupiler Pro League (BE),26169,Killian Sardella,K. Sardella,2002-05-02,70.45,18.62,17.4,32,30,2,557.0,18.57,0.53,2.87,2.97,15.98,0.27,1.44,0.77,4.13,2.63,0.87,4.67,0.47,2.51,0.87,4.67,4.03,2.13,4.4,7.67,1.3,8.75,0.8,4.31
1194,Jupiler Pro League (BE),26170,Marco Kana,M. Kana,2002-08-08,85.86,23.74,21.32,26,25,1,354.0,14.16,0.56,3.96,2.96,20.9,0.08,0.56,0.4,2.82,2.32,0.56,3.95,0.8,5.65,0.28,1.98,2.44,1.72,3.08,8.12,1.16,8.48,0.36,2.54
1194,Jupiler Pro League (BE),26172,Antoine Colassin,A. Colassin,2001-02-26,26.55,7.05,6.6,29,29,0,428.0,14.76,0.34,2.34,1.93,13.08,0.07,0.47,0.52,3.5,2.86,1.03,7.01,0.0,0.0,0.1,0.7,5.97,2.28,3.93,1.97,0.28,5.88,1.76,11.92
1194,Jupiler Pro League (BE),26253,Marcos Hernán Peano,M. Peano,1998-10-15,99.61,22.2,29.43,34,34,0,0.0,0.0,0.0,,0.0,,0.0,,0.0,,0.0,0.0,,0.0,,0.0,,0.0,0.0,0.0,0.0,0.0,,0.0,
1194,Jupiler Pro League (BE),26646,Ibrahim Karamoko,I. Karamoko,2001-07-23,78.22,18.0,23.43,31,31,0,1002.0,32.32,1.03,3.19,5.03,15.57,0.23,0.7,1.19,3.69,4.81,2.52,7.78,0.42,1.3,0.42,1.3,8.81,5.06,8.65,11.94,1.71,6.03,3.19,9.88
1194,Jupiler Pro League (BE),26894,Shogo Taniguchi,S. Taniguchi,1991-07-15,85.94,25.5,22.01,38,36,2,474.0,13.17,0.58,4.43,2.81,21.31,0.14,1.05,0.64,4.85,2.44,0.06,0.42,0.81,6.12,0.78,5.91,1.75,0.89,1.86,8.17,1.31,10.76,0.08,0.63
1194,Jupiler Pro League (BE),27005,Daiki Hashioka,D. Hashioka,1999-05-17,87.29,21.55,27.12,17,16,1,360.0,22.5,0.75,3.33,3.81,16.94,0.56,2.5,1.0,4.44,3.0,1.12,5.0,0.44,1.94,0.62,2.78,5.0,2.94,5.69,9.94,2.12,11.7,0.69,3.06
1194,Jupiler Pro League (BE),27108,Griffin Yow,G. Yow,2002-09-25,45.13,11.82,12.46,16,16,0,494.0,30.88,1.25,4.05,4.0,12.95,0.31,1.01,1.38,4.45,3.12,1.94,6.28,0.06,0.2,0.25,0.81,10.62,6.5,10.06,5.81,1.38,5.99,2.0,6.48
1194,Jupiler Pro League (BE),27114,Bryan Reynolds,B. Reynolds,2001-06-28,98.31,25.74,26.41,38,36,2,1095.0,30.42,1.17,3.84,4.14,13.61,0.33,1.1,1.61,5.3,6.81,1.5,4.93,0.86,2.83,1.03,3.38,6.64,4.28,8.56,11.81,2.0,7.26,1.17,3.84
1194,Jupiler Pro League (BE),27511,Óscar Gil Regaño,Óscar Gil,1998-04-26,75.14,18.38,19.8,32,31,1,1163.0,37.52,1.68,4.47,5.61,14.96,0.35,0.95,1.87,4.99,6.52,2.23,5.93,0.42,1.12,1.0,2.66,9.13,7.23,12.26,11.0,1.9,5.92,2.06,5.5
1194,Jupiler Pro League (BE),27591,Mardochée Nzita,M. Nzita,2000-02-24,86.3,22.58,23.71,38,38,0,1302.0,34.26,1.37,3.99,6.08,17.74,0.74,2.15,1.84,5.38,5.55,2.0,5.84,0.84,2.46,1.0,2.92,7.34,5.21,8.76,13.89,2.32,7.37,1.42,4.15
1194,Jupiler Pro League (BE),27673,Thibo Somers,T. Somers,1999-03-16,84.74,21.6,22.3,32,31,1,1347.0,43.45,0.77,1.78,6.77,15.59,0.42,0.97,2.0,4.6,6.94,2.87,6.61,0.26,0.59,1.0,2.3,13.68,7.81,14.26,11.65,1.29,3.4,3.13,7.2
1194,Jupiler Pro League (BE),27697,Mory Konaté,M. Konaté,1993-11-15,74.84,18.74,20.05,30,29,1,459.0,15.83,0.55,3.49,3.03,19.17,0.1,0.65,0.41,2.61,2.38,0.45,2.83,0.31,1.96,0.52,3.27,3.14,1.86,3.38,7.07,1.55,11.94,0.52,3.27
1194,Jupiler Pro League (BE),28110,Gustaf Nilsson,G. Nilsson,1997-05-23,11.6,3.5,2.59,7,7,0,47.0,6.71,0.0,0.0,0.57,8.51,0.0,0.0,0.14,2.13,1.57,0.43,6.38,0.14,2.13,0.0,0.0,3.43,2.0,1.29,1.14,0.43,11.01,1.14,17.02
1194,Jupiler Pro League (BE),28211,Jordan Attah Kadiri,J. Attah Kadiri,2000-03-11,26.1,6.53,6.79,13,13,0,112.0,8.62,0.0,0.0,0.92,10.71,0.0,0.0,0.38,4.46,2.0,0.38,4.46,0.0,0.0,0.0,0.0,3.62,1.0,2.92,0.54,0.08,4.76,1.15,13.39
1194,Jupiler Pro League (BE),28553,Zaid Abner Romero,Z. Romero,1999-12-15,63.61,24.6,14.68,1,1,0,11.0,11.0,1.0,9.09,2.0,18.18,0.0,0.0,0.0,0.0,3.0,2.0,18.18,1.0,9.09,1.0,9.09,5.0,0.0,3.0,5.0,1.0,9.09,0.0,0.0
1194,Jupiler Pro League (BE),28828,Wolke Janssens,W. Janssens,1995-01-11,10.79,3.18,2.22,7,7,0,29.0,4.14,0.0,0.0,0.86,20.69,0.0,0.0,0.29,6.9,0.43,0.14,3.45,0.0,0.0,0.14,3.45,0.86,0.71,0.57,1.14,0.29,6.25,0.29,6.9
1194,Jupiler Pro League (BE),28832,Gary Magnée,G. Magnée,1999-10-12,93.44,21.82,24.68,34,34,0,1264.0,37.18,2.24,6.01,5.82,15.66,0.79,2.14,2.06,5.54,3.82,1.85,4.98,0.56,1.5,1.12,3.01,8.79,5.12,9.76,11.71,1.56,5.08,1.85,4.98
1194,Jupiler Pro League (BE),28940,Fredrik Hammar,F. Hammar,2001-02-26,98.13,25.08,25.81,38,37,1,2064.0,55.78,2.89,5.18,9.51,17.06,0.57,1.02,1.97,3.54,5.16,2.57,4.6,0.35,0.63,1.35,2.42,11.73,10.65,13.27,20.97,3.59,7.05,3.65,6.54
1194,Jupiler Pro League (BE),29032,Christos Tzolis,C. Tzolis,2002-01-30,94.64,29.23,22.51,36,35,1,1221.0,34.89,0.8,2.29,4.14,11.87,0.11,0.33,1.63,4.67,5.97,2.46,7.04,0.14,0.41,0.4,1.15,13.89,5.57,14.94,5.37,0.43,2.03,2.89,8.27
1194,Jupiler Pro League (BE),29446,Jesper Tolinsson,J. Tolinsson,2003-02-28,81.12,22.24,20.88,1,1,0,20.0,20.0,1.0,5.0,2.0,10.0,0.0,0.0,2.0,10.0,1.0,1.0,5.0,0.0,0.0,0.0,0.0,2.0,3.0,4.0,9.0,0.0,0.0,1.0,5.0
1194,Jupiler Pro League (BE),29498,Allahyar Sayyadmanesh,A. Sayyadmanesh,2001-06-29,79.06,20.94,21.66,29,27,2,940.0,34.81,0.96,2.77,4.48,12.87,0.3,0.85,1.11,3.19,7.04,2.89,8.3,0.26,0.74,0.41,1.17,10.81,5.56,12.22,7.59,0.74,2.87,3.41,9.79
1194,Jupiler Pro League (BE),29639,Michał Skóraś,M. Skóraś,2000-02-15,84.39,22.63,24.39,34,33,1,1270.0,38.48,1.24,3.23,5.39,14.02,0.52,1.34,2.0,5.2,6.7,3.24,8.42,0.27,0.71,0.52,1.34,11.64,6.45,14.88,9.42,1.09,3.39,3.12,8.11
1194,Jupiler Pro League (BE),29731,Tobias Okiki Lawal,T. Lawal,2000-06-07,98.37,31.95,23.5,18,17,1,0.0,0.0,0.0,,0.0,,0.0,,0.0,,0.0,0.0,,0.0,,0.0,,0.0,0.0,0.0,0.0,0.0,,0.0,
1194,Jupiler Pro League (BE),29800,Henry Lawrence,H. Lawrence,2001-09-21,88.52,21.0,26.18,30,30,0,871.0,29.03,1.1,3.79,4.97,17.11,0.3,1.03,1.2,4.13,3.63,1.8,6.2,0.37,1.26,0.6,2.07,7.57,3.83,9.37,10.73,1.67,6.59,2.2,7.58
1194,Jupiler Pro League (BE),29925,Anthony Descotte,A. Descotte,2003-08-03,37.56,11.04,8.32,3,3,0,52.0,17.33,0.0,0.0,3.0,17.31,0.0,0.0,0.33,1.92,3.33,0.0,0.0,0.0,0.0,0.0,0.0,4.67,2.0,5.67,6.33,0.0,0.0,1.0,5.77
1194,Jupiler Pro League (BE),29930,Anton Tanghe,A. Tanghe,1999-01-28,86.09,21.54,26.31,21,21,0,240.0,11.43,0.19,1.67,2.05,17.92,0.14,1.25,0.67,5.83,2.1,0.1,0.83,1.05,9.17,0.9,7.92,1.81,0.67,1.43,7.9,1.62,16.89,0.29,2.5
1194,Jupiler Pro League (BE),29933,Wouter George,W. George,2002-03-03,52.6,12.79,14.56,24,23,1,753.0,32.74,1.48,4.52,4.39,13.41,0.22,0.66,0.83,2.52,2.61,2.22,6.77,0.3,0.93,0.65,1.99,9.0,6.22,10.3,9.48,1.3,4.43,2.43,7.44
1194,Jupiler Pro League (BE),29935,Daan Heymans,D. Heymans,1999-06-15,81.5,25.5,21.17,31,31,0,1168.0,37.68,1.03,2.74,5.39,14.3,0.16,0.43,0.87,2.31,5.13,2.71,7.19,0.0,0.0,0.29,0.77,14.26,5.52,10.9,6.35,0.94,3.19,3.55,9.42
1194,Jupiler Pro League (BE),29949,Laurent Lemoine,L. Lemoine,1998-04-24,84.17,21.65,23.56,22,22,0,377.0,17.14,0.68,3.98,2.91,16.98,0.23,1.33,0.82,4.77,3.0,0.45,2.65,0.68,3.98,0.68,3.98,3.18,1.68,3.82,8.68,2.05,11.45,0.55,3.18
1194,Jupiler Pro League (BE),30207,Tommy St. Jago,T. St. Jago,2000-01-03,89.85,23.32,23.59,28,27,1,574.0,21.26,1.11,5.23,3.81,17.94,0.37,1.74,0.85,4.01,1.89,0.85,4.01,0.44,2.09,0.93,4.36,3.11,2.78,5.48,9.0,2.07,10.84,0.67,3.14
1194,Jupiler Pro League (BE),30606,Aiham Ousou,Aiham Ousou,2000-01-09,96.17,25.47,25.73,39,39,0,565.0,14.49,0.97,6.73,3.23,22.3,0.13,0.89,0.49,3.36,2.82,0.26,1.77,0.56,3.89,0.72,4.96,2.23,1.46,2.67,8.05,1.95,14.36,0.41,2.83
1194,Jupiler Pro League (BE),30782,Filip Szymczak,F. Szymczak,2002-05-06,21.02,6.13,4.88,19,19,0,191.0,10.05,0.16,1.57,1.68,16.76,0.05,0.52,0.47,4.71,1.84,0.58,5.76,0.0,0.0,0.05,0.52,3.63,1.89,2.63,2.0,0.26,4.86,0.63,6.28
1194,Jupiler Pro League (BE),30787,Lukasz Lakomy,L. Łakomy,2001-01-18,71.19,16.96,19.33,31,30,1,1144.0,38.13,1.43,3.76,5.37,14.07,0.27,0.7,1.37,3.58,5.1,3.0,7.87,0.2,0.52,0.47,1.22,11.53,5.6,11.43,8.87,1.2,3.73,3.93,10.31
1194,Jupiler Pro League (BE),32028,Toluwalase Emmanuel Arokodare,T. Arokodare,2000-11-23,27.35,8.09,4.9,4,4,0,24.0,6.0,0.25,4.17,0.75,12.5,0.0,0.0,0.5,8.33,1.5,0.25,4.17,0.0,0.0,0.25,4.17,3.0,0.25,1.5,0.5,0.25,4.17,0.25,4.17
1194,Jupiler Pro League (BE),32251,Sekou Sidibe,S. Sidibe,2001-05-05,34.33,7.37,11.09,5,5,0,106.0,21.2,1.0,4.72,3.0,14.15,0.0,0.0,0.4,1.89,5.4,0.8,3.77,0.0,0.0,0.2,0.94,6.2,3.6,8.0,3.0,0.4,2.7,1.6,7.55
1194,Jupiler Pro League (BE),32273,Warleson Stellion Lisboa Oliveira,Warleson,1996-08-31,90.99,20.46,24.98,19,19,0,0.0,0.0,0.0,,0.0,,0.0,,0.0,,0.0,0.0,,0.0,,0.0,,0.0,0.0,0.0,0.0,0.0,,0.0,
1194,Jupiler Pro League (BE),32379,Mathieu Maertens,M. Maertens,1995-03-27,43.68,10.69,11.45,34,33,1,736.0,22.3,0.52,2.31,3.21,14.4,0.03,0.14,0.82,3.67,2.73,1.67,7.47,0.06,0.27,0.27,1.22,7.3,3.24,6.52,3.7,0.33,3.28,2.42,10.87
1194,Jupiler Pro League (BE),32380,Thomas Henry,T. Henry,1994-09-20,72.13,18.26,19.32,21,21,0,672.0,32.0,0.29,0.89,3.24,10.12,0.24,0.74,1.19,3.72,4.19,2.24,6.99,0.0,0.0,0.05,0.15,15.76,2.81,11.67,2.43,0.14,0.89,3.0,9.38
1194,Jupiler Pro League (BE),32391,Louis Patris,L. Patris,2001-06-07,48.73,13.27,11.4,34,34,0,603.0,17.74,1.03,5.8,3.15,17.74,0.15,0.83,0.59,3.32,3.09,0.97,5.47,0.21,1.16,0.38,2.16,5.06,2.56,5.97,4.18,1.03,6.51,0.82,4.64
1194,Jupiler Pro League (BE),32395,Tom Reyners,T. Reyners,2000-04-20,87.48,20.49,24.16,2,2,0,94.0,47.0,0.5,1.06,5.5,11.7,0.0,0.0,2.5,5.32,8.5,6.0,12.77,0.0,0.0,1.0,2.12,17.0,7.0,22.0,8.0,1.0,2.35,4.0,8.51
1194,Jupiler Pro League (BE),32398,Matisse Samoise,M. Samoise,2001-11-21,81.93,22.97,22.35,18,17,1,589.0,34.65,1.18,3.4,4.94,14.26,0.59,1.7,1.24,3.57,4.06,2.88,8.32,0.18,0.51,0.65,1.87,9.47,4.71,11.0,11.06,1.71,6.33,2.71,7.81
1194,Jupiler Pro League (BE),32452,Senne Lammens,S. Lammens,2002-07-07,99.61,24.11,28.63,4,4,0,0.0,0.0,0.0,,0.0,,0.0,,0.0,,0.0,0.0,,0.0,,0.0,,0.0,0.0,0.0,0.0,0.0,,0.0,
1194,Jupiler Pro League (BE),32455,Thomas Van Den Keybus,T. Van den Keybus,2001-04-25,43.69,11.24,11.12,31,29,2,756.0,26.07,0.83,3.17,3.86,14.81,0.41,1.59,0.76,2.91,3.55,1.62,6.22,0.1,0.4,0.41,1.59,8.9,5.0,7.38,6.52,0.76,3.79,2.69,10.32
1194,Jupiler Pro League (BE),32704,Žan Rogelj,Ž. Rogelj,1999-11-25,83.14,18.22,22.7,2,2,0,78.0,39.0,0.0,0.0,6.0,15.38,2.0,5.13,3.0,7.69,6.5,2.5,6.41,0.5,1.29,1.0,2.57,9.0,9.5,10.5,15.0,1.5,4.22,3.0,7.69
1194,Jupiler Pro League (BE),32774,Bruny Nsimba,B. Nsimba,2000-04-05,68.44,16.98,19.05,30,30,0,898.0,29.93,0.6,2.0,4.03,13.47,0.03,0.11,1.03,3.45,5.63,1.6,5.34,0.03,0.11,0.2,0.67,11.37,3.03,10.03,2.23,0.2,1.08,2.8,9.35
1194,Jupiler Pro League (BE),32775,Michel-Ange Balikwisha,M. Balikwisha,2001-05-10,92.69,22.78,27.74,4,4,0,275.0,68.75,3.25,4.73,6.5,9.46,0.25,0.36,2.75,4.0,11.25,6.5,9.45,0.0,0.0,0.25,0.36,23.0,18.75,21.0,13.25,1.75,2.86,7.0,10.18
1194,Jupiler Pro League (BE),33332,Andreas Kristoffer Jungdal,A. Jungdal,2002-02-22,98.88,25.86,26.69,39,37,2,0.0,0.0,0.0,,0.0,,0.0,,0.0,,0.0,0.0,,0.0,,0.0,,0.0,0.0,0.0,0.0,0.0,,0.0,
1194,Jupiler Pro League (BE),33522,Maxime Delanghe,M. Delanghe,2001-05-23,97.47,23.94,24.5,18,18,0,0.0,0.0,0.0,,0.0,,0.0,,0.0,,0.0,0.0,,0.0,,0.0,,0.0,0.0,0.0,0.0,0.0,,0.0,
1194,Jupiler Pro League (BE),33706,David Toshevski,D. Toševski,2001-07-16,62.48,15.26,16.93,26,26,0,692.0,26.62,0.38,1.44,3.58,13.44,0.08,0.29,1.15,4.34,4.35,1.5,5.63,0.0,0.0,0.04,0.14,10.65,4.12,8.0,3.19,0.19,1.4,1.96,7.37
1194,Jupiler Pro League (BE),34216,Hugo Siquet,H. Siquet,2002-07-09,46.78,13.68,11.52,31,30,1,449.0,14.97,0.83,5.57,2.2,14.7,0.37,2.45,1.2,8.02,2.27,0.9,6.01,0.1,0.67,0.83,5.57,3.6,2.47,4.27,4.93,0.6,4.74,0.73,4.9
1194,Jupiler Pro League (BE),34444,Edgaras Utkus,E. Utkus,2000-06-22,83.96,19.87,22.19,19,19,0,281.0,14.79,1.05,7.12,3.42,23.13,0.26,1.78,0.79,5.34,2.42,0.05,0.36,0.84,5.69,0.53,3.56,2.68,1.26,2.42,8.42,1.74,13.36,0.32,2.13
1194,Jupiler Pro League (BE),34748,Matija Frigan,M. Frigan,2003-02-11,63.77,16.71,16.91,3,3,0,80.0,26.67,0.33,1.25,3.0,11.25,0.0,0.0,1.0,3.75,7.33,2.0,7.5,0.0,0.0,0.33,1.25,13.67,4.0,6.0,1.33,0.0,0.0,3.0,11.25
1194,Jupiler Pro League (BE),34753,Tiago Filipe Alves Araújo,Tiago Araújo,2001-03-27,88.15,23.15,24.88,35,33,2,1125.0,34.09,1.27,3.73,5.64,16.53,0.52,1.51,1.73,5.07,5.48,2.03,5.96,0.73,2.13,0.91,2.67,8.76,4.79,11.91,10.48,1.52,4.95,2.27,6.67
1194,Jupiler Pro League (BE),34873,Malcolm Viltard,M. Viltard,2002-10-24,80.48,20.17,22.8,36,36,0,1863.0,51.75,1.86,3.6,7.31,14.12,0.5,0.97,1.94,3.76,6.86,3.22,6.23,0.17,0.32,0.86,1.66,13.03,10.94,12.83,13.89,1.5,3.32,5.25,10.15
1194,Jupiler Pro League (BE),35232,Zalán Vancsa,Z. Vancsa,2004-10-27,42.73,8.36,10.52,2,2,0,38.0,19.0,0.5,2.63,4.0,21.05,0.0,0.0,1.5,7.89,2.5,2.5,13.16,0.0,0.0,1.0,5.26,5.0,2.0,6.0,4.0,0.0,0.0,2.0,10.53
1194,Jupiler Pro League (BE),35453,Mario Stroeykens,M. Stroeykens,2004-09-29,40.98,11.63,9.57,23,22,1,462.0,21.0,0.41,1.95,3.41,16.23,0.09,0.43,0.64,3.03,2.45,1.05,4.98,0.0,0.0,0.27,1.3,6.14,3.55,5.86,3.68,0.41,3.47,1.59,7.58
1194,Jupiler Pro League (BE),35550,Daan Dierckx,D. Dierckx,2003-02-24,71.83,17.84,21.04,20,20,0,326.0,16.3,0.4,2.45,3.8,23.31,0.35,2.15,1.0,6.13,2.9,0.25,1.53,0.4,2.45,0.55,3.37,2.7,1.65,3.8,9.75,1.6,10.16,0.85,5.21
1194,Jupiler Pro League (BE),35577,Kevin Mac Allister,K. Mac Allister,1997-11-07,94.16,26.68,22.61,34,34,0,863.0,25.38,1.79,7.07,5.82,22.94,0.32,1.28,1.35,5.33,3.15,0.82,3.24,0.26,1.04,0.47,1.85,6.29,3.62,7.62,8.68,2.35,10.48,0.5,1.97
1194,Jupiler Pro League (BE),35776,Omri Gandelman,O. Gandelman,2000-05-16,86.31,23.52,25.69,18,17,1,874.0,51.41,0.71,1.37,7.12,13.84,0.35,0.69,1.53,2.97,6.0,4.53,8.81,0.24,0.46,0.29,0.57,18.53,7.88,19.18,10.82,0.71,1.56,4.94,9.61
1194,Jupiler Pro League (BE),35952,Léo Brian Kokubo,L. Kokubo,2001-01-23,99.58,29.71,25.26,38,36,2,0.0,0.0,0.0,,0.0,,0.0,,0.0,,0.0,0.0,,0.0,,0.0,,0.0,0.0,0.0,0.0,0.0,,0.0,
1194,Jupiler Pro League (BE),36090,Jarne Steuckers,J. Steuckers,2002-02-04,54.78,17.93,12.29,30,29,1,737.0,25.41,0.48,1.9,3.62,14.25,0.03,0.14,1.21,4.75,4.0,1.97,7.73,0.14,0.54,0.34,1.36,7.9,4.52,7.76,5.1,0.38,1.65,2.48,9.77
1194,Jupiler Pro League (BE),36097,Isaías Omar Delpupo,I. Delpupo,2003-03-31,10.28,3.25,2.13,4,4,0,18.0,4.5,0.0,0.0,1.25,27.78,0.0,0.0,0.0,0.0,0.5,0.25,5.55,0.0,0.0,0.0,0.0,1.25,0.25,1.75,1.25,0.25,5.72,0.75,16.67
1194,Jupiler Pro League (BE),36208,César Saúl Huerta Valera,C. Huerta,2000-12-03,54.35,15.85,13.66,11,10,1,306.0,30.6,1.2,3.92,4.0,13.07,0.3,0.98,1.3,4.25,4.1,1.8,5.88,0.0,0.0,0.1,0.33,10.9,6.0,9.7,4.3,0.5,5.64,2.1,6.86
1194,Jupiler Pro League (BE),36827,Luis Ismael Vázquez,L. Vázquez,2001-04-24,51.29,15.4,11.83,14,13,1,236.0,18.15,0.38,2.12,3.85,21.19,0.0,0.0,0.54,2.97,4.62,1.15,6.36,0.0,0.0,0.0,0.0,8.0,2.08,7.15,0.92,0.23,2.96,0.92,5.08
1194,Jupiler Pro League (BE),37331,Celestin De Schrevel,C. De Schrevel,2002-04-02,97.04,22.89,25.26,2,2,0,0.0,0.0,0.0,,0.0,,0.0,,0.0,,0.0,0.0,,0.0,,0.0,,0.0,0.0,0.0,0.0,0.0,,0.0,
1194,Jupiler Pro League (BE),37413,Roman Květ,R. Květ,1997-12-17,85.52,21.67,24.03,34,34,0,1627.0,47.85,1.03,2.15,6.5,13.58,0.24,0.49,1.65,3.44,7.62,3.47,7.25,0.06,0.12,0.47,0.98,15.35,8.15,13.97,8.91,0.97,2.59,4.21,8.79
1194,Jupiler Pro League (BE),39644,Enric Llansana Beuse,E. Llansana,2001-04-12,63.2,16.98,16.12,29,27,2,877.0,32.48,1.3,3.99,6.41,19.73,0.15,0.46,1.26,3.88,3.78,1.56,4.79,0.11,0.34,0.7,2.17,8.26,5.3,9.48,9.52,1.07,3.6,1.56,4.79
1194,Jupiler Pro League (BE),39736,Fedde Leysen,F. Leysen,2003-07-09,76.76,20.78,19.11,27,27,0,474.0,17.56,0.78,4.43,3.74,21.31,0.67,3.8,0.7,4.01,2.85,0.63,3.59,0.56,3.16,0.33,1.9,3.22,1.67,4.11,7.74,1.48,8.74,0.78,4.43
1194,Jupiler Pro League (BE),39743,Patrick Pflücke,P. Pflücke,1996-11-30,68.69,18.06,18.9,42,42,0,1443.0,34.36,0.48,1.39,4.45,12.96,0.1,0.28,1.17,3.4,3.52,3.14,9.15,0.1,0.28,0.4,1.18,13.12,5.5,12.52,6.45,0.74,2.42,3.79,11.02
1194,Jupiler Pro League (BE),39832,Ragnar Oratmangoen,R. Oratmangoen,1998-01-21,39.29,10.52,9.56,18,18,0,312.0,17.33,0.5,2.89,2.56,14.74,0.28,1.6,0.89,5.13,2.67,0.67,3.85,0.17,0.96,0.28,1.6,5.0,3.22,5.44,4.0,0.5,3.48,1.11,6.41
1194,Jupiler Pro League (BE),39911,Junior Marsoni Sambu Mansoni,M. Sambu,1996-06-03,77.37,19.66,21.04,31,31,0,997.0,32.16,1.71,5.32,5.19,16.15,0.32,1.0,1.81,5.62,4.39,2.1,6.52,0.39,1.2,0.84,2.61,6.97,4.45,10.35,9.77,1.81,6.48,1.42,4.41
1194,Jupiler Pro League (BE),40039,Ivan Pavlić,I. Pavlić,2001-11-10,11.59,2.92,2.95,9,9,0,66.0,7.33,0.11,1.52,1.67,22.73,0.22,3.03,0.56,7.58,0.56,0.78,10.61,0.0,0.0,0.11,1.51,2.56,1.11,1.89,1.44,0.22,4.12,0.78,10.61
1194,Jupiler Pro League (BE),40040,Zeno Van den Bosch,Z. Van den Bosch,2003-07-06,96.76,25.29,24.92,35,34,1,876.0,25.76,1.26,4.91,4.21,16.32,0.56,2.17,1.12,4.34,3.59,0.97,3.77,0.71,2.74,0.74,2.85,5.47,3.91,7.12,11.97,2.56,11.2,1.15,4.45
1194,Jupiler Pro League (BE),40430,Mathis Servais,M. Servais,2004-11-23,95.3,24.83,24.75,32,31,1,1564.0,50.45,1.58,3.13,7.9,15.66,0.58,1.15,1.35,2.69,6.23,2.9,5.76,0.48,0.96,0.84,1.66,14.35,10.1,15.13,12.74,2.03,4.91,5.0,9.91
1194,Jupiler Pro League (BE),42119,Flávio Basilua Jacinto Nazinho,Flávio Nazinho,2003-07-20,93.85,21.83,24.7,30,30,0,1148.0,38.27,1.9,4.97,6.33,16.55,0.53,1.39,1.93,5.05,7.0,1.9,4.97,0.77,2.0,0.53,1.39,9.67,5.87,12.03,12.1,2.37,8.53,2.13,5.58
1194,Jupiler Pro League (BE),42219,Yira Collins Sor,Y. Sor,2000-07-24,45.98,15.04,10.23,28,28,0,455.0,16.25,0.54,3.3,2.57,15.82,0.11,0.66,0.75,4.62,2.25,1.18,7.25,0.04,0.22,0.29,1.76,4.79,2.82,4.93,3.18,0.29,3.02,1.32,8.13
1194,Jupiler Pro League (BE),42583,Christopher Scott,C. Scott,2002-06-07,77.65,19.87,20.51,31,31,0,1043.0,33.65,1.23,3.64,5.13,15.24,0.42,1.25,1.45,4.31,3.61,1.58,4.7,0.23,0.67,0.52,1.53,9.32,4.58,11.06,8.61,1.23,5.24,1.97,5.85
1194,Jupiler Pro League (BE),42592,Moïse Orell Sahi Dion,M. Sahi Dion,2001-12-20,21.02,5.25,5.61,5,5,0,52.0,10.4,0.4,3.85,1.2,11.54,0.0,0.0,0.6,5.77,1.4,1.2,11.54,0.0,0.0,0.2,1.92,2.8,1.4,2.8,3.0,0.2,3.81,1.6,15.38
1194,Jupiler Pro League (BE),43303,Noah Mbamba-Muanda,N. Mbamba,2005-01-05,86.26,21.86,23.71,35,35,0,1643.0,46.94,1.91,4.08,8.23,17.53,0.17,0.37,1.77,3.77,5.63,2.54,5.42,0.43,0.91,0.71,1.52,10.2,7.74,11.57,14.57,2.0,4.72,3.23,6.88
1194,Jupiler Pro League (BE),44871,Alexandro Calut,A. Calut,2003-04-22,53.56,12.22,15.23,9,9,0,164.0,18.22,0.67,3.66,2.11,11.59,0.11,0.61,0.89,4.88,2.33,1.89,10.37,0.67,3.66,0.56,3.05,3.22,1.78,5.56,8.44,0.56,3.62,1.78,9.76
1194,Jupiler Pro League (BE),46143,Maksim Paskotsi,M. Paskotsi,2003-01-19,89.64,24.38,25.26,22,21,1,389.0,18.52,0.86,4.63,3.67,19.79,0.38,2.06,1.14,6.17,3.43,0.62,3.34,0.86,4.63,0.62,3.34,3.38,1.57,2.81,10.86,1.9,10.24,0.43,2.31
1194,Jupiler Pro League (BE),47343,Jules Gaudin,J. Gaudin,2000-05-09,40.2,10.55,9.37,19,19,0,256.0,13.47,0.95,7.03,1.95,14.45,0.16,1.17,0.63,4.69,1.79,0.74,5.47,0.16,1.17,0.16,1.17,2.53,2.21,4.0,4.26,0.53,4.91,0.53,3.91
1194,Jupiler Pro League (BE),47348,Bjorn Meijer,B. Meijer,2003-03-18,43.85,13.29,9.78,27,27,0,282.0,10.44,0.33,3.19,1.89,18.08,0.26,2.48,0.56,5.32,1.7,0.48,4.61,0.04,0.35,0.33,3.19,2.41,1.33,3.22,3.93,0.59,6.47,0.44,4.25
1194,Jupiler Pro League (BE),47896,Matthieu Luka Epolo,M. Epolo,2005-01-15,99.8,23.91,28.65,29,29,0,0.0,0.0,0.0,,0.0,,0.0,,0.0,,0.0,0.0,,0.0,,0.0,,0.0,0.0,0.0,0.0,0.0,,0.0,
1194,Jupiler Pro League (BE),48111,Gustav Mortensen,G. Mortensen,2004-03-19,95.36,22.45,28.48,20,20,0,822.0,41.1,0.6,1.46,6.85,16.67,0.55,1.34,1.8,4.38,6.55,3.6,8.76,0.9,2.19,0.7,1.7,11.75,6.3,16.05,13.0,1.5,4.61,3.35,8.15
1194,Jupiler Pro League (BE),48536,Mohamed Berte,M. Berte,2002-03-25,44.03,11.13,11.59,30,30,0,666.0,22.2,0.33,1.5,3.6,16.22,0.1,0.45,1.0,4.5,6.83,0.93,4.2,0.0,0.0,0.17,0.75,9.33,3.6,7.0,2.23,0.2,2.19,1.33,6.01
1194,Jupiler Pro League (BE),48961,Lucas Boel Hey,L. Hey,2003-04-13,86.65,22.66,22.58,32,31,1,382.0,12.32,0.58,4.71,2.74,22.25,0.16,1.31,0.45,3.66,1.48,0.23,1.83,0.55,4.45,0.68,5.5,1.58,0.81,2.68,7.16,1.45,11.98,0.03,0.26
1194,Jupiler Pro League (BE),53344,José Martínez Marsà,José Marsà,2002-03-04,86.07,21.61,23.83,33,32,1,935.0,29.22,1.38,4.71,4.75,16.26,0.53,1.82,1.75,5.99,4.25,1.53,5.24,0.94,3.21,1.06,3.64,6.16,3.81,8.72,12.47,1.84,7.14,2.06,7.06
1194,Jupiler Pro League (BE),54768,Enis Destan,E. Destan,2002-06-15,36.72,10.23,9.72,3,3,0,60.0,20.0,0.33,1.67,1.0,5.0,0.0,0.0,0.67,3.33,5.67,1.33,6.66,0.0,0.0,0.33,1.67,9.33,2.33,7.67,2.33,0.67,3.36,2.67,13.33
1194,Jupiler Pro League (BE),54979,Moussa N''Diaye,M. N''Diaye,2002-06-18,63.99,17.4,15.23,17,16,1,302.0,18.88,1.06,5.63,3.31,17.55,0.5,2.65,0.62,3.31,2.44,0.69,3.64,0.62,3.31,0.62,3.31,2.88,2.62,4.0,8.44,1.56,8.99,0.38,1.99
1194,Jupiler Pro League (BE),58458,Alan Steve Minda García,A. Minda,2003-05-14,62.16,15.83,15.63,17,17,0,548.0,32.24,0.53,1.64,4.53,14.05,0.18,0.55,1.53,4.74,6.24,2.47,7.66,0.0,0.0,0.0,0.0,15.41,5.47,10.76,2.71,0.35,1.71,3.59,11.13
1194,Jupiler Pro League (BE),58981,Raphael Onyedika,R. Onyedika,2001-04-19,72.72,23.69,16.76,30,30,0,755.0,25.17,1.07,4.24,4.4,17.48,0.2,0.79,0.53,2.12,3.27,1.4,5.56,0.33,1.32,0.3,1.19,6.6,2.9,6.83,8.3,1.27,5.94,1.4,5.56
1194,Jupiler Pro League (BE),58992,Raul Florucz,R. Florucz,2001-06-10,54.41,15.68,12.52,24,24,0,655.0,27.29,0.62,2.29,5.08,18.63,0.25,0.92,0.79,2.9,5.0,1.42,5.19,0.0,0.0,0.04,0.15,11.08,4.71,7.58,2.0,0.25,0.87,2.46,9.01
1194,Jupiler Pro League (BE),59314,Kayden Leighton Hugh Pierre,K. Pierre,2003-02-16,45.92,11.5,11.33,1,1,0,23.0,23.0,2.0,8.7,5.0,21.74,0.0,0.0,0.0,0.0,3.0,3.0,13.04,0.0,0.0,1.0,4.35,10.0,6.0,7.0,7.0,0.0,0.0,1.0,4.35
1194,Jupiler Pro League (BE),59897,Roggerio Nyakossi,R. Nyakossi,2004-01-13,94.63,23.6,24.8,26,25,1,383.0,15.32,0.8,5.22,3.28,21.41,0.12,0.78,1.08,7.05,2.72,0.44,2.87,0.8,5.22,0.56,3.66,2.52,1.04,3.4,8.36,1.64,11.76,0.4,2.61
1194,Jupiler Pro League (BE),59958,Mohamed Koné,M. Koné,2002-03-07,99.14,26.57,26.7,19,19,0,0.0,0.0,0.0,,0.0,,0.0,,0.0,,0.0,0.0,,0.0,,0.0,,0.0,0.0,0.0,0.0,0.0,,0.0,
1194,Jupiler Pro League (BE),59959,Matthis Riou,M. Riou,2001-01-19,3.08,0.56,0.92,1,1,0,1.0,1.0,0.0,0.0,1.0,100.0,0.0,0.0,0.0,0.0,0.0,0.0,0.0,0.0,0.0,0.0,0.0,0.0,0.0,0.0,0.0,0.0,,0.0,0.0
1194,Jupiler Pro League (BE),60011,Guillaume François,G. François,1990-06-03,11.46,3.17,2.42,2,2,0,12.0,6.0,0.0,0.0,0.0,0.0,0.0,0.0,0.0,0.0,0.0,0.5,8.33,0.0,0.0,0.5,8.33,3.0,1.5,1.0,0.5,0.0,0.0,0.0,0.0
1194,Jupiler Pro League (BE),60013,Siebe Van der Heyden,S. Van der Heyden,1998-05-30,92.81,24.46,26.45,36,34,2,751.0,22.09,0.71,3.2,4.56,20.64,0.38,1.73,1.18,5.33,3.26,0.79,3.6,0.74,3.33,0.97,4.39,3.71,2.91,5.18,12.35,2.15,10.63,0.76,3.46
1194,Jupiler Pro League (BE),60015,Casper Nielsen,C. Nielsen,1994-04-29,78.16,17.96,22.67,26,26,0,1171.0,45.04,1.42,3.16,6.62,14.69,0.5,1.11,1.77,3.93,7.54,3.15,7.0,0.27,0.6,0.58,1.28,13.81,8.38,12.42,14.0,1.5,3.62,4.69,10.42
1194,Jupiler Pro League (BE),60019,Cisse Sandra,C. Sandra,2003-12-16,39.33,11.76,9.07,16,15,1,278.0,18.53,0.4,2.16,2.73,14.75,0.07,0.36,0.53,2.88,4.0,0.87,4.68,0.2,1.08,0.33,1.8,6.33,2.93,6.07,4.2,0.53,4.04,1.07,5.76
1194,Jupiler Pro League (BE),60030,Mathias Fixelles,M. Fixelles,1996-08-11,13.62,2.89,4.54,4,4,0,37.0,9.25,0.25,2.7,2.0,21.62,0.0,0.0,0.5,5.41,0.75,0.5,5.4,0.5,5.4,0.5,5.41,0.25,1.5,2.0,8.25,1.25,13.64,0.0,0.0
1194,Jupiler Pro League (BE),60032,Wagane Faye,W. Faye,1993-11-20,94.02,20.31,27.82,27,27,0,477.0,17.67,1.44,8.18,3.81,21.59,0.15,0.84,0.96,5.45,3.07,0.15,0.84,0.41,2.31,0.89,5.03,2.15,1.63,3.0,9.59,2.48,15.89,0.19,1.05
1194,Jupiler Pro League (BE),60103,Hyun-Seok Hong,Hong Hyun-Seok,1999-06-16,51.17,13.23,15.03,19,18,1,808.0,44.89,0.89,1.98,4.89,10.89,0.33,0.74,1.94,4.33,7.72,2.89,6.43,0.0,0.0,0.33,0.74,16.94,12.28,12.11,8.17,1.0,2.98,3.5,7.8
1194,Jupiler Pro League (BE),60697,Hugo Vetlesen,H. Vetlesen,2000-02-29,56.18,15.65,14.32,25,24,1,681.0,28.38,0.42,1.47,3.5,12.34,0.25,0.88,1.04,3.67,3.75,2.04,7.2,0.08,0.29,0.62,2.2,9.83,4.83,9.42,6.25,0.75,4.23,2.54,8.96
1194,Jupiler Pro League (BE),60859,Mathias Delorge-Knieper,M. Delorge,2004-07-31,75.22,22.14,22.05,20,18,2,562.0,31.22,1.11,3.56,4.78,15.3,0.11,0.36,0.72,2.31,4.44,2.0,6.41,0.17,0.53,0.28,0.89,9.94,3.94,9.89,9.44,1.28,3.95,2.0,6.41
1194,Jupiler Pro League (BE),61056,Félix  Lemaréchal,F. Lemaréchal,2003-08-07,36.81,12.34,8.61,2,2,0,38.0,19.0,0.0,0.0,5.0,26.31,0.0,0.0,0.5,2.63,3.0,0.5,2.63,0.0,0.0,1.0,5.26,5.0,3.5,6.0,4.5,1.0,6.8,2.5,13.16
1194,Jupiler Pro League (BE),61073,Vic Chambaere,V. Chambaere,2003-01-10,92.77,26.33,21.64,9,9,0,0.0,0.0,0.0,,0.0,,0.0,,0.0,,0.0,0.0,,0.0,,0.0,,0.0,0.0,0.0,0.0,0.0,,0.0,
1194,Jupiler Pro League (BE),61125,Jusef Erabi,J. Erabi,2003-06-08,36.41,13.6,7.35,15,14,1,199.0,14.21,0.14,1.01,2.0,14.07,0.07,0.5,0.5,3.52,4.64,0.64,4.53,0.0,0.0,0.0,0.0,7.0,2.64,3.86,0.86,0.07,1.67,1.36,9.55
1194,Jupiler Pro League (BE),61421,Ross Sykes,R. Sykes,1999-03-26,90.2,25.05,22.31,32,32,0,481.0,15.03,0.62,4.16,3.44,22.87,0.34,2.29,0.62,4.16,2.03,0.53,3.53,0.41,2.7,0.53,3.53,3.28,1.25,3.31,6.72,1.47,10.83,0.34,2.29
1194,Jupiler Pro League (BE),61694,Adem Zorgane,A. Zorgane,2000-01-06,87.65,24.34,21.49,37,37,0,1657.0,44.78,1.57,3.5,6.97,15.57,0.3,0.66,1.43,3.2,4.3,2.35,5.25,0.08,0.18,0.46,1.03,14.65,7.78,13.43,10.27,1.51,3.92,2.89,6.46
1194,Jupiler Pro League (BE),61738,Luc Marijnissen,L. Marijnissen,2003-01-09,95.0,24.02,26.27,37,37,0,894.0,24.16,1.03,4.25,4.49,18.57,0.19,0.78,1.05,4.36,3.19,0.92,3.8,0.78,3.24,0.73,3.02,3.92,2.73,6.35,11.3,2.19,10.24,0.68,2.8
1194,Jupiler Pro League (BE),61749,Jo Coppens,J. Coppens,1990-12-21,3.68,0.77,0.42,1,1,0,0.0,0.0,0.0,,0.0,,0.0,,0.0,,0.0,0.0,,0.0,,0.0,,0.0,0.0,0.0,0.0,0.0,,0.0,
1194,Jupiler Pro League (BE),61889,Nilson David Angulo Ramírez,N. Angulo,2003-06-19,93.52,26.24,22.06,22,22,0,859.0,39.05,1.55,3.96,6.59,16.88,0.45,1.16,1.27,3.26,8.14,2.91,7.45,0.27,0.7,0.45,1.16,10.64,6.41,12.23,7.0,1.23,4.78,3.23,8.27
1194,Jupiler Pro League (BE),62093,Rafiki Saïd Ahamada,R. Saïd,2000-03-15,80.67,19.47,23.47,37,37,0,1565.0,42.3,1.11,2.62,4.43,10.48,0.27,0.64,1.24,2.94,8.11,3.16,7.48,0.11,0.26,0.43,1.02,16.59,7.11,15.43,6.92,0.78,2.64,4.7,11.12
1194,Jupiler Pro League (BE),62112,Bryang Kayo,B. Kayo,2002-07-27,23.78,6.28,6.69,5,5,0,83.0,16.6,0.2,1.2,1.8,10.84,0.4,2.41,0.4,2.41,3.8,1.0,6.02,0.0,0.0,0.2,1.2,4.2,2.4,5.0,6.4,1.2,11.25,1.6,9.64
1194,Jupiler Pro League (BE),62319,Isaac Babadi,I. Babadi,2005-04-06,32.94,9.47,7.98,17,16,1,303.0,18.94,0.44,2.31,2.81,14.85,0.06,0.33,0.5,2.64,2.56,1.25,6.6,0.06,0.33,0.62,3.3,5.25,3.75,4.56,4.25,0.62,5.48,0.94,4.95
1194,Jupiler Pro League (BE),63322,Casper Terho,C. Terho,2003-06-24,51.13,11.58,14.25,11,11,0,390.0,35.45,0.73,2.05,3.55,10.0,0.0,0.0,1.18,3.33,4.91,2.55,7.18,0.09,0.26,0.55,1.54,14.09,6.82,10.09,4.82,0.55,1.75,3.91,11.02
1194,Jupiler Pro League (BE),63341,Abdelkahar Kadri,A. Kadri,2000-06-24,70.81,18.63,20.63,33,31,2,1503.0,48.48,1.48,3.06,5.94,12.24,0.32,0.67,1.61,3.33,5.1,3.65,7.52,0.13,0.27,0.71,1.46,14.58,8.87,14.26,11.81,1.58,3.61,5.19,10.71
1194,Jupiler Pro League (BE),64482,Kevin Daniel Guitoun Van Den Kerkhof,K. Van Den Kerkhof,1996-03-14,75.82,20.13,21.23,30,30,0,1074.0,35.8,1.37,3.82,4.5,12.57,0.1,0.28,1.67,4.66,5.13,3.7,10.34,0.27,0.74,1.0,2.79,11.8,6.53,10.43,9.6,1.47,5.82,2.87,8.01
1194,Jupiler Pro League (BE),64804,Arbnor Muja,A. Muja,1998-11-29,76.29,23.84,19.73,26,26,0,1152.0,44.31,1.19,2.69,5.54,12.5,0.31,0.7,1.65,3.73,6.96,4.27,9.64,0.0,0.0,0.73,1.65,17.69,8.12,16.15,6.08,0.65,1.56,4.69,10.59
1194,Jupiler Pro League (BE),68592,Redouane Halhal,R. Halhal,2003-03-05,95.66,24.95,24.4,33,32,1,542.0,16.94,0.78,4.61,3.75,22.14,0.12,0.74,0.94,5.53,2.62,0.19,1.11,0.62,3.69,0.41,2.4,1.75,1.53,3.03,10.84,2.34,14.79,0.09,0.55
1194,Jupiler Pro League (BE),68926,Noah  Adedeji-Sternberg,N. Adedeji-Sternberg,2005-06-19,46.31,15.36,10.73,25,24,1,523.0,21.79,0.5,2.29,3.71,17.02,0.08,0.38,0.96,4.4,4.38,1.29,5.93,0.08,0.38,0.29,1.34,6.96,4.33,6.67,3.62,0.33,2.8,1.5,6.88
1194,Jupiler Pro League (BE),69837,Ignacio Miras Blanco,Nacho Miras,1997-07-19,98.42,25.16,25.63,33,32,1,0.0,0.0,0.0,,0.0,,0.0,,0.0,,0.0,0.0,,0.0,,0.0,,0.0,0.0,0.0,0.0,0.0,,0.0,
1194,Jupiler Pro League (BE),69934,Jan-Carlo Simić,J. Simić,2005-05-02,94.62,27.8,19.46,2,2,0,22.0,11.0,0.5,4.54,3.0,27.27,0.0,0.0,0.0,0.0,2.5,0.5,4.54,0.0,0.0,0.5,4.55,1.5,1.0,0.5,7.0,1.5,15.0,0.0,0.0
1194,Jupiler Pro League (BE),70296,Eliot Bujupi,E. Bujupi,2006-07-03,6.91,2.28,1.57,5,5,0,15.0,3.0,0.0,0.0,0.6,20.0,0.0,0.0,0.0,0.0,0.6,0.2,6.67,0.0,0.0,0.0,0.0,1.4,0.4,1.0,0.2,0.0,0.0,0.4,13.33
1194,Jupiler Pro League (BE),70373,Heriberto De Jesús Jurado Flores,H. Jurado,2005-01-03,25.81,6.39,5.88,8,8,0,99.0,12.38,0.5,4.04,1.25,10.1,0.0,0.0,0.38,3.03,2.25,1.75,14.14,0.0,0.0,0.0,0.0,5.0,2.25,4.12,1.62,0.12,1.25,1.25,10.1
1194,Jupiler Pro League (BE),70426,Fabio Ferraro,F. Ferraro,2002-09-03,94.2,23.8,26.47,29,29,0,1349.0,46.52,1.55,3.34,7.38,15.86,0.59,1.26,2.45,5.26,4.97,4.17,8.97,0.69,1.48,1.14,2.45,9.79,6.55,17.1,13.28,1.93,4.55,2.93,6.3
1194,Jupiler Pro League (BE),70452,Lukas Willen,L. Willen,2003-04-25,78.81,19.25,23.59,20,19,1,346.0,18.21,1.05,5.78,3.11,17.05,0.32,1.73,0.84,4.62,2.37,0.74,4.05,0.42,2.31,0.47,2.6,3.89,2.58,5.05,7.47,1.58,9.29,0.47,2.6
1194,Jupiler Pro League (BE),70480,Ilias Sebaoui,I. Sebaoui,2001-10-04,86.64,26.05,22.66,40,38,2,1814.0,47.74,1.24,2.59,6.68,14.0,0.47,0.99,2.13,4.46,8.71,3.47,7.28,0.26,0.55,0.39,0.83,17.0,10.21,15.82,8.92,1.29,2.78,3.97,8.33
1194,Jupiler Pro League (BE),70612,Adedire Emmanuel Awokoya-Mebude,A. Mebude,2004-05-28,36.21,10.18,9.0,12,12,0,203.0,16.92,0.67,3.94,2.67,15.76,0.17,0.99,0.67,3.94,3.58,0.83,4.93,0.08,0.49,0.08,0.49,5.33,2.5,5.0,2.92,0.08,0.68,1.33,7.88
1194,Jupiler Pro League (BE),70640,Guilherme Henriques da Silva Carvalho,Guilherme Smith,2003-06-11,75.58,19.92,19.49,22,22,0,742.0,33.73,1.18,3.5,4.45,13.21,0.14,0.4,1.73,5.12,5.73,2.55,7.55,0.27,0.81,0.82,2.43,10.41,4.45,13.18,7.5,1.14,4.25,3.55,10.51
1194,Jupiler Pro League (BE),71447,Myron van Brederode,M. van Brederode,2003-07-06,90.85,23.57,23.72,34,33,1,1627.0,49.3,0.85,1.72,6.0,12.17,0.39,0.8,1.76,3.56,5.73,4.82,9.77,0.15,0.31,0.36,0.74,17.36,8.67,13.97,7.85,0.55,1.29,5.33,10.82
1194,Jupiler Pro League (BE),72013,Vetle Winger Dragsnes,V. Dragsnes,1994-02-06,54.95,15.34,14.76,2,2,0,24.0,12.0,0.0,0.0,2.5,20.83,1.0,8.33,1.0,8.33,1.0,1.0,8.33,0.0,0.0,0.5,4.17,4.0,0.5,6.5,4.5,0.5,2.78,0.5,4.17
1194,Jupiler Pro League (BE),73353,Anosike Victor Ementa,A. Ementa,2002-05-03,89.37,24.05,25.13,32,31,1,1308.0,42.19,0.48,1.15,4.65,11.01,0.1,0.23,1.77,4.2,5.52,2.48,5.89,0.0,0.0,0.03,0.08,21.81,4.42,13.35,2.52,0.23,2.02,3.68,8.72
1194,Jupiler Pro League (BE),73355,Romeo Vermant,R. Vermant,2004-01-24,43.89,13.6,9.71,35,34,1,753.0,22.15,0.26,1.19,3.47,15.67,0.03,0.13,0.82,3.72,5.38,1.47,6.64,0.0,0.0,0.06,0.27,9.97,3.74,5.53,1.91,0.15,2.12,1.71,7.7
1194,Jupiler Pro League (BE),73357,Ibe Hautekiet,I. Hautekiet,2002-04-13,90.73,20.57,27.39,36,36,0,715.0,19.86,0.86,4.34,3.81,19.16,0.33,1.68,1.06,5.32,2.64,0.72,3.64,1.11,5.59,0.61,3.08,3.5,1.94,4.67,11.11,2.28,12.33,0.5,2.52
1194,Jupiler Pro League (BE),73359,Kyriani Sabbe,K. Sabbe,2005-01-26,67.73,22.84,15.38,27,26,1,677.0,26.04,1.08,4.14,4.19,16.1,0.27,1.03,1.27,4.88,3.58,1.88,7.24,0.23,0.89,1.0,3.84,6.46,4.42,7.12,8.5,1.42,6.82,1.12,4.28
1194,Jupiler Pro League (BE),73360,Lynnt Audoor,L. Audoor,2003-10-13,32.21,10.97,8.07,7,7,0,91.0,13.0,1.14,8.79,2.14,16.48,0.0,0.0,0.29,2.2,1.86,0.86,6.59,0.14,1.1,0.57,4.4,3.0,2.0,2.71,3.29,0.71,9.36,0.29,2.2
1194,Jupiler Pro League (BE),73361,Jorne Spileers,J. Spileers,2005-01-21,60.75,20.49,13.28,23,22,1,265.0,12.05,0.82,6.79,1.68,13.96,0.14,1.13,0.36,3.02,2.0,0.59,4.91,0.41,3.4,0.45,3.77,2.45,1.05,2.91,5.55,0.68,6.45,0.36,3.02
1194,Jupiler Pro League (BE),73362,Keano Vanrafelghem,K. Vanrafelghem,2003-08-02,39.03,10.18,9.46,16,15,1,270.0,18.0,0.53,2.96,2.93,16.3,0.2,1.11,0.8,4.44,2.0,1.0,5.55,0.0,0.0,0.07,0.37,6.2,2.27,6.33,2.13,0.27,3.66,1.67,9.26
1194,Jupiler Pro League (BE),74616,Oumar Diakité,O. Diakité,2003-12-20,62.43,16.27,15.03,25,25,0,648.0,25.92,0.2,0.77,3.64,14.04,0.12,0.46,1.16,4.47,5.36,1.0,3.86,0.0,0.0,0.08,0.31,11.48,2.52,9.64,1.32,0.0,0.0,1.84,7.1
1194,Jupiler Pro League (BE),76091,Lucas Mbamba-Muanda,L. Mbamba-Muanda,2006-08-12,60.11,16.01,16.19,14,14,0,284.0,20.29,1.0,4.93,3.79,18.66,0.71,3.52,1.14,5.63,3.5,0.14,0.7,0.64,3.17,0.93,4.58,3.57,2.79,4.14,10.07,1.86,9.31,0.5,2.47
1194,Jupiler Pro League (BE),80638,Dikeni-Rafid Salifou,D. Salifou,2003-06-08,60.29,16.15,16.65,18,18,0,591.0,32.83,1.22,3.72,5.0,15.23,0.22,0.68,1.33,4.06,3.44,1.94,5.92,0.11,0.34,0.44,1.35,7.78,6.67,7.33,9.94,1.33,4.73,3.06,9.31
1194,Jupiler Pro League (BE),81373,Dirk Junior Asare,D. Asare,2004-07-04,87.9,23.91,23.93,11,10,1,363.0,36.3,1.5,4.13,6.0,16.53,0.2,0.55,1.0,2.76,3.3,1.7,4.68,0.3,0.83,0.3,0.83,13.2,5.0,10.1,8.9,1.7,4.75,2.8,7.71
1194,Jupiler Pro League (BE),84267,Yllan Okou,Y. Okou,2002-12-23,91.42,20.6,26.19,33,33,0,433.0,13.12,0.67,5.08,3.15,24.02,0.36,2.77,0.45,3.46,2.73,0.18,1.39,1.06,8.08,0.48,3.7,2.09,1.06,1.91,7.58,1.82,15.1,0.27,2.08
1194,Jupiler Pro League (BE),84589,Nikola Stulic,N. Stulic,2001-09-08,77.74,18.49,19.54,3,3,0,102.0,34.0,0.33,0.98,6.33,18.63,0.0,0.0,1.67,4.9,8.67,2.0,5.88,0.0,0.0,0.0,0.0,19.33,3.0,12.0,0.33,0.0,0.0,2.33,6.86
1194,Jupiler Pro League (BE),92776,Ibrahim Diakité,I. Diakité,2003-10-31,50.5,11.79,12.51,19,19,0,309.0,16.26,0.63,3.88,3.47,21.36,0.32,1.94,0.95,5.82,1.74,0.68,4.21,0.21,1.29,0.53,3.24,3.68,1.79,4.32,5.21,0.95,7.35,0.63,3.88
1194,Jupiler Pro League (BE),94964,Mehdi Boukamir,M. Boukamir,2004-01-26,25.16,5.59,7.28,16,16,0,80.0,5.0,0.06,1.25,1.31,26.25,0.06,1.25,0.12,2.5,0.31,0.12,2.5,0.06,1.25,0.31,6.25,0.25,0.38,1.5,3.44,0.56,12.95,0.0,0.0
1194,Jupiler Pro League (BE),95609,Oucasse Mendy,O. Mendy,2001-06-01,59.18,12.32,18.77,17,17,0,635.0,37.35,0.65,1.73,3.82,10.24,0.29,0.79,1.18,3.15,8.71,2.06,5.51,0.0,0.0,0.12,0.31,17.29,6.41,11.94,2.71,0.18,1.06,5.0,13.39
1194,Jupiler Pro League (BE),101724,Marlon Fossey,M. Fossey,1998-09-09,80.37,17.98,24.25,20,20,0,487.0,24.35,0.9,3.7,4.3,17.66,0.1,0.41,1.3,5.34,2.8,1.5,6.16,0.45,1.85,1.05,4.31,4.15,2.7,8.25,9.55,1.1,4.98,2.0,8.21
1194,Jupiler Pro League (BE),108081,Nayel Mehssatou Sepúlveda,N. Mehssatou,2002-04-11,41.63,9.98,12.22,29,29,0,778.0,26.83,0.31,1.16,4.14,15.42,0.21,0.77,0.69,2.57,2.41,2.07,7.71,0.21,0.77,0.34,1.29,7.86,5.03,9.03,7.34,1.0,4.44,2.97,11.05
1194,Jupiler Pro League (BE),109881,Lewin Blum,L. Blum,2001-07-27,62.29,16.67,16.41,32,32,0,635.0,19.84,0.84,4.25,3.34,16.85,0.19,0.95,1.03,5.2,2.25,1.12,5.67,0.31,1.57,0.66,3.31,5.0,2.16,6.41,6.38,1.22,7.54,0.84,4.25
1194,Jupiler Pro League (BE),112605,Nicolò Tresoldi,N. Tresoldi,2004-08-20,66.53,21.71,15.77,40,39,1,1406.0,36.05,0.49,1.35,5.72,15.86,0.13,0.36,1.74,4.84,9.23,1.95,5.4,0.05,0.14,0.1,0.28,18.56,6.82,10.03,3.21,0.41,1.62,2.97,8.25
1194,Jupiler Pro League (BE),115086,Jhon Andersson Banguera Riascos,J. Banguera,2004-04-03,88.56,20.52,24.25,2,2,0,25.0,12.5,0.0,0.0,2.0,16.0,0.5,4.0,0.0,0.0,2.5,0.0,0.0,0.5,4.0,0.5,4.0,1.5,1.0,1.0,8.0,1.5,13.05,0.5,4.0
1194,Jupiler Pro League (BE),116555,Christiaan Ravych,C. Ravych,2002-07-30,92.17,20.75,24.58,27,27,0,438.0,16.22,0.63,3.88,3.93,24.2,0.3,1.83,0.93,5.71,2.96,0.26,1.6,0.7,4.34,0.7,4.34,2.85,1.81,2.89,8.78,2.11,13.82,0.26,1.6
1194,Jupiler Pro League (BE),123701,Anthony Lenin Valencia Bajaña,A. Valencia,2003-07-21,66.17,18.68,15.87,23,22,1,762.0,34.64,1.59,4.59,4.55,13.12,0.23,0.66,1.27,3.67,6.64,1.86,5.38,0.09,0.26,0.55,1.58,9.09,7.14,10.68,9.09,1.5,5.38,3.0,8.66
1194,Jupiler Pro League (BE),123702,Joel Leandro Ordóñez Guerrero,J. Ordóñez,2004-04-21,90.72,28.2,21.67,33,32,1,556.0,17.38,0.78,4.5,3.78,21.76,0.28,1.62,0.62,3.6,2.41,0.69,3.96,0.75,4.32,0.69,3.96,4.34,1.88,4.91,8.06,1.78,11.48,0.41,2.34
1194,Jupiler Pro League (BE),125508,Rein Van Helden,R. Van Helden,2002-07-24,80.12,23.2,21.11,29,29,0,624.0,21.52,0.86,4.01,3.69,17.15,0.07,0.32,1.03,4.81,2.72,0.69,3.21,0.55,2.56,0.9,4.17,5.14,2.48,5.17,9.52,1.79,9.58,0.83,3.85
1194,Jupiler Pro League (BE),126121,Mateo Biondić,M. Biondić,2003-07-24,55.54,16.13,13.85,15,15,0,499.0,33.27,0.4,1.2,3.67,11.02,0.13,0.4,0.67,2.0,6.6,2.47,7.42,0.0,0.0,0.07,0.2,17.07,6.07,11.6,2.0,0.0,0.0,2.47,7.42
1194,Jupiler Pro League (BE),127870,Mihajlo Ilić,M. Ilić,2003-06-04,85.73,23.22,21.79,10,10,0,140.0,14.0,0.4,2.86,2.7,19.29,0.3,2.14,1.0,7.14,2.1,0.6,4.29,0.6,4.29,0.4,2.86,1.7,1.3,2.0,8.8,2.2,16.02,0.0,0.0
1194,Jupiler Pro League (BE),151020,Takahiro Akimoto,T. Akimoto,1998-01-31,96.24,23.22,25.6,30,29,1,987.0,34.03,1.38,4.05,5.97,17.53,0.55,1.62,1.31,3.85,5.59,1.97,5.78,0.66,1.92,0.41,1.22,7.45,6.28,10.55,11.28,2.93,10.51,1.86,5.47
1194,Jupiler Pro League (BE),151024,Atsuki Ito,A. Ito,1998-08-11,79.7,21.44,22.62,30,28,2,1043.0,37.25,1.32,3.55,5.82,15.63,0.18,0.48,1.11,2.97,5.36,2.61,7.0,0.25,0.67,0.39,1.05,11.96,5.93,10.43,11.43,1.57,4.84,3.75,10.07
1194,Jupiler Pro League (BE),151337,Bas Langenbick,B. Langenbick,2003-02-13,95.16,25.58,21.6,1,1,0,0.0,0.0,0.0,,0.0,,0.0,,0.0,,0.0,0.0,,0.0,,0.0,,0.0,0.0,0.0,0.0,0.0,,0.0,
1194,Jupiler Pro League (BE),151550,Mukhammadali O'rinboyev,M. O'rinboyev,2005-04-24,31.75,10.36,4.74,5,5,0,66.0,13.2,1.0,7.57,2.2,16.67,0.4,3.03,0.2,1.51,2.8,0.8,6.06,0.0,0.0,0.2,1.52,2.6,2.4,4.2,2.4,0.8,18.21,1.0,7.58
1194,Jupiler Pro League (BE),157294,Ryan Graham Pun Teague,R. Teague,2002-01-24,17.71,3.58,4.32,5,5,0,27.0,5.4,0.0,0.0,1.2,22.22,0.2,3.7,0.6,11.11,0.4,0.2,3.7,0.2,3.7,0.2,3.7,0.6,0.8,1.6,2.4,0.4,8.93,0.6,11.11
1194,Jupiler Pro League (BE),160758,Momodou Lamin Sonko,M. Sonko,2005-01-31,34.97,9.83,9.33,28,26,2,520.0,20.0,0.58,2.88,2.73,13.65,0.12,0.58,1.0,5.0,2.96,1.88,9.42,0.12,0.58,0.27,1.35,5.46,4.04,6.88,3.77,0.46,2.76,2.31,11.54
1194,Jupiler Pro League (BE),163031,Andrés Martín Ferrari Malviera,A. Ferrari,2003-01-03,49.29,13.42,12.36,20,20,0,511.0,25.55,0.65,2.55,3.4,13.31,0.0,0.0,0.95,3.72,6.0,1.75,6.85,0.05,0.2,0.05,0.2,10.4,4.25,9.6,2.65,0.15,0.49,2.5,9.78
1194,Jupiler Pro League (BE),163342,Yacine Titraoui,Y. Titraoui,2003-07-26,91.09,23.71,24.52,35,35,0,1485.0,42.43,2.03,4.78,6.71,15.82,0.17,0.4,1.34,3.17,6.69,1.94,4.58,0.29,0.67,0.94,2.22,10.46,6.94,11.03,15.43,2.17,5.66,2.89,6.8
1194,Jupiler Pro League (BE),163721,Andri Lucas Gudjohnsen,A. Gudjohnsen,2002-01-29,8.3,2.4,1.4,2,2,0,7.0,3.5,0.0,0.0,0.0,0.0,0.0,0.0,0.5,14.29,0.5,0.0,0.0,0.0,0.0,0.0,0.0,0.5,0.0,0.0,0.0,0.0,,0.0,0.0
1194,Jupiler Pro League (BE),166771,Jason van Duiven,J. van Duiven,2005-02-24,65.48,16.1,20.0,2,2,0,71.0,35.5,1.0,2.81,4.0,11.27,0.0,0.0,1.0,2.82,5.5,1.5,4.23,0.0,0.0,0.0,0.0,7.5,7.5,11.0,6.5,1.0,2.72,3.0,8.45
1194,Jupiler Pro League (BE),166798,Rosen Bozhinov,R. Bozhinov,2005-01-23,88.66,22.2,24.43,16,16,0,287.0,17.94,0.88,4.88,3.75,20.91,0.12,0.7,0.88,4.88,3.12,0.69,3.83,0.88,4.88,0.75,4.18,2.81,1.94,4.0,10.31,1.88,11.88,0.44,2.44
1194,Jupiler Pro League (BE),167038,Adnane Abid,A. Abid,2003-08-23,67.93,16.43,19.16,34,34,0,1239.0,36.44,1.03,2.82,4.09,11.22,0.26,0.73,1.21,3.31,5.18,3.29,9.04,0.09,0.24,0.38,1.05,12.18,6.0,12.09,7.06,0.79,2.97,3.5,9.6
1194,Jupiler Pro League (BE),167040,Kamiel Van De Perre,K. Van De Perre,2004-02-12,80.12,21.31,20.26,30,30,0,1153.0,38.43,1.97,5.12,6.33,16.48,0.23,0.61,1.17,3.04,5.2,2.1,5.46,0.17,0.43,0.67,1.73,10.87,6.1,10.6,10.97,2.4,7.56,2.37,6.16
1194,Jupiler Pro League (BE),167046,Raf Smekens,R. Smekens,2004-01-29,50.9,16.54,8.36,1,1,0,14.0,14.0,1.0,7.14,6.0,42.86,0.0,0.0,0.0,0.0,4.0,0.0,0.0,0.0,0.0,1.0,7.14,1.0,3.0,3.0,5.0,1.0,7.14,1.0,7.14
1194,Jupiler Pro League (BE),167144,Martin Delavallée,M. Delavallée,2004-03-18,99.88,26.0,26.54,21,21,0,0.0,0.0,0.0,,0.0,,0.0,,0.0,,0.0,0.0,,0.0,,0.0,,0.0,0.0,0.0,0.0,0.0,,0.0,
1194,Jupiler Pro League (BE),167149,Kyan Vaesen,K. Vaesen,2001-04-13,32.66,8.08,8.57,31,30,1,549.0,18.3,0.3,1.64,2.43,13.3,0.03,0.18,0.57,3.1,3.4,1.33,7.29,0.0,0.0,0.1,0.55,8.13,3.37,5.63,2.37,0.13,0.98,1.27,6.92
1194,Jupiler Pro League (BE),167152,Fernand Gouré Bi Irié,Fernand Goure,2002-04-12,19.0,3.96,5.35,13,12,1,126.0,10.5,0.08,0.79,1.42,13.49,0.08,0.79,0.58,5.56,2.17,0.75,7.14,0.0,0.0,0.0,0.0,4.42,1.58,3.83,1.33,0.17,4.2,1.0,9.52
1194,Jupiler Pro League (BE),167164,Liongola Jordi,L. Jordi,2000-05-17,92.32,20.56,26.92,31,31,0,1141.0,36.81,1.1,2.98,5.61,15.25,0.55,1.49,2.32,6.31,5.61,2.35,6.4,0.39,1.05,0.74,2.01,9.94,4.29,11.81,10.1,1.23,3.84,2.19,5.96
1194,Jupiler Pro League (BE),167175,Rafik Belghali,R. Belghali,2002-06-07,89.68,22.25,29.05,3,3,0,79.0,26.33,1.0,3.8,3.67,13.93,0.0,0.0,0.67,2.53,3.0,1.33,5.06,1.33,5.06,1.33,5.06,2.33,3.67,7.67,13.0,2.0,9.53,1.33,5.07
1194,Jupiler Pro League (BE),167195,Zakaria El Ouahdi,Z. El Ouahdi,2001-12-31,96.29,30.14,23.97,34,33,1,1108.0,33.58,1.3,3.88,5.15,15.34,0.48,1.44,1.64,4.87,5.24,2.52,7.49,0.55,1.62,1.15,3.43,10.58,4.67,11.36,10.06,1.42,4.96,2.39,7.13
1194,Jupiler Pro League (BE),170728,Serxho Ujka,S. Ujka,1998-08-27,46.82,11.15,12.74,15,15,0,438.0,29.2,0.8,2.74,4.53,15.52,0.2,0.68,1.07,3.65,4.07,1.87,6.39,0.0,0.0,0.13,0.46,6.73,6.13,9.67,6.73,0.8,3.55,4.27,14.61
1194,Jupiler Pro League (BE),174310,Nikolas Sattlberger,N. Sattlberger,2004-01-18,48.82,15.64,12.0,25,25,0,479.0,19.16,0.52,2.71,3.68,19.21,0.04,0.21,0.52,2.71,2.64,0.8,4.18,0.28,1.46,0.28,1.46,4.44,2.8,5.12,6.4,0.84,5.41,1.12,5.85
1194,Jupiler Pro League (BE),174343,Niels Devalckeneer,N. Devalckeneer,2004-05-17,96.13,25.15,27.44,1,1,0,0.0,0.0,0.0,,0.0,,0.0,,0.0,,0.0,0.0,,0.0,,0.0,,0.0,0.0,0.0,0.0,0.0,,0.0,
1194,Jupiler Pro League (BE),174380,Besfort Zeneli,B. Zeneli,2002-11-21,55.6,15.99,14.21,15,15,0,608.0,40.53,0.8,1.97,5.47,13.49,0.27,0.66,1.33,3.29,6.53,2.4,5.92,0.07,0.16,0.13,0.33,15.53,9.93,10.33,5.27,0.8,2.57,3.93,9.7
1194,Jupiler Pro League (BE),174790,Mohamed Salah El Boukammiri,M. El Boukammiri,2004-05-27,34.38,6.3,8.18,2,2,0,22.0,11.0,0.0,0.0,2.0,18.18,0.0,0.0,0.0,0.0,3.5,1.0,9.09,0.0,0.0,0.5,4.55,4.0,1.0,3.0,1.0,0.0,0.0,0.0,0.0
1194,Jupiler Pro League (BE),174792,Massimo Decoene,M. Decoene,2004-02-11,36.23,7.8,10.16,8,8,0,85.0,10.62,0.12,1.18,1.75,16.47,0.12,1.18,0.62,5.88,1.25,0.25,2.35,0.0,0.0,0.5,4.71,2.0,1.12,3.38,4.0,0.5,6.29,0.5,4.71
1194,Jupiler Pro League (BE),174793,Nachon Nsingi,N. Nsingi,2001-04-24,24.64,5.86,5.42,16,16,0,186.0,11.62,0.19,1.61,2.06,17.74,0.12,1.08,0.44,3.76,2.88,0.38,3.23,0.06,0.54,0.0,0.0,4.81,1.69,3.38,0.88,0.06,4.76,0.94,8.06
1194,Jupiler Pro League (BE),175257,Jérémy Pétris,J. Pétris,1998-01-28,83.44,21.34,20.47,5,5,0,95.0,19.0,0.6,3.16,3.6,18.95,0.0,0.0,1.6,8.42,2.6,0.8,4.21,0.0,0.0,0.2,1.05,5.0,2.6,4.6,5.4,0.4,2.85,1.0,5.26
1194,Jupiler Pro League (BE),176456,Matte Smets,M. Smets,2004-01-04,99.22,31.67,24.19,39,38,1,627.0,16.5,0.79,4.78,3.79,22.97,0.26,1.59,0.84,5.1,2.39,0.32,1.91,0.58,3.51,0.58,3.51,3.0,1.5,3.53,8.05,1.45,9.91,0.24,1.44
1194,Jupiler Pro League (BE),176739,Yaimar Abel Medina Ortiz,Y. Medina,2004-11-05,62.94,20.39,15.66,27,26,1,504.0,19.38,0.69,3.57,3.27,16.87,0.23,1.19,1.04,5.36,3.12,1.27,6.55,0.19,0.99,0.5,2.58,4.69,2.38,5.85,6.12,0.85,4.94,1.15,5.95
1194,Jupiler Pro League (BE),178743,Adrián José Palacios Hernández,A. Palacios,2004-06-07,31.51,10.44,7.54,11,11,0,94.0,8.55,0.55,6.38,2.18,25.53,0.0,0.0,0.18,2.13,1.55,0.27,3.19,0.64,7.45,0.27,3.19,1.27,1.0,1.64,3.27,0.64,8.18,0.18,2.13
1194,Jupiler Pro League (BE),178840,Mohammed Gadaf Fuseini,M. Fuseini,2002-05-16,33.12,9.24,7.22,21,21,0,298.0,14.19,0.14,1.01,2.0,14.09,0.05,0.34,0.86,6.04,3.05,0.71,5.03,0.05,0.34,0.0,0.0,5.71,1.71,5.52,0.81,0.05,0.18,1.29,9.06
1194,Jupiler Pro League (BE),179276,Etienne Camara,E. Camara,2003-03-30,85.89,22.52,23.59,38,38,0,1710.0,45.0,1.95,4.33,8.05,17.89,0.26,0.58,1.55,3.45,6.42,2.71,6.02,0.39,0.88,0.76,1.7,11.71,7.92,10.87,14.21,2.47,6.24,3.47,7.72
1194,Jupiler Pro League (BE),179508,Steve Ngoura,S. Ngoura,2005-02-22,65.76,15.54,17.07,34,34,0,913.0,26.85,0.26,0.99,3.79,14.13,0.12,0.44,1.5,5.59,5.79,1.5,5.59,0.03,0.11,0.09,0.33,12.41,3.5,8.76,2.06,0.24,2.46,2.41,8.98
1194,Jupiler Pro League (BE),180411,Yasin Özcan,Y. Özcan,2006-04-20,38.31,8.6,9.9,4,4,0,30.0,7.5,0.0,0.0,1.0,13.33,0.25,3.34,0.5,6.67,2.0,0.0,0.0,0.25,3.34,0.5,6.67,1.25,0.5,1.5,3.75,0.5,5.93,0.0,0.0
1194,Jupiler Pro League (BE),180745,Tochukwu Nnadi,T. Nnadi,2003-06-30,85.97,22.89,24.97,18,18,0,594.0,33.0,1.44,4.38,4.17,12.63,0.28,0.84,1.11,3.37,4.72,1.17,3.54,0.22,0.67,0.72,2.19,8.0,6.5,7.56,12.67,2.39,7.81,2.61,7.91
1194,Jupiler Pro League (BE),180863,Stavros Gavriel,S. Gavriel,2002-01-29,35.1,9.67,9.76,22,21,1,457.0,21.76,0.38,1.75,2.71,12.47,0.14,0.66,1.0,4.6,2.67,1.29,5.91,0.14,0.66,0.14,0.66,8.86,4.14,7.0,3.1,0.29,1.54,2.0,9.19
1194,Jupiler Pro League (BE),181063,Jakob Napoleon Romsaas,J. Romsaas,2004-05-16,53.27,14.69,13.43,37,37,0,1013.0,27.38,0.7,2.57,4.43,16.19,0.11,0.39,1.11,4.05,3.38,2.05,7.5,0.11,0.4,0.08,0.3,9.35,3.76,7.14,5.03,0.57,2.68,3.03,11.05
1194,Jupiler Pro League (BE),182529,Parfait Guiagon,P. Guiagon,2001-02-22,83.38,22.17,21.74,33,33,0,1432.0,43.39,1.3,3.0,6.36,14.66,0.24,0.56,1.15,2.65,3.52,2.94,6.77,0.27,0.63,0.33,0.77,14.7,7.45,15.67,8.15,0.79,2.19,3.24,7.47
1194,Jupiler Pro League (BE),223843,Mauricio Leonel Benítez,M. Benítez,2004-02-03,62.87,16.22,16.82,27,27,0,992.0,36.74,1.26,3.43,4.04,10.99,0.44,1.21,1.15,3.13,3.22,2.26,6.15,0.3,0.81,0.85,2.32,8.33,7.85,9.19,13.56,2.07,6.08,3.07,8.37
1194,Jupiler Pro League (BE),254432,Seiji Kimura,S. Kimura,2001-08-24,96.23,25.17,26.12,20,20,0,367.0,18.35,0.7,3.81,3.55,19.35,0.45,2.45,1.15,6.27,3.95,0.05,0.27,1.45,7.9,0.45,2.45,1.95,1.75,3.15,11.3,2.1,12.85,0.65,3.54
1194,Jupiler Pro League (BE),254480,Taiga Hata,T. Hata,2002-01-20,83.48,24.83,21.52,32,31,1,832.0,26.84,0.97,3.61,5.61,20.91,0.32,1.2,1.16,4.33,4.52,1.71,6.37,0.39,1.44,0.77,2.88,6.61,3.35,9.19,8.16,1.42,6.8,1.71,6.37
1194,Jupiler Pro League (BE),254506,Isa Sakamoto,I. Sakamoto,2003-08-26,83.34,22.19,22.47,37,35,2,1924.0,54.97,0.89,1.61,7.2,13.1,0.23,0.42,2.06,3.74,8.77,3.74,6.81,0.06,0.1,0.43,0.78,24.71,9.31,16.6,7.63,0.54,1.54,6.26,11.38
1194,Jupiler Pro League (BE),291473,Rihito Yamamoto,R. Yamamoto,2001-12-12,95.25,28.37,23.95,38,36,2,1692.0,47.0,1.53,3.25,7.81,16.61,0.19,0.41,1.81,3.84,8.44,2.67,5.67,0.31,0.65,0.47,1.0,14.06,7.64,11.67,13.31,2.11,5.24,3.14,6.68
1194,Jupiler Pro League (BE),292858,Aleksandar Stanković,A. Stanković,2005-08-03,88.22,27.68,20.88,39,38,1,1259.0,33.13,1.16,3.49,5.32,16.04,0.24,0.71,1.26,3.81,3.5,2.05,6.19,0.34,1.03,0.61,1.83,9.11,5.11,8.45,9.76,1.11,3.83,2.21,6.67
1194,Jupiler Pro League (BE),301578,Josimar Angelo Alcócer McCook,J. Alcócer,2004-07-07,83.69,21.55,22.91,34,32,2,1300.0,40.62,1.22,3.0,5.47,13.46,0.38,0.92,1.81,4.46,8.09,2.84,7.0,0.62,1.54,0.47,1.15,13.19,7.38,13.81,9.81,1.38,4.8,3.56,8.77
1194,Jupiler Pro League (BE),311623,Lawrence Agyekum,L. Agyekum,2003-11-23,69.85,15.85,19.13,29,29,0,1254.0,43.24,1.38,3.19,7.72,17.86,0.55,1.28,1.93,4.47,6.41,3.14,7.26,0.24,0.56,0.62,1.44,13.86,7.79,10.93,9.41,0.69,2.17,3.76,8.69
1194,Jupiler Pro League (BE),324070,Jovan  Mijatović,J. Mijatović,2005-07-11,55.7,12.98,15.14,14,14,0,357.0,25.5,0.43,1.68,3.29,12.89,0.0,0.0,1.29,5.04,6.86,1.71,6.72,0.07,0.28,0.21,0.84,12.07,3.57,8.0,2.29,0.14,0.68,2.21,8.68
1194,Jupiler Pro League (BE),365771,Carlos Roberto Forbs Borges,Carlos Forbs,2004-03-19,81.12,26.45,19.0,37,36,1,1474.0,40.94,0.92,2.24,5.67,13.84,0.14,0.34,1.89,4.61,6.94,3.08,7.53,0.03,0.07,0.25,0.61,16.06,8.33,14.67,5.44,0.58,1.84,3.39,8.28
1194,Jupiler Pro League (BE),365801,Darío  Benavides Fuentes,Darío Benavides,2003-01-12,53.17,12.27,15.82,20,20,0,393.0,19.65,0.6,3.05,2.6,13.23,0.5,2.54,1.0,5.09,2.1,1.65,8.4,0.2,1.02,0.55,2.8,5.25,2.3,6.75,5.5,1.2,8.48,1.2,6.11
1194,Jupiler Pro League (BE),379646,Hyeon-Gyu Oh,Oh Hyeon-Gyu,2001-04-12,59.41,19.9,13.12,20,19,1,464.0,24.42,0.53,2.15,3.89,15.95,0.05,0.22,0.95,3.88,5.79,1.42,5.82,0.0,0.0,0.26,1.08,11.05,3.32,6.26,1.89,0.16,0.56,2.0,8.19
1194,Jupiler Pro League (BE),395554,Justin Heekeren,J. Heekeren,2000-11-27,97.71,26.11,25.11,2,2,0,0.0,0.0,0.0,,0.0,,0.0,,0.0,,0.0,0.0,,0.0,,0.0,,0.0,0.0,0.0,0.0,0.0,,0.0,
1194,Jupiler Pro League (BE),433078,Kevin José Rodríguez Cortéz,K. Rodríguez,2000-03-04,63.35,17.45,15.52,31,31,0,978.0,31.55,0.42,1.33,4.32,13.7,0.1,0.31,1.32,4.19,5.52,1.68,5.32,0.03,0.1,0.16,0.51,14.32,3.71,10.23,2.97,0.16,1.03,2.58,8.18
1194,Jupiler Pro League (BE),441642,Tristan Danique van den Heuvel,D. van den Heuvel,2003-05-28,86.03,25.47,21.31,10,10,0,0.0,0.0,0.0,,0.0,,0.0,,0.0,,0.0,0.0,,0.0,,0.0,,0.0,0.0,0.0,0.0,0.0,,0.0,
1194,Jupiler Pro League (BE),483331,Léandre Filipe Kuavita,L. Kuavita,2004-05-31,31.02,5.55,9.65,13,13,0,306.0,23.54,0.54,2.29,3.38,14.38,0.23,0.98,1.69,7.19,2.54,1.23,5.23,0.23,0.98,0.62,2.61,4.31,4.62,5.54,9.38,0.77,3.98,2.23,9.48
1194,Jupiler Pro League (BE),501968,Aimé Omgba,A. Omgba,2002-10-22,26.61,7.18,6.27,20,19,1,209.0,11.0,0.37,3.35,1.74,15.79,0.16,1.44,0.26,2.39,2.16,0.47,4.31,0.11,0.96,0.16,1.43,2.0,1.95,2.58,3.89,0.47,5.66,0.74,6.7
1194,Jupiler Pro League (BE),503424,Bill Antonio,B. Antonio,2002-09-03,41.32,10.31,9.96,33,32,1,534.0,16.69,0.41,2.43,2.28,13.67,0.16,0.94,0.66,3.93,2.25,1.03,6.18,0.12,0.75,0.31,1.87,3.94,2.81,6.41,2.84,0.19,2.44,1.19,7.12
1194,Jupiler Pro League (BE),503425,Bilal Bafdili,B. Bafdili,2004-08-03,50.59,12.61,13.96,19,19,0,520.0,27.37,0.63,2.31,3.11,11.35,0.16,0.58,1.11,4.04,2.89,1.84,6.73,0.11,0.38,0.32,1.15,7.53,4.37,8.16,4.58,0.37,1.81,2.58,9.42
1194,Jupiler Pro League (BE),507777,Tobias Hedl,T. Hedl,2003-01-15,35.92,7.9,10.13,11,11,0,188.0,17.09,0.09,0.53,3.18,18.62,0.09,0.53,0.82,4.79,5.09,1.09,6.38,0.0,0.0,0.0,0.0,7.27,2.64,7.36,1.82,0.09,1.13,1.64,9.57
1194,Jupiler Pro League (BE),507805,Oluwaseun Adewumi,O. Adewumi,2005-02-23,55.28,12.99,14.64,32,32,0,1129.0,35.28,0.59,1.68,5.5,15.59,0.22,0.62,1.06,3.01,6.06,2.06,5.85,0.03,0.09,0.06,0.18,15.06,6.28,10.38,3.94,0.44,1.68,3.75,10.63
1194,Jupiler Pro League (BE),514530,Anan Khalaili,A. Khalaili,2004-09-03,87.84,24.54,22.02,38,38,0,1146.0,30.16,1.63,5.41,4.95,16.41,0.82,2.71,1.53,5.06,3.97,1.47,4.89,0.21,0.7,0.58,1.92,9.37,3.84,9.53,7.08,1.45,8.22,1.92,6.37
1194,Jupiler Pro League (BE),514749,Arthur Piedfort,A. Piedfort,2005-02-01,88.87,23.04,24.47,35,33,2,1520.0,46.06,1.58,3.42,6.42,13.95,0.27,0.59,1.36,2.96,6.24,2.39,5.2,0.39,0.86,0.82,1.78,13.45,7.33,11.0,14.97,1.73,4.47,4.52,9.8
1194,Jupiler Pro League (BE),521206,Max Dean,M. Dean,2004-02-21,56.66,13.8,16.84,23,22,1,788.0,35.82,0.45,1.27,4.14,11.55,0.18,0.51,1.32,3.68,4.82,2.91,8.12,0.18,0.51,0.27,0.76,15.0,6.5,10.36,5.95,0.27,1.07,3.41,9.52
1194,Jupiler Pro League (BE),550448,Cheick Keita,C. Keita,2003-04-02,94.2,24.72,25.67,40,40,0,657.0,16.43,1.12,6.85,3.27,19.94,0.2,1.22,0.6,3.65,3.08,0.45,2.74,0.6,3.65,0.38,2.28,2.02,1.95,2.83,9.28,2.33,15.48,0.15,0.91
1194,Jupiler Pro League (BE),560154,Edan Diop,E. Diop,2004-08-28,85.97,20.88,22.33,33,33,0,1470.0,44.55,1.58,3.54,7.76,17.42,0.42,0.95,1.7,3.81,6.0,2.94,6.6,0.12,0.27,0.39,0.88,15.24,6.79,13.18,7.18,1.0,3.18,3.33,7.48
1194,Jupiler Pro League (BE),564770,Joaquin Seys,J. Seys,2005-03-28,82.66,26.19,19.79,39,38,1,963.0,25.34,0.92,3.63,4.13,16.3,0.26,1.04,1.05,4.15,4.16,2.0,7.89,0.18,0.73,0.87,3.43,6.68,3.63,8.11,8.76,1.55,6.9,0.97,3.84
1194,Jupiler Pro League (BE),564773,Sam De Grand,S. de Grand,2004-10-05,99.86,22.41,28.17,2,2,0,74.0,37.0,2.0,5.41,6.5,17.57,0.0,0.0,2.5,6.75,2.0,2.0,5.4,0.5,1.35,1.0,2.7,5.5,5.5,8.0,14.5,1.5,3.98,0.0,0.0
1194,Jupiler Pro League (BE),564774,Josue Ndenge Kongolo,J. Kongolo,2006-04-13,79.48,22.97,23.08,16,16,0,329.0,20.56,1.0,4.86,4.38,21.28,0.06,0.3,0.62,3.04,3.38,0.94,4.56,0.81,3.95,0.62,3.04,4.56,3.06,5.0,10.0,2.0,11.28,0.69,3.34
1194,Jupiler Pro League (BE),564776,Thomas Claes,T. Claes,2004-03-26,88.8,23.47,25.49,34,33,1,1350.0,40.91,1.52,3.7,6.15,15.04,0.45,1.11,1.21,2.96,4.39,3.09,7.56,0.3,0.74,0.61,1.48,11.64,7.06,11.58,10.36,1.33,3.78,4.03,9.85
1194,Jupiler Pro League (BE),564779,Joedrick Pupe,J. Pupe,1997-06-04,71.59,21.79,17.86,12,11,1,211.0,19.18,1.09,5.69,3.82,19.91,0.27,1.42,1.36,7.11,3.36,0.36,1.9,0.55,2.84,0.73,3.79,4.55,3.09,4.18,7.82,1.18,6.44,0.64,3.32
1194,Jupiler Pro League (BE),564798,Kaye Furo tamuno iyowuna,K. Furo,2007-02-06,27.1,7.18,4.5,5,5,0,31.0,6.2,0.0,0.0,1.8,29.03,0.2,3.23,0.0,0.0,2.2,0.6,9.68,0.0,0.0,0.2,3.23,3.8,0.8,1.8,0.6,0.2,5.56,0.2,3.23
1194,Jupiler Pro League (BE),569965,Amine Boukamir,A. Boukamir,2006-10-23,69.73,18.56,18.94,7,7,0,213.0,30.43,1.29,4.22,5.14,16.9,0.29,0.94,0.57,1.88,2.71,2.0,6.57,0.57,1.88,0.43,1.41,7.57,5.57,7.43,10.57,2.43,7.76,2.29,7.51
1194,Jupiler Pro League (BE),569966,Davis Opoku,D. Opoku,2007-10-29,48.32,11.13,13.06,21,20,1,383.0,19.15,0.85,4.44,2.0,10.44,0.25,1.31,0.8,4.18,2.9,1.35,7.05,0.4,2.09,0.65,3.39,3.9,2.8,4.6,7.6,1.25,7.8,0.75,3.92
1194,Jupiler Pro League (BE),574567,Nathan-Dylan Saliba,N. Saliba,2004-02-07,74.24,19.51,18.51,34,33,1,1220.0,36.97,1.18,3.2,6.76,18.28,0.18,0.49,1.03,2.79,5.61,1.76,4.75,0.15,0.41,0.61,1.64,9.7,5.52,9.33,10.48,1.73,5.39,2.52,6.8
1194,Jupiler Pro League (BE),579710,Gerard Vandeplas,G. Vandeplas,2006-02-25,31.89,8.16,8.22,19,18,1,349.0,19.39,0.22,1.15,2.83,14.61,0.0,0.0,1.17,6.02,5.06,1.28,6.59,0.11,0.57,0.06,0.29,8.39,3.44,6.78,2.78,0.33,2.51,1.78,9.17
1194,Jupiler Pro League (BE),583483,Nikola Mituljikić,N. Mituljikić,2003-01-20,27.15,9.63,5.37,2,2,0,29.0,14.5,0.5,3.45,4.5,31.03,0.0,0.0,0.5,3.45,2.5,1.0,6.9,0.0,0.0,0.0,0.0,5.5,3.5,4.5,0.5,0.0,0.0,0.0,0.0
1194,Jupiler Pro League (BE),584972,Ibrahima Sory Bangoura,I. Bangoura,2004-01-05,59.59,17.19,15.55,28,27,1,736.0,27.26,1.19,4.35,4.48,16.44,0.22,0.82,0.96,3.53,2.56,1.11,4.08,0.37,1.36,0.67,2.45,6.63,4.3,8.11,8.22,1.37,5.71,2.0,7.34
1194,Jupiler Pro League (BE),584974,Nils De Wilde,N. De Wilde,2003-01-27,16.07,3.65,3.58,10,10,0,94.0,9.4,0.3,3.19,2.1,22.34,0.2,2.13,0.3,3.19,2.1,0.3,3.19,0.1,1.06,0.2,2.13,2.2,1.3,2.0,3.1,0.3,3.2,0.9,9.57
1194,Jupiler Pro League (BE),584976,Amando Lapage,A. Lapage,2004-11-08,85.91,23.2,22.67,16,15,1,192.0,12.8,0.73,5.73,2.67,20.83,0.0,0.0,0.47,3.64,2.53,0.4,3.12,0.67,5.21,0.67,5.21,2.07,0.67,2.73,6.8,1.0,8.68,0.33,2.6
1194,Jupiler Pro League (BE),584981,Ali Maamar,A. Maamar,2005-03-23,62.8,17.33,15.14,25,23,2,597.0,25.96,1.22,4.69,4.74,18.26,0.35,1.34,1.0,3.85,4.48,1.91,7.37,0.26,1.0,0.65,2.51,5.74,4.48,8.04,8.35,1.13,5.28,1.04,4.02
1194,Jupiler Pro League (BE),584982,Ilay Camara,I. Camara,2003-01-18,58.62,16.07,15.05,25,24,1,498.0,20.75,0.88,4.22,2.96,14.26,0.25,1.2,1.29,6.23,2.92,1.79,8.63,0.33,1.61,0.46,2.21,4.96,2.75,6.46,5.67,0.92,4.85,1.71,8.23
1194,Jupiler Pro League (BE),586396,Charles Chukwubuikem Ikwuemesi,C. Ikwuemesi,2001-08-05,57.73,13.59,15.19,33,32,1,685.0,21.41,0.12,0.58,2.84,13.28,0.03,0.15,0.91,4.23,5.34,1.06,4.96,0.06,0.29,0.09,0.44,9.44,2.56,6.25,1.28,0.12,1.26,1.69,7.88
1194,Jupiler Pro League (BE),586540,Adriano Bertaccini,A. Bertaccini,2000-08-13,52.25,13.33,13.4,33,32,1,765.0,23.91,0.5,2.09,2.88,12.03,0.03,0.13,0.94,3.92,4.56,1.12,4.71,0.03,0.13,0.12,0.52,8.94,3.12,7.69,2.97,0.22,2.05,1.75,7.32
1194,Jupiler Pro League (BE),590889,Thérence Koudou,T. Koudou,2004-12-13,90.43,23.92,23.47,37,36,1,1172.0,32.56,1.14,3.5,5.17,15.87,0.33,1.02,1.44,4.44,2.53,2.47,7.59,0.47,1.45,1.11,3.41,7.92,4.97,11.92,8.44,1.14,4.07,2.14,6.57
1194,Jupiler Pro League (BE),593979,Freddy Situmona Mbemba,F. Mbemba,2002-12-16,13.59,3.75,2.81,2,2,0,11.0,5.5,0.5,9.09,1.0,18.18,0.0,0.0,0.0,0.0,1.5,1.0,18.18,0.0,0.0,0.0,0.0,0.5,1.0,1.0,1.0,0.0,0.0,0.5,9.09
1194,Jupiler Pro League (BE),599697,Gora Diouf,G. Diouf,2003-09-20,58.95,14.43,14.94,18,18,0,229.0,12.72,0.78,6.11,2.22,17.47,0.56,4.37,0.61,4.8,2.22,0.28,2.18,0.61,4.8,0.72,5.68,2.11,1.39,3.0,7.11,1.72,14.32,0.17,1.31
1194,Jupiler Pro League (BE),606606,Taishi Brandon Nozawa,T. Nozawa,2002-12-25,97.98,25.74,24.95,30,29,1,0.0,0.0,0.0,,0.0,,0.0,,0.0,,0.0,0.0,,0.0,,0.0,,0.0,0.0,0.0,0.0,0.0,,0.0,
1194,Jupiler Pro League (BE),606626,Ayumu Yokoyama,A. Yokoyama,2003-03-04,53.16,15.67,14.19,9,9,0,167.0,18.56,0.89,4.79,2.89,15.57,0.11,0.6,1.11,5.99,2.67,1.33,7.19,0.11,0.6,0.33,1.8,5.33,3.11,6.56,4.56,0.44,2.86,1.78,9.58
1194,Jupiler Pro League (BE),606986,Ryotaro Ito,R. Ito,1998-02-06,86.88,26.19,21.81,35,33,2,1533.0,46.45,0.64,1.37,6.0,12.92,0.03,0.07,1.33,2.87,4.42,4.79,10.31,0.03,0.07,0.3,0.65,18.0,6.82,15.24,6.76,0.73,2.34,5.42,11.68
1194,Jupiler Pro League (BE),630145,Aaron Le Forestier Banind Bibout,A. Bibout,2004-09-03,60.6,18.37,15.82,21,21,0,516.0,24.57,0.19,0.77,3.33,13.57,0.05,0.19,0.86,3.49,5.57,0.95,3.88,0.0,0.0,0.05,0.19,13.38,2.67,6.71,1.1,0.1,0.95,2.29,9.3
1194,Jupiler Pro League (BE),630682,Ousseynou Niang,O. Niang,2001-10-12,65.16,18.43,15.97,27,27,0,785.0,29.07,0.89,3.06,4.26,14.65,0.26,0.89,0.93,3.18,4.22,2.93,10.06,0.26,0.89,0.41,1.4,9.3,4.22,12.04,6.0,0.85,4.13,1.89,6.5
1194,Jupiler Pro League (BE),634268,Samuel Kotto,S. Kotto,2003-09-03,67.01,19.96,17.82,8,8,0,74.0,9.25,1.0,10.81,1.25,13.51,0.0,0.0,0.12,1.35,1.75,0.25,2.7,1.12,12.16,0.38,4.05,2.0,1.0,1.0,5.88,1.12,12.9,0.0,0.0
1194,Jupiler Pro League (BE),635478,Wilguens Raphael Polynice Paugain,W. Paugain,2001-08-24,59.55,15.46,16.59,24,23,1,560.0,24.35,0.7,2.86,4.17,17.14,0.52,2.14,1.65,6.79,2.65,2.0,8.21,0.3,1.25,0.7,2.86,6.52,3.09,8.09,7.65,1.22,6.34,1.7,6.96
1194,Jupiler Pro League (BE),637376,Maksim Kireev,M. Kireev,2004-07-09,25.27,6.44,5.17,13,12,1,146.0,12.17,0.42,3.42,2.08,17.12,0.0,0.0,0.75,6.16,1.42,0.67,5.48,0.0,0.0,0.0,0.0,3.25,2.08,3.5,0.92,0.0,0.0,1.0,8.22
1194,Jupiler Pro League (BE),639842,Moctar Diop,M. Diop,2005-01-06,15.47,3.06,4.0,3,3,0,13.0,4.33,0.0,0.0,0.0,0.0,0.33,7.69,0.33,7.69,0.33,0.67,15.38,0.0,0.0,0.0,0.0,0.33,0.67,2.0,1.0,0.0,0.0,0.0,0.0
1194,Jupiler Pro League (BE),644194,Konstantinos Karetsas,K. Karetsas,2007-11-19,71.36,22.75,17.61,34,33,1,1249.0,37.85,1.24,3.28,4.55,12.01,0.21,0.56,1.18,3.12,5.55,2.36,6.25,0.06,0.16,0.58,1.52,14.64,6.67,12.39,5.76,0.64,2.39,2.67,7.05
1194,Jupiler Pro League (BE),644203,Mahamadou Diawara,M. Diawara,2005-02-17,52.7,14.4,15.1,8,8,0,234.0,29.25,0.88,2.99,4.0,13.68,0.38,1.28,0.62,2.14,3.0,2.25,7.69,0.25,0.85,0.5,1.71,5.25,4.75,6.5,12.25,1.75,6.1,1.62,5.56
1194,Jupiler Pro League (BE),644244,Raymond Asante,R. Asante,2004-05-27,14.51,5.27,2.67,2,2,0,11.0,5.5,0.5,9.09,0.5,9.09,0.0,0.0,0.0,0.0,0.0,0.0,0.0,0.0,0.0,0.0,0.0,1.5,1.5,1.0,0.5,0.5,20.0,1.0,18.18
1194,Jupiler Pro League (BE),644279,Clinton Nsiala-Makengo,C. Nsiala,2004-01-17,59.88,16.53,16.95,4,3,1,65.0,21.67,1.33,6.15,4.0,18.46,1.0,4.62,1.67,7.69,2.0,0.67,3.08,0.33,1.54,1.33,6.16,4.0,2.67,6.0,9.33,2.33,12.19,0.67,3.08
1194,Jupiler Pro League (BE),652408,Malick Mbaye,M. Mbaye,2004-04-06,16.24,3.42,3.58,6,6,0,44.0,7.33,0.17,2.27,1.0,13.64,0.0,0.0,0.5,6.82,1.0,0.17,2.27,0.0,0.0,0.17,2.27,2.67,1.83,2.33,1.0,0.5,13.39,0.33,4.54
1194,Jupiler Pro League (BE),663375,Charles Herrmann,C. Herrmann,2006-01-21,21.68,5.35,4.94,4,4,0,48.0,12.0,1.25,10.42,1.5,12.5,0.0,0.0,0.25,2.08,2.75,0.25,2.08,0.25,2.08,0.0,0.0,5.0,2.0,3.0,1.25,0.25,2.5,0.75,6.25
1194,Jupiler Pro League (BE),671635,Mihajlo  Cvetković,M. Cvetković,2007-01-10,61.36,16.47,14.72,29,28,1,780.0,27.86,0.36,1.28,3.89,13.97,0.14,0.51,1.39,5.0,6.14,1.79,6.41,0.04,0.13,0.04,0.13,12.04,3.71,9.25,2.57,0.43,3.46,2.14,7.69
1194,Jupiler Pro League (BE),676631,Mamadou Diakhon,M. Diakhon,2005-09-22,40.44,13.92,8.39,23,23,0,353.0,15.35,0.26,1.7,2.57,16.71,0.09,0.57,0.91,5.95,2.57,1.3,8.5,0.09,0.57,0.17,1.13,5.0,2.78,5.09,3.48,0.48,4.45,1.09,7.08
1194,Jupiler Pro League (BE),698158,Benjamin Chiemela Fredrick,B. Fredrick,2005-05-28,66.75,17.46,19.77,14,14,0,312.0,22.29,1.14,5.13,4.21,18.91,0.0,0.0,1.29,5.77,2.57,1.07,4.81,0.5,2.24,0.71,3.21,3.93,2.5,5.29,10.07,1.5,7.78,1.21,5.45
1194,Jupiler Pro League (BE),698182,Oumar Diouf,O. Diouf,2003-05-15,17.85,4.95,3.72,16,14,2,103.0,7.36,0.29,3.88,1.0,13.59,0.0,0.0,0.21,2.91,1.5,0.57,7.77,0.0,0.0,0.0,0.0,3.14,0.57,2.64,1.21,0.07,0.74,0.21,2.91
1194,Jupiler Pro League (BE),716806,Lautaro López,L. López,2005-03-30,57.13,14.04,17.66,2,2,0,57.0,28.5,0.5,1.75,7.0,24.56,0.0,0.0,1.5,5.26,3.0,2.5,8.77,0.5,1.75,0.5,1.75,6.5,5.5,6.5,8.0,1.0,4.3,1.0,3.51
1194,Jupiler Pro League (BE),720124,Tristan Degreef,T. Degreef,2005-01-19,61.8,16.11,16.12,34,32,2,1064.0,33.25,1.03,3.1,4.84,14.57,0.25,0.75,1.03,3.1,5.31,2.34,7.05,0.03,0.09,0.69,2.07,10.38,5.72,11.44,8.03,1.25,4.59,3.25,9.77
1194,Jupiler Pro League (BE),726996,Enrique Lofolomo,E. Lofolomo,2000-04-14,65.23,16.49,18.58,22,21,1,535.0,25.48,1.05,4.11,4.24,16.64,0.29,1.12,0.76,2.99,2.71,1.81,7.1,0.33,1.31,0.81,3.18,6.95,4.0,6.14,9.19,1.57,7.05,2.14,8.41
1194,Jupiler Pro League (BE),727063,Kaito Matsuzawa,K. Matsuzawa,2001-02-05,26.3,7.33,5.78,32,31,1,341.0,11.0,0.39,3.52,1.58,14.37,0.06,0.59,0.45,4.1,2.32,0.87,7.92,0.03,0.29,0.26,2.35,3.52,1.61,3.61,2.23,0.13,3.56,1.13,10.26
1194,Jupiler Pro League (BE),727116,Keisuke Goto,K. Goto,2005-06-03,82.11,25.02,21.04,38,36,2,1641.0,45.58,0.44,0.97,6.47,14.2,0.39,0.85,1.97,4.33,12.42,3.22,7.07,0.03,0.06,0.08,0.18,23.39,8.69,13.56,4.47,0.61,1.93,5.06,11.09
1194,Jupiler Pro League (BE),729187,Emran Gamal Marwan Soglo,E. Soglo,2005-07-11,64.23,18.59,16.79,18,17,1,438.0,25.76,0.88,3.42,4.47,17.35,0.47,1.83,1.06,4.11,3.06,2.0,7.76,0.29,1.14,0.41,1.6,7.24,4.24,9.41,5.59,0.76,3.99,1.71,6.62
1194,Jupiler Pro League (BE),731477,Hélio Sandro  Oliveira Alves Varela,Hélio Varela,2002-05-03,57.7,18.51,13.5,3,3,0,55.0,18.33,0.67,3.64,4.67,25.45,0.0,0.0,1.0,5.45,3.33,1.0,5.46,0.33,1.82,0.67,3.64,5.0,1.33,8.33,4.0,0.33,1.88,2.33,12.73
1194,Jupiler Pro League (BE),737128,Henok Teklab,H. Teklab,1998-11-16,74.7,18.32,20.04,24,23,1,798.0,34.7,1.26,3.64,4.96,14.29,0.13,0.38,1.13,3.26,5.26,2.57,7.39,0.39,1.13,0.65,1.88,9.52,6.22,12.22,9.0,1.61,5.38,3.0,8.65
1194,Jupiler Pro League (BE),737573,Marwan Al Sahafi,Marwan Al Sahafi,2004-02-17,60.41,16.05,15.99,24,23,1,656.0,28.52,0.35,1.22,3.65,12.8,0.17,0.61,1.13,3.96,6.26,2.17,7.62,0.22,0.76,0.09,0.31,10.3,3.48,10.35,6.09,0.57,2.08,2.09,7.32
1194,Jupiler Pro League (BE),740253,Shandre Campbell,S. Campbell,2005-07-15,14.9,4.35,2.81,11,11,0,75.0,6.82,0.45,6.67,1.09,16.0,0.0,0.0,0.09,1.33,1.18,0.27,4.0,0.0,0.0,0.09,1.33,2.73,1.55,2.18,1.18,0.18,6.59,0.55,8.0
1194,Jupiler Pro League (BE),743143,Desmond Acquah,D. Acquah,2002-07-23,30.04,7.67,8.26,13,13,0,279.0,21.46,0.85,3.94,2.54,11.83,0.15,0.72,0.69,3.22,3.08,1.69,7.89,0.08,0.36,0.38,1.79,7.92,4.38,6.85,4.23,0.54,6.36,1.54,7.17
1194,Jupiler Pro League (BE),748307,Matthias Pieklak,M. Pieklak,2006-09-14,99.86,22.41,28.17,2,2,0,0.0,0.0,0.0,,0.0,,0.0,,0.0,,0.0,0.0,,0.0,,0.0,,0.0,0.0,0.0,0.0,0.0,,0.0,
1194,Jupiler Pro League (BE),752458,Antonio José Cordero Campillo,Antonio Cordero,2006-11-14,20.22,6.19,4.07,6,6,0,59.0,9.83,1.0,10.17,1.5,15.25,0.0,0.0,0.33,3.39,1.0,0.33,3.39,0.0,0.0,0.0,0.0,3.17,2.0,3.5,1.33,0.17,0.89,0.33,3.39
1194,Jupiler Pro League (BE),758886,Argus Oscar Vanden Driessche,A. Vanden Driessche,2007-04-22,,,,1,0,1,,,,,,,,,,,,,,,,,,,,,,,,,
1194,Jupiler Pro League (BE),760683,Luc rollet De Fougerolles,L. De Fougerolles,2005-10-12,66.33,16.93,18.27,28,28,0,486.0,17.36,1.0,5.76,3.43,19.75,0.14,0.82,0.89,5.14,3.18,0.64,3.7,0.64,3.7,0.39,2.26,3.5,1.71,4.64,7.82,1.54,10.39,0.21,1.23
1194,Jupiler Pro League (BE),762385,Ignacio Ferri Julià,Nacho Ferri,2004-10-05,85.33,22.88,22.91,35,33,2,1285.0,38.94,0.45,1.17,6.03,15.49,0.06,0.16,1.24,3.19,10.73,2.33,5.99,0.03,0.08,0.03,0.08,19.48,5.36,12.0,2.09,0.12,0.64,3.79,9.73
1194,Jupiler Pro League (BE),769783,Franck Surdez,F. Surdez,2002-05-05,30.85,8.51,7.34,14,13,1,228.0,17.54,0.54,3.07,2.31,13.16,0.15,0.88,1.31,7.46,3.46,0.54,3.07,0.15,0.88,0.23,1.32,4.46,3.31,5.92,5.08,0.46,5.43,2.0,11.4
1194,Jupiler Pro League (BE),771972,Jeppe Erenbjerg,J. Erenbjerg,2000-04-29,85.34,23.48,23.83,34,33,1,1663.0,50.39,1.12,2.22,6.39,12.69,0.15,0.3,1.48,2.95,7.33,3.7,7.34,0.09,0.18,0.36,0.72,18.15,8.91,16.82,7.91,0.94,3.28,5.94,11.79
1194,Jupiler Pro League (BE),796791,Eran Tuypens,E. Tuypens,2005-12-07,42.93,12.23,10.31,8,8,0,135.0,16.88,1.0,5.92,1.62,9.63,0.12,0.74,1.12,6.67,2.62,1.25,7.41,0.12,0.74,0.0,0.0,4.38,3.75,6.38,4.75,1.62,13.51,0.75,4.44
1194,Jupiler Pro League (BE),798264,Yuto  Tsunashima,Y. Tsunashima,2000-08-15,88.11,23.82,22.2,34,33,1,633.0,19.18,1.12,5.85,3.67,19.11,0.24,1.26,0.64,3.32,2.3,0.52,2.69,0.45,2.37,0.64,3.32,3.48,1.64,4.45,9.09,2.12,12.73,0.39,2.05
1194,Jupiler Pro League (BE),799234,Ibrahim Kanate,I. Kanate,2006-10-23,24.43,6.82,5.53,19,18,1,210.0,11.67,0.83,7.14,1.44,12.38,0.11,0.95,0.5,4.29,2.28,0.61,5.24,0.06,0.48,0.11,0.95,2.72,2.11,3.0,3.22,0.33,2.83,0.72,6.19
1194,Jupiler Pro League (BE),800343,Hakim Sahabo,H. Sahabo,2005-06-16,49.14,11.1,13.38,14,14,0,324.0,23.14,0.79,3.39,3.57,15.43,0.36,1.54,0.71,3.08,2.79,1.29,5.56,0.0,0.0,0.36,1.54,5.0,4.21,7.36,9.64,1.14,5.21,1.79,7.72
1194,Jupiler Pro League (BE),801766,Robert-Jan Vanwesemael,R. Vanwesemael,2002-03-26,89.43,26.58,23.26,37,35,2,1436.0,41.03,1.71,4.18,6.0,14.62,0.51,1.25,1.83,4.46,7.6,2.77,6.75,0.37,0.91,0.94,2.3,11.8,7.11,13.11,11.23,1.71,5.17,2.86,6.96
1194,Jupiler Pro League (BE),808969,Tibe De Vlieger,T. De Vlieger,2005-11-05,74.84,18.95,22.34,25,24,1,1057.0,44.04,1.29,2.93,7.25,16.46,0.25,0.57,1.58,3.59,6.29,2.83,6.43,0.67,1.51,1.12,2.55,10.46,7.67,11.17,14.29,2.21,5.49,3.42,7.76
1194,Jupiler Pro League (BE),808998,Abdoul Kader Ouattara,A. Ouattara,2005-05-26,36.07,8.52,10.05,3,3,0,73.0,24.33,0.33,1.37,4.33,17.81,0.0,0.0,0.33,1.37,3.67,0.67,2.74,0.0,0.0,0.33,1.37,12.0,5.67,7.33,2.33,0.67,6.29,1.67,6.85
1194,Jupiler Pro League (BE),809015,Mahamadou Doumbia,M. Doumbia,2004-05-15,95.52,24.18,25.87,6,6,0,308.0,51.33,1.33,2.6,6.67,12.99,0.17,0.32,1.67,3.25,5.5,4.83,9.41,0.5,0.97,0.0,0.0,14.33,7.67,17.17,14.83,1.67,3.6,5.67,11.04
1194,Jupiler Pro League (BE),809025,Matt Lendfers,M. Lendfers,2006-03-10,97.67,27.77,23.7,2,2,0,0.0,0.0,0.0,,0.0,,0.0,,0.0,,0.0,0.0,,0.0,,0.0,,0.0,0.0,0.0,0.0,0.0,,0.0,
1194,Jupiler Pro League (BE),809827,Erick Nunes Barbosa dos Santos,Erick,2004-02-29,25.61,6.13,6.16,15,15,0,272.0,18.13,0.67,3.68,3.27,18.01,0.13,0.74,1.0,5.51,3.6,0.67,3.68,0.13,0.73,0.4,2.21,4.33,3.33,5.13,6.4,1.0,6.94,1.07,5.88
1194,Jupiler Pro League (BE),810784,Ibrahima Makaya Diaby,I. Diaby,2007-03-17,44.52,10.31,11.28,26,26,0,515.0,19.81,0.85,4.27,3.42,17.28,0.15,0.78,1.08,5.44,2.31,0.65,3.3,0.19,0.97,0.23,1.16,5.08,2.96,4.15,6.15,1.35,9.42,1.08,5.44
1194,Jupiler Pro League (BE),810927,Afonso Cruz Patrão ,Afonso Patrão,2007-02-03,25.36,6.44,6.2,11,11,0,162.0,14.73,0.09,0.62,3.0,20.37,0.09,0.62,0.27,1.85,2.73,1.82,12.35,0.18,1.24,0.18,1.23,6.45,3.45,5.27,2.82,0.18,1.87,1.27,8.64
1194,Jupiler Pro League (BE),814467,Christian Akpan,C. Akpan,2005-01-29,131.48,36.04,35.85,1,1,0,51.0,51.0,2.0,3.92,8.0,15.69,0.0,0.0,2.0,3.92,10.0,0.0,0.0,3.0,5.88,0.0,0.0,12.0,11.0,14.0,22.0,6.0,13.73,0.0,0.0
1194,Jupiler Pro League (BE),816752,Moyè Christ Souanga,C. Souanga,2006-10-23,95.6,21.11,31.65,1,1,0,21.0,21.0,2.0,9.52,2.0,9.52,0.0,0.0,1.0,4.76,4.0,0.0,0.0,0.0,0.0,0.0,0.0,4.0,1.0,7.0,11.0,3.0,14.29,0.0,0.0
1194,Jupiler Pro League (BE),817777,Jakob Kiilerich Rask,J. Kiilerich,2000-05-10,88.28,23.97,24.42,29,28,1,450.0,16.07,0.57,3.56,3.54,22.0,0.32,2.0,0.64,4.0,1.79,0.57,3.56,0.68,4.22,0.57,3.56,3.39,1.07,3.79,8.43,1.61,10.58,0.39,2.44
1194,Jupiler Pro League (BE),818239,Mathys Angély,M. Angély,2007-04-21,77.63,18.53,23.01,4,4,0,63.0,15.75,1.0,6.35,1.5,9.52,0.5,3.18,0.5,3.18,2.75,0.25,1.59,0.25,1.59,0.5,3.18,2.0,1.25,3.5,10.75,2.5,16.11,0.5,3.18
1194,Jupiler Pro League (BE),818643,Alouis Diriken,A. Diriken,2004-04-01,14.76,3.79,3.29,7,7,0,59.0,8.43,0.29,3.39,0.14,1.69,0.14,1.69,0.57,6.78,1.14,0.29,3.39,0.0,0.0,0.29,3.39,2.43,1.71,2.71,4.14,0.14,2.79,0.29,3.39
1194,Jupiler Pro League (BE),819000,Emmanuel Kakou,E. Kakou,2005-06-30,79.86,19.71,20.88,24,24,0,394.0,16.42,1.38,8.38,3.58,21.83,0.33,2.03,0.79,4.82,4.21,0.29,1.78,1.08,6.6,0.71,4.31,1.88,1.75,2.38,9.38,2.46,15.33,0.25,1.52
1194,Jupiler Pro League (BE),819333,Mamadou Thierno Barry,M. Barry,2005-03-20,35.02,8.2,9.12,2,2,0,23.0,11.5,1.5,13.05,3.0,26.09,0.0,0.0,0.0,0.0,2.0,0.0,0.0,0.0,0.0,0.0,0.0,2.5,2.0,3.0,2.0,0.0,0.0,0.5,4.35
1194,Jupiler Pro League (BE),820744,Dalangunypole Gomis,D. Gomis,2004-06-28,71.16,18.13,18.24,1,1,0,18.0,18.0,0.0,0.0,6.0,33.33,0.0,0.0,1.0,5.56,5.0,0.0,0.0,1.0,5.56,1.0,5.56,2.0,4.0,3.0,10.0,0.0,0.0,0.0,0.0
1194,Jupiler Pro League (BE),820782,Lucas Bretelle,L. Bretelle,2002-04-17,19.6,6.34,4.55,1,1,0,16.0,16.0,0.0,0.0,1.0,6.25,0.0,0.0,1.0,6.25,0.0,1.0,6.25,0.0,0.0,0.0,0.0,9.0,7.0,4.0,9.0,2.0,12.5,0.0,0.0
1194,Jupiler Pro League (BE),826824,Marc Giger,M. Giger,2004-03-27,33.96,10.02,8.07,16,16,0,391.0,24.44,0.5,2.04,3.0,12.28,0.12,0.51,1.0,4.09,4.62,1.56,6.39,0.06,0.26,0.12,0.51,10.5,4.94,7.88,1.94,0.44,2.01,1.94,7.93
1194,Jupiler Pro League (BE),826958,Hannes Vernemmen,H. Vernemmen,2005-01-08,,,,1,0,1,,,,,,,,,,,,,,,,,,,,,,,,,
1194,Jupiler Pro League (BE),827223,Shunsuke Saito,S. Saito,2005-04-26,53.37,14.59,13.91,17,16,1,468.0,29.25,0.69,2.35,3.25,11.11,0.38,1.28,0.94,3.2,4.31,2.44,8.33,0.06,0.21,0.5,1.71,11.44,5.94,9.75,5.06,0.56,2.6,3.19,10.9
1194,Jupiler Pro League (BE),834283,Vince Osuji,V. Osuji,2006-04-06,20.6,1.99,4.93,1,1,0,0.0,0.0,0.0,,0.0,,0.0,,0.0,,0.0,0.0,,0.0,,0.0,,0.0,0.0,0.0,0.0,0.0,,0.0,
1194,Jupiler Pro League (BE),840135,Alama Bayo,A. Bayo,2006-02-02,8.24,1.67,1.36,5,5,0,15.0,3.0,0.0,0.0,0.6,20.0,0.2,6.67,0.2,6.67,1.0,0.0,0.0,0.0,0.0,0.0,0.0,0.8,0.8,1.0,0.4,0.2,5.55,0.2,6.67
1194,Jupiler Pro League (BE),840900,Promise Oluwatobi Emmanuel David,P. David,2001-07-03,67.39,18.37,16.18,24,24,0,515.0,21.46,0.33,1.55,3.21,14.95,0.08,0.39,1.0,4.66,4.17,1.12,5.24,0.0,0.0,0.0,0.0,9.5,1.92,7.46,0.79,0.04,0.28,1.71,7.96
1194,Jupiler Pro League (BE),841024,Nathan De Cat,N. De Cat,2008-07-19,82.85,22.59,20.71,36,35,1,1542.0,44.06,1.66,3.76,7.17,16.28,0.29,0.65,1.2,2.72,5.2,2.31,5.25,0.46,1.04,0.74,1.69,11.51,8.2,10.94,11.8,1.77,4.41,3.46,7.85
1194,Jupiler Pro League (BE),841417,Massamba Sow,M. Sow,2004-06-13,46.24,10.42,11.79,4,4,0,28.0,7.0,1.0,14.29,2.0,28.57,0.0,0.0,0.25,3.57,1.25,0.0,0.0,0.25,3.57,0.25,3.57,1.25,1.0,1.0,4.75,1.5,24.66,0.0,0.0
1194,Jupiler Pro League (BE),842548,Krzysztof Koton,K. Koton,2003-05-17,34.76,8.02,8.84,13,13,0,306.0,23.54,0.54,2.29,2.62,11.11,0.15,0.65,0.62,2.61,3.15,2.0,8.5,0.0,0.0,0.23,0.98,8.15,5.77,6.69,5.92,0.85,3.79,1.38,5.88
1194,Jupiler Pro League (BE),861016,Geoffrey Kondo,G. Kondo,2002-05-02,98.12,23.7,26.4,10,10,0,147.0,14.7,0.5,3.4,2.8,19.05,0.2,1.36,1.2,8.16,3.6,0.1,0.68,0.8,5.44,0.7,4.76,1.8,1.4,1.7,9.8,2.3,16.87,0.5,3.4
1194,Jupiler Pro League (BE),865071,Ryan Merlen,R. Merlen,2002-05-11,35.69,10.99,8.06,33,31,2,435.0,14.03,0.58,4.14,2.06,14.71,0.1,0.69,0.55,3.91,2.35,1.26,8.96,0.1,0.69,0.29,2.07,4.19,2.35,3.26,3.71,0.61,5.73,0.9,6.44
1194,Jupiler Pro League (BE),869904,Robin Mirisola,R. Mirisola,2006-12-08,48.96,14.74,12.63,30,30,0,607.0,20.23,0.13,0.66,3.17,15.65,0.07,0.33,0.9,4.45,5.8,1.13,5.6,0.0,0.0,0.03,0.16,10.3,2.6,6.13,0.97,0.07,0.54,1.53,7.58
1194,Jupiler Pro League (BE),875225,Massiré Sylla,M. Sylla,2005-01-07,37.14,8.72,11.56,3,3,0,19.0,6.33,0.33,5.27,1.33,21.05,0.0,0.0,0.0,0.0,0.67,0.0,0.0,0.33,5.26,0.0,0.0,1.67,1.33,1.67,2.67,1.0,14.59,0.0,0.0
1194,Jupiler Pro League (BE),883894,Nolan Gillot,N. Gillot,2002-10-31,68.1,15.67,18.94,21,21,0,666.0,31.71,1.19,3.75,5.29,16.66,0.33,1.05,1.52,4.81,4.33,2.1,6.61,0.43,1.35,0.43,1.35,8.43,5.67,10.05,9.19,0.9,3.25,2.14,6.76
1194,Jupiler Pro League (BE),883895,Singa Joel Ito,J. Ito,1998-03-27,77.55,16.86,23.14,33,33,0,1939.0,58.76,1.58,2.68,8.42,14.34,0.24,0.41,1.7,2.89,5.55,4.45,7.58,0.12,0.21,0.45,0.77,21.58,14.0,14.85,11.52,1.33,2.63,7.42,12.64
1194,Jupiler Pro League (BE),883896,Maxence Maisonneuve,M. Maisonneuve,1999-02-11,82.48,18.91,24.1,31,31,0,544.0,17.55,0.58,3.31,3.84,21.87,0.45,2.57,0.74,4.23,2.55,0.65,3.68,0.61,3.49,0.61,3.49,3.71,1.84,4.0,9.06,1.32,8.54,0.58,3.31
1194,Jupiler Pro League (BE),883897,Owen Maës,O. Maës,1998-09-24,64.25,13.57,19.77,22,22,0,1015.0,46.14,1.32,2.86,5.23,11.33,0.23,0.49,1.91,4.14,9.27,4.18,9.06,0.14,0.3,0.5,1.08,14.91,9.45,11.05,9.32,1.14,4.0,6.55,14.19
1194,Jupiler Pro League (BE),883898,Samuel Gueulette,S. Gueulette,2000-05-19,48.76,11.04,14.2,29,29,0,834.0,28.76,1.07,3.72,4.72,16.43,0.17,0.6,0.76,2.64,3.52,1.34,4.68,0.28,0.96,0.38,1.32,8.76,5.31,7.17,9.59,1.21,5.14,2.9,10.07
1194,Jupiler Pro League (BE),883902,Djibril Lamego,D. Lamego,2003-02-25,94.3,20.96,28.26,30,30,0,514.0,17.13,0.6,3.5,4.1,23.93,0.57,3.31,1.07,6.23,3.33,0.47,2.72,0.83,4.86,0.43,2.53,2.77,1.47,2.7,8.73,1.83,11.92,0.5,2.92
1194,Jupiler Pro League (BE),883903,Mohamed Yaya Guindo,M. Guindo,2003-08-01,47.03,10.06,14.86,14,14,0,338.0,24.14,0.29,1.18,3.36,13.91,0.0,0.0,0.79,3.26,6.07,1.29,5.32,0.07,0.3,0.0,0.0,11.07,3.5,6.5,1.57,0.21,1.76,2.57,10.65
1194,Jupiler Pro League (BE),884955,Anas Tajaouart,A. Tajaouart,2005-09-07,50.7,15.9,10.32,1,1,0,30.0,30.0,0.0,0.0,2.0,6.67,1.0,3.33,1.0,3.33,4.0,1.0,3.33,0.0,0.0,1.0,3.33,6.0,4.0,7.0,16.0,1.0,3.33,2.0,6.67
1194,Jupiler Pro League (BE),884956,Nail Moutha-Sebtaoui,N. Moutha-Sebtaoui,2005-11-17,27.2,6.75,7.2,16,16,0,182.0,11.38,0.56,4.95,1.81,15.93,0.12,1.1,0.69,6.04,1.88,0.44,3.85,0.25,2.2,0.25,2.2,2.75,2.12,3.12,4.69,0.56,7.12,0.44,3.85
1194,Jupiler Pro League (BE),884959,Basile Vroninks,B. Vroninks,2006-11-20,50.43,11.71,11.26,1,1,0,9.0,9.0,0.0,0.0,2.0,22.22,0.0,0.0,0.0,0.0,1.0,1.0,11.11,0.0,0.0,1.0,11.11,3.0,0.0,3.0,4.0,0.0,0.0,2.0,22.22
1194,Jupiler Pro League (BE),886032,Henry Oware,H. Oware,2004-04-01,22.58,3.76,7.83,1,1,0,1.0,1.0,0.0,0.0,0.0,0.0,0.0,0.0,0.0,0.0,0.0,0.0,0.0,0.0,0.0,0.0,0.0,0.0,0.0,0.0,0.0,0.0,,0.0,0.0
1194,Jupiler Pro League (BE),887970,Abdoulaye Kinski David Traoré,A. Traoré,2003-06-28,66.5,16.84,21.71,4,4,0,168.0,42.0,1.5,3.57,3.25,7.74,0.0,0.0,1.25,2.98,5.5,6.75,16.07,0.25,0.59,0.75,1.78,16.0,9.25,13.25,5.0,0.5,1.2,5.0,11.91
1194,Jupiler Pro League (BE),887971,Benoit Nyssen,B. Nyssen,1997-09-12,68.0,18.29,20.19,28,27,1,819.0,30.33,0.85,2.81,5.11,16.85,0.48,1.59,1.26,4.15,3.78,2.04,6.72,0.33,1.1,1.19,3.91,7.78,5.15,8.7,10.93,1.41,6.15,1.81,5.98
1194,Jupiler Pro League (BE),887973,Yannick Cappelle,Y. Cappelle,2003-07-07,75.35,19.03,21.66,30,29,1,718.0,24.76,1.03,4.18,3.76,15.18,0.41,1.67,1.48,5.99,3.34,1.79,7.24,0.62,2.51,0.55,2.23,4.83,3.1,8.52,9.69,1.66,7.47,1.52,6.13
1194,Jupiler Pro League (BE),889516,Pape Moussa Fall,M. Fall,2004-07-04,72.43,17.23,19.69,27,27,0,1003.0,37.15,0.22,0.6,4.11,11.07,0.11,0.3,1.67,4.49,7.81,2.0,5.38,0.0,0.0,0.11,0.3,18.56,5.56,11.74,2.96,0.19,0.41,3.15,8.47
1194,Jupiler Pro League (BE),890671,Maxime Xavier Pau,Maxime Pau,2000-03-31,55.31,11.41,17.21,14,14,0,610.0,43.57,0.93,2.13,6.14,14.1,0.5,1.15,1.57,3.61,6.14,3.64,8.36,0.14,0.33,0.21,0.49,13.07,10.43,10.5,9.29,1.14,3.41,6.43,14.75
1194,Jupiler Pro League (BE),902316,Theo Epailly,T. Epailly,1999-02-10,26.59,5.0,9.79,4,4,0,73.0,18.25,0.0,0.0,1.5,8.22,0.0,0.0,0.5,2.74,2.0,1.5,8.22,0.0,0.0,0.0,0.0,7.75,1.25,4.5,1.75,0.25,6.35,1.75,9.59
1194,Jupiler Pro League (BE),903825,Semm Renders,S. Renders,2007-12-17,59.62,11.88,17.71,12,11,1,252.0,22.91,0.91,3.97,3.09,13.49,0.45,1.98,1.18,5.16,4.0,1.45,6.35,0.36,1.59,0.64,2.78,3.64,2.82,7.0,10.55,1.64,8.3,1.45,6.35
1194,Jupiler Pro League (BE),904347,Coba Gomes da Costa,Coba da Costa,2002-07-26,40.8,10.75,9.46,5,4,1,91.0,22.75,1.0,4.4,2.75,12.09,0.0,0.0,0.75,3.3,6.0,3.25,14.28,0.0,0.0,0.25,1.1,8.75,6.25,6.75,4.25,0.25,1.95,3.25,14.29
1194,Jupiler Pro League (BE),919226,Lucca Kiaba Mounganga Brughmans,Lucca Brughmans,2008-06-27,101.45,29.61,27.86,11,11,0,0.0,0.0,0.0,,0.0,,0.0,,0.0,,0.0,0.0,,0.0,,0.0,,0.0,0.0,0.0,0.0,0.0,,0.0,
1194,Jupiler Pro League (BE),919915,Muhammed Farouck Adekami,F. Adekami,2006-02-13,59.63,16.84,13.32,21,21,0,458.0,21.81,0.62,2.84,3.14,14.41,0.1,0.44,0.9,4.15,4.52,1.29,5.9,0.05,0.22,0.19,0.87,7.86,3.24,7.9,3.05,0.29,2.01,1.9,8.73
1194,Jupiler Pro League (BE),930453,Nikolozi Chikovani,N. Chikovani,2007-06-21,3.73,0.67,0.73,1,1,0,3.0,3.0,0.0,0.0,0.0,0.0,0.0,0.0,0.0,0.0,1.0,0.0,0.0,0.0,0.0,0.0,0.0,0.0,0.0,1.0,0.0,0.0,,1.0,33.33
1194,Jupiler Pro League (BE),940662,Andreas Verstraeten,A. Verstraeten,2006-01-10,67.13,16.91,15.99,16,15,1,322.0,21.47,0.87,4.04,3.47,16.15,0.27,1.24,0.8,3.73,3.07,1.2,5.59,0.2,0.93,0.67,3.1,3.27,3.07,6.2,10.07,1.4,7.29,0.8,3.73
1194,Jupiler Pro League (BE),940772,Hatim  Essaouabi,H. Essaouabi,2000-12-13,24.95,6.12,8.56,10,9,1,63.0,7.0,0.44,6.35,1.0,14.29,0.22,3.18,0.11,1.59,0.78,0.22,3.17,0.33,4.76,0.33,4.76,0.33,0.67,1.33,4.56,1.22,17.65,0.0,0.0
1194,Jupiler Pro League (BE),941676,Reda Laalaoui,R. Alaoui,2005-05-11,18.47,5.47,4.62,3,3,0,30.0,10.0,0.33,3.33,2.0,20.0,0.0,0.0,0.67,6.67,2.33,0.33,3.33,0.0,0.0,0.33,3.33,4.0,1.67,3.0,3.0,0.33,4.94,0.67,6.67
1194,Jupiler Pro League (BE),956502,Dylan Ourega,D. Ourega,2004-10-06,51.7,13.35,14.24,8,7,1,102.0,14.57,0.29,1.96,1.86,12.74,0.29,1.96,0.86,5.88,2.57,0.86,5.88,0.86,5.88,0.14,0.98,2.71,1.43,4.29,5.57,1.0,8.92,1.14,7.84
1194,Jupiler Pro League (BE),958830,Quentin Benaets,Q. Benaets,2003-08-26,11.78,3.38,2.66,1,1,0,4.0,4.0,0.0,0.0,2.0,50.0,0.0,0.0,1.0,25.0,1.0,0.0,0.0,0.0,0.0,1.0,25.0,0.0,0.0,1.0,2.0,0.0,0.0,0.0,0.0
1194,Jupiler Pro League (BE),959238,August De Wannemacker,A. De Wannemacker,2008-12-25,20.21,5.13,3.98,4,4,0,27.0,6.75,0.0,0.0,0.5,7.41,0.0,0.0,0.25,3.7,1.5,0.5,7.41,0.0,0.0,0.5,7.41,1.25,0.5,2.5,3.0,0.0,0.0,0.5,7.41
1194,Jupiler Pro League (BE),967842,Gilles De Meyer,G. De Meyer,2006-09-17,12.03,3.76,3.14,1,1,0,2.0,2.0,0.0,0.0,1.0,50.0,0.0,0.0,0.0,0.0,0.0,0.0,0.0,0.0,0.0,0.0,0.0,0.0,0.0,0.0,1.0,0.0,0.0,0.0,0.0
1194,Jupiler Pro League (BE),969271,Royer Alejandro Caicedo Gonzalez,R. Caicedo,2006-05-05,41.34,11.31,11.35,2,2,0,17.0,8.5,0.5,5.88,2.5,29.41,0.0,0.0,0.0,0.0,2.0,0.0,0.0,0.0,0.0,0.5,5.88,1.5,0.0,1.0,2.5,0.5,12.0,0.0,0.0
1194,Jupiler Pro League (BE),969667,Krys Anthony Kouassi,K. Kouassi,2007-03-08,15.84,3.44,3.63,12,12,0,78.0,6.5,0.0,0.0,0.67,10.26,0.0,0.0,0.33,5.13,1.42,0.42,6.41,0.0,0.0,0.0,0.0,2.75,1.33,2.33,2.08,0.17,3.63,0.5,7.69
1194,Jupiler Pro League (BE),970137,Nziang Jay-David Mbalanda,N. Mbalanda,2007-05-03,10.7,5.21,1.1,1,1,0,2.0,2.0,0.0,0.0,0.0,0.0,0.0,0.0,1.0,50.0,1.0,0.0,0.0,0.0,0.0,0.0,0.0,0.0,0.0,0.0,0.0,0.0,,0.0,0.0
1194,Jupiler Pro League (BE),970592,Steeven David Assengue Essola,S. Assengue,2005-06-14,24.34,5.86,6.88,6,6,0,74.0,12.33,0.5,4.05,0.67,5.41,0.0,0.0,0.67,5.41,1.33,0.67,5.41,0.0,0.0,0.0,0.0,2.5,1.67,4.0,4.83,0.33,2.97,0.5,4.05
1194,Jupiler Pro League (BE),971360,Bernardo  Nguene,B. Nguene,2006-08-04,27.69,6.3,7.0,14,14,0,169.0,12.07,0.21,1.77,2.07,17.16,0.07,0.59,0.43,3.55,2.36,1.0,8.28,0.0,0.0,0.07,0.59,4.29,1.64,4.0,1.71,0.21,5.21,1.29,10.65
1194,Jupiler Pro League (BE),972822,Yoann Cisse,Y. Cisse,2004-12-13,10.28,3.64,1.39,5,5,0,25.0,5.0,0.2,4.0,0.2,4.0,0.0,0.0,0.2,4.0,1.2,0.2,4.0,0.0,0.0,0.0,0.0,2.4,2.0,1.2,0.0,0.0,,0.2,4.0
1194,Jupiler Pro League (BE),973147,Matteo Heremans,M. Heremans,2006-01-08,51.68,8.52,14.26,1,1,0,29.0,29.0,0.0,0.0,5.0,17.24,0.0,0.0,0.0,0.0,3.0,2.0,6.9,0.0,0.0,0.0,0.0,8.0,2.0,11.0,10.0,1.0,3.45,4.0,13.79
1194,Jupiler Pro League (BE),975151,Bo De Kerf,B. De Kerf,2003-11-21,58.17,13.8,14.59,10,10,0,149.0,14.9,0.5,3.36,3.0,20.13,0.0,0.0,0.7,4.7,2.8,0.5,3.36,0.5,3.35,0.6,4.03,2.0,2.0,1.9,6.8,0.8,5.98,0.4,2.68
1194,Jupiler Pro League (BE),975715,Abdoul Karim Traoré,A. Traoré,2007-01-12,43.74,10.96,12.37,25,24,1,654.0,27.25,0.62,2.29,3.21,11.77,0.08,0.31,1.54,5.66,4.71,1.88,6.88,0.08,0.31,0.0,0.0,11.25,4.54,9.04,2.92,0.42,3.09,2.46,9.02
1194,Jupiler Pro League (BE),981644,Bi Christ Hyllarion Goore,H. Goore,2005-08-24,45.3,12.12,11.97,34,33,1,769.0,23.3,0.42,1.82,3.82,16.38,0.24,1.04,0.76,3.25,3.91,1.45,6.24,0.0,0.0,0.15,0.65,8.76,3.85,7.21,2.52,0.3,1.92,2.12,9.1
1194,Jupiler Pro League (BE),987845,Noah Makembo-Ntemo,N. Makembo,2007-03-14,22.45,5.2,4.54,2,2,0,21.0,10.5,0.5,4.76,3.0,28.57,0.0,0.0,0.0,0.0,3.0,0.0,0.0,0.0,0.0,0.0,0.0,3.0,0.5,2.0,3.0,0.0,0.0,1.0,9.52
1194,Jupiler Pro League (BE),987850,René Mitongo Muteba,R. Mitongo,2008-01-18,27.14,7.85,5.81,7,7,0,81.0,11.57,0.14,1.23,1.0,8.64,0.0,0.0,0.57,4.94,2.14,1.0,8.64,0.0,0.0,0.0,0.0,5.14,1.86,4.0,2.29,0.14,1.04,1.0,8.64
1194,Jupiler Pro League (BE),987851,Mohammed Jamel El Adfaoui,M. El Adfaoui,2008-02-28,22.26,7.36,4.06,4,4,0,41.0,10.25,0.5,4.88,1.5,14.63,0.0,0.0,0.25,2.44,1.5,0.75,7.32,0.0,0.0,0.0,0.0,3.0,2.25,1.5,3.5,0.0,0.0,0.25,2.44
1194,Jupiler Pro League (BE),987858,Youssef Hamdaoui,Y. Hamdaoui,2008-03-20,34.39,9.92,7.94,21,21,0,382.0,18.19,0.62,3.4,3.19,17.54,0.1,0.52,0.67,3.66,3.0,0.9,4.97,0.0,0.0,0.14,0.79,5.14,3.33,5.52,3.43,0.43,3.68,1.62,8.9
1194,Jupiler Pro League (BE),998398,Bouke Boersma,B. Boersma,2005-06-23,85.15,21.54,22.26,17,17,0,599.0,35.24,0.53,1.5,4.76,13.52,0.06,0.17,1.24,3.51,4.29,2.53,7.18,0.0,0.0,0.18,0.5,14.41,3.94,11.41,1.59,0.18,1.19,2.59,7.35
1194,Jupiler Pro League (BE),999135,Halil Özdemir,H. Özdemir,2005-08-18,30.77,7.46,7.97,7,7,0,151.0,21.57,0.43,1.99,3.14,14.57,0.0,0.0,1.14,5.3,2.29,1.0,4.64,0.0,0.0,0.14,0.66,4.43,5.0,6.14,3.57,0.29,1.89,1.71,7.95
1194,Jupiler Pro League (BE),999635,Valy Konaté,V. Konaté,2006-11-14,70.12,17.54,18.69,13,13,0,307.0,23.62,1.46,6.19,4.0,16.94,0.38,1.63,1.15,4.89,3.85,0.85,3.58,0.54,2.28,0.38,1.63,5.85,2.77,6.77,9.08,2.62,12.32,0.77,3.26
1194,Jupiler Pro League (BE),999683,Joseph Amankwaah Opoku,J. Amankwaah Opoku,2005-08-08,79.84,21.4,22.68,33,32,1,1220.0,38.12,0.78,2.05,4.34,11.39,0.19,0.49,1.19,3.11,6.25,2.84,7.46,0.16,0.41,0.22,0.57,14.53,5.31,13.69,6.19,0.69,3.34,2.69,7.05
1194,Jupiler Pro League (BE),999842,Jerry Afriyie,J. Afriyie,2006-12-10,87.3,19.72,25.58,31,31,0,1479.0,47.71,0.81,1.69,5.06,10.62,0.1,0.2,1.9,3.99,11.52,2.94,6.15,0.0,0.0,0.16,0.34,24.45,7.52,14.26,3.16,0.26,0.75,4.9,10.28
1194,Jupiler Pro League (BE),1000006,Shion Shinkawa,S. Shinkawa,2007-08-06,23.05,6.99,4.76,4,4,0,58.0,14.5,0.25,1.72,1.75,12.07,0.0,0.0,0.5,3.45,3.75,0.5,3.45,0.0,0.0,0.25,1.72,8.75,3.5,6.25,1.0,0.0,0.0,1.0,6.9
1194,Jupiler Pro League (BE),1001073,Orseer Achihi,O. Achihi,2006-09-19,10.78,3.46,2.71,2,2,0,3.0,1.5,0.0,0.0,0.5,33.33,0.0,0.0,0.0,0.0,0.5,0.0,0.0,0.0,0.0,0.0,0.0,0.0,0.0,0.5,0.5,0.0,0.0,0.0,0.0
1194,Jupiler Pro League (BE),1001074,David Gabriel Jesus,D. Gabriel,2007-01-02,21.25,4.67,4.77,8,8,0,69.0,8.62,0.25,2.9,1.25,14.49,0.0,0.0,0.62,7.25,1.88,0.62,7.25,0.0,0.0,0.12,1.45,1.62,1.25,2.38,2.88,0.0,0.0,0.25,2.9
1194,Jupiler Pro League (BE),1002212,Mauro Lenaerts,M. Lenaerts,2007-09-06,13.71,2.92,2.85,2,2,0,14.0,7.0,0.0,0.0,2.0,28.57,0.0,0.0,0.0,0.0,3.5,0.5,7.14,0.0,0.0,0.0,0.0,2.5,1.5,2.0,1.0,0.5,8.34,1.0,14.29
1194,Jupiler Pro League (BE),1002928,Alexander De Ridder,A. De Ridder,2008-06-05,36.15,4.71,12.6,1,1,0,29.0,29.0,0.0,0.0,3.0,10.34,0.0,0.0,0.0,0.0,3.0,2.0,6.9,0.0,0.0,1.0,3.45,9.0,4.0,11.0,18.0,0.0,0.0,3.0,10.34
1194,Jupiler Pro League (BE),1004281,Benoit De Jaegere,B. De Jaegere,2004-04-12,60.11,16.84,15.53,17,16,1,281.0,17.56,0.5,2.85,3.06,17.44,0.12,0.71,0.81,4.63,2.69,0.62,3.56,0.75,4.27,0.75,4.27,4.38,2.44,3.69,6.94,1.06,6.77,0.94,5.34
1194,Jupiler Pro League (BE),1005696,Naoufal Bohamdi-Kamoni,N. Bohamdi-Kamoni,2007-08-20,16.32,4.46,3.67,11,10,1,83.0,8.3,0.5,6.02,1.5,18.07,0.0,0.0,0.4,4.82,1.2,0.9,10.84,0.0,0.0,0.1,1.21,2.4,1.4,3.3,1.7,0.2,4.09,0.7,8.43
1194,Jupiler Pro League (BE),1008223,Moncef Zekri,M. Zekri,2008-09-20,56.16,14.4,15.19,16,16,0,360.0,22.5,0.75,3.33,4.38,19.45,0.19,0.83,1.69,7.5,1.81,1.56,6.94,0.31,1.39,1.12,5.0,4.12,3.81,6.81,8.25,1.12,5.37,0.81,3.61
1194,Jupiler Pro League (BE),1008933,James Nam,J. Nam,2006-09-02,9.68,2.22,3.28,1,1,0,3.0,3.0,0.0,0.0,1.0,33.33,0.0,0.0,0.0,0.0,0.0,0.0,0.0,0.0,0.0,0.0,0.0,0.0,0.0,0.0,0.0,0.0,,0.0,0.0
1194,Jupiler Pro League (BE),1019610,Ryan Adewusi,R. Adewusi,2005-02-04,28.95,5.19,11.26,1,1,0,18.0,18.0,0.0,0.0,2.0,11.11,0.0,0.0,0.0,0.0,7.0,2.0,11.11,0.0,0.0,0.0,0.0,11.0,2.0,5.0,6.0,0.0,0.0,1.0,5.56
1194,Jupiler Pro League (BE),1019611,Cristian Makate Bokoya,Cristian,2002-09-21,27.1,6.88,6.34,8,8,0,91.0,11.38,0.25,2.2,1.88,16.48,0.0,0.0,0.12,1.1,2.12,0.38,3.3,0.0,0.0,0.0,0.0,4.25,1.38,2.62,1.88,0.25,1.83,0.5,4.4
1194,Jupiler Pro League (BE),1020074,Soumaela Traoré ,S. Traoré,2004-08-01,5.62,1.34,1.33,1,1,0,1.0,1.0,0.0,0.0,0.0,0.0,0.0,0.0,0.0,0.0,0.0,0.0,0.0,0.0,0.0,0.0,0.0,1.0,0.0,0.0,0.0,0.0,,0.0,0.0
1194,Jupiler Pro League (BE),1020076,Ian Struyf,I. Struyf,2007-08-22,42.49,11.31,12.64,11,11,0,127.0,11.55,0.55,4.72,2.0,17.32,0.36,3.15,0.45,3.94,2.27,0.45,3.94,0.91,7.87,0.45,3.94,1.36,1.45,2.64,6.64,1.27,12.03,0.55,4.72
1194,Jupiler Pro League (BE),1022470,Joshua Williame Nga Kana Bethume,Joshua Nga Kana Bethume,2009-06-13,19.79,5.06,4.61,3,2,1,17.0,8.5,0.0,0.0,1.5,17.65,0.0,0.0,0.0,0.0,1.0,0.0,0.0,0.0,0.0,0.5,5.88,2.0,2.5,1.5,4.5,0.5,4.63,0.0,0.0
1194,Jupiler Pro League (BE),1023376,Sebastian Murru,S. Murru,2007-03-16,8.72,2.06,1.58,1,1,0,4.0,4.0,0.0,0.0,1.0,25.0,0.0,0.0,0.0,0.0,0.0,0.0,0.0,0.0,0.0,0.0,0.0,0.0,1.0,1.0,0.0,0.0,,0.0,0.0
1194,Jupiler Pro League (BE),1023904,El Hadji Seck,E. Seck,2007-01-14,18.9,4.27,2.88,1,1,0,8.0,8.0,0.0,0.0,0.0,0.0,0.0,0.0,1.0,12.5,1.0,0.0,0.0,0.0,0.0,0.0,0.0,5.0,2.0,3.0,0.0,0.0,,0.0,0.0
1194,Jupiler Pro League (BE),1023905,Matties  Volckaert,M. Volckaert,2002-10-12,93.17,23.52,27.37,26,25,1,492.0,19.68,0.76,3.86,3.52,17.89,0.52,2.64,0.92,4.67,2.8,0.88,4.47,0.8,4.06,0.52,2.64,3.4,2.16,4.32,10.84,1.88,10.67,0.8,4.07
1194,Jupiler Pro League (BE),1023906,Abdoul  Ayinde,A. Ayinde,2005-07-17,8.2,2.58,2.44,2,2,0,9.0,4.5,0.0,0.0,1.0,22.22,0.0,0.0,0.0,0.0,0.0,0.0,0.0,0.0,0.0,0.0,0.0,0.0,1.5,0.5,2.0,0.0,0.0,0.0,0.0
1194,Jupiler Pro League (BE),1025129,Amine  Daali,A. Daali,2004-04-25,26.75,7.19,5.9,7,7,0,101.0,14.43,0.86,5.94,2.29,15.84,0.14,0.99,1.29,8.91,2.29,0.57,3.96,0.0,0.0,0.0,0.0,4.29,3.29,3.86,2.0,0.0,3.13,0.71,4.95
1194,Jupiler Pro League (BE),1029942,Yassine Khalifi,Y. Khalifi,2005-08-09,37.09,9.93,9.73,20,20,0,362.0,18.1,0.95,5.25,2.8,15.47,0.1,0.55,0.55,3.04,1.9,1.35,7.46,0.15,0.83,0.3,1.66,4.75,3.6,3.9,6.6,0.95,5.35,1.15,6.35
1194,Jupiler Pro League (BE),1031764,Sekou  Keita,S. Keita,2006-05-02,12.4,3.33,2.21,1,1,0,2.0,2.0,1.0,50.0,0.0,0.0,0.0,0.0,0.0,0.0,1.0,0.0,0.0,0.0,0.0,0.0,0.0,0.0,0.0,2.0,1.0,0.0,0.0,0.0,0.0
1194,Jupiler Pro League (BE),1033029,Xander Dierckx,X. Dierckx,2009-02-27,75.97,20.43,19.79,19,18,1,711.0,39.5,0.94,2.39,5.89,14.91,0.28,0.7,1.33,3.38,5.89,2.83,7.17,0.33,0.84,0.39,0.98,12.0,6.72,12.56,12.06,1.61,4.31,3.28,8.3
1194,Jupiler Pro League (BE),1037046,Charli Spoden,C. Spoden,2008-04-08,25.06,4.56,12.7,1,1,0,38.0,38.0,0.0,0.0,3.0,7.89,0.0,0.0,1.0,2.63,3.0,1.0,2.63,0.0,0.0,0.0,0.0,12.0,11.0,21.0,8.0,1.0,2.63,3.0,7.89
1194,Jupiler Pro League (BE),1039643,Ibrahima Cissé,I. Cissé,2007-09-24,32.1,8.07,8.46,12,12,0,152.0,12.67,0.33,2.63,1.67,13.16,0.0,0.0,0.42,3.29,2.08,1.0,7.89,0.0,0.0,0.17,1.32,4.08,1.58,3.92,1.5,0.0,0.0,1.17,9.21
1194,Jupiler Pro League (BE),1043573,Bia Adjani Mujangi,B. Adjani Mujangi,2010-05-30,1.72,0.24,0.02,1,1,0,0.0,0.0,0.0,,0.0,,0.0,,0.0,,0.0,0.0,,0.0,,0.0,,0.0,0.0,0.0,0.0,0.0,,0.0,
1194,Jupiler Pro League (BE),1064233,Luca Schelfhout,L. Schelfhout,2007-09-17,23.89,3.5,8.02,2,2,0,11.0,5.5,0.0,0.0,1.5,27.27,0.0,0.0,0.5,9.09,0.0,0.5,9.09,0.0,0.0,0.5,9.09,0.0,0.0,1.5,2.5,0.5,10.0,0.0,0.0
1194,Jupiler Pro League (BE),1066179,Jeff Godelaine,J. Godelaine,2007-04-26,14.96,4.22,1.58,1,1,0,1.0,1.0,0.0,0.0,0.0,0.0,0.0,0.0,0.0,0.0,1.0,0.0,0.0,0.0,0.0,0.0,0.0,1.0,0.0,1.0,0.0,0.0,,0.0,0.0
1194,Jupiler Pro League (BE),1066204,Victoir elnora Lembi n'zelo,V. Lembi n'zelo,2005-12-29,28.65,7.54,6.88,2,2,0,14.0,7.0,0.0,0.0,2.5,35.71,0.0,0.0,0.0,0.0,0.5,0.0,0.0,0.5,7.14,0.5,7.14,1.0,1.0,1.5,3.5,0.5,10.71,0.0,0.0
1194,Jupiler Pro League (BE),1068909,Jules Ahoka jules,J. Ahoka jules,2005-12-17,55.03,13.95,20.79,2,2,0,31.0,15.5,0.0,0.0,2.0,12.91,0.0,0.0,0.5,3.22,3.0,0.5,3.23,2.5,16.13,0.5,3.22,4.5,0.5,3.5,10.5,1.0,6.8,0.0,0.0
1194,Jupiler Pro League (BE),1068910,Modibo Fofana,M. Fofana,2007-11-03,22.46,4.76,7.7,2,2,0,37.0,18.5,1.5,8.11,3.0,16.22,0.0,0.0,0.5,2.7,3.0,1.5,8.11,0.0,0.0,0.0,0.0,8.0,4.5,6.0,5.0,0.5,2.86,1.5,8.11
