competition_edition,league,player_id,player_name,player_short_name,player_birthdate,minutes,minutes_tip,minutes_otip,performance_count,performance_included_count,performance_failed_count,passopportunity_count_total,passopportunity_count,pass_count_goalwithin10s,pass_count_shotwithin10s,pass_count_attempted_total,pass_count_attempted,pass_count_completed,pass_pct_completed,pass_avgxpass_attempted,pass_avgdistance,pass_count_longrange_attempted,pass_count_onetouch_attempted,pass_count_quickpass_attempted,pass_count_onetouch_dangerous_attempted,pass_count_quickpass_dangerous_attempted,passopportunity_count_linebreak,pass_count_linebreak_attempted,pass_count_linebreak_completed,passopportunity_count_torun,pass_count_torun_attempted,pass_count_torun_completed,pass_pct_torun_completed,pass_avgxpass_torun_attempted,pass_count_torun_shotwithin10s,pass_count_torun_goalwithin10s,passopportunity_count_dangerous,pass_count_dangerous_attempted,pass_pct_dangerous_completed,pass_count_dangerous_completed,pass_count_difficultpass_attempted
1230,Eredivisie (NL),90,Aaron Meijers,A. Meijers,1987-10-28,53.22,13.79,16.33,11,10,1,444.0,44.4,0.0,0.4,179.0,17.9,14.1,78.77,84.43,17.6,1.4,5.6,4.1,0.3,0.1,10.8,4.1,2.8,11.6,4.7,3.7,78.72,78.85,0.1,0.0,4.0,1.0,50.0,0.5,3.8
1230,Eredivisie (NL),348,Alassane Pléa,A. Pléa,1993-03-10,59.09,22.74,12.96,2,2,0,94.0,47.0,1.5,2.5,29.0,14.5,13.0,89.65,82.77,10.2,0.0,7.5,1.0,1.5,0.0,1.5,0.0,0.0,14.5,3.0,2.0,66.67,65.75,0.5,0.0,14.0,4.0,75.0,3.0,1.5
1230,Eredivisie (NL),442,Alen Halilović,A. Halilović,1996-06-18,10.83,3.29,2.16,5,5,0,87.0,17.4,0.2,0.4,22.0,4.4,4.0,90.91,79.98,14.33,0.4,1.6,0.0,0.2,0.0,3.0,0.6,0.4,3.4,1.0,0.8,80.0,63.43,0.4,0.2,3.2,0.6,66.67,0.4,1.2
1230,Eredivisie (NL),715,André Ayew,A. Ayew,1989-12-17,54.36,14.68,14.01,17,16,1,509.0,31.81,0.0,0.62,153.0,9.56,7.81,81.7,81.43,11.82,0.25,2.56,1.62,0.25,0.25,0.62,0.25,0.12,10.5,2.94,2.12,72.34,72.61,0.19,0.0,7.94,1.38,63.64,0.88,2.0
1230,Eredivisie (NL),1197,Bart Nieuwkoop,B. Nieuwkoop,1996-03-07,37.02,10.56,9.22,17,16,1,477.0,29.81,0.06,0.44,193.0,12.06,9.5,78.76,82.42,14.0,0.12,4.0,3.25,0.5,0.31,4.94,1.5,1.19,4.75,2.31,1.75,75.68,73.37,0.25,0.0,3.94,1.31,38.1,0.5,2.44
1230,Eredivisie (NL),1223,Bas Kuipers,B. Kuipers,1994-08-17,22.11,5.86,5.58,7,7,0,165.0,23.57,0.0,0.43,53.0,7.57,6.29,83.02,84.96,15.27,0.57,2.14,1.71,0.14,0.0,4.0,1.0,0.57,3.0,1.0,0.86,85.71,80.15,0.29,0.0,4.14,0.57,75.0,0.43,1.57
1230,Eredivisie (NL),1337,Bertrand Isidore Traoré,B. Traoré,1995-09-06,62.76,22.3,17.98,1,1,0,67.0,67.0,0.0,1.0,20.0,20.0,15.0,75.0,84.75,11.05,0.0,3.0,4.0,1.0,0.0,3.0,0.0,0.0,32.0,10.0,8.0,80.0,74.62,1.0,0.0,19.0,4.0,50.0,2.0,3.0
1230,Eredivisie (NL),1435,Bram Nuytinck,B. Nuytinck,1990-05-04,49.67,13.92,10.99,7,6,1,321.0,53.5,0.0,0.17,148.0,24.67,19.67,79.73,89.82,17.92,1.5,7.17,5.17,0.67,0.0,10.5,2.33,1.5,6.33,2.67,2.17,81.25,89.53,0.0,0.0,1.83,0.67,0.0,0.0,2.5
1230,Eredivisie (NL),1440,Brandley Kuwas,B. Kuwas,1992-09-19,68.87,17.99,21.13,31,30,1,1916.0,63.87,0.17,2.2,474.0,15.8,12.73,80.59,82.16,14.83,0.87,2.87,2.1,0.43,0.37,4.73,1.3,1.03,21.07,5.9,4.63,78.53,76.34,1.23,0.13,18.33,3.7,70.27,2.6,2.97
1230,Eredivisie (NL),1509,Bruno Martins Indi,B. Martins Indi,1992-02-08,87.97,23.71,27.06,25,25,0,2913.0,116.52,0.04,0.64,1149.0,45.96,41.36,89.99,92.32,19.9,4.0,6.56,12.36,0.08,0.16,29.68,8.8,7.0,14.76,6.0,5.4,90.0,83.54,0.2,0.0,3.56,0.92,47.83,0.44,4.0
1230,Eredivisie (NL),1541,Bryan Linssen,B. Linssen,1990-10-08,74.69,23.64,16.93,32,28,4,843.0,30.11,0.04,1.25,281.0,10.04,7.46,74.38,72.5,13.5,0.46,3.54,2.04,0.82,0.68,2.75,0.57,0.39,10.18,3.57,2.61,73.0,64.73,0.68,0.0,10.96,3.07,61.63,1.89,3.75
1230,Eredivisie (NL),2300,Danny Bakker,D. Bakker,1995-01-16,95.99,23.76,28.63,29,26,3,3129.0,120.35,0.19,1.23,1083.0,41.65,35.88,86.15,88.38,18.17,3.19,8.08,5.81,0.23,0.23,38.31,11.15,9.38,24.42,7.69,6.46,84.0,80.63,0.38,0.08,8.77,1.62,42.86,0.69,5.46
1230,Eredivisie (NL),2548,Davy Klaassen,D. Klaassen,1993-02-21,68.78,22.79,18.11,30,29,1,1650.0,56.9,0.14,1.48,623.0,21.48,18.41,85.71,83.17,13.29,0.86,10.59,4.07,1.24,0.38,5.48,1.79,1.24,9.97,4.31,3.76,87.2,75.52,0.62,0.07,8.93,2.69,76.92,2.07,3.76
1230,Eredivisie (NL),2614,Denis Odoi,D. Odoi,1988-05-27,86.7,24.7,23.3,19,18,1,1685.0,93.61,0.0,0.61,613.0,34.06,28.56,83.85,87.03,16.41,1.72,7.28,7.44,0.17,0.22,20.56,6.0,3.89,20.94,7.89,6.11,77.47,77.77,0.22,0.0,7.61,1.67,40.0,0.67,5.33
1230,Eredivisie (NL),2776,Dion Malone,D. Malone,1989-02-13,23.0,5.09,7.49,11,9,2,117.0,13.0,0.0,0.11,51.0,5.67,5.11,90.2,88.86,17.01,0.11,1.67,1.0,0.0,0.0,2.22,0.33,0.33,1.56,0.67,0.56,83.33,82.73,0.11,0.0,0.0,0.0,,0.0,0.67
1230,Eredivisie (NL),4318,Hidde Jurjus,H. Jurjus,1994-02-09,86.34,21.38,25.53,7,7,0,727.0,103.86,0.0,0.14,204.0,29.14,18.57,63.73,77.85,29.74,7.86,4.14,2.43,0.0,0.0,54.0,13.29,5.57,15.29,4.14,3.43,82.76,88.21,0.0,0.14,0.0,0.0,,0.0,6.71
1230,Eredivisie (NL),4545,Ivan Perišić,I. Perišić,1989-02-02,77.2,27.06,17.92,30,29,1,2651.0,91.41,0.66,2.69,919.0,31.69,24.21,76.39,77.07,15.14,2.28,10.48,4.34,1.83,0.52,9.17,2.62,1.69,29.83,10.21,6.66,65.2,64.62,1.24,0.31,30.97,7.83,43.61,3.41,9.69
1230,Eredivisie (NL),4568,Ivo Daniel Ferreira Mendonca Pinto,Ivo Pinto,1990-01-07,78.19,18.29,23.2,28,28,0,1995.0,71.25,0.21,1.32,736.0,26.29,19.46,74.05,77.09,14.83,1.57,7.11,5.25,1.0,0.36,12.89,4.64,2.93,21.46,9.04,6.5,71.94,70.14,0.71,0.18,9.96,2.96,38.55,1.14,8.29
1230,Eredivisie (NL),4651,Jamiro Gregory Monteiro Alvarenga,Jamiro Monteiro,1993-11-23,63.28,15.26,19.95,21,20,1,1676.0,83.8,0.25,1.1,496.0,24.8,20.55,82.86,86.2,15.31,1.1,5.9,3.9,0.35,0.1,13.7,3.7,2.6,15.2,4.85,3.55,73.2,71.8,0.45,0.1,10.7,2.3,50.0,1.15,3.9
1230,Eredivisie (NL),4777,Jasper Cillessen,J. Cillessen,1989-04-22,53.74,8.72,17.91,3,2,1,77.0,38.5,0.0,0.5,18.0,9.0,3.0,33.33,73.17,50.3,3.0,1.5,0.5,0.0,0.0,23.0,6.0,2.0,5.5,0.5,0.0,0.0,80.77,0.0,0.0,0.0,0.0,,0.0,0.0
1230,Eredivisie (NL),4876,Jeff Hardeveld,J. Hardeveld,1995-02-27,95.97,23.68,28.81,33,30,3,2609.0,86.97,0.33,1.93,932.0,31.07,22.6,72.75,76.73,16.55,2.1,11.3,5.67,1.33,0.7,16.9,5.13,3.17,27.43,10.43,7.43,71.25,69.59,0.97,0.1,16.37,4.63,54.68,2.53,9.53
1230,Eredivisie (NL),4912,Jens Toornstra,J. Toornstra,1989-04-04,49.03,11.64,15.91,16,16,0,671.0,41.94,0.06,1.06,258.0,16.12,12.5,77.52,78.19,17.74,2.06,6.62,3.0,0.94,0.38,5.25,2.19,1.56,11.69,5.31,3.62,68.24,69.84,0.56,0.06,7.69,2.5,52.5,1.31,4.19
1230,Eredivisie (NL),4961,Jeroen Zoet,J. Zoet,1991-01-06,89.21,26.52,25.98,11,11,0,701.0,63.73,0.09,0.27,220.0,20.0,12.73,63.64,80.02,28.17,4.55,4.18,2.55,0.0,0.0,24.27,7.91,3.27,12.18,3.55,3.27,92.31,96.37,0.0,0.0,0.0,0.0,,0.0,3.73
1230,Eredivisie (NL),4976,Jeremiah St. Juste,J. St. Juste,1996-10-19,29.28,7.69,8.16,6,6,0,213.0,35.5,0.0,0.17,76.0,12.67,11.33,89.47,95.12,17.25,0.33,2.33,1.83,0.0,0.0,8.5,1.5,1.33,5.0,1.83,1.83,100.0,99.33,0.0,0.0,0.33,0.0,,0.0,0.83
1230,Eredivisie (NL),5001,Jetro Willems,J. Willems,1994-03-30,34.07,8.77,9.0,6,6,0,194.0,32.33,0.0,0.17,64.0,10.67,9.17,85.94,84.9,15.1,0.33,2.0,2.83,0.0,0.0,7.33,2.33,2.0,5.5,1.83,1.33,72.73,72.62,0.0,0.0,4.5,0.83,20.0,0.17,2.17
1230,Eredivisie (NL),5245,Jonathan  de Guzmán,J. de Guzmán,1987-09-13,23.86,7.29,6.31,5,5,0,191.0,38.2,0.2,0.2,56.0,11.2,9.8,87.5,88.48,16.01,0.6,2.8,2.2,0.8,0.2,8.0,1.4,1.4,3.8,1.0,0.8,80.0,82.62,0.0,0.0,5.4,1.8,55.56,1.0,1.6
1230,Eredivisie (NL),5338,Jordy Clasie,J. Clasie,1991-06-27,71.19,23.62,18.13,12,12,0,1615.0,134.58,0.5,2.33,526.0,43.83,39.25,89.54,90.69,15.09,2.25,14.33,10.25,1.08,0.75,23.42,6.83,5.5,15.83,5.92,5.17,87.32,83.72,0.33,0.08,13.42,2.75,81.82,2.25,4.25
1230,Eredivisie (NL),5373,Joris van Overeem,J. van Overeem,1994-06-01,97.26,28.2,27.31,33,33,0,5576.0,168.97,0.48,3.76,1717.0,52.03,43.12,82.88,82.65,17.72,4.42,13.21,10.73,1.42,1.42,29.39,9.76,7.39,27.67,10.82,8.15,75.35,72.33,1.18,0.27,21.45,5.82,61.46,3.58,11.97
1230,Eredivisie (NL),5616,Juninho Gracielo Bacuna,J. Bacuna,1997-08-07,60.65,15.29,16.84,13,12,1,965.0,80.42,0.17,1.58,261.0,21.75,16.92,77.78,81.27,18.19,2.58,5.17,3.17,0.5,0.42,11.92,3.5,2.5,13.0,4.83,4.0,82.76,77.32,0.92,0.25,12.92,2.83,52.94,1.5,5.0
1230,Eredivisie (NL),5964,Kostas Lamprou,K. Lamprou,1991-09-18,98.85,25.86,27.8,1,1,0,117.0,117.0,1.0,1.0,29.0,29.0,23.0,79.31,78.57,39.94,14.0,3.0,1.0,0.0,0.0,68.0,17.0,14.0,22.0,3.0,3.0,100.0,75.42,0.0,0.0,0.0,0.0,,0.0,4.0
1230,Eredivisie (NL),5984,Kristoffer Peterson,K. Peterson,1994-11-28,53.88,13.21,15.27,34,34,0,1641.0,48.26,0.15,1.09,449.0,13.21,9.35,70.82,73.14,14.66,0.38,2.15,1.88,0.24,0.26,3.18,0.74,0.41,18.06,5.03,3.09,61.4,65.24,0.62,0.12,17.91,4.09,45.32,1.85,4.85
1230,Eredivisie (NL),6050,Lars Unnerstall,L. Unnerstall,1990-07-20,97.51,29.14,26.22,30,30,0,2192.0,73.07,0.0,0.17,682.0,22.73,17.13,75.37,82.38,25.94,4.9,4.5,1.9,0.0,0.0,30.2,8.53,4.13,17.33,4.83,4.77,98.62,96.99,0.0,0.0,0.0,0.0,,0.0,4.03
1230,Eredivisie (NL),6201,Lewis Holtby,L. Holtby,1990-09-18,68.08,18.05,19.46,30,29,1,1873.0,64.59,0.31,1.55,653.0,22.52,17.97,79.79,79.79,13.7,1.28,9.17,4.86,1.0,0.62,7.1,2.17,1.76,12.97,5.34,3.97,74.19,70.71,0.59,0.21,10.38,3.17,64.13,2.03,5.34
1230,Eredivisie (NL),7084,Marvin Peersman,M. Peersman,1991-02-10,91.08,25.43,25.51,32,31,1,3345.0,107.9,0.1,2.26,1144.0,36.9,29.77,80.68,83.03,17.02,2.68,8.55,7.06,1.06,0.35,25.26,7.65,5.32,27.94,10.19,7.26,71.2,72.09,0.81,0.03,14.87,3.9,48.76,1.9,7.97
1230,Eredivisie (NL),7210,Mats Seuntjens,M. Seuntjens,1992-04-17,17.79,4.49,4.05,15,15,0,306.0,20.4,0.0,0.87,85.0,5.67,4.0,70.59,74.89,17.27,0.47,1.73,0.87,0.33,0.2,1.0,0.27,0.27,4.2,1.8,1.33,74.07,66.44,0.33,0.0,6.87,1.87,53.57,1.0,2.0
1230,Eredivisie (NL),7605,Mike te Wierik,M. te Wierik,1992-06-08,68.04,16.1,19.97,22,22,0,1146.0,52.09,0.05,0.64,451.0,20.5,17.23,84.04,85.63,16.57,1.0,5.64,5.77,0.45,0.18,12.5,4.0,3.0,8.82,3.59,3.0,83.54,81.78,0.18,0.0,2.82,1.0,54.54,0.55,4.09
1230,Eredivisie (NL),7607,Mike van der Hoorn,M. van der Hoorn,1992-10-15,83.79,22.8,25.24,31,30,1,3475.0,115.83,0.17,1.03,1261.0,42.03,37.47,89.14,89.32,20.38,5.17,7.63,6.63,0.17,0.07,33.73,9.67,7.67,19.13,6.53,5.4,82.65,82.02,0.23,0.0,2.13,0.7,66.67,0.47,5.67
1230,Eredivisie (NL),7608,Mike van Duinen,M. van Duinen,1991-11-06,29.56,7.57,9.0,27,25,2,263.0,10.52,0.0,0.24,80.0,3.2,1.96,61.25,72.94,11.64,0.04,1.36,0.52,0.2,0.12,0.12,0.04,0.0,3.2,1.12,0.8,71.43,75.38,0.24,0.04,2.96,0.48,50.0,0.24,0.96
1230,Eredivisie (NL),7950,Nick  Viergever,N. Viergever,1989-08-03,72.95,18.77,22.23,27,27,0,2127.0,78.78,0.07,0.67,872.0,32.3,27.89,86.35,91.06,17.14,1.26,8.11,6.19,0.3,0.04,21.0,5.78,4.56,10.93,4.26,3.74,87.83,90.46,0.04,0.0,3.3,0.74,40.0,0.3,3.44
1230,Eredivisie (NL),8271,Oskar Zawada,O. Zawada,1996-02-01,22.34,6.23,5.25,15,15,0,154.0,10.27,0.0,0.07,51.0,3.4,2.07,60.78,72.24,12.7,0.07,2.0,0.4,0.67,0.07,0.2,0.07,0.07,4.6,1.27,0.73,57.9,71.67,0.0,0.0,3.13,1.0,33.33,0.33,1.27
1230,Eredivisie (NL),8427,Patrick  van Aanholt,P. van Aanholt,1990-08-29,62.21,14.61,20.1,12,12,0,724.0,60.33,0.25,1.33,265.0,22.08,17.58,79.62,84.23,17.21,1.42,5.42,5.08,0.42,0.42,10.33,2.58,2.17,12.75,4.67,3.67,78.57,74.69,0.5,0.0,9.5,2.92,45.71,1.33,4.5
1230,Eredivisie (NL),8460,Paul  Gladon,P. Gladon,1992-03-18,37.06,8.8,9.62,31,31,0,313.0,10.1,0.06,0.39,114.0,3.68,2.52,68.42,71.46,10.9,0.06,2.19,0.68,0.74,0.16,0.0,0.0,0.0,3.65,1.55,1.0,64.58,70.34,0.19,0.03,3.65,1.16,47.22,0.55,1.23
1230,Eredivisie (NL),8749,Przemysław Tytoń,P. Tytoń,1987-01-04,95.63,30.63,24.47,3,3,0,256.0,85.33,0.0,0.0,85.0,28.33,21.67,76.47,85.54,22.8,4.0,6.67,2.33,0.0,0.0,39.33,7.67,4.33,20.67,9.33,9.33,100.0,96.82,0.0,0.0,0.0,0.0,,0.0,3.0
1230,Eredivisie (NL),8846,Raheem Sterling,R. Sterling,1994-12-08,51.11,15.31,13.99,8,7,1,415.0,59.29,0.14,1.57,106.0,15.14,12.14,80.19,86.37,10.07,0.29,3.29,2.71,0.29,0.57,6.14,1.0,0.57,20.71,3.57,2.57,72.0,76.16,1.0,0.14,18.29,3.29,47.83,1.57,2.29
1230,Eredivisie (NL),8917,Remko Pasveer,R. Pasveer,1983-11-08,99.33,25.89,27.87,15,15,0,1697.0,113.13,0.0,0.2,476.0,31.73,22.33,70.38,79.69,32.11,10.2,4.73,2.0,0.0,0.0,51.13,13.8,8.0,19.73,4.6,4.07,88.41,87.36,0.0,0.0,0.0,0.0,,0.0,5.4
1230,Eredivisie (NL),9052,Ricky van Wolfswinkel,R. van Wolfswinkel,1989-01-27,61.34,17.78,16.38,31,31,0,880.0,28.39,0.0,1.03,302.0,9.74,7.68,78.81,78.46,12.56,0.16,3.97,1.39,0.87,0.23,1.45,0.45,0.32,12.35,4.39,3.29,75.0,75.04,0.68,0.0,10.16,2.35,72.6,1.71,2.23
1230,Eredivisie (NL),9161,Robin Pröpper,R. Pröpper,1993-09-23,69.08,20.69,17.55,27,27,0,3021.0,111.89,0.04,1.26,1133.0,41.96,36.56,87.11,90.46,18.55,3.19,8.7,9.0,0.19,0.04,29.93,7.56,5.0,17.41,7.41,6.15,83.0,84.76,0.15,0.0,4.93,1.22,54.55,0.67,4.93
1230,Eredivisie (NL),9429,Ryan Thomas,R. Thomas,1994-12-20,86.34,22.14,27.61,27,25,2,2805.0,112.2,0.28,1.92,822.0,32.88,27.52,83.7,86.55,16.67,2.76,9.84,4.76,0.68,0.16,17.96,3.64,2.68,16.16,5.16,4.08,79.07,76.43,0.64,0.08,12.6,2.72,58.82,1.6,5.44
1230,Eredivisie (NL),9685,Sébastien Haller,S. Haller,1994-06-22,49.78,13.84,13.92,23,23,0,669.0,29.09,0.22,1.04,212.0,9.22,7.43,80.66,81.97,11.96,0.22,3.78,1.3,0.7,0.3,1.87,0.39,0.26,9.52,2.78,2.13,76.56,77.28,0.52,0.09,6.83,1.87,72.09,1.35,1.39
1230,Eredivisie (NL),10082,Steven Berghuis,S. Berghuis,1991-12-19,66.08,22.67,17.7,21,20,1,2236.0,111.8,0.15,2.75,745.0,37.25,31.45,84.43,81.42,16.1,2.75,10.9,8.25,1.25,1.4,14.4,4.4,3.3,30.45,10.8,8.35,77.31,72.77,1.15,0.1,22.1,6.4,61.72,3.95,8.8
1230,Eredivisie (NL),10233,Terence Kongolo,T. Kongolo,1994-02-14,43.28,8.92,13.59,5,5,0,131.0,26.2,0.0,0.0,48.0,9.6,8.0,83.33,91.17,17.6,0.2,2.0,1.4,0.0,0.0,7.4,2.6,1.8,4.0,1.0,1.0,100.0,95.74,0.0,0.0,0.0,0.0,,0.0,1.0
1230,Eredivisie (NL),10280,Thomas Bruns,T. Bruns,1992-01-07,46.62,11.15,13.85,27,27,0,1370.0,50.74,0.07,0.89,406.0,15.04,11.96,79.56,82.6,19.4,1.67,5.48,2.11,0.37,0.3,7.41,1.63,1.0,10.93,3.78,2.59,68.63,71.62,0.37,0.04,7.56,1.78,54.17,0.96,3.41
1230,Eredivisie (NL),10309,Thomas Ouwejan,T. Ouwejan,1996-09-30,78.18,24.45,18.96,6,6,0,371.0,61.83,0.0,1.17,145.0,24.17,19.67,81.38,81.66,18.08,2.17,5.67,5.83,0.83,0.67,12.67,2.67,2.5,15.67,4.83,3.5,72.42,66.38,0.5,0.0,11.5,3.67,45.45,1.67,6.83
1230,Eredivisie (NL),10392,Timon Wellenreuther,T. Wellenreuther,1995-12-03,98.19,28.32,26.5,33,32,1,3271.0,102.22,0.0,0.19,1011.0,31.59,23.19,73.39,83.23,26.75,7.22,4.66,2.69,0.0,0.03,44.31,11.62,6.09,22.41,6.09,5.38,88.2,90.96,0.06,0.0,0.12,0.03,0.0,0.0,5.0
1230,Eredivisie (NL),10410,Tjaronn Chery,T. Chery,1988-06-04,90.7,28.4,19.98,33,29,4,2943.0,101.48,0.31,2.86,924.0,31.86,26.17,82.14,82.24,14.59,1.86,8.1,5.83,1.03,1.21,13.45,3.41,2.41,29.69,9.69,7.31,75.45,75.79,1.34,0.17,29.93,6.45,54.01,3.48,6.45
1230,Eredivisie (NL),10916,Wout Weghorst,W. Weghorst,1992-08-07,70.8,23.45,18.62,28,27,1,1115.0,41.3,0.07,2.19,362.0,13.41,11.0,82.04,77.0,11.91,0.48,5.93,2.04,1.44,0.85,1.04,0.48,0.37,17.85,6.48,5.33,82.29,73.34,1.44,0.07,15.89,4.63,82.4,3.81,3.52
1230,Eredivisie (NL),11036,Younes Namli,Y. Namli,1994-06-20,84.46,23.11,23.79,13,12,1,1421.0,118.42,0.67,2.42,342.0,28.5,22.08,77.49,77.93,16.01,2.33,4.42,3.08,0.42,0.42,14.42,3.75,2.75,40.5,10.5,7.67,73.02,69.3,1.58,0.58,33.83,6.92,55.42,3.83,8.25
1230,Eredivisie (NL),11562,Kasper Dolberg,K. Dolberg,1997-10-06,57.66,18.81,15.62,23,22,1,648.0,29.45,0.18,1.5,183.0,8.32,6.36,76.5,78.36,10.61,0.14,2.59,1.86,0.59,0.36,0.32,0.09,0.05,12.91,3.77,2.77,73.49,75.05,0.77,0.05,8.95,2.18,70.83,1.55,1.95
1230,Eredivisie (NL),11565,Mario Engels,M. Engels,1993-10-22,46.31,11.55,12.37,24,24,0,694.0,28.92,0.12,0.92,192.0,8.0,6.17,77.08,74.93,14.5,0.46,1.75,1.0,0.38,0.33,1.42,0.33,0.29,12.46,3.42,2.33,68.29,66.07,0.71,0.08,12.62,2.83,47.06,1.33,2.88
1230,Eredivisie (NL),11590,Oleksandr Zinchenko,O. Zinchenko,1996-12-15,12.23,3.81,2.62,2,2,0,42.0,21.0,0.0,0.0,14.0,7.0,6.0,85.71,80.76,15.53,0.5,1.0,1.5,0.0,0.0,4.5,1.5,1.5,4.5,2.5,2.0,80.0,74.28,0.0,0.0,6.0,1.0,100.0,1.0,1.5
1230,Eredivisie (NL),11599,Samuel Bastien,S. Bastien,1996-09-26,12.3,3.61,2.5,6,6,0,41.0,6.83,0.0,0.0,14.0,2.33,1.83,78.57,84.54,16.01,0.0,0.83,0.17,0.17,0.0,0.33,0.0,0.0,1.5,0.5,0.17,33.33,65.33,0.0,0.0,1.83,0.5,33.33,0.17,0.33
1230,Eredivisie (NL),11845,Marko Pjaca,M. Pjaca,1995-05-06,38.7,11.73,10.51,26,26,0,1314.0,50.54,0.12,1.35,375.0,14.42,11.96,82.93,79.97,13.9,0.58,3.08,1.92,0.42,0.35,3.58,0.77,0.65,18.58,4.92,3.69,75.0,68.27,0.58,0.08,20.92,4.27,67.57,2.88,3.65
1230,Eredivisie (NL),12340,Dimitrios Limnios,D. Limnios,1998-05-27,68.56,17.37,20.05,34,34,0,2007.0,59.03,0.26,1.62,653.0,19.21,15.44,80.4,79.76,14.52,1.0,3.62,3.74,0.41,0.32,4.76,1.26,0.88,19.71,7.03,5.38,76.57,71.75,1.0,0.21,13.12,3.38,59.13,2.0,4.79
1230,Eredivisie (NL),12432,Dani de Wit,D. de Wit,1998-01-28,87.14,22.86,27.21,29,28,1,1635.0,58.39,0.29,1.29,592.0,21.14,16.93,80.07,81.47,12.14,0.39,9.64,4.36,1.14,0.46,4.0,0.86,0.82,12.14,4.96,3.96,79.86,73.8,0.5,0.07,7.71,2.07,56.9,1.18,4.75
1230,Eredivisie (NL),12447,Jeff Reine-Adélaïde,J. Reine-Adélaïde,1998-01-17,34.42,8.2,7.52,1,1,0,46.0,46.0,0.0,4.0,13.0,13.0,12.0,92.31,82.66,20.94,3.0,2.0,0.0,1.0,0.0,7.0,3.0,2.0,12.0,5.0,4.0,80.0,63.58,3.0,0.0,18.0,6.0,83.33,5.0,3.0
1230,Eredivisie (NL),12532,Vasilios Barkas,V. Barkas,1994-05-30,97.03,25.83,29.57,35,34,1,2720.0,80.0,0.03,0.09,858.0,25.24,18.82,74.59,83.78,26.55,5.5,6.47,2.38,0.0,0.0,32.71,8.26,3.82,14.47,4.88,4.76,97.59,94.21,0.0,0.0,0.0,0.0,,0.0,2.97
1230,Eredivisie (NL),12652,Mauro Jaqueson Júnior Pereira dos Santos,Mauro Júnior,1999-05-06,85.41,29.96,20.4,26,26,0,4356.0,167.54,0.85,3.81,1498.0,57.62,51.35,89.12,89.76,15.21,2.92,10.96,13.27,0.62,0.88,28.15,6.81,5.92,30.0,11.15,9.35,83.79,79.82,1.62,0.35,21.81,4.96,57.36,2.85,6.65
1230,Eredivisie (NL),12684,Armando Obispo,A. Obispo,1999-03-05,53.61,18.93,11.77,17,16,1,1214.0,75.88,0.0,0.88,499.0,31.19,28.19,90.38,93.76,17.21,2.0,5.88,6.94,0.06,0.12,21.0,5.94,5.0,11.44,5.44,5.06,93.1,90.19,0.12,0.0,3.38,0.31,20.0,0.06,1.69
1230,Eredivisie (NL),13177,Houboulang Mendes,Houboulang Mendes,1998-05-04,20.12,4.62,5.54,6,6,0,65.0,10.83,0.17,0.17,26.0,4.33,2.33,53.84,69.56,11.76,0.17,1.83,0.17,0.17,0.0,1.33,0.5,0.17,4.33,2.0,1.0,50.0,73.9,0.17,0.17,2.5,0.5,33.33,0.17,1.0
1230,Eredivisie (NL),13487,Kaj Sierhuis,K. Sierhuis,1998-04-27,70.58,17.05,21.49,30,30,0,1240.0,41.33,0.2,1.67,407.0,13.57,9.8,72.24,74.51,12.14,0.33,5.67,2.07,1.53,0.37,1.23,0.43,0.23,16.77,6.13,4.53,73.91,73.39,1.13,0.07,13.53,3.63,57.8,2.1,4.17
1230,Eredivisie (NL),13503,Philippe Sandler,P. Sandler,1997-02-10,79.59,25.5,17.57,25,22,3,2367.0,107.59,0.27,1.23,910.0,41.36,36.86,89.12,92.81,16.9,2.5,9.82,8.14,0.27,0.27,24.95,5.82,5.09,12.95,5.05,4.64,91.89,87.59,0.36,0.14,5.59,0.86,84.21,0.73,2.77
1230,Eredivisie (NL),13525,Jordan Lotomba,J. Lotomba,1998-09-29,52.09,14.9,13.98,20,19,1,923.0,48.58,0.11,0.74,348.0,18.32,16.37,89.37,92.47,13.32,0.26,3.63,3.74,0.16,0.16,9.21,2.11,1.95,8.16,2.63,2.32,88.0,83.41,0.21,0.11,3.79,0.74,64.29,0.47,1.37
1230,Eredivisie (NL),14268,Ajdin Hrustić,A. Hrustić,1996-07-05,89.37,21.44,25.44,27,27,0,3106.0,115.04,0.33,2.26,930.0,34.44,27.41,79.57,82.1,16.77,3.07,9.3,6.78,1.11,0.89,13.04,3.85,2.67,22.3,7.74,5.19,66.99,71.0,1.04,0.19,22.85,5.67,49.02,2.78,7.89
1230,Eredivisie (NL),14295,Mohamed Hamdaoui,M. Hamdaoui,1993-06-10,15.81,3.84,3.58,7,7,0,95.0,13.57,0.14,0.71,22.0,3.14,2.86,90.91,83.79,16.0,0.29,1.29,0.14,0.29,0.0,0.71,0.0,0.0,3.86,0.43,0.29,66.67,46.64,0.29,0.0,5.43,0.71,80.0,0.57,0.57
1230,Eredivisie (NL),14296,Sherel Constancio Floranus,S. Floranus,1998-08-23,93.35,23.4,29.57,32,30,2,2646.0,88.2,0.23,0.93,1024.0,34.13,27.9,81.74,85.44,15.5,1.73,8.83,6.07,0.47,0.33,16.27,5.23,4.3,18.93,7.7,6.23,80.95,78.74,0.6,0.2,9.87,2.63,41.77,1.1,5.57
1230,Eredivisie (NL),14299,Sam Lammers,S. Lammers,1997-04-30,64.97,20.32,17.32,24,24,0,1012.0,42.17,0.33,1.58,308.0,12.83,10.42,81.17,78.68,11.3,0.29,4.54,2.88,1.38,0.88,1.79,0.54,0.42,17.96,5.83,4.5,77.14,74.86,1.0,0.29,16.75,4.08,73.47,3.0,2.96
1230,Eredivisie (NL),14300,Mitchell van Bergen,M. van Bergen,1999-08-27,85.65,23.65,25.61,28,28,0,2523.0,90.11,0.32,2.57,747.0,26.68,19.0,71.22,73.47,15.68,1.18,4.86,2.61,0.68,0.36,4.39,0.79,0.5,33.0,8.54,5.04,59.0,60.71,1.32,0.21,34.36,8.61,41.49,3.57,10.29
1230,Eredivisie (NL),14310,Jizz Hornkamp,J. Hornkamp,1998-03-07,65.55,16.19,19.29,22,22,0,593.0,26.95,0.05,0.77,181.0,8.23,5.77,70.17,76.27,13.9,0.32,3.95,1.23,0.82,0.32,0.68,0.23,0.14,10.59,3.05,2.09,68.66,72.46,0.27,0.05,9.32,2.36,61.54,1.45,2.0
1230,Eredivisie (NL),14316,Guus Til,G. Til,1997-12-22,82.38,28.82,19.77,29,28,1,1715.0,61.25,0.39,2.43,591.0,21.11,18.61,88.16,84.23,13.56,0.54,7.11,4.04,1.14,0.61,4.75,1.46,1.39,22.0,7.18,5.93,82.59,72.63,1.43,0.29,17.54,4.54,69.29,3.14,3.64
1230,Eredivisie (NL),14318,Owen Wijndal,O. Wijndal,1999-11-28,77.88,24.76,20.21,18,17,1,1601.0,94.18,0.29,1.71,598.0,35.18,30.76,87.46,88.25,13.4,0.47,5.65,9.53,1.06,0.24,17.82,4.82,4.29,23.12,9.47,8.12,85.71,81.29,0.94,0.24,13.65,3.24,45.45,1.47,5.18
1230,Eredivisie (NL),14321,Joris Kramer,J. Kramer,1996-08-02,95.7,27.41,27.3,34,33,1,5386.0,163.21,0.21,1.3,1785.0,54.09,48.15,89.02,90.5,19.02,4.58,9.76,11.15,0.3,0.24,42.55,9.64,7.36,23.85,8.06,6.88,85.34,81.74,0.3,0.06,9.24,2.0,43.94,0.88,6.58
1230,Eredivisie (NL),14322,Myron Boadu,M. Boadu,2001-01-14,28.68,9.83,6.52,13,12,1,149.0,12.42,0.0,0.33,38.0,3.17,2.33,73.69,76.6,11.02,0.08,1.25,0.25,0.58,0.0,0.75,0.08,0.08,5.67,1.42,1.0,70.59,67.47,0.25,0.0,5.17,1.33,56.25,0.75,0.83
1230,Eredivisie (NL),14325,Jasper Schendelaar,J. Schendelaar,2000-09-02,97.8,23.78,29.52,2,2,0,122.0,61.0,0.0,0.0,46.0,23.0,13.5,58.7,81.19,24.52,2.0,7.0,1.0,0.0,0.0,28.5,10.0,3.0,13.0,3.5,3.5,100.0,98.14,0.0,0.0,0.0,0.0,,0.0,3.0
1230,Eredivisie (NL),14329,Kenzo Goudmijn,K. Goudmijn,2001-12-18,50.64,16.05,14.24,16,16,0,1197.0,74.81,0.06,1.25,366.0,22.88,18.38,80.33,80.05,16.38,1.56,5.88,4.0,0.69,0.69,10.44,3.62,2.75,18.75,7.5,5.25,70.0,68.88,0.75,0.0,15.56,4.0,45.31,1.81,5.5
1230,Eredivisie (NL),14346,Sydney van Hooijdonk,S. van Hooijdonk,2000-02-06,71.34,18.96,20.79,18,18,0,605.0,33.61,0.06,0.94,194.0,10.78,8.28,76.8,76.82,12.45,0.22,5.5,1.39,0.94,0.33,1.06,0.11,0.11,12.89,3.83,2.78,72.46,72.0,0.39,0.06,9.72,2.33,64.29,1.5,2.67
1230,Eredivisie (NL),14369,Mattijs Branderhorst,M. Branderhorst,1993-12-31,98.29,23.86,27.97,24,24,0,1909.0,79.54,0.0,0.12,529.0,22.04,10.96,49.72,75.89,35.84,5.92,6.12,1.17,0.0,0.0,40.88,10.54,3.71,8.96,2.46,1.58,64.41,80.64,0.17,0.0,0.04,0.0,,0.0,3.92
1230,Eredivisie (NL),14384,Thomas Buitink,T. Buitink,2000-06-14,21.28,4.44,5.56,8,7,1,46.0,6.57,0.0,0.14,14.0,2.0,1.57,78.57,73.49,15.55,0.0,0.71,0.29,0.43,0.29,0.14,0.0,0.0,3.0,0.86,0.57,66.67,77.95,0.14,0.0,3.71,1.14,62.5,0.71,0.57
1230,Eredivisie (NL),14403,Calvin Verdonk,C. Verdonk,1997-04-26,99.49,33.37,19.56,4,3,1,754.0,251.33,1.33,3.67,259.0,86.33,77.0,89.19,89.68,16.51,5.33,13.67,26.67,1.0,3.0,67.0,17.33,14.67,29.67,14.0,12.33,88.09,79.59,1.0,0.67,30.67,7.0,61.9,4.33,11.67
1230,Eredivisie (NL),14405,Dylan Vente,D. Vente,1999-05-09,78.67,23.16,20.97,30,29,1,1118.0,38.55,0.14,1.24,382.0,13.17,10.31,78.27,78.12,12.92,0.34,4.83,2.83,1.24,0.93,1.52,0.45,0.24,15.31,5.24,3.86,73.68,70.14,0.62,0.03,13.93,3.69,64.49,2.38,3.41
1230,Eredivisie (NL),14420,Finn Stokkers,F. Stokkers,1996-04-18,19.68,5.26,4.61,19,19,0,181.0,9.53,0.0,0.53,62.0,3.26,2.11,64.52,73.85,12.14,0.11,1.21,0.26,0.42,0.11,0.42,0.16,0.05,4.26,1.58,1.05,66.67,68.76,0.32,0.0,3.53,1.26,62.5,0.79,1.05
1230,Eredivisie (NL),14432,Odysseus Velanas,O. Velanas,1998-06-05,55.35,14.5,17.01,13,12,1,635.0,52.92,0.17,1.5,204.0,17.0,13.67,80.39,83.45,12.97,0.17,4.42,2.33,0.58,0.33,6.67,1.08,0.67,16.83,5.75,4.33,75.36,73.76,0.92,0.17,13.58,3.0,58.33,1.75,3.25
1230,Eredivisie (NL),14440,Maarten Paes,M. Paes,1998-05-14,100.04,31.79,28.05,13,12,1,1205.0,100.42,0.0,0.0,427.0,35.58,26.67,74.94,81.85,27.54,9.42,5.58,5.0,0.0,0.0,39.25,12.42,7.17,19.0,5.67,5.17,91.18,93.92,0.0,0.0,0.08,0.08,0.0,0.0,6.92
1230,Eredivisie (NL),14477,Vito van Crooij,V. van Crooij,1996-01-29,65.48,18.9,18.19,17,15,2,616.0,41.07,0.0,1.0,227.0,15.13,11.4,75.33,82.14,16.68,0.93,6.6,3.07,1.13,0.27,4.73,1.6,1.27,9.6,3.47,2.6,75.0,77.45,0.4,0.07,10.27,2.67,50.0,1.33,3.27
1230,Eredivisie (NL),14478,Clint Leemans,C. Leemans,1995-09-15,49.24,13.93,13.04,31,31,0,2470.0,79.68,0.1,1.23,837.0,27.0,22.65,83.87,86.03,17.74,2.29,6.9,5.26,0.68,0.16,16.13,4.42,3.13,13.81,5.45,4.29,78.7,80.26,0.45,0.0,8.45,1.84,47.37,0.87,4.61
1230,Eredivisie (NL),14483,Thomas van den Belt,T. van den Belt,2001-06-18,71.83,21.91,20.07,31,31,0,2747.0,88.61,0.26,2.48,942.0,30.39,25.81,84.93,85.31,14.63,1.19,11.19,6.39,1.0,0.81,10.32,2.74,2.23,16.35,5.48,4.45,81.18,76.32,1.19,0.19,17.48,3.97,67.48,2.68,5.06
1230,Eredivisie (NL),14498,Michael Brouwer,M. Brouwer,1993-01-21,75.84,21.48,19.37,2,2,0,113.0,56.5,0.0,0.0,33.0,16.5,13.5,81.82,80.84,32.91,7.5,4.5,2.5,0.0,0.0,29.5,7.0,5.0,11.5,3.0,3.0,100.0,98.19,0.0,0.0,0.0,0.0,,0.0,2.5
1230,Eredivisie (NL),14515,Delano van Crooij,D. van Crooij,1991-06-05,97.16,26.02,27.02,1,1,0,68.0,68.0,0.0,5.0,21.0,21.0,15.0,71.43,73.42,19.47,2.0,9.0,2.0,1.0,0.0,5.0,2.0,1.0,25.0,6.0,5.0,83.33,69.31,3.0,0.0,29.0,5.0,60.0,3.0,7.0
1230,Eredivisie (NL),14520,Evert Linthorst,E. Linthorst,2000-03-03,55.7,15.47,15.98,29,28,1,2311.0,82.54,0.25,0.96,721.0,25.75,22.14,85.99,89.25,17.08,2.11,7.5,4.25,0.54,0.39,16.21,2.82,2.18,11.32,4.32,3.64,84.3,79.43,0.21,0.07,7.86,1.71,41.67,0.71,3.14
1230,Eredivisie (NL),14524,Simon Janssen,S. Janssen,2000-09-25,44.57,12.35,13.67,12,11,1,408.0,37.09,0.27,0.64,149.0,13.55,11.27,83.22,80.54,17.78,1.36,3.0,2.91,0.45,0.09,7.0,1.91,1.36,11.0,3.45,3.09,89.47,72.05,0.45,0.09,6.91,1.91,47.62,0.91,3.27
1230,Eredivisie (NL),14525,Sem  Steijn,S. Steijn,2001-11-12,56.6,17.54,14.56,21,21,0,771.0,36.71,0.19,1.67,287.0,13.67,11.95,87.46,83.23,14.55,0.57,4.57,2.24,0.76,0.48,3.52,1.38,1.1,10.76,3.95,3.19,80.72,79.01,0.57,0.0,10.81,2.76,68.97,1.9,2.67
1230,Eredivisie (NL),14580,Jari De Busser,J. De Busser,1999-10-21,97.26,27.72,27.79,34,33,1,3483.0,105.55,0.0,0.03,1002.0,30.36,21.15,69.66,82.53,27.63,7.0,5.03,2.82,0.0,0.0,42.85,12.94,6.24,20.45,5.91,5.36,90.77,95.0,0.0,0.0,0.03,0.0,,0.0,4.7
1230,Eredivisie (NL),14601,Takehiro Tomiyasu,T. Tomiyasu,1998-11-05,31.43,9.39,9.34,9,8,1,324.0,40.5,0.0,0.62,113.0,14.12,11.62,82.3,88.89,14.76,0.5,3.25,3.12,0.25,0.0,7.25,1.75,1.38,6.12,1.75,1.25,71.43,88.66,0.0,0.0,4.5,0.88,57.14,0.5,1.88
1230,Eredivisie (NL),14919,Cyle Christopher Larin,C. Larin,1995-04-17,23.85,7.0,5.76,8,8,0,89.0,11.12,0.0,0.5,30.0,3.75,3.12,83.33,76.55,13.59,0.12,1.25,0.88,0.12,0.38,0.62,0.12,0.12,3.0,1.38,1.25,90.91,75.45,0.25,0.0,3.62,1.0,87.5,0.88,1.25
1230,Eredivisie (NL),16481,Ibrahim Sadiq,I. Sadiq,2000-05-07,35.75,10.87,9.17,20,20,0,683.0,34.15,0.0,0.9,226.0,11.3,8.6,76.11,80.43,15.34,1.05,3.25,2.05,0.35,0.35,1.9,0.45,0.3,10.45,3.8,2.3,60.53,65.96,0.6,0.0,8.95,2.35,38.3,0.9,2.7
1230,Eredivisie (NL),16552,Darko Nejašmić,D. Nejašmić,1999-01-25,90.95,27.76,20.2,29,26,3,3473.0,133.58,0.15,1.96,1119.0,43.04,37.08,86.15,86.42,17.2,3.19,10.42,8.96,0.54,0.5,29.81,8.19,6.5,16.12,5.88,5.08,86.27,78.25,0.27,0.0,14.96,2.62,72.06,1.88,6.19
1230,Eredivisie (NL),16666,Gernot Trauner,G. Trauner,1992-03-25,59.32,16.21,19.08,5,5,0,335.0,67.0,0.0,0.8,135.0,27.0,23.4,86.67,88.36,17.47,1.0,8.0,4.2,0.0,0.0,25.6,9.0,7.2,11.6,4.8,3.6,75.0,77.95,0.4,0.0,3.6,1.0,40.0,0.4,2.6
1230,Eredivisie (NL),16997,Paweł Bochniewicz,P. Bochniewicz,1996-01-30,10.2,2.65,1.67,1,1,0,0.0,0.0,0.0,0.0,0.0,0.0,0.0,,,,0.0,0.0,0.0,0.0,0.0,0.0,0.0,0.0,0.0,0.0,0.0,,,0.0,0.0,0.0,0.0,,0.0,0.0
1230,Eredivisie (NL),17018,Daniel Bielica,D. Bielica,1999-04-30,98.18,26.11,27.32,33,32,1,2344.0,73.25,0.0,0.03,752.0,23.5,15.78,67.15,79.51,28.96,6.12,6.94,2.41,0.0,0.0,32.0,9.09,4.06,8.97,3.19,2.84,89.22,90.69,0.0,0.0,0.06,0.0,,0.0,3.56
1230,Eredivisie (NL),17116,Dennis Man,D. Man,1998-08-26,63.33,21.93,14.81,25,25,0,1975.0,79.0,0.52,2.48,622.0,24.88,21.36,85.85,81.86,13.15,0.72,5.04,4.24,0.72,0.52,6.12,1.52,1.32,28.56,8.44,6.72,79.62,72.15,1.44,0.28,22.8,5.32,66.92,3.56,5.16
1230,Eredivisie (NL),17462,Elazar Dasa,E. Dasa,1992-12-03,91.09,28.48,19.86,22,22,0,2396.0,108.91,0.18,2.09,837.0,38.05,31.68,83.27,84.52,16.65,2.86,7.82,6.18,0.86,0.45,25.05,7.64,5.68,21.82,8.41,6.55,77.84,74.16,0.82,0.05,14.73,4.36,50.0,2.18,7.86
1230,Eredivisie (NL),17674,Enes Mahmutovic,E. Mahmutovic,1997-05-22,51.79,11.76,15.48,15,14,1,560.0,40.0,0.0,0.21,223.0,15.93,12.93,81.17,87.66,19.23,1.43,4.36,2.86,0.21,0.0,9.57,3.21,2.29,5.36,1.64,1.5,91.3,80.46,0.0,0.0,1.21,0.29,50.0,0.14,2.21
1230,Eredivisie (NL),18767,Pelle Clement,P. Clement,1996-05-19,66.34,17.0,21.23,25,25,0,1709.0,68.36,0.2,1.16,557.0,22.28,18.72,84.02,87.12,15.22,0.96,6.08,3.6,0.64,0.44,10.2,2.36,1.8,13.32,4.96,4.04,81.45,80.44,0.68,0.2,10.04,2.68,62.69,1.68,3.28
1230,Eredivisie (NL),18872,Steven Benda,S. Benda,1998-10-01,100.78,34.18,14.3,1,1,0,61.0,61.0,0.0,0.0,20.0,20.0,17.0,85.0,91.72,22.67,1.0,1.0,4.0,0.0,0.0,22.0,4.0,1.0,17.0,7.0,5.0,71.43,94.6,0.0,0.0,0.0,0.0,,0.0,1.0
1230,Eredivisie (NL),19021,Siebe Horemans,S. Horemans,1998-06-02,70.25,18.58,20.87,29,28,1,1996.0,71.29,0.07,1.21,766.0,27.36,22.07,80.68,82.22,18.35,2.54,8.07,6.86,0.54,0.29,16.36,6.29,4.82,14.86,5.54,4.54,81.94,73.77,0.5,0.07,6.75,2.04,52.63,1.07,6.61
1230,Eredivisie (NL),19024,Jerdy Schouten,J. Schouten,1997-01-12,90.42,32.22,20.45,28,27,1,5018.0,185.85,0.3,3.26,1801.0,66.7,62.59,93.84,92.34,16.63,2.7,15.67,15.3,0.67,0.52,44.93,13.37,11.74,23.7,9.7,9.07,93.51,85.84,0.96,0.07,10.67,2.44,78.79,1.93,4.33
1230,Eredivisie (NL),19212,Gerrit Nauber,G. Nauber,1992-04-13,97.94,29.16,26.22,9,9,0,1144.0,127.11,0.11,1.0,432.0,48.0,42.89,89.35,92.8,18.83,3.0,6.22,9.22,0.11,0.22,28.44,7.22,4.78,19.44,7.0,6.67,95.24,90.94,0.22,0.0,4.11,1.0,66.67,0.67,4.78
1230,Eredivisie (NL),19906,Andries Noppert,A. Noppert,1994-04-07,103.63,29.14,25.66,4,4,0,404.0,101.0,0.0,0.0,121.0,30.25,20.25,66.94,82.06,24.76,5.25,7.75,2.25,0.0,0.0,48.0,10.5,4.0,11.75,4.0,4.0,100.0,96.92,0.0,0.0,0.0,0.0,,0.0,5.25
1230,Eredivisie (NL),20103,Iván Márquez Álvarez,Iván Márquez,1994-06-09,85.2,19.96,25.58,32,32,0,2032.0,63.5,0.03,0.53,931.0,29.09,24.97,85.82,92.8,17.5,1.56,7.22,8.03,0.03,0.03,11.75,3.81,2.72,9.62,4.53,4.22,93.1,94.94,0.06,0.0,0.44,0.12,75.0,0.09,2.5
1230,Eredivisie (NL),22142,Anel Ahmedhodžić,A. Ahmedhodžić,1999-03-26,91.99,27.32,24.17,26,26,0,3585.0,137.88,0.23,1.81,1322.0,50.85,46.88,92.21,94.32,16.47,1.58,8.58,10.04,0.12,0.15,37.81,7.19,5.88,18.92,6.62,5.96,90.12,89.87,0.19,0.04,5.65,0.92,62.5,0.58,2.88
1230,Eredivisie (NL),22254,Arthur Zagré,A. Zagré,2001-10-04,84.45,24.17,24.65,30,27,3,2531.0,93.74,0.19,1.3,935.0,34.63,29.11,84.07,86.5,15.65,2.3,7.48,6.78,0.41,0.3,16.41,4.81,3.48,25.33,9.33,7.67,82.14,77.97,0.56,0.04,13.22,2.93,55.7,1.63,5.93
1230,Eredivisie (NL),23105,Troy Parrott,T. Parrott,2002-02-04,83.94,25.97,23.18,28,28,0,1375.0,49.11,0.14,1.75,446.0,15.93,12.36,77.58,79.99,12.65,0.39,5.64,3.25,1.36,0.75,1.5,0.43,0.32,19.36,7.25,5.43,74.88,76.75,0.86,0.04,16.93,4.68,65.65,3.07,3.64
1230,Eredivisie (NL),23110,Sergiño Dest,S. Dest,2000-11-03,87.03,30.13,20.5,27,26,1,3791.0,145.81,0.65,3.42,1294.0,49.77,44.65,89.72,88.12,13.29,1.12,8.0,12.15,0.81,0.58,27.69,8.23,7.65,36.19,13.88,11.19,80.61,78.6,1.54,0.31,25.12,5.69,48.65,2.77,5.92
1230,Eredivisie (NL),23721,Robert Mühren,R. Mühren,1989-05-18,32.47,8.17,9.13,30,28,2,276.0,9.86,0.04,0.54,110.0,3.93,2.46,62.73,73.18,13.41,0.29,2.0,0.5,0.5,0.21,0.14,0.04,0.04,3.25,1.25,0.79,62.86,69.29,0.36,0.07,4.18,1.39,61.54,0.86,1.21
1230,Eredivisie (NL),23972,Mohamed Amine Ihattaren,M. Ihattaren,2002-02-12,73.36,17.99,21.42,28,28,0,2583.0,92.25,0.36,2.29,751.0,26.82,20.54,76.56,77.08,15.6,1.96,7.36,4.54,0.75,0.54,7.11,2.36,1.46,27.93,8.89,6.36,71.49,70.18,1.11,0.29,21.75,5.11,56.64,2.89,7.21
1230,Eredivisie (NL),24162,Ozan Can Kökcü,O. Kökcü,1998-08-18,58.3,15.15,18.22,27,25,2,1415.0,56.6,0.2,1.28,444.0,17.76,15.32,86.26,85.55,14.44,0.72,4.76,2.36,0.36,0.48,4.96,0.88,0.8,11.92,3.92,3.56,90.82,80.59,0.56,0.12,12.72,2.6,72.31,1.88,2.8
1230,Eredivisie (NL),24221,Ivan Mesík,I. Mesík,2001-06-01,94.76,22.12,27.85,30,30,0,2429.0,80.97,0.03,0.83,929.0,30.97,24.7,79.76,83.56,17.37,2.27,8.13,4.53,0.93,0.33,16.67,4.73,3.5,22.07,7.97,6.17,77.41,76.94,0.53,0.03,10.9,2.87,48.84,1.4,6.57
1230,Eredivisie (NL),24470,Matěj Kovář,M. Kovář,2000-05-17,97.15,33.58,22.7,31,30,1,3289.0,109.63,0.03,0.13,1017.0,33.9,28.03,82.69,89.28,24.01,6.33,4.13,4.3,0.0,0.0,47.17,10.43,6.57,25.43,9.43,8.83,93.64,94.56,0.1,0.03,0.17,0.07,0.0,0.0,2.73
1230,Eredivisie (NL),24559,Jan Žambůrek,J. Žambůrek,2001-02-13,70.06,17.14,20.9,26,26,0,1777.0,68.35,0.08,0.73,557.0,21.42,17.96,83.84,88.15,16.24,1.42,6.46,3.88,0.27,0.23,8.65,1.65,1.15,9.15,3.12,2.27,72.84,79.28,0.42,0.04,7.58,1.38,47.22,0.65,2.96
1230,Eredivisie (NL),24674,Maxence Rivera,M. Rivera,2002-05-30,72.75,21.36,20.75,29,29,0,2147.0,74.03,0.24,2.38,608.0,20.97,15.97,76.15,77.49,13.48,0.55,3.97,3.1,0.86,0.52,6.07,1.69,1.41,29.83,8.28,5.9,71.25,67.57,1.52,0.17,30.45,6.76,57.65,3.9,6.03
1230,Eredivisie (NL),24874,Danilo Pereira da Silva,Danilo,1999-04-07,32.61,10.95,5.43,11,9,2,219.0,24.33,0.0,0.67,62.0,6.89,5.11,74.19,78.39,13.01,0.22,2.44,1.11,0.89,0.44,1.67,0.22,0.22,7.67,2.56,1.56,60.87,75.26,0.22,0.0,10.33,2.56,60.87,1.56,1.67
1230,Eredivisie (NL),24875,Etienne Vaessen,E. Vaessen,1995-07-26,94.12,26.75,25.84,28,27,1,3567.0,132.11,0.04,0.33,927.0,34.33,24.78,72.17,81.75,29.32,10.37,4.11,1.37,0.0,0.0,64.74,13.93,7.48,21.11,6.93,6.11,88.24,90.01,0.07,0.0,0.04,0.0,,0.0,4.56
1230,Eredivisie (NL),24880,Emil Hansson,E. Hansson,1998-06-15,52.6,16.37,15.63,12,10,2,475.0,47.5,0.1,1.2,145.0,14.5,12.1,83.45,81.86,11.54,0.5,3.5,2.0,0.2,0.2,2.7,0.6,0.6,14.3,4.4,3.2,72.73,74.5,0.7,0.0,15.2,2.9,55.17,1.6,3.3
1230,Eredivisie (NL),24885,Melle Meulensteen,M. Meulensteen,1999-07-04,88.92,25.6,25.6,34,33,1,4717.0,142.94,0.15,1.61,1499.0,45.42,40.58,89.33,89.87,16.91,3.12,10.06,10.09,0.48,0.3,30.27,6.42,5.18,21.82,7.91,7.06,89.27,85.11,0.3,0.03,13.12,2.58,51.76,1.33,5.12
1230,Eredivisie (NL),24888,Saïd Riad  Bakari,S. Bakari,1994-09-22,36.45,9.44,11.45,13,13,0,547.0,42.08,0.08,0.85,201.0,15.46,13.54,87.56,88.93,17.55,1.31,2.46,3.46,0.15,0.0,8.31,2.38,1.92,9.62,3.46,2.85,82.22,78.48,0.23,0.0,4.0,0.85,36.36,0.31,2.15
1230,Eredivisie (NL),24893,Youri Pieter Regeer,Y. Regeer,2003-08-18,69.72,22.8,18.79,26,25,1,2582.0,103.28,0.28,1.32,915.0,36.6,33.56,91.69,91.82,15.38,1.2,9.32,8.16,0.36,0.24,14.76,3.76,3.28,12.96,5.32,4.68,87.97,81.0,0.4,0.08,7.04,1.68,57.14,0.96,2.8
1230,Eredivisie (NL),24911,Ko Itakura,K. Itakura,1997-01-27,78.51,23.98,22.09,18,18,0,2228.0,123.78,0.22,1.06,823.0,45.72,42.39,92.71,94.61,16.13,1.72,7.22,10.44,0.11,0.11,29.72,6.06,5.22,18.61,7.33,6.94,94.7,91.36,0.33,0.06,3.61,0.83,60.0,0.5,2.44
1230,Eredivisie (NL),25016,Fabian de Keijzer,F. de Keijzer,2000-05-10,97.34,22.49,29.94,8,8,0,940.0,117.5,0.0,0.12,230.0,28.75,17.25,60.0,79.16,33.09,8.0,4.88,3.0,0.0,0.0,58.62,15.12,6.5,17.38,4.5,3.88,86.11,92.17,0.0,0.0,0.0,0.0,,0.0,4.88
1230,Eredivisie (NL),25017,Justin Lonwijk,J. Lonwijk,1999-12-21,63.97,16.03,18.44,15,15,0,550.0,36.67,0.13,0.93,185.0,12.33,8.87,71.89,75.9,15.03,0.53,5.87,2.47,1.13,0.33,1.53,0.53,0.13,10.2,3.93,2.67,67.8,72.31,0.53,0.13,9.73,2.33,57.14,1.33,3.73
1230,Eredivisie (NL),25077,Jakub Moder,J. Moder,1999-04-07,87.35,24.3,22.93,10,9,1,924.0,102.67,0.0,2.11,279.0,31.0,24.33,78.49,81.05,14.94,1.67,9.67,6.0,1.56,0.78,15.11,4.56,3.0,20.67,7.56,5.44,72.06,71.03,0.78,0.0,21.0,5.0,57.78,2.89,7.89
1230,Eredivisie (NL),25342,Shawn Femi Adewoye,S. Adewoye,2000-06-29,78.27,18.2,23.4,28,28,0,2038.0,72.79,0.07,0.61,769.0,27.46,24.11,87.78,91.64,18.93,2.14,4.96,6.21,0.07,0.0,16.46,4.29,3.04,9.86,4.39,4.04,91.87,88.33,0.18,0.0,1.04,0.18,80.0,0.14,3.07
1230,Eredivisie (NL),25347,Matisse  Didden,M. Didden,2001-10-08,87.67,23.22,27.07,24,23,1,2566.0,111.57,0.09,1.0,989.0,43.0,36.96,85.95,89.17,21.16,5.87,8.35,10.17,0.09,0.09,29.22,8.48,6.48,17.22,6.13,5.09,82.98,80.76,0.26,0.04,2.13,0.52,50.0,0.26,5.7
1230,Eredivisie (NL),25348,Luca Oyen,L. Oyen,2003-03-14,37.4,11.78,11.09,15,14,1,552.0,39.43,0.14,0.71,153.0,10.93,8.5,77.78,80.94,12.21,0.14,2.07,1.5,0.07,0.0,3.86,0.71,0.57,12.21,3.21,2.36,73.33,69.03,0.36,0.14,12.86,1.86,46.15,0.86,2.5
1230,Eredivisie (NL),25429,In-Beom Hwang,Hwang In-Beom,1996-09-20,62.93,18.72,17.35,17,16,1,1600.0,100.0,0.31,2.0,501.0,31.31,26.44,84.43,87.35,14.49,1.31,9.94,5.94,0.94,0.69,16.56,3.38,2.12,15.62,5.31,4.0,75.29,76.71,0.56,0.06,17.12,3.75,48.33,1.81,4.38
1230,Eredivisie (NL),25517,Henk Veerman,H. Veerman,1991-02-26,73.86,19.08,23.08,23,22,1,412.0,18.73,0.14,0.45,142.0,6.45,4.36,67.61,72.6,16.69,0.55,3.32,0.82,0.91,0.41,0.23,0.09,0.0,9.14,2.95,1.82,61.54,69.32,0.36,0.09,7.5,2.09,47.83,1.0,2.09
1230,Eredivisie (NL),25548,Marco Rente,M. Rente,1997-02-25,83.92,23.24,24.14,29,28,1,1906.0,68.07,0.29,1.93,737.0,26.32,20.18,76.66,77.76,17.3,1.68,10.39,3.64,1.43,0.36,10.79,3.39,2.04,22.07,7.96,5.75,72.2,68.19,1.11,0.11,12.32,4.18,50.43,2.11,7.82
1230,Eredivisie (NL),25550,Can Bozdogan,C. Bozdogan,2001-04-05,28.8,8.32,7.62,18,17,1,709.0,41.71,0.06,0.76,210.0,12.35,10.59,85.71,88.38,16.51,0.76,2.0,2.29,0.06,0.12,9.29,1.76,1.35,8.35,2.53,2.12,83.72,80.04,0.47,0.06,6.29,1.0,52.94,0.53,1.82
1230,Eredivisie (NL),25616,Gonzalo Alejandro Crettaz,G. Crettaz,2000-02-28,99.86,31.25,21.51,31,28,3,4070.0,145.36,0.04,0.21,1109.0,39.61,24.18,61.05,80.04,31.82,9.93,4.11,2.64,0.0,0.0,79.61,19.71,7.71,20.14,5.93,5.21,87.95,89.08,0.07,0.04,0.0,0.0,,0.0,5.21
1230,Eredivisie (NL),26218,Yassin Oukili,Y. Oukili,2001-01-03,41.3,9.59,12.14,13,13,0,449.0,34.54,0.0,0.62,142.0,10.92,8.38,76.76,84.59,13.9,0.54,3.31,2.62,0.46,0.23,3.0,0.77,0.46,6.31,2.62,1.77,67.65,80.09,0.38,0.0,7.0,1.38,55.55,0.77,1.69
1230,Eredivisie (NL),26632,Luuk Koopmans,L. Koopmans,1993-11-18,98.25,23.26,30.57,10,10,0,748.0,74.8,0.0,0.1,210.0,21.0,10.8,51.43,75.31,38.37,6.6,4.5,1.2,0.0,0.0,35.9,10.3,4.5,7.1,1.6,1.2,75.0,82.05,0.0,0.0,0.0,0.0,,0.0,3.4
1230,Eredivisie (NL),26635,Bilal  Ould-Chikh,B. Ould-Chikh,1997-07-28,81.41,21.57,22.57,12,11,1,812.0,73.82,0.27,2.45,226.0,20.55,15.45,75.22,75.48,15.91,1.45,2.82,3.0,0.55,0.45,5.27,1.27,0.73,21.18,6.18,4.45,72.06,71.31,1.09,0.27,25.18,6.27,56.52,3.55,6.82
1230,Eredivisie (NL),26639,Boy Kemper,B. Kemper,1999-06-21,95.82,25.38,26.55,32,31,1,2972.0,95.87,0.13,1.87,1066.0,34.39,24.9,72.42,75.06,16.34,2.32,11.87,4.87,2.29,0.42,17.39,5.58,3.81,32.29,12.61,8.65,68.54,66.34,1.1,0.06,18.32,5.58,35.84,2.0,11.94
1230,Eredivisie (NL),26758,Sam Kersten,S. Kersten,1998-01-30,82.68,23.6,23.4,31,30,1,3152.0,105.07,0.13,1.17,1227.0,40.9,36.67,89.65,92.47,17.73,2.67,6.83,10.4,0.17,0.03,26.77,6.5,5.1,15.53,6.0,5.37,89.44,88.49,0.2,0.0,2.73,0.63,57.89,0.37,3.47
1230,Eredivisie (NL),26778,Joey  Veerman,J. Veerman,1998-11-19,83.96,29.8,19.78,30,29,1,5505.0,189.83,0.66,4.52,1785.0,61.55,53.83,87.45,86.7,17.1,4.66,15.38,14.72,1.76,2.1,41.97,12.76,10.17,31.14,12.07,9.41,78.0,74.78,1.79,0.31,29.83,7.55,64.84,4.9,9.03
1230,Eredivisie (NL),26860,Tsuyoshi Watanabe,T. Watanabe,1997-02-05,96.22,27.88,25.4,30,30,0,4185.0,139.5,0.23,1.83,1636.0,54.53,49.83,91.38,94.25,18.23,3.57,10.17,10.37,0.13,0.13,35.4,6.9,5.4,18.1,7.03,6.37,90.52,89.35,0.47,0.07,6.63,1.33,75.0,1.0,3.5
1230,Eredivisie (NL),26886,Ayase Ueda,A. Ueda,1998-08-28,86.93,25.19,23.33,31,30,1,1130.0,37.67,0.1,1.3,313.0,10.43,8.3,79.55,78.93,12.38,0.2,4.23,2.1,0.97,0.53,0.83,0.33,0.23,13.6,3.57,2.77,77.57,74.39,0.53,0.07,12.93,2.7,72.84,1.97,2.5
1230,Eredivisie (NL),27121,Ricardo Daniel Pepi,R. Pepi,2003-01-09,57.78,20.15,13.5,26,25,1,695.0,27.8,0.04,1.08,239.0,9.56,8.08,84.52,82.81,12.71,0.28,3.32,2.0,0.76,0.48,0.96,0.2,0.12,11.72,3.84,3.12,81.25,77.43,0.44,0.04,10.68,2.52,77.78,1.96,1.6
1230,Eredivisie (NL),27365,Søren Tengstedt,S. Tengstedt,2000-06-30,53.84,15.15,15.9,13,12,1,572.0,47.67,0.17,1.25,146.0,12.17,9.83,80.82,82.67,14.69,0.58,2.92,0.92,0.33,0.17,3.08,0.58,0.33,14.83,2.58,2.0,77.42,76.09,0.42,0.08,14.83,2.33,67.86,1.58,2.67
1230,Eredivisie (NL),27465,Simon Graves Jensen,S. Graves,1999-05-22,90.38,22.15,28.53,32,30,2,3714.0,123.8,0.13,0.7,1408.0,46.93,39.87,84.94,88.74,18.68,2.97,9.53,10.53,0.1,0.0,35.43,12.37,9.03,15.3,6.1,4.63,75.96,78.65,0.23,0.03,2.33,0.7,42.86,0.3,6.5
1230,Eredivisie (NL),27677,Dylan Mbayo,D. Mbayo,2001-10-11,39.05,9.57,12.01,14,13,1,387.0,29.77,0.08,0.77,110.0,8.46,7.31,86.36,85.7,12.58,0.08,1.38,1.38,0.08,0.0,1.77,0.38,0.23,9.08,2.0,1.31,65.39,69.91,0.38,0.08,7.69,1.69,68.18,1.15,1.15
1230,Eredivisie (NL),27690,Alec Van Hoorenbeeck,A. Van Hoorenbeeck,1998-12-30,97.84,23.5,28.39,24,24,0,2717.0,113.21,0.0,0.67,1033.0,43.04,37.33,86.74,91.97,19.26,3.25,9.71,6.25,0.17,0.08,28.83,7.79,6.25,17.46,7.0,6.38,91.07,90.53,0.21,0.0,4.0,0.67,50.0,0.33,4.25
1230,Eredivisie (NL),27770,Leo Greiml,L. Greiml,2001-07-03,88.43,22.9,24.17,14,14,0,1420.0,101.43,0.07,0.5,608.0,43.43,37.57,86.51,91.92,18.28,2.36,10.93,8.71,0.21,0.14,22.0,7.0,5.5,14.43,6.79,6.36,93.69,92.01,0.0,0.0,2.36,1.0,42.86,0.43,4.29
1230,Eredivisie (NL),28094,Oscar Pettersson,O. Pettersson,2000-02-01,36.22,9.42,8.97,5,5,0,94.0,18.8,0.2,0.6,36.0,7.2,5.0,69.44,72.87,13.86,0.0,2.0,1.8,0.4,0.4,0.6,0.4,0.4,7.2,2.0,0.6,30.0,45.16,0.2,0.2,6.8,2.0,20.0,0.4,2.6
1230,Eredivisie (NL),28137,Jesper Karlsson,J. Karlsson,1998-07-25,44.01,11.59,14.07,18,17,1,686.0,40.35,0.18,1.76,200.0,11.76,9.06,77.0,77.5,12.58,0.24,2.88,1.53,0.47,0.24,2.18,0.59,0.41,15.24,4.18,3.12,74.65,67.34,0.82,0.12,16.24,3.59,54.1,1.94,3.65
1230,Eredivisie (NL),28597,Raúl Moro Prescoli,Raúl Moro,2002-12-05,44.95,14.23,11.74,14,14,0,614.0,43.86,0.29,2.21,202.0,14.43,10.36,71.78,69.1,13.4,0.21,3.14,1.93,0.36,0.79,2.93,1.07,0.93,20.14,7.79,5.43,69.72,63.37,1.64,0.14,17.71,5.64,49.37,2.79,5.36
1230,Eredivisie (NL),28865,Jakob Breum Martinsen,J. Breum,2003-11-17,76.97,22.02,21.94,28,27,1,2929.0,108.48,0.37,2.26,830.0,30.74,26.48,86.14,84.61,15.73,2.07,6.81,4.78,0.26,1.0,14.59,3.7,3.0,24.0,8.56,6.89,80.52,74.99,1.15,0.22,19.67,4.67,64.29,3.0,5.56
1230,Eredivisie (NL),29076,Vasilios Zagaritis,V. Zagaritis,2001-05-04,89.93,26.47,25.01,34,33,1,3239.0,98.15,0.15,2.03,1110.0,33.64,28.15,83.69,84.53,15.63,1.39,6.64,5.12,1.52,0.58,17.21,4.24,3.48,27.36,9.48,7.18,75.72,73.62,0.94,0.18,18.85,4.88,47.21,2.3,6.45
1230,Eredivisie (NL),29154,Joël Drommel,J. Drommel,1996-11-16,97.56,25.95,29.87,32,32,0,3407.0,106.47,0.06,0.25,1109.0,34.66,23.97,69.16,82.27,30.3,9.25,7.09,2.0,0.0,0.0,42.44,12.78,5.81,20.31,5.84,5.12,87.7,91.18,0.06,0.0,0.25,0.09,33.33,0.03,5.22
1230,Eredivisie (NL),29155,Ramiz Zerrouki,R. Zerrouki,1998-05-26,88.62,26.61,23.87,31,31,0,4433.0,143.0,0.16,3.1,1420.0,45.81,39.77,86.83,87.5,16.55,3.23,15.9,7.94,0.65,0.35,28.58,7.16,5.81,18.77,7.26,6.39,88.0,82.07,1.0,0.13,16.06,2.81,80.46,2.26,5.65
1230,Eredivisie (NL),29421,Casper Widell,C. Widell,2003-05-05,97.1,27.52,28.59,33,30,3,3093.0,103.1,0.03,0.73,1369.0,45.63,38.53,84.44,90.25,21.5,6.3,12.9,4.57,0.1,0.0,27.63,9.47,6.93,13.83,5.7,4.93,86.55,84.28,0.1,0.0,1.3,0.27,37.5,0.1,5.8
1230,Eredivisie (NL),29922,Bryan Michael Limbombe Ekango,B. Limbombe,2001-05-14,63.87,15.34,19.49,22,22,0,1102.0,50.09,0.18,1.36,355.0,16.14,11.91,73.8,74.61,11.8,0.27,4.5,2.27,0.73,0.5,3.82,1.0,0.64,18.18,6.45,4.0,61.97,65.06,0.64,0.14,15.86,4.05,42.7,1.73,5.32
1230,Eredivisie (NL),29925,Anthony Descotte,A. Descotte,2003-08-03,72.54,18.6,20.72,14,13,1,597.0,45.92,0.08,1.15,163.0,12.54,9.69,77.3,80.03,12.94,0.38,3.31,1.23,0.62,0.15,3.0,0.62,0.23,14.92,4.31,3.0,69.64,79.07,0.46,0.0,14.85,3.31,67.44,2.23,2.62
1230,Eredivisie (NL),30201,Eliano Reijnders,E. Reijnders,2000-10-23,27.6,3.54,7.44,2,1,1,20.0,20.0,0.0,0.0,5.0,5.0,3.0,60.0,58.06,16.12,1.0,1.0,2.0,0.0,1.0,3.0,1.0,0.0,8.0,2.0,1.0,50.0,65.91,0.0,0.0,7.0,2.0,100.0,2.0,3.0
1230,Eredivisie (NL),30217,Youssef El Kachati,Y. El Kachati,1999-11-30,32.02,10.3,5.78,19,16,3,373.0,23.31,0.12,0.44,89.0,5.56,3.88,69.66,68.39,11.38,0.0,0.94,1.12,0.31,0.75,0.69,0.12,0.12,8.56,2.12,1.31,61.76,55.43,0.25,0.12,14.44,2.75,50.0,1.38,2.44
1230,Eredivisie (NL),30236,Sven Mijnans,S. Mijnans,2000-03-09,83.88,25.77,22.49,30,30,0,3043.0,101.43,0.53,2.87,1006.0,33.53,27.3,81.41,81.49,14.19,1.3,11.23,7.6,1.33,1.57,9.53,2.8,1.8,24.63,10.1,7.53,74.59,70.29,1.57,0.37,23.97,6.53,63.27,4.13,6.93
1230,Eredivisie (NL),30334,Charles-Andreas Brym,C. Brym,1998-08-08,67.55,17.16,19.0,24,24,0,1598.0,66.58,0.29,2.0,398.0,16.58,12.54,75.63,77.53,14.14,0.83,3.71,2.04,0.62,0.38,4.08,0.5,0.38,23.88,5.83,4.12,70.72,71.66,0.88,0.17,21.58,4.12,44.44,1.83,4.29
1230,Eredivisie (NL),30785,Szymon Włodarczyk,S. Włodarczyk,2003-01-05,39.68,10.58,11.05,22,20,2,310.0,15.5,0.1,0.85,97.0,4.85,3.45,71.13,71.67,13.27,0.25,2.0,1.15,0.3,0.15,0.25,0.15,0.1,5.15,2.0,1.45,72.5,68.19,0.5,0.05,3.8,1.2,54.17,0.65,1.8
1230,Eredivisie (NL),31230,Shola Shoretire,S. Shoretire,2004-02-02,73.74,18.43,22.25,24,23,1,1428.0,62.09,0.13,1.13,440.0,19.13,15.87,82.95,82.68,14.26,0.87,4.04,3.3,0.22,0.26,8.0,1.91,1.57,19.22,5.7,4.3,75.57,73.83,0.65,0.09,12.65,2.78,57.81,1.61,3.57
1230,Eredivisie (NL),31266,Alfons Sampsted,A. Sampsted,1998-04-06,76.51,19.8,24.31,12,11,1,752.0,68.36,0.18,0.91,298.0,27.09,21.18,78.19,84.37,15.99,1.36,7.0,6.55,0.55,0.18,14.91,5.09,3.36,14.64,4.91,3.64,74.07,79.69,0.18,0.09,5.91,1.64,38.89,0.64,5.0
1230,Eredivisie (NL),31933,Miguel Rodríguez Vidal,Miguel Rodríguez,2003-04-29,60.55,15.9,18.35,24,24,0,1438.0,59.92,0.17,1.5,380.0,15.83,12.42,78.42,77.08,15.63,0.83,2.92,1.96,0.38,0.33,3.71,0.96,0.54,21.54,5.0,3.62,72.5,70.31,0.46,0.0,16.12,3.83,60.87,2.33,4.67
1230,Eredivisie (NL),32167,Josip Šutalo,J. Šutalo,2000-02-28,80.51,25.84,22.0,24,23,1,3234.0,140.61,0.13,0.57,1280.0,55.65,51.78,93.05,94.6,17.21,3.52,8.0,13.7,0.17,0.0,35.65,9.04,7.96,20.83,9.96,9.26,93.01,92.65,0.13,0.0,1.57,0.43,70.0,0.3,3.09
1230,Eredivisie (NL),32257,Jasper Dahlhaus,J. Dahlhaus,2001-11-27,88.45,21.41,25.71,26,26,0,2093.0,80.5,0.23,1.23,749.0,28.81,22.77,79.04,84.62,15.33,1.27,5.12,4.58,0.35,0.15,15.54,5.04,3.5,19.04,6.38,4.85,75.9,79.29,0.46,0.04,10.77,2.38,30.64,0.73,5.96
1230,Eredivisie (NL),32261,Couhaib Driouech,C. Driouech,2002-04-17,37.62,12.52,8.7,29,28,1,1319.0,47.11,0.29,1.32,404.0,14.43,11.57,80.2,80.93,14.23,0.57,3.71,1.71,0.43,0.25,2.82,0.75,0.46,14.32,3.86,3.04,78.7,68.05,0.75,0.14,17.64,3.82,56.07,2.14,3.61
1230,Eredivisie (NL),32381,Kamal Sowah,K. Sowah,2000-01-09,90.76,23.76,25.53,33,32,1,3157.0,98.66,0.19,1.94,1030.0,32.19,26.25,81.55,83.56,14.48,1.03,7.75,6.84,0.94,0.66,10.38,2.12,1.44,21.53,8.34,5.94,71.16,74.06,1.0,0.12,16.56,4.0,49.22,1.97,6.59
1230,Eredivisie (NL),32457,Thibo Baeten,T. Baeten,2002-06-04,44.32,12.08,12.35,20,19,1,779.0,41.0,0.16,0.95,185.0,9.74,6.05,62.16,69.32,15.41,0.53,1.32,0.74,0.32,0.21,3.32,0.58,0.47,17.95,4.11,2.16,52.56,58.9,0.42,0.11,16.84,4.37,33.73,1.47,4.16
1230,Eredivisie (NL),32482,Vítězslav Jaroš,V. Jaroš,2001-07-23,98.04,32.21,25.51,18,18,0,1901.0,105.61,0.0,0.0,622.0,34.56,27.44,79.42,85.25,24.19,6.56,5.0,4.06,0.0,0.0,37.72,9.94,5.94,23.5,7.22,6.83,94.62,94.72,0.06,0.06,0.0,0.0,,0.0,6.0
1230,Eredivisie (NL),32510,Shurandy Sambo,S. Sambo,2001-08-19,69.41,17.43,22.39,23,23,0,1517.0,65.96,0.09,0.7,591.0,25.7,21.65,84.26,87.12,16.45,1.87,5.74,5.78,0.26,0.26,13.83,4.39,3.48,14.09,5.35,4.61,86.18,84.02,0.3,0.04,6.04,1.61,54.05,0.87,3.65
1230,Eredivisie (NL),32519,Hobie Verhulst,H. Verhulst,1993-04-02,98.26,27.91,23.84,1,1,0,29.0,29.0,0.0,0.0,10.0,10.0,5.0,50.0,70.33,36.14,2.0,1.0,0.0,0.0,0.0,21.0,6.0,2.0,6.0,0.0,0.0,,,0.0,0.0,0.0,0.0,,0.0,3.0
1230,Eredivisie (NL),32521,Tijs Velthuis,T. Velthuis,2002-01-12,51.64,13.92,14.71,13,12,1,662.0,55.17,0.08,0.25,273.0,22.75,20.42,89.75,93.57,18.79,1.83,4.17,4.08,0.0,0.0,13.67,4.25,3.5,9.17,3.33,3.08,92.5,92.81,0.08,0.08,1.58,0.08,0.0,0.0,1.25
1230,Eredivisie (NL),33025,Casper Tengstedt,C. Tengstedt,2000-06-01,28.19,8.68,6.7,18,17,1,205.0,12.06,0.0,0.29,57.0,3.35,2.18,64.91,75.29,13.92,0.24,1.29,0.53,0.47,0.29,0.47,0.12,0.06,3.94,1.24,0.82,66.67,68.14,0.24,0.0,5.59,1.53,61.54,0.94,0.88
1230,Eredivisie (NL),33261,Virgil Misidjan,V. Misidjan,1993-07-24,34.09,10.62,7.09,17,15,2,626.0,41.73,0.27,1.33,169.0,11.27,9.47,84.02,82.21,14.16,0.53,1.73,0.73,0.6,0.13,3.47,0.67,0.4,14.0,3.4,2.53,74.51,66.97,0.8,0.27,15.6,2.53,60.53,1.53,2.6
1230,Eredivisie (NL),33266,Jannes Wieckhoff,J. Wieckhoff,2000-08-02,48.04,11.61,15.15,19,19,0,937.0,49.32,0.05,0.89,318.0,16.74,12.79,76.42,80.91,15.95,1.05,4.26,3.32,0.42,0.26,10.53,2.74,1.84,12.16,3.79,2.84,75.0,72.13,0.37,0.05,7.42,2.05,41.03,0.84,4.26
1230,Eredivisie (NL),33276,Sava-Arangel Čestić,S. Čestić,2001-02-19,56.04,12.41,16.01,7,7,0,378.0,54.0,0.0,0.14,128.0,18.29,15.86,86.72,90.0,19.19,1.57,3.29,2.43,0.0,0.0,15.43,3.29,1.71,7.57,3.14,2.71,86.36,82.65,0.0,0.0,2.14,0.14,0.0,0.0,2.43
1230,Eredivisie (NL),33504,Samir Lagsir,S. Lagsir,2003-05-20,20.39,3.53,5.04,2,2,0,34.0,17.0,0.0,0.5,14.0,7.0,5.5,78.57,85.44,13.93,0.0,0.5,1.0,0.0,0.0,0.5,0.0,0.0,9.0,3.0,2.5,83.33,79.8,0.5,0.0,7.0,2.0,75.0,1.5,1.0
1230,Eredivisie (NL),33510,Gijs Smal,G. Smal,1997-08-31,56.09,16.29,15.08,17,17,0,1607.0,94.53,0.41,2.06,501.0,29.47,25.24,85.63,84.72,16.63,2.0,5.0,5.59,0.76,0.59,25.65,7.18,5.82,21.29,7.65,6.12,80.0,72.71,0.76,0.24,14.18,4.06,55.07,2.24,5.94
1230,Eredivisie (NL),33512,Kenneth Taylor,K. Taylor,2002-05-16,93.08,30.54,23.59,14,14,0,1530.0,109.29,0.5,2.86,517.0,36.93,32.14,87.04,87.73,13.86,1.71,8.5,9.43,0.86,1.57,14.71,3.36,2.57,26.29,8.71,6.64,76.23,76.13,1.29,0.21,23.29,5.86,67.07,3.93,4.79
1230,Eredivisie (NL),33523,Davy van den Berg ,D. van den Berg,2000-02-04,31.93,8.9,9.95,5,5,0,173.0,34.6,0.0,1.4,55.0,11.0,9.8,89.09,85.63,14.06,0.4,2.8,1.8,0.2,0.2,3.6,1.4,1.4,8.2,2.8,2.4,85.72,80.59,0.6,0.0,5.4,1.2,66.67,0.8,1.4
1230,Eredivisie (NL),33530,David Min,D. Min,1999-06-23,45.05,12.04,12.82,23,22,1,618.0,28.09,0.05,1.0,159.0,7.23,5.68,78.62,83.56,14.7,0.32,2.05,0.95,0.45,0.23,1.05,0.23,0.09,9.95,2.18,1.64,75.0,81.12,0.32,0.05,10.09,1.77,76.92,1.36,1.09
1230,Eredivisie (NL),33533,Casper Staring,C. Staring,2001-02-01,22.16,2.53,9.82,2,2,0,19.0,9.5,0.0,0.0,7.0,3.5,1.5,42.85,82.19,13.78,0.0,1.5,1.0,0.0,0.5,0.0,0.0,0.0,0.5,0.5,0.0,0.0,94.83,0.0,0.0,1.0,0.5,0.0,0.0,1.0
1230,Eredivisie (NL),33978,Ahmetcan Kaplan,A. Kaplan,2003-01-16,90.34,27.0,21.15,25,23,2,2612.0,113.57,0.17,1.3,940.0,40.87,36.0,88.09,89.99,17.16,2.39,7.65,7.09,0.26,0.22,29.39,7.7,6.48,16.3,6.0,4.96,82.61,85.03,0.43,0.04,7.43,1.61,51.35,0.83,4.7
1230,Eredivisie (NL),34068,Ismael Saibari Ben El Basra,I. Saibari,2001-01-28,84.38,29.92,19.32,27,26,1,2827.0,108.73,0.46,3.77,912.0,35.08,30.35,86.51,84.69,14.26,1.08,10.42,5.65,1.54,1.15,11.54,3.19,2.65,34.73,13.04,10.42,79.94,75.74,2.31,0.38,31.31,8.08,68.57,5.54,5.73
1230,Eredivisie (NL),34069,Mathias Ullereng Kjølø,M. Kjølø,2001-06-27,32.69,9.15,9.3,19,19,0,712.0,37.47,0.05,0.79,242.0,12.74,11.05,86.78,87.16,14.9,0.74,4.0,3.16,0.26,0.26,4.32,1.16,0.95,5.84,2.16,1.89,87.8,83.46,0.32,0.0,4.79,1.11,76.19,0.84,1.79
1230,Eredivisie (NL),34087,Victor Jensen,V. Jensen,2000-02-08,71.83,18.91,21.15,8,8,0,396.0,49.5,0.0,1.62,134.0,16.75,14.75,88.06,83.32,15.15,0.88,6.62,3.38,1.25,0.25,2.0,0.38,0.38,14.12,5.5,4.75,86.36,78.84,0.88,0.0,9.38,2.38,73.68,1.75,2.75
1230,Eredivisie (NL),34211,Thijs Oosting,T. Oosting,2000-05-02,81.1,20.58,25.98,34,32,2,2062.0,64.44,0.19,1.47,754.0,23.56,17.56,74.54,79.46,15.08,0.94,9.53,4.41,1.19,0.75,5.5,1.72,1.19,17.0,6.66,4.53,68.08,70.87,0.84,0.12,13.66,4.16,50.38,2.09,5.91
1230,Eredivisie (NL),34253,Isak Steiner Jensen,I. Jensen,2003-12-23,65.54,19.83,18.36,33,33,0,2466.0,74.73,0.36,2.12,682.0,20.67,17.42,84.31,82.82,14.21,0.67,3.58,2.52,0.61,0.48,5.61,0.73,0.42,23.18,5.97,4.55,76.14,70.8,0.91,0.24,22.55,4.94,63.8,3.15,4.67
1230,Eredivisie (NL),34371,Daan Rots,D. Rots,2001-07-25,75.62,22.83,20.06,32,32,0,2672.0,83.5,0.34,3.12,790.0,24.69,18.28,74.05,75.42,15.0,0.94,6.06,4.47,1.06,1.06,7.69,2.28,1.41,31.38,9.72,6.62,68.17,67.1,1.69,0.25,27.25,6.41,57.56,3.69,7.72
1230,Eredivisie (NL),34486,Rober González Bayón,Rober González,2001-01-08,36.62,9.57,8.6,3,2,1,39.0,19.5,0.0,1.0,9.0,4.5,4.0,88.89,75.13,9.82,0.0,3.5,0.5,1.0,0.0,2.0,0.0,0.0,2.5,0.5,0.0,0.0,69.3,0.0,0.0,2.0,1.0,100.0,1.0,1.0
1230,Eredivisie (NL),34624,Max Bruns,M. Bruns,2002-11-06,68.78,20.42,16.7,13,13,0,1313.0,101.0,0.0,1.0,464.0,35.69,31.77,89.01,91.2,18.12,2.31,6.69,7.46,0.23,0.0,27.77,5.85,4.46,19.23,8.15,7.38,90.57,88.2,0.23,0.0,4.69,0.85,54.55,0.46,3.77
1230,Eredivisie (NL),35170,Peer Koopmeiners,P. Koopmeiners,2000-05-04,79.54,24.1,21.55,29,29,0,2609.0,89.97,0.1,1.76,941.0,32.45,27.9,85.97,86.8,15.51,1.52,10.48,6.59,0.86,0.62,12.45,3.45,2.69,13.72,5.83,4.52,77.52,77.46,0.48,0.0,11.34,3.34,54.64,1.83,5.07
1230,Eredivisie (NL),35871,Syb van Ottele,S. van Ottele,2002-02-02,66.1,15.23,19.84,15,15,0,1167.0,77.8,0.07,1.2,398.0,26.53,21.73,81.91,87.05,19.69,2.6,6.47,3.67,0.47,0.07,17.0,5.27,3.73,12.67,5.13,4.4,85.71,82.49,0.33,0.0,3.87,1.2,50.0,0.6,4.0
1230,Eredivisie (NL),37094,Kiliann Sildillia,K. Sildillia,2002-05-16,65.35,23.23,14.9,21,20,1,1827.0,91.35,0.25,1.4,683.0,34.15,29.3,85.8,86.88,15.49,1.75,6.6,8.1,0.75,0.45,20.15,5.65,4.75,22.85,8.1,6.45,79.63,76.19,0.75,0.25,13.75,2.95,54.24,1.6,5.4
1230,Eredivisie (NL),37354,Noah Ohio,N. Ohio,2003-01-16,23.41,4.43,6.7,2,2,0,18.0,9.0,0.0,0.0,9.0,4.5,4.0,88.89,77.03,10.71,0.5,2.0,0.0,0.0,0.0,0.0,0.0,0.0,6.0,3.5,3.0,85.71,76.53,0.0,0.0,4.0,1.5,66.67,1.0,1.5
1230,Eredivisie (NL),37917,Oussama Targhalline,O. Targhalline,2002-05-20,81.81,23.27,21.57,25,24,1,2747.0,114.46,0.33,2.54,913.0,38.04,34.29,90.14,89.98,14.86,1.33,10.0,8.0,0.5,0.54,19.12,5.25,4.42,16.92,7.08,5.92,83.53,82.11,0.71,0.04,12.83,3.29,67.09,2.21,3.54
1230,Eredivisie (NL),38007,Denso Kasius,D. Kasius,2002-10-06,76.39,23.32,19.72,17,17,0,1740.0,102.35,0.24,1.76,559.0,32.88,24.94,75.85,79.42,17.53,2.59,9.18,3.53,1.41,0.35,15.82,4.47,3.24,35.0,10.71,7.24,67.58,67.52,0.88,0.24,20.65,5.06,32.56,1.65,8.41
1230,Eredivisie (NL),38009,Alex Plat,A. Plat,1998-02-04,38.76,10.39,11.75,17,16,1,611.0,38.19,0.0,0.62,227.0,14.19,10.62,74.89,83.22,15.78,0.81,5.56,3.5,0.38,0.19,5.12,1.88,1.12,4.75,2.12,1.69,79.41,81.8,0.25,0.0,4.25,1.31,47.62,0.62,2.62
1230,Eredivisie (NL),38014,Derry Murkin,D. Murkin,1999-07-27,43.41,11.43,14.39,9,9,0,294.0,32.67,0.56,1.33,99.0,11.0,9.11,82.83,81.92,16.11,0.67,2.11,2.44,0.11,0.22,4.33,0.89,0.56,9.44,3.44,2.89,83.87,81.42,0.89,0.44,5.78,1.0,66.67,0.67,2.0
1230,Eredivisie (NL),38015,Calvin Twigt,C. Twigt,2003-01-30,48.3,13.64,14.22,12,12,0,746.0,62.17,0.17,0.83,265.0,22.08,19.08,86.41,89.7,16.91,1.42,7.58,4.08,0.42,0.25,11.58,3.25,2.42,8.92,3.08,2.33,75.68,75.36,0.08,0.08,4.5,1.33,50.0,0.67,2.58
1230,Eredivisie (NL),38016,Mike Eerdhuijzen,M. Eerdhuijzen,2000-07-13,46.81,12.76,14.52,11,11,0,667.0,60.64,0.0,0.36,269.0,24.45,21.91,89.59,92.14,21.11,2.82,4.27,6.36,0.09,0.09,14.91,3.82,2.55,9.36,3.36,2.55,75.68,87.7,0.0,0.0,0.73,0.18,0.0,0.0,2.36
1230,Eredivisie (NL),38019,Nordin Bakker,N. Bakker,1997-10-31,94.75,35.07,25.06,1,1,0,99.0,99.0,0.0,0.0,26.0,26.0,17.0,65.38,79.54,28.85,5.0,5.0,1.0,0.0,0.0,37.0,9.0,3.0,32.0,9.0,7.0,77.78,87.57,0.0,0.0,1.0,0.0,,0.0,6.0
1230,Eredivisie (NL),38022,Dean James,D. James,2000-04-30,67.34,19.26,19.49,26,26,0,1745.0,67.12,0.08,1.04,584.0,22.46,17.88,79.62,82.13,16.7,1.77,4.19,5.23,0.62,0.42,10.73,2.27,1.62,17.35,5.77,3.96,68.67,69.56,0.31,0.0,14.04,3.38,34.09,1.15,5.54
1230,Eredivisie (NL),38050,Koen Kostons,K. Kostons,1999-09-18,91.14,22.82,28.84,34,32,2,1761.0,55.03,0.22,1.5,587.0,18.34,14.69,80.07,77.27,12.94,0.59,8.09,3.22,1.38,0.62,2.19,0.66,0.44,18.84,6.44,4.72,73.3,70.82,0.94,0.22,15.78,4.12,66.67,2.75,4.75
1230,Eredivisie (NL),38064,Kaj de Rooij,K. de Rooij,2000-11-25,68.83,16.63,22.51,32,30,2,1503.0,50.1,0.17,1.23,413.0,13.77,10.17,73.85,78.12,13.87,0.23,3.67,1.7,0.33,0.3,4.6,0.9,0.77,18.93,5.63,4.0,71.01,68.67,0.87,0.13,14.53,3.33,54.0,1.8,3.93
1230,Eredivisie (NL),38087,Edouard Michut,E. Michut,2003-03-04,85.9,20.95,24.93,20,20,0,2303.0,115.15,0.0,1.45,653.0,32.65,29.55,90.51,90.73,14.48,0.95,6.15,8.0,0.55,0.7,12.7,2.3,1.95,18.65,5.4,4.5,83.33,83.36,0.5,0.0,14.95,2.75,56.36,1.55,3.1
1230,Eredivisie (NL),39628,Souffian El Karouani,S. El Karouani,2000-10-19,98.36,26.41,29.34,34,33,1,3753.0,113.73,0.39,2.91,1249.0,37.85,29.55,78.06,78.77,17.14,2.73,9.24,7.42,1.09,1.0,21.91,6.79,4.79,30.97,10.24,7.24,70.71,66.69,1.39,0.18,24.73,6.27,50.24,3.15,11.12
1230,Eredivisie (NL),39629,Bart van Rooij,B. van Rooij,2001-05-26,94.96,28.44,25.59,32,32,0,4818.0,150.56,0.25,2.28,1597.0,49.91,42.75,85.66,84.21,18.17,5.0,10.41,12.16,1.31,0.62,40.0,11.59,9.62,34.06,11.44,9.5,83.06,75.61,0.91,0.09,19.25,4.88,54.49,2.66,10.12
1230,Eredivisie (NL),39634,Dirk Proper,D. Proper,2002-02-24,54.61,15.62,12.62,22,18,4,920.0,51.11,0.22,1.72,325.0,18.06,15.11,83.69,86.31,14.13,0.72,6.06,4.17,0.39,0.5,7.17,2.0,1.5,8.17,3.78,3.0,79.41,77.55,0.5,0.0,9.06,1.83,66.67,1.22,2.89
1230,Eredivisie (NL),39640,Naci Ünüvar,N. Ünüvar,2003-06-13,51.87,12.74,13.99,18,18,0,851.0,47.28,0.06,1.44,232.0,12.89,10.06,78.02,77.78,15.63,0.72,2.89,1.72,0.39,0.22,2.72,0.72,0.67,16.94,4.89,3.61,73.86,69.14,1.0,0.06,16.39,3.94,56.34,2.22,3.78
1230,Eredivisie (NL),39642,Neraysho Kasanwirjo,N. Kasanwirjo,2002-02-18,89.5,20.95,27.7,16,16,0,1721.0,107.56,0.12,1.0,598.0,37.38,31.19,83.45,87.27,16.73,2.56,9.94,5.75,0.56,0.38,21.88,7.38,5.38,14.5,6.31,4.94,78.22,82.51,0.25,0.0,5.81,1.88,33.33,0.62,5.5
1230,Eredivisie (NL),39645,Quinten Ryan Crispito Timber Maduro,Q. Timber,2001-06-17,85.52,24.9,22.19,17,17,0,1749.0,102.88,0.59,3.59,514.0,30.24,26.06,86.19,87.62,13.9,0.71,6.94,4.59,0.71,0.94,17.71,4.29,3.53,24.41,8.06,6.41,79.56,80.65,1.71,0.41,30.0,6.35,73.15,4.65,4.06
1230,Eredivisie (NL),39647,Daan Reiziger,D. Reiziger,2001-06-18,59.69,12.87,14.88,2,2,0,124.0,62.0,0.0,0.0,37.0,18.5,10.0,54.05,77.04,30.39,4.5,3.5,2.0,0.0,0.0,32.5,10.5,5.0,19.5,6.0,4.0,66.67,86.19,0.0,0.0,0.0,0.0,,0.0,4.0
1230,Eredivisie (NL),39648,Rio Hillen,R. Hillen,2003-03-05,82.92,21.63,23.64,26,25,1,2906.0,116.24,0.0,1.16,992.0,39.68,34.2,86.19,88.8,17.21,2.56,6.52,7.68,0.2,0.08,32.08,8.68,6.76,18.2,6.12,5.2,84.97,81.33,0.4,0.0,4.68,1.08,55.56,0.6,5.64
1230,Eredivisie (NL),39662,Ilias  Bronkhorst,I. Bronkhorst,1997-05-10,77.16,21.86,22.82,32,29,3,2375.0,81.9,0.1,1.17,916.0,31.59,24.55,77.73,80.74,18.15,2.9,9.97,6.17,0.62,0.24,17.9,6.07,4.66,21.79,8.62,6.55,76.0,73.68,0.48,0.03,9.72,3.0,45.98,1.38,7.86
1230,Eredivisie (NL),39675,Stijn van Gassel,S. van Gassel,1996-10-18,97.58,27.58,28.95,31,28,3,3408.0,121.71,0.04,0.18,1007.0,35.96,24.71,68.72,80.11,34.89,13.14,6.29,2.61,0.04,0.0,54.96,15.21,7.64,19.86,5.36,4.86,90.67,88.57,0.11,0.04,0.04,0.04,100.0,0.04,5.68
1230,Eredivisie (NL),39689,Anass Salah-Eddine,A. Salah-Eddine,2002-01-18,72.33,24.93,16.79,17,16,1,1649.0,103.06,0.38,1.88,588.0,36.75,33.12,90.14,90.39,14.35,1.62,8.25,6.81,0.94,0.56,19.38,4.25,3.62,24.56,8.75,7.19,82.14,81.04,0.44,0.0,15.0,3.38,70.37,2.38,3.44
1230,Eredivisie (NL),39715,Ringo Meerveld,R. Meerveld,2002-12-21,85.27,25.88,24.46,30,29,1,2684.0,92.55,0.48,2.9,772.0,26.62,22.31,83.81,83.44,14.79,1.38,8.07,4.21,1.17,0.93,6.66,1.21,1.07,27.17,8.48,6.83,80.49,74.09,1.59,0.28,27.41,5.83,66.86,3.9,4.66
1230,Eredivisie (NL),39727,Nick Olij,N. Olij,1995-08-01,91.63,42.51,20.22,1,1,0,135.0,135.0,0.0,0.0,46.0,46.0,42.0,91.3,96.48,21.02,3.0,3.0,6.0,0.0,0.0,56.0,8.0,5.0,39.0,13.0,12.0,92.31,94.32,0.0,0.0,3.0,1.0,0.0,0.0,2.0
1230,Eredivisie (NL),39755,Taylor Booth,T. Booth,2001-05-31,41.07,11.82,10.29,10,10,0,406.0,40.6,0.0,0.9,117.0,11.7,9.3,79.49,80.96,15.33,1.0,1.7,1.4,0.1,0.5,3.2,1.2,0.8,13.3,4.3,2.5,58.14,69.14,0.4,0.0,12.2,2.5,56.0,1.4,3.0
1230,Eredivisie (NL),39796,Arno Verschueren,A. Verschueren,1997-04-08,23.71,6.34,6.19,29,29,0,558.0,19.24,0.07,1.0,211.0,7.28,5.66,77.73,75.94,13.58,0.31,2.86,1.28,0.69,0.38,1.17,0.34,0.1,5.59,1.97,1.45,73.68,70.5,0.41,0.03,7.34,2.03,71.19,1.45,2.1
1230,Eredivisie (NL),39842,Ronald Koeman,R. Koeman,1995-05-23,98.08,24.38,29.57,32,29,3,3848.0,132.69,0.0,0.17,985.0,33.97,23.52,69.24,79.17,33.12,11.28,5.59,2.76,0.0,0.0,61.14,17.1,9.83,23.59,5.79,5.38,92.86,87.53,0.0,0.0,0.0,0.0,,0.0,5.9
1230,Eredivisie (NL),40643,Calvin Raatsie,C. Raatsie,2002-02-09,96.88,27.62,27.16,2,2,0,283.0,141.5,0.0,0.0,91.0,45.5,35.0,76.93,88.16,28.9,12.5,4.5,3.5,0.0,0.0,63.0,13.5,6.0,27.0,8.0,6.5,81.25,92.32,0.0,0.0,0.0,0.0,,0.0,4.0
1230,Eredivisie (NL),40738,Yoann  Cathline,Y. Cathline,2002-07-22,78.86,20.69,24.13,28,27,1,2149.0,79.59,0.37,2.59,530.0,19.63,14.19,72.26,73.91,14.2,0.96,3.96,2.33,0.89,0.56,3.96,1.04,0.67,29.19,8.0,5.3,66.2,66.83,1.56,0.26,30.26,6.0,53.7,3.22,6.74
1230,Eredivisie (NL),41212,Lucas Oliveira Rosa,Lucas Rosa,2000-04-03,90.37,28.71,24.88,28,27,1,3466.0,128.37,0.22,1.78,1243.0,46.04,41.78,90.75,91.06,14.61,1.44,7.56,10.44,0.37,0.22,25.11,7.11,6.37,25.63,10.19,8.89,87.27,86.22,0.63,0.04,9.74,2.04,47.27,0.96,4.07
1230,Eredivisie (NL),42619,Silvinho Randy Esajas,S. Esajas,2002-07-08,26.62,7.1,8.7,3,3,0,66.0,22.0,0.0,0.33,25.0,8.33,8.0,96.0,96.29,14.39,0.33,2.67,1.33,0.0,0.0,2.33,0.33,0.33,3.67,0.67,0.67,100.0,88.86,0.0,0.0,1.0,0.0,,0.0,0.0
1230,Eredivisie (NL),42842,Youri Baas,Y. Baas,2003-03-17,97.05,32.16,25.67,32,31,1,5977.0,192.81,0.19,1.32,2135.0,68.87,63.74,92.55,93.59,16.95,3.13,8.48,15.26,0.03,0.06,51.06,11.26,9.06,26.19,10.03,9.16,91.32,88.72,0.32,0.13,7.03,1.0,54.84,0.55,4.97
1230,Eredivisie (NL),42843,Gibson Osahumen Yah,G. Yah,2003-09-27,72.05,18.58,22.49,23,22,1,2214.0,100.64,0.14,1.27,710.0,32.27,27.18,84.23,87.97,17.15,2.09,8.14,5.91,0.32,0.14,13.14,3.41,2.95,12.27,3.45,2.77,80.26,81.32,0.23,0.0,10.55,2.36,65.39,1.55,4.27
1230,Eredivisie (NL),42844,Kian Fitz-Jim,K. Fitz-Jim,2003-07-05,36.47,11.3,9.07,16,15,1,942.0,62.8,0.0,0.93,290.0,19.33,17.47,90.34,89.73,14.79,0.73,3.93,4.47,0.53,0.33,9.0,1.73,1.6,10.8,3.8,3.07,80.7,77.11,0.4,0.0,9.0,2.2,69.7,1.53,2.6
1230,Eredivisie (NL),42847,Mats Deijl,M. Deijl,1997-07-15,92.57,27.14,25.19,33,32,1,3099.0,96.84,0.25,1.66,1109.0,34.66,29.06,83.86,84.58,16.62,2.59,8.44,7.5,0.53,0.56,20.88,5.62,3.84,24.78,8.75,6.91,78.93,75.61,0.53,0.09,10.56,2.5,53.75,1.34,6.81
1230,Eredivisie (NL),42854,Lance Duijvestijn,L. Duijvestijn,1999-01-15,76.04,18.68,23.38,26,26,0,1994.0,76.69,0.19,2.5,666.0,25.62,21.15,82.58,80.98,14.13,1.15,7.65,5.23,1.15,1.0,5.35,1.65,1.12,20.19,7.58,5.73,75.63,72.62,1.23,0.04,17.65,5.04,70.23,3.54,5.62
1230,Eredivisie (NL),42859,Djevencio van der Kust,D. van der Kust,2001-04-30,62.94,14.64,18.2,21,21,0,1139.0,54.24,0.1,0.57,396.0,18.86,14.38,76.26,81.92,16.14,0.9,3.86,2.95,0.57,0.05,8.38,1.57,0.86,14.86,4.52,3.14,69.47,72.51,0.29,0.1,7.38,2.38,40.0,0.95,4.67
1230,Eredivisie (NL),43286,Giovanni van Zwam,G. van Zwam,2004-01-02,60.96,16.96,18.01,12,11,1,717.0,65.18,0.09,0.36,307.0,27.91,24.45,87.62,90.53,20.05,3.64,5.82,4.82,0.09,0.09,18.36,5.36,4.09,8.36,3.09,3.09,100.0,94.41,0.0,0.0,1.18,0.27,66.67,0.18,3.73
1230,Eredivisie (NL),45609,Willum Thór  Willumsson,W. Willumsson,1998-10-23,29.26,9.25,5.72,4,4,0,105.0,26.25,0.0,0.5,33.0,8.25,6.75,81.82,85.18,11.14,0.0,1.5,2.0,0.25,0.25,1.5,0.75,0.75,7.0,2.25,2.0,88.89,79.74,0.5,0.0,5.25,1.25,80.0,1.0,1.5
1230,Eredivisie (NL),47443,Zico  Buurmeester,Z. Buurmeester,2002-06-07,71.12,17.7,22.4,23,22,1,1424.0,64.73,0.14,1.64,497.0,22.59,19.05,84.31,84.68,13.23,0.5,5.36,5.95,0.45,0.68,8.18,1.77,1.5,12.0,4.45,3.27,73.47,72.84,0.68,0.05,10.32,2.5,63.64,1.59,3.95
1230,Eredivisie (NL),49603,Brynjolfur Andersen Willumsson,B. Willumsson,2000-08-12,50.11,13.71,13.46,27,26,1,629.0,24.19,0.12,0.73,175.0,6.73,5.23,77.71,79.66,12.66,0.19,2.58,0.77,0.65,0.15,0.73,0.12,0.04,8.5,2.54,2.0,78.79,75.55,0.42,0.08,10.27,1.81,63.83,1.15,1.5
1230,Eredivisie (NL),54524,Fredrik Oldrup Jensen,F. Oldrup Jensen,1993-05-18,72.31,21.26,19.94,11,11,0,1374.0,124.91,0.27,1.27,464.0,42.18,37.0,87.71,90.99,17.59,2.45,8.18,8.27,0.18,0.27,28.73,7.91,6.36,17.18,6.73,5.45,81.08,83.81,0.36,0.09,3.82,1.27,42.86,0.55,4.09
1230,Eredivisie (NL),54556,Oskar  Siira Sivertsen,O. Sivertsen,2004-02-15,28.68,8.27,8.13,14,13,1,362.0,27.85,0.23,0.62,114.0,8.77,7.0,79.83,76.35,14.38,0.54,1.46,1.0,0.31,0.0,1.69,0.69,0.54,9.62,3.15,2.31,73.17,64.8,0.38,0.08,10.31,2.31,46.67,1.08,2.77
1230,Eredivisie (NL),54942,Ángel Alarcón Galiot,Ángel Alarcón,2004-05-15,72.18,19.54,23.08,14,13,1,858.0,66.0,0.31,1.69,234.0,18.0,12.15,67.52,71.05,15.72,1.08,4.23,3.31,0.77,0.69,4.54,1.08,0.54,27.46,7.38,4.38,59.38,60.53,1.15,0.23,22.77,5.54,51.39,2.85,7.38
1230,Eredivisie (NL),60699,Lasse Selvåg Nordås,L. Nordås,2002-02-10,56.5,16.87,17.68,16,15,1,458.0,30.53,0.13,0.8,135.0,9.0,6.4,71.11,76.23,10.58,0.07,4.07,1.53,1.07,0.47,0.27,0.07,0.07,14.73,4.67,3.27,70.0,73.2,0.73,0.13,12.2,2.73,58.54,1.6,2.67
1230,Eredivisie (NL),61132,Victor Edvardsen,V. Edvardsen,1996-01-14,81.45,23.03,23.09,26,25,1,1398.0,55.92,0.56,1.88,493.0,19.72,13.6,68.97,73.83,15.2,0.76,7.92,2.8,1.4,0.72,3.6,1.32,0.6,22.08,8.12,4.96,61.08,65.79,1.12,0.28,20.36,6.4,45.62,2.92,6.64
1230,Eredivisie (NL),61134,Adam Carlén,A. Carlén,2000-06-27,56.36,14.19,17.42,25,22,3,1034.0,47.0,0.14,0.59,378.0,17.18,14.32,83.33,88.97,17.39,1.18,5.32,4.32,0.32,0.09,5.95,1.27,1.09,3.77,1.77,1.5,84.61,83.36,0.23,0.05,3.23,0.77,64.71,0.5,2.05
1230,Eredivisie (NL),61167,Erik Ahlstrand,E. Ahlstrand,2001-10-14,59.27,14.32,16.62,14,14,0,689.0,49.21,0.07,1.5,218.0,15.57,11.93,76.61,76.8,14.37,0.93,4.14,2.57,1.07,0.29,2.29,0.71,0.43,15.64,4.57,3.36,73.44,70.73,0.36,0.0,16.64,3.86,50.0,1.93,5.21
1230,Eredivisie (NL),61258,Rui Jorge Monteiro Mendes,Rui Mendes,1999-11-10,15.21,3.3,4.01,6,6,0,27.0,4.5,0.0,0.17,13.0,2.17,1.17,53.85,65.06,8.14,0.0,0.67,0.5,0.33,0.17,0.0,0.0,0.0,2.17,1.17,0.5,42.86,64.06,0.17,0.0,2.5,1.17,42.86,0.5,1.0
1230,Eredivisie (NL),61286,Mawouna Kodjo Amevor,M. Amevor,1991-12-16,92.93,24.5,28.21,31,29,2,2777.0,95.76,0.07,0.59,1038.0,35.79,31.59,88.25,91.07,19.09,2.76,7.28,5.76,0.28,0.0,24.31,6.69,5.28,11.41,3.9,3.69,94.69,86.61,0.24,0.07,2.28,0.72,57.14,0.41,4.28
1230,Eredivisie (NL),61296,Damon Mirani,D. Mirani,1996-05-13,95.66,22.79,27.7,33,33,0,3274.0,99.21,0.0,0.64,1347.0,40.82,35.64,87.3,90.42,17.92,2.61,10.48,10.39,0.24,0.06,27.55,7.88,5.97,15.12,6.67,6.15,92.27,89.44,0.33,0.0,2.45,0.7,56.52,0.39,4.97
1230,Eredivisie (NL),61298,Milan de Haan,M. de Haan,2003-11-20,20.16,4.93,5.84,2,2,0,35.0,17.5,0.0,0.0,13.0,6.5,5.5,84.62,90.66,13.19,0.0,1.5,3.0,0.0,0.0,2.0,1.0,0.0,1.0,0.5,0.0,0.0,65.92,0.0,0.0,1.0,0.0,,0.0,0.5
1230,Eredivisie (NL),61321,Kay Tejan,K. Tejan,1997-02-03,35.25,8.49,9.93,27,26,1,585.0,22.5,0.04,0.54,148.0,5.69,3.69,64.86,70.82,13.61,0.15,1.73,0.65,0.73,0.15,1.12,0.12,0.04,9.73,2.88,1.85,64.0,70.08,0.27,0.04,9.58,2.42,49.21,1.19,2.19
1230,Eredivisie (NL),61614,Philip Brittijn,P. Brittijn,2004-04-09,81.27,19.27,24.29,32,32,0,1984.0,62.0,0.06,0.72,740.0,23.12,19.56,84.59,87.01,15.9,1.28,7.0,5.94,0.34,0.16,8.78,2.56,1.84,8.81,3.75,2.84,75.83,77.23,0.38,0.06,3.75,0.91,65.52,0.59,3.31
1230,Eredivisie (NL),61659,Mathis Suray,M. Suray,2001-07-26,85.45,24.72,24.85,32,31,1,2199.0,70.94,0.13,1.45,675.0,21.77,17.03,78.22,80.85,14.43,0.77,4.52,3.77,0.55,0.71,6.84,2.16,1.52,23.77,7.77,5.55,71.37,72.4,0.65,0.06,19.52,5.0,56.13,2.81,5.23
1230,Eredivisie (NL),61667,Mohamed Nassoh,M. Nassoh,2003-01-26,69.87,18.87,19.53,28,28,0,2707.0,96.68,0.07,1.82,741.0,26.46,21.39,80.84,82.57,14.7,1.75,6.75,4.43,0.75,1.0,12.61,2.86,2.29,23.43,6.93,4.96,71.65,72.82,0.71,0.0,22.79,5.39,54.97,2.96,5.46
1230,Eredivisie (NL),61731,Yannick Leliendal,Y. Leliendal,2002-04-23,92.89,24.35,28.73,31,29,2,3415.0,117.76,0.07,1.66,1056.0,36.41,30.17,82.86,86.27,16.11,2.21,6.69,5.45,0.31,0.55,21.03,5.0,3.9,20.52,6.59,5.45,82.72,78.35,0.59,0.07,16.97,3.28,55.79,1.83,6.38
1230,Eredivisie (NL),61732,Stan Henderikx,S. Henderikx,2003-07-08,54.18,14.01,16.67,10,9,1,577.0,64.11,0.0,0.22,223.0,24.78,21.33,86.1,90.46,22.08,4.11,4.22,6.56,0.0,0.11,19.67,4.78,3.78,8.89,3.33,2.67,80.0,79.49,0.11,0.0,2.56,0.89,75.0,0.67,3.33
1230,Eredivisie (NL),61733,Levi Smans,L. Smans,2003-03-25,55.0,16.02,13.08,1,1,0,61.0,61.0,0.0,2.0,15.0,15.0,10.0,66.67,73.34,16.25,0.0,3.0,1.0,2.0,0.0,5.0,1.0,1.0,19.0,5.0,2.0,40.0,59.18,0.0,0.0,26.0,7.0,42.86,3.0,6.0
1230,Eredivisie (NL),61747,Kristian Nökkvi Hlynsson,K. Hlynsson,2004-01-23,81.51,25.13,21.74,32,32,0,2652.0,82.88,0.31,2.53,879.0,27.47,23.25,84.64,83.29,13.27,0.75,7.78,6.0,1.12,1.06,7.97,1.5,1.03,22.38,7.88,6.31,80.16,76.22,1.25,0.19,20.75,4.78,64.71,3.09,5.22
1230,Eredivisie (NL),61762,Alexandre Manuel Penetra Correia,Alexandre Penetra,2001-09-09,92.16,28.03,25.28,33,33,0,4097.0,124.15,0.15,0.67,1711.0,51.85,46.88,90.41,92.95,19.25,4.33,10.76,11.76,0.21,0.03,25.85,8.06,6.12,18.52,8.33,7.61,91.27,90.11,0.15,0.0,2.24,0.73,41.67,0.3,4.45
1230,Eredivisie (NL),61835,Maxim Dekker,M. Dekker,2004-04-21,35.58,10.35,10.48,6,6,0,298.0,49.67,0.17,0.33,96.0,16.0,14.17,88.54,90.32,18.29,1.0,2.17,3.5,0.0,0.0,9.33,2.67,2.33,8.5,3.33,3.0,90.0,84.45,0.0,0.0,1.17,0.17,100.0,0.17,2.0
1230,Eredivisie (NL),61838,Richonell Margaret,R. Margaret,2000-09-07,52.36,15.7,14.43,22,21,1,1022.0,48.67,0.14,0.76,266.0,12.67,9.43,74.44,75.05,13.97,0.71,2.29,1.48,0.48,0.14,2.81,0.52,0.38,18.1,4.81,3.48,72.28,69.38,0.38,0.1,16.19,3.52,44.59,1.57,4.19
1230,Eredivisie (NL),61847,Stije Resink,S. Resink,2003-05-28,94.95,26.24,26.08,22,22,0,3379.0,153.59,0.45,2.45,933.0,42.41,36.95,87.14,88.36,17.3,2.73,9.36,6.82,0.55,0.59,29.45,5.86,4.95,24.82,7.64,6.14,80.36,79.08,0.91,0.18,25.91,4.77,65.71,3.14,5.59
1230,Eredivisie (NL),61852,Rick Meissen,R. Meissen,2002-02-24,85.01,23.95,25.48,32,29,3,2857.0,98.52,0.07,0.38,1074.0,37.03,32.52,87.8,92.02,21.15,5.69,6.69,6.1,0.1,0.0,23.07,6.28,4.55,14.52,4.9,4.1,83.8,85.29,0.1,0.03,1.86,0.28,37.5,0.1,3.34
1230,Eredivisie (NL),61853,Derensili Sanches Fernandes,D. Sanches Fernandes,2001-05-28,79.02,23.28,23.35,32,29,3,2751.0,94.86,0.14,1.9,755.0,26.03,22.0,84.5,82.49,15.46,1.48,5.66,3.45,0.45,0.31,6.76,1.38,1.17,32.0,8.52,6.69,78.54,74.38,1.1,0.07,25.34,4.97,64.58,3.21,5.52
1230,Eredivisie (NL),61935,Ernest Poku,E. Poku,2004-01-28,78.8,24.64,19.51,1,1,0,58.0,58.0,1.0,2.0,19.0,19.0,16.0,84.21,80.6,14.75,1.0,7.0,1.0,0.0,0.0,1.0,0.0,0.0,13.0,4.0,4.0,100.0,62.73,2.0,1.0,11.0,2.0,100.0,2.0,5.0
1230,Eredivisie (NL),61943,Julian Baas,J. Baas,2002-04-16,59.0,15.31,18.22,21,21,0,1198.0,57.05,0.1,1.05,434.0,20.67,17.24,83.41,85.7,18.51,2.14,8.1,3.29,0.52,0.38,9.05,2.57,1.33,8.48,4.0,2.71,67.86,70.35,0.43,0.05,5.71,1.95,53.66,1.05,3.62
1230,Eredivisie (NL),62074,Lennard  Hartjes,L. Hartjes,2003-04-07,76.33,23.64,21.84,20,18,2,1629.0,90.5,0.17,1.28,553.0,30.72,27.94,90.96,91.46,17.4,2.72,7.72,4.89,0.39,0.17,10.67,2.17,1.83,10.67,4.28,3.44,80.52,80.85,0.22,0.0,7.17,1.72,61.29,1.06,2.67
1230,Eredivisie (NL),62179,Luuk Brouwers,L. Brouwers,1998-05-03,68.69,19.81,18.59,30,29,1,2242.0,77.31,0.28,1.69,712.0,24.55,21.0,85.53,86.64,15.85,1.31,6.86,4.07,0.59,0.52,13.0,3.24,2.66,16.0,5.76,4.17,72.46,78.82,0.59,0.07,13.17,3.17,68.48,2.17,3.28
1230,Eredivisie (NL),62181,Boyd Lucassen,B. Lucassen,1998-07-01,58.83,14.49,16.9,20,20,0,760.0,38.0,0.0,0.4,282.0,14.1,10.4,73.76,79.95,15.89,0.45,3.85,3.6,0.45,0.3,5.8,1.6,0.95,8.85,3.1,2.1,67.74,70.21,0.25,0.0,5.4,1.6,43.75,0.7,4.0
1230,Eredivisie (NL),62294,Julius Dirksen,J. Dirksen,2003-02-02,67.54,17.39,20.26,18,17,1,1298.0,76.35,0.06,0.53,480.0,28.24,23.76,84.17,88.22,20.37,3.53,5.06,5.41,0.12,0.06,16.53,5.71,3.94,9.65,3.76,3.35,89.06,88.07,0.24,0.0,2.59,0.71,50.0,0.35,4.12
1230,Eredivisie (NL),62297,Amourricho van Axel Dongen ,A. van Axel Dongen,2004-09-29,21.8,5.5,5.54,7,7,0,117.0,16.71,0.0,0.14,18.0,2.57,2.14,83.33,73.68,12.68,0.14,0.57,0.0,0.0,0.0,0.57,0.14,0.14,6.0,1.0,0.71,71.43,53.63,0.0,0.0,8.14,0.86,50.0,0.43,1.0
1230,Eredivisie (NL),62300,Devon Koswal,D. Koswal,2003-08-21,72.25,17.29,22.02,25,22,3,1188.0,54.0,0.09,0.55,460.0,20.91,17.59,84.13,89.94,18.35,1.45,5.68,2.64,0.18,0.05,14.73,4.36,3.32,8.82,3.36,2.82,83.78,83.13,0.18,0.0,2.77,0.82,38.89,0.32,2.5
1230,Eredivisie (NL),62315,Mees De Wit,M. de Wit,1998-04-17,85.35,26.62,23.48,31,31,0,3545.0,114.35,0.16,1.65,1184.0,38.19,32.74,85.73,88.01,16.07,2.35,6.81,7.55,0.52,0.35,24.58,5.61,4.26,23.71,8.26,6.97,84.38,78.64,0.61,0.1,14.68,2.74,49.41,1.35,5.29
1230,Eredivisie (NL),62318,Niek Schiks,N. Schiks,2004-02-03,95.17,34.44,22.32,2,2,0,206.0,103.0,0.0,0.0,69.0,34.5,26.5,76.81,88.29,25.93,8.5,2.0,4.5,0.0,0.0,42.5,10.0,6.5,25.5,8.5,8.5,100.0,98.69,0.0,0.0,0.5,0.0,,0.0,2.5
1230,Eredivisie (NL),63199,Mathijs Tielemans,M. Tielemans,2002-04-26,69.91,21.85,18.68,2,2,0,225.0,112.5,0.0,1.0,73.0,36.5,32.5,89.04,92.62,19.01,4.0,9.0,6.5,0.5,0.5,13.0,3.5,2.0,6.5,4.0,3.0,75.0,89.0,0.0,0.0,8.5,1.5,33.33,0.5,2.0
1230,Eredivisie (NL),63322,Casper Terho,C. Terho,2003-06-24,30.49,7.76,8.72,9,9,0,302.0,33.56,0.22,0.56,79.0,8.78,6.11,69.62,71.37,16.87,0.56,1.67,1.78,0.22,0.22,1.67,0.22,0.11,8.78,1.89,1.11,58.82,56.52,0.33,0.11,11.78,2.67,54.17,1.44,3.56
1230,Eredivisie (NL),63370,Milan Zonneveld,M. Zonneveld,2003-10-08,39.49,9.79,11.93,31,29,2,434.0,14.97,0.14,0.52,124.0,4.28,3.24,75.81,77.46,12.16,0.1,1.79,0.69,0.45,0.17,0.17,0.07,0.03,6.93,2.1,1.62,77.05,79.51,0.38,0.14,5.34,1.38,75.0,1.03,0.9
1230,Eredivisie (NL),63440,Mimeirhel  Benita ,M. Benita,2003-11-17,62.32,15.15,17.38,25,25,0,1550.0,62.0,0.08,1.12,518.0,20.72,16.32,78.76,80.26,17.6,1.72,4.32,4.96,0.36,0.48,10.92,3.64,2.56,14.56,5.68,4.04,71.13,70.53,0.36,0.0,8.08,2.44,49.18,1.2,5.52
1230,Eredivisie (NL),64211,Hristiyan Petrov,H. Petrov,2002-06-24,29.76,7.61,9.0,20,19,1,540.0,28.42,0.11,0.53,223.0,11.74,10.21,87.0,88.98,15.88,0.47,3.32,2.32,0.21,0.21,5.53,1.47,1.26,4.47,2.05,1.74,84.62,81.26,0.16,0.0,2.58,0.74,42.86,0.32,1.26
1230,Eredivisie (NL),65096,Jacob Trenskow,J. Trenskow,2000-11-26,87.63,25.73,24.36,33,32,1,2522.0,78.81,0.19,3.22,832.0,26.0,21.72,83.53,80.46,13.22,0.81,7.12,4.69,0.97,1.0,3.94,0.5,0.41,29.66,9.22,7.41,80.34,74.13,1.75,0.19,29.06,6.5,68.75,4.47,5.75
1230,Eredivisie (NL),67577,Xavier Mbuyamba,X. Mbuyamba,2001-12-31,50.53,12.47,16.07,15,14,1,812.0,58.0,0.0,0.36,327.0,23.36,19.5,83.49,88.2,19.27,1.79,5.79,4.5,0.64,0.21,17.29,6.5,5.14,8.29,3.64,3.21,88.24,77.08,0.0,0.0,4.71,1.64,47.83,0.79,2.71
1230,Eredivisie (NL),67773,Lequincio Zeefuik,L. Zeefuik,2004-11-26,57.42,13.72,15.91,23,23,0,768.0,33.39,0.0,0.52,170.0,7.39,4.83,65.3,73.6,12.01,0.17,2.61,0.74,0.7,0.35,1.3,0.22,0.13,15.43,3.22,2.13,66.22,70.36,0.3,0.0,14.17,2.78,60.94,1.7,2.22
1230,Eredivisie (NL),68940,Roy Steur,R. Steur,2005-02-01,78.89,19.4,21.16,3,3,0,253.0,84.33,0.0,0.33,79.0,26.33,14.33,54.43,78.44,40.66,9.0,5.0,1.33,0.0,0.0,52.67,15.0,5.67,2.67,1.0,1.0,100.0,99.16,0.0,0.0,0.0,0.0,,0.0,1.67
1230,Eredivisie (NL),69071,Oualid Agougil,O. Agougil,2005-08-07,22.97,6.16,6.61,6,6,0,219.0,36.5,0.0,0.83,64.0,10.67,9.67,90.62,88.18,15.93,0.67,2.33,1.67,0.33,0.0,8.0,2.5,2.17,4.0,1.83,1.5,81.82,76.33,0.33,0.0,2.67,0.5,100.0,0.5,0.83
1230,Eredivisie (NL),69074,Mike Kleijn,M. Kleijn,2005-02-09,46.59,11.46,14.37,10,10,0,386.0,38.6,0.1,0.6,155.0,15.5,12.4,80.0,87.17,16.63,1.0,3.4,3.4,0.4,0.0,6.5,2.5,1.8,10.6,3.7,3.0,81.08,85.2,0.1,0.0,4.2,1.0,50.0,0.5,2.4
1230,Eredivisie (NL),69078,Thijmen Blokzijl,T. Blokzijl,2005-02-25,97.62,27.07,27.22,33,32,1,4211.0,131.59,0.09,1.12,1627.0,50.84,45.66,89.8,92.44,17.52,2.72,12.09,7.97,0.19,0.16,30.22,8.28,6.91,19.94,7.59,6.88,90.54,88.79,0.28,0.06,4.66,1.03,60.61,0.62,4.47
1230,Eredivisie (NL),69081,Jaden Slory,J. Slory,2005-05-09,48.24,12.99,13.45,19,19,0,784.0,41.26,0.26,1.47,216.0,11.37,8.0,70.37,72.31,14.77,0.37,1.37,1.32,0.11,0.21,1.89,0.21,0.21,15.42,4.26,2.58,60.49,64.91,0.79,0.16,14.74,3.79,44.44,1.68,4.16
1230,Eredivisie (NL),69223,Younes Taha El Idrissi,Y. Taha,2002-11-27,86.04,24.31,23.87,31,30,1,2304.0,76.8,0.27,2.47,628.0,20.93,14.8,70.7,72.37,15.99,1.73,5.03,2.77,1.3,0.8,5.8,1.2,0.87,27.7,8.0,5.27,65.83,65.16,1.2,0.13,30.77,7.53,51.33,3.87,7.73
1230,Eredivisie (NL),70182,Walid Ould-Chikh,W. Ould-Chikh,1999-11-06,66.74,15.79,18.71,24,24,0,1887.0,78.62,0.38,2.04,488.0,20.33,13.83,68.03,72.87,17.75,1.92,5.54,2.33,0.58,0.5,11.08,3.21,1.92,20.46,6.67,4.04,60.63,63.07,1.08,0.12,20.83,5.71,51.83,2.96,7.58
1230,Eredivisie (NL),70449,Wouter Goes,W. Goes,2004-06-10,88.92,27.3,24.23,33,33,0,5128.0,155.39,0.09,1.21,1796.0,54.42,49.06,90.14,90.96,18.33,4.33,8.55,10.82,0.03,0.24,44.88,11.42,9.45,25.97,9.36,8.45,90.29,86.57,0.39,0.03,6.36,1.42,55.32,0.79,6.21
1230,Eredivisie (NL),70502,Zidane Iqbal,Zidane Iqbal,2003-04-27,53.92,16.05,15.6,5,5,0,491.0,98.2,0.4,2.6,167.0,33.4,30.4,91.02,91.9,16.89,1.4,7.4,6.6,0.8,0.4,20.0,7.2,6.4,12.2,5.0,4.6,92.0,83.41,0.4,0.2,12.0,3.0,66.67,2.0,2.4
1230,Eredivisie (NL),70582,Daouda Weidmann,D. Weidmann,2003-05-04,32.44,9.75,7.49,15,15,0,797.0,53.13,0.27,1.2,245.0,16.33,14.4,88.16,88.81,14.49,0.87,3.8,3.4,0.2,0.4,7.07,1.4,1.13,11.07,3.27,2.47,75.51,78.63,0.4,0.07,10.67,2.0,60.0,1.2,1.67
1230,Eredivisie (NL),70652,Isak Hansen-Aaröen,I. Hansen-Aaröen,2004-08-22,9.51,3.72,1.06,3,2,1,38.0,19.0,0.0,0.5,9.0,4.5,4.0,88.89,88.26,12.43,0.0,0.0,0.5,0.0,0.0,2.5,0.5,0.5,4.0,1.0,1.0,100.0,93.15,0.5,0.0,10.5,2.5,80.0,2.0,0.5
1230,Eredivisie (NL),70695,Noam Emeran,N. Emeran,2002-09-24,14.47,4.5,2.57,4,4,0,84.0,21.0,0.0,0.75,24.0,6.0,4.5,75.0,76.39,17.87,0.25,1.0,1.0,0.25,0.25,0.5,0.0,0.0,6.5,2.0,1.25,62.5,70.89,0.25,0.0,9.75,1.75,42.86,0.75,2.0
1230,Eredivisie (NL),70751,Leo Sauer,L. Sauer,2005-12-16,75.34,22.69,20.27,20,20,0,1286.0,64.3,0.25,1.9,349.0,17.45,14.0,80.23,78.52,12.61,0.1,2.15,2.55,0.25,0.5,3.75,0.75,0.65,26.5,6.9,5.1,73.91,65.81,1.25,0.25,28.65,5.8,60.34,3.5,4.75
1230,Eredivisie (NL),72053,Tobias Lauritsen,T. Lauritsen,1997-08-30,96.59,25.69,29.63,32,32,0,1018.0,31.81,0.12,1.56,370.0,11.56,8.44,72.97,73.21,11.26,0.06,6.75,1.53,2.06,0.53,0.78,0.22,0.16,14.25,5.91,4.41,74.6,70.3,1.03,0.12,12.25,4.06,63.08,2.56,3.72
1230,Eredivisie (NL),72068,Niklas Brøndsted Vesterlund Nielsen,N. Vesterlund,1999-06-06,77.47,20.11,25.08,20,19,1,1037.0,54.58,0.32,1.11,409.0,21.53,17.63,81.91,84.25,16.59,1.32,5.74,4.95,0.47,0.16,9.32,2.63,1.84,11.16,4.21,3.16,75.0,74.37,0.47,0.11,4.68,1.26,45.83,0.58,5.0
1230,Eredivisie (NL),72097,Joshua Gaston Kitolano,J. Kitolano,2001-08-03,87.08,23.64,26.55,30,30,0,2233.0,74.43,0.23,1.53,726.0,24.2,20.3,83.88,85.99,15.31,1.23,6.27,5.87,0.9,0.53,8.97,2.03,1.47,15.83,6.1,4.8,78.69,78.36,1.03,0.23,13.2,3.43,61.16,2.1,3.93
1230,Eredivisie (NL),72148,Oliver Valaker Edvardsen,O. Edvardsen,1999-03-19,40.15,13.01,10.93,18,18,0,657.0,36.5,0.17,1.06,219.0,12.17,10.0,82.19,82.65,13.74,0.33,2.56,3.22,0.56,0.56,3.17,0.56,0.33,12.22,3.67,2.78,75.76,72.22,0.44,0.06,8.39,2.83,60.78,1.72,2.44
1230,Eredivisie (NL),72479,Makan Aïko,M. Aïko,2001-01-07,39.72,10.22,10.45,13,13,0,389.0,29.92,0.15,0.54,110.0,8.46,6.23,73.64,73.01,12.95,0.15,1.92,0.77,0.46,0.31,0.85,0.0,0.0,11.54,2.62,2.15,82.35,69.37,0.23,0.08,14.85,3.23,52.38,1.69,2.85
1230,Eredivisie (NL),72891,Tom de Graaff,T. de Graaff,2004-12-10,97.57,24.2,30.53,31,29,2,2407.0,83.0,0.0,0.03,735.0,25.34,17.41,68.71,81.82,26.86,5.48,5.21,2.45,0.0,0.0,37.79,10.45,5.0,13.03,3.31,3.21,96.87,95.15,0.0,0.0,0.0,0.0,,0.0,3.17
1230,Eredivisie (NL),73016,Jochem Ritmeester van de Kamp,J. Ritmeester van de Kamp,2003-11-02,79.26,19.9,23.97,27,25,2,1676.0,67.04,0.12,1.88,538.0,21.52,17.16,79.74,80.11,15.03,1.08,6.4,4.08,1.44,0.72,6.2,1.36,1.04,21.28,7.68,5.48,71.35,71.67,0.84,0.08,17.04,4.68,52.99,2.48,5.0
1230,Eredivisie (NL),76746,Raul Paula,R. Paula,2004-01-25,38.94,11.73,9.55,21,21,0,1017.0,48.43,0.14,1.43,258.0,12.29,9.62,78.29,80.0,15.6,0.76,2.1,1.57,0.38,0.48,4.57,1.33,0.9,15.86,3.9,2.48,63.41,68.6,0.95,0.1,15.14,3.67,54.55,2.0,3.33
1230,Eredivisie (NL),81344,Rijk Janse,R. Janse,2002-04-16,93.23,29.01,26.35,1,1,0,71.0,71.0,0.0,0.0,19.0,19.0,11.0,57.89,80.13,23.56,4.0,3.0,1.0,0.0,0.0,24.0,6.0,2.0,3.0,1.0,1.0,100.0,81.21,0.0,0.0,0.0,0.0,,0.0,4.0
1230,Eredivisie (NL),83071,Gonçalo Oscar Albuquerque Borges,Gonçalo Borges,2001-03-29,48.2,14.51,13.53,11,10,1,474.0,47.4,0.2,1.5,118.0,11.8,8.6,72.88,73.31,13.18,0.5,1.6,0.9,0.4,0.3,1.1,0.3,0.1,15.9,4.5,3.1,68.89,65.31,0.8,0.1,24.0,4.7,61.7,2.9,4.1
1230,Eredivisie (NL),84583,Noah Naujoks,N. Naujoks,2002-05-02,78.03,22.81,23.28,30,27,3,1416.0,52.44,0.15,1.37,472.0,17.48,13.96,79.87,81.29,14.13,0.56,6.44,3.11,0.56,0.3,3.74,0.67,0.56,15.33,5.26,3.81,72.54,75.93,1.04,0.11,10.67,2.74,56.76,1.56,3.74
1230,Eredivisie (NL),85488,Rome Jayden Owusu-Oduro,R. Owusu-Oduro,2004-07-02,96.28,29.85,25.14,23,23,0,1735.0,75.43,0.0,0.09,530.0,23.04,15.78,68.49,80.93,28.4,5.48,2.91,4.7,0.0,0.0,28.17,8.39,3.3,11.78,3.26,3.09,94.67,93.11,0.0,0.0,0.0,0.0,,0.0,4.0
1230,Eredivisie (NL),85489,Mexx Meerdink,M. Meerdink,2003-07-24,50.53,15.65,12.22,19,19,0,463.0,24.37,0.11,0.84,126.0,6.63,4.84,73.02,74.65,12.93,0.16,2.53,1.16,0.53,0.53,0.79,0.32,0.21,10.0,2.58,1.68,65.31,69.1,0.42,0.05,10.74,2.26,65.12,1.47,2.11
1230,Eredivisie (NL),86081,Luciano Valente,L. Valente,2003-10-04,85.0,24.84,23.13,32,31,1,4576.0,147.61,0.48,3.23,1265.0,40.81,35.39,86.72,85.68,15.21,2.0,8.87,6.42,0.74,1.1,26.32,6.1,4.84,30.77,9.94,7.68,77.27,74.33,1.13,0.1,31.61,6.81,65.4,4.45,7.03
1230,Eredivisie (NL),91246,Yvandro Borges Sanches,Y. Borges Sanches,2004-05-24,50.73,12.59,14.44,11,11,0,503.0,45.73,0.09,0.45,129.0,11.73,9.45,80.62,84.44,14.69,0.45,2.09,1.27,0.0,0.18,4.0,0.82,0.55,13.64,2.45,1.91,77.78,83.08,0.09,0.09,13.0,2.18,58.33,1.27,1.91
1230,Eredivisie (NL),92778,Brayann Pereira,B. Pereira,2003-05-21,50.02,14.9,10.91,24,20,4,1093.0,54.65,0.2,1.3,383.0,19.15,16.7,87.21,88.73,16.62,1.0,2.95,3.8,0.3,0.2,9.4,2.9,2.5,11.2,3.9,3.3,84.62,83.11,0.4,0.1,8.15,1.8,50.0,0.9,2.6
1230,Eredivisie (NL),99675,Paul Wanner,P. Wanner,2005-12-23,78.91,28.58,18.44,22,22,0,2466.0,112.09,0.36,2.86,791.0,35.95,32.82,91.28,90.18,13.82,1.23,9.32,8.77,1.14,1.0,14.09,2.82,2.41,20.77,6.45,5.77,89.44,81.27,1.05,0.14,23.95,4.77,78.1,3.73,2.95
1230,Eredivisie (NL),101006,Olivier Aertssen,O. Aertssen,2004-08-07,71.76,17.03,22.8,28,27,1,1514.0,56.07,0.15,1.07,516.0,19.11,13.22,69.19,77.73,16.35,1.26,5.41,3.52,0.22,0.26,12.11,4.41,2.89,13.7,5.44,3.67,67.35,68.29,0.63,0.15,7.93,2.07,46.43,0.96,5.33
1230,Eredivisie (NL),102798,Nils Rossen,N. Rossen,2004-08-01,88.77,22.25,27.38,27,25,2,1961.0,78.44,0.16,1.4,638.0,25.52,22.12,86.68,88.02,17.22,2.28,7.72,6.92,0.6,0.76,9.28,1.68,1.32,13.48,4.24,3.56,83.96,81.09,0.48,0.04,10.6,2.28,68.42,1.56,2.92
1230,Eredivisie (NL),104332,Lewis Schouten,L. Schouten,2004-02-04,56.69,16.77,15.94,23,21,2,1413.0,67.29,0.0,0.48,545.0,25.95,22.0,84.77,89.97,21.31,4.0,5.24,4.81,0.1,0.05,13.62,3.48,2.52,7.52,2.95,2.38,80.65,76.21,0.19,0.0,2.9,0.62,53.85,0.33,2.86
1230,Eredivisie (NL),113243,Deveron Fonville,D. Fonville,2003-05-16,53.43,15.76,11.6,29,26,3,1593.0,61.27,0.15,0.69,599.0,23.04,19.19,83.3,88.08,16.63,1.42,4.15,4.46,0.31,0.35,16.23,3.81,2.88,12.5,4.65,3.73,80.16,79.96,0.23,0.04,7.73,1.88,65.31,1.23,3.23
1230,Eredivisie (NL),113718,Amine Salama,A. Salama,2000-07-18,44.27,12.77,13.01,8,8,0,338.0,42.25,0.12,1.75,93.0,11.62,8.62,74.19,78.49,14.02,0.5,2.5,1.75,0.25,0.5,1.62,0.12,0.12,15.88,5.25,3.5,66.67,71.6,1.0,0.0,15.88,3.75,63.33,2.38,2.88
1230,Eredivisie (NL),113724,Matěj Šín,M. Šín,2004-06-02,34.65,9.45,9.39,18,18,0,552.0,30.67,0.11,1.17,187.0,10.39,8.28,79.68,81.0,13.61,0.28,3.78,2.44,0.72,0.5,2.5,0.61,0.44,9.11,3.5,2.83,80.95,73.87,0.72,0.06,9.0,2.83,72.55,2.06,2.17
1230,Eredivisie (NL),115593,Gyan de Regt,G. de Regt,2003-09-18,82.86,23.39,24.54,33,30,3,1896.0,63.2,0.3,1.63,634.0,21.13,14.97,70.82,75.31,15.37,0.93,7.37,1.9,1.03,0.43,2.67,0.7,0.43,21.53,7.63,4.83,63.32,65.83,1.1,0.3,20.27,5.47,45.12,2.47,6.9
1230,Eredivisie (NL),116942,Václav Sejk,V. Sejk,2002-05-18,35.0,8.37,8.64,17,17,0,285.0,16.76,0.12,0.53,83.0,4.88,3.12,63.86,72.15,13.26,0.18,1.88,0.59,0.29,0.18,0.59,0.18,0.18,6.0,1.41,1.0,70.83,68.63,0.24,0.06,6.35,1.65,67.86,1.12,1.65
1230,Eredivisie (NL),120545,Yarek Gasiorowski Hernandis,Yarek Gasiorowski,2005-01-12,84.64,29.32,20.41,28,27,1,3121.0,115.59,0.15,0.96,1420.0,52.59,48.11,91.48,94.17,17.5,2.74,8.33,15.3,0.11,0.11,32.3,8.89,7.59,15.48,6.7,6.07,90.61,88.71,0.37,0.07,2.41,0.67,50.0,0.33,3.07
1230,Eredivisie (NL),124345,Tristan Gooijer ,T. Gooijer,2004-09-02,63.36,16.16,19.04,23,22,1,1373.0,62.41,0.0,0.55,436.0,19.82,17.32,87.38,91.0,15.52,1.05,3.41,2.55,0.23,0.18,9.64,1.5,1.09,11.86,3.68,3.18,86.42,86.61,0.27,0.0,5.14,0.91,55.0,0.5,1.91
1230,Eredivisie (NL),128541,Aurelio  Oehlers,A. Oehlers,2004-02-05,48.73,12.73,14.81,32,30,2,1159.0,38.63,0.03,0.57,320.0,10.67,7.63,71.56,74.66,13.86,0.47,1.67,0.93,0.27,0.2,1.5,0.27,0.2,12.87,3.3,2.07,62.63,62.68,0.27,0.0,16.87,3.5,40.95,1.43,3.63
1230,Eredivisie (NL),128542,Rafik El Arguioui,R. El Arguioui,2005-07-31,33.3,8.68,10.82,2,2,0,103.0,51.5,0.0,0.5,24.0,12.0,10.5,87.5,89.12,20.46,1.5,1.5,1.0,0.0,0.0,9.5,1.0,0.0,6.5,3.0,2.5,83.33,77.92,0.0,0.0,2.0,0.5,100.0,0.5,2.0
1230,Eredivisie (NL),132223,Başar Önal,B. Önal,2004-07-06,76.79,23.59,17.37,29,26,3,2287.0,87.96,0.42,2.69,602.0,23.15,17.5,75.58,76.31,14.71,1.08,6.46,2.81,0.46,0.65,5.69,1.38,0.85,28.58,6.69,4.35,64.94,65.47,0.69,0.19,36.19,6.5,53.26,3.46,7.46
1230,Eredivisie (NL),139821,Anton Gaaei,A. Gaaei,2002-11-19,77.2,25.7,20.6,28,28,0,2547.0,90.96,0.36,1.86,1021.0,36.46,28.61,78.45,80.16,16.22,1.64,8.18,9.18,1.32,1.0,14.96,4.64,3.54,28.61,11.71,8.54,72.87,71.88,0.93,0.18,17.89,5.61,35.67,2.0,9.5
1230,Eredivisie (NL),140944,Milan Smit,M. Smit,2003-02-13,78.04,23.61,21.43,19,19,0,605.0,31.84,0.05,0.68,181.0,9.53,7.37,77.35,80.4,12.04,0.16,3.79,1.63,0.42,0.32,1.11,0.32,0.21,12.21,3.26,2.32,70.97,77.33,0.21,0.0,9.05,1.84,57.14,1.05,1.89
1230,Eredivisie (NL),145084,Brahim Ghalidi,B. Ghalidi,2005-01-31,33.46,10.71,7.71,10,9,1,538.0,59.78,0.0,1.56,147.0,16.33,13.0,79.59,82.07,12.83,0.89,2.0,2.22,0.22,0.33,3.56,0.78,0.56,17.44,3.67,2.89,78.79,81.36,0.56,0.0,18.67,4.11,51.35,2.11,3.22
1230,Eredivisie (NL),151010,Timo Jansink,T. Jansink,2003-03-16,96.63,23.88,27.24,15,15,0,1495.0,99.67,0.0,0.33,420.0,28.0,18.93,67.62,81.14,29.79,7.13,7.2,2.6,0.0,0.0,45.2,12.07,6.07,17.0,4.73,4.47,94.37,95.07,0.2,0.0,0.0,0.0,,0.0,4.4
1230,Eredivisie (NL),151545,Sem Scheperman,S. Scheperman,2002-06-24,76.08,18.31,22.05,16,16,0,1011.0,63.19,0.06,0.75,361.0,22.56,19.81,87.81,89.97,16.71,1.38,7.0,4.38,0.25,0.19,10.56,2.25,1.94,7.81,3.44,3.12,90.91,84.0,0.12,0.06,4.75,1.0,68.75,0.69,2.44
1230,Eredivisie (NL),152161,Nikolai Søyset Hopland,N. Hopland,2004-07-24,37.4,10.28,9.59,17,17,0,846.0,49.76,0.06,0.41,322.0,18.94,17.0,89.75,92.28,18.08,1.41,3.76,3.59,0.0,0.12,12.71,3.29,2.71,5.41,2.29,2.18,94.87,92.4,0.06,0.0,0.76,0.29,40.0,0.12,1.29
1230,Eredivisie (NL),153322,Miliano Jonathans,M. Jonathans,2004-04-05,37.18,10.4,10.22,15,15,0,535.0,35.67,0.2,1.0,158.0,10.53,8.2,77.85,78.18,16.25,0.8,2.47,1.2,0.4,0.0,3.0,0.93,0.47,13.13,3.73,2.8,75.0,73.06,0.4,0.07,8.8,2.0,56.67,1.13,2.8
1230,Eredivisie (NL),153388,Justin Hubner,J. Hubner,2003-09-14,66.71,16.43,19.33,25,25,0,1750.0,70.0,0.04,0.6,649.0,25.96,21.04,81.05,87.51,18.08,2.16,5.0,6.16,0.12,0.0,16.68,5.28,3.48,11.96,4.44,3.6,81.08,80.55,0.32,0.04,3.4,0.8,45.0,0.36,4.48
1230,Eredivisie (NL),154026,Ruben van Bommel,R. van Bommel,2004-08-03,63.73,23.44,13.38,6,5,1,326.0,65.2,0.2,3.2,119.0,23.8,19.8,83.19,83.02,12.09,0.6,5.2,6.0,0.4,1.0,2.2,0.6,0.2,21.8,7.0,5.2,74.29,69.56,1.2,0.2,18.8,4.4,68.18,3.0,4.6
1230,Eredivisie (NL),157427,Tristan van Gilst,T. van Gilst,2003-02-18,49.46,11.87,14.24,28,28,0,806.0,28.79,0.0,0.46,230.0,8.21,6.39,77.83,80.88,15.06,0.39,1.96,1.11,0.39,0.18,2.5,0.64,0.54,9.21,2.54,1.86,73.24,74.13,0.25,0.0,7.14,1.54,62.79,0.96,1.93
1230,Eredivisie (NL),159478,Billy van Duijl,B. van Duijl,2005-10-04,90.45,25.41,25.44,7,7,0,958.0,136.86,0.0,1.0,314.0,44.86,36.71,81.85,83.86,21.41,7.0,7.57,6.86,0.57,0.0,44.43,12.0,8.0,26.0,8.86,6.86,77.42,75.6,0.43,0.0,6.43,2.14,46.67,1.0,10.43
1230,Eredivisie (NL),159947,Jordan Bos,J. Bos,2002-10-29,79.19,23.11,21.09,28,27,1,2903.0,107.52,0.63,2.41,965.0,35.74,30.41,85.08,85.89,13.82,0.85,7.22,8.74,1.15,1.07,18.59,5.0,4.22,28.0,10.07,7.89,78.31,77.2,1.04,0.22,22.78,5.33,47.92,2.56,6.11
1230,Eredivisie (NL),160749,Damian van der Haar,D. van der Haar,2004-01-16,12.77,1.88,3.85,3,2,1,13.0,6.5,0.0,0.0,4.0,2.0,1.0,50.0,59.71,2.98,0.0,1.5,0.5,0.0,0.0,0.0,0.0,0.0,0.0,0.0,0.0,,,0.0,0.0,0.0,0.0,,0.0,1.5
1230,Eredivisie (NL),161117,Adrian Blake,A. Blake,2005-07-15,46.43,12.52,13.34,25,25,0,1191.0,47.64,0.16,1.64,304.0,12.16,8.92,73.36,77.84,14.76,0.4,2.0,1.52,0.48,0.16,2.84,0.6,0.36,16.4,4.16,2.64,63.46,63.71,0.64,0.08,17.96,3.68,50.0,1.84,3.44
1230,Eredivisie (NL),161790,Noé Lebreton,N. Lebreton,2004-04-22,71.8,20.99,16.54,22,19,3,1145.0,60.26,0.26,1.74,334.0,17.58,14.21,80.84,82.44,13.15,0.68,5.53,2.26,0.89,0.58,5.26,1.26,0.95,15.89,4.79,3.74,78.02,76.16,0.84,0.05,17.95,3.74,63.38,2.37,3.42
1230,Eredivisie (NL),166772,Bernt Klaverboer,B. Klaverboer,2005-09-26,98.27,28.41,28.11,29,28,1,2926.0,104.5,0.04,0.21,894.0,31.93,21.5,67.34,82.32,28.1,6.89,4.64,3.36,0.04,0.0,43.46,12.64,5.46,18.04,5.57,4.93,88.46,93.57,0.0,0.0,0.04,0.04,0.0,0.0,4.89
1230,Eredivisie (NL),167045,Nolan Martens,N. Martens,2004-07-07,56.15,15.0,17.91,9,9,0,485.0,53.89,0.11,0.67,179.0,19.89,15.44,77.65,82.99,18.52,2.11,4.33,4.33,0.67,0.33,9.0,2.56,1.78,13.0,4.89,3.78,77.27,74.76,0.33,0.0,5.44,1.89,29.41,0.56,4.78
1230,Eredivisie (NL),167699,Joel Ideho,J. Ideho,2003-07-17,50.5,14.0,15.02,24,22,2,1242.0,56.45,0.05,0.86,316.0,14.36,10.95,76.27,77.75,16.49,1.0,2.14,1.05,0.32,0.14,4.41,1.14,0.86,15.59,4.14,3.0,72.53,70.2,0.32,0.0,18.59,3.73,54.88,2.05,4.18
1230,Eredivisie (NL),171394,Weslley  Pinto Batista,Weslley Patati,2003-10-01,57.08,17.94,14.56,27,27,0,2008.0,74.37,0.19,1.67,495.0,18.33,14.78,80.61,82.0,14.37,0.74,3.96,2.56,0.56,0.26,4.96,0.85,0.56,22.48,5.22,3.67,70.21,70.44,0.85,0.11,21.67,4.3,57.76,2.48,4.04
1230,Eredivisie (NL),174321,Sayfallah Ltaief,S. Ltaief,2000-04-22,63.65,15.35,21.54,8,8,0,331.0,41.38,0.12,1.0,96.0,12.0,9.88,82.29,82.59,12.08,0.12,2.12,1.12,0.25,0.0,2.5,0.62,0.5,15.38,3.88,2.62,67.74,68.16,0.38,0.0,15.5,2.88,65.22,1.88,2.0
1230,Eredivisie (NL),178839,Stefan Mitrović,S. Mitrović,2002-08-15,34.38,8.48,10.37,9,9,0,267.0,29.67,0.22,0.89,77.0,8.56,6.33,74.03,74.91,14.52,0.44,1.44,1.44,0.22,0.0,2.11,0.33,0.22,11.78,3.33,2.11,63.33,64.95,0.67,0.11,9.67,2.56,43.48,1.11,2.78
1230,Eredivisie (NL),179101,Oscar Gloukh,O. Gloukh,2004-04-01,56.55,18.7,14.56,28,27,1,2657.0,98.41,0.41,2.37,713.0,26.41,22.78,86.26,86.38,12.97,0.7,4.44,4.11,0.67,0.81,12.0,2.74,2.41,26.56,7.74,6.07,78.47,76.98,1.3,0.19,27.37,5.3,70.63,3.74,4.0
1230,Eredivisie (NL),179529,Remi van Ekeris,R. van Ekeris,2002-09-23,,,,1,0,1,,,,,,,,,,,,,,,,,,,,,,,,,,,,,,
1230,Eredivisie (NL),179537,Sami Ouaissa,S. Ouaissa,2004-10-02,89.28,27.84,19.73,32,28,4,2675.0,95.54,0.36,3.61,721.0,25.75,20.61,80.03,77.7,15.33,1.36,5.07,2.61,0.93,0.36,6.04,1.21,0.96,30.89,7.61,5.89,77.47,70.79,1.54,0.07,34.0,6.96,55.9,3.89,7.86
1230,Eredivisie (NL),179545,Dion Versluis,D. Versluis,2003-02-17,8.53,1.94,2.42,6,6,0,35.0,5.83,0.0,0.0,6.0,1.0,0.33,33.33,78.02,7.23,0.0,0.33,0.33,0.0,0.0,0.0,0.0,0.0,2.67,0.33,0.17,50.0,86.32,0.0,0.0,3.0,0.0,,0.0,0.17
1230,Eredivisie (NL),179984,Aske Emil Berg Adelgaard,A. Adelgaard,2003-11-10,62.02,17.34,17.82,27,27,0,1928.0,71.41,0.11,1.33,634.0,23.48,19.33,82.33,83.7,15.5,1.19,4.56,4.37,0.37,0.63,12.93,3.3,2.52,18.19,6.96,5.67,81.38,75.64,0.7,0.11,12.56,3.0,49.38,1.48,4.74
1230,Eredivisie (NL),180027,Ryan Flamingo,R. Flamingo,2002-12-31,55.42,18.73,12.93,33,32,1,2740.0,85.62,0.16,0.91,1147.0,35.84,32.88,91.72,92.86,19.75,3.0,5.84,7.22,0.09,0.03,25.66,7.88,6.56,13.28,5.84,5.12,87.7,83.3,0.16,0.0,2.22,0.72,56.52,0.41,3.28
1230,Eredivisie (NL),180031,Duke Verduin,D. Verduin,2003-10-30,92.83,24.72,28.88,1,1,0,87.0,87.0,0.0,0.0,28.0,28.0,22.0,78.57,83.87,24.77,6.0,4.0,5.0,0.0,0.0,39.0,10.0,5.0,14.0,4.0,4.0,100.0,98.03,0.0,0.0,0.0,0.0,,0.0,6.0
1230,Eredivisie (NL),180755,Dylan Mertens,D. Mertens,1995-07-20,28.37,6.79,8.53,19,17,2,408.0,24.0,0.06,0.47,115.0,6.76,5.35,79.13,80.17,14.71,0.35,1.65,1.35,0.41,0.29,2.71,0.88,0.65,6.12,1.71,1.12,65.52,70.08,0.12,0.0,6.29,1.24,71.43,0.88,1.65
1230,Eredivisie (NL),180850,Donfack Ryan Gloire Fosso Ymefack,R. Fosso,2002-06-17,97.1,24.22,26.49,17,17,0,2059.0,121.12,0.18,1.65,662.0,38.94,35.12,90.18,91.59,15.16,1.53,9.59,9.18,0.29,0.35,17.18,3.76,2.88,12.76,4.71,4.29,91.25,87.75,0.18,0.06,8.71,1.53,65.39,1.0,3.47
1230,Eredivisie (NL),183183,Ro-Zangelo Daal,R. Daal,2004-10-02,59.07,18.67,16.4,24,24,0,1934.0,80.58,0.17,2.62,453.0,18.88,15.71,83.22,80.4,15.19,1.04,1.25,1.58,0.33,0.42,8.25,1.38,1.04,23.21,5.17,4.12,79.84,67.92,1.04,0.12,25.21,4.92,62.71,3.08,4.71
1230,Eredivisie (NL),183892,Esmir Bajraktarević,E. Bajraktarević,2005-03-10,42.04,15.07,9.84,28,28,0,1631.0,58.25,0.25,2.11,494.0,17.64,15.18,86.03,84.06,13.26,0.54,3.18,3.75,0.25,0.54,4.11,0.75,0.5,16.0,4.25,3.11,73.11,69.39,0.68,0.14,17.54,3.61,62.38,2.25,3.29
1230,Eredivisie (NL),186808,Anselmo García MacNulty,A. García MacNulty,2003-02-19,95.61,23.86,30.05,32,30,2,3357.0,111.9,0.17,1.0,1332.0,44.4,37.87,85.28,88.9,19.26,4.03,8.63,11.87,0.23,0.17,34.33,9.7,7.33,18.5,8.0,6.73,84.17,80.1,0.37,0.1,5.7,1.53,56.52,0.87,6.57
1230,Eredivisie (NL),188375,Patrick Brouwer,P. Brouwer,2001-03-19,80.39,19.94,24.76,30,27,3,1519.0,56.26,0.3,1.7,450.0,16.67,12.56,75.33,75.2,14.53,0.59,4.63,2.96,1.3,0.89,4.19,1.04,0.7,21.04,6.93,4.74,68.45,67.19,1.07,0.19,18.78,5.7,58.44,3.33,5.37
1230,Eredivisie (NL),192477,Maas Willemsen,M. Willemsen,2003-04-29,92.27,27.09,26.51,30,29,1,4256.0,146.76,0.1,0.79,1548.0,53.38,48.1,90.12,92.16,18.49,3.93,8.69,7.41,0.1,0.03,38.03,10.21,8.1,19.17,7.97,7.14,89.61,87.19,0.28,0.07,3.72,0.79,47.83,0.38,4.55
1230,Eredivisie (NL),205100,Kayne van Oevelen,K. van Oevelen,2003-08-08,96.36,25.3,29.65,31,29,2,3319.0,114.45,0.0,0.1,958.0,33.03,21.1,63.88,79.6,29.09,7.21,6.14,3.34,0.0,0.0,55.66,16.0,6.93,16.41,3.9,3.45,88.5,90.7,0.03,0.03,0.0,0.0,,0.0,5.93
1230,Eredivisie (NL),227946,Dave Kwakman,D. Kwakman,2004-08-07,54.84,14.25,15.82,16,15,1,1055.0,70.33,0.47,0.87,334.0,22.27,18.47,82.93,88.58,17.28,1.07,6.07,3.33,0.2,0.13,14.07,3.53,2.47,8.27,3.27,2.67,81.63,79.7,0.4,0.27,6.13,1.33,45.0,0.6,3.33
1230,Eredivisie (NL),243272,David Voute,D. Voute,2005-11-04,33.93,8.32,10.95,3,3,0,116.0,38.67,0.0,0.33,40.0,13.33,11.67,87.5,86.29,12.9,0.33,5.0,2.0,0.0,0.0,5.67,1.33,1.33,4.0,2.0,1.67,83.33,75.1,0.0,0.0,3.0,0.0,,0.0,2.0
1230,Eredivisie (NL),254419,Seiya Maikuma,S. Maikuma,1997-10-16,24.34,6.77,7.26,7,7,0,136.0,19.43,0.0,0.43,49.0,7.0,5.43,77.55,79.58,12.67,0.14,2.43,2.0,0.57,0.29,2.43,0.29,0.29,4.43,1.57,1.29,81.82,71.2,0.29,0.0,4.71,1.14,50.0,0.57,1.71
1230,Eredivisie (NL),285219,Teo Quintero León,T. Quintero,1999-03-02,85.7,22.96,26.16,29,29,0,2680.0,92.41,0.07,1.34,1023.0,35.28,29.34,83.19,87.59,17.87,2.79,7.31,6.17,0.38,0.03,21.24,6.83,5.24,19.34,7.48,6.03,80.64,80.49,0.52,0.07,8.48,2.0,50.0,1.0,5.48
1230,Eredivisie (NL),301646,Zach Booth,Z. Booth,2004-02-17,45.91,12.38,13.74,3,2,1,40.0,20.0,0.0,0.0,17.0,8.5,7.0,82.35,91.09,10.39,0.0,2.0,3.5,0.0,0.5,2.0,0.5,0.0,8.0,3.0,2.0,66.67,81.68,0.0,0.0,5.5,1.5,66.67,1.0,0.5
1230,Eredivisie (NL),308174,Thom van Bergen,T. van Bergen,2004-01-06,93.15,26.05,25.81,33,32,1,2030.0,63.44,0.25,1.84,596.0,18.62,15.0,80.54,80.81,12.87,1.0,6.41,2.22,1.31,0.5,2.03,0.22,0.12,25.69,7.44,5.84,78.57,76.14,1.16,0.22,25.06,5.53,70.62,3.91,3.62
1230,Eredivisie (NL),374695,Kees  Smit,K. Smit,2006-01-20,87.84,27.43,22.52,26,26,0,4004.0,154.0,0.31,3.77,1129.0,43.42,38.73,89.19,87.57,14.96,1.88,9.77,7.77,0.92,0.81,24.81,6.96,5.88,25.69,8.81,7.12,80.79,78.28,1.62,0.19,26.62,5.31,73.19,3.88,5.23
1230,Eredivisie (NL),397543,Deron Payne,D. Payne,2002-09-25,68.2,16.86,21.94,14,13,1,787.0,60.54,0.15,0.85,273.0,21.0,17.23,82.05,83.78,14.07,0.31,4.0,4.31,0.54,0.31,10.38,2.31,1.85,16.54,5.38,4.0,74.29,76.51,0.31,0.0,8.62,2.15,28.57,0.62,3.85
1230,Eredivisie (NL),397544,Jorg Schreuders,J. Schreuders,2004-09-09,91.5,25.47,25.75,33,32,1,3267.0,102.09,0.12,2.5,950.0,29.69,26.0,87.58,87.22,14.44,1.47,4.53,5.69,0.41,0.53,10.28,1.69,1.44,25.34,7.62,6.19,81.15,78.15,1.12,0.09,22.16,4.28,66.42,2.84,4.0
1230,Eredivisie (NL),426445,Givairo Read,G. Read,2006-06-02,63.28,18.4,17.11,16,16,0,1261.0,78.81,0.5,1.94,419.0,26.19,22.31,85.2,86.54,14.54,0.56,5.25,4.62,1.12,0.5,10.62,2.62,2.06,20.94,6.0,4.44,73.96,78.41,0.56,0.12,15.31,3.44,41.82,1.44,4.19
1230,Eredivisie (NL),426447,Robbin Weijenberg,R. Weijenberg,2004-11-08,28.3,11.23,5.67,2,2,0,55.0,27.5,0.0,0.5,15.0,7.5,7.0,93.34,91.97,19.72,1.5,2.0,1.0,0.0,0.5,2.5,0.5,0.5,5.0,0.5,0.5,100.0,90.02,0.0,0.0,6.0,0.5,100.0,0.5,1.0
1230,Eredivisie (NL),441611,Alwande Benedict Roaldsøy,A. Roaldsøy,2004-06-09,18.08,4.34,4.62,4,4,0,73.0,18.25,0.0,0.5,21.0,5.25,4.75,90.48,92.45,13.86,0.0,1.0,1.25,0.0,0.0,2.0,0.5,0.0,3.5,1.25,0.75,60.0,78.14,0.0,0.0,1.0,0.0,,0.0,0.25
1230,Eredivisie (NL),441613,Oliver Johansen Braude,O. Braude,2004-02-21,96.04,27.84,27.19,32,31,1,3795.0,122.42,0.23,1.94,1283.0,41.39,33.16,80.13,81.03,18.09,3.77,8.68,8.1,0.61,0.97,23.26,6.84,4.65,32.35,11.16,8.26,73.99,69.44,0.84,0.1,16.45,4.42,49.63,2.19,10.55
1230,Eredivisie (NL),473474,Tygo Land,T. Land,2006-01-11,57.52,16.15,16.71,28,27,1,2498.0,92.52,0.15,1.89,758.0,28.07,25.78,91.82,90.68,14.97,1.07,6.81,5.41,0.56,0.52,17.04,3.78,3.48,12.81,4.37,3.63,83.05,82.16,0.56,0.11,12.59,2.37,70.31,1.67,2.67
1230,Eredivisie (NL),501354,Antonio Satriano,A. Satriano,2003-10-30,10.68,1.5,2.83,1,1,0,0.0,0.0,0.0,0.0,0.0,0.0,0.0,,,,0.0,0.0,0.0,0.0,0.0,0.0,0.0,0.0,0.0,0.0,0.0,,,0.0,0.0,0.0,0.0,,0.0,0.0
1230,Eredivisie (NL),514682,Kiano Dyer,K. Dyer,2006-11-21,13.59,3.53,3.26,3,3,0,46.0,15.33,0.0,0.0,11.0,3.67,3.33,90.91,99.02,13.51,0.0,0.0,0.0,0.0,0.0,3.33,0.0,0.0,1.67,0.33,0.0,0.0,97.16,0.0,0.0,1.67,0.0,,0.0,0.0
1230,Eredivisie (NL),514747,Mika Godts,M. Godts,2005-06-07,91.26,29.77,24.38,33,32,1,4482.0,140.06,0.62,4.16,1153.0,36.03,29.19,81.01,79.36,15.36,2.12,6.94,4.59,0.75,0.72,15.22,3.72,2.62,44.25,12.62,9.34,74.01,68.11,2.44,0.38,46.41,9.44,62.91,5.94,9.66
1230,Eredivisie (NL),517156,Stav Lemkin,S. Lemkin,2003-04-02,88.48,26.79,24.39,24,24,0,2964.0,123.5,0.08,0.79,1166.0,48.58,44.12,90.82,94.31,18.93,2.92,7.25,12.17,0.08,0.04,32.42,7.29,5.71,19.21,7.58,7.0,92.31,90.69,0.21,0.0,4.04,0.67,68.75,0.46,3.08
1230,Eredivisie (NL),528011,Irakli Yegoian,I. Yegoian,2004-03-19,93.2,26.43,27.48,30,28,2,2859.0,102.11,0.32,1.79,872.0,31.14,26.43,84.86,87.06,17.13,2.71,6.11,5.82,0.54,0.68,9.68,1.96,1.61,20.14,7.25,6.0,82.76,80.86,0.93,0.18,17.89,3.68,65.05,2.39,4.54
1230,Eredivisie (NL),528013,Moussa Soumano,M. Soumano,2005-07-09,53.08,14.41,14.29,16,15,1,574.0,38.27,0.0,1.53,141.0,9.4,7.67,81.56,79.21,10.97,0.13,3.07,2.2,1.13,0.47,1.47,0.33,0.2,12.73,2.53,2.13,84.21,78.07,0.8,0.0,16.13,2.8,73.81,2.07,1.93
1230,Eredivisie (NL),548756,Tyrese Noslin,T. Noslin,2002-09-11,72.77,17.45,22.58,33,30,3,1939.0,64.63,0.27,1.13,585.0,19.5,13.37,68.55,74.5,17.42,1.53,4.4,3.37,0.47,0.53,7.7,1.73,1.0,24.57,7.37,4.93,66.97,68.0,0.7,0.2,13.93,4.07,50.0,2.03,6.93
1230,Eredivisie (NL),560917,Rhys Bozinovski,R. Bozinovski,2004-07-03,54.92,13.26,15.96,8,8,0,352.0,44.0,0.0,0.38,118.0,14.75,11.88,80.51,87.92,15.39,0.62,5.0,3.25,0.25,0.12,4.12,0.88,0.5,6.25,2.12,1.38,64.71,83.51,0.25,0.0,4.25,0.88,28.57,0.25,2.25
1230,Eredivisie (NL),569939,Mats Rots,M. Rots,2006-03-11,93.0,28.11,25.12,33,33,0,4154.0,125.88,0.48,3.36,1312.0,39.76,32.76,82.39,82.96,16.07,2.27,8.33,6.45,1.45,1.03,26.7,7.18,5.21,30.45,10.7,8.67,81.02,75.67,1.48,0.3,24.48,6.09,62.69,3.82,8.7
1230,Eredivisie (NL),584968,Nökkvi Thórisson,N. Thórisson,1999-08-13,29.19,7.72,8.19,15,14,1,248.0,17.71,0.07,0.29,65.0,4.64,3.07,66.16,73.11,11.46,0.07,1.5,0.57,0.43,0.29,0.5,0.07,0.07,8.36,2.0,1.0,50.0,62.73,0.21,0.07,8.36,1.93,40.74,0.79,1.43
1230,Eredivisie (NL),584975,Alonzo Engwanda Ongena,A. Engwanda,2003-01-27,90.89,24.47,27.6,35,34,1,2891.0,85.03,0.21,1.29,1026.0,30.18,26.85,88.99,89.43,15.34,1.38,9.65,5.85,0.41,0.21,10.03,2.26,1.97,9.35,3.79,3.32,87.6,82.48,0.41,0.12,5.97,1.53,69.23,1.06,3.35
1230,Eredivisie (NL),606611,Koki Ogawa,K. Ogawa,1997-08-08,54.72,17.63,12.17,26,23,3,416.0,18.09,0.22,0.7,115.0,5.0,4.04,80.87,78.5,10.95,0.17,1.61,1.13,0.39,0.39,0.83,0.22,0.13,7.48,1.91,1.61,84.09,77.24,0.35,0.13,7.17,1.61,78.38,1.26,1.09
1230,Eredivisie (NL),606982,Shunsuke Mito,S. Mito,2002-09-28,78.61,21.62,23.81,24,24,0,1568.0,65.33,0.33,1.58,476.0,19.83,15.33,77.31,80.19,14.99,0.79,5.21,2.38,0.75,0.71,2.75,0.54,0.33,24.67,6.21,4.12,66.44,69.07,0.88,0.17,23.38,4.67,52.68,2.46,4.88
1230,Eredivisie (NL),619202,Malcolm Jeng,M. Jeng,2005-03-09,52.83,18.92,9.98,1,1,0,115.0,115.0,0.0,1.0,47.0,47.0,41.0,87.23,93.04,18.29,3.0,4.0,11.0,0.0,0.0,37.0,9.0,6.0,11.0,6.0,5.0,83.33,92.02,0.0,0.0,0.0,0.0,,0.0,5.0
1230,Eredivisie (NL),619479,Eus Waayers,E. Waayers,2006-04-08,19.1,5.12,4.68,4,3,1,48.0,16.0,0.67,1.0,20.0,6.67,5.33,80.0,90.22,12.75,0.0,2.33,1.67,0.33,0.0,0.67,0.0,0.0,3.67,1.0,1.0,100.0,71.04,0.33,0.33,3.0,0.67,100.0,0.67,0.33
1230,Eredivisie (NL),636653,Travis Hernes,T. Hernes,2005-11-04,35.22,9.83,10.26,11,11,0,341.0,31.0,0.09,1.18,105.0,9.55,7.27,76.19,80.65,12.84,0.18,2.36,1.55,0.36,0.36,3.09,0.55,0.36,6.36,2.27,1.45,64.0,61.06,0.45,0.0,8.64,2.0,59.09,1.18,1.91
1230,Eredivisie (NL),637185,Emirhan Demircan ,E. Demircan,2005-01-20,21.98,6.28,4.52,6,6,0,128.0,21.33,0.0,0.67,29.0,4.83,4.33,89.66,86.43,11.99,0.17,0.5,0.83,0.17,0.0,0.83,0.17,0.17,6.67,1.17,1.17,100.0,77.08,0.5,0.0,7.33,1.33,100.0,1.33,0.83
1230,Eredivisie (NL),638871,Elijah Dijkstra,E. Dijkstra,2006-08-05,68.31,21.71,18.11,20,20,0,1821.0,91.05,0.05,1.45,610.0,30.5,27.5,90.16,88.86,15.52,1.4,4.7,5.1,0.25,0.45,13.3,2.9,2.45,24.6,7.6,6.8,89.47,84.26,0.8,0.0,12.2,2.35,72.34,1.7,3.6
1230,Eredivisie (NL),657185,Guilherme Martinho Peixoto ,Guilherme Peixoto,2006-05-25,17.26,1.87,4.77,1,1,0,14.0,14.0,0.0,0.0,5.0,5.0,4.0,80.0,79.89,15.06,1.0,1.0,1.0,0.0,0.0,3.0,1.0,1.0,2.0,1.0,1.0,100.0,69.75,0.0,0.0,0.0,0.0,,0.0,1.0
1230,Eredivisie (NL),657191,Shaqueel van Persie,S. van Persie,2006-11-16,17.38,4.88,3.97,3,3,0,19.0,6.33,0.33,0.67,9.0,3.0,1.33,44.45,67.01,7.15,0.0,2.0,0.0,0.33,0.0,0.67,0.33,0.33,1.33,0.67,0.0,0.0,51.63,0.0,0.0,2.0,0.67,50.0,0.33,1.33
1230,Eredivisie (NL),657193,Dies Janse,D. Janse,2006-01-17,95.75,26.61,26.56,30,29,1,3604.0,124.28,0.1,1.0,1327.0,45.76,39.52,86.36,89.99,18.76,3.45,9.72,8.86,0.07,0.28,29.93,7.14,5.31,16.1,5.69,5.1,89.7,86.24,0.38,0.07,6.0,1.31,52.63,0.69,6.0
1230,Eredivisie (NL),669486,Precious Ugwu,P. Ugwu,2006-02-08,83.63,22.25,25.05,28,26,2,1858.0,71.46,0.0,0.77,656.0,25.23,21.54,85.37,88.0,15.88,1.23,4.12,6.31,0.35,0.04,13.85,3.73,2.92,12.88,4.42,3.65,82.61,82.35,0.19,0.0,7.58,1.62,52.38,0.85,3.65
1230,Eredivisie (NL),698117,Kodai  Sano,K. Sano,2003-09-25,99.9,30.72,22.15,34,30,4,4646.0,154.87,0.57,3.23,1377.0,45.9,39.37,85.77,86.98,15.49,2.67,12.2,8.77,1.33,1.07,23.27,4.6,3.67,25.13,7.2,5.9,81.94,78.07,1.03,0.37,28.07,5.83,65.14,3.8,7.3
1230,Eredivisie (NL),715108,Luka  Kulenović,L. Kulenović,1999-09-29,61.67,15.04,17.37,29,29,0,724.0,24.97,0.07,0.83,240.0,8.28,5.48,66.25,73.54,10.28,0.03,3.9,1.59,0.97,0.45,0.45,0.07,0.0,9.14,3.55,2.24,63.11,69.09,0.59,0.03,7.9,2.41,55.71,1.34,2.41
1230,Eredivisie (NL),715869,Stefan Ingi Sigurdarson,S. Sigurdarson,2001-01-27,48.2,13.22,14.54,14,13,1,320.0,24.62,0.0,0.62,93.0,7.15,4.69,65.59,76.08,11.21,0.0,3.23,1.0,0.69,0.31,0.54,0.08,0.0,7.77,2.15,1.31,60.72,74.05,0.31,0.0,7.77,1.92,52.0,1.0,1.77
1230,Eredivisie (NL),731279,Espen van Ee,E. van Ee,2003-07-05,66.88,16.19,16.48,1,1,0,59.0,59.0,0.0,0.0,15.0,15.0,14.0,93.33,91.07,13.33,1.0,4.0,1.0,0.0,0.0,4.0,1.0,0.0,11.0,4.0,3.0,75.0,89.76,0.0,0.0,10.0,1.0,100.0,1.0,0.0
1230,Eredivisie (NL),732007,James McConnell,J. McConnell,2004-09-13,30.07,9.03,7.96,4,4,0,178.0,44.5,0.0,0.25,56.0,14.0,12.75,91.07,91.63,15.01,0.5,3.25,2.75,0.0,0.0,12.0,2.5,1.75,4.75,1.0,0.75,75.0,78.54,0.0,0.0,2.75,0.75,33.33,0.25,1.25
1230,Eredivisie (NL),737090,Mats Egbring,M. Egbring,2006-09-17,25.92,6.67,7.5,8,8,0,126.0,15.75,0.12,0.5,44.0,5.5,4.25,77.27,80.58,17.93,0.62,1.0,1.75,0.25,0.0,1.12,0.5,0.5,6.25,1.75,1.0,57.15,63.74,0.5,0.12,3.88,0.75,50.0,0.38,1.38
1230,Eredivisie (NL),737898,Gjivai Zechiël,G. Zechiël,2004-06-01,89.55,23.83,27.35,36,35,1,4158.0,118.8,0.37,3.0,1295.0,37.0,32.34,87.41,87.45,15.73,1.89,9.49,7.31,0.97,0.97,16.51,3.77,3.09,24.49,7.86,6.17,78.55,78.08,1.2,0.11,22.29,4.83,68.64,3.31,5.06
1230,Eredivisie (NL),738212,Nick Fichtinger,N. Fichtinger,2004-04-06,42.35,9.54,11.96,20,19,1,791.0,41.63,0.05,0.63,250.0,13.16,10.47,79.6,81.97,14.34,0.47,5.37,2.53,0.26,0.16,5.58,1.16,0.68,4.42,1.63,1.11,67.74,71.71,0.11,0.05,5.79,1.21,69.57,0.84,2.79
1230,Eredivisie (NL),740321,Nordin Bukala,N. Bukala,2005-09-18,73.95,19.42,23.86,24,23,1,1327.0,57.7,0.22,1.04,408.0,17.74,15.09,85.05,87.26,15.29,1.26,5.09,4.83,0.39,0.43,7.04,1.61,1.39,8.52,3.3,2.52,76.32,79.77,0.3,0.13,6.87,1.61,59.46,0.96,1.96
1230,Eredivisie (NL),744590,Gerald Alders,G. Alders,2005-05-07,58.54,18.74,15.29,9,9,0,598.0,66.44,0.0,0.67,205.0,22.78,19.44,85.37,85.53,14.57,0.78,4.11,4.78,0.56,0.56,14.67,4.0,3.11,19.89,7.33,6.0,81.82,76.76,0.78,0.0,9.22,2.56,47.83,1.22,3.67
1230,Eredivisie (NL),758674,Jordy Bawuah,J. Bawuah,2006-11-17,11.6,3.92,1.85,1,1,0,23.0,23.0,0.0,0.0,4.0,4.0,3.0,75.0,85.18,15.09,1.0,1.0,0.0,0.0,0.0,1.0,0.0,0.0,4.0,1.0,1.0,100.0,99.34,0.0,0.0,9.0,0.0,,0.0,0.0
1230,Eredivisie (NL),758676,Tika de Jonge,T. de Jonge,2003-03-11,79.37,21.86,22.43,27,26,1,1956.0,75.23,0.08,1.58,675.0,25.96,20.69,79.7,86.19,16.52,1.27,8.58,6.38,0.46,0.54,11.12,2.5,1.42,9.77,3.38,2.5,73.86,76.46,0.5,0.04,9.88,2.15,64.29,1.38,4.23
1230,Eredivisie (NL),758677,Wouter Prins,W. Prins,2004-02-06,28.67,7.43,7.88,21,21,0,463.0,22.05,0.05,0.43,169.0,8.05,5.67,70.41,79.04,16.59,0.67,2.48,1.05,0.29,0.05,3.19,1.0,0.67,4.29,1.62,1.24,76.47,67.68,0.05,0.0,3.43,1.14,41.67,0.48,2.29
1230,Eredivisie (NL),760147,Nicolas Verkooijen,N. Verkooijen,2006-12-05,7.04,2.26,1.89,3,3,0,27.0,9.0,0.0,0.33,9.0,3.0,1.33,44.44,67.09,7.49,0.0,0.67,1.33,0.33,1.0,0.0,0.0,0.0,5.33,1.0,0.67,66.67,76.26,0.33,0.0,6.33,2.33,42.86,1.0,1.0
1230,Eredivisie (NL),773821,Nick Verschuren,N. Verschuren,2005-01-13,93.21,24.6,28.01,30,29,1,2768.0,95.45,0.14,0.45,1121.0,38.66,34.9,90.28,93.95,18.57,3.07,6.72,9.79,0.07,0.0,22.1,6.28,5.21,9.1,3.38,3.0,88.78,89.28,0.07,0.03,1.9,0.41,66.67,0.28,2.83
1230,Eredivisie (NL),791981,Sebastiaan Hagedoorn,S. Hagedoorn,2004-11-30,14.97,4.36,3.59,8,6,2,52.0,8.67,0.0,0.0,13.0,2.17,1.67,76.92,86.55,12.84,0.0,0.67,0.17,0.17,0.0,0.17,0.0,0.0,3.17,0.83,0.33,40.0,79.13,0.0,0.0,2.83,0.17,0.0,0.0,0.33
1230,Eredivisie (NL),792939,Tyrique Mercera,T. Mercera,2003-12-19,42.49,11.79,11.13,20,20,0,523.0,26.15,0.1,0.4,212.0,10.6,8.6,81.13,86.09,16.15,0.55,3.9,1.5,0.55,0.1,2.65,0.45,0.35,7.35,2.7,2.1,77.78,77.99,0.25,0.0,4.4,1.25,52.0,0.65,1.75
1230,Eredivisie (NL),795550,Max Balard,M. Balard,2000-11-20,91.3,23.84,26.26,32,31,1,3909.0,126.1,0.13,2.0,1169.0,37.71,33.48,88.79,88.59,15.36,1.71,10.87,8.58,0.61,0.77,24.74,6.26,5.39,16.48,5.87,4.84,82.42,81.09,0.65,0.1,12.19,3.03,71.28,2.16,4.03
1230,Eredivisie (NL),798077,Rion Ichihara,R. Ichihara,2005-07-07,48.7,14.65,12.01,2,2,0,115.0,57.5,0.0,0.5,44.0,22.0,19.0,86.36,87.86,18.59,0.5,5.5,5.5,0.5,1.0,12.5,3.0,2.5,10.5,4.0,3.5,87.5,93.42,0.0,0.0,4.5,1.5,33.33,0.5,3.0
1230,Eredivisie (NL),799311,Maher Carrizo,M. Carrizo,2006-02-19,25.2,8.12,6.47,6,5,1,102.0,20.4,0.0,0.0,26.0,5.2,3.8,73.08,78.56,13.95,0.0,1.0,0.4,0.4,0.0,0.8,0.0,0.0,8.0,2.2,1.2,54.55,69.72,0.2,0.0,8.8,1.8,55.56,1.0,1.4
1230,Eredivisie (NL),800002,Yun Do-Young,Do-Young Yun,2006-10-28,18.39,4.32,4.29,6,5,1,69.0,13.8,0.0,0.0,17.0,3.4,2.4,70.59,79.51,13.26,0.0,0.8,0.0,0.0,0.0,0.4,0.2,0.0,3.8,1.0,0.6,60.0,81.63,0.0,0.0,3.6,0.6,0.0,0.0,0.8
1230,Eredivisie (NL),801732,Nils Eggens,N. Eggens,2005-04-08,8.68,2.11,1.1,2,2,0,14.0,7.0,0.0,0.0,4.0,2.0,1.0,50.0,78.96,8.16,0.0,0.5,0.5,0.0,0.0,0.0,0.0,0.0,2.5,0.5,0.5,100.0,96.11,0.0,0.0,3.5,0.0,,0.0,0.5
1230,Eredivisie (NL),808625,Cherrion Valerius,C. Valerius,2005-09-22,70.72,18.31,20.03,28,27,1,1882.0,69.7,0.15,1.41,616.0,22.81,18.37,80.52,82.99,16.3,1.3,4.48,4.96,0.26,0.33,13.04,3.63,2.48,16.19,5.3,3.96,74.83,73.1,0.74,0.15,8.93,2.15,53.45,1.15,4.78
1230,Eredivisie (NL),808649,Mateo Chávez García,M. Chávez,2004-05-12,45.36,12.74,12.31,20,20,0,1209.0,60.45,0.2,1.5,406.0,20.3,15.7,77.34,78.39,16.12,0.85,4.15,4.0,0.75,0.55,14.5,4.9,3.95,14.25,5.2,3.7,71.15,71.34,0.4,0.1,10.25,3.15,44.45,1.4,5.9
1230,Eredivisie (NL),808654,Cedric Hatenboer,C. Hatenboer,2005-03-19,81.67,20.61,23.15,14,13,1,1441.0,110.85,0.31,1.85,430.0,33.08,26.69,80.7,82.83,16.58,2.54,11.08,5.08,1.08,0.69,19.31,5.54,3.92,22.77,8.08,5.85,72.38,72.56,0.69,0.15,17.23,4.46,55.17,2.46,7.08
1230,Eredivisie (NL),808791,Dylan  Ruward,D. Ruward,2005-01-21,15.08,1.65,9.09,1,1,0,0.0,0.0,0.0,0.0,0.0,0.0,0.0,,,,0.0,0.0,0.0,0.0,0.0,0.0,0.0,0.0,0.0,0.0,0.0,,,0.0,0.0,0.0,0.0,,0.0,0.0
1230,Eredivisie (NL),809821,Anis Hadj-Moussa,A. Hadj-Moussa,2002-02-11,91.51,26.87,24.02,30,29,1,2957.0,101.97,0.41,3.1,789.0,27.21,19.79,72.75,74.99,14.27,1.14,6.07,2.62,0.79,0.45,7.62,1.76,0.97,33.59,9.41,6.1,64.83,65.76,1.59,0.17,39.03,8.48,48.78,4.14,9.21
1230,Eredivisie (NL),810626,Marko Kerkez,M. Kerkez,2000-06-26,9.73,1.39,3.41,3,3,0,8.0,2.67,0.0,0.0,4.0,1.33,0.33,25.0,52.69,15.87,0.0,1.0,0.0,0.33,0.0,0.0,0.0,0.0,1.0,0.33,0.0,0.0,51.97,0.0,0.0,1.67,0.67,0.0,0.0,1.0
1230,Eredivisie (NL),810646,Joel van den Berg,J. van den Berg,2007-02-11,31.18,12.06,7.4,5,5,0,186.0,37.2,0.0,1.2,57.0,11.4,10.2,89.48,88.79,13.16,0.0,2.2,4.0,0.6,0.8,4.2,1.4,1.4,9.2,3.6,2.8,77.78,81.92,0.4,0.0,10.6,2.0,70.0,1.4,0.6
1230,Eredivisie (NL),810647,Jim Koller,J. Koller,2007-03-31,9.24,2.35,2.62,2,2,0,11.0,5.5,0.0,0.0,3.0,1.5,1.5,100.0,98.33,10.9,0.0,0.0,0.5,0.0,0.0,1.0,0.0,0.0,0.5,0.0,0.0,,,0.0,0.0,0.0,0.0,,0.0,0.0
1230,Eredivisie (NL),810654,Eser Hayati Gürbüz,E. Gürbüz,2007-03-06,24.29,6.18,6.89,16,15,1,324.0,21.6,0.07,0.13,69.0,4.6,2.93,63.77,74.45,12.21,0.07,0.73,0.33,0.27,0.0,0.93,0.13,0.0,7.07,1.47,0.93,63.64,73.65,0.13,0.07,9.87,1.47,36.36,0.53,1.47
1230,Eredivisie (NL),810883,Fabian Merién,F. Merién,2008-09-26,7.75,3.26,2.66,1,1,0,10.0,10.0,0.0,0.0,5.0,5.0,4.0,80.0,98.94,16.56,0.0,1.0,0.0,0.0,0.0,2.0,1.0,1.0,1.0,1.0,1.0,100.0,98.85,0.0,0.0,0.0,0.0,,0.0,0.0
1230,Eredivisie (NL),810892,Sean Steur,S. Steur,2008-01-11,65.88,21.29,18.98,20,20,0,2348.0,117.4,0.35,2.0,659.0,32.95,30.15,91.5,90.53,15.36,1.4,7.0,4.3,0.6,0.2,18.5,4.0,3.4,18.7,5.6,4.95,88.39,85.41,0.9,0.05,15.0,3.3,72.73,2.4,2.2
1230,Eredivisie (NL),810896,Ayoub Ouarghi,A. Ouarghi,2008-02-05,13.06,2.78,3.15,1,1,0,16.0,16.0,0.0,0.0,4.0,4.0,4.0,100.0,85.48,20.24,1.0,1.0,0.0,0.0,0.0,0.0,0.0,0.0,2.0,1.0,1.0,100.0,76.47,0.0,0.0,0.0,0.0,,0.0,0.0
1230,Eredivisie (NL),810899,Ruud Nijstad,R. Nijstad,2008-01-17,85.43,25.84,24.55,20,20,0,2455.0,122.75,0.15,1.2,954.0,47.7,41.55,87.11,91.37,19.88,4.8,7.45,10.75,0.15,0.05,36.3,9.8,7.3,19.6,7.9,7.05,89.24,87.14,0.6,0.1,4.3,0.9,44.44,0.4,5.15
1230,Eredivisie (NL),810907,Jaygo van Ommeren,J. van Ommeren,2008-05-08,25.11,7.29,5.3,2,2,0,82.0,41.0,0.5,1.0,26.0,13.0,11.5,88.46,89.29,18.3,0.5,4.0,4.0,0.0,0.0,5.0,0.5,0.5,3.5,1.5,1.5,100.0,91.31,0.0,0.0,4.0,0.0,,0.0,1.5
1230,Eredivisie (NL),811830,Rio Robbemond,R. Robbemond,2005-01-05,70.82,23.1,26.61,1,1,0,82.0,82.0,0.0,1.0,25.0,25.0,24.0,96.0,85.93,17.1,1.0,8.0,9.0,1.0,0.0,2.0,0.0,0.0,14.0,3.0,3.0,100.0,76.28,0.0,0.0,12.0,3.0,100.0,3.0,3.0
1230,Eredivisie (NL),811865,Kasper Boogaard,K. Boogaard,2006-01-29,69.02,20.93,20.45,11,11,0,996.0,90.55,0.36,1.27,305.0,27.73,23.18,83.6,87.78,15.94,1.27,5.73,6.55,0.18,0.73,11.09,2.82,1.91,12.91,5.0,3.73,74.54,77.61,0.64,0.18,9.09,2.18,54.17,1.18,4.64
1230,Eredivisie (NL),812847,Jorthy Mokio,J. Mokio,2007-01-04,57.34,18.3,16.0,28,28,0,2016.0,72.0,0.14,1.14,685.0,24.46,21.86,89.34,89.45,15.31,0.86,6.39,5.64,0.39,0.36,10.14,2.32,1.89,10.54,4.29,3.36,78.33,80.88,0.43,0.04,7.93,1.93,57.41,1.11,2.5
1230,Eredivisie (NL),817285,Sondre Holmlund Ørjasæter,S. Ørjasæter,2003-11-28,73.44,22.99,19.73,29,29,0,2476.0,85.38,0.48,3.62,652.0,22.48,17.76,78.99,77.57,13.35,0.62,3.48,2.48,0.79,0.66,4.76,0.79,0.59,32.28,8.0,5.76,71.98,66.7,1.69,0.28,40.1,7.83,63.44,4.97,6.97
1230,Eredivisie (NL),817449,Marcus Linday,M. Linday,2003-06-02,77.96,23.26,21.99,33,32,1,3430.0,107.19,0.12,2.06,1143.0,35.72,31.84,89.15,89.8,14.54,1.12,10.22,7.66,0.75,0.66,15.84,3.53,3.06,17.34,6.16,5.34,86.8,83.56,0.69,0.06,12.97,3.12,78.0,2.44,3.5
1230,Eredivisie (NL),818248,Kento Shiogai,K. Shiogai,2005-03-26,36.6,10.86,7.52,12,11,1,143.0,13.0,0.0,0.55,40.0,3.64,2.45,67.5,77.44,10.36,0.0,1.45,0.45,0.36,0.0,0.18,0.09,0.0,6.82,1.55,1.09,70.59,76.12,0.27,0.0,5.36,1.27,42.86,0.55,1.09
1230,Eredivisie (NL),818259,Lucas Vennegoor of Hesselink,L. Vennegoor of Hesselink,2006-03-14,17.91,5.41,3.4,5,5,0,47.0,9.4,0.0,0.6,16.0,3.2,2.4,75.0,66.81,10.55,0.0,0.6,0.8,0.4,0.6,0.0,0.0,0.0,2.4,1.4,1.0,71.43,65.08,0.4,0.0,6.8,1.8,66.67,1.2,1.4
1230,Eredivisie (NL),818282,Myron Mau-Asam,M. Mau-Asam,2004-04-01,,,,1,0,1,,,,,,,,,,,,,,,,,,,,,,,,,,,,,,
1230,Eredivisie (NL),819069,Aaron George Wilem Bouwman,A. Bouwman,2007-08-28,82.13,27.25,21.05,9,9,0,1205.0,133.89,0.0,0.89,479.0,53.22,50.0,93.95,95.96,17.64,2.44,9.0,13.0,0.0,0.0,28.67,7.0,6.22,19.44,8.0,7.89,98.61,96.28,0.22,0.0,1.89,0.33,66.67,0.22,2.67
1230,Eredivisie (NL),819172,Daan Bisshops,D. Bisshops,2005-03-30,94.12,24.83,26.37,1,1,0,60.0,60.0,0.0,0.0,24.0,24.0,20.0,83.33,87.11,13.31,1.0,5.0,9.0,0.0,0.0,13.0,7.0,4.0,13.0,5.0,3.0,60.0,72.07,0.0,0.0,6.0,1.0,0.0,0.0,4.0
1230,Eredivisie (NL),820777,Chris-Kévin Nadje,C. Nadje,2001-08-14,38.61,10.29,10.48,7,7,0,365.0,52.14,0.0,0.14,102.0,14.57,11.57,79.41,87.99,16.69,0.71,3.71,2.43,0.29,0.29,6.29,0.71,0.43,10.14,3.14,2.71,86.36,86.69,0.29,0.0,8.0,1.57,18.18,0.29,1.57
1230,Eredivisie (NL),826719,Tristan Schenkhuizen,T. Schenkhuizen,2004-07-12,29.75,8.44,7.11,4,4,0,98.0,24.5,0.0,0.25,36.0,9.0,8.0,88.89,85.9,13.67,0.5,3.0,2.75,0.0,0.5,4.75,1.0,1.0,2.0,1.0,0.75,75.0,64.22,0.25,0.0,1.75,0.5,50.0,0.25,1.5
1230,Eredivisie (NL),826745,Jop Tijink,J. Tijink,2005-01-30,8.93,2.54,3.02,1,1,0,2.0,2.0,0.0,0.0,1.0,1.0,1.0,100.0,99.4,12.03,0.0,0.0,0.0,0.0,0.0,0.0,0.0,0.0,1.0,1.0,1.0,100.0,99.4,0.0,0.0,0.0,0.0,,0.0,0.0
1230,Eredivisie (NL),827690,Juho Talvitie,J. Talvitie,2005-03-25,56.2,15.71,15.03,27,27,0,1611.0,59.67,0.07,1.0,425.0,15.74,11.74,74.59,78.6,13.11,0.44,2.56,1.67,0.3,0.15,3.63,0.41,0.3,21.0,5.33,3.56,66.67,70.84,0.63,0.11,19.11,3.41,43.48,1.48,4.3
1230,Eredivisie (NL),850854,Benjamin Pauwels,B. Pauwels,2004-10-29,52.13,13.08,16.72,8,8,0,383.0,47.88,0.0,1.12,99.0,12.38,10.12,81.82,79.68,14.46,0.5,1.88,0.88,0.0,0.12,2.5,0.75,0.38,16.0,2.75,1.5,54.54,59.95,0.25,0.0,17.88,2.62,42.86,1.12,3.12
1230,Eredivisie (NL),850859,Guilliano Cairo,G. Cairo,2006-03-18,,,,1,0,1,,,,,,,,,,,,,,,,,,,,,,,,,,,,,,
1230,Eredivisie (NL),850862,Nesto Groen,N. Groen,2004-07-22,24.15,6.36,5.12,1,1,0,13.0,13.0,0.0,0.0,4.0,4.0,2.0,50.0,55.66,7.31,0.0,1.0,1.0,0.0,0.0,0.0,0.0,0.0,8.0,3.0,1.0,33.33,55.66,0.0,0.0,4.0,2.0,0.0,0.0,1.0
1230,Eredivisie (NL),850868,Isaiah Ahmed,I. Ahmed,2005-12-28,7.08,1.43,2.1,2,2,0,8.0,4.0,0.0,0.0,2.0,1.0,0.5,50.0,38.15,14.75,0.0,1.0,0.0,0.0,0.0,0.0,0.0,0.0,0.5,0.5,0.5,100.0,50.89,0.0,0.0,0.0,0.0,,0.0,1.0
1230,Eredivisie (NL),850871,Luka Tunjić,L. Tunjić,2005-11-19,29.64,7.06,8.29,16,16,0,425.0,26.56,0.12,0.5,124.0,7.75,5.69,73.39,81.19,13.48,0.38,1.81,1.38,0.31,0.19,1.44,0.31,0.12,6.19,2.25,1.31,58.33,76.09,0.12,0.0,7.12,1.44,43.48,0.62,1.88
1230,Eredivisie (NL),850872,Marvin Young ,M. Young,2005-10-02,97.57,25.9,29.89,31,31,0,3891.0,125.52,0.16,0.94,1562.0,50.39,45.32,89.95,92.94,20.72,5.16,7.35,12.81,0.06,0.03,29.0,9.16,7.35,15.39,5.9,5.29,89.62,89.58,0.13,0.0,1.87,0.52,62.5,0.32,4.0
1230,Eredivisie (NL),850874,Tiago Codinha,T. Codinha,2005-07-20,11.22,2.74,3.38,2,2,0,13.0,6.5,0.0,0.0,4.0,2.0,2.0,100.0,89.76,10.74,0.0,0.5,0.5,0.0,0.0,1.0,0.0,0.0,0.0,0.0,0.0,,,0.0,0.0,0.0,0.0,,0.0,0.0
1230,Eredivisie (NL),851980,Sem van Duijn,S. van Duijn,2004-03-18,77.82,19.68,20.71,13,12,1,456.0,38.0,0.17,1.67,156.0,13.0,9.08,69.87,74.12,12.36,0.33,7.0,2.0,1.75,0.92,1.25,0.17,0.08,13.92,5.0,3.5,70.0,71.12,0.75,0.08,14.25,3.83,65.22,2.5,4.33
1230,Eredivisie (NL),852482,Don-Angelo Konadu,D. Konadu,2006-05-03,25.47,8.15,6.34,9,9,0,106.0,11.78,0.0,0.22,26.0,2.89,2.22,76.92,76.87,8.59,0.0,0.89,0.78,0.11,0.22,0.11,0.0,0.0,4.22,1.22,1.0,81.82,80.93,0.0,0.0,3.56,0.89,75.0,0.67,0.67
1230,Eredivisie (NL),852483,Jan Faberski,J. Faberski,2006-04-22,30.85,7.52,9.51,18,18,0,443.0,24.61,0.11,0.56,109.0,6.06,4.17,68.81,75.86,13.98,0.22,0.89,0.78,0.0,0.22,1.22,0.33,0.28,9.0,2.11,1.28,60.53,61.21,0.39,0.11,8.78,1.78,40.62,0.72,2.06
1230,Eredivisie (NL),857677,Guus Offerhaus,G. Offerhaus,2001-01-03,98.69,24.37,29.61,32,29,3,3262.0,112.48,0.14,1.07,1043.0,35.97,30.38,84.47,88.35,19.23,3.28,8.38,4.9,0.38,0.34,23.21,5.38,4.24,17.07,5.45,4.52,82.91,83.68,0.34,0.03,8.62,1.79,55.77,1.0,5.1
1230,Eredivisie (NL),857679,Adil Lechkar,A. Lechkar,2001-09-02,22.99,5.35,6.47,16,15,1,370.0,24.67,0.07,0.2,107.0,7.13,4.6,64.49,77.04,16.46,0.33,1.4,0.67,0.33,0.13,3.2,0.73,0.47,7.13,2.13,1.2,56.25,68.61,0.0,0.0,6.33,1.8,29.63,0.53,2.2
1230,Eredivisie (NL),857680,Soufiane  Hetli,S. Hetli,2001-05-30,55.69,13.68,17.57,30,27,3,1346.0,49.85,0.07,1.07,318.0,11.78,9.22,78.3,81.32,14.87,0.59,2.37,1.63,0.15,0.37,3.26,0.67,0.44,20.52,5.67,4.22,74.51,76.86,0.78,0.07,15.33,2.37,65.63,1.56,2.37
1230,Eredivisie (NL),862032,Ayoub Oufkir,A. Oufkir,2006-01-04,41.4,10.73,12.1,22,22,0,850.0,38.64,0.05,0.82,236.0,10.73,7.95,74.15,75.85,14.7,0.45,1.77,1.18,0.32,0.45,2.18,0.41,0.23,14.91,3.95,2.68,67.82,68.15,0.36,0.0,15.36,3.86,47.06,1.82,3.77
1230,Eredivisie (NL),864721,Daan van Reeuwijk,D. van Reeuwijk,2007-05-09,45.2,11.85,11.07,1,1,0,34.0,34.0,0.0,1.0,14.0,14.0,11.0,78.57,89.31,14.85,0.0,3.0,2.0,0.0,0.0,6.0,2.0,1.0,5.0,3.0,3.0,100.0,98.01,1.0,0.0,0.0,0.0,,0.0,2.0
1230,Eredivisie (NL),868132,Stijn Middendorp,S. Middendorp,2004-12-02,30.17,8.49,9.12,6,5,1,124.0,24.8,0.0,0.2,35.0,7.0,6.2,88.57,88.24,16.62,0.4,1.0,1.4,0.2,0.0,0.8,0.0,0.0,4.2,1.2,0.6,50.0,71.27,0.0,0.0,3.0,0.8,50.0,0.4,1.2
1230,Eredivisie (NL),883712,Jinairo Chiso Irechukwu Johnson,J. Johnson,2007-04-08,15.62,4.73,4.24,1,1,0,18.0,18.0,0.0,1.0,5.0,5.0,5.0,100.0,80.9,14.55,0.0,2.0,0.0,0.0,0.0,3.0,1.0,1.0,1.0,0.0,0.0,,,0.0,0.0,1.0,0.0,,0.0,1.0
1230,Eredivisie (NL),886936,Jan Plug,J. Plug,2005-04-02,27.11,8.73,7.11,5,5,0,194.0,38.8,0.0,0.6,74.0,14.8,12.8,86.49,89.91,16.1,1.0,4.0,2.0,0.2,0.0,11.2,3.2,2.4,6.4,2.0,1.6,80.0,78.89,0.2,0.0,3.0,0.8,25.0,0.2,1.6
1230,Eredivisie (NL),891748,Gaoussou Diarra,G. Diarra,2002-11-21,39.45,11.67,9.29,6,6,0,225.0,37.5,0.0,0.17,62.0,10.33,8.17,79.03,84.14,11.87,0.33,1.83,1.0,0.5,0.17,2.5,0.17,0.17,10.83,2.17,1.5,69.23,73.36,0.0,0.0,11.83,2.0,50.0,1.0,1.67
1230,Eredivisie (NL),896658,Artem Stepanov,A. Stepanov,2007-08-10,66.64,17.89,21.3,15,14,1,497.0,35.5,0.21,1.29,146.0,10.43,7.43,71.23,76.47,12.64,0.21,3.86,1.86,0.71,0.29,0.14,0.07,0.07,16.64,4.64,3.14,67.69,73.37,0.71,0.07,12.71,2.79,58.97,1.64,2.71
1230,Eredivisie (NL),905349,Emeka Adiele,E. Adiele,2007-07-31,5.23,0.68,1.02,2,1,1,5.0,5.0,0.0,0.0,1.0,1.0,1.0,100.0,98.86,12.38,0.0,0.0,0.0,0.0,0.0,0.0,0.0,0.0,1.0,0.0,0.0,,,0.0,0.0,0.0,0.0,,0.0,0.0
1230,Eredivisie (NL),907180,Luca Blondeau,L. Blondeau,2006-02-11,48.8,13.11,17.51,2,2,0,123.0,61.5,0.0,0.0,49.0,24.5,20.5,83.68,94.71,18.25,1.0,4.0,5.0,0.0,0.0,15.5,2.5,1.5,6.5,1.0,0.5,50.0,94.1,0.0,0.0,0.0,0.0,,0.0,1.0
1230,Eredivisie (NL),927022,Noah Fernandez,N. Fernandez,2008-01-09,41.23,13.6,9.56,10,10,0,572.0,57.2,0.2,1.3,190.0,19.0,17.4,91.58,91.97,16.32,1.3,4.2,4.5,0.4,0.2,8.2,1.1,1.0,12.8,4.4,3.8,86.36,88.77,0.2,0.0,9.6,1.7,76.47,1.3,1.2
1230,Eredivisie (NL),928186,Hasip Korkmazyürek,H. Korkmazyürek,2003-05-01,2.38,0.82,0.7,1,1,0,0.0,0.0,0.0,0.0,0.0,0.0,0.0,,,,0.0,0.0,0.0,0.0,0.0,0.0,0.0,0.0,0.0,0.0,0.0,,,0.0,0.0,0.0,0.0,,0.0,0.0
1230,Eredivisie (NL),944358,Aymen Sliti,A. Sliti,2006-03-24,30.95,8.43,7.47,19,19,0,660.0,34.74,0.0,0.79,192.0,10.11,6.84,67.71,71.95,14.24,0.42,2.0,1.42,0.37,0.26,2.42,0.63,0.26,11.74,3.79,2.11,55.56,59.98,0.47,0.0,12.32,3.53,40.3,1.42,3.89
1230,Eredivisie (NL),944361,Tobias van den Elshout,T. van den Elshout,2007-02-02,39.51,9.99,11.52,11,10,1,248.0,24.8,0.4,0.8,75.0,7.5,5.8,77.33,76.83,16.23,0.5,2.7,1.3,0.4,0.3,2.2,0.7,0.6,6.8,3.0,2.0,66.67,65.76,0.7,0.3,6.8,1.9,57.89,1.1,2.3
1230,Eredivisie (NL),946249,Thijs Kraaijeveld,T. Kraaijeveld,2007-05-03,51.97,13.94,15.18,15,14,1,919.0,65.64,0.0,0.71,287.0,20.5,18.43,89.9,90.37,16.12,0.86,4.14,2.36,0.14,0.14,18.29,4.5,3.71,10.0,3.86,3.36,87.04,86.21,0.21,0.0,7.21,1.29,66.67,0.86,2.07
1230,Eredivisie (NL),956504,Jerolldino Bergraaf,J. Bergraaf,2006-07-05,49.72,14.09,14.8,23,21,2,427.0,20.33,0.05,0.52,143.0,6.81,5.1,74.83,78.29,11.16,0.1,3.48,0.95,0.48,0.14,0.52,0.24,0.19,6.52,2.57,2.1,81.48,77.9,0.19,0.0,5.24,1.29,59.26,0.76,1.38
1230,Eredivisie (NL),956506,Tyrone Owusu,T. Owusu,1999-03-05,77.34,20.12,23.64,22,19,3,1960.0,103.16,0.37,2.58,511.0,26.89,22.63,84.15,84.08,14.65,1.16,5.74,4.95,0.63,0.63,13.95,2.79,2.11,28.42,7.63,6.0,78.62,75.82,1.05,0.16,22.95,4.37,68.68,3.0,4.79
1230,Eredivisie (NL),968125,Tijmen Holla,T. Holla,2006-07-25,,,,1,0,1,,,,,,,,,,,,,,,,,,,,,,,,,,,,,,
1230,Eredivisie (NL),970229,Jelani Seedorf,J. Seedorf,,18.67,3.96,4.45,12,11,1,55.0,5.0,0.0,0.27,15.0,1.36,1.09,80.0,63.05,14.94,0.18,0.64,0.09,0.18,0.09,0.0,0.0,0.0,2.73,0.82,0.55,66.67,60.73,0.18,0.0,3.09,0.73,75.0,0.55,0.55
1230,Eredivisie (NL),970682,Rayane Bounida,R. Bounida,2006-03-03,42.79,13.43,11.36,21,20,1,1402.0,70.1,0.2,2.6,356.0,17.8,15.15,85.11,83.06,15.41,1.3,3.5,2.35,0.55,0.45,5.95,1.65,1.35,18.3,4.9,3.9,79.59,72.92,1.05,0.15,20.5,4.6,67.39,3.1,3.65
1230,Eredivisie (NL),971288,Key-Shawn Wong-A-Soij,K. Wong-A-Soij,2006-10-01,10.99,2.75,3.58,3,3,0,20.0,6.67,0.0,0.0,4.0,1.33,1.0,75.0,85.44,9.87,0.0,0.0,0.33,0.0,0.0,0.67,0.0,0.0,5.0,0.33,0.0,0.0,51.5,0.0,0.0,3.0,0.33,0.0,0.0,0.33
1230,Eredivisie (NL),972646,Gabriël Reiziger,G. Reiziger,2005-10-10,22.69,5.68,5.85,12,11,1,154.0,14.0,0.0,0.0,46.0,4.18,2.82,67.39,78.51,11.64,0.09,1.18,0.55,0.27,0.09,1.27,0.27,0.18,4.91,1.64,1.0,61.11,73.23,0.0,0.0,4.55,1.09,50.0,0.55,0.82
1230,Eredivisie (NL),973216,Wassim Bouziane,W. Bouziane,2006-12-22,23.21,6.37,5.09,4,4,0,106.0,26.5,0.25,1.25,30.0,7.5,5.5,73.33,76.51,13.78,0.25,1.5,0.75,0.5,0.75,1.5,0.25,0.25,9.25,2.5,1.5,60.0,56.42,0.75,0.25,10.75,3.25,61.54,2.0,2.25
1230,Eredivisie (NL),975407,Yousri Sbai,Y. Sbai,2004-08-08,5.96,1.24,1.81,2,2,0,11.0,5.5,0.0,0.0,4.0,2.0,1.5,75.0,78.61,27.23,0.0,0.5,1.0,0.0,0.0,0.0,0.0,0.0,0.0,0.0,0.0,,,0.0,0.0,0.0,0.0,,0.0,0.5
1230,Eredivisie (NL),982008,Lushendry Martes,L. Martes,2008-05-06,78.81,22.65,22.83,12,12,0,954.0,79.5,0.0,1.42,368.0,30.67,25.42,82.88,86.55,19.58,3.42,4.08,7.42,0.33,0.25,15.67,5.5,4.17,19.25,7.33,6.08,82.95,78.67,0.75,0.0,6.5,1.83,54.55,1.0,4.67
1230,Eredivisie (NL),991461,Jivayno Jaell Zinhagel,J. Zinhagel,2009-04-18,18.9,6.29,4.73,1,1,0,16.0,16.0,0.0,1.0,4.0,4.0,4.0,100.0,83.52,11.71,0.0,0.0,1.0,0.0,1.0,1.0,0.0,0.0,3.0,1.0,1.0,100.0,77.68,0.0,0.0,8.0,2.0,100.0,2.0,1.0
1230,Eredivisie (NL),991477,Jadiel Pereira da Gama,J. Pereira da Gama,2009-12-15,26.46,6.37,7.4,10,9,1,223.0,24.78,0.11,0.33,77.0,8.56,6.78,79.22,86.35,12.54,0.11,4.0,1.33,0.11,0.0,2.67,0.44,0.33,3.33,1.67,1.22,73.33,80.24,0.22,0.0,2.78,0.33,33.33,0.11,1.22
1230,Eredivisie (NL),998283,Owen Johnson,O. Johnson,2005-08-03,9.84,2.25,2.16,4,4,0,7.0,1.75,0.0,0.0,3.0,0.75,0.75,100.0,82.48,17.55,0.25,0.75,0.0,0.0,0.0,0.25,0.25,0.25,0.75,0.25,0.25,100.0,73.63,0.0,0.0,0.0,0.0,,0.0,0.0
1230,Eredivisie (NL),1001078,Ofosu Boakye,O. Boakye,2007-07-10,10.63,2.78,2.38,1,1,0,2.0,2.0,0.0,0.0,0.0,0.0,0.0,,,,0.0,0.0,0.0,0.0,0.0,0.0,0.0,0.0,0.0,0.0,0.0,,,0.0,0.0,0.0,0.0,,0.0,0.0
1230,Eredivisie (NL),1021955,Yassir Salah Rahmouni,Y. Salah Rahmouni,2006-06-13,43.63,12.64,12.39,20,20,0,993.0,49.65,0.0,0.35,345.0,17.25,14.85,86.09,90.65,16.28,0.9,4.65,3.35,0.15,0.2,8.55,2.8,2.35,6.6,2.65,2.05,77.36,84.8,0.05,0.0,3.9,0.8,56.25,0.45,1.75
1230,Eredivisie (NL),1022254,Moussa Gbemou,G. Moussa,2007-09-09,15.4,3.68,3.69,3,3,0,47.0,15.67,0.0,0.33,19.0,6.33,5.0,78.95,96.0,14.64,0.0,2.67,1.0,0.0,0.0,0.67,0.0,0.0,0.67,0.0,0.0,,,0.0,0.0,0.33,0.0,,0.0,0.0
1230,Eredivisie (NL),1022377,Jesper Tielemans,J. Tielemans,2006-05-17,11.06,5.77,1.87,1,1,0,3.0,3.0,0.0,1.0,1.0,1.0,1.0,100.0,99.68,8.19,0.0,0.0,0.0,0.0,0.0,0.0,0.0,0.0,2.0,0.0,0.0,,,0.0,0.0,2.0,0.0,,0.0,0.0
1230,Eredivisie (NL),1022378,Robin Van Cruijsen,R. Van Cruijsen,2006-02-20,60.18,16.18,18.22,24,22,2,1055.0,47.95,0.18,1.59,362.0,16.45,13.5,82.04,82.45,13.98,0.82,5.05,4.0,0.55,0.68,3.64,1.05,0.95,9.77,4.05,3.0,74.16,74.03,0.86,0.09,9.23,2.73,56.67,1.55,3.27
1230,Eredivisie (NL),1022379,Jermaine Rijssel,J. Rijssel,2005-03-25,11.16,3.03,2.39,1,1,0,10.0,10.0,0.0,2.0,3.0,3.0,2.0,66.67,79.14,13.72,0.0,0.0,1.0,0.0,0.0,0.0,0.0,0.0,1.0,0.0,0.0,,,0.0,0.0,3.0,1.0,100.0,1.0,1.0
1230,Eredivisie (NL),1022381,Pepijn Reulen,P. Reulen,2008-06-01,24.22,7.0,5.81,16,15,1,140.0,9.33,0.0,0.27,44.0,2.93,1.93,65.91,73.69,11.49,0.07,1.2,0.27,0.33,0.07,0.2,0.0,0.0,2.53,0.93,0.73,78.57,72.5,0.2,0.0,2.27,0.6,66.67,0.4,1.07
1230,Eredivisie (NL),1022383,Sam De Laat,S. De Laat,2006-06-12,,,,1,0,1,,,,,,,,,,,,,,,,,,,,,,,,,,,,,,
1230,Eredivisie (NL),1022394,Ayoni  Santos,A. Santos,2005-07-18,65.53,18.82,19.58,24,24,0,1579.0,65.79,0.04,1.17,495.0,20.62,17.17,83.23,85.22,17.48,2.04,4.96,3.12,0.25,0.29,5.67,2.21,1.38,16.38,5.25,3.92,74.6,75.02,0.83,0.04,14.79,3.46,61.45,2.12,3.33
1230,Eredivisie (NL),1022471,Neville Ogidi Nwankwo,N. Ogidi Nwankwo,2002-10-08,84.57,20.93,24.52,26,25,1,1762.0,70.48,0.08,0.52,636.0,25.44,21.68,85.22,90.74,18.68,1.84,5.2,3.0,0.4,0.08,16.2,4.2,2.84,13.04,4.52,3.44,76.11,82.94,0.28,0.0,3.24,1.04,38.46,0.4,2.8
1230,Eredivisie (NL),1022473,Rojendro Jeveraino Oudsten,R. Jeveraino Oudsten,2007-11-12,18.88,4.38,5.23,8,8,0,113.0,14.12,0.0,0.38,41.0,5.12,4.38,85.36,84.5,16.01,0.12,0.5,1.25,0.25,0.25,2.88,1.0,0.75,3.0,0.88,0.62,71.43,77.38,0.0,0.0,2.5,0.88,57.14,0.5,0.88
1230,Eredivisie (NL),1022474,Giannino Vianello,G. Vianello,2007-06-10,65.75,18.93,20.15,5,5,0,443.0,88.6,0.0,0.8,171.0,34.2,26.6,77.78,84.2,19.15,3.0,6.4,10.6,1.0,0.6,16.6,6.0,4.6,18.2,6.6,5.2,78.79,76.51,0.4,0.0,15.0,3.8,36.84,1.4,8.2
1230,Eredivisie (NL),1022538,Mark Hoekstra,M. Hoekstra,2006-02-10,17.13,4.04,3.68,3,3,0,57.0,19.0,0.0,0.0,15.0,5.0,3.33,66.67,76.52,15.67,0.67,1.0,0.67,0.33,0.0,5.0,0.33,0.0,4.0,1.33,1.0,75.0,85.55,0.0,0.0,5.0,1.33,25.0,0.33,1.0
1230,Eredivisie (NL),1022540,Jismerai Dillema,J. Dillema,2007-02-14,5.75,1.88,1.48,1,1,0,0.0,0.0,0.0,0.0,0.0,0.0,0.0,,,,0.0,0.0,0.0,0.0,0.0,0.0,0.0,0.0,0.0,0.0,0.0,,,0.0,0.0,0.0,0.0,,0.0,0.0
1230,Eredivisie (NL),1023434,David van der Werff,D. van der Werff,2004-08-31,64.47,17.9,18.88,33,32,1,2025.0,63.28,0.12,1.94,644.0,20.12,15.28,75.93,79.81,14.5,0.53,6.69,3.59,0.91,0.62,6.94,1.81,1.22,19.91,6.25,4.81,77.0,73.05,0.88,0.06,18.53,4.53,60.0,2.72,5.0
1230,Eredivisie (NL),1023959,Nigel Ogidi Nwankwo,N. Nwankwo,1998-08-04,28.74,7.86,8.7,5,4,1,113.0,28.25,0.25,0.75,39.0,9.75,7.5,76.92,78.71,15.39,0.5,2.0,1.75,0.5,0.5,4.5,0.75,0.25,6.5,2.0,1.25,62.5,71.69,0.0,0.0,6.0,2.0,62.5,1.25,2.5
1230,Eredivisie (NL),1024200,Jayden Candelaria,J. Candelaria,2004-03-02,26.06,5.83,7.31,8,7,1,110.0,15.71,0.0,0.29,42.0,6.0,3.71,61.9,69.28,12.65,0.0,1.71,1.71,0.43,0.14,2.0,0.57,0.14,3.14,1.57,0.71,45.45,65.01,0.14,0.0,3.43,1.14,50.0,0.57,3.0
1230,Eredivisie (NL),1024250,Nolhan Courtens,N. Courtens,2006-12-20,15.49,3.16,5.35,5,4,1,40.0,10.0,0.0,0.25,14.0,3.5,3.0,85.71,87.61,13.47,0.0,0.75,1.25,0.25,0.25,0.25,0.25,0.25,2.0,1.0,1.0,100.0,86.5,0.0,0.0,1.5,0.5,50.0,0.25,0.25
1230,Eredivisie (NL),1030821,Amin  Laoukili,A. Laoukili,2005-01-14,5.42,1.3,0.82,1,1,0,0.0,0.0,0.0,0.0,0.0,0.0,0.0,,,,0.0,0.0,0.0,0.0,0.0,0.0,0.0,0.0,0.0,0.0,0.0,,,0.0,0.0,0.0,0.0,,0.0,0.0
1230,Eredivisie (NL),1032144,Sil Blokhuis,S. Blokhuis,2008-03-18,7.54,2.01,2.45,2,2,0,13.0,6.5,0.5,1.0,4.0,2.0,1.0,50.0,48.95,5.47,0.0,0.0,0.0,0.0,0.0,0.0,0.0,0.0,3.5,0.5,0.5,100.0,48.35,0.5,0.5,4.5,1.0,50.0,0.5,1.0
1230,Eredivisie (NL),1032145,Jeppe Wijnreder,J. Wijnreder,2006-02-07,9.86,2.4,2.09,1,1,0,7.0,7.0,0.0,0.0,4.0,4.0,3.0,75.0,96.84,13.23,0.0,2.0,0.0,0.0,0.0,2.0,0.0,0.0,3.0,0.0,0.0,,,0.0,0.0,2.0,0.0,,0.0,0.0
1230,Eredivisie (NL),1032249,Noa El Hamdaoui,N. El Hamdaoui,,20.48,7.47,5.87,1,1,0,7.0,7.0,0.0,0.0,4.0,4.0,4.0,100.0,88.29,12.67,0.0,2.0,0.0,1.0,0.0,0.0,0.0,0.0,3.0,2.0,2.0,100.0,77.27,0.0,0.0,3.0,2.0,100.0,2.0,1.0
1230,Eredivisie (NL),1032767,Bendeguz Kovacs,B. Kovacs,2007-03-31,13.25,3.67,2.39,3,3,0,24.0,8.0,0.0,0.33,6.0,2.0,1.33,66.67,74.1,8.86,0.0,1.33,0.0,0.67,0.0,0.0,0.0,0.0,3.0,1.0,0.67,66.67,72.88,0.33,0.0,3.67,1.33,75.0,1.0,0.33
1230,Eredivisie (NL),1036656,Younes Jaber el Meftahi,Y. Jaber el Meftahi,2007-10-11,40.47,6.68,15.78,1,1,0,25.0,25.0,0.0,1.0,9.0,9.0,6.0,66.67,68.27,14.1,1.0,3.0,1.0,0.0,0.0,0.0,0.0,0.0,5.0,1.0,1.0,100.0,89.14,0.0,0.0,6.0,3.0,66.67,2.0,4.0
1230,Eredivisie (NL),1039618,Ryan Metu,R. Metu,2008-08-28,20.07,4.97,4.85,8,8,0,130.0,16.25,0.0,0.5,27.0,3.38,2.25,66.67,76.42,14.63,0.12,0.38,0.25,0.0,0.0,0.88,0.0,0.0,6.38,1.38,0.5,36.36,66.47,0.25,0.0,5.25,1.25,40.0,0.5,1.25
1230,Eredivisie (NL),1041486,Kevin Kers,K. Kers,2006-01-04,21.05,4.73,6.14,1,1,0,5.0,5.0,0.0,0.0,1.0,1.0,1.0,100.0,96.38,12.67,0.0,1.0,0.0,0.0,0.0,0.0,0.0,0.0,1.0,0.0,0.0,,,0.0,0.0,2.0,0.0,,0.0,0.0
1230,Eredivisie (NL),1058972,Nigel Groenewald,N. Groenewald,2007-02-01,10.45,3.58,2.19,1,1,0,8.0,8.0,0.0,0.0,3.0,3.0,3.0,100.0,79.82,6.53,0.0,1.0,0.0,0.0,0.0,0.0,0.0,0.0,1.0,0.0,0.0,,,0.0,0.0,2.0,1.0,100.0,1.0,0.0
1230,Eredivisie (NL),1066871,Ilai Grootfaam,I. Grootfaam,2010-03-15,10.38,2.61,3.2,1,1,0,9.0,9.0,0.0,0.0,2.0,2.0,2.0,100.0,97.08,7.77,0.0,0.0,1.0,0.0,1.0,1.0,0.0,0.0,0.0,0.0,0.0,,,0.0,0.0,2.0,1.0,100.0,1.0,0.0
1230,Eredivisie (NL),1067278,Tarik Hamamioglu,T. Hamamioglu,2008-08-01,13.4,3.46,2.79,2,2,0,2.0,1.0,0.0,0.0,1.0,0.5,0.5,100.0,94.4,13.26,0.0,0.0,0.5,0.0,0.5,0.0,0.0,0.0,0.0,0.0,0.0,,,0.0,0.0,1.0,0.5,100.0,0.5,0.0
1230,Eredivisie (NL),1067665,Gani Buyukhan,G. Buyukhan,2009-10-07,2.38,0.82,0.7,1,1,0,3.0,3.0,0.0,0.0,1.0,1.0,1.0,100.0,87.18,13.86,0.0,1.0,0.0,0.0,0.0,0.0,0.0,0.0,1.0,0.0,0.0,,,0.0,0.0,0.0,0.0,,0.0,0.0
1230,Eredivisie (NL),1067666,Rodney Kroeze,R. Kroeze,2004-02-27,22.9,7.12,3.92,1,1,0,44.0,44.0,0.0,0.0,16.0,16.0,13.0,81.25,83.02,10.18,0.0,2.0,7.0,0.0,0.0,8.0,2.0,1.0,8.0,5.0,5.0,100.0,88.27,0.0,0.0,1.0,0.0,,0.0,5.0
