competition_edition,league,player_name,player_short_name,player_id,player_birthdate,minutes_full_all,count_match,count_match_failed,total_distance_full_all,total_metersperminute_full_all,running_distance_full_all,hsr_distance_full_all,hsr_count_full_all,sprint_distance_full_all,sprint_count_full_all,hi_distance_full_all,hi_count_full_all,psv99,psv99_top5,peak_velocity,peak_velocity_top3,medaccel_count_full_all,highaccel_count_full_all,meddecel_count_full_all,highdecel_count_full_all,explacceltohsr_count_full_all,timetohsr_top3,timetohsrpostcod_top3,explacceltosprint_count_full_all,timetosprint_top3,timetosprintpostcod_top3,cod_count_full_all,timeto505around90_top3,timeto505around180_top3
1265,Primeira Liga (PT),Aderllan Leandro de Jesus Santos,A. Santos,223,1989-04-09,65.9,16,1,6504.88,98.7,724.94,245.62,22.62,57.0,3.5,302.62,26.12,27.11,28.8,28.23,30.8,66.19,3.62,53.25,9.31,2.06,0.66,0.71,0.62,1.7,1.93,13.38,2.19,2.73
1265,Primeira Liga (PT),André Geraldes de Barros,André Geraldes,728,1991-05-02,85.07,25,1,8548.0,100.49,1003.68,329.72,33.76,124.44,6.92,454.16,40.68,29.56,31.84,31.0,33.37,84.92,5.28,69.28,11.12,3.08,0.61,0.61,1.24,1.24,1.24,23.64,2.01,2.55
1265,Primeira Liga (PT),André Alexandre Carreira Sousa,André Sousa,751,1990-07-09,18.57,10,2,2244.7,120.88,450.8,145.2,11.7,18.9,1.4,164.1,13.1,25.86,27.16,27.02,28.87,26.9,1.3,20.7,3.7,0.5,0.94,,0.1,,,9.5,2.08,2.75
1265,Primeira Liga (PT),Bas Kuipers,B. Kuipers,1223,1994-08-17,86.8,17,0,9704.41,111.8,1517.29,707.65,60.88,234.47,12.18,942.12,73.06,28.47,29.44,29.98,31.03,114.41,7.59,91.53,19.88,5.53,0.61,0.74,1.0,1.46,1.77,37.65,2.01,2.71
1265,Primeira Liga (PT),Armindo Tué Na Bangna,Bruma,1484,1994-10-24,11.5,3,0,1252.67,108.93,189.33,56.67,6.33,15.0,1.67,71.67,8.0,26.73,26.73,27.23,27.23,16.33,0.67,12.67,1.67,0.0,,,0.0,,,7.0,,
1265,Primeira Liga (PT),Carlos dos Santos Rodrigues,Ponck,1652,1995-01-13,67.99,15,1,6594.0,96.98,664.4,234.4,22.4,97.33,4.53,331.73,26.93,27.91,30.76,29.05,32.37,71.2,3.47,59.27,7.13,1.6,0.74,,0.53,1.47,,12.27,2.42,2.81
1265,Primeira Liga (PT),David  Martins Simão,David Simão,2492,1990-05-15,56.78,11,1,6721.36,118.38,1248.55,317.27,23.64,28.36,2.18,345.64,25.82,25.46,27.14,26.96,29.07,76.27,2.27,63.27,7.55,1.18,0.75,0.75,0.36,2.23,,23.64,2.38,2.8
1265,Primeira Liga (PT),Dodi Lukébakio,D. Lukébakio,2803,1997-09-24,48.89,17,0,5002.65,102.32,633.41,299.59,33.12,150.0,7.47,449.59,40.59,29.82,31.82,31.29,33.37,59.06,5.41,44.71,13.0,4.24,0.63,0.69,1.82,1.1,1.22,23.53,2.02,2.76
1265,Primeira Liga (PT),Florian Grillitsch,F. Grillitsch,3493,1995-08-07,61.23,19,1,7405.63,120.96,1187.11,325.53,28.68,64.74,3.63,390.26,32.32,27.59,30.14,29.32,32.17,74.11,2.47,62.37,7.21,1.37,0.68,0.68,0.16,1.75,,25.84,2.01,2.78
1265,Primeira Liga (PT),Frederico André Ferrão Venâncio,Frederico Venâncio,3665,1993-02-04,94.26,20,2,9200.1,97.61,976.35,307.35,30.9,90.9,5.2,398.25,36.1,28.23,30.24,29.67,32.3,95.5,5.2,74.2,12.1,2.95,0.62,0.62,0.6,1.27,1.32,20.8,1.95,3.1
1265,Primeira Liga (PT),Hélder Luís Lopes Vieira Tavares,Hélder Tavares,4261,1989-12-26,36.86,19,1,4125.63,111.92,703.58,249.79,21.11,60.53,3.37,310.32,24.47,27.08,29.3,28.61,31.6,48.11,2.16,39.16,6.53,1.26,0.69,0.78,0.42,1.44,,15.47,2.0,2.79
1265,Primeira Liga (PT),Ivan Ricardo Neves Abreu Cavaleiro,I. Cavaleiro,4521,1993-10-18,73.11,12,1,7573.33,103.58,1082.33,479.67,48.33,156.0,9.42,635.67,57.75,28.35,29.18,30.17,31.53,85.5,6.25,67.58,14.25,4.75,0.61,0.74,1.33,1.45,1.79,40.75,1.75,2.7
1265,Primeira Liga (PT),Jan Bednarek,J. Bednarek,4703,1996-04-12,93.12,31,1,9654.94,103.68,1237.52,378.65,34.71,89.26,5.03,467.9,39.74,28.3,31.26,30.09,32.77,101.16,4.77,81.06,11.45,3.19,0.69,0.75,0.48,1.39,1.42,25.84,1.87,2.63
1265,Primeira Liga (PT),João Ricardo Silva Afonso,João Afonso,5049,1990-05-28,53.59,13,0,5724.46,106.81,789.77,282.54,25.62,72.31,4.08,354.85,29.69,26.28,28.46,27.22,29.9,65.23,3.46,50.23,7.69,2.0,0.75,0.89,0.46,1.67,,17.54,1.91,2.89
1265,Primeira Liga (PT),João Miguel Coimbra Aurélio,João Aurélio,5053,1988-08-17,77.22,18,3,8079.94,104.63,1184.22,468.5,41.17,152.22,8.06,620.72,49.22,28.19,29.74,29.68,31.47,90.39,5.44,70.89,15.17,3.61,0.73,0.77,1.11,1.37,1.74,29.0,2.01,2.76
1265,Primeira Liga (PT),João Filipe Iria Santos Moutinho,João Moutinho,5071,1986-09-08,76.26,30,1,8766.27,114.95,1141.47,298.4,26.17,49.5,2.6,347.9,28.77,26.01,27.94,27.52,29.2,81.07,2.23,71.47,7.8,1.07,0.68,0.8,0.27,1.67,,25.63,1.94,2.59
1265,Primeira Liga (PT),João Pedro Barradas Novais,João Novais,5072,1993-07-10,30.16,2,0,3282.0,108.83,541.0,146.5,14.0,38.5,2.5,185.0,16.5,27.45,27.45,28.6,,45.5,1.5,30.5,6.5,1.5,,,0.5,,,13.5,,
1265,Primeira Liga (PT),Jonathan Buatu Mananga,Jonathan Buatu,5241,1993-09-27,98.3,31,0,9289.58,94.5,1139.9,391.97,35.26,99.52,5.77,491.48,41.03,28.18,30.02,29.85,31.77,111.03,5.77,86.48,15.16,2.94,0.64,0.78,0.87,1.4,1.44,22.55,1.99,2.73
1265,Primeira Liga (PT),José Miguel da Rocha Fonte,José Fonte,5396,1983-12-22,93.52,17,1,9043.71,96.71,1000.65,311.53,30.06,77.88,5.12,389.41,35.18,27.71,28.9,29.26,30.7,107.59,5.29,86.35,11.24,2.76,0.73,0.83,0.65,1.66,,20.88,2.19,3.17
1265,Primeira Liga (PT),Lucas Eduardo dos Santos João,Lucas João,6359,1993-09-04,21.54,17,2,2301.94,106.86,315.41,130.59,11.88,30.41,1.65,161.0,13.53,27.16,29.34,27.89,31.33,25.59,1.53,21.47,3.24,1.06,0.77,0.79,0.18,1.76,,9.76,2.09,2.87
1265,Primeira Liga (PT),Luuk de Jong,L. de Jong,6512,1990-08-27,56.92,5,0,6679.4,117.35,1164.6,552.2,44.4,65.0,5.0,617.2,49.4,26.04,26.04,27.34,27.93,75.2,5.0,66.6,8.4,2.4,0.91,,0.2,,,34.8,2.17,2.88
1265,Primeira Liga (PT),Nélson Miguel Castro Oliveira,Nélson Oliveira,7902,1991-08-08,55.6,26,0,6029.27,108.45,861.08,391.46,37.96,96.92,6.27,488.38,44.23,27.83,29.22,29.1,30.8,70.27,6.35,56.15,11.65,4.54,0.64,0.69,0.85,1.44,1.44,31.23,1.81,2.8
1265,Primeira Liga (PT),Nicolás Hernán Otamendi,N. Otamendi,8029,1988-02-12,95.66,29,1,9307.76,97.3,1182.24,402.83,36.21,104.03,5.9,506.86,42.1,28.0,30.16,29.66,31.47,106.14,5.24,84.45,13.83,3.45,0.63,0.8,0.62,1.42,,25.97,1.92,2.68
1265,Primeira Liga (PT),Luís Miguel Afonso Fernandes,Pizzi,8729,1989-10-06,33.79,23,0,3670.43,108.64,588.96,144.09,11.61,10.0,0.52,154.09,12.13,24.14,26.14,25.33,27.23,47.04,1.43,39.7,4.17,0.3,0.9,0.9,0.0,,,8.65,2.28,2.96
1265,Primeira Liga (PT),Rafael Alexandre Fernandes Ferreira da Silva,Rafa Silva,8790,1993-05-17,62.67,16,0,7343.88,117.18,1190.75,521.06,53.25,210.19,11.5,731.25,64.75,30.57,32.08,32.11,33.47,80.94,5.75,66.12,15.31,4.62,0.67,0.68,1.56,1.18,1.32,36.12,2.04,2.7
1265,Primeira Liga (PT),Luís Rafael Soares Alves,Rafa Soares,8791,1995-05-09,77.81,23,1,8756.13,112.53,1284.74,530.17,45.26,156.39,8.26,686.57,53.52,27.92,29.56,29.6,31.1,94.61,5.35,75.09,13.48,3.3,0.71,0.8,1.09,1.43,,26.83,2.06,2.62
1265,Primeira Liga (PT),Ricardo Jorge Luz Horta,Ricardo Horta,8983,1994-09-15,83.25,27,1,10463.74,125.69,1761.52,631.63,53.74,167.78,8.96,799.41,62.7,28.03,29.92,29.96,32.3,104.89,4.59,86.26,13.07,2.93,0.6,0.65,0.89,1.29,1.34,42.37,2.02,2.58
1265,Primeira Liga (PT),Rodrigo Cunha Pereira de Pinho,Rodrigo Pinho,9195,1991-05-30,46.6,29,0,4931.21,105.82,679.66,288.52,30.24,112.86,6.14,401.38,36.38,29.75,32.42,30.56,33.17,51.86,4.34,43.17,8.41,2.97,0.58,0.67,0.97,1.27,1.51,19.38,1.9,3.21
1265,Primeira Liga (PT),Rúben Afonso Borges Semedo,Rúben Semedo,9354,1994-04-04,94.1,9,0,9089.0,96.59,985.89,301.56,26.33,72.0,4.33,373.56,30.67,27.8,28.38,29.48,30.2,94.11,4.22,73.0,9.44,3.33,0.76,1.06,0.11,,,16.22,2.01,
1265,Primeira Liga (PT),Seko Mohamed Fofana,S. Fofana,9703,1995-05-07,32.72,11,1,3646.45,111.44,629.73,253.91,21.91,74.82,4.0,328.73,25.91,27.24,29.66,28.45,31.4,42.55,1.73,35.27,6.73,1.18,0.71,0.71,0.64,1.55,1.62,18.09,2.02,2.83
1265,Primeira Liga (PT),Sergi Gómez Solà,Sergi Gómez,9734,1992-03-28,95.58,29,0,9214.86,96.41,888.83,282.72,28.83,94.52,5.1,377.24,33.93,28.43,30.62,29.82,31.97,94.45,4.76,74.55,10.24,3.14,0.56,0.6,0.86,1.41,1.48,21.21,2.0,2.85
1265,Primeira Liga (PT), Theoson-Jordan  Siebatcheu,j.Siebatcheu,10246,1996-04-26,62.51,21,1,6811.0,108.97,1010.14,456.81,39.57,102.9,6.48,559.71,46.05,26.67,28.56,28.1,30.27,81.76,5.86,69.0,12.29,3.29,0.75,0.91,0.38,1.7,,31.1,1.9,2.81
1265,Primeira Liga (PT),Thiago Emiliano da Silva,Thiago Silva,10253,1984-09-22,76.83,7,1,7165.86,93.27,804.29,262.0,23.0,50.43,3.43,312.43,26.43,26.71,27.52,28.39,30.03,79.71,4.14,64.57,10.14,2.43,0.78,,0.43,1.54,,14.86,,3.2
1265,Primeira Liga (PT),Tiago Rafael Maia da Silva,Tiago Silva,10342,1993-06-02,81.42,4,0,9018.75,110.77,1422.25,389.25,34.5,81.25,5.0,470.5,39.5,27.45,27.45,29.73,30.2,90.0,3.5,75.5,12.75,2.0,0.73,,1.0,,,33.5,2.02,2.81
1265,Primeira Liga (PT),António Manuel Fernandes Mendes,Tomané,10459,1992-10-23,72.44,27,2,8140.37,112.37,1161.19,414.07,39.7,109.59,6.41,523.67,46.11,28.08,30.42,29.64,32.07,81.52,5.15,67.85,11.37,2.63,0.69,0.79,0.56,1.44,1.81,26.7,1.82,2.85
1265,Primeira Liga (PT),Vítor Hugo Gomes da Silva,Vítor Gomes,10749,1987-12-25,43.23,6,0,5149.33,119.12,954.33,343.33,27.0,74.33,3.5,417.67,30.5,28.32,28.94,29.58,31.13,58.67,2.0,47.5,8.17,1.0,0.81,,0.17,,,22.33,1.93,2.94
1265,Primeira Liga (PT),Marcos Paulo Mesquita Lopes,Rony Lopes,11220,1995-12-28,70.42,15,1,8132.47,115.49,1276.13,465.6,38.2,102.2,5.87,567.8,44.07,27.31,28.72,28.91,30.57,89.2,4.93,73.0,10.8,3.4,0.73,0.78,1.33,1.37,1.64,32.4,1.93,2.81
1265,Primeira Liga (PT),Duplexe Tchamba Bangou,D. Tchamba,11234,1998-07-10,90.95,5,0,9184.6,100.99,1196.0,363.8,32.4,90.2,5.2,454.0,37.6,29.7,29.7,31.12,31.97,104.8,6.0,80.4,13.4,3.6,0.68,,0.8,,,18.8,2.15,
1265,Primeira Liga (PT),Miguel Ângelo da Silva Rocha,Xeka,11265,1994-11-10,58.77,12,0,6855.75,116.64,1176.58,382.17,33.25,86.0,5.42,468.17,38.67,27.18,28.12,28.68,30.3,79.25,3.0,69.5,6.75,1.92,0.76,0.95,0.42,1.6,,28.75,2.16,2.93
1265,Primeira Liga (PT),Ghislain Konan,G. Konan,11431,1995-12-27,97.76,30,0,9752.13,99.76,1280.8,590.77,56.03,202.03,11.2,792.8,67.23,28.71,30.74,30.52,33.0,114.2,9.17,91.4,22.37,7.03,0.56,0.56,2.6,1.14,1.22,35.43,1.84,2.65
1265,Primeira Liga (PT),Jonathan Panzo,J. Panzo,12196,2000-10-25,86.94,14,0,9096.36,104.62,1100.36,330.43,34.14,98.79,6.07,429.21,40.21,28.09,28.74,29.92,31.0,104.07,4.21,78.36,10.21,1.71,0.72,0.73,0.43,1.3,,31.29,2.11,2.97
1265,Primeira Liga (PT),Javier Sánchez de Felipe,Javi Sánchez,12249,1997-03-14,90.54,15,0,8999.2,99.39,1111.73,321.93,30.47,78.4,4.8,400.33,35.27,27.71,29.36,29.38,31.2,100.6,4.07,83.67,10.73,2.47,0.8,0.89,0.2,,,19.33,2.05,2.78
1265,Primeira Liga (PT),Rafik Guitane,R. Guitane,12464,1999-05-26,66.03,30,0,7208.73,109.17,1011.0,327.7,31.13,69.73,4.17,397.43,35.3,27.15,30.5,28.84,32.07,81.93,5.03,65.23,10.97,3.53,0.6,0.62,0.67,1.28,1.52,31.37,2.01,2.7
1265,Primeira Liga (PT),Pablo Rosario,P. Rosario,12649,1997-01-07,69.22,22,0,7729.82,111.67,1125.23,357.27,32.36,88.64,4.95,445.91,37.32,28.03,29.72,29.8,31.9,81.0,3.73,67.77,10.45,2.55,0.62,0.65,0.86,1.33,1.45,27.59,2.17,2.69
1265,Primeira Liga (PT),Gonçalo Mendes Paciencia,Gonçalo Paciência,12783,1994-08-01,48.03,11,1,5285.0,110.03,858.36,265.45,23.0,23.36,1.91,288.82,24.91,25.04,26.0,26.75,28.23,54.0,2.82,45.73,4.91,1.36,0.75,,0.09,,,17.27,2.0,2.87
1265,Primeira Liga (PT),Yann Karamoh,Y. Karamoh,12812,1998-07-08,18.05,1,0,2221.0,123.05,367.0,166.0,16.0,37.0,3.0,203.0,19.0,27.9,27.9,28.6,,29.0,4.0,18.0,3.0,3.0,,,0.0,,,13.0,,
1265,Primeira Liga (PT),Marios Vrousai,M. Vrousai,12903,1998-07-02,87.92,31,0,9480.23,107.83,1268.52,473.77,44.52,142.9,7.84,616.68,52.35,28.57,31.28,30.15,32.6,99.19,6.19,83.29,17.16,4.23,0.6,0.65,0.9,1.36,1.57,34.71,1.7,2.59
1265,Primeira Liga (PT),Jovane Eduardo Borges Cabral,Jovane Cabral,13285,1998-06-14,67.67,27,0,7015.41,103.67,1086.0,370.85,34.85,65.44,4.3,436.3,39.15,26.16,27.68,27.87,29.97,75.3,3.7,63.67,9.74,2.19,0.66,0.67,0.41,1.52,,29.67,1.89,2.63
1265,Primeira Liga (PT),Jérémy Livolant,J. Livolant,13330,1998-01-09,93.95,31,2,10481.35,111.56,1413.0,644.77,68.87,284.48,16.16,929.26,85.03,29.95,31.62,31.83,33.87,107.35,10.71,83.03,23.03,8.68,0.56,0.56,3.23,1.13,1.19,48.58,1.92,2.63
1265,Primeira Liga (PT),Yanis Begraoui,Y. Begraoui,13354,2001-07-04,86.68,34,0,9420.88,108.69,1339.44,521.12,51.03,148.38,9.03,669.5,60.06,28.7,31.0,30.52,33.03,105.53,8.24,87.59,15.18,5.53,0.6,0.62,1.79,1.17,1.21,42.41,1.95,2.67
1265,Primeira Liga (PT),Carlos Alexandre Reis Pinto,Alex Pinto,13495,1998-07-08,51.79,7,0,6143.43,118.63,999.0,432.14,40.14,153.43,8.57,585.57,48.71,29.86,30.62,31.13,32.93,69.57,6.14,53.71,14.86,4.86,0.61,0.83,1.29,1.4,,30.43,1.96,2.87
1265,Primeira Liga (PT),Naïs Djouahra,N. Djouahra,13919,1999-11-23,86.22,33,1,9516.55,110.37,1410.52,604.88,54.33,186.97,9.97,791.85,64.3,28.56,30.68,30.39,32.77,96.91,6.52,78.24,14.55,4.61,0.59,0.61,1.39,1.25,1.49,40.82,1.82,2.49
1265,Primeira Liga (PT),Paulo André Rodrigues de Oliveira,Paulo Oliveira,13976,1992-01-08,57.43,16,1,5864.44,102.11,709.06,237.81,21.88,60.88,3.88,298.69,25.75,27.32,29.8,28.49,31.1,68.44,3.19,53.19,8.44,2.06,0.74,0.8,0.88,1.61,1.71,16.19,2.1,2.78
1265,Primeira Liga (PT),Giorgi Kochorashvili,G. Kochorashvili,13987,1999-06-29,40.53,17,1,4914.0,121.24,855.59,303.88,24.06,46.88,3.12,350.76,27.18,25.78,27.56,27.11,29.27,51.41,2.12,42.0,6.35,1.41,0.71,0.82,0.35,1.56,,21.0,2.11,2.93
1265,Primeira Liga (PT),Pedro António Pereira Gonçalves,Pedro Gonçalves,14024,1998-06-28,77.91,26,1,8591.81,110.28,1363.96,572.73,53.5,153.31,9.27,726.04,62.77,27.91,29.52,29.81,31.77,101.81,6.15,86.38,15.0,4.5,0.6,0.63,1.31,1.26,1.3,44.88,1.89,2.84
1265,Primeira Liga (PT),Tom van De Looi,T. van de Looi,14273,1999-07-02,94.86,31,1,10962.03,115.56,1827.58,502.16,45.32,100.94,5.74,603.1,51.06,27.31,29.24,29.52,32.1,110.74,4.97,94.45,12.39,3.1,0.59,0.6,0.74,1.25,1.41,39.55,1.89,2.53
1265,Primeira Liga (PT),Sydney van Hooijdonk,S. van Hooijdonk,14346,2000-02-06,42.33,10,0,4587.1,108.36,641.8,236.4,24.4,64.0,4.1,300.4,28.5,28.54,29.96,29.28,31.63,48.9,3.4,40.0,8.8,2.2,0.57,,0.4,1.48,,16.6,2.03,3.02
1265,Primeira Liga (PT),Jakub Brabec,J. Brabec,14875,1992-08-06,93.68,24,1,9556.04,102.0,1140.92,366.46,36.21,101.83,6.67,468.29,42.88,28.09,30.08,29.75,31.73,98.62,4.33,75.54,9.92,2.71,0.59,0.74,0.75,1.45,1.59,24.83,1.84,2.66
1265,Primeira Liga (PT),Georgios Vagiannidis,G. Vagiannidis,15185,2001-09-12,64.78,22,0,7456.14,115.11,1070.18,563.73,53.77,283.27,14.0,847.0,67.77,30.25,32.42,31.55,33.7,78.23,5.18,59.64,17.45,4.09,0.6,0.72,1.55,1.37,1.54,31.73,1.81,2.58
1265,Primeira Liga (PT),Fotis Ioannidis,F. Ioannidis,15295,2000-01-10,42.46,12,1,4601.5,108.37,607.67,291.58,29.75,110.75,6.25,402.33,36.0,29.47,30.84,30.56,32.1,50.67,2.75,43.0,8.0,1.92,0.68,0.71,0.67,1.31,1.32,22.08,1.95,3.02
1265,Primeira Liga (PT),Georgios Liavas,G. Liavas,15373,2001-02-12,37.91,24,0,4519.79,119.22,690.5,200.67,18.54,43.75,2.75,244.42,21.29,26.98,29.92,28.1,30.9,49.88,1.42,41.42,6.0,0.88,0.69,0.76,0.21,1.8,,15.67,1.9,2.69
1265,Primeira Liga (PT),Orest Lebedenko,O. Lebedenko,15485,1998-09-23,38.79,14,0,4438.07,114.42,747.79,349.5,29.57,104.64,6.21,454.14,35.79,27.99,29.3,28.94,30.57,50.79,4.64,38.07,9.14,2.64,0.62,0.66,0.29,1.55,,20.93,1.9,2.59
1265,Primeira Liga (PT),Murilo De Souza Costa,Murilo,16011,1994-10-31,86.85,32,0,9611.94,110.68,1481.25,610.88,57.22,211.81,10.88,822.69,68.09,29.54,31.5,31.57,33.23,97.88,9.0,75.09,17.28,6.91,0.6,0.61,2.06,1.11,1.17,49.56,1.91,2.54
1265,Primeira Liga (PT),Francisco António Machado Mota de Castro Trincão,Francisco Trincão,16014,1999-12-29,91.28,33,1,10238.3,112.16,1576.88,733.12,65.3,203.33,12.55,936.45,77.85,28.63,30.2,30.58,32.13,105.85,6.12,87.3,16.85,4.58,0.67,0.69,1.3,1.26,1.39,54.67,1.89,2.55
1265,Primeira Liga (PT),Diogo Filipe Costa Rocha,Rochinha,16032,1995-05-03,13.07,1,0,1742.0,133.32,304.0,124.0,10.0,31.0,3.0,155.0,13.0,27.9,27.9,28.5,,16.0,1.0,13.0,3.0,0.0,,,0.0,,,12.0,,
1265,Primeira Liga (PT),Marcelo dos Santos Ferreira,Marcelo,16060,1989-07-27,88.73,12,0,8970.83,101.11,1088.33,384.0,35.08,88.25,5.42,472.25,40.5,27.93,29.1,29.61,31.03,100.58,5.42,74.83,14.25,3.08,0.67,0.74,1.17,1.57,1.82,22.92,2.09,2.86
1265,Primeira Liga (PT),Rafael Avelino Pereira Pinto Barbosa,R. Barbosa,16066,1996-03-29,57.39,12,1,6567.08,114.43,1021.0,444.58,43.08,167.17,8.92,611.75,52.0,29.21,30.68,30.55,32.7,79.25,4.33,61.75,15.42,2.67,0.7,0.7,1.25,1.3,1.43,22.75,2.07,2.58
1265,Primeira Liga (PT),Matheus Reis de Lima,Matheus Reis,16180,1995-02-18,62.26,6,2,6967.83,111.91,936.5,396.5,34.67,126.17,6.83,522.67,41.5,29.98,30.72,31.4,32.3,73.17,4.0,59.0,10.0,2.67,0.71,0.87,1.0,1.34,,24.17,2.23,
1265,Primeira Liga (PT),Toni Borevković,T. Borevković,16181,1997-06-18,97.57,1,0,9406.0,96.41,966.0,438.0,42.0,130.0,9.0,568.0,51.0,29.9,29.9,31.0,,116.0,7.0,85.0,16.0,7.0,,,3.0,,,37.0,,
1265,Primeira Liga (PT),Nuno Miguel Gomes dos Santos,Nuno Santos,16183,1995-02-13,18.69,4,0,2118.75,113.38,328.0,176.5,16.25,64.75,4.5,241.25,20.75,29.0,29.0,29.75,30.17,26.0,1.25,22.0,3.25,0.75,,,0.75,,,14.5,2.41,3.05
1265,Primeira Liga (PT),Stephen  Antunes Eustáquio,Stephen Eustáquio,16256,1996-12-21,28.04,8,0,3610.5,128.75,850.5,307.62,23.62,28.25,2.38,335.88,26.0,25.52,26.14,26.81,27.67,40.38,1.88,32.75,5.62,0.88,0.75,,0.25,,,24.25,2.05,2.98
1265,Primeira Liga (PT),Fredrik Aursnes,F. Aursnes,16399,1995-12-10,91.23,27,1,10734.41,117.67,1840.7,632.11,54.63,128.15,8.3,760.26,62.93,27.64,30.14,29.86,32.43,118.48,4.96,101.07,16.19,3.11,0.76,0.78,0.85,1.44,1.5,49.63,1.84,2.61
1265,Primeira Liga (PT),Ianis Stoica,I. Stoica,17113,2002-12-08,56.53,33,0,6008.52,106.29,775.12,319.7,33.88,146.12,7.39,465.82,41.27,30.37,32.8,31.47,33.97,61.39,4.15,46.21,11.06,2.27,0.64,0.65,0.85,1.27,1.33,23.15,2.03,2.7
1265,Primeira Liga (PT),Leandro Barreiro Martins,Leandro Barreiro,17680,2000-01-03,64.75,30,1,7850.4,121.24,1434.5,454.1,38.4,71.27,4.83,525.37,43.23,26.69,29.5,28.27,30.93,82.43,3.77,70.7,13.03,2.33,0.63,0.72,0.53,1.45,1.64,34.93,1.97,2.49
1265,Primeira Liga (PT),Sikou Niakaté,S. Niakaté,18406,1999-07-10,93.05,11,0,9236.27,99.26,1096.91,441.55,42.73,153.82,8.0,595.36,50.73,29.51,30.56,31.14,32.63,111.91,5.64,90.27,15.18,3.27,0.64,0.78,1.18,1.22,1.61,24.36,2.28,3.07
1265,Primeira Liga (PT),João António Antunes Carvalho,João Carvalho,18565,1997-03-09,91.91,33,0,10337.27,112.47,1779.94,607.76,50.91,115.91,7.3,723.67,58.21,26.98,28.66,29.03,31.0,119.94,5.79,94.82,18.03,3.67,0.62,0.7,0.73,1.29,1.59,46.33,1.83,2.6
1265,Primeira Liga (PT),Gil Bastião Dias,Gil Dias,18575,1996-09-28,81.48,32,1,9086.53,111.52,1269.25,621.25,61.97,302.88,14.91,924.12,76.88,30.55,31.92,31.92,33.7,93.94,9.34,75.25,17.62,6.84,0.55,0.6,2.38,1.23,1.37,43.94,1.83,2.55
1265,Primeira Liga (PT),Omar Richards,O. Richards,18769,1998-02-15,50.99,13,1,5727.38,112.33,872.69,332.08,30.77,85.69,5.08,417.77,35.85,28.11,29.7,29.12,31.2,67.15,3.69,53.85,11.31,2.15,0.68,0.72,0.38,1.55,,22.46,2.34,2.68
1265,Primeira Liga (PT),Billal Brahimi,B. Brahimi,18941,2000-03-14,29.84,4,0,3409.5,114.25,510.0,269.0,27.0,133.75,6.0,402.75,33.0,31.7,31.7,32.42,32.87,38.5,3.75,32.75,6.25,3.5,0.7,0.73,1.0,1.35,,17.25,2.39,3.03
1265,Primeira Liga (PT),André Green,A. Green,18992,1998-07-26,50.11,4,1,5746.0,114.67,879.0,336.75,31.25,94.75,5.75,431.5,37.0,28.38,28.38,29.5,29.8,64.5,4.25,51.0,6.75,2.75,0.74,0.74,0.75,1.65,,25.25,2.19,3.02
1265,Primeira Liga (PT),Jaume Grau Ciscar,J. Grau,22091,1997-05-05,79.65,17,1,9922.12,124.56,1707.24,616.65,52.94,145.88,8.41,762.53,61.35,27.55,29.0,29.31,31.3,98.94,4.0,81.29,11.82,2.35,0.63,0.67,0.71,1.36,,48.29,1.84,2.66
1265,Primeira Liga (PT),Francisco Reis Ferreira,Ferro,22134,1997-03-26,68.3,26,1,6404.85,93.77,672.04,247.92,25.38,71.42,4.12,319.35,29.5,28.15,30.98,29.42,32.43,71.0,3.69,57.58,8.96,2.65,0.63,0.71,0.96,1.24,1.32,16.65,2.0,2.88
1265,Primeira Liga (PT),Florentino Ibrain Morris Luís,Florentino,22135,1999-08-19,19.63,3,0,2315.33,117.96,457.0,140.33,12.67,27.0,1.33,167.33,14.0,26.6,26.6,27.27,27.27,29.33,1.33,26.33,3.67,1.0,,,0.67,,,16.33,2.37,
1265,Primeira Liga (PT),Stéphane Diarra,S. Diarra,23035,1998-12-09,19.39,2,0,2257.0,116.39,387.5,176.0,11.5,14.0,1.5,190.0,13.0,25.85,25.85,27.0,,30.0,1.0,19.5,5.5,1.0,,,0.0,,,11.0,,
1265,Primeira Liga (PT),Vangelis Pavlidis,V. Pavlidis,23453,1998-11-21,87.64,32,1,10032.59,114.48,1602.88,619.56,54.25,146.22,8.53,765.78,62.78,27.77,29.84,29.82,31.93,104.47,5.44,87.78,12.28,3.75,0.64,0.64,1.31,1.39,1.47,55.41,1.66,2.75
1265,Primeira Liga (PT),Gaizka Larrazabal Goikoetxea,Gaizka Larrazabal,23747,1997-12-17,93.81,31,2,9612.06,102.46,1313.42,607.03,61.48,275.48,14.9,882.52,76.39,30.46,32.44,32.41,34.57,110.55,9.71,90.61,21.48,7.32,0.59,0.6,3.35,1.09,1.14,41.26,1.74,2.68
1265,Primeira Liga (PT),Borja Sainz Eguskiza,Borja Sainz,24052,2001-02-21,59.8,29,1,6796.97,113.66,998.9,562.9,57.76,268.14,14.1,831.03,71.86,30.22,32.14,31.63,33.73,71.28,6.0,56.79,12.93,4.62,0.6,0.6,1.72,1.21,1.23,43.28,1.81,2.51
1265,Primeira Liga (PT),Víctor Gómez Perea,Víctor Gómez,24100,2000-04-01,84.6,31,1,9419.81,111.34,1399.0,542.58,44.55,129.1,7.58,671.68,52.13,27.59,29.58,29.25,31.67,105.03,4.94,85.06,14.52,3.19,0.6,0.72,0.97,1.35,1.58,30.55,1.95,2.56
1265,Primeira Liga (PT),Sergio Bermejo Lillo,Sergio Bermejo,24299,1997-08-17,31.07,16,0,3358.88,108.09,565.38,226.25,19.69,67.19,3.81,293.44,23.5,27.48,29.48,28.48,31.17,39.31,2.62,30.31,6.75,2.0,0.66,0.72,0.44,1.4,,16.0,2.06,2.52
1265,Primeira Liga (PT),Kelian Nsona Wa Saka,K. Nsona,24446,2002-05-11,53.09,10,0,5750.5,108.31,803.0,378.5,37.9,137.9,8.0,516.4,45.9,29.17,30.08,30.66,31.77,70.2,6.2,54.1,12.8,4.7,0.64,0.67,1.3,1.24,1.35,21.8,1.94,2.81
1265,Primeira Liga (PT),Pablo Gozálbez Gilabert,Pablo Gozálbez,24585,2001-04-30,43.51,27,1,5180.19,119.05,874.15,346.78,30.07,80.19,4.48,426.96,34.56,27.57,30.04,28.8,31.4,54.74,3.15,47.0,8.63,2.0,0.59,0.63,0.44,1.59,,25.74,1.85,2.64
1265,Primeira Liga (PT),Kaique Rocha Lima,Kaique Rocha,24690,2001-02-28,87.38,6,0,8930.67,102.21,1038.33,316.33,30.83,75.5,5.0,391.83,35.83,28.15,28.4,30.03,30.83,89.33,4.67,71.67,11.33,3.33,0.75,0.89,1.0,1.88,,21.0,2.44,
1265,Primeira Liga (PT),Ricard Sánchez Sendra,Ricard Sánchez,24863,2000-02-22,80.96,26,0,9081.08,112.17,1308.08,688.58,65.62,286.31,15.31,974.88,80.92,30.38,31.78,31.95,33.23,108.88,8.08,87.35,20.5,5.81,0.62,0.65,2.69,1.31,1.39,41.08,1.85,2.64
1265,Primeira Liga (PT),Guillem Molina Gutiérrez,G. Molina,24889,2000-05-03,55.22,7,0,6054.86,109.65,830.86,340.29,32.43,98.29,6.0,438.57,38.43,27.5,28.44,28.4,30.17,69.0,5.43,57.29,12.71,4.29,0.68,0.71,2.0,1.49,1.54,28.86,2.02,2.73
1265,Primeira Liga (PT),Lucas Lima Linhares,Luquinhas,25093,1996-09-28,28.36,9,0,3251.67,114.67,500.33,210.67,21.44,54.11,3.78,264.78,25.22,27.27,28.48,28.24,29.93,40.56,3.67,32.11,7.11,2.78,0.69,0.73,0.78,1.31,,18.44,2.19,2.8
1265,Primeira Liga (PT),Amar Dedić,A. Dedić,25332,2002-08-18,88.42,23,1,9131.74,103.28,1127.91,528.3,54.35,250.09,13.13,778.39,67.48,30.1,32.06,31.45,33.7,96.52,6.3,83.22,15.83,4.52,0.58,0.58,1.39,1.31,1.31,38.17,1.71,2.64
1265,Primeira Liga (PT),Pau Víctor Delgado,Pau Víctor,25752,2001-11-26,75.66,31,1,9311.35,123.06,1447.55,572.26,52.39,142.65,8.61,714.9,61.0,28.28,31.1,30.35,32.57,93.23,5.81,73.03,16.35,4.0,0.64,0.67,1.1,1.34,1.4,45.97,1.82,2.53
1265,Primeira Liga (PT),Claudio Mendes Vicente,Clau Mendes,25754,2000-12-08,30.29,11,2,3200.73,105.67,508.45,195.36,19.18,58.73,3.82,254.09,23.0,28.59,30.04,29.58,31.17,38.09,3.36,29.45,5.73,2.64,0.71,0.8,1.18,1.51,,12.91,2.27,
1265,Primeira Liga (PT),Luis Javier Suárez Charris,L. Suárez,25818,1997-12-02,92.02,31,1,8904.06,96.76,1013.81,492.77,57.19,244.71,13.39,737.48,70.58,31.07,33.12,32.63,34.23,100.52,9.94,82.81,23.35,7.65,0.57,0.57,3.45,1.1,1.11,40.77,1.84,2.59
1265,Primeira Liga (PT),José Manuel Fontán Mondragón,José Fontán,25832,2000-02-11,94.25,29,1,9752.28,103.47,1218.0,417.9,38.28,103.41,6.24,521.31,44.52,28.06,29.94,29.85,31.83,108.76,5.03,87.31,13.28,3.38,0.57,0.62,0.62,1.32,,30.45,1.85,2.6
1265,Primeira Liga (PT),Sabit Abdulai,S. Abdulai,25849,1999-05-11,72.52,17,0,8653.82,119.33,1354.53,332.76,30.88,76.0,3.88,408.76,34.76,27.01,28.76,28.62,30.7,88.12,3.24,79.65,12.18,1.53,0.7,0.84,0.41,1.21,,31.71,1.96,2.74
1265,Primeira Liga (PT),Maximiliano Javier Araújo Vilches,M. Araújo,25973,2000-02-15,84.27,28,1,9074.46,107.69,1278.86,582.46,58.86,249.96,13.64,832.43,72.5,29.77,31.36,31.5,33.07,98.5,7.75,79.64,17.07,5.57,0.55,0.59,2.61,1.15,1.26,43.54,1.85,2.69
1265,Primeira Liga (PT),Amadou Danté,A. Danté,26143,2000-10-07,57.63,15,2,5859.73,101.67,775.87,341.6,37.6,161.87,8.53,503.47,46.13,30.0,31.74,31.08,33.1,75.87,5.07,58.33,15.2,3.4,0.74,0.85,1.07,1.44,1.6,21.67,1.93,2.68
1265,Primeira Liga (PT),Yassin Oukili,Y. Oukili,26218,2001-01-03,60.48,8,0,6975.5,115.34,1181.88,462.5,36.5,69.12,4.62,531.62,41.12,26.81,27.52,28.48,29.53,75.38,3.88,64.12,11.0,2.12,0.81,0.81,0.5,2.02,2.02,27.62,2.07,2.87
1265,Primeira Liga (PT),Rafel Obrador Burguera,Rafel Obrador,26604,2004-02-24,68.18,1,0,7760.0,113.81,1167.0,505.0,51.0,224.0,11.0,729.0,62.0,32.1,32.1,34.0,,95.0,9.0,71.0,20.0,8.0,,,0.0,,,36.0,,
1265,Primeira Liga (PT),Arjen van der Heide,A. van der Heide,26780,2001-11-19,30.88,10,0,3666.4,118.74,641.8,306.7,25.1,84.9,4.8,391.6,29.9,27.91,29.02,29.12,30.93,41.5,3.6,30.1,8.0,3.1,0.69,0.81,0.9,1.5,1.5,21.9,2.15,2.7
1265,Primeira Liga (PT),Hidemasa Morita,H. Morita,26900,1995-05-10,64.27,31,0,7596.97,118.2,1216.29,457.16,38.32,91.23,5.13,548.39,43.45,27.3,29.28,28.83,30.53,79.71,2.84,69.13,10.13,1.97,0.64,0.72,0.55,1.39,1.48,34.84,1.89,2.7
1265,Primeira Liga (PT),Diogo Dos Santos Cabral,Calila,27238,1998-10-10,49.07,23,0,5256.61,107.12,724.61,355.87,34.39,123.0,7.61,478.87,42.0,28.45,30.86,29.51,32.17,59.87,4.96,48.17,10.65,3.91,0.65,0.69,1.17,1.4,1.44,21.26,1.93,2.66
1265,Primeira Liga (PT),Tiago Alexandre  Sousa Esgaio,Tiago Esgaio,27240,1995-08-01,93.13,28,1,10252.5,110.08,1405.04,554.29,50.43,163.32,9.75,717.61,60.18,28.46,30.72,30.01,32.27,109.79,5.5,90.64,16.57,3.36,0.69,0.73,1.07,1.51,1.87,32.29,1.81,2.61
1265,Primeira Liga (PT),Nilton Varela Lopes,Nilton Varela,27242,2001-05-25,62.08,1,0,6493.0,104.59,863.0,403.0,39.0,135.0,9.0,538.0,48.0,29.4,29.4,31.1,,72.0,6.0,58.0,20.0,2.0,,,0.0,,,15.0,,
1265,Primeira Liga (PT),Cassiano Dias Moreira,Cassiano,27244,1989-06-16,65.25,30,1,6918.43,106.03,888.57,442.07,44.9,167.27,9.6,609.33,54.5,29.45,31.42,30.64,32.83,73.7,6.7,59.97,13.43,4.97,0.61,0.7,1.5,1.23,1.41,24.07,1.83,2.82
1265,Primeira Liga (PT),Ricardo Luís Chaby Mangas,Ricardo Mangas,27253,1998-03-19,67.99,14,1,8033.0,118.14,1193.64,609.71,59.93,315.57,15.43,925.29,75.36,30.94,32.14,32.35,33.63,90.07,7.64,73.43,17.79,6.0,0.59,0.6,2.64,1.18,1.26,38.5,1.87,2.55
1265,Primeira Liga (PT),Bruno Miguel Ponces Lourenço,Bruno Lourenço,27254,1998-02-02,41.98,6,1,4816.5,114.73,931.33,351.83,28.0,55.0,4.17,406.83,32.17,26.38,26.82,27.78,28.7,54.33,2.0,43.17,8.0,1.0,0.85,,0.67,,,22.0,2.22,3.27
1265,Primeira Liga (PT),Lawrence Ofori,L. Ofori,27265,1998-06-28,52.71,14,2,5830.79,110.63,992.79,334.71,28.21,54.93,3.14,389.64,31.36,26.81,28.28,28.35,30.57,77.86,4.0,63.14,10.79,2.21,0.68,0.69,0.5,1.41,,23.93,2.16,2.84
1265,Primeira Liga (PT),Patricio Nehuén Pérez,N. Pérez,27266,2000-06-24,81.8,5,1,8885.4,108.63,1325.2,363.2,30.8,56.2,4.2,419.4,35.0,26.22,26.22,28.08,28.9,88.6,3.0,72.2,9.2,2.4,0.84,0.91,0.2,,,23.6,2.35,
1265,Primeira Liga (PT),Gustavo Enrique Giordano Assunção Amaro Da Silva,G. Assunção,27268,2000-03-30,76.02,10,0,9055.6,119.13,1507.5,436.8,39.3,89.7,5.2,526.5,44.5,27.22,28.16,29.6,30.83,89.6,3.3,77.0,10.2,2.2,0.66,0.68,0.4,1.7,,36.1,2.02,2.77
1265,Primeira Liga (PT),Sandro César Cordovil de Lima,Sandro Lima,27270,1990-10-28,53.7,29,0,6277.72,116.9,948.28,421.76,39.55,134.03,8.03,555.79,47.59,28.59,30.8,29.93,31.7,77.24,4.9,63.38,11.52,3.83,0.64,0.72,0.86,1.3,1.51,32.55,1.94,2.76
1265,Primeira Liga (PT),Vitor Carvalho Vieira,Vitor Carvalho,27278,1997-05-27,76.59,14,1,8300.14,108.37,1238.86,379.0,32.14,78.0,4.86,457.0,37.0,27.48,29.28,29.19,30.9,104.14,5.07,83.0,11.71,2.5,0.67,0.72,0.71,1.46,1.64,33.43,1.97,2.92
1265,Primeira Liga (PT),Abdu Cadri Conté,Abdu Conté,27290,1998-03-24,72.77,20,2,7382.25,101.45,920.15,392.5,43.0,204.3,10.1,596.8,53.1,30.2,32.36,31.38,33.63,78.3,7.45,64.1,13.7,6.0,0.6,0.62,3.1,1.17,1.22,26.05,1.98,2.7
1265,Primeira Liga (PT),Nuno Miguel Valente Santos,Nuno Santos,27291,1999-03-02,51.56,5,0,5673.4,110.04,837.8,270.0,28.6,83.0,4.6,353.0,33.2,27.96,27.96,29.62,30.3,57.6,4.0,44.8,11.2,1.6,0.76,,0.6,2.03,,22.8,2.3,
1265,Primeira Liga (PT),Filipe Miguel Barros Soares,Filipe Soares,27292,1999-05-20,50.59,17,1,5898.06,116.58,1066.06,352.12,30.24,81.12,4.41,433.24,34.65,27.0,29.56,28.38,31.23,59.29,2.53,50.24,7.47,1.41,0.75,0.87,0.18,2.1,,29.06,1.97,2.78
1265,Primeira Liga (PT),Bernardo Sousa Pereira Brites Martins,Benny,27301,1997-12-04,49.93,14,0,6009.43,120.36,1047.07,407.29,34.57,81.0,5.79,488.29,40.36,26.89,28.5,28.19,29.97,64.5,2.79,52.0,9.5,1.71,0.67,0.72,0.5,1.74,,32.21,2.09,2.77
1265,Primeira Liga (PT),Pedro Miguel Gaspar Amaral,Pedro Amaral,27316,1997-08-25,73.23,27,0,7829.44,106.92,1128.48,490.93,43.59,152.19,8.78,643.11,52.37,28.62,30.8,30.09,31.97,91.3,5.63,73.74,13.11,3.89,0.68,0.73,0.93,1.38,1.43,29.78,1.93,2.68
1265,Primeira Liga (PT),Guilherme Schettine Guimarães,Guilherme Schettine,27320,1995-10-10,69.61,15,0,7652.4,109.94,1003.87,495.2,43.87,134.53,8.0,629.73,51.87,27.54,28.9,29.1,31.27,72.47,5.93,59.4,10.4,4.27,0.62,0.67,0.67,1.41,1.42,36.33,1.84,2.88
1265,Primeira Liga (PT),Lincoln Henrique Oliveira dos Santos,Lincoln,27321,1998-11-07,84.38,30,0,9683.43,114.76,1580.3,563.87,51.17,113.87,7.2,677.73,58.37,27.29,28.92,29.31,31.13,114.17,6.1,90.23,17.9,4.03,0.67,0.75,0.77,1.41,1.57,42.93,1.79,2.6
1265,Primeira Liga (PT),Zaidu Sanusi,Z. Sanusi,27324,1997-06-13,62.77,16,1,6665.69,106.19,893.25,404.06,45.88,239.56,11.69,643.62,57.56,31.51,33.4,32.67,34.53,79.94,8.5,65.75,18.06,6.56,0.55,0.58,3.62,1.07,1.17,28.5,2.02,2.54
1265,Primeira Liga (PT),Alexander Hartmann Bah,A. Bah,27498,1997-12-09,58.59,9,0,6982.0,119.18,1096.44,422.0,41.22,148.67,8.44,570.67,49.67,28.62,29.88,29.83,31.77,71.22,5.11,59.56,12.56,2.78,0.81,0.85,0.67,,,27.67,1.97,2.84
1265,Primeira Liga (PT), Teremas Igobor Moffi,T. Moffi,27685,1999-05-25,35.82,8,1,3740.38,104.43,503.5,245.38,24.12,88.0,4.38,333.38,28.5,29.45,30.92,30.3,32.97,41.62,3.88,37.12,5.25,3.0,0.7,0.75,0.75,1.45,,16.88,2.23,3.17
1265,Primeira Liga (PT),Vinícius Lopes da Silva,Vinícius Lopes,28301,1999-05-07,60.8,27,1,6534.48,107.48,890.63,391.15,41.74,167.0,9.44,558.15,51.19,29.83,31.7,31.18,33.27,76.48,7.04,59.56,16.26,5.48,0.65,0.65,2.07,1.2,1.26,28.81,1.83,2.67
1265,Primeira Liga (PT),Darlan Pereira Mendes,Darlan,28314,1998-04-16,21.0,6,1,2375.33,113.11,464.5,171.67,14.0,44.5,2.67,216.17,16.67,26.45,27.3,27.92,30.2,28.33,1.33,22.83,4.17,0.5,,,0.0,,,12.5,2.35,3.17
1265,Primeira Liga (PT),Gabriel Veron Fonseca de Souza,Gabriel Veron,28338,2002-09-03,67.95,10,2,7508.5,110.5,1096.8,473.3,48.8,226.9,11.5,700.2,60.3,30.56,32.14,31.93,33.77,76.5,6.8,61.5,13.0,4.7,0.65,0.66,2.2,1.17,1.24,38.9,1.81,2.73
1265,Primeira Liga (PT),Igor Matheus Liziero Pereira,Liziero,28347,1998-02-07,88.86,24,4,10251.29,115.36,1715.04,478.08,40.62,81.08,4.58,559.17,45.21,26.67,28.86,29.04,31.13,106.29,3.83,86.21,12.54,2.21,0.67,0.76,0.29,1.55,1.55,35.71,2.1,2.69
1265,Primeira Liga (PT),Morten Due Hjulmand,M. Hjulmand,28776,1999-06-25,95.41,26,1,10781.85,113.0,1530.62,514.69,46.92,125.88,7.08,640.58,54.0,27.84,30.32,29.67,32.1,116.12,3.96,95.46,13.81,2.77,0.62,0.69,0.92,1.41,1.67,32.77,1.8,2.71
1265,Primeira Liga (PT),Lucas Soares de Almeida,Lucas Soares,29173,1998-05-04,79.86,27,1,8898.89,111.43,1305.56,615.96,59.37,224.04,12.81,840.0,72.19,29.34,30.82,31.25,32.97,107.04,9.96,86.81,19.67,7.26,0.58,0.59,2.3,1.14,1.21,37.26,1.91,2.6
1265,Primeira Liga (PT),Jefferson Anilson Silva Encada,J. Encada,29175,1998-04-17,65.59,26,0,6790.04,103.52,857.35,346.0,36.38,156.35,8.19,502.35,44.58,30.53,33.56,31.76,34.37,76.0,6.23,64.38,12.54,4.42,0.57,0.57,1.42,1.13,1.27,25.04,1.95,2.76
1265,Primeira Liga (PT),Jóbson de Brito Gonzaga,Maracás,29194,1994-04-27,97.73,28,1,9350.5,95.67,1130.86,383.54,37.61,130.14,7.14,513.68,44.75,28.88,31.4,30.33,33.03,107.36,6.04,85.54,15.21,4.39,0.66,0.68,1.29,1.19,,22.57,1.93,2.67
1265,Primeira Liga (PT),João Diogo Alves Rodrigues,Kikas,29224,1998-09-17,76.97,17,0,8145.76,105.82,1081.88,479.76,50.82,172.0,10.29,651.76,61.12,29.75,31.46,31.42,33.03,88.65,7.88,66.29,19.53,5.41,0.63,0.74,1.53,1.28,1.59,36.94,1.88,2.63
1265,Primeira Liga (PT),Ânderson Miguel da Silva,Nenê,29234,1983-07-28,23.5,21,0,2402.86,102.24,308.33,121.62,11.48,30.0,1.71,151.62,13.19,26.55,29.84,27.2,30.53,27.57,1.86,20.9,4.48,0.86,0.75,0.8,0.43,1.54,1.69,6.29,2.23,
1265,Primeira Liga (PT),Rodrigo Zalazar Martínez,Rodrigo Zalazar,29708,1999-08-12,76.53,28,0,8289.43,108.32,1193.43,477.5,48.82,168.0,9.25,645.5,58.07,28.84,30.76,30.45,33.0,87.14,5.14,67.75,13.43,4.04,0.7,0.72,1.39,1.29,1.45,39.32,1.83,2.62
1265,Primeira Liga (PT),Christian Fernandes Marques,Christian Marques,29766,2003-01-15,96.38,30,1,9571.17,99.31,1187.6,373.13,33.4,82.83,4.77,455.97,38.17,27.71,29.62,29.23,31.47,110.53,5.03,86.93,11.8,2.7,0.64,0.7,0.7,1.56,1.7,24.93,1.98,2.67
1265,Primeira Liga (PT),Bright Akwo Arrey-Mbi,B. Arrey-Mbi,29796,2003-03-26,87.61,23,0,8718.0,99.51,1023.83,354.87,37.04,131.3,7.57,486.17,44.61,29.38,31.72,31.0,33.5,103.17,4.91,80.04,15.13,3.3,0.7,0.73,1.0,1.26,1.32,22.61,1.98,2.65
1265,Primeira Liga (PT),Alejandro Orellana Gómez,Jandro Orellana,29802,2000-08-07,72.97,19,0,8403.47,115.16,1328.84,365.58,31.21,46.0,2.79,411.58,34.0,25.89,27.24,27.73,29.2,87.37,3.0,76.0,10.68,1.32,0.66,0.66,0.11,,,31.47,1.91,2.75
1265,Primeira Liga (PT),Telmo Emanuel Gomes Arcanjo,Telmo Arcanjo,30263,2001-06-21,47.93,29,0,4836.69,100.91,632.59,251.34,25.31,94.45,4.66,345.79,29.97,29.02,32.02,30.19,33.23,50.55,2.86,42.0,7.03,1.72,0.7,0.72,0.83,1.26,1.26,17.14,2.1,2.75
1265,Primeira Liga (PT),Eduardo Filipe Quaresma Coimbra Simões,Eduardo Quaresma,30266,2002-03-02,81.95,16,0,8427.06,102.84,956.25,378.19,38.19,145.12,8.19,523.31,46.38,29.47,31.38,30.77,32.53,85.06,3.88,66.31,10.38,2.62,0.71,0.75,1.0,1.32,1.37,31.12,1.94,2.72
1265,Primeira Liga (PT),Fabiano Josué de Souza Silva,Fabiano,30270,2000-03-14,76.13,7,0,8245.29,108.31,1093.43,444.86,49.86,230.86,12.29,675.71,62.14,30.23,30.68,31.54,32.7,95.43,7.29,79.14,15.86,4.43,0.65,0.78,1.71,1.27,,29.71,2.02,3.07
1265,Primeira Liga (PT),Roberto de Jesus Machado,Bebeto,30276,1990-01-01,84.44,23,1,8960.3,106.11,1180.22,433.74,43.61,137.3,9.0,571.04,52.61,28.59,30.2,30.2,31.97,104.35,7.48,85.04,17.35,4.74,0.63,0.63,1.22,1.15,1.2,33.57,1.98,2.65
1265,Primeira Liga (PT),Joelson Augusto Mendes Mango Fernandes,Joelson Fernandes,30293,2003-02-28,47.32,24,0,4977.67,105.19,682.29,313.62,32.58,102.92,6.25,416.54,38.83,28.82,31.2,29.96,32.6,56.25,5.5,42.54,12.62,4.25,0.59,0.64,1.08,1.36,1.39,25.62,1.86,2.49
1265,Primeira Liga (PT),Sphepehlo S'Miso Sithole,Y. Sithole,30298,1999-03-03,65.61,25,1,7567.24,115.34,1416.32,458.08,39.84,101.12,5.48,559.2,45.32,27.79,29.56,29.62,31.43,99.76,5.28,83.04,14.0,3.24,0.59,0.69,0.32,1.32,1.57,33.92,1.94,2.74
1265,Primeira Liga (PT),Gonçalo Bernardino Inácio,Gonçalo Inácio,30300,2001-08-25,94.95,28,1,9668.61,101.83,1153.18,376.71,33.25,107.68,5.43,484.39,38.68,28.74,31.22,30.25,32.67,103.36,4.32,79.25,10.86,2.79,0.62,0.74,0.89,1.26,1.61,23.68,1.9,2.75
1265,Primeira Liga (PT),Bruno Alberto Langa,Bruno Langa,30324,1997-10-31,87.92,11,0,8795.73,100.04,1013.45,400.55,43.82,175.45,9.91,576.0,53.73,30.2,31.32,31.6,32.97,94.82,7.91,78.45,16.82,6.27,0.58,0.58,1.45,1.12,1.12,30.64,1.85,2.8
1265,Primeira Liga (PT),Marc Gual Huguet,Marc Gual,30877,1996-03-13,21.86,10,0,2537.2,116.04,377.1,192.9,18.7,70.1,3.9,263.0,22.6,28.46,29.72,29.11,31.4,30.7,2.4,23.9,5.3,1.7,0.7,0.77,0.3,,,16.0,2.09,3.07
1265,Primeira Liga (PT),Héctor José Hernández Marrero,Héctor Hernández,30920,1995-09-14,44.57,9,0,5512.11,123.67,956.89,454.89,36.33,92.11,6.33,547.0,42.67,27.4,28.22,28.73,30.33,56.56,4.22,49.11,6.89,3.11,0.72,0.8,0.56,1.66,,28.33,2.05,2.86
1265,Primeira Liga (PT),Iván Martínez Gonzálvez,Iván Barbero,30935,1998-08-17,67.71,30,1,7623.63,112.6,1113.43,472.47,47.1,149.33,8.97,621.8,56.07,28.87,30.48,30.51,32.57,90.27,6.6,69.7,15.53,4.73,0.61,0.7,1.5,1.16,1.38,36.37,1.91,2.59
1265,Primeira Liga (PT),Rémy Vita,R. Vita,30953,2001-04-01,62.4,4,0,6499.25,104.15,857.25,366.75,37.25,129.5,8.0,496.25,45.25,28.07,28.07,29.3,29.77,72.0,5.5,58.0,14.5,4.5,0.8,,1.0,,,23.75,2.19,3.31
1265,Primeira Liga (PT),Adriano Firmino dos Santos da Silva,Adriano Firmino,31598,1999-11-04,87.72,18,0,9953.89,113.47,1503.72,370.44,33.39,70.11,3.5,440.56,36.89,26.89,29.96,29.07,32.17,114.56,3.5,99.5,11.39,1.67,0.67,0.71,0.17,1.7,,33.72,2.02,2.69
1265,Primeira Liga (PT),Eduardo Gabriel Aquino Cossa,Pepê,31658,1997-02-24,78.69,29,1,8913.52,113.27,1321.14,602.03,58.45,241.0,12.48,843.03,70.93,30.16,32.78,31.86,34.87,98.21,7.97,79.52,15.72,6.28,0.61,0.67,2.41,1.11,1.2,45.24,1.84,2.62
1265,Primeira Liga (PT),Welinton Macedo dos Santos,Welinton Torrão,31813,1999-06-30,41.07,17,1,4659.0,113.44,650.12,324.76,36.35,190.35,9.94,515.12,46.29,31.14,33.24,31.91,34.9,51.47,6.0,39.88,12.12,5.18,0.62,0.63,2.47,1.21,1.22,22.82,1.99,2.58
1265,Primeira Liga (PT),Ulisses Wilson Jeronymo Rocha,Ulisses,31815,1999-09-28,59.13,4,1,6180.5,104.53,824.0,257.0,24.25,64.25,3.75,321.25,28.0,27.1,27.1,28.38,29.27,65.75,3.25,55.5,8.25,1.5,1.02,,0.25,,,23.0,2.32,2.88
1265,Primeira Liga (PT),Miguel Baeza Pérez,Miguel Baeza,31932,2000-03-27,56.44,11,3,6816.45,120.78,1245.36,453.27,37.82,105.36,6.0,558.64,43.82,27.72,28.98,29.78,31.4,73.36,3.36,59.45,10.82,2.45,0.76,0.81,0.55,1.57,,28.0,2.07,2.58
1265,Primeira Liga (PT),Gabriel Veiga Novas,Gabri Veiga,31934,2002-05-27,57.28,30,1,6742.27,117.71,982.17,449.37,44.67,177.03,9.9,626.4,54.57,29.3,32.24,31.05,33.13,68.03,4.13,54.37,12.13,3.4,0.64,0.67,1.27,1.26,1.29,32.83,1.85,2.53
1265,Primeira Liga (PT),Cedric Wilfred Teguia,Cedric Teguia,31971,2001-10-01,45.48,21,0,4915.71,108.08,705.71,283.48,26.9,81.52,4.24,365.0,31.14,27.87,29.62,29.1,31.13,51.14,3.95,43.24,8.95,2.38,0.56,0.64,0.43,1.65,1.78,18.95,1.94,2.69
1265,Primeira Liga (PT),Kévin Boma,K. Boma,32102,2002-11-20,89.88,21,0,9006.24,100.21,1046.05,396.43,40.48,148.67,8.81,545.1,49.29,30.05,32.12,31.85,33.77,103.81,6.33,80.9,13.52,4.48,0.64,0.66,2.19,1.17,1.34,27.62,1.92,2.73
1265,Primeira Liga (PT),Georgiy Sudakov,H. Sudakov,32468,2002-09-01,68.75,21,1,8152.14,118.57,1310.9,411.33,37.0,82.33,5.67,493.67,42.67,26.89,28.32,28.75,30.83,87.9,3.9,69.0,13.29,2.29,0.64,0.67,0.48,1.42,1.65,45.24,1.97,2.64
1265,Primeira Liga (PT),Justin de Haas,J. de Haas,32509,2000-02-01,99.91,30,1,10414.73,104.24,1365.6,441.83,39.73,131.1,6.77,572.93,46.5,28.6,31.36,30.34,33.2,115.0,5.63,88.8,11.87,2.4,0.68,0.76,0.67,1.38,1.49,28.33,1.86,2.8
1265,Primeira Liga (PT),Patrick de Paula Carreiro,Patrick de Paula,32834,1999-09-08,50.65,9,0,5382.33,106.27,684.67,214.33,20.11,54.0,2.89,268.33,23.0,27.84,29.16,28.77,30.77,58.78,2.33,47.44,6.33,1.44,0.76,0.98,0.33,1.79,,15.44,2.15,2.89
1265,Primeira Liga (PT),Gabriel Silva Vieira,Gabriel Silva,32837,2002-03-22,82.88,28,1,8450.64,101.96,981.54,484.21,58.43,314.71,16.0,798.93,74.43,31.71,33.38,33.0,34.5,90.36,8.71,70.0,19.25,7.36,0.58,0.61,3.29,1.05,1.15,32.71,1.88,2.62
1265,Primeira Liga (PT),Roni Medeiros De Moura,Roni,32890,1999-04-15,88.59,15,1,10987.67,124.03,2054.93,590.53,49.6,95.07,6.27,685.6,55.87,26.86,27.98,29.01,30.07,123.27,4.6,101.8,15.73,3.27,0.6,0.75,0.4,1.37,,40.33,1.9,2.78
1265,Primeira Liga (PT),David Sousa Albino,David Sousa,32896,2001-07-04,96.84,25,1,9680.68,99.97,1259.92,417.28,40.32,116.6,6.84,533.88,47.16,29.04,31.36,30.75,33.4,116.92,5.92,91.4,15.44,3.2,0.63,0.67,0.92,1.25,1.55,28.0,1.95,2.74
1265,Primeira Liga (PT),Weverson Moreira da Costa,Weverson,32906,2000-07-05,31.17,1,0,3176.0,101.9,405.0,148.0,21.0,124.0,6.0,272.0,27.0,29.8,29.8,30.2,,41.0,2.0,29.0,7.0,1.0,,,1.0,,,8.0,,
1265,Primeira Liga (PT),Paulo Henrique Pereira da Silva,Paulinho Bóia,32918,1998-06-26,92.51,29,4,9195.79,99.4,1153.97,570.14,65.07,296.72,15.52,866.86,80.59,31.26,33.2,32.87,35.33,97.03,11.38,79.21,20.48,8.97,0.55,0.57,3.9,1.08,1.19,44.45,1.89,2.59
1265,Primeira Liga (PT),Leonardo Javier Realpe Montaño,L. Realpe,32928,2001-02-26,82.0,23,1,8072.04,98.44,940.48,320.13,30.0,102.04,5.7,422.17,35.7,27.95,30.44,29.31,32.07,81.65,4.61,63.39,9.61,2.87,0.56,0.64,0.43,1.4,1.68,20.91,2.05,2.86
1265,Primeira Liga (PT),Richard Ríos Montoya,R. Ríos,32979,2000-06-02,92.64,26,1,10353.65,111.76,1657.73,609.85,58.35,185.42,11.08,795.27,69.42,28.41,30.16,30.45,32.23,106.81,5.96,93.23,14.65,3.88,0.61,0.66,1.12,1.22,1.26,50.81,1.92,2.59
1265,Primeira Liga (PT),Pedro Miguel Dinis Ferreira,Pedro Ferreira,33028,1998-01-05,70.75,29,2,8418.45,118.98,1360.59,502.62,47.55,140.93,8.45,643.55,56.0,28.57,30.64,30.49,32.9,94.59,4.0,75.83,15.24,2.41,0.59,0.63,0.83,1.26,1.35,37.38,1.79,2.53
1265,Primeira Liga (PT),Simon Elisor,S. Elisor,33154,1999-07-22,65.57,32,1,7274.53,110.95,966.34,454.59,45.09,145.81,8.78,600.41,53.88,28.6,31.32,30.03,33.23,79.28,6.0,62.84,10.78,4.38,0.65,0.71,1.19,1.38,1.5,30.06,1.95,2.56
1265,Primeira Liga (PT),Lenny Vallier,L. Vallier,33173,1999-04-24,62.34,12,2,6576.42,105.49,930.0,422.42,39.92,149.0,8.5,571.42,48.42,28.73,30.02,30.06,32.3,73.33,5.58,58.33,11.5,3.92,0.65,0.65,1.17,1.35,1.35,24.17,2.01,2.48
1265,Primeira Liga (PT),Francisco Sampaio Moura,Francisco Moura,33624,1999-08-16,68.48,21,0,7961.81,116.26,1135.62,590.95,57.33,279.24,14.29,870.19,71.62,30.23,32.56,31.7,34.1,91.33,6.43,71.81,18.24,5.29,0.59,0.6,2.29,1.1,1.25,35.1,1.95,2.58
1265,Primeira Liga (PT),Cristian David Castro Devenish,C. Devenish,33626,2001-01-25,91.28,25,1,8454.12,92.62,873.04,325.36,34.0,126.84,6.88,452.2,40.88,30.05,32.8,31.42,34.2,91.72,5.92,74.2,13.64,4.12,0.61,0.63,1.44,1.14,1.46,17.0,2.01,3.02
1265,Primeira Liga (PT),Sebastián Pérez Cardona,S. Pérez,33629,1993-03-29,64.45,26,1,7439.0,115.43,1209.81,383.31,32.5,68.46,4.58,451.77,37.08,26.75,27.74,28.18,29.43,83.92,2.35,71.08,7.81,1.08,0.81,0.81,0.31,1.83,1.87,30.85,1.97,2.86
1265,Primeira Liga (PT),Daniel Santos Bragança,Daniel Bragança,33655,1999-05-27,41.9,14,0,4964.36,118.48,800.07,290.29,23.57,66.43,3.21,356.71,26.79,27.54,29.58,28.76,31.43,49.43,1.64,42.5,5.93,1.29,0.77,0.85,0.36,2.39,,22.43,1.83,2.62
1265,Primeira Liga (PT),Witiness Chimoio João Quembo,Witi,33658,1996-08-26,42.76,23,3,4759.0,111.29,730.52,370.57,33.35,112.61,6.43,483.17,39.78,28.73,30.94,29.93,31.93,50.65,4.83,39.7,9.61,3.43,0.62,0.64,1.17,1.3,1.35,28.43,2.0,2.51
1265,Primeira Liga (PT),Tiago Fontoura Fonseca Morais,Tiago Morais,33674,2003-09-03,40.74,18,1,4621.78,113.44,695.83,264.61,24.17,73.39,4.22,338.0,28.39,27.69,29.92,28.95,31.5,47.33,3.0,37.67,6.33,1.94,0.71,0.75,0.56,1.5,1.5,20.78,2.0,2.96
1265,Primeira Liga (PT),Yahya Kalley,Y. Kalley,33885,2001-03-20,19.09,3,0,1980.67,103.76,230.33,111.67,11.67,47.67,1.67,159.33,13.33,29.27,29.27,29.9,29.9,25.0,2.0,18.67,4.0,2.0,0.68,0.76,1.67,1.37,,8.67,2.6,
1265,Primeira Liga (PT),Muhammed Kerem Aktürkoğlu,K. Aktürkoğlu,33926,1998-10-21,29.2,1,0,3202.0,109.66,477.0,266.0,25.0,182.0,7.0,448.0,32.0,30.7,30.7,31.3,,32.0,2.0,26.0,5.0,1.0,,,0.0,,,13.0,,
1265,Primeira Liga (PT),Jordi Escobar Fernández,J. Escobar,34113,2002-02-10,35.68,5,0,4238.6,118.78,659.8,269.6,23.2,50.2,2.8,319.8,26.0,26.9,26.9,27.86,28.57,41.0,2.8,32.8,7.0,1.4,,,0.0,,,17.4,2.15,3.04
1265,Primeira Liga (PT),José Carlos Teixeira Lopes Reis Gonçalves,Zé Carlos,34125,1998-07-31,83.43,32,0,8862.97,106.23,1216.16,556.53,55.72,219.94,12.09,776.47,67.81,29.49,30.98,31.0,32.8,102.47,7.19,81.19,20.38,5.38,0.59,0.6,1.56,1.21,1.53,34.88,1.89,2.6
1265,Primeira Liga (PT),Francisco José Navarro Aliaga,Fran Navarro,34144,1998-02-03,48.57,28,1,5728.46,117.95,1012.0,455.29,40.57,103.39,6.89,558.68,47.46,27.72,30.02,29.14,31.4,66.61,5.29,53.82,13.79,3.21,0.68,0.75,0.68,1.53,1.62,33.07,1.79,2.66
1265,Primeira Liga (PT),Rodrigo Abascal Barros,R. Abascal,34299,1994-01-14,93.96,27,0,9438.22,100.45,1150.33,333.56,29.11,94.63,4.7,428.19,33.81,28.04,30.28,29.76,31.83,93.59,3.7,71.85,8.3,2.04,0.63,0.81,0.52,1.4,,21.07,2.04,2.86
1265,Primeira Liga (PT),Óscar Aranda Subiela,Óscar Aranda,34573,2002-04-29,24.8,1,0,2556.0,103.06,334.0,145.0,15.0,23.0,1.0,168.0,16.0,26.8,26.8,27.2,,24.0,0.0,14.0,2.0,0.0,,,0.0,,,7.0,,
1265,Primeira Liga (PT),Diogo Pinheiro Monteiro,Diogo Monteiro,35435,2005-01-28,48.88,7,1,5322.71,108.89,698.86,276.0,28.0,97.43,5.71,373.43,33.71,27.2,28.6,28.24,30.17,56.43,3.57,47.0,11.0,2.14,0.67,,0.43,,,21.29,2.34,2.95
1265,Primeira Liga (PT),Jordan Holsgrove,J. Holsgrove,35621,1999-09-10,93.07,33,0,11327.76,121.71,1897.12,498.39,41.79,83.58,4.85,581.97,46.64,26.54,28.48,28.87,31.93,118.58,3.58,101.18,11.06,2.18,0.69,0.7,0.45,1.38,1.92,43.88,1.91,2.51
1265,Primeira Liga (PT),Luís André Leite Esteves,Luís Esteves,35639,1998-04-09,90.5,33,0,10888.97,120.32,2045.36,709.45,60.48,140.67,8.67,850.12,69.15,27.37,29.12,29.58,31.23,125.12,5.73,103.27,14.79,3.61,0.6,0.6,0.82,1.32,1.38,53.48,1.82,2.55
1265,Primeira Liga (PT),João Pedro Eira Antunes da Silva,João Silva,35875,1999-01-14,93.22,12,0,9291.67,99.68,1183.83,406.33,39.5,134.67,7.67,541.0,47.17,28.7,30.28,30.34,32.03,105.67,5.5,84.08,12.42,3.92,0.67,0.67,1.08,1.52,1.62,28.33,1.99,2.72
1265,Primeira Liga (PT),Tiago Maria Antunes Gouveia,Tiago Gouveia,35948,2001-06-18,5.67,1,0,661.0,116.65,139.0,50.0,4.0,21.0,2.0,71.0,6.0,27.4,27.4,27.8,,9.0,0.0,7.0,1.0,0.0,,,0.0,,,2.0,,
1265,Primeira Liga (PT),Henrique  Pereira Araújo,Henrique Araújo,35949,2002-01-19,8.99,5,0,1116.6,124.2,187.8,85.2,6.8,18.8,1.6,104.0,8.4,26.38,26.38,26.92,28.23,13.2,0.6,11.4,2.8,0.6,,,0.0,,,7.6,2.45,
1265,Primeira Liga (PT),Rafael Alexandre Sousa Gancho Brito,Rafael Brito,35955,2002-01-19,67.22,23,2,7862.52,116.98,1453.83,440.09,35.52,73.48,4.17,513.57,39.7,26.6,27.88,28.46,29.87,92.09,2.74,75.39,8.3,1.48,0.62,0.7,0.26,1.39,,34.43,2.01,2.7
1265,Primeira Liga (PT),Tomás Lemos Araújo,Tomás Araújo,35960,2002-05-16,84.66,22,1,8430.55,99.58,993.18,373.55,34.64,107.41,6.23,480.95,40.86,28.65,31.34,30.26,33.43,87.45,5.09,71.86,11.77,3.32,0.64,0.68,0.82,1.27,1.27,24.36,2.14,2.75
1265,Primeira Liga (PT),Christian Neiva Afonso,Kiki,35984,1994-12-10,61.31,25,2,6686.84,109.06,918.84,368.32,34.28,123.84,6.48,492.16,40.76,28.64,31.5,29.75,32.67,71.68,4.52,57.96,11.68,2.76,0.57,0.65,0.6,1.31,1.45,18.92,2.02,2.66
1265,Primeira Liga (PT),Fábio Samuel Amorim da Silva,Samu,35985,1996-04-21,76.02,29,0,9201.97,121.05,1634.14,659.66,54.69,135.52,7.97,795.17,62.66,27.38,29.26,29.28,31.17,96.28,4.52,78.34,13.86,2.97,0.65,0.68,0.52,1.39,1.51,41.03,1.93,2.62
1265,Primeira Liga (PT),Francisco Miguel Ribeiro Tomé Tavares Bondoso,Kiko Bondoso,35996,1995-11-17,68.82,30,1,7246.97,105.31,956.57,375.7,39.7,129.1,6.9,504.8,46.6,28.53,30.88,29.73,31.8,77.77,6.73,61.27,13.77,4.4,0.58,0.63,1.1,1.27,1.5,35.2,1.82,2.56
1265,Primeira Liga (PT),Alan Gonzalo Varela,A. Varela,36637,2001-07-04,84.74,29,1,9835.72,116.07,1676.34,538.38,46.28,120.38,6.79,658.76,53.07,27.71,30.02,29.49,31.63,105.24,3.76,89.97,13.07,2.59,0.64,0.64,0.72,1.38,1.56,42.83,1.88,2.69
1265,Primeira Liga (PT),Facundo Agustín Cáseres,F. Cáseres,36834,2001-05-28,81.95,29,0,10052.24,122.66,2055.34,494.97,39.55,48.52,3.34,543.48,42.9,25.37,27.46,27.61,30.43,117.76,3.34,97.17,11.66,1.34,0.72,0.78,0.17,2.07,,37.66,1.8,2.67
1265,Primeira Liga (PT),Dario Špikić,D. Špikić,36926,1999-03-22,62.69,29,1,7324.34,116.83,1054.93,475.14,47.28,195.28,10.07,670.41,57.34,29.7,31.38,31.11,32.6,79.07,5.1,62.76,15.38,3.48,0.7,0.72,1.0,1.34,1.42,36.03,1.89,2.64
1265,Primeira Liga (PT),Issiar Dramé,I. Dramé,37712,1999-02-16,7.98,1,0,865.0,108.35,126.0,68.0,5.0,5.0,1.0,73.0,6.0,26.0,26.0,26.4,,12.0,1.0,9.0,1.0,0.0,,,0.0,,,6.0,,
1265,Primeira Liga (PT),Pablo Felipe Pereira de Jesus,Pablo Felipe,37805,2004-01-02,78.17,13,0,8704.69,111.36,1332.77,592.38,58.46,230.08,12.31,822.46,70.77,28.76,29.82,30.43,31.83,96.15,7.31,76.62,15.31,5.31,0.65,0.66,1.54,1.39,1.57,47.15,1.88,2.45
1265,Primeira Liga (PT),Max Svensson Río,Max Svensson,37829,2001-11-08,35.47,6,0,3961.83,111.7,620.5,299.5,28.17,109.33,6.33,408.83,34.5,29.12,29.56,29.82,31.47,45.67,3.67,36.67,6.17,3.0,0.78,0.81,1.33,1.76,1.77,20.17,1.91,2.93
1265,Primeira Liga (PT),Andreas Rædergård Schjelderup,A. Schjelderup,37953,2004-06-01,68.15,27,1,7495.26,109.98,1122.0,486.52,48.26,180.33,9.15,666.85,57.41,29.27,31.58,30.85,32.7,81.56,5.22,66.37,12.48,3.56,0.68,0.71,1.26,1.41,1.55,41.37,1.87,2.61
1265,Primeira Liga (PT),Luan Patrick Wiedthauper,Luan Patrick,38127,2002-01-20,96.19,31,0,9581.84,99.61,1183.77,363.61,33.97,97.71,6.03,461.32,40.0,28.79,31.86,30.3,33.4,102.26,5.97,82.48,13.55,3.58,0.65,0.74,0.94,1.29,1.47,27.0,2.03,2.66
1265,Primeira Liga (PT),Alfonso Trezza Hernández,A. Trezza,38128,1999-06-22,79.1,31,1,8833.45,111.68,1206.45,586.52,60.35,257.19,13.65,843.71,74.0,30.65,32.96,32.14,34.13,94.19,6.61,75.06,17.19,5.35,0.64,0.68,2.19,1.26,1.39,35.29,2.02,2.63
1265,Primeira Liga (PT),Diego Ariel Duarte Garcete,D. Duarte,38415,2002-04-08,54.15,25,2,6109.88,112.84,893.04,394.76,36.88,148.72,7.72,543.48,44.6,29.47,31.58,30.61,32.83,65.56,5.0,52.32,12.84,3.4,0.64,0.64,0.76,1.27,1.33,27.92,1.87,2.69
1265,Primeira Liga (PT),Tiago Galletto López,T. Galletto,38984,2002-05-11,42.11,15,1,5036.07,119.6,860.73,268.4,22.2,56.6,3.33,325.0,25.53,26.89,28.14,28.22,30.1,49.2,2.2,41.27,5.53,1.2,0.8,0.9,0.2,,,18.87,1.99,2.74
1265,Primeira Liga (PT),Jesús Andrés Ramírez Díaz,J. Ramírez,38998,1998-05-04,95.94,29,4,9966.41,103.88,1197.86,564.34,56.79,229.93,11.52,794.28,68.31,30.07,32.06,31.73,33.4,101.0,8.62,81.1,16.86,6.41,0.56,0.6,1.76,1.07,1.16,45.9,1.74,2.75
1265,Primeira Liga (PT),Nile Omari Mckenzie John,Nile John,40367,2003-03-06,56.41,13,1,6649.38,117.87,1197.92,345.23,30.15,55.08,3.46,400.31,33.62,27.18,28.64,28.74,30.3,73.31,3.23,60.23,11.85,1.62,0.73,0.79,0.38,1.6,,29.0,1.98,2.73
1265,Primeira Liga (PT),Alejandro Josè Marqués Méndez,Alejandro Marqués,40591,2000-08-04,49.33,26,0,5299.81,107.43,791.92,356.85,34.58,114.0,6.12,470.85,40.69,28.47,30.76,29.73,32.4,64.42,5.77,50.69,12.04,4.0,0.64,0.76,0.88,1.38,1.64,26.04,1.93,2.6
1265,Primeira Liga (PT),Enzo Alan Tomás Barrenechea,E. Barrenechea,41244,2001-05-22,78.75,24,2,9213.42,116.99,1622.96,461.0,37.46,82.33,4.46,543.33,41.92,26.39,28.52,28.15,30.7,102.29,3.17,85.75,11.04,1.38,0.73,0.73,0.25,1.5,,38.42,1.86,2.69
1265,Primeira Liga (PT),Xander Severina,X. Severina,42185,2001-04-12,25.85,5,0,2863.0,110.75,471.8,197.6,18.8,56.6,3.4,254.2,22.2,29.36,29.36,30.08,31.17,36.0,2.8,27.8,5.6,1.8,0.82,0.86,0.6,,,17.2,2.15,2.85
1265,Primeira Liga (PT),Santiago García González ,Santi García,42452,2001-08-29,87.55,33,0,10271.73,117.32,1771.03,675.39,55.67,134.97,7.88,810.36,63.55,27.17,28.64,29.25,31.17,111.24,5.88,94.24,13.24,3.97,0.6,0.68,0.7,1.61,1.69,47.91,1.82,2.7
1265,Primeira Liga (PT),Ángel Algobia Esteves,Á. Algobia,42457,1999-06-23,55.19,20,1,6903.8,125.1,1258.85,362.5,30.65,64.45,3.8,426.95,34.45,26.66,28.68,28.21,31.33,68.75,2.6,55.55,7.9,1.6,0.6,0.64,0.45,1.84,1.84,32.05,1.88,2.63
1265,Primeira Liga (PT),Marvin Elimbi,M. Elimbi,42593,2003-02-20,96.21,28,0,9535.57,99.11,1250.36,455.96,40.82,118.89,6.75,574.86,47.57,28.49,30.66,30.23,32.8,109.21,7.71,84.11,13.71,5.14,0.59,0.67,1.43,1.19,1.31,30.79,1.79,2.62
1265,Primeira Liga (PT),Ismael Gharbi ,Ismael Gharbi,42650,2004-04-10,68.88,1,0,8130.0,118.03,1205.0,584.0,60.0,147.0,12.0,731.0,72.0,28.7,28.7,30.0,,79.0,10.0,65.0,20.0,9.0,,,4.0,,,46.0,,
1265,Primeira Liga (PT),Nikolaos Athanasiou,N. Athanasiou,42749,2001-03-16,83.7,17,0,8955.12,106.99,1248.71,466.59,46.88,182.06,9.29,648.65,56.18,29.46,30.86,30.92,32.3,97.12,6.76,78.71,16.18,4.41,0.59,0.68,1.71,1.11,1.17,31.88,2.19,2.65
1265,Primeira Liga (PT),Nabil Zoubdi Touaizi,Nabil Touaizi,42980,2001-02-01,95.04,33,0,10545.03,110.95,1545.24,720.45,69.58,324.67,16.24,1045.12,85.82,30.31,32.74,32.08,34.27,115.39,10.09,93.97,21.79,7.97,0.55,0.57,3.09,1.15,1.22,39.61,1.76,2.58
1265,Primeira Liga (PT),Adrian Leon Barišić,A. Barišić,43052,2001-07-19,80.61,6,0,9065.83,112.46,1317.33,446.33,34.5,74.67,5.0,521.0,39.5,27.02,27.36,28.65,29.77,96.17,3.33,73.33,9.5,1.33,0.88,,1.17,1.67,,30.33,2.0,2.94
1265,Primeira Liga (PT),Zeno Debast,Z. Debast,43304,2003-10-24,78.51,17,0,8092.47,103.08,902.24,316.41,28.47,88.29,5.35,404.71,33.82,28.55,30.96,29.92,32.93,78.71,3.76,62.0,8.47,2.18,0.7,0.8,0.82,1.44,1.84,21.53,2.02,2.82
1265,Primeira Liga (PT),Gian Franco Cabezas Rodríguez,G. Cabezas,43668,2003-01-01,15.14,4,1,1743.5,115.18,314.0,121.25,7.75,33.5,1.5,154.75,9.25,26.82,26.82,27.77,28.07,21.25,0.75,14.5,2.75,0.5,,,0.25,,,9.75,2.63,2.94
1265,Primeira Liga (PT),Elias Manoel Alves de Paula,Elias Manoel,43883,2001-11-30,26.19,15,0,2627.2,100.32,348.67,148.2,16.47,60.8,3.53,209.0,20.0,28.65,30.24,29.53,31.9,29.0,3.07,23.47,4.73,1.73,0.65,0.67,0.47,1.4,,12.13,2.07,
1265,Primeira Liga (PT),Leonardo Rodrigues dos Santos,Léo Santos,46857,1998-12-09,98.03,28,3,10279.39,104.85,1358.89,535.36,52.86,202.68,12.0,738.04,64.86,30.05,32.08,31.78,33.67,112.0,8.07,88.0,14.82,6.0,0.6,0.6,2.46,1.12,1.21,38.39,2.01,2.57
1265,Primeira Liga (PT),Gustavo Garcia dos Santos,Garcia,47752,2002-01-04,59.05,11,1,6349.82,107.52,815.91,335.91,32.82,99.55,5.73,435.45,38.55,26.67,29.12,27.96,30.9,70.09,5.27,58.64,12.55,2.82,0.67,0.67,0.27,1.89,,21.91,2.21,2.59
1265,Primeira Liga (PT),Leonardo Daniel Rivas Conge,L. Rivas,49095,2001-12-06,65.7,25,1,7032.96,107.05,938.04,339.2,33.44,103.2,5.68,442.4,39.12,28.96,30.7,30.24,32.23,79.92,5.48,65.32,12.2,3.64,0.58,0.62,1.2,1.17,1.33,24.48,2.02,2.55
1265,Primeira Liga (PT),Michel Augusto Modesto Rafael dos Santos,Michel,53128,2003-05-20,80.29,4,0,7827.75,97.5,829.25,240.25,26.0,61.0,4.0,301.25,30.0,27.65,27.65,28.85,29.4,89.75,3.5,72.75,9.5,2.75,0.72,,0.75,,,20.5,2.56,3.1
1265,Primeira Liga (PT),Marcos Vinicios Lopes Moura,Sorriso,53219,2001-02-23,91.13,32,1,10676.53,117.16,1795.38,783.91,70.25,240.22,13.41,1024.12,83.66,28.75,31.1,30.61,33.83,114.31,8.34,91.84,20.16,5.84,0.6,0.62,1.47,1.21,1.31,57.81,1.91,2.63
1265,Primeira Liga (PT),Ángel Alarcón Galiot,Ángel Alarcón,54942,2004-05-15,23.23,3,0,2640.0,113.63,424.33,177.33,18.67,34.0,3.0,211.33,21.67,27.67,27.67,28.77,28.77,28.67,1.67,22.67,5.33,1.0,,,0.33,,,14.0,,2.97
1265,Primeira Liga (PT),Joel Jorquera Romero,Joel Jorquera,54990,2000-08-19,12.97,4,0,1616.75,124.65,307.0,141.75,12.5,30.25,2.0,172.0,14.5,28.12,28.12,28.82,29.27,22.0,2.5,18.25,3.25,0.75,,,0.0,,,11.5,2.28,
1265,Primeira Liga (PT),Paulo Victor de Almeida Barbosa,P. Victor,56498,2001-04-13,69.14,21,0,7405.05,107.1,1043.62,413.95,41.9,133.95,8.14,547.9,50.05,28.32,30.5,29.94,32.03,96.71,6.67,78.05,17.05,4.57,0.62,0.69,1.43,1.38,1.59,25.29,1.94,2.56
1265,Primeira Liga (PT),José Vitor Lima Cardoso,Zé Vitor,57756,2001-02-09,99.22,26,4,9921.69,100.0,1185.54,441.81,42.65,162.85,8.85,604.65,51.5,29.32,30.94,30.91,32.5,108.65,6.92,86.04,13.46,4.81,0.64,0.71,1.73,1.31,1.49,27.12,1.97,2.65
1265,Primeira Liga (PT),Iyad Mohamed,Iyad Mohamed,59973,2001-03-05,52.1,20,2,5997.4,115.12,980.95,304.5,27.25,77.15,4.05,381.65,31.3,27.23,28.88,28.68,31.07,70.3,3.15,55.7,8.8,1.85,0.57,0.57,0.4,1.16,1.43,23.6,1.89,2.66
1265,Primeira Liga (PT),Felix Bacher,F. Bacher,60108,2000-10-25,98.46,34,0,10112.15,102.7,1182.29,447.62,46.38,172.56,9.53,620.18,55.91,30.2,32.58,31.78,34.07,117.03,6.03,91.59,13.21,4.35,0.62,0.62,1.32,1.21,1.21,31.5,1.81,2.64
1265,Primeira Liga (PT),Ole Pohlmann,O. Pohlmann,60508,2001-04-05,60.49,30,1,7451.47,123.19,1259.33,400.27,35.23,89.63,5.83,489.9,41.07,27.75,29.92,29.61,31.67,70.0,2.5,59.97,8.87,1.67,0.62,0.62,0.43,1.41,2.05,27.7,1.96,2.72
1265,Primeira Liga (PT),Boris Popović,B. Popović,60571,2000-02-26,73.86,16,1,7546.88,102.17,946.19,283.25,27.69,64.88,4.19,348.12,31.88,27.39,29.14,28.89,31.33,85.75,3.56,69.81,9.12,2.06,0.72,0.77,0.56,1.36,1.5,18.0,2.01,3.05
1265,Primeira Liga (PT),Gonçalo Lago Pontes Esteves,Gonçalo Esteves,61212,2004-02-27,46.02,4,1,4914.75,106.79,721.0,251.0,24.75,104.25,5.5,355.25,30.25,28.07,28.07,28.93,29.7,52.25,3.5,43.75,6.75,1.0,,,0.25,,,15.75,,
1265,Primeira Liga (PT),Francisco Jorge Tavares Oliveira,Chiquinho,61335,2000-02-05,78.33,20,0,7962.85,101.65,915.2,430.85,49.2,238.7,12.05,669.55,61.25,31.4,33.34,32.41,34.5,86.65,7.9,68.9,15.95,6.1,0.56,0.64,2.45,1.24,1.34,34.85,1.9,2.57
1265,Primeira Liga (PT),Roger  Fernandes,Roger,61581,2005-11-21,87.97,4,0,10468.75,119.0,1664.5,726.75,74.25,242.5,13.5,969.25,87.75,30.6,30.6,32.67,33.33,111.25,11.75,86.25,27.0,9.25,0.6,0.6,2.0,1.41,,69.25,2.01,2.58
1265,Primeira Liga (PT),Tomás Romano Pereira dos Santos Händel,Tomás Händel,61681,2000-11-27,102.33,3,0,11388.33,111.29,1993.67,680.33,57.33,104.67,7.67,785.0,65.0,26.6,26.6,29.67,29.67,138.0,4.67,117.0,15.33,2.0,0.83,,0.33,,,48.33,2.32,
1265,Primeira Liga (PT),Rodrigo Fernandes da Conceição,Rodrigo Conceição,62124,2000-01-02,79.39,20,0,8908.4,112.22,1335.0,570.25,56.2,204.15,12.6,774.4,68.8,29.46,30.96,30.98,32.67,99.3,8.5,80.15,19.2,5.95,0.58,0.6,1.95,1.24,1.24,47.05,2.0,2.54
1265,Primeira Liga (PT),Gabriel  Martínez Aguilera,Gabri Martínez,62147,2003-01-22,52.32,28,0,6188.64,118.29,970.93,472.07,47.36,215.21,11.11,687.29,58.46,30.88,33.42,32.15,34.33,72.25,5.54,58.43,13.93,4.57,0.58,0.61,2.18,1.15,1.16,31.18,1.82,2.54
1265,Primeira Liga (PT),Miguel Puche García,Miguel Puche,62355,2001-04-30,34.82,26,1,4162.12,119.55,709.19,320.42,28.15,93.54,5.04,413.96,33.19,28.94,30.88,29.81,31.83,46.69,2.85,37.65,7.54,2.0,0.74,0.87,0.54,1.49,,18.88,1.86,2.66
1265,Primeira Liga (PT),Gustaf Lagerbielke,G. Lagerbielke,63077,2000-04-10,93.83,27,1,10049.07,107.1,1448.33,439.59,38.56,107.3,6.7,546.89,45.26,27.9,30.14,29.64,31.5,119.7,4.48,93.59,12.15,2.56,0.68,0.81,0.7,1.4,,29.89,1.92,2.75
1265,Primeira Liga (PT),Jean-Baptiste Gorby,J. Gorby,63449,2002-07-25,69.47,27,1,8920.96,128.42,1680.15,537.93,45.33,100.37,6.11,638.3,51.44,27.49,29.74,29.66,32.6,96.63,3.41,79.48,11.52,1.96,0.54,0.63,0.41,1.31,1.37,44.81,1.82,2.51
1265,Primeira Liga (PT),Marko Milovanović,M. Milovanović,64191,2003-08-04,54.5,31,0,6233.45,114.38,868.45,419.32,42.35,174.16,9.42,593.48,51.77,29.48,32.08,30.65,33.3,63.1,4.77,54.87,6.94,3.39,0.59,0.62,1.16,1.31,1.49,30.13,1.87,3.11
1265,Primeira Liga (PT),Jakub Kiwior,J. Kiwior,64677,2000-02-15,93.98,26,0,10160.35,108.11,1335.77,418.0,38.5,126.04,6.42,544.04,44.92,29.08,31.8,30.68,33.53,106.92,5.04,84.38,11.77,3.12,0.63,0.75,0.85,1.22,1.52,28.12,1.89,2.8
1265,Primeira Liga (PT),Alioune Ndoye,A. Ndoye,67659,2001-10-05,46.49,24,0,4777.33,102.75,594.88,270.79,29.12,103.5,6.12,374.29,35.25,29.06,30.98,30.18,32.47,54.17,5.96,43.75,9.96,4.5,0.63,0.65,1.5,1.2,1.3,23.88,1.91,2.9
1265,Primeira Liga (PT),Geny Cipriano Catamo,Geny Catamo,67818,2001-01-26,71.85,28,1,7913.21,110.14,1199.36,546.75,51.64,176.04,10.14,722.79,61.79,28.91,31.82,30.4,33.43,97.43,7.93,83.14,17.57,5.68,0.57,0.58,2.25,1.11,1.15,42.61,1.91,2.55
1265,Primeira Liga (PT),João Pedro Goulart Silva,João Goulart,68367,2000-01-27,84.33,23,2,8429.48,99.96,1032.0,351.87,31.52,105.74,5.74,457.61,37.26,28.41,30.62,29.95,32.37,98.91,5.39,76.57,12.09,3.22,0.67,0.68,1.22,1.26,1.49,20.83,1.87,2.97
1265,Primeira Liga (PT),Marcus Abraham Ayomide,M. Ayomide,68537,2000-01-02,89.64,31,0,8758.13,97.7,1087.77,455.16,50.29,203.19,10.68,658.35,60.97,30.61,32.84,32.2,34.1,104.77,9.94,85.13,18.77,7.65,0.53,0.56,3.06,0.99,1.03,32.74,1.8,2.78
1265,Primeira Liga (PT),Alan Godoy Domínguez,A. Godoy,68572,2003-05-04,56.48,6,0,5969.17,105.68,769.67,308.33,29.33,109.17,6.33,417.5,35.67,28.45,28.94,29.55,31.03,61.0,5.5,47.17,11.17,4.17,0.73,0.85,1.0,,,28.0,2.24,2.95
1265,Primeira Liga (PT),Demir Ege Tıknaz,E. Tıknaz,68972,2004-08-17,57.05,9,1,6983.78,122.42,1242.0,331.78,27.0,42.56,3.22,374.33,30.22,25.9,26.4,27.38,28.67,73.78,1.89,65.78,6.33,1.22,0.76,0.76,0.11,,,20.33,2.04,3.0
1265,Primeira Liga (PT),Ivan Correia Posser Lima,Ivan Lima,69027,2005-01-13,16.58,1,0,2058.0,124.1,380.0,248.0,25.0,116.0,7.0,364.0,32.0,29.9,29.9,30.8,,22.0,3.0,19.0,8.0,3.0,,,0.0,,,13.0,,
1265,Primeira Liga (PT), João de Vasconcelos Faria Gonçalves,Vasconcelos,69030,2005-02-26,47.82,1,0,5745.0,120.15,1088.0,424.0,37.0,173.0,10.0,597.0,47.0,29.7,29.7,31.6,,73.0,2.0,60.0,7.0,1.0,,,1.0,,,34.0,,
1265,Primeira Liga (PT),João Miguel Fins Veloso,João Veloso,69031,2005-06-26,4.32,1,1,731.0,169.34,206.0,36.0,4.0,4.0,0.0,40.0,4.0,25.0,25.0,25.8,,8.0,1.0,9.0,1.0,1.0,,,0.0,,,4.0,,
1265,Primeira Liga (PT),Francisco Edgar Chissumba Rodrigues,Francisco Chissumba,69038,2005-05-29,88.43,19,0,9958.84,112.62,1486.37,701.42,65.26,270.16,14.53,971.58,79.79,29.64,31.48,31.18,33.17,113.37,10.79,94.05,21.05,6.79,0.55,0.56,2.68,1.19,1.21,46.47,1.83,2.56
1265,Primeira Liga (PT),João Pedro Seno Luís Rêgo,João Rêgo,69039,2005-06-20,17.21,5,3,2121.2,123.28,351.2,146.0,14.0,72.0,2.8,218.0,16.8,28.76,28.76,29.54,31.37,20.8,0.8,17.8,2.2,0.8,0.9,,0.2,,,13.6,2.3,3.13
1265,Primeira Liga (PT),Arnau Solà Mateu,Arnau Solà,69286,2003-04-04,63.51,10,0,7027.8,110.66,1008.1,513.1,48.6,192.6,11.5,705.7,60.1,29.25,29.96,30.77,31.97,84.3,5.6,64.7,16.4,4.3,0.7,0.7,2.6,1.3,1.3,30.6,2.1,2.62
1265,Primeira Liga (PT),Martín Fernández Benítez,M. Fernández,69521,2003-06-23,34.05,25,1,3765.96,110.59,566.68,260.76,24.24,77.04,4.68,337.8,28.92,28.16,30.06,29.22,31.03,41.68,3.6,29.24,9.2,2.6,0.64,0.64,0.76,1.19,1.32,22.56,1.92,2.65
1265,Primeira Liga (PT),André Luiz Inácio da Silva,André Luiz,70165,2002-02-23,84.84,19,0,9780.63,115.29,1315.89,575.42,62.42,323.95,15.53,899.37,77.95,31.61,32.78,33.15,34.1,94.42,7.37,75.68,18.42,6.21,0.56,0.58,2.53,1.05,1.05,39.74,1.95,2.86
1265,Primeira Liga (PT),Samuel Dahl,S. Dahl,70245,2003-03-04,96.06,32,1,10462.84,108.92,1531.94,647.69,60.91,221.66,13.0,869.34,73.91,28.87,30.88,30.68,32.27,121.94,8.44,97.56,22.09,6.56,0.62,0.67,2.22,1.17,1.18,43.78,1.75,2.45
1265,Primeira Liga (PT),Rodrigo Alonso Martín,Rodri Alonso,70674,2003-01-04,62.29,25,1,7853.4,126.09,1433.52,524.32,44.28,102.52,6.28,626.84,50.56,27.64,28.92,28.99,30.1,83.72,4.0,71.32,10.04,2.44,0.61,0.8,0.36,1.42,,36.32,1.82,2.75
1265,Primeira Liga (PT),Antonio Espigares Morillas,Antonio Espigares,70678,2004-09-05,63.44,18,1,6253.0,98.56,808.28,259.33,22.83,57.78,3.22,317.11,26.06,26.54,28.14,27.83,30.2,70.61,3.44,54.67,6.61,1.56,0.72,0.77,0.78,1.35,1.91,17.94,2.08,2.92
1265,Primeira Liga (PT),Dailon Rocha Livramento do Rosario,Dailon Livramento,71799,2001-05-04,44.55,23,1,4978.78,111.76,691.26,328.78,34.74,142.61,8.17,471.39,42.91,29.96,32.42,30.91,33.23,53.48,4.48,40.52,8.83,3.26,0.68,0.69,1.26,1.31,1.34,28.04,1.88,2.68
1265,Primeira Liga (PT),Makan Aïko,M. Aïko,72479,2001-01-07,64.97,18,0,7156.06,110.15,1112.17,526.39,50.78,163.06,9.72,689.44,60.5,29.08,31.34,30.84,33.1,83.39,9.5,66.5,17.33,6.89,0.63,0.63,1.83,1.13,1.19,50.61,1.73,2.67
1265,Primeira Liga (PT),Nor-Nor Emmanuel Maviram,E. Maviram,77791,2001-04-04,79.0,19,1,8028.16,101.62,1080.79,429.16,43.53,167.63,9.05,596.79,52.58,29.49,31.22,30.83,33.0,98.32,7.74,80.05,17.63,5.42,0.59,0.62,1.63,1.34,1.76,30.47,2.08,2.6
1265,Primeira Liga (PT),Benjamin Mbunga-Kimpioka,B. Kimpioka,81001,2000-02-21,62.15,10,0,6743.5,108.5,974.8,423.7,47.7,183.6,11.1,607.3,58.8,29.65,30.76,30.93,32.83,79.8,6.8,67.4,12.4,5.5,0.69,0.7,1.9,1.37,1.37,36.6,1.88,2.82
1265,Primeira Liga (PT),Kaiky Marques Naves,Naves,82407,2002-05-08,97.85,32,0,9489.09,96.98,1033.44,325.84,30.69,86.12,4.72,411.97,35.41,28.12,30.42,29.63,32.1,103.62,5.12,79.84,10.66,2.88,0.6,0.63,0.69,1.15,1.2,22.56,1.83,2.79
1265,Primeira Liga (PT),Rômulo Helberte Pereira Júnior,Rômulo,84608,2004-01-31,13.48,1,0,1158.0,85.88,150.0,63.0,9.0,44.0,1.0,107.0,10.0,29.7,29.7,30.0,,14.0,2.0,12.0,2.0,2.0,,,0.0,,,4.0,,
1265,Primeira Liga (PT),Óscar Rivas Viondi,Óscar Rivas,92590,2000-03-27,99.62,18,0,10595.28,106.35,1400.28,496.94,43.44,168.11,8.78,665.06,52.22,29.22,30.9,30.72,32.43,109.11,5.33,83.39,11.89,2.83,0.66,0.73,1.11,1.29,1.88,28.61,1.94,2.81
1265,Primeira Liga (PT),Isaac Souza Valença,Isaac,94117,2004-03-21,21.09,2,0,2651.5,125.71,520.5,151.5,14.5,48.5,2.5,200.0,17.0,27.5,27.5,28.55,,26.5,1.0,23.0,4.5,0.5,,,0.5,,,10.5,,
1265,Primeira Liga (PT),Miguel Ferreira de Sousa,Miguel Sousa,95195,1998-09-19,33.29,12,0,3875.5,116.42,688.67,294.0,27.0,93.08,5.25,387.08,32.25,28.52,30.56,29.47,31.5,44.58,2.58,32.5,7.92,1.67,0.7,0.8,0.67,1.54,,21.25,2.08,2.85
1265,Primeira Liga (PT),Alan de Souza Guimarães,Alan,95613,2000-03-08,87.58,32,1,9516.16,108.66,1364.12,547.94,51.53,124.84,7.16,672.78,58.69,27.52,29.58,29.16,31.77,93.25,6.97,79.19,12.44,5.06,0.61,0.64,0.75,1.26,1.33,39.69,1.76,2.64
1265,Primeira Liga (PT),Kobamelo Kodisang,K. Kodisang,96062,1999-08-28,35.99,4,0,4105.75,114.08,599.25,242.25,21.25,68.0,4.25,310.25,25.5,27.45,27.45,28.27,28.8,46.0,2.75,36.75,7.5,2.0,,,0.0,,,14.5,2.4,
1265,Primeira Liga (PT),Leonardo Daniel Ulineia Buta,Leonardo Buta,96063,2002-06-05,9.8,2,1,923.5,94.23,139.5,30.5,3.5,10.5,0.5,41.0,4.0,26.35,26.35,26.8,,15.0,1.0,11.5,2.0,0.0,,,0.0,,,4.5,,
1265,Primeira Liga (PT),Dinis Lourenço Casals Namura Borges Pinto,Dinis Pinto,96064,2000-08-24,95.11,22,0,10533.86,110.76,1502.77,633.23,61.18,251.91,13.68,885.14,74.86,29.42,31.58,31.06,33.3,114.05,7.55,93.77,18.32,4.95,0.61,0.62,1.41,1.24,1.27,36.32,1.9,2.82
1265,Primeira Liga (PT),Iván Fresneda Corraliza,Iván Fresneda,97322,2004-09-28,75.1,22,1,9105.86,121.25,1463.77,686.27,63.45,291.23,15.05,977.5,78.5,29.96,31.46,31.7,33.2,99.14,6.09,78.59,15.73,4.55,0.66,0.68,1.77,1.21,1.26,48.95,1.85,2.51
1265,Primeira Liga (PT),Tomás Mendes Mendes,T. Mendes,100774,2004-11-21,70.27,5,0,7776.6,110.67,1295.0,324.6,32.0,76.8,4.0,401.4,36.0,27.7,27.7,29.7,30.13,93.0,3.0,80.0,10.2,1.8,0.75,0.78,0.4,,,28.0,2.14,
1265,Primeira Liga (PT),João Miguel Teixeira Mendes,João Mendes,103498,2000-04-13,91.63,29,0,10053.14,109.71,1450.76,575.52,52.59,181.31,10.28,756.83,62.86,28.98,30.62,30.98,32.7,105.55,5.76,82.62,18.31,4.14,0.6,0.62,1.48,1.36,1.39,35.93,1.96,2.61
1265,Primeira Liga (PT),Franjo Ivanović,F. Ivanović,105825,2003-10-01,38.81,24,1,4265.67,109.92,555.17,251.92,28.88,108.67,6.38,360.58,35.25,29.52,31.46,30.54,32.9,48.0,4.29,37.88,10.75,3.25,0.65,0.67,1.71,1.22,1.32,21.71,1.84,2.82
1265,Primeira Liga (PT),Miguel Ângelo Gomes Ferreira Magalhães,Maga,107651,2002-11-16,78.83,22,0,8337.82,105.77,1112.64,489.45,46.18,176.91,9.68,666.36,55.86,29.1,30.3,30.5,32.0,92.0,6.68,71.59,16.27,4.91,0.66,0.69,1.73,1.24,1.28,30.59,1.93,2.5
1265,Primeira Liga (PT),Oumar Ngom,O. Ngom,109444,2004-03-09,84.42,11,0,9609.55,113.84,1398.0,416.55,36.82,61.45,4.0,478.0,40.82,26.3,27.34,27.99,30.1,94.18,4.09,81.36,11.91,2.09,0.69,0.82,0.09,,,34.64,1.96,2.82
1265,Primeira Liga (PT),Matías Emiliano Rocha Calderón,M. Rocha,118016,2001-02-13,85.26,11,0,8702.82,102.07,997.64,366.82,35.18,113.45,6.55,480.27,41.73,28.76,29.58,30.09,31.73,90.45,3.36,68.64,9.45,1.82,0.78,0.81,0.45,1.56,,26.55,2.07,2.75
1265,Primeira Liga (PT),Brayan Stiven Medina Hurtado,B. Medina,123995,2002-03-04,97.58,24,1,9187.21,94.15,1089.33,381.33,38.58,127.29,7.25,508.62,45.83,28.85,30.92,30.4,32.7,109.75,7.71,84.42,15.33,5.33,0.58,0.63,1.42,1.18,1.28,22.62,2.0,2.89
1265,Primeira Liga (PT),Brian Nicolás Mansilla Islas,B. Mansilla,140211,2002-05-14,23.44,18,2,2756.67,117.59,456.0,226.28,19.83,69.28,4.06,295.56,23.89,28.04,31.16,28.86,32.1,33.22,2.28,26.61,5.5,1.56,0.73,0.78,0.5,1.35,,13.67,2.02,2.98
1265,Primeira Liga (PT),Clayton Fernandes Silva,Clayton,145071,1999-01-11,90.54,19,0,9435.95,104.22,1170.0,509.84,51.32,194.58,10.58,704.42,61.89,29.25,30.46,30.83,32.63,91.74,5.89,76.58,11.0,4.58,0.69,0.76,2.21,1.32,1.64,41.37,1.79,2.8
1265,Primeira Liga (PT),Tom Moustier,T. Moustier,148268,2002-05-02,30.9,10,0,3634.6,117.64,629.7,200.1,17.4,57.7,3.1,257.8,20.5,27.68,29.16,28.51,30.57,38.2,2.2,31.9,4.6,1.6,0.81,0.81,0.4,,,15.1,2.16,3.17
1265,Primeira Liga (PT),Mario Dorgeles,M. Dorgeles,149332,2004-08-07,57.62,19,1,6556.26,113.79,1028.11,484.58,45.21,183.58,9.74,668.16,54.95,29.1,30.9,30.39,32.43,81.68,5.53,67.05,14.84,3.74,0.59,0.6,1.32,1.1,1.24,36.63,1.74,2.65
1265,Primeira Liga (PT),Pedro Bondo Francisco,Pedro Bondo,151383,2004-11-16,74.49,17,0,7527.76,101.06,897.35,367.41,40.24,156.94,8.41,524.35,48.65,30.42,31.7,31.74,33.47,79.18,4.76,62.24,12.35,2.94,0.63,0.73,1.41,1.22,,26.41,1.93,2.76
1265,Primeira Liga (PT),Jesús Santiago Pérez,Yellu Santiago,152105,2004-05-25,13.48,4,1,1602.25,118.83,312.0,103.0,8.75,15.0,1.0,118.0,9.75,26.68,26.68,27.65,28.37,17.0,0.5,16.25,2.25,0.25,,,0.0,,,8.5,2.38,
1265,Primeira Liga (PT),Joe Hodge,J. Hodge,153384,2002-09-14,60.27,26,0,7450.46,123.61,1310.92,454.62,36.96,79.62,4.69,534.23,41.65,27.13,29.56,28.88,31.23,69.46,2.81,57.31,7.96,1.46,0.63,0.63,0.19,1.58,1.7,35.23,1.88,2.58
1265,Primeira Liga (PT),Luís Hemir Silva Semedo,Luís Semedo,154051,2003-08-11,50.81,20,1,5591.3,110.03,756.45,345.4,33.9,118.35,6.8,463.75,40.7,28.59,30.68,29.62,32.07,59.15,4.85,47.25,10.2,3.3,0.59,0.7,0.7,1.32,,23.8,2.02,2.73
1265,Primeira Liga (PT),Pedro Miguel  Costa Santos,Pedro Santos,154052,2003-02-10,35.74,21,1,4229.38,118.35,805.38,325.86,29.81,94.24,5.24,420.1,35.05,28.7,31.18,29.96,33.03,53.52,4.0,43.48,9.81,3.0,0.58,0.7,0.95,1.33,1.54,22.14,1.93,2.6
1265,Primeira Liga (PT),António João Pereira Albuquerque Tavares Silva,António Silva,154056,2003-10-30,83.25,24,1,8273.67,99.39,925.33,314.12,27.92,78.33,4.5,392.46,32.42,27.73,30.2,29.26,31.8,80.25,3.83,63.21,8.12,2.42,0.75,0.77,1.04,1.44,1.48,21.12,1.94,2.81
1265,Primeira Liga (PT),João Tomé Esteves Baptista,João Tomé,154057,2003-02-12,38.42,18,1,4297.5,111.86,660.0,258.28,24.78,85.67,5.06,343.94,29.83,28.13,30.22,29.32,32.0,49.11,3.33,39.33,7.89,1.83,0.6,0.63,0.56,1.73,1.74,18.94,2.18,2.61
1265,Primeira Liga (PT),João Pedro Moreira Resende,João Resende,154062,2003-03-26,12.95,2,0,1318.5,101.81,240.0,127.0,10.5,28.0,2.0,155.0,12.5,25.3,25.3,26.3,,17.0,0.5,14.0,1.5,0.0,,,0.0,,,8.5,,
1265,Primeira Liga (PT),Diogo Martins Travassos,Diogo Travassos,154071,2004-03-31,88.22,29,1,9611.86,108.96,1345.24,590.66,65.48,280.21,15.38,870.86,80.86,30.92,32.78,32.36,34.27,108.28,9.76,86.1,23.45,7.24,0.59,0.62,2.31,1.14,1.28,44.97,1.89,2.58
1265,Primeira Liga (PT),Gilberto Dambi Batista,Gilberto Batista,154072,2003-12-29,75.99,27,1,8093.56,106.51,980.56,347.67,35.44,115.52,7.15,463.19,42.59,29.09,32.34,30.45,34.1,92.11,5.15,70.22,11.15,3.63,0.6,0.61,1.15,1.21,1.27,27.41,1.79,2.55
1265,Primeira Liga (PT),Ousmane Diomandé,O. Diomandé,154083,2003-12-04,84.38,16,1,8036.38,95.24,837.81,261.38,27.06,90.25,4.88,351.62,31.94,28.27,31.34,29.74,33.07,85.81,3.69,68.75,9.06,2.94,0.64,0.65,0.75,1.3,,17.81,2.01,3.14
1265,Primeira Liga (PT),Diogo Filipe Spencer Marques,Diogo Spencer,154106,2004-04-17,68.59,20,0,7557.3,110.19,1193.85,477.2,44.65,148.7,8.45,625.9,53.1,29.16,31.1,30.91,32.8,92.05,5.95,73.95,16.4,3.65,0.66,0.7,1.1,1.23,1.36,30.95,1.96,2.61
1265,Primeira Liga (PT),Leandro Antonetti López,L. Antonetti,156495,2003-01-13,31.54,12,0,3488.08,110.59,494.5,260.42,25.17,102.75,5.25,363.17,30.42,28.9,31.16,29.62,32.03,38.83,3.67,31.5,7.25,2.25,0.58,0.75,0.42,,,16.92,2.01,3.08
1265,Primeira Liga (PT),Rodrigo Pinheiro Ferreira,Rodrigo Pinheiro,156790,2002-08-28,97.97,28,1,10378.54,105.94,1411.18,614.96,60.0,254.57,13.46,869.54,73.46,29.83,31.84,31.64,33.97,115.32,7.82,94.82,19.93,5.36,0.56,0.61,1.36,1.23,1.4,34.86,1.85,2.6
1265,Primeira Liga (PT),José Pedro da Silva Figueiredo Freitas,Zé Pedro,156791,1997-06-06,19.71,2,0,2332.0,118.33,357.0,160.0,15.5,33.5,3.0,193.5,18.5,27.35,27.35,28.6,,27.0,1.5,22.0,4.5,0.5,,,0.5,,,16.0,,
1265,Primeira Liga (PT),Vasco José Cardoso Sousa,Vasco Sousa,156885,2003-04-03,55.16,9,0,6939.11,125.81,1303.22,380.56,33.67,79.89,5.33,460.44,39.0,27.41,28.3,29.52,31.43,69.78,2.89,59.11,8.22,1.11,0.81,0.97,0.56,1.66,1.77,33.67,1.95,2.8
1265,Primeira Liga (PT),José Carlos Natário Ferreira,Zé Carlos,156886,2001-10-30,46.08,30,0,5409.83,117.39,1040.1,316.07,28.2,56.37,3.63,372.43,31.83,26.7,29.46,28.29,31.0,65.13,3.13,52.93,9.17,1.9,0.63,0.63,0.4,1.33,1.43,26.33,1.88,2.57
1265,Primeira Liga (PT),João Pedro Salazar da Graça,João Graça,156908,1995-06-18,13.67,8,0,1673.75,122.45,313.12,126.75,11.88,37.25,2.5,164.0,14.38,27.61,29.0,28.23,30.3,20.38,0.62,15.25,2.75,0.5,0.91,,0.12,,,10.25,2.31,3.39
1265,Primeira Liga (PT),Pedro Jorge Pacheco Seabra,Pedro Pacheco,156918,1997-01-27,70.61,3,0,6850.67,97.03,649.0,157.0,20.67,97.67,4.0,254.67,24.67,27.83,27.83,28.57,28.57,68.0,3.33,53.0,7.0,3.33,0.79,0.83,1.0,,,19.0,,
1265,Primeira Liga (PT),Miguel Raimundo Nóbrega,Miguel Nóbrega,157282,2000-04-17,92.29,12,1,9428.08,102.16,1161.58,374.17,33.25,97.33,5.67,471.5,38.92,28.76,30.24,30.49,32.37,96.58,4.08,71.42,10.33,2.42,0.72,0.84,0.42,1.47,,22.92,2.07,2.64
1265,Primeira Liga (PT),Jorge Monteiro Meireles,Jorge Meireles,157284,2004-04-04,40.24,22,0,4609.77,114.55,779.77,250.5,22.82,60.73,3.55,311.23,26.36,28.06,31.24,29.13,32.57,48.09,2.18,43.18,6.18,1.59,0.7,0.79,0.5,1.31,,19.0,1.98,2.8
1265,Primeira Liga (PT),Leonardo Filipe Cruz Lelo,Leonardo Lelo,157298,2000-03-30,71.54,27,2,8166.52,114.16,1214.48,509.93,47.26,151.41,8.63,661.33,55.89,28.74,31.12,30.31,32.3,96.93,6.3,76.26,16.93,4.3,0.62,0.63,1.22,1.31,1.41,38.15,1.97,2.57
1265,Primeira Liga (PT),Fábio Ronaldo  Costa Conceição,Fábio Ronaldo,158158,2001-04-28,70.39,2,0,6867.0,97.55,1072.0,376.5,38.5,119.0,7.5,495.5,46.0,30.75,30.75,32.4,,96.0,6.0,79.0,12.5,5.0,,,1.5,,,33.0,,
1265,Primeira Liga (PT),Francisco Miguel Teixeira Domingues,Kiko,158162,2002-04-16,73.31,26,1,8109.73,110.62,1205.23,501.38,48.42,190.35,9.85,691.73,58.27,29.57,32.42,30.94,33.23,97.04,6.54,77.96,17.77,5.0,0.62,0.65,1.62,1.11,1.22,31.5,2.06,2.7
1265,Primeira Liga (PT),Gianluca Prestianni Gross,G. Prestianni,160362,2006-01-31,60.42,28,1,6730.75,111.39,1002.82,463.18,46.25,174.29,9.54,637.46,55.79,29.62,31.08,31.0,32.63,74.61,5.96,61.07,13.86,4.46,0.62,0.65,1.32,1.24,1.26,40.68,1.8,2.62
1265,Primeira Liga (PT),Nelson Ighodaro Abbey,Nelson Abbey,160715,2003-08-28,86.2,26,0,9367.12,108.66,1283.19,473.62,49.69,200.35,11.12,673.96,60.81,30.29,32.96,32.04,34.57,110.54,6.5,89.35,15.92,4.65,0.59,0.63,1.85,1.14,1.24,36.65,1.8,2.71
1265,Primeira Liga (PT),Óscar Andrés Perea Abonce,O. Perea,161615,2005-09-27,55.22,23,2,5897.35,106.8,792.17,384.26,39.17,156.3,8.22,540.57,47.39,30.47,32.3,31.84,33.4,63.17,6.13,52.04,11.83,4.43,0.59,0.63,1.91,1.19,1.21,27.83,1.89,2.69
1265,Primeira Liga (PT),Alan Herminio Núñez Duarte,A. Núñez,161762,2004-10-01,87.2,18,3,9668.17,110.87,1432.89,591.89,53.5,208.61,10.56,800.5,64.06,29.35,30.7,31.24,32.77,101.83,6.5,82.56,17.06,4.22,0.56,0.62,1.39,1.07,1.19,39.78,1.94,2.52
1265,Primeira Liga (PT),Brandon Aguilera Zamora,B. Aguilera,163136,2003-06-28,77.05,19,0,9054.16,117.52,1602.89,382.95,34.16,81.79,4.79,464.74,38.95,27.52,29.78,29.52,32.03,102.42,3.0,90.53,11.0,1.79,0.66,0.69,0.47,1.47,1.54,32.84,2.0,2.68
1265,Primeira Liga (PT),Gustavo Klismahn Dimaraes Miranda,Klismahn,166670,1999-11-23,71.69,15,1,8812.8,122.93,1532.87,472.33,45.4,127.8,7.67,600.13,53.07,27.86,29.4,30.22,32.37,88.27,4.33,74.53,11.07,3.07,0.63,0.65,0.93,1.29,1.35,35.8,1.91,2.84
1265,Primeira Liga (PT),Vando Baifas Félix,Vando Félix,166680,2002-09-03,49.25,8,0,5394.12,109.52,845.25,377.5,35.88,116.62,7.62,494.12,43.5,29.16,30.1,30.36,32.13,62.62,6.25,47.62,14.0,4.12,0.66,0.73,1.25,1.52,,26.88,2.21,2.88
1265,Primeira Liga (PT),Gonçalo Faria Costa,Gonçalo Costa,166683,2000-02-18,39.9,16,0,4487.5,112.48,686.56,350.38,32.0,141.25,7.12,491.62,39.12,29.34,31.44,30.47,33.17,50.75,3.69,39.94,8.38,3.0,0.67,0.7,1.38,1.29,1.44,20.06,2.0,2.67
1265,Primeira Liga (PT),Hevertton Ciriaco Santos,Hevertton,166684,2001-02-01,42.85,24,0,4742.38,110.67,704.04,321.25,32.5,126.79,7.62,448.04,40.12,28.87,31.54,30.01,32.97,58.46,3.96,44.08,10.92,2.88,0.54,0.54,1.25,1.23,1.24,21.88,1.78,2.66
1265,Primeira Liga (PT),Martim Moreira Moutinho Fernandes,Martim Fernandes,166784,2006-01-18,62.09,20,0,7075.8,113.96,1057.1,465.65,42.5,187.15,9.15,652.8,51.65,29.84,31.88,31.35,33.3,73.9,4.65,61.7,11.1,3.4,0.63,0.63,1.1,1.28,1.29,33.15,1.86,2.61
1265,Primeira Liga (PT),Stefan Leković,S. Leković,167206,2004-01-09,96.3,9,0,9263.33,96.2,1037.44,289.0,25.11,58.33,3.0,347.33,28.11,27.21,28.64,28.94,30.5,100.44,5.33,82.89,12.0,3.22,0.77,0.9,0.22,,,23.0,2.02,3.0
1265,Primeira Liga (PT),Khayon Edwards,K. Edwards,167792,2003-09-12,10.3,2,0,1125.5,109.27,232.0,82.0,9.0,20.0,1.0,102.0,10.0,24.35,24.35,25.6,,13.5,1.5,9.5,2.0,0.5,,,0.0,,,8.5,,
1265,Primeira Liga (PT),Matheus Dos Santos Dias,Matheus Dias,169273,2002-05-09,85.05,27,4,9063.11,106.56,1249.78,410.22,38.37,123.93,6.44,534.15,44.81,28.08,30.2,29.89,32.27,98.3,5.26,78.11,11.96,3.26,0.61,0.68,0.7,1.2,1.47,27.56,2.0,2.69
1265,Primeira Liga (PT),Otar Mamageishvili,O. Mamageishvili,171764,2003-01-15,20.99,8,0,2484.0,118.36,403.5,184.12,16.5,56.0,3.0,240.12,19.5,28.34,29.52,29.15,31.0,29.62,1.75,23.62,4.12,1.38,0.76,0.87,0.38,,,12.62,2.17,2.94
1265,Primeira Liga (PT),Lucas Figueiredo dos Santos,Figueiredo,171804,2001-08-14,74.16,27,0,8738.33,117.83,1384.85,582.63,60.33,224.7,12.96,807.33,73.3,29.78,31.76,31.51,33.5,95.44,8.44,79.37,18.19,6.56,0.6,0.62,2.52,1.15,1.29,44.89,1.79,2.63
1265,Primeira Liga (PT),Matheus Nunes Fagundes de Araújo,MT,171805,2001-03-01,76.02,11,1,7531.36,99.07,843.55,235.73,23.45,56.27,3.55,292.0,27.0,27.09,28.44,28.9,31.27,80.55,4.45,66.45,8.09,2.73,0.66,0.81,0.91,1.53,2.3,19.55,2.07,3.11
1265,Primeira Liga (PT),Dominik Prpić ,D. Prpić,173032,2004-05-19,35.62,6,0,4002.67,112.38,528.33,209.67,18.83,49.17,2.83,258.83,21.67,28.35,29.1,29.33,31.33,46.5,3.0,40.67,4.83,2.17,0.66,,0.83,1.46,,13.17,2.35,
1265,Primeira Liga (PT),Rhaldney Norberto Simião Gomes,Rhaldney,174161,1998-11-20,74.91,14,0,9159.57,122.27,1523.36,470.79,45.14,107.57,6.86,578.36,52.0,27.22,28.54,29.04,30.47,99.64,4.79,83.36,13.36,2.93,0.65,0.7,0.71,1.62,,45.21,1.87,2.58
1265,Primeira Liga (PT),Alberto Oliveira Baio,Alberto Costa,174243,2003-09-29,84.53,28,1,9659.32,114.27,1479.54,722.5,69.79,314.82,16.25,1037.32,86.04,30.33,32.72,32.24,34.8,111.86,7.82,92.14,20.82,5.57,0.58,0.6,2.07,1.05,1.13,43.89,1.83,2.53
1265,Primeira Liga (PT),Sidi Bane,S. Bane,174264,2004-01-14,69.92,8,1,7308.62,104.53,983.38,337.5,31.88,99.0,6.12,436.5,38.0,28.5,29.18,30.01,31.93,78.25,5.25,65.75,11.12,3.75,0.67,0.7,1.25,1.36,1.54,21.38,2.28,3.09
1265,Primeira Liga (PT),Denis Pintol,D. Pintol,174300,2000-02-07,83.02,1,0,9615.0,115.82,1383.0,684.0,49.0,187.0,9.0,871.0,58.0,27.2,27.2,28.0,,119.0,9.0,100.0,21.0,6.0,,,0.0,,,64.0,,
1265,Primeira Liga (PT),Matheus Pereira de Souza,Matheus Pereira,175756,2000-12-21,80.15,10,0,9061.2,113.05,1198.8,497.9,50.6,203.3,11.0,701.2,61.6,30.13,31.64,31.82,33.57,97.2,6.6,79.2,15.6,5.3,0.65,0.68,1.9,1.12,1.25,37.6,2.11,2.66
1265,Primeira Liga (PT),Guilherme Kennedy Romão,Guilherme Romão,175764,1997-10-07,81.01,11,1,8320.18,102.7,1118.55,427.45,43.09,160.18,8.55,587.64,51.64,29.86,31.22,31.19,33.0,95.09,6.09,74.73,15.27,4.0,0.68,0.75,1.82,1.35,,27.45,2.18,2.79
1265,Primeira Liga (PT),Daniel de Melo Araujo Júnior,Daniel Júnior,175850,2002-05-09,57.13,14,3,6436.5,112.66,1154.86,516.64,43.29,135.93,7.79,652.57,51.07,28.26,30.12,30.01,32.13,78.29,5.29,63.93,12.93,3.86,0.63,0.64,1.21,1.26,1.71,32.5,1.87,2.62
1265,Primeira Liga (PT),Joel Filipe Organista da Silva,Joel Silva,180049,2003-02-11,27.58,16,2,3241.88,117.56,550.06,236.81,19.0,66.75,3.38,303.56,22.38,28.2,29.78,28.95,31.07,38.06,1.31,30.5,5.25,0.69,0.73,0.79,0.25,1.86,,12.38,1.99,2.71
1265,Primeira Liga (PT),Atanas Chernev,A. Chernev,180750,2002-03-25,77.23,15,0,7732.13,100.11,973.07,321.4,31.73,117.27,6.6,438.67,38.33,29.04,30.66,30.32,32.47,86.47,4.93,70.13,10.33,3.33,0.63,0.71,1.2,1.22,1.34,26.07,1.88,2.66
1265,Primeira Liga (PT),Bernardo Schappo,Bernardo Schappo,181586,1999-03-22,87.67,26,0,8516.08,97.14,984.65,293.69,27.81,74.19,4.5,367.88,32.31,27.91,29.66,29.52,31.43,96.04,4.46,75.5,10.38,2.62,0.68,0.79,0.58,1.42,1.86,19.23,2.03,2.77
1265,Primeira Liga (PT),Gustavo Filipe Alves Freitas Azevedo Sá,Gustavo Sá,182823,2004-11-11,91.5,32,0,9902.19,108.22,1389.06,456.91,42.22,95.5,5.41,552.41,47.62,27.28,29.4,29.15,32.07,97.75,5.38,81.81,12.31,3.56,0.63,0.74,0.53,1.29,,40.47,1.75,2.65
1265,Primeira Liga (PT),Or Israelov,O. Israelov,231510,2004-09-02,24.37,1,0,2576.0,105.72,293.0,116.0,11.0,15.0,1.0,131.0,12.0,27.2,27.2,28.0,,35.0,3.0,27.0,7.0,3.0,,,0.0,,,9.0,,
1265,Primeira Liga (PT),Andreas Ntoi,A. Ntoi,233303,2003-02-02,83.76,29,1,9320.66,111.28,1296.0,326.14,28.24,45.72,2.83,371.86,31.07,25.86,28.0,27.86,30.4,87.38,2.52,76.24,7.97,1.38,0.72,0.73,0.24,1.7,,28.1,1.99,2.69
1265,Primeira Liga (PT),Carlos Eduardo Borges Parente,Carlos Eduardo,240388,2002-08-10,24.55,15,0,2806.67,114.34,442.07,205.0,19.0,61.13,3.73,266.13,22.73,29.33,32.4,30.07,33.3,28.93,2.67,24.13,4.4,1.67,0.66,0.68,0.6,1.19,1.27,17.33,1.89,2.85
1265,Primeira Liga (PT),Taichi Fukui,T. Fukui,254546,2004-07-15,82.92,32,1,9438.84,113.82,1538.59,534.56,45.38,126.81,6.59,661.38,51.97,28.02,30.78,29.86,32.63,97.44,3.47,80.94,9.03,2.25,0.6,0.64,0.66,1.49,1.79,30.5,1.9,2.61
1265,Primeira Liga (PT),Deniz Gül,D. Gül,256424,2004-07-02,45.13,28,1,5006.96,110.95,674.04,332.29,33.39,121.36,6.71,453.64,40.11,29.71,32.14,31.1,33.6,52.04,4.71,43.14,8.14,3.64,0.61,0.64,1.21,1.32,1.42,22.68,1.94,2.75
1265,Primeira Liga (PT),Korede Osundina,K. Osundina,333898,2004-02-13,48.32,16,2,5362.94,110.99,801.12,365.56,35.31,116.44,6.62,482.0,41.94,28.94,30.6,30.54,32.8,63.94,4.75,51.56,10.56,3.38,0.63,0.66,0.81,1.18,1.51,27.12,2.11,2.7
1265,Primeira Liga (PT),Victor Froholdt,V. Froholdt,365789,2006-02-25,93.94,33,1,12133.7,129.17,2464.85,1084.7,87.61,246.73,15.36,1331.42,102.97,28.17,30.02,30.72,32.53,138.33,5.33,119.79,18.06,3.42,0.64,0.71,0.67,1.36,1.56,77.76,1.77,2.53
1265,Primeira Liga (PT),Andrey Felisberto Dos Santos,Andrey,414064,2002-02-06,77.77,2,0,9613.0,123.61,1850.0,498.0,46.5,167.5,7.0,665.5,53.5,28.2,28.2,29.85,,105.0,3.5,89.5,16.5,2.5,,,0.0,,,35.0,,
1265,Primeira Liga (PT),Yefrei Stiven Rodríguez Sinisterra,Y. Rodriguez,424571,2005-05-11,34.71,13,1,3473.77,100.09,474.69,228.23,25.08,95.0,5.92,323.23,31.0,29.02,30.64,30.01,31.63,40.92,4.0,30.38,9.62,2.77,0.68,0.76,0.85,1.51,1.76,20.54,1.89,2.81
1265,Primeira Liga (PT),Pedro Lima Barros,P. Lima,439381,2003-03-27,79.52,24,2,9636.96,121.19,1697.54,580.42,50.79,134.0,7.71,714.42,58.5,27.45,29.52,29.49,31.57,97.42,4.0,79.88,14.83,2.71,0.67,0.71,0.54,1.66,1.7,38.92,1.68,2.62
1265,Primeira Liga (PT),Edney Henrique Santos da Silva,Edney,439388,2004-07-26,48.2,1,0,5607.0,116.33,826.0,466.0,40.0,105.0,10.0,571.0,50.0,28.9,28.9,30.5,,63.0,5.0,58.0,10.0,2.0,,,1.0,,,20.0,,
1265,Primeira Liga (PT),Benedito Mambuene Mukendi,Beni,486521,2002-05-21,85.1,29,0,9739.34,114.45,1695.41,455.31,40.62,84.38,5.28,539.69,45.9,27.37,29.84,30.03,32.63,112.0,5.03,92.55,12.72,2.83,0.54,0.54,0.79,1.14,1.14,35.97,2.0,2.56
1265,Primeira Liga (PT),Tiago Miguel Silva Manso,Tiago Manso,486523,1999-12-13,62.48,27,1,7137.11,114.23,1155.15,507.59,46.78,195.7,10.22,703.3,57.0,28.89,31.32,30.33,32.97,77.78,4.7,62.04,13.48,3.04,0.64,0.73,0.89,1.33,1.46,33.78,1.84,2.67
1265,Primeira Liga (PT),Luís Carlos Rocha Rodrigues,Luís Rocha,486533,1986-08-13,98.61,13,0,9595.38,97.3,972.46,296.31,30.15,87.85,5.15,384.15,35.31,28.17,29.02,29.45,30.6,109.62,5.31,82.77,11.92,3.15,0.73,0.85,0.85,1.42,,20.46,2.0,2.84
1265,Primeira Liga (PT),Amine El Ouazzani,A. El Ouazzani,487370,2001-07-15,63.74,12,1,7547.17,118.41,1056.33,409.25,43.0,151.42,8.75,560.67,51.75,28.63,29.9,30.05,32.13,71.33,4.67,59.0,10.58,3.0,0.77,0.9,0.58,1.48,,29.83,2.02,2.72
1265,Primeira Liga (PT),Fally Mayulu,F. Mayulu,507730,2002-07-15,10.17,3,0,1126.0,110.69,187.33,96.0,7.33,33.33,1.33,129.33,8.67,27.7,27.7,28.03,28.03,11.0,1.0,9.33,1.67,0.0,,,0.0,,,4.33,,
1265,Primeira Liga (PT),Antoine Joujou,A. Joujou,510598,2003-03-12,30.38,23,0,3613.78,118.96,586.39,262.13,24.04,95.0,4.61,357.13,28.65,28.36,30.92,29.41,32.17,38.35,2.7,30.65,5.96,1.83,0.61,0.66,0.74,1.32,,16.65,2.13,2.81
1265,Primeira Liga (PT),Gonçalo Teixeira Nogueira,Gonçalo Nogueira,514482,2003-12-28,63.59,23,0,7096.3,111.59,1077.22,377.04,33.78,65.13,4.17,442.17,37.96,26.9,29.16,28.53,30.57,76.96,3.43,61.17,10.35,2.35,0.64,0.64,0.57,1.46,1.74,33.65,1.87,2.58
1265,Primeira Liga (PT),Guilherme Manuel Serrão Montóia,Guilherme Montóia,514492,2003-09-14,54.24,11,0,5848.45,107.83,883.91,419.09,39.36,155.0,8.82,574.09,48.18,29.65,31.14,30.75,32.8,67.91,6.09,52.36,13.09,3.82,0.57,0.66,1.0,1.26,1.61,28.45,1.86,2.56
1265,Primeira Liga (PT),Rafael Ferreira Nel,Rafael Nel,514501,2005-04-03,42.18,5,2,4573.0,108.42,563.2,300.4,35.6,163.8,10.0,464.2,45.6,30.22,30.22,31.18,31.97,51.2,5.0,43.8,6.2,4.4,0.71,0.74,2.2,1.29,,27.6,2.0,
1265,Primeira Liga (PT),Diogo Prioste,Diogo Prioste,514524,2004-03-26,14.02,2,0,1844.0,131.56,356.5,112.5,8.0,20.0,1.5,132.5,9.5,27.1,27.1,28.05,,19.0,1.0,15.5,2.5,0.0,,,0.0,,,6.0,,
1265,Primeira Liga (PT),João Miguel  Vieira Freitas Silva Marques,João Marques,514734,2002-02-13,46.32,11,2,5265.64,113.68,703.91,318.0,31.91,139.18,7.09,457.18,39.0,28.67,30.68,29.67,32.2,53.64,3.64,41.18,8.91,2.73,0.67,0.67,1.18,1.37,1.39,28.55,1.96,2.68
1265,Primeira Liga (PT),Tiago Ribeiro Duarte,Tiago Duarte,514744,2004-05-01,23.0,1,0,2717.0,118.13,390.0,78.0,9.0,20.0,2.0,98.0,11.0,26.1,26.1,26.9,,27.0,2.0,25.0,4.0,2.0,,,2.0,,,14.0,,
1265,Primeira Liga (PT),Pedro Carvalho Santos,Pedro Santos,520864,2000-10-12,54.79,16,0,6163.69,112.5,963.0,315.88,29.81,77.88,4.5,393.75,34.31,27.51,28.9,28.82,30.7,67.06,2.75,55.38,7.44,1.94,0.62,0.73,0.31,1.78,,22.56,1.98,2.79
1265,Primeira Liga (PT),Fabio Blanco Gómez,Fabio Blanco,531688,2004-02-18,32.48,15,0,3753.93,115.57,589.53,242.8,22.13,59.6,3.67,302.4,25.8,26.85,28.6,27.91,29.77,38.53,1.93,29.27,6.73,1.67,0.67,0.82,0.47,1.64,,20.27,1.98,2.76
1265,Primeira Liga (PT),Xabier  Huarte Armendariz,Xabi Huarte,532818,2001-02-25,32.08,5,0,4131.8,128.78,929.4,276.4,19.2,2.6,0.8,279.0,20.0,24.2,24.2,25.38,25.87,41.2,1.4,32.6,7.6,0.4,,,0.0,,,18.0,2.16,2.81
1265,Primeira Liga (PT),Kevin Höög Jansson,K. Höög Jansson,537303,2000-09-29,69.18,13,0,7410.23,107.11,962.0,307.62,29.62,98.0,4.15,405.62,33.77,29.06,30.76,30.21,32.6,73.85,3.62,64.0,9.54,2.15,0.78,0.78,0.46,1.48,1.58,23.77,2.05,3.01
1265,Primeira Liga (PT),Tidjany Chabrol Touré,T. Touré,539147,2002-07-15,51.65,11,0,5439.0,105.3,799.73,320.91,32.09,74.64,5.09,395.55,37.18,27.53,28.7,28.89,30.63,62.82,4.36,49.27,10.36,2.82,0.67,0.67,0.45,1.66,,26.55,2.1,2.53
1265,Primeira Liga (PT),Dylan Alexander Nandín Berrutti,D. Nandín,540058,2002-02-28,48.33,20,1,5756.5,119.1,847.1,431.55,47.0,200.2,12.4,631.75,59.4,30.14,31.58,31.68,33.6,67.7,7.2,53.95,14.0,5.65,0.61,0.64,1.9,1.23,1.29,32.35,1.94,2.55
1265,Primeira Liga (PT),Luis Guilherme Lira dos Santos,Luis Guilherme,542787,2006-02-09,53.81,13,0,5904.77,109.74,886.54,397.38,40.54,183.38,9.08,580.77,49.62,30.07,32.12,31.61,34.33,66.69,4.08,55.15,10.62,3.69,0.67,0.67,1.85,1.13,1.17,29.0,1.9,2.73
1265,Primeira Liga (PT),Mateja Stjepanović,M. Stjepanović,556549,2004-02-20,81.84,31,1,10407.81,127.17,2120.29,580.29,50.06,93.68,6.13,673.97,56.19,26.88,28.56,29.07,31.4,116.81,3.23,100.77,11.32,1.45,0.6,0.63,0.26,1.26,1.7,36.55,1.91,2.75
1265,Primeira Liga (PT),Cédric Nuozzi,C. Nuozzi,564775,2006-01-30,40.6,25,0,4549.52,112.06,704.16,296.24,30.16,108.92,6.12,405.16,36.28,28.73,30.9,29.72,32.07,53.6,4.24,41.08,11.6,2.92,0.7,0.71,1.16,1.17,1.25,21.6,1.85,2.62
1265,Primeira Liga (PT),Francisco Pedro Tiago Silva,Kiki Silva,592647,1998-02-14,16.18,1,0,2127.0,131.43,359.0,193.0,14.0,50.0,2.0,243.0,16.0,27.8,27.8,28.5,,22.0,2.0,17.0,6.0,2.0,,,0.0,,,8.0,,
1265,Primeira Liga (PT),Moudja Sié Ouattara,M. Ouattara,593954,2002-05-20,42.83,15,1,4885.07,114.06,737.6,356.07,33.07,128.27,7.0,484.33,40.07,29.23,31.58,30.47,33.23,52.13,5.2,41.47,10.4,4.07,0.58,0.59,1.33,1.13,1.5,27.47,1.87,2.73
1265,Primeira Liga (PT),Julien Lomboto Lombompi,J. Lomboto,599198,2002-05-13,39.79,6,1,4143.33,104.12,495.0,164.5,16.67,60.17,3.33,224.67,20.0,27.53,28.44,28.32,31.0,44.5,2.5,34.33,6.0,1.33,0.87,,0.17,,,10.33,2.67,
1265,Primeira Liga (PT),José Julián Martínez Crisanto,J. Martínez,606730,2003-12-01,68.5,11,0,6714.73,98.03,683.36,242.55,25.73,79.64,5.09,322.18,30.82,28.76,30.08,30.14,32.2,78.09,4.36,63.0,9.27,2.64,0.71,0.78,0.73,1.39,,19.55,2.13,2.75
1265,Primeira Liga (PT),Manuel Jorge Silva,Manu,616534,2001-06-12,20.26,8,1,2335.0,115.26,421.25,113.25,10.75,18.12,1.5,131.38,12.25,25.1,26.6,25.98,28.17,32.38,1.38,26.62,5.25,0.62,,,0.12,,,9.0,2.32,
1265,Primeira Liga (PT),Tiago Araújo Brito,Tiago Brito,623079,2004-04-16,23.4,4,0,2834.75,121.16,451.5,120.5,10.5,17.25,1.0,137.75,11.5,26.07,26.07,27.05,27.4,33.0,1.5,32.75,2.75,0.5,,,0.0,,,9.5,2.33,
1265,Primeira Liga (PT),Hyun-Ju  Lee,Lee Hyun-Ju,629214,2003-02-07,72.35,29,1,8624.38,119.2,1444.59,504.69,45.14,120.55,7.17,625.24,52.31,27.91,29.7,29.65,31.93,87.59,4.66,74.03,12.1,3.38,0.58,0.62,1.03,1.11,1.29,39.97,1.87,2.57
1265,Primeira Liga (PT),Tony Strata,T. Strata,633219,2004-09-07,74.97,21,0,8253.62,110.09,1194.62,498.29,50.9,217.57,11.62,715.86,62.52,29.8,31.14,31.38,33.2,94.48,6.62,74.67,16.43,5.1,0.61,0.67,2.14,1.18,1.19,32.71,1.96,2.54
1265,Primeira Liga (PT),Matheus Cardoso Francisco,Mateus Pivô,634522,1997-12-16,89.45,13,1,9547.85,106.74,1247.0,487.92,49.38,193.31,10.15,681.23,59.54,29.59,31.48,31.48,33.6,97.92,7.31,83.23,17.0,5.15,0.63,0.69,1.46,1.23,1.54,30.85,1.97,2.64
1265,Primeira Liga (PT),Max Scholze ,M. Scholze,637197,2005-04-30,74.06,11,0,8302.55,112.1,1160.55,487.45,46.91,149.27,9.18,636.73,56.09,28.64,29.82,30.15,31.4,91.36,7.55,73.27,16.73,5.82,0.62,0.66,2.27,1.33,1.39,37.18,1.93,2.73
1265,Primeira Liga (PT),Tunde Akinsola,T. Akinsola,638815,2003-03-10,78.76,32,2,8776.72,111.43,1202.0,574.0,59.31,266.12,14.03,840.12,73.34,29.94,32.08,31.5,33.57,89.88,8.47,70.88,17.72,6.56,0.57,0.57,2.59,1.23,1.27,40.97,1.67,2.63
1265,Primeira Liga (PT),Ryan Carlos Santos de Sousa,Ryan,641256,2002-05-14,45.53,4,0,4989.5,109.58,822.0,278.75,22.5,76.0,4.5,354.75,27.0,28.55,28.55,29.8,30.0,59.25,3.5,48.0,7.0,1.25,,,0.25,,,13.0,2.8,
1265,Primeira Liga (PT),Gonçalo Carvalho Moreira,G. Moreira,657169,2006-01-03,,0,1,,,,,,,,,,,,,,,,,,,,,,,,,,
1265,Primeira Liga (PT),Diogo Lobão de Sousa,Diogo Sousa,657171,2006-01-20,58.9,22,0,7112.91,120.77,1299.82,423.0,35.32,110.59,6.14,533.59,41.45,27.79,29.44,29.76,32.1,69.45,2.27,54.0,7.55,1.5,0.64,0.72,0.36,1.38,,28.95,1.9,2.77
1265,Primeira Liga (PT),Gil Pinto Martins,Gil Martins,657184,2006-05-12,7.38,1,0,848.0,114.85,121.0,76.0,6.0,22.0,2.0,98.0,8.0,26.9,26.9,27.2,,11.0,1.0,7.0,2.0,1.0,,,0.0,,,8.0,,
1265,Primeira Liga (PT),João Pedro Arnauth Barrocas Simões,João Simões,657186,2007-01-06,46.33,16,2,6017.06,129.88,1111.56,461.56,40.62,137.31,7.5,598.88,48.12,28.89,31.72,30.39,33.13,67.62,2.25,55.06,7.81,1.5,0.67,0.72,0.5,1.3,1.49,34.44,1.98,2.72
1265,Primeira Liga (PT),Marcos Peña Ocaña,Marcos Peña,658772,2005-01-22,27.5,16,0,3343.38,121.56,644.44,152.88,14.06,25.31,1.38,178.19,15.44,25.29,27.8,26.55,29.4,37.56,1.56,30.75,4.69,0.75,0.91,0.93,0.12,,,15.12,2.01,2.73
1265,Primeira Liga (PT),Bastien Meupiyou Menadjou,B. Meupiyou,662525,2006-03-19,95.84,30,0,9782.97,102.08,1185.63,448.1,42.93,149.1,8.5,597.2,51.43,29.37,31.74,31.23,33.57,113.27,6.4,87.5,14.2,4.47,0.6,0.63,0.77,1.33,1.96,31.6,1.8,2.75
1265,Primeira Liga (PT),Geovany Tcherno Quenda,Geovany Quenda,663365,2007-04-30,51.17,19,1,5757.79,112.51,911.32,423.58,39.63,154.47,8.26,578.05,47.89,29.66,31.16,31.13,32.77,65.05,4.63,52.58,10.79,3.63,0.63,0.68,1.53,1.31,1.41,26.11,2.0,2.6
1265,Primeira Liga (PT),Eric Emanuel da Silva Moreira,E. da Silva Moreira,663376,2006-05-03,27.79,3,0,3318.33,119.41,562.33,221.33,24.33,90.33,6.0,311.67,30.33,29.0,29.0,29.73,29.73,43.0,3.0,34.0,6.67,2.67,0.75,,1.0,,,19.67,2.55,2.91
1265,Primeira Liga (PT),Roméo Beney,R. Beney,666916,2005-01-19,21.7,14,0,2437.43,112.34,384.86,156.07,16.29,76.93,3.79,233.0,20.07,29.64,31.42,30.32,32.27,29.57,2.36,23.07,4.86,1.64,0.65,0.65,0.71,1.27,1.43,15.0,2.15,2.72
1265,Primeira Liga (PT),Matija Mitrović,M. Mitrović,667307,2004-12-12,45.54,18,0,5599.28,122.96,1050.67,285.83,22.0,37.83,2.28,323.67,24.28,26.38,28.24,28.03,30.2,55.5,1.28,48.83,4.94,0.56,0.94,1.1,0.22,,,26.06,1.9,2.69
1265,Primeira Liga (PT),Conrad Harder Weibel Schandorff,C. Harder,668428,2005-04-07,20.66,4,0,2532.0,122.54,353.5,206.5,22.25,119.5,6.0,326.0,28.25,30.75,30.75,31.32,32.43,27.75,2.25,20.5,7.5,1.75,0.77,,1.25,1.77,,18.0,2.28,
1265,Primeira Liga (PT),Afonso  Oliveira Rodrigues,Afonso Rodrigues,671211,2002-08-19,24.05,7,0,2668.57,110.95,450.57,186.57,16.57,45.57,2.71,232.14,19.29,27.51,28.3,28.3,29.6,29.57,1.86,25.86,2.71,1.29,0.86,,0.29,,,14.57,2.17,3.11
1265,Primeira Liga (PT),Rodrigo Osório Mordomo Silva,Rodrigo Mordomo,672056,2004-12-08,9.83,1,0,1112.0,113.08,162.0,92.0,8.0,34.0,3.0,126.0,11.0,31.2,31.2,31.3,,13.0,2.0,8.0,1.0,2.0,,,1.0,,,9.0,,
1265,Primeira Liga (PT),Alexsandro Amorim de Freitas Filho,Amorim,676470,2005-05-18,93.17,19,0,10828.0,116.22,1726.26,507.21,45.68,97.37,5.42,604.58,51.11,27.15,28.48,29.25,31.27,110.58,4.11,94.16,11.74,2.74,0.63,0.67,0.63,1.37,,38.11,1.96,2.7
1265,Primeira Liga (PT),Nodar Lominadze,N. Lominadze,689057,2002-04-04,44.38,16,0,5000.94,112.7,703.19,242.19,22.12,74.75,3.31,316.94,25.44,27.84,29.54,29.11,31.2,50.75,1.94,41.44,6.62,1.25,0.68,0.7,0.31,1.29,,18.0,2.08,2.93
1265,Primeira Liga (PT),Gabriel Silva  Moscardo de Salles,Gabriel Moscardo,693894,2005-09-28,47.69,21,2,5400.05,113.23,803.24,293.43,25.67,63.86,3.76,357.29,29.43,27.36,28.86,28.66,30.57,61.19,3.14,52.38,8.0,2.19,0.64,0.7,0.48,1.26,1.56,23.14,1.98,2.53
1265,Primeira Liga (PT),Souleymane Faye,S. Faye,698183,2003-02-08,24.95,5,0,2755.2,110.44,470.2,236.4,23.2,93.6,5.4,330.0,28.6,29.5,29.5,30.34,32.17,34.0,2.6,27.4,6.6,2.2,0.69,0.83,1.4,1.43,,18.2,2.22,2.77
1265,Primeira Liga (PT),Romualdas Jansonas,R. Jansonas,703002,2005-06-23,29.88,2,0,3512.0,117.56,569.0,239.5,22.5,62.0,4.5,301.5,27.0,27.4,27.4,28.25,,32.0,3.5,25.0,8.0,3.0,,,2.5,,,20.0,,
1265,Primeira Liga (PT),Tobías Medina,T. Medina,708022,2004-03-03,18.47,1,0,2394.0,129.64,459.0,130.0,10.0,0.0,1.0,130.0,11.0,24.0,24.0,24.8,,23.0,1.0,20.0,1.0,0.0,,,0.0,,,17.0,,
1265,Primeira Liga (PT),Antef Tsoungui,A. Tsoungui,731092,2002-12-30,65.75,23,0,7118.52,108.26,948.52,338.3,31.22,104.61,5.87,442.91,37.09,28.86,30.88,30.3,32.8,78.09,3.78,62.91,10.22,2.35,0.61,0.66,0.96,1.16,1.24,26.48,1.98,2.74
1265,Primeira Liga (PT),Espen van Ee,E. van Ee,731279,2003-07-05,82.06,25,1,10181.16,124.06,1937.84,590.12,51.6,113.64,6.92,703.76,58.52,27.49,29.36,29.74,31.77,115.52,4.12,98.72,14.24,2.8,0.63,0.65,0.56,1.21,1.22,44.12,1.85,2.63
1265,Primeira Liga (PT),Mathias De Amorim,M. De Amorim,733174,2004-12-10,86.49,29,1,10513.93,121.57,2054.17,725.86,61.0,111.72,7.17,837.59,68.17,26.54,28.56,28.64,30.7,119.0,5.62,98.28,15.93,3.21,0.62,0.7,0.31,1.32,,59.03,1.85,2.65
1265,Primeira Liga (PT),Samuel Omorodion Aghehowa,Samu Omorodion,733366,2004-05-05,74.98,20,0,7909.45,105.49,958.45,492.2,55.35,248.45,13.75,740.65,69.1,30.77,32.48,32.26,33.97,89.5,9.6,72.75,15.4,7.75,0.58,0.59,2.75,1.19,1.26,39.0,1.75,2.7
1265,Primeira Liga (PT),Anthony Carter,A. Carter,735579,1994-08-31,31.38,5,0,3269.0,104.19,424.2,191.6,23.0,71.8,5.2,263.4,28.2,28.42,28.42,29.4,30.73,41.4,4.2,33.4,7.8,3.2,0.67,0.79,1.4,1.4,,14.2,2.49,
1265,Primeira Liga (PT),Rodrigo Mora Carvalho,Rodrigo Mora,735644,2007-05-05,46.9,27,1,5535.48,118.01,964.93,341.33,29.81,90.11,4.74,431.44,34.56,28.29,30.62,29.82,32.77,56.96,2.85,49.11,8.56,1.89,0.58,0.58,0.52,1.26,1.38,25.15,1.91,2.61
1265,Primeira Liga (PT),Cícero Clébson Alves Santana,Cícero Alves,735645,1997-05-10,72.43,17,1,8030.53,110.87,1460.71,428.0,40.76,108.94,6.12,536.94,46.88,27.76,29.5,29.71,31.3,110.0,5.47,95.82,13.71,3.29,0.62,0.73,0.71,1.47,,27.29,2.09,2.69
1265,Primeira Liga (PT),André Filipe Castanheira Ceitil,André Ceitil,735647,1995-03-11,32.6,4,0,3032.75,93.04,384.75,145.25,13.5,53.75,2.75,199.0,16.25,27.12,27.12,27.85,28.3,34.75,1.5,24.25,5.0,0.75,,,0.25,,,10.25,,
1265,Primeira Liga (PT),Pedro Henryque Pereira dos Santos,Maranhão,735649,1999-03-02,78.78,31,1,8726.65,110.78,1191.19,571.52,64.42,292.0,15.23,863.52,79.65,30.7,32.2,32.24,33.87,97.71,10.16,78.61,21.9,7.71,0.56,0.56,2.84,1.18,1.18,43.06,1.8,2.64
1265,Primeira Liga (PT),Sidney Alexssander Pena De Lima,Sidney Lima,735655,1997-01-17,97.58,32,1,9491.75,97.27,1061.16,349.88,34.72,112.12,6.38,462.0,41.09,28.75,30.82,30.37,32.83,103.84,5.41,81.59,13.25,3.25,0.63,0.74,1.12,1.24,1.52,21.31,1.89,2.86
1265,Primeira Liga (PT),Sérgio Miguel Lobo Araújo,Serginho,735656,1999-12-01,86.41,31,1,9937.42,115.0,1505.61,474.58,42.52,102.55,5.84,577.13,48.35,27.4,28.42,29.37,30.67,95.48,3.35,82.94,11.23,2.06,0.67,0.76,0.45,1.45,,36.32,1.99,2.72
1265,Primeira Liga (PT),Gustavo Pinto Mendonça,G. Mendonça,735699,2003-03-11,72.26,20,1,8606.15,119.1,1466.65,505.5,46.65,142.3,8.35,647.8,55.0,28.96,31.62,30.79,32.97,93.15,4.55,77.95,14.15,3.35,0.62,0.66,0.9,1.22,1.39,41.25,1.88,2.64
1265,Primeira Liga (PT),Pedro Maria Salgueiro Costa Pessoa Carvalho,Pedro Carvalho,735708,2003-02-14,55.64,23,0,6285.91,112.98,869.3,443.57,43.65,197.74,10.61,641.3,54.26,30.45,32.06,31.85,33.53,68.78,5.57,53.61,14.87,4.26,0.58,0.64,1.78,1.13,1.25,26.61,1.81,2.55
1265,Primeira Liga (PT),Gustavo da Silva Cunha,Gustavo Silva,738192,1999-06-01,69.81,23,0,7223.83,103.47,956.04,483.83,54.78,240.35,13.78,724.17,68.57,30.36,32.42,31.97,34.0,78.3,10.43,62.43,19.04,7.83,0.59,0.59,3.17,1.12,1.21,44.09,1.82,2.53
1265,Primeira Liga (PT),Paulo Vitor Leal Sousa Lima,Paulo Vitor,738194,2001-07-19,87.78,16,2,8648.88,98.52,986.0,347.25,36.88,131.25,7.81,478.5,44.69,29.59,31.3,30.81,33.03,93.44,7.44,72.56,15.38,4.94,0.61,0.68,2.56,1.24,1.53,22.31,1.94,2.75
1265,Primeira Liga (PT),Francisco Adriano Baptista Gonçalves,Chico Gonçalves,738195,2004-03-05,63.53,9,1,6662.78,104.88,796.0,254.11,23.11,90.78,4.67,344.89,27.78,27.68,29.6,28.8,31.33,71.0,4.0,52.56,8.33,2.56,0.71,0.74,1.44,1.48,1.57,19.0,2.2,2.98
1265,Primeira Liga (PT),Martim Gustavo Silva Watts Rodrigues,Watts,738198,2005-07-14,16.08,6,1,2014.83,125.32,335.67,188.83,16.5,60.0,3.5,248.83,20.0,29.32,29.74,29.87,31.53,22.17,1.67,17.67,3.67,0.67,,,0.33,,,11.0,2.03,2.77
1265,Primeira Liga (PT),Wendel da Silva Costa,W. Silva,744049,2000-08-02,74.5,13,0,7843.54,105.28,956.62,446.0,48.15,197.0,10.31,643.0,58.46,29.72,31.24,31.17,32.87,85.0,6.85,70.38,13.0,5.31,0.71,0.78,1.69,1.41,,27.85,1.97,3.09
1265,Primeira Liga (PT),Pablo Ruan Messias Cardozo,Pablo Ruan,749988,2003-02-01,45.12,19,4,4768.47,105.69,663.95,321.47,32.42,155.84,7.42,477.32,39.84,30.03,32.32,31.24,33.73,53.11,4.68,37.0,13.79,3.58,0.71,0.75,1.42,1.32,1.46,21.32,1.86,2.65
1265,Primeira Liga (PT),Álvaro Martínez Navarro,Álvaro Martínez,750250,2002-05-04,58.35,15,0,6575.4,112.68,946.93,436.73,42.47,146.13,8.73,582.87,51.2,28.71,30.62,29.94,32.3,72.2,5.73,58.4,13.53,3.07,0.61,0.72,0.93,1.14,1.74,29.2,2.01,2.64
1265,Primeira Liga (PT),Omar Fayed Abdelwahab Elrakhawy,Omar Fayed,758003,2003-07-04,75.71,8,0,7915.88,104.56,965.62,325.88,33.25,104.38,6.12,430.25,39.38,28.34,29.74,30.05,31.57,92.38,4.0,70.25,11.75,3.0,0.75,0.79,1.38,1.38,1.7,20.5,2.09,
1265,Primeira Liga (PT),Steven Baseya,S. Baseya,773512,2005-01-14,52.92,11,1,5820.18,109.98,804.36,242.91,23.64,67.45,3.91,310.36,27.55,28.17,29.8,29.57,31.87,66.64,3.36,49.91,6.18,1.55,0.8,0.88,0.27,1.76,,20.18,2.19,2.78
1265,Primeira Liga (PT),José Manuel Mendes Gomes ,José Gomes,774053,1996-07-20,93.56,24,3,10503.38,112.27,1586.42,678.42,64.08,277.17,14.46,955.58,78.54,30.32,31.16,32.05,33.6,114.96,6.92,93.17,20.0,4.71,0.59,0.62,1.75,1.19,1.44,43.5,1.89,2.7
1265,Primeira Liga (PT),Luis Fernando Santos Oliveira ,Fernando,784664,2005-04-12,55.3,10,1,6132.6,110.9,914.4,466.3,44.9,187.2,10.3,653.5,55.2,30.0,30.76,31.37,32.67,69.1,7.5,53.6,15.7,5.7,0.69,0.72,1.1,1.71,1.87,31.4,1.9,2.77
1265,Primeira Liga (PT),Antonios Papakanellos,A. Papakanellos,789116,2005-08-11,26.25,19,2,3239.79,123.44,581.47,224.37,20.21,69.89,3.63,294.26,23.84,28.76,31.48,29.63,32.23,37.47,1.84,30.21,5.53,1.11,0.67,0.79,0.53,1.35,,20.84,1.84,2.75
1265,Primeira Liga (PT),Theofanis  Bakoulas,T. Bakoulas,789166,2005-01-04,60.85,3,0,7468.33,122.73,1413.0,404.33,38.0,77.33,5.0,481.67,43.0,27.43,27.43,29.23,29.23,76.0,3.0,63.67,8.33,1.67,1.02,,0.0,,,41.33,2.22,3.16
1265,Primeira Liga (PT),Brenner Lucas Gonçalves Santos,Brenner,793234,2002-01-02,49.63,27,1,5321.41,107.21,759.81,367.0,42.26,193.22,10.22,560.22,52.48,31.54,34.02,32.64,35.7,60.93,7.74,49.19,13.63,6.37,0.56,0.57,2.67,1.05,1.08,27.48,1.91,2.56
1265,Primeira Liga (PT),William Gomes Carvalho Santos,William Gomes,797508,2006-03-15,48.94,27,1,5312.81,108.57,797.22,386.22,40.19,202.67,10.41,588.89,50.59,31.16,32.94,32.3,34.43,62.81,6.37,49.44,13.11,4.89,0.61,0.62,2.33,1.12,1.12,26.93,1.93,2.58
1265,Primeira Liga (PT),Paulo Daniel Valente Moreira,Paulo Moreira,799030,2000-02-17,90.92,29,0,10511.17,115.61,1985.31,654.03,55.66,121.38,7.41,775.41,63.07,27.36,29.28,29.42,31.87,133.14,6.48,111.62,17.03,4.03,0.6,0.63,0.72,1.39,1.49,47.69,1.88,2.53
1265,Primeira Liga (PT),Juan Sebastián Rodríguez López,J. Rodríguez,799968,2006-03-27,76.88,28,1,8248.21,107.29,1204.21,348.86,31.68,81.46,4.43,430.32,36.11,27.26,29.88,28.92,32.17,99.46,4.14,83.43,10.82,2.32,0.63,0.74,0.61,1.37,1.46,30.57,1.89,2.61
1265,Primeira Liga (PT),Gustavo Miguel Pereira Sousa Varela,Gustavo Varela,800977,2005-01-30,52.79,32,0,5890.94,111.59,842.72,343.88,34.31,121.94,6.72,465.81,41.03,29.63,32.72,30.83,33.97,63.5,5.06,52.31,10.56,3.75,0.64,0.64,1.28,1.18,1.2,27.41,1.96,2.67
1265,Primeira Liga (PT),Ikker Julian de La Caridad Caldeira dos Santos,I. Julian,801815,2005-07-07,61.88,2,0,6895.5,111.44,965.5,417.0,40.0,93.5,6.0,510.5,46.0,27.1,27.1,28.55,,80.5,4.0,56.5,13.0,4.0,,,0.0,,,30.5,,
1265,Primeira Liga (PT),Ejike  Julius Opara ,E. Julius Opara,801829,2005-07-05,11.52,1,0,1452.0,126.08,297.0,108.0,9.0,26.0,2.0,134.0,11.0,30.3,30.3,30.7,,22.0,2.0,19.0,4.0,1.0,,,0.0,,,10.0,,
1265,Primeira Liga (PT),Valdemiro Pinto Domingos,Miro,808236,2003-04-22,74.31,4,0,7293.5,98.15,806.25,306.75,30.75,95.75,5.25,402.5,36.0,28.75,28.75,30.43,31.13,75.75,6.75,64.25,10.0,2.75,0.65,0.68,0.25,,,24.75,2.51,
1265,Primeira Liga (PT),Motez Nourani,M. Nourani,808976,2002-01-11,32.74,6,0,4152.33,126.81,738.0,338.67,31.0,113.0,8.17,451.67,39.17,28.0,28.68,29.2,30.7,43.83,3.0,33.67,7.67,2.0,0.7,,0.67,,,24.5,2.15,3.09
1265,Primeira Liga (PT),Sidny Lopes Cabral,S. Lopes Cabral,809045,2002-09-18,81.4,23,0,8712.96,107.04,1167.83,541.87,52.65,243.91,12.35,785.78,65.0,30.5,32.32,31.96,33.7,96.17,7.61,75.22,18.78,5.7,0.66,0.69,2.91,1.29,1.33,29.26,1.8,2.63
1265,Primeira Liga (PT),Karem Zoabi,K. Zoabi,809111,2006-05-03,24.37,5,0,2679.2,109.95,353.6,177.8,16.0,44.0,3.0,221.8,19.0,28.48,28.48,29.46,31.03,25.6,1.8,21.6,4.6,1.0,0.9,1.02,0.2,,,16.0,2.32,3.18
1265,Primeira Liga (PT),Fahem Benaissa-Yahia,F. Benaissa,809342,2002-04-29,61.55,10,0,6633.6,107.77,883.2,414.8,42.8,216.5,10.4,631.3,53.2,30.56,31.92,31.42,33.2,67.3,6.5,55.7,11.5,5.0,0.66,0.68,1.8,1.3,1.45,27.0,1.91,2.8
1265,Primeira Liga (PT),Francisco Petrasso,F. Petrasso,809496,2002-01-28,69.54,23,0,7253.7,104.3,856.96,247.39,23.26,74.39,3.87,321.78,27.13,28.15,30.72,29.33,32.03,68.35,2.87,55.26,6.96,1.7,0.66,0.77,0.26,1.59,,18.0,2.0,2.73
1265,Primeira Liga (PT),André Filipe Ferreira Lacximicant,André Lacximicant,809976,2001-05-19,60.21,22,0,6757.82,112.25,867.95,381.32,41.68,197.45,10.14,578.77,51.82,30.78,32.32,31.9,33.87,68.55,3.95,55.14,8.05,3.18,0.62,0.68,1.77,1.21,1.37,30.14,1.86,2.8
1265,Primeira Liga (PT),Daniel Armando Fonseca Silva Banjaqui,Daniel Banjaqui,810716,2008-03-24,81.78,2,0,8568.0,104.78,1212.0,607.5,56.0,192.0,11.0,799.5,67.0,29.4,29.4,31.55,,112.0,9.0,102.5,23.5,8.5,,,2.5,,,34.0,,
1265,Primeira Liga (PT),José Pedro Formoso Neto,José Neto,810741,2008-04-19,52.67,2,0,5980.5,113.55,907.0,434.5,42.5,193.5,12.5,628.0,55.0,28.8,28.8,29.55,,62.5,5.0,53.5,12.5,4.5,,,2.0,,,28.0,,
1265,Primeira Liga (PT),Anísio Cláudio Fernandes Reis Cabral,Anísio Cabral,810747,2008-02-15,15.4,6,0,1620.5,105.21,252.5,92.67,10.67,30.17,1.83,122.83,12.5,27.98,28.74,28.58,30.37,18.67,1.5,17.67,2.83,1.0,0.73,0.82,0.5,,,8.83,2.44,
1265,Primeira Liga (PT),Oumar Camara,O. Camara,810787,2007-05-11,55.23,30,0,6067.2,109.86,882.57,486.63,53.2,249.13,13.13,735.77,66.33,30.64,32.06,31.77,32.93,75.63,9.27,58.07,18.7,7.33,0.6,0.63,3.23,1.11,1.18,35.13,1.81,2.56
1265,Primeira Liga (PT),Eduardo Manuel de Freitas Felicissimo,Eduardo Felicissimo,810933,2007-01-08,10.77,1,0,1253.0,116.38,279.0,92.0,10.0,57.0,2.0,149.0,12.0,27.7,27.7,27.9,,20.0,1.0,16.0,3.0,0.0,,,0.0,,,8.0,,
1265,Primeira Liga (PT),Hugo Miguel Zagal Nunes,Hugo Nunes,811145,2002-02-15,15.8,1,0,1703.0,107.78,233.0,60.0,6.0,9.0,1.0,69.0,7.0,25.4,25.4,25.6,,23.0,1.0,13.0,5.0,0.0,,,0.0,,,3.0,,
1265,Primeira Liga (PT),Agustín Nahuel Moreira Morales,A. Moreira,811474,2001-05-28,53.54,21,0,6019.33,112.43,989.67,459.48,44.86,184.1,9.57,643.57,54.43,30.14,31.36,31.5,32.83,73.76,7.48,59.67,15.05,5.86,0.65,0.68,1.33,1.33,1.52,34.33,1.8,2.69
1265,Primeira Liga (PT),Tamble Ulisses Folgado Monteiro,Tamble Monteiro,812123,2000-11-15,54.09,12,1,6270.08,115.92,921.17,424.42,40.17,152.25,9.0,576.67,49.17,29.03,30.7,30.52,32.47,68.08,5.08,55.08,9.58,3.42,0.63,0.78,0.75,1.18,,34.25,1.96,2.77
1265,Primeira Liga (PT),Fabrício Garcia Andrade,Fabrício Garcia,812124,2001-05-04,25.03,13,0,2731.54,109.12,385.85,150.23,17.15,97.92,4.08,248.15,21.23,30.4,32.52,31.11,33.2,31.08,2.31,22.85,5.62,1.62,0.68,0.84,0.62,1.33,,10.62,2.05,2.91
1265,Primeira Liga (PT),Jalen Blesa ,J. Blesa,812240,2001-02-05,88.35,12,1,9924.75,112.34,1390.42,578.83,60.83,217.92,12.0,796.75,72.83,29.82,30.82,31.44,32.63,98.17,8.0,81.08,15.58,6.17,0.63,0.67,1.92,1.19,,49.42,2.04,2.76
1265,Primeira Liga (PT),Kevyn Henrique Monteiro de Souza,Kevyn Monteiro,813388,2005-09-13,46.17,9,1,4796.89,103.89,620.33,167.11,15.89,37.67,2.11,204.78,18.0,25.81,27.52,27.11,30.17,51.44,2.33,41.22,4.33,0.78,0.74,,0.11,,,12.11,2.37,2.79
1265,Primeira Liga (PT),Ibrahima Ba,I. Ba,816760,2005-05-26,87.77,20,1,9082.6,103.48,1130.35,378.25,38.35,126.95,6.9,505.2,45.25,29.07,31.98,30.59,33.57,102.8,5.9,77.75,12.95,4.2,0.62,0.71,1.2,1.19,,24.8,2.11,2.64
1265,Primeira Liga (PT),Yarlen Faustino Augusto,Yarlen,818137,2006-02-20,49.45,10,1,5334.4,107.87,740.3,307.6,32.5,165.2,7.3,472.8,39.8,31.41,32.72,32.55,34.17,56.4,4.2,44.3,10.9,3.1,0.65,0.7,1.2,1.22,1.35,23.9,1.93,2.85
1265,Primeira Liga (PT),Tamás Nikitscher,T. Nikitscher,818352,1999-11-03,55.19,26,1,6763.15,122.55,1151.46,317.42,26.88,45.08,3.35,362.5,30.23,26.1,28.28,27.82,31.17,69.23,2.19,58.42,8.27,1.31,0.69,0.81,0.12,,,23.27,1.97,2.81
1265,Primeira Liga (PT),Robson Lucas Oliveira Botelho,Robinho,831427,2002-08-07,46.81,23,0,5544.35,118.45,1068.48,366.7,30.83,85.83,4.65,452.52,35.48,27.68,29.68,29.2,31.4,64.96,2.7,51.83,8.96,1.65,0.73,0.74,0.39,1.44,1.81,29.35,1.86,2.81
1265,Primeira Liga (PT),Ryan Guilherme da Silva Pae,Ryan Guilherme,831454,2002-12-07,38.36,6,0,4605.5,120.07,867.33,326.33,29.83,83.17,4.5,409.5,34.33,26.68,27.74,27.87,29.7,51.0,2.0,40.67,7.17,1.33,0.88,0.89,0.33,,,20.33,2.1,2.81
1265,Primeira Liga (PT),João Pedro Augusto Mourão Costa,João Costa,850886,2000-03-07,14.99,7,0,1699.43,113.39,255.29,129.14,12.71,37.0,2.14,166.14,14.86,28.54,29.12,29.04,30.03,19.14,1.29,14.57,2.0,1.0,0.85,,0.29,,,10.71,2.31,2.64
1265,Primeira Liga (PT),Jonathan Mutombo Mawesi,J. Mutombo,850888,2002-08-27,47.28,3,0,4936.67,104.42,664.67,353.33,36.0,177.0,9.0,530.33,45.0,31.43,31.43,32.33,32.33,56.0,6.67,44.33,11.0,5.0,0.78,,3.33,1.42,,21.33,,
1265,Primeira Liga (PT),Hugo Félix Sequeira,H. Sequeira,850891,2004-03-03,58.49,25,1,7294.4,124.7,1354.08,436.8,34.92,70.76,4.56,507.56,39.48,26.58,28.72,28.34,30.97,71.4,3.76,59.64,8.6,2.16,0.72,0.87,0.24,1.51,,39.32,1.73,2.56
1265,Primeira Liga (PT),Leandro Henrique Sousa Santos,Leandro Santos,850893,2005-09-28,27.32,8,1,3184.0,116.56,493.5,235.62,22.25,82.5,4.88,318.12,27.12,29.1,30.32,29.9,31.27,38.0,3.75,28.25,8.0,2.62,0.61,0.77,0.5,,,15.0,2.18,3.11
1265,Primeira Liga (PT),Diogo Jorge Sousa Martins,Diogo Martins,851441,1996-08-21,9.92,1,0,1413.0,142.49,268.0,203.0,16.0,101.0,4.0,304.0,20.0,31.3,31.3,32.0,,12.0,1.0,11.0,2.0,1.0,,,0.0,,,11.0,,
1265,Primeira Liga (PT),Rodrigo  Rêgo,Rodrigo Rêgo,868712,2005-01-03,41.14,3,0,5113.33,124.28,884.0,332.33,27.67,61.33,5.0,393.67,32.67,27.17,27.17,28.43,28.43,65.33,2.33,49.0,11.0,2.33,,,0.33,,,31.67,,2.82
1265,Primeira Liga (PT),Guilherme Neiva Silva,G. Neiva,870451,2001-03-15,43.32,22,2,5019.59,115.88,776.27,356.05,36.32,173.73,8.23,529.77,44.55,30.03,31.64,31.12,33.3,54.64,4.95,42.09,10.91,3.64,0.55,0.57,1.0,1.18,1.41,23.91,1.91,2.62
1265,Primeira Liga (PT),José Augusto Silva,José Silva,870866,2005-08-20,20.58,3,1,2092.67,101.7,278.67,107.0,16.0,94.33,4.0,201.33,20.0,32.07,32.07,32.33,32.33,23.33,2.33,22.0,4.67,1.67,,,1.0,,,10.33,,
1265,Primeira Liga (PT),Diego Henrique Oliveira Rodrigues,Diego Rodrigues,876968,2005-05-24,47.91,20,0,5714.15,119.28,1035.55,354.55,29.75,68.95,4.25,423.5,34.0,27.02,28.64,28.43,30.33,71.05,3.3,56.6,10.1,2.1,0.69,0.72,0.5,1.54,1.64,23.25,2.19,2.62
1265,Primeira Liga (PT),Jónatas Xavier Zamith Oliveira Noro,Jónatas Noro,876971,2005-07-09,13.3,1,0,1055.0,79.32,157.0,50.0,3.0,15.0,1.0,65.0,4.0,23.4,23.4,24.0,,16.0,1.0,7.0,1.0,1.0,,,0.0,,,5.0,,
1265,Primeira Liga (PT),Yanis Franklin da Rocha,Yanis Rocha,876972,2004-05-10,34.05,4,0,3875.75,113.84,534.25,250.5,27.0,114.5,6.25,365.0,33.25,31.23,31.23,31.93,32.43,45.75,3.25,34.5,10.0,1.75,0.86,,1.0,,,16.25,2.4,3.15
1265,Primeira Liga (PT),Oskar Pietuszewski,O. Pietuszewski,877517,2008-05-20,55.7,15,1,6226.6,111.79,905.47,476.13,50.87,247.4,13.13,723.53,64.0,30.33,32.1,31.56,33.47,69.07,6.53,53.53,15.07,4.67,0.6,0.72,2.2,1.22,1.34,32.67,1.98,2.52
1265,Primeira Liga (PT),Yan Lincon Farias de Sousa,Yan Maranhão,878384,2002-09-13,40.8,21,0,4749.0,116.4,692.43,283.24,27.71,96.43,5.86,379.67,33.57,28.85,31.0,29.71,32.2,49.33,3.81,40.76,6.67,2.43,0.69,0.73,0.67,1.38,1.43,21.24,1.94,2.79
1265,Primeira Liga (PT),Mateo Flores Lozano,Mateo Flores,885727,2004-04-07,22.64,12,0,2696.67,119.09,535.17,181.42,14.92,36.42,2.0,217.83,16.92,27.77,29.86,28.89,31.57,29.08,1.33,22.92,3.25,0.67,0.8,,0.0,,,14.5,1.98,3.07
1265,Primeira Liga (PT),Tiago Rafael Fernandes Leite,Tiago Leite,887879,2000-07-31,20.2,9,0,2497.33,123.64,402.67,194.22,18.11,51.22,3.33,245.44,21.44,28.59,29.8,29.42,31.2,30.33,1.67,25.78,4.0,1.33,0.72,0.79,0.44,1.67,1.67,16.67,1.92,2.76
1265,Primeira Liga (PT),Vasco da Silva Moreira,Vasco Moreira,889588,2001-05-07,34.44,16,0,4095.25,118.9,854.25,224.19,18.81,33.75,2.19,257.94,21.0,25.37,27.88,26.48,29.77,51.44,2.12,43.62,5.81,0.94,0.8,0.86,0.06,,,20.25,2.05,2.73
1265,Primeira Liga (PT),Pedro Silva Rosas,Pedro Rosas,889594,2000-11-28,76.18,8,1,8323.38,109.25,1231.38,563.38,47.62,188.5,9.88,751.88,57.5,28.29,29.52,29.41,31.4,99.5,5.25,77.88,16.5,2.88,0.78,0.86,0.88,1.94,,32.62,2.22,2.66
1265,Primeira Liga (PT),Felipe De Almeida Lima,Felipe Lima,897136,2006-04-17,12.27,6,0,1482.17,120.8,268.67,132.5,12.67,54.5,2.33,187.0,15.0,28.33,28.94,28.85,30.4,16.5,1.17,12.17,3.5,1.17,0.81,0.91,0.67,1.46,,10.33,2.37,2.76
1265,Primeira Liga (PT),Mohamed Bamba,M. Bamba,906340,2004-10-08,27.81,4,0,3110.25,111.85,568.0,148.25,13.5,17.25,1.5,165.5,15.0,24.6,24.6,26.02,27.23,36.25,1.25,29.0,4.0,1.0,,,0.0,,,11.75,,
1265,Primeira Liga (PT),Mathis  Clairicia,M. Clairicia,913555,2002-08-30,20.91,9,0,2379.56,113.81,369.0,142.78,13.44,42.44,2.33,185.22,15.78,28.22,29.66,28.92,30.97,26.78,1.89,20.33,3.78,1.33,0.74,,0.44,1.49,,10.78,2.52,3.16
1265,Primeira Liga (PT),Mohamed Yassir Zabiri,Y. Zabiri,919240,2005-02-23,60.87,12,0,6461.42,106.15,862.0,462.25,51.92,215.42,12.5,677.67,64.42,29.93,31.34,30.99,32.27,74.33,7.67,57.42,17.75,5.58,0.65,0.71,2.0,1.21,1.42,39.75,1.79,2.75
1265,Primeira Liga (PT),Diogo Bezerra de Oliveira,Diogo Bezerra,921645,2002-07-16,79.18,16,1,9590.94,121.13,1309.31,617.25,66.88,346.06,17.69,963.31,84.56,30.79,32.24,32.15,34.03,87.44,5.75,68.44,14.38,4.81,0.62,0.63,2.38,1.19,1.2,49.5,1.92,2.64
1265,Primeira Liga (PT),Jimi Gower,J. Gower,924806,2004-10-01,26.35,7,2,3085.71,117.13,528.57,218.14,20.29,62.86,3.43,281.0,23.71,28.06,28.76,28.99,30.33,33.29,2.14,28.57,5.14,1.29,0.71,,0.57,1.48,,17.14,2.32,
1265,Primeira Liga (PT),Alisson De Almeida Santos,Alisson Santos,938386,2002-09-27,17.84,16,2,1886.81,105.76,308.88,156.38,14.38,61.5,3.25,217.88,17.62,28.89,31.62,29.61,32.87,21.94,1.69,17.75,4.12,1.25,0.64,0.66,0.75,1.23,1.49,11.0,2.2,2.71
1265,Primeira Liga (PT),Kevin Estiven Prieto Machado,K. Prieto,946750,2003-06-27,34.28,10,1,3681.1,107.39,540.0,240.0,22.7,75.0,4.5,315.0,27.2,28.51,30.02,29.59,31.77,41.1,3.2,31.7,7.2,2.7,0.67,0.89,0.9,1.32,1.6,15.9,2.06,2.73
1265,Primeira Liga (PT),Salvador Blopa,Salvador Blopa,959252,2007-06-13,26.71,2,1,2840.0,106.33,379.5,186.5,20.0,103.0,6.0,289.5,26.0,29.85,29.85,30.55,,33.0,2.5,27.0,5.0,2.0,,,1.0,,,15.5,,
1265,Primeira Liga (PT),Chiheb Labidi,C. Labidi,962563,2001-06-01,64.89,26,2,7538.19,116.16,1372.12,520.65,43.35,116.73,6.31,637.38,49.65,27.4,29.78,29.18,32.23,76.92,3.15,63.81,11.08,1.88,0.71,0.74,0.0,,,35.15,1.82,2.57
1265,Primeira Liga (PT),Gonzalo Pastor Sanchez,G. Pastor Sanchez,969772,2006-03-20,25.41,2,0,3133.5,123.33,598.5,263.5,24.0,40.0,3.5,303.5,27.5,26.45,26.45,28.8,,37.0,1.5,25.5,7.5,1.0,,,0.0,,,22.5,,
1265,Primeira Liga (PT),Isaac James,I. James,973088,2004-08-28,76.24,19,0,8742.26,114.66,1360.42,579.95,53.84,191.63,10.74,771.58,64.58,29.42,31.36,31.22,33.33,97.42,6.84,79.95,17.21,5.21,0.56,0.57,1.32,1.23,1.31,43.68,1.91,2.55
1265,Primeira Liga (PT),Rafael Genuino Lobato,Rafael Lobato,973654,2006-02-23,11.47,2,0,1298.5,113.16,227.5,106.5,6.0,29.0,1.5,135.5,7.5,27.55,27.55,27.85,,15.0,1.5,10.5,3.0,1.5,,,0.5,,,6.0,,
1265,Primeira Liga (PT),Davy Jean Carl Kamon Gui Gui,Davy Gui,974582,2006-06-15,28.86,27,1,3404.19,117.97,607.85,189.33,17.93,41.48,2.67,230.81,20.59,27.2,30.64,28.34,32.13,41.15,2.15,32.96,5.44,1.59,0.61,0.64,0.41,1.21,,17.0,1.99,2.75
1265,Primeira Liga (PT),Thiago Balieiro Lourenço de Carvalho,Thiago Carvalho,975544,2003-02-23,100.17,13,0,10295.85,102.79,1290.54,504.23,51.0,219.31,12.15,723.54,63.15,30.32,31.36,31.98,33.6,110.38,6.92,81.62,15.15,4.08,0.58,0.6,1.85,1.13,1.21,41.0,1.82,2.86
1265,Primeira Liga (PT),Domingos José Gabriel Bandeira,Kaly,977121,2003-11-27,90.47,10,2,8282.2,91.55,839.8,298.2,33.2,152.2,7.0,450.4,40.2,31.14,32.42,32.63,34.3,91.4,5.7,70.4,11.4,4.1,0.59,0.74,2.8,1.05,1.34,21.9,2.25,2.77
1265,Primeira Liga (PT),Gustavo Teixeira Lopes da Conceição,Gustavo Mancha,978489,2004-07-25,98.15,13,1,9961.69,101.5,1189.77,364.23,35.31,92.23,6.54,456.46,41.85,28.28,29.64,30.11,32.0,106.54,4.46,82.38,12.77,2.69,0.7,0.71,0.69,1.62,,23.15,2.14,2.9
1265,Primeira Liga (PT),Gonzalo Calçada De Sa Sanchidrián,Gonzalo Calçada,979393,2001-07-25,18.77,1,0,2484.0,132.36,437.0,243.0,20.0,73.0,3.0,316.0,23.0,27.1,27.1,28.5,,27.0,1.0,19.0,4.0,0.0,,,0.0,,,20.0,,
1265,Primeira Liga (PT),Tiago Parreira Parente,Tiago Parente,984933,2004-01-14,40.03,14,0,4755.36,118.8,823.93,392.86,33.64,100.79,6.64,493.64,40.29,28.08,29.38,29.41,31.8,60.5,3.71,47.14,11.36,2.29,0.76,0.76,0.5,1.52,,21.86,2.15,2.67
1265,Primeira Liga (PT),Sandro Miguel Rodrigues Vidigal,Sandro Vidigal,994932,2007-07-28,20.33,4,0,2218.5,109.13,362.25,182.0,17.25,62.75,3.5,244.75,20.75,29.7,29.7,30.3,31.1,25.25,2.25,18.0,5.25,1.75,0.77,,0.5,,,12.0,2.67,
1265,Primeira Liga (PT),Luís Teixeira Pinto,Luís Pinto,994942,2006-08-16,76.43,3,0,9409.67,123.11,1650.67,521.67,40.67,74.0,4.33,595.67,45.0,27.83,27.83,29.53,29.53,93.67,2.33,78.33,10.67,1.0,,,0.0,,,34.0,2.29,2.9
1265,Primeira Liga (PT),Pedro Henrique Bezerra Carvalho,Pedro Careca,995276,2004-11-12,36.95,3,0,4302.33,116.44,590.0,287.33,30.0,123.33,7.0,410.67,37.0,30.87,30.87,31.33,31.33,51.0,5.0,38.33,9.33,3.0,,,1.33,,,19.33,,2.87
1265,Primeira Liga (PT),Alisson Souza de Jesus,Alisson Jesus,995927,2005-04-11,21.76,5,0,2562.8,117.79,402.0,184.4,19.6,85.2,3.6,269.6,23.2,30.0,30.0,30.68,32.1,29.4,2.6,22.2,5.8,1.8,0.82,,0.8,1.64,,17.6,2.33,2.82
1265,Primeira Liga (PT),Landerson Costa Araujo,Landerson,997771,2006-12-12,50.59,28,1,5490.64,108.54,782.43,337.46,35.39,124.04,7.14,461.5,42.54,29.76,32.0,30.84,32.97,63.89,6.54,51.57,13.36,4.75,0.57,0.62,1.43,1.14,1.23,27.14,2.09,2.54
1265,Primeira Liga (PT),Afonso Assis Cunha Almeida,Afonso Assis,997839,2006-07-15,53.69,18,0,6574.5,122.46,1141.22,295.67,25.78,31.33,2.5,327.0,28.28,25.93,27.98,27.56,30.13,66.17,2.06,55.22,6.06,1.06,0.74,0.87,0.11,,,29.06,2.08,2.74
1265,Primeira Liga (PT),Alexandre Mussolo Sola,A. Mussolo Sola,997845,2003-12-14,48.74,16,0,5652.81,115.99,903.69,336.81,33.56,102.19,6.56,439.0,40.12,28.46,30.1,29.68,31.37,66.44,4.75,54.62,10.75,3.5,0.59,0.6,1.0,1.11,1.11,32.5,1.96,2.61
1265,Primeira Liga (PT),Bernardo Lima,B. Lima,1002389,2008-03-26,14.4,1,0,2011.0,139.65,432.0,217.0,16.0,54.0,3.0,271.0,19.0,27.4,27.4,28.4,,21.0,0.0,18.0,5.0,0.0,,,0.0,,,14.0,,
1265,Primeira Liga (PT),Otávio Manoel Galdino Fernandes,Otávio,1003578,2005-11-25,67.47,22,0,6809.64,100.92,822.18,323.86,33.23,99.59,6.55,423.45,39.77,28.79,30.94,30.25,32.47,75.95,5.41,61.18,13.23,4.18,0.6,0.64,1.27,1.28,,24.45,1.93,2.72
1265,Primeira Liga (PT),Henrique Fernandes da Silva,Henrique Silva,1003590,2005-10-17,87.77,12,1,9095.33,103.63,1212.83,336.33,30.33,79.58,4.5,415.92,34.83,27.77,29.18,29.76,31.07,98.58,5.33,78.5,10.17,3.08,0.64,0.74,0.75,1.49,,23.33,2.25,3.16
1265,Primeira Liga (PT),Renato Sam Na Nhaga,Renato Nhaga,1004603,2007-03-27,70.97,18,0,8696.28,122.53,1649.28,517.28,43.22,87.11,5.89,604.39,49.11,27.18,29.12,29.3,31.73,81.83,2.44,66.56,8.06,1.61,0.62,0.62,0.44,1.43,,44.67,1.93,2.59
1265,Primeira Liga (PT),Rodrigo Prata Deusdado Rodrigues,Rodrigo Rodrigues,1008882,2007-06-12,19.74,3,1,2178.67,110.37,386.0,166.67,16.33,70.67,3.67,237.33,20.0,28.9,28.9,30.17,30.17,29.33,2.0,20.33,5.33,1.67,,,0.33,,,13.33,,
1265,Primeira Liga (PT),José Luís Rocha Tavares,José Tavares,1008931,2003-06-02,43.97,25,0,5270.2,119.86,956.84,331.24,29.88,73.12,4.76,404.36,34.64,27.8,30.48,29.23,32.2,59.28,2.8,47.6,8.56,1.68,0.66,0.7,0.4,1.42,1.53,30.68,1.97,2.62
1265,Primeira Liga (PT),Tiago Gonçalves Silva,Tiago Silva,1008966,2007-07-10,27.28,1,0,3492.0,127.99,672.0,194.0,16.0,26.0,2.0,220.0,18.0,26.9,26.9,28.4,,31.0,2.0,30.0,4.0,2.0,,,1.0,,,12.0,,
1265,Primeira Liga (PT),Edson Joelder Lobo Mucuana,E. Mucuana,1022354,2003-12-12,82.2,1,0,9178.0,111.65,1259.0,530.0,58.0,273.0,13.0,803.0,71.0,30.7,30.7,32.4,,95.0,11.0,78.0,13.0,10.0,,,6.0,,,46.0,,
1265,Primeira Liga (PT),Umar Abubakar,U. Abubakar,1022520,2006-02-15,25.84,21,1,2908.86,112.57,421.52,188.57,18.43,71.43,3.57,260.0,22.0,28.91,31.26,29.71,33.27,30.86,2.76,24.05,6.0,1.52,0.61,0.69,0.38,1.55,1.74,14.67,2.1,2.75
1265,Primeira Liga (PT),Flavio Ferreira Gonçalves Gonçalves,Flavio Gonçalves,1022911,2007-05-30,10.47,3,0,1346.67,128.66,249.33,141.67,10.33,34.33,2.0,176.0,12.33,28.13,28.13,28.8,28.8,14.67,1.0,11.67,4.0,0.67,,,0.0,,,10.0,,
1265,Primeira Liga (PT),João Moisés Gastão,J. Gastão,1023147,2006-07-22,41.21,8,0,4403.75,106.85,527.12,231.38,29.88,143.75,7.38,375.12,37.25,32.2,33.16,32.79,34.17,46.0,4.12,36.88,9.38,3.38,0.6,0.84,1.88,1.23,,20.12,2.22,2.91
1265,Primeira Liga (PT),Gonçalo  Maia Pereira,Gonçalo Maia,1023719,2005-11-30,7.35,2,0,1072.5,145.92,235.0,81.5,7.5,42.0,1.5,123.5,9.0,27.6,27.6,27.9,,14.0,1.0,11.5,1.0,0.0,,,0.0,,,5.5,,
1265,Primeira Liga (PT),André Alexandre Mendes Miranda,André Miranda,1024233,2007-09-25,15.88,1,0,1423.0,89.59,212.0,99.0,14.0,53.0,3.0,152.0,17.0,29.7,29.7,29.7,,20.0,2.0,20.0,2.0,0.0,,,0.0,,,9.0,,
1265,Primeira Liga (PT),João Miguel Costa Nogueira,Miguel Nogueira,1025116,2005-02-27,53.76,16,0,6455.44,120.09,1118.44,458.56,44.12,137.81,8.25,596.38,52.38,27.84,29.54,29.51,31.67,77.38,6.25,60.94,13.94,4.12,0.69,0.72,1.31,1.28,1.57,43.06,1.96,2.67
1265,Primeira Liga (PT),André Tiago Ramos das Neves,Peixinho,1027293,2004-05-23,23.29,11,0,2820.91,121.14,456.82,237.82,21.64,65.45,4.27,303.27,25.91,28.09,29.66,29.02,30.83,32.73,3.27,24.82,7.09,2.27,0.64,0.73,0.45,1.47,,21.09,2.02,2.66
1265,Primeira Liga (PT),Ricardo Joaquim Ferreira Rocha,Ricardo Rocha,1028213,2003-09-07,47.02,2,0,5126.0,109.01,787.5,216.5,22.5,50.5,3.5,267.0,26.0,27.5,27.5,28.75,,55.0,3.0,46.0,6.5,1.0,,,0.5,,,23.5,,
1265,Primeira Liga (PT),Noah Jose  Saviolo,Noah Saviolo,1028214,2004-03-07,71.6,30,0,7426.6,103.72,969.03,491.53,54.07,232.27,12.5,723.8,66.57,30.76,32.64,32.06,34.03,81.47,8.4,64.33,17.57,6.7,0.59,0.6,2.77,1.13,1.2,38.1,1.9,2.57
1265,Primeira Liga (PT),Zakaria Kessary,Z. Kessary,1029517,,10.69,2,1,1173.5,109.76,215.5,102.5,10.5,32.5,1.5,135.0,12.0,28.35,28.35,28.85,,15.0,1.5,10.0,4.0,0.5,,,0.0,,,7.5,,
1265,Primeira Liga (PT),Fodé Carlos Gaspar Pascoal,Fodé Pascoal,1032058,2004-12-26,12.4,1,0,1510.0,121.77,230.0,66.0,10.0,51.0,2.0,117.0,12.0,28.1,28.1,28.7,,16.0,1.0,12.0,3.0,1.0,,,1.0,,,7.0,,
1265,Primeira Liga (PT),Kauan de Souza Gomes,Kauan,1032844,2005-04-26,13.21,4,0,1640.75,124.22,295.0,149.75,12.75,59.25,4.0,209.0,16.75,28.0,28.0,28.7,29.97,19.5,2.0,18.0,3.75,1.75,,,0.5,,,12.5,2.56,
1265,Primeira Liga (PT),Martim Costa Guedes,Zeega,1033808,2008-11-05,26.97,2,0,2912.5,108.0,482.5,170.5,15.0,67.5,2.5,238.0,17.5,29.25,29.25,30.15,,30.5,1.0,27.0,2.5,0.5,,,0.5,,,15.5,,
1265,Primeira Liga (PT),Deivison Souza Brito,Deivison,1036218,2006-05-04,31.98,4,0,3542.5,110.79,499.25,206.0,20.0,101.25,5.0,307.25,25.0,28.9,28.9,29.95,30.63,35.25,3.5,28.75,5.75,2.75,0.71,,1.75,1.73,,15.5,2.45,3.05
1265,Primeira Liga (PT),António Gil Lourenço Oliveira Valério Branco,António Gil,1037678,2008-01-08,18.08,1,0,1866.0,103.19,345.0,112.0,12.0,21.0,2.0,133.0,14.0,25.3,25.3,26.3,,30.0,3.0,19.0,4.0,2.0,,,1.0,,,18.0,,
1265,Primeira Liga (PT),Rudi Daniel Silva Almeida,Rudi Almeida,1037788,2005-03-19,13.88,2,0,1787.0,128.72,327.0,197.5,18.0,70.0,4.0,267.5,22.0,28.3,28.3,29.1,,24.0,2.5,17.0,4.0,1.5,,,0.5,,,15.5,,
1265,Primeira Liga (PT),Miguel Andrade Silva,Miguel Silva,1038260,2007-12-17,7.73,1,0,1079.0,139.53,220.0,128.0,9.0,27.0,1.0,155.0,10.0,26.5,26.5,27.1,,19.0,1.0,13.0,2.0,1.0,,,0.0,,,13.0,,
1265,Primeira Liga (PT),Henrique Franco Torcato,Henrique Torcato,1038373,2007-11-23,88.43,1,0,9361.0,105.85,1262.0,661.0,71.0,250.0,14.0,911.0,85.0,30.8,30.8,31.9,,140.0,15.0,107.0,33.0,12.0,,,3.0,,,53.0,,
1265,Primeira Liga (PT),Gabriel  Souza,G. Souza,1039641,,35.43,1,0,3963.0,111.84,741.0,286.0,30.0,175.0,6.0,461.0,36.0,29.4,29.4,30.1,,47.0,2.0,30.0,9.0,2.0,,,1.0,,,26.0,,
1265,Primeira Liga (PT),Eddy Doué,E. Doué,1041591,2005-12-11,61.61,14,0,6792.5,110.24,981.29,350.79,34.5,82.64,4.86,433.43,39.36,27.54,28.9,28.95,30.77,75.5,4.5,61.93,12.0,3.07,0.61,0.65,0.71,1.15,1.3,33.64,1.95,2.65
1265,Primeira Liga (PT),Francisco Lagos dias,F. Lagos dias,1067667,2002-10-23,99.95,2,0,10361.0,103.66,1304.5,607.5,62.0,301.0,17.0,908.5,79.0,30.45,30.45,32.35,,103.5,10.5,84.0,23.0,8.5,,,3.0,,,34.0,,
1265,Primeira Liga (PT),Abdu Dafe,A. Dafe,1067723,2008-06-10,,0,1,,,,,,,,,,,,,,,,,,,,,,,,,,
