competition_edition,league,player_id,player_name,player_short_name,player_birthdate,minutes,minutes_tip,minutes_otip,performance_count,performance_included_count,performance_failed_count,possession_count_total,possession_count,possession_count_retained,possession_pct_retained,possession_count_shotwithin10s,possession_count_goalwithin10s,possession_avgdistance,possession_avgduration,reception_count_total,reception_count,reception_count_retained,reception_pct_retained,reception_count_intensepressure_tightspace,reception_count_intensepressure_tightspace_retained,reception_pct_intensepressure_tightspace_retained,reception_count_inspace,longcarry_count_total,longcarry_count,longcarry_count_retained,longcarry_count_forwardtrajectory,longcarry_count_forwardtrajectory_retained,longcarry_count_abovehsr,longcarry_count_forwardtrajectory_abovehsr,longcarry_count_forwardtrajectory_abovehsr_retained,longcarry_pct_forwardtrajectory_abovehsr_retained,longcarry_pct_retained,longcarry_pct_forwardtrajectory_retained,possession_count_forwardmomentum,giveandgo_count,possession_count_beatbymovement,possession_count_beatbypossession,possession_count_drawnpressure,possession_count_drawnpressure_retained,possession_pct_drawnpressure_retained,reception_count_intensepressure_constrainedspace,possession_count_escapedpressure,possession_pct_escapedpressure,reception_count_intensepressure,possession_count_intensepressure_progressed,possession_pct_intensepressure_progressed,possession_count_intensepressure_dangercreated,possession_pct_intensepressure_dangercreated
1189,Superliga (DK),173,Adam Buksa,A. Buksa,1996-07-12,80.04,21.9,16.31,3,3,0,43.0,14.33,9.33,65.12,4.67,1.0,5.09,1.42,24.0,8.0,5.67,70.83,3.0,2.0,66.67,4.33,9.0,3.0,2.33,1.0,0.33,0.33,0.33,0.0,0.0,77.78,33.33,0.0,1.33,0.33,0.33,0.0,0.0,,3.0,1.0,33.33,4.0,0.67,16.66,1.0,25.0
1189,Superliga (DK),2217,Daniel Mathias Høegh,D. Høegh,1991-01-06,95.16,27.8,28.71,30,28,2,1743.0,62.25,52.96,85.08,1.64,0.21,3.95,1.42,1213.0,43.32,39.39,90.93,0.36,0.18,50.0,41.36,245.0,8.75,7.64,4.18,3.64,1.11,0.18,0.11,60.0,87.35,87.18,0.0,0.11,0.0,0.0,0.57,0.36,62.5,0.46,0.04,7.69,0.75,0.21,28.57,0.04,4.76
1189,Superliga (DK),2252,Daniel Wass,D. Wass,1989-05-31,61.92,16.53,18.12,26,25,1,767.0,30.68,24.44,79.66,2.76,0.12,2.72,1.07,510.0,20.4,17.12,83.92,0.76,0.28,36.84,16.92,72.0,2.88,2.36,0.92,0.8,0.52,0.28,0.24,85.71,81.95,86.96,0.52,0.6,0.08,0.08,0.16,0.04,25.0,1.56,0.12,7.69,2.76,0.32,11.59,0.28,10.15
1189,Superliga (DK),4286,Henrik Dalsgaard,H. Dalsgaard,1989-07-27,82.86,24.76,21.32,32,32,0,1707.0,53.34,44.41,83.25,1.12,0.19,4.3,1.67,1187.0,37.09,33.22,89.55,0.19,0.09,50.0,35.88,310.0,9.69,7.94,5.75,4.97,0.97,0.5,0.44,87.5,81.94,86.41,0.16,0.03,0.16,0.06,0.47,0.31,66.67,0.25,0.09,37.5,0.41,0.09,23.08,0.03,7.69
1189,Superliga (DK),4830,Jay-Roy Grot,J. Grot,1998-03-13,78.98,22.8,22.9,29,28,1,518.0,18.5,9.71,52.51,3.21,0.46,6.09,1.71,329.0,11.75,6.54,55.62,3.29,1.46,44.57,5.25,122.0,4.36,2.68,2.14,1.11,1.11,0.89,0.25,28.0,61.48,51.67,1.0,1.29,0.64,0.79,0.21,0.07,33.33,4.29,1.04,24.17,6.5,1.21,18.68,1.68,25.82
1189,Superliga (DK),4983,Jesper Hansen,J. Hansen,1985-03-31,99.16,29.88,25.75,30,30,0,807.0,26.9,18.93,70.38,0.07,0.0,5.16,3.3,447.0,14.9,11.47,76.96,0.17,0.03,20.0,14.67,190.0,6.33,4.33,2.9,2.17,0.03,0.0,0.0,,68.42,74.71,0.0,0.0,0.0,0.0,0.33,0.2,60.0,0.47,0.13,28.57,0.63,0.17,26.31,0.0,0.0
1189,Superliga (DK),5224,Jonas Lössl,J. Lössl,1989-02-01,102.62,26.58,28.04,5,5,0,167.0,33.4,24.8,74.25,0.2,0.0,4.45,3.19,95.0,19.0,14.8,77.9,0.2,0.0,0.0,19.0,31.0,6.2,4.8,3.0,2.2,0.0,0.0,0.0,,77.42,73.33,0.0,0.0,0.0,0.0,0.4,0.2,50.0,0.6,0.2,33.33,0.6,0.2,33.33,0.0,0.0
1189,Superliga (DK),5334,Jordi Vanlerberghe,J. Vanlerberghe,1996-06-27,59.65,17.64,17.63,15,14,1,516.0,36.86,30.07,81.59,1.5,0.07,4.68,1.63,359.0,25.64,21.5,83.85,0.64,0.36,55.56,24.71,91.0,6.5,4.71,3.29,2.0,1.21,0.5,0.21,42.86,72.53,60.87,0.07,0.79,0.07,0.07,0.86,0.43,50.0,0.86,0.07,8.33,1.07,0.57,53.33,0.0,0.0
1189,Superliga (DK),5843,Kevin Mbabu,K. Mbabu,1995-04-19,54.61,15.37,14.0,25,25,0,699.0,27.96,19.44,69.53,1.36,0.08,5.74,1.94,514.0,20.56,15.0,72.96,0.84,0.36,42.86,18.56,162.0,6.48,3.56,4.0,1.88,1.16,0.96,0.28,29.17,54.94,47.0,0.08,1.64,0.16,0.92,0.76,0.24,31.58,1.28,0.16,12.5,1.96,0.44,22.45,0.04,2.04
1189,Superliga (DK),5899,Kian Hansen,K. Hansen,1989-03-03,41.06,14.33,11.22,5,5,0,215.0,43.0,37.8,87.91,0.6,0.0,3.16,1.44,181.0,36.2,32.6,90.05,0.2,0.2,100.0,35.2,16.0,3.2,2.6,1.6,1.2,0.0,0.0,0.0,,81.25,75.0,0.0,0.0,0.0,0.0,0.0,0.0,,0.2,0.0,0.0,0.6,0.2,33.33,0.0,0.0
1189,Superliga (DK),6058,Lasse Nielsen,L. Nielsen,1988-01-08,96.56,25.81,28.45,27,27,0,1368.0,50.67,40.78,80.48,1.19,0.04,3.79,1.49,886.0,32.81,29.41,89.62,0.19,0.0,0.0,31.22,200.0,7.41,6.04,4.07,3.52,0.85,0.07,0.04,50.0,81.5,86.36,0.04,0.26,0.0,0.04,0.48,0.07,15.38,0.33,0.04,11.11,0.56,0.15,26.67,0.07,13.33
1189,Superliga (DK),7040,Martin Hansen,M. Hansen,1990-06-15,102.02,26.1,29.0,3,3,0,100.0,33.33,22.67,68.0,0.0,0.0,3.81,2.82,49.0,16.33,12.67,77.55,0.33,0.0,0.0,15.67,11.0,3.67,2.67,1.33,1.0,0.0,0.0,0.0,,72.73,75.0,0.0,0.0,0.0,0.0,0.0,0.0,,0.67,0.0,0.0,1.0,0.0,0.0,0.0,0.0
1189,Superliga (DK),7157,Mathias Jattah-Njie Jørgensen,M. Jørgensen,1990-04-23,102.19,31.83,24.87,12,12,0,800.0,66.67,57.42,86.13,2.33,0.17,3.81,1.95,550.0,45.83,42.08,91.82,0.17,0.08,50.0,44.75,114.0,9.5,8.33,5.0,4.33,0.75,0.17,0.17,100.0,87.72,86.67,0.08,0.0,0.0,0.0,0.33,0.08,25.0,0.25,0.0,0.0,0.5,0.08,16.67,0.0,0.0
1189,Superliga (DK),7429,Michael Gregoritsch,M. Gregoritsch,1994-04-18,39.0,10.99,10.86,11,11,0,86.0,7.82,4.27,54.65,1.64,0.27,4.61,1.41,46.0,4.18,2.27,54.35,1.09,0.55,50.0,3.36,17.0,1.55,0.91,0.82,0.36,0.0,0.0,0.0,,58.82,44.44,0.73,0.45,0.36,0.09,0.09,0.0,0.0,1.64,0.36,22.22,2.09,0.27,13.04,0.36,17.39
1189,Superliga (DK),8352,Pantelis Hatzidiakos,P. Hatzidiakos,1997-01-18,85.62,28.28,21.27,28,28,0,1964.0,70.14,61.93,88.29,1.61,0.25,4.39,1.87,1483.0,52.96,48.89,92.31,0.25,0.11,42.86,51.04,353.0,12.61,11.04,6.96,6.0,1.0,0.29,0.25,87.5,87.54,86.15,0.0,0.32,0.0,0.04,0.61,0.46,76.47,0.57,0.11,18.75,0.93,0.11,11.54,0.0,0.0
1189,Superliga (DK),9624,Sean Klaiber,S. Klaiber,1994-07-31,95.01,27.65,27.71,13,13,0,748.0,57.54,44.15,76.74,3.54,0.38,3.74,1.49,534.0,41.08,33.85,82.4,2.23,1.15,51.73,38.08,101.0,7.77,6.0,3.69,2.54,1.23,0.54,0.15,28.57,77.23,68.75,0.15,1.77,0.0,0.54,0.77,0.69,90.0,3.38,0.31,9.09,5.0,1.46,29.23,0.38,7.69
1189,Superliga (DK),10454,Tom Trybull,T. Trybull,1993-03-09,9.12,4.45,1.84,1,1,0,13.0,13.0,11.0,84.62,2.0,0.0,3.85,1.55,11.0,11.0,10.0,90.91,1.0,1.0,100.0,10.0,2.0,2.0,2.0,2.0,2.0,0.0,0.0,0.0,,100.0,100.0,0.0,0.0,0.0,0.0,0.0,0.0,,1.0,0.0,0.0,1.0,0.0,0.0,0.0,0.0
1189,Superliga (DK),10839,Wessel Dammers,W. Dammers,1995-03-01,97.0,28.01,29.65,32,30,2,2046.0,68.2,58.67,86.02,1.3,0.13,4.36,1.67,1460.0,48.67,44.63,91.71,0.3,0.1,33.33,45.8,321.0,10.7,9.47,4.97,4.5,0.83,0.4,0.27,66.67,88.47,90.6,0.0,0.07,0.0,0.03,0.47,0.33,71.43,0.5,0.1,20.0,0.87,0.17,19.23,0.0,0.0
1189,Superliga (DK),11192,Thomas Delaney,T. Delaney,1991-09-03,54.56,17.3,13.86,22,22,0,720.0,32.73,25.73,78.61,2.0,0.18,2.36,1.08,515.0,23.41,19.95,85.24,0.45,0.23,50.0,20.05,46.0,2.09,1.77,0.91,0.73,0.27,0.05,0.0,0.0,84.78,80.0,0.55,0.86,0.0,0.05,0.05,0.0,0.0,1.14,0.09,8.0,1.95,0.36,18.6,0.14,6.98
1189,Superliga (DK),11193,Andreas Cornelius,A. Cornelius,1993-03-16,49.87,14.43,11.62,18,18,0,194.0,10.78,4.5,41.75,2.67,0.11,4.23,1.26,117.0,6.5,2.72,41.88,2.33,0.78,33.33,2.0,32.0,1.78,0.78,0.94,0.33,0.44,0.44,0.06,12.5,43.75,35.3,0.5,0.5,0.94,0.28,0.0,0.0,,2.78,0.28,10.0,4.33,0.78,17.95,0.89,20.51
1189,Superliga (DK),11491,Viktor Claesson,V. Claesson,1992-01-02,49.99,16.94,12.2,30,30,0,538.0,17.93,12.63,70.45,2.4,0.23,3.2,0.9,374.0,12.47,9.3,74.6,2.3,1.13,49.27,7.5,68.0,2.27,1.43,1.17,0.6,0.67,0.47,0.17,35.71,63.23,51.43,0.73,1.63,0.33,0.13,0.03,0.0,0.0,3.5,0.63,18.1,4.8,0.57,11.81,1.23,25.69
1189,Superliga (DK),11509,Lukas Lerager,L. Lerager,1993-07-12,76.97,26.9,18.79,17,17,0,648.0,38.12,31.59,82.87,2.59,0.18,2.28,0.86,462.0,27.18,23.94,88.09,1.29,0.88,68.18,22.18,41.0,2.41,2.24,0.94,0.76,0.41,0.12,0.06,50.0,92.68,81.25,0.29,0.94,0.12,0.12,0.06,0.06,100.0,2.47,0.18,7.14,3.29,0.88,26.79,0.47,14.29
1189,Superliga (DK),11538,Patrick Pentz,P. Pentz,1997-01-02,99.39,27.79,28.46,31,30,1,890.0,29.67,21.47,72.36,0.2,0.03,3.95,2.81,520.0,17.33,12.97,74.81,0.13,0.07,50.0,16.7,112.0,3.73,2.83,2.83,2.3,0.0,0.0,0.0,,75.89,81.18,0.0,0.0,0.0,0.0,0.27,0.2,75.0,0.23,0.07,28.57,0.23,0.03,14.29,0.0,0.0
1189,Superliga (DK),11640,Philip Billing,P. Billing,1996-06-11,86.2,25.43,20.05,20,20,0,719.0,35.95,28.9,80.39,2.6,0.35,4.37,1.42,464.0,23.2,20.35,87.72,1.4,0.7,50.0,18.95,124.0,6.2,4.75,2.35,1.5,1.05,0.5,0.25,50.0,76.61,63.83,0.55,1.3,0.4,0.4,0.1,0.05,50.0,2.2,0.4,18.18,3.45,0.6,17.39,0.7,20.29
1189,Superliga (DK),11956,Rúnar Alex Rúnarsson,R. Rúnarsson,1995-02-18,101.52,31.08,25.86,2,2,0,49.0,24.5,16.5,67.35,0.5,0.0,3.69,2.27,35.0,17.5,11.5,65.71,0.5,0.0,0.0,16.5,7.0,3.5,2.5,1.5,1.0,0.0,0.0,0.0,,71.43,66.67,0.0,0.0,0.0,0.0,1.0,0.0,0.0,1.0,0.0,0.0,1.0,0.0,0.0,0.0,0.0
1189,Superliga (DK),12026,Birger Solberg Meling,B. Meling,1994-12-17,53.27,16.42,13.59,18,18,0,511.0,28.39,23.11,81.41,1.83,0.11,5.79,1.88,377.0,20.94,17.61,84.09,1.0,0.67,66.67,19.72,125.0,6.94,5.67,3.67,3.28,1.28,0.89,0.67,75.0,81.6,89.39,0.06,3.78,0.17,0.22,0.56,0.17,30.0,1.5,0.33,22.22,2.33,0.61,26.19,0.39,16.67
1189,Superliga (DK),12642,Mohamed Amine Elyounoussi,M. Elyounoussi,1994-08-04,89.12,28.12,22.18,30,30,0,1131.0,37.7,25.33,67.2,5.73,0.8,5.37,1.61,787.0,26.23,18.67,71.16,3.07,1.33,43.48,18.37,241.0,8.03,5.8,3.97,2.67,1.77,1.33,0.73,55.0,72.2,67.23,1.7,2.07,0.73,0.87,0.83,0.5,60.0,4.57,0.57,12.41,7.8,1.07,13.68,2.0,25.64
1189,Superliga (DK),12675,Emmanuel Bonaventure Dennis,E. Dennis,1997-11-15,47.56,12.94,10.81,11,10,1,125.0,12.5,6.1,48.8,2.5,0.1,7.85,2.23,82.0,8.2,4.1,50.0,2.4,1.1,45.83,3.9,40.0,4.0,2.0,1.9,0.7,0.5,0.2,0.1,50.0,50.0,36.84,0.8,0.9,0.5,0.6,0.3,0.3,100.0,2.7,0.3,11.11,5.1,1.1,21.57,0.8,15.69
1189,Superliga (DK),12881,Peter Ankersen,P. Ankersen,1990-09-22,93.21,32.34,24.85,30,29,1,2115.0,72.93,59.55,81.65,3.62,0.48,3.47,1.4,1718.0,59.24,50.14,84.63,1.83,0.9,49.06,56.66,238.0,8.21,6.14,4.83,3.76,1.34,0.9,0.52,57.69,74.79,77.86,0.07,1.45,0.17,0.21,0.52,0.34,66.67,2.9,0.41,14.29,4.59,0.79,17.29,0.48,10.53
1189,Superliga (DK),12885,Rasmus Falk Jensen,R. Falk,1992-01-15,97.1,28.38,27.49,29,28,1,1911.0,68.25,58.18,85.24,3.57,0.43,2.67,1.17,1376.0,49.14,43.25,88.01,1.89,0.86,45.28,40.04,166.0,5.93,4.75,2.46,2.04,0.29,0.11,0.11,100.0,80.12,82.61,1.29,1.04,0.11,0.32,0.29,0.14,50.0,4.39,0.57,13.01,5.93,0.68,11.45,0.29,4.82
1189,Superliga (DK),13292,Mikkel Duelund,M. Duelund,1997-06-29,66.65,16.68,21.14,25,25,0,508.0,20.32,11.76,57.87,3.08,0.4,6.77,1.84,350.0,14.0,8.56,61.14,2.4,1.12,46.67,9.8,153.0,6.12,3.64,2.64,1.24,0.88,0.68,0.24,35.29,59.48,46.97,0.88,1.8,0.24,0.52,0.36,0.04,11.11,3.28,0.64,19.51,4.84,0.68,14.05,0.92,19.01
1189,Superliga (DK),13484,Dominik Kotarski,D. Kotarski,2000-02-10,100.63,32.44,25.07,31,31,0,877.0,28.29,20.03,70.81,0.26,0.1,4.7,2.99,552.0,17.81,13.19,74.09,0.13,0.06,50.0,17.06,179.0,5.77,3.97,2.9,2.1,0.0,0.0,0.0,,68.72,72.22,0.0,0.0,0.0,0.0,0.03,0.03,100.0,0.35,0.1,27.27,0.52,0.19,37.5,0.0,0.0
1189,Superliga (DK),13547,Oliver Olsen,O. Olsen,2000-08-13,95.01,27.22,30.23,17,16,1,761.0,47.56,33.06,69.51,3.44,0.38,4.32,1.37,543.0,33.94,25.75,75.87,2.38,1.0,42.1,31.06,136.0,8.5,5.62,5.94,3.75,1.69,1.25,0.56,45.0,66.18,63.16,0.19,3.56,0.56,0.88,0.88,0.56,64.29,3.94,0.38,9.52,6.38,1.94,30.39,0.5,7.84
1189,Superliga (DK),13923,Andrew Hjulsager,A. Hjulsager,1995-01-15,69.81,19.13,20.24,24,24,0,737.0,30.71,19.62,63.91,3.42,0.29,6.7,1.98,485.0,20.21,13.54,67.01,2.75,1.25,45.45,15.38,205.0,8.54,5.5,4.58,2.88,1.5,1.25,0.67,53.33,64.39,62.73,1.12,2.96,0.25,0.75,0.38,0.12,33.33,3.88,0.5,12.9,6.17,1.21,19.59,0.96,15.54
1189,Superliga (DK),14272,Tim Freriks,T. Freriks,1998-10-02,56.39,16.0,17.53,23,23,0,226.0,9.83,4.91,50.0,1.7,0.17,5.7,1.52,138.0,6.0,3.3,55.07,1.74,0.7,40.0,2.0,51.0,2.22,0.96,1.39,0.57,0.52,0.52,0.13,25.0,43.14,40.62,0.43,0.52,0.57,0.48,0.0,0.0,,2.39,0.22,9.09,4.17,0.65,15.62,0.7,16.67
1189,Superliga (DK),14294,Leeroy Owusu,L. Owusu,1996-08-13,90.95,26.77,26.09,32,31,1,1650.0,53.23,38.42,72.18,3.71,0.39,5.11,1.82,1294.0,41.74,31.39,75.19,2.81,1.42,50.57,38.32,342.0,11.03,7.65,5.87,3.71,1.39,0.94,0.35,37.93,69.3,63.19,0.26,1.58,0.23,0.77,1.06,0.26,24.24,4.23,0.87,20.61,6.35,0.97,15.23,0.58,9.14
1189,Superliga (DK),14314,Mees Hoedemakers,M. Hoedemakers,1998-02-18,33.14,9.3,9.49,19,19,0,318.0,16.74,13.42,80.19,1.16,0.05,4.05,1.31,212.0,11.16,9.68,86.79,0.74,0.42,57.14,8.37,46.0,2.42,1.74,1.26,0.79,0.26,0.26,0.11,40.0,71.74,62.5,0.42,0.53,0.21,0.11,0.16,0.05,33.33,1.16,0.26,22.73,1.79,0.37,20.59,0.32,17.65
1189,Superliga (DK),14628,Aurélio Gabriel Ulineia Buta,Aurélio Buta,1997-02-10,50.91,14.06,13.19,12,12,0,230.0,19.17,13.83,72.17,1.67,0.25,5.2,1.66,184.0,15.33,11.25,73.37,1.0,0.25,25.0,13.58,57.0,4.75,3.08,3.25,2.25,1.08,0.75,0.42,55.56,64.91,69.23,0.0,2.83,0.25,0.33,0.42,0.17,40.0,1.67,0.08,5.0,2.5,0.42,16.67,0.42,16.67
1189,Superliga (DK),14729,Tobias Salquist Nielsen,T. Salquist,1995-05-18,92.34,31.71,25.05,29,28,1,2036.0,72.71,66.54,91.5,1.43,0.11,3.03,1.57,1609.0,57.46,54.61,95.03,0.36,0.18,50.0,56.0,164.0,5.86,5.18,2.5,2.14,0.89,0.11,0.07,66.67,88.42,85.71,0.07,0.0,0.0,0.04,0.25,0.21,85.71,0.68,0.14,21.05,0.93,0.21,23.08,0.11,11.54
1189,Superliga (DK),15863,German Onugkha,G. Onugkha,1996-07-06,14.36,7.69,2.47,1,1,0,3.0,3.0,1.0,33.33,1.0,0.0,0.47,0.4,2.0,2.0,1.0,50.0,1.0,1.0,100.0,0.0,0.0,0.0,0.0,0.0,0.0,0.0,0.0,0.0,,,,0.0,0.0,0.0,0.0,0.0,0.0,,1.0,1.0,100.0,1.0,0.0,0.0,0.0,0.0
1189,Superliga (DK),16274,Stephen Odey,S. Odey,1998-01-15,18.94,6.04,4.48,6,6,0,55.0,9.17,6.0,65.45,0.83,0.0,4.84,1.57,38.0,6.33,4.17,65.79,1.83,1.0,54.54,4.17,10.0,1.67,1.0,1.17,0.67,0.17,0.17,0.0,0.0,60.0,57.14,0.33,1.0,0.33,0.17,0.0,0.0,,3.17,1.17,36.84,3.67,0.5,13.64,0.5,13.64
1189,Superliga (DK),16383,Patrick Mortensen,P. Mortensen,1989-07-13,76.56,23.88,19.23,32,32,0,356.0,11.12,6.41,57.58,2.66,0.34,2.0,0.67,217.0,6.78,4.03,59.45,1.59,0.75,47.06,2.84,15.0,0.47,0.25,0.28,0.09,0.16,0.16,0.03,20.0,53.33,33.33,0.34,0.66,0.59,0.03,0.03,0.03,100.0,2.41,0.19,7.79,3.38,0.22,6.48,1.19,35.18
1189,Superliga (DK),16434,Mads Hedenstad Christiansen,M. Hedenstad,2000-10-21,104.36,32.23,22.34,1,1,0,28.0,28.0,24.0,85.71,0.0,0.0,4.52,2.43,18.0,18.0,16.0,88.89,1.0,1.0,100.0,18.0,6.0,6.0,4.0,2.0,1.0,0.0,0.0,0.0,,66.67,50.0,0.0,0.0,0.0,0.0,0.0,0.0,,2.0,1.0,50.0,2.0,2.0,100.0,0.0,0.0
1189,Superliga (DK),16436,Jens Martin Gammelby,J. Gammelby,1995-02-05,97.39,28.79,33.98,32,31,1,1482.0,47.81,37.45,78.34,3.13,0.42,3.25,1.15,1190.0,38.39,32.29,84.12,2.39,1.1,45.95,35.1,180.0,5.81,3.58,3.61,2.35,1.42,1.06,0.45,42.42,61.67,65.18,0.1,2.23,0.55,0.42,0.06,0.06,100.0,3.65,0.61,16.81,5.87,1.19,20.33,0.87,14.84
1189,Superliga (DK),16441,Mikael Uhre,M. Uhre,1994-09-30,42.23,11.56,8.18,6,6,0,34.0,5.67,2.83,50.0,0.33,0.0,3.54,1.06,18.0,3.0,1.67,55.56,1.0,0.5,50.0,1.83,4.0,0.67,0.33,0.5,0.17,0.17,0.0,0.0,,50.0,33.33,0.17,0.0,0.0,0.0,0.0,0.0,,1.17,0.0,0.0,2.0,0.17,8.33,0.0,0.0
1189,Superliga (DK),16466,Nicolai Larsen,N. Larsen,1991-03-09,97.34,28.64,34.06,31,30,1,820.0,27.33,20.03,73.29,0.0,0.0,5.21,2.69,411.0,13.7,10.8,78.83,0.37,0.1,27.27,13.47,181.0,6.03,3.63,4.17,2.43,0.0,0.0,0.0,,60.22,58.4,0.03,0.0,0.0,0.0,0.0,0.0,,0.63,0.1,15.79,0.7,0.2,28.57,0.0,0.0
1189,Superliga (DK),16473,Jonathan Amon,J. Amon,1999-04-30,23.59,6.37,5.85,10,10,0,61.0,6.1,3.7,60.66,0.6,0.0,8.96,2.58,39.0,3.9,2.6,66.67,0.6,0.2,33.33,2.6,24.0,2.4,1.3,1.1,0.5,0.4,0.3,0.2,66.67,54.17,45.45,0.2,0.4,0.0,0.4,0.2,0.1,50.0,0.8,0.3,37.5,1.1,0.0,0.0,0.0,0.0
1189,Superliga (DK),16499,Edward Chilufya,E. Chilufya,1999-09-17,36.58,10.65,9.07,12,12,0,93.0,7.75,3.58,46.24,1.0,0.08,7.63,1.85,63.0,5.25,2.67,50.79,0.83,0.33,40.0,2.92,34.0,2.83,1.08,2.08,0.67,0.83,0.83,0.17,20.0,38.24,32.0,0.25,0.42,0.25,0.58,0.17,0.0,0.0,0.92,0.25,27.27,2.5,0.75,30.0,0.58,23.33
1189,Superliga (DK),16519,Kevin Enkido Yakob,K. Yakob,2000-10-10,59.64,17.94,14.69,26,26,0,846.0,32.54,23.5,72.22,3.5,0.62,4.96,1.48,566.0,21.77,16.54,75.97,1.81,0.69,38.3,16.77,171.0,6.58,4.42,4.08,2.73,1.23,0.77,0.38,50.0,67.25,66.98,1.08,2.31,0.35,0.85,0.23,0.12,50.0,2.88,0.58,20.0,4.62,1.04,22.5,0.92,20.0
1189,Superliga (DK),17310,Marko Divković,M. Divković,1999-06-11,87.58,24.04,25.15,30,29,1,1128.0,38.9,28.83,74.11,3.97,0.34,4.59,1.44,861.0,29.69,22.76,76.66,2.14,1.28,59.68,26.0,204.0,7.03,4.76,4.55,2.93,1.59,1.17,0.55,47.06,67.65,64.39,0.1,3.31,0.62,0.72,0.79,0.31,39.13,3.17,0.69,21.74,5.17,0.83,16.0,0.72,14.0
1189,Superliga (DK),17412,Alexi Pitu,A. Pitu,2002-06-05,24.41,6.27,7.77,8,8,0,60.0,7.5,5.25,70.0,0.38,0.0,6.14,1.83,39.0,4.88,3.62,74.36,1.0,0.5,50.0,3.38,17.0,2.12,1.25,0.88,0.62,0.25,0.25,0.12,50.0,58.82,71.43,0.25,0.88,0.12,0.25,0.0,0.0,,1.5,0.25,16.66,1.75,0.62,35.71,0.12,7.14
1189,Superliga (DK),18579,Ben Godfrey,B. Godfrey,1998-01-15,101.98,24.35,27.95,12,11,1,408.0,37.09,30.45,82.11,1.18,0.18,3.66,1.51,261.0,23.73,21.73,91.57,0.09,0.09,100.0,22.64,57.0,5.18,4.09,2.0,1.55,0.82,0.18,0.09,50.0,78.95,77.27,0.09,0.09,0.0,0.0,0.27,0.18,66.67,0.36,0.18,50.0,0.64,0.18,28.57,0.18,28.57
1189,Superliga (DK),18662,Kristian Pedersen,K. Pedersen,1994-08-04,19.47,3.2,7.33,6,6,0,18.0,3.0,2.0,66.67,0.33,0.0,3.2,0.93,6.0,1.0,1.0,100.0,0.0,0.0,,0.83,1.0,0.17,0.0,0.17,0.0,0.17,0.17,0.0,0.0,0.0,0.0,0.0,0.17,0.0,0.0,0.0,0.0,,0.0,0.0,,0.0,0.0,,0.0,
1189,Superliga (DK),18956,Mads Bech Sørensen,M. Bech,1999-01-07,96.67,27.54,22.66,29,29,0,1462.0,50.41,43.07,85.43,1.24,0.34,3.81,1.53,1056.0,36.41,33.03,90.72,0.1,0.07,66.67,34.41,194.0,6.69,5.69,4.07,3.31,0.72,0.21,0.14,66.67,85.05,81.36,0.03,0.03,0.0,0.0,0.41,0.17,41.67,0.21,0.03,16.67,0.55,0.21,37.5,0.03,6.25
1189,Superliga (DK),19068,Felix Beijmo,F. Beijmo,1998-01-31,95.53,28.72,24.43,32,32,0,1912.0,59.75,48.16,80.6,3.66,0.25,4.09,1.59,1421.0,44.41,37.94,85.43,1.28,0.66,51.22,41.66,289.0,9.03,6.91,5.47,4.25,1.62,1.19,0.75,63.16,76.47,77.71,0.09,2.69,0.28,0.16,0.75,0.41,54.17,1.62,0.16,9.62,2.94,0.66,22.34,0.56,19.15
1189,Superliga (DK),19077,Jean-Manuel Mbom,J. Mbom,2000-02-24,77.18,21.22,22.59,23,23,0,830.0,36.09,26.39,73.13,1.65,0.22,4.18,1.52,630.0,27.39,21.13,77.14,1.17,0.3,25.93,25.22,139.0,6.04,4.09,3.35,2.39,1.04,0.74,0.3,41.18,67.63,71.43,0.09,2.78,0.26,0.22,0.35,0.17,50.0,1.57,0.26,16.67,2.83,0.39,13.85,0.3,10.77
1189,Superliga (DK),19132,Andreas Poulsen,A. Poulsen,1999-10-13,85.29,25.49,29.05,24,24,0,997.0,41.54,32.12,77.33,2.83,0.29,3.59,1.27,770.0,32.08,25.83,80.52,1.58,0.88,55.26,29.46,131.0,5.46,4.33,2.83,2.29,1.5,0.83,0.67,80.0,79.39,80.88,0.0,1.71,0.46,0.21,0.42,0.25,60.0,2.88,0.58,20.29,4.54,0.75,16.51,0.54,11.93
1189,Superliga (DK),19366,Jann-Fiete Arp,J. Arp,2000-01-06,82.0,23.14,23.76,30,29,1,964.0,33.24,19.41,58.4,3.76,0.38,5.01,1.47,672.0,23.17,14.66,63.25,4.1,2.1,51.26,15.66,191.0,6.59,3.93,3.24,1.86,1.48,1.03,0.52,50.0,59.69,57.45,1.1,1.69,0.59,0.66,0.21,0.07,33.33,6.03,1.03,17.14,8.52,1.38,16.19,1.28,14.98
1189,Superliga (DK),19485,Janni Serra,J. Serra,1998-03-13,31.87,8.56,8.8,20,20,0,141.0,7.05,4.0,56.74,1.05,0.25,3.93,1.2,78.0,3.9,2.55,65.38,0.8,0.45,56.25,1.85,25.0,1.25,0.8,0.65,0.4,0.25,0.2,0.1,50.0,64.0,61.54,0.3,0.5,0.3,0.05,0.0,0.0,,1.0,0.15,15.0,1.8,0.15,8.33,0.35,19.44
1189,Superliga (DK),19888,Martin Erlić,M. Erlić,1998-01-24,86.68,25.05,18.86,18,18,0,765.0,42.5,35.56,83.66,1.11,0.11,4.12,1.57,488.0,27.11,25.0,92.21,0.06,0.0,0.0,26.06,120.0,6.67,6.0,1.89,1.67,0.61,0.06,0.0,0.0,90.0,88.24,0.0,0.06,0.06,0.0,0.0,0.0,,0.06,0.0,0.0,0.17,0.0,0.0,0.11,66.67
1189,Superliga (DK),20040,Bartosz Slisz,B. Slisz,1999-03-29,101.69,25.37,27.74,14,14,0,675.0,48.21,38.79,80.44,4.14,0.29,5.78,1.56,440.0,31.43,26.29,83.64,1.29,0.93,72.22,25.93,165.0,11.79,9.5,4.93,3.71,3.14,1.71,1.0,58.33,80.61,75.36,0.86,2.21,0.07,1.0,0.64,0.29,44.44,1.93,0.29,14.81,3.86,1.29,33.33,0.5,12.96
1189,Superliga (DK),23178,Nicolas Bürgy,N. Bürgy,1995-08-07,95.56,27.8,27.62,28,28,0,1892.0,67.57,58.68,86.84,1.89,0.36,4.06,1.66,1463.0,52.25,47.64,91.18,0.86,0.29,33.33,49.29,269.0,9.61,8.25,5.68,4.93,0.57,0.21,0.14,66.67,85.87,86.79,0.04,0.64,0.14,0.0,0.71,0.54,75.0,1.25,0.04,2.86,1.96,0.39,20.0,0.21,10.91
1189,Superliga (DK),23507,Daníel Leó Grétarsson,D. Grétarsson,1995-10-02,86.9,21.44,28.01,27,24,3,1055.0,43.96,32.0,72.8,2.96,0.38,3.97,1.43,737.0,30.71,23.62,76.93,1.21,0.46,37.93,28.25,160.0,6.67,4.58,4.67,3.33,1.58,1.0,0.54,54.17,68.75,71.43,0.12,1.5,0.12,0.67,0.92,0.58,63.64,1.62,0.12,7.69,2.54,0.79,31.15,0.38,14.75
1189,Superliga (DK),23927,Paul Izzo,P. Izzo,1995-01-06,97.98,28.7,30.48,26,25,1,708.0,28.32,18.76,66.24,0.12,0.0,5.09,3.2,408.0,16.32,11.8,72.3,0.2,0.04,20.0,15.84,141.0,5.64,3.04,3.24,1.68,0.04,0.04,0.0,0.0,53.9,51.85,0.0,0.0,0.0,0.0,0.24,0.08,33.33,0.44,0.08,18.18,0.6,0.2,33.33,0.0,0.0
1189,Superliga (DK),24884,Stefan Velkov,S. Velkov,1996-12-12,98.5,24.85,29.61,20,20,0,951.0,47.55,38.4,80.76,1.35,0.35,4.04,1.67,599.0,29.95,26.7,89.15,0.25,0.1,40.0,28.35,147.0,7.35,5.95,3.9,3.2,0.8,0.1,0.1,100.0,80.95,82.05,0.05,0.25,0.1,0.2,0.45,0.2,44.44,0.35,0.1,28.57,0.75,0.1,13.33,0.05,6.67
1189,Superliga (DK),25041,Mats Köhlert,M. Köhlert,1998-05-02,81.74,24.28,23.88,21,20,1,950.0,47.5,38.45,80.95,3.05,0.25,5.37,1.73,735.0,36.75,31.05,84.49,1.65,0.8,48.49,33.85,217.0,10.85,8.35,7.05,5.25,2.1,1.45,0.95,65.52,76.96,74.47,0.05,4.25,0.45,0.2,0.9,0.3,33.33,2.75,0.6,21.82,4.4,1.05,23.86,0.35,7.95
1189,Superliga (DK),26175,Lucas Lissens,L. Lissens,2001-07-25,51.69,13.45,16.74,15,14,1,421.0,30.07,24.0,79.81,1.36,0.21,3.95,1.55,311.0,22.21,18.57,83.6,1.14,0.5,43.75,20.57,58.0,4.14,3.5,1.57,1.43,0.71,0.14,0.07,50.0,84.48,90.91,0.21,0.93,0.14,0.21,0.21,0.21,100.0,1.93,0.07,3.7,3.14,0.86,27.27,0.36,11.36
1189,Superliga (DK),26221,Jordan Larsson,J. Larsson,1997-06-20,79.1,24.86,19.73,33,33,0,1076.0,32.61,22.36,68.59,5.18,0.91,6.71,1.82,807.0,24.45,18.18,74.35,2.85,1.48,52.13,18.36,308.0,9.33,6.03,5.3,3.0,2.06,1.61,0.82,50.94,64.61,56.57,1.09,3.09,0.58,1.15,0.73,0.42,58.33,3.94,0.7,17.69,6.33,1.06,16.75,1.61,25.36
1189,Superliga (DK),26781,Rami Al Hajj,R. Al Hajj,2001-09-17,46.14,14.07,15.71,22,21,1,534.0,25.43,18.62,73.22,2.24,0.05,5.74,1.84,437.0,20.81,15.33,73.69,1.67,0.81,48.57,15.14,141.0,6.71,4.62,3.52,2.19,0.33,0.24,0.1,40.0,68.79,62.16,1.14,1.57,0.14,0.71,0.57,0.19,33.33,3.24,0.62,19.12,4.81,0.62,12.87,0.76,15.84
1189,Superliga (DK),27343,Nicolai Poulsen,N. Poulsen,1993-08-15,72.54,21.92,18.01,20,20,0,858.0,42.9,35.3,82.28,2.55,0.2,2.55,0.91,601.0,30.05,26.05,86.69,0.95,0.4,42.11,24.2,70.0,3.5,3.15,1.55,1.4,0.4,0.15,0.1,66.67,90.0,90.32,0.45,0.75,0.05,0.15,0.3,0.15,50.0,2.2,0.35,15.91,3.4,0.55,16.18,0.3,8.82
1189,Superliga (DK),27344,Frederik Tingager,F. Tingager,1993-02-22,65.16,19.28,17.37,20,20,0,907.0,45.35,39.65,87.43,1.0,0.15,5.3,1.98,672.0,33.6,31.5,93.75,0.25,0.1,40.0,32.0,210.0,10.5,9.6,5.75,5.35,0.75,0.25,0.25,100.0,91.43,93.04,0.0,0.3,0.0,0.15,0.45,0.45,100.0,0.45,0.1,22.22,0.65,0.2,30.77,0.05,7.69
1189,Superliga (DK),27347,Gift Links,G. Links,1998-10-02,92.01,27.98,23.91,32,32,0,1527.0,47.72,33.44,70.07,5.44,0.81,8.03,2.37,1101.0,34.41,25.22,73.3,2.81,1.34,47.78,29.19,538.0,16.81,11.5,8.72,5.25,2.88,1.94,0.97,50.0,68.4,60.21,0.31,2.81,0.41,1.66,1.91,0.84,44.26,3.69,0.78,21.19,6.94,1.53,22.07,0.66,9.46
1189,Superliga (DK),27375,Daniel Anyembe,D. Anyembe,1998-07-22,91.91,25.72,27.11,29,29,0,1787.0,61.62,53.1,86.18,1.55,0.28,4.41,1.77,1337.0,46.1,41.9,90.88,0.28,0.07,25.0,44.28,323.0,11.14,9.38,6.45,5.66,0.93,0.34,0.28,80.0,84.21,87.7,0.14,0.28,0.0,0.14,0.97,0.48,50.0,0.41,0.03,8.33,0.72,0.17,23.81,0.0,0.0
1189,Superliga (DK),27377,Nicklas Røjkjær,N. Røjkjær,1998-07-24,95.73,34.68,26.06,22,22,0,1393.0,63.32,53.91,85.14,4.27,0.55,5.48,1.89,1158.0,52.64,45.86,87.13,2.36,1.09,46.15,44.5,330.0,15.0,12.73,8.36,6.95,1.23,1.05,0.82,78.26,84.85,83.15,3.0,4.86,0.55,0.68,1.59,1.27,80.0,4.59,0.91,19.8,7.18,1.14,15.82,1.0,13.92
1189,Superliga (DK),27378,Mads Larsen,M. Larsen,2001-09-20,71.23,20.97,24.81,32,31,1,1165.0,37.58,31.29,83.26,1.68,0.16,4.5,1.51,870.0,28.06,24.68,87.93,1.71,1.1,64.15,22.19,201.0,6.48,5.06,3.65,2.71,1.16,0.81,0.45,56.0,78.11,74.34,1.32,1.87,0.23,0.19,0.42,0.29,69.23,3.23,0.58,18.0,4.1,1.26,30.71,0.32,7.87
1189,Superliga (DK),27380,Patrick Hessellund Egelund,P. Egelund,2000-08-02,35.92,9.24,12.81,15,15,0,121.0,8.07,4.73,58.68,1.13,0.13,5.11,1.29,72.0,4.8,3.07,63.89,0.67,0.27,40.0,3.4,31.0,2.07,1.47,0.87,0.47,0.2,0.07,0.07,100.0,70.97,53.84,0.27,0.6,0.2,0.2,0.07,0.07,100.0,1.07,0.27,25.0,2.0,0.13,6.67,0.53,26.67
1189,Superliga (DK),27408,James Gomez,J. Gomez,2001-11-14,59.35,15.74,16.23,12,12,0,390.0,32.5,26.75,82.31,0.33,0.08,3.77,1.31,260.0,21.67,19.0,87.69,0.08,0.0,0.0,21.25,55.0,4.58,3.67,2.17,1.92,0.5,0.17,0.08,50.0,80.0,88.46,0.0,0.0,0.0,0.0,0.17,0.0,0.0,0.25,0.08,33.33,0.42,0.17,40.0,0.08,20.0
1189,Superliga (DK),27420,Gustav Ølsted Marcussen,G. Marcussen,1998-06-12,75.32,19.82,25.03,29,28,1,671.0,23.96,15.18,63.34,3.39,0.36,8.39,2.26,438.0,15.64,10.57,67.58,2.04,1.07,52.63,11.68,245.0,8.75,5.32,4.25,2.29,1.29,0.93,0.5,53.85,60.82,53.78,0.79,1.75,0.21,1.39,0.64,0.36,55.55,2.96,0.43,14.46,5.11,0.93,18.18,0.89,17.48
1189,Superliga (DK),27424,Adam Sørensen,A. Sørensen,2000-11-11,59.42,16.51,17.85,28,28,0,660.0,23.57,14.89,63.18,1.68,0.25,4.57,1.34,476.0,17.0,11.5,67.65,1.68,0.89,53.19,14.86,114.0,4.07,1.79,3.11,1.36,1.79,1.46,0.54,36.59,43.86,43.68,0.07,2.18,0.14,0.46,0.46,0.18,38.46,2.57,0.32,12.5,3.71,1.04,27.89,0.5,13.46
1189,Superliga (DK),27435,Nikolas Langberg Dyhr,N. Dyhr,2001-06-18,88.93,25.31,27.66,31,29,2,967.0,33.34,25.0,74.97,2.07,0.21,3.66,1.41,729.0,25.14,19.86,79.01,1.28,0.52,40.54,23.34,131.0,4.52,2.97,3.21,2.1,0.48,0.17,0.03,20.0,65.65,65.59,0.03,1.48,0.31,0.17,0.41,0.14,33.33,1.62,0.07,4.26,2.93,0.66,22.35,0.34,11.76
1189,Superliga (DK),27436,Oliver Villadsen,O. Villadsen,2001-11-16,64.28,17.87,18.44,30,29,1,866.0,29.86,22.17,74.25,1.76,0.07,6.08,1.74,623.0,21.48,17.1,79.62,1.24,0.55,44.44,19.97,217.0,7.48,4.93,4.76,3.03,2.55,1.93,1.14,58.93,65.9,63.77,0.1,2.45,0.14,1.0,0.41,0.24,58.33,1.9,0.21,10.91,2.79,0.83,29.63,0.38,13.58
1189,Superliga (DK),27449,Moses Opondo,M. Opondo,1997-10-28,60.78,14.71,22.77,17,16,1,272.0,17.0,12.12,71.32,0.88,0.12,6.01,1.71,182.0,11.38,8.31,73.08,2.0,1.0,50.0,7.75,73.0,4.56,3.25,2.31,1.44,0.81,0.75,0.44,58.33,71.23,62.16,1.19,1.94,0.12,0.44,0.12,0.12,100.0,2.44,0.38,15.39,3.94,0.81,20.63,0.31,7.94
1189,Superliga (DK),27450,Mads Frøkjær-Jensen,M. Frøkjær-Jensen,1999-07-29,71.9,18.22,20.4,12,11,1,322.0,29.27,18.36,62.73,3.73,0.36,7.45,1.97,226.0,20.55,12.91,62.83,2.45,1.27,51.85,14.82,92.0,8.36,5.45,4.36,2.91,2.09,1.73,0.91,52.63,65.22,66.67,1.0,2.82,0.27,1.09,0.55,0.09,16.67,4.09,0.64,15.56,6.0,1.0,16.67,1.09,18.18
1189,Superliga (DK),27456,André Römer,A. Rømer,1993-07-18,44.5,12.94,13.18,23,21,2,538.0,25.62,21.0,81.97,1.38,0.1,2.96,1.17,373.0,17.76,14.95,84.18,0.57,0.29,50.0,15.14,60.0,2.86,2.43,1.24,1.05,0.1,0.0,0.0,,85.0,84.62,0.48,0.29,0.05,0.05,0.1,0.0,0.0,1.33,0.14,10.71,2.0,0.48,23.81,0.0,0.0
1189,Superliga (DK),27462,Mathias Peter Greve Petersen,M. Greve,1995-02-11,92.77,26.84,28.35,29,27,2,1210.0,44.81,33.04,73.72,4.67,0.3,4.59,1.45,845.0,31.3,25.04,80.0,3.59,2.11,58.76,22.44,222.0,8.22,5.93,3.81,2.59,1.3,0.74,0.44,60.0,72.07,67.96,2.15,2.59,0.59,0.63,0.41,0.33,81.82,6.04,1.26,20.86,8.22,1.44,17.57,1.22,14.87
1189,Superliga (DK),27463,Frederik Lauenborg,F. Lauenborg,1997-05-18,32.04,8.3,10.58,22,20,2,272.0,13.6,10.2,75.0,1.4,0.0,3.25,1.11,177.0,8.85,7.35,83.05,0.3,0.05,16.67,7.5,28.0,1.4,1.1,0.75,0.55,0.2,0.1,0.05,50.0,78.57,73.33,0.2,0.65,0.0,0.05,0.1,0.05,50.0,0.6,0.05,8.33,1.25,0.2,16.0,0.25,20.0
1189,Superliga (DK),27472,Mark Brink Christensen,M. Brink,1998-03-15,69.81,24.75,18.81,29,28,1,1444.0,51.57,46.39,89.96,2.18,0.11,2.19,1.05,1154.0,41.21,38.46,93.33,1.14,0.68,59.37,34.89,77.0,2.75,2.29,1.89,1.54,0.36,0.25,0.11,42.86,83.12,81.13,1.11,1.04,0.04,0.11,0.14,0.11,75.0,2.5,0.21,8.57,3.25,0.75,23.08,0.18,5.49
1189,Superliga (DK),27473,Svenn Crone,S. Crone,1995-05-20,81.41,21.34,28.09,30,29,1,979.0,33.76,25.03,74.16,2.45,0.31,5.1,1.68,692.0,23.86,19.34,81.07,1.07,0.66,61.29,22.07,221.0,7.62,5.55,4.31,3.34,0.9,0.48,0.38,78.57,72.85,77.6,0.14,2.31,0.1,0.24,0.48,0.14,28.57,1.59,0.17,10.87,2.55,0.41,16.22,0.45,17.57
1189,Superliga (DK),27478,Mads Emil Madsen,M. Emil Madsen,1998-01-14,79.88,24.56,19.52,30,30,0,1274.0,42.47,33.9,79.83,4.4,0.6,3.88,1.32,918.0,30.6,25.5,83.33,2.23,1.37,61.19,21.7,198.0,6.6,5.23,3.3,2.53,0.8,0.5,0.3,60.0,79.29,76.77,1.17,2.83,0.57,0.8,0.43,0.23,53.85,4.07,0.9,22.13,6.1,1.2,19.67,1.23,20.22
1189,Superliga (DK),27482,Rasmus Carstensen,R. Carstensen,2000-11-10,60.87,19.65,15.39,24,24,0,723.0,30.12,20.12,66.81,2.88,0.54,6.17,1.79,524.0,21.83,15.25,69.85,1.33,0.46,34.37,19.92,190.0,7.92,5.21,4.25,2.75,1.88,1.46,0.83,57.14,65.79,64.71,0.29,2.96,0.67,0.67,0.79,0.38,47.37,2.33,0.25,10.71,4.04,0.71,17.53,0.46,11.34
1189,Superliga (DK),27483,Nicolai Vallys,N. Vallys,1996-09-04,89.82,25.37,25.07,31,30,1,1225.0,40.83,29.8,72.98,4.83,0.63,4.64,1.38,947.0,31.57,23.83,75.5,4.43,2.37,53.38,20.4,230.0,7.67,5.33,3.97,2.53,1.53,1.1,0.67,60.61,69.57,63.87,1.23,3.33,0.63,0.97,0.53,0.3,56.25,6.8,1.17,17.16,9.6,1.5,15.62,1.5,15.63
1189,Superliga (DK),27493,Rasmus Hjorth Vinderslev,R. Vinderslev,1997-08-12,59.37,13.99,18.26,26,23,3,558.0,24.26,20.04,82.62,0.7,0.09,2.71,1.06,333.0,14.48,12.91,89.19,0.48,0.22,45.45,11.57,50.0,2.17,1.7,0.87,0.61,0.35,0.17,0.13,75.0,78.0,70.0,0.22,0.7,0.13,0.13,0.17,0.09,50.0,0.96,0.17,18.18,1.74,0.65,37.5,0.13,7.5
1189,Superliga (DK),27494,Anders Kvindebjerg Jacobsen,A. Jacobsen,1989-10-27,51.24,12.91,15.18,8,8,0,63.0,7.88,4.38,55.56,1.62,0.25,6.11,1.46,37.0,4.62,2.5,54.05,1.75,0.75,42.86,2.38,16.0,2.0,1.38,1.5,0.88,0.75,0.75,0.25,33.33,68.75,58.33,0.38,0.38,0.0,0.5,0.12,0.0,0.0,2.0,0.25,12.5,2.62,0.75,28.57,0.88,33.33
1189,Superliga (DK),28105,John Björkengren,J. Björkengren,1998-12-09,98.42,28.59,29.77,30,28,2,1389.0,49.61,40.89,82.43,2.29,0.18,3.12,1.05,935.0,33.39,29.39,88.02,0.71,0.29,40.0,28.89,155.0,5.54,4.5,2.54,2.07,1.0,0.54,0.36,66.67,81.29,81.69,0.57,0.89,0.0,0.29,0.5,0.29,57.14,1.21,0.04,2.94,2.5,0.5,20.0,0.18,7.14
1189,Superliga (DK),28113,Jeppe Andrup Andersen,J. Andersen,1992-12-06,26.34,8.69,8.64,13,12,1,274.0,22.83,19.17,83.94,0.67,0.08,4.98,1.69,219.0,18.25,15.58,85.39,1.17,0.58,50.0,14.42,59.0,4.92,4.08,2.5,2.17,0.17,0.17,0.08,50.0,83.05,86.67,0.58,0.92,0.0,0.0,0.42,0.33,80.0,2.33,0.33,14.28,2.83,0.25,8.82,0.25,8.82
1189,Superliga (DK),28176,Rasmus Steensbæk Lauritsen,R. Lauritsen,1996-02-27,87.52,28.72,26.03,9,9,0,413.0,45.89,39.11,85.23,1.33,0.0,3.77,1.68,299.0,33.22,30.11,90.64,0.0,0.0,,32.11,48.0,5.33,4.78,2.56,2.22,0.44,0.11,0.11,100.0,89.58,86.96,0.0,0.0,0.0,0.0,0.0,0.0,,0.11,0.0,0.0,0.22,0.11,50.0,0.0,0.0
1189,Superliga (DK),28835,Magnus Jensen,M. Jensen,1996-10-27,97.58,23.94,31.25,29,27,2,1369.0,50.7,42.37,83.56,1.63,0.19,3.29,1.38,876.0,32.44,29.26,90.18,0.22,0.11,50.0,29.81,165.0,6.11,5.48,2.96,2.67,0.67,0.07,0.07,100.0,89.7,90.0,0.04,0.11,0.0,0.0,0.22,0.07,33.33,0.26,0.0,0.0,0.85,0.07,8.7,0.04,4.35
1189,Superliga (DK),28844,Robin Dahl Østrøm,R. Østrøm,2002-08-09,92.99,28.04,32.04,30,29,1,1913.0,65.97,59.62,90.38,0.83,0.07,3.65,1.54,1434.0,49.45,46.55,94.14,0.45,0.21,46.15,47.9,261.0,9.0,8.03,4.0,3.66,0.93,0.21,0.1,50.0,89.27,91.38,0.03,0.24,0.03,0.03,0.31,0.28,88.89,0.66,0.14,21.05,1.31,0.45,34.21,0.03,2.63
1189,Superliga (DK),28848,Thomas Korsgaard Mikkelsen,T. Mikkelsen,1983-08-27,22.96,5.62,2.77,1,1,0,15.0,15.0,7.0,46.67,1.0,0.0,3.6,2.58,9.0,9.0,5.0,55.56,0.0,0.0,,8.0,1.0,1.0,0.0,1.0,0.0,0.0,0.0,0.0,,0.0,0.0,0.0,0.0,0.0,0.0,0.0,0.0,,0.0,0.0,,0.0,0.0,,0.0,
1189,Superliga (DK),28857,Tobias Klysner Breuner,T. Klysner,2001-07-03,38.92,8.96,10.81,21,19,2,273.0,14.37,9.89,68.86,1.32,0.16,4.66,1.42,188.0,9.89,7.21,72.87,0.63,0.32,50.0,8.63,50.0,2.63,1.53,1.68,1.0,0.68,0.42,0.11,25.0,58.0,59.37,0.0,0.68,0.16,0.16,0.21,0.11,50.0,0.89,0.05,5.88,1.58,0.53,33.33,0.16,10.0
1189,Superliga (DK),28858,Oliver Bundgaard Kristensen,O. Bundgaard,2001-06-15,31.77,8.28,7.92,7,7,0,73.0,10.43,6.86,65.75,0.86,0.0,4.95,1.81,44.0,6.29,4.29,68.18,0.71,0.43,60.0,5.29,18.0,2.57,2.0,1.86,1.43,0.71,0.71,0.71,100.0,77.78,76.92,0.0,0.71,0.0,0.14,0.0,0.0,,0.71,0.0,0.0,0.86,0.29,33.33,0.29,33.33
1189,Superliga (DK),28862,Paulo Victor da Silva,Paulinho,1995-01-03,35.99,10.39,7.37,16,16,0,236.0,14.75,9.69,65.68,1.44,0.31,5.38,1.54,136.0,8.5,6.38,75.0,1.0,0.5,50.0,6.44,52.0,3.25,2.19,2.06,1.38,0.81,0.62,0.25,40.0,67.31,66.67,0.0,2.31,0.06,0.19,0.25,0.19,75.0,1.25,0.25,20.0,2.5,0.62,25.0,0.69,27.5
1189,Superliga (DK),28871,Frederik Alves Ibsen,F. Alves,1999-11-08,90.08,26.99,25.93,15,15,0,831.0,55.4,49.67,89.65,1.07,0.07,3.81,1.48,621.0,41.4,38.73,93.56,0.07,0.07,100.0,40.0,112.0,7.47,6.73,3.47,3.4,1.2,0.07,0.07,100.0,90.18,98.08,0.07,0.07,0.0,0.0,0.6,0.4,66.67,0.07,0.0,0.0,0.67,0.27,40.0,0.0,0.0
1189,Superliga (DK),28873,Sebastian Vinther Jørgensen,S. Jørgensen,2000-06-08,29.46,8.82,8.4,27,27,0,296.0,10.96,7.93,72.3,1.56,0.19,4.43,1.38,215.0,7.96,6.07,76.28,1.19,0.56,46.87,6.22,56.0,2.07,1.33,0.96,0.59,0.22,0.15,0.07,50.0,64.29,61.54,0.22,0.96,0.19,0.3,0.04,0.0,0.0,1.78,0.33,18.75,2.59,0.3,11.43,0.56,21.43
1189,Superliga (DK),28874,Alexander Lucas Lind Rasmussen,A. Lind,2002-06-26,77.86,27.74,21.45,18,18,0,296.0,16.44,8.39,51.01,3.89,0.61,6.36,1.57,204.0,11.33,5.72,50.49,3.94,1.56,39.44,3.56,79.0,4.39,2.5,2.17,1.11,1.28,0.83,0.39,46.67,56.96,51.28,1.94,2.17,1.56,0.56,0.11,0.11,100.0,5.0,0.83,16.67,7.78,1.06,13.57,2.17,27.86
1189,Superliga (DK),28880,Andreas Hansen,A. Hansen,1995-08-11,98.66,33.77,26.72,27,26,1,896.0,34.46,25.23,73.22,0.12,0.04,4.44,2.71,549.0,21.12,16.65,78.87,0.38,0.12,30.0,20.46,152.0,5.85,4.19,3.5,2.69,0.04,0.0,0.0,,71.71,76.92,0.0,0.0,0.0,0.0,0.38,0.23,60.0,0.88,0.12,13.04,1.0,0.19,19.23,0.0,0.0
1189,Superliga (DK),28889,José Francisco dos Santos Júnior,Júnior Brumado,1999-05-15,60.6,17.73,14.12,21,21,0,388.0,18.48,9.57,51.8,2.43,0.48,8.14,2.23,240.0,11.43,6.67,58.33,2.52,1.0,39.62,5.67,133.0,6.33,3.52,3.14,1.71,1.19,0.81,0.38,47.06,55.64,54.55,0.9,0.71,0.29,1.05,0.33,0.1,28.57,3.57,0.48,13.33,5.9,1.05,17.74,0.86,14.52
1189,Superliga (DK),28894,Doguhan Aral Şimşir,A. Şimşir,2002-06-19,69.72,21.32,15.84,31,31,0,1099.0,35.45,22.35,63.06,4.68,1.06,7.76,2.35,825.0,26.61,17.13,64.36,3.52,1.71,48.62,19.29,398.0,12.84,7.58,6.13,3.1,1.29,0.77,0.39,50.0,59.04,50.53,1.52,2.32,0.42,2.52,1.74,0.87,50.0,5.45,0.87,15.98,8.48,1.55,18.25,1.06,12.55
1189,Superliga (DK),28898,Emilio Simonsen,E. Simonsen,1999-10-31,65.71,17.29,22.71,20,19,1,522.0,27.47,19.26,70.11,3.89,0.42,6.77,1.8,352.0,18.53,14.26,76.99,2.74,1.68,61.54,14.26,144.0,7.58,5.26,4.95,3.26,1.53,1.32,0.63,48.0,69.44,65.96,2.0,2.42,0.26,1.21,0.47,0.26,55.56,4.05,0.84,20.78,5.84,1.21,20.72,1.16,19.82
1189,Superliga (DK),29147,Stijn Spierings,S. Spierings,1996-03-12,53.58,16.07,16.01,17,17,0,620.0,36.47,30.29,83.07,2.76,0.29,2.75,1.02,448.0,26.35,23.12,87.72,0.71,0.47,66.67,22.29,55.0,3.24,2.71,1.47,1.29,0.41,0.24,0.24,100.0,83.64,88.0,0.18,0.94,0.06,0.06,0.06,0.0,0.0,1.88,0.29,15.62,2.94,0.35,12.0,0.29,10.0
1189,Superliga (DK),29952,Oliver Sørensen Jensen,O. Sørensen,2002-03-10,62.84,16.72,18.21,3,3,0,96.0,32.0,24.33,76.04,3.0,0.0,4.54,1.33,60.0,20.0,15.33,76.67,3.33,1.33,40.0,14.33,20.0,6.67,5.67,2.33,1.67,1.33,0.67,0.33,50.0,85.0,71.43,0.33,3.0,0.67,0.33,0.33,0.0,0.0,3.67,0.33,9.09,4.33,0.33,7.69,1.0,23.07
1189,Superliga (DK),29961,Pelle Mattsson,P. Mattsson,2001-08-04,83.83,25.11,28.53,6,5,1,275.0,55.0,46.8,85.09,2.6,0.0,3.49,1.34,204.0,40.8,35.4,86.76,1.6,1.0,62.5,33.2,32.0,6.4,5.6,3.4,3.0,0.8,0.8,0.6,75.0,87.5,88.24,1.8,1.0,0.0,0.2,0.0,0.0,,4.4,0.8,18.18,7.0,2.0,28.57,0.6,8.57
1189,Superliga (DK),29968,Filip Bundgaard Kristensen,F. Bundgaard,2004-07-03,62.54,19.17,18.56,20,20,0,320.0,16.0,10.15,63.44,2.1,0.35,7.24,1.91,221.0,11.05,7.5,67.87,2.75,1.45,52.73,6.35,91.0,4.55,2.65,2.5,1.1,1.25,1.0,0.35,35.0,58.24,44.0,1.25,1.6,0.45,0.6,0.1,0.05,50.0,3.55,0.8,22.54,5.0,1.15,23.0,0.8,16.0
1189,Superliga (DK),30590,Eric Kahl,E. Kahl,2001-09-27,91.61,28.1,23.44,32,32,0,1939.0,60.59,52.12,86.02,1.97,0.22,3.73,1.37,1456.0,45.5,40.91,89.9,0.53,0.38,70.59,43.88,253.0,7.91,7.03,3.88,3.38,1.91,1.03,0.78,75.76,88.93,87.1,0.22,1.69,0.0,0.41,0.62,0.47,75.0,0.72,0.06,8.7,1.12,0.34,30.56,0.06,5.56
1189,Superliga (DK),30597,Melker Jonsson,M. Jonsson,2002-07-10,59.38,13.64,23.5,2,2,0,72.0,36.0,33.5,93.06,0.5,0.0,2.93,1.46,57.0,28.5,27.5,96.49,0.0,0.0,,26.5,5.0,2.5,2.5,0.5,0.5,0.5,0.0,0.0,,100.0,100.0,0.0,0.0,0.0,0.0,0.5,0.5,100.0,0.0,0.0,,0.0,0.0,,0.0,
1189,Superliga (DK),30604,Mayckel Lahdo,M. Lahdo,2002-12-30,40.47,11.41,9.27,10,10,0,149.0,14.9,8.4,56.38,2.8,0.4,9.69,2.64,112.0,11.2,6.7,59.82,1.8,0.9,50.0,8.2,72.0,7.2,4.1,3.5,1.6,1.0,0.9,0.2,22.22,56.95,45.71,0.3,0.6,0.3,0.9,1.0,0.2,20.0,2.1,0.7,33.33,3.5,0.7,20.0,0.3,8.57
1189,Superliga (DK),31256,Youssoufa Moukoko,Y. Moukoko,2004-11-20,55.79,19.63,13.12,25,25,0,400.0,16.0,8.52,53.25,4.04,0.6,6.57,1.74,261.0,10.44,5.84,55.94,2.48,0.72,29.03,6.6,120.0,4.8,2.32,3.04,1.32,0.72,0.6,0.28,46.67,48.33,43.42,1.24,1.32,0.92,1.28,0.4,0.24,60.0,3.52,0.64,18.18,4.48,1.0,22.32,1.64,36.61
1189,Superliga (DK),32211,Stipe Radić,S. Radić,2000-06-10,93.86,26.67,28.17,19,19,0,1329.0,69.95,62.58,89.47,1.68,0.11,2.67,1.38,995.0,52.37,49.84,95.18,0.21,0.16,75.0,51.32,83.0,4.37,4.11,2.16,2.11,0.42,0.0,0.0,,93.97,97.56,0.0,0.11,0.0,0.05,0.16,0.11,66.67,0.47,0.0,0.0,0.63,0.16,25.0,0.0,0.0
1189,Superliga (DK),32274,Nicolai Flø Jepsen,N. Flø,1995-09-25,81.58,19.92,24.59,9,7,2,161.0,23.0,14.86,64.6,0.0,0.0,2.94,2.28,80.0,11.43,7.86,68.75,0.0,0.0,,11.0,20.0,2.86,1.86,1.86,1.14,0.0,0.0,0.0,,65.0,61.54,0.0,0.0,0.0,0.0,0.0,0.0,,0.14,0.14,100.0,0.29,0.0,0.0,0.0,0.0
1189,Superliga (DK),32414,Marcos Johan López Lanfranco,M. López,1999-11-20,83.87,27.34,20.78,29,29,0,1463.0,50.45,40.59,80.45,3.66,0.45,4.63,1.63,1107.0,38.17,32.07,84.01,1.14,0.59,51.52,35.86,276.0,9.52,7.66,4.07,3.24,1.79,0.79,0.52,65.22,80.44,79.66,0.21,3.14,0.31,0.31,0.45,0.17,38.46,1.55,0.21,13.33,2.62,0.48,18.42,0.55,21.05
1189,Superliga (DK),32456,Youssouph Mamadou Badji,Y. Badji,2001-12-20,9.5,2.35,2.87,6,6,0,6.0,1.0,0.17,16.67,0.0,0.0,8.01,2.3,1.0,0.17,0.0,0.0,0.0,0.0,,0.0,2.0,0.33,0.0,0.17,0.0,0.0,0.0,0.0,,0.0,0.0,0.0,0.0,0.0,0.0,0.0,0.0,,0.0,0.0,,0.17,0.0,0.0,0.0,0.0
1189,Superliga (DK),32785,Kristian Fredrik Malt Arnstad,K. Arnstad,2003-09-07,92.36,27.68,23.56,31,31,0,1310.0,42.26,30.65,72.52,5.81,0.61,5.79,1.69,971.0,31.32,24.29,77.55,3.77,1.97,52.14,22.32,304.0,9.81,7.35,5.52,3.94,2.26,1.81,1.29,71.43,75.0,71.35,2.58,4.03,0.61,1.06,0.45,0.35,78.57,5.9,1.03,17.49,8.23,1.58,19.21,1.68,20.39
1189,Superliga (DK),33029,Lirim Qamili,L. Qamili,1998-06-04,57.9,13.23,17.82,25,22,3,363.0,16.5,8.27,50.14,2.41,0.18,7.0,1.88,247.0,11.23,5.73,51.01,2.45,1.09,44.44,7.45,110.0,5.0,2.23,3.23,1.14,1.27,1.14,0.36,32.0,44.54,35.21,0.32,0.95,0.45,0.41,0.09,0.05,50.0,3.41,0.18,5.33,5.27,1.18,22.41,0.64,12.07
1189,Superliga (DK),33030,Wahid Faghir,W. Faghir,2003-07-29,34.54,10.08,8.33,15,15,0,95.0,6.33,2.93,46.32,1.07,0.2,4.41,1.19,62.0,4.13,1.93,46.78,1.13,0.53,47.06,1.8,17.0,1.13,0.53,0.47,0.13,0.2,0.2,0.0,0.0,47.06,28.57,0.33,0.27,0.2,0.07,0.0,0.0,,1.13,0.13,11.76,1.87,0.27,14.29,0.27,14.29
1189,Superliga (DK),33036,Thomas Gundelund Nielsen,T. Gundelund,2001-11-06,91.58,23.93,27.21,29,29,0,1194.0,41.17,30.03,72.95,1.52,0.14,4.91,1.56,840.0,28.97,22.93,79.17,1.24,0.55,44.44,26.38,231.0,7.97,6.03,4.1,3.1,1.48,0.83,0.41,50.0,75.76,75.63,0.28,1.07,0.03,0.17,0.76,0.41,54.55,1.66,0.24,14.58,2.72,0.79,29.11,0.17,6.33
1189,Superliga (DK),33038,Leonel Montano Dahl,L. Montano,1999-10-02,38.08,11.57,12.96,14,13,1,192.0,14.77,10.69,72.4,0.62,0.15,5.29,1.48,140.0,10.77,8.69,80.72,0.85,0.62,72.73,9.69,40.0,3.08,1.85,1.62,1.0,1.0,0.69,0.38,55.56,60.0,61.91,0.0,1.31,0.23,0.31,0.08,0.0,0.0,1.31,0.08,5.88,2.0,0.77,38.46,0.38,19.23
1189,Superliga (DK),33041,Tobias Mølgaard Henriksen,T. Mølgaard,1996-07-22,9.56,2.12,3.24,2,2,0,7.0,3.5,2.0,57.14,0.0,0.0,2.49,0.67,2.0,1.0,1.0,100.0,0.0,0.0,,1.0,1.0,0.5,0.5,0.0,0.0,0.0,0.0,0.0,,100.0,,0.0,0.0,0.0,0.0,0.0,0.0,,0.0,0.0,,0.0,0.0,,0.0,
1189,Superliga (DK),33153,Warren Caddy,W. Caddy,1997-04-09,71.86,22.43,20.16,12,11,1,188.0,17.09,10.27,60.11,3.27,0.0,5.1,1.41,123.0,11.18,7.09,63.41,4.0,2.27,56.82,4.73,50.0,4.55,3.36,2.09,1.36,0.73,0.45,0.18,40.0,74.0,65.22,0.45,1.91,0.73,0.45,0.0,0.0,,4.91,0.36,7.41,7.09,1.09,15.38,1.45,20.51
1189,Superliga (DK),33157,Elies Mahmoud,E. Mahmoud,2001-02-10,75.7,22.98,22.73,32,30,2,1223.0,40.77,27.5,67.46,4.5,0.4,8.5,2.31,871.0,29.03,20.37,70.15,4.27,2.47,57.81,21.7,446.0,14.87,9.63,8.23,4.83,2.73,2.07,0.93,45.16,64.8,58.7,0.9,3.87,0.23,1.73,1.3,0.63,48.72,6.27,1.4,22.34,8.8,1.63,18.56,0.93,10.61
1189,Superliga (DK),33987,Valdemar Birksø Thorsen,V. Birksø,2001-03-17,98.23,26.46,30.18,11,11,0,186.0,16.91,8.73,51.61,0.0,0.0,4.29,2.64,84.0,7.64,4.18,54.76,0.09,0.0,0.0,7.0,38.0,3.45,1.64,2.27,1.09,0.0,0.0,0.0,,47.37,48.0,0.0,0.0,0.0,0.0,0.18,0.0,0.0,0.09,0.0,0.0,0.18,0.0,0.0,0.0,0.0
1189,Superliga (DK),34847,Matthew Hoppe,M. Hoppe,2001-03-13,69.16,16.87,21.49,29,26,3,466.0,17.92,9.88,55.15,2.69,0.23,5.73,1.45,310.0,11.92,6.54,54.84,2.62,1.04,39.71,6.27,112.0,4.31,1.77,2.58,0.92,0.96,0.73,0.19,26.32,41.07,35.82,0.92,2.31,0.62,0.54,0.15,0.0,0.0,3.77,0.46,12.24,6.19,1.58,25.47,1.73,27.95
1189,Superliga (DK),35166,Andreas Pyndt Andersen,A. Pyndt,2001-03-04,71.38,19.21,22.95,27,26,1,1020.0,39.23,32.81,83.63,2.23,0.23,3.73,1.31,726.0,27.92,24.96,89.39,0.92,0.5,54.17,24.58,164.0,6.31,5.46,2.92,2.46,0.54,0.27,0.15,57.14,86.59,84.21,0.69,1.54,0.08,0.23,0.38,0.35,90.0,1.62,0.23,14.29,2.5,0.69,27.69,0.27,10.77
1189,Superliga (DK),35947,Pedro Luís Machado Ganchas,Pedro Ganchas,2000-05-31,94.62,28.14,33.31,29,28,1,1644.0,58.71,53.04,90.33,1.36,0.14,4.26,1.7,1202.0,42.93,41.0,95.51,0.32,0.29,88.89,41.21,268.0,9.57,8.96,5.0,4.79,0.82,0.46,0.46,100.0,93.66,95.71,0.11,0.79,0.0,0.11,0.29,0.29,100.0,0.68,0.0,0.0,1.0,0.46,46.43,0.04,3.57
1189,Superliga (DK),36504,Luis Binks,L. Binks,2001-09-02,100.31,27.43,27.74,27,26,1,1553.0,59.73,49.88,83.52,1.58,0.15,4.95,1.8,1048.0,40.31,35.96,89.22,0.27,0.15,57.14,38.54,290.0,11.15,9.62,6.58,5.77,1.85,1.0,0.85,84.62,86.21,87.72,0.12,0.46,0.0,0.12,1.0,0.62,61.54,0.42,0.0,0.0,0.73,0.23,31.58,0.04,5.26
1189,Superliga (DK),36518,Milan Iloski,M. Iloski,1999-07-29,27.82,9.74,8.81,1,1,0,10.0,10.0,6.0,60.0,2.0,0.0,2.63,0.79,6.0,6.0,4.0,66.67,2.0,1.0,50.0,2.0,1.0,1.0,0.0,1.0,0.0,0.0,0.0,0.0,,0.0,0.0,0.0,0.0,0.0,0.0,0.0,0.0,,2.0,0.0,0.0,2.0,0.0,0.0,1.0,50.0
1189,Superliga (DK),36989,Luka Hujber,L. Hujber,1999-06-16,35.55,7.53,13.32,2,2,0,25.0,12.5,10.5,84.0,1.0,0.0,7.71,1.97,23.0,11.5,9.5,82.61,0.0,0.0,,10.5,7.0,3.5,2.5,2.0,1.5,1.0,1.0,1.0,100.0,71.43,75.0,0.0,2.0,0.0,1.0,1.0,0.5,50.0,0.0,0.0,,0.0,0.0,,0.0,
1189,Superliga (DK),37820,Etienne Green,E. Green,2000-07-19,98.74,24.63,35.67,4,3,1,51.0,17.0,8.67,50.98,0.0,0.0,3.68,2.51,28.0,9.33,4.67,50.0,0.67,0.0,0.0,9.33,6.0,2.0,1.33,1.67,1.33,0.0,0.0,0.0,,66.67,80.0,0.0,0.0,0.0,0.0,0.33,0.33,100.0,1.0,0.0,0.0,1.0,0.0,0.0,0.0,0.0
1189,Superliga (DK),37901,Tobias Sommer Sørensen,T. Sommer,2001-11-27,98.12,24.23,30.27,27,26,1,1299.0,49.96,37.96,75.98,2.88,0.27,3.87,1.34,852.0,32.77,26.5,80.87,1.5,0.77,51.28,26.69,197.0,7.58,6.15,3.31,2.5,1.12,0.58,0.31,53.33,81.22,75.58,1.04,2.19,0.15,0.27,0.42,0.38,90.91,2.73,0.31,11.27,4.69,1.31,27.87,0.38,8.2
1189,Superliga (DK),37995,Jelle Duin,J. Duin,1999-01-27,40.57,10.11,11.76,6,6,0,34.0,5.67,2.5,44.12,1.0,0.0,2.67,0.87,21.0,3.5,1.83,52.38,0.33,0.0,0.0,3.0,4.0,0.67,0.5,0.17,0.17,0.0,0.0,0.0,,75.0,100.0,0.17,0.67,0.17,0.0,0.0,0.0,,0.83,0.33,40.0,1.5,0.0,0.0,0.17,11.11
1189,Superliga (DK),38086,Rocco Ascone,R. Ascone,2003-09-12,31.2,8.19,9.01,1,1,0,11.0,11.0,5.0,45.45,1.0,0.0,2.06,1.2,8.0,8.0,3.0,37.5,4.0,1.0,25.0,6.0,1.0,1.0,0.0,0.0,0.0,0.0,0.0,0.0,,0.0,,0.0,0.0,0.0,0.0,0.0,0.0,,4.0,0.0,0.0,4.0,1.0,25.0,0.0,0.0
1189,Superliga (DK),39815,Maxime Soulas,M. Soulas,1999-05-19,95.03,22.38,30.7,31,28,3,1294.0,46.21,38.68,83.69,1.75,0.25,4.17,1.51,835.0,29.82,26.96,90.42,0.29,0.11,37.5,28.14,193.0,6.89,6.0,3.46,3.04,0.57,0.07,0.04,50.0,87.05,87.63,0.14,0.14,0.04,0.07,0.39,0.21,54.55,0.39,0.04,9.09,0.64,0.18,27.78,0.07,11.11
1189,Superliga (DK),41025,Mads Enggård,M. Enggård,2004-01-20,64.27,16.43,20.32,25,25,0,723.0,28.92,20.44,70.68,1.64,0.28,3.89,1.41,436.0,17.44,12.96,74.31,1.2,0.48,40.0,13.72,107.0,4.28,2.8,1.8,0.96,0.56,0.36,0.16,44.44,65.42,53.33,0.44,1.12,0.08,0.32,0.16,0.04,25.0,1.8,0.2,11.11,3.28,0.84,25.61,0.24,7.32
1189,Superliga (DK),42258,Adam Gabriel,A. Gabriel,2001-05-28,39.39,11.34,10.06,8,8,0,156.0,19.5,12.75,65.39,1.0,0.25,5.09,1.67,110.0,13.75,10.0,72.73,0.88,0.38,42.86,12.25,31.0,3.88,2.25,2.38,1.38,1.12,0.75,0.12,16.67,58.07,57.89,0.0,0.75,0.25,0.88,0.12,0.12,100.0,1.38,0.25,18.18,2.0,0.88,43.75,0.25,12.5
1189,Superliga (DK),42614,Jonas Jensen-Abbew,J. Jensen-Abbew,2002-04-20,24.57,5.91,6.48,12,12,0,107.0,8.92,6.42,71.96,0.08,0.0,3.62,1.15,75.0,6.25,5.25,84.0,0.0,0.0,,5.58,19.0,1.58,1.25,0.67,0.58,0.5,0.08,0.08,100.0,78.95,87.5,0.0,0.5,0.0,0.0,0.08,0.08,100.0,0.0,0.0,,0.25,0.08,33.33,0.0,0.0
1189,Superliga (DK),42874,Theo Nicolini Sander,T. Sander,2005-01-08,97.2,26.16,29.39,7,7,0,255.0,36.43,26.0,71.37,0.14,0.0,3.34,2.27,147.0,21.0,16.57,78.91,0.43,0.0,0.0,20.0,29.0,4.14,2.43,1.71,0.71,0.0,0.0,0.0,,58.62,41.67,0.0,0.0,0.0,0.0,0.14,0.14,100.0,1.0,0.29,28.57,1.71,0.29,16.67,0.0,0.0
1189,Superliga (DK),46434,Mattias Heðinsson Lamhauge,M. Lamhauge,1999-08-02,97.62,25.68,33.13,15,15,0,398.0,26.53,16.4,61.81,0.0,0.0,4.78,3.18,200.0,13.33,9.33,70.0,0.2,0.0,0.0,12.93,81.0,5.4,3.0,3.93,2.4,0.0,0.0,0.0,,55.55,61.02,0.0,0.0,0.0,0.0,0.33,0.13,40.0,0.4,0.2,50.0,0.67,0.07,10.0,0.0,0.0
1189,Superliga (DK),47338,Michael Amir Richardson,A. Richardson,2002-01-24,52.67,11.94,17.19,4,4,0,106.0,26.5,16.5,62.26,2.25,0.25,4.06,1.3,67.0,16.75,11.5,68.66,1.25,0.5,40.0,12.75,18.0,4.5,2.5,2.75,1.0,0.25,0.25,0.25,100.0,55.56,36.36,0.25,1.5,0.25,0.75,1.0,0.5,50.0,2.75,0.25,9.09,3.5,1.25,35.71,0.25,7.14
1189,Superliga (DK),48959,Jacob Andersen,J. Andersen,2004-01-26,48.17,12.64,12.6,7,7,0,94.0,13.43,7.86,58.51,1.0,0.14,7.7,2.13,63.0,9.0,5.86,65.08,1.14,0.43,37.5,7.57,30.0,4.29,2.86,2.14,1.14,0.86,0.71,0.43,60.0,66.67,53.33,0.29,1.29,0.29,0.14,0.43,0.14,33.33,1.86,0.29,15.38,2.71,1.0,36.84,0.0,0.0
1189,Superliga (DK),49321,Žan Zaletel,Ž. Zaletel,1999-09-16,39.77,10.23,10.05,7,7,0,119.0,17.0,13.29,78.15,0.57,0.0,3.57,1.39,71.0,10.14,9.14,90.14,0.14,0.0,0.0,9.86,14.0,2.0,1.57,1.0,0.86,0.14,0.0,0.0,,78.57,85.71,0.0,0.0,0.0,0.0,0.14,0.14,100.0,0.14,0.0,0.0,0.14,0.0,0.0,0.14,100.0
1189,Superliga (DK),49393,Ola Solbakken,O. Solbakken,1998-09-07,72.52,27.02,20.14,17,17,0,588.0,34.59,25.06,72.45,4.0,0.47,5.96,1.65,499.0,29.35,22.0,74.95,2.71,1.71,63.04,23.65,145.0,8.53,5.82,3.71,1.76,1.88,1.41,0.29,20.83,68.28,47.62,0.47,2.47,0.88,0.94,1.29,0.41,31.82,4.24,0.47,11.11,6.59,0.82,12.5,2.0,30.36
1189,Superliga (DK),49689,Kristall Máni Ingason,K. Ingason,2002-01-18,70.8,19.14,22.86,14,14,0,289.0,20.64,13.5,65.4,2.43,0.79,6.41,1.78,186.0,13.29,8.43,63.44,2.07,1.14,55.17,8.71,74.0,5.29,3.57,2.43,1.43,1.21,0.86,0.36,41.67,67.57,58.82,1.5,0.93,0.57,0.14,0.43,0.07,16.67,3.29,0.86,26.09,5.21,0.71,13.7,1.0,19.18
1189,Superliga (DK),50987,Mohamed Touré,M. Touré,2004-03-26,69.7,19.56,22.25,17,16,1,236.0,14.75,6.12,41.53,3.5,0.5,7.91,2.06,165.0,10.31,4.75,46.06,3.44,1.5,43.64,4.5,71.0,4.44,1.88,3.38,1.31,1.25,1.19,0.44,36.84,42.25,38.89,1.0,1.5,1.31,1.31,0.0,0.0,,4.12,0.62,15.15,6.75,1.31,19.44,1.75,25.93
1189,Superliga (DK),51720,Callum McCowatt,C. McCowatt,1999-04-30,84.55,25.04,29.48,32,31,1,1411.0,45.52,31.81,69.88,5.58,0.84,5.17,1.46,1082.0,34.9,25.97,74.4,4.23,2.26,53.44,25.61,301.0,9.71,6.39,5.23,3.19,2.1,1.77,0.94,52.73,65.78,61.11,1.87,2.97,0.77,1.29,0.58,0.26,44.44,6.39,0.94,14.65,9.26,1.81,19.51,1.48,16.03
1189,Superliga (DK),54519,Ivan Näsberg,I. Näsberg,1996-04-22,89.7,26.1,28.55,5,5,0,358.0,71.6,63.4,88.55,0.8,0.4,3.95,1.48,275.0,55.0,52.4,95.27,0.0,0.0,,53.0,51.0,10.2,9.4,6.6,6.0,1.6,0.2,0.0,0.0,92.16,90.91,0.0,0.0,0.0,0.0,0.6,0.2,33.33,0.2,0.0,0.0,0.2,0.0,0.0,0.0,0.0
1189,Superliga (DK),54555,Agon Muçolli,A. Muçolli,1998-09-26,48.14,12.9,15.51,16,16,0,353.0,22.06,12.19,55.24,3.62,0.56,8.6,2.47,277.0,17.31,9.44,54.51,2.25,0.75,33.33,14.31,129.0,8.06,4.31,5.12,2.44,1.0,0.88,0.38,42.86,53.49,47.56,1.06,1.75,0.56,1.31,1.19,0.44,36.84,2.81,0.12,4.44,4.19,1.19,28.36,1.06,25.37
1189,Superliga (DK),58791,Pedro Antonio Bravo Landazuri,P. Bravo,2004-11-26,76.71,21.66,18.73,28,28,0,835.0,29.82,23.96,80.36,1.61,0.14,4.9,1.51,518.0,18.5,16.14,87.26,0.68,0.39,57.9,14.39,156.0,5.57,4.39,2.18,1.71,1.18,0.46,0.32,69.23,78.85,78.69,0.75,2.04,0.0,0.39,0.21,0.11,50.0,1.57,0.36,22.73,2.39,0.46,19.4,0.21,8.96
1189,Superliga (DK),58963,Sofus Berger Brix,S. Berger,2003-06-02,41.45,12.2,14.3,20,19,1,349.0,18.37,12.11,65.9,2.21,0.32,5.61,1.39,267.0,14.05,9.58,68.17,2.32,0.95,40.91,9.32,71.0,3.74,2.16,2.68,1.32,1.37,1.11,0.53,47.62,57.75,49.02,1.16,2.11,0.26,0.26,0.32,0.16,50.0,3.63,0.53,14.49,5.42,0.68,12.62,0.53,9.71
1189,Superliga (DK),58964,Tobias Bech Kristensen,T. Bech,2002-02-19,88.7,27.1,22.64,32,32,0,1000.0,31.25,19.47,62.3,5.19,0.78,5.81,1.6,711.0,22.22,14.31,64.42,4.22,1.81,42.96,14.16,238.0,7.44,4.94,3.72,2.44,1.69,1.09,0.44,40.0,66.39,65.55,1.75,2.72,0.66,0.62,0.41,0.12,30.77,6.0,1.06,17.71,9.28,0.94,10.1,2.16,23.23
1189,Superliga (DK),58965,Younes Bakiz,Y. Bakiz,1999-02-05,63.12,19.18,21.66,24,23,1,706.0,30.7,21.83,71.1,3.74,0.52,4.37,1.32,542.0,23.57,17.0,72.14,3.0,1.3,43.48,16.09,116.0,5.04,3.3,2.65,1.65,1.0,0.74,0.35,47.06,65.52,62.3,1.43,2.0,0.39,0.48,0.43,0.26,60.0,5.09,0.65,12.82,7.35,0.74,10.06,1.43,19.53
1189,Superliga (DK),58967,Jakob Bonde Jensen,J. Bonde,1993-12-29,10.07,2.69,2.27,3,3,0,8.0,2.67,2.33,87.5,0.0,0.0,2.41,1.13,6.0,2.0,1.67,83.33,0.33,0.33,100.0,1.67,0.0,0.0,0.0,0.0,0.0,0.0,0.0,0.0,,,,0.0,0.0,0.0,0.0,0.0,0.0,,0.33,0.0,0.0,0.33,0.0,0.0,0.0,0.0
1189,Superliga (DK),58968,Jeppe Grønning,J. Grønning,1991-05-24,92.75,25.75,27.61,30,30,0,1082.0,36.07,28.27,78.37,1.93,0.17,2.53,0.99,666.0,22.2,19.07,85.89,0.5,0.33,66.67,18.17,85.0,2.83,2.0,1.47,1.03,0.17,0.07,0.0,0.0,70.59,70.45,1.2,0.5,0.2,0.0,0.1,0.07,66.67,1.37,0.03,2.44,2.57,0.37,14.29,0.2,7.79
1189,Superliga (DK),58969,Lucas Lund Pedersen,L. Lund,2000-03-19,98.86,27.66,28.98,32,32,0,867.0,27.09,19.47,71.86,0.0,0.0,3.64,2.44,496.0,15.5,12.09,78.02,0.12,0.06,50.0,15.41,93.0,2.91,1.66,1.47,0.91,0.0,0.0,0.0,,56.99,61.7,0.0,0.0,0.0,0.0,0.12,0.06,50.0,0.25,0.06,25.0,0.34,0.22,63.64,0.0,0.0
1189,Superliga (DK),58970,Christian Nikolaj  Sørensen,C. Sørensen,1992-08-06,87.94,23.35,26.38,25,25,0,1178.0,47.12,34.64,73.51,2.6,0.24,3.81,1.53,831.0,33.24,26.28,79.06,0.76,0.36,47.37,30.88,179.0,7.16,5.04,5.48,4.04,1.12,0.88,0.28,31.82,70.39,73.72,0.08,2.8,0.08,0.2,0.4,0.16,40.0,1.16,0.12,10.34,2.56,0.68,26.56,0.12,4.69
1189,Superliga (DK),59626,Elías Rafn Ólafsson,E. Ólafsson,2000-03-11,99.32,29.63,22.23,27,27,0,752.0,27.85,17.78,63.83,0.07,0.07,3.54,2.53,462.0,17.11,12.07,70.56,0.15,0.04,25.0,16.59,108.0,4.0,2.26,2.85,1.48,0.0,0.0,0.0,,56.48,51.95,0.0,0.0,0.0,0.0,0.04,0.0,0.0,0.26,0.04,14.29,0.48,0.19,38.46,0.0,0.0
1189,Superliga (DK),59966,Bilal Brahimi,B. Brahimi,2000-03-28,53.45,16.1,14.13,16,16,0,380.0,23.75,16.75,70.53,3.0,0.25,6.22,1.9,285.0,17.81,12.81,71.93,1.62,0.88,53.85,14.94,98.0,6.12,4.12,3.0,1.5,1.0,0.81,0.25,30.77,67.35,50.0,1.0,2.19,0.5,0.56,0.75,0.44,58.33,2.12,0.31,14.71,3.62,0.44,12.07,0.69,18.97
1189,Superliga (DK),60449,Andreas Oggesen,A. Oggesen,1994-03-18,82.8,20.32,27.33,28,25,3,1008.0,40.32,32.6,80.85,2.04,0.16,3.89,1.3,669.0,26.76,22.96,85.8,0.88,0.52,59.09,23.8,165.0,6.6,5.28,2.84,2.4,1.0,0.56,0.36,64.29,80.0,84.51,0.4,1.0,0.04,0.12,0.4,0.24,60.0,1.48,0.08,5.41,2.6,0.6,23.08,0.2,7.69
1189,Superliga (DK),60532,Valdemar Lund Jensen,V. Lund,2003-05-28,85.81,22.29,26.18,18,18,0,772.0,42.89,35.0,81.61,1.17,0.11,3.72,1.53,534.0,29.67,26.5,89.32,0.33,0.06,16.67,28.44,103.0,5.72,4.67,3.0,2.5,0.56,0.17,0.0,0.0,81.55,83.33,0.06,0.83,0.0,0.0,0.28,0.22,80.0,0.44,0.0,0.0,0.67,0.17,25.0,0.0,0.0
1189,Superliga (DK),60534,Alexander Magnus Busch,A. Busch,2003-07-25,56.16,15.53,20.61,4,4,0,160.0,40.0,35.75,89.38,2.0,0.25,3.13,1.37,117.0,29.25,28.0,95.73,0.25,0.25,100.0,28.75,17.0,4.25,3.75,2.0,1.5,0.5,0.0,0.0,,88.23,75.0,0.0,0.0,0.0,0.0,0.0,0.0,,0.75,0.25,33.33,1.5,0.25,16.67,0.0,0.0
1189,Superliga (DK),60535,Anders Dahl,A. Dahl,2002-05-01,36.62,10.32,11.47,18,17,1,294.0,17.29,13.24,76.53,1.35,0.24,5.15,1.52,224.0,13.18,10.71,81.25,0.76,0.29,38.46,12.59,64.0,3.76,2.71,2.65,1.94,0.94,0.59,0.29,50.0,71.87,73.33,0.06,2.18,0.41,0.24,0.41,0.29,71.43,1.06,0.06,5.55,1.59,0.41,25.93,0.24,14.81
1189,Superliga (DK),61124,Bjørn Paulsen,B. Paulsen,1991-07-02,43.93,11.83,11.59,20,19,1,453.0,23.84,19.26,80.79,1.05,0.11,2.83,1.04,310.0,16.32,14.58,89.35,0.16,0.05,33.33,15.58,45.0,2.37,1.79,1.0,0.79,0.21,0.11,0.05,50.0,75.56,78.95,0.05,0.05,0.0,0.0,0.05,0.05,100.0,0.26,0.05,20.0,0.63,0.11,16.67,0.05,8.33
1189,Superliga (DK),61194,Adam Wikman,A. Wikman,2003-12-15,78.14,20.89,27.88,13,13,0,669.0,51.46,44.31,86.1,1.92,0.31,3.09,1.16,507.0,39.0,35.38,90.73,0.85,0.15,18.18,33.54,68.0,5.23,4.46,1.54,1.23,0.46,0.23,0.0,0.0,85.29,80.0,0.69,0.46,0.08,0.08,0.23,0.08,33.33,1.62,0.15,9.52,2.85,0.77,27.03,0.15,5.41
1189,Superliga (DK),61341,Mohamed Elias  Achouri,E. Achouri,1999-02-10,71.61,23.57,17.91,21,21,0,705.0,33.57,22.33,66.52,5.0,0.9,9.1,2.73,519.0,24.71,16.71,67.63,2.05,1.0,48.84,18.1,278.0,13.24,8.19,5.57,2.57,1.33,0.95,0.38,40.0,61.87,46.15,0.76,2.67,0.62,2.33,1.52,0.62,40.62,3.38,0.71,21.13,6.43,1.38,21.48,1.05,16.3
1189,Superliga (DK),61893,Anssi Tapio Suhonen,A. Suhonen,2001-01-14,58.27,20.07,15.12,11,10,1,329.0,32.9,23.0,69.91,2.9,0.1,5.03,1.65,219.0,21.9,16.1,73.52,2.3,1.2,52.17,15.5,66.0,6.6,4.6,2.3,1.5,0.8,0.5,0.2,40.0,69.7,65.22,1.1,1.7,0.3,0.2,0.2,0.0,0.0,3.5,0.8,22.86,5.9,0.7,11.86,0.6,10.17
1189,Superliga (DK),61974,Magnus Elkjær Mattsson,M. Mattsson,1999-02-25,84.84,28.34,20.19,6,6,0,240.0,40.0,30.33,75.83,4.83,0.33,4.99,1.33,177.0,29.5,22.83,77.4,3.5,1.67,47.62,20.33,50.0,8.33,6.17,3.83,2.17,2.17,1.83,0.83,45.46,74.0,56.52,2.17,3.0,0.33,1.0,0.5,0.17,33.33,6.5,0.83,12.82,8.33,1.17,14.0,1.0,12.0
1189,Superliga (DK),63271,Rodrigo Jhossel Huescas Hurtado,R. Huescas,2003-09-18,87.0,31.12,21.16,10,10,0,501.0,50.1,40.4,80.64,2.6,0.7,5.85,1.88,372.0,37.2,31.2,83.87,1.6,0.9,56.25,34.5,130.0,13.0,10.3,7.4,6.0,2.6,1.3,0.6,46.15,79.23,81.08,0.2,5.9,0.4,0.0,0.7,0.2,28.57,2.4,0.6,25.0,4.1,0.7,17.07,0.5,12.2
1189,Superliga (DK),63446,Tobias Haahr Jakobsen,T. Jakobsen,2003-07-03,98.99,26.16,30.13,4,4,0,112.0,28.0,17.5,62.5,0.0,0.0,4.66,2.91,59.0,14.75,11.0,74.58,0.0,0.0,,14.25,24.0,6.0,3.25,2.5,1.0,0.0,0.0,0.0,,54.17,40.0,0.0,0.0,0.0,0.0,0.25,0.0,0.0,0.25,0.25,100.0,0.25,0.0,0.0,0.0,0.0
1189,Superliga (DK),64398,Norman Campbell,N. Campbell,1999-11-24,49.73,13.19,15.48,16,15,1,229.0,15.27,8.33,54.59,2.27,0.27,9.99,2.41,157.0,10.47,5.73,54.78,2.8,1.13,40.48,5.67,79.0,5.27,2.8,2.53,0.93,1.47,0.87,0.27,30.77,53.16,36.84,0.53,0.87,0.87,1.27,0.27,0.13,50.0,3.13,0.8,25.53,5.33,0.73,13.75,1.33,25.0
1189,Superliga (DK),65297,Ísak Andri Sigurgeirsson,Í. Sigurgeirsson,2003-09-11,27.61,6.17,9.43,5,5,0,32.0,6.4,3.4,53.13,1.0,0.0,8.04,2.12,19.0,3.8,2.6,68.42,0.6,0.2,33.33,3.4,12.0,2.4,1.0,1.6,0.6,0.2,0.0,0.0,,41.67,37.5,0.2,0.0,0.0,0.2,0.4,0.0,0.0,0.8,0.0,0.0,1.2,0.4,33.33,0.6,50.0
1189,Superliga (DK),68606,Igor Vekič,I. Vekič,1998-05-06,98.46,25.38,29.65,28,28,0,706.0,25.21,17.39,68.98,0.18,0.07,4.86,3.28,387.0,13.82,9.71,70.28,0.11,0.0,0.0,13.5,144.0,5.14,3.71,2.75,2.14,0.0,0.0,0.0,,72.22,77.92,0.0,0.0,0.0,0.04,0.18,0.14,80.0,0.18,0.0,0.0,0.39,0.25,63.64,0.0,0.0
1189,Superliga (DK),68942,Batuhan Zidan Sertdemir,Z. Sertdemir,2005-02-04,19.91,5.65,5.63,3,3,0,29.0,9.67,7.67,79.31,0.33,0.0,6.47,2.18,20.0,6.67,5.0,75.0,0.67,0.33,50.0,5.33,7.0,2.33,1.67,1.0,0.67,0.0,0.0,0.0,,71.43,66.67,0.67,0.33,0.0,0.0,0.33,0.0,0.0,1.33,0.33,25.0,2.0,0.0,0.0,0.33,16.67
1189,Superliga (DK),70242,Christian William Gammelgaard Grøndal,C. Gammelgaard,2003-03-10,77.74,19.92,23.72,32,32,0,687.0,21.47,12.84,59.83,3.28,0.34,5.64,1.61,449.0,14.03,8.78,62.58,3.44,1.88,54.55,8.62,171.0,5.34,3.19,3.16,1.66,0.94,0.69,0.22,31.82,59.65,52.47,0.66,1.97,0.31,0.97,0.38,0.09,25.0,4.53,0.97,21.38,6.47,1.03,15.94,1.12,17.39
1189,Superliga (DK),70408,Daniel Bisgaard Haarbo,D. Haarbo,2003-03-14,43.18,11.09,13.31,3,3,0,46.0,15.33,12.0,78.26,0.67,0.0,3.66,1.5,29.0,9.67,8.67,89.66,0.67,0.33,50.0,8.67,5.0,1.67,1.0,0.0,0.0,0.0,0.0,0.0,,60.0,,0.0,0.0,0.0,0.0,0.0,0.0,,0.67,0.0,0.0,1.0,0.0,0.0,0.0,0.0
1189,Superliga (DK),70587,Gustav Grubbe Madsen,G. Grubbe,2003-01-27,22.24,5.34,6.7,16,16,0,144.0,9.0,5.56,61.81,0.5,0.06,3.29,1.04,101.0,6.31,4.31,68.32,0.62,0.31,50.0,4.69,17.0,1.06,0.69,0.69,0.38,0.25,0.25,0.06,25.0,64.71,54.55,0.31,0.62,0.12,0.0,0.06,0.06,100.0,0.88,0.0,0.0,1.5,0.12,8.33,0.12,8.33
1189,Superliga (DK),70644,Aske Leth Andresen,A. Andresen,2005-07-12,49.48,16.68,15.85,2,2,0,28.0,14.0,10.0,71.43,0.0,0.0,4.99,1.89,15.0,7.5,5.0,66.67,0.5,0.5,100.0,7.5,6.0,3.0,2.0,3.0,2.0,0.0,0.0,0.0,,66.67,66.67,0.0,0.0,0.0,0.0,0.0,0.0,,1.0,0.5,50.0,1.0,0.0,0.0,0.0,0.0
1189,Superliga (DK),72012,Magnus Nordengen Knudsen,M. Knudsen,2001-06-15,94.11,27.73,23.76,14,14,0,576.0,41.14,33.57,81.6,2.57,0.21,5.05,1.49,368.0,26.29,23.07,87.77,0.93,0.43,46.15,20.29,133.0,9.5,7.79,3.86,2.86,1.5,0.79,0.43,54.55,81.95,74.07,1.07,0.79,0.21,0.21,0.21,0.0,0.0,2.0,0.21,10.71,3.36,0.64,19.15,0.21,6.38
1189,Superliga (DK),72044,Sindre Walle Egeli,S. Egeli,2006-06-21,100.62,36.12,26.83,6,6,0,211.0,35.17,20.5,58.3,7.17,0.83,7.06,1.95,163.0,27.17,16.83,61.96,4.17,2.0,48.0,20.67,62.0,10.33,4.17,7.83,3.17,2.67,2.5,0.67,26.67,40.32,40.42,2.0,2.33,1.0,3.33,1.33,0.33,25.0,5.83,1.0,17.14,8.67,1.67,19.23,2.17,25.0
1189,Superliga (DK),72050,Leopold Wahlstedt,L. Wahlstedt,1999-07-04,95.58,28.28,20.3,1,1,0,30.0,30.0,12.0,40.0,0.0,0.0,6.07,4.26,17.0,17.0,7.0,41.18,0.0,0.0,,17.0,8.0,8.0,3.0,0.0,0.0,0.0,0.0,0.0,,37.5,,0.0,0.0,0.0,0.0,1.0,0.0,0.0,0.0,0.0,,0.0,0.0,,0.0,
1189,Superliga (DK),72119,Viljar  Røsholt Myhra,V. Myhra,1996-07-21,95.86,29.14,26.93,23,22,1,735.0,33.41,24.14,72.25,0.05,0.0,3.6,2.5,444.0,20.18,16.18,80.18,0.32,0.14,42.86,19.68,87.0,3.95,2.45,2.09,1.27,0.0,0.0,0.0,,62.07,60.87,0.0,0.0,0.0,0.0,0.09,0.0,0.0,0.45,0.14,30.0,0.59,0.23,38.46,0.0,0.0
1189,Superliga (DK),72160,Markus Solbakken,M. Solbakken,2000-07-25,53.02,17.06,15.18,12,12,0,384.0,32.0,27.42,85.68,2.25,0.33,4.77,1.64,284.0,23.67,21.67,91.55,0.92,0.83,90.91,19.5,72.0,6.0,5.25,2.42,2.08,0.58,0.25,0.25,100.0,87.5,86.21,1.17,0.83,0.0,0.17,0.33,0.25,75.0,1.83,0.33,18.18,1.92,0.33,17.39,0.08,4.35
1189,Superliga (DK),72218,Runar Robinsønn Norheim,R. Norheim,2005-02-14,60.91,20.13,16.33,25,24,1,617.0,25.71,19.29,75.04,2.0,0.33,5.47,1.7,467.0,19.46,15.25,78.37,1.58,0.71,44.74,16.71,147.0,6.12,4.25,4.04,2.54,1.42,1.04,0.42,40.0,69.39,62.89,0.58,1.71,0.71,0.46,0.58,0.29,50.0,2.33,0.33,14.29,3.67,0.96,26.14,0.62,17.05
1189,Superliga (DK),72219,Felix Vrede Winther,F. Winther,2000-05-18,89.74,24.35,30.74,27,26,1,1306.0,50.23,40.12,79.86,2.73,0.42,3.94,1.39,890.0,34.23,29.5,86.18,0.85,0.38,45.45,29.31,194.0,7.46,5.77,3.85,2.92,0.46,0.23,0.19,83.33,77.32,76.0,1.92,1.19,0.12,0.35,0.77,0.46,60.0,1.96,0.35,17.65,3.19,0.46,14.46,0.12,3.61
1189,Superliga (DK),73267,Jeppe Sten Kudsk Pedersen,J. Kudsk,2003-02-25,63.62,17.32,20.95,23,23,0,850.0,36.96,30.65,82.94,0.78,0.09,3.92,1.68,618.0,26.87,24.13,89.8,0.22,0.09,40.0,25.74,133.0,5.78,4.91,3.17,2.61,0.3,0.09,0.04,50.0,84.96,82.19,0.0,0.09,0.04,0.0,0.17,0.04,25.0,0.39,0.04,11.11,0.7,0.09,12.5,0.13,18.75
1189,Superliga (DK),73353,Anosike Victor Ementa,A. Ementa,2002-05-03,87.96,26.67,28.32,3,3,0,64.0,21.33,9.0,42.19,2.33,0.33,5.71,1.44,33.0,11.0,3.67,33.34,3.67,0.67,18.18,2.67,13.0,4.33,1.33,2.33,0.67,1.67,1.0,0.0,0.0,30.77,28.57,1.33,1.67,0.33,0.67,0.0,0.0,,5.33,1.0,18.75,8.33,1.0,12.0,1.33,16.0
1189,Superliga (DK),73533,Sung-Hoon Cho,Sung-Hoon Cho,1998-04-21,59.2,17.82,15.61,2,2,0,21.0,10.5,4.5,42.86,2.5,0.0,6.28,1.36,13.0,6.5,3.5,53.85,1.0,0.5,50.0,3.0,5.0,2.5,1.5,1.0,0.5,1.5,0.5,0.0,0.0,60.0,50.0,0.5,0.5,0.5,0.0,0.0,0.0,,1.0,0.0,0.0,2.0,0.5,25.0,0.5,25.0
1189,Superliga (DK),75737,Denil Daniel Castillo Preciado,D. Castillo,2004-03-24,72.18,21.53,16.88,26,26,0,624.0,24.0,18.42,76.76,2.12,0.5,5.5,1.65,407.0,15.65,12.42,79.36,1.85,1.0,54.17,10.77,136.0,5.23,3.62,2.27,1.23,1.42,0.92,0.46,50.0,69.12,54.24,0.85,1.73,0.54,0.46,0.15,0.08,50.0,2.58,0.62,23.88,4.5,0.73,16.24,0.54,11.97
1189,Superliga (DK),84587,William Clem,W. Clem,2004-06-20,56.33,17.82,14.04,25,25,0,829.0,33.16,26.84,80.94,2.44,0.56,3.31,1.35,580.0,23.2,19.72,85.0,1.04,0.56,53.85,19.2,95.0,3.8,3.32,2.04,1.68,0.4,0.16,0.04,25.0,87.37,82.35,0.88,0.6,0.16,0.24,0.28,0.28,100.0,1.88,0.16,8.51,2.72,0.52,19.12,0.36,13.24
1189,Superliga (DK),90434,Ibrahim Adel Ali Mohamed Hassan,Ibrahim Adel,2001-04-23,58.1,18.98,15.04,11,10,1,199.0,19.9,10.5,52.76,4.1,0.2,6.83,1.72,145.0,14.5,7.5,51.72,3.5,1.3,37.14,7.2,63.0,6.3,3.7,4.0,1.9,1.7,1.2,0.6,50.0,58.73,47.5,1.6,1.5,0.9,1.0,0.3,0.1,33.33,4.7,0.5,10.64,7.7,1.5,19.48,1.7,22.08
1189,Superliga (DK),103035,Friday Ubi Etim,F. Etim,2002-05-21,89.54,24.38,27.63,15,14,1,256.0,18.29,8.36,45.7,4.36,0.71,8.2,2.12,161.0,11.5,5.14,44.72,3.93,1.57,40.0,4.43,80.0,5.71,3.14,3.5,1.64,1.43,1.14,0.36,31.25,55.0,46.94,1.29,1.43,1.29,1.36,0.07,0.0,0.0,4.64,0.86,18.46,7.64,1.64,21.49,2.21,28.97
1189,Superliga (DK),110467,Daniel Lønborg Thøgersen,D. Thøgersen,2000-01-08,19.83,3.92,6.83,2,2,0,8.0,4.0,2.5,62.5,0.0,0.0,0.92,0.71,6.0,3.0,2.0,66.67,0.0,0.0,,3.0,0.0,0.0,0.0,0.0,0.0,0.0,0.0,0.0,,,,0.0,0.0,0.0,0.0,0.0,0.0,,0.0,0.0,,0.0,0.0,,0.0,
1189,Superliga (DK),114826,Sefer Emini,S. Emini,2000-07-15,48.14,10.83,16.19,21,18,3,314.0,17.44,11.67,66.88,2.0,0.11,3.4,1.0,200.0,11.11,8.22,74.0,1.22,0.56,45.45,9.17,39.0,2.17,1.33,1.11,0.61,0.78,0.5,0.33,66.67,61.54,55.0,0.44,0.56,0.17,0.28,0.17,0.11,66.67,1.83,0.11,6.06,2.39,0.5,20.93,0.33,13.95
1189,Superliga (DK),118358,Wandepanga Ismahila Ouédraogo,I. Ouédraogo,1999-11-05,88.7,26.68,25.71,25,24,1,1289.0,53.71,45.75,85.18,1.88,0.25,2.97,1.24,899.0,37.46,33.58,89.65,0.67,0.54,81.25,31.62,114.0,4.75,4.17,1.71,1.58,0.42,0.08,0.04,50.0,87.72,92.68,1.12,0.46,0.0,0.04,0.17,0.12,75.0,2.04,0.38,18.37,3.58,0.54,15.12,0.04,1.16
1189,Superliga (DK),120298,Thibault Klidjé,T. Klidjé,2001-07-10,37.83,10.7,11.26,9,9,0,75.0,8.33,3.78,45.33,1.89,0.11,4.28,1.14,54.0,6.0,2.78,46.3,2.0,1.0,50.0,1.56,14.0,1.56,0.78,0.89,0.11,0.78,0.44,0.0,0.0,50.0,12.5,0.33,0.33,0.78,0.33,0.0,0.0,,2.56,0.56,21.74,4.11,0.56,13.51,1.0,24.32
1189,Superliga (DK),120953,Alexander Illum Simmelhack,A. Simmelhack,2005-11-11,22.22,5.89,7.05,15,14,1,73.0,5.21,3.0,57.54,0.64,0.07,3.95,1.17,46.0,3.29,2.14,65.22,0.93,0.64,69.23,1.71,13.0,0.93,0.29,0.43,0.07,0.21,0.14,0.0,0.0,30.77,16.67,0.07,0.57,0.14,0.14,0.0,0.0,,1.07,0.21,20.0,1.57,0.14,9.09,0.14,9.09
1189,Superliga (DK),121172,Darío Esteban Osorio Osorio,D. Osorio,2004-01-24,73.93,22.19,15.96,28,28,0,964.0,34.43,22.54,65.46,4.64,0.68,7.83,1.97,660.0,23.57,15.54,65.91,1.79,0.96,54.0,19.57,321.0,11.46,7.0,5.39,2.43,2.5,1.57,0.82,52.27,61.06,45.03,0.75,2.07,0.25,2.5,1.54,0.68,44.19,2.79,0.5,17.95,5.11,1.0,19.58,0.93,18.18
1189,Superliga (DK),133035,Mads Søndergaard Clausen,M. Søndergaard,2002-12-26,69.26,18.65,21.06,23,23,0,577.0,25.09,17.48,69.67,3.09,0.48,4.54,1.36,379.0,16.48,12.22,74.14,1.78,0.78,43.9,10.91,103.0,4.48,3.09,2.65,1.65,0.78,0.48,0.22,45.45,68.93,62.29,1.78,1.78,0.43,0.17,0.22,0.13,60.0,2.7,0.35,12.9,4.87,0.83,16.96,1.09,22.32
1189,Superliga (DK),133036,Oliver Ross,O. Ross,2004-10-10,36.89,10.19,13.04,13,13,0,157.0,12.08,8.15,67.52,1.85,0.08,4.68,1.37,114.0,8.77,6.31,71.93,1.46,0.85,57.89,5.92,27.0,2.08,1.23,0.92,0.46,0.54,0.31,0.08,25.0,59.26,50.0,0.77,1.08,0.46,0.0,0.23,0.23,100.0,2.08,0.15,7.41,3.23,0.38,11.9,0.69,21.43
1189,Superliga (DK),133496,Dalton Wilkins,D. Wilkins,1999-04-15,24.51,5.42,5.81,7,7,0,79.0,11.29,8.14,72.15,0.71,0.0,6.95,2.26,44.0,6.29,5.0,79.55,0.43,0.14,33.33,5.43,28.0,4.0,2.57,2.57,2.0,0.29,0.29,0.29,100.0,64.29,77.78,0.0,0.43,0.0,0.0,0.29,0.14,50.0,0.57,0.0,0.0,0.86,0.29,33.33,0.14,16.67
1189,Superliga (DK),139822,Martin Staghøj Huldahl,M. Huldahl,2004-09-20,19.7,4.5,5.57,8,8,0,19.0,2.38,1.25,52.63,0.25,0.0,2.92,1.03,9.0,1.12,0.88,77.78,0.5,0.38,75.0,0.38,2.0,0.25,0.12,0.0,0.0,0.0,0.0,0.0,,50.0,,0.0,0.38,0.0,0.0,0.0,0.0,,0.62,0.25,40.0,0.88,0.0,0.0,0.12,14.29
1189,Superliga (DK),141051,Eskild Munk Dall,E. Dall,2003-01-08,36.71,10.11,12.4,23,23,0,144.0,6.26,3.52,56.25,0.74,0.13,6.95,1.71,88.0,3.83,2.26,59.09,0.65,0.22,33.33,2.65,41.0,1.78,0.96,0.96,0.48,0.52,0.39,0.13,33.33,53.66,50.0,0.35,0.57,0.39,0.22,0.13,0.04,33.33,0.78,0.04,5.56,1.39,0.22,15.62,0.39,28.12
1189,Superliga (DK),141052,Asker Beck Jensen,A. Beck Jensen,2003-07-07,44.0,12.16,12.6,30,30,0,548.0,18.27,12.5,68.43,1.67,0.3,6.23,1.77,393.0,13.1,9.57,73.03,0.87,0.4,46.15,10.1,137.0,4.57,3.1,2.8,1.7,1.1,0.83,0.3,36.0,67.88,60.71,0.97,1.27,0.17,0.6,0.13,0.07,50.0,1.3,0.23,17.95,2.5,0.73,29.33,0.33,13.33
1189,Superliga (DK),144988,Martin André Sjølstad,M. Sjølstad,2000-07-09,40.49,12.33,11.55,12,11,1,177.0,16.09,10.36,64.41,1.36,0.0,7.42,1.96,129.0,11.73,7.73,65.89,1.0,0.45,45.45,10.55,59.0,5.36,3.36,3.82,2.27,1.18,0.91,0.18,20.0,62.71,59.52,0.09,1.36,0.18,1.09,0.45,0.18,40.0,1.27,0.45,35.72,2.45,0.64,25.93,0.18,7.41
1189,Superliga (DK),154077,Franculino Gluda Djú,Franculino Djú,2004-06-28,69.57,20.41,16.36,21,21,0,415.0,19.76,10.24,51.81,3.62,1.1,5.43,1.5,276.0,13.14,7.1,53.99,4.1,1.62,39.54,6.33,96.0,4.57,2.33,2.71,1.24,1.1,0.9,0.24,26.32,51.04,45.61,1.14,2.1,1.43,0.81,0.38,0.14,37.5,5.38,0.71,13.27,7.71,1.0,12.96,1.62,20.99
1189,Superliga (DK),154078,Valdemar Byskov Andreasen,V. Byskov,2005-01-25,44.89,13.17,10.3,28,28,0,619.0,22.11,16.32,73.83,2.46,0.5,4.51,1.36,413.0,14.75,11.46,77.72,1.18,0.71,60.61,11.71,108.0,3.86,2.43,1.82,0.86,0.96,0.71,0.29,40.0,62.96,47.06,0.57,1.32,0.32,0.36,0.11,0.07,66.67,1.82,0.39,21.57,3.21,0.57,17.78,0.68,21.11
1189,Superliga (DK),160196,Daniel Filipe Bandeira e Silva,Dani Silva,2000-04-11,46.06,14.56,11.72,10,10,0,304.0,30.4,26.7,87.83,1.5,0.3,3.74,1.43,228.0,22.8,20.3,89.04,0.4,0.1,25.0,19.4,43.0,4.3,4.0,1.3,1.2,0.2,0.0,0.0,,93.02,92.31,0.5,0.5,0.1,0.1,0.0,0.0,,1.3,0.5,38.46,1.4,0.1,7.14,0.4,28.57
1189,Superliga (DK),161145,Marius Elvius Kolind-Jørgensen,M. Elvius,2002-06-01,13.16,4.58,3.56,2,2,0,6.0,3.0,1.0,33.33,0.5,0.0,10.48,2.42,5.0,2.5,1.0,40.0,0.5,0.0,0.0,1.0,3.0,1.5,0.5,1.5,0.5,0.5,0.5,0.0,0.0,33.33,33.33,0.5,0.0,0.0,1.0,0.0,0.0,,0.5,0.0,0.0,1.5,1.0,66.67,0.5,33.33
1189,Superliga (DK),162426,Victor Bak Jensen,V. Bak Jensen,2003-10-03,84.77,24.58,20.0,30,30,0,1030.0,34.33,23.83,69.42,2.4,0.2,4.34,1.37,638.0,21.27,16.23,76.33,1.83,0.87,47.27,18.27,170.0,5.67,3.73,3.5,2.33,1.67,1.07,0.67,62.5,65.88,66.67,0.1,3.43,0.3,0.53,0.37,0.2,54.55,2.3,0.37,15.94,3.63,1.23,33.94,0.5,13.76
1189,Superliga (DK),163820,Cho Gue-Sung,Cho Gue-Sung,1998-01-25,56.2,16.86,11.78,24,24,0,297.0,12.38,6.04,48.82,2.38,0.33,5.0,1.32,167.0,6.96,3.75,53.89,1.42,0.62,44.12,3.58,61.0,2.54,1.46,1.54,0.83,0.67,0.54,0.17,30.77,57.38,54.05,0.75,1.0,0.25,0.12,0.0,0.0,,1.88,0.33,17.78,3.29,0.5,15.19,0.58,17.72
1189,Superliga (DK),167923,Ovie Ejeheri,O. Ejeheri,2003-04-23,98.29,27.45,37.65,2,2,0,49.0,24.5,13.0,53.06,0.0,0.0,4.06,3.22,24.0,12.0,8.0,66.66,0.5,0.0,0.0,11.5,9.0,4.5,3.0,3.0,2.0,0.0,0.0,0.0,,66.67,66.67,0.0,0.0,0.0,0.0,0.0,0.0,,0.5,0.0,0.0,0.5,0.0,0.0,0.0,0.0
1189,Superliga (DK),169258,Amin Al Hamawi,Amin Al Hamawi,2003-12-17,31.49,10.16,9.44,4,4,0,37.0,9.25,5.75,62.17,0.5,0.0,5.21,1.7,25.0,6.25,4.5,72.0,0.25,0.25,100.0,3.0,9.0,2.25,1.75,1.0,0.75,0.25,0.25,0.0,0.0,77.78,75.0,0.5,1.0,0.0,0.0,0.0,0.0,,1.5,0.0,0.0,3.5,0.75,21.43,0.25,7.14
1189,Superliga (DK),172044,Srdjan Kuzmić,S. Kuzmić,2004-01-16,83.38,24.14,23.87,26,26,0,1003.0,38.58,29.0,75.17,2.27,0.35,4.88,1.57,689.0,26.5,21.96,82.87,1.54,0.77,50.0,24.04,204.0,7.85,5.38,4.85,3.31,1.81,1.19,0.62,51.61,68.63,68.25,0.12,2.81,0.5,0.31,0.54,0.35,64.29,1.88,0.46,24.49,2.88,0.69,24.0,0.46,16.0
1189,Superliga (DK),173402,Charly Nouck Horneman,C. Nouck,2004-03-21,59.6,16.45,17.92,29,29,0,508.0,17.52,7.24,41.34,3.79,0.55,11.67,2.79,350.0,12.07,4.9,40.57,1.9,0.34,18.18,8.83,247.0,8.52,3.07,6.0,2.0,2.31,2.03,0.38,18.64,36.03,33.33,1.0,0.66,0.62,2.52,1.14,0.28,24.24,2.41,0.14,5.71,4.21,1.1,26.23,0.69,16.39
1189,Superliga (DK),176185,Max Isaac Ejdum,M. Ejdum,2004-10-15,85.41,24.72,24.36,26,25,1,1082.0,43.28,34.2,79.02,3.72,0.64,4.48,1.36,743.0,29.72,25.08,84.39,3.08,1.96,63.64,21.8,196.0,7.84,5.92,3.64,2.84,1.4,0.96,0.72,75.0,75.51,78.02,2.24,3.8,0.68,1.08,0.16,0.08,50.0,5.36,1.16,21.64,7.36,1.4,19.02,1.68,22.83
1189,Superliga (DK),179560,Sérgio Pereira Andrade,Serginho,2001-01-29,33.03,11.08,6.7,2,2,0,30.0,15.0,8.5,56.67,2.5,0.5,12.23,3.36,25.0,12.5,7.5,60.0,1.0,0.0,0.0,12.0,13.0,6.5,4.0,2.0,1.0,1.5,1.5,0.5,33.33,61.54,50.0,0.5,1.5,0.0,1.5,0.5,0.0,0.0,3.0,0.5,16.66,3.5,0.0,0.0,0.5,14.29
1189,Superliga (DK),180600,Tonni Adamsen,T. Adamsen,1994-11-15,91.5,27.04,31.76,31,30,1,1106.0,36.87,23.0,62.39,5.33,0.83,6.01,1.61,867.0,28.9,18.53,64.13,4.07,2.03,50.0,18.53,290.0,9.67,5.87,5.0,2.67,2.1,1.67,0.63,38.0,60.69,53.33,1.93,3.4,1.33,1.2,0.9,0.4,44.44,6.67,1.0,15.0,11.23,1.87,16.62,2.6,23.14
1189,Superliga (DK),184438,Noah  Ganaus,N. Ganaus,2001-01-19,87.45,26.37,24.62,32,31,1,556.0,17.94,8.58,47.84,3.68,0.58,8.69,1.96,379.0,12.23,6.0,49.08,3.65,1.48,40.71,6.61,198.0,6.39,2.68,4.77,1.52,2.65,2.45,0.42,17.11,41.92,31.76,0.97,1.45,1.23,1.29,0.32,0.1,30.0,4.74,1.1,23.13,7.13,1.77,24.89,1.61,22.62
1189,Superliga (DK),184718,Masaki Murata,M. Murata,1999-08-29,26.76,7.22,6.95,3,3,0,22.0,7.33,5.67,77.27,0.0,0.0,3.77,1.17,13.0,4.33,3.33,76.92,0.33,0.33,100.0,3.67,3.0,1.0,0.67,0.0,0.0,0.0,0.0,0.0,,66.67,,0.33,0.33,0.0,0.0,0.0,0.0,,0.33,0.0,0.0,0.33,0.0,0.0,0.0,0.0
1189,Superliga (DK),205998,William Madsen,W. Madsen,2002-04-05,52.08,13.76,18.03,20,20,0,439.0,21.95,16.7,76.08,1.9,0.15,4.3,1.36,298.0,14.9,11.95,80.2,0.95,0.4,42.11,12.05,72.0,3.6,2.4,2.0,1.25,0.7,0.6,0.2,33.33,66.67,62.5,0.85,0.85,0.1,0.55,0.3,0.15,50.0,1.55,0.25,16.13,2.65,0.45,16.98,0.3,11.32
1189,Superliga (DK),206007,Oscar Buch,O. Buch,1997-02-14,67.81,17.25,22.87,22,22,0,448.0,20.36,11.18,54.91,2.36,0.36,8.63,2.27,277.0,12.59,7.36,58.48,2.23,0.68,30.61,9.45,175.0,7.95,4.41,4.68,2.23,1.68,1.41,0.5,35.48,55.43,47.57,0.45,1.86,0.64,0.41,0.59,0.18,30.77,2.73,0.59,21.67,5.0,1.14,22.73,1.0,20.0
1189,Superliga (DK),206009,Alexander Lyng,A. Lyng,2004-11-26,64.87,16.13,20.72,28,26,2,528.0,20.31,10.96,53.98,3.23,0.42,6.8,1.72,357.0,13.73,7.92,57.7,2.58,0.96,37.31,9.19,149.0,5.73,2.81,3.81,1.92,1.69,1.35,0.54,40.0,48.99,50.51,0.96,1.88,0.54,0.96,0.35,0.15,44.44,3.88,0.58,14.85,5.85,1.0,17.1,1.5,25.66
1189,Superliga (DK),206032,Anders Bergholt Pedersen,A. Bergholdt,2005-02-21,37.02,7.4,10.62,5,3,2,24.0,8.0,5.0,62.5,0.67,0.67,6.21,1.48,14.0,4.67,3.0,64.28,1.0,0.67,66.67,3.0,8.0,2.67,1.67,1.67,1.0,0.67,0.67,0.0,0.0,62.5,60.0,0.33,0.33,0.67,0.0,0.33,0.33,100.0,1.33,0.33,25.0,2.0,0.67,33.33,0.33,16.66
1189,Superliga (DK),206047,Mads Freundlich,M. Freundlich,2003-03-25,65.31,20.06,22.64,21,21,0,1011.0,48.14,41.76,86.75,1.24,0.19,3.41,1.4,772.0,36.76,33.43,90.93,0.52,0.24,45.45,33.05,119.0,5.67,4.86,2.05,1.67,0.43,0.19,0.05,25.0,85.71,81.4,0.48,0.62,0.0,0.1,0.29,0.14,50.0,1.52,0.1,6.25,2.24,0.48,21.28,0.05,2.13
1189,Superliga (DK),254582,Junnosuke Suzuki,J. Suzuki,2003-07-12,94.18,29.16,23.91,22,22,0,1129.0,51.32,40.45,78.83,3.68,0.23,4.96,1.75,846.0,38.45,31.95,83.1,1.41,0.82,58.06,35.73,217.0,9.86,7.18,6.27,4.77,1.5,1.14,0.64,56.0,72.81,76.09,0.23,2.41,0.5,1.05,0.91,0.45,50.0,2.45,0.77,31.48,4.27,0.95,22.34,0.5,11.7
1189,Superliga (DK),285130,Chidiebube Gideon Duru,C. Duru,1999-07-31,60.9,14.44,19.76,20,17,3,350.0,20.59,14.0,68.0,1.41,0.06,4.06,1.46,238.0,14.0,10.53,75.21,0.65,0.35,54.55,12.47,59.0,3.47,2.12,2.06,1.29,1.06,0.65,0.35,54.55,61.02,62.86,0.0,1.41,0.12,0.06,0.18,0.06,33.33,1.18,0.24,20.0,2.35,0.71,30.0,0.35,15.0
1189,Superliga (DK),285199,Ousmane Sow,O. Sow,2000-07-05,47.09,11.83,13.16,14,13,1,166.0,12.77,7.08,55.42,1.31,0.08,9.29,2.51,111.0,8.54,5.38,63.06,1.46,0.85,57.9,6.54,60.0,4.62,2.46,3.38,1.46,0.92,0.85,0.31,36.36,53.33,43.18,0.46,1.0,0.23,1.31,0.31,0.15,50.0,2.0,0.38,19.23,2.85,0.54,18.92,0.38,13.51
1189,Superliga (DK),333059,Gavin Beavers,G. Beavers,2005-04-29,98.56,30.06,24.89,2,2,0,47.0,23.5,20.0,85.1,0.0,0.0,5.74,3.77,28.0,14.0,11.5,82.14,0.0,0.0,,12.5,15.0,7.5,6.5,3.5,3.0,0.0,0.0,0.0,,86.67,85.72,0.0,0.0,0.0,0.0,0.0,0.0,,0.0,0.0,,0.0,0.0,,0.0,
1189,Superliga (DK),335907,Benjamin Tahirović,B. Tahirović,2003-03-03,53.22,15.78,14.78,25,25,0,783.0,31.32,25.04,79.95,2.68,0.12,4.11,1.36,589.0,23.56,19.56,83.02,1.16,0.64,55.17,19.0,135.0,5.4,4.16,2.08,1.6,0.68,0.44,0.28,63.64,77.04,76.92,0.88,1.4,0.12,0.28,0.28,0.24,85.71,2.52,0.28,11.11,3.52,0.68,19.32,0.52,14.77
1189,Superliga (DK),365781,Thomas Jørgensen,T. Jørgensen,2005-09-30,89.22,25.51,26.19,31,31,0,1355.0,43.71,29.74,68.04,5.23,0.81,7.95,2.07,886.0,28.58,20.32,71.11,2.13,1.0,46.97,22.94,466.0,15.03,10.19,7.74,4.68,2.65,1.74,0.9,51.85,67.81,60.42,2.29,1.35,0.39,2.13,1.61,0.84,52.0,3.68,0.45,12.28,5.32,1.0,18.79,1.06,20.0
1189,Superliga (DK),365787,Amin Chiakha,A. Chiakha,2006-03-12,74.27,18.4,24.18,14,14,0,250.0,17.86,8.0,44.8,2.07,0.14,6.37,1.81,129.0,9.21,4.86,52.71,3.29,1.29,39.13,4.5,57.0,4.07,1.64,2.93,1.0,0.86,0.71,0.21,30.0,40.35,34.15,0.93,1.29,1.07,0.71,0.0,0.0,,3.64,0.29,7.84,5.43,1.0,18.42,1.21,22.37
1189,Superliga (DK),365789,Victor Froholdt,V. Froholdt,2006-02-25,98.78,34.27,28.15,1,1,0,53.0,53.0,46.0,86.79,4.0,0.0,6.44,2.07,39.0,39.0,37.0,94.87,1.0,1.0,100.0,39.0,13.0,13.0,11.0,7.0,5.0,2.0,1.0,0.0,0.0,84.62,71.43,2.0,5.0,0.0,1.0,0.0,0.0,,1.0,0.0,0.0,2.0,0.0,0.0,0.0,0.0
1189,Superliga (DK),381223,Marcus McCoy,M. McCoy,2005-08-24,61.41,18.51,16.67,31,30,1,863.0,28.77,20.47,71.15,1.6,0.3,5.49,1.65,592.0,19.73,15.2,77.03,1.73,0.93,53.85,17.2,186.0,6.2,3.83,4.7,2.87,1.13,0.97,0.4,41.38,61.83,60.99,0.03,1.37,0.1,0.9,0.43,0.23,53.85,2.73,0.47,17.07,3.97,0.93,23.53,0.13,3.36
1189,Superliga (DK),441633,Daniel Freyr Kristjansson,D. Kristjansson,2005-08-30,67.1,17.8,22.35,16,15,1,497.0,33.13,27.53,83.1,2.2,0.2,4.73,1.49,355.0,23.67,20.47,86.48,0.8,0.67,83.33,20.07,94.0,6.27,5.0,3.13,2.4,0.93,0.6,0.4,66.67,79.79,76.6,0.47,0.93,0.0,0.27,0.33,0.0,0.0,1.87,0.33,17.86,3.07,0.67,21.74,0.47,15.22
1189,Superliga (DK),470959,Asbjørn Bøndergaard,A. Bøndergaard,2004-05-05,20.7,8.47,5.3,4,4,0,21.0,5.25,2.0,38.09,1.5,0.0,3.1,0.91,11.0,2.75,1.5,54.55,0.75,0.25,33.33,1.25,3.0,0.75,0.0,0.75,0.0,0.25,0.25,0.0,0.0,0.0,0.0,0.0,0.25,0.25,0.0,0.0,0.0,,1.0,0.25,25.0,1.25,0.0,0.0,0.0,0.0
1189,Superliga (DK),470975,Villads Westh,V. Westh,2004-04-25,62.3,18.25,22.75,22,22,0,809.0,36.77,29.45,80.1,1.68,0.18,4.52,1.5,582.0,26.45,22.41,84.71,1.68,0.77,45.95,20.23,139.0,6.32,5.0,3.5,2.82,0.91,0.68,0.5,73.33,79.14,80.52,1.64,2.73,0.09,0.18,0.36,0.23,62.5,3.59,0.64,17.72,4.5,0.77,17.17,0.27,6.06
1189,Superliga (DK),470981,Sabil Osman Hansen,S. Hansen,2005-11-14,51.33,14.56,16.01,26,24,2,556.0,23.17,15.58,67.27,1.5,0.04,5.41,1.68,389.0,16.21,11.75,72.49,1.08,0.5,46.15,14.42,125.0,5.21,3.04,3.21,1.88,1.21,0.92,0.38,40.91,58.4,58.44,0.08,1.96,0.25,0.67,0.54,0.17,30.77,1.33,0.21,15.62,2.25,0.58,25.93,0.08,3.7
1189,Superliga (DK),470982,Oskar Boesen,O. Boesen,2005-05-05,31.53,10.88,9.24,8,7,1,145.0,20.71,17.14,82.76,1.71,0.29,4.41,1.33,114.0,16.29,13.71,84.21,0.71,0.14,20.0,13.43,23.0,3.29,2.29,2.43,1.57,0.71,0.71,0.14,20.0,69.56,64.71,0.57,2.43,0.0,0.43,0.43,0.14,33.33,1.0,0.0,0.0,2.0,0.57,28.57,0.14,7.14
1189,Superliga (DK),470988,Elias Hansborg-Sørensen,E. Hansborg-Sørensen,2005-07-02,21.53,5.7,6.49,12,11,1,109.0,9.91,6.55,66.06,1.18,0.0,5.02,1.6,71.0,6.45,4.73,73.24,0.82,0.27,33.33,5.09,22.0,2.0,1.45,0.82,0.45,0.27,0.09,0.0,0.0,72.73,55.56,0.36,0.82,0.09,0.09,0.0,0.0,,1.27,0.36,28.57,1.36,0.0,0.0,0.45,33.33
1189,Superliga (DK),470989,Jakob Jessen,J. Jessen,2004-03-05,84.94,22.61,28.27,32,31,1,1169.0,37.71,26.42,70.06,2.9,0.52,5.24,1.67,790.0,25.48,19.16,75.19,1.77,0.94,52.73,22.74,271.0,8.74,5.71,4.94,3.32,1.42,1.0,0.58,58.06,65.31,67.32,0.23,3.1,0.19,0.74,0.9,0.35,39.29,2.58,0.45,17.5,3.84,0.81,21.01,0.35,9.24
1189,Superliga (DK),470991,Nikolaj Juul-Sandberg,N. Juul-Sandberg,2006-04-21,23.56,8.34,6.99,1,1,0,16.0,16.0,16.0,100.0,0.0,0.0,2.78,1.02,13.0,13.0,13.0,100.0,0.0,0.0,,11.0,2.0,2.0,2.0,1.0,1.0,0.0,0.0,0.0,,100.0,100.0,0.0,0.0,0.0,0.0,0.0,0.0,,0.0,0.0,,0.0,0.0,,0.0,
1189,Superliga (DK),471003,Mikel Johan Gogorza Krüger-Johnsen,M. Krüger-Johnsen,2006-09-27,40.42,11.53,9.32,23,23,0,357.0,15.52,9.26,59.66,2.74,0.39,12.22,3.06,264.0,11.48,6.96,60.61,1.04,0.43,41.67,9.09,181.0,7.87,4.35,4.65,2.3,1.35,1.26,0.3,24.14,55.25,49.53,0.35,0.91,0.13,2.43,1.87,1.04,55.81,1.7,0.35,20.51,3.0,0.96,31.88,0.26,8.7
1189,Superliga (DK),526182,Mads Fauerholdt Agger,M. Agger,1999-12-21,73.94,18.71,23.3,21,21,0,431.0,20.52,10.67,51.97,3.57,0.62,8.19,1.75,299.0,14.24,7.86,55.18,2.24,0.67,29.79,10.52,141.0,6.71,3.29,4.05,1.52,3.29,2.62,0.67,25.45,48.94,37.65,1.52,1.29,0.9,0.9,0.43,0.14,33.33,2.86,0.38,13.33,5.29,1.19,22.52,1.29,24.32
1189,Superliga (DK),536939,Gabriel Pereira Magalhães dos Santos,Gabriel Pereira,2000-05-07,91.65,29.49,23.81,26,26,0,1903.0,73.19,62.81,85.81,2.58,0.12,4.28,1.89,1363.0,52.42,47.54,90.68,0.23,0.08,33.33,50.92,294.0,11.31,9.65,6.08,5.27,1.23,0.35,0.23,66.67,85.37,86.71,0.08,0.15,0.04,0.04,0.5,0.27,53.85,0.5,0.04,7.69,0.96,0.15,16.0,0.0,0.0
1189,Superliga (DK),550011,Jona Niemiec,J. Niemiec,2001-09-19,41.03,11.94,11.21,24,23,1,230.0,10.0,4.52,45.22,1.78,0.35,7.28,1.72,157.0,6.83,3.43,50.32,1.91,0.48,25.0,3.35,71.0,3.09,1.3,2.04,0.78,1.22,0.96,0.17,18.18,42.25,38.3,0.65,0.74,0.83,0.7,0.17,0.04,25.0,2.35,0.22,9.26,3.7,0.96,25.88,0.83,22.35
1189,Superliga (DK),556546,Munashe Garananga,M. Garananga,2001-01-18,67.97,23.58,15.28,5,5,0,238.0,47.6,42.0,88.24,1.2,0.2,4.38,1.94,171.0,34.2,31.4,91.81,0.0,0.0,,32.6,36.0,7.2,5.4,4.2,3.4,0.8,0.0,0.0,,75.0,80.95,0.0,0.0,0.0,0.0,0.2,0.0,0.0,0.0,0.0,,0.6,0.0,0.0,0.0,0.0
1189,Superliga (DK),560387,Jannich Storch,J. Storch,1993-05-12,101.91,27.23,29.08,6,5,1,135.0,27.0,19.8,73.33,0.0,0.0,3.42,2.65,91.0,18.2,14.4,79.12,0.0,0.0,,18.4,18.0,3.6,1.8,1.2,0.4,0.0,0.0,0.0,,50.0,33.33,0.0,0.0,0.0,0.0,0.0,0.0,,0.0,0.0,,0.4,0.0,0.0,0.0,0.0
1189,Superliga (DK),560993,Marcus Younis,M. Younis,2005-07-03,20.52,7.04,4.36,2,2,0,15.0,7.5,6.5,86.67,0.0,0.0,5.78,2.26,13.0,6.5,6.0,92.31,1.5,1.0,66.67,3.5,5.0,2.5,2.0,1.0,1.0,0.0,0.0,0.0,,80.0,100.0,0.0,0.5,0.5,0.0,0.0,0.0,,2.0,1.0,50.0,2.0,0.0,0.0,0.0,0.0
1189,Superliga (DK),580086,Lucas Hogsberg,L. Hogsberg,2006-06-23,98.53,38.5,24.69,3,3,0,321.0,107.0,98.33,91.9,2.0,0.33,4.47,2.61,241.0,80.33,75.67,94.19,0.0,0.0,,79.0,57.0,19.0,18.0,12.33,11.67,1.33,0.0,0.0,,94.74,94.6,0.0,0.0,0.0,0.33,0.0,0.0,,0.0,0.0,,0.0,0.0,,0.0,
1189,Superliga (DK),590872,Jakob Vester Nielsen,J. Vester,2004-12-28,38.06,10.87,11.84,15,15,0,183.0,12.2,8.47,69.4,0.93,0.27,5.16,1.53,119.0,7.93,6.0,75.63,0.87,0.6,69.23,6.2,42.0,2.8,1.93,1.0,0.4,0.8,0.4,0.07,16.67,69.05,40.0,0.47,0.67,0.27,0.2,0.0,0.0,,1.2,0.27,22.22,2.13,0.6,28.13,0.4,18.75
1189,Superliga (DK),627219,Alexander Priesborg Madsen,A. Priesborg Madsen,2005-05-14,96.55,24.12,37.81,3,3,0,165.0,55.0,42.0,76.36,2.33,0.0,5.12,1.64,103.0,34.33,28.33,82.52,0.33,0.0,0.0,33.0,39.0,13.0,10.0,4.67,3.33,1.67,0.33,0.33,100.0,76.92,71.43,0.33,0.33,0.0,0.33,2.0,1.0,50.0,0.67,0.33,50.0,1.33,0.0,0.0,0.0,0.0
1189,Superliga (DK),634418,Laurits Raun Pedersen,L. Pedersen,2006-01-25,60.73,17.26,19.1,29,27,2,622.0,23.04,19.11,82.96,0.67,0.0,2.6,1.03,394.0,14.59,13.33,91.37,0.48,0.37,76.92,12.26,52.0,1.93,1.59,0.78,0.59,0.19,0.07,0.04,50.0,82.69,76.19,0.22,0.26,0.0,0.11,0.04,0.04,100.0,1.0,0.19,18.52,1.78,0.52,29.17,0.04,2.08
1189,Superliga (DK),640030,Dorian Junior Hanza Meha,Dorian Hanza,2001-05-12,55.14,15.12,15.29,30,30,0,325.0,10.83,5.17,47.69,2.33,0.23,5.48,1.55,179.0,5.97,2.9,48.6,1.73,0.53,30.77,2.47,82.0,2.73,1.5,1.6,0.7,0.6,0.5,0.07,13.33,54.88,43.75,0.5,0.87,0.7,0.23,0.03,0.03,100.0,1.97,0.27,13.56,3.7,0.73,19.82,0.67,18.02
1189,Superliga (DK),641116,Yoram Zague,Y. Zague,2006-05-15,27.2,9.36,7.16,7,7,0,102.0,14.57,11.14,76.47,1.29,0.29,4.64,1.55,75.0,10.71,8.43,78.67,0.29,0.0,0.0,9.57,19.0,2.71,1.43,2.43,1.14,0.86,0.86,0.14,16.67,52.63,47.06,0.0,0.71,0.29,0.43,0.43,0.14,33.33,0.71,0.14,20.0,1.43,0.43,30.0,0.29,20.0
1189,Superliga (DK),641494,Florian Danho,F. Danho,2000-06-21,56.94,16.16,16.95,8,7,1,100.0,14.29,5.29,37.0,2.71,0.14,4.66,1.44,68.0,9.71,3.57,36.76,3.14,0.71,22.73,3.57,18.0,2.57,1.14,1.71,0.57,0.43,0.43,0.14,33.33,44.44,33.33,0.57,0.43,0.71,0.57,0.14,0.14,100.0,4.0,0.43,10.71,6.0,0.86,14.28,1.29,21.43
1189,Superliga (DK),643025,Han-Beom Lee,Lee Han-Beom,2002-06-17,90.32,26.37,20.99,29,29,0,1412.0,48.69,41.0,84.21,0.86,0.1,4.61,1.7,1006.0,34.69,31.17,89.86,0.45,0.17,38.46,33.52,246.0,8.48,7.03,3.41,2.86,0.69,0.21,0.17,83.33,82.93,83.84,0.17,0.52,0.0,0.0,0.66,0.24,36.84,0.55,0.0,0.0,0.93,0.31,33.33,0.07,7.41
1189,Superliga (DK),655405,Bismark Edjeodji,B. Edjeodji,2007-04-24,41.04,10.77,11.23,24,24,0,244.0,10.17,5.67,55.74,1.67,0.21,8.11,2.09,149.0,6.21,3.75,60.4,1.62,0.92,56.41,3.71,83.0,3.46,2.08,1.46,0.62,0.83,0.58,0.21,35.71,60.24,42.86,0.25,0.96,0.46,0.21,0.08,0.04,50.0,2.21,0.67,30.19,3.38,0.75,22.22,0.54,16.05
1189,Superliga (DK),667471,Markus Gustav Jensen,M. Jensen,2005-07-15,38.09,6.49,14.39,2,2,0,16.0,8.0,2.5,31.25,1.0,0.0,14.03,2.53,9.0,4.5,1.5,33.33,2.0,0.0,0.0,2.0,6.0,3.0,1.0,3.0,1.0,1.5,1.5,0.5,33.33,33.33,33.33,0.0,1.0,0.0,1.5,0.0,0.0,,2.0,0.0,0.0,2.5,0.0,0.0,0.0,0.0
1189,Superliga (DK),669449,Arlet Junior Zé,Junior Zé,2006-03-22,32.55,7.59,11.02,1,1,0,10.0,10.0,3.0,30.0,0.0,0.0,12.02,3.09,5.0,5.0,0.0,0.0,1.0,0.0,0.0,4.0,5.0,5.0,2.0,5.0,2.0,2.0,2.0,1.0,50.0,40.0,40.0,0.0,0.0,0.0,0.0,1.0,0.0,0.0,1.0,0.0,0.0,1.0,0.0,0.0,0.0,0.0
1189,Superliga (DK),681209,Robert Vinicius  Rodrigues Silva,Robert,2005-04-13,55.86,18.9,14.22,24,24,0,515.0,21.46,11.38,53.01,3.88,0.29,7.61,2.13,358.0,14.92,8.71,58.38,2.0,0.75,37.5,10.62,178.0,7.42,3.58,4.83,1.67,1.88,1.46,0.08,5.71,48.31,34.48,0.5,1.42,0.79,1.33,0.62,0.25,40.0,2.62,0.58,22.22,4.42,1.33,30.19,0.92,20.75
1189,Superliga (DK),713238,Matti Bøge Olsen,Matti Olsen,1995-06-07,15.08,2.67,5.19,1,1,0,6.0,6.0,4.0,66.67,1.0,0.0,1.86,0.87,5.0,5.0,4.0,80.0,0.0,0.0,,4.0,0.0,0.0,0.0,0.0,0.0,0.0,0.0,0.0,,,,0.0,0.0,0.0,0.0,0.0,0.0,,0.0,0.0,,0.0,0.0,,0.0,
1189,Superliga (DK),715433,Tobias Lauritsen,T. Lauritsen,2004-06-18,65.42,16.56,19.46,15,15,0,424.0,28.27,19.8,70.05,2.87,0.27,5.31,1.64,272.0,18.13,13.73,75.74,1.8,1.0,55.56,13.67,95.0,6.33,5.0,3.2,2.47,0.67,0.6,0.47,77.78,78.95,77.08,0.47,2.13,0.2,0.47,0.27,0.13,50.0,2.87,0.47,16.28,4.47,0.8,17.91,0.47,10.45
1189,Superliga (DK),723639,Lukas Emil Kirkegaard,L. Kirkegaard,2005-08-31,93.12,25.38,26.51,15,15,0,737.0,49.13,40.07,81.55,1.4,0.13,4.21,1.77,493.0,32.87,29.07,88.44,0.13,0.0,0.0,31.4,103.0,6.87,5.67,3.0,2.73,1.07,0.4,0.33,83.33,82.52,91.11,0.4,0.27,0.13,0.2,0.27,0.07,25.0,0.27,0.0,0.0,0.6,0.2,33.33,0.07,11.11
1189,Superliga (DK),731461,Yonis Njoh,Y. Njoh,2004-01-17,53.79,16.21,17.21,10,10,0,185.0,18.5,11.0,59.46,1.7,0.3,8.81,2.35,131.0,13.1,7.9,60.31,1.3,0.4,30.77,10.1,71.0,7.1,4.1,3.5,1.5,1.1,0.9,0.3,33.33,57.75,42.86,0.4,2.2,0.4,1.1,1.2,0.4,33.33,2.7,0.2,7.41,4.1,0.9,21.95,0.3,7.32
1189,Superliga (DK),735660,Ousmane Diao,O. Diao,2004-06-08,84.09,24.93,18.8,22,22,0,1022.0,46.45,37.32,80.33,1.95,0.36,5.39,1.79,701.0,31.86,27.77,87.16,0.82,0.5,61.11,29.73,231.0,10.5,8.5,3.91,3.23,1.36,0.55,0.41,75.0,80.95,82.56,0.09,0.73,0.23,0.09,0.41,0.09,22.22,1.05,0.05,4.35,1.86,0.45,24.39,0.23,12.19
1189,Superliga (DK),738136,Jonatan Holm Lindekilde,J. Lindekilde,2006-03-31,61.82,17.36,19.26,17,16,1,351.0,21.94,13.62,62.11,3.19,0.56,5.82,1.61,251.0,15.69,10.06,64.14,2.56,1.25,48.78,11.62,96.0,6.0,3.5,4.31,2.19,1.19,1.0,0.31,31.25,58.33,50.73,1.31,2.06,1.12,0.19,0.44,0.19,42.86,3.44,0.5,14.55,5.81,1.38,23.66,1.0,17.2
1189,Superliga (DK),742466,Sho Fukuda,S. Fukuda,2001-03-23,47.85,12.88,12.69,24,23,1,416.0,18.09,10.35,57.21,2.09,0.35,8.04,2.34,274.0,11.91,6.87,57.66,1.78,0.78,43.9,9.17,142.0,6.17,3.35,4.0,2.0,1.09,1.0,0.48,47.83,54.22,50.0,0.26,1.13,0.65,0.96,0.52,0.13,25.0,2.61,0.35,13.33,4.04,0.83,20.43,0.65,16.13
1189,Superliga (DK),749127,Lasse Flø Borregaard,L. Flø Borregaard,2005-10-15,68.84,18.44,20.68,28,28,0,958.0,34.21,23.5,68.68,2.0,0.18,6.87,1.98,647.0,23.11,17.0,73.57,1.5,0.75,50.0,21.0,288.0,10.29,7.36,5.82,4.04,2.14,1.57,0.93,59.09,71.53,69.32,0.04,2.46,0.14,0.36,0.43,0.18,41.67,2.11,0.25,11.87,3.14,0.71,22.73,0.29,9.09
1189,Superliga (DK),753074,Rúnar Thór Sigurgeirsson,R. Sigurgeirsson,1999-12-28,43.43,10.63,10.82,3,3,0,48.0,16.0,9.33,58.33,1.0,0.0,3.95,1.24,30.0,10.0,6.33,63.34,0.67,0.67,100.0,9.67,8.0,2.67,1.33,1.67,0.67,0.67,0.33,0.0,0.0,50.0,40.0,0.0,0.0,0.0,0.0,0.0,0.0,,0.67,0.0,0.0,1.67,1.0,60.0,0.0,0.0
1189,Superliga (DK),764505,Clement Mutahi Bischoff,C. Bischoff,2005-12-16,72.42,24.71,21.27,7,7,0,289.0,41.29,27.29,66.09,6.86,0.57,8.11,2.57,229.0,32.71,22.29,68.12,3.86,2.0,51.85,23.71,103.0,14.71,9.57,8.14,5.0,2.0,1.57,1.0,63.64,65.05,61.4,0.71,2.14,0.29,2.0,1.57,0.71,45.45,6.14,1.29,20.93,9.57,1.29,13.43,1.14,11.94
1189,Superliga (DK),771993,Simon Sylvest Wæver,S. Wæver,1996-01-21,55.42,13.4,18.63,27,24,3,495.0,20.62,13.79,66.87,1.0,0.08,6.76,1.92,334.0,13.92,10.04,72.16,1.42,0.67,47.06,12.46,143.0,5.96,3.96,3.25,2.08,1.42,1.0,0.58,58.33,66.43,64.1,0.08,1.58,0.17,0.25,0.54,0.38,69.23,1.92,0.21,10.87,2.96,0.92,30.99,0.25,8.45
1189,Superliga (DK),772005,William Lykke,W. Lykke,2004-09-28,101.36,36.07,26.88,5,5,0,144.0,28.8,22.6,78.47,0.0,0.0,3.9,2.19,88.0,17.6,15.0,85.23,0.2,0.2,100.0,17.8,19.0,3.8,3.0,2.4,1.8,0.0,0.0,0.0,,78.95,75.0,0.0,0.0,0.0,0.0,0.0,0.0,,0.6,0.2,33.33,0.6,0.2,33.33,0.0,0.0
1189,Superliga (DK),775009,Frederik  Damkjer,F. Damkjer,2007-07-31,16.14,4.48,4.13,7,7,0,47.0,6.71,5.57,82.98,0.57,0.0,2.7,0.95,31.0,4.43,4.0,90.32,0.14,0.14,100.0,2.71,6.0,0.86,0.57,0.43,0.43,0.0,0.0,0.0,,66.67,100.0,0.14,0.86,0.0,0.0,0.0,0.0,,0.71,0.14,20.0,0.71,0.14,20.0,0.0,0.0
1189,Superliga (DK),786161,Nicolas Gammelgaard,N. Gammelgaard,2008-11-06,13.65,2.44,5.07,2,2,0,9.0,4.5,2.0,44.44,0.5,0.0,5.95,1.38,3.0,1.5,0.0,0.0,0.0,0.0,,1.0,2.0,1.0,0.0,0.5,0.0,0.0,0.0,0.0,,0.0,0.0,0.5,0.0,0.0,0.0,0.0,0.0,,0.0,0.0,,0.0,0.0,,0.0,
1189,Superliga (DK),797153,Noah Hessellund Markmann,N. Markmann,2007-02-24,81.38,28.11,22.29,24,23,1,1542.0,67.04,60.39,90.08,1.61,0.26,5.43,1.88,1209.0,52.57,48.83,92.89,0.26,0.13,50.0,50.87,291.0,12.65,10.78,7.43,6.04,3.26,1.91,1.3,68.18,85.22,81.29,0.17,1.04,0.04,0.43,0.78,0.35,44.45,0.65,0.09,13.33,1.0,0.22,21.74,0.13,13.04
1189,Superliga (DK),797296,Musa Toure,M. Toure,2005-11-12,37.96,9.92,12.72,13,13,0,182.0,14.0,7.77,55.49,2.46,0.0,6.84,2.0,120.0,9.23,5.23,56.67,1.77,0.77,43.48,5.08,50.0,3.85,2.38,2.0,0.69,0.54,0.38,0.0,0.0,62.0,34.62,1.0,0.62,0.46,0.92,0.23,0.08,33.33,2.77,0.46,16.67,4.46,0.77,17.24,0.92,20.69
1189,Superliga (DK),799332,Mamadou Lamine Sadio,Lamine Sadio,2007-12-24,74.61,22.52,20.16,10,10,0,326.0,32.6,22.3,68.4,5.0,0.4,7.12,1.82,207.0,20.7,15.4,74.4,3.0,1.3,43.33,14.7,89.0,8.9,5.9,5.0,3.1,3.0,2.2,1.0,45.45,66.29,62.0,1.2,4.0,0.1,1.3,0.4,0.4,100.0,5.1,1.0,19.61,7.2,1.4,19.44,1.3,18.05
1189,Superliga (DK),799993,Souleymane Alio,S. Alio,2006-10-28,18.87,5.7,4.21,2,2,0,11.0,5.5,3.0,54.55,1.0,0.0,8.98,1.93,8.0,4.0,2.0,50.0,0.5,0.0,0.0,3.0,3.0,1.5,0.5,0.5,0.5,0.5,0.0,0.0,,33.33,100.0,0.0,1.0,0.5,0.0,0.0,0.0,,0.5,0.0,0.0,1.0,0.0,0.0,0.5,50.0
1189,Superliga (DK),811238,Noah Teye Nartey,N. Nartey,2005-10-05,73.44,22.71,21.71,17,17,0,711.0,41.82,33.24,79.47,4.94,0.59,6.67,1.83,517.0,30.41,24.88,81.82,3.71,2.35,63.49,20.88,186.0,10.94,8.71,6.35,4.71,2.29,1.88,1.41,75.0,79.57,74.07,2.47,3.41,0.53,1.65,0.76,0.41,53.85,6.47,1.35,20.91,8.88,1.29,14.57,1.29,14.57
1189,Superliga (DK),811239,Frederik  Thykær Rieper,F. Rieper,1999-06-19,97.99,25.97,32.62,32,31,1,1759.0,56.74,46.45,81.86,1.29,0.0,3.22,1.54,1210.0,39.03,34.23,87.69,0.26,0.16,62.5,36.77,191.0,6.16,5.26,4.0,3.39,0.55,0.1,0.1,100.0,85.34,84.68,0.03,0.03,0.06,0.03,0.06,0.03,50.0,0.39,0.03,8.33,0.65,0.26,40.0,0.06,10.0
1189,Superliga (DK),811499,Anders Sønderskov,A. Sønderskov,2006-11-04,53.56,9.86,18.58,5,5,0,57.0,11.4,9.0,78.95,0.2,0.0,4.54,1.34,30.0,6.0,6.0,100.0,0.0,0.0,,5.8,9.0,1.8,1.8,0.4,0.4,0.6,0.0,0.0,,100.0,100.0,0.0,0.2,0.0,0.0,0.0,0.0,,0.0,0.0,,0.0,0.0,,0.0,
1189,Superliga (DK),811500,Tobias  Bach,T. Bach,2003-06-04,82.48,20.67,25.3,21,21,0,500.0,23.81,12.71,53.4,2.71,0.43,7.33,1.92,312.0,14.86,8.86,59.61,3.05,1.33,43.75,10.52,159.0,7.57,3.62,4.57,1.9,2.1,1.52,0.71,46.87,47.8,41.67,0.71,2.86,0.24,1.05,0.38,0.1,25.0,3.62,0.71,19.74,5.71,1.33,23.33,0.67,11.67
1189,Superliga (DK),811918,Mike Themsen Kofod,M. Themsen,2006-03-10,57.76,17.09,17.61,29,27,2,693.0,25.67,16.3,63.49,2.67,0.15,4.95,1.4,487.0,18.04,11.89,65.91,3.33,1.67,50.0,11.93,138.0,5.11,3.19,3.44,2.07,1.15,0.96,0.56,57.69,62.32,60.22,0.93,2.89,0.19,0.48,0.56,0.37,66.67,4.85,0.7,14.5,6.74,0.63,9.34,0.85,12.64
1189,Superliga (DK),817297,Marcus Bundgaard Sørensen,M. Bundgaard Sørensen,2001-08-05,95.58,23.33,30.7,24,23,1,538.0,23.39,15.43,65.98,0.09,0.04,3.76,2.52,306.0,13.3,9.13,68.63,0.26,0.04,16.67,12.78,79.0,3.43,2.17,2.52,1.65,0.0,0.0,0.0,,63.29,65.52,0.0,0.0,0.0,0.0,0.17,0.09,50.0,0.43,0.13,30.0,0.83,0.22,26.32,0.0,0.0
1189,Superliga (DK),818236,Bojang Yaya,Bojang Yaya,2004-09-10,50.12,14.49,15.35,27,26,1,902.0,34.69,29.15,84.04,0.58,0.04,3.98,1.38,662.0,25.46,22.88,89.88,0.42,0.15,36.36,24.65,133.0,5.12,4.08,2.08,1.77,1.08,0.27,0.12,42.86,79.7,85.18,0.0,0.12,0.0,0.0,0.62,0.23,37.5,0.5,0.04,7.69,0.65,0.15,23.53,0.0,0.0
1189,Superliga (DK),818387,Luka Callø Carstensen,L. Callø Carstensen,2006-05-10,12.39,4.5,4.0,3,3,0,31.0,10.33,8.67,83.87,0.0,0.0,3.14,1.44,25.0,8.33,7.33,88.0,0.33,0.33,100.0,8.0,1.0,0.33,0.33,0.33,0.33,0.0,0.0,0.0,,100.0,100.0,0.0,0.0,0.0,0.0,0.0,0.0,,0.33,0.33,100.0,0.33,0.0,0.0,0.0,0.0
1189,Superliga (DK),818421,Julius Nielsen,J. Nielsen,2006-04-26,40.18,11.73,13.88,24,23,1,508.0,22.09,17.57,79.53,1.3,0.26,4.65,1.45,379.0,16.48,13.96,84.7,0.91,0.52,57.14,14.09,88.0,3.83,2.78,2.22,1.48,0.91,0.87,0.43,50.0,72.73,66.67,0.43,1.09,0.09,0.22,0.3,0.22,71.43,1.35,0.13,9.68,2.26,0.74,32.69,0.17,7.69
1189,Superliga (DK),818598,Max Albæk Andersen,M. Albæk,2006-02-19,15.48,5.42,4.75,4,4,0,34.0,8.5,6.75,79.41,1.0,0.0,5.77,1.5,23.0,5.75,4.5,78.26,0.0,0.0,,4.5,10.0,2.5,1.75,1.25,0.75,0.5,0.25,0.0,0.0,70.0,60.0,0.25,0.75,0.0,0.0,0.5,0.25,50.0,0.5,0.25,50.0,0.5,0.0,0.0,0.25,50.0
1189,Superliga (DK),819528,Oliver Højer,O. Højer,2007-01-24,44.04,13.58,11.01,5,5,0,96.0,19.2,15.0,78.13,1.2,0.2,6.45,1.91,64.0,12.8,10.8,84.38,0.8,0.4,50.0,10.2,24.0,4.8,4.0,1.6,1.4,0.4,0.2,0.0,0.0,83.33,87.5,1.2,0.8,0.4,0.0,0.4,0.2,50.0,1.2,0.2,16.67,1.8,0.0,0.0,0.2,11.11
1189,Superliga (DK),825109,Frederik Emmery,F. Emmery,2006-12-25,36.45,10.83,9.04,24,24,0,346.0,14.42,8.17,56.65,1.88,0.33,11.9,3.03,268.0,11.17,6.67,59.7,0.71,0.33,47.06,8.96,187.0,7.79,3.88,4.54,1.75,1.38,1.12,0.33,29.63,49.73,38.53,0.25,1.04,0.25,1.88,1.29,0.29,22.58,1.21,0.33,27.59,2.46,0.83,33.9,0.25,10.17
1189,Superliga (DK),826906,William Christian Martin,W. Martin,2007-04-23,23.31,7.6,5.82,16,15,1,166.0,11.07,7.67,69.28,1.33,0.4,4.4,1.36,121.0,8.07,5.8,71.9,1.07,0.6,56.25,5.33,26.0,1.73,1.13,0.93,0.67,0.27,0.27,0.2,75.0,65.38,71.43,0.73,1.93,0.2,0.07,0.13,0.0,0.0,1.87,0.33,17.86,2.93,0.07,2.27,0.6,20.45
1189,Superliga (DK),838626,Ivan Cabrel Djantou Tchaboutang,I. Djantou,2002-03-14,13.82,5.7,1.92,1,1,0,1.0,1.0,0.0,0.0,0.0,0.0,0.95,1.8,1.0,1.0,0.0,0.0,1.0,0.0,0.0,0.0,0.0,0.0,0.0,0.0,0.0,0.0,0.0,0.0,,,,0.0,0.0,0.0,0.0,0.0,0.0,,1.0,0.0,0.0,1.0,0.0,0.0,0.0,0.0
1189,Superliga (DK),838627,Sidi Mohamed  Cherif Haidara,S. Cherif Haidara,2005-10-02,51.41,12.12,15.9,27,24,3,410.0,17.08,10.96,64.15,2.71,0.21,5.02,1.46,243.0,10.12,7.12,70.37,1.92,0.79,41.3,6.17,66.0,2.75,1.83,1.54,1.0,0.54,0.42,0.17,40.0,66.67,64.86,0.75,0.75,0.33,0.29,0.12,0.08,66.67,2.46,0.42,16.95,4.12,0.54,13.13,0.83,20.2
1189,Superliga (DK),838628,Lukas Björklund,L. Björklund,2004-02-16,33.2,8.54,10.27,4,4,0,50.0,12.5,7.75,62.0,1.5,0.0,4.47,1.27,30.0,7.5,5.0,66.67,1.75,1.0,57.14,4.25,9.0,2.25,1.5,0.75,0.25,0.25,0.0,0.0,,66.67,33.33,0.75,2.0,0.25,0.5,0.0,0.0,,2.0,0.25,12.5,3.5,0.75,21.43,0.0,0.0
1189,Superliga (DK),838629,Caleb Marfo Yirenkyi,C. Yirenkyi,2006-01-15,95.62,33.38,25.43,30,29,1,1882.0,64.9,54.79,84.43,3.21,0.48,4.78,1.67,1368.0,47.17,41.76,88.52,2.31,1.31,56.72,39.0,337.0,11.62,9.31,5.45,4.03,2.34,1.76,1.21,68.63,80.12,74.05,2.14,3.1,0.34,0.76,0.45,0.34,76.92,3.93,0.72,18.42,6.0,1.28,21.26,0.9,14.94
1189,Superliga (DK),838630,Levy Nene,L. Nene,2006-03-17,26.96,8.31,7.12,20,19,1,151.0,7.95,4.74,59.6,1.74,0.32,4.93,1.53,116.0,6.11,3.84,62.93,1.37,0.63,46.15,3.53,25.0,1.32,0.53,0.74,0.16,0.42,0.37,0.0,0.0,40.0,21.43,0.63,0.53,0.37,0.37,0.16,0.0,0.0,1.79,0.32,17.65,2.26,0.16,6.98,0.58,25.58
1189,Superliga (DK),839120,Julius Berthel Askou Harvey,J. Askou,2006-05-27,76.26,22.47,22.02,30,29,1,1451.0,50.03,42.55,85.05,1.14,0.14,3.48,1.3,1061.0,36.59,33.38,91.23,0.45,0.21,46.15,35.31,172.0,5.93,4.93,2.45,1.97,0.79,0.31,0.28,88.89,83.14,80.28,0.03,0.1,0.0,0.07,0.59,0.28,47.06,0.76,0.07,9.09,1.07,0.38,35.48,0.07,6.45
1189,Superliga (DK),840433,Giorgi Tabatadze,G. Tabatadze,2005-10-29,31.58,8.32,9.43,11,11,0,106.0,9.64,6.18,64.15,1.18,0.27,10.04,2.51,64.0,5.82,4.36,75.0,0.36,0.36,100.0,4.73,47.0,4.27,2.45,2.91,1.27,1.18,1.09,0.45,41.67,57.45,43.75,0.27,0.45,0.0,0.27,0.55,0.36,66.67,0.73,0.09,12.5,1.18,0.27,23.08,0.09,7.69
1189,Superliga (DK),840442,Hjalte Bidstrup,H. Bidstrup,2006-02-15,68.99,19.06,20.78,27,27,0,856.0,31.7,22.52,71.03,1.74,0.11,4.66,1.58,591.0,21.89,16.78,76.65,0.85,0.33,39.13,20.44,169.0,6.26,4.33,3.44,2.37,1.37,0.74,0.26,35.0,69.23,68.82,0.11,1.44,0.41,0.22,0.41,0.15,36.36,1.11,0.15,13.33,2.19,0.59,27.12,0.26,11.86
1189,Superliga (DK),841968,Viktor Bjarki Daðason,V. Daðason,2008-06-30,41.3,12.51,11.31,18,18,0,135.0,7.5,4.0,53.33,1.78,0.22,5.09,1.29,76.0,4.22,2.22,52.63,1.61,0.78,48.28,1.56,25.0,1.39,0.61,0.94,0.28,0.5,0.44,0.11,25.0,44.0,29.41,0.22,0.5,0.5,0.39,0.17,0.06,33.33,2.06,0.17,8.11,2.78,0.5,18.0,1.0,36.0
1189,Superliga (DK),842210,Mike Løhde Vestergård,M. Vestergård,1997-11-19,87.7,22.34,26.55,31,31,0,1058.0,34.13,25.39,74.39,1.35,0.16,3.62,1.23,580.0,18.71,15.13,80.86,1.1,0.58,52.94,13.84,155.0,5.0,3.77,1.77,1.13,0.45,0.16,0.1,60.0,75.48,63.64,0.55,0.61,0.0,0.19,0.29,0.16,55.56,2.1,0.19,9.23,3.16,0.71,22.45,0.1,3.06
1189,Superliga (DK),842215,Sami Jalal,S. Jalal,2004-08-08,77.81,21.48,22.5,31,31,0,869.0,28.03,17.58,62.72,3.23,0.26,8.41,2.41,538.0,17.35,12.0,69.15,3.35,1.74,51.92,11.39,307.0,9.9,6.35,5.45,3.1,1.61,1.32,0.48,36.58,64.17,56.8,1.26,2.1,0.71,1.1,0.48,0.29,60.0,4.35,0.97,22.22,6.77,1.16,17.14,1.35,20.0
1189,Superliga (DK),847695,Osman Abdulkadir Addo,O. Addo,2004-03-31,25.93,6.25,6.14,8,8,0,63.0,7.88,4.25,53.97,1.38,0.25,8.13,2.35,32.0,4.0,2.5,62.5,0.5,0.25,50.0,2.75,24.0,3.0,1.62,2.12,1.12,0.38,0.38,0.0,0.0,54.17,52.94,0.25,0.5,0.0,0.5,0.0,0.0,,1.0,0.12,12.5,1.5,0.25,16.67,0.0,0.0
1189,Superliga (DK),850101,Justin Meltofte Janssen,J. Meltofte Janssen,2006-07-25,62.01,20.98,16.48,29,28,1,1270.0,45.36,38.64,85.2,2.36,0.21,3.02,1.31,971.0,34.68,31.04,89.5,0.5,0.18,35.71,29.21,122.0,4.36,3.89,1.68,1.39,0.32,0.14,0.14,100.0,89.34,82.98,0.96,0.46,0.07,0.18,0.43,0.32,75.0,1.61,0.36,22.22,2.96,0.29,9.64,0.29,9.64
1189,Superliga (DK),858605,Sebastian Biller Mikkelsen,S. Biller Mikkelsen,2006-11-01,15.45,7.34,2.8,1,1,0,17.0,17.0,12.0,70.59,2.0,0.0,5.16,1.42,12.0,12.0,10.0,83.33,2.0,1.0,50.0,10.0,4.0,4.0,2.0,4.0,2.0,1.0,1.0,1.0,100.0,50.0,50.0,0.0,1.0,0.0,2.0,1.0,1.0,100.0,2.0,0.0,0.0,2.0,1.0,50.0,0.0,0.0
1189,Superliga (DK),886049,Abdul Hakim Sulemana,A. Hakim Sulemana,2005-02-19,5.62,2.14,1.09,1,1,0,6.0,6.0,4.0,66.67,0.0,0.0,5.45,1.58,6.0,6.0,4.0,66.67,0.0,0.0,,5.0,2.0,2.0,2.0,1.0,1.0,0.0,0.0,0.0,,100.0,100.0,0.0,0.0,0.0,0.0,0.0,0.0,,1.0,0.0,0.0,1.0,0.0,0.0,0.0,0.0
1189,Superliga (DK),908443,Raphael Canut Pedersen,R. Pedersen,2009-03-31,67.6,16.8,19.81,6,5,1,144.0,28.8,23.8,82.64,0.4,0.0,5.07,1.68,97.0,19.4,15.6,80.41,0.2,0.0,0.0,18.6,31.0,6.2,5.2,1.2,0.6,0.8,0.0,0.0,,83.87,50.0,0.2,0.2,0.0,0.0,0.8,0.4,50.0,0.6,0.0,0.0,1.6,0.2,12.5,0.0,0.0
1189,Superliga (DK),920530,Olti Hyseni,O. Hyseni,2007-07-17,58.3,13.81,18.17,31,28,3,630.0,22.5,11.57,51.43,2.82,0.32,7.26,2.02,418.0,14.93,8.21,55.02,2.75,1.0,36.36,9.89,181.0,6.46,3.25,3.57,1.54,1.29,1.04,0.54,51.72,50.28,43.0,1.04,1.46,0.61,0.64,0.57,0.14,25.0,3.68,0.39,10.68,5.68,0.93,16.35,0.61,10.69
1189,Superliga (DK),920775,Benjamin Dela Hounou Clemmensen,B. Clemmensen,2005-01-04,4.46,2.19,0.69,1,1,0,6.0,6.0,6.0,100.0,0.0,0.0,2.16,1.15,6.0,6.0,6.0,100.0,0.0,0.0,,6.0,0.0,0.0,0.0,0.0,0.0,0.0,0.0,0.0,,,,0.0,0.0,0.0,0.0,0.0,0.0,,0.0,0.0,,0.0,0.0,,0.0,
1189,Superliga (DK),962303,Sofus Østergaard Grandjean Johannesen,S. Johannesen,2007-05-04,62.05,17.17,18.95,22,21,1,554.0,26.38,13.86,52.53,3.62,0.43,8.37,2.16,379.0,18.05,10.1,55.94,2.33,0.76,32.65,13.29,217.0,10.33,5.29,6.19,3.05,1.76,1.48,0.62,41.94,51.15,49.23,1.14,1.9,0.24,2.05,1.1,0.43,39.13,3.1,0.52,16.92,5.81,1.33,22.95,1.05,18.03
1189,Superliga (DK),962305,Julius Emefile,J. Emefile,2007-04-02,32.45,10.85,6.21,4,4,0,34.0,8.5,4.0,47.06,2.0,0.25,9.19,2.49,22.0,5.5,2.75,50.0,1.5,0.5,33.33,3.25,12.0,3.0,1.0,1.75,0.25,1.0,1.0,0.25,25.0,33.33,14.29,0.25,1.0,0.5,0.25,0.25,0.25,100.0,1.75,0.25,14.29,2.25,0.25,11.11,0.25,11.11
1189,Superliga (DK),966874,Magnus Andersen,M. Andersen,2006-04-03,23.23,4.11,10.42,2,1,1,3.0,3.0,1.0,33.33,0.0,0.0,12.61,3.1,2.0,2.0,1.0,50.0,1.0,0.0,0.0,1.0,2.0,2.0,1.0,1.0,1.0,0.0,0.0,0.0,,50.0,100.0,0.0,0.0,0.0,0.0,1.0,1.0,100.0,1.0,0.0,0.0,1.0,0.0,0.0,0.0,0.0
1189,Superliga (DK),967568,Kenay Myrie Reyes,Kenay Myrie,2006-09-06,66.7,18.23,20.05,2,2,0,52.0,26.0,12.0,46.15,1.5,0.5,3.83,1.35,33.0,16.5,6.5,39.39,2.5,0.0,0.0,15.0,8.0,4.0,1.5,2.0,0.5,0.0,0.0,0.0,,37.5,25.0,0.0,2.0,0.0,1.5,0.5,0.0,0.0,4.0,0.5,12.5,6.0,0.5,8.33,0.0,0.0
1189,Superliga (DK),978575,Stefen Erwan Tchamche,S. Tchamche,2006-01-08,15.6,4.09,3.98,13,13,0,56.0,4.31,2.15,50.0,0.38,0.08,9.25,2.16,36.0,2.77,1.54,55.55,0.62,0.23,37.5,1.92,17.0,1.31,0.62,0.85,0.23,0.23,0.23,0.08,33.33,47.06,27.27,0.08,0.69,0.08,0.23,0.0,0.0,,0.62,0.08,12.5,1.08,0.54,50.0,0.08,7.14
1189,Superliga (DK),982491,Adam Nygaard  Andersen,A. Andersen,2005-09-23,68.51,16.91,23.19,27,26,1,769.0,29.58,24.35,82.32,0.5,0.04,4.1,1.54,521.0,20.04,17.5,87.33,0.27,0.15,57.14,19.19,110.0,4.23,3.15,2.27,1.73,0.92,0.38,0.31,80.0,74.55,76.27,0.0,0.12,0.04,0.12,0.31,0.12,37.5,0.5,0.12,23.08,0.73,0.15,21.05,0.08,10.53
1189,Superliga (DK),984941,Peter Villum Berthelsen,V. Berthelsen,2006-04-14,47.32,17.35,12.12,21,20,1,367.0,18.35,12.65,68.94,2.2,0.0,5.87,1.74,278.0,13.9,10.25,73.74,2.5,1.2,48.0,9.05,93.0,4.65,3.0,2.45,1.55,0.75,0.55,0.25,45.45,64.52,63.27,1.3,1.7,0.3,0.65,0.15,0.05,33.33,4.15,0.75,18.07,5.05,0.65,12.87,0.9,17.82
1189,Superliga (DK),984943,Markus Andersen Walker,Markus Walker,2006-11-23,40.32,15.25,10.97,7,7,0,194.0,27.71,25.0,90.21,0.71,0.14,4.26,1.72,162.0,23.14,21.14,91.36,0.57,0.29,50.0,21.86,33.0,4.71,4.29,2.29,2.14,0.71,0.43,0.29,66.67,90.91,93.75,0.14,1.43,0.14,0.0,0.14,0.0,0.0,1.0,0.29,28.57,1.43,0.0,0.0,0.14,10.0
1189,Superliga (DK),987594,Daniel Ingi Jóhannesson,D. Jóhannesson,2007-04-03,26.15,3.31,6.56,2,1,1,10.0,10.0,3.0,30.0,3.0,2.0,3.57,0.96,3.0,3.0,1.0,33.33,1.0,1.0,100.0,2.0,1.0,1.0,0.0,1.0,0.0,0.0,0.0,0.0,,0.0,0.0,0.0,1.0,0.0,0.0,0.0,0.0,,2.0,1.0,50.0,3.0,1.0,33.33,0.0,0.0
1189,Superliga (DK),987674,Simon  Fynbo Stüker ,S. Stüker,2007-04-23,70.17,18.9,28.59,6,6,0,169.0,28.17,20.0,71.01,1.5,0.17,4.81,1.49,121.0,20.17,16.5,81.82,2.67,1.5,56.25,18.17,31.0,5.17,2.67,2.5,1.83,0.67,0.5,0.33,66.67,51.61,73.34,0.0,2.33,0.0,0.5,0.0,0.0,,3.0,0.17,5.56,3.83,1.0,26.09,0.0,0.0
1189,Superliga (DK),987676,Malthe Emil Søgaard Hansen,M. Søgaard Hansen,2007-11-21,24.65,6.25,10.52,1,1,0,11.0,11.0,9.0,81.82,0.0,0.0,5.69,1.3,7.0,7.0,7.0,100.0,2.0,2.0,100.0,5.0,2.0,2.0,2.0,2.0,2.0,0.0,0.0,0.0,,100.0,100.0,0.0,0.0,0.0,0.0,0.0,0.0,,2.0,1.0,50.0,3.0,1.0,33.33,0.0,0.0
1189,Superliga (DK),987678,William Hammelsvang Kirk,W. Kirk,2007-01-13,62.55,18.06,22.87,13,13,0,287.0,22.08,16.0,72.47,2.0,0.23,4.31,1.23,202.0,15.54,12.08,77.72,2.15,1.31,60.72,11.31,48.0,3.69,2.46,1.69,1.15,0.85,0.62,0.38,62.5,66.67,68.18,1.0,1.31,0.38,0.31,0.15,0.0,0.0,3.54,0.77,21.74,4.92,1.31,26.56,0.85,17.19
1189,Superliga (DK),987712,Vitus Friis,V. Friis,2007-03-31,9.62,2.05,3.79,1,1,0,3.0,3.0,2.0,66.67,1.0,0.0,2.02,0.83,2.0,2.0,2.0,100.0,0.0,0.0,,2.0,0.0,0.0,0.0,0.0,0.0,0.0,0.0,0.0,,,,0.0,0.0,0.0,0.0,0.0,0.0,,0.0,0.0,,0.0,0.0,,0.0,
1189,Superliga (DK),987719,Hjalte Boe Rasmussen,H. Rasmussen,2007-10-15,20.41,6.04,5.17,13,12,1,61.0,5.08,2.83,55.74,0.75,0.08,7.01,1.74,43.0,3.58,1.92,53.49,0.92,0.33,36.36,2.08,17.0,1.42,0.5,1.17,0.42,0.67,0.67,0.25,37.5,35.29,35.71,0.33,0.5,0.17,0.25,0.25,0.0,0.0,1.25,0.17,13.33,1.67,0.33,20.0,0.17,10.0
1189,Superliga (DK),987721,Lasse Embring Legolas Andersen,L. Andersen,2007-02-08,12.95,6.06,1.9,2,2,0,5.0,2.5,1.5,60.0,0.5,0.0,0.8,0.14,3.0,1.5,1.0,66.67,0.5,0.0,0.0,0.0,0.0,0.0,0.0,0.0,0.0,0.0,0.0,0.0,,,,0.0,0.0,1.0,0.0,0.0,0.0,,1.0,0.0,0.0,1.0,0.0,0.0,0.5,50.0
1189,Superliga (DK),987749,Oskar Skou Haugstrup,O. Haugstrup,2007-06-16,32.74,9.1,11.39,2,2,0,30.0,15.0,13.5,90.0,1.0,0.0,2.7,0.9,22.0,11.0,10.0,90.91,0.0,0.0,,6.0,3.0,1.5,1.5,0.5,0.5,0.0,0.0,0.0,,100.0,100.0,0.0,0.0,0.0,0.0,0.0,0.0,,0.0,0.0,,2.0,1.0,50.0,0.5,25.0
1189,Superliga (DK),987789,Tobias Lykkebak,T. Lykkebak,2006-07-15,18.6,3.58,3.92,1,1,0,4.0,4.0,2.0,50.0,0.0,0.0,6.85,1.2,1.0,1.0,0.0,0.0,0.0,0.0,,1.0,1.0,1.0,0.0,0.0,0.0,1.0,0.0,0.0,,0.0,,0.0,0.0,0.0,0.0,0.0,0.0,,0.0,0.0,,0.0,0.0,,0.0,
1189,Superliga (DK),987792,Sander Ravn,S. Ravn,2007-04-08,11.66,2.75,4.21,1,1,0,3.0,3.0,3.0,100.0,0.0,0.0,14.7,3.13,3.0,3.0,3.0,100.0,0.0,0.0,,2.0,2.0,2.0,2.0,1.0,1.0,1.0,0.0,0.0,,100.0,100.0,0.0,1.0,0.0,0.0,0.0,0.0,,0.0,0.0,,0.0,0.0,,0.0,
1189,Superliga (DK),987800,Hjalte Gitz Christensen,H. Christensen,2007-09-07,68.29,15.24,23.56,3,3,0,81.0,27.0,22.0,81.48,0.33,0.0,3.87,1.29,53.0,17.67,16.33,92.45,0.33,0.33,100.0,16.33,10.0,3.33,3.0,0.67,0.33,0.0,0.0,0.0,,90.0,50.0,0.0,0.33,0.0,0.0,0.33,0.33,100.0,0.33,0.0,0.0,0.67,0.67,100.0,0.0,0.0
1189,Superliga (DK),988410,Juho Väinö Valtteri Lähteenmäki,J. Valtteri Lähteenmäki,2006-06-15,85.43,28.98,23.83,27,26,1,1112.0,42.77,33.96,79.41,2.96,0.35,4.65,1.5,821.0,31.58,26.23,83.07,1.73,1.08,62.22,28.46,215.0,8.27,6.27,5.42,4.08,1.96,1.58,1.0,63.41,75.81,75.18,0.23,3.12,0.38,0.46,0.62,0.42,68.75,3.08,0.38,12.5,5.19,1.15,22.22,0.73,14.07
1189,Superliga (DK),998065,Villads Rutkjær,V. Rutkjær,2008-10-04,26.28,9.02,6.47,4,4,0,80.0,20.0,19.0,95.0,0.75,0.0,1.85,0.96,73.0,18.25,17.75,97.26,0.0,0.0,,17.25,1.0,0.25,0.25,0.25,0.25,0.0,0.0,0.0,,100.0,100.0,0.0,0.0,0.0,0.0,0.0,0.0,,0.0,0.0,,0.0,0.0,,0.0,
1189,Superliga (DK),998071,Jacob Brochner Ambæk,J. Ambæk,2008-03-28,70.08,18.48,19.58,27,26,1,426.0,16.38,8.19,50.0,2.88,0.38,7.23,1.84,284.0,10.92,6.31,57.75,3.54,1.92,54.35,5.92,129.0,4.96,2.35,3.08,1.23,1.31,1.0,0.38,38.46,47.29,40.0,0.69,1.12,0.65,1.12,0.5,0.15,30.77,4.31,0.65,15.18,6.08,0.62,10.13,1.0,16.46
1189,Superliga (DK),998076,Malte Såby Heyde,M. Heyde,2007-02-18,31.18,8.22,8.92,17,16,1,251.0,15.69,11.19,71.31,1.0,0.0,3.6,1.19,167.0,10.44,8.69,83.23,0.5,0.19,37.5,8.31,34.0,2.12,1.5,0.94,0.62,0.31,0.19,0.06,33.33,70.59,66.67,1.12,0.44,0.06,0.06,0.0,0.0,,0.69,0.12,18.18,1.19,0.38,31.58,0.19,15.79
1189,Superliga (DK),998077,Victor Malmqvist Gustafsen,V. Gustafsen,2007-11-14,17.16,4.09,4.39,7,7,0,28.0,4.0,2.43,60.72,0.57,0.0,4.59,1.22,12.0,1.71,1.43,83.33,0.0,0.0,,1.57,6.0,0.86,0.29,0.71,0.29,0.43,0.29,0.0,0.0,33.33,40.0,0.14,0.43,0.0,0.0,0.0,0.0,,0.0,0.0,,0.14,0.14,100.0,0.0,0.0
1189,Superliga (DK),999684,Mathias Jensen,M. Jensen,2005-04-14,45.13,13.06,12.83,15,14,1,302.0,21.57,15.07,69.87,2.21,0.14,3.3,1.1,198.0,14.14,11.29,79.8,1.14,0.71,62.5,10.86,38.0,2.71,1.79,1.43,0.86,0.29,0.21,0.07,33.33,65.79,60.0,0.43,0.36,0.14,0.21,0.07,0.0,0.0,1.5,0.14,9.52,2.5,0.71,28.57,0.21,8.57
1189,Superliga (DK),999807,Benicio Christian Pená,B. Pená,2003-03-21,99.88,17.5,30.22,1,1,0,19.0,19.0,11.0,57.89,0.0,1.0,2.79,1.66,6.0,6.0,3.0,50.0,1.0,0.0,0.0,6.0,1.0,1.0,1.0,1.0,1.0,0.0,0.0,0.0,,100.0,100.0,0.0,0.0,0.0,0.0,0.0,0.0,,1.0,0.0,0.0,1.0,0.0,0.0,0.0,0.0
1189,Superliga (DK),1001173,Stephen Acquah,S. Acquah,2006-01-05,39.23,12.43,11.43,17,17,0,492.0,28.94,24.82,85.77,0.82,0.06,4.25,1.72,363.0,21.35,19.47,91.19,0.53,0.18,33.33,19.94,76.0,4.47,3.47,1.82,1.29,0.53,0.18,0.18,100.0,77.63,70.97,0.24,0.76,0.0,0.0,0.06,0.06,100.0,0.76,0.12,15.38,1.29,0.59,45.45,0.06,4.55
1189,Superliga (DK),1002154,Issaka Seidu,I. Seidu,2006-06-05,9.51,3.27,1.68,5,5,0,33.0,6.6,4.8,72.73,0.6,0.0,3.85,1.51,29.0,5.8,4.4,75.86,0.0,0.0,,4.6,4.0,0.8,0.6,0.6,0.4,0.0,0.0,0.0,,75.0,66.67,0.2,0.8,0.2,0.2,0.0,0.0,,0.2,0.0,0.0,1.0,0.0,0.0,0.0,0.0
1189,Superliga (DK),1003809,Mikkel Bach Løndal,M. Løndal,2006-05-31,36.13,9.83,11.83,1,1,0,9.0,9.0,4.0,44.44,0.0,0.0,5.76,1.73,6.0,6.0,3.0,50.0,0.0,0.0,,6.0,2.0,2.0,0.0,1.0,0.0,1.0,1.0,0.0,0.0,0.0,0.0,0.0,0.0,0.0,0.0,1.0,0.0,0.0,0.0,0.0,,0.0,0.0,,0.0,
1189,Superliga (DK),1004265,Albert Rrahmani,A. Rrahmani,2007-03-11,11.99,2.99,4.1,6,6,0,19.0,3.17,2.0,63.16,0.33,0.0,4.89,1.22,12.0,2.0,1.17,58.33,0.5,0.17,33.33,0.83,3.0,0.5,0.33,0.33,0.17,0.17,0.17,0.0,0.0,66.67,50.0,0.33,0.17,0.33,0.0,0.17,0.0,0.0,1.0,0.5,50.0,1.33,0.0,0.0,0.33,25.0
1189,Superliga (DK),1008873,Tómas Óli Kristjánsson,T. Kristjánsson,2008-02-27,18.13,5.48,4.51,10,10,0,62.0,6.2,4.0,64.51,0.5,0.3,8.9,2.02,44.0,4.4,3.1,70.45,0.8,0.4,50.0,3.5,20.0,2.0,1.1,0.9,0.4,0.5,0.3,0.2,66.67,55.0,44.45,0.2,1.2,0.0,0.6,0.4,0.1,25.0,0.9,0.1,11.11,1.3,0.1,7.69,0.1,7.69
1189,Superliga (DK),1009009,Cyril Edudzi,C. Edudzi,2006-01-15,56.26,17.53,16.57,8,8,0,143.0,17.88,8.62,48.25,3.12,0.38,9.74,2.28,98.0,12.25,5.88,47.96,3.88,1.12,29.03,6.75,55.0,6.88,3.0,4.25,1.38,2.38,1.88,0.62,33.33,43.64,32.35,0.38,1.38,0.62,1.12,0.75,0.25,33.33,4.38,0.5,11.43,6.25,1.62,26.0,1.25,20.0
1189,Superliga (DK),1017436,Abdou Aziz Ndiaye,A. Ndiaye,2005-11-18,53.95,19.19,14.66,1,1,0,21.0,21.0,13.0,61.9,3.0,0.0,9.1,2.23,15.0,15.0,8.0,53.33,1.0,1.0,100.0,11.0,8.0,8.0,4.0,6.0,2.0,3.0,2.0,0.0,0.0,50.0,33.33,1.0,1.0,0.0,2.0,0.0,0.0,,3.0,0.0,0.0,4.0,0.0,0.0,0.0,0.0
1189,Superliga (DK),1018406,Kotaro Uchino,K. Uchino,2004-06-19,18.9,6.55,5.92,5,5,0,26.0,5.2,2.4,46.15,2.2,0.0,2.65,0.99,21.0,4.2,2.2,52.38,1.0,0.6,60.0,2.2,2.0,0.4,0.4,0.0,0.0,0.2,0.0,0.0,,100.0,,0.6,0.6,0.2,0.0,0.0,0.0,,1.2,0.2,16.66,2.2,0.0,0.0,1.0,45.45
1189,Superliga (DK),1018407,Prince junior Amoako,P. Amoako,2007-05-01,80.6,29.44,21.09,31,30,1,961.0,32.03,15.77,49.22,5.43,0.57,9.14,2.42,761.0,25.37,13.1,51.64,3.03,1.13,37.36,19.83,372.0,12.4,4.53,8.57,2.73,3.07,2.57,0.77,29.87,36.56,31.91,1.3,2.43,0.77,3.53,1.87,0.43,23.21,4.27,0.57,13.28,7.2,1.47,20.37,1.63,22.69
1189,Superliga (DK),1018408,Malthe Riis Ladefoged,M. Riis Ladefoged,2005-12-14,32.37,11.16,7.99,4,4,0,104.0,26.0,23.0,88.46,1.25,0.0,3.29,1.27,71.0,17.75,17.5,98.59,0.0,0.0,,17.75,14.0,3.5,3.0,1.5,1.25,0.0,0.0,0.0,,85.71,83.33,0.0,0.0,0.0,0.0,0.0,0.0,,0.0,0.0,,0.0,0.0,,0.0,
1189,Superliga (DK),1018417,Abdoulaye Camara,A. Camara,2006-12-21,38.99,10.88,11.16,19,19,0,190.0,10.0,4.79,47.89,1.0,0.05,9.13,2.23,118.0,6.21,3.58,57.63,1.21,0.42,34.78,4.05,63.0,3.32,1.74,1.53,0.63,1.05,0.74,0.32,42.86,52.38,41.38,0.21,0.89,0.42,0.42,0.32,0.11,33.33,1.63,0.26,16.13,2.47,0.42,17.02,0.58,23.4
1189,Superliga (DK),1019231,Benjamin Örn,B. Örn,2004-04-26,33.3,9.54,9.46,6,6,0,108.0,18.0,12.67,70.37,0.33,0.0,3.69,1.27,81.0,13.5,10.17,75.31,1.0,0.17,16.67,12.5,14.0,2.33,1.83,1.17,1.0,0.83,0.67,0.5,75.0,78.57,85.72,0.0,1.17,0.0,0.0,0.17,0.0,0.0,1.5,0.33,22.22,2.17,0.33,15.38,0.0,0.0
1189,Superliga (DK),1021688,Pachanga Cassoma Kristensen,P. Kristensen,2006-12-07,41.14,8.88,12.81,12,11,1,163.0,14.82,10.91,73.62,0.73,0.0,2.76,1.03,102.0,9.27,7.64,82.35,0.36,0.27,75.0,8.18,13.0,1.18,0.91,0.73,0.45,0.09,0.09,0.09,100.0,76.92,62.5,0.0,0.18,0.0,0.18,0.0,0.0,,0.45,0.0,0.0,1.0,0.36,36.37,0.0,0.0
1189,Superliga (DK),1028036,Ousseynou Fall Seck,O. Seck,2007-06-22,26.0,7.85,7.61,12,11,1,139.0,12.64,7.82,61.87,1.55,0.0,5.34,1.57,108.0,9.82,6.18,62.96,1.0,0.55,54.54,7.18,35.0,3.18,1.91,1.09,0.55,0.27,0.09,0.0,0.0,60.0,50.0,0.55,1.09,0.18,0.27,0.36,0.09,25.0,1.64,0.55,33.33,2.55,0.55,21.43,0.55,21.43
1189,Superliga (DK),1028160,Selma Kjær Karstensen,S. Kjær Karstensen,2008-01-07,9.65,2.91,0.76,2,2,0,12.0,6.0,4.0,66.67,0.5,0.0,5.4,1.31,10.0,5.0,3.0,60.0,1.0,0.0,0.0,4.5,3.0,1.5,1.0,1.5,1.0,1.0,1.0,0.5,50.0,66.67,66.67,0.5,1.5,0.0,0.0,0.0,0.0,,1.5,0.0,0.0,1.5,0.5,33.33,0.0,0.0
1189,Superliga (DK),1029015,Anders Raffnsøe Hoeg,A. Raffnsøe Hoeg,2006-03-27,,,,1,0,1,,,,,,,,,,,,,,,,,,,,,,,,,,,,,,,,,,,,,,,,,,
1189,Superliga (DK),1030691,Oskar Fenger,O. Fenger,2008-03-07,10.28,3.09,2.89,1,1,0,2.0,2.0,0.0,0.0,0.0,0.0,13.33,2.25,1.0,1.0,0.0,0.0,1.0,0.0,0.0,1.0,1.0,1.0,0.0,1.0,0.0,1.0,1.0,0.0,0.0,0.0,0.0,1.0,0.0,0.0,0.0,0.0,0.0,,1.0,0.0,0.0,1.0,1.0,100.0,0.0,0.0
1189,Superliga (DK),1031905,Max Jensen,M. Jensen,2008-03-27,30.24,6.91,10.23,10,10,0,77.0,7.7,4.7,61.04,0.5,0.2,5.93,1.63,41.0,4.1,3.0,73.17,0.6,0.2,33.33,3.4,24.0,2.4,1.4,0.9,0.5,0.5,0.1,0.0,0.0,58.33,55.56,0.1,0.5,0.1,0.0,0.1,0.1,100.0,0.8,0.2,25.0,1.1,0.2,18.18,0.1,9.09
1189,Superliga (DK),1033233,Viggo Poulsen,V. Poulsen,2008-04-07,24.85,6.89,7.02,8,8,0,67.0,8.38,5.5,65.67,1.12,0.0,5.99,1.65,51.0,6.38,4.38,68.63,1.5,0.75,50.0,3.5,16.0,2.0,1.5,0.75,0.38,0.38,0.25,0.12,50.0,75.0,50.0,0.88,0.88,0.38,0.0,0.0,0.0,,2.12,0.0,0.0,3.25,0.25,7.69,0.88,26.92
1189,Superliga (DK),1033234,Andrè Escobar Jensen,A. Escobar,2007-08-22,1.66,0.23,0.95,1,1,0,0.0,0.0,0.0,,0.0,0.0,,,0.0,0.0,0.0,,0.0,0.0,,0.0,0.0,0.0,0.0,0.0,0.0,0.0,0.0,0.0,,,,0.0,0.0,0.0,0.0,0.0,0.0,,0.0,0.0,,0.0,0.0,,0.0,
1189,Superliga (DK),1036660,Adam Kleis-Kristoffersen,A. Kleis-Kristoffersen,2008-07-14,21.43,7.53,3.85,3,3,0,8.0,2.67,1.0,37.5,1.33,0.33,7.92,1.53,2.0,0.67,0.0,0.0,0.33,0.0,0.0,0.33,2.0,0.67,0.0,0.33,0.0,0.67,0.33,0.0,0.0,0.0,0.0,0.67,0.0,0.0,0.33,0.0,0.0,,0.33,0.0,0.0,0.33,0.0,0.0,0.0,0.0
1189,Superliga (DK),1039385,Bogere James,B. James,2008-02-02,23.3,5.94,5.05,3,3,0,15.0,5.0,2.0,40.0,1.67,0.0,11.24,2.55,11.0,3.67,1.33,36.37,1.33,0.33,25.0,2.33,7.0,2.33,0.0,2.0,0.0,1.0,0.67,0.0,0.0,0.0,0.0,0.67,0.33,0.33,0.33,0.67,0.0,0.0,1.67,0.33,20.0,2.0,0.67,33.33,1.0,50.0
1189,Superliga (DK),1044686,Vianney Geovanni ,V. Geovanni,2007-09-25,22.2,6.14,4.45,10,10,0,52.0,5.2,2.4,46.15,0.8,0.2,8.35,2.39,34.0,3.4,1.4,41.18,1.2,0.3,25.0,0.9,17.0,1.7,1.0,1.2,0.8,0.2,0.2,0.1,50.0,58.82,66.67,0.5,0.8,0.6,0.2,0.0,0.0,,1.5,0.1,6.67,2.4,0.4,16.67,0.3,12.5
1189,Superliga (DK),1066797,Elias valdemar Hjort-pedersen,E. Hjort-pedersen,2007-01-01,12.25,2.52,2.78,1,1,0,1.0,1.0,1.0,100.0,0.0,0.0,0.0,0.0,1.0,1.0,1.0,100.0,0.0,0.0,,0.0,0.0,0.0,0.0,0.0,0.0,0.0,0.0,0.0,,,,0.0,0.0,0.0,0.0,0.0,0.0,,0.0,0.0,,0.0,0.0,,0.0,
1189,Superliga (DK),1067881,Felix Sommer,F. Sommer,2009-05-25,9.46,2.49,5.06,1,1,0,6.0,6.0,3.0,50.0,0.0,0.0,1.01,0.67,4.0,4.0,3.0,75.0,0.0,0.0,,3.0,0.0,0.0,0.0,0.0,0.0,0.0,0.0,0.0,,,,0.0,0.0,0.0,0.0,0.0,0.0,,0.0,0.0,,0.0,0.0,,0.0,
