competition_edition,league,player_id,player_name,player_short_name,player_birthdate,minutes,minutes_tip,minutes_otip,performance_count,performance_included_count,performance_failed_count,onballengagement_count_total,onballengagement_count,onballengagement_count_directregain,onballengagement_pct_directregain,onballengagement_count_indirectregain,onballengagement_pct_indirectregain,onballengagement_count_directdisruption,onballengagement_pct_directdisruption,onballengagement_count_indirectdisruption,onballengagement_pct_indirectdisruption,onballengagement_count_abovehsr,onballengagement_count_forcedbackward,onballengagement_pct_forcedbackward,onballengagement_count_beatenbymovement,onballengagement_pct_beatenbymovement,onballengagement_count_beatenbypossession,onballengagement_pct_beatenbypossession,onballengagement_count_pressingchain,onballengagement_count_consecutive,onballengagement_count_forwardtrajectory,onballengagement_count_dangeroussituation,onballengagement_count_dangeroussituation_dangermitigated,onballengagement_pct_dangermitigated,onballengagement_count_linebreakaffected,onballengagement_pct_linebreakaffected
1230,Eredivisie (NL),90,Aaron Meijers,A. Meijers,1987-10-28,53.22,13.79,16.33,11,10,1,190.0,19.0,0.6,3.16,4.4,23.16,0.4,2.11,1.0,5.26,1.6,0.8,4.21,0.4,2.11,1.3,6.84,3.2,1.9,5.3,8.6,1.1,5.9,0.5,2.63
1230,Eredivisie (NL),348,Alassane Pléa,A. Pléa,1993-03-10,59.09,22.74,12.96,2,2,0,37.0,18.5,0.5,2.7,3.5,18.92,0.0,0.0,0.0,0.0,5.0,2.0,10.81,0.0,0.0,0.0,0.0,7.5,1.5,9.0,1.0,0.0,0.0,1.5,8.11
1230,Eredivisie (NL),442,Alen Halilović,A. Halilović,1996-06-18,10.83,3.29,2.16,5,5,0,15.0,3.0,0.4,13.33,0.6,20.0,0.0,0.0,0.0,0.0,0.4,0.0,0.0,0.0,0.0,0.0,0.0,0.0,0.6,1.0,0.6,0.2,22.22,0.0,0.0
1230,Eredivisie (NL),715,André Ayew,A. Ayew,1989-12-17,54.36,14.68,14.01,17,16,1,403.0,25.19,0.44,1.74,3.12,12.41,0.06,0.25,1.06,4.22,4.06,1.69,6.7,0.0,0.0,0.06,0.25,11.44,3.56,7.75,2.38,0.44,1.95,2.19,8.68
1230,Eredivisie (NL),1197,Bart Nieuwkoop,B. Nieuwkoop,1996-03-07,37.02,10.56,9.22,17,16,1,175.0,10.94,0.38,3.43,2.06,18.86,0.12,1.14,0.56,5.14,1.69,0.69,6.29,0.19,1.71,0.56,5.14,2.62,2.38,3.06,3.94,0.5,5.08,0.56,5.14
1230,Eredivisie (NL),1223,Bas Kuipers,B. Kuipers,1994-08-17,22.11,5.86,5.58,7,7,0,56.0,8.0,0.29,3.57,2.71,33.93,0.14,1.79,0.43,5.36,0.86,0.0,0.0,0.0,0.0,0.0,0.0,1.57,1.57,2.14,1.57,0.0,0.0,0.71,8.93
1230,Eredivisie (NL),1337,Bertrand Isidore Traoré,B. Traoré,1995-09-06,62.76,22.3,17.98,1,1,0,36.0,36.0,0.0,0.0,3.0,8.33,0.0,0.0,1.0,2.78,8.0,6.0,16.67,0.0,0.0,1.0,2.78,14.0,6.0,15.0,4.0,0.0,0.0,3.0,8.33
1230,Eredivisie (NL),1435,Bram Nuytinck,B. Nuytinck,1990-05-04,49.67,13.92,10.99,7,6,1,59.0,9.83,0.0,0.0,2.0,20.34,0.17,1.7,0.17,1.69,1.17,0.5,5.09,0.17,1.69,0.5,5.08,2.0,1.0,3.0,4.0,0.83,8.67,0.0,0.0
1230,Eredivisie (NL),1440,Brandley Kuwas,B. Kuwas,1992-09-19,68.87,17.99,21.13,31,30,1,1162.0,38.73,0.6,1.55,4.23,10.93,0.2,0.52,1.43,3.7,5.23,3.0,7.75,0.0,0.0,0.2,0.52,15.43,6.83,11.87,6.73,0.53,2.58,4.57,11.79
1230,Eredivisie (NL),1509,Bruno Martins Indi,B. Martins Indi,1992-02-08,87.97,23.71,27.06,25,25,0,429.0,17.16,0.64,3.73,3.28,19.11,0.24,1.4,0.88,5.13,2.2,0.32,1.86,0.88,5.13,0.48,2.8,3.08,1.8,3.84,10.68,2.72,16.91,0.28,1.63
1230,Eredivisie (NL),1541,Bryan Linssen,B. Linssen,1990-10-08,74.69,23.64,16.93,32,28,4,965.0,34.46,0.43,1.24,6.14,17.82,0.21,0.62,1.79,5.18,10.46,2.68,7.77,0.04,0.1,0.14,0.41,18.79,6.07,13.5,1.68,0.21,1.11,2.07,6.01
1230,Eredivisie (NL),2300,Danny Bakker,D. Bakker,1995-01-16,95.99,23.76,28.63,29,26,3,624.0,24.0,0.96,4.01,4.69,19.55,0.35,1.44,1.19,4.97,3.19,0.69,2.88,0.65,2.72,0.96,4.01,5.08,3.04,7.23,11.5,2.54,11.02,1.0,4.17
1230,Eredivisie (NL),2548,Davy Klaassen,D. Klaassen,1993-02-21,68.78,22.79,18.11,30,29,1,988.0,34.07,1.14,3.34,5.41,15.89,0.17,0.51,1.03,3.04,3.34,2.69,7.89,0.24,0.71,0.45,1.32,10.21,4.79,10.83,8.52,1.14,4.22,3.21,9.41
1230,Eredivisie (NL),2614,Denis Odoi,D. Odoi,1988-05-27,86.7,24.7,23.3,19,18,1,387.0,21.5,0.94,4.39,3.67,17.05,0.22,1.03,0.78,3.62,2.83,0.72,3.36,0.44,2.07,0.72,3.36,4.56,2.0,5.72,10.39,2.11,11.18,0.56,2.58
1230,Eredivisie (NL),2776,Dion Malone,D. Malone,1989-02-13,23.0,5.09,7.49,11,9,2,50.0,5.56,0.33,6.0,0.89,16.0,0.0,0.0,0.22,4.0,0.67,0.22,4.0,0.67,12.0,0.11,2.0,0.44,0.67,1.11,3.56,0.44,8.57,0.0,0.0
1230,Eredivisie (NL),4318,Hidde Jurjus,H. Jurjus,1994-02-09,86.34,21.38,25.53,7,7,0,0.0,0.0,0.0,,0.0,,0.0,,0.0,,0.0,0.0,,0.0,,0.0,,0.0,0.0,0.0,0.0,0.0,,0.0,
1230,Eredivisie (NL),4545,Ivan Perišić,I. Perišić,1989-02-02,77.2,27.06,17.92,30,29,1,879.0,30.31,1.21,3.98,4.31,14.22,0.41,1.37,1.21,3.98,7.79,2.66,8.76,0.14,0.45,0.31,1.02,13.41,6.48,9.93,5.83,1.0,3.99,2.24,7.39
1230,Eredivisie (NL),4568,Ivo Daniel Ferreira Mendonca Pinto,Ivo Pinto,1990-01-07,78.19,18.29,23.2,28,28,0,793.0,28.32,1.18,4.16,4.61,16.27,0.57,2.02,1.32,4.67,3.39,1.11,3.91,0.25,0.88,0.82,2.9,5.0,2.96,8.93,9.54,1.71,7.53,1.79,6.31
1230,Eredivisie (NL),4651,Jamiro Gregory Monteiro Alvarenga,Jamiro Monteiro,1993-11-23,63.28,15.26,19.95,21,20,1,823.0,41.15,1.5,3.64,6.15,14.94,0.25,0.61,1.45,3.52,6.8,2.9,7.05,0.35,0.85,1.0,2.43,12.65,7.75,12.8,14.4,1.95,5.28,3.7,8.99
1230,Eredivisie (NL),4777,Jasper Cillessen,J. Cillessen,1989-04-22,53.74,8.72,17.91,3,2,1,0.0,0.0,0.0,,0.0,,0.0,,0.0,,0.0,0.0,,0.0,,0.0,,0.0,0.0,0.0,0.0,0.0,,0.0,
1230,Eredivisie (NL),4876,Jeff Hardeveld,J. Hardeveld,1995-02-27,95.97,23.68,28.81,33,30,3,985.0,32.83,1.23,3.76,5.43,16.55,0.6,1.83,1.83,5.58,3.43,2.13,6.5,0.27,0.81,1.27,3.86,7.5,4.6,9.23,13.33,1.9,6.49,1.7,5.18
1230,Eredivisie (NL),4912,Jens Toornstra,J. Toornstra,1989-04-04,49.03,11.64,15.91,16,16,0,506.0,31.62,0.38,1.19,3.38,10.67,0.5,1.58,0.88,2.77,4.25,2.06,6.52,0.12,0.39,0.62,1.98,8.44,6.06,11.44,10.62,1.31,5.33,3.5,11.07
1230,Eredivisie (NL),4961,Jeroen Zoet,J. Zoet,1991-01-06,89.21,26.52,25.98,11,11,0,0.0,0.0,0.0,,0.0,,0.0,,0.0,,0.0,0.0,,0.0,,0.0,,0.0,0.0,0.0,0.0,0.0,,0.0,
1230,Eredivisie (NL),4976,Jeremiah St. Juste,J. St. Juste,1996-10-19,29.28,7.69,8.16,6,6,0,34.0,5.67,0.5,8.82,0.83,14.7,0.0,0.0,0.0,0.0,0.67,0.33,5.88,0.0,0.0,0.17,2.94,1.33,1.17,1.83,1.83,0.17,9.09,0.17,2.94
1230,Eredivisie (NL),5001,Jetro Willems,J. Willems,1994-03-30,34.07,8.77,9.0,6,6,0,41.0,6.83,0.17,2.44,2.0,29.27,0.17,2.44,0.33,4.88,1.67,0.33,4.88,0.5,7.32,0.17,2.44,2.0,0.33,2.33,2.83,0.5,9.79,0.5,7.32
1230,Eredivisie (NL),5245,Jonathan  de Guzmán,J. de Guzmán,1987-09-13,23.86,7.29,6.31,5,5,0,62.0,12.4,0.0,0.0,2.2,17.74,0.0,0.0,0.4,3.23,1.4,0.4,3.23,0.2,1.61,0.0,0.0,2.6,2.2,3.4,3.2,0.2,1.56,1.0,8.07
1230,Eredivisie (NL),5338,Jordy Clasie,J. Clasie,1991-06-27,71.19,23.62,18.13,12,12,0,347.0,28.92,0.92,3.17,5.42,18.73,0.17,0.58,0.67,2.31,3.58,1.83,6.34,0.17,0.58,0.67,2.3,8.58,4.92,8.08,9.75,1.33,5.41,2.5,8.65
1230,Eredivisie (NL),5373,Joris van Overeem,J. van Overeem,1994-06-01,97.26,28.2,27.31,33,33,0,1299.0,39.36,1.64,4.16,6.36,16.17,0.48,1.23,0.97,2.46,6.12,2.24,5.7,0.39,1.0,0.67,1.69,13.67,4.88,12.18,13.06,2.03,5.86,3.06,7.77
1230,Eredivisie (NL),5616,Juninho Gracielo Bacuna,J. Bacuna,1997-08-07,60.65,15.29,16.84,13,12,1,365.0,30.42,1.0,3.29,3.75,12.33,0.58,1.92,0.92,3.01,5.67,2.33,7.67,0.17,0.55,0.25,0.82,10.17,5.67,7.33,7.75,1.17,4.67,3.25,10.69
1230,Eredivisie (NL),5964,Kostas Lamprou,K. Lamprou,1991-09-18,98.85,25.86,27.8,1,1,0,0.0,0.0,0.0,,0.0,,0.0,,0.0,,0.0,0.0,,0.0,,0.0,,0.0,0.0,0.0,0.0,0.0,,0.0,
1230,Eredivisie (NL),5984,Kristoffer Peterson,K. Peterson,1994-11-28,53.88,13.21,15.27,34,34,0,947.0,27.85,0.56,2.01,3.97,14.26,0.15,0.53,1.47,5.28,3.74,2.09,7.5,0.09,0.32,0.35,1.27,8.21,5.68,8.29,6.12,0.62,2.65,2.82,10.14
1230,Eredivisie (NL),6050,Lars Unnerstall,L. Unnerstall,1990-07-20,97.51,29.14,26.22,30,30,0,0.0,0.0,0.0,,0.0,,0.0,,0.0,,0.0,0.0,,0.0,,0.0,,0.0,0.0,0.0,0.0,0.0,,0.0,
1230,Eredivisie (NL),6201,Lewis Holtby,L. Holtby,1990-09-18,68.08,18.05,19.46,30,29,1,1303.0,44.93,1.41,3.15,6.55,14.58,0.28,0.61,1.62,3.61,7.14,3.41,7.6,0.1,0.23,0.38,0.84,17.86,9.69,13.41,9.76,1.28,3.76,4.41,9.82
1230,Eredivisie (NL),7084,Marvin Peersman,M. Peersman,1991-02-10,91.08,25.43,25.51,32,31,1,811.0,26.16,1.19,4.56,3.9,14.92,0.58,2.22,1.16,4.44,3.06,1.55,5.92,0.23,0.86,0.65,2.47,7.45,3.9,8.0,9.35,1.74,7.15,0.87,3.33
1230,Eredivisie (NL),7210,Mats Seuntjens,M. Seuntjens,1992-04-17,17.79,4.49,4.05,15,15,0,76.0,5.07,0.13,2.63,1.07,21.05,0.0,0.0,0.27,5.26,1.0,0.2,3.95,0.0,0.0,0.07,1.32,1.53,0.6,1.87,0.87,0.07,5.13,0.4,7.89
1230,Eredivisie (NL),7605,Mike te Wierik,M. te Wierik,1992-06-08,68.04,16.1,19.97,22,22,0,373.0,16.95,0.55,3.22,2.91,17.16,0.14,0.8,0.77,4.56,2.91,0.68,4.02,0.41,2.41,0.86,5.09,3.73,2.05,4.59,7.91,1.55,9.77,0.41,2.41
1230,Eredivisie (NL),7607,Mike van der Hoorn,M. van der Hoorn,1992-10-15,83.79,22.8,25.24,31,30,1,483.0,16.1,0.77,4.76,3.6,22.36,0.1,0.62,0.73,4.55,2.1,0.27,1.66,0.77,4.76,0.57,3.52,2.97,1.4,2.8,10.37,2.2,14.76,0.37,2.28
1230,Eredivisie (NL),7608,Mike van Duinen,M. van Duinen,1991-11-06,29.56,7.57,9.0,27,25,2,605.0,24.2,0.16,0.66,2.56,10.58,0.08,0.33,0.72,2.98,5.64,1.12,4.63,0.0,0.0,0.16,0.66,10.04,5.52,7.52,4.2,0.28,2.63,2.04,8.43
1230,Eredivisie (NL),7950,Nick  Viergever,N. Viergever,1989-08-03,72.95,18.77,22.23,27,27,0,394.0,14.59,0.63,4.31,3.56,24.37,0.37,2.54,0.67,4.57,2.59,0.33,2.28,0.56,3.81,0.44,3.05,2.78,1.44,3.15,8.78,1.7,12.79,0.3,2.03
1230,Eredivisie (NL),8271,Oskar Zawada,O. Zawada,1996-02-01,22.34,6.23,5.25,15,15,0,126.0,8.4,0.13,1.59,1.47,17.46,0.2,2.38,0.27,3.17,1.93,0.8,9.52,0.0,0.0,0.0,0.0,5.07,1.53,3.33,0.07,0.0,0.0,0.87,10.32
1230,Eredivisie (NL),8427,Patrick  van Aanholt,P. van Aanholt,1990-08-29,62.21,14.61,20.1,12,12,0,277.0,23.08,0.92,3.97,3.33,14.44,0.58,2.53,0.92,3.97,1.67,1.17,5.05,0.25,1.08,0.67,2.89,4.58,2.83,5.75,9.25,1.83,8.82,0.92,3.97
1230,Eredivisie (NL),8460,Paul  Gladon,P. Gladon,1992-03-18,37.06,8.8,9.62,31,31,0,553.0,17.84,0.19,1.09,2.94,16.46,0.03,0.18,0.84,4.7,5.19,1.06,5.97,0.0,0.0,0.0,0.0,8.74,3.13,5.32,1.29,0.16,4.56,1.74,9.76
1230,Eredivisie (NL),8749,Przemysław Tytoń,P. Tytoń,1987-01-04,95.63,30.63,24.47,3,3,0,0.0,0.0,0.0,,0.0,,0.0,,0.0,,0.0,0.0,,0.0,,0.0,,0.0,0.0,0.0,0.0,0.0,,0.0,
1230,Eredivisie (NL),8846,Raheem Sterling,R. Sterling,1994-12-08,51.11,15.31,13.99,8,7,1,145.0,20.71,0.29,1.38,2.43,11.72,0.43,2.07,0.86,4.14,3.43,2.14,10.34,0.0,0.0,0.14,0.69,7.57,3.14,6.43,3.14,0.29,2.79,1.29,6.21
1230,Eredivisie (NL),8917,Remko Pasveer,R. Pasveer,1983-11-08,99.33,25.89,27.87,15,15,0,0.0,0.0,0.0,,0.0,,0.0,,0.0,,0.0,0.0,,0.0,,0.0,,0.0,0.0,0.0,0.0,0.0,,0.0,
1230,Eredivisie (NL),9052,Ricky van Wolfswinkel,R. van Wolfswinkel,1989-01-27,61.34,17.78,16.38,31,31,0,1106.0,35.68,0.65,1.81,5.06,14.2,0.1,0.27,1.32,3.71,8.97,3.32,9.31,0.03,0.09,0.19,0.54,19.19,7.1,12.35,2.87,0.19,1.09,3.84,10.76
1230,Eredivisie (NL),9161,Robin Pröpper,R. Pröpper,1993-09-23,69.08,20.69,17.55,27,27,0,358.0,13.26,0.78,5.87,2.89,21.79,0.11,0.84,0.37,2.79,2.85,0.15,1.12,0.44,3.35,0.41,3.07,1.74,1.89,2.81,6.52,1.04,8.77,0.11,0.84
1230,Eredivisie (NL),9429,Ryan Thomas,R. Thomas,1994-12-20,86.34,22.14,27.61,27,25,2,1117.0,44.68,1.88,4.21,7.2,16.12,0.52,1.16,1.32,2.95,5.6,2.08,4.66,0.4,0.9,1.0,2.24,11.12,7.76,10.88,19.08,2.76,6.09,4.0,8.95
1230,Eredivisie (NL),9685,Sébastien Haller,S. Haller,1994-06-22,49.78,13.84,13.92,23,23,0,776.0,33.74,0.61,1.8,4.57,13.53,0.09,0.26,1.22,3.61,5.22,2.13,6.32,0.04,0.13,0.13,0.39,16.43,6.17,9.52,2.91,0.17,1.12,3.96,11.73
1230,Eredivisie (NL),10082,Steven Berghuis,S. Berghuis,1991-12-19,66.08,22.67,17.7,21,20,1,678.0,33.9,0.6,1.77,3.6,10.62,0.3,0.88,0.8,2.36,5.45,3.5,10.32,0.05,0.15,0.25,0.74,14.3,5.7,14.3,4.2,0.7,2.6,3.0,8.85
1230,Eredivisie (NL),10233,Terence Kongolo,T. Kongolo,1994-02-14,43.28,8.92,13.59,5,5,0,33.0,6.6,0.4,6.06,1.2,18.18,0.4,6.06,0.4,6.06,0.8,0.4,6.06,0.6,9.09,0.6,9.09,0.6,0.6,2.2,4.8,1.2,21.29,0.2,3.03
1230,Eredivisie (NL),10280,Thomas Bruns,T. Bruns,1992-01-07,46.62,11.15,13.85,27,27,0,808.0,29.93,0.7,2.35,3.37,11.26,0.19,0.62,1.15,3.84,3.89,1.78,5.94,0.26,0.87,0.52,1.73,10.7,5.85,10.15,7.19,0.89,4.42,3.04,10.15
1230,Eredivisie (NL),10309,Thomas Ouwejan,T. Ouwejan,1996-09-30,78.18,24.45,18.96,6,6,0,109.0,18.17,0.17,0.92,3.83,21.1,0.0,0.0,1.67,9.17,2.5,0.83,4.59,0.5,2.75,0.5,2.75,4.0,2.17,6.33,6.17,1.33,8.23,0.17,0.92
1230,Eredivisie (NL),10392,Timon Wellenreuther,T. Wellenreuther,1995-12-03,98.19,28.32,26.5,33,32,1,0.0,0.0,0.0,,0.0,,0.0,,0.0,,0.0,0.0,,0.0,,0.0,,0.0,0.0,0.0,0.0,0.0,,0.0,
1230,Eredivisie (NL),10410,Tjaronn Chery,T. Chery,1988-06-04,90.7,28.4,19.98,33,29,4,1084.0,37.38,0.69,1.84,5.76,15.41,0.07,0.18,2.24,6.0,4.76,3.07,8.21,0.03,0.09,0.28,0.74,16.41,6.24,13.24,5.38,0.9,3.1,2.72,7.29
1230,Eredivisie (NL),10916,Wout Weghorst,W. Weghorst,1992-08-07,70.8,23.45,18.62,28,27,1,1048.0,38.81,0.41,1.05,5.96,15.36,0.15,0.38,1.7,4.39,9.67,2.59,6.68,0.04,0.1,0.19,0.48,20.3,6.48,11.56,3.11,0.3,1.27,3.78,9.73
1230,Eredivisie (NL),11036,Younes Namli,Y. Namli,1994-06-20,84.46,23.11,23.79,13,12,1,491.0,40.92,1.17,2.85,5.17,12.63,0.58,1.42,1.33,3.26,7.75,4.17,10.18,0.0,0.0,0.92,2.24,16.17,7.33,15.58,6.33,0.5,1.22,4.75,11.61
1230,Eredivisie (NL),11562,Kasper Dolberg,K. Dolberg,1997-10-06,57.66,18.81,15.62,23,22,1,629.0,28.59,0.32,1.11,4.27,14.94,0.09,0.32,1.09,3.82,6.23,2.14,7.47,0.0,0.0,0.09,0.32,15.36,4.18,9.86,2.36,0.05,0.96,3.0,10.49
1230,Eredivisie (NL),11565,Mario Engels,M. Engels,1993-10-22,46.31,11.55,12.37,24,24,0,441.0,18.38,0.21,1.13,3.12,17.01,0.0,0.0,0.71,3.85,2.58,1.38,7.48,0.0,0.0,0.17,0.91,6.58,3.29,6.42,3.42,0.38,2.83,2.04,11.11
1230,Eredivisie (NL),11590,Oleksandr Zinchenko,O. Zinchenko,1996-12-15,12.23,3.81,2.62,2,2,0,6.0,3.0,0.0,0.0,0.5,16.67,0.0,0.0,0.5,16.67,0.5,0.5,16.67,0.0,0.0,0.0,0.0,1.0,0.5,2.0,0.5,0.0,0.0,0.0,0.0
1230,Eredivisie (NL),11599,Samuel Bastien,S. Bastien,1996-09-26,12.3,3.61,2.5,6,6,0,27.0,4.5,0.17,3.7,1.17,25.92,0.0,0.0,0.67,14.81,0.67,0.0,0.0,0.0,0.0,0.17,3.7,0.33,0.5,0.67,1.67,0.17,2.0,0.0,0.0
1230,Eredivisie (NL),11845,Marko Pjaca,M. Pjaca,1995-05-06,38.7,11.73,10.51,26,26,0,437.0,16.81,0.23,1.37,1.81,10.75,0.0,0.0,0.42,2.52,1.65,1.69,10.07,0.0,0.0,0.12,0.69,6.12,2.81,6.23,3.0,0.15,1.51,2.04,12.13
1230,Eredivisie (NL),12340,Dimitrios Limnios,D. Limnios,1998-05-27,68.56,17.37,20.05,34,34,0,1538.0,45.24,1.15,2.54,5.65,12.48,0.26,0.59,1.74,3.83,7.24,3.62,8.0,0.24,0.52,0.74,1.62,14.76,10.47,12.71,8.59,1.09,3.45,5.68,12.55
1230,Eredivisie (NL),12432,Dani de Wit,D. de Wit,1998-01-28,87.14,22.86,27.21,29,28,1,1918.0,68.5,1.39,2.03,8.79,12.83,0.21,0.31,2.32,3.39,8.57,5.61,8.19,0.14,0.21,0.71,1.04,29.61,13.86,23.32,14.93,2.04,3.51,7.39,10.79
1230,Eredivisie (NL),12447,Jeff Reine-Adélaïde,J. Reine-Adélaïde,1998-01-17,34.42,8.2,7.52,1,1,0,11.0,11.0,0.0,0.0,1.0,9.09,0.0,0.0,1.0,9.09,1.0,0.0,0.0,0.0,0.0,0.0,0.0,4.0,3.0,6.0,1.0,1.0,9.09,0.0,0.0
1230,Eredivisie (NL),12532,Vasilios Barkas,V. Barkas,1994-05-30,97.03,25.83,29.57,35,34,1,0.0,0.0,0.0,,0.0,,0.0,,0.0,,0.0,0.0,,0.0,,0.0,,0.0,0.0,0.0,0.0,0.0,,0.0,
1230,Eredivisie (NL),12652,Mauro Jaqueson Júnior Pereira dos Santos,Mauro Júnior,1999-05-06,85.41,29.96,20.4,26,26,0,983.0,37.81,2.46,6.51,6.31,16.68,0.58,1.53,1.0,2.65,5.54,2.23,5.9,0.38,1.02,0.58,1.53,11.54,6.42,11.12,12.08,2.46,7.47,2.69,7.12
1230,Eredivisie (NL),12684,Armando Obispo,A. Obispo,1999-03-05,53.61,18.93,11.77,17,16,1,134.0,8.38,0.44,5.22,1.94,23.14,0.06,0.75,0.06,0.75,1.38,0.25,2.98,0.31,3.73,0.25,2.99,1.25,1.06,1.81,5.06,0.75,9.87,0.12,1.49
1230,Eredivisie (NL),13177,Houboulang Mendes,Houboulang Mendes,1998-05-04,20.12,4.62,5.54,6,6,0,45.0,7.5,0.17,2.22,0.33,4.44,0.17,2.22,0.33,4.44,1.5,0.83,11.11,0.17,2.22,0.0,0.0,1.0,1.17,2.33,2.83,0.5,8.29,0.17,2.22
1230,Eredivisie (NL),13487,Kaj Sierhuis,K. Sierhuis,1998-04-27,70.58,17.05,21.49,30,30,0,936.0,31.2,0.3,0.96,4.03,12.93,0.03,0.11,0.67,2.14,6.43,1.57,5.02,0.0,0.0,0.03,0.11,14.37,3.6,9.27,2.13,0.17,0.95,2.83,9.08
1230,Eredivisie (NL),13503,Philippe Sandler,P. Sandler,1997-02-10,79.59,25.5,17.57,25,22,3,355.0,16.14,0.77,4.79,3.41,21.13,0.09,0.56,0.64,3.94,3.36,0.45,2.82,0.73,4.51,0.68,4.23,3.73,2.09,3.5,7.32,1.09,6.98,0.23,1.41
1230,Eredivisie (NL),13525,Jordan Lotomba,J. Lotomba,1998-09-29,52.09,14.9,13.98,20,19,1,280.0,14.74,0.47,3.21,2.68,18.21,0.21,1.43,0.79,5.36,2.37,0.89,6.07,0.37,2.5,0.79,5.36,2.89,1.37,3.68,6.0,1.11,8.44,0.58,3.93
1230,Eredivisie (NL),14268,Ajdin Hrustić,A. Hrustić,1996-07-05,89.37,21.44,25.44,27,27,0,1614.0,59.78,1.48,2.48,7.96,13.32,0.52,0.87,2.33,3.9,7.78,4.74,7.93,0.19,0.31,0.63,1.05,22.04,11.89,19.89,14.59,1.26,2.73,6.59,11.03
1230,Eredivisie (NL),14295,Mohamed Hamdaoui,M. Hamdaoui,1993-06-10,15.81,3.84,3.58,7,7,0,55.0,7.86,0.29,3.64,1.86,23.64,0.14,1.82,0.0,0.0,0.57,0.14,1.82,0.14,1.82,0.29,3.64,1.14,1.86,2.57,2.43,0.43,7.18,0.86,10.91
1230,Eredivisie (NL),14296,Sherel Constancio Floranus,S. Floranus,1998-08-23,93.35,23.4,29.57,32,30,2,979.0,32.63,0.97,2.96,5.67,17.36,0.6,1.84,1.77,5.41,5.57,1.87,5.72,0.8,2.45,1.43,4.39,6.4,4.83,8.57,15.6,2.9,10.0,1.57,4.8
1230,Eredivisie (NL),14299,Sam Lammers,S. Lammers,1997-04-30,64.97,20.32,17.32,24,24,0,941.0,39.21,0.25,0.64,5.58,14.24,0.12,0.32,1.12,2.87,8.42,4.12,10.52,0.04,0.11,0.08,0.21,21.79,8.38,13.5,1.96,0.21,1.25,4.88,12.43
1230,Eredivisie (NL),14300,Mitchell van Bergen,M. van Bergen,1999-08-27,85.65,23.65,25.61,28,28,0,1262.0,45.07,0.46,1.03,4.86,10.78,0.39,0.87,2.32,5.15,9.39,4.39,9.75,0.21,0.48,0.75,1.66,17.86,8.96,17.18,8.04,0.61,1.76,5.04,11.17
1230,Eredivisie (NL),14310,Jizz Hornkamp,J. Hornkamp,1998-03-07,65.55,16.19,19.29,22,22,0,622.0,28.27,0.45,1.61,3.45,12.22,0.09,0.32,0.59,2.09,6.09,2.14,7.56,0.0,0.0,0.0,0.0,14.41,3.32,9.23,2.55,0.27,2.55,3.36,11.9
1230,Eredivisie (NL),14316,Guus Til,G. Til,1997-12-22,82.38,28.82,19.77,29,28,1,1199.0,42.82,0.43,1.0,5.39,12.59,0.14,0.33,1.29,3.0,8.64,3.61,8.42,0.11,0.25,0.07,0.17,22.93,7.32,16.71,4.68,0.64,2.4,5.14,12.01
1230,Eredivisie (NL),14318,Owen Wijndal,O. Wijndal,1999-11-28,77.88,24.76,20.21,18,17,1,348.0,20.47,0.59,2.87,3.29,16.09,0.29,1.44,1.29,6.32,2.12,1.41,6.9,0.24,1.15,0.71,3.45,4.41,2.82,6.82,8.06,1.53,8.37,1.06,5.17
1230,Eredivisie (NL),14321,Joris Kramer,J. Kramer,1996-08-02,95.7,27.41,27.3,34,33,1,566.0,17.15,0.94,5.48,3.67,21.38,0.24,1.41,0.55,3.18,2.42,0.45,2.65,0.55,3.18,0.67,3.89,3.76,1.82,3.79,9.18,1.33,8.25,0.3,1.77
1230,Eredivisie (NL),14322,Myron Boadu,M. Boadu,2001-01-14,28.68,9.83,6.52,13,12,1,116.0,9.67,0.25,2.59,1.58,16.38,0.08,0.86,0.5,5.17,3.08,0.83,8.62,0.0,0.0,0.08,0.86,4.42,2.08,2.92,1.42,0.17,7.84,0.58,6.03
1230,Eredivisie (NL),14325,Jasper Schendelaar,J. Schendelaar,2000-09-02,97.8,23.78,29.52,2,2,0,0.0,0.0,0.0,,0.0,,0.0,,0.0,,0.0,0.0,,0.0,,0.0,,0.0,0.0,0.0,0.0,0.0,,0.0,
1230,Eredivisie (NL),14329,Kenzo Goudmijn,K. Goudmijn,2001-12-18,50.64,16.05,14.24,16,16,0,403.0,25.19,0.44,1.74,3.44,13.65,0.19,0.74,0.81,3.23,5.0,2.06,8.19,0.12,0.5,0.44,1.74,9.69,3.75,7.12,5.5,0.5,3.21,3.12,12.41
1230,Eredivisie (NL),14346,Sydney van Hooijdonk,S. van Hooijdonk,2000-02-06,71.34,18.96,20.79,18,18,0,617.0,34.28,0.39,1.13,4.0,11.67,0.06,0.16,1.33,3.89,7.28,2.83,8.27,0.0,0.0,0.11,0.32,16.89,3.72,11.06,2.39,0.17,0.4,4.33,12.64
1230,Eredivisie (NL),14369,Mattijs Branderhorst,M. Branderhorst,1993-12-31,98.29,23.86,27.97,24,24,0,0.0,0.0,0.0,,0.0,,0.0,,0.0,,0.0,0.0,,0.0,,0.0,,0.0,0.0,0.0,0.0,0.0,,0.0,
1230,Eredivisie (NL),14384,Thomas Buitink,T. Buitink,2000-06-14,21.28,4.44,5.56,8,7,1,94.0,13.43,0.0,0.0,3.0,22.34,0.0,0.0,0.71,5.32,4.29,1.14,8.51,0.0,0.0,0.0,0.0,6.29,3.14,4.86,1.71,0.0,0.0,1.29,9.58
1230,Eredivisie (NL),14403,Calvin Verdonk,C. Verdonk,1997-04-26,99.49,33.37,19.56,4,3,1,58.0,19.33,1.33,6.9,5.0,25.86,0.67,3.45,1.0,5.17,3.67,1.33,6.9,0.33,1.72,1.67,8.62,3.0,2.0,4.0,5.67,0.67,3.64,0.33,1.73
1230,Eredivisie (NL),14405,Dylan Vente,D. Vente,1999-05-09,78.67,23.16,20.97,30,29,1,1198.0,41.31,0.24,0.58,5.38,13.02,0.38,0.92,1.76,4.26,8.31,3.28,7.93,0.03,0.08,0.03,0.08,22.97,6.52,16.17,3.34,0.45,1.95,5.14,12.44
1230,Eredivisie (NL),14420,Finn Stokkers,F. Stokkers,1996-04-18,19.68,5.26,4.61,19,19,0,165.0,8.68,0.21,2.42,1.42,16.36,0.0,0.0,0.11,1.21,2.42,0.47,5.46,0.05,0.61,0.16,1.82,3.79,1.32,2.84,1.89,0.11,0.69,0.89,10.3
1230,Eredivisie (NL),14432,Odysseus Velanas,O. Velanas,1998-06-05,55.35,14.5,17.01,13,12,1,333.0,27.75,0.83,3.0,3.58,12.91,0.17,0.6,1.0,3.6,6.17,1.83,6.61,0.0,0.0,0.5,1.8,9.25,4.58,8.67,6.17,0.67,2.47,2.33,8.41
1230,Eredivisie (NL),14440,Maarten Paes,M. Paes,1998-05-14,100.04,31.79,28.05,13,12,1,0.0,0.0,0.0,,0.0,,0.0,,0.0,,0.0,0.0,,0.0,,0.0,,0.0,0.0,0.0,0.0,0.0,,0.0,
1230,Eredivisie (NL),14477,Vito van Crooij,V. van Crooij,1996-01-29,65.48,18.9,18.19,17,15,2,560.0,37.33,0.87,2.32,4.8,12.86,0.0,0.0,1.2,3.21,7.67,3.0,8.03,0.13,0.36,0.47,1.25,14.2,6.73,10.4,8.0,0.47,1.56,4.93,13.22
1230,Eredivisie (NL),14478,Clint Leemans,C. Leemans,1995-09-15,49.24,13.93,13.04,31,31,0,550.0,17.74,0.58,3.27,3.0,16.91,0.06,0.36,0.65,3.64,1.52,1.06,6.0,0.13,0.73,0.19,1.09,5.1,2.52,5.52,5.52,1.29,10.02,1.26,7.09
1230,Eredivisie (NL),14483,Thomas van den Belt,T. van den Belt,2001-06-18,71.83,21.91,20.07,31,31,0,905.0,29.19,0.87,2.98,4.48,15.36,0.23,0.77,0.97,3.32,2.94,2.03,6.96,0.16,0.55,0.35,1.22,8.29,4.03,9.87,8.52,1.0,3.84,2.39,8.18
1230,Eredivisie (NL),14498,Michael Brouwer,M. Brouwer,1993-01-21,75.84,21.48,19.37,2,2,0,0.0,0.0,0.0,,0.0,,0.0,,0.0,,0.0,0.0,,0.0,,0.0,,0.0,0.0,0.0,0.0,0.0,,0.0,
1230,Eredivisie (NL),14515,Delano van Crooij,D. van Crooij,1991-06-05,97.16,26.02,27.02,1,1,0,46.0,46.0,0.0,0.0,5.0,10.87,0.0,0.0,2.0,4.35,8.0,3.0,6.52,0.0,0.0,0.0,0.0,17.0,8.0,14.0,9.0,0.0,0.0,8.0,17.39
1230,Eredivisie (NL),14520,Evert Linthorst,E. Linthorst,2000-03-03,55.7,15.47,15.98,29,28,1,560.0,20.0,0.82,4.11,2.96,14.82,0.29,1.43,0.5,2.5,2.29,0.57,2.86,0.21,1.07,0.46,2.32,4.75,2.93,4.29,8.93,1.29,6.86,1.07,5.36
1230,Eredivisie (NL),14524,Simon Janssen,S. Janssen,2000-09-25,44.57,12.35,13.67,12,11,1,200.0,18.18,0.09,0.5,3.55,19.5,0.45,2.5,0.73,4.0,1.73,1.36,7.5,0.36,2.0,0.73,4.0,4.27,2.73,7.18,6.82,0.55,2.95,0.64,3.5
1230,Eredivisie (NL),14525,Sem  Steijn,S. Steijn,2001-11-12,56.6,17.54,14.56,21,21,0,608.0,28.95,0.38,1.32,3.76,12.99,0.19,0.66,0.95,3.29,4.29,2.95,10.2,0.05,0.16,0.38,1.32,12.67,4.86,9.52,3.67,0.48,2.91,3.05,10.53
1230,Eredivisie (NL),14580,Jari De Busser,J. De Busser,1999-10-21,97.26,27.72,27.79,34,33,1,0.0,0.0,0.0,,0.0,,0.0,,0.0,,0.0,0.0,,0.0,,0.0,,0.0,0.0,0.0,0.0,0.0,,0.0,
1230,Eredivisie (NL),14601,Takehiro Tomiyasu,T. Tomiyasu,1998-11-05,31.43,9.39,9.34,9,8,1,90.0,11.25,0.62,5.56,2.12,18.89,0.0,0.0,0.5,4.44,1.25,0.62,5.56,0.25,2.22,0.62,5.55,2.25,2.25,2.25,4.75,0.5,5.13,0.62,5.56
1230,Eredivisie (NL),14919,Cyle Christopher Larin,C. Larin,1995-04-17,23.85,7.0,5.76,8,8,0,102.0,12.75,0.12,0.98,1.88,14.71,0.0,0.0,0.0,0.0,2.5,0.75,5.88,0.0,0.0,0.0,0.0,4.75,3.0,4.12,2.62,0.38,9.87,1.12,8.82
1230,Eredivisie (NL),16481,Ibrahim Sadiq,I. Sadiq,2000-05-07,35.75,10.87,9.17,20,20,0,351.0,17.55,0.7,3.99,2.5,14.25,0.0,0.0,0.3,1.71,4.25,1.5,8.55,0.15,0.85,0.4,2.28,7.5,3.05,5.9,3.1,0.45,2.53,1.5,8.55
1230,Eredivisie (NL),16552,Darko Nejašmić,D. Nejašmić,1999-01-25,90.95,27.76,20.2,29,26,3,817.0,31.42,1.46,4.65,7.15,22.77,0.65,2.08,0.96,3.06,5.19,1.04,3.3,0.54,1.71,1.08,3.43,8.62,4.62,7.88,10.42,2.19,7.73,1.08,3.43
1230,Eredivisie (NL),16666,Gernot Trauner,G. Trauner,1992-03-25,59.32,16.21,19.08,5,5,0,82.0,16.4,0.4,2.44,4.4,26.83,0.0,0.0,0.8,4.88,2.4,0.4,2.44,0.2,1.22,0.2,1.22,5.0,1.6,4.4,8.6,2.8,17.49,0.4,2.44
1230,Eredivisie (NL),16997,Paweł Bochniewicz,P. Bochniewicz,1996-01-30,10.2,2.65,1.67,1,1,0,3.0,3.0,0.0,0.0,1.0,33.33,0.0,0.0,1.0,33.33,1.0,0.0,0.0,0.0,0.0,0.0,0.0,0.0,0.0,1.0,1.0,0.0,0.0,0.0,0.0
1230,Eredivisie (NL),17018,Daniel Bielica,D. Bielica,1999-04-30,98.18,26.11,27.32,33,32,1,0.0,0.0,0.0,,0.0,,0.0,,0.0,,0.0,0.0,,0.0,,0.0,,0.0,0.0,0.0,0.0,0.0,,0.0,
1230,Eredivisie (NL),17116,Dennis Man,D. Man,1998-08-26,63.33,21.93,14.81,25,25,0,600.0,24.0,0.92,3.83,3.28,13.67,0.24,1.0,0.8,3.33,4.52,1.56,6.5,0.04,0.17,0.12,0.5,8.4,3.88,7.64,4.64,0.76,3.31,1.92,8.0
1230,Eredivisie (NL),17462,Elazar Dasa,E. Dasa,1992-12-03,91.09,28.48,19.86,22,22,0,453.0,20.59,0.82,3.97,3.68,17.88,0.41,1.99,0.77,3.75,2.27,0.68,3.31,0.27,1.32,0.95,4.64,4.41,1.86,5.77,7.59,1.23,6.46,1.0,4.86
1230,Eredivisie (NL),17674,Enes Mahmutovic,E. Mahmutovic,1997-05-22,51.79,11.76,15.48,15,14,1,138.0,9.86,0.21,2.17,1.71,17.39,0.36,3.62,0.43,4.35,1.43,0.14,1.45,0.64,6.52,0.43,4.35,1.21,0.93,2.0,7.0,1.71,18.26,0.21,2.17
1230,Eredivisie (NL),18767,Pelle Clement,P. Clement,1996-05-19,66.34,17.0,21.23,25,25,0,942.0,37.68,1.12,2.97,4.52,12.0,0.24,0.64,0.76,2.02,3.6,1.84,4.88,0.32,0.85,0.52,1.38,9.92,6.32,14.0,12.96,1.92,5.19,3.76,9.98
1230,Eredivisie (NL),18872,Steven Benda,S. Benda,1998-10-01,100.78,34.18,14.3,1,1,0,0.0,0.0,0.0,,0.0,,0.0,,0.0,,0.0,0.0,,0.0,,0.0,,0.0,0.0,0.0,0.0,0.0,,0.0,
1230,Eredivisie (NL),19021,Siebe Horemans,S. Horemans,1998-06-02,70.25,18.58,20.87,29,28,1,513.0,18.32,0.61,3.31,3.07,16.76,0.36,1.95,1.25,6.82,2.57,1.04,5.65,0.29,1.56,0.82,4.48,3.46,2.14,4.93,9.0,1.36,8.12,0.71,3.9
1230,Eredivisie (NL),19024,Jerdy Schouten,J. Schouten,1997-01-12,90.42,32.22,20.45,28,27,1,613.0,22.7,1.11,4.89,5.04,22.19,0.37,1.63,0.85,3.75,3.3,0.89,3.92,0.37,1.63,0.67,2.94,4.74,2.33,5.19,9.78,2.11,10.16,1.07,4.73
1230,Eredivisie (NL),19212,Gerrit Nauber,G. Nauber,1992-04-13,97.94,29.16,26.22,9,9,0,107.0,11.89,0.33,2.8,2.0,16.82,0.0,0.0,0.33,2.8,1.89,0.11,0.93,0.89,7.48,0.44,3.74,2.44,1.11,2.33,7.11,0.44,4.44,0.33,2.8
1230,Eredivisie (NL),19906,Andries Noppert,A. Noppert,1994-04-07,103.63,29.14,25.66,4,4,0,0.0,0.0,0.0,,0.0,,0.0,,0.0,,0.0,0.0,,0.0,,0.0,,0.0,0.0,0.0,0.0,0.0,,0.0,
1230,Eredivisie (NL),20103,Iván Márquez Álvarez,Iván Márquez,1994-06-09,85.2,19.96,25.58,32,32,0,446.0,13.94,0.44,3.14,3.78,27.13,0.25,1.79,0.59,4.26,1.88,0.34,2.47,1.03,7.4,0.47,3.36,1.53,1.0,3.0,8.97,1.94,14.06,0.16,1.12
1230,Eredivisie (NL),22142,Anel Ahmedhodžić,A. Ahmedhodžić,1999-03-26,91.99,27.32,24.17,26,26,0,372.0,14.31,0.46,3.23,3.65,25.54,0.23,1.61,0.5,3.49,2.27,0.35,2.42,0.46,3.23,0.54,3.76,2.54,1.54,3.23,7.77,1.46,10.55,0.23,1.61
1230,Eredivisie (NL),22254,Arthur Zagré,A. Zagré,2001-10-04,84.45,24.17,24.65,30,27,3,772.0,28.59,1.33,4.66,4.56,15.93,0.48,1.68,1.33,4.66,4.52,2.07,7.25,0.48,1.68,0.63,2.2,6.44,3.63,8.33,10.96,1.78,6.89,1.3,4.53
1230,Eredivisie (NL),23105,Troy Parrott,T. Parrott,2002-02-04,83.94,25.97,23.18,28,28,0,1405.0,50.18,0.89,1.78,8.61,17.15,0.07,0.14,1.79,3.56,11.79,3.75,7.47,0.0,0.0,0.14,0.28,27.39,9.5,18.21,3.82,0.43,1.32,4.89,9.75
1230,Eredivisie (NL),23110,Sergiño Dest,S. Dest,2000-11-03,87.03,30.13,20.5,27,26,1,791.0,30.42,1.58,5.18,5.23,17.19,0.38,1.26,1.38,4.55,4.69,1.62,5.31,0.38,1.26,0.65,2.15,7.04,3.73,8.0,10.04,1.69,6.35,1.15,3.79
1230,Eredivisie (NL),23721,Robert Mühren,R. Mühren,1989-05-18,32.47,8.17,9.13,30,28,2,544.0,19.43,0.32,1.65,2.54,13.05,0.14,0.74,0.71,3.68,2.89,1.36,6.98,0.04,0.18,0.11,0.55,8.46,3.64,6.75,2.96,0.39,2.8,3.14,16.18
1230,Eredivisie (NL),23972,Mohamed Amine Ihattaren,M. Ihattaren,2002-02-12,73.36,17.99,21.42,28,28,0,1241.0,44.32,0.57,1.29,4.82,10.88,0.18,0.4,1.71,3.87,6.5,3.39,7.66,0.0,0.0,0.39,0.89,14.39,7.29,15.43,5.5,0.21,0.57,5.0,11.28
1230,Eredivisie (NL),24162,Ozan Can Kökcü,O. Kökcü,1998-08-18,58.3,15.15,18.22,27,25,2,856.0,34.24,0.72,2.1,4.48,13.08,0.24,0.7,0.88,2.57,3.88,3.12,9.11,0.28,0.82,0.56,1.64,10.64,5.64,13.52,7.16,0.84,3.63,3.92,11.45
1230,Eredivisie (NL),24221,Ivan Mesík,I. Mesík,2001-06-01,94.76,22.12,27.85,30,30,0,729.0,24.3,0.7,2.88,3.6,14.81,0.33,1.37,1.33,5.49,3.47,1.3,5.35,0.43,1.78,0.73,3.02,5.43,3.0,8.9,10.4,1.7,7.78,1.2,4.94
1230,Eredivisie (NL),24470,Matěj Kovář,M. Kovář,2000-05-17,97.15,33.58,22.7,31,30,1,0.0,0.0,0.0,,0.0,,0.0,,0.0,,0.0,0.0,,0.0,,0.0,,0.0,0.0,0.0,0.0,0.0,,0.0,
1230,Eredivisie (NL),24559,Jan Žambůrek,J. Žambůrek,2001-02-13,70.06,17.14,20.9,26,26,0,939.0,36.12,1.08,2.98,5.58,15.44,0.31,0.85,1.04,2.88,4.15,1.54,4.26,0.12,0.32,0.62,1.7,9.23,6.0,10.31,14.08,2.38,7.89,2.23,6.18
1230,Eredivisie (NL),24674,Maxence Rivera,M. Rivera,2002-05-30,72.75,21.36,20.75,29,29,0,1370.0,47.24,0.76,1.61,5.55,11.75,0.31,0.66,1.1,2.34,8.21,4.93,10.44,0.21,0.44,0.66,1.39,21.48,9.17,18.86,6.76,0.52,1.28,5.86,12.41
1230,Eredivisie (NL),24874,Danilo Pereira da Silva,Danilo,1999-04-07,32.61,10.95,5.43,11,9,2,92.0,10.22,0.22,2.17,2.78,27.17,0.0,0.0,0.22,2.17,3.11,0.44,4.35,0.0,0.0,0.0,0.0,3.11,1.44,3.67,1.33,0.33,3.7,0.33,3.26
1230,Eredivisie (NL),24875,Etienne Vaessen,E. Vaessen,1995-07-26,94.12,26.75,25.84,28,27,1,0.0,0.0,0.0,,0.0,,0.0,,0.0,,0.0,0.0,,0.0,,0.0,,0.0,0.0,0.0,0.0,0.0,,0.0,
1230,Eredivisie (NL),24880,Emil Hansson,E. Hansson,1998-06-15,52.6,16.37,15.63,12,10,2,348.0,34.8,0.5,1.44,5.4,15.52,0.0,0.0,0.9,2.58,6.0,4.8,13.79,0.0,0.0,0.9,2.59,11.7,7.8,11.4,5.8,0.4,1.41,4.3,12.36
1230,Eredivisie (NL),24885,Melle Meulensteen,M. Meulensteen,1999-07-04,88.92,25.6,25.6,34,33,1,1083.0,32.82,1.24,3.79,5.09,15.51,0.45,1.38,1.12,3.42,4.67,1.18,3.6,0.42,1.29,0.7,2.12,7.61,4.73,9.73,15.64,2.27,7.54,2.33,7.11
1230,Eredivisie (NL),24888,Saïd Riad  Bakari,S. Bakari,1994-09-22,36.45,9.44,11.45,13,13,0,206.0,15.85,0.69,4.37,2.23,14.08,0.31,1.94,0.46,2.91,2.15,0.77,4.85,0.15,0.97,0.92,5.82,2.23,2.46,4.46,6.54,1.38,11.47,0.85,5.34
1230,Eredivisie (NL),24893,Youri Pieter Regeer,Y. Regeer,2003-08-18,69.72,22.8,18.79,26,25,1,764.0,30.56,1.4,4.58,4.84,15.84,0.2,0.65,0.84,2.75,5.88,1.64,5.37,0.2,0.65,0.76,2.49,9.08,6.12,8.32,9.32,1.76,7.01,2.6,8.51
1230,Eredivisie (NL),24911,Ko Itakura,K. Itakura,1997-01-27,78.51,23.98,22.09,18,18,0,249.0,13.83,0.78,5.62,3.06,22.09,0.33,2.41,0.39,2.81,2.11,0.22,1.61,0.33,2.41,0.28,2.01,2.5,1.0,3.17,7.83,2.17,16.26,0.67,4.82
1230,Eredivisie (NL),25016,Fabian de Keijzer,F. de Keijzer,2000-05-10,97.34,22.49,29.94,8,8,0,0.0,0.0,0.0,,0.0,,0.0,,0.0,,0.0,0.0,,0.0,,0.0,,0.0,0.0,0.0,0.0,0.0,,0.0,
1230,Eredivisie (NL),25017,Justin Lonwijk,J. Lonwijk,1999-12-21,63.97,16.03,18.44,15,15,0,631.0,42.07,0.6,1.43,5.27,12.52,0.27,0.63,0.67,1.58,7.13,3.2,7.61,0.0,0.0,0.67,1.58,12.87,9.73,11.33,8.93,0.93,2.83,4.87,11.57
1230,Eredivisie (NL),25077,Jakub Moder,J. Moder,1999-04-07,87.35,24.3,22.93,10,9,1,425.0,47.22,0.89,1.88,8.11,17.18,0.11,0.23,1.67,3.53,6.78,2.89,6.12,0.0,0.0,0.56,1.17,15.78,9.22,13.67,6.44,0.67,1.81,3.89,8.23
1230,Eredivisie (NL),25342,Shawn Femi Adewoye,S. Adewoye,2000-06-29,78.27,18.2,23.4,28,28,0,583.0,20.82,0.93,4.46,4.25,20.41,0.39,1.89,1.0,4.8,3.18,0.5,2.4,0.75,3.6,0.64,3.09,2.57,2.96,4.21,12.11,2.79,13.69,0.54,2.57
1230,Eredivisie (NL),25347,Matisse  Didden,M. Didden,2001-10-08,87.67,23.22,27.07,24,23,1,392.0,17.04,0.91,5.36,3.17,18.62,0.22,1.28,0.7,4.08,2.3,0.22,1.28,0.65,3.83,0.7,4.08,2.52,1.74,4.22,10.17,2.39,14.91,0.57,3.32
1230,Eredivisie (NL),25348,Luca Oyen,L. Oyen,2003-03-14,37.4,11.78,11.09,15,14,1,395.0,28.21,0.43,1.52,2.93,10.38,0.07,0.25,0.64,2.28,3.14,2.57,9.11,0.0,0.0,0.29,1.01,9.21,7.21,9.57,6.36,0.29,1.19,3.0,10.63
1230,Eredivisie (NL),25429,In-Beom Hwang,Hwang In-Beom,1996-09-20,62.93,18.72,17.35,17,16,1,458.0,28.62,1.38,4.8,4.38,15.28,0.31,1.09,1.19,4.15,4.56,1.5,5.24,0.31,1.09,0.38,1.31,8.38,4.62,6.94,7.5,1.25,5.17,2.56,8.95
1230,Eredivisie (NL),25517,Henk Veerman,H. Veerman,1991-02-26,73.86,19.08,23.08,23,22,1,543.0,24.68,0.14,0.55,2.23,9.02,0.05,0.18,0.64,2.58,2.14,1.18,4.79,0.09,0.37,0.18,0.74,13.14,2.09,9.55,2.64,0.09,0.63,2.82,11.42
1230,Eredivisie (NL),25548,Marco Rente,M. Rente,1997-02-25,83.92,23.24,24.14,29,28,1,566.0,20.21,0.64,3.18,3.21,15.9,0.29,1.41,1.21,6.01,3.11,1.0,4.95,0.39,1.94,0.82,4.06,4.39,2.18,4.25,7.79,1.68,9.48,0.68,3.36
1230,Eredivisie (NL),25550,Can Bozdogan,C. Bozdogan,2001-04-05,28.8,8.32,7.62,18,17,1,271.0,15.94,0.47,2.95,2.59,16.24,0.12,0.74,0.41,2.58,2.41,0.76,4.8,0.24,1.48,0.41,2.58,4.41,3.24,3.94,6.29,1.06,9.06,1.41,8.86
1230,Eredivisie (NL),25616,Gonzalo Alejandro Crettaz,G. Crettaz,2000-02-28,99.86,31.25,21.51,31,28,3,0.0,0.0,0.0,,0.0,,0.0,,0.0,,0.0,0.0,,0.0,,0.0,,0.0,0.0,0.0,0.0,0.0,,0.0,
1230,Eredivisie (NL),26218,Yassin Oukili,Y. Oukili,2001-01-03,41.3,9.59,12.14,13,13,0,348.0,26.77,0.69,2.59,3.38,12.64,0.38,1.44,0.77,2.87,1.77,1.77,6.61,0.15,0.57,0.23,0.86,8.15,4.69,6.92,7.38,1.08,5.46,2.46,9.19
1230,Eredivisie (NL),26632,Luuk Koopmans,L. Koopmans,1993-11-18,98.25,23.26,30.57,10,10,0,0.0,0.0,0.0,,0.0,,0.0,,0.0,,0.0,0.0,,0.0,,0.0,,0.0,0.0,0.0,0.0,0.0,,0.0,
1230,Eredivisie (NL),26635,Bilal  Ould-Chikh,B. Ould-Chikh,1997-07-28,81.41,21.57,22.57,12,11,1,353.0,32.09,1.0,3.12,3.27,10.2,0.27,0.85,1.55,4.81,6.64,3.55,11.05,0.18,0.57,0.55,1.7,10.27,5.36,12.55,5.91,0.73,2.58,2.64,8.21
1230,Eredivisie (NL),26639,Boy Kemper,B. Kemper,1999-06-21,95.82,25.38,26.55,32,31,1,941.0,30.35,1.58,5.21,5.26,17.32,0.19,0.64,1.48,4.89,3.77,1.81,5.95,0.29,0.96,0.9,2.98,7.87,4.42,10.58,9.58,1.71,7.01,1.71,5.63
1230,Eredivisie (NL),26758,Sam Kersten,S. Kersten,1998-01-30,82.68,23.6,23.4,31,30,1,354.0,11.8,0.8,6.78,3.13,26.55,0.33,2.82,0.57,4.8,2.7,0.2,1.69,0.47,3.96,0.47,3.95,2.07,0.53,2.1,7.33,2.17,18.33,0.1,0.85
1230,Eredivisie (NL),26778,Joey  Veerman,J. Veerman,1998-11-19,83.96,29.8,19.78,30,29,1,1181.0,40.72,1.69,4.15,6.1,14.99,0.28,0.68,1.14,2.79,5.21,2.9,7.11,0.14,0.34,0.79,1.95,15.28,7.62,12.76,11.45,1.86,5.37,3.86,9.48
1230,Eredivisie (NL),26860,Tsuyoshi Watanabe,T. Watanabe,1997-02-05,96.22,27.88,25.4,30,30,0,458.0,15.27,0.33,2.18,3.53,23.14,0.17,1.09,0.27,1.75,2.4,0.47,3.06,0.57,3.71,0.57,3.71,3.27,1.33,2.83,7.37,1.7,12.25,0.4,2.62
1230,Eredivisie (NL),26886,Ayase Ueda,A. Ueda,1998-08-28,86.93,25.19,23.33,31,30,1,1535.0,51.17,0.3,0.59,7.8,15.24,0.07,0.13,1.63,3.19,13.87,4.13,8.08,0.03,0.07,0.1,0.2,30.97,8.57,17.37,2.63,0.2,0.66,6.0,11.73
1230,Eredivisie (NL),27121,Ricardo Daniel Pepi,R. Pepi,2003-01-09,57.78,20.15,13.5,26,25,1,594.0,23.76,0.32,1.35,4.2,17.67,0.12,0.51,0.84,3.54,6.0,1.48,6.23,0.04,0.17,0.04,0.17,11.64,3.12,7.6,2.32,0.32,2.94,2.08,8.76
1230,Eredivisie (NL),27365,Søren Tengstedt,S. Tengstedt,2000-06-30,53.84,15.15,15.9,13,12,1,326.0,27.17,0.42,1.53,4.0,14.72,0.0,0.0,1.08,3.99,3.0,2.08,7.67,0.25,0.92,0.33,1.23,10.17,4.58,10.17,4.58,0.42,1.6,2.58,9.51
1230,Eredivisie (NL),27465,Simon Graves Jensen,S. Graves,1999-05-22,90.38,22.15,28.53,32,30,2,439.0,14.63,0.73,5.01,2.87,19.59,0.33,2.28,0.5,3.42,2.17,0.33,2.28,1.0,6.83,0.4,2.73,2.6,0.63,2.33,10.0,2.33,16.37,0.27,1.82
1230,Eredivisie (NL),27677,Dylan Mbayo,D. Mbayo,2001-10-11,39.05,9.57,12.01,14,13,1,238.0,18.31,0.15,0.84,1.77,9.66,0.08,0.42,0.69,3.78,4.0,2.23,12.19,0.23,1.26,0.15,0.84,4.62,2.92,6.46,4.85,0.23,0.81,2.15,11.77
1230,Eredivisie (NL),27690,Alec Van Hoorenbeeck,A. Van Hoorenbeeck,1998-12-30,97.84,23.5,28.39,24,24,0,436.0,18.17,0.96,5.28,3.0,16.51,0.38,2.06,0.5,2.75,3.17,0.54,2.98,0.92,5.05,0.62,3.44,3.71,2.0,4.33,10.33,2.21,13.11,0.21,1.15
1230,Eredivisie (NL),27770,Leo Greiml,L. Greiml,2001-07-03,88.43,22.9,24.17,14,14,0,235.0,16.79,1.29,7.66,3.14,18.72,0.43,2.55,0.71,4.26,2.5,0.5,2.98,0.71,4.26,0.64,3.83,3.21,1.64,3.43,9.71,2.86,17.46,0.21,1.28
1230,Eredivisie (NL),28094,Oscar Pettersson,O. Pettersson,2000-02-01,36.22,9.42,8.97,5,5,0,94.0,18.8,0.0,0.0,2.8,14.89,0.0,0.0,1.6,8.51,4.0,0.8,4.25,0.2,1.06,0.6,3.19,3.4,4.4,5.4,8.6,0.2,0.7,1.8,9.58
1230,Eredivisie (NL),28137,Jesper Karlsson,J. Karlsson,1998-07-25,44.01,11.59,14.07,18,17,1,444.0,26.12,0.41,1.58,2.53,9.69,0.29,1.13,0.47,1.8,3.82,1.88,7.21,0.24,0.9,0.71,2.7,9.12,5.53,8.12,6.06,0.53,2.31,3.71,14.19
1230,Eredivisie (NL),28597,Raúl Moro Prescoli,Raúl Moro,2002-12-05,44.95,14.23,11.74,14,14,0,299.0,21.36,0.43,2.01,2.21,10.37,0.07,0.33,0.86,4.01,4.36,2.57,12.04,0.07,0.33,0.43,2.01,8.36,3.64,7.71,3.29,0.21,1.4,2.71,12.71
1230,Eredivisie (NL),28865,Jakob Breum Martinsen,J. Breum,2003-11-17,76.97,22.02,21.94,28,27,1,1087.0,40.26,0.96,2.39,6.11,15.18,0.22,0.55,1.37,3.4,4.7,3.22,8.0,0.44,1.1,0.44,1.1,13.89,6.04,13.11,12.07,0.81,2.13,3.96,9.84
1230,Eredivisie (NL),29076,Vasilios Zagaritis,V. Zagaritis,2001-05-04,89.93,26.47,25.01,34,33,1,936.0,28.36,0.94,3.31,4.7,16.56,0.52,1.82,1.42,5.02,4.91,1.67,5.88,0.61,2.14,1.27,4.49,7.82,3.06,9.03,10.67,1.45,5.54,1.15,4.06
1230,Eredivisie (NL),29154,Joël Drommel,J. Drommel,1996-11-16,97.56,25.95,29.87,32,32,0,0.0,0.0,0.0,,0.0,,0.0,,0.0,,0.0,0.0,,0.0,,0.0,,0.0,0.0,0.0,0.0,0.0,,0.0,
1230,Eredivisie (NL),29155,Ramiz Zerrouki,R. Zerrouki,1998-05-26,88.62,26.61,23.87,31,31,0,1024.0,33.03,1.32,4.0,6.13,18.55,0.32,0.98,0.74,2.25,4.94,1.71,5.18,0.26,0.78,0.42,1.27,8.87,4.39,9.65,9.58,1.19,4.02,2.32,7.03
1230,Eredivisie (NL),29421,Casper Widell,C. Widell,2003-05-05,97.1,27.52,28.59,33,30,3,426.0,14.2,0.7,4.93,3.0,21.13,0.47,3.29,0.6,4.23,2.27,0.1,0.7,0.77,5.4,0.8,5.63,1.77,1.1,2.23,10.23,2.1,15.84,0.27,1.88
1230,Eredivisie (NL),29922,Bryan Michael Limbombe Ekango,B. Limbombe,2001-05-14,63.87,15.34,19.49,22,22,0,750.0,34.09,0.77,2.27,3.45,10.13,0.14,0.4,1.27,3.73,3.95,2.95,8.67,0.14,0.4,0.59,1.73,10.95,4.73,12.32,8.59,0.55,1.91,3.68,10.8
1230,Eredivisie (NL),29925,Anthony Descotte,A. Descotte,2003-08-03,72.54,18.6,20.72,14,13,1,526.0,40.46,0.62,1.52,4.08,10.08,0.08,0.19,0.85,2.09,5.85,3.46,8.56,0.08,0.19,0.23,0.57,17.77,6.54,14.0,4.46,0.31,0.88,6.77,16.73
1230,Eredivisie (NL),30201,Eliano Reijnders,E. Reijnders,2000-10-23,27.6,3.54,7.44,2,1,1,10.0,10.0,0.0,0.0,0.0,0.0,0.0,0.0,0.0,0.0,1.0,2.0,20.0,0.0,0.0,0.0,0.0,3.0,0.0,6.0,0.0,0.0,,1.0,10.0
1230,Eredivisie (NL),30217,Youssef El Kachati,Y. El Kachati,1999-11-30,32.02,10.3,5.78,19,16,3,174.0,10.88,0.38,3.45,1.62,14.94,0.12,1.15,0.81,7.47,3.12,0.56,5.17,0.06,0.57,0.0,0.0,4.44,1.25,4.31,0.88,0.12,1.87,0.81,7.47
1230,Eredivisie (NL),30236,Sven Mijnans,S. Mijnans,2000-03-09,83.88,25.77,22.49,30,30,0,1446.0,48.2,0.77,1.59,6.2,12.86,0.5,1.04,1.47,3.04,6.57,3.5,7.26,0.1,0.21,0.37,0.76,20.0,8.73,16.6,7.67,0.67,1.55,4.93,10.24
1230,Eredivisie (NL),30334,Charles-Andreas Brym,C. Brym,1998-08-08,67.55,17.16,19.0,24,24,0,931.0,38.79,0.67,1.72,5.0,12.89,0.21,0.54,1.96,5.05,6.04,3.5,9.02,0.08,0.21,0.46,1.18,13.33,6.25,14.58,6.92,0.62,2.61,3.33,8.59
1230,Eredivisie (NL),30785,Szymon Włodarczyk,S. Włodarczyk,2003-01-05,39.68,10.58,11.05,22,20,2,572.0,28.6,0.25,0.87,3.55,12.41,0.3,1.05,1.15,4.02,8.75,2.05,7.17,0.05,0.17,0.4,1.4,14.8,5.95,10.75,3.3,0.1,0.94,3.0,10.49
1230,Eredivisie (NL),31230,Shola Shoretire,S. Shoretire,2004-02-02,73.74,18.43,22.25,24,23,1,804.0,34.96,0.91,2.61,4.87,13.93,0.3,0.87,1.22,3.48,6.39,3.09,8.83,0.39,1.12,1.04,2.99,11.57,5.3,11.43,8.57,1.26,4.27,3.17,9.08
1230,Eredivisie (NL),31266,Alfons Sampsted,A. Sampsted,1998-04-06,76.51,19.8,24.31,12,11,1,361.0,32.82,1.36,4.16,3.55,10.8,0.27,0.83,2.36,7.2,3.27,2.64,8.03,0.64,1.94,1.45,4.43,6.55,4.45,9.55,15.27,1.82,6.0,1.55,4.71
1230,Eredivisie (NL),31933,Miguel Rodríguez Vidal,Miguel Rodríguez,2003-04-29,60.55,15.9,18.35,24,24,0,848.0,35.33,0.54,1.53,3.17,8.96,0.42,1.18,1.46,4.13,7.46,3.67,10.38,0.04,0.12,0.58,1.65,13.67,5.71,12.79,5.58,0.62,2.41,5.12,14.51
1230,Eredivisie (NL),32167,Josip Šutalo,J. Šutalo,2000-02-28,80.51,25.84,22.0,24,23,1,274.0,11.91,0.43,3.65,1.65,13.87,0.22,1.82,0.57,4.74,1.7,0.65,5.47,0.26,2.19,0.39,3.28,2.61,1.13,2.96,6.3,1.0,8.99,0.13,1.09
1230,Eredivisie (NL),32257,Jasper Dahlhaus,J. Dahlhaus,2001-11-27,88.45,21.41,25.71,26,26,0,913.0,35.12,1.62,4.6,5.73,16.32,1.35,3.83,2.08,5.91,4.69,1.58,4.49,0.88,2.52,1.58,4.49,6.46,5.0,8.92,16.04,3.08,9.67,1.19,3.4
1230,Eredivisie (NL),32261,Couhaib Driouech,C. Driouech,2002-04-17,37.62,12.52,8.7,29,28,1,419.0,14.96,0.5,3.34,2.39,15.99,0.18,1.19,0.46,3.1,3.57,0.93,6.21,0.11,0.72,0.21,1.43,5.64,3.04,4.79,3.18,0.57,7.2,1.36,9.07
1230,Eredivisie (NL),32381,Kamal Sowah,K. Sowah,2000-01-09,90.76,23.76,25.53,33,32,1,1550.0,48.44,1.28,2.64,7.03,14.52,0.44,0.9,1.41,2.9,8.34,2.97,6.13,0.31,0.65,0.47,0.97,13.91,8.09,13.41,12.75,1.19,3.13,3.94,8.13
1230,Eredivisie (NL),32457,Thibo Baeten,T. Baeten,2002-06-04,44.32,12.08,12.35,20,19,1,430.0,22.63,0.58,2.56,2.74,12.09,0.42,1.86,1.32,5.81,5.89,1.89,8.37,0.11,0.47,0.42,1.86,8.05,4.63,7.95,6.95,0.42,2.3,2.26,10.0
1230,Eredivisie (NL),32482,Vítězslav Jaroš,V. Jaroš,2001-07-23,98.04,32.21,25.51,18,18,0,0.0,0.0,0.0,,0.0,,0.0,,0.0,,0.0,0.0,,0.0,,0.0,,0.0,0.0,0.0,0.0,0.0,,0.0,
1230,Eredivisie (NL),32510,Shurandy Sambo,S. Sambo,2001-08-19,69.41,17.43,22.39,23,23,0,641.0,27.87,1.04,3.74,4.35,15.6,0.61,2.18,1.17,4.21,3.78,1.57,5.62,0.65,2.34,1.65,5.93,6.3,3.09,7.39,11.7,2.04,7.92,1.35,4.84
1230,Eredivisie (NL),32519,Hobie Verhulst,H. Verhulst,1993-04-02,98.26,27.91,23.84,1,1,0,0.0,0.0,0.0,,0.0,,0.0,,0.0,,0.0,0.0,,0.0,,0.0,,0.0,0.0,0.0,0.0,0.0,,0.0,
1230,Eredivisie (NL),32521,Tijs Velthuis,T. Velthuis,2002-01-12,51.64,13.92,14.71,13,12,1,117.0,9.75,0.33,3.42,2.0,20.51,0.17,1.71,0.5,5.13,1.58,0.17,1.71,0.33,3.42,0.42,4.27,1.83,0.83,1.0,6.08,1.17,11.7,0.5,5.13
1230,Eredivisie (NL),33025,Casper Tengstedt,C. Tengstedt,2000-06-01,28.19,8.68,6.7,18,17,1,237.0,13.94,0.06,0.42,2.18,15.61,0.06,0.42,1.0,7.17,3.53,1.18,8.44,0.0,0.0,0.0,0.0,7.71,2.35,4.24,1.24,0.12,0.86,1.53,10.97
1230,Eredivisie (NL),33261,Virgil Misidjan,V. Misidjan,1993-07-24,34.09,10.62,7.09,17,15,2,143.0,9.53,0.33,3.5,1.67,17.48,0.0,0.0,0.47,4.9,1.6,1.0,10.49,0.07,0.7,0.13,1.4,2.93,1.27,3.6,2.0,0.2,3.67,0.33,3.5
1230,Eredivisie (NL),33266,Jannes Wieckhoff,J. Wieckhoff,2000-08-02,48.04,11.61,15.15,19,19,0,377.0,19.84,0.63,3.18,2.84,14.32,0.32,1.59,1.05,5.3,2.84,1.21,6.1,0.42,2.12,0.63,3.18,4.79,2.47,6.05,7.53,0.95,5.76,1.47,7.43
1230,Eredivisie (NL),33276,Sava-Arangel Čestić,S. Čestić,2001-02-19,56.04,12.41,16.01,7,7,0,104.0,14.86,0.29,1.92,1.14,7.69,0.14,0.96,0.57,3.85,1.71,0.29,1.92,0.57,3.85,0.71,4.81,2.29,1.86,3.71,8.29,1.29,10.57,0.29,1.92
1230,Eredivisie (NL),33504,Samir Lagsir,S. Lagsir,2003-05-20,20.39,3.53,5.04,2,2,0,21.0,10.5,0.0,0.0,2.0,19.04,0.0,0.0,0.0,0.0,1.5,1.0,9.52,0.0,0.0,0.0,0.0,2.5,2.0,2.0,4.5,0.5,9.72,0.0,0.0
1230,Eredivisie (NL),33510,Gijs Smal,G. Smal,1997-08-31,56.09,16.29,15.08,17,17,0,265.0,15.59,0.47,3.02,3.76,24.15,0.41,2.64,0.47,3.02,2.12,0.71,4.53,0.35,2.26,0.41,2.64,3.71,2.82,4.24,5.29,1.18,9.9,0.59,3.77
1230,Eredivisie (NL),33512,Kenneth Taylor,K. Taylor,2002-05-16,93.08,30.54,23.59,14,14,0,529.0,37.79,0.79,2.08,5.86,15.5,0.36,0.95,1.29,3.4,5.36,2.57,6.8,0.5,1.32,0.36,0.95,12.57,6.29,12.43,9.79,1.64,5.61,2.86,7.56
1230,Eredivisie (NL),33523,Davy van den Berg ,D. van den Berg,2000-02-04,31.93,8.9,9.95,5,5,0,110.0,22.0,0.6,2.73,2.0,9.09,0.0,0.0,0.8,3.63,3.0,2.8,12.73,0.0,0.0,0.0,0.0,11.6,3.2,8.6,4.0,0.8,15.31,2.4,10.91
1230,Eredivisie (NL),33530,David Min,D. Min,1999-06-23,45.05,12.04,12.82,23,22,1,554.0,25.18,0.45,1.8,3.05,12.09,0.09,0.36,1.0,3.97,4.86,2.18,8.67,0.0,0.0,0.14,0.54,11.68,3.14,8.45,3.14,0.41,2.85,3.14,12.45
1230,Eredivisie (NL),33533,Casper Staring,C. Staring,2001-02-01,22.16,2.53,9.82,2,2,0,22.0,11.0,0.0,0.0,0.5,4.55,0.0,0.0,1.0,9.09,0.5,0.5,4.54,0.0,0.0,0.0,0.0,1.5,1.0,1.0,4.5,0.0,0.0,2.0,18.18
1230,Eredivisie (NL),33978,Ahmetcan Kaplan,A. Kaplan,2003-01-16,90.34,27.0,21.15,25,23,2,451.0,19.61,1.09,5.54,3.78,19.29,0.43,2.22,0.91,4.66,3.35,0.65,3.33,0.83,4.21,1.0,5.1,4.09,2.22,5.52,7.91,2.09,11.53,0.39,2.0
1230,Eredivisie (NL),34068,Ismael Saibari Ben El Basra,I. Saibari,2001-01-28,84.38,29.92,19.32,27,26,1,1017.0,39.12,0.85,2.16,5.77,14.75,0.35,0.88,1.54,3.93,9.35,3.08,7.87,0.19,0.49,0.27,0.69,16.38,6.19,12.81,7.62,0.85,3.2,3.69,9.44
1230,Eredivisie (NL),34069,Mathias Ullereng Kjølø,M. Kjølø,2001-06-27,32.69,9.15,9.3,19,19,0,310.0,16.32,0.58,3.55,2.95,18.07,0.11,0.65,0.63,3.87,1.37,0.95,5.81,0.11,0.65,0.26,1.61,4.84,2.68,5.0,5.79,0.74,6.27,1.63,10.0
1230,Eredivisie (NL),34087,Victor Jensen,V. Jensen,2000-02-08,71.83,18.91,21.15,8,8,0,457.0,57.12,0.5,0.88,7.0,12.25,0.0,0.0,1.75,3.06,14.25,5.38,9.41,0.0,0.0,0.5,0.88,28.5,11.0,19.88,11.12,0.62,1.61,7.0,12.25
1230,Eredivisie (NL),34211,Thijs Oosting,T. Oosting,2000-05-02,81.1,20.58,25.98,34,32,2,1812.0,56.62,1.34,2.37,7.22,12.75,0.28,0.5,1.53,2.7,8.75,4.12,7.28,0.25,0.44,0.56,0.99,20.59,10.12,18.75,14.22,1.66,3.89,7.06,12.47
1230,Eredivisie (NL),34253,Isak Steiner Jensen,I. Jensen,2003-12-23,65.54,19.83,18.36,33,33,0,1169.0,35.42,0.58,1.62,4.33,12.23,0.45,1.28,1.15,3.25,5.09,3.15,8.9,0.09,0.26,0.58,1.63,15.0,6.64,13.03,5.24,0.61,2.9,4.61,13.0
1230,Eredivisie (NL),34371,Daan Rots,D. Rots,2001-07-25,75.62,22.83,20.06,32,32,0,1334.0,41.69,1.12,2.7,6.28,15.07,0.28,0.67,1.44,3.45,8.09,3.28,7.87,0.09,0.22,0.38,0.9,15.62,7.59,13.81,5.62,0.66,2.28,4.66,11.17
1230,Eredivisie (NL),34486,Rober González Bayón,Rober González,2001-01-08,36.62,9.57,8.6,3,2,1,35.0,17.5,0.0,0.0,1.5,8.57,0.0,0.0,1.5,8.57,2.5,1.5,8.57,0.5,2.86,0.5,2.86,4.0,5.0,5.5,6.0,1.0,6.82,0.5,2.86
1230,Eredivisie (NL),34624,Max Bruns,M. Bruns,2002-11-06,68.78,20.42,16.7,13,13,0,138.0,10.62,0.38,3.62,3.0,28.26,0.08,0.72,0.77,7.25,1.54,0.38,3.62,0.23,2.17,0.31,2.9,1.54,1.23,2.08,5.08,0.92,11.12,0.15,1.45
1230,Eredivisie (NL),35170,Peer Koopmeiners,P. Koopmeiners,2000-05-04,79.54,24.1,21.55,29,29,0,951.0,32.79,1.24,3.79,6.07,18.51,0.28,0.84,0.93,2.84,5.24,1.59,4.84,0.24,0.74,0.52,1.58,9.72,5.14,9.59,11.31,2.1,7.66,2.28,6.94
1230,Eredivisie (NL),35871,Syb van Ottele,S. van Ottele,2002-02-02,66.1,15.23,19.84,15,15,0,315.0,21.0,0.93,4.44,5.13,24.44,0.27,1.27,1.13,5.4,2.73,0.6,2.86,0.73,3.49,0.4,1.91,3.13,2.87,4.4,11.4,2.53,14.05,1.2,5.71
1230,Eredivisie (NL),37094,Kiliann Sildillia,K. Sildillia,2002-05-16,65.35,23.23,14.9,21,20,1,413.0,20.65,0.8,3.87,3.8,18.4,0.15,0.73,1.3,6.3,3.65,1.2,5.81,0.55,2.66,1.15,5.57,5.25,2.5,6.2,7.45,0.8,5.12,0.9,4.36
1230,Eredivisie (NL),37354,Noah Ohio,N. Ohio,2003-01-16,23.41,4.43,6.7,2,2,0,25.0,12.5,0.0,0.0,1.5,12.0,0.5,4.0,0.0,0.0,3.5,1.5,12.0,0.0,0.0,0.0,0.0,5.0,2.5,5.5,1.0,0.0,0.0,1.5,12.0
1230,Eredivisie (NL),37917,Oussama Targhalline,O. Targhalline,2002-05-20,81.81,23.27,21.57,25,24,1,868.0,36.17,1.29,3.57,6.88,19.01,0.17,0.46,1.12,3.11,6.67,1.67,4.61,0.38,1.04,0.42,1.15,11.33,6.29,9.29,10.67,1.96,6.17,3.0,8.29
1230,Eredivisie (NL),38007,Denso Kasius,D. Kasius,2002-10-06,76.39,23.32,19.72,17,17,0,372.0,21.88,1.35,6.18,3.53,16.13,0.65,2.96,0.94,4.3,3.06,1.53,6.99,0.18,0.81,0.76,3.49,5.76,2.82,7.06,8.29,1.76,9.37,0.88,4.03
1230,Eredivisie (NL),38009,Alex Plat,A. Plat,1998-02-04,38.76,10.39,11.75,17,16,1,390.0,24.38,1.12,4.62,4.06,16.67,0.19,0.77,0.69,2.82,2.69,1.31,5.38,0.0,0.0,0.62,2.56,6.31,4.25,6.19,8.81,1.31,7.96,2.25,9.23
1230,Eredivisie (NL),38014,Derry Murkin,D. Murkin,1999-07-27,43.41,11.43,14.39,9,9,0,195.0,21.67,0.78,3.59,3.56,16.41,0.22,1.02,0.56,2.56,1.89,2.33,10.77,0.22,1.02,0.33,1.54,7.0,4.0,7.56,6.89,1.22,6.86,1.78,8.2
1230,Eredivisie (NL),38015,Calvin Twigt,C. Twigt,2003-01-30,48.3,13.64,14.22,12,12,0,228.0,19.0,0.67,3.51,3.67,19.3,0.25,1.32,0.67,3.51,3.33,0.83,4.39,0.25,1.31,0.42,2.19,4.5,2.33,5.75,8.17,0.92,4.88,1.92,10.09
1230,Eredivisie (NL),38016,Mike Eerdhuijzen,M. Eerdhuijzen,2000-07-13,46.81,12.76,14.52,11,11,0,102.0,9.27,0.45,4.9,1.82,19.61,0.09,0.98,0.45,4.9,1.45,0.18,1.96,0.27,2.94,0.27,2.94,1.91,0.82,2.82,5.09,1.0,10.77,0.09,0.98
1230,Eredivisie (NL),38019,Nordin Bakker,N. Bakker,1997-10-31,94.75,35.07,25.06,1,1,0,0.0,0.0,0.0,,0.0,,0.0,,0.0,,0.0,0.0,,0.0,,0.0,,0.0,0.0,0.0,0.0,0.0,,0.0,
1230,Eredivisie (NL),38022,Dean James,D. James,2000-04-30,67.34,19.26,19.49,26,26,0,588.0,22.62,0.73,3.23,3.69,16.33,0.23,1.02,1.35,5.95,3.27,1.0,4.42,0.27,1.19,0.88,3.91,5.15,2.85,7.15,9.54,1.04,4.95,1.0,4.42
1230,Eredivisie (NL),38050,Koen Kostons,K. Kostons,1999-09-18,91.14,22.82,28.84,34,32,2,2148.0,67.12,0.59,0.88,8.38,12.48,0.16,0.23,2.38,3.54,16.94,4.88,7.26,0.0,0.0,0.53,0.79,34.88,13.19,21.0,7.44,0.34,0.71,7.62,11.36
1230,Eredivisie (NL),38064,Kaj de Rooij,K. de Rooij,2000-11-25,68.83,16.63,22.51,32,30,2,1105.0,36.83,1.03,2.8,4.1,11.13,0.2,0.54,1.17,3.17,6.23,3.27,8.87,0.27,0.72,0.23,0.63,13.0,5.7,13.17,8.13,0.5,2.23,3.97,10.77
1230,Eredivisie (NL),38087,Edouard Michut,E. Michut,2003-03-04,85.9,20.95,24.93,20,20,0,1120.0,56.0,1.6,2.86,8.15,14.55,0.4,0.71,2.0,3.57,7.05,2.75,4.91,0.4,0.71,0.9,1.61,12.9,11.9,13.35,17.75,2.5,4.91,4.95,8.84
1230,Eredivisie (NL),39628,Souffian El Karouani,S. El Karouani,2000-10-19,98.36,26.41,29.34,34,33,1,991.0,30.03,1.24,4.14,5.36,17.86,0.21,0.71,1.55,5.15,5.21,1.33,4.44,0.61,2.02,0.58,1.92,6.7,3.88,10.45,10.73,1.82,6.53,1.67,5.55
1230,Eredivisie (NL),39629,Bart van Rooij,B. van Rooij,2001-05-26,94.96,28.44,25.59,32,32,0,1031.0,32.22,1.88,5.82,5.56,17.26,0.78,2.42,1.62,5.04,5.31,1.38,4.27,0.59,1.84,0.94,2.91,6.97,3.66,8.84,11.81,2.59,9.21,0.97,3.01
1230,Eredivisie (NL),39634,Dirk Proper,D. Proper,2002-02-24,54.61,15.62,12.62,22,18,4,364.0,20.22,0.83,4.12,3.72,18.41,0.06,0.27,0.83,4.12,2.72,1.39,6.87,0.11,0.55,0.17,0.82,5.94,2.78,5.56,4.67,0.67,3.75,1.06,5.22
1230,Eredivisie (NL),39640,Naci Ünüvar,N. Ünüvar,2003-06-13,51.87,12.74,13.99,18,18,0,425.0,23.61,0.78,3.29,2.72,11.53,0.06,0.24,0.94,4.0,4.0,1.94,8.24,0.11,0.47,0.22,0.94,9.17,3.94,7.5,4.22,0.39,2.51,2.67,11.29
1230,Eredivisie (NL),39642,Neraysho Kasanwirjo,N. Kasanwirjo,2002-02-18,89.5,20.95,27.7,16,16,0,444.0,27.75,1.75,6.31,4.38,15.77,0.31,1.13,1.38,4.96,3.69,0.62,2.25,0.56,2.03,0.69,2.48,4.81,4.06,5.81,12.44,2.31,8.66,1.0,3.6
1230,Eredivisie (NL),39645,Quinten Ryan Crispito Timber Maduro,Q. Timber,2001-06-17,85.52,24.9,22.19,17,17,0,645.0,37.94,1.35,3.57,5.59,14.73,0.29,0.77,1.12,2.94,4.94,2.53,6.67,0.29,0.77,0.41,1.09,12.41,6.24,10.94,10.35,1.24,3.91,3.0,7.91
1230,Eredivisie (NL),39647,Daan Reiziger,D. Reiziger,2001-06-18,59.69,12.87,14.88,2,2,0,0.0,0.0,0.0,,0.0,,0.0,,0.0,,0.0,0.0,,0.0,,0.0,,0.0,0.0,0.0,0.0,0.0,,0.0,
1230,Eredivisie (NL),39648,Rio Hillen,R. Hillen,2003-03-05,82.92,21.63,23.64,26,25,1,452.0,18.08,1.36,7.52,4.04,22.34,0.2,1.11,0.44,2.43,3.28,0.64,3.54,0.56,3.1,0.56,3.1,3.8,1.92,4.64,8.8,2.4,15.29,0.36,1.99
1230,Eredivisie (NL),39662,Ilias  Bronkhorst,I. Bronkhorst,1997-05-10,77.16,21.86,22.82,32,29,3,647.0,22.31,1.07,4.79,3.62,16.23,0.24,1.08,1.28,5.72,4.9,1.28,5.72,0.52,2.32,1.1,4.95,5.1,1.83,6.0,8.97,1.31,6.88,1.1,4.95
1230,Eredivisie (NL),39675,Stijn van Gassel,S. van Gassel,1996-10-18,97.58,27.58,28.95,31,28,3,0.0,0.0,0.0,,0.0,,0.0,,0.0,,0.0,0.0,,0.0,,0.0,,0.0,0.0,0.0,0.0,0.0,,0.0,
1230,Eredivisie (NL),39689,Anass Salah-Eddine,A. Salah-Eddine,2002-01-18,72.33,24.93,16.79,17,16,1,279.0,17.44,0.56,3.23,3.5,20.07,0.31,1.79,1.0,5.73,2.56,1.12,6.45,0.38,2.15,0.25,1.43,4.31,1.88,5.25,5.88,1.0,7.2,0.69,3.94
1230,Eredivisie (NL),39715,Ringo Meerveld,R. Meerveld,2002-12-21,85.27,25.88,24.46,30,29,1,1633.0,56.31,0.97,1.71,6.52,11.57,0.28,0.49,1.41,2.51,7.03,5.66,10.04,0.03,0.06,0.34,0.61,27.55,10.24,21.83,7.86,0.79,1.91,7.34,13.04
1230,Eredivisie (NL),39727,Nick Olij,N. Olij,1995-08-01,91.63,42.51,20.22,1,1,0,0.0,0.0,0.0,,0.0,,0.0,,0.0,,0.0,0.0,,0.0,,0.0,,0.0,0.0,0.0,0.0,0.0,,0.0,
1230,Eredivisie (NL),39755,Taylor Booth,T. Booth,2001-05-31,41.07,11.82,10.29,10,10,0,265.0,26.5,0.7,2.64,3.8,14.34,0.4,1.51,0.9,3.4,5.1,1.9,7.17,0.1,0.38,0.1,0.38,9.2,5.6,8.9,3.4,0.2,1.01,2.8,10.57
1230,Eredivisie (NL),39796,Arno Verschueren,A. Verschueren,1997-04-08,23.71,6.34,6.19,29,29,0,415.0,14.31,0.31,2.17,2.41,16.87,0.14,0.96,0.45,3.13,2.69,1.07,7.47,0.0,0.0,0.17,1.2,4.14,2.62,4.24,3.41,0.41,2.53,1.38,9.64
1230,Eredivisie (NL),39842,Ronald Koeman,R. Koeman,1995-05-23,98.08,24.38,29.57,32,29,3,0.0,0.0,0.0,,0.0,,0.0,,0.0,,0.0,0.0,,0.0,,0.0,,0.0,0.0,0.0,0.0,0.0,,0.0,
1230,Eredivisie (NL),40643,Calvin Raatsie,C. Raatsie,2002-02-09,96.88,27.62,27.16,2,2,0,0.0,0.0,0.0,,0.0,,0.0,,0.0,,0.0,0.0,,0.0,,0.0,,0.0,0.0,0.0,0.0,0.0,,0.0,
1230,Eredivisie (NL),40738,Yoann  Cathline,Y. Cathline,2002-07-22,78.86,20.69,24.13,28,27,1,1374.0,50.89,1.22,2.4,5.33,10.48,0.11,0.22,2.22,4.37,8.0,4.67,9.17,0.11,0.22,0.56,1.09,16.74,9.85,14.56,10.15,0.96,2.13,7.63,14.99
1230,Eredivisie (NL),41212,Lucas Oliveira Rosa,Lucas Rosa,2000-04-03,90.37,28.71,24.88,28,27,1,791.0,29.3,1.22,4.17,5.41,18.46,0.37,1.26,1.3,4.43,4.56,1.56,5.31,0.56,1.9,1.11,3.79,6.3,4.41,8.15,11.37,1.93,7.45,1.26,4.3
1230,Eredivisie (NL),42619,Silvinho Randy Esajas,S. Esajas,2002-07-08,26.62,7.1,8.7,3,3,0,38.0,12.67,0.33,2.63,0.67,5.26,0.0,0.0,0.33,2.63,2.67,0.33,2.63,0.33,2.63,0.33,2.63,1.0,2.0,4.0,7.0,0.0,0.0,1.33,10.53
1230,Eredivisie (NL),42842,Youri Baas,Y. Baas,2003-03-17,97.05,32.16,25.67,32,31,1,584.0,18.84,1.13,5.99,4.06,21.57,0.26,1.37,0.65,3.42,3.0,0.26,1.37,0.77,4.11,0.39,2.05,3.55,2.13,4.26,10.1,2.42,13.84,0.39,2.06
1230,Eredivisie (NL),42843,Gibson Osahumen Yah,G. Yah,2003-09-27,72.05,18.58,22.49,23,22,1,778.0,35.36,1.82,5.14,4.82,13.62,0.41,1.16,1.05,2.96,5.68,1.09,3.08,0.59,1.67,0.86,2.44,7.86,6.59,8.45,14.64,2.64,8.21,2.5,7.07
1230,Eredivisie (NL),42844,Kian Fitz-Jim,K. Fitz-Jim,2003-07-05,36.47,11.3,9.07,16,15,1,279.0,18.6,0.47,2.51,3.2,17.2,0.07,0.36,0.47,2.51,4.07,0.73,3.94,0.0,0.0,0.53,2.87,5.2,3.67,5.87,5.73,0.93,6.48,1.87,10.04
1230,Eredivisie (NL),42847,Mats Deijl,M. Deijl,1997-07-15,92.57,27.14,25.19,33,32,1,791.0,24.72,0.72,2.91,4.31,17.45,0.44,1.77,1.44,5.81,3.22,1.44,5.82,0.34,1.39,1.12,4.55,5.12,2.81,7.41,10.5,1.5,6.69,1.28,5.18
1230,Eredivisie (NL),42854,Lance Duijvestijn,L. Duijvestijn,1999-01-15,76.04,18.68,23.38,26,26,0,1276.0,49.08,1.38,2.82,5.65,11.52,0.15,0.31,1.04,2.12,9.23,4.0,8.15,0.38,0.78,0.46,0.94,16.04,9.12,14.85,10.77,0.96,2.44,5.46,11.13
1230,Eredivisie (NL),42859,Djevencio van der Kust,D. van der Kust,2001-04-30,62.94,14.64,18.2,21,21,0,584.0,27.81,0.95,3.43,3.48,12.5,0.57,2.05,1.29,4.62,4.9,2.0,7.19,0.38,1.37,0.76,2.74,5.38,4.05,7.95,12.52,1.81,7.29,1.48,5.31
1230,Eredivisie (NL),43286,Giovanni van Zwam,G. van Zwam,2004-01-02,60.96,16.96,18.01,12,11,1,151.0,13.73,0.27,1.99,3.27,23.84,0.09,0.66,0.36,2.65,1.64,0.27,1.99,0.73,5.3,0.73,5.3,2.55,1.27,2.36,7.18,0.55,4.78,0.18,1.32
1230,Eredivisie (NL),45609,Willum Thór  Willumsson,W. Willumsson,1998-10-23,29.26,9.25,5.72,4,4,0,60.0,15.0,0.25,1.66,5.25,35.0,0.0,0.0,0.25,1.66,3.25,0.5,3.34,0.0,0.0,0.0,0.0,6.5,2.0,5.75,0.75,0.25,2.27,1.25,8.33
1230,Eredivisie (NL),47443,Zico  Buurmeester,Z. Buurmeester,2002-06-07,71.12,17.7,22.4,23,22,1,853.0,38.77,1.36,3.52,5.41,13.95,0.5,1.29,1.23,3.17,5.36,2.59,6.68,0.36,0.94,0.95,2.46,9.59,6.36,12.59,14.23,2.64,8.24,4.27,11.02
1230,Eredivisie (NL),49603,Brynjolfur Andersen Willumsson,B. Willumsson,2000-08-12,50.11,13.71,13.46,27,26,1,833.0,32.04,0.35,1.08,4.92,15.37,0.04,0.12,1.15,3.6,7.35,2.58,8.04,0.04,0.12,0.19,0.6,17.85,6.46,11.38,1.85,0.27,2.98,3.35,10.44
1230,Eredivisie (NL),54524,Fredrik Oldrup Jensen,F. Oldrup Jensen,1993-05-18,72.31,21.26,19.94,11,11,0,158.0,14.36,0.55,3.8,2.45,17.09,0.09,0.63,0.45,3.16,2.91,0.36,2.53,0.36,2.53,0.55,3.8,3.73,1.82,2.36,7.18,1.55,12.51,0.45,3.16
1230,Eredivisie (NL),54556,Oskar  Siira Sivertsen,O. Sivertsen,2004-02-15,28.68,8.27,8.13,14,13,1,215.0,16.54,0.46,2.79,2.46,14.88,0.15,0.93,0.23,1.4,1.85,0.92,5.58,0.15,0.93,0.31,1.86,4.77,3.08,5.0,4.46,0.38,3.25,1.92,11.63
1230,Eredivisie (NL),54942,Ángel Alarcón Galiot,Ángel Alarcón,2004-05-15,72.18,19.54,23.08,14,13,1,513.0,39.46,0.85,2.14,4.46,11.3,0.0,0.0,0.69,1.75,7.54,4.23,10.72,0.0,0.0,0.62,1.56,14.08,6.08,14.31,5.69,0.08,0.11,6.15,15.6
1230,Eredivisie (NL),60699,Lasse Selvåg Nordås,L. Nordås,2002-02-10,56.5,16.87,17.68,16,15,1,446.0,29.73,0.47,1.57,4.2,14.13,0.07,0.22,0.73,2.47,3.47,3.13,10.54,0.07,0.22,0.07,0.22,15.53,3.07,11.8,2.8,0.2,0.74,3.73,12.56
1230,Eredivisie (NL),61132,Victor Edvardsen,V. Edvardsen,1996-01-14,81.45,23.03,23.09,26,25,1,911.0,36.44,0.4,1.1,4.56,12.51,0.08,0.22,1.36,3.73,10.84,2.84,7.79,0.08,0.22,0.44,1.21,17.28,4.96,14.24,4.76,0.4,1.34,3.84,10.54
1230,Eredivisie (NL),61134,Adam Carlén,A. Carlén,2000-06-27,56.36,14.19,17.42,25,22,3,589.0,26.77,0.91,3.4,4.59,17.15,0.5,1.87,0.77,2.89,3.5,1.36,5.09,0.23,0.85,0.73,2.72,7.09,4.82,5.95,12.32,2.09,9.32,2.73,10.19
1230,Eredivisie (NL),61167,Erik Ahlstrand,E. Ahlstrand,2001-10-14,59.27,14.32,16.62,14,14,0,448.0,32.0,0.86,2.68,4.14,12.95,0.29,0.89,0.93,2.9,5.43,3.21,10.04,0.21,0.67,0.57,1.79,10.0,5.29,11.29,5.86,0.64,2.07,2.64,8.26
1230,Eredivisie (NL),61258,Rui Jorge Monteiro Mendes,Rui Mendes,1999-11-10,15.21,3.3,4.01,6,6,0,65.0,10.83,0.33,3.08,2.0,18.46,0.0,0.0,0.5,4.62,2.67,1.33,12.31,0.0,0.0,0.0,0.0,6.17,2.5,4.67,0.83,0.0,0.0,1.0,9.23
1230,Eredivisie (NL),61286,Mawouna Kodjo Amevor,M. Amevor,1991-12-16,92.93,24.5,28.21,31,29,2,461.0,15.9,0.55,3.47,3.31,20.82,0.17,1.08,0.69,4.34,2.03,0.21,1.3,0.93,5.86,0.52,3.25,2.34,1.83,3.41,10.34,2.21,14.62,0.41,2.6
1230,Eredivisie (NL),61296,Damon Mirani,D. Mirani,1996-05-13,95.66,22.79,27.7,33,33,0,747.0,22.64,0.7,3.08,3.85,17.0,0.33,1.47,0.73,3.21,2.61,0.76,3.35,0.85,3.75,0.85,3.75,4.0,2.42,5.21,12.88,2.12,9.93,0.91,4.02
1230,Eredivisie (NL),61298,Milan de Haan,M. de Haan,2003-11-20,20.16,4.93,5.84,2,2,0,16.0,8.0,0.0,0.0,0.5,6.25,0.5,6.25,0.5,6.25,0.0,0.5,6.25,0.0,0.0,0.5,6.25,1.5,1.5,0.5,4.5,0.5,6.06,0.5,6.25
1230,Eredivisie (NL),61321,Kay Tejan,K. Tejan,1997-02-03,35.25,8.49,9.93,27,26,1,519.0,19.96,0.23,1.16,2.88,14.45,0.08,0.39,0.38,1.93,3.85,1.12,5.59,0.0,0.0,0.15,0.77,8.35,2.69,7.54,1.85,0.12,1.65,1.5,7.51
1230,Eredivisie (NL),61614,Philip Brittijn,P. Brittijn,2004-04-09,81.27,19.27,24.29,32,32,0,1532.0,47.88,1.84,3.85,8.0,16.71,0.25,0.52,2.19,4.57,6.69,2.09,4.37,0.78,1.63,0.72,1.5,10.78,9.44,12.03,18.31,2.78,6.34,3.91,8.16
1230,Eredivisie (NL),61659,Mathis Suray,M. Suray,2001-07-26,85.45,24.72,24.85,32,31,1,1494.0,48.19,0.81,1.67,6.42,13.32,0.26,0.53,1.45,3.01,8.9,4.71,9.77,0.13,0.27,0.74,1.54,19.52,9.03,17.26,10.87,0.81,2.32,4.94,10.24
1230,Eredivisie (NL),61667,Mohamed Nassoh,M. Nassoh,2003-01-26,69.87,18.87,19.53,28,28,0,1090.0,38.93,1.11,2.84,5.75,14.77,0.25,0.64,1.21,3.12,5.46,2.82,7.25,0.18,0.46,0.18,0.46,14.82,6.54,12.29,7.57,1.07,3.96,4.04,10.37
1230,Eredivisie (NL),61731,Yannick Leliendal,Y. Leliendal,2002-04-23,92.89,24.35,28.73,31,29,2,1080.0,37.24,1.86,5.0,5.34,14.35,0.72,1.94,1.69,4.54,4.48,2.21,5.93,0.66,1.76,1.55,4.17,7.52,5.31,10.14,14.72,2.62,7.97,1.48,3.98
1230,Eredivisie (NL),61732,Stan Henderikx,S. Henderikx,2003-07-08,54.18,14.01,16.67,10,9,1,103.0,11.44,0.67,5.83,2.33,20.39,0.33,2.91,0.56,4.86,1.33,0.22,1.94,0.67,5.82,0.67,5.83,1.33,1.56,3.22,6.78,1.67,16.73,0.33,2.91
1230,Eredivisie (NL),61733,Levi Smans,L. Smans,2003-03-25,55.0,16.02,13.08,1,1,0,34.0,34.0,0.0,0.0,3.0,8.82,0.0,0.0,3.0,8.82,7.0,3.0,8.82,0.0,0.0,0.0,0.0,18.0,3.0,13.0,1.0,0.0,0.0,5.0,14.71
1230,Eredivisie (NL),61747,Kristian Nökkvi Hlynsson,K. Hlynsson,2004-01-23,81.51,25.13,21.74,32,32,0,1559.0,48.72,1.41,2.89,7.56,15.52,0.38,0.77,1.19,2.44,6.66,4.19,8.6,0.44,0.9,0.59,1.22,14.56,8.06,15.38,11.62,1.41,3.41,4.75,9.75
1230,Eredivisie (NL),61762,Alexandre Manuel Penetra Correia,Alexandre Penetra,2001-09-09,92.16,28.03,25.28,33,33,0,480.0,14.55,0.79,5.42,3.18,21.87,0.39,2.71,0.58,3.96,2.64,0.15,1.04,0.76,5.21,0.61,4.17,2.24,1.39,2.58,9.0,1.91,14.53,0.3,2.08
1230,Eredivisie (NL),61835,Maxim Dekker,M. Dekker,2004-04-21,35.58,10.35,10.48,6,6,0,52.0,8.67,0.17,1.92,2.0,23.08,0.17,1.92,0.33,3.85,0.5,0.17,1.92,0.17,1.92,0.33,3.85,0.83,1.0,1.17,5.33,1.5,16.01,0.17,1.92
1230,Eredivisie (NL),61838,Richonell Margaret,R. Margaret,2000-09-07,52.36,15.7,14.43,22,21,1,643.0,30.62,0.81,2.64,4.14,13.53,0.1,0.31,1.33,4.35,4.95,2.19,7.15,0.24,0.78,0.57,1.87,9.71,6.14,10.38,7.24,0.62,1.76,3.05,9.95
1230,Eredivisie (NL),61847,Stije Resink,S. Resink,2003-05-28,94.95,26.24,26.08,22,22,0,1033.0,46.95,1.82,3.87,6.86,14.62,0.32,0.68,1.23,2.61,6.32,2.82,6.0,0.14,0.29,0.64,1.36,16.59,7.41,13.14,11.64,1.32,2.96,3.27,6.97
1230,Eredivisie (NL),61852,Rick Meissen,R. Meissen,2002-02-24,85.01,23.95,25.48,32,29,3,512.0,17.66,0.62,3.52,3.86,21.87,0.41,2.34,0.66,3.71,2.79,0.45,2.54,0.9,5.08,0.83,4.69,2.9,1.93,3.14,10.62,1.97,12.45,0.79,4.49
1230,Eredivisie (NL),61853,Derensili Sanches Fernandes,D. Sanches Fernandes,2001-05-28,79.02,23.28,23.35,32,29,3,1365.0,47.07,1.1,2.34,6.17,13.11,0.14,0.29,1.59,3.37,7.97,4.76,10.11,0.1,0.22,0.55,1.17,18.34,9.9,15.17,9.17,0.97,2.16,6.07,12.89
1230,Eredivisie (NL),61935,Ernest Poku,E. Poku,2004-01-28,78.8,24.64,19.51,1,1,0,33.0,33.0,1.0,3.03,4.0,12.12,1.0,3.03,0.0,0.0,5.0,1.0,3.03,0.0,0.0,0.0,0.0,12.0,5.0,13.0,6.0,0.0,0.0,3.0,9.09
1230,Eredivisie (NL),61943,Julian Baas,J. Baas,2002-04-16,59.0,15.31,18.22,21,21,0,631.0,30.05,0.71,2.38,4.62,15.37,0.24,0.79,0.57,1.9,3.81,1.95,6.5,0.29,0.95,1.05,3.49,7.29,5.05,7.86,12.33,1.33,5.07,2.14,7.13
1230,Eredivisie (NL),62074,Lennard  Hartjes,L. Hartjes,2003-04-07,76.33,23.64,21.84,20,18,2,561.0,31.17,1.44,4.64,5.72,18.36,0.22,0.71,0.56,1.78,5.28,1.5,4.81,0.33,1.07,0.89,2.85,9.17,5.17,8.33,10.39,2.28,8.54,3.28,10.52
1230,Eredivisie (NL),62179,Luuk Brouwers,L. Brouwers,1998-05-03,68.69,19.81,18.59,30,29,1,1004.0,34.62,0.97,2.79,6.07,17.53,0.1,0.3,1.24,3.59,5.86,2.1,6.07,0.1,0.3,0.34,1.0,14.1,5.69,10.21,7.59,1.1,3.35,3.38,9.76
1230,Eredivisie (NL),62181,Boyd Lucassen,B. Lucassen,1998-07-01,58.83,14.49,16.9,20,20,0,512.0,25.6,0.4,1.56,3.9,15.23,0.1,0.39,1.1,4.3,4.05,1.5,5.86,0.25,0.98,0.8,3.12,6.35,3.7,8.6,10.55,1.2,4.8,2.1,8.2
1230,Eredivisie (NL),62294,Julius Dirksen,J. Dirksen,2003-02-02,67.54,17.39,20.26,18,17,1,189.0,11.12,0.35,3.17,2.35,21.16,0.24,2.12,0.53,4.76,1.76,0.24,2.12,0.65,5.82,0.24,2.12,2.0,0.82,2.29,6.76,1.18,11.85,0.18,1.59
1230,Eredivisie (NL),62297,Amourricho van Axel Dongen ,A. van Axel Dongen,2004-09-29,21.8,5.5,5.54,7,7,0,80.0,11.43,0.14,1.25,1.29,11.25,0.0,0.0,0.43,3.75,1.71,0.43,3.75,0.0,0.0,0.14,1.25,5.0,2.0,3.57,2.14,0.14,3.08,0.71,6.25
1230,Eredivisie (NL),62300,Devon Koswal,D. Koswal,2003-08-21,72.25,17.29,22.02,25,22,3,336.0,15.27,0.77,5.06,2.95,19.35,0.18,1.19,0.82,5.36,2.64,0.45,2.98,0.86,5.66,0.95,6.25,2.73,1.45,3.55,8.59,1.68,11.78,0.32,2.08
1230,Eredivisie (NL),62315,Mees De Wit,M. de Wit,1998-04-17,85.35,26.62,23.48,31,31,0,890.0,28.71,1.13,3.93,4.71,16.4,0.48,1.68,1.29,4.49,4.19,1.71,5.96,0.65,2.25,0.94,3.26,6.65,3.71,7.97,11.9,1.77,6.77,1.0,3.48
1230,Eredivisie (NL),62318,Niek Schiks,N. Schiks,2004-02-03,95.17,34.44,22.32,2,2,0,0.0,0.0,0.0,,0.0,,0.0,,0.0,,0.0,0.0,,0.0,,0.0,,0.0,0.0,0.0,0.0,0.0,,0.0,
1230,Eredivisie (NL),63199,Mathijs Tielemans,M. Tielemans,2002-04-26,69.91,21.85,18.68,2,2,0,49.0,24.5,2.0,8.17,4.5,18.37,0.0,0.0,1.5,6.12,6.0,0.0,0.0,0.0,0.0,0.0,0.0,4.0,3.0,5.5,9.0,1.5,6.21,1.5,6.12
1230,Eredivisie (NL),63322,Casper Terho,C. Terho,2003-06-24,30.49,7.76,8.72,9,9,0,190.0,21.11,0.78,3.68,1.89,8.95,0.11,0.53,0.33,1.58,4.0,1.89,8.95,0.0,0.0,0.56,2.63,7.11,5.22,6.78,3.78,0.44,2.47,2.33,11.05
1230,Eredivisie (NL),63370,Milan Zonneveld,M. Zonneveld,2003-10-08,39.49,9.79,11.93,31,29,2,663.0,22.86,0.17,0.75,2.72,11.92,0.07,0.3,0.76,3.32,4.69,1.31,5.73,0.03,0.15,0.07,0.3,11.69,3.59,9.24,1.76,0.14,2.48,2.17,9.5
1230,Eredivisie (NL),63440,Mimeirhel  Benita ,M. Benita,2003-11-17,62.32,15.15,17.38,25,25,0,592.0,23.68,1.28,5.4,2.84,11.99,0.28,1.18,1.32,5.57,2.8,1.2,5.07,0.36,1.52,0.72,3.04,4.6,3.44,6.4,9.76,1.56,7.05,0.96,4.05
1230,Eredivisie (NL),64211,Hristiyan Petrov,H. Petrov,2002-06-24,29.76,7.61,9.0,20,19,1,179.0,9.42,0.37,3.91,1.68,17.88,0.11,1.12,0.53,5.59,1.37,0.32,3.35,0.32,3.35,0.74,7.82,1.26,1.37,2.21,5.21,0.58,7.93,0.42,4.47
1230,Eredivisie (NL),65096,Jacob Trenskow,J. Trenskow,2000-11-26,87.63,25.73,24.36,33,32,1,1453.0,45.41,0.97,2.13,5.31,11.7,0.12,0.28,0.97,2.13,6.78,3.28,7.23,0.0,0.0,0.47,1.03,18.03,8.84,15.56,8.97,0.72,1.88,5.84,12.87
1230,Eredivisie (NL),67577,Xavier Mbuyamba,X. Mbuyamba,2001-12-31,50.53,12.47,16.07,15,14,1,187.0,13.36,0.64,4.81,2.29,17.11,0.29,2.14,0.64,4.81,2.43,0.36,2.67,0.5,3.74,0.36,2.67,2.86,1.79,3.14,8.0,1.71,15.71,0.57,4.28
1230,Eredivisie (NL),67773,Lequincio Zeefuik,L. Zeefuik,2004-11-26,57.42,13.72,15.91,23,23,0,613.0,26.65,0.35,1.31,3.3,12.4,0.04,0.16,1.13,4.24,4.7,1.96,7.34,0.0,0.0,0.09,0.33,12.78,3.61,9.04,2.09,0.22,1.28,2.48,9.3
1230,Eredivisie (NL),68940,Roy Steur,R. Steur,2005-02-01,78.89,19.4,21.16,3,3,0,0.0,0.0,0.0,,0.0,,0.0,,0.0,,0.0,0.0,,0.0,,0.0,,0.0,0.0,0.0,0.0,0.0,,0.0,
1230,Eredivisie (NL),69071,Oualid Agougil,O. Agougil,2005-08-07,22.97,6.16,6.61,6,6,0,72.0,12.0,0.33,2.78,2.5,20.83,0.0,0.0,0.5,4.17,0.67,0.83,6.94,0.17,1.39,0.0,0.0,2.5,1.67,2.33,4.83,1.0,12.83,0.33,2.78
1230,Eredivisie (NL),69074,Mike Kleijn,M. Kleijn,2005-02-09,46.59,11.46,14.37,10,10,0,219.0,21.9,1.1,5.02,3.3,15.07,0.3,1.37,0.9,4.11,2.1,1.3,5.93,0.4,1.83,0.5,2.28,4.0,5.2,5.9,10.3,1.9,9.6,1.3,5.94
1230,Eredivisie (NL),69078,Thijmen Blokzijl,T. Blokzijl,2005-02-25,97.62,27.07,27.22,33,32,1,536.0,16.75,0.75,4.48,3.12,18.66,0.25,1.49,0.75,4.48,2.75,0.53,3.17,0.56,3.36,1.06,6.34,3.94,1.62,4.12,8.88,1.5,9.55,0.38,2.24
1230,Eredivisie (NL),69081,Jaden Slory,J. Slory,2005-05-09,48.24,12.99,13.45,19,19,0,545.0,28.68,0.68,2.39,3.37,11.74,0.26,0.92,1.11,3.85,6.63,3.32,11.56,0.0,0.0,0.32,1.1,10.11,5.47,9.79,5.68,0.74,5.42,2.26,7.89
1230,Eredivisie (NL),69223,Younes Taha El Idrissi,Y. Taha,2002-11-27,86.04,24.31,23.87,31,30,1,1553.0,51.77,0.93,1.8,6.93,13.39,0.27,0.52,2.07,3.99,13.43,4.23,8.18,0.23,0.45,0.5,0.97,23.43,9.53,20.13,5.37,0.53,1.5,5.0,9.66
1230,Eredivisie (NL),70182,Walid Ould-Chikh,W. Ould-Chikh,1999-11-06,66.74,15.79,18.71,24,24,0,1037.0,43.21,1.08,2.51,5.29,12.25,0.67,1.54,1.62,3.76,6.08,3.58,8.29,0.21,0.48,0.5,1.16,15.12,9.0,13.96,8.88,1.08,3.9,5.12,11.86
1230,Eredivisie (NL),70449,Wouter Goes,W. Goes,2004-06-10,88.92,27.3,24.23,33,33,0,502.0,15.21,0.97,6.37,2.91,19.12,0.18,1.2,0.73,4.78,2.21,0.15,1.0,0.55,3.59,0.45,2.99,2.88,1.73,3.64,9.09,1.67,11.86,0.12,0.8
1230,Eredivisie (NL),70502,Zidane Iqbal,Zidane Iqbal,2003-04-27,53.92,16.05,15.6,5,5,0,119.0,23.8,1.2,5.04,3.6,15.12,0.6,2.52,0.2,0.84,2.6,1.6,6.72,0.0,0.0,0.4,1.68,8.2,3.4,7.0,7.0,1.0,4.85,3.0,12.61
1230,Eredivisie (NL),70582,Daouda Weidmann,D. Weidmann,2003-05-04,32.44,9.75,7.49,15,15,0,234.0,15.6,0.8,5.13,2.27,14.53,0.13,0.85,1.13,7.26,2.6,1.47,9.4,0.07,0.43,0.2,1.28,3.47,3.07,4.87,3.6,0.67,4.4,1.4,8.97
1230,Eredivisie (NL),70652,Isak Hansen-Aaröen,I. Hansen-Aaröen,2004-08-22,9.51,3.72,1.06,3,2,1,9.0,4.5,0.0,0.0,2.5,55.56,0.0,0.0,0.0,0.0,1.0,0.0,0.0,0.0,0.0,0.0,0.0,1.0,0.5,0.0,0.0,0.0,,0.0,0.0
1230,Eredivisie (NL),70695,Noam Emeran,N. Emeran,2002-09-24,14.47,4.5,2.57,4,4,0,27.0,6.75,0.25,3.7,2.0,29.63,0.0,0.0,0.5,7.41,0.5,0.0,0.0,0.0,0.0,0.25,3.7,0.75,1.0,2.25,1.0,0.25,6.25,0.5,7.41
1230,Eredivisie (NL),70751,Leo Sauer,L. Sauer,2005-12-16,75.34,22.69,20.27,20,20,0,604.0,30.2,0.6,1.99,3.25,10.76,0.3,0.99,1.4,4.64,4.75,4.55,15.07,0.2,0.66,0.35,1.16,11.8,4.25,12.2,4.45,0.45,1.91,3.75,12.42
1230,Eredivisie (NL),72053,Tobias Lauritsen,T. Lauritsen,1997-08-30,96.59,25.69,29.63,32,32,0,1359.0,42.47,0.31,0.74,5.53,13.02,0.28,0.66,1.25,2.94,8.88,3.28,7.73,0.0,0.0,0.06,0.15,23.78,5.88,15.19,2.72,0.25,1.22,4.69,11.04
1230,Eredivisie (NL),72068,Niklas Brøndsted Vesterlund Nielsen,N. Vesterlund,1999-06-06,77.47,20.11,25.08,20,19,1,549.0,28.89,1.16,4.01,4.05,14.03,0.47,1.64,1.11,3.82,3.21,1.63,5.65,0.11,0.36,1.16,4.01,6.26,2.74,9.47,11.68,1.68,6.78,1.47,5.1
1230,Eredivisie (NL),72097,Joshua Gaston Kitolano,J. Kitolano,2001-08-03,87.08,23.64,26.55,30,30,0,1576.0,52.53,1.23,2.35,7.37,14.02,0.47,0.89,1.23,2.35,7.73,4.27,8.12,0.6,1.14,1.17,2.22,15.97,9.73,15.77,16.17,2.67,5.77,5.17,9.84
1230,Eredivisie (NL),72148,Oliver Valaker Edvardsen,O. Edvardsen,1999-03-19,40.15,13.01,10.93,18,18,0,383.0,21.28,0.39,1.83,2.94,13.84,0.11,0.52,0.22,1.04,3.22,2.0,9.4,0.0,0.0,0.17,0.78,8.89,4.78,7.33,3.17,0.28,1.51,2.39,11.23
1230,Eredivisie (NL),72479,Makan Aïko,M. Aïko,2001-01-07,39.72,10.22,10.45,13,13,0,263.0,20.23,0.23,1.14,3.08,15.21,0.08,0.38,0.85,4.18,5.15,0.77,3.8,0.08,0.38,0.08,0.38,8.54,4.0,6.15,1.77,0.31,3.41,2.08,10.26
1230,Eredivisie (NL),72891,Tom de Graaff,T. de Graaff,2004-12-10,97.57,24.2,30.53,31,29,2,0.0,0.0,0.0,,0.0,,0.0,,0.0,,0.0,0.0,,0.0,,0.0,,0.0,0.0,0.0,0.0,0.0,,0.0,
1230,Eredivisie (NL),73016,Jochem Ritmeester van de Kamp,J. Ritmeester van de Kamp,2003-11-02,79.26,19.9,23.97,27,25,2,1375.0,55.0,1.04,1.89,6.52,11.85,0.28,0.51,2.44,4.44,9.64,3.88,7.05,0.12,0.22,0.76,1.38,20.08,10.0,18.68,11.76,1.48,3.18,5.32,9.67
1230,Eredivisie (NL),76746,Raul Paula,R. Paula,2004-01-25,38.94,11.73,9.55,21,21,0,450.0,21.43,0.48,2.22,3.19,14.89,0.1,0.44,0.86,4.0,2.95,1.67,7.78,0.0,0.0,0.33,1.56,8.76,4.33,6.38,3.14,0.38,3.86,2.1,9.78
1230,Eredivisie (NL),81344,Rijk Janse,R. Janse,2002-04-16,93.23,29.01,26.35,1,1,0,0.0,0.0,0.0,,0.0,,0.0,,0.0,,0.0,0.0,,0.0,,0.0,,0.0,0.0,0.0,0.0,0.0,,0.0,
1230,Eredivisie (NL),83071,Gonçalo Oscar Albuquerque Borges,Gonçalo Borges,2001-03-29,48.2,14.51,13.53,11,10,1,214.0,21.4,0.7,3.27,3.1,14.48,0.2,0.94,0.5,2.34,4.1,1.9,8.88,0.2,0.93,0.5,2.34,7.5,3.4,6.1,4.3,0.6,4.33,2.1,9.81
1230,Eredivisie (NL),84583,Noah Naujoks,N. Naujoks,2002-05-02,78.03,22.81,23.28,30,27,3,1409.0,52.19,1.11,2.13,6.7,12.85,0.22,0.43,1.41,2.7,12.26,3.48,6.67,0.19,0.36,0.48,0.92,23.59,8.89,18.67,9.44,1.33,3.63,5.52,10.57
1230,Eredivisie (NL),85488,Rome Jayden Owusu-Oduro,R. Owusu-Oduro,2004-07-02,96.28,29.85,25.14,23,23,0,0.0,0.0,0.0,,0.0,,0.0,,0.0,,0.0,0.0,,0.0,,0.0,,0.0,0.0,0.0,0.0,0.0,,0.0,
1230,Eredivisie (NL),85489,Mexx Meerdink,M. Meerdink,2003-07-24,50.53,15.65,12.22,19,19,0,478.0,25.16,0.11,0.42,4.05,16.11,0.0,0.0,1.0,3.97,6.84,1.26,5.02,0.0,0.0,0.05,0.21,14.89,3.89,9.32,1.95,0.32,1.58,3.05,12.13
1230,Eredivisie (NL),86081,Luciano Valente,L. Valente,2003-10-04,85.0,24.84,23.13,32,31,1,1201.0,38.74,1.48,3.83,5.55,14.32,0.23,0.58,1.35,3.5,4.39,2.19,5.66,0.23,0.58,0.42,1.08,12.06,6.58,11.26,9.61,1.48,5.0,3.48,8.99
1230,Eredivisie (NL),91246,Yvandro Borges Sanches,Y. Borges Sanches,2004-05-24,50.73,12.59,14.44,11,11,0,311.0,28.27,0.91,3.21,3.55,12.54,0.18,0.64,0.91,3.21,4.73,2.0,7.07,0.18,0.64,0.36,1.29,9.73,5.09,10.18,7.91,0.73,4.38,2.0,7.07
1230,Eredivisie (NL),92778,Brayann Pereira,B. Pereira,2003-05-21,50.02,14.9,10.91,24,20,4,265.0,13.25,0.4,3.02,2.6,19.62,0.2,1.51,0.9,6.79,3.1,0.7,5.28,0.15,1.13,0.5,3.77,2.95,1.5,3.85,4.4,0.65,5.54,0.5,3.77
1230,Eredivisie (NL),99675,Paul Wanner,P. Wanner,2005-12-23,78.91,28.58,18.44,22,22,0,845.0,38.41,1.27,3.31,6.0,15.62,0.14,0.35,1.0,2.6,4.59,2.55,6.63,0.32,0.83,0.64,1.66,14.05,7.5,11.64,8.27,1.36,3.98,2.68,6.98
1230,Eredivisie (NL),101006,Olivier Aertssen,O. Aertssen,2004-08-07,71.76,17.03,22.8,28,27,1,608.0,22.52,1.19,5.26,3.85,17.1,0.52,2.3,1.3,5.76,2.78,1.0,4.44,0.44,1.97,1.56,6.91,3.67,2.11,5.04,11.37,2.11,9.85,0.93,4.11
1230,Eredivisie (NL),102798,Nils Rossen,N. Rossen,2004-08-01,88.77,22.25,27.38,27,25,2,1126.0,45.04,1.4,3.11,5.96,13.23,0.32,0.71,1.64,3.64,5.52,2.84,6.3,0.24,0.53,0.52,1.15,14.84,7.2,14.96,14.28,1.36,3.07,4.52,10.03
1230,Eredivisie (NL),104332,Lewis Schouten,L. Schouten,2004-02-04,56.69,16.77,15.94,23,21,2,235.0,11.19,0.24,2.13,2.62,23.4,0.1,0.85,0.24,2.13,1.43,0.52,4.68,0.29,2.55,0.48,4.26,2.14,1.24,2.0,5.81,0.76,6.9,0.52,4.68
1230,Eredivisie (NL),113243,Deveron Fonville,D. Fonville,2003-05-16,53.43,15.76,11.6,29,26,3,423.0,16.27,1.31,8.04,3.5,21.51,0.23,1.42,0.81,4.97,3.27,0.92,5.67,0.19,1.18,0.5,3.07,2.81,2.08,4.0,7.0,1.54,10.64,0.58,3.55
1230,Eredivisie (NL),113718,Amine Salama,A. Salama,2000-07-18,44.27,12.77,13.01,8,8,0,175.0,21.88,0.12,0.57,3.38,15.43,0.0,0.0,1.25,5.71,4.75,2.75,12.57,0.0,0.0,0.12,0.57,10.62,2.5,7.0,1.5,0.12,1.47,2.38,10.86
1230,Eredivisie (NL),113724,Matěj Šín,M. Šín,2004-06-02,34.65,9.45,9.39,18,18,0,416.0,23.11,0.72,3.13,2.89,12.5,0.06,0.24,0.83,3.61,3.72,2.11,9.14,0.22,0.96,0.11,0.48,9.0,5.44,7.72,4.44,0.56,2.8,2.0,8.65
1230,Eredivisie (NL),115593,Gyan de Regt,G. de Regt,2003-09-18,82.86,23.39,24.54,33,30,3,1343.0,44.77,0.83,1.86,5.67,12.66,0.2,0.45,1.87,4.17,8.57,4.5,10.05,0.13,0.3,0.43,0.97,16.87,8.53,14.77,7.17,0.47,1.89,5.2,11.62
1230,Eredivisie (NL),116942,Václav Sejk,V. Sejk,2002-05-18,35.0,8.37,8.64,17,17,0,404.0,23.76,0.35,1.48,2.59,10.89,0.12,0.49,1.71,7.18,7.41,1.65,6.93,0.0,0.0,0.06,0.25,12.94,4.65,8.59,1.24,0.12,2.01,3.0,12.62
1230,Eredivisie (NL),120545,Yarek Gasiorowski Hernandis,Yarek Gasiorowski,2005-01-12,84.64,29.32,20.41,28,27,1,415.0,15.37,0.41,2.65,4.0,26.02,0.26,1.69,0.63,4.1,2.41,0.7,4.58,0.7,4.58,0.56,3.61,3.59,1.3,3.96,8.04,1.37,10.28,0.41,2.65
1230,Eredivisie (NL),124345,Tristan Gooijer ,T. Gooijer,2004-09-02,63.36,16.16,19.04,23,22,1,464.0,21.09,0.64,3.02,3.23,15.3,0.41,1.94,1.23,5.82,2.77,0.95,4.53,0.82,3.88,0.86,4.1,5.45,2.64,6.14,9.05,1.5,8.15,1.32,6.25
1230,Eredivisie (NL),128541,Aurelio  Oehlers,A. Oehlers,2004-02-05,48.73,12.73,14.81,32,30,2,646.0,21.53,0.63,2.94,2.23,10.37,0.17,0.77,0.6,2.79,3.2,2.27,10.53,0.27,1.24,0.53,2.48,7.03,3.23,8.27,4.03,0.7,4.06,2.07,9.6
1230,Eredivisie (NL),128542,Rafik El Arguioui,R. El Arguioui,2005-07-31,33.3,8.68,10.82,2,2,0,30.0,15.0,0.5,3.33,1.5,10.0,0.0,0.0,0.5,3.33,0.0,1.0,6.66,0.5,3.33,0.5,3.33,2.5,1.0,5.0,6.5,1.5,13.58,1.0,6.66
1230,Eredivisie (NL),132223,Başar Önal,B. Önal,2004-07-06,76.79,23.59,17.37,29,26,3,697.0,26.81,0.73,2.73,4.04,15.07,0.31,1.15,1.65,6.17,5.85,2.23,8.32,0.12,0.43,0.46,1.72,9.62,4.31,11.0,4.58,0.31,1.66,1.31,4.88
1230,Eredivisie (NL),139821,Anton Gaaei,A. Gaaei,2002-11-19,77.2,25.7,20.6,28,28,0,692.0,24.71,0.79,3.18,4.07,16.47,0.39,1.59,1.0,4.05,4.07,1.39,5.64,0.43,1.73,0.89,3.61,6.29,2.79,7.82,7.18,1.07,5.21,1.36,5.49
1230,Eredivisie (NL),140944,Milan Smit,M. Smit,2003-02-13,78.04,23.61,21.43,19,19,0,950.0,50.0,0.58,1.16,6.21,12.42,0.21,0.42,1.58,3.16,13.11,3.26,6.53,0.05,0.11,0.16,0.32,23.74,9.16,17.84,7.47,0.47,1.39,5.79,11.58
1230,Eredivisie (NL),145084,Brahim Ghalidi,B. Ghalidi,2005-01-31,33.46,10.71,7.71,10,9,1,110.0,12.22,0.56,4.55,2.44,20.0,0.11,0.91,1.0,8.18,1.33,1.11,9.09,0.22,1.82,0.11,0.91,4.22,2.22,4.11,1.44,0.0,0.0,1.44,11.82
1230,Eredivisie (NL),151010,Timo Jansink,T. Jansink,2003-03-16,96.63,23.88,27.24,15,15,0,0.0,0.0,0.0,,0.0,,0.0,,0.0,,0.0,0.0,,0.0,,0.0,,0.0,0.0,0.0,0.0,0.0,,0.0,
1230,Eredivisie (NL),151545,Sem Scheperman,S. Scheperman,2002-06-24,76.08,18.31,22.05,16,16,0,585.0,36.56,0.88,2.39,5.0,13.68,0.38,1.03,1.0,2.74,5.5,1.5,4.1,0.62,1.71,1.0,2.74,9.0,5.75,8.5,14.19,1.94,5.43,2.75,7.52
1230,Eredivisie (NL),152161,Nikolai Søyset Hopland,N. Hopland,2004-07-24,37.4,10.28,9.59,17,17,0,118.0,6.94,0.35,5.08,1.24,17.8,0.06,0.85,0.29,4.24,1.35,0.06,0.85,0.47,6.78,0.35,5.08,1.47,1.06,1.53,4.0,1.0,15.44,0.29,4.24
1230,Eredivisie (NL),153322,Miliano Jonathans,M. Jonathans,2004-04-05,37.18,10.4,10.22,15,15,0,307.0,20.47,0.33,1.63,2.87,14.01,0.07,0.33,0.87,4.23,3.0,2.07,10.1,0.07,0.33,0.33,1.63,6.27,3.6,8.27,4.13,0.53,3.76,2.73,13.35
1230,Eredivisie (NL),153388,Justin Hubner,J. Hubner,2003-09-14,66.71,16.43,19.33,25,25,0,497.0,19.88,0.64,3.22,2.8,14.08,0.44,2.21,1.32,6.64,2.52,1.0,5.03,0.64,3.22,0.84,4.22,3.64,2.32,5.4,8.64,1.44,8.12,0.92,4.63
1230,Eredivisie (NL),154026,Ruben van Bommel,R. van Bommel,2004-08-03,63.73,23.44,13.38,6,5,1,145.0,29.0,0.8,2.76,5.2,17.93,0.2,0.69,1.4,4.83,6.4,1.4,4.83,0.2,0.69,0.0,0.0,11.6,4.2,12.0,2.6,0.8,2.81,2.2,7.59
1230,Eredivisie (NL),157427,Tristan van Gilst,T. van Gilst,2003-02-18,49.46,11.87,14.24,28,28,0,844.0,30.14,0.43,1.42,3.82,12.68,0.11,0.36,1.43,4.74,5.82,2.5,8.29,0.11,0.36,0.39,1.3,11.89,5.54,10.25,6.5,0.79,4.19,3.57,11.85
1230,Eredivisie (NL),159478,Billy van Duijl,B. van Duijl,2005-10-04,90.45,25.41,25.44,7,7,0,136.0,19.43,1.57,8.09,4.14,21.32,0.57,2.94,0.43,2.21,2.57,0.71,3.68,0.71,3.68,0.57,2.94,3.29,1.43,4.71,9.86,1.86,10.6,0.14,0.74
1230,Eredivisie (NL),159947,Jordan Bos,J. Bos,2002-10-29,79.19,23.11,21.09,28,27,1,746.0,27.63,1.26,4.56,5.33,19.3,0.41,1.47,1.07,3.89,5.07,2.41,8.71,0.41,1.47,0.52,1.88,8.19,3.78,7.96,7.22,1.56,6.94,1.74,6.3
1230,Eredivisie (NL),160749,Damian van der Haar,D. van der Haar,2004-01-16,12.77,1.88,3.85,3,2,1,7.0,3.5,0.0,0.0,0.5,14.29,0.0,0.0,0.5,14.29,0.5,0.0,0.0,0.0,0.0,0.0,0.0,0.0,0.0,1.5,1.0,0.0,0.0,0.5,14.28
1230,Eredivisie (NL),161117,Adrian Blake,A. Blake,2005-07-15,46.43,12.52,13.34,25,25,0,659.0,26.36,0.32,1.21,3.4,12.9,0.04,0.15,0.84,3.19,3.04,2.32,8.8,0.24,0.91,0.2,0.76,9.6,5.48,9.52,4.92,0.4,3.02,2.64,10.01
1230,Eredivisie (NL),161790,Noé Lebreton,N. Lebreton,2004-04-22,71.8,20.99,16.54,22,19,3,614.0,32.32,0.84,2.61,6.16,19.06,0.32,0.98,1.05,3.26,6.0,1.74,5.38,0.11,0.33,0.37,1.14,11.42,5.89,10.11,6.32,1.0,5.26,2.37,7.33
1230,Eredivisie (NL),166772,Bernt Klaverboer,B. Klaverboer,2005-09-26,98.27,28.41,28.11,29,28,1,0.0,0.0,0.0,,0.0,,0.0,,0.0,,0.0,0.0,,0.0,,0.0,,0.0,0.0,0.0,0.0,0.0,,0.0,
1230,Eredivisie (NL),167045,Nolan Martens,N. Martens,2004-07-07,56.15,15.0,17.91,9,9,0,190.0,21.11,0.67,3.16,3.56,16.84,0.67,3.16,1.89,8.95,3.44,0.89,4.21,0.56,2.63,1.44,6.84,4.0,2.67,6.67,10.33,1.44,7.8,0.78,3.68
1230,Eredivisie (NL),167699,Joel Ideho,J. Ideho,2003-07-17,50.5,14.0,15.02,24,22,2,584.0,26.55,0.86,3.25,2.91,10.96,0.14,0.51,0.82,3.08,4.18,2.59,9.76,0.23,0.86,0.36,1.37,10.0,4.95,9.14,4.86,0.41,1.99,3.18,11.99
1230,Eredivisie (NL),171394,Weslley  Pinto Batista,Weslley Patati,2003-10-01,57.08,17.94,14.56,27,27,0,1013.0,37.52,1.11,2.96,4.52,12.04,0.15,0.39,0.85,2.27,5.78,2.89,7.7,0.11,0.3,0.33,0.89,14.37,9.81,11.19,7.04,0.7,2.32,3.78,10.07
1230,Eredivisie (NL),174321,Sayfallah Ltaief,S. Ltaief,2000-04-22,63.65,15.35,21.54,8,8,0,334.0,41.75,1.12,2.7,3.62,8.68,0.0,0.0,2.12,5.09,8.88,2.62,6.29,0.25,0.6,0.88,2.09,12.88,9.38,15.12,9.0,0.75,2.01,3.88,9.28
1230,Eredivisie (NL),178839,Stefan Mitrović,S. Mitrović,2002-08-15,34.38,8.48,10.37,9,9,0,216.0,24.0,0.11,0.46,3.22,13.42,0.0,0.0,0.89,3.7,4.0,1.78,7.41,0.0,0.0,0.67,2.78,5.33,4.89,9.22,5.89,0.22,1.08,3.0,12.5
1230,Eredivisie (NL),179101,Oscar Gloukh,O. Gloukh,2004-04-01,56.55,18.7,14.56,28,27,1,876.0,32.44,0.63,1.94,4.59,14.16,0.11,0.34,1.11,3.42,3.56,2.93,9.02,0.07,0.23,0.56,1.71,11.3,5.63,10.22,7.0,0.37,1.51,3.52,10.84
1230,Eredivisie (NL),179529,Remi van Ekeris,R. van Ekeris,2002-09-23,,,,1,0,1,,,,,,,,,,,,,,,,,,,,,,,,,
1230,Eredivisie (NL),179537,Sami Ouaissa,S. Ouaissa,2004-10-02,89.28,27.84,19.73,32,28,4,935.0,33.39,0.89,2.67,5.29,15.83,0.46,1.39,1.11,3.32,5.75,2.86,8.56,0.21,0.64,0.61,1.82,13.61,6.54,10.61,6.11,0.68,2.53,2.14,6.42
1230,Eredivisie (NL),179545,Dion Versluis,D. Versluis,2003-02-17,8.53,1.94,2.42,6,6,0,39.0,6.5,0.0,0.0,0.83,12.82,0.0,0.0,0.17,2.56,1.17,0.5,7.69,0.0,0.0,0.0,0.0,1.17,1.83,1.83,1.67,0.17,5.0,0.67,10.26
1230,Eredivisie (NL),179984,Aske Emil Berg Adelgaard,A. Adelgaard,2003-11-10,62.02,17.34,17.82,27,27,0,663.0,24.56,0.96,3.92,3.44,14.03,0.19,0.75,1.22,4.98,3.15,1.52,6.18,0.37,1.51,1.07,4.37,5.89,3.33,7.15,10.59,1.22,5.76,1.22,4.98
1230,Eredivisie (NL),180027,Ryan Flamingo,R. Flamingo,2002-12-31,55.42,18.73,12.93,33,32,1,377.0,11.78,0.5,4.25,2.38,20.16,0.16,1.33,0.44,3.71,1.5,0.25,2.12,0.31,2.65,0.22,1.86,2.38,1.31,3.31,6.06,0.81,8.39,0.34,2.92
1230,Eredivisie (NL),180031,Duke Verduin,D. Verduin,2003-10-30,92.83,24.72,28.88,1,1,0,0.0,0.0,0.0,,0.0,,0.0,,0.0,,0.0,0.0,,0.0,,0.0,,0.0,0.0,0.0,0.0,0.0,,0.0,
1230,Eredivisie (NL),180755,Dylan Mertens,D. Mertens,1995-07-20,28.37,6.79,8.53,19,17,2,350.0,20.59,0.59,2.86,3.65,17.71,0.18,0.86,0.65,3.14,3.82,1.12,5.43,0.24,1.14,0.35,1.71,6.12,4.88,5.18,5.35,0.65,3.46,2.06,10.0
1230,Eredivisie (NL),180850,Donfack Ryan Gloire Fosso Ymefack,R. Fosso,2002-06-17,97.1,24.22,26.49,17,17,0,724.0,42.59,2.18,5.11,7.47,17.54,0.41,0.97,1.53,3.59,5.35,1.88,4.42,0.59,1.38,0.76,1.8,8.35,5.65,13.41,18.18,3.0,7.57,2.53,5.94
1230,Eredivisie (NL),183183,Ro-Zangelo Daal,R. Daal,2004-10-02,59.07,18.67,16.4,24,24,0,761.0,31.71,0.79,2.5,4.83,15.24,0.12,0.39,1.5,4.73,6.38,2.46,7.75,0.08,0.26,0.46,1.45,10.96,7.62,11.33,6.17,1.04,3.59,3.75,11.83
1230,Eredivisie (NL),183892,Esmir Bajraktarević,E. Bajraktarević,2005-03-10,42.04,15.07,9.84,28,28,0,603.0,21.54,0.57,2.65,3.68,17.08,0.29,1.33,0.64,2.99,3.61,1.5,6.96,0.04,0.17,0.18,0.83,7.46,3.93,7.14,3.61,0.46,2.51,2.0,9.29
1230,Eredivisie (NL),186808,Anselmo García MacNulty,A. García MacNulty,2003-02-19,95.61,23.86,30.05,32,30,2,600.0,20.0,0.77,3.83,3.97,19.83,0.4,2.0,1.07,5.33,3.17,0.5,2.5,0.73,3.67,0.63,3.17,3.0,1.8,3.93,12.8,2.33,12.53,0.5,2.5
1230,Eredivisie (NL),188375,Patrick Brouwer,P. Brouwer,2001-03-19,80.39,19.94,24.76,30,27,3,1319.0,48.85,0.96,1.97,5.3,10.84,0.19,0.38,1.78,3.64,9.15,3.89,7.96,0.15,0.3,0.63,1.29,17.7,9.59,18.3,8.93,1.07,2.77,5.33,10.92
1230,Eredivisie (NL),192477,Maas Willemsen,M. Willemsen,2003-04-29,92.27,27.09,26.51,30,29,1,425.0,14.66,0.76,5.18,3.07,20.94,0.14,0.94,0.69,4.71,1.97,0.17,1.18,0.69,4.71,0.55,3.76,2.66,1.21,3.31,8.52,1.59,11.82,0.34,2.35
1230,Eredivisie (NL),205100,Kayne van Oevelen,K. van Oevelen,2003-08-08,96.36,25.3,29.65,31,29,2,0.0,0.0,0.0,,0.0,,0.0,,0.0,,0.0,0.0,,0.0,,0.0,,0.0,0.0,0.0,0.0,0.0,,0.0,
1230,Eredivisie (NL),227946,Dave Kwakman,D. Kwakman,2004-08-07,54.84,14.25,15.82,16,15,1,325.0,21.67,0.73,3.38,3.13,14.46,0.33,1.54,0.73,3.38,3.13,1.13,5.23,0.27,1.23,0.67,3.08,4.27,3.0,6.27,9.8,2.27,12.04,1.53,7.08
1230,Eredivisie (NL),243272,David Voute,D. Voute,2005-11-04,33.93,8.32,10.95,3,3,0,36.0,12.0,0.67,5.55,2.67,22.22,0.33,2.78,1.33,11.11,2.33,0.33,2.78,0.0,0.0,2.33,19.44,0.33,1.33,1.67,8.0,1.67,15.1,0.33,2.78
1230,Eredivisie (NL),254419,Seiya Maikuma,S. Maikuma,1997-10-16,24.34,6.77,7.26,7,7,0,76.0,10.86,0.43,3.95,2.14,19.74,0.0,0.0,0.43,3.95,2.14,0.57,5.26,0.0,0.0,0.57,5.26,3.14,1.86,3.29,3.0,0.14,3.33,0.43,3.95
1230,Eredivisie (NL),285219,Teo Quintero León,T. Quintero,1999-03-02,85.7,22.96,26.16,29,29,0,785.0,27.07,1.07,3.95,4.76,17.58,0.72,2.68,1.41,5.22,3.79,0.66,2.42,0.86,3.18,1.31,4.84,4.97,3.45,7.52,13.07,2.55,9.72,1.0,3.69
1230,Eredivisie (NL),301646,Zach Booth,Z. Booth,2004-02-17,45.91,12.38,13.74,3,2,1,62.0,31.0,0.0,0.0,0.5,1.62,0.5,1.61,1.5,4.84,5.0,0.5,1.61,0.0,0.0,0.0,0.0,20.5,4.5,14.0,2.0,0.0,0.0,5.0,16.13
1230,Eredivisie (NL),308174,Thom van Bergen,T. van Bergen,2004-01-06,93.15,26.05,25.81,33,32,1,1987.0,62.09,1.09,1.76,8.97,14.44,0.38,0.6,2.69,4.33,12.16,5.0,8.05,0.06,0.1,0.44,0.7,30.28,11.25,20.22,4.62,0.47,1.07,7.66,12.33
1230,Eredivisie (NL),374695,Kees  Smit,K. Smit,2006-01-20,87.84,27.43,22.52,26,26,0,1030.0,39.62,1.73,4.37,6.54,16.51,0.19,0.49,1.31,3.3,6.27,2.35,5.92,0.31,0.78,0.58,1.46,12.38,6.08,11.42,12.0,1.88,5.75,2.81,7.09
1230,Eredivisie (NL),397543,Deron Payne,D. Payne,2002-09-25,68.2,16.86,21.94,14,13,1,347.0,26.69,1.08,4.03,3.85,14.41,0.54,2.02,1.23,4.61,3.23,1.46,5.48,0.69,2.59,1.69,6.34,4.46,3.23,6.38,13.38,1.85,7.65,0.92,3.46
1230,Eredivisie (NL),397544,Jorg Schreuders,J. Schreuders,2004-09-09,91.5,25.47,25.75,33,32,1,1436.0,44.88,1.56,3.48,7.03,15.67,0.25,0.56,1.78,3.97,9.09,3.66,8.15,0.53,1.18,0.41,0.91,17.69,8.88,13.78,8.53,1.12,2.91,4.47,9.96
1230,Eredivisie (NL),426445,Givairo Read,G. Read,2006-06-02,63.28,18.4,17.11,16,16,0,322.0,20.12,0.62,3.11,4.06,20.19,0.12,0.62,0.88,4.35,2.88,1.0,4.97,0.44,2.18,0.38,1.86,6.19,3.0,5.31,6.25,1.56,8.02,0.62,3.11
1230,Eredivisie (NL),426447,Robbin Weijenberg,R. Weijenberg,2004-11-08,28.3,11.23,5.67,2,2,0,24.0,12.0,1.0,8.33,1.0,8.33,0.5,4.17,1.0,8.33,1.0,0.5,4.17,0.0,0.0,1.0,8.33,5.5,1.0,4.5,2.0,0.5,5.0,0.5,4.17
1230,Eredivisie (NL),441611,Alwande Benedict Roaldsøy,A. Roaldsøy,2004-06-09,18.08,4.34,4.62,4,4,0,43.0,10.75,0.5,4.65,2.5,23.26,0.0,0.0,0.0,0.0,1.0,1.75,16.28,0.0,0.0,0.25,2.32,1.5,1.5,3.0,3.75,0.25,1.48,1.75,16.28
1230,Eredivisie (NL),441613,Oliver Johansen Braude,O. Braude,2004-02-21,96.04,27.84,27.19,32,31,1,1039.0,33.52,1.65,4.91,6.74,20.12,0.55,1.64,1.23,3.66,5.9,1.48,4.43,0.87,2.6,0.81,2.41,7.42,5.1,9.16,13.9,2.52,8.5,1.06,3.18
1230,Eredivisie (NL),473474,Tygo Land,T. Land,2006-01-11,57.52,16.15,16.71,28,27,1,893.0,33.07,1.11,3.36,4.78,14.45,0.37,1.12,1.07,3.25,2.67,2.26,6.83,0.19,0.56,0.74,2.24,10.15,5.85,9.0,8.89,1.22,4.53,2.89,8.73
1230,Eredivisie (NL),501354,Antonio Satriano,A. Satriano,2003-10-30,10.68,1.5,2.83,1,1,0,11.0,11.0,0.0,0.0,2.0,18.18,0.0,0.0,0.0,0.0,6.0,1.0,9.09,0.0,0.0,0.0,0.0,9.0,3.0,9.0,0.0,0.0,,2.0,18.18
1230,Eredivisie (NL),514682,Kiano Dyer,K. Dyer,2006-11-21,13.59,3.53,3.26,3,3,0,23.0,7.67,0.0,0.0,1.0,13.04,0.0,0.0,0.67,8.7,1.0,0.33,4.35,0.0,0.0,0.0,0.0,2.33,0.67,1.33,2.33,0.33,2.86,0.0,0.0
1230,Eredivisie (NL),514747,Mika Godts,M. Godts,2005-06-07,91.26,29.77,24.38,33,32,1,1288.0,40.25,1.03,2.56,4.62,11.49,0.28,0.7,1.44,3.57,6.94,3.09,7.69,0.03,0.08,0.66,1.63,13.94,7.09,12.81,7.5,0.78,2.34,3.5,8.7
1230,Eredivisie (NL),517156,Stav Lemkin,S. Lemkin,2003-04-02,88.48,26.79,24.39,24,24,0,330.0,13.75,0.5,3.64,3.58,26.06,0.04,0.3,0.42,3.03,2.75,0.08,0.61,0.42,3.03,0.5,3.64,1.92,1.54,2.79,8.33,1.46,11.18,0.21,1.51
1230,Eredivisie (NL),528011,Irakli Yegoian,I. Yegoian,2004-03-19,93.2,26.43,27.48,30,28,2,1606.0,57.36,1.68,2.93,9.29,16.19,0.46,0.81,1.5,2.62,10.0,3.43,5.98,0.18,0.31,1.0,1.74,22.18,10.75,17.68,14.57,2.0,4.99,6.43,11.21
1230,Eredivisie (NL),528013,Moussa Soumano,M. Soumano,2005-07-09,53.08,14.41,14.29,16,15,1,272.0,18.13,0.47,2.57,3.13,17.28,0.07,0.37,0.2,1.1,2.73,1.4,7.72,0.0,0.0,0.0,0.0,8.73,1.87,6.67,1.53,0.27,4.32,1.47,8.09
1230,Eredivisie (NL),548756,Tyrese Noslin,T. Noslin,2002-09-11,72.77,17.45,22.58,33,30,3,1097.0,36.57,1.2,3.28,4.77,13.03,0.47,1.28,2.23,6.11,6.03,2.83,7.75,0.47,1.28,1.7,4.65,9.7,5.47,11.93,11.3,1.57,4.84,2.37,6.47
1230,Eredivisie (NL),560917,Rhys Bozinovski,R. Bozinovski,2004-07-03,54.92,13.26,15.96,8,8,0,296.0,37.0,0.38,1.01,5.0,13.51,0.12,0.34,1.5,4.05,7.38,2.88,7.77,0.25,0.68,0.5,1.35,10.88,8.5,11.25,13.0,2.0,6.08,2.75,7.43
1230,Eredivisie (NL),569939,Mats Rots,M. Rots,2006-03-11,93.0,28.11,25.12,33,33,0,1079.0,32.7,2.18,6.67,5.94,18.17,0.3,0.93,1.88,5.75,5.36,1.85,5.65,0.7,2.13,1.3,3.99,6.79,4.18,9.7,11.12,1.94,6.78,1.3,3.99
1230,Eredivisie (NL),584968,Nökkvi Thórisson,N. Thórisson,1999-08-13,29.19,7.72,8.19,15,14,1,225.0,16.07,0.43,2.67,2.29,14.22,0.07,0.44,0.5,3.11,3.57,1.14,7.11,0.07,0.44,0.29,1.78,6.0,1.86,5.36,2.21,0.21,3.02,1.57,9.78
1230,Eredivisie (NL),584975,Alonzo Engwanda Ongena,A. Engwanda,2003-01-27,90.89,24.47,27.6,35,34,1,1769.0,52.03,1.82,3.5,8.03,15.43,0.68,1.3,1.68,3.22,8.62,3.21,6.16,0.47,0.9,1.03,1.98,13.79,10.62,12.88,20.71,3.32,6.74,4.24,8.14
1230,Eredivisie (NL),606611,Koki Ogawa,K. Ogawa,1997-08-08,54.72,17.63,12.17,26,23,3,565.0,24.57,0.22,0.88,3.87,15.75,0.0,0.0,0.91,3.72,5.43,1.91,7.79,0.0,0.0,0.04,0.18,14.22,4.0,10.3,1.22,0.22,1.72,1.91,7.79
1230,Eredivisie (NL),606982,Shunsuke Mito,S. Mito,2002-09-28,78.61,21.62,23.81,24,24,0,991.0,41.29,0.79,1.92,4.92,11.91,0.12,0.3,1.33,3.23,6.96,3.54,8.58,0.25,0.61,0.67,1.62,13.79,7.79,16.38,8.12,1.08,3.02,3.25,7.87
1230,Eredivisie (NL),619202,Malcolm Jeng,M. Jeng,2005-03-09,52.83,18.92,9.98,1,1,0,11.0,11.0,0.0,0.0,5.0,45.45,0.0,0.0,2.0,18.18,1.0,0.0,0.0,0.0,0.0,0.0,0.0,1.0,1.0,1.0,5.0,0.0,0.0,0.0,0.0
1230,Eredivisie (NL),619479,Eus Waayers,E. Waayers,2006-04-08,19.1,5.12,4.68,4,3,1,19.0,6.33,0.33,5.26,1.0,15.79,0.33,5.26,0.0,0.0,1.33,0.33,5.26,0.0,0.0,0.33,5.26,1.33,0.33,1.67,2.33,0.67,11.11,0.67,10.53
1230,Eredivisie (NL),636653,Travis Hernes,T. Hernes,2005-11-04,35.22,9.83,10.26,11,11,0,252.0,22.91,0.27,1.19,3.64,15.87,0.36,1.59,1.18,5.16,3.0,1.36,5.95,0.0,0.0,0.09,0.4,9.45,5.82,7.73,3.82,0.64,3.02,1.64,7.14
1230,Eredivisie (NL),637185,Emirhan Demircan ,E. Demircan,2005-01-20,21.98,6.28,4.52,6,6,0,46.0,7.67,0.67,8.69,1.17,15.22,0.0,0.0,0.33,4.35,2.0,0.5,6.52,0.17,2.17,0.0,0.0,2.67,1.5,2.0,1.67,0.17,2.5,1.0,13.04
1230,Eredivisie (NL),638871,Elijah Dijkstra,E. Dijkstra,2006-08-05,68.31,21.71,18.11,20,20,0,582.0,29.1,1.15,3.95,4.5,15.46,0.35,1.2,1.4,4.81,5.4,2.3,7.9,0.35,1.2,1.05,3.61,8.25,3.9,8.65,10.85,2.6,10.26,1.4,4.81
1230,Eredivisie (NL),657185,Guilherme Martinho Peixoto ,Guilherme Peixoto,2006-05-25,17.26,1.87,4.77,1,1,0,4.0,4.0,0.0,0.0,1.0,25.0,0.0,0.0,0.0,0.0,0.0,0.0,0.0,0.0,0.0,1.0,25.0,1.0,0.0,0.0,2.0,1.0,25.0,0.0,0.0
1230,Eredivisie (NL),657191,Shaqueel van Persie,S. van Persie,2006-11-16,17.38,4.88,3.97,3,3,0,25.0,8.33,0.33,4.0,1.0,12.0,0.0,0.0,0.0,0.0,1.33,0.0,0.0,0.0,0.0,0.0,0.0,3.67,1.67,3.0,0.33,0.33,7.14,0.33,4.0
1230,Eredivisie (NL),657193,Dies Janse,D. Janse,2006-01-17,95.75,26.61,26.56,30,29,1,497.0,17.14,0.93,5.43,4.17,24.35,0.03,0.2,0.69,4.02,2.9,0.21,1.21,0.69,4.02,0.52,3.02,3.59,1.93,4.14,9.52,1.79,11.51,0.38,2.21
1230,Eredivisie (NL),669486,Precious Ugwu,P. Ugwu,2006-02-08,83.63,22.25,25.05,28,26,2,899.0,34.58,1.58,4.56,5.92,17.13,0.23,0.67,1.58,4.56,5.88,1.81,5.23,0.73,2.11,1.35,3.89,6.54,7.23,8.54,15.38,3.0,9.89,1.85,5.34
1230,Eredivisie (NL),698117,Kodai  Sano,K. Sano,2003-09-25,99.9,30.72,22.15,34,30,4,1217.0,40.57,2.0,4.93,7.8,19.23,0.3,0.74,1.23,3.04,6.23,1.8,4.44,0.3,0.74,0.67,1.64,13.4,6.43,11.77,10.0,1.67,4.94,1.77,4.35
1230,Eredivisie (NL),715108,Luka  Kulenović,L. Kulenović,1999-09-29,61.67,15.04,17.37,29,29,0,866.0,29.86,0.34,1.15,3.21,10.74,0.14,0.46,1.1,3.7,5.97,1.93,6.47,0.0,0.0,0.1,0.35,13.97,3.55,10.17,3.55,0.17,0.31,3.93,13.16
1230,Eredivisie (NL),715869,Stefan Ingi Sigurdarson,S. Sigurdarson,2001-01-27,48.2,13.22,14.54,14,13,1,392.0,30.15,0.23,0.76,3.92,13.01,0.15,0.51,0.85,2.81,6.69,2.77,9.19,0.08,0.25,0.31,1.02,16.46,5.08,10.38,2.46,0.15,1.27,4.0,13.26
1230,Eredivisie (NL),731279,Espen van Ee,E. van Ee,2003-07-05,66.88,16.19,16.48,1,1,0,35.0,35.0,2.0,5.71,5.0,14.29,0.0,0.0,1.0,2.86,7.0,3.0,8.57,0.0,0.0,0.0,0.0,18.0,3.0,10.0,6.0,1.0,2.86,4.0,11.43
1230,Eredivisie (NL),732007,James McConnell,J. McConnell,2004-09-13,30.07,9.03,7.96,4,4,0,60.0,15.0,0.5,3.33,2.0,13.33,0.0,0.0,0.75,5.0,1.25,0.5,3.33,0.25,1.67,0.25,1.67,2.25,1.5,4.25,7.0,0.75,6.07,0.0,0.0
1230,Eredivisie (NL),737090,Mats Egbring,M. Egbring,2006-09-17,25.92,6.67,7.5,8,8,0,88.0,11.0,0.12,1.14,2.38,21.59,0.38,3.41,0.62,5.68,1.5,0.5,4.54,0.12,1.14,0.88,7.96,1.88,0.75,3.0,4.88,0.75,7.03,0.25,2.27
1230,Eredivisie (NL),737898,Gjivai Zechiël,G. Zechiël,2004-06-01,89.55,23.83,27.35,36,35,1,1610.0,46.0,1.17,2.55,6.86,14.91,0.4,0.87,1.26,2.73,6.2,3.11,6.77,0.11,0.25,0.69,1.49,14.89,7.71,15.83,14.54,1.86,4.75,4.51,9.81
1230,Eredivisie (NL),738212,Nick Fichtinger,N. Fichtinger,2004-04-06,42.35,9.54,11.96,20,19,1,514.0,27.05,1.11,4.09,5.0,18.48,0.21,0.78,0.74,2.72,3.79,1.42,5.25,0.05,0.19,0.68,2.53,7.21,5.26,7.05,9.74,1.21,4.58,2.53,9.34
1230,Eredivisie (NL),740321,Nordin Bukala,N. Bukala,2005-09-18,73.95,19.42,23.86,24,23,1,1200.0,52.17,1.52,2.92,5.78,11.08,0.3,0.58,1.39,2.67,8.04,4.39,8.42,0.43,0.83,1.17,2.25,15.91,11.57,16.52,16.3,2.7,5.83,5.78,11.08
1230,Eredivisie (NL),744590,Gerald Alders,G. Alders,2005-05-07,58.54,18.74,15.29,9,9,0,227.0,25.22,0.89,3.52,4.89,19.38,0.56,2.2,0.89,3.53,2.0,1.44,5.73,0.33,1.32,1.0,3.97,6.33,3.89,8.22,8.33,1.22,5.22,1.22,4.85
1230,Eredivisie (NL),758674,Jordy Bawuah,J. Bawuah,2006-11-17,11.6,3.92,1.85,1,1,0,3.0,3.0,1.0,33.33,0.0,0.0,0.0,0.0,0.0,0.0,0.0,0.0,0.0,0.0,0.0,0.0,0.0,0.0,0.0,1.0,0.0,0.0,,0.0,0.0
1230,Eredivisie (NL),758676,Tika de Jonge,T. de Jonge,2003-03-11,79.37,21.86,22.43,27,26,1,915.0,35.19,0.96,2.73,5.19,14.75,0.38,1.09,1.15,3.28,4.35,2.35,6.67,0.27,0.76,0.62,1.75,11.42,4.92,10.73,8.5,1.19,3.88,3.46,9.84
1230,Eredivisie (NL),758677,Wouter Prins,W. Prins,2004-02-06,28.67,7.43,7.88,21,21,0,226.0,10.76,0.67,6.2,1.9,17.7,0.1,0.88,0.67,6.19,1.62,0.62,5.75,0.19,1.77,0.48,4.42,2.33,1.52,2.67,3.9,0.71,8.08,0.48,4.43
1230,Eredivisie (NL),760147,Nicolas Verkooijen,N. Verkooijen,2006-12-05,7.04,2.26,1.89,3,3,0,15.0,5.0,0.0,0.0,0.67,13.34,0.0,0.0,0.0,0.0,2.33,0.33,6.67,0.0,0.0,0.0,0.0,3.33,0.67,2.0,0.0,0.0,,1.33,26.67
1230,Eredivisie (NL),773821,Nick Verschuren,N. Verschuren,2005-01-13,93.21,24.6,28.01,30,29,1,468.0,16.14,0.48,2.99,3.1,19.23,0.45,2.78,0.45,2.78,2.48,0.41,2.56,0.76,4.7,0.48,2.99,2.17,1.48,3.24,9.66,2.14,14.01,0.31,1.92
1230,Eredivisie (NL),791981,Sebastiaan Hagedoorn,S. Hagedoorn,2004-11-30,14.97,4.36,3.59,8,6,2,64.0,10.67,0.17,1.56,1.0,9.38,0.0,0.0,0.0,0.0,1.83,1.33,12.5,0.0,0.0,0.17,1.56,4.33,2.83,3.67,1.67,0.0,0.0,1.0,9.38
1230,Eredivisie (NL),792939,Tyrique Mercera,T. Mercera,2003-12-19,42.49,11.79,11.13,20,20,0,293.0,14.65,0.35,2.39,2.45,16.72,0.1,0.68,0.65,4.44,2.45,0.95,6.49,0.15,1.02,0.7,4.78,3.55,2.3,3.9,4.85,0.75,6.09,0.8,5.46
1230,Eredivisie (NL),795550,Max Balard,M. Balard,2000-11-20,91.3,23.84,26.26,32,31,1,1316.0,42.45,1.32,3.12,5.97,14.06,0.35,0.84,1.23,2.89,3.65,2.39,5.62,0.29,0.68,0.71,1.67,11.61,7.58,12.13,15.81,2.32,6.2,3.9,9.19
1230,Eredivisie (NL),798077,Rion Ichihara,R. Ichihara,2005-07-07,48.7,14.65,12.01,2,2,0,20.0,10.0,0.0,0.0,2.5,25.0,0.5,5.0,1.0,10.0,2.5,0.5,5.0,1.0,10.0,0.5,5.0,3.0,0.5,2.5,5.0,1.0,14.12,0.0,0.0
1230,Eredivisie (NL),799311,Maher Carrizo,M. Carrizo,2006-02-19,25.2,8.12,6.47,6,5,1,65.0,13.0,0.4,3.08,2.4,18.46,0.4,3.08,0.2,1.54,2.6,0.8,6.15,0.0,0.0,0.0,0.0,3.6,2.0,2.8,2.8,0.8,6.82,1.8,13.85
1230,Eredivisie (NL),800002,Yun Do-Young,Do-Young Yun,2006-10-28,18.39,4.32,4.29,6,5,1,39.0,7.8,0.4,5.13,0.8,10.26,0.0,0.0,0.2,2.56,1.2,0.4,5.13,0.2,2.56,0.0,0.0,1.6,1.4,2.4,3.4,0.2,5.29,0.6,7.69
1230,Eredivisie (NL),801732,Nils Eggens,N. Eggens,2005-04-08,8.68,2.11,1.1,2,2,0,1.0,0.5,0.0,0.0,0.5,100.0,0.0,0.0,0.0,0.0,0.0,0.0,0.0,0.0,0.0,0.0,0.0,0.0,0.0,0.0,0.5,0.0,0.0,0.0,0.0
1230,Eredivisie (NL),808625,Cherrion Valerius,C. Valerius,2005-09-22,70.72,18.31,20.03,28,27,1,665.0,24.63,0.78,3.16,3.89,15.79,0.67,2.71,1.22,4.96,3.63,1.33,5.41,0.41,1.65,0.85,3.46,5.37,3.26,6.52,10.96,1.96,8.58,1.07,4.36
1230,Eredivisie (NL),808649,Mateo Chávez García,M. Chávez,2004-05-12,45.36,12.74,12.31,20,20,0,352.0,17.6,1.0,5.68,2.95,16.76,0.25,1.42,0.75,4.26,3.4,1.0,5.68,0.35,1.99,1.15,6.53,4.4,2.15,4.9,6.65,1.05,6.79,0.6,3.41
1230,Eredivisie (NL),808654,Cedric Hatenboer,C. Hatenboer,2005-03-19,81.67,20.61,23.15,14,13,1,514.0,39.54,0.92,2.33,6.0,15.18,0.15,0.39,1.46,3.7,4.85,2.46,6.23,0.31,0.78,0.92,2.33,11.62,6.62,10.92,12.08,1.62,4.15,3.46,8.76
1230,Eredivisie (NL),808791,Dylan  Ruward,D. Ruward,2005-01-21,15.08,1.65,9.09,1,1,0,10.0,10.0,0.0,0.0,0.0,0.0,0.0,0.0,1.0,10.0,0.0,0.0,0.0,0.0,0.0,0.0,0.0,0.0,2.0,0.0,10.0,0.0,0.0,0.0,0.0
1230,Eredivisie (NL),809821,Anis Hadj-Moussa,A. Hadj-Moussa,2002-02-11,91.51,26.87,24.02,30,29,1,1108.0,38.21,1.07,2.8,4.34,11.37,0.24,0.63,1.34,3.52,8.9,4.03,10.56,0.0,0.0,0.66,1.71,17.59,8.0,14.93,4.38,0.38,1.27,4.0,10.47
1230,Eredivisie (NL),810626,Marko Kerkez,M. Kerkez,2000-06-26,9.73,1.39,3.41,3,3,0,21.0,7.0,0.0,0.0,0.67,9.52,0.0,0.0,0.33,4.76,1.0,0.33,4.76,0.33,4.76,0.0,0.0,1.33,1.67,0.33,3.33,1.0,17.78,0.33,4.76
1230,Eredivisie (NL),810646,Joel van den Berg,J. van den Berg,2007-02-11,31.18,12.06,7.4,5,5,0,82.0,16.4,0.8,4.88,2.4,14.63,0.0,0.0,0.4,2.44,1.6,1.0,6.1,0.0,0.0,0.2,1.22,5.6,2.8,5.4,3.0,0.4,3.95,1.6,9.76
1230,Eredivisie (NL),810647,Jim Koller,J. Koller,2007-03-31,9.24,2.35,2.62,2,2,0,11.0,5.5,0.0,0.0,2.0,36.37,0.0,0.0,0.0,0.0,0.5,0.5,9.09,0.0,0.0,0.0,0.0,0.0,0.5,2.5,0.5,0.0,0.0,0.5,9.09
1230,Eredivisie (NL),810654,Eser Hayati Gürbüz,E. Gürbüz,2007-03-06,24.29,6.18,6.89,16,15,1,263.0,17.53,0.47,2.66,2.47,14.07,0.07,0.38,0.2,1.14,3.4,1.07,6.08,0.07,0.38,0.33,1.9,5.87,4.87,5.4,3.8,0.33,4.51,1.93,11.03
1230,Eredivisie (NL),810883,Fabian Merién,F. Merién,2008-09-26,7.75,3.26,2.66,1,1,0,2.0,2.0,0.0,0.0,0.0,0.0,0.0,0.0,1.0,50.0,0.0,0.0,0.0,0.0,0.0,0.0,0.0,0.0,0.0,0.0,2.0,0.0,0.0,0.0,0.0
1230,Eredivisie (NL),810892,Sean Steur,S. Steur,2008-01-11,65.88,21.29,18.98,20,20,0,649.0,32.45,0.75,2.31,4.35,13.41,0.3,0.92,1.25,3.85,3.85,2.3,7.09,0.25,0.77,0.65,2.0,8.6,4.65,10.35,10.65,1.0,3.33,3.5,10.79
1230,Eredivisie (NL),810896,Ayoub Ouarghi,A. Ouarghi,2008-02-05,13.06,2.78,3.15,1,1,0,8.0,8.0,0.0,0.0,0.0,0.0,0.0,0.0,1.0,12.5,1.0,0.0,0.0,0.0,0.0,0.0,0.0,2.0,2.0,3.0,0.0,0.0,,0.0,0.0
1230,Eredivisie (NL),810899,Ruud Nijstad,R. Nijstad,2008-01-17,85.43,25.84,24.55,20,20,0,221.0,11.05,0.55,4.98,2.35,21.27,0.15,1.36,0.9,8.15,1.9,0.15,1.36,0.5,4.53,0.35,3.17,1.8,0.6,2.4,6.15,1.2,11.36,0.15,1.36
1230,Eredivisie (NL),810907,Jaygo van Ommeren,J. van Ommeren,2008-05-08,25.11,7.29,5.3,2,2,0,19.0,9.5,0.5,5.26,3.5,36.84,0.0,0.0,1.0,10.52,1.5,0.0,0.0,0.0,0.0,0.5,5.26,0.5,1.5,1.5,4.5,1.5,15.52,0.0,0.0
1230,Eredivisie (NL),811830,Rio Robbemond,R. Robbemond,2005-01-05,70.82,23.1,26.61,1,1,0,45.0,45.0,1.0,2.22,4.0,8.89,0.0,0.0,1.0,2.22,4.0,5.0,11.11,1.0,2.22,2.0,4.44,14.0,3.0,14.0,12.0,2.0,4.44,3.0,6.67
1230,Eredivisie (NL),811865,Kasper Boogaard,K. Boogaard,2006-01-29,69.02,20.93,20.45,11,11,0,356.0,32.36,0.45,1.4,4.27,13.2,0.18,0.56,1.0,3.09,3.64,1.45,4.49,0.36,1.12,0.55,1.69,8.91,4.82,8.55,10.36,1.64,4.89,1.91,5.9
1230,Eredivisie (NL),812847,Jorthy Mokio,J. Mokio,2007-01-04,57.34,18.3,16.0,28,28,0,799.0,28.54,1.43,5.01,5.25,18.4,0.32,1.13,0.75,2.63,4.79,1.64,5.76,0.39,1.38,0.79,2.75,7.25,5.25,8.5,10.14,1.54,6.8,2.25,7.88
1230,Eredivisie (NL),817285,Sondre Holmlund Ørjasæter,S. Ørjasæter,2003-11-28,73.44,22.99,19.73,29,29,0,1089.0,37.55,1.14,3.03,5.21,13.87,0.21,0.55,1.24,3.31,6.31,3.93,10.47,0.03,0.09,0.38,1.01,13.97,7.21,12.79,5.76,0.45,1.55,3.31,8.81
1230,Eredivisie (NL),817449,Marcus Linday,M. Linday,2003-06-02,77.96,23.26,21.99,33,32,1,1393.0,43.53,1.5,3.44,7.59,17.44,0.31,0.72,1.22,2.8,7.03,2.19,5.02,0.41,0.93,0.56,1.29,13.28,7.84,12.38,14.53,1.97,4.75,4.06,9.33
1230,Eredivisie (NL),818248,Kento Shiogai,K. Shiogai,2005-03-26,36.6,10.86,7.52,12,11,1,165.0,15.0,0.27,1.82,2.55,16.97,0.0,0.0,0.82,5.45,5.36,0.73,4.85,0.0,0.0,0.18,1.21,5.82,2.45,5.09,2.36,0.18,6.28,0.64,4.24
1230,Eredivisie (NL),818259,Lucas Vennegoor of Hesselink,L. Vennegoor of Hesselink,2006-03-14,17.91,5.41,3.4,5,5,0,25.0,5.0,0.2,4.0,1.0,20.0,0.0,0.0,0.2,4.0,1.8,0.2,4.0,0.0,0.0,0.0,0.0,1.6,0.8,1.6,0.6,0.2,6.67,0.2,4.0
1230,Eredivisie (NL),818282,Myron Mau-Asam,M. Mau-Asam,2004-04-01,,,,1,0,1,,,,,,,,,,,,,,,,,,,,,,,,,
1230,Eredivisie (NL),819069,Aaron George Wilem Bouwman,A. Bouwman,2007-08-28,82.13,27.25,21.05,9,9,0,117.0,13.0,0.33,2.56,3.0,23.08,0.22,1.71,0.56,4.27,1.67,0.44,3.42,0.89,6.84,0.33,2.56,2.67,1.22,3.0,7.78,2.11,17.75,0.56,4.27
1230,Eredivisie (NL),819172,Daan Bisshops,D. Bisshops,2005-03-30,94.12,24.83,26.37,1,1,0,26.0,26.0,0.0,0.0,5.0,19.23,0.0,0.0,2.0,7.69,8.0,0.0,0.0,2.0,7.69,1.0,3.85,4.0,2.0,6.0,12.0,2.0,7.69,2.0,7.69
1230,Eredivisie (NL),820777,Chris-Kévin Nadje,C. Nadje,2001-08-14,38.61,10.29,10.48,7,7,0,117.0,16.71,0.71,4.27,2.86,17.09,0.0,0.0,0.14,0.85,2.29,0.86,5.13,0.14,0.86,0.29,1.71,1.86,2.86,4.0,6.29,0.29,2.09,1.71,10.26
1230,Eredivisie (NL),826719,Tristan Schenkhuizen,T. Schenkhuizen,2004-07-12,29.75,8.44,7.11,4,4,0,46.0,11.5,0.25,2.17,3.25,28.26,0.25,2.17,0.5,4.35,1.75,0.75,6.53,0.0,0.0,0.5,4.35,3.5,1.75,3.75,4.0,1.25,12.58,1.0,8.7
1230,Eredivisie (NL),826745,Jop Tijink,J. Tijink,2005-01-30,8.93,2.54,3.02,1,1,0,0.0,0.0,0.0,,0.0,,0.0,,0.0,,0.0,0.0,,0.0,,0.0,,0.0,0.0,0.0,0.0,0.0,,0.0,
1230,Eredivisie (NL),827690,Juho Talvitie,J. Talvitie,2005-03-25,56.2,15.71,15.03,27,27,0,704.0,26.07,0.74,2.84,4.0,15.34,0.26,0.99,0.96,3.69,3.37,2.93,11.22,0.11,0.43,0.63,2.42,8.59,4.41,8.85,6.37,0.44,1.74,2.85,10.94
1230,Eredivisie (NL),850854,Benjamin Pauwels,B. Pauwels,2004-10-29,52.13,13.08,16.72,8,8,0,208.0,26.0,0.5,1.92,3.25,12.5,0.0,0.0,0.75,2.88,2.75,3.0,11.54,0.0,0.0,0.25,0.96,9.38,4.88,11.5,4.5,0.25,1.59,2.88,11.06
1230,Eredivisie (NL),850859,Guilliano Cairo,G. Cairo,2006-03-18,,,,1,0,1,,,,,,,,,,,,,,,,,,,,,,,,,
1230,Eredivisie (NL),850862,Nesto Groen,N. Groen,2004-07-22,24.15,6.36,5.12,1,1,0,13.0,13.0,0.0,0.0,1.0,7.69,0.0,0.0,1.0,7.69,2.0,1.0,7.69,0.0,0.0,0.0,0.0,9.0,2.0,4.0,0.0,0.0,,3.0,23.08
1230,Eredivisie (NL),850868,Isaiah Ahmed,I. Ahmed,2005-12-28,7.08,1.43,2.1,2,2,0,5.0,2.5,0.0,0.0,1.0,40.0,0.0,0.0,0.0,0.0,0.5,0.0,0.0,0.0,0.0,0.0,0.0,0.5,0.5,0.5,1.0,0.5,12.5,0.5,20.0
1230,Eredivisie (NL),850871,Luka Tunjić,L. Tunjić,2005-11-19,29.64,7.06,8.29,16,16,0,342.0,21.38,0.62,2.92,3.44,16.08,0.25,1.17,0.94,4.39,3.38,1.38,6.43,0.12,0.58,0.38,1.75,4.31,5.0,4.38,6.19,0.69,4.29,1.81,8.48
1230,Eredivisie (NL),850872,Marvin Young ,M. Young,2005-10-02,97.57,25.9,29.89,31,31,0,658.0,21.23,1.16,5.47,3.71,17.48,0.42,1.98,0.74,3.5,2.81,0.55,2.58,1.0,4.71,0.68,3.19,3.97,2.19,5.58,12.29,3.03,14.87,0.65,3.04
1230,Eredivisie (NL),850874,Tiago Codinha,T. Codinha,2005-07-20,11.22,2.74,3.38,2,2,0,13.0,6.5,0.0,0.0,0.5,7.69,0.0,0.0,0.0,0.0,1.0,0.0,0.0,0.5,7.69,0.0,0.0,1.5,1.5,1.0,2.5,0.5,7.69,1.0,15.38
1230,Eredivisie (NL),851980,Sem van Duijn,S. van Duijn,2004-03-18,77.82,19.68,20.71,13,12,1,567.0,47.25,0.75,1.59,6.08,12.87,0.17,0.35,2.42,5.12,12.0,4.08,8.64,0.0,0.0,0.42,0.88,20.67,10.17,13.75,6.42,0.83,1.97,4.5,9.52
1230,Eredivisie (NL),852482,Don-Angelo Konadu,D. Konadu,2006-05-03,25.47,8.15,6.34,9,9,0,115.0,12.78,0.11,0.87,2.22,17.39,0.0,0.0,0.33,2.61,4.11,1.11,8.7,0.0,0.0,0.0,0.0,6.11,2.22,5.0,1.0,0.11,4.45,1.22,9.56
1230,Eredivisie (NL),852483,Jan Faberski,J. Faberski,2006-04-22,30.85,7.52,9.51,18,18,0,367.0,20.39,0.72,3.54,2.11,10.36,0.0,0.0,0.61,3.0,3.28,2.0,9.81,0.06,0.27,0.56,2.72,6.83,4.11,6.72,6.11,0.83,4.52,2.39,11.72
1230,Eredivisie (NL),857677,Guus Offerhaus,G. Offerhaus,2001-01-03,98.69,24.37,29.61,32,29,3,864.0,29.79,1.0,3.36,4.79,16.09,0.17,0.58,1.31,4.4,4.1,1.28,4.28,1.1,3.7,0.83,2.78,6.97,3.72,7.21,13.79,2.0,7.73,1.55,5.21
1230,Eredivisie (NL),857679,Adil Lechkar,A. Lechkar,2001-09-02,22.99,5.35,6.47,16,15,1,160.0,10.67,0.27,2.5,0.93,8.75,0.07,0.62,0.6,5.62,1.87,0.8,7.5,0.13,1.25,0.07,0.62,3.2,2.2,3.6,3.47,0.47,5.84,0.53,5.0
1230,Eredivisie (NL),857680,Soufiane  Hetli,S. Hetli,2001-05-30,55.69,13.68,17.57,30,27,3,1047.0,38.78,0.78,2.01,4.3,11.08,0.22,0.57,1.41,3.63,5.81,3.0,7.74,0.04,0.1,0.33,0.86,14.85,6.48,14.11,4.93,0.63,2.99,4.19,10.79
1230,Eredivisie (NL),862032,Ayoub Oufkir,A. Oufkir,2006-01-04,41.4,10.73,12.1,22,22,0,585.0,26.59,0.73,2.73,4.18,15.73,0.09,0.34,0.68,2.56,5.27,2.23,8.38,0.14,0.51,0.36,1.37,7.32,4.95,9.09,5.5,0.82,3.98,2.91,10.94
1230,Eredivisie (NL),864721,Daan van Reeuwijk,D. van Reeuwijk,2007-05-09,45.2,11.85,11.07,1,1,0,10.0,10.0,0.0,0.0,3.0,30.0,0.0,0.0,0.0,0.0,1.0,0.0,0.0,0.0,0.0,0.0,0.0,2.0,0.0,0.0,4.0,1.0,10.0,0.0,0.0
1230,Eredivisie (NL),868132,Stijn Middendorp,S. Middendorp,2004-12-02,30.17,8.49,9.12,6,5,1,97.0,19.4,0.4,2.06,1.8,9.28,0.0,0.0,1.0,5.15,5.4,1.4,7.22,0.0,0.0,0.6,3.09,7.4,5.0,4.6,6.4,1.0,8.23,1.6,8.25
1230,Eredivisie (NL),883712,Jinairo Chiso Irechukwu Johnson,J. Johnson,2007-04-08,15.62,4.73,4.24,1,1,0,9.0,9.0,1.0,11.11,1.0,11.11,0.0,0.0,0.0,0.0,1.0,1.0,11.11,0.0,0.0,1.0,11.11,2.0,2.0,3.0,1.0,0.0,0.0,0.0,0.0
1230,Eredivisie (NL),886936,Jan Plug,J. Plug,2005-04-02,27.11,8.73,7.11,5,5,0,50.0,10.0,0.6,6.0,1.4,14.0,0.0,0.0,0.4,4.0,1.2,0.6,6.0,0.2,2.0,1.2,12.0,1.0,2.0,1.6,4.2,0.8,9.42,0.8,8.0
1230,Eredivisie (NL),891748,Gaoussou Diarra,G. Diarra,2002-11-21,39.45,11.67,9.29,6,6,0,116.0,19.33,0.33,1.73,3.5,18.11,0.0,0.0,1.0,5.17,4.17,1.67,8.62,0.0,0.0,0.17,0.86,8.17,3.0,7.17,2.67,0.83,6.64,2.5,12.93
1230,Eredivisie (NL),896658,Artem Stepanov,A. Stepanov,2007-08-10,66.64,17.89,21.3,15,14,1,651.0,46.5,0.29,0.61,4.5,9.68,0.36,0.77,1.43,3.07,8.0,3.5,7.53,0.0,0.0,0.14,0.31,21.86,8.5,15.93,5.14,0.64,2.12,4.5,9.68
1230,Eredivisie (NL),905349,Emeka Adiele,E. Adiele,2007-07-31,5.23,0.68,1.02,2,1,1,4.0,4.0,0.0,0.0,0.0,0.0,0.0,0.0,1.0,25.0,1.0,0.0,0.0,0.0,0.0,0.0,0.0,0.0,2.0,0.0,4.0,3.0,75.0,0.0,0.0
1230,Eredivisie (NL),907180,Luca Blondeau,L. Blondeau,2006-02-11,48.8,13.11,17.51,2,2,0,22.0,11.0,0.5,4.55,3.0,27.27,0.0,0.0,0.5,4.55,2.0,0.5,4.55,1.0,9.09,0.0,0.0,1.0,1.0,1.0,7.5,3.0,27.27,0.0,0.0
1230,Eredivisie (NL),927022,Noah Fernandez,N. Fernandez,2008-01-09,41.23,13.6,9.56,10,10,0,192.0,19.2,0.8,4.17,2.4,12.5,0.1,0.52,0.1,0.52,3.4,1.2,6.25,0.0,0.0,0.8,4.17,7.6,5.1,5.4,4.9,1.0,6.06,1.9,9.89
1230,Eredivisie (NL),928186,Hasip Korkmazyürek,H. Korkmazyürek,2003-05-01,2.38,0.82,0.7,1,1,0,1.0,1.0,0.0,0.0,0.0,0.0,0.0,0.0,0.0,0.0,0.0,0.0,0.0,0.0,0.0,0.0,0.0,0.0,0.0,1.0,0.0,0.0,,0.0,0.0
1230,Eredivisie (NL),944358,Aymen Sliti,A. Sliti,2006-03-24,30.95,8.43,7.47,19,19,0,271.0,14.26,0.26,1.85,2.21,15.5,0.05,0.37,0.53,3.69,2.11,1.21,8.49,0.05,0.37,0.32,2.21,4.68,3.11,4.68,3.21,0.21,3.39,1.21,8.49
1230,Eredivisie (NL),944361,Tobias van den Elshout,T. van den Elshout,2007-02-02,39.51,9.99,11.52,11,10,1,224.0,22.4,0.4,1.78,2.9,12.95,0.2,0.89,1.0,4.46,4.2,2.0,8.93,0.1,0.45,0.1,0.45,9.3,4.4,8.0,4.6,0.7,4.0,2.1,9.38
1230,Eredivisie (NL),946249,Thijs Kraaijeveld,T. Kraaijeveld,2007-05-03,51.97,13.94,15.18,15,14,1,205.0,14.64,0.5,3.41,3.36,22.93,0.07,0.49,0.71,4.88,2.29,0.5,3.41,0.29,1.95,0.29,1.95,3.5,1.79,4.0,6.14,1.29,10.07,0.5,3.42
1230,Eredivisie (NL),956504,Jerolldino Bergraaf,J. Bergraaf,2006-07-05,49.72,14.09,14.8,23,21,2,751.0,35.76,0.52,1.46,4.0,11.19,0.14,0.4,1.57,4.39,12.33,2.29,6.39,0.14,0.4,0.05,0.13,19.81,6.81,12.52,2.29,0.05,0.48,4.52,12.65
1230,Eredivisie (NL),956506,Tyrone Owusu,T. Owusu,1999-03-05,77.34,20.12,23.64,22,19,3,943.0,49.63,1.74,3.5,6.53,13.15,0.32,0.64,1.37,2.76,6.16,3.68,7.42,0.42,0.85,0.68,1.38,13.0,9.16,14.0,13.84,1.74,3.99,4.37,8.8
1230,Eredivisie (NL),968125,Tijmen Holla,T. Holla,2006-07-25,,,,1,0,1,,,,,,,,,,,,,,,,,,,,,,,,,
1230,Eredivisie (NL),970229,Jelani Seedorf,J. Seedorf,,18.67,3.96,4.45,12,11,1,111.0,10.09,0.18,1.8,1.36,13.51,0.0,0.0,0.45,4.5,3.18,0.73,7.21,0.09,0.9,0.09,0.9,3.55,1.82,2.18,1.64,0.27,4.93,0.45,4.51
1230,Eredivisie (NL),970682,Rayane Bounida,R. Bounida,2006-03-03,42.79,13.43,11.36,21,20,1,519.0,25.95,0.7,2.7,3.85,14.84,0.0,0.0,0.6,2.31,4.2,2.1,8.09,0.15,0.58,0.65,2.51,9.6,4.85,9.15,5.55,0.65,2.76,2.65,10.21
1230,Eredivisie (NL),971288,Key-Shawn Wong-A-Soij,K. Wong-A-Soij,2006-10-01,10.99,2.75,3.58,3,3,0,16.0,5.33,0.0,0.0,0.33,6.25,0.0,0.0,0.67,12.5,0.67,1.33,25.0,0.0,0.0,0.0,0.0,2.0,1.33,1.67,1.67,0.0,0.0,0.0,0.0
1230,Eredivisie (NL),972646,Gabriël Reiziger,G. Reiziger,2005-10-10,22.69,5.68,5.85,12,11,1,141.0,12.82,0.09,0.71,2.09,16.31,0.27,2.13,0.18,1.42,2.09,1.27,9.93,0.09,0.71,0.18,1.42,3.73,2.09,3.82,3.09,0.45,5.43,1.0,7.8
1230,Eredivisie (NL),973216,Wassim Bouziane,W. Bouziane,2006-12-22,23.21,6.37,5.09,4,4,0,30.0,7.5,0.75,10.0,0.25,3.33,0.0,0.0,0.25,3.33,1.0,0.5,6.67,0.0,0.0,0.0,0.0,3.25,2.25,3.75,1.5,0.25,3.33,0.5,6.67
1230,Eredivisie (NL),975407,Yousri Sbai,Y. Sbai,2004-08-08,5.96,1.24,1.81,2,2,0,6.0,3.0,0.5,16.67,0.5,16.67,0.0,0.0,0.0,0.0,0.0,0.5,16.67,0.0,0.0,0.0,0.0,0.5,0.5,0.5,1.0,0.5,16.67,0.0,0.0
1230,Eredivisie (NL),982008,Lushendry Martes,L. Martes,2008-05-06,78.81,22.65,22.83,12,12,0,428.0,35.67,1.75,4.91,6.0,16.82,1.08,3.04,2.58,7.24,5.75,2.17,6.08,0.75,2.1,2.17,6.07,8.17,5.5,9.92,13.75,2.75,7.92,1.33,3.74
1230,Eredivisie (NL),991461,Jivayno Jaell Zinhagel,J. Zinhagel,2009-04-18,18.9,6.29,4.73,1,1,0,4.0,4.0,0.0,0.0,2.0,50.0,0.0,0.0,0.0,0.0,1.0,0.0,0.0,0.0,0.0,0.0,0.0,0.0,0.0,1.0,0.0,0.0,,0.0,0.0
1230,Eredivisie (NL),991477,Jadiel Pereira da Gama,J. Pereira da Gama,2009-12-15,26.46,6.37,7.4,10,9,1,143.0,15.89,0.44,2.8,2.11,13.29,0.0,0.0,0.44,2.8,1.89,0.78,4.9,0.0,0.0,0.11,0.7,3.78,3.22,4.11,6.89,0.89,9.14,2.0,12.59
1230,Eredivisie (NL),998283,Owen Johnson,O. Johnson,2005-08-03,9.84,2.25,2.16,4,4,0,9.0,2.25,0.0,0.0,0.25,11.11,0.0,0.0,0.25,11.11,0.5,0.0,0.0,0.0,0.0,0.0,0.0,1.5,0.25,0.0,0.25,0.0,0.0,0.0,0.0
1230,Eredivisie (NL),1001078,Ofosu Boakye,O. Boakye,2007-07-10,10.63,2.78,2.38,1,1,0,9.0,9.0,0.0,0.0,1.0,11.11,0.0,0.0,1.0,11.11,0.0,0.0,0.0,0.0,0.0,0.0,0.0,2.0,2.0,3.0,3.0,2.0,22.22,0.0,0.0
1230,Eredivisie (NL),1021955,Yassir Salah Rahmouni,Y. Salah Rahmouni,2006-06-13,43.63,12.64,12.39,20,20,0,449.0,22.45,0.5,2.23,3.95,17.6,0.15,0.67,0.65,2.9,3.2,1.0,4.45,0.35,1.56,0.5,2.23,5.9,3.75,5.6,10.7,1.2,5.23,1.3,5.79
1230,Eredivisie (NL),1022254,Moussa Gbemou,G. Moussa,2007-09-09,15.4,3.68,3.69,3,3,0,32.0,10.67,0.67,6.25,2.33,21.87,0.33,3.12,0.0,0.0,2.0,0.67,6.25,0.0,0.0,0.33,3.12,1.67,2.67,2.0,4.0,1.0,12.23,1.33,12.5
1230,Eredivisie (NL),1022377,Jesper Tielemans,J. Tielemans,2006-05-17,11.06,5.77,1.87,1,1,0,5.0,5.0,0.0,0.0,2.0,40.0,0.0,0.0,0.0,0.0,2.0,0.0,0.0,0.0,0.0,0.0,0.0,0.0,1.0,2.0,1.0,1.0,20.0,0.0,0.0
1230,Eredivisie (NL),1022378,Robin Van Cruijsen,R. Van Cruijsen,2006-02-20,60.18,16.18,18.22,24,22,2,870.0,39.55,0.86,2.18,4.41,11.15,0.23,0.57,1.36,3.45,4.05,3.36,8.51,0.27,0.69,0.59,1.49,15.0,6.91,12.14,8.36,0.82,3.46,5.73,14.48
1230,Eredivisie (NL),1022379,Jermaine Rijssel,J. Rijssel,2005-03-25,11.16,3.03,2.39,1,1,0,5.0,5.0,0.0,0.0,0.0,0.0,1.0,20.0,1.0,20.0,1.0,0.0,0.0,0.0,0.0,0.0,0.0,2.0,1.0,2.0,1.0,0.0,0.0,0.0,0.0
1230,Eredivisie (NL),1022381,Pepijn Reulen,P. Reulen,2008-06-01,24.22,7.0,5.81,16,15,1,161.0,10.73,0.13,1.24,2.07,19.26,0.0,0.0,0.27,2.48,3.27,0.47,4.35,0.0,0.0,0.07,0.62,4.73,1.8,3.8,0.67,0.0,0.0,1.27,11.8
1230,Eredivisie (NL),1022383,Sam De Laat,S. De Laat,2006-06-12,,,,1,0,1,,,,,,,,,,,,,,,,,,,,,,,,,
1230,Eredivisie (NL),1022394,Ayoni  Santos,A. Santos,2005-07-18,65.53,18.82,19.58,24,24,0,982.0,40.92,1.62,3.97,4.29,10.49,0.17,0.41,1.17,2.85,10.21,2.88,7.03,0.21,0.51,0.67,1.63,13.38,6.67,14.79,9.62,1.12,3.16,3.71,9.06
1230,Eredivisie (NL),1022471,Neville Ogidi Nwankwo,N. Ogidi Nwankwo,2002-10-08,84.57,20.93,24.52,26,25,1,559.0,22.36,0.76,3.4,3.96,17.71,0.44,1.97,1.0,4.47,3.88,0.96,4.29,0.6,2.68,1.12,5.01,5.28,2.52,5.08,10.96,2.32,11.48,0.76,3.4
1230,Eredivisie (NL),1022473,Rojendro Jeveraino Oudsten,R. Jeveraino Oudsten,2007-11-12,18.88,4.38,5.23,8,8,0,45.0,5.62,0.25,4.44,1.0,17.78,0.0,0.0,0.38,6.67,1.38,0.12,2.22,0.12,2.22,0.25,4.44,1.0,1.38,1.0,2.25,0.38,9.44,0.12,2.22
1230,Eredivisie (NL),1022474,Giannino Vianello,G. Vianello,2007-06-10,65.75,18.93,20.15,5,5,0,113.0,22.6,0.8,3.54,3.2,14.16,0.2,0.88,0.8,3.54,2.6,1.8,7.96,0.6,2.66,1.2,5.31,5.0,2.2,6.0,9.6,2.2,11.61,0.2,0.88
1230,Eredivisie (NL),1022538,Mark Hoekstra,M. Hoekstra,2006-02-10,17.13,4.04,3.68,3,3,0,21.0,7.0,0.67,9.53,0.33,4.76,0.0,0.0,0.0,0.0,0.67,0.33,4.76,0.0,0.0,0.33,4.76,1.33,0.67,2.33,1.33,0.33,12.5,0.33,4.76
1230,Eredivisie (NL),1022540,Jismerai Dillema,J. Dillema,2007-02-14,5.75,1.88,1.48,1,1,0,5.0,5.0,0.0,0.0,1.0,20.0,0.0,0.0,0.0,0.0,1.0,0.0,0.0,0.0,0.0,0.0,0.0,3.0,1.0,1.0,0.0,0.0,,2.0,40.0
1230,Eredivisie (NL),1023434,David van der Werff,D. van der Werff,2004-08-31,64.47,17.9,18.88,33,32,1,1007.0,31.47,0.62,1.99,4.16,13.21,0.19,0.6,1.25,3.97,4.91,3.03,9.63,0.12,0.4,0.59,1.89,12.84,4.34,11.03,5.06,0.56,2.4,3.53,11.22
1230,Eredivisie (NL),1023959,Nigel Ogidi Nwankwo,N. Nwankwo,1998-08-04,28.74,7.86,8.7,5,4,1,45.0,11.25,0.5,4.44,1.25,11.11,0.0,0.0,0.0,0.0,1.75,0.75,6.66,0.25,2.22,0.25,2.22,1.25,1.75,3.75,5.25,0.5,3.17,0.75,6.66
1230,Eredivisie (NL),1024200,Jayden Candelaria,J. Candelaria,2004-03-02,26.06,5.83,7.31,8,7,1,70.0,10.0,0.0,0.0,1.57,15.71,0.14,1.43,0.57,5.72,2.0,0.86,8.57,0.43,4.29,0.43,4.29,1.57,1.43,3.86,5.43,1.29,13.78,0.57,5.72
1230,Eredivisie (NL),1024250,Nolhan Courtens,N. Courtens,2006-12-20,15.49,3.16,5.35,5,4,1,62.0,15.5,0.25,1.61,2.0,12.9,0.0,0.0,0.5,3.23,2.25,1.0,6.45,0.0,0.0,0.75,4.84,4.0,3.0,5.0,6.0,0.5,3.11,1.75,11.29
1230,Eredivisie (NL),1030821,Amin  Laoukili,A. Laoukili,2005-01-14,5.42,1.3,0.82,1,1,0,0.0,0.0,0.0,,0.0,,0.0,,0.0,,0.0,0.0,,0.0,,0.0,,0.0,0.0,0.0,0.0,0.0,,0.0,
1230,Eredivisie (NL),1032144,Sil Blokhuis,S. Blokhuis,2008-03-18,7.54,2.01,2.45,2,2,0,10.0,5.0,0.0,0.0,1.0,20.0,0.0,0.0,0.0,0.0,0.0,0.0,0.0,0.0,0.0,0.0,0.0,1.0,1.5,0.5,0.0,0.0,,0.5,10.0
1230,Eredivisie (NL),1032145,Jeppe Wijnreder,J. Wijnreder,2006-02-07,9.86,2.4,2.09,1,1,0,0.0,0.0,0.0,,0.0,,0.0,,0.0,,0.0,0.0,,0.0,,0.0,,0.0,0.0,0.0,0.0,0.0,,0.0,
1230,Eredivisie (NL),1032249,Noa El Hamdaoui,N. El Hamdaoui,,20.48,7.47,5.87,1,1,0,15.0,15.0,0.0,0.0,2.0,13.33,0.0,0.0,1.0,6.67,7.0,0.0,0.0,0.0,0.0,0.0,0.0,12.0,3.0,5.0,0.0,0.0,,2.0,13.33
1230,Eredivisie (NL),1032767,Bendeguz Kovacs,B. Kovacs,2007-03-31,13.25,3.67,2.39,3,3,0,17.0,5.67,0.0,0.0,0.33,5.88,0.0,0.0,0.0,0.0,1.0,0.67,11.77,0.0,0.0,0.0,0.0,2.67,1.67,1.33,0.33,0.0,0.0,0.67,11.77
1230,Eredivisie (NL),1036656,Younes Jaber el Meftahi,Y. Jaber el Meftahi,2007-10-11,40.47,6.68,15.78,1,1,0,44.0,44.0,1.0,2.27,3.0,6.82,0.0,0.0,2.0,4.55,0.0,1.0,2.27,0.0,0.0,2.0,4.55,7.0,11.0,11.0,19.0,1.0,4.55,2.0,4.55
1230,Eredivisie (NL),1039618,Ryan Metu,R. Metu,2008-08-28,20.07,4.97,4.85,8,8,0,67.0,8.38,0.0,0.0,1.25,14.93,0.0,0.0,0.12,1.49,1.62,0.62,7.46,0.12,1.49,0.0,0.0,3.12,2.5,2.75,1.38,0.38,6.76,1.0,11.94
1230,Eredivisie (NL),1041486,Kevin Kers,K. Kers,2006-01-04,21.05,4.73,6.14,1,1,0,19.0,19.0,0.0,0.0,5.0,26.32,0.0,0.0,0.0,0.0,4.0,0.0,0.0,0.0,0.0,0.0,0.0,1.0,4.0,4.0,5.0,0.0,0.0,0.0,0.0
1230,Eredivisie (NL),1058972,Nigel Groenewald,N. Groenewald,2007-02-01,10.45,3.58,2.19,1,1,0,8.0,8.0,0.0,0.0,1.0,12.5,0.0,0.0,0.0,0.0,0.0,0.0,0.0,0.0,0.0,0.0,0.0,4.0,3.0,1.0,0.0,0.0,,0.0,0.0
1230,Eredivisie (NL),1066871,Ilai Grootfaam,I. Grootfaam,2010-03-15,10.38,2.61,3.2,1,1,0,19.0,19.0,0.0,0.0,0.0,0.0,0.0,0.0,2.0,10.53,2.0,2.0,10.53,0.0,0.0,0.0,0.0,0.0,9.0,6.0,5.0,0.0,0.0,1.0,5.26
1230,Eredivisie (NL),1067278,Tarik Hamamioglu,T. Hamamioglu,2008-08-01,13.4,3.46,2.79,2,2,0,16.0,8.0,0.5,6.25,1.0,12.5,0.0,0.0,0.0,0.0,3.0,1.0,12.5,0.0,0.0,0.0,0.0,4.5,2.0,2.5,0.5,0.0,0.0,0.5,6.25
1230,Eredivisie (NL),1067665,Gani Buyukhan,G. Buyukhan,2009-10-07,2.38,0.82,0.7,1,1,0,3.0,3.0,1.0,33.33,1.0,33.33,0.0,0.0,1.0,33.33,1.0,0.0,0.0,0.0,0.0,0.0,0.0,0.0,1.0,0.0,0.0,0.0,,0.0,0.0
1230,Eredivisie (NL),1067666,Rodney Kroeze,R. Kroeze,2004-02-27,22.9,7.12,3.92,1,1,0,10.0,10.0,1.0,10.0,1.0,10.0,1.0,10.0,0.0,0.0,1.0,0.0,0.0,0.0,0.0,0.0,0.0,2.0,1.0,1.0,2.0,0.0,0.0,0.0,0.0
