competition_edition,league,player_id,player_name,player_short_name,player_birthdate,minutes,minutes_tip,minutes_otip,performance_count,performance_included_count,performance_failed_count,optionoffered_count_total,optionoffered_count,optionoffered_count_targeted,optionoffered_count_received,optionoffered_count_shotwithin10s,optionoffered_count_goalwithin10s,optionoffered_count_linebreak,optionoffered_count_dangerous,optionoffered_count_inspace,optionoffered_count_wide,optionoffered_count_insidedefensiveshape,optionoffered_count_outsidedefensiveshape,optionoffered_count_penaltyarea,optionoffered_count_penaltyarea_received,optionoffered_count_penaltyarea_shotwithin10s,optionoffered_count_penaltyarea_goalwithin10s
1265,Primeira Liga (PT),223,Aderllan Leandro de Jesus Santos,A. Santos,1989-04-09,65.9,12.72,20.48,17,16,1,608.0,38.0,13.88,13.12,0.25,0.0,0.19,1.19,13.44,2.81,3.12,34.88,0.88,0.12,0.06,0.0
1265,Primeira Liga (PT),728,André Geraldes de Barros,André Geraldes,1991-05-02,85.07,17.6,23.04,26,25,1,1512.0,60.48,17.44,16.0,0.24,0.0,4.8,2.4,15.08,29.4,4.64,55.84,1.0,0.16,0.08,0.0
1265,Primeira Liga (PT),751,André Alexandre Carreira Sousa,André Sousa,1990-07-09,17.24,3.15,4.22,12,12,0,178.0,14.83,3.67,3.0,0.08,0.08,2.17,1.75,2.33,4.67,10.67,4.17,0.75,0.08,0.0,0.0
1265,Primeira Liga (PT),1223,Bas Kuipers,B. Kuipers,1994-08-17,86.8,23.25,22.06,17,17,0,1600.0,94.12,23.71,20.76,1.18,0.29,27.41,10.88,19.24,67.06,15.0,79.12,3.0,0.24,0.18,0.06
1265,Primeira Liga (PT),1484,Armindo Tué Na Bangna,Bruma,1994-10-24,11.5,2.89,2.49,3,3,0,35.0,11.67,3.67,3.67,0.0,0.0,2.67,3.0,2.67,7.0,2.67,9.0,1.0,0.0,0.0,0.0
1265,Primeira Liga (PT),1652,Carlos dos Santos Rodrigues,Ponck,1995-01-13,67.99,12.91,21.19,16,15,1,512.0,34.13,10.0,9.33,0.07,0.0,1.0,0.93,9.47,9.4,4.6,29.53,0.53,0.0,0.0,0.0
1265,Primeira Liga (PT),1946,Cláudio Pires Morais Ramos,Cláudio Ramos,1991-11-16,72.18,25.17,13.5,2,2,0,51.0,25.5,10.0,10.0,0.0,0.0,0.0,0.0,10.0,0.0,0.0,25.5,0.0,0.0,0.0,0.0
1265,Primeira Liga (PT),2492,David  Martins Simão,David Simão,1990-05-15,56.78,13.87,14.95,12,11,1,741.0,67.36,23.73,23.0,0.36,0.0,8.73,1.0,21.27,14.36,37.55,29.82,0.0,0.0,0.0,0.0
1265,Primeira Liga (PT),2803,Dodi Lukébakio,D. Lukébakio,1997-09-24,48.89,14.55,10.59,17,17,0,1122.0,66.0,23.29,18.82,2.53,0.18,24.76,10.53,15.18,38.0,24.47,41.53,4.35,0.41,0.18,0.0
1265,Primeira Liga (PT),3493,Florian Grillitsch,F. Grillitsch,1995-08-07,62.54,20.93,14.11,20,20,0,2336.0,116.8,38.5,36.95,0.7,0.1,10.7,5.05,33.9,32.15,59.2,57.6,2.75,0.3,0.1,0.05
1265,Primeira Liga (PT),3665,Frederico André Ferrão Venâncio,Frederico Venâncio,1993-02-04,89.89,21.62,24.18,22,21,1,1712.0,81.52,31.24,30.57,0.43,0.1,0.43,1.19,31.67,12.05,4.05,77.48,0.9,0.1,0.05,0.05
1265,Primeira Liga (PT),4261,Hélder Luís Lopes Vieira Tavares,Hélder Tavares,1989-12-26,35.16,7.34,10.29,20,20,0,593.0,29.65,7.1,6.0,0.3,0.05,3.8,2.6,5.2,7.4,19.2,10.45,0.7,0.0,0.0,0.0
1265,Primeira Liga (PT),4521,Ivan Ricardo Neves Abreu Cavaleiro,I. Cavaleiro,1993-10-18,70.95,16.11,18.33,13,13,0,951.0,73.15,23.92,17.31,1.69,0.08,23.15,14.15,11.62,37.54,34.23,38.92,5.08,0.38,0.15,0.0
1265,Primeira Liga (PT),4703,Jan Bednarek,J. Bednarek,1996-04-12,93.65,27.35,21.81,32,29,3,3402.0,117.31,51.66,50.79,0.59,0.1,0.86,1.17,54.52,6.86,5.69,111.62,1.1,0.07,0.03,0.0
1265,Primeira Liga (PT),5049,João Ricardo Silva Afonso,João Afonso,1990-05-28,53.59,11.18,16.59,13,13,0,453.0,34.85,13.23,12.69,0.0,0.0,0.62,2.08,12.38,4.92,3.23,31.62,1.31,0.31,0.0,0.0
1265,Primeira Liga (PT),5053,João Miguel Coimbra Aurélio,João Aurélio,1988-08-17,69.8,14.42,18.08,21,20,1,1022.0,51.1,14.0,12.25,0.55,0.05,8.55,2.7,10.85,36.3,10.65,40.45,1.65,0.0,0.0,0.0
1265,Primeira Liga (PT),5071,João Filipe Iria Santos Moutinho,João Moutinho,1986-09-08,76.21,26.22,16.83,31,31,0,4149.0,133.84,52.65,50.35,1.61,0.23,13.19,3.94,44.0,33.03,72.03,61.81,1.9,0.19,0.06,0.0
1265,Primeira Liga (PT),5072,João Pedro Barradas Novais,João Novais,1993-07-10,30.16,6.02,7.37,2,2,0,60.0,30.0,9.5,7.5,0.5,0.0,4.0,2.5,7.0,6.5,16.5,13.5,0.0,0.0,0.0,0.0
1265,Primeira Liga (PT),5126,Joel Robles Blázquez,Joel Robles,1990-06-17,98.71,26.29,25.22,31,31,0,1046.0,33.74,7.65,7.52,0.03,0.03,0.0,0.0,7.58,0.0,0.03,33.71,0.0,0.0,0.0,0.0
1265,Primeira Liga (PT),5241,Jonathan Buatu Mananga,Jonathan Buatu,1993-09-27,98.13,24.63,24.13,31,30,1,2539.0,84.63,31.1,29.97,0.1,0.03,0.67,4.13,30.8,10.67,6.63,78.0,4.57,0.2,0.1,0.03
1265,Primeira Liga (PT),5396,José Miguel da Rocha Fonte,José Fonte,1983-12-22,88.46,18.85,22.65,18,18,0,1064.0,59.11,20.61,19.89,0.17,0.0,1.72,1.44,19.0,4.0,9.89,49.22,1.67,0.39,0.17,0.0
1265,Primeira Liga (PT),6359,Lucas Eduardo dos Santos João,Lucas João,1993-09-04,20.68,4.74,5.0,19,18,1,422.0,23.44,6.39,3.33,0.56,0.0,6.28,8.11,1.22,4.72,19.0,4.44,3.61,0.44,0.11,0.0
1265,Primeira Liga (PT),6512,Luuk de Jong,L. de Jong,1990-08-27,67.03,21.38,16.47,5,3,2,301.0,100.33,25.33,16.0,1.67,0.0,42.0,37.0,4.33,12.67,76.33,24.0,15.67,1.33,0.67,0.0
1265,Primeira Liga (PT),7902,Nélson Miguel Castro Oliveira,Nélson Oliveira,1991-08-08,55.92,14.49,13.48,26,24,2,1523.0,63.46,16.17,9.46,1.25,0.12,22.29,20.92,3.79,10.42,50.71,12.75,10.92,0.79,0.29,0.04
1265,Primeira Liga (PT),8029,Nicolás Hernán Otamendi,N. Otamendi,1988-02-12,95.62,28.09,21.25,30,29,1,3071.0,105.9,40.76,39.72,0.38,0.03,0.86,3.83,40.28,12.62,7.79,98.1,3.86,0.38,0.14,0.03
1265,Primeira Liga (PT),8598,Pedro José  da Silva Trigueira,P. Trigueira,1988-01-04,12.56,1.56,3.9,1,1,0,0.0,0.0,0.0,0.0,0.0,0.0,0.0,0.0,0.0,0.0,0.0,0.0,0.0,0.0,0.0,0.0
1265,Primeira Liga (PT),8729,Luís Miguel Afonso Fernandes,Pizzi,1989-10-06,33.78,9.32,8.44,23,23,0,1153.0,50.13,17.22,15.78,0.83,0.09,9.48,5.39,13.04,14.13,30.57,19.57,1.78,0.09,0.04,0.0
1265,Primeira Liga (PT),8790,Rafael Alexandre Fernandes Ferreira da Silva,Rafa Silva,1993-05-17,62.67,18.95,13.6,16,16,0,1609.0,100.56,23.31,17.62,2.81,0.5,31.88,37.0,9.0,18.81,84.0,16.56,18.62,2.12,1.12,0.19
1265,Primeira Liga (PT),8791,Luís Rafael Soares Alves,Rafa Soares,1995-05-09,79.07,20.69,20.13,24,23,1,2035.0,88.48,25.87,23.91,1.13,0.17,8.43,5.65,23.09,70.17,7.83,80.65,2.0,0.22,0.0,0.0
1265,Primeira Liga (PT),8983,Ricardo Jorge Luz Horta,Ricardo Horta,1994-09-15,83.94,28.66,18.6,28,28,0,4575.0,163.39,44.64,36.46,3.25,0.57,51.75,31.75,27.86,56.54,118.71,44.68,15.57,1.82,0.75,0.29
1265,Primeira Liga (PT),9195,Rodrigo Cunha Pereira de Pinho,Rodrigo Pinho,1991-05-30,46.52,10.49,12.39,28,27,1,1280.0,47.41,10.81,5.26,0.85,0.07,17.59,16.33,1.96,6.48,35.7,11.7,6.67,0.56,0.37,0.04
1265,Primeira Liga (PT),9354,Rúben Afonso Borges Semedo,Rúben Semedo,1994-04-04,94.1,19.8,26.33,9,9,0,562.0,62.44,25.78,23.78,0.44,0.11,1.44,3.67,23.67,6.0,8.0,54.44,3.11,0.33,0.22,0.0
1265,Primeira Liga (PT),9385,Rui Tiago Dantas da Silva,Rui Silva,1994-02-07,99.66,32.28,21.24,32,31,1,1250.0,40.32,12.35,12.19,0.0,0.0,0.0,0.0,12.68,0.06,0.03,40.29,0.0,0.0,0.0,0.0
1265,Primeira Liga (PT),9703,Seko Mohamed Fofana,S. Fofana,1995-05-07,32.72,8.02,7.62,12,11,1,431.0,39.18,10.55,9.18,0.73,0.09,8.0,6.91,7.73,7.27,29.18,10.0,2.36,0.09,0.0,0.0
1265,Primeira Liga (PT),9734,Sergi Gómez Solà,Sergi Gómez,1992-03-28,95.48,22.04,27.11,28,28,0,2286.0,81.64,21.43,20.93,0.11,0.0,0.46,1.07,22.32,1.96,3.68,77.96,1.04,0.14,0.07,0.0
1265,Primeira Liga (PT),10246, Theoson-Jordan  Siebatcheu,j.Siebatcheu,1996-04-26,62.85,13.51,17.9,22,22,0,1453.0,66.05,17.68,7.95,1.14,0.0,22.0,28.77,2.32,7.82,53.32,12.73,13.55,1.32,0.68,0.0
1265,Primeira Liga (PT),10253,Thiago Emiliano da Silva,Thiago Silva,1984-09-22,76.82,22.68,16.99,8,7,1,674.0,96.29,45.0,44.86,0.71,0.0,1.14,0.71,47.43,9.14,4.71,91.57,0.71,0.29,0.14,0.0
1265,Primeira Liga (PT),10342,Tiago Rafael Maia da Silva,Tiago Silva,1993-06-02,76.03,17.83,15.77,4,3,1,274.0,91.33,32.0,30.67,1.0,0.0,8.0,3.67,28.33,28.67,48.33,43.0,0.67,0.0,0.0,0.0
1265,Primeira Liga (PT),10459,António Manuel Fernandes Mendes,Tomané,1992-10-23,72.85,14.86,22.24,29,28,1,2067.0,73.82,22.25,11.21,0.82,0.07,23.86,21.14,3.46,15.46,58.79,15.04,10.18,0.86,0.21,0.0
1265,Primeira Liga (PT),10749,Vítor Hugo Gomes da Silva,Vítor Gomes,1987-12-25,43.23,9.75,12.43,6,6,0,305.0,50.83,14.5,13.17,1.33,0.17,4.5,5.5,10.33,13.0,36.5,14.33,1.33,0.17,0.17,0.0
1265,Primeira Liga (PT),11220,Marcos Paulo Mesquita Lopes,Rony Lopes,1995-12-28,68.83,17.03,18.1,16,16,0,1384.0,86.5,21.88,16.94,2.06,0.25,25.81,15.25,12.69,20.0,72.5,14.0,6.5,0.44,0.31,0.0
1265,Primeira Liga (PT),11234,Duplexe Tchamba Bangou,D. Tchamba,1998-07-10,90.94,19.51,24.93,5,5,0,342.0,68.4,24.4,24.0,0.2,0.0,0.0,1.0,25.2,21.6,3.0,65.4,0.8,0.0,0.0,0.0
1265,Primeira Liga (PT),11265,Miguel Ângelo da Silva Rocha,Xeka,1994-11-10,58.77,16.14,15.3,12,12,0,962.0,80.17,23.92,21.67,0.58,0.08,15.17,8.33,17.25,20.83,47.75,32.42,3.33,0.0,0.0,0.0
1265,Primeira Liga (PT),11431,Ghislain Konan,G. Konan,1995-12-27,97.57,24.52,24.23,30,29,1,2578.0,88.9,32.41,30.24,1.07,0.03,7.66,4.14,29.45,72.69,5.76,83.14,1.24,0.1,0.03,0.0
1265,Primeira Liga (PT),12196,Jonathan Panzo,J. Panzo,2000-10-25,86.94,20.47,24.04,14,14,0,1120.0,80.0,30.0,29.43,0.07,0.0,0.71,1.5,29.64,12.93,5.0,75.0,1.36,0.21,0.07,0.0
1265,Primeira Liga (PT),12249,Javier Sánchez de Felipe,Javi Sánchez,1997-03-14,90.54,23.84,23.32,15,15,0,1464.0,97.6,39.87,39.6,0.33,0.0,0.33,1.0,41.47,13.53,3.67,93.93,1.0,0.0,0.0,0.0
1265,Primeira Liga (PT),12464,Rafik Guitane,R. Guitane,1999-05-26,66.03,18.5,16.71,30,30,0,2851.0,95.03,31.73,26.73,1.9,0.27,28.3,8.77,20.53,47.97,48.37,46.67,2.1,0.27,0.07,0.0
1265,Primeira Liga (PT),12649,Pablo Rosario,P. Rosario,1997-01-07,69.22,20.64,15.96,22,22,0,1931.0,87.77,28.59,26.77,0.73,0.05,12.45,4.45,24.27,19.5,38.91,48.86,2.41,0.45,0.05,0.0
1265,Primeira Liga (PT),12783,Gonçalo Mendes Paciencia,Gonçalo Paciência,1994-08-01,48.03,12.94,11.21,12,11,1,620.0,56.36,15.0,8.64,1.45,0.09,21.27,18.0,2.91,13.18,46.73,9.64,10.0,1.27,0.64,0.0
1265,Primeira Liga (PT),12812,Yann Karamoh,Y. Karamoh,1998-07-08,18.05,4.43,5.58,1,1,0,20.0,20.0,6.0,5.0,0.0,0.0,8.0,4.0,4.0,11.0,5.0,15.0,1.0,0.0,0.0,0.0
1265,Primeira Liga (PT),12903,Marios Vrousai,M. Vrousai,1998-07-02,87.92,22.83,24.52,31,31,0,2783.0,89.77,30.0,27.52,1.52,0.1,18.97,6.74,24.32,63.48,18.81,70.97,3.26,0.45,0.23,0.0
1265,Primeira Liga (PT),13279,Renan Ribeiro,Renan Ribeiro,1990-03-23,100.64,23.66,25.41,32,31,1,1187.0,38.29,12.74,12.65,0.0,0.0,0.0,0.0,12.84,0.0,0.0,38.29,0.0,0.0,0.0,0.0
1265,Primeira Liga (PT),13285,Jovane Eduardo Borges Cabral,Jovane Cabral,1998-06-14,67.68,16.36,16.63,27,26,1,1953.0,75.12,23.65,20.35,1.73,0.27,23.19,8.65,12.85,24.58,53.08,22.04,2.46,0.23,0.19,0.12
1265,Primeira Liga (PT),13330,Jérémy Livolant,J. Livolant,1998-01-09,92.21,18.58,25.26,33,32,1,2927.0,91.47,30.72,21.41,1.53,0.19,30.0,14.72,13.47,43.66,49.16,42.31,4.59,0.53,0.22,0.06
1265,Primeira Liga (PT),13354,Yanis Begraoui,Y. Begraoui,2001-07-04,86.67,23.63,22.02,34,34,0,3790.0,111.47,30.56,18.97,2.53,0.59,40.18,37.62,9.21,23.29,80.88,30.59,15.47,1.65,0.68,0.24
1265,Primeira Liga (PT),13477,Diogo Meireles Costa,Diogo Costa,1999-09-19,97.56,28.62,22.92,33,30,3,1159.0,38.63,16.3,16.17,0.03,0.0,0.0,0.03,16.83,0.0,0.03,38.6,0.0,0.0,0.0,0.0
1265,Primeira Liga (PT),13495,Carlos Alexandre Reis Pinto,Alex Pinto,1998-07-08,51.79,12.46,15.99,7,7,0,376.0,53.71,15.57,12.86,0.29,0.0,16.14,4.14,11.43,37.43,9.29,44.43,0.86,0.14,0.0,0.0
1265,Primeira Liga (PT),13919,Naïs Djouahra,N. Djouahra,1999-11-23,86.22,22.3,22.74,34,33,1,3350.0,101.52,28.45,23.36,1.85,0.21,33.09,13.79,19.55,53.15,47.88,53.64,2.36,0.39,0.24,0.09
1265,Primeira Liga (PT),13976,Paulo André Rodrigues de Oliveira,Paulo Oliveira,1992-01-08,54.17,18.92,10.46,17,17,0,1530.0,90.0,29.24,28.94,0.0,0.0,0.18,0.88,30.41,4.59,2.29,87.71,0.76,0.12,0.0,0.0
1265,Primeira Liga (PT),13987,Giorgi Kochorashvili,G. Kochorashvili,1999-06-29,39.79,12.64,8.41,18,17,1,1152.0,67.76,24.65,22.71,0.88,0.06,6.35,8.18,21.06,13.12,35.65,32.12,2.53,0.12,0.0,0.0
1265,Primeira Liga (PT),14013,João Manuel Neves Virginia,João Virginia,1999-10-10,100.56,32.22,22.12,2,2,0,94.0,47.0,14.5,14.5,0.0,0.0,0.0,0.0,15.0,0.0,0.0,47.0,0.0,0.0,0.0,0.0
1265,Primeira Liga (PT),14024,Pedro António Pereira Gonçalves,Pedro Gonçalves,1998-06-28,79.78,26.23,17.07,27,26,1,3195.0,122.88,40.08,32.23,4.19,0.58,42.08,33.0,22.35,28.42,86.54,36.35,12.69,1.08,0.5,0.08
1265,Primeira Liga (PT),14273,Tom van De Looi,T. van de Looi,1999-07-02,94.93,24.2,23.79,32,31,1,3073.0,99.13,26.61,25.06,1.1,0.06,10.94,2.0,22.52,12.35,63.45,35.68,0.1,0.03,0.0,0.0
1265,Primeira Liga (PT),14346,Sydney van Hooijdonk,S. van Hooijdonk,2000-02-06,44.76,12.15,10.34,9,9,0,473.0,52.56,12.56,5.0,0.44,0.0,16.56,19.78,1.67,5.67,44.11,8.44,10.22,0.67,0.11,0.0
1265,Primeira Liga (PT),14875,Jakub Brabec,J. Brabec,1992-08-06,93.92,23.88,27.05,25,25,0,2126.0,85.04,30.68,29.8,0.24,0.0,0.44,1.72,30.8,13.72,4.48,80.56,1.68,0.12,0.08,0.0
1265,Primeira Liga (PT),15185,Georgios Vagiannidis,G. Vagiannidis,2001-09-12,66.16,22.03,14.48,22,21,1,2171.0,103.38,30.24,27.05,1.43,0.24,18.0,11.33,25.43,68.52,13.57,89.81,4.57,0.33,0.19,0.0
1265,Primeira Liga (PT),15295,Fotis Ioannidis,F. Ioannidis,2000-01-10,40.83,13.13,8.67,13,13,0,735.0,56.54,13.08,8.23,1.38,0.23,21.08,19.92,3.85,11.0,43.77,12.77,8.77,0.46,0.23,0.08
1265,Primeira Liga (PT),15373,Georgios Liavas,G. Liavas,2001-02-12,37.91,9.1,11.59,24,24,0,971.0,40.46,11.88,11.17,0.12,0.0,3.46,0.92,10.71,9.88,19.75,20.71,0.25,0.0,0.0,0.0
1265,Primeira Liga (PT),15485,Orest Lebedenko,O. Lebedenko,1998-09-23,40.05,10.0,8.37,14,13,1,553.0,42.54,10.46,8.77,0.38,0.0,5.46,4.15,8.0,27.54,6.69,35.85,1.38,0.08,0.08,0.0
1265,Primeira Liga (PT),16008,Tiago Magalhães Sá,Tiago Sá,1995-01-11,98.02,30.08,19.79,1,1,0,45.0,45.0,23.0,23.0,0.0,0.0,0.0,0.0,23.0,0.0,0.0,45.0,0.0,0.0,0.0,0.0
1265,Primeira Liga (PT),16011,Murilo De Souza Costa,Murilo,1994-10-31,86.84,22.03,21.4,32,32,0,2865.0,89.53,28.53,22.34,2.62,0.22,27.03,17.03,16.75,55.97,29.53,60.0,8.44,1.03,0.44,0.06
1265,Primeira Liga (PT),16014,Francisco António Machado Mota de Castro Trincão,Francisco Trincão,1999-12-29,91.74,29.81,19.68,34,33,1,4929.0,149.36,44.18,38.0,4.64,0.64,43.36,26.94,30.09,49.52,101.48,47.88,7.33,0.82,0.48,0.03
1265,Primeira Liga (PT),16032,Diogo Filipe Costa Rocha,Rochinha,1995-05-03,13.06,3.82,2.97,1,1,0,22.0,22.0,8.0,7.0,1.0,0.0,7.0,3.0,6.0,0.0,19.0,3.0,1.0,0.0,0.0,0.0
1265,Primeira Liga (PT),16058,Daniel Alexis Leite Figueira,Dani Figueira,1998-07-20,93.89,22.75,23.57,10,10,0,328.0,32.8,13.2,13.1,0.0,0.0,0.0,0.0,13.4,0.0,0.0,32.8,0.0,0.0,0.0,0.0
1265,Primeira Liga (PT),16060,Marcelo dos Santos Ferreira,Marcelo,1989-07-27,88.73,20.94,25.21,12,12,0,889.0,74.08,27.83,27.08,0.25,0.0,0.08,1.5,27.25,4.58,3.5,70.58,1.58,0.33,0.17,0.0
1265,Primeira Liga (PT),16066,Rafael Avelino Pereira Pinto Barbosa,R. Barbosa,1996-03-29,54.17,13.02,14.7,13,13,0,778.0,59.85,19.54,15.15,1.77,0.15,16.0,9.77,10.54,24.23,37.77,22.08,2.38,0.38,0.31,0.08
1265,Primeira Liga (PT),16084,Charles Marcelo da Silva,Charles,1994-02-04,100.81,27.22,22.08,19,17,2,689.0,40.53,16.65,16.47,0.0,0.0,0.0,0.0,16.82,0.0,0.06,40.47,0.0,0.0,0.0,0.0
1265,Primeira Liga (PT),16103,André Filipe Magalhães Ribeiro Ferreira,André Ferreira,1996-05-29,98.87,24.34,28.9,22,20,2,975.0,48.75,16.05,15.8,0.0,0.0,0.0,0.0,16.4,0.05,0.0,48.75,0.0,0.0,0.0,0.0
1265,Primeira Liga (PT),16156,Lucas Oliveira de França,Lucas França,1996-01-19,99.55,17.81,27.28,6,5,1,144.0,28.8,7.8,7.4,0.0,0.0,0.0,0.0,7.8,0.0,0.0,28.8,0.0,0.0,0.0,0.0
1265,Primeira Liga (PT),16180,Matheus Reis de Lima,Matheus Reis,1995-02-18,48.51,16.22,10.57,8,7,1,539.0,77.0,26.0,25.0,0.86,0.14,4.57,2.86,25.0,26.71,4.43,72.57,1.0,0.14,0.0,0.0
1265,Primeira Liga (PT),16181,Toni Borevković,T. Borevković,1997-06-18,,,,1,0,1,,,,,,,,,,,,,,,,
1265,Primeira Liga (PT),16183,Nuno Miguel Gomes dos Santos,Nuno Santos,1995-02-13,18.68,6.15,3.12,4,4,0,98.0,24.5,7.75,7.5,0.75,0.5,4.0,4.0,7.0,18.0,2.5,22.0,0.5,0.25,0.25,0.0
1265,Primeira Liga (PT),16235,Caio Gobbo Secco,Caio Secco,1990-12-22,98.36,27.44,24.83,11,11,0,413.0,37.55,11.18,11.09,0.0,0.0,0.0,0.0,11.36,0.0,0.09,37.45,0.0,0.0,0.0,0.0
1265,Primeira Liga (PT),16256,Stephen  Antunes Eustáquio,Stephen Eustáquio,1996-12-21,25.83,8.07,5.57,8,6,2,309.0,51.5,13.17,12.5,0.0,0.0,10.17,6.0,10.33,10.5,38.17,13.33,0.67,0.17,0.0,0.0
1265,Primeira Liga (PT),16399,Fredrik Aursnes,F. Aursnes,1995-12-10,90.84,26.29,20.35,28,27,1,3518.0,130.3,37.7,34.04,2.11,0.33,26.3,12.85,30.48,54.11,58.04,72.26,5.85,0.33,0.15,0.0
1265,Primeira Liga (PT),17113,Ianis Stoica,I. Stoica,2002-12-08,56.46,13.26,14.98,32,31,1,1805.0,58.23,17.48,12.16,1.1,0.03,19.71,10.9,8.45,28.65,24.29,33.94,3.26,0.45,0.19,0.03
1265,Primeira Liga (PT),17680,Leandro Barreiro Martins,Leandro Barreiro,2000-01-03,63.45,17.5,14.69,31,31,0,2665.0,85.97,19.61,16.23,1.23,0.26,15.77,18.55,12.1,19.9,59.13,26.84,10.39,0.87,0.39,0.1
1265,Primeira Liga (PT),18406,Sikou Niakaté,S. Niakaté,1999-07-10,93.05,31.87,20.58,11,11,0,1640.0,149.09,47.64,46.91,0.73,0.0,1.09,2.64,49.18,36.0,6.27,142.82,2.27,0.18,0.18,0.0
1265,Primeira Liga (PT),18565,João António Antunes Carvalho,João Carvalho,1997-03-09,91.91,24.4,23.65,33,33,0,3882.0,117.64,38.82,32.27,2.67,0.36,30.45,18.06,25.58,40.03,75.24,42.39,4.91,0.88,0.42,0.06
1265,Primeira Liga (PT),18575,Gil Bastião Dias,Gil Dias,1996-09-28,81.54,20.91,20.89,33,32,1,2860.0,89.38,26.66,21.09,1.94,0.28,27.16,10.47,16.22,66.06,16.03,73.34,5.09,0.5,0.22,0.0
1265,Primeira Liga (PT),18769,Omar Richards,O. Richards,1998-02-15,54.45,14.04,15.91,14,14,0,827.0,59.07,18.07,16.07,0.64,0.0,12.21,3.93,14.57,47.07,5.14,53.93,0.93,0.07,0.0,0.0
1265,Primeira Liga (PT),18941,Billal Brahimi,B. Brahimi,2000-03-14,29.84,6.99,7.57,4,4,0,153.0,38.25,12.0,10.75,1.0,0.0,9.5,2.75,10.0,28.25,5.0,33.25,2.0,0.0,0.0,0.0
1265,Primeira Liga (PT),18992,André Green,A. Green,1998-07-26,50.1,11.21,15.4,5,4,1,174.0,43.5,10.75,8.0,1.0,0.0,14.75,8.75,6.0,28.25,10.25,33.25,3.75,0.5,0.25,0.0
1265,Primeira Liga (PT),22091,Jaume Grau Ciscar,J. Grau,1997-05-05,80.75,18.29,23.27,18,18,0,1369.0,76.06,18.67,17.28,0.44,0.0,10.67,3.33,15.56,14.17,51.94,24.11,1.44,0.06,0.0,0.0
1265,Primeira Liga (PT),22134,Francisco Reis Ferreira,Ferro,1997-03-26,65.86,17.87,17.59,27,27,0,2053.0,76.04,21.41,20.96,0.33,0.07,0.33,0.59,21.63,8.74,2.59,73.44,0.63,0.11,0.07,0.0
1265,Primeira Liga (PT),22135,Florentino Ibrain Morris Luís,Florentino,1999-08-19,19.63,2.93,5.77,3,3,0,39.0,13.0,3.33,2.67,0.0,0.0,2.67,0.33,2.33,2.33,11.33,1.67,0.0,0.0,0.0,0.0
1265,Primeira Liga (PT),23035,Stéphane Diarra,S. Diarra,1998-12-09,19.39,4.33,5.78,2,2,0,40.0,20.0,6.0,4.5,0.0,0.0,7.0,2.5,2.5,10.0,10.5,9.5,0.0,0.0,0.0,0.0
1265,Primeira Liga (PT),23453,Vangelis Pavlidis,V. Pavlidis,1998-11-21,88.04,26.37,19.3,33,32,1,4046.0,126.44,31.53,18.72,3.12,0.34,41.94,56.0,7.91,17.62,97.22,29.22,32.5,2.69,1.09,0.06
1265,Primeira Liga (PT),23747,Gaizka Larrazabal Goikoetxea,Gaizka Larrazabal,1997-12-17,93.99,18.56,26.31,33,32,1,2188.0,68.38,23.12,17.94,1.22,0.16,17.78,7.16,14.72,47.0,15.38,53.0,2.47,0.28,0.16,0.03
1265,Primeira Liga (PT),24052,Borja Sainz Eguskiza,Borja Sainz,2001-02-21,59.36,18.24,13.98,30,27,3,1971.0,73.0,19.7,14.26,2.0,0.19,27.56,22.85,10.26,39.15,22.3,50.7,9.07,0.67,0.33,0.07
1265,Primeira Liga (PT),24100,Víctor Gómez Perea,Víctor Gómez,2000-04-01,85.16,28.26,18.77,32,32,0,4454.0,139.19,46.41,42.41,1.97,0.22,29.44,11.97,38.91,101.03,29.47,109.72,6.75,0.91,0.34,0.09
1265,Primeira Liga (PT),24299,Sergio Bermejo Lillo,Sergio Bermejo,1997-08-17,26.26,5.79,6.5,16,15,1,338.0,22.53,6.0,4.13,0.53,0.0,6.6,4.4,2.53,10.67,11.67,10.87,1.87,0.33,0.13,0.0
1265,Primeira Liga (PT),24446,Kelian Nsona Wa Saka,K. Nsona,2002-05-11,53.09,11.2,14.39,10,10,0,433.0,43.3,14.9,10.4,0.4,0.0,14.3,6.9,6.8,23.4,19.7,23.6,2.6,0.1,0.0,0.0
1265,Primeira Liga (PT),24585,Pablo Gozálbez Gilabert,Pablo Gozálbez,2001-04-30,43.51,10.71,11.53,28,27,1,1351.0,50.04,13.0,9.59,1.22,0.15,19.04,9.7,6.67,14.67,38.07,11.96,3.11,0.33,0.19,0.0
1265,Primeira Liga (PT),24690,Kaique Rocha Lima,Kaique Rocha,2001-02-28,87.38,20.27,24.26,6,6,0,450.0,75.0,24.33,24.0,0.5,0.0,0.5,1.0,24.0,16.0,3.67,71.33,0.5,0.17,0.17,0.0
1265,Primeira Liga (PT),24863,Ricard Sánchez Sendra,Ricard Sánchez,2000-02-22,80.96,21.64,21.09,26,26,0,2588.0,99.54,27.38,23.15,1.77,0.27,22.42,11.23,20.15,68.92,19.5,80.04,3.5,0.35,0.19,0.04
1265,Primeira Liga (PT),24889,Guillem Molina Gutiérrez,G. Molina,2000-05-03,55.22,9.54,16.71,7,7,0,229.0,32.71,7.57,7.14,0.0,0.0,1.71,0.57,6.57,24.57,2.86,29.86,0.14,0.14,0.0,0.0
1265,Primeira Liga (PT),25014,Anatoliy Trubin,A. Trubin,2001-08-01,100.28,29.09,22.18,32,31,1,1012.0,32.65,8.32,8.23,0.0,0.0,0.0,0.0,8.42,0.03,0.06,32.58,0.0,0.0,0.0,0.0
1265,Primeira Liga (PT),25093,Lucas Lima Linhares,Luquinhas,1996-09-28,28.35,6.79,7.89,9,9,0,287.0,31.89,9.22,6.0,0.11,0.0,11.89,5.78,4.11,11.78,23.33,8.56,1.44,0.33,0.11,0.0
1265,Primeira Liga (PT),25332,Amar Dedić,A. Dedić,2002-08-18,87.74,24.19,20.44,24,23,1,2512.0,109.22,34.7,31.39,1.91,0.3,19.65,9.91,29.35,81.87,13.61,95.61,5.74,0.65,0.22,0.0
1265,Primeira Liga (PT),25572,João Paulo Santos da Costa,João Costa,1996-02-02,24.0,3.8,5.73,1,1,0,9.0,9.0,5.0,5.0,0.0,0.0,0.0,0.0,5.0,0.0,0.0,9.0,0.0,0.0,0.0,0.0
1265,Primeira Liga (PT),25752,Pau Víctor Delgado,Pau Víctor,2001-11-26,76.5,25.87,17.05,32,32,0,4532.0,141.62,35.31,26.12,1.88,0.31,57.09,28.44,16.0,35.72,114.56,27.06,12.59,0.88,0.53,0.09
1265,Primeira Liga (PT),25754,Claudio Mendes Vicente,Clau Mendes,2000-12-08,28.17,4.63,8.25,13,12,1,296.0,24.67,9.17,4.25,0.67,0.0,7.5,9.75,1.42,3.67,17.5,7.17,2.83,0.5,0.17,0.0
1265,Primeira Liga (PT),25818,Luis Javier Suárez Charris,L. Suárez,1997-12-02,91.25,29.52,19.85,32,31,1,3546.0,114.39,34.65,21.71,4.58,0.74,35.81,46.03,7.94,12.58,94.61,19.77,22.29,2.61,1.45,0.16
1265,Primeira Liga (PT),25832,José Manuel Fontán Mondragón,José Fontán,2000-02-11,94.25,24.33,24.2,30,29,1,2889.0,99.62,44.17,43.17,0.69,0.03,3.76,1.62,43.38,21.28,5.24,94.38,1.0,0.24,0.07,0.0
1265,Primeira Liga (PT),25849,Sabit Abdulai,S. Abdulai,1999-05-11,76.03,17.88,23.97,16,16,0,1348.0,84.25,19.62,17.88,0.56,0.06,14.0,1.56,14.75,14.94,68.06,16.19,0.81,0.0,0.0,0.0
1265,Primeira Liga (PT),25973,Maximiliano Javier Araújo Vilches,M. Araújo,2000-02-15,85.6,27.69,18.54,29,28,1,3128.0,111.71,33.75,29.5,2.14,0.21,29.18,20.29,24.61,67.46,31.32,80.39,7.43,0.79,0.21,0.07
1265,Primeira Liga (PT),25981,Ignacio de Arruabarrena Fernández,I. de Arruabarrena,1997-01-16,100.36,26.62,25.66,16,16,0,709.0,44.31,16.38,16.31,0.0,0.0,0.0,0.0,16.69,0.0,0.0,44.31,0.0,0.0,0.0,0.0
1265,Primeira Liga (PT),26143,Amadou Danté,A. Danté,2000-10-07,54.33,12.64,14.35,17,16,1,834.0,52.12,16.88,15.5,1.12,0.0,10.81,2.19,14.56,39.62,6.62,45.5,0.19,0.06,0.06,0.0
1265,Primeira Liga (PT),26218,Yassin Oukili,Y. Oukili,2001-01-03,60.47,12.39,15.85,8,8,0,409.0,51.12,12.88,10.12,1.0,0.0,14.25,6.25,6.25,14.0,41.62,9.5,2.38,0.5,0.12,0.0
1265,Primeira Liga (PT),26604,Rafel Obrador Burguera,Rafel Obrador,2004-02-24,68.18,23.5,13.68,1,1,0,79.0,79.0,23.0,22.0,3.0,0.0,8.0,6.0,22.0,67.0,8.0,71.0,3.0,0.0,0.0,0.0
1265,Primeira Liga (PT),26780,Arjen van der Heide,A. van der Heide,2001-11-19,30.88,7.31,7.94,10,10,0,338.0,33.8,10.0,6.9,0.7,0.0,10.3,9.6,4.6,16.3,11.1,22.7,5.1,0.5,0.2,0.0
1265,Primeira Liga (PT),26900,Hidemasa Morita,H. Morita,1995-05-10,63.18,20.2,13.57,31,30,1,2878.0,95.93,28.93,26.63,1.37,0.2,16.17,10.07,22.97,18.63,56.93,39.0,4.17,0.27,0.13,0.03
1265,Primeira Liga (PT),27238,Diogo Dos Santos Cabral,Calila,1998-10-10,49.07,11.87,12.18,23,23,0,1061.0,46.13,13.91,12.3,0.65,0.04,7.87,4.13,11.17,33.3,5.39,40.74,2.0,0.22,0.04,0.04
1265,Primeira Liga (PT),27240,Tiago Alexandre  Sousa Esgaio,Tiago Esgaio,1995-08-01,93.13,24.28,23.9,29,28,1,2847.0,101.68,30.68,26.46,1.39,0.18,22.07,5.93,23.89,68.79,14.96,86.71,3.61,0.25,0.07,0.04
1265,Primeira Liga (PT),27242,Nilton Varela Lopes,Nilton Varela,2001-05-25,62.08,10.07,21.39,1,1,0,38.0,38.0,10.0,5.0,0.0,0.0,11.0,3.0,3.0,29.0,6.0,32.0,1.0,0.0,0.0,0.0
1265,Primeira Liga (PT),27244,Cassiano Dias Moreira,Cassiano,1989-06-16,65.25,13.01,18.53,31,30,1,1702.0,56.73,17.77,7.6,0.73,0.27,15.8,18.0,2.03,11.43,40.93,15.8,8.57,0.63,0.3,0.13
1265,Primeira Liga (PT),27253,Ricardo Luís Chaby Mangas,Ricardo Mangas,1998-03-19,63.74,20.82,13.12,15,15,0,1269.0,84.6,25.07,22.2,1.8,0.2,18.8,17.4,20.27,64.33,9.53,75.07,7.13,0.8,0.33,0.07
1265,Primeira Liga (PT),27254,Bruno Miguel Ponces Lourenço,Bruno Lourenço,1998-02-02,38.17,10.03,7.85,7,7,0,367.0,52.43,13.86,9.57,0.86,0.0,15.57,16.43,5.0,17.57,37.0,15.43,6.14,1.0,0.43,0.0
1265,Primeira Liga (PT),27265,Lawrence Ofori,L. Ofori,1998-06-28,55.07,11.1,15.97,16,15,1,694.0,46.27,12.73,11.33,0.73,0.0,9.0,4.27,9.47,8.87,34.67,11.6,1.33,0.27,0.13,0.0
1265,Primeira Liga (PT),27266,Patricio Nehuén Pérez,N. Pérez,2000-06-24,53.25,15.72,12.86,6,4,2,297.0,74.25,29.25,28.0,0.25,0.0,0.0,1.0,29.75,6.5,2.25,72.0,1.0,0.0,0.0,0.0
1265,Primeira Liga (PT),27268,Gustavo Enrique Giordano Assunção Amaro Da Silva,G. Assunção,2000-03-30,76.02,17.13,21.4,10,10,0,782.0,78.2,21.6,20.2,0.4,0.0,12.0,2.7,17.4,17.5,54.0,24.2,0.7,0.1,0.0,0.0
1265,Primeira Liga (PT),27270,Sandro César Cordovil de Lima,Sandro Lima,1990-10-28,53.7,13.3,15.77,29,29,0,2193.0,75.62,19.0,10.79,1.07,0.24,23.76,25.14,4.28,9.97,61.72,13.9,12.0,0.86,0.48,0.1
1265,Primeira Liga (PT),27278,Vitor Carvalho Vieira,Vitor Carvalho,1997-05-27,76.46,25.78,17.35,15,15,0,1937.0,129.13,45.53,44.93,0.27,0.13,0.2,0.93,46.4,15.47,5.73,123.4,1.07,0.07,0.0,0.0
1265,Primeira Liga (PT),27290,Abdu Cadri Conté,Abdu Conté,1998-03-24,70.33,14.4,18.92,22,21,1,1100.0,52.38,18.0,16.0,0.71,0.14,9.05,2.38,14.52,43.24,3.86,48.52,0.29,0.0,0.0,0.0
1265,Primeira Liga (PT),27291,Nuno Miguel Valente Santos,Nuno Santos,1999-03-02,49.73,11.23,10.47,5,4,1,229.0,57.25,19.0,13.25,0.75,0.0,18.0,8.25,10.25,22.0,40.5,16.75,4.5,0.5,0.0,0.0
1265,Primeira Liga (PT),27292,Filipe Miguel Barros Soares,Filipe Soares,1999-05-20,50.59,10.99,12.24,18,17,1,860.0,50.59,14.18,12.65,0.59,0.0,7.41,5.18,10.71,15.82,31.88,18.71,1.65,0.12,0.06,0.0
1265,Primeira Liga (PT),27301,Bernardo Sousa Pereira Brites Martins,Benny,1997-12-04,49.93,11.38,14.13,14,14,0,817.0,58.36,15.86,12.86,1.0,0.14,14.57,7.57,8.64,18.29,43.86,14.5,2.21,0.43,0.14,0.0
1265,Primeira Liga (PT),27316,Pedro Miguel Gaspar Amaral,Pedro Amaral,1997-08-25,73.23,19.91,18.62,27,27,0,2222.0,82.3,27.19,24.63,1.11,0.11,11.78,5.52,23.81,48.96,10.48,71.81,1.19,0.15,0.07,0.0
1265,Primeira Liga (PT),27320,Guilherme Schettine Guimarães,Guilherme Schettine,1995-10-10,69.6,18.42,19.44,15,15,0,1164.0,77.6,23.33,13.27,1.67,0.67,27.27,22.4,5.47,8.07,66.8,10.8,12.0,1.67,1.0,0.53
1265,Primeira Liga (PT),27321,Lincoln Henrique Oliveira dos Santos,Lincoln,1998-11-07,83.9,20.37,23.75,29,29,0,2759.0,95.14,29.52,25.21,1.79,0.14,23.48,9.03,18.52,33.66,65.76,29.38,3.31,0.48,0.24,0.07
1265,Primeira Liga (PT),27324,Zaidu Sanusi,Z. Sanusi,1997-06-13,61.5,17.39,15.08,17,14,3,1058.0,75.57,22.64,21.64,1.0,0.21,9.43,4.93,21.36,51.93,6.79,68.79,0.79,0.21,0.07,0.07
1265,Primeira Liga (PT),27498,Alexander Hartmann Bah,A. Bah,1997-12-09,58.58,17.55,12.95,9,9,0,680.0,75.56,22.78,21.0,1.11,0.11,15.78,6.22,18.22,56.33,15.22,60.33,3.22,0.56,0.11,0.0
1265,Primeira Liga (PT),27685, Teremas Igobor Moffi,T. Moffi,1999-05-25,35.81,8.3,8.48,9,8,1,295.0,36.88,6.12,2.38,0.75,0.12,13.75,18.38,0.5,3.75,27.5,9.38,7.75,0.38,0.38,0.12
1265,Primeira Liga (PT),28301,Vinícius Lopes da Silva,Vinícius Lopes,1999-05-07,60.8,16.33,14.93,28,27,1,1880.0,69.63,21.3,14.48,1.89,0.11,26.74,13.74,9.41,37.44,30.11,39.52,5.15,0.59,0.3,0.04
1265,Primeira Liga (PT),28314,Darlan Pereira Mendes,Darlan,1998-04-16,21.0,4.07,4.28,7,6,1,121.0,20.17,2.67,2.0,0.33,0.0,5.67,5.0,1.17,5.5,16.17,4.0,1.83,0.17,0.17,0.0
1265,Primeira Liga (PT),28338,Gabriel Veron Fonseca de Souza,Gabriel Veron,2002-09-03,67.95,16.87,18.18,12,10,2,703.0,70.3,18.4,12.8,1.3,0.1,21.0,15.0,8.0,25.0,41.9,28.4,4.2,0.3,0.2,0.0
1265,Primeira Liga (PT),28347,Igor Matheus Liziero Pereira,Liziero,1998-02-07,88.86,19.33,24.13,28,24,4,2076.0,86.5,26.33,23.46,0.92,0.04,11.17,5.54,19.33,19.04,62.29,24.21,1.75,0.08,0.04,0.0
1265,Primeira Liga (PT),28776,Morten Due Hjulmand,M. Hjulmand,1999-06-25,95.99,30.71,20.64,27,26,1,3829.0,147.27,46.08,44.58,2.35,0.35,16.65,6.69,39.65,19.0,100.23,47.04,2.96,0.35,0.12,0.04
1265,Primeira Liga (PT),29173,Lucas Soares de Almeida,Lucas Soares,1998-05-04,79.86,19.65,20.89,28,27,1,2149.0,79.59,24.89,21.89,1.11,0.07,12.89,6.78,19.74,54.93,13.22,66.37,2.3,0.15,0.07,0.0
1265,Primeira Liga (PT),29175,Jefferson Anilson Silva Encada,J. Encada,1998-04-17,64.28,15.39,16.45,25,25,0,1677.0,67.08,21.56,19.16,0.68,0.08,13.48,2.44,17.8,51.52,7.76,59.32,0.76,0.08,0.0,0.0
1265,Primeira Liga (PT),29191,João Pedro Oliveira Gonçalves,J. Gonçalves,2000-11-05,98.29,21.65,27.4,6,6,0,197.0,32.83,12.67,12.67,0.0,0.0,0.0,0.0,13.0,0.0,0.0,32.83,0.0,0.0,0.0,0.0
1265,Primeira Liga (PT),29194,Jóbson de Brito Gonzaga,Maracás,1994-04-27,97.73,25.25,26.72,29,28,1,2927.0,104.54,39.93,38.96,0.29,0.0,0.86,2.43,40.36,8.29,4.57,99.96,2.0,0.14,0.04,0.0
1265,Primeira Liga (PT),29197,Simão Verza Bertelli,Simão,1993-07-02,98.86,21.69,29.37,12,12,0,341.0,28.42,11.42,11.42,0.0,0.0,0.0,0.0,11.92,0.0,0.0,28.42,0.0,0.0,0.0,0.0
1265,Primeira Liga (PT),29221,João Nuno Figueiredo Valido,João Valido,2000-03-03,99.22,24.3,25.99,9,8,1,392.0,49.0,17.62,17.62,0.0,0.0,0.0,0.0,17.88,0.0,0.12,48.88,0.0,0.0,0.0,0.0
1265,Primeira Liga (PT),29224,João Diogo Alves Rodrigues,Kikas,1998-09-17,76.81,18.91,18.2,17,16,1,1274.0,79.62,23.31,9.88,1.88,0.44,24.69,35.06,3.31,9.31,55.75,23.88,15.56,1.38,0.69,0.12
1265,Primeira Liga (PT),29227,Michael Simões Domingues,Mika,1991-03-08,97.26,32.82,20.47,1,1,0,47.0,47.0,12.0,12.0,0.0,0.0,0.0,0.0,13.0,0.0,0.0,47.0,0.0,0.0,0.0,0.0
1265,Primeira Liga (PT),29234,Ânderson Miguel da Silva,Nenê,1983-07-28,23.5,5.42,6.01,21,21,0,465.0,22.14,6.52,3.81,0.76,0.1,6.57,8.43,1.9,3.62,17.1,5.05,3.67,0.24,0.19,0.0
1265,Primeira Liga (PT),29708,Rodrigo Zalazar Martínez,Rodrigo Zalazar,1999-08-12,76.52,25.14,17.04,28,28,0,3619.0,129.25,45.36,37.75,3.04,0.5,44.68,12.07,28.25,78.68,59.11,70.14,3.71,0.54,0.36,0.07
1265,Primeira Liga (PT),29766,Christian Fernandes Marques,Christian Marques,2003-01-15,96.32,21.7,28.01,31,31,0,2260.0,72.9,24.35,23.71,0.26,0.0,0.55,1.61,24.23,8.71,4.13,68.77,1.61,0.19,0.06,0.0
1265,Primeira Liga (PT),29796,Bright Akwo Arrey-Mbi,B. Arrey-Mbi,2003-03-26,87.6,28.72,20.09,23,23,0,2890.0,125.65,39.65,39.0,0.3,0.04,0.65,0.35,39.7,66.35,2.57,123.09,0.17,0.04,0.0,0.0
1265,Primeira Liga (PT),29802,Alejandro Orellana Gómez,Jandro Orellana,2000-08-07,72.97,20.62,19.19,19,19,0,2080.0,109.47,33.42,30.95,1.47,0.21,23.21,8.0,25.11,22.74,77.68,31.79,2.95,0.42,0.05,0.0
1265,Primeira Liga (PT),30227,Ennio van der Gouw,E. van der Gouw,2000-02-14,98.57,26.4,27.67,10,10,0,422.0,42.2,20.4,20.4,0.0,0.0,0.0,0.0,21.1,0.0,0.0,42.2,0.0,0.0,0.0,0.0
1265,Primeira Liga (PT),30263,Telmo Emanuel Gomes Arcanjo,Telmo Arcanjo,2001-06-21,48.26,12.53,10.89,29,28,1,1453.0,51.89,16.79,13.0,1.46,0.21,14.86,6.07,9.93,36.86,13.86,38.04,2.43,0.11,0.07,0.04
1265,Primeira Liga (PT),30266,Eduardo Filipe Quaresma Coimbra Simões,Eduardo Quaresma,2002-03-02,80.93,26.38,17.31,16,15,1,1934.0,128.93,49.13,48.53,0.87,0.27,2.6,1.73,49.33,35.8,7.67,121.27,1.13,0.07,0.07,0.0
1265,Primeira Liga (PT),30270,Fabiano Josué de Souza Silva,Fabiano,2000-03-14,76.12,21.31,20.48,7,7,0,563.0,80.43,26.0,23.43,0.86,0.14,10.57,1.43,21.86,46.71,12.0,68.43,0.29,0.0,0.0,0.0
1265,Primeira Liga (PT),30276,Roberto de Jesus Machado,Bebeto,1990-01-01,84.86,19.1,24.09,24,24,0,1743.0,72.62,23.54,21.58,0.67,0.0,8.75,1.58,20.58,41.29,9.62,63.0,0.38,0.0,0.0,0.0
1265,Primeira Liga (PT),30293,Joelson Augusto Mendes Mango Fernandes,Joelson Fernandes,2003-02-28,47.32,12.37,10.66,24,24,0,1106.0,46.08,14.17,10.83,1.33,0.21,14.62,6.58,8.46,35.04,7.04,39.04,3.46,0.25,0.08,0.0
1265,Primeira Liga (PT),30298,Sphepehlo S'Miso Sithole,Y. Sithole,1999-03-03,66.32,14.64,18.95,26,26,0,1777.0,68.35,18.96,16.69,0.54,0.0,10.54,5.19,14.27,18.23,49.31,19.04,2.77,0.04,0.0,0.0
1265,Primeira Liga (PT),30300,Gonçalo Bernardino Inácio,Gonçalo Inácio,2001-08-25,94.85,30.39,20.63,29,28,1,3879.0,138.54,59.25,58.64,1.36,0.29,0.39,2.32,60.29,23.96,4.96,133.57,1.89,0.21,0.14,0.04
1265,Primeira Liga (PT),30324,Bruno Alberto Langa,Bruno Langa,1997-10-31,87.92,20.87,24.86,11,11,0,788.0,71.64,20.82,18.73,0.45,0.0,12.64,1.36,16.36,56.18,4.82,66.82,0.27,0.0,0.0,0.0
1265,Primeira Liga (PT),30877,Marc Gual Huguet,Marc Gual,1996-03-13,21.86,5.21,6.89,10,10,0,299.0,29.9,8.2,4.9,0.2,0.0,9.9,7.1,2.8,4.6,22.9,7.0,1.9,0.0,0.0,0.0
1265,Primeira Liga (PT),30920,Héctor José Hernández Marrero,Héctor Hernández,1995-09-14,44.57,10.99,10.28,9,9,0,524.0,58.22,12.44,6.89,0.78,0.22,20.44,19.56,2.44,10.22,50.56,7.67,9.56,0.67,0.44,0.11
1265,Primeira Liga (PT),30935,Iván Martínez Gonzálvez,Iván Barbero,1998-08-17,67.7,18.54,17.46,31,30,1,2338.0,77.93,21.47,11.2,1.77,0.13,27.6,26.3,4.37,8.97,64.07,13.87,9.3,1.23,0.8,0.07
1265,Primeira Liga (PT),30953,Rémy Vita,R. Vita,2001-04-01,62.4,15.53,13.94,4,4,0,222.0,55.5,17.25,16.5,0.5,0.0,5.5,2.5,16.0,43.75,6.0,49.5,0.5,0.0,0.0,0.0
1265,Primeira Liga (PT),31598,Adriano Firmino dos Santos da Silva,Adriano Firmino,1999-11-04,87.72,22.09,23.68,18,18,0,1821.0,101.17,30.39,28.22,0.89,0.0,16.89,5.0,24.11,20.0,71.5,29.67,1.39,0.28,0.06,0.0
1265,Primeira Liga (PT),31658,Eduardo Gabriel Aquino Cossa,Pepê,1997-02-24,77.81,24.07,17.59,30,27,3,2634.0,97.56,28.33,23.26,2.22,0.26,34.33,14.41,18.56,60.3,30.74,66.81,6.41,0.63,0.22,0.07
1265,Primeira Liga (PT),31740,Gabriel Batista de Souza,Gabriel Batista,1998-06-03,99.28,24.91,25.16,32,31,1,1012.0,32.65,11.84,11.71,0.03,0.0,0.0,0.0,11.97,0.0,0.06,32.58,0.0,0.0,0.0,0.0
1265,Primeira Liga (PT),31762,Lucas Alexandre Galdino de Azevedo,Lucão,2001-02-26,99.86,26.17,23.73,8,8,0,261.0,32.62,14.12,13.88,0.0,0.0,0.0,0.0,14.5,0.0,0.0,32.62,0.0,0.0,0.0,0.0
1265,Primeira Liga (PT),31813,Welinton Macedo dos Santos,Welinton Torrão,1999-06-30,41.07,9.53,9.68,18,17,1,697.0,41.0,12.47,8.76,0.71,0.0,15.12,10.0,5.82,25.76,8.41,32.59,4.18,0.35,0.06,0.0
1265,Primeira Liga (PT),31815,Ulisses Wilson Jeronymo Rocha,Ulisses,1999-09-28,59.13,13.46,14.27,5,4,1,177.0,44.25,13.25,13.25,0.0,0.0,1.0,2.25,12.75,14.75,4.5,39.75,1.25,0.0,0.0,0.0
1265,Primeira Liga (PT),31932,Miguel Baeza Pérez,Miguel Baeza,2000-03-27,56.44,14.13,14.88,14,11,3,673.0,61.18,15.36,12.27,1.09,0.0,18.45,10.64,9.0,20.0,46.73,14.45,3.82,0.18,0.09,0.0
1265,Primeira Liga (PT),31934,Gabriel Veiga Novas,Gabri Veiga,2002-05-27,56.67,17.52,13.17,31,28,3,2477.0,88.46,22.82,19.75,1.86,0.18,33.14,16.75,14.43,23.07,63.79,24.68,4.43,0.46,0.32,0.04
1265,Primeira Liga (PT),31971,Cedric Wilfred Teguia,Cedric Teguia,2001-10-01,45.48,11.38,12.99,21,21,0,938.0,44.67,15.24,11.95,0.86,0.05,14.48,3.76,8.52,32.24,8.38,36.29,1.38,0.24,0.05,0.0
1265,Primeira Liga (PT),32102,Kévin Boma,K. Boma,2002-11-20,89.87,22.73,23.65,21,21,0,2092.0,99.62,27.48,26.57,0.1,0.0,0.71,1.81,27.43,22.86,4.67,94.95,1.62,0.14,0.1,0.0
1265,Primeira Liga (PT),32468,Georgiy Sudakov,H. Sudakov,2002-09-01,68.93,20.77,15.68,22,21,1,2265.0,107.86,32.43,27.43,2.19,0.29,34.24,21.9,21.1,32.9,75.76,32.1,8.67,1.1,0.38,0.19
1265,Primeira Liga (PT),32509,Justin de Haas,J. de Haas,2000-02-01,99.99,25.6,25.07,31,30,1,2919.0,97.3,40.73,39.8,0.67,0.1,0.47,2.7,41.13,17.53,5.0,92.3,2.6,0.23,0.2,0.07
1265,Primeira Liga (PT),32834,Patrick de Paula Carreiro,Patrick de Paula,1999-09-08,50.65,12.96,12.88,9,9,0,503.0,55.89,16.78,15.56,0.89,0.11,12.22,2.22,13.56,12.11,37.11,18.78,0.33,0.0,0.0,0.0
1265,Primeira Liga (PT),32837,Gabriel Silva Vieira,Gabriel Silva,2002-03-22,82.88,20.95,20.35,29,28,1,2489.0,88.89,27.36,17.57,1.86,0.14,30.39,22.43,10.89,39.21,46.07,42.82,8.79,0.71,0.29,0.0
1265,Primeira Liga (PT),32890,Roni Medeiros De Moura,Roni,1999-04-15,88.59,16.79,28.71,16,15,1,1108.0,73.87,16.13,13.67,1.0,0.0,9.53,2.4,11.2,21.6,57.47,16.4,1.0,0.07,0.07,0.0
1265,Primeira Liga (PT),32896,David Sousa Albino,David Sousa,2001-07-04,96.94,18.68,26.83,26,26,0,1441.0,55.42,19.0,18.04,0.31,0.08,0.69,3.0,17.38,18.96,8.92,46.5,2.73,0.42,0.15,0.08
1265,Primeira Liga (PT),32906,Weverson Moreira da Costa,Weverson,2000-07-05,31.16,9.2,5.66,1,1,0,34.0,34.0,11.0,10.0,0.0,0.0,2.0,5.0,11.0,27.0,2.0,32.0,2.0,0.0,0.0,0.0
1265,Primeira Liga (PT),32918,Paulo Henrique Pereira da Silva,Paulinho Bóia,1998-06-26,92.51,20.16,24.21,33,29,4,2416.0,83.31,28.97,19.9,2.07,0.1,25.14,16.1,13.86,33.83,45.14,38.17,4.38,0.41,0.1,0.03
1265,Primeira Liga (PT),32928,Leonardo Javier Realpe Montaño,L. Realpe,2001-02-26,78.7,20.03,19.39,24,23,1,1594.0,69.3,25.48,24.7,0.09,0.0,0.17,1.57,25.57,8.04,3.74,65.57,1.52,0.13,0.04,0.0
1265,Primeira Liga (PT),32979,Richard Ríos Montoya,R. Ríos,2000-06-02,92.6,26.74,20.94,27,26,1,3182.0,122.38,34.77,31.88,2.27,0.46,20.31,12.0,27.92,28.92,78.88,43.5,6.12,0.62,0.31,0.08
1265,Primeira Liga (PT),32992,Matheus Mendes Werneck de Oliveira,Matheus Mendes,1999-03-10,99.27,23.88,27.71,9,9,0,277.0,30.78,7.22,7.11,0.0,0.0,0.0,0.0,7.44,0.0,0.0,30.78,0.0,0.0,0.0,0.0
1265,Primeira Liga (PT),33028,Pedro Miguel Dinis Ferreira,Pedro Ferreira,1998-01-05,68.48,17.46,17.3,31,30,1,2352.0,78.4,17.13,14.2,0.97,0.0,17.67,6.6,10.8,25.83,55.73,22.67,2.83,0.4,0.1,0.0
1265,Primeira Liga (PT),33154,Simon Elisor,S. Elisor,1999-07-22,67.55,17.41,17.3,33,32,1,2425.0,75.78,20.41,10.72,1.53,0.09,26.62,28.41,3.81,10.25,60.28,15.5,13.22,0.97,0.56,0.0
1265,Primeira Liga (PT),33173,Lenny Vallier,L. Vallier,1999-04-24,62.34,14.09,15.5,14,12,2,583.0,48.58,12.83,11.42,0.58,0.0,10.17,3.33,10.25,36.5,9.33,39.25,0.75,0.0,0.0,0.0
1265,Primeira Liga (PT),33624,Francisco Sampaio Moura,Francisco Moura,1999-08-16,68.48,21.85,14.86,21,21,0,2153.0,102.52,25.38,22.52,1.0,0.14,19.9,10.67,21.48,67.62,13.48,89.05,4.0,0.57,0.29,0.0
1265,Primeira Liga (PT),33626,Cristian David Castro Devenish,C. Devenish,2001-01-25,91.59,18.93,27.9,26,26,0,1369.0,52.65,18.62,18.19,0.15,0.0,0.62,0.92,18.27,8.23,4.42,48.23,0.81,0.08,0.04,0.0
1265,Primeira Liga (PT),33629,Sebastián Pérez Cardona,S. Pérez,1993-03-29,64.34,13.89,17.12,27,27,0,1504.0,55.7,16.81,15.85,0.37,0.0,6.37,1.78,13.59,8.22,35.22,20.48,0.44,0.11,0.04,0.0
1265,Primeira Liga (PT),33655,Daniel Santos Bragança,Daniel Bragança,1999-05-27,41.9,13.98,8.52,14,14,0,1044.0,74.57,23.0,21.71,1.93,0.5,9.71,10.21,18.71,8.43,44.29,30.29,4.93,0.43,0.21,0.07
1265,Primeira Liga (PT),33658,Witiness Chimoio João Quembo,Witi,1996-08-26,42.76,8.87,11.12,26,23,3,895.0,38.91,11.78,7.91,0.91,0.13,13.3,8.22,5.39,19.78,14.48,24.43,2.91,0.22,0.09,0.0
1265,Primeira Liga (PT),33674,Tiago Fontoura Fonseca Morais,Tiago Morais,2003-09-03,40.74,8.43,11.07,19,18,1,687.0,38.17,9.61,6.83,0.39,0.0,12.06,6.94,4.89,11.33,26.94,11.22,1.39,0.17,0.0,0.0
1265,Primeira Liga (PT),33885,Yahya Kalley,Y. Kalley,2001-03-20,11.93,2.65,3.46,2,2,0,10.0,5.0,2.0,1.5,0.0,0.0,2.0,0.5,1.0,4.0,0.5,4.5,0.0,0.0,0.0,0.0
1265,Primeira Liga (PT),33926,Muhammed Kerem Aktürkoğlu,K. Aktürkoğlu,1998-10-21,29.2,8.82,6.52,1,1,0,31.0,31.0,13.0,8.0,1.0,0.0,6.0,15.0,9.0,7.0,18.0,13.0,9.0,0.0,0.0,0.0
1265,Primeira Liga (PT),34066,Samuel Jumpe Soares,Samuel Soares,2002-06-15,97.52,30.65,23.14,2,2,0,79.0,39.5,9.5,9.5,0.0,0.0,0.0,0.0,9.5,0.0,0.0,39.5,0.0,0.0,0.0,0.0
1265,Primeira Liga (PT),34113,Jordi Escobar Fernández,J. Escobar,2002-02-10,35.68,8.93,9.48,5,5,0,194.0,38.8,9.6,3.6,0.8,0.0,11.4,17.6,1.4,4.8,30.0,8.8,7.0,0.6,0.4,0.0
1265,Primeira Liga (PT),34125,José Carlos Teixeira Lopes Reis Gonçalves,Zé Carlos,1998-07-31,85.61,21.78,21.06,32,31,1,2571.0,82.94,21.06,19.26,0.94,0.1,9.13,4.06,18.0,65.0,8.94,74.0,1.42,0.1,0.0,0.0
1265,Primeira Liga (PT),34144,Francisco José Navarro Aliaga,Fran Navarro,1998-02-03,49.63,16.62,10.66,29,29,0,2239.0,77.21,16.55,8.55,0.55,0.1,31.38,27.79,3.17,10.41,66.1,11.1,13.17,1.21,0.28,0.07
1265,Primeira Liga (PT),34192,Martin Turk,M. Turk,2003-08-21,95.83,28.66,25.01,3,3,0,136.0,45.33,10.0,10.0,0.0,0.0,0.0,0.0,10.33,0.0,0.0,45.33,0.0,0.0,0.0,0.0
1265,Primeira Liga (PT),34260,Cezary Miszta,C. Miszta,2001-10-30,98.98,24.26,28.01,21,21,0,924.0,44.0,17.0,16.86,0.0,0.0,0.0,0.0,17.43,0.05,0.05,43.95,0.0,0.0,0.0,0.0
1265,Primeira Liga (PT),34299,Rodrigo Abascal Barros,R. Abascal,1994-01-14,93.72,23.8,21.96,27,26,1,2318.0,89.15,33.23,32.58,0.58,0.08,1.19,2.62,33.65,15.12,3.69,85.46,1.88,0.23,0.04,0.0
1265,Primeira Liga (PT),34573,Óscar Aranda Subiela,Óscar Aranda,2002-04-29,24.8,7.36,3.24,1,1,0,26.0,26.0,7.0,6.0,2.0,0.0,9.0,3.0,4.0,15.0,11.0,15.0,2.0,0.0,0.0,0.0
1265,Primeira Liga (PT),35435,Diogo Pinheiro Monteiro,Diogo Monteiro,2005-01-28,42.92,10.34,12.21,8,8,0,299.0,37.38,11.75,10.75,0.38,0.0,10.5,0.62,10.38,26.12,3.12,34.25,0.12,0.0,0.0,0.0
1265,Primeira Liga (PT),35621,Jordan Holsgrove,J. Holsgrove,1999-09-10,93.07,24.89,23.72,33,33,0,4889.0,148.15,53.45,50.73,2.21,0.24,17.85,4.55,46.0,34.79,79.58,68.58,0.97,0.12,0.03,0.03
1265,Primeira Liga (PT),35639,Luís André Leite Esteves,Luís Esteves,1998-04-09,90.09,22.74,22.13,33,32,1,3542.0,110.69,37.28,32.12,2.53,0.25,24.09,13.41,26.22,36.31,78.34,32.34,2.66,0.38,0.12,0.0
1265,Primeira Liga (PT),35875,João Pedro Eira Antunes da Silva,João Silva,1999-01-14,93.22,22.39,25.33,12,12,0,911.0,75.92,28.33,27.17,0.25,0.0,0.5,2.58,27.58,17.67,5.83,70.08,2.42,0.08,0.08,0.0
1265,Primeira Liga (PT),35948,Tiago Maria Antunes Gouveia,Tiago Gouveia,2001-06-18,5.66,0.66,1.1,1,1,0,3.0,3.0,0.0,0.0,0.0,0.0,0.0,0.0,0.0,1.0,2.0,1.0,0.0,0.0,0.0,0.0
1265,Primeira Liga (PT),35949,Henrique  Pereira Araújo,Henrique Araújo,2002-01-19,8.99,3.18,1.39,5,5,0,65.0,13.0,1.8,1.0,0.4,0.0,2.8,8.6,0.2,1.4,10.2,2.8,5.2,0.2,0.0,0.0
1265,Primeira Liga (PT),35955,Rafael Alexandre Sousa Gancho Brito,Rafael Brito,2002-01-19,66.0,12.36,19.23,25,24,1,1216.0,50.67,11.0,9.08,0.38,0.12,7.33,4.21,6.38,10.38,43.54,7.12,1.38,0.12,0.08,0.04
1265,Primeira Liga (PT),35960,Tomás Lemos Araújo,Tomás Araújo,2002-05-16,82.55,23.87,19.34,23,22,1,2165.0,98.41,35.64,34.5,0.68,0.05,2.59,2.36,34.95,26.05,6.0,92.41,1.86,0.23,0.14,0.0
1265,Primeira Liga (PT),35984,Christian Neiva Afonso,Kiki,1994-12-10,61.66,13.07,17.53,27,26,1,1085.0,41.73,14.0,12.19,0.46,0.04,6.85,3.42,11.54,28.92,4.88,36.85,0.77,0.12,0.0,0.0
1265,Primeira Liga (PT),35985,Fábio Samuel Amorim da Silva,Samu,1996-04-21,76.85,20.68,18.24,29,28,1,2974.0,106.21,25.5,19.71,1.89,0.11,33.79,21.46,12.25,30.54,84.57,21.64,10.71,1.25,0.5,0.04
1265,Primeira Liga (PT),35996,Francisco Miguel Ribeiro Tomé Tavares Bondoso,Kiko Bondoso,1995-11-17,69.78,19.23,19.05,31,29,2,2378.0,82.0,25.03,20.24,1.17,0.14,28.41,8.62,15.0,55.66,25.17,56.83,3.24,0.28,0.07,0.03
1265,Primeira Liga (PT),36637,Alan Gonzalo Varela,A. Varela,2001-07-04,83.57,24.58,19.91,30,27,3,3138.0,116.22,28.56,27.04,1.11,0.07,22.96,2.89,22.63,18.19,79.63,36.59,1.26,0.07,0.0,0.0
1265,Primeira Liga (PT),36834,Facundo Agustín Cáseres,F. Cáseres,2001-05-28,82.24,20.56,20.91,29,28,1,2388.0,85.29,22.79,21.64,0.36,0.04,7.39,1.57,19.25,14.39,56.11,29.18,1.14,0.07,0.04,0.0
1265,Primeira Liga (PT),36926,Dario Špikić,D. Špikić,1999-03-22,63.18,16.52,18.65,30,30,0,2184.0,72.8,20.33,14.77,1.5,0.13,26.17,16.73,8.9,35.97,37.9,34.9,5.87,0.53,0.17,0.03
1265,Primeira Liga (PT),37712,Issiar Dramé,I. Dramé,1999-02-16,7.98,3.22,1.18,1,1,0,15.0,15.0,5.0,5.0,0.0,0.0,0.0,1.0,5.0,2.0,2.0,13.0,1.0,0.0,0.0,0.0
1265,Primeira Liga (PT),37805,Pablo Felipe Pereira de Jesus,Pablo Felipe,2004-01-02,77.41,18.54,19.14,13,12,1,919.0,76.58,23.83,12.67,1.83,0.33,22.58,26.5,3.58,13.75,62.08,14.5,10.83,1.17,0.58,0.08
1265,Primeira Liga (PT),37829,Max Svensson Río,Max Svensson,2001-11-08,35.47,7.87,8.93,6,6,0,241.0,40.17,12.33,6.67,1.17,0.0,11.83,8.33,2.83,10.0,29.17,11.0,2.67,0.17,0.0,0.0
1265,Primeira Liga (PT),37953,Andreas Rædergård Schjelderup,A. Schjelderup,2004-06-01,66.59,20.17,14.18,28,28,0,2377.0,84.89,27.32,22.93,2.39,0.21,29.36,17.75,18.64,53.93,26.29,58.61,7.11,0.96,0.32,0.04
1265,Primeira Liga (PT),38127,Luan Patrick Wiedthauper,Luan Patrick,2002-01-20,96.08,22.57,24.05,30,29,1,2690.0,92.76,30.9,30.31,0.24,0.0,0.9,1.34,30.41,22.93,4.55,88.21,1.31,0.21,0.03,0.0
1265,Primeira Liga (PT),38128,Alfonso Trezza Hernández,A. Trezza,1999-06-22,79.09,20.34,20.55,32,31,1,2665.0,85.97,23.32,15.19,2.16,0.39,34.1,17.74,9.55,34.13,49.45,36.52,6.23,0.52,0.26,0.03
1265,Primeira Liga (PT),38415,Diego Ariel Duarte Garcete,D. Duarte,2002-04-08,52.66,10.4,16.15,27,26,1,1165.0,44.81,12.65,5.54,1.0,0.15,12.31,17.65,2.04,9.77,30.12,14.69,6.35,0.62,0.27,0.0
1265,Primeira Liga (PT),38984,Tiago Galletto López,T. Galletto,2002-05-11,42.11,8.02,12.68,16,15,1,481.0,32.07,7.4,6.2,0.27,0.0,4.2,3.27,5.4,7.93,16.93,15.13,1.4,0.13,0.07,0.0
1265,Primeira Liga (PT),38998,Jesús Andrés Ramírez Díaz,J. Ramírez,1998-05-04,95.94,20.87,25.21,33,29,4,2665.0,91.9,29.21,14.83,2.55,0.34,25.55,30.59,5.76,13.76,76.66,15.24,11.28,1.76,0.83,0.14
1265,Primeira Liga (PT),39576,Nico Mantl,N. Mantl,2000-02-06,99.97,25.1,26.8,8,8,0,345.0,43.12,14.38,14.25,0.0,0.0,0.0,0.0,14.5,0.0,0.12,43.0,0.0,0.0,0.0,0.0
1265,Primeira Liga (PT),40367,Nile Omari Mckenzie John,Nile John,2003-03-06,59.05,15.33,15.98,14,12,2,789.0,65.75,16.58,13.17,1.58,0.08,22.83,8.17,8.83,17.08,54.92,10.83,2.25,0.0,0.0,0.0
1265,Primeira Liga (PT),40591,Alejandro Josè Marqués Méndez,Alejandro Marqués,2000-08-04,49.33,13.61,12.32,26,26,0,1517.0,58.35,15.85,8.04,0.81,0.12,21.54,22.15,3.85,12.96,41.85,16.5,7.73,0.62,0.31,0.04
1265,Primeira Liga (PT),41244,Enzo Alan Tomás Barrenechea,E. Barrenechea,2001-05-22,74.7,22.1,16.98,26,25,1,2667.0,106.68,36.44,35.24,1.12,0.04,4.8,2.88,33.88,17.44,43.76,62.92,2.04,0.24,0.12,0.0
1265,Primeira Liga (PT),41621,Patrick Gilmar Sequeira Mejías,P. Sequeira,1999-03-01,96.95,18.73,27.18,29,28,1,699.0,24.96,8.5,8.43,0.0,0.0,0.0,0.0,8.86,0.0,0.0,24.96,0.0,0.0,0.0,0.0
1265,Primeira Liga (PT),42185,Xander Severina,X. Severina,2001-04-12,25.85,5.34,6.08,5,5,0,119.0,23.8,6.8,5.0,0.0,0.0,8.6,4.2,3.2,11.2,13.0,10.8,2.2,0.2,0.0,0.0
1265,Primeira Liga (PT),42283,Andrew da Silva Ventura,Andrew,2001-07-01,97.66,23.74,23.85,17,16,1,522.0,32.62,15.5,15.31,0.0,0.0,0.0,0.0,15.62,0.0,0.0,32.62,0.0,0.0,0.0,0.0
1265,Primeira Liga (PT),42452,Santiago García González ,Santi García,2001-08-29,88.83,22.75,21.64,33,32,1,3346.0,104.56,29.81,23.5,2.91,0.16,31.0,22.41,14.16,28.25,87.38,17.19,11.53,1.06,0.53,0.03
1265,Primeira Liga (PT),42457,Ángel Algobia Esteves,Á. Algobia,1999-06-23,56.55,11.19,17.48,21,21,0,1109.0,52.81,12.62,10.62,1.0,0.05,9.14,5.33,8.05,13.71,39.67,13.14,1.33,0.14,0.1,0.0
1265,Primeira Liga (PT),42593,Marvin Elimbi,M. Elimbi,2003-02-20,95.94,23.33,24.14,28,27,1,2105.0,77.96,29.7,28.19,0.41,0.04,0.22,3.56,28.15,5.85,4.52,73.44,4.0,0.56,0.19,0.0
1265,Primeira Liga (PT),42650,Ismael Gharbi ,Ismael Gharbi,2004-04-10,68.88,28.49,12.02,1,1,0,127.0,127.0,39.0,33.0,0.0,0.0,60.0,14.0,21.0,77.0,66.0,61.0,2.0,1.0,0.0,0.0
1265,Primeira Liga (PT),42749,Nikolaos Athanasiou,N. Athanasiou,2001-03-16,83.7,20.44,24.2,17,17,0,1307.0,76.88,26.29,23.59,1.18,0.06,13.65,4.59,21.76,62.53,6.82,70.06,0.71,0.06,0.0,0.0
1265,Primeira Liga (PT),42980,Nabil Zoubdi Touaizi,Nabil Touaizi,2001-02-01,94.93,22.16,27.25,32,32,0,3281.0,102.53,30.0,25.31,1.38,0.12,22.59,5.84,23.06,85.41,7.28,95.25,2.62,0.38,0.06,0.0
1265,Primeira Liga (PT),43052,Adrian Leon Barišić,A. Barišić,2001-07-19,80.61,26.5,20.15,6,6,0,841.0,140.17,39.17,38.83,0.33,0.17,0.0,1.33,39.5,70.17,6.0,134.17,1.33,0.0,0.0,0.0
1265,Primeira Liga (PT),43304,Zeno Debast,Z. Debast,2003-10-24,78.51,25.2,16.84,17,17,0,1942.0,114.24,42.71,42.29,1.0,0.18,0.29,0.94,44.24,14.82,3.12,111.12,0.82,0.06,0.06,0.0
1265,Primeira Liga (PT),43668,Gian Franco Cabezas Rodríguez,G. Cabezas,2003-01-01,12.56,2.5,2.75,5,5,0,73.0,14.6,2.2,2.0,0.2,0.0,1.8,2.2,1.6,2.8,7.4,7.2,0.2,0.0,0.0,0.0
1265,Primeira Liga (PT),43883,Elias Manoel Alves de Paula,Elias Manoel,2001-11-30,26.19,6.63,5.31,15,15,0,405.0,27.0,8.13,4.67,0.8,0.13,9.07,11.07,2.07,7.47,17.73,9.27,4.33,0.6,0.4,0.07
1265,Primeira Liga (PT),43884,Adriel Vasconcelos Ramos,Adriel,2001-01-14,99.24,18.88,31.37,16,15,1,386.0,25.73,9.8,9.53,0.0,0.0,0.0,0.0,10.0,0.07,0.0,25.73,0.0,0.0,0.0,0.0
1265,Primeira Liga (PT),46857,Leonardo Rodrigues dos Santos,Léo Santos,1998-12-09,98.03,20.91,26.36,31,28,3,1956.0,69.86,24.5,23.61,0.18,0.0,0.82,2.11,24.21,20.82,6.43,63.43,1.75,0.07,0.04,0.0
1265,Primeira Liga (PT),46948,Lukas Hornicek,L. Hornicek,2002-07-13,99.09,33.61,21.81,33,33,0,2132.0,64.61,22.36,22.33,0.0,0.0,0.0,0.0,23.18,0.03,0.03,64.58,0.0,0.0,0.0,0.0
1265,Primeira Liga (PT),47752,Gustavo Garcia dos Santos,Garcia,2002-01-04,55.68,14.37,14.0,12,12,0,663.0,55.25,19.0,18.08,1.0,0.0,2.92,0.75,17.67,43.17,4.0,51.25,0.25,0.0,0.0,0.0
1265,Primeira Liga (PT),49095,Leonardo Daniel Rivas Conge,L. Rivas,2001-12-06,64.29,12.76,20.19,26,26,0,974.0,37.46,10.38,9.35,0.5,0.04,5.23,2.62,8.81,26.62,5.58,31.88,0.96,0.08,0.0,0.0
1265,Primeira Liga (PT),53128,Michel Augusto Modesto Rafael dos Santos,Michel,2003-05-20,80.29,25.99,19.36,4,4,0,500.0,125.0,41.25,41.0,0.25,0.25,0.25,0.25,42.25,8.75,2.75,122.25,0.5,0.0,0.0,0.0
1265,Primeira Liga (PT),53219,Marcos Vinicios Lopes Moura,Sorriso,2001-02-23,91.1,23.19,22.95,33,32,1,3186.0,99.56,32.94,23.44,2.31,0.28,33.47,24.03,15.81,62.0,29.75,69.81,10.34,1.53,0.59,0.19
1265,Primeira Liga (PT),54936,Lazar Carević,L. Carević,1999-03-16,99.87,25.41,25.07,34,33,1,1225.0,37.12,18.21,18.06,0.0,0.0,0.0,0.0,18.85,0.0,0.0,37.12,0.0,0.0,0.0,0.0
1265,Primeira Liga (PT),54942,Ángel Alarcón Galiot,Ángel Alarcón,2004-05-15,23.23,8.48,4.57,3,3,0,95.0,31.67,9.0,7.0,0.33,0.0,11.33,7.33,5.0,20.67,8.67,23.0,3.33,0.33,0.0,0.0
1265,Primeira Liga (PT),54990,Joel Jorquera Romero,Joel Jorquera,2000-08-19,12.97,2.84,4.39,4,4,0,45.0,11.25,4.25,3.25,0.25,0.0,1.25,2.75,2.5,7.25,3.75,7.5,1.25,0.25,0.25,0.0
1265,Primeira Liga (PT),56498,Paulo Victor de Almeida Barbosa,P. Victor,2001-04-13,69.14,17.17,19.12,21,21,0,1441.0,68.62,21.48,19.81,0.67,0.0,9.95,3.43,19.1,57.19,4.81,63.81,0.52,0.05,0.0,0.0
1265,Primeira Liga (PT),57756,José Vitor Lima Cardoso,Zé Vitor,2001-02-09,99.22,21.43,26.78,30,26,4,1726.0,66.38,24.35,23.58,0.27,0.0,0.54,2.08,24.04,13.04,5.65,60.73,1.62,0.08,0.04,0.0
1265,Primeira Liga (PT),59973,Iyad Mohamed,Iyad Mohamed,2001-03-05,50.15,9.43,14.5,22,21,1,791.0,37.67,9.62,8.62,0.38,0.1,5.52,0.9,6.67,11.71,27.0,10.67,0.33,0.0,0.0,0.0
1265,Primeira Liga (PT),60108,Felix Bacher,F. Bacher,2000-10-25,98.46,26.5,25.2,34,34,0,4123.0,121.26,37.35,36.35,0.35,0.0,0.59,2.79,37.26,10.18,6.53,114.74,2.5,0.15,0.06,0.0
1265,Primeira Liga (PT),60508,Ole Pohlmann,O. Pohlmann,2001-04-05,59.07,15.7,16.02,31,31,0,2321.0,74.87,16.84,12.81,0.9,0.06,25.81,12.0,7.68,24.16,57.16,17.71,4.35,0.35,0.1,0.0
1265,Primeira Liga (PT),60571,Boris Popović,B. Popović,2000-02-26,73.86,17.52,21.4,17,16,1,1139.0,71.19,26.81,26.19,0.31,0.06,0.44,0.94,26.56,12.69,3.44,67.75,0.38,0.06,0.0,0.0
1265,Primeira Liga (PT),61212,Gonçalo Lago Pontes Esteves,Gonçalo Esteves,2004-02-27,37.27,9.03,11.51,5,5,0,202.0,40.4,11.2,9.4,0.2,0.2,8.0,2.0,8.6,31.0,5.2,35.2,0.0,0.0,0.0,0.0
1265,Primeira Liga (PT),61335,Francisco Jorge Tavares Oliveira,Chiquinho,2000-02-05,78.7,18.36,22.82,19,19,0,1559.0,82.05,26.42,18.11,1.68,0.21,28.89,16.53,9.37,31.89,52.26,29.79,5.21,0.53,0.16,0.0
1265,Primeira Liga (PT),61581,Roger  Fernandes,Roger,2005-11-21,87.97,33.34,15.54,4,4,0,601.0,150.25,45.25,38.25,3.25,0.5,53.25,19.5,35.75,112.75,26.25,124.0,9.25,0.75,0.25,0.0
1265,Primeira Liga (PT),61681,Tomás Romano Pereira dos Santos Händel,Tomás Händel,2000-11-27,104.72,24.24,21.6,3,2,1,233.0,116.5,35.0,29.0,2.0,0.5,23.5,10.0,22.5,28.5,81.0,35.5,5.0,0.5,0.0,0.0
1265,Primeira Liga (PT),62124,Rodrigo Fernandes da Conceição,Rodrigo Conceição,2000-01-02,79.38,18.08,22.98,20,20,0,1431.0,71.55,23.2,19.25,1.15,0.0,17.35,7.45,16.2,51.75,16.9,54.65,2.55,0.1,0.05,0.0
1265,Primeira Liga (PT),62147,Gabriel  Martínez Aguilera,Gabri Martínez,2003-01-22,52.31,17.79,11.77,28,28,0,2248.0,80.29,26.07,20.75,1.54,0.14,27.86,13.25,16.64,60.75,15.86,64.43,4.61,0.68,0.39,0.04
1265,Primeira Liga (PT),62355,Miguel Puche García,Miguel Puche,2001-04-30,34.81,7.78,9.52,27,26,1,932.0,35.85,11.0,8.38,0.54,0.04,9.85,5.73,6.35,18.96,14.65,21.19,2.46,0.19,0.08,0.0
1265,Primeira Liga (PT),63077,Gustaf Lagerbielke,G. Lagerbielke,2000-04-10,94.14,31.89,20.84,28,28,0,4725.0,168.75,57.21,55.79,0.71,0.04,1.25,2.68,56.93,62.86,5.54,163.21,2.11,0.32,0.18,0.0
1265,Primeira Liga (PT),63449,Jean-Baptiste Gorby,J. Gorby,2002-07-25,67.81,22.72,14.84,28,28,0,3724.0,133.0,38.71,36.46,1.18,0.14,17.07,4.82,32.46,41.43,75.86,57.14,1.57,0.11,0.07,0.0
1265,Primeira Liga (PT),64191,Marko Milovanović,M. Milovanović,2003-08-04,53.93,12.35,15.07,30,30,0,1998.0,66.6,17.27,8.7,1.17,0.3,22.2,21.87,2.07,10.43,50.07,16.53,10.0,0.8,0.5,0.13
1265,Primeira Liga (PT),64677,Jakub Kiwior,J. Kiwior,2000-02-15,93.98,27.46,22.11,26,26,0,3346.0,128.69,54.62,53.69,0.85,0.08,2.31,2.77,55.96,23.69,7.23,121.46,1.81,0.38,0.15,0.0
1265,Primeira Liga (PT),67659,Alioune Ndoye,A. Ndoye,2001-10-05,48.1,11.9,11.07,24,22,2,1083.0,49.23,12.14,5.95,0.95,0.09,15.05,24.45,1.05,2.55,41.41,7.82,12.5,0.64,0.41,0.05
1265,Primeira Liga (PT),67818,Geny Cipriano Catamo,Geny Catamo,2001-01-26,72.27,23.77,15.42,29,28,1,2963.0,105.82,33.29,28.5,2.82,0.43,31.75,11.93,24.54,75.29,21.96,83.86,5.54,0.54,0.25,0.0
1265,Primeira Liga (PT),68367,João Pedro Goulart Silva,João Goulart,2000-01-27,84.96,15.91,25.21,25,24,1,1140.0,47.5,13.79,12.33,0.04,0.0,0.88,2.17,11.92,19.12,4.79,42.71,2.17,0.29,0.0,0.0
1265,Primeira Liga (PT),68537,Marcus Abraham Ayomide,M. Ayomide,2000-01-02,89.97,21.85,22.5,31,30,1,2784.0,92.8,28.83,22.57,2.03,0.3,31.0,8.37,15.67,50.77,36.0,56.8,3.27,0.47,0.23,0.03
1265,Primeira Liga (PT),68572,Alan Godoy Domínguez,A. Godoy,2003-05-04,56.48,13.26,12.73,6,6,0,339.0,56.5,13.0,7.0,1.17,0.0,22.33,16.5,4.17,22.0,38.0,18.5,7.33,1.0,0.5,0.0
1265,Primeira Liga (PT),68972,Demir Ege Tıknaz,E. Tıknaz,2004-08-17,54.15,17.22,12.35,10,10,0,975.0,97.5,28.1,27.1,1.2,0.1,14.2,5.4,22.2,24.4,67.8,29.7,2.4,0.1,0.0,0.0
1265,Primeira Liga (PT),69027,Ivan Correia Posser Lima,Ivan Lima,2005-01-13,16.58,4.79,3.2,1,1,0,26.0,26.0,6.0,5.0,0.0,0.0,4.0,6.0,5.0,19.0,5.0,21.0,4.0,0.0,0.0,0.0
1265,Primeira Liga (PT),69030, João de Vasconcelos Faria Gonçalves,Vasconcelos,2005-02-26,47.82,12.05,10.18,1,1,0,79.0,79.0,9.0,6.0,0.0,0.0,36.0,5.0,2.0,40.0,60.0,19.0,1.0,0.0,0.0,0.0
1265,Primeira Liga (PT),69031,João Miguel Fins Veloso,João Veloso,2005-06-26,2.27,1.02,0.37,2,2,0,17.0,8.5,2.0,2.0,0.0,0.0,2.5,1.5,2.0,2.0,5.0,3.5,0.5,0.0,0.0,0.0
1265,Primeira Liga (PT),69038,Francisco Edgar Chissumba Rodrigues,Francisco Chissumba,2005-05-29,87.88,20.53,25.43,18,18,0,1536.0,85.33,27.0,22.22,0.94,0.11,17.83,10.78,19.33,61.78,16.11,69.22,2.89,0.17,0.11,0.0
1265,Primeira Liga (PT),69039,João Pedro Seno Luís Rêgo,João Rêgo,2005-06-20,12.53,2.61,2.75,8,8,0,118.0,14.75,3.75,2.88,0.0,0.0,4.5,4.25,1.88,5.38,8.5,6.25,2.0,0.0,0.0,0.0
1265,Primeira Liga (PT),69286,Arnau Solà Mateu,Arnau Solà,2003-04-04,63.51,16.82,17.33,10,10,0,717.0,71.7,24.3,21.3,1.6,0.2,18.8,6.3,19.9,50.1,10.7,61.0,1.3,0.1,0.1,0.0
1265,Primeira Liga (PT),69521,Martín Fernández Benítez,M. Fernández,2003-06-23,31.94,7.31,6.99,26,25,1,837.0,33.48,7.72,5.64,0.56,0.08,11.8,8.64,4.04,18.64,14.88,18.6,3.36,0.24,0.04,0.0
1265,Primeira Liga (PT),70165,André Luiz Inácio da Silva,André Luiz,2002-02-23,84.84,20.85,23.54,19,19,0,1942.0,102.21,29.47,19.68,2.26,0.42,39.42,17.58,11.95,46.95,54.05,48.16,6.68,0.63,0.42,0.05
1265,Primeira Liga (PT),70245,Samuel Dahl,S. Dahl,2003-03-04,96.02,27.78,21.54,33,32,1,3661.0,114.41,38.56,36.59,1.59,0.03,14.5,10.47,35.59,80.16,14.94,99.47,3.78,0.38,0.06,0.0
1265,Primeira Liga (PT),70674,Rodrigo Alonso Martín,Rodri Alonso,2003-01-04,61.75,17.03,17.14,26,24,2,2029.0,84.54,22.62,19.0,0.62,0.21,23.38,9.46,15.21,23.58,56.79,27.75,4.04,0.21,0.04,0.04
1265,Primeira Liga (PT),70678,Antonio Espigares Morillas,Antonio Espigares,2004-09-05,60.28,14.59,13.93,19,19,0,894.0,47.05,17.68,16.95,0.16,0.05,0.42,2.0,16.95,3.74,3.79,43.26,2.11,0.16,0.05,0.0
1265,Primeira Liga (PT),71799,Dailon Rocha Livramento do Rosario,Dailon Livramento,2001-05-04,45.25,9.19,11.41,24,24,0,1055.0,43.96,13.46,6.33,0.79,0.04,15.21,14.92,1.83,8.21,32.04,11.92,5.88,0.5,0.12,0.0
1265,Primeira Liga (PT),72479,Makan Aïko,M. Aïko,2001-01-07,64.96,15.35,18.83,18,18,0,1204.0,66.89,20.28,14.56,1.33,0.11,23.72,13.22,9.89,39.61,24.78,42.11,5.39,0.61,0.28,0.0
1265,Primeira Liga (PT),77791,Nor-Nor Emmanuel Maviram,E. Maviram,2001-04-04,79.78,16.88,24.26,20,20,0,1177.0,58.85,18.15,15.6,0.85,0.0,11.1,3.4,14.65,44.55,8.5,50.35,0.7,0.15,0.05,0.0
1265,Primeira Liga (PT),81001,Benjamin Mbunga-Kimpioka,B. Kimpioka,2000-02-21,62.15,14.6,16.26,10,10,0,746.0,74.6,20.9,11.0,0.6,0.0,23.8,26.7,4.0,13.9,53.8,20.8,13.0,1.3,0.3,0.0
1265,Primeira Liga (PT),82407,Kaiky Marques Naves,Naves,2002-05-08,97.83,22.44,28.96,31,31,0,2634.0,84.97,33.74,33.1,0.71,0.06,0.39,1.26,33.23,22.16,5.9,79.06,1.1,0.23,0.1,0.03
1265,Primeira Liga (PT),82410,Kaique Pereira Azarias,Kaique,2003-04-16,101.08,22.63,26.6,28,25,3,807.0,32.28,12.84,12.84,0.0,0.0,0.0,0.0,13.36,0.0,0.04,32.24,0.0,0.0,0.0,0.0
1265,Primeira Liga (PT),84608,Rômulo Helberte Pereira Júnior,Rômulo,2004-01-31,13.48,1.87,1.59,1,1,0,8.0,8.0,1.0,1.0,0.0,0.0,0.0,1.0,1.0,1.0,1.0,7.0,0.0,0.0,0.0,0.0
1265,Primeira Liga (PT),92590,Óscar Rivas Viondi,Óscar Rivas,2000-03-27,99.62,26.28,24.06,18,18,0,1992.0,110.67,39.89,39.06,0.67,0.11,0.67,3.56,40.11,30.0,7.44,103.22,2.94,0.39,0.11,0.06
1265,Primeira Liga (PT),94117,Isaac Souza Valença,Isaac,2004-03-21,21.09,5.42,5.04,2,2,0,73.0,36.5,8.5,7.5,0.0,0.0,7.0,3.5,6.0,7.0,29.5,7.0,0.0,0.0,0.0,0.0
1265,Primeira Liga (PT),95195,Miguel Ferreira de Sousa,Miguel Sousa,1998-09-19,33.29,7.64,7.93,12,12,0,453.0,37.75,9.92,7.92,0.33,0.0,11.75,4.58,5.25,12.17,26.5,11.25,1.67,0.08,0.0,0.0
1265,Primeira Liga (PT),95613,Alan de Souza Guimarães,Alan,2000-03-08,87.18,22.69,24.63,33,31,2,3382.0,109.1,34.26,27.87,1.45,0.06,30.94,14.29,20.23,21.77,83.03,26.06,5.48,0.58,0.1,0.03
1265,Primeira Liga (PT),96062,Kobamelo Kodisang,K. Kodisang,1999-08-28,35.99,8.84,9.54,4,4,0,152.0,38.0,10.25,6.25,0.25,0.0,12.25,9.5,4.75,19.75,18.0,20.0,4.75,0.0,0.0,0.0
1265,Primeira Liga (PT),96063,Leonardo Daniel Ulineia Buta,Leonardo Buta,2002-06-05,9.55,1.18,3.04,3,3,0,15.0,5.0,2.0,2.0,0.0,0.0,0.0,0.0,1.0,3.33,1.0,4.0,0.0,0.0,0.0,0.0
1265,Primeira Liga (PT),96064,Dinis Lourenço Casals Namura Borges Pinto,Dinis Pinto,2000-08-24,95.75,24.76,25.97,22,21,1,2263.0,107.76,31.76,27.62,1.0,0.1,14.62,7.86,23.81,60.33,25.29,82.48,4.05,0.48,0.29,0.0
1265,Primeira Liga (PT),97322,Iván Fresneda Corraliza,Iván Fresneda,2004-09-28,76.6,24.55,16.19,23,22,1,2503.0,113.77,32.14,29.23,1.36,0.05,19.14,12.36,27.91,70.73,22.32,91.45,6.05,0.41,0.18,0.0
1265,Primeira Liga (PT),100774,Tomás Mendes Mendes,T. Mendes,2004-11-21,70.27,12.97,20.25,5,5,0,251.0,50.2,11.2,10.4,0.2,0.0,7.0,0.8,9.2,7.6,42.4,7.8,0.4,0.0,0.0,0.0
1265,Primeira Liga (PT),103498,João Miguel Teixeira Mendes,João Mendes,2000-04-13,91.1,23.34,22.57,29,27,2,2626.0,97.26,28.96,27.11,1.22,0.04,14.74,6.52,25.89,61.63,13.41,83.85,1.89,0.11,0.0,0.0
1265,Primeira Liga (PT),105825,Franjo Ivanović,F. Ivanović,2003-10-01,41.34,12.29,8.3,25,24,1,1397.0,58.21,15.88,10.71,1.54,0.29,20.33,20.25,5.79,13.88,42.29,15.92,11.67,1.29,0.5,0.08
1265,Primeira Liga (PT),107651,Miguel Ângelo Gomes Ferreira Magalhães,Maga,2002-11-16,79.0,20.05,18.53,22,21,1,1595.0,75.95,21.62,18.81,1.1,0.0,16.9,6.43,16.86,50.57,17.71,58.24,3.19,0.29,0.0,0.0
1265,Primeira Liga (PT),109444,Oumar Ngom,O. Ngom,2004-03-09,83.14,19.28,20.63,11,10,1,898.0,89.8,25.0,23.3,0.8,0.0,11.8,3.0,20.5,14.7,61.4,28.4,2.0,0.3,0.3,0.0
1265,Primeira Liga (PT),118016,Matías Emiliano Rocha Calderón,M. Rocha,2001-02-13,85.26,22.09,20.83,11,11,0,1043.0,94.82,35.36,34.55,0.55,0.09,0.55,2.18,35.09,11.09,4.64,90.18,1.82,0.18,0.09,0.0
1265,Primeira Liga (PT),123995,Brayan Stiven Medina Hurtado,B. Medina,2002-03-04,97.45,21.84,27.05,25,25,0,1715.0,68.6,21.12,20.24,0.48,0.0,2.04,3.6,19.84,16.48,7.72,60.88,3.12,0.44,0.2,0.0
1265,Primeira Liga (PT),140211,Brian Nicolás Mansilla Islas,B. Mansilla,2002-05-14,22.42,5.56,5.19,20,19,1,491.0,25.84,7.68,6.11,0.32,0.05,8.16,3.32,4.42,18.63,6.84,19.0,0.95,0.0,0.0,0.0
1265,Primeira Liga (PT),145071,Clayton Fernandes Silva,Clayton,1999-01-11,90.54,22.62,24.61,19,19,0,1774.0,93.37,29.37,16.11,2.37,0.47,30.53,30.95,6.21,13.79,61.95,31.42,10.58,1.16,0.58,0.16
1265,Primeira Liga (PT),148268,Tom Moustier,T. Moustier,2002-05-02,28.16,5.76,7.65,9,9,0,284.0,31.56,6.11,4.11,0.56,0.0,10.0,8.0,2.67,6.67,23.89,7.67,2.78,0.11,0.11,0.0
1265,Primeira Liga (PT),149332,Mario Dorgeles,M. Dorgeles,2004-08-07,56.14,19.08,11.59,20,20,0,2038.0,101.9,31.95,28.1,1.1,0.25,27.65,9.0,24.75,72.55,26.55,75.35,3.15,0.6,0.1,0.05
1265,Primeira Liga (PT),151383,Pedro Bondo Francisco,Pedro Bondo,2004-11-16,74.49,17.96,18.86,17,17,0,1160.0,68.24,19.24,18.18,0.35,0.0,7.12,1.47,17.71,52.88,4.59,63.65,0.24,0.12,0.0,0.0
1265,Primeira Liga (PT),152105,Jesús Santiago Pérez,Yellu Santiago,2004-05-25,11.03,2.09,3.26,5,5,0,41.0,8.2,2.0,1.8,0.0,0.0,0.8,0.2,1.6,2.0,5.4,2.8,0.0,0.0,0.0,0.0
1265,Primeira Liga (PT),153384,Joe Hodge,J. Hodge,2002-09-14,60.27,13.25,17.51,26,26,0,1743.0,67.04,18.0,15.35,1.19,0.0,14.73,7.54,11.85,20.23,48.31,18.73,2.73,0.38,0.19,0.0
1265,Primeira Liga (PT),154051,Luís Hemir Silva Semedo,Luís Semedo,2003-08-11,48.22,13.97,11.75,21,19,2,910.0,47.89,12.68,6.63,0.84,0.11,17.11,18.63,2.26,3.37,40.21,7.68,8.0,0.42,0.21,0.05
1265,Primeira Liga (PT),154052,Pedro Miguel  Costa Santos,Pedro Santos,2003-02-10,37.66,9.38,9.54,22,22,0,1017.0,46.23,10.5,7.0,0.77,0.18,13.59,9.59,4.23,17.18,33.45,12.77,5.55,0.41,0.18,0.09
1265,Primeira Liga (PT),154056,António João Pereira Albuquerque Tavares Silva,António Silva,2003-10-30,85.73,25.29,18.09,25,24,1,2438.0,101.58,36.46,35.54,0.71,0.08,0.12,3.33,36.25,20.54,4.75,96.83,3.04,0.42,0.17,0.0
1265,Primeira Liga (PT),154057,João Tomé Esteves Baptista,João Tomé,2003-02-12,41.16,9.8,10.98,19,19,0,726.0,38.21,12.79,11.53,0.21,0.0,7.0,1.84,11.11,30.0,3.16,35.05,0.68,0.0,0.0,0.0
1265,Primeira Liga (PT),154060,André Nogueira Gomes,André Gomes,2004-10-20,100.43,23.08,29.43,24,24,0,665.0,27.71,7.21,7.08,0.0,0.0,0.0,0.0,7.17,0.04,0.0,27.71,0.0,0.0,0.0,0.0
1265,Primeira Liga (PT),154062,João Pedro Moreira Resende,João Resende,2003-03-26,12.95,1.8,1.88,2,2,0,17.0,8.5,2.0,1.5,0.0,0.0,2.5,0.0,1.5,6.5,3.5,5.0,0.0,0.0,0.0,0.0
1265,Primeira Liga (PT),154071,Diogo Martins Travassos,Diogo Travassos,2004-03-31,87.79,23.23,23.8,30,28,2,2724.0,97.29,33.82,28.54,1.57,0.18,28.79,7.86,23.54,65.36,22.0,75.29,1.75,0.21,0.11,0.04
1265,Primeira Liga (PT),154072,Gilberto Dambi Batista,Gilberto Batista,2003-12-29,75.06,19.05,21.31,28,26,2,2237.0,86.04,30.69,30.04,0.04,0.0,0.31,0.73,30.46,10.92,2.12,83.92,0.81,0.08,0.04,0.0
1265,Primeira Liga (PT),154083,Ousmane Diomandé,O. Diomandé,2003-12-04,84.97,27.43,17.58,17,17,0,1963.0,115.47,42.82,41.88,0.59,0.06,0.53,1.94,42.82,10.71,3.65,111.82,1.71,0.12,0.06,0.0
1265,Primeira Liga (PT),154106,Diogo Filipe Spencer Marques,Diogo Spencer,2004-04-17,68.58,15.96,20.18,20,20,0,1293.0,64.65,20.8,17.8,1.0,0.2,16.55,3.95,14.95,46.05,15.7,48.95,1.0,0.2,0.05,0.0
1265,Primeira Liga (PT),156119, Bernardo Caltabiano Parise Fontes,Bernardo,2002-07-23,99.85,22.56,28.3,34,34,0,1049.0,30.85,11.41,11.38,0.0,0.0,0.03,0.0,11.79,0.0,0.03,30.82,0.0,0.0,0.0,0.0
1265,Primeira Liga (PT),156495,Leandro Antonetti López,L. Antonetti,2003-01-13,27.33,6.21,6.72,11,11,0,333.0,30.27,8.64,4.0,0.55,0.0,8.36,11.45,0.55,6.36,23.0,7.27,5.27,0.45,0.18,0.0
1265,Primeira Liga (PT),156790,Rodrigo Pinheiro Ferreira,Rodrigo Pinheiro,2002-08-28,98.05,24.6,24.63,29,28,1,2845.0,101.61,29.43,26.54,1.5,0.04,9.32,5.68,23.89,72.07,15.5,86.11,2.79,0.39,0.07,0.0
1265,Primeira Liga (PT),156791,José Pedro da Silva Figueiredo Freitas,Zé Pedro,1997-06-06,19.55,6.75,4.86,2,1,1,32.0,32.0,8.0,7.0,0.0,0.0,3.0,0.0,7.0,11.0,2.0,30.0,0.0,0.0,0.0,0.0
1265,Primeira Liga (PT),156885,Vasco José Cardoso Sousa,Vasco Sousa,2003-04-03,55.15,15.0,14.63,9,9,0,646.0,71.78,19.33,15.89,1.33,0.22,22.67,10.44,12.0,10.56,63.78,8.0,3.67,0.11,0.11,0.11
1265,Primeira Liga (PT),156886,José Carlos Natário Ferreira,Zé Carlos,2001-10-30,45.71,10.64,11.08,30,29,1,1379.0,47.55,12.17,11.41,0.34,0.03,5.07,2.14,9.55,9.83,33.72,13.83,0.9,0.1,0.0,0.0
1265,Primeira Liga (PT),156908,João Pedro Salazar da Graça,João Graça,1995-06-18,13.67,3.88,2.77,8,8,0,180.0,22.5,7.0,5.5,0.5,0.0,5.12,2.5,4.88,5.38,15.38,7.12,0.12,0.0,0.0,0.0
1265,Primeira Liga (PT),156918,Pedro Jorge Pacheco Seabra,Pedro Pacheco,1997-01-27,70.6,16.04,20.34,3,3,0,123.0,41.0,13.67,13.33,0.0,0.0,0.67,0.0,13.67,6.0,4.33,36.67,0.0,0.0,0.0,0.0
1265,Primeira Liga (PT),157282,Miguel Raimundo Nóbrega,Miguel Nóbrega,2000-04-17,83.04,20.75,18.81,13,11,2,939.0,85.36,26.45,24.82,0.45,0.09,1.45,3.36,24.91,18.27,5.27,80.09,3.18,0.64,0.18,0.0
1265,Primeira Liga (PT),157284,Jorge Monteiro Meireles,Jorge Meireles,2004-04-04,40.12,10.01,9.58,21,21,0,1004.0,47.81,12.52,9.9,0.76,0.14,13.67,7.24,7.05,11.0,39.76,8.05,1.62,0.24,0.19,0.05
1265,Primeira Liga (PT),157298,Leonardo Filipe Cruz Lelo,Leonardo Lelo,2000-03-30,70.28,24.31,14.95,29,29,0,2709.0,93.41,33.59,30.72,1.17,0.14,20.28,7.55,28.76,71.38,10.72,82.69,2.38,0.41,0.03,0.0
1265,Primeira Liga (PT),157299,Ricardo Jorge Cecilia Batista,Ricardo Batista,1986-11-19,89.76,18.81,21.87,4,4,0,123.0,30.75,11.5,11.5,0.0,0.0,0.0,0.0,12.0,0.0,0.0,30.75,0.0,0.0,0.0,0.0
1265,Primeira Liga (PT),158158,Fábio Ronaldo  Costa Conceição,Fábio Ronaldo,2001-04-28,70.39,12.38,14.2,2,2,0,115.0,57.5,14.5,10.0,0.5,0.0,10.5,6.5,9.5,44.5,12.0,45.5,1.0,0.0,0.0,0.0
1265,Primeira Liga (PT),158162,Francisco Miguel Teixeira Domingues,Kiko,2002-04-16,73.31,17.91,20.93,27,26,1,1985.0,76.35,24.58,22.19,0.58,0.04,9.31,5.92,20.81,49.62,11.46,64.88,2.69,0.38,0.04,0.0
1265,Primeira Liga (PT),160362,Gianluca Prestianni Gross,G. Prestianni,2006-01-31,57.46,16.52,12.71,29,28,1,2302.0,82.21,25.04,20.25,2.68,0.5,31.29,14.11,15.39,40.21,42.0,40.21,5.25,0.93,0.5,0.18
1265,Primeira Liga (PT),160715,Nelson Ighodaro Abbey,Nelson Abbey,2003-08-28,86.2,22.39,24.49,26,26,0,2167.0,83.35,28.42,27.23,0.42,0.08,5.5,1.35,26.15,43.42,8.12,75.23,0.65,0.12,0.0,0.0
1265,Primeira Liga (PT),161615,Óscar Andrés Perea Abonce,O. Perea,2005-09-27,55.85,11.23,16.92,25,24,1,1011.0,42.12,14.5,9.46,1.58,0.12,12.96,10.88,5.71,22.21,15.29,26.83,3.21,0.29,0.12,0.0
1265,Primeira Liga (PT),161762,Alan Herminio Núñez Duarte,A. Núñez,2004-10-01,87.2,19.57,23.68,21,18,3,1269.0,70.5,19.78,17.5,1.22,0.06,12.56,4.5,16.22,49.72,11.83,58.67,0.83,0.06,0.0,0.0
1265,Primeira Liga (PT),163136,Brandon Aguilera Zamora,B. Aguilera,2003-06-28,77.04,19.04,21.94,19,19,0,1626.0,85.58,26.0,24.05,1.11,0.0,12.74,4.11,20.05,11.79,64.16,21.42,0.58,0.0,0.0,0.0
1265,Primeira Liga (PT),166670,Gustavo Klismahn Dimaraes Miranda,Klismahn,1999-11-23,71.69,17.99,19.12,16,15,1,1349.0,89.93,21.4,16.2,1.07,0.0,30.93,12.67,11.8,33.67,64.13,25.8,5.87,0.27,0.07,0.0
1265,Primeira Liga (PT),166680,Vando Baifas Félix,Vando Félix,2002-09-03,42.35,10.19,9.02,8,7,1,342.0,48.86,15.71,11.57,0.29,0.0,16.71,6.0,9.14,35.29,7.29,41.57,3.71,0.14,0.0,0.0
1265,Primeira Liga (PT),166683,Gonçalo Faria Costa,Gonçalo Costa,2000-02-18,39.89,10.42,9.56,16,16,0,661.0,41.31,12.94,11.31,0.94,0.06,7.75,3.19,10.19,31.81,5.75,35.56,0.81,0.19,0.12,0.0
1265,Primeira Liga (PT),166684,Hevertton Ciriaco Santos,Hevertton,2001-02-01,40.92,9.08,10.0,24,23,1,742.0,32.26,8.83,7.78,0.43,0.0,2.7,1.57,7.26,24.61,2.78,29.48,0.74,0.0,0.0,0.0
1265,Primeira Liga (PT),166784,Martim Moreira Moutinho Fernandes,Martim Fernandes,2006-01-18,62.32,18.08,14.9,20,19,1,1504.0,79.16,20.11,18.89,0.63,0.11,10.37,4.53,17.53,46.58,9.05,70.11,1.21,0.11,0.0,0.0
1265,Primeira Liga (PT),167206,Stefan Leković,S. Leković,2004-01-09,96.29,23.69,25.52,9,9,0,842.0,93.56,31.67,29.78,0.56,0.0,2.22,2.89,29.56,10.56,12.33,81.22,2.0,0.22,0.11,0.0
1265,Primeira Liga (PT),167792,Khayon Edwards,K. Edwards,2003-09-12,10.29,1.49,2.53,2,2,0,19.0,9.5,2.0,0.5,0.0,0.0,4.5,3.5,0.0,5.0,5.0,4.5,0.0,0.0,0.0,0.0
1265,Primeira Liga (PT),169273,Matheus Dos Santos Dias,Matheus Dias,2002-05-09,85.05,17.86,23.16,31,27,4,1617.0,59.89,17.78,16.93,0.3,0.07,5.33,1.56,15.78,9.33,30.04,29.85,0.74,0.11,0.0,0.0
1265,Primeira Liga (PT),171764,Otar Mamageishvili,O. Mamageishvili,2003-01-15,20.99,4.82,5.14,8,8,0,152.0,19.0,4.38,3.5,0.38,0.0,6.12,4.62,2.12,6.0,15.88,3.12,2.12,0.12,0.0,0.0
1265,Primeira Liga (PT),171804,Lucas Figueiredo dos Santos,Figueiredo,2001-08-14,73.68,17.5,21.06,26,26,0,2277.0,87.58,26.04,19.46,2.0,0.31,29.23,18.85,11.65,28.54,61.04,26.54,8.19,0.81,0.35,0.08
1265,Primeira Liga (PT),171805,Matheus Nunes Fagundes de Araújo,MT,2001-03-01,69.91,16.93,18.55,12,12,0,751.0,62.58,25.58,24.92,0.42,0.0,2.67,0.92,25.17,27.5,5.83,56.75,0.67,0.0,0.0,0.0
1265,Primeira Liga (PT),173032,Dominik Prpić ,D. Prpić,2004-05-19,36.76,10.95,9.11,6,5,1,214.0,42.8,19.4,19.4,0.4,0.2,1.0,0.6,20.8,4.4,3.6,39.2,0.2,0.0,0.0,0.0
1265,Primeira Liga (PT),174161,Rhaldney Norberto Simião Gomes,Rhaldney,1998-11-20,74.91,18.71,21.14,14,14,0,1293.0,92.36,23.36,21.36,1.29,0.14,15.36,5.93,16.79,22.86,73.5,18.86,0.79,0.07,0.0,0.0
1265,Primeira Liga (PT),174243,Alberto Oliveira Baio,Alberto Costa,2003-09-29,84.07,24.14,20.01,29,26,3,2804.0,107.85,26.42,24.27,1.62,0.23,14.5,8.46,22.0,58.77,17.12,90.73,3.12,0.54,0.27,0.08
1265,Primeira Liga (PT),174264,Sidi Bane,S. Bane,2004-01-14,73.19,16.77,20.32,9,9,0,534.0,59.33,17.89,16.56,0.33,0.0,7.78,1.44,16.0,33.78,4.0,55.33,0.67,0.11,0.11,0.0
1265,Primeira Liga (PT),174300,Denis Pintol,D. Pintol,2000-02-07,83.02,15.9,32.82,1,1,0,63.0,63.0,17.0,17.0,1.0,0.0,9.0,5.0,15.0,46.0,13.0,50.0,3.0,0.0,0.0,0.0
1265,Primeira Liga (PT),175756,Matheus Pereira de Souza,Matheus Pereira,2000-12-21,80.15,19.66,21.05,10,10,0,816.0,81.6,24.4,20.4,1.4,0.0,23.5,9.0,15.6,55.1,25.1,56.5,3.2,0.3,0.1,0.0
1265,Primeira Liga (PT),175764,Guilherme Kennedy Romão,Guilherme Romão,1997-10-07,81.01,19.74,19.13,12,11,1,864.0,78.55,24.0,21.55,0.64,0.0,10.18,5.73,19.73,58.91,11.45,67.09,2.09,0.0,0.0,0.0
1265,Primeira Liga (PT),175850,Daniel de Melo Araujo Júnior,Daniel Júnior,2002-05-09,57.13,13.03,15.09,17,14,3,905.0,64.64,18.29,14.14,1.93,0.07,16.86,8.57,10.43,30.79,38.43,26.21,2.29,0.21,0.14,0.0
1265,Primeira Liga (PT),180049,Joel Filipe Organista da Silva,Joel Silva,2003-02-11,27.57,5.78,7.35,18,16,2,414.0,25.88,5.62,4.31,0.5,0.0,4.88,4.94,3.12,5.94,19.44,6.44,1.38,0.06,0.0,0.0
1265,Primeira Liga (PT),180750,Atanas Chernev,A. Chernev,2002-03-25,80.43,18.0,18.52,15,14,1,937.0,66.93,18.57,17.86,0.36,0.0,0.57,1.14,17.79,27.07,4.29,62.64,1.14,0.14,0.0,0.0
1265,Primeira Liga (PT),181586,Bernardo Schappo,Bernardo Schappo,1999-03-22,86.83,19.79,22.11,25,24,1,1776.0,74.0,25.62,24.83,0.38,0.0,1.67,2.58,24.38,9.12,8.29,65.71,2.21,0.33,0.17,0.0
1265,Primeira Liga (PT),182823,Gustavo Filipe Alves Freitas Azevedo Sá,Gustavo Sá,2004-11-11,91.21,23.44,22.52,32,31,1,3381.0,109.06,32.39,25.19,2.39,0.29,31.19,20.03,15.26,28.58,88.16,20.9,9.87,1.16,0.45,0.0
1265,Primeira Liga (PT),189215,Kevin José Chamorro Rodríguez,K. Chamorro,2000-04-08,95.91,26.11,25.47,3,3,0,111.0,37.0,12.67,12.67,0.0,0.0,0.0,0.0,13.33,0.0,0.0,37.0,0.0,0.0,0.0,0.0
1265,Primeira Liga (PT),231510,Or Israelov,O. Israelov,2004-09-02,24.36,7.16,3.88,1,1,0,27.0,27.0,5.0,5.0,0.0,0.0,0.0,1.0,5.0,0.0,1.0,26.0,1.0,0.0,0.0,0.0
1265,Primeira Liga (PT),233303,Andreas Ntoi,A. Ntoi,2003-02-02,84.28,21.5,23.53,30,30,0,2377.0,79.23,22.13,20.97,0.6,0.1,8.53,2.77,18.27,12.8,52.2,27.03,1.43,0.1,0.07,0.0
1265,Primeira Liga (PT),240388,Carlos Eduardo Borges Parente,Carlos Eduardo,2002-08-10,24.54,6.55,5.08,15,15,0,416.0,27.73,6.27,2.27,0.27,0.13,10.47,13.07,0.8,3.07,21.0,6.73,7.73,0.6,0.2,0.13
1265,Primeira Liga (PT),254546,Taichi Fukui,T. Fukui,2004-07-15,82.92,21.31,22.48,33,32,1,2950.0,92.19,30.75,29.16,1.12,0.28,16.12,4.12,25.62,23.19,56.81,35.38,0.84,0.03,0.03,0.0
1265,Primeira Liga (PT),256424,Deniz Gül,D. Gül,2004-07-02,45.13,12.35,11.14,29,28,1,1483.0,52.96,11.36,6.32,1.14,0.25,18.46,24.18,1.68,6.39,42.79,10.18,11.71,0.96,0.36,0.07
1265,Primeira Liga (PT),301498,Juan Diego Castillo Reyes,J. Castillo,2003-01-13,99.44,24.63,24.85,15,15,0,461.0,30.73,10.93,10.73,0.0,0.0,0.0,0.0,11.47,0.0,0.0,30.73,0.0,0.0,0.0,0.0
1265,Primeira Liga (PT),333898,Korede Osundina,K. Osundina,2004-02-13,46.15,8.35,13.41,18,17,1,574.0,33.76,10.29,6.53,0.65,0.12,9.94,10.29,2.88,11.35,22.82,10.94,2.94,0.53,0.29,0.12
1265,Primeira Liga (PT),365789,Victor Froholdt,V. Froholdt,2006-02-25,93.52,27.37,21.95,34,31,3,4084.0,131.74,27.77,21.19,1.9,0.26,46.65,24.32,15.03,35.71,102.23,29.52,11.55,0.87,0.39,0.06
1265,Primeira Liga (PT),414064,Andrey Felisberto Dos Santos,Andrey,2002-02-06,77.77,17.69,22.27,2,2,0,176.0,88.0,14.0,13.0,0.0,0.0,11.0,0.5,10.0,20.0,68.5,19.5,0.5,0.0,0.0,0.0
1265,Primeira Liga (PT),424571,Yefrei Stiven Rodríguez Sinisterra,Y. Rodriguez,2005-05-11,35.76,8.0,8.59,14,14,0,497.0,35.5,9.57,4.43,0.64,0.07,9.93,17.93,1.29,4.64,26.29,9.21,8.0,0.43,0.29,0.0
1265,Primeira Liga (PT),439381,Pedro Lima Barros,P. Lima,2003-03-27,79.7,15.89,25.19,26,25,1,1938.0,77.52,20.28,15.32,1.84,0.2,17.72,16.72,10.68,21.12,61.84,15.68,6.52,0.48,0.2,0.08
1265,Primeira Liga (PT),439388,Edney Henrique Santos da Silva,Edney,2004-07-26,48.2,13.63,11.98,1,1,0,55.0,55.0,13.0,12.0,0.0,0.0,25.0,4.0,13.0,49.0,0.0,55.0,1.0,0.0,0.0,0.0
1265,Primeira Liga (PT),486521,Benedito Mambuene Mukendi,Beni,2002-05-21,84.56,22.15,20.43,29,28,1,2780.0,99.29,29.54,28.46,0.64,0.04,12.96,2.0,24.25,24.43,68.71,30.57,1.32,0.07,0.0,0.0
1265,Primeira Liga (PT),486523,Tiago Miguel Silva Manso,Tiago Manso,1999-12-13,62.01,13.82,17.52,28,28,0,1588.0,56.71,17.75,14.82,0.93,0.07,10.07,7.07,13.18,35.04,12.57,44.14,2.5,0.21,0.07,0.04
1265,Primeira Liga (PT),486533,Luís Carlos Rocha Rodrigues,Luís Rocha,1986-08-13,98.61,26.19,25.5,13,13,0,1278.0,98.31,34.62,33.92,0.31,0.0,0.46,1.0,35.08,12.38,5.85,92.46,0.62,0.0,0.0,0.0
1265,Primeira Liga (PT),487370,Amine El Ouazzani,A. El Ouazzani,2001-07-15,60.0,21.45,11.84,13,13,0,1147.0,88.23,17.92,9.46,1.31,0.15,39.46,30.38,2.46,15.54,76.23,12.0,15.0,1.0,0.38,0.08
1265,Primeira Liga (PT),507730,Fally Mayulu,F. Mayulu,2002-07-15,10.17,2.76,1.59,3,3,0,38.0,12.67,2.33,1.0,0.0,0.0,2.67,6.67,0.0,1.67,8.0,4.67,2.0,0.0,0.0,0.0
1265,Primeira Liga (PT),510598,Antoine Joujou,A. Joujou,2003-03-12,30.55,7.96,7.55,23,22,1,710.0,32.27,9.68,7.45,0.91,0.0,11.36,6.73,4.82,20.82,10.18,22.09,2.91,0.32,0.18,0.0
1265,Primeira Liga (PT),514482,Gonçalo Teixeira Nogueira,Gonçalo Nogueira,2003-12-28,63.59,16.73,14.93,23,23,0,1691.0,73.52,18.7,16.3,0.96,0.04,15.96,9.96,13.57,16.52,55.78,17.74,3.91,0.26,0.22,0.0
1265,Primeira Liga (PT),514492,Guilherme Manuel Serrão Montóia,Guilherme Montóia,2003-09-14,54.96,12.72,13.42,11,10,1,484.0,48.4,17.1,15.1,0.7,0.2,9.1,2.5,14.2,36.9,6.8,41.6,0.5,0.1,0.0,0.0
1265,Primeira Liga (PT),514501,Rafael Ferreira Nel,Rafael Nel,2005-04-03,30.61,9.79,4.91,7,7,0,290.0,41.43,10.43,5.14,0.71,0.14,13.71,19.57,1.29,5.0,35.29,6.14,9.86,0.71,0.43,0.0
1265,Primeira Liga (PT),514524,Diogo Prioste,Diogo Prioste,2004-03-26,14.02,4.54,2.8,2,2,0,45.0,22.5,8.5,8.0,0.0,0.0,0.0,2.0,7.0,6.0,11.0,11.5,1.0,0.0,0.0,0.0
1265,Primeira Liga (PT),514734,João Miguel  Vieira Freitas Silva Marques,João Marques,2002-02-13,50.75,8.79,15.2,13,12,1,503.0,41.92,13.17,8.08,0.58,0.08,9.92,9.08,5.25,13.58,28.83,13.08,1.83,0.25,0.08,0.0
1265,Primeira Liga (PT),514744,Tiago Ribeiro Duarte,Tiago Duarte,2004-05-01,23.0,5.85,4.94,1,1,0,28.0,28.0,8.0,8.0,1.0,0.0,0.0,0.0,9.0,25.0,2.0,26.0,1.0,0.0,0.0,0.0
1265,Primeira Liga (PT),520864,Pedro Carvalho Santos,Pedro Santos,2000-10-12,54.79,14.05,13.27,16,16,0,1192.0,74.5,27.56,26.69,0.94,0.12,6.62,1.31,25.62,22.38,28.88,45.62,0.19,0.0,0.0,0.0
1265,Primeira Liga (PT),531688,Fabio Blanco Gómez,Fabio Blanco,2004-02-18,32.71,7.95,7.65,15,14,1,530.0,37.86,10.64,8.29,0.71,0.0,11.71,9.0,5.14,17.14,20.21,17.64,4.14,0.43,0.21,0.0
1265,Primeira Liga (PT),532818,Xabier  Huarte Armendariz,Xabi Huarte,2001-02-25,32.08,7.42,9.96,5,5,0,173.0,34.6,9.2,7.6,1.0,0.2,11.4,6.8,5.4,8.6,28.2,6.4,2.2,0.2,0.0,0.0
1265,Primeira Liga (PT),537303,Kevin Höög Jansson,K. Höög Jansson,2000-09-29,69.18,17.31,17.31,13,13,0,867.0,66.69,17.31,15.77,0.46,0.0,9.0,1.77,13.69,12.38,33.31,33.38,1.0,0.0,0.0,0.0
1265,Primeira Liga (PT),539147,Tidjany Chabrol Touré,T. Touré,2002-07-15,51.65,12.62,12.47,11,11,0,579.0,52.64,17.27,14.27,1.45,0.0,16.45,6.45,11.09,40.0,11.55,41.09,3.09,0.36,0.09,0.0
1265,Primeira Liga (PT),540058,Dylan Alexander Nandín Berrutti,D. Nandín,2002-02-28,48.33,11.63,12.36,21,20,1,1181.0,59.05,14.25,7.2,0.8,0.1,21.45,19.45,2.6,6.1,51.05,8.0,8.1,0.55,0.15,0.0
1265,Primeira Liga (PT),542787,Luis Guilherme Lira dos Santos,Luis Guilherme,2006-02-09,53.81,18.1,11.73,13,13,0,1048.0,80.62,23.38,21.23,1.85,0.08,24.31,13.23,16.69,42.62,34.23,46.38,4.85,0.62,0.46,0.0
1265,Primeira Liga (PT),556549,Mateja Stjepanović,M. Stjepanović,2004-02-20,81.23,20.19,23.19,32,30,2,2803.0,93.43,25.37,22.9,0.77,0.13,12.43,4.73,19.0,12.53,67.2,26.23,1.83,0.2,0.17,0.03
1265,Primeira Liga (PT),564775,Cédric Nuozzi,C. Nuozzi,2006-01-30,41.16,9.4,12.17,24,24,0,1038.0,43.25,12.96,9.0,0.62,0.04,14.12,9.21,5.79,18.12,25.79,17.46,2.83,0.21,0.08,0.04
1265,Primeira Liga (PT),592647,Francisco Pedro Tiago Silva,Kiki Silva,1998-02-14,16.18,4.78,2.73,1,1,0,25.0,25.0,9.0,7.0,1.0,0.0,6.0,3.0,5.0,17.0,5.0,20.0,2.0,0.0,0.0,0.0
1265,Primeira Liga (PT),593954,Moudja Sié Ouattara,M. Ouattara,2002-05-20,40.43,9.53,11.23,16,16,0,600.0,37.5,12.5,8.88,0.5,0.0,12.19,7.0,5.5,21.69,12.38,25.12,2.44,0.06,0.06,0.0
1265,Primeira Liga (PT),599198,Julien Lomboto Lombompi,J. Lomboto,2002-05-13,35.4,8.7,10.84,7,7,0,249.0,35.57,11.14,10.71,0.0,0.0,0.14,0.29,11.86,3.29,1.14,34.43,0.0,0.0,0.0,0.0
1265,Primeira Liga (PT),606730,José Julián Martínez Crisanto,J. Martínez,2003-12-01,68.5,15.04,21.37,11,11,0,618.0,56.18,17.36,16.91,0.18,0.09,1.0,1.18,17.09,12.73,3.0,53.18,0.73,0.18,0.09,0.0
1265,Primeira Liga (PT),616534,Manuel Jorge Silva,Manu,2001-06-12,19.85,5.13,4.71,9,8,1,195.0,24.38,6.62,6.5,0.12,0.0,2.38,0.62,5.5,4.62,17.5,6.88,0.5,0.0,0.0,0.0
1265,Primeira Liga (PT),623079,Tiago Araújo Brito,Tiago Brito,2004-04-16,23.39,6.67,5.05,4,4,0,146.0,36.5,11.5,10.0,0.25,0.0,5.5,2.75,9.0,8.5,23.75,12.75,1.5,0.0,0.0,0.0
1265,Primeira Liga (PT),629214,Hyun-Ju  Lee,Lee Hyun-Ju,2003-02-07,72.35,19.93,18.07,30,29,1,2891.0,99.69,26.1,20.59,1.41,0.34,34.34,17.1,13.45,26.62,76.83,22.86,5.03,0.48,0.14,0.1
1265,Primeira Liga (PT),633219,Tony Strata,T. Strata,2004-09-07,73.72,19.76,16.98,21,20,1,1556.0,77.8,24.95,22.65,1.7,0.15,16.0,4.95,19.75,52.25,21.3,56.5,1.2,0.15,0.0,0.0
1265,Primeira Liga (PT),634522,Matheus Cardoso Francisco,Mateus Pivô,1997-12-16,89.44,17.22,28.64,14,13,1,646.0,49.69,13.69,11.92,0.31,0.0,3.54,1.92,10.62,34.85,9.08,40.62,0.77,0.08,0.0,0.0
1265,Primeira Liga (PT),637197,Max Scholze ,M. Scholze,2005-04-30,74.06,18.22,18.93,11,11,0,746.0,67.82,18.82,17.36,0.91,0.09,13.91,3.55,15.18,41.64,16.0,51.82,1.09,0.09,0.0,0.0
1265,Primeira Liga (PT),638815,Tunde Akinsola,T. Akinsola,2003-03-10,79.39,16.52,24.59,34,33,1,2267.0,68.7,22.73,14.42,1.58,0.09,24.3,11.76,8.97,39.73,24.55,44.15,3.94,0.48,0.15,0.03
1265,Primeira Liga (PT),641109,Jakub Vinarčík,J. Vinarčík,2005-07-11,101.83,22.25,32.72,1,1,0,63.0,63.0,20.0,20.0,0.0,0.0,0.0,0.0,22.0,0.0,0.0,63.0,0.0,0.0,0.0,0.0
1265,Primeira Liga (PT),641256,Ryan Carlos Santos de Sousa,Ryan,2002-05-14,45.53,11.82,9.95,4,4,0,193.0,48.25,15.75,13.25,0.5,0.0,7.5,0.25,14.0,41.5,2.0,46.25,0.25,0.0,0.0,0.0
1265,Primeira Liga (PT),657169,Gonçalo Carvalho Moreira,G. Moreira,2006-01-03,2.37,0.16,0.58,1,1,0,0.0,0.0,0.0,0.0,0.0,0.0,0.0,0.0,0.0,0.0,0.0,0.0,0.0,0.0,0.0,0.0
1265,Primeira Liga (PT),657171,Diogo Lobão de Sousa,Diogo Sousa,2006-01-20,57.81,15.0,13.09,22,21,1,1552.0,73.9,22.24,20.1,1.33,0.05,14.86,7.86,16.33,21.19,50.14,23.76,2.57,0.14,0.0,0.0
1265,Primeira Liga (PT),657184,Gil Pinto Martins,Gil Martins,2006-05-12,7.38,2.46,0.72,1,1,0,12.0,12.0,1.0,1.0,0.0,0.0,8.0,0.0,1.0,4.0,10.0,2.0,0.0,0.0,0.0,0.0
1265,Primeira Liga (PT),657186,João Pedro Arnauth Barrocas Simões,João Simões,2007-01-06,46.36,15.48,9.76,18,18,0,1439.0,79.94,21.89,19.28,1.33,0.11,18.72,12.33,15.22,21.0,53.94,26.0,6.17,0.61,0.28,0.0
1265,Primeira Liga (PT),658772,Marcos Peña Ocaña,Marcos Peña,2005-01-22,27.5,7.22,6.89,16,16,0,522.0,32.62,8.06,7.69,0.06,0.0,6.75,0.75,6.0,4.5,27.19,5.44,0.06,0.0,0.0,0.0
1265,Primeira Liga (PT),662525,Bastien Meupiyou Menadjou,B. Meupiyou,2006-03-19,96.16,22.38,27.91,29,29,0,2374.0,81.86,30.21,29.41,0.31,0.03,0.66,1.9,29.1,27.48,4.97,76.9,1.38,0.1,0.0,0.0
1265,Primeira Liga (PT),663365,Geovany Tcherno Quenda,Geovany Quenda,2007-04-30,47.18,15.25,10.37,20,19,1,1254.0,66.0,20.0,17.84,1.84,0.26,19.26,9.74,14.95,43.63,15.84,50.16,3.21,0.47,0.26,0.05
1265,Primeira Liga (PT),663376,Eric Emanuel da Silva Moreira,E. da Silva Moreira,2006-05-03,27.79,7.16,8.57,3,3,0,121.0,40.33,10.67,8.67,0.33,0.0,6.0,0.67,7.0,35.67,3.67,36.67,0.33,0.33,0.33,0.0
1265,Primeira Liga (PT),666916,Roméo Beney,R. Beney,2005-01-19,22.18,5.59,4.3,14,13,1,327.0,25.15,8.0,6.77,0.85,0.08,6.31,5.08,5.46,15.69,5.15,20.0,2.54,0.31,0.15,0.0
1265,Primeira Liga (PT),667307,Matija Mitrović,M. Mitrović,2004-12-12,47.14,11.57,11.46,18,17,1,995.0,58.53,15.06,13.94,0.65,0.06,8.06,3.53,12.88,14.41,37.88,20.65,1.24,0.12,0.06,0.0
1265,Primeira Liga (PT),668428,Conrad Harder Weibel Schandorff,C. Harder,2005-04-07,20.66,7.58,4.37,4,4,0,153.0,38.25,9.0,5.0,1.75,0.0,14.0,22.5,1.75,4.25,27.5,10.75,10.25,1.0,0.75,0.0
1265,Primeira Liga (PT),671211,Afonso  Oliveira Rodrigues,Afonso Rodrigues,2002-08-19,24.05,5.64,5.59,7,7,0,155.0,22.14,6.71,4.43,0.14,0.0,7.86,7.0,2.0,7.57,11.86,10.29,2.86,0.29,0.0,0.0
1265,Primeira Liga (PT),672056,Rodrigo Osório Mordomo Silva,Rodrigo Mordomo,2004-12-08,9.83,2.1,1.72,1,1,0,10.0,10.0,4.0,4.0,0.0,0.0,4.0,0.0,2.0,6.0,7.0,3.0,0.0,0.0,0.0,0.0
1265,Primeira Liga (PT),676470,Alexsandro Amorim de Freitas Filho,Amorim,2005-05-18,93.17,21.47,27.82,19,19,0,2048.0,107.79,27.53,25.11,1.42,0.16,15.79,4.89,20.21,30.32,77.16,30.63,1.26,0.16,0.05,0.0
1265,Primeira Liga (PT),689057,Nodar Lominadze,N. Lominadze,2002-04-04,44.37,10.94,11.38,16,16,0,692.0,43.25,11.5,9.81,0.88,0.31,9.62,4.12,7.94,12.81,29.75,13.5,1.56,0.19,0.12,0.06
1265,Primeira Liga (PT),693894,Gabriel Silva  Moscardo de Salles,Gabriel Moscardo,2005-09-28,48.08,16.13,10.08,23,23,0,1749.0,76.04,21.35,19.87,0.48,0.09,6.52,5.91,18.7,34.74,24.57,51.48,2.78,0.17,0.04,0.04
1265,Primeira Liga (PT),698183,Souleymane Faye,S. Faye,2003-02-08,24.95,6.47,4.53,5,5,0,136.0,27.2,7.0,5.8,0.6,0.0,11.2,4.2,4.6,13.4,13.2,14.0,1.2,0.0,0.0,0.0
1265,Primeira Liga (PT),703002,Romualdas Jansonas,R. Jansonas,2005-06-23,29.88,6.21,7.03,2,2,0,62.0,31.0,9.0,4.0,0.5,0.0,11.0,12.0,2.0,7.5,22.0,9.0,5.0,0.0,0.0,0.0
1265,Primeira Liga (PT),708022,Tobías Medina,T. Medina,2004-03-03,18.46,7.82,3.04,1,1,0,33.0,33.0,4.0,4.0,0.0,0.0,12.0,4.0,4.0,14.0,21.0,12.0,0.0,0.0,0.0,0.0
1265,Primeira Liga (PT),731092,Antef Tsoungui,A. Tsoungui,2002-12-30,65.75,18.23,16.58,23,23,0,1775.0,77.17,22.78,22.0,0.39,0.04,6.74,1.35,20.57,14.26,24.04,53.13,0.57,0.04,0.04,0.0
1265,Primeira Liga (PT),731279,Espen van Ee,E. van Ee,2003-07-05,82.06,21.25,21.44,26,25,1,2698.0,107.92,30.8,28.76,1.32,0.16,15.76,2.24,24.04,29.04,70.8,37.12,0.84,0.08,0.0,0.0
1265,Primeira Liga (PT),733174,Mathias De Amorim,M. De Amorim,2004-12-10,87.48,22.61,22.05,30,29,1,3230.0,111.38,26.31,22.0,1.55,0.24,40.21,18.69,13.55,29.93,92.79,18.59,6.59,0.72,0.31,0.03
1265,Primeira Liga (PT),733366,Samuel Omorodion Aghehowa,Samu Omorodion,2004-05-05,76.79,24.69,16.73,20,18,2,1854.0,103.0,28.78,16.72,2.83,0.33,42.83,40.39,4.44,8.83,86.78,16.22,20.11,1.94,1.11,0.22
1265,Primeira Liga (PT),735579,Anthony Carter,A. Carter,1994-08-31,31.37,8.06,8.23,5,5,0,164.0,32.8,8.6,4.4,0.4,0.0,10.2,11.4,1.4,4.4,28.8,4.0,5.8,0.4,0.4,0.0
1265,Primeira Liga (PT),735644,Rodrigo Mora Carvalho,Rodrigo Mora,2007-05-05,47.94,13.99,10.81,28,26,2,1806.0,69.46,16.0,13.04,1.62,0.08,25.5,19.5,8.38,11.96,58.54,10.92,7.27,0.88,0.31,0.0
1265,Primeira Liga (PT),735645,Cícero Clébson Alves Santana,Cícero Alves,1997-05-10,72.3,15.84,22.98,18,18,0,1199.0,66.61,19.94,18.67,0.56,0.0,8.44,1.94,15.67,12.11,44.78,21.83,1.44,0.17,0.11,0.0
1265,Primeira Liga (PT),735647,André Filipe Castanheira Ceitil,André Ceitil,1995-03-11,32.59,5.3,8.69,4,4,0,62.0,15.5,5.25,4.75,0.0,0.0,1.75,1.75,4.25,2.0,5.25,10.25,0.75,0.0,0.0,0.0
1265,Primeira Liga (PT),735649,Pedro Henryque Pereira dos Santos,Maranhão,1999-03-02,79.27,18.46,22.63,32,32,0,2846.0,88.94,26.5,18.59,1.88,0.16,28.84,14.78,13.28,49.0,32.5,56.44,6.31,0.72,0.22,0.03
1265,Primeira Liga (PT),735655,Sidney Alexssander Pena De Lima,Sidney Lima,1997-01-17,97.58,24.11,25.16,33,32,1,2855.0,89.22,30.81,30.03,0.28,0.03,1.25,2.25,30.56,25.16,4.56,84.66,1.81,0.09,0.03,0.0
1265,Primeira Liga (PT),735656,Sérgio Miguel Lobo Araújo,Serginho,1999-12-01,86.41,21.74,22.22,32,31,1,2954.0,95.29,26.16,22.81,1.26,0.06,21.9,8.9,18.26,25.71,69.32,25.97,2.19,0.1,0.0,0.0
1265,Primeira Liga (PT),735699,Gustavo Pinto Mendonça,G. Mendonça,2003-03-11,72.26,14.63,22.32,21,20,1,1265.0,63.25,16.35,13.65,1.0,0.0,11.95,4.45,10.55,22.8,42.45,20.8,1.3,0.05,0.0,0.0
1265,Primeira Liga (PT),735705,David Allen Grilo,David Grilo,1996-08-13,98.86,26.16,25.84,1,1,0,48.0,48.0,24.0,23.0,0.0,0.0,0.0,0.0,23.0,0.0,0.0,48.0,0.0,0.0,0.0,0.0
1265,Primeira Liga (PT),735708,Pedro Maria Salgueiro Costa Pessoa Carvalho,Pedro Carvalho,2003-02-14,55.64,15.21,13.84,23,23,0,1610.0,70.0,19.87,16.61,0.87,0.13,17.65,4.87,14.83,52.7,6.91,63.09,1.3,0.09,0.04,0.0
1265,Primeira Liga (PT),738192,Gustavo da Silva Cunha,Gustavo Silva,1999-06-01,69.51,18.21,15.68,23,21,2,1555.0,74.05,22.95,13.14,1.81,0.24,26.29,25.71,6.1,22.71,44.52,29.52,12.86,1.19,0.24,0.05
1265,Primeira Liga (PT),738194,Paulo Vitor Leal Sousa Lima,Paulo Vitor,2001-07-19,88.46,17.57,28.07,18,17,1,823.0,48.41,17.71,17.12,0.29,0.0,0.18,0.88,17.29,8.35,3.0,45.41,1.06,0.18,0.06,0.0
1265,Primeira Liga (PT),738195,Francisco Adriano Baptista Gonçalves,Chico Gonçalves,2004-03-05,63.52,15.32,16.14,10,9,1,554.0,61.56,19.67,19.11,0.11,0.0,0.11,0.89,20.11,17.89,3.56,58.0,0.67,0.11,0.0,0.0
1265,Primeira Liga (PT),738198,Martim Gustavo Silva Watts Rodrigues,Watts,2005-07-14,14.13,2.83,4.78,7,7,0,92.0,13.14,4.29,1.29,0.0,0.0,3.29,4.14,1.0,3.86,9.0,4.14,1.14,0.0,0.0,0.0
1265,Primeira Liga (PT),744049,Wendel da Silva Costa,W. Silva,2000-08-02,74.5,19.49,19.82,13,13,0,1003.0,77.15,22.69,11.92,1.23,0.08,22.08,27.62,4.23,10.62,62.92,14.23,11.46,0.46,0.23,0.0
1265,Primeira Liga (PT),749988,Pablo Ruan Messias Cardozo,Pablo Ruan,2003-02-01,45.12,9.19,11.57,23,19,4,756.0,39.79,11.84,7.95,0.89,0.11,11.47,8.53,5.05,21.47,15.16,24.63,2.47,0.26,0.11,0.05
1265,Primeira Liga (PT),750250,Álvaro Martínez Navarro,Álvaro Martínez,2002-05-04,56.69,16.5,15.38,15,14,1,1027.0,73.36,27.21,25.64,0.86,0.07,9.07,2.5,24.93,45.79,7.57,65.79,0.57,0.0,0.0,0.0
1265,Primeira Liga (PT),758003,Omar Fayed Abdelwahab Elrakhawy,Omar Fayed,2003-07-04,75.7,18.64,21.21,8,8,0,647.0,80.88,29.25,28.75,0.12,0.0,0.62,1.12,29.25,13.12,3.62,77.25,0.5,0.0,0.0,0.0
1265,Primeira Liga (PT),773512,Steven Baseya,S. Baseya,2005-01-14,48.77,12.24,13.16,12,12,0,673.0,56.08,17.67,17.42,0.08,0.0,0.25,0.75,17.92,24.42,1.75,54.33,0.83,0.08,0.0,0.0
1265,Primeira Liga (PT),774053,José Manuel Mendes Gomes ,José Gomes,1996-07-20,93.56,19.91,25.36,27,24,3,1701.0,70.88,20.04,16.75,1.33,0.29,16.08,9.33,14.96,49.29,13.25,57.62,2.46,0.46,0.25,0.04
1265,Primeira Liga (PT),784664,Luis Fernando Santos Oliveira ,Fernando,2005-04-12,55.3,12.7,14.0,11,10,1,670.0,67.0,19.0,10.7,1.2,0.2,21.2,15.0,4.9,20.7,53.4,13.6,6.8,0.7,0.3,0.1
1265,Primeira Liga (PT),789116,Antonios Papakanellos,A. Papakanellos,2005-08-11,24.9,6.3,6.12,21,21,0,722.0,34.38,9.52,7.76,0.24,0.0,11.76,5.33,5.71,14.43,21.95,12.43,1.67,0.29,0.0,0.0
1265,Primeira Liga (PT),789166,Theofanis  Bakoulas,T. Bakoulas,2005-01-04,60.85,16.4,13.28,3,3,0,183.0,61.0,12.0,11.0,0.0,0.0,9.33,5.0,8.33,9.67,48.33,12.67,0.33,0.33,0.0,0.0
1265,Primeira Liga (PT),793234,Brenner Lucas Gonçalves Santos,Brenner,2002-01-02,49.63,12.55,12.43,28,27,1,1425.0,52.78,14.11,9.59,1.3,0.0,20.67,8.93,6.7,33.78,11.33,41.44,3.52,0.41,0.04,0.0
1265,Primeira Liga (PT),797508,William Gomes Carvalho Santos,William Gomes,2006-03-15,50.07,14.37,11.3,28,25,3,1493.0,59.72,16.56,12.56,1.88,0.32,19.36,9.8,10.64,41.16,12.24,47.48,4.04,0.6,0.32,0.04
1265,Primeira Liga (PT),799030,Paulo Daniel Valente Moreira,Paulo Moreira,2000-02-17,90.41,21.4,22.95,28,27,1,2853.0,105.67,24.7,21.37,1.04,0.19,22.04,8.85,16.04,26.89,75.11,30.56,4.04,0.56,0.15,0.04
1265,Primeira Liga (PT),799968,Juan Sebastián Rodríguez López,J. Rodríguez,2006-03-27,75.07,17.8,20.49,29,29,0,2038.0,70.28,18.52,17.14,0.62,0.03,9.17,2.62,15.76,19.48,39.14,31.14,1.03,0.0,0.0,0.0
1265,Primeira Liga (PT),800977,Gustavo Miguel Pereira Sousa Varela,Gustavo Varela,2005-01-30,53.54,13.35,13.29,32,31,1,1872.0,60.39,16.45,7.84,1.39,0.26,19.03,24.39,2.35,8.55,52.42,7.97,12.61,0.94,0.52,0.1
1265,Primeira Liga (PT),801815,Ikker Julian de La Caridad Caldeira dos Santos,I. Julian,2005-07-07,61.87,17.6,17.46,2,2,0,164.0,82.0,22.5,22.5,0.0,0.0,2.0,1.0,24.0,35.0,4.0,78.0,0.5,0.0,0.0,0.0
1265,Primeira Liga (PT),801829,Ejike  Julius Opara ,E. Julius Opara,2005-07-05,11.52,3.02,2.79,1,1,0,15.0,15.0,6.0,4.0,0.0,0.0,4.0,7.0,4.0,7.0,12.0,3.0,2.0,1.0,0.0,0.0
1265,Primeira Liga (PT),808236,Valdemiro Pinto Domingos,Miro,2003-04-22,74.31,16.63,22.68,4,4,0,254.0,63.5,22.75,11.0,1.5,0.0,16.5,25.25,2.5,5.5,49.5,14.0,14.75,1.5,0.5,0.0
1265,Primeira Liga (PT),808976,Motez Nourani,M. Nourani,2002-01-11,32.74,8.01,9.88,6,6,0,203.0,33.83,9.0,6.67,0.0,0.0,9.33,3.5,5.17,19.33,14.5,19.33,1.17,0.0,0.0,0.0
1265,Primeira Liga (PT),808991,Daniel Grilo Azevedo,Daniel Azevedo,1998-02-12,78.26,19.48,21.22,3,3,0,150.0,50.0,20.67,20.33,0.0,0.0,0.0,0.0,21.0,0.0,0.0,50.0,0.0,0.0,0.0,0.0
1265,Primeira Liga (PT),809045,Sidny Lopes Cabral,S. Lopes Cabral,2002-09-18,80.68,20.26,17.8,23,22,1,1863.0,84.68,26.86,22.36,1.73,0.23,22.45,10.45,19.09,62.05,13.82,70.86,4.64,0.59,0.09,0.0
1265,Primeira Liga (PT),809111,Karem Zoabi,K. Zoabi,2006-05-03,24.36,5.89,6.41,5,5,0,171.0,34.2,8.6,5.0,0.2,0.0,10.8,8.0,1.8,8.6,27.4,6.8,2.8,0.0,0.0,0.0
1265,Primeira Liga (PT),809342,Fahem Benaissa-Yahia,F. Benaissa,2002-04-29,61.55,12.75,15.25,10,10,0,447.0,44.7,11.6,9.3,0.4,0.0,7.6,4.0,8.1,34.5,5.4,39.3,1.4,0.0,0.0,0.0
1265,Primeira Liga (PT),809496,Francisco Petrasso,F. Petrasso,2002-01-28,69.54,16.69,20.08,23,23,0,1455.0,63.26,21.09,20.52,0.22,0.0,0.61,1.22,20.7,23.87,3.3,59.96,0.96,0.09,0.09,0.0
1265,Primeira Liga (PT),809976,André Filipe Ferreira Lacximicant,André Lacximicant,2001-05-19,60.2,15.57,15.83,22,22,0,1437.0,65.32,20.59,10.55,2.09,0.27,21.41,24.77,4.77,15.27,42.68,22.64,10.05,0.95,0.41,0.05
1265,Primeira Liga (PT),810716,Daniel Armando Fonseca Silva Banjaqui,Daniel Banjaqui,2008-03-24,81.78,27.83,12.81,2,2,0,243.0,121.5,38.0,32.5,2.5,0.5,19.5,11.5,28.0,82.5,13.5,108.0,8.0,1.5,0.0,0.0
1265,Primeira Liga (PT),810741,José Pedro Formoso Neto,José Neto,2008-04-19,52.67,17.55,10.38,2,2,0,148.0,74.0,23.5,22.5,0.0,0.0,4.0,2.5,22.5,53.0,8.0,66.0,0.0,0.0,0.0,0.0
1265,Primeira Liga (PT),810747,Anísio Cláudio Fernandes Reis Cabral,Anísio Cabral,2008-02-15,15.4,4.74,2.37,6,6,0,136.0,22.67,5.83,4.0,0.5,0.33,8.5,11.5,2.5,3.67,17.83,4.83,5.17,0.5,0.17,0.17
1265,Primeira Liga (PT),810787,Oumar Camara,O. Camara,2007-05-11,55.38,14.73,13.57,30,28,2,1759.0,62.82,16.46,10.29,1.0,0.21,22.32,17.71,6.82,29.68,29.39,33.43,8.29,0.39,0.11,0.07
1265,Primeira Liga (PT),810933,Eduardo Manuel de Freitas Felicissimo,Eduardo Felicissimo,2007-01-08,10.76,2.31,2.07,1,1,0,19.0,19.0,8.0,7.0,1.0,0.0,0.0,5.0,7.0,5.0,8.0,11.0,1.0,0.0,0.0,0.0
1265,Primeira Liga (PT),811145,Hugo Miguel Zagal Nunes,Hugo Nunes,2002-02-15,15.8,4.21,1.52,1,1,0,19.0,19.0,6.0,6.0,1.0,0.0,6.0,2.0,5.0,4.0,16.0,3.0,2.0,0.0,0.0,0.0
1265,Primeira Liga (PT),811474,Agustín Nahuel Moreira Morales,A. Moreira,2001-05-28,53.88,13.04,13.9,21,20,1,1082.0,54.1,15.65,11.6,1.45,0.15,18.85,12.15,7.75,38.2,11.75,42.35,4.2,0.45,0.15,0.05
1265,Primeira Liga (PT),812123,Tamble Ulisses Folgado Monteiro,Tamble Monteiro,2000-11-15,56.89,14.82,15.34,13,13,0,916.0,70.46,20.77,11.31,1.54,0.0,23.77,24.23,3.69,15.08,52.08,18.38,11.15,0.62,0.54,0.0
1265,Primeira Liga (PT),812124,Fabrício Garcia Andrade,Fabrício Garcia,2001-05-04,26.13,6.08,6.11,12,12,0,260.0,21.67,6.92,4.75,0.42,0.0,6.92,3.42,3.25,12.92,7.75,13.92,1.08,0.17,0.0,0.0
1265,Primeira Liga (PT),812240,Jalen Blesa ,J. Blesa,2001-02-05,89.2,24.02,24.05,13,13,0,1410.0,108.46,32.23,18.69,2.15,0.38,33.31,33.85,8.85,20.54,88.46,20.0,15.15,1.62,0.77,0.15
1265,Primeira Liga (PT),813388,Kevyn Henrique Monteiro de Souza,Kevyn Monteiro,2005-09-13,46.17,12.93,12.4,10,9,1,511.0,56.78,16.22,15.78,0.33,0.0,0.67,1.22,16.56,5.78,2.44,54.33,0.89,0.11,0.0,0.0
1265,Primeira Liga (PT),816760,Ibrahima Ba,I. Ba,2005-05-26,88.48,21.8,22.96,21,21,0,1728.0,82.29,29.52,28.57,0.33,0.0,0.86,1.76,29.76,10.14,4.57,77.71,1.62,0.24,0.1,0.0
1265,Primeira Liga (PT),818137,Yarlen Faustino Augusto,Yarlen,2006-02-20,47.17,9.89,12.74,11,11,0,468.0,42.55,11.82,8.82,1.0,0.0,14.18,11.55,5.82,21.09,16.0,26.55,3.91,0.36,0.18,0.0
1265,Primeira Liga (PT),818352,Tamás Nikitscher,T. Nikitscher,1999-11-03,56.83,14.5,16.48,27,27,0,1735.0,64.26,15.44,14.37,0.41,0.07,7.33,1.56,12.26,14.07,42.85,21.41,0.7,0.15,0.04,0.04
1265,Primeira Liga (PT),831427,Robson Lucas Oliveira Botelho,Robinho,2002-08-07,48.88,11.27,12.13,22,21,1,1277.0,60.81,16.0,14.24,0.62,0.05,10.67,7.14,12.14,15.62,41.29,19.52,2.33,0.14,0.1,0.0
1265,Primeira Liga (PT),831454,Ryan Guilherme da Silva Pae,Ryan Guilherme,2002-12-07,38.35,10.96,9.12,6,6,0,274.0,45.67,12.0,10.33,0.33,0.0,8.5,6.17,9.0,8.0,33.67,12.0,1.0,0.0,0.0,0.0
1265,Primeira Liga (PT),850886,João Pedro Augusto Mourão Costa,João Costa,2000-03-07,14.99,3.29,3.16,7,7,0,104.0,14.86,3.57,1.86,0.29,0.0,4.29,6.71,0.86,1.14,12.86,2.0,2.29,0.14,0.14,0.0
1265,Primeira Liga (PT),850888,Jonathan Mutombo Mawesi,J. Mutombo,2002-08-27,47.28,9.61,10.83,3,3,0,101.0,33.67,11.67,10.33,0.33,0.0,2.33,3.67,10.67,25.33,4.33,29.33,1.0,0.0,0.0,0.0
1265,Primeira Liga (PT),850891,Hugo Félix Sequeira,H. Sequeira,2004-03-03,56.64,12.99,15.94,26,26,0,1962.0,75.46,20.81,16.73,1.35,0.0,20.27,12.5,12.69,24.69,56.85,18.62,5.0,0.65,0.19,0.0
1265,Primeira Liga (PT),850893,Leandro Henrique Sousa Santos,Leandro Santos,2005-09-28,28.58,7.47,6.77,9,7,2,213.0,30.43,10.86,9.86,0.43,0.0,5.14,3.0,7.71,21.86,5.29,25.14,0.43,0.14,0.0,0.0
1265,Primeira Liga (PT),851441,Diogo Jorge Sousa Martins,Diogo Martins,1996-08-21,9.91,1.91,2.65,1,1,0,14.0,14.0,5.0,3.0,1.0,0.0,0.0,7.0,3.0,8.0,6.0,8.0,2.0,0.0,0.0,0.0
1265,Primeira Liga (PT),868712,Rodrigo  Rêgo,Rodrigo Rêgo,2005-01-03,54.68,17.86,14.49,3,2,1,203.0,101.5,18.5,14.5,2.5,0.0,39.0,17.0,12.0,53.5,46.5,55.0,4.5,0.5,0.5,0.0
1265,Primeira Liga (PT),870451,Guilherme Neiva Silva,G. Neiva,2001-03-15,42.7,8.56,12.71,24,23,1,815.0,35.43,11.22,7.35,0.91,0.13,10.48,8.04,5.17,17.13,14.74,20.7,2.65,0.35,0.17,0.04
1265,Primeira Liga (PT),870866,José Augusto Silva,José Silva,2005-08-20,16.41,2.47,4.66,4,4,0,35.0,8.75,1.5,1.5,0.0,0.0,1.75,0.25,1.5,5.75,1.5,7.25,0.25,0.0,0.0,0.0
1265,Primeira Liga (PT),876968,Diego Henrique Oliveira Rodrigues,Diego Rodrigues,2005-05-24,47.91,15.86,10.7,20,20,0,1627.0,81.35,22.75,20.5,1.0,0.15,18.4,8.2,17.3,31.15,50.05,31.3,2.65,0.4,0.0,0.0
1265,Primeira Liga (PT),876969,João Gonçalo Carapinha Carvalho,João Carvalho,2004-04-09,17.9,2.75,2.07,1,1,0,4.0,4.0,1.0,1.0,0.0,0.0,0.0,0.0,1.0,0.0,0.0,4.0,0.0,0.0,0.0,0.0
1265,Primeira Liga (PT),876971,Jónatas Xavier Zamith Oliveira Noro,Jónatas Noro,2005-07-09,13.3,1.25,1.35,1,1,0,6.0,6.0,2.0,2.0,0.0,0.0,0.0,0.0,2.0,3.0,0.0,6.0,0.0,0.0,0.0,0.0
1265,Primeira Liga (PT),876972,Yanis Franklin da Rocha,Yanis Rocha,2004-05-10,34.05,10.63,7.17,4,4,0,171.0,42.75,11.0,9.5,0.0,0.0,6.25,1.5,9.75,33.5,2.75,40.0,0.0,0.0,0.0,0.0
1265,Primeira Liga (PT),877517,Oskar Pietuszewski,O. Pietuszewski,2008-05-20,55.7,15.04,13.42,16,15,1,922.0,61.47,19.53,15.47,1.87,0.33,25.47,13.07,12.2,40.47,10.67,50.8,6.2,0.33,0.13,0.13
1265,Primeira Liga (PT),878384,Yan Lincon Farias de Sousa,Yan Maranhão,2002-09-13,41.91,10.0,12.03,21,20,1,895.0,44.75,12.05,6.9,0.4,0.05,15.05,13.75,2.95,3.7,39.75,5.0,6.05,0.45,0.25,0.0
1265,Primeira Liga (PT),885727,Mateo Flores Lozano,Mateo Flores,2004-04-07,22.64,5.32,5.68,12,12,0,310.0,25.83,7.92,6.58,0.5,0.0,6.83,3.25,4.67,7.17,18.25,7.58,0.42,0.08,0.08,0.0
1265,Primeira Liga (PT),887879,Tiago Rafael Fernandes Leite,Tiago Leite,2000-07-31,20.2,4.39,6.42,9,9,0,228.0,25.33,8.44,4.56,0.56,0.0,6.89,12.11,2.22,2.67,18.56,6.78,4.33,0.22,0.11,0.0
1265,Primeira Liga (PT),889588,Vasco da Silva Moreira,Vasco Moreira,2001-05-07,31.27,6.63,8.78,15,15,0,478.0,31.87,7.4,6.6,0.87,0.0,4.33,2.6,5.47,6.6,24.27,7.6,0.73,0.13,0.07,0.0
1265,Primeira Liga (PT),889594,Pedro Silva Rosas,Pedro Rosas,2000-11-28,77.51,12.67,24.57,9,9,0,325.0,36.11,11.11,8.56,0.89,0.0,8.22,8.78,6.67,20.78,10.22,25.89,4.22,0.44,0.22,0.0
1265,Primeira Liga (PT),897136,Felipe De Almeida Lima,Felipe Lima,2006-04-17,12.27,2.6,3.58,6,6,0,89.0,14.83,4.17,2.5,0.17,0.0,4.5,5.33,1.17,3.5,8.83,6.0,2.0,0.17,0.17,0.0
1265,Primeira Liga (PT),906340,Mohamed Bamba,M. Bamba,2004-10-08,27.8,4.66,6.52,4,4,0,61.0,15.25,3.0,2.5,0.0,0.0,1.75,1.0,1.25,1.75,13.25,2.0,0.75,0.0,0.0,0.0
1265,Primeira Liga (PT),913555,Mathis  Clairicia,M. Clairicia,2002-08-30,20.15,4.32,5.31,8,8,0,176.0,22.0,5.75,3.88,0.62,0.0,5.0,9.38,1.62,5.25,18.38,3.62,5.75,0.75,0.25,0.0
1265,Primeira Liga (PT),919240,Mohamed Yassir Zabiri,Y. Zabiri,2005-02-23,57.27,14.51,14.6,12,11,1,650.0,59.09,19.0,8.27,2.18,0.36,18.45,25.82,2.91,5.09,48.18,10.91,10.27,1.0,0.55,0.18
1265,Primeira Liga (PT),921645,Diogo Bezerra de Oliveira,Diogo Bezerra,2002-07-16,79.39,21.4,21.65,17,17,0,1683.0,99.0,29.65,20.88,2.06,0.12,38.0,15.82,14.24,59.47,32.65,66.35,4.18,0.29,0.18,0.0
1265,Primeira Liga (PT),924806,Jimi Gower,J. Gower,2004-10-01,23.54,6.25,5.54,9,8,1,255.0,31.88,9.0,7.5,0.25,0.0,8.88,4.75,5.5,11.12,21.62,10.25,1.5,0.12,0.0,0.0
1265,Primeira Liga (PT),938386,Alisson De Almeida Santos,Alisson Santos,2002-09-27,16.57,4.78,3.31,18,17,1,324.0,19.06,6.24,5.41,0.71,0.06,4.29,3.76,4.65,12.94,3.71,15.35,0.88,0.12,0.06,0.0
1265,Primeira Liga (PT),946750,Kevin Estiven Prieto Machado,K. Prieto,2003-06-27,38.24,7.24,10.2,11,11,0,281.0,25.55,7.36,5.36,0.27,0.0,6.09,1.45,4.64,18.73,3.73,21.82,0.91,0.0,0.0,0.0
1265,Primeira Liga (PT),959252,Salvador Blopa,Salvador Blopa,2007-06-13,19.19,5.78,3.77,3,3,0,125.0,41.67,13.67,12.67,0.33,0.33,4.33,1.67,12.67,36.33,4.33,37.33,0.33,0.0,0.0,0.0
1265,Primeira Liga (PT),962563,Chiheb Labidi,C. Labidi,2001-06-01,64.89,13.75,17.16,28,26,2,1594.0,61.31,15.85,14.12,1.08,0.08,8.58,7.15,11.54,12.31,46.04,15.27,3.27,0.35,0.19,0.04
1265,Primeira Liga (PT),969772,Gonzalo Pastor Sanchez,G. Pastor Sanchez,2006-03-20,25.41,5.76,6.47,2,2,0,60.0,30.0,7.0,4.5,0.5,0.0,12.5,5.0,2.0,13.0,23.5,6.5,1.0,0.0,0.0,0.0
1265,Primeira Liga (PT),973088,Isaac James,I. James,2004-08-28,76.24,17.37,21.89,19,19,0,1284.0,67.58,19.11,17.32,1.32,0.26,12.79,5.68,16.0,54.68,4.58,63.0,1.21,0.26,0.05,0.0
1265,Primeira Liga (PT),973654,Rafael Genuino Lobato,Rafael Lobato,2006-02-23,11.47,2.61,2.25,2,2,0,21.0,10.5,3.0,2.0,0.5,0.0,1.5,3.5,1.5,4.5,1.5,9.0,1.5,0.5,0.5,0.0
1265,Primeira Liga (PT),974582,Davy Jean Carl Kamon Gui Gui,Davy Gui,2006-06-15,28.55,6.36,7.82,27,27,0,917.0,33.96,9.67,8.33,0.48,0.07,5.15,3.22,6.74,9.56,23.63,10.33,0.63,0.0,0.0,0.0
1265,Primeira Liga (PT),975544,Thiago Balieiro Lourenço de Carvalho,Thiago Carvalho,2003-02-23,100.16,26.87,22.91,13,13,0,1439.0,110.69,36.62,35.62,0.69,0.0,0.69,3.23,35.92,25.08,7.77,102.92,2.77,0.69,0.38,0.0
1265,Primeira Liga (PT),977121,Domingos José Gabriel Bandeira,Kaly,2003-11-27,91.29,16.75,26.56,12,11,1,363.0,33.0,8.18,7.64,0.09,0.0,0.55,0.73,7.64,1.73,4.36,28.64,0.82,0.36,0.09,0.0
1265,Primeira Liga (PT),978489,Gustavo Teixeira Lopes da Conceição,Gustavo Mancha,2004-07-25,98.25,26.06,27.32,14,14,0,1199.0,85.64,37.29,36.36,0.29,0.07,0.14,0.86,36.79,18.71,3.43,82.21,0.86,0.0,0.0,0.0
1265,Primeira Liga (PT),979393,Gonzalo Calçada De Sa Sanchidrián,Gonzalo Calçada,2001-07-25,18.76,1.86,6.03,1,1,0,11.0,11.0,5.0,1.0,0.0,0.0,3.0,1.0,1.0,5.0,8.0,3.0,0.0,0.0,0.0,0.0
1265,Primeira Liga (PT),984933,Tiago Parreira Parente,Tiago Parente,2004-01-14,40.03,10.13,10.0,14,14,0,555.0,39.64,10.14,8.43,0.43,0.07,8.71,6.07,7.71,28.0,7.57,32.07,2.07,0.21,0.0,0.0
1265,Primeira Liga (PT),994932,Sandro Miguel Rodrigues Vidigal,Sandro Vidigal,2007-07-28,20.33,6.96,3.65,4,4,0,96.0,24.0,7.5,6.5,0.5,0.0,9.5,4.25,5.0,18.25,3.0,21.0,2.25,0.0,0.0,0.0
1265,Primeira Liga (PT),994942,Luís Teixeira Pinto,Luís Pinto,2006-08-16,76.43,25.43,16.24,3,3,0,446.0,148.67,40.0,38.0,1.0,0.33,29.67,7.33,32.67,60.33,88.67,60.0,1.0,0.33,0.0,0.0
1265,Primeira Liga (PT),995276,Pedro Henrique Bezerra Carvalho,Pedro Careca,2004-11-12,36.95,11.47,9.6,3,3,0,162.0,54.0,15.67,14.0,0.33,0.0,8.67,3.0,12.67,33.67,5.0,49.0,0.0,0.0,0.0,0.0
1265,Primeira Liga (PT),995927,Alisson Souza de Jesus,Alisson Jesus,2005-04-11,21.75,4.42,6.04,5,5,0,116.0,23.2,6.0,4.2,0.4,0.0,5.2,7.6,3.2,10.0,9.8,13.4,2.8,0.2,0.2,0.0
1265,Primeira Liga (PT),997771,Landerson Costa Araujo,Landerson,2006-12-12,50.26,12.72,13.89,29,27,2,1370.0,50.74,16.78,13.0,0.89,0.11,16.63,5.56,9.89,36.63,12.96,37.78,1.74,0.26,0.07,0.0
1265,Primeira Liga (PT),997839,Afonso Assis Cunha Almeida,Afonso Assis,2006-07-15,50.96,14.42,13.48,18,17,1,1257.0,73.94,20.76,19.59,0.35,0.06,7.06,1.88,16.12,13.59,40.76,33.18,0.76,0.06,0.0,0.0
1265,Primeira Liga (PT),997845,Alexandre Mussolo Sola,A. Mussolo Sola,2003-12-14,48.28,10.64,13.61,15,15,0,797.0,53.13,11.47,10.2,0.07,0.07,8.07,2.53,8.47,9.53,40.87,12.27,0.8,0.07,0.0,0.0
1265,Primeira Liga (PT),1002389,Bernardo Lima,B. Lima,2008-03-26,14.4,2.78,3.74,1,1,0,9.0,9.0,2.0,1.0,0.0,0.0,2.0,2.0,0.0,2.0,9.0,0.0,0.0,0.0,0.0,0.0
1265,Primeira Liga (PT),1003578,Otávio Manoel Galdino Fernandes,Otávio,2005-11-25,66.07,15.87,18.26,21,20,1,1161.0,58.05,17.95,16.65,0.3,0.05,3.6,1.1,16.25,30.8,3.5,54.55,0.85,0.05,0.05,0.0
1265,Primeira Liga (PT),1003590,Henrique Fernandes da Silva,Henrique Silva,2005-10-17,87.77,21.53,20.23,13,12,1,992.0,82.67,28.33,27.58,0.17,0.0,0.67,2.67,29.83,25.33,5.5,77.17,2.5,0.17,0.08,0.0
1265,Primeira Liga (PT),1004603,Renato Sam Na Nhaga,Renato Nhaga,2007-03-27,70.97,15.19,17.45,18,18,0,1314.0,73.0,18.94,15.44,0.78,0.06,15.06,5.67,11.89,16.33,57.94,15.06,2.06,0.0,0.0,0.0
1265,Primeira Liga (PT),1008882,Rodrigo Prata Deusdado Rodrigues,Rodrigo Rodrigues,2007-06-12,15.51,2.84,1.76,4,3,1,24.0,8.0,3.33,3.0,0.67,0.0,2.33,1.0,3.0,5.67,1.67,6.33,0.0,0.0,0.0,0.0
1265,Primeira Liga (PT),1008931,José Luís Rocha Tavares,José Tavares,2003-06-02,43.97,10.72,10.35,25,25,0,1356.0,54.24,13.8,12.0,0.76,0.04,12.0,4.04,9.08,16.52,35.8,18.44,1.12,0.04,0.04,0.0
1265,Primeira Liga (PT),1008966,Tiago Gonçalves Silva,Tiago Silva,2007-07-10,27.28,9.7,4.07,1,1,0,50.0,50.0,20.0,20.0,2.0,0.0,6.0,0.0,17.0,9.0,29.0,21.0,0.0,0.0,0.0,0.0
1265,Primeira Liga (PT),1021359,João Oliveira Afonso,João Afonso,2007-04-30,98.22,21.98,27.71,2,2,0,57.0,28.5,6.0,6.0,0.0,0.0,0.0,0.0,6.0,0.0,0.0,28.5,0.0,0.0,0.0,0.0
1265,Primeira Liga (PT),1022354,Edson Joelder Lobo Mucuana,E. Mucuana,2003-12-12,82.2,20.64,25.58,1,1,0,91.0,91.0,29.0,27.0,2.0,0.0,6.0,1.0,29.0,80.0,6.0,85.0,1.0,0.0,0.0,0.0
1265,Primeira Liga (PT),1022520,Umar Abubakar,U. Abubakar,2006-02-15,25.23,6.51,5.46,22,22,0,673.0,30.59,7.86,3.73,0.55,0.05,10.27,14.64,0.77,2.82,25.05,5.55,7.86,0.64,0.32,0.05
1265,Primeira Liga (PT),1022911,Flavio Ferreira Gonçalves Gonçalves,Flavio Gonçalves,2007-05-30,10.46,2.56,2.37,3,3,0,41.0,13.67,2.67,1.67,0.0,0.0,3.67,4.67,1.33,5.0,10.0,3.67,2.0,0.0,0.0,0.0
1265,Primeira Liga (PT),1023147,João Moisés Gastão,J. Gastão,2006-07-22,44.6,8.72,10.51,8,7,1,262.0,37.43,10.57,4.0,0.43,0.14,13.14,10.71,1.43,10.14,25.86,11.57,3.29,0.14,0.0,0.0
1265,Primeira Liga (PT),1023719,Gonçalo  Maia Pereira,Gonçalo Maia,2005-11-30,7.35,1.5,2.12,2,2,0,20.0,10.0,2.0,1.0,0.0,0.0,2.0,2.0,1.0,4.5,10.0,0.0,0.0,0.0,0.0,0.0
1265,Primeira Liga (PT),1024233,André Alexandre Mendes Miranda,André Miranda,2007-09-25,15.88,4.25,1.68,1,1,0,18.0,18.0,5.0,3.0,0.0,0.0,10.0,3.0,1.0,14.0,6.0,12.0,0.0,0.0,0.0,0.0
1265,Primeira Liga (PT),1025116,João Miguel Costa Nogueira,Miguel Nogueira,2005-02-27,53.75,14.41,12.59,16,16,0,1048.0,65.5,15.81,11.81,1.25,0.12,24.38,11.06,7.56,35.0,31.12,34.38,5.62,0.75,0.19,0.06
1265,Primeira Liga (PT),1027293,André Tiago Ramos das Neves,Peixinho,2004-05-23,23.29,6.92,5.78,11,11,0,385.0,35.0,11.64,9.73,1.0,0.0,8.82,5.45,7.73,20.55,13.36,21.64,2.0,0.36,0.18,0.0
1265,Primeira Liga (PT),1028213,Ricardo Joaquim Ferreira Rocha,Ricardo Rocha,2003-09-07,47.02,13.41,7.33,2,2,0,122.0,61.0,19.5,17.5,0.5,0.0,5.5,2.5,15.5,7.0,35.0,26.0,1.5,0.5,0.0,0.0
1265,Primeira Liga (PT),1028214,Noah Jose  Saviolo,Noah Saviolo,2004-03-07,70.62,18.58,16.3,30,29,1,2047.0,70.59,22.97,16.86,1.38,0.17,25.0,13.28,12.14,50.34,13.76,56.83,6.28,0.76,0.28,0.03
1265,Primeira Liga (PT),1029517,Zakaria Kessary,Z. Kessary,,8.27,2.42,1.34,3,3,0,38.0,12.67,4.67,4.0,0.67,0.0,5.33,2.33,3.0,5.0,8.33,4.33,0.67,0.33,0.0,0.0
1265,Primeira Liga (PT),1032058,Fodé Carlos Gaspar Pascoal,Fodé Pascoal,2004-12-26,12.4,5.18,3.75,1,1,0,22.0,22.0,8.0,8.0,0.0,0.0,0.0,0.0,8.0,9.0,0.0,22.0,0.0,0.0,0.0,0.0
1265,Primeira Liga (PT),1032844,Kauan de Souza Gomes,Kauan,2005-04-26,13.2,3.12,3.76,4,4,0,52.0,13.0,3.5,2.0,0.0,0.0,2.0,1.75,1.5,9.75,0.75,12.25,0.25,0.0,0.0,0.0
1265,Primeira Liga (PT),1033808,Martim Costa Guedes,Zeega,2008-11-05,26.96,8.7,2.6,2,2,0,94.0,47.0,11.5,9.0,1.5,0.0,14.5,13.5,5.0,7.5,41.5,5.5,4.5,1.5,0.5,0.0
1265,Primeira Liga (PT),1036218,Deivison Souza Brito,Deivison,2006-05-04,31.97,6.56,8.8,4,4,0,96.0,24.0,4.5,3.75,0.0,0.0,4.5,1.5,3.5,10.75,8.0,16.0,0.0,0.0,0.0,0.0
1265,Primeira Liga (PT),1037678,António Gil Lourenço Oliveira Valério Branco,António Gil,2008-01-08,18.08,2.75,2.07,1,1,0,23.0,23.0,4.0,2.0,0.0,0.0,4.0,4.0,2.0,9.0,12.0,11.0,1.0,0.0,0.0,0.0
1265,Primeira Liga (PT),1037788,Rudi Daniel Silva Almeida,Rudi Almeida,2005-03-19,13.88,2.71,3.85,2,2,0,26.0,13.0,3.5,1.5,0.0,0.0,4.0,2.0,1.5,5.5,6.0,7.0,0.5,0.0,0.0,0.0
1265,Primeira Liga (PT),1038260,Miguel Andrade Silva,Miguel Silva,2007-12-17,7.73,1.53,2.34,1,1,0,13.0,13.0,5.0,5.0,0.0,0.0,3.0,0.0,4.0,2.0,4.0,9.0,0.0,0.0,0.0,0.0
1265,Primeira Liga (PT),1038373,Henrique Franco Torcato,Henrique Torcato,2007-11-23,88.43,17.72,29.12,1,1,0,108.0,108.0,35.0,19.0,1.0,0.0,35.0,24.0,12.0,36.0,73.0,35.0,6.0,1.0,0.0,0.0
1265,Primeira Liga (PT),1039641,Gabriel  Souza,G. Souza,,35.43,7.06,7.02,1,1,0,34.0,34.0,7.0,3.0,0.0,0.0,12.0,14.0,2.0,12.0,24.0,10.0,4.0,0.0,0.0,0.0
1265,Primeira Liga (PT),1041591,Eddy Doué,E. Doué,2005-12-11,63.05,15.1,17.31,13,13,0,832.0,64.0,18.92,17.69,0.62,0.08,9.46,2.31,13.0,11.69,48.69,15.31,1.08,0.15,0.08,0.08
1265,Primeira Liga (PT),1067667,Francisco Lagos dias,F. Lagos dias,2002-10-23,99.94,31.96,14.16,2,2,0,265.0,132.5,38.0,36.0,0.0,0.0,19.5,6.0,35.0,99.0,9.5,123.0,1.5,0.0,0.0,0.0
1265,Primeira Liga (PT),1067723,Abdu Dafe,A. Dafe,2008-06-10,2.42,0.36,0.86,1,1,0,0.0,0.0,0.0,0.0,0.0,0.0,0.0,0.0,0.0,0.0,0.0,0.0,0.0,0.0,0.0,0.0
