competition_edition,league,player_id,player_name,player_short_name,player_birthdate,minutes,minutes_tip,minutes_otip,performance_count,performance_included_count,performance_failed_count,possession_count_total,possession_count,possession_count_retained,possession_pct_retained,possession_count_shotwithin10s,possession_count_goalwithin10s,possession_avgdistance,possession_avgduration,reception_count_total,reception_count,reception_count_retained,reception_pct_retained,reception_count_intensepressure_tightspace,reception_count_intensepressure_tightspace_retained,reception_pct_intensepressure_tightspace_retained,reception_count_inspace,longcarry_count_total,longcarry_count,longcarry_count_retained,longcarry_count_forwardtrajectory,longcarry_count_forwardtrajectory_retained,longcarry_count_abovehsr,longcarry_count_forwardtrajectory_abovehsr,longcarry_count_forwardtrajectory_abovehsr_retained,longcarry_pct_forwardtrajectory_abovehsr_retained,longcarry_pct_retained,longcarry_pct_forwardtrajectory_retained,possession_count_forwardmomentum,giveandgo_count,possession_count_beatbymovement,possession_count_beatbypossession,possession_count_drawnpressure,possession_count_drawnpressure_retained,possession_pct_drawnpressure_retained,reception_count_intensepressure_constrainedspace,possession_count_escapedpressure,possession_pct_escapedpressure,reception_count_intensepressure,possession_count_intensepressure_progressed,possession_pct_intensepressure_progressed,possession_count_intensepressure_dangercreated,possession_pct_intensepressure_dangercreated
1212,2. Bundesliga (DE),670,Amin Younes,A. Younes,1993-08-06,48.7,12.16,12.12,5,5,0,75.0,15.0,9.8,65.33,1.2,0.2,3.47,1.26,50.0,10.0,6.6,66.0,1.6,1.0,62.5,6.2,10.0,2.0,1.6,0.8,0.6,0.2,0.2,0.2,100.0,80.0,75.0,0.6,0.4,0.0,0.0,0.4,0.2,50.0,2.4,0.4,16.67,3.4,0.2,5.88,0.4,11.76
1212,2. Bundesliga (DE),1442,Branimir Hrgota,B. Hrgota,1993-01-12,93.61,22.77,25.51,31,29,2,1032.0,35.59,21.97,61.73,4.59,0.69,5.77,1.83,630.0,21.72,14.59,67.14,3.21,1.31,40.86,15.0,261.0,9.0,5.03,5.03,2.55,1.03,0.76,0.31,40.91,55.94,50.69,1.03,1.41,0.24,0.86,0.66,0.38,57.89,4.55,0.62,13.64,7.28,1.62,22.27,1.14,15.64
1212,2. Bundesliga (DE),1697,Cédric Itten,C. Itten,1996-12-27,96.2,26.19,26.72,30,29,1,574.0,19.79,9.76,49.3,4.31,0.69,5.23,1.47,378.0,13.03,6.69,51.32,2.59,1.21,46.67,5.62,125.0,4.31,1.97,2.45,0.97,0.93,0.72,0.28,38.09,45.6,39.44,1.24,1.14,0.62,0.45,0.21,0.07,33.33,3.38,0.45,13.26,6.72,0.9,13.33,1.24,18.46
1212,2. Bundesliga (DE),1841,Christian Mathenia,C. Mathenia,1992-03-31,98.36,22.92,26.12,1,1,0,37.0,37.0,29.0,78.38,1.0,0.0,2.97,2.6,22.0,22.0,20.0,90.91,0.0,0.0,,22.0,4.0,4.0,3.0,1.0,1.0,0.0,0.0,0.0,,75.0,100.0,0.0,0.0,0.0,0.0,0.0,0.0,,0.0,0.0,,0.0,0.0,,0.0,
1212,2. Bundesliga (DE),2290,Danilo Teodoro Soares,Danilo Soares,1991-10-29,74.97,18.88,20.38,3,3,0,91.0,30.33,19.67,64.83,2.0,0.0,3.67,1.28,58.0,19.33,13.33,68.97,1.33,0.67,50.0,18.0,13.0,4.33,2.67,3.33,2.0,1.0,1.0,1.0,100.0,61.54,60.0,0.33,2.67,0.0,0.0,0.0,0.0,,1.33,0.33,25.0,2.33,0.33,14.29,0.33,14.29
1212,2. Bundesliga (DE),2454,David Kinsombi,D. Kinsombi,1995-12-12,7.2,1.01,1.93,3,3,0,5.0,1.67,1.33,80.0,0.0,0.0,3.5,0.94,3.0,1.0,0.67,66.67,0.33,0.33,100.0,0.67,1.0,0.33,0.33,0.33,0.33,0.0,0.0,0.0,,100.0,100.0,0.33,0.33,0.0,0.0,0.0,0.0,,0.33,0.0,0.0,0.33,0.33,100.0,0.0,0.0
1212,2. Bundesliga (DE),2553,Dawid Kownacki,D. Kownacki,1997-03-14,55.69,14.89,14.42,21,21,0,205.0,9.76,5.29,54.15,1.62,0.43,3.9,1.07,139.0,6.62,4.0,60.43,1.19,0.52,44.0,3.62,30.0,1.43,0.81,0.57,0.14,0.33,0.29,0.05,16.67,56.67,25.0,0.19,1.0,0.24,0.14,0.1,0.05,50.0,2.14,0.14,6.67,3.38,0.43,12.68,0.43,12.68
1212,2. Bundesliga (DE),2938,Edin Džeko,E. Džeko,1986-03-17,59.56,15.37,13.95,11,11,0,178.0,16.18,8.27,51.12,4.64,0.64,3.42,1.01,115.0,10.45,5.55,53.04,2.18,0.82,37.5,5.91,25.0,2.27,1.09,1.18,0.45,0.45,0.36,0.09,25.0,48.0,38.46,0.45,0.64,0.82,0.64,0.27,0.09,33.33,2.64,0.18,6.9,4.55,0.73,16.0,1.91,42.0
1212,2. Bundesliga (DE),3235,Fabian Holland,F. Holland,1990-07-11,35.83,9.08,10.07,21,20,1,278.0,13.9,10.7,76.98,0.85,0.1,4.2,1.53,189.0,9.45,7.7,81.48,0.45,0.05,11.11,8.8,48.0,2.4,1.75,1.45,1.05,0.3,0.25,0.1,40.0,72.92,72.41,0.0,0.75,0.0,0.0,0.1,0.05,50.0,0.65,0.1,15.38,0.9,0.25,27.78,0.05,5.55
1212,2. Bundesliga (DE),3372,Felix Klaus,F. Klaus,1992-09-13,95.1,22.71,25.76,25,23,2,784.0,34.09,21.83,64.03,5.91,0.91,5.95,1.49,547.0,23.78,16.22,68.19,3.0,1.48,49.27,18.17,183.0,7.96,4.52,5.22,2.7,2.83,2.3,0.96,41.51,56.83,51.67,0.91,3.04,0.7,1.09,0.52,0.3,58.33,4.09,0.48,11.7,6.91,1.13,16.35,1.09,15.72
1212,2. Bundesliga (DE),3375,Felix Passlack,F. Passlack,1998-05-29,36.9,7.67,10.8,15,15,0,209.0,13.93,9.2,66.03,1.4,0.07,4.9,1.38,135.0,9.0,6.6,73.33,0.67,0.33,50.0,7.93,41.0,2.73,1.67,1.33,0.8,0.73,0.53,0.2,37.5,60.98,60.0,0.0,1.07,0.27,0.27,0.07,0.0,0.0,0.8,0.07,8.33,1.47,0.4,27.27,0.2,13.64
1212,2. Bundesliga (DE),4168,Håvard Kallevik Nielsen,H. Nielsen,1993-07-15,14.61,3.5,3.74,10,10,0,32.0,3.2,1.3,40.63,0.6,0.1,9.35,1.82,18.0,1.8,0.9,50.0,0.3,0.1,33.33,0.8,11.0,1.1,0.2,0.9,0.2,0.7,0.5,0.0,0.0,18.18,22.22,0.4,0.2,0.1,0.1,0.1,0.0,0.0,0.5,0.1,20.0,1.2,0.3,25.0,0.2,16.67
1212,2. Bundesliga (DE),4864,Jean-Paul Boëtius,J. Boëtius,1994-03-22,39.5,9.19,11.35,4,4,0,64.0,16.0,13.25,82.81,0.75,0.0,3.97,1.43,44.0,11.0,10.0,90.91,0.25,0.0,0.0,9.75,9.0,2.25,1.75,0.5,0.5,0.25,0.0,0.0,,77.78,100.0,0.5,0.25,0.0,0.0,0.25,0.25,100.0,0.25,0.0,0.0,0.5,0.0,0.0,0.0,0.0
1212,2. Bundesliga (DE),5168,John Anthony Brooks,J. Brooks,1993-01-28,8.06,1.3,2.33,1,1,0,4.0,4.0,3.0,75.0,0.0,0.0,9.67,3.38,2.0,2.0,2.0,100.0,0.0,0.0,,2.0,2.0,2.0,2.0,1.0,1.0,0.0,0.0,0.0,,100.0,100.0,0.0,0.0,0.0,0.0,0.0,0.0,,0.0,0.0,,0.0,0.0,,0.0,
1212,2. Bundesliga (DE),5375,Jorrit Hendrix,J. Hendrix,1995-02-06,94.83,24.41,24.19,31,30,1,1395.0,46.5,35.8,76.99,3.23,0.3,2.88,1.03,1038.0,34.6,28.87,83.43,2.3,1.53,66.67,28.03,143.0,4.77,3.37,2.63,1.9,0.87,0.6,0.33,55.55,70.63,72.15,1.27,2.07,0.27,0.17,0.3,0.17,55.56,4.33,0.6,13.85,5.93,0.9,15.17,0.73,12.36
1212,2. Bundesliga (DE),5573,Julian Green,J. Green,1995-06-06,54.08,13.22,13.71,21,19,2,454.0,23.89,17.84,74.67,1.95,0.11,5.29,1.65,292.0,15.37,12.16,79.11,0.84,0.53,62.5,13.26,97.0,5.11,3.84,2.89,2.11,1.05,0.58,0.42,72.73,75.26,72.73,0.58,0.79,0.0,0.16,0.0,0.0,,1.47,0.16,10.71,2.58,0.42,16.33,0.37,14.29
1212,2. Bundesliga (DE),5775,Kenan Karaman,K. Karaman,1994-03-05,94.27,21.76,24.01,31,31,0,842.0,27.16,16.26,59.86,4.71,0.68,5.69,1.59,563.0,18.16,11.35,62.52,3.45,1.94,56.08,10.9,197.0,6.35,3.97,3.06,1.52,1.35,1.13,0.35,31.43,62.44,49.47,1.61,1.26,0.68,0.87,0.39,0.16,41.67,4.87,1.06,21.86,8.23,1.23,14.9,2.0,24.31
1212,2. Bundesliga (DE),5880,Kevin Vogt,K. Vogt,1991-09-23,67.75,17.16,16.72,9,9,0,361.0,40.11,36.44,90.86,0.67,0.0,4.59,1.81,261.0,29.0,27.22,93.87,0.0,0.0,,28.0,62.0,6.89,6.22,3.56,3.22,1.0,0.33,0.33,100.0,90.32,90.63,0.0,0.22,0.0,0.0,0.0,0.0,,0.11,0.11,100.0,0.22,0.11,50.0,0.0,0.0
1212,2. Bundesliga (DE),6298,Loris Karius,L. Karius,1993-06-22,101.11,22.43,26.71,29,29,0,685.0,23.62,12.41,52.55,0.28,0.0,4.39,3.08,344.0,11.86,7.07,59.59,0.1,0.0,0.0,10.9,110.0,3.79,1.48,2.17,0.9,0.0,0.0,0.0,,39.09,41.27,0.0,0.0,0.0,0.0,0.14,0.0,0.0,0.14,0.0,0.0,0.28,0.03,12.5,0.0,0.0
1212,2. Bundesliga (DE),6915,Marius Gersbeck,M. Gersbeck,1995-06-20,99.13,29.31,17.42,1,1,0,36.0,36.0,24.0,66.67,0.0,0.0,5.65,3.6,28.0,28.0,17.0,60.71,0.0,0.0,,27.0,6.0,6.0,2.0,2.0,1.0,0.0,0.0,0.0,,33.33,50.0,0.0,0.0,0.0,0.0,0.0,0.0,,0.0,0.0,,0.0,0.0,,0.0,
1212,2. Bundesliga (DE),7086,Marvin Marcel  Schulz,M. Schulz,1995-01-15,57.59,14.87,14.59,24,23,1,385.0,16.74,10.43,62.34,2.22,0.26,5.29,1.32,243.0,10.57,6.87,65.02,1.87,0.83,44.19,7.22,82.0,3.57,1.74,2.0,1.04,1.04,0.74,0.3,41.18,48.78,52.17,0.57,1.09,0.17,0.65,0.26,0.17,66.67,2.87,0.39,13.64,3.83,0.87,22.73,0.87,22.73
1212,2. Bundesliga (DE),7268,Matthias Zimmermann,M. Zimmermann,1992-06-16,54.22,14.48,15.13,23,22,1,488.0,22.18,15.45,69.67,1.64,0.09,3.43,1.23,338.0,15.36,11.59,75.45,1.27,0.77,60.72,13.23,50.0,2.27,1.68,1.59,1.23,0.41,0.27,0.14,50.0,74.0,77.14,0.0,1.86,0.09,0.14,0.05,0.0,0.0,1.95,0.36,18.61,2.64,0.5,18.97,0.14,5.17
1212,2. Bundesliga (DE),8108,Noah Joel Sarenren Bazee,N. Sarenren Bazee,1996-08-21,44.4,10.87,11.6,25,25,0,211.0,8.44,3.48,41.23,1.52,0.28,5.75,1.54,131.0,5.24,2.56,48.85,1.28,0.52,40.62,2.88,55.0,2.2,0.76,1.32,0.28,0.68,0.48,0.08,16.67,34.55,21.21,0.04,0.44,0.44,0.24,0.08,0.0,0.0,1.56,0.12,7.69,2.76,0.48,17.39,0.44,15.94
1212,2. Bundesliga (DE),8484,Paul Seguin,P. Seguin,1995-03-29,95.27,25.64,24.88,25,25,0,1187.0,47.48,38.28,80.62,2.72,0.28,4.94,1.64,759.0,30.36,26.2,86.3,0.88,0.52,59.09,26.16,235.0,9.4,8.12,3.8,3.16,1.0,0.72,0.56,77.78,86.38,83.16,0.72,0.88,0.04,0.24,0.28,0.2,71.43,1.6,0.08,5.0,2.88,0.56,19.44,0.08,2.78
1212,2. Bundesliga (DE),9159,Robin Knoche,R. Knoche,1992-05-22,70.61,17.13,17.25,23,23,0,771.0,33.52,27.57,82.23,1.09,0.17,4.95,1.73,454.0,19.74,17.26,87.44,0.13,0.09,66.67,18.65,152.0,6.61,5.52,3.04,2.74,0.43,0.04,0.04,100.0,83.55,90.0,0.0,0.22,0.04,0.04,0.17,0.13,75.0,0.22,0.04,20.0,0.43,0.26,60.0,0.04,10.0
1212,2. Bundesliga (DE),9648,Sebastian Jung,S. Jung,1990-06-22,81.18,21.16,24.3,28,28,0,831.0,29.68,21.39,72.08,2.0,0.21,3.17,1.11,599.0,21.39,16.11,75.29,1.32,0.86,64.87,20.04,102.0,3.64,2.39,1.89,1.32,0.68,0.43,0.25,58.33,65.69,69.81,0.07,1.39,0.14,0.11,0.11,0.04,33.33,2.0,0.36,17.86,3.0,0.5,16.67,0.04,1.19
1212,2. Bundesliga (DE),9664,Sebastian Polter,S. Polter,1991-04-01,22.88,5.06,5.7,10,10,0,27.0,2.7,1.4,51.85,0.3,0.0,1.94,0.8,15.0,1.5,0.9,60.0,0.3,0.2,66.67,0.9,0.0,0.0,0.0,0.0,0.0,0.0,0.0,0.0,,,,0.2,0.5,0.2,0.0,0.0,0.0,,0.4,0.1,25.0,0.6,0.0,0.0,0.2,33.33
1212,2. Bundesliga (DE),9979,Stefan Kutschke,S. Kutschke,1988-11-03,23.15,5.72,5.15,23,23,0,68.0,2.96,1.57,52.94,0.43,0.09,3.37,0.78,38.0,1.65,0.83,50.0,0.17,0.13,75.0,0.74,11.0,0.48,0.22,0.26,0.09,0.26,0.22,0.09,40.0,45.45,33.33,0.22,0.13,0.04,0.0,0.0,0.0,,0.35,0.0,0.0,0.65,0.17,26.67,0.13,20.0
1212,2. Bundesliga (DE),10384,Timo Horn,T. Horn,1993-05-12,100.36,23.14,28.75,33,32,1,739.0,23.09,14.22,61.57,0.31,0.0,4.73,3.27,428.0,13.38,8.78,65.65,0.22,0.03,14.29,12.25,156.0,4.88,2.59,3.19,1.78,0.0,0.0,0.0,,53.21,55.88,0.0,0.0,0.0,0.0,0.19,0.12,66.67,0.44,0.19,42.86,0.66,0.19,28.57,0.0,0.0
1212,2. Bundesliga (DE),10725,Vincent Vermeij,V. Vermeij,1994-08-09,74.57,20.27,19.72,23,23,0,365.0,15.87,8.87,55.89,2.83,0.65,3.47,0.98,206.0,8.96,5.3,59.22,2.04,1.0,48.94,4.96,51.0,2.22,1.26,1.04,0.52,0.48,0.22,0.04,20.0,56.86,50.0,0.52,1.22,0.26,0.22,0.04,0.0,0.0,2.74,0.48,17.46,4.43,0.39,8.82,1.0,22.55
1212,2. Bundesliga (DE),11558,Deyovaisio Zeefuik,D. Zeefuik,1998-03-11,71.28,18.93,18.94,23,23,0,623.0,27.09,20.61,76.08,1.52,0.09,5.16,1.7,427.0,18.57,15.26,82.2,0.61,0.35,57.14,17.3,131.0,5.7,4.17,3.09,2.26,0.96,0.52,0.17,33.33,73.28,73.24,0.09,0.74,0.09,0.35,0.35,0.13,37.5,1.09,0.09,8.0,1.83,0.52,28.57,0.09,4.76
1212,2. Bundesliga (DE),11750,Diego Demme,D. Demme,1991-11-21,47.87,13.98,11.68,13,13,0,407.0,31.31,25.69,82.06,0.77,0.15,4.86,1.69,256.0,19.69,16.92,85.94,0.62,0.23,37.5,17.85,88.0,6.77,6.08,3.15,2.69,0.38,0.23,0.15,66.67,89.77,85.37,0.46,0.77,0.0,0.08,0.15,0.15,100.0,0.92,0.15,16.67,1.85,0.38,20.83,0.0,0.0
1212,2. Bundesliga (DE),12202,Moussa Sylla,M. Sylla,1999-11-25,80.46,17.57,21.19,29,29,0,458.0,15.79,7.69,48.69,3.79,0.38,4.71,1.15,287.0,9.9,4.62,46.69,2.59,0.9,34.67,5.14,84.0,2.9,1.31,1.9,0.66,1.07,1.03,0.24,23.33,45.24,34.54,0.83,1.55,0.69,0.52,0.1,0.03,33.33,3.21,0.28,8.6,5.86,0.86,14.71,2.31,39.41
1212,2. Bundesliga (DE),12227,Ibrahima Sissoko,I. Sissoko,1997-10-27,62.23,14.66,14.15,6,5,1,117.0,23.4,18.4,78.63,1.4,0.2,5.12,1.5,71.0,14.2,11.6,81.69,0.8,0.2,25.0,10.2,20.0,4.0,3.2,1.6,1.2,0.6,0.6,0.6,100.0,80.0,75.0,1.0,1.4,0.2,0.2,0.0,0.0,,1.4,0.2,14.29,2.2,0.6,27.27,0.0,0.0
1212,2. Bundesliga (DE),12658,Steven Skrzybski,S. Skrzybski,1992-11-18,65.88,17.93,16.76,20,19,1,482.0,25.37,15.26,60.17,3.16,0.32,4.22,1.27,331.0,17.42,10.84,62.24,2.53,0.95,37.5,12.74,79.0,4.16,2.21,2.58,1.21,1.58,1.0,0.37,36.84,53.16,46.94,0.84,1.47,0.32,0.21,0.16,0.05,33.33,3.32,0.53,15.87,5.79,1.74,30.0,1.0,17.27
1212,2. Bundesliga (DE),12748,Dženis Burnić,D. Burnić,1998-05-22,71.2,18.39,20.59,31,31,0,997.0,32.16,25.26,78.54,2.06,0.23,3.51,1.17,692.0,22.32,18.58,83.24,1.29,0.58,45.0,18.29,119.0,3.84,2.94,1.97,1.42,0.77,0.52,0.35,68.75,76.47,72.13,0.58,1.61,0.06,0.16,0.13,0.03,25.0,1.87,0.19,10.35,3.16,0.45,14.29,0.26,8.16
1212,2. Bundesliga (DE),12791,Paul Will,P. Will,1999-03-01,82.39,19.76,21.85,20,19,1,634.0,33.37,26.11,78.23,1.79,0.05,3.26,1.2,386.0,20.32,17.79,87.57,0.47,0.42,88.89,16.21,82.0,4.32,3.42,1.37,0.89,0.37,0.05,0.0,0.0,79.27,65.39,0.32,0.32,0.05,0.32,0.11,0.05,50.0,1.0,0.21,21.05,2.05,0.53,25.64,0.05,2.56
1212,2. Bundesliga (DE),12921,Mahir Madatov Emreli,M. Emreli,1997-07-01,36.72,9.03,9.26,12,12,0,141.0,11.75,7.42,63.12,1.0,0.08,5.4,1.56,98.0,8.17,5.25,64.29,0.92,0.17,18.18,5.92,37.0,3.08,1.92,0.75,0.33,0.75,0.33,0.17,50.0,62.16,44.45,0.33,1.17,0.17,0.25,0.17,0.08,50.0,1.33,0.25,18.75,2.17,0.33,15.38,0.58,26.92
1212,2. Bundesliga (DE),13029,Jón Dagur Thorsteinsson,J. Thorsteinsson,1998-11-26,50.83,12.42,13.46,10,10,0,154.0,15.4,8.2,53.25,2.6,0.2,5.98,1.62,101.0,10.1,5.8,57.43,1.6,0.8,50.0,7.2,37.0,3.7,1.9,2.4,1.2,0.5,0.3,0.3,100.0,51.35,50.0,0.6,0.8,0.4,0.2,0.1,0.0,0.0,1.8,0.3,16.67,3.1,0.3,9.68,0.4,12.9
1212,2. Bundesliga (DE),13303,Stefan Schwab,S. Schwab,1990-09-27,36.62,9.16,9.35,24,23,1,347.0,15.09,9.87,65.42,1.09,0.13,4.28,1.39,226.0,9.83,7.09,72.13,0.87,0.43,50.0,8.0,57.0,2.48,1.78,1.35,0.87,0.48,0.35,0.13,37.5,71.93,64.52,0.43,0.74,0.13,0.0,0.22,0.17,80.0,1.26,0.17,13.79,1.87,0.22,11.63,0.39,20.93
1212,2. Bundesliga (DE),13308,Dejan Ljubičić,D. Ljubičić,1997-10-08,84.01,22.05,20.51,15,15,0,373.0,24.87,16.87,67.83,5.2,0.8,4.55,1.21,241.0,16.07,11.53,71.79,3.4,1.73,50.98,11.0,69.0,4.6,3.0,2.67,1.53,1.6,1.13,0.47,41.18,65.22,57.5,0.6,2.33,0.47,0.47,0.13,0.13,100.0,4.8,0.87,18.06,6.73,0.93,13.86,1.6,23.76
1212,2. Bundesliga (DE),13482,Ron-Torben Hoffmann,R. Hoffmann,1999-04-04,101.6,23.62,28.2,32,32,0,965.0,30.16,18.72,62.07,0.22,0.0,4.4,2.9,583.0,18.22,11.97,65.69,0.22,0.06,28.57,16.53,183.0,5.72,2.97,3.56,2.03,0.0,0.0,0.0,,51.91,57.02,0.0,0.0,0.0,0.0,0.12,0.09,75.0,0.31,0.03,10.0,0.41,0.19,46.15,0.0,0.0
1212,2. Bundesliga (DE),13547,Oliver Olsen,O. Olsen,2000-08-13,76.19,17.92,21.59,14,14,0,401.0,28.64,20.07,70.07,1.43,0.14,4.47,1.41,279.0,19.93,14.86,74.55,0.64,0.21,33.33,18.36,70.0,5.0,3.07,3.36,1.86,1.43,1.0,0.5,50.0,61.43,55.32,0.14,1.57,0.07,0.14,0.64,0.29,44.44,0.86,0.07,8.33,2.07,0.57,27.59,0.07,3.45
1212,2. Bundesliga (DE),13608,Raphael Obermair,R. Obermair,1996-04-01,99.1,27.96,23.98,28,28,0,1220.0,43.57,30.25,69.43,4.29,0.46,6.2,1.88,889.0,31.75,23.64,74.47,1.36,0.79,57.9,29.36,332.0,11.86,7.93,7.86,4.89,2.0,1.46,0.57,39.02,66.87,62.27,0.25,2.61,0.29,1.61,1.43,0.57,40.0,1.96,0.43,21.82,3.21,0.71,22.22,0.43,13.33
1212,2. Bundesliga (DE),13742,Raoul Petretta,R. Petretta,1997-03-24,54.23,15.72,11.25,10,10,0,242.0,24.2,17.9,73.97,1.4,0.1,4.65,1.59,180.0,18.0,14.5,80.56,0.8,0.3,37.5,17.2,44.0,4.4,3.2,2.5,2.1,1.2,0.5,0.5,100.0,72.73,84.0,0.0,1.0,0.2,0.0,0.2,0.0,0.0,1.3,0.0,0.0,2.1,0.3,14.29,0.3,14.29
1212,2. Bundesliga (DE),14132,Jacob Rasmussen,J. Rasmussen,1997-05-28,84.68,21.84,23.28,12,11,1,500.0,45.45,37.91,83.4,0.82,0.09,3.62,1.47,320.0,29.09,26.36,90.63,0.36,0.18,50.0,27.09,76.0,6.91,5.82,2.82,2.36,1.18,0.09,0.09,100.0,84.21,83.87,0.0,0.73,0.0,0.0,0.27,0.09,33.33,0.36,0.0,0.0,0.55,0.27,50.0,0.0,0.0
1212,2. Bundesliga (DE),14270,Tim Handwerker,T. Handwerker,1998-05-19,84.07,20.32,21.92,23,23,0,847.0,36.83,26.61,72.26,1.78,0.26,3.75,1.4,564.0,24.52,18.61,75.89,1.35,0.57,41.94,22.0,132.0,5.74,4.13,3.26,2.26,0.74,0.52,0.22,41.67,71.97,69.33,0.17,2.39,0.04,0.0,0.3,0.13,42.86,1.83,0.17,9.52,3.04,0.61,20.0,0.3,10.0
1212,2. Bundesliga (DE),14274,Pelle  Boevink,P. Boevink,1998-01-06,101.1,22.25,28.54,9,9,0,293.0,32.56,19.11,58.71,0.22,0.0,3.85,2.64,174.0,19.33,12.33,63.79,0.33,0.11,33.33,18.56,43.0,4.78,3.0,1.78,1.22,0.0,0.0,0.0,,62.79,68.75,0.0,0.0,0.0,0.0,0.22,0.22,100.0,0.44,0.11,25.0,0.78,0.44,57.14,0.0,0.0
1212,2. Bundesliga (DE),14381,Matúš Bero,M. Bero,1995-09-06,84.59,19.25,23.38,23,23,0,775.0,33.7,24.22,71.87,2.83,0.26,3.72,1.17,463.0,20.13,15.09,74.95,1.52,0.52,34.29,16.13,124.0,5.39,3.87,2.26,1.52,1.3,0.57,0.43,76.92,71.77,67.31,0.96,2.17,0.3,0.13,0.13,0.09,66.67,2.52,0.3,12.07,4.17,0.96,22.92,0.43,10.42
1212,2. Bundesliga (DE),14716,Silas Gnaka,S. Gnaka,1998-12-18,70.34,21.29,17.38,28,27,1,838.0,31.04,25.52,82.22,2.11,0.11,4.16,1.51,562.0,20.81,18.07,86.83,0.44,0.15,33.33,17.41,138.0,5.11,4.37,1.52,1.07,0.41,0.22,0.15,66.67,85.51,70.73,1.0,0.52,0.19,0.22,0.07,0.07,100.0,1.07,0.15,13.79,2.3,0.3,12.9,0.22,9.68
1212,2. Bundesliga (DE),14747,Aleksandar Vukotić,A. Vukotić,1995-07-22,60.96,15.69,16.28,29,28,1,821.0,29.32,23.89,81.49,0.86,0.14,3.02,1.4,558.0,19.93,17.68,88.71,0.11,0.07,66.67,19.18,74.0,2.64,1.96,1.21,1.0,0.29,0.07,0.07,100.0,74.32,82.35,0.0,0.11,0.0,0.0,0.18,0.14,80.0,0.25,0.07,28.57,0.32,0.07,22.22,0.0,0.0
1212,2. Bundesliga (DE),15183,Sotiris Alexandropoulos,S. Alexandropoulos,2001-11-26,48.33,12.62,13.73,20,19,1,384.0,20.21,14.11,69.79,1.47,0.05,5.92,1.69,256.0,13.47,10.0,74.22,0.89,0.26,29.41,10.68,94.0,4.95,3.47,2.42,1.47,0.89,0.68,0.37,53.85,70.21,60.87,0.68,0.74,0.0,0.37,0.42,0.16,37.5,1.74,0.11,6.06,2.47,0.37,14.89,0.16,6.38
1212,2. Bundesliga (DE),15719,Agustín Maximiliano Rogel Paita,Agustín Rogel,1997-10-17,4.86,0.57,0.94,1,1,0,0.0,0.0,0.0,,0.0,0.0,,,0.0,0.0,0.0,,0.0,0.0,,0.0,0.0,0.0,0.0,0.0,0.0,0.0,0.0,0.0,,,,0.0,0.0,0.0,0.0,0.0,0.0,,0.0,0.0,,0.0,0.0,,0.0,
1212,2. Bundesliga (DE),16291,Sam Schreck,S. Schreck,1999-01-29,45.52,11.31,11.0,11,11,0,232.0,21.09,17.0,80.61,1.18,0.09,3.83,1.14,142.0,12.91,11.0,85.21,0.64,0.27,42.86,10.27,33.0,3.0,2.27,1.55,1.18,1.09,0.64,0.36,57.14,75.76,76.47,0.27,0.82,0.0,0.18,0.27,0.09,33.33,1.36,0.27,20.0,1.82,0.36,20.0,0.09,5.0
1212,2. Bundesliga (DE),16325,Julian Krahl,J. Krahl,2000-01-22,100.67,24.08,28.01,32,30,2,808.0,26.93,15.83,58.79,0.13,0.0,4.65,2.78,448.0,14.93,9.13,61.16,0.17,0.0,0.0,14.47,167.0,5.57,3.33,3.27,2.0,0.0,0.0,0.0,,59.88,61.22,0.0,0.0,0.0,0.0,0.1,0.07,66.67,0.43,0.1,23.08,0.67,0.17,25.0,0.0,0.0
1212,2. Bundesliga (DE),16337,Nikola Katić,N. Katić,1996-10-10,98.21,20.96,25.92,25,25,0,1012.0,40.48,29.24,72.23,1.92,0.16,4.5,1.65,533.0,21.32,18.44,86.49,0.08,0.04,50.0,20.4,200.0,8.0,6.28,3.48,3.0,0.8,0.12,0.08,66.67,78.5,86.21,0.0,0.16,0.04,0.08,0.6,0.28,46.67,0.12,0.0,0.0,0.56,0.2,35.71,0.04,7.14
1212,2. Bundesliga (DE),16847,Erhan Mašović,E. Mašović,1998-11-22,69.38,15.93,20.66,13,13,0,388.0,29.85,24.38,81.7,0.54,0.08,4.28,1.53,259.0,19.92,17.85,89.58,0.23,0.15,66.67,18.92,68.0,5.23,4.15,2.23,2.0,0.38,0.0,0.0,,79.41,89.66,0.23,0.38,0.0,0.0,0.15,0.15,100.0,0.23,0.0,0.0,0.54,0.15,28.57,0.0,0.0
1212,2. Bundesliga (DE),17283,Naatan Skyttä,N. Skyttä,2002-05-07,80.23,19.66,21.92,32,29,3,818.0,28.21,18.79,66.63,4.41,0.76,6.71,1.79,513.0,17.69,12.38,69.98,2.9,1.24,42.86,13.41,226.0,7.79,5.38,4.83,3.28,1.79,1.34,0.72,53.85,69.03,67.86,1.28,4.31,0.62,1.21,0.45,0.34,76.92,3.72,0.38,10.19,5.66,1.14,20.12,1.07,18.9
1212,2. Bundesliga (DE),17390,Virgil-Eugen Ghiţă,V. Ghiţă,1998-06-04,86.47,26.55,20.46,29,29,0,1472.0,50.76,41.9,82.54,1.62,0.07,4.36,1.65,979.0,33.76,29.0,85.9,0.28,0.1,37.5,32.0,255.0,8.79,7.24,5.14,4.21,0.79,0.45,0.45,100.0,82.35,81.88,0.07,0.14,0.03,0.0,0.24,0.14,57.14,0.83,0.1,12.5,1.28,0.41,32.43,0.14,10.81
1212,2. Bundesliga (DE),17481,Elhan Kastrati,E. Kastrati,1997-02-02,103.31,21.74,30.77,2,2,0,75.0,37.5,15.0,40.0,0.0,0.0,4.44,3.6,35.0,17.5,8.0,45.71,0.5,0.5,100.0,15.5,15.0,7.5,1.5,3.5,0.0,0.0,0.0,0.0,,20.0,0.0,0.0,0.0,0.0,0.0,0.0,0.0,,0.5,0.0,0.0,0.5,0.5,100.0,0.0,0.0
1212,2. Bundesliga (DE),18498,Ibrahim Sissoko,I. Sissoko,1995-11-27,28.63,7.68,5.49,5,5,0,32.0,6.4,4.0,62.5,1.6,0.0,5.7,1.52,16.0,3.2,2.4,75.0,0.6,0.4,66.67,2.0,5.0,1.0,0.4,0.8,0.4,0.4,0.4,0.2,50.0,40.0,50.0,0.0,0.6,0.2,0.2,0.0,0.0,,1.0,0.0,0.0,1.6,0.4,25.0,0.8,50.0
1212,2. Bundesliga (DE),18586,Dennis Srbeny,D. Srbeny,1994-05-05,37.89,8.56,10.6,20,20,0,236.0,11.8,6.8,57.63,1.7,0.55,4.72,1.24,137.0,6.85,4.1,59.85,0.95,0.45,47.37,3.85,43.0,2.15,1.35,1.5,0.9,0.5,0.4,0.25,62.5,62.79,60.0,0.55,0.8,0.2,0.15,0.0,0.0,,1.75,0.2,11.43,2.75,0.45,16.36,0.65,23.64
1212,2. Bundesliga (DE),18700,Toni Leistner,T. Leistner,1990-08-19,85.22,21.91,23.29,25,25,0,998.0,39.92,33.48,83.87,0.56,0.08,4.59,1.74,619.0,24.76,22.52,90.95,0.08,0.08,100.0,24.16,193.0,7.72,6.76,2.68,2.48,0.48,0.0,0.0,,87.57,92.54,0.12,0.04,0.0,0.0,0.28,0.16,57.14,0.2,0.0,0.0,0.44,0.12,27.27,0.08,18.18
1212,2. Bundesliga (DE),18860,Jordy  de Wijs,J. de Wijs,1995-01-08,20.62,4.26,5.39,8,7,1,47.0,6.71,5.14,76.6,0.43,0.14,3.04,1.05,22.0,3.14,2.86,90.91,0.0,0.0,,3.29,5.0,0.71,0.57,0.43,0.43,0.14,0.0,0.0,,80.0,100.0,0.0,0.0,0.0,0.14,0.0,0.0,,0.0,0.0,,0.0,0.0,,0.0,
1212,2. Bundesliga (DE),19097,Josip Brekalo,J. Brekalo,1998-06-23,75.46,21.49,19.1,11,11,0,370.0,33.64,20.09,59.73,4.45,0.45,7.11,1.84,262.0,23.82,14.73,61.83,3.45,1.64,47.37,17.18,104.0,9.45,5.36,4.82,2.18,1.91,1.64,0.64,38.89,56.73,45.28,0.64,2.73,0.18,1.73,1.0,0.18,18.18,5.27,0.82,15.52,7.64,1.18,15.48,1.55,20.24
1212,2. Bundesliga (DE),19103,Gian-Luca Itter,L. Itter,1999-01-05,79.66,18.73,21.96,17,15,2,533.0,35.53,25.73,72.42,1.4,0.2,3.88,1.25,355.0,23.67,18.67,78.87,1.53,0.73,47.83,21.8,80.0,5.33,2.87,3.47,2.07,1.0,0.67,0.47,70.0,53.75,59.62,0.07,1.67,0.2,0.2,0.6,0.13,22.22,2.0,0.0,0.0,2.53,0.67,26.32,0.33,13.16
1212,2. Bundesliga (DE),19116,Marcel Sobottka,M. Sobottka,1994-04-25,23.3,5.21,7.04,2,2,0,16.0,8.0,5.0,62.5,0.5,0.0,6.33,1.57,7.0,3.5,2.0,57.14,0.5,0.0,0.0,3.0,4.0,2.0,1.0,1.0,0.5,0.5,0.5,0.0,0.0,50.0,50.0,0.5,0.5,0.0,0.5,0.0,0.0,,1.0,0.0,0.0,1.5,0.5,33.33,0.0,0.0
1212,2. Bundesliga (DE),19127,Michaël Cuisance,M. Cuisance,1999-08-16,88.18,23.21,23.95,31,31,0,1004.0,32.39,21.23,65.54,3.48,0.29,6.93,1.98,698.0,22.52,15.39,68.34,2.97,1.35,45.65,15.94,321.0,10.35,6.48,4.84,2.42,1.71,1.29,0.45,35.0,62.62,50.0,1.65,3.06,0.42,0.77,0.48,0.16,33.33,3.87,0.68,17.5,6.29,1.45,23.08,0.58,9.23
1212,2. Bundesliga (DE),19161,Florent Muslija,F. Muslija,1998-07-06,92.28,25.25,25.62,28,27,1,1134.0,42.0,28.78,68.52,4.7,0.33,7.93,2.45,794.0,29.41,21.0,71.41,2.59,1.48,57.14,23.07,384.0,14.22,9.22,7.26,4.19,1.89,1.22,0.63,51.52,64.84,57.65,1.15,1.41,0.22,1.07,1.22,0.7,57.57,4.07,0.93,22.73,6.33,1.26,19.88,0.93,14.62
1212,2. Bundesliga (DE),19176,Gerrit Holtmann,G. Holtmann,1995-03-25,68.18,15.82,19.55,24,23,1,523.0,22.74,13.35,58.7,5.0,0.26,8.49,2.11,362.0,15.74,9.52,60.5,2.17,1.22,56.0,12.74,173.0,7.52,3.74,5.35,2.22,2.57,2.26,0.74,32.69,49.71,41.46,0.3,1.48,0.35,1.78,0.7,0.22,31.25,2.7,0.65,24.19,4.87,0.91,18.75,0.96,19.64
1212,2. Bundesliga (DE),19180,Marco Richter,M. Richter,1997-11-24,79.81,21.42,20.42,30,29,1,883.0,30.45,17.93,58.89,4.52,0.52,4.75,1.45,624.0,21.52,13.45,62.5,2.59,1.1,42.67,15.79,164.0,5.66,2.86,2.79,1.14,1.03,0.69,0.24,35.0,50.61,40.74,1.07,2.14,0.48,0.59,0.28,0.14,50.0,3.59,0.55,15.38,6.62,1.07,16.15,1.52,22.92
1212,2. Bundesliga (DE),19183,Simon Asta,S. Asta,2001-01-25,54.12,13.78,14.95,15,15,0,248.0,16.53,10.8,65.32,1.0,0.13,4.84,1.43,162.0,10.8,7.33,67.9,1.13,0.53,47.06,9.47,40.0,2.67,1.27,1.87,0.87,0.87,0.67,0.27,40.0,47.5,46.43,0.0,1.87,0.2,0.33,0.13,0.0,0.0,1.47,0.2,13.64,2.67,0.73,27.5,0.4,15.0
1212,2. Bundesliga (DE),19184,Romario Rösch,R. Rösch,1999-07-01,49.75,11.94,12.22,5,5,0,102.0,20.4,14.4,70.59,1.4,0.2,5.64,1.68,72.0,14.4,11.0,76.39,1.4,1.0,71.43,13.0,25.0,5.0,4.0,2.8,2.2,0.4,0.2,0.0,0.0,80.0,78.57,0.0,1.2,0.0,0.0,0.0,0.0,,1.8,0.0,0.0,3.0,0.2,6.67,0.2,6.67
1212,2. Bundesliga (DE),19226,Daniel Mesenhöler,D. Mesenhöler,1995-07-24,96.02,31.31,28.05,1,1,0,65.0,65.0,41.0,63.08,0.0,0.0,2.65,2.25,52.0,52.0,34.0,65.38,1.0,1.0,100.0,52.0,2.0,2.0,2.0,1.0,1.0,0.0,0.0,0.0,,100.0,100.0,0.0,0.0,0.0,0.0,0.0,0.0,,4.0,2.0,50.0,5.0,3.0,60.0,0.0,0.0
1212,2. Bundesliga (DE),19230,Philipp Ziereis,P. Ziereis,1993-03-14,91.25,20.73,25.71,29,28,1,1044.0,37.29,30.43,81.61,0.68,0.04,3.12,1.37,663.0,23.68,21.61,91.25,0.04,0.04,100.0,22.5,104.0,3.71,2.79,1.54,1.32,0.29,0.0,0.0,,75.0,86.05,0.04,0.0,0.0,0.04,0.21,0.14,66.67,0.11,0.0,0.0,0.36,0.04,10.0,0.0,0.0
1212,2. Bundesliga (DE),19232,Jeremy  Dudziak,J. Dudziak,1995-08-28,38.64,11.79,8.53,10,10,0,151.0,15.1,11.2,74.17,2.0,0.2,5.75,1.62,97.0,9.7,7.4,76.29,2.3,1.3,56.52,5.5,31.0,3.1,2.2,1.4,0.7,0.7,0.3,0.1,33.33,70.97,50.0,0.7,1.8,0.8,0.8,0.2,0.1,50.0,2.9,0.2,6.9,4.2,0.3,7.14,0.8,19.05
1212,2. Bundesliga (DE),19241,Robin Himmelmann,R. Himmelmann,1989-02-05,103.92,28.53,27.73,1,1,0,32.0,32.0,21.0,65.62,1.0,0.0,4.67,2.72,21.0,21.0,14.0,66.67,0.0,0.0,,21.0,6.0,6.0,3.0,3.0,2.0,0.0,0.0,0.0,,50.0,66.67,0.0,0.0,0.0,0.0,0.0,0.0,,0.0,0.0,,0.0,0.0,,0.0,
1212,2. Bundesliga (DE),19250,Maximilian Wittek,M. Wittek,1995-08-21,91.99,21.26,25.55,28,27,1,1076.0,39.85,29.26,73.42,3.11,0.33,3.95,1.3,731.0,27.07,21.26,78.52,1.19,0.52,43.75,25.0,157.0,5.81,4.19,3.78,2.78,1.19,0.96,0.59,61.54,71.97,73.53,0.04,1.11,0.15,0.04,0.26,0.19,71.43,1.59,0.22,13.95,2.74,0.7,25.68,0.26,9.46
1212,2. Bundesliga (DE),19257,Fabian Reese,F. Reese,1997-11-29,93.15,24.75,24.98,33,33,0,1093.0,33.12,18.18,54.89,5.94,0.61,6.66,1.82,776.0,23.52,12.97,55.15,3.27,1.58,48.15,18.61,325.0,9.85,4.61,6.7,2.7,2.61,2.27,0.79,34.67,46.77,40.27,0.52,2.36,0.82,1.3,0.67,0.18,27.27,4.39,0.48,11.03,7.61,1.64,21.51,1.64,21.51
1212,2. Bundesliga (DE),19261,Paul Jaeckel,P. Jaeckel,1998-07-22,96.49,25.17,24.44,28,27,1,1660.0,61.48,54.74,89.04,0.81,0.04,3.04,1.3,1180.0,43.7,41.0,93.81,0.48,0.26,53.85,41.7,171.0,6.33,5.19,2.56,2.0,1.07,0.26,0.11,42.86,81.87,78.26,0.04,0.33,0.04,0.04,0.3,0.19,62.5,0.85,0.07,8.69,1.3,0.33,25.71,0.07,5.71
1212,2. Bundesliga (DE),19266,Maximilian Bauer,M. Bauer,2000-02-09,94.8,23.19,22.86,17,17,0,707.0,41.59,33.82,81.33,1.76,0.12,4.37,1.69,466.0,27.41,24.41,89.05,0.12,0.0,0.0,25.29,118.0,6.94,6.06,3.53,3.24,0.29,0.18,0.12,66.67,87.29,91.67,0.12,0.0,0.24,0.0,0.47,0.24,50.0,0.18,0.0,0.0,0.29,0.06,20.0,0.06,20.0
1212,2. Bundesliga (DE),19273,Jan Gyamerah,J. Gyamerah,1995-06-18,77.23,22.52,18.29,28,28,0,1067.0,38.11,29.57,77.6,2.46,0.21,6.2,2.06,728.0,26.0,20.86,80.22,1.57,0.54,34.09,25.0,286.0,10.21,7.82,4.18,3.0,1.43,0.61,0.32,52.94,76.57,71.79,0.11,1.93,0.07,0.82,0.68,0.39,57.9,2.36,0.36,15.15,3.0,0.68,22.62,0.04,1.19
1212,2. Bundesliga (DE),19280,Tom Baack,T. Baack,1999-03-13,52.8,13.87,15.07,20,20,0,385.0,19.25,13.95,72.47,1.25,0.25,3.75,1.15,246.0,12.3,9.45,76.83,1.05,0.5,47.62,9.5,59.0,2.95,1.8,1.6,0.95,0.7,0.45,0.15,33.33,61.02,59.38,0.25,1.6,0.05,0.05,0.0,0.0,,2.0,0.45,22.5,3.1,0.65,20.97,0.15,4.84
1212,2. Bundesliga (DE),19287,Joshua Mees,J. Mees,1996-04-15,64.74,17.3,16.75,16,16,0,303.0,18.94,11.88,62.71,2.44,0.25,4.98,1.28,221.0,13.81,8.81,63.8,2.88,1.06,36.96,8.44,58.0,3.62,1.69,2.62,0.94,1.0,0.88,0.31,35.71,46.55,35.71,2.75,1.56,0.31,0.88,0.12,0.06,50.0,4.19,0.5,11.94,6.69,1.12,16.82,1.19,17.76
1212,2. Bundesliga (DE),19290,Kenny Prince Redondo,K. Redondo,1994-08-29,40.68,10.03,11.62,14,13,1,199.0,15.31,8.85,57.79,1.46,0.15,5.31,1.67,120.0,9.23,5.92,64.17,1.08,0.23,21.43,7.0,39.0,3.0,1.46,1.77,0.77,0.62,0.62,0.23,37.5,48.72,43.48,0.38,0.69,0.54,0.15,0.23,0.08,33.33,1.85,0.15,8.33,3.31,0.54,16.28,0.31,9.3
1212,2. Bundesliga (DE),19294,Christopher Lenz,C. Lenz,1994-09-22,43.52,11.78,11.53,17,17,0,323.0,19.0,13.06,68.73,1.82,0.24,4.33,1.35,214.0,12.59,8.88,70.56,0.71,0.41,58.33,10.59,53.0,3.12,2.18,1.65,0.94,0.82,0.65,0.29,45.45,69.81,57.14,0.06,0.59,0.18,0.12,0.29,0.06,20.0,1.35,0.0,0.0,2.12,0.41,19.44,0.18,8.33
1212,2. Bundesliga (DE),19309,Matthias Bader,M. Bader,1997-06-17,24.01,5.46,6.59,11,10,1,79.0,7.9,4.5,56.96,0.4,0.0,7.29,1.86,46.0,4.6,2.7,58.69,0.3,0.1,33.33,3.7,25.0,2.5,1.4,1.7,0.9,0.7,0.5,0.5,100.0,56.0,52.94,0.1,0.4,0.1,0.3,0.2,0.1,50.0,0.4,0.0,0.0,0.7,0.3,42.86,0.1,14.29
1212,2. Bundesliga (DE),19310,Niklas Hauptmann,N. Hauptmann,1996-06-27,76.24,20.3,21.17,30,30,0,654.0,21.8,12.8,58.72,3.0,0.57,7.06,1.77,397.0,13.23,7.97,60.2,2.6,0.93,35.9,8.5,193.0,6.43,3.83,3.5,1.83,1.67,1.17,0.53,45.71,59.59,52.38,1.57,1.2,0.67,0.83,0.3,0.17,55.56,3.5,0.47,13.33,5.57,1.1,19.76,0.73,13.17
1212,2. Bundesliga (DE),19317,Emmanuel Iyoha,E. Iyoha,1997-10-11,79.71,21.75,21.73,25,23,2,653.0,28.39,18.35,64.62,3.3,0.22,6.79,1.91,431.0,18.74,12.87,68.68,2.09,1.0,47.92,15.04,219.0,9.52,6.0,4.17,2.3,1.96,1.0,0.35,34.78,63.01,55.21,0.3,1.52,0.09,1.26,0.48,0.26,54.55,3.0,0.57,18.84,4.52,0.7,15.38,0.39,8.65
1212,2. Bundesliga (DE),19324,Nicolai Rapp,N. Rapp,1996-12-13,80.76,21.33,22.8,24,24,0,971.0,40.46,33.54,82.9,1.12,0.12,3.05,1.46,658.0,27.42,24.71,90.12,0.38,0.17,44.44,24.83,94.0,3.92,3.5,1.62,1.42,0.17,0.04,0.0,0.0,89.36,87.18,0.25,0.17,0.0,0.0,0.38,0.29,77.78,0.75,0.17,22.22,1.33,0.25,18.75,0.0,0.0
1212,2. Bundesliga (DE),19370,Moritz-Broni Kwarteng,M. Kwarteng,1998-04-28,29.56,7.0,8.15,18,17,1,182.0,10.71,6.24,58.24,2.06,0.24,6.8,1.79,120.0,7.06,4.29,60.83,1.35,0.41,30.43,4.71,53.0,3.12,1.94,1.65,0.94,0.82,0.53,0.29,55.56,62.27,57.14,0.18,0.53,0.29,0.71,0.24,0.0,0.0,1.53,0.24,15.38,2.35,0.18,7.5,0.41,17.5
1212,2. Bundesliga (DE),19371,Stephan Kofi Ambrosius,S. Ambrosius,1998-12-18,75.69,20.18,22.04,12,12,0,453.0,37.75,29.75,78.81,1.08,0.17,4.14,1.59,304.0,25.33,21.5,84.87,0.25,0.08,33.33,24.25,73.0,6.08,4.25,3.08,2.17,0.67,0.42,0.25,60.0,69.86,70.27,0.08,0.25,0.0,0.17,0.67,0.25,37.5,0.33,0.08,25.0,0.92,0.25,27.27,0.0,0.0
1212,2. Bundesliga (DE),19376,Morten Behrens,M. Behrens,1997-04-01,86.86,18.4,24.11,4,4,0,132.0,33.0,22.0,66.66,0.0,0.0,4.22,2.66,69.0,17.25,13.75,79.71,0.25,0.25,100.0,16.75,23.0,5.75,2.5,3.0,1.25,0.25,0.0,0.0,,43.48,41.67,0.0,0.0,0.0,0.0,0.25,0.25,100.0,0.5,0.0,0.0,1.0,0.75,75.0,0.0,0.0
1212,2. Bundesliga (DE),19378,Aaron Opoku,A. Opoku,1999-03-28,66.49,14.9,19.61,9,9,0,196.0,21.78,12.78,58.67,3.11,0.11,6.49,1.8,122.0,13.56,8.67,63.93,3.0,1.67,55.56,9.89,51.0,5.67,2.78,4.0,2.11,1.0,0.89,0.56,62.5,49.02,52.78,0.56,1.67,0.78,0.89,0.56,0.33,60.0,3.44,0.33,9.68,5.11,0.78,15.22,0.67,13.05
1212,2. Bundesliga (DE),19381,Patric Pfeiffer,P. Pfeiffer,1999-08-20,92.11,24.09,24.49,31,30,1,1590.0,53.0,41.3,77.92,1.87,0.13,3.57,1.38,1057.0,35.23,29.5,83.73,0.2,0.1,50.0,33.9,200.0,6.67,4.7,3.63,2.77,1.1,0.27,0.13,50.0,70.5,76.15,0.07,0.17,0.0,0.3,0.57,0.33,58.82,0.43,0.07,15.39,0.93,0.37,39.29,0.03,3.57
1212,2. Bundesliga (DE),19397,Barış-Fahri Atik,B. Atik,1995-01-09,94.79,28.75,22.71,33,32,1,1319.0,41.22,26.91,65.28,6.28,0.56,6.3,2.09,981.0,30.66,20.66,67.38,2.22,1.25,56.34,24.97,350.0,10.94,6.44,5.38,2.88,2.03,1.34,0.59,44.19,58.86,53.49,1.22,1.41,0.34,1.0,1.62,0.59,36.54,3.72,0.56,15.13,6.44,1.25,19.42,1.16,17.96
1212,2. Bundesliga (DE),19406,Marlon Ritter,M. Ritter,1994-10-15,70.0,17.0,19.74,31,28,3,625.0,22.32,12.71,56.96,2.96,0.39,3.9,1.29,392.0,14.0,8.36,59.69,1.82,0.68,37.25,11.32,104.0,3.71,2.04,2.11,1.14,0.71,0.57,0.21,37.5,54.81,54.24,0.46,1.18,0.43,0.5,0.29,0.21,75.0,2.32,0.11,4.62,3.46,0.86,24.74,0.75,21.65
1212,2. Bundesliga (DE),19409,Sven Michel,S. Michel,1990-07-15,35.06,10.38,7.46,27,27,0,285.0,10.56,5.07,48.07,2.37,0.15,4.6,1.28,187.0,6.93,3.44,49.73,1.33,0.63,47.22,4.07,57.0,2.11,1.04,1.11,0.44,0.33,0.26,0.07,28.57,49.12,40.0,0.37,0.52,0.19,0.22,0.07,0.04,50.0,2.07,0.22,10.72,3.19,0.33,10.46,0.78,24.42
1212,2. Bundesliga (DE),19418,Christopher Antwi-Adjei,C. Antwi-Adjei,1994-02-07,51.71,10.72,14.24,13,13,0,193.0,14.85,7.38,49.74,2.0,0.15,7.08,1.84,133.0,10.23,5.54,54.14,2.08,0.77,37.04,6.69,61.0,4.69,2.54,3.0,1.23,1.23,1.08,0.38,35.71,54.1,41.02,0.46,1.69,0.46,0.31,0.31,0.0,0.0,2.23,0.31,13.79,4.38,1.46,33.33,1.0,22.81
1212,2. Bundesliga (DE),19424,Lukas Boeder,L. Boeder,1997-04-18,77.7,19.35,20.97,22,22,0,932.0,42.36,33.86,79.94,1.73,0.14,3.98,1.54,590.0,26.82,23.09,86.1,0.41,0.27,66.67,24.73,140.0,6.36,5.55,4.09,3.5,0.82,0.45,0.32,70.0,87.14,85.56,0.14,0.59,0.18,0.0,0.32,0.18,57.14,0.73,0.0,0.0,1.14,0.41,36.0,0.14,12.0
1212,2. Bundesliga (DE),19447,Marcel Schuhen,M. Schuhen,1993-01-13,99.91,26.59,25.87,34,33,1,1027.0,31.12,22.3,71.67,0.42,0.09,4.24,2.83,647.0,19.61,15.21,77.59,0.21,0.09,42.86,19.21,163.0,4.94,3.06,2.7,1.55,0.03,0.03,0.03,100.0,61.96,57.3,0.0,0.0,0.0,0.0,0.06,0.03,50.0,0.42,0.06,14.29,0.73,0.24,33.33,0.0,0.0
1212,2. Bundesliga (DE),19449,Alexander Rossipal,A. Rossipal,1996-06-06,92.82,24.59,25.15,27,27,0,1235.0,45.74,33.52,73.28,2.63,0.41,3.13,1.19,871.0,32.26,24.93,77.27,1.63,0.89,54.55,29.22,132.0,4.89,3.37,2.96,2.04,1.0,0.59,0.33,56.25,68.94,68.75,0.04,1.63,0.11,0.19,0.37,0.19,50.0,2.44,0.41,16.67,3.96,1.04,26.17,0.26,6.54
1212,2. Bundesliga (DE),19454,Fabian Schleusener,F. Schleusener,1991-10-24,67.75,17.63,18.99,32,32,0,395.0,12.34,7.03,56.96,2.34,0.5,4.0,1.01,259.0,8.09,4.53,55.98,1.84,0.72,38.98,4.47,70.0,2.19,0.88,1.38,0.44,1.0,0.75,0.19,25.0,40.0,31.82,0.28,1.28,0.44,0.22,0.0,0.0,,2.41,0.41,16.88,3.94,0.69,17.46,0.84,21.43
1212,2. Bundesliga (DE),19465,Philipp Förster,P. Förster,1995-02-04,66.35,18.48,17.74,26,26,0,791.0,30.42,23.23,76.36,3.46,0.38,5.56,1.52,572.0,22.0,17.27,78.5,2.15,1.27,58.93,16.73,180.0,6.92,5.0,3.38,2.19,1.46,1.04,0.65,62.96,72.22,64.77,1.38,3.0,0.31,0.5,0.65,0.42,64.71,3.69,0.62,16.67,5.46,1.08,19.72,1.08,19.72
1212,2. Bundesliga (DE),19471,Timon Weiner,T. Weiner,1999-01-18,100.27,26.42,25.15,12,11,1,429.0,39.0,26.45,67.83,0.09,0.0,3.57,2.46,299.0,27.18,19.91,73.25,0.45,0.18,40.0,26.36,52.0,4.73,2.0,2.27,1.18,0.0,0.0,0.0,,42.31,52.0,0.0,0.0,0.0,0.0,0.27,0.18,66.67,1.0,0.27,27.27,1.27,0.09,7.14,0.0,0.0
1212,2. Bundesliga (DE),19472,Arne Sicker,A. Sicker,1997-04-17,58.05,14.93,13.33,17,17,0,514.0,30.24,21.18,70.04,2.88,0.12,4.93,1.51,324.0,19.06,14.29,75.0,0.94,0.47,50.0,17.24,99.0,5.82,3.82,3.47,2.12,1.35,0.88,0.47,53.33,65.66,61.02,0.0,2.35,0.06,0.35,0.35,0.12,33.33,1.18,0.0,0.0,1.88,0.35,18.75,0.29,15.62
1212,2. Bundesliga (DE),19483,Jannik Dehm,J. Dehm,1996-05-02,80.35,19.01,22.21,29,28,1,814.0,29.07,19.96,68.67,1.96,0.29,3.66,1.24,559.0,19.96,15.04,75.31,1.21,0.64,52.94,18.11,121.0,4.32,2.86,2.36,1.5,0.82,0.46,0.18,38.46,66.12,63.64,0.07,1.57,0.14,0.11,0.32,0.14,44.45,1.86,0.36,19.23,2.68,0.71,26.67,0.14,5.33
1212,2. Bundesliga (DE),19487,Jonas Meffert,J. Meffert,1994-09-04,94.94,24.58,23.77,17,16,1,727.0,45.44,39.12,86.11,1.69,0.25,3.14,1.2,438.0,27.38,24.62,89.95,1.19,0.88,73.68,21.62,67.0,4.19,3.75,1.31,1.06,0.12,0.06,0.0,0.0,89.55,80.95,0.19,0.62,0.06,0.0,0.19,0.06,33.33,2.19,0.31,14.29,2.94,0.81,27.66,0.12,4.26
1212,2. Bundesliga (DE),19492,Dominik Reimann,D. Reimann,1997-06-18,101.06,30.3,24.24,34,33,1,1714.0,51.94,38.06,73.28,0.36,0.09,3.93,2.8,1193.0,36.15,27.85,77.03,0.33,0.06,18.18,35.39,243.0,7.36,4.94,4.3,3.0,0.0,0.0,0.0,,67.08,69.72,0.0,0.0,0.0,0.0,0.27,0.12,44.44,0.73,0.27,37.5,1.0,0.27,27.27,0.0,0.0
1212,2. Bundesliga (DE),19493,Kevin Müller,K. Müller,1991-03-15,99.5,24.59,23.69,4,4,0,128.0,32.0,15.5,48.44,0.25,0.0,4.96,3.48,68.0,17.0,9.0,52.94,0.0,0.0,,16.25,21.0,5.25,2.75,2.25,1.25,0.25,0.0,0.0,,52.38,55.56,0.0,0.0,0.0,0.25,0.0,0.0,,0.0,0.0,,0.5,0.0,0.0,0.0,0.0
1212,2. Bundesliga (DE),19501,Kevin Sessa,K. Sessa,2000-07-06,39.88,11.14,10.03,21,21,0,304.0,14.48,10.9,75.33,1.14,0.05,5.1,1.43,201.0,9.57,7.71,80.6,0.48,0.29,60.0,7.9,57.0,2.71,1.9,1.67,1.1,0.62,0.38,0.14,37.5,70.18,65.71,0.38,0.71,0.05,0.19,0.05,0.0,0.0,1.0,0.24,23.81,1.29,0.14,11.11,0.19,14.82
1212,2. Bundesliga (DE),19520,Marvin Mehlem,M. Mehlem,1997-09-11,60.47,15.72,13.86,19,19,0,333.0,17.53,11.89,67.87,2.47,0.11,3.43,1.0,180.0,9.47,6.79,71.67,1.32,0.68,52.0,6.26,42.0,2.21,1.63,0.84,0.47,0.84,0.47,0.16,33.33,73.81,56.25,0.42,1.26,0.21,0.0,0.11,0.0,0.0,1.95,0.21,10.81,3.11,0.42,13.56,0.63,20.34
1212,2. Bundesliga (DE),19527,Marcel Franke,M. Franke,1993-04-05,96.75,24.84,28.55,29,29,0,1335.0,46.03,38.9,84.49,1.34,0.03,2.92,1.29,867.0,29.9,27.86,93.19,0.07,0.03,50.0,28.52,119.0,4.1,3.55,1.41,1.28,0.93,0.14,0.14,100.0,86.55,90.24,0.17,0.03,0.0,0.0,0.03,0.0,0.0,0.24,0.03,14.29,0.45,0.17,38.46,0.03,7.69
1212,2. Bundesliga (DE),19535,Tobias Müller,T. Müller,1994-07-08,83.66,25.32,19.61,25,24,1,1156.0,48.17,42.75,88.75,1.54,0.04,6.52,2.15,799.0,33.29,30.46,91.49,0.04,0.04,100.0,32.25,322.0,13.42,11.75,5.58,5.04,1.71,0.83,0.71,85.0,87.58,90.3,0.0,1.0,0.0,0.04,0.25,0.21,83.33,0.21,0.17,80.0,0.5,0.08,16.67,0.0,0.0
1212,2. Bundesliga (DE),19549,Rico Preißinger,R. Preißinger,1996-07-21,60.87,16.17,15.6,27,26,1,883.0,33.96,28.12,82.79,1.77,0.23,2.45,0.96,619.0,23.81,20.88,87.72,1.08,0.65,60.72,17.88,60.0,2.31,1.81,1.19,0.92,0.15,0.08,0.04,50.0,78.33,77.42,0.73,0.08,0.08,0.0,0.27,0.23,85.71,2.46,0.46,18.75,3.77,0.81,21.43,0.12,3.06
1212,2. Bundesliga (DE),19555,Mërgim Berisha,M. Berisha,1998-05-11,61.56,17.59,15.95,11,10,1,127.0,12.7,5.7,44.88,2.4,0.2,4.44,1.23,82.0,8.2,3.6,43.9,2.0,0.5,25.0,3.5,23.0,2.3,0.8,1.2,0.4,0.8,0.7,0.2,28.57,34.78,33.33,0.8,1.2,0.6,0.0,0.1,0.0,0.0,2.6,0.4,15.39,4.6,0.5,10.87,0.7,15.22
1212,2. Bundesliga (DE),20026,Łukasz Poręba,L. Poręba,2000-03-13,91.95,26.1,21.67,34,34,0,1428.0,42.0,33.68,80.18,3.18,0.24,3.77,1.33,894.0,26.29,22.41,85.23,0.38,0.18,46.15,22.85,183.0,5.38,4.5,2.21,1.82,0.74,0.32,0.29,90.91,83.61,82.67,0.82,0.44,0.06,0.09,0.35,0.12,33.33,1.09,0.15,13.51,2.38,0.44,18.52,0.35,14.82
1212,2. Bundesliga (DE),20143,Mikkel Kirkeskov Andersen,M. Kirkeskov,1991-09-05,62.42,15.06,16.5,19,18,1,465.0,25.83,20.0,77.42,0.94,0.06,2.28,1.04,323.0,17.94,14.56,81.11,1.44,1.17,80.77,15.89,29.0,1.61,1.33,0.67,0.56,0.39,0.11,0.06,50.0,82.76,83.33,0.0,0.56,0.0,0.0,0.06,0.0,0.0,1.94,0.28,14.29,2.78,0.44,16.0,0.11,4.0
1212,2. Bundesliga (DE),20197,Michael Obafemi,M. Obafemi,2000-07-06,23.36,5.73,6.13,2,1,1,4.0,4.0,2.0,50.0,1.0,0.0,14.28,3.82,3.0,3.0,1.0,33.33,0.0,0.0,,4.0,2.0,2.0,1.0,1.0,0.0,1.0,1.0,0.0,0.0,50.0,0.0,0.0,0.0,0.0,1.0,1.0,0.0,0.0,0.0,0.0,,0.0,0.0,,0.0,
1212,2. Bundesliga (DE),20243,Giovanni Haag,G. Haag,2000-05-30,23.65,5.27,6.44,3,3,0,27.0,9.0,7.0,77.78,0.33,0.0,6.96,2.28,14.0,4.67,3.67,78.57,0.0,0.0,,4.33,5.0,1.67,1.0,0.0,0.0,0.0,0.0,0.0,,60.0,,0.67,0.33,0.0,0.0,0.0,0.0,,0.0,0.0,,0.0,0.0,,0.0,
1212,2. Bundesliga (DE),22925,Benjamin Källman,B. Källman,1998-06-17,70.86,21.96,16.73,33,33,0,340.0,10.3,4.73,45.88,2.67,0.58,5.75,1.29,196.0,5.94,2.82,47.45,1.58,0.61,38.46,2.58,90.0,2.73,1.15,2.18,0.76,1.27,1.18,0.3,25.64,42.22,34.72,0.88,1.09,0.76,0.52,0.0,0.0,,1.85,0.12,6.56,3.45,0.97,28.07,1.3,37.72
1212,2. Bundesliga (DE),23133,Samuel Loric,S. Loric,2000-07-05,3.35,1.02,0.43,1,1,0,0.0,0.0,0.0,,0.0,0.0,,,0.0,0.0,0.0,,0.0,0.0,,0.0,0.0,0.0,0.0,0.0,0.0,0.0,0.0,0.0,,,,0.0,0.0,0.0,0.0,0.0,0.0,,0.0,0.0,,0.0,0.0,,0.0,
1212,2. Bundesliga (DE),23148,Bryan Lasme,B. Lasme,1998-11-14,27.77,5.83,7.26,11,11,0,76.0,6.91,3.27,47.37,1.09,0.18,6.11,1.58,50.0,4.55,2.0,44.0,1.27,0.18,14.28,2.18,24.0,2.18,0.64,1.64,0.55,0.82,0.73,0.18,25.0,29.17,33.33,0.09,0.64,0.45,0.18,0.09,0.0,0.0,1.27,0.0,0.0,2.36,0.64,26.92,0.45,19.23
1212,2. Bundesliga (DE),23167,Jean Hugonet,J. Hugonet,1999-11-24,78.63,23.16,19.39,24,24,0,1113.0,46.38,37.29,80.41,1.83,0.17,4.75,1.69,722.0,30.08,25.29,84.07,0.38,0.12,33.33,29.08,222.0,9.25,7.54,4.75,3.88,1.0,0.42,0.25,60.0,81.53,81.58,0.04,0.54,0.08,0.0,0.29,0.08,28.57,0.62,0.17,26.67,0.96,0.12,13.04,0.04,4.35
1212,2. Bundesliga (DE),23196,Adil Aouchiche,A. Aouchiche,2002-07-15,85.08,21.39,20.77,14,14,0,575.0,41.07,25.29,61.56,7.0,0.86,7.16,2.21,392.0,28.0,18.29,65.31,3.0,1.21,40.48,22.0,185.0,13.21,8.43,8.57,5.36,2.64,2.0,0.93,46.43,63.78,62.5,1.29,3.57,0.36,1.71,1.29,0.57,44.44,3.79,0.5,13.21,6.43,1.29,20.0,1.57,24.44
1212,2. Bundesliga (DE),23736,Florian Kastenmeier,F. Kastenmeier,1997-06-28,100.32,27.3,27.46,32,30,2,1156.0,38.53,22.77,59.08,0.47,0.03,5.11,3.22,663.0,22.1,13.6,61.54,0.37,0.03,9.09,20.77,238.0,7.93,4.9,4.5,3.03,0.03,0.0,0.0,,61.76,67.41,0.0,0.0,0.0,0.0,0.33,0.13,40.0,0.77,0.13,17.39,1.03,0.23,22.58,0.0,0.0
1212,2. Bundesliga (DE),24118,Charalambos Makridis,C. Makridis,1996-07-05,53.07,12.21,14.09,26,26,0,508.0,19.54,11.42,58.46,1.42,0.08,6.1,1.8,331.0,12.73,8.15,64.05,1.19,0.5,41.94,10.62,129.0,4.96,2.73,2.85,1.27,0.77,0.58,0.12,20.0,55.04,44.59,0.15,0.62,0.12,0.73,0.35,0.12,33.33,2.08,0.19,9.26,3.31,0.58,17.44,0.27,8.14
1212,2. Bundesliga (DE),24147,Roberts Uldriķis,R. Uldriķis,1998-04-03,59.08,14.86,13.37,17,17,0,170.0,10.0,4.59,45.88,2.29,0.35,3.17,1.15,93.0,5.47,2.59,47.31,2.29,1.0,43.59,2.0,22.0,1.29,0.71,0.41,0.12,0.06,0.0,0.0,,54.55,28.57,0.24,0.29,0.41,0.0,0.0,0.0,,2.71,0.29,10.87,3.76,0.41,10.94,0.41,10.94
1212,2. Bundesliga (DE),24231,Lino Tempelmann,L. Tempelmann,1999-02-02,66.59,14.71,20.01,15,15,0,312.0,20.8,13.47,64.74,2.07,0.4,7.78,1.72,206.0,13.73,9.67,70.39,1.87,1.0,53.57,8.93,95.0,6.33,4.0,3.47,1.8,2.87,1.73,0.6,34.62,63.16,51.92,1.0,1.67,0.27,1.0,0.4,0.13,33.34,2.8,0.47,16.67,4.6,1.13,24.64,0.93,20.29
1212,2. Bundesliga (DE),24292,Tobias Raschl,T. Raschl,2000-02-21,30.06,6.67,8.02,13,13,0,153.0,11.77,6.92,58.82,1.46,0.15,5.35,1.56,82.0,6.31,3.62,57.32,0.62,0.31,50.0,5.0,41.0,3.15,1.92,1.31,0.77,0.23,0.15,0.0,0.0,60.98,58.82,0.15,0.38,0.0,0.23,0.15,0.0,0.0,0.85,0.08,9.09,1.31,0.0,0.0,0.08,5.88
1212,2. Bundesliga (DE),24310,Kandet Diawara,K. Diawara,2000-02-10,12.85,3.76,2.35,3,3,0,10.0,3.33,1.67,50.0,0.0,0.0,5.98,1.61,8.0,2.67,1.33,50.0,0.0,0.0,,2.33,3.0,1.0,0.0,0.67,0.0,0.33,0.33,0.0,0.0,0.0,0.0,0.0,0.0,0.33,0.33,0.0,0.0,,0.0,0.0,,1.0,0.67,66.67,0.0,0.0
1212,2. Bundesliga (DE),24342,Timo Becker,T. Becker,1997-03-25,83.33,20.15,21.3,25,25,0,725.0,29.0,18.56,64.0,1.44,0.2,4.45,1.47,398.0,15.92,12.0,75.38,0.88,0.48,54.55,14.64,136.0,5.44,3.12,2.2,1.2,1.28,0.44,0.04,9.09,57.35,54.55,0.0,0.88,0.2,0.2,0.24,0.08,33.33,1.0,0.12,12.0,1.68,0.28,16.67,0.16,9.52
1212,2. Bundesliga (DE),24375,Luka Lochoshvili,L. Lochoshvili,1998-05-29,99.42,26.29,26.46,33,33,0,1450.0,43.94,33.64,76.55,1.3,0.21,5.47,1.73,874.0,26.48,22.55,85.13,0.52,0.21,41.18,24.58,322.0,9.76,7.15,3.42,2.27,1.67,0.48,0.3,62.5,73.29,66.37,0.12,1.15,0.15,0.21,0.58,0.24,42.11,0.64,0.12,19.05,1.18,0.42,35.9,0.21,17.95
1212,2. Bundesliga (DE),24424,Lennart Grill,L. Grill,1999-01-25,101.02,24.63,29.32,6,6,0,200.0,33.33,21.83,65.5,0.67,0.17,3.21,2.29,134.0,22.33,14.83,66.42,0.0,0.0,,21.83,10.0,1.67,1.0,0.5,0.5,0.0,0.0,0.0,,60.0,100.0,0.0,0.0,0.0,0.0,0.0,0.0,,0.17,0.0,0.0,0.17,0.0,0.0,0.0,0.0
1212,2. Bundesliga (DE),24425,Philipp Hercher,P. Hercher,1996-03-21,56.04,16.83,13.21,31,30,1,549.0,18.3,11.77,64.3,2.3,0.07,3.61,1.17,355.0,11.83,8.2,69.29,1.13,0.5,44.12,10.23,78.0,2.6,1.57,1.53,0.9,0.6,0.53,0.2,37.5,60.26,58.7,0.07,1.93,0.33,0.17,0.2,0.07,33.33,1.4,0.07,4.76,2.73,0.53,19.51,0.4,14.63
1212,2. Bundesliga (DE),24427,Carlo Sickinger,C. Sickinger,1997-07-29,24.46,6.27,6.33,13,13,0,145.0,11.15,8.38,75.17,0.54,0.08,4.29,1.43,91.0,7.0,5.77,82.42,0.15,0.15,100.0,6.31,22.0,1.69,1.15,1.0,0.85,0.08,0.08,0.08,100.0,68.18,84.62,0.23,0.46,0.0,0.0,0.08,0.0,0.0,0.23,0.0,0.0,0.69,0.15,22.22,0.15,22.22
1212,2. Bundesliga (DE),24438,Fabio Kaufmann,F. Kaufmann,1992-09-08,31.56,6.33,9.53,17,17,0,172.0,10.12,5.71,56.4,0.65,0.06,5.51,1.58,97.0,5.71,3.65,63.92,0.24,0.24,100.0,5.06,38.0,2.24,1.12,1.29,0.59,0.47,0.29,0.24,80.0,50.0,45.45,0.12,0.18,0.06,0.12,0.24,0.06,25.0,0.24,0.12,50.0,0.53,0.0,0.0,0.0,0.0
1212,2. Bundesliga (DE),24439,Luca Pfeiffer,L. Pfeiffer,1996-08-20,14.21,5.55,1.9,2,2,0,5.0,2.5,2.0,80.0,0.5,0.0,3.89,1.14,3.0,1.5,1.0,66.67,1.0,0.5,50.0,0.0,1.0,0.5,0.5,0.5,0.5,0.0,0.0,0.0,,100.0,100.0,0.0,0.5,0.5,0.0,0.0,0.0,,1.0,0.0,0.0,1.0,0.0,0.0,0.5,50.0
1212,2. Bundesliga (DE),24464,Erencan Yardımcı,E. Yardımcı,2002-02-04,67.67,15.71,18.69,31,31,0,391.0,12.61,6.26,49.62,2.0,0.26,7.18,1.77,254.0,8.19,4.32,52.76,2.23,0.84,37.68,4.26,124.0,4.0,1.71,2.32,0.71,1.35,1.13,0.16,14.29,42.74,30.56,0.55,1.06,0.61,0.48,0.03,0.03,100.0,2.74,0.26,9.41,4.61,1.32,28.67,0.71,15.39
1212,2. Bundesliga (DE),24615,Oliver Batista Meier,O. Batista Meier,2001-02-16,79.77,22.05,18.65,30,29,1,944.0,32.55,21.66,66.53,4.03,0.45,6.34,1.75,671.0,23.14,15.76,68.11,4.03,2.31,57.26,15.9,257.0,8.86,5.34,4.38,2.17,2.0,1.48,0.41,27.91,60.31,49.61,1.21,1.62,0.24,0.86,0.45,0.28,61.54,5.55,1.34,24.22,8.48,1.38,16.26,0.86,10.16
1212,2. Bundesliga (DE),24694,Shinta Appelkamp,S. Appelkamp,2000-11-01,73.22,20.64,19.86,27,25,2,683.0,27.32,20.44,74.82,3.12,0.24,4.08,1.17,462.0,18.48,14.04,75.97,2.04,1.2,58.82,13.8,106.0,4.24,3.0,1.8,1.0,1.08,0.84,0.32,38.1,70.75,55.56,1.24,2.6,0.48,0.2,0.2,0.12,60.0,3.2,0.64,20.0,5.16,0.92,17.83,0.96,18.6
1212,2. Bundesliga (DE),24941,Frederik Jäkel,F. Jäkel,2001-03-07,17.22,1.79,2.58,1,1,0,0.0,0.0,0.0,,0.0,0.0,,,0.0,0.0,0.0,,0.0,0.0,,0.0,0.0,0.0,0.0,0.0,0.0,0.0,0.0,0.0,,,,0.0,0.0,0.0,0.0,0.0,0.0,,0.0,0.0,,0.0,0.0,,0.0,
1212,2. Bundesliga (DE),25061,Koji Miyoshi,K. Miyoshi,1997-03-26,59.03,13.96,17.0,22,21,1,404.0,19.24,10.0,51.98,3.19,0.52,6.23,1.76,247.0,11.76,6.29,53.44,2.86,1.38,48.33,7.38,105.0,5.0,2.38,2.95,1.14,0.76,0.62,0.19,30.77,47.62,38.71,0.38,1.48,0.38,0.81,0.38,0.05,12.5,3.71,0.29,7.69,4.95,0.81,16.35,0.57,11.54
1212,2. Bundesliga (DE),25094,Michał Karbownik,M. Karbownik,2001-03-13,91.1,25.24,23.44,26,26,0,953.0,36.65,25.46,69.46,1.92,0.15,6.82,1.9,588.0,22.62,16.58,73.3,1.31,0.58,44.12,19.96,269.0,10.35,6.96,5.88,3.69,2.5,1.65,0.85,51.16,67.29,62.74,0.12,3.38,0.08,1.0,0.88,0.38,43.48,2.12,0.23,10.91,3.58,1.0,27.96,0.31,8.6
1212,2. Bundesliga (DE),25452,Julian Justvan,J. Justvan,1998-04-02,90.83,24.68,23.56,33,33,0,1052.0,31.88,19.39,60.84,5.33,0.45,5.73,1.64,731.0,22.15,14.3,64.57,3.27,1.79,54.63,16.42,248.0,7.52,4.33,3.94,1.88,1.33,0.94,0.27,29.03,57.66,47.69,1.12,1.58,0.24,1.18,0.88,0.36,41.38,4.79,0.61,12.66,6.91,1.27,18.42,1.12,16.23
1212,2. Bundesliga (DE),25457,Márton Dárdai,M. Dárdai,2002-02-12,86.86,23.59,22.94,29,29,0,1327.0,45.76,36.86,80.56,1.17,0.1,4.52,1.52,878.0,30.28,26.1,86.22,0.28,0.17,62.5,29.0,244.0,8.41,6.79,4.55,3.69,1.17,0.41,0.24,58.33,80.74,81.06,0.03,0.24,0.0,0.07,0.45,0.31,69.23,0.45,0.07,15.38,0.66,0.21,31.58,0.0,0.0
1212,2. Bundesliga (DE),25484,Stefano Russo,S. Russo,2000-06-29,93.8,24.31,21.77,27,27,0,1265.0,46.85,36.41,77.71,3.22,0.3,3.7,1.38,739.0,27.37,23.3,85.12,1.15,0.48,41.94,22.93,195.0,7.22,6.11,3.0,2.56,0.56,0.15,0.07,50.0,84.61,85.19,0.67,0.63,0.11,0.19,0.26,0.15,57.14,1.74,0.11,6.38,2.81,0.59,21.05,0.26,9.21
1212,2. Bundesliga (DE),25505,Fabian Kunze,F. Kunze,1998-06-14,91.33,22.29,25.33,31,28,3,990.0,35.36,27.46,77.68,2.0,0.21,3.45,1.2,534.0,19.07,15.93,83.52,0.68,0.36,52.63,15.14,137.0,4.89,4.0,2.04,1.57,0.36,0.21,0.11,50.0,81.75,77.19,0.82,0.89,0.04,0.14,0.14,0.07,50.0,1.07,0.14,13.33,2.18,0.36,16.39,0.11,4.92
1212,2. Bundesliga (DE),25510,Maxwell Gyamfi,M. Gyamfi,2000-01-18,93.42,23.46,25.82,27,24,3,914.0,38.08,31.58,82.93,0.58,0.0,5.42,1.91,544.0,22.67,20.67,91.18,0.21,0.08,40.0,21.67,212.0,8.83,7.0,3.29,2.79,1.04,0.04,0.0,0.0,79.25,84.81,0.08,0.38,0.0,0.12,0.67,0.38,56.25,0.25,0.08,33.33,0.46,0.12,27.27,0.0,0.0
1212,2. Bundesliga (DE),25515,Finn Ole Becker,F. Becker,2000-06-08,83.58,22.22,22.06,30,30,0,1182.0,39.4,29.67,75.3,4.07,0.4,5.15,1.59,798.0,26.6,20.97,78.82,2.43,1.53,63.01,21.7,265.0,8.83,6.57,5.6,4.03,1.0,0.83,0.5,60.0,74.34,72.02,1.77,1.8,0.2,0.7,0.73,0.4,54.55,3.57,0.57,15.89,5.43,0.9,16.56,0.57,10.43
1212,2. Bundesliga (DE),25519,Niklas Schmidt,N. Schmidt,1998-03-01,57.03,16.72,14.28,15,15,0,521.0,34.73,27.27,78.5,2.93,0.47,4.72,1.73,344.0,22.93,18.73,81.69,0.67,0.4,60.0,19.33,105.0,7.0,5.8,2.33,1.8,0.53,0.13,0.07,50.0,82.86,77.14,0.93,0.53,0.13,0.27,0.4,0.27,66.67,1.07,0.07,6.25,2.07,0.2,9.68,0.53,25.81
1212,2. Bundesliga (DE),25520,Sven Köhler,S. Köhler,1996-11-08,94.96,22.97,25.84,16,16,0,874.0,54.62,46.0,84.21,2.44,0.12,5.79,2.23,532.0,33.25,29.19,87.78,0.31,0.31,100.0,30.94,224.0,14.0,11.88,6.19,5.12,1.06,0.31,0.19,60.0,84.82,82.83,0.19,0.69,0.06,0.25,0.5,0.38,75.0,0.75,0.06,8.33,1.31,0.31,23.81,0.12,9.52
1212,2. Bundesliga (DE),25521,Moritz Heyer,M. Heyer,1995-04-04,56.12,14.55,16.14,19,17,2,288.0,16.94,12.18,71.88,0.94,0.0,4.88,1.56,189.0,11.12,8.41,75.66,1.0,0.59,58.82,9.88,61.0,3.59,2.65,2.24,1.59,0.65,0.53,0.29,55.56,73.77,71.05,0.12,1.82,0.12,0.0,0.29,0.24,80.0,1.53,0.29,19.23,2.12,0.76,36.11,0.12,5.56
1212,2. Bundesliga (DE),25523,Etienne Amenyido,E. Amenyido,1998-03-01,64.09,16.19,17.26,20,19,1,358.0,18.84,9.47,50.28,2.11,0.42,5.97,1.64,234.0,12.32,6.47,52.56,2.95,0.74,25.0,6.95,87.0,4.58,2.16,2.79,1.32,0.89,0.68,0.26,38.46,47.13,47.17,1.37,1.37,0.37,0.63,0.16,0.05,33.33,3.79,0.37,9.72,6.26,0.89,14.28,0.89,14.29
1212,2. Bundesliga (DE),25541,Finn Porath,F. Porath,1997-02-23,41.16,8.76,11.21,19,19,0,224.0,11.79,7.0,59.37,1.11,0.05,3.99,1.54,154.0,8.11,5.26,64.94,0.79,0.16,20.0,7.05,35.0,1.84,0.95,1.0,0.37,0.32,0.26,0.11,40.0,51.43,36.84,0.05,0.47,0.21,0.05,0.21,0.05,25.0,0.89,0.11,11.76,1.53,0.26,17.24,0.21,13.79
1212,2. Bundesliga (DE),25545,Fabian Nürnberger,F. Nürnberger,1999-07-28,71.43,19.74,17.41,20,19,1,634.0,33.37,25.42,76.18,2.74,0.16,3.94,1.57,457.0,24.05,19.53,81.18,1.11,0.58,52.38,22.63,99.0,5.21,3.89,3.0,2.32,0.74,0.53,0.32,60.0,74.75,77.19,0.0,1.74,0.42,0.21,0.37,0.16,42.86,1.42,0.32,22.22,2.63,0.68,26.0,0.16,6.0
1212,2. Bundesliga (DE),25549,Immanuel Pherai,I. Pherai,2001-04-25,72.32,20.03,18.06,13,13,0,293.0,22.54,11.46,50.85,4.46,0.38,6.5,1.55,186.0,14.31,7.15,50.0,2.85,1.08,37.84,9.69,84.0,6.46,3.46,3.15,1.31,3.0,1.85,0.85,45.83,53.57,41.46,1.46,1.92,0.54,0.54,0.23,0.08,33.33,4.08,0.54,13.21,6.23,1.31,20.99,1.46,23.46
1212,2. Bundesliga (DE),26139,Aljaž Casar,A. Casar,2000-09-17,43.28,10.45,10.41,12,12,0,234.0,19.5,15.5,79.49,1.83,0.0,3.26,1.12,142.0,11.83,9.75,82.4,0.5,0.08,16.67,9.42,29.0,2.42,2.0,1.08,0.83,0.5,0.33,0.25,75.0,82.76,76.92,0.17,0.17,0.0,0.17,0.08,0.0,0.0,1.25,0.17,13.33,1.83,0.42,22.73,0.25,13.64
1212,2. Bundesliga (DE),26683,Christoph Daferner,C. Daferner,1998-01-12,43.96,11.1,12.13,29,29,0,221.0,7.62,3.66,47.96,1.83,0.28,3.85,0.95,109.0,3.76,1.83,48.62,1.17,0.52,44.12,1.79,35.0,1.21,0.38,0.72,0.17,0.59,0.45,0.07,15.38,31.43,23.81,0.31,0.45,0.28,0.24,0.0,0.0,,1.38,0.07,5.0,1.97,0.21,10.53,0.48,24.56
1212,2. Bundesliga (DE),27049,Philipp Hofmann,P. Hofmann,1993-03-30,85.81,19.64,24.98,31,30,1,472.0,15.73,9.6,61.02,3.9,0.63,2.92,0.98,283.0,9.43,6.3,66.78,2.77,1.8,65.06,4.27,49.0,1.63,1.23,0.67,0.33,0.13,0.1,0.07,66.67,75.51,50.0,0.5,0.8,0.47,0.23,0.03,0.03,100.0,3.5,0.57,16.19,5.17,0.4,7.74,1.27,24.52
1212,2. Bundesliga (DE),27051,Marvin Wanitzek,M. Wanitzek,1993-05-07,99.69,26.09,28.58,33,33,0,1563.0,47.36,32.67,68.97,6.24,0.76,5.07,1.44,1073.0,32.52,23.18,71.3,2.55,1.39,54.76,25.36,331.0,10.03,6.94,5.39,3.45,2.42,1.85,1.06,57.38,69.18,64.04,1.15,4.79,0.61,0.58,0.76,0.48,64.0,4.45,0.76,17.01,7.27,1.0,13.75,1.76,24.17
1212,2. Bundesliga (DE),27057,Christoph Kobald,C. Kobald,1997-08-18,91.21,22.98,26.16,25,25,0,1207.0,48.28,38.88,80.53,1.24,0.16,3.51,1.59,778.0,31.12,26.76,85.99,0.28,0.08,28.57,28.28,168.0,6.72,5.04,3.96,3.08,0.76,0.32,0.2,62.5,75.0,77.78,0.04,0.32,0.08,0.12,0.36,0.12,33.33,0.56,0.12,21.43,1.28,0.28,21.87,0.08,6.25
1212,2. Bundesliga (DE),27059,Dominik Kother,D. Kother,2000-03-16,44.04,11.05,10.21,12,12,0,168.0,14.0,8.08,57.74,2.5,0.25,6.88,1.84,116.0,9.67,5.92,61.21,1.17,0.42,35.71,7.33,50.0,4.17,2.5,2.08,1.08,0.83,0.58,0.33,57.14,60.0,52.0,0.42,1.0,0.42,0.75,0.25,0.17,66.67,1.75,0.17,9.52,2.83,0.58,20.59,0.75,26.47
1212,2. Bundesliga (DE),27069,Kevin Ehlers,K. Ehlers,2001-01-23,97.15,22.15,27.96,31,31,0,1112.0,35.87,27.42,76.44,0.9,0.06,3.57,1.18,664.0,21.42,18.06,84.34,0.48,0.29,60.0,19.9,148.0,4.77,3.39,2.29,1.61,0.68,0.1,0.03,33.33,70.95,70.42,0.13,0.39,0.1,0.06,0.13,0.06,50.0,0.55,0.03,5.88,0.97,0.55,56.67,0.1,10.0
1212,2. Bundesliga (DE),27071,Erik Wekesser,E. Wekesser,1997-07-03,38.77,8.21,11.35,7,6,1,78.0,13.0,8.0,61.54,1.67,0.33,4.58,1.48,53.0,8.83,6.17,69.81,1.17,0.83,71.43,6.83,18.0,3.0,1.17,2.17,0.83,0.83,0.67,0.0,0.0,38.89,38.46,0.17,0.83,0.17,0.17,0.17,0.0,0.0,1.83,0.0,0.0,2.67,0.83,31.25,0.33,12.5
1212,2. Bundesliga (DE),27076,Marco Meyerhöfer,M. Meyerhöfer,1995-11-18,46.14,10.04,13.29,18,18,0,283.0,15.72,11.06,70.32,0.89,0.0,3.67,1.21,175.0,9.72,7.83,80.57,1.33,1.0,75.0,8.5,35.0,1.94,1.28,1.06,0.61,0.44,0.22,0.11,50.0,65.71,57.89,0.17,1.06,0.0,0.11,0.0,0.0,,1.61,0.11,6.9,2.22,0.33,15.0,0.17,7.5
1212,2. Bundesliga (DE),27078,Christian Conteh,C. Conteh,1999-08-27,78.76,18.64,21.94,17,17,0,326.0,19.18,10.06,52.45,3.76,0.47,7.9,2.08,208.0,12.24,6.24,50.96,3.29,1.35,41.07,7.53,105.0,6.18,2.82,4.29,2.0,1.71,1.41,0.41,29.17,45.71,46.58,0.65,0.82,0.94,2.24,0.59,0.18,30.0,3.82,0.41,10.77,5.82,1.59,27.27,1.29,22.22
1212,2. Bundesliga (DE),27082,Sebastian Klaas,S. Klaas,1998-06-30,57.7,16.85,13.71,26,26,0,640.0,24.62,17.77,72.19,3.19,0.35,5.39,1.59,454.0,17.46,13.5,77.31,1.46,0.85,57.89,14.0,144.0,5.54,4.0,2.96,1.81,1.12,0.85,0.54,63.64,72.22,61.04,1.04,2.77,0.15,0.35,0.5,0.15,30.77,2.19,0.35,15.79,3.85,1.08,28.0,0.65,17.0
1212,2. Bundesliga (DE),27641,Žan Celar,Ž. Celar,1999-03-14,26.65,7.97,7.02,16,14,2,67.0,4.79,2.5,52.24,1.21,0.0,4.28,1.36,48.0,3.43,1.64,47.92,1.0,0.21,21.43,1.64,13.0,0.93,0.43,0.21,0.07,0.14,0.07,0.0,0.0,46.15,33.33,0.21,0.36,0.29,0.07,0.07,0.0,0.0,1.21,0.43,35.29,1.57,0.07,4.55,0.43,27.27
1212,2. Bundesliga (DE),27745,Benedikt Pichler,B. Pichler,1997-07-20,47.18,14.09,10.84,19,19,0,207.0,10.89,5.79,53.14,1.95,0.21,6.02,1.58,130.0,6.84,4.0,58.46,1.89,0.79,41.67,3.32,43.0,2.26,1.21,1.21,0.42,0.58,0.58,0.16,27.27,53.49,34.78,0.95,0.89,0.53,0.32,0.11,0.11,100.0,2.37,0.26,11.11,4.11,0.42,10.26,0.89,21.8
1212,2. Bundesliga (DE),28098,Carl Johansson,C. Johansson,1994-05-23,95.56,23.92,25.91,11,11,0,585.0,53.18,47.18,88.72,1.55,0.09,3.03,1.4,386.0,35.09,33.18,94.56,0.27,0.0,0.0,33.18,53.0,4.82,4.36,2.64,2.55,0.27,0.0,0.0,,90.57,96.55,0.09,0.0,0.0,0.0,0.27,0.09,33.33,0.36,0.09,25.0,0.73,0.09,12.5,0.0,0.0
1212,2. Bundesliga (DE),28100,Marcus Klingenberg Mathisen,M. Mathisen,1996-02-27,94.87,28.29,22.73,33,32,1,1924.0,60.12,48.62,80.87,2.56,0.19,4.31,1.69,1258.0,39.31,33.62,85.53,0.38,0.16,41.67,36.47,330.0,10.31,8.16,6.03,4.69,1.16,0.5,0.41,81.25,79.09,77.72,0.19,0.38,0.03,0.06,0.5,0.31,62.5,0.81,0.19,23.08,1.62,0.59,36.54,0.12,7.69
1212,2. Bundesliga (DE),28128,Armin Gigović,A. Gigović,2002-04-06,88.78,23.21,23.28,1,1,0,28.0,28.0,19.0,67.86,5.0,0.0,8.99,2.1,25.0,25.0,17.0,68.0,4.0,3.0,75.0,22.0,10.0,10.0,7.0,6.0,4.0,2.0,2.0,1.0,50.0,70.0,66.67,0.0,5.0,0.0,1.0,2.0,1.0,50.0,4.0,0.0,0.0,8.0,1.0,12.5,2.0,25.0
1212,2. Bundesliga (DE),28165,Nils Fröling,N. Fröling,2000-04-20,51.89,12.93,13.75,23,23,0,267.0,11.61,5.96,51.31,2.04,0.3,6.65,1.7,170.0,7.39,4.13,55.88,1.43,0.57,39.39,4.43,76.0,3.3,1.48,1.96,0.7,1.26,0.96,0.22,22.73,44.74,35.55,0.3,1.22,0.61,0.39,0.09,0.0,0.0,1.87,0.22,11.63,3.3,0.78,23.68,0.7,21.05
1212,2. Bundesliga (DE),28166,Alexander Gustav Kent Ahl Holmström,A. Ahl Holmström,1999-04-04,37.69,10.7,8.98,18,17,1,78.0,4.59,2.12,46.16,1.35,0.12,2.81,0.69,52.0,3.06,1.47,48.08,0.94,0.35,37.5,1.12,9.0,0.53,0.18,0.41,0.06,0.35,0.24,0.0,0.0,33.33,14.29,0.35,0.41,0.41,0.06,0.0,0.0,,1.29,0.06,4.54,1.82,0.35,19.35,0.47,25.81
1212,2. Bundesliga (DE),28860,Hans Christian Bernat,H. Bernat,2000-11-13,99.56,26.02,28.6,32,32,0,1098.0,34.31,20.88,60.84,0.22,0.03,5.06,3.27,631.0,19.72,12.72,64.5,0.16,0.06,40.0,19.28,248.0,7.75,4.78,4.22,2.97,0.03,0.0,0.0,,61.69,70.37,0.0,0.0,0.0,0.0,0.09,0.03,33.33,0.59,0.25,42.1,0.78,0.22,28.0,0.0,0.0
1212,2. Bundesliga (DE),28881,Mustapha Bundu,M. Bundu,1997-02-28,61.01,19.45,14.4,22,22,0,523.0,23.77,13.91,58.51,4.0,0.41,6.45,1.87,392.0,17.82,10.82,60.71,2.36,1.0,42.31,14.82,151.0,6.86,3.23,3.91,1.45,1.55,1.23,0.36,29.63,47.02,37.21,0.41,2.5,0.86,1.45,0.41,0.09,22.22,3.18,0.41,12.86,5.36,1.27,23.73,1.05,19.49
1212,2. Bundesliga (DE),28927,Herbert Bockhorn,H. Bockhorn,1995-01-31,55.55,16.53,14.93,15,14,1,307.0,21.93,16.21,73.94,1.57,0.07,6.59,2.05,192.0,13.71,11.29,82.29,1.0,0.57,57.14,12.64,91.0,6.5,4.71,3.36,2.36,1.36,0.93,0.64,69.23,72.53,70.21,0.14,0.5,0.07,0.71,0.07,0.07,100.0,1.43,0.36,25.0,2.21,0.43,19.35,0.29,12.9
1212,2. Bundesliga (DE),28977,Jomaine Consbruch,J. Consbruch,2002-01-26,30.85,8.19,7.91,16,14,2,109.0,7.79,4.57,58.71,0.93,0.0,5.15,1.51,78.0,5.57,3.5,62.82,0.86,0.29,33.33,3.5,25.0,1.79,1.0,0.93,0.5,0.43,0.29,0.14,50.0,56.0,53.85,0.14,0.36,0.14,0.14,0.07,0.0,0.0,1.29,0.36,27.78,1.86,0.36,19.23,0.14,7.69
1212,2. Bundesliga (DE),28979,Daniel Hanslik,D. Hanslik,1996-10-06,49.55,12.13,13.66,25,23,2,279.0,12.13,6.35,52.33,2.09,0.35,3.48,1.02,166.0,7.22,3.87,53.61,1.74,0.91,52.5,4.22,38.0,1.65,0.57,1.04,0.3,0.61,0.48,0.04,9.09,34.21,29.17,0.65,0.83,0.43,0.22,0.04,0.0,0.0,2.13,0.39,18.37,3.3,0.57,17.1,0.96,28.95
1212,2. Bundesliga (DE),29618,Lubambo Musonda,L. Musonda,1995-03-01,85.55,25.23,20.86,27,26,1,827.0,31.81,21.92,68.92,2.85,0.35,6.78,1.98,558.0,21.46,15.38,71.69,1.42,0.5,35.14,18.46,239.0,9.19,6.46,5.42,3.58,2.42,1.5,0.77,51.28,70.29,65.96,0.19,2.65,0.35,0.65,0.38,0.15,40.0,1.88,0.31,16.33,3.81,0.69,18.18,0.54,14.14
1212,2. Bundesliga (DE),29689,Bartosz Białek,B. Białek,2001-11-11,16.05,4.0,4.09,14,14,0,64.0,4.57,2.43,53.12,0.93,0.0,4.49,1.4,38.0,2.71,1.29,47.37,0.71,0.21,30.0,1.21,12.0,0.86,0.29,0.43,0.14,0.07,0.07,0.07,100.0,33.33,33.33,0.21,0.29,0.0,0.14,0.07,0.0,0.0,1.0,0.14,14.29,1.5,0.29,19.05,0.5,33.33
1212,2. Bundesliga (DE),29705,Mateusz Żukowski,M. Żukowski,2001-11-23,95.28,29.37,22.81,21,20,1,345.0,17.25,8.05,46.67,5.6,0.9,5.58,1.46,223.0,11.15,5.2,46.64,2.45,0.85,34.69,6.8,75.0,3.75,1.7,2.7,1.1,1.4,1.15,0.4,34.78,45.33,40.74,1.1,1.55,1.55,0.85,0.2,0.1,50.0,3.25,0.25,7.69,5.25,1.1,20.95,2.1,40.0
1212,2. Bundesliga (DE),29929,Fraser Hornby,F. Hornby,1999-09-13,88.76,23.24,22.8,25,24,1,619.0,25.79,17.79,68.98,4.29,0.79,4.71,1.2,387.0,16.12,11.17,69.25,3.08,1.33,43.24,9.83,114.0,4.75,3.29,2.04,1.04,1.67,1.04,0.42,40.0,69.3,51.02,1.33,3.25,1.0,0.62,0.08,0.08,100.0,4.12,0.62,15.15,6.54,1.25,19.11,1.5,22.93
1212,2. Bundesliga (DE),30004,Maximilian Großer,M. Großer,2001-07-23,84.37,21.66,20.64,29,29,0,1152.0,39.72,32.97,82.99,1.52,0.1,3.6,1.21,756.0,26.07,23.62,90.61,0.28,0.1,37.5,24.52,141.0,4.86,4.31,1.69,1.48,0.79,0.21,0.21,100.0,88.65,87.76,0.07,0.41,0.07,0.0,0.07,0.07,100.0,0.52,0.03,6.67,0.69,0.1,15.0,0.03,5.0
1212,2. Bundesliga (DE),30018,Jonas Sterner,J. Sterner,2002-05-13,90.63,24.36,24.94,17,17,0,697.0,41.0,27.82,67.86,2.06,0.24,4.86,1.53,482.0,28.35,20.59,72.61,2.53,1.35,53.49,26.0,151.0,8.88,5.94,4.94,3.0,1.29,0.71,0.35,50.0,66.89,60.71,0.06,2.82,0.29,0.41,0.35,0.18,50.0,3.53,0.29,8.33,4.76,1.24,25.93,0.35,7.41
1212,2. Bundesliga (DE),30020,Lilian Egloff,L. Egloff,2002-08-20,66.06,16.8,18.83,14,14,0,341.0,24.36,14.57,59.82,3.57,0.29,5.42,1.32,222.0,15.86,9.86,62.16,3.57,1.86,52.0,8.86,83.0,5.93,3.5,3.21,1.57,1.86,1.0,0.5,50.0,59.04,48.89,1.21,2.43,0.5,0.5,0.29,0.14,50.0,4.86,0.57,11.77,7.07,1.29,18.18,2.07,29.29
1212,2. Bundesliga (DE),30047,Malik Batmaz,M. Batmaz,2000-03-17,34.21,10.39,8.25,6,5,1,43.0,8.6,5.6,65.12,0.6,0.0,5.71,1.42,30.0,6.0,3.8,63.33,1.4,0.6,42.86,2.6,12.0,2.4,1.4,1.4,1.0,0.8,0.6,0.4,66.67,58.33,71.43,0.0,1.2,0.0,0.0,0.2,0.2,100.0,1.4,0.2,14.29,2.6,0.2,7.69,0.2,7.69
1212,2. Bundesliga (DE),30619,Oscar Vilhelmsson,O. Vilhelmsson,2003-10-02,40.06,10.14,9.59,17,16,1,76.0,4.75,1.88,39.47,0.94,0.06,4.65,1.08,50.0,3.12,1.25,40.0,0.81,0.19,23.08,1.31,15.0,0.94,0.31,0.62,0.19,0.38,0.31,0.06,20.0,33.33,30.0,0.19,0.38,0.5,0.19,0.0,0.0,,1.0,0.0,0.0,1.81,0.38,20.69,0.38,20.69
1212,2. Bundesliga (DE),30962,Mickaël Biron,M. Biron,1997-08-26,31.75,8.45,8.26,12,12,0,84.0,7.0,3.25,46.43,1.5,0.0,8.25,1.9,56.0,4.67,2.33,50.0,1.17,0.5,42.86,3.17,29.0,2.42,1.0,1.67,0.58,0.92,0.92,0.25,27.27,41.38,35.0,0.25,0.5,0.33,0.83,0.25,0.0,0.0,1.5,0.33,22.22,2.25,0.42,18.52,0.58,25.93
1212,2. Bundesliga (DE),31110,Ondřej Karafiát,O. Karafiát,1994-12-01,27.19,5.54,8.42,3,3,0,23.0,7.67,5.0,65.22,0.0,0.0,1.44,0.69,15.0,5.0,3.33,66.67,1.0,0.33,33.33,4.67,1.0,0.33,0.33,0.33,0.33,0.0,0.0,0.0,,100.0,100.0,0.0,0.67,0.0,0.0,0.33,0.33,100.0,1.0,0.0,0.0,1.33,0.33,25.0,0.0,0.0
1212,2. Bundesliga (DE),32270,Nick Bätzner,N. Bätzner,2000-03-15,46.58,13.97,10.93,30,30,0,485.0,16.17,10.27,63.51,2.37,0.2,5.1,1.52,325.0,10.83,7.03,64.92,1.57,0.77,48.94,8.13,102.0,3.4,2.1,1.87,1.1,0.63,0.4,0.2,50.0,61.77,58.93,0.6,1.03,0.27,0.4,0.17,0.13,80.0,2.4,0.4,16.67,3.7,0.63,17.12,0.77,20.72
1212,2. Bundesliga (DE),32275,Sergio López Galache,Sergio López,1999-04-08,88.05,23.55,23.6,28,27,1,1065.0,39.44,30.37,77.0,2.37,0.22,3.97,1.41,821.0,30.41,24.63,81.0,1.63,0.78,47.73,28.63,169.0,6.26,4.26,3.81,2.48,1.3,0.93,0.63,68.0,68.05,65.05,0.07,2.11,0.15,0.37,0.37,0.11,30.0,2.3,0.33,14.52,3.41,0.33,9.78,0.33,9.78
1212,2. Bundesliga (DE),32658,Imad Rondić,I. Rondić,1999-02-16,69.95,15.73,19.0,14,14,0,207.0,14.79,7.14,48.31,2.36,0.29,5.21,1.49,121.0,8.64,4.64,53.72,2.43,0.57,23.53,4.14,38.0,2.71,1.29,1.5,0.64,0.79,0.71,0.29,40.0,47.37,42.86,0.71,1.57,0.43,0.43,0.07,0.07,100.0,2.71,0.14,5.26,4.07,0.21,5.26,0.64,15.79
1212,2. Bundesliga (DE),32744,Maximilian Breunig ,M. Breunig,2000-08-14,38.06,11.03,8.67,18,18,0,118.0,6.56,3.39,51.7,1.56,0.11,4.33,1.14,69.0,3.83,2.06,53.62,0.94,0.39,41.18,1.39,23.0,1.28,0.56,0.61,0.28,0.44,0.28,0.11,40.0,43.48,45.45,0.17,0.67,0.06,0.11,0.11,0.06,50.0,1.33,0.11,8.33,2.17,0.22,10.26,0.28,12.82
1212,2. Bundesliga (DE),33219,Marvin Rittmüller,M. Rittmüller,1999-03-07,8.98,1.01,4.11,1,1,0,2.0,2.0,0.0,0.0,0.0,0.0,7.49,1.5,1.0,1.0,0.0,0.0,0.0,0.0,,1.0,1.0,1.0,0.0,0.0,0.0,1.0,0.0,0.0,,0.0,,0.0,0.0,0.0,0.0,0.0,0.0,,0.0,0.0,,0.0,0.0,,0.0,
1212,2. Bundesliga (DE),33222,Ron Schallenberg,R. Schallenberg,1998-10-06,93.88,20.89,24.71,32,32,0,1021.0,31.91,24.47,76.69,1.94,0.22,2.55,0.86,520.0,16.25,14.03,86.35,0.47,0.19,40.0,13.28,87.0,2.72,2.25,1.31,1.03,0.44,0.19,0.12,66.67,82.76,78.57,0.59,0.12,0.06,0.06,0.16,0.09,60.0,0.72,0.25,34.78,1.69,0.56,33.33,0.03,1.85
1212,2. Bundesliga (DE),33224,Afeez Aremu,A. Aremu,1999-10-03,26.92,7.52,7.38,8,6,2,66.0,11.0,8.0,72.73,1.0,0.33,3.35,1.25,38.0,6.33,5.5,86.84,0.5,0.33,66.67,4.33,7.0,1.17,1.17,0.5,0.5,0.0,0.0,0.0,,100.0,100.0,0.0,0.17,0.0,0.0,0.0,0.0,,1.0,0.17,16.66,1.0,0.0,0.0,0.17,16.67
1212,2. Bundesliga (DE),33227,Jamil Siebert,J. Siebert,2002-04-02,103.19,25.59,28.76,2,2,0,91.0,45.5,36.0,79.12,2.0,0.0,3.97,1.43,62.0,31.0,26.5,85.48,0.5,0.0,0.0,29.5,13.0,6.5,5.5,4.0,3.5,0.5,0.5,0.5,100.0,84.61,87.5,0.0,0.5,0.5,0.0,0.0,0.0,,0.5,0.0,0.0,1.0,0.5,50.0,0.0,0.0
1212,2. Bundesliga (DE),33229,Marco Komenda,M. Komenda,1996-11-26,78.28,19.46,20.48,19,19,0,855.0,45.0,34.95,77.66,1.53,0.11,3.46,1.33,607.0,31.95,26.63,83.36,0.16,0.0,0.0,30.84,111.0,5.84,4.79,3.47,2.58,1.16,0.74,0.42,57.14,81.98,74.24,0.0,0.32,0.0,0.05,0.21,0.05,25.0,0.32,0.05,16.67,0.79,0.16,20.0,0.11,13.33
1212,2. Bundesliga (DE),33232,Dickson Abiama,D. Abiama,1998-11-03,41.7,9.78,10.01,10,10,0,150.0,15.0,9.5,63.33,2.0,0.3,6.16,1.68,97.0,9.7,6.5,67.01,0.9,0.6,66.67,8.1,33.0,3.3,1.6,2.4,1.1,0.5,0.5,0.3,60.0,48.49,45.83,0.4,1.3,0.0,0.7,0.2,0.1,50.0,1.3,0.3,23.08,2.0,0.5,25.0,0.4,20.0
1212,2. Bundesliga (DE),33241,Jan Elvedi,J. Elvedi,1996-09-30,75.06,18.41,19.83,27,25,2,795.0,31.8,26.2,82.39,1.0,0.16,3.6,1.34,524.0,20.96,18.68,89.12,0.32,0.16,50.0,19.4,91.0,3.64,2.88,1.56,1.24,0.8,0.24,0.16,66.67,79.12,79.49,0.2,0.36,0.04,0.0,0.28,0.16,57.14,0.48,0.04,8.33,0.92,0.24,26.09,0.08,8.7
1212,2. Bundesliga (DE),33764,Lars  Lokotsch,L. Lokotsch,1996-05-17,52.53,13.59,12.98,23,22,1,260.0,11.82,6.27,53.08,1.64,0.09,5.33,1.39,160.0,7.27,3.91,53.75,2.73,1.23,45.0,2.36,53.0,2.41,1.32,1.68,0.68,0.86,0.82,0.32,38.89,54.72,40.54,0.55,0.68,0.59,0.45,0.0,0.0,,3.32,0.5,15.07,5.14,0.82,15.93,1.32,25.66
1212,2. Bundesliga (DE),33854,Noah Loosli,N. Loosli,1997-01-23,90.47,20.89,26.37,28,27,1,1226.0,45.41,38.52,84.83,1.04,0.11,3.99,1.38,781.0,28.93,26.74,92.45,0.26,0.15,57.14,27.52,181.0,6.7,5.85,2.48,2.26,0.48,0.0,0.0,,87.29,91.04,0.04,0.11,0.0,0.0,0.48,0.37,76.92,0.33,0.04,11.11,0.74,0.41,55.0,0.04,5.0
1212,2. Bundesliga (DE),34133,Marco John,M. John,2002-04-02,66.72,14.41,19.3,8,8,0,194.0,24.25,16.25,67.01,1.88,0.38,4.08,1.18,122.0,15.25,11.0,72.13,1.62,0.75,46.15,10.12,27.0,3.38,1.75,2.0,0.62,0.88,0.38,0.0,0.0,51.85,31.25,0.5,1.0,0.0,0.88,0.0,0.0,,2.62,0.25,9.52,4.5,1.38,30.55,0.5,11.11
1212,2. Bundesliga (DE),34179,Felix Götze,F. Götze,1998-02-11,90.63,25.27,22.05,30,30,0,1413.0,47.1,40.4,85.78,1.67,0.23,4.46,1.75,978.0,32.6,29.43,90.29,0.53,0.37,68.75,30.43,240.0,8.0,6.83,4.0,3.43,0.87,0.17,0.13,80.0,85.42,85.83,0.17,1.27,0.0,0.27,0.43,0.27,61.54,1.13,0.33,29.41,1.87,0.53,28.57,0.0,0.0
1212,2. Bundesliga (DE),34222,Tim Breithaupt ,T. Breithaupt,2002-02-07,76.66,20.56,21.63,16,14,2,487.0,34.79,30.36,87.27,1.5,0.29,2.7,1.06,330.0,23.57,21.43,90.91,1.07,0.57,53.33,19.07,43.0,3.07,3.0,1.21,1.21,0.07,0.07,0.07,100.0,97.68,100.0,0.43,0.79,0.0,0.0,0.0,0.0,,2.0,0.29,14.29,3.0,0.36,11.9,0.43,14.29
1212,2. Bundesliga (DE),34416,Mathias Olesen,M. Olesen,2001-03-21,79.95,17.69,22.95,11,10,1,265.0,26.5,20.9,78.87,1.2,0.3,3.05,0.99,153.0,15.3,13.3,86.93,0.9,0.3,33.33,12.3,27.0,2.7,2.2,0.8,0.5,0.3,0.1,0.0,0.0,81.48,62.5,0.4,0.6,0.1,0.1,0.0,0.0,,1.9,0.3,15.79,2.0,0.4,20.0,0.3,15.0
1212,2. Bundesliga (DE),34575,Lukas Petkov,L. Petkov,2000-11-01,88.24,25.27,21.05,34,34,0,1057.0,31.09,17.0,54.68,4.82,0.65,7.48,2.25,743.0,21.85,12.0,54.91,2.94,1.15,39.0,17.74,349.0,10.26,5.35,5.03,2.18,1.88,1.26,0.5,39.53,52.15,43.28,0.74,1.12,0.91,1.82,0.68,0.12,17.39,4.0,0.5,12.5,6.47,1.26,19.55,1.26,19.55
1212,2. Bundesliga (DE),34849,Luca Schuler,L. Schuler,1999-03-22,47.26,13.42,12.5,27,27,0,231.0,8.56,4.74,55.41,1.78,0.3,4.99,1.19,135.0,5.0,2.52,50.37,0.96,0.3,30.77,1.96,48.0,1.78,0.74,1.37,0.52,0.78,0.63,0.07,11.76,41.67,37.84,0.59,0.7,0.3,0.11,0.04,0.0,0.0,1.52,0.3,19.51,2.81,0.59,21.05,0.63,22.37
1212,2. Bundesliga (DE),34960,Merveille Papela,M. Papela,2001-01-18,45.61,11.51,12.08,27,26,1,387.0,14.88,10.42,70.03,1.35,0.12,5.32,1.7,261.0,10.04,7.42,73.95,0.96,0.42,44.0,7.69,92.0,3.54,2.62,2.0,1.31,0.46,0.35,0.27,77.78,73.91,65.39,0.58,0.81,0.15,0.23,0.19,0.12,60.0,1.46,0.31,21.05,2.69,0.46,17.14,0.35,12.86
1212,2. Bundesliga (DE),35329,Leo Oppermann,L. Oppermann,2001-08-28,64.64,15.52,16.25,2,2,0,41.0,20.5,12.0,58.54,0.5,0.0,5.06,3.44,16.0,8.0,6.5,81.25,0.0,0.0,,7.5,10.0,5.0,2.5,3.5,1.5,0.0,0.0,0.0,,50.0,42.85,0.0,0.0,0.0,0.0,0.0,0.0,,0.0,0.0,,0.0,0.0,,0.0,
1212,2. Bundesliga (DE),35504,Steffen Tigges,S. Tigges,1998-07-31,58.03,16.22,13.65,31,31,0,382.0,12.32,6.35,51.57,2.77,0.19,3.79,1.02,223.0,7.19,4.1,56.95,1.42,0.45,31.82,3.13,53.0,1.71,0.77,0.94,0.35,0.74,0.58,0.23,38.89,45.28,37.93,0.58,1.42,0.55,0.42,0.03,0.03,100.0,2.32,0.29,12.5,3.55,0.42,11.82,0.9,25.45
1212,2. Bundesliga (DE),35624,Bastian Allgeier,B. Allgeier,2002-02-18,75.0,21.78,18.33,17,17,0,669.0,39.35,32.82,83.41,0.94,0.0,4.37,1.49,445.0,26.18,23.35,89.21,0.65,0.47,72.73,25.18,111.0,6.53,5.06,3.06,2.29,1.41,0.65,0.41,63.64,77.48,75.0,0.0,0.06,0.0,0.12,0.18,0.12,66.67,0.71,0.0,0.0,1.18,0.59,50.0,0.06,5.0
1212,2. Bundesliga (DE),35633,Max Geschwill,M. Geschwill,2001-07-07,55.33,16.65,13.23,12,12,0,426.0,35.5,28.0,78.87,1.25,0.0,4.37,1.54,293.0,24.42,20.33,83.28,0.67,0.5,75.0,23.08,73.0,6.08,4.58,3.5,3.0,0.83,0.33,0.33,100.0,75.34,85.71,0.0,0.25,0.0,0.0,0.5,0.17,33.34,0.83,0.08,10.0,1.0,0.25,25.0,0.0,0.0
1212,2. Bundesliga (DE),36620,John Tolkin,J. Tolkin,2002-07-31,85.79,21.16,22.44,27,27,0,1036.0,38.37,26.85,69.98,1.63,0.15,4.68,1.56,679.0,25.15,19.0,75.55,2.0,0.85,42.59,22.96,203.0,7.52,5.07,3.67,2.56,1.26,0.56,0.3,53.33,67.49,69.7,0.11,2.74,0.15,0.15,0.37,0.22,60.0,2.96,0.59,20.0,4.15,0.89,21.43,0.3,7.14
1212,2. Bundesliga (DE),36929,Marin Ljubičić,M. Ljubičić,2002-02-28,70.62,18.42,18.53,10,9,1,149.0,16.56,8.78,53.02,1.78,0.0,5.17,1.38,93.0,10.33,6.11,59.14,3.56,2.0,56.25,5.89,33.0,3.67,1.11,2.0,0.11,0.89,0.78,0.0,0.0,30.3,5.56,0.44,1.89,0.22,0.11,0.22,0.0,0.0,4.67,0.44,9.52,6.67,1.56,23.33,0.67,10.0
1212,2. Bundesliga (DE),36967,Roko Šimić,R. Šimić,2003-09-10,42.44,10.97,12.88,25,25,0,196.0,7.84,4.04,51.53,1.32,0.24,4.86,1.45,121.0,4.84,2.76,57.02,1.8,0.92,51.11,1.72,33.0,1.32,0.72,0.88,0.4,0.32,0.28,0.08,28.57,54.55,45.45,0.32,0.4,0.28,0.16,0.0,0.0,,2.04,0.36,17.65,3.24,0.52,16.05,0.68,20.99
1212,2. Bundesliga (DE),37691,David Zec,D. Zec,2000-01-05,99.17,25.48,25.28,31,30,1,1653.0,55.1,46.23,83.91,1.5,0.23,5.22,1.83,1064.0,35.47,31.9,89.94,0.57,0.37,64.71,33.57,344.0,11.47,9.07,5.93,4.73,1.9,0.8,0.57,70.83,79.07,79.78,0.23,1.87,0.0,0.17,0.7,0.3,42.86,0.8,0.1,12.5,1.13,0.3,26.47,0.03,2.94
1212,2. Bundesliga (DE),37844,Janik Bachmann,J. Bachmann,1996-05-06,24.85,5.38,6.69,22,22,0,151.0,6.86,3.77,54.97,0.68,0.0,4.5,1.27,75.0,3.41,2.09,61.33,0.41,0.23,55.56,2.27,29.0,1.32,0.86,0.59,0.32,0.14,0.05,0.0,0.0,65.52,53.85,0.23,0.45,0.05,0.05,0.0,0.0,,0.41,0.0,0.0,0.73,0.09,12.5,0.09,12.5
1212,2. Bundesliga (DE),38005,Martijn Kaars,M. Kaars,1999-03-05,100.32,28.88,25.19,3,3,0,57.0,19.0,10.67,56.14,4.67,0.67,6.58,1.63,38.0,12.67,7.33,57.89,1.33,0.67,50.0,9.67,15.0,5.0,3.0,1.67,1.0,1.67,0.67,0.0,0.0,60.0,60.0,0.67,2.0,0.33,0.0,0.33,0.33,100.0,2.0,0.33,16.67,4.67,0.33,7.14,1.33,28.57
1212,2. Bundesliga (DE),39652,Christian Theodor Kjelder Rasmussen,C. Rasmussen,2003-01-19,50.35,13.69,13.81,23,23,0,384.0,16.7,8.65,51.82,3.09,0.3,8.3,2.18,258.0,11.22,6.17,55.04,1.91,0.96,50.0,7.52,123.0,5.35,2.65,3.39,1.35,1.57,1.39,0.57,40.62,49.59,39.74,0.57,0.7,0.39,0.91,0.26,0.04,16.67,2.83,0.74,26.15,4.52,0.91,20.19,1.13,25.0
1212,2. Bundesliga (DE),39812,Ivan Prtajin,I. Prtajin,1996-05-14,78.22,20.38,20.13,14,12,2,205.0,17.08,7.92,46.34,4.5,1.08,2.85,0.82,130.0,10.83,5.08,46.92,3.08,1.33,43.24,5.17,25.0,2.08,0.83,1.0,0.33,0.33,0.33,0.08,25.0,40.0,33.33,0.92,1.5,1.08,0.25,0.17,0.08,50.0,3.92,0.33,8.51,5.75,0.5,8.7,2.0,34.78
1212,2. Bundesliga (DE),40305,Christopher Lannert,C. Lannert,1998-06-08,62.18,16.27,13.75,28,28,0,888.0,31.71,21.93,69.14,2.54,0.25,6.74,1.97,586.0,20.93,15.39,73.55,1.21,0.57,47.06,19.04,239.0,8.54,5.61,4.86,2.89,1.71,1.18,0.64,54.55,65.69,59.56,0.04,3.11,0.0,0.54,0.75,0.29,38.1,1.68,0.18,10.64,2.82,1.11,39.24,0.18,6.33
1212,2. Bundesliga (DE),40311,Maël  Corboz,M. Corboz,1994-09-06,97.22,24.51,23.9,34,34,0,1061.0,31.21,20.41,65.41,4.18,0.24,3.16,1.08,620.0,18.24,13.18,72.26,2.65,1.18,44.44,13.53,124.0,3.65,2.68,1.85,1.24,0.65,0.44,0.24,53.33,73.39,66.67,0.76,2.91,0.29,0.21,0.12,0.06,50.0,3.5,0.38,10.92,5.29,0.97,18.33,1.03,19.44
1212,2. Bundesliga (DE),40334,Lars Bünning,L. Bünning,1998-02-27,78.37,19.67,20.54,11,11,0,436.0,39.64,31.82,80.28,2.0,0.09,4.49,1.66,298.0,27.09,23.18,85.57,0.27,0.18,66.67,26.0,72.0,6.55,5.36,3.91,3.27,0.45,0.18,0.18,100.0,81.94,83.72,0.09,0.09,0.0,0.0,0.36,0.36,100.0,0.27,0.0,0.0,0.91,0.18,20.0,0.18,20.0
1212,2. Bundesliga (DE),40352,Anas Bakhat,A. Bakhat,2000-04-02,34.36,8.69,6.47,3,3,0,26.0,8.67,5.67,65.39,0.67,0.33,6.89,1.58,18.0,6.0,4.67,77.78,1.33,1.0,75.0,3.67,7.0,2.33,0.33,2.0,0.33,0.67,0.33,0.0,0.0,14.28,16.67,0.0,0.67,0.0,0.33,0.33,0.0,0.0,2.0,0.67,33.33,2.67,0.33,12.5,0.67,25.0
1212,2. Bundesliga (DE),40365,Leon Jensen,L. Jensen,1997-05-19,61.13,14.83,17.55,7,7,0,163.0,23.29,18.14,77.92,1.43,0.0,3.01,1.29,99.0,14.14,12.29,86.87,0.29,0.14,50.0,11.71,16.0,2.29,1.86,1.43,1.29,0.14,0.0,0.0,,81.25,90.0,0.29,0.57,0.14,0.0,0.0,0.0,,0.57,0.0,0.0,1.0,0.14,14.29,0.0,0.0
1212,2. Bundesliga (DE),40397,Connor Krempicki,C. Krempicki,1994-09-14,31.87,8.74,7.21,6,6,0,68.0,11.33,7.67,67.65,2.0,0.17,5.39,1.5,42.0,7.0,5.17,73.81,1.17,0.33,28.57,5.0,14.0,2.33,1.67,1.67,1.33,0.5,0.5,0.33,66.67,71.43,80.0,0.5,0.83,0.5,0.17,0.0,0.0,,1.17,0.0,0.0,1.83,0.17,9.09,0.33,18.18
1212,2. Bundesliga (DE),40400,Julian Hettwer,J. Hettwer,2003-06-15,26.02,6.13,7.76,7,6,1,42.0,7.0,3.17,45.24,0.33,0.0,5.77,1.43,27.0,4.5,2.17,48.15,0.83,0.5,60.0,2.83,9.0,1.5,0.83,1.0,0.5,0.5,0.33,0.0,0.0,55.55,50.0,0.17,0.33,0.17,0.0,0.17,0.0,0.0,1.5,0.33,22.22,1.83,0.33,18.18,0.17,9.09
1212,2. Bundesliga (DE),40931,Florian Flick,F. Flick,2000-05-01,78.21,18.23,22.24,27,27,0,863.0,31.96,25.07,78.45,1.33,0.19,4.32,1.29,511.0,18.93,16.3,86.11,0.78,0.41,52.38,15.93,162.0,6.0,4.81,2.3,1.74,0.96,0.3,0.11,37.5,80.25,75.81,0.3,1.63,0.0,0.22,0.3,0.22,75.0,1.26,0.3,23.53,2.04,0.44,21.82,0.11,5.45
1212,2. Bundesliga (DE),41063,Maik Nawrocki,M. Nawrocki,2001-02-07,87.38,25.35,21.89,17,17,0,892.0,52.47,44.41,84.64,2.06,0.59,3.8,1.49,612.0,36.0,32.82,91.18,0.29,0.18,60.0,34.47,133.0,7.82,6.88,5.06,4.35,0.88,0.35,0.18,50.0,87.97,86.05,0.12,0.29,0.0,0.24,0.41,0.35,85.71,0.53,0.18,33.33,0.94,0.41,43.75,0.0,0.0
1212,2. Bundesliga (DE),41606,Mehmet Can Aydın,M. Aydın,2002-02-09,87.17,19.91,24.23,32,32,0,1095.0,34.22,21.47,62.74,2.59,0.31,5.86,1.8,662.0,20.69,14.16,68.43,1.38,0.69,50.0,18.12,290.0,9.06,5.88,4.31,2.78,1.5,0.81,0.5,61.54,64.83,64.49,0.47,1.59,0.12,0.66,0.78,0.44,56.0,2.28,0.22,9.59,3.31,0.75,22.64,0.25,7.55
1212,2. Bundesliga (DE),42495,Waniss Taïbi,W. Taïbi,2002-03-07,50.43,15.52,11.08,26,26,0,598.0,23.0,17.85,77.59,2.54,0.42,6.46,1.82,429.0,16.5,13.12,79.49,2.23,1.27,56.9,12.35,180.0,6.92,5.54,3.27,2.38,0.81,0.62,0.42,68.75,80.0,72.94,0.58,2.73,0.38,0.54,0.35,0.23,66.67,3.08,0.85,27.5,4.15,0.46,11.11,0.81,19.44
1212,2. Bundesliga (DE),43049,William Kokolo,W. Kokolo,2000-06-09,30.71,7.63,7.32,13,13,0,124.0,9.54,4.77,50.0,1.23,0.23,8.38,2.25,87.0,6.69,3.77,56.32,0.69,0.23,33.33,6.0,43.0,3.31,1.54,2.31,0.85,1.0,0.92,0.31,33.33,46.51,36.67,0.0,0.38,0.15,0.77,0.23,0.08,33.33,0.77,0.08,10.0,1.92,0.69,36.0,0.23,12.0
1212,2. Bundesliga (DE),44873,Boris Tomiak,B. Tomiak,1998-09-11,93.52,28.78,22.66,25,25,0,1509.0,60.36,50.56,83.76,1.76,0.12,5.36,1.94,1029.0,41.16,36.16,87.85,0.32,0.12,37.5,38.48,355.0,14.2,12.2,8.8,7.6,1.28,0.6,0.44,73.33,85.92,86.36,0.32,0.48,0.04,0.48,0.84,0.52,61.9,0.68,0.12,17.65,1.16,0.32,27.59,0.16,13.79
1212,2. Bundesliga (DE),47128,Henning Matriciani,H. Matriciani,2000-03-14,23.02,3.02,5.96,1,1,0,0.0,0.0,0.0,,0.0,0.0,,,0.0,0.0,0.0,,0.0,0.0,,0.0,0.0,0.0,0.0,0.0,0.0,0.0,0.0,0.0,,,,0.0,0.0,0.0,0.0,0.0,0.0,,0.0,0.0,,0.0,0.0,,0.0,
1212,2. Bundesliga (DE),47129,Marten Winkler,M. Winkler,2002-10-31,75.17,19.72,20.42,31,31,0,734.0,23.68,13.26,55.99,3.61,0.48,6.8,1.67,506.0,16.32,10.03,61.46,2.61,1.39,53.09,11.97,221.0,7.13,3.39,4.87,2.06,2.06,1.68,0.55,32.69,47.51,42.38,0.48,2.0,0.58,0.94,0.52,0.26,50.0,3.74,0.35,9.48,5.87,1.23,20.88,1.06,18.13
1212,2. Bundesliga (DE),48527,Sidney Raebiger,S. Raebiger,2005-04-17,18.7,2.91,5.91,5,5,0,24.0,4.8,2.4,50.0,1.6,0.2,3.4,0.93,11.0,2.2,1.2,54.55,0.4,0.2,50.0,2.0,3.0,0.6,0.2,0.4,0.0,0.2,0.2,0.0,0.0,33.33,0.0,0.0,0.2,0.0,0.4,0.0,0.0,,0.4,0.0,0.0,0.8,0.2,25.0,0.2,25.0
1212,2. Bundesliga (DE),48528,Nahuel Noll,N. Noll,2003-03-17,101.81,30.8,24.14,34,34,0,1718.0,50.53,35.29,69.85,0.21,0.03,4.42,2.89,1235.0,36.32,26.35,72.55,0.44,0.15,33.33,35.82,286.0,8.41,5.94,3.94,2.85,0.15,0.0,0.0,,70.63,72.39,0.0,0.0,0.0,0.0,0.59,0.29,50.0,0.97,0.18,18.18,1.06,0.32,30.56,0.0,0.0
1212,2. Bundesliga (DE),48530,Marcel Lotka,M. Lotka,2001-05-25,99.36,27.14,28.45,2,2,0,76.0,38.0,25.0,65.79,0.0,0.0,3.95,2.71,46.0,23.0,17.0,73.92,1.0,0.5,50.0,20.5,8.0,4.0,2.0,2.5,1.0,0.0,0.0,0.0,,50.0,40.0,0.0,0.0,0.0,0.0,0.0,0.0,,1.0,0.0,0.0,2.0,0.5,25.0,0.0,0.0
1212,2. Bundesliga (DE),49257,Adrián Kaprálik,A. Kaprálik,2002-06-10,78.13,20.45,19.64,30,30,0,579.0,19.3,8.9,46.11,3.03,0.3,7.84,1.79,373.0,12.43,5.7,45.84,2.33,0.8,34.29,8.43,187.0,6.23,2.77,4.23,1.37,2.73,2.33,0.67,28.57,44.38,32.28,0.83,1.47,0.7,1.3,0.53,0.2,37.5,2.9,0.1,3.45,5.0,1.47,29.33,0.83,16.67
1212,2. Bundesliga (DE),54979,Moussa N''Diaye,M. N''Diaye,2002-06-18,86.28,21.83,21.78,14,14,0,635.0,45.36,31.71,69.92,3.0,0.29,4.53,1.67,431.0,30.79,23.36,75.87,1.07,0.36,33.33,28.71,119.0,8.5,5.21,4.64,2.86,1.64,0.93,0.43,46.15,61.34,61.54,0.0,3.07,0.07,0.43,0.43,0.07,16.66,2.14,0.29,13.33,3.5,0.71,20.41,0.07,2.04
1212,2. Bundesliga (DE),58646,Doni Arifi,D. Arifi,2002-04-11,42.78,10.37,11.98,11,11,0,198.0,18.0,15.36,85.35,0.64,0.0,3.24,1.37,134.0,12.18,11.09,91.05,0.27,0.09,33.33,10.36,20.0,1.82,1.45,0.73,0.45,0.0,0.0,0.0,,80.0,62.5,0.45,0.55,0.0,0.0,0.09,0.0,0.0,0.73,0.09,12.5,1.27,0.09,7.14,0.09,7.14
1212,2. Bundesliga (DE),58966,Sebastian Grønning Andersen,S. Grønning,1997-02-03,38.65,9.89,9.77,20,20,0,149.0,7.45,3.95,53.02,1.45,0.25,4.52,1.17,89.0,4.45,2.5,56.18,1.35,0.7,51.85,1.55,33.0,1.65,0.85,0.95,0.4,0.75,0.6,0.15,25.0,51.52,42.11,0.15,0.65,0.3,0.1,0.0,0.0,,1.45,0.2,13.79,2.7,0.6,22.22,0.8,29.63
1212,2. Bundesliga (DE),59955,Ado Onaiwu,A. Onaiwu,1995-11-08,38.37,12.39,7.84,4,4,0,57.0,14.25,8.0,56.14,1.0,0.0,4.17,1.38,39.0,9.75,5.25,53.85,1.25,0.75,60.0,6.75,9.0,2.25,0.75,0.75,0.5,0.0,0.0,0.0,,33.33,66.67,1.0,2.0,0.0,0.25,0.75,0.0,0.0,1.75,0.0,0.0,3.5,0.0,0.0,1.0,28.57
1212,2. Bundesliga (DE),59975,Paul Joly,P. Joly,2000-06-07,75.7,18.66,21.38,29,26,3,869.0,33.42,20.15,60.3,3.42,0.38,4.22,1.41,571.0,21.96,14.12,64.27,1.35,0.38,28.57,19.35,158.0,6.08,3.27,3.31,1.88,1.08,0.81,0.46,57.14,53.8,56.98,0.15,1.19,0.54,0.35,0.38,0.15,40.0,2.15,0.31,14.29,3.92,0.73,18.63,0.46,11.76
1212,2. Bundesliga (DE),59981,Marcel Benger,M. Benger,1998-07-02,73.05,18.69,18.16,15,15,0,526.0,35.07,28.67,81.75,2.8,0.13,2.82,1.07,353.0,23.53,20.93,88.95,0.8,0.4,50.0,18.07,43.0,2.87,2.6,0.93,0.87,0.27,0.07,0.07,100.0,90.7,92.86,0.47,0.6,0.07,0.0,0.07,0.0,0.0,2.27,0.13,5.88,3.47,0.73,21.15,0.13,3.85
1212,2. Bundesliga (DE),59985,Tim Oberdorf,T. Oberdorf,1996-08-16,96.96,26.76,26.66,32,30,2,1568.0,52.27,39.23,75.06,1.9,0.07,4.29,1.52,994.0,33.13,26.87,81.09,0.4,0.2,50.0,31.73,254.0,8.47,5.97,5.07,3.43,1.17,0.7,0.53,76.19,70.47,67.76,0.03,0.6,0.0,0.03,0.5,0.2,40.0,0.63,0.07,10.53,1.27,0.43,34.21,0.07,5.26
1212,2. Bundesliga (DE),59989,Clemens Riedel,C. Riedel,2003-07-19,90.95,21.28,22.96,2,2,0,97.0,48.5,34.5,71.14,4.0,1.5,3.91,1.37,73.0,36.5,29.0,79.45,1.5,0.5,33.33,32.0,16.0,8.0,5.5,4.5,2.0,1.5,1.5,0.5,33.33,68.75,44.45,0.0,2.5,1.0,0.0,1.0,1.0,100.0,2.5,0.0,0.0,4.5,0.5,11.11,0.0,0.0
1212,2. Bundesliga (DE),59990,Konrad Faber,K. Faber,1997-11-04,77.89,19.58,20.11,22,22,0,814.0,37.0,25.82,69.78,2.91,0.23,7.78,2.06,556.0,25.27,18.05,71.4,2.59,1.36,52.63,22.77,265.0,12.05,8.18,7.18,4.86,3.23,2.32,1.14,49.02,67.92,67.72,0.05,2.77,0.45,0.86,1.0,0.55,54.55,3.09,0.5,16.18,4.5,1.45,32.32,0.32,7.07
1212,2. Bundesliga (DE),59993,Jannis Heuer,J. Heuer,1999-07-29,88.21,21.8,23.37,30,29,1,1427.0,49.21,40.69,82.69,1.9,0.14,3.74,1.33,982.0,33.86,30.66,90.53,0.55,0.34,62.5,32.28,186.0,6.41,4.9,3.41,2.72,1.21,0.59,0.41,70.59,76.35,79.8,0.1,0.66,0.07,0.07,0.31,0.24,77.78,0.76,0.03,4.55,1.45,0.52,35.71,0.07,4.76
1212,2. Bundesliga (DE),59995,Luca Marseiler,L. Marseiler,1997-02-18,77.03,20.59,20.39,26,26,0,720.0,27.69,15.69,56.67,3.58,0.38,7.9,2.17,485.0,18.65,11.19,60.0,2.38,1.27,53.23,14.38,247.0,9.5,4.23,6.58,2.65,2.27,2.0,0.69,34.62,44.53,40.35,0.88,2.08,0.77,1.65,0.85,0.19,22.73,3.54,0.35,9.78,6.38,1.65,25.9,1.0,15.66
1212,2. Bundesliga (DE),59996,Luca Herrmann,L. Herrmann,1999-02-20,45.04,11.25,12.13,27,27,0,454.0,16.81,12.04,71.59,1.67,0.11,3.9,1.17,278.0,10.3,7.85,76.26,0.85,0.48,56.52,7.81,64.0,2.37,1.7,1.37,0.89,0.63,0.41,0.19,45.45,71.88,64.86,0.33,0.96,0.22,0.04,0.04,0.0,0.0,1.37,0.04,2.7,1.93,0.37,19.23,0.41,21.15
1212,2. Bundesliga (DE),60001,Thomas Keller,T. Keller,1999-08-05,95.55,24.99,26.02,13,13,0,716.0,55.08,47.62,86.45,0.92,0.15,3.66,1.43,505.0,38.85,35.62,91.68,0.31,0.15,50.0,37.54,81.0,6.23,5.23,4.08,3.69,0.85,0.46,0.46,100.0,83.95,90.57,0.08,0.23,0.0,0.15,0.69,0.46,66.67,0.31,0.0,0.0,0.77,0.15,20.0,0.0,0.0
1212,2. Bundesliga (DE),60002,Filip Bilbija,F. Bilbija,2000-04-24,70.06,19.42,17.34,29,29,0,595.0,20.52,12.52,61.01,3.1,0.62,5.24,1.48,402.0,13.86,9.17,66.17,2.76,1.34,48.75,9.34,130.0,4.48,2.31,3.0,1.28,0.9,0.69,0.24,35.0,51.54,42.53,1.17,2.07,0.34,0.45,0.21,0.17,83.33,3.83,0.41,10.81,5.1,0.79,15.54,0.86,16.89
1212,2. Bundesliga (DE),60004,Jan-Hendrik Marx,J. Marx,1995-04-26,38.62,12.02,9.13,3,3,0,39.0,13.0,8.0,61.54,0.33,0.0,4.95,1.45,22.0,7.33,4.0,54.55,0.67,0.67,100.0,5.67,10.0,3.33,2.0,1.33,0.33,0.67,0.33,0.0,0.0,60.0,25.0,0.0,1.0,0.0,0.0,0.33,0.0,0.0,1.33,0.0,0.0,1.33,0.33,25.0,0.33,25.0
1212,2. Bundesliga (DE),60010,Maximilian Rohr,M. Rohr,1995-06-27,90.17,25.95,20.7,31,31,0,1496.0,48.26,40.84,84.63,1.9,0.19,5.71,2.17,1015.0,32.74,29.19,89.16,0.1,0.06,66.67,31.9,360.0,11.61,9.65,5.71,4.9,1.06,0.39,0.35,91.67,83.06,85.88,0.03,0.16,0.0,0.16,1.16,0.74,63.89,0.29,0.0,0.0,0.55,0.13,23.53,0.06,11.76
1212,2. Bundesliga (DE),60105,Leon Klassen,L. Klassen,2000-05-29,51.49,11.12,16.26,5,5,0,109.0,21.8,15.0,68.81,2.2,0.0,4.04,1.31,71.0,14.2,9.8,69.02,0.4,0.2,50.0,13.4,15.0,3.0,2.2,1.2,1.0,0.4,0.0,0.0,,73.33,83.33,0.0,0.8,0.0,0.0,0.2,0.2,100.0,0.4,0.2,50.0,0.8,0.0,0.0,0.2,25.0
1212,2. Bundesliga (DE),60217,Lukas Pinckert,L. Pinckert,2000-01-22,97.36,27.85,22.61,29,29,0,1638.0,56.48,45.93,81.32,1.79,0.1,5.52,1.9,1080.0,37.24,31.69,85.09,0.52,0.31,60.0,35.83,359.0,12.38,9.48,5.66,4.24,1.79,0.66,0.45,68.42,76.6,75.0,0.07,0.97,0.0,0.17,0.69,0.34,50.0,0.86,0.24,28.0,1.07,0.34,32.26,0.07,6.45
1212,2. Bundesliga (DE),60227,Kai Klefisch,K. Klefisch,1999-12-03,98.53,26.2,25.35,29,28,1,1618.0,57.79,50.07,86.65,2.64,0.29,3.41,1.31,1154.0,41.21,37.36,90.64,0.68,0.43,63.16,36.29,191.0,6.82,6.21,3.46,3.14,0.5,0.21,0.18,83.33,91.1,90.72,0.46,0.64,0.0,0.0,0.29,0.14,50.0,1.36,0.21,15.79,2.71,0.54,19.74,0.04,1.32
1212,2. Bundesliga (DE),60252,Leon Schneider,L. Schneider,2000-06-19,87.76,22.14,22.5,17,17,0,803.0,47.24,40.12,84.93,1.06,0.06,3.21,1.17,531.0,31.24,28.12,90.02,0.29,0.18,60.0,29.35,88.0,5.18,4.12,2.18,1.82,0.82,0.12,0.06,50.0,79.55,83.78,0.06,0.24,0.06,0.0,0.76,0.29,38.46,0.29,0.0,0.0,0.76,0.29,38.46,0.06,7.69
1212,2. Bundesliga (DE),60254,Louis Breunig,L. Breunig,2003-11-14,57.36,12.78,15.95,10,10,0,239.0,23.9,16.7,69.87,0.3,0.2,3.88,1.35,153.0,15.3,12.1,79.08,0.0,0.0,,13.7,41.0,4.1,2.6,2.3,1.6,0.7,0.3,0.1,33.33,63.42,69.56,0.1,0.2,0.0,0.0,0.5,0.1,20.0,0.0,0.0,,0.4,0.1,25.0,0.1,25.0
1212,2. Bundesliga (DE),60287,Fynn-Luca Lakenmacher,F. Lakenmacher,2000-05-10,27.08,7.39,6.04,16,16,0,100.0,6.25,3.0,48.0,0.88,0.06,6.44,1.78,67.0,4.19,1.88,44.77,1.25,0.31,25.0,0.81,25.0,1.56,0.75,1.0,0.44,0.5,0.38,0.06,16.67,48.0,43.75,0.94,0.56,0.31,0.12,0.0,0.0,,1.69,0.0,0.0,3.12,0.5,16.0,0.38,12.0
1212,2. Bundesliga (DE),60289,Adriano Grimaldi,A. Grimaldi,1991-04-05,40.44,10.8,10.85,29,29,0,213.0,7.34,3.0,40.84,1.07,0.1,6.71,1.88,137.0,4.72,1.93,40.88,1.31,0.52,39.47,2.0,61.0,2.1,0.79,1.28,0.41,0.55,0.41,0.07,16.67,37.71,32.43,0.52,0.55,0.28,0.24,0.07,0.0,0.0,1.72,0.21,12.0,2.79,0.38,13.58,0.45,16.05
1212,2. Bundesliga (DE),60354,Tom Zimmerschied,T. Zimmerschied,1998-09-22,85.93,24.85,20.34,34,34,0,1120.0,32.94,21.82,66.25,4.91,0.47,5.99,1.67,844.0,24.82,16.53,66.59,3.76,1.88,50.0,18.41,313.0,9.21,5.38,4.56,2.26,1.79,1.29,0.59,45.45,58.47,49.68,0.85,2.56,0.56,1.29,0.94,0.41,43.75,5.59,0.79,14.21,8.15,1.53,18.77,1.94,23.83
1212,2. Bundesliga (DE),60355,Tim Schreiber,T. Schreiber,2002-04-24,100.91,26.41,26.37,26,26,0,1059.0,40.73,26.5,65.06,0.5,0.0,3.66,2.66,719.0,27.65,19.08,68.98,0.27,0.08,28.57,27.23,132.0,5.08,3.0,2.15,1.12,0.0,0.0,0.0,,59.09,51.79,0.0,0.0,0.0,0.0,0.08,0.0,0.0,0.62,0.15,25.0,0.81,0.27,33.33,0.0,0.0
1212,2. Bundesliga (DE),60483,Robert Wagner,R. Wagner,2003-07-14,72.8,18.84,19.92,28,28,0,864.0,30.86,23.93,77.55,2.46,0.18,3.44,1.12,546.0,19.5,16.18,82.97,1.32,0.64,48.65,16.39,100.0,3.57,2.57,2.04,1.21,0.64,0.57,0.36,62.5,72.0,59.65,0.43,1.25,0.0,0.32,0.21,0.14,66.67,2.04,0.32,15.79,2.71,0.54,19.74,0.21,7.89
1212,2. Bundesliga (DE),60485,Maximilian Dietz,M. Dietz,2002-02-09,81.97,20.24,21.46,22,20,2,745.0,37.25,31.75,85.23,1.35,0.1,3.1,1.16,524.0,26.2,23.4,89.31,0.75,0.5,66.67,22.5,80.0,4.0,3.65,1.05,0.95,0.4,0.05,0.0,0.0,91.25,90.48,0.25,0.5,0.05,0.0,0.0,0.0,,1.45,0.2,13.79,2.0,0.75,37.5,0.0,0.0
1212,2. Bundesliga (DE),60489,Sascha Risch,S. Risch,2000-04-13,75.36,17.9,19.49,10,10,0,287.0,28.7,20.3,70.73,2.3,0.4,4.14,1.28,188.0,18.8,14.5,77.13,1.5,0.8,53.33,17.2,46.0,4.6,3.3,3.1,2.2,1.1,0.8,0.7,87.5,71.74,70.97,0.1,1.2,0.1,0.1,0.0,0.0,,1.9,0.2,10.53,2.5,0.8,32.0,0.3,12.0
1212,2. Bundesliga (DE),60495,Johan Arath Gómez,J. Gómez,2001-07-23,77.81,17.96,21.67,32,32,0,747.0,23.34,14.03,60.11,2.22,0.19,6.48,1.79,486.0,15.19,9.62,63.38,2.88,1.38,47.83,10.16,208.0,6.5,3.78,4.38,2.38,1.53,1.25,0.56,45.0,58.17,54.29,0.72,1.69,0.41,1.12,0.44,0.25,57.14,4.12,0.38,9.09,6.12,1.38,22.45,0.75,12.24
1212,2. Bundesliga (DE),60499,Richmond Tachie,R. Tachie,1999-04-21,34.97,9.82,9.21,22,20,2,186.0,9.3,4.2,45.16,1.9,0.15,7.52,1.88,126.0,6.3,3.25,51.59,1.25,0.55,44.0,4.4,61.0,3.05,1.1,1.9,0.4,1.05,0.95,0.15,15.79,36.07,21.05,0.3,0.45,0.3,0.3,0.1,0.05,50.0,1.6,0.5,31.25,2.9,1.1,37.93,0.75,25.86
1212,2. Bundesliga (DE),60511,Anton-Leander Donkor,A. Donkor,1997-11-11,9.81,1.25,2.25,2,2,0,4.0,2.0,1.0,50.0,0.0,0.0,7.74,1.15,3.0,1.5,0.5,33.33,0.0,0.0,,1.0,2.0,1.0,0.5,0.5,0.5,1.0,0.5,0.5,100.0,50.0,100.0,0.0,0.0,0.0,0.0,0.0,0.0,,0.0,0.0,,0.5,0.0,0.0,0.0,0.0
1212,2. Bundesliga (DE),60522,Amara Condé,A. Condé,1997-01-06,75.1,20.99,18.02,31,31,0,882.0,28.45,22.29,78.34,2.58,0.26,4.81,1.53,534.0,17.23,13.9,80.71,0.81,0.32,40.0,14.32,176.0,5.68,4.42,2.55,1.94,0.94,0.55,0.39,70.59,77.84,75.95,0.71,1.1,0.26,0.32,0.45,0.19,42.86,1.48,0.13,8.7,2.42,0.42,17.33,0.45,18.67
1212,2. Bundesliga (DE),60523,Andreas Müller,A. Müller,2000-07-20,58.9,15.05,17.8,22,22,0,612.0,27.82,21.95,78.92,1.5,0.05,2.34,0.85,397.0,18.05,15.32,84.89,0.68,0.18,26.67,14.77,44.0,2.0,1.45,0.82,0.64,0.14,0.0,0.0,,72.73,77.78,0.45,1.05,0.0,0.14,0.0,0.0,,1.55,0.14,8.82,2.41,0.55,22.64,0.18,7.55
1212,2. Bundesliga (DE),60524,Leon Bell Bell,L. Bell Bell,1996-09-06,69.86,17.09,18.74,24,24,0,571.0,23.79,13.33,56.04,2.33,0.25,6.26,1.7,371.0,15.46,8.92,57.68,2.46,1.04,42.37,11.42,147.0,6.12,3.08,3.83,1.75,1.79,1.54,0.54,35.13,50.34,45.65,0.5,1.79,0.29,0.75,0.33,0.17,50.0,3.17,0.29,9.21,5.0,1.21,24.17,0.33,6.67
1212,2. Bundesliga (DE),60526,Jason Ceka,J. Ceka,1999-11-10,55.44,15.36,15.18,23,23,0,396.0,17.22,10.13,58.84,2.3,0.22,5.54,1.74,262.0,11.39,7.09,62.21,2.3,0.91,39.62,8.65,100.0,4.35,2.7,2.39,1.3,0.52,0.43,0.17,40.0,62.0,54.55,0.17,0.91,0.3,0.61,0.22,0.0,0.0,2.96,0.39,13.23,4.17,0.78,18.75,0.57,13.54
1212,2. Bundesliga (DE),60568,Jesper Daland,J. Daland,2000-01-06,75.11,19.65,21.26,23,22,1,705.0,32.05,26.59,82.98,0.55,0.0,4.41,1.6,483.0,21.95,19.82,90.27,0.18,0.09,50.0,20.73,116.0,5.27,4.32,2.95,2.59,0.77,0.23,0.18,80.0,81.9,87.69,0.0,0.23,0.05,0.0,0.41,0.27,66.67,0.23,0.0,0.0,0.64,0.09,14.29,0.05,7.14
1212,2. Bundesliga (DE),60885,Tan-Kenneth Schmidt,K. Schmidt,2002-06-03,75.34,21.04,20.63,20,19,1,709.0,37.32,30.47,81.66,1.0,0.11,5.39,1.79,468.0,24.63,21.58,87.61,0.42,0.26,62.5,23.05,161.0,8.47,6.63,4.0,3.05,0.89,0.58,0.32,54.55,78.26,76.32,0.42,2.11,0.11,0.05,0.63,0.26,41.67,0.53,0.0,0.0,1.26,0.47,37.5,0.16,12.5
1212,2. Bundesliga (DE),60919,Joel Felix,J. Felix,1998-01-13,67.1,16.11,18.05,17,17,0,620.0,36.47,29.59,81.13,0.88,0.18,3.96,1.63,405.0,23.82,21.18,88.89,0.35,0.12,33.33,22.59,94.0,5.53,4.76,2.82,2.59,0.59,0.06,0.0,0.0,86.17,91.67,0.06,0.12,0.0,0.0,0.12,0.06,50.0,0.35,0.0,0.0,0.53,0.18,33.33,0.06,11.11
1212,2. Bundesliga (DE),60920,Stefán Teitur Thórdarson,S. Thórdarson,1998-10-16,55.62,15.79,14.12,16,16,0,398.0,24.88,19.56,78.64,1.94,0.5,3.43,1.3,282.0,17.62,14.56,82.62,0.81,0.19,23.08,14.81,49.0,3.06,2.25,1.31,0.94,0.25,0.12,0.0,0.0,73.47,71.43,0.75,0.56,0.19,0.06,0.12,0.12,100.0,1.06,0.12,11.76,1.81,0.31,17.24,0.5,27.59
1212,2. Bundesliga (DE),60936,Mladen Cvjetinović,M. Cvjetinović,2003-09-18,78.25,21.21,18.5,1,1,0,21.0,21.0,15.0,71.43,0.0,0.0,1.96,1.12,15.0,15.0,11.0,73.33,1.0,1.0,100.0,15.0,1.0,1.0,1.0,0.0,0.0,0.0,0.0,0.0,,100.0,,0.0,1.0,0.0,0.0,0.0,0.0,,2.0,0.0,0.0,3.0,1.0,33.33,0.0,0.0
1212,2. Bundesliga (DE),60998,Vinko Šapina,V. Šapina,1995-06-29,68.76,17.09,17.83,14,14,0,426.0,30.43,23.21,76.29,2.21,0.14,3.58,1.36,261.0,18.64,14.86,79.7,0.36,0.21,60.0,14.86,57.0,4.07,3.43,1.79,1.5,0.07,0.0,0.0,,84.21,84.0,0.64,0.43,0.07,0.29,0.21,0.14,66.67,0.86,0.07,8.33,1.86,0.36,19.23,0.21,11.54
1212,2. Bundesliga (DE),61090,Lukas Kunze,L. Kunze,1998-06-14,10.14,1.78,4.12,2,2,0,3.0,1.5,0.0,0.0,0.0,0.0,2.19,0.7,1.0,0.5,0.0,0.0,0.0,0.0,,0.5,0.0,0.0,0.0,0.0,0.0,0.0,0.0,0.0,,,,0.0,0.0,0.0,0.0,0.0,0.0,,0.0,0.0,,0.0,0.0,,0.0,
1212,2. Bundesliga (DE),61093,Felix Higl,F. Higl,1997-01-08,24.78,5.65,6.23,18,17,1,88.0,5.18,2.94,56.82,0.94,0.18,3.66,1.17,53.0,3.12,1.82,58.49,0.71,0.53,75.0,1.41,13.0,0.76,0.65,0.12,0.12,0.18,0.06,0.06,100.0,84.62,100.0,0.06,0.12,0.12,0.0,0.0,0.0,,0.94,0.12,12.5,1.47,0.12,8.0,0.18,12.0
1212,2. Bundesliga (DE),61094,Florian Kleinhansl,F. Kleinhansl,2000-08-11,49.98,12.31,13.73,12,12,0,232.0,19.33,14.0,72.41,1.17,0.17,4.24,1.37,146.0,12.17,9.25,76.03,1.08,0.58,53.85,10.75,44.0,3.67,2.67,2.33,1.75,0.67,0.58,0.5,85.72,72.73,75.0,0.17,0.83,0.08,0.08,0.08,0.08,100.0,1.33,0.25,18.75,1.83,0.42,22.73,0.25,13.64
1212,2. Bundesliga (DE),61127,Valgeir Lunddal Fridriksson,V. Lunddal Fridriksson,2001-09-24,49.95,14.19,13.49,13,13,0,286.0,22.0,15.54,70.63,1.38,0.15,4.59,1.58,208.0,16.0,12.08,75.48,1.0,0.54,53.85,14.85,50.0,3.85,2.46,1.54,1.0,1.0,0.69,0.38,55.56,64.0,65.0,0.0,1.54,0.23,0.15,0.08,0.0,0.0,1.92,0.46,24.0,2.38,0.31,12.9,0.54,22.58
1212,2. Bundesliga (DE),61171,Alexander Bernhardsson,A. Bernhardsson,1998-09-08,77.45,20.47,19.84,20,20,0,579.0,28.95,16.6,57.34,4.1,0.65,6.96,1.84,392.0,19.6,12.25,62.5,3.55,1.85,52.11,13.7,173.0,8.65,4.65,4.8,2.25,2.0,1.2,0.45,37.5,53.76,46.88,1.2,2.75,0.7,2.1,0.45,0.3,66.67,4.95,0.8,16.16,7.4,1.65,22.3,1.4,18.92
1212,2. Bundesliga (DE),61635,Anouar El Azzouzi,A. El Azzouzi,2001-05-29,94.99,25.76,26.8,29,27,2,1210.0,44.81,33.52,74.79,3.67,0.26,4.6,1.49,824.0,30.52,24.67,80.83,2.11,0.85,40.35,25.44,212.0,7.85,5.33,3.93,2.22,1.48,1.15,0.52,45.16,67.92,56.6,1.04,3.37,0.3,0.37,0.22,0.15,66.67,3.07,0.3,9.64,5.15,1.19,23.02,0.59,11.51
1212,2. Bundesliga (DE),62069,Ben Bobzien,B. Bobzien,2003-04-29,84.1,23.74,22.84,15,15,0,496.0,33.07,20.93,63.31,4.53,0.6,7.3,2.03,354.0,23.6,15.2,64.41,3.93,1.87,47.46,15.8,161.0,10.73,5.93,6.13,2.53,1.8,1.07,0.07,6.25,55.28,41.3,0.67,1.6,0.53,1.53,1.07,0.2,18.75,5.27,0.6,11.39,8.4,1.27,15.08,1.33,15.87
1212,2. Bundesliga (DE),62104,Noah Weißhaupt,N. Weißhaupt,2001-09-20,33.35,8.38,9.43,6,6,0,61.0,10.17,6.0,59.02,1.17,0.17,6.57,1.87,42.0,7.0,4.33,61.91,1.33,0.5,37.5,5.67,16.0,2.67,1.67,1.33,0.83,0.83,0.67,0.33,50.0,62.5,62.5,0.17,0.67,0.17,0.33,0.0,0.0,,1.5,0.5,33.33,2.33,0.5,21.43,0.5,21.43
1212,2. Bundesliga (DE),62180,Isac Lidberg,I. Lidberg,1998-09-08,90.48,24.03,23.9,30,29,1,465.0,16.03,7.69,47.96,4.14,0.83,6.18,1.64,267.0,9.21,4.66,50.56,2.38,0.97,40.58,5.07,121.0,4.17,2.1,2.76,1.14,1.38,1.14,0.17,15.15,50.41,41.25,0.76,0.69,1.1,0.69,0.1,0.0,0.0,3.17,0.38,11.96,5.17,1.34,26.0,1.41,27.33
1212,2. Bundesliga (DE),63151,Brynjar Ingi Bjarnason,B. Bjarnason,1999-12-06,59.41,13.09,16.51,16,16,0,410.0,25.62,20.25,79.02,0.81,0.12,2.89,1.21,277.0,17.31,15.0,86.64,0.25,0.06,25.0,16.44,43.0,2.69,1.88,0.88,0.69,0.25,0.0,0.0,,69.77,78.57,0.06,0.0,0.0,0.06,0.06,0.0,0.0,0.38,0.0,0.0,0.88,0.25,28.57,0.0,0.0
1212,2. Bundesliga (DE),63331,Leandro  Morgalla,L. Morgalla,2004-09-13,74.01,16.87,21.8,32,31,1,896.0,28.9,20.77,71.87,1.68,0.06,5.41,1.62,586.0,18.9,14.84,78.5,0.81,0.39,48.0,17.19,172.0,5.55,3.74,3.35,2.23,1.48,1.0,0.65,64.52,67.44,66.35,0.06,1.52,0.13,0.42,0.19,0.03,16.67,1.1,0.13,11.77,1.71,0.48,28.3,0.13,7.55
1212,2. Bundesliga (DE),63374,Faride Alidou,F. Alidou,2001-07-18,43.46,8.9,12.55,20,19,1,178.0,9.37,4.0,42.7,1.68,0.42,5.98,1.53,95.0,5.0,2.58,51.58,0.42,0.05,12.5,4.0,44.0,2.32,0.58,1.47,0.16,0.68,0.47,0.0,0.0,25.0,10.71,0.16,0.42,0.16,0.16,0.05,0.0,0.0,0.68,0.11,15.38,1.63,0.32,19.35,0.32,19.35
1212,2. Bundesliga (DE),63429,Norman Bassette,N. Bassette,2004-11-09,57.95,14.05,16.01,16,15,1,193.0,12.87,5.47,42.49,2.2,0.6,9.19,2.12,127.0,8.47,3.93,46.46,2.27,0.47,20.59,4.27,78.0,5.2,1.8,3.73,1.47,2.2,1.87,0.6,32.14,34.62,39.29,0.53,0.73,0.67,0.87,0.2,0.0,0.0,2.73,0.13,4.88,4.47,1.27,28.36,1.2,26.87
1212,2. Bundesliga (DE),67375,Levente Szabó,L. Szabó,1999-06-06,35.06,7.75,9.57,13,13,0,84.0,6.46,2.77,42.86,1.0,0.15,5.07,1.26,52.0,4.0,1.77,44.23,1.15,0.46,40.0,2.15,18.0,1.38,0.69,0.69,0.31,0.46,0.38,0.08,20.0,50.0,44.44,0.23,0.38,0.23,0.15,0.0,0.0,,1.38,0.15,11.11,2.46,0.23,9.37,0.54,21.87
1212,2. Bundesliga (DE),67653,Daisuke Yokota,D. Yokota,2000-06-15,65.44,20.11,15.84,30,30,0,830.0,27.67,16.77,60.6,3.93,0.5,7.69,2.3,626.0,20.87,13.43,64.38,2.9,1.6,55.17,16.8,281.0,9.37,5.27,4.53,2.2,1.37,1.1,0.4,36.36,56.23,48.53,0.53,1.53,0.2,1.97,1.37,0.57,41.46,3.8,0.57,14.91,6.03,1.23,20.44,1.2,19.89
1212,2. Bundesliga (DE),67779,Marcel Beifus,M. Beifus,2002-10-27,62.99,16.69,16.5,13,13,0,417.0,32.08,26.54,82.73,1.15,0.23,3.26,1.39,271.0,20.85,18.46,88.56,0.38,0.08,20.0,19.54,43.0,3.31,2.77,1.54,1.23,0.62,0.23,0.23,100.0,83.72,80.0,0.0,0.46,0.08,0.0,0.0,0.0,,0.46,0.08,16.67,0.69,0.15,22.22,0.15,22.22
1212,2. Bundesliga (DE),67781,Lasse Günther,L. Günther,2003-03-21,64.86,17.78,15.73,27,27,0,758.0,28.07,19.44,69.26,2.59,0.37,6.78,1.76,510.0,18.89,13.22,70.0,0.96,0.56,57.69,17.07,215.0,7.96,5.56,5.33,3.63,2.81,2.48,1.41,56.72,69.77,68.06,0.04,2.33,0.37,1.26,0.63,0.3,47.06,1.19,0.11,9.38,2.52,0.93,36.76,0.44,17.65
1212,2. Bundesliga (DE),67914,Linus Gechter,L. Gechter,2004-02-27,95.01,25.16,25.01,30,30,0,1572.0,52.4,42.47,81.04,1.97,0.23,4.31,1.44,1074.0,35.8,31.37,87.62,0.97,0.43,44.83,33.53,260.0,8.67,7.07,3.6,2.9,1.47,0.6,0.4,66.67,81.54,80.56,0.03,0.57,0.07,0.03,0.27,0.13,50.0,1.33,0.03,2.5,1.83,0.63,34.55,0.27,14.55
1212,2. Bundesliga (DE),67959,Philipp Strompf,P. Strompf,1998-04-23,96.93,21.62,28.08,26,25,1,1191.0,47.64,37.88,79.51,1.64,0.16,4.47,1.44,795.0,31.8,27.56,86.67,0.32,0.12,37.5,30.48,219.0,8.76,7.0,4.88,3.8,1.12,0.4,0.28,70.0,79.91,77.87,0.0,0.12,0.0,0.0,0.68,0.36,52.94,0.44,0.0,0.0,0.72,0.32,44.44,0.08,11.11
1212,2. Bundesliga (DE),68238,Look Nicholas Sa Kengkhetid Mickelson,N. Mickelson,1999-07-24,44.72,13.45,10.13,25,25,0,497.0,19.88,13.92,70.02,1.8,0.28,7.32,2.47,338.0,13.52,9.84,72.78,1.08,0.56,51.85,11.92,179.0,7.16,4.64,4.48,2.72,0.72,0.44,0.2,45.45,64.81,60.71,0.08,1.28,0.04,0.4,0.64,0.32,50.0,1.28,0.04,3.12,1.92,0.68,35.42,0.08,4.17
1212,2. Bundesliga (DE),68577,Eldin Dzogovic,E. Dzogovic,2003-06-08,41.45,12.22,10.31,5,5,0,61.0,12.2,6.8,55.73,0.8,0.2,8.7,2.08,40.0,8.0,4.8,60.0,0.6,0.0,0.0,7.0,23.0,4.6,2.4,2.2,0.8,1.6,1.0,0.2,20.0,52.18,36.36,0.0,0.6,0.0,0.6,0.4,0.2,50.0,0.8,0.0,0.0,1.8,0.2,11.11,0.0,0.0
1212,2. Bundesliga (DE),68643,Killian Corredor,K. Corredor,2000-11-04,89.01,24.34,23.06,27,26,1,778.0,29.92,18.77,62.73,4.42,0.42,7.02,1.8,573.0,22.04,14.54,65.97,3.15,1.5,47.56,14.73,237.0,9.12,5.58,5.42,2.88,2.38,1.81,0.81,44.68,61.18,53.19,1.42,3.35,1.35,0.69,0.35,0.19,55.56,4.46,0.54,12.07,7.31,1.46,20.0,1.12,15.26
1212,2. Bundesliga (DE),68909,Francis-Ikechukwu Onyeka,F. Onyeka,2007-04-29,79.9,18.19,23.9,29,28,1,521.0,18.61,10.89,58.54,3.04,0.32,4.98,1.33,322.0,11.5,7.18,62.42,2.36,0.96,40.91,7.11,105.0,3.75,1.71,2.46,1.0,1.11,0.89,0.29,32.0,45.71,40.58,1.32,1.04,0.61,0.71,0.14,0.07,50.0,2.96,0.25,8.43,4.39,1.04,23.58,1.29,29.27
1212,2. Bundesliga (DE),68916,Ken Eghosa Gideon Izekor,K. Izekor,2007-05-24,14.46,3.95,5.19,1,1,0,2.0,2.0,1.0,50.0,0.0,0.0,0.36,0.4,1.0,1.0,0.0,0.0,0.0,0.0,,1.0,0.0,0.0,0.0,0.0,0.0,0.0,0.0,0.0,,,,0.0,0.0,0.0,0.0,0.0,0.0,,0.0,0.0,,0.0,0.0,,0.0,
1212,2. Bundesliga (DE),68922,Daniel Hülsenbusch,D. Hülsenbusch,2005-01-18,16.16,4.68,3.7,1,1,0,7.0,7.0,4.0,57.14,1.0,0.0,0.86,0.37,4.0,4.0,3.0,75.0,0.0,0.0,,4.0,0.0,0.0,0.0,0.0,0.0,0.0,0.0,0.0,,,,0.0,0.0,0.0,0.0,0.0,0.0,,0.0,0.0,,0.0,0.0,,0.0,
1212,2. Bundesliga (DE),68942,Batuhan Zidan Sertdemir,Z. Sertdemir,2005-02-04,60.25,16.68,14.54,20,19,1,462.0,24.32,18.74,77.06,2.0,0.05,5.85,1.82,345.0,18.16,14.11,77.68,2.68,1.68,62.74,12.89,122.0,6.42,5.05,2.95,2.21,0.42,0.42,0.32,75.0,78.69,75.0,1.47,2.16,0.16,0.21,0.42,0.26,62.5,4.74,1.0,21.11,6.16,1.11,17.95,0.53,8.55
1212,2. Bundesliga (DE),68949,Noah Pesch,N. Pesch,2005-05-18,29.17,8.61,6.64,19,19,0,174.0,9.16,5.63,61.49,1.95,0.42,4.37,1.24,131.0,6.89,4.42,64.12,1.37,0.58,42.31,5.05,31.0,1.63,0.89,1.11,0.53,0.63,0.58,0.16,27.27,54.84,47.62,0.32,0.68,0.32,0.37,0.11,0.05,50.0,1.79,0.32,17.65,3.0,0.53,17.54,0.74,24.56
1212,2. Bundesliga (DE),68955,Caspar Jander,C. Jander,2003-03-23,97.6,31.55,24.22,1,1,0,64.0,64.0,46.0,71.88,3.0,0.0,4.73,1.42,42.0,42.0,31.0,73.81,7.0,4.0,57.14,28.0,14.0,14.0,9.0,5.0,3.0,2.0,1.0,0.0,0.0,64.29,60.0,0.0,6.0,2.0,0.0,1.0,1.0,100.0,10.0,1.0,10.0,11.0,2.0,18.18,2.0,18.18
1212,2. Bundesliga (DE),68956,Hamza Anhari,H. Anhari,2004-01-30,24.95,7.82,3.48,1,1,0,8.0,8.0,6.0,75.0,0.0,0.0,10.65,3.12,5.0,5.0,4.0,80.0,2.0,2.0,100.0,3.0,4.0,4.0,3.0,1.0,0.0,0.0,0.0,0.0,,75.0,0.0,0.0,0.0,1.0,0.0,2.0,1.0,50.0,2.0,1.0,50.0,2.0,0.0,0.0,0.0,0.0
1212,2. Bundesliga (DE),69233,Enzo Leopold,E. Leopold,2000-07-23,99.98,30.24,23.72,34,34,0,2095.0,61.62,53.38,86.64,2.65,0.26,3.39,1.34,1481.0,43.56,39.44,90.55,0.62,0.35,57.14,37.44,259.0,7.62,6.26,3.68,2.91,1.03,0.5,0.38,76.47,82.24,79.2,1.03,1.35,0.03,0.41,0.35,0.15,41.67,1.71,0.24,13.79,2.76,0.59,21.28,0.21,7.45
1212,2. Bundesliga (DE),69930,Janne Berner,J. Berner,2005-04-06,40.35,8.14,11.87,2,2,0,25.0,12.5,6.5,52.0,1.5,0.0,2.24,0.64,15.0,7.5,3.0,40.0,1.5,0.0,0.0,5.5,2.0,1.0,0.5,0.5,0.0,0.5,0.0,0.0,,50.0,0.0,0.0,0.5,0.0,0.0,0.0,0.0,,2.0,0.0,0.0,3.5,0.5,14.29,0.0,0.0
1212,2. Bundesliga (DE),69931,Benjamin Bediako Boakye,B. Boakye,2005-03-07,55.13,13.52,14.19,25,25,0,553.0,22.12,13.08,59.13,1.4,0.08,6.14,1.72,356.0,14.24,8.92,62.64,1.2,0.64,53.33,11.8,153.0,6.12,2.92,3.64,1.36,1.44,0.96,0.24,25.0,47.71,37.36,0.24,1.12,0.2,0.44,0.56,0.08,14.29,1.56,0.2,12.82,2.88,0.76,26.39,0.32,11.11
1212,2. Bundesliga (DE),69932,Luca Raimund,L. Raimund,2005-04-09,41.11,10.57,10.89,15,15,0,209.0,13.93,7.27,52.15,1.27,0.07,5.96,1.81,146.0,9.73,5.27,54.11,2.33,1.2,51.43,7.2,53.0,3.53,1.53,2.47,0.87,0.8,0.6,0.2,33.33,43.4,35.14,0.07,0.6,0.13,0.6,0.6,0.2,33.33,2.8,0.67,23.81,4.0,0.53,13.33,0.4,10.0
1212,2. Bundesliga (DE),69935,Laurin Ulrich,L. Ulrich,2005-01-31,88.51,26.6,21.38,33,32,1,1081.0,33.78,22.5,66.61,4.12,0.28,7.33,1.88,680.0,21.25,14.56,68.53,2.41,0.91,37.66,16.03,360.0,11.25,7.25,6.12,3.66,2.22,1.66,0.97,58.49,64.44,59.69,2.09,2.72,0.41,2.06,0.78,0.41,52.0,3.69,0.62,16.95,6.03,1.44,23.83,1.03,17.1
1212,2. Bundesliga (DE),69949,Berkay Yılmaz,B. Yılmaz,2005-02-25,97.67,25.81,25.95,33,33,0,1546.0,46.85,31.58,67.4,3.42,0.36,7.88,2.29,1020.0,30.91,22.27,72.06,1.85,0.88,47.54,27.91,505.0,15.3,9.48,9.48,5.36,3.52,2.39,1.06,44.3,61.98,56.55,0.3,2.85,0.45,1.39,1.97,1.0,50.77,2.79,0.48,17.39,4.33,0.97,22.38,0.58,13.29
1212,2. Bundesliga (DE),69962,Ruben Müller,R. Müller,2005-08-24,53.5,15.03,13.27,22,22,0,543.0,24.68,16.95,68.69,2.73,0.32,4.42,1.39,382.0,17.36,12.73,73.3,1.45,0.68,46.88,14.27,98.0,4.45,2.77,2.27,1.18,0.82,0.55,0.18,33.33,62.25,52.0,0.5,1.77,0.18,0.36,0.45,0.32,70.0,2.59,0.59,22.81,3.86,0.86,22.35,0.55,14.12
1212,2. Bundesliga (DE),70297,Dennis  Seimen,D. Seimen,2005-12-01,101.71,28.48,24.85,34,34,0,1123.0,33.03,22.06,66.79,0.24,0.0,4.67,3.46,694.0,20.41,14.79,72.48,0.24,0.06,25.0,20.0,211.0,6.21,3.56,3.15,1.82,0.03,0.0,0.0,,57.35,57.94,0.0,0.0,0.0,0.0,0.18,0.12,66.67,0.5,0.18,35.29,0.59,0.18,30.0,0.0,0.0
1212,2. Bundesliga (DE),70304,Mika Joel Baur,M. Baur,2004-07-09,89.15,25.19,21.82,33,33,0,1503.0,45.55,35.39,77.71,3.52,0.33,5.02,1.54,1011.0,30.64,25.27,82.49,1.15,0.67,57.89,26.45,323.0,9.79,7.45,4.15,2.85,1.73,0.91,0.39,43.33,76.16,68.61,0.76,1.27,0.0,0.39,0.42,0.18,42.86,1.88,0.24,12.9,3.36,0.39,11.71,0.45,13.51
1212,2. Bundesliga (DE),70316,Marco Wörner,M. Wörner,2004-09-25,25.75,8.31,7.19,4,4,0,29.0,7.25,3.75,51.72,1.0,0.0,4.88,1.42,17.0,4.25,2.5,58.82,0.25,0.25,100.0,3.0,6.0,1.5,0.25,1.0,0.25,0.5,0.5,0.0,0.0,16.67,25.0,0.25,0.5,0.0,0.5,0.0,0.0,,0.5,0.0,0.0,1.75,0.5,28.57,0.25,14.28
1212,2. Bundesliga (DE),70339,Falko Michel,F. Michel,2001-01-14,77.49,23.62,18.68,29,28,1,969.0,34.61,25.86,74.72,2.71,0.11,4.24,1.32,608.0,21.71,17.43,80.26,1.0,0.29,28.57,18.21,171.0,6.11,4.68,2.79,1.93,1.18,0.64,0.39,61.11,76.61,69.23,0.96,1.18,0.11,0.54,0.32,0.21,66.67,1.57,0.11,6.82,2.68,0.39,14.67,0.57,21.33
1212,2. Bundesliga (DE),70340,Matej Maglica,M. Maglica,1998-09-25,81.87,21.96,21.0,30,30,0,1293.0,43.1,34.17,79.27,1.43,0.3,3.74,1.46,870.0,29.0,24.73,85.29,0.53,0.27,50.0,27.67,179.0,5.97,4.63,2.73,2.13,0.73,0.23,0.13,57.14,77.65,78.05,0.1,0.1,0.1,0.07,0.47,0.3,64.29,0.67,0.1,15.0,0.87,0.23,26.92,0.07,7.69
1212,2. Bundesliga (DE),70562,Andi Hoti,A. Hoti,2003-03-02,67.88,16.33,18.93,16,16,0,440.0,27.5,22.19,80.68,0.56,0.0,3.47,1.4,264.0,16.5,14.19,85.98,0.12,0.12,100.0,15.25,53.0,3.31,2.81,1.69,1.56,0.31,0.06,0.06,100.0,84.91,92.59,0.12,0.06,0.0,0.0,0.06,0.06,100.0,0.19,0.06,33.33,0.38,0.12,33.33,0.12,33.33
1212,2. Bundesliga (DE),70832,Claudio Kammerknecht,C. Kammerknecht,1999-07-07,52.75,14.42,12.45,12,12,0,446.0,37.17,29.25,78.7,1.67,0.08,5.26,1.78,288.0,24.0,20.42,85.07,0.67,0.17,25.0,23.25,95.0,7.92,6.75,4.0,3.58,1.25,0.42,0.33,80.0,85.26,89.58,0.08,0.08,0.0,0.0,0.5,0.42,83.33,1.08,0.17,15.39,1.33,0.08,6.25,0.0,0.0
1212,2. Bundesliga (DE),70849,Moritz Broschinski,M. Broschinski,2000-09-23,75.42,18.7,15.56,2,2,0,28.0,14.0,7.0,50.0,3.5,0.5,5.6,1.42,15.0,7.5,3.5,46.67,3.5,1.5,42.86,3.0,5.0,2.5,1.0,1.0,0.0,1.0,1.0,0.0,0.0,40.0,0.0,1.0,1.0,1.0,1.0,0.0,0.0,,4.5,1.0,22.22,6.0,0.0,0.0,1.0,16.67
1212,2. Bundesliga (DE),72012,Magnus Nordengen Knudsen,M. Knudsen,2001-06-15,73.87,19.3,19.32,17,17,0,568.0,33.41,27.06,80.99,1.59,0.06,5.63,1.59,386.0,22.71,19.82,87.31,1.12,0.76,68.42,18.0,136.0,8.0,6.71,2.88,2.12,1.35,0.82,0.47,57.14,83.82,73.47,0.94,1.12,0.0,0.29,0.35,0.29,83.33,1.76,0.18,10.0,3.24,0.53,16.36,0.35,10.91
1212,2. Bundesliga (DE),73227,Antonio Tikvić,A. Tikvić,2004-04-21,11.0,3.05,1.69,1,1,0,9.0,9.0,7.0,77.78,0.0,0.0,2.31,1.41,6.0,6.0,5.0,83.33,0.0,0.0,,6.0,0.0,0.0,0.0,0.0,0.0,0.0,0.0,0.0,,,,0.0,0.0,0.0,0.0,0.0,0.0,,1.0,0.0,0.0,1.0,1.0,100.0,0.0,0.0
1212,2. Bundesliga (DE),73275,Dariusz Stalmach,D. Stalmach,2005-12-08,47.68,13.8,11.29,24,23,1,446.0,19.39,14.22,73.32,2.0,0.26,5.44,1.64,276.0,12.0,9.48,78.99,0.87,0.52,60.0,10.04,108.0,4.7,3.43,2.3,1.52,0.7,0.48,0.22,45.45,73.15,66.04,0.52,1.96,0.35,0.57,0.17,0.17,100.0,1.13,0.17,15.38,1.7,0.17,10.26,0.39,23.08
1212,2. Bundesliga (DE),76755,Luka Hyryläinen,L. Hyryläinen,2004-08-25,51.74,15.9,12.43,8,8,0,231.0,28.88,23.12,80.09,1.88,0.12,5.13,1.75,134.0,16.75,14.12,84.33,0.75,0.38,50.0,13.88,50.0,6.25,5.25,3.25,2.38,0.75,0.5,0.38,75.0,84.0,73.08,0.5,0.88,0.38,0.25,0.25,0.25,100.0,1.0,0.0,0.0,2.62,0.5,19.05,0.25,9.52
1212,2. Bundesliga (DE),76806,Ali Eren Ersungur,A. Ersungur,2005-11-22,11.93,2.9,2.1,1,1,0,1.0,1.0,1.0,100.0,0.0,0.0,2.92,1.1,1.0,1.0,1.0,100.0,0.0,0.0,,0.0,0.0,0.0,0.0,0.0,0.0,0.0,0.0,0.0,,,,0.0,0.0,0.0,0.0,0.0,0.0,,1.0,0.0,0.0,1.0,0.0,0.0,0.0,0.0
1212,2. Bundesliga (DE),76817,Florian  Micheler,F. Micheler,2005-05-17,27.06,7.04,6.57,4,4,0,36.0,9.0,5.0,55.56,1.5,0.0,2.27,0.91,25.0,6.25,4.0,64.0,0.75,0.75,100.0,4.25,3.0,0.75,0.25,0.25,0.0,0.0,0.0,0.0,,33.33,0.0,0.0,0.25,0.0,0.25,0.0,0.0,,1.0,0.0,0.0,1.5,0.25,16.67,0.5,33.33
1212,2. Bundesliga (DE),84586,Emil Winther Højlund,E. Højlund,2005-01-04,42.62,8.04,9.56,3,3,0,22.0,7.33,3.67,50.0,1.0,0.0,3.4,0.96,15.0,5.0,2.67,53.33,2.33,1.0,42.86,3.0,3.0,1.0,0.33,0.67,0.0,0.33,0.33,0.0,0.0,33.33,0.0,0.67,1.0,0.33,0.0,0.0,0.0,,3.33,0.67,20.0,4.0,0.33,8.33,1.67,41.66
1212,2. Bundesliga (DE),90581,Tim Rossmann,T. Rossmann,2003-11-11,53.48,17.51,13.3,5,5,0,124.0,24.8,17.8,71.78,2.2,0.2,9.65,2.67,86.0,17.2,13.4,77.91,1.0,0.6,60.0,15.6,44.0,8.8,6.0,5.8,3.8,1.2,0.8,0.6,75.0,68.18,65.52,0.2,2.8,0.0,1.4,0.8,0.2,25.0,1.8,1.2,66.67,2.0,0.4,20.0,0.0,0.0
1212,2. Bundesliga (DE),90582,Stefano Marino,S. Marino,2004-03-12,50.44,13.48,13.09,27,27,0,379.0,14.04,6.52,46.44,2.85,0.3,6.39,1.77,260.0,9.63,4.7,48.85,2.56,0.89,34.78,5.15,92.0,3.41,1.11,2.07,0.44,0.81,0.7,0.19,26.32,32.61,21.43,0.78,0.81,0.74,0.44,0.15,0.0,0.0,3.59,0.44,12.37,5.19,0.59,11.43,1.04,20.0
1212,2. Bundesliga (DE),92737,Sidi Sané,S. Sané,2003-04-21,40.14,10.45,9.83,23,23,0,218.0,9.48,5.57,58.71,1.7,0.17,7.74,2.09,155.0,6.74,4.13,61.29,1.13,0.52,46.15,4.57,80.0,3.48,1.96,2.0,0.87,0.65,0.57,0.13,23.08,56.25,43.48,0.39,0.48,0.22,1.0,0.17,0.04,25.0,1.39,0.26,18.75,2.35,0.35,14.82,0.43,18.52
1212,2. Bundesliga (DE),92744,Mattes Hansen,M. Hansen,2004-05-15,67.93,19.59,16.52,29,29,0,1131.0,39.0,32.52,83.38,1.59,0.31,3.85,1.38,773.0,26.66,23.76,89.13,0.59,0.41,70.59,24.0,159.0,5.48,4.62,2.86,2.34,1.07,0.69,0.45,65.0,84.28,81.93,0.24,1.28,0.03,0.0,0.38,0.28,72.73,1.14,0.24,21.21,1.76,0.52,29.41,0.03,1.96
1212,2. Bundesliga (DE),92749,Juan Ignacio Cabrera,J. Cabrera,2003-02-27,16.47,3.75,4.68,3,2,1,7.0,3.5,2.5,71.43,0.0,0.0,3.61,1.01,4.0,2.0,1.5,75.0,1.0,1.0,100.0,1.0,1.0,0.5,0.5,0.5,0.5,0.0,0.0,0.0,,100.0,100.0,0.0,0.5,0.0,0.0,0.0,0.0,,1.0,0.0,0.0,1.0,0.0,0.0,0.0,0.0
1212,2. Bundesliga (DE),92751,Louis Köster,L. Köster,2003-01-25,33.71,8.74,6.48,3,3,0,20.0,6.67,1.0,15.0,2.0,0.33,4.38,1.27,8.0,2.67,1.0,37.5,0.0,0.0,,1.67,3.0,1.0,0.33,0.0,0.0,0.33,0.0,0.0,,33.33,,0.0,0.0,0.33,0.0,0.0,0.0,,0.67,0.67,100.0,0.67,0.0,0.0,0.0,0.0
1212,2. Bundesliga (DE),98115,Max Grüger,M. Grüger,2005-05-24,21.18,3.83,5.12,4,4,0,15.0,3.75,2.5,66.67,0.0,0.0,3.75,1.1,9.0,2.25,1.5,66.66,0.0,0.0,,2.0,1.0,0.25,0.0,0.0,0.0,0.0,0.0,0.0,,0.0,,0.0,0.0,0.0,0.0,0.0,0.0,,0.0,0.0,,0.0,0.0,,0.0,
1212,2. Bundesliga (DE),98120,Taylan  Bulut,T. Bulut,2006-01-19,22.71,5.43,3.1,2,2,0,15.0,7.5,3.0,40.0,0.0,0.0,7.75,1.94,7.0,3.5,2.5,71.43,0.0,0.0,,3.5,5.0,2.5,0.5,1.0,0.0,1.0,0.5,0.0,0.0,20.0,0.0,0.0,0.0,0.0,0.0,0.0,0.0,,0.0,0.0,,0.0,0.0,,0.0,
1212,2. Bundesliga (DE),98121,Vitalie  Becker,V. Becker,2005-03-03,79.21,15.61,21.93,20,20,0,462.0,23.1,12.45,53.9,2.15,0.1,4.81,1.39,268.0,13.4,8.2,61.19,0.6,0.15,25.0,12.15,90.0,4.5,1.65,2.35,0.9,1.55,1.05,0.25,23.81,36.67,38.3,0.05,1.0,0.25,0.4,0.0,0.0,,0.8,0.05,6.25,1.55,0.55,35.48,0.2,12.9
1212,2. Bundesliga (DE),98134,Julian Pauli,J. Pauli,2005-07-18,93.59,24.46,25.31,20,20,0,1014.0,50.7,42.6,84.02,1.05,0.15,4.07,1.65,686.0,34.3,30.45,88.78,0.35,0.05,14.29,32.3,145.0,7.25,6.2,3.7,3.0,1.1,0.6,0.45,75.0,85.52,81.08,0.0,1.05,0.0,0.1,0.6,0.45,75.0,0.5,0.05,10.0,1.15,0.35,30.43,0.1,8.7
1212,2. Bundesliga (DE),99674,Lucas Copado Schrobenhauser,Lucas Copado,2004-01-10,41.73,12.32,9.3,9,9,0,104.0,11.56,6.33,54.81,1.67,0.22,6.83,1.8,70.0,7.78,4.78,61.43,1.56,1.0,64.28,4.89,29.0,3.22,1.44,2.0,0.67,0.33,0.22,0.0,0.0,44.83,33.33,0.44,0.22,0.33,0.33,0.56,0.22,40.0,2.11,0.0,0.0,3.0,0.11,3.7,0.44,14.81
1212,2. Bundesliga (DE),101496,Meiko Wäschenbach,M. Wäschenbach,2004-01-13,45.65,12.04,13.31,11,11,0,199.0,18.09,14.55,80.4,0.91,0.0,3.22,1.19,138.0,12.55,10.91,86.96,0.64,0.36,57.14,10.64,20.0,1.82,1.55,0.82,0.64,0.0,0.0,0.0,,85.0,77.78,0.45,0.45,0.0,0.0,0.0,0.0,,1.36,0.18,13.33,2.18,0.45,20.83,0.0,0.0
1212,2. Bundesliga (DE),103047,Niko Koulis,N. Koulis,1999-05-04,64.2,14.03,18.6,16,16,0,412.0,25.75,21.62,83.98,0.56,0.0,3.56,1.37,266.0,16.62,15.06,90.6,0.06,0.0,0.0,15.44,53.0,3.31,2.62,1.44,1.25,0.5,0.12,0.12,100.0,79.25,86.96,0.0,0.06,0.06,0.06,0.06,0.0,0.0,0.06,0.0,0.0,0.19,0.0,0.0,0.0,0.0
1212,2. Bundesliga (DE),105429,Robert Geller,R. Geller,2004-01-05,13.77,3.13,2.4,2,2,0,8.0,4.0,2.5,62.5,0.0,0.0,1.5,0.86,3.0,1.5,1.5,100.0,0.0,0.0,,0.5,0.0,0.0,0.0,0.0,0.0,0.0,0.0,0.0,,,,0.0,0.0,0.0,0.0,0.0,0.0,,0.0,0.0,,0.0,0.0,,0.0,
1212,2. Bundesliga (DE),105445,Julian Eitschberger,J. Eitschberger,2004-03-05,50.05,12.46,13.71,25,25,0,481.0,19.24,12.6,65.49,1.0,0.2,4.69,1.51,331.0,13.24,9.28,70.09,0.88,0.44,50.0,12.44,96.0,3.84,2.0,2.4,1.08,1.2,0.8,0.24,30.0,52.08,45.0,0.08,1.2,0.08,0.44,0.24,0.16,66.67,1.12,0.12,10.71,2.0,0.68,34.0,0.16,8.0
1212,2. Bundesliga (DE),105599,Grant-Leon Ranos,G. Ranos,2003-07-20,36.0,8.76,9.21,11,11,0,127.0,11.55,6.45,55.91,1.45,0.09,6.85,1.83,81.0,7.36,4.18,56.79,1.73,0.73,42.11,4.91,35.0,3.18,1.73,1.91,0.91,0.91,0.73,0.64,87.5,54.29,47.62,0.36,1.18,0.27,0.82,0.36,0.18,50.0,2.55,0.27,10.71,3.73,0.73,19.51,0.55,14.64
1212,2. Bundesliga (DE),105602,David Herold,D. Herold,2003-02-20,95.41,24.9,27.47,32,32,0,1295.0,40.47,25.25,62.39,2.97,0.28,6.55,2.02,906.0,28.31,18.34,64.79,2.03,0.62,30.77,25.12,352.0,11.0,6.0,6.97,3.44,1.44,1.12,0.34,30.56,54.55,49.33,0.25,2.31,0.22,1.16,1.09,0.41,37.14,2.81,0.5,17.78,4.66,1.06,22.82,0.44,9.4
1212,2. Bundesliga (DE),105605,Tarek Buchmann,T. Buchmann,2005-02-28,54.11,10.99,15.98,2,2,0,29.0,14.5,8.5,58.62,0.5,0.0,3.74,1.44,18.0,9.0,6.0,66.67,0.0,0.0,,9.0,5.0,2.5,1.5,1.5,1.0,0.5,0.0,0.0,,60.0,66.67,0.0,0.0,0.0,0.0,0.0,0.0,,0.0,0.0,,0.0,0.0,,0.0,
1212,2. Bundesliga (DE),105618,Danny Schmidt,D. Schmidt,2003-01-30,28.83,8.01,7.08,11,10,1,88.0,8.8,5.2,59.09,2.0,0.2,5.25,1.41,58.0,5.8,3.2,55.17,1.3,0.6,46.15,3.8,19.0,1.9,0.9,1.1,0.4,0.2,0.1,0.0,0.0,47.37,36.36,0.0,1.3,0.2,0.1,0.0,0.0,,2.0,0.5,25.0,2.8,0.5,17.86,0.7,25.0
1212,2. Bundesliga (DE),105744,Aiman Dardari,A. Dardari,2005-03-21,22.32,5.29,5.78,5,5,0,37.0,7.4,3.0,40.54,0.4,0.0,9.78,2.55,30.0,6.0,2.4,40.0,1.4,0.6,42.86,3.8,17.0,3.4,1.2,2.2,1.2,0.6,0.6,0.2,33.33,35.29,54.55,0.4,0.0,0.0,1.0,0.4,0.0,0.0,1.6,0.2,12.5,2.4,0.8,33.33,0.2,8.33
1212,2. Bundesliga (DE),105775,Maurice Krattenmacher,M. Krattenmacher,2005-08-11,37.39,10.03,9.68,22,22,0,328.0,14.91,8.45,56.71,1.68,0.05,8.38,2.02,220.0,10.0,5.55,55.45,1.77,0.77,43.59,6.23,119.0,5.41,3.45,2.68,1.41,1.41,1.14,0.55,48.0,63.87,52.54,0.64,1.23,0.36,1.05,0.36,0.23,62.5,2.45,0.36,14.82,4.18,0.73,17.39,0.41,9.78
1212,2. Bundesliga (DE),105819,David Schramm,D. Schramm,2006-06-28,65.77,15.17,20.18,3,3,0,71.0,23.67,18.33,77.47,0.33,0.0,4.04,1.32,47.0,15.67,13.33,85.11,1.0,0.67,66.67,12.0,10.0,3.33,3.33,1.0,1.0,0.33,0.33,0.33,100.0,100.0,100.0,0.33,0.0,0.0,0.0,0.0,0.0,,1.67,0.67,40.0,3.0,0.33,11.11,0.0,0.0
1212,2. Bundesliga (DE),105821,Mika Haas,M. Haas,2005-08-11,88.3,21.21,23.74,27,24,3,730.0,30.42,18.21,59.86,2.62,0.21,7.07,1.94,451.0,18.79,12.0,63.86,1.71,0.75,43.9,15.75,223.0,9.29,4.67,6.04,2.92,2.25,1.79,0.5,27.91,50.22,48.28,0.12,1.71,0.29,0.83,0.46,0.12,27.27,2.38,0.42,17.54,3.75,1.0,26.67,0.42,11.11
1212,2. Bundesliga (DE),108967,Luca Schnellbacher,L. Schnellbacher,1994-05-06,26.88,7.2,6.57,28,28,0,129.0,4.61,2.61,56.59,1.0,0.29,2.95,0.81,65.0,2.32,1.39,60.0,0.5,0.29,57.14,1.39,16.0,0.57,0.36,0.25,0.14,0.11,0.07,0.04,50.0,62.5,57.14,0.14,0.57,0.11,0.11,0.0,0.0,,0.57,0.11,18.75,0.89,0.04,4.0,0.29,32.0
1212,2. Bundesliga (DE),110451,Joel Grodowski,J. Grodowski,1997-11-30,68.36,16.98,16.65,32,32,0,581.0,18.16,7.72,42.51,2.78,0.47,7.36,1.81,376.0,11.75,4.97,42.29,3.19,1.16,36.27,7.19,191.0,5.97,2.44,3.22,0.88,1.88,1.44,0.28,19.56,40.84,27.18,0.47,0.97,0.47,1.22,0.34,0.06,18.18,4.06,0.47,11.54,6.0,1.31,21.87,0.97,16.15
1212,2. Bundesliga (DE),110460,Jannik Rochelt,J. Rochelt,1998-09-27,61.89,16.78,14.65,30,30,0,716.0,23.87,15.8,66.2,2.87,0.33,6.88,1.97,508.0,16.93,11.67,68.9,1.47,0.8,54.55,13.67,218.0,7.27,4.3,4.17,2.17,1.8,1.3,0.47,35.9,59.17,52.0,0.5,1.8,0.53,0.8,0.8,0.33,41.67,1.97,0.33,16.95,4.33,0.93,21.54,0.8,18.46
1212,2. Bundesliga (DE),110464,Marcel Hoffmeier,M. Hoffmeier,1999-07-15,99.9,26.33,27.16,4,4,0,194.0,48.5,39.5,81.44,3.0,0.25,5.71,1.93,113.0,28.25,24.0,84.96,0.5,0.25,50.0,26.25,52.0,13.0,10.0,6.25,4.5,0.75,0.5,0.0,0.0,76.92,72.0,0.0,0.5,0.0,0.5,1.0,0.75,75.0,1.0,0.0,0.0,2.25,0.5,22.22,0.0,0.0
1212,2. Bundesliga (DE),110518,Simon Scherder,S. Scherder,1993-04-02,53.69,14.2,14.26,7,7,0,229.0,32.71,30.43,93.01,0.71,0.43,2.05,0.93,184.0,26.29,25.0,95.11,0.14,0.0,0.0,25.29,7.0,1.0,1.0,0.14,0.14,0.29,0.0,0.0,,100.0,100.0,0.14,0.0,0.0,0.0,0.0,0.0,,0.43,0.0,0.0,0.43,0.0,0.0,0.14,33.33
1212,2. Bundesliga (DE),111933,Hendry  Blank,H. Blank,2004-08-21,37.17,10.55,8.48,12,12,0,273.0,22.75,19.0,83.52,0.5,0.0,3.87,1.47,187.0,15.58,13.5,86.63,0.0,0.0,,15.25,41.0,3.42,2.83,1.83,1.5,0.42,0.25,0.17,66.67,82.93,81.82,0.0,0.08,0.0,0.0,0.33,0.0,0.0,0.17,0.0,0.0,0.33,0.17,50.0,0.0,0.0
1212,2. Bundesliga (DE),116318,Tjark  Ernst,T. Ernst,2003-03-15,100.21,26.48,26.85,33,33,0,974.0,29.52,19.94,67.56,0.09,0.03,4.75,3.14,589.0,17.85,12.42,69.61,0.12,0.0,0.0,17.27,195.0,5.91,3.61,3.48,2.18,0.0,0.0,0.0,,61.02,62.61,0.0,0.0,0.0,0.0,0.21,0.09,42.86,0.39,0.12,30.77,0.52,0.09,17.65,0.0,0.0
1212,2. Bundesliga (DE),119724,Bambasé  Conté,B. Conté,2003-07-07,82.15,23.85,18.28,25,25,0,727.0,29.08,18.0,61.9,5.32,0.68,7.04,1.85,453.0,18.12,11.56,63.8,4.04,1.88,46.53,10.64,214.0,8.56,5.24,5.2,2.88,2.32,1.68,0.96,57.14,61.22,55.38,2.32,2.4,0.88,1.48,0.48,0.36,75.0,5.32,0.68,12.78,8.08,1.88,23.27,1.8,22.28
1212,2. Bundesliga (DE),120556,Tim Hoffmann,T. Hoffmann,2005-02-26,18.08,3.3,8.47,1,1,0,7.0,7.0,4.0,57.14,0.0,0.0,7.38,3.2,5.0,5.0,3.0,60.0,0.0,0.0,,5.0,2.0,2.0,1.0,1.0,0.0,0.0,0.0,0.0,,50.0,0.0,0.0,0.0,0.0,0.0,0.0,0.0,,0.0,0.0,,0.0,0.0,,0.0,
1212,2. Bundesliga (DE),120557,Noël Aséko Nkili,N. Aséko,2005-11-22,77.68,24.24,18.71,32,32,0,818.0,25.56,15.44,60.39,2.97,0.56,6.32,1.7,524.0,16.38,10.41,63.55,2.56,0.81,31.71,10.66,234.0,7.31,4.31,4.38,2.44,1.5,1.06,0.5,47.06,58.97,55.72,1.44,1.41,0.44,1.31,0.31,0.12,40.0,3.75,0.38,10.0,5.81,1.25,21.5,0.94,16.13
1212,2. Bundesliga (DE),120558,Rafael  Lubach,R. Lubach,2005-01-11,80.29,21.39,21.38,29,29,0,956.0,32.97,24.45,74.16,2.83,0.34,5.59,1.7,672.0,23.17,17.69,76.34,2.28,1.31,57.58,18.97,228.0,7.86,5.03,4.17,2.21,1.14,0.86,0.38,44.0,64.03,52.89,0.72,1.14,0.28,0.55,0.55,0.24,43.75,3.45,0.41,12.0,4.55,0.69,15.15,0.55,12.12
1212,2. Bundesliga (DE),142562,Johannes Schenk,J. Schenk,2003-01-13,99.14,25.48,25.36,31,30,1,1258.0,41.93,28.13,67.09,0.13,0.03,3.98,2.83,813.0,27.1,19.67,72.57,0.43,0.17,38.46,25.87,173.0,5.77,3.47,3.1,1.77,0.1,0.03,0.03,100.0,60.12,56.99,0.0,0.0,0.0,0.0,0.4,0.17,41.67,0.93,0.27,28.57,1.4,0.5,35.71,0.0,0.0
1212,2. Bundesliga (DE),144987,Mikkel Rakneberg,M. Rakneberg,2002-02-28,27.76,5.97,10.2,5,5,0,53.0,10.6,6.6,62.27,0.4,0.0,6.48,1.83,36.0,7.2,4.6,63.89,0.2,0.0,0.0,6.2,15.0,3.0,1.2,2.8,1.2,1.0,1.0,0.4,40.0,40.0,42.85,0.0,1.2,0.0,0.0,0.4,0.2,50.0,0.4,0.0,0.0,1.0,0.4,40.0,0.0,0.0
1212,2. Bundesliga (DE),152166,Hasan Kuruçay,H. Kuruçay,1997-08-31,90.21,20.13,23.51,29,29,0,1214.0,41.86,33.66,80.4,1.62,0.17,4.37,1.76,759.0,26.17,22.93,87.62,0.14,0.03,25.0,24.97,204.0,7.03,5.83,3.1,2.62,0.52,0.24,0.17,71.43,82.84,84.44,0.0,0.31,0.0,0.1,0.38,0.17,45.45,0.24,0.0,0.0,0.59,0.07,11.76,0.07,11.76
1212,2. Bundesliga (DE),155334,Franz Roggow,F. Roggow,2002-07-14,23.75,6.79,6.16,7,7,0,90.0,12.86,10.14,78.89,1.29,0.14,2.43,0.77,61.0,8.71,7.14,81.97,0.29,0.14,50.0,7.14,6.0,0.86,0.86,0.29,0.29,0.0,0.0,0.0,,100.0,100.0,0.29,0.29,0.0,0.0,0.0,0.0,,0.57,0.0,0.0,1.0,0.29,28.57,0.0,0.0
1212,2. Bundesliga (DE),161509,Umut Tohumcu,U. Tohumcu,2004-08-11,71.96,19.57,18.29,13,12,1,316.0,26.33,17.75,67.41,2.83,0.17,6.18,1.83,219.0,18.25,12.92,70.78,1.67,0.5,30.0,14.58,84.0,7.0,4.58,3.83,2.42,1.67,1.08,0.5,46.15,65.48,63.04,0.75,2.17,0.0,0.5,0.58,0.33,57.14,2.33,0.42,17.86,4.25,0.92,21.57,0.58,13.72
1212,2. Bundesliga (DE),161791,Felix Keidel,F. Keidel,2003-06-14,60.07,16.8,13.41,25,25,0,777.0,31.08,21.88,70.4,2.08,0.24,4.9,1.66,550.0,22.0,16.4,74.55,1.0,0.64,64.0,20.56,151.0,6.04,4.0,3.4,2.28,0.96,0.52,0.2,38.46,66.23,67.06,0.12,2.04,0.08,0.12,0.28,0.04,14.29,1.6,0.28,17.5,2.68,0.96,35.82,0.24,8.96
1212,2. Bundesliga (DE),162566,Pascal Klemens,P. Klemens,2005-02-23,57.12,12.81,16.15,7,7,0,153.0,21.86,17.71,81.05,0.57,0.14,3.64,1.21,106.0,15.14,13.57,89.62,1.0,0.43,42.85,12.29,16.0,2.29,1.86,1.14,0.86,0.0,0.0,0.0,,81.25,75.0,0.43,0.57,0.0,0.0,0.0,0.0,,1.43,0.14,10.0,2.14,0.86,40.0,0.29,13.33
1212,2. Bundesliga (DE),163360,Styopa Mkrtchyan,S. Mkrtchyan,2003-02-17,69.86,18.41,19.55,3,3,0,78.0,26.0,22.0,84.62,0.33,0.0,4.75,1.77,51.0,17.0,15.67,92.16,0.67,0.67,100.0,16.67,13.0,4.33,2.67,1.33,1.0,1.0,0.33,0.33,100.0,61.54,75.0,0.0,0.0,0.0,0.0,0.0,0.0,,0.67,0.0,0.0,0.67,0.67,100.0,0.0,0.0
1212,2. Bundesliga (DE),167199,Florian Le Joncour,F. Le Joncour,1995-02-03,71.03,19.03,17.36,18,18,0,644.0,35.78,29.11,81.37,1.56,0.11,4.43,1.45,399.0,22.17,19.11,86.22,0.11,0.0,0.0,21.56,112.0,6.22,5.0,2.67,2.17,0.67,0.22,0.17,75.0,80.36,81.25,0.17,0.28,0.0,0.06,0.39,0.28,71.43,0.11,0.0,0.0,0.17,0.0,0.0,0.0,0.0
1212,2. Bundesliga (DE),171152,Jonas Torrissen Therkelsen,J. Therkelsen,2003-05-05,70.2,18.21,17.5,34,33,1,802.0,24.3,14.27,58.73,3.0,0.36,10.22,2.64,561.0,17.0,10.55,62.03,2.48,0.88,35.37,12.76,315.0,9.55,5.12,5.82,2.79,1.79,1.45,0.48,33.33,53.65,47.92,1.06,1.97,0.36,1.39,0.91,0.36,40.0,3.33,0.36,10.91,5.06,1.52,29.94,0.67,13.17
1212,2. Bundesliga (DE),173095,Luca Bolay,L. Bolay,2002-07-25,63.16,17.92,15.02,16,15,1,537.0,35.8,27.87,77.84,2.13,0.2,2.99,1.07,416.0,27.73,23.0,82.93,1.93,0.8,41.38,25.4,53.0,3.53,2.13,1.87,1.07,0.87,0.53,0.2,37.5,60.38,57.14,0.2,2.27,0.13,0.2,0.27,0.27,100.0,2.53,0.13,5.26,3.53,0.67,18.87,0.0,0.0
1212,2. Bundesliga (DE),174321,Sayfallah Ltaief,S. Ltaief,2000-04-22,64.43,17.01,16.43,13,13,0,320.0,24.62,14.85,60.31,3.85,0.31,8.96,2.4,244.0,18.77,11.15,59.43,2.23,0.54,24.14,15.31,132.0,10.15,5.54,6.08,3.0,1.92,1.54,0.46,30.0,54.54,49.37,0.77,3.92,0.62,1.85,1.38,0.46,33.33,4.0,0.69,17.31,5.38,1.08,20.0,1.08,20.0
1212,2. Bundesliga (DE),175190,Robin Heußer,R. Heußer,1998-05-23,76.1,17.55,21.29,30,30,0,784.0,26.13,15.8,60.46,3.0,0.17,4.58,1.23,464.0,15.47,10.17,65.73,3.33,1.63,49.0,9.43,147.0,4.9,2.6,2.97,1.4,1.1,0.83,0.27,32.0,53.06,47.19,1.1,1.2,0.3,0.97,0.1,0.03,33.33,4.73,0.47,9.86,6.77,1.43,21.18,1.17,17.24
1212,2. Bundesliga (DE),179784,Jonas Kersken,J. Kersken,2000-09-01,99.92,25.21,24.22,33,33,0,883.0,26.76,16.3,60.93,0.36,0.03,3.6,2.31,536.0,16.24,10.55,64.93,0.24,0.06,25.0,15.18,117.0,3.55,1.82,2.0,1.12,0.03,0.0,0.0,,51.28,56.06,0.0,0.0,0.0,0.0,0.15,0.0,0.0,0.39,0.0,0.0,0.61,0.12,20.0,0.0,0.0
1212,2. Bundesliga (DE),180004,Sanoussy Ba,S. Ba,2004-01-05,12.5,1.88,5.89,1,1,0,5.0,5.0,2.0,40.0,0.0,0.0,7.05,2.2,2.0,2.0,1.0,50.0,0.0,0.0,,0.0,2.0,2.0,1.0,0.0,0.0,0.0,0.0,0.0,,50.0,,0.0,0.0,0.0,0.0,0.0,0.0,,0.0,0.0,,0.0,0.0,,0.0,
1212,2. Bundesliga (DE),180012,Calvin Brackelmann,C. Brackelmann,1999-08-22,94.41,26.14,23.32,24,24,0,1078.0,44.92,32.21,71.71,3.12,0.25,4.92,1.65,714.0,29.75,23.17,77.87,0.54,0.17,30.77,27.29,207.0,8.62,5.75,4.96,3.25,1.5,1.0,0.5,50.0,66.67,65.55,0.17,2.29,0.12,0.12,0.42,0.21,50.0,0.71,0.04,5.88,1.12,0.29,25.93,0.25,22.22
1212,2. Bundesliga (DE),180750,Atanas Chernev,A. Chernev,2002-03-25,58.31,12.71,16.9,7,7,0,153.0,21.86,14.86,67.97,1.14,0.0,4.89,1.44,85.0,12.14,9.57,78.82,0.14,0.0,0.0,11.0,31.0,4.43,2.43,1.43,0.86,1.0,0.43,0.14,33.33,54.84,60.0,0.0,0.14,0.0,0.0,0.43,0.14,33.33,0.43,0.0,0.0,1.14,0.43,37.5,0.29,25.0
1212,2. Bundesliga (DE),181100,Daniel Heber,D. Heber,1994-07-04,60.83,19.41,12.4,3,3,0,111.0,37.0,30.67,82.89,1.33,0.0,4.37,1.59,78.0,26.0,24.33,93.59,0.67,0.67,100.0,25.33,20.0,6.67,5.33,3.67,3.33,0.67,0.67,0.67,100.0,80.0,90.91,0.0,1.0,0.0,0.0,0.0,0.0,,1.33,0.33,25.0,1.67,0.33,20.0,0.33,20.0
1212,2. Bundesliga (DE),181101,Isaiah Ahmad Young,I. Young,1998-03-30,33.94,9.09,7.64,17,17,0,183.0,10.76,5.59,51.91,1.41,0.12,10.79,2.66,133.0,7.82,4.41,56.39,1.71,0.65,37.93,5.88,88.0,5.18,2.71,2.47,0.88,0.94,0.76,0.29,38.46,52.27,35.71,0.35,0.65,0.18,0.88,0.24,0.06,25.0,2.12,0.35,16.67,3.35,0.88,26.32,0.53,15.79
1212,2. Bundesliga (DE),181124,Maurice Neubauer,M. Neubauer,1996-04-29,91.21,27.75,21.65,31,31,0,1108.0,35.74,27.32,76.44,2.87,0.42,4.4,1.34,807.0,26.03,20.74,79.68,1.77,1.0,56.36,22.35,188.0,6.06,4.52,3.94,2.77,1.77,1.19,0.81,67.57,74.47,70.49,0.29,1.9,0.42,0.19,0.29,0.13,44.44,2.97,0.61,20.65,4.61,0.94,20.28,0.52,11.19
1212,2. Bundesliga (DE),181125,Nicolas  Kristof,N. Kristof,1999-12-20,100.12,28.48,23.38,34,34,0,1332.0,39.18,27.24,69.52,0.29,0.06,4.08,2.98,865.0,25.44,18.79,73.87,0.03,0.0,0.0,25.44,181.0,5.32,3.32,2.32,1.44,0.03,0.0,0.0,,62.43,62.03,0.0,0.0,0.0,0.0,0.21,0.12,57.14,0.21,0.03,14.29,0.26,0.12,44.44,0.0,0.0
1212,2. Bundesliga (DE),181131,Semih Şahin,S. Şahin,1999-12-22,78.73,20.01,20.74,32,29,3,931.0,32.1,23.03,71.75,3.31,0.52,4.92,1.54,592.0,20.41,15.86,77.7,1.66,0.76,45.83,16.72,189.0,6.52,4.48,3.48,2.28,0.97,0.76,0.48,63.64,68.78,65.35,0.79,1.62,0.17,0.72,0.21,0.1,50.0,2.45,0.34,14.08,4.0,0.93,23.28,0.69,17.24
1212,2. Bundesliga (DE),181138,Alexander Nollenberger,A. Nollenberger,1997-06-04,90.79,27.25,21.4,31,30,1,1073.0,35.77,22.73,63.56,4.4,0.37,8.48,2.5,745.0,24.83,16.2,65.23,1.47,0.57,38.64,21.77,409.0,13.63,8.13,8.37,4.67,2.0,1.5,0.63,42.22,59.66,55.78,0.17,3.8,0.93,2.27,1.37,0.47,34.15,2.1,0.23,11.11,4.23,1.2,28.35,0.67,15.75
1212,2. Bundesliga (DE),181258,Adrian Gantenbein,A. Gantenbein,2001-04-18,53.3,11.16,14.75,18,18,0,330.0,18.33,11.0,60.0,1.06,0.17,5.47,1.53,174.0,9.67,6.39,66.09,0.61,0.28,45.45,8.33,89.0,4.94,3.17,2.5,1.5,1.44,0.72,0.22,30.77,64.04,60.0,0.0,0.61,0.17,0.67,0.17,0.06,33.33,1.17,0.17,14.28,2.06,0.44,21.62,0.28,13.51
1212,2. Bundesliga (DE),181690,Phil Harres,P. Harres,2002-03-25,73.42,19.38,18.34,33,32,1,369.0,11.53,4.38,37.94,2.5,0.38,5.2,1.35,211.0,6.59,2.22,33.65,2.06,0.56,27.27,3.22,72.0,2.25,0.47,1.59,0.19,0.84,0.72,0.06,8.7,20.83,11.76,0.53,0.62,0.84,0.5,0.12,0.06,50.0,2.44,0.09,3.85,4.25,0.69,16.18,1.28,30.15
1212,2. Bundesliga (DE),184459,Jarzinho Ataide Adriano  de Nascimento Malanga,J. Malanga,2006-07-10,28.43,7.59,6.7,23,23,0,237.0,10.3,5.57,54.01,1.52,0.09,8.89,2.45,161.0,7.0,4.04,57.76,1.13,0.65,57.69,4.61,91.0,3.96,2.3,2.35,0.96,0.7,0.57,0.3,53.85,58.24,40.74,0.39,0.91,0.13,0.43,0.39,0.13,33.33,2.0,0.52,26.09,2.87,0.43,15.15,0.52,18.18
1212,2. Bundesliga (DE),184474,Leon Parduzi,L. Parduzi,2006-12-10,19.63,5.56,5.07,1,1,0,13.0,13.0,9.0,69.23,1.0,0.0,4.55,1.32,7.0,7.0,5.0,71.43,0.0,0.0,,7.0,5.0,5.0,3.0,3.0,2.0,0.0,0.0,0.0,,60.0,66.67,0.0,0.0,0.0,0.0,0.0,0.0,,0.0,0.0,,0.0,0.0,,0.0,
1212,2. Bundesliga (DE),184478,Louey Ben Farhat,L. Ben Farhat,2006-07-19,70.4,18.37,20.94,20,20,0,354.0,17.7,9.3,52.54,3.55,0.4,6.48,1.59,250.0,12.5,6.7,53.6,2.6,0.65,25.0,6.75,88.0,4.4,2.15,2.55,0.95,1.4,1.1,0.4,36.36,48.86,37.26,1.9,2.05,0.95,1.0,0.05,0.05,100.0,3.6,0.5,13.89,6.25,1.25,20.0,1.75,28.0
1212,2. Bundesliga (DE),184488,Mateo Kritzer,M. Kritzer,2006-03-07,5.5,1.01,1.63,3,3,0,3.0,1.0,0.0,0.0,0.0,0.0,6.21,2.1,0.0,0.0,0.0,,0.0,0.0,,0.0,1.0,0.33,0.0,0.0,0.0,0.0,0.0,0.0,,0.0,,0.0,0.0,0.0,0.0,0.0,0.0,,0.0,0.0,,0.0,0.0,,0.0,
1212,2. Bundesliga (DE),186089,Torge Paetow,T. Paetow,1995-08-14,51.53,11.61,13.91,19,19,0,375.0,19.74,14.68,74.4,1.16,0.11,4.15,1.35,243.0,12.79,10.89,85.19,0.53,0.26,50.0,11.58,64.0,3.37,2.63,1.58,1.32,0.42,0.26,0.21,80.0,78.13,83.33,0.26,0.58,0.11,0.0,0.11,0.11,100.0,1.0,0.16,15.79,1.21,0.32,26.09,0.16,13.04
1212,2. Bundesliga (DE),186809,Fabio Di Michele Sánchez,F. Di Michele Sánchez,2003-03-14,72.14,16.29,20.36,29,29,0,791.0,27.28,17.97,65.87,2.03,0.07,4.86,1.57,513.0,17.69,12.31,69.59,1.1,0.48,43.75,16.31,165.0,5.69,3.17,3.62,2.07,1.0,0.76,0.38,50.0,55.76,57.14,0.14,1.83,0.07,0.45,0.45,0.07,15.38,1.48,0.28,18.6,2.31,0.55,23.88,0.21,8.96
1212,2. Bundesliga (DE),205312,Satoshi  Tanaka,S. Tanaka,2002-08-13,93.57,26.89,24.4,13,13,0,439.0,33.77,25.31,74.94,2.31,0.38,2.98,1.14,254.0,19.54,16.23,83.07,1.0,0.54,53.85,14.54,47.0,3.62,3.15,1.69,1.54,0.23,0.15,0.08,50.0,87.23,90.91,0.31,1.08,0.15,0.31,0.31,0.23,75.0,1.46,0.23,15.79,2.38,0.08,3.23,0.31,12.9
1212,2. Bundesliga (DE),209144,Frederik Schmahl,F. Schmahl,2002-12-21,44.98,13.19,9.67,28,28,0,467.0,16.68,11.89,71.31,2.04,0.25,5.04,1.57,296.0,10.57,7.82,73.98,1.14,0.54,46.88,8.25,99.0,3.54,2.61,1.86,1.29,0.5,0.43,0.25,58.33,73.74,69.23,0.79,0.71,0.21,0.5,0.11,0.04,33.33,1.68,0.11,6.38,2.64,0.54,20.27,0.61,22.97
1212,2. Bundesliga (DE),209145,Andu Yobel Kelati,A. Kelati,2002-08-13,68.7,18.38,15.92,6,6,0,177.0,29.5,16.67,56.5,2.67,0.0,4.55,1.51,107.0,17.83,11.33,63.55,2.17,0.67,30.77,14.0,34.0,5.67,3.0,2.83,1.17,0.67,0.67,0.17,25.0,52.94,41.18,1.33,0.83,0.17,0.5,0.5,0.17,33.33,3.5,1.0,28.57,5.0,1.0,20.0,0.17,3.33
1212,2. Bundesliga (DE),216240,Ayoub  Chaikhoun,A. Chaikhoun,2006-01-22,41.5,8.09,14.26,2,2,0,26.0,13.0,9.0,69.23,0.5,0.0,2.93,1.12,15.0,7.5,5.5,73.33,2.0,1.0,50.0,6.0,3.0,1.5,0.5,1.5,0.5,0.5,0.5,0.0,0.0,33.33,33.33,0.5,1.0,0.0,0.0,0.5,0.0,0.0,2.5,0.0,0.0,2.5,0.5,20.0,0.0,0.0
1212,2. Bundesliga (DE),237421,Marius Wörl,M. Wörl,2004-04-05,74.8,19.31,18.18,30,30,0,908.0,30.27,21.3,70.37,3.43,0.13,5.7,1.76,594.0,19.8,14.5,73.23,2.47,1.2,48.65,14.67,216.0,7.2,5.07,3.7,2.4,0.87,0.57,0.4,70.59,70.37,64.87,1.03,2.33,0.37,0.7,0.5,0.27,53.33,3.37,0.53,15.84,5.33,1.07,20.0,1.0,18.75
1212,2. Bundesliga (DE),240251,Henri Koudossou,H. Koudossou,1999-09-03,92.93,24.38,24.1,14,14,0,541.0,38.64,27.57,71.35,2.86,0.21,5.61,1.71,353.0,25.21,19.43,77.05,1.43,0.71,50.0,23.21,121.0,8.64,5.71,5.36,3.29,2.29,1.5,0.71,47.62,66.12,61.33,0.21,2.29,0.43,0.79,0.64,0.21,33.33,1.86,0.07,3.85,3.14,0.93,29.55,0.43,13.64
1212,2. Bundesliga (DE),241507,Raul  Marita,R. Marita,2006-09-27,17.81,3.22,5.08,5,5,0,28.0,5.6,2.6,46.43,0.2,0.0,4.92,1.24,16.0,3.2,1.6,50.0,0.0,0.0,,2.8,5.0,1.0,0.4,0.4,0.0,0.4,0.2,0.0,0.0,40.0,0.0,0.0,0.2,0.0,0.0,0.2,0.0,0.0,0.0,0.0,,0.4,0.0,0.0,0.0,0.0
1212,2. Bundesliga (DE),254575,Yosuke Furukawa,Y. Furukawa,2003-07-16,28.26,7.9,5.53,13,12,1,142.0,11.83,8.25,69.72,1.67,0.17,7.18,2.28,104.0,8.67,6.42,74.04,0.67,0.42,62.5,7.25,52.0,4.33,2.42,2.92,1.33,0.75,0.42,0.17,40.0,55.77,45.71,0.33,1.17,0.17,1.0,0.75,0.17,22.22,0.92,0.08,9.09,1.25,0.42,33.33,0.25,20.0
1212,2. Bundesliga (DE),256111,Jonas  Oehmichen,J. Oehmichen,2004-03-03,39.04,11.19,8.56,10,10,0,132.0,13.2,7.3,55.3,1.5,0.1,5.25,1.46,82.0,8.2,5.0,60.98,2.3,0.8,34.78,4.9,24.0,2.4,1.3,1.4,0.7,0.6,0.5,0.2,40.0,54.17,50.0,0.3,1.5,0.4,0.1,0.1,0.1,100.0,3.1,0.3,9.68,3.8,0.5,13.16,0.6,15.79
1212,2. Bundesliga (DE),269440,Marko Ivezić,M. Ivezić,2001-12-02,86.86,22.92,21.47,27,26,1,1305.0,50.19,42.12,83.91,1.15,0.19,5.29,1.84,890.0,34.23,30.62,89.44,0.65,0.38,58.82,32.62,286.0,11.0,8.5,4.96,3.73,1.54,0.69,0.35,50.0,77.27,75.19,0.12,1.88,0.04,0.04,0.73,0.35,47.37,1.0,0.15,15.38,1.58,0.62,39.02,0.04,2.44
1212,2. Bundesliga (DE),277760,Laurin Curda,L. Curda,2001-10-30,97.0,27.11,23.73,32,32,0,1187.0,37.09,23.34,62.93,4.31,0.5,4.49,1.42,789.0,24.66,16.34,66.29,2.75,1.56,56.82,20.62,207.0,6.47,3.62,4.38,2.44,1.62,1.31,0.75,57.14,56.04,55.71,0.44,1.31,0.38,0.69,0.47,0.16,33.33,3.81,0.34,9.02,5.56,1.16,20.79,0.72,12.92
1212,2. Bundesliga (DE),285148,Simon Simoni,S. Simoni,2004-07-14,,,,1,0,1,,,,,,,,,,,,,,,,,,,,,,,,,,,,,,,,,,,,,,,,,,
1212,2. Bundesliga (DE),324070,Jovan  Mijatović,J. Mijatović,2005-07-11,60.51,14.13,16.47,14,14,0,169.0,12.07,5.5,45.56,3.0,0.14,5.98,1.42,96.0,6.86,2.93,42.71,2.0,0.29,14.29,3.5,50.0,3.57,1.29,2.5,0.5,1.07,1.07,0.07,6.67,36.0,20.0,0.79,1.0,0.64,0.64,0.0,0.0,,2.79,0.21,7.69,4.71,1.5,31.82,1.07,22.73
1212,2. Bundesliga (DE),334514,Santiago Castañeda,S. Castañeda,2004-11-13,77.17,21.63,18.77,31,31,0,1152.0,37.16,30.0,80.73,2.06,0.13,3.96,1.48,788.0,25.42,21.97,86.42,0.9,0.45,50.0,21.39,172.0,5.55,4.68,2.45,1.9,0.45,0.39,0.29,75.0,84.3,77.63,1.48,1.77,0.19,0.35,0.19,0.13,66.67,1.74,0.13,7.41,2.94,0.65,21.98,0.55,18.68
1212,2. Bundesliga (DE),375245,Pape Demba Diop,P. Diop,2003-09-04,68.39,17.32,19.64,10,10,0,256.0,25.6,20.4,79.69,3.2,0.1,3.91,1.36,174.0,17.4,13.7,78.73,1.4,0.8,57.14,13.2,37.0,3.7,2.7,1.2,0.8,0.5,0.5,0.3,60.0,72.97,66.67,0.9,2.4,0.2,0.2,0.0,0.0,,2.3,0.6,26.09,3.3,0.2,6.06,0.6,18.18
1212,2. Bundesliga (DE),386906,Timo  Schlieck,T. Schlieck,2006-03-02,100.76,22.59,29.21,8,6,2,177.0,29.5,19.83,67.23,0.17,0.0,3.21,2.73,106.0,17.67,13.17,74.53,0.0,0.0,,17.33,15.0,2.5,0.83,1.17,0.5,0.0,0.0,0.0,,33.33,42.86,0.0,0.0,0.0,0.0,0.83,0.33,40.0,0.17,0.0,0.0,0.5,0.0,0.0,0.0,0.0
1212,2. Bundesliga (DE),471012,Frederik Roslyng Christiansen,F. Roslyng Christiansen,2005-12-25,32.97,8.44,8.31,9,8,1,129.0,16.12,11.88,73.64,0.12,0.0,4.85,1.76,73.0,9.12,8.0,87.67,0.0,0.0,,8.88,30.0,3.75,3.12,2.38,2.25,0.12,0.12,0.12,100.0,83.33,94.74,0.12,0.62,0.0,0.0,0.12,0.0,0.0,0.0,0.0,,0.0,0.0,,0.0,
1212,2. Bundesliga (DE),471037,Kasper Davidsen,K. Davidsen,2005-01-25,67.07,16.71,17.55,28,27,1,687.0,25.44,17.78,69.87,2.26,0.15,3.39,1.1,451.0,16.7,12.52,74.94,1.07,0.48,44.83,13.11,88.0,3.26,2.07,2.04,1.07,0.7,0.63,0.26,41.18,63.64,52.73,1.22,1.04,0.11,0.33,0.3,0.15,50.0,2.19,0.26,11.86,3.19,0.56,17.44,0.33,10.46
1212,2. Bundesliga (DE),507712,Jonas Krumrey,J. Krumrey,2003-11-25,101.29,25.86,25.96,22,22,0,727.0,33.05,24.64,74.55,0.14,0.0,4.01,2.69,447.0,20.32,15.86,78.08,0.32,0.14,42.86,19.64,103.0,4.68,3.45,2.77,2.05,0.05,0.0,0.0,,73.79,73.77,0.0,0.0,0.0,0.0,0.14,0.09,66.67,0.73,0.14,18.75,0.82,0.32,38.89,0.0,0.0
1212,2. Bundesliga (DE),521833,Jakob Lemmer,J. Lemmer,2000-04-26,57.1,14.69,14.78,31,31,0,597.0,19.26,10.58,54.94,3.13,0.39,6.31,1.71,408.0,13.16,7.52,57.11,2.81,1.42,50.58,8.84,162.0,5.23,2.39,3.45,1.26,1.16,1.03,0.39,37.5,45.68,36.45,0.71,1.16,0.45,0.74,0.35,0.16,45.45,3.45,0.61,17.76,5.52,1.48,26.9,1.0,18.13
1212,2. Bundesliga (DE),526310,Semir Telalović,S. Telalović,1999-12-23,40.24,10.21,9.91,22,22,0,202.0,9.18,4.68,50.99,1.95,0.14,5.65,1.47,104.0,4.73,2.45,51.92,1.55,0.68,44.12,2.27,49.0,2.23,1.14,1.14,0.41,0.55,0.27,0.0,0.0,51.02,36.0,0.36,0.45,0.41,0.32,0.0,0.0,,2.05,0.32,15.56,3.27,0.36,11.11,0.86,26.39
1212,2. Bundesliga (DE),533663,Reno Münz,R. Münz,2005-10-02,88.74,21.27,23.87,27,25,2,1116.0,44.64,34.68,77.69,0.96,0.12,5.19,1.63,743.0,29.72,25.12,84.52,0.84,0.32,38.1,27.6,239.0,9.56,6.92,4.2,3.08,1.64,0.72,0.28,38.89,72.39,73.33,0.16,1.04,0.0,0.24,0.44,0.2,45.45,1.28,0.2,15.62,1.68,0.56,33.33,0.08,4.76
1212,2. Bundesliga (DE),533670,Justin Kai Von der Hitz,J. Von der Hitz,2006-10-22,54.82,16.22,16.13,6,6,0,115.0,19.17,10.67,55.65,1.17,0.0,8.66,2.41,80.0,13.33,7.33,55.0,0.5,0.33,66.67,13.33,41.0,6.83,3.83,3.67,1.67,1.0,1.0,0.33,33.33,56.1,45.45,0.0,0.67,0.0,1.33,0.83,0.17,20.0,1.17,0.0,0.0,1.83,0.67,36.36,0.0,0.0
1212,2. Bundesliga (DE),533705,Jonah Sticker,J. Sticker,2004-05-08,42.72,10.94,11.18,22,22,0,356.0,16.18,11.55,71.35,0.95,0.05,4.91,1.56,235.0,10.68,8.36,78.3,0.59,0.36,61.54,9.41,67.0,3.05,2.5,1.27,0.95,0.59,0.45,0.32,70.0,82.09,75.0,0.09,0.64,0.09,0.18,0.18,0.14,75.0,0.91,0.05,5.0,1.45,0.45,31.25,0.18,12.5
1212,2. Bundesliga (DE),534591,Felipe Sánchez,F. Sánchez,2004-04-07,40.48,8.59,10.99,24,24,0,353.0,14.71,10.38,70.54,0.33,0.0,3.8,1.27,197.0,8.21,6.75,82.23,0.21,0.04,20.0,7.75,49.0,2.04,1.21,0.71,0.38,0.38,0.21,0.08,40.0,59.18,52.94,0.08,0.21,0.0,0.0,0.0,0.0,,0.25,0.0,0.0,0.46,0.21,45.45,0.0,0.0
1212,2. Bundesliga (DE),548680,Thaddäus-Monju Momuluh,M. Momuluh,2002-02-18,77.42,19.22,19.35,29,29,0,677.0,23.34,9.93,42.54,3.17,0.45,7.96,2.1,425.0,14.66,6.55,44.71,3.62,1.21,33.33,9.03,234.0,8.07,2.79,5.55,1.52,1.79,1.41,0.21,14.63,34.62,27.33,0.34,1.55,0.66,1.55,0.28,0.0,0.0,4.31,0.48,11.2,7.0,1.62,23.15,0.72,10.34
1212,2. Bundesliga (DE),558748,Tim-Justin Dietrich,T. Dietrich,2002-11-08,14.83,6.3,2.34,1,1,0,12.0,12.0,8.0,66.67,0.0,0.0,3.32,1.22,10.0,10.0,6.0,60.0,0.0,0.0,,9.0,2.0,2.0,1.0,1.0,1.0,0.0,0.0,0.0,,50.0,100.0,0.0,1.0,0.0,0.0,0.0,0.0,,0.0,0.0,,1.0,0.0,0.0,0.0,0.0
1212,2. Bundesliga (DE),564786,Sacha Bansé,S. Bansé,2001-03-16,64.03,16.95,21.24,1,1,0,13.0,13.0,7.0,53.85,0.0,0.0,7.66,1.72,8.0,8.0,5.0,62.5,0.0,0.0,,7.0,3.0,3.0,1.0,2.0,0.0,0.0,0.0,0.0,,33.33,0.0,0.0,0.0,0.0,2.0,1.0,0.0,0.0,0.0,0.0,,0.0,0.0,,0.0,
1212,2. Bundesliga (DE),574481,Younes Ebnoutalib,Y. Ebnoutalib,2003-09-13,81.45,22.65,18.4,17,17,0,233.0,13.71,5.82,42.49,4.06,0.71,6.3,1.51,127.0,7.47,3.0,40.16,2.12,0.41,19.44,3.41,68.0,4.0,1.71,2.59,1.0,1.47,1.24,0.47,38.09,42.65,38.64,0.94,1.76,1.06,0.29,0.06,0.0,0.0,2.47,0.35,14.29,4.24,0.65,15.28,1.88,44.44
1212,2. Bundesliga (DE),593976,Rayan Ghrieb,R. Ghrieb,1999-04-21,52.78,15.96,12.41,27,27,0,519.0,19.22,10.3,53.56,4.52,0.33,6.85,1.85,375.0,13.89,7.3,52.53,2.59,1.15,44.29,9.78,149.0,5.52,2.3,3.52,1.26,1.26,0.96,0.26,26.92,41.61,35.79,1.11,1.78,0.63,1.3,0.67,0.11,16.67,3.52,0.37,10.53,5.52,1.22,22.15,1.59,28.86
1212,2. Bundesliga (DE),606590,Shin Yamada,S. Yamada,2000-05-30,39.88,7.83,11.77,10,10,0,68.0,6.8,1.9,27.94,1.4,0.3,8.45,2.07,34.0,3.4,1.0,29.41,1.2,0.2,16.67,1.0,25.0,2.5,0.6,1.7,0.2,0.6,0.4,0.1,25.0,24.0,11.76,0.5,0.1,0.2,0.2,0.0,0.0,,1.2,0.2,16.67,1.8,0.7,38.89,0.3,16.67
1212,2. Bundesliga (DE),607000,Hiroki Akiyama,H. Akiyama,2000-12-09,84.58,22.92,21.98,32,31,1,1267.0,40.87,35.32,86.42,2.1,0.23,3.48,1.2,945.0,30.48,27.52,90.27,0.74,0.19,26.09,25.06,173.0,5.58,4.39,2.19,1.48,0.48,0.26,0.13,50.0,78.61,67.65,1.0,0.87,0.06,0.16,0.13,0.1,75.0,1.42,0.32,22.73,2.52,0.52,20.51,0.26,10.26
1212,2. Bundesliga (DE),608927,Kennedy Okpala,K. Okpala,2004-12-17,32.78,8.69,6.76,12,12,0,113.0,9.42,4.25,45.13,1.25,0.17,7.38,1.92,63.0,5.25,2.58,49.21,1.33,0.58,43.75,3.33,35.0,2.92,1.08,2.0,0.42,0.92,0.75,0.17,22.22,37.14,20.83,0.33,0.92,0.25,0.83,0.17,0.08,50.0,2.0,0.08,4.17,2.92,0.75,25.72,0.33,11.43
1212,2. Bundesliga (DE),611075,Lasse Rosenboom,L. Rosenboom,2002-01-19,62.03,16.2,15.85,30,29,1,593.0,20.45,12.9,63.07,1.17,0.17,4.75,1.54,383.0,13.21,9.38,71.02,0.97,0.52,53.57,12.21,130.0,4.48,2.76,2.1,1.17,0.83,0.52,0.34,66.67,61.54,55.74,0.07,0.93,0.14,0.14,0.21,0.07,33.33,1.62,0.24,14.89,2.34,0.79,33.82,0.1,4.41
1212,2. Bundesliga (DE),612261,Tim Drexler,T. Drexler,2005-03-06,70.5,18.96,19.39,13,13,0,385.0,29.62,19.46,65.71,2.08,0.15,3.72,1.27,273.0,21.0,14.08,67.03,1.23,0.54,43.75,18.46,52.0,4.0,2.38,2.54,1.46,1.38,0.77,0.38,50.0,59.62,57.58,0.23,1.38,0.08,0.54,0.31,0.23,75.0,2.08,0.31,14.81,3.31,1.38,41.86,0.23,6.98
1212,2. Bundesliga (DE),616165,Elias Saad,E. Saad,1999-12-27,59.59,17.2,14.74,13,13,0,331.0,25.46,15.92,62.54,3.69,0.31,9.81,2.58,235.0,18.08,11.69,64.68,3.15,1.92,60.97,13.69,150.0,11.54,6.92,6.0,3.08,1.69,1.54,0.23,15.0,60.0,51.28,0.92,1.69,0.38,1.77,1.38,0.85,61.11,3.77,0.69,18.37,6.23,1.23,19.75,1.15,18.52
1212,2. Bundesliga (DE),629259,Fabio Gruber,F. Gruber,2002-09-03,97.27,25.89,25.68,32,32,0,1478.0,46.19,36.53,79.09,1.25,0.12,5.16,1.75,941.0,29.41,25.5,86.72,0.41,0.12,30.77,27.69,307.0,9.59,7.41,3.72,2.88,1.41,0.22,0.12,57.14,77.2,77.31,0.16,0.91,0.03,0.0,0.5,0.38,75.0,0.88,0.09,10.71,1.19,0.44,36.84,0.06,5.26
1212,2. Bundesliga (DE),630699,Adam  Markhiyev,A. Markhiyev,2002-03-17,92.85,24.93,24.13,26,26,0,1303.0,50.12,39.81,79.43,2.38,0.12,5.43,1.86,804.0,30.92,26.19,84.7,1.0,0.62,61.54,26.69,301.0,11.58,8.62,4.42,2.96,0.88,0.58,0.38,66.67,74.42,66.96,0.88,1.08,0.12,0.69,0.77,0.38,50.0,1.81,0.5,27.66,2.85,0.73,25.68,0.23,8.11
1212,2. Bundesliga (DE),637188,Grayson Dettoni ,G. Dettoni,2005-06-29,61.51,19.75,9.81,2,2,0,76.0,38.0,36.0,94.74,1.0,0.0,3.64,1.37,63.0,31.5,30.0,95.23,0.0,0.0,,30.5,10.0,5.0,5.0,2.0,2.0,0.5,0.0,0.0,,100.0,100.0,0.0,0.0,0.0,0.0,0.0,0.0,,1.0,0.0,0.0,2.0,1.0,50.0,0.0,0.0
1212,2. Bundesliga (DE),663383,Kjell-Arik Wätjen,K. Wätjen,2006-02-16,51.58,11.75,15.88,25,25,0,417.0,16.68,9.6,57.56,2.0,0.08,6.64,1.63,255.0,10.2,6.12,60.0,0.96,0.36,37.5,7.76,116.0,4.64,2.28,2.72,1.04,1.28,0.96,0.24,25.0,49.14,38.24,0.4,1.2,0.12,0.72,0.28,0.08,28.57,1.64,0.24,14.63,2.72,0.6,22.06,0.44,16.18
1212,2. Bundesliga (DE),663385,Robert Ramsak,R. Ramsak,2006-10-28,22.59,6.9,4.14,4,4,0,23.0,5.75,2.75,47.82,0.75,0.0,1.81,0.67,14.0,3.5,2.0,57.14,0.25,0.0,0.0,2.0,0.0,0.0,0.0,0.0,0.0,0.0,0.0,0.0,,,,0.0,0.25,0.0,0.0,0.0,0.0,,0.75,0.0,0.0,1.75,0.0,0.0,0.25,14.29
1212,2. Bundesliga (DE),666050,Winners Osawe,W. Osawe,2006-11-29,5.48,0.46,0.37,1,1,0,1.0,1.0,0.0,0.0,0.0,0.0,3.09,1.7,0.0,0.0,0.0,,0.0,0.0,,0.0,0.0,0.0,0.0,0.0,0.0,0.0,0.0,0.0,,,,0.0,0.0,0.0,0.0,0.0,0.0,,0.0,0.0,,0.0,0.0,,0.0,
1212,2. Bundesliga (DE),666899,Jan Reichert,J. Reichert,2001-06-28,100.35,26.63,26.63,33,33,0,1000.0,30.3,20.76,68.5,0.09,0.0,4.36,3.0,563.0,17.06,12.45,73.0,0.18,0.09,50.0,16.85,169.0,5.12,3.21,2.85,1.7,0.0,0.0,0.0,,62.72,59.57,0.0,0.0,0.0,0.0,0.24,0.09,37.5,0.27,0.06,22.22,0.33,0.09,27.27,0.0,0.0
1212,2. Bundesliga (DE),672879,Klaus Sima Suso,S. Suso,2005-05-28,68.21,18.86,18.55,24,22,2,677.0,30.77,23.32,75.78,2.14,0.05,4.35,1.41,441.0,20.05,15.73,78.46,1.45,0.64,43.75,15.77,114.0,5.18,3.59,2.86,1.82,0.91,0.45,0.18,40.0,69.3,63.49,0.23,2.14,0.09,0.05,0.36,0.18,50.0,2.36,0.32,13.46,3.5,0.82,23.38,0.55,15.58
1212,2. Bundesliga (DE),673613,Javier Fernández González,Javi Fernández,2006-11-28,64.2,16.25,17.37,8,8,0,191.0,23.88,17.62,73.82,3.12,0.25,5.33,1.53,136.0,17.0,13.5,79.41,0.88,0.62,71.43,11.5,41.0,5.12,3.12,2.5,1.25,1.75,1.38,0.75,54.55,60.98,50.0,0.88,2.12,0.0,0.5,0.38,0.38,100.0,2.88,0.12,4.35,4.12,1.0,24.24,0.25,6.06
1212,2. Bundesliga (DE),698114,Hayate  Matsuda,H. Matsuda,2003-10-02,62.59,19.41,14.51,25,25,0,505.0,20.2,11.32,56.04,2.0,0.16,6.35,1.75,355.0,14.2,8.6,60.56,1.8,0.48,26.67,12.2,141.0,5.64,3.08,4.04,2.24,1.4,1.2,0.56,46.67,54.61,55.45,0.4,1.84,0.32,0.8,0.52,0.24,46.15,2.6,0.36,13.85,3.92,1.04,26.53,0.44,11.22
1212,2. Bundesliga (DE),698120,Shio Fukuda,S. Fukuda,2004-04-08,42.69,12.31,11.09,20,20,0,159.0,7.95,3.95,49.68,1.55,0.5,6.16,1.49,103.0,5.15,2.9,56.31,1.4,0.5,35.71,1.65,44.0,2.2,0.8,1.25,0.3,0.7,0.4,0.05,12.5,36.36,24.0,0.25,0.75,0.6,0.3,0.0,0.0,,1.9,0.3,15.79,3.45,0.65,18.84,0.8,23.19
1212,2. Bundesliga (DE),698130,Kim  Ji-Soo,Kim Ji-Soo,2004-12-24,87.04,20.27,24.56,17,14,3,472.0,33.71,26.21,77.75,0.79,0.14,4.09,1.58,308.0,22.0,17.71,80.52,0.57,0.21,37.5,19.57,67.0,4.79,3.5,2.36,1.79,0.79,0.43,0.29,66.67,73.14,75.76,0.0,0.36,0.0,0.14,0.29,0.21,75.0,0.71,0.0,0.0,1.29,0.29,22.22,0.0,0.0
1212,2. Bundesliga (DE),703000,Aldin Jakupović,A. Jakupović,2006-06-04,35.52,9.93,7.59,5,5,0,50.0,10.0,6.0,60.0,1.4,0.4,5.6,1.73,33.0,6.6,4.4,66.67,1.6,0.8,50.0,3.6,13.0,2.6,1.8,1.0,0.4,0.8,0.6,0.2,33.33,69.23,40.0,0.2,0.4,0.2,0.0,0.2,0.0,0.0,2.2,0.8,36.36,3.4,0.2,5.88,0.8,23.53
1212,2. Bundesliga (DE),722034,Ivan Nekić,I. Nekić,2000-12-24,81.84,21.2,20.73,19,18,1,693.0,38.5,28.44,73.88,1.17,0.22,3.82,1.33,428.0,23.78,19.83,83.41,0.67,0.28,41.67,22.22,104.0,5.78,3.67,3.06,2.17,1.44,0.61,0.39,63.64,63.46,70.91,0.11,1.33,0.11,0.28,0.17,0.0,0.0,0.94,0.06,5.88,1.5,0.5,33.33,0.17,11.11
1212,2. Bundesliga (DE),726067,Salomon Patrick Amougou Nkoa,P. Nkoa,1999-07-11,88.56,21.63,23.98,17,17,0,548.0,32.24,25.59,79.38,1.06,0.12,3.7,1.45,323.0,19.0,16.71,87.93,0.18,0.06,33.33,17.82,74.0,4.35,3.71,1.65,1.53,1.0,0.0,0.0,,85.13,92.86,0.0,0.0,0.0,0.0,0.18,0.12,66.67,0.24,0.0,0.0,0.53,0.18,33.33,0.12,22.22
1212,2. Bundesliga (DE),726068,Serhat-Semih Güler,S. Güler,1997-07-12,10.9,2.12,2.42,4,4,0,7.0,1.75,1.0,57.14,0.5,0.0,8.01,1.33,2.0,0.5,0.0,0.0,0.0,0.0,,0.25,2.0,0.5,0.25,0.5,0.25,0.5,0.5,0.25,50.0,50.0,50.0,0.25,0.25,0.25,0.25,0.0,0.0,,0.0,0.0,,0.5,0.25,50.0,0.25,50.0
1212,2. Bundesliga (DE),726077,Hyeok-Kyu Kwon,Kwon Hyeok-Kyu,2001-03-13,49.62,13.72,15.09,8,8,0,173.0,21.62,17.5,80.93,0.88,0.12,3.09,1.03,122.0,15.25,13.38,87.7,0.0,0.0,,12.62,26.0,3.25,3.0,1.0,0.75,0.38,0.12,0.0,0.0,92.31,75.0,0.5,0.62,0.0,0.5,0.0,0.0,,0.38,0.25,66.67,1.62,0.62,38.46,0.0,0.0
1212,2. Bundesliga (DE),726438,Tony Menzel,T. Menzel,2005-03-06,39.48,9.42,11.35,13,13,0,129.0,9.92,6.31,63.56,1.0,0.0,5.44,1.33,75.0,5.77,3.92,68.0,0.85,0.46,54.54,3.92,31.0,2.38,1.46,1.15,0.77,0.85,0.46,0.38,83.33,61.29,66.67,0.31,1.0,0.15,0.08,0.08,0.08,100.0,1.46,0.23,15.79,2.0,0.15,7.69,0.23,11.54
1212,2. Bundesliga (DE),726449,Jano ter Horst,J. ter Horst,2002-06-19,97.88,24.97,24.99,32,31,1,1154.0,37.23,26.58,71.4,2.26,0.16,4.17,1.4,817.0,26.35,20.03,76.01,1.48,0.94,63.04,24.61,179.0,5.77,3.1,4.06,1.94,1.74,1.29,0.45,35.0,53.63,47.62,0.03,1.29,0.23,0.48,0.32,0.13,40.0,2.0,0.19,9.68,3.16,0.94,29.59,0.19,6.12
1212,2. Bundesliga (DE),726450,Lukas Frenkert,L. Frenkert,2000-07-19,82.01,18.3,22.6,18,18,0,628.0,34.89,27.22,78.03,1.33,0.28,4.34,1.46,388.0,21.56,18.22,84.53,0.22,0.06,25.0,19.56,104.0,5.78,4.61,2.89,2.17,1.28,0.39,0.28,71.43,79.81,75.0,0.06,0.39,0.0,0.39,0.56,0.22,40.0,0.28,0.06,20.0,0.61,0.22,36.36,0.06,9.09
1212,2. Bundesliga (DE),726451,Yassine Bouchama,Y. Bouchama,1997-05-28,71.61,17.89,18.67,27,26,1,923.0,35.5,26.42,74.43,2.69,0.31,5.24,1.67,629.0,24.19,18.73,77.42,3.15,1.69,53.66,17.46,202.0,7.77,5.77,3.65,2.42,0.81,0.62,0.35,56.25,74.26,66.32,1.0,2.27,0.31,0.54,0.31,0.19,62.5,4.65,0.77,16.53,6.88,1.23,17.88,0.62,8.94
1212,2. Bundesliga (DE),726454,Aaron Keller,A. Keller,2004-05-15,67.72,15.66,18.63,28,26,2,558.0,21.46,13.23,61.65,1.73,0.23,7.54,2.19,373.0,14.35,9.73,67.83,2.46,1.42,57.81,11.35,187.0,7.19,4.04,4.04,1.73,1.27,0.85,0.15,18.18,56.15,42.86,0.19,1.73,0.15,1.0,0.62,0.04,6.25,3.46,0.58,16.67,4.5,1.23,27.35,0.5,11.11
1212,2. Bundesliga (DE),736373,Leon Opitz,L. Opitz,2005-04-11,34.35,9.01,8.72,12,12,0,108.0,9.0,4.58,50.92,2.17,0.08,8.47,1.85,71.0,5.92,3.08,52.11,1.17,0.42,35.71,3.83,37.0,3.08,1.33,2.08,0.75,1.33,1.08,0.42,38.46,43.24,36.0,0.25,0.75,0.5,1.42,0.17,0.08,50.0,1.5,0.08,5.56,2.58,0.67,25.81,0.75,29.03
1212,2. Bundesliga (DE),736855,Kolja Nuno Oudenne,K. Oudenne,2001-11-11,74.13,22.49,17.61,27,27,0,721.0,26.7,18.78,70.32,3.26,0.33,7.8,2.01,508.0,18.81,13.81,73.43,2.04,1.07,52.73,15.41,235.0,8.7,5.67,6.33,3.89,2.15,1.78,1.19,66.67,65.11,61.4,0.48,3.44,0.37,1.37,0.74,0.41,55.0,3.19,0.48,15.12,4.7,1.3,27.56,0.89,18.9
1212,2. Bundesliga (DE),740082,Marvin Benjamins,M. Benjamins,2002-09-25,12.88,4.44,1.9,1,1,0,4.0,4.0,2.0,50.0,0.0,0.0,10.97,3.68,2.0,2.0,2.0,100.0,1.0,1.0,100.0,1.0,2.0,2.0,1.0,1.0,0.0,0.0,0.0,0.0,,50.0,0.0,0.0,1.0,0.0,0.0,0.0,0.0,,1.0,0.0,0.0,1.0,0.0,0.0,0.0,0.0
1212,2. Bundesliga (DE),740252,Ime Okon,I. Okon,2004-02-20,76.68,23.64,17.82,25,25,0,1186.0,47.44,40.56,85.5,0.96,0.08,5.36,1.8,852.0,34.08,30.64,89.91,0.4,0.28,70.0,33.0,237.0,9.48,7.96,4.84,3.96,1.44,0.64,0.48,75.0,83.97,81.82,0.0,0.16,0.08,0.08,0.32,0.08,25.0,0.88,0.24,27.27,1.12,0.36,32.14,0.04,3.57
1212,2. Bundesliga (DE),751790,Christian Pierre Louis Gomis,C. Gomis,2000-08-09,42.51,10.55,10.7,19,19,0,206.0,10.84,5.53,50.97,1.58,0.16,7.07,1.83,112.0,5.89,3.32,56.25,1.84,0.74,40.0,3.0,58.0,3.05,1.32,2.0,0.58,0.79,0.63,0.05,8.33,43.1,28.95,0.63,0.63,0.53,0.37,0.0,0.0,,2.26,0.11,4.65,3.32,0.53,15.87,0.42,12.7
1212,2. Bundesliga (DE),759390,Tjark Scheller,T. Scheller,2002-01-12,92.72,25.95,22.74,32,32,0,1714.0,53.56,43.44,81.1,1.53,0.16,5.1,1.81,1114.0,34.81,30.5,87.61,0.72,0.44,60.87,32.88,347.0,10.84,8.84,4.91,4.09,1.34,0.81,0.59,73.08,81.56,83.44,0.12,0.56,0.03,0.09,0.62,0.34,55.0,1.28,0.12,9.76,1.78,0.56,31.58,0.12,7.02
1212,2. Bundesliga (DE),763646,Julian  Kania,J. Kania,2001-10-10,34.59,9.29,6.79,12,12,0,74.0,6.17,2.08,33.78,0.67,0.08,5.21,1.3,38.0,3.17,1.33,42.1,1.25,0.42,33.33,0.75,16.0,1.33,0.17,0.83,0.08,0.58,0.42,0.08,20.0,12.5,10.0,0.25,0.42,0.17,0.0,0.0,0.0,,1.58,0.08,5.26,2.08,0.42,20.0,0.33,16.0
1212,2. Bundesliga (DE),799079,Otto Emerson Stange,O. Stange,2007-02-09,23.83,6.2,4.81,11,11,0,85.0,7.73,2.55,32.94,2.0,0.55,9.93,2.57,56.0,5.09,2.0,39.29,0.73,0.27,37.5,4.18,42.0,3.82,1.64,2.64,1.09,1.0,1.0,0.36,36.36,42.86,41.38,0.36,0.36,0.45,0.82,0.27,0.0,0.0,0.82,0.0,0.0,1.64,0.55,33.33,0.45,27.78
1212,2. Bundesliga (DE),799190,Marcus Müller,M. Müller,2002-08-20,26.64,7.09,6.2,23,22,1,112.0,5.09,2.05,40.18,1.23,0.05,6.06,1.6,68.0,3.09,1.36,44.12,1.23,0.5,40.74,1.41,30.0,1.36,0.45,0.91,0.23,0.27,0.23,0.05,20.0,33.33,25.0,0.23,0.23,0.45,0.32,0.0,0.0,,1.41,0.18,12.9,2.23,0.68,30.61,0.5,22.45
1212,2. Bundesliga (DE),800263,Niklas Niehoff,N. Niehoff,2004-08-20,36.93,9.14,9.28,27,26,1,282.0,10.85,5.96,54.97,1.35,0.04,5.72,1.47,185.0,7.12,4.12,57.84,0.92,0.46,50.0,5.92,68.0,2.62,1.27,1.81,0.73,0.88,0.58,0.23,40.0,48.53,40.43,0.08,0.65,0.31,0.38,0.38,0.08,20.0,1.15,0.04,3.33,2.0,0.62,30.77,0.54,26.92
1212,2. Bundesliga (DE),800276,Kofi Jeremy Amoako,K. Amoako,2005-05-06,74.06,19.98,19.92,31,31,0,894.0,28.84,22.39,77.63,2.13,0.23,3.59,1.29,550.0,17.74,14.97,84.36,0.9,0.52,57.14,14.19,114.0,3.68,2.42,1.61,0.94,0.61,0.39,0.19,50.0,65.79,58.0,0.55,1.16,0.0,0.16,0.16,0.1,60.0,1.42,0.1,6.82,2.58,0.52,20.0,0.32,12.5
1212,2. Bundesliga (DE),801590,Felix Hagmann,F. Hagmann,2004-01-29,71.01,17.28,16.28,15,15,0,458.0,30.53,21.4,70.09,1.6,0.0,4.86,1.57,290.0,19.33,14.93,77.24,1.13,0.4,35.29,17.13,85.0,5.67,3.8,2.8,1.87,1.53,0.67,0.33,50.0,67.06,66.67,0.13,2.07,0.0,0.2,0.4,0.13,33.33,1.53,0.0,0.0,2.47,0.6,24.32,0.33,13.51
1212,2. Bundesliga (DE),801591,Noah König,N. König,2003-05-17,49.78,12.97,11.95,4,4,0,99.0,24.75,20.5,82.83,2.0,0.25,4.16,1.43,72.0,18.0,16.75,93.06,0.25,0.25,100.0,17.5,14.0,3.5,3.0,2.25,2.0,0.25,0.25,0.25,100.0,85.72,88.89,0.0,0.25,0.0,0.0,0.0,0.0,,0.25,0.0,0.0,0.25,0.25,100.0,0.0,0.0
1212,2. Bundesliga (DE),801661,Niklas Kolbe,N. Kolbe,1996-12-27,54.39,13.84,14.29,20,20,0,407.0,20.35,16.7,82.06,0.65,0.05,5.07,1.45,244.0,12.2,10.4,85.25,0.3,0.25,83.33,11.3,87.0,4.35,3.25,2.25,1.75,1.2,0.7,0.6,85.72,74.71,77.78,0.0,0.9,0.0,0.0,0.35,0.15,42.86,0.45,0.05,11.11,0.65,0.25,38.46,0.0,0.0
1212,2. Bundesliga (DE),809018,Callum Marshall,C. Marshall,2004-11-28,49.99,12.33,14.23,16,16,0,265.0,16.56,8.69,52.45,3.19,0.38,4.95,1.26,174.0,10.88,6.38,58.62,2.69,1.25,46.51,6.94,52.0,3.25,1.38,1.88,0.62,1.56,1.12,0.25,22.22,42.31,33.33,0.88,1.12,0.44,0.38,0.12,0.06,50.0,3.31,0.38,11.32,5.31,1.19,22.35,0.88,16.47
1212,2. Bundesliga (DE),809850,Rabby Nzingoula,R. Nzingoula,2005-11-25,44.44,11.59,11.92,15,15,0,222.0,14.8,8.8,59.46,2.2,0.4,7.22,2.02,134.0,8.93,5.6,62.69,1.73,0.87,50.0,5.47,68.0,4.53,2.53,2.13,1.0,0.87,0.6,0.27,44.44,55.88,46.88,0.2,1.0,0.2,0.73,0.13,0.07,50.0,2.47,0.2,8.11,3.47,0.73,21.15,0.6,17.31
1212,2. Bundesliga (DE),810529,Kilian Sauck,K. Sauck,2007-03-27,11.39,3.65,2.15,3,2,1,10.0,5.0,1.5,30.0,2.0,0.0,7.87,2.32,6.0,3.0,1.0,33.33,0.0,0.0,,2.5,2.0,1.0,1.0,0.0,0.0,0.0,0.0,0.0,,100.0,,1.0,0.0,0.0,0.0,0.0,0.0,,1.0,0.0,0.0,1.0,0.0,0.0,0.0,0.0
1212,2. Bundesliga (DE),810534,Owono-Darnell Keumo,D. Keumo,2007-10-01,27.63,6.66,7.05,2,2,0,12.0,6.0,2.0,33.33,0.0,0.0,4.6,1.33,10.0,5.0,2.0,40.0,0.0,0.0,,4.0,1.0,0.5,0.5,0.0,0.0,0.0,0.0,0.0,,100.0,,0.0,0.0,0.0,0.0,0.0,0.0,,0.5,0.0,0.0,1.5,0.0,0.0,0.0,0.0
1212,2. Bundesliga (DE),810535,Kacper Koscierski,K. Koscierski,2007-06-23,33.12,9.33,7.18,11,10,1,147.0,14.7,9.8,66.67,1.0,0.1,5.34,1.67,106.0,10.6,7.7,72.64,1.0,0.2,20.0,9.1,35.0,3.5,1.6,2.2,0.9,1.1,0.7,0.2,28.57,45.71,40.91,0.0,1.4,0.3,0.1,0.3,0.0,0.0,1.4,0.0,0.0,2.3,0.5,21.74,0.3,13.04
1212,2. Bundesliga (DE),810536,Boris Chi Mamuzah Lum,B. Lum,2007-10-02,18.84,4.0,5.49,6,6,0,32.0,5.33,4.0,75.0,0.83,0.17,3.39,1.15,12.0,2.0,1.67,83.33,0.0,0.0,,1.83,2.0,0.33,0.33,0.0,0.0,0.17,0.0,0.0,,100.0,,0.0,0.17,0.0,0.0,0.0,0.0,,0.0,0.0,,0.0,0.0,,0.0,
1212,2. Bundesliga (DE),810680,Eymen Laghrissi,E. Laghrissi,2008-06-04,23.18,6.34,5.81,7,7,0,39.0,5.57,2.14,38.46,0.57,0.14,6.97,1.97,28.0,4.0,1.86,46.43,0.57,0.29,50.0,3.14,14.0,2.0,0.57,1.43,0.29,0.29,0.0,0.0,,28.57,20.0,0.0,0.14,0.0,0.0,0.43,0.29,66.67,0.86,0.43,50.0,1.43,0.14,10.0,0.0,0.0
1212,2. Bundesliga (DE),812678,David Mokwa Ntusu,D. Mokwa,2004-05-03,72.84,22.06,17.08,17,17,0,176.0,10.35,4.76,46.02,2.76,0.59,5.84,1.53,99.0,5.82,3.06,52.53,1.88,0.88,46.88,2.24,41.0,2.41,1.06,1.47,0.59,0.88,0.76,0.29,38.46,43.9,40.0,0.71,0.71,0.88,0.24,0.0,0.0,,2.65,0.18,6.67,3.59,0.71,19.67,1.18,32.79
1212,2. Bundesliga (DE),812689,Noel Futkeu,N. Futkeu,2002-12-06,87.27,21.39,23.37,32,30,2,550.0,18.33,10.07,54.91,3.27,0.83,6.45,1.75,355.0,11.83,6.9,58.31,3.0,1.33,44.44,5.1,146.0,4.87,2.77,2.63,1.27,1.33,1.0,0.37,36.67,56.85,48.1,0.77,1.73,0.8,0.47,0.07,0.07,100.0,3.67,0.7,19.09,6.3,0.9,14.29,1.5,23.81
1212,2. Bundesliga (DE),814601,Mauro Zalazar Martinez,M. Zalazar,2005-04-13,5.35,0.96,1.52,1,1,0,1.0,1.0,1.0,100.0,0.0,0.0,0.0,0.0,1.0,1.0,1.0,100.0,0.0,0.0,,0.0,0.0,0.0,0.0,0.0,0.0,0.0,0.0,0.0,,,,0.0,0.0,0.0,0.0,0.0,0.0,,1.0,0.0,0.0,1.0,0.0,0.0,1.0,100.0
1212,2. Bundesliga (DE),817863,Luis Engelns,L. Engelns,2007-03-11,41.05,10.51,10.95,17,17,0,278.0,16.35,11.41,69.78,1.18,0.12,4.27,1.51,172.0,10.12,7.71,76.16,0.82,0.35,42.86,7.94,42.0,2.47,1.53,1.24,0.47,0.35,0.35,0.06,16.67,61.91,38.09,0.35,1.35,0.06,0.06,0.06,0.06,100.0,1.06,0.06,5.56,2.18,0.18,8.11,0.0,0.0
1212,2. Bundesliga (DE),819149,Rafael Pinto Pedrosa,R. Pinto Pedrosa,2007-09-30,58.07,14.67,16.2,27,27,0,447.0,16.56,10.63,64.21,1.52,0.11,5.08,1.61,288.0,10.67,7.19,67.36,1.19,0.52,43.75,8.63,94.0,3.48,1.78,2.41,1.3,0.85,0.67,0.26,38.89,51.06,53.85,0.19,1.52,0.19,0.48,0.22,0.07,33.33,1.96,0.22,11.32,2.93,0.52,17.72,0.33,11.39
1212,2. Bundesliga (DE),819188,Lukas Reich,L. Reich,2006-10-24,46.6,11.22,12.58,19,17,2,337.0,19.82,13.59,68.54,1.71,0.12,4.61,1.51,230.0,13.53,9.71,71.74,1.24,0.76,61.9,12.35,66.0,3.88,2.41,2.29,1.18,0.59,0.35,0.18,50.0,62.12,51.28,0.06,1.53,0.06,0.41,0.12,0.06,50.0,1.88,0.29,15.63,2.41,0.71,29.27,0.18,7.32
1212,2. Bundesliga (DE),848661,Husseyn Chakroun,H. Chakroun,2004-11-10,53.89,16.09,11.05,21,21,0,395.0,18.81,10.57,56.2,2.95,0.33,8.82,2.29,273.0,13.0,8.1,62.27,1.48,0.48,32.26,9.48,150.0,7.14,3.86,3.19,1.52,1.76,1.0,0.48,47.62,54.0,47.76,0.76,1.1,0.52,2.19,0.62,0.29,46.15,2.71,0.38,14.03,4.33,0.71,16.48,0.95,21.98
1212,2. Bundesliga (DE),849213,Leon Robinson,L. Robinson,2001-07-11,63.99,14.97,18.11,28,26,2,626.0,24.08,17.15,71.25,0.88,0.12,5.11,1.59,367.0,14.12,11.08,78.47,0.73,0.31,42.1,12.31,137.0,5.27,3.5,2.35,1.54,0.69,0.38,0.19,50.0,66.42,65.58,0.19,0.31,0.0,0.0,0.54,0.12,21.43,0.92,0.15,16.67,1.19,0.23,19.35,0.04,3.23
1212,2. Bundesliga (DE),850762,Jordi Paulina ,J. Paulina,2004-09-23,30.02,8.75,6.83,8,8,0,82.0,10.25,5.12,50.0,1.75,0.25,5.37,1.37,55.0,6.88,3.62,52.73,1.5,0.25,16.67,2.5,22.0,2.75,0.88,1.88,0.5,0.75,0.5,0.12,25.0,31.82,26.67,0.38,0.75,0.25,0.62,0.0,0.0,,2.5,0.12,5.0,3.5,0.5,14.29,0.5,14.29
1212,2. Bundesliga (DE),850770,Marc Niclas   Dühring,N. Dühring,2004-01-15,12.8,2.27,5.91,1,1,0,6.0,6.0,4.0,66.67,0.0,0.0,3.22,1.53,4.0,4.0,2.0,50.0,1.0,0.0,0.0,4.0,1.0,1.0,1.0,1.0,1.0,0.0,0.0,0.0,,100.0,100.0,0.0,0.0,0.0,0.0,0.0,0.0,,1.0,0.0,0.0,1.0,0.0,0.0,0.0,0.0
1212,2. Bundesliga (DE),850831,Tim Janisch,T. Janisch,2005-08-12,49.9,12.73,12.48,19,19,0,428.0,22.53,17.21,76.4,1.05,0.05,5.83,1.75,307.0,16.16,12.58,77.85,0.63,0.37,58.33,15.16,104.0,5.47,3.79,2.68,1.58,1.47,0.63,0.26,41.67,69.23,58.82,0.0,1.32,0.05,0.16,0.32,0.11,33.33,1.37,0.21,15.38,2.05,0.53,25.64,0.26,12.82
1212,2. Bundesliga (DE),851060,David  Abrangao,D. Abrangao,2004-08-08,67.55,16.22,16.9,5,3,2,55.0,18.33,7.33,40.0,1.0,0.33,6.8,1.81,30.0,10.0,4.33,43.33,0.67,0.0,0.0,10.0,11.0,3.67,1.0,2.33,0.67,1.0,1.0,0.0,0.0,27.27,28.57,0.33,1.0,0.0,0.0,0.67,0.0,0.0,1.0,0.0,0.0,2.33,0.0,0.0,0.0,0.0
1212,2. Bundesliga (DE),852294,Soufian El-Faouzi,S. El-Faouzi,2002-07-13,98.9,22.09,25.86,33,33,0,1221.0,37.0,23.97,64.78,4.06,0.39,5.98,1.55,710.0,21.52,15.36,71.41,2.39,0.88,36.71,16.33,311.0,9.42,6.12,5.64,3.48,2.45,1.82,1.03,56.67,64.95,61.83,1.12,3.7,0.52,1.18,0.55,0.3,55.56,3.58,0.45,12.71,5.94,1.39,23.47,1.06,17.86
1212,2. Bundesliga (DE),852580,Paul Scholl ,P. Scholl,2006-07-23,60.18,17.44,16.99,12,12,0,391.0,32.58,27.42,84.14,0.83,0.08,4.44,1.7,282.0,23.5,20.92,89.01,0.08,0.0,0.0,22.92,63.0,5.25,4.58,3.08,2.67,0.67,0.25,0.17,66.67,87.3,86.49,0.0,0.08,0.0,0.0,0.5,0.5,100.0,0.17,0.0,0.0,0.25,0.0,0.0,0.08,33.33
1212,2. Bundesliga (DE),852877,Eryk Grzywacz,E. Grzywacz,2006-03-24,9.03,3.46,2.2,1,1,0,5.0,5.0,5.0,100.0,0.0,0.0,2.77,1.3,3.0,3.0,3.0,100.0,0.0,0.0,,3.0,0.0,0.0,0.0,0.0,0.0,0.0,0.0,0.0,,,,0.0,0.0,0.0,0.0,0.0,0.0,,0.0,0.0,,0.0,0.0,,0.0,
1212,2. Bundesliga (DE),853403,Cajetan Benjamin Lenz,C. Lenz,2006-06-16,76.6,17.25,22.71,30,29,1,769.0,26.52,20.07,75.68,2.14,0.14,3.92,1.25,466.0,16.07,13.52,84.12,0.83,0.34,41.67,12.45,111.0,3.83,3.07,1.03,0.66,0.59,0.14,0.03,25.0,80.18,63.33,0.34,0.59,0.07,0.45,0.07,0.07,100.0,1.34,0.21,15.38,2.17,0.48,22.22,0.17,7.94
1212,2. Bundesliga (DE),854029,Mika Wallentowitz,M. Wallentowitz,2007-12-28,45.01,8.97,12.32,13,13,0,116.0,8.92,3.38,37.93,0.85,0.15,4.9,1.33,57.0,4.38,1.85,42.11,0.46,0.08,16.67,3.62,21.0,1.62,0.62,1.23,0.46,0.38,0.38,0.23,60.0,38.09,37.5,0.0,0.62,0.15,0.15,0.08,0.0,0.0,0.54,0.08,14.29,1.23,0.23,18.75,0.31,25.0
1212,2. Bundesliga (DE),854034,Mertcan Ayhan,M. Ayhan,2006-09-08,81.04,18.14,21.15,27,27,0,897.0,33.22,24.85,74.8,1.04,0.11,4.59,1.55,516.0,19.11,16.11,84.3,0.22,0.07,33.33,17.78,165.0,6.11,4.41,2.44,1.56,0.78,0.33,0.15,44.44,72.12,63.64,0.04,0.22,0.11,0.11,0.15,0.04,25.0,0.3,0.0,0.0,0.7,0.26,36.84,0.07,10.53
1212,2. Bundesliga (DE),854037,Zaid Amoussou  Tchibara,Z. Amoussou-Tchibara,2006-02-21,8.23,1.16,1.81,1,1,0,2.0,2.0,0.0,0.0,1.0,1.0,0.0,0.0,1.0,1.0,0.0,0.0,1.0,0.0,0.0,0.0,0.0,0.0,0.0,0.0,0.0,0.0,0.0,0.0,,,,0.0,0.0,0.0,0.0,0.0,0.0,,1.0,0.0,0.0,1.0,0.0,0.0,0.0,0.0
1212,2. Bundesliga (DE),854041,Ayman Emran Gulasi,A. Gulasi,2006-05-05,13.35,5.02,1.76,1,1,0,4.0,4.0,1.0,25.0,1.0,0.0,3.66,1.32,3.0,3.0,1.0,33.33,0.0,0.0,,3.0,0.0,0.0,0.0,0.0,0.0,0.0,0.0,0.0,,,,0.0,0.0,0.0,0.0,0.0,0.0,,0.0,0.0,,0.0,0.0,,0.0,
1212,2. Bundesliga (DE),857223,Mehmet Avlayici,M. Avlayici,2006-06-16,21.77,4.05,5.59,2,2,0,16.0,8.0,4.5,56.25,0.5,0.0,2.93,1.05,7.0,3.5,2.0,57.14,0.0,0.0,,2.5,2.0,1.0,1.0,1.0,1.0,0.0,0.0,0.0,,100.0,100.0,0.0,0.5,0.0,0.0,0.0,0.0,,0.0,0.0,,0.5,0.0,0.0,0.0,0.0
1212,2. Bundesliga (DE),861126,Omar Sillah,O. Sillah,2003-07-25,13.31,3.29,2.12,10,8,2,19.0,2.38,1.12,47.37,0.5,0.12,3.58,0.96,8.0,1.0,0.5,50.0,0.25,0.12,50.0,0.62,1.0,0.12,0.0,0.12,0.0,0.0,0.0,0.0,,0.0,0.0,0.0,0.0,0.0,0.0,0.0,0.0,,0.25,0.0,0.0,0.5,0.0,0.0,0.0,0.0
1212,2. Bundesliga (DE),861237,Vincent Ocansey,V. Ocansey,2000-09-10,13.05,3.76,2.82,7,7,0,19.0,2.71,0.86,31.58,0.43,0.0,6.19,1.37,9.0,1.29,0.43,33.33,0.43,0.14,33.33,0.43,5.0,0.71,0.14,0.57,0.0,0.29,0.29,0.0,0.0,20.0,0.0,0.29,0.29,0.0,0.0,0.0,0.0,,0.57,0.0,0.0,1.0,0.14,14.29,0.43,42.86
1212,2. Bundesliga (DE),861289,Peter Remmert,P. Remmert,2005-07-09,45.12,8.36,14.29,3,3,0,20.0,6.67,2.67,40.0,2.0,0.33,6.38,1.42,14.0,4.67,1.67,35.71,1.33,0.0,0.0,2.0,8.0,2.67,1.0,2.33,1.0,1.0,1.0,0.33,33.33,37.5,42.86,1.0,0.33,0.0,0.0,0.33,0.0,0.0,1.67,0.0,0.0,3.0,1.33,44.45,0.67,22.22
1212,2. Bundesliga (DE),865705,Paul Pöpperl,P. Pöpperl,2003-02-25,39.87,7.03,11.13,3,3,0,34.0,11.33,8.67,76.47,0.0,0.0,5.45,1.31,15.0,5.0,3.33,66.67,0.33,0.33,100.0,3.0,6.0,2.0,0.67,1.67,0.33,0.67,0.67,0.0,0.0,33.33,20.0,0.0,0.0,0.0,0.0,0.33,0.0,0.0,0.33,0.0,0.0,0.67,0.33,50.0,0.0,0.0
1212,2. Bundesliga (DE),874130,Ikem Ugoh,I. Ugoh,2005-07-11,53.91,14.5,13.93,6,5,1,52.0,10.4,6.6,63.46,1.4,0.0,5.29,1.41,33.0,6.6,4.2,63.64,0.6,0.4,66.67,5.2,12.0,2.4,1.6,1.2,0.8,0.6,0.2,0.2,100.0,66.67,66.67,0.4,1.0,0.0,0.4,0.2,0.0,0.0,1.0,0.4,40.0,1.2,0.2,16.66,0.0,0.0
1212,2. Bundesliga (DE),882588,Mats Pannewig,M. Pannewig,2004-10-28,74.46,17.12,21.51,26,25,1,725.0,29.0,20.68,71.31,3.68,0.24,4.16,1.23,443.0,17.72,13.6,76.75,1.68,0.8,47.62,13.16,110.0,4.4,2.68,2.4,1.32,1.04,0.72,0.28,38.89,60.91,55.0,0.68,1.76,0.28,0.28,0.2,0.08,40.0,2.52,0.2,7.94,4.48,1.04,23.21,1.08,24.11
1212,2. Bundesliga (DE),883633,Max Marie,M. Marie,2004-10-02,86.29,20.17,24.13,32,32,0,1133.0,35.41,27.25,76.96,2.22,0.25,4.0,1.37,681.0,21.28,17.22,80.91,1.25,0.69,55.0,16.25,175.0,5.47,4.06,2.72,2.0,0.56,0.44,0.28,64.29,74.29,73.56,1.28,1.22,0.41,0.66,0.34,0.19,54.55,2.19,0.38,17.14,3.38,0.56,16.67,0.47,13.89
1212,2. Bundesliga (DE),890646,Elias   Egouli,E. Egouli,2002-08-06,86.93,23.57,23.6,24,22,2,849.0,38.59,32.77,84.92,0.86,0.05,4.68,1.52,573.0,26.05,24.05,92.32,0.09,0.0,0.0,25.45,155.0,7.05,6.09,3.18,2.68,1.32,0.36,0.32,87.5,86.45,84.29,0.09,0.14,0.0,0.0,0.23,0.14,60.0,0.18,0.0,0.0,0.32,0.09,28.57,0.05,14.29
1212,2. Bundesliga (DE),894713,Silas  Prüfrock,S. Prüfrock,2005-01-25,99.79,25.46,25.5,15,15,0,523.0,34.87,21.53,61.76,0.4,0.07,5.0,3.13,284.0,18.93,11.73,61.97,0.2,0.0,0.0,18.6,96.0,6.4,3.8,2.67,1.47,0.0,0.0,0.0,,59.37,55.0,0.0,0.0,0.0,0.0,0.0,0.0,,0.4,0.0,0.0,0.6,0.13,22.22,0.0,0.0
1212,2. Bundesliga (DE),894751,Eric Porstner,E. Porstner,2007-05-09,29.38,6.66,9.6,5,5,0,47.0,9.4,5.0,53.19,0.8,0.2,3.85,1.28,33.0,6.6,4.4,66.66,0.4,0.2,50.0,6.6,6.0,1.2,1.0,0.8,0.6,0.0,0.0,0.0,,83.33,75.0,0.0,0.8,0.0,0.0,0.2,0.2,100.0,0.8,0.2,25.0,1.0,0.0,0.0,0.2,20.0
1212,2. Bundesliga (DE),896658,Artem Stepanov,A. Stepanov,2007-08-10,57.44,15.66,14.73,13,13,0,169.0,13.0,6.31,48.52,1.92,0.15,6.63,1.66,108.0,8.31,4.23,50.92,2.92,1.15,39.47,4.77,43.0,3.31,1.31,2.0,0.69,1.38,1.15,0.46,40.0,39.54,34.62,0.38,1.15,0.46,0.92,0.0,0.0,,3.54,0.62,17.39,5.23,0.77,14.71,1.23,23.53
1212,2. Bundesliga (DE),896662,Erik Müller,E. Müller,2006-06-11,2.85,0.15,1.07,1,1,0,2.0,2.0,1.0,50.0,0.0,0.0,3.04,0.8,0.0,0.0,0.0,,0.0,0.0,,0.0,0.0,0.0,0.0,0.0,0.0,0.0,0.0,0.0,,,,0.0,0.0,0.0,0.0,0.0,0.0,,0.0,0.0,,0.0,0.0,,0.0,
1212,2. Bundesliga (DE),896671,Enis Kamga,E. Kamga,2007-07-08,95.5,40.59,15.36,1,1,0,28.0,28.0,19.0,67.86,0.0,0.0,5.61,3.35,18.0,18.0,13.0,72.22,0.0,0.0,,17.0,5.0,5.0,5.0,2.0,2.0,0.0,0.0,0.0,,100.0,100.0,0.0,0.0,0.0,0.0,0.0,0.0,,0.0,0.0,,0.0,0.0,,0.0,
1212,2. Bundesliga (DE),896675,Owen Lennox Gibs,O. Gibs,2006-11-21,21.04,6.11,5.09,4,4,0,32.0,8.0,3.75,46.87,1.0,0.0,6.23,1.75,21.0,5.25,2.75,52.38,0.75,0.25,33.33,3.25,7.0,1.75,1.0,0.75,0.5,1.0,0.75,0.5,66.67,57.14,66.67,0.25,0.5,0.25,0.25,0.0,0.0,,1.0,0.5,50.0,2.0,0.5,25.0,0.25,12.5
1212,2. Bundesliga (DE),899168,Mikail Demirhan,M. Demirhan,2006-06-06,20.22,4.37,6.17,1,1,0,6.0,6.0,2.0,33.33,2.0,0.0,5.03,1.45,4.0,4.0,0.0,0.0,0.0,0.0,,4.0,2.0,2.0,0.0,1.0,0.0,0.0,0.0,0.0,,0.0,0.0,0.0,0.0,1.0,0.0,0.0,0.0,,1.0,0.0,0.0,1.0,1.0,100.0,0.0,0.0
1212,2. Bundesliga (DE),899452,Mohamed Alì Zoma,M. Zoma,2003-12-15,85.67,23.36,22.26,29,29,0,729.0,25.14,13.45,53.5,4.38,0.66,10.29,2.43,523.0,18.03,9.9,54.88,4.62,2.17,47.01,10.59,307.0,10.59,4.83,6.97,2.66,3.69,3.0,0.76,25.29,45.6,38.12,0.97,1.1,0.93,2.34,0.76,0.21,27.27,5.59,1.0,17.9,8.62,2.07,24.0,1.45,16.8
1212,2. Bundesliga (DE),913555,Mathis  Clairicia,M. Clairicia,2002-08-30,34.5,8.92,6.65,8,8,0,72.0,9.0,3.88,43.06,1.88,0.0,6.94,1.77,52.0,6.5,2.5,38.46,1.5,0.5,33.33,3.12,25.0,3.12,0.88,2.12,0.25,1.0,0.88,0.0,0.0,28.0,11.76,0.25,0.38,0.25,0.38,0.25,0.0,0.0,2.25,0.38,16.67,3.5,0.62,17.86,0.88,25.0
1212,2. Bundesliga (DE),925287,Farid Alfa-Ruprecht,F. Alfa-Ruprecht,2006-03-28,52.6,11.71,15.93,26,25,1,454.0,18.16,9.56,52.64,2.6,0.24,7.84,1.97,311.0,12.44,6.64,53.38,1.8,0.84,46.67,9.24,147.0,5.88,2.64,4.04,1.52,1.4,1.12,0.28,25.0,44.9,37.62,0.2,1.08,0.4,1.24,0.72,0.2,27.78,2.32,0.44,18.97,4.0,0.76,19.0,0.36,9.0
1212,2. Bundesliga (DE),932278,Noah Maboulou,N. Maboulou,2005-01-16,24.09,6.17,6.08,11,11,0,48.0,4.36,2.0,45.83,0.18,0.0,6.53,1.86,33.0,3.0,1.45,48.49,0.64,0.45,71.43,2.27,16.0,1.45,0.55,1.18,0.36,0.09,0.09,0.09,100.0,37.5,30.77,0.0,0.45,0.09,0.0,0.0,0.0,,1.0,0.18,18.18,1.64,0.27,16.67,0.09,5.56
1212,2. Bundesliga (DE),936862,Luca Sirch,L. Sirch,1999-06-14,96.61,23.63,26.22,33,30,3,1508.0,50.27,36.73,73.08,2.67,0.2,4.61,1.58,978.0,32.6,24.77,75.97,0.83,0.33,40.0,29.8,246.0,8.2,6.07,4.8,3.33,1.47,0.9,0.47,51.85,73.98,69.45,0.1,1.1,0.0,0.43,0.23,0.1,42.86,1.47,0.2,13.64,2.33,0.7,30.0,0.13,5.71
1212,2. Bundesliga (DE),942290,Friedrich Müller,F. Müller,2006-02-14,94.39,24.14,27.34,13,13,0,644.0,49.54,42.38,85.56,0.92,0.15,4.91,1.58,430.0,33.08,30.08,90.93,0.15,0.08,50.0,31.62,125.0,9.62,8.23,3.08,2.54,1.15,0.38,0.31,80.0,85.6,82.5,0.46,0.46,0.0,0.08,0.62,0.38,62.5,0.38,0.0,0.0,0.77,0.23,30.0,0.0,0.0
1212,2. Bundesliga (DE),957737,Dylan Leonard,D. Leonard,2007-08-30,14.93,5.47,4.0,2,2,0,20.0,10.0,7.5,75.0,0.5,0.0,3.9,1.4,17.0,8.5,6.5,76.47,1.0,1.0,100.0,6.5,3.0,1.5,1.5,1.0,1.0,0.0,0.0,0.0,,100.0,100.0,0.0,0.0,0.0,0.0,0.5,0.5,100.0,1.0,0.0,0.0,2.0,1.0,50.0,0.0,0.0
1212,2. Bundesliga (DE),958557,Keyan Anderson Pereira Varela,Keyan Varela,2006-04-26,15.56,3.84,3.34,3,3,0,18.0,6.0,4.0,66.67,0.0,0.0,5.87,1.36,9.0,3.0,2.0,66.67,0.33,0.33,100.0,1.0,3.0,1.0,1.0,0.67,0.67,0.33,0.33,0.33,100.0,100.0,100.0,0.0,1.0,0.0,0.0,0.0,0.0,,1.0,0.33,33.33,1.33,0.0,0.0,0.33,25.0
1212,2. Bundesliga (DE),965718,Soufian Gouram,S. Gouram,2006-05-01,14.38,4.12,4.05,1,1,0,7.0,7.0,5.0,71.43,0.0,0.0,5.57,1.51,3.0,3.0,3.0,100.0,0.0,0.0,,0.0,1.0,1.0,1.0,0.0,0.0,0.0,0.0,0.0,,100.0,,0.0,2.0,0.0,1.0,0.0,0.0,,1.0,0.0,0.0,1.0,0.0,0.0,0.0,0.0
1212,2. Bundesliga (DE),965728,Niklas Hildebrandt,N. Hildebrandt,2008-07-08,14.38,4.12,4.05,1,1,0,2.0,2.0,1.0,50.0,0.0,0.0,8.41,2.55,0.0,0.0,0.0,,0.0,0.0,,0.0,1.0,1.0,1.0,0.0,0.0,0.0,0.0,0.0,,100.0,,0.0,0.0,0.0,0.0,0.0,0.0,,0.0,0.0,,0.0,0.0,,0.0,
1212,2. Bundesliga (DE),966379,Leon Tasov,L. Tasov,2004-11-13,18.05,6.76,2.62,1,1,0,6.0,6.0,5.0,83.33,0.0,0.0,3.6,1.68,4.0,4.0,3.0,75.0,0.0,0.0,,4.0,1.0,1.0,1.0,0.0,0.0,0.0,0.0,0.0,,100.0,,0.0,0.0,0.0,0.0,0.0,0.0,,0.0,0.0,,0.0,0.0,,0.0,
1212,2. Bundesliga (DE),970453,Daniel Richter,D. Richter,2008-08-04,18.57,4.25,4.66,1,1,0,7.0,7.0,3.0,42.86,0.0,0.0,3.68,1.34,6.0,6.0,2.0,33.33,1.0,0.0,0.0,5.0,0.0,0.0,0.0,0.0,0.0,0.0,0.0,0.0,,,,0.0,0.0,0.0,0.0,0.0,0.0,,2.0,0.0,0.0,2.0,0.0,0.0,0.0,0.0
1212,2. Bundesliga (DE),983764,Dion Hofmeister,D. Hofmeister,2009-07-11,12.63,3.17,3.15,3,3,0,16.0,5.33,2.67,50.0,0.67,0.0,1.91,0.72,9.0,3.0,1.67,55.56,0.33,0.0,0.0,2.67,0.0,0.0,0.0,0.0,0.0,0.0,0.0,0.0,,,,0.0,0.0,0.0,0.0,0.0,0.0,,0.67,0.0,0.0,1.0,0.0,0.0,0.67,66.67
1212,2. Bundesliga (DE),983767,Ben Jungfleisch,B. Jungfleisch,2008-06-14,13.98,3.45,1.09,1,1,0,4.0,4.0,1.0,25.0,1.0,0.0,12.65,2.7,1.0,1.0,1.0,100.0,0.0,0.0,,2.0,2.0,2.0,1.0,1.0,0.0,2.0,1.0,0.0,0.0,50.0,0.0,0.0,0.0,0.0,0.0,0.0,0.0,,0.0,0.0,,1.0,0.0,0.0,0.0,0.0
1212,2. Bundesliga (DE),984876,Kennet Eichhorn,K. Eichhorn,2009-07-27,70.92,18.4,19.17,17,17,0,385.0,22.65,15.94,70.39,1.76,0.18,5.49,1.6,223.0,13.12,10.0,76.23,1.0,0.53,52.94,8.76,89.0,5.24,3.59,2.82,1.71,0.94,0.71,0.59,83.33,68.54,60.42,0.88,1.06,0.41,0.65,0.18,0.0,0.0,1.82,0.24,12.9,3.18,0.53,16.67,0.35,11.11
1212,2. Bundesliga (DE),998761,Eyyüb Arda Yaşar,E. Yaşar,2008-01-21,16.52,4.38,2.6,6,6,0,26.0,4.33,1.83,42.31,0.67,0.0,6.64,1.87,13.0,2.17,1.0,46.15,0.33,0.0,0.0,1.67,9.0,1.5,1.0,0.5,0.33,0.17,0.0,0.0,,66.67,66.67,0.0,0.33,0.0,0.17,0.0,0.0,,0.33,0.0,0.0,0.67,0.17,25.0,0.17,25.0
1212,2. Bundesliga (DE),1002033,Piet Lasse Scobel,P. Scobel,2005-04-22,43.55,11.09,11.83,21,21,0,196.0,9.33,4.05,43.37,2.19,0.14,4.75,1.34,100.0,4.76,2.19,46.0,1.71,0.81,47.22,1.76,38.0,1.81,1.05,0.86,0.43,0.38,0.24,0.05,20.0,57.9,50.0,0.67,1.0,0.29,0.05,0.05,0.05,100.0,2.1,0.33,15.91,2.81,0.29,10.17,0.71,25.42
1212,2. Bundesliga (DE),1020583,Raif Adam,R. Adam,2005-09-07,13.06,4.08,2.41,10,10,0,32.0,3.2,1.7,53.12,0.6,0.1,8.79,2.44,25.0,2.5,1.2,48.0,0.4,0.2,50.0,1.8,14.0,1.4,0.5,0.9,0.2,0.4,0.2,0.0,0.0,35.71,22.22,0.1,0.3,0.1,0.0,0.0,0.0,,0.5,0.1,20.0,1.0,0.1,10.0,0.3,30.0
1212,2. Bundesliga (DE),1021147,Niklas Mohr,N. Mohr,2004-07-23,16.55,4.05,2.48,2,2,0,8.0,4.0,3.0,75.0,0.5,0.0,6.5,2.12,4.0,2.0,2.0,100.0,0.0,0.0,,2.0,2.0,1.0,1.0,0.0,0.0,0.5,0.0,0.0,,100.0,,0.0,0.0,0.0,0.0,0.0,0.0,,0.0,0.0,,0.0,0.0,,0.0,
1212,2. Bundesliga (DE),1026139,Marko Soldic,M. Soldic,2010-01-06,11.55,2.89,3.56,7,7,0,23.0,3.29,1.86,56.52,0.57,0.0,5.29,1.42,13.0,1.86,1.14,61.54,0.0,0.0,,1.14,5.0,0.71,0.57,0.43,0.29,0.43,0.43,0.29,66.67,80.0,66.67,0.14,1.0,0.0,0.0,0.0,0.0,,0.43,0.14,33.33,0.57,0.0,0.0,0.0,0.0
1212,2. Bundesliga (DE),1037041,Albert Frank Millgramm,A. Millgramm,2004-11-12,6.54,2.4,0.83,2,2,0,7.0,3.5,1.5,42.86,1.0,0.0,10.12,2.29,5.0,2.5,1.0,40.0,0.0,0.0,,2.0,4.0,2.0,1.0,0.5,0.0,0.5,0.5,0.0,0.0,50.0,0.0,0.0,0.0,0.0,0.0,0.0,0.0,,0.0,0.0,,0.5,0.5,100.0,0.0,0.0
