competition_edition,league,player_id,player_name,player_short_name,player_birthdate,minutes,minutes_tip,minutes_otip,performance_count,performance_included_count,performance_failed_count,possession_count_total,possession_count,possession_count_retained,possession_pct_retained,possession_count_shotwithin10s,possession_count_goalwithin10s,possession_avgdistance,possession_avgduration,reception_count_total,reception_count,reception_count_retained,reception_pct_retained,reception_count_intensepressure_tightspace,reception_count_intensepressure_tightspace_retained,reception_pct_intensepressure_tightspace_retained,reception_count_inspace,longcarry_count_total,longcarry_count,longcarry_count_retained,longcarry_count_forwardtrajectory,longcarry_count_forwardtrajectory_retained,longcarry_count_abovehsr,longcarry_count_forwardtrajectory_abovehsr,longcarry_count_forwardtrajectory_abovehsr_retained,longcarry_pct_forwardtrajectory_abovehsr_retained,longcarry_pct_retained,longcarry_pct_forwardtrajectory_retained,possession_count_forwardmomentum,giveandgo_count,possession_count_beatbymovement,possession_count_beatbypossession,possession_count_drawnpressure,possession_count_drawnpressure_retained,possession_pct_drawnpressure_retained,reception_count_intensepressure_constrainedspace,possession_count_escapedpressure,possession_pct_escapedpressure,reception_count_intensepressure,possession_count_intensepressure_progressed,possession_pct_intensepressure_progressed,possession_count_intensepressure_dangercreated,possession_pct_intensepressure_dangercreated
1191,Czech Liga (CZ),574,Alexis Alégué Elandi,A. Alégué,1996-12-23,64.64,15.82,16.81,29,26,3,625.0,24.04,14.81,61.6,3.5,0.46,8.5,2.18,431.0,16.58,10.42,62.88,2.46,1.38,56.25,11.08,221.0,8.5,4.81,4.23,2.08,2.08,1.62,0.62,38.1,56.56,49.09,0.35,1.69,0.23,1.65,0.65,0.23,35.29,3.46,0.5,14.44,6.23,1.31,20.99,0.77,12.35
1191,Czech Liga (CZ),5690,Kamil Vacek,K. Vacek,1987-05-18,54.51,13.17,16.35,4,3,1,63.0,21.0,18.0,85.71,0.67,0.0,3.38,1.42,46.0,15.33,13.67,89.13,0.0,0.0,,14.0,8.0,2.67,2.67,1.33,1.33,0.0,0.0,0.0,,100.0,100.0,0.0,0.0,0.0,0.0,0.0,0.0,,0.33,0.0,0.0,0.67,0.0,0.0,0.0,0.0
1191,Czech Liga (CZ),6467,Lukáš Haraslín,L. Haraslín,1996-05-26,72.12,24.46,12.79,27,26,1,790.0,30.38,19.88,65.44,5.38,0.65,7.45,2.01,615.0,23.65,16.27,68.78,2.46,1.46,59.38,18.73,278.0,10.69,5.65,6.38,3.08,2.19,1.62,0.62,38.09,52.88,48.19,0.54,2.31,0.69,2.12,1.08,0.46,42.86,3.88,0.5,12.87,6.35,1.54,24.24,1.54,24.24
1191,Czech Liga (CZ),6472,Lukáš Mareček,L. Mareček,1990-04-17,79.09,16.13,22.87,16,15,1,413.0,27.53,19.8,71.91,1.53,0.27,3.98,1.26,213.0,14.2,11.6,81.69,0.73,0.47,63.64,12.27,63.0,4.2,3.33,1.27,0.93,0.47,0.07,0.0,0.0,79.37,73.68,0.27,0.4,0.07,0.13,0.07,0.07,100.0,1.2,0.33,27.78,1.73,0.4,23.08,0.0,0.0
1191,Czech Liga (CZ),7118,Matěj Vydra,M. Vydra,1992-05-01,57.3,14.56,13.49,23,22,1,343.0,15.59,8.95,57.44,3.77,0.55,4.83,1.23,225.0,10.23,6.36,62.22,1.91,0.77,40.48,5.91,68.0,3.09,1.77,1.68,0.95,1.27,0.95,0.55,57.14,57.35,56.76,0.77,1.73,0.45,0.32,0.0,0.0,,3.0,0.36,12.12,4.73,0.73,15.38,1.27,26.92
1191,Czech Liga (CZ),7534,Mick van Buren,M. van Buren,1992-08-24,70.74,16.93,19.95,23,23,0,507.0,22.04,11.35,51.48,2.74,0.26,6.89,1.78,312.0,13.57,7.3,53.85,2.74,1.0,36.51,9.39,138.0,6.0,3.09,3.48,1.09,1.91,1.57,0.35,22.22,51.45,31.25,0.57,2.26,0.39,0.83,0.22,0.04,20.0,3.57,0.52,14.63,6.13,1.09,17.73,0.57,9.22
1191,Czech Liga (CZ),8523,Pavel Kadeřábek,P. Kadeřábek,1992-04-25,69.52,21.44,13.1,22,21,1,623.0,29.67,23.05,77.69,1.57,0.29,4.08,1.28,481.0,22.9,18.86,82.33,1.52,0.81,53.12,20.48,98.0,4.67,3.81,2.86,2.19,1.19,0.71,0.52,73.33,81.63,76.67,0.19,1.95,0.29,0.14,0.33,0.1,28.57,2.0,0.29,14.29,2.76,0.38,13.79,0.43,15.52
1191,Czech Liga (CZ),10603,Václav Pilař,V. Pilař,1988-10-13,54.94,14.09,15.17,24,24,0,444.0,18.5,11.0,59.46,1.88,0.25,7.51,2.1,307.0,12.79,7.88,61.56,1.5,0.46,30.56,9.62,154.0,6.42,3.92,3.12,1.62,0.83,0.67,0.21,31.25,61.04,52.0,0.67,0.92,0.5,0.79,0.62,0.33,53.33,2.29,0.33,14.55,4.25,0.79,18.63,0.58,13.73
1191,Czech Liga (CZ),10762,Vladimír Darida,V. Darida,1990-08-08,92.69,21.89,26.34,32,32,0,1507.0,47.09,33.81,71.8,4.0,0.59,4.5,1.39,934.0,29.19,21.84,74.84,2.38,1.03,43.42,23.12,250.0,7.81,6.09,2.84,2.09,0.88,0.31,0.19,60.0,78.0,73.63,0.88,3.25,0.28,0.41,0.25,0.19,75.0,3.88,0.53,13.71,6.0,1.09,18.23,0.78,13.02
1191,Czech Liga (CZ),11273,Tomáš Koubek,T. Koubek,1992-08-26,98.41,21.95,22.89,33,32,1,884.0,27.62,18.25,66.06,0.25,0.03,4.71,3.5,464.0,14.5,10.53,72.63,0.22,0.09,42.86,13.84,179.0,5.59,2.97,3.38,1.78,0.0,0.0,0.0,,53.07,52.78,0.0,0.0,0.0,0.0,0.22,0.09,42.86,0.31,0.06,20.0,0.69,0.19,27.27,0.0,0.0
1191,Czech Liga (CZ),12651,Michal Sadílek,M. Sadílek,1999-05-31,79.06,19.21,15.77,29,28,1,840.0,30.0,23.0,76.67,3.32,0.18,3.85,1.27,512.0,18.29,14.89,81.44,1.36,0.82,60.53,14.82,122.0,4.36,3.82,1.82,1.43,0.5,0.32,0.18,55.56,87.7,78.43,0.29,0.96,0.21,0.18,0.04,0.0,0.0,1.89,0.29,15.09,3.04,0.46,15.29,0.57,18.82
1191,Czech Liga (CZ),12704,Giannis-Fivos Botos,G. Botos,2000-12-20,54.99,12.84,13.85,20,20,0,348.0,17.4,10.3,59.2,2.1,0.05,5.69,1.55,229.0,11.45,7.05,61.57,2.25,0.95,42.22,8.0,81.0,4.05,1.65,2.4,0.75,1.2,1.0,0.2,20.0,40.74,31.25,1.05,1.7,0.45,0.65,0.1,0.0,0.0,2.85,0.4,14.03,4.6,1.15,25.0,1.0,21.74
1191,Czech Liga (CZ),12710,Jan Hanuš,J. Hanuš,1988-04-28,98.66,24.01,24.67,26,23,3,469.0,20.39,13.22,64.82,0.0,0.0,4.6,2.84,257.0,11.17,8.52,76.26,0.09,0.0,0.0,10.87,84.0,3.65,1.87,2.09,0.91,0.0,0.0,0.0,,51.19,43.75,0.0,0.0,0.0,0.0,0.13,0.0,0.0,0.22,0.04,20.0,0.39,0.09,22.22,0.0,0.0
1191,Czech Liga (CZ),12715,David Lischka,D. Lischka,1997-08-15,93.15,23.35,24.29,22,21,1,800.0,38.1,31.48,82.62,1.1,0.29,4.29,1.48,434.0,20.67,19.52,94.47,0.05,0.0,0.0,19.43,146.0,6.95,5.86,3.67,3.14,0.95,0.29,0.24,83.33,84.25,85.72,0.05,0.29,0.0,0.0,0.24,0.1,40.0,0.1,0.0,0.0,0.38,0.05,12.5,0.0,0.0
1191,Czech Liga (CZ),12716,Eduard Sobol,E. Sobol,1995-04-20,77.23,17.82,20.65,12,10,2,255.0,25.5,16.7,65.49,1.9,0.1,4.45,1.39,164.0,16.4,11.5,70.12,1.3,0.4,30.77,14.8,47.0,4.7,3.0,2.8,1.6,1.2,0.9,0.3,33.33,63.83,57.14,0.2,1.3,0.1,0.3,0.5,0.4,80.0,1.6,0.2,12.5,2.2,0.6,27.27,0.1,4.55
1191,Czech Liga (CZ),12719,Tomáš Holeš,T. Holeš,1993-03-31,92.51,23.03,18.02,25,24,1,1082.0,45.08,35.12,77.91,2.62,0.33,3.63,1.36,623.0,25.96,21.96,84.59,0.67,0.29,43.75,23.71,153.0,6.38,4.88,2.83,2.38,1.17,0.12,0.12,100.0,76.47,83.82,0.04,0.79,0.21,0.12,0.54,0.17,30.77,0.96,0.08,8.7,1.54,0.46,29.73,0.17,10.81
1191,Czech Liga (CZ),12723,Lukáš Masopust,L. Masopust,1993-02-12,64.81,15.44,15.92,26,25,1,691.0,27.64,20.0,72.36,1.92,0.12,4.6,1.59,410.0,16.4,12.84,78.29,0.84,0.4,47.62,13.84,125.0,5.0,3.52,2.12,1.44,0.36,0.04,0.04,100.0,70.4,67.92,0.24,1.36,0.12,0.16,0.28,0.08,28.57,1.4,0.32,22.86,2.12,0.2,9.43,0.2,9.43
1191,Czech Liga (CZ),12724,Michal Trávník,M. Trávník,1994-05-17,90.18,21.3,22.68,26,26,0,1066.0,41.0,29.15,71.11,3.42,0.12,4.68,1.54,701.0,26.96,20.23,75.04,1.62,0.81,50.0,20.92,220.0,8.46,6.12,3.54,2.35,0.92,0.38,0.23,60.0,72.27,66.3,0.58,2.0,0.15,0.31,0.46,0.23,50.0,2.73,0.54,19.72,4.81,0.46,9.6,0.5,10.4
1191,Czech Liga (CZ),12726,Dominik Pleštil,D. Pleštil,1999-08-09,32.33,8.08,7.81,13,13,0,73.0,5.62,2.77,49.31,0.62,0.15,8.81,2.03,40.0,3.08,1.31,42.5,0.92,0.23,25.0,1.08,26.0,2.0,1.0,1.15,0.31,1.0,0.69,0.15,22.22,50.0,26.67,0.08,0.31,0.23,0.23,0.08,0.0,0.0,1.23,0.0,0.0,2.08,0.62,29.63,0.08,3.7
1191,Czech Liga (CZ),12730,Jan Chramosta,J. Chramosta,1990-10-12,55.66,14.18,13.76,30,27,3,401.0,14.85,8.41,56.61,2.56,0.41,5.12,1.27,254.0,9.41,5.59,59.45,1.85,0.78,42.0,5.41,93.0,3.44,1.93,2.26,1.11,1.33,1.11,0.33,30.0,55.91,49.18,0.52,1.15,0.59,0.26,0.04,0.0,0.0,2.48,0.33,13.43,4.59,1.07,23.39,0.96,20.97
1191,Czech Liga (CZ),12792,Ondřej Kolář,O. Kolář,1994-10-17,32.88,5.1,10.76,1,1,0,11.0,11.0,9.0,81.82,0.0,0.0,4.61,2.81,4.0,4.0,4.0,100.0,0.0,0.0,,4.0,3.0,3.0,3.0,3.0,3.0,0.0,0.0,0.0,,100.0,100.0,0.0,0.0,0.0,0.0,0.0,0.0,,0.0,0.0,,0.0,0.0,,0.0,
1191,Czech Liga (CZ),12797,Jan Bořil,J. Bořil,1991-01-11,86.52,21.81,17.49,22,22,0,777.0,35.32,26.86,76.06,2.95,0.41,4.27,1.5,493.0,22.41,18.36,81.95,1.32,0.45,34.48,19.73,132.0,6.0,4.55,3.55,2.73,0.77,0.5,0.27,54.54,75.76,76.92,0.18,1.0,0.14,0.09,0.14,0.0,0.0,2.05,0.09,4.44,3.27,0.73,22.22,0.36,11.11
1191,Czech Liga (CZ),12804,Michal Frydrych,M. Frydrych,1990-02-27,90.57,24.25,20.72,20,19,1,851.0,44.79,36.37,81.2,1.84,0.21,3.56,1.41,519.0,27.32,23.74,86.9,0.42,0.26,62.5,25.63,103.0,5.42,4.37,2.63,2.11,0.37,0.05,0.05,100.0,80.58,80.0,0.21,0.32,0.0,0.0,0.53,0.16,30.0,0.63,0.0,0.0,1.21,0.32,26.09,0.11,8.7
1191,Czech Liga (CZ),12806,Jaroslav Zelený,J. Zelený,1992-08-20,78.73,25.04,15.62,25,24,1,1166.0,48.58,40.46,83.28,2.08,0.25,5.62,1.91,872.0,36.33,31.33,86.24,0.92,0.38,40.91,34.21,274.0,11.42,9.21,6.33,5.04,1.17,0.79,0.42,52.63,80.66,79.6,0.12,1.33,0.12,0.58,1.12,0.54,48.15,1.46,0.17,11.43,2.08,0.46,22.0,0.17,8.0
1191,Czech Liga (CZ),12807,Jan Matoušek,J. Matoušek,1998-05-09,60.81,15.22,16.02,15,14,1,194.0,13.86,5.14,37.11,2.5,0.36,8.7,1.91,105.0,7.5,2.71,36.19,2.43,0.86,35.29,3.43,71.0,5.07,1.5,3.71,0.86,2.07,1.57,0.29,18.18,29.58,23.08,0.57,0.93,0.71,1.14,0.29,0.14,50.0,2.71,0.14,5.26,4.57,1.71,37.5,1.14,25.0
1191,Czech Liga (CZ),12808,Matěj Valenta,M. Valenta,2000-02-09,41.67,11.67,8.01,22,20,2,369.0,18.45,14.6,79.13,1.75,0.05,2.84,1.0,237.0,11.85,9.65,81.43,0.9,0.4,44.44,8.9,35.0,1.75,1.25,0.9,0.65,0.25,0.2,0.1,50.0,71.43,72.22,0.65,1.05,0.0,0.1,0.1,0.1,100.0,1.8,0.25,13.89,3.05,0.25,8.2,0.3,9.84
1191,Czech Liga (CZ),13222,Lukáš Hejda,L. Hejda,1990-03-09,11.95,3.62,3.1,1,1,0,0.0,0.0,0.0,,0.0,0.0,,,0.0,0.0,0.0,,0.0,0.0,,0.0,0.0,0.0,0.0,0.0,0.0,0.0,0.0,0.0,,,,0.0,0.0,0.0,0.0,0.0,0.0,,0.0,0.0,,0.0,0.0,,0.0,
1191,Czech Liga (CZ),13228,Michael Krmenčík,M. Krmenčík,1993-03-15,33.78,8.58,7.26,28,28,0,179.0,6.39,3.07,48.04,1.25,0.14,3.17,0.91,102.0,3.64,1.64,45.1,1.46,0.5,34.15,1.25,22.0,0.79,0.32,0.36,0.21,0.43,0.29,0.14,50.0,40.91,60.0,0.25,0.54,0.71,0.14,0.0,0.0,,1.64,0.14,8.7,2.5,0.21,8.57,0.93,37.14
1191,Czech Liga (CZ),13229,Patrik Hrošovský,P. Hrošovský,1992-04-22,96.26,27.52,21.33,16,16,0,773.0,48.31,37.75,78.14,4.94,0.25,4.39,1.42,525.0,32.81,26.94,82.1,1.88,0.81,43.33,26.19,137.0,8.56,6.56,3.88,2.75,0.69,0.44,0.19,42.86,76.64,70.97,0.88,2.0,0.19,0.56,0.38,0.25,66.67,2.88,0.5,17.39,4.56,1.12,24.66,0.75,16.44
1191,Czech Liga (CZ),13230,Jan Kovařík,J. Kovařík,1988-06-19,46.15,12.08,10.91,24,23,1,257.0,11.17,6.13,54.86,1.65,0.04,4.1,1.33,169.0,7.35,4.22,57.4,1.04,0.3,29.17,5.65,45.0,1.96,0.74,1.3,0.39,0.26,0.22,0.04,20.0,37.78,30.0,0.17,0.57,0.39,0.35,0.3,0.09,28.57,1.39,0.09,6.25,1.91,0.48,25.0,0.48,25.0
1191,Czech Liga (CZ),13232,Tomáš Chorý,T. Chorý,1995-01-26,86.07,19.9,17.32,24,24,0,490.0,20.42,9.67,47.35,5.62,0.83,4.5,1.36,311.0,12.96,6.67,51.45,4.29,1.83,42.72,5.79,87.0,3.62,1.75,2.17,1.08,1.0,0.79,0.33,42.11,48.28,50.0,0.67,1.25,1.25,0.42,0.0,0.0,,5.08,0.67,13.12,7.29,0.92,12.57,1.58,21.71
1191,Czech Liga (CZ),13233,Milan Havel,M. Havel,1994-08-07,65.25,16.28,16.37,26,23,3,482.0,20.96,13.17,62.86,1.78,0.04,5.08,1.73,330.0,14.35,9.87,68.79,1.39,0.52,37.5,13.0,106.0,4.61,2.96,2.52,1.52,0.91,0.65,0.43,66.67,64.15,60.34,0.13,1.43,0.39,0.22,0.26,0.17,66.67,1.74,0.22,12.5,2.91,0.65,22.39,0.35,11.94
1191,Czech Liga (CZ),13253,Milan Petržela,M. Petržela,1983-06-19,41.76,10.52,9.21,18,18,0,240.0,13.33,7.39,55.42,2.5,0.17,7.32,1.96,151.0,8.39,4.78,56.95,1.61,0.78,48.28,6.11,76.0,4.22,2.28,2.17,0.83,1.0,0.78,0.17,21.43,53.95,38.46,0.5,0.78,0.39,0.5,0.44,0.06,12.5,1.78,0.28,15.62,2.94,0.39,13.21,0.39,13.21
1191,Czech Liga (CZ),13254,Aleš Čermák,A. Čermák,1994-10-01,92.84,22.31,24.5,29,28,1,1143.0,40.82,29.0,71.04,4.79,0.32,4.37,1.45,718.0,25.64,18.68,72.84,3.04,1.25,41.18,18.43,192.0,6.86,4.54,3.64,2.14,1.21,0.89,0.43,48.0,66.15,58.82,1.04,2.5,0.82,0.57,0.32,0.18,55.56,4.04,0.61,15.04,6.14,1.21,19.77,1.25,20.35
1191,Czech Liga (CZ),13514,Jan Suchan,J. Suchan,1996-01-18,42.14,10.86,10.54,28,27,1,479.0,17.74,12.15,68.48,2.07,0.11,4.65,1.34,313.0,11.59,8.11,69.97,1.81,1.0,55.1,8.04,95.0,3.52,2.19,1.67,0.89,0.59,0.37,0.22,60.0,62.11,53.33,1.0,1.52,0.33,0.26,0.0,0.0,,2.78,0.48,17.33,4.19,0.48,11.5,0.63,15.04
1191,Czech Liga (CZ),13530,Igoh Ogbu,I. Ogbu,2000-02-08,64.89,17.52,12.41,17,16,1,470.0,29.38,24.38,82.98,1.56,0.19,3.48,1.31,283.0,17.69,16.0,90.46,0.19,0.06,33.33,17.12,53.0,3.31,2.94,1.06,0.88,0.75,0.06,0.06,100.0,88.68,82.35,0.0,0.25,0.0,0.0,0.0,0.0,,0.19,0.0,0.0,0.25,0.06,25.0,0.06,25.0
1191,Czech Liga (CZ),13541,Alexander Munksgaard Nielsen,A. Munksgaard,1997-12-13,74.31,21.95,17.43,12,12,0,319.0,26.58,20.5,77.12,1.67,0.08,4.81,1.46,211.0,17.58,14.25,81.04,1.0,0.42,41.67,16.08,70.0,5.83,4.5,3.0,2.08,0.83,0.33,0.25,75.0,77.14,69.44,0.0,3.67,0.5,0.17,0.25,0.17,66.67,1.17,0.08,7.14,1.83,0.25,13.64,0.33,18.18
1191,Czech Liga (CZ),13615,Jakub Jugas,J. Jugas,1992-05-05,94.28,17.57,27.35,8,7,1,221.0,31.57,23.57,74.66,0.29,0.0,3.6,1.48,109.0,15.57,13.43,86.24,0.0,0.0,,14.29,27.0,3.86,2.29,1.29,0.71,0.57,0.0,0.0,,59.26,55.56,0.0,0.0,0.0,0.0,0.0,0.0,,0.14,0.14,100.0,0.43,0.29,66.67,0.0,0.0
1191,Czech Liga (CZ),13620,Lukas Cerv,L. Cerv,2001-04-10,90.82,24.33,19.65,32,30,2,1191.0,39.7,29.57,74.48,4.2,0.3,3.36,1.08,727.0,24.23,19.43,80.19,1.4,0.8,57.14,19.7,141.0,4.7,3.4,2.47,1.67,0.6,0.33,0.23,70.0,72.34,67.57,0.8,1.8,0.13,0.33,0.5,0.23,46.67,2.0,0.23,11.67,3.1,0.67,21.5,0.53,17.2
1191,Czech Liga (CZ),13685,Vakhtang Chanturishvili,V. Tchanturishvili,1993-08-05,95.03,23.57,24.12,32,29,3,1198.0,41.31,29.41,71.2,3.07,0.24,4.5,1.58,835.0,28.79,21.79,75.69,2.03,0.93,45.76,25.45,225.0,7.76,5.38,3.55,2.34,1.38,0.76,0.45,59.09,69.33,66.02,0.1,1.69,0.21,0.41,0.41,0.24,58.33,3.24,0.55,17.02,4.55,0.83,18.18,0.48,10.61
1191,Czech Liga (CZ),13799,Vlasiy Sinyavskiy,V. Sinyavskiy,1996-11-27,84.62,20.75,20.28,27,27,0,851.0,31.52,19.11,60.64,3.37,0.26,8.58,2.79,500.0,18.52,11.93,64.4,1.52,0.74,48.78,16.89,343.0,12.7,7.52,7.56,4.44,0.89,0.63,0.3,47.06,59.18,58.82,0.07,1.19,0.22,1.44,1.07,0.48,44.83,2.3,0.37,16.13,3.63,0.63,17.35,0.3,8.16
1191,Czech Liga (CZ),14050,Ladislav Krejčí,L. Krejčí,1992-07-05,47.91,10.39,13.24,15,14,1,168.0,12.0,7.71,64.29,1.86,0.07,4.07,1.32,103.0,7.36,4.79,65.05,1.21,0.57,47.06,5.07,32.0,2.29,1.43,0.93,0.43,0.36,0.21,0.07,33.33,62.5,46.15,0.21,0.93,0.21,0.07,0.21,0.21,100.0,1.71,0.36,20.83,2.57,0.21,8.33,0.5,19.44
1191,Czech Liga (CZ),14326,Ondřej Mihálik,O. Mihálik,1997-04-02,53.65,11.99,15.51,24,24,0,309.0,12.88,7.38,57.28,1.79,0.5,5.89,1.48,198.0,8.25,4.96,60.1,1.75,0.96,54.76,4.58,76.0,3.17,1.96,1.79,0.96,1.08,0.71,0.17,23.53,61.84,53.49,0.46,1.0,0.46,0.38,0.12,0.0,0.0,2.29,0.58,25.45,4.25,0.83,19.61,0.62,14.71
1191,Czech Liga (CZ),14532,Elias Cobbaut,E. Cobbaut,1997-11-24,99.0,25.99,20.98,1,1,0,39.0,39.0,29.0,74.36,3.0,0.0,5.07,1.53,30.0,30.0,25.0,83.33,2.0,0.0,0.0,28.0,8.0,8.0,6.0,6.0,5.0,2.0,2.0,2.0,100.0,75.0,83.33,0.0,1.0,0.0,0.0,0.0,0.0,,2.0,0.0,0.0,4.0,2.0,50.0,0.0,0.0
1191,Czech Liga (CZ),14810,Filip Novák,F. Novák,1990-06-26,92.46,22.7,23.28,27,26,1,981.0,37.73,31.38,83.18,1.42,0.04,4.55,1.7,647.0,24.88,22.23,89.34,0.35,0.12,33.33,23.69,176.0,6.77,5.85,3.81,3.19,0.5,0.15,0.08,50.0,86.36,83.84,0.15,0.65,0.19,0.12,0.19,0.12,60.0,0.5,0.12,23.08,0.88,0.23,26.09,0.12,13.04
1191,Czech Liga (CZ),16461,Magnus Kofod Andersen,M. Kofod Andersen,1999-05-10,65.19,24.59,9.02,4,4,0,173.0,43.25,40.25,93.06,4.0,1.0,3.08,1.2,144.0,36.0,34.75,96.53,0.75,0.5,66.67,30.75,16.0,4.0,4.0,1.0,1.0,0.0,0.0,0.0,,100.0,100.0,1.25,0.5,0.0,0.25,0.0,0.0,,1.25,0.0,0.0,2.0,0.25,12.5,0.25,12.5
1191,Czech Liga (CZ),16476,Peter Vindahl Jensen,P. Vindahl,1998-02-16,94.96,31.47,16.99,22,22,0,673.0,30.59,23.41,76.52,0.0,0.0,4.53,2.88,427.0,19.41,15.64,80.56,0.09,0.09,100.0,18.0,124.0,5.64,3.36,3.32,1.95,0.0,0.0,0.0,,59.68,58.9,0.0,0.0,0.0,0.0,0.41,0.32,77.78,0.27,0.05,16.67,0.36,0.09,25.0,0.0,0.0
1191,Czech Liga (CZ),16677,Michal Reichl,M. Reichl,1992-09-14,95.0,23.01,24.18,23,23,0,461.0,20.04,11.87,59.22,0.22,0.0,4.93,3.35,244.0,10.61,7.17,67.62,0.04,0.04,100.0,10.39,91.0,3.96,2.04,2.04,1.22,0.0,0.0,0.0,,51.65,59.57,0.0,0.0,0.0,0.0,0.04,0.0,0.0,0.13,0.04,33.33,0.35,0.26,75.0,0.0,0.0
1191,Czech Liga (CZ),16678,Václav Jemelka,V. Jemelka,1995-06-23,93.29,24.26,20.65,21,20,1,862.0,43.1,34.85,80.86,1.45,0.3,4.42,1.52,539.0,26.95,23.75,88.13,0.55,0.25,45.45,25.25,158.0,7.9,6.3,3.45,3.0,1.6,0.5,0.4,80.0,79.75,86.96,0.05,1.95,0.05,0.15,0.4,0.15,37.5,0.75,0.05,6.67,1.0,0.35,35.0,0.3,30.0
1191,Czech Liga (CZ),16680,Michal Surzyn,M. Surzyn,1997-09-10,66.92,14.33,16.08,8,8,0,151.0,18.88,11.38,60.27,0.75,0.0,3.7,1.18,98.0,12.25,7.75,63.27,0.5,0.12,25.0,11.62,22.0,2.75,1.88,1.62,1.12,0.75,0.62,0.38,60.0,68.18,69.23,0.0,1.0,0.0,0.0,0.0,0.0,,0.62,0.0,0.0,0.88,0.12,14.28,0.0,0.0
1191,Czech Liga (CZ),16683,Jiří Sláma,J. Sláma,1999-01-08,86.92,20.24,20.9,20,19,1,730.0,38.42,24.16,62.88,2.0,0.16,3.61,1.27,461.0,24.26,16.0,65.94,1.05,0.32,30.0,22.05,103.0,5.42,3.37,2.42,1.42,1.05,0.47,0.16,33.33,62.14,58.7,0.0,0.53,0.05,0.11,0.47,0.26,55.56,1.74,0.21,12.12,3.26,0.74,22.58,0.11,3.23
1191,Czech Liga (CZ),16690,Ondřej Zmrzlý,O. Zmrzlý,1999-04-22,51.56,12.69,9.85,11,11,0,197.0,17.91,11.73,65.49,2.09,0.27,4.09,1.25,121.0,11.0,7.82,71.08,1.45,0.64,43.75,8.73,28.0,2.55,1.73,1.27,1.0,1.0,0.45,0.36,80.0,67.86,78.57,0.09,1.55,0.18,0.09,0.18,0.18,100.0,2.0,0.09,4.55,3.18,0.45,14.29,0.36,11.43
1191,Czech Liga (CZ),16691,Jiří Spáčil,J. Spáčil,1999-02-11,53.69,11.77,13.26,8,8,0,103.0,12.88,8.25,64.08,1.0,0.0,3.38,0.97,44.0,5.5,3.62,65.91,0.62,0.25,40.0,4.88,12.0,1.5,0.75,0.75,0.25,0.5,0.12,0.0,0.0,50.0,33.34,0.38,0.12,0.0,0.12,0.12,0.0,0.0,0.75,0.0,0.0,1.0,0.25,25.0,0.0,0.0
1191,Czech Liga (CZ),16692,Tomáš Zlatohlávek,T. Zlatohlávek,2000-05-22,51.38,11.87,13.64,26,25,1,383.0,15.32,7.48,48.82,2.08,0.08,5.38,1.57,217.0,8.68,4.48,51.61,1.6,0.56,35.0,5.36,85.0,3.4,1.56,1.88,0.84,0.68,0.56,0.32,57.14,45.88,44.68,0.4,0.76,0.28,0.32,0.36,0.12,33.33,2.2,0.32,14.55,3.6,0.36,10.0,0.64,17.78
1191,Czech Liga (CZ),16694,Juraj Chvátal,J. Chvátal,1996-07-13,62.42,13.43,18.12,7,7,0,172.0,24.57,14.86,60.46,2.29,0.14,4.1,1.26,112.0,16.0,10.57,66.07,2.0,1.29,64.28,13.71,30.0,4.29,2.71,2.71,1.86,1.0,0.57,0.29,50.0,63.33,68.42,0.29,2.43,0.43,0.86,0.43,0.29,66.67,2.86,0.0,0.0,4.43,1.0,22.58,0.71,16.13
1191,Czech Liga (CZ),16699,Aleš Mandous,A. Mandous,1992-04-21,98.14,26.0,21.78,13,12,1,375.0,31.25,24.0,76.8,0.0,0.0,4.49,2.93,219.0,18.25,15.08,82.65,0.08,0.0,0.0,17.42,71.0,5.92,4.5,3.58,2.92,0.0,0.0,0.0,,76.06,81.4,0.0,0.0,0.0,0.0,0.25,0.0,0.0,0.08,0.0,0.0,0.17,0.08,50.0,0.0,0.0
1191,Czech Liga (CZ),16707,Matěj Pulkrab,M. Pulkrab,1997-05-23,52.34,10.49,14.38,25,24,1,282.0,11.75,6.21,52.84,1.67,0.42,4.68,1.34,132.0,5.5,3.12,56.82,1.54,0.83,54.05,2.29,57.0,2.38,1.17,1.29,0.46,0.54,0.38,0.04,11.11,49.12,35.48,0.38,0.54,0.38,0.25,0.12,0.04,33.33,2.08,0.25,12.0,3.0,0.42,13.89,0.62,20.83
1191,Czech Liga (CZ),16717,Srdjan Plavšić,S. Plavšić,1995-12-03,59.9,15.25,14.86,15,15,0,376.0,25.07,16.73,66.76,2.87,0.07,7.8,2.37,285.0,19.0,13.27,69.83,1.27,0.8,63.16,15.6,132.0,8.8,5.93,4.67,2.87,1.6,1.27,0.53,42.1,67.42,61.43,0.33,0.67,0.07,0.93,0.33,0.07,20.0,2.07,0.47,22.58,4.07,0.8,19.67,0.4,9.84
1191,Czech Liga (CZ),16726,Václav Drchal,V. Drchal,1999-07-25,63.43,14.45,16.48,29,29,0,411.0,14.17,6.52,45.99,2.31,0.07,9.94,2.27,220.0,7.59,3.41,45.0,1.93,0.86,44.64,3.9,165.0,5.69,2.48,4.03,1.48,2.21,1.97,0.55,28.07,43.64,36.75,0.52,0.97,0.62,0.9,0.24,0.0,0.0,2.38,0.31,13.04,4.31,1.45,33.6,0.72,16.8
1191,Czech Liga (CZ),16835,Jakub Kadák,J. Kadák,2000-12-14,61.55,14.55,15.62,15,15,0,266.0,17.73,10.93,61.65,2.47,0.13,5.72,1.57,171.0,11.4,7.67,67.25,1.2,0.73,61.11,7.8,73.0,4.87,3.2,2.4,1.27,0.67,0.4,0.13,33.33,65.75,52.78,0.6,1.4,0.13,0.53,0.27,0.13,50.0,2.13,0.47,21.88,3.73,0.67,17.86,0.4,10.71
1191,Czech Liga (CZ),16841,Marián Pišoja,M. Pišoja,2000-06-16,78.34,14.76,22.68,28,27,1,518.0,19.19,11.41,59.46,1.67,0.22,5.02,1.47,297.0,11.0,7.07,64.31,1.67,0.56,33.33,8.44,106.0,3.93,2.19,2.44,1.3,1.3,0.81,0.44,54.55,55.66,53.03,0.19,1.33,0.22,0.11,0.15,0.04,25.0,2.19,0.48,22.03,3.19,0.63,19.77,0.26,8.14
1191,Czech Liga (CZ),16842,Lukáš Letenay,L. Letenay,2001-04-19,27.66,6.14,6.06,28,27,1,147.0,5.44,2.74,50.34,1.0,0.22,4.89,1.31,77.0,2.85,1.59,55.84,0.81,0.33,40.91,1.89,32.0,1.19,0.48,0.52,0.07,0.33,0.26,0.04,14.29,40.63,14.29,0.26,0.37,0.33,0.04,0.04,0.0,0.0,0.96,0.19,19.23,1.44,0.22,15.38,0.41,28.21
1191,Czech Liga (CZ),16850,Milan Rundić,M. Rundić,1992-03-29,75.54,19.21,18.9,21,21,0,814.0,38.76,31.19,80.47,1.0,0.0,3.96,1.49,506.0,24.1,21.0,87.15,0.24,0.14,60.0,22.62,128.0,6.1,4.81,3.0,2.33,0.67,0.33,0.19,57.14,78.91,77.78,0.19,0.29,0.0,0.05,0.24,0.05,20.0,0.33,0.05,14.29,0.81,0.14,17.65,0.0,0.0
1191,Czech Liga (CZ),16901,Klemen Mihelak,K. Mihelak,2001-12-31,88.7,21.59,24.63,10,9,1,186.0,20.67,12.78,61.83,0.11,0.0,4.6,2.8,105.0,11.67,8.11,69.52,0.11,0.0,0.0,11.56,41.0,4.56,2.33,2.33,1.22,0.0,0.0,0.0,,51.22,52.38,0.0,0.0,0.0,0.0,0.0,0.0,,0.22,0.11,50.0,0.33,0.11,33.33,0.0,0.0
1191,Czech Liga (CZ),17203,Svetozar Marković,S. Marković,2000-03-23,70.31,16.57,14.35,11,10,1,267.0,26.7,21.7,81.27,0.7,0.2,4.46,1.78,158.0,15.8,14.4,91.14,0.0,0.0,,15.0,51.0,5.1,4.3,1.8,1.6,0.4,0.0,0.0,,84.31,88.89,0.0,0.1,0.0,0.0,0.1,0.0,0.0,0.0,0.0,,0.1,0.0,0.0,0.0,0.0
1191,Czech Liga (CZ),17205,Zlatan Šehović,Z. Šehović,2000-08-08,67.96,14.02,18.07,26,26,0,419.0,16.12,8.54,52.98,1.35,0.15,5.05,1.29,230.0,8.85,5.04,56.96,1.85,0.73,39.58,6.08,96.0,3.69,1.69,1.88,0.77,1.46,0.81,0.27,33.33,45.83,40.82,0.19,0.81,0.19,0.69,0.12,0.04,33.33,2.27,0.27,11.86,3.5,0.77,21.98,0.27,7.69
1191,Czech Liga (CZ),17296,Tomáš Huk,T. Huk,1994-12-22,73.93,17.39,15.93,17,16,1,504.0,31.5,25.5,80.95,1.12,0.12,3.96,1.43,302.0,18.88,16.56,87.75,0.69,0.31,45.45,17.0,72.0,4.5,3.69,1.81,1.62,0.69,0.19,0.12,66.67,81.95,89.66,0.06,0.25,0.0,0.0,0.25,0.12,50.0,0.69,0.06,9.09,1.06,0.19,17.65,0.19,17.65
1191,Czech Liga (CZ),17300,Ladislav Almási,L. Almási,1999-03-06,41.47,11.59,8.58,12,11,1,82.0,7.45,3.0,40.24,2.73,0.36,4.61,1.28,54.0,4.91,1.91,38.89,1.36,0.55,40.0,1.91,12.0,1.09,0.27,0.55,0.09,0.36,0.18,0.0,0.0,25.0,16.67,0.45,0.18,0.91,0.09,0.0,0.0,,1.73,0.18,10.53,2.45,0.0,0.0,0.82,33.33
1191,Czech Liga (CZ),17312,Martin Jedlička,M. Jedlička,1998-01-24,96.01,23.53,21.96,31,29,2,740.0,25.52,16.1,63.11,0.21,0.0,4.14,2.72,424.0,14.62,9.86,67.45,0.21,0.1,50.0,13.69,112.0,3.86,2.14,2.0,1.24,0.0,0.0,0.0,,55.36,62.07,0.0,0.0,0.0,0.0,0.03,0.03,100.0,0.28,0.03,12.5,0.38,0.17,45.45,0.0,0.0
1191,Czech Liga (CZ),17354,Nemanja Tekijaški,N. Tekijaški,1997-03-02,98.84,24.24,25.14,33,30,3,1379.0,45.97,37.73,82.09,1.47,0.07,4.42,1.57,835.0,27.83,24.87,89.34,0.33,0.13,40.0,26.33,237.0,7.9,6.13,4.33,3.47,1.17,0.47,0.37,78.57,77.64,80.0,0.0,0.8,0.0,0.07,0.37,0.1,27.27,0.43,0.1,23.08,0.77,0.17,21.74,0.13,17.39
1191,Czech Liga (CZ),18370,Christ Joël Tiéhi,C. Tiéhi,1998-06-16,64.91,19.15,15.69,5,5,0,171.0,34.2,26.8,78.36,2.0,0.2,3.8,1.22,110.0,22.0,18.4,83.63,0.8,0.0,0.0,16.8,26.0,5.2,4.8,1.4,1.2,0.8,0.4,0.4,100.0,92.31,85.72,0.6,1.6,0.0,0.2,0.2,0.2,100.0,2.0,1.0,50.0,3.2,0.6,18.75,0.2,6.25
1191,Czech Liga (CZ),19066,Jan Kliment,J. Kliment,1993-09-01,53.7,13.62,11.7,12,11,1,136.0,12.36,7.0,56.62,2.45,0.09,5.73,1.52,92.0,8.36,5.0,59.78,2.09,0.64,30.43,5.73,37.0,3.36,1.91,2.09,0.82,1.0,0.82,0.27,33.33,56.76,39.13,0.27,1.0,0.36,0.27,0.0,0.0,,2.36,0.27,11.54,3.55,0.82,23.08,0.64,17.95
1191,Czech Liga (CZ),19339,Asger Sørensen,A. Sørensen,1996-06-05,93.15,30.08,17.05,23,22,1,1654.0,75.18,68.59,91.23,1.95,0.14,4.33,1.56,1238.0,56.27,53.09,94.34,0.73,0.36,50.0,54.09,263.0,11.95,11.05,6.64,6.09,1.14,0.36,0.32,87.5,92.4,91.78,0.05,0.45,0.05,0.09,0.36,0.32,87.5,1.09,0.05,4.17,1.5,0.45,30.3,0.05,3.03
1191,Czech Liga (CZ),19399,Vasil Kušej,V. Kušej,2000-05-24,59.67,15.75,11.51,29,28,1,654.0,23.36,12.86,55.05,4.68,0.64,7.16,1.9,412.0,14.71,8.04,54.61,2.54,1.0,39.44,10.18,203.0,7.25,3.46,4.79,2.14,1.96,1.61,0.68,42.22,47.78,44.78,1.0,2.39,0.64,1.46,0.5,0.14,28.57,3.68,0.54,14.56,5.93,1.75,29.52,1.71,28.91
1191,Czech Liga (CZ),22888,Marko Kvasina,M. Kvasina,1996-12-20,53.35,12.8,12.04,14,14,0,145.0,10.36,6.21,60.0,1.64,0.07,3.23,1.09,90.0,6.43,4.21,65.56,1.57,0.71,45.45,3.5,13.0,0.93,0.57,0.36,0.29,0.07,0.07,0.07,100.0,61.54,80.0,0.21,1.29,0.36,0.21,0.07,0.0,0.0,2.07,0.43,20.69,3.5,0.29,8.16,0.64,18.37
1191,Czech Liga (CZ),23188,Abdulla Yusuf Helal,Abdulla Yusuf Helal,1993-06-12,74.5,17.82,19.16,26,26,0,334.0,12.85,5.73,44.61,2.5,0.12,6.23,1.66,199.0,7.65,3.46,45.23,2.04,0.77,37.74,3.42,80.0,3.08,1.38,1.85,0.77,0.81,0.62,0.19,31.25,45.0,41.67,0.65,0.73,0.42,0.5,0.08,0.04,50.0,2.54,0.5,19.7,4.0,0.77,19.23,0.81,20.19
1191,Czech Liga (CZ),23831,Jakub Markovič,J. Markovič,2001-07-13,97.49,23.03,19.44,16,15,1,445.0,29.67,20.33,68.54,0.13,0.0,4.84,2.58,278.0,18.53,13.8,74.46,0.07,0.0,0.0,17.6,83.0,5.53,3.53,2.13,1.47,0.0,0.0,0.0,,63.85,68.75,0.0,0.0,0.0,0.0,0.2,0.13,66.67,0.13,0.0,0.0,0.2,0.0,0.0,0.0,0.0
1191,Czech Liga (CZ),23832,Lukáš Provod,L. Provod,1996-10-23,91.38,22.61,17.77,30,29,1,1297.0,44.72,30.17,67.46,6.9,0.97,6.16,1.75,862.0,29.72,21.17,71.23,4.21,2.28,54.1,23.1,328.0,11.31,7.17,6.9,3.86,3.28,2.62,1.34,51.32,63.41,56.0,0.76,2.93,0.9,1.14,1.0,0.52,51.72,5.97,1.14,19.08,8.66,2.1,24.3,1.83,21.11
1191,Czech Liga (CZ),24323,Ladislav Takács,L. Takács,1996-07-15,41.99,9.19,12.86,8,8,0,88.0,11.0,8.5,77.27,0.25,0.0,3.34,1.24,53.0,6.62,5.88,88.68,0.0,0.0,,6.0,10.0,1.25,0.75,0.75,0.38,0.0,0.0,0.0,,60.0,50.0,0.0,0.0,0.0,0.0,0.5,0.12,25.0,0.0,0.0,,0.0,0.0,,0.0,
1191,Czech Liga (CZ),24401,Tihomir Kostadinov,T. Kostadinov,1996-03-04,59.57,14.63,14.4,23,23,0,506.0,22.0,16.74,76.09,1.39,0.22,3.44,1.08,301.0,13.09,10.39,79.4,1.48,0.91,61.76,9.26,69.0,3.0,2.09,1.3,0.87,0.48,0.3,0.09,28.57,69.57,66.67,0.3,0.96,0.04,0.26,0.13,0.13,100.0,2.3,0.52,22.64,3.57,0.43,12.19,0.52,14.63
1191,Czech Liga (CZ),24415,Dominik Holec,D. Holec,1994-07-28,98.81,26.66,23.52,15,14,1,521.0,37.21,25.86,69.48,0.21,0.0,3.36,2.55,296.0,21.14,16.0,75.68,0.14,0.0,0.0,19.64,61.0,4.36,2.79,2.29,1.43,0.0,0.0,0.0,,63.93,62.5,0.0,0.0,0.0,0.0,0.07,0.07,100.0,0.36,0.07,20.0,0.64,0.07,11.11,0.0,0.0
1191,Czech Liga (CZ),24975,Andy Irving,A. Irving,2000-05-13,57.24,18.68,11.97,14,13,1,479.0,36.85,30.23,82.04,2.85,0.31,4.12,1.43,371.0,28.54,24.23,84.91,2.0,1.15,57.69,21.54,74.0,5.69,5.15,2.0,1.69,0.85,0.54,0.46,85.71,90.54,84.62,0.92,2.08,0.15,0.38,0.38,0.31,80.0,3.31,0.46,13.95,4.77,1.08,22.58,0.85,17.74
1191,Czech Liga (CZ),25111,Tomáš Petrášek,T. Petrášek,1992-03-02,95.95,21.63,28.42,22,22,0,740.0,33.64,25.59,76.08,1.14,0.14,2.65,1.16,444.0,20.18,17.64,87.39,0.27,0.09,33.33,19.0,61.0,2.77,2.23,1.23,0.95,0.5,0.0,0.0,,80.33,77.78,0.0,0.0,0.18,0.0,0.09,0.0,0.0,0.32,0.0,0.0,0.41,0.14,33.33,0.09,22.22
1191,Czech Liga (CZ),26100,Victor Oluyemi Olatunji,V. Olatunji,1999-09-05,14.68,4.63,1.02,1,1,0,4.0,4.0,3.0,75.0,0.0,0.0,2.89,1.4,2.0,2.0,1.0,50.0,2.0,1.0,50.0,1.0,0.0,0.0,0.0,0.0,0.0,0.0,0.0,0.0,,,,0.0,1.0,0.0,0.0,0.0,0.0,,2.0,0.0,0.0,2.0,0.0,0.0,0.0,0.0
1191,Czech Liga (CZ),26482,Alan Nicolás Marinelli,A. Marinelli,1999-04-07,40.94,10.37,10.22,22,22,0,243.0,11.05,5.73,51.85,1.77,0.14,9.29,2.16,155.0,7.05,4.14,58.71,1.5,0.64,42.42,4.36,86.0,3.91,1.95,2.32,0.91,1.18,0.91,0.36,40.0,50.0,39.21,0.5,0.55,0.5,0.86,0.32,0.14,42.86,1.91,0.36,19.05,3.27,0.73,22.22,0.64,19.44
1191,Czech Liga (CZ),27005,Daiki Hashioka,D. Hashioka,1999-05-17,25.8,6.98,4.64,8,8,0,90.0,11.25,7.75,68.89,1.62,0.12,3.71,1.28,59.0,7.38,5.25,71.19,0.88,0.38,42.86,5.5,13.0,1.62,1.38,0.75,0.62,0.25,0.12,0.12,100.0,84.62,83.33,0.12,1.0,0.25,0.12,0.0,0.0,,1.12,0.12,11.11,1.75,0.25,14.29,0.38,21.43
1191,Czech Liga (CZ),27757,Muhammed Cham Saracevic,M. Cham,2000-09-26,40.1,10.91,7.42,16,15,1,322.0,21.47,15.67,72.98,2.47,0.33,4.41,1.43,224.0,14.93,11.27,75.45,1.47,1.07,72.73,11.6,60.0,4.0,3.2,1.67,1.2,0.4,0.27,0.2,75.0,80.0,72.0,0.27,1.4,0.2,0.27,0.67,0.33,50.0,2.53,0.73,28.95,3.47,0.47,13.46,0.6,17.31
1191,Czech Liga (CZ),29635,Tomáš Pekhart,T. Pekhart,1989-05-26,40.83,8.18,11.79,11,11,0,67.0,6.09,3.73,61.19,0.91,0.09,3.05,1.02,35.0,3.18,2.18,68.57,0.73,0.36,50.0,2.36,7.0,0.64,0.27,0.09,0.09,0.09,0.09,0.09,100.0,42.86,100.0,0.27,0.27,0.18,0.18,0.0,0.0,,0.73,0.09,12.5,0.91,0.0,0.0,0.45,50.0
1191,Czech Liga (CZ),29769,Louis Lurvink,L. Lurvink,2002-01-24,94.05,21.19,24.28,26,24,2,978.0,40.75,33.17,81.39,1.5,0.33,5.17,1.75,549.0,22.88,20.71,90.53,0.29,0.08,28.57,21.33,217.0,9.04,7.83,4.54,4.12,1.5,0.46,0.38,81.82,86.64,90.83,0.08,0.38,0.12,0.08,0.54,0.21,38.46,0.38,0.04,11.11,0.71,0.12,17.65,0.12,17.65
1191,Czech Liga (CZ),30083,Georgios Kornezos,G. Kornezos,1998-02-23,58.0,16.87,14.0,3,3,0,70.0,23.33,16.0,68.57,0.67,0.0,4.38,1.36,43.0,14.33,11.33,79.07,0.0,0.0,,14.0,15.0,5.0,3.33,1.67,0.67,1.33,0.33,0.0,0.0,66.67,40.0,0.0,0.33,0.0,0.0,0.67,0.0,0.0,0.0,0.0,,0.0,0.0,,0.0,
1191,Czech Liga (CZ),30524,Roman Macek,R. Macek,1997-04-18,83.54,22.65,19.35,29,29,0,1567.0,54.03,42.86,79.32,2.93,0.34,3.66,1.45,1073.0,37.0,31.07,83.97,1.28,0.76,59.46,32.24,229.0,7.9,6.28,3.31,2.55,0.41,0.24,0.14,57.14,79.48,77.08,0.52,1.1,0.03,0.14,0.31,0.28,88.89,2.17,0.34,15.87,3.41,0.45,13.13,0.24,7.07
1191,Czech Liga (CZ),31029,Martin Koscelník,M. Koscelník,1995-03-02,49.77,11.53,12.83,19,19,0,362.0,19.05,12.05,63.26,1.58,0.05,3.97,1.33,218.0,11.47,8.16,71.1,0.63,0.37,58.33,9.89,66.0,3.47,2.21,1.68,1.11,0.63,0.37,0.21,57.14,63.64,65.62,0.11,1.42,0.05,0.16,0.16,0.16,100.0,1.16,0.05,4.55,1.95,0.37,18.92,0.21,10.81
1191,Czech Liga (CZ),31030,Ivan Schranz,I. Schranz,1993-09-13,43.32,10.03,8.44,17,17,0,182.0,10.71,6.82,63.74,1.65,0.18,4.96,1.38,109.0,6.41,4.35,67.89,0.29,0.0,0.0,4.24,44.0,2.59,1.88,1.06,0.65,0.53,0.29,0.12,40.0,72.73,61.11,0.06,0.29,0.29,0.06,0.12,0.06,50.0,0.35,0.12,33.33,1.76,0.35,20.0,0.35,20.0
1191,Czech Liga (CZ),31105,Jakub Pešek,J. Pešek,1993-06-24,42.26,7.71,10.53,11,10,1,95.0,9.5,5.3,55.79,1.1,0.0,4.58,1.48,49.0,4.9,2.9,59.18,0.9,0.7,77.78,3.4,14.0,1.4,0.8,0.6,0.5,0.5,0.3,0.2,66.67,57.14,83.33,0.0,0.8,0.0,0.1,0.1,0.1,100.0,1.3,0.2,15.38,2.0,0.4,20.0,0.1,5.0
1191,Czech Liga (CZ),31107,Marek Havlík,M. Havlík,1995-07-08,83.6,20.99,20.2,34,34,0,1179.0,34.68,25.56,73.71,4.53,0.35,3.75,1.26,800.0,23.53,17.88,76.0,2.0,1.24,61.77,18.88,168.0,4.94,3.56,2.38,1.74,0.85,0.41,0.26,64.29,72.02,72.84,0.44,0.91,0.21,0.26,0.26,0.12,44.44,2.91,0.35,12.12,4.82,0.94,19.51,0.91,18.9
1191,Czech Liga (CZ),31110,Ondřej Karafiát,O. Karafiát,1994-12-01,87.95,26.11,21.41,15,15,0,882.0,58.8,48.13,81.86,2.13,0.27,4.46,1.57,584.0,38.93,32.93,84.59,1.67,0.87,52.0,34.8,165.0,11.0,9.0,6.07,4.87,2.53,1.47,0.93,63.64,81.82,80.22,0.6,2.4,0.27,0.33,0.53,0.13,25.0,2.47,0.47,18.92,3.6,0.93,25.93,0.53,14.82
1191,Czech Liga (CZ),31111,Šimon Gabriel,Š. Gabriel,2001-05-28,97.98,23.17,22.39,12,12,0,510.0,42.5,36.33,85.49,1.5,0.25,4.34,1.69,325.0,27.08,24.5,90.46,0.17,0.17,100.0,24.83,87.0,7.25,5.5,4.42,3.33,0.92,0.42,0.08,20.0,75.86,75.47,0.0,0.25,0.0,0.0,1.0,0.33,33.33,0.17,0.0,0.0,0.33,0.17,50.0,0.0,0.0
1191,Czech Liga (CZ),31113,Radim Breite,R. Breite,1989-08-10,77.53,16.71,20.66,14,13,1,348.0,26.77,19.54,72.99,1.38,0.31,3.24,1.03,191.0,14.69,11.54,78.53,0.92,0.54,58.33,10.62,42.0,3.23,2.54,1.31,1.15,0.54,0.23,0.08,33.33,78.57,88.24,0.38,0.85,0.08,0.15,0.08,0.08,100.0,1.85,0.31,16.67,2.85,0.62,21.62,0.15,5.41
1191,Czech Liga (CZ),31115,Daniel Holzer,D. Holzer,1995-08-18,67.97,17.67,17.51,23,23,0,602.0,26.17,17.91,68.44,2.61,0.17,5.09,1.47,393.0,17.09,12.35,72.26,1.0,0.43,43.48,15.09,132.0,5.74,3.87,3.65,2.39,1.52,1.09,0.65,60.0,67.42,65.48,0.17,2.48,0.3,0.26,0.26,0.13,50.0,1.74,0.35,20.0,3.09,0.57,18.31,0.35,11.27
1191,Czech Liga (CZ),31116,Tomáš Solil,T. Solil,2000-02-01,54.6,12.12,14.0,12,12,0,251.0,20.92,15.83,75.7,1.0,0.17,4.81,1.46,138.0,11.5,9.58,83.33,0.92,0.33,36.36,9.75,51.0,4.25,3.33,2.25,1.67,0.83,0.42,0.17,40.0,78.43,74.07,0.17,1.17,0.08,0.08,0.08,0.0,0.0,1.0,0.0,0.0,1.25,0.17,13.33,0.25,20.0
1191,Czech Liga (CZ),31117,Jáchym Šíp,J. Šíp,2003-01-22,47.81,10.82,11.41,26,23,3,296.0,12.87,5.3,41.22,1.83,0.22,6.77,1.64,178.0,7.74,3.17,41.01,1.91,0.65,34.09,4.13,78.0,3.39,1.17,2.57,0.78,1.39,1.26,0.3,24.14,34.62,30.51,0.52,0.87,0.52,0.91,0.26,0.13,50.0,2.3,0.35,15.09,3.57,0.91,25.61,0.43,12.2
1191,Czech Liga (CZ),31118,Antonín Růsek,A. Růsek,1999-03-22,44.27,10.43,10.78,27,24,3,336.0,14.0,8.25,58.93,1.75,0.21,5.5,1.62,208.0,8.67,5.75,66.35,1.71,0.79,46.34,5.42,77.0,3.21,1.88,1.5,0.83,0.38,0.25,0.17,66.67,58.44,55.55,0.67,1.04,0.25,0.21,0.04,0.04,100.0,2.5,0.29,11.67,3.5,0.58,16.67,0.5,14.28
1191,Czech Liga (CZ),31459,Patrick Kpozo,P. Kpozo,1997-07-15,84.03,24.7,17.81,5,5,0,184.0,36.8,24.4,66.31,3.8,0.2,4.64,1.55,119.0,23.8,15.8,66.38,1.4,0.2,14.29,21.6,32.0,6.4,3.6,3.0,2.0,1.6,0.6,0.2,33.33,56.25,66.67,0.0,1.4,0.4,0.4,0.4,0.2,50.0,1.8,0.0,0.0,2.8,0.8,28.57,0.6,21.43
1191,Czech Liga (CZ),31982,Nassim Innocenti,N. Innocenti,2002-02-19,27.47,5.86,7.65,15,14,1,112.0,8.0,5.64,70.54,0.71,0.0,4.86,1.48,67.0,4.79,3.57,74.63,0.21,0.14,66.67,4.5,24.0,1.71,1.21,0.93,0.64,0.29,0.14,0.07,50.0,70.83,69.23,0.0,0.64,0.0,0.0,0.14,0.0,0.0,0.21,0.0,0.0,0.43,0.0,0.0,0.14,33.33
1191,Czech Liga (CZ),32418,Ángelo Smit Preciado Quiñónez,Á. Preciado,1998-02-18,75.94,24.88,13.03,14,14,0,543.0,38.79,24.5,63.17,3.29,0.14,6.78,2.09,392.0,28.0,18.0,64.28,2.93,1.29,43.9,22.64,160.0,11.43,6.29,7.07,3.57,3.0,2.21,0.86,38.71,55.0,50.51,0.79,3.0,0.86,1.07,0.93,0.29,30.77,3.93,0.43,10.91,5.86,1.29,21.95,0.57,9.76
1191,Czech Liga (CZ),32549,Matěj Polidar,M. Polidar,1999-12-20,58.13,15.79,13.57,17,14,3,332.0,23.71,16.36,68.98,2.64,0.07,4.54,1.37,216.0,15.43,11.36,73.61,0.64,0.29,44.45,14.0,65.0,4.64,3.0,2.71,1.57,1.14,0.93,0.43,46.15,64.62,57.9,0.07,1.57,0.21,0.21,0.14,0.0,0.0,1.14,0.29,25.0,1.93,0.36,18.52,0.14,7.41
1191,Czech Liga (CZ),32551,Vojtěch Patrák,V. Patrák,2000-03-18,77.08,17.07,20.17,26,25,1,495.0,19.8,11.56,58.39,3.28,0.6,5.29,1.49,304.0,12.16,7.04,57.89,2.2,0.8,36.36,7.28,111.0,4.44,2.48,2.32,1.08,1.0,0.88,0.28,31.82,55.86,46.55,0.96,1.0,0.56,0.56,0.16,0.04,25.0,3.08,0.28,9.09,4.96,0.84,16.94,0.84,16.94
1191,Czech Liga (CZ),32571,Milan Heča,M. Heča,1991-03-21,97.81,23.96,24.42,25,25,0,766.0,30.64,19.16,62.53,0.28,0.0,4.88,3.22,437.0,17.48,11.84,67.74,0.36,0.04,11.11,16.72,165.0,6.6,3.76,3.6,2.2,0.04,0.04,0.04,100.0,56.97,61.11,0.0,0.0,0.0,0.0,0.28,0.2,71.43,0.64,0.08,12.5,1.12,0.28,25.0,0.0,0.0
1191,Czech Liga (CZ),32572,Dominik Plechatý,D. Plechatý,1999-04-18,82.36,17.31,19.71,13,13,0,376.0,28.92,22.46,77.66,1.08,0.23,5.51,1.62,224.0,17.23,14.23,82.59,0.15,0.0,0.0,15.77,86.0,6.62,4.77,3.0,2.31,1.46,0.92,0.54,58.33,72.09,76.92,0.0,0.23,0.0,0.08,0.46,0.23,50.0,0.23,0.08,33.33,0.31,0.08,25.0,0.08,25.0
1191,Czech Liga (CZ),32575,Robert Hrubý,R. Hrubý,1994-04-27,20.71,4.28,4.66,19,19,0,98.0,5.16,3.32,64.29,0.47,0.05,7.35,1.99,48.0,2.53,1.74,68.75,0.42,0.26,62.5,1.79,30.0,1.58,1.21,0.79,0.47,0.42,0.26,0.16,60.0,76.67,60.0,0.11,0.58,0.11,0.16,0.11,0.11,100.0,0.47,0.21,44.44,0.74,0.21,28.57,0.16,21.43
1191,Czech Liga (CZ),32577,Tomáš Ladra,T. Ladra,1997-04-24,68.59,18.99,14.47,32,30,2,858.0,28.6,18.43,64.45,5.07,0.47,6.28,1.77,587.0,19.57,12.83,65.59,1.8,0.73,40.74,15.07,242.0,8.07,5.13,3.97,2.4,1.6,1.13,0.53,47.06,63.64,60.5,0.7,2.33,0.23,1.0,0.73,0.47,63.64,2.6,0.53,20.51,4.27,0.73,17.19,0.87,20.31
1191,Czech Liga (CZ),32578,David Štěpánek,D. Štěpánek,1997-03-30,15.4,2.99,3.75,8,7,1,31.0,4.43,2.43,54.84,0.14,0.0,3.63,1.17,24.0,3.43,2.14,62.5,0.0,0.0,,3.14,3.0,0.43,0.29,0.29,0.29,0.0,0.0,0.0,,66.67,100.0,0.0,0.43,0.0,0.14,0.0,0.0,,0.0,0.0,,0.14,0.0,0.0,0.0,0.0
1191,Czech Liga (CZ),32580,Jakub Martinec,J. Martinec,1998-03-13,67.44,18.42,13.87,23,22,1,714.0,32.45,27.27,84.03,1.09,0.18,3.87,1.39,497.0,22.59,20.27,89.74,0.32,0.14,42.86,21.32,93.0,4.23,3.27,2.32,1.82,0.68,0.55,0.32,58.33,77.42,78.43,0.05,0.82,0.05,0.0,0.55,0.5,91.67,0.41,0.09,22.22,0.73,0.27,37.5,0.14,18.75
1191,Czech Liga (CZ),32583,Jan Fortelný,J. Fortelný,1999-01-19,38.01,7.61,10.66,12,11,1,118.0,10.73,6.82,63.56,1.18,0.18,2.88,0.92,60.0,5.45,4.27,78.33,0.64,0.18,28.57,4.36,13.0,1.18,0.91,0.36,0.27,0.18,0.09,0.09,100.0,76.92,75.0,0.27,0.64,0.0,0.0,0.27,0.18,66.67,1.09,0.09,8.33,1.09,0.18,16.67,0.09,8.33
1191,Czech Liga (CZ),32585,Stanislav Dostál,S. Dostál,1991-06-20,97.71,18.65,26.69,30,30,0,647.0,21.57,11.93,55.33,0.13,0.0,4.77,3.12,351.0,11.7,7.7,65.81,0.23,0.1,42.86,11.6,145.0,4.83,2.27,3.03,1.37,0.0,0.0,0.0,,46.9,45.05,0.0,0.0,0.0,0.0,0.03,0.0,0.0,0.37,0.07,18.18,0.47,0.2,42.86,0.0,0.0
1191,Czech Liga (CZ),32588,Lamin Jawo,L. Jawo,1995-03-15,71.97,18.13,18.23,32,28,4,524.0,18.71,8.82,47.14,2.46,0.46,7.71,2.0,321.0,11.46,5.68,49.53,3.29,1.36,41.3,5.75,177.0,6.32,2.75,3.61,1.18,1.71,1.39,0.39,28.21,43.5,32.67,0.46,1.54,0.71,0.75,0.07,0.04,50.0,4.07,0.64,15.79,6.18,1.07,17.34,0.68,10.98
1191,Czech Liga (CZ),32591,Tomáš Poznar,T. Poznar,1988-09-27,47.82,9.65,12.95,32,31,1,254.0,8.19,3.58,43.7,1.61,0.29,5.03,1.43,125.0,4.03,1.84,45.6,1.58,0.71,44.9,1.58,49.0,1.58,0.68,1.0,0.29,0.42,0.26,0.03,12.5,42.86,29.03,0.23,0.35,0.16,0.13,0.06,0.0,0.0,1.84,0.1,5.26,2.81,0.32,11.49,0.58,20.69
1191,Czech Liga (CZ),32594,Martin Cedidla,M. Cedidla,2001-11-22,91.85,22.75,22.85,32,28,4,1074.0,38.36,28.11,73.28,2.36,0.14,4.61,1.55,744.0,26.57,20.89,78.63,1.14,0.46,40.62,24.32,178.0,6.36,4.39,4.0,2.75,1.32,0.89,0.43,48.0,69.1,68.75,0.04,0.93,0.07,0.21,0.68,0.43,63.16,1.57,0.18,11.36,2.75,0.79,28.57,0.07,2.6
1191,Czech Liga (CZ),32608,Lukáš  Hůlka,L. Hůlka,1995-03-31,97.99,23.23,25.34,31,30,1,1165.0,38.83,29.27,75.36,1.83,0.23,4.12,1.42,653.0,21.77,18.53,85.15,0.27,0.1,37.5,20.03,192.0,6.4,4.6,3.1,2.2,1.13,0.57,0.37,64.71,71.88,70.97,0.03,0.63,0.03,0.1,0.33,0.1,30.0,0.33,0.07,20.0,0.7,0.17,23.81,0.13,19.05
1191,Czech Liga (CZ),32633,Jakub Fulnek,J. Fulnek,1994-04-26,36.56,8.99,10.62,6,6,0,72.0,12.0,9.5,79.17,1.0,0.17,3.69,1.3,53.0,8.83,7.17,81.13,0.0,0.0,,8.17,8.0,1.33,0.67,1.0,0.33,0.33,0.33,0.0,0.0,50.0,33.33,0.0,1.5,0.0,0.0,0.17,0.0,0.0,0.5,0.0,0.0,0.67,0.0,0.0,0.0,0.0
1191,Czech Liga (CZ),32637,Jan Stejskal,J. Stejskal,1997-02-14,96.43,22.14,27.39,2,2,0,62.0,31.0,16.5,53.23,0.0,0.0,4.91,3.03,30.0,15.0,9.5,63.33,0.0,0.0,,15.0,13.0,6.5,3.0,3.0,2.0,0.0,0.0,0.0,,46.15,66.67,0.0,0.0,0.0,0.0,0.0,0.0,,0.0,0.0,,0.0,0.0,,0.0,
1191,Czech Liga (CZ),32644,David Pech,D. Pech,2002-02-22,65.98,18.22,14.22,17,17,0,645.0,37.94,30.76,81.09,3.71,0.41,5.96,1.69,463.0,27.24,22.65,83.15,1.47,0.76,52.0,21.41,161.0,9.47,7.47,3.94,2.94,1.53,0.94,0.59,62.5,78.88,74.63,1.35,2.71,0.82,0.76,1.12,0.47,42.1,2.29,0.29,12.82,3.71,0.29,7.94,0.47,12.7
1191,Czech Liga (CZ),32645,Ewerton Paixão Da Silva,Ewerton,1996-12-28,76.82,26.48,13.87,1,1,0,37.0,37.0,25.0,67.57,6.0,0.0,4.01,1.52,33.0,33.0,23.0,69.7,2.0,0.0,0.0,26.0,7.0,7.0,5.0,3.0,2.0,0.0,0.0,0.0,,71.43,66.67,3.0,5.0,0.0,0.0,0.0,0.0,,3.0,2.0,66.67,4.0,2.0,50.0,1.0,25.0
1191,Czech Liga (CZ),32647,Dominik Hašek,D. Hašek,1998-07-19,71.58,15.78,19.0,19,19,0,411.0,21.63,14.89,68.86,1.05,0.11,4.39,1.55,223.0,11.74,9.0,76.68,0.37,0.16,42.86,10.79,66.0,3.47,2.42,1.84,1.42,0.63,0.16,0.11,66.67,69.7,77.14,0.05,0.32,0.21,0.16,0.47,0.26,55.56,0.53,0.05,10.0,0.84,0.21,25.0,0.05,6.25
1191,Czech Liga (CZ),32648,Jiří Klíma,J. Klíma,1997-01-05,37.45,10.53,8.96,20,20,0,203.0,10.15,5.1,50.25,1.85,0.25,6.25,1.69,133.0,6.65,3.2,48.12,1.95,0.9,46.15,3.85,57.0,2.85,1.35,1.55,0.4,0.5,0.5,0.05,10.0,47.37,25.81,0.4,0.55,0.15,0.35,0.1,0.05,50.0,2.45,0.5,20.41,3.35,0.55,16.42,0.45,13.43
1191,Czech Liga (CZ),32649,Antonín Křapka,A. Křapka,1994-01-22,75.39,14.5,20.22,29,28,1,628.0,22.43,15.93,71.02,0.71,0.04,5.01,1.6,345.0,12.32,10.18,82.61,0.21,0.18,83.33,11.14,136.0,4.86,3.64,2.11,1.75,0.79,0.18,0.07,40.0,75.0,83.05,0.04,0.18,0.04,0.0,0.32,0.29,88.89,0.25,0.04,14.29,0.75,0.32,42.86,0.07,9.52
1191,Czech Liga (CZ),32651,Jan Kuchta,J. Kuchta,1997-01-08,62.53,20.24,11.86,30,29,1,388.0,13.38,8.03,60.05,3.21,0.66,4.3,1.08,284.0,9.79,6.07,61.97,2.34,1.14,48.53,4.03,71.0,2.45,1.48,1.28,0.62,0.69,0.59,0.17,29.41,60.56,48.65,0.72,1.14,0.59,0.34,0.07,0.07,100.0,3.21,0.45,13.98,4.86,0.55,11.35,1.34,27.66
1191,Czech Liga (CZ),32652,Matěj Chaluš,M. Chaluš,1998-02-02,93.78,23.95,22.7,25,25,0,1069.0,42.76,35.12,82.13,1.24,0.0,3.53,1.42,641.0,25.64,23.28,90.8,0.36,0.12,33.33,24.28,136.0,5.44,4.8,3.24,2.88,0.4,0.04,0.04,100.0,88.24,88.89,0.16,0.36,0.0,0.0,0.2,0.04,20.0,0.4,0.04,10.0,0.68,0.28,41.18,0.0,0.0
1191,Czech Liga (CZ),32653,Matěj Hybš,M. Hybš,1993-01-03,81.24,22.33,19.79,21,21,0,891.0,42.43,33.05,77.89,1.48,0.29,3.3,1.28,623.0,29.67,24.29,81.86,1.81,1.05,57.89,25.62,97.0,4.62,3.48,2.14,1.62,1.38,0.86,0.57,66.67,75.26,75.56,0.14,1.48,0.33,0.24,0.62,0.33,53.85,2.67,0.48,17.86,3.62,0.86,23.68,0.62,17.11
1191,Czech Liga (CZ),32655,Jan Mikula,J. Mikula,1992-01-05,81.46,17.46,19.99,17,16,1,399.0,24.94,17.75,71.18,1.56,0.19,4.09,1.44,227.0,14.19,10.44,73.57,0.62,0.06,10.0,12.19,69.0,4.31,3.31,2.44,1.94,0.56,0.31,0.25,80.0,76.81,79.49,0.31,0.75,0.06,0.19,0.25,0.12,50.0,0.88,0.12,14.29,1.56,0.19,12.0,0.06,4.0
1191,Czech Liga (CZ),32656,Michal Beran,M. Beran,2000-08-22,92.1,21.18,23.03,32,29,3,1191.0,41.07,30.07,73.22,2.55,0.31,4.75,1.44,713.0,24.59,19.28,78.4,1.34,0.48,35.9,20.62,229.0,7.9,6.28,3.17,2.34,0.9,0.24,0.14,57.14,79.48,73.91,0.69,0.76,0.0,0.31,0.55,0.34,62.5,2.17,0.34,15.87,3.45,0.62,18.0,0.1,3.0
1191,Czech Liga (CZ),32657,Milan Knobloch,M. Knobloch,1992-08-23,96.08,20.71,24.06,3,2,1,52.0,26.0,19.5,75.0,0.0,0.0,4.01,2.98,31.0,15.5,12.0,77.42,0.0,0.0,,15.5,8.0,4.0,1.5,3.0,0.5,0.0,0.0,0.0,,37.5,16.66,0.0,0.0,0.0,0.0,0.0,0.0,,0.5,0.5,100.0,0.5,0.5,100.0,0.0,0.0
1191,Czech Liga (CZ),32659,Michal Fukala,M. Fukala,2000-10-22,92.46,17.99,25.12,25,25,0,596.0,23.84,15.08,63.25,2.4,0.24,4.63,1.31,325.0,13.0,9.12,70.15,0.92,0.4,43.48,11.12,117.0,4.68,3.24,2.8,1.76,1.16,0.88,0.32,36.36,69.23,62.86,0.08,0.84,0.04,0.16,0.48,0.24,50.0,1.16,0.16,13.79,1.96,0.24,12.24,0.2,10.2
1191,Czech Liga (CZ),32660,Lukáš Bartošák,L. Bartošák,1990-07-03,67.47,12.92,17.81,22,22,0,363.0,16.5,9.32,56.47,1.91,0.36,5.08,1.49,213.0,9.68,5.95,61.5,1.32,0.64,48.28,8.0,78.0,3.55,2.09,1.73,1.05,0.64,0.23,0.18,80.0,58.97,60.53,0.05,0.5,0.18,0.45,0.18,0.14,75.0,1.55,0.18,11.76,2.18,0.55,25.0,0.23,10.42
1191,Czech Liga (CZ),32672,Jan Řezníček,J. Řezníček,1992-11-22,74.87,18.11,17.94,10,10,0,241.0,24.1,18.8,78.01,2.4,0.3,3.06,1.19,133.0,13.3,11.9,89.47,0.6,0.4,66.67,10.4,29.0,2.9,2.1,1.5,1.1,0.4,0.2,0.2,100.0,72.41,73.33,0.5,0.4,0.2,0.0,0.1,0.0,0.0,1.0,0.4,40.0,1.8,0.2,11.11,0.3,16.67
1191,Czech Liga (CZ),32682,Jindřich Staněk,J. Staněk,1996-04-27,99.14,25.25,19.25,19,19,0,547.0,28.79,18.84,65.45,0.21,0.0,4.21,2.33,347.0,18.26,13.16,72.05,0.11,0.05,50.0,16.95,84.0,4.42,2.32,1.95,1.0,0.0,0.0,0.0,,52.38,51.35,0.0,0.0,0.0,0.0,0.0,0.0,,0.58,0.42,72.73,0.63,0.26,41.67,0.0,0.0
1191,Czech Liga (CZ),32685,Daniel Horák,D. Horák,2000-05-10,90.88,21.34,25.51,33,33,0,1187.0,35.97,26.21,72.87,2.45,0.42,4.56,1.39,844.0,25.58,20.03,78.32,1.7,1.06,62.5,22.94,225.0,6.82,4.88,3.73,2.73,1.97,1.52,1.09,72.0,71.56,73.17,0.15,3.7,0.15,0.24,0.64,0.33,52.38,2.73,0.42,15.56,3.91,1.12,28.68,0.33,8.53
1191,Czech Liga (CZ),32687,Michal Černák,M. Černák,2003-09-01,52.14,11.37,14.51,16,16,0,232.0,14.5,7.44,51.29,1.81,0.06,5.6,1.63,128.0,8.0,4.44,55.47,1.25,0.38,30.0,5.62,56.0,3.5,1.44,1.38,0.44,0.62,0.38,0.12,33.33,41.07,31.82,0.25,0.94,0.19,0.62,0.25,0.12,50.0,1.5,0.31,20.83,2.62,0.25,9.52,0.44,16.67
1191,Czech Liga (CZ),32690,Lukáš Sadílek,L. Sadílek,1996-05-23,44.22,15.06,6.26,8,8,0,190.0,23.75,20.38,85.79,2.0,0.38,4.67,1.52,152.0,19.0,16.88,88.82,0.88,0.5,57.14,16.5,38.0,4.75,4.25,2.25,2.0,0.62,0.25,0.25,100.0,89.47,88.89,0.25,2.12,0.5,0.0,0.0,0.0,,1.12,0.62,55.56,2.38,0.38,15.79,0.5,21.05
1191,Czech Liga (CZ),32691,Jan Navrátil,J. Navrátil,1990-04-13,50.33,10.45,14.0,13,12,1,177.0,14.75,9.17,62.15,1.42,0.08,4.07,1.2,94.0,7.83,5.17,65.96,1.42,0.92,64.71,5.33,33.0,2.75,1.25,1.92,0.83,0.75,0.58,0.0,0.0,45.45,43.48,0.17,1.33,0.5,0.5,0.17,0.08,50.0,2.0,0.33,16.67,3.0,0.58,19.44,0.5,16.67
1191,Czech Liga (CZ),32695,Jan Kalabiška,J. Kalabiška,1986-12-22,41.73,8.75,10.95,22,21,1,219.0,10.43,6.38,61.19,1.48,0.05,4.38,1.4,117.0,5.57,3.52,63.25,0.33,0.14,42.86,4.57,40.0,1.9,1.1,0.95,0.52,0.24,0.19,0.14,75.0,57.5,55.0,0.0,0.24,0.05,0.1,0.24,0.1,40.0,0.52,0.0,0.0,1.14,0.33,29.17,0.24,20.83
1191,Czech Liga (CZ),32697,Vlastimil Daníček,V. Daníček,1991-07-15,81.36,18.94,21.24,23,23,0,700.0,30.43,22.74,74.71,2.0,0.09,3.79,1.22,414.0,18.0,14.65,81.4,0.61,0.13,21.43,15.48,109.0,4.74,3.43,2.09,1.61,0.7,0.22,0.13,60.0,72.48,77.08,0.39,0.48,0.04,0.04,0.26,0.22,83.33,0.96,0.04,4.55,1.65,0.35,21.05,0.3,18.42
1191,Czech Liga (CZ),32700,Petr Reinberk,P. Reinberk,1989-05-23,58.96,14.18,14.66,20,20,0,369.0,18.45,12.6,68.29,1.75,0.1,3.71,1.23,225.0,11.25,8.45,75.11,0.85,0.45,52.94,9.3,58.0,2.9,1.7,1.55,0.85,0.6,0.5,0.35,70.0,58.62,54.84,0.1,0.75,0.2,0.1,0.0,0.0,,1.6,0.45,28.13,2.4,0.4,16.67,0.35,14.58
1191,Czech Liga (CZ),32701,Václav Jurečka,V. Jurečka,1994-06-26,85.39,20.4,21.31,16,16,0,322.0,20.12,10.31,51.24,2.75,0.5,5.67,1.55,194.0,12.12,6.25,51.55,2.5,0.62,25.0,8.19,67.0,4.19,2.0,2.81,1.25,0.88,0.62,0.31,50.0,47.76,44.44,0.94,2.69,0.56,0.69,0.19,0.12,66.67,3.31,0.38,11.32,5.75,0.94,16.3,1.06,18.48
1191,Czech Liga (CZ),32702,Daniel Mareček,D. Mareček,1998-05-30,64.86,14.46,18.11,32,31,1,494.0,15.94,9.35,58.7,1.97,0.32,3.73,1.07,282.0,9.1,5.71,62.77,1.52,0.58,38.3,6.58,78.0,2.52,1.1,1.68,0.65,0.97,0.87,0.19,22.22,43.59,38.46,0.26,1.16,0.19,0.19,0.16,0.06,40.0,1.97,0.39,19.67,2.94,0.77,26.37,0.29,9.89
1191,Czech Liga (CZ),32703,Michal Kohút,M. Kohút,2000-06-04,72.44,18.46,17.55,13,13,0,401.0,30.85,20.77,67.33,3.77,0.23,6.26,1.82,248.0,19.08,13.62,71.37,2.62,1.23,47.06,14.54,116.0,8.92,5.85,3.77,1.92,1.23,1.0,0.46,46.15,65.52,51.02,0.85,1.69,0.54,0.46,0.23,0.15,66.67,3.31,0.69,20.93,4.92,1.23,25.0,0.85,17.19
1191,Czech Liga (CZ),32708,Samson Tijani,S. Tijani,2002-05-17,70.91,15.23,19.38,25,25,0,645.0,25.8,18.6,72.09,1.44,0.08,4.15,1.43,303.0,12.12,9.48,78.22,0.44,0.12,27.27,9.48,105.0,4.2,3.24,1.16,0.92,0.56,0.24,0.2,83.33,77.14,79.31,0.52,0.36,0.04,0.12,0.2,0.08,40.0,0.8,0.08,10.0,1.48,0.04,2.7,0.0,0.0
1191,Czech Liga (CZ),33623,Matouš Trmal,M. Trmal,1998-10-02,98.09,20.46,27.15,33,31,2,716.0,23.1,13.74,59.5,0.23,0.03,4.85,3.25,363.0,11.71,8.03,68.6,0.1,0.06,66.67,11.06,142.0,4.58,2.23,2.45,1.16,0.0,0.0,0.0,,48.59,47.37,0.0,0.0,0.0,0.0,0.13,0.06,50.0,0.1,0.03,33.33,0.19,0.1,50.0,0.0,0.0
1191,Czech Liga (CZ),34071,David Zima,D. Zima,2000-11-08,86.24,20.1,17.3,24,24,0,717.0,29.88,24.71,82.71,1.54,0.21,4.73,1.33,421.0,17.54,15.96,90.97,0.38,0.25,66.67,16.0,145.0,6.04,5.0,2.67,2.25,1.83,0.58,0.46,78.57,82.76,84.38,0.12,1.04,0.04,0.17,0.17,0.12,75.0,0.5,0.12,25.0,1.04,0.42,40.0,0.12,12.0
1191,Czech Liga (CZ),34072,Oscar Murphy Dorley,O. Dorley,1998-07-19,66.89,16.51,13.13,22,22,0,552.0,25.09,18.77,74.82,2.18,0.36,4.27,1.47,304.0,13.82,11.18,80.92,0.64,0.23,35.71,11.41,87.0,3.95,3.45,1.82,1.5,0.41,0.23,0.18,80.0,87.36,82.5,0.18,1.41,0.14,0.14,0.14,0.09,66.67,0.95,0.18,19.05,1.73,0.27,15.79,0.09,5.26
1191,Czech Liga (CZ),34106,Jakub Křišťan,J. Křišťan,2002-07-05,59.03,16.46,12.33,21,18,3,426.0,23.67,19.72,83.33,1.22,0.0,2.99,1.03,278.0,15.44,13.33,86.33,0.67,0.33,50.0,12.06,41.0,2.28,1.78,1.11,0.78,0.22,0.11,0.0,0.0,78.05,70.0,0.56,1.28,0.06,0.0,0.17,0.11,66.67,1.17,0.22,19.05,1.94,0.33,17.14,0.33,17.14
1191,Czech Liga (CZ),34107,Tomáš Rigo,T. Rigo,2002-07-03,60.15,18.66,13.24,4,4,0,155.0,38.75,30.25,78.06,3.25,0.25,4.94,1.65,105.0,26.25,21.25,80.95,1.25,0.75,60.0,21.25,35.0,8.75,6.75,5.5,4.0,1.5,1.0,0.5,50.0,77.14,72.73,0.25,1.5,0.0,2.0,0.25,0.25,100.0,2.0,0.5,25.0,2.5,0.5,20.0,0.5,20.0
1191,Czech Liga (CZ),34109,Denis Visinsky,D. Visinsky,2003-03-21,68.86,19.23,15.06,27,26,1,656.0,25.23,16.08,63.72,4.73,0.54,6.72,1.82,427.0,16.42,10.73,65.34,2.0,0.92,46.15,11.73,174.0,6.69,3.46,4.35,1.69,1.77,1.31,0.35,26.47,51.72,38.94,0.35,1.77,0.46,1.27,0.77,0.15,20.0,3.08,0.5,16.25,4.92,1.31,26.56,1.31,26.56
1191,Czech Liga (CZ),34135,Marios Pourzitidis,M. Pourzitidis,1999-05-08,86.78,18.27,23.75,26,26,0,902.0,34.69,24.31,70.07,1.92,0.19,5.35,1.57,529.0,20.35,15.38,75.61,0.69,0.19,27.78,19.15,198.0,7.62,5.58,3.88,2.77,1.5,0.85,0.54,63.64,73.23,71.29,0.12,1.23,0.04,0.19,0.54,0.23,42.86,0.96,0.04,4.0,1.62,0.35,21.43,0.23,14.29
1191,Czech Liga (CZ),34626,Jonathan Mulder,J. Mulder,2002-01-02,68.95,17.3,16.1,16,16,0,568.0,35.5,28.19,79.4,1.75,0.19,4.47,1.49,358.0,22.38,18.88,84.36,0.56,0.38,66.67,21.06,106.0,6.62,5.38,3.69,2.88,0.88,0.44,0.12,28.57,81.13,77.97,0.25,0.5,0.06,0.19,0.69,0.31,45.45,0.75,0.06,8.33,1.25,0.19,15.0,0.06,5.0
1191,Czech Liga (CZ),35675,Pablo Antonio Ortíz Cabezas,P. Ortíz,2000-06-08,71.96,21.21,15.98,1,1,0,39.0,39.0,34.0,87.18,3.0,0.0,4.95,1.9,28.0,28.0,27.0,96.43,0.0,0.0,,28.0,7.0,7.0,5.0,4.0,4.0,2.0,0.0,0.0,,71.43,100.0,0.0,5.0,0.0,0.0,1.0,1.0,100.0,0.0,0.0,,0.0,0.0,,0.0,
1191,Czech Liga (CZ),37021,Milan Ristovski,M. Ristovski,1998-04-08,59.14,13.76,15.23,31,30,1,430.0,14.33,8.73,60.93,2.3,0.27,5.8,1.71,240.0,8.0,5.13,64.17,1.63,0.63,38.78,4.7,110.0,3.67,2.2,1.43,0.57,0.6,0.33,0.03,10.0,60.0,39.53,0.4,0.83,0.43,0.4,0.03,0.0,0.0,2.17,0.5,23.08,3.5,0.57,16.19,0.5,14.29
1191,Czech Liga (CZ),37086,Cheick Oumar Souaré,C. Souaré,2002-09-03,70.46,18.78,14.79,29,27,2,806.0,29.85,20.7,69.36,4.04,0.63,4.54,1.59,572.0,21.19,15.37,72.55,1.74,1.04,59.57,16.7,150.0,5.56,3.63,2.56,1.44,0.85,0.56,0.22,40.0,65.33,56.52,0.48,1.15,0.22,0.44,0.56,0.26,46.67,2.59,0.48,18.57,4.7,0.89,18.9,1.19,25.2
1191,Czech Liga (CZ),37275,Dominik Janošek,D. Janošek,1998-06-13,45.58,11.61,9.76,20,17,3,424.0,24.94,19.59,78.54,2.47,0.24,3.15,1.29,289.0,17.0,13.71,80.62,1.47,0.88,60.0,13.29,43.0,2.53,1.88,0.71,0.53,0.06,0.0,0.0,,74.42,75.0,0.35,0.94,0.12,0.06,0.06,0.0,0.0,2.06,0.47,22.86,2.71,0.41,15.22,0.59,21.74
1191,Czech Liga (CZ),37277,Jan Král,J. Král,1999-04-05,85.99,19.47,21.77,23,21,2,716.0,34.1,26.57,77.93,1.1,0.19,4.05,1.44,443.0,21.1,18.48,87.59,0.1,0.0,0.0,20.05,121.0,5.76,4.48,2.71,2.05,0.48,0.1,0.05,50.0,77.69,75.44,0.05,0.1,0.05,0.05,0.48,0.33,70.0,0.1,0.0,0.0,0.29,0.05,16.66,0.05,16.67
1191,Czech Liga (CZ),37278,Daniel Souček,D. Souček,1998-07-18,56.22,13.35,16.02,27,24,3,570.0,23.75,17.5,73.68,1.04,0.08,3.96,1.35,373.0,15.54,12.08,77.75,0.58,0.33,57.14,14.17,92.0,3.83,2.88,1.62,1.17,0.58,0.29,0.17,57.14,75.0,71.8,0.17,0.5,0.0,0.17,0.17,0.08,50.0,0.96,0.12,13.04,1.5,0.42,27.78,0.08,5.56
1191,Czech Liga (CZ),37284,Michal Hlavatý,M. Hlavatý,1998-06-17,79.54,18.93,18.83,29,28,1,1057.0,37.75,26.86,71.14,3.32,0.25,3.94,1.38,682.0,24.36,17.96,73.75,1.68,0.64,38.3,20.07,167.0,5.96,4.32,2.96,1.96,0.82,0.46,0.36,76.92,72.46,66.26,0.86,1.18,0.25,0.46,0.39,0.14,36.36,2.64,0.36,13.51,4.04,0.75,18.58,0.5,12.39
1191,Czech Liga (CZ),37401,Jakub Kolář,J. Kolář,2000-01-16,77.03,14.65,21.69,23,23,0,526.0,22.87,16.09,70.34,0.96,0.13,4.27,1.49,260.0,11.3,9.22,81.54,0.09,0.09,100.0,10.7,92.0,4.0,3.09,1.48,1.13,0.78,0.09,0.09,100.0,77.17,76.47,0.04,0.04,0.0,0.0,0.26,0.04,16.67,0.13,0.0,0.0,0.26,0.13,50.0,0.0,0.0
1191,Czech Liga (CZ),37414,Hugo Jan Bačkovský,H. Bačkovský,1999-10-10,97.8,21.62,25.65,13,13,0,341.0,26.23,14.46,55.13,0.38,0.0,6.61,3.98,180.0,13.85,8.0,57.78,0.23,0.0,0.0,13.46,111.0,8.54,4.62,5.08,2.69,0.0,0.0,0.0,,54.05,53.03,0.0,0.0,0.0,0.0,0.31,0.15,50.0,0.54,0.23,42.86,0.77,0.0,0.0,0.0,0.0
1191,Czech Liga (CZ),37416,David Puškáč,D. Puškáč,1993-05-14,32.43,7.46,8.34,34,30,4,296.0,9.87,5.9,59.8,1.27,0.1,5.48,1.43,193.0,6.43,4.03,62.7,1.7,1.03,60.78,3.07,62.0,2.07,1.2,1.13,0.5,0.7,0.57,0.27,47.06,58.06,44.12,0.17,0.87,0.17,0.13,0.07,0.0,0.0,2.1,0.27,12.7,3.43,0.23,6.8,0.5,14.56
1191,Czech Liga (CZ),37423,Joss Didiba Moudoumbou,J. Didiba,1997-11-07,75.81,14.77,20.81,32,31,1,726.0,23.42,14.48,61.85,1.35,0.13,3.35,1.22,396.0,12.77,8.71,68.18,0.58,0.29,50.0,9.68,82.0,2.65,1.39,1.16,0.52,0.45,0.32,0.16,50.0,52.44,44.44,0.23,0.42,0.06,0.03,0.23,0.03,14.29,1.06,0.16,15.15,2.03,0.35,17.46,0.16,7.94
1191,Czech Liga (CZ),37430,Dalibor Večerka,D. Večerka,2003-03-12,90.21,18.77,25.78,29,27,2,782.0,28.96,21.89,75.58,0.48,0.04,4.81,1.5,464.0,17.19,14.74,85.78,0.07,0.0,0.0,15.67,151.0,5.59,4.41,2.67,2.37,1.0,0.33,0.22,66.67,78.81,88.89,0.04,0.22,0.0,0.0,0.11,0.07,66.67,0.22,0.07,33.33,0.52,0.11,21.43,0.0,0.0
1191,Czech Liga (CZ),37432,David Douděra,D. Douděra,1998-05-31,73.7,18.9,15.1,22,22,0,690.0,31.36,19.59,62.46,4.64,0.41,3.61,1.28,465.0,21.14,14.59,69.03,1.27,0.41,32.14,18.73,101.0,4.59,2.55,2.68,1.41,0.86,0.55,0.18,33.33,55.45,52.54,0.14,1.23,0.27,0.18,0.23,0.09,40.0,1.73,0.18,10.53,3.59,0.86,24.05,0.68,18.99
1191,Czech Liga (CZ),37434,David Šimek,D. Šimek,1998-02-15,59.12,15.68,14.39,6,6,0,165.0,27.5,20.17,73.33,0.83,0.0,3.83,1.47,112.0,18.67,15.5,83.04,0.33,0.17,50.0,18.0,25.0,4.17,2.5,2.67,2.0,0.17,0.17,0.17,100.0,60.0,75.0,0.0,0.17,0.17,0.0,0.33,0.17,50.0,0.33,0.0,0.0,0.33,0.17,50.0,0.17,50.0
1191,Czech Liga (CZ),37435,Lukáš Mašek,L. Mašek,2004-05-08,59.58,13.96,13.89,33,32,1,372.0,11.62,5.38,46.24,2.09,0.19,4.84,1.34,217.0,6.78,3.28,48.39,1.91,0.84,44.26,2.66,74.0,2.31,0.81,1.44,0.38,0.81,0.62,0.16,25.0,35.13,26.09,0.62,0.84,0.72,0.19,0.03,0.03,100.0,2.28,0.19,8.22,4.41,0.84,19.15,0.91,20.57
1191,Czech Liga (CZ),37437,Pavel Šulc,P. Šulc,2000-12-29,85.33,23.21,19.75,2,2,0,75.0,37.5,17.0,45.33,5.0,2.0,7.75,1.77,49.0,24.5,12.0,48.98,1.5,1.0,66.67,16.0,26.0,13.0,5.5,9.0,4.0,5.0,4.0,1.5,37.5,42.31,44.44,2.0,2.5,0.5,2.5,0.5,0.5,100.0,3.0,0.5,16.67,8.0,1.5,18.75,2.0,25.0
1191,Czech Liga (CZ),37440,Josef Koželuh,J. Koželuh,2002-02-15,65.88,14.37,15.21,17,17,0,361.0,21.24,12.65,59.56,1.76,0.24,4.35,1.33,208.0,12.24,7.94,64.9,0.88,0.35,40.0,11.53,58.0,3.41,2.0,2.47,1.41,0.88,0.71,0.24,33.33,58.62,57.14,0.0,1.18,0.12,0.0,0.18,0.06,33.33,1.12,0.24,21.05,1.76,0.29,16.67,0.12,6.67
1191,Czech Liga (CZ),37448,Dominik Kostka,D. Kostka,1996-05-04,80.06,21.92,19.3,31,31,0,807.0,26.03,17.87,68.65,2.1,0.29,5.63,1.65,549.0,17.71,12.77,72.13,1.74,0.81,46.3,15.03,204.0,6.58,4.39,3.55,2.19,1.58,0.97,0.55,56.67,66.67,61.82,0.19,1.61,0.32,0.32,0.23,0.13,57.14,2.48,0.29,11.69,3.81,1.0,26.27,0.39,10.17
1191,Czech Liga (CZ),37456,Samuel Šimek,S. Šimek,2002-04-12,71.94,15.84,19.6,25,25,0,580.0,23.2,15.16,65.35,1.56,0.16,4.95,1.41,310.0,12.4,8.76,70.65,0.96,0.44,45.83,10.24,134.0,5.36,3.72,2.28,1.8,1.2,0.68,0.52,76.47,69.4,78.95,0.28,1.2,0.2,0.28,0.36,0.08,22.22,1.4,0.2,14.29,2.4,0.48,20.0,0.28,11.67
1191,Czech Liga (CZ),37474,Filip Zorvan,F. Zorvan,1996-04-07,65.07,16.03,16.64,27,24,3,572.0,23.83,15.88,66.61,1.96,0.12,3.86,1.34,388.0,16.17,10.88,67.27,2.67,1.21,45.31,10.38,85.0,3.54,2.38,1.46,0.83,0.33,0.25,0.17,66.67,67.06,57.14,0.67,0.96,0.17,0.12,0.08,0.04,50.0,3.79,0.38,9.89,5.71,0.83,14.6,0.62,10.95
1191,Czech Liga (CZ),37483,Rajmund  Mikuš,R. Mikuš,1995-11-29,52.21,11.88,12.76,9,9,0,111.0,12.33,5.67,45.95,2.11,0.11,8.3,1.99,69.0,7.67,3.56,46.38,2.11,0.89,42.1,5.56,39.0,4.33,1.89,2.89,1.22,1.22,1.11,0.67,60.0,43.59,42.31,0.33,0.44,0.11,0.78,0.0,0.0,,2.22,0.22,10.0,3.78,1.11,29.41,0.67,17.65
1191,Czech Liga (CZ),37484,Vojtěch Smrž,V. Smrž,1997-01-20,58.7,13.77,15.61,19,18,1,401.0,22.28,14.11,63.34,2.17,0.0,3.89,1.18,192.0,10.67,7.22,67.71,0.72,0.33,46.15,7.72,56.0,3.11,1.83,1.56,0.89,0.56,0.44,0.11,25.0,58.93,57.14,0.22,0.39,0.06,0.28,0.06,0.06,100.0,1.28,0.17,13.04,2.44,0.5,20.45,0.28,11.36
1191,Czech Liga (CZ),37492,Lukáš Čmelík,L. Čmelík,1996-04-13,28.68,5.42,5.61,2,2,0,19.0,9.5,3.0,31.58,0.0,0.0,8.08,2.22,10.0,5.0,1.5,30.0,0.5,0.0,0.0,5.0,5.0,2.5,1.0,1.5,0.5,1.5,1.0,0.0,0.0,40.0,33.33,0.0,0.0,0.0,0.5,0.5,0.0,0.0,0.5,0.0,0.0,0.5,0.0,0.0,0.0,0.0
1191,Czech Liga (CZ),37497,Jan Vondra,J. Vondra,1995-09-13,97.84,23.13,25.05,20,19,1,775.0,40.79,31.89,78.19,1.37,0.0,3.74,1.32,453.0,23.84,20.53,86.09,0.05,0.05,100.0,22.63,111.0,5.84,4.68,2.89,2.37,1.26,0.21,0.21,100.0,80.18,81.82,0.0,0.11,0.0,0.11,0.47,0.16,33.33,0.11,0.05,50.0,0.26,0.05,20.0,0.0,0.0
1191,Czech Liga (CZ),37501,Filip Kubala,F. Kubala,1999-09-02,27.52,8.36,4.84,1,1,0,9.0,9.0,8.0,88.89,2.0,0.0,8.14,1.71,7.0,7.0,6.0,85.71,0.0,0.0,,4.0,3.0,3.0,2.0,2.0,1.0,2.0,2.0,1.0,50.0,66.67,50.0,0.0,4.0,0.0,0.0,0.0,0.0,,0.0,0.0,,0.0,0.0,,0.0,
1191,Czech Liga (CZ),37504,Mojmír Chytil,M. Chytil,1999-04-29,55.76,14.34,11.35,29,28,1,370.0,13.21,5.82,44.05,3.61,0.54,5.94,1.65,212.0,7.57,3.36,44.34,3.11,1.11,35.63,3.07,95.0,3.39,1.54,2.04,0.79,0.93,0.79,0.18,22.73,45.26,38.6,0.82,0.79,0.93,0.68,0.04,0.0,0.0,3.57,0.32,9.0,5.46,1.32,24.18,1.68,30.72
1191,Czech Liga (CZ),37515,Jiří Floder,J. Floder,1997-01-03,97.25,26.75,23.7,25,25,0,627.0,25.08,15.6,62.2,0.08,0.0,4.03,2.84,318.0,12.72,9.08,71.38,0.32,0.0,0.0,12.2,103.0,4.12,2.08,2.56,1.28,0.04,0.0,0.0,,50.49,50.0,0.0,0.0,0.0,0.0,0.28,0.16,57.14,0.44,0.04,9.09,0.56,0.12,21.43,0.0,0.0
1191,Czech Liga (CZ),37524,Martin Králik,M. Králik,1995-04-03,94.84,26.25,22.46,33,33,0,1714.0,51.94,42.45,81.74,1.3,0.12,4.22,1.7,1093.0,33.12,28.39,85.73,0.27,0.06,22.22,31.0,279.0,8.45,6.64,4.55,3.79,0.76,0.24,0.18,75.0,78.5,83.33,0.21,0.39,0.0,0.09,0.73,0.42,58.33,0.45,0.06,13.33,0.76,0.12,16.0,0.03,4.0
1191,Czech Liga (CZ),37526,Vojtěch Vorel,V. Vorel,1996-06-18,94.65,31.7,25.25,2,2,0,71.0,35.5,28.0,78.87,0.5,0.5,4.75,3.36,40.0,20.0,18.5,92.5,0.0,0.0,,19.5,14.0,7.0,5.5,1.5,1.0,0.0,0.0,0.0,,78.57,66.67,0.0,0.0,0.0,0.0,0.0,0.0,,0.5,0.0,0.0,0.5,0.5,100.0,0.0,0.0
1191,Czech Liga (CZ),37535,Filip Čihák,F. Čihák,1999-07-10,89.21,19.71,26.01,25,25,0,802.0,32.08,23.56,73.44,1.04,0.24,4.9,1.61,490.0,19.6,15.56,79.39,0.36,0.16,44.44,18.24,170.0,6.8,4.44,3.4,2.36,0.92,0.48,0.4,83.33,65.29,69.41,0.12,0.72,0.16,0.24,1.0,0.44,44.0,0.68,0.08,11.76,1.28,0.48,37.5,0.2,15.62
1191,Czech Liga (CZ),37540,Vladimír Neuman,V. Neuman,2000-02-10,96.79,26.73,20.46,8,5,3,158.0,31.6,22.4,70.89,0.4,0.0,4.55,3.08,100.0,20.0,15.0,75.0,0.2,0.0,0.0,19.2,33.0,6.6,4.2,2.4,1.8,0.2,0.0,0.0,,63.64,75.0,0.0,0.0,0.0,0.0,0.2,0.0,0.0,0.6,0.2,33.33,0.8,0.0,0.0,0.0,0.0
1191,Czech Liga (CZ),37545,Samuel Dancák,S. Dancák,1998-03-06,78.23,18.85,21.76,29,29,0,936.0,32.28,26.34,81.62,2.17,0.28,4.09,1.33,569.0,19.62,16.76,85.41,0.55,0.41,75.0,15.07,156.0,5.38,4.31,1.79,1.14,0.86,0.38,0.24,63.64,80.13,63.46,0.72,1.07,0.03,0.31,0.28,0.21,75.0,1.17,0.24,20.59,2.28,0.24,10.61,0.14,6.06
1191,Czech Liga (CZ),37562,Daniel Langhamer,D. Langhamer,2003-03-20,49.59,14.48,11.27,28,28,0,642.0,22.93,17.0,74.14,2.43,0.21,4.82,1.42,461.0,16.46,12.21,74.19,2.36,1.04,43.94,10.93,127.0,4.54,3.29,2.43,1.54,1.29,1.0,0.46,46.43,72.44,63.24,1.04,1.93,0.39,0.14,0.14,0.11,75.0,3.5,0.57,16.33,5.57,0.86,15.38,1.0,17.95
1191,Czech Liga (CZ),37564,Daniel Trubač,D. Trubač,1997-07-17,68.61,15.04,19.21,31,29,2,717.0,24.72,16.72,67.64,2.52,0.31,4.99,1.49,422.0,14.55,10.24,70.38,1.97,0.9,45.61,10.1,163.0,5.62,3.48,2.34,1.31,1.0,0.34,0.24,70.0,61.96,55.88,0.62,1.72,0.17,0.34,0.34,0.03,10.0,2.76,0.59,21.25,4.21,0.62,14.75,0.48,11.48
1191,Czech Liga (CZ),37568,Robert Jukl,R. Jukl,1998-10-28,58.62,12.26,15.45,22,20,2,284.0,14.2,9.15,64.44,0.95,0.15,2.68,0.83,137.0,6.85,5.0,72.99,0.65,0.3,46.15,4.4,28.0,1.4,1.0,0.5,0.2,0.25,0.15,0.05,33.33,71.43,40.0,0.4,0.6,0.2,0.05,0.05,0.0,0.0,1.25,0.35,28.0,2.0,0.3,15.0,0.15,7.5
1191,Czech Liga (CZ),37572,Matěj Radosta,M. Radosta,2001-05-10,85.97,18.01,24.14,31,30,1,798.0,26.6,15.7,59.02,2.97,0.3,7.48,1.88,497.0,16.57,10.77,64.99,2.0,1.1,55.0,12.5,252.0,8.4,4.7,4.4,2.27,2.83,2.33,1.0,42.86,55.95,51.52,0.4,1.57,0.67,0.83,0.6,0.27,44.45,3.07,0.43,14.13,5.3,1.57,29.56,0.43,8.18
1191,Czech Liga (CZ),37574,Gigli Ndefe,Gigli Ndefe,1994-03-02,84.53,20.31,21.75,33,33,0,948.0,28.73,21.06,73.31,2.3,0.21,5.17,1.63,642.0,19.45,15.24,78.35,1.58,0.85,53.85,16.64,215.0,6.52,4.97,3.36,2.61,1.52,0.79,0.45,57.69,76.28,77.48,0.15,1.18,0.3,0.33,0.45,0.24,53.33,2.21,0.3,13.7,3.21,0.88,27.36,0.45,14.15
1191,Czech Liga (CZ),37578,Tadeáš Stoppen,T. Stoppen,2003-12-30,95.73,23.27,24.7,2,2,0,54.0,27.0,12.0,44.45,1.0,0.0,4.38,3.73,38.0,19.0,10.0,52.63,0.0,0.0,,19.0,5.0,2.5,1.0,1.5,0.5,0.0,0.0,0.0,,40.0,33.33,0.0,0.0,0.0,0.0,0.0,0.0,,0.0,0.0,,0.5,0.0,0.0,0.0,0.0
1191,Czech Liga (CZ),37595,Štěpán Harazim,Š. Harazim,2000-07-13,73.65,14.47,22.24,7,7,0,146.0,20.86,10.86,52.06,1.43,0.14,4.55,1.51,89.0,12.71,7.0,55.06,1.14,0.57,50.0,10.14,25.0,3.57,1.43,1.71,0.57,0.71,0.43,0.14,33.33,40.0,33.33,0.14,0.86,0.14,0.14,0.71,0.29,40.0,1.57,0.14,9.09,3.0,0.71,23.81,0.14,4.76
1191,Czech Liga (CZ),37603,Matyáš Kozák,M. Kozák,2001-05-04,50.1,11.48,13.81,24,23,1,285.0,12.39,6.61,53.33,2.52,0.39,5.53,1.38,188.0,8.17,4.3,52.66,2.17,0.78,36.0,4.17,55.0,2.39,1.04,1.57,0.61,0.96,0.78,0.22,27.78,43.64,38.89,0.35,1.0,0.52,0.48,0.04,0.0,0.0,2.52,0.3,12.07,4.3,0.87,20.2,1.17,27.27
1191,Czech Liga (CZ),37610,Daniel Tetour,D. Tetour,1994-07-17,72.55,19.52,16.9,18,18,0,649.0,36.06,25.44,70.57,3.33,0.33,5.8,1.76,428.0,23.78,17.94,75.47,2.0,0.89,44.44,18.17,165.0,9.17,7.28,3.5,2.89,0.94,0.56,0.44,80.0,79.4,82.54,1.39,2.17,0.56,0.67,0.33,0.28,83.33,3.56,0.72,20.31,4.61,0.67,14.46,0.83,18.07
1191,Czech Liga (CZ),37612,Jiří Fleišman,J. Fleišman,1984-10-02,76.82,20.64,17.55,30,27,3,976.0,36.15,26.26,72.64,2.41,0.11,4.25,1.44,644.0,23.85,18.85,79.04,0.85,0.48,56.52,22.44,157.0,5.81,4.37,3.07,2.37,1.22,0.78,0.59,76.19,75.16,77.11,0.04,0.89,0.07,0.07,0.59,0.33,56.25,1.3,0.15,11.43,1.81,0.26,14.29,0.11,6.12
1191,Czech Liga (CZ),37613,Jaroslav Svozil,J. Svozil,1993-09-09,88.96,18.81,24.16,22,22,0,656.0,29.82,23.32,78.2,0.64,0.05,3.9,1.45,371.0,16.86,14.73,87.33,0.14,0.05,33.33,15.82,112.0,5.09,3.95,1.77,1.23,0.5,0.23,0.14,60.0,77.68,69.23,0.0,0.23,0.0,0.05,0.32,0.09,28.57,0.18,0.0,0.0,0.32,0.05,14.29,0.0,0.0
1191,Czech Liga (CZ),37615,Viktor Budinský,V. Budinský,1993-05-09,98.4,31.29,21.2,4,4,0,128.0,32.0,25.75,80.47,0.25,0.0,3.36,2.0,79.0,19.75,16.75,84.81,0.25,0.25,100.0,18.5,17.0,4.25,3.25,2.5,2.25,0.25,0.0,0.0,,76.47,90.0,0.0,0.0,0.0,0.0,0.25,0.25,100.0,0.25,0.0,0.0,0.5,0.25,50.0,0.0,0.0
1191,Czech Liga (CZ),37616,David Buchta,D. Buchta,1999-06-27,60.39,17.02,14.74,20,19,1,324.0,17.05,11.47,67.28,2.26,0.11,4.28,1.17,214.0,11.26,8.21,72.9,1.89,0.95,50.0,8.26,53.0,2.79,1.58,1.53,0.74,0.79,0.63,0.37,58.33,56.6,48.28,0.37,1.21,0.32,0.37,0.16,0.0,0.0,2.53,0.32,12.5,3.84,0.63,16.44,0.74,19.18
1191,Czech Liga (CZ),37618,Muhamed Tijani,M. Tijani,2000-07-26,40.52,8.68,9.77,13,12,1,92.0,7.67,3.75,48.91,1.25,0.08,3.73,1.22,53.0,4.42,2.25,50.94,1.5,0.58,38.89,1.58,13.0,1.08,0.42,0.42,0.08,0.5,0.17,0.0,0.0,38.46,20.0,0.33,0.58,0.25,0.08,0.0,0.0,,1.92,0.17,8.7,3.0,0.25,8.33,0.83,27.78
1191,Czech Liga (CZ),37626,Marek Hanousek,M. Hanousek,1991-08-06,63.16,14.0,15.88,10,10,0,188.0,18.8,14.0,74.47,1.2,0.0,2.97,0.96,95.0,9.5,8.2,86.32,0.6,0.3,50.0,7.3,19.0,1.9,1.6,0.8,0.7,0.3,0.0,0.0,,84.21,87.5,0.5,0.2,0.2,0.2,0.0,0.0,,1.3,0.0,0.0,1.5,0.3,20.0,0.2,13.33
1191,Czech Liga (CZ),37643,Jiří Borek,J. Borek,2002-09-23,96.66,22.57,27.68,6,6,0,152.0,25.33,14.5,57.24,0.67,0.0,5.97,3.28,78.0,13.0,7.67,58.97,0.17,0.0,0.0,12.17,45.0,7.5,4.0,6.0,3.5,0.0,0.0,0.0,,53.33,58.33,0.0,0.0,0.0,0.0,0.33,0.17,50.0,0.33,0.17,50.0,0.67,0.17,25.0,0.0,0.0
1191,Czech Liga (CZ),37646,Denis Darmovzal,D. Darmovzal,2000-07-17,34.56,5.46,13.83,2,2,0,21.0,10.5,6.0,57.14,1.0,0.0,4.93,1.36,12.0,6.0,4.0,66.67,0.5,0.0,0.0,3.5,5.0,2.5,1.0,0.5,0.5,1.0,0.5,0.5,100.0,40.0,100.0,0.0,0.5,0.5,0.5,0.5,0.0,0.0,2.0,1.0,50.0,2.5,0.5,20.0,0.5,20.0
1191,Czech Liga (CZ),37650,Petr Kodeš,P. Kodeš,1996-01-31,75.02,15.41,20.78,16,16,0,312.0,19.5,13.31,68.27,1.88,0.31,3.9,1.31,179.0,11.19,8.12,72.63,1.06,0.44,41.18,8.81,50.0,3.12,1.94,2.06,1.12,0.5,0.44,0.31,71.43,62.0,54.55,0.25,0.38,0.12,0.06,0.25,0.12,50.0,1.88,0.38,20.0,2.56,0.69,26.83,0.19,7.32
1191,Czech Liga (CZ),37652,Michal Ševčík,M. Ševčík,2002-08-13,68.71,19.53,15.67,31,31,0,783.0,25.26,15.48,61.3,3.81,0.55,5.28,1.61,520.0,16.77,11.0,65.58,2.42,1.19,49.33,11.45,160.0,5.16,3.23,2.26,1.32,0.77,0.48,0.23,46.67,62.5,58.57,1.03,0.97,0.48,0.61,0.39,0.1,25.0,3.81,0.68,17.8,5.71,0.61,10.73,1.29,22.6
1191,Czech Liga (CZ),37653,Jakub Černín,J. Černín,1999-02-08,83.39,16.15,22.87,26,26,0,795.0,30.58,20.15,65.91,1.62,0.15,3.7,1.48,421.0,16.19,12.35,76.25,0.23,0.04,16.67,14.65,115.0,4.42,2.77,1.92,1.19,0.69,0.15,0.08,50.0,62.61,62.0,0.0,0.12,0.04,0.0,0.5,0.23,46.15,0.42,0.08,18.18,0.65,0.31,47.06,0.0,0.0
1191,Czech Liga (CZ),37662,Vojtěch Stránský,V. Stránský,2003-03-13,81.52,17.48,19.53,35,34,1,978.0,28.76,18.91,65.75,3.44,0.21,4.2,1.28,528.0,15.53,11.03,71.02,0.97,0.38,39.39,12.03,163.0,4.79,2.94,2.15,1.29,0.85,0.53,0.26,50.0,61.35,60.27,0.76,0.91,0.03,0.59,0.32,0.18,54.55,1.38,0.24,17.02,2.56,0.56,21.84,0.5,19.54
1191,Czech Liga (CZ),37669,Vojtěch  Sychra,V. Sychra,2001-11-30,48.15,10.55,12.4,24,23,1,328.0,14.26,6.39,44.82,1.48,0.3,8.92,2.15,190.0,8.26,3.48,42.11,1.26,0.35,27.59,6.35,122.0,5.3,2.17,3.04,0.96,1.65,1.04,0.35,33.33,40.98,31.43,0.61,1.0,0.26,0.61,0.3,0.09,28.57,1.52,0.04,2.86,2.96,1.09,36.76,0.39,13.24
1191,Czech Liga (CZ),37857,Žan Medved,Ž. Medved,1999-06-14,80.83,17.87,23.78,7,7,0,87.0,12.43,4.57,36.78,3.0,0.0,4.46,1.03,51.0,7.29,2.71,37.25,1.0,0.43,42.86,2.57,16.0,2.29,0.71,1.43,0.14,1.14,1.14,0.0,0.0,31.25,10.0,0.57,1.14,0.86,0.0,0.14,0.0,0.0,1.29,0.0,0.0,3.14,0.86,27.27,0.71,22.73
1191,Czech Liga (CZ),40114,Abdoulaye Sylla,A. Sylla,2000-04-10,90.83,21.3,21.81,27,25,2,1041.0,41.64,32.76,78.68,1.52,0.2,4.16,1.44,573.0,22.92,19.84,86.56,0.2,0.0,0.0,21.48,178.0,7.12,5.48,3.52,2.84,1.52,0.48,0.4,83.33,76.97,80.68,0.0,0.2,0.0,0.04,0.12,0.08,66.67,0.2,0.0,0.0,0.52,0.04,7.69,0.04,7.69
1191,Czech Liga (CZ),40624,Kristián Vallo,K. Vallo,1998-06-02,37.97,11.2,7.5,4,4,0,72.0,18.0,10.75,59.72,2.25,0.0,6.65,2.01,45.0,11.25,8.0,71.11,0.75,0.75,100.0,10.0,24.0,6.0,2.75,3.75,2.0,1.25,0.5,0.25,50.0,45.83,53.33,0.25,1.25,0.0,0.5,0.5,0.0,0.0,0.75,0.25,33.33,2.5,1.0,40.0,0.0,0.0
1191,Czech Liga (CZ),41135,Ivan Varfolomeev,Ivan Varfolomeev,2004-03-24,18.6,2.62,3.33,3,3,0,13.0,4.33,2.0,46.15,0.0,0.0,3.07,1.04,3.0,1.0,0.67,66.67,0.0,0.0,,1.0,3.0,1.0,0.33,0.33,0.0,0.0,0.0,0.0,,33.33,0.0,0.0,0.0,0.0,0.0,0.0,0.0,,0.0,0.0,,0.0,0.0,,0.0,
1191,Czech Liga (CZ),42252,Ondřej Kukučka,O. Kukučka,2004-03-23,58.81,12.74,16.73,6,6,0,117.0,19.5,13.17,67.52,0.83,0.0,5.94,1.58,59.0,9.83,8.33,84.74,0.33,0.17,50.0,8.33,27.0,4.5,2.83,2.83,1.5,0.83,0.33,0.17,50.0,62.96,52.94,0.0,0.0,0.0,0.0,0.83,0.83,100.0,0.33,0.0,0.0,0.5,0.17,33.33,0.0,0.0
1191,Czech Liga (CZ),42254,Matěj Ryneš,M. Ryneš,2001-05-30,77.51,23.61,14.43,27,27,0,1285.0,47.59,35.41,74.4,4.7,0.44,4.9,1.65,927.0,34.33,26.56,77.35,1.67,0.63,37.78,29.89,243.0,9.0,6.07,4.96,3.07,2.15,1.48,0.59,40.0,67.49,61.94,0.67,2.33,0.19,0.56,0.81,0.26,31.82,2.52,0.56,22.06,4.33,0.85,19.66,0.74,17.09
1191,Czech Liga (CZ),42317,Raimonds Krollis,R. Krollis,2001-10-28,69.63,15.4,16.95,28,28,0,459.0,16.39,8.04,49.02,3.89,0.43,4.7,1.29,258.0,9.21,4.54,49.22,2.43,0.93,38.24,5.04,95.0,3.39,1.64,1.46,0.5,0.89,0.61,0.18,29.41,48.42,34.15,0.71,1.0,0.82,0.25,0.14,0.11,75.0,3.0,0.46,15.48,4.54,0.5,11.02,1.18,25.98
1191,Czech Liga (CZ),42941,Ivan Anokye Mensah,I. Mensah,2004-04-22,23.92,8.5,5.7,1,1,0,16.0,16.0,12.0,75.0,0.0,0.0,2.27,1.11,14.0,14.0,12.0,85.71,0.0,0.0,,13.0,2.0,2.0,2.0,0.0,0.0,0.0,0.0,0.0,,100.0,,0.0,0.0,0.0,0.0,0.0,0.0,,0.0,0.0,,0.0,0.0,,0.0,
1191,Czech Liga (CZ),43023,Abdul Azizi Kayondo,A. Kayondo,2002-10-06,79.81,17.63,19.24,27,27,0,703.0,26.04,16.04,61.59,2.63,0.19,8.03,2.0,363.0,13.44,9.0,66.94,0.85,0.44,52.17,12.04,256.0,9.48,5.59,4.52,2.56,3.04,1.74,0.93,53.19,58.98,56.56,0.07,1.0,0.22,0.78,0.56,0.19,33.33,1.0,0.11,11.11,1.93,0.44,23.08,0.26,13.46
1191,Czech Liga (CZ),43085,Adam Griger,A. Griger,2004-03-16,32.23,7.72,9.49,19,19,0,125.0,6.58,3.58,54.4,0.53,0.11,6.9,1.89,73.0,3.84,2.16,56.17,1.32,0.47,36.0,1.63,32.0,1.68,0.95,0.79,0.32,0.21,0.21,0.05,25.0,56.25,40.0,0.32,0.42,0.37,0.11,0.0,0.0,,1.68,0.21,12.5,2.47,0.21,8.51,0.32,12.77
1191,Czech Liga (CZ),43330,Adam Kadlec,A. Kadlec,2003-07-06,51.83,12.76,12.6,29,29,0,498.0,17.17,10.31,60.04,1.48,0.1,4.48,1.36,316.0,10.9,7.17,65.82,0.62,0.17,27.78,9.59,88.0,3.03,1.79,1.86,1.14,0.86,0.69,0.38,55.0,59.09,61.11,0.07,0.69,0.17,0.21,0.28,0.1,37.5,0.83,0.1,12.5,1.45,0.24,16.67,0.17,11.9
1191,Czech Liga (CZ),43746,Joao Alberto Grimaldo Ubidia,J. Grimaldo,2003-02-20,37.31,13.43,7.37,11,10,1,191.0,19.1,12.2,63.87,1.8,0.2,8.2,2.43,141.0,14.1,9.2,65.25,1.4,0.3,21.43,11.4,68.0,6.8,3.5,4.1,1.5,1.4,1.2,0.1,8.33,51.47,36.58,0.1,1.1,0.9,0.6,0.4,0.1,25.0,2.1,0.7,33.33,3.8,1.0,26.32,0.8,21.05
1191,Czech Liga (CZ),45924,Bogdan Slyubyk,B. Slyubyk,2004-02-11,29.03,5.29,6.83,1,1,0,12.0,12.0,10.0,83.33,1.0,0.0,4.74,1.14,6.0,6.0,6.0,100.0,0.0,0.0,,5.0,2.0,2.0,1.0,0.0,0.0,2.0,0.0,0.0,,50.0,,0.0,0.0,0.0,0.0,0.0,0.0,,0.0,0.0,,1.0,0.0,0.0,0.0,0.0
1191,Czech Liga (CZ),46175,Eric Kleybel Ramírez Matheus,E. Ramírez,1998-11-20,71.82,18.65,17.42,8,8,0,129.0,16.12,9.25,57.36,3.25,0.0,7.21,1.71,77.0,9.62,5.62,58.44,2.12,1.38,64.71,4.5,44.0,5.5,3.38,3.75,1.88,2.12,1.75,0.38,21.43,61.36,50.0,0.88,1.12,1.0,0.25,0.12,0.0,0.0,2.88,0.25,8.7,5.25,1.62,30.95,1.25,23.81
1191,Czech Liga (CZ),46179,Matúš Malý,M. Malý,2001-07-11,79.38,20.14,19.53,10,10,0,362.0,36.2,29.7,82.04,0.8,0.1,3.63,1.27,215.0,21.5,19.5,90.7,0.1,0.1,100.0,20.3,36.0,3.6,3.3,1.6,1.4,0.7,0.3,0.2,66.67,91.67,87.5,0.0,0.2,0.0,0.0,0.1,0.1,100.0,0.1,0.0,0.0,0.4,0.2,50.0,0.0,0.0
1191,Czech Liga (CZ),47194,Jan Fiala,J. Fiala,2001-05-04,41.67,10.88,8.79,15,14,1,162.0,11.57,7.5,64.81,1.71,0.14,6.82,1.99,107.0,7.64,5.0,65.42,1.29,0.43,33.33,5.57,47.0,3.36,2.21,1.71,0.86,0.5,0.5,0.14,28.57,65.96,50.0,0.64,1.21,0.29,0.21,0.36,0.14,40.0,1.86,0.36,19.23,3.43,0.57,16.67,0.5,14.58
1191,Czech Liga (CZ),47296,David Tkáč,D. Tkáč,2002-07-06,67.03,15.18,16.08,9,8,1,150.0,18.75,10.75,57.33,2.62,0.0,6.58,1.65,79.0,9.88,5.62,56.96,2.38,0.62,26.32,6.12,45.0,5.62,3.12,4.62,2.62,2.5,2.38,1.25,52.63,55.56,56.76,0.75,1.62,0.5,1.38,0.62,0.5,80.0,2.88,0.38,13.04,4.88,1.62,33.33,0.5,10.26
1191,Czech Liga (CZ),47400,Ladislav Krobot,L. Krobot,2001-04-01,42.62,9.6,11.23,18,18,0,169.0,9.39,4.89,52.07,1.0,0.06,5.13,1.58,101.0,5.61,3.0,53.46,1.22,0.44,36.36,3.11,37.0,2.06,1.22,0.94,0.56,0.28,0.11,0.06,50.0,59.46,58.82,0.33,0.5,0.11,0.17,0.0,0.0,,1.5,0.39,25.93,2.22,0.33,15.0,0.28,12.5
1191,Czech Liga (CZ),48535,Chinonso Emeka,C. Emeka,2001-08-30,17.63,3.89,3.64,1,1,0,2.0,2.0,1.0,50.0,0.0,0.0,5.28,1.95,1.0,1.0,1.0,100.0,0.0,0.0,,0.0,0.0,0.0,0.0,0.0,0.0,0.0,0.0,0.0,,,,0.0,0.0,0.0,0.0,0.0,0.0,,0.0,0.0,,0.0,0.0,,0.0,
1191,Czech Liga (CZ),49239,Ivan Krajčírik,I. Krajčírik,2000-06-15,95.39,21.84,26.39,2,2,0,49.0,24.5,14.5,59.18,0.5,0.0,4.97,2.77,24.0,12.0,7.5,62.5,0.0,0.0,,12.0,9.0,4.5,2.0,2.0,1.5,0.0,0.0,0.0,,44.45,75.0,0.0,0.0,0.0,0.0,0.0,0.0,,0.0,0.0,,0.5,0.5,100.0,0.0,0.0
1191,Czech Liga (CZ),49253,Dominik Javorček,D. Javorček,2002-11-02,13.58,2.64,4.92,1,1,0,4.0,4.0,2.0,50.0,0.0,0.0,4.38,1.15,3.0,3.0,2.0,66.67,0.0,0.0,,3.0,1.0,1.0,0.0,1.0,0.0,0.0,0.0,0.0,,0.0,0.0,0.0,1.0,0.0,0.0,0.0,0.0,,0.0,0.0,,0.0,0.0,,0.0,
1191,Czech Liga (CZ),49255,Matúš Rusnák,M. Rusnák,1999-12-19,51.29,12.38,12.61,14,14,0,222.0,15.86,7.71,48.65,1.79,0.07,6.62,1.74,145.0,10.36,5.29,51.03,1.36,0.36,26.32,8.57,61.0,4.36,2.0,2.57,1.07,1.57,1.14,0.43,37.5,45.9,41.67,0.07,0.86,0.21,0.64,0.64,0.21,33.33,1.79,0.14,8.0,2.93,0.57,19.51,0.36,12.2
1191,Czech Liga (CZ),50533,Matěj Hadaš,M. Hadaš,2003-11-25,87.32,19.78,21.55,22,21,1,662.0,31.52,21.05,66.77,2.52,0.29,4.34,1.4,429.0,20.43,14.57,71.33,1.62,0.81,50.0,18.62,114.0,5.43,3.1,2.76,1.71,1.52,0.81,0.52,64.71,57.02,62.07,0.05,1.48,0.29,0.71,0.38,0.05,12.5,2.43,0.29,11.76,3.57,0.76,21.33,0.38,10.67
1191,Czech Liga (CZ),57209,Eldar Šehić,E. Šehić,2000-04-28,38.22,10.52,8.97,7,6,1,99.0,16.5,10.33,62.63,0.5,0.0,5.02,1.51,66.0,11.0,7.67,69.7,0.83,0.5,60.0,10.5,22.0,3.67,2.5,1.83,1.33,1.5,0.67,0.5,75.0,68.18,72.73,0.17,1.33,0.17,0.17,0.33,0.33,100.0,0.83,0.17,20.0,1.0,0.17,16.67,0.17,16.67
1191,Czech Liga (CZ),60160,Josef Svanda,J. Svanda,2001-12-03,53.26,11.04,15.03,24,23,1,349.0,15.17,9.39,61.89,1.17,0.17,6.89,1.83,202.0,8.78,6.0,68.32,1.43,0.57,39.39,6.78,95.0,4.13,2.35,2.7,1.43,1.04,0.78,0.26,33.33,56.84,53.23,0.13,1.13,0.35,0.61,0.26,0.09,33.33,1.78,0.26,14.63,2.7,0.83,30.64,0.39,14.52
1191,Czech Liga (CZ),60165,Filip Panák,F. Panák,1995-11-02,75.36,23.11,14.62,14,13,1,481.0,37.0,32.92,88.98,1.46,0.15,5.19,2.04,318.0,24.46,23.54,96.23,0.08,0.0,0.0,23.15,89.0,6.85,6.0,3.77,3.31,1.31,0.46,0.38,83.33,87.64,87.75,0.23,0.46,0.0,0.31,0.31,0.31,100.0,0.23,0.08,33.33,0.38,0.08,20.0,0.08,20.0
1191,Czech Liga (CZ),60166,Erik Prekop,E. Prekop,1997-10-08,39.89,11.48,7.54,24,23,1,216.0,9.39,4.61,49.07,1.96,0.17,5.2,1.48,138.0,6.0,3.13,52.17,2.09,0.87,41.67,2.17,49.0,2.13,1.0,1.0,0.26,0.57,0.39,0.04,11.11,46.94,26.09,0.26,0.65,0.52,0.17,0.0,0.0,,2.65,0.61,22.95,3.65,0.35,9.52,0.83,22.62
1191,Czech Liga (CZ),60167,Daniel Vašulín,D. Vašulín,1998-06-11,66.3,16.03,15.12,20,19,1,286.0,15.05,7.53,50.0,2.37,0.42,5.61,1.58,167.0,8.79,4.42,50.3,2.89,0.95,32.73,3.21,64.0,3.37,1.53,1.89,0.58,0.89,0.74,0.21,28.57,45.31,30.56,0.79,1.42,0.74,0.47,0.11,0.05,50.0,3.63,0.37,10.14,5.95,0.84,14.16,1.11,18.58
1191,Czech Liga (CZ),60168,Denis Donát,D. Donát,2001-09-14,59.44,15.94,15.01,17,17,0,353.0,20.76,16.53,79.6,0.88,0.12,5.44,1.67,208.0,12.24,10.71,87.5,0.41,0.24,57.14,11.0,77.0,4.53,3.53,2.29,1.71,0.94,0.71,0.47,66.67,77.92,74.36,0.41,0.59,0.0,0.18,0.47,0.24,50.0,0.59,0.12,20.0,1.0,0.24,23.53,0.06,5.88
1191,Czech Liga (CZ),60169,Adam Vlkanova,A. Vlkanova,1994-09-04,76.97,17.6,22.01,30,30,0,763.0,25.43,14.83,58.32,2.77,0.5,7.4,2.03,462.0,15.4,8.93,58.01,2.27,0.9,39.71,11.2,264.0,8.8,5.03,5.33,2.67,2.17,1.67,0.77,46.0,57.2,50.0,0.7,2.0,0.33,0.53,0.4,0.23,58.33,3.17,0.63,20.0,5.67,1.37,24.12,0.87,15.29
1191,Czech Liga (CZ),60173,Patrik Vízek,P. Vízek,1993-02-26,97.35,11.76,36.18,1,1,0,23.0,23.0,13.0,56.52,0.0,0.0,4.7,3.2,14.0,14.0,8.0,57.14,1.0,0.0,0.0,12.0,5.0,5.0,4.0,3.0,2.0,0.0,0.0,0.0,,80.0,66.67,0.0,0.0,0.0,0.0,1.0,0.0,0.0,1.0,0.0,0.0,1.0,0.0,0.0,0.0,0.0
1191,Czech Liga (CZ),60175,Matěj Koubek,M. Koubek,2000-01-10,36.85,6.62,10.57,27,26,1,176.0,6.77,3.38,50.0,1.19,0.19,6.71,1.61,95.0,3.65,1.77,48.42,0.73,0.12,15.79,2.58,54.0,2.08,1.31,1.35,0.69,0.65,0.46,0.19,41.67,62.96,51.43,0.15,0.65,0.27,0.12,0.15,0.08,50.0,0.92,0.08,8.33,1.69,0.5,29.55,0.46,27.27
1191,Czech Liga (CZ),60533,Oliver Sonne,O. Sonne,2000-11-10,76.51,25.38,15.48,15,14,1,602.0,43.0,33.93,78.9,2.21,0.36,4.43,1.59,476.0,34.0,28.07,82.56,2.79,1.29,46.15,30.64,109.0,7.79,6.0,3.07,2.07,1.36,0.79,0.5,63.64,77.06,67.44,0.14,3.86,0.79,0.14,0.5,0.21,42.86,3.36,0.43,12.77,4.64,0.64,13.85,0.71,15.38
1191,Czech Liga (CZ),60678,Veljko Birmančević,V. Birmančević,1998-03-05,86.47,28.9,14.96,16,16,0,611.0,38.19,23.62,61.87,4.56,0.62,4.92,1.54,475.0,29.69,18.5,62.32,4.25,1.62,38.23,21.94,131.0,8.19,5.62,4.62,2.81,1.62,1.31,0.56,42.86,68.7,60.81,0.75,3.69,1.38,1.31,0.56,0.31,55.56,5.88,0.44,7.45,9.38,1.56,16.67,2.0,21.33
1191,Czech Liga (CZ),60954,Filip Vecheta,F. Vecheta,2003-02-15,38.48,9.47,9.2,26,24,2,161.0,6.71,3.25,48.45,1.08,0.17,2.8,0.98,76.0,3.17,1.79,56.58,0.88,0.38,42.86,1.5,17.0,0.71,0.5,0.25,0.17,0.08,0.04,0.04,100.0,70.59,66.67,0.25,0.29,0.17,0.04,0.0,0.0,,1.17,0.29,25.0,1.88,0.12,6.67,0.25,13.33
1191,Czech Liga (CZ),61055,Nelson  Okeke,N. Okeke,2002-03-25,72.69,17.57,17.94,28,26,2,780.0,30.0,21.73,72.44,2.38,0.23,4.82,1.52,411.0,15.81,12.04,76.16,0.96,0.27,28.0,12.08,167.0,6.42,4.88,2.5,1.69,0.62,0.35,0.23,66.67,76.05,67.69,0.58,0.38,0.12,0.69,0.12,0.08,66.67,1.35,0.15,11.43,1.96,0.38,19.61,0.31,15.69
1191,Czech Liga (CZ),61193,Jetmir Haliti,J. Haliti,1996-09-14,8.05,1.37,3.54,1,1,0,3.0,3.0,2.0,66.67,0.0,0.0,8.08,2.3,2.0,2.0,2.0,100.0,0.0,0.0,,2.0,1.0,1.0,0.0,1.0,0.0,0.0,0.0,0.0,,0.0,0.0,0.0,0.0,0.0,0.0,0.0,0.0,,0.0,0.0,,0.0,0.0,,0.0,
1191,Czech Liga (CZ),61389,Christián Frýdek,C. Frýdek,1999-02-01,52.1,14.26,12.47,14,13,1,329.0,25.31,16.08,63.53,3.15,0.08,5.77,1.74,223.0,17.15,11.08,64.57,2.38,1.38,58.06,12.92,76.0,5.85,3.15,2.85,1.0,1.38,0.85,0.15,18.18,53.95,35.13,1.0,1.77,0.77,0.31,0.46,0.31,66.67,3.0,0.85,28.21,4.54,0.69,15.26,0.77,16.95
1191,Czech Liga (CZ),61837,Richard Sedláček,R. Sedláček,1999-06-21,74.61,18.05,20.28,28,25,3,861.0,34.44,27.0,78.4,2.32,0.12,4.74,1.49,535.0,21.4,17.28,80.75,1.2,0.56,46.67,17.88,177.0,7.08,5.68,2.96,2.36,1.08,0.52,0.32,61.54,80.23,79.73,0.76,1.64,0.2,0.28,0.4,0.16,40.0,1.68,0.32,19.05,2.8,0.6,21.43,0.44,15.71
1191,Czech Liga (CZ),62126,Štěpán Chaloupek,Š. Chaloupek,2003-03-08,73.14,17.12,15.0,28,27,1,784.0,29.04,21.78,75.0,1.78,0.3,4.53,1.37,466.0,17.26,14.3,82.83,0.48,0.19,38.46,15.59,134.0,4.96,3.63,2.63,1.81,1.11,0.59,0.22,37.5,73.13,69.01,0.04,0.67,0.04,0.19,0.37,0.22,60.0,0.74,0.04,5.0,1.26,0.15,11.77,0.26,20.59
1191,Czech Liga (CZ),63192,David Jurásek,D. Jurásek,2000-08-07,91.26,20.98,18.54,16,15,1,554.0,36.93,23.2,62.82,4.0,0.4,5.18,1.49,367.0,24.47,16.13,65.94,1.27,0.47,36.84,21.67,125.0,8.33,5.4,3.8,2.47,2.33,1.27,0.67,52.63,64.8,64.91,0.0,2.2,0.4,0.67,0.53,0.13,25.0,1.67,0.13,8.0,3.27,0.47,14.29,0.53,16.33
1191,Czech Liga (CZ),64317,Luka Kharatishvili,L. Kharatishvili,2003-01-11,99.79,20.81,27.06,11,11,0,291.0,26.45,15.82,59.79,0.18,0.0,4.42,3.09,188.0,17.09,11.27,65.96,0.0,0.0,,16.45,52.0,4.73,2.36,2.0,1.0,0.0,0.0,0.0,,50.0,50.0,0.0,0.0,0.0,0.0,0.45,0.27,60.0,0.09,0.09,100.0,0.36,0.18,50.0,0.0,0.0
1191,Czech Liga (CZ),64370,Marko Regža,M. Regža,1999-01-20,36.64,8.16,10.5,16,16,0,92.0,5.75,2.94,51.09,0.62,0.0,3.21,0.88,52.0,3.25,1.81,55.77,0.88,0.31,35.71,1.56,12.0,0.75,0.25,0.5,0.06,0.31,0.25,0.0,0.0,33.33,12.5,0.25,0.44,0.06,0.12,0.0,0.0,,1.06,0.12,11.76,1.88,0.25,13.33,0.12,6.67
1191,Czech Liga (CZ),64399,Sivert Heggheim Mannsverk,S. Mannsverk,2002-05-08,57.96,17.06,11.03,19,19,0,555.0,29.21,23.95,81.98,1.58,0.05,4.26,1.43,394.0,20.74,18.05,87.06,0.89,0.42,47.06,17.37,91.0,4.79,3.79,2.37,1.68,0.53,0.37,0.26,71.43,79.12,71.11,0.74,1.53,0.26,0.37,0.37,0.32,85.71,1.42,0.37,25.93,2.26,0.42,18.61,0.37,16.28
1191,Czech Liga (CZ),64472,Sebastian Nebyla,S. Nebyla,2002-01-25,85.78,20.57,22.54,27,24,3,590.0,24.58,18.12,73.73,2.25,0.33,4.41,1.27,375.0,15.62,12.25,78.4,1.58,0.71,44.74,11.67,104.0,4.33,3.25,2.29,1.5,1.0,0.75,0.46,61.11,75.0,65.45,0.67,1.33,0.33,0.17,0.29,0.21,71.43,2.12,0.29,13.73,3.38,0.96,28.4,0.62,18.52
1191,Czech Liga (CZ),65024,Ryan Mahuta,R. Mahuta,2002-07-07,86.48,20.29,21.11,25,24,1,748.0,31.17,21.92,70.32,2.29,0.46,5.93,1.89,465.0,19.38,15.17,78.28,0.96,0.42,43.48,16.75,200.0,8.33,5.75,4.46,3.0,1.79,1.25,0.67,53.33,69.0,67.29,0.08,2.33,0.42,0.71,0.08,0.04,50.0,1.38,0.38,27.27,2.25,0.83,37.04,0.33,14.81
1191,Czech Liga (CZ),66238,Danijel Šturm,D. Šturm,1999-01-04,82.42,20.17,19.4,13,11,2,306.0,27.82,14.82,53.27,4.82,0.82,9.3,2.29,201.0,18.27,10.09,55.22,2.55,1.27,50.0,13.64,118.0,10.73,4.82,6.82,2.82,3.27,2.45,0.82,33.33,44.91,41.33,0.45,1.27,0.64,2.27,1.0,0.45,45.45,3.73,0.36,9.76,6.09,2.18,35.82,1.0,16.42
1191,Czech Liga (CZ),67584,Martin Šviderský,M. Šviderský,2002-10-04,61.23,14.11,17.0,20,20,0,436.0,21.8,15.3,70.18,1.55,0.0,3.81,1.3,280.0,14.0,11.1,79.28,0.85,0.4,47.06,10.05,66.0,3.3,2.5,1.25,0.95,0.15,0.05,0.0,0.0,75.76,76.0,0.75,1.15,0.1,0.2,0.3,0.2,66.67,1.55,0.35,22.58,2.35,0.1,4.26,0.3,12.77
1191,Czech Liga (CZ),67656,Rihards Matrevics,R. Matrevics,1999-03-18,98.42,20.42,26.93,18,18,0,538.0,29.89,15.94,53.35,0.22,0.0,5.14,3.53,287.0,15.94,10.17,63.76,0.22,0.17,75.0,14.83,112.0,6.22,3.0,3.22,1.61,0.06,0.0,0.0,,48.21,50.0,0.0,0.0,0.0,0.0,0.22,0.0,0.0,0.33,0.11,33.33,0.44,0.11,25.0,0.0,0.0
1191,Czech Liga (CZ),68029,Jáchym Šerák,J. Serak,2001-02-14,97.75,22.39,25.13,14,14,0,467.0,33.36,20.07,60.17,0.14,0.0,4.22,3.01,279.0,19.93,12.64,63.44,0.43,0.0,0.0,19.21,82.0,5.86,3.29,3.0,1.57,0.0,0.0,0.0,,56.1,52.38,0.0,0.0,0.0,0.0,0.14,0.14,100.0,0.43,0.07,16.67,0.71,0.14,20.0,0.0,0.0
1191,Czech Liga (CZ),68243,František Čech,F. Čech,1998-06-12,96.81,23.36,27.68,26,26,0,1081.0,41.58,34.15,82.15,1.15,0.15,3.73,1.4,683.0,26.27,23.46,89.31,0.35,0.12,33.33,24.96,149.0,5.73,5.08,2.42,2.23,0.73,0.27,0.23,85.71,88.59,92.06,0.08,0.58,0.0,0.12,0.42,0.35,81.82,0.54,0.12,21.43,1.08,0.46,42.86,0.08,7.14
1191,Czech Liga (CZ),70271,Denis Vala,D. Vala,2000-10-11,12.43,2.41,2.82,5,4,1,6.0,1.5,0.5,33.33,0.25,0.0,5.58,1.28,2.0,0.5,0.5,100.0,0.0,0.0,,0.5,2.0,0.5,0.5,0.25,0.25,0.0,0.0,0.0,,100.0,100.0,0.0,0.0,0.0,0.0,0.0,0.0,,0.0,0.0,,0.25,0.0,0.0,0.25,100.0
1191,Czech Liga (CZ),70274,Rafiu Durosinmi,R. Durosinmi,2003-01-01,76.87,20.19,15.74,18,16,2,305.0,19.06,9.69,50.82,3.38,0.5,5.36,1.38,173.0,10.81,5.62,52.02,2.81,1.19,42.22,4.12,69.0,4.31,1.88,2.62,1.19,1.56,1.12,0.31,27.78,43.48,45.24,1.12,1.44,1.12,0.69,0.12,0.12,100.0,3.88,0.44,11.29,5.88,0.94,15.96,1.31,22.34
1191,Czech Liga (CZ),72173,Kaan Kairinen,K. Kairinen,1998-12-22,94.69,30.16,17.54,32,31,1,1682.0,54.26,48.35,89.12,2.58,0.26,4.1,1.43,1312.0,42.32,38.74,91.54,1.23,0.71,57.9,36.55,253.0,8.16,7.26,2.84,2.45,0.94,0.45,0.32,71.43,88.93,86.36,1.0,1.55,0.19,0.1,0.26,0.19,75.0,2.29,0.65,28.17,3.48,0.55,15.74,0.52,14.81
1191,Czech Liga (CZ),81744,Nicolas Penner,N. Penner,2001-06-19,32.29,9.08,7.1,18,18,0,283.0,15.72,8.67,55.12,1.39,0.11,7.66,2.17,201.0,11.17,6.61,59.2,1.78,0.89,50.0,7.67,100.0,5.56,3.06,2.72,1.28,0.67,0.39,0.22,57.14,55.0,46.94,0.5,1.17,0.11,0.83,0.67,0.33,50.0,2.72,0.44,16.33,4.06,0.78,19.18,0.39,9.59
1191,Czech Liga (CZ),90618,Petr Jaroň,P. Jaroň,2001-08-30,39.87,13.01,7.5,4,3,1,30.0,10.0,5.67,56.66,2.0,0.0,6.02,1.78,18.0,6.0,4.33,72.22,0.33,0.0,0.0,5.0,8.0,2.67,2.67,1.0,1.0,0.33,0.0,0.0,,100.0,100.0,0.0,1.67,0.33,0.0,0.0,0.0,,1.0,0.33,33.33,2.0,0.0,0.0,0.67,33.33
1191,Czech Liga (CZ),91219,Sampson Kazorla Dweh Jr.,S. Dweh,2001-10-10,90.16,24.86,18.69,27,25,2,1170.0,46.8,39.48,84.36,1.52,0.16,3.9,1.38,711.0,28.44,26.12,91.84,0.28,0.16,57.14,27.08,176.0,7.04,6.0,2.84,2.28,0.72,0.04,0.0,0.0,85.23,80.28,0.0,0.16,0.08,0.0,0.12,0.04,33.33,0.28,0.04,14.29,0.64,0.12,18.75,0.08,12.5
1191,Czech Liga (CZ),91230,Divine Roosevelt Teah,D. Teah,2006-04-19,45.17,12.13,10.71,8,8,0,153.0,19.12,12.25,64.05,2.5,0.12,6.43,2.09,103.0,12.88,8.75,67.96,1.12,0.5,44.44,11.12,41.0,5.12,3.88,1.88,1.25,0.75,0.25,0.12,50.0,75.61,66.67,0.5,1.25,0.25,0.75,0.5,0.38,75.0,1.5,0.12,8.33,2.0,0.12,6.25,0.38,18.75
1191,Czech Liga (CZ),101504,Namory Noel Cissé,N. Cissé,2003-01-05,73.86,15.04,18.67,13,13,0,226.0,17.38,7.0,40.26,3.15,0.08,6.65,1.71,121.0,9.31,4.0,42.98,2.54,0.85,33.33,4.46,60.0,4.62,1.54,2.92,0.92,1.15,1.08,0.23,21.43,33.33,31.58,0.85,0.92,0.31,0.46,0.15,0.0,0.0,3.0,0.46,15.39,4.92,0.69,14.06,0.77,15.62
1191,Czech Liga (CZ),105880,Matěj Náprstek,M. Náprstek,2003-07-27,53.62,11.26,13.87,23,22,1,325.0,14.77,8.27,56.0,1.77,0.14,5.22,1.42,175.0,7.95,5.09,64.0,1.05,0.5,47.83,5.5,72.0,3.27,1.82,1.82,0.91,0.64,0.5,0.18,36.36,55.56,50.0,0.23,1.14,0.14,0.45,0.05,0.05,100.0,1.64,0.45,27.78,2.91,0.59,20.31,0.23,7.81
1191,Czech Liga (CZ),113270,Martin Suchomel,M. Suchomel,2002-09-11,73.12,16.82,19.6,14,14,0,313.0,22.36,13.93,62.3,1.86,0.21,4.69,1.37,205.0,14.64,10.14,69.27,1.79,0.71,40.0,12.07,63.0,4.5,3.07,2.36,1.5,0.64,0.5,0.21,42.86,68.25,63.64,0.14,1.79,0.43,0.43,0.57,0.36,62.5,2.36,0.71,30.3,3.71,0.64,17.31,0.5,13.46
1191,Czech Liga (CZ),113272,David Nykrín,D. Nykrín,2004-06-28,17.38,3.63,7.02,2,1,1,9.0,9.0,6.0,66.67,1.0,0.0,6.2,1.68,5.0,5.0,5.0,100.0,0.0,0.0,,4.0,2.0,2.0,1.0,2.0,1.0,0.0,0.0,0.0,,50.0,50.0,0.0,1.0,0.0,0.0,0.0,0.0,,0.0,0.0,,0.0,0.0,,0.0,
1191,Czech Liga (CZ),113720,Jakub Kučera,J. Kučera,1997-01-28,73.59,18.01,20.63,21,21,0,457.0,21.76,14.86,68.27,2.33,0.48,5.52,1.59,301.0,14.33,10.1,70.43,2.14,1.0,46.67,10.19,107.0,5.1,3.71,3.1,2.24,1.19,0.71,0.38,53.33,72.9,72.31,0.86,1.57,0.19,0.43,0.29,0.29,100.0,2.9,0.48,16.39,4.81,1.33,27.72,0.81,16.83
1191,Czech Liga (CZ),113723,Jiří Boula,J. Boula,1999-04-08,83.11,21.82,19.84,33,32,1,1122.0,35.06,25.28,72.1,2.97,0.16,5.46,1.62,684.0,21.38,16.66,77.92,1.12,0.59,52.78,17.47,270.0,8.44,6.22,3.69,2.62,1.47,0.88,0.5,57.14,73.7,71.19,0.97,0.91,0.12,0.44,0.72,0.53,73.91,1.84,0.38,20.34,2.88,0.59,20.65,0.25,8.7
1191,Czech Liga (CZ),113724,Matěj Šín,M. Šín,2004-06-02,54.41,16.85,11.94,5,5,0,101.0,20.2,12.8,63.37,2.2,0.2,4.55,1.19,78.0,15.6,9.4,60.26,3.2,1.0,31.25,10.0,21.0,4.2,2.6,2.4,1.6,1.2,0.8,0.0,0.0,61.91,66.67,1.6,2.8,0.2,0.6,0.2,0.2,100.0,4.6,0.6,13.04,7.0,1.2,17.14,1.4,20.0
1191,Czech Liga (CZ),116314,Dario Kreiker,D. Kreiker,2003-01-07,52.45,10.77,14.81,13,13,0,154.0,11.85,5.23,44.16,1.62,0.15,9.68,2.18,91.0,7.0,2.92,41.76,1.69,0.46,27.27,5.08,60.0,4.62,2.31,2.15,0.92,1.46,1.0,0.31,30.77,50.0,42.86,0.38,0.46,0.38,0.77,0.0,0.0,,1.85,0.31,16.67,2.69,0.54,20.0,0.38,14.29
1191,Czech Liga (CZ),116942,Václav Sejk,V. Sejk,2002-05-18,67.1,16.02,17.06,12,10,2,181.0,18.1,9.4,51.93,2.9,0.3,5.54,1.39,101.0,10.1,5.6,55.45,1.8,0.8,44.44,5.8,43.0,4.3,2.1,2.1,0.8,1.2,0.6,0.0,0.0,48.84,38.1,0.9,2.0,0.6,0.4,0.0,0.0,,2.3,0.3,13.04,4.7,1.3,27.66,1.0,21.28
1191,Czech Liga (CZ),117266,Pavel Juroška,P. Juroška,2001-07-07,41.6,10.38,10.36,20,20,0,198.0,9.9,4.95,50.0,1.7,0.1,8.16,2.03,130.0,6.5,3.55,54.61,1.6,0.55,34.37,4.7,77.0,3.85,1.95,2.9,1.35,1.15,0.85,0.25,29.41,50.65,46.55,0.3,0.6,0.3,0.6,0.1,0.05,50.0,2.05,0.35,17.07,3.6,1.0,27.78,0.6,16.67
1191,Czech Liga (CZ),120300,Karel Pojezný,K. Pojezný,2001-09-23,89.24,22.57,21.5,29,28,1,1142.0,40.79,29.54,72.42,2.07,0.04,4.36,1.55,728.0,26.0,20.07,77.2,0.79,0.39,50.0,23.86,185.0,6.61,4.71,3.39,2.32,1.54,0.5,0.25,50.0,71.35,68.42,0.14,0.64,0.04,0.39,0.61,0.29,47.06,1.18,0.25,21.21,1.93,0.61,31.48,0.25,12.96
1191,Czech Liga (CZ),132652,Ahmad Ghali,A. Ghali,2000-06-23,75.76,17.52,17.96,27,26,1,640.0,24.62,14.65,59.53,2.96,0.46,6.47,1.83,390.0,15.0,9.58,63.85,2.58,1.35,52.24,11.54,185.0,7.12,4.27,4.12,2.19,1.27,0.96,0.38,40.0,60.0,53.27,0.35,1.88,0.54,0.88,0.73,0.38,52.63,3.35,0.5,14.94,4.77,0.92,19.35,0.58,12.1
1191,Czech Liga (CZ),141054,Fabijan Krivak,F. Krivak,2005-02-24,53.32,15.32,12.62,9,7,2,170.0,24.29,15.43,63.53,4.0,0.43,8.24,2.24,116.0,16.57,10.86,65.52,2.29,1.43,62.5,12.29,64.0,9.14,5.57,4.0,1.57,1.57,1.14,0.14,12.5,60.94,39.29,0.71,0.71,0.71,1.29,0.86,0.14,16.67,3.86,1.0,25.92,6.71,1.0,14.89,0.86,12.76
1191,Czech Liga (CZ),141362,Christos Zafeiris,C. Zafeiris,2003-02-23,72.38,17.62,13.44,17,17,0,470.0,27.65,18.35,66.38,3.24,0.59,5.35,1.66,281.0,16.53,11.71,70.82,1.94,0.65,33.33,12.71,110.0,6.47,4.41,3.29,2.18,1.29,1.0,0.41,41.18,68.18,66.07,0.47,1.35,0.29,0.65,0.53,0.35,66.67,2.47,0.47,19.05,4.12,0.94,22.86,0.71,17.14
1191,Czech Liga (CZ),141743,John Anthony Mercado Cuero,J. Mercado,2002-06-03,72.61,23.26,12.97,26,25,1,784.0,31.36,19.6,62.5,4.28,0.6,7.03,1.99,543.0,21.72,14.44,66.48,2.28,1.0,43.86,16.96,218.0,8.72,4.48,5.2,2.08,2.2,1.76,0.4,22.73,51.38,40.0,0.6,2.08,0.68,1.6,0.76,0.24,31.58,3.2,0.76,23.75,5.32,1.44,27.07,0.6,11.28
1191,Czech Liga (CZ),142841,Jan Trédl,J. Trédl,2004-07-06,62.93,12.01,19.46,14,13,1,230.0,17.69,11.08,62.61,0.77,0.08,3.28,1.16,139.0,10.69,7.38,69.07,0.46,0.08,16.67,9.08,24.0,1.85,1.23,1.0,0.77,0.38,0.23,0.15,66.67,66.67,76.92,0.08,0.38,0.15,0.0,0.15,0.0,0.0,0.62,0.15,25.0,1.62,0.31,19.05,0.08,4.76
1191,Czech Liga (CZ),142842,Matěj Žitný,M. Žitný,2005-01-06,53.22,10.55,14.43,19,19,0,247.0,13.0,9.47,72.87,0.89,0.11,3.34,1.05,135.0,7.11,5.47,77.04,0.32,0.16,50.0,4.84,32.0,1.68,1.42,0.89,0.84,0.21,0.16,0.16,100.0,84.38,94.12,0.16,0.53,0.05,0.05,0.0,0.0,,0.58,0.05,9.09,1.32,0.42,32.0,0.16,12.0
1191,Czech Liga (CZ),145090,Dominik Mareš,D. Mareš,2003-02-03,55.11,15.45,14.99,6,6,0,130.0,21.67,17.0,78.46,1.5,0.0,4.57,1.39,89.0,14.83,13.0,87.64,1.0,0.0,0.0,13.17,24.0,4.0,2.67,2.17,1.33,1.5,1.0,0.5,50.0,66.67,61.54,0.0,0.83,0.0,0.0,0.33,0.17,50.0,1.33,0.33,25.0,2.33,0.67,28.57,0.5,21.43
1191,Czech Liga (CZ),150001,Daniel Smékal,D. Smékal,2001-12-08,54.84,12.01,14.51,23,22,1,274.0,12.45,5.36,43.07,2.09,0.41,5.63,1.41,153.0,6.95,3.14,45.1,2.0,0.77,38.63,2.95,58.0,2.64,1.27,1.64,0.59,0.95,0.77,0.23,29.41,48.28,36.11,0.36,1.09,0.64,0.14,0.0,0.0,,2.64,0.32,12.07,3.68,0.59,16.05,0.77,20.99
1191,Czech Liga (CZ),150002,Filip Slavicek,F. Slavicek,2002-09-25,78.12,17.97,18.96,24,21,3,599.0,28.52,18.81,65.94,1.33,0.24,6.0,1.66,379.0,18.05,12.95,71.77,0.76,0.48,62.5,16.43,148.0,7.05,4.19,4.0,2.14,1.95,1.38,0.67,48.28,59.46,53.57,0.05,1.43,0.05,0.81,0.57,0.19,33.33,1.24,0.19,15.39,1.95,0.52,26.83,0.05,2.44
1191,Czech Liga (CZ),150003,Filip Prebsl,F. Prebsl,2003-03-04,88.41,23.96,19.97,29,28,1,1240.0,44.29,37.25,84.11,1.36,0.04,5.0,1.9,813.0,29.04,25.57,88.07,0.96,0.5,51.85,26.25,259.0,9.25,8.0,4.96,4.29,0.96,0.5,0.43,85.71,86.49,86.33,0.21,1.57,0.04,0.29,0.75,0.36,47.62,1.32,0.14,10.81,2.29,0.5,21.88,0.21,9.38
1191,Czech Liga (CZ),152233,Patrik Vydra,P. Vydra,2003-06-20,73.26,22.84,13.93,21,21,0,746.0,35.52,27.43,77.21,2.29,0.57,4.14,1.41,509.0,24.24,20.1,82.91,1.0,0.48,47.62,20.29,121.0,5.76,4.0,2.86,1.9,1.24,0.86,0.29,33.33,69.42,66.67,0.67,0.9,0.43,0.38,0.29,0.19,66.67,1.52,0.14,9.38,2.95,0.67,22.58,0.76,25.81
1191,Czech Liga (CZ),152944,Augustin Drakpe,A. Drakpe,2001-12-08,87.58,18.41,19.31,9,9,0,307.0,34.11,25.89,75.9,1.44,0.0,5.4,1.67,177.0,19.67,15.56,79.1,0.11,0.11,100.0,17.89,71.0,7.89,5.56,3.56,2.33,1.67,0.33,0.11,33.33,70.42,65.62,0.0,0.22,0.0,0.0,1.33,0.44,33.33,0.33,0.0,0.0,0.44,0.11,25.0,0.11,25.0
1191,Czech Liga (CZ),155718,Štěpán Langer,Š. Langer,2000-08-16,53.99,11.72,13.91,16,16,0,224.0,14.0,8.5,60.71,1.31,0.25,4.74,1.48,131.0,8.19,5.19,63.36,1.81,0.88,48.28,5.25,44.0,2.75,1.5,1.81,0.75,0.62,0.5,0.12,25.0,54.55,41.38,0.06,0.56,0.12,0.25,0.06,0.06,100.0,2.31,0.5,21.62,3.12,1.0,32.0,0.56,18.0
1191,Czech Liga (CZ),156910,Renato Pantalon,R. Pantalon,1997-10-27,70.53,15.49,20.65,14,12,2,333.0,27.75,21.75,78.38,0.25,0.0,3.86,1.4,227.0,18.92,15.67,82.82,0.33,0.25,75.0,17.42,48.0,4.0,2.67,1.92,1.33,0.58,0.17,0.08,50.0,66.67,69.57,0.0,0.17,0.0,0.0,0.58,0.08,14.29,0.5,0.0,0.0,1.17,0.33,28.57,0.0,0.0
1191,Czech Liga (CZ),161001,Andres Dumitrescu,A. Dumitrescu,2001-03-11,50.09,9.1,15.99,2,2,0,22.0,11.0,6.5,59.09,1.0,0.0,3.26,1.26,12.0,6.0,4.5,75.0,0.5,0.5,100.0,5.5,4.0,2.0,0.5,1.0,0.5,0.5,0.5,0.0,0.0,25.0,50.0,0.0,0.0,0.0,0.0,0.0,0.0,,0.5,0.0,0.0,1.0,0.0,0.0,0.0,0.0
1191,Czech Liga (CZ),162444,Sebastian Boháč,S. Boháč,2002-07-27,64.55,17.36,13.87,19,16,3,475.0,29.69,23.31,78.53,2.19,0.12,4.64,1.54,319.0,19.94,16.69,83.7,0.62,0.25,40.0,17.88,84.0,5.25,4.06,2.44,1.62,1.19,0.75,0.25,33.33,77.38,66.67,0.38,0.75,0.0,0.0,0.5,0.44,87.5,1.19,0.25,21.05,2.0,0.31,15.62,0.12,6.25
1191,Czech Liga (CZ),163283,Artūr Dolžnikov,A. Dolžnikov,2000-06-06,52.18,12.0,13.29,11,11,0,161.0,14.64,6.82,46.58,1.82,0.18,7.93,2.01,104.0,9.45,4.45,47.11,2.18,0.55,25.0,6.18,53.0,4.82,1.82,3.18,1.36,1.64,1.09,0.45,41.67,37.74,42.86,0.27,0.82,0.27,1.55,0.09,0.0,0.0,3.0,0.27,9.09,4.45,1.0,22.45,0.82,18.37
1191,Czech Liga (CZ),163715,Peter Baráth,P. Baráth,2002-02-21,89.16,21.47,21.41,14,12,2,382.0,31.83,22.42,70.42,3.33,0.58,3.39,1.09,218.0,18.17,14.25,78.44,1.08,0.67,61.54,13.33,50.0,4.17,2.5,1.5,0.92,0.67,0.33,0.17,50.0,60.0,61.11,0.33,1.25,0.25,0.33,0.08,0.0,0.0,2.08,0.25,12.0,3.25,0.75,23.08,0.58,17.95
1191,Czech Liga (CZ),164680,Benson Sakala,B. Sakala,1996-09-12,86.17,20.32,22.49,23,23,0,640.0,27.83,19.35,69.53,1.57,0.13,4.43,1.49,371.0,16.13,12.65,78.44,0.7,0.17,25.0,14.13,113.0,4.91,3.48,1.7,1.13,0.61,0.3,0.09,28.57,70.8,66.67,0.35,0.78,0.0,0.0,0.17,0.09,50.0,0.74,0.13,17.65,1.7,0.35,20.51,0.0,0.0
1191,Czech Liga (CZ),166042,Filip Vaško,F. Vaško,1999-08-11,88.67,20.68,22.46,24,24,0,838.0,34.92,28.67,82.1,1.12,0.08,3.76,1.29,522.0,21.75,19.5,89.66,0.12,0.12,100.0,20.04,127.0,5.29,4.46,2.42,1.83,0.79,0.25,0.17,66.67,84.25,75.86,0.17,0.54,0.0,0.0,0.33,0.12,37.5,0.29,0.08,28.57,0.58,0.17,28.57,0.08,14.29
1191,Czech Liga (CZ),167211,Dario Grgić,D. Grgić,2003-03-16,34.58,10.16,8.69,5,5,0,73.0,14.6,8.6,58.9,2.8,0.2,5.1,1.41,49.0,9.8,6.2,63.26,0.4,0.4,100.0,6.6,15.0,3.0,1.4,1.4,0.2,0.4,0.2,0.0,0.0,46.67,14.29,0.4,1.2,0.0,0.2,0.4,0.0,0.0,1.8,0.2,11.11,3.0,0.4,13.33,0.8,26.67
1191,Czech Liga (CZ),170803,Dominique Simon,D. Simon,2000-07-29,16.52,4.9,3.96,1,1,0,12.0,12.0,8.0,66.67,1.0,0.0,5.69,1.97,8.0,8.0,6.0,75.0,1.0,0.0,0.0,6.0,3.0,3.0,2.0,1.0,0.0,0.0,0.0,0.0,,66.67,0.0,1.0,1.0,0.0,0.0,0.0,0.0,,2.0,1.0,50.0,2.0,0.0,0.0,0.0,0.0
1191,Czech Liga (CZ),170807,Robi Saarma,R. Saarma,2001-05-20,59.34,13.66,16.35,21,20,1,324.0,16.2,10.25,63.27,1.75,0.05,4.75,1.44,192.0,9.6,6.55,68.23,0.9,0.5,55.56,8.3,63.0,3.15,1.8,1.85,1.1,1.2,0.7,0.45,64.28,57.14,59.46,0.1,1.15,0.2,0.2,0.15,0.05,33.33,1.05,0.2,19.05,2.05,0.55,26.83,0.45,21.95
1191,Czech Liga (CZ),170808,Ebrima Singhateh,E. Singhateh,2003-09-10,60.18,16.22,13.16,21,19,2,438.0,23.05,10.84,47.03,4.47,0.21,10.32,2.85,308.0,16.21,8.26,50.97,3.53,1.74,49.25,10.47,185.0,9.74,4.58,5.63,2.42,1.84,1.42,0.47,33.33,47.03,42.99,0.74,1.68,1.0,2.42,0.58,0.16,27.27,4.53,1.05,23.26,7.16,1.47,20.59,1.21,16.91
1191,Czech Liga (CZ),170815,Tomáš Frühwald,T. Frühwald,2002-09-23,94.32,21.22,25.24,10,9,1,190.0,21.11,9.11,43.16,0.0,0.0,5.15,4.1,117.0,13.0,7.0,53.85,0.0,0.0,,12.44,44.0,4.89,1.44,2.67,0.78,0.0,0.0,0.0,,29.55,29.17,0.0,0.0,0.0,0.0,0.0,0.0,,0.0,0.0,,0.11,0.11,100.0,0.0,0.0
1191,Czech Liga (CZ),174368,Dominik Ťapaj,D. Ťapaj,2004-05-10,93.2,26.29,19.79,1,1,0,36.0,36.0,20.0,55.56,0.0,0.0,6.23,4.37,23.0,23.0,13.0,56.52,0.0,0.0,,24.0,10.0,10.0,7.0,6.0,5.0,0.0,0.0,0.0,,70.0,83.33,0.0,0.0,0.0,0.0,0.0,0.0,,0.0,0.0,,0.0,0.0,,0.0,
1191,Czech Liga (CZ),176468,Abdallah  Gning,A. Gning,1998-09-29,79.15,20.39,18.62,34,33,1,522.0,15.82,8.7,54.98,3.42,0.36,5.59,1.36,320.0,9.7,5.33,55.0,2.67,1.06,39.77,4.18,127.0,3.85,2.27,1.97,0.94,1.18,0.82,0.3,37.04,59.06,47.69,0.61,1.67,0.58,0.52,0.03,0.0,0.0,3.03,0.33,11.0,5.12,0.82,15.98,1.09,21.3
1191,Czech Liga (CZ),176476,Merchas Doski,Merchas Doski,1999-12-07,72.99,20.6,15.42,30,28,2,947.0,33.82,26.0,76.87,1.64,0.07,6.82,1.94,658.0,23.5,18.93,80.55,0.61,0.25,41.18,21.96,272.0,9.71,7.36,5.21,3.89,1.82,1.04,0.68,65.52,75.74,74.66,0.18,1.36,0.04,0.5,0.93,0.46,50.0,1.04,0.11,10.34,1.75,0.29,16.33,0.11,6.12
1191,Czech Liga (CZ),176792,Tomáš Vlček,T. Vlček,2001-02-28,60.17,13.05,12.31,16,15,1,347.0,23.13,15.33,66.28,1.33,0.27,4.23,1.33,212.0,14.13,10.67,75.47,0.4,0.07,16.67,12.93,63.0,4.2,2.73,2.13,1.27,0.87,0.47,0.2,42.86,65.08,59.38,0.0,0.53,0.0,0.13,0.2,0.13,66.67,0.6,0.13,22.22,1.13,0.2,17.65,0.2,17.65
1191,Czech Liga (CZ),176799,Marek Icha,M. Icha,2002-03-14,78.3,17.02,18.42,34,33,1,969.0,29.36,17.3,58.93,2.58,0.3,3.82,1.25,604.0,18.3,11.61,63.41,1.0,0.48,48.48,16.64,162.0,4.91,2.7,2.58,1.39,1.09,0.58,0.18,31.58,54.94,54.12,0.12,1.27,0.03,0.15,0.3,0.09,30.0,1.21,0.12,10.0,2.64,0.7,26.44,0.39,14.94
1191,Czech Liga (CZ),176800,Jakub Surovčík,J. Surovčík,2002-06-28,97.91,29.48,19.34,14,13,1,390.0,30.0,21.77,72.56,0.0,0.0,5.53,3.5,224.0,17.23,13.62,79.02,0.31,0.0,0.0,16.31,87.0,6.69,4.77,2.85,2.08,0.0,0.0,0.0,,71.26,72.97,0.0,0.0,0.0,0.0,0.38,0.23,60.0,0.54,0.0,0.0,0.85,0.15,18.18,0.0,0.0
1191,Czech Liga (CZ),182530,Ondřej Kričfaluši,O. Kričfaluši,2004-03-29,92.4,23.87,22.25,27,26,1,1137.0,43.73,31.69,72.47,3.81,0.19,4.6,1.6,665.0,25.58,19.73,77.14,0.69,0.27,38.89,22.42,202.0,7.77,5.62,3.58,2.62,0.81,0.35,0.19,55.56,72.28,73.12,0.46,0.42,0.12,0.35,0.58,0.27,46.67,0.85,0.04,4.55,1.54,0.31,20.0,0.31,20.0
1191,Czech Liga (CZ),184878,Lucas Kubr,L. Kubr,2004-02-25,19.32,3.46,5.62,8,8,0,44.0,5.5,3.0,54.55,0.75,0.12,9.01,2.04,24.0,3.0,1.62,54.17,0.25,0.12,50.0,2.75,18.0,2.25,0.75,1.25,0.38,1.12,0.62,0.12,20.0,33.33,30.0,0.12,0.62,0.12,0.25,0.12,0.0,0.0,0.25,0.12,50.0,0.38,0.12,33.33,0.0,0.0
1191,Czech Liga (CZ),184951,Kristers Penkevics,K. Penkevics,2003-01-28,48.91,9.19,15.03,9,8,1,85.0,10.62,5.88,55.29,1.0,0.0,2.55,0.85,48.0,6.0,3.5,58.33,0.5,0.25,50.0,4.25,5.0,0.62,0.25,0.25,0.0,0.12,0.12,0.0,0.0,40.0,0.0,0.25,0.25,0.0,0.12,0.12,0.0,0.0,0.62,0.0,0.0,1.0,0.25,25.0,0.0,0.0
1191,Czech Liga (CZ),231512,Cletus Daho Nombil,C. Nombil,2000-08-23,83.01,15.75,23.21,32,31,1,839.0,27.06,18.39,67.94,2.45,0.26,3.69,1.33,394.0,12.71,9.23,72.59,1.13,0.65,57.14,9.39,110.0,3.55,2.87,1.58,1.23,0.58,0.35,0.19,54.55,80.91,77.55,0.26,0.52,0.03,0.16,0.03,0.03,100.0,1.58,0.26,16.33,2.39,0.23,9.46,0.19,8.11
1191,Czech Liga (CZ),238141,Elione Fernandes-Neto,E. Fernandes-Neto,2005-08-23,26.7,5.0,8.62,11,11,0,81.0,7.36,4.64,62.96,0.64,0.09,3.6,1.18,44.0,4.0,2.64,65.91,0.09,0.0,0.0,3.18,14.0,1.27,0.82,0.36,0.27,0.18,0.18,0.09,50.0,64.28,75.0,0.09,0.0,0.0,0.09,0.09,0.09,100.0,0.36,0.0,0.0,0.73,0.09,12.5,0.09,12.5
1191,Czech Liga (CZ),257440,Ermal Krasniqi,E. Krasniqi,1998-09-07,48.38,12.7,11.31,1,1,0,14.0,14.0,10.0,71.43,1.0,0.0,11.6,3.07,11.0,11.0,8.0,72.73,1.0,1.0,100.0,10.0,6.0,6.0,4.0,3.0,1.0,1.0,1.0,0.0,0.0,66.67,33.33,0.0,0.0,1.0,0.0,1.0,0.0,0.0,1.0,1.0,100.0,2.0,1.0,50.0,1.0,50.0
1191,Czech Liga (CZ),257449,Albion Rrahmani,A. Rrahmani,2000-08-31,60.37,19.36,10.69,34,34,0,714.0,21.0,12.71,60.5,3.97,0.5,5.32,1.53,535.0,15.74,9.62,61.12,3.12,1.56,50.0,9.35,170.0,5.0,3.09,2.97,1.53,0.85,0.65,0.32,50.0,61.77,51.49,1.29,2.12,0.85,1.09,0.29,0.15,50.0,4.59,0.65,14.1,6.56,1.0,15.25,1.79,27.35
1191,Czech Liga (CZ),280434,Martin Šubert,M. Šubert,2002-08-13,59.26,16.5,14.62,25,25,0,526.0,21.04,13.28,63.12,2.04,0.2,5.95,1.69,354.0,14.16,9.36,66.1,2.0,1.16,58.0,10.32,125.0,5.0,2.92,3.32,1.88,1.0,0.72,0.28,38.89,58.4,56.63,0.52,2.4,0.52,0.44,0.36,0.2,55.56,2.84,0.24,8.45,4.76,1.0,21.01,0.32,6.72
1191,Czech Liga (CZ),280446,Albert Labík,A. Labík,2004-05-13,91.41,24.53,20.48,24,20,4,821.0,41.05,27.7,67.48,3.15,0.3,5.13,1.66,530.0,26.5,19.25,72.64,1.5,0.55,36.67,22.7,171.0,8.55,6.55,3.95,3.0,1.1,0.55,0.35,63.64,76.61,75.95,0.5,1.6,0.25,0.2,0.65,0.45,69.23,2.2,0.35,15.91,3.75,0.8,21.33,0.55,14.67
1191,Czech Liga (CZ),285157,Garang Kuol,G. Kuol,2004-09-15,38.73,11.73,8.02,20,20,0,277.0,13.85,7.95,57.4,2.2,0.1,7.77,2.39,212.0,10.6,6.3,59.44,1.35,0.65,48.15,8.5,93.0,4.65,2.45,2.75,1.2,0.8,0.65,0.2,30.77,52.69,43.64,0.3,0.7,0.2,1.15,0.65,0.15,23.08,1.85,0.35,18.92,2.6,0.5,19.23,0.2,7.69
1191,Czech Liga (CZ),324429,Mikuláš Konečný,M. Konečný,2006-06-02,92.18,20.27,24.94,21,20,1,774.0,38.7,28.75,74.29,1.3,0.15,5.08,1.72,471.0,23.55,19.35,82.16,0.75,0.1,13.33,21.3,156.0,7.8,5.2,4.45,3.1,1.4,0.9,0.4,44.44,66.67,69.66,0.15,0.6,0.05,0.4,0.65,0.4,61.54,1.1,0.1,9.09,1.65,0.3,18.18,0.1,6.06
1191,Czech Liga (CZ),334261,Laurent Kissiedou,L. Kissiedou,1998-12-22,79.66,16.75,24.65,1,1,0,20.0,20.0,13.0,65.0,0.0,0.0,7.78,2.2,12.0,12.0,7.0,58.33,0.0,0.0,,10.0,7.0,7.0,3.0,4.0,2.0,2.0,2.0,1.0,50.0,42.86,50.0,0.0,2.0,0.0,0.0,1.0,1.0,100.0,0.0,0.0,,2.0,0.0,0.0,0.0,0.0
1191,Czech Liga (CZ),384682,Pavel Gaszczyk,P. Gaszczyk,2005-02-17,47.36,10.12,11.2,14,14,0,234.0,16.71,12.07,72.22,1.0,0.14,3.73,1.28,138.0,9.86,8.07,81.88,0.71,0.43,60.0,7.64,37.0,2.64,1.93,0.86,0.71,0.64,0.36,0.21,60.0,72.97,83.33,0.43,1.21,0.07,0.0,0.14,0.07,50.0,1.21,0.07,5.88,1.86,0.29,15.39,0.29,15.38
1191,Czech Liga (CZ),406682,Lukas Vorlický,L. Vorlický,2002-01-18,33.93,9.05,5.97,8,8,0,94.0,11.75,5.5,46.81,3.0,0.38,7.41,2.08,67.0,8.38,4.25,50.75,1.0,0.5,50.0,7.12,34.0,4.25,1.75,3.0,1.12,0.88,0.62,0.25,40.0,41.18,37.5,0.5,1.0,0.5,1.12,0.5,0.25,50.0,1.62,0.0,0.0,2.75,0.75,27.27,0.88,31.82
1191,Czech Liga (CZ),416105,Ange Caumenan N''Guessan,A. N''Guessan,2003-09-01,95.48,21.71,22.44,28,28,0,1046.0,37.36,29.46,78.87,1.21,0.11,5.5,1.78,575.0,20.54,18.07,88.0,0.21,0.07,33.33,18.75,246.0,8.79,6.79,4.18,3.29,1.86,0.61,0.29,47.06,77.24,78.63,0.04,0.14,0.04,0.36,0.39,0.25,63.64,0.25,0.0,0.0,0.64,0.04,5.56,0.18,27.78
1191,Czech Liga (CZ),483530,Stanley Guzorochi Kanu,S. Kanu,1999-01-17,47.73,9.3,13.0,31,30,1,277.0,9.23,3.87,41.88,1.53,0.3,8.51,2.09,152.0,5.07,2.03,40.13,1.83,0.7,38.18,2.13,98.0,3.27,1.27,2.43,0.93,1.13,1.0,0.3,30.0,38.77,38.36,0.77,0.67,0.47,0.33,0.07,0.03,50.0,2.1,0.17,7.94,3.37,0.8,23.76,0.6,17.82
1191,Czech Liga (CZ),529803,Adam Zadražil,A. Zadražil,2000-08-06,97.68,22.96,27.7,34,34,0,915.0,26.91,15.15,56.28,0.09,0.0,5.11,3.36,471.0,13.85,8.79,63.48,0.06,0.0,0.0,12.74,188.0,5.53,3.0,2.94,1.94,0.03,0.0,0.0,,54.26,66.0,0.0,0.0,0.0,0.0,0.35,0.21,58.33,0.12,0.03,25.0,0.26,0.09,33.33,0.0,0.0
1191,Czech Liga (CZ),530006,Seung-Bin Kim,Kim Seung-Bin,2000-12-28,57.84,16.11,13.81,4,4,0,98.0,24.5,18.0,73.47,1.75,0.75,6.45,1.86,79.0,19.75,14.25,72.15,2.0,2.0,100.0,13.25,29.0,7.25,5.5,4.0,3.0,1.25,0.75,0.5,66.67,75.87,75.0,1.0,1.5,0.5,0.75,0.75,0.25,33.33,4.5,0.75,16.66,5.75,0.75,13.05,1.0,17.39
1191,Czech Liga (CZ),530007,Marcel Čermák,M. Čermák,1998-11-25,86.44,18.85,23.55,33,33,0,897.0,27.18,16.33,60.09,3.21,0.36,5.27,1.41,552.0,16.73,10.79,64.49,3.18,1.48,46.67,11.64,209.0,6.33,3.91,3.15,1.88,1.45,0.91,0.55,60.0,61.72,59.62,1.06,1.94,0.39,0.58,0.18,0.12,66.67,4.12,0.67,16.18,6.24,1.21,19.42,1.39,22.33
1191,Czech Liga (CZ),531469,Tom Slončík,T. Slončík,2004-12-21,59.06,16.13,15.57,20,20,0,492.0,24.6,15.25,61.99,3.15,0.55,7.62,2.21,357.0,17.85,11.1,62.18,3.35,1.65,49.25,11.7,178.0,8.9,5.75,4.1,2.4,1.2,0.85,0.4,47.06,64.61,58.54,1.0,2.65,0.55,0.8,1.05,0.4,38.09,4.4,1.0,22.73,7.05,1.2,17.02,1.3,18.44
1191,Czech Liga (CZ),541072,Matyáš Vojta,M. Vojta,2004-02-26,66.23,18.35,14.41,27,26,1,394.0,15.15,7.92,52.28,2.92,0.58,4.3,1.29,257.0,9.88,5.88,59.53,2.62,1.46,55.88,4.23,69.0,2.65,1.69,1.23,0.73,0.65,0.42,0.19,45.45,63.77,59.38,0.62,1.42,0.77,0.35,0.0,0.0,,3.54,0.62,17.39,6.04,0.58,9.55,1.23,20.38
1191,Czech Liga (CZ),564789,Boubou Diallo,B. Diallo,2003-11-04,45.81,9.52,12.2,10,10,0,75.0,7.5,3.5,46.67,1.5,0.0,5.07,1.53,37.0,3.7,1.9,51.35,1.2,0.4,33.33,1.7,19.0,1.9,1.0,0.7,0.3,0.1,0.1,0.0,0.0,52.63,42.86,0.3,0.5,0.3,0.1,0.1,0.0,0.0,1.3,0.2,15.38,1.7,0.3,17.65,0.6,35.29
1191,Czech Liga (CZ),584984,Simion Michez,S. Michez,2002-02-09,52.39,12.9,11.89,11,10,1,183.0,18.3,9.5,51.91,3.1,0.0,7.24,2.1,119.0,11.9,6.7,56.3,2.0,0.8,40.0,7.4,59.0,5.9,2.3,3.8,1.1,0.6,0.6,0.1,16.67,38.98,28.95,0.1,1.8,0.0,1.1,0.5,0.2,40.0,3.1,0.5,16.13,5.4,1.2,22.22,1.0,18.52
1191,Czech Liga (CZ),584986,Christophe Kabongo,C. Kabongo,2003-08-27,48.8,13.48,11.99,24,23,1,299.0,13.0,7.57,58.19,2.3,0.3,8.82,2.24,176.0,7.65,4.7,61.36,1.57,0.61,38.89,4.48,112.0,4.87,2.91,2.0,0.7,0.83,0.48,0.09,18.18,59.82,34.78,0.78,1.17,0.26,0.65,0.26,0.09,33.33,2.61,0.65,25.0,3.96,0.57,14.29,0.91,23.08
1191,Czech Liga (CZ),599364,MIlan Lexa,M. Lexa,2004-08-21,39.63,8.52,9.8,20,19,1,202.0,10.63,6.21,58.41,1.11,0.0,6.81,1.72,111.0,5.84,3.53,60.36,0.84,0.32,37.5,3.95,57.0,3.0,1.74,1.79,0.89,0.63,0.53,0.37,70.0,57.89,50.0,0.32,0.74,0.11,0.42,0.26,0.05,20.0,1.26,0.21,16.67,2.16,0.63,29.27,0.21,9.76
1191,Czech Liga (CZ),625763,Vojtěch Hora,V. Hora,2004-05-05,4.23,1.2,1.17,1,1,0,3.0,3.0,1.0,33.33,0.0,0.0,0.63,0.3,3.0,3.0,1.0,33.33,0.0,0.0,,2.0,0.0,0.0,0.0,0.0,0.0,0.0,0.0,0.0,,,,0.0,0.0,0.0,0.0,0.0,0.0,,0.0,0.0,,0.0,0.0,,0.0,
1191,Czech Liga (CZ),627203,Mohamed Yasser,Mohamed Yasser,2001-05-01,7.47,2.56,1.2,3,3,0,6.0,2.0,1.67,83.33,0.33,0.0,8.86,1.9,6.0,2.0,1.67,83.33,0.0,0.0,,0.67,2.0,0.67,0.33,0.33,0.0,0.33,0.33,0.0,0.0,50.0,0.0,0.33,0.67,0.0,0.0,0.0,0.0,,0.0,0.0,,0.67,0.0,0.0,0.0,0.0
1191,Czech Liga (CZ),637204,Alexandr Sojka,A. Sojka,2003-04-02,65.31,17.22,16.87,33,33,0,949.0,28.76,20.33,70.71,3.09,0.33,5.44,1.59,661.0,20.03,15.06,75.19,2.21,1.15,52.05,15.94,223.0,6.76,4.82,3.48,2.21,1.42,1.0,0.58,57.58,71.3,63.48,0.76,2.18,0.24,0.64,0.42,0.18,42.86,2.88,0.61,21.05,4.88,1.24,25.47,0.67,13.66
1191,Czech Liga (CZ),637205,Jan Paluska,J. Paluska,2005-06-23,96.5,24.13,20.42,13,12,1,431.0,35.92,27.17,75.64,1.67,0.08,4.65,1.48,287.0,23.92,19.25,80.49,0.83,0.25,30.0,21.17,88.0,7.33,5.75,3.83,3.08,1.67,0.92,0.67,72.73,78.41,80.44,0.0,1.33,0.0,0.17,0.92,0.5,54.55,1.0,0.0,0.0,1.25,0.17,13.33,0.08,6.67
1191,Czech Liga (CZ),646655,Tomas Schanelec,T. Schanelec,2002-06-20,17.22,4.16,3.28,1,1,0,2.0,2.0,1.0,50.0,0.0,0.0,1.54,0.85,1.0,1.0,0.0,0.0,0.0,0.0,,2.0,0.0,0.0,0.0,0.0,0.0,0.0,0.0,0.0,,,,0.0,0.0,0.0,0.0,0.0,0.0,,0.0,0.0,,0.0,0.0,,0.0,
1191,Czech Liga (CZ),659717,Alexandr Bužek,A. Bužek,2004-08-02,65.1,17.11,15.12,20,18,2,476.0,26.44,20.06,75.84,2.72,0.22,5.6,1.52,280.0,15.56,12.17,78.22,0.94,0.39,41.18,13.33,123.0,6.83,4.78,2.94,2.28,2.06,0.89,0.56,62.5,69.92,77.36,0.33,1.61,0.0,0.61,0.39,0.17,42.86,1.89,0.44,23.53,2.83,0.61,21.57,0.44,15.69
1191,Czech Liga (CZ),666212,Santiago Eneme Bokari,Santiago Eneme,2000-09-29,39.65,12.94,7.8,19,18,1,393.0,21.83,17.72,81.17,1.94,0.0,5.44,1.61,294.0,16.33,13.44,82.31,0.89,0.5,56.25,12.61,77.0,4.28,3.11,1.67,1.17,1.06,0.61,0.44,72.73,72.73,70.0,0.72,0.83,0.17,0.39,0.33,0.22,66.67,1.5,0.17,11.11,3.06,0.28,9.09,0.67,21.82
1191,Czech Liga (CZ),687654,Nino Milić,N. Milić,2004-05-01,65.04,16.66,14.54,10,8,2,219.0,27.38,20.5,74.89,0.88,0.12,4.03,1.36,151.0,18.88,14.62,77.48,0.5,0.12,25.0,17.62,34.0,4.25,3.12,2.75,1.62,1.12,0.88,0.75,85.71,73.53,59.09,0.0,0.88,0.0,0.0,0.5,0.25,50.0,1.12,0.12,11.11,1.75,0.25,14.29,0.25,14.29
1191,Czech Liga (CZ),698157,Salim Fago Lawal,S. Lawal,2003-01-15,47.05,13.54,9.02,7,7,0,96.0,13.71,5.57,40.62,1.86,0.29,6.9,1.53,59.0,8.43,3.71,44.07,1.43,0.43,30.0,4.14,24.0,3.43,0.71,3.14,0.71,2.0,1.86,0.43,23.08,20.83,22.73,0.71,1.0,1.14,0.86,0.14,0.0,0.0,2.0,0.29,14.29,4.29,1.14,26.67,0.71,16.67
1191,Czech Liga (CZ),698192,Samuel Kopásek,S. Kopásek,2003-05-22,48.77,11.4,12.41,4,4,0,43.0,10.75,5.5,51.16,1.75,0.0,4.34,1.43,21.0,5.25,2.5,47.62,0.25,0.0,0.0,5.25,6.0,1.5,1.0,0.75,0.5,0.25,0.25,0.0,0.0,66.67,66.67,0.0,1.0,0.0,0.0,0.0,0.0,,0.25,0.0,0.0,0.25,0.0,0.0,0.0,0.0
1191,Czech Liga (CZ),704810,Andrej Stojcevski,A. Stojcevski,2003-05-26,84.37,20.4,21.91,28,28,0,1004.0,35.86,28.57,79.68,1.82,0.04,4.79,1.57,646.0,23.07,19.46,84.37,0.61,0.25,41.18,21.14,190.0,6.79,5.54,2.79,2.29,0.89,0.32,0.32,100.0,81.58,82.05,0.36,0.86,0.04,0.07,0.32,0.18,55.56,0.82,0.07,8.7,1.43,0.25,17.5,0.11,7.5
1191,Czech Liga (CZ),714161,Petr Juliš,P. Juliš,2003-04-17,34.09,7.95,7.88,18,17,1,144.0,8.47,5.06,59.72,1.18,0.12,7.83,2.13,79.0,4.65,2.82,60.76,0.71,0.35,50.0,3.47,50.0,2.94,1.76,1.94,1.06,0.76,0.71,0.35,50.0,60.0,54.55,0.18,0.88,0.0,0.47,0.18,0.0,0.0,1.0,0.24,23.53,1.53,0.35,23.08,0.12,7.69
1191,Czech Liga (CZ),714162,Denis Halinský,D. Halinský,2003-07-13,98.2,20.46,27.07,30,28,2,1107.0,39.54,27.61,69.83,1.21,0.11,6.59,1.97,576.0,20.57,16.5,80.21,0.25,0.14,57.14,18.61,325.0,11.61,7.68,5.82,4.29,2.11,0.75,0.54,71.43,66.15,73.62,0.04,0.25,0.0,0.46,0.61,0.21,35.29,0.39,0.0,0.0,0.82,0.21,26.09,0.04,4.35
1191,Czech Liga (CZ),715110,Abdoull Tanko,A. Tanko,1998-05-12,71.35,15.84,18.31,30,29,1,530.0,18.28,9.34,51.13,2.79,0.48,8.99,2.2,313.0,10.79,5.52,51.12,2.45,1.03,42.25,5.86,202.0,6.97,3.45,4.31,1.76,2.17,1.76,0.52,29.41,49.5,40.8,0.55,1.86,0.69,0.97,0.24,0.14,57.14,3.34,0.52,15.46,5.31,1.41,26.62,0.9,16.88
1191,Czech Liga (CZ),715786,David  Moses,D. Moses,2004-01-20,70.47,17.71,13.34,26,25,1,647.0,25.88,17.0,65.69,2.68,0.28,6.58,1.81,359.0,14.36,10.04,69.92,1.52,0.52,34.21,11.52,182.0,7.28,4.72,3.84,2.28,1.64,1.0,0.56,56.0,64.84,59.38,0.36,2.08,0.2,0.44,0.36,0.16,44.44,2.0,0.16,8.0,2.96,0.88,29.73,0.32,10.81
1191,Czech Liga (CZ),715825,Amar Memić,A. Memić,2001-01-20,84.06,22.64,18.21,30,28,2,858.0,30.64,19.32,63.05,3.64,0.5,6.3,1.78,551.0,19.68,12.89,65.52,1.54,0.57,37.21,16.21,224.0,8.0,4.71,4.36,2.21,2.25,1.54,0.64,41.86,58.93,50.82,0.36,1.82,0.5,1.04,0.46,0.07,15.38,2.18,0.39,18.03,4.11,1.07,26.09,0.68,16.52
1191,Czech Liga (CZ),715826,Lucky Ezeh,L. Ezeh,2004-01-23,41.78,11.37,9.56,28,25,3,281.0,11.24,6.32,56.23,1.48,0.16,6.77,1.65,180.0,7.2,4.32,60.0,2.2,1.32,60.0,3.16,83.0,3.32,1.92,1.96,0.96,1.32,1.0,0.4,40.0,57.83,48.98,0.68,0.96,0.72,0.24,0.04,0.04,100.0,2.44,0.6,24.59,4.52,0.96,21.24,1.04,23.01
1191,Czech Liga (CZ),715828,Dávid Krčík,D. Krčík,1999-06-28,97.91,26.93,22.03,34,33,1,1821.0,55.18,46.55,84.35,2.45,0.39,5.56,1.9,1224.0,37.09,32.85,88.56,0.33,0.12,36.36,34.48,450.0,13.64,11.79,8.45,7.42,1.88,1.12,0.82,72.97,86.45,87.81,0.03,1.61,0.0,0.12,0.64,0.45,71.43,0.52,0.12,23.53,0.91,0.21,23.33,0.09,10.0
1191,Czech Liga (CZ),715829,Jakub  Lapeš,J. Lapeš,1999-07-04,98.67,26.63,21.96,26,25,1,930.0,37.2,24.92,66.99,0.28,0.04,4.52,3.08,594.0,23.76,16.72,70.37,0.32,0.2,62.5,22.64,172.0,6.88,3.88,3.88,2.28,0.04,0.04,0.04,100.0,56.4,58.76,0.0,0.0,0.0,0.0,0.36,0.2,55.55,0.44,0.12,27.27,0.56,0.24,42.86,0.0,0.0
1191,Czech Liga (CZ),716310,Michal Bílek,M. Bílek,1997-10-13,79.8,17.07,22.07,29,27,2,742.0,27.48,16.63,60.51,2.33,0.19,2.98,1.06,420.0,15.56,10.11,65.0,0.89,0.37,41.67,12.96,68.0,2.52,1.22,1.3,0.59,0.59,0.41,0.11,27.27,48.53,45.71,0.22,0.44,0.19,0.19,0.26,0.07,28.57,1.37,0.3,21.62,2.37,0.56,23.44,0.3,12.5
1191,Czech Liga (CZ),719355,Jason Noslin,J. Noslin,2000-02-09,97.47,21.17,26.47,18,18,0,649.0,36.06,25.33,70.26,1.67,0.22,3.81,1.36,370.0,20.56,16.28,79.19,0.61,0.28,45.45,19.17,90.0,5.0,3.61,2.39,1.67,1.39,0.61,0.28,45.45,72.22,69.77,0.17,0.67,0.0,0.06,0.33,0.17,50.0,0.72,0.11,15.38,1.11,0.28,25.0,0.11,10.0
1191,Czech Liga (CZ),719414,Adrian Zeljković,A. Zeljković,2002-08-19,34.89,8.69,7.32,13,12,1,203.0,16.92,14.0,82.76,1.0,0.08,4.36,1.57,130.0,10.83,9.92,91.54,0.17,0.08,50.0,9.42,34.0,2.83,2.5,1.42,1.25,0.17,0.08,0.0,0.0,88.24,88.24,0.25,0.5,0.0,0.0,0.08,0.08,100.0,0.17,0.0,0.0,0.42,0.08,20.0,0.0,0.0
1191,Czech Liga (CZ),720717,Aboubacar  Traoré,A. Traoré,2004-08-20,76.22,21.14,16.86,25,23,2,727.0,31.61,24.04,76.07,0.96,0.17,6.03,1.88,489.0,21.26,17.22,80.98,1.22,0.57,46.43,19.39,187.0,8.13,6.22,3.04,2.26,1.3,0.52,0.3,58.33,76.47,74.29,0.35,0.74,0.04,0.04,0.52,0.22,41.67,1.78,0.43,24.39,2.43,0.52,21.43,0.04,1.79
1191,Czech Liga (CZ),726060,Štěpán Míšek,S. Míšek,2005-07-20,65.83,13.9,18.67,15,14,1,267.0,19.07,14.07,73.78,0.86,0.21,4.63,1.33,164.0,11.71,9.5,81.1,0.36,0.14,40.0,8.57,53.0,3.79,2.64,1.5,0.93,0.43,0.36,0.14,40.0,69.81,61.91,0.14,1.29,0.07,0.36,0.14,0.07,50.0,0.79,0.07,9.09,1.86,0.43,23.08,0.21,11.54
1191,Czech Liga (CZ),726631,Sahmkou Camara,S. Camara,2003-06-10,92.69,25.04,20.9,31,27,4,1259.0,46.63,39.19,84.04,1.3,0.11,6.2,2.14,754.0,27.93,25.52,91.38,0.56,0.33,60.0,25.74,320.0,11.85,9.85,5.52,4.7,1.44,0.44,0.33,75.0,83.13,85.24,0.11,1.04,0.07,0.33,1.04,0.81,78.57,0.81,0.11,13.64,1.63,0.41,25.0,0.19,11.36
1191,Czech Liga (CZ),726797,Yegor Tsykalo,Y. Tsykalo,2001-09-07,22.71,4.56,6.49,8,7,1,37.0,5.29,2.0,37.84,0.71,0.0,4.89,1.18,16.0,2.29,0.71,31.25,0.29,0.0,0.0,1.43,9.0,1.29,0.29,1.29,0.29,0.43,0.43,0.0,0.0,22.22,22.22,0.14,0.29,0.43,0.29,0.0,0.0,,0.29,0.0,0.0,0.71,0.43,60.0,0.14,20.0
1191,Czech Liga (CZ),729818,Florian Wiegele,F. Wiegele,2001-03-21,97.58,27.92,21.19,20,20,0,624.0,31.2,21.0,67.31,0.45,0.1,4.9,3.01,402.0,20.1,14.3,71.14,0.2,0.1,50.0,19.15,119.0,5.95,3.6,3.25,2.05,0.0,0.0,0.0,,60.5,63.08,0.0,0.0,0.0,0.0,0.3,0.1,33.33,0.25,0.1,40.0,0.3,0.15,50.0,0.0,0.0
1191,Czech Liga (CZ),731829,Solomon John ,S. John,2001-08-08,56.72,15.4,13.39,30,30,0,568.0,18.93,10.87,57.39,2.77,0.5,9.35,2.37,413.0,13.77,8.1,58.84,1.8,1.13,62.96,9.93,233.0,7.77,4.2,4.37,2.0,1.87,1.43,0.57,39.53,54.08,45.8,0.33,0.93,0.23,1.2,0.73,0.13,18.18,2.73,0.63,23.17,4.97,1.17,23.49,0.5,10.07
1191,Czech Liga (CZ),733206,Patrik Blahút,P. Blahút,1997-10-07,81.13,19.62,21.41,32,32,0,926.0,28.94,20.12,69.55,3.47,0.09,6.1,1.77,624.0,19.5,14.22,72.92,2.09,0.84,40.3,15.31,237.0,7.41,4.81,4.38,2.22,1.81,1.41,0.53,37.78,64.98,50.71,0.66,2.81,0.47,0.38,0.41,0.19,46.15,2.84,0.53,18.68,4.69,1.22,26.0,0.69,14.67
1191,Czech Liga (CZ),735217,Benjamin Nyarko,B. Nyarko,2004-01-29,36.37,7.59,9.93,15,13,2,113.0,8.69,3.77,43.36,1.69,0.08,7.54,1.88,60.0,4.62,2.0,43.33,1.85,0.46,25.0,2.23,35.0,2.69,1.08,1.38,0.38,1.0,0.69,0.15,22.22,40.0,27.78,0.38,1.08,0.69,0.31,0.0,0.0,,2.23,0.31,13.79,3.08,0.54,17.5,0.92,30.0
1191,Czech Liga (CZ),736622,Ermin Mahmic,E. Mahmic,2005-03-14,59.71,13.95,13.65,28,28,0,502.0,17.93,9.07,50.6,4.32,0.43,7.39,1.74,309.0,11.04,5.61,50.81,1.32,0.5,37.84,7.11,164.0,5.86,3.11,3.21,1.5,2.0,1.46,0.71,48.78,53.05,46.67,1.75,1.18,0.57,0.61,0.25,0.04,14.29,1.89,0.21,11.32,3.86,0.82,21.3,1.21,31.48
1191,Czech Liga (CZ),736847,Matouš Krulich,M. Krulich,2005-04-19,17.2,5.17,3.53,7,7,0,36.0,5.14,3.0,58.33,0.71,0.0,6.38,1.7,26.0,3.71,2.29,61.54,1.0,0.57,57.14,2.14,10.0,1.43,1.14,0.71,0.43,0.0,0.0,0.0,,80.0,60.0,0.43,0.43,0.0,0.14,0.0,0.0,,1.29,0.29,22.22,1.71,0.14,8.33,0.43,25.0
1191,Czech Liga (CZ),737080,Tomáš Král,T. Král,2004-10-26,24.82,6.48,4.99,4,4,0,50.0,12.5,10.5,84.0,0.25,0.0,4.24,1.43,39.0,9.75,8.25,84.62,0.0,0.0,,9.75,6.0,1.5,1.25,1.0,0.75,0.25,0.0,0.0,,83.33,75.0,0.25,0.5,0.25,0.5,0.25,0.25,100.0,0.0,0.0,,0.5,0.25,50.0,0.25,50.0
1191,Czech Liga (CZ),749977,Viktor Zentrich,V. Zentrich,2003-06-13,18.9,2.82,2.88,1,1,0,1.0,1.0,1.0,100.0,0.0,0.0,6.86,2.3,0.0,0.0,0.0,,0.0,0.0,,0.0,0.0,0.0,0.0,0.0,0.0,0.0,0.0,0.0,,,,0.0,0.0,0.0,0.0,0.0,0.0,,0.0,0.0,,0.0,0.0,,0.0,
1191,Czech Liga (CZ),758675,Dantaye Michael Lee Gilbert,D. Gilbert,2004-12-03,64.47,14.42,18.01,15,15,0,287.0,19.13,10.6,55.4,2.6,0.2,6.66,1.66,178.0,11.87,6.8,57.3,2.47,1.0,40.54,7.2,81.0,5.4,3.13,2.27,0.8,1.47,1.4,0.53,38.1,58.02,35.29,0.53,1.8,0.67,0.8,0.13,0.07,50.0,2.93,0.47,15.91,4.73,1.0,21.13,1.0,21.13
1191,Czech Liga (CZ),758853,Samuel Šigut,S. Šigut,2002-10-31,77.25,21.57,17.08,18,17,1,380.0,22.35,12.18,54.47,3.35,0.24,8.51,2.09,250.0,14.71,8.29,56.4,2.82,1.35,47.92,10.12,137.0,8.06,3.65,4.12,1.47,2.53,1.59,0.41,25.92,45.26,35.71,0.53,1.59,0.82,2.06,0.47,0.0,0.0,3.59,0.88,24.59,6.12,1.47,24.04,1.24,20.19
1191,Czech Liga (CZ),759389,Štěpán  Bachůrek,Š. Bachůrek,2002-08-24,95.07,18.36,31.66,2,2,0,51.0,25.5,12.0,47.06,0.0,0.0,4.25,3.19,30.0,15.0,9.5,63.33,0.0,0.0,,14.0,9.0,4.5,1.0,2.0,0.5,0.0,0.0,0.0,,22.23,25.0,0.0,0.0,0.0,0.0,0.0,0.0,,0.0,0.0,,0.0,0.0,,0.0,
1191,Czech Liga (CZ),776997,Jakub Uhrinčať,J. Uhrinčať,2001-02-07,79.86,17.17,22.8,24,24,0,616.0,25.67,18.58,72.4,0.79,0.08,4.31,1.28,351.0,14.62,11.21,76.64,0.5,0.17,33.33,14.17,109.0,4.54,3.17,1.92,1.33,1.5,0.54,0.33,61.54,69.72,69.57,0.04,0.17,0.04,0.12,0.21,0.08,40.0,0.71,0.04,5.88,1.08,0.5,46.15,0.0,0.0
1191,Czech Liga (CZ),776999,Matúš Hruška,M. Hruška,1994-09-17,80.02,16.25,20.33,2,2,0,32.0,16.0,9.0,56.25,0.0,0.0,5.1,3.21,18.0,9.0,5.5,61.11,0.0,0.0,,8.0,9.0,4.5,2.0,2.5,1.0,0.0,0.0,0.0,,44.44,40.0,0.0,0.0,0.0,0.0,0.0,0.0,,0.5,0.5,100.0,0.5,0.5,100.0,0.0,0.0
1191,Czech Liga (CZ),777039,Artúr Musák,A. Musák,2005-10-17,43.58,11.75,9.43,19,19,0,349.0,18.37,13.63,74.21,2.26,0.05,6.71,1.92,219.0,11.53,9.21,79.91,0.63,0.32,50.0,9.26,95.0,5.0,3.74,2.05,1.32,0.84,0.47,0.26,55.55,74.74,64.1,0.53,1.26,0.11,0.68,0.11,0.05,50.0,1.05,0.37,35.0,1.58,0.32,20.0,0.16,10.0
1191,Czech Liga (CZ),777047,Jakub Jakubko,J. Jakubko,2004-08-24,77.07,16.63,21.47,8,7,1,212.0,30.29,21.29,70.28,0.86,0.29,3.35,1.09,118.0,16.86,13.0,77.12,0.29,0.14,50.0,15.57,31.0,4.43,3.43,1.57,1.0,0.43,0.14,0.14,100.0,77.42,63.64,0.0,0.29,0.0,0.0,0.43,0.43,100.0,0.57,0.14,25.0,1.0,0.57,57.14,0.0,0.0
1191,Czech Liga (CZ),777056,Samuel Lavrinčík,S. Lavrinčík,2001-07-10,24.58,5.45,6.2,9,8,1,79.0,9.88,7.5,75.95,0.75,0.0,2.84,0.97,50.0,6.25,5.25,84.0,0.5,0.38,75.0,4.12,6.0,0.75,0.62,0.38,0.25,0.12,0.0,0.0,,83.33,66.67,0.25,0.25,0.12,0.0,0.12,0.12,100.0,1.12,0.38,33.33,1.62,0.25,15.38,0.25,15.38
1191,Czech Liga (CZ),777062,Dominik Hollý,D. Hollý,2003-11-11,43.68,10.9,10.94,12,10,2,104.0,10.4,5.4,51.92,1.3,0.3,4.78,1.46,67.0,6.7,4.2,62.69,1.6,1.0,62.5,3.9,21.0,2.1,1.0,1.5,0.6,0.5,0.5,0.1,20.0,47.62,40.0,0.6,0.2,0.6,0.3,0.0,0.0,,2.2,0.4,18.18,3.8,0.9,23.68,0.5,13.16
1191,Czech Liga (CZ),777064,Patrik Dulay,P. Dulay,2005-03-03,51.2,11.72,12.55,18,17,1,212.0,12.47,5.88,47.17,2.35,0.24,9.17,2.0,126.0,7.41,3.53,47.62,1.47,0.47,32.0,3.94,88.0,5.18,2.0,3.82,1.29,2.12,1.82,0.35,19.35,38.64,33.85,0.53,1.35,0.47,0.59,0.18,0.12,66.67,1.76,0.06,3.33,3.53,1.24,35.0,0.59,16.67
1191,Czech Liga (CZ),785423,Prince Kwabena Adu,P. Adu,2003-09-23,58.37,16.31,12.3,29,27,2,492.0,18.22,8.81,48.37,3.7,0.33,7.03,2.0,342.0,12.67,6.48,51.17,2.7,1.41,52.06,6.96,143.0,5.3,2.48,3.15,1.26,1.07,0.96,0.26,26.92,46.85,40.0,0.81,1.33,1.04,1.15,0.41,0.11,27.27,3.74,0.67,17.82,6.0,1.19,19.75,1.26,20.99
1191,Czech Liga (CZ),797318,Emmanuel Ayaosi,E. Ayaosi,2004-10-28,72.98,19.78,16.11,32,29,3,711.0,24.52,14.38,58.65,4.1,0.52,7.46,1.83,454.0,15.66,9.52,60.79,3.62,2.03,56.19,9.21,221.0,7.62,3.83,4.38,1.69,2.48,1.69,0.48,28.57,50.23,38.58,0.97,2.28,0.9,1.34,0.14,0.0,0.0,4.62,1.0,21.64,7.38,1.55,21.03,1.55,21.03
1191,Czech Liga (CZ),799103,Kevin Prince Milla,K. Milla,2003-12-25,67.94,15.84,16.9,19,19,0,301.0,15.84,9.11,57.48,3.37,0.21,6.06,1.61,161.0,8.47,5.47,64.6,2.74,1.16,42.31,3.26,79.0,4.16,2.53,2.11,0.95,1.26,0.79,0.26,33.33,60.76,45.0,0.63,1.37,0.53,0.63,0.11,0.11,100.0,4.11,0.58,14.1,6.21,1.26,20.34,1.79,28.81
1191,Czech Liga (CZ),799116,Pavel  Kacor,P. Kacor,2006-09-12,56.47,16.24,11.59,16,12,4,303.0,25.25,16.58,65.68,3.58,0.25,7.03,1.77,206.0,17.17,11.58,67.48,1.83,1.08,59.09,13.42,103.0,8.58,5.33,4.5,2.33,2.67,1.75,0.83,47.62,62.14,51.85,0.75,0.83,0.25,1.25,0.42,0.08,20.0,2.5,0.58,23.33,4.08,1.17,28.57,0.92,22.45
1191,Czech Liga (CZ),800688,Jan Buryán,J. Buryán,2005-10-11,45.05,13.54,10.27,8,8,0,84.0,10.5,5.0,47.62,1.75,0.25,7.16,1.87,48.0,6.0,3.12,52.08,1.5,0.5,33.33,3.12,25.0,3.12,1.62,2.12,1.25,0.62,0.5,0.25,50.0,52.0,58.82,0.5,1.75,0.5,0.12,0.25,0.12,50.0,1.75,0.25,14.29,3.25,1.0,30.77,0.62,19.23
1191,Czech Liga (CZ),801609,Dennis Owusu,D. Owusu,2001-01-05,37.27,10.09,7.93,21,20,1,270.0,13.5,7.15,52.96,2.1,0.1,8.17,2.36,206.0,10.3,5.55,53.88,1.7,0.85,50.0,7.35,94.0,4.7,2.5,2.95,1.35,0.95,0.75,0.25,33.33,53.19,45.76,0.3,0.8,0.3,1.35,0.2,0.0,0.0,2.25,0.55,24.45,3.7,0.85,22.97,0.8,21.62
1191,Czech Liga (CZ),801742,Šimon Polášek,Š. Polášek,2004-06-18,10.62,1.84,3.26,1,1,0,2.0,2.0,0.0,0.0,0.0,0.0,1.89,1.15,1.0,1.0,0.0,0.0,0.0,0.0,,1.0,0.0,0.0,0.0,0.0,0.0,0.0,0.0,0.0,,,,0.0,0.0,0.0,0.0,0.0,0.0,,0.0,0.0,,0.0,0.0,,0.0,
1191,Czech Liga (CZ),808858,Jiří Hamza,J. Hamza,2005-07-08,56.34,12.77,15.28,14,13,1,311.0,23.92,17.23,72.03,0.92,0.0,4.89,1.54,202.0,15.54,12.15,78.22,0.23,0.15,66.67,14.08,58.0,4.46,3.38,2.31,1.77,0.92,0.62,0.46,75.0,75.86,76.67,0.08,1.46,0.08,0.08,0.46,0.08,16.67,0.38,0.0,0.0,0.77,0.15,20.0,0.15,20.0
1191,Czech Liga (CZ),808860,Matej Mikulenka,M. Mikulenka,2004-02-05,43.62,9.55,10.88,28,25,3,317.0,12.68,6.44,50.79,1.24,0.08,4.48,1.3,178.0,7.12,3.76,52.81,1.32,0.64,48.48,5.4,69.0,2.76,1.0,2.0,0.8,0.56,0.48,0.12,25.0,36.23,40.0,0.52,1.0,0.08,0.36,0.04,0.04,100.0,1.6,0.2,12.5,2.96,0.4,13.51,0.4,13.51
1191,Czech Liga (CZ),808869,David Machalík,D. Machalík,1996-06-21,54.05,10.46,15.12,22,21,1,261.0,12.43,6.24,50.19,1.81,0.33,6.31,1.68,129.0,6.14,3.33,54.26,1.19,0.48,40.0,4.0,70.0,3.33,1.71,1.86,1.0,1.19,0.81,0.33,41.18,51.43,53.85,0.38,0.81,0.05,0.9,0.05,0.0,0.0,1.57,0.1,6.06,2.38,0.52,22.0,0.29,12.0
1191,Czech Liga (CZ),810418,Kahuan Vinicius Guimarães da Silva,Kahuan Vinicius,2004-03-15,43.47,12.27,7.53,11,8,3,65.0,8.12,4.38,53.85,2.12,0.12,3.62,1.09,40.0,5.0,2.88,57.5,2.25,1.0,44.45,1.5,10.0,1.25,0.88,0.62,0.25,0.0,0.0,0.0,,70.0,40.0,0.62,0.25,0.88,0.0,0.0,0.0,,2.62,0.5,19.05,3.62,0.5,13.79,0.75,20.69
1191,Czech Liga (CZ),810419,Jakub Elbel,J. Elbel,2000-07-06,76.66,19.4,20.13,18,17,1,638.0,37.53,29.12,77.59,1.24,0.06,4.28,1.55,388.0,22.82,19.59,85.82,0.41,0.24,57.14,21.29,109.0,6.41,5.41,3.47,2.82,0.82,0.29,0.18,60.0,84.4,81.35,0.0,0.65,0.06,0.06,0.12,0.0,0.0,0.53,0.06,11.11,0.88,0.29,33.33,0.06,6.67
1191,Czech Liga (CZ),810495,Karel Spáčil,K. Spáčil,2003-05-18,60.69,16.24,13.37,24,22,2,654.0,29.73,23.59,79.36,1.36,0.23,5.49,1.95,441.0,20.05,17.05,85.03,0.73,0.27,37.5,18.0,160.0,7.27,6.18,4.09,3.55,1.0,0.77,0.5,64.71,85.0,86.67,0.23,0.36,0.05,0.14,0.32,0.18,57.14,0.95,0.18,19.05,1.18,0.23,19.23,0.09,7.69
1191,Czech Liga (CZ),810496,Matej Kadlec,M. Kadlec,2002-04-04,70.44,16.93,19.13,12,11,1,275.0,25.0,16.18,64.73,1.82,0.09,4.73,1.6,141.0,12.82,8.91,69.5,0.09,0.0,0.0,12.0,45.0,4.09,2.64,2.09,1.27,0.82,0.36,0.27,75.0,64.45,60.87,0.09,0.82,0.0,0.0,0.45,0.0,0.0,0.18,0.0,0.0,0.55,0.18,33.33,0.09,16.67
1191,Czech Liga (CZ),811003,Adam Ševínský,A. Ševínský,2004-06-19,89.2,28.22,17.0,19,19,0,1188.0,62.53,54.95,87.88,2.05,0.26,4.81,1.73,867.0,45.63,42.05,92.16,0.79,0.37,46.67,43.42,229.0,12.05,10.68,5.42,4.68,0.95,0.37,0.21,57.14,88.65,86.41,0.32,0.47,0.0,0.16,0.68,0.37,53.85,1.05,0.21,20.0,1.37,0.37,26.92,0.21,15.38
1191,Czech Liga (CZ),811206,Zviad Natchkebia,Z. Natchkebia,1999-08-19,44.89,10.42,10.64,10,10,0,120.0,12.0,5.5,45.83,1.8,0.2,8.42,2.25,71.0,7.1,4.0,56.34,0.7,0.2,28.57,5.8,50.0,5.0,2.0,2.9,0.8,0.8,0.6,0.0,0.0,40.0,27.59,0.5,0.2,0.1,0.9,0.4,0.1,25.0,1.0,0.4,40.0,1.8,0.5,27.78,0.3,16.67
1191,Czech Liga (CZ),811207,Alexandr Urban,A. Urban,2004-04-20,98.99,25.72,20.11,4,4,0,161.0,40.25,24.0,59.63,0.25,0.0,4.14,2.33,91.0,22.75,14.5,63.74,0.5,0.0,0.0,21.75,33.0,8.25,3.75,4.0,2.0,0.0,0.0,0.0,,45.46,50.0,0.0,0.0,0.0,0.0,0.0,0.0,,0.5,0.0,0.0,0.5,0.0,0.0,0.0,0.0
1191,Czech Liga (CZ),812130,Samuel Obinaya,S. Obinaya,2005-08-28,49.1,11.61,14.2,7,5,2,109.0,21.8,17.8,81.65,1.2,0.0,4.82,1.64,73.0,14.6,13.0,89.04,0.8,0.4,50.0,13.2,21.0,4.2,3.6,2.0,1.6,0.6,0.2,0.2,100.0,85.71,80.0,0.2,1.6,0.0,0.4,0.4,0.4,100.0,1.2,0.2,16.67,1.4,0.4,28.57,0.0,0.0
1191,Czech Liga (CZ),812136,Yevgeniy  Skyba,Y. Skyba,2003-03-25,81.91,23.8,15.04,9,6,3,273.0,45.5,37.17,81.69,1.5,0.0,5.21,1.77,180.0,30.0,26.5,88.33,0.5,0.17,33.33,28.5,58.0,9.67,7.83,5.67,4.5,1.0,0.67,0.5,75.0,81.03,79.41,0.0,0.5,0.0,0.0,0.67,0.5,75.0,0.67,0.0,0.0,0.67,0.33,50.0,0.0,0.0
1191,Czech Liga (CZ),816764,Jakub Jezierski,J. Jezierski,2004-07-09,33.92,8.57,7.41,8,7,1,91.0,13.0,9.71,74.72,1.29,0.14,5.29,1.56,52.0,7.43,6.14,82.69,0.71,0.14,20.0,5.57,20.0,2.86,1.71,1.14,0.29,0.0,0.0,0.0,,60.0,25.0,0.0,0.43,0.14,0.29,0.14,0.14,100.0,1.14,0.14,12.5,2.14,0.57,26.67,0.14,6.67
1191,Czech Liga (CZ),816915,Nojus Audinis,N. Audinis,2006-02-15,68.74,14.12,19.3,24,22,2,429.0,19.5,14.14,72.49,0.68,0.09,3.52,1.24,266.0,12.09,9.5,78.57,0.27,0.14,50.0,11.14,55.0,2.5,1.91,1.73,1.41,0.36,0.18,0.18,100.0,76.36,81.58,0.0,0.36,0.05,0.09,0.41,0.23,55.56,0.41,0.18,44.44,1.0,0.18,18.18,0.05,4.55
1191,Czech Liga (CZ),818434,Martin Rýzek,M. Rýzek,2005-05-23,,,,1,0,1,,,,,,,,,,,,,,,,,,,,,,,,,,,,,,,,,,,,,,,,,,
1191,Czech Liga (CZ),827016,Emmanuel Uchenna Aririerisim,E. Aririerisim,2003-12-04,82.89,27.36,14.92,14,14,0,780.0,55.71,48.0,86.15,1.43,0.21,3.64,1.5,563.0,40.21,37.14,92.36,0.14,0.0,0.0,38.21,113.0,8.07,6.79,3.86,3.21,1.07,0.43,0.43,100.0,84.07,83.33,0.29,0.57,0.0,0.07,0.29,0.21,75.0,0.21,0.0,0.0,1.21,0.14,11.76,0.07,5.88
1191,Czech Liga (CZ),838616,Pavel Svatek,P. Svatek,2004-06-26,53.72,10.71,15.26,7,7,0,62.0,8.86,5.0,56.45,1.57,0.14,5.12,1.43,35.0,5.0,3.0,60.0,2.0,1.0,50.0,2.0,15.0,2.14,0.71,1.0,0.43,0.29,0.14,0.14,100.0,33.33,42.86,0.57,1.14,0.14,0.43,0.0,0.0,,2.14,0.14,6.67,3.14,0.71,22.73,0.14,4.55
1191,Czech Liga (CZ),838622,Vladimir  Zeman,V. Zeman,2000-09-13,57.44,14.26,15.1,12,11,1,152.0,13.82,6.64,48.03,2.45,0.45,6.91,1.87,102.0,9.27,4.45,48.04,2.55,1.09,42.86,6.09,54.0,4.91,2.45,3.36,1.45,1.18,0.91,0.18,20.0,50.0,43.24,0.91,0.64,0.82,0.45,0.0,0.0,,2.64,0.55,20.69,4.73,1.18,25.0,1.09,23.08
1191,Czech Liga (CZ),839312,Bruno Unušić,B. Unušić,2002-02-09,47.42,10.6,12.61,11,11,0,172.0,15.64,8.0,51.16,1.36,0.18,6.83,1.97,102.0,9.27,5.18,55.88,0.91,0.36,40.0,8.18,45.0,4.09,1.64,2.36,0.82,1.18,0.91,0.27,30.0,40.0,34.62,0.18,0.91,0.09,0.55,0.64,0.27,42.86,1.27,0.18,14.29,1.82,0.55,30.0,0.09,5.0
1191,Czech Liga (CZ),841132,Štěpán Šebrle,Š. Sebrle,2002-09-04,24.78,4.66,6.87,13,13,0,65.0,5.0,2.69,53.85,0.54,0.0,6.19,1.63,40.0,3.08,1.62,52.5,1.08,0.62,57.14,2.15,20.0,1.54,0.69,1.08,0.23,0.46,0.31,0.0,0.0,45.0,21.43,0.0,0.38,0.08,0.15,0.08,0.0,0.0,1.23,0.23,18.75,1.46,0.31,21.05,0.08,5.26
1191,Czech Liga (CZ),841133,Daniel Kozma,D. Kozma,1995-08-26,72.51,15.68,18.82,23,23,0,529.0,23.0,15.65,68.05,1.35,0.04,4.07,1.35,288.0,12.52,9.87,78.82,0.74,0.39,52.94,10.87,82.0,3.57,2.35,1.7,1.04,0.83,0.43,0.17,40.0,65.85,61.54,0.04,0.87,0.22,0.43,0.35,0.09,25.0,0.87,0.09,10.0,1.52,0.3,20.0,0.26,17.14
1191,Czech Liga (CZ),841134,David  Ludvicek,D. Ludvicek,2001-08-24,43.82,9.09,12.72,15,15,0,156.0,10.4,6.33,60.9,1.0,0.13,4.74,1.46,103.0,6.87,4.53,66.02,0.67,0.13,20.0,5.8,27.0,1.8,1.07,0.87,0.33,0.53,0.27,0.07,25.0,59.26,38.46,0.0,0.4,0.13,0.07,0.0,0.0,,0.8,0.0,0.0,1.13,0.2,17.65,0.0,0.0
1191,Czech Liga (CZ),841135,Jan Peterka,J. Peterka,1990-04-22,83.1,16.8,22.68,12,12,0,380.0,31.67,25.08,79.21,1.33,0.17,4.3,1.4,207.0,17.25,14.75,85.51,0.33,0.08,25.0,14.17,66.0,5.5,4.42,1.33,0.83,0.5,0.17,0.17,100.0,80.3,62.5,0.58,0.83,0.0,0.08,0.17,0.0,0.0,1.33,0.33,25.0,2.25,0.42,18.52,0.08,3.7
1191,Czech Liga (CZ),841139,Filip Matousek,F. Matousek,2001-07-12,82.99,23.77,19.51,26,26,0,928.0,35.69,27.31,76.51,1.42,0.15,4.72,1.52,605.0,23.27,19.08,81.98,0.92,0.54,58.33,21.54,194.0,7.46,5.81,3.85,3.04,1.31,0.62,0.46,75.0,77.83,79.0,0.15,1.46,0.04,0.12,0.46,0.23,50.0,1.5,0.23,15.38,2.12,0.58,27.27,0.04,1.82
1191,Czech Liga (CZ),841140,Filip Špatenka,F. Špatenka,2004-02-22,46.13,11.12,10.71,14,13,1,154.0,11.85,5.08,42.86,1.31,0.0,7.4,1.94,90.0,6.92,3.23,46.67,1.46,0.38,26.32,4.38,46.0,3.54,1.54,2.38,0.92,0.92,0.77,0.23,30.0,43.48,38.71,0.38,1.38,0.31,0.54,0.15,0.0,0.0,2.0,0.38,19.23,3.0,0.77,25.64,0.38,12.82
1191,Czech Liga (CZ),841279,Jiří Panoš,J. Panoš,2007-11-15,31.69,9.05,6.88,11,11,0,108.0,9.82,6.18,62.96,2.36,0.0,6.63,1.84,66.0,6.0,4.27,71.21,0.64,0.27,42.86,4.45,28.0,2.55,1.55,1.73,0.91,0.64,0.45,0.18,40.0,60.71,52.63,0.64,0.82,0.0,0.45,0.09,0.09,100.0,1.09,0.18,16.67,1.64,0.64,38.89,0.36,22.22
1191,Czech Liga (CZ),841396,Jan Koutny,J. Koutny,2004-10-14,96.26,22.37,23.18,31,28,3,647.0,23.11,12.71,55.02,0.18,0.07,4.48,3.05,381.0,13.61,8.29,60.89,0.21,0.04,16.67,12.93,124.0,4.43,2.32,2.18,1.14,0.0,0.0,0.0,,52.42,52.46,0.0,0.0,0.0,0.0,0.0,0.0,,0.36,0.14,40.0,0.71,0.18,25.0,0.0,0.0
1191,Czech Liga (CZ),841514,James  Bello,J. Bello,2005-05-01,16.62,3.2,3.73,2,2,0,14.0,7.0,1.5,21.43,1.5,0.0,12.51,3.03,6.0,3.0,0.5,16.67,1.5,0.0,0.0,2.0,8.0,4.0,0.0,2.5,0.0,0.5,0.5,0.0,0.0,0.0,0.0,0.0,0.0,0.0,0.5,1.0,0.0,0.0,1.5,0.0,0.0,1.5,0.5,33.33,0.0,0.0
1191,Czech Liga (CZ),841758,Adrian Fiala,A. Fiala,2005-05-02,21.25,5.43,6.77,3,3,0,19.0,6.33,4.33,68.42,1.0,0.0,4.57,1.23,13.0,4.33,3.0,69.23,1.33,1.0,75.0,2.0,4.0,1.33,1.0,0.33,0.0,0.0,0.0,0.0,,75.0,0.0,0.0,0.0,0.33,0.33,0.0,0.0,,1.67,0.33,20.0,2.33,0.0,0.0,0.33,14.29
1191,Czech Liga (CZ),842067,Matej Malenšek,M. Malenšek,2005-05-27,25.42,6.24,5.94,15,12,3,99.0,8.25,4.5,54.55,1.0,0.0,5.83,1.61,53.0,4.42,2.75,62.26,0.75,0.5,66.67,3.17,26.0,2.17,1.17,1.0,0.33,0.58,0.25,0.0,0.0,53.85,33.33,0.17,0.67,0.0,0.17,0.17,0.0,0.0,0.92,0.25,27.27,1.58,0.42,26.32,0.33,21.05
1191,Czech Liga (CZ),842068,Rok Štorman,R. Štorman,2004-09-04,61.17,16.42,13.82,27,24,3,551.0,22.96,15.92,69.33,2.96,0.17,5.62,1.55,293.0,12.21,8.96,73.38,1.12,0.5,44.44,9.71,130.0,5.42,3.46,1.92,0.92,1.46,0.83,0.29,35.0,63.85,47.83,0.67,1.79,0.17,0.38,0.12,0.0,0.0,1.33,0.12,9.38,2.12,0.38,17.65,0.46,21.57
1191,Czech Liga (CZ),842594,Filip Šancl,F. Šancl,2005-06-23,43.22,10.05,11.08,22,22,0,369.0,16.77,11.41,68.02,1.55,0.05,5.92,1.68,248.0,11.27,8.09,71.78,1.59,0.73,45.71,9.0,95.0,4.32,2.73,2.41,1.36,0.91,0.68,0.27,40.0,63.16,56.6,0.77,1.09,0.14,0.45,0.27,0.09,33.33,2.0,0.27,13.64,3.05,0.82,26.87,0.55,17.91
1191,Czech Liga (CZ),842599,Adam Jágrik,A. Jágrik,2000-04-12,95.18,21.45,24.38,3,3,0,97.0,32.33,15.33,47.42,1.33,0.0,4.15,3.27,51.0,17.0,8.67,50.98,0.0,0.0,,14.67,11.0,3.67,1.0,2.33,0.33,0.0,0.0,0.0,,27.27,14.28,0.0,0.0,0.0,0.0,0.0,0.0,,0.0,0.0,,0.0,0.0,,0.0,
1191,Czech Liga (CZ),842604,Jan Chytry,J. Chytry,2004-05-13,59.75,15.77,13.32,20,17,3,375.0,22.06,14.88,67.47,2.35,0.0,5.8,1.92,285.0,16.76,11.88,70.88,1.82,0.82,45.16,13.94,105.0,6.18,4.24,3.35,2.24,1.0,0.71,0.35,50.0,68.57,66.67,0.12,1.53,0.29,0.0,0.41,0.24,57.14,2.41,0.18,7.32,3.82,0.88,23.08,0.47,12.31
1191,Czech Liga (CZ),842609,Tomáš  Ulbrich,T. Ulbrich,1998-05-11,31.66,6.2,8.49,29,29,0,258.0,8.9,4.72,53.1,1.14,0.21,5.41,1.62,137.0,4.72,2.66,56.2,1.38,0.59,42.5,3.07,65.0,2.24,1.31,0.93,0.48,0.31,0.21,0.1,50.0,58.46,51.85,0.31,0.69,0.28,0.31,0.07,0.07,100.0,1.79,0.24,13.46,2.45,0.34,14.08,0.48,19.72
1191,Czech Liga (CZ),842610,Ousmane Condé,O. Condé,2004-08-21,33.25,8.36,7.61,23,20,3,203.0,10.15,5.35,52.71,1.6,0.05,9.25,2.39,119.0,5.95,3.05,51.26,1.35,0.35,25.93,3.8,83.0,4.15,2.15,2.7,1.3,1.45,1.1,0.4,36.36,51.81,48.15,0.1,1.25,0.25,0.6,0.2,0.05,25.0,1.7,0.1,5.88,2.7,0.9,33.33,0.35,12.96
1191,Czech Liga (CZ),842642,Radek Ovesny,R. Ovesny,2004-07-15,33.3,4.77,5.28,1,1,0,9.0,9.0,4.0,44.44,2.0,0.0,8.75,2.19,4.0,4.0,2.0,50.0,1.0,0.0,0.0,3.0,2.0,2.0,1.0,2.0,1.0,1.0,1.0,0.0,0.0,50.0,50.0,1.0,1.0,0.0,0.0,0.0,0.0,,1.0,0.0,0.0,3.0,1.0,33.33,1.0,33.33
1191,Czech Liga (CZ),842643,David Látal,D. Látal,2003-01-21,22.73,5.71,4.62,3,3,0,12.0,4.0,2.67,66.67,0.67,0.0,4.42,1.61,8.0,2.67,1.67,62.5,0.67,0.33,50.0,1.33,2.0,0.67,0.33,0.0,0.0,0.0,0.0,0.0,,50.0,,0.33,0.0,0.0,0.0,0.0,0.0,,1.0,0.0,0.0,1.67,0.33,20.0,0.33,20.0
1191,Czech Liga (CZ),842644,Jiri Hrubes,J. Hrubes,2001-02-03,19.22,3.75,3.58,3,3,0,11.0,3.67,1.33,36.36,0.67,0.0,5.11,1.65,5.0,1.67,0.67,40.0,0.33,0.0,0.0,1.67,3.0,1.0,0.67,0.67,0.33,0.0,0.0,0.0,,66.67,50.0,0.0,0.33,0.0,0.33,0.0,0.0,,0.33,0.0,0.0,0.33,0.0,0.0,0.0,0.0
1191,Czech Liga (CZ),842677,Filip Lehky,F. Lehky,2002-06-20,50.78,14.77,11.33,28,28,0,503.0,17.96,10.79,60.04,2.5,0.14,7.15,1.8,332.0,11.86,7.14,60.24,1.82,0.89,49.02,7.21,150.0,5.36,3.25,2.75,1.5,1.39,1.0,0.5,50.0,60.67,54.55,1.39,2.43,0.46,0.46,0.36,0.18,50.0,2.79,0.46,16.67,4.82,0.89,18.52,0.89,18.52
1191,Czech Liga (CZ),842679,Peter Kareem,P. Kareem,2003-08-10,67.22,15.35,17.89,28,28,0,723.0,25.82,15.36,59.47,2.43,0.04,5.65,1.85,428.0,15.29,10.32,67.52,1.25,0.71,57.14,13.86,180.0,6.43,3.96,3.93,2.43,0.96,0.64,0.21,33.33,61.67,61.82,0.14,1.32,0.07,0.43,0.29,0.07,25.0,1.43,0.29,20.0,2.43,0.64,26.47,0.21,8.82
1191,Czech Liga (CZ),842680,Jakub  Hodek,J. Hodek,2001-09-04,23.05,5.01,6.79,16,16,0,58.0,3.62,1.94,53.45,0.81,0.06,6.61,1.65,33.0,2.06,1.12,54.55,0.62,0.31,50.0,1.06,15.0,0.94,0.69,0.38,0.31,0.31,0.19,0.12,66.67,73.33,83.33,0.19,0.44,0.19,0.06,0.0,0.0,,0.88,0.12,14.29,1.31,0.25,19.05,0.31,23.81
1191,Czech Liga (CZ),845073,David Planka,D. Planka,2005-07-28,79.04,19.74,19.51,32,30,2,919.0,30.63,21.8,71.16,3.13,0.23,7.34,2.0,624.0,20.8,15.6,75.0,1.97,0.93,47.46,15.33,278.0,9.27,6.4,5.37,3.57,2.07,1.7,0.9,52.94,69.06,66.46,1.33,1.93,0.3,0.93,0.67,0.4,60.0,3.07,0.8,26.09,4.9,1.07,21.77,0.67,13.61
1191,Czech Liga (CZ),845074,Denny Samko,D. Samko,2000-07-23,75.28,20.85,15.91,32,28,4,606.0,21.64,11.18,51.65,4.32,0.46,6.03,1.48,385.0,13.75,7.32,53.25,2.21,0.79,35.48,9.0,167.0,5.96,3.07,3.5,1.61,1.82,1.25,0.5,40.0,51.5,45.92,1.57,1.21,0.54,0.96,0.32,0.14,44.44,3.54,0.43,12.12,5.68,1.39,24.53,1.46,25.79
1191,Czech Liga (CZ),845865,Miloš Kopečný,M. Kopečný,1993-12-26,90.51,16.86,25.63,30,29,1,748.0,25.79,15.14,58.69,2.28,0.14,5.17,1.5,409.0,14.1,9.17,65.04,1.07,0.52,48.39,12.24,163.0,5.62,3.0,3.1,1.66,1.38,0.83,0.28,33.33,53.37,53.33,0.03,1.69,0.24,0.14,0.55,0.14,25.0,1.31,0.14,10.53,2.52,0.79,31.51,0.34,13.7
1191,Czech Liga (CZ),846546,Daniel Rus,D. Rus,2006-02-02,19.3,5.1,3.9,11,11,0,65.0,5.91,3.09,52.31,1.18,0.09,4.41,1.44,35.0,3.18,1.64,51.43,0.64,0.27,42.86,1.91,11.0,1.0,0.55,0.45,0.36,0.09,0.09,0.09,100.0,54.55,80.0,0.09,0.36,0.27,0.27,0.09,0.0,0.0,1.0,0.09,9.09,1.45,0.27,18.75,0.45,31.25
1191,Czech Liga (CZ),846548,Lukas Penxa,L. Penxa,2004-06-06,57.17,13.02,15.01,16,16,0,302.0,18.88,11.06,58.61,1.62,0.19,5.72,1.45,162.0,10.12,6.5,64.2,1.31,0.56,42.86,7.88,78.0,4.88,2.88,3.0,1.62,1.62,1.25,0.56,45.0,58.98,54.17,0.31,1.44,0.12,0.62,0.25,0.12,50.0,1.75,0.25,14.29,3.06,0.94,30.61,0.44,14.29
1191,Czech Liga (CZ),846552,Petr Hodouš,P. Hodouš,2003-12-19,63.57,13.82,14.28,28,27,1,464.0,17.19,10.63,61.85,2.15,0.3,5.2,1.55,274.0,10.15,6.67,65.69,1.89,0.93,49.02,6.96,106.0,3.93,2.41,2.11,1.26,1.04,0.78,0.41,52.38,61.32,59.65,0.33,1.63,0.52,0.22,0.15,0.04,25.0,2.44,0.33,13.64,3.85,0.85,22.12,0.7,18.27
1191,Czech Liga (CZ),849003,Martin Ambler,M. Ambler,2000-07-08,49.96,11.13,13.41,11,11,0,131.0,11.91,6.82,57.25,0.27,0.0,5.4,1.68,81.0,7.36,4.36,59.26,0.91,0.36,40.0,5.55,29.0,2.64,1.55,1.27,0.91,0.36,0.18,0.09,50.0,58.62,71.43,0.09,0.55,0.0,0.0,0.09,0.09,100.0,1.36,0.18,13.33,2.09,0.45,21.74,0.0,0.0
1191,Czech Liga (CZ),849007,Kryštof  Lichtenberg,K. Lichtenberg,2002-11-30,94.83,22.66,32.46,1,1,0,25.0,25.0,14.0,56.0,0.0,0.0,6.59,3.38,17.0,17.0,10.0,58.82,0.0,0.0,,16.0,8.0,8.0,5.0,1.0,1.0,0.0,0.0,0.0,,62.5,100.0,0.0,0.0,0.0,0.0,0.0,0.0,,0.0,0.0,,0.0,0.0,,0.0,
1191,Czech Liga (CZ),852315,Eric Hunál,E. Hunál,2005-01-21,93.1,19.97,25.04,22,22,0,705.0,32.05,24.59,76.74,0.5,0.0,4.17,1.78,410.0,18.64,16.05,86.1,0.23,0.14,60.0,17.05,107.0,4.86,3.73,2.59,1.95,0.5,0.14,0.09,66.67,76.64,75.44,0.0,0.05,0.0,0.0,0.32,0.14,42.86,0.32,0.05,14.29,0.64,0.23,35.71,0.0,0.0
1191,Czech Liga (CZ),852318,Eliáš Piták,E. Piták,2006-03-28,93.2,19.79,26.29,1,1,0,18.0,18.0,9.0,50.0,1.0,0.0,3.68,1.26,9.0,9.0,7.0,77.78,3.0,1.0,33.33,9.0,2.0,2.0,2.0,1.0,1.0,0.0,0.0,0.0,,100.0,100.0,0.0,2.0,0.0,0.0,0.0,0.0,,3.0,0.0,0.0,4.0,1.0,25.0,1.0,25.0
1191,Czech Liga (CZ),852320,Tobias Boledovič,T. Boledovič,2006-09-16,54.42,10.9,15.6,7,6,1,63.0,10.5,6.67,63.49,0.33,0.0,6.48,1.98,39.0,6.5,4.5,69.23,0.33,0.0,0.0,5.67,18.0,3.0,2.0,1.5,1.17,0.67,0.33,0.17,50.0,66.67,77.78,0.0,0.67,0.0,0.17,0.0,0.0,,0.5,0.0,0.0,0.83,0.0,0.0,0.0,0.0
1191,Czech Liga (CZ),852321,Tomáš Jelínek,T. Jelínek,2005-12-27,58.88,12.55,15.03,12,11,1,223.0,20.27,12.55,61.88,2.55,0.36,4.42,1.23,112.0,10.18,6.55,64.28,0.55,0.18,33.33,6.82,39.0,3.55,2.64,1.55,1.09,0.64,0.55,0.18,33.33,74.36,70.59,0.45,0.82,0.18,0.36,0.18,0.09,50.0,0.91,0.09,10.0,1.73,0.27,15.79,0.27,15.79
1191,Czech Liga (CZ),852331,Tomáš Jedlička,T. Jedlička,2003-07-05,50.88,10.52,13.95,16,16,0,153.0,9.56,5.06,52.94,0.88,0.0,5.33,1.46,91.0,5.69,3.19,56.05,1.5,0.75,50.0,3.19,36.0,2.25,1.31,1.25,0.75,0.88,0.5,0.31,62.5,58.33,60.0,0.12,0.75,0.19,0.19,0.0,0.0,,1.94,0.19,9.68,2.75,0.38,13.64,0.38,13.64
1191,Czech Liga (CZ),852364,Šimon Slončík,Š. Slončík,2007-05-15,8.82,2.57,1.34,1,1,0,4.0,4.0,4.0,100.0,0.0,0.0,5.28,2.33,4.0,4.0,4.0,100.0,0.0,0.0,,3.0,1.0,1.0,1.0,1.0,1.0,0.0,0.0,0.0,,100.0,100.0,0.0,0.0,0.0,0.0,0.0,0.0,,0.0,0.0,,0.0,0.0,,0.0,
1191,Czech Liga (CZ),852369,Soliu Afolabi,S. Afolabi,2005-08-08,51.27,11.72,11.14,31,30,1,438.0,14.6,6.97,47.72,2.73,0.33,8.14,2.16,247.0,8.23,3.97,48.18,1.33,0.43,32.5,5.47,152.0,5.07,2.23,3.6,1.57,1.27,1.07,0.33,31.25,44.08,43.52,0.3,0.83,0.23,0.83,0.27,0.1,37.5,1.67,0.13,8.0,3.27,0.97,29.59,0.7,21.43
1191,Czech Liga (CZ),852377,Lukáš Branecký,L. Branecký,2006-04-12,24.64,5.12,5.97,11,11,0,52.0,4.73,1.91,40.38,0.09,0.0,7.15,1.79,20.0,1.82,0.82,45.0,0.64,0.27,42.86,1.09,14.0,1.27,0.36,0.91,0.27,0.45,0.36,0.0,0.0,28.57,30.0,0.36,0.27,0.0,0.18,0.0,0.0,,0.64,0.0,0.0,0.91,0.36,40.0,0.0,0.0
1191,Czech Liga (CZ),852378,Elmedin  Rama,E. Rama,2005-03-25,11.32,1.44,2.42,2,2,0,2.0,1.0,0.5,50.0,0.0,0.0,0.0,0.0,2.0,1.0,0.5,50.0,0.0,0.0,,0.0,0.0,0.0,0.0,0.0,0.0,0.0,0.0,0.0,,,,0.0,0.0,0.0,0.0,0.0,0.0,,0.0,0.0,,0.5,0.0,0.0,0.0,0.0
1191,Czech Liga (CZ),865088,Simon Bammens,S. Bammens,1998-05-16,80.51,17.17,21.76,29,28,1,835.0,29.82,22.21,74.49,1.07,0.11,4.61,1.54,440.0,15.71,13.43,85.45,0.25,0.14,57.14,13.93,168.0,6.0,4.82,2.57,2.07,0.82,0.18,0.14,80.0,80.36,80.56,0.07,0.43,0.04,0.07,0.18,0.11,60.0,0.36,0.0,0.0,0.93,0.18,19.23,0.07,7.69
1191,Czech Liga (CZ),904348,Jakub Pira,J. Pira,2007-11-24,42.9,11.38,9.74,26,25,1,206.0,8.24,3.8,46.12,1.32,0.04,5.22,1.46,127.0,5.08,2.28,44.88,1.6,0.52,32.5,1.52,44.0,1.76,0.92,0.88,0.44,0.36,0.24,0.04,16.66,52.27,50.0,0.6,0.72,0.72,0.16,0.0,0.0,,2.16,0.44,20.37,3.44,0.52,15.12,0.52,15.12
1191,Czech Liga (CZ),905870,Jan Kolar,J. Kolar,1999-01-08,95.36,15.29,32.04,1,1,0,18.0,18.0,12.0,66.67,0.0,0.0,2.2,0.91,8.0,8.0,7.0,87.5,0.0,0.0,,7.0,1.0,1.0,1.0,0.0,0.0,1.0,0.0,0.0,,100.0,,0.0,0.0,0.0,0.0,0.0,0.0,,0.0,0.0,,0.0,0.0,,0.0,
1191,Czech Liga (CZ),926439,Ondřej  Penxa,O. Penxa,2007-03-23,19.58,4.68,5.27,1,1,0,6.0,6.0,2.0,33.33,0.0,0.0,11.1,2.52,4.0,4.0,2.0,50.0,1.0,1.0,100.0,4.0,3.0,3.0,1.0,2.0,1.0,0.0,0.0,0.0,,33.33,50.0,0.0,1.0,0.0,0.0,2.0,1.0,50.0,1.0,0.0,0.0,2.0,1.0,50.0,0.0,0.0
1191,Czech Liga (CZ),926440,Roman Horák,R. Horák,2005-02-25,55.65,13.77,14.09,11,11,0,243.0,22.09,14.64,66.26,1.73,0.36,5.56,1.62,158.0,14.36,10.18,70.89,1.27,0.64,50.0,8.91,57.0,5.18,3.73,2.36,1.55,1.18,0.64,0.36,57.14,71.93,65.38,1.09,0.27,0.09,0.09,0.09,0.0,0.0,2.27,0.36,16.0,4.0,1.27,31.82,0.45,11.36
1191,Czech Liga (CZ),926589,Daniel Danihel,D. Danihel,2005-08-01,67.85,13.73,19.43,9,8,1,145.0,18.12,11.88,65.52,1.5,0.12,5.11,1.59,83.0,10.38,8.0,77.11,1.0,0.62,62.5,9.25,28.0,3.5,2.62,1.5,1.25,0.62,0.25,0.25,100.0,75.0,83.33,0.12,0.62,0.12,0.12,0.5,0.12,25.0,1.5,0.38,25.0,1.88,0.38,20.0,0.25,13.33
1191,Czech Liga (CZ),927907,Youssoupha Sanyang,Y. Sanyang,2005-08-31,53.97,12.53,10.73,13,13,0,264.0,20.31,11.69,57.58,1.69,0.08,5.65,1.55,153.0,11.77,7.08,60.13,1.31,0.46,35.29,9.38,64.0,4.92,2.85,2.62,1.0,1.38,0.85,0.08,9.09,57.81,38.23,0.15,1.85,0.15,0.31,0.0,0.0,,1.77,0.38,21.74,3.08,1.08,35.0,0.31,10.0
1191,Czech Liga (CZ),959106,Lewis Azaka,L. Azaka,2009-02-12,2.03,0.0,0.16,1,1,0,0.0,0.0,0.0,,0.0,0.0,,,0.0,0.0,0.0,,0.0,0.0,,0.0,0.0,0.0,0.0,0.0,0.0,0.0,0.0,0.0,,,,0.0,0.0,0.0,0.0,0.0,0.0,,0.0,0.0,,0.0,0.0,,0.0,
1191,Czech Liga (CZ),959154,Lukáš Moudrý,L. Moudrý,2007-01-19,17.33,4.16,3.28,1,1,0,5.0,5.0,2.0,40.0,0.0,0.0,9.1,2.24,3.0,3.0,1.0,33.33,0.0,0.0,,0.0,2.0,2.0,1.0,2.0,1.0,1.0,1.0,1.0,100.0,50.0,50.0,0.0,0.0,0.0,0.0,0.0,0.0,,0.0,0.0,,3.0,0.0,0.0,0.0,0.0
1191,Czech Liga (CZ),961346,Jakub Kolísek,J. Kolísek,2007-08-14,44.07,12.63,9.36,2,2,0,23.0,11.5,7.0,60.87,2.0,0.5,6.55,1.73,12.0,6.0,3.0,50.0,0.5,0.5,100.0,2.5,9.0,4.5,3.5,1.0,0.0,0.5,0.5,0.0,0.0,77.78,0.0,0.0,0.0,0.5,0.0,0.0,0.0,,1.0,0.5,50.0,3.0,1.0,33.33,0.0,0.0
1191,Czech Liga (CZ),969829,Dominik Mašek,D. Masek,2002-08-01,76.06,13.12,25.3,3,3,0,56.0,18.67,8.33,44.64,0.0,0.0,4.81,1.39,25.0,8.33,5.0,60.0,0.33,0.0,0.0,8.0,13.0,4.33,2.0,2.67,1.33,1.0,1.0,0.33,33.33,46.15,50.0,0.0,1.0,0.0,0.0,0.67,0.67,100.0,0.33,0.0,0.0,0.67,0.0,0.0,0.0,0.0
1191,Czech Liga (CZ),970599,Šimon Černý,Š. Černý,2006-07-23,14.45,3.06,3.38,7,7,0,25.0,3.57,1.86,52.0,0.43,0.0,3.42,1.35,13.0,1.86,0.86,46.15,0.57,0.29,50.0,1.57,1.0,0.14,0.0,0.14,0.0,0.0,0.0,0.0,,0.0,0.0,0.0,0.14,0.0,0.0,0.0,0.0,,0.71,0.43,60.0,1.0,0.14,14.29,0.0,0.0
1191,Czech Liga (CZ),977102,Mathews Banda,M. Banda,2005-08-06,15.56,4.85,1.63,1,1,0,3.0,3.0,1.0,33.33,0.0,0.0,7.78,1.27,1.0,1.0,0.0,0.0,0.0,0.0,,1.0,1.0,1.0,0.0,1.0,0.0,1.0,1.0,0.0,0.0,0.0,0.0,0.0,0.0,0.0,0.0,0.0,0.0,,0.0,0.0,,0.0,0.0,,0.0,
1191,Czech Liga (CZ),978891,David Kozel,D. Kozel,2001-11-28,69.03,20.07,17.27,18,18,0,619.0,34.39,25.06,72.86,2.67,0.39,6.04,1.8,424.0,23.56,18.17,77.12,1.61,0.83,51.72,17.5,157.0,8.72,6.44,3.83,2.83,1.72,1.28,0.72,56.52,73.88,73.91,1.61,2.56,0.28,1.0,0.61,0.33,54.55,3.44,0.44,12.9,5.78,1.11,19.23,0.78,13.46
1191,Czech Liga (CZ),979085,Mouhamed Tidjane Traore,M. Tidjane,2003-03-21,87.41,19.03,23.13,14,14,0,469.0,33.5,25.5,76.12,1.0,0.0,5.52,2.03,270.0,19.29,15.86,82.22,0.21,0.14,66.67,18.07,107.0,7.64,5.36,3.93,2.86,0.93,0.29,0.21,75.0,70.1,72.73,0.0,0.07,0.0,0.0,1.21,0.79,64.71,0.43,0.0,0.0,0.5,0.07,14.28,0.0,0.0
1191,Czech Liga (CZ),979090,Adonija Ouanda,A. Ouanda,2005-04-30,72.45,19.26,16.39,15,15,0,309.0,20.6,10.4,50.49,4.33,0.4,8.06,2.04,206.0,13.73,6.73,49.03,3.2,1.13,35.42,6.73,99.0,6.6,2.8,4.0,1.4,2.2,1.87,0.67,35.71,42.42,35.0,0.33,1.47,1.27,1.13,0.2,0.07,33.33,4.33,0.67,15.38,7.27,1.67,22.94,1.53,21.1
1191,Czech Liga (CZ),987739,Emmanuel Favor Fully,E. Favor Fully,2006-03-20,53.04,13.35,12.58,11,11,0,237.0,21.55,17.18,79.75,1.27,0.09,4.92,1.59,150.0,13.64,11.82,86.67,0.45,0.27,60.0,12.27,51.0,4.64,3.82,2.18,1.64,0.64,0.27,0.18,66.67,82.35,75.0,0.18,0.45,0.0,0.18,0.18,0.09,50.0,0.64,0.0,0.0,0.82,0.09,11.11,0.18,22.22
1191,Czech Liga (CZ),988547,Radek Büchner,R. Büchner,2007-01-03,4.0,1.4,0.88,1,1,0,2.0,2.0,1.0,50.0,0.0,0.0,0.98,1.0,2.0,2.0,1.0,50.0,0.0,0.0,,2.0,0.0,0.0,0.0,0.0,0.0,0.0,0.0,0.0,,,,0.0,0.0,0.0,0.0,0.0,0.0,,0.0,0.0,,0.0,0.0,,0.0,
1191,Czech Liga (CZ),988555,Zbyněk Paidar,Z. Paidar,2006-10-26,4.0,1.4,0.88,1,1,0,3.0,3.0,2.0,66.67,0.0,0.0,0.86,0.7,2.0,2.0,1.0,50.0,0.0,0.0,,1.0,0.0,0.0,0.0,0.0,0.0,0.0,0.0,0.0,,,,0.0,0.0,0.0,0.0,0.0,0.0,,0.0,0.0,,0.0,0.0,,0.0,
1191,Czech Liga (CZ),988568,Jakub  Chalupa ,J. Chalupa,2006-01-14,29.18,9.95,4.31,1,1,0,28.0,28.0,19.0,67.86,1.0,0.0,5.24,1.81,19.0,19.0,15.0,78.95,1.0,0.0,0.0,16.0,7.0,7.0,3.0,2.0,2.0,0.0,0.0,0.0,,42.86,100.0,0.0,0.0,0.0,0.0,0.0,0.0,,1.0,0.0,0.0,2.0,0.0,0.0,0.0,0.0
1191,Czech Liga (CZ),989147,Matej Riznič,M. Riznič,2004-06-04,80.28,16.45,22.51,30,28,2,800.0,28.57,16.61,58.12,1.71,0.11,5.61,1.62,445.0,15.89,10.21,64.27,1.25,0.43,34.29,13.61,185.0,6.61,3.75,4.07,2.14,2.14,1.5,0.75,50.0,56.76,52.63,0.04,1.61,0.14,0.36,0.5,0.14,28.57,1.54,0.25,16.28,2.64,0.86,32.43,0.21,8.11
1191,Czech Liga (CZ),992860,Abdullahi Ibrahim Bewene,A. Bewene,2004-11-29,77.0,19.61,18.31,23,22,1,695.0,31.59,20.77,65.76,2.32,0.05,6.39,1.83,419.0,19.05,13.27,69.69,1.14,0.64,56.0,17.05,174.0,7.91,4.5,4.86,2.41,2.55,1.59,0.45,28.57,56.9,49.53,0.18,1.0,0.32,0.77,0.64,0.36,57.14,1.82,0.5,27.5,2.91,0.73,25.0,0.23,7.81
1191,Czech Liga (CZ),998150,Hugo Sochurek,H. Sochurek,2008-06-07,63.63,23.15,11.63,8,7,1,215.0,30.71,25.57,83.25,1.86,0.29,7.92,2.12,155.0,22.14,19.0,85.81,1.29,1.0,77.78,16.71,85.0,12.14,10.0,4.86,3.71,1.14,0.57,0.57,100.0,82.35,76.47,2.43,2.86,0.14,1.29,0.57,0.43,75.0,2.29,1.0,43.75,4.0,1.57,39.28,0.43,10.71
1191,Czech Liga (CZ),998157,Vit Škrkoň,Vit Škrkoň,2008-04-09,17.48,4.33,3.35,2,2,0,11.0,5.5,1.0,18.18,2.0,0.0,14.0,3.86,6.0,3.0,1.0,33.33,1.5,0.5,33.33,1.5,7.0,3.5,0.5,3.0,0.5,0.5,0.5,0.0,0.0,14.29,16.67,0.5,0.5,0.0,2.0,0.5,0.0,0.0,1.5,0.5,33.33,2.0,1.0,50.0,0.0,0.0
1191,Czech Liga (CZ),998913,Velasquez Diego,V. Diego,2006-08-04,42.23,9.74,11.4,17,17,0,278.0,16.35,11.06,67.63,1.47,0.12,6.39,1.84,156.0,9.18,6.53,71.16,0.65,0.24,36.36,6.59,81.0,4.76,3.18,2.24,1.53,0.47,0.41,0.35,85.71,66.67,68.42,0.29,1.35,0.18,0.18,0.35,0.18,50.0,1.35,0.12,8.7,2.0,0.29,14.71,0.18,8.82
1191,Czech Liga (CZ),999140,Matej Kvaček,M. Kvaček,2007-05-22,7.46,2.1,1.32,2,2,0,3.0,1.5,0.0,0.0,0.5,0.0,2.85,0.93,2.0,1.0,0.0,0.0,0.0,0.0,,0.0,1.0,0.5,0.0,0.0,0.0,0.0,0.0,0.0,,0.0,,0.0,0.0,0.0,0.0,0.0,0.0,,0.0,0.0,,1.0,0.0,0.0,0.0,0.0
1191,Czech Liga (CZ),999146,Josef Kolářík,J. Kolářík,2007-01-16,47.92,13.93,10.67,27,27,0,531.0,19.67,11.81,60.07,2.85,0.48,7.93,2.15,377.0,13.96,9.07,64.99,2.52,1.41,55.88,10.19,201.0,7.44,4.26,4.04,2.07,1.19,0.7,0.26,36.84,57.21,51.38,0.44,1.37,0.37,1.74,0.56,0.19,33.33,3.56,0.7,19.79,4.96,0.81,16.42,0.74,14.93
1191,Czech Liga (CZ),1001678,Dan Kohout ,D. Kohout,2006-08-14,20.12,4.09,5.67,2,2,0,9.0,4.5,1.0,22.22,1.0,0.5,5.84,1.24,6.0,3.0,1.0,33.33,0.5,0.0,0.0,1.0,2.0,1.0,0.0,0.5,0.0,0.5,0.5,0.0,0.0,0.0,0.0,0.5,0.0,0.0,0.0,0.0,0.0,,0.5,0.0,0.0,1.5,0.0,0.0,0.0,0.0
1191,Czech Liga (CZ),1001707,Marek Havran,M. Havran,2006-10-07,46.57,12.86,11.41,14,13,1,170.0,13.08,6.38,48.82,2.08,0.0,10.69,2.73,123.0,9.46,4.54,47.97,2.23,0.62,27.59,6.46,73.0,5.62,2.62,3.15,1.38,1.38,1.23,0.31,25.0,46.57,43.9,0.38,0.77,0.38,1.15,0.31,0.15,50.0,2.69,0.38,14.29,4.62,1.38,30.0,0.77,16.67
1191,Czech Liga (CZ),1001820,Jan Harustak,J. Harustak,2005-04-16,86.02,29.14,20.34,2,2,0,116.0,58.0,48.5,83.62,3.0,0.5,4.32,1.57,82.0,41.0,37.0,90.24,0.0,0.0,,39.5,20.0,10.0,7.5,2.5,2.0,1.5,0.0,0.0,,75.0,80.0,0.5,1.0,0.0,0.0,0.0,0.0,,1.0,0.5,50.0,1.5,0.0,0.0,0.0,0.0
1191,Czech Liga (CZ),1001821,Stanislav Petruta,S. Petruta,2005-10-16,56.58,10.69,15.38,20,19,1,303.0,15.95,9.68,60.73,1.68,0.21,7.5,1.91,155.0,8.16,5.21,63.87,1.0,0.42,42.11,5.32,93.0,4.89,2.63,2.79,1.26,1.16,0.84,0.32,37.5,53.76,45.28,0.37,0.89,0.16,0.63,0.16,0.05,33.33,1.68,0.37,21.88,3.0,0.47,15.79,0.47,15.79
1191,Czech Liga (CZ),1002146,Hamidou Kante,H. Kante,2004-12-18,46.23,9.69,11.29,5,5,0,82.0,16.4,8.6,52.44,1.2,0.2,5.01,1.71,48.0,9.6,5.2,54.17,0.6,0.2,33.33,8.2,19.0,3.8,2.0,1.4,0.8,0.2,0.2,0.2,100.0,52.63,57.14,0.0,0.4,0.0,0.2,0.8,0.2,25.0,0.8,0.2,25.0,1.4,0.6,42.86,0.0,0.0
1191,Czech Liga (CZ),1002286,Toumani Diakite,T. Diakite,2006-01-19,82.48,17.53,19.59,21,20,1,527.0,26.35,16.35,62.05,2.9,0.15,4.0,1.26,267.0,13.35,9.5,71.16,0.85,0.4,47.06,9.9,83.0,4.15,2.35,1.8,0.9,0.8,0.5,0.25,50.0,56.63,50.0,0.75,0.2,0.15,0.35,0.15,0.05,33.33,1.25,0.3,24.0,2.55,0.45,17.65,0.45,17.65
1191,Czech Liga (CZ),1002465,Samuel Isife,S. Isife,2004-07-13,71.44,15.21,17.34,30,29,1,638.0,22.0,11.1,50.47,2.14,0.1,6.56,1.82,378.0,13.03,7.38,56.61,1.14,0.34,30.3,11.28,175.0,6.03,2.48,3.66,1.34,1.55,1.07,0.31,29.03,41.14,36.79,0.07,1.52,0.24,1.14,0.55,0.07,12.5,1.66,0.34,20.83,3.45,0.9,26.0,0.34,10.0
1191,Czech Liga (CZ),1005802,Tomáš  Hellebrand ,T. Hellebrand,2007-08-31,31.35,6.5,8.11,10,10,0,105.0,10.5,7.8,74.29,1.2,0.1,6.84,1.89,56.0,5.6,4.5,80.36,0.2,0.1,50.0,4.8,32.0,3.2,1.8,1.3,0.8,0.4,0.3,0.2,66.67,56.25,61.54,0.5,0.8,0.0,0.1,0.2,0.0,0.0,0.7,0.1,14.29,1.4,0.2,14.29,0.0,0.0
1191,Czech Liga (CZ),1008473,Kamal Abdullahi,K. Abdullahi,2007-01-16,19.2,2.82,2.88,1,1,0,6.0,6.0,4.0,66.67,0.0,0.0,7.02,1.98,3.0,3.0,2.0,66.67,0.0,0.0,,3.0,1.0,1.0,0.0,1.0,0.0,0.0,0.0,0.0,,0.0,0.0,0.0,0.0,0.0,0.0,0.0,0.0,,1.0,0.0,0.0,2.0,1.0,50.0,0.0,0.0
1191,Czech Liga (CZ),1008906,John Auta,J. Auta,2006-04-28,57.82,11.93,15.69,26,24,2,355.0,14.79,7.08,47.89,2.04,0.38,8.3,2.14,199.0,8.29,4.33,52.26,2.04,0.71,34.69,4.75,119.0,4.96,2.08,3.46,1.46,1.5,1.42,0.5,35.29,42.02,42.17,0.33,1.5,0.33,0.79,0.12,0.04,33.33,2.54,0.17,6.56,3.79,1.0,26.37,0.33,8.79
1191,Czech Liga (CZ),1008918,Jan Zíka,J. Zíka,2006-02-02,60.03,15.83,15.0,23,23,0,636.0,27.65,20.91,75.63,1.91,0.13,5.25,1.47,443.0,19.26,15.3,79.46,1.26,0.61,48.28,15.39,139.0,6.04,4.52,2.65,2.04,0.83,0.48,0.26,54.55,74.82,77.05,1.3,1.13,0.22,0.52,0.26,0.09,33.33,2.04,0.13,6.38,3.26,0.78,24.0,0.48,14.67
1191,Czech Liga (CZ),1009080,Faycal Konate,F. Konate,2006-08-15,19.66,4.67,4.04,3,2,1,7.0,3.5,1.5,42.86,0.0,0.0,9.81,2.23,4.0,2.0,1.0,50.0,1.5,1.0,66.67,0.0,2.0,1.0,0.5,1.0,0.5,1.0,1.0,0.5,50.0,50.0,50.0,0.0,0.0,0.0,0.0,0.0,0.0,,1.5,0.0,0.0,1.5,1.0,66.67,0.0,0.0
1191,Czech Liga (CZ),1013441,Mohamed Bennour,M. Bennour,,42.73,10.36,9.6,5,5,0,53.0,10.6,4.8,45.28,1.8,0.0,6.66,1.81,33.0,6.6,3.0,45.45,2.6,1.4,53.84,2.4,16.0,3.2,1.2,2.4,1.0,1.6,1.6,0.6,37.5,37.5,41.67,0.4,0.6,0.4,0.4,0.0,0.0,,2.8,0.4,14.28,4.4,1.2,27.27,0.6,13.64
1191,Czech Liga (CZ),1018016,Mohamed Toure,M. Toure,2005-11-03,64.97,19.13,14.28,11,11,0,239.0,21.73,12.64,58.16,3.91,0.27,7.14,1.79,160.0,14.55,8.36,57.5,2.91,0.91,31.25,9.18,73.0,6.64,3.36,2.73,1.09,1.73,1.27,0.36,28.57,50.69,40.0,0.55,1.36,0.45,0.73,0.55,0.27,50.0,3.64,0.36,10.0,5.82,0.82,14.06,1.55,26.56
1191,Czech Liga (CZ),1018347,Oliver Mikuda,O. Mikuda,2005-06-01,16.77,3.15,4.16,4,3,1,14.0,4.67,1.67,35.71,0.67,0.0,4.56,1.57,6.0,2.0,1.0,50.0,0.0,0.0,,1.33,3.0,1.0,0.33,0.33,0.33,0.0,0.0,0.0,,33.33,100.0,0.0,0.33,0.0,0.0,0.0,0.0,,0.67,0.33,50.0,1.0,0.0,0.0,0.0,0.0
1191,Czech Liga (CZ),1018348,Jacques Fokam Sandeu ,J. Sandeu,2001-10-16,32.9,6.49,8.93,12,12,0,86.0,7.17,3.67,51.16,0.75,0.17,8.42,2.2,44.0,3.67,1.92,52.27,1.0,0.58,58.33,1.92,29.0,2.42,1.33,1.42,0.58,0.58,0.58,0.25,42.86,55.17,41.18,0.42,0.58,0.17,0.17,0.17,0.0,0.0,1.17,0.17,14.28,2.0,0.58,29.17,0.33,16.67
1191,Czech Liga (CZ),1018354,Michal Cupák,M. Cupák,1998-09-26,88.54,16.98,24.32,34,33,1,739.0,22.39,13.09,58.46,2.45,0.39,4.76,1.33,378.0,11.45,6.85,59.79,1.39,0.52,36.96,7.55,148.0,4.48,2.94,2.06,1.27,1.09,0.7,0.24,34.78,65.54,61.76,0.82,1.58,0.24,0.27,0.09,0.09,100.0,2.06,0.15,7.35,3.91,0.67,17.05,0.61,15.5
1191,Czech Liga (CZ),1018367,Petr Mirvald,P. Mirvald,2002-10-16,10.39,2.6,1.57,4,3,1,6.0,2.0,1.33,66.67,0.33,0.0,4.36,0.88,4.0,1.33,1.0,75.0,1.0,1.0,100.0,0.33,2.0,0.67,0.0,0.67,0.0,0.33,0.33,0.0,0.0,0.0,0.0,0.33,0.0,0.33,0.0,0.0,0.0,,1.0,0.0,0.0,1.33,0.67,50.0,0.33,25.0
1191,Czech Liga (CZ),1018419,Daniel Barát,D. Barát,2006-08-16,31.3,7.5,8.34,19,19,0,177.0,9.32,4.37,46.89,1.53,0.0,7.51,1.91,105.0,5.53,2.42,43.81,0.63,0.32,50.0,3.58,54.0,2.84,1.11,2.05,0.79,0.89,0.68,0.16,23.08,38.89,38.46,0.37,0.42,0.21,0.79,0.26,0.16,60.0,1.11,0.16,14.29,2.11,0.68,32.5,0.37,17.5
1191,Czech Liga (CZ),1018497,Youssoupha Mbodji,Y. Mbodji,2004-01-09,44.44,10.97,7.16,10,9,1,142.0,15.78,10.33,65.49,1.44,0.0,4.76,1.46,90.0,10.0,7.0,70.0,0.56,0.11,20.0,9.56,25.0,2.78,1.67,1.67,0.78,0.89,0.67,0.22,33.33,60.0,46.67,0.11,1.0,0.11,0.11,0.11,0.11,100.0,0.56,0.0,0.0,0.89,0.33,37.5,0.0,0.0
1191,Czech Liga (CZ),1019191,Emmanuel Godwin,E. Godwin,2005-06-12,68.01,16.39,16.65,11,11,0,269.0,24.45,14.91,60.97,2.45,0.18,6.4,1.87,165.0,15.0,9.73,64.85,1.73,0.91,52.63,11.91,72.0,6.55,3.91,3.73,1.82,1.82,1.64,0.82,50.0,59.72,48.78,0.0,1.45,0.27,0.82,0.09,0.0,0.0,2.45,0.73,29.63,4.0,0.73,18.18,0.55,13.64
1191,Czech Liga (CZ),1019217,Gibril Sosseh,G. Sosseh,2007-02-04,35.98,9.13,8.62,8,7,1,100.0,14.29,10.71,75.0,1.57,0.0,4.86,1.73,56.0,8.0,6.86,85.72,0.57,0.57,100.0,6.71,22.0,3.14,2.29,1.14,0.86,0.29,0.14,0.14,100.0,72.73,75.0,0.29,1.14,0.0,0.14,0.0,0.0,,1.14,0.29,25.0,2.14,0.14,6.67,0.14,6.67
1191,Czech Liga (CZ),1019253,Seif  Ali Hindi,S. Ali Hindi,2005-04-26,20.07,4.57,5.3,3,3,0,17.0,5.67,3.0,52.94,0.67,0.0,6.72,2.07,11.0,3.67,1.67,45.46,0.67,0.0,0.0,2.33,6.0,2.0,0.67,1.33,0.33,0.0,0.0,0.0,,33.33,25.0,0.0,0.33,0.33,0.33,0.0,0.0,,0.67,0.0,0.0,1.33,1.0,75.0,0.33,25.0
1191,Czech Liga (CZ),1020903,Yahaya Danjuma Lawali,Y. Lawali,2006-06-05,55.4,15.98,11.33,6,5,1,124.0,24.8,14.6,58.87,3.6,0.4,7.76,2.01,90.0,18.0,10.4,57.78,3.2,1.0,31.25,13.0,40.0,8.0,4.2,4.6,2.0,2.6,2.2,1.2,54.55,52.5,43.48,0.4,2.6,0.6,1.4,0.8,0.4,50.0,3.4,0.2,5.88,6.2,2.0,32.26,1.0,16.13
1191,Czech Liga (CZ),1028119,Mubarak  Emmanuel Suleiman,M. Emmanuel Suleiman,2007-04-13,42.76,11.01,8.11,8,8,0,136.0,17.0,8.38,49.27,2.88,0.38,6.6,1.78,75.0,9.38,5.12,54.67,1.62,0.75,46.15,5.25,42.0,5.25,2.62,3.12,1.12,1.0,0.75,0.25,33.33,50.0,36.0,0.12,1.88,0.38,0.25,0.5,0.0,0.0,2.62,0.62,23.81,4.0,0.88,21.87,0.5,12.5
1191,Czech Liga (CZ),1028953,Vit Valošek,V. Valošek,2007-01-01,16.18,3.44,3.26,3,3,0,19.0,6.33,4.33,68.42,0.67,0.0,4.79,1.48,16.0,5.33,4.0,75.0,0.0,0.0,,4.33,5.0,1.67,1.0,0.67,0.0,0.0,0.0,0.0,,60.0,0.0,0.0,0.0,0.0,0.0,0.0,0.0,,0.33,0.0,0.0,1.0,0.0,0.0,0.0,0.0
1191,Czech Liga (CZ),1029636,Michal Kroupa,M. Kroupa,2007-01-15,41.23,9.96,10.54,9,9,0,70.0,7.78,2.89,37.14,1.44,0.33,3.87,1.15,42.0,4.67,2.0,42.86,1.33,0.44,33.33,2.11,9.0,1.0,0.33,0.67,0.22,0.33,0.22,0.0,0.0,33.33,33.33,0.11,0.33,0.33,0.33,0.0,0.0,,1.78,0.0,0.0,2.44,0.11,4.55,0.33,13.64
1191,Czech Liga (CZ),1030799,Ousman Ceesay,O. Ceesay,2005-07-08,11.45,1.2,3.12,2,2,0,2.0,1.0,0.5,50.0,0.0,0.0,15.43,3.25,1.0,0.5,0.5,100.0,0.0,0.0,,0.0,2.0,1.0,0.5,0.5,0.5,0.0,0.0,0.0,,50.0,100.0,0.0,0.0,0.0,0.0,0.0,0.0,,0.0,0.0,,0.5,0.5,100.0,0.0,0.0
1191,Czech Liga (CZ),1031160,Šimon Drozd,Š. Drozd,2007-05-16,15.98,3.98,0.9,1,1,0,0.0,0.0,0.0,,0.0,0.0,,,0.0,0.0,0.0,,0.0,0.0,,0.0,0.0,0.0,0.0,0.0,0.0,0.0,0.0,0.0,,,,0.0,0.0,0.0,0.0,0.0,0.0,,0.0,0.0,,0.0,0.0,,0.0,
1191,Czech Liga (CZ),1032358,Denis  Pomahač,D. Pomahač,2004-01-13,103.25,17.57,31.76,1,1,0,24.0,24.0,12.0,50.0,5.0,1.0,9.19,2.69,13.0,13.0,7.0,53.85,0.0,0.0,,12.0,12.0,12.0,5.0,7.0,3.0,2.0,1.0,0.0,0.0,41.67,42.86,0.0,1.0,0.0,3.0,1.0,0.0,0.0,0.0,0.0,,1.0,0.0,0.0,0.0,0.0
1191,Czech Liga (CZ),1034659,Samuel Victor Elem,S. Elem,2006-06-29,24.16,4.53,6.93,9,8,1,58.0,7.25,3.25,44.83,2.0,0.38,8.27,1.85,35.0,4.38,1.62,37.14,1.12,0.38,33.33,1.88,19.0,2.38,0.5,1.38,0.12,1.0,1.0,0.12,12.5,21.05,9.09,0.38,0.75,0.38,1.0,0.0,0.0,,1.12,0.0,0.0,2.5,0.62,25.0,1.12,45.0
1191,Czech Liga (CZ),1035551,Jásir Núr,J. Núr,,66.8,15.99,15.63,1,1,0,13.0,13.0,10.0,76.92,1.0,1.0,3.41,1.03,8.0,8.0,6.0,75.0,0.0,0.0,,3.0,2.0,2.0,1.0,2.0,1.0,2.0,2.0,1.0,50.0,50.0,50.0,1.0,1.0,0.0,0.0,0.0,0.0,,2.0,0.0,0.0,5.0,2.0,40.0,2.0,40.0
1191,Czech Liga (CZ),1044193,Adam Binar,A. Binar,2006-03-22,22.57,4.15,9.0,6,6,0,24.0,4.0,1.67,41.67,0.33,0.0,7.32,1.64,14.0,2.33,1.17,50.0,0.67,0.0,0.0,1.67,7.0,1.17,0.5,0.5,0.17,0.33,0.17,0.0,0.0,42.86,33.33,0.17,0.5,0.0,0.33,0.0,0.0,,0.67,0.17,25.0,1.17,0.33,28.57,0.0,0.0
1191,Czech Liga (CZ),1044291,Paul Chiemela Ndubuisi,P. Ndubuisi,2005-10-26,36.16,9.63,7.72,8,8,0,78.0,9.75,5.75,58.98,1.25,0.38,5.17,1.47,43.0,5.38,3.62,67.44,0.75,0.5,66.67,3.75,16.0,2.0,0.88,1.0,0.38,0.5,0.5,0.12,25.0,43.75,37.5,0.12,0.38,0.38,0.25,0.0,0.0,,1.0,0.38,37.5,1.38,0.12,9.09,0.5,36.36
1191,Czech Liga (CZ),1047822,Yusuf Adil Mohamed,Y. Adil Mohamed,,31.72,5.44,8.02,3,3,0,23.0,7.67,4.33,56.52,0.67,0.0,7.65,2.62,14.0,4.67,3.0,64.28,1.0,0.67,66.67,2.0,7.0,2.33,1.33,0.67,0.67,0.0,0.0,0.0,,57.14,100.0,0.33,0.33,0.0,0.67,0.33,0.33,100.0,1.33,0.33,25.0,2.33,0.33,14.28,0.33,14.29
1191,Czech Liga (CZ),1058843,Filip Podhorny,F. Podhorny,2005-01-03,26.35,4.22,8.82,1,1,0,4.0,4.0,1.0,25.0,0.0,0.0,6.64,1.52,2.0,2.0,0.0,0.0,1.0,0.0,0.0,1.0,2.0,2.0,1.0,1.0,1.0,0.0,0.0,0.0,,50.0,100.0,0.0,0.0,0.0,0.0,0.0,0.0,,1.0,0.0,0.0,2.0,0.0,0.0,0.0,0.0
1191,Czech Liga (CZ),1059892,Jakub Tichý,J. Tichý,,,,,1,0,1,,,,,,,,,,,,,,,,,,,,,,,,,,,,,,,,,,,,,,,,,,
1191,Czech Liga (CZ),1064752,Lukas Hruska,L. Hruska,2004-02-28,0.46,0.07,0.09,1,1,0,0.0,0.0,0.0,,0.0,0.0,,,0.0,0.0,0.0,,0.0,0.0,,0.0,0.0,0.0,0.0,0.0,0.0,0.0,0.0,0.0,,,,0.0,0.0,0.0,0.0,0.0,0.0,,0.0,0.0,,0.0,0.0,,0.0,
1191,Czech Liga (CZ),1065160,Denis Zamazal,D. Zamazal,2006-11-16,6.28,0.77,1.57,1,1,0,1.0,1.0,0.0,0.0,0.0,0.0,0.0,0.0,1.0,1.0,0.0,0.0,0.0,0.0,,0.0,0.0,0.0,0.0,0.0,0.0,0.0,0.0,0.0,,,,0.0,0.0,0.0,0.0,0.0,0.0,,0.0,0.0,,0.0,0.0,,0.0,
1191,Czech Liga (CZ),1065161,Lukas Kostka,L. Kostka,2007-07-26,6.26,0.77,1.57,1,1,0,0.0,0.0,0.0,,0.0,0.0,,,0.0,0.0,0.0,,0.0,0.0,,0.0,0.0,0.0,0.0,0.0,0.0,0.0,0.0,0.0,,,,0.0,0.0,0.0,0.0,0.0,0.0,,0.0,0.0,,0.0,0.0,,0.0,
1191,Czech Liga (CZ),1067316,Stepan Ponikelsky,S. Ponikelsky,2007-06-25,39.21,5.58,14.65,3,3,0,27.0,9.0,5.0,55.55,1.0,0.0,7.43,1.91,18.0,6.0,3.33,55.56,0.33,0.0,0.0,4.33,9.0,3.0,1.33,1.33,0.67,0.0,0.0,0.0,,44.44,50.0,0.33,1.0,0.0,0.0,0.33,0.0,0.0,1.0,0.67,66.67,1.67,0.33,20.0,0.0,0.0
1191,Czech Liga (CZ),1067317,Jiri Zima,J. Zima,2007-12-21,17.86,4.26,5.19,1,1,0,5.0,5.0,3.0,60.0,0.0,0.0,4.85,1.0,2.0,2.0,1.0,50.0,0.0,0.0,,1.0,1.0,1.0,0.0,1.0,0.0,1.0,1.0,0.0,0.0,0.0,0.0,0.0,1.0,0.0,0.0,0.0,0.0,,0.0,0.0,,2.0,1.0,50.0,0.0,0.0
1191,Czech Liga (CZ),1067910,Idris Hopi,I. Hopi,2008-05-12,42.52,9.6,11.77,2,2,0,19.0,9.5,2.5,26.31,3.5,1.5,14.99,2.86,9.0,4.5,1.0,22.22,1.5,0.0,0.0,2.0,11.0,5.5,1.0,5.0,1.0,3.0,3.0,0.5,16.66,18.18,20.0,0.0,1.0,1.0,0.5,0.0,0.0,,1.5,0.0,0.0,3.0,1.5,50.0,1.5,50.0
1191,Czech Liga (CZ),1067912,Radek Palan,R. Palan,2007-03-22,15.56,2.61,3.32,2,2,0,2.0,1.0,0.5,50.0,0.5,0.0,6.75,1.3,2.0,1.0,0.5,50.0,0.5,0.0,0.0,0.5,1.0,0.5,0.5,0.5,0.5,0.0,0.0,0.0,,100.0,100.0,0.0,0.0,0.0,0.0,0.0,0.0,,0.5,0.0,0.0,0.5,0.0,0.0,0.0,0.0
