competition_edition,league,player_id,player_name,player_short_name,player_birthdate,minutes,minutes_tip,minutes_otip,performance_count,performance_included_count,performance_failed_count,possession_count_total,possession_count,possession_count_retained,possession_pct_retained,possession_count_shotwithin10s,possession_count_goalwithin10s,possession_avgdistance,possession_avgduration,reception_count_total,reception_count,reception_count_retained,reception_pct_retained,reception_count_intensepressure_tightspace,reception_count_intensepressure_tightspace_retained,reception_pct_intensepressure_tightspace_retained,reception_count_inspace,longcarry_count_total,longcarry_count,longcarry_count_retained,longcarry_count_forwardtrajectory,longcarry_count_forwardtrajectory_retained,longcarry_count_abovehsr,longcarry_count_forwardtrajectory_abovehsr,longcarry_count_forwardtrajectory_abovehsr_retained,longcarry_pct_forwardtrajectory_abovehsr_retained,longcarry_pct_retained,longcarry_pct_forwardtrajectory_retained,possession_count_forwardmomentum,giveandgo_count,possession_count_beatbymovement,possession_count_beatbypossession,possession_count_drawnpressure,possession_count_drawnpressure_retained,possession_pct_drawnpressure_retained,reception_count_intensepressure_constrainedspace,possession_count_escapedpressure,possession_pct_escapedpressure,reception_count_intensepressure,possession_count_intensepressure_progressed,possession_pct_intensepressure_progressed,possession_count_intensepressure_dangercreated,possession_pct_intensepressure_dangercreated
1230,Eredivisie (NL),90,Aaron Meijers,A. Meijers,1987-10-28,53.22,13.79,16.33,11,10,1,200.0,20.0,14.3,71.5,0.8,0.0,3.9,1.35,140.0,14.0,11.1,79.29,0.4,0.2,50.0,12.7,29.0,2.9,2.0,1.0,0.6,0.8,0.2,0.1,50.0,68.97,60.0,0.2,0.2,0.1,0.1,0.2,0.2,100.0,0.5,0.0,0.0,1.1,0.3,27.27,0.0,0.0
1230,Eredivisie (NL),348,Alassane Pléa,A. Pléa,1993-03-10,59.09,22.74,12.96,2,2,0,36.0,18.0,13.5,75.0,3.0,1.5,3.91,1.12,30.0,15.0,10.5,70.0,3.0,2.0,66.67,6.5,6.0,3.0,2.0,1.5,1.0,0.0,0.0,0.0,,66.67,66.67,0.5,1.0,0.5,1.0,0.5,0.0,0.0,6.0,2.0,33.33,8.5,0.0,0.0,2.5,29.41
1230,Eredivisie (NL),442,Alen Halilović,A. Halilović,1996-06-18,10.83,3.29,2.16,5,5,0,28.0,5.6,4.6,82.14,0.6,0.2,5.55,1.93,23.0,4.6,4.0,86.96,0.2,0.0,0.0,4.2,8.0,1.6,1.4,0.8,0.6,0.0,0.0,0.0,,87.5,75.0,0.2,0.2,0.0,0.2,0.6,0.4,66.67,0.4,0.2,50.0,0.6,0.0,0.0,0.4,66.67
1230,Eredivisie (NL),715,André Ayew,A. Ayew,1989-12-17,54.36,14.68,14.01,17,16,1,228.0,14.25,8.69,60.97,2.19,0.06,4.96,1.56,154.0,9.62,6.25,64.93,2.88,1.38,47.83,4.19,49.0,3.06,1.81,1.5,0.81,0.25,0.19,0.06,33.33,59.18,54.17,0.44,1.19,0.81,0.31,0.19,0.06,33.33,3.5,0.56,16.07,5.31,0.62,11.76,0.81,15.29
1230,Eredivisie (NL),1197,Bart Nieuwkoop,B. Nieuwkoop,1996-03-07,37.02,10.56,9.22,17,16,1,217.0,13.56,9.56,70.51,0.94,0.12,2.86,0.98,152.0,9.5,7.25,76.32,0.69,0.25,36.36,8.12,24.0,1.5,1.12,0.75,0.5,0.62,0.31,0.19,60.0,75.0,66.67,0.19,1.25,0.19,0.12,0.0,0.0,,0.88,0.06,7.14,1.31,0.19,14.28,0.06,4.76
1230,Eredivisie (NL),1223,Bas Kuipers,B. Kuipers,1994-08-17,22.11,5.86,5.58,7,7,0,62.0,8.86,6.43,72.58,1.0,0.0,3.56,1.17,44.0,6.29,5.14,81.82,0.43,0.14,33.33,5.0,9.0,1.29,0.71,1.0,0.57,0.71,0.57,0.29,50.0,55.56,57.14,0.0,0.43,0.0,0.0,0.0,0.0,,0.57,0.14,25.0,0.86,0.14,16.66,0.29,33.33
1230,Eredivisie (NL),1337,Bertrand Isidore Traoré,B. Traoré,1995-09-06,62.76,22.3,17.98,1,1,0,25.0,25.0,16.0,64.0,3.0,0.0,9.41,2.28,21.0,21.0,14.0,66.67,3.0,1.0,33.33,15.0,9.0,9.0,5.0,6.0,2.0,3.0,3.0,1.0,33.33,55.56,33.33,0.0,2.0,1.0,1.0,1.0,0.0,0.0,3.0,0.0,0.0,8.0,1.0,12.5,0.0,0.0
1230,Eredivisie (NL),1435,Bram Nuytinck,B. Nuytinck,1990-05-04,49.67,13.92,10.99,7,6,1,154.0,25.67,19.67,76.62,0.33,0.0,3.23,1.23,86.0,14.33,13.17,91.86,0.0,0.0,,13.83,20.0,3.33,2.17,0.67,0.5,0.83,0.0,0.0,,65.0,75.0,0.0,0.0,0.0,0.0,0.0,0.0,,0.0,0.0,,0.33,0.0,0.0,0.0,0.0
1230,Eredivisie (NL),1440,Brandley Kuwas,B. Kuwas,1992-09-19,68.87,17.99,21.13,31,30,1,662.0,22.07,13.73,62.24,3.33,0.3,7.69,2.28,472.0,15.73,10.3,65.47,3.07,1.57,51.09,8.97,218.0,7.27,4.33,3.67,1.97,1.3,0.97,0.5,51.72,59.63,53.64,1.07,1.97,0.33,0.9,0.6,0.3,50.0,4.4,0.83,18.94,6.67,0.9,13.5,1.17,17.5
1230,Eredivisie (NL),1509,Bruno Martins Indi,B. Martins Indi,1992-02-08,87.97,23.71,27.06,25,25,0,1199.0,47.96,41.56,86.66,1.08,0.08,3.99,1.58,838.0,33.52,30.96,92.36,0.4,0.2,50.0,32.0,184.0,7.36,6.64,3.76,3.48,0.4,0.08,0.08,100.0,90.22,92.55,0.16,0.24,0.04,0.08,0.36,0.28,77.78,0.44,0.08,18.18,0.68,0.28,41.18,0.0,0.0
1230,Eredivisie (NL),1541,Bryan Linssen,B. Linssen,1990-10-08,74.69,23.64,16.93,32,28,4,389.0,13.89,7.64,55.01,3.68,0.5,4.17,1.23,245.0,8.75,5.25,60.0,2.25,0.96,42.86,5.18,66.0,2.36,1.25,1.43,0.61,0.75,0.68,0.21,31.58,53.03,42.5,0.75,0.93,0.71,0.21,0.07,0.07,100.0,2.64,0.21,8.11,4.32,0.71,16.53,1.79,41.32
1230,Eredivisie (NL),2300,Danny Bakker,D. Bakker,1995-01-16,95.99,23.76,28.63,29,26,3,1168.0,44.92,36.15,80.48,2.42,0.42,4.93,1.76,765.0,29.42,25.85,87.85,0.58,0.27,46.67,27.5,220.0,8.46,7.46,4.65,4.04,1.08,0.69,0.58,83.33,88.18,86.78,0.04,1.27,0.04,0.15,0.31,0.27,87.5,0.81,0.04,4.76,1.46,0.42,28.95,0.0,0.0
1230,Eredivisie (NL),2548,Davy Klaassen,D. Klaassen,1993-02-21,68.78,22.79,18.11,30,29,1,720.0,24.83,18.66,75.14,2.66,0.48,2.7,0.87,448.0,15.45,12.28,79.46,1.69,1.0,59.18,11.21,77.0,2.66,2.0,1.17,0.86,0.55,0.45,0.24,53.85,75.32,73.53,0.48,1.52,0.21,0.17,0.07,0.03,50.0,2.83,0.34,12.2,4.21,0.45,10.66,0.69,16.39
1230,Eredivisie (NL),2614,Denis Odoi,D. Odoi,1988-05-27,86.7,24.7,23.3,19,18,1,670.0,37.22,28.78,77.31,1.22,0.0,5.02,1.59,408.0,22.67,18.61,82.11,0.44,0.17,37.5,21.28,124.0,6.89,5.17,3.0,2.22,1.61,1.0,0.78,77.78,75.0,74.07,0.11,1.44,0.17,0.0,0.61,0.33,54.54,0.72,0.0,0.0,1.44,0.56,38.46,0.06,3.85
1230,Eredivisie (NL),2776,Dion Malone,D. Malone,1989-02-13,23.0,5.09,7.49,11,9,2,52.0,5.78,5.11,88.46,0.11,0.0,5.12,1.5,24.0,2.67,2.67,100.0,0.0,0.0,,2.67,11.0,1.22,1.0,0.33,0.33,0.22,0.11,0.11,100.0,81.82,100.0,0.0,0.22,0.0,0.0,0.0,0.0,,0.0,0.0,,0.0,0.0,,0.0,
1230,Eredivisie (NL),4318,Hidde Jurjus,H. Jurjus,1994-02-09,86.34,21.38,25.53,7,7,0,224.0,32.0,18.57,58.04,0.14,0.0,4.33,3.19,134.0,19.14,12.0,62.69,0.14,0.0,0.0,18.43,34.0,4.86,2.86,3.14,1.71,0.0,0.0,0.0,,58.82,54.55,0.0,0.0,0.0,0.0,0.29,0.29,100.0,0.14,0.0,0.0,0.43,0.14,33.33,0.0,0.0
1230,Eredivisie (NL),4545,Ivan Perišić,I. Perišić,1989-02-02,77.2,27.06,17.92,30,29,1,1062.0,36.62,24.38,66.57,4.86,0.9,5.3,1.62,810.0,27.93,19.52,69.88,2.34,1.34,57.35,23.14,236.0,8.14,4.28,5.17,2.28,1.69,1.41,0.45,31.71,52.54,44.0,0.1,1.41,0.59,1.31,1.55,0.41,26.67,3.59,0.59,16.35,5.28,1.14,21.57,1.1,20.92
1230,Eredivisie (NL),4568,Ivo Daniel Ferreira Mendonca Pinto,Ivo Pinto,1990-01-07,78.19,18.29,23.2,28,28,0,835.0,29.82,19.89,66.71,1.93,0.29,5.11,1.58,540.0,19.29,14.0,72.59,0.96,0.5,51.85,18.14,179.0,6.39,3.82,3.5,2.07,1.82,1.14,0.61,53.12,59.78,59.18,0.0,2.39,0.25,0.14,0.68,0.43,63.16,1.57,0.21,13.64,2.79,0.96,34.62,0.18,6.41
1230,Eredivisie (NL),4651,Jamiro Gregory Monteiro Alvarenga,Jamiro Monteiro,1993-11-23,63.28,15.26,19.95,21,20,1,592.0,29.6,21.8,73.65,1.8,0.3,5.16,1.73,410.0,20.5,15.7,76.58,1.55,0.75,48.39,16.2,128.0,6.4,4.65,2.65,1.7,0.6,0.4,0.15,37.5,72.66,64.15,0.35,1.3,0.15,0.15,0.15,0.05,33.33,2.3,0.25,10.87,3.7,0.4,10.81,0.4,10.81
1230,Eredivisie (NL),4777,Jasper Cillessen,J. Cillessen,1989-04-22,53.74,8.72,17.91,3,2,1,22.0,11.0,3.0,27.28,0.5,0.0,4.41,3.93,11.0,5.5,2.0,36.36,0.0,0.0,,5.0,3.0,1.5,0.0,1.0,0.0,0.0,0.0,0.0,,0.0,0.0,0.0,0.0,0.0,0.0,0.0,0.0,,0.0,0.0,,0.0,0.0,,0.0,
1230,Eredivisie (NL),4876,Jeff Hardeveld,J. Hardeveld,1995-02-27,95.97,23.68,28.81,33,30,3,1049.0,34.97,22.67,64.82,2.9,0.57,3.17,1.14,718.0,23.93,16.93,70.75,1.43,0.77,53.49,22.33,120.0,4.0,2.33,2.57,1.77,0.73,0.47,0.27,57.14,58.33,68.83,0.13,0.87,0.13,0.07,0.37,0.1,27.27,2.2,0.23,10.61,3.73,0.8,21.43,0.47,12.5
1230,Eredivisie (NL),4912,Jens Toornstra,J. Toornstra,1989-04-04,49.03,11.64,15.91,16,16,0,295.0,18.44,12.62,68.47,1.75,0.12,3.33,1.05,187.0,11.69,8.31,71.12,1.12,0.5,44.44,9.31,39.0,2.44,1.44,1.19,0.69,0.5,0.31,0.06,20.0,58.98,57.89,0.5,0.94,0.06,0.12,0.25,0.12,50.0,1.5,0.31,20.83,2.38,0.19,7.9,0.56,23.68
1230,Eredivisie (NL),4961,Jeroen Zoet,J. Zoet,1991-01-06,89.21,26.52,25.98,11,11,0,243.0,22.09,12.82,58.02,0.36,0.09,4.72,3.08,152.0,13.82,8.27,59.87,0.55,0.18,33.33,13.0,47.0,4.27,2.45,2.36,1.18,0.0,0.0,0.0,,57.45,50.0,0.0,0.0,0.0,0.0,0.45,0.27,60.0,0.73,0.0,0.0,0.82,0.36,44.44,0.0,0.0
1230,Eredivisie (NL),4976,Jeremiah St. Juste,J. St. Juste,1996-10-19,29.28,7.69,8.16,6,6,0,78.0,13.0,11.33,87.18,0.17,0.0,7.12,1.96,46.0,7.67,7.5,97.83,0.0,0.0,,7.0,24.0,4.0,3.5,1.33,1.0,0.83,0.33,0.0,0.0,87.5,75.0,0.0,0.17,0.0,0.0,0.0,0.0,,0.0,0.0,,0.17,0.17,100.0,0.0,0.0
1230,Eredivisie (NL),5001,Jetro Willems,J. Willems,1994-03-30,34.07,8.77,9.0,6,6,0,74.0,12.33,9.33,75.68,0.5,0.0,3.87,1.68,44.0,7.33,5.67,77.27,0.33,0.0,0.0,7.0,9.0,1.5,1.17,0.67,0.5,0.33,0.0,0.0,,77.78,75.0,0.33,0.0,0.0,0.0,0.17,0.0,0.0,0.33,0.0,0.0,0.5,0.0,0.0,0.0,0.0
1230,Eredivisie (NL),5245,Jonathan  de Guzmán,J. de Guzmán,1987-09-13,23.86,7.29,6.31,5,5,0,64.0,12.8,9.8,76.56,0.6,0.2,4.49,1.53,42.0,8.4,7.0,83.33,0.2,0.0,0.0,6.0,13.0,2.6,2.2,1.2,1.0,0.4,0.0,0.0,,84.62,83.33,0.4,0.0,0.0,0.0,0.0,0.0,,0.4,0.0,0.0,0.6,0.2,33.33,0.0,0.0
1230,Eredivisie (NL),5338,Jordy Clasie,J. Clasie,1991-06-27,71.19,23.62,18.13,12,12,0,551.0,45.92,39.5,86.03,3.17,0.58,3.14,1.37,406.0,33.83,30.67,90.64,0.83,0.5,60.0,28.75,65.0,5.42,4.83,2.5,2.17,0.58,0.17,0.0,0.0,89.23,86.67,0.42,0.83,0.0,0.33,0.08,0.08,100.0,1.75,0.33,19.05,2.25,0.42,18.52,0.25,11.11
1230,Eredivisie (NL),5373,Joris van Overeem,J. van Overeem,1994-06-01,97.26,28.2,27.31,33,33,0,1884.0,57.09,43.67,76.49,4.55,0.58,4.28,1.57,1237.0,37.48,30.03,80.11,1.76,0.88,50.0,31.27,328.0,9.94,7.67,3.7,2.7,1.15,0.61,0.42,70.0,77.13,72.95,1.12,1.76,0.3,0.3,0.55,0.3,55.56,3.12,0.27,8.74,5.33,1.48,27.84,0.64,11.93
1230,Eredivisie (NL),5616,Juninho Gracielo Bacuna,J. Bacuna,1997-08-07,60.65,15.29,16.84,13,12,1,323.0,26.92,17.25,64.09,3.33,0.17,5.4,1.81,173.0,14.42,9.83,68.21,1.08,0.42,38.46,11.08,71.0,5.92,3.83,2.33,1.58,0.5,0.25,0.17,66.67,64.79,67.86,0.67,0.58,0.17,0.58,0.33,0.25,75.0,1.67,0.08,5.0,2.75,0.58,21.21,0.42,15.15
1230,Eredivisie (NL),5964,Kostas Lamprou,K. Lamprou,1991-09-18,98.85,25.86,27.8,1,1,0,32.0,32.0,23.0,71.88,2.0,1.0,5.71,3.73,17.0,17.0,14.0,82.35,0.0,0.0,,16.0,6.0,6.0,4.0,4.0,2.0,0.0,0.0,0.0,,66.67,50.0,0.0,0.0,0.0,0.0,1.0,1.0,100.0,0.0,0.0,,0.0,0.0,,0.0,
1230,Eredivisie (NL),5984,Kristoffer Peterson,K. Peterson,1994-11-28,53.88,13.21,15.27,34,34,0,656.0,19.29,10.06,52.13,2.85,0.32,10.09,2.55,466.0,13.71,7.53,54.94,1.56,0.65,41.51,11.12,269.0,7.91,3.59,5.32,2.09,2.03,1.74,0.41,23.73,45.35,39.22,0.38,1.24,0.18,1.76,1.68,0.44,26.32,2.12,0.32,15.28,3.26,0.85,26.13,0.32,9.91
1230,Eredivisie (NL),6050,Lars Unnerstall,L. Unnerstall,1990-07-20,97.51,29.14,26.22,30,30,0,770.0,25.67,17.13,66.75,0.17,0.0,4.86,3.14,490.0,16.33,11.73,71.84,0.17,0.03,20.0,15.53,150.0,5.0,3.17,2.63,1.57,0.03,0.0,0.0,,63.33,59.49,0.0,0.0,0.0,0.0,0.17,0.07,40.0,0.27,0.07,25.0,0.53,0.13,25.0,0.0,0.0
1230,Eredivisie (NL),6201,Lewis Holtby,L. Holtby,1990-09-18,68.08,18.05,19.46,30,29,1,743.0,25.62,18.28,71.33,2.76,0.34,3.05,1.05,463.0,15.97,12.03,75.38,2.17,0.9,41.27,11.69,82.0,2.83,2.17,1.28,0.86,0.62,0.38,0.24,63.64,76.83,67.57,0.52,1.41,0.38,0.17,0.14,0.07,50.0,3.34,0.48,14.43,4.72,0.38,8.03,0.97,20.44
1230,Eredivisie (NL),7084,Marvin Peersman,M. Peersman,1991-02-10,91.08,25.43,25.51,32,31,1,1283.0,41.39,30.19,72.96,3.35,0.23,4.24,1.65,815.0,26.29,20.58,78.28,1.0,0.48,48.39,23.9,211.0,6.81,4.52,3.71,2.48,0.81,0.39,0.26,66.67,66.35,66.96,0.29,2.19,0.13,0.16,0.39,0.13,33.33,1.45,0.23,15.56,2.77,0.71,25.58,0.48,17.44
1230,Eredivisie (NL),7210,Mats Seuntjens,M. Seuntjens,1992-04-17,17.79,4.49,4.05,15,15,0,104.0,6.93,4.0,57.69,1.6,0.07,4.45,1.57,75.0,5.0,3.2,64.0,0.73,0.33,45.46,3.27,20.0,1.33,0.87,0.4,0.2,0.07,0.0,0.0,,65.0,50.0,0.27,0.4,0.13,0.07,0.27,0.2,75.0,0.87,0.07,7.69,1.47,0.13,9.09,0.27,18.18
1230,Eredivisie (NL),7605,Mike te Wierik,M. te Wierik,1992-06-08,68.04,16.1,19.97,22,22,0,491.0,22.32,17.45,78.21,1.05,0.09,3.13,1.22,318.0,14.45,12.23,84.59,0.64,0.23,35.72,13.23,52.0,2.36,1.82,1.14,0.86,0.59,0.23,0.05,20.0,76.92,76.0,0.05,0.64,0.0,0.0,0.23,0.23,100.0,0.68,0.23,33.33,0.77,0.41,52.94,0.05,5.88
1230,Eredivisie (NL),7607,Mike van der Hoorn,M. van der Hoorn,1992-10-15,83.79,22.8,25.24,31,30,1,1322.0,44.07,37.7,85.55,1.53,0.23,3.9,1.77,883.0,29.43,27.03,91.84,0.33,0.3,90.0,27.3,188.0,6.27,5.6,3.23,2.9,0.43,0.1,0.07,66.67,89.36,89.69,0.0,0.23,0.0,0.0,0.53,0.37,68.75,0.57,0.07,11.76,0.77,0.47,60.87,0.03,4.35
1230,Eredivisie (NL),7608,Mike van Duinen,M. van Duinen,1991-11-06,29.56,7.57,9.0,27,25,2,129.0,5.16,2.12,41.09,0.84,0.04,5.45,1.57,65.0,2.6,1.16,44.62,0.84,0.4,47.62,1.12,29.0,1.16,0.52,0.52,0.16,0.28,0.16,0.12,75.0,44.83,30.77,0.36,0.32,0.16,0.12,0.0,0.0,,1.04,0.12,11.54,1.68,0.32,19.05,0.32,19.05
1230,Eredivisie (NL),7950,Nick  Viergever,N. Viergever,1989-08-03,72.95,18.77,22.23,27,27,0,907.0,33.59,27.93,83.13,1.11,0.11,4.09,1.55,586.0,21.7,19.89,91.64,0.3,0.15,50.0,21.04,143.0,5.3,4.44,2.96,2.56,0.67,0.26,0.22,85.71,83.92,86.25,0.04,0.52,0.0,0.0,0.33,0.22,66.67,0.44,0.04,8.33,0.7,0.26,36.84,0.0,0.0
1230,Eredivisie (NL),8271,Oskar Zawada,O. Zawada,1996-02-01,22.34,6.23,5.25,15,15,0,84.0,5.6,2.13,38.1,1.4,0.27,3.35,0.85,46.0,3.07,1.47,47.83,0.87,0.2,23.08,1.0,10.0,0.67,0.27,0.33,0.13,0.27,0.13,0.0,0.0,40.0,40.0,0.2,0.2,0.27,0.07,0.0,0.0,,1.07,0.13,12.5,1.8,0.07,3.7,0.6,33.33
1230,Eredivisie (NL),8427,Patrick  van Aanholt,P. van Aanholt,1990-08-29,62.21,14.61,20.1,12,12,0,293.0,24.42,17.58,72.01,2.0,0.33,4.61,1.4,190.0,15.83,12.33,77.9,0.83,0.42,50.0,14.17,55.0,4.58,3.08,1.92,0.92,1.5,1.0,0.42,41.67,67.27,47.83,0.08,0.75,0.08,0.67,0.42,0.25,60.0,1.08,0.0,0.0,2.17,0.58,26.92,0.42,19.23
1230,Eredivisie (NL),8460,Paul  Gladon,P. Gladon,1992-03-18,37.06,8.8,9.62,31,31,0,175.0,5.65,2.68,47.43,1.42,0.23,3.07,0.86,93.0,3.0,1.55,51.61,0.84,0.35,42.31,1.61,23.0,0.74,0.16,0.32,0.03,0.13,0.1,0.0,0.0,21.74,10.0,0.13,0.58,0.29,0.1,0.06,0.03,50.0,0.9,0.1,10.71,1.55,0.23,14.58,0.52,33.33
1230,Eredivisie (NL),8749,Przemysław Tytoń,P. Tytoń,1987-01-04,95.63,30.63,24.47,3,3,0,92.0,30.67,21.67,70.65,0.0,0.0,4.7,2.94,60.0,20.0,15.67,78.33,0.33,0.33,100.0,20.0,16.0,5.33,2.67,3.67,2.0,0.0,0.0,0.0,,50.0,54.55,0.0,0.0,0.0,0.0,0.67,0.33,50.0,0.33,0.0,0.0,0.67,0.33,50.0,0.0,0.0
1230,Eredivisie (NL),8846,Raheem Sterling,R. Sterling,1994-12-08,51.11,15.31,13.99,8,7,1,157.0,22.43,12.86,57.33,2.57,0.14,7.58,2.44,120.0,17.14,9.71,56.67,1.57,0.29,18.18,12.86,59.0,8.43,3.57,5.14,1.86,1.29,1.0,0.14,14.29,42.37,36.11,0.71,1.0,0.29,0.71,1.29,0.14,11.11,1.86,0.0,0.0,3.71,1.43,38.46,0.43,11.54
1230,Eredivisie (NL),8917,Remko Pasveer,R. Pasveer,1983-11-08,99.33,25.89,27.87,15,15,0,510.0,34.0,22.33,65.69,0.33,0.0,5.45,3.52,304.0,20.27,14.27,70.4,0.2,0.0,0.0,18.6,115.0,7.67,5.0,4.87,3.33,0.0,0.0,0.0,,65.22,68.49,0.0,0.0,0.0,0.0,0.47,0.27,57.14,0.4,0.13,33.33,0.67,0.2,30.0,0.0,0.0
1230,Eredivisie (NL),9052,Ricky van Wolfswinkel,R. van Wolfswinkel,1989-01-27,61.34,17.78,16.38,31,31,0,404.0,13.03,8.06,61.88,2.35,0.06,4.49,1.26,262.0,8.45,5.58,66.03,2.19,1.23,55.88,4.61,69.0,2.23,1.48,1.16,0.68,0.42,0.29,0.1,33.33,66.67,58.33,0.71,0.71,0.58,0.16,0.1,0.03,33.33,2.65,0.26,9.76,4.26,0.39,9.09,1.1,25.76
1230,Eredivisie (NL),9161,Robin Pröpper,R. Pröpper,1993-09-23,69.08,20.69,17.55,27,27,0,1196.0,44.3,36.7,82.86,1.93,0.04,4.61,1.66,819.0,30.33,27.19,89.62,0.22,0.04,16.67,28.37,233.0,8.63,7.19,4.19,3.56,0.78,0.22,0.22,100.0,83.26,84.96,0.15,0.33,0.0,0.15,0.41,0.15,36.36,0.3,0.04,12.5,0.63,0.19,29.41,0.04,5.88
1230,Eredivisie (NL),9429,Ryan Thomas,R. Thomas,1994-12-20,86.34,22.14,27.61,27,25,2,934.0,37.36,28.28,75.7,2.68,0.36,6.11,1.75,548.0,21.92,18.04,82.3,0.72,0.32,44.44,18.04,248.0,9.92,7.88,2.76,1.72,1.48,0.68,0.4,58.82,79.44,62.32,0.68,0.84,0.0,0.28,0.28,0.12,42.86,1.44,0.44,30.56,2.68,0.96,35.82,0.08,2.99
1230,Eredivisie (NL),9685,Sébastien Haller,S. Haller,1994-06-22,49.78,13.84,13.92,23,23,0,289.0,12.57,7.87,62.63,2.26,0.26,4.09,1.23,188.0,8.17,5.35,65.43,1.61,0.83,51.35,3.61,41.0,1.78,1.09,0.83,0.43,0.26,0.26,0.13,50.0,60.98,52.63,0.74,0.83,0.61,0.13,0.0,0.0,,2.39,0.48,20.0,4.22,0.3,7.22,0.87,20.62
1230,Eredivisie (NL),10082,Steven Berghuis,S. Berghuis,1991-12-19,66.08,22.67,17.7,21,20,1,839.0,41.95,32.0,76.28,4.85,0.4,4.31,1.36,668.0,33.4,25.95,77.69,2.5,1.5,60.0,27.95,154.0,7.7,5.45,3.1,1.65,1.0,0.6,0.3,50.0,70.78,53.23,0.65,3.35,0.6,0.8,0.85,0.55,64.71,3.7,0.35,9.46,5.8,0.75,12.93,1.05,18.1
1230,Eredivisie (NL),10233,Terence Kongolo,T. Kongolo,1994-02-14,43.28,8.92,13.59,5,5,0,55.0,11.0,8.0,72.73,0.0,0.2,5.26,1.79,26.0,5.2,4.2,80.77,0.0,0.0,,5.2,13.0,2.6,2.2,1.0,0.8,0.6,0.2,0.2,100.0,84.62,80.0,0.0,0.2,0.0,0.0,0.2,0.0,0.0,0.0,0.0,,0.0,0.0,,0.0,
1230,Eredivisie (NL),10280,Thomas Bruns,T. Bruns,1992-01-07,46.62,11.15,13.85,27,27,0,479.0,17.74,12.22,68.89,1.56,0.11,4.7,1.5,298.0,11.04,8.26,74.83,0.74,0.41,55.0,8.93,96.0,3.56,2.26,2.19,1.26,0.59,0.41,0.19,45.45,63.54,57.63,0.3,0.22,0.04,0.07,0.26,0.11,42.86,1.11,0.11,10.0,1.85,0.41,22.0,0.11,6.0
1230,Eredivisie (NL),10309,Thomas Ouwejan,T. Ouwejan,1996-09-30,78.18,24.45,18.96,6,6,0,164.0,27.33,20.17,73.78,2.17,0.17,4.99,1.48,118.0,19.67,15.5,78.81,1.0,0.67,66.67,17.83,32.0,5.33,3.83,3.17,2.33,1.5,1.17,1.0,85.71,71.87,73.68,0.17,2.17,0.33,0.17,0.33,0.0,0.0,1.17,0.0,0.0,2.17,0.83,38.46,0.67,30.77
1230,Eredivisie (NL),10392,Timon Wellenreuther,T. Wellenreuther,1995-12-03,98.19,28.32,26.5,33,32,1,1115.0,34.84,23.25,66.73,0.19,0.0,4.95,3.25,672.0,21.0,14.41,68.6,0.44,0.19,42.86,19.81,222.0,6.94,4.44,4.25,2.72,0.0,0.0,0.0,,63.96,63.97,0.0,0.0,0.0,0.0,0.34,0.16,45.45,0.72,0.12,17.39,0.88,0.38,42.86,0.0,0.0
1230,Eredivisie (NL),10410,Tjaronn Chery,T. Chery,1988-06-04,90.7,28.4,19.98,33,29,4,1100.0,37.93,26.83,70.73,5.69,0.62,5.4,1.68,764.0,26.34,19.24,73.04,2.76,1.41,51.25,20.9,258.0,8.9,6.1,4.48,2.66,1.21,0.97,0.59,60.71,68.6,59.23,1.52,2.55,0.31,0.79,0.59,0.31,52.94,4.24,0.62,14.63,7.41,1.07,14.42,1.41,19.07
1230,Eredivisie (NL),10916,Wout Weghorst,W. Weghorst,1992-08-07,70.8,23.45,18.62,28,27,1,497.0,18.41,11.52,62.58,4.19,0.41,3.71,1.12,361.0,13.37,8.59,64.27,4.37,2.74,62.71,5.56,76.0,2.81,1.7,1.48,0.7,0.63,0.52,0.19,35.72,60.53,47.5,0.85,1.48,0.93,0.37,0.07,0.04,50.0,5.48,0.96,17.57,8.41,1.22,14.54,2.52,29.95
1230,Eredivisie (NL),11036,Younes Namli,Y. Namli,1994-06-20,84.46,23.11,23.79,13,12,1,446.0,37.17,22.92,61.66,5.17,0.92,10.04,2.63,341.0,28.42,18.25,64.22,3.75,1.92,51.11,22.08,194.0,16.17,10.0,6.67,3.33,2.75,2.0,0.58,29.17,61.86,50.0,0.5,2.17,0.25,2.92,2.33,1.33,57.14,5.17,0.83,16.13,7.0,1.33,19.05,1.0,14.29
1230,Eredivisie (NL),11562,Kasper Dolberg,K. Dolberg,1997-10-06,57.66,18.81,15.62,23,22,1,270.0,12.27,6.86,55.93,2.59,0.36,6.14,1.54,197.0,8.95,5.0,55.84,2.91,1.36,46.88,4.05,63.0,2.86,1.41,1.55,0.64,1.23,0.82,0.23,27.78,49.21,41.18,1.0,0.73,0.45,0.5,0.05,0.0,0.0,3.45,0.27,7.9,5.41,0.86,15.97,1.18,21.85
1230,Eredivisie (NL),11565,Mario Engels,M. Engels,1993-10-22,46.31,11.55,12.37,24,24,0,283.0,11.79,6.58,55.83,1.75,0.17,9.86,2.4,196.0,8.17,4.42,54.08,1.29,0.75,58.06,5.5,108.0,4.5,1.96,3.38,1.17,1.54,1.5,0.46,30.56,43.52,34.57,0.5,1.21,0.38,0.67,0.54,0.17,30.77,1.62,0.25,15.38,3.17,0.96,30.26,0.58,18.42
1230,Eredivisie (NL),11590,Oleksandr Zinchenko,O. Zinchenko,1996-12-15,12.23,3.81,2.62,2,2,0,17.0,8.5,6.5,76.47,0.0,0.0,5.83,1.67,14.0,7.0,5.0,71.43,1.0,0.5,50.0,6.5,4.0,2.0,1.5,2.0,1.5,0.0,0.0,0.0,,75.0,75.0,0.0,0.0,0.0,0.0,0.5,0.5,100.0,2.0,0.0,0.0,2.0,0.5,25.0,0.0,0.0
1230,Eredivisie (NL),11599,Samuel Bastien,S. Bastien,1996-09-26,12.3,3.61,2.5,6,6,0,16.0,2.67,1.83,68.75,0.0,0.0,5.22,1.34,10.0,1.67,1.33,80.0,0.17,0.0,0.0,1.33,2.0,0.33,0.33,0.17,0.17,0.0,0.0,0.0,,100.0,100.0,0.17,0.0,0.0,0.17,0.17,0.17,100.0,0.33,0.0,0.0,0.33,0.0,0.0,0.0,0.0
1230,Eredivisie (NL),11845,Marko Pjaca,M. Pjaca,1995-05-06,38.7,11.73,10.51,26,26,0,474.0,18.23,12.23,67.09,2.58,0.15,7.68,2.33,372.0,14.31,9.85,68.82,1.77,0.88,50.0,11.62,162.0,6.23,4.19,3.23,2.15,0.85,0.46,0.23,50.0,67.28,66.67,0.31,1.19,0.23,1.15,0.73,0.35,47.37,2.31,0.31,13.33,3.42,0.58,16.85,0.85,24.72
1230,Eredivisie (NL),12340,Dimitrios Limnios,D. Limnios,1998-05-27,68.56,17.37,20.05,34,34,0,802.0,23.59,16.03,67.96,2.53,0.38,7.04,1.97,562.0,16.53,11.82,71.53,2.09,1.35,64.79,13.12,242.0,7.12,4.47,4.0,2.15,1.79,1.38,0.65,46.81,62.81,53.68,0.65,1.79,0.26,0.62,0.76,0.38,50.0,2.91,0.88,30.3,4.79,0.91,19.02,0.5,10.43
1230,Eredivisie (NL),12432,Dani de Wit,D. de Wit,1998-01-28,87.14,22.86,27.21,29,28,1,706.0,25.21,17.46,69.26,2.57,0.57,2.64,0.91,427.0,15.25,12.18,79.86,2.43,1.5,61.77,10.39,66.0,2.36,1.79,0.75,0.5,0.32,0.14,0.07,50.0,75.76,66.67,0.43,1.21,0.43,0.07,0.04,0.04,100.0,3.21,0.25,7.78,4.57,0.46,10.16,0.68,14.84
1230,Eredivisie (NL),12447,Jeff Reine-Adélaïde,J. Reine-Adélaïde,1998-01-17,34.42,8.2,7.52,1,1,0,16.0,16.0,13.0,81.25,5.0,0.0,7.85,2.33,11.0,11.0,10.0,90.91,2.0,2.0,100.0,8.0,7.0,7.0,6.0,1.0,1.0,1.0,0.0,0.0,,85.71,100.0,1.0,0.0,0.0,1.0,0.0,0.0,,3.0,1.0,33.33,3.0,1.0,33.33,1.0,33.33
1230,Eredivisie (NL),12532,Vasilios Barkas,V. Barkas,1994-05-30,97.03,25.83,29.57,35,34,1,988.0,29.06,18.82,64.78,0.15,0.03,5.17,3.29,568.0,16.71,12.15,72.71,0.59,0.18,30.0,16.12,223.0,6.56,3.56,3.15,1.76,0.0,0.0,0.0,,54.26,56.07,0.0,0.0,0.0,0.0,0.68,0.29,43.48,1.09,0.24,21.62,1.38,0.47,34.04,0.0,0.0
1230,Eredivisie (NL),12652,Mauro Jaqueson Júnior Pereira dos Santos,Mauro Júnior,1999-05-06,85.41,29.96,20.4,26,26,0,1626.0,62.54,51.69,82.66,4.73,0.92,4.79,1.6,1206.0,46.38,40.31,86.9,1.92,1.04,54.0,40.73,296.0,11.38,9.08,6.15,4.73,2.46,1.69,1.12,65.91,79.73,76.88,1.12,4.04,0.35,0.81,0.54,0.35,64.29,3.5,0.58,16.48,5.23,1.0,19.12,0.69,13.23
1230,Eredivisie (NL),12684,Armando Obispo,A. Obispo,1999-03-05,53.61,18.93,11.77,17,16,1,523.0,32.69,28.19,86.23,1.56,0.12,4.17,1.54,377.0,23.56,21.69,92.04,0.19,0.12,66.67,22.19,76.0,4.75,4.5,2.31,2.12,0.56,0.19,0.19,100.0,94.74,91.89,0.06,0.19,0.0,0.12,0.06,0.0,0.0,0.38,0.12,33.33,0.38,0.25,66.67,0.0,0.0
1230,Eredivisie (NL),13177,Houboulang Mendes,Houboulang Mendes,1998-05-04,20.12,4.62,5.54,6,6,0,34.0,5.67,2.5,44.12,0.33,0.17,3.73,1.28,22.0,3.67,1.83,50.0,0.17,0.0,0.0,3.0,5.0,0.83,0.33,0.67,0.17,0.17,0.17,0.0,0.0,40.0,25.0,0.0,0.17,0.17,0.0,0.17,0.0,0.0,0.17,0.0,0.0,0.67,0.0,0.0,0.0,0.0
1230,Eredivisie (NL),13487,Kaj Sierhuis,K. Sierhuis,1998-04-27,70.58,17.05,21.49,30,30,0,580.0,19.33,10.07,52.07,4.17,0.57,5.57,1.45,361.0,12.03,6.73,55.96,2.53,1.07,42.11,6.63,133.0,4.43,2.3,3.17,1.63,1.5,1.23,0.57,45.95,51.88,51.58,1.1,2.43,0.83,0.4,0.43,0.2,46.15,3.3,0.3,9.09,5.6,1.07,19.05,1.1,19.64
1230,Eredivisie (NL),13503,Philippe Sandler,P. Sandler,1997-02-10,79.59,25.5,17.57,25,22,3,954.0,43.36,37.0,85.32,1.59,0.32,5.23,1.82,586.0,26.64,24.64,92.49,0.36,0.27,75.0,24.68,203.0,9.23,8.36,3.73,3.36,1.64,0.5,0.45,90.91,90.64,90.24,0.23,1.64,0.05,0.18,0.64,0.41,64.29,0.73,0.18,25.0,1.0,0.23,22.73,0.18,18.18
1230,Eredivisie (NL),13525,Jordan Lotomba,J. Lotomba,1998-09-29,52.09,14.9,13.98,20,19,1,393.0,20.68,16.53,79.9,1.11,0.11,4.98,1.71,278.0,14.63,12.58,85.97,0.74,0.42,57.14,12.95,75.0,3.95,3.16,2.05,1.63,0.58,0.47,0.32,66.67,80.0,79.49,0.0,1.89,0.21,0.26,0.21,0.21,100.0,1.0,0.11,10.53,1.84,0.21,11.43,0.32,17.14
1230,Eredivisie (NL),14268,Ajdin Hrustić,A. Hrustić,1996-07-05,89.37,21.44,25.44,27,27,0,1088.0,40.3,28.37,70.4,3.63,0.41,4.57,1.53,759.0,28.11,20.67,73.52,2.04,0.81,40.0,21.74,205.0,7.59,5.3,3.48,2.19,1.26,1.15,0.44,38.71,69.76,62.77,0.85,2.59,0.22,0.67,0.63,0.33,52.94,3.33,0.44,13.33,6.0,1.19,19.75,1.04,17.28
1230,Eredivisie (NL),14295,Mohamed Hamdaoui,M. Hamdaoui,1993-06-10,15.81,3.84,3.58,7,7,0,39.0,5.57,3.29,58.97,1.71,0.14,6.3,1.77,22.0,3.14,2.14,68.18,0.29,0.0,0.0,2.86,13.0,1.86,1.14,0.86,0.29,0.43,0.29,0.14,50.0,61.54,33.33,0.14,0.14,0.0,0.0,0.14,0.0,0.0,0.43,0.0,0.0,0.57,0.29,50.0,0.29,50.0
1230,Eredivisie (NL),14296,Sherel Constancio Floranus,S. Floranus,1998-08-23,93.35,23.4,29.57,32,30,2,1144.0,38.13,28.07,73.6,1.3,0.3,4.97,1.58,727.0,24.23,19.87,81.98,1.17,0.63,54.29,21.6,226.0,7.53,5.4,4.1,2.87,1.67,0.93,0.53,57.14,71.68,69.92,0.17,1.77,0.23,0.0,0.33,0.27,80.0,1.6,0.3,18.75,2.87,0.67,23.26,0.27,9.3
1230,Eredivisie (NL),14299,Sam Lammers,S. Lammers,1997-04-30,64.97,20.32,17.32,24,24,0,433.0,18.04,10.75,59.58,3.83,0.58,3.87,1.15,317.0,13.21,8.21,62.14,4.46,2.5,56.07,5.92,66.0,2.75,1.58,1.42,0.67,0.38,0.25,0.04,16.67,57.58,47.06,0.75,2.21,1.12,0.29,0.12,0.04,33.33,5.58,0.92,16.42,7.71,0.83,10.81,2.33,30.27
1230,Eredivisie (NL),14300,Mitchell van Bergen,M. van Bergen,1999-08-27,85.65,23.65,25.61,28,28,0,918.0,32.79,19.18,58.5,5.14,0.43,9.99,2.51,711.0,25.39,15.25,60.06,1.82,0.82,45.1,22.46,382.0,13.64,7.18,7.82,3.29,3.43,2.82,0.79,27.85,52.62,42.01,0.5,2.07,0.46,2.86,1.32,0.5,37.84,2.79,0.68,24.36,5.14,1.11,21.53,0.89,17.36
1230,Eredivisie (NL),14310,Jizz Hornkamp,J. Hornkamp,1998-03-07,65.55,16.19,19.29,22,22,0,276.0,12.55,6.0,47.83,2.55,0.45,3.85,1.13,154.0,7.0,3.27,46.75,2.0,0.73,36.36,3.18,40.0,1.82,1.09,0.95,0.59,0.27,0.14,0.05,33.33,60.0,61.91,0.68,0.73,0.59,0.32,0.14,0.0,0.0,2.23,0.09,4.08,3.73,0.27,7.32,0.95,25.61
1230,Eredivisie (NL),14316,Guus Til,G. Til,1997-12-22,82.38,28.82,19.77,29,28,1,748.0,26.71,18.96,70.99,4.71,1.0,5.22,1.35,603.0,21.54,15.89,73.8,3.0,1.64,54.76,13.71,162.0,5.79,4.18,3.86,2.64,1.5,1.18,0.5,42.42,72.22,68.52,1.39,3.07,0.93,0.25,0.14,0.07,50.0,4.57,0.75,16.41,7.29,1.43,19.61,1.96,26.96
1230,Eredivisie (NL),14318,Owen Wijndal,O. Wijndal,1999-11-28,77.88,24.76,20.21,18,17,1,662.0,38.94,31.29,80.36,2.59,0.41,4.73,1.59,490.0,28.82,24.94,86.53,1.82,0.88,48.39,25.41,129.0,7.59,5.35,4.18,2.65,2.53,1.94,0.88,45.45,70.54,63.38,0.35,3.53,0.59,0.59,0.29,0.24,80.0,2.59,0.18,6.82,4.29,1.24,28.77,0.71,16.44
1230,Eredivisie (NL),14321,Joris Kramer,J. Kramer,1996-08-02,95.7,27.41,27.3,34,33,1,1880.0,56.97,48.27,84.74,1.91,0.27,4.65,1.78,1307.0,39.61,35.58,89.82,0.64,0.15,23.81,37.21,357.0,10.82,9.67,5.42,4.88,0.85,0.27,0.27,100.0,89.36,89.94,0.21,0.55,0.09,0.0,0.7,0.45,65.22,0.82,0.09,11.11,1.3,0.3,23.26,0.12,9.3
1230,Eredivisie (NL),14322,Myron Boadu,M. Boadu,2001-01-14,28.68,9.83,6.52,13,12,1,68.0,5.67,2.67,47.06,1.5,0.17,6.97,1.67,41.0,3.42,1.75,51.22,0.83,0.42,50.0,1.17,14.0,1.17,0.58,0.92,0.42,0.25,0.25,0.0,0.0,50.0,45.46,0.17,0.33,0.25,0.08,0.0,0.0,,1.08,0.0,0.0,1.67,0.33,20.0,0.5,30.0
1230,Eredivisie (NL),14325,Jasper Schendelaar,J. Schendelaar,2000-09-02,97.8,23.78,29.52,2,2,0,53.0,26.5,13.5,50.94,0.0,0.0,5.31,3.16,33.0,16.5,8.0,48.48,0.5,0.5,100.0,16.5,13.0,6.5,3.0,3.5,1.5,0.0,0.0,0.0,,46.15,42.86,0.0,0.0,0.0,0.0,1.0,0.0,0.0,0.5,0.0,0.0,1.0,0.5,50.0,0.0,0.0
1230,Eredivisie (NL),14329,Kenzo Goudmijn,K. Goudmijn,2001-12-18,50.64,16.05,14.24,16,16,0,430.0,26.88,18.75,69.77,2.31,0.06,4.55,1.53,304.0,19.0,13.44,70.72,1.38,0.31,22.73,14.88,76.0,4.75,3.12,2.81,1.69,0.5,0.38,0.0,0.0,65.79,60.0,0.56,1.38,0.12,0.44,0.19,0.06,33.33,2.69,0.62,23.26,4.31,1.06,24.64,0.31,7.25
1230,Eredivisie (NL),14346,Sydney van Hooijdonk,S. van Hooijdonk,2000-02-06,71.34,18.96,20.79,18,18,0,279.0,15.5,9.0,58.06,2.5,0.22,4.06,1.1,178.0,9.89,6.22,62.92,2.5,1.17,46.67,4.83,53.0,2.94,1.22,1.61,0.56,0.78,0.67,0.11,16.67,41.51,34.48,0.39,1.06,0.83,0.33,0.17,0.06,33.33,3.44,0.22,6.45,5.06,0.67,13.19,1.11,21.98
1230,Eredivisie (NL),14369,Mattijs Branderhorst,M. Branderhorst,1993-12-31,98.29,23.86,27.97,24,24,0,612.0,25.5,10.96,42.97,0.29,0.0,6.19,3.73,318.0,13.25,5.83,44.02,0.33,0.04,12.5,12.38,180.0,7.5,2.96,4.75,1.92,0.0,0.0,0.0,,39.44,40.35,0.0,0.0,0.0,0.0,0.25,0.08,33.33,0.38,0.04,11.11,0.71,0.21,29.41,0.0,0.0
1230,Eredivisie (NL),14384,Thomas Buitink,T. Buitink,2000-06-14,21.28,4.44,5.56,8,7,1,21.0,3.0,1.57,52.38,0.43,0.0,6.83,1.63,14.0,2.0,1.14,57.14,0.29,0.14,50.0,1.0,5.0,0.71,0.29,0.57,0.14,0.29,0.29,0.0,0.0,40.0,25.0,0.14,0.29,0.29,0.29,0.14,0.0,0.0,0.29,0.0,0.0,0.86,0.0,0.0,0.29,33.34
1230,Eredivisie (NL),14403,Calvin Verdonk,C. Verdonk,1997-04-26,99.49,33.37,19.56,4,3,1,268.0,89.33,77.33,86.57,4.67,1.33,4.38,1.67,194.0,64.67,60.0,92.78,1.33,0.67,50.0,58.0,41.0,13.67,10.67,7.67,6.0,2.0,0.33,0.0,0.0,78.05,78.26,0.0,1.67,0.0,0.33,0.67,0.0,0.0,1.67,0.0,0.0,2.67,0.67,25.0,0.33,12.5
1230,Eredivisie (NL),14405,Dylan Vente,D. Vente,1999-05-09,78.67,23.16,20.97,30,29,1,516.0,17.79,10.55,59.3,3.41,0.41,4.05,1.09,368.0,12.69,7.79,61.41,2.52,1.21,47.95,7.9,73.0,2.52,1.31,1.76,0.72,1.07,0.93,0.24,25.93,52.05,41.18,0.86,1.66,1.0,0.21,0.1,0.07,66.67,3.59,0.66,18.27,5.86,0.97,16.47,1.59,27.06
1230,Eredivisie (NL),14420,Finn Stokkers,F. Stokkers,1996-04-18,19.68,5.26,4.61,19,19,0,89.0,4.68,2.11,44.94,1.32,0.11,5.34,1.28,40.0,2.11,1.26,60.0,0.42,0.21,50.0,1.0,19.0,1.0,0.47,0.68,0.32,0.63,0.53,0.16,30.0,47.37,46.15,0.11,0.42,0.32,0.32,0.05,0.0,0.0,0.42,0.0,0.0,0.89,0.26,29.41,0.42,47.06
1230,Eredivisie (NL),14432,Odysseus Velanas,O. Velanas,1998-06-05,55.35,14.5,17.01,13,12,1,257.0,21.42,14.5,67.71,2.33,0.42,6.09,2.01,193.0,16.08,11.58,72.02,1.67,0.92,55.0,12.5,69.0,5.75,4.0,3.17,1.92,0.58,0.42,0.17,40.0,69.57,60.52,0.5,1.5,0.25,0.17,0.67,0.5,75.0,2.08,0.33,16.0,3.67,0.25,6.82,0.58,15.91
1230,Eredivisie (NL),14440,Maarten Paes,M. Paes,1998-05-14,100.04,31.79,28.05,13,12,1,465.0,38.75,26.67,68.82,0.0,0.0,3.98,2.79,296.0,24.67,18.17,73.65,0.42,0.33,80.0,23.58,67.0,5.58,3.42,3.0,1.92,0.0,0.0,0.0,,61.19,63.89,0.0,0.0,0.0,0.0,0.33,0.17,50.0,0.83,0.08,10.0,1.25,0.58,46.67,0.0,0.0
1230,Eredivisie (NL),14477,Vito van Crooij,V. van Crooij,1996-01-29,65.48,18.9,18.19,17,15,2,271.0,18.07,11.6,64.21,1.93,0.13,4.16,1.12,165.0,11.0,7.53,68.49,0.73,0.2,27.27,8.67,48.0,3.2,1.73,2.13,0.93,0.73,0.53,0.13,25.0,54.17,43.75,0.67,1.4,0.4,0.27,0.4,0.0,0.0,1.2,0.13,11.11,1.93,0.13,6.9,0.47,24.14
1230,Eredivisie (NL),14478,Clint Leemans,C. Leemans,1995-09-15,49.24,13.93,13.04,31,31,0,901.0,29.06,22.68,78.02,1.9,0.1,4.56,1.59,600.0,19.35,16.23,83.83,0.84,0.42,50.0,16.42,169.0,5.45,4.19,2.77,1.97,0.65,0.29,0.13,44.44,76.92,70.93,0.48,0.77,0.16,0.1,0.32,0.16,50.0,1.42,0.19,13.64,2.13,0.48,22.73,0.32,15.15
1230,Eredivisie (NL),14483,Thomas van den Belt,T. van den Belt,2001-06-18,71.83,21.91,20.07,31,31,0,1073.0,34.61,26.03,75.21,4.39,0.42,3.7,1.15,698.0,22.52,17.45,77.51,1.71,0.77,45.28,17.65,164.0,5.29,3.84,3.48,2.26,1.42,1.19,0.55,45.95,72.56,64.81,1.16,2.06,0.52,0.61,0.45,0.26,57.14,2.71,0.35,13.1,4.29,1.0,23.31,0.94,21.8
1230,Eredivisie (NL),14498,Michael Brouwer,M. Brouwer,1993-01-21,75.84,21.48,19.37,2,2,0,41.0,20.5,13.5,65.85,0.0,0.0,2.15,2.04,23.0,11.5,9.0,78.26,0.0,0.0,,12.0,1.0,0.5,0.5,0.5,0.5,0.0,0.0,0.0,,100.0,100.0,0.0,0.0,0.0,0.0,0.0,0.0,,0.0,0.0,,0.0,0.0,,0.0,
1230,Eredivisie (NL),14515,Delano van Crooij,D. van Crooij,1991-06-05,97.16,26.02,27.02,1,1,0,24.0,24.0,16.0,66.67,7.0,0.0,8.31,1.51,11.0,11.0,6.0,54.55,0.0,0.0,,11.0,7.0,7.0,5.0,5.0,4.0,5.0,4.0,3.0,75.0,71.43,80.0,0.0,2.0,0.0,0.0,1.0,0.0,0.0,0.0,0.0,,0.0,0.0,,0.0,
1230,Eredivisie (NL),14520,Evert Linthorst,E. Linthorst,2000-03-03,55.7,15.47,15.98,29,28,1,773.0,27.61,22.21,80.47,1.5,0.36,4.14,1.6,513.0,18.32,16.07,87.72,0.39,0.21,54.55,16.18,131.0,4.68,4.21,1.82,1.75,0.21,0.07,0.04,50.0,90.08,96.08,0.14,0.39,0.07,0.0,0.11,0.04,33.33,0.89,0.11,12.0,1.36,0.11,7.89,0.07,5.26
1230,Eredivisie (NL),14524,Simon Janssen,S. Janssen,2000-09-25,44.57,12.35,13.67,12,11,1,173.0,15.73,11.45,72.83,1.0,0.27,5.73,1.6,115.0,10.45,8.09,77.39,1.36,0.91,66.67,8.73,43.0,3.91,2.55,2.27,1.45,1.45,0.91,0.55,60.0,65.12,64.0,0.09,2.55,0.0,0.18,0.27,0.0,0.0,1.55,0.27,17.65,2.55,1.09,42.86,0.55,21.43
1230,Eredivisie (NL),14525,Sem  Steijn,S. Steijn,2001-11-12,56.6,17.54,14.56,21,21,0,347.0,16.52,12.05,72.91,3.14,0.57,4.01,1.24,236.0,11.24,8.29,73.73,1.48,0.71,48.39,7.76,50.0,2.38,1.9,1.24,0.81,0.57,0.52,0.38,72.73,80.0,65.39,0.81,2.67,0.43,0.19,0.1,0.05,50.0,2.05,0.24,11.63,3.05,0.48,15.62,0.86,28.12
1230,Eredivisie (NL),14580,Jari De Busser,J. De Busser,1999-10-21,97.26,27.72,27.79,34,33,1,1132.0,34.3,21.15,61.66,0.09,0.0,4.61,3.66,674.0,20.42,13.48,66.02,0.33,0.09,27.27,19.7,208.0,6.3,3.73,3.88,2.33,0.03,0.0,0.0,,59.13,60.16,0.0,0.0,0.0,0.0,0.12,0.09,75.0,0.52,0.12,23.53,0.7,0.24,34.78,0.0,0.0
1230,Eredivisie (NL),14601,Takehiro Tomiyasu,T. Tomiyasu,1998-11-05,31.43,9.39,9.34,9,8,1,124.0,15.5,12.0,77.42,1.0,0.25,5.3,1.66,79.0,9.88,8.25,83.54,0.5,0.25,50.0,8.88,27.0,3.38,2.12,1.75,1.25,0.25,0.25,0.12,50.0,62.96,71.43,0.25,0.62,0.0,0.38,0.12,0.0,0.0,0.75,0.25,33.33,1.12,0.38,33.33,0.12,11.11
1230,Eredivisie (NL),14919,Cyle Christopher Larin,C. Larin,1995-04-17,23.85,7.0,5.76,8,8,0,48.0,6.0,3.38,56.25,1.62,0.0,4.34,1.19,26.0,3.25,2.0,61.54,1.12,0.38,33.33,1.38,9.0,1.12,0.88,0.25,0.12,0.25,0.12,0.0,0.0,77.78,50.0,0.12,0.38,0.5,0.0,0.0,0.0,,1.38,0.12,9.09,2.0,0.0,0.0,1.0,50.0
1230,Eredivisie (NL),16481,Ibrahim Sadiq,I. Sadiq,2000-05-07,35.75,10.87,9.17,20,20,0,284.0,14.2,8.85,62.32,2.0,0.1,4.88,1.58,198.0,9.9,6.3,63.64,0.85,0.45,52.94,7.6,61.0,3.05,1.65,2.0,0.75,0.7,0.65,0.2,30.77,54.1,37.5,0.4,0.85,0.25,0.25,0.15,0.0,0.0,1.2,0.05,4.17,2.55,0.45,17.65,0.35,13.73
1230,Eredivisie (NL),16552,Darko Nejašmić,D. Nejašmić,1999-01-25,90.95,27.76,20.2,29,26,3,1218.0,46.85,37.46,79.97,3.15,0.38,4.29,1.56,750.0,28.85,24.46,84.8,0.92,0.46,50.0,25.04,228.0,8.77,7.38,3.27,2.5,1.15,0.15,0.04,25.0,84.21,76.47,0.54,2.08,0.04,0.31,0.46,0.27,58.33,1.5,0.15,10.26,2.54,0.77,30.3,0.15,6.06
1230,Eredivisie (NL),16666,Gernot Trauner,G. Trauner,1992-03-25,59.32,16.21,19.08,5,5,0,141.0,28.2,23.6,83.69,1.4,0.0,4.15,1.46,87.0,17.4,15.2,87.36,0.0,0.0,,17.0,24.0,4.8,3.6,3.8,3.0,0.4,0.0,0.0,,75.0,78.95,0.0,0.2,0.0,0.4,1.0,0.6,60.0,0.0,0.0,,0.8,0.4,50.0,0.0,0.0
1230,Eredivisie (NL),16997,Paweł Bochniewicz,P. Bochniewicz,1996-01-30,10.2,2.65,1.67,1,1,0,0.0,0.0,0.0,,0.0,0.0,,,0.0,0.0,0.0,,0.0,0.0,,0.0,0.0,0.0,0.0,0.0,0.0,0.0,0.0,0.0,,,,0.0,0.0,0.0,0.0,0.0,0.0,,0.0,0.0,,0.0,0.0,,0.0,
1230,Eredivisie (NL),17018,Daniel Bielica,D. Bielica,1999-04-30,98.18,26.11,27.32,33,32,1,847.0,26.47,15.78,59.62,0.03,0.0,3.96,2.81,466.0,14.56,9.47,65.02,0.47,0.09,20.0,13.75,140.0,4.38,2.38,2.66,1.53,0.0,0.0,0.0,,54.29,57.65,0.0,0.0,0.0,0.0,0.06,0.06,100.0,0.53,0.12,23.53,0.78,0.22,28.0,0.0,0.0
1230,Eredivisie (NL),17116,Dennis Man,D. Man,1998-08-26,63.33,21.93,14.81,25,25,0,782.0,31.28,21.84,69.82,4.28,0.88,8.54,2.1,620.0,24.8,18.2,73.39,3.2,1.92,60.0,18.84,275.0,11.0,6.32,6.32,3.44,3.4,2.56,0.92,35.94,57.45,54.43,0.36,3.08,0.88,1.6,1.44,0.64,44.44,4.56,0.64,14.03,6.72,1.68,25.0,1.24,18.45
1230,Eredivisie (NL),17462,Elazar Dasa,E. Dasa,1992-12-03,91.09,28.48,19.86,22,22,0,932.0,42.36,32.18,75.97,3.27,0.27,5.59,1.76,658.0,29.91,23.91,79.94,1.64,0.77,47.22,26.91,230.0,10.45,7.91,3.86,2.64,1.86,0.64,0.32,50.0,75.65,68.24,0.59,2.82,0.14,0.77,0.59,0.23,38.46,2.36,0.14,5.77,3.64,0.59,16.25,0.55,15.0
1230,Eredivisie (NL),17674,Enes Mahmutovic,E. Mahmutovic,1997-05-22,51.79,11.76,15.48,15,14,1,247.0,17.64,13.0,73.69,0.71,0.0,3.91,1.39,133.0,9.5,8.29,87.22,0.21,0.0,0.0,8.79,41.0,2.93,2.21,1.29,1.0,0.5,0.21,0.14,66.67,75.61,77.78,0.0,0.07,0.07,0.0,0.07,0.0,0.0,0.21,0.0,0.0,0.43,0.07,16.67,0.14,33.33
1230,Eredivisie (NL),18767,Pelle Clement,P. Clement,1996-05-19,66.34,17.0,21.23,25,25,0,625.0,25.0,19.08,76.32,1.76,0.36,5.72,1.61,379.0,15.16,12.56,82.85,0.88,0.44,50.0,12.28,147.0,5.88,4.6,2.64,1.84,1.56,1.0,0.68,68.0,78.23,69.7,0.92,1.36,0.16,0.32,0.4,0.28,70.0,1.28,0.12,9.38,2.36,0.56,23.73,0.24,10.17
1230,Eredivisie (NL),18872,Steven Benda,S. Benda,1998-10-01,100.78,34.18,14.3,1,1,0,21.0,21.0,17.0,80.95,0.0,0.0,3.73,3.3,12.0,12.0,9.0,75.0,1.0,1.0,100.0,12.0,3.0,3.0,2.0,1.0,1.0,0.0,0.0,0.0,,66.67,100.0,0.0,0.0,0.0,0.0,0.0,0.0,,1.0,0.0,0.0,1.0,1.0,100.0,0.0,0.0
1230,Eredivisie (NL),19021,Siebe Horemans,S. Horemans,1998-06-02,70.25,18.58,20.87,29,28,1,824.0,29.43,22.18,75.36,1.89,0.14,3.08,1.14,577.0,20.61,16.89,81.98,0.75,0.32,42.86,19.96,91.0,3.25,2.14,1.21,0.96,0.93,0.46,0.36,76.92,65.93,79.41,0.0,1.64,0.07,0.0,0.07,0.07,100.0,1.39,0.39,28.2,2.25,0.46,20.63,0.14,6.35
1230,Eredivisie (NL),19024,Jerdy Schouten,J. Schouten,1997-01-12,90.42,32.22,20.45,28,27,1,1879.0,69.59,62.78,90.21,4.04,0.33,3.9,1.42,1401.0,51.89,48.85,94.15,0.89,0.56,62.5,46.67,259.0,9.59,8.48,4.67,4.37,0.74,0.26,0.26,100.0,88.42,93.65,0.59,0.96,0.07,0.15,0.44,0.26,58.33,1.89,0.67,35.3,3.44,0.48,13.98,0.44,12.9
1230,Eredivisie (NL),19212,Gerrit Nauber,G. Nauber,1992-04-13,97.94,29.16,26.22,9,9,0,452.0,50.22,42.89,85.4,2.11,0.33,3.89,1.77,329.0,36.56,33.11,90.58,0.22,0.0,0.0,35.11,53.0,5.89,4.89,3.44,3.0,0.33,0.11,0.11,100.0,83.02,87.1,0.0,0.0,0.0,0.0,0.44,0.0,0.0,0.33,0.0,0.0,0.44,0.0,0.0,0.0,0.0
1230,Eredivisie (NL),19906,Andries Noppert,A. Noppert,1994-04-07,103.63,29.14,25.66,4,4,0,138.0,34.5,20.25,58.7,0.25,0.0,3.96,3.04,79.0,19.75,12.0,60.76,0.5,0.0,0.0,19.75,24.0,6.0,3.75,2.0,1.0,0.0,0.0,0.0,,62.5,50.0,0.0,0.0,0.0,0.0,0.0,0.0,,0.75,0.25,33.33,1.0,0.25,25.0,0.0,0.0
1230,Eredivisie (NL),20103,Iván Márquez Álvarez,Iván Márquez,1994-06-09,85.2,19.96,25.58,32,32,0,994.0,31.06,25.0,80.48,0.97,0.06,3.13,1.19,613.0,19.16,17.75,92.66,0.06,0.03,50.0,18.47,84.0,2.62,2.38,0.66,0.62,0.5,0.09,0.09,100.0,90.48,95.24,0.0,0.06,0.03,0.0,0.12,0.06,50.0,0.06,0.0,0.0,0.22,0.03,14.28,0.03,14.29
1230,Eredivisie (NL),22142,Anel Ahmedhodžić,A. Ahmedhodžić,1999-03-26,91.99,27.32,24.17,26,26,0,1401.0,53.88,47.12,87.44,2.38,0.23,6.3,1.94,987.0,37.96,35.38,93.21,0.54,0.23,42.86,35.92,410.0,15.77,14.19,8.92,8.0,2.81,1.38,1.15,83.33,90.0,89.66,0.19,1.15,0.0,0.19,1.08,0.69,64.29,0.88,0.12,13.04,1.12,0.23,20.69,0.0,0.0
1230,Eredivisie (NL),22254,Arthur Zagré,A. Zagré,2001-10-04,84.45,24.17,24.65,30,27,3,1048.0,38.81,29.26,75.38,2.22,0.26,5.05,1.67,721.0,26.7,21.7,81.28,2.0,1.15,57.41,22.85,224.0,8.3,5.96,4.15,2.81,1.78,1.26,0.63,50.0,71.88,67.86,0.15,1.81,0.22,0.63,0.33,0.22,66.67,2.78,0.59,21.33,4.41,1.52,34.45,0.56,12.61
1230,Eredivisie (NL),23105,Troy Parrott,T. Parrott,2002-02-04,83.94,25.97,23.18,28,28,0,633.0,22.61,12.96,57.34,4.96,0.71,5.27,1.34,427.0,15.25,9.11,59.72,3.75,1.61,42.86,8.04,146.0,5.21,3.11,2.82,1.36,2.0,1.43,0.5,35.0,59.59,48.1,1.82,2.07,1.43,0.54,0.14,0.07,50.0,4.96,0.57,11.51,8.11,1.14,14.1,2.39,29.52
1230,Eredivisie (NL),23110,Sergiño Dest,S. Dest,2000-11-03,87.03,30.13,20.5,27,26,1,1460.0,56.15,45.46,80.96,4.35,0.73,5.94,1.85,1143.0,43.96,36.35,82.68,2.81,1.27,45.21,38.27,355.0,13.65,9.85,8.04,5.42,3.19,2.27,1.19,52.54,72.11,67.46,0.31,2.65,0.42,2.15,1.12,0.5,44.83,4.62,0.62,13.33,6.69,1.62,24.14,0.85,12.64
1230,Eredivisie (NL),23721,Robert Mühren,R. Mühren,1989-05-18,32.47,8.17,9.13,30,28,2,156.0,5.57,2.5,44.87,1.5,0.32,5.38,1.21,81.0,2.89,1.46,50.62,0.57,0.21,37.5,1.61,37.0,1.32,0.43,0.89,0.21,0.68,0.5,0.14,28.57,32.43,24.0,0.25,0.39,0.25,0.25,0.04,0.0,0.0,0.79,0.07,9.09,1.54,0.5,32.56,0.54,34.88
1230,Eredivisie (NL),23972,Mohamed Amine Ihattaren,M. Ihattaren,2002-02-12,73.36,17.99,21.42,28,28,0,945.0,33.75,21.11,62.54,4.71,0.57,5.76,1.98,671.0,23.96,15.07,62.89,3.07,1.57,51.16,17.79,204.0,7.29,3.96,4.32,2.29,1.07,0.96,0.43,44.44,54.41,52.89,0.96,1.71,0.11,1.5,1.18,0.29,24.24,4.54,0.5,11.02,7.18,1.25,17.41,1.18,16.42
1230,Eredivisie (NL),24162,Ozan Can Kökcü,O. Kökcü,1998-08-18,58.3,15.15,18.22,27,25,2,513.0,20.52,15.84,77.19,1.96,0.24,6.62,1.9,350.0,14.0,11.32,80.86,1.28,0.88,68.75,11.24,156.0,6.24,5.2,2.64,2.12,1.2,0.76,0.48,63.16,83.33,80.3,0.6,1.84,0.16,0.2,0.32,0.16,50.0,1.76,0.32,18.18,2.96,0.24,8.11,0.48,16.22
1230,Eredivisie (NL),24221,Ivan Mesík,I. Mesík,2001-06-01,94.76,22.12,27.85,30,30,0,1042.0,34.73,25.03,72.07,1.77,0.1,5.32,1.55,634.0,21.13,16.7,79.02,1.1,0.53,48.48,19.13,230.0,7.67,5.87,4.23,3.2,2.03,1.13,0.8,70.59,76.52,75.59,0.07,2.03,0.3,0.37,0.4,0.13,33.33,1.43,0.13,9.3,2.43,0.63,26.03,0.53,21.92
1230,Eredivisie (NL),24470,Matěj Kovář,M. Kovář,2000-05-17,97.15,33.58,22.7,31,30,1,1150.0,38.33,28.03,73.13,0.13,0.03,5.81,4.04,756.0,25.2,19.67,78.04,0.3,0.1,33.33,24.8,296.0,9.87,7.5,6.6,5.1,0.03,0.0,0.0,,76.01,77.27,0.0,0.0,0.0,0.0,0.27,0.07,25.0,0.7,0.13,19.05,0.9,0.2,22.22,0.0,0.0
1230,Eredivisie (NL),24559,Jan Žambůrek,J. Žambůrek,2001-02-13,70.06,17.14,20.9,26,26,0,638.0,24.54,18.54,75.55,1.08,0.12,4.53,1.43,389.0,14.96,12.0,80.21,0.62,0.27,43.75,11.31,111.0,4.27,3.38,1.46,1.0,0.65,0.31,0.19,62.5,79.28,68.42,0.42,1.0,0.04,0.23,0.19,0.04,20.0,1.12,0.23,20.69,2.69,0.46,17.14,0.23,8.57
1230,Eredivisie (NL),24674,Maxence Rivera,M. Rivera,2002-05-30,72.75,21.36,20.75,29,29,0,835.0,28.79,16.34,56.77,5.0,0.41,8.55,2.23,620.0,21.38,12.41,58.07,2.24,0.9,40.0,17.79,300.0,10.34,5.1,6.48,2.86,2.28,1.79,0.41,23.08,49.33,44.15,0.79,1.41,0.72,2.1,1.59,0.52,32.61,2.97,0.45,15.12,5.38,1.31,24.36,0.97,17.95
1230,Eredivisie (NL),24874,Danilo Pereira da Silva,Danilo,1999-04-07,32.61,10.95,5.43,11,9,2,86.0,9.56,5.22,54.65,1.89,0.11,5.24,1.42,43.0,4.78,2.67,55.81,1.56,0.78,50.0,3.22,21.0,2.33,1.56,1.44,0.89,0.33,0.33,0.22,66.67,66.67,61.54,0.33,1.44,0.56,0.33,0.22,0.11,50.0,2.11,0.56,26.32,2.89,0.33,11.54,0.78,26.92
1230,Eredivisie (NL),24875,Etienne Vaessen,E. Vaessen,1995-07-26,94.12,26.75,25.84,28,27,1,1040.0,38.52,24.81,64.42,0.37,0.04,5.82,3.67,609.0,22.56,15.81,70.11,0.19,0.07,40.0,21.04,270.0,10.0,6.04,5.85,3.74,0.04,0.0,0.0,,60.37,63.92,0.0,0.0,0.0,0.0,0.44,0.22,50.0,0.19,0.0,0.0,0.44,0.19,41.67,0.0,0.0
1230,Eredivisie (NL),24880,Emil Hansson,E. Hansson,1998-06-15,52.6,16.37,15.63,12,10,2,180.0,18.0,12.2,67.78,2.4,0.2,8.33,2.15,132.0,13.2,9.2,69.7,2.5,1.7,68.0,10.9,68.0,6.8,4.1,3.8,2.1,1.7,1.3,0.5,38.46,60.29,55.26,0.3,2.3,0.1,1.2,0.8,0.2,25.0,3.0,0.5,16.67,4.4,0.6,13.64,0.3,6.82
1230,Eredivisie (NL),24885,Melle Meulensteen,M. Meulensteen,1999-07-04,88.92,25.6,25.6,34,33,1,1651.0,50.03,41.09,82.13,2.73,0.36,5.14,1.7,1073.0,32.52,28.97,89.1,0.82,0.55,66.67,28.85,340.0,10.3,8.61,4.39,3.45,1.12,0.45,0.33,73.33,83.53,78.62,0.64,2.27,0.09,0.27,0.33,0.18,54.55,1.27,0.18,14.28,2.48,0.52,20.73,0.27,10.98
1230,Eredivisie (NL),24888,Saïd Riad  Bakari,S. Bakari,1994-09-22,36.45,9.44,11.45,13,13,0,234.0,18.0,13.54,75.21,1.0,0.08,5.96,1.83,149.0,11.46,9.23,80.53,0.54,0.23,42.86,10.38,54.0,4.15,2.85,1.85,1.15,1.08,0.85,0.69,81.82,68.52,62.5,0.23,1.23,0.0,0.31,0.38,0.15,40.0,0.69,0.15,22.22,1.0,0.15,15.38,0.08,7.69
1230,Eredivisie (NL),24893,Youri Pieter Regeer,Y. Regeer,2003-08-18,69.72,22.8,18.79,26,25,1,972.0,38.88,33.8,86.93,1.8,0.28,4.06,1.38,697.0,27.88,25.4,91.11,1.0,0.56,56.0,23.04,154.0,6.16,5.32,2.56,2.0,1.28,0.84,0.52,61.91,86.36,78.13,0.48,1.96,0.16,0.2,0.08,0.08,100.0,1.56,0.24,15.38,2.56,0.48,18.75,0.36,14.06
1230,Eredivisie (NL),24911,Ko Itakura,K. Itakura,1997-01-27,78.51,23.98,22.09,18,18,0,869.0,48.28,42.5,88.03,1.44,0.28,4.33,1.69,640.0,35.56,33.11,93.13,0.22,0.06,25.0,33.61,153.0,8.5,7.78,4.61,4.28,0.83,0.44,0.33,75.0,91.5,92.77,0.33,0.56,0.06,0.28,0.33,0.28,83.33,0.56,0.06,10.0,0.94,0.17,17.65,0.06,5.88
1230,Eredivisie (NL),25016,Fabian de Keijzer,F. de Keijzer,2000-05-10,97.34,22.49,29.94,8,8,0,254.0,31.75,17.25,54.33,0.12,0.0,4.77,3.67,159.0,19.88,11.0,55.35,0.38,0.0,0.0,18.5,50.0,6.25,3.0,3.38,1.75,0.0,0.0,0.0,,48.0,51.85,0.0,0.0,0.0,0.0,0.25,0.25,100.0,0.75,0.12,16.67,1.0,0.25,25.0,0.0,0.0
1230,Eredivisie (NL),25017,Justin Lonwijk,J. Lonwijk,1999-12-21,63.97,16.03,18.44,15,15,0,247.0,16.47,9.4,57.08,2.33,0.4,3.4,1.03,144.0,9.6,5.27,54.86,1.47,0.4,27.27,5.27,35.0,2.33,1.4,1.27,0.73,0.6,0.53,0.2,37.5,60.0,57.89,0.93,1.6,0.47,0.2,0.07,0.07,100.0,2.33,0.33,14.29,3.8,0.6,15.79,0.4,10.53
1230,Eredivisie (NL),25077,Jakub Moder,J. Moder,1999-04-07,87.35,24.3,22.93,10,9,1,337.0,37.44,25.0,66.77,4.44,0.0,4.46,1.4,219.0,24.33,17.67,72.6,2.89,0.89,30.77,19.11,61.0,6.78,4.44,2.89,1.33,1.22,1.0,0.33,33.33,65.57,46.15,1.11,1.44,0.22,0.11,0.11,0.11,100.0,4.11,0.33,8.11,5.89,1.11,18.87,1.0,16.98
1230,Eredivisie (NL),25342,Shawn Femi Adewoye,S. Adewoye,2000-06-29,78.27,18.2,23.4,28,28,0,842.0,30.07,24.36,81.0,0.79,0.11,4.57,1.54,516.0,18.43,16.64,90.31,0.14,0.07,50.0,17.36,150.0,5.36,4.29,1.79,1.54,0.79,0.04,0.04,100.0,80.0,86.0,0.11,0.21,0.0,0.04,0.39,0.11,27.27,0.14,0.0,0.0,0.46,0.0,0.0,0.0,0.0
1230,Eredivisie (NL),25347,Matisse  Didden,M. Didden,2001-10-08,87.67,23.22,27.07,24,23,1,1043.0,45.35,37.09,81.78,1.65,0.17,4.64,1.64,678.0,29.48,26.3,89.23,0.3,0.09,28.57,27.04,183.0,7.96,6.43,3.13,2.57,1.09,0.26,0.13,50.0,80.87,81.94,0.04,0.09,0.0,0.3,0.96,0.57,59.09,0.48,0.04,9.09,0.65,0.17,26.67,0.09,13.33
1230,Eredivisie (NL),25348,Luca Oyen,L. Oyen,2003-03-14,37.4,11.78,11.09,15,14,1,215.0,15.36,8.79,57.21,2.29,0.21,7.99,2.22,144.0,10.29,6.57,63.89,1.36,0.64,47.37,7.21,79.0,5.64,3.07,2.64,1.29,0.64,0.43,0.14,33.33,54.43,48.65,0.29,1.21,0.29,0.57,0.21,0.14,66.67,1.93,0.57,29.63,3.57,0.79,22.0,0.57,16.0
1230,Eredivisie (NL),25429,In-Beom Hwang,Hwang In-Beom,1996-09-20,62.93,18.72,17.35,17,16,1,554.0,34.62,26.62,76.9,3.0,0.38,4.57,1.39,362.0,22.62,18.25,80.66,0.94,0.31,33.33,18.31,111.0,6.94,5.56,3.12,2.31,1.06,0.38,0.19,50.0,80.18,74.0,1.12,2.0,0.19,0.31,0.25,0.19,75.0,1.81,0.31,17.24,2.94,0.75,25.53,0.62,21.28
1230,Eredivisie (NL),25517,Henk Veerman,H. Veerman,1991-02-26,73.86,19.08,23.08,23,22,1,211.0,9.59,4.5,46.92,2.23,0.32,3.75,1.11,130.0,5.91,2.77,46.92,1.59,0.64,40.0,2.45,36.0,1.64,0.77,0.86,0.23,0.14,0.09,0.0,0.0,47.22,26.32,0.45,0.14,0.95,0.27,0.0,0.0,,1.95,0.23,11.63,3.32,0.64,19.18,1.14,34.25
1230,Eredivisie (NL),25548,Marco Rente,M. Rente,1997-02-25,83.92,23.24,24.14,29,28,1,819.0,29.25,20.32,69.47,2.82,0.39,3.68,1.16,513.0,18.32,13.29,72.51,1.07,0.61,56.67,16.54,122.0,4.36,3.18,2.14,1.54,1.14,0.68,0.43,63.16,72.95,71.67,0.07,1.18,0.18,0.25,0.29,0.18,62.5,1.46,0.29,19.51,2.61,0.57,21.92,0.61,23.29
1230,Eredivisie (NL),25550,Can Bozdogan,C. Bozdogan,2001-04-05,28.8,8.32,7.62,18,17,1,249.0,14.65,11.12,75.9,1.53,0.12,5.96,1.91,177.0,10.41,8.41,80.79,0.65,0.29,45.45,8.71,66.0,3.88,3.18,1.76,1.35,0.29,0.29,0.24,80.0,81.82,76.67,0.35,0.47,0.18,0.18,0.29,0.06,20.0,1.0,0.12,11.77,1.65,0.53,32.14,0.24,14.29
1230,Eredivisie (NL),25616,Gonzalo Alejandro Crettaz,G. Crettaz,2000-02-28,99.86,31.25,21.51,31,28,3,1251.0,44.68,24.18,54.12,0.5,0.04,5.48,3.8,828.0,29.57,16.89,57.13,0.11,0.07,66.67,28.07,275.0,9.82,5.14,3.57,1.93,0.0,0.0,0.0,,52.36,54.0,0.0,0.0,0.0,0.04,0.96,0.32,33.33,0.18,0.04,20.0,0.43,0.21,50.0,0.0,0.0
1230,Eredivisie (NL),26218,Yassin Oukili,Y. Oukili,2001-01-03,41.3,9.59,12.14,13,13,0,174.0,13.38,8.54,63.79,1.46,0.23,3.36,1.2,89.0,6.85,5.23,76.4,0.38,0.23,60.0,5.0,19.0,1.46,1.15,0.54,0.38,0.15,0.08,0.08,100.0,78.95,71.43,0.15,0.85,0.0,0.08,0.08,0.0,0.0,1.08,0.23,21.43,1.54,0.0,0.0,0.31,20.0
1230,Eredivisie (NL),26632,Luuk Koopmans,L. Koopmans,1993-11-18,98.25,23.26,30.57,10,10,0,240.0,24.0,10.8,45.0,0.1,0.0,6.27,3.78,128.0,12.8,6.2,48.44,0.0,0.0,,11.6,64.0,6.4,2.1,4.5,1.5,0.0,0.0,0.0,,32.81,33.33,0.0,0.0,0.0,0.0,0.1,0.1,100.0,0.3,0.1,33.33,0.6,0.1,16.67,0.0,0.0
1230,Eredivisie (NL),26635,Bilal  Ould-Chikh,B. Ould-Chikh,1997-07-28,81.41,21.57,22.57,12,11,1,281.0,25.55,16.36,64.06,4.0,0.27,10.12,2.98,197.0,17.91,11.82,65.99,1.64,0.91,55.56,15.27,122.0,11.09,6.73,6.45,3.0,1.18,1.09,0.36,33.33,60.66,46.48,0.09,0.82,0.18,2.18,1.18,0.36,30.77,2.27,0.55,24.0,3.27,0.82,25.0,0.55,16.67
1230,Eredivisie (NL),26639,Boy Kemper,B. Kemper,1999-06-21,95.82,25.38,26.55,32,31,1,1223.0,39.45,25.39,64.35,3.03,0.16,5.2,1.49,811.0,26.16,18.06,69.05,1.52,0.45,29.79,23.48,266.0,8.58,5.13,5.35,2.97,2.29,1.71,0.71,41.51,59.77,55.42,0.1,2.55,0.29,0.42,0.48,0.26,53.33,1.87,0.1,5.17,3.19,0.84,26.26,0.35,11.11
1230,Eredivisie (NL),26758,Sam Kersten,S. Kersten,1998-01-30,82.68,23.6,23.4,31,30,1,1293.0,43.1,36.9,85.62,1.5,0.17,4.56,1.72,882.0,29.4,27.1,92.18,0.1,0.0,0.0,28.23,221.0,7.37,6.17,3.57,2.97,1.17,0.4,0.27,66.67,83.71,83.18,0.17,0.13,0.03,0.1,0.67,0.37,55.0,0.2,0.1,50.0,0.53,0.1,18.75,0.07,12.5
1230,Eredivisie (NL),26778,Joey  Veerman,J. Veerman,1998-11-19,83.96,29.8,19.78,30,29,1,1887.0,65.07,54.03,83.04,5.86,0.9,3.53,1.42,1481.0,51.07,43.93,86.02,1.55,1.03,66.67,43.97,252.0,8.69,7.38,2.93,2.38,0.66,0.38,0.17,45.45,84.92,81.18,1.21,1.86,0.17,0.17,0.76,0.55,72.73,2.79,0.48,17.28,4.45,0.69,15.5,0.76,17.05
1230,Eredivisie (NL),26860,Tsuyoshi Watanabe,T. Watanabe,1997-02-05,96.22,27.88,25.4,30,30,0,1728.0,57.6,50.0,86.81,2.7,0.3,5.3,1.74,1185.0,39.5,36.4,92.15,0.37,0.1,27.27,37.47,377.0,12.57,11.33,6.77,6.13,1.77,0.77,0.7,91.3,90.19,90.64,0.13,1.17,0.03,0.37,0.43,0.17,38.46,0.57,0.07,11.76,0.73,0.1,13.64,0.07,9.09
1230,Eredivisie (NL),26886,Ayase Ueda,A. Ueda,1998-08-28,86.93,25.19,23.33,31,30,1,522.0,17.4,9.2,52.87,4.47,0.87,3.35,0.99,328.0,10.93,5.37,49.09,3.07,1.03,33.7,4.3,66.0,2.2,1.1,1.33,0.43,0.8,0.67,0.1,15.0,50.0,32.5,1.1,1.5,1.1,0.57,0.07,0.03,50.0,4.13,0.43,10.48,6.57,0.77,11.68,2.0,30.46
1230,Eredivisie (NL),27121,Ricardo Daniel Pepi,R. Pepi,2003-01-09,57.78,20.15,13.5,26,25,1,350.0,14.0,8.24,58.86,3.44,0.52,4.72,1.21,216.0,8.64,4.92,56.94,1.92,0.92,47.92,4.92,66.0,2.64,1.72,1.2,0.72,0.76,0.52,0.16,30.77,65.15,60.0,0.32,1.72,0.84,0.12,0.04,0.0,0.0,2.56,0.2,7.81,4.16,0.2,4.81,1.64,39.42
1230,Eredivisie (NL),27365,Søren Tengstedt,S. Tengstedt,2000-06-30,53.84,15.15,15.9,13,12,1,207.0,17.25,10.42,60.39,2.92,0.42,7.94,2.13,140.0,11.67,7.25,62.14,1.75,0.5,28.57,8.25,77.0,6.42,4.67,2.58,1.83,1.08,0.58,0.33,57.14,72.73,70.97,0.33,1.67,0.58,0.67,0.42,0.25,60.0,2.5,0.25,10.0,4.92,0.5,10.17,1.0,20.34
1230,Eredivisie (NL),27465,Simon Graves Jensen,S. Graves,1999-05-22,90.38,22.15,28.53,32,30,2,1500.0,50.0,40.0,80.0,1.03,0.13,3.53,1.45,937.0,31.23,27.07,86.66,0.23,0.13,57.14,29.0,191.0,6.37,4.87,3.17,2.53,0.67,0.1,0.1,100.0,76.44,80.0,0.07,0.03,0.0,0.03,0.83,0.27,32.0,0.4,0.03,8.33,0.63,0.2,31.58,0.0,0.0
1230,Eredivisie (NL),27677,Dylan Mbayo,D. Mbayo,2001-10-11,39.05,9.57,12.01,14,13,1,154.0,11.85,8.08,68.18,1.08,0.08,8.08,2.35,116.0,8.92,6.31,70.69,1.15,0.62,53.33,7.15,54.0,4.15,2.69,2.77,1.54,1.08,0.77,0.54,70.0,64.81,55.56,0.15,0.69,0.0,0.46,0.46,0.23,50.0,1.54,0.31,20.0,2.92,0.46,15.79,0.0,0.0
1230,Eredivisie (NL),27690,Alec Van Hoorenbeeck,A. Van Hoorenbeeck,1998-12-30,97.84,23.5,28.39,24,24,0,1108.0,46.17,37.54,81.32,1.46,0.08,5.37,1.67,659.0,27.46,24.96,90.9,0.42,0.12,30.0,25.79,255.0,10.62,9.67,4.04,3.83,2.08,0.5,0.46,91.67,90.98,94.85,0.17,0.62,0.08,0.04,0.58,0.46,78.57,0.46,0.04,9.09,0.67,0.25,37.5,0.17,25.0
1230,Eredivisie (NL),27770,Leo Greiml,L. Greiml,2001-07-03,88.43,22.9,24.17,14,14,0,640.0,45.71,37.79,82.66,0.93,0.14,3.55,1.42,390.0,27.86,26.21,94.1,0.07,0.07,100.0,26.79,71.0,5.07,4.14,2.21,2.0,0.86,0.07,0.07,100.0,81.69,90.32,0.0,0.07,0.0,0.07,0.14,0.07,50.0,0.07,0.0,0.0,0.5,0.0,0.0,0.07,14.29
1230,Eredivisie (NL),28094,Oscar Pettersson,O. Pettersson,2000-02-01,36.22,9.42,8.97,5,5,0,44.0,8.8,5.0,56.82,2.2,0.2,3.18,1.08,26.0,5.2,2.6,50.0,0.4,0.0,0.0,5.0,5.0,1.0,0.4,0.6,0.0,0.6,0.4,0.0,0.0,40.0,0.0,0.0,0.4,0.4,0.0,0.0,0.0,,0.4,0.0,0.0,1.0,0.4,40.0,0.4,40.0
1230,Eredivisie (NL),28137,Jesper Karlsson,J. Karlsson,1998-07-25,44.01,11.59,14.07,18,17,1,271.0,15.94,9.24,57.93,3.06,0.35,6.28,1.85,176.0,10.35,6.06,58.52,0.82,0.18,21.43,8.24,70.0,4.12,2.29,2.59,1.41,1.12,0.94,0.35,37.5,55.71,54.55,0.29,1.41,0.18,0.18,0.47,0.24,50.0,1.18,0.12,10.0,2.41,0.35,14.63,0.59,24.39
1230,Eredivisie (NL),28597,Raúl Moro Prescoli,Raúl Moro,2002-12-05,44.95,14.23,11.74,14,14,0,247.0,17.64,10.43,59.11,3.29,0.36,8.88,2.18,199.0,14.21,8.79,61.81,1.5,0.64,42.86,11.86,96.0,6.86,3.71,4.93,2.29,1.57,1.21,0.5,41.18,54.17,46.38,0.29,2.0,0.43,1.5,0.79,0.36,45.45,1.71,0.07,4.17,3.07,1.29,41.86,0.36,11.63
1230,Eredivisie (NL),28865,Jakob Breum Martinsen,J. Breum,2003-11-17,76.97,22.02,21.94,28,27,1,963.0,35.67,27.07,75.91,3.59,0.67,5.69,1.73,657.0,24.33,19.04,78.23,1.37,0.67,48.65,19.63,244.0,9.04,6.85,3.74,2.52,1.04,0.81,0.48,59.09,75.82,67.33,1.41,1.85,0.19,0.63,0.56,0.33,60.0,2.48,0.56,22.39,3.74,0.56,14.85,0.74,19.8
1230,Eredivisie (NL),29076,Vasilios Zagaritis,V. Zagaritis,2001-05-04,89.93,26.47,25.01,34,33,1,1274.0,38.61,28.7,74.33,2.94,0.21,6.56,1.85,923.0,27.97,22.55,80.61,1.76,0.82,46.55,25.0,339.0,10.27,7.79,6.64,4.7,2.79,2.33,1.42,61.04,75.81,70.78,0.3,4.0,0.52,0.48,0.48,0.36,75.0,2.39,0.36,15.19,4.0,0.94,23.49,0.55,13.64
1230,Eredivisie (NL),29154,Joël Drommel,J. Drommel,1996-11-16,97.56,25.95,29.87,32,32,0,1213.0,37.91,23.97,63.23,0.31,0.06,4.6,2.8,781.0,24.41,16.69,68.37,0.19,0.06,33.33,23.06,216.0,6.75,3.88,4.03,2.44,0.06,0.03,0.0,0.0,57.41,60.47,0.0,0.0,0.0,0.0,0.38,0.19,50.0,0.5,0.22,43.75,0.59,0.22,36.84,0.0,0.0
1230,Eredivisie (NL),29155,Ramiz Zerrouki,R. Zerrouki,1998-05-26,88.62,26.61,23.87,31,31,0,1533.0,49.45,40.19,81.28,4.35,0.29,4.07,1.36,1024.0,33.03,28.58,86.52,0.94,0.52,55.17,28.29,266.0,8.58,7.32,3.16,2.68,0.94,0.52,0.35,68.75,85.34,84.69,0.97,1.68,0.03,0.45,0.71,0.35,50.0,1.87,0.29,15.52,3.03,0.55,18.08,0.35,11.7
1230,Eredivisie (NL),29421,Casper Widell,C. Widell,2003-05-05,97.1,27.52,28.59,33,30,3,1432.0,47.73,38.57,80.8,1.33,0.03,3.78,1.42,931.0,31.03,27.53,88.72,0.33,0.07,20.0,29.53,191.0,6.37,5.43,3.27,2.8,0.53,0.0,0.0,,85.34,85.71,0.0,0.07,0.03,0.0,0.47,0.2,42.86,0.37,0.0,0.0,0.67,0.13,20.0,0.1,15.0
1230,Eredivisie (NL),29922,Bryan Michael Limbombe Ekango,B. Limbombe,2001-05-14,63.87,15.34,19.49,22,22,0,440.0,20.0,12.32,61.59,2.59,0.27,7.72,2.16,285.0,12.95,8.41,64.91,1.45,0.68,46.87,9.86,147.0,6.68,3.32,4.14,1.64,1.5,1.36,0.27,20.0,49.66,39.56,0.09,1.73,0.18,1.23,0.5,0.14,27.27,2.09,0.27,13.04,3.59,0.77,21.52,0.41,11.39
1230,Eredivisie (NL),29925,Anthony Descotte,A. Descotte,2003-08-03,72.54,18.6,20.72,14,13,1,241.0,18.54,10.15,54.77,3.0,0.31,7.78,1.89,159.0,12.23,7.31,59.75,2.31,0.92,40.0,6.38,81.0,6.23,3.92,2.85,1.38,1.77,1.31,0.62,47.06,62.97,48.65,1.15,2.31,0.69,1.0,0.08,0.0,0.0,3.31,0.77,23.26,5.77,0.77,13.33,1.38,24.0
1230,Eredivisie (NL),30201,Eliano Reijnders,E. Reijnders,2000-10-23,27.6,3.54,7.44,2,1,1,10.0,10.0,3.0,30.0,1.0,0.0,7.99,2.13,3.0,3.0,0.0,0.0,1.0,0.0,0.0,1.0,5.0,5.0,1.0,3.0,1.0,1.0,1.0,0.0,0.0,20.0,33.33,0.0,0.0,0.0,0.0,0.0,0.0,,1.0,0.0,0.0,2.0,1.0,50.0,0.0,0.0
1230,Eredivisie (NL),30217,Youssef El Kachati,Y. El Kachati,1999-11-30,32.02,10.3,5.78,19,16,3,146.0,9.12,4.12,45.21,1.56,0.31,7.63,2.02,94.0,5.88,2.94,50.0,1.38,0.81,59.09,2.5,48.0,3.0,1.19,1.94,0.5,0.94,0.88,0.06,7.14,39.58,25.81,0.25,0.25,0.69,0.56,0.06,0.0,0.0,1.94,0.5,25.81,3.56,0.69,19.3,1.25,35.09
1230,Eredivisie (NL),30236,Sven Mijnans,S. Mijnans,2000-03-09,83.88,25.77,22.49,30,30,0,1210.0,40.33,27.73,68.76,5.97,0.97,3.39,1.21,825.0,27.5,19.43,70.67,3.8,1.83,48.25,19.17,153.0,5.1,3.63,2.27,1.23,0.4,0.27,0.13,50.0,71.24,54.41,1.47,2.3,0.73,0.5,0.2,0.13,66.67,6.0,0.67,11.11,8.63,0.8,9.27,1.8,20.85
1230,Eredivisie (NL),30334,Charles-Andreas Brym,C. Brym,1998-08-08,67.55,17.16,19.0,24,24,0,592.0,24.67,13.79,55.91,4.12,0.42,7.9,2.25,379.0,15.79,9.21,58.31,2.5,1.0,40.0,10.17,213.0,8.88,4.92,5.58,2.75,1.5,1.17,0.5,42.86,55.4,49.25,1.29,2.08,0.5,1.38,1.0,0.33,33.33,4.12,0.38,9.09,6.54,1.21,18.47,0.71,10.83
1230,Eredivisie (NL),30785,Szymon Włodarczyk,S. Włodarczyk,2003-01-05,39.68,10.58,11.05,22,20,2,144.0,7.2,3.5,48.61,1.8,0.25,4.95,1.28,87.0,4.35,2.2,50.58,1.1,0.4,36.36,2.55,24.0,1.2,0.4,1.1,0.4,0.55,0.55,0.1,18.18,33.33,36.36,0.55,0.55,0.15,0.15,0.0,0.0,,1.4,0.05,3.57,2.3,0.45,19.57,0.15,6.52
1230,Eredivisie (NL),31230,Shola Shoretire,S. Shoretire,2004-02-02,73.74,18.43,22.25,24,23,1,562.0,24.43,16.91,69.22,2.17,0.35,6.35,1.79,403.0,17.52,12.57,71.71,2.57,1.35,52.54,12.35,156.0,6.78,4.22,3.39,1.87,1.7,1.13,0.35,30.77,62.18,55.13,0.87,2.26,0.43,0.83,0.57,0.35,61.54,3.65,0.43,11.9,5.3,0.83,15.57,0.57,10.66
1230,Eredivisie (NL),31266,Alfons Sampsted,A. Sampsted,1998-04-06,76.51,19.8,24.31,12,11,1,325.0,29.55,21.27,72.0,1.09,0.18,4.23,1.31,202.0,18.36,14.64,79.7,0.82,0.45,55.56,17.18,52.0,4.73,3.0,2.45,1.36,1.45,1.0,0.36,36.36,63.46,55.56,0.0,0.91,0.18,0.27,0.27,0.09,33.33,1.0,0.0,0.0,1.91,0.27,14.29,0.09,4.76
1230,Eredivisie (NL),31933,Miguel Rodríguez Vidal,Miguel Rodríguez,2003-04-29,60.55,15.9,18.35,24,24,0,548.0,22.83,13.38,58.58,3.62,0.29,7.0,2.01,394.0,16.42,10.0,60.91,3.08,1.29,41.89,11.58,159.0,6.62,3.58,3.04,1.58,1.33,0.88,0.38,42.86,54.09,52.05,0.46,1.33,0.33,1.0,0.96,0.29,30.43,4.08,0.71,17.35,5.96,0.79,13.29,0.92,15.38
1230,Eredivisie (NL),32167,Josip Šutalo,J. Šutalo,2000-02-28,80.51,25.84,22.0,24,23,1,1326.0,57.65,51.91,90.05,0.7,0.13,4.61,1.68,948.0,41.22,39.3,95.36,0.3,0.09,28.57,39.43,230.0,10.0,8.74,5.0,4.43,1.39,0.7,0.57,81.25,87.39,88.7,0.09,0.3,0.04,0.0,0.57,0.22,38.46,0.43,0.09,20.0,1.0,0.3,30.43,0.0,0.0
1230,Eredivisie (NL),32257,Jasper Dahlhaus,J. Dahlhaus,2001-11-27,88.45,21.41,25.71,26,26,0,863.0,33.19,22.96,69.18,1.88,0.27,6.85,1.94,550.0,21.15,16.12,76.18,0.65,0.19,29.41,19.62,238.0,9.15,5.96,4.62,2.88,2.04,1.35,0.5,37.14,65.13,62.5,0.12,2.12,0.08,0.54,0.69,0.27,38.89,0.96,0.19,20.0,1.92,0.35,18.0,0.19,10.0
1230,Eredivisie (NL),32261,Couhaib Driouech,C. Driouech,2002-04-17,37.62,12.52,8.7,29,28,1,499.0,17.82,11.68,65.53,2.93,0.46,8.28,2.16,386.0,13.79,9.46,68.65,1.21,0.64,52.94,10.86,188.0,6.71,3.75,3.86,1.86,1.57,1.21,0.5,41.18,55.85,48.15,0.14,1.79,0.5,1.14,1.32,0.25,18.92,1.57,0.21,13.64,2.79,0.57,20.51,0.71,25.64
1230,Eredivisie (NL),32381,Kamal Sowah,K. Sowah,2000-01-09,90.76,23.76,25.53,33,32,1,1188.0,37.12,26.56,71.55,3.16,0.22,4.73,1.46,797.0,24.91,19.31,77.54,2.69,1.38,51.16,18.25,238.0,7.44,5.47,3.09,1.75,1.69,1.03,0.34,33.33,73.53,56.57,0.72,2.56,0.31,0.25,0.38,0.22,58.33,4.06,0.69,16.92,6.81,1.34,19.72,0.72,10.55
1230,Eredivisie (NL),32457,Thibo Baeten,T. Baeten,2002-06-04,44.32,12.08,12.35,20,19,1,278.0,14.63,6.42,43.88,2.11,0.26,11.58,2.79,214.0,11.26,5.42,48.13,1.89,0.74,38.89,8.74,142.0,7.47,3.05,4.58,1.37,1.84,1.74,0.37,21.21,40.84,29.88,0.16,0.68,0.37,1.68,1.11,0.32,28.57,2.32,0.32,13.64,4.26,1.32,30.86,0.68,16.05
1230,Eredivisie (NL),32482,Vítězslav Jaroš,V. Jaroš,2001-07-23,98.04,32.21,25.51,18,18,0,673.0,37.39,27.44,73.4,0.0,0.0,4.43,3.01,458.0,25.44,19.89,78.17,0.67,0.28,41.67,24.11,110.0,6.11,4.0,3.61,2.33,0.0,0.0,0.0,,65.45,64.62,0.0,0.0,0.0,0.0,0.89,0.61,68.75,1.11,0.22,20.0,1.17,0.61,52.38,0.0,0.0
1230,Eredivisie (NL),32510,Shurandy Sambo,S. Sambo,2001-08-19,69.41,17.43,22.39,23,23,0,649.0,28.22,21.83,77.35,1.04,0.13,4.61,1.62,411.0,17.87,15.09,84.43,1.0,0.65,65.22,16.52,115.0,5.0,4.0,2.7,2.13,1.3,0.96,0.78,81.82,80.0,79.03,0.13,1.83,0.0,0.26,0.22,0.09,40.0,1.43,0.17,12.12,1.91,0.52,27.27,0.35,18.18
1230,Eredivisie (NL),32519,Hobie Verhulst,H. Verhulst,1993-04-02,98.26,27.91,23.84,1,1,0,10.0,10.0,5.0,50.0,0.0,0.0,6.14,4.31,7.0,7.0,4.0,57.14,0.0,0.0,,6.0,3.0,3.0,1.0,1.0,1.0,0.0,0.0,0.0,,33.33,100.0,0.0,0.0,0.0,0.0,0.0,0.0,,0.0,0.0,,0.0,0.0,,0.0,
1230,Eredivisie (NL),32521,Tijs Velthuis,T. Velthuis,2002-01-12,51.64,13.92,14.71,13,12,1,283.0,23.58,20.42,86.57,0.25,0.08,5.18,1.75,202.0,16.83,15.5,92.08,0.0,0.0,,15.92,66.0,5.5,4.67,2.67,2.08,0.83,0.08,0.0,0.0,84.85,78.12,0.0,0.0,0.0,0.0,0.42,0.08,20.0,0.08,0.0,0.0,0.33,0.17,50.0,0.0,0.0
1230,Eredivisie (NL),33025,Casper Tengstedt,C. Tengstedt,2000-06-01,28.19,8.68,6.7,18,17,1,89.0,5.24,2.18,41.57,1.35,0.12,4.85,1.22,53.0,3.12,1.41,45.28,0.65,0.06,9.09,1.76,20.0,1.18,0.35,0.94,0.18,0.35,0.29,0.06,20.0,30.0,18.75,0.12,0.29,0.24,0.24,0.0,0.0,,0.76,0.06,7.69,1.29,0.24,18.18,0.65,50.0
1230,Eredivisie (NL),33261,Virgil Misidjan,V. Misidjan,1993-07-24,34.09,10.62,7.09,17,15,2,217.0,14.47,9.87,68.2,1.87,0.33,9.29,2.72,153.0,10.2,7.47,73.2,1.27,0.8,63.16,7.67,87.0,5.8,3.73,3.07,1.87,0.93,0.73,0.47,63.64,64.37,60.87,0.07,0.87,0.13,0.4,0.33,0.2,60.0,1.8,0.53,29.63,2.87,0.53,18.6,0.27,9.3
1230,Eredivisie (NL),33266,Jannes Wieckhoff,J. Wieckhoff,2000-08-02,48.04,11.61,15.15,19,19,0,354.0,18.63,13.26,71.19,1.16,0.05,5.22,1.55,231.0,12.16,9.16,75.32,0.68,0.37,53.85,10.63,84.0,4.42,3.21,2.37,1.79,1.0,0.68,0.47,69.23,72.62,75.56,0.05,0.74,0.05,0.47,0.16,0.16,100.0,0.95,0.16,16.67,1.74,0.58,33.33,0.05,3.03
1230,Eredivisie (NL),33276,Sava-Arangel Čestić,S. Čestić,2001-02-19,56.04,12.41,16.01,7,7,0,142.0,20.29,16.0,78.87,1.0,0.0,5.98,2.08,86.0,12.29,10.29,83.72,0.14,0.0,0.0,12.0,38.0,5.43,4.57,3.29,2.71,0.0,0.0,0.0,,84.21,82.61,0.0,0.29,0.0,0.29,0.14,0.14,100.0,0.14,0.0,0.0,0.43,0.14,33.33,0.14,33.33
1230,Eredivisie (NL),33504,Samir Lagsir,S. Lagsir,2003-05-20,20.39,3.53,5.04,2,2,0,15.0,7.5,5.5,73.33,0.5,0.0,10.45,2.75,9.0,4.5,4.0,88.89,1.0,1.0,100.0,3.5,7.0,3.5,2.5,2.5,2.0,0.5,0.5,0.0,0.0,71.43,80.0,0.0,0.5,0.0,0.0,0.5,0.5,100.0,1.0,0.0,0.0,1.0,0.0,0.0,0.5,50.0
1230,Eredivisie (NL),33510,Gijs Smal,G. Smal,1997-08-31,56.09,16.29,15.08,17,17,0,540.0,31.76,25.41,80.0,2.88,0.41,5.39,1.92,411.0,24.18,20.06,82.97,1.12,0.41,36.84,21.41,119.0,7.0,5.59,4.41,3.59,1.0,0.76,0.59,76.92,79.83,81.33,0.29,1.65,0.24,0.24,0.53,0.35,66.67,1.35,0.18,13.04,1.88,0.47,25.0,0.41,21.88
1230,Eredivisie (NL),33512,Kenneth Taylor,K. Taylor,2002-05-16,93.08,30.54,23.59,14,14,0,587.0,41.93,32.86,78.37,5.14,0.64,4.89,1.47,429.0,30.64,24.79,80.89,3.5,1.21,34.69,23.36,119.0,8.5,6.57,4.79,3.36,1.86,1.29,0.71,55.56,77.31,70.15,1.71,4.0,1.14,0.43,0.43,0.21,50.0,4.5,0.43,9.52,6.07,1.21,20.0,2.0,32.94
1230,Eredivisie (NL),33523,Davy van den Berg ,D. van den Berg,2000-02-04,31.93,8.9,9.95,5,5,0,63.0,12.6,10.2,80.95,1.6,0.2,4.5,1.51,44.0,8.8,7.8,88.64,1.8,1.2,66.67,6.6,13.0,2.6,2.4,1.0,1.0,0.0,0.0,0.0,,92.31,100.0,0.4,0.6,0.0,0.2,0.0,0.0,,2.0,0.6,30.0,2.6,0.8,30.77,0.2,7.69
1230,Eredivisie (NL),33530,David Min,D. Min,1999-06-23,45.05,12.04,12.82,23,22,1,232.0,10.55,6.05,57.33,2.14,0.27,6.18,1.79,151.0,6.86,4.32,62.92,1.82,0.82,45.0,3.55,67.0,3.05,2.09,1.5,0.82,0.59,0.45,0.14,30.0,68.66,54.55,0.5,1.05,0.59,0.36,0.14,0.09,66.67,2.27,0.36,16.0,3.55,0.5,14.1,0.95,26.92
1230,Eredivisie (NL),33533,Casper Staring,C. Staring,2001-02-01,22.16,2.53,9.82,2,2,0,9.0,4.5,1.5,33.33,0.0,0.0,1.85,0.65,4.0,2.0,1.0,50.0,0.0,0.0,,2.0,1.0,0.5,0.0,0.0,0.0,0.0,0.0,0.0,,0.0,,0.5,0.0,0.0,0.0,0.0,0.0,,0.0,0.0,,0.0,0.0,,0.0,
1230,Eredivisie (NL),33978,Ahmetcan Kaplan,A. Kaplan,2003-01-16,90.34,27.0,21.15,25,23,2,1037.0,45.09,36.83,81.68,2.3,0.3,5.47,1.93,608.0,26.43,23.35,88.32,0.78,0.39,50.0,24.52,248.0,10.78,8.91,5.83,4.57,1.3,0.65,0.35,53.33,82.66,78.36,0.22,1.74,0.04,0.35,0.74,0.35,47.06,1.09,0.22,20.0,1.57,0.26,16.67,0.17,11.11
1230,Eredivisie (NL),34068,Ismael Saibari Ben El Basra,I. Saibari,2001-01-28,84.38,29.92,19.32,27,26,1,1142.0,43.92,30.92,70.4,7.35,1.12,6.43,1.66,880.0,33.85,24.42,72.16,4.81,2.54,52.8,22.12,301.0,11.58,7.42,6.77,3.73,3.58,2.73,1.27,46.48,64.12,55.11,2.85,4.85,1.38,2.19,0.5,0.35,69.23,7.42,1.15,15.54,11.62,2.69,23.18,3.12,26.82
1230,Eredivisie (NL),34069,Mathias Ullereng Kjølø,M. Kjølø,2001-06-27,32.69,9.15,9.3,19,19,0,266.0,14.0,11.11,79.32,1.05,0.05,3.86,1.19,176.0,9.26,8.0,86.37,0.63,0.21,33.33,7.42,35.0,1.84,1.32,0.68,0.42,0.47,0.16,0.11,66.67,71.43,61.54,0.26,0.63,0.11,0.05,0.16,0.11,66.67,1.0,0.16,15.79,1.53,0.05,3.45,0.32,20.69
1230,Eredivisie (NL),34087,Victor Jensen,V. Jensen,2000-02-08,71.83,18.91,21.15,8,8,0,163.0,20.38,15.38,75.46,3.0,0.62,3.83,1.02,103.0,12.88,10.0,77.67,2.5,1.62,65.0,8.0,24.0,3.0,2.38,1.38,0.88,1.0,0.62,0.38,60.0,79.17,63.64,0.62,2.62,0.62,0.25,0.12,0.12,100.0,3.75,0.75,20.0,5.12,0.75,14.64,1.25,24.39
1230,Eredivisie (NL),34211,Thijs Oosting,T. Oosting,2000-05-02,81.1,20.58,25.98,34,32,2,925.0,28.91,18.09,62.59,3.22,0.41,4.21,1.14,575.0,17.97,11.66,64.87,1.91,0.78,40.98,14.28,149.0,4.66,2.91,2.38,1.16,1.25,0.84,0.28,33.33,62.42,48.68,1.28,2.91,0.34,0.31,0.12,0.0,0.0,2.47,0.25,10.13,4.56,0.53,11.64,1.03,22.6
1230,Eredivisie (NL),34253,Isak Steiner Jensen,I. Jensen,2003-12-23,65.54,19.83,18.36,33,33,0,851.0,25.79,18.03,69.92,3.45,0.39,8.82,2.63,658.0,19.94,14.18,71.12,2.36,1.24,52.56,15.39,329.0,9.97,6.27,5.18,2.67,1.36,1.24,0.58,46.34,62.92,51.46,0.76,1.36,0.3,1.06,1.03,0.45,44.12,3.18,0.76,23.81,5.21,0.97,18.6,0.85,16.28
1230,Eredivisie (NL),34371,Daan Rots,D. Rots,2001-07-25,75.62,22.83,20.06,32,32,0,1037.0,32.41,19.34,59.69,5.38,0.66,6.11,1.78,758.0,23.69,14.94,63.06,2.66,1.0,37.65,19.25,268.0,8.38,4.91,4.12,1.97,1.38,1.0,0.31,31.25,58.58,47.73,0.59,1.53,0.44,0.84,0.53,0.16,29.41,3.81,0.56,14.75,6.12,0.91,14.8,0.88,14.29
1230,Eredivisie (NL),34486,Rober González Bayón,Rober González,2001-01-08,36.62,9.57,8.6,3,2,1,18.0,9.0,4.0,44.44,1.5,0.0,4.02,1.34,11.0,5.5,1.5,27.27,2.0,1.0,50.0,1.5,2.0,1.0,0.0,0.5,0.0,0.0,0.0,0.0,,0.0,0.0,0.0,0.5,0.5,0.0,0.0,0.0,,2.0,0.0,0.0,3.5,1.0,28.57,1.5,42.86
1230,Eredivisie (NL),34624,Max Bruns,M. Bruns,2002-11-06,68.78,20.42,16.7,13,13,0,495.0,38.08,31.92,83.84,1.54,0.08,5.18,1.71,306.0,23.54,21.38,90.85,0.54,0.38,71.43,22.38,97.0,7.46,6.38,3.92,3.23,1.15,0.77,0.69,90.0,85.57,82.35,0.15,1.31,0.08,0.08,0.23,0.08,33.33,0.77,0.08,10.0,1.23,0.62,50.0,0.23,18.75
1230,Eredivisie (NL),35170,Peer Koopmeiners,P. Koopmeiners,2000-05-04,79.54,24.1,21.55,29,29,0,1031.0,35.55,28.0,78.76,2.9,0.17,3.59,1.23,669.0,23.07,19.28,83.56,0.97,0.52,53.57,19.07,132.0,4.55,3.72,2.03,1.45,0.66,0.48,0.24,50.0,81.82,71.19,0.52,2.07,0.31,0.28,0.0,0.0,,1.38,0.1,7.5,2.72,0.55,20.25,0.31,11.39
1230,Eredivisie (NL),35871,Syb van Ottele,S. van Ottele,2002-02-02,66.1,15.23,19.84,15,15,0,442.0,29.47,22.13,75.11,1.73,0.2,4.78,1.72,238.0,15.87,13.47,84.87,0.2,0.13,66.67,14.4,92.0,6.13,4.93,3.27,2.53,0.67,0.27,0.07,25.0,80.44,77.55,0.13,0.4,0.0,0.13,0.47,0.2,42.86,0.53,0.07,12.5,1.0,0.13,13.33,0.13,13.33
1230,Eredivisie (NL),37094,Kiliann Sildillia,K. Sildillia,2002-05-16,65.35,23.23,14.9,21,20,1,747.0,37.35,29.45,78.85,2.05,0.3,4.68,1.5,541.0,27.05,22.65,83.73,1.15,0.55,47.83,24.9,132.0,6.6,5.25,3.35,2.7,1.2,0.9,0.6,66.67,79.55,80.6,0.25,2.75,0.5,0.35,0.6,0.25,41.67,2.05,0.4,19.51,3.0,0.7,23.33,0.5,16.67
1230,Eredivisie (NL),37354,Noah Ohio,N. Ohio,2003-01-16,23.41,4.43,6.7,2,2,0,10.0,5.0,4.0,80.0,0.0,0.0,4.76,1.28,5.0,2.5,2.5,100.0,0.0,0.0,,1.0,2.0,1.0,0.5,0.5,0.0,0.5,0.0,0.0,,50.0,0.0,0.0,0.5,0.0,0.5,0.0,0.0,,0.0,0.0,,1.0,0.0,0.0,0.5,50.0
1230,Eredivisie (NL),37917,Oussama Targhalline,O. Targhalline,2002-05-20,81.81,23.27,21.57,25,24,1,990.0,41.25,34.83,84.44,3.0,0.42,5.04,1.44,690.0,28.75,25.71,89.42,1.12,0.75,66.67,22.96,194.0,8.08,6.67,2.75,2.12,1.92,0.92,0.71,77.27,82.47,77.27,0.96,1.5,0.12,0.25,0.58,0.21,35.71,2.12,0.46,21.57,3.21,0.46,14.29,0.29,9.09
1230,Eredivisie (NL),38007,Denso Kasius,D. Kasius,2002-10-06,76.39,23.32,19.72,17,17,0,654.0,38.47,25.29,65.75,3.65,0.41,7.1,1.96,458.0,26.94,18.65,69.21,1.94,0.88,45.45,23.82,203.0,11.94,7.0,6.35,3.18,3.18,1.94,0.41,21.21,58.62,50.0,0.12,2.82,1.06,1.0,0.59,0.24,40.0,3.0,0.41,13.73,5.24,1.53,29.21,0.76,14.61
1230,Eredivisie (NL),38009,Alex Plat,A. Plat,1998-02-04,38.76,10.39,11.75,17,16,1,256.0,16.0,11.12,69.53,1.12,0.06,2.93,1.04,139.0,8.69,6.94,79.86,0.62,0.25,40.0,6.44,27.0,1.69,1.19,0.94,0.75,0.25,0.06,0.06,100.0,70.37,80.0,0.5,1.12,0.0,0.06,0.0,0.0,,1.38,0.19,13.64,2.06,0.44,21.21,0.06,3.03
1230,Eredivisie (NL),38014,Derry Murkin,D. Murkin,1999-07-27,43.41,11.43,14.39,9,9,0,120.0,13.33,9.22,69.17,1.56,0.78,5.51,1.53,78.0,8.67,6.44,74.36,1.0,0.56,55.56,7.11,24.0,2.67,1.56,1.67,1.0,0.89,0.78,0.56,71.43,58.33,60.0,0.22,0.67,0.0,0.44,0.22,0.22,100.0,1.44,0.11,7.69,2.44,0.56,22.73,0.22,9.09
1230,Eredivisie (NL),38015,Calvin Twigt,C. Twigt,2003-01-30,48.3,13.64,14.22,12,12,0,285.0,23.75,19.33,81.4,1.17,0.17,3.67,1.2,189.0,15.75,13.5,85.71,0.42,0.17,40.0,13.42,40.0,3.33,2.58,1.17,0.75,0.33,0.25,0.08,33.33,77.5,64.29,0.42,0.5,0.08,0.08,0.08,0.0,0.0,0.75,0.08,11.11,1.33,0.33,25.0,0.25,18.75
1230,Eredivisie (NL),38016,Mike Eerdhuijzen,M. Eerdhuijzen,2000-07-13,46.81,12.76,14.52,11,11,0,284.0,25.82,21.91,84.86,0.64,0.0,3.87,1.51,187.0,17.0,15.27,89.84,0.18,0.09,50.0,15.64,41.0,3.73,3.36,1.82,1.82,0.36,0.27,0.27,100.0,90.24,100.0,0.09,0.36,0.0,0.0,0.09,0.0,0.0,0.27,0.0,0.0,0.45,0.0,0.0,0.0,0.0
1230,Eredivisie (NL),38019,Nordin Bakker,N. Bakker,1997-10-31,94.75,35.07,25.06,1,1,0,31.0,31.0,17.0,54.84,0.0,0.0,3.45,2.43,21.0,21.0,12.0,57.14,1.0,0.0,0.0,17.0,3.0,3.0,1.0,3.0,1.0,0.0,0.0,0.0,,33.33,33.33,0.0,0.0,0.0,0.0,0.0,0.0,,3.0,2.0,66.67,3.0,1.0,33.33,0.0,0.0
1230,Eredivisie (NL),38022,Dean James,D. James,2000-04-30,67.34,19.26,19.49,26,26,0,651.0,25.04,17.92,71.58,1.31,0.12,4.33,1.44,473.0,18.19,13.58,74.63,0.88,0.38,43.48,17.19,101.0,3.88,2.23,2.04,1.04,1.15,0.69,0.19,27.78,57.43,50.94,0.19,1.46,0.15,0.08,0.08,0.0,0.0,1.27,0.15,12.12,2.5,0.38,15.38,0.15,6.15
1230,Eredivisie (NL),38050,Koen Kostons,K. Kostons,1999-09-18,91.14,22.82,28.84,34,32,2,782.0,24.44,15.22,62.28,3.47,0.47,4.47,1.2,505.0,15.78,10.38,65.74,3.03,1.59,52.58,9.91,155.0,4.84,2.78,2.78,1.34,1.59,1.34,0.47,34.88,57.42,48.31,1.06,2.47,0.62,0.28,0.22,0.19,85.71,4.16,0.53,12.78,6.94,1.09,15.77,1.25,18.02
1230,Eredivisie (NL),38064,Kaj de Rooij,K. de Rooij,2000-11-25,68.83,16.63,22.51,32,30,2,593.0,19.77,11.73,59.36,2.3,0.43,7.59,2.01,414.0,13.8,8.93,64.73,2.03,1.1,54.1,9.3,200.0,6.67,3.7,3.93,1.97,1.97,1.5,0.6,40.0,55.5,50.0,0.6,1.03,0.27,0.83,0.27,0.17,62.5,2.8,0.47,16.67,4.97,1.1,22.15,0.63,12.75
1230,Eredivisie (NL),38087,Edouard Michut,E. Michut,2003-03-04,85.9,20.95,24.93,20,20,0,769.0,38.45,30.85,80.23,2.6,0.05,5.75,1.74,519.0,25.95,22.2,85.55,1.45,0.7,48.28,20.7,187.0,9.35,7.25,4.55,3.25,1.45,1.05,0.7,66.67,77.54,71.43,1.35,3.85,0.3,0.55,0.1,0.0,0.0,2.5,0.65,26.0,4.35,0.95,21.84,0.55,12.64
1230,Eredivisie (NL),39628,Souffian El Karouani,S. El Karouani,2000-10-19,98.36,26.41,29.34,34,33,1,1444.0,43.76,30.03,68.63,4.45,0.61,5.21,1.66,1029.0,31.18,22.45,72.01,2.15,0.94,43.66,27.52,303.0,9.18,5.76,6.52,4.21,2.58,2.24,1.36,60.81,62.71,64.65,0.15,2.55,0.21,0.94,0.88,0.39,44.83,3.0,0.36,12.12,5.0,1.39,27.88,0.64,12.73
1230,Eredivisie (NL),39629,Bart van Rooij,B. van Rooij,2001-05-26,94.96,28.44,25.59,32,32,0,1745.0,54.53,43.09,79.03,3.66,0.38,4.27,1.61,1276.0,39.88,33.41,83.78,1.91,1.09,57.38,37.03,290.0,9.06,7.03,5.38,4.12,2.06,1.41,0.75,53.33,77.59,76.74,0.06,1.84,0.56,0.47,0.5,0.38,75.0,2.34,0.25,10.67,4.19,1.22,29.1,0.91,21.64
1230,Eredivisie (NL),39634,Dirk Proper,D. Proper,2002-02-24,54.61,15.62,12.62,22,18,4,361.0,20.06,15.61,77.84,2.28,0.33,3.39,1.05,223.0,12.39,10.17,82.06,0.83,0.33,40.0,9.5,44.0,2.44,2.0,1.17,1.0,0.44,0.33,0.28,83.33,81.82,85.71,0.89,1.28,0.11,0.0,0.17,0.17,100.0,1.28,0.17,13.04,2.33,0.33,14.29,0.28,11.9
1230,Eredivisie (NL),39640,Naci Ünüvar,N. Ünüvar,2003-06-13,51.87,12.74,13.99,18,18,0,295.0,16.39,10.33,63.05,2.67,0.17,7.22,2.04,195.0,10.83,6.94,64.1,1.22,0.44,36.36,7.78,94.0,5.22,3.39,2.94,1.94,1.0,0.83,0.33,40.0,64.89,66.04,0.5,1.06,0.22,0.5,0.11,0.0,0.0,1.72,0.39,22.58,3.11,0.61,19.64,0.56,17.86
1230,Eredivisie (NL),39642,Neraysho Kasanwirjo,N. Kasanwirjo,2002-02-18,89.5,20.95,27.7,16,16,0,658.0,41.12,31.56,76.75,1.56,0.19,4.71,1.7,416.0,26.0,21.56,82.93,0.81,0.31,38.46,23.25,126.0,7.88,5.81,2.75,1.75,0.81,0.44,0.19,42.86,73.81,63.64,0.31,0.94,0.06,0.19,0.81,0.31,38.46,1.19,0.12,10.53,1.88,0.62,33.33,0.25,13.33
1230,Eredivisie (NL),39645,Quinten Ryan Crispito Timber Maduro,Q. Timber,2001-06-17,85.52,24.9,22.19,17,17,0,600.0,35.29,26.53,75.17,5.0,0.82,5.45,1.75,430.0,25.29,19.94,78.84,2.29,1.24,53.85,18.0,152.0,8.94,6.29,4.65,3.12,0.94,0.82,0.47,57.14,70.4,67.09,2.76,2.59,0.53,2.0,0.82,0.35,42.86,3.53,0.24,6.67,5.47,1.24,22.58,1.76,32.26
1230,Eredivisie (NL),39647,Daan Reiziger,D. Reiziger,2001-06-18,59.69,12.87,14.88,2,2,0,43.0,21.5,10.0,46.51,0.0,0.0,4.82,2.84,24.0,12.0,6.0,50.0,0.0,0.0,,12.0,11.0,5.5,1.5,3.0,1.0,0.0,0.0,0.0,,27.27,33.33,0.0,0.0,0.0,0.0,0.0,0.0,,0.5,0.5,100.0,1.0,0.0,0.0,0.0,0.0
1230,Eredivisie (NL),39648,Rio Hillen,R. Hillen,2003-03-05,82.92,21.63,23.64,26,25,1,1077.0,43.08,34.56,80.22,1.92,0.04,5.35,1.74,684.0,27.36,23.92,87.43,0.2,0.12,60.0,25.32,242.0,9.68,8.12,4.2,3.48,1.32,0.52,0.36,69.23,83.88,82.86,0.04,0.84,0.08,0.44,0.96,0.64,66.67,0.4,0.0,0.0,0.72,0.16,22.22,0.16,22.22
1230,Eredivisie (NL),39662,Ilias  Bronkhorst,I. Bronkhorst,1997-05-10,77.16,21.86,22.82,32,29,3,1019.0,35.14,24.83,70.66,1.76,0.17,3.94,1.37,689.0,23.76,17.9,75.33,0.93,0.45,48.15,22.28,162.0,5.59,3.52,3.24,2.03,1.31,0.93,0.62,66.67,62.96,62.77,0.1,1.17,0.14,0.28,0.34,0.14,40.0,1.21,0.17,14.29,2.24,0.59,26.15,0.34,15.38
1230,Eredivisie (NL),39675,Stijn van Gassel,S. van Gassel,1996-10-18,97.58,27.58,28.95,31,28,3,1121.0,40.04,24.71,61.73,0.18,0.04,4.85,3.35,781.0,27.89,18.21,65.3,0.32,0.14,44.44,26.43,225.0,8.04,4.75,4.29,2.43,0.0,0.0,0.0,,59.11,56.67,0.0,0.0,0.0,0.0,0.25,0.07,28.57,0.43,0.07,16.67,0.82,0.29,34.78,0.0,0.0
1230,Eredivisie (NL),39689,Anass Salah-Eddine,A. Salah-Eddine,2002-01-18,72.33,24.93,16.79,17,16,1,657.0,41.06,33.88,82.5,2.5,0.44,4.97,1.58,498.0,31.12,26.75,85.94,2.12,1.19,55.88,27.69,142.0,8.88,6.62,4.75,3.38,1.81,1.12,0.69,61.11,74.65,71.05,0.5,2.19,0.25,0.88,1.06,0.62,58.82,2.75,0.56,20.46,3.88,0.38,9.68,0.38,9.68
1230,Eredivisie (NL),39715,Ringo Meerveld,R. Meerveld,2002-12-21,85.27,25.88,24.46,30,29,1,950.0,32.76,22.83,69.68,5.07,0.76,6.98,1.87,679.0,23.41,16.83,71.87,3.59,1.86,51.92,15.97,284.0,9.79,6.55,4.48,2.72,1.69,1.17,0.72,61.77,66.9,60.77,1.34,2.34,0.93,2.45,0.66,0.31,47.37,5.24,1.1,21.05,7.28,1.0,13.74,1.76,24.17
1230,Eredivisie (NL),39727,Nick Olij,N. Olij,1995-08-01,91.63,42.51,20.22,1,1,0,49.0,49.0,42.0,85.71,0.0,0.0,6.8,4.67,39.0,39.0,36.0,92.31,0.0,0.0,,38.0,19.0,19.0,16.0,11.0,10.0,1.0,0.0,0.0,,84.21,90.91,0.0,0.0,0.0,0.0,0.0,0.0,,0.0,0.0,,0.0,0.0,,0.0,
1230,Eredivisie (NL),39755,Taylor Booth,T. Booth,2001-05-31,41.07,11.82,10.29,10,10,0,151.0,15.1,9.5,62.91,2.0,0.0,8.32,2.27,108.0,10.8,7.7,71.3,1.1,0.4,36.36,8.9,47.0,4.7,3.0,3.0,1.7,2.1,1.5,0.8,53.33,63.83,56.67,0.4,1.3,0.3,0.2,0.3,0.0,0.0,1.4,0.1,7.14,2.6,0.9,34.62,0.5,19.23
1230,Eredivisie (NL),39796,Arno Verschueren,A. Verschueren,1997-04-08,23.71,6.34,6.19,29,29,0,253.0,8.72,5.66,64.82,1.59,0.07,4.39,1.21,168.0,5.79,3.9,67.26,0.86,0.62,72.0,3.9,47.0,1.62,0.93,0.97,0.59,0.41,0.34,0.17,50.0,57.45,60.71,0.21,0.83,0.1,0.07,0.07,0.0,0.0,1.14,0.14,12.12,2.07,0.34,16.67,0.48,23.33
1230,Eredivisie (NL),39842,Ronald Koeman,R. Koeman,1995-05-23,98.08,24.38,29.57,32,29,3,1095.0,37.76,23.52,62.28,0.28,0.0,4.98,3.91,650.0,22.41,15.07,67.23,0.21,0.14,66.67,20.93,215.0,7.41,4.62,5.24,3.28,0.0,0.0,0.0,,62.33,62.5,0.0,0.0,0.0,0.0,0.28,0.21,75.0,0.76,0.14,18.18,0.97,0.31,32.14,0.0,0.0
1230,Eredivisie (NL),40643,Calvin Raatsie,C. Raatsie,2002-02-09,96.88,27.62,27.16,2,2,0,95.0,47.5,35.0,73.69,0.0,0.0,3.51,3.2,65.0,32.5,25.5,78.46,0.0,0.0,,31.5,11.0,5.5,4.5,1.5,1.5,0.0,0.0,0.0,,81.82,100.0,0.0,0.0,0.0,0.0,0.0,0.0,,0.0,0.0,,0.0,0.0,,0.0,
1230,Eredivisie (NL),40738,Yoann  Cathline,Y. Cathline,2002-07-22,78.86,20.69,24.13,28,27,1,775.0,28.7,15.33,53.42,5.56,0.59,9.17,2.42,536.0,19.85,10.74,54.11,2.96,1.3,43.75,13.15,306.0,11.33,5.48,6.7,2.52,2.26,1.7,0.41,23.91,48.37,37.57,1.48,2.33,0.37,3.0,1.26,0.33,26.47,4.0,0.56,13.89,7.52,1.7,22.66,1.33,17.73
1230,Eredivisie (NL),41212,Lucas Oliveira Rosa,Lucas Rosa,2000-04-03,90.37,28.71,24.88,28,27,1,1352.0,50.07,42.26,84.39,2.37,0.22,5.11,1.73,1005.0,37.22,33.0,88.66,1.11,0.59,53.33,34.41,289.0,10.7,8.89,5.0,4.15,1.7,0.85,0.7,82.61,83.05,82.96,0.33,3.04,0.22,0.52,0.74,0.41,55.0,1.74,0.26,14.89,3.04,0.78,25.61,0.26,8.54
1230,Eredivisie (NL),42619,Silvinho Randy Esajas,S. Esajas,2002-07-08,26.62,7.1,8.7,3,3,0,29.0,9.67,8.0,82.76,1.0,0.0,4.2,1.3,17.0,5.67,5.0,88.23,0.33,0.33,100.0,5.0,4.0,1.33,1.33,0.67,0.67,0.0,0.0,0.0,,100.0,100.0,0.33,0.0,0.0,0.0,0.0,0.0,,0.33,0.0,0.0,0.33,0.0,0.0,0.0,0.0
1230,Eredivisie (NL),42842,Youri Baas,Y. Baas,2003-03-17,97.05,32.16,25.67,32,31,1,2235.0,72.1,64.39,89.31,1.94,0.35,4.98,1.79,1690.0,54.52,50.61,92.84,0.65,0.32,50.0,52.48,396.0,12.77,11.39,6.26,5.52,0.9,0.26,0.19,75.0,89.14,88.14,0.16,0.48,0.03,0.16,0.77,0.26,33.33,0.94,0.13,13.79,1.39,0.48,34.88,0.03,2.33
1230,Eredivisie (NL),42843,Gibson Osahumen Yah,G. Yah,2003-09-27,72.05,18.58,22.49,23,22,1,801.0,36.41,27.95,76.78,1.82,0.14,4.92,1.61,513.0,23.32,19.5,83.63,1.05,0.32,30.43,18.77,166.0,7.55,5.59,2.5,1.55,1.36,0.73,0.32,43.75,74.1,61.82,0.68,1.64,0.0,0.68,0.32,0.27,85.72,1.91,0.41,21.43,3.23,0.45,14.08,0.18,5.63
1230,Eredivisie (NL),42844,Kian Fitz-Jim,K. Fitz-Jim,2003-07-05,36.47,11.3,9.07,16,15,1,325.0,21.67,17.8,82.15,1.6,0.07,5.6,1.69,248.0,16.53,14.27,86.29,0.67,0.2,30.0,13.4,79.0,5.27,4.0,2.0,1.4,1.0,0.6,0.4,66.67,75.95,70.0,0.8,1.4,0.2,0.33,0.13,0.13,100.0,1.73,0.27,15.38,3.0,0.4,13.33,0.4,13.33
1230,Eredivisie (NL),42847,Mats Deijl,M. Deijl,1997-07-15,92.57,27.14,25.19,33,32,1,1225.0,38.28,29.81,77.88,2.25,0.25,3.42,1.34,869.0,27.16,22.59,83.2,1.47,0.91,61.7,24.72,166.0,5.19,4.0,2.19,1.69,0.91,0.44,0.34,78.57,77.11,77.14,0.16,2.22,0.28,0.09,0.22,0.16,71.43,2.47,0.44,17.72,3.81,0.88,22.95,0.53,13.93
1230,Eredivisie (NL),42854,Lance Duijvestijn,L. Duijvestijn,1999-01-15,76.04,18.68,23.38,26,26,0,804.0,30.92,21.81,70.52,4.27,0.31,4.53,1.31,484.0,18.62,14.0,75.21,2.35,1.31,55.74,13.73,169.0,6.5,5.08,2.85,2.23,1.77,0.85,0.58,68.18,78.11,78.38,1.0,4.31,0.31,0.54,0.19,0.04,20.0,3.27,0.38,11.76,5.62,0.62,10.96,1.19,21.23
1230,Eredivisie (NL),42859,Djevencio van der Kust,D. van der Kust,2001-04-30,62.94,14.64,18.2,21,21,0,447.0,21.29,14.43,67.79,0.9,0.1,6.4,1.82,294.0,14.0,10.33,73.81,1.19,0.29,24.0,12.24,126.0,6.0,3.9,2.48,1.33,1.57,0.67,0.14,21.43,65.08,53.85,0.14,1.81,0.1,0.14,0.33,0.14,42.86,1.52,0.24,15.62,2.57,0.38,14.81,0.19,7.41
1230,Eredivisie (NL),43286,Giovanni van Zwam,G. van Zwam,2004-01-02,60.96,16.96,18.01,12,11,1,319.0,29.0,24.55,84.64,0.55,0.09,3.74,1.46,214.0,19.45,17.27,88.78,0.36,0.09,25.0,18.36,38.0,3.45,2.91,1.27,1.0,0.55,0.0,0.0,,84.21,78.57,0.0,0.55,0.0,0.0,0.45,0.27,60.0,0.55,0.09,16.67,0.82,0.09,11.11,0.09,11.11
1230,Eredivisie (NL),45609,Willum Thór  Willumsson,W. Willumsson,1998-10-23,29.26,9.25,5.72,4,4,0,41.0,10.25,7.5,73.17,0.75,0.0,5.91,1.66,26.0,6.5,5.25,80.77,0.75,0.5,66.67,5.25,9.0,2.25,2.0,0.75,0.5,0.0,0.0,0.0,,88.89,66.67,0.25,1.25,0.25,0.0,0.0,0.0,,1.0,0.5,50.0,2.0,0.5,25.0,0.25,12.5
1230,Eredivisie (NL),47443,Zico  Buurmeester,Z. Buurmeester,2002-06-07,71.12,17.7,22.4,23,22,1,571.0,25.95,19.32,74.43,2.41,0.18,4.36,1.34,374.0,17.0,13.86,81.55,1.41,1.05,74.19,12.86,93.0,4.23,2.86,2.27,1.27,1.14,0.86,0.32,36.84,67.74,56.0,1.0,1.95,0.23,0.23,0.05,0.0,0.0,2.18,0.45,20.83,3.82,0.68,17.86,0.73,19.05
1230,Eredivisie (NL),49603,Brynjolfur Andersen Willumsson,B. Willumsson,2000-08-12,50.11,13.71,13.46,27,26,1,277.0,10.65,5.62,52.71,2.5,0.35,4.54,1.26,184.0,7.08,3.96,55.98,1.69,0.65,38.64,3.27,61.0,2.35,1.19,1.15,0.42,0.42,0.31,0.12,37.5,50.82,36.67,0.92,0.73,0.92,0.31,0.04,0.0,0.0,2.46,0.35,14.06,3.62,0.46,12.77,0.96,26.6
1230,Eredivisie (NL),54524,Fredrik Oldrup Jensen,F. Oldrup Jensen,1993-05-18,72.31,21.26,19.94,11,11,0,488.0,44.36,37.09,83.61,2.0,0.27,5.29,1.83,335.0,30.45,26.91,88.36,0.73,0.27,37.5,28.27,115.0,10.45,8.73,4.0,3.45,0.64,0.09,0.09,100.0,83.48,86.36,0.09,0.55,0.27,0.0,0.73,0.45,62.5,0.91,0.0,0.0,1.18,0.18,15.38,0.18,15.38
1230,Eredivisie (NL),54556,Oskar  Siira Sivertsen,O. Sivertsen,2004-02-15,28.68,8.27,8.13,14,13,1,144.0,11.08,7.08,63.89,1.23,0.23,6.66,2.03,100.0,7.69,5.23,68.0,1.0,0.62,61.54,6.23,44.0,3.38,2.23,2.15,1.23,0.62,0.38,0.15,40.0,65.91,57.14,0.08,1.46,0.08,0.62,0.23,0.0,0.0,1.31,0.38,29.41,1.77,0.31,17.39,0.31,17.39
1230,Eredivisie (NL),54942,Ángel Alarcón Galiot,Ángel Alarcón,2004-05-15,72.18,19.54,23.08,14,13,1,335.0,25.77,12.69,49.26,5.08,0.69,8.51,2.05,231.0,17.77,9.62,54.11,2.0,0.85,42.31,13.38,112.0,8.62,3.69,5.08,2.0,3.08,2.54,1.0,39.39,42.86,39.39,0.85,1.23,0.38,2.54,0.85,0.23,27.27,2.31,0.23,10.0,4.69,1.46,31.15,0.85,18.03
1230,Eredivisie (NL),60699,Lasse Selvåg Nordås,L. Nordås,2002-02-10,56.5,16.87,17.68,16,15,1,224.0,14.93,6.53,43.75,3.47,0.47,5.34,1.38,171.0,11.4,5.8,50.88,3.2,1.33,41.67,5.2,52.0,3.47,1.2,2.07,0.47,1.07,0.8,0.07,8.33,34.62,22.58,0.93,1.27,0.8,0.6,0.13,0.0,0.0,4.0,0.47,11.67,6.6,1.0,15.15,1.6,24.24
1230,Eredivisie (NL),61132,Victor Edvardsen,V. Edvardsen,1996-01-14,81.45,23.03,23.09,26,25,1,594.0,23.76,13.72,57.74,3.44,0.84,4.83,1.26,447.0,17.88,11.16,62.42,2.0,0.84,42.0,13.4,135.0,5.4,2.68,3.56,1.56,1.64,1.24,0.36,29.03,49.63,43.82,1.0,1.76,0.88,0.48,0.4,0.16,40.0,2.68,0.44,16.42,5.4,1.52,28.15,1.04,19.26
1230,Eredivisie (NL),61134,Adam Carlén,A. Carlén,2000-06-27,56.36,14.19,17.42,25,22,3,420.0,19.09,14.5,75.95,0.91,0.14,3.13,1.1,238.0,10.82,9.41,86.97,0.14,0.05,33.33,9.18,50.0,2.27,1.59,0.91,0.73,0.18,0.14,0.09,66.67,70.0,80.0,0.41,0.14,0.0,0.05,0.09,0.0,0.0,0.36,0.05,12.5,1.18,0.27,23.08,0.14,11.54
1230,Eredivisie (NL),61167,Erik Ahlstrand,E. Ahlstrand,2001-10-14,59.27,14.32,16.62,14,14,0,272.0,19.43,12.07,62.13,2.57,0.07,5.89,1.74,178.0,12.71,8.5,66.85,1.5,0.64,42.86,10.21,73.0,5.21,3.07,3.29,1.71,1.21,1.07,0.36,33.33,58.9,52.17,0.29,1.86,0.57,0.43,0.14,0.07,50.0,1.64,0.21,13.04,2.93,0.79,26.83,0.29,9.76
1230,Eredivisie (NL),61258,Rui Jorge Monteiro Mendes,Rui Mendes,1999-11-10,15.21,3.3,4.01,6,6,0,17.0,2.83,1.17,41.18,0.33,0.0,4.76,1.27,8.0,1.33,0.33,25.0,0.67,0.17,25.0,0.17,3.0,0.5,0.17,0.17,0.17,0.0,0.0,0.0,,33.33,100.0,0.17,0.33,0.67,0.0,0.0,0.0,,0.67,0.0,0.0,1.0,0.0,0.0,0.17,16.67
1230,Eredivisie (NL),61286,Mawouna Kodjo Amevor,M. Amevor,1991-12-16,92.93,24.5,28.21,31,29,2,1092.0,37.66,31.66,84.07,1.07,0.17,4.64,1.8,682.0,23.52,21.31,90.62,0.21,0.07,33.33,21.69,202.0,6.97,6.21,2.97,2.59,0.76,0.28,0.24,87.5,89.11,87.21,0.1,0.17,0.0,0.0,0.24,0.21,85.71,0.24,0.0,0.0,0.66,0.07,10.53,0.0,0.0
1230,Eredivisie (NL),61296,Damon Mirani,D. Mirani,1996-05-13,95.66,22.79,27.7,33,33,0,1416.0,42.91,35.73,83.26,1.0,0.09,3.21,1.22,899.0,27.24,24.91,91.43,0.24,0.12,50.0,25.52,145.0,4.39,3.7,1.7,1.48,0.39,0.06,0.03,50.0,84.14,87.5,0.21,0.48,0.0,0.06,0.39,0.15,38.46,0.24,0.03,12.5,0.85,0.24,28.57,0.12,14.29
1230,Eredivisie (NL),61298,Milan de Haan,M. de Haan,2003-11-20,20.16,4.93,5.84,2,2,0,13.0,6.5,5.5,84.62,0.0,0.0,3.45,0.96,10.0,5.0,4.0,80.0,0.0,0.0,,4.0,1.0,0.5,0.5,0.0,0.0,0.5,0.0,0.0,,100.0,,0.0,0.0,0.0,0.0,0.0,0.0,,0.0,0.0,,1.0,0.0,0.0,0.0,0.0
1230,Eredivisie (NL),61321,Kay Tejan,K. Tejan,1997-02-03,35.25,8.49,9.93,27,26,1,223.0,8.58,3.77,43.95,1.77,0.15,8.69,2.22,143.0,5.5,2.81,51.05,0.58,0.27,46.67,3.62,76.0,2.92,1.15,1.73,0.65,0.85,0.73,0.23,31.58,39.47,37.78,0.46,0.54,0.19,0.38,0.35,0.12,33.33,0.96,0.23,24.0,2.08,0.46,22.22,0.5,24.07
1230,Eredivisie (NL),61614,Philip Brittijn,P. Brittijn,2004-04-09,81.27,19.27,24.29,32,32,0,820.0,25.62,19.66,76.71,1.19,0.19,3.34,1.1,481.0,15.03,12.69,84.41,0.81,0.5,61.54,12.25,95.0,2.97,2.16,1.34,0.94,0.44,0.19,0.12,66.67,72.63,69.77,0.41,1.09,0.03,0.0,0.09,0.06,66.67,1.28,0.12,9.76,2.0,0.5,25.0,0.28,14.06
1230,Eredivisie (NL),61659,Mathis Suray,M. Suray,2001-07-26,85.45,24.72,24.85,32,31,1,829.0,26.74,17.32,64.78,3.61,0.65,5.43,1.61,603.0,19.45,12.97,66.67,1.9,0.84,44.07,15.61,200.0,6.45,4.42,3.35,1.87,1.29,0.94,0.42,44.83,68.5,55.77,0.87,1.71,0.61,0.16,0.39,0.16,41.67,2.68,0.19,7.23,4.74,0.68,14.29,1.0,21.09
1230,Eredivisie (NL),61667,Mohamed Nassoh,M. Nassoh,2003-01-26,69.87,18.87,19.53,28,28,0,899.0,32.11,21.89,68.19,3.64,0.29,6.29,1.84,612.0,21.86,15.5,70.92,2.68,1.25,46.67,15.82,244.0,8.71,5.61,4.36,2.46,1.54,1.18,0.54,45.45,64.35,56.56,1.82,2.36,0.43,1.36,1.14,0.64,56.25,3.71,0.46,12.5,5.54,1.07,19.36,0.93,16.77
1230,Eredivisie (NL),61731,Yannick Leliendal,Y. Leliendal,2002-04-23,92.89,24.35,28.73,31,29,2,1249.0,43.07,31.07,72.14,2.55,0.14,6.17,1.97,807.0,27.83,21.21,76.21,1.59,0.66,41.3,23.45,327.0,11.28,8.1,5.9,4.07,2.0,1.28,0.86,67.57,71.87,69.01,0.76,1.62,0.21,0.69,0.69,0.31,45.0,2.28,0.34,15.15,4.24,0.93,21.95,0.28,6.5
1230,Eredivisie (NL),61732,Stan Henderikx,S. Henderikx,2003-07-08,54.18,14.01,16.67,10,9,1,239.0,26.56,21.56,81.17,0.67,0.0,4.21,1.52,168.0,18.67,16.33,87.5,0.0,0.0,,18.11,46.0,5.11,4.44,2.44,2.0,0.56,0.22,0.11,50.0,86.96,81.82,0.0,0.11,0.0,0.0,0.44,0.11,25.0,0.0,0.0,,0.11,0.0,0.0,0.0,0.0
1230,Eredivisie (NL),61733,Levi Smans,L. Smans,2003-03-25,55.0,16.02,13.08,1,1,0,20.0,20.0,10.0,50.0,5.0,0.0,8.21,2.08,14.0,14.0,6.0,42.86,3.0,1.0,33.33,8.0,8.0,8.0,4.0,4.0,2.0,2.0,2.0,1.0,50.0,50.0,50.0,1.0,1.0,0.0,1.0,0.0,0.0,,4.0,1.0,25.0,5.0,1.0,20.0,3.0,60.0
1230,Eredivisie (NL),61747,Kristian Nökkvi Hlynsson,K. Hlynsson,2004-01-23,81.51,25.13,21.74,32,32,0,1101.0,34.41,23.94,69.57,5.53,0.75,4.93,1.39,725.0,22.66,16.91,74.62,3.56,1.72,48.25,16.66,225.0,7.03,5.03,3.69,2.47,1.72,1.25,0.72,57.5,71.56,66.95,0.94,3.38,0.72,0.28,0.66,0.47,71.43,5.06,0.81,16.05,6.81,0.69,10.09,1.47,21.56
1230,Eredivisie (NL),61762,Alexandre Manuel Penetra Correia,Alexandre Penetra,2001-09-09,92.16,28.03,25.28,33,33,0,1780.0,53.94,46.97,87.08,1.21,0.21,4.26,1.6,1254.0,38.0,35.3,92.9,0.12,0.06,50.0,36.39,296.0,8.97,8.24,4.58,4.39,0.58,0.15,0.15,100.0,91.89,96.03,0.0,0.09,0.0,0.03,0.18,0.12,66.67,0.3,0.09,30.0,0.61,0.18,30.0,0.06,10.0
1230,Eredivisie (NL),61835,Maxim Dekker,M. Dekker,2004-04-21,35.58,10.35,10.48,6,6,0,104.0,17.33,14.17,81.73,0.5,0.17,5.73,2.09,65.0,10.83,10.17,93.85,0.0,0.0,,10.5,23.0,3.83,2.83,1.67,1.17,0.17,0.0,0.0,,73.91,70.0,0.0,0.0,0.0,0.0,0.33,0.0,0.0,0.0,0.0,,0.17,0.17,100.0,0.0,0.0
1230,Eredivisie (NL),61838,Richonell Margaret,R. Margaret,2000-09-07,52.36,15.7,14.43,22,21,1,389.0,18.52,9.95,53.73,1.62,0.19,9.03,2.56,244.0,11.62,6.67,57.38,1.57,0.48,30.3,8.43,150.0,7.14,3.52,4.52,2.05,1.52,1.19,0.38,32.0,49.33,45.26,0.38,1.1,0.24,1.14,0.76,0.24,31.25,2.05,0.48,23.25,3.81,0.71,18.75,0.52,13.75
1230,Eredivisie (NL),61847,Stije Resink,S. Resink,2003-05-28,94.95,26.24,26.08,22,22,0,1082.0,49.18,37.91,77.08,4.73,0.55,5.28,1.69,703.0,31.95,26.32,82.36,0.95,0.36,38.1,26.32,217.0,9.86,7.64,5.05,3.36,2.23,1.5,0.73,48.48,77.42,66.67,1.23,1.5,0.27,1.27,0.59,0.32,53.85,2.45,0.55,22.22,3.86,0.95,24.71,0.36,9.41
1230,Eredivisie (NL),61852,Rick Meissen,R. Meissen,2002-02-24,85.01,23.95,25.48,32,29,3,1131.0,39.0,32.62,83.64,0.86,0.07,5.38,1.75,741.0,25.55,22.93,89.74,0.14,0.03,25.0,24.66,254.0,8.76,7.48,3.72,3.21,1.28,0.55,0.38,68.75,85.43,86.11,0.1,0.31,0.0,0.14,0.62,0.31,50.0,0.24,0.0,0.0,0.34,0.07,20.0,0.0,0.0
1230,Eredivisie (NL),61853,Derensili Sanches Fernandes,D. Sanches Fernandes,2001-05-28,79.02,23.28,23.35,32,29,3,972.0,33.52,22.69,67.7,3.72,0.28,9.29,2.45,679.0,23.41,16.52,70.55,2.31,1.38,59.7,17.34,381.0,13.14,8.07,7.45,4.03,2.59,1.97,0.86,43.86,61.42,54.17,0.76,2.69,0.34,1.83,1.28,0.48,37.84,3.62,0.69,19.05,6.55,1.59,24.21,0.76,11.58
1230,Eredivisie (NL),61935,Ernest Poku,E. Poku,2004-01-28,78.8,24.64,19.51,1,1,0,24.0,24.0,16.0,66.67,2.0,1.0,9.49,2.5,12.0,12.0,7.0,58.33,4.0,2.0,50.0,7.0,9.0,9.0,5.0,7.0,4.0,5.0,3.0,1.0,33.33,55.56,57.14,0.0,1.0,0.0,2.0,2.0,1.0,50.0,4.0,1.0,25.0,5.0,1.0,20.0,1.0,20.0
1230,Eredivisie (NL),61943,Julian Baas,J. Baas,2002-04-16,59.0,15.31,18.22,21,21,0,484.0,23.05,17.52,76.03,1.67,0.1,3.73,1.16,301.0,14.33,11.86,82.72,0.38,0.29,75.0,11.71,73.0,3.48,2.67,1.43,1.05,0.38,0.14,0.1,66.67,76.71,73.33,0.33,0.48,0.0,0.1,0.14,0.05,33.33,0.76,0.14,18.75,1.67,0.62,37.14,0.1,5.71
1230,Eredivisie (NL),62074,Lennard  Hartjes,L. Hartjes,2003-04-07,76.33,23.64,21.84,20,18,2,618.0,34.33,28.33,82.52,1.78,0.17,5.93,1.75,383.0,21.28,19.06,89.56,0.67,0.22,33.33,18.72,159.0,8.83,7.56,2.94,2.33,1.5,0.72,0.44,61.54,85.53,79.25,0.39,1.39,0.17,0.17,0.39,0.22,57.14,0.94,0.17,17.65,1.61,0.28,17.24,0.22,13.79
1230,Eredivisie (NL),62179,Luuk Brouwers,L. Brouwers,1998-05-03,68.69,19.81,18.59,30,29,1,810.0,27.93,21.38,76.54,2.93,0.41,4.15,1.5,563.0,19.41,15.48,79.75,1.17,0.55,47.06,16.59,134.0,4.62,3.45,2.48,1.83,0.86,0.62,0.34,55.55,74.63,73.61,0.72,1.28,0.31,0.24,0.45,0.24,53.85,1.72,0.21,12.0,3.1,0.41,13.33,0.69,22.22
1230,Eredivisie (NL),62181,Boyd Lucassen,B. Lucassen,1998-07-01,58.83,14.49,16.9,20,20,0,322.0,16.1,10.65,66.15,0.8,0.1,3.06,1.24,185.0,9.25,7.0,75.68,0.4,0.15,37.5,8.25,36.0,1.8,1.2,0.9,0.6,0.55,0.25,0.1,40.0,66.67,66.67,0.05,0.6,0.05,0.05,0.2,0.1,50.0,0.6,0.1,16.67,1.4,0.25,17.86,0.1,7.14
1230,Eredivisie (NL),62294,Julius Dirksen,J. Dirksen,2003-02-02,67.54,17.39,20.26,18,17,1,512.0,30.12,23.82,79.1,0.88,0.18,4.15,1.52,337.0,19.82,17.53,88.43,0.47,0.18,37.5,18.76,80.0,4.71,3.88,1.47,1.24,0.88,0.18,0.18,100.0,82.5,84.0,0.06,0.06,0.0,0.06,0.29,0.12,40.0,0.59,0.0,0.0,1.06,0.35,33.33,0.12,11.11
1230,Eredivisie (NL),62297,Amourricho van Axel Dongen ,A. van Axel Dongen,2004-09-29,21.8,5.5,5.54,7,7,0,37.0,5.29,2.57,48.65,1.0,0.14,13.06,3.19,21.0,3.0,1.29,42.86,0.43,0.29,66.67,1.43,18.0,2.57,1.14,1.29,0.14,0.57,0.43,0.14,33.33,44.44,11.11,0.43,0.14,0.14,0.57,0.14,0.0,0.0,0.57,0.14,25.0,1.29,0.57,44.45,0.43,33.33
1230,Eredivisie (NL),62300,Devon Koswal,D. Koswal,2003-08-21,72.25,17.29,22.02,25,22,3,502.0,22.82,17.82,78.09,0.77,0.09,4.32,1.57,287.0,13.05,11.27,86.41,0.32,0.05,14.29,12.0,88.0,4.0,3.14,1.82,1.36,0.45,0.14,0.05,33.33,78.41,75.0,0.05,1.05,0.0,0.05,0.09,0.0,0.0,0.36,0.0,0.0,0.5,0.09,18.18,0.09,18.18
1230,Eredivisie (NL),62315,Mees De Wit,M. de Wit,1998-04-17,85.35,26.62,23.48,31,31,0,1297.0,41.84,33.03,78.95,2.65,0.29,5.32,1.78,933.0,30.1,25.16,83.6,1.42,0.65,45.45,27.65,307.0,9.9,8.1,5.23,4.26,1.26,0.97,0.77,80.0,81.76,81.48,0.35,2.65,0.29,0.45,0.84,0.39,46.15,1.97,0.32,16.39,3.13,0.71,22.68,0.45,14.43
1230,Eredivisie (NL),62318,Niek Schiks,N. Schiks,2004-02-03,95.17,34.44,22.32,2,2,0,78.0,39.0,26.5,67.95,0.0,0.0,4.96,3.39,54.0,27.0,20.5,75.92,0.0,0.0,,27.0,16.0,8.0,4.0,4.0,2.5,0.0,0.0,0.0,,50.0,62.5,0.0,0.0,0.0,0.0,0.5,0.0,0.0,0.0,0.0,,0.0,0.0,,0.0,
1230,Eredivisie (NL),63199,Mathijs Tielemans,M. Tielemans,2002-04-26,69.91,21.85,18.68,2,2,0,78.0,39.0,32.5,83.33,1.5,0.0,4.32,1.53,60.0,30.0,25.5,85.0,1.0,0.0,0.0,23.5,11.0,5.5,5.0,2.0,1.5,0.5,0.0,0.0,,90.91,75.0,1.0,1.0,0.0,0.0,0.0,0.0,,2.0,0.0,0.0,3.0,0.5,16.67,0.0,0.0
1230,Eredivisie (NL),63322,Casper Terho,C. Terho,2003-06-24,30.49,7.76,8.72,9,9,0,113.0,12.56,6.44,51.33,1.67,0.33,7.34,2.07,75.0,8.33,4.33,52.0,0.89,0.11,12.5,6.33,36.0,4.0,1.89,1.67,0.67,0.56,0.22,0.11,50.0,47.22,40.0,0.11,1.22,0.0,0.44,0.11,0.0,0.0,1.44,0.44,30.77,2.89,0.44,15.38,0.33,11.54
1230,Eredivisie (NL),63370,Milan Zonneveld,M. Zonneveld,2003-10-08,39.49,9.79,11.93,31,29,2,222.0,7.66,3.41,44.6,2.1,0.34,4.04,1.11,129.0,4.45,1.97,44.19,0.93,0.24,25.93,1.86,38.0,1.31,0.66,0.9,0.38,0.45,0.34,0.14,40.0,50.0,42.31,0.48,0.66,0.66,0.14,0.0,0.0,,1.14,0.14,12.12,2.41,0.48,20.0,0.79,32.86
1230,Eredivisie (NL),63440,Mimeirhel  Benita ,M. Benita,2003-11-17,62.32,15.15,17.38,25,25,0,605.0,24.2,16.84,69.59,1.4,0.08,4.61,1.54,388.0,15.52,11.52,74.23,1.0,0.36,36.0,13.84,117.0,4.68,3.28,2.6,1.8,0.8,0.48,0.16,33.33,70.09,69.23,0.08,1.08,0.24,0.12,0.16,0.08,50.0,1.2,0.12,10.0,2.2,0.64,29.09,0.36,16.36
1230,Eredivisie (NL),64211,Hristiyan Petrov,H. Petrov,2002-06-24,29.76,7.61,9.0,20,19,1,242.0,12.74,10.26,80.58,0.68,0.11,3.66,1.28,149.0,7.84,6.95,88.59,0.32,0.21,66.67,7.16,35.0,1.84,1.68,0.63,0.58,0.37,0.16,0.11,66.67,91.43,91.67,0.0,0.47,0.0,0.05,0.0,0.0,,0.32,0.0,0.0,0.63,0.26,41.67,0.11,16.67
1230,Eredivisie (NL),65096,Jacob Trenskow,J. Trenskow,2000-11-26,87.63,25.73,24.36,33,32,1,1038.0,32.44,22.09,68.11,6.5,0.69,6.96,1.75,733.0,22.91,16.06,70.12,3.72,1.88,50.42,16.25,279.0,8.72,6.0,5.22,3.16,2.81,2.0,0.97,48.44,68.82,60.48,1.81,3.41,0.88,1.59,0.72,0.28,39.13,5.0,0.94,18.75,8.06,1.0,12.4,1.97,24.42
1230,Eredivisie (NL),67577,Xavier Mbuyamba,X. Mbuyamba,2001-12-31,50.53,12.47,16.07,15,14,1,351.0,25.07,19.57,78.06,0.93,0.14,3.68,1.3,210.0,15.0,13.07,87.14,0.07,0.07,100.0,14.14,42.0,3.0,2.21,1.43,1.07,0.64,0.36,0.07,20.0,73.81,75.0,0.21,0.14,0.0,0.07,0.07,0.07,100.0,0.14,0.0,0.0,0.71,0.21,30.0,0.07,10.0
1230,Eredivisie (NL),67773,Lequincio Zeefuik,L. Zeefuik,2004-11-26,57.42,13.72,15.91,23,23,0,295.0,12.83,5.35,41.69,2.22,0.09,8.1,2.17,178.0,7.74,3.61,46.63,2.26,0.87,38.46,2.96,92.0,4.0,1.87,2.65,1.04,0.83,0.74,0.13,17.65,46.74,39.34,0.91,0.74,0.65,1.22,0.17,0.04,25.0,2.7,0.35,12.9,4.35,1.04,24.0,1.22,28.0
1230,Eredivisie (NL),68940,Roy Steur,R. Steur,2005-02-01,78.89,19.4,21.16,3,3,0,85.0,28.33,14.33,50.59,0.33,0.0,4.99,2.73,53.0,17.67,8.0,45.29,0.33,0.0,0.0,17.0,17.0,5.67,2.33,2.0,1.33,0.0,0.0,0.0,,41.18,66.67,0.0,0.0,0.0,0.0,0.0,0.0,,0.67,0.0,0.0,1.0,0.33,33.33,0.0,0.0
1230,Eredivisie (NL),69071,Oualid Agougil,O. Agougil,2005-08-07,22.97,6.16,6.61,6,6,0,68.0,11.33,9.67,85.29,0.83,0.0,7.29,2.22,41.0,6.83,5.83,85.36,0.5,0.5,100.0,5.83,20.0,3.33,2.67,1.33,1.0,0.17,0.17,0.17,100.0,80.0,75.0,0.5,1.0,0.0,0.0,0.17,0.0,0.0,0.67,0.0,0.0,1.17,0.67,57.14,0.17,14.29
1230,Eredivisie (NL),69074,Mike Kleijn,M. Kleijn,2005-02-09,46.59,11.46,14.37,10,10,0,174.0,17.4,12.6,72.41,0.7,0.1,5.86,1.61,118.0,11.8,9.5,80.51,0.8,0.5,62.5,11.0,45.0,4.5,3.5,2.6,2.0,1.1,0.7,0.5,71.43,77.78,76.92,0.0,1.5,0.0,0.0,0.3,0.1,33.33,0.9,0.1,11.11,1.2,0.3,25.0,0.0,0.0
1230,Eredivisie (NL),69078,Thijmen Blokzijl,T. Blokzijl,2005-02-25,97.62,27.07,27.22,33,32,1,1705.0,53.28,45.81,85.98,1.5,0.12,5.32,1.71,1065.0,33.28,31.0,93.15,0.09,0.09,100.0,32.28,378.0,11.81,10.25,5.06,4.38,2.38,0.81,0.5,61.54,86.77,86.42,0.12,0.31,0.03,0.12,0.91,0.59,65.52,0.19,0.0,0.0,0.38,0.03,8.33,0.03,8.33
1230,Eredivisie (NL),69081,Jaden Slory,J. Slory,2005-05-09,48.24,12.99,13.45,19,19,0,310.0,16.32,8.63,52.9,2.42,0.32,8.94,2.31,214.0,11.26,6.47,57.48,1.26,0.58,45.83,9.58,130.0,6.84,3.68,3.95,1.58,1.0,0.79,0.11,13.33,53.85,40.0,0.26,1.26,0.47,1.11,0.47,0.11,22.22,1.89,0.42,22.22,3.32,0.74,22.22,0.68,20.64
1230,Eredivisie (NL),69223,Younes Taha El Idrissi,Y. Taha,2002-11-27,86.04,24.31,23.87,31,30,1,880.0,29.33,15.17,51.7,5.1,0.43,7.34,1.93,615.0,20.5,11.07,53.98,3.13,1.37,43.62,15.33,274.0,9.13,4.1,6.03,2.07,2.63,2.23,0.47,20.9,44.89,34.25,1.6,2.17,0.5,1.27,0.83,0.3,36.0,3.93,0.63,16.1,7.0,1.47,20.95,1.27,18.09
1230,Eredivisie (NL),70182,Walid Ould-Chikh,W. Ould-Chikh,1999-11-06,66.74,15.79,18.71,24,24,0,599.0,24.96,14.79,59.27,2.92,0.46,7.68,2.15,379.0,15.79,9.71,61.48,1.54,0.96,62.16,12.62,194.0,8.08,4.0,4.88,2.21,1.58,1.17,0.5,42.86,49.48,45.3,0.75,0.5,0.0,1.0,1.12,0.46,40.74,2.25,0.46,20.37,3.29,0.71,21.52,0.33,10.13
1230,Eredivisie (NL),70449,Wouter Goes,W. Goes,2004-06-10,88.92,27.3,24.23,33,33,0,1863.0,56.45,49.33,87.39,1.55,0.12,5.47,1.87,1352.0,40.97,37.79,92.23,0.27,0.12,44.44,39.15,442.0,13.39,12.24,8.24,7.64,0.97,0.33,0.3,90.91,91.4,92.65,0.09,0.52,0.12,0.15,0.73,0.52,70.83,0.39,0.09,23.08,0.97,0.21,21.88,0.03,3.12
1230,Eredivisie (NL),70502,Zidane Iqbal,Zidane Iqbal,2003-04-27,53.92,16.05,15.6,5,5,0,176.0,35.2,31.2,88.64,2.6,0.4,4.32,1.58,131.0,26.2,23.8,90.84,0.6,0.4,66.67,23.8,32.0,6.4,6.0,4.0,3.8,0.2,0.2,0.2,100.0,93.75,95.0,1.2,1.0,0.0,0.4,0.4,0.4,100.0,1.4,0.2,14.29,1.8,0.2,11.11,0.0,0.0
1230,Eredivisie (NL),70582,Daouda Weidmann,D. Weidmann,2003-05-04,32.44,9.75,7.49,15,15,0,278.0,18.53,14.47,78.06,2.0,0.4,6.74,1.82,189.0,12.6,10.13,80.42,0.8,0.33,41.67,10.2,72.0,4.8,3.33,2.87,1.67,1.27,1.2,0.6,50.0,69.44,58.14,0.6,1.47,0.2,0.4,0.47,0.13,28.57,1.4,0.27,19.05,2.0,0.33,16.67,0.2,10.0
1230,Eredivisie (NL),70652,Isak Hansen-Aaröen,I. Hansen-Aaröen,2004-08-22,9.51,3.72,1.06,3,2,1,9.0,4.5,4.0,88.89,0.5,0.0,12.71,3.39,8.0,4.0,3.5,87.5,0.0,0.0,,3.0,6.0,3.0,3.0,2.0,2.0,0.0,0.0,0.0,,100.0,100.0,0.0,1.0,0.0,0.0,0.5,0.5,100.0,0.5,0.0,0.0,1.0,0.0,0.0,0.0,0.0
1230,Eredivisie (NL),70695,Noam Emeran,N. Emeran,2002-09-24,14.47,4.5,2.57,4,4,0,28.0,7.0,4.5,64.29,1.0,0.0,7.87,2.62,20.0,5.0,3.25,65.0,0.25,0.0,0.0,4.25,9.0,2.25,1.5,1.5,1.0,0.0,0.0,0.0,,66.67,66.67,0.5,0.0,0.0,0.5,0.75,0.25,33.33,0.25,0.0,0.0,0.75,0.0,0.0,0.0,0.0
1230,Eredivisie (NL),70751,Leo Sauer,L. Sauer,2005-12-16,75.34,22.69,20.27,20,20,0,490.0,24.5,14.65,59.8,3.85,0.45,10.64,2.63,377.0,18.85,11.65,61.8,2.45,1.25,51.02,15.1,226.0,11.3,6.35,6.85,3.6,2.8,2.05,0.8,39.03,56.19,52.55,0.85,1.7,0.65,3.3,1.05,0.3,28.57,3.25,0.75,23.08,4.7,0.95,20.21,1.0,21.28
1230,Eredivisie (NL),72053,Tobias Lauritsen,T. Lauritsen,1997-08-30,96.59,25.69,29.63,32,32,0,519.0,16.22,8.88,54.72,3.56,0.38,2.97,0.84,312.0,9.75,5.75,58.97,2.91,1.69,58.06,3.19,59.0,1.84,1.09,1.09,0.53,0.41,0.34,0.19,54.55,59.32,48.57,0.81,1.44,0.53,0.16,0.03,0.0,0.0,3.78,0.31,8.26,5.66,0.66,11.6,1.66,29.28
1230,Eredivisie (NL),72068,Niklas Brøndsted Vesterlund Nielsen,N. Vesterlund,1999-06-06,77.47,20.11,25.08,20,19,1,460.0,24.21,17.84,73.7,1.74,0.37,4.24,1.32,292.0,15.37,12.74,82.88,0.79,0.37,46.67,14.16,79.0,4.16,3.05,1.53,1.26,1.0,0.47,0.42,88.89,73.42,82.76,0.11,1.0,0.26,0.16,0.05,0.05,100.0,1.0,0.11,10.53,2.47,0.79,31.92,0.37,14.89
1230,Eredivisie (NL),72097,Joshua Gaston Kitolano,J. Kitolano,2001-08-03,87.08,23.64,26.55,30,30,0,864.0,28.8,21.3,73.96,2.37,0.47,4.77,1.38,535.0,17.83,14.03,78.69,1.43,0.63,44.19,14.0,162.0,5.4,4.1,2.6,1.87,1.57,0.83,0.53,64.0,75.93,71.79,1.13,1.73,0.27,0.47,0.3,0.23,77.78,2.2,0.43,19.7,3.47,0.9,25.96,0.63,18.27
1230,Eredivisie (NL),72148,Oliver Valaker Edvardsen,O. Edvardsen,1999-03-19,40.15,13.01,10.93,18,18,0,270.0,15.0,10.44,69.63,1.5,0.17,5.27,1.57,205.0,11.39,8.5,74.63,0.72,0.33,46.15,9.28,58.0,3.22,1.72,1.72,1.0,1.11,0.78,0.39,50.0,53.45,58.06,0.44,1.11,0.17,0.33,0.11,0.0,0.0,1.33,0.33,25.0,2.61,0.5,19.15,0.22,8.51
1230,Eredivisie (NL),72479,Makan Aïko,M. Aïko,2001-01-07,39.72,10.22,10.45,13,13,0,150.0,11.54,6.69,58.0,1.54,0.31,9.71,2.74,110.0,8.46,5.08,60.0,1.0,0.31,30.77,5.62,59.0,4.54,2.23,3.23,1.54,1.0,1.0,0.38,38.46,49.15,47.62,0.69,0.69,0.46,0.38,0.77,0.38,50.0,1.23,0.23,18.75,3.08,0.85,27.5,0.77,25.0
1230,Eredivisie (NL),72891,Tom de Graaff,T. de Graaff,2004-12-10,97.57,24.2,30.53,31,29,2,835.0,28.79,17.41,60.48,0.1,0.0,4.87,3.67,461.0,15.9,10.62,66.81,0.41,0.1,25.0,15.52,178.0,6.14,3.41,3.66,1.97,0.0,0.0,0.0,,55.62,53.77,0.0,0.0,0.0,0.0,0.38,0.1,27.27,0.55,0.14,25.0,0.72,0.17,23.81,0.0,0.0
1230,Eredivisie (NL),73016,Jochem Ritmeester van de Kamp,J. Ritmeester van de Kamp,2003-11-02,79.26,19.9,23.97,27,25,2,636.0,25.44,17.72,69.65,3.0,0.48,4.39,1.35,405.0,16.2,11.92,73.58,2.04,1.0,49.02,13.4,114.0,4.56,3.24,2.56,1.72,1.12,0.68,0.36,52.94,71.05,67.19,0.28,2.16,0.4,0.24,0.16,0.04,25.0,2.8,0.44,15.71,4.4,0.64,14.55,0.8,18.18
1230,Eredivisie (NL),76746,Raul Paula,R. Paula,2004-01-25,38.94,11.73,9.55,21,21,0,343.0,16.33,10.1,61.81,2.76,0.24,7.49,2.14,251.0,11.95,7.67,64.14,1.38,0.62,44.83,9.71,128.0,6.1,3.62,2.9,1.24,0.76,0.43,0.05,11.11,59.38,42.62,0.57,1.33,0.24,0.76,0.9,0.43,47.37,2.05,0.14,6.98,2.95,0.43,14.52,0.48,16.13
1230,Eredivisie (NL),81344,Rijk Janse,R. Janse,2002-04-16,93.23,29.01,26.35,1,1,0,24.0,24.0,11.0,45.83,0.0,0.0,5.97,3.75,16.0,16.0,8.0,50.0,0.0,0.0,,15.0,8.0,8.0,3.0,5.0,2.0,0.0,0.0,0.0,,37.5,40.0,0.0,0.0,0.0,0.0,0.0,0.0,,0.0,0.0,,0.0,0.0,,0.0,
1230,Eredivisie (NL),83071,Gonçalo Oscar Albuquerque Borges,Gonçalo Borges,2001-03-29,48.2,14.51,13.53,11,10,1,173.0,17.3,8.9,51.44,3.1,0.4,9.37,2.77,131.0,13.1,7.3,55.73,2.1,1.2,57.14,9.0,76.0,7.6,3.4,5.2,2.1,0.9,0.9,0.4,44.45,44.74,40.38,0.1,1.2,0.7,2.0,1.4,0.7,50.0,2.7,0.5,18.52,4.5,0.6,13.33,1.0,22.22
1230,Eredivisie (NL),84583,Noah Naujoks,N. Naujoks,2002-05-02,78.03,22.81,23.28,30,27,3,609.0,22.56,14.3,63.38,3.3,0.41,5.07,1.31,386.0,14.3,9.85,68.91,1.78,0.89,50.0,8.74,129.0,4.78,2.89,3.04,1.67,1.41,1.22,0.52,42.42,60.47,54.88,0.7,1.59,0.26,0.52,0.19,0.07,40.0,3.04,0.67,21.95,5.22,1.3,24.82,0.78,14.89
1230,Eredivisie (NL),85488,Rome Jayden Owusu-Oduro,R. Owusu-Oduro,2004-07-02,96.28,29.85,25.14,23,23,0,607.0,26.39,15.78,59.8,0.22,0.0,3.76,3.09,343.0,14.91,9.96,66.76,0.09,0.0,0.0,14.48,80.0,3.48,1.57,1.57,0.74,0.0,0.0,0.0,,45.0,47.22,0.0,0.0,0.0,0.0,0.04,0.0,0.0,0.26,0.04,16.67,0.52,0.22,41.67,0.0,0.0
1230,Eredivisie (NL),85489,Mexx Meerdink,M. Meerdink,2003-07-24,50.53,15.65,12.22,19,19,0,211.0,11.11,5.37,48.34,2.68,0.26,5.35,1.42,128.0,6.74,3.26,48.44,1.89,0.74,38.89,3.21,50.0,2.63,1.21,1.11,0.37,0.74,0.63,0.26,41.67,46.0,33.33,0.68,0.84,0.53,0.47,0.05,0.0,0.0,2.26,0.21,9.3,3.95,0.42,10.67,1.0,25.33
1230,Eredivisie (NL),86081,Luciano Valente,L. Valente,2003-10-04,85.0,24.84,23.13,32,31,1,1450.0,46.77,36.0,76.97,4.77,0.65,6.63,1.94,1016.0,32.77,26.13,79.72,1.68,0.81,48.08,26.9,405.0,13.06,10.26,5.65,3.9,2.29,1.58,1.06,67.35,78.52,69.14,1.65,2.81,0.29,1.35,1.39,0.84,60.46,2.81,0.61,21.84,4.61,0.94,20.28,0.77,16.78
1230,Eredivisie (NL),91246,Yvandro Borges Sanches,Y. Borges Sanches,2004-05-24,50.73,12.59,14.44,11,11,0,174.0,15.82,9.64,60.92,1.18,0.45,9.85,2.73,114.0,10.36,6.64,64.04,1.0,0.27,27.27,8.27,74.0,6.73,3.91,3.36,1.55,1.18,1.09,0.27,25.0,58.11,45.95,0.36,0.91,0.09,0.82,0.82,0.18,22.22,1.91,0.09,4.76,2.73,0.64,23.33,0.45,16.67
1230,Eredivisie (NL),92778,Brayann Pereira,B. Pereira,2003-05-21,50.02,14.9,10.91,24,20,4,434.0,21.7,17.3,79.72,1.7,0.2,6.76,1.95,299.0,14.95,12.65,84.62,0.6,0.1,16.67,13.9,126.0,6.3,4.6,3.25,2.15,1.25,0.75,0.35,46.67,73.02,66.15,0.1,1.85,0.15,0.85,0.55,0.3,54.54,0.8,0.05,6.25,1.45,0.45,31.03,0.25,17.24
1230,Eredivisie (NL),99675,Paul Wanner,P. Wanner,2005-12-23,78.91,28.58,18.44,22,22,0,922.0,41.91,33.41,79.72,4.64,0.5,4.8,1.41,666.0,30.27,25.32,83.63,3.36,2.09,62.16,21.45,159.0,7.23,5.64,3.27,2.27,1.59,1.09,0.55,50.0,77.99,69.44,1.64,3.5,0.64,1.27,0.45,0.23,50.0,5.27,0.95,18.1,7.36,0.77,10.49,1.77,24.07
1230,Eredivisie (NL),101006,Olivier Aertssen,O. Aertssen,2004-08-07,71.76,17.03,22.8,28,27,1,627.0,23.22,13.59,58.53,1.48,0.15,5.41,1.65,369.0,13.67,9.3,68.02,1.19,0.44,37.5,12.11,138.0,5.11,2.48,2.81,1.26,1.37,0.96,0.22,23.08,48.55,44.74,0.26,0.96,0.26,0.44,0.41,0.07,18.18,1.67,0.15,8.89,2.7,0.93,34.25,0.3,10.96
1230,Eredivisie (NL),102798,Nils Rossen,N. Rossen,2004-08-01,88.77,22.25,27.38,27,25,2,716.0,28.64,22.44,78.35,1.84,0.24,3.84,1.21,388.0,15.52,13.28,85.57,0.96,0.64,66.67,13.16,108.0,4.32,3.56,1.64,1.12,0.76,0.4,0.2,50.0,82.41,68.29,0.44,1.72,0.12,0.12,0.16,0.12,75.0,1.52,0.24,15.79,2.24,0.36,16.07,0.36,16.07
1230,Eredivisie (NL),104332,Lewis Schouten,L. Schouten,2004-02-04,56.69,16.77,15.94,23,21,2,580.0,27.62,22.19,80.35,0.86,0.05,4.31,1.6,402.0,19.14,16.76,87.56,0.29,0.1,33.33,17.67,91.0,4.33,3.9,2.1,1.95,0.48,0.24,0.24,100.0,90.11,93.18,0.29,0.33,0.14,0.0,0.24,0.19,80.0,0.43,0.1,22.22,0.86,0.1,11.11,0.05,5.56
1230,Eredivisie (NL),113243,Deveron Fonville,D. Fonville,2003-05-16,53.43,15.76,11.6,29,26,3,668.0,25.69,19.35,75.3,0.81,0.15,7.16,1.9,419.0,16.12,13.31,82.58,0.42,0.12,27.27,14.96,193.0,7.42,5.5,3.42,2.27,1.81,1.0,0.62,61.54,74.09,66.29,0.31,1.54,0.0,0.5,0.88,0.54,60.87,0.58,0.08,13.33,1.27,0.31,24.24,0.19,15.15
1230,Eredivisie (NL),113718,Amine Salama,A. Salama,2000-07-18,44.27,12.77,13.01,8,8,0,121.0,15.12,8.62,57.03,2.88,0.12,10.49,2.48,89.0,11.12,6.25,56.18,3.12,2.0,64.0,6.62,50.0,6.25,3.5,3.25,1.62,1.75,1.5,0.5,33.33,56.0,50.0,0.5,1.62,0.75,1.0,0.25,0.12,50.0,3.62,1.0,27.58,5.5,0.88,15.91,1.62,29.55
1230,Eredivisie (NL),113724,Matěj Šín,M. Šín,2004-06-02,34.65,9.45,9.39,18,18,0,227.0,12.61,8.5,67.4,1.78,0.28,4.72,1.19,147.0,8.17,6.0,73.47,1.06,0.72,68.42,4.44,43.0,2.39,1.56,1.56,0.83,0.83,0.67,0.39,58.33,65.12,53.57,1.06,1.22,0.39,0.06,0.17,0.11,66.67,1.83,0.28,15.15,3.44,0.94,27.42,0.89,25.81
1230,Eredivisie (NL),115593,Gyan de Regt,G. de Regt,2003-09-18,82.86,23.39,24.54,33,30,3,785.0,26.17,15.27,58.34,3.07,0.4,7.81,1.88,547.0,18.23,11.27,61.79,1.83,0.9,49.09,13.9,290.0,9.67,5.23,5.7,2.6,2.73,2.07,0.73,35.48,54.14,45.61,0.5,1.63,0.47,1.2,1.0,0.4,40.0,2.7,0.57,20.99,5.2,1.03,19.87,0.57,10.9
1230,Eredivisie (NL),116942,Václav Sejk,V. Sejk,2002-05-18,35.0,8.37,8.64,17,17,0,127.0,7.47,3.18,42.52,1.35,0.29,6.79,1.69,63.0,3.71,1.76,47.62,0.94,0.35,37.5,1.12,34.0,2.0,0.88,0.94,0.35,0.53,0.47,0.18,37.5,44.12,37.5,0.59,0.88,0.29,0.24,0.0,0.0,,1.35,0.12,8.7,2.53,0.35,13.95,0.82,32.56
1230,Eredivisie (NL),120545,Yarek Gasiorowski Hernandis,Yarek Gasiorowski,2005-01-12,84.64,29.32,20.41,28,27,1,1476.0,54.67,48.19,88.14,1.41,0.26,3.93,1.46,1083.0,40.11,37.63,93.81,0.41,0.19,45.45,38.07,209.0,7.74,6.93,3.52,3.26,1.0,0.33,0.26,77.78,89.47,92.63,0.07,0.22,0.04,0.0,0.52,0.22,42.86,0.48,0.0,0.0,0.74,0.22,30.0,0.04,5.0
1230,Eredivisie (NL),124345,Tristan Gooijer ,T. Gooijer,2004-09-02,63.36,16.16,19.04,23,22,1,527.0,23.95,17.55,73.25,1.36,0.18,6.55,1.94,321.0,14.59,12.05,82.55,1.14,0.59,52.0,12.32,153.0,6.95,4.91,2.55,1.45,1.05,0.64,0.32,50.0,70.59,57.14,0.32,1.64,0.09,0.45,0.5,0.18,36.36,1.45,0.23,15.62,2.23,0.36,16.33,0.32,14.29
1230,Eredivisie (NL),128541,Aurelio  Oehlers,A. Oehlers,2004-02-05,48.73,12.73,14.81,32,30,2,436.0,14.53,8.03,55.28,1.2,0.3,11.8,3.03,319.0,10.63,6.0,56.43,1.07,0.63,59.38,8.67,216.0,7.2,3.7,5.03,2.23,1.33,1.13,0.2,17.65,51.39,44.37,0.17,0.97,0.3,1.2,1.33,0.33,25.0,1.43,0.2,13.95,2.57,0.7,27.27,0.3,11.69
1230,Eredivisie (NL),128542,Rafik El Arguioui,R. El Arguioui,2005-07-31,33.3,8.68,10.82,2,2,0,26.0,13.0,11.0,84.62,0.5,0.0,7.96,2.51,15.0,7.5,6.5,86.66,0.0,0.0,,6.0,10.0,5.0,4.0,1.5,1.0,0.0,0.0,0.0,,80.0,66.67,0.5,0.5,0.0,0.0,0.0,0.0,,0.0,0.0,,0.0,0.0,,0.0,
1230,Eredivisie (NL),132223,Başar Önal,B. Önal,2004-07-06,76.79,23.59,17.37,29,26,3,800.0,30.77,18.23,59.25,4.85,0.69,8.32,2.28,560.0,21.54,13.5,62.68,2.35,1.27,54.1,16.31,283.0,10.88,5.77,5.92,2.42,2.46,2.04,0.58,28.3,53.0,40.91,0.31,1.96,0.5,2.31,1.27,0.35,27.27,3.35,0.81,24.14,6.19,1.12,18.01,0.54,8.7
1230,Eredivisie (NL),139821,Anton Gaaei,A. Gaaei,2002-11-19,77.2,25.7,20.6,28,28,0,1112.0,39.71,28.68,72.21,2.89,0.43,4.86,1.38,834.0,29.79,22.21,74.58,1.71,0.68,39.58,26.64,225.0,8.04,5.18,5.04,3.21,2.96,2.18,1.04,47.54,64.44,63.83,0.25,3.32,0.57,0.21,0.21,0.14,66.67,2.39,0.29,11.94,4.14,1.11,26.72,0.43,10.34
1230,Eredivisie (NL),140944,Milan Smit,M. Smit,2003-02-13,78.04,23.61,21.43,19,19,0,271.0,14.26,8.16,57.2,2.0,0.37,5.32,1.3,170.0,8.95,5.53,61.77,1.58,0.79,50.0,4.37,64.0,3.37,1.79,1.74,0.89,0.84,0.58,0.21,36.36,53.12,51.52,0.58,1.32,0.47,0.21,0.11,0.0,0.0,2.0,0.26,13.16,4.26,0.42,9.88,0.53,12.35
1230,Eredivisie (NL),145084,Brahim Ghalidi,B. Ghalidi,2005-01-31,33.46,10.71,7.71,10,9,1,176.0,19.56,14.0,71.59,2.67,0.11,9.72,3.0,140.0,15.56,11.78,75.71,1.44,1.22,84.62,12.44,75.0,8.33,5.78,5.33,3.22,0.44,0.44,0.22,50.0,69.33,60.42,0.22,1.67,0.22,1.33,1.11,0.78,70.0,2.67,0.67,25.0,4.0,0.67,16.67,0.44,11.11
1230,Eredivisie (NL),151010,Timo Jansink,T. Jansink,2003-03-16,96.63,23.88,27.24,15,15,0,470.0,31.33,18.93,60.42,0.33,0.0,4.29,3.17,285.0,19.0,12.07,63.51,0.2,0.07,33.33,17.6,81.0,5.4,3.2,2.8,1.67,0.0,0.0,0.0,,59.26,59.52,0.0,0.0,0.0,0.0,0.27,0.07,25.0,0.33,0.0,0.0,0.67,0.4,60.0,0.0,0.0
1230,Eredivisie (NL),151545,Sem Scheperman,S. Scheperman,2002-06-24,76.08,18.31,22.05,16,16,0,407.0,25.44,20.06,78.87,1.75,0.12,4.16,1.45,238.0,14.88,13.19,88.66,0.5,0.25,50.0,12.19,73.0,4.56,4.31,1.69,1.62,0.5,0.0,0.0,,94.52,96.3,0.31,0.75,0.19,0.06,0.06,0.06,100.0,0.62,0.19,30.0,1.44,0.38,26.09,0.31,21.74
1230,Eredivisie (NL),152161,Nikolai Søyset Hopland,N. Hopland,2004-07-24,37.4,10.28,9.59,17,17,0,335.0,19.71,17.06,86.56,0.65,0.12,4.15,1.73,211.0,12.41,11.59,93.36,0.06,0.0,0.0,11.71,54.0,3.18,2.82,1.41,1.18,0.29,0.12,0.06,50.0,88.89,83.33,0.0,0.06,0.0,0.0,0.06,0.06,100.0,0.12,0.0,0.0,0.35,0.18,50.0,0.0,0.0
1230,Eredivisie (NL),153322,Miliano Jonathans,M. Jonathans,2004-04-05,37.18,10.4,10.22,15,15,0,223.0,14.87,8.73,58.74,2.07,0.4,7.22,2.07,149.0,9.93,6.2,62.42,1.53,0.53,34.78,6.93,73.0,4.87,2.67,3.4,1.8,0.93,0.93,0.53,57.14,54.79,52.94,0.27,1.2,0.33,0.6,0.27,0.13,50.0,2.13,0.33,15.62,3.4,0.67,19.61,0.4,11.76
1230,Eredivisie (NL),153388,Justin Hubner,J. Hubner,2003-09-14,66.71,16.43,19.33,25,25,0,714.0,28.56,21.16,74.09,1.08,0.12,4.17,1.54,463.0,18.52,15.72,84.88,0.04,0.0,0.0,17.68,122.0,4.88,3.76,2.76,2.28,0.84,0.44,0.36,81.82,77.05,82.61,0.0,0.24,0.0,0.12,0.48,0.16,33.33,0.24,0.12,50.0,0.44,0.04,9.09,0.0,0.0
1230,Eredivisie (NL),154026,Ruben van Bommel,R. van Bommel,2004-08-03,63.73,23.44,13.38,6,5,1,150.0,30.0,20.4,68.0,4.6,1.0,5.94,1.65,119.0,23.8,17.2,72.27,2.0,1.6,80.0,19.6,31.0,6.2,3.6,4.0,1.8,2.0,1.8,0.6,33.33,58.06,45.0,0.2,2.2,1.2,1.6,1.0,0.4,40.0,3.4,0.6,17.65,5.6,0.8,14.29,1.0,17.86
1230,Eredivisie (NL),157427,Tristan van Gilst,T. van Gilst,2003-02-18,49.46,11.87,14.24,28,28,0,309.0,11.04,6.61,59.87,1.29,0.07,7.86,2.03,198.0,7.07,4.46,63.13,1.14,0.68,59.38,4.71,105.0,3.75,2.46,2.0,1.07,0.96,0.64,0.25,38.89,65.72,53.57,0.54,0.79,0.32,0.36,0.25,0.07,28.57,1.39,0.25,17.95,2.43,0.75,30.88,0.36,14.71
1230,Eredivisie (NL),159478,Billy van Duijl,B. van Duijl,2005-10-04,90.45,25.41,25.44,7,7,0,340.0,48.57,36.86,75.88,1.57,0.14,6.59,2.1,209.0,29.86,23.57,78.95,0.71,0.43,60.0,27.14,94.0,13.43,11.57,6.29,5.43,1.29,0.29,0.29,100.0,86.17,86.36,0.14,0.86,0.0,0.14,1.0,0.71,71.43,1.0,0.0,0.0,1.71,0.71,41.67,0.43,25.0
1230,Eredivisie (NL),159947,Jordan Bos,J. Bos,2002-10-29,79.19,23.11,21.09,28,27,1,1127.0,41.74,30.81,73.82,4.04,0.81,6.65,1.77,763.0,28.26,22.15,78.38,1.22,0.44,36.36,24.37,301.0,11.15,7.41,6.78,4.26,3.41,2.78,1.37,49.33,66.45,62.84,0.37,4.19,0.59,1.67,0.7,0.48,68.42,1.93,0.33,17.31,3.48,0.85,24.47,0.67,19.15
1230,Eredivisie (NL),160749,Damian van der Haar,D. van der Haar,2004-01-16,12.77,1.88,3.85,3,2,1,4.0,2.0,1.0,50.0,0.0,0.0,0.78,0.23,0.0,0.0,0.0,,0.0,0.0,,0.0,0.0,0.0,0.0,0.0,0.0,0.0,0.0,0.0,,,,0.0,0.0,0.0,0.0,0.0,0.0,,0.0,0.0,,0.0,0.0,,0.0,
1230,Eredivisie (NL),161117,Adrian Blake,A. Blake,2005-07-15,46.43,12.52,13.34,25,25,0,412.0,16.48,9.24,56.07,3.48,0.24,8.76,2.45,303.0,12.12,6.92,57.1,1.32,0.52,39.39,9.24,155.0,6.2,3.24,3.68,1.4,1.32,1.24,0.44,35.48,52.26,38.04,0.56,1.16,0.52,1.12,0.8,0.24,30.0,1.92,0.36,18.75,3.4,0.6,17.65,0.76,22.35
1230,Eredivisie (NL),161790,Noé Lebreton,N. Lebreton,2004-04-22,71.8,20.99,16.54,22,19,3,453.0,23.84,14.79,62.03,3.89,0.42,6.59,1.73,288.0,15.16,9.84,64.93,2.89,0.95,32.73,8.89,131.0,6.89,4.53,3.74,2.16,1.79,1.37,0.47,34.61,65.65,57.75,0.42,2.16,0.58,0.84,0.32,0.16,50.0,4.26,0.58,13.58,6.84,0.89,13.08,1.21,17.69
1230,Eredivisie (NL),166772,Bernt Klaverboer,B. Klaverboer,2005-09-26,98.27,28.41,28.11,29,28,1,1007.0,35.96,21.5,59.78,0.25,0.04,4.15,3.1,601.0,21.46,13.71,63.89,0.5,0.25,50.0,19.82,142.0,5.07,2.96,2.25,1.36,0.0,0.0,0.0,,58.45,60.32,0.0,0.0,0.0,0.04,0.46,0.21,46.15,0.71,0.11,15.0,0.93,0.43,46.15,0.0,0.0
1230,Eredivisie (NL),167045,Nolan Martens,N. Martens,2004-07-07,56.15,15.0,17.91,9,9,0,198.0,22.0,15.56,70.71,0.89,0.11,4.93,1.53,135.0,15.0,11.44,76.3,0.89,0.22,25.0,13.78,41.0,4.56,2.78,1.89,1.22,0.56,0.11,0.0,0.0,60.98,64.71,0.0,1.33,0.11,0.22,0.11,0.0,0.0,1.11,0.22,20.0,1.33,0.0,0.0,0.0,0.0
1230,Eredivisie (NL),167699,Joel Ideho,J. Ideho,2003-07-17,50.5,14.0,15.02,24,22,2,453.0,20.59,12.09,58.72,2.18,0.09,9.41,2.79,300.0,13.64,8.86,65.0,0.86,0.59,68.42,11.64,182.0,8.27,4.82,5.14,2.64,0.86,0.68,0.18,26.67,58.24,51.33,0.32,1.09,0.09,1.36,1.41,0.64,45.16,1.27,0.27,21.43,2.41,0.59,24.53,0.32,13.21
1230,Eredivisie (NL),171394,Weslley  Pinto Batista,Weslley Patati,2003-10-01,57.08,17.94,14.56,27,27,0,696.0,25.78,15.59,60.49,3.74,0.37,8.69,2.34,512.0,18.96,12.04,63.48,2.26,0.93,40.98,14.52,258.0,9.56,5.15,5.59,2.59,2.3,1.78,0.7,39.58,53.88,46.36,1.41,1.78,0.37,2.22,1.0,0.44,44.44,3.3,0.22,6.74,4.74,1.0,21.09,0.59,12.5
1230,Eredivisie (NL),174321,Sayfallah Ltaief,S. Ltaief,2000-04-22,63.65,15.35,21.54,8,8,0,143.0,17.88,10.62,59.44,2.38,0.25,10.14,2.55,100.0,12.5,8.12,65.0,1.62,0.62,38.46,9.0,66.0,8.25,4.12,5.12,2.62,1.75,1.12,0.25,22.22,50.0,51.22,0.5,2.88,0.62,1.5,1.12,0.88,77.78,2.12,0.5,23.53,3.62,1.0,27.59,0.38,10.34
1230,Eredivisie (NL),178839,Stefan Mitrović,S. Mitrović,2002-08-15,34.38,8.48,10.37,9,9,0,100.0,11.11,6.56,59.0,1.67,0.22,11.76,2.7,72.0,8.0,5.44,68.06,1.0,0.56,55.56,6.11,52.0,5.78,2.78,3.22,1.22,1.33,1.0,0.11,11.11,48.08,37.93,0.33,0.89,0.33,1.0,1.0,0.22,22.22,1.44,0.56,38.46,1.89,0.56,29.41,0.33,17.65
1230,Eredivisie (NL),179101,Oscar Gloukh,O. Gloukh,2004-04-01,56.55,18.7,14.56,28,27,1,857.0,31.74,23.15,72.93,4.48,0.7,6.96,2.12,675.0,25.0,19.15,76.59,1.96,1.0,50.94,19.78,262.0,9.7,7.19,5.07,3.37,1.22,1.0,0.48,48.15,74.05,66.42,2.0,2.11,0.44,1.04,1.07,0.59,55.17,3.22,0.48,14.94,5.11,0.89,17.39,1.41,27.54
1230,Eredivisie (NL),179529,Remi van Ekeris,R. van Ekeris,2002-09-23,,,,1,0,1,,,,,,,,,,,,,,,,,,,,,,,,,,,,,,,,,,,,,,,,,,
1230,Eredivisie (NL),179537,Sami Ouaissa,S. Ouaissa,2004-10-02,89.28,27.84,19.73,32,28,4,929.0,33.18,21.29,64.15,5.61,0.54,8.89,2.44,667.0,23.82,16.11,67.62,2.71,0.93,34.21,18.25,369.0,13.18,8.32,6.89,3.75,1.75,1.46,0.54,36.58,63.14,54.4,0.36,3.04,0.54,2.25,1.36,0.71,52.63,4.32,0.96,22.31,6.75,1.43,21.16,1.36,20.11
1230,Eredivisie (NL),179545,Dion Versluis,D. Versluis,2003-02-17,8.53,1.94,2.42,6,6,0,12.0,2.0,0.33,16.67,0.17,0.0,4.9,1.43,9.0,1.5,0.33,22.22,0.33,0.17,50.0,0.67,3.0,0.5,0.0,0.33,0.0,0.0,0.0,0.0,,0.0,0.0,0.17,0.0,0.0,0.17,0.0,0.0,,0.33,0.0,0.0,0.67,0.17,25.0,0.0,0.0
1230,Eredivisie (NL),179984,Aske Emil Berg Adelgaard,A. Adelgaard,2003-11-10,62.02,17.34,17.82,27,27,0,720.0,26.67,19.59,73.47,1.74,0.15,6.22,1.9,474.0,17.56,14.0,79.75,0.78,0.37,47.62,16.41,191.0,7.07,5.19,3.93,2.89,1.67,1.11,0.78,70.0,73.3,73.59,0.15,2.15,0.22,0.41,0.52,0.33,64.29,1.3,0.3,22.86,2.26,0.48,21.31,0.22,9.84
1230,Eredivisie (NL),180027,Ryan Flamingo,R. Flamingo,2002-12-31,55.42,18.73,12.93,33,32,1,1213.0,37.91,32.94,86.89,1.31,0.28,4.31,1.5,913.0,28.53,26.12,91.57,0.41,0.19,46.15,26.53,189.0,5.91,5.22,3.16,2.78,0.78,0.47,0.28,60.0,88.36,88.12,0.06,0.44,0.03,0.0,0.41,0.31,76.92,0.59,0.09,15.79,0.91,0.09,10.34,0.06,6.9
1230,Eredivisie (NL),180031,Duke Verduin,D. Verduin,2003-10-30,92.83,24.72,28.88,1,1,0,31.0,31.0,22.0,70.97,0.0,0.0,4.22,2.33,14.0,14.0,10.0,71.43,0.0,0.0,,14.0,6.0,6.0,5.0,3.0,2.0,0.0,0.0,0.0,,83.33,66.67,0.0,0.0,0.0,0.0,1.0,1.0,100.0,2.0,1.0,50.0,2.0,0.0,0.0,0.0,0.0
1230,Eredivisie (NL),180755,Dylan Mertens,D. Mertens,1995-07-20,28.37,6.79,8.53,19,17,2,147.0,8.65,5.53,63.95,0.82,0.06,4.91,1.63,74.0,4.35,2.94,67.57,0.59,0.24,40.0,3.35,28.0,1.65,1.12,0.82,0.47,0.18,0.18,0.06,33.33,67.86,57.14,0.29,0.94,0.12,0.0,0.06,0.06,100.0,0.76,0.06,7.69,1.24,0.41,33.33,0.12,9.52
1230,Eredivisie (NL),180850,Donfack Ryan Gloire Fosso Ymefack,R. Fosso,2002-06-17,97.1,24.22,26.49,17,17,0,735.0,43.24,35.71,82.59,2.41,0.18,4.07,1.46,450.0,26.47,23.53,88.89,0.76,0.47,61.54,22.76,123.0,7.24,5.94,2.12,1.53,0.59,0.35,0.18,50.0,82.11,72.22,0.35,0.76,0.06,0.53,0.29,0.12,40.0,1.18,0.18,15.0,2.24,0.29,13.16,0.24,10.53
1230,Eredivisie (NL),183183,Ro-Zangelo Daal,R. Daal,2004-10-02,59.07,18.67,16.4,24,24,0,587.0,24.46,16.92,69.17,3.83,0.21,12.22,3.7,465.0,19.38,14.17,73.12,1.71,1.04,60.98,16.29,310.0,12.92,9.0,6.62,4.33,0.71,0.62,0.42,66.67,69.68,65.41,0.12,1.0,0.21,2.38,2.08,1.08,52.0,2.25,0.46,20.37,3.5,0.42,11.9,0.5,14.29
1230,Eredivisie (NL),183892,Esmir Bajraktarević,E. Bajraktarević,2005-03-10,42.04,15.07,9.84,28,28,0,602.0,21.5,15.61,72.59,3.5,0.39,6.72,2.03,466.0,16.64,12.64,75.97,2.14,1.36,63.33,13.89,179.0,6.39,4.11,3.25,1.89,1.04,0.68,0.29,42.11,64.25,58.24,0.21,1.54,0.25,0.71,0.39,0.07,18.18,3.07,0.71,23.26,3.75,0.82,21.91,0.61,16.19
1230,Eredivisie (NL),186808,Anselmo García MacNulty,A. García MacNulty,2003-02-19,95.61,23.86,30.05,32,30,2,1420.0,47.33,38.0,80.28,1.7,0.3,4.13,1.4,971.0,32.37,28.4,87.75,0.37,0.03,9.09,30.27,234.0,7.8,6.3,3.87,3.13,1.33,0.63,0.47,73.68,80.77,81.03,0.1,0.43,0.07,0.17,0.5,0.3,60.0,0.6,0.07,11.11,1.3,0.23,17.95,0.13,10.26
1230,Eredivisie (NL),188375,Patrick Brouwer,P. Brouwer,2001-03-19,80.39,19.94,24.76,30,27,3,610.0,22.59,13.26,58.69,3.63,0.52,6.34,1.57,390.0,14.44,9.04,62.56,2.33,1.11,47.62,10.15,172.0,6.37,3.7,4.0,2.04,2.0,1.63,0.59,36.36,58.14,50.93,0.89,2.3,0.52,0.96,0.33,0.22,66.67,3.07,0.44,14.46,5.33,1.37,25.69,1.11,20.83
1230,Eredivisie (NL),192477,Maas Willemsen,M. Willemsen,2003-04-29,92.27,27.09,26.51,30,29,1,1624.0,56.0,48.17,86.02,1.45,0.21,5.22,1.87,1081.0,37.28,34.0,91.21,0.41,0.17,41.67,35.24,352.0,12.14,10.69,5.62,5.1,1.86,0.34,0.28,80.0,88.07,90.8,0.17,0.48,0.03,0.1,0.52,0.34,66.67,0.66,0.17,26.32,1.0,0.24,24.14,0.07,6.9
1230,Eredivisie (NL),205100,Kayne van Oevelen,K. van Oevelen,2003-08-08,96.36,25.3,29.65,31,29,2,1083.0,37.34,21.1,56.51,0.21,0.0,4.36,3.12,657.0,22.66,13.14,57.99,0.48,0.28,57.14,21.79,176.0,6.07,3.52,3.07,1.69,0.0,0.0,0.0,,57.96,55.06,0.0,0.0,0.0,0.0,0.45,0.21,46.15,0.76,0.14,18.18,1.14,0.41,36.36,0.0,0.0
1230,Eredivisie (NL),227946,Dave Kwakman,D. Kwakman,2004-08-07,54.84,14.25,15.82,16,15,1,387.0,25.8,19.27,74.68,1.4,0.47,5.14,1.66,230.0,15.33,12.8,83.48,0.47,0.2,42.86,13.4,91.0,6.07,4.67,2.0,1.4,0.73,0.2,0.13,66.67,76.92,70.0,0.4,0.47,0.07,0.2,0.27,0.07,25.0,0.8,0.07,8.33,1.2,0.27,22.22,0.07,5.56
1230,Eredivisie (NL),243272,David Voute,D. Voute,2005-11-04,33.93,8.32,10.95,3,3,0,44.0,14.67,11.67,79.55,0.67,0.0,4.96,1.52,26.0,8.67,6.67,76.92,0.33,0.0,0.0,8.33,11.0,3.67,2.33,1.33,0.33,0.67,0.33,0.0,0.0,63.64,25.0,0.0,1.33,0.0,0.0,0.0,0.0,,0.67,0.33,50.0,1.33,1.0,75.0,0.33,25.0
1230,Eredivisie (NL),254419,Seiya Maikuma,S. Maikuma,1997-10-16,24.34,6.77,7.26,7,7,0,55.0,7.86,5.57,70.91,0.43,0.0,3.05,1.07,35.0,5.0,3.86,77.14,1.14,0.71,62.5,3.71,7.0,1.0,0.57,0.29,0.14,0.0,0.0,0.0,,57.14,50.0,0.0,0.29,0.0,0.0,0.0,0.0,,1.43,0.0,0.0,1.43,0.0,0.0,0.14,10.0
1230,Eredivisie (NL),285219,Teo Quintero León,T. Quintero,1999-03-02,85.7,22.96,26.16,29,29,0,1143.0,39.41,29.69,75.33,2.38,0.1,5.9,1.73,780.0,26.9,22.38,83.21,0.45,0.17,38.46,24.76,283.0,9.76,7.45,5.21,3.9,2.07,1.38,0.93,67.5,76.33,74.83,0.14,1.69,0.07,0.24,0.76,0.45,59.09,0.72,0.03,4.76,1.59,0.34,21.74,0.1,6.52
1230,Eredivisie (NL),301646,Zach Booth,Z. Booth,2004-02-17,45.91,12.38,13.74,3,2,1,19.0,9.5,7.0,73.68,0.5,0.5,6.31,1.29,16.0,8.0,6.0,75.0,1.0,0.0,0.0,6.5,5.0,2.5,1.0,2.0,0.5,2.5,2.0,0.5,25.0,40.0,25.0,1.0,0.5,0.5,0.0,0.0,0.0,,1.0,0.0,0.0,2.0,1.0,50.0,0.5,25.0
1230,Eredivisie (NL),308174,Thom van Bergen,T. van Bergen,2004-01-06,93.15,26.05,25.81,33,32,1,899.0,28.09,16.44,58.51,4.66,0.59,7.79,1.82,574.0,17.94,10.91,60.8,4.16,1.78,42.86,9.38,295.0,9.22,5.03,5.28,2.31,3.34,2.59,1.12,43.37,54.58,43.79,2.16,3.41,1.5,0.88,0.31,0.16,50.0,5.31,0.66,12.35,8.78,1.81,20.64,2.16,24.55
1230,Eredivisie (NL),374695,Kees  Smit,K. Smit,2006-01-20,87.84,27.43,22.52,26,26,0,1299.0,49.96,39.35,78.75,5.54,0.5,6.07,1.73,889.0,34.19,27.77,81.22,2.77,1.42,51.39,27.04,356.0,13.69,11.35,4.96,4.04,1.54,0.92,0.73,79.17,82.87,81.39,1.42,3.81,0.54,1.62,1.0,0.62,61.54,4.62,0.58,12.5,6.54,1.04,15.88,1.31,20.0
1230,Eredivisie (NL),397543,Deron Payne,D. Payne,2002-09-25,68.2,16.86,21.94,14,13,1,319.0,24.54,17.62,71.79,1.31,0.15,4.64,1.66,213.0,16.38,12.85,78.4,1.23,0.46,37.5,14.69,55.0,4.23,2.62,2.62,1.62,0.77,0.46,0.15,33.33,61.82,61.76,0.15,1.23,0.23,0.23,0.15,0.15,100.0,1.62,0.0,0.0,3.15,0.77,24.39,0.23,7.32
1230,Eredivisie (NL),397544,Jorg Schreuders,J. Schreuders,2004-09-09,91.5,25.47,25.75,33,32,1,1144.0,35.75,26.84,75.09,4.0,0.16,7.02,2.01,796.0,24.88,19.5,78.39,1.94,1.06,54.84,20.19,344.0,10.75,7.84,5.41,3.66,2.34,1.66,0.84,50.94,72.97,67.63,0.69,2.84,0.34,0.59,0.69,0.28,40.91,3.0,0.59,19.79,5.28,0.88,16.57,0.97,18.34
1230,Eredivisie (NL),426445,Givairo Read,G. Read,2006-06-02,63.28,18.4,17.11,16,16,0,480.0,30.0,22.94,76.46,2.81,0.56,6.23,1.91,357.0,22.31,17.69,79.27,1.56,0.69,44.0,20.19,111.0,6.94,4.88,4.06,2.62,1.94,1.44,0.81,56.52,70.27,64.62,0.19,2.81,0.69,0.38,0.44,0.19,42.86,1.75,0.25,14.29,3.12,0.81,26.0,0.62,20.0
1230,Eredivisie (NL),426447,Robbin Weijenberg,R. Weijenberg,2004-11-08,28.3,11.23,5.67,2,2,0,19.0,9.5,7.0,73.68,1.0,0.0,5.56,1.96,13.0,6.5,5.0,76.92,0.0,0.0,,6.0,5.0,2.5,1.5,1.0,1.0,0.0,0.0,0.0,,60.0,100.0,0.0,1.0,0.0,0.5,0.0,0.0,,0.5,0.5,100.0,1.0,0.0,0.0,0.0,0.0
1230,Eredivisie (NL),441611,Alwande Benedict Roaldsøy,A. Roaldsøy,2004-06-09,18.08,4.34,4.62,4,4,0,24.0,6.0,4.75,79.17,0.5,0.0,5.68,1.76,14.0,3.5,3.0,85.72,0.25,0.0,0.0,2.25,6.0,1.5,1.0,0.25,0.0,0.25,0.0,0.0,,66.67,0.0,0.0,0.25,0.0,0.0,0.0,0.0,,0.5,0.0,0.0,1.25,0.25,20.0,0.0,0.0
1230,Eredivisie (NL),441613,Oliver Johansen Braude,O. Braude,2004-02-21,96.04,27.84,27.19,32,31,1,1425.0,45.97,33.74,73.4,2.87,0.35,5.69,1.67,1011.0,32.61,25.16,77.15,1.35,0.65,47.62,29.39,342.0,11.03,7.94,4.55,3.03,2.48,1.42,0.84,59.09,71.93,66.67,0.19,1.71,0.23,0.39,0.74,0.32,43.48,2.19,0.42,19.12,3.74,0.87,23.28,0.32,8.62
1230,Eredivisie (NL),473474,Tygo Land,T. Land,2006-01-11,57.52,16.15,16.71,28,27,1,826.0,30.59,26.0,84.99,2.52,0.26,5.37,1.81,612.0,22.67,20.41,90.03,0.67,0.41,61.11,19.19,196.0,7.26,6.19,3.3,2.44,0.78,0.48,0.19,38.46,85.21,74.16,0.74,0.48,0.11,0.33,0.3,0.19,62.5,1.26,0.07,5.88,2.04,0.52,25.45,0.33,16.36
1230,Eredivisie (NL),501354,Antonio Satriano,A. Satriano,2003-10-30,10.68,1.5,2.83,1,1,0,0.0,0.0,0.0,,0.0,0.0,,,0.0,0.0,0.0,,0.0,0.0,,0.0,0.0,0.0,0.0,0.0,0.0,0.0,0.0,0.0,,,,0.0,0.0,0.0,0.0,0.0,0.0,,0.0,0.0,,0.0,0.0,,0.0,
1230,Eredivisie (NL),514682,Kiano Dyer,K. Dyer,2006-11-21,13.59,3.53,3.26,3,3,0,12.0,4.0,3.33,83.33,0.0,0.0,7.49,2.44,9.0,3.0,2.67,88.89,0.33,0.33,100.0,2.0,4.0,1.33,0.67,0.33,0.0,0.0,0.0,0.0,,50.0,0.0,0.33,0.0,0.0,0.0,0.0,0.0,,0.33,0.33,100.0,0.33,0.0,0.0,0.0,0.0
1230,Eredivisie (NL),514747,Mika Godts,M. Godts,2005-06-07,91.26,29.77,24.38,33,32,1,1520.0,47.5,30.25,63.68,7.06,1.19,8.68,2.42,1223.0,38.22,24.91,65.17,4.12,2.12,51.52,28.59,584.0,18.25,11.19,9.34,4.59,3.5,2.59,1.19,45.78,61.3,49.16,1.5,2.62,0.88,3.59,2.03,0.81,40.0,6.34,1.22,19.21,10.5,1.97,18.75,1.69,16.07
1230,Eredivisie (NL),517156,Stav Lemkin,S. Lemkin,2003-04-02,88.48,26.79,24.39,24,24,0,1216.0,50.67,44.25,87.34,1.25,0.08,5.34,1.8,788.0,32.83,30.71,93.53,0.33,0.04,12.5,30.79,258.0,10.75,9.58,4.92,4.38,1.46,0.54,0.42,76.92,89.15,88.98,0.12,0.5,0.04,0.21,0.75,0.38,50.0,0.38,0.04,11.11,0.58,0.12,21.43,0.12,21.43
1230,Eredivisie (NL),528011,Irakli Yegoian,I. Yegoian,2004-03-19,93.2,26.43,27.48,30,28,2,1088.0,38.86,27.21,70.04,3.57,0.54,6.32,1.71,669.0,23.89,18.21,76.23,2.04,1.0,49.12,18.5,300.0,10.71,7.61,4.68,2.71,2.36,1.71,1.04,60.42,71.0,58.02,1.43,3.14,0.25,0.43,0.43,0.11,25.0,3.07,0.54,17.44,5.5,1.0,18.18,0.82,14.94
1230,Eredivisie (NL),528013,Moussa Soumano,M. Soumano,2005-07-09,53.08,14.41,14.29,16,15,1,238.0,15.87,8.2,51.68,4.2,0.33,6.34,1.79,167.0,11.13,6.47,58.08,3.2,1.73,54.17,6.0,58.0,3.87,1.87,2.67,1.13,0.87,0.73,0.2,27.27,48.28,42.5,1.0,1.33,0.73,0.87,0.2,0.0,0.0,4.13,0.4,9.68,5.73,0.6,10.46,1.67,29.07
1230,Eredivisie (NL),548756,Tyrese Noslin,T. Noslin,2002-09-11,72.77,17.45,22.58,33,30,3,781.0,26.03,13.93,53.52,2.33,0.37,6.03,1.79,490.0,16.33,9.47,57.96,1.73,0.73,42.31,13.77,204.0,6.8,3.93,4.37,2.53,1.8,1.37,0.67,48.78,57.84,58.01,0.13,1.43,0.6,0.43,0.53,0.3,56.25,2.4,0.27,11.11,4.07,0.77,18.85,0.53,13.12
1230,Eredivisie (NL),560917,Rhys Bozinovski,R. Bozinovski,2004-07-03,54.92,13.26,15.96,8,8,0,139.0,17.38,12.12,69.78,0.88,0.0,3.97,1.32,91.0,11.38,9.12,80.22,0.25,0.12,50.0,9.12,19.0,2.38,1.62,1.12,0.5,0.5,0.38,0.0,0.0,68.42,44.44,0.38,0.88,0.0,0.0,0.25,0.0,0.0,0.75,0.0,0.0,1.25,0.62,50.0,0.0,0.0
1230,Eredivisie (NL),569939,Mats Rots,M. Rots,2006-03-11,93.0,28.11,25.12,33,33,0,1544.0,46.79,33.36,71.31,4.88,0.64,6.64,1.87,1079.0,32.7,24.88,76.09,2.39,1.18,49.37,27.97,438.0,13.27,9.18,7.33,5.18,2.88,2.06,1.42,69.12,69.18,70.66,0.94,4.15,0.48,1.52,1.21,0.61,50.0,3.36,0.48,14.41,5.45,1.18,21.67,1.27,23.33
1230,Eredivisie (NL),584968,Nökkvi Thórisson,N. Thórisson,1999-08-13,29.19,7.72,8.19,15,14,1,95.0,6.79,3.14,46.31,1.07,0.21,8.04,1.98,50.0,3.57,1.93,54.0,1.07,0.71,66.67,2.07,33.0,2.36,1.07,1.07,0.29,0.57,0.43,0.07,16.67,45.45,26.67,0.14,0.43,0.43,0.57,0.07,0.07,100.0,1.14,0.07,6.25,2.43,0.21,8.82,0.79,32.35
1230,Eredivisie (NL),584975,Alonzo Engwanda Ongena,A. Engwanda,2003-01-27,90.89,24.47,27.6,35,34,1,1103.0,32.44,27.03,83.32,1.56,0.21,4.07,1.28,647.0,19.03,17.21,90.42,0.68,0.47,69.57,15.79,174.0,5.12,4.38,1.71,1.35,0.94,0.38,0.26,69.23,85.63,79.31,0.35,1.09,0.09,0.15,0.15,0.03,20.0,1.32,0.18,13.33,2.03,0.56,27.54,0.21,10.14
1230,Eredivisie (NL),606611,Koki Ogawa,K. Ogawa,1997-08-08,54.72,17.63,12.17,26,23,3,189.0,8.22,4.3,52.38,2.52,0.48,3.64,1.11,120.0,5.22,3.0,57.5,1.65,0.87,52.63,2.3,27.0,1.17,0.78,0.39,0.26,0.3,0.17,0.09,50.0,66.67,66.67,0.52,0.7,0.52,0.09,0.09,0.09,100.0,1.96,0.35,17.78,2.78,0.17,6.25,0.87,31.25
1230,Eredivisie (NL),606982,Shunsuke Mito,S. Mito,2002-09-28,78.61,21.62,23.81,24,24,0,659.0,27.46,16.29,59.33,3.92,0.71,8.42,2.08,480.0,20.0,12.88,64.37,2.79,1.17,41.79,14.96,238.0,9.92,5.29,5.54,2.25,3.04,1.92,0.5,26.09,53.36,40.6,0.88,2.12,0.62,1.46,0.67,0.21,31.25,4.04,1.29,31.96,6.71,1.25,18.63,1.04,15.53
1230,Eredivisie (NL),619202,Malcolm Jeng,M. Jeng,2005-03-09,52.83,18.92,9.98,1,1,0,49.0,49.0,41.0,83.67,1.0,0.0,5.6,1.6,37.0,37.0,31.0,83.78,1.0,0.0,0.0,36.0,10.0,10.0,8.0,4.0,4.0,2.0,1.0,1.0,100.0,80.0,100.0,0.0,0.0,0.0,0.0,0.0,0.0,,1.0,0.0,0.0,2.0,0.0,0.0,0.0,0.0
1230,Eredivisie (NL),619479,Eus Waayers,E. Waayers,2006-04-08,19.1,5.12,4.68,4,3,1,24.0,8.0,5.67,70.83,1.33,0.67,4.94,1.07,14.0,4.67,3.67,78.57,1.0,0.33,33.33,4.67,5.0,1.67,1.33,0.67,0.67,0.67,0.67,0.67,100.0,80.0,100.0,0.0,1.67,0.33,0.0,0.33,0.33,100.0,1.33,0.33,25.0,1.33,0.0,0.0,0.67,50.0
1230,Eredivisie (NL),636653,Travis Hernes,T. Hernes,2005-11-04,35.22,9.83,10.26,11,11,0,127.0,11.55,7.55,65.36,1.91,0.09,6.79,1.82,83.0,7.55,5.18,68.67,1.18,0.36,30.77,5.82,47.0,4.27,3.09,1.45,0.82,0.82,0.45,0.27,60.0,72.34,56.25,0.64,1.18,0.27,0.18,0.27,0.18,66.67,1.73,0.64,36.84,2.91,0.55,18.75,0.55,18.75
1230,Eredivisie (NL),637185,Emirhan Demircan ,E. Demircan,2005-01-20,21.98,6.28,4.52,6,6,0,45.0,7.5,5.0,66.67,1.17,0.0,8.82,2.55,26.0,4.33,3.33,76.92,0.17,0.17,100.0,3.0,18.0,3.0,2.0,1.33,1.0,0.0,0.0,0.0,,66.67,75.0,0.17,0.5,0.0,1.0,0.33,0.17,50.0,0.33,0.17,50.0,1.33,0.5,37.5,0.33,25.0
1230,Eredivisie (NL),638871,Elijah Dijkstra,E. Dijkstra,2006-08-05,68.31,21.71,18.11,20,20,0,677.0,33.85,27.95,82.57,1.9,0.05,6.56,1.94,480.0,24.0,20.95,87.29,1.45,0.7,48.28,21.65,192.0,9.6,8.05,4.95,4.15,1.65,0.95,0.7,73.68,83.85,83.84,0.25,2.2,0.35,0.55,0.65,0.35,53.85,1.95,0.4,20.51,3.15,0.7,22.22,0.45,14.29
1230,Eredivisie (NL),657185,Guilherme Martinho Peixoto ,Guilherme Peixoto,2006-05-25,17.26,1.87,4.77,1,1,0,5.0,5.0,4.0,80.0,0.0,0.0,1.23,0.94,3.0,3.0,3.0,100.0,0.0,0.0,,3.0,0.0,0.0,0.0,0.0,0.0,0.0,0.0,0.0,,,,0.0,0.0,0.0,0.0,0.0,0.0,,0.0,0.0,,0.0,0.0,,0.0,
1230,Eredivisie (NL),657191,Shaqueel van Persie,S. van Persie,2006-11-16,17.38,4.88,3.97,3,3,0,15.0,5.0,1.33,26.67,1.67,1.0,1.61,0.65,7.0,2.33,0.67,28.57,1.33,0.33,25.0,0.67,0.0,0.0,0.0,0.0,0.0,0.0,0.0,0.0,,,,0.0,0.33,0.33,0.0,0.0,0.0,,1.67,0.33,20.0,2.0,0.33,16.67,0.67,33.33
1230,Eredivisie (NL),657193,Dies Janse,D. Janse,2006-01-17,95.75,26.61,26.56,30,29,1,1397.0,48.17,39.69,82.39,1.59,0.17,4.22,1.56,907.0,31.28,28.21,90.19,0.17,0.0,0.0,29.69,200.0,6.9,5.62,3.66,3.0,1.03,0.48,0.34,71.43,81.5,82.07,0.07,0.1,0.0,0.45,0.59,0.24,41.18,0.17,0.0,0.0,0.41,0.14,33.33,0.0,0.0
1230,Eredivisie (NL),669486,Precious Ugwu,P. Ugwu,2006-02-08,83.63,22.25,25.05,28,26,2,757.0,29.12,21.92,75.3,1.23,0.0,5.76,1.76,495.0,19.04,15.58,81.82,1.04,0.38,37.04,16.92,183.0,7.04,4.92,2.58,1.65,0.92,0.42,0.19,45.45,69.94,64.18,0.38,1.88,0.08,0.38,0.58,0.31,53.33,1.5,0.31,20.51,2.5,0.54,21.54,0.12,4.62
1230,Eredivisie (NL),698117,Kodai  Sano,K. Sano,2003-09-25,99.9,30.72,22.15,34,30,4,1561.0,52.03,40.13,77.13,4.57,0.7,5.43,1.71,941.0,31.37,26.53,84.59,1.93,1.07,55.17,25.6,377.0,12.57,9.67,5.37,3.6,1.7,1.0,0.6,60.0,76.92,67.08,1.0,3.1,0.27,1.0,0.4,0.23,58.33,2.87,0.57,19.77,4.87,1.13,23.29,0.9,18.49
1230,Eredivisie (NL),715108,Luka  Kulenović,L. Kulenović,1999-09-29,61.67,15.04,17.37,29,29,0,348.0,12.0,5.72,47.7,2.41,0.21,4.27,1.13,198.0,6.83,3.62,53.03,1.79,0.79,44.23,2.86,58.0,2.0,1.14,1.28,0.76,0.59,0.48,0.17,35.71,56.9,59.46,0.62,1.28,0.38,0.17,0.0,0.0,,2.31,0.24,10.45,3.79,0.52,13.64,0.97,25.45
1230,Eredivisie (NL),715869,Stefan Ingi Sigurdarson,S. Sigurdarson,2001-01-27,48.2,13.22,14.54,14,13,1,147.0,11.31,5.0,44.22,2.46,0.31,3.52,1.04,86.0,6.62,3.08,46.51,1.0,0.31,30.77,3.54,21.0,1.62,0.54,1.08,0.31,0.38,0.38,0.0,0.0,33.33,28.57,0.31,0.62,0.31,0.08,0.0,0.0,,1.46,0.38,26.31,2.85,0.15,5.41,0.54,18.92
1230,Eredivisie (NL),731279,Espen van Ee,E. van Ee,2003-07-05,66.88,16.19,16.48,1,1,0,18.0,18.0,14.0,77.78,2.0,0.0,8.51,2.15,8.0,8.0,6.0,75.0,1.0,0.0,0.0,6.0,8.0,8.0,7.0,2.0,2.0,1.0,0.0,0.0,,87.5,100.0,0.0,0.0,0.0,0.0,0.0,0.0,,1.0,0.0,0.0,2.0,0.0,0.0,0.0,0.0
1230,Eredivisie (NL),732007,James McConnell,J. McConnell,2004-09-13,30.07,9.03,7.96,4,4,0,59.0,14.75,12.75,86.44,0.5,0.0,4.62,1.8,46.0,11.5,10.25,89.13,0.5,0.5,100.0,9.5,11.0,2.75,2.5,1.25,1.25,0.0,0.0,0.0,,90.91,100.0,0.0,1.0,0.0,0.25,0.0,0.0,,1.25,0.75,60.0,1.25,0.0,0.0,0.0,0.0
1230,Eredivisie (NL),737090,Mats Egbring,M. Egbring,2006-09-17,25.92,6.67,7.5,8,8,0,56.0,7.0,4.38,62.5,0.75,0.12,5.2,1.43,37.0,4.62,3.12,67.57,0.25,0.12,50.0,4.0,10.0,1.25,0.62,0.75,0.38,0.62,0.38,0.25,66.67,50.0,50.0,0.12,0.38,0.0,0.0,0.0,0.0,,0.25,0.0,0.0,0.38,0.0,0.0,0.0,0.0
1230,Eredivisie (NL),737898,Gjivai Zechiël,G. Zechiël,2004-06-01,89.55,23.83,27.35,36,35,1,1502.0,42.91,32.97,76.83,4.94,0.69,5.11,1.57,1001.0,28.6,22.69,79.32,2.09,0.86,41.09,22.97,309.0,8.83,6.37,5.03,3.34,2.03,1.71,0.89,51.67,72.17,66.48,1.4,3.2,0.49,0.6,0.49,0.29,58.82,2.69,0.17,6.38,5.2,1.26,24.18,1.0,19.23
1230,Eredivisie (NL),738212,Nick Fichtinger,N. Fichtinger,2004-04-06,42.35,9.54,11.96,20,19,1,300.0,15.79,10.68,67.67,1.05,0.05,3.35,1.08,141.0,7.42,5.53,74.47,0.84,0.42,50.0,5.68,44.0,2.32,1.58,1.0,0.58,0.21,0.11,0.05,50.0,68.18,57.89,0.47,0.11,0.0,0.11,0.32,0.05,16.67,1.37,0.11,7.69,1.74,0.26,15.15,0.21,12.12
1230,Eredivisie (NL),740321,Nordin Bukala,N. Bukala,2005-09-18,73.95,19.42,23.86,24,23,1,491.0,21.35,15.74,73.73,1.61,0.3,3.96,1.27,305.0,13.26,10.78,81.31,0.96,0.57,59.09,10.0,72.0,3.13,1.96,1.43,1.04,0.26,0.13,0.13,100.0,62.5,72.73,0.91,1.52,0.26,0.0,0.13,0.09,66.67,1.52,0.26,17.14,2.61,0.26,10.0,0.43,16.67
1230,Eredivisie (NL),744590,Gerald Alders,G. Alders,2005-05-07,58.54,18.74,15.29,9,9,0,230.0,25.56,20.0,78.26,0.78,0.0,5.35,1.75,149.0,16.56,13.89,83.89,0.67,0.56,83.33,14.0,54.0,6.0,4.22,3.22,2.11,1.11,0.89,0.33,37.5,70.37,65.52,0.11,0.78,0.11,0.11,0.11,0.0,0.0,1.22,0.11,9.09,2.44,0.56,22.73,0.56,22.73
1230,Eredivisie (NL),758674,Jordy Bawuah,J. Bawuah,2006-11-17,11.6,3.92,1.85,1,1,0,6.0,6.0,3.0,50.0,1.0,0.0,13.51,2.58,1.0,1.0,1.0,100.0,0.0,0.0,,0.0,1.0,1.0,1.0,1.0,1.0,1.0,1.0,1.0,100.0,100.0,100.0,0.0,0.0,0.0,0.0,0.0,0.0,,0.0,0.0,,0.0,0.0,,0.0,
1230,Eredivisie (NL),758676,Tika de Jonge,T. de Jonge,2003-03-11,79.37,21.86,22.43,27,26,1,767.0,29.5,20.77,70.4,2.88,0.19,3.43,1.17,492.0,18.92,15.31,80.89,0.96,0.5,52.0,15.0,100.0,3.85,2.85,1.88,1.27,0.65,0.19,0.08,40.0,74.0,67.35,0.65,1.38,0.19,0.19,0.15,0.08,50.0,1.5,0.19,12.82,2.58,0.58,22.39,0.62,23.88
1230,Eredivisie (NL),758677,Wouter Prins,W. Prins,2004-02-06,28.67,7.43,7.88,21,21,0,199.0,9.48,5.67,59.8,0.62,0.1,5.01,1.51,94.0,4.48,3.19,71.28,0.29,0.0,0.0,4.43,46.0,2.19,1.14,0.81,0.43,0.29,0.19,0.0,0.0,52.17,52.94,0.0,0.57,0.0,0.0,0.1,0.05,50.0,0.29,0.0,0.0,0.33,0.0,0.0,0.05,14.29
1230,Eredivisie (NL),760147,Nicolas Verkooijen,N. Verkooijen,2006-12-05,7.04,2.26,1.89,3,3,0,11.0,3.67,1.33,36.36,1.67,0.0,5.7,1.37,3.0,1.0,0.33,33.33,0.67,0.0,0.0,0.67,2.0,0.67,0.67,0.67,0.67,0.0,0.0,0.0,,100.0,100.0,0.0,0.67,0.0,0.0,0.0,0.0,,0.67,0.0,0.0,0.67,0.0,0.0,0.0,0.0
1230,Eredivisie (NL),773821,Nick Verschuren,N. Verschuren,2005-01-13,93.21,24.6,28.01,30,29,1,1193.0,41.14,35.07,85.25,0.97,0.14,3.89,1.51,830.0,28.62,26.59,92.89,0.41,0.1,25.0,26.62,178.0,6.14,5.48,3.03,2.72,1.21,0.52,0.45,86.67,89.33,89.77,0.14,0.17,0.07,0.1,0.28,0.14,50.0,0.48,0.03,7.14,0.83,0.17,20.83,0.07,8.33
1230,Eredivisie (NL),791981,Sebastiaan Hagedoorn,S. Hagedoorn,2004-11-30,14.97,4.36,3.59,8,6,2,26.0,4.33,1.67,38.46,1.17,0.0,6.61,1.7,15.0,2.5,1.17,46.67,0.33,0.0,0.0,1.83,6.0,1.0,0.83,0.5,0.33,0.0,0.0,0.0,,83.33,66.67,0.33,0.33,0.0,0.0,0.0,0.0,,0.5,0.0,0.0,1.0,0.0,0.0,0.33,33.33
1230,Eredivisie (NL),792939,Tyrique Mercera,T. Mercera,2003-12-19,42.49,11.79,11.13,20,20,0,247.0,12.35,8.7,70.45,0.7,0.1,3.85,1.26,158.0,7.9,6.1,77.22,0.9,0.35,38.89,6.6,35.0,1.75,1.15,0.8,0.3,0.55,0.4,0.15,37.5,65.71,37.5,0.05,0.75,0.35,0.1,0.0,0.0,,1.2,0.25,20.83,2.0,0.25,12.5,0.35,17.5
1230,Eredivisie (NL),795550,Max Balard,M. Balard,2000-11-20,91.3,23.84,26.26,32,31,1,1274.0,41.1,34.1,82.97,2.52,0.13,4.68,1.59,831.0,26.81,23.35,87.12,1.0,0.74,74.19,21.35,242.0,7.81,6.45,4.29,3.48,0.87,0.48,0.16,33.33,82.65,81.2,1.19,0.87,0.16,0.74,1.03,0.71,68.75,2.1,0.23,10.77,3.65,0.81,22.12,0.61,16.81
1230,Eredivisie (NL),798077,Rion Ichihara,R. Ichihara,2005-07-07,48.7,14.65,12.01,2,2,0,50.0,25.0,19.0,76.0,2.0,0.0,3.31,1.43,32.0,16.0,14.0,87.5,1.0,0.5,50.0,13.5,6.0,3.0,3.0,1.5,1.5,0.5,0.0,0.0,,100.0,100.0,0.0,0.5,0.0,0.5,0.0,0.0,,1.0,0.0,0.0,1.5,1.0,66.67,0.0,0.0
1230,Eredivisie (NL),799311,Maher Carrizo,M. Carrizo,2006-02-19,25.2,8.12,6.47,6,5,1,38.0,7.6,3.8,50.0,1.0,0.0,11.3,2.85,29.0,5.8,3.2,55.17,0.8,0.2,25.0,4.0,18.0,3.6,1.8,2.6,1.0,0.6,0.6,0.4,66.67,50.0,38.46,0.6,0.4,0.0,1.0,0.2,0.2,100.0,1.0,0.2,20.0,2.0,1.0,50.0,0.6,30.0
1230,Eredivisie (NL),800002,Yun Do-Young,Do-Young Yun,2006-10-28,18.39,4.32,4.29,6,5,1,27.0,5.4,2.8,51.85,0.4,0.2,5.21,1.77,12.0,2.4,1.8,75.0,0.2,0.0,0.0,1.6,7.0,1.4,0.2,0.8,0.0,0.0,0.0,0.0,,14.29,0.0,0.0,0.2,0.0,0.0,0.0,0.0,,0.6,0.2,33.33,0.6,0.0,0.0,0.0,0.0
1230,Eredivisie (NL),801732,Nils Eggens,N. Eggens,2005-04-08,8.68,2.11,1.1,2,2,0,6.0,3.0,1.0,33.33,0.5,0.0,4.31,1.53,4.0,2.0,1.0,50.0,1.0,0.5,50.0,1.0,1.0,0.5,0.5,0.5,0.5,0.0,0.0,0.0,,100.0,100.0,0.0,0.5,0.0,0.0,0.0,0.0,,1.0,0.0,0.0,1.0,0.0,0.0,0.5,50.0
1230,Eredivisie (NL),808625,Cherrion Valerius,C. Valerius,2005-09-22,70.72,18.31,20.03,28,27,1,732.0,27.11,18.89,69.67,2.04,0.15,5.27,1.7,462.0,17.11,12.74,74.46,0.81,0.26,31.82,15.41,165.0,6.11,4.04,2.89,1.85,1.41,0.78,0.33,42.86,66.06,64.1,0.11,1.19,0.15,0.67,0.74,0.26,35.0,1.3,0.3,22.86,2.26,0.74,32.79,0.19,8.2
1230,Eredivisie (NL),808649,Mateo Chávez García,M. Chávez,2004-05-12,45.36,12.74,12.31,20,20,0,466.0,23.3,16.05,68.89,2.6,0.35,5.4,1.64,314.0,15.7,11.45,72.93,1.0,0.35,35.0,14.5,101.0,5.05,3.5,3.1,2.25,1.25,0.85,0.7,82.35,69.31,72.58,0.05,1.65,0.25,0.7,1.05,0.5,47.62,1.35,0.2,14.81,2.1,0.25,11.9,0.4,19.05
1230,Eredivisie (NL),808654,Cedric Hatenboer,C. Hatenboer,2005-03-19,81.67,20.61,23.15,14,13,1,494.0,38.0,27.15,71.46,3.23,0.31,5.1,1.5,323.0,24.85,18.77,75.54,1.31,0.69,52.94,21.23,116.0,8.92,6.38,4.85,3.0,1.0,0.69,0.54,77.78,71.55,61.9,0.62,1.69,0.15,0.31,0.46,0.31,66.67,2.08,0.31,14.81,3.46,0.62,17.78,0.38,11.11
1230,Eredivisie (NL),808791,Dylan  Ruward,D. Ruward,2005-01-21,15.08,1.65,9.09,1,1,0,0.0,0.0,0.0,,0.0,0.0,,,0.0,0.0,0.0,,0.0,0.0,,0.0,0.0,0.0,0.0,0.0,0.0,0.0,0.0,0.0,,,,0.0,0.0,0.0,0.0,0.0,0.0,,0.0,0.0,,0.0,0.0,,0.0,
1230,Eredivisie (NL),809821,Anis Hadj-Moussa,A. Hadj-Moussa,2002-02-11,91.51,26.87,24.02,30,29,1,1066.0,36.76,20.72,56.38,6.28,0.93,8.28,2.49,799.0,27.55,16.24,58.95,2.9,1.62,55.95,22.59,369.0,12.72,5.76,6.83,2.48,2.03,1.52,0.34,22.73,45.26,36.36,0.55,1.24,0.45,3.72,2.34,0.83,35.29,3.72,0.72,19.44,6.14,1.1,17.98,1.14,18.54
1230,Eredivisie (NL),810626,Marko Kerkez,M. Kerkez,2000-06-26,9.73,1.39,3.41,3,3,0,6.0,2.0,0.33,16.66,0.0,0.0,5.95,1.1,1.0,0.33,0.0,0.0,0.0,0.0,,0.0,1.0,0.33,0.0,0.33,0.0,0.33,0.33,0.0,0.0,0.0,0.0,0.0,0.0,0.0,0.33,0.0,0.0,,0.0,0.0,,0.33,0.33,100.0,0.0,0.0
1230,Eredivisie (NL),810646,Joel van den Berg,J. van den Berg,2007-02-11,31.18,12.06,7.4,5,5,0,67.0,13.4,10.2,76.12,2.2,0.0,6.48,1.59,47.0,9.4,7.4,78.72,1.0,0.6,60.0,6.4,14.0,2.8,1.8,1.6,0.6,1.4,1.2,0.2,16.66,64.28,37.5,0.4,0.8,0.2,0.0,0.0,0.0,,1.2,0.2,16.67,2.8,1.0,35.71,0.6,21.43
1230,Eredivisie (NL),810647,Jim Koller,J. Koller,2007-03-31,9.24,2.35,2.62,2,2,0,4.0,2.0,2.0,100.0,0.0,0.0,4.09,1.48,4.0,2.0,2.0,100.0,0.0,0.0,,2.0,1.0,0.5,0.5,0.0,0.0,0.0,0.0,0.0,,100.0,,0.5,0.5,0.0,0.0,0.0,0.0,,0.5,0.0,0.0,0.5,0.0,0.0,0.0,0.0
1230,Eredivisie (NL),810654,Eser Hayati Gürbüz,E. Gürbüz,2007-03-06,24.29,6.18,6.89,16,15,1,117.0,7.8,3.13,40.17,0.73,0.13,10.69,2.93,78.0,5.2,2.27,43.59,0.4,0.07,16.67,4.4,53.0,3.53,1.27,2.53,0.73,0.73,0.67,0.2,30.0,35.85,28.95,0.27,0.53,0.07,0.73,0.33,0.0,0.0,0.53,0.07,12.5,1.4,0.2,14.29,0.13,9.52
1230,Eredivisie (NL),810883,Fabian Merién,F. Merién,2008-09-26,7.75,3.26,2.66,1,1,0,5.0,5.0,4.0,80.0,0.0,0.0,7.3,1.6,1.0,1.0,1.0,100.0,0.0,0.0,,1.0,2.0,2.0,2.0,0.0,0.0,1.0,0.0,0.0,,100.0,,0.0,0.0,0.0,0.0,0.0,0.0,,0.0,0.0,,0.0,0.0,,0.0,
1230,Eredivisie (NL),810892,Sean Steur,S. Steur,2008-01-11,65.88,21.29,18.98,20,20,0,720.0,36.0,30.6,85.0,3.3,0.45,6.82,2.06,534.0,26.7,23.2,86.89,1.25,0.55,44.0,22.75,220.0,11.0,9.55,4.55,3.7,1.45,1.05,0.7,66.67,86.82,81.32,1.0,2.75,0.45,0.55,0.6,0.4,66.67,2.1,0.5,23.81,3.1,0.35,11.29,0.3,9.68
1230,Eredivisie (NL),810896,Ayoub Ouarghi,A. Ouarghi,2008-02-05,13.06,2.78,3.15,1,1,0,4.0,4.0,4.0,100.0,0.0,0.0,3.97,1.38,0.0,0.0,0.0,,0.0,0.0,,0.0,1.0,1.0,1.0,1.0,1.0,0.0,0.0,0.0,,100.0,100.0,0.0,1.0,0.0,0.0,0.0,0.0,,0.0,0.0,,0.0,0.0,,0.0,
1230,Eredivisie (NL),810899,Ruud Nijstad,R. Nijstad,2008-01-17,85.43,25.84,24.55,20,20,0,990.0,49.5,41.6,84.04,1.9,0.25,4.57,1.77,664.0,33.2,29.9,90.06,0.4,0.2,50.0,31.75,180.0,9.0,7.6,4.9,4.2,0.95,0.35,0.25,71.43,84.44,85.71,0.0,0.85,0.15,0.05,0.3,0.2,66.67,0.45,0.0,0.0,0.7,0.2,28.57,0.0,0.0
1230,Eredivisie (NL),810907,Jaygo van Ommeren,J. van Ommeren,2008-05-08,25.11,7.29,5.3,2,2,0,31.0,15.5,12.0,77.42,1.5,0.5,1.76,0.8,18.0,9.0,7.5,83.33,1.0,0.5,50.0,7.0,0.0,0.0,0.0,0.0,0.0,0.0,0.0,0.0,,,,0.5,0.0,0.0,0.0,0.0,0.0,,1.5,0.5,33.33,1.5,0.5,33.33,0.0,0.0
1230,Eredivisie (NL),811830,Rio Robbemond,R. Robbemond,2005-01-05,70.82,23.1,26.61,1,1,0,28.0,28.0,24.0,85.71,1.0,0.0,3.98,1.26,20.0,20.0,17.0,85.0,2.0,2.0,100.0,13.0,4.0,4.0,3.0,2.0,1.0,0.0,0.0,0.0,,75.0,50.0,1.0,2.0,0.0,2.0,1.0,1.0,100.0,4.0,0.0,0.0,6.0,1.0,16.67,0.0,0.0
1230,Eredivisie (NL),811865,Kasper Boogaard,K. Boogaard,2006-01-29,69.02,20.93,20.45,11,11,0,343.0,31.18,23.45,75.22,2.09,0.36,4.87,1.58,243.0,22.09,17.91,81.07,0.91,0.36,40.0,18.36,65.0,5.91,4.82,2.45,1.91,0.55,0.36,0.18,50.0,81.54,77.78,1.27,1.27,0.0,0.27,0.36,0.09,25.0,1.55,0.09,5.88,2.27,0.18,8.0,0.27,12.0
1230,Eredivisie (NL),812847,Jorthy Mokio,J. Mokio,2007-01-04,57.34,18.3,16.0,28,28,0,773.0,27.61,22.32,80.85,2.07,0.29,4.61,1.36,518.0,18.5,16.11,87.07,1.29,0.82,63.89,14.82,147.0,5.25,3.71,2.54,1.46,1.25,0.89,0.39,44.0,70.75,57.75,0.86,1.14,0.21,0.29,0.07,0.07,100.0,2.21,0.21,9.68,3.25,0.57,17.58,0.5,15.38
1230,Eredivisie (NL),817285,Sondre Holmlund Ørjasæter,S. Ørjasæter,2003-11-28,73.44,22.99,19.73,29,29,0,872.0,30.07,18.1,60.21,6.21,0.59,11.24,2.93,635.0,21.9,13.72,62.68,2.72,1.24,45.57,17.59,404.0,13.93,8.34,8.62,4.86,2.45,2.14,1.03,48.39,59.9,56.4,0.79,1.86,0.66,3.72,1.45,0.59,40.48,3.48,0.59,16.83,5.97,1.72,28.9,1.17,19.65
1230,Eredivisie (NL),817449,Marcus Linday,M. Linday,2003-06-02,77.96,23.26,21.99,33,32,1,1259.0,39.34,32.44,82.45,2.84,0.19,5.53,1.55,826.0,25.81,22.66,87.77,1.28,0.69,53.66,22.28,289.0,9.03,7.69,4.38,3.44,2.19,1.5,1.03,68.75,85.12,78.57,0.88,2.16,0.22,0.62,0.66,0.44,66.67,1.75,0.28,16.07,3.03,0.75,24.74,0.53,17.53
1230,Eredivisie (NL),818248,Kento Shiogai,K. Shiogai,2005-03-26,36.6,10.86,7.52,12,11,1,72.0,6.55,2.73,41.67,1.55,0.64,7.31,1.7,46.0,4.18,1.82,43.48,1.09,0.18,16.67,2.0,17.0,1.55,0.45,1.09,0.36,0.73,0.55,0.09,16.67,29.41,33.33,0.09,0.55,0.45,0.36,0.18,0.09,50.0,1.36,0.18,13.33,2.55,0.36,14.29,0.64,25.0
1230,Eredivisie (NL),818259,Lucas Vennegoor of Hesselink,L. Vennegoor of Hesselink,2006-03-14,17.91,5.41,3.4,5,5,0,23.0,4.6,2.4,52.17,1.8,0.0,3.82,1.19,12.0,2.4,1.4,58.33,1.6,0.8,50.0,0.4,5.0,1.0,0.6,0.6,0.4,0.2,0.2,0.2,100.0,60.0,66.67,0.2,0.2,0.2,0.0,0.0,0.0,,1.6,0.4,25.0,2.0,0.4,20.0,1.0,50.0
1230,Eredivisie (NL),818282,Myron Mau-Asam,M. Mau-Asam,2004-04-01,,,,1,0,1,,,,,,,,,,,,,,,,,,,,,,,,,,,,,,,,,,,,,,,,,,
1230,Eredivisie (NL),819069,Aaron George Wilem Bouwman,A. Bouwman,2007-08-28,82.13,27.25,21.05,9,9,0,495.0,55.0,50.0,90.91,1.44,0.0,4.42,1.59,358.0,39.78,38.22,96.09,0.22,0.11,50.0,38.56,78.0,8.67,7.78,4.33,3.89,0.89,0.44,0.33,75.0,89.75,89.74,0.0,0.22,0.0,0.33,0.33,0.11,33.33,0.44,0.11,25.0,0.89,0.11,12.5,0.0,0.0
1230,Eredivisie (NL),819172,Daan Bisshops,D. Bisshops,2005-03-30,94.12,24.83,26.37,1,1,0,25.0,25.0,20.0,80.0,0.0,0.0,3.47,1.14,20.0,20.0,16.0,80.0,1.0,1.0,100.0,19.0,2.0,2.0,0.0,1.0,0.0,1.0,1.0,0.0,0.0,0.0,0.0,1.0,2.0,1.0,0.0,0.0,0.0,,1.0,0.0,0.0,1.0,0.0,0.0,0.0,0.0
1230,Eredivisie (NL),820777,Chris-Kévin Nadje,C. Nadje,2001-08-14,38.61,10.29,10.48,7,7,0,125.0,17.86,12.14,68.0,0.57,0.0,6.19,1.77,82.0,11.71,8.43,71.95,0.57,0.0,0.0,8.57,29.0,4.14,3.0,2.43,1.57,0.71,0.57,0.43,75.0,72.41,64.71,0.29,1.43,0.0,1.0,0.29,0.14,50.0,1.57,0.0,0.0,2.86,0.71,25.0,0.43,15.0
1230,Eredivisie (NL),826719,Tristan Schenkhuizen,T. Schenkhuizen,2004-07-12,29.75,8.44,7.11,4,4,0,41.0,10.25,8.25,80.49,0.5,0.0,2.27,0.81,28.0,7.0,6.0,85.71,0.0,0.0,,5.25,0.0,0.0,0.0,0.0,0.0,0.0,0.0,0.0,,,,0.5,0.25,0.25,0.0,0.0,0.0,,0.0,0.0,,0.25,0.0,0.0,0.0,0.0
1230,Eredivisie (NL),826745,Jop Tijink,J. Tijink,2005-01-30,8.93,2.54,3.02,1,1,0,1.0,1.0,1.0,100.0,0.0,0.0,2.14,1.4,1.0,1.0,1.0,100.0,0.0,0.0,,1.0,0.0,0.0,0.0,0.0,0.0,0.0,0.0,0.0,,,,0.0,1.0,0.0,0.0,0.0,0.0,,0.0,0.0,,0.0,0.0,,0.0,
1230,Eredivisie (NL),827690,Juho Talvitie,J. Talvitie,2005-03-25,56.2,15.71,15.03,27,27,0,582.0,21.56,12.37,57.39,2.15,0.22,9.08,2.52,401.0,14.85,9.19,61.85,1.3,0.63,48.57,11.81,250.0,9.26,5.44,5.3,2.63,1.07,0.7,0.26,36.84,58.8,49.65,0.81,1.7,0.41,1.0,1.07,0.41,37.93,1.85,0.41,22.0,3.37,0.63,18.68,0.41,12.09
1230,Eredivisie (NL),850854,Benjamin Pauwels,B. Pauwels,2004-10-29,52.13,13.08,16.72,8,8,0,144.0,18.0,11.0,61.11,3.5,0.12,10.99,2.92,106.0,13.25,7.75,58.49,1.38,0.62,45.45,11.0,63.0,7.88,3.62,6.12,2.38,1.0,0.88,0.0,0.0,46.03,38.77,0.0,1.0,0.12,1.75,1.62,0.38,23.08,2.62,0.38,14.29,3.38,1.0,29.63,0.25,7.41
1230,Eredivisie (NL),850859,Guilliano Cairo,G. Cairo,2006-03-18,,,,1,0,1,,,,,,,,,,,,,,,,,,,,,,,,,,,,,,,,,,,,,,,,,,
1230,Eredivisie (NL),850862,Nesto Groen,N. Groen,2004-07-22,24.15,6.36,5.12,1,1,0,6.0,6.0,2.0,33.33,0.0,0.0,4.0,1.0,5.0,5.0,2.0,40.0,4.0,1.0,25.0,3.0,1.0,1.0,0.0,1.0,0.0,1.0,1.0,0.0,0.0,0.0,0.0,0.0,1.0,0.0,0.0,0.0,0.0,,4.0,1.0,25.0,4.0,1.0,25.0,0.0,0.0
1230,Eredivisie (NL),850868,Isaiah Ahmed,I. Ahmed,2005-12-28,7.08,1.43,2.1,2,2,0,4.0,2.0,0.5,25.0,0.0,0.0,2.84,0.8,1.0,0.5,0.0,0.0,0.0,0.0,,0.0,1.0,0.5,0.0,0.0,0.0,0.0,0.0,0.0,,0.0,,0.0,0.0,0.0,0.0,0.0,0.0,,0.0,0.0,,0.0,0.0,,0.0,
1230,Eredivisie (NL),850871,Luka Tunjić,L. Tunjić,2005-11-19,29.64,7.06,8.29,16,16,0,164.0,10.25,6.0,58.54,0.94,0.25,5.83,1.62,111.0,6.94,4.56,65.77,0.94,0.31,33.33,5.75,41.0,2.56,1.38,1.5,0.88,0.44,0.38,0.12,33.33,53.66,58.33,0.44,1.31,0.19,0.12,0.25,0.12,50.0,1.19,0.25,21.05,1.62,0.12,7.69,0.12,7.69
1230,Eredivisie (NL),850872,Marvin Young ,M. Young,2005-10-02,97.57,25.9,29.89,31,31,0,1642.0,52.97,45.48,85.87,1.32,0.19,4.83,1.67,1108.0,35.74,32.94,92.15,0.35,0.13,36.36,34.35,298.0,9.61,8.03,5.32,4.26,1.48,0.52,0.29,56.25,83.56,80.0,0.06,0.42,0.03,0.06,0.52,0.35,68.75,0.52,0.06,12.5,0.81,0.19,24.0,0.06,8.0
1230,Eredivisie (NL),850874,Tiago Codinha,T. Codinha,2005-07-20,11.22,2.74,3.38,2,2,0,5.0,2.5,2.0,80.0,0.0,0.0,5.44,1.34,3.0,1.5,1.0,66.67,0.0,0.0,,2.0,1.0,0.5,0.0,0.0,0.0,0.5,0.0,0.0,,0.0,,0.0,0.5,0.0,0.0,0.5,0.0,0.0,0.0,0.0,,0.0,0.0,,0.0,
1230,Eredivisie (NL),851980,Sem van Duijn,S. van Duijn,2004-03-18,77.82,19.68,20.71,13,12,1,209.0,17.42,9.25,53.11,3.83,0.5,3.27,0.86,127.0,10.58,5.67,53.54,2.25,0.75,33.33,5.92,26.0,2.17,0.75,1.5,0.42,0.67,0.58,0.25,42.86,34.61,27.78,0.5,1.67,0.42,0.08,0.08,0.0,0.0,2.92,0.25,8.57,5.08,0.67,13.11,1.67,32.79
1230,Eredivisie (NL),852482,Don-Angelo Konadu,D. Konadu,2006-05-03,25.47,8.15,6.34,9,9,0,50.0,5.56,2.56,46.0,1.0,0.0,4.04,1.24,26.0,2.89,1.33,46.16,1.0,0.33,33.33,0.56,8.0,0.89,0.56,0.11,0.11,0.22,0.0,0.0,,62.5,100.0,0.11,0.56,0.22,0.22,0.0,0.0,,1.56,0.0,0.0,2.22,0.0,0.0,0.56,25.0
1230,Eredivisie (NL),852483,Jan Faberski,J. Faberski,2006-04-22,30.85,7.52,9.51,18,18,0,163.0,9.06,4.78,52.76,1.33,0.17,12.1,3.07,113.0,6.28,3.5,55.75,0.94,0.28,29.41,4.67,81.0,4.5,2.11,2.44,0.89,0.78,0.67,0.33,50.0,46.91,36.36,0.22,0.44,0.11,0.94,0.28,0.0,0.0,1.17,0.11,9.52,2.17,0.94,43.59,0.17,7.69
1230,Eredivisie (NL),857677,Guus Offerhaus,G. Offerhaus,2001-01-03,98.69,24.37,29.61,32,29,3,1128.0,38.9,30.52,78.46,1.69,0.24,6.3,1.92,656.0,22.62,19.28,85.21,0.28,0.17,62.5,20.52,316.0,10.9,9.45,3.79,3.28,1.38,0.45,0.24,53.85,86.71,86.36,0.48,1.1,0.03,0.14,0.24,0.14,57.14,0.66,0.1,15.79,1.34,0.21,15.38,0.03,2.56
1230,Eredivisie (NL),857679,Adil Lechkar,A. Lechkar,2001-09-02,22.99,5.35,6.47,16,15,1,129.0,8.6,4.8,55.81,0.47,0.13,8.02,2.09,74.0,4.93,2.53,51.35,0.47,0.07,14.29,4.27,47.0,3.13,1.8,1.4,0.73,0.73,0.47,0.13,28.57,57.45,52.38,0.07,0.73,0.13,0.07,0.13,0.07,50.0,0.53,0.0,0.0,0.8,0.2,25.0,0.07,8.33
1230,Eredivisie (NL),857680,Soufiane  Hetli,S. Hetli,2001-05-30,55.69,13.68,17.57,30,27,3,488.0,18.07,9.85,54.51,2.89,0.19,9.12,2.35,313.0,11.59,6.7,57.83,1.85,0.74,40.0,7.26,194.0,7.19,4.04,4.19,1.78,1.41,1.04,0.19,17.86,56.18,42.48,1.11,1.59,0.37,0.56,0.48,0.22,46.15,2.59,0.52,20.0,5.0,1.19,23.7,0.93,18.52
1230,Eredivisie (NL),862032,Ayoub Oufkir,A. Oufkir,2006-01-04,41.4,10.73,12.1,22,22,0,338.0,15.36,8.36,54.44,2.36,0.23,10.26,2.52,230.0,10.45,5.91,56.52,1.82,0.82,45.0,7.82,135.0,6.14,3.14,3.59,1.59,2.05,1.45,0.55,37.5,51.11,44.3,0.18,1.73,0.41,0.73,0.41,0.05,11.11,2.0,0.36,18.18,3.14,1.0,31.88,0.73,23.19
1230,Eredivisie (NL),864721,Daan van Reeuwijk,D. van Reeuwijk,2007-05-09,45.2,11.85,11.07,1,1,0,16.0,16.0,11.0,68.75,3.0,0.0,5.8,1.61,10.0,10.0,8.0,80.0,1.0,0.0,0.0,8.0,5.0,5.0,4.0,1.0,0.0,1.0,0.0,0.0,,80.0,0.0,0.0,0.0,0.0,0.0,1.0,1.0,100.0,1.0,0.0,0.0,1.0,0.0,0.0,1.0,100.0
1230,Eredivisie (NL),868132,Stijn Middendorp,S. Middendorp,2004-12-02,30.17,8.49,9.12,6,5,1,43.0,8.6,6.4,74.42,0.2,0.0,4.9,1.43,26.0,5.2,3.6,69.23,0.2,0.0,0.0,3.4,6.0,1.2,1.0,0.2,0.0,0.6,0.2,0.0,0.0,83.33,0.0,0.6,0.8,0.2,0.0,0.0,0.0,,0.6,0.2,33.33,1.6,0.2,12.5,0.0,0.0
1230,Eredivisie (NL),883712,Jinairo Chiso Irechukwu Johnson,J. Johnson,2007-04-08,15.62,4.73,4.24,1,1,0,6.0,6.0,5.0,83.33,1.0,0.0,3.88,1.47,5.0,5.0,4.0,80.0,0.0,0.0,,2.0,0.0,0.0,0.0,0.0,0.0,0.0,0.0,0.0,,,,0.0,0.0,0.0,0.0,0.0,0.0,,0.0,0.0,,1.0,0.0,0.0,0.0,0.0
1230,Eredivisie (NL),886936,Jan Plug,J. Plug,2005-04-02,27.11,8.73,7.11,5,5,0,75.0,15.0,12.8,85.33,0.6,0.0,3.9,1.4,51.0,10.2,9.2,90.2,0.0,0.0,,9.8,12.0,2.4,2.0,2.2,1.8,0.4,0.4,0.2,50.0,83.33,81.82,0.0,0.2,0.0,0.0,0.4,0.2,50.0,0.0,0.0,,0.6,0.0,0.0,0.0,0.0
1230,Eredivisie (NL),891748,Gaoussou Diarra,G. Diarra,2002-11-21,39.45,11.67,9.29,6,6,0,81.0,13.5,8.5,62.96,1.67,0.0,9.06,2.7,53.0,8.83,6.0,67.93,1.17,0.33,28.57,6.67,38.0,6.33,3.83,2.5,1.33,0.17,0.17,0.17,100.0,60.52,53.33,0.0,1.5,0.17,0.83,0.67,0.17,25.0,1.67,0.0,0.0,2.33,0.33,14.29,0.83,35.71
1230,Eredivisie (NL),896658,Artem Stepanov,A. Stepanov,2007-08-10,66.64,17.89,21.3,15,14,1,229.0,16.36,7.64,46.73,3.79,0.64,6.93,1.67,142.0,10.14,4.57,45.07,3.0,1.14,38.09,4.64,59.0,4.21,1.57,2.93,0.64,1.36,1.07,0.14,13.33,37.29,21.95,0.36,1.43,0.71,0.86,0.0,0.0,,3.57,0.14,4.0,5.79,0.71,12.35,1.64,28.39
1230,Eredivisie (NL),905349,Emeka Adiele,E. Adiele,2007-07-31,5.23,0.68,1.02,2,1,1,2.0,2.0,2.0,100.0,0.0,0.0,3.86,1.4,0.0,0.0,0.0,,0.0,0.0,,0.0,0.0,0.0,0.0,0.0,0.0,0.0,0.0,0.0,,,,0.0,0.0,0.0,0.0,0.0,0.0,,0.0,0.0,,0.0,0.0,,0.0,
1230,Eredivisie (NL),907180,Luca Blondeau,L. Blondeau,2006-02-11,48.8,13.11,17.51,2,2,0,51.0,25.5,20.5,80.39,0.0,0.0,4.19,1.69,33.0,16.5,15.5,93.94,0.0,0.0,,15.5,8.0,4.0,3.0,2.5,2.0,0.0,0.0,0.0,,75.0,80.0,0.0,0.0,0.0,0.0,0.5,0.5,100.0,0.0,0.0,,0.0,0.0,,0.0,
1230,Eredivisie (NL),927022,Noah Fernandez,N. Fernandez,2008-01-09,41.23,13.6,9.56,10,10,0,215.0,21.5,17.8,82.79,1.6,0.4,5.82,1.72,153.0,15.3,13.1,85.62,0.9,0.3,33.33,12.2,52.0,5.2,4.3,2.9,2.2,1.1,0.9,0.5,55.56,82.69,75.86,0.2,1.3,0.3,0.5,0.1,0.0,0.0,1.3,0.5,38.46,2.2,0.4,18.18,0.2,9.09
1230,Eredivisie (NL),928186,Hasip Korkmazyürek,H. Korkmazyürek,2003-05-01,2.38,0.82,0.7,1,1,0,0.0,0.0,0.0,,0.0,0.0,,,0.0,0.0,0.0,,0.0,0.0,,0.0,0.0,0.0,0.0,0.0,0.0,0.0,0.0,0.0,,,,0.0,0.0,0.0,0.0,0.0,0.0,,0.0,0.0,,0.0,0.0,,0.0,
1230,Eredivisie (NL),944358,Aymen Sliti,A. Sliti,2006-03-24,30.95,8.43,7.47,19,19,0,242.0,12.74,7.05,55.37,1.47,0.05,7.53,1.96,176.0,9.26,5.16,55.68,0.79,0.42,53.33,7.79,71.0,3.74,1.74,2.42,0.89,1.16,1.05,0.32,30.0,46.48,36.96,0.16,1.11,0.42,0.42,0.63,0.16,25.0,1.16,0.21,18.18,1.95,0.63,32.43,0.26,13.51
1230,Eredivisie (NL),944361,Tobias van den Elshout,T. van den Elshout,2007-02-02,39.51,9.99,11.52,11,10,1,108.0,10.8,6.4,59.26,1.9,0.4,3.61,1.08,67.0,6.7,4.1,61.19,0.7,0.2,28.57,4.8,15.0,1.5,0.6,1.0,0.3,0.5,0.3,0.0,0.0,40.0,30.0,0.5,1.0,0.4,0.4,0.0,0.0,,1.3,0.1,7.69,2.3,0.5,21.74,0.8,34.78
1230,Eredivisie (NL),946249,Thijs Kraaijeveld,T. Kraaijeveld,2007-05-03,51.97,13.94,15.18,15,14,1,319.0,22.79,18.43,80.88,1.21,0.0,6.4,2.06,209.0,14.93,12.43,83.25,0.71,0.14,20.0,12.57,90.0,6.43,5.36,3.93,3.29,0.79,0.43,0.29,66.67,83.33,83.64,0.36,0.86,0.07,0.21,0.57,0.21,37.5,1.07,0.07,6.67,1.36,0.07,5.26,0.14,10.53
1230,Eredivisie (NL),956504,Jerolldino Bergraaf,J. Bergraaf,2006-07-05,49.72,14.09,14.8,23,21,2,213.0,10.14,5.48,53.99,1.38,0.1,4.06,1.14,135.0,6.43,3.95,61.48,1.62,0.81,50.0,3.14,35.0,1.67,0.86,1.24,0.67,0.43,0.43,0.19,44.44,51.43,53.85,0.19,1.24,0.33,0.38,0.05,0.05,100.0,2.14,0.33,15.56,3.38,0.48,14.08,0.33,9.86
1230,Eredivisie (NL),956506,Tyrone Owusu,T. Owusu,1999-03-05,77.34,20.12,23.64,22,19,3,621.0,32.68,23.42,71.66,4.26,0.63,6.31,1.89,403.0,21.21,15.68,73.94,2.21,0.84,38.09,16.63,164.0,8.63,6.42,5.26,3.63,1.47,1.32,0.79,60.0,74.39,69.0,1.21,1.84,0.58,1.26,0.79,0.42,53.33,3.53,0.68,19.4,5.21,1.0,19.19,1.0,19.19
1230,Eredivisie (NL),968125,Tijmen Holla,T. Holla,2006-07-25,,,,1,0,1,,,,,,,,,,,,,,,,,,,,,,,,,,,,,,,,,,,,,,,,,,
1230,Eredivisie (NL),970229,Jelani Seedorf,J. Seedorf,,18.67,3.96,4.45,12,11,1,31.0,2.82,1.27,45.16,0.91,0.09,3.7,1.08,13.0,1.18,0.64,53.85,0.36,0.18,50.0,0.36,5.0,0.45,0.36,0.18,0.18,0.09,0.09,0.09,100.0,80.0,100.0,0.0,0.18,0.18,0.0,0.0,0.0,,0.45,0.09,20.0,0.91,0.0,0.0,0.36,40.0
1230,Eredivisie (NL),970682,Rayane Bounida,R. Bounida,2006-03-03,42.79,13.43,11.36,21,20,1,468.0,23.4,16.0,68.38,4.55,0.3,6.93,2.09,360.0,18.0,13.3,73.89,2.4,1.2,50.0,14.15,158.0,7.9,5.6,2.9,1.75,1.05,0.55,0.3,54.55,70.89,60.34,0.6,1.55,0.3,0.8,0.9,0.45,50.0,3.15,0.5,15.87,4.3,0.5,11.63,1.0,23.26
1230,Eredivisie (NL),971288,Key-Shawn Wong-A-Soij,K. Wong-A-Soij,2006-10-01,10.99,2.75,3.58,3,3,0,10.0,3.33,1.0,30.0,0.33,0.0,10.96,2.52,7.0,2.33,1.0,42.86,0.0,0.0,,2.0,4.0,1.33,0.0,1.33,0.0,0.33,0.33,0.0,0.0,0.0,0.0,0.0,0.0,0.67,0.0,0.0,0.0,,0.0,0.0,,0.33,0.0,0.0,0.0,0.0
1230,Eredivisie (NL),972646,Gabriël Reiziger,G. Reiziger,2005-10-10,22.69,5.68,5.85,12,11,1,65.0,5.91,3.09,52.31,0.36,0.09,6.63,1.89,41.0,3.73,2.0,53.66,0.36,0.0,0.0,2.82,18.0,1.64,0.82,1.09,0.55,0.55,0.45,0.09,20.0,50.0,50.0,0.55,0.73,0.27,0.09,0.18,0.09,50.0,0.64,0.0,0.0,1.73,0.73,42.1,0.18,10.53
1230,Eredivisie (NL),973216,Wassim Bouziane,W. Bouziane,2006-12-22,23.21,6.37,5.09,4,4,0,44.0,11.0,6.5,59.09,1.5,0.25,5.53,1.84,32.0,8.0,5.5,68.75,1.5,1.0,66.67,6.25,10.0,2.5,1.5,1.0,0.75,0.25,0.25,0.0,0.0,60.0,75.0,0.25,0.75,0.25,0.0,0.5,0.0,0.0,2.25,0.0,0.0,3.0,0.0,0.0,0.5,16.67
1230,Eredivisie (NL),975407,Yousri Sbai,Y. Sbai,2004-08-08,5.96,1.24,1.81,2,2,0,5.0,2.5,1.5,60.0,0.0,0.0,3.05,1.12,1.0,0.5,0.5,100.0,0.0,0.0,,0.5,1.0,0.5,0.0,0.0,0.0,0.0,0.0,0.0,,0.0,,0.0,0.0,0.0,0.0,0.0,0.0,,0.0,0.0,,0.0,0.0,,0.0,
1230,Eredivisie (NL),982008,Lushendry Martes,L. Martes,2008-05-06,78.81,22.65,22.83,12,12,0,407.0,33.92,25.83,76.17,1.83,0.0,5.21,1.68,272.0,22.67,18.5,81.62,1.0,0.5,50.0,20.67,81.0,6.75,5.17,4.08,3.08,1.42,0.92,0.67,72.73,76.54,75.51,0.08,1.83,0.0,0.58,0.67,0.25,37.5,1.5,0.25,16.67,2.25,0.17,7.41,0.08,3.7
1230,Eredivisie (NL),991461,Jivayno Jaell Zinhagel,J. Zinhagel,2009-04-18,18.9,6.29,4.73,1,1,0,5.0,5.0,4.0,80.0,1.0,0.0,15.56,3.1,4.0,4.0,4.0,100.0,2.0,2.0,100.0,3.0,3.0,3.0,3.0,1.0,1.0,1.0,0.0,0.0,,100.0,100.0,0.0,1.0,0.0,0.0,0.0,0.0,,2.0,1.0,50.0,3.0,1.0,33.33,2.0,66.67
1230,Eredivisie (NL),991477,Jadiel Pereira da Gama,J. Pereira da Gama,2009-12-15,26.46,6.37,7.4,10,9,1,96.0,10.67,7.0,65.63,0.56,0.11,3.79,1.22,61.0,6.78,5.0,73.77,0.67,0.11,16.67,5.0,16.0,1.78,0.67,1.0,0.33,0.33,0.33,0.11,33.33,37.5,33.33,0.56,0.89,0.22,0.0,0.11,0.11,100.0,0.78,0.0,0.0,1.44,0.67,46.15,0.0,0.0
1230,Eredivisie (NL),998283,Owen Johnson,O. Johnson,2005-08-03,9.84,2.25,2.16,4,4,0,4.0,1.0,0.75,75.0,0.0,0.0,1.06,0.35,1.0,0.25,0.0,0.0,0.25,0.0,0.0,0.0,0.0,0.0,0.0,0.0,0.0,0.0,0.0,0.0,,,,0.0,0.0,0.0,0.0,0.0,0.0,,0.25,0.0,0.0,0.25,0.0,0.0,0.0,0.0
1230,Eredivisie (NL),1001078,Ofosu Boakye,O. Boakye,2007-07-10,10.63,2.78,2.38,1,1,0,1.0,1.0,0.0,0.0,0.0,0.0,4.42,1.2,0.0,0.0,0.0,,0.0,0.0,,0.0,0.0,0.0,0.0,0.0,0.0,0.0,0.0,0.0,,,,0.0,0.0,0.0,0.0,0.0,0.0,,0.0,0.0,,0.0,0.0,,0.0,
1230,Eredivisie (NL),1021955,Yassir Salah Rahmouni,Y. Salah Rahmouni,2006-06-13,43.63,12.64,12.39,20,20,0,375.0,18.75,15.0,80.0,0.7,0.05,4.2,1.34,253.0,12.65,11.1,87.75,0.15,0.1,66.67,10.8,65.0,3.25,2.85,0.75,0.7,0.45,0.1,0.05,50.0,87.69,93.33,0.45,0.4,0.0,0.05,0.1,0.05,50.0,0.2,0.0,0.0,0.6,0.25,41.67,0.05,8.33
1230,Eredivisie (NL),1022254,Moussa Gbemou,G. Moussa,2007-09-09,15.4,3.68,3.69,3,3,0,22.0,7.33,5.0,68.18,0.33,0.0,3.58,1.12,14.0,4.67,3.67,78.57,0.0,0.0,,4.0,1.0,0.33,0.33,0.0,0.0,0.33,0.0,0.0,,100.0,,0.0,0.67,0.0,0.0,0.0,0.0,,0.33,0.0,0.0,0.33,0.0,0.0,0.0,0.0
1230,Eredivisie (NL),1022377,Jesper Tielemans,J. Tielemans,2006-05-17,11.06,5.77,1.87,1,1,0,3.0,3.0,1.0,33.33,2.0,0.0,6.07,1.77,2.0,2.0,1.0,50.0,0.0,0.0,,2.0,0.0,0.0,0.0,0.0,0.0,0.0,0.0,0.0,,,,0.0,0.0,0.0,0.0,0.0,0.0,,0.0,0.0,,0.0,0.0,,0.0,
1230,Eredivisie (NL),1022378,Robin Van Cruijsen,R. Van Cruijsen,2006-02-20,60.18,16.18,18.22,24,22,2,440.0,20.0,13.59,67.96,2.5,0.36,5.17,1.3,267.0,12.14,8.86,73.03,1.86,0.86,46.34,8.18,92.0,4.18,2.73,2.23,1.45,1.32,0.77,0.55,70.59,65.22,65.31,0.91,2.77,0.32,0.5,0.09,0.05,50.0,2.55,0.32,12.5,4.27,0.73,17.02,0.73,17.02
1230,Eredivisie (NL),1022379,Jermaine Rijssel,J. Rijssel,2005-03-25,11.16,3.03,2.39,1,1,0,3.0,3.0,2.0,66.67,2.0,0.0,3.17,1.77,1.0,1.0,1.0,100.0,0.0,0.0,,1.0,0.0,0.0,0.0,0.0,0.0,0.0,0.0,0.0,,,,0.0,0.0,0.0,0.0,0.0,0.0,,0.0,0.0,,0.0,0.0,,0.0,
1230,Eredivisie (NL),1022381,Pepijn Reulen,P. Reulen,2008-06-01,24.22,7.0,5.81,16,15,1,67.0,4.47,1.93,43.28,0.8,0.07,5.27,1.45,32.0,2.13,0.93,43.75,0.67,0.4,60.0,1.0,14.0,0.93,0.53,0.6,0.33,0.2,0.2,0.07,33.33,57.14,55.56,0.2,0.33,0.13,0.07,0.0,0.0,,0.73,0.13,18.18,0.93,0.13,14.29,0.13,14.29
1230,Eredivisie (NL),1022383,Sam De Laat,S. De Laat,2006-06-12,,,,1,0,1,,,,,,,,,,,,,,,,,,,,,,,,,,,,,,,,,,,,,,,,,,
1230,Eredivisie (NL),1022394,Ayoni  Santos,A. Santos,2005-07-18,65.53,18.82,19.58,24,24,0,605.0,25.21,17.79,70.58,2.12,0.08,7.31,1.91,374.0,15.58,11.54,74.06,1.21,0.42,34.48,11.75,182.0,7.58,5.08,4.67,2.88,2.5,1.62,0.92,56.41,67.03,61.61,0.58,1.71,0.33,0.88,0.25,0.04,16.67,2.04,0.46,22.45,3.75,1.0,26.67,0.5,13.33
1230,Eredivisie (NL),1022471,Neville Ogidi Nwankwo,N. Ogidi Nwankwo,2002-10-08,84.57,20.93,24.52,26,25,1,699.0,27.96,21.76,77.83,0.92,0.08,6.12,1.76,399.0,15.96,13.52,84.71,0.52,0.28,53.85,14.96,183.0,7.32,6.0,2.84,2.12,1.6,0.68,0.52,76.47,81.97,74.65,0.08,1.4,0.04,0.0,0.44,0.16,36.36,0.6,0.0,0.0,0.96,0.2,20.83,0.0,0.0
1230,Eredivisie (NL),1022473,Rojendro Jeveraino Oudsten,R. Jeveraino Oudsten,2007-11-12,18.88,4.38,5.23,8,8,0,46.0,5.75,4.38,76.09,0.62,0.12,6.65,1.96,27.0,3.38,2.5,74.08,0.0,0.0,,2.62,11.0,1.38,1.38,0.5,0.5,0.25,0.12,0.12,100.0,100.0,100.0,0.0,0.62,0.0,0.38,0.0,0.0,,0.12,0.0,0.0,0.62,0.38,60.0,0.0,0.0
1230,Eredivisie (NL),1022474,Giannino Vianello,G. Vianello,2007-06-10,65.75,18.93,20.15,5,5,0,187.0,37.4,26.6,71.12,1.6,0.0,3.82,1.28,136.0,27.2,20.4,75.0,1.2,0.4,33.33,24.2,30.0,6.0,4.6,3.4,2.4,1.4,1.2,0.4,33.33,76.67,70.59,0.0,0.4,0.0,0.2,0.4,0.4,100.0,1.8,0.8,44.45,2.4,0.4,16.67,0.2,8.34
1230,Eredivisie (NL),1022538,Mark Hoekstra,M. Hoekstra,2006-02-10,17.13,4.04,3.68,3,3,0,20.0,6.67,3.33,50.0,0.33,0.0,7.22,2.0,13.0,4.33,2.33,53.84,0.33,0.0,0.0,3.0,7.0,2.33,1.33,1.33,0.67,0.33,0.33,0.33,100.0,57.14,50.0,0.33,1.0,0.0,1.0,0.0,0.0,,0.67,0.0,0.0,1.0,0.33,33.33,0.0,0.0
1230,Eredivisie (NL),1022540,Jismerai Dillema,J. Dillema,2007-02-14,5.75,1.88,1.48,1,1,0,0.0,0.0,0.0,,0.0,0.0,,,0.0,0.0,0.0,,0.0,0.0,,0.0,0.0,0.0,0.0,0.0,0.0,0.0,0.0,0.0,,,,0.0,0.0,0.0,0.0,0.0,0.0,,0.0,0.0,,0.0,0.0,,0.0,
1230,Eredivisie (NL),1023434,David van der Werff,D. van der Werff,2004-08-31,64.47,17.9,18.88,33,32,1,773.0,24.16,15.47,64.04,3.5,0.25,5.0,1.48,560.0,17.5,11.84,67.68,1.56,0.66,42.0,14.09,158.0,4.94,3.28,3.28,2.06,1.22,1.0,0.53,53.12,66.46,62.86,0.69,1.84,0.22,0.62,0.56,0.31,55.56,2.31,0.31,13.51,4.03,0.72,17.83,0.94,23.26
1230,Eredivisie (NL),1023959,Nigel Ogidi Nwankwo,N. Nwankwo,1998-08-04,28.74,7.86,8.7,5,4,1,45.0,11.25,7.5,66.67,1.0,0.25,7.11,1.82,26.0,6.5,4.5,69.23,0.5,0.25,50.0,5.5,14.0,3.5,1.5,1.5,0.25,0.75,0.5,0.0,0.0,42.86,16.67,0.0,0.5,0.0,0.25,0.25,0.0,0.0,0.75,0.0,0.0,1.25,0.5,40.0,0.5,40.0
1230,Eredivisie (NL),1024200,Jayden Candelaria,J. Candelaria,2004-03-02,26.06,5.83,7.31,8,7,1,49.0,7.0,3.71,53.06,0.71,0.0,2.63,0.99,29.0,4.14,2.57,62.07,0.71,0.29,40.0,3.43,4.0,0.57,0.29,0.29,0.0,0.0,0.0,0.0,,50.0,0.0,0.0,0.57,0.0,0.0,0.0,0.0,,0.71,0.0,0.0,0.71,0.14,20.0,0.0,0.0
1230,Eredivisie (NL),1024250,Nolhan Courtens,N. Courtens,2006-12-20,15.49,3.16,5.35,5,4,1,16.0,4.0,3.0,75.0,0.25,0.0,4.11,1.26,9.0,2.25,1.75,77.78,0.5,0.25,50.0,1.25,2.0,0.5,0.5,0.25,0.25,0.25,0.25,0.25,100.0,100.0,100.0,0.25,0.0,0.0,0.0,0.0,0.0,,0.5,0.0,0.0,0.75,0.0,0.0,0.0,0.0
1230,Eredivisie (NL),1030821,Amin  Laoukili,A. Laoukili,2005-01-14,5.42,1.3,0.82,1,1,0,1.0,1.0,0.0,0.0,1.0,0.0,0.0,0.0,1.0,1.0,0.0,0.0,0.0,0.0,,0.0,0.0,0.0,0.0,0.0,0.0,0.0,0.0,0.0,,,,0.0,0.0,0.0,0.0,0.0,0.0,,0.0,0.0,,0.0,0.0,,0.0,
1230,Eredivisie (NL),1032144,Sil Blokhuis,S. Blokhuis,2008-03-18,7.54,2.01,2.45,2,2,0,4.0,2.0,1.0,50.0,1.0,0.5,9.65,2.75,4.0,2.0,1.0,50.0,0.0,0.0,,1.5,1.0,0.5,0.0,0.5,0.0,0.0,0.0,0.0,,0.0,0.0,0.0,0.0,0.5,0.0,0.0,0.0,,0.0,0.0,,1.0,0.5,50.0,0.5,50.0
1230,Eredivisie (NL),1032145,Jeppe Wijnreder,J. Wijnreder,2006-02-07,9.86,2.4,2.09,1,1,0,4.0,4.0,3.0,75.0,0.0,0.0,7.71,1.58,1.0,1.0,1.0,100.0,0.0,0.0,,1.0,1.0,1.0,1.0,1.0,1.0,0.0,0.0,0.0,,100.0,100.0,0.0,0.0,0.0,0.0,0.0,0.0,,0.0,0.0,,0.0,0.0,,0.0,
1230,Eredivisie (NL),1032249,Noa El Hamdaoui,N. El Hamdaoui,,20.48,7.47,5.87,1,1,0,4.0,4.0,4.0,100.0,0.0,0.0,5.95,1.38,3.0,3.0,3.0,100.0,0.0,0.0,,2.0,1.0,1.0,1.0,1.0,1.0,0.0,0.0,0.0,,100.0,100.0,1.0,2.0,0.0,0.0,0.0,0.0,,0.0,0.0,,0.0,0.0,,0.0,
1230,Eredivisie (NL),1032767,Bendeguz Kovacs,B. Kovacs,2007-03-31,13.25,3.67,2.39,3,3,0,12.0,4.0,1.33,33.33,1.33,0.0,2.83,0.9,8.0,2.67,1.33,50.0,1.33,0.67,50.0,0.67,2.0,0.67,0.67,0.67,0.67,0.0,0.0,0.0,,100.0,100.0,1.0,0.33,0.33,0.0,0.0,0.0,,1.67,0.0,0.0,2.0,0.67,33.33,1.33,66.67
1230,Eredivisie (NL),1036656,Younes Jaber el Meftahi,Y. Jaber el Meftahi,2007-10-11,40.47,6.68,15.78,1,1,0,16.0,16.0,6.0,37.5,2.0,0.0,5.39,1.8,3.0,3.0,1.0,33.33,0.0,0.0,,3.0,5.0,5.0,2.0,1.0,0.0,0.0,0.0,0.0,,40.0,0.0,0.0,1.0,0.0,0.0,0.0,0.0,,0.0,0.0,,0.0,0.0,,0.0,
1230,Eredivisie (NL),1039618,Ryan Metu,R. Metu,2008-08-28,20.07,4.97,4.85,8,8,0,41.0,5.12,2.25,43.9,0.75,0.0,13.91,3.76,32.0,4.0,2.12,53.13,0.25,0.0,0.0,3.12,26.0,3.25,1.38,2.12,0.5,0.25,0.25,0.0,0.0,42.31,23.53,0.12,0.5,0.0,0.75,0.38,0.12,33.33,0.38,0.12,33.33,0.88,0.25,28.57,0.0,0.0
1230,Eredivisie (NL),1041486,Kevin Kers,K. Kers,2006-01-04,21.05,4.73,6.14,1,1,0,3.0,3.0,1.0,33.33,1.0,0.0,0.69,0.3,2.0,2.0,0.0,0.0,1.0,0.0,0.0,0.0,0.0,0.0,0.0,0.0,0.0,0.0,0.0,0.0,,,,1.0,1.0,0.0,0.0,0.0,0.0,,1.0,0.0,0.0,1.0,0.0,0.0,0.0,0.0
1230,Eredivisie (NL),1058972,Nigel Groenewald,N. Groenewald,2007-02-01,10.45,3.58,2.19,1,1,0,4.0,4.0,3.0,75.0,0.0,0.0,2.31,1.12,3.0,3.0,2.0,66.67,1.0,0.0,0.0,2.0,0.0,0.0,0.0,0.0,0.0,0.0,0.0,0.0,,,,0.0,1.0,0.0,0.0,0.0,0.0,,1.0,0.0,0.0,1.0,0.0,0.0,0.0,0.0
1230,Eredivisie (NL),1066871,Ilai Grootfaam,I. Grootfaam,2010-03-15,10.38,2.61,3.2,1,1,0,3.0,3.0,2.0,66.67,0.0,0.0,1.4,1.1,2.0,2.0,2.0,100.0,1.0,1.0,100.0,1.0,0.0,0.0,0.0,0.0,0.0,0.0,0.0,0.0,,,,0.0,0.0,0.0,0.0,0.0,0.0,,1.0,0.0,0.0,1.0,0.0,0.0,1.0,100.0
1230,Eredivisie (NL),1067278,Tarik Hamamioglu,T. Hamamioglu,2008-08-01,13.4,3.46,2.79,2,2,0,3.0,1.5,0.5,33.33,0.5,0.0,5.39,1.63,1.0,0.5,0.0,0.0,0.0,0.0,,0.5,1.0,0.5,0.0,0.0,0.0,0.0,0.0,0.0,,0.0,,0.0,0.5,0.0,0.0,0.0,0.0,,0.0,0.0,,0.0,0.0,,0.0,
1230,Eredivisie (NL),1067665,Gani Buyukhan,G. Buyukhan,2009-10-07,2.38,0.82,0.7,1,1,0,2.0,2.0,1.0,50.0,0.0,0.0,2.92,1.05,0.0,0.0,0.0,,0.0,0.0,,0.0,0.0,0.0,0.0,0.0,0.0,0.0,0.0,0.0,,,,0.0,0.0,0.0,0.0,0.0,0.0,,0.0,0.0,,0.0,0.0,,0.0,
1230,Eredivisie (NL),1067666,Rodney Kroeze,R. Kroeze,2004-02-27,22.9,7.12,3.92,1,1,0,18.0,18.0,13.0,72.22,1.0,0.0,2.95,1.11,11.0,11.0,10.0,90.91,0.0,0.0,,9.0,1.0,1.0,1.0,1.0,1.0,0.0,0.0,0.0,,100.0,100.0,0.0,1.0,0.0,0.0,0.0,0.0,,1.0,0.0,0.0,2.0,0.0,0.0,0.0,0.0
